ISO-10303-21;
HEADER;
FILE_DESCRIPTION(('STEP AP214'),
    '1');
FILE_NAME('PLSS (DS1004-xx1 CONNFLY)',
    '',
    ('UNSPECIFIED'),
    ('UNSPECIFIED'),
    'ASCON STEP Converter 1.6',
    'ASCON Math Kernel',
    '');
FILE_SCHEMA(('AUTOMOTIVE_DESIGN { 1 0 10303 214 3 1 1}'));
ENDSEC;

DATA;
#1=SHAPE_REPRESENTATION('NONE',(#2),#6);
#2=AXIS2_PLACEMENT_3D('',#3,#4,#5);
#3=CARTESIAN_POINT('',(0.,0.,0.));
#4=DIRECTION('',(0.,0.,1.));
#5=DIRECTION('',(1.,0.,0.));
#6=(GEOMETRIC_REPRESENTATION_CONTEXT(3)GLOBAL_UNCERTAINTY_ASSIGNED_CONTEXT((#8))
GLOBAL_UNIT_ASSIGNED_CONTEXT((#7,#9,#10))REPRESENTATION_CONTEXT('NONE','NONE'));
#7=(LENGTH_UNIT()NAMED_UNIT(*)SI_UNIT(.MILLI.,.METRE.));
#8=UNCERTAINTY_MEASURE_WITH_UNIT(LENGTH_MEASURE(1.E-005),#7,'NONE','NONE');
#9=(NAMED_UNIT(*)PLANE_ANGLE_UNIT()SI_UNIT($,.RADIAN.));
#10=(NAMED_UNIT(*)SI_UNIT($,.STERADIAN.)SOLID_ANGLE_UNIT());
#11=SHAPE_DEFINITION_REPRESENTATION(#12,#1);
#12=PRODUCT_DEFINITION_SHAPE('NONE','NONE',#13);
#13=PRODUCT_DEFINITION('','UNSPECIFIED',#14,#22);
#14=PRODUCT_DEFINITION_FORMATION_WITH_SPECIFIED_SOURCE('ANY','UNSPECIFIED',#15,.NOT_KNOWN.);
#15=PRODUCT('','PLSS (DS1004-xx1 CONNFLY)','NONE',(#25));
#16=PERSON('UNSPECIFIED','dima','UNSPECIFIED',('UNSPECIFIED'),('UNSPECIFIED'),('UNSPECIFIED'));
#17=ORGANIZATION('UNSPECIFIED','UNSPECIFIED','UNSPECIFIED');
#18=PERSON_AND_ORGANIZATION(#16,#17);
#19=PERSON_AND_ORGANIZATION_ROLE('design_owner');
#20=CC_DESIGN_PERSON_AND_ORGANIZATION_ASSIGNMENT(#18,#19,(#15));
#21=PRODUCT_RELATED_PRODUCT_CATEGORY('detail','',(#15));
#22=DESIGN_CONTEXT('detailed design',#23,'design');
#23=APPLICATION_CONTEXT('configuration controlled 3d designs of mechanical parts and assemblies');
#24=APPLICATION_PROTOCOL_DEFINITION('international standard','automotive_design',
2011,#23);
#25=MECHANICAL_CONTEXT('NONE',#23,'mechanical');
#26=CC_DESIGN_DATE_AND_TIME_ASSIGNMENT(#27,#31,(#13));
#27=DATE_AND_TIME(#28,#29);
#28=CALENDAR_DATE(0,1,1);
#29=LOCAL_TIME(0,0,0.,#30);
#30=COORDINATED_UNIVERSAL_TIME_OFFSET(0,0,.AHEAD.);
#31=DATE_TIME_ROLE('creation_date');
#32=CC_DESIGN_APPROVAL(#33,(#13));
#33=APPROVAL(#34,'UNSPECIFIED');
#34=APPROVAL_STATUS('not_yet_approved');
#35=APPROVAL_DATE_TIME(#36,#33);
#36=DATE_AND_TIME(#37,#38);
#37=CALENDAR_DATE(0,1,1);
#38=LOCAL_TIME(0,0,0.,#39);
#39=COORDINATED_UNIVERSAL_TIME_OFFSET(0,0,.AHEAD.);
#40=MANIFOLD_SOLID_BREP('',#41);
#41=CLOSED_SHELL('',(#303,#312,#321,#330,#339,#348,#357,#366,#375,#384,#393,#402,
#411,#420,#429,#438,#447,#456,#465,#474,#483,#492,#501,#510,#519,#528,#537,#546,
#555,#564,#573,#582,#591,#600,#609,#618,#627,#636,#645,#654,#663,#672,#681,#690,
#699,#708,#717,#726,#735,#744,#753,#762,#771,#780,#789,#798,#807,#816,#825,#834,
#843,#852,#861,#870,#879,#888,#897,#906,#915,#924,#933,#942,#951,#960,#969,#978,
#987,#996,#1005,#1014,#1023,#1032,#1041,#1050,#1059,#1068,#1077,#1086,#1095,#1104,
#1113,#1122,#1131,#1140,#1149,#1158,#1167,#1176,#1185,#1194,#1203,#1212,#1221,#1230,
#1239,#1248,#1257,#1266,#1275,#1284,#1293,#1302,#1311,#1320,#1329,#1338,#1347,#1356,
#1365,#1374,#1383,#1392,#1401,#1410,#1419,#1428,#1437,#1446,#1455,#1464,#1473,#1482,
#1491,#1500,#1509,#1518,#1527,#1536,#1545,#1554,#1563,#1572,#1581,#1590,#1599,#1608,
#1617,#1626,#1635,#1644,#1653,#1662,#1671,#1680,#1689,#1698,#1707,#1716,#1725,#1734,
#1743,#1752,#1761,#1770,#1779,#1788,#1797,#1806,#1815,#1824,#1833,#1842,#1851,#1860,
#1869,#1878,#1887,#1896,#1905,#1914,#1923,#1932,#1941,#1950,#1959,#1968,#1977,#1986,
#1995,#2004,#2013,#2022,#2031,#2040,#2049,#2058,#2067,#2076,#2085,#2094,#2103,#2112,
#2121,#2130,#2139,#2148,#2157,#2166,#2175,#2184,#2193,#2202,#2211,#2220,#2229,#2238,
#2247,#2256,#2265,#2274,#2283,#2292,#2301,#2310,#2319,#2328,#2337,#2346,#2355,#2364,
#2373,#2382,#2391,#2400,#2409,#2418,#2427,#2436,#2445,#2454,#2463,#2472,#2481,#2490,
#2499,#2508,#2517,#2526,#2535,#2544,#2553,#2562,#2571,#2580,#2589,#2598,#2607,#2616,
#2625,#2634,#2643,#2652,#2661,#2670,#2679,#2688,#2697,#2706,#2715,#2724,#2733,#2742,
#2751,#2760,#2769,#2778,#2787,#2796,#2805,#2814,#2823));
#42=COLOUR_RGB('',0.156862745098039,0.156862745098039,0.156862745098039);
#43=FILL_AREA_STYLE_COLOUR('',#42);
#44=FILL_AREA_STYLE($,(#43));
#45=SURFACE_STYLE_FILL_AREA(#44);
#46=SURFACE_SIDE_STYLE('',(#45));
#47=SURFACE_STYLE_USAGE(.BOTH.,#46);
#48=PRESENTATION_STYLE_ASSIGNMENT((#47));
#49=MECHANICAL_DESIGN_GEOMETRIC_PRESENTATION_REPRESENTATION('NONE',(#50,#60,#70,
#80,#90,#100,#110,#120,#130,#140,#150,#160,#170,#180,#190,#200,#210,#220,#230,#240,
#250,#260,#270,#280,#290,#300,#311,#320,#329,#338,#347,#356,#365,#374,#383,#392,
#401,#410,#419,#428,#437,#446,#455,#464,#473,#482,#491,#500,#509,#518,#527,#536,
#545,#554,#563,#572,#581,#590,#599,#608,#617,#626,#635,#644,#653,#662,#671,#680,
#689,#698,#707,#716,#725,#734,#743,#752,#761,#770,#779,#788,#797,#806,#815,#824,
#833,#842,#851,#860,#869,#878,#887,#896,#905,#914,#923,#932,#941,#950,#959,#968,
#977,#986,#995,#1004,#1013,#1022,#1031,#1040,#1049,#1058,#1067,#1076,#1085,#1094,
#1103,#1112,#1121,#1130,#1139,#1148,#1157,#1166,#1175,#1184,#1193,#1202,#1211,#1220,
#1229,#1238,#1247,#1256,#1265,#1274,#1283,#1292,#1301,#1310,#1319,#1328,#1337,#1346,
#1355,#1364,#1373,#1382,#1391,#1400,#1409,#1418,#1427,#1436,#1445,#1454,#1463,#1472,
#1481,#1490,#1499,#1508,#1517,#1526,#1535,#1544,#1553,#1562,#1571,#1580,#1589,#1598,
#1607,#1616,#1625,#1634,#1643,#1652,#1661,#1670,#1679,#1688,#1697,#1706,#1715,#1724,
#1733,#1742,#1751,#1760,#1769,#1778,#1787,#1796,#1805,#1814,#1823,#1832,#1841,#1850,
#1859,#1868,#1877,#1886,#1895,#1904,#1913,#1922,#1931,#1940,#1949,#1958,#1967,#1976,
#1985,#1994,#2003,#2012,#2021,#2030,#2039,#2048,#2057,#2066,#2075,#2084,#2093,#2102,
#2111,#2120,#2129,#2138,#2147,#2156,#2165,#2174,#2183,#2192,#2201,#2210,#2219,#2228,
#2237,#2246,#2255,#2264,#2273,#2282,#2291,#2300,#2309,#2318,#2327,#2336,#2345,#2354,
#2363,#2372,#2381,#2390,#2399,#2408,#2417,#2426,#2435,#2444,#2453,#2462,#2471,#2480,
#2489,#2498,#2507,#2516,#2525,#2534,#2543,#2552,#2561,#2570,#2579,#2588,#2597,#2606,
#2615,#2624,#2633,#2642,#2651,#2660,#2669,#2678,#2687,#2696,#2705,#2714,#2723,#2732,
#2741,#2750,#2759,#2768,#2777,#2786,#2795,#2804,#2813,#2822,#2831,#2840,#2849,#2858,
#2867,#2876,#2885,#2894,#2903,#2912,#2921,#2930,#2939,#2948,#2957,#2966,#2975,#2984,
#2993,#3002,#3011,#3020,#3029,#3038,#3047,#3056,#3065,#3074,#3083,#3092,#3101,#3110,
#3119,#3128,#3137,#3146,#3155,#3164,#3173,#3182,#3191,#3200,#3209,#3218,#3227,#3236,
#3245,#3254,#3263,#3272,#3281,#3290,#3299,#3308,#3317,#3326,#3335,#3344,#3353,#3362,
#3371,#3380,#3389,#3398,#3407,#3416,#3425,#3434,#3443,#3452,#3461,#3470,#3479,#3488,
#3497,#3506,#3515,#3524,#3533,#3542,#3551,#3560,#3569,#3578,#3587,#3596,#3605,#3614,
#3623,#3632,#3641,#3650,#3659,#3668,#3677,#3686,#3695,#3704,#3713,#3722,#3731,#3740,
#3749,#3758,#3767,#3776,#3785,#3794,#3803,#3812,#3821,#3830,#3839,#3848,#3857,#3866,
#3875,#3884,#3893,#3902,#3911,#3920,#3929,#3938,#3947,#3956,#3965,#3974,#3983,#3992,
#4001,#4010,#4019,#4028,#4037,#4046,#4055,#4064,#4073,#4082,#4091,#4100,#4109,#4118,
#4127,#4136,#4145,#4154,#4163,#4172,#4181,#4190,#4199,#4208,#4217,#4226,#4235,#4244,
#4253,#4262,#4271,#4280,#4289,#4298,#4307,#4316,#4325,#4334,#4343,#4352,#4361,#4370,
#4379,#4388,#4397,#4406,#4415,#4424,#4433,#4442,#4451,#4460,#4469,#4478,#4487,#4496,
#4505,#4514,#4523,#4532,#4541,#4550,#4559,#4568,#4577,#4586,#4595,#4604,#4613,#4622,
#4631,#4640,#4649,#4658,#4667,#4676,#4685,#4694,#4703,#4712,#4721,#4730,#4739,#4748,
#4757,#4766,#4775,#4784,#4793,#4802,#4811,#4820,#4829,#4838,#4847,#4856),#6);
#50=STYLED_ITEM('',(#48),#40);
#51=MANIFOLD_SOLID_BREP('',#52);
#52=CLOSED_SHELL('',(#2832,#2841,#2850,#2859,#2868,#2877,#2886,#2895,#2904));
#53=COLOUR_RGB('',0.156862745098039,0.156862745098039,0.156862745098039);
#54=FILL_AREA_STYLE_COLOUR('',#53);
#55=FILL_AREA_STYLE($,(#54));
#56=SURFACE_STYLE_FILL_AREA(#55);
#57=SURFACE_SIDE_STYLE('',(#56));
#58=SURFACE_STYLE_USAGE(.BOTH.,#57);
#59=PRESENTATION_STYLE_ASSIGNMENT((#58));
#60=STYLED_ITEM('',(#59),#51);
#61=MANIFOLD_SOLID_BREP('',#62);
#62=CLOSED_SHELL('',(#2913,#2922,#2931,#2940,#2949,#2958,#2967,#2976,#2985));
#63=COLOUR_RGB('',0.156862745098039,0.156862745098039,0.156862745098039);
#64=FILL_AREA_STYLE_COLOUR('',#63);
#65=FILL_AREA_STYLE($,(#64));
#66=SURFACE_STYLE_FILL_AREA(#65);
#67=SURFACE_SIDE_STYLE('',(#66));
#68=SURFACE_STYLE_USAGE(.BOTH.,#67);
#69=PRESENTATION_STYLE_ASSIGNMENT((#68));
#70=STYLED_ITEM('',(#69),#61);
#71=MANIFOLD_SOLID_BREP('',#72);
#72=CLOSED_SHELL('',(#2994,#3003,#3012,#3021,#3030,#3039,#3048,#3057,#3066));
#73=COLOUR_RGB('',0.156862745098039,0.156862745098039,0.156862745098039);
#74=FILL_AREA_STYLE_COLOUR('',#73);
#75=FILL_AREA_STYLE($,(#74));
#76=SURFACE_STYLE_FILL_AREA(#75);
#77=SURFACE_SIDE_STYLE('',(#76));
#78=SURFACE_STYLE_USAGE(.BOTH.,#77);
#79=PRESENTATION_STYLE_ASSIGNMENT((#78));
#80=STYLED_ITEM('',(#79),#71);
#81=MANIFOLD_SOLID_BREP('',#82);
#82=CLOSED_SHELL('',(#3075,#3084,#3093,#3102,#3111,#3120,#3129,#3138,#3147));
#83=COLOUR_RGB('',0.156862745098039,0.156862745098039,0.156862745098039);
#84=FILL_AREA_STYLE_COLOUR('',#83);
#85=FILL_AREA_STYLE($,(#84));
#86=SURFACE_STYLE_FILL_AREA(#85);
#87=SURFACE_SIDE_STYLE('',(#86));
#88=SURFACE_STYLE_USAGE(.BOTH.,#87);
#89=PRESENTATION_STYLE_ASSIGNMENT((#88));
#90=STYLED_ITEM('',(#89),#81);
#91=MANIFOLD_SOLID_BREP('',#92);
#92=CLOSED_SHELL('',(#3156,#3165,#3174,#3183,#3192,#3201,#3210,#3219,#3228));
#93=COLOUR_RGB('',0.156862745098039,0.156862745098039,0.156862745098039);
#94=FILL_AREA_STYLE_COLOUR('',#93);
#95=FILL_AREA_STYLE($,(#94));
#96=SURFACE_STYLE_FILL_AREA(#95);
#97=SURFACE_SIDE_STYLE('',(#96));
#98=SURFACE_STYLE_USAGE(.BOTH.,#97);
#99=PRESENTATION_STYLE_ASSIGNMENT((#98));
#100=STYLED_ITEM('',(#99),#91);
#101=MANIFOLD_SOLID_BREP('',#102);
#102=CLOSED_SHELL('',(#3237,#3246,#3255,#3264,#3273,#3282,#3291,#3300,#3309));
#103=COLOUR_RGB('',0.156862745098039,0.156862745098039,0.156862745098039);
#104=FILL_AREA_STYLE_COLOUR('',#103);
#105=FILL_AREA_STYLE($,(#104));
#106=SURFACE_STYLE_FILL_AREA(#105);
#107=SURFACE_SIDE_STYLE('',(#106));
#108=SURFACE_STYLE_USAGE(.BOTH.,#107);
#109=PRESENTATION_STYLE_ASSIGNMENT((#108));
#110=STYLED_ITEM('',(#109),#101);
#111=MANIFOLD_SOLID_BREP('',#112);
#112=CLOSED_SHELL('',(#3318,#3327,#3336,#3345,#3354,#3363,#3372,#3381,#3390));
#113=COLOUR_RGB('',0.156862745098039,0.156862745098039,0.156862745098039);
#114=FILL_AREA_STYLE_COLOUR('',#113);
#115=FILL_AREA_STYLE($,(#114));
#116=SURFACE_STYLE_FILL_AREA(#115);
#117=SURFACE_SIDE_STYLE('',(#116));
#118=SURFACE_STYLE_USAGE(.BOTH.,#117);
#119=PRESENTATION_STYLE_ASSIGNMENT((#118));
#120=STYLED_ITEM('',(#119),#111);
#121=MANIFOLD_SOLID_BREP('',#122);
#122=CLOSED_SHELL('',(#3399,#3408,#3417,#3426,#3435,#3444,#3453,#3462,#3471));
#123=COLOUR_RGB('',0.156862745098039,0.156862745098039,0.156862745098039);
#124=FILL_AREA_STYLE_COLOUR('',#123);
#125=FILL_AREA_STYLE($,(#124));
#126=SURFACE_STYLE_FILL_AREA(#125);
#127=SURFACE_SIDE_STYLE('',(#126));
#128=SURFACE_STYLE_USAGE(.BOTH.,#127);
#129=PRESENTATION_STYLE_ASSIGNMENT((#128));
#130=STYLED_ITEM('',(#129),#121);
#131=MANIFOLD_SOLID_BREP('',#132);
#132=CLOSED_SHELL('',(#3480,#3489,#3498,#3507,#3516,#3525,#3534,#3543,#3552));
#133=COLOUR_RGB('',0.156862745098039,0.156862745098039,0.156862745098039);
#134=FILL_AREA_STYLE_COLOUR('',#133);
#135=FILL_AREA_STYLE($,(#134));
#136=SURFACE_STYLE_FILL_AREA(#135);
#137=SURFACE_SIDE_STYLE('',(#136));
#138=SURFACE_STYLE_USAGE(.BOTH.,#137);
#139=PRESENTATION_STYLE_ASSIGNMENT((#138));
#140=STYLED_ITEM('',(#139),#131);
#141=MANIFOLD_SOLID_BREP('',#142);
#142=CLOSED_SHELL('',(#3561,#3570,#3579,#3588,#3597,#3606,#3615,#3624,#3633));
#143=COLOUR_RGB('',0.156862745098039,0.156862745098039,0.156862745098039);
#144=FILL_AREA_STYLE_COLOUR('',#143);
#145=FILL_AREA_STYLE($,(#144));
#146=SURFACE_STYLE_FILL_AREA(#145);
#147=SURFACE_SIDE_STYLE('',(#146));
#148=SURFACE_STYLE_USAGE(.BOTH.,#147);
#149=PRESENTATION_STYLE_ASSIGNMENT((#148));
#150=STYLED_ITEM('',(#149),#141);
#151=MANIFOLD_SOLID_BREP('',#152);
#152=CLOSED_SHELL('',(#3642,#3651,#3660,#3669,#3678,#3687,#3696,#3705,#3714));
#153=COLOUR_RGB('',0.156862745098039,0.156862745098039,0.156862745098039);
#154=FILL_AREA_STYLE_COLOUR('',#153);
#155=FILL_AREA_STYLE($,(#154));
#156=SURFACE_STYLE_FILL_AREA(#155);
#157=SURFACE_SIDE_STYLE('',(#156));
#158=SURFACE_STYLE_USAGE(.BOTH.,#157);
#159=PRESENTATION_STYLE_ASSIGNMENT((#158));
#160=STYLED_ITEM('',(#159),#151);
#161=MANIFOLD_SOLID_BREP('',#162);
#162=CLOSED_SHELL('',(#3723,#3732,#3741,#3750,#3759,#3768,#3777,#3786,#3795));
#163=COLOUR_RGB('',0.156862745098039,0.156862745098039,0.156862745098039);
#164=FILL_AREA_STYLE_COLOUR('',#163);
#165=FILL_AREA_STYLE($,(#164));
#166=SURFACE_STYLE_FILL_AREA(#165);
#167=SURFACE_SIDE_STYLE('',(#166));
#168=SURFACE_STYLE_USAGE(.BOTH.,#167);
#169=PRESENTATION_STYLE_ASSIGNMENT((#168));
#170=STYLED_ITEM('',(#169),#161);
#171=MANIFOLD_SOLID_BREP('',#172);
#172=CLOSED_SHELL('',(#3804,#3813,#3822,#3831,#3840,#3849,#3858,#3867,#3876));
#173=COLOUR_RGB('',0.156862745098039,0.156862745098039,0.156862745098039);
#174=FILL_AREA_STYLE_COLOUR('',#173);
#175=FILL_AREA_STYLE($,(#174));
#176=SURFACE_STYLE_FILL_AREA(#175);
#177=SURFACE_SIDE_STYLE('',(#176));
#178=SURFACE_STYLE_USAGE(.BOTH.,#177);
#179=PRESENTATION_STYLE_ASSIGNMENT((#178));
#180=STYLED_ITEM('',(#179),#171);
#181=MANIFOLD_SOLID_BREP('',#182);
#182=CLOSED_SHELL('',(#3885,#3894,#3903,#3912,#3921,#3930,#3939,#3948,#3957));
#183=COLOUR_RGB('',0.156862745098039,0.156862745098039,0.156862745098039);
#184=FILL_AREA_STYLE_COLOUR('',#183);
#185=FILL_AREA_STYLE($,(#184));
#186=SURFACE_STYLE_FILL_AREA(#185);
#187=SURFACE_SIDE_STYLE('',(#186));
#188=SURFACE_STYLE_USAGE(.BOTH.,#187);
#189=PRESENTATION_STYLE_ASSIGNMENT((#188));
#190=STYLED_ITEM('',(#189),#181);
#191=MANIFOLD_SOLID_BREP('',#192);
#192=CLOSED_SHELL('',(#3966,#3975,#3984,#3993,#4002,#4011,#4020,#4029,#4038));
#193=COLOUR_RGB('',0.156862745098039,0.156862745098039,0.156862745098039);
#194=FILL_AREA_STYLE_COLOUR('',#193);
#195=FILL_AREA_STYLE($,(#194));
#196=SURFACE_STYLE_FILL_AREA(#195);
#197=SURFACE_SIDE_STYLE('',(#196));
#198=SURFACE_STYLE_USAGE(.BOTH.,#197);
#199=PRESENTATION_STYLE_ASSIGNMENT((#198));
#200=STYLED_ITEM('',(#199),#191);
#201=MANIFOLD_SOLID_BREP('',#202);
#202=CLOSED_SHELL('',(#4047,#4056,#4065,#4074,#4083,#4092,#4101,#4110,#4119));
#203=COLOUR_RGB('',0.156862745098039,0.156862745098039,0.156862745098039);
#204=FILL_AREA_STYLE_COLOUR('',#203);
#205=FILL_AREA_STYLE($,(#204));
#206=SURFACE_STYLE_FILL_AREA(#205);
#207=SURFACE_SIDE_STYLE('',(#206));
#208=SURFACE_STYLE_USAGE(.BOTH.,#207);
#209=PRESENTATION_STYLE_ASSIGNMENT((#208));
#210=STYLED_ITEM('',(#209),#201);
#211=MANIFOLD_SOLID_BREP('',#212);
#212=CLOSED_SHELL('',(#4128,#4137,#4146,#4155,#4164,#4173,#4182,#4191,#4200));
#213=COLOUR_RGB('',0.156862745098039,0.156862745098039,0.156862745098039);
#214=FILL_AREA_STYLE_COLOUR('',#213);
#215=FILL_AREA_STYLE($,(#214));
#216=SURFACE_STYLE_FILL_AREA(#215);
#217=SURFACE_SIDE_STYLE('',(#216));
#218=SURFACE_STYLE_USAGE(.BOTH.,#217);
#219=PRESENTATION_STYLE_ASSIGNMENT((#218));
#220=STYLED_ITEM('',(#219),#211);
#221=MANIFOLD_SOLID_BREP('',#222);
#222=CLOSED_SHELL('',(#4209,#4218,#4227,#4236,#4245,#4254,#4263,#4272,#4281));
#223=COLOUR_RGB('',0.156862745098039,0.156862745098039,0.156862745098039);
#224=FILL_AREA_STYLE_COLOUR('',#223);
#225=FILL_AREA_STYLE($,(#224));
#226=SURFACE_STYLE_FILL_AREA(#225);
#227=SURFACE_SIDE_STYLE('',(#226));
#228=SURFACE_STYLE_USAGE(.BOTH.,#227);
#229=PRESENTATION_STYLE_ASSIGNMENT((#228));
#230=STYLED_ITEM('',(#229),#221);
#231=MANIFOLD_SOLID_BREP('',#232);
#232=CLOSED_SHELL('',(#4290,#4299,#4308,#4317,#4326,#4335,#4344,#4353,#4362));
#233=COLOUR_RGB('',0.156862745098039,0.156862745098039,0.156862745098039);
#234=FILL_AREA_STYLE_COLOUR('',#233);
#235=FILL_AREA_STYLE($,(#234));
#236=SURFACE_STYLE_FILL_AREA(#235);
#237=SURFACE_SIDE_STYLE('',(#236));
#238=SURFACE_STYLE_USAGE(.BOTH.,#237);
#239=PRESENTATION_STYLE_ASSIGNMENT((#238));
#240=STYLED_ITEM('',(#239),#231);
#241=MANIFOLD_SOLID_BREP('',#242);
#242=CLOSED_SHELL('',(#4371,#4380,#4389,#4398,#4407,#4416,#4425,#4434,#4443));
#243=COLOUR_RGB('',0.156862745098039,0.156862745098039,0.156862745098039);
#244=FILL_AREA_STYLE_COLOUR('',#243);
#245=FILL_AREA_STYLE($,(#244));
#246=SURFACE_STYLE_FILL_AREA(#245);
#247=SURFACE_SIDE_STYLE('',(#246));
#248=SURFACE_STYLE_USAGE(.BOTH.,#247);
#249=PRESENTATION_STYLE_ASSIGNMENT((#248));
#250=STYLED_ITEM('',(#249),#241);
#251=MANIFOLD_SOLID_BREP('',#252);
#252=CLOSED_SHELL('',(#4452,#4461,#4470,#4479,#4488,#4497,#4506,#4515,#4524));
#253=COLOUR_RGB('',0.156862745098039,0.156862745098039,0.156862745098039);
#254=FILL_AREA_STYLE_COLOUR('',#253);
#255=FILL_AREA_STYLE($,(#254));
#256=SURFACE_STYLE_FILL_AREA(#255);
#257=SURFACE_SIDE_STYLE('',(#256));
#258=SURFACE_STYLE_USAGE(.BOTH.,#257);
#259=PRESENTATION_STYLE_ASSIGNMENT((#258));
#260=STYLED_ITEM('',(#259),#251);
#261=MANIFOLD_SOLID_BREP('',#262);
#262=CLOSED_SHELL('',(#4533,#4542,#4551,#4560,#4569,#4578,#4587,#4596,#4605));
#263=COLOUR_RGB('',0.156862745098039,0.156862745098039,0.156862745098039);
#264=FILL_AREA_STYLE_COLOUR('',#263);
#265=FILL_AREA_STYLE($,(#264));
#266=SURFACE_STYLE_FILL_AREA(#265);
#267=SURFACE_SIDE_STYLE('',(#266));
#268=SURFACE_STYLE_USAGE(.BOTH.,#267);
#269=PRESENTATION_STYLE_ASSIGNMENT((#268));
#270=STYLED_ITEM('',(#269),#261);
#271=MANIFOLD_SOLID_BREP('',#272);
#272=CLOSED_SHELL('',(#4614,#4623,#4632,#4641,#4650,#4659,#4668,#4677,#4686));
#273=COLOUR_RGB('',0.156862745098039,0.156862745098039,0.156862745098039);
#274=FILL_AREA_STYLE_COLOUR('',#273);
#275=FILL_AREA_STYLE($,(#274));
#276=SURFACE_STYLE_FILL_AREA(#275);
#277=SURFACE_SIDE_STYLE('',(#276));
#278=SURFACE_STYLE_USAGE(.BOTH.,#277);
#279=PRESENTATION_STYLE_ASSIGNMENT((#278));
#280=STYLED_ITEM('',(#279),#271);
#281=MANIFOLD_SOLID_BREP('',#282);
#282=CLOSED_SHELL('',(#4695,#4704,#4713,#4722,#4731,#4740,#4749,#4758,#4767));
#283=COLOUR_RGB('',0.156862745098039,0.156862745098039,0.156862745098039);
#284=FILL_AREA_STYLE_COLOUR('',#283);
#285=FILL_AREA_STYLE($,(#284));
#286=SURFACE_STYLE_FILL_AREA(#285);
#287=SURFACE_SIDE_STYLE('',(#286));
#288=SURFACE_STYLE_USAGE(.BOTH.,#287);
#289=PRESENTATION_STYLE_ASSIGNMENT((#288));
#290=STYLED_ITEM('',(#289),#281);
#291=MANIFOLD_SOLID_BREP('',#292);
#292=CLOSED_SHELL('',(#4776,#4785,#4794,#4803,#4812,#4821,#4830,#4839,#4848));
#293=COLOUR_RGB('',0.156862745098039,0.156862745098039,0.156862745098039);
#294=FILL_AREA_STYLE_COLOUR('',#293);
#295=FILL_AREA_STYLE($,(#294));
#296=SURFACE_STYLE_FILL_AREA(#295);
#297=SURFACE_SIDE_STYLE('',(#296));
#298=SURFACE_STYLE_USAGE(.BOTH.,#297);
#299=PRESENTATION_STYLE_ASSIGNMENT((#298));
#300=STYLED_ITEM('',(#299),#291);
#301=ADVANCED_BREP_SHAPE_REPRESENTATION('NONE',(#40,#51,#61,#71,#81,#91,#101,#111,
#121,#131,#141,#151,#161,#171,#181,#191,#201,#211,#221,#231,#241,#251,#261,#271,
#281,#291),#6);
#302=SHAPE_REPRESENTATION_RELATIONSHIP('','',#1,#301);
#303=ADVANCED_FACE('',(#4857,#4859),#4861,.F.);
#304=COLOUR_RGB('',0.156862745098039,0.156862745098039,0.156862745098039);
#305=FILL_AREA_STYLE_COLOUR('',#304);
#306=FILL_AREA_STYLE($,(#305));
#307=SURFACE_STYLE_FILL_AREA(#306);
#308=SURFACE_SIDE_STYLE('',(#307));
#309=SURFACE_STYLE_USAGE(.BOTH.,#308);
#310=PRESENTATION_STYLE_ASSIGNMENT((#309));
#311=STYLED_ITEM('',(#310),#303);
#312=ADVANCED_FACE('',(#4866,#4868),#4870,.F.);
#313=COLOUR_RGB('',0.156862745098039,0.156862745098039,0.156862745098039);
#314=FILL_AREA_STYLE_COLOUR('',#313);
#315=FILL_AREA_STYLE($,(#314));
#316=SURFACE_STYLE_FILL_AREA(#315);
#317=SURFACE_SIDE_STYLE('',(#316));
#318=SURFACE_STYLE_USAGE(.BOTH.,#317);
#319=PRESENTATION_STYLE_ASSIGNMENT((#318));
#320=STYLED_ITEM('',(#319),#312);
#321=ADVANCED_FACE('',(#4875,#4877),#4879,.F.);
#322=COLOUR_RGB('',0.156862745098039,0.156862745098039,0.156862745098039);
#323=FILL_AREA_STYLE_COLOUR('',#322);
#324=FILL_AREA_STYLE($,(#323));
#325=SURFACE_STYLE_FILL_AREA(#324);
#326=SURFACE_SIDE_STYLE('',(#325));
#327=SURFACE_STYLE_USAGE(.BOTH.,#326);
#328=PRESENTATION_STYLE_ASSIGNMENT((#327));
#329=STYLED_ITEM('',(#328),#321);
#330=ADVANCED_FACE('',(#4884,#4886),#4888,.F.);
#331=COLOUR_RGB('',0.156862745098039,0.156862745098039,0.156862745098039);
#332=FILL_AREA_STYLE_COLOUR('',#331);
#333=FILL_AREA_STYLE($,(#332));
#334=SURFACE_STYLE_FILL_AREA(#333);
#335=SURFACE_SIDE_STYLE('',(#334));
#336=SURFACE_STYLE_USAGE(.BOTH.,#335);
#337=PRESENTATION_STYLE_ASSIGNMENT((#336));
#338=STYLED_ITEM('',(#337),#330);
#339=ADVANCED_FACE('',(#4893,#4895),#4897,.F.);
#340=COLOUR_RGB('',0.156862745098039,0.156862745098039,0.156862745098039);
#341=FILL_AREA_STYLE_COLOUR('',#340);
#342=FILL_AREA_STYLE($,(#341));
#343=SURFACE_STYLE_FILL_AREA(#342);
#344=SURFACE_SIDE_STYLE('',(#343));
#345=SURFACE_STYLE_USAGE(.BOTH.,#344);
#346=PRESENTATION_STYLE_ASSIGNMENT((#345));
#347=STYLED_ITEM('',(#346),#339);
#348=ADVANCED_FACE('',(#4902,#4904),#4906,.F.);
#349=COLOUR_RGB('',0.156862745098039,0.156862745098039,0.156862745098039);
#350=FILL_AREA_STYLE_COLOUR('',#349);
#351=FILL_AREA_STYLE($,(#350));
#352=SURFACE_STYLE_FILL_AREA(#351);
#353=SURFACE_SIDE_STYLE('',(#352));
#354=SURFACE_STYLE_USAGE(.BOTH.,#353);
#355=PRESENTATION_STYLE_ASSIGNMENT((#354));
#356=STYLED_ITEM('',(#355),#348);
#357=ADVANCED_FACE('',(#4911,#4913),#4915,.F.);
#358=COLOUR_RGB('',0.156862745098039,0.156862745098039,0.156862745098039);
#359=FILL_AREA_STYLE_COLOUR('',#358);
#360=FILL_AREA_STYLE($,(#359));
#361=SURFACE_STYLE_FILL_AREA(#360);
#362=SURFACE_SIDE_STYLE('',(#361));
#363=SURFACE_STYLE_USAGE(.BOTH.,#362);
#364=PRESENTATION_STYLE_ASSIGNMENT((#363));
#365=STYLED_ITEM('',(#364),#357);
#366=ADVANCED_FACE('',(#4920,#4922),#4924,.F.);
#367=COLOUR_RGB('',0.156862745098039,0.156862745098039,0.156862745098039);
#368=FILL_AREA_STYLE_COLOUR('',#367);
#369=FILL_AREA_STYLE($,(#368));
#370=SURFACE_STYLE_FILL_AREA(#369);
#371=SURFACE_SIDE_STYLE('',(#370));
#372=SURFACE_STYLE_USAGE(.BOTH.,#371);
#373=PRESENTATION_STYLE_ASSIGNMENT((#372));
#374=STYLED_ITEM('',(#373),#366);
#375=ADVANCED_FACE('',(#4929,#4931),#4933,.F.);
#376=COLOUR_RGB('',0.156862745098039,0.156862745098039,0.156862745098039);
#377=FILL_AREA_STYLE_COLOUR('',#376);
#378=FILL_AREA_STYLE($,(#377));
#379=SURFACE_STYLE_FILL_AREA(#378);
#380=SURFACE_SIDE_STYLE('',(#379));
#381=SURFACE_STYLE_USAGE(.BOTH.,#380);
#382=PRESENTATION_STYLE_ASSIGNMENT((#381));
#383=STYLED_ITEM('',(#382),#375);
#384=ADVANCED_FACE('',(#4938,#4940),#4942,.F.);
#385=COLOUR_RGB('',0.156862745098039,0.156862745098039,0.156862745098039);
#386=FILL_AREA_STYLE_COLOUR('',#385);
#387=FILL_AREA_STYLE($,(#386));
#388=SURFACE_STYLE_FILL_AREA(#387);
#389=SURFACE_SIDE_STYLE('',(#388));
#390=SURFACE_STYLE_USAGE(.BOTH.,#389);
#391=PRESENTATION_STYLE_ASSIGNMENT((#390));
#392=STYLED_ITEM('',(#391),#384);
#393=ADVANCED_FACE('',(#4947,#4949),#4951,.F.);
#394=COLOUR_RGB('',0.156862745098039,0.156862745098039,0.156862745098039);
#395=FILL_AREA_STYLE_COLOUR('',#394);
#396=FILL_AREA_STYLE($,(#395));
#397=SURFACE_STYLE_FILL_AREA(#396);
#398=SURFACE_SIDE_STYLE('',(#397));
#399=SURFACE_STYLE_USAGE(.BOTH.,#398);
#400=PRESENTATION_STYLE_ASSIGNMENT((#399));
#401=STYLED_ITEM('',(#400),#393);
#402=ADVANCED_FACE('',(#4956,#4958),#4960,.F.);
#403=COLOUR_RGB('',0.156862745098039,0.156862745098039,0.156862745098039);
#404=FILL_AREA_STYLE_COLOUR('',#403);
#405=FILL_AREA_STYLE($,(#404));
#406=SURFACE_STYLE_FILL_AREA(#405);
#407=SURFACE_SIDE_STYLE('',(#406));
#408=SURFACE_STYLE_USAGE(.BOTH.,#407);
#409=PRESENTATION_STYLE_ASSIGNMENT((#408));
#410=STYLED_ITEM('',(#409),#402);
#411=ADVANCED_FACE('',(#4965,#4967),#4969,.F.);
#412=COLOUR_RGB('',0.156862745098039,0.156862745098039,0.156862745098039);
#413=FILL_AREA_STYLE_COLOUR('',#412);
#414=FILL_AREA_STYLE($,(#413));
#415=SURFACE_STYLE_FILL_AREA(#414);
#416=SURFACE_SIDE_STYLE('',(#415));
#417=SURFACE_STYLE_USAGE(.BOTH.,#416);
#418=PRESENTATION_STYLE_ASSIGNMENT((#417));
#419=STYLED_ITEM('',(#418),#411);
#420=ADVANCED_FACE('',(#4974,#4976),#4978,.F.);
#421=COLOUR_RGB('',0.156862745098039,0.156862745098039,0.156862745098039);
#422=FILL_AREA_STYLE_COLOUR('',#421);
#423=FILL_AREA_STYLE($,(#422));
#424=SURFACE_STYLE_FILL_AREA(#423);
#425=SURFACE_SIDE_STYLE('',(#424));
#426=SURFACE_STYLE_USAGE(.BOTH.,#425);
#427=PRESENTATION_STYLE_ASSIGNMENT((#426));
#428=STYLED_ITEM('',(#427),#420);
#429=ADVANCED_FACE('',(#4983,#4985),#4987,.F.);
#430=COLOUR_RGB('',0.156862745098039,0.156862745098039,0.156862745098039);
#431=FILL_AREA_STYLE_COLOUR('',#430);
#432=FILL_AREA_STYLE($,(#431));
#433=SURFACE_STYLE_FILL_AREA(#432);
#434=SURFACE_SIDE_STYLE('',(#433));
#435=SURFACE_STYLE_USAGE(.BOTH.,#434);
#436=PRESENTATION_STYLE_ASSIGNMENT((#435));
#437=STYLED_ITEM('',(#436),#429);
#438=ADVANCED_FACE('',(#4992,#4994),#4996,.F.);
#439=COLOUR_RGB('',0.156862745098039,0.156862745098039,0.156862745098039);
#440=FILL_AREA_STYLE_COLOUR('',#439);
#441=FILL_AREA_STYLE($,(#440));
#442=SURFACE_STYLE_FILL_AREA(#441);
#443=SURFACE_SIDE_STYLE('',(#442));
#444=SURFACE_STYLE_USAGE(.BOTH.,#443);
#445=PRESENTATION_STYLE_ASSIGNMENT((#444));
#446=STYLED_ITEM('',(#445),#438);
#447=ADVANCED_FACE('',(#5001,#5003),#5005,.F.);
#448=COLOUR_RGB('',0.156862745098039,0.156862745098039,0.156862745098039);
#449=FILL_AREA_STYLE_COLOUR('',#448);
#450=FILL_AREA_STYLE($,(#449));
#451=SURFACE_STYLE_FILL_AREA(#450);
#452=SURFACE_SIDE_STYLE('',(#451));
#453=SURFACE_STYLE_USAGE(.BOTH.,#452);
#454=PRESENTATION_STYLE_ASSIGNMENT((#453));
#455=STYLED_ITEM('',(#454),#447);
#456=ADVANCED_FACE('',(#5010,#5012),#5014,.F.);
#457=COLOUR_RGB('',0.156862745098039,0.156862745098039,0.156862745098039);
#458=FILL_AREA_STYLE_COLOUR('',#457);
#459=FILL_AREA_STYLE($,(#458));
#460=SURFACE_STYLE_FILL_AREA(#459);
#461=SURFACE_SIDE_STYLE('',(#460));
#462=SURFACE_STYLE_USAGE(.BOTH.,#461);
#463=PRESENTATION_STYLE_ASSIGNMENT((#462));
#464=STYLED_ITEM('',(#463),#456);
#465=ADVANCED_FACE('',(#5019,#5021),#5023,.F.);
#466=COLOUR_RGB('',0.156862745098039,0.156862745098039,0.156862745098039);
#467=FILL_AREA_STYLE_COLOUR('',#466);
#468=FILL_AREA_STYLE($,(#467));
#469=SURFACE_STYLE_FILL_AREA(#468);
#470=SURFACE_SIDE_STYLE('',(#469));
#471=SURFACE_STYLE_USAGE(.BOTH.,#470);
#472=PRESENTATION_STYLE_ASSIGNMENT((#471));
#473=STYLED_ITEM('',(#472),#465);
#474=ADVANCED_FACE('',(#5028,#5030),#5032,.F.);
#475=COLOUR_RGB('',0.156862745098039,0.156862745098039,0.156862745098039);
#476=FILL_AREA_STYLE_COLOUR('',#475);
#477=FILL_AREA_STYLE($,(#476));
#478=SURFACE_STYLE_FILL_AREA(#477);
#479=SURFACE_SIDE_STYLE('',(#478));
#480=SURFACE_STYLE_USAGE(.BOTH.,#479);
#481=PRESENTATION_STYLE_ASSIGNMENT((#480));
#482=STYLED_ITEM('',(#481),#474);
#483=ADVANCED_FACE('',(#5037,#5039),#5041,.F.);
#484=COLOUR_RGB('',0.156862745098039,0.156862745098039,0.156862745098039);
#485=FILL_AREA_STYLE_COLOUR('',#484);
#486=FILL_AREA_STYLE($,(#485));
#487=SURFACE_STYLE_FILL_AREA(#486);
#488=SURFACE_SIDE_STYLE('',(#487));
#489=SURFACE_STYLE_USAGE(.BOTH.,#488);
#490=PRESENTATION_STYLE_ASSIGNMENT((#489));
#491=STYLED_ITEM('',(#490),#483);
#492=ADVANCED_FACE('',(#5046,#5048),#5050,.F.);
#493=COLOUR_RGB('',0.156862745098039,0.156862745098039,0.156862745098039);
#494=FILL_AREA_STYLE_COLOUR('',#493);
#495=FILL_AREA_STYLE($,(#494));
#496=SURFACE_STYLE_FILL_AREA(#495);
#497=SURFACE_SIDE_STYLE('',(#496));
#498=SURFACE_STYLE_USAGE(.BOTH.,#497);
#499=PRESENTATION_STYLE_ASSIGNMENT((#498));
#500=STYLED_ITEM('',(#499),#492);
#501=ADVANCED_FACE('',(#5055,#5057),#5059,.F.);
#502=COLOUR_RGB('',0.156862745098039,0.156862745098039,0.156862745098039);
#503=FILL_AREA_STYLE_COLOUR('',#502);
#504=FILL_AREA_STYLE($,(#503));
#505=SURFACE_STYLE_FILL_AREA(#504);
#506=SURFACE_SIDE_STYLE('',(#505));
#507=SURFACE_STYLE_USAGE(.BOTH.,#506);
#508=PRESENTATION_STYLE_ASSIGNMENT((#507));
#509=STYLED_ITEM('',(#508),#501);
#510=ADVANCED_FACE('',(#5064,#5066),#5068,.F.);
#511=COLOUR_RGB('',0.156862745098039,0.156862745098039,0.156862745098039);
#512=FILL_AREA_STYLE_COLOUR('',#511);
#513=FILL_AREA_STYLE($,(#512));
#514=SURFACE_STYLE_FILL_AREA(#513);
#515=SURFACE_SIDE_STYLE('',(#514));
#516=SURFACE_STYLE_USAGE(.BOTH.,#515);
#517=PRESENTATION_STYLE_ASSIGNMENT((#516));
#518=STYLED_ITEM('',(#517),#510);
#519=ADVANCED_FACE('',(#5073,#5075,#5077,#5079,#5081,#5083,#5085,#5087,#5089,#5091,
#5093,#5095,#5097,#5099,#5101,#5103,#5105,#5107,#5109,#5111,#5113,#5115,#5117,#5119,
#5121,#5123),#5125,.T.);
#520=COLOUR_RGB('',0.156862745098039,0.156862745098039,0.156862745098039);
#521=FILL_AREA_STYLE_COLOUR('',#520);
#522=FILL_AREA_STYLE($,(#521));
#523=SURFACE_STYLE_FILL_AREA(#522);
#524=SURFACE_SIDE_STYLE('',(#523));
#525=SURFACE_STYLE_USAGE(.BOTH.,#524);
#526=PRESENTATION_STYLE_ASSIGNMENT((#525));
#527=STYLED_ITEM('',(#526),#519);
#528=ADVANCED_FACE('',(#5130,#5132),#5134,.T.);
#529=COLOUR_RGB('',0.156862745098039,0.156862745098039,0.156862745098039);
#530=FILL_AREA_STYLE_COLOUR('',#529);
#531=FILL_AREA_STYLE($,(#530));
#532=SURFACE_STYLE_FILL_AREA(#531);
#533=SURFACE_SIDE_STYLE('',(#532));
#534=SURFACE_STYLE_USAGE(.BOTH.,#533);
#535=PRESENTATION_STYLE_ASSIGNMENT((#534));
#536=STYLED_ITEM('',(#535),#528);
#537=ADVANCED_FACE('',(#5139,#5141),#5143,.F.);
#538=COLOUR_RGB('',0.156862745098039,0.156862745098039,0.156862745098039);
#539=FILL_AREA_STYLE_COLOUR('',#538);
#540=FILL_AREA_STYLE($,(#539));
#541=SURFACE_STYLE_FILL_AREA(#540);
#542=SURFACE_SIDE_STYLE('',(#541));
#543=SURFACE_STYLE_USAGE(.BOTH.,#542);
#544=PRESENTATION_STYLE_ASSIGNMENT((#543));
#545=STYLED_ITEM('',(#544),#537);
#546=ADVANCED_FACE('',(#5148,#5150),#5152,.T.);
#547=COLOUR_RGB('',0.156862745098039,0.156862745098039,0.156862745098039);
#548=FILL_AREA_STYLE_COLOUR('',#547);
#549=FILL_AREA_STYLE($,(#548));
#550=SURFACE_STYLE_FILL_AREA(#549);
#551=SURFACE_SIDE_STYLE('',(#550));
#552=SURFACE_STYLE_USAGE(.BOTH.,#551);
#553=PRESENTATION_STYLE_ASSIGNMENT((#552));
#554=STYLED_ITEM('',(#553),#546);
#555=ADVANCED_FACE('',(#5157,#5159),#5161,.F.);
#556=COLOUR_RGB('',0.156862745098039,0.156862745098039,0.156862745098039);
#557=FILL_AREA_STYLE_COLOUR('',#556);
#558=FILL_AREA_STYLE($,(#557));
#559=SURFACE_STYLE_FILL_AREA(#558);
#560=SURFACE_SIDE_STYLE('',(#559));
#561=SURFACE_STYLE_USAGE(.BOTH.,#560);
#562=PRESENTATION_STYLE_ASSIGNMENT((#561));
#563=STYLED_ITEM('',(#562),#555);
#564=ADVANCED_FACE('',(#5166,#5168),#5170,.T.);
#565=COLOUR_RGB('',0.156862745098039,0.156862745098039,0.156862745098039);
#566=FILL_AREA_STYLE_COLOUR('',#565);
#567=FILL_AREA_STYLE($,(#566));
#568=SURFACE_STYLE_FILL_AREA(#567);
#569=SURFACE_SIDE_STYLE('',(#568));
#570=SURFACE_STYLE_USAGE(.BOTH.,#569);
#571=PRESENTATION_STYLE_ASSIGNMENT((#570));
#572=STYLED_ITEM('',(#571),#564);
#573=ADVANCED_FACE('',(#5175,#5177),#5179,.F.);
#574=COLOUR_RGB('',0.156862745098039,0.156862745098039,0.156862745098039);
#575=FILL_AREA_STYLE_COLOUR('',#574);
#576=FILL_AREA_STYLE($,(#575));
#577=SURFACE_STYLE_FILL_AREA(#576);
#578=SURFACE_SIDE_STYLE('',(#577));
#579=SURFACE_STYLE_USAGE(.BOTH.,#578);
#580=PRESENTATION_STYLE_ASSIGNMENT((#579));
#581=STYLED_ITEM('',(#580),#573);
#582=ADVANCED_FACE('',(#5184,#5186),#5188,.T.);
#583=COLOUR_RGB('',0.156862745098039,0.156862745098039,0.156862745098039);
#584=FILL_AREA_STYLE_COLOUR('',#583);
#585=FILL_AREA_STYLE($,(#584));
#586=SURFACE_STYLE_FILL_AREA(#585);
#587=SURFACE_SIDE_STYLE('',(#586));
#588=SURFACE_STYLE_USAGE(.BOTH.,#587);
#589=PRESENTATION_STYLE_ASSIGNMENT((#588));
#590=STYLED_ITEM('',(#589),#582);
#591=ADVANCED_FACE('',(#5193,#5195),#5197,.F.);
#592=COLOUR_RGB('',0.156862745098039,0.156862745098039,0.156862745098039);
#593=FILL_AREA_STYLE_COLOUR('',#592);
#594=FILL_AREA_STYLE($,(#593));
#595=SURFACE_STYLE_FILL_AREA(#594);
#596=SURFACE_SIDE_STYLE('',(#595));
#597=SURFACE_STYLE_USAGE(.BOTH.,#596);
#598=PRESENTATION_STYLE_ASSIGNMENT((#597));
#599=STYLED_ITEM('',(#598),#591);
#600=ADVANCED_FACE('',(#5202,#5204),#5206,.T.);
#601=COLOUR_RGB('',0.156862745098039,0.156862745098039,0.156862745098039);
#602=FILL_AREA_STYLE_COLOUR('',#601);
#603=FILL_AREA_STYLE($,(#602));
#604=SURFACE_STYLE_FILL_AREA(#603);
#605=SURFACE_SIDE_STYLE('',(#604));
#606=SURFACE_STYLE_USAGE(.BOTH.,#605);
#607=PRESENTATION_STYLE_ASSIGNMENT((#606));
#608=STYLED_ITEM('',(#607),#600);
#609=ADVANCED_FACE('',(#5211,#5213),#5215,.F.);
#610=COLOUR_RGB('',0.156862745098039,0.156862745098039,0.156862745098039);
#611=FILL_AREA_STYLE_COLOUR('',#610);
#612=FILL_AREA_STYLE($,(#611));
#613=SURFACE_STYLE_FILL_AREA(#612);
#614=SURFACE_SIDE_STYLE('',(#613));
#615=SURFACE_STYLE_USAGE(.BOTH.,#614);
#616=PRESENTATION_STYLE_ASSIGNMENT((#615));
#617=STYLED_ITEM('',(#616),#609);
#618=ADVANCED_FACE('',(#5220,#5222),#5224,.T.);
#619=COLOUR_RGB('',0.156862745098039,0.156862745098039,0.156862745098039);
#620=FILL_AREA_STYLE_COLOUR('',#619);
#621=FILL_AREA_STYLE($,(#620));
#622=SURFACE_STYLE_FILL_AREA(#621);
#623=SURFACE_SIDE_STYLE('',(#622));
#624=SURFACE_STYLE_USAGE(.BOTH.,#623);
#625=PRESENTATION_STYLE_ASSIGNMENT((#624));
#626=STYLED_ITEM('',(#625),#618);
#627=ADVANCED_FACE('',(#5229,#5231),#5233,.F.);
#628=COLOUR_RGB('',0.156862745098039,0.156862745098039,0.156862745098039);
#629=FILL_AREA_STYLE_COLOUR('',#628);
#630=FILL_AREA_STYLE($,(#629));
#631=SURFACE_STYLE_FILL_AREA(#630);
#632=SURFACE_SIDE_STYLE('',(#631));
#633=SURFACE_STYLE_USAGE(.BOTH.,#632);
#634=PRESENTATION_STYLE_ASSIGNMENT((#633));
#635=STYLED_ITEM('',(#634),#627);
#636=ADVANCED_FACE('',(#5238,#5240),#5242,.T.);
#637=COLOUR_RGB('',0.156862745098039,0.156862745098039,0.156862745098039);
#638=FILL_AREA_STYLE_COLOUR('',#637);
#639=FILL_AREA_STYLE($,(#638));
#640=SURFACE_STYLE_FILL_AREA(#639);
#641=SURFACE_SIDE_STYLE('',(#640));
#642=SURFACE_STYLE_USAGE(.BOTH.,#641);
#643=PRESENTATION_STYLE_ASSIGNMENT((#642));
#644=STYLED_ITEM('',(#643),#636);
#645=ADVANCED_FACE('',(#5247,#5249),#5251,.F.);
#646=COLOUR_RGB('',0.156862745098039,0.156862745098039,0.156862745098039);
#647=FILL_AREA_STYLE_COLOUR('',#646);
#648=FILL_AREA_STYLE($,(#647));
#649=SURFACE_STYLE_FILL_AREA(#648);
#650=SURFACE_SIDE_STYLE('',(#649));
#651=SURFACE_STYLE_USAGE(.BOTH.,#650);
#652=PRESENTATION_STYLE_ASSIGNMENT((#651));
#653=STYLED_ITEM('',(#652),#645);
#654=ADVANCED_FACE('',(#5256,#5258),#5260,.T.);
#655=COLOUR_RGB('',0.156862745098039,0.156862745098039,0.156862745098039);
#656=FILL_AREA_STYLE_COLOUR('',#655);
#657=FILL_AREA_STYLE($,(#656));
#658=SURFACE_STYLE_FILL_AREA(#657);
#659=SURFACE_SIDE_STYLE('',(#658));
#660=SURFACE_STYLE_USAGE(.BOTH.,#659);
#661=PRESENTATION_STYLE_ASSIGNMENT((#660));
#662=STYLED_ITEM('',(#661),#654);
#663=ADVANCED_FACE('',(#5265,#5267),#5269,.F.);
#664=COLOUR_RGB('',0.156862745098039,0.156862745098039,0.156862745098039);
#665=FILL_AREA_STYLE_COLOUR('',#664);
#666=FILL_AREA_STYLE($,(#665));
#667=SURFACE_STYLE_FILL_AREA(#666);
#668=SURFACE_SIDE_STYLE('',(#667));
#669=SURFACE_STYLE_USAGE(.BOTH.,#668);
#670=PRESENTATION_STYLE_ASSIGNMENT((#669));
#671=STYLED_ITEM('',(#670),#663);
#672=ADVANCED_FACE('',(#5274,#5276),#5278,.T.);
#673=COLOUR_RGB('',0.156862745098039,0.156862745098039,0.156862745098039);
#674=FILL_AREA_STYLE_COLOUR('',#673);
#675=FILL_AREA_STYLE($,(#674));
#676=SURFACE_STYLE_FILL_AREA(#675);
#677=SURFACE_SIDE_STYLE('',(#676));
#678=SURFACE_STYLE_USAGE(.BOTH.,#677);
#679=PRESENTATION_STYLE_ASSIGNMENT((#678));
#680=STYLED_ITEM('',(#679),#672);
#681=ADVANCED_FACE('',(#5283,#5285),#5287,.F.);
#682=COLOUR_RGB('',0.156862745098039,0.156862745098039,0.156862745098039);
#683=FILL_AREA_STYLE_COLOUR('',#682);
#684=FILL_AREA_STYLE($,(#683));
#685=SURFACE_STYLE_FILL_AREA(#684);
#686=SURFACE_SIDE_STYLE('',(#685));
#687=SURFACE_STYLE_USAGE(.BOTH.,#686);
#688=PRESENTATION_STYLE_ASSIGNMENT((#687));
#689=STYLED_ITEM('',(#688),#681);
#690=ADVANCED_FACE('',(#5292,#5294),#5296,.T.);
#691=COLOUR_RGB('',0.156862745098039,0.156862745098039,0.156862745098039);
#692=FILL_AREA_STYLE_COLOUR('',#691);
#693=FILL_AREA_STYLE($,(#692));
#694=SURFACE_STYLE_FILL_AREA(#693);
#695=SURFACE_SIDE_STYLE('',(#694));
#696=SURFACE_STYLE_USAGE(.BOTH.,#695);
#697=PRESENTATION_STYLE_ASSIGNMENT((#696));
#698=STYLED_ITEM('',(#697),#690);
#699=ADVANCED_FACE('',(#5301,#5303),#5305,.F.);
#700=COLOUR_RGB('',0.156862745098039,0.156862745098039,0.156862745098039);
#701=FILL_AREA_STYLE_COLOUR('',#700);
#702=FILL_AREA_STYLE($,(#701));
#703=SURFACE_STYLE_FILL_AREA(#702);
#704=SURFACE_SIDE_STYLE('',(#703));
#705=SURFACE_STYLE_USAGE(.BOTH.,#704);
#706=PRESENTATION_STYLE_ASSIGNMENT((#705));
#707=STYLED_ITEM('',(#706),#699);
#708=ADVANCED_FACE('',(#5310,#5312),#5314,.T.);
#709=COLOUR_RGB('',0.156862745098039,0.156862745098039,0.156862745098039);
#710=FILL_AREA_STYLE_COLOUR('',#709);
#711=FILL_AREA_STYLE($,(#710));
#712=SURFACE_STYLE_FILL_AREA(#711);
#713=SURFACE_SIDE_STYLE('',(#712));
#714=SURFACE_STYLE_USAGE(.BOTH.,#713);
#715=PRESENTATION_STYLE_ASSIGNMENT((#714));
#716=STYLED_ITEM('',(#715),#708);
#717=ADVANCED_FACE('',(#5319,#5321),#5323,.F.);
#718=COLOUR_RGB('',0.156862745098039,0.156862745098039,0.156862745098039);
#719=FILL_AREA_STYLE_COLOUR('',#718);
#720=FILL_AREA_STYLE($,(#719));
#721=SURFACE_STYLE_FILL_AREA(#720);
#722=SURFACE_SIDE_STYLE('',(#721));
#723=SURFACE_STYLE_USAGE(.BOTH.,#722);
#724=PRESENTATION_STYLE_ASSIGNMENT((#723));
#725=STYLED_ITEM('',(#724),#717);
#726=ADVANCED_FACE('',(#5328,#5330),#5332,.T.);
#727=COLOUR_RGB('',0.156862745098039,0.156862745098039,0.156862745098039);
#728=FILL_AREA_STYLE_COLOUR('',#727);
#729=FILL_AREA_STYLE($,(#728));
#730=SURFACE_STYLE_FILL_AREA(#729);
#731=SURFACE_SIDE_STYLE('',(#730));
#732=SURFACE_STYLE_USAGE(.BOTH.,#731);
#733=PRESENTATION_STYLE_ASSIGNMENT((#732));
#734=STYLED_ITEM('',(#733),#726);
#735=ADVANCED_FACE('',(#5337,#5339),#5341,.F.);
#736=COLOUR_RGB('',0.156862745098039,0.156862745098039,0.156862745098039);
#737=FILL_AREA_STYLE_COLOUR('',#736);
#738=FILL_AREA_STYLE($,(#737));
#739=SURFACE_STYLE_FILL_AREA(#738);
#740=SURFACE_SIDE_STYLE('',(#739));
#741=SURFACE_STYLE_USAGE(.BOTH.,#740);
#742=PRESENTATION_STYLE_ASSIGNMENT((#741));
#743=STYLED_ITEM('',(#742),#735);
#744=ADVANCED_FACE('',(#5346,#5348),#5350,.T.);
#745=COLOUR_RGB('',0.156862745098039,0.156862745098039,0.156862745098039);
#746=FILL_AREA_STYLE_COLOUR('',#745);
#747=FILL_AREA_STYLE($,(#746));
#748=SURFACE_STYLE_FILL_AREA(#747);
#749=SURFACE_SIDE_STYLE('',(#748));
#750=SURFACE_STYLE_USAGE(.BOTH.,#749);
#751=PRESENTATION_STYLE_ASSIGNMENT((#750));
#752=STYLED_ITEM('',(#751),#744);
#753=ADVANCED_FACE('',(#5355,#5357),#5359,.F.);
#754=COLOUR_RGB('',0.156862745098039,0.156862745098039,0.156862745098039);
#755=FILL_AREA_STYLE_COLOUR('',#754);
#756=FILL_AREA_STYLE($,(#755));
#757=SURFACE_STYLE_FILL_AREA(#756);
#758=SURFACE_SIDE_STYLE('',(#757));
#759=SURFACE_STYLE_USAGE(.BOTH.,#758);
#760=PRESENTATION_STYLE_ASSIGNMENT((#759));
#761=STYLED_ITEM('',(#760),#753);
#762=ADVANCED_FACE('',(#5364,#5366),#5368,.T.);
#763=COLOUR_RGB('',0.156862745098039,0.156862745098039,0.156862745098039);
#764=FILL_AREA_STYLE_COLOUR('',#763);
#765=FILL_AREA_STYLE($,(#764));
#766=SURFACE_STYLE_FILL_AREA(#765);
#767=SURFACE_SIDE_STYLE('',(#766));
#768=SURFACE_STYLE_USAGE(.BOTH.,#767);
#769=PRESENTATION_STYLE_ASSIGNMENT((#768));
#770=STYLED_ITEM('',(#769),#762);
#771=ADVANCED_FACE('',(#5373,#5375),#5377,.F.);
#772=COLOUR_RGB('',0.156862745098039,0.156862745098039,0.156862745098039);
#773=FILL_AREA_STYLE_COLOUR('',#772);
#774=FILL_AREA_STYLE($,(#773));
#775=SURFACE_STYLE_FILL_AREA(#774);
#776=SURFACE_SIDE_STYLE('',(#775));
#777=SURFACE_STYLE_USAGE(.BOTH.,#776);
#778=PRESENTATION_STYLE_ASSIGNMENT((#777));
#779=STYLED_ITEM('',(#778),#771);
#780=ADVANCED_FACE('',(#5382,#5384),#5386,.T.);
#781=COLOUR_RGB('',0.156862745098039,0.156862745098039,0.156862745098039);
#782=FILL_AREA_STYLE_COLOUR('',#781);
#783=FILL_AREA_STYLE($,(#782));
#784=SURFACE_STYLE_FILL_AREA(#783);
#785=SURFACE_SIDE_STYLE('',(#784));
#786=SURFACE_STYLE_USAGE(.BOTH.,#785);
#787=PRESENTATION_STYLE_ASSIGNMENT((#786));
#788=STYLED_ITEM('',(#787),#780);
#789=ADVANCED_FACE('',(#5391,#5393),#5395,.F.);
#790=COLOUR_RGB('',0.156862745098039,0.156862745098039,0.156862745098039);
#791=FILL_AREA_STYLE_COLOUR('',#790);
#792=FILL_AREA_STYLE($,(#791));
#793=SURFACE_STYLE_FILL_AREA(#792);
#794=SURFACE_SIDE_STYLE('',(#793));
#795=SURFACE_STYLE_USAGE(.BOTH.,#794);
#796=PRESENTATION_STYLE_ASSIGNMENT((#795));
#797=STYLED_ITEM('',(#796),#789);
#798=ADVANCED_FACE('',(#5400,#5402),#5404,.T.);
#799=COLOUR_RGB('',0.156862745098039,0.156862745098039,0.156862745098039);
#800=FILL_AREA_STYLE_COLOUR('',#799);
#801=FILL_AREA_STYLE($,(#800));
#802=SURFACE_STYLE_FILL_AREA(#801);
#803=SURFACE_SIDE_STYLE('',(#802));
#804=SURFACE_STYLE_USAGE(.BOTH.,#803);
#805=PRESENTATION_STYLE_ASSIGNMENT((#804));
#806=STYLED_ITEM('',(#805),#798);
#807=ADVANCED_FACE('',(#5409,#5411),#5413,.F.);
#808=COLOUR_RGB('',0.156862745098039,0.156862745098039,0.156862745098039);
#809=FILL_AREA_STYLE_COLOUR('',#808);
#810=FILL_AREA_STYLE($,(#809));
#811=SURFACE_STYLE_FILL_AREA(#810);
#812=SURFACE_SIDE_STYLE('',(#811));
#813=SURFACE_STYLE_USAGE(.BOTH.,#812);
#814=PRESENTATION_STYLE_ASSIGNMENT((#813));
#815=STYLED_ITEM('',(#814),#807);
#816=ADVANCED_FACE('',(#5418,#5420),#5422,.T.);
#817=COLOUR_RGB('',0.156862745098039,0.156862745098039,0.156862745098039);
#818=FILL_AREA_STYLE_COLOUR('',#817);
#819=FILL_AREA_STYLE($,(#818));
#820=SURFACE_STYLE_FILL_AREA(#819);
#821=SURFACE_SIDE_STYLE('',(#820));
#822=SURFACE_STYLE_USAGE(.BOTH.,#821);
#823=PRESENTATION_STYLE_ASSIGNMENT((#822));
#824=STYLED_ITEM('',(#823),#816);
#825=ADVANCED_FACE('',(#5427,#5429),#5431,.F.);
#826=COLOUR_RGB('',0.156862745098039,0.156862745098039,0.156862745098039);
#827=FILL_AREA_STYLE_COLOUR('',#826);
#828=FILL_AREA_STYLE($,(#827));
#829=SURFACE_STYLE_FILL_AREA(#828);
#830=SURFACE_SIDE_STYLE('',(#829));
#831=SURFACE_STYLE_USAGE(.BOTH.,#830);
#832=PRESENTATION_STYLE_ASSIGNMENT((#831));
#833=STYLED_ITEM('',(#832),#825);
#834=ADVANCED_FACE('',(#5436,#5438),#5440,.T.);
#835=COLOUR_RGB('',0.156862745098039,0.156862745098039,0.156862745098039);
#836=FILL_AREA_STYLE_COLOUR('',#835);
#837=FILL_AREA_STYLE($,(#836));
#838=SURFACE_STYLE_FILL_AREA(#837);
#839=SURFACE_SIDE_STYLE('',(#838));
#840=SURFACE_STYLE_USAGE(.BOTH.,#839);
#841=PRESENTATION_STYLE_ASSIGNMENT((#840));
#842=STYLED_ITEM('',(#841),#834);
#843=ADVANCED_FACE('',(#5445,#5447),#5449,.F.);
#844=COLOUR_RGB('',0.156862745098039,0.156862745098039,0.156862745098039);
#845=FILL_AREA_STYLE_COLOUR('',#844);
#846=FILL_AREA_STYLE($,(#845));
#847=SURFACE_STYLE_FILL_AREA(#846);
#848=SURFACE_SIDE_STYLE('',(#847));
#849=SURFACE_STYLE_USAGE(.BOTH.,#848);
#850=PRESENTATION_STYLE_ASSIGNMENT((#849));
#851=STYLED_ITEM('',(#850),#843);
#852=ADVANCED_FACE('',(#5454,#5456),#5458,.T.);
#853=COLOUR_RGB('',0.156862745098039,0.156862745098039,0.156862745098039);
#854=FILL_AREA_STYLE_COLOUR('',#853);
#855=FILL_AREA_STYLE($,(#854));
#856=SURFACE_STYLE_FILL_AREA(#855);
#857=SURFACE_SIDE_STYLE('',(#856));
#858=SURFACE_STYLE_USAGE(.BOTH.,#857);
#859=PRESENTATION_STYLE_ASSIGNMENT((#858));
#860=STYLED_ITEM('',(#859),#852);
#861=ADVANCED_FACE('',(#5463,#5465),#5467,.F.);
#862=COLOUR_RGB('',0.156862745098039,0.156862745098039,0.156862745098039);
#863=FILL_AREA_STYLE_COLOUR('',#862);
#864=FILL_AREA_STYLE($,(#863));
#865=SURFACE_STYLE_FILL_AREA(#864);
#866=SURFACE_SIDE_STYLE('',(#865));
#867=SURFACE_STYLE_USAGE(.BOTH.,#866);
#868=PRESENTATION_STYLE_ASSIGNMENT((#867));
#869=STYLED_ITEM('',(#868),#861);
#870=ADVANCED_FACE('',(#5472,#5474),#5476,.T.);
#871=COLOUR_RGB('',0.156862745098039,0.156862745098039,0.156862745098039);
#872=FILL_AREA_STYLE_COLOUR('',#871);
#873=FILL_AREA_STYLE($,(#872));
#874=SURFACE_STYLE_FILL_AREA(#873);
#875=SURFACE_SIDE_STYLE('',(#874));
#876=SURFACE_STYLE_USAGE(.BOTH.,#875);
#877=PRESENTATION_STYLE_ASSIGNMENT((#876));
#878=STYLED_ITEM('',(#877),#870);
#879=ADVANCED_FACE('',(#5481,#5483),#5485,.F.);
#880=COLOUR_RGB('',0.156862745098039,0.156862745098039,0.156862745098039);
#881=FILL_AREA_STYLE_COLOUR('',#880);
#882=FILL_AREA_STYLE($,(#881));
#883=SURFACE_STYLE_FILL_AREA(#882);
#884=SURFACE_SIDE_STYLE('',(#883));
#885=SURFACE_STYLE_USAGE(.BOTH.,#884);
#886=PRESENTATION_STYLE_ASSIGNMENT((#885));
#887=STYLED_ITEM('',(#886),#879);
#888=ADVANCED_FACE('',(#5490,#5492),#5494,.T.);
#889=COLOUR_RGB('',0.156862745098039,0.156862745098039,0.156862745098039);
#890=FILL_AREA_STYLE_COLOUR('',#889);
#891=FILL_AREA_STYLE($,(#890));
#892=SURFACE_STYLE_FILL_AREA(#891);
#893=SURFACE_SIDE_STYLE('',(#892));
#894=SURFACE_STYLE_USAGE(.BOTH.,#893);
#895=PRESENTATION_STYLE_ASSIGNMENT((#894));
#896=STYLED_ITEM('',(#895),#888);
#897=ADVANCED_FACE('',(#5499,#5501),#5503,.F.);
#898=COLOUR_RGB('',0.156862745098039,0.156862745098039,0.156862745098039);
#899=FILL_AREA_STYLE_COLOUR('',#898);
#900=FILL_AREA_STYLE($,(#899));
#901=SURFACE_STYLE_FILL_AREA(#900);
#902=SURFACE_SIDE_STYLE('',(#901));
#903=SURFACE_STYLE_USAGE(.BOTH.,#902);
#904=PRESENTATION_STYLE_ASSIGNMENT((#903));
#905=STYLED_ITEM('',(#904),#897);
#906=ADVANCED_FACE('',(#5508,#5510),#5512,.T.);
#907=COLOUR_RGB('',0.156862745098039,0.156862745098039,0.156862745098039);
#908=FILL_AREA_STYLE_COLOUR('',#907);
#909=FILL_AREA_STYLE($,(#908));
#910=SURFACE_STYLE_FILL_AREA(#909);
#911=SURFACE_SIDE_STYLE('',(#910));
#912=SURFACE_STYLE_USAGE(.BOTH.,#911);
#913=PRESENTATION_STYLE_ASSIGNMENT((#912));
#914=STYLED_ITEM('',(#913),#906);
#915=ADVANCED_FACE('',(#5517,#5519),#5521,.F.);
#916=COLOUR_RGB('',0.156862745098039,0.156862745098039,0.156862745098039);
#917=FILL_AREA_STYLE_COLOUR('',#916);
#918=FILL_AREA_STYLE($,(#917));
#919=SURFACE_STYLE_FILL_AREA(#918);
#920=SURFACE_SIDE_STYLE('',(#919));
#921=SURFACE_STYLE_USAGE(.BOTH.,#920);
#922=PRESENTATION_STYLE_ASSIGNMENT((#921));
#923=STYLED_ITEM('',(#922),#915);
#924=ADVANCED_FACE('',(#5526,#5528),#5530,.T.);
#925=COLOUR_RGB('',0.156862745098039,0.156862745098039,0.156862745098039);
#926=FILL_AREA_STYLE_COLOUR('',#925);
#927=FILL_AREA_STYLE($,(#926));
#928=SURFACE_STYLE_FILL_AREA(#927);
#929=SURFACE_SIDE_STYLE('',(#928));
#930=SURFACE_STYLE_USAGE(.BOTH.,#929);
#931=PRESENTATION_STYLE_ASSIGNMENT((#930));
#932=STYLED_ITEM('',(#931),#924);
#933=ADVANCED_FACE('',(#5535,#5537),#5539,.F.);
#934=COLOUR_RGB('',0.156862745098039,0.156862745098039,0.156862745098039);
#935=FILL_AREA_STYLE_COLOUR('',#934);
#936=FILL_AREA_STYLE($,(#935));
#937=SURFACE_STYLE_FILL_AREA(#936);
#938=SURFACE_SIDE_STYLE('',(#937));
#939=SURFACE_STYLE_USAGE(.BOTH.,#938);
#940=PRESENTATION_STYLE_ASSIGNMENT((#939));
#941=STYLED_ITEM('',(#940),#933);
#942=ADVANCED_FACE('',(#5544,#5546),#5548,.T.);
#943=COLOUR_RGB('',0.156862745098039,0.156862745098039,0.156862745098039);
#944=FILL_AREA_STYLE_COLOUR('',#943);
#945=FILL_AREA_STYLE($,(#944));
#946=SURFACE_STYLE_FILL_AREA(#945);
#947=SURFACE_SIDE_STYLE('',(#946));
#948=SURFACE_STYLE_USAGE(.BOTH.,#947);
#949=PRESENTATION_STYLE_ASSIGNMENT((#948));
#950=STYLED_ITEM('',(#949),#942);
#951=ADVANCED_FACE('',(#5553,#5555),#5557,.F.);
#952=COLOUR_RGB('',0.156862745098039,0.156862745098039,0.156862745098039);
#953=FILL_AREA_STYLE_COLOUR('',#952);
#954=FILL_AREA_STYLE($,(#953));
#955=SURFACE_STYLE_FILL_AREA(#954);
#956=SURFACE_SIDE_STYLE('',(#955));
#957=SURFACE_STYLE_USAGE(.BOTH.,#956);
#958=PRESENTATION_STYLE_ASSIGNMENT((#957));
#959=STYLED_ITEM('',(#958),#951);
#960=ADVANCED_FACE('',(#5562,#5564,#5566,#5568,#5570,#5572,#5574,#5576,#5578,#5580,
#5582,#5584,#5586,#5588,#5590,#5592,#5594,#5596,#5598,#5600,#5602,#5604,#5606,#5608,
#5610,#5612),#5614,.F.);
#961=COLOUR_RGB('',0.156862745098039,0.156862745098039,0.156862745098039);
#962=FILL_AREA_STYLE_COLOUR('',#961);
#963=FILL_AREA_STYLE($,(#962));
#964=SURFACE_STYLE_FILL_AREA(#963);
#965=SURFACE_SIDE_STYLE('',(#964));
#966=SURFACE_STYLE_USAGE(.BOTH.,#965);
#967=PRESENTATION_STYLE_ASSIGNMENT((#966));
#968=STYLED_ITEM('',(#967),#960);
#969=ADVANCED_FACE('',(#5619),#5621,.T.);
#970=COLOUR_RGB('',0.156862745098039,0.156862745098039,0.156862745098039);
#971=FILL_AREA_STYLE_COLOUR('',#970);
#972=FILL_AREA_STYLE($,(#971));
#973=SURFACE_STYLE_FILL_AREA(#972);
#974=SURFACE_SIDE_STYLE('',(#973));
#975=SURFACE_STYLE_USAGE(.BOTH.,#974);
#976=PRESENTATION_STYLE_ASSIGNMENT((#975));
#977=STYLED_ITEM('',(#976),#969);
#978=ADVANCED_FACE('',(#5626),#5628,.T.);
#979=COLOUR_RGB('',0.156862745098039,0.156862745098039,0.156862745098039);
#980=FILL_AREA_STYLE_COLOUR('',#979);
#981=FILL_AREA_STYLE($,(#980));
#982=SURFACE_STYLE_FILL_AREA(#981);
#983=SURFACE_SIDE_STYLE('',(#982));
#984=SURFACE_STYLE_USAGE(.BOTH.,#983);
#985=PRESENTATION_STYLE_ASSIGNMENT((#984));
#986=STYLED_ITEM('',(#985),#978);
#987=ADVANCED_FACE('',(#5633),#5635,.T.);
#988=COLOUR_RGB('',0.156862745098039,0.156862745098039,0.156862745098039);
#989=FILL_AREA_STYLE_COLOUR('',#988);
#990=FILL_AREA_STYLE($,(#989));
#991=SURFACE_STYLE_FILL_AREA(#990);
#992=SURFACE_SIDE_STYLE('',(#991));
#993=SURFACE_STYLE_USAGE(.BOTH.,#992);
#994=PRESENTATION_STYLE_ASSIGNMENT((#993));
#995=STYLED_ITEM('',(#994),#987);
#996=ADVANCED_FACE('',(#5640),#5642,.T.);
#997=COLOUR_RGB('',0.156862745098039,0.156862745098039,0.156862745098039);
#998=FILL_AREA_STYLE_COLOUR('',#997);
#999=FILL_AREA_STYLE($,(#998));
#1000=SURFACE_STYLE_FILL_AREA(#999);
#1001=SURFACE_SIDE_STYLE('',(#1000));
#1002=SURFACE_STYLE_USAGE(.BOTH.,#1001);
#1003=PRESENTATION_STYLE_ASSIGNMENT((#1002));
#1004=STYLED_ITEM('',(#1003),#996);
#1005=ADVANCED_FACE('',(#5647),#5649,.T.);
#1006=COLOUR_RGB('',0.156862745098039,0.156862745098039,0.156862745098039);
#1007=FILL_AREA_STYLE_COLOUR('',#1006);
#1008=FILL_AREA_STYLE($,(#1007));
#1009=SURFACE_STYLE_FILL_AREA(#1008);
#1010=SURFACE_SIDE_STYLE('',(#1009));
#1011=SURFACE_STYLE_USAGE(.BOTH.,#1010);
#1012=PRESENTATION_STYLE_ASSIGNMENT((#1011));
#1013=STYLED_ITEM('',(#1012),#1005);
#1014=ADVANCED_FACE('',(#5654),#5656,.T.);
#1015=COLOUR_RGB('',0.156862745098039,0.156862745098039,0.156862745098039);
#1016=FILL_AREA_STYLE_COLOUR('',#1015);
#1017=FILL_AREA_STYLE($,(#1016));
#1018=SURFACE_STYLE_FILL_AREA(#1017);
#1019=SURFACE_SIDE_STYLE('',(#1018));
#1020=SURFACE_STYLE_USAGE(.BOTH.,#1019);
#1021=PRESENTATION_STYLE_ASSIGNMENT((#1020));
#1022=STYLED_ITEM('',(#1021),#1014);
#1023=ADVANCED_FACE('',(#5661),#5663,.T.);
#1024=COLOUR_RGB('',0.156862745098039,0.156862745098039,0.156862745098039);
#1025=FILL_AREA_STYLE_COLOUR('',#1024);
#1026=FILL_AREA_STYLE($,(#1025));
#1027=SURFACE_STYLE_FILL_AREA(#1026);
#1028=SURFACE_SIDE_STYLE('',(#1027));
#1029=SURFACE_STYLE_USAGE(.BOTH.,#1028);
#1030=PRESENTATION_STYLE_ASSIGNMENT((#1029));
#1031=STYLED_ITEM('',(#1030),#1023);
#1032=ADVANCED_FACE('',(#5668),#5670,.T.);
#1033=COLOUR_RGB('',0.156862745098039,0.156862745098039,0.156862745098039);
#1034=FILL_AREA_STYLE_COLOUR('',#1033);
#1035=FILL_AREA_STYLE($,(#1034));
#1036=SURFACE_STYLE_FILL_AREA(#1035);
#1037=SURFACE_SIDE_STYLE('',(#1036));
#1038=SURFACE_STYLE_USAGE(.BOTH.,#1037);
#1039=PRESENTATION_STYLE_ASSIGNMENT((#1038));
#1040=STYLED_ITEM('',(#1039),#1032);
#1041=ADVANCED_FACE('',(#5675),#5677,.T.);
#1042=COLOUR_RGB('',0.156862745098039,0.156862745098039,0.156862745098039);
#1043=FILL_AREA_STYLE_COLOUR('',#1042);
#1044=FILL_AREA_STYLE($,(#1043));
#1045=SURFACE_STYLE_FILL_AREA(#1044);
#1046=SURFACE_SIDE_STYLE('',(#1045));
#1047=SURFACE_STYLE_USAGE(.BOTH.,#1046);
#1048=PRESENTATION_STYLE_ASSIGNMENT((#1047));
#1049=STYLED_ITEM('',(#1048),#1041);
#1050=ADVANCED_FACE('',(#5682),#5684,.T.);
#1051=COLOUR_RGB('',0.156862745098039,0.156862745098039,0.156862745098039);
#1052=FILL_AREA_STYLE_COLOUR('',#1051);
#1053=FILL_AREA_STYLE($,(#1052));
#1054=SURFACE_STYLE_FILL_AREA(#1053);
#1055=SURFACE_SIDE_STYLE('',(#1054));
#1056=SURFACE_STYLE_USAGE(.BOTH.,#1055);
#1057=PRESENTATION_STYLE_ASSIGNMENT((#1056));
#1058=STYLED_ITEM('',(#1057),#1050);
#1059=ADVANCED_FACE('',(#5689),#5691,.T.);
#1060=COLOUR_RGB('',0.156862745098039,0.156862745098039,0.156862745098039);
#1061=FILL_AREA_STYLE_COLOUR('',#1060);
#1062=FILL_AREA_STYLE($,(#1061));
#1063=SURFACE_STYLE_FILL_AREA(#1062);
#1064=SURFACE_SIDE_STYLE('',(#1063));
#1065=SURFACE_STYLE_USAGE(.BOTH.,#1064);
#1066=PRESENTATION_STYLE_ASSIGNMENT((#1065));
#1067=STYLED_ITEM('',(#1066),#1059);
#1068=ADVANCED_FACE('',(#5696),#5698,.T.);
#1069=COLOUR_RGB('',0.156862745098039,0.156862745098039,0.156862745098039);
#1070=FILL_AREA_STYLE_COLOUR('',#1069);
#1071=FILL_AREA_STYLE($,(#1070));
#1072=SURFACE_STYLE_FILL_AREA(#1071);
#1073=SURFACE_SIDE_STYLE('',(#1072));
#1074=SURFACE_STYLE_USAGE(.BOTH.,#1073);
#1075=PRESENTATION_STYLE_ASSIGNMENT((#1074));
#1076=STYLED_ITEM('',(#1075),#1068);
#1077=ADVANCED_FACE('',(#5703),#5705,.T.);
#1078=COLOUR_RGB('',0.156862745098039,0.156862745098039,0.156862745098039);
#1079=FILL_AREA_STYLE_COLOUR('',#1078);
#1080=FILL_AREA_STYLE($,(#1079));
#1081=SURFACE_STYLE_FILL_AREA(#1080);
#1082=SURFACE_SIDE_STYLE('',(#1081));
#1083=SURFACE_STYLE_USAGE(.BOTH.,#1082);
#1084=PRESENTATION_STYLE_ASSIGNMENT((#1083));
#1085=STYLED_ITEM('',(#1084),#1077);
#1086=ADVANCED_FACE('',(#5710),#5712,.T.);
#1087=COLOUR_RGB('',0.156862745098039,0.156862745098039,0.156862745098039);
#1088=FILL_AREA_STYLE_COLOUR('',#1087);
#1089=FILL_AREA_STYLE($,(#1088));
#1090=SURFACE_STYLE_FILL_AREA(#1089);
#1091=SURFACE_SIDE_STYLE('',(#1090));
#1092=SURFACE_STYLE_USAGE(.BOTH.,#1091);
#1093=PRESENTATION_STYLE_ASSIGNMENT((#1092));
#1094=STYLED_ITEM('',(#1093),#1086);
#1095=ADVANCED_FACE('',(#5717),#5719,.T.);
#1096=COLOUR_RGB('',0.156862745098039,0.156862745098039,0.156862745098039);
#1097=FILL_AREA_STYLE_COLOUR('',#1096);
#1098=FILL_AREA_STYLE($,(#1097));
#1099=SURFACE_STYLE_FILL_AREA(#1098);
#1100=SURFACE_SIDE_STYLE('',(#1099));
#1101=SURFACE_STYLE_USAGE(.BOTH.,#1100);
#1102=PRESENTATION_STYLE_ASSIGNMENT((#1101));
#1103=STYLED_ITEM('',(#1102),#1095);
#1104=ADVANCED_FACE('',(#5724),#5726,.T.);
#1105=COLOUR_RGB('',0.156862745098039,0.156862745098039,0.156862745098039);
#1106=FILL_AREA_STYLE_COLOUR('',#1105);
#1107=FILL_AREA_STYLE($,(#1106));
#1108=SURFACE_STYLE_FILL_AREA(#1107);
#1109=SURFACE_SIDE_STYLE('',(#1108));
#1110=SURFACE_STYLE_USAGE(.BOTH.,#1109);
#1111=PRESENTATION_STYLE_ASSIGNMENT((#1110));
#1112=STYLED_ITEM('',(#1111),#1104);
#1113=ADVANCED_FACE('',(#5731),#5733,.T.);
#1114=COLOUR_RGB('',0.156862745098039,0.156862745098039,0.156862745098039);
#1115=FILL_AREA_STYLE_COLOUR('',#1114);
#1116=FILL_AREA_STYLE($,(#1115));
#1117=SURFACE_STYLE_FILL_AREA(#1116);
#1118=SURFACE_SIDE_STYLE('',(#1117));
#1119=SURFACE_STYLE_USAGE(.BOTH.,#1118);
#1120=PRESENTATION_STYLE_ASSIGNMENT((#1119));
#1121=STYLED_ITEM('',(#1120),#1113);
#1122=ADVANCED_FACE('',(#5738),#5740,.T.);
#1123=COLOUR_RGB('',0.156862745098039,0.156862745098039,0.156862745098039);
#1124=FILL_AREA_STYLE_COLOUR('',#1123);
#1125=FILL_AREA_STYLE($,(#1124));
#1126=SURFACE_STYLE_FILL_AREA(#1125);
#1127=SURFACE_SIDE_STYLE('',(#1126));
#1128=SURFACE_STYLE_USAGE(.BOTH.,#1127);
#1129=PRESENTATION_STYLE_ASSIGNMENT((#1128));
#1130=STYLED_ITEM('',(#1129),#1122);
#1131=ADVANCED_FACE('',(#5745),#5747,.T.);
#1132=COLOUR_RGB('',0.156862745098039,0.156862745098039,0.156862745098039);
#1133=FILL_AREA_STYLE_COLOUR('',#1132);
#1134=FILL_AREA_STYLE($,(#1133));
#1135=SURFACE_STYLE_FILL_AREA(#1134);
#1136=SURFACE_SIDE_STYLE('',(#1135));
#1137=SURFACE_STYLE_USAGE(.BOTH.,#1136);
#1138=PRESENTATION_STYLE_ASSIGNMENT((#1137));
#1139=STYLED_ITEM('',(#1138),#1131);
#1140=ADVANCED_FACE('',(#5752),#5754,.T.);
#1141=COLOUR_RGB('',0.156862745098039,0.156862745098039,0.156862745098039);
#1142=FILL_AREA_STYLE_COLOUR('',#1141);
#1143=FILL_AREA_STYLE($,(#1142));
#1144=SURFACE_STYLE_FILL_AREA(#1143);
#1145=SURFACE_SIDE_STYLE('',(#1144));
#1146=SURFACE_STYLE_USAGE(.BOTH.,#1145);
#1147=PRESENTATION_STYLE_ASSIGNMENT((#1146));
#1148=STYLED_ITEM('',(#1147),#1140);
#1149=ADVANCED_FACE('',(#5759),#5761,.T.);
#1150=COLOUR_RGB('',0.156862745098039,0.156862745098039,0.156862745098039);
#1151=FILL_AREA_STYLE_COLOUR('',#1150);
#1152=FILL_AREA_STYLE($,(#1151));
#1153=SURFACE_STYLE_FILL_AREA(#1152);
#1154=SURFACE_SIDE_STYLE('',(#1153));
#1155=SURFACE_STYLE_USAGE(.BOTH.,#1154);
#1156=PRESENTATION_STYLE_ASSIGNMENT((#1155));
#1157=STYLED_ITEM('',(#1156),#1149);
#1158=ADVANCED_FACE('',(#5766),#5768,.T.);
#1159=COLOUR_RGB('',0.156862745098039,0.156862745098039,0.156862745098039);
#1160=FILL_AREA_STYLE_COLOUR('',#1159);
#1161=FILL_AREA_STYLE($,(#1160));
#1162=SURFACE_STYLE_FILL_AREA(#1161);
#1163=SURFACE_SIDE_STYLE('',(#1162));
#1164=SURFACE_STYLE_USAGE(.BOTH.,#1163);
#1165=PRESENTATION_STYLE_ASSIGNMENT((#1164));
#1166=STYLED_ITEM('',(#1165),#1158);
#1167=ADVANCED_FACE('',(#5773),#5775,.T.);
#1168=COLOUR_RGB('',0.156862745098039,0.156862745098039,0.156862745098039);
#1169=FILL_AREA_STYLE_COLOUR('',#1168);
#1170=FILL_AREA_STYLE($,(#1169));
#1171=SURFACE_STYLE_FILL_AREA(#1170);
#1172=SURFACE_SIDE_STYLE('',(#1171));
#1173=SURFACE_STYLE_USAGE(.BOTH.,#1172);
#1174=PRESENTATION_STYLE_ASSIGNMENT((#1173));
#1175=STYLED_ITEM('',(#1174),#1167);
#1176=ADVANCED_FACE('',(#5780),#5782,.T.);
#1177=COLOUR_RGB('',0.156862745098039,0.156862745098039,0.156862745098039);
#1178=FILL_AREA_STYLE_COLOUR('',#1177);
#1179=FILL_AREA_STYLE($,(#1178));
#1180=SURFACE_STYLE_FILL_AREA(#1179);
#1181=SURFACE_SIDE_STYLE('',(#1180));
#1182=SURFACE_STYLE_USAGE(.BOTH.,#1181);
#1183=PRESENTATION_STYLE_ASSIGNMENT((#1182));
#1184=STYLED_ITEM('',(#1183),#1176);
#1185=ADVANCED_FACE('',(#5787),#5789,.T.);
#1186=COLOUR_RGB('',0.156862745098039,0.156862745098039,0.156862745098039);
#1187=FILL_AREA_STYLE_COLOUR('',#1186);
#1188=FILL_AREA_STYLE($,(#1187));
#1189=SURFACE_STYLE_FILL_AREA(#1188);
#1190=SURFACE_SIDE_STYLE('',(#1189));
#1191=SURFACE_STYLE_USAGE(.BOTH.,#1190);
#1192=PRESENTATION_STYLE_ASSIGNMENT((#1191));
#1193=STYLED_ITEM('',(#1192),#1185);
#1194=ADVANCED_FACE('',(#5794),#5796,.T.);
#1195=COLOUR_RGB('',0.156862745098039,0.156862745098039,0.156862745098039);
#1196=FILL_AREA_STYLE_COLOUR('',#1195);
#1197=FILL_AREA_STYLE($,(#1196));
#1198=SURFACE_STYLE_FILL_AREA(#1197);
#1199=SURFACE_SIDE_STYLE('',(#1198));
#1200=SURFACE_STYLE_USAGE(.BOTH.,#1199);
#1201=PRESENTATION_STYLE_ASSIGNMENT((#1200));
#1202=STYLED_ITEM('',(#1201),#1194);
#1203=ADVANCED_FACE('',(#5801),#5803,.T.);
#1204=COLOUR_RGB('',0.156862745098039,0.156862745098039,0.156862745098039);
#1205=FILL_AREA_STYLE_COLOUR('',#1204);
#1206=FILL_AREA_STYLE($,(#1205));
#1207=SURFACE_STYLE_FILL_AREA(#1206);
#1208=SURFACE_SIDE_STYLE('',(#1207));
#1209=SURFACE_STYLE_USAGE(.BOTH.,#1208);
#1210=PRESENTATION_STYLE_ASSIGNMENT((#1209));
#1211=STYLED_ITEM('',(#1210),#1203);
#1212=ADVANCED_FACE('',(#5808),#5810,.T.);
#1213=COLOUR_RGB('',0.156862745098039,0.156862745098039,0.156862745098039);
#1214=FILL_AREA_STYLE_COLOUR('',#1213);
#1215=FILL_AREA_STYLE($,(#1214));
#1216=SURFACE_STYLE_FILL_AREA(#1215);
#1217=SURFACE_SIDE_STYLE('',(#1216));
#1218=SURFACE_STYLE_USAGE(.BOTH.,#1217);
#1219=PRESENTATION_STYLE_ASSIGNMENT((#1218));
#1220=STYLED_ITEM('',(#1219),#1212);
#1221=ADVANCED_FACE('',(#5815),#5817,.T.);
#1222=COLOUR_RGB('',0.156862745098039,0.156862745098039,0.156862745098039);
#1223=FILL_AREA_STYLE_COLOUR('',#1222);
#1224=FILL_AREA_STYLE($,(#1223));
#1225=SURFACE_STYLE_FILL_AREA(#1224);
#1226=SURFACE_SIDE_STYLE('',(#1225));
#1227=SURFACE_STYLE_USAGE(.BOTH.,#1226);
#1228=PRESENTATION_STYLE_ASSIGNMENT((#1227));
#1229=STYLED_ITEM('',(#1228),#1221);
#1230=ADVANCED_FACE('',(#5822),#5824,.T.);
#1231=COLOUR_RGB('',0.156862745098039,0.156862745098039,0.156862745098039);
#1232=FILL_AREA_STYLE_COLOUR('',#1231);
#1233=FILL_AREA_STYLE($,(#1232));
#1234=SURFACE_STYLE_FILL_AREA(#1233);
#1235=SURFACE_SIDE_STYLE('',(#1234));
#1236=SURFACE_STYLE_USAGE(.BOTH.,#1235);
#1237=PRESENTATION_STYLE_ASSIGNMENT((#1236));
#1238=STYLED_ITEM('',(#1237),#1230);
#1239=ADVANCED_FACE('',(#5829),#5831,.T.);
#1240=COLOUR_RGB('',0.156862745098039,0.156862745098039,0.156862745098039);
#1241=FILL_AREA_STYLE_COLOUR('',#1240);
#1242=FILL_AREA_STYLE($,(#1241));
#1243=SURFACE_STYLE_FILL_AREA(#1242);
#1244=SURFACE_SIDE_STYLE('',(#1243));
#1245=SURFACE_STYLE_USAGE(.BOTH.,#1244);
#1246=PRESENTATION_STYLE_ASSIGNMENT((#1245));
#1247=STYLED_ITEM('',(#1246),#1239);
#1248=ADVANCED_FACE('',(#5836),#5838,.T.);
#1249=COLOUR_RGB('',0.156862745098039,0.156862745098039,0.156862745098039);
#1250=FILL_AREA_STYLE_COLOUR('',#1249);
#1251=FILL_AREA_STYLE($,(#1250));
#1252=SURFACE_STYLE_FILL_AREA(#1251);
#1253=SURFACE_SIDE_STYLE('',(#1252));
#1254=SURFACE_STYLE_USAGE(.BOTH.,#1253);
#1255=PRESENTATION_STYLE_ASSIGNMENT((#1254));
#1256=STYLED_ITEM('',(#1255),#1248);
#1257=ADVANCED_FACE('',(#5843),#5845,.T.);
#1258=COLOUR_RGB('',0.156862745098039,0.156862745098039,0.156862745098039);
#1259=FILL_AREA_STYLE_COLOUR('',#1258);
#1260=FILL_AREA_STYLE($,(#1259));
#1261=SURFACE_STYLE_FILL_AREA(#1260);
#1262=SURFACE_SIDE_STYLE('',(#1261));
#1263=SURFACE_STYLE_USAGE(.BOTH.,#1262);
#1264=PRESENTATION_STYLE_ASSIGNMENT((#1263));
#1265=STYLED_ITEM('',(#1264),#1257);
#1266=ADVANCED_FACE('',(#5850),#5852,.T.);
#1267=COLOUR_RGB('',0.156862745098039,0.156862745098039,0.156862745098039);
#1268=FILL_AREA_STYLE_COLOUR('',#1267);
#1269=FILL_AREA_STYLE($,(#1268));
#1270=SURFACE_STYLE_FILL_AREA(#1269);
#1271=SURFACE_SIDE_STYLE('',(#1270));
#1272=SURFACE_STYLE_USAGE(.BOTH.,#1271);
#1273=PRESENTATION_STYLE_ASSIGNMENT((#1272));
#1274=STYLED_ITEM('',(#1273),#1266);
#1275=ADVANCED_FACE('',(#5857),#5859,.T.);
#1276=COLOUR_RGB('',0.156862745098039,0.156862745098039,0.156862745098039);
#1277=FILL_AREA_STYLE_COLOUR('',#1276);
#1278=FILL_AREA_STYLE($,(#1277));
#1279=SURFACE_STYLE_FILL_AREA(#1278);
#1280=SURFACE_SIDE_STYLE('',(#1279));
#1281=SURFACE_STYLE_USAGE(.BOTH.,#1280);
#1282=PRESENTATION_STYLE_ASSIGNMENT((#1281));
#1283=STYLED_ITEM('',(#1282),#1275);
#1284=ADVANCED_FACE('',(#5864),#5866,.T.);
#1285=COLOUR_RGB('',0.156862745098039,0.156862745098039,0.156862745098039);
#1286=FILL_AREA_STYLE_COLOUR('',#1285);
#1287=FILL_AREA_STYLE($,(#1286));
#1288=SURFACE_STYLE_FILL_AREA(#1287);
#1289=SURFACE_SIDE_STYLE('',(#1288));
#1290=SURFACE_STYLE_USAGE(.BOTH.,#1289);
#1291=PRESENTATION_STYLE_ASSIGNMENT((#1290));
#1292=STYLED_ITEM('',(#1291),#1284);
#1293=ADVANCED_FACE('',(#5871),#5873,.T.);
#1294=COLOUR_RGB('',0.156862745098039,0.156862745098039,0.156862745098039);
#1295=FILL_AREA_STYLE_COLOUR('',#1294);
#1296=FILL_AREA_STYLE($,(#1295));
#1297=SURFACE_STYLE_FILL_AREA(#1296);
#1298=SURFACE_SIDE_STYLE('',(#1297));
#1299=SURFACE_STYLE_USAGE(.BOTH.,#1298);
#1300=PRESENTATION_STYLE_ASSIGNMENT((#1299));
#1301=STYLED_ITEM('',(#1300),#1293);
#1302=ADVANCED_FACE('',(#5878),#5880,.T.);
#1303=COLOUR_RGB('',0.156862745098039,0.156862745098039,0.156862745098039);
#1304=FILL_AREA_STYLE_COLOUR('',#1303);
#1305=FILL_AREA_STYLE($,(#1304));
#1306=SURFACE_STYLE_FILL_AREA(#1305);
#1307=SURFACE_SIDE_STYLE('',(#1306));
#1308=SURFACE_STYLE_USAGE(.BOTH.,#1307);
#1309=PRESENTATION_STYLE_ASSIGNMENT((#1308));
#1310=STYLED_ITEM('',(#1309),#1302);
#1311=ADVANCED_FACE('',(#5885),#5887,.T.);
#1312=COLOUR_RGB('',0.156862745098039,0.156862745098039,0.156862745098039);
#1313=FILL_AREA_STYLE_COLOUR('',#1312);
#1314=FILL_AREA_STYLE($,(#1313));
#1315=SURFACE_STYLE_FILL_AREA(#1314);
#1316=SURFACE_SIDE_STYLE('',(#1315));
#1317=SURFACE_STYLE_USAGE(.BOTH.,#1316);
#1318=PRESENTATION_STYLE_ASSIGNMENT((#1317));
#1319=STYLED_ITEM('',(#1318),#1311);
#1320=ADVANCED_FACE('',(#5892),#5894,.T.);
#1321=COLOUR_RGB('',0.156862745098039,0.156862745098039,0.156862745098039);
#1322=FILL_AREA_STYLE_COLOUR('',#1321);
#1323=FILL_AREA_STYLE($,(#1322));
#1324=SURFACE_STYLE_FILL_AREA(#1323);
#1325=SURFACE_SIDE_STYLE('',(#1324));
#1326=SURFACE_STYLE_USAGE(.BOTH.,#1325);
#1327=PRESENTATION_STYLE_ASSIGNMENT((#1326));
#1328=STYLED_ITEM('',(#1327),#1320);
#1329=ADVANCED_FACE('',(#5899),#5901,.T.);
#1330=COLOUR_RGB('',0.156862745098039,0.156862745098039,0.156862745098039);
#1331=FILL_AREA_STYLE_COLOUR('',#1330);
#1332=FILL_AREA_STYLE($,(#1331));
#1333=SURFACE_STYLE_FILL_AREA(#1332);
#1334=SURFACE_SIDE_STYLE('',(#1333));
#1335=SURFACE_STYLE_USAGE(.BOTH.,#1334);
#1336=PRESENTATION_STYLE_ASSIGNMENT((#1335));
#1337=STYLED_ITEM('',(#1336),#1329);
#1338=ADVANCED_FACE('',(#5906),#5908,.T.);
#1339=COLOUR_RGB('',0.156862745098039,0.156862745098039,0.156862745098039);
#1340=FILL_AREA_STYLE_COLOUR('',#1339);
#1341=FILL_AREA_STYLE($,(#1340));
#1342=SURFACE_STYLE_FILL_AREA(#1341);
#1343=SURFACE_SIDE_STYLE('',(#1342));
#1344=SURFACE_STYLE_USAGE(.BOTH.,#1343);
#1345=PRESENTATION_STYLE_ASSIGNMENT((#1344));
#1346=STYLED_ITEM('',(#1345),#1338);
#1347=ADVANCED_FACE('',(#5913),#5915,.T.);
#1348=COLOUR_RGB('',0.156862745098039,0.156862745098039,0.156862745098039);
#1349=FILL_AREA_STYLE_COLOUR('',#1348);
#1350=FILL_AREA_STYLE($,(#1349));
#1351=SURFACE_STYLE_FILL_AREA(#1350);
#1352=SURFACE_SIDE_STYLE('',(#1351));
#1353=SURFACE_STYLE_USAGE(.BOTH.,#1352);
#1354=PRESENTATION_STYLE_ASSIGNMENT((#1353));
#1355=STYLED_ITEM('',(#1354),#1347);
#1356=ADVANCED_FACE('',(#5920),#5922,.T.);
#1357=COLOUR_RGB('',0.156862745098039,0.156862745098039,0.156862745098039);
#1358=FILL_AREA_STYLE_COLOUR('',#1357);
#1359=FILL_AREA_STYLE($,(#1358));
#1360=SURFACE_STYLE_FILL_AREA(#1359);
#1361=SURFACE_SIDE_STYLE('',(#1360));
#1362=SURFACE_STYLE_USAGE(.BOTH.,#1361);
#1363=PRESENTATION_STYLE_ASSIGNMENT((#1362));
#1364=STYLED_ITEM('',(#1363),#1356);
#1365=ADVANCED_FACE('',(#5927),#5929,.T.);
#1366=COLOUR_RGB('',0.156862745098039,0.156862745098039,0.156862745098039);
#1367=FILL_AREA_STYLE_COLOUR('',#1366);
#1368=FILL_AREA_STYLE($,(#1367));
#1369=SURFACE_STYLE_FILL_AREA(#1368);
#1370=SURFACE_SIDE_STYLE('',(#1369));
#1371=SURFACE_STYLE_USAGE(.BOTH.,#1370);
#1372=PRESENTATION_STYLE_ASSIGNMENT((#1371));
#1373=STYLED_ITEM('',(#1372),#1365);
#1374=ADVANCED_FACE('',(#5934),#5936,.T.);
#1375=COLOUR_RGB('',0.156862745098039,0.156862745098039,0.156862745098039);
#1376=FILL_AREA_STYLE_COLOUR('',#1375);
#1377=FILL_AREA_STYLE($,(#1376));
#1378=SURFACE_STYLE_FILL_AREA(#1377);
#1379=SURFACE_SIDE_STYLE('',(#1378));
#1380=SURFACE_STYLE_USAGE(.BOTH.,#1379);
#1381=PRESENTATION_STYLE_ASSIGNMENT((#1380));
#1382=STYLED_ITEM('',(#1381),#1374);
#1383=ADVANCED_FACE('',(#5941),#5943,.T.);
#1384=COLOUR_RGB('',0.156862745098039,0.156862745098039,0.156862745098039);
#1385=FILL_AREA_STYLE_COLOUR('',#1384);
#1386=FILL_AREA_STYLE($,(#1385));
#1387=SURFACE_STYLE_FILL_AREA(#1386);
#1388=SURFACE_SIDE_STYLE('',(#1387));
#1389=SURFACE_STYLE_USAGE(.BOTH.,#1388);
#1390=PRESENTATION_STYLE_ASSIGNMENT((#1389));
#1391=STYLED_ITEM('',(#1390),#1383);
#1392=ADVANCED_FACE('',(#5948),#5950,.T.);
#1393=COLOUR_RGB('',0.156862745098039,0.156862745098039,0.156862745098039);
#1394=FILL_AREA_STYLE_COLOUR('',#1393);
#1395=FILL_AREA_STYLE($,(#1394));
#1396=SURFACE_STYLE_FILL_AREA(#1395);
#1397=SURFACE_SIDE_STYLE('',(#1396));
#1398=SURFACE_STYLE_USAGE(.BOTH.,#1397);
#1399=PRESENTATION_STYLE_ASSIGNMENT((#1398));
#1400=STYLED_ITEM('',(#1399),#1392);
#1401=ADVANCED_FACE('',(#5955),#5957,.T.);
#1402=COLOUR_RGB('',0.156862745098039,0.156862745098039,0.156862745098039);
#1403=FILL_AREA_STYLE_COLOUR('',#1402);
#1404=FILL_AREA_STYLE($,(#1403));
#1405=SURFACE_STYLE_FILL_AREA(#1404);
#1406=SURFACE_SIDE_STYLE('',(#1405));
#1407=SURFACE_STYLE_USAGE(.BOTH.,#1406);
#1408=PRESENTATION_STYLE_ASSIGNMENT((#1407));
#1409=STYLED_ITEM('',(#1408),#1401);
#1410=ADVANCED_FACE('',(#5962),#5964,.T.);
#1411=COLOUR_RGB('',0.156862745098039,0.156862745098039,0.156862745098039);
#1412=FILL_AREA_STYLE_COLOUR('',#1411);
#1413=FILL_AREA_STYLE($,(#1412));
#1414=SURFACE_STYLE_FILL_AREA(#1413);
#1415=SURFACE_SIDE_STYLE('',(#1414));
#1416=SURFACE_STYLE_USAGE(.BOTH.,#1415);
#1417=PRESENTATION_STYLE_ASSIGNMENT((#1416));
#1418=STYLED_ITEM('',(#1417),#1410);
#1419=ADVANCED_FACE('',(#5969),#5971,.T.);
#1420=COLOUR_RGB('',0.156862745098039,0.156862745098039,0.156862745098039);
#1421=FILL_AREA_STYLE_COLOUR('',#1420);
#1422=FILL_AREA_STYLE($,(#1421));
#1423=SURFACE_STYLE_FILL_AREA(#1422);
#1424=SURFACE_SIDE_STYLE('',(#1423));
#1425=SURFACE_STYLE_USAGE(.BOTH.,#1424);
#1426=PRESENTATION_STYLE_ASSIGNMENT((#1425));
#1427=STYLED_ITEM('',(#1426),#1419);
#1428=ADVANCED_FACE('',(#5976),#5978,.T.);
#1429=COLOUR_RGB('',0.156862745098039,0.156862745098039,0.156862745098039);
#1430=FILL_AREA_STYLE_COLOUR('',#1429);
#1431=FILL_AREA_STYLE($,(#1430));
#1432=SURFACE_STYLE_FILL_AREA(#1431);
#1433=SURFACE_SIDE_STYLE('',(#1432));
#1434=SURFACE_STYLE_USAGE(.BOTH.,#1433);
#1435=PRESENTATION_STYLE_ASSIGNMENT((#1434));
#1436=STYLED_ITEM('',(#1435),#1428);
#1437=ADVANCED_FACE('',(#5983),#5985,.T.);
#1438=COLOUR_RGB('',0.156862745098039,0.156862745098039,0.156862745098039);
#1439=FILL_AREA_STYLE_COLOUR('',#1438);
#1440=FILL_AREA_STYLE($,(#1439));
#1441=SURFACE_STYLE_FILL_AREA(#1440);
#1442=SURFACE_SIDE_STYLE('',(#1441));
#1443=SURFACE_STYLE_USAGE(.BOTH.,#1442);
#1444=PRESENTATION_STYLE_ASSIGNMENT((#1443));
#1445=STYLED_ITEM('',(#1444),#1437);
#1446=ADVANCED_FACE('',(#5990),#5992,.T.);
#1447=COLOUR_RGB('',0.156862745098039,0.156862745098039,0.156862745098039);
#1448=FILL_AREA_STYLE_COLOUR('',#1447);
#1449=FILL_AREA_STYLE($,(#1448));
#1450=SURFACE_STYLE_FILL_AREA(#1449);
#1451=SURFACE_SIDE_STYLE('',(#1450));
#1452=SURFACE_STYLE_USAGE(.BOTH.,#1451);
#1453=PRESENTATION_STYLE_ASSIGNMENT((#1452));
#1454=STYLED_ITEM('',(#1453),#1446);
#1455=ADVANCED_FACE('',(#5997),#5999,.T.);
#1456=COLOUR_RGB('',0.156862745098039,0.156862745098039,0.156862745098039);
#1457=FILL_AREA_STYLE_COLOUR('',#1456);
#1458=FILL_AREA_STYLE($,(#1457));
#1459=SURFACE_STYLE_FILL_AREA(#1458);
#1460=SURFACE_SIDE_STYLE('',(#1459));
#1461=SURFACE_STYLE_USAGE(.BOTH.,#1460);
#1462=PRESENTATION_STYLE_ASSIGNMENT((#1461));
#1463=STYLED_ITEM('',(#1462),#1455);
#1464=ADVANCED_FACE('',(#6004),#6006,.T.);
#1465=COLOUR_RGB('',0.156862745098039,0.156862745098039,0.156862745098039);
#1466=FILL_AREA_STYLE_COLOUR('',#1465);
#1467=FILL_AREA_STYLE($,(#1466));
#1468=SURFACE_STYLE_FILL_AREA(#1467);
#1469=SURFACE_SIDE_STYLE('',(#1468));
#1470=SURFACE_STYLE_USAGE(.BOTH.,#1469);
#1471=PRESENTATION_STYLE_ASSIGNMENT((#1470));
#1472=STYLED_ITEM('',(#1471),#1464);
#1473=ADVANCED_FACE('',(#6011),#6013,.T.);
#1474=COLOUR_RGB('',0.156862745098039,0.156862745098039,0.156862745098039);
#1475=FILL_AREA_STYLE_COLOUR('',#1474);
#1476=FILL_AREA_STYLE($,(#1475));
#1477=SURFACE_STYLE_FILL_AREA(#1476);
#1478=SURFACE_SIDE_STYLE('',(#1477));
#1479=SURFACE_STYLE_USAGE(.BOTH.,#1478);
#1480=PRESENTATION_STYLE_ASSIGNMENT((#1479));
#1481=STYLED_ITEM('',(#1480),#1473);
#1482=ADVANCED_FACE('',(#6018),#6020,.T.);
#1483=COLOUR_RGB('',0.156862745098039,0.156862745098039,0.156862745098039);
#1484=FILL_AREA_STYLE_COLOUR('',#1483);
#1485=FILL_AREA_STYLE($,(#1484));
#1486=SURFACE_STYLE_FILL_AREA(#1485);
#1487=SURFACE_SIDE_STYLE('',(#1486));
#1488=SURFACE_STYLE_USAGE(.BOTH.,#1487);
#1489=PRESENTATION_STYLE_ASSIGNMENT((#1488));
#1490=STYLED_ITEM('',(#1489),#1482);
#1491=ADVANCED_FACE('',(#6025),#6027,.T.);
#1492=COLOUR_RGB('',0.156862745098039,0.156862745098039,0.156862745098039);
#1493=FILL_AREA_STYLE_COLOUR('',#1492);
#1494=FILL_AREA_STYLE($,(#1493));
#1495=SURFACE_STYLE_FILL_AREA(#1494);
#1496=SURFACE_SIDE_STYLE('',(#1495));
#1497=SURFACE_STYLE_USAGE(.BOTH.,#1496);
#1498=PRESENTATION_STYLE_ASSIGNMENT((#1497));
#1499=STYLED_ITEM('',(#1498),#1491);
#1500=ADVANCED_FACE('',(#6032),#6034,.T.);
#1501=COLOUR_RGB('',0.156862745098039,0.156862745098039,0.156862745098039);
#1502=FILL_AREA_STYLE_COLOUR('',#1501);
#1503=FILL_AREA_STYLE($,(#1502));
#1504=SURFACE_STYLE_FILL_AREA(#1503);
#1505=SURFACE_SIDE_STYLE('',(#1504));
#1506=SURFACE_STYLE_USAGE(.BOTH.,#1505);
#1507=PRESENTATION_STYLE_ASSIGNMENT((#1506));
#1508=STYLED_ITEM('',(#1507),#1500);
#1509=ADVANCED_FACE('',(#6039),#6041,.T.);
#1510=COLOUR_RGB('',0.156862745098039,0.156862745098039,0.156862745098039);
#1511=FILL_AREA_STYLE_COLOUR('',#1510);
#1512=FILL_AREA_STYLE($,(#1511));
#1513=SURFACE_STYLE_FILL_AREA(#1512);
#1514=SURFACE_SIDE_STYLE('',(#1513));
#1515=SURFACE_STYLE_USAGE(.BOTH.,#1514);
#1516=PRESENTATION_STYLE_ASSIGNMENT((#1515));
#1517=STYLED_ITEM('',(#1516),#1509);
#1518=ADVANCED_FACE('',(#6046),#6048,.T.);
#1519=COLOUR_RGB('',0.156862745098039,0.156862745098039,0.156862745098039);
#1520=FILL_AREA_STYLE_COLOUR('',#1519);
#1521=FILL_AREA_STYLE($,(#1520));
#1522=SURFACE_STYLE_FILL_AREA(#1521);
#1523=SURFACE_SIDE_STYLE('',(#1522));
#1524=SURFACE_STYLE_USAGE(.BOTH.,#1523);
#1525=PRESENTATION_STYLE_ASSIGNMENT((#1524));
#1526=STYLED_ITEM('',(#1525),#1518);
#1527=ADVANCED_FACE('',(#6053),#6055,.T.);
#1528=COLOUR_RGB('',0.156862745098039,0.156862745098039,0.156862745098039);
#1529=FILL_AREA_STYLE_COLOUR('',#1528);
#1530=FILL_AREA_STYLE($,(#1529));
#1531=SURFACE_STYLE_FILL_AREA(#1530);
#1532=SURFACE_SIDE_STYLE('',(#1531));
#1533=SURFACE_STYLE_USAGE(.BOTH.,#1532);
#1534=PRESENTATION_STYLE_ASSIGNMENT((#1533));
#1535=STYLED_ITEM('',(#1534),#1527);
#1536=ADVANCED_FACE('',(#6060),#6062,.T.);
#1537=COLOUR_RGB('',0.156862745098039,0.156862745098039,0.156862745098039);
#1538=FILL_AREA_STYLE_COLOUR('',#1537);
#1539=FILL_AREA_STYLE($,(#1538));
#1540=SURFACE_STYLE_FILL_AREA(#1539);
#1541=SURFACE_SIDE_STYLE('',(#1540));
#1542=SURFACE_STYLE_USAGE(.BOTH.,#1541);
#1543=PRESENTATION_STYLE_ASSIGNMENT((#1542));
#1544=STYLED_ITEM('',(#1543),#1536);
#1545=ADVANCED_FACE('',(#6067),#6069,.T.);
#1546=COLOUR_RGB('',0.156862745098039,0.156862745098039,0.156862745098039);
#1547=FILL_AREA_STYLE_COLOUR('',#1546);
#1548=FILL_AREA_STYLE($,(#1547));
#1549=SURFACE_STYLE_FILL_AREA(#1548);
#1550=SURFACE_SIDE_STYLE('',(#1549));
#1551=SURFACE_STYLE_USAGE(.BOTH.,#1550);
#1552=PRESENTATION_STYLE_ASSIGNMENT((#1551));
#1553=STYLED_ITEM('',(#1552),#1545);
#1554=ADVANCED_FACE('',(#6074),#6076,.T.);
#1555=COLOUR_RGB('',0.156862745098039,0.156862745098039,0.156862745098039);
#1556=FILL_AREA_STYLE_COLOUR('',#1555);
#1557=FILL_AREA_STYLE($,(#1556));
#1558=SURFACE_STYLE_FILL_AREA(#1557);
#1559=SURFACE_SIDE_STYLE('',(#1558));
#1560=SURFACE_STYLE_USAGE(.BOTH.,#1559);
#1561=PRESENTATION_STYLE_ASSIGNMENT((#1560));
#1562=STYLED_ITEM('',(#1561),#1554);
#1563=ADVANCED_FACE('',(#6081),#6083,.T.);
#1564=COLOUR_RGB('',0.156862745098039,0.156862745098039,0.156862745098039);
#1565=FILL_AREA_STYLE_COLOUR('',#1564);
#1566=FILL_AREA_STYLE($,(#1565));
#1567=SURFACE_STYLE_FILL_AREA(#1566);
#1568=SURFACE_SIDE_STYLE('',(#1567));
#1569=SURFACE_STYLE_USAGE(.BOTH.,#1568);
#1570=PRESENTATION_STYLE_ASSIGNMENT((#1569));
#1571=STYLED_ITEM('',(#1570),#1563);
#1572=ADVANCED_FACE('',(#6088),#6090,.T.);
#1573=COLOUR_RGB('',0.156862745098039,0.156862745098039,0.156862745098039);
#1574=FILL_AREA_STYLE_COLOUR('',#1573);
#1575=FILL_AREA_STYLE($,(#1574));
#1576=SURFACE_STYLE_FILL_AREA(#1575);
#1577=SURFACE_SIDE_STYLE('',(#1576));
#1578=SURFACE_STYLE_USAGE(.BOTH.,#1577);
#1579=PRESENTATION_STYLE_ASSIGNMENT((#1578));
#1580=STYLED_ITEM('',(#1579),#1572);
#1581=ADVANCED_FACE('',(#6095),#6097,.T.);
#1582=COLOUR_RGB('',0.156862745098039,0.156862745098039,0.156862745098039);
#1583=FILL_AREA_STYLE_COLOUR('',#1582);
#1584=FILL_AREA_STYLE($,(#1583));
#1585=SURFACE_STYLE_FILL_AREA(#1584);
#1586=SURFACE_SIDE_STYLE('',(#1585));
#1587=SURFACE_STYLE_USAGE(.BOTH.,#1586);
#1588=PRESENTATION_STYLE_ASSIGNMENT((#1587));
#1589=STYLED_ITEM('',(#1588),#1581);
#1590=ADVANCED_FACE('',(#6102),#6104,.T.);
#1591=COLOUR_RGB('',0.156862745098039,0.156862745098039,0.156862745098039);
#1592=FILL_AREA_STYLE_COLOUR('',#1591);
#1593=FILL_AREA_STYLE($,(#1592));
#1594=SURFACE_STYLE_FILL_AREA(#1593);
#1595=SURFACE_SIDE_STYLE('',(#1594));
#1596=SURFACE_STYLE_USAGE(.BOTH.,#1595);
#1597=PRESENTATION_STYLE_ASSIGNMENT((#1596));
#1598=STYLED_ITEM('',(#1597),#1590);
#1599=ADVANCED_FACE('',(#6109),#6111,.T.);
#1600=COLOUR_RGB('',0.156862745098039,0.156862745098039,0.156862745098039);
#1601=FILL_AREA_STYLE_COLOUR('',#1600);
#1602=FILL_AREA_STYLE($,(#1601));
#1603=SURFACE_STYLE_FILL_AREA(#1602);
#1604=SURFACE_SIDE_STYLE('',(#1603));
#1605=SURFACE_STYLE_USAGE(.BOTH.,#1604);
#1606=PRESENTATION_STYLE_ASSIGNMENT((#1605));
#1607=STYLED_ITEM('',(#1606),#1599);
#1608=ADVANCED_FACE('',(#6116),#6118,.T.);
#1609=COLOUR_RGB('',0.156862745098039,0.156862745098039,0.156862745098039);
#1610=FILL_AREA_STYLE_COLOUR('',#1609);
#1611=FILL_AREA_STYLE($,(#1610));
#1612=SURFACE_STYLE_FILL_AREA(#1611);
#1613=SURFACE_SIDE_STYLE('',(#1612));
#1614=SURFACE_STYLE_USAGE(.BOTH.,#1613);
#1615=PRESENTATION_STYLE_ASSIGNMENT((#1614));
#1616=STYLED_ITEM('',(#1615),#1608);
#1617=ADVANCED_FACE('',(#6123),#6125,.T.);
#1618=COLOUR_RGB('',0.156862745098039,0.156862745098039,0.156862745098039);
#1619=FILL_AREA_STYLE_COLOUR('',#1618);
#1620=FILL_AREA_STYLE($,(#1619));
#1621=SURFACE_STYLE_FILL_AREA(#1620);
#1622=SURFACE_SIDE_STYLE('',(#1621));
#1623=SURFACE_STYLE_USAGE(.BOTH.,#1622);
#1624=PRESENTATION_STYLE_ASSIGNMENT((#1623));
#1625=STYLED_ITEM('',(#1624),#1617);
#1626=ADVANCED_FACE('',(#6130),#6132,.T.);
#1627=COLOUR_RGB('',0.156862745098039,0.156862745098039,0.156862745098039);
#1628=FILL_AREA_STYLE_COLOUR('',#1627);
#1629=FILL_AREA_STYLE($,(#1628));
#1630=SURFACE_STYLE_FILL_AREA(#1629);
#1631=SURFACE_SIDE_STYLE('',(#1630));
#1632=SURFACE_STYLE_USAGE(.BOTH.,#1631);
#1633=PRESENTATION_STYLE_ASSIGNMENT((#1632));
#1634=STYLED_ITEM('',(#1633),#1626);
#1635=ADVANCED_FACE('',(#6137),#6139,.T.);
#1636=COLOUR_RGB('',0.156862745098039,0.156862745098039,0.156862745098039);
#1637=FILL_AREA_STYLE_COLOUR('',#1636);
#1638=FILL_AREA_STYLE($,(#1637));
#1639=SURFACE_STYLE_FILL_AREA(#1638);
#1640=SURFACE_SIDE_STYLE('',(#1639));
#1641=SURFACE_STYLE_USAGE(.BOTH.,#1640);
#1642=PRESENTATION_STYLE_ASSIGNMENT((#1641));
#1643=STYLED_ITEM('',(#1642),#1635);
#1644=ADVANCED_FACE('',(#6144),#6146,.T.);
#1645=COLOUR_RGB('',0.156862745098039,0.156862745098039,0.156862745098039);
#1646=FILL_AREA_STYLE_COLOUR('',#1645);
#1647=FILL_AREA_STYLE($,(#1646));
#1648=SURFACE_STYLE_FILL_AREA(#1647);
#1649=SURFACE_SIDE_STYLE('',(#1648));
#1650=SURFACE_STYLE_USAGE(.BOTH.,#1649);
#1651=PRESENTATION_STYLE_ASSIGNMENT((#1650));
#1652=STYLED_ITEM('',(#1651),#1644);
#1653=ADVANCED_FACE('',(#6151),#6153,.T.);
#1654=COLOUR_RGB('',0.156862745098039,0.156862745098039,0.156862745098039);
#1655=FILL_AREA_STYLE_COLOUR('',#1654);
#1656=FILL_AREA_STYLE($,(#1655));
#1657=SURFACE_STYLE_FILL_AREA(#1656);
#1658=SURFACE_SIDE_STYLE('',(#1657));
#1659=SURFACE_STYLE_USAGE(.BOTH.,#1658);
#1660=PRESENTATION_STYLE_ASSIGNMENT((#1659));
#1661=STYLED_ITEM('',(#1660),#1653);
#1662=ADVANCED_FACE('',(#6158),#6160,.T.);
#1663=COLOUR_RGB('',0.156862745098039,0.156862745098039,0.156862745098039);
#1664=FILL_AREA_STYLE_COLOUR('',#1663);
#1665=FILL_AREA_STYLE($,(#1664));
#1666=SURFACE_STYLE_FILL_AREA(#1665);
#1667=SURFACE_SIDE_STYLE('',(#1666));
#1668=SURFACE_STYLE_USAGE(.BOTH.,#1667);
#1669=PRESENTATION_STYLE_ASSIGNMENT((#1668));
#1670=STYLED_ITEM('',(#1669),#1662);
#1671=ADVANCED_FACE('',(#6165),#6167,.T.);
#1672=COLOUR_RGB('',0.156862745098039,0.156862745098039,0.156862745098039);
#1673=FILL_AREA_STYLE_COLOUR('',#1672);
#1674=FILL_AREA_STYLE($,(#1673));
#1675=SURFACE_STYLE_FILL_AREA(#1674);
#1676=SURFACE_SIDE_STYLE('',(#1675));
#1677=SURFACE_STYLE_USAGE(.BOTH.,#1676);
#1678=PRESENTATION_STYLE_ASSIGNMENT((#1677));
#1679=STYLED_ITEM('',(#1678),#1671);
#1680=ADVANCED_FACE('',(#6172),#6174,.T.);
#1681=COLOUR_RGB('',0.156862745098039,0.156862745098039,0.156862745098039);
#1682=FILL_AREA_STYLE_COLOUR('',#1681);
#1683=FILL_AREA_STYLE($,(#1682));
#1684=SURFACE_STYLE_FILL_AREA(#1683);
#1685=SURFACE_SIDE_STYLE('',(#1684));
#1686=SURFACE_STYLE_USAGE(.BOTH.,#1685);
#1687=PRESENTATION_STYLE_ASSIGNMENT((#1686));
#1688=STYLED_ITEM('',(#1687),#1680);
#1689=ADVANCED_FACE('',(#6179),#6181,.T.);
#1690=COLOUR_RGB('',0.156862745098039,0.156862745098039,0.156862745098039);
#1691=FILL_AREA_STYLE_COLOUR('',#1690);
#1692=FILL_AREA_STYLE($,(#1691));
#1693=SURFACE_STYLE_FILL_AREA(#1692);
#1694=SURFACE_SIDE_STYLE('',(#1693));
#1695=SURFACE_STYLE_USAGE(.BOTH.,#1694);
#1696=PRESENTATION_STYLE_ASSIGNMENT((#1695));
#1697=STYLED_ITEM('',(#1696),#1689);
#1698=ADVANCED_FACE('',(#6186),#6188,.T.);
#1699=COLOUR_RGB('',0.156862745098039,0.156862745098039,0.156862745098039);
#1700=FILL_AREA_STYLE_COLOUR('',#1699);
#1701=FILL_AREA_STYLE($,(#1700));
#1702=SURFACE_STYLE_FILL_AREA(#1701);
#1703=SURFACE_SIDE_STYLE('',(#1702));
#1704=SURFACE_STYLE_USAGE(.BOTH.,#1703);
#1705=PRESENTATION_STYLE_ASSIGNMENT((#1704));
#1706=STYLED_ITEM('',(#1705),#1698);
#1707=ADVANCED_FACE('',(#6193),#6195,.T.);
#1708=COLOUR_RGB('',0.156862745098039,0.156862745098039,0.156862745098039);
#1709=FILL_AREA_STYLE_COLOUR('',#1708);
#1710=FILL_AREA_STYLE($,(#1709));
#1711=SURFACE_STYLE_FILL_AREA(#1710);
#1712=SURFACE_SIDE_STYLE('',(#1711));
#1713=SURFACE_STYLE_USAGE(.BOTH.,#1712);
#1714=PRESENTATION_STYLE_ASSIGNMENT((#1713));
#1715=STYLED_ITEM('',(#1714),#1707);
#1716=ADVANCED_FACE('',(#6200),#6202,.T.);
#1717=COLOUR_RGB('',0.156862745098039,0.156862745098039,0.156862745098039);
#1718=FILL_AREA_STYLE_COLOUR('',#1717);
#1719=FILL_AREA_STYLE($,(#1718));
#1720=SURFACE_STYLE_FILL_AREA(#1719);
#1721=SURFACE_SIDE_STYLE('',(#1720));
#1722=SURFACE_STYLE_USAGE(.BOTH.,#1721);
#1723=PRESENTATION_STYLE_ASSIGNMENT((#1722));
#1724=STYLED_ITEM('',(#1723),#1716);
#1725=ADVANCED_FACE('',(#6207),#6209,.T.);
#1726=COLOUR_RGB('',0.156862745098039,0.156862745098039,0.156862745098039);
#1727=FILL_AREA_STYLE_COLOUR('',#1726);
#1728=FILL_AREA_STYLE($,(#1727));
#1729=SURFACE_STYLE_FILL_AREA(#1728);
#1730=SURFACE_SIDE_STYLE('',(#1729));
#1731=SURFACE_STYLE_USAGE(.BOTH.,#1730);
#1732=PRESENTATION_STYLE_ASSIGNMENT((#1731));
#1733=STYLED_ITEM('',(#1732),#1725);
#1734=ADVANCED_FACE('',(#6214),#6216,.T.);
#1735=COLOUR_RGB('',0.156862745098039,0.156862745098039,0.156862745098039);
#1736=FILL_AREA_STYLE_COLOUR('',#1735);
#1737=FILL_AREA_STYLE($,(#1736));
#1738=SURFACE_STYLE_FILL_AREA(#1737);
#1739=SURFACE_SIDE_STYLE('',(#1738));
#1740=SURFACE_STYLE_USAGE(.BOTH.,#1739);
#1741=PRESENTATION_STYLE_ASSIGNMENT((#1740));
#1742=STYLED_ITEM('',(#1741),#1734);
#1743=ADVANCED_FACE('',(#6221),#6223,.T.);
#1744=COLOUR_RGB('',0.156862745098039,0.156862745098039,0.156862745098039);
#1745=FILL_AREA_STYLE_COLOUR('',#1744);
#1746=FILL_AREA_STYLE($,(#1745));
#1747=SURFACE_STYLE_FILL_AREA(#1746);
#1748=SURFACE_SIDE_STYLE('',(#1747));
#1749=SURFACE_STYLE_USAGE(.BOTH.,#1748);
#1750=PRESENTATION_STYLE_ASSIGNMENT((#1749));
#1751=STYLED_ITEM('',(#1750),#1743);
#1752=ADVANCED_FACE('',(#6228),#6230,.T.);
#1753=COLOUR_RGB('',0.156862745098039,0.156862745098039,0.156862745098039);
#1754=FILL_AREA_STYLE_COLOUR('',#1753);
#1755=FILL_AREA_STYLE($,(#1754));
#1756=SURFACE_STYLE_FILL_AREA(#1755);
#1757=SURFACE_SIDE_STYLE('',(#1756));
#1758=SURFACE_STYLE_USAGE(.BOTH.,#1757);
#1759=PRESENTATION_STYLE_ASSIGNMENT((#1758));
#1760=STYLED_ITEM('',(#1759),#1752);
#1761=ADVANCED_FACE('',(#6235),#6237,.T.);
#1762=COLOUR_RGB('',0.156862745098039,0.156862745098039,0.156862745098039);
#1763=FILL_AREA_STYLE_COLOUR('',#1762);
#1764=FILL_AREA_STYLE($,(#1763));
#1765=SURFACE_STYLE_FILL_AREA(#1764);
#1766=SURFACE_SIDE_STYLE('',(#1765));
#1767=SURFACE_STYLE_USAGE(.BOTH.,#1766);
#1768=PRESENTATION_STYLE_ASSIGNMENT((#1767));
#1769=STYLED_ITEM('',(#1768),#1761);
#1770=ADVANCED_FACE('',(#6242),#6244,.T.);
#1771=COLOUR_RGB('',0.156862745098039,0.156862745098039,0.156862745098039);
#1772=FILL_AREA_STYLE_COLOUR('',#1771);
#1773=FILL_AREA_STYLE($,(#1772));
#1774=SURFACE_STYLE_FILL_AREA(#1773);
#1775=SURFACE_SIDE_STYLE('',(#1774));
#1776=SURFACE_STYLE_USAGE(.BOTH.,#1775);
#1777=PRESENTATION_STYLE_ASSIGNMENT((#1776));
#1778=STYLED_ITEM('',(#1777),#1770);
#1779=ADVANCED_FACE('',(#6249),#6251,.T.);
#1780=COLOUR_RGB('',0.156862745098039,0.156862745098039,0.156862745098039);
#1781=FILL_AREA_STYLE_COLOUR('',#1780);
#1782=FILL_AREA_STYLE($,(#1781));
#1783=SURFACE_STYLE_FILL_AREA(#1782);
#1784=SURFACE_SIDE_STYLE('',(#1783));
#1785=SURFACE_STYLE_USAGE(.BOTH.,#1784);
#1786=PRESENTATION_STYLE_ASSIGNMENT((#1785));
#1787=STYLED_ITEM('',(#1786),#1779);
#1788=ADVANCED_FACE('',(#6256),#6258,.T.);
#1789=COLOUR_RGB('',0.156862745098039,0.156862745098039,0.156862745098039);
#1790=FILL_AREA_STYLE_COLOUR('',#1789);
#1791=FILL_AREA_STYLE($,(#1790));
#1792=SURFACE_STYLE_FILL_AREA(#1791);
#1793=SURFACE_SIDE_STYLE('',(#1792));
#1794=SURFACE_STYLE_USAGE(.BOTH.,#1793);
#1795=PRESENTATION_STYLE_ASSIGNMENT((#1794));
#1796=STYLED_ITEM('',(#1795),#1788);
#1797=ADVANCED_FACE('',(#6263),#6265,.T.);
#1798=COLOUR_RGB('',0.156862745098039,0.156862745098039,0.156862745098039);
#1799=FILL_AREA_STYLE_COLOUR('',#1798);
#1800=FILL_AREA_STYLE($,(#1799));
#1801=SURFACE_STYLE_FILL_AREA(#1800);
#1802=SURFACE_SIDE_STYLE('',(#1801));
#1803=SURFACE_STYLE_USAGE(.BOTH.,#1802);
#1804=PRESENTATION_STYLE_ASSIGNMENT((#1803));
#1805=STYLED_ITEM('',(#1804),#1797);
#1806=ADVANCED_FACE('',(#6270),#6272,.T.);
#1807=COLOUR_RGB('',0.156862745098039,0.156862745098039,0.156862745098039);
#1808=FILL_AREA_STYLE_COLOUR('',#1807);
#1809=FILL_AREA_STYLE($,(#1808));
#1810=SURFACE_STYLE_FILL_AREA(#1809);
#1811=SURFACE_SIDE_STYLE('',(#1810));
#1812=SURFACE_STYLE_USAGE(.BOTH.,#1811);
#1813=PRESENTATION_STYLE_ASSIGNMENT((#1812));
#1814=STYLED_ITEM('',(#1813),#1806);
#1815=ADVANCED_FACE('',(#6277),#6279,.T.);
#1816=COLOUR_RGB('',0.156862745098039,0.156862745098039,0.156862745098039);
#1817=FILL_AREA_STYLE_COLOUR('',#1816);
#1818=FILL_AREA_STYLE($,(#1817));
#1819=SURFACE_STYLE_FILL_AREA(#1818);
#1820=SURFACE_SIDE_STYLE('',(#1819));
#1821=SURFACE_STYLE_USAGE(.BOTH.,#1820);
#1822=PRESENTATION_STYLE_ASSIGNMENT((#1821));
#1823=STYLED_ITEM('',(#1822),#1815);
#1824=ADVANCED_FACE('',(#6284),#6286,.T.);
#1825=COLOUR_RGB('',0.156862745098039,0.156862745098039,0.156862745098039);
#1826=FILL_AREA_STYLE_COLOUR('',#1825);
#1827=FILL_AREA_STYLE($,(#1826));
#1828=SURFACE_STYLE_FILL_AREA(#1827);
#1829=SURFACE_SIDE_STYLE('',(#1828));
#1830=SURFACE_STYLE_USAGE(.BOTH.,#1829);
#1831=PRESENTATION_STYLE_ASSIGNMENT((#1830));
#1832=STYLED_ITEM('',(#1831),#1824);
#1833=ADVANCED_FACE('',(#6291),#6293,.T.);
#1834=COLOUR_RGB('',0.156862745098039,0.156862745098039,0.156862745098039);
#1835=FILL_AREA_STYLE_COLOUR('',#1834);
#1836=FILL_AREA_STYLE($,(#1835));
#1837=SURFACE_STYLE_FILL_AREA(#1836);
#1838=SURFACE_SIDE_STYLE('',(#1837));
#1839=SURFACE_STYLE_USAGE(.BOTH.,#1838);
#1840=PRESENTATION_STYLE_ASSIGNMENT((#1839));
#1841=STYLED_ITEM('',(#1840),#1833);
#1842=ADVANCED_FACE('',(#6298),#6300,.T.);
#1843=COLOUR_RGB('',0.156862745098039,0.156862745098039,0.156862745098039);
#1844=FILL_AREA_STYLE_COLOUR('',#1843);
#1845=FILL_AREA_STYLE($,(#1844));
#1846=SURFACE_STYLE_FILL_AREA(#1845);
#1847=SURFACE_SIDE_STYLE('',(#1846));
#1848=SURFACE_STYLE_USAGE(.BOTH.,#1847);
#1849=PRESENTATION_STYLE_ASSIGNMENT((#1848));
#1850=STYLED_ITEM('',(#1849),#1842);
#1851=ADVANCED_FACE('',(#6305),#6307,.T.);
#1852=COLOUR_RGB('',0.156862745098039,0.156862745098039,0.156862745098039);
#1853=FILL_AREA_STYLE_COLOUR('',#1852);
#1854=FILL_AREA_STYLE($,(#1853));
#1855=SURFACE_STYLE_FILL_AREA(#1854);
#1856=SURFACE_SIDE_STYLE('',(#1855));
#1857=SURFACE_STYLE_USAGE(.BOTH.,#1856);
#1858=PRESENTATION_STYLE_ASSIGNMENT((#1857));
#1859=STYLED_ITEM('',(#1858),#1851);
#1860=ADVANCED_FACE('',(#6312),#6314,.T.);
#1861=COLOUR_RGB('',0.156862745098039,0.156862745098039,0.156862745098039);
#1862=FILL_AREA_STYLE_COLOUR('',#1861);
#1863=FILL_AREA_STYLE($,(#1862));
#1864=SURFACE_STYLE_FILL_AREA(#1863);
#1865=SURFACE_SIDE_STYLE('',(#1864));
#1866=SURFACE_STYLE_USAGE(.BOTH.,#1865);
#1867=PRESENTATION_STYLE_ASSIGNMENT((#1866));
#1868=STYLED_ITEM('',(#1867),#1860);
#1869=ADVANCED_FACE('',(#6319),#6321,.T.);
#1870=COLOUR_RGB('',0.156862745098039,0.156862745098039,0.156862745098039);
#1871=FILL_AREA_STYLE_COLOUR('',#1870);
#1872=FILL_AREA_STYLE($,(#1871));
#1873=SURFACE_STYLE_FILL_AREA(#1872);
#1874=SURFACE_SIDE_STYLE('',(#1873));
#1875=SURFACE_STYLE_USAGE(.BOTH.,#1874);
#1876=PRESENTATION_STYLE_ASSIGNMENT((#1875));
#1877=STYLED_ITEM('',(#1876),#1869);
#1878=ADVANCED_FACE('',(#6326),#6328,.T.);
#1879=COLOUR_RGB('',0.156862745098039,0.156862745098039,0.156862745098039);
#1880=FILL_AREA_STYLE_COLOUR('',#1879);
#1881=FILL_AREA_STYLE($,(#1880));
#1882=SURFACE_STYLE_FILL_AREA(#1881);
#1883=SURFACE_SIDE_STYLE('',(#1882));
#1884=SURFACE_STYLE_USAGE(.BOTH.,#1883);
#1885=PRESENTATION_STYLE_ASSIGNMENT((#1884));
#1886=STYLED_ITEM('',(#1885),#1878);
#1887=ADVANCED_FACE('',(#6333),#6335,.T.);
#1888=COLOUR_RGB('',0.156862745098039,0.156862745098039,0.156862745098039);
#1889=FILL_AREA_STYLE_COLOUR('',#1888);
#1890=FILL_AREA_STYLE($,(#1889));
#1891=SURFACE_STYLE_FILL_AREA(#1890);
#1892=SURFACE_SIDE_STYLE('',(#1891));
#1893=SURFACE_STYLE_USAGE(.BOTH.,#1892);
#1894=PRESENTATION_STYLE_ASSIGNMENT((#1893));
#1895=STYLED_ITEM('',(#1894),#1887);
#1896=ADVANCED_FACE('',(#6340),#6342,.T.);
#1897=COLOUR_RGB('',0.156862745098039,0.156862745098039,0.156862745098039);
#1898=FILL_AREA_STYLE_COLOUR('',#1897);
#1899=FILL_AREA_STYLE($,(#1898));
#1900=SURFACE_STYLE_FILL_AREA(#1899);
#1901=SURFACE_SIDE_STYLE('',(#1900));
#1902=SURFACE_STYLE_USAGE(.BOTH.,#1901);
#1903=PRESENTATION_STYLE_ASSIGNMENT((#1902));
#1904=STYLED_ITEM('',(#1903),#1896);
#1905=ADVANCED_FACE('',(#6347),#6349,.T.);
#1906=COLOUR_RGB('',0.156862745098039,0.156862745098039,0.156862745098039);
#1907=FILL_AREA_STYLE_COLOUR('',#1906);
#1908=FILL_AREA_STYLE($,(#1907));
#1909=SURFACE_STYLE_FILL_AREA(#1908);
#1910=SURFACE_SIDE_STYLE('',(#1909));
#1911=SURFACE_STYLE_USAGE(.BOTH.,#1910);
#1912=PRESENTATION_STYLE_ASSIGNMENT((#1911));
#1913=STYLED_ITEM('',(#1912),#1905);
#1914=ADVANCED_FACE('',(#6354),#6356,.T.);
#1915=COLOUR_RGB('',0.156862745098039,0.156862745098039,0.156862745098039);
#1916=FILL_AREA_STYLE_COLOUR('',#1915);
#1917=FILL_AREA_STYLE($,(#1916));
#1918=SURFACE_STYLE_FILL_AREA(#1917);
#1919=SURFACE_SIDE_STYLE('',(#1918));
#1920=SURFACE_STYLE_USAGE(.BOTH.,#1919);
#1921=PRESENTATION_STYLE_ASSIGNMENT((#1920));
#1922=STYLED_ITEM('',(#1921),#1914);
#1923=ADVANCED_FACE('',(#6361),#6363,.T.);
#1924=COLOUR_RGB('',0.156862745098039,0.156862745098039,0.156862745098039);
#1925=FILL_AREA_STYLE_COLOUR('',#1924);
#1926=FILL_AREA_STYLE($,(#1925));
#1927=SURFACE_STYLE_FILL_AREA(#1926);
#1928=SURFACE_SIDE_STYLE('',(#1927));
#1929=SURFACE_STYLE_USAGE(.BOTH.,#1928);
#1930=PRESENTATION_STYLE_ASSIGNMENT((#1929));
#1931=STYLED_ITEM('',(#1930),#1923);
#1932=ADVANCED_FACE('',(#6368),#6370,.T.);
#1933=COLOUR_RGB('',0.156862745098039,0.156862745098039,0.156862745098039);
#1934=FILL_AREA_STYLE_COLOUR('',#1933);
#1935=FILL_AREA_STYLE($,(#1934));
#1936=SURFACE_STYLE_FILL_AREA(#1935);
#1937=SURFACE_SIDE_STYLE('',(#1936));
#1938=SURFACE_STYLE_USAGE(.BOTH.,#1937);
#1939=PRESENTATION_STYLE_ASSIGNMENT((#1938));
#1940=STYLED_ITEM('',(#1939),#1932);
#1941=ADVANCED_FACE('',(#6375),#6377,.T.);
#1942=COLOUR_RGB('',0.156862745098039,0.156862745098039,0.156862745098039);
#1943=FILL_AREA_STYLE_COLOUR('',#1942);
#1944=FILL_AREA_STYLE($,(#1943));
#1945=SURFACE_STYLE_FILL_AREA(#1944);
#1946=SURFACE_SIDE_STYLE('',(#1945));
#1947=SURFACE_STYLE_USAGE(.BOTH.,#1946);
#1948=PRESENTATION_STYLE_ASSIGNMENT((#1947));
#1949=STYLED_ITEM('',(#1948),#1941);
#1950=ADVANCED_FACE('',(#6382),#6384,.T.);
#1951=COLOUR_RGB('',0.156862745098039,0.156862745098039,0.156862745098039);
#1952=FILL_AREA_STYLE_COLOUR('',#1951);
#1953=FILL_AREA_STYLE($,(#1952));
#1954=SURFACE_STYLE_FILL_AREA(#1953);
#1955=SURFACE_SIDE_STYLE('',(#1954));
#1956=SURFACE_STYLE_USAGE(.BOTH.,#1955);
#1957=PRESENTATION_STYLE_ASSIGNMENT((#1956));
#1958=STYLED_ITEM('',(#1957),#1950);
#1959=ADVANCED_FACE('',(#6389),#6391,.T.);
#1960=COLOUR_RGB('',0.156862745098039,0.156862745098039,0.156862745098039);
#1961=FILL_AREA_STYLE_COLOUR('',#1960);
#1962=FILL_AREA_STYLE($,(#1961));
#1963=SURFACE_STYLE_FILL_AREA(#1962);
#1964=SURFACE_SIDE_STYLE('',(#1963));
#1965=SURFACE_STYLE_USAGE(.BOTH.,#1964);
#1966=PRESENTATION_STYLE_ASSIGNMENT((#1965));
#1967=STYLED_ITEM('',(#1966),#1959);
#1968=ADVANCED_FACE('',(#6396),#6398,.T.);
#1969=COLOUR_RGB('',0.156862745098039,0.156862745098039,0.156862745098039);
#1970=FILL_AREA_STYLE_COLOUR('',#1969);
#1971=FILL_AREA_STYLE($,(#1970));
#1972=SURFACE_STYLE_FILL_AREA(#1971);
#1973=SURFACE_SIDE_STYLE('',(#1972));
#1974=SURFACE_STYLE_USAGE(.BOTH.,#1973);
#1975=PRESENTATION_STYLE_ASSIGNMENT((#1974));
#1976=STYLED_ITEM('',(#1975),#1968);
#1977=ADVANCED_FACE('',(#6403),#6405,.T.);
#1978=COLOUR_RGB('',0.156862745098039,0.156862745098039,0.156862745098039);
#1979=FILL_AREA_STYLE_COLOUR('',#1978);
#1980=FILL_AREA_STYLE($,(#1979));
#1981=SURFACE_STYLE_FILL_AREA(#1980);
#1982=SURFACE_SIDE_STYLE('',(#1981));
#1983=SURFACE_STYLE_USAGE(.BOTH.,#1982);
#1984=PRESENTATION_STYLE_ASSIGNMENT((#1983));
#1985=STYLED_ITEM('',(#1984),#1977);
#1986=ADVANCED_FACE('',(#6410),#6412,.T.);
#1987=COLOUR_RGB('',0.156862745098039,0.156862745098039,0.156862745098039);
#1988=FILL_AREA_STYLE_COLOUR('',#1987);
#1989=FILL_AREA_STYLE($,(#1988));
#1990=SURFACE_STYLE_FILL_AREA(#1989);
#1991=SURFACE_SIDE_STYLE('',(#1990));
#1992=SURFACE_STYLE_USAGE(.BOTH.,#1991);
#1993=PRESENTATION_STYLE_ASSIGNMENT((#1992));
#1994=STYLED_ITEM('',(#1993),#1986);
#1995=ADVANCED_FACE('',(#6417),#6419,.T.);
#1996=COLOUR_RGB('',0.156862745098039,0.156862745098039,0.156862745098039);
#1997=FILL_AREA_STYLE_COLOUR('',#1996);
#1998=FILL_AREA_STYLE($,(#1997));
#1999=SURFACE_STYLE_FILL_AREA(#1998);
#2000=SURFACE_SIDE_STYLE('',(#1999));
#2001=SURFACE_STYLE_USAGE(.BOTH.,#2000);
#2002=PRESENTATION_STYLE_ASSIGNMENT((#2001));
#2003=STYLED_ITEM('',(#2002),#1995);
#2004=ADVANCED_FACE('',(#6424),#6426,.T.);
#2005=COLOUR_RGB('',0.156862745098039,0.156862745098039,0.156862745098039);
#2006=FILL_AREA_STYLE_COLOUR('',#2005);
#2007=FILL_AREA_STYLE($,(#2006));
#2008=SURFACE_STYLE_FILL_AREA(#2007);
#2009=SURFACE_SIDE_STYLE('',(#2008));
#2010=SURFACE_STYLE_USAGE(.BOTH.,#2009);
#2011=PRESENTATION_STYLE_ASSIGNMENT((#2010));
#2012=STYLED_ITEM('',(#2011),#2004);
#2013=ADVANCED_FACE('',(#6431),#6433,.T.);
#2014=COLOUR_RGB('',0.156862745098039,0.156862745098039,0.156862745098039);
#2015=FILL_AREA_STYLE_COLOUR('',#2014);
#2016=FILL_AREA_STYLE($,(#2015));
#2017=SURFACE_STYLE_FILL_AREA(#2016);
#2018=SURFACE_SIDE_STYLE('',(#2017));
#2019=SURFACE_STYLE_USAGE(.BOTH.,#2018);
#2020=PRESENTATION_STYLE_ASSIGNMENT((#2019));
#2021=STYLED_ITEM('',(#2020),#2013);
#2022=ADVANCED_FACE('',(#6438),#6440,.T.);
#2023=COLOUR_RGB('',0.156862745098039,0.156862745098039,0.156862745098039);
#2024=FILL_AREA_STYLE_COLOUR('',#2023);
#2025=FILL_AREA_STYLE($,(#2024));
#2026=SURFACE_STYLE_FILL_AREA(#2025);
#2027=SURFACE_SIDE_STYLE('',(#2026));
#2028=SURFACE_STYLE_USAGE(.BOTH.,#2027);
#2029=PRESENTATION_STYLE_ASSIGNMENT((#2028));
#2030=STYLED_ITEM('',(#2029),#2022);
#2031=ADVANCED_FACE('',(#6445),#6447,.T.);
#2032=COLOUR_RGB('',0.156862745098039,0.156862745098039,0.156862745098039);
#2033=FILL_AREA_STYLE_COLOUR('',#2032);
#2034=FILL_AREA_STYLE($,(#2033));
#2035=SURFACE_STYLE_FILL_AREA(#2034);
#2036=SURFACE_SIDE_STYLE('',(#2035));
#2037=SURFACE_STYLE_USAGE(.BOTH.,#2036);
#2038=PRESENTATION_STYLE_ASSIGNMENT((#2037));
#2039=STYLED_ITEM('',(#2038),#2031);
#2040=ADVANCED_FACE('',(#6452),#6454,.T.);
#2041=COLOUR_RGB('',0.156862745098039,0.156862745098039,0.156862745098039);
#2042=FILL_AREA_STYLE_COLOUR('',#2041);
#2043=FILL_AREA_STYLE($,(#2042));
#2044=SURFACE_STYLE_FILL_AREA(#2043);
#2045=SURFACE_SIDE_STYLE('',(#2044));
#2046=SURFACE_STYLE_USAGE(.BOTH.,#2045);
#2047=PRESENTATION_STYLE_ASSIGNMENT((#2046));
#2048=STYLED_ITEM('',(#2047),#2040);
#2049=ADVANCED_FACE('',(#6459),#6461,.T.);
#2050=COLOUR_RGB('',0.156862745098039,0.156862745098039,0.156862745098039);
#2051=FILL_AREA_STYLE_COLOUR('',#2050);
#2052=FILL_AREA_STYLE($,(#2051));
#2053=SURFACE_STYLE_FILL_AREA(#2052);
#2054=SURFACE_SIDE_STYLE('',(#2053));
#2055=SURFACE_STYLE_USAGE(.BOTH.,#2054);
#2056=PRESENTATION_STYLE_ASSIGNMENT((#2055));
#2057=STYLED_ITEM('',(#2056),#2049);
#2058=ADVANCED_FACE('',(#6466),#6468,.T.);
#2059=COLOUR_RGB('',0.156862745098039,0.156862745098039,0.156862745098039);
#2060=FILL_AREA_STYLE_COLOUR('',#2059);
#2061=FILL_AREA_STYLE($,(#2060));
#2062=SURFACE_STYLE_FILL_AREA(#2061);
#2063=SURFACE_SIDE_STYLE('',(#2062));
#2064=SURFACE_STYLE_USAGE(.BOTH.,#2063);
#2065=PRESENTATION_STYLE_ASSIGNMENT((#2064));
#2066=STYLED_ITEM('',(#2065),#2058);
#2067=ADVANCED_FACE('',(#6473),#6475,.T.);
#2068=COLOUR_RGB('',0.156862745098039,0.156862745098039,0.156862745098039);
#2069=FILL_AREA_STYLE_COLOUR('',#2068);
#2070=FILL_AREA_STYLE($,(#2069));
#2071=SURFACE_STYLE_FILL_AREA(#2070);
#2072=SURFACE_SIDE_STYLE('',(#2071));
#2073=SURFACE_STYLE_USAGE(.BOTH.,#2072);
#2074=PRESENTATION_STYLE_ASSIGNMENT((#2073));
#2075=STYLED_ITEM('',(#2074),#2067);
#2076=ADVANCED_FACE('',(#6480),#6482,.T.);
#2077=COLOUR_RGB('',0.156862745098039,0.156862745098039,0.156862745098039);
#2078=FILL_AREA_STYLE_COLOUR('',#2077);
#2079=FILL_AREA_STYLE($,(#2078));
#2080=SURFACE_STYLE_FILL_AREA(#2079);
#2081=SURFACE_SIDE_STYLE('',(#2080));
#2082=SURFACE_STYLE_USAGE(.BOTH.,#2081);
#2083=PRESENTATION_STYLE_ASSIGNMENT((#2082));
#2084=STYLED_ITEM('',(#2083),#2076);
#2085=ADVANCED_FACE('',(#6487),#6489,.T.);
#2086=COLOUR_RGB('',0.156862745098039,0.156862745098039,0.156862745098039);
#2087=FILL_AREA_STYLE_COLOUR('',#2086);
#2088=FILL_AREA_STYLE($,(#2087));
#2089=SURFACE_STYLE_FILL_AREA(#2088);
#2090=SURFACE_SIDE_STYLE('',(#2089));
#2091=SURFACE_STYLE_USAGE(.BOTH.,#2090);
#2092=PRESENTATION_STYLE_ASSIGNMENT((#2091));
#2093=STYLED_ITEM('',(#2092),#2085);
#2094=ADVANCED_FACE('',(#6494),#6496,.T.);
#2095=COLOUR_RGB('',0.156862745098039,0.156862745098039,0.156862745098039);
#2096=FILL_AREA_STYLE_COLOUR('',#2095);
#2097=FILL_AREA_STYLE($,(#2096));
#2098=SURFACE_STYLE_FILL_AREA(#2097);
#2099=SURFACE_SIDE_STYLE('',(#2098));
#2100=SURFACE_STYLE_USAGE(.BOTH.,#2099);
#2101=PRESENTATION_STYLE_ASSIGNMENT((#2100));
#2102=STYLED_ITEM('',(#2101),#2094);
#2103=ADVANCED_FACE('',(#6501),#6503,.T.);
#2104=COLOUR_RGB('',0.156862745098039,0.156862745098039,0.156862745098039);
#2105=FILL_AREA_STYLE_COLOUR('',#2104);
#2106=FILL_AREA_STYLE($,(#2105));
#2107=SURFACE_STYLE_FILL_AREA(#2106);
#2108=SURFACE_SIDE_STYLE('',(#2107));
#2109=SURFACE_STYLE_USAGE(.BOTH.,#2108);
#2110=PRESENTATION_STYLE_ASSIGNMENT((#2109));
#2111=STYLED_ITEM('',(#2110),#2103);
#2112=ADVANCED_FACE('',(#6508),#6510,.T.);
#2113=COLOUR_RGB('',0.156862745098039,0.156862745098039,0.156862745098039);
#2114=FILL_AREA_STYLE_COLOUR('',#2113);
#2115=FILL_AREA_STYLE($,(#2114));
#2116=SURFACE_STYLE_FILL_AREA(#2115);
#2117=SURFACE_SIDE_STYLE('',(#2116));
#2118=SURFACE_STYLE_USAGE(.BOTH.,#2117);
#2119=PRESENTATION_STYLE_ASSIGNMENT((#2118));
#2120=STYLED_ITEM('',(#2119),#2112);
#2121=ADVANCED_FACE('',(#6515),#6517,.T.);
#2122=COLOUR_RGB('',0.156862745098039,0.156862745098039,0.156862745098039);
#2123=FILL_AREA_STYLE_COLOUR('',#2122);
#2124=FILL_AREA_STYLE($,(#2123));
#2125=SURFACE_STYLE_FILL_AREA(#2124);
#2126=SURFACE_SIDE_STYLE('',(#2125));
#2127=SURFACE_STYLE_USAGE(.BOTH.,#2126);
#2128=PRESENTATION_STYLE_ASSIGNMENT((#2127));
#2129=STYLED_ITEM('',(#2128),#2121);
#2130=ADVANCED_FACE('',(#6522),#6524,.T.);
#2131=COLOUR_RGB('',0.156862745098039,0.156862745098039,0.156862745098039);
#2132=FILL_AREA_STYLE_COLOUR('',#2131);
#2133=FILL_AREA_STYLE($,(#2132));
#2134=SURFACE_STYLE_FILL_AREA(#2133);
#2135=SURFACE_SIDE_STYLE('',(#2134));
#2136=SURFACE_STYLE_USAGE(.BOTH.,#2135);
#2137=PRESENTATION_STYLE_ASSIGNMENT((#2136));
#2138=STYLED_ITEM('',(#2137),#2130);
#2139=ADVANCED_FACE('',(#6529),#6531,.T.);
#2140=COLOUR_RGB('',0.156862745098039,0.156862745098039,0.156862745098039);
#2141=FILL_AREA_STYLE_COLOUR('',#2140);
#2142=FILL_AREA_STYLE($,(#2141));
#2143=SURFACE_STYLE_FILL_AREA(#2142);
#2144=SURFACE_SIDE_STYLE('',(#2143));
#2145=SURFACE_STYLE_USAGE(.BOTH.,#2144);
#2146=PRESENTATION_STYLE_ASSIGNMENT((#2145));
#2147=STYLED_ITEM('',(#2146),#2139);
#2148=ADVANCED_FACE('',(#6536),#6538,.T.);
#2149=COLOUR_RGB('',0.156862745098039,0.156862745098039,0.156862745098039);
#2150=FILL_AREA_STYLE_COLOUR('',#2149);
#2151=FILL_AREA_STYLE($,(#2150));
#2152=SURFACE_STYLE_FILL_AREA(#2151);
#2153=SURFACE_SIDE_STYLE('',(#2152));
#2154=SURFACE_STYLE_USAGE(.BOTH.,#2153);
#2155=PRESENTATION_STYLE_ASSIGNMENT((#2154));
#2156=STYLED_ITEM('',(#2155),#2148);
#2157=ADVANCED_FACE('',(#6543),#6545,.T.);
#2158=COLOUR_RGB('',0.156862745098039,0.156862745098039,0.156862745098039);
#2159=FILL_AREA_STYLE_COLOUR('',#2158);
#2160=FILL_AREA_STYLE($,(#2159));
#2161=SURFACE_STYLE_FILL_AREA(#2160);
#2162=SURFACE_SIDE_STYLE('',(#2161));
#2163=SURFACE_STYLE_USAGE(.BOTH.,#2162);
#2164=PRESENTATION_STYLE_ASSIGNMENT((#2163));
#2165=STYLED_ITEM('',(#2164),#2157);
#2166=ADVANCED_FACE('',(#6550),#6552,.T.);
#2167=COLOUR_RGB('',0.156862745098039,0.156862745098039,0.156862745098039);
#2168=FILL_AREA_STYLE_COLOUR('',#2167);
#2169=FILL_AREA_STYLE($,(#2168));
#2170=SURFACE_STYLE_FILL_AREA(#2169);
#2171=SURFACE_SIDE_STYLE('',(#2170));
#2172=SURFACE_STYLE_USAGE(.BOTH.,#2171);
#2173=PRESENTATION_STYLE_ASSIGNMENT((#2172));
#2174=STYLED_ITEM('',(#2173),#2166);
#2175=ADVANCED_FACE('',(#6557),#6559,.T.);
#2176=COLOUR_RGB('',0.156862745098039,0.156862745098039,0.156862745098039);
#2177=FILL_AREA_STYLE_COLOUR('',#2176);
#2178=FILL_AREA_STYLE($,(#2177));
#2179=SURFACE_STYLE_FILL_AREA(#2178);
#2180=SURFACE_SIDE_STYLE('',(#2179));
#2181=SURFACE_STYLE_USAGE(.BOTH.,#2180);
#2182=PRESENTATION_STYLE_ASSIGNMENT((#2181));
#2183=STYLED_ITEM('',(#2182),#2175);
#2184=ADVANCED_FACE('',(#6564),#6566,.T.);
#2185=COLOUR_RGB('',0.156862745098039,0.156862745098039,0.156862745098039);
#2186=FILL_AREA_STYLE_COLOUR('',#2185);
#2187=FILL_AREA_STYLE($,(#2186));
#2188=SURFACE_STYLE_FILL_AREA(#2187);
#2189=SURFACE_SIDE_STYLE('',(#2188));
#2190=SURFACE_STYLE_USAGE(.BOTH.,#2189);
#2191=PRESENTATION_STYLE_ASSIGNMENT((#2190));
#2192=STYLED_ITEM('',(#2191),#2184);
#2193=ADVANCED_FACE('',(#6571),#6573,.T.);
#2194=COLOUR_RGB('',0.156862745098039,0.156862745098039,0.156862745098039);
#2195=FILL_AREA_STYLE_COLOUR('',#2194);
#2196=FILL_AREA_STYLE($,(#2195));
#2197=SURFACE_STYLE_FILL_AREA(#2196);
#2198=SURFACE_SIDE_STYLE('',(#2197));
#2199=SURFACE_STYLE_USAGE(.BOTH.,#2198);
#2200=PRESENTATION_STYLE_ASSIGNMENT((#2199));
#2201=STYLED_ITEM('',(#2200),#2193);
#2202=ADVANCED_FACE('',(#6578),#6580,.T.);
#2203=COLOUR_RGB('',0.156862745098039,0.156862745098039,0.156862745098039);
#2204=FILL_AREA_STYLE_COLOUR('',#2203);
#2205=FILL_AREA_STYLE($,(#2204));
#2206=SURFACE_STYLE_FILL_AREA(#2205);
#2207=SURFACE_SIDE_STYLE('',(#2206));
#2208=SURFACE_STYLE_USAGE(.BOTH.,#2207);
#2209=PRESENTATION_STYLE_ASSIGNMENT((#2208));
#2210=STYLED_ITEM('',(#2209),#2202);
#2211=ADVANCED_FACE('',(#6585),#6587,.T.);
#2212=COLOUR_RGB('',0.156862745098039,0.156862745098039,0.156862745098039);
#2213=FILL_AREA_STYLE_COLOUR('',#2212);
#2214=FILL_AREA_STYLE($,(#2213));
#2215=SURFACE_STYLE_FILL_AREA(#2214);
#2216=SURFACE_SIDE_STYLE('',(#2215));
#2217=SURFACE_STYLE_USAGE(.BOTH.,#2216);
#2218=PRESENTATION_STYLE_ASSIGNMENT((#2217));
#2219=STYLED_ITEM('',(#2218),#2211);
#2220=ADVANCED_FACE('',(#6592),#6594,.T.);
#2221=COLOUR_RGB('',0.156862745098039,0.156862745098039,0.156862745098039);
#2222=FILL_AREA_STYLE_COLOUR('',#2221);
#2223=FILL_AREA_STYLE($,(#2222));
#2224=SURFACE_STYLE_FILL_AREA(#2223);
#2225=SURFACE_SIDE_STYLE('',(#2224));
#2226=SURFACE_STYLE_USAGE(.BOTH.,#2225);
#2227=PRESENTATION_STYLE_ASSIGNMENT((#2226));
#2228=STYLED_ITEM('',(#2227),#2220);
#2229=ADVANCED_FACE('',(#6599),#6601,.T.);
#2230=COLOUR_RGB('',0.156862745098039,0.156862745098039,0.156862745098039);
#2231=FILL_AREA_STYLE_COLOUR('',#2230);
#2232=FILL_AREA_STYLE($,(#2231));
#2233=SURFACE_STYLE_FILL_AREA(#2232);
#2234=SURFACE_SIDE_STYLE('',(#2233));
#2235=SURFACE_STYLE_USAGE(.BOTH.,#2234);
#2236=PRESENTATION_STYLE_ASSIGNMENT((#2235));
#2237=STYLED_ITEM('',(#2236),#2229);
#2238=ADVANCED_FACE('',(#6606),#6608,.T.);
#2239=COLOUR_RGB('',0.156862745098039,0.156862745098039,0.156862745098039);
#2240=FILL_AREA_STYLE_COLOUR('',#2239);
#2241=FILL_AREA_STYLE($,(#2240));
#2242=SURFACE_STYLE_FILL_AREA(#2241);
#2243=SURFACE_SIDE_STYLE('',(#2242));
#2244=SURFACE_STYLE_USAGE(.BOTH.,#2243);
#2245=PRESENTATION_STYLE_ASSIGNMENT((#2244));
#2246=STYLED_ITEM('',(#2245),#2238);
#2247=ADVANCED_FACE('',(#6613),#6615,.T.);
#2248=COLOUR_RGB('',0.156862745098039,0.156862745098039,0.156862745098039);
#2249=FILL_AREA_STYLE_COLOUR('',#2248);
#2250=FILL_AREA_STYLE($,(#2249));
#2251=SURFACE_STYLE_FILL_AREA(#2250);
#2252=SURFACE_SIDE_STYLE('',(#2251));
#2253=SURFACE_STYLE_USAGE(.BOTH.,#2252);
#2254=PRESENTATION_STYLE_ASSIGNMENT((#2253));
#2255=STYLED_ITEM('',(#2254),#2247);
#2256=ADVANCED_FACE('',(#6620),#6622,.T.);
#2257=COLOUR_RGB('',0.156862745098039,0.156862745098039,0.156862745098039);
#2258=FILL_AREA_STYLE_COLOUR('',#2257);
#2259=FILL_AREA_STYLE($,(#2258));
#2260=SURFACE_STYLE_FILL_AREA(#2259);
#2261=SURFACE_SIDE_STYLE('',(#2260));
#2262=SURFACE_STYLE_USAGE(.BOTH.,#2261);
#2263=PRESENTATION_STYLE_ASSIGNMENT((#2262));
#2264=STYLED_ITEM('',(#2263),#2256);
#2265=ADVANCED_FACE('',(#6627),#6629,.T.);
#2266=COLOUR_RGB('',0.156862745098039,0.156862745098039,0.156862745098039);
#2267=FILL_AREA_STYLE_COLOUR('',#2266);
#2268=FILL_AREA_STYLE($,(#2267));
#2269=SURFACE_STYLE_FILL_AREA(#2268);
#2270=SURFACE_SIDE_STYLE('',(#2269));
#2271=SURFACE_STYLE_USAGE(.BOTH.,#2270);
#2272=PRESENTATION_STYLE_ASSIGNMENT((#2271));
#2273=STYLED_ITEM('',(#2272),#2265);
#2274=ADVANCED_FACE('',(#6634),#6636,.T.);
#2275=COLOUR_RGB('',0.156862745098039,0.156862745098039,0.156862745098039);
#2276=FILL_AREA_STYLE_COLOUR('',#2275);
#2277=FILL_AREA_STYLE($,(#2276));
#2278=SURFACE_STYLE_FILL_AREA(#2277);
#2279=SURFACE_SIDE_STYLE('',(#2278));
#2280=SURFACE_STYLE_USAGE(.BOTH.,#2279);
#2281=PRESENTATION_STYLE_ASSIGNMENT((#2280));
#2282=STYLED_ITEM('',(#2281),#2274);
#2283=ADVANCED_FACE('',(#6641),#6643,.T.);
#2284=COLOUR_RGB('',0.156862745098039,0.156862745098039,0.156862745098039);
#2285=FILL_AREA_STYLE_COLOUR('',#2284);
#2286=FILL_AREA_STYLE($,(#2285));
#2287=SURFACE_STYLE_FILL_AREA(#2286);
#2288=SURFACE_SIDE_STYLE('',(#2287));
#2289=SURFACE_STYLE_USAGE(.BOTH.,#2288);
#2290=PRESENTATION_STYLE_ASSIGNMENT((#2289));
#2291=STYLED_ITEM('',(#2290),#2283);
#2292=ADVANCED_FACE('',(#6648),#6650,.T.);
#2293=COLOUR_RGB('',0.156862745098039,0.156862745098039,0.156862745098039);
#2294=FILL_AREA_STYLE_COLOUR('',#2293);
#2295=FILL_AREA_STYLE($,(#2294));
#2296=SURFACE_STYLE_FILL_AREA(#2295);
#2297=SURFACE_SIDE_STYLE('',(#2296));
#2298=SURFACE_STYLE_USAGE(.BOTH.,#2297);
#2299=PRESENTATION_STYLE_ASSIGNMENT((#2298));
#2300=STYLED_ITEM('',(#2299),#2292);
#2301=ADVANCED_FACE('',(#6655),#6657,.T.);
#2302=COLOUR_RGB('',0.156862745098039,0.156862745098039,0.156862745098039);
#2303=FILL_AREA_STYLE_COLOUR('',#2302);
#2304=FILL_AREA_STYLE($,(#2303));
#2305=SURFACE_STYLE_FILL_AREA(#2304);
#2306=SURFACE_SIDE_STYLE('',(#2305));
#2307=SURFACE_STYLE_USAGE(.BOTH.,#2306);
#2308=PRESENTATION_STYLE_ASSIGNMENT((#2307));
#2309=STYLED_ITEM('',(#2308),#2301);
#2310=ADVANCED_FACE('',(#6662),#6664,.T.);
#2311=COLOUR_RGB('',0.156862745098039,0.156862745098039,0.156862745098039);
#2312=FILL_AREA_STYLE_COLOUR('',#2311);
#2313=FILL_AREA_STYLE($,(#2312));
#2314=SURFACE_STYLE_FILL_AREA(#2313);
#2315=SURFACE_SIDE_STYLE('',(#2314));
#2316=SURFACE_STYLE_USAGE(.BOTH.,#2315);
#2317=PRESENTATION_STYLE_ASSIGNMENT((#2316));
#2318=STYLED_ITEM('',(#2317),#2310);
#2319=ADVANCED_FACE('',(#6669),#6671,.T.);
#2320=COLOUR_RGB('',0.156862745098039,0.156862745098039,0.156862745098039);
#2321=FILL_AREA_STYLE_COLOUR('',#2320);
#2322=FILL_AREA_STYLE($,(#2321));
#2323=SURFACE_STYLE_FILL_AREA(#2322);
#2324=SURFACE_SIDE_STYLE('',(#2323));
#2325=SURFACE_STYLE_USAGE(.BOTH.,#2324);
#2326=PRESENTATION_STYLE_ASSIGNMENT((#2325));
#2327=STYLED_ITEM('',(#2326),#2319);
#2328=ADVANCED_FACE('',(#6676),#6678,.T.);
#2329=COLOUR_RGB('',0.156862745098039,0.156862745098039,0.156862745098039);
#2330=FILL_AREA_STYLE_COLOUR('',#2329);
#2331=FILL_AREA_STYLE($,(#2330));
#2332=SURFACE_STYLE_FILL_AREA(#2331);
#2333=SURFACE_SIDE_STYLE('',(#2332));
#2334=SURFACE_STYLE_USAGE(.BOTH.,#2333);
#2335=PRESENTATION_STYLE_ASSIGNMENT((#2334));
#2336=STYLED_ITEM('',(#2335),#2328);
#2337=ADVANCED_FACE('',(#6683),#6685,.T.);
#2338=COLOUR_RGB('',0.156862745098039,0.156862745098039,0.156862745098039);
#2339=FILL_AREA_STYLE_COLOUR('',#2338);
#2340=FILL_AREA_STYLE($,(#2339));
#2341=SURFACE_STYLE_FILL_AREA(#2340);
#2342=SURFACE_SIDE_STYLE('',(#2341));
#2343=SURFACE_STYLE_USAGE(.BOTH.,#2342);
#2344=PRESENTATION_STYLE_ASSIGNMENT((#2343));
#2345=STYLED_ITEM('',(#2344),#2337);
#2346=ADVANCED_FACE('',(#6690),#6692,.T.);
#2347=COLOUR_RGB('',0.156862745098039,0.156862745098039,0.156862745098039);
#2348=FILL_AREA_STYLE_COLOUR('',#2347);
#2349=FILL_AREA_STYLE($,(#2348));
#2350=SURFACE_STYLE_FILL_AREA(#2349);
#2351=SURFACE_SIDE_STYLE('',(#2350));
#2352=SURFACE_STYLE_USAGE(.BOTH.,#2351);
#2353=PRESENTATION_STYLE_ASSIGNMENT((#2352));
#2354=STYLED_ITEM('',(#2353),#2346);
#2355=ADVANCED_FACE('',(#6697),#6699,.T.);
#2356=COLOUR_RGB('',0.156862745098039,0.156862745098039,0.156862745098039);
#2357=FILL_AREA_STYLE_COLOUR('',#2356);
#2358=FILL_AREA_STYLE($,(#2357));
#2359=SURFACE_STYLE_FILL_AREA(#2358);
#2360=SURFACE_SIDE_STYLE('',(#2359));
#2361=SURFACE_STYLE_USAGE(.BOTH.,#2360);
#2362=PRESENTATION_STYLE_ASSIGNMENT((#2361));
#2363=STYLED_ITEM('',(#2362),#2355);
#2364=ADVANCED_FACE('',(#6704),#6706,.T.);
#2365=COLOUR_RGB('',0.156862745098039,0.156862745098039,0.156862745098039);
#2366=FILL_AREA_STYLE_COLOUR('',#2365);
#2367=FILL_AREA_STYLE($,(#2366));
#2368=SURFACE_STYLE_FILL_AREA(#2367);
#2369=SURFACE_SIDE_STYLE('',(#2368));
#2370=SURFACE_STYLE_USAGE(.BOTH.,#2369);
#2371=PRESENTATION_STYLE_ASSIGNMENT((#2370));
#2372=STYLED_ITEM('',(#2371),#2364);
#2373=ADVANCED_FACE('',(#6711),#6713,.T.);
#2374=COLOUR_RGB('',0.156862745098039,0.156862745098039,0.156862745098039);
#2375=FILL_AREA_STYLE_COLOUR('',#2374);
#2376=FILL_AREA_STYLE($,(#2375));
#2377=SURFACE_STYLE_FILL_AREA(#2376);
#2378=SURFACE_SIDE_STYLE('',(#2377));
#2379=SURFACE_STYLE_USAGE(.BOTH.,#2378);
#2380=PRESENTATION_STYLE_ASSIGNMENT((#2379));
#2381=STYLED_ITEM('',(#2380),#2373);
#2382=ADVANCED_FACE('',(#6718),#6720,.T.);
#2383=COLOUR_RGB('',0.156862745098039,0.156862745098039,0.156862745098039);
#2384=FILL_AREA_STYLE_COLOUR('',#2383);
#2385=FILL_AREA_STYLE($,(#2384));
#2386=SURFACE_STYLE_FILL_AREA(#2385);
#2387=SURFACE_SIDE_STYLE('',(#2386));
#2388=SURFACE_STYLE_USAGE(.BOTH.,#2387);
#2389=PRESENTATION_STYLE_ASSIGNMENT((#2388));
#2390=STYLED_ITEM('',(#2389),#2382);
#2391=ADVANCED_FACE('',(#6725),#6727,.T.);
#2392=COLOUR_RGB('',0.156862745098039,0.156862745098039,0.156862745098039);
#2393=FILL_AREA_STYLE_COLOUR('',#2392);
#2394=FILL_AREA_STYLE($,(#2393));
#2395=SURFACE_STYLE_FILL_AREA(#2394);
#2396=SURFACE_SIDE_STYLE('',(#2395));
#2397=SURFACE_STYLE_USAGE(.BOTH.,#2396);
#2398=PRESENTATION_STYLE_ASSIGNMENT((#2397));
#2399=STYLED_ITEM('',(#2398),#2391);
#2400=ADVANCED_FACE('',(#6732),#6734,.T.);
#2401=COLOUR_RGB('',0.156862745098039,0.156862745098039,0.156862745098039);
#2402=FILL_AREA_STYLE_COLOUR('',#2401);
#2403=FILL_AREA_STYLE($,(#2402));
#2404=SURFACE_STYLE_FILL_AREA(#2403);
#2405=SURFACE_SIDE_STYLE('',(#2404));
#2406=SURFACE_STYLE_USAGE(.BOTH.,#2405);
#2407=PRESENTATION_STYLE_ASSIGNMENT((#2406));
#2408=STYLED_ITEM('',(#2407),#2400);
#2409=ADVANCED_FACE('',(#6739),#6741,.T.);
#2410=COLOUR_RGB('',0.156862745098039,0.156862745098039,0.156862745098039);
#2411=FILL_AREA_STYLE_COLOUR('',#2410);
#2412=FILL_AREA_STYLE($,(#2411));
#2413=SURFACE_STYLE_FILL_AREA(#2412);
#2414=SURFACE_SIDE_STYLE('',(#2413));
#2415=SURFACE_STYLE_USAGE(.BOTH.,#2414);
#2416=PRESENTATION_STYLE_ASSIGNMENT((#2415));
#2417=STYLED_ITEM('',(#2416),#2409);
#2418=ADVANCED_FACE('',(#6746),#6748,.T.);
#2419=COLOUR_RGB('',0.156862745098039,0.156862745098039,0.156862745098039);
#2420=FILL_AREA_STYLE_COLOUR('',#2419);
#2421=FILL_AREA_STYLE($,(#2420));
#2422=SURFACE_STYLE_FILL_AREA(#2421);
#2423=SURFACE_SIDE_STYLE('',(#2422));
#2424=SURFACE_STYLE_USAGE(.BOTH.,#2423);
#2425=PRESENTATION_STYLE_ASSIGNMENT((#2424));
#2426=STYLED_ITEM('',(#2425),#2418);
#2427=ADVANCED_FACE('',(#6753),#6755,.T.);
#2428=COLOUR_RGB('',0.156862745098039,0.156862745098039,0.156862745098039);
#2429=FILL_AREA_STYLE_COLOUR('',#2428);
#2430=FILL_AREA_STYLE($,(#2429));
#2431=SURFACE_STYLE_FILL_AREA(#2430);
#2432=SURFACE_SIDE_STYLE('',(#2431));
#2433=SURFACE_STYLE_USAGE(.BOTH.,#2432);
#2434=PRESENTATION_STYLE_ASSIGNMENT((#2433));
#2435=STYLED_ITEM('',(#2434),#2427);
#2436=ADVANCED_FACE('',(#6760),#6762,.T.);
#2437=COLOUR_RGB('',0.156862745098039,0.156862745098039,0.156862745098039);
#2438=FILL_AREA_STYLE_COLOUR('',#2437);
#2439=FILL_AREA_STYLE($,(#2438));
#2440=SURFACE_STYLE_FILL_AREA(#2439);
#2441=SURFACE_SIDE_STYLE('',(#2440));
#2442=SURFACE_STYLE_USAGE(.BOTH.,#2441);
#2443=PRESENTATION_STYLE_ASSIGNMENT((#2442));
#2444=STYLED_ITEM('',(#2443),#2436);
#2445=ADVANCED_FACE('',(#6767),#6769,.T.);
#2446=COLOUR_RGB('',0.156862745098039,0.156862745098039,0.156862745098039);
#2447=FILL_AREA_STYLE_COLOUR('',#2446);
#2448=FILL_AREA_STYLE($,(#2447));
#2449=SURFACE_STYLE_FILL_AREA(#2448);
#2450=SURFACE_SIDE_STYLE('',(#2449));
#2451=SURFACE_STYLE_USAGE(.BOTH.,#2450);
#2452=PRESENTATION_STYLE_ASSIGNMENT((#2451));
#2453=STYLED_ITEM('',(#2452),#2445);
#2454=ADVANCED_FACE('',(#6774),#6776,.T.);
#2455=COLOUR_RGB('',0.156862745098039,0.156862745098039,0.156862745098039);
#2456=FILL_AREA_STYLE_COLOUR('',#2455);
#2457=FILL_AREA_STYLE($,(#2456));
#2458=SURFACE_STYLE_FILL_AREA(#2457);
#2459=SURFACE_SIDE_STYLE('',(#2458));
#2460=SURFACE_STYLE_USAGE(.BOTH.,#2459);
#2461=PRESENTATION_STYLE_ASSIGNMENT((#2460));
#2462=STYLED_ITEM('',(#2461),#2454);
#2463=ADVANCED_FACE('',(#6781),#6783,.T.);
#2464=COLOUR_RGB('',0.156862745098039,0.156862745098039,0.156862745098039);
#2465=FILL_AREA_STYLE_COLOUR('',#2464);
#2466=FILL_AREA_STYLE($,(#2465));
#2467=SURFACE_STYLE_FILL_AREA(#2466);
#2468=SURFACE_SIDE_STYLE('',(#2467));
#2469=SURFACE_STYLE_USAGE(.BOTH.,#2468);
#2470=PRESENTATION_STYLE_ASSIGNMENT((#2469));
#2471=STYLED_ITEM('',(#2470),#2463);
#2472=ADVANCED_FACE('',(#6788),#6790,.T.);
#2473=COLOUR_RGB('',0.156862745098039,0.156862745098039,0.156862745098039);
#2474=FILL_AREA_STYLE_COLOUR('',#2473);
#2475=FILL_AREA_STYLE($,(#2474));
#2476=SURFACE_STYLE_FILL_AREA(#2475);
#2477=SURFACE_SIDE_STYLE('',(#2476));
#2478=SURFACE_STYLE_USAGE(.BOTH.,#2477);
#2479=PRESENTATION_STYLE_ASSIGNMENT((#2478));
#2480=STYLED_ITEM('',(#2479),#2472);
#2481=ADVANCED_FACE('',(#6795),#6797,.T.);
#2482=COLOUR_RGB('',0.156862745098039,0.156862745098039,0.156862745098039);
#2483=FILL_AREA_STYLE_COLOUR('',#2482);
#2484=FILL_AREA_STYLE($,(#2483));
#2485=SURFACE_STYLE_FILL_AREA(#2484);
#2486=SURFACE_SIDE_STYLE('',(#2485));
#2487=SURFACE_STYLE_USAGE(.BOTH.,#2486);
#2488=PRESENTATION_STYLE_ASSIGNMENT((#2487));
#2489=STYLED_ITEM('',(#2488),#2481);
#2490=ADVANCED_FACE('',(#6802),#6804,.T.);
#2491=COLOUR_RGB('',0.156862745098039,0.156862745098039,0.156862745098039);
#2492=FILL_AREA_STYLE_COLOUR('',#2491);
#2493=FILL_AREA_STYLE($,(#2492));
#2494=SURFACE_STYLE_FILL_AREA(#2493);
#2495=SURFACE_SIDE_STYLE('',(#2494));
#2496=SURFACE_STYLE_USAGE(.BOTH.,#2495);
#2497=PRESENTATION_STYLE_ASSIGNMENT((#2496));
#2498=STYLED_ITEM('',(#2497),#2490);
#2499=ADVANCED_FACE('',(#6809),#6811,.T.);
#2500=COLOUR_RGB('',0.156862745098039,0.156862745098039,0.156862745098039);
#2501=FILL_AREA_STYLE_COLOUR('',#2500);
#2502=FILL_AREA_STYLE($,(#2501));
#2503=SURFACE_STYLE_FILL_AREA(#2502);
#2504=SURFACE_SIDE_STYLE('',(#2503));
#2505=SURFACE_STYLE_USAGE(.BOTH.,#2504);
#2506=PRESENTATION_STYLE_ASSIGNMENT((#2505));
#2507=STYLED_ITEM('',(#2506),#2499);
#2508=ADVANCED_FACE('',(#6816),#6818,.T.);
#2509=COLOUR_RGB('',0.156862745098039,0.156862745098039,0.156862745098039);
#2510=FILL_AREA_STYLE_COLOUR('',#2509);
#2511=FILL_AREA_STYLE($,(#2510));
#2512=SURFACE_STYLE_FILL_AREA(#2511);
#2513=SURFACE_SIDE_STYLE('',(#2512));
#2514=SURFACE_STYLE_USAGE(.BOTH.,#2513);
#2515=PRESENTATION_STYLE_ASSIGNMENT((#2514));
#2516=STYLED_ITEM('',(#2515),#2508);
#2517=ADVANCED_FACE('',(#6823),#6825,.T.);
#2518=COLOUR_RGB('',0.156862745098039,0.156862745098039,0.156862745098039);
#2519=FILL_AREA_STYLE_COLOUR('',#2518);
#2520=FILL_AREA_STYLE($,(#2519));
#2521=SURFACE_STYLE_FILL_AREA(#2520);
#2522=SURFACE_SIDE_STYLE('',(#2521));
#2523=SURFACE_STYLE_USAGE(.BOTH.,#2522);
#2524=PRESENTATION_STYLE_ASSIGNMENT((#2523));
#2525=STYLED_ITEM('',(#2524),#2517);
#2526=ADVANCED_FACE('',(#6830),#6832,.T.);
#2527=COLOUR_RGB('',0.156862745098039,0.156862745098039,0.156862745098039);
#2528=FILL_AREA_STYLE_COLOUR('',#2527);
#2529=FILL_AREA_STYLE($,(#2528));
#2530=SURFACE_STYLE_FILL_AREA(#2529);
#2531=SURFACE_SIDE_STYLE('',(#2530));
#2532=SURFACE_STYLE_USAGE(.BOTH.,#2531);
#2533=PRESENTATION_STYLE_ASSIGNMENT((#2532));
#2534=STYLED_ITEM('',(#2533),#2526);
#2535=ADVANCED_FACE('',(#6837),#6839,.T.);
#2536=COLOUR_RGB('',0.156862745098039,0.156862745098039,0.156862745098039);
#2537=FILL_AREA_STYLE_COLOUR('',#2536);
#2538=FILL_AREA_STYLE($,(#2537));
#2539=SURFACE_STYLE_FILL_AREA(#2538);
#2540=SURFACE_SIDE_STYLE('',(#2539));
#2541=SURFACE_STYLE_USAGE(.BOTH.,#2540);
#2542=PRESENTATION_STYLE_ASSIGNMENT((#2541));
#2543=STYLED_ITEM('',(#2542),#2535);
#2544=ADVANCED_FACE('',(#6844),#6846,.T.);
#2545=COLOUR_RGB('',0.156862745098039,0.156862745098039,0.156862745098039);
#2546=FILL_AREA_STYLE_COLOUR('',#2545);
#2547=FILL_AREA_STYLE($,(#2546));
#2548=SURFACE_STYLE_FILL_AREA(#2547);
#2549=SURFACE_SIDE_STYLE('',(#2548));
#2550=SURFACE_STYLE_USAGE(.BOTH.,#2549);
#2551=PRESENTATION_STYLE_ASSIGNMENT((#2550));
#2552=STYLED_ITEM('',(#2551),#2544);
#2553=ADVANCED_FACE('',(#6851),#6853,.T.);
#2554=COLOUR_RGB('',0.156862745098039,0.156862745098039,0.156862745098039);
#2555=FILL_AREA_STYLE_COLOUR('',#2554);
#2556=FILL_AREA_STYLE($,(#2555));
#2557=SURFACE_STYLE_FILL_AREA(#2556);
#2558=SURFACE_SIDE_STYLE('',(#2557));
#2559=SURFACE_STYLE_USAGE(.BOTH.,#2558);
#2560=PRESENTATION_STYLE_ASSIGNMENT((#2559));
#2561=STYLED_ITEM('',(#2560),#2553);
#2562=ADVANCED_FACE('',(#6858),#6860,.T.);
#2563=COLOUR_RGB('',0.156862745098039,0.156862745098039,0.156862745098039);
#2564=FILL_AREA_STYLE_COLOUR('',#2563);
#2565=FILL_AREA_STYLE($,(#2564));
#2566=SURFACE_STYLE_FILL_AREA(#2565);
#2567=SURFACE_SIDE_STYLE('',(#2566));
#2568=SURFACE_STYLE_USAGE(.BOTH.,#2567);
#2569=PRESENTATION_STYLE_ASSIGNMENT((#2568));
#2570=STYLED_ITEM('',(#2569),#2562);
#2571=ADVANCED_FACE('',(#6865),#6867,.T.);
#2572=COLOUR_RGB('',0.156862745098039,0.156862745098039,0.156862745098039);
#2573=FILL_AREA_STYLE_COLOUR('',#2572);
#2574=FILL_AREA_STYLE($,(#2573));
#2575=SURFACE_STYLE_FILL_AREA(#2574);
#2576=SURFACE_SIDE_STYLE('',(#2575));
#2577=SURFACE_STYLE_USAGE(.BOTH.,#2576);
#2578=PRESENTATION_STYLE_ASSIGNMENT((#2577));
#2579=STYLED_ITEM('',(#2578),#2571);
#2580=ADVANCED_FACE('',(#6872),#6874,.T.);
#2581=COLOUR_RGB('',0.156862745098039,0.156862745098039,0.156862745098039);
#2582=FILL_AREA_STYLE_COLOUR('',#2581);
#2583=FILL_AREA_STYLE($,(#2582));
#2584=SURFACE_STYLE_FILL_AREA(#2583);
#2585=SURFACE_SIDE_STYLE('',(#2584));
#2586=SURFACE_STYLE_USAGE(.BOTH.,#2585);
#2587=PRESENTATION_STYLE_ASSIGNMENT((#2586));
#2588=STYLED_ITEM('',(#2587),#2580);
#2589=ADVANCED_FACE('',(#6879),#6881,.T.);
#2590=COLOUR_RGB('',0.156862745098039,0.156862745098039,0.156862745098039);
#2591=FILL_AREA_STYLE_COLOUR('',#2590);
#2592=FILL_AREA_STYLE($,(#2591));
#2593=SURFACE_STYLE_FILL_AREA(#2592);
#2594=SURFACE_SIDE_STYLE('',(#2593));
#2595=SURFACE_STYLE_USAGE(.BOTH.,#2594);
#2596=PRESENTATION_STYLE_ASSIGNMENT((#2595));
#2597=STYLED_ITEM('',(#2596),#2589);
#2598=ADVANCED_FACE('',(#6886),#6888,.T.);
#2599=COLOUR_RGB('',0.156862745098039,0.156862745098039,0.156862745098039);
#2600=FILL_AREA_STYLE_COLOUR('',#2599);
#2601=FILL_AREA_STYLE($,(#2600));
#2602=SURFACE_STYLE_FILL_AREA(#2601);
#2603=SURFACE_SIDE_STYLE('',(#2602));
#2604=SURFACE_STYLE_USAGE(.BOTH.,#2603);
#2605=PRESENTATION_STYLE_ASSIGNMENT((#2604));
#2606=STYLED_ITEM('',(#2605),#2598);
#2607=ADVANCED_FACE('',(#6893),#6895,.T.);
#2608=COLOUR_RGB('',0.156862745098039,0.156862745098039,0.156862745098039);
#2609=FILL_AREA_STYLE_COLOUR('',#2608);
#2610=FILL_AREA_STYLE($,(#2609));
#2611=SURFACE_STYLE_FILL_AREA(#2610);
#2612=SURFACE_SIDE_STYLE('',(#2611));
#2613=SURFACE_STYLE_USAGE(.BOTH.,#2612);
#2614=PRESENTATION_STYLE_ASSIGNMENT((#2613));
#2615=STYLED_ITEM('',(#2614),#2607);
#2616=ADVANCED_FACE('',(#6900),#6902,.T.);
#2617=COLOUR_RGB('',0.156862745098039,0.156862745098039,0.156862745098039);
#2618=FILL_AREA_STYLE_COLOUR('',#2617);
#2619=FILL_AREA_STYLE($,(#2618));
#2620=SURFACE_STYLE_FILL_AREA(#2619);
#2621=SURFACE_SIDE_STYLE('',(#2620));
#2622=SURFACE_STYLE_USAGE(.BOTH.,#2621);
#2623=PRESENTATION_STYLE_ASSIGNMENT((#2622));
#2624=STYLED_ITEM('',(#2623),#2616);
#2625=ADVANCED_FACE('',(#6907),#6909,.T.);
#2626=COLOUR_RGB('',0.156862745098039,0.156862745098039,0.156862745098039);
#2627=FILL_AREA_STYLE_COLOUR('',#2626);
#2628=FILL_AREA_STYLE($,(#2627));
#2629=SURFACE_STYLE_FILL_AREA(#2628);
#2630=SURFACE_SIDE_STYLE('',(#2629));
#2631=SURFACE_STYLE_USAGE(.BOTH.,#2630);
#2632=PRESENTATION_STYLE_ASSIGNMENT((#2631));
#2633=STYLED_ITEM('',(#2632),#2625);
#2634=ADVANCED_FACE('',(#6914),#6916,.T.);
#2635=COLOUR_RGB('',0.156862745098039,0.156862745098039,0.156862745098039);
#2636=FILL_AREA_STYLE_COLOUR('',#2635);
#2637=FILL_AREA_STYLE($,(#2636));
#2638=SURFACE_STYLE_FILL_AREA(#2637);
#2639=SURFACE_SIDE_STYLE('',(#2638));
#2640=SURFACE_STYLE_USAGE(.BOTH.,#2639);
#2641=PRESENTATION_STYLE_ASSIGNMENT((#2640));
#2642=STYLED_ITEM('',(#2641),#2634);
#2643=ADVANCED_FACE('',(#6921),#6923,.T.);
#2644=COLOUR_RGB('',0.156862745098039,0.156862745098039,0.156862745098039);
#2645=FILL_AREA_STYLE_COLOUR('',#2644);
#2646=FILL_AREA_STYLE($,(#2645));
#2647=SURFACE_STYLE_FILL_AREA(#2646);
#2648=SURFACE_SIDE_STYLE('',(#2647));
#2649=SURFACE_STYLE_USAGE(.BOTH.,#2648);
#2650=PRESENTATION_STYLE_ASSIGNMENT((#2649));
#2651=STYLED_ITEM('',(#2650),#2643);
#2652=ADVANCED_FACE('',(#6928),#6930,.T.);
#2653=COLOUR_RGB('',0.156862745098039,0.156862745098039,0.156862745098039);
#2654=FILL_AREA_STYLE_COLOUR('',#2653);
#2655=FILL_AREA_STYLE($,(#2654));
#2656=SURFACE_STYLE_FILL_AREA(#2655);
#2657=SURFACE_SIDE_STYLE('',(#2656));
#2658=SURFACE_STYLE_USAGE(.BOTH.,#2657);
#2659=PRESENTATION_STYLE_ASSIGNMENT((#2658));
#2660=STYLED_ITEM('',(#2659),#2652);
#2661=ADVANCED_FACE('',(#6935),#6937,.T.);
#2662=COLOUR_RGB('',0.156862745098039,0.156862745098039,0.156862745098039);
#2663=FILL_AREA_STYLE_COLOUR('',#2662);
#2664=FILL_AREA_STYLE($,(#2663));
#2665=SURFACE_STYLE_FILL_AREA(#2664);
#2666=SURFACE_SIDE_STYLE('',(#2665));
#2667=SURFACE_STYLE_USAGE(.BOTH.,#2666);
#2668=PRESENTATION_STYLE_ASSIGNMENT((#2667));
#2669=STYLED_ITEM('',(#2668),#2661);
#2670=ADVANCED_FACE('',(#6942),#6944,.T.);
#2671=COLOUR_RGB('',0.156862745098039,0.156862745098039,0.156862745098039);
#2672=FILL_AREA_STYLE_COLOUR('',#2671);
#2673=FILL_AREA_STYLE($,(#2672));
#2674=SURFACE_STYLE_FILL_AREA(#2673);
#2675=SURFACE_SIDE_STYLE('',(#2674));
#2676=SURFACE_STYLE_USAGE(.BOTH.,#2675);
#2677=PRESENTATION_STYLE_ASSIGNMENT((#2676));
#2678=STYLED_ITEM('',(#2677),#2670);
#2679=ADVANCED_FACE('',(#6949),#6951,.T.);
#2680=COLOUR_RGB('',0.156862745098039,0.156862745098039,0.156862745098039);
#2681=FILL_AREA_STYLE_COLOUR('',#2680);
#2682=FILL_AREA_STYLE($,(#2681));
#2683=SURFACE_STYLE_FILL_AREA(#2682);
#2684=SURFACE_SIDE_STYLE('',(#2683));
#2685=SURFACE_STYLE_USAGE(.BOTH.,#2684);
#2686=PRESENTATION_STYLE_ASSIGNMENT((#2685));
#2687=STYLED_ITEM('',(#2686),#2679);
#2688=ADVANCED_FACE('',(#6956),#6958,.T.);
#2689=COLOUR_RGB('',0.156862745098039,0.156862745098039,0.156862745098039);
#2690=FILL_AREA_STYLE_COLOUR('',#2689);
#2691=FILL_AREA_STYLE($,(#2690));
#2692=SURFACE_STYLE_FILL_AREA(#2691);
#2693=SURFACE_SIDE_STYLE('',(#2692));
#2694=SURFACE_STYLE_USAGE(.BOTH.,#2693);
#2695=PRESENTATION_STYLE_ASSIGNMENT((#2694));
#2696=STYLED_ITEM('',(#2695),#2688);
#2697=ADVANCED_FACE('',(#6963),#6965,.T.);
#2698=COLOUR_RGB('',0.156862745098039,0.156862745098039,0.156862745098039);
#2699=FILL_AREA_STYLE_COLOUR('',#2698);
#2700=FILL_AREA_STYLE($,(#2699));
#2701=SURFACE_STYLE_FILL_AREA(#2700);
#2702=SURFACE_SIDE_STYLE('',(#2701));
#2703=SURFACE_STYLE_USAGE(.BOTH.,#2702);
#2704=PRESENTATION_STYLE_ASSIGNMENT((#2703));
#2705=STYLED_ITEM('',(#2704),#2697);
#2706=ADVANCED_FACE('',(#6970),#6972,.T.);
#2707=COLOUR_RGB('',0.156862745098039,0.156862745098039,0.156862745098039);
#2708=FILL_AREA_STYLE_COLOUR('',#2707);
#2709=FILL_AREA_STYLE($,(#2708));
#2710=SURFACE_STYLE_FILL_AREA(#2709);
#2711=SURFACE_SIDE_STYLE('',(#2710));
#2712=SURFACE_STYLE_USAGE(.BOTH.,#2711);
#2713=PRESENTATION_STYLE_ASSIGNMENT((#2712));
#2714=STYLED_ITEM('',(#2713),#2706);
#2715=ADVANCED_FACE('',(#6977),#6979,.T.);
#2716=COLOUR_RGB('',0.156862745098039,0.156862745098039,0.156862745098039);
#2717=FILL_AREA_STYLE_COLOUR('',#2716);
#2718=FILL_AREA_STYLE($,(#2717));
#2719=SURFACE_STYLE_FILL_AREA(#2718);
#2720=SURFACE_SIDE_STYLE('',(#2719));
#2721=SURFACE_STYLE_USAGE(.BOTH.,#2720);
#2722=PRESENTATION_STYLE_ASSIGNMENT((#2721));
#2723=STYLED_ITEM('',(#2722),#2715);
#2724=ADVANCED_FACE('',(#6984),#6986,.T.);
#2725=COLOUR_RGB('',0.156862745098039,0.156862745098039,0.156862745098039);
#2726=FILL_AREA_STYLE_COLOUR('',#2725);
#2727=FILL_AREA_STYLE($,(#2726));
#2728=SURFACE_STYLE_FILL_AREA(#2727);
#2729=SURFACE_SIDE_STYLE('',(#2728));
#2730=SURFACE_STYLE_USAGE(.BOTH.,#2729);
#2731=PRESENTATION_STYLE_ASSIGNMENT((#2730));
#2732=STYLED_ITEM('',(#2731),#2724);
#2733=ADVANCED_FACE('',(#6991),#6993,.T.);
#2734=COLOUR_RGB('',0.156862745098039,0.156862745098039,0.156862745098039);
#2735=FILL_AREA_STYLE_COLOUR('',#2734);
#2736=FILL_AREA_STYLE($,(#2735));
#2737=SURFACE_STYLE_FILL_AREA(#2736);
#2738=SURFACE_SIDE_STYLE('',(#2737));
#2739=SURFACE_STYLE_USAGE(.BOTH.,#2738);
#2740=PRESENTATION_STYLE_ASSIGNMENT((#2739));
#2741=STYLED_ITEM('',(#2740),#2733);
#2742=ADVANCED_FACE('',(#6998),#7000,.T.);
#2743=COLOUR_RGB('',0.156862745098039,0.156862745098039,0.156862745098039);
#2744=FILL_AREA_STYLE_COLOUR('',#2743);
#2745=FILL_AREA_STYLE($,(#2744));
#2746=SURFACE_STYLE_FILL_AREA(#2745);
#2747=SURFACE_SIDE_STYLE('',(#2746));
#2748=SURFACE_STYLE_USAGE(.BOTH.,#2747);
#2749=PRESENTATION_STYLE_ASSIGNMENT((#2748));
#2750=STYLED_ITEM('',(#2749),#2742);
#2751=ADVANCED_FACE('',(#7005),#7007,.T.);
#2752=COLOUR_RGB('',0.156862745098039,0.156862745098039,0.156862745098039);
#2753=FILL_AREA_STYLE_COLOUR('',#2752);
#2754=FILL_AREA_STYLE($,(#2753));
#2755=SURFACE_STYLE_FILL_AREA(#2754);
#2756=SURFACE_SIDE_STYLE('',(#2755));
#2757=SURFACE_STYLE_USAGE(.BOTH.,#2756);
#2758=PRESENTATION_STYLE_ASSIGNMENT((#2757));
#2759=STYLED_ITEM('',(#2758),#2751);
#2760=ADVANCED_FACE('',(#7012),#7014,.T.);
#2761=COLOUR_RGB('',0.156862745098039,0.156862745098039,0.156862745098039);
#2762=FILL_AREA_STYLE_COLOUR('',#2761);
#2763=FILL_AREA_STYLE($,(#2762));
#2764=SURFACE_STYLE_FILL_AREA(#2763);
#2765=SURFACE_SIDE_STYLE('',(#2764));
#2766=SURFACE_STYLE_USAGE(.BOTH.,#2765);
#2767=PRESENTATION_STYLE_ASSIGNMENT((#2766));
#2768=STYLED_ITEM('',(#2767),#2760);
#2769=ADVANCED_FACE('',(#7019),#7021,.T.);
#2770=COLOUR_RGB('',0.156862745098039,0.156862745098039,0.156862745098039);
#2771=FILL_AREA_STYLE_COLOUR('',#2770);
#2772=FILL_AREA_STYLE($,(#2771));
#2773=SURFACE_STYLE_FILL_AREA(#2772);
#2774=SURFACE_SIDE_STYLE('',(#2773));
#2775=SURFACE_STYLE_USAGE(.BOTH.,#2774);
#2776=PRESENTATION_STYLE_ASSIGNMENT((#2775));
#2777=STYLED_ITEM('',(#2776),#2769);
#2778=ADVANCED_FACE('',(#7026),#7028,.T.);
#2779=COLOUR_RGB('',0.156862745098039,0.156862745098039,0.156862745098039);
#2780=FILL_AREA_STYLE_COLOUR('',#2779);
#2781=FILL_AREA_STYLE($,(#2780));
#2782=SURFACE_STYLE_FILL_AREA(#2781);
#2783=SURFACE_SIDE_STYLE('',(#2782));
#2784=SURFACE_STYLE_USAGE(.BOTH.,#2783);
#2785=PRESENTATION_STYLE_ASSIGNMENT((#2784));
#2786=STYLED_ITEM('',(#2785),#2778);
#2787=ADVANCED_FACE('',(#7033),#7035,.T.);
#2788=COLOUR_RGB('',0.156862745098039,0.156862745098039,0.156862745098039);
#2789=FILL_AREA_STYLE_COLOUR('',#2788);
#2790=FILL_AREA_STYLE($,(#2789));
#2791=SURFACE_STYLE_FILL_AREA(#2790);
#2792=SURFACE_SIDE_STYLE('',(#2791));
#2793=SURFACE_STYLE_USAGE(.BOTH.,#2792);
#2794=PRESENTATION_STYLE_ASSIGNMENT((#2793));
#2795=STYLED_ITEM('',(#2794),#2787);
#2796=ADVANCED_FACE('',(#7040),#7042,.T.);
#2797=COLOUR_RGB('',0.156862745098039,0.156862745098039,0.156862745098039);
#2798=FILL_AREA_STYLE_COLOUR('',#2797);
#2799=FILL_AREA_STYLE($,(#2798));
#2800=SURFACE_STYLE_FILL_AREA(#2799);
#2801=SURFACE_SIDE_STYLE('',(#2800));
#2802=SURFACE_STYLE_USAGE(.BOTH.,#2801);
#2803=PRESENTATION_STYLE_ASSIGNMENT((#2802));
#2804=STYLED_ITEM('',(#2803),#2796);
#2805=ADVANCED_FACE('',(#7047,#7049),#7051,.F.);
#2806=COLOUR_RGB('',0.156862745098039,0.156862745098039,0.156862745098039);
#2807=FILL_AREA_STYLE_COLOUR('',#2806);
#2808=FILL_AREA_STYLE($,(#2807));
#2809=SURFACE_STYLE_FILL_AREA(#2808);
#2810=SURFACE_SIDE_STYLE('',(#2809));
#2811=SURFACE_STYLE_USAGE(.BOTH.,#2810);
#2812=PRESENTATION_STYLE_ASSIGNMENT((#2811));
#2813=STYLED_ITEM('',(#2812),#2805);
#2814=ADVANCED_FACE('',(#7056,#7058),#7060,.F.);
#2815=COLOUR_RGB('',0.156862745098039,0.156862745098039,0.156862745098039);
#2816=FILL_AREA_STYLE_COLOUR('',#2815);
#2817=FILL_AREA_STYLE($,(#2816));
#2818=SURFACE_STYLE_FILL_AREA(#2817);
#2819=SURFACE_SIDE_STYLE('',(#2818));
#2820=SURFACE_STYLE_USAGE(.BOTH.,#2819);
#2821=PRESENTATION_STYLE_ASSIGNMENT((#2820));
#2822=STYLED_ITEM('',(#2821),#2814);
#2823=ADVANCED_FACE('',(#7065,#7067),#7069,.T.);
#2824=COLOUR_RGB('',0.156862745098039,0.156862745098039,0.156862745098039);
#2825=FILL_AREA_STYLE_COLOUR('',#2824);
#2826=FILL_AREA_STYLE($,(#2825));
#2827=SURFACE_STYLE_FILL_AREA(#2826);
#2828=SURFACE_SIDE_STYLE('',(#2827));
#2829=SURFACE_STYLE_USAGE(.BOTH.,#2828);
#2830=PRESENTATION_STYLE_ASSIGNMENT((#2829));
#2831=STYLED_ITEM('',(#2830),#2823);
#2832=ADVANCED_FACE('',(#7074),#7076,.T.);
#2833=COLOUR_RGB('',0.968627450980392,0.87843137254902,0.6);
#2834=FILL_AREA_STYLE_COLOUR('',#2833);
#2835=FILL_AREA_STYLE($,(#2834));
#2836=SURFACE_STYLE_FILL_AREA(#2835);
#2837=SURFACE_SIDE_STYLE('',(#2836));
#2838=SURFACE_STYLE_USAGE(.BOTH.,#2837);
#2839=PRESENTATION_STYLE_ASSIGNMENT((#2838));
#2840=STYLED_ITEM('',(#2839),#2832);
#2841=ADVANCED_FACE('',(#7081,#7083),#7085,.T.);
#2842=COLOUR_RGB('',0.968627450980392,0.87843137254902,0.6);
#2843=FILL_AREA_STYLE_COLOUR('',#2842);
#2844=FILL_AREA_STYLE($,(#2843));
#2845=SURFACE_STYLE_FILL_AREA(#2844);
#2846=SURFACE_SIDE_STYLE('',(#2845));
#2847=SURFACE_STYLE_USAGE(.BOTH.,#2846);
#2848=PRESENTATION_STYLE_ASSIGNMENT((#2847));
#2849=STYLED_ITEM('',(#2848),#2841);
#2850=ADVANCED_FACE('',(#7090,#7092),#7094,.T.);
#2851=COLOUR_RGB('',0.968627450980392,0.87843137254902,0.6);
#2852=FILL_AREA_STYLE_COLOUR('',#2851);
#2853=FILL_AREA_STYLE($,(#2852));
#2854=SURFACE_STYLE_FILL_AREA(#2853);
#2855=SURFACE_SIDE_STYLE('',(#2854));
#2856=SURFACE_STYLE_USAGE(.BOTH.,#2855);
#2857=PRESENTATION_STYLE_ASSIGNMENT((#2856));
#2858=STYLED_ITEM('',(#2857),#2850);
#2859=ADVANCED_FACE('',(#7099,#7101),#7103,.T.);
#2860=COLOUR_RGB('',0.968627450980392,0.87843137254902,0.6);
#2861=FILL_AREA_STYLE_COLOUR('',#2860);
#2862=FILL_AREA_STYLE($,(#2861));
#2863=SURFACE_STYLE_FILL_AREA(#2862);
#2864=SURFACE_SIDE_STYLE('',(#2863));
#2865=SURFACE_STYLE_USAGE(.BOTH.,#2864);
#2866=PRESENTATION_STYLE_ASSIGNMENT((#2865));
#2867=STYLED_ITEM('',(#2866),#2859);
#2868=ADVANCED_FACE('',(#7108,#7110),#7112,.T.);
#2869=COLOUR_RGB('',0.968627450980392,0.87843137254902,0.6);
#2870=FILL_AREA_STYLE_COLOUR('',#2869);
#2871=FILL_AREA_STYLE($,(#2870));
#2872=SURFACE_STYLE_FILL_AREA(#2871);
#2873=SURFACE_SIDE_STYLE('',(#2872));
#2874=SURFACE_STYLE_USAGE(.BOTH.,#2873);
#2875=PRESENTATION_STYLE_ASSIGNMENT((#2874));
#2876=STYLED_ITEM('',(#2875),#2868);
#2877=ADVANCED_FACE('',(#7117,#7119),#7121,.T.);
#2878=COLOUR_RGB('',0.968627450980392,0.87843137254902,0.6);
#2879=FILL_AREA_STYLE_COLOUR('',#2878);
#2880=FILL_AREA_STYLE($,(#2879));
#2881=SURFACE_STYLE_FILL_AREA(#2880);
#2882=SURFACE_SIDE_STYLE('',(#2881));
#2883=SURFACE_STYLE_USAGE(.BOTH.,#2882);
#2884=PRESENTATION_STYLE_ASSIGNMENT((#2883));
#2885=STYLED_ITEM('',(#2884),#2877);
#2886=ADVANCED_FACE('',(#7126,#7128),#7130,.T.);
#2887=COLOUR_RGB('',0.968627450980392,0.87843137254902,0.6);
#2888=FILL_AREA_STYLE_COLOUR('',#2887);
#2889=FILL_AREA_STYLE($,(#2888));
#2890=SURFACE_STYLE_FILL_AREA(#2889);
#2891=SURFACE_SIDE_STYLE('',(#2890));
#2892=SURFACE_STYLE_USAGE(.BOTH.,#2891);
#2893=PRESENTATION_STYLE_ASSIGNMENT((#2892));
#2894=STYLED_ITEM('',(#2893),#2886);
#2895=ADVANCED_FACE('',(#7135,#7137),#7139,.T.);
#2896=COLOUR_RGB('',0.968627450980392,0.87843137254902,0.6);
#2897=FILL_AREA_STYLE_COLOUR('',#2896);
#2898=FILL_AREA_STYLE($,(#2897));
#2899=SURFACE_STYLE_FILL_AREA(#2898);
#2900=SURFACE_SIDE_STYLE('',(#2899));
#2901=SURFACE_STYLE_USAGE(.BOTH.,#2900);
#2902=PRESENTATION_STYLE_ASSIGNMENT((#2901));
#2903=STYLED_ITEM('',(#2902),#2895);
#2904=ADVANCED_FACE('',(#7144),#7146,.T.);
#2905=COLOUR_RGB('',0.968627450980392,0.87843137254902,0.6);
#2906=FILL_AREA_STYLE_COLOUR('',#2905);
#2907=FILL_AREA_STYLE($,(#2906));
#2908=SURFACE_STYLE_FILL_AREA(#2907);
#2909=SURFACE_SIDE_STYLE('',(#2908));
#2910=SURFACE_STYLE_USAGE(.BOTH.,#2909);
#2911=PRESENTATION_STYLE_ASSIGNMENT((#2910));
#2912=STYLED_ITEM('',(#2911),#2904);
#2913=ADVANCED_FACE('',(#7151),#7153,.T.);
#2914=COLOUR_RGB('',0.968627450980392,0.87843137254902,0.6);
#2915=FILL_AREA_STYLE_COLOUR('',#2914);
#2916=FILL_AREA_STYLE($,(#2915));
#2917=SURFACE_STYLE_FILL_AREA(#2916);
#2918=SURFACE_SIDE_STYLE('',(#2917));
#2919=SURFACE_STYLE_USAGE(.BOTH.,#2918);
#2920=PRESENTATION_STYLE_ASSIGNMENT((#2919));
#2921=STYLED_ITEM('',(#2920),#2913);
#2922=ADVANCED_FACE('',(#7158,#7160),#7162,.T.);
#2923=COLOUR_RGB('',0.968627450980392,0.87843137254902,0.6);
#2924=FILL_AREA_STYLE_COLOUR('',#2923);
#2925=FILL_AREA_STYLE($,(#2924));
#2926=SURFACE_STYLE_FILL_AREA(#2925);
#2927=SURFACE_SIDE_STYLE('',(#2926));
#2928=SURFACE_STYLE_USAGE(.BOTH.,#2927);
#2929=PRESENTATION_STYLE_ASSIGNMENT((#2928));
#2930=STYLED_ITEM('',(#2929),#2922);
#2931=ADVANCED_FACE('',(#7167,#7169),#7171,.T.);
#2932=COLOUR_RGB('',0.968627450980392,0.87843137254902,0.6);
#2933=FILL_AREA_STYLE_COLOUR('',#2932);
#2934=FILL_AREA_STYLE($,(#2933));
#2935=SURFACE_STYLE_FILL_AREA(#2934);
#2936=SURFACE_SIDE_STYLE('',(#2935));
#2937=SURFACE_STYLE_USAGE(.BOTH.,#2936);
#2938=PRESENTATION_STYLE_ASSIGNMENT((#2937));
#2939=STYLED_ITEM('',(#2938),#2931);
#2940=ADVANCED_FACE('',(#7176,#7178),#7180,.T.);
#2941=COLOUR_RGB('',0.968627450980392,0.87843137254902,0.6);
#2942=FILL_AREA_STYLE_COLOUR('',#2941);
#2943=FILL_AREA_STYLE($,(#2942));
#2944=SURFACE_STYLE_FILL_AREA(#2943);
#2945=SURFACE_SIDE_STYLE('',(#2944));
#2946=SURFACE_STYLE_USAGE(.BOTH.,#2945);
#2947=PRESENTATION_STYLE_ASSIGNMENT((#2946));
#2948=STYLED_ITEM('',(#2947),#2940);
#2949=ADVANCED_FACE('',(#7185,#7187),#7189,.T.);
#2950=COLOUR_RGB('',0.968627450980392,0.87843137254902,0.6);
#2951=FILL_AREA_STYLE_COLOUR('',#2950);
#2952=FILL_AREA_STYLE($,(#2951));
#2953=SURFACE_STYLE_FILL_AREA(#2952);
#2954=SURFACE_SIDE_STYLE('',(#2953));
#2955=SURFACE_STYLE_USAGE(.BOTH.,#2954);
#2956=PRESENTATION_STYLE_ASSIGNMENT((#2955));
#2957=STYLED_ITEM('',(#2956),#2949);
#2958=ADVANCED_FACE('',(#7194,#7196),#7198,.T.);
#2959=COLOUR_RGB('',0.968627450980392,0.87843137254902,0.6);
#2960=FILL_AREA_STYLE_COLOUR('',#2959);
#2961=FILL_AREA_STYLE($,(#2960));
#2962=SURFACE_STYLE_FILL_AREA(#2961);
#2963=SURFACE_SIDE_STYLE('',(#2962));
#2964=SURFACE_STYLE_USAGE(.BOTH.,#2963);
#2965=PRESENTATION_STYLE_ASSIGNMENT((#2964));
#2966=STYLED_ITEM('',(#2965),#2958);
#2967=ADVANCED_FACE('',(#7203,#7205),#7207,.T.);
#2968=COLOUR_RGB('',0.968627450980392,0.87843137254902,0.6);
#2969=FILL_AREA_STYLE_COLOUR('',#2968);
#2970=FILL_AREA_STYLE($,(#2969));
#2971=SURFACE_STYLE_FILL_AREA(#2970);
#2972=SURFACE_SIDE_STYLE('',(#2971));
#2973=SURFACE_STYLE_USAGE(.BOTH.,#2972);
#2974=PRESENTATION_STYLE_ASSIGNMENT((#2973));
#2975=STYLED_ITEM('',(#2974),#2967);
#2976=ADVANCED_FACE('',(#7212,#7214),#7216,.T.);
#2977=COLOUR_RGB('',0.968627450980392,0.87843137254902,0.6);
#2978=FILL_AREA_STYLE_COLOUR('',#2977);
#2979=FILL_AREA_STYLE($,(#2978));
#2980=SURFACE_STYLE_FILL_AREA(#2979);
#2981=SURFACE_SIDE_STYLE('',(#2980));
#2982=SURFACE_STYLE_USAGE(.BOTH.,#2981);
#2983=PRESENTATION_STYLE_ASSIGNMENT((#2982));
#2984=STYLED_ITEM('',(#2983),#2976);
#2985=ADVANCED_FACE('',(#7221),#7223,.T.);
#2986=COLOUR_RGB('',0.968627450980392,0.87843137254902,0.6);
#2987=FILL_AREA_STYLE_COLOUR('',#2986);
#2988=FILL_AREA_STYLE($,(#2987));
#2989=SURFACE_STYLE_FILL_AREA(#2988);
#2990=SURFACE_SIDE_STYLE('',(#2989));
#2991=SURFACE_STYLE_USAGE(.BOTH.,#2990);
#2992=PRESENTATION_STYLE_ASSIGNMENT((#2991));
#2993=STYLED_ITEM('',(#2992),#2985);
#2994=ADVANCED_FACE('',(#7228),#7230,.T.);
#2995=COLOUR_RGB('',0.968627450980392,0.87843137254902,0.6);
#2996=FILL_AREA_STYLE_COLOUR('',#2995);
#2997=FILL_AREA_STYLE($,(#2996));
#2998=SURFACE_STYLE_FILL_AREA(#2997);
#2999=SURFACE_SIDE_STYLE('',(#2998));
#3000=SURFACE_STYLE_USAGE(.BOTH.,#2999);
#3001=PRESENTATION_STYLE_ASSIGNMENT((#3000));
#3002=STYLED_ITEM('',(#3001),#2994);
#3003=ADVANCED_FACE('',(#7235,#7237),#7239,.T.);
#3004=COLOUR_RGB('',0.968627450980392,0.87843137254902,0.6);
#3005=FILL_AREA_STYLE_COLOUR('',#3004);
#3006=FILL_AREA_STYLE($,(#3005));
#3007=SURFACE_STYLE_FILL_AREA(#3006);
#3008=SURFACE_SIDE_STYLE('',(#3007));
#3009=SURFACE_STYLE_USAGE(.BOTH.,#3008);
#3010=PRESENTATION_STYLE_ASSIGNMENT((#3009));
#3011=STYLED_ITEM('',(#3010),#3003);
#3012=ADVANCED_FACE('',(#7244,#7246),#7248,.T.);
#3013=COLOUR_RGB('',0.968627450980392,0.87843137254902,0.6);
#3014=FILL_AREA_STYLE_COLOUR('',#3013);
#3015=FILL_AREA_STYLE($,(#3014));
#3016=SURFACE_STYLE_FILL_AREA(#3015);
#3017=SURFACE_SIDE_STYLE('',(#3016));
#3018=SURFACE_STYLE_USAGE(.BOTH.,#3017);
#3019=PRESENTATION_STYLE_ASSIGNMENT((#3018));
#3020=STYLED_ITEM('',(#3019),#3012);
#3021=ADVANCED_FACE('',(#7253,#7255),#7257,.T.);
#3022=COLOUR_RGB('',0.968627450980392,0.87843137254902,0.6);
#3023=FILL_AREA_STYLE_COLOUR('',#3022);
#3024=FILL_AREA_STYLE($,(#3023));
#3025=SURFACE_STYLE_FILL_AREA(#3024);
#3026=SURFACE_SIDE_STYLE('',(#3025));
#3027=SURFACE_STYLE_USAGE(.BOTH.,#3026);
#3028=PRESENTATION_STYLE_ASSIGNMENT((#3027));
#3029=STYLED_ITEM('',(#3028),#3021);
#3030=ADVANCED_FACE('',(#7262,#7264),#7266,.T.);
#3031=COLOUR_RGB('',0.968627450980392,0.87843137254902,0.6);
#3032=FILL_AREA_STYLE_COLOUR('',#3031);
#3033=FILL_AREA_STYLE($,(#3032));
#3034=SURFACE_STYLE_FILL_AREA(#3033);
#3035=SURFACE_SIDE_STYLE('',(#3034));
#3036=SURFACE_STYLE_USAGE(.BOTH.,#3035);
#3037=PRESENTATION_STYLE_ASSIGNMENT((#3036));
#3038=STYLED_ITEM('',(#3037),#3030);
#3039=ADVANCED_FACE('',(#7271,#7273),#7275,.T.);
#3040=COLOUR_RGB('',0.968627450980392,0.87843137254902,0.6);
#3041=FILL_AREA_STYLE_COLOUR('',#3040);
#3042=FILL_AREA_STYLE($,(#3041));
#3043=SURFACE_STYLE_FILL_AREA(#3042);
#3044=SURFACE_SIDE_STYLE('',(#3043));
#3045=SURFACE_STYLE_USAGE(.BOTH.,#3044);
#3046=PRESENTATION_STYLE_ASSIGNMENT((#3045));
#3047=STYLED_ITEM('',(#3046),#3039);
#3048=ADVANCED_FACE('',(#7280,#7282),#7284,.T.);
#3049=COLOUR_RGB('',0.968627450980392,0.87843137254902,0.6);
#3050=FILL_AREA_STYLE_COLOUR('',#3049);
#3051=FILL_AREA_STYLE($,(#3050));
#3052=SURFACE_STYLE_FILL_AREA(#3051);
#3053=SURFACE_SIDE_STYLE('',(#3052));
#3054=SURFACE_STYLE_USAGE(.BOTH.,#3053);
#3055=PRESENTATION_STYLE_ASSIGNMENT((#3054));
#3056=STYLED_ITEM('',(#3055),#3048);
#3057=ADVANCED_FACE('',(#7289,#7291),#7293,.T.);
#3058=COLOUR_RGB('',0.968627450980392,0.87843137254902,0.6);
#3059=FILL_AREA_STYLE_COLOUR('',#3058);
#3060=FILL_AREA_STYLE($,(#3059));
#3061=SURFACE_STYLE_FILL_AREA(#3060);
#3062=SURFACE_SIDE_STYLE('',(#3061));
#3063=SURFACE_STYLE_USAGE(.BOTH.,#3062);
#3064=PRESENTATION_STYLE_ASSIGNMENT((#3063));
#3065=STYLED_ITEM('',(#3064),#3057);
#3066=ADVANCED_FACE('',(#7298),#7300,.T.);
#3067=COLOUR_RGB('',0.968627450980392,0.87843137254902,0.6);
#3068=FILL_AREA_STYLE_COLOUR('',#3067);
#3069=FILL_AREA_STYLE($,(#3068));
#3070=SURFACE_STYLE_FILL_AREA(#3069);
#3071=SURFACE_SIDE_STYLE('',(#3070));
#3072=SURFACE_STYLE_USAGE(.BOTH.,#3071);
#3073=PRESENTATION_STYLE_ASSIGNMENT((#3072));
#3074=STYLED_ITEM('',(#3073),#3066);
#3075=ADVANCED_FACE('',(#7305),#7307,.T.);
#3076=COLOUR_RGB('',0.968627450980392,0.87843137254902,0.6);
#3077=FILL_AREA_STYLE_COLOUR('',#3076);
#3078=FILL_AREA_STYLE($,(#3077));
#3079=SURFACE_STYLE_FILL_AREA(#3078);
#3080=SURFACE_SIDE_STYLE('',(#3079));
#3081=SURFACE_STYLE_USAGE(.BOTH.,#3080);
#3082=PRESENTATION_STYLE_ASSIGNMENT((#3081));
#3083=STYLED_ITEM('',(#3082),#3075);
#3084=ADVANCED_FACE('',(#7312,#7314),#7316,.T.);
#3085=COLOUR_RGB('',0.968627450980392,0.87843137254902,0.6);
#3086=FILL_AREA_STYLE_COLOUR('',#3085);
#3087=FILL_AREA_STYLE($,(#3086));
#3088=SURFACE_STYLE_FILL_AREA(#3087);
#3089=SURFACE_SIDE_STYLE('',(#3088));
#3090=SURFACE_STYLE_USAGE(.BOTH.,#3089);
#3091=PRESENTATION_STYLE_ASSIGNMENT((#3090));
#3092=STYLED_ITEM('',(#3091),#3084);
#3093=ADVANCED_FACE('',(#7321,#7323),#7325,.T.);
#3094=COLOUR_RGB('',0.968627450980392,0.87843137254902,0.6);
#3095=FILL_AREA_STYLE_COLOUR('',#3094);
#3096=FILL_AREA_STYLE($,(#3095));
#3097=SURFACE_STYLE_FILL_AREA(#3096);
#3098=SURFACE_SIDE_STYLE('',(#3097));
#3099=SURFACE_STYLE_USAGE(.BOTH.,#3098);
#3100=PRESENTATION_STYLE_ASSIGNMENT((#3099));
#3101=STYLED_ITEM('',(#3100),#3093);
#3102=ADVANCED_FACE('',(#7330,#7332),#7334,.T.);
#3103=COLOUR_RGB('',0.968627450980392,0.87843137254902,0.6);
#3104=FILL_AREA_STYLE_COLOUR('',#3103);
#3105=FILL_AREA_STYLE($,(#3104));
#3106=SURFACE_STYLE_FILL_AREA(#3105);
#3107=SURFACE_SIDE_STYLE('',(#3106));
#3108=SURFACE_STYLE_USAGE(.BOTH.,#3107);
#3109=PRESENTATION_STYLE_ASSIGNMENT((#3108));
#3110=STYLED_ITEM('',(#3109),#3102);
#3111=ADVANCED_FACE('',(#7339,#7341),#7343,.T.);
#3112=COLOUR_RGB('',0.968627450980392,0.87843137254902,0.6);
#3113=FILL_AREA_STYLE_COLOUR('',#3112);
#3114=FILL_AREA_STYLE($,(#3113));
#3115=SURFACE_STYLE_FILL_AREA(#3114);
#3116=SURFACE_SIDE_STYLE('',(#3115));
#3117=SURFACE_STYLE_USAGE(.BOTH.,#3116);
#3118=PRESENTATION_STYLE_ASSIGNMENT((#3117));
#3119=STYLED_ITEM('',(#3118),#3111);
#3120=ADVANCED_FACE('',(#7348,#7350),#7352,.T.);
#3121=COLOUR_RGB('',0.968627450980392,0.87843137254902,0.6);
#3122=FILL_AREA_STYLE_COLOUR('',#3121);
#3123=FILL_AREA_STYLE($,(#3122));
#3124=SURFACE_STYLE_FILL_AREA(#3123);
#3125=SURFACE_SIDE_STYLE('',(#3124));
#3126=SURFACE_STYLE_USAGE(.BOTH.,#3125);
#3127=PRESENTATION_STYLE_ASSIGNMENT((#3126));
#3128=STYLED_ITEM('',(#3127),#3120);
#3129=ADVANCED_FACE('',(#7357,#7359),#7361,.T.);
#3130=COLOUR_RGB('',0.968627450980392,0.87843137254902,0.6);
#3131=FILL_AREA_STYLE_COLOUR('',#3130);
#3132=FILL_AREA_STYLE($,(#3131));
#3133=SURFACE_STYLE_FILL_AREA(#3132);
#3134=SURFACE_SIDE_STYLE('',(#3133));
#3135=SURFACE_STYLE_USAGE(.BOTH.,#3134);
#3136=PRESENTATION_STYLE_ASSIGNMENT((#3135));
#3137=STYLED_ITEM('',(#3136),#3129);
#3138=ADVANCED_FACE('',(#7366,#7368),#7370,.T.);
#3139=COLOUR_RGB('',0.968627450980392,0.87843137254902,0.6);
#3140=FILL_AREA_STYLE_COLOUR('',#3139);
#3141=FILL_AREA_STYLE($,(#3140));
#3142=SURFACE_STYLE_FILL_AREA(#3141);
#3143=SURFACE_SIDE_STYLE('',(#3142));
#3144=SURFACE_STYLE_USAGE(.BOTH.,#3143);
#3145=PRESENTATION_STYLE_ASSIGNMENT((#3144));
#3146=STYLED_ITEM('',(#3145),#3138);
#3147=ADVANCED_FACE('',(#7375),#7377,.T.);
#3148=COLOUR_RGB('',0.968627450980392,0.87843137254902,0.6);
#3149=FILL_AREA_STYLE_COLOUR('',#3148);
#3150=FILL_AREA_STYLE($,(#3149));
#3151=SURFACE_STYLE_FILL_AREA(#3150);
#3152=SURFACE_SIDE_STYLE('',(#3151));
#3153=SURFACE_STYLE_USAGE(.BOTH.,#3152);
#3154=PRESENTATION_STYLE_ASSIGNMENT((#3153));
#3155=STYLED_ITEM('',(#3154),#3147);
#3156=ADVANCED_FACE('',(#7382),#7384,.T.);
#3157=COLOUR_RGB('',0.968627450980392,0.87843137254902,0.6);
#3158=FILL_AREA_STYLE_COLOUR('',#3157);
#3159=FILL_AREA_STYLE($,(#3158));
#3160=SURFACE_STYLE_FILL_AREA(#3159);
#3161=SURFACE_SIDE_STYLE('',(#3160));
#3162=SURFACE_STYLE_USAGE(.BOTH.,#3161);
#3163=PRESENTATION_STYLE_ASSIGNMENT((#3162));
#3164=STYLED_ITEM('',(#3163),#3156);
#3165=ADVANCED_FACE('',(#7389,#7391),#7393,.T.);
#3166=COLOUR_RGB('',0.968627450980392,0.87843137254902,0.6);
#3167=FILL_AREA_STYLE_COLOUR('',#3166);
#3168=FILL_AREA_STYLE($,(#3167));
#3169=SURFACE_STYLE_FILL_AREA(#3168);
#3170=SURFACE_SIDE_STYLE('',(#3169));
#3171=SURFACE_STYLE_USAGE(.BOTH.,#3170);
#3172=PRESENTATION_STYLE_ASSIGNMENT((#3171));
#3173=STYLED_ITEM('',(#3172),#3165);
#3174=ADVANCED_FACE('',(#7398,#7400),#7402,.T.);
#3175=COLOUR_RGB('',0.968627450980392,0.87843137254902,0.6);
#3176=FILL_AREA_STYLE_COLOUR('',#3175);
#3177=FILL_AREA_STYLE($,(#3176));
#3178=SURFACE_STYLE_FILL_AREA(#3177);
#3179=SURFACE_SIDE_STYLE('',(#3178));
#3180=SURFACE_STYLE_USAGE(.BOTH.,#3179);
#3181=PRESENTATION_STYLE_ASSIGNMENT((#3180));
#3182=STYLED_ITEM('',(#3181),#3174);
#3183=ADVANCED_FACE('',(#7407,#7409),#7411,.T.);
#3184=COLOUR_RGB('',0.968627450980392,0.87843137254902,0.6);
#3185=FILL_AREA_STYLE_COLOUR('',#3184);
#3186=FILL_AREA_STYLE($,(#3185));
#3187=SURFACE_STYLE_FILL_AREA(#3186);
#3188=SURFACE_SIDE_STYLE('',(#3187));
#3189=SURFACE_STYLE_USAGE(.BOTH.,#3188);
#3190=PRESENTATION_STYLE_ASSIGNMENT((#3189));
#3191=STYLED_ITEM('',(#3190),#3183);
#3192=ADVANCED_FACE('',(#7416,#7418),#7420,.T.);
#3193=COLOUR_RGB('',0.968627450980392,0.87843137254902,0.6);
#3194=FILL_AREA_STYLE_COLOUR('',#3193);
#3195=FILL_AREA_STYLE($,(#3194));
#3196=SURFACE_STYLE_FILL_AREA(#3195);
#3197=SURFACE_SIDE_STYLE('',(#3196));
#3198=SURFACE_STYLE_USAGE(.BOTH.,#3197);
#3199=PRESENTATION_STYLE_ASSIGNMENT((#3198));
#3200=STYLED_ITEM('',(#3199),#3192);
#3201=ADVANCED_FACE('',(#7425,#7427),#7429,.T.);
#3202=COLOUR_RGB('',0.968627450980392,0.87843137254902,0.6);
#3203=FILL_AREA_STYLE_COLOUR('',#3202);
#3204=FILL_AREA_STYLE($,(#3203));
#3205=SURFACE_STYLE_FILL_AREA(#3204);
#3206=SURFACE_SIDE_STYLE('',(#3205));
#3207=SURFACE_STYLE_USAGE(.BOTH.,#3206);
#3208=PRESENTATION_STYLE_ASSIGNMENT((#3207));
#3209=STYLED_ITEM('',(#3208),#3201);
#3210=ADVANCED_FACE('',(#7434,#7436),#7438,.T.);
#3211=COLOUR_RGB('',0.968627450980392,0.87843137254902,0.6);
#3212=FILL_AREA_STYLE_COLOUR('',#3211);
#3213=FILL_AREA_STYLE($,(#3212));
#3214=SURFACE_STYLE_FILL_AREA(#3213);
#3215=SURFACE_SIDE_STYLE('',(#3214));
#3216=SURFACE_STYLE_USAGE(.BOTH.,#3215);
#3217=PRESENTATION_STYLE_ASSIGNMENT((#3216));
#3218=STYLED_ITEM('',(#3217),#3210);
#3219=ADVANCED_FACE('',(#7443,#7445),#7447,.T.);
#3220=COLOUR_RGB('',0.968627450980392,0.87843137254902,0.6);
#3221=FILL_AREA_STYLE_COLOUR('',#3220);
#3222=FILL_AREA_STYLE($,(#3221));
#3223=SURFACE_STYLE_FILL_AREA(#3222);
#3224=SURFACE_SIDE_STYLE('',(#3223));
#3225=SURFACE_STYLE_USAGE(.BOTH.,#3224);
#3226=PRESENTATION_STYLE_ASSIGNMENT((#3225));
#3227=STYLED_ITEM('',(#3226),#3219);
#3228=ADVANCED_FACE('',(#7452),#7454,.T.);
#3229=COLOUR_RGB('',0.968627450980392,0.87843137254902,0.6);
#3230=FILL_AREA_STYLE_COLOUR('',#3229);
#3231=FILL_AREA_STYLE($,(#3230));
#3232=SURFACE_STYLE_FILL_AREA(#3231);
#3233=SURFACE_SIDE_STYLE('',(#3232));
#3234=SURFACE_STYLE_USAGE(.BOTH.,#3233);
#3235=PRESENTATION_STYLE_ASSIGNMENT((#3234));
#3236=STYLED_ITEM('',(#3235),#3228);
#3237=ADVANCED_FACE('',(#7459),#7461,.T.);
#3238=COLOUR_RGB('',0.968627450980392,0.87843137254902,0.6);
#3239=FILL_AREA_STYLE_COLOUR('',#3238);
#3240=FILL_AREA_STYLE($,(#3239));
#3241=SURFACE_STYLE_FILL_AREA(#3240);
#3242=SURFACE_SIDE_STYLE('',(#3241));
#3243=SURFACE_STYLE_USAGE(.BOTH.,#3242);
#3244=PRESENTATION_STYLE_ASSIGNMENT((#3243));
#3245=STYLED_ITEM('',(#3244),#3237);
#3246=ADVANCED_FACE('',(#7466,#7468),#7470,.T.);
#3247=COLOUR_RGB('',0.968627450980392,0.87843137254902,0.6);
#3248=FILL_AREA_STYLE_COLOUR('',#3247);
#3249=FILL_AREA_STYLE($,(#3248));
#3250=SURFACE_STYLE_FILL_AREA(#3249);
#3251=SURFACE_SIDE_STYLE('',(#3250));
#3252=SURFACE_STYLE_USAGE(.BOTH.,#3251);
#3253=PRESENTATION_STYLE_ASSIGNMENT((#3252));
#3254=STYLED_ITEM('',(#3253),#3246);
#3255=ADVANCED_FACE('',(#7475,#7477),#7479,.T.);
#3256=COLOUR_RGB('',0.968627450980392,0.87843137254902,0.6);
#3257=FILL_AREA_STYLE_COLOUR('',#3256);
#3258=FILL_AREA_STYLE($,(#3257));
#3259=SURFACE_STYLE_FILL_AREA(#3258);
#3260=SURFACE_SIDE_STYLE('',(#3259));
#3261=SURFACE_STYLE_USAGE(.BOTH.,#3260);
#3262=PRESENTATION_STYLE_ASSIGNMENT((#3261));
#3263=STYLED_ITEM('',(#3262),#3255);
#3264=ADVANCED_FACE('',(#7484,#7486),#7488,.T.);
#3265=COLOUR_RGB('',0.968627450980392,0.87843137254902,0.6);
#3266=FILL_AREA_STYLE_COLOUR('',#3265);
#3267=FILL_AREA_STYLE($,(#3266));
#3268=SURFACE_STYLE_FILL_AREA(#3267);
#3269=SURFACE_SIDE_STYLE('',(#3268));
#3270=SURFACE_STYLE_USAGE(.BOTH.,#3269);
#3271=PRESENTATION_STYLE_ASSIGNMENT((#3270));
#3272=STYLED_ITEM('',(#3271),#3264);
#3273=ADVANCED_FACE('',(#7493,#7495),#7497,.T.);
#3274=COLOUR_RGB('',0.968627450980392,0.87843137254902,0.6);
#3275=FILL_AREA_STYLE_COLOUR('',#3274);
#3276=FILL_AREA_STYLE($,(#3275));
#3277=SURFACE_STYLE_FILL_AREA(#3276);
#3278=SURFACE_SIDE_STYLE('',(#3277));
#3279=SURFACE_STYLE_USAGE(.BOTH.,#3278);
#3280=PRESENTATION_STYLE_ASSIGNMENT((#3279));
#3281=STYLED_ITEM('',(#3280),#3273);
#3282=ADVANCED_FACE('',(#7502,#7504),#7506,.T.);
#3283=COLOUR_RGB('',0.968627450980392,0.87843137254902,0.6);
#3284=FILL_AREA_STYLE_COLOUR('',#3283);
#3285=FILL_AREA_STYLE($,(#3284));
#3286=SURFACE_STYLE_FILL_AREA(#3285);
#3287=SURFACE_SIDE_STYLE('',(#3286));
#3288=SURFACE_STYLE_USAGE(.BOTH.,#3287);
#3289=PRESENTATION_STYLE_ASSIGNMENT((#3288));
#3290=STYLED_ITEM('',(#3289),#3282);
#3291=ADVANCED_FACE('',(#7511,#7513),#7515,.T.);
#3292=COLOUR_RGB('',0.968627450980392,0.87843137254902,0.6);
#3293=FILL_AREA_STYLE_COLOUR('',#3292);
#3294=FILL_AREA_STYLE($,(#3293));
#3295=SURFACE_STYLE_FILL_AREA(#3294);
#3296=SURFACE_SIDE_STYLE('',(#3295));
#3297=SURFACE_STYLE_USAGE(.BOTH.,#3296);
#3298=PRESENTATION_STYLE_ASSIGNMENT((#3297));
#3299=STYLED_ITEM('',(#3298),#3291);
#3300=ADVANCED_FACE('',(#7520,#7522),#7524,.T.);
#3301=COLOUR_RGB('',0.968627450980392,0.87843137254902,0.6);
#3302=FILL_AREA_STYLE_COLOUR('',#3301);
#3303=FILL_AREA_STYLE($,(#3302));
#3304=SURFACE_STYLE_FILL_AREA(#3303);
#3305=SURFACE_SIDE_STYLE('',(#3304));
#3306=SURFACE_STYLE_USAGE(.BOTH.,#3305);
#3307=PRESENTATION_STYLE_ASSIGNMENT((#3306));
#3308=STYLED_ITEM('',(#3307),#3300);
#3309=ADVANCED_FACE('',(#7529),#7531,.T.);
#3310=COLOUR_RGB('',0.968627450980392,0.87843137254902,0.6);
#3311=FILL_AREA_STYLE_COLOUR('',#3310);
#3312=FILL_AREA_STYLE($,(#3311));
#3313=SURFACE_STYLE_FILL_AREA(#3312);
#3314=SURFACE_SIDE_STYLE('',(#3313));
#3315=SURFACE_STYLE_USAGE(.BOTH.,#3314);
#3316=PRESENTATION_STYLE_ASSIGNMENT((#3315));
#3317=STYLED_ITEM('',(#3316),#3309);
#3318=ADVANCED_FACE('',(#7536),#7538,.T.);
#3319=COLOUR_RGB('',0.968627450980392,0.87843137254902,0.6);
#3320=FILL_AREA_STYLE_COLOUR('',#3319);
#3321=FILL_AREA_STYLE($,(#3320));
#3322=SURFACE_STYLE_FILL_AREA(#3321);
#3323=SURFACE_SIDE_STYLE('',(#3322));
#3324=SURFACE_STYLE_USAGE(.BOTH.,#3323);
#3325=PRESENTATION_STYLE_ASSIGNMENT((#3324));
#3326=STYLED_ITEM('',(#3325),#3318);
#3327=ADVANCED_FACE('',(#7543,#7545),#7547,.T.);
#3328=COLOUR_RGB('',0.968627450980392,0.87843137254902,0.6);
#3329=FILL_AREA_STYLE_COLOUR('',#3328);
#3330=FILL_AREA_STYLE($,(#3329));
#3331=SURFACE_STYLE_FILL_AREA(#3330);
#3332=SURFACE_SIDE_STYLE('',(#3331));
#3333=SURFACE_STYLE_USAGE(.BOTH.,#3332);
#3334=PRESENTATION_STYLE_ASSIGNMENT((#3333));
#3335=STYLED_ITEM('',(#3334),#3327);
#3336=ADVANCED_FACE('',(#7552,#7554),#7556,.T.);
#3337=COLOUR_RGB('',0.968627450980392,0.87843137254902,0.6);
#3338=FILL_AREA_STYLE_COLOUR('',#3337);
#3339=FILL_AREA_STYLE($,(#3338));
#3340=SURFACE_STYLE_FILL_AREA(#3339);
#3341=SURFACE_SIDE_STYLE('',(#3340));
#3342=SURFACE_STYLE_USAGE(.BOTH.,#3341);
#3343=PRESENTATION_STYLE_ASSIGNMENT((#3342));
#3344=STYLED_ITEM('',(#3343),#3336);
#3345=ADVANCED_FACE('',(#7561,#7563),#7565,.T.);
#3346=COLOUR_RGB('',0.968627450980392,0.87843137254902,0.6);
#3347=FILL_AREA_STYLE_COLOUR('',#3346);
#3348=FILL_AREA_STYLE($,(#3347));
#3349=SURFACE_STYLE_FILL_AREA(#3348);
#3350=SURFACE_SIDE_STYLE('',(#3349));
#3351=SURFACE_STYLE_USAGE(.BOTH.,#3350);
#3352=PRESENTATION_STYLE_ASSIGNMENT((#3351));
#3353=STYLED_ITEM('',(#3352),#3345);
#3354=ADVANCED_FACE('',(#7570,#7572),#7574,.T.);
#3355=COLOUR_RGB('',0.968627450980392,0.87843137254902,0.6);
#3356=FILL_AREA_STYLE_COLOUR('',#3355);
#3357=FILL_AREA_STYLE($,(#3356));
#3358=SURFACE_STYLE_FILL_AREA(#3357);
#3359=SURFACE_SIDE_STYLE('',(#3358));
#3360=SURFACE_STYLE_USAGE(.BOTH.,#3359);
#3361=PRESENTATION_STYLE_ASSIGNMENT((#3360));
#3362=STYLED_ITEM('',(#3361),#3354);
#3363=ADVANCED_FACE('',(#7579,#7581),#7583,.T.);
#3364=COLOUR_RGB('',0.968627450980392,0.87843137254902,0.6);
#3365=FILL_AREA_STYLE_COLOUR('',#3364);
#3366=FILL_AREA_STYLE($,(#3365));
#3367=SURFACE_STYLE_FILL_AREA(#3366);
#3368=SURFACE_SIDE_STYLE('',(#3367));
#3369=SURFACE_STYLE_USAGE(.BOTH.,#3368);
#3370=PRESENTATION_STYLE_ASSIGNMENT((#3369));
#3371=STYLED_ITEM('',(#3370),#3363);
#3372=ADVANCED_FACE('',(#7588,#7590),#7592,.T.);
#3373=COLOUR_RGB('',0.968627450980392,0.87843137254902,0.6);
#3374=FILL_AREA_STYLE_COLOUR('',#3373);
#3375=FILL_AREA_STYLE($,(#3374));
#3376=SURFACE_STYLE_FILL_AREA(#3375);
#3377=SURFACE_SIDE_STYLE('',(#3376));
#3378=SURFACE_STYLE_USAGE(.BOTH.,#3377);
#3379=PRESENTATION_STYLE_ASSIGNMENT((#3378));
#3380=STYLED_ITEM('',(#3379),#3372);
#3381=ADVANCED_FACE('',(#7597,#7599),#7601,.T.);
#3382=COLOUR_RGB('',0.968627450980392,0.87843137254902,0.6);
#3383=FILL_AREA_STYLE_COLOUR('',#3382);
#3384=FILL_AREA_STYLE($,(#3383));
#3385=SURFACE_STYLE_FILL_AREA(#3384);
#3386=SURFACE_SIDE_STYLE('',(#3385));
#3387=SURFACE_STYLE_USAGE(.BOTH.,#3386);
#3388=PRESENTATION_STYLE_ASSIGNMENT((#3387));
#3389=STYLED_ITEM('',(#3388),#3381);
#3390=ADVANCED_FACE('',(#7606),#7608,.T.);
#3391=COLOUR_RGB('',0.968627450980392,0.87843137254902,0.6);
#3392=FILL_AREA_STYLE_COLOUR('',#3391);
#3393=FILL_AREA_STYLE($,(#3392));
#3394=SURFACE_STYLE_FILL_AREA(#3393);
#3395=SURFACE_SIDE_STYLE('',(#3394));
#3396=SURFACE_STYLE_USAGE(.BOTH.,#3395);
#3397=PRESENTATION_STYLE_ASSIGNMENT((#3396));
#3398=STYLED_ITEM('',(#3397),#3390);
#3399=ADVANCED_FACE('',(#7613),#7615,.T.);
#3400=COLOUR_RGB('',0.968627450980392,0.87843137254902,0.6);
#3401=FILL_AREA_STYLE_COLOUR('',#3400);
#3402=FILL_AREA_STYLE($,(#3401));
#3403=SURFACE_STYLE_FILL_AREA(#3402);
#3404=SURFACE_SIDE_STYLE('',(#3403));
#3405=SURFACE_STYLE_USAGE(.BOTH.,#3404);
#3406=PRESENTATION_STYLE_ASSIGNMENT((#3405));
#3407=STYLED_ITEM('',(#3406),#3399);
#3408=ADVANCED_FACE('',(#7620,#7622),#7624,.T.);
#3409=COLOUR_RGB('',0.968627450980392,0.87843137254902,0.6);
#3410=FILL_AREA_STYLE_COLOUR('',#3409);
#3411=FILL_AREA_STYLE($,(#3410));
#3412=SURFACE_STYLE_FILL_AREA(#3411);
#3413=SURFACE_SIDE_STYLE('',(#3412));
#3414=SURFACE_STYLE_USAGE(.BOTH.,#3413);
#3415=PRESENTATION_STYLE_ASSIGNMENT((#3414));
#3416=STYLED_ITEM('',(#3415),#3408);
#3417=ADVANCED_FACE('',(#7629,#7631),#7633,.T.);
#3418=COLOUR_RGB('',0.968627450980392,0.87843137254902,0.6);
#3419=FILL_AREA_STYLE_COLOUR('',#3418);
#3420=FILL_AREA_STYLE($,(#3419));
#3421=SURFACE_STYLE_FILL_AREA(#3420);
#3422=SURFACE_SIDE_STYLE('',(#3421));
#3423=SURFACE_STYLE_USAGE(.BOTH.,#3422);
#3424=PRESENTATION_STYLE_ASSIGNMENT((#3423));
#3425=STYLED_ITEM('',(#3424),#3417);
#3426=ADVANCED_FACE('',(#7638,#7640),#7642,.T.);
#3427=COLOUR_RGB('',0.968627450980392,0.87843137254902,0.6);
#3428=FILL_AREA_STYLE_COLOUR('',#3427);
#3429=FILL_AREA_STYLE($,(#3428));
#3430=SURFACE_STYLE_FILL_AREA(#3429);
#3431=SURFACE_SIDE_STYLE('',(#3430));
#3432=SURFACE_STYLE_USAGE(.BOTH.,#3431);
#3433=PRESENTATION_STYLE_ASSIGNMENT((#3432));
#3434=STYLED_ITEM('',(#3433),#3426);
#3435=ADVANCED_FACE('',(#7647,#7649),#7651,.T.);
#3436=COLOUR_RGB('',0.968627450980392,0.87843137254902,0.6);
#3437=FILL_AREA_STYLE_COLOUR('',#3436);
#3438=FILL_AREA_STYLE($,(#3437));
#3439=SURFACE_STYLE_FILL_AREA(#3438);
#3440=SURFACE_SIDE_STYLE('',(#3439));
#3441=SURFACE_STYLE_USAGE(.BOTH.,#3440);
#3442=PRESENTATION_STYLE_ASSIGNMENT((#3441));
#3443=STYLED_ITEM('',(#3442),#3435);
#3444=ADVANCED_FACE('',(#7656,#7658),#7660,.T.);
#3445=COLOUR_RGB('',0.968627450980392,0.87843137254902,0.6);
#3446=FILL_AREA_STYLE_COLOUR('',#3445);
#3447=FILL_AREA_STYLE($,(#3446));
#3448=SURFACE_STYLE_FILL_AREA(#3447);
#3449=SURFACE_SIDE_STYLE('',(#3448));
#3450=SURFACE_STYLE_USAGE(.BOTH.,#3449);
#3451=PRESENTATION_STYLE_ASSIGNMENT((#3450));
#3452=STYLED_ITEM('',(#3451),#3444);
#3453=ADVANCED_FACE('',(#7665,#7667),#7669,.T.);
#3454=COLOUR_RGB('',0.968627450980392,0.87843137254902,0.6);
#3455=FILL_AREA_STYLE_COLOUR('',#3454);
#3456=FILL_AREA_STYLE($,(#3455));
#3457=SURFACE_STYLE_FILL_AREA(#3456);
#3458=SURFACE_SIDE_STYLE('',(#3457));
#3459=SURFACE_STYLE_USAGE(.BOTH.,#3458);
#3460=PRESENTATION_STYLE_ASSIGNMENT((#3459));
#3461=STYLED_ITEM('',(#3460),#3453);
#3462=ADVANCED_FACE('',(#7674,#7676),#7678,.T.);
#3463=COLOUR_RGB('',0.968627450980392,0.87843137254902,0.6);
#3464=FILL_AREA_STYLE_COLOUR('',#3463);
#3465=FILL_AREA_STYLE($,(#3464));
#3466=SURFACE_STYLE_FILL_AREA(#3465);
#3467=SURFACE_SIDE_STYLE('',(#3466));
#3468=SURFACE_STYLE_USAGE(.BOTH.,#3467);
#3469=PRESENTATION_STYLE_ASSIGNMENT((#3468));
#3470=STYLED_ITEM('',(#3469),#3462);
#3471=ADVANCED_FACE('',(#7683),#7685,.T.);
#3472=COLOUR_RGB('',0.968627450980392,0.87843137254902,0.6);
#3473=FILL_AREA_STYLE_COLOUR('',#3472);
#3474=FILL_AREA_STYLE($,(#3473));
#3475=SURFACE_STYLE_FILL_AREA(#3474);
#3476=SURFACE_SIDE_STYLE('',(#3475));
#3477=SURFACE_STYLE_USAGE(.BOTH.,#3476);
#3478=PRESENTATION_STYLE_ASSIGNMENT((#3477));
#3479=STYLED_ITEM('',(#3478),#3471);
#3480=ADVANCED_FACE('',(#7690),#7692,.T.);
#3481=COLOUR_RGB('',0.968627450980392,0.87843137254902,0.6);
#3482=FILL_AREA_STYLE_COLOUR('',#3481);
#3483=FILL_AREA_STYLE($,(#3482));
#3484=SURFACE_STYLE_FILL_AREA(#3483);
#3485=SURFACE_SIDE_STYLE('',(#3484));
#3486=SURFACE_STYLE_USAGE(.BOTH.,#3485);
#3487=PRESENTATION_STYLE_ASSIGNMENT((#3486));
#3488=STYLED_ITEM('',(#3487),#3480);
#3489=ADVANCED_FACE('',(#7697,#7699),#7701,.T.);
#3490=COLOUR_RGB('',0.968627450980392,0.87843137254902,0.6);
#3491=FILL_AREA_STYLE_COLOUR('',#3490);
#3492=FILL_AREA_STYLE($,(#3491));
#3493=SURFACE_STYLE_FILL_AREA(#3492);
#3494=SURFACE_SIDE_STYLE('',(#3493));
#3495=SURFACE_STYLE_USAGE(.BOTH.,#3494);
#3496=PRESENTATION_STYLE_ASSIGNMENT((#3495));
#3497=STYLED_ITEM('',(#3496),#3489);
#3498=ADVANCED_FACE('',(#7706,#7708),#7710,.T.);
#3499=COLOUR_RGB('',0.968627450980392,0.87843137254902,0.6);
#3500=FILL_AREA_STYLE_COLOUR('',#3499);
#3501=FILL_AREA_STYLE($,(#3500));
#3502=SURFACE_STYLE_FILL_AREA(#3501);
#3503=SURFACE_SIDE_STYLE('',(#3502));
#3504=SURFACE_STYLE_USAGE(.BOTH.,#3503);
#3505=PRESENTATION_STYLE_ASSIGNMENT((#3504));
#3506=STYLED_ITEM('',(#3505),#3498);
#3507=ADVANCED_FACE('',(#7715,#7717),#7719,.T.);
#3508=COLOUR_RGB('',0.968627450980392,0.87843137254902,0.6);
#3509=FILL_AREA_STYLE_COLOUR('',#3508);
#3510=FILL_AREA_STYLE($,(#3509));
#3511=SURFACE_STYLE_FILL_AREA(#3510);
#3512=SURFACE_SIDE_STYLE('',(#3511));
#3513=SURFACE_STYLE_USAGE(.BOTH.,#3512);
#3514=PRESENTATION_STYLE_ASSIGNMENT((#3513));
#3515=STYLED_ITEM('',(#3514),#3507);
#3516=ADVANCED_FACE('',(#7724,#7726),#7728,.T.);
#3517=COLOUR_RGB('',0.968627450980392,0.87843137254902,0.6);
#3518=FILL_AREA_STYLE_COLOUR('',#3517);
#3519=FILL_AREA_STYLE($,(#3518));
#3520=SURFACE_STYLE_FILL_AREA(#3519);
#3521=SURFACE_SIDE_STYLE('',(#3520));
#3522=SURFACE_STYLE_USAGE(.BOTH.,#3521);
#3523=PRESENTATION_STYLE_ASSIGNMENT((#3522));
#3524=STYLED_ITEM('',(#3523),#3516);
#3525=ADVANCED_FACE('',(#7733,#7735),#7737,.T.);
#3526=COLOUR_RGB('',0.968627450980392,0.87843137254902,0.6);
#3527=FILL_AREA_STYLE_COLOUR('',#3526);
#3528=FILL_AREA_STYLE($,(#3527));
#3529=SURFACE_STYLE_FILL_AREA(#3528);
#3530=SURFACE_SIDE_STYLE('',(#3529));
#3531=SURFACE_STYLE_USAGE(.BOTH.,#3530);
#3532=PRESENTATION_STYLE_ASSIGNMENT((#3531));
#3533=STYLED_ITEM('',(#3532),#3525);
#3534=ADVANCED_FACE('',(#7742,#7744),#7746,.T.);
#3535=COLOUR_RGB('',0.968627450980392,0.87843137254902,0.6);
#3536=FILL_AREA_STYLE_COLOUR('',#3535);
#3537=FILL_AREA_STYLE($,(#3536));
#3538=SURFACE_STYLE_FILL_AREA(#3537);
#3539=SURFACE_SIDE_STYLE('',(#3538));
#3540=SURFACE_STYLE_USAGE(.BOTH.,#3539);
#3541=PRESENTATION_STYLE_ASSIGNMENT((#3540));
#3542=STYLED_ITEM('',(#3541),#3534);
#3543=ADVANCED_FACE('',(#7751,#7753),#7755,.T.);
#3544=COLOUR_RGB('',0.968627450980392,0.87843137254902,0.6);
#3545=FILL_AREA_STYLE_COLOUR('',#3544);
#3546=FILL_AREA_STYLE($,(#3545));
#3547=SURFACE_STYLE_FILL_AREA(#3546);
#3548=SURFACE_SIDE_STYLE('',(#3547));
#3549=SURFACE_STYLE_USAGE(.BOTH.,#3548);
#3550=PRESENTATION_STYLE_ASSIGNMENT((#3549));
#3551=STYLED_ITEM('',(#3550),#3543);
#3552=ADVANCED_FACE('',(#7760),#7762,.T.);
#3553=COLOUR_RGB('',0.968627450980392,0.87843137254902,0.6);
#3554=FILL_AREA_STYLE_COLOUR('',#3553);
#3555=FILL_AREA_STYLE($,(#3554));
#3556=SURFACE_STYLE_FILL_AREA(#3555);
#3557=SURFACE_SIDE_STYLE('',(#3556));
#3558=SURFACE_STYLE_USAGE(.BOTH.,#3557);
#3559=PRESENTATION_STYLE_ASSIGNMENT((#3558));
#3560=STYLED_ITEM('',(#3559),#3552);
#3561=ADVANCED_FACE('',(#7767),#7769,.T.);
#3562=COLOUR_RGB('',0.968627450980392,0.87843137254902,0.6);
#3563=FILL_AREA_STYLE_COLOUR('',#3562);
#3564=FILL_AREA_STYLE($,(#3563));
#3565=SURFACE_STYLE_FILL_AREA(#3564);
#3566=SURFACE_SIDE_STYLE('',(#3565));
#3567=SURFACE_STYLE_USAGE(.BOTH.,#3566);
#3568=PRESENTATION_STYLE_ASSIGNMENT((#3567));
#3569=STYLED_ITEM('',(#3568),#3561);
#3570=ADVANCED_FACE('',(#7774,#7776),#7778,.T.);
#3571=COLOUR_RGB('',0.968627450980392,0.87843137254902,0.6);
#3572=FILL_AREA_STYLE_COLOUR('',#3571);
#3573=FILL_AREA_STYLE($,(#3572));
#3574=SURFACE_STYLE_FILL_AREA(#3573);
#3575=SURFACE_SIDE_STYLE('',(#3574));
#3576=SURFACE_STYLE_USAGE(.BOTH.,#3575);
#3577=PRESENTATION_STYLE_ASSIGNMENT((#3576));
#3578=STYLED_ITEM('',(#3577),#3570);
#3579=ADVANCED_FACE('',(#7783,#7785),#7787,.T.);
#3580=COLOUR_RGB('',0.968627450980392,0.87843137254902,0.6);
#3581=FILL_AREA_STYLE_COLOUR('',#3580);
#3582=FILL_AREA_STYLE($,(#3581));
#3583=SURFACE_STYLE_FILL_AREA(#3582);
#3584=SURFACE_SIDE_STYLE('',(#3583));
#3585=SURFACE_STYLE_USAGE(.BOTH.,#3584);
#3586=PRESENTATION_STYLE_ASSIGNMENT((#3585));
#3587=STYLED_ITEM('',(#3586),#3579);
#3588=ADVANCED_FACE('',(#7792,#7794),#7796,.T.);
#3589=COLOUR_RGB('',0.968627450980392,0.87843137254902,0.6);
#3590=FILL_AREA_STYLE_COLOUR('',#3589);
#3591=FILL_AREA_STYLE($,(#3590));
#3592=SURFACE_STYLE_FILL_AREA(#3591);
#3593=SURFACE_SIDE_STYLE('',(#3592));
#3594=SURFACE_STYLE_USAGE(.BOTH.,#3593);
#3595=PRESENTATION_STYLE_ASSIGNMENT((#3594));
#3596=STYLED_ITEM('',(#3595),#3588);
#3597=ADVANCED_FACE('',(#7801,#7803),#7805,.T.);
#3598=COLOUR_RGB('',0.968627450980392,0.87843137254902,0.6);
#3599=FILL_AREA_STYLE_COLOUR('',#3598);
#3600=FILL_AREA_STYLE($,(#3599));
#3601=SURFACE_STYLE_FILL_AREA(#3600);
#3602=SURFACE_SIDE_STYLE('',(#3601));
#3603=SURFACE_STYLE_USAGE(.BOTH.,#3602);
#3604=PRESENTATION_STYLE_ASSIGNMENT((#3603));
#3605=STYLED_ITEM('',(#3604),#3597);
#3606=ADVANCED_FACE('',(#7810,#7812),#7814,.T.);
#3607=COLOUR_RGB('',0.968627450980392,0.87843137254902,0.6);
#3608=FILL_AREA_STYLE_COLOUR('',#3607);
#3609=FILL_AREA_STYLE($,(#3608));
#3610=SURFACE_STYLE_FILL_AREA(#3609);
#3611=SURFACE_SIDE_STYLE('',(#3610));
#3612=SURFACE_STYLE_USAGE(.BOTH.,#3611);
#3613=PRESENTATION_STYLE_ASSIGNMENT((#3612));
#3614=STYLED_ITEM('',(#3613),#3606);
#3615=ADVANCED_FACE('',(#7819,#7821),#7823,.T.);
#3616=COLOUR_RGB('',0.968627450980392,0.87843137254902,0.6);
#3617=FILL_AREA_STYLE_COLOUR('',#3616);
#3618=FILL_AREA_STYLE($,(#3617));
#3619=SURFACE_STYLE_FILL_AREA(#3618);
#3620=SURFACE_SIDE_STYLE('',(#3619));
#3621=SURFACE_STYLE_USAGE(.BOTH.,#3620);
#3622=PRESENTATION_STYLE_ASSIGNMENT((#3621));
#3623=STYLED_ITEM('',(#3622),#3615);
#3624=ADVANCED_FACE('',(#7828,#7830),#7832,.T.);
#3625=COLOUR_RGB('',0.968627450980392,0.87843137254902,0.6);
#3626=FILL_AREA_STYLE_COLOUR('',#3625);
#3627=FILL_AREA_STYLE($,(#3626));
#3628=SURFACE_STYLE_FILL_AREA(#3627);
#3629=SURFACE_SIDE_STYLE('',(#3628));
#3630=SURFACE_STYLE_USAGE(.BOTH.,#3629);
#3631=PRESENTATION_STYLE_ASSIGNMENT((#3630));
#3632=STYLED_ITEM('',(#3631),#3624);
#3633=ADVANCED_FACE('',(#7837),#7839,.T.);
#3634=COLOUR_RGB('',0.968627450980392,0.87843137254902,0.6);
#3635=FILL_AREA_STYLE_COLOUR('',#3634);
#3636=FILL_AREA_STYLE($,(#3635));
#3637=SURFACE_STYLE_FILL_AREA(#3636);
#3638=SURFACE_SIDE_STYLE('',(#3637));
#3639=SURFACE_STYLE_USAGE(.BOTH.,#3638);
#3640=PRESENTATION_STYLE_ASSIGNMENT((#3639));
#3641=STYLED_ITEM('',(#3640),#3633);
#3642=ADVANCED_FACE('',(#7844),#7846,.T.);
#3643=COLOUR_RGB('',0.968627450980392,0.87843137254902,0.6);
#3644=FILL_AREA_STYLE_COLOUR('',#3643);
#3645=FILL_AREA_STYLE($,(#3644));
#3646=SURFACE_STYLE_FILL_AREA(#3645);
#3647=SURFACE_SIDE_STYLE('',(#3646));
#3648=SURFACE_STYLE_USAGE(.BOTH.,#3647);
#3649=PRESENTATION_STYLE_ASSIGNMENT((#3648));
#3650=STYLED_ITEM('',(#3649),#3642);
#3651=ADVANCED_FACE('',(#7851,#7853),#7855,.T.);
#3652=COLOUR_RGB('',0.968627450980392,0.87843137254902,0.6);
#3653=FILL_AREA_STYLE_COLOUR('',#3652);
#3654=FILL_AREA_STYLE($,(#3653));
#3655=SURFACE_STYLE_FILL_AREA(#3654);
#3656=SURFACE_SIDE_STYLE('',(#3655));
#3657=SURFACE_STYLE_USAGE(.BOTH.,#3656);
#3658=PRESENTATION_STYLE_ASSIGNMENT((#3657));
#3659=STYLED_ITEM('',(#3658),#3651);
#3660=ADVANCED_FACE('',(#7860,#7862),#7864,.T.);
#3661=COLOUR_RGB('',0.968627450980392,0.87843137254902,0.6);
#3662=FILL_AREA_STYLE_COLOUR('',#3661);
#3663=FILL_AREA_STYLE($,(#3662));
#3664=SURFACE_STYLE_FILL_AREA(#3663);
#3665=SURFACE_SIDE_STYLE('',(#3664));
#3666=SURFACE_STYLE_USAGE(.BOTH.,#3665);
#3667=PRESENTATION_STYLE_ASSIGNMENT((#3666));
#3668=STYLED_ITEM('',(#3667),#3660);
#3669=ADVANCED_FACE('',(#7869,#7871),#7873,.T.);
#3670=COLOUR_RGB('',0.968627450980392,0.87843137254902,0.6);
#3671=FILL_AREA_STYLE_COLOUR('',#3670);
#3672=FILL_AREA_STYLE($,(#3671));
#3673=SURFACE_STYLE_FILL_AREA(#3672);
#3674=SURFACE_SIDE_STYLE('',(#3673));
#3675=SURFACE_STYLE_USAGE(.BOTH.,#3674);
#3676=PRESENTATION_STYLE_ASSIGNMENT((#3675));
#3677=STYLED_ITEM('',(#3676),#3669);
#3678=ADVANCED_FACE('',(#7878,#7880),#7882,.T.);
#3679=COLOUR_RGB('',0.968627450980392,0.87843137254902,0.6);
#3680=FILL_AREA_STYLE_COLOUR('',#3679);
#3681=FILL_AREA_STYLE($,(#3680));
#3682=SURFACE_STYLE_FILL_AREA(#3681);
#3683=SURFACE_SIDE_STYLE('',(#3682));
#3684=SURFACE_STYLE_USAGE(.BOTH.,#3683);
#3685=PRESENTATION_STYLE_ASSIGNMENT((#3684));
#3686=STYLED_ITEM('',(#3685),#3678);
#3687=ADVANCED_FACE('',(#7887,#7889),#7891,.T.);
#3688=COLOUR_RGB('',0.968627450980392,0.87843137254902,0.6);
#3689=FILL_AREA_STYLE_COLOUR('',#3688);
#3690=FILL_AREA_STYLE($,(#3689));
#3691=SURFACE_STYLE_FILL_AREA(#3690);
#3692=SURFACE_SIDE_STYLE('',(#3691));
#3693=SURFACE_STYLE_USAGE(.BOTH.,#3692);
#3694=PRESENTATION_STYLE_ASSIGNMENT((#3693));
#3695=STYLED_ITEM('',(#3694),#3687);
#3696=ADVANCED_FACE('',(#7896,#7898),#7900,.T.);
#3697=COLOUR_RGB('',0.968627450980392,0.87843137254902,0.6);
#3698=FILL_AREA_STYLE_COLOUR('',#3697);
#3699=FILL_AREA_STYLE($,(#3698));
#3700=SURFACE_STYLE_FILL_AREA(#3699);
#3701=SURFACE_SIDE_STYLE('',(#3700));
#3702=SURFACE_STYLE_USAGE(.BOTH.,#3701);
#3703=PRESENTATION_STYLE_ASSIGNMENT((#3702));
#3704=STYLED_ITEM('',(#3703),#3696);
#3705=ADVANCED_FACE('',(#7905,#7907),#7909,.T.);
#3706=COLOUR_RGB('',0.968627450980392,0.87843137254902,0.6);
#3707=FILL_AREA_STYLE_COLOUR('',#3706);
#3708=FILL_AREA_STYLE($,(#3707));
#3709=SURFACE_STYLE_FILL_AREA(#3708);
#3710=SURFACE_SIDE_STYLE('',(#3709));
#3711=SURFACE_STYLE_USAGE(.BOTH.,#3710);
#3712=PRESENTATION_STYLE_ASSIGNMENT((#3711));
#3713=STYLED_ITEM('',(#3712),#3705);
#3714=ADVANCED_FACE('',(#7914),#7916,.T.);
#3715=COLOUR_RGB('',0.968627450980392,0.87843137254902,0.6);
#3716=FILL_AREA_STYLE_COLOUR('',#3715);
#3717=FILL_AREA_STYLE($,(#3716));
#3718=SURFACE_STYLE_FILL_AREA(#3717);
#3719=SURFACE_SIDE_STYLE('',(#3718));
#3720=SURFACE_STYLE_USAGE(.BOTH.,#3719);
#3721=PRESENTATION_STYLE_ASSIGNMENT((#3720));
#3722=STYLED_ITEM('',(#3721),#3714);
#3723=ADVANCED_FACE('',(#7921),#7923,.T.);
#3724=COLOUR_RGB('',0.968627450980392,0.87843137254902,0.6);
#3725=FILL_AREA_STYLE_COLOUR('',#3724);
#3726=FILL_AREA_STYLE($,(#3725));
#3727=SURFACE_STYLE_FILL_AREA(#3726);
#3728=SURFACE_SIDE_STYLE('',(#3727));
#3729=SURFACE_STYLE_USAGE(.BOTH.,#3728);
#3730=PRESENTATION_STYLE_ASSIGNMENT((#3729));
#3731=STYLED_ITEM('',(#3730),#3723);
#3732=ADVANCED_FACE('',(#7928,#7930),#7932,.T.);
#3733=COLOUR_RGB('',0.968627450980392,0.87843137254902,0.6);
#3734=FILL_AREA_STYLE_COLOUR('',#3733);
#3735=FILL_AREA_STYLE($,(#3734));
#3736=SURFACE_STYLE_FILL_AREA(#3735);
#3737=SURFACE_SIDE_STYLE('',(#3736));
#3738=SURFACE_STYLE_USAGE(.BOTH.,#3737);
#3739=PRESENTATION_STYLE_ASSIGNMENT((#3738));
#3740=STYLED_ITEM('',(#3739),#3732);
#3741=ADVANCED_FACE('',(#7937,#7939),#7941,.T.);
#3742=COLOUR_RGB('',0.968627450980392,0.87843137254902,0.6);
#3743=FILL_AREA_STYLE_COLOUR('',#3742);
#3744=FILL_AREA_STYLE($,(#3743));
#3745=SURFACE_STYLE_FILL_AREA(#3744);
#3746=SURFACE_SIDE_STYLE('',(#3745));
#3747=SURFACE_STYLE_USAGE(.BOTH.,#3746);
#3748=PRESENTATION_STYLE_ASSIGNMENT((#3747));
#3749=STYLED_ITEM('',(#3748),#3741);
#3750=ADVANCED_FACE('',(#7946,#7948),#7950,.T.);
#3751=COLOUR_RGB('',0.968627450980392,0.87843137254902,0.6);
#3752=FILL_AREA_STYLE_COLOUR('',#3751);
#3753=FILL_AREA_STYLE($,(#3752));
#3754=SURFACE_STYLE_FILL_AREA(#3753);
#3755=SURFACE_SIDE_STYLE('',(#3754));
#3756=SURFACE_STYLE_USAGE(.BOTH.,#3755);
#3757=PRESENTATION_STYLE_ASSIGNMENT((#3756));
#3758=STYLED_ITEM('',(#3757),#3750);
#3759=ADVANCED_FACE('',(#7955,#7957),#7959,.T.);
#3760=COLOUR_RGB('',0.968627450980392,0.87843137254902,0.6);
#3761=FILL_AREA_STYLE_COLOUR('',#3760);
#3762=FILL_AREA_STYLE($,(#3761));
#3763=SURFACE_STYLE_FILL_AREA(#3762);
#3764=SURFACE_SIDE_STYLE('',(#3763));
#3765=SURFACE_STYLE_USAGE(.BOTH.,#3764);
#3766=PRESENTATION_STYLE_ASSIGNMENT((#3765));
#3767=STYLED_ITEM('',(#3766),#3759);
#3768=ADVANCED_FACE('',(#7964,#7966),#7968,.T.);
#3769=COLOUR_RGB('',0.968627450980392,0.87843137254902,0.6);
#3770=FILL_AREA_STYLE_COLOUR('',#3769);
#3771=FILL_AREA_STYLE($,(#3770));
#3772=SURFACE_STYLE_FILL_AREA(#3771);
#3773=SURFACE_SIDE_STYLE('',(#3772));
#3774=SURFACE_STYLE_USAGE(.BOTH.,#3773);
#3775=PRESENTATION_STYLE_ASSIGNMENT((#3774));
#3776=STYLED_ITEM('',(#3775),#3768);
#3777=ADVANCED_FACE('',(#7973,#7975),#7977,.T.);
#3778=COLOUR_RGB('',0.968627450980392,0.87843137254902,0.6);
#3779=FILL_AREA_STYLE_COLOUR('',#3778);
#3780=FILL_AREA_STYLE($,(#3779));
#3781=SURFACE_STYLE_FILL_AREA(#3780);
#3782=SURFACE_SIDE_STYLE('',(#3781));
#3783=SURFACE_STYLE_USAGE(.BOTH.,#3782);
#3784=PRESENTATION_STYLE_ASSIGNMENT((#3783));
#3785=STYLED_ITEM('',(#3784),#3777);
#3786=ADVANCED_FACE('',(#7982,#7984),#7986,.T.);
#3787=COLOUR_RGB('',0.968627450980392,0.87843137254902,0.6);
#3788=FILL_AREA_STYLE_COLOUR('',#3787);
#3789=FILL_AREA_STYLE($,(#3788));
#3790=SURFACE_STYLE_FILL_AREA(#3789);
#3791=SURFACE_SIDE_STYLE('',(#3790));
#3792=SURFACE_STYLE_USAGE(.BOTH.,#3791);
#3793=PRESENTATION_STYLE_ASSIGNMENT((#3792));
#3794=STYLED_ITEM('',(#3793),#3786);
#3795=ADVANCED_FACE('',(#7991),#7993,.T.);
#3796=COLOUR_RGB('',0.968627450980392,0.87843137254902,0.6);
#3797=FILL_AREA_STYLE_COLOUR('',#3796);
#3798=FILL_AREA_STYLE($,(#3797));
#3799=SURFACE_STYLE_FILL_AREA(#3798);
#3800=SURFACE_SIDE_STYLE('',(#3799));
#3801=SURFACE_STYLE_USAGE(.BOTH.,#3800);
#3802=PRESENTATION_STYLE_ASSIGNMENT((#3801));
#3803=STYLED_ITEM('',(#3802),#3795);
#3804=ADVANCED_FACE('',(#7998),#8000,.T.);
#3805=COLOUR_RGB('',0.968627450980392,0.87843137254902,0.6);
#3806=FILL_AREA_STYLE_COLOUR('',#3805);
#3807=FILL_AREA_STYLE($,(#3806));
#3808=SURFACE_STYLE_FILL_AREA(#3807);
#3809=SURFACE_SIDE_STYLE('',(#3808));
#3810=SURFACE_STYLE_USAGE(.BOTH.,#3809);
#3811=PRESENTATION_STYLE_ASSIGNMENT((#3810));
#3812=STYLED_ITEM('',(#3811),#3804);
#3813=ADVANCED_FACE('',(#8005,#8007),#8009,.T.);
#3814=COLOUR_RGB('',0.968627450980392,0.87843137254902,0.6);
#3815=FILL_AREA_STYLE_COLOUR('',#3814);
#3816=FILL_AREA_STYLE($,(#3815));
#3817=SURFACE_STYLE_FILL_AREA(#3816);
#3818=SURFACE_SIDE_STYLE('',(#3817));
#3819=SURFACE_STYLE_USAGE(.BOTH.,#3818);
#3820=PRESENTATION_STYLE_ASSIGNMENT((#3819));
#3821=STYLED_ITEM('',(#3820),#3813);
#3822=ADVANCED_FACE('',(#8014,#8016),#8018,.T.);
#3823=COLOUR_RGB('',0.968627450980392,0.87843137254902,0.6);
#3824=FILL_AREA_STYLE_COLOUR('',#3823);
#3825=FILL_AREA_STYLE($,(#3824));
#3826=SURFACE_STYLE_FILL_AREA(#3825);
#3827=SURFACE_SIDE_STYLE('',(#3826));
#3828=SURFACE_STYLE_USAGE(.BOTH.,#3827);
#3829=PRESENTATION_STYLE_ASSIGNMENT((#3828));
#3830=STYLED_ITEM('',(#3829),#3822);
#3831=ADVANCED_FACE('',(#8023,#8025),#8027,.T.);
#3832=COLOUR_RGB('',0.968627450980392,0.87843137254902,0.6);
#3833=FILL_AREA_STYLE_COLOUR('',#3832);
#3834=FILL_AREA_STYLE($,(#3833));
#3835=SURFACE_STYLE_FILL_AREA(#3834);
#3836=SURFACE_SIDE_STYLE('',(#3835));
#3837=SURFACE_STYLE_USAGE(.BOTH.,#3836);
#3838=PRESENTATION_STYLE_ASSIGNMENT((#3837));
#3839=STYLED_ITEM('',(#3838),#3831);
#3840=ADVANCED_FACE('',(#8032,#8034),#8036,.T.);
#3841=COLOUR_RGB('',0.968627450980392,0.87843137254902,0.6);
#3842=FILL_AREA_STYLE_COLOUR('',#3841);
#3843=FILL_AREA_STYLE($,(#3842));
#3844=SURFACE_STYLE_FILL_AREA(#3843);
#3845=SURFACE_SIDE_STYLE('',(#3844));
#3846=SURFACE_STYLE_USAGE(.BOTH.,#3845);
#3847=PRESENTATION_STYLE_ASSIGNMENT((#3846));
#3848=STYLED_ITEM('',(#3847),#3840);
#3849=ADVANCED_FACE('',(#8041,#8043),#8045,.T.);
#3850=COLOUR_RGB('',0.968627450980392,0.87843137254902,0.6);
#3851=FILL_AREA_STYLE_COLOUR('',#3850);
#3852=FILL_AREA_STYLE($,(#3851));
#3853=SURFACE_STYLE_FILL_AREA(#3852);
#3854=SURFACE_SIDE_STYLE('',(#3853));
#3855=SURFACE_STYLE_USAGE(.BOTH.,#3854);
#3856=PRESENTATION_STYLE_ASSIGNMENT((#3855));
#3857=STYLED_ITEM('',(#3856),#3849);
#3858=ADVANCED_FACE('',(#8050,#8052),#8054,.T.);
#3859=COLOUR_RGB('',0.968627450980392,0.87843137254902,0.6);
#3860=FILL_AREA_STYLE_COLOUR('',#3859);
#3861=FILL_AREA_STYLE($,(#3860));
#3862=SURFACE_STYLE_FILL_AREA(#3861);
#3863=SURFACE_SIDE_STYLE('',(#3862));
#3864=SURFACE_STYLE_USAGE(.BOTH.,#3863);
#3865=PRESENTATION_STYLE_ASSIGNMENT((#3864));
#3866=STYLED_ITEM('',(#3865),#3858);
#3867=ADVANCED_FACE('',(#8059,#8061),#8063,.T.);
#3868=COLOUR_RGB('',0.968627450980392,0.87843137254902,0.6);
#3869=FILL_AREA_STYLE_COLOUR('',#3868);
#3870=FILL_AREA_STYLE($,(#3869));
#3871=SURFACE_STYLE_FILL_AREA(#3870);
#3872=SURFACE_SIDE_STYLE('',(#3871));
#3873=SURFACE_STYLE_USAGE(.BOTH.,#3872);
#3874=PRESENTATION_STYLE_ASSIGNMENT((#3873));
#3875=STYLED_ITEM('',(#3874),#3867);
#3876=ADVANCED_FACE('',(#8068),#8070,.T.);
#3877=COLOUR_RGB('',0.968627450980392,0.87843137254902,0.6);
#3878=FILL_AREA_STYLE_COLOUR('',#3877);
#3879=FILL_AREA_STYLE($,(#3878));
#3880=SURFACE_STYLE_FILL_AREA(#3879);
#3881=SURFACE_SIDE_STYLE('',(#3880));
#3882=SURFACE_STYLE_USAGE(.BOTH.,#3881);
#3883=PRESENTATION_STYLE_ASSIGNMENT((#3882));
#3884=STYLED_ITEM('',(#3883),#3876);
#3885=ADVANCED_FACE('',(#8075),#8077,.T.);
#3886=COLOUR_RGB('',0.968627450980392,0.87843137254902,0.6);
#3887=FILL_AREA_STYLE_COLOUR('',#3886);
#3888=FILL_AREA_STYLE($,(#3887));
#3889=SURFACE_STYLE_FILL_AREA(#3888);
#3890=SURFACE_SIDE_STYLE('',(#3889));
#3891=SURFACE_STYLE_USAGE(.BOTH.,#3890);
#3892=PRESENTATION_STYLE_ASSIGNMENT((#3891));
#3893=STYLED_ITEM('',(#3892),#3885);
#3894=ADVANCED_FACE('',(#8082,#8084),#8086,.T.);
#3895=COLOUR_RGB('',0.968627450980392,0.87843137254902,0.6);
#3896=FILL_AREA_STYLE_COLOUR('',#3895);
#3897=FILL_AREA_STYLE($,(#3896));
#3898=SURFACE_STYLE_FILL_AREA(#3897);
#3899=SURFACE_SIDE_STYLE('',(#3898));
#3900=SURFACE_STYLE_USAGE(.BOTH.,#3899);
#3901=PRESENTATION_STYLE_ASSIGNMENT((#3900));
#3902=STYLED_ITEM('',(#3901),#3894);
#3903=ADVANCED_FACE('',(#8091,#8093),#8095,.T.);
#3904=COLOUR_RGB('',0.968627450980392,0.87843137254902,0.6);
#3905=FILL_AREA_STYLE_COLOUR('',#3904);
#3906=FILL_AREA_STYLE($,(#3905));
#3907=SURFACE_STYLE_FILL_AREA(#3906);
#3908=SURFACE_SIDE_STYLE('',(#3907));
#3909=SURFACE_STYLE_USAGE(.BOTH.,#3908);
#3910=PRESENTATION_STYLE_ASSIGNMENT((#3909));
#3911=STYLED_ITEM('',(#3910),#3903);
#3912=ADVANCED_FACE('',(#8100,#8102),#8104,.T.);
#3913=COLOUR_RGB('',0.968627450980392,0.87843137254902,0.6);
#3914=FILL_AREA_STYLE_COLOUR('',#3913);
#3915=FILL_AREA_STYLE($,(#3914));
#3916=SURFACE_STYLE_FILL_AREA(#3915);
#3917=SURFACE_SIDE_STYLE('',(#3916));
#3918=SURFACE_STYLE_USAGE(.BOTH.,#3917);
#3919=PRESENTATION_STYLE_ASSIGNMENT((#3918));
#3920=STYLED_ITEM('',(#3919),#3912);
#3921=ADVANCED_FACE('',(#8109,#8111),#8113,.T.);
#3922=COLOUR_RGB('',0.968627450980392,0.87843137254902,0.6);
#3923=FILL_AREA_STYLE_COLOUR('',#3922);
#3924=FILL_AREA_STYLE($,(#3923));
#3925=SURFACE_STYLE_FILL_AREA(#3924);
#3926=SURFACE_SIDE_STYLE('',(#3925));
#3927=SURFACE_STYLE_USAGE(.BOTH.,#3926);
#3928=PRESENTATION_STYLE_ASSIGNMENT((#3927));
#3929=STYLED_ITEM('',(#3928),#3921);
#3930=ADVANCED_FACE('',(#8118,#8120),#8122,.T.);
#3931=COLOUR_RGB('',0.968627450980392,0.87843137254902,0.6);
#3932=FILL_AREA_STYLE_COLOUR('',#3931);
#3933=FILL_AREA_STYLE($,(#3932));
#3934=SURFACE_STYLE_FILL_AREA(#3933);
#3935=SURFACE_SIDE_STYLE('',(#3934));
#3936=SURFACE_STYLE_USAGE(.BOTH.,#3935);
#3937=PRESENTATION_STYLE_ASSIGNMENT((#3936));
#3938=STYLED_ITEM('',(#3937),#3930);
#3939=ADVANCED_FACE('',(#8127,#8129),#8131,.T.);
#3940=COLOUR_RGB('',0.968627450980392,0.87843137254902,0.6);
#3941=FILL_AREA_STYLE_COLOUR('',#3940);
#3942=FILL_AREA_STYLE($,(#3941));
#3943=SURFACE_STYLE_FILL_AREA(#3942);
#3944=SURFACE_SIDE_STYLE('',(#3943));
#3945=SURFACE_STYLE_USAGE(.BOTH.,#3944);
#3946=PRESENTATION_STYLE_ASSIGNMENT((#3945));
#3947=STYLED_ITEM('',(#3946),#3939);
#3948=ADVANCED_FACE('',(#8136,#8138),#8140,.T.);
#3949=COLOUR_RGB('',0.968627450980392,0.87843137254902,0.6);
#3950=FILL_AREA_STYLE_COLOUR('',#3949);
#3951=FILL_AREA_STYLE($,(#3950));
#3952=SURFACE_STYLE_FILL_AREA(#3951);
#3953=SURFACE_SIDE_STYLE('',(#3952));
#3954=SURFACE_STYLE_USAGE(.BOTH.,#3953);
#3955=PRESENTATION_STYLE_ASSIGNMENT((#3954));
#3956=STYLED_ITEM('',(#3955),#3948);
#3957=ADVANCED_FACE('',(#8145),#8147,.T.);
#3958=COLOUR_RGB('',0.968627450980392,0.87843137254902,0.6);
#3959=FILL_AREA_STYLE_COLOUR('',#3958);
#3960=FILL_AREA_STYLE($,(#3959));
#3961=SURFACE_STYLE_FILL_AREA(#3960);
#3962=SURFACE_SIDE_STYLE('',(#3961));
#3963=SURFACE_STYLE_USAGE(.BOTH.,#3962);
#3964=PRESENTATION_STYLE_ASSIGNMENT((#3963));
#3965=STYLED_ITEM('',(#3964),#3957);
#3966=ADVANCED_FACE('',(#8152),#8154,.T.);
#3967=COLOUR_RGB('',0.968627450980392,0.87843137254902,0.6);
#3968=FILL_AREA_STYLE_COLOUR('',#3967);
#3969=FILL_AREA_STYLE($,(#3968));
#3970=SURFACE_STYLE_FILL_AREA(#3969);
#3971=SURFACE_SIDE_STYLE('',(#3970));
#3972=SURFACE_STYLE_USAGE(.BOTH.,#3971);
#3973=PRESENTATION_STYLE_ASSIGNMENT((#3972));
#3974=STYLED_ITEM('',(#3973),#3966);
#3975=ADVANCED_FACE('',(#8159,#8161),#8163,.T.);
#3976=COLOUR_RGB('',0.968627450980392,0.87843137254902,0.6);
#3977=FILL_AREA_STYLE_COLOUR('',#3976);
#3978=FILL_AREA_STYLE($,(#3977));
#3979=SURFACE_STYLE_FILL_AREA(#3978);
#3980=SURFACE_SIDE_STYLE('',(#3979));
#3981=SURFACE_STYLE_USAGE(.BOTH.,#3980);
#3982=PRESENTATION_STYLE_ASSIGNMENT((#3981));
#3983=STYLED_ITEM('',(#3982),#3975);
#3984=ADVANCED_FACE('',(#8168,#8170),#8172,.T.);
#3985=COLOUR_RGB('',0.968627450980392,0.87843137254902,0.6);
#3986=FILL_AREA_STYLE_COLOUR('',#3985);
#3987=FILL_AREA_STYLE($,(#3986));
#3988=SURFACE_STYLE_FILL_AREA(#3987);
#3989=SURFACE_SIDE_STYLE('',(#3988));
#3990=SURFACE_STYLE_USAGE(.BOTH.,#3989);
#3991=PRESENTATION_STYLE_ASSIGNMENT((#3990));
#3992=STYLED_ITEM('',(#3991),#3984);
#3993=ADVANCED_FACE('',(#8177,#8179),#8181,.T.);
#3994=COLOUR_RGB('',0.968627450980392,0.87843137254902,0.6);
#3995=FILL_AREA_STYLE_COLOUR('',#3994);
#3996=FILL_AREA_STYLE($,(#3995));
#3997=SURFACE_STYLE_FILL_AREA(#3996);
#3998=SURFACE_SIDE_STYLE('',(#3997));
#3999=SURFACE_STYLE_USAGE(.BOTH.,#3998);
#4000=PRESENTATION_STYLE_ASSIGNMENT((#3999));
#4001=STYLED_ITEM('',(#4000),#3993);
#4002=ADVANCED_FACE('',(#8186,#8188),#8190,.T.);
#4003=COLOUR_RGB('',0.968627450980392,0.87843137254902,0.6);
#4004=FILL_AREA_STYLE_COLOUR('',#4003);
#4005=FILL_AREA_STYLE($,(#4004));
#4006=SURFACE_STYLE_FILL_AREA(#4005);
#4007=SURFACE_SIDE_STYLE('',(#4006));
#4008=SURFACE_STYLE_USAGE(.BOTH.,#4007);
#4009=PRESENTATION_STYLE_ASSIGNMENT((#4008));
#4010=STYLED_ITEM('',(#4009),#4002);
#4011=ADVANCED_FACE('',(#8195,#8197),#8199,.T.);
#4012=COLOUR_RGB('',0.968627450980392,0.87843137254902,0.6);
#4013=FILL_AREA_STYLE_COLOUR('',#4012);
#4014=FILL_AREA_STYLE($,(#4013));
#4015=SURFACE_STYLE_FILL_AREA(#4014);
#4016=SURFACE_SIDE_STYLE('',(#4015));
#4017=SURFACE_STYLE_USAGE(.BOTH.,#4016);
#4018=PRESENTATION_STYLE_ASSIGNMENT((#4017));
#4019=STYLED_ITEM('',(#4018),#4011);
#4020=ADVANCED_FACE('',(#8204,#8206),#8208,.T.);
#4021=COLOUR_RGB('',0.968627450980392,0.87843137254902,0.6);
#4022=FILL_AREA_STYLE_COLOUR('',#4021);
#4023=FILL_AREA_STYLE($,(#4022));
#4024=SURFACE_STYLE_FILL_AREA(#4023);
#4025=SURFACE_SIDE_STYLE('',(#4024));
#4026=SURFACE_STYLE_USAGE(.BOTH.,#4025);
#4027=PRESENTATION_STYLE_ASSIGNMENT((#4026));
#4028=STYLED_ITEM('',(#4027),#4020);
#4029=ADVANCED_FACE('',(#8213,#8215),#8217,.T.);
#4030=COLOUR_RGB('',0.968627450980392,0.87843137254902,0.6);
#4031=FILL_AREA_STYLE_COLOUR('',#4030);
#4032=FILL_AREA_STYLE($,(#4031));
#4033=SURFACE_STYLE_FILL_AREA(#4032);
#4034=SURFACE_SIDE_STYLE('',(#4033));
#4035=SURFACE_STYLE_USAGE(.BOTH.,#4034);
#4036=PRESENTATION_STYLE_ASSIGNMENT((#4035));
#4037=STYLED_ITEM('',(#4036),#4029);
#4038=ADVANCED_FACE('',(#8222),#8224,.T.);
#4039=COLOUR_RGB('',0.968627450980392,0.87843137254902,0.6);
#4040=FILL_AREA_STYLE_COLOUR('',#4039);
#4041=FILL_AREA_STYLE($,(#4040));
#4042=SURFACE_STYLE_FILL_AREA(#4041);
#4043=SURFACE_SIDE_STYLE('',(#4042));
#4044=SURFACE_STYLE_USAGE(.BOTH.,#4043);
#4045=PRESENTATION_STYLE_ASSIGNMENT((#4044));
#4046=STYLED_ITEM('',(#4045),#4038);
#4047=ADVANCED_FACE('',(#8229),#8231,.T.);
#4048=COLOUR_RGB('',0.968627450980392,0.87843137254902,0.6);
#4049=FILL_AREA_STYLE_COLOUR('',#4048);
#4050=FILL_AREA_STYLE($,(#4049));
#4051=SURFACE_STYLE_FILL_AREA(#4050);
#4052=SURFACE_SIDE_STYLE('',(#4051));
#4053=SURFACE_STYLE_USAGE(.BOTH.,#4052);
#4054=PRESENTATION_STYLE_ASSIGNMENT((#4053));
#4055=STYLED_ITEM('',(#4054),#4047);
#4056=ADVANCED_FACE('',(#8236,#8238),#8240,.T.);
#4057=COLOUR_RGB('',0.968627450980392,0.87843137254902,0.6);
#4058=FILL_AREA_STYLE_COLOUR('',#4057);
#4059=FILL_AREA_STYLE($,(#4058));
#4060=SURFACE_STYLE_FILL_AREA(#4059);
#4061=SURFACE_SIDE_STYLE('',(#4060));
#4062=SURFACE_STYLE_USAGE(.BOTH.,#4061);
#4063=PRESENTATION_STYLE_ASSIGNMENT((#4062));
#4064=STYLED_ITEM('',(#4063),#4056);
#4065=ADVANCED_FACE('',(#8245,#8247),#8249,.T.);
#4066=COLOUR_RGB('',0.968627450980392,0.87843137254902,0.6);
#4067=FILL_AREA_STYLE_COLOUR('',#4066);
#4068=FILL_AREA_STYLE($,(#4067));
#4069=SURFACE_STYLE_FILL_AREA(#4068);
#4070=SURFACE_SIDE_STYLE('',(#4069));
#4071=SURFACE_STYLE_USAGE(.BOTH.,#4070);
#4072=PRESENTATION_STYLE_ASSIGNMENT((#4071));
#4073=STYLED_ITEM('',(#4072),#4065);
#4074=ADVANCED_FACE('',(#8254,#8256),#8258,.T.);
#4075=COLOUR_RGB('',0.968627450980392,0.87843137254902,0.6);
#4076=FILL_AREA_STYLE_COLOUR('',#4075);
#4077=FILL_AREA_STYLE($,(#4076));
#4078=SURFACE_STYLE_FILL_AREA(#4077);
#4079=SURFACE_SIDE_STYLE('',(#4078));
#4080=SURFACE_STYLE_USAGE(.BOTH.,#4079);
#4081=PRESENTATION_STYLE_ASSIGNMENT((#4080));
#4082=STYLED_ITEM('',(#4081),#4074);
#4083=ADVANCED_FACE('',(#8263,#8265),#8267,.T.);
#4084=COLOUR_RGB('',0.968627450980392,0.87843137254902,0.6);
#4085=FILL_AREA_STYLE_COLOUR('',#4084);
#4086=FILL_AREA_STYLE($,(#4085));
#4087=SURFACE_STYLE_FILL_AREA(#4086);
#4088=SURFACE_SIDE_STYLE('',(#4087));
#4089=SURFACE_STYLE_USAGE(.BOTH.,#4088);
#4090=PRESENTATION_STYLE_ASSIGNMENT((#4089));
#4091=STYLED_ITEM('',(#4090),#4083);
#4092=ADVANCED_FACE('',(#8272,#8274),#8276,.T.);
#4093=COLOUR_RGB('',0.968627450980392,0.87843137254902,0.6);
#4094=FILL_AREA_STYLE_COLOUR('',#4093);
#4095=FILL_AREA_STYLE($,(#4094));
#4096=SURFACE_STYLE_FILL_AREA(#4095);
#4097=SURFACE_SIDE_STYLE('',(#4096));
#4098=SURFACE_STYLE_USAGE(.BOTH.,#4097);
#4099=PRESENTATION_STYLE_ASSIGNMENT((#4098));
#4100=STYLED_ITEM('',(#4099),#4092);
#4101=ADVANCED_FACE('',(#8281,#8283),#8285,.T.);
#4102=COLOUR_RGB('',0.968627450980392,0.87843137254902,0.6);
#4103=FILL_AREA_STYLE_COLOUR('',#4102);
#4104=FILL_AREA_STYLE($,(#4103));
#4105=SURFACE_STYLE_FILL_AREA(#4104);
#4106=SURFACE_SIDE_STYLE('',(#4105));
#4107=SURFACE_STYLE_USAGE(.BOTH.,#4106);
#4108=PRESENTATION_STYLE_ASSIGNMENT((#4107));
#4109=STYLED_ITEM('',(#4108),#4101);
#4110=ADVANCED_FACE('',(#8290,#8292),#8294,.T.);
#4111=COLOUR_RGB('',0.968627450980392,0.87843137254902,0.6);
#4112=FILL_AREA_STYLE_COLOUR('',#4111);
#4113=FILL_AREA_STYLE($,(#4112));
#4114=SURFACE_STYLE_FILL_AREA(#4113);
#4115=SURFACE_SIDE_STYLE('',(#4114));
#4116=SURFACE_STYLE_USAGE(.BOTH.,#4115);
#4117=PRESENTATION_STYLE_ASSIGNMENT((#4116));
#4118=STYLED_ITEM('',(#4117),#4110);
#4119=ADVANCED_FACE('',(#8299),#8301,.T.);
#4120=COLOUR_RGB('',0.968627450980392,0.87843137254902,0.6);
#4121=FILL_AREA_STYLE_COLOUR('',#4120);
#4122=FILL_AREA_STYLE($,(#4121));
#4123=SURFACE_STYLE_FILL_AREA(#4122);
#4124=SURFACE_SIDE_STYLE('',(#4123));
#4125=SURFACE_STYLE_USAGE(.BOTH.,#4124);
#4126=PRESENTATION_STYLE_ASSIGNMENT((#4125));
#4127=STYLED_ITEM('',(#4126),#4119);
#4128=ADVANCED_FACE('',(#8306),#8308,.T.);
#4129=COLOUR_RGB('',0.968627450980392,0.87843137254902,0.6);
#4130=FILL_AREA_STYLE_COLOUR('',#4129);
#4131=FILL_AREA_STYLE($,(#4130));
#4132=SURFACE_STYLE_FILL_AREA(#4131);
#4133=SURFACE_SIDE_STYLE('',(#4132));
#4134=SURFACE_STYLE_USAGE(.BOTH.,#4133);
#4135=PRESENTATION_STYLE_ASSIGNMENT((#4134));
#4136=STYLED_ITEM('',(#4135),#4128);
#4137=ADVANCED_FACE('',(#8313,#8315),#8317,.T.);
#4138=COLOUR_RGB('',0.968627450980392,0.87843137254902,0.6);
#4139=FILL_AREA_STYLE_COLOUR('',#4138);
#4140=FILL_AREA_STYLE($,(#4139));
#4141=SURFACE_STYLE_FILL_AREA(#4140);
#4142=SURFACE_SIDE_STYLE('',(#4141));
#4143=SURFACE_STYLE_USAGE(.BOTH.,#4142);
#4144=PRESENTATION_STYLE_ASSIGNMENT((#4143));
#4145=STYLED_ITEM('',(#4144),#4137);
#4146=ADVANCED_FACE('',(#8322,#8324),#8326,.T.);
#4147=COLOUR_RGB('',0.968627450980392,0.87843137254902,0.6);
#4148=FILL_AREA_STYLE_COLOUR('',#4147);
#4149=FILL_AREA_STYLE($,(#4148));
#4150=SURFACE_STYLE_FILL_AREA(#4149);
#4151=SURFACE_SIDE_STYLE('',(#4150));
#4152=SURFACE_STYLE_USAGE(.BOTH.,#4151);
#4153=PRESENTATION_STYLE_ASSIGNMENT((#4152));
#4154=STYLED_ITEM('',(#4153),#4146);
#4155=ADVANCED_FACE('',(#8331,#8333),#8335,.T.);
#4156=COLOUR_RGB('',0.968627450980392,0.87843137254902,0.6);
#4157=FILL_AREA_STYLE_COLOUR('',#4156);
#4158=FILL_AREA_STYLE($,(#4157));
#4159=SURFACE_STYLE_FILL_AREA(#4158);
#4160=SURFACE_SIDE_STYLE('',(#4159));
#4161=SURFACE_STYLE_USAGE(.BOTH.,#4160);
#4162=PRESENTATION_STYLE_ASSIGNMENT((#4161));
#4163=STYLED_ITEM('',(#4162),#4155);
#4164=ADVANCED_FACE('',(#8340,#8342),#8344,.T.);
#4165=COLOUR_RGB('',0.968627450980392,0.87843137254902,0.6);
#4166=FILL_AREA_STYLE_COLOUR('',#4165);
#4167=FILL_AREA_STYLE($,(#4166));
#4168=SURFACE_STYLE_FILL_AREA(#4167);
#4169=SURFACE_SIDE_STYLE('',(#4168));
#4170=SURFACE_STYLE_USAGE(.BOTH.,#4169);
#4171=PRESENTATION_STYLE_ASSIGNMENT((#4170));
#4172=STYLED_ITEM('',(#4171),#4164);
#4173=ADVANCED_FACE('',(#8349,#8351),#8353,.T.);
#4174=COLOUR_RGB('',0.968627450980392,0.87843137254902,0.6);
#4175=FILL_AREA_STYLE_COLOUR('',#4174);
#4176=FILL_AREA_STYLE($,(#4175));
#4177=SURFACE_STYLE_FILL_AREA(#4176);
#4178=SURFACE_SIDE_STYLE('',(#4177));
#4179=SURFACE_STYLE_USAGE(.BOTH.,#4178);
#4180=PRESENTATION_STYLE_ASSIGNMENT((#4179));
#4181=STYLED_ITEM('',(#4180),#4173);
#4182=ADVANCED_FACE('',(#8358,#8360),#8362,.T.);
#4183=COLOUR_RGB('',0.968627450980392,0.87843137254902,0.6);
#4184=FILL_AREA_STYLE_COLOUR('',#4183);
#4185=FILL_AREA_STYLE($,(#4184));
#4186=SURFACE_STYLE_FILL_AREA(#4185);
#4187=SURFACE_SIDE_STYLE('',(#4186));
#4188=SURFACE_STYLE_USAGE(.BOTH.,#4187);
#4189=PRESENTATION_STYLE_ASSIGNMENT((#4188));
#4190=STYLED_ITEM('',(#4189),#4182);
#4191=ADVANCED_FACE('',(#8367,#8369),#8371,.T.);
#4192=COLOUR_RGB('',0.968627450980392,0.87843137254902,0.6);
#4193=FILL_AREA_STYLE_COLOUR('',#4192);
#4194=FILL_AREA_STYLE($,(#4193));
#4195=SURFACE_STYLE_FILL_AREA(#4194);
#4196=SURFACE_SIDE_STYLE('',(#4195));
#4197=SURFACE_STYLE_USAGE(.BOTH.,#4196);
#4198=PRESENTATION_STYLE_ASSIGNMENT((#4197));
#4199=STYLED_ITEM('',(#4198),#4191);
#4200=ADVANCED_FACE('',(#8376),#8378,.T.);
#4201=COLOUR_RGB('',0.968627450980392,0.87843137254902,0.6);
#4202=FILL_AREA_STYLE_COLOUR('',#4201);
#4203=FILL_AREA_STYLE($,(#4202));
#4204=SURFACE_STYLE_FILL_AREA(#4203);
#4205=SURFACE_SIDE_STYLE('',(#4204));
#4206=SURFACE_STYLE_USAGE(.BOTH.,#4205);
#4207=PRESENTATION_STYLE_ASSIGNMENT((#4206));
#4208=STYLED_ITEM('',(#4207),#4200);
#4209=ADVANCED_FACE('',(#8383),#8385,.T.);
#4210=COLOUR_RGB('',0.968627450980392,0.87843137254902,0.6);
#4211=FILL_AREA_STYLE_COLOUR('',#4210);
#4212=FILL_AREA_STYLE($,(#4211));
#4213=SURFACE_STYLE_FILL_AREA(#4212);
#4214=SURFACE_SIDE_STYLE('',(#4213));
#4215=SURFACE_STYLE_USAGE(.BOTH.,#4214);
#4216=PRESENTATION_STYLE_ASSIGNMENT((#4215));
#4217=STYLED_ITEM('',(#4216),#4209);
#4218=ADVANCED_FACE('',(#8390,#8392),#8394,.T.);
#4219=COLOUR_RGB('',0.968627450980392,0.87843137254902,0.6);
#4220=FILL_AREA_STYLE_COLOUR('',#4219);
#4221=FILL_AREA_STYLE($,(#4220));
#4222=SURFACE_STYLE_FILL_AREA(#4221);
#4223=SURFACE_SIDE_STYLE('',(#4222));
#4224=SURFACE_STYLE_USAGE(.BOTH.,#4223);
#4225=PRESENTATION_STYLE_ASSIGNMENT((#4224));
#4226=STYLED_ITEM('',(#4225),#4218);
#4227=ADVANCED_FACE('',(#8399,#8401),#8403,.T.);
#4228=COLOUR_RGB('',0.968627450980392,0.87843137254902,0.6);
#4229=FILL_AREA_STYLE_COLOUR('',#4228);
#4230=FILL_AREA_STYLE($,(#4229));
#4231=SURFACE_STYLE_FILL_AREA(#4230);
#4232=SURFACE_SIDE_STYLE('',(#4231));
#4233=SURFACE_STYLE_USAGE(.BOTH.,#4232);
#4234=PRESENTATION_STYLE_ASSIGNMENT((#4233));
#4235=STYLED_ITEM('',(#4234),#4227);
#4236=ADVANCED_FACE('',(#8408,#8410),#8412,.T.);
#4237=COLOUR_RGB('',0.968627450980392,0.87843137254902,0.6);
#4238=FILL_AREA_STYLE_COLOUR('',#4237);
#4239=FILL_AREA_STYLE($,(#4238));
#4240=SURFACE_STYLE_FILL_AREA(#4239);
#4241=SURFACE_SIDE_STYLE('',(#4240));
#4242=SURFACE_STYLE_USAGE(.BOTH.,#4241);
#4243=PRESENTATION_STYLE_ASSIGNMENT((#4242));
#4244=STYLED_ITEM('',(#4243),#4236);
#4245=ADVANCED_FACE('',(#8417,#8419),#8421,.T.);
#4246=COLOUR_RGB('',0.968627450980392,0.87843137254902,0.6);
#4247=FILL_AREA_STYLE_COLOUR('',#4246);
#4248=FILL_AREA_STYLE($,(#4247));
#4249=SURFACE_STYLE_FILL_AREA(#4248);
#4250=SURFACE_SIDE_STYLE('',(#4249));
#4251=SURFACE_STYLE_USAGE(.BOTH.,#4250);
#4252=PRESENTATION_STYLE_ASSIGNMENT((#4251));
#4253=STYLED_ITEM('',(#4252),#4245);
#4254=ADVANCED_FACE('',(#8426,#8428),#8430,.T.);
#4255=COLOUR_RGB('',0.968627450980392,0.87843137254902,0.6);
#4256=FILL_AREA_STYLE_COLOUR('',#4255);
#4257=FILL_AREA_STYLE($,(#4256));
#4258=SURFACE_STYLE_FILL_AREA(#4257);
#4259=SURFACE_SIDE_STYLE('',(#4258));
#4260=SURFACE_STYLE_USAGE(.BOTH.,#4259);
#4261=PRESENTATION_STYLE_ASSIGNMENT((#4260));
#4262=STYLED_ITEM('',(#4261),#4254);
#4263=ADVANCED_FACE('',(#8435,#8437),#8439,.T.);
#4264=COLOUR_RGB('',0.968627450980392,0.87843137254902,0.6);
#4265=FILL_AREA_STYLE_COLOUR('',#4264);
#4266=FILL_AREA_STYLE($,(#4265));
#4267=SURFACE_STYLE_FILL_AREA(#4266);
#4268=SURFACE_SIDE_STYLE('',(#4267));
#4269=SURFACE_STYLE_USAGE(.BOTH.,#4268);
#4270=PRESENTATION_STYLE_ASSIGNMENT((#4269));
#4271=STYLED_ITEM('',(#4270),#4263);
#4272=ADVANCED_FACE('',(#8444,#8446),#8448,.T.);
#4273=COLOUR_RGB('',0.968627450980392,0.87843137254902,0.6);
#4274=FILL_AREA_STYLE_COLOUR('',#4273);
#4275=FILL_AREA_STYLE($,(#4274));
#4276=SURFACE_STYLE_FILL_AREA(#4275);
#4277=SURFACE_SIDE_STYLE('',(#4276));
#4278=SURFACE_STYLE_USAGE(.BOTH.,#4277);
#4279=PRESENTATION_STYLE_ASSIGNMENT((#4278));
#4280=STYLED_ITEM('',(#4279),#4272);
#4281=ADVANCED_FACE('',(#8453),#8455,.T.);
#4282=COLOUR_RGB('',0.968627450980392,0.87843137254902,0.6);
#4283=FILL_AREA_STYLE_COLOUR('',#4282);
#4284=FILL_AREA_STYLE($,(#4283));
#4285=SURFACE_STYLE_FILL_AREA(#4284);
#4286=SURFACE_SIDE_STYLE('',(#4285));
#4287=SURFACE_STYLE_USAGE(.BOTH.,#4286);
#4288=PRESENTATION_STYLE_ASSIGNMENT((#4287));
#4289=STYLED_ITEM('',(#4288),#4281);
#4290=ADVANCED_FACE('',(#8460),#8462,.T.);
#4291=COLOUR_RGB('',0.968627450980392,0.87843137254902,0.6);
#4292=FILL_AREA_STYLE_COLOUR('',#4291);
#4293=FILL_AREA_STYLE($,(#4292));
#4294=SURFACE_STYLE_FILL_AREA(#4293);
#4295=SURFACE_SIDE_STYLE('',(#4294));
#4296=SURFACE_STYLE_USAGE(.BOTH.,#4295);
#4297=PRESENTATION_STYLE_ASSIGNMENT((#4296));
#4298=STYLED_ITEM('',(#4297),#4290);
#4299=ADVANCED_FACE('',(#8467,#8469),#8471,.T.);
#4300=COLOUR_RGB('',0.968627450980392,0.87843137254902,0.6);
#4301=FILL_AREA_STYLE_COLOUR('',#4300);
#4302=FILL_AREA_STYLE($,(#4301));
#4303=SURFACE_STYLE_FILL_AREA(#4302);
#4304=SURFACE_SIDE_STYLE('',(#4303));
#4305=SURFACE_STYLE_USAGE(.BOTH.,#4304);
#4306=PRESENTATION_STYLE_ASSIGNMENT((#4305));
#4307=STYLED_ITEM('',(#4306),#4299);
#4308=ADVANCED_FACE('',(#8476,#8478),#8480,.T.);
#4309=COLOUR_RGB('',0.968627450980392,0.87843137254902,0.6);
#4310=FILL_AREA_STYLE_COLOUR('',#4309);
#4311=FILL_AREA_STYLE($,(#4310));
#4312=SURFACE_STYLE_FILL_AREA(#4311);
#4313=SURFACE_SIDE_STYLE('',(#4312));
#4314=SURFACE_STYLE_USAGE(.BOTH.,#4313);
#4315=PRESENTATION_STYLE_ASSIGNMENT((#4314));
#4316=STYLED_ITEM('',(#4315),#4308);
#4317=ADVANCED_FACE('',(#8485,#8487),#8489,.T.);
#4318=COLOUR_RGB('',0.968627450980392,0.87843137254902,0.6);
#4319=FILL_AREA_STYLE_COLOUR('',#4318);
#4320=FILL_AREA_STYLE($,(#4319));
#4321=SURFACE_STYLE_FILL_AREA(#4320);
#4322=SURFACE_SIDE_STYLE('',(#4321));
#4323=SURFACE_STYLE_USAGE(.BOTH.,#4322);
#4324=PRESENTATION_STYLE_ASSIGNMENT((#4323));
#4325=STYLED_ITEM('',(#4324),#4317);
#4326=ADVANCED_FACE('',(#8494,#8496),#8498,.T.);
#4327=COLOUR_RGB('',0.968627450980392,0.87843137254902,0.6);
#4328=FILL_AREA_STYLE_COLOUR('',#4327);
#4329=FILL_AREA_STYLE($,(#4328));
#4330=SURFACE_STYLE_FILL_AREA(#4329);
#4331=SURFACE_SIDE_STYLE('',(#4330));
#4332=SURFACE_STYLE_USAGE(.BOTH.,#4331);
#4333=PRESENTATION_STYLE_ASSIGNMENT((#4332));
#4334=STYLED_ITEM('',(#4333),#4326);
#4335=ADVANCED_FACE('',(#8503,#8505),#8507,.T.);
#4336=COLOUR_RGB('',0.968627450980392,0.87843137254902,0.6);
#4337=FILL_AREA_STYLE_COLOUR('',#4336);
#4338=FILL_AREA_STYLE($,(#4337));
#4339=SURFACE_STYLE_FILL_AREA(#4338);
#4340=SURFACE_SIDE_STYLE('',(#4339));
#4341=SURFACE_STYLE_USAGE(.BOTH.,#4340);
#4342=PRESENTATION_STYLE_ASSIGNMENT((#4341));
#4343=STYLED_ITEM('',(#4342),#4335);
#4344=ADVANCED_FACE('',(#8512,#8514),#8516,.T.);
#4345=COLOUR_RGB('',0.968627450980392,0.87843137254902,0.6);
#4346=FILL_AREA_STYLE_COLOUR('',#4345);
#4347=FILL_AREA_STYLE($,(#4346));
#4348=SURFACE_STYLE_FILL_AREA(#4347);
#4349=SURFACE_SIDE_STYLE('',(#4348));
#4350=SURFACE_STYLE_USAGE(.BOTH.,#4349);
#4351=PRESENTATION_STYLE_ASSIGNMENT((#4350));
#4352=STYLED_ITEM('',(#4351),#4344);
#4353=ADVANCED_FACE('',(#8521,#8523),#8525,.T.);
#4354=COLOUR_RGB('',0.968627450980392,0.87843137254902,0.6);
#4355=FILL_AREA_STYLE_COLOUR('',#4354);
#4356=FILL_AREA_STYLE($,(#4355));
#4357=SURFACE_STYLE_FILL_AREA(#4356);
#4358=SURFACE_SIDE_STYLE('',(#4357));
#4359=SURFACE_STYLE_USAGE(.BOTH.,#4358);
#4360=PRESENTATION_STYLE_ASSIGNMENT((#4359));
#4361=STYLED_ITEM('',(#4360),#4353);
#4362=ADVANCED_FACE('',(#8530),#8532,.T.);
#4363=COLOUR_RGB('',0.968627450980392,0.87843137254902,0.6);
#4364=FILL_AREA_STYLE_COLOUR('',#4363);
#4365=FILL_AREA_STYLE($,(#4364));
#4366=SURFACE_STYLE_FILL_AREA(#4365);
#4367=SURFACE_SIDE_STYLE('',(#4366));
#4368=SURFACE_STYLE_USAGE(.BOTH.,#4367);
#4369=PRESENTATION_STYLE_ASSIGNMENT((#4368));
#4370=STYLED_ITEM('',(#4369),#4362);
#4371=ADVANCED_FACE('',(#8537),#8539,.T.);
#4372=COLOUR_RGB('',0.968627450980392,0.87843137254902,0.6);
#4373=FILL_AREA_STYLE_COLOUR('',#4372);
#4374=FILL_AREA_STYLE($,(#4373));
#4375=SURFACE_STYLE_FILL_AREA(#4374);
#4376=SURFACE_SIDE_STYLE('',(#4375));
#4377=SURFACE_STYLE_USAGE(.BOTH.,#4376);
#4378=PRESENTATION_STYLE_ASSIGNMENT((#4377));
#4379=STYLED_ITEM('',(#4378),#4371);
#4380=ADVANCED_FACE('',(#8544,#8546),#8548,.T.);
#4381=COLOUR_RGB('',0.968627450980392,0.87843137254902,0.6);
#4382=FILL_AREA_STYLE_COLOUR('',#4381);
#4383=FILL_AREA_STYLE($,(#4382));
#4384=SURFACE_STYLE_FILL_AREA(#4383);
#4385=SURFACE_SIDE_STYLE('',(#4384));
#4386=SURFACE_STYLE_USAGE(.BOTH.,#4385);
#4387=PRESENTATION_STYLE_ASSIGNMENT((#4386));
#4388=STYLED_ITEM('',(#4387),#4380);
#4389=ADVANCED_FACE('',(#8553,#8555),#8557,.T.);
#4390=COLOUR_RGB('',0.968627450980392,0.87843137254902,0.6);
#4391=FILL_AREA_STYLE_COLOUR('',#4390);
#4392=FILL_AREA_STYLE($,(#4391));
#4393=SURFACE_STYLE_FILL_AREA(#4392);
#4394=SURFACE_SIDE_STYLE('',(#4393));
#4395=SURFACE_STYLE_USAGE(.BOTH.,#4394);
#4396=PRESENTATION_STYLE_ASSIGNMENT((#4395));
#4397=STYLED_ITEM('',(#4396),#4389);
#4398=ADVANCED_FACE('',(#8562,#8564),#8566,.T.);
#4399=COLOUR_RGB('',0.968627450980392,0.87843137254902,0.6);
#4400=FILL_AREA_STYLE_COLOUR('',#4399);
#4401=FILL_AREA_STYLE($,(#4400));
#4402=SURFACE_STYLE_FILL_AREA(#4401);
#4403=SURFACE_SIDE_STYLE('',(#4402));
#4404=SURFACE_STYLE_USAGE(.BOTH.,#4403);
#4405=PRESENTATION_STYLE_ASSIGNMENT((#4404));
#4406=STYLED_ITEM('',(#4405),#4398);
#4407=ADVANCED_FACE('',(#8571,#8573),#8575,.T.);
#4408=COLOUR_RGB('',0.968627450980392,0.87843137254902,0.6);
#4409=FILL_AREA_STYLE_COLOUR('',#4408);
#4410=FILL_AREA_STYLE($,(#4409));
#4411=SURFACE_STYLE_FILL_AREA(#4410);
#4412=SURFACE_SIDE_STYLE('',(#4411));
#4413=SURFACE_STYLE_USAGE(.BOTH.,#4412);
#4414=PRESENTATION_STYLE_ASSIGNMENT((#4413));
#4415=STYLED_ITEM('',(#4414),#4407);
#4416=ADVANCED_FACE('',(#8580,#8582),#8584,.T.);
#4417=COLOUR_RGB('',0.968627450980392,0.87843137254902,0.6);
#4418=FILL_AREA_STYLE_COLOUR('',#4417);
#4419=FILL_AREA_STYLE($,(#4418));
#4420=SURFACE_STYLE_FILL_AREA(#4419);
#4421=SURFACE_SIDE_STYLE('',(#4420));
#4422=SURFACE_STYLE_USAGE(.BOTH.,#4421);
#4423=PRESENTATION_STYLE_ASSIGNMENT((#4422));
#4424=STYLED_ITEM('',(#4423),#4416);
#4425=ADVANCED_FACE('',(#8589,#8591),#8593,.T.);
#4426=COLOUR_RGB('',0.968627450980392,0.87843137254902,0.6);
#4427=FILL_AREA_STYLE_COLOUR('',#4426);
#4428=FILL_AREA_STYLE($,(#4427));
#4429=SURFACE_STYLE_FILL_AREA(#4428);
#4430=SURFACE_SIDE_STYLE('',(#4429));
#4431=SURFACE_STYLE_USAGE(.BOTH.,#4430);
#4432=PRESENTATION_STYLE_ASSIGNMENT((#4431));
#4433=STYLED_ITEM('',(#4432),#4425);
#4434=ADVANCED_FACE('',(#8598,#8600),#8602,.T.);
#4435=COLOUR_RGB('',0.968627450980392,0.87843137254902,0.6);
#4436=FILL_AREA_STYLE_COLOUR('',#4435);
#4437=FILL_AREA_STYLE($,(#4436));
#4438=SURFACE_STYLE_FILL_AREA(#4437);
#4439=SURFACE_SIDE_STYLE('',(#4438));
#4440=SURFACE_STYLE_USAGE(.BOTH.,#4439);
#4441=PRESENTATION_STYLE_ASSIGNMENT((#4440));
#4442=STYLED_ITEM('',(#4441),#4434);
#4443=ADVANCED_FACE('',(#8607),#8609,.T.);
#4444=COLOUR_RGB('',0.968627450980392,0.87843137254902,0.6);
#4445=FILL_AREA_STYLE_COLOUR('',#4444);
#4446=FILL_AREA_STYLE($,(#4445));
#4447=SURFACE_STYLE_FILL_AREA(#4446);
#4448=SURFACE_SIDE_STYLE('',(#4447));
#4449=SURFACE_STYLE_USAGE(.BOTH.,#4448);
#4450=PRESENTATION_STYLE_ASSIGNMENT((#4449));
#4451=STYLED_ITEM('',(#4450),#4443);
#4452=ADVANCED_FACE('',(#8614),#8616,.T.);
#4453=COLOUR_RGB('',0.968627450980392,0.87843137254902,0.6);
#4454=FILL_AREA_STYLE_COLOUR('',#4453);
#4455=FILL_AREA_STYLE($,(#4454));
#4456=SURFACE_STYLE_FILL_AREA(#4455);
#4457=SURFACE_SIDE_STYLE('',(#4456));
#4458=SURFACE_STYLE_USAGE(.BOTH.,#4457);
#4459=PRESENTATION_STYLE_ASSIGNMENT((#4458));
#4460=STYLED_ITEM('',(#4459),#4452);
#4461=ADVANCED_FACE('',(#8621,#8623),#8625,.T.);
#4462=COLOUR_RGB('',0.968627450980392,0.87843137254902,0.6);
#4463=FILL_AREA_STYLE_COLOUR('',#4462);
#4464=FILL_AREA_STYLE($,(#4463));
#4465=SURFACE_STYLE_FILL_AREA(#4464);
#4466=SURFACE_SIDE_STYLE('',(#4465));
#4467=SURFACE_STYLE_USAGE(.BOTH.,#4466);
#4468=PRESENTATION_STYLE_ASSIGNMENT((#4467));
#4469=STYLED_ITEM('',(#4468),#4461);
#4470=ADVANCED_FACE('',(#8630,#8632),#8634,.T.);
#4471=COLOUR_RGB('',0.968627450980392,0.87843137254902,0.6);
#4472=FILL_AREA_STYLE_COLOUR('',#4471);
#4473=FILL_AREA_STYLE($,(#4472));
#4474=SURFACE_STYLE_FILL_AREA(#4473);
#4475=SURFACE_SIDE_STYLE('',(#4474));
#4476=SURFACE_STYLE_USAGE(.BOTH.,#4475);
#4477=PRESENTATION_STYLE_ASSIGNMENT((#4476));
#4478=STYLED_ITEM('',(#4477),#4470);
#4479=ADVANCED_FACE('',(#8639,#8641),#8643,.T.);
#4480=COLOUR_RGB('',0.968627450980392,0.87843137254902,0.6);
#4481=FILL_AREA_STYLE_COLOUR('',#4480);
#4482=FILL_AREA_STYLE($,(#4481));
#4483=SURFACE_STYLE_FILL_AREA(#4482);
#4484=SURFACE_SIDE_STYLE('',(#4483));
#4485=SURFACE_STYLE_USAGE(.BOTH.,#4484);
#4486=PRESENTATION_STYLE_ASSIGNMENT((#4485));
#4487=STYLED_ITEM('',(#4486),#4479);
#4488=ADVANCED_FACE('',(#8648,#8650),#8652,.T.);
#4489=COLOUR_RGB('',0.968627450980392,0.87843137254902,0.6);
#4490=FILL_AREA_STYLE_COLOUR('',#4489);
#4491=FILL_AREA_STYLE($,(#4490));
#4492=SURFACE_STYLE_FILL_AREA(#4491);
#4493=SURFACE_SIDE_STYLE('',(#4492));
#4494=SURFACE_STYLE_USAGE(.BOTH.,#4493);
#4495=PRESENTATION_STYLE_ASSIGNMENT((#4494));
#4496=STYLED_ITEM('',(#4495),#4488);
#4497=ADVANCED_FACE('',(#8657,#8659),#8661,.T.);
#4498=COLOUR_RGB('',0.968627450980392,0.87843137254902,0.6);
#4499=FILL_AREA_STYLE_COLOUR('',#4498);
#4500=FILL_AREA_STYLE($,(#4499));
#4501=SURFACE_STYLE_FILL_AREA(#4500);
#4502=SURFACE_SIDE_STYLE('',(#4501));
#4503=SURFACE_STYLE_USAGE(.BOTH.,#4502);
#4504=PRESENTATION_STYLE_ASSIGNMENT((#4503));
#4505=STYLED_ITEM('',(#4504),#4497);
#4506=ADVANCED_FACE('',(#8666,#8668),#8670,.T.);
#4507=COLOUR_RGB('',0.968627450980392,0.87843137254902,0.6);
#4508=FILL_AREA_STYLE_COLOUR('',#4507);
#4509=FILL_AREA_STYLE($,(#4508));
#4510=SURFACE_STYLE_FILL_AREA(#4509);
#4511=SURFACE_SIDE_STYLE('',(#4510));
#4512=SURFACE_STYLE_USAGE(.BOTH.,#4511);
#4513=PRESENTATION_STYLE_ASSIGNMENT((#4512));
#4514=STYLED_ITEM('',(#4513),#4506);
#4515=ADVANCED_FACE('',(#8675,#8677),#8679,.T.);
#4516=COLOUR_RGB('',0.968627450980392,0.87843137254902,0.6);
#4517=FILL_AREA_STYLE_COLOUR('',#4516);
#4518=FILL_AREA_STYLE($,(#4517));
#4519=SURFACE_STYLE_FILL_AREA(#4518);
#4520=SURFACE_SIDE_STYLE('',(#4519));
#4521=SURFACE_STYLE_USAGE(.BOTH.,#4520);
#4522=PRESENTATION_STYLE_ASSIGNMENT((#4521));
#4523=STYLED_ITEM('',(#4522),#4515);
#4524=ADVANCED_FACE('',(#8684),#8686,.T.);
#4525=COLOUR_RGB('',0.968627450980392,0.87843137254902,0.6);
#4526=FILL_AREA_STYLE_COLOUR('',#4525);
#4527=FILL_AREA_STYLE($,(#4526));
#4528=SURFACE_STYLE_FILL_AREA(#4527);
#4529=SURFACE_SIDE_STYLE('',(#4528));
#4530=SURFACE_STYLE_USAGE(.BOTH.,#4529);
#4531=PRESENTATION_STYLE_ASSIGNMENT((#4530));
#4532=STYLED_ITEM('',(#4531),#4524);
#4533=ADVANCED_FACE('',(#8691),#8693,.T.);
#4534=COLOUR_RGB('',0.968627450980392,0.87843137254902,0.6);
#4535=FILL_AREA_STYLE_COLOUR('',#4534);
#4536=FILL_AREA_STYLE($,(#4535));
#4537=SURFACE_STYLE_FILL_AREA(#4536);
#4538=SURFACE_SIDE_STYLE('',(#4537));
#4539=SURFACE_STYLE_USAGE(.BOTH.,#4538);
#4540=PRESENTATION_STYLE_ASSIGNMENT((#4539));
#4541=STYLED_ITEM('',(#4540),#4533);
#4542=ADVANCED_FACE('',(#8698,#8700),#8702,.T.);
#4543=COLOUR_RGB('',0.968627450980392,0.87843137254902,0.6);
#4544=FILL_AREA_STYLE_COLOUR('',#4543);
#4545=FILL_AREA_STYLE($,(#4544));
#4546=SURFACE_STYLE_FILL_AREA(#4545);
#4547=SURFACE_SIDE_STYLE('',(#4546));
#4548=SURFACE_STYLE_USAGE(.BOTH.,#4547);
#4549=PRESENTATION_STYLE_ASSIGNMENT((#4548));
#4550=STYLED_ITEM('',(#4549),#4542);
#4551=ADVANCED_FACE('',(#8707,#8709),#8711,.T.);
#4552=COLOUR_RGB('',0.968627450980392,0.87843137254902,0.6);
#4553=FILL_AREA_STYLE_COLOUR('',#4552);
#4554=FILL_AREA_STYLE($,(#4553));
#4555=SURFACE_STYLE_FILL_AREA(#4554);
#4556=SURFACE_SIDE_STYLE('',(#4555));
#4557=SURFACE_STYLE_USAGE(.BOTH.,#4556);
#4558=PRESENTATION_STYLE_ASSIGNMENT((#4557));
#4559=STYLED_ITEM('',(#4558),#4551);
#4560=ADVANCED_FACE('',(#8716,#8718),#8720,.T.);
#4561=COLOUR_RGB('',0.968627450980392,0.87843137254902,0.6);
#4562=FILL_AREA_STYLE_COLOUR('',#4561);
#4563=FILL_AREA_STYLE($,(#4562));
#4564=SURFACE_STYLE_FILL_AREA(#4563);
#4565=SURFACE_SIDE_STYLE('',(#4564));
#4566=SURFACE_STYLE_USAGE(.BOTH.,#4565);
#4567=PRESENTATION_STYLE_ASSIGNMENT((#4566));
#4568=STYLED_ITEM('',(#4567),#4560);
#4569=ADVANCED_FACE('',(#8725,#8727),#8729,.T.);
#4570=COLOUR_RGB('',0.968627450980392,0.87843137254902,0.6);
#4571=FILL_AREA_STYLE_COLOUR('',#4570);
#4572=FILL_AREA_STYLE($,(#4571));
#4573=SURFACE_STYLE_FILL_AREA(#4572);
#4574=SURFACE_SIDE_STYLE('',(#4573));
#4575=SURFACE_STYLE_USAGE(.BOTH.,#4574);
#4576=PRESENTATION_STYLE_ASSIGNMENT((#4575));
#4577=STYLED_ITEM('',(#4576),#4569);
#4578=ADVANCED_FACE('',(#8734,#8736),#8738,.T.);
#4579=COLOUR_RGB('',0.968627450980392,0.87843137254902,0.6);
#4580=FILL_AREA_STYLE_COLOUR('',#4579);
#4581=FILL_AREA_STYLE($,(#4580));
#4582=SURFACE_STYLE_FILL_AREA(#4581);
#4583=SURFACE_SIDE_STYLE('',(#4582));
#4584=SURFACE_STYLE_USAGE(.BOTH.,#4583);
#4585=PRESENTATION_STYLE_ASSIGNMENT((#4584));
#4586=STYLED_ITEM('',(#4585),#4578);
#4587=ADVANCED_FACE('',(#8743,#8745),#8747,.T.);
#4588=COLOUR_RGB('',0.968627450980392,0.87843137254902,0.6);
#4589=FILL_AREA_STYLE_COLOUR('',#4588);
#4590=FILL_AREA_STYLE($,(#4589));
#4591=SURFACE_STYLE_FILL_AREA(#4590);
#4592=SURFACE_SIDE_STYLE('',(#4591));
#4593=SURFACE_STYLE_USAGE(.BOTH.,#4592);
#4594=PRESENTATION_STYLE_ASSIGNMENT((#4593));
#4595=STYLED_ITEM('',(#4594),#4587);
#4596=ADVANCED_FACE('',(#8752,#8754),#8756,.T.);
#4597=COLOUR_RGB('',0.968627450980392,0.87843137254902,0.6);
#4598=FILL_AREA_STYLE_COLOUR('',#4597);
#4599=FILL_AREA_STYLE($,(#4598));
#4600=SURFACE_STYLE_FILL_AREA(#4599);
#4601=SURFACE_SIDE_STYLE('',(#4600));
#4602=SURFACE_STYLE_USAGE(.BOTH.,#4601);
#4603=PRESENTATION_STYLE_ASSIGNMENT((#4602));
#4604=STYLED_ITEM('',(#4603),#4596);
#4605=ADVANCED_FACE('',(#8761),#8763,.T.);
#4606=COLOUR_RGB('',0.968627450980392,0.87843137254902,0.6);
#4607=FILL_AREA_STYLE_COLOUR('',#4606);
#4608=FILL_AREA_STYLE($,(#4607));
#4609=SURFACE_STYLE_FILL_AREA(#4608);
#4610=SURFACE_SIDE_STYLE('',(#4609));
#4611=SURFACE_STYLE_USAGE(.BOTH.,#4610);
#4612=PRESENTATION_STYLE_ASSIGNMENT((#4611));
#4613=STYLED_ITEM('',(#4612),#4605);
#4614=ADVANCED_FACE('',(#8768),#8770,.T.);
#4615=COLOUR_RGB('',0.968627450980392,0.87843137254902,0.6);
#4616=FILL_AREA_STYLE_COLOUR('',#4615);
#4617=FILL_AREA_STYLE($,(#4616));
#4618=SURFACE_STYLE_FILL_AREA(#4617);
#4619=SURFACE_SIDE_STYLE('',(#4618));
#4620=SURFACE_STYLE_USAGE(.BOTH.,#4619);
#4621=PRESENTATION_STYLE_ASSIGNMENT((#4620));
#4622=STYLED_ITEM('',(#4621),#4614);
#4623=ADVANCED_FACE('',(#8775,#8777),#8779,.T.);
#4624=COLOUR_RGB('',0.968627450980392,0.87843137254902,0.6);
#4625=FILL_AREA_STYLE_COLOUR('',#4624);
#4626=FILL_AREA_STYLE($,(#4625));
#4627=SURFACE_STYLE_FILL_AREA(#4626);
#4628=SURFACE_SIDE_STYLE('',(#4627));
#4629=SURFACE_STYLE_USAGE(.BOTH.,#4628);
#4630=PRESENTATION_STYLE_ASSIGNMENT((#4629));
#4631=STYLED_ITEM('',(#4630),#4623);
#4632=ADVANCED_FACE('',(#8784,#8786),#8788,.T.);
#4633=COLOUR_RGB('',0.968627450980392,0.87843137254902,0.6);
#4634=FILL_AREA_STYLE_COLOUR('',#4633);
#4635=FILL_AREA_STYLE($,(#4634));
#4636=SURFACE_STYLE_FILL_AREA(#4635);
#4637=SURFACE_SIDE_STYLE('',(#4636));
#4638=SURFACE_STYLE_USAGE(.BOTH.,#4637);
#4639=PRESENTATION_STYLE_ASSIGNMENT((#4638));
#4640=STYLED_ITEM('',(#4639),#4632);
#4641=ADVANCED_FACE('',(#8793,#8795),#8797,.T.);
#4642=COLOUR_RGB('',0.968627450980392,0.87843137254902,0.6);
#4643=FILL_AREA_STYLE_COLOUR('',#4642);
#4644=FILL_AREA_STYLE($,(#4643));
#4645=SURFACE_STYLE_FILL_AREA(#4644);
#4646=SURFACE_SIDE_STYLE('',(#4645));
#4647=SURFACE_STYLE_USAGE(.BOTH.,#4646);
#4648=PRESENTATION_STYLE_ASSIGNMENT((#4647));
#4649=STYLED_ITEM('',(#4648),#4641);
#4650=ADVANCED_FACE('',(#8802,#8804),#8806,.T.);
#4651=COLOUR_RGB('',0.968627450980392,0.87843137254902,0.6);
#4652=FILL_AREA_STYLE_COLOUR('',#4651);
#4653=FILL_AREA_STYLE($,(#4652));
#4654=SURFACE_STYLE_FILL_AREA(#4653);
#4655=SURFACE_SIDE_STYLE('',(#4654));
#4656=SURFACE_STYLE_USAGE(.BOTH.,#4655);
#4657=PRESENTATION_STYLE_ASSIGNMENT((#4656));
#4658=STYLED_ITEM('',(#4657),#4650);
#4659=ADVANCED_FACE('',(#8811,#8813),#8815,.T.);
#4660=COLOUR_RGB('',0.968627450980392,0.87843137254902,0.6);
#4661=FILL_AREA_STYLE_COLOUR('',#4660);
#4662=FILL_AREA_STYLE($,(#4661));
#4663=SURFACE_STYLE_FILL_AREA(#4662);
#4664=SURFACE_SIDE_STYLE('',(#4663));
#4665=SURFACE_STYLE_USAGE(.BOTH.,#4664);
#4666=PRESENTATION_STYLE_ASSIGNMENT((#4665));
#4667=STYLED_ITEM('',(#4666),#4659);
#4668=ADVANCED_FACE('',(#8820,#8822),#8824,.T.);
#4669=COLOUR_RGB('',0.968627450980392,0.87843137254902,0.6);
#4670=FILL_AREA_STYLE_COLOUR('',#4669);
#4671=FILL_AREA_STYLE($,(#4670));
#4672=SURFACE_STYLE_FILL_AREA(#4671);
#4673=SURFACE_SIDE_STYLE('',(#4672));
#4674=SURFACE_STYLE_USAGE(.BOTH.,#4673);
#4675=PRESENTATION_STYLE_ASSIGNMENT((#4674));
#4676=STYLED_ITEM('',(#4675),#4668);
#4677=ADVANCED_FACE('',(#8829,#8831),#8833,.T.);
#4678=COLOUR_RGB('',0.968627450980392,0.87843137254902,0.6);
#4679=FILL_AREA_STYLE_COLOUR('',#4678);
#4680=FILL_AREA_STYLE($,(#4679));
#4681=SURFACE_STYLE_FILL_AREA(#4680);
#4682=SURFACE_SIDE_STYLE('',(#4681));
#4683=SURFACE_STYLE_USAGE(.BOTH.,#4682);
#4684=PRESENTATION_STYLE_ASSIGNMENT((#4683));
#4685=STYLED_ITEM('',(#4684),#4677);
#4686=ADVANCED_FACE('',(#8838),#8840,.T.);
#4687=COLOUR_RGB('',0.968627450980392,0.87843137254902,0.6);
#4688=FILL_AREA_STYLE_COLOUR('',#4687);
#4689=FILL_AREA_STYLE($,(#4688));
#4690=SURFACE_STYLE_FILL_AREA(#4689);
#4691=SURFACE_SIDE_STYLE('',(#4690));
#4692=SURFACE_STYLE_USAGE(.BOTH.,#4691);
#4693=PRESENTATION_STYLE_ASSIGNMENT((#4692));
#4694=STYLED_ITEM('',(#4693),#4686);
#4695=ADVANCED_FACE('',(#8845),#8847,.T.);
#4696=COLOUR_RGB('',0.968627450980392,0.87843137254902,0.6);
#4697=FILL_AREA_STYLE_COLOUR('',#4696);
#4698=FILL_AREA_STYLE($,(#4697));
#4699=SURFACE_STYLE_FILL_AREA(#4698);
#4700=SURFACE_SIDE_STYLE('',(#4699));
#4701=SURFACE_STYLE_USAGE(.BOTH.,#4700);
#4702=PRESENTATION_STYLE_ASSIGNMENT((#4701));
#4703=STYLED_ITEM('',(#4702),#4695);
#4704=ADVANCED_FACE('',(#8852,#8854),#8856,.T.);
#4705=COLOUR_RGB('',0.968627450980392,0.87843137254902,0.6);
#4706=FILL_AREA_STYLE_COLOUR('',#4705);
#4707=FILL_AREA_STYLE($,(#4706));
#4708=SURFACE_STYLE_FILL_AREA(#4707);
#4709=SURFACE_SIDE_STYLE('',(#4708));
#4710=SURFACE_STYLE_USAGE(.BOTH.,#4709);
#4711=PRESENTATION_STYLE_ASSIGNMENT((#4710));
#4712=STYLED_ITEM('',(#4711),#4704);
#4713=ADVANCED_FACE('',(#8861,#8863),#8865,.T.);
#4714=COLOUR_RGB('',0.968627450980392,0.87843137254902,0.6);
#4715=FILL_AREA_STYLE_COLOUR('',#4714);
#4716=FILL_AREA_STYLE($,(#4715));
#4717=SURFACE_STYLE_FILL_AREA(#4716);
#4718=SURFACE_SIDE_STYLE('',(#4717));
#4719=SURFACE_STYLE_USAGE(.BOTH.,#4718);
#4720=PRESENTATION_STYLE_ASSIGNMENT((#4719));
#4721=STYLED_ITEM('',(#4720),#4713);
#4722=ADVANCED_FACE('',(#8870,#8872),#8874,.T.);
#4723=COLOUR_RGB('',0.968627450980392,0.87843137254902,0.6);
#4724=FILL_AREA_STYLE_COLOUR('',#4723);
#4725=FILL_AREA_STYLE($,(#4724));
#4726=SURFACE_STYLE_FILL_AREA(#4725);
#4727=SURFACE_SIDE_STYLE('',(#4726));
#4728=SURFACE_STYLE_USAGE(.BOTH.,#4727);
#4729=PRESENTATION_STYLE_ASSIGNMENT((#4728));
#4730=STYLED_ITEM('',(#4729),#4722);
#4731=ADVANCED_FACE('',(#8879,#8881),#8883,.T.);
#4732=COLOUR_RGB('',0.968627450980392,0.87843137254902,0.6);
#4733=FILL_AREA_STYLE_COLOUR('',#4732);
#4734=FILL_AREA_STYLE($,(#4733));
#4735=SURFACE_STYLE_FILL_AREA(#4734);
#4736=SURFACE_SIDE_STYLE('',(#4735));
#4737=SURFACE_STYLE_USAGE(.BOTH.,#4736);
#4738=PRESENTATION_STYLE_ASSIGNMENT((#4737));
#4739=STYLED_ITEM('',(#4738),#4731);
#4740=ADVANCED_FACE('',(#8888,#8890),#8892,.T.);
#4741=COLOUR_RGB('',0.968627450980392,0.87843137254902,0.6);
#4742=FILL_AREA_STYLE_COLOUR('',#4741);
#4743=FILL_AREA_STYLE($,(#4742));
#4744=SURFACE_STYLE_FILL_AREA(#4743);
#4745=SURFACE_SIDE_STYLE('',(#4744));
#4746=SURFACE_STYLE_USAGE(.BOTH.,#4745);
#4747=PRESENTATION_STYLE_ASSIGNMENT((#4746));
#4748=STYLED_ITEM('',(#4747),#4740);
#4749=ADVANCED_FACE('',(#8897,#8899),#8901,.T.);
#4750=COLOUR_RGB('',0.968627450980392,0.87843137254902,0.6);
#4751=FILL_AREA_STYLE_COLOUR('',#4750);
#4752=FILL_AREA_STYLE($,(#4751));
#4753=SURFACE_STYLE_FILL_AREA(#4752);
#4754=SURFACE_SIDE_STYLE('',(#4753));
#4755=SURFACE_STYLE_USAGE(.BOTH.,#4754);
#4756=PRESENTATION_STYLE_ASSIGNMENT((#4755));
#4757=STYLED_ITEM('',(#4756),#4749);
#4758=ADVANCED_FACE('',(#8906,#8908),#8910,.T.);
#4759=COLOUR_RGB('',0.968627450980392,0.87843137254902,0.6);
#4760=FILL_AREA_STYLE_COLOUR('',#4759);
#4761=FILL_AREA_STYLE($,(#4760));
#4762=SURFACE_STYLE_FILL_AREA(#4761);
#4763=SURFACE_SIDE_STYLE('',(#4762));
#4764=SURFACE_STYLE_USAGE(.BOTH.,#4763);
#4765=PRESENTATION_STYLE_ASSIGNMENT((#4764));
#4766=STYLED_ITEM('',(#4765),#4758);
#4767=ADVANCED_FACE('',(#8915),#8917,.T.);
#4768=COLOUR_RGB('',0.968627450980392,0.87843137254902,0.6);
#4769=FILL_AREA_STYLE_COLOUR('',#4768);
#4770=FILL_AREA_STYLE($,(#4769));
#4771=SURFACE_STYLE_FILL_AREA(#4770);
#4772=SURFACE_SIDE_STYLE('',(#4771));
#4773=SURFACE_STYLE_USAGE(.BOTH.,#4772);
#4774=PRESENTATION_STYLE_ASSIGNMENT((#4773));
#4775=STYLED_ITEM('',(#4774),#4767);
#4776=ADVANCED_FACE('',(#8922),#8924,.T.);
#4777=COLOUR_RGB('',0.968627450980392,0.87843137254902,0.6);
#4778=FILL_AREA_STYLE_COLOUR('',#4777);
#4779=FILL_AREA_STYLE($,(#4778));
#4780=SURFACE_STYLE_FILL_AREA(#4779);
#4781=SURFACE_SIDE_STYLE('',(#4780));
#4782=SURFACE_STYLE_USAGE(.BOTH.,#4781);
#4783=PRESENTATION_STYLE_ASSIGNMENT((#4782));
#4784=STYLED_ITEM('',(#4783),#4776);
#4785=ADVANCED_FACE('',(#8929,#8931),#8933,.T.);
#4786=COLOUR_RGB('',0.968627450980392,0.87843137254902,0.6);
#4787=FILL_AREA_STYLE_COLOUR('',#4786);
#4788=FILL_AREA_STYLE($,(#4787));
#4789=SURFACE_STYLE_FILL_AREA(#4788);
#4790=SURFACE_SIDE_STYLE('',(#4789));
#4791=SURFACE_STYLE_USAGE(.BOTH.,#4790);
#4792=PRESENTATION_STYLE_ASSIGNMENT((#4791));
#4793=STYLED_ITEM('',(#4792),#4785);
#4794=ADVANCED_FACE('',(#8938,#8940),#8942,.T.);
#4795=COLOUR_RGB('',0.968627450980392,0.87843137254902,0.6);
#4796=FILL_AREA_STYLE_COLOUR('',#4795);
#4797=FILL_AREA_STYLE($,(#4796));
#4798=SURFACE_STYLE_FILL_AREA(#4797);
#4799=SURFACE_SIDE_STYLE('',(#4798));
#4800=SURFACE_STYLE_USAGE(.BOTH.,#4799);
#4801=PRESENTATION_STYLE_ASSIGNMENT((#4800));
#4802=STYLED_ITEM('',(#4801),#4794);
#4803=ADVANCED_FACE('',(#8947,#8949),#8951,.T.);
#4804=COLOUR_RGB('',0.968627450980392,0.87843137254902,0.6);
#4805=FILL_AREA_STYLE_COLOUR('',#4804);
#4806=FILL_AREA_STYLE($,(#4805));
#4807=SURFACE_STYLE_FILL_AREA(#4806);
#4808=SURFACE_SIDE_STYLE('',(#4807));
#4809=SURFACE_STYLE_USAGE(.BOTH.,#4808);
#4810=PRESENTATION_STYLE_ASSIGNMENT((#4809));
#4811=STYLED_ITEM('',(#4810),#4803);
#4812=ADVANCED_FACE('',(#8956,#8958),#8960,.T.);
#4813=COLOUR_RGB('',0.968627450980392,0.87843137254902,0.6);
#4814=FILL_AREA_STYLE_COLOUR('',#4813);
#4815=FILL_AREA_STYLE($,(#4814));
#4816=SURFACE_STYLE_FILL_AREA(#4815);
#4817=SURFACE_SIDE_STYLE('',(#4816));
#4818=SURFACE_STYLE_USAGE(.BOTH.,#4817);
#4819=PRESENTATION_STYLE_ASSIGNMENT((#4818));
#4820=STYLED_ITEM('',(#4819),#4812);
#4821=ADVANCED_FACE('',(#8965,#8967),#8969,.T.);
#4822=COLOUR_RGB('',0.968627450980392,0.87843137254902,0.6);
#4823=FILL_AREA_STYLE_COLOUR('',#4822);
#4824=FILL_AREA_STYLE($,(#4823));
#4825=SURFACE_STYLE_FILL_AREA(#4824);
#4826=SURFACE_SIDE_STYLE('',(#4825));
#4827=SURFACE_STYLE_USAGE(.BOTH.,#4826);
#4828=PRESENTATION_STYLE_ASSIGNMENT((#4827));
#4829=STYLED_ITEM('',(#4828),#4821);
#4830=ADVANCED_FACE('',(#8974,#8976),#8978,.T.);
#4831=COLOUR_RGB('',0.968627450980392,0.87843137254902,0.6);
#4832=FILL_AREA_STYLE_COLOUR('',#4831);
#4833=FILL_AREA_STYLE($,(#4832));
#4834=SURFACE_STYLE_FILL_AREA(#4833);
#4835=SURFACE_SIDE_STYLE('',(#4834));
#4836=SURFACE_STYLE_USAGE(.BOTH.,#4835);
#4837=PRESENTATION_STYLE_ASSIGNMENT((#4836));
#4838=STYLED_ITEM('',(#4837),#4830);
#4839=ADVANCED_FACE('',(#8983,#8985),#8987,.T.);
#4840=COLOUR_RGB('',0.968627450980392,0.87843137254902,0.6);
#4841=FILL_AREA_STYLE_COLOUR('',#4840);
#4842=FILL_AREA_STYLE($,(#4841));
#4843=SURFACE_STYLE_FILL_AREA(#4842);
#4844=SURFACE_SIDE_STYLE('',(#4843));
#4845=SURFACE_STYLE_USAGE(.BOTH.,#4844);
#4846=PRESENTATION_STYLE_ASSIGNMENT((#4845));
#4847=STYLED_ITEM('',(#4846),#4839);
#4848=ADVANCED_FACE('',(#8992),#8994,.T.);
#4849=COLOUR_RGB('',0.968627450980392,0.87843137254902,0.6);
#4850=FILL_AREA_STYLE_COLOUR('',#4849);
#4851=FILL_AREA_STYLE($,(#4850));
#4852=SURFACE_STYLE_FILL_AREA(#4851);
#4853=SURFACE_SIDE_STYLE('',(#4852));
#4854=SURFACE_STYLE_USAGE(.BOTH.,#4853);
#4855=PRESENTATION_STYLE_ASSIGNMENT((#4854));
#4856=STYLED_ITEM('',(#4855),#4848);
#4857=FACE_OUTER_BOUND('',#4858,.T.);
#4858=EDGE_LOOP('',(#8999));
#4859=FACE_OUTER_BOUND('',#4860,.T.);
#4860=EDGE_LOOP('',(#9000));
#4861=CYLINDRICAL_SURFACE('',#4862,0.66);
#4862=AXIS2_PLACEMENT_3D('',#4863,#4864,#4865);
#4863=CARTESIAN_POINT('',(58.42,0.,0.6));
#4864=DIRECTION('',(0.,0.,1.));
#4865=DIRECTION('',(1.,0.,0.));
#4866=FACE_OUTER_BOUND('',#4867,.T.);
#4867=EDGE_LOOP('',(#9001));
#4868=FACE_OUTER_BOUND('',#4869,.T.);
#4869=EDGE_LOOP('',(#9002));
#4870=CYLINDRICAL_SURFACE('',#4871,0.66);
#4871=AXIS2_PLACEMENT_3D('',#4872,#4873,#4874);
#4872=CARTESIAN_POINT('',(60.96,0.,0.6));
#4873=DIRECTION('',(0.,0.,1.));
#4874=DIRECTION('',(1.,0.,0.));
#4875=FACE_OUTER_BOUND('',#4876,.T.);
#4876=EDGE_LOOP('',(#9003));
#4877=FACE_OUTER_BOUND('',#4878,.T.);
#4878=EDGE_LOOP('',(#9004));
#4879=CYLINDRICAL_SURFACE('',#4880,0.66);
#4880=AXIS2_PLACEMENT_3D('',#4881,#4882,#4883);
#4881=CARTESIAN_POINT('',(55.88,0.,0.6));
#4882=DIRECTION('',(0.,0.,1.));
#4883=DIRECTION('',(1.,0.,0.));
#4884=FACE_OUTER_BOUND('',#4885,.T.);
#4885=EDGE_LOOP('',(#9005));
#4886=FACE_OUTER_BOUND('',#4887,.T.);
#4887=EDGE_LOOP('',(#9006));
#4888=CYLINDRICAL_SURFACE('',#4889,0.66);
#4889=AXIS2_PLACEMENT_3D('',#4890,#4891,#4892);
#4890=CARTESIAN_POINT('',(53.34,0.,0.6));
#4891=DIRECTION('',(0.,0.,1.));
#4892=DIRECTION('',(1.,0.,0.));
#4893=FACE_OUTER_BOUND('',#4894,.T.);
#4894=EDGE_LOOP('',(#9007));
#4895=FACE_OUTER_BOUND('',#4896,.T.);
#4896=EDGE_LOOP('',(#9008));
#4897=CYLINDRICAL_SURFACE('',#4898,0.66);
#4898=AXIS2_PLACEMENT_3D('',#4899,#4900,#4901);
#4899=CARTESIAN_POINT('',(50.8,0.,0.6));
#4900=DIRECTION('',(0.,0.,1.));
#4901=DIRECTION('',(1.,0.,0.));
#4902=FACE_OUTER_BOUND('',#4903,.T.);
#4903=EDGE_LOOP('',(#9009));
#4904=FACE_OUTER_BOUND('',#4905,.T.);
#4905=EDGE_LOOP('',(#9010));
#4906=CYLINDRICAL_SURFACE('',#4907,0.66);
#4907=AXIS2_PLACEMENT_3D('',#4908,#4909,#4910);
#4908=CARTESIAN_POINT('',(48.26,0.,0.6));
#4909=DIRECTION('',(0.,0.,1.));
#4910=DIRECTION('',(1.,0.,0.));
#4911=FACE_OUTER_BOUND('',#4912,.T.);
#4912=EDGE_LOOP('',(#9011));
#4913=FACE_OUTER_BOUND('',#4914,.T.);
#4914=EDGE_LOOP('',(#9012));
#4915=CYLINDRICAL_SURFACE('',#4916,0.66);
#4916=AXIS2_PLACEMENT_3D('',#4917,#4918,#4919);
#4917=CARTESIAN_POINT('',(45.72,0.,0.6));
#4918=DIRECTION('',(0.,0.,1.));
#4919=DIRECTION('',(1.,0.,0.));
#4920=FACE_OUTER_BOUND('',#4921,.T.);
#4921=EDGE_LOOP('',(#9013));
#4922=FACE_OUTER_BOUND('',#4923,.T.);
#4923=EDGE_LOOP('',(#9014));
#4924=CYLINDRICAL_SURFACE('',#4925,0.66);
#4925=AXIS2_PLACEMENT_3D('',#4926,#4927,#4928);
#4926=CARTESIAN_POINT('',(43.18,0.,0.6));
#4927=DIRECTION('',(0.,0.,1.));
#4928=DIRECTION('',(1.,0.,0.));
#4929=FACE_OUTER_BOUND('',#4930,.T.);
#4930=EDGE_LOOP('',(#9015));
#4931=FACE_OUTER_BOUND('',#4932,.T.);
#4932=EDGE_LOOP('',(#9016));
#4933=CYLINDRICAL_SURFACE('',#4934,0.66);
#4934=AXIS2_PLACEMENT_3D('',#4935,#4936,#4937);
#4935=CARTESIAN_POINT('',(40.64,0.,0.6));
#4936=DIRECTION('',(0.,0.,1.));
#4937=DIRECTION('',(1.,0.,0.));
#4938=FACE_OUTER_BOUND('',#4939,.T.);
#4939=EDGE_LOOP('',(#9017));
#4940=FACE_OUTER_BOUND('',#4941,.T.);
#4941=EDGE_LOOP('',(#9018));
#4942=CYLINDRICAL_SURFACE('',#4943,0.66);
#4943=AXIS2_PLACEMENT_3D('',#4944,#4945,#4946);
#4944=CARTESIAN_POINT('',(38.1,0.,0.6));
#4945=DIRECTION('',(0.,0.,1.));
#4946=DIRECTION('',(1.,0.,0.));
#4947=FACE_OUTER_BOUND('',#4948,.T.);
#4948=EDGE_LOOP('',(#9019));
#4949=FACE_OUTER_BOUND('',#4950,.T.);
#4950=EDGE_LOOP('',(#9020));
#4951=CYLINDRICAL_SURFACE('',#4952,0.66);
#4952=AXIS2_PLACEMENT_3D('',#4953,#4954,#4955);
#4953=CARTESIAN_POINT('',(35.56,0.,0.6));
#4954=DIRECTION('',(0.,0.,1.));
#4955=DIRECTION('',(1.,0.,0.));
#4956=FACE_OUTER_BOUND('',#4957,.T.);
#4957=EDGE_LOOP('',(#9021));
#4958=FACE_OUTER_BOUND('',#4959,.T.);
#4959=EDGE_LOOP('',(#9022));
#4960=CYLINDRICAL_SURFACE('',#4961,0.66);
#4961=AXIS2_PLACEMENT_3D('',#4962,#4963,#4964);
#4962=CARTESIAN_POINT('',(33.02,0.,0.6));
#4963=DIRECTION('',(0.,0.,1.));
#4964=DIRECTION('',(1.,0.,0.));
#4965=FACE_OUTER_BOUND('',#4966,.T.);
#4966=EDGE_LOOP('',(#9023));
#4967=FACE_OUTER_BOUND('',#4968,.T.);
#4968=EDGE_LOOP('',(#9024));
#4969=CYLINDRICAL_SURFACE('',#4970,0.66);
#4970=AXIS2_PLACEMENT_3D('',#4971,#4972,#4973);
#4971=CARTESIAN_POINT('',(30.48,0.,0.6));
#4972=DIRECTION('',(0.,0.,1.));
#4973=DIRECTION('',(1.,0.,0.));
#4974=FACE_OUTER_BOUND('',#4975,.T.);
#4975=EDGE_LOOP('',(#9025));
#4976=FACE_OUTER_BOUND('',#4977,.T.);
#4977=EDGE_LOOP('',(#9026));
#4978=CYLINDRICAL_SURFACE('',#4979,0.66);
#4979=AXIS2_PLACEMENT_3D('',#4980,#4981,#4982);
#4980=CARTESIAN_POINT('',(27.94,0.,0.6));
#4981=DIRECTION('',(0.,0.,1.));
#4982=DIRECTION('',(1.,0.,0.));
#4983=FACE_OUTER_BOUND('',#4984,.T.);
#4984=EDGE_LOOP('',(#9027));
#4985=FACE_OUTER_BOUND('',#4986,.T.);
#4986=EDGE_LOOP('',(#9028));
#4987=CYLINDRICAL_SURFACE('',#4988,0.66);
#4988=AXIS2_PLACEMENT_3D('',#4989,#4990,#4991);
#4989=CARTESIAN_POINT('',(25.4,0.,0.6));
#4990=DIRECTION('',(0.,0.,1.));
#4991=DIRECTION('',(1.,0.,0.));
#4992=FACE_OUTER_BOUND('',#4993,.T.);
#4993=EDGE_LOOP('',(#9029));
#4994=FACE_OUTER_BOUND('',#4995,.T.);
#4995=EDGE_LOOP('',(#9030));
#4996=CYLINDRICAL_SURFACE('',#4997,0.66);
#4997=AXIS2_PLACEMENT_3D('',#4998,#4999,#5000);
#4998=CARTESIAN_POINT('',(22.86,0.,0.6));
#4999=DIRECTION('',(0.,0.,1.));
#5000=DIRECTION('',(1.,0.,0.));
#5001=FACE_OUTER_BOUND('',#5002,.T.);
#5002=EDGE_LOOP('',(#9031));
#5003=FACE_OUTER_BOUND('',#5004,.T.);
#5004=EDGE_LOOP('',(#9032));
#5005=CYLINDRICAL_SURFACE('',#5006,0.66);
#5006=AXIS2_PLACEMENT_3D('',#5007,#5008,#5009);
#5007=CARTESIAN_POINT('',(20.32,0.,0.6));
#5008=DIRECTION('',(0.,0.,1.));
#5009=DIRECTION('',(1.,0.,0.));
#5010=FACE_OUTER_BOUND('',#5011,.T.);
#5011=EDGE_LOOP('',(#9033));
#5012=FACE_OUTER_BOUND('',#5013,.T.);
#5013=EDGE_LOOP('',(#9034));
#5014=CYLINDRICAL_SURFACE('',#5015,0.66);
#5015=AXIS2_PLACEMENT_3D('',#5016,#5017,#5018);
#5016=CARTESIAN_POINT('',(17.78,0.,0.6));
#5017=DIRECTION('',(0.,0.,1.));
#5018=DIRECTION('',(1.,0.,0.));
#5019=FACE_OUTER_BOUND('',#5020,.T.);
#5020=EDGE_LOOP('',(#9035));
#5021=FACE_OUTER_BOUND('',#5022,.T.);
#5022=EDGE_LOOP('',(#9036));
#5023=CYLINDRICAL_SURFACE('',#5024,0.66);
#5024=AXIS2_PLACEMENT_3D('',#5025,#5026,#5027);
#5025=CARTESIAN_POINT('',(15.24,0.,0.6));
#5026=DIRECTION('',(0.,0.,1.));
#5027=DIRECTION('',(1.,0.,0.));
#5028=FACE_OUTER_BOUND('',#5029,.T.);
#5029=EDGE_LOOP('',(#9037));
#5030=FACE_OUTER_BOUND('',#5031,.T.);
#5031=EDGE_LOOP('',(#9038));
#5032=CYLINDRICAL_SURFACE('',#5033,0.66);
#5033=AXIS2_PLACEMENT_3D('',#5034,#5035,#5036);
#5034=CARTESIAN_POINT('',(12.7,0.,0.6));
#5035=DIRECTION('',(0.,0.,1.));
#5036=DIRECTION('',(1.,0.,0.));
#5037=FACE_OUTER_BOUND('',#5038,.T.);
#5038=EDGE_LOOP('',(#9039));
#5039=FACE_OUTER_BOUND('',#5040,.T.);
#5040=EDGE_LOOP('',(#9040));
#5041=CYLINDRICAL_SURFACE('',#5042,0.66);
#5042=AXIS2_PLACEMENT_3D('',#5043,#5044,#5045);
#5043=CARTESIAN_POINT('',(10.16,0.,0.6));
#5044=DIRECTION('',(0.,0.,1.));
#5045=DIRECTION('',(1.,0.,0.));
#5046=FACE_OUTER_BOUND('',#5047,.T.);
#5047=EDGE_LOOP('',(#9041));
#5048=FACE_OUTER_BOUND('',#5049,.T.);
#5049=EDGE_LOOP('',(#9042));
#5050=CYLINDRICAL_SURFACE('',#5051,0.66);
#5051=AXIS2_PLACEMENT_3D('',#5052,#5053,#5054);
#5052=CARTESIAN_POINT('',(7.62,0.,0.6));
#5053=DIRECTION('',(0.,0.,1.));
#5054=DIRECTION('',(1.,0.,0.));
#5055=FACE_OUTER_BOUND('',#5056,.T.);
#5056=EDGE_LOOP('',(#9043));
#5057=FACE_OUTER_BOUND('',#5058,.T.);
#5058=EDGE_LOOP('',(#9044));
#5059=CYLINDRICAL_SURFACE('',#5060,0.66);
#5060=AXIS2_PLACEMENT_3D('',#5061,#5062,#5063);
#5061=CARTESIAN_POINT('',(5.08,0.,0.6));
#5062=DIRECTION('',(0.,0.,1.));
#5063=DIRECTION('',(1.,0.,0.));
#5064=FACE_OUTER_BOUND('',#5065,.T.);
#5065=EDGE_LOOP('',(#9045));
#5066=FACE_OUTER_BOUND('',#5067,.T.);
#5067=EDGE_LOOP('',(#9046));
#5068=CYLINDRICAL_SURFACE('',#5069,0.66);
#5069=AXIS2_PLACEMENT_3D('',#5070,#5071,#5072);
#5070=CARTESIAN_POINT('',(2.54,0.,0.6));
#5071=DIRECTION('',(0.,0.,1.));
#5072=DIRECTION('',(1.,0.,0.));
#5073=FACE_BOUND('',#5074,.T.);
#5074=EDGE_LOOP('',(#9047,#9048,#9049,#9050,#9051,#9052,#9053,#9054,#9055,#9056,
#9057,#9058,#9059,#9060,#9061,#9062,#9063,#9064,#9065,#9066,#9067,#9068,#9069,#9070,
#9071,#9072,#9073,#9074,#9075,#9076,#9077,#9078,#9079,#9080,#9081,#9082,#9083,#9084,
#9085,#9086,#9087,#9088,#9089,#9090,#9091,#9092,#9093,#9094,#9095,#9096,#9097,#9098,
#9099,#9100,#9101,#9102,#9103,#9104,#9105,#9106,#9107,#9108,#9109,#9110,#9111,#9112,
#9113,#9114,#9115,#9116,#9117,#9118,#9119,#9120,#9121,#9122,#9123,#9124,#9125,#9126,
#9127,#9128,#9129,#9130,#9131,#9132,#9133,#9134,#9135,#9136,#9137,#9138,#9139,#9140,
#9141,#9142,#9143,#9144,#9145,#9146,#9147,#9148,#9149,#9150,#9151,#9152,#9153,#9154,
#9155,#9156,#9157,#9158,#9159,#9160,#9161,#9162,#9163,#9164,#9165,#9166,#9167,#9168,
#9169,#9170,#9171,#9172,#9173,#9174,#9175,#9176,#9177,#9178,#9179,#9180,#9181,#9182,
#9183,#9184,#9185,#9186,#9187,#9188,#9189,#9190,#9191,#9192,#9193,#9194,#9195,#9196,
#9197,#9198,#9199,#9200,#9201,#9202,#9203,#9204,#9205,#9206,#9207,#9208,#9209,#9210,
#9211,#9212,#9213,#9214,#9215,#9216,#9217,#9218,#9219,#9220,#9221,#9222,#9223,#9224,
#9225,#9226,#9227,#9228,#9229,#9230,#9231,#9232,#9233,#9234,#9235,#9236,#9237,#9238,
#9239,#9240,#9241,#9242,#9243,#9244,#9245,#9246,#9247,#9248,#9249,#9250));
#5075=FACE_BOUND('',#5076,.T.);
#5076=EDGE_LOOP('',(#9251));
#5077=FACE_BOUND('',#5078,.T.);
#5078=EDGE_LOOP('',(#9252));
#5079=FACE_BOUND('',#5080,.T.);
#5080=EDGE_LOOP('',(#9253));
#5081=FACE_BOUND('',#5082,.T.);
#5082=EDGE_LOOP('',(#9254));
#5083=FACE_BOUND('',#5084,.T.);
#5084=EDGE_LOOP('',(#9255));
#5085=FACE_BOUND('',#5086,.T.);
#5086=EDGE_LOOP('',(#9256));
#5087=FACE_BOUND('',#5088,.T.);
#5088=EDGE_LOOP('',(#9257));
#5089=FACE_BOUND('',#5090,.T.);
#5090=EDGE_LOOP('',(#9258));
#5091=FACE_BOUND('',#5092,.T.);
#5092=EDGE_LOOP('',(#9259));
#5093=FACE_BOUND('',#5094,.T.);
#5094=EDGE_LOOP('',(#9260));
#5095=FACE_BOUND('',#5096,.T.);
#5096=EDGE_LOOP('',(#9261));
#5097=FACE_BOUND('',#5098,.T.);
#5098=EDGE_LOOP('',(#9262));
#5099=FACE_BOUND('',#5100,.T.);
#5100=EDGE_LOOP('',(#9263));
#5101=FACE_BOUND('',#5102,.T.);
#5102=EDGE_LOOP('',(#9264));
#5103=FACE_BOUND('',#5104,.T.);
#5104=EDGE_LOOP('',(#9265));
#5105=FACE_BOUND('',#5106,.T.);
#5106=EDGE_LOOP('',(#9266));
#5107=FACE_BOUND('',#5108,.T.);
#5108=EDGE_LOOP('',(#9267));
#5109=FACE_BOUND('',#5110,.T.);
#5110=EDGE_LOOP('',(#9268));
#5111=FACE_BOUND('',#5112,.T.);
#5112=EDGE_LOOP('',(#9269));
#5113=FACE_BOUND('',#5114,.T.);
#5114=EDGE_LOOP('',(#9270));
#5115=FACE_BOUND('',#5116,.T.);
#5116=EDGE_LOOP('',(#9271));
#5117=FACE_BOUND('',#5118,.T.);
#5118=EDGE_LOOP('',(#9272));
#5119=FACE_BOUND('',#5120,.T.);
#5120=EDGE_LOOP('',(#9273));
#5121=FACE_BOUND('',#5122,.T.);
#5122=EDGE_LOOP('',(#9274));
#5123=FACE_BOUND('',#5124,.T.);
#5124=EDGE_LOOP('',(#9275));
#5125=PLANE('',#5126);
#5126=AXIS2_PLACEMENT_3D('',#5127,#5128,#5129);
#5127=CARTESIAN_POINT('',(0.,0.,3.6));
#5128=DIRECTION('',(0.,0.,1.));
#5129=DIRECTION('',(1.,0.,0.));
#5130=FACE_BOUND('',#5131,.T.);
#5131=EDGE_LOOP('',(#9276));
#5132=FACE_BOUND('',#5133,.T.);
#5133=EDGE_LOOP('',(#9277));
#5134=PLANE('',#5135);
#5135=AXIS2_PLACEMENT_3D('',#5136,#5137,#5138);
#5136=CARTESIAN_POINT('',(60.96,0.,3.1));
#5137=DIRECTION('',(0.,0.,1.));
#5138=DIRECTION('',(1.,0.,0.));
#5139=FACE_OUTER_BOUND('',#5140,.T.);
#5140=EDGE_LOOP('',(#9278));
#5141=FACE_OUTER_BOUND('',#5142,.T.);
#5142=EDGE_LOOP('',(#9279));
#5143=CYLINDRICAL_SURFACE('',#5144,0.9);
#5144=AXIS2_PLACEMENT_3D('',#5145,#5146,#5147);
#5145=CARTESIAN_POINT('',(60.96,0.,3.1));
#5146=DIRECTION('',(0.,0.,1.));
#5147=DIRECTION('',(1.,0.,0.));
#5148=FACE_BOUND('',#5149,.T.);
#5149=EDGE_LOOP('',(#9280));
#5150=FACE_BOUND('',#5151,.T.);
#5151=EDGE_LOOP('',(#9281));
#5152=PLANE('',#5153);
#5153=AXIS2_PLACEMENT_3D('',#5154,#5155,#5156);
#5154=CARTESIAN_POINT('',(58.42,0.,3.1));
#5155=DIRECTION('',(0.,0.,1.));
#5156=DIRECTION('',(1.,0.,0.));
#5157=FACE_OUTER_BOUND('',#5158,.T.);
#5158=EDGE_LOOP('',(#9282));
#5159=FACE_OUTER_BOUND('',#5160,.T.);
#5160=EDGE_LOOP('',(#9283));
#5161=CYLINDRICAL_SURFACE('',#5162,0.9);
#5162=AXIS2_PLACEMENT_3D('',#5163,#5164,#5165);
#5163=CARTESIAN_POINT('',(58.42,0.,3.1));
#5164=DIRECTION('',(0.,0.,1.));
#5165=DIRECTION('',(1.,0.,0.));
#5166=FACE_BOUND('',#5167,.T.);
#5167=EDGE_LOOP('',(#9284));
#5168=FACE_BOUND('',#5169,.T.);
#5169=EDGE_LOOP('',(#9285));
#5170=PLANE('',#5171);
#5171=AXIS2_PLACEMENT_3D('',#5172,#5173,#5174);
#5172=CARTESIAN_POINT('',(55.88,0.,3.1));
#5173=DIRECTION('',(0.,0.,1.));
#5174=DIRECTION('',(1.,0.,0.));
#5175=FACE_OUTER_BOUND('',#5176,.T.);
#5176=EDGE_LOOP('',(#9286));
#5177=FACE_OUTER_BOUND('',#5178,.T.);
#5178=EDGE_LOOP('',(#9287));
#5179=CYLINDRICAL_SURFACE('',#5180,0.9);
#5180=AXIS2_PLACEMENT_3D('',#5181,#5182,#5183);
#5181=CARTESIAN_POINT('',(55.88,0.,3.1));
#5182=DIRECTION('',(0.,0.,1.));
#5183=DIRECTION('',(1.,0.,0.));
#5184=FACE_BOUND('',#5185,.T.);
#5185=EDGE_LOOP('',(#9288));
#5186=FACE_BOUND('',#5187,.T.);
#5187=EDGE_LOOP('',(#9289));
#5188=PLANE('',#5189);
#5189=AXIS2_PLACEMENT_3D('',#5190,#5191,#5192);
#5190=CARTESIAN_POINT('',(53.34,0.,3.1));
#5191=DIRECTION('',(0.,0.,1.));
#5192=DIRECTION('',(1.,0.,0.));
#5193=FACE_OUTER_BOUND('',#5194,.T.);
#5194=EDGE_LOOP('',(#9290));
#5195=FACE_OUTER_BOUND('',#5196,.T.);
#5196=EDGE_LOOP('',(#9291));
#5197=CYLINDRICAL_SURFACE('',#5198,0.9);
#5198=AXIS2_PLACEMENT_3D('',#5199,#5200,#5201);
#5199=CARTESIAN_POINT('',(53.34,0.,3.1));
#5200=DIRECTION('',(0.,0.,1.));
#5201=DIRECTION('',(1.,0.,0.));
#5202=FACE_BOUND('',#5203,.T.);
#5203=EDGE_LOOP('',(#9292));
#5204=FACE_BOUND('',#5205,.T.);
#5205=EDGE_LOOP('',(#9293));
#5206=PLANE('',#5207);
#5207=AXIS2_PLACEMENT_3D('',#5208,#5209,#5210);
#5208=CARTESIAN_POINT('',(50.8,0.,3.1));
#5209=DIRECTION('',(0.,0.,1.));
#5210=DIRECTION('',(1.,0.,0.));
#5211=FACE_OUTER_BOUND('',#5212,.T.);
#5212=EDGE_LOOP('',(#9294));
#5213=FACE_OUTER_BOUND('',#5214,.T.);
#5214=EDGE_LOOP('',(#9295));
#5215=CYLINDRICAL_SURFACE('',#5216,0.9);
#5216=AXIS2_PLACEMENT_3D('',#5217,#5218,#5219);
#5217=CARTESIAN_POINT('',(50.8,0.,3.1));
#5218=DIRECTION('',(0.,0.,1.));
#5219=DIRECTION('',(1.,0.,0.));
#5220=FACE_BOUND('',#5221,.T.);
#5221=EDGE_LOOP('',(#9296));
#5222=FACE_BOUND('',#5223,.T.);
#5223=EDGE_LOOP('',(#9297));
#5224=PLANE('',#5225);
#5225=AXIS2_PLACEMENT_3D('',#5226,#5227,#5228);
#5226=CARTESIAN_POINT('',(48.26,0.,3.1));
#5227=DIRECTION('',(0.,0.,1.));
#5228=DIRECTION('',(1.,0.,0.));
#5229=FACE_OUTER_BOUND('',#5230,.T.);
#5230=EDGE_LOOP('',(#9298));
#5231=FACE_OUTER_BOUND('',#5232,.T.);
#5232=EDGE_LOOP('',(#9299));
#5233=CYLINDRICAL_SURFACE('',#5234,0.9);
#5234=AXIS2_PLACEMENT_3D('',#5235,#5236,#5237);
#5235=CARTESIAN_POINT('',(48.26,0.,3.1));
#5236=DIRECTION('',(0.,0.,1.));
#5237=DIRECTION('',(1.,0.,0.));
#5238=FACE_BOUND('',#5239,.T.);
#5239=EDGE_LOOP('',(#9300));
#5240=FACE_BOUND('',#5241,.T.);
#5241=EDGE_LOOP('',(#9301));
#5242=PLANE('',#5243);
#5243=AXIS2_PLACEMENT_3D('',#5244,#5245,#5246);
#5244=CARTESIAN_POINT('',(45.72,0.,3.1));
#5245=DIRECTION('',(0.,0.,1.));
#5246=DIRECTION('',(1.,0.,0.));
#5247=FACE_OUTER_BOUND('',#5248,.T.);
#5248=EDGE_LOOP('',(#9302));
#5249=FACE_OUTER_BOUND('',#5250,.T.);
#5250=EDGE_LOOP('',(#9303));
#5251=CYLINDRICAL_SURFACE('',#5252,0.9);
#5252=AXIS2_PLACEMENT_3D('',#5253,#5254,#5255);
#5253=CARTESIAN_POINT('',(45.72,0.,3.1));
#5254=DIRECTION('',(0.,0.,1.));
#5255=DIRECTION('',(1.,0.,0.));
#5256=FACE_BOUND('',#5257,.T.);
#5257=EDGE_LOOP('',(#9304));
#5258=FACE_BOUND('',#5259,.T.);
#5259=EDGE_LOOP('',(#9305));
#5260=PLANE('',#5261);
#5261=AXIS2_PLACEMENT_3D('',#5262,#5263,#5264);
#5262=CARTESIAN_POINT('',(43.18,0.,3.1));
#5263=DIRECTION('',(0.,0.,1.));
#5264=DIRECTION('',(1.,0.,0.));
#5265=FACE_OUTER_BOUND('',#5266,.T.);
#5266=EDGE_LOOP('',(#9306));
#5267=FACE_OUTER_BOUND('',#5268,.T.);
#5268=EDGE_LOOP('',(#9307));
#5269=CYLINDRICAL_SURFACE('',#5270,0.9);
#5270=AXIS2_PLACEMENT_3D('',#5271,#5272,#5273);
#5271=CARTESIAN_POINT('',(43.18,0.,3.1));
#5272=DIRECTION('',(0.,0.,1.));
#5273=DIRECTION('',(1.,0.,0.));
#5274=FACE_BOUND('',#5275,.T.);
#5275=EDGE_LOOP('',(#9308));
#5276=FACE_BOUND('',#5277,.T.);
#5277=EDGE_LOOP('',(#9309));
#5278=PLANE('',#5279);
#5279=AXIS2_PLACEMENT_3D('',#5280,#5281,#5282);
#5280=CARTESIAN_POINT('',(40.64,0.,3.1));
#5281=DIRECTION('',(0.,0.,1.));
#5282=DIRECTION('',(1.,0.,0.));
#5283=FACE_OUTER_BOUND('',#5284,.T.);
#5284=EDGE_LOOP('',(#9310));
#5285=FACE_OUTER_BOUND('',#5286,.T.);
#5286=EDGE_LOOP('',(#9311));
#5287=CYLINDRICAL_SURFACE('',#5288,0.9);
#5288=AXIS2_PLACEMENT_3D('',#5289,#5290,#5291);
#5289=CARTESIAN_POINT('',(40.64,0.,3.1));
#5290=DIRECTION('',(0.,0.,1.));
#5291=DIRECTION('',(1.,0.,0.));
#5292=FACE_BOUND('',#5293,.T.);
#5293=EDGE_LOOP('',(#9312));
#5294=FACE_BOUND('',#5295,.T.);
#5295=EDGE_LOOP('',(#9313));
#5296=PLANE('',#5297);
#5297=AXIS2_PLACEMENT_3D('',#5298,#5299,#5300);
#5298=CARTESIAN_POINT('',(38.1,0.,3.1));
#5299=DIRECTION('',(0.,0.,1.));
#5300=DIRECTION('',(1.,0.,0.));
#5301=FACE_OUTER_BOUND('',#5302,.T.);
#5302=EDGE_LOOP('',(#9314));
#5303=FACE_OUTER_BOUND('',#5304,.T.);
#5304=EDGE_LOOP('',(#9315));
#5305=CYLINDRICAL_SURFACE('',#5306,0.9);
#5306=AXIS2_PLACEMENT_3D('',#5307,#5308,#5309);
#5307=CARTESIAN_POINT('',(38.1,0.,3.1));
#5308=DIRECTION('',(0.,0.,1.));
#5309=DIRECTION('',(1.,0.,0.));
#5310=FACE_BOUND('',#5311,.T.);
#5311=EDGE_LOOP('',(#9316));
#5312=FACE_BOUND('',#5313,.T.);
#5313=EDGE_LOOP('',(#9317));
#5314=PLANE('',#5315);
#5315=AXIS2_PLACEMENT_3D('',#5316,#5317,#5318);
#5316=CARTESIAN_POINT('',(35.56,0.,3.1));
#5317=DIRECTION('',(0.,0.,1.));
#5318=DIRECTION('',(1.,0.,0.));
#5319=FACE_OUTER_BOUND('',#5320,.T.);
#5320=EDGE_LOOP('',(#9318));
#5321=FACE_OUTER_BOUND('',#5322,.T.);
#5322=EDGE_LOOP('',(#9319));
#5323=CYLINDRICAL_SURFACE('',#5324,0.9);
#5324=AXIS2_PLACEMENT_3D('',#5325,#5326,#5327);
#5325=CARTESIAN_POINT('',(35.56,0.,3.1));
#5326=DIRECTION('',(0.,0.,1.));
#5327=DIRECTION('',(1.,0.,0.));
#5328=FACE_BOUND('',#5329,.T.);
#5329=EDGE_LOOP('',(#9320));
#5330=FACE_BOUND('',#5331,.T.);
#5331=EDGE_LOOP('',(#9321));
#5332=PLANE('',#5333);
#5333=AXIS2_PLACEMENT_3D('',#5334,#5335,#5336);
#5334=CARTESIAN_POINT('',(33.02,0.,3.1));
#5335=DIRECTION('',(0.,0.,1.));
#5336=DIRECTION('',(1.,0.,0.));
#5337=FACE_OUTER_BOUND('',#5338,.T.);
#5338=EDGE_LOOP('',(#9322));
#5339=FACE_OUTER_BOUND('',#5340,.T.);
#5340=EDGE_LOOP('',(#9323));
#5341=CYLINDRICAL_SURFACE('',#5342,0.9);
#5342=AXIS2_PLACEMENT_3D('',#5343,#5344,#5345);
#5343=CARTESIAN_POINT('',(33.02,0.,3.1));
#5344=DIRECTION('',(0.,0.,1.));
#5345=DIRECTION('',(1.,0.,0.));
#5346=FACE_BOUND('',#5347,.T.);
#5347=EDGE_LOOP('',(#9324));
#5348=FACE_BOUND('',#5349,.T.);
#5349=EDGE_LOOP('',(#9325));
#5350=PLANE('',#5351);
#5351=AXIS2_PLACEMENT_3D('',#5352,#5353,#5354);
#5352=CARTESIAN_POINT('',(30.48,0.,3.1));
#5353=DIRECTION('',(0.,0.,1.));
#5354=DIRECTION('',(1.,0.,0.));
#5355=FACE_OUTER_BOUND('',#5356,.T.);
#5356=EDGE_LOOP('',(#9326));
#5357=FACE_OUTER_BOUND('',#5358,.T.);
#5358=EDGE_LOOP('',(#9327));
#5359=CYLINDRICAL_SURFACE('',#5360,0.9);
#5360=AXIS2_PLACEMENT_3D('',#5361,#5362,#5363);
#5361=CARTESIAN_POINT('',(30.48,0.,3.1));
#5362=DIRECTION('',(0.,0.,1.));
#5363=DIRECTION('',(1.,0.,0.));
#5364=FACE_BOUND('',#5365,.T.);
#5365=EDGE_LOOP('',(#9328));
#5366=FACE_BOUND('',#5367,.T.);
#5367=EDGE_LOOP('',(#9329));
#5368=PLANE('',#5369);
#5369=AXIS2_PLACEMENT_3D('',#5370,#5371,#5372);
#5370=CARTESIAN_POINT('',(27.94,0.,3.1));
#5371=DIRECTION('',(0.,0.,1.));
#5372=DIRECTION('',(1.,0.,0.));
#5373=FACE_OUTER_BOUND('',#5374,.T.);
#5374=EDGE_LOOP('',(#9330));
#5375=FACE_OUTER_BOUND('',#5376,.T.);
#5376=EDGE_LOOP('',(#9331));
#5377=CYLINDRICAL_SURFACE('',#5378,0.9);
#5378=AXIS2_PLACEMENT_3D('',#5379,#5380,#5381);
#5379=CARTESIAN_POINT('',(27.94,0.,3.1));
#5380=DIRECTION('',(0.,0.,1.));
#5381=DIRECTION('',(1.,0.,0.));
#5382=FACE_BOUND('',#5383,.T.);
#5383=EDGE_LOOP('',(#9332));
#5384=FACE_BOUND('',#5385,.T.);
#5385=EDGE_LOOP('',(#9333));
#5386=PLANE('',#5387);
#5387=AXIS2_PLACEMENT_3D('',#5388,#5389,#5390);
#5388=CARTESIAN_POINT('',(25.4,0.,3.1));
#5389=DIRECTION('',(0.,0.,1.));
#5390=DIRECTION('',(1.,0.,0.));
#5391=FACE_OUTER_BOUND('',#5392,.T.);
#5392=EDGE_LOOP('',(#9334));
#5393=FACE_OUTER_BOUND('',#5394,.T.);
#5394=EDGE_LOOP('',(#9335));
#5395=CYLINDRICAL_SURFACE('',#5396,0.9);
#5396=AXIS2_PLACEMENT_3D('',#5397,#5398,#5399);
#5397=CARTESIAN_POINT('',(25.4,0.,3.1));
#5398=DIRECTION('',(0.,0.,1.));
#5399=DIRECTION('',(1.,0.,0.));
#5400=FACE_BOUND('',#5401,.T.);
#5401=EDGE_LOOP('',(#9336));
#5402=FACE_BOUND('',#5403,.T.);
#5403=EDGE_LOOP('',(#9337));
#5404=PLANE('',#5405);
#5405=AXIS2_PLACEMENT_3D('',#5406,#5407,#5408);
#5406=CARTESIAN_POINT('',(22.86,0.,3.1));
#5407=DIRECTION('',(0.,0.,1.));
#5408=DIRECTION('',(1.,0.,0.));
#5409=FACE_OUTER_BOUND('',#5410,.T.);
#5410=EDGE_LOOP('',(#9338));
#5411=FACE_OUTER_BOUND('',#5412,.T.);
#5412=EDGE_LOOP('',(#9339));
#5413=CYLINDRICAL_SURFACE('',#5414,0.9);
#5414=AXIS2_PLACEMENT_3D('',#5415,#5416,#5417);
#5415=CARTESIAN_POINT('',(22.86,0.,3.1));
#5416=DIRECTION('',(0.,0.,1.));
#5417=DIRECTION('',(1.,0.,0.));
#5418=FACE_BOUND('',#5419,.T.);
#5419=EDGE_LOOP('',(#9340));
#5420=FACE_BOUND('',#5421,.T.);
#5421=EDGE_LOOP('',(#9341));
#5422=PLANE('',#5423);
#5423=AXIS2_PLACEMENT_3D('',#5424,#5425,#5426);
#5424=CARTESIAN_POINT('',(20.32,0.,3.1));
#5425=DIRECTION('',(0.,0.,1.));
#5426=DIRECTION('',(1.,0.,0.));
#5427=FACE_OUTER_BOUND('',#5428,.T.);
#5428=EDGE_LOOP('',(#9342));
#5429=FACE_OUTER_BOUND('',#5430,.T.);
#5430=EDGE_LOOP('',(#9343));
#5431=CYLINDRICAL_SURFACE('',#5432,0.9);
#5432=AXIS2_PLACEMENT_3D('',#5433,#5434,#5435);
#5433=CARTESIAN_POINT('',(20.32,0.,3.1));
#5434=DIRECTION('',(0.,0.,1.));
#5435=DIRECTION('',(1.,0.,0.));
#5436=FACE_BOUND('',#5437,.T.);
#5437=EDGE_LOOP('',(#9344));
#5438=FACE_BOUND('',#5439,.T.);
#5439=EDGE_LOOP('',(#9345));
#5440=PLANE('',#5441);
#5441=AXIS2_PLACEMENT_3D('',#5442,#5443,#5444);
#5442=CARTESIAN_POINT('',(17.78,0.,3.1));
#5443=DIRECTION('',(0.,0.,1.));
#5444=DIRECTION('',(1.,0.,0.));
#5445=FACE_OUTER_BOUND('',#5446,.T.);
#5446=EDGE_LOOP('',(#9346));
#5447=FACE_OUTER_BOUND('',#5448,.T.);
#5448=EDGE_LOOP('',(#9347));
#5449=CYLINDRICAL_SURFACE('',#5450,0.9);
#5450=AXIS2_PLACEMENT_3D('',#5451,#5452,#5453);
#5451=CARTESIAN_POINT('',(17.78,0.,3.1));
#5452=DIRECTION('',(0.,0.,1.));
#5453=DIRECTION('',(1.,0.,0.));
#5454=FACE_BOUND('',#5455,.T.);
#5455=EDGE_LOOP('',(#9348));
#5456=FACE_BOUND('',#5457,.T.);
#5457=EDGE_LOOP('',(#9349));
#5458=PLANE('',#5459);
#5459=AXIS2_PLACEMENT_3D('',#5460,#5461,#5462);
#5460=CARTESIAN_POINT('',(15.24,0.,3.1));
#5461=DIRECTION('',(0.,0.,1.));
#5462=DIRECTION('',(1.,0.,0.));
#5463=FACE_OUTER_BOUND('',#5464,.T.);
#5464=EDGE_LOOP('',(#9350));
#5465=FACE_OUTER_BOUND('',#5466,.T.);
#5466=EDGE_LOOP('',(#9351));
#5467=CYLINDRICAL_SURFACE('',#5468,0.9);
#5468=AXIS2_PLACEMENT_3D('',#5469,#5470,#5471);
#5469=CARTESIAN_POINT('',(15.24,0.,3.1));
#5470=DIRECTION('',(0.,0.,1.));
#5471=DIRECTION('',(1.,0.,0.));
#5472=FACE_BOUND('',#5473,.T.);
#5473=EDGE_LOOP('',(#9352));
#5474=FACE_BOUND('',#5475,.T.);
#5475=EDGE_LOOP('',(#9353));
#5476=PLANE('',#5477);
#5477=AXIS2_PLACEMENT_3D('',#5478,#5479,#5480);
#5478=CARTESIAN_POINT('',(12.7,0.,3.1));
#5479=DIRECTION('',(0.,0.,1.));
#5480=DIRECTION('',(1.,0.,0.));
#5481=FACE_OUTER_BOUND('',#5482,.T.);
#5482=EDGE_LOOP('',(#9354));
#5483=FACE_OUTER_BOUND('',#5484,.T.);
#5484=EDGE_LOOP('',(#9355));
#5485=CYLINDRICAL_SURFACE('',#5486,0.9);
#5486=AXIS2_PLACEMENT_3D('',#5487,#5488,#5489);
#5487=CARTESIAN_POINT('',(12.7,0.,3.1));
#5488=DIRECTION('',(0.,0.,1.));
#5489=DIRECTION('',(1.,0.,0.));
#5490=FACE_BOUND('',#5491,.T.);
#5491=EDGE_LOOP('',(#9356));
#5492=FACE_BOUND('',#5493,.T.);
#5493=EDGE_LOOP('',(#9357));
#5494=PLANE('',#5495);
#5495=AXIS2_PLACEMENT_3D('',#5496,#5497,#5498);
#5496=CARTESIAN_POINT('',(10.16,0.,3.1));
#5497=DIRECTION('',(0.,0.,1.));
#5498=DIRECTION('',(1.,0.,0.));
#5499=FACE_OUTER_BOUND('',#5500,.T.);
#5500=EDGE_LOOP('',(#9358));
#5501=FACE_OUTER_BOUND('',#5502,.T.);
#5502=EDGE_LOOP('',(#9359));
#5503=CYLINDRICAL_SURFACE('',#5504,0.9);
#5504=AXIS2_PLACEMENT_3D('',#5505,#5506,#5507);
#5505=CARTESIAN_POINT('',(10.16,0.,3.1));
#5506=DIRECTION('',(0.,0.,1.));
#5507=DIRECTION('',(1.,0.,0.));
#5508=FACE_BOUND('',#5509,.T.);
#5509=EDGE_LOOP('',(#9360));
#5510=FACE_BOUND('',#5511,.T.);
#5511=EDGE_LOOP('',(#9361));
#5512=PLANE('',#5513);
#5513=AXIS2_PLACEMENT_3D('',#5514,#5515,#5516);
#5514=CARTESIAN_POINT('',(7.62,0.,3.1));
#5515=DIRECTION('',(0.,0.,1.));
#5516=DIRECTION('',(1.,0.,0.));
#5517=FACE_OUTER_BOUND('',#5518,.T.);
#5518=EDGE_LOOP('',(#9362));
#5519=FACE_OUTER_BOUND('',#5520,.T.);
#5520=EDGE_LOOP('',(#9363));
#5521=CYLINDRICAL_SURFACE('',#5522,0.9);
#5522=AXIS2_PLACEMENT_3D('',#5523,#5524,#5525);
#5523=CARTESIAN_POINT('',(7.62,0.,3.1));
#5524=DIRECTION('',(0.,0.,1.));
#5525=DIRECTION('',(1.,0.,0.));
#5526=FACE_BOUND('',#5527,.T.);
#5527=EDGE_LOOP('',(#9364));
#5528=FACE_BOUND('',#5529,.T.);
#5529=EDGE_LOOP('',(#9365));
#5530=PLANE('',#5531);
#5531=AXIS2_PLACEMENT_3D('',#5532,#5533,#5534);
#5532=CARTESIAN_POINT('',(5.08,0.,3.1));
#5533=DIRECTION('',(0.,0.,1.));
#5534=DIRECTION('',(1.,0.,0.));
#5535=FACE_OUTER_BOUND('',#5536,.T.);
#5536=EDGE_LOOP('',(#9366));
#5537=FACE_OUTER_BOUND('',#5538,.T.);
#5538=EDGE_LOOP('',(#9367));
#5539=CYLINDRICAL_SURFACE('',#5540,0.9);
#5540=AXIS2_PLACEMENT_3D('',#5541,#5542,#5543);
#5541=CARTESIAN_POINT('',(5.08,0.,3.1));
#5542=DIRECTION('',(0.,0.,1.));
#5543=DIRECTION('',(1.,0.,0.));
#5544=FACE_BOUND('',#5545,.T.);
#5545=EDGE_LOOP('',(#9368));
#5546=FACE_BOUND('',#5547,.T.);
#5547=EDGE_LOOP('',(#9369));
#5548=PLANE('',#5549);
#5549=AXIS2_PLACEMENT_3D('',#5550,#5551,#5552);
#5550=CARTESIAN_POINT('',(2.54,0.,3.1));
#5551=DIRECTION('',(0.,0.,1.));
#5552=DIRECTION('',(1.,0.,0.));
#5553=FACE_OUTER_BOUND('',#5554,.T.);
#5554=EDGE_LOOP('',(#9370));
#5555=FACE_OUTER_BOUND('',#5556,.T.);
#5556=EDGE_LOOP('',(#9371));
#5557=CYLINDRICAL_SURFACE('',#5558,0.9);
#5558=AXIS2_PLACEMENT_3D('',#5559,#5560,#5561);
#5559=CARTESIAN_POINT('',(2.54,0.,3.1));
#5560=DIRECTION('',(0.,0.,1.));
#5561=DIRECTION('',(1.,0.,0.));
#5562=FACE_BOUND('',#5563,.T.);
#5563=EDGE_LOOP('',(#9372,#9373,#9374,#9375,#9376,#9377,#9378,#9379,#9380,#9381,
#9382,#9383,#9384,#9385,#9386,#9387,#9388,#9389,#9390,#9391,#9392,#9393,#9394,#9395,
#9396,#9397,#9398,#9399,#9400,#9401,#9402,#9403,#9404,#9405,#9406,#9407,#9408,#9409,
#9410,#9411,#9412,#9413,#9414,#9415,#9416,#9417,#9418,#9419,#9420,#9421,#9422,#9423,
#9424,#9425,#9426,#9427,#9428,#9429,#9430,#9431,#9432,#9433,#9434,#9435,#9436,#9437,
#9438,#9439,#9440,#9441,#9442,#9443,#9444,#9445,#9446,#9447,#9448,#9449,#9450,#9451,
#9452,#9453,#9454,#9455,#9456,#9457,#9458,#9459,#9460,#9461,#9462,#9463,#9464,#9465,
#9466,#9467,#9468,#9469,#9470,#9471,#9472,#9473,#9474,#9475,#9476,#9477,#9478,#9479,
#9480,#9481,#9482,#9483,#9484,#9485,#9486,#9487,#9488,#9489,#9490,#9491,#9492,#9493,
#9494,#9495,#9496,#9497,#9498,#9499,#9500,#9501,#9502,#9503,#9504,#9505,#9506,#9507,
#9508,#9509,#9510,#9511,#9512,#9513,#9514,#9515,#9516,#9517,#9518,#9519,#9520,#9521,
#9522,#9523,#9524,#9525,#9526,#9527,#9528,#9529,#9530,#9531,#9532,#9533,#9534,#9535,
#9536,#9537,#9538,#9539,#9540,#9541,#9542,#9543,#9544,#9545,#9546,#9547,#9548,#9549,
#9550,#9551,#9552,#9553,#9554,#9555,#9556,#9557,#9558,#9559,#9560,#9561,#9562,#9563,
#9564,#9565,#9566,#9567,#9568,#9569,#9570,#9571,#9572,#9573,#9574,#9575));
#5564=FACE_BOUND('',#5565,.T.);
#5565=EDGE_LOOP('',(#9576));
#5566=FACE_BOUND('',#5567,.T.);
#5567=EDGE_LOOP('',(#9577));
#5568=FACE_BOUND('',#5569,.T.);
#5569=EDGE_LOOP('',(#9578));
#5570=FACE_BOUND('',#5571,.T.);
#5571=EDGE_LOOP('',(#9579));
#5572=FACE_BOUND('',#5573,.T.);
#5573=EDGE_LOOP('',(#9580));
#5574=FACE_BOUND('',#5575,.T.);
#5575=EDGE_LOOP('',(#9581));
#5576=FACE_BOUND('',#5577,.T.);
#5577=EDGE_LOOP('',(#9582));
#5578=FACE_BOUND('',#5579,.T.);
#5579=EDGE_LOOP('',(#9583));
#5580=FACE_BOUND('',#5581,.T.);
#5581=EDGE_LOOP('',(#9584));
#5582=FACE_BOUND('',#5583,.T.);
#5583=EDGE_LOOP('',(#9585));
#5584=FACE_BOUND('',#5585,.T.);
#5585=EDGE_LOOP('',(#9586));
#5586=FACE_BOUND('',#5587,.T.);
#5587=EDGE_LOOP('',(#9587));
#5588=FACE_BOUND('',#5589,.T.);
#5589=EDGE_LOOP('',(#9588));
#5590=FACE_BOUND('',#5591,.T.);
#5591=EDGE_LOOP('',(#9589));
#5592=FACE_BOUND('',#5593,.T.);
#5593=EDGE_LOOP('',(#9590));
#5594=FACE_BOUND('',#5595,.T.);
#5595=EDGE_LOOP('',(#9591));
#5596=FACE_BOUND('',#5597,.T.);
#5597=EDGE_LOOP('',(#9592));
#5598=FACE_BOUND('',#5599,.T.);
#5599=EDGE_LOOP('',(#9593));
#5600=FACE_BOUND('',#5601,.T.);
#5601=EDGE_LOOP('',(#9594));
#5602=FACE_BOUND('',#5603,.T.);
#5603=EDGE_LOOP('',(#9595));
#5604=FACE_BOUND('',#5605,.T.);
#5605=EDGE_LOOP('',(#9596));
#5606=FACE_BOUND('',#5607,.T.);
#5607=EDGE_LOOP('',(#9597));
#5608=FACE_BOUND('',#5609,.T.);
#5609=EDGE_LOOP('',(#9598));
#5610=FACE_BOUND('',#5611,.T.);
#5611=EDGE_LOOP('',(#9599));
#5612=FACE_BOUND('',#5613,.T.);
#5613=EDGE_LOOP('',(#9600));
#5614=PLANE('',#5615);
#5615=AXIS2_PLACEMENT_3D('',#5616,#5617,#5618);
#5616=CARTESIAN_POINT('',(0.,0.,0.6));
#5617=DIRECTION('',(0.,0.,1.));
#5618=DIRECTION('',(1.,0.,0.));
#5619=FACE_BOUND('',#5620,.T.);
#5620=EDGE_LOOP('',(#9601,#9602,#9603,#9604));
#5621=PLANE('',#5622);
#5622=AXIS2_PLACEMENT_3D('',#5623,#5624,#5625);
#5623=CARTESIAN_POINT('',(-1.27,-0.75,0.6));
#5624=DIRECTION('',(0.,-1.,0.));
#5625=DIRECTION('',(1.,0.,0.));
#5626=FACE_BOUND('',#5627,.T.);
#5627=EDGE_LOOP('',(#9605,#9606,#9607,#9608));
#5628=PLANE('',#5629);
#5629=AXIS2_PLACEMENT_3D('',#5630,#5631,#5632);
#5630=CARTESIAN_POINT('',(-1.12,-0.75,0.6));
#5631=DIRECTION('',(-0.866025403784438,-0.5,0.));
#5632=DIRECTION('',(0.5,-0.866025403784438,0.));
#5633=FACE_BOUND('',#5634,.T.);
#5634=EDGE_LOOP('',(#9609,#9610,#9611,#9612));
#5635=PLANE('',#5636);
#5636=AXIS2_PLACEMENT_3D('',#5637,#5638,#5639);
#5637=CARTESIAN_POINT('',(-0.819777860021394,-1.27,0.6));
#5638=DIRECTION('',(0.,-1.,0.));
#5639=DIRECTION('',(1.,0.,0.));
#5640=FACE_BOUND('',#5641,.T.);
#5641=EDGE_LOOP('',(#9613,#9614,#9615,#9616));
#5642=PLANE('',#5643);
#5643=AXIS2_PLACEMENT_3D('',#5644,#5645,#5646);
#5644=CARTESIAN_POINT('',(0.819777860021395,-1.27,0.6));
#5645=DIRECTION('',(0.866025403784439,-0.5,0.));
#5646=DIRECTION('',(0.5,0.866025403784439,0.));
#5647=FACE_BOUND('',#5648,.T.);
#5648=EDGE_LOOP('',(#9617,#9618,#9619,#9620));
#5649=PLANE('',#5650);
#5650=AXIS2_PLACEMENT_3D('',#5651,#5652,#5653);
#5651=CARTESIAN_POINT('',(1.12,-0.75,0.6));
#5652=DIRECTION('',(0.,-1.,0.));
#5653=DIRECTION('',(1.,0.,0.));
#5654=FACE_BOUND('',#5655,.T.);
#5655=EDGE_LOOP('',(#9621,#9622,#9623,#9624));
#5656=PLANE('',#5657);
#5657=AXIS2_PLACEMENT_3D('',#5658,#5659,#5660);
#5658=CARTESIAN_POINT('',(1.42,-0.75,0.6));
#5659=DIRECTION('',(-0.866025403784438,-0.5,0.));
#5660=DIRECTION('',(0.5,-0.866025403784438,0.));
#5661=FACE_BOUND('',#5662,.T.);
#5662=EDGE_LOOP('',(#9625,#9626,#9627,#9628));
#5663=PLANE('',#5664);
#5664=AXIS2_PLACEMENT_3D('',#5665,#5666,#5667);
#5665=CARTESIAN_POINT('',(1.72022213997861,-1.27,0.6));
#5666=DIRECTION('',(0.,-1.,0.));
#5667=DIRECTION('',(1.,0.,0.));
#5668=FACE_BOUND('',#5669,.T.);
#5669=EDGE_LOOP('',(#9629,#9630,#9631,#9632));
#5670=PLANE('',#5671);
#5671=AXIS2_PLACEMENT_3D('',#5672,#5673,#5674);
#5672=CARTESIAN_POINT('',(3.35977786002139,-1.27,0.6));
#5673=DIRECTION('',(0.866025403784439,-0.5,0.));
#5674=DIRECTION('',(0.5,0.866025403784439,0.));
#5675=FACE_BOUND('',#5676,.T.);
#5676=EDGE_LOOP('',(#9633,#9634,#9635,#9636));
#5677=PLANE('',#5678);
#5678=AXIS2_PLACEMENT_3D('',#5679,#5680,#5681);
#5679=CARTESIAN_POINT('',(3.66,-0.75,0.6));
#5680=DIRECTION('',(0.,-1.,0.));
#5681=DIRECTION('',(1.,0.,0.));
#5682=FACE_BOUND('',#5683,.T.);
#5683=EDGE_LOOP('',(#9637,#9638,#9639,#9640));
#5684=PLANE('',#5685);
#5685=AXIS2_PLACEMENT_3D('',#5686,#5687,#5688);
#5686=CARTESIAN_POINT('',(3.96,-0.75,0.6));
#5687=DIRECTION('',(-0.866025403784438,-0.5,0.));
#5688=DIRECTION('',(0.5,-0.866025403784438,0.));
#5689=FACE_BOUND('',#5690,.T.);
#5690=EDGE_LOOP('',(#9641,#9642,#9643,#9644));
#5691=PLANE('',#5692);
#5692=AXIS2_PLACEMENT_3D('',#5693,#5694,#5695);
#5693=CARTESIAN_POINT('',(4.26022213997861,-1.27,0.6));
#5694=DIRECTION('',(0.,-1.,0.));
#5695=DIRECTION('',(1.,0.,0.));
#5696=FACE_BOUND('',#5697,.T.);
#5697=EDGE_LOOP('',(#9645,#9646,#9647,#9648));
#5698=PLANE('',#5699);
#5699=AXIS2_PLACEMENT_3D('',#5700,#5701,#5702);
#5700=CARTESIAN_POINT('',(5.89977786002139,-1.27,0.6));
#5701=DIRECTION('',(0.866025403784439,-0.5,0.));
#5702=DIRECTION('',(0.5,0.866025403784439,0.));
#5703=FACE_BOUND('',#5704,.T.);
#5704=EDGE_LOOP('',(#9649,#9650,#9651,#9652));
#5705=PLANE('',#5706);
#5706=AXIS2_PLACEMENT_3D('',#5707,#5708,#5709);
#5707=CARTESIAN_POINT('',(6.2,-0.75,0.6));
#5708=DIRECTION('',(0.,-1.,0.));
#5709=DIRECTION('',(1.,0.,0.));
#5710=FACE_BOUND('',#5711,.T.);
#5711=EDGE_LOOP('',(#9653,#9654,#9655,#9656));
#5712=PLANE('',#5713);
#5713=AXIS2_PLACEMENT_3D('',#5714,#5715,#5716);
#5714=CARTESIAN_POINT('',(6.5,-0.75,0.6));
#5715=DIRECTION('',(-0.866025403784438,-0.5,0.));
#5716=DIRECTION('',(0.5,-0.866025403784438,0.));
#5717=FACE_BOUND('',#5718,.T.);
#5718=EDGE_LOOP('',(#9657,#9658,#9659,#9660));
#5719=PLANE('',#5720);
#5720=AXIS2_PLACEMENT_3D('',#5721,#5722,#5723);
#5721=CARTESIAN_POINT('',(6.80022213997861,-1.27,0.6));
#5722=DIRECTION('',(0.,-1.,0.));
#5723=DIRECTION('',(1.,0.,0.));
#5724=FACE_BOUND('',#5725,.T.);
#5725=EDGE_LOOP('',(#9661,#9662,#9663,#9664));
#5726=PLANE('',#5727);
#5727=AXIS2_PLACEMENT_3D('',#5728,#5729,#5730);
#5728=CARTESIAN_POINT('',(8.43977786002139,-1.27,0.6));
#5729=DIRECTION('',(0.866025403784439,-0.5,0.));
#5730=DIRECTION('',(0.5,0.866025403784439,0.));
#5731=FACE_BOUND('',#5732,.T.);
#5732=EDGE_LOOP('',(#9665,#9666,#9667,#9668));
#5733=PLANE('',#5734);
#5734=AXIS2_PLACEMENT_3D('',#5735,#5736,#5737);
#5735=CARTESIAN_POINT('',(8.74,-0.75,0.6));
#5736=DIRECTION('',(0.,-1.,0.));
#5737=DIRECTION('',(1.,0.,0.));
#5738=FACE_BOUND('',#5739,.T.);
#5739=EDGE_LOOP('',(#9669,#9670,#9671,#9672));
#5740=PLANE('',#5741);
#5741=AXIS2_PLACEMENT_3D('',#5742,#5743,#5744);
#5742=CARTESIAN_POINT('',(9.04,-0.75,0.6));
#5743=DIRECTION('',(-0.866025403784438,-0.5,0.));
#5744=DIRECTION('',(0.5,-0.866025403784438,0.));
#5745=FACE_BOUND('',#5746,.T.);
#5746=EDGE_LOOP('',(#9673,#9674,#9675,#9676));
#5747=PLANE('',#5748);
#5748=AXIS2_PLACEMENT_3D('',#5749,#5750,#5751);
#5749=CARTESIAN_POINT('',(9.34022213997861,-1.27,0.6));
#5750=DIRECTION('',(0.,-1.,0.));
#5751=DIRECTION('',(1.,0.,0.));
#5752=FACE_BOUND('',#5753,.T.);
#5753=EDGE_LOOP('',(#9677,#9678,#9679,#9680));
#5754=PLANE('',#5755);
#5755=AXIS2_PLACEMENT_3D('',#5756,#5757,#5758);
#5756=CARTESIAN_POINT('',(10.9797778600214,-1.27,0.6));
#5757=DIRECTION('',(0.866025403784439,-0.5,0.));
#5758=DIRECTION('',(0.5,0.866025403784439,0.));
#5759=FACE_BOUND('',#5760,.T.);
#5760=EDGE_LOOP('',(#9681,#9682,#9683,#9684));
#5761=PLANE('',#5762);
#5762=AXIS2_PLACEMENT_3D('',#5763,#5764,#5765);
#5763=CARTESIAN_POINT('',(11.28,-0.75,0.6));
#5764=DIRECTION('',(0.,-1.,0.));
#5765=DIRECTION('',(1.,0.,0.));
#5766=FACE_BOUND('',#5767,.T.);
#5767=EDGE_LOOP('',(#9685,#9686,#9687,#9688));
#5768=PLANE('',#5769);
#5769=AXIS2_PLACEMENT_3D('',#5770,#5771,#5772);
#5770=CARTESIAN_POINT('',(11.58,-0.75,0.6));
#5771=DIRECTION('',(-0.866025403784438,-0.5,0.));
#5772=DIRECTION('',(0.5,-0.866025403784438,0.));
#5773=FACE_BOUND('',#5774,.T.);
#5774=EDGE_LOOP('',(#9689,#9690,#9691,#9692));
#5775=PLANE('',#5776);
#5776=AXIS2_PLACEMENT_3D('',#5777,#5778,#5779);
#5777=CARTESIAN_POINT('',(11.8802221399786,-1.27,0.6));
#5778=DIRECTION('',(0.,-1.,0.));
#5779=DIRECTION('',(1.,0.,0.));
#5780=FACE_BOUND('',#5781,.T.);
#5781=EDGE_LOOP('',(#9693,#9694,#9695,#9696));
#5782=PLANE('',#5783);
#5783=AXIS2_PLACEMENT_3D('',#5784,#5785,#5786);
#5784=CARTESIAN_POINT('',(13.5197778600214,-1.27,0.6));
#5785=DIRECTION('',(0.866025403784439,-0.5,0.));
#5786=DIRECTION('',(0.5,0.866025403784439,0.));
#5787=FACE_BOUND('',#5788,.T.);
#5788=EDGE_LOOP('',(#9697,#9698,#9699,#9700));
#5789=PLANE('',#5790);
#5790=AXIS2_PLACEMENT_3D('',#5791,#5792,#5793);
#5791=CARTESIAN_POINT('',(13.82,-0.75,0.6));
#5792=DIRECTION('',(0.,-1.,0.));
#5793=DIRECTION('',(1.,0.,0.));
#5794=FACE_BOUND('',#5795,.T.);
#5795=EDGE_LOOP('',(#9701,#9702,#9703,#9704));
#5796=PLANE('',#5797);
#5797=AXIS2_PLACEMENT_3D('',#5798,#5799,#5800);
#5798=CARTESIAN_POINT('',(14.12,-0.75,0.6));
#5799=DIRECTION('',(-0.866025403784438,-0.5,0.));
#5800=DIRECTION('',(0.5,-0.866025403784438,0.));
#5801=FACE_BOUND('',#5802,.T.);
#5802=EDGE_LOOP('',(#9705,#9706,#9707,#9708));
#5803=PLANE('',#5804);
#5804=AXIS2_PLACEMENT_3D('',#5805,#5806,#5807);
#5805=CARTESIAN_POINT('',(14.4202221399786,-1.27,0.6));
#5806=DIRECTION('',(0.,-1.,0.));
#5807=DIRECTION('',(1.,0.,0.));
#5808=FACE_BOUND('',#5809,.T.);
#5809=EDGE_LOOP('',(#9709,#9710,#9711,#9712));
#5810=PLANE('',#5811);
#5811=AXIS2_PLACEMENT_3D('',#5812,#5813,#5814);
#5812=CARTESIAN_POINT('',(16.0597778600214,-1.27,0.6));
#5813=DIRECTION('',(0.866025403784439,-0.5,0.));
#5814=DIRECTION('',(0.5,0.866025403784439,0.));
#5815=FACE_BOUND('',#5816,.T.);
#5816=EDGE_LOOP('',(#9713,#9714,#9715,#9716));
#5817=PLANE('',#5818);
#5818=AXIS2_PLACEMENT_3D('',#5819,#5820,#5821);
#5819=CARTESIAN_POINT('',(16.36,-0.75,0.6));
#5820=DIRECTION('',(0.,-1.,0.));
#5821=DIRECTION('',(1.,0.,0.));
#5822=FACE_BOUND('',#5823,.T.);
#5823=EDGE_LOOP('',(#9717,#9718,#9719,#9720));
#5824=PLANE('',#5825);
#5825=AXIS2_PLACEMENT_3D('',#5826,#5827,#5828);
#5826=CARTESIAN_POINT('',(16.66,-0.75,0.6));
#5827=DIRECTION('',(-0.866025403784438,-0.5,0.));
#5828=DIRECTION('',(0.5,-0.866025403784438,0.));
#5829=FACE_BOUND('',#5830,.T.);
#5830=EDGE_LOOP('',(#9721,#9722,#9723,#9724));
#5831=PLANE('',#5832);
#5832=AXIS2_PLACEMENT_3D('',#5833,#5834,#5835);
#5833=CARTESIAN_POINT('',(16.9602221399786,-1.27,0.6));
#5834=DIRECTION('',(0.,-1.,0.));
#5835=DIRECTION('',(1.,0.,0.));
#5836=FACE_BOUND('',#5837,.T.);
#5837=EDGE_LOOP('',(#9725,#9726,#9727,#9728));
#5838=PLANE('',#5839);
#5839=AXIS2_PLACEMENT_3D('',#5840,#5841,#5842);
#5840=CARTESIAN_POINT('',(18.5997778600214,-1.27,0.6));
#5841=DIRECTION('',(0.866025403784439,-0.5,0.));
#5842=DIRECTION('',(0.5,0.866025403784439,0.));
#5843=FACE_BOUND('',#5844,.T.);
#5844=EDGE_LOOP('',(#9729,#9730,#9731,#9732));
#5845=PLANE('',#5846);
#5846=AXIS2_PLACEMENT_3D('',#5847,#5848,#5849);
#5847=CARTESIAN_POINT('',(18.9,-0.75,0.6));
#5848=DIRECTION('',(0.,-1.,0.));
#5849=DIRECTION('',(1.,0.,0.));
#5850=FACE_BOUND('',#5851,.T.);
#5851=EDGE_LOOP('',(#9733,#9734,#9735,#9736));
#5852=PLANE('',#5853);
#5853=AXIS2_PLACEMENT_3D('',#5854,#5855,#5856);
#5854=CARTESIAN_POINT('',(19.2,-0.75,0.6));
#5855=DIRECTION('',(-0.866025403784438,-0.5,0.));
#5856=DIRECTION('',(0.5,-0.866025403784438,0.));
#5857=FACE_BOUND('',#5858,.T.);
#5858=EDGE_LOOP('',(#9737,#9738,#9739,#9740));
#5859=PLANE('',#5860);
#5860=AXIS2_PLACEMENT_3D('',#5861,#5862,#5863);
#5861=CARTESIAN_POINT('',(19.5002221399786,-1.27,0.6));
#5862=DIRECTION('',(0.,-1.,0.));
#5863=DIRECTION('',(1.,0.,0.));
#5864=FACE_BOUND('',#5865,.T.);
#5865=EDGE_LOOP('',(#9741,#9742,#9743,#9744));
#5866=PLANE('',#5867);
#5867=AXIS2_PLACEMENT_3D('',#5868,#5869,#5870);
#5868=CARTESIAN_POINT('',(21.1397778600214,-1.27,0.6));
#5869=DIRECTION('',(0.866025403784439,-0.5,0.));
#5870=DIRECTION('',(0.5,0.866025403784439,0.));
#5871=FACE_BOUND('',#5872,.T.);
#5872=EDGE_LOOP('',(#9745,#9746,#9747,#9748));
#5873=PLANE('',#5874);
#5874=AXIS2_PLACEMENT_3D('',#5875,#5876,#5877);
#5875=CARTESIAN_POINT('',(21.44,-0.75,0.6));
#5876=DIRECTION('',(0.,-1.,0.));
#5877=DIRECTION('',(1.,0.,0.));
#5878=FACE_BOUND('',#5879,.T.);
#5879=EDGE_LOOP('',(#9749,#9750,#9751,#9752));
#5880=PLANE('',#5881);
#5881=AXIS2_PLACEMENT_3D('',#5882,#5883,#5884);
#5882=CARTESIAN_POINT('',(21.74,-0.75,0.6));
#5883=DIRECTION('',(-0.866025403784438,-0.5,0.));
#5884=DIRECTION('',(0.5,-0.866025403784438,0.));
#5885=FACE_BOUND('',#5886,.T.);
#5886=EDGE_LOOP('',(#9753,#9754,#9755,#9756));
#5887=PLANE('',#5888);
#5888=AXIS2_PLACEMENT_3D('',#5889,#5890,#5891);
#5889=CARTESIAN_POINT('',(22.0402221399786,-1.27,0.6));
#5890=DIRECTION('',(0.,-1.,0.));
#5891=DIRECTION('',(1.,0.,0.));
#5892=FACE_BOUND('',#5893,.T.);
#5893=EDGE_LOOP('',(#9757,#9758,#9759,#9760));
#5894=PLANE('',#5895);
#5895=AXIS2_PLACEMENT_3D('',#5896,#5897,#5898);
#5896=CARTESIAN_POINT('',(23.6797778600214,-1.27,0.6));
#5897=DIRECTION('',(0.866025403784439,-0.5,0.));
#5898=DIRECTION('',(0.5,0.866025403784439,0.));
#5899=FACE_BOUND('',#5900,.T.);
#5900=EDGE_LOOP('',(#9761,#9762,#9763,#9764));
#5901=PLANE('',#5902);
#5902=AXIS2_PLACEMENT_3D('',#5903,#5904,#5905);
#5903=CARTESIAN_POINT('',(23.98,-0.75,0.6));
#5904=DIRECTION('',(0.,-1.,0.));
#5905=DIRECTION('',(1.,0.,0.));
#5906=FACE_BOUND('',#5907,.T.);
#5907=EDGE_LOOP('',(#9765,#9766,#9767,#9768));
#5908=PLANE('',#5909);
#5909=AXIS2_PLACEMENT_3D('',#5910,#5911,#5912);
#5910=CARTESIAN_POINT('',(24.28,-0.75,0.6));
#5911=DIRECTION('',(-0.866025403784438,-0.5,0.));
#5912=DIRECTION('',(0.5,-0.866025403784438,0.));
#5913=FACE_BOUND('',#5914,.T.);
#5914=EDGE_LOOP('',(#9769,#9770,#9771,#9772));
#5915=PLANE('',#5916);
#5916=AXIS2_PLACEMENT_3D('',#5917,#5918,#5919);
#5917=CARTESIAN_POINT('',(24.5802221399786,-1.27,0.6));
#5918=DIRECTION('',(0.,-1.,0.));
#5919=DIRECTION('',(1.,0.,0.));
#5920=FACE_BOUND('',#5921,.T.);
#5921=EDGE_LOOP('',(#9773,#9774,#9775,#9776));
#5922=PLANE('',#5923);
#5923=AXIS2_PLACEMENT_3D('',#5924,#5925,#5926);
#5924=CARTESIAN_POINT('',(26.2197778600214,-1.27,0.6));
#5925=DIRECTION('',(0.866025403784439,-0.5,0.));
#5926=DIRECTION('',(0.5,0.866025403784439,0.));
#5927=FACE_BOUND('',#5928,.T.);
#5928=EDGE_LOOP('',(#9777,#9778,#9779,#9780));
#5929=PLANE('',#5930);
#5930=AXIS2_PLACEMENT_3D('',#5931,#5932,#5933);
#5931=CARTESIAN_POINT('',(26.52,-0.75,0.6));
#5932=DIRECTION('',(0.,-1.,0.));
#5933=DIRECTION('',(1.,0.,0.));
#5934=FACE_BOUND('',#5935,.T.);
#5935=EDGE_LOOP('',(#9781,#9782,#9783,#9784));
#5936=PLANE('',#5937);
#5937=AXIS2_PLACEMENT_3D('',#5938,#5939,#5940);
#5938=CARTESIAN_POINT('',(26.82,-0.75,0.6));
#5939=DIRECTION('',(-0.866025403784438,-0.5,0.));
#5940=DIRECTION('',(0.5,-0.866025403784438,0.));
#5941=FACE_BOUND('',#5942,.T.);
#5942=EDGE_LOOP('',(#9785,#9786,#9787,#9788));
#5943=PLANE('',#5944);
#5944=AXIS2_PLACEMENT_3D('',#5945,#5946,#5947);
#5945=CARTESIAN_POINT('',(27.1202221399786,-1.27,0.6));
#5946=DIRECTION('',(0.,-1.,0.));
#5947=DIRECTION('',(1.,0.,0.));
#5948=FACE_BOUND('',#5949,.T.);
#5949=EDGE_LOOP('',(#9789,#9790,#9791,#9792));
#5950=PLANE('',#5951);
#5951=AXIS2_PLACEMENT_3D('',#5952,#5953,#5954);
#5952=CARTESIAN_POINT('',(28.7597778600214,-1.27,0.6));
#5953=DIRECTION('',(0.866025403784439,-0.5,0.));
#5954=DIRECTION('',(0.5,0.866025403784439,0.));
#5955=FACE_BOUND('',#5956,.T.);
#5956=EDGE_LOOP('',(#9793,#9794,#9795,#9796));
#5957=PLANE('',#5958);
#5958=AXIS2_PLACEMENT_3D('',#5959,#5960,#5961);
#5959=CARTESIAN_POINT('',(29.06,-0.75,0.6));
#5960=DIRECTION('',(0.,-1.,0.));
#5961=DIRECTION('',(1.,0.,0.));
#5962=FACE_BOUND('',#5963,.T.);
#5963=EDGE_LOOP('',(#9797,#9798,#9799,#9800));
#5964=PLANE('',#5965);
#5965=AXIS2_PLACEMENT_3D('',#5966,#5967,#5968);
#5966=CARTESIAN_POINT('',(29.36,-0.75,0.6));
#5967=DIRECTION('',(-0.866025403784438,-0.5,0.));
#5968=DIRECTION('',(0.5,-0.866025403784438,0.));
#5969=FACE_BOUND('',#5970,.T.);
#5970=EDGE_LOOP('',(#9801,#9802,#9803,#9804));
#5971=PLANE('',#5972);
#5972=AXIS2_PLACEMENT_3D('',#5973,#5974,#5975);
#5973=CARTESIAN_POINT('',(29.6602221399786,-1.27,0.6));
#5974=DIRECTION('',(0.,-1.,0.));
#5975=DIRECTION('',(1.,0.,0.));
#5976=FACE_BOUND('',#5977,.T.);
#5977=EDGE_LOOP('',(#9805,#9806,#9807,#9808));
#5978=PLANE('',#5979);
#5979=AXIS2_PLACEMENT_3D('',#5980,#5981,#5982);
#5980=CARTESIAN_POINT('',(31.2997778600214,-1.27,0.6));
#5981=DIRECTION('',(0.866025403784439,-0.5,0.));
#5982=DIRECTION('',(0.5,0.866025403784439,0.));
#5983=FACE_BOUND('',#5984,.T.);
#5984=EDGE_LOOP('',(#9809,#9810,#9811,#9812));
#5985=PLANE('',#5986);
#5986=AXIS2_PLACEMENT_3D('',#5987,#5988,#5989);
#5987=CARTESIAN_POINT('',(31.6,-0.75,0.6));
#5988=DIRECTION('',(0.,-1.,0.));
#5989=DIRECTION('',(1.,0.,0.));
#5990=FACE_BOUND('',#5991,.T.);
#5991=EDGE_LOOP('',(#9813,#9814,#9815,#9816));
#5992=PLANE('',#5993);
#5993=AXIS2_PLACEMENT_3D('',#5994,#5995,#5996);
#5994=CARTESIAN_POINT('',(31.9,-0.75,0.6));
#5995=DIRECTION('',(-0.866025403784438,-0.5,0.));
#5996=DIRECTION('',(0.5,-0.866025403784438,0.));
#5997=FACE_BOUND('',#5998,.T.);
#5998=EDGE_LOOP('',(#9817,#9818,#9819,#9820));
#5999=PLANE('',#6000);
#6000=AXIS2_PLACEMENT_3D('',#6001,#6002,#6003);
#6001=CARTESIAN_POINT('',(32.2002221399786,-1.27,0.6));
#6002=DIRECTION('',(0.,-1.,0.));
#6003=DIRECTION('',(1.,0.,0.));
#6004=FACE_BOUND('',#6005,.T.);
#6005=EDGE_LOOP('',(#9821,#9822,#9823,#9824));
#6006=PLANE('',#6007);
#6007=AXIS2_PLACEMENT_3D('',#6008,#6009,#6010);
#6008=CARTESIAN_POINT('',(33.8397778600214,-1.27,0.6));
#6009=DIRECTION('',(0.866025403784439,-0.5,0.));
#6010=DIRECTION('',(0.5,0.866025403784439,0.));
#6011=FACE_BOUND('',#6012,.T.);
#6012=EDGE_LOOP('',(#9825,#9826,#9827,#9828));
#6013=PLANE('',#6014);
#6014=AXIS2_PLACEMENT_3D('',#6015,#6016,#6017);
#6015=CARTESIAN_POINT('',(34.14,-0.75,0.6));
#6016=DIRECTION('',(0.,-1.,0.));
#6017=DIRECTION('',(1.,0.,0.));
#6018=FACE_BOUND('',#6019,.T.);
#6019=EDGE_LOOP('',(#9829,#9830,#9831,#9832));
#6020=PLANE('',#6021);
#6021=AXIS2_PLACEMENT_3D('',#6022,#6023,#6024);
#6022=CARTESIAN_POINT('',(34.44,-0.75,0.6));
#6023=DIRECTION('',(-0.866025403784438,-0.5,0.));
#6024=DIRECTION('',(0.5,-0.866025403784438,0.));
#6025=FACE_BOUND('',#6026,.T.);
#6026=EDGE_LOOP('',(#9833,#9834,#9835,#9836));
#6027=PLANE('',#6028);
#6028=AXIS2_PLACEMENT_3D('',#6029,#6030,#6031);
#6029=CARTESIAN_POINT('',(34.7402221399786,-1.27,0.6));
#6030=DIRECTION('',(0.,-1.,0.));
#6031=DIRECTION('',(1.,0.,0.));
#6032=FACE_BOUND('',#6033,.T.);
#6033=EDGE_LOOP('',(#9837,#9838,#9839,#9840));
#6034=PLANE('',#6035);
#6035=AXIS2_PLACEMENT_3D('',#6036,#6037,#6038);
#6036=CARTESIAN_POINT('',(36.3797778600214,-1.27,0.6));
#6037=DIRECTION('',(0.866025403784439,-0.5,0.));
#6038=DIRECTION('',(0.5,0.866025403784439,0.));
#6039=FACE_BOUND('',#6040,.T.);
#6040=EDGE_LOOP('',(#9841,#9842,#9843,#9844));
#6041=PLANE('',#6042);
#6042=AXIS2_PLACEMENT_3D('',#6043,#6044,#6045);
#6043=CARTESIAN_POINT('',(36.68,-0.75,0.6));
#6044=DIRECTION('',(0.,-1.,0.));
#6045=DIRECTION('',(1.,0.,0.));
#6046=FACE_BOUND('',#6047,.T.);
#6047=EDGE_LOOP('',(#9845,#9846,#9847,#9848));
#6048=PLANE('',#6049);
#6049=AXIS2_PLACEMENT_3D('',#6050,#6051,#6052);
#6050=CARTESIAN_POINT('',(36.98,-0.75,0.6));
#6051=DIRECTION('',(-0.866025403784438,-0.5,0.));
#6052=DIRECTION('',(0.5,-0.866025403784438,0.));
#6053=FACE_BOUND('',#6054,.T.);
#6054=EDGE_LOOP('',(#9849,#9850,#9851,#9852));
#6055=PLANE('',#6056);
#6056=AXIS2_PLACEMENT_3D('',#6057,#6058,#6059);
#6057=CARTESIAN_POINT('',(37.2802221399786,-1.27,0.6));
#6058=DIRECTION('',(0.,-1.,0.));
#6059=DIRECTION('',(1.,0.,0.));
#6060=FACE_BOUND('',#6061,.T.);
#6061=EDGE_LOOP('',(#9853,#9854,#9855,#9856));
#6062=PLANE('',#6063);
#6063=AXIS2_PLACEMENT_3D('',#6064,#6065,#6066);
#6064=CARTESIAN_POINT('',(38.9197778600214,-1.27,0.6));
#6065=DIRECTION('',(0.866025403784439,-0.5,0.));
#6066=DIRECTION('',(0.5,0.866025403784439,0.));
#6067=FACE_BOUND('',#6068,.T.);
#6068=EDGE_LOOP('',(#9857,#9858,#9859,#9860));
#6069=PLANE('',#6070);
#6070=AXIS2_PLACEMENT_3D('',#6071,#6072,#6073);
#6071=CARTESIAN_POINT('',(39.22,-0.75,0.6));
#6072=DIRECTION('',(0.,-1.,0.));
#6073=DIRECTION('',(1.,0.,0.));
#6074=FACE_BOUND('',#6075,.T.);
#6075=EDGE_LOOP('',(#9861,#9862,#9863,#9864));
#6076=PLANE('',#6077);
#6077=AXIS2_PLACEMENT_3D('',#6078,#6079,#6080);
#6078=CARTESIAN_POINT('',(39.52,-0.75,0.6));
#6079=DIRECTION('',(-0.866025403784438,-0.5,0.));
#6080=DIRECTION('',(0.5,-0.866025403784438,0.));
#6081=FACE_BOUND('',#6082,.T.);
#6082=EDGE_LOOP('',(#9865,#9866,#9867,#9868));
#6083=PLANE('',#6084);
#6084=AXIS2_PLACEMENT_3D('',#6085,#6086,#6087);
#6085=CARTESIAN_POINT('',(39.8202221399786,-1.27,0.6));
#6086=DIRECTION('',(0.,-1.,0.));
#6087=DIRECTION('',(1.,0.,0.));
#6088=FACE_BOUND('',#6089,.T.);
#6089=EDGE_LOOP('',(#9869,#9870,#9871,#9872));
#6090=PLANE('',#6091);
#6091=AXIS2_PLACEMENT_3D('',#6092,#6093,#6094);
#6092=CARTESIAN_POINT('',(41.4597778600214,-1.27,0.6));
#6093=DIRECTION('',(0.866025403784439,-0.5,0.));
#6094=DIRECTION('',(0.5,0.866025403784439,0.));
#6095=FACE_BOUND('',#6096,.T.);
#6096=EDGE_LOOP('',(#9873,#9874,#9875,#9876));
#6097=PLANE('',#6098);
#6098=AXIS2_PLACEMENT_3D('',#6099,#6100,#6101);
#6099=CARTESIAN_POINT('',(41.76,-0.75,0.6));
#6100=DIRECTION('',(0.,-1.,0.));
#6101=DIRECTION('',(1.,0.,0.));
#6102=FACE_BOUND('',#6103,.T.);
#6103=EDGE_LOOP('',(#9877,#9878,#9879,#9880));
#6104=PLANE('',#6105);
#6105=AXIS2_PLACEMENT_3D('',#6106,#6107,#6108);
#6106=CARTESIAN_POINT('',(42.06,-0.75,0.6));
#6107=DIRECTION('',(-0.866025403784438,-0.5,0.));
#6108=DIRECTION('',(0.5,-0.866025403784438,0.));
#6109=FACE_BOUND('',#6110,.T.);
#6110=EDGE_LOOP('',(#9881,#9882,#9883,#9884));
#6111=PLANE('',#6112);
#6112=AXIS2_PLACEMENT_3D('',#6113,#6114,#6115);
#6113=CARTESIAN_POINT('',(42.3602221399786,-1.27,0.6));
#6114=DIRECTION('',(0.,-1.,0.));
#6115=DIRECTION('',(1.,0.,0.));
#6116=FACE_BOUND('',#6117,.T.);
#6117=EDGE_LOOP('',(#9885,#9886,#9887,#9888));
#6118=PLANE('',#6119);
#6119=AXIS2_PLACEMENT_3D('',#6120,#6121,#6122);
#6120=CARTESIAN_POINT('',(43.9997778600214,-1.27,0.6));
#6121=DIRECTION('',(0.866025403784439,-0.5,0.));
#6122=DIRECTION('',(0.5,0.866025403784439,0.));
#6123=FACE_BOUND('',#6124,.T.);
#6124=EDGE_LOOP('',(#9889,#9890,#9891,#9892));
#6125=PLANE('',#6126);
#6126=AXIS2_PLACEMENT_3D('',#6127,#6128,#6129);
#6127=CARTESIAN_POINT('',(44.3,-0.75,0.6));
#6128=DIRECTION('',(0.,-1.,0.));
#6129=DIRECTION('',(1.,0.,0.));
#6130=FACE_BOUND('',#6131,.T.);
#6131=EDGE_LOOP('',(#9893,#9894,#9895,#9896));
#6132=PLANE('',#6133);
#6133=AXIS2_PLACEMENT_3D('',#6134,#6135,#6136);
#6134=CARTESIAN_POINT('',(44.6,-0.75,0.6));
#6135=DIRECTION('',(-0.866025403784438,-0.5,0.));
#6136=DIRECTION('',(0.5,-0.866025403784438,0.));
#6137=FACE_BOUND('',#6138,.T.);
#6138=EDGE_LOOP('',(#9897,#9898,#9899,#9900));
#6139=PLANE('',#6140);
#6140=AXIS2_PLACEMENT_3D('',#6141,#6142,#6143);
#6141=CARTESIAN_POINT('',(44.9002221399786,-1.27,0.6));
#6142=DIRECTION('',(0.,-1.,0.));
#6143=DIRECTION('',(1.,0.,0.));
#6144=FACE_BOUND('',#6145,.T.);
#6145=EDGE_LOOP('',(#9901,#9902,#9903,#9904));
#6146=PLANE('',#6147);
#6147=AXIS2_PLACEMENT_3D('',#6148,#6149,#6150);
#6148=CARTESIAN_POINT('',(46.5397778600214,-1.27,0.6));
#6149=DIRECTION('',(0.866025403784439,-0.5,0.));
#6150=DIRECTION('',(0.5,0.866025403784439,0.));
#6151=FACE_BOUND('',#6152,.T.);
#6152=EDGE_LOOP('',(#9905,#9906,#9907,#9908));
#6153=PLANE('',#6154);
#6154=AXIS2_PLACEMENT_3D('',#6155,#6156,#6157);
#6155=CARTESIAN_POINT('',(46.84,-0.75,0.6));
#6156=DIRECTION('',(0.,-1.,0.));
#6157=DIRECTION('',(1.,0.,0.));
#6158=FACE_BOUND('',#6159,.T.);
#6159=EDGE_LOOP('',(#9909,#9910,#9911,#9912));
#6160=PLANE('',#6161);
#6161=AXIS2_PLACEMENT_3D('',#6162,#6163,#6164);
#6162=CARTESIAN_POINT('',(47.14,-0.75,0.6));
#6163=DIRECTION('',(-0.866025403784438,-0.5,0.));
#6164=DIRECTION('',(0.5,-0.866025403784438,0.));
#6165=FACE_BOUND('',#6166,.T.);
#6166=EDGE_LOOP('',(#9913,#9914,#9915,#9916));
#6167=PLANE('',#6168);
#6168=AXIS2_PLACEMENT_3D('',#6169,#6170,#6171);
#6169=CARTESIAN_POINT('',(47.4402221399786,-1.27,0.6));
#6170=DIRECTION('',(0.,-1.,0.));
#6171=DIRECTION('',(1.,0.,0.));
#6172=FACE_BOUND('',#6173,.T.);
#6173=EDGE_LOOP('',(#9917,#9918,#9919,#9920));
#6174=PLANE('',#6175);
#6175=AXIS2_PLACEMENT_3D('',#6176,#6177,#6178);
#6176=CARTESIAN_POINT('',(49.0797778600214,-1.27,0.6));
#6177=DIRECTION('',(0.866025403784439,-0.5,0.));
#6178=DIRECTION('',(0.5,0.866025403784439,0.));
#6179=FACE_BOUND('',#6180,.T.);
#6180=EDGE_LOOP('',(#9921,#9922,#9923,#9924));
#6181=PLANE('',#6182);
#6182=AXIS2_PLACEMENT_3D('',#6183,#6184,#6185);
#6183=CARTESIAN_POINT('',(49.38,-0.75,0.6));
#6184=DIRECTION('',(0.,-1.,0.));
#6185=DIRECTION('',(1.,0.,0.));
#6186=FACE_BOUND('',#6187,.T.);
#6187=EDGE_LOOP('',(#9925,#9926,#9927,#9928));
#6188=PLANE('',#6189);
#6189=AXIS2_PLACEMENT_3D('',#6190,#6191,#6192);
#6190=CARTESIAN_POINT('',(49.68,-0.75,0.6));
#6191=DIRECTION('',(-0.866025403784438,-0.5,0.));
#6192=DIRECTION('',(0.5,-0.866025403784438,0.));
#6193=FACE_BOUND('',#6194,.T.);
#6194=EDGE_LOOP('',(#9929,#9930,#9931,#9932));
#6195=PLANE('',#6196);
#6196=AXIS2_PLACEMENT_3D('',#6197,#6198,#6199);
#6197=CARTESIAN_POINT('',(49.9802221399786,-1.27,0.6));
#6198=DIRECTION('',(0.,-1.,0.));
#6199=DIRECTION('',(1.,0.,0.));
#6200=FACE_BOUND('',#6201,.T.);
#6201=EDGE_LOOP('',(#9933,#9934,#9935,#9936));
#6202=PLANE('',#6203);
#6203=AXIS2_PLACEMENT_3D('',#6204,#6205,#6206);
#6204=CARTESIAN_POINT('',(51.6197778600214,-1.27,0.6));
#6205=DIRECTION('',(0.866025403784439,-0.5,0.));
#6206=DIRECTION('',(0.5,0.866025403784439,0.));
#6207=FACE_BOUND('',#6208,.T.);
#6208=EDGE_LOOP('',(#9937,#9938,#9939,#9940));
#6209=PLANE('',#6210);
#6210=AXIS2_PLACEMENT_3D('',#6211,#6212,#6213);
#6211=CARTESIAN_POINT('',(51.92,-0.75,0.6));
#6212=DIRECTION('',(0.,-1.,0.));
#6213=DIRECTION('',(1.,0.,0.));
#6214=FACE_BOUND('',#6215,.T.);
#6215=EDGE_LOOP('',(#9941,#9942,#9943,#9944));
#6216=PLANE('',#6217);
#6217=AXIS2_PLACEMENT_3D('',#6218,#6219,#6220);
#6218=CARTESIAN_POINT('',(52.22,-0.75,0.6));
#6219=DIRECTION('',(-0.866025403784438,-0.5,0.));
#6220=DIRECTION('',(0.5,-0.866025403784438,0.));
#6221=FACE_BOUND('',#6222,.T.);
#6222=EDGE_LOOP('',(#9945,#9946,#9947,#9948));
#6223=PLANE('',#6224);
#6224=AXIS2_PLACEMENT_3D('',#6225,#6226,#6227);
#6225=CARTESIAN_POINT('',(52.5202221399786,-1.27,0.6));
#6226=DIRECTION('',(0.,-1.,0.));
#6227=DIRECTION('',(1.,0.,0.));
#6228=FACE_BOUND('',#6229,.T.);
#6229=EDGE_LOOP('',(#9949,#9950,#9951,#9952));
#6230=PLANE('',#6231);
#6231=AXIS2_PLACEMENT_3D('',#6232,#6233,#6234);
#6232=CARTESIAN_POINT('',(54.1597778600214,-1.27,0.6));
#6233=DIRECTION('',(0.866025403784439,-0.5,0.));
#6234=DIRECTION('',(0.5,0.866025403784439,0.));
#6235=FACE_BOUND('',#6236,.T.);
#6236=EDGE_LOOP('',(#9953,#9954,#9955,#9956));
#6237=PLANE('',#6238);
#6238=AXIS2_PLACEMENT_3D('',#6239,#6240,#6241);
#6239=CARTESIAN_POINT('',(54.46,-0.75,0.6));
#6240=DIRECTION('',(0.,-1.,0.));
#6241=DIRECTION('',(1.,0.,0.));
#6242=FACE_BOUND('',#6243,.T.);
#6243=EDGE_LOOP('',(#9957,#9958,#9959,#9960));
#6244=PLANE('',#6245);
#6245=AXIS2_PLACEMENT_3D('',#6246,#6247,#6248);
#6246=CARTESIAN_POINT('',(54.76,-0.75,0.6));
#6247=DIRECTION('',(-0.866025403784438,-0.5,0.));
#6248=DIRECTION('',(0.5,-0.866025403784438,0.));
#6249=FACE_BOUND('',#6250,.T.);
#6250=EDGE_LOOP('',(#9961,#9962,#9963,#9964));
#6251=PLANE('',#6252);
#6252=AXIS2_PLACEMENT_3D('',#6253,#6254,#6255);
#6253=CARTESIAN_POINT('',(55.0602221399786,-1.27,0.6));
#6254=DIRECTION('',(0.,-1.,0.));
#6255=DIRECTION('',(1.,0.,0.));
#6256=FACE_BOUND('',#6257,.T.);
#6257=EDGE_LOOP('',(#9965,#9966,#9967,#9968));
#6258=PLANE('',#6259);
#6259=AXIS2_PLACEMENT_3D('',#6260,#6261,#6262);
#6260=CARTESIAN_POINT('',(56.6997778600214,-1.27,0.6));
#6261=DIRECTION('',(0.866025403784439,-0.5,0.));
#6262=DIRECTION('',(0.5,0.866025403784439,0.));
#6263=FACE_BOUND('',#6264,.T.);
#6264=EDGE_LOOP('',(#9969,#9970,#9971,#9972));
#6265=PLANE('',#6266);
#6266=AXIS2_PLACEMENT_3D('',#6267,#6268,#6269);
#6267=CARTESIAN_POINT('',(57.,-0.75,0.6));
#6268=DIRECTION('',(0.,-1.,0.));
#6269=DIRECTION('',(1.,0.,0.));
#6270=FACE_BOUND('',#6271,.T.);
#6271=EDGE_LOOP('',(#9973,#9974,#9975,#9976));
#6272=PLANE('',#6273);
#6273=AXIS2_PLACEMENT_3D('',#6274,#6275,#6276);
#6274=CARTESIAN_POINT('',(57.3,-0.75,0.6));
#6275=DIRECTION('',(-0.866025403784438,-0.5,0.));
#6276=DIRECTION('',(0.5,-0.866025403784438,0.));
#6277=FACE_BOUND('',#6278,.T.);
#6278=EDGE_LOOP('',(#9977,#9978,#9979,#9980));
#6279=PLANE('',#6280);
#6280=AXIS2_PLACEMENT_3D('',#6281,#6282,#6283);
#6281=CARTESIAN_POINT('',(57.6002221399786,-1.27,0.6));
#6282=DIRECTION('',(0.,-1.,0.));
#6283=DIRECTION('',(1.,0.,0.));
#6284=FACE_BOUND('',#6285,.T.);
#6285=EDGE_LOOP('',(#9981,#9982,#9983,#9984));
#6286=PLANE('',#6287);
#6287=AXIS2_PLACEMENT_3D('',#6288,#6289,#6290);
#6288=CARTESIAN_POINT('',(59.2397778600214,-1.27,0.6));
#6289=DIRECTION('',(0.866025403784439,-0.5,0.));
#6290=DIRECTION('',(0.5,0.866025403784439,0.));
#6291=FACE_BOUND('',#6292,.T.);
#6292=EDGE_LOOP('',(#9985,#9986,#9987,#9988));
#6293=PLANE('',#6294);
#6294=AXIS2_PLACEMENT_3D('',#6295,#6296,#6297);
#6295=CARTESIAN_POINT('',(59.69,-0.75,0.6));
#6296=DIRECTION('',(0.,-1.,0.));
#6297=DIRECTION('',(1.,0.,0.));
#6298=FACE_BOUND('',#6299,.T.);
#6299=EDGE_LOOP('',(#9989,#9990,#9991,#9992));
#6300=PLANE('',#6301);
#6301=AXIS2_PLACEMENT_3D('',#6302,#6303,#6304);
#6302=CARTESIAN_POINT('',(59.84,-0.75,0.6));
#6303=DIRECTION('',(-0.866025403784438,-0.5,0.));
#6304=DIRECTION('',(0.5,-0.866025403784438,0.));
#6305=FACE_BOUND('',#6306,.T.);
#6306=EDGE_LOOP('',(#9993,#9994,#9995,#9996));
#6307=PLANE('',#6308);
#6308=AXIS2_PLACEMENT_3D('',#6309,#6310,#6311);
#6309=CARTESIAN_POINT('',(60.1402221399786,-1.27,0.6));
#6310=DIRECTION('',(0.,-1.,0.));
#6311=DIRECTION('',(1.,0.,0.));
#6312=FACE_BOUND('',#6313,.T.);
#6313=EDGE_LOOP('',(#9997,#9998,#9999,#10000));
#6314=PLANE('',#6315);
#6315=AXIS2_PLACEMENT_3D('',#6316,#6317,#6318);
#6316=CARTESIAN_POINT('',(61.7797778600214,-1.27,0.6));
#6317=DIRECTION('',(0.866025403784439,-0.5,0.));
#6318=DIRECTION('',(0.5,0.866025403784439,0.));
#6319=FACE_BOUND('',#6320,.T.);
#6320=EDGE_LOOP('',(#10001,#10002,#10003,#10004));
#6321=PLANE('',#6322);
#6322=AXIS2_PLACEMENT_3D('',#6323,#6324,#6325);
#6323=CARTESIAN_POINT('',(62.08,-0.75,0.6));
#6324=DIRECTION('',(0.,-1.,0.));
#6325=DIRECTION('',(1.,0.,0.));
#6326=FACE_BOUND('',#6327,.T.);
#6327=EDGE_LOOP('',(#10005,#10006,#10007,#10008));
#6328=PLANE('',#6329);
#6329=AXIS2_PLACEMENT_3D('',#6330,#6331,#6332);
#6330=CARTESIAN_POINT('',(62.23,-0.75,0.6));
#6331=DIRECTION('',(1.,0.,0.));
#6332=DIRECTION('',(0.,1.,0.));
#6333=FACE_BOUND('',#6334,.T.);
#6334=EDGE_LOOP('',(#10009,#10010,#10011,#10012));
#6335=PLANE('',#6336);
#6336=AXIS2_PLACEMENT_3D('',#6337,#6338,#6339);
#6337=CARTESIAN_POINT('',(62.23,0.75,0.6));
#6338=DIRECTION('',(0.,1.,-0.));
#6339=DIRECTION('',(-1.,0.,0.));
#6340=FACE_BOUND('',#6341,.T.);
#6341=EDGE_LOOP('',(#10013,#10014,#10015,#10016));
#6342=PLANE('',#6343);
#6343=AXIS2_PLACEMENT_3D('',#6344,#6345,#6346);
#6344=CARTESIAN_POINT('',(62.08,0.75,0.6));
#6345=DIRECTION('',(0.866025403784438,0.5,-0.));
#6346=DIRECTION('',(-0.5,0.866025403784438,0.));
#6347=FACE_BOUND('',#6348,.T.);
#6348=EDGE_LOOP('',(#10017,#10018,#10019,#10020));
#6349=PLANE('',#6350);
#6350=AXIS2_PLACEMENT_3D('',#6351,#6352,#6353);
#6351=CARTESIAN_POINT('',(61.7797778600214,1.27,0.6));
#6352=DIRECTION('',(0.,1.,-0.));
#6353=DIRECTION('',(-1.,0.,0.));
#6354=FACE_BOUND('',#6355,.T.);
#6355=EDGE_LOOP('',(#10021,#10022,#10023,#10024));
#6356=PLANE('',#6357);
#6357=AXIS2_PLACEMENT_3D('',#6358,#6359,#6360);
#6358=CARTESIAN_POINT('',(60.1402221399786,1.27,0.6));
#6359=DIRECTION('',(-0.866025403784439,0.5,0.));
#6360=DIRECTION('',(-0.5,-0.866025403784439,0.));
#6361=FACE_BOUND('',#6362,.T.);
#6362=EDGE_LOOP('',(#10025,#10026,#10027,#10028));
#6363=PLANE('',#6364);
#6364=AXIS2_PLACEMENT_3D('',#6365,#6366,#6367);
#6365=CARTESIAN_POINT('',(59.84,0.75,0.6));
#6366=DIRECTION('',(0.,1.,-0.));
#6367=DIRECTION('',(-1.,0.,0.));
#6368=FACE_BOUND('',#6369,.T.);
#6369=EDGE_LOOP('',(#10029,#10030,#10031,#10032));
#6370=PLANE('',#6371);
#6371=AXIS2_PLACEMENT_3D('',#6372,#6373,#6374);
#6372=CARTESIAN_POINT('',(59.54,0.75,0.6));
#6373=DIRECTION('',(0.866025403784438,0.5,-0.));
#6374=DIRECTION('',(-0.5,0.866025403784438,0.));
#6375=FACE_BOUND('',#6376,.T.);
#6376=EDGE_LOOP('',(#10033,#10034,#10035,#10036));
#6377=PLANE('',#6378);
#6378=AXIS2_PLACEMENT_3D('',#6379,#6380,#6381);
#6379=CARTESIAN_POINT('',(59.2397778600214,1.27,0.6));
#6380=DIRECTION('',(0.,1.,-0.));
#6381=DIRECTION('',(-1.,0.,0.));
#6382=FACE_BOUND('',#6383,.T.);
#6383=EDGE_LOOP('',(#10037,#10038,#10039,#10040));
#6384=PLANE('',#6385);
#6385=AXIS2_PLACEMENT_3D('',#6386,#6387,#6388);
#6386=CARTESIAN_POINT('',(57.6002221399786,1.27,0.6));
#6387=DIRECTION('',(-0.866025403784439,0.5,0.));
#6388=DIRECTION('',(-0.5,-0.866025403784439,0.));
#6389=FACE_BOUND('',#6390,.T.);
#6390=EDGE_LOOP('',(#10041,#10042,#10043,#10044));
#6391=PLANE('',#6392);
#6392=AXIS2_PLACEMENT_3D('',#6393,#6394,#6395);
#6393=CARTESIAN_POINT('',(57.15,0.75,0.6));
#6394=DIRECTION('',(0.,1.,-0.));
#6395=DIRECTION('',(-1.,0.,0.));
#6396=FACE_BOUND('',#6397,.T.);
#6397=EDGE_LOOP('',(#10045,#10046,#10047,#10048));
#6398=PLANE('',#6399);
#6399=AXIS2_PLACEMENT_3D('',#6400,#6401,#6402);
#6400=CARTESIAN_POINT('',(57.,0.75,0.6));
#6401=DIRECTION('',(0.866025403784438,0.5,-0.));
#6402=DIRECTION('',(-0.5,0.866025403784438,0.));
#6403=FACE_BOUND('',#6404,.T.);
#6404=EDGE_LOOP('',(#10049,#10050,#10051,#10052));
#6405=PLANE('',#6406);
#6406=AXIS2_PLACEMENT_3D('',#6407,#6408,#6409);
#6407=CARTESIAN_POINT('',(56.6997778600214,1.27,0.6));
#6408=DIRECTION('',(0.,1.,-0.));
#6409=DIRECTION('',(-1.,0.,0.));
#6410=FACE_BOUND('',#6411,.T.);
#6411=EDGE_LOOP('',(#10053,#10054,#10055,#10056));
#6412=PLANE('',#6413);
#6413=AXIS2_PLACEMENT_3D('',#6414,#6415,#6416);
#6414=CARTESIAN_POINT('',(55.0602221399786,1.27,0.6));
#6415=DIRECTION('',(-0.866025403784439,0.5,0.));
#6416=DIRECTION('',(-0.5,-0.866025403784439,0.));
#6417=FACE_BOUND('',#6418,.T.);
#6418=EDGE_LOOP('',(#10057,#10058,#10059,#10060));
#6419=PLANE('',#6420);
#6420=AXIS2_PLACEMENT_3D('',#6421,#6422,#6423);
#6421=CARTESIAN_POINT('',(54.61,0.75,0.6));
#6422=DIRECTION('',(0.,1.,-0.));
#6423=DIRECTION('',(-1.,0.,0.));
#6424=FACE_BOUND('',#6425,.T.);
#6425=EDGE_LOOP('',(#10061,#10062,#10063,#10064));
#6426=PLANE('',#6427);
#6427=AXIS2_PLACEMENT_3D('',#6428,#6429,#6430);
#6428=CARTESIAN_POINT('',(54.46,0.75,0.6));
#6429=DIRECTION('',(0.866025403784438,0.5,-0.));
#6430=DIRECTION('',(-0.5,0.866025403784438,0.));
#6431=FACE_BOUND('',#6432,.T.);
#6432=EDGE_LOOP('',(#10065,#10066,#10067,#10068));
#6433=PLANE('',#6434);
#6434=AXIS2_PLACEMENT_3D('',#6435,#6436,#6437);
#6435=CARTESIAN_POINT('',(54.1597778600214,1.27,0.6));
#6436=DIRECTION('',(0.,1.,-0.));
#6437=DIRECTION('',(-1.,0.,0.));
#6438=FACE_BOUND('',#6439,.T.);
#6439=EDGE_LOOP('',(#10069,#10070,#10071,#10072));
#6440=PLANE('',#6441);
#6441=AXIS2_PLACEMENT_3D('',#6442,#6443,#6444);
#6442=CARTESIAN_POINT('',(52.5202221399786,1.27,0.6));
#6443=DIRECTION('',(-0.866025403784439,0.5,0.));
#6444=DIRECTION('',(-0.5,-0.866025403784439,0.));
#6445=FACE_BOUND('',#6446,.T.);
#6446=EDGE_LOOP('',(#10073,#10074,#10075,#10076));
#6447=PLANE('',#6448);
#6448=AXIS2_PLACEMENT_3D('',#6449,#6450,#6451);
#6449=CARTESIAN_POINT('',(52.07,0.75,0.6));
#6450=DIRECTION('',(0.,1.,-0.));
#6451=DIRECTION('',(-1.,0.,0.));
#6452=FACE_BOUND('',#6453,.T.);
#6453=EDGE_LOOP('',(#10077,#10078,#10079,#10080));
#6454=PLANE('',#6455);
#6455=AXIS2_PLACEMENT_3D('',#6456,#6457,#6458);
#6456=CARTESIAN_POINT('',(51.92,0.75,0.6));
#6457=DIRECTION('',(0.866025403784438,0.5,-0.));
#6458=DIRECTION('',(-0.5,0.866025403784438,0.));
#6459=FACE_BOUND('',#6460,.T.);
#6460=EDGE_LOOP('',(#10081,#10082,#10083,#10084));
#6461=PLANE('',#6462);
#6462=AXIS2_PLACEMENT_3D('',#6463,#6464,#6465);
#6463=CARTESIAN_POINT('',(51.6197778600214,1.27,0.6));
#6464=DIRECTION('',(0.,1.,-0.));
#6465=DIRECTION('',(-1.,0.,0.));
#6466=FACE_BOUND('',#6467,.T.);
#6467=EDGE_LOOP('',(#10085,#10086,#10087,#10088));
#6468=PLANE('',#6469);
#6469=AXIS2_PLACEMENT_3D('',#6470,#6471,#6472);
#6470=CARTESIAN_POINT('',(49.9802221399786,1.27,0.6));
#6471=DIRECTION('',(-0.866025403784439,0.5,0.));
#6472=DIRECTION('',(-0.5,-0.866025403784439,0.));
#6473=FACE_BOUND('',#6474,.T.);
#6474=EDGE_LOOP('',(#10089,#10090,#10091,#10092));
#6475=PLANE('',#6476);
#6476=AXIS2_PLACEMENT_3D('',#6477,#6478,#6479);
#6477=CARTESIAN_POINT('',(49.53,0.75,0.6));
#6478=DIRECTION('',(0.,1.,-0.));
#6479=DIRECTION('',(-1.,0.,0.));
#6480=FACE_BOUND('',#6481,.T.);
#6481=EDGE_LOOP('',(#10093,#10094,#10095,#10096));
#6482=PLANE('',#6483);
#6483=AXIS2_PLACEMENT_3D('',#6484,#6485,#6486);
#6484=CARTESIAN_POINT('',(49.38,0.75,0.6));
#6485=DIRECTION('',(0.866025403784438,0.5,-0.));
#6486=DIRECTION('',(-0.5,0.866025403784438,0.));
#6487=FACE_BOUND('',#6488,.T.);
#6488=EDGE_LOOP('',(#10097,#10098,#10099,#10100));
#6489=PLANE('',#6490);
#6490=AXIS2_PLACEMENT_3D('',#6491,#6492,#6493);
#6491=CARTESIAN_POINT('',(49.0797778600214,1.27,0.6));
#6492=DIRECTION('',(0.,1.,-0.));
#6493=DIRECTION('',(-1.,0.,0.));
#6494=FACE_BOUND('',#6495,.T.);
#6495=EDGE_LOOP('',(#10101,#10102,#10103,#10104));
#6496=PLANE('',#6497);
#6497=AXIS2_PLACEMENT_3D('',#6498,#6499,#6500);
#6498=CARTESIAN_POINT('',(47.4402221399786,1.27,0.6));
#6499=DIRECTION('',(-0.866025403784439,0.5,0.));
#6500=DIRECTION('',(-0.5,-0.866025403784439,0.));
#6501=FACE_BOUND('',#6502,.T.);
#6502=EDGE_LOOP('',(#10105,#10106,#10107,#10108));
#6503=PLANE('',#6504);
#6504=AXIS2_PLACEMENT_3D('',#6505,#6506,#6507);
#6505=CARTESIAN_POINT('',(46.99,0.75,0.6));
#6506=DIRECTION('',(0.,1.,-0.));
#6507=DIRECTION('',(-1.,0.,0.));
#6508=FACE_BOUND('',#6509,.T.);
#6509=EDGE_LOOP('',(#10109,#10110,#10111,#10112));
#6510=PLANE('',#6511);
#6511=AXIS2_PLACEMENT_3D('',#6512,#6513,#6514);
#6512=CARTESIAN_POINT('',(46.84,0.75,0.6));
#6513=DIRECTION('',(0.866025403784438,0.5,-0.));
#6514=DIRECTION('',(-0.5,0.866025403784438,0.));
#6515=FACE_BOUND('',#6516,.T.);
#6516=EDGE_LOOP('',(#10113,#10114,#10115,#10116));
#6517=PLANE('',#6518);
#6518=AXIS2_PLACEMENT_3D('',#6519,#6520,#6521);
#6519=CARTESIAN_POINT('',(46.5397778600214,1.27,0.6));
#6520=DIRECTION('',(0.,1.,-0.));
#6521=DIRECTION('',(-1.,0.,0.));
#6522=FACE_BOUND('',#6523,.T.);
#6523=EDGE_LOOP('',(#10117,#10118,#10119,#10120));
#6524=PLANE('',#6525);
#6525=AXIS2_PLACEMENT_3D('',#6526,#6527,#6528);
#6526=CARTESIAN_POINT('',(44.9002221399786,1.27,0.6));
#6527=DIRECTION('',(-0.866025403784439,0.5,0.));
#6528=DIRECTION('',(-0.5,-0.866025403784439,0.));
#6529=FACE_BOUND('',#6530,.T.);
#6530=EDGE_LOOP('',(#10121,#10122,#10123,#10124));
#6531=PLANE('',#6532);
#6532=AXIS2_PLACEMENT_3D('',#6533,#6534,#6535);
#6533=CARTESIAN_POINT('',(44.45,0.75,0.6));
#6534=DIRECTION('',(0.,1.,-0.));
#6535=DIRECTION('',(-1.,0.,0.));
#6536=FACE_BOUND('',#6537,.T.);
#6537=EDGE_LOOP('',(#10125,#10126,#10127,#10128));
#6538=PLANE('',#6539);
#6539=AXIS2_PLACEMENT_3D('',#6540,#6541,#6542);
#6540=CARTESIAN_POINT('',(44.3,0.75,0.6));
#6541=DIRECTION('',(0.866025403784438,0.5,-0.));
#6542=DIRECTION('',(-0.5,0.866025403784438,0.));
#6543=FACE_BOUND('',#6544,.T.);
#6544=EDGE_LOOP('',(#10129,#10130,#10131,#10132));
#6545=PLANE('',#6546);
#6546=AXIS2_PLACEMENT_3D('',#6547,#6548,#6549);
#6547=CARTESIAN_POINT('',(43.9997778600214,1.27,0.6));
#6548=DIRECTION('',(0.,1.,-0.));
#6549=DIRECTION('',(-1.,0.,0.));
#6550=FACE_BOUND('',#6551,.T.);
#6551=EDGE_LOOP('',(#10133,#10134,#10135,#10136));
#6552=PLANE('',#6553);
#6553=AXIS2_PLACEMENT_3D('',#6554,#6555,#6556);
#6554=CARTESIAN_POINT('',(42.3602221399786,1.27,0.6));
#6555=DIRECTION('',(-0.866025403784439,0.5,0.));
#6556=DIRECTION('',(-0.5,-0.866025403784439,0.));
#6557=FACE_BOUND('',#6558,.T.);
#6558=EDGE_LOOP('',(#10137,#10138,#10139,#10140));
#6559=PLANE('',#6560);
#6560=AXIS2_PLACEMENT_3D('',#6561,#6562,#6563);
#6561=CARTESIAN_POINT('',(41.91,0.75,0.6));
#6562=DIRECTION('',(0.,1.,-0.));
#6563=DIRECTION('',(-1.,0.,0.));
#6564=FACE_BOUND('',#6565,.T.);
#6565=EDGE_LOOP('',(#10141,#10142,#10143,#10144));
#6566=PLANE('',#6567);
#6567=AXIS2_PLACEMENT_3D('',#6568,#6569,#6570);
#6568=CARTESIAN_POINT('',(41.76,0.75,0.6));
#6569=DIRECTION('',(0.866025403784438,0.5,-0.));
#6570=DIRECTION('',(-0.5,0.866025403784438,0.));
#6571=FACE_BOUND('',#6572,.T.);
#6572=EDGE_LOOP('',(#10145,#10146,#10147,#10148));
#6573=PLANE('',#6574);
#6574=AXIS2_PLACEMENT_3D('',#6575,#6576,#6577);
#6575=CARTESIAN_POINT('',(41.4597778600214,1.27,0.6));
#6576=DIRECTION('',(0.,1.,-0.));
#6577=DIRECTION('',(-1.,0.,0.));
#6578=FACE_BOUND('',#6579,.T.);
#6579=EDGE_LOOP('',(#10149,#10150,#10151,#10152));
#6580=PLANE('',#6581);
#6581=AXIS2_PLACEMENT_3D('',#6582,#6583,#6584);
#6582=CARTESIAN_POINT('',(39.8202221399786,1.27,0.6));
#6583=DIRECTION('',(-0.866025403784439,0.5,0.));
#6584=DIRECTION('',(-0.5,-0.866025403784439,0.));
#6585=FACE_BOUND('',#6586,.T.);
#6586=EDGE_LOOP('',(#10153,#10154,#10155,#10156));
#6587=PLANE('',#6588);
#6588=AXIS2_PLACEMENT_3D('',#6589,#6590,#6591);
#6589=CARTESIAN_POINT('',(39.37,0.75,0.6));
#6590=DIRECTION('',(0.,1.,-0.));
#6591=DIRECTION('',(-1.,0.,0.));
#6592=FACE_BOUND('',#6593,.T.);
#6593=EDGE_LOOP('',(#10157,#10158,#10159,#10160));
#6594=PLANE('',#6595);
#6595=AXIS2_PLACEMENT_3D('',#6596,#6597,#6598);
#6596=CARTESIAN_POINT('',(39.22,0.75,0.6));
#6597=DIRECTION('',(0.866025403784438,0.5,-0.));
#6598=DIRECTION('',(-0.5,0.866025403784438,0.));
#6599=FACE_BOUND('',#6600,.T.);
#6600=EDGE_LOOP('',(#10161,#10162,#10163,#10164));
#6601=PLANE('',#6602);
#6602=AXIS2_PLACEMENT_3D('',#6603,#6604,#6605);
#6603=CARTESIAN_POINT('',(38.9197778600214,1.27,0.6));
#6604=DIRECTION('',(0.,1.,-0.));
#6605=DIRECTION('',(-1.,0.,0.));
#6606=FACE_BOUND('',#6607,.T.);
#6607=EDGE_LOOP('',(#10165,#10166,#10167,#10168));
#6608=PLANE('',#6609);
#6609=AXIS2_PLACEMENT_3D('',#6610,#6611,#6612);
#6610=CARTESIAN_POINT('',(37.2802221399786,1.27,0.6));
#6611=DIRECTION('',(-0.866025403784439,0.5,0.));
#6612=DIRECTION('',(-0.5,-0.866025403784439,0.));
#6613=FACE_BOUND('',#6614,.T.);
#6614=EDGE_LOOP('',(#10169,#10170,#10171,#10172));
#6615=PLANE('',#6616);
#6616=AXIS2_PLACEMENT_3D('',#6617,#6618,#6619);
#6617=CARTESIAN_POINT('',(36.83,0.75,0.6));
#6618=DIRECTION('',(0.,1.,-0.));
#6619=DIRECTION('',(-1.,0.,0.));
#6620=FACE_BOUND('',#6621,.T.);
#6621=EDGE_LOOP('',(#10173,#10174,#10175,#10176));
#6622=PLANE('',#6623);
#6623=AXIS2_PLACEMENT_3D('',#6624,#6625,#6626);
#6624=CARTESIAN_POINT('',(36.68,0.75,0.6));
#6625=DIRECTION('',(0.866025403784438,0.5,-0.));
#6626=DIRECTION('',(-0.5,0.866025403784438,0.));
#6627=FACE_BOUND('',#6628,.T.);
#6628=EDGE_LOOP('',(#10177,#10178,#10179,#10180));
#6629=PLANE('',#6630);
#6630=AXIS2_PLACEMENT_3D('',#6631,#6632,#6633);
#6631=CARTESIAN_POINT('',(36.3797778600214,1.27,0.6));
#6632=DIRECTION('',(0.,1.,-0.));
#6633=DIRECTION('',(-1.,0.,0.));
#6634=FACE_BOUND('',#6635,.T.);
#6635=EDGE_LOOP('',(#10181,#10182,#10183,#10184));
#6636=PLANE('',#6637);
#6637=AXIS2_PLACEMENT_3D('',#6638,#6639,#6640);
#6638=CARTESIAN_POINT('',(34.7402221399786,1.27,0.6));
#6639=DIRECTION('',(-0.866025403784439,0.5,0.));
#6640=DIRECTION('',(-0.5,-0.866025403784439,0.));
#6641=FACE_BOUND('',#6642,.T.);
#6642=EDGE_LOOP('',(#10185,#10186,#10187,#10188));
#6643=PLANE('',#6644);
#6644=AXIS2_PLACEMENT_3D('',#6645,#6646,#6647);
#6645=CARTESIAN_POINT('',(34.29,0.75,0.6));
#6646=DIRECTION('',(0.,1.,-0.));
#6647=DIRECTION('',(-1.,0.,0.));
#6648=FACE_BOUND('',#6649,.T.);
#6649=EDGE_LOOP('',(#10189,#10190,#10191,#10192));
#6650=PLANE('',#6651);
#6651=AXIS2_PLACEMENT_3D('',#6652,#6653,#6654);
#6652=CARTESIAN_POINT('',(34.14,0.75,0.6));
#6653=DIRECTION('',(0.866025403784438,0.5,-0.));
#6654=DIRECTION('',(-0.5,0.866025403784438,0.));
#6655=FACE_BOUND('',#6656,.T.);
#6656=EDGE_LOOP('',(#10193,#10194,#10195,#10196));
#6657=PLANE('',#6658);
#6658=AXIS2_PLACEMENT_3D('',#6659,#6660,#6661);
#6659=CARTESIAN_POINT('',(33.8397778600214,1.27,0.6));
#6660=DIRECTION('',(0.,1.,-0.));
#6661=DIRECTION('',(-1.,0.,0.));
#6662=FACE_BOUND('',#6663,.T.);
#6663=EDGE_LOOP('',(#10197,#10198,#10199,#10200));
#6664=PLANE('',#6665);
#6665=AXIS2_PLACEMENT_3D('',#6666,#6667,#6668);
#6666=CARTESIAN_POINT('',(32.2002221399786,1.27,0.6));
#6667=DIRECTION('',(-0.866025403784439,0.5,0.));
#6668=DIRECTION('',(-0.5,-0.866025403784439,0.));
#6669=FACE_BOUND('',#6670,.T.);
#6670=EDGE_LOOP('',(#10201,#10202,#10203,#10204));
#6671=PLANE('',#6672);
#6672=AXIS2_PLACEMENT_3D('',#6673,#6674,#6675);
#6673=CARTESIAN_POINT('',(31.75,0.75,0.6));
#6674=DIRECTION('',(0.,1.,-0.));
#6675=DIRECTION('',(-1.,0.,0.));
#6676=FACE_BOUND('',#6677,.T.);
#6677=EDGE_LOOP('',(#10205,#10206,#10207,#10208));
#6678=PLANE('',#6679);
#6679=AXIS2_PLACEMENT_3D('',#6680,#6681,#6682);
#6680=CARTESIAN_POINT('',(31.6,0.75,0.6));
#6681=DIRECTION('',(0.866025403784438,0.5,-0.));
#6682=DIRECTION('',(-0.5,0.866025403784438,0.));
#6683=FACE_BOUND('',#6684,.T.);
#6684=EDGE_LOOP('',(#10209,#10210,#10211,#10212));
#6685=PLANE('',#6686);
#6686=AXIS2_PLACEMENT_3D('',#6687,#6688,#6689);
#6687=CARTESIAN_POINT('',(31.2997778600214,1.27,0.6));
#6688=DIRECTION('',(0.,1.,-0.));
#6689=DIRECTION('',(-1.,0.,0.));
#6690=FACE_BOUND('',#6691,.T.);
#6691=EDGE_LOOP('',(#10213,#10214,#10215,#10216));
#6692=PLANE('',#6693);
#6693=AXIS2_PLACEMENT_3D('',#6694,#6695,#6696);
#6694=CARTESIAN_POINT('',(29.6602221399786,1.27,0.6));
#6695=DIRECTION('',(-0.866025403784439,0.5,0.));
#6696=DIRECTION('',(-0.5,-0.866025403784439,0.));
#6697=FACE_BOUND('',#6698,.T.);
#6698=EDGE_LOOP('',(#10217,#10218,#10219,#10220));
#6699=PLANE('',#6700);
#6700=AXIS2_PLACEMENT_3D('',#6701,#6702,#6703);
#6701=CARTESIAN_POINT('',(29.21,0.75,0.6));
#6702=DIRECTION('',(0.,1.,-0.));
#6703=DIRECTION('',(-1.,0.,0.));
#6704=FACE_BOUND('',#6705,.T.);
#6705=EDGE_LOOP('',(#10221,#10222,#10223,#10224));
#6706=PLANE('',#6707);
#6707=AXIS2_PLACEMENT_3D('',#6708,#6709,#6710);
#6708=CARTESIAN_POINT('',(29.06,0.75,0.6));
#6709=DIRECTION('',(0.866025403784438,0.5,-0.));
#6710=DIRECTION('',(-0.5,0.866025403784438,0.));
#6711=FACE_BOUND('',#6712,.T.);
#6712=EDGE_LOOP('',(#10225,#10226,#10227,#10228));
#6713=PLANE('',#6714);
#6714=AXIS2_PLACEMENT_3D('',#6715,#6716,#6717);
#6715=CARTESIAN_POINT('',(28.7597778600214,1.27,0.6));
#6716=DIRECTION('',(0.,1.,-0.));
#6717=DIRECTION('',(-1.,0.,0.));
#6718=FACE_BOUND('',#6719,.T.);
#6719=EDGE_LOOP('',(#10229,#10230,#10231,#10232));
#6720=PLANE('',#6721);
#6721=AXIS2_PLACEMENT_3D('',#6722,#6723,#6724);
#6722=CARTESIAN_POINT('',(27.1202221399786,1.27,0.6));
#6723=DIRECTION('',(-0.866025403784439,0.5,0.));
#6724=DIRECTION('',(-0.5,-0.866025403784439,0.));
#6725=FACE_BOUND('',#6726,.T.);
#6726=EDGE_LOOP('',(#10233,#10234,#10235,#10236));
#6727=PLANE('',#6728);
#6728=AXIS2_PLACEMENT_3D('',#6729,#6730,#6731);
#6729=CARTESIAN_POINT('',(26.67,0.75,0.6));
#6730=DIRECTION('',(0.,1.,-0.));
#6731=DIRECTION('',(-1.,0.,0.));
#6732=FACE_BOUND('',#6733,.T.);
#6733=EDGE_LOOP('',(#10237,#10238,#10239,#10240));
#6734=PLANE('',#6735);
#6735=AXIS2_PLACEMENT_3D('',#6736,#6737,#6738);
#6736=CARTESIAN_POINT('',(26.52,0.75,0.6));
#6737=DIRECTION('',(0.866025403784438,0.5,-0.));
#6738=DIRECTION('',(-0.5,0.866025403784438,0.));
#6739=FACE_BOUND('',#6740,.T.);
#6740=EDGE_LOOP('',(#10241,#10242,#10243,#10244));
#6741=PLANE('',#6742);
#6742=AXIS2_PLACEMENT_3D('',#6743,#6744,#6745);
#6743=CARTESIAN_POINT('',(26.2197778600214,1.27,0.6));
#6744=DIRECTION('',(0.,1.,-0.));
#6745=DIRECTION('',(-1.,0.,0.));
#6746=FACE_BOUND('',#6747,.T.);
#6747=EDGE_LOOP('',(#10245,#10246,#10247,#10248));
#6748=PLANE('',#6749);
#6749=AXIS2_PLACEMENT_3D('',#6750,#6751,#6752);
#6750=CARTESIAN_POINT('',(24.5802221399786,1.27,0.6));
#6751=DIRECTION('',(-0.866025403784439,0.5,0.));
#6752=DIRECTION('',(-0.5,-0.866025403784439,0.));
#6753=FACE_BOUND('',#6754,.T.);
#6754=EDGE_LOOP('',(#10249,#10250,#10251,#10252));
#6755=PLANE('',#6756);
#6756=AXIS2_PLACEMENT_3D('',#6757,#6758,#6759);
#6757=CARTESIAN_POINT('',(24.13,0.75,0.6));
#6758=DIRECTION('',(0.,1.,-0.));
#6759=DIRECTION('',(-1.,0.,0.));
#6760=FACE_BOUND('',#6761,.T.);
#6761=EDGE_LOOP('',(#10253,#10254,#10255,#10256));
#6762=PLANE('',#6763);
#6763=AXIS2_PLACEMENT_3D('',#6764,#6765,#6766);
#6764=CARTESIAN_POINT('',(23.98,0.75,0.6));
#6765=DIRECTION('',(0.866025403784438,0.5,-0.));
#6766=DIRECTION('',(-0.5,0.866025403784438,0.));
#6767=FACE_BOUND('',#6768,.T.);
#6768=EDGE_LOOP('',(#10257,#10258,#10259,#10260));
#6769=PLANE('',#6770);
#6770=AXIS2_PLACEMENT_3D('',#6771,#6772,#6773);
#6771=CARTESIAN_POINT('',(23.6797778600214,1.27,0.6));
#6772=DIRECTION('',(0.,1.,-0.));
#6773=DIRECTION('',(-1.,0.,0.));
#6774=FACE_BOUND('',#6775,.T.);
#6775=EDGE_LOOP('',(#10261,#10262,#10263,#10264));
#6776=PLANE('',#6777);
#6777=AXIS2_PLACEMENT_3D('',#6778,#6779,#6780);
#6778=CARTESIAN_POINT('',(22.0402221399786,1.27,0.6));
#6779=DIRECTION('',(-0.866025403784439,0.5,0.));
#6780=DIRECTION('',(-0.5,-0.866025403784439,0.));
#6781=FACE_BOUND('',#6782,.T.);
#6782=EDGE_LOOP('',(#10265,#10266,#10267,#10268));
#6783=PLANE('',#6784);
#6784=AXIS2_PLACEMENT_3D('',#6785,#6786,#6787);
#6785=CARTESIAN_POINT('',(21.59,0.75,0.6));
#6786=DIRECTION('',(0.,1.,-0.));
#6787=DIRECTION('',(-1.,0.,0.));
#6788=FACE_BOUND('',#6789,.T.);
#6789=EDGE_LOOP('',(#10269,#10270,#10271,#10272));
#6790=PLANE('',#6791);
#6791=AXIS2_PLACEMENT_3D('',#6792,#6793,#6794);
#6792=CARTESIAN_POINT('',(21.44,0.75,0.6));
#6793=DIRECTION('',(0.866025403784438,0.5,-0.));
#6794=DIRECTION('',(-0.5,0.866025403784438,0.));
#6795=FACE_BOUND('',#6796,.T.);
#6796=EDGE_LOOP('',(#10273,#10274,#10275,#10276));
#6797=PLANE('',#6798);
#6798=AXIS2_PLACEMENT_3D('',#6799,#6800,#6801);
#6799=CARTESIAN_POINT('',(21.1397778600214,1.27,0.6));
#6800=DIRECTION('',(0.,1.,-0.));
#6801=DIRECTION('',(-1.,0.,0.));
#6802=FACE_BOUND('',#6803,.T.);
#6803=EDGE_LOOP('',(#10277,#10278,#10279,#10280));
#6804=PLANE('',#6805);
#6805=AXIS2_PLACEMENT_3D('',#6806,#6807,#6808);
#6806=CARTESIAN_POINT('',(19.5002221399786,1.27,0.6));
#6807=DIRECTION('',(-0.866025403784439,0.5,0.));
#6808=DIRECTION('',(-0.5,-0.866025403784439,0.));
#6809=FACE_BOUND('',#6810,.T.);
#6810=EDGE_LOOP('',(#10281,#10282,#10283,#10284));
#6811=PLANE('',#6812);
#6812=AXIS2_PLACEMENT_3D('',#6813,#6814,#6815);
#6813=CARTESIAN_POINT('',(19.05,0.75,0.6));
#6814=DIRECTION('',(0.,1.,-0.));
#6815=DIRECTION('',(-1.,0.,0.));
#6816=FACE_BOUND('',#6817,.T.);
#6817=EDGE_LOOP('',(#10285,#10286,#10287,#10288));
#6818=PLANE('',#6819);
#6819=AXIS2_PLACEMENT_3D('',#6820,#6821,#6822);
#6820=CARTESIAN_POINT('',(18.9,0.75,0.6));
#6821=DIRECTION('',(0.866025403784438,0.5,-0.));
#6822=DIRECTION('',(-0.5,0.866025403784438,0.));
#6823=FACE_BOUND('',#6824,.T.);
#6824=EDGE_LOOP('',(#10289,#10290,#10291,#10292));
#6825=PLANE('',#6826);
#6826=AXIS2_PLACEMENT_3D('',#6827,#6828,#6829);
#6827=CARTESIAN_POINT('',(18.5997778600214,1.27,0.6));
#6828=DIRECTION('',(0.,1.,-0.));
#6829=DIRECTION('',(-1.,0.,0.));
#6830=FACE_BOUND('',#6831,.T.);
#6831=EDGE_LOOP('',(#10293,#10294,#10295,#10296));
#6832=PLANE('',#6833);
#6833=AXIS2_PLACEMENT_3D('',#6834,#6835,#6836);
#6834=CARTESIAN_POINT('',(16.9602221399786,1.27,0.6));
#6835=DIRECTION('',(-0.866025403784439,0.5,0.));
#6836=DIRECTION('',(-0.5,-0.866025403784439,0.));
#6837=FACE_BOUND('',#6838,.T.);
#6838=EDGE_LOOP('',(#10297,#10298,#10299,#10300));
#6839=PLANE('',#6840);
#6840=AXIS2_PLACEMENT_3D('',#6841,#6842,#6843);
#6841=CARTESIAN_POINT('',(16.51,0.75,0.6));
#6842=DIRECTION('',(0.,1.,-0.));
#6843=DIRECTION('',(-1.,0.,0.));
#6844=FACE_BOUND('',#6845,.T.);
#6845=EDGE_LOOP('',(#10301,#10302,#10303,#10304));
#6846=PLANE('',#6847);
#6847=AXIS2_PLACEMENT_3D('',#6848,#6849,#6850);
#6848=CARTESIAN_POINT('',(16.36,0.75,0.6));
#6849=DIRECTION('',(0.866025403784438,0.5,-0.));
#6850=DIRECTION('',(-0.5,0.866025403784438,0.));
#6851=FACE_BOUND('',#6852,.T.);
#6852=EDGE_LOOP('',(#10305,#10306,#10307,#10308));
#6853=PLANE('',#6854);
#6854=AXIS2_PLACEMENT_3D('',#6855,#6856,#6857);
#6855=CARTESIAN_POINT('',(16.0597778600214,1.27,0.6));
#6856=DIRECTION('',(0.,1.,-0.));
#6857=DIRECTION('',(-1.,0.,0.));
#6858=FACE_BOUND('',#6859,.T.);
#6859=EDGE_LOOP('',(#10309,#10310,#10311,#10312));
#6860=PLANE('',#6861);
#6861=AXIS2_PLACEMENT_3D('',#6862,#6863,#6864);
#6862=CARTESIAN_POINT('',(14.4202221399786,1.27,0.6));
#6863=DIRECTION('',(-0.866025403784439,0.5,0.));
#6864=DIRECTION('',(-0.5,-0.866025403784439,0.));
#6865=FACE_BOUND('',#6866,.T.);
#6866=EDGE_LOOP('',(#10313,#10314,#10315,#10316));
#6867=PLANE('',#6868);
#6868=AXIS2_PLACEMENT_3D('',#6869,#6870,#6871);
#6869=CARTESIAN_POINT('',(13.97,0.75,0.6));
#6870=DIRECTION('',(0.,1.,-0.));
#6871=DIRECTION('',(-1.,0.,0.));
#6872=FACE_BOUND('',#6873,.T.);
#6873=EDGE_LOOP('',(#10317,#10318,#10319,#10320));
#6874=PLANE('',#6875);
#6875=AXIS2_PLACEMENT_3D('',#6876,#6877,#6878);
#6876=CARTESIAN_POINT('',(13.82,0.75,0.6));
#6877=DIRECTION('',(0.866025403784438,0.5,-0.));
#6878=DIRECTION('',(-0.5,0.866025403784438,0.));
#6879=FACE_BOUND('',#6880,.T.);
#6880=EDGE_LOOP('',(#10321,#10322,#10323,#10324));
#6881=PLANE('',#6882);
#6882=AXIS2_PLACEMENT_3D('',#6883,#6884,#6885);
#6883=CARTESIAN_POINT('',(13.5197778600214,1.27,0.6));
#6884=DIRECTION('',(0.,1.,-0.));
#6885=DIRECTION('',(-1.,0.,0.));
#6886=FACE_BOUND('',#6887,.T.);
#6887=EDGE_LOOP('',(#10325,#10326,#10327,#10328));
#6888=PLANE('',#6889);
#6889=AXIS2_PLACEMENT_3D('',#6890,#6891,#6892);
#6890=CARTESIAN_POINT('',(11.8802221399786,1.27,0.6));
#6891=DIRECTION('',(-0.866025403784439,0.5,0.));
#6892=DIRECTION('',(-0.5,-0.866025403784439,0.));
#6893=FACE_BOUND('',#6894,.T.);
#6894=EDGE_LOOP('',(#10329,#10330,#10331,#10332));
#6895=PLANE('',#6896);
#6896=AXIS2_PLACEMENT_3D('',#6897,#6898,#6899);
#6897=CARTESIAN_POINT('',(11.43,0.75,0.6));
#6898=DIRECTION('',(0.,1.,-0.));
#6899=DIRECTION('',(-1.,0.,0.));
#6900=FACE_BOUND('',#6901,.T.);
#6901=EDGE_LOOP('',(#10333,#10334,#10335,#10336));
#6902=PLANE('',#6903);
#6903=AXIS2_PLACEMENT_3D('',#6904,#6905,#6906);
#6904=CARTESIAN_POINT('',(11.28,0.75,0.6));
#6905=DIRECTION('',(0.866025403784438,0.5,-0.));
#6906=DIRECTION('',(-0.5,0.866025403784438,0.));
#6907=FACE_BOUND('',#6908,.T.);
#6908=EDGE_LOOP('',(#10337,#10338,#10339,#10340));
#6909=PLANE('',#6910);
#6910=AXIS2_PLACEMENT_3D('',#6911,#6912,#6913);
#6911=CARTESIAN_POINT('',(10.9797778600214,1.27,0.6));
#6912=DIRECTION('',(0.,1.,-0.));
#6913=DIRECTION('',(-1.,0.,0.));
#6914=FACE_BOUND('',#6915,.T.);
#6915=EDGE_LOOP('',(#10341,#10342,#10343,#10344));
#6916=PLANE('',#6917);
#6917=AXIS2_PLACEMENT_3D('',#6918,#6919,#6920);
#6918=CARTESIAN_POINT('',(9.34022213997861,1.27,0.6));
#6919=DIRECTION('',(-0.866025403784439,0.5,0.));
#6920=DIRECTION('',(-0.5,-0.866025403784439,0.));
#6921=FACE_BOUND('',#6922,.T.);
#6922=EDGE_LOOP('',(#10345,#10346,#10347,#10348));
#6923=PLANE('',#6924);
#6924=AXIS2_PLACEMENT_3D('',#6925,#6926,#6927);
#6925=CARTESIAN_POINT('',(8.89,0.75,0.6));
#6926=DIRECTION('',(0.,1.,-0.));
#6927=DIRECTION('',(-1.,0.,0.));
#6928=FACE_BOUND('',#6929,.T.);
#6929=EDGE_LOOP('',(#10349,#10350,#10351,#10352));
#6930=PLANE('',#6931);
#6931=AXIS2_PLACEMENT_3D('',#6932,#6933,#6934);
#6932=CARTESIAN_POINT('',(8.74,0.75,0.6));
#6933=DIRECTION('',(0.866025403784438,0.5,-0.));
#6934=DIRECTION('',(-0.5,0.866025403784438,0.));
#6935=FACE_BOUND('',#6936,.T.);
#6936=EDGE_LOOP('',(#10353,#10354,#10355,#10356));
#6937=PLANE('',#6938);
#6938=AXIS2_PLACEMENT_3D('',#6939,#6940,#6941);
#6939=CARTESIAN_POINT('',(8.43977786002139,1.27,0.6));
#6940=DIRECTION('',(0.,1.,-0.));
#6941=DIRECTION('',(-1.,0.,0.));
#6942=FACE_BOUND('',#6943,.T.);
#6943=EDGE_LOOP('',(#10357,#10358,#10359,#10360));
#6944=PLANE('',#6945);
#6945=AXIS2_PLACEMENT_3D('',#6946,#6947,#6948);
#6946=CARTESIAN_POINT('',(6.80022213997861,1.27,0.6));
#6947=DIRECTION('',(-0.866025403784439,0.5,0.));
#6948=DIRECTION('',(-0.5,-0.866025403784439,0.));
#6949=FACE_BOUND('',#6950,.T.);
#6950=EDGE_LOOP('',(#10361,#10362,#10363,#10364));
#6951=PLANE('',#6952);
#6952=AXIS2_PLACEMENT_3D('',#6953,#6954,#6955);
#6953=CARTESIAN_POINT('',(6.35,0.75,0.6));
#6954=DIRECTION('',(0.,1.,-0.));
#6955=DIRECTION('',(-1.,0.,0.));
#6956=FACE_BOUND('',#6957,.T.);
#6957=EDGE_LOOP('',(#10365,#10366,#10367,#10368));
#6958=PLANE('',#6959);
#6959=AXIS2_PLACEMENT_3D('',#6960,#6961,#6962);
#6960=CARTESIAN_POINT('',(6.2,0.75,0.6));
#6961=DIRECTION('',(0.866025403784438,0.5,-0.));
#6962=DIRECTION('',(-0.5,0.866025403784438,0.));
#6963=FACE_BOUND('',#6964,.T.);
#6964=EDGE_LOOP('',(#10369,#10370,#10371,#10372));
#6965=PLANE('',#6966);
#6966=AXIS2_PLACEMENT_3D('',#6967,#6968,#6969);
#6967=CARTESIAN_POINT('',(5.89977786002139,1.27,0.6));
#6968=DIRECTION('',(0.,1.,-0.));
#6969=DIRECTION('',(-1.,0.,0.));
#6970=FACE_BOUND('',#6971,.T.);
#6971=EDGE_LOOP('',(#10373,#10374,#10375,#10376));
#6972=PLANE('',#6973);
#6973=AXIS2_PLACEMENT_3D('',#6974,#6975,#6976);
#6974=CARTESIAN_POINT('',(4.26022213997861,1.27,0.6));
#6975=DIRECTION('',(-0.866025403784439,0.5,0.));
#6976=DIRECTION('',(-0.5,-0.866025403784439,0.));
#6977=FACE_BOUND('',#6978,.T.);
#6978=EDGE_LOOP('',(#10377,#10378,#10379,#10380));
#6979=PLANE('',#6980);
#6980=AXIS2_PLACEMENT_3D('',#6981,#6982,#6983);
#6981=CARTESIAN_POINT('',(3.81,0.75,0.6));
#6982=DIRECTION('',(0.,1.,-0.));
#6983=DIRECTION('',(-1.,0.,0.));
#6984=FACE_BOUND('',#6985,.T.);
#6985=EDGE_LOOP('',(#10381,#10382,#10383,#10384));
#6986=PLANE('',#6987);
#6987=AXIS2_PLACEMENT_3D('',#6988,#6989,#6990);
#6988=CARTESIAN_POINT('',(3.66,0.75,0.6));
#6989=DIRECTION('',(0.866025403784438,0.5,-0.));
#6990=DIRECTION('',(-0.5,0.866025403784438,0.));
#6991=FACE_BOUND('',#6992,.T.);
#6992=EDGE_LOOP('',(#10385,#10386,#10387,#10388));
#6993=PLANE('',#6994);
#6994=AXIS2_PLACEMENT_3D('',#6995,#6996,#6997);
#6995=CARTESIAN_POINT('',(3.35977786002139,1.27,0.6));
#6996=DIRECTION('',(0.,1.,-0.));
#6997=DIRECTION('',(-1.,0.,0.));
#6998=FACE_BOUND('',#6999,.T.);
#6999=EDGE_LOOP('',(#10389,#10390,#10391,#10392));
#7000=PLANE('',#7001);
#7001=AXIS2_PLACEMENT_3D('',#7002,#7003,#7004);
#7002=CARTESIAN_POINT('',(1.72022213997861,1.27,0.6));
#7003=DIRECTION('',(-0.866025403784439,0.5,0.));
#7004=DIRECTION('',(-0.5,-0.866025403784439,0.));
#7005=FACE_BOUND('',#7006,.T.);
#7006=EDGE_LOOP('',(#10393,#10394,#10395,#10396));
#7007=PLANE('',#7008);
#7008=AXIS2_PLACEMENT_3D('',#7009,#7010,#7011);
#7009=CARTESIAN_POINT('',(1.27,0.75,0.6));
#7010=DIRECTION('',(0.,1.,-0.));
#7011=DIRECTION('',(-1.,0.,0.));
#7012=FACE_BOUND('',#7013,.T.);
#7013=EDGE_LOOP('',(#10397,#10398,#10399,#10400));
#7014=PLANE('',#7015);
#7015=AXIS2_PLACEMENT_3D('',#7016,#7017,#7018);
#7016=CARTESIAN_POINT('',(1.12,0.75,0.6));
#7017=DIRECTION('',(0.866025403784438,0.5,-0.));
#7018=DIRECTION('',(-0.5,0.866025403784438,0.));
#7019=FACE_BOUND('',#7020,.T.);
#7020=EDGE_LOOP('',(#10401,#10402,#10403,#10404));
#7021=PLANE('',#7022);
#7022=AXIS2_PLACEMENT_3D('',#7023,#7024,#7025);
#7023=CARTESIAN_POINT('',(0.819777860021394,1.27,0.6));
#7024=DIRECTION('',(0.,1.,-0.));
#7025=DIRECTION('',(-1.,0.,0.));
#7026=FACE_BOUND('',#7027,.T.);
#7027=EDGE_LOOP('',(#10405,#10406,#10407,#10408));
#7028=PLANE('',#7029);
#7029=AXIS2_PLACEMENT_3D('',#7030,#7031,#7032);
#7030=CARTESIAN_POINT('',(-0.819777860021395,1.27,0.6));
#7031=DIRECTION('',(-0.866025403784439,0.5,0.));
#7032=DIRECTION('',(-0.5,-0.866025403784439,0.));
#7033=FACE_BOUND('',#7034,.T.);
#7034=EDGE_LOOP('',(#10409,#10410,#10411,#10412));
#7035=PLANE('',#7036);
#7036=AXIS2_PLACEMENT_3D('',#7037,#7038,#7039);
#7037=CARTESIAN_POINT('',(-1.12,0.75,0.6));
#7038=DIRECTION('',(0.,1.,-0.));
#7039=DIRECTION('',(-1.,0.,0.));
#7040=FACE_BOUND('',#7041,.T.);
#7041=EDGE_LOOP('',(#10413,#10414,#10415,#10416));
#7042=PLANE('',#7043);
#7043=AXIS2_PLACEMENT_3D('',#7044,#7045,#7046);
#7044=CARTESIAN_POINT('',(-1.27,0.75,0.6));
#7045=DIRECTION('',(-1.,0.,0.));
#7046=DIRECTION('',(0.,-1.,0.));
#7047=FACE_OUTER_BOUND('',#7048,.T.);
#7048=EDGE_LOOP('',(#10417));
#7049=FACE_OUTER_BOUND('',#7050,.T.);
#7050=EDGE_LOOP('',(#10418));
#7051=CYLINDRICAL_SURFACE('',#7052,0.9);
#7052=AXIS2_PLACEMENT_3D('',#7053,#7054,#7055);
#7053=CARTESIAN_POINT('',(0.,0.,3.1));
#7054=DIRECTION('',(0.,0.,1.));
#7055=DIRECTION('',(1.,0.,0.));
#7056=FACE_OUTER_BOUND('',#7057,.T.);
#7057=EDGE_LOOP('',(#10419));
#7058=FACE_OUTER_BOUND('',#7059,.T.);
#7059=EDGE_LOOP('',(#10420));
#7060=CYLINDRICAL_SURFACE('',#7061,0.66);
#7061=AXIS2_PLACEMENT_3D('',#7062,#7063,#7064);
#7062=CARTESIAN_POINT('',(0.,0.,0.6));
#7063=DIRECTION('',(0.,0.,1.));
#7064=DIRECTION('',(1.,0.,0.));
#7065=FACE_BOUND('',#7066,.T.);
#7066=EDGE_LOOP('',(#10421));
#7067=FACE_BOUND('',#7068,.T.);
#7068=EDGE_LOOP('',(#10422));
#7069=PLANE('',#7070);
#7070=AXIS2_PLACEMENT_3D('',#7071,#7072,#7073);
#7071=CARTESIAN_POINT('',(0.,0.,3.1));
#7072=DIRECTION('',(0.,0.,1.));
#7073=DIRECTION('',(1.,0.,0.));
#7074=FACE_OUTER_BOUND('',#7075,.T.);
#7075=EDGE_LOOP('',(#10423));
#7076=SPHERICAL_SURFACE('',#7077,0.23);
#7077=AXIS2_PLACEMENT_3D('',#7078,#7079,#7080);
#7078=CARTESIAN_POINT('',(-4.26789409502853E-016,-4.26789409502853E-016,6.97));
#7079=DIRECTION('',(-6.12323399573677E-017,-6.12323399573677E-017,1.));
#7080=DIRECTION('',(-1.,-1.22464679914736E-016,-6.12323399573677E-017));
#7081=FACE_OUTER_BOUND('',#7082,.T.);
#7082=EDGE_LOOP('',(#10424));
#7083=FACE_OUTER_BOUND('',#7084,.T.);
#7084=EDGE_LOOP('',(#10425));
#7085=CYLINDRICAL_SURFACE('',#7086,0.23);
#7086=AXIS2_PLACEMENT_3D('',#7087,#7088,#7089);
#7087=CARTESIAN_POINT('',(-2.20436423846524E-016,-2.20436423846524E-016,3.6));
#7088=DIRECTION('',(-6.12323399573677E-017,-6.12323399573677E-017,1.));
#7089=DIRECTION('',(-1.,-1.22464679914735E-016,-6.12323399573677E-017));
#7090=FACE_BOUND('',#7091,.T.);
#7091=EDGE_LOOP('',(#10426));
#7092=FACE_BOUND('',#7093,.T.);
#7093=EDGE_LOOP('',(#10427));
#7094=PLANE('',#7095);
#7095=AXIS2_PLACEMENT_3D('',#7096,#7097,#7098);
#7096=CARTESIAN_POINT('',(-2.20436423846524E-016,-2.20436423846524E-016,3.6));
#7097=DIRECTION('',(-6.12323399573677E-017,-6.12323399573677E-017,1.));
#7098=DIRECTION('',(-1.,-1.22464679914735E-016,-6.12323399573677E-017));
#7099=FACE_OUTER_BOUND('',#7100,.T.);
#7100=EDGE_LOOP('',(#10428));
#7101=FACE_OUTER_BOUND('',#7102,.T.);
#7102=EDGE_LOOP('',(#10429));
#7103=CYLINDRICAL_SURFACE('',#7104,0.9);
#7104=AXIS2_PLACEMENT_3D('',#7105,#7106,#7107);
#7105=CARTESIAN_POINT('',(-1.8982025386784E-016,-1.8982025386784E-016,3.1));
#7106=DIRECTION('',(-6.12323399573677E-017,-6.12323399573677E-017,1.));
#7107=DIRECTION('',(-1.,-1.22464679914735E-016,-6.12323399573677E-017));
#7108=FACE_BOUND('',#7109,.T.);
#7109=EDGE_LOOP('',(#10430));
#7110=FACE_BOUND('',#7111,.T.);
#7111=EDGE_LOOP('',(#10431));
#7112=PLANE('',#7113);
#7113=AXIS2_PLACEMENT_3D('',#7114,#7115,#7116);
#7114=CARTESIAN_POINT('',(-1.8982025386784E-016,-1.8982025386784E-016,3.1));
#7115=DIRECTION('',(6.12323399573677E-017,6.12323399573677E-017,-1.));
#7116=DIRECTION('',(-1.,-1.22464679914735E-016,-6.12323399573677E-017));
#7117=FACE_OUTER_BOUND('',#7118,.T.);
#7118=EDGE_LOOP('',(#10432));
#7119=FACE_OUTER_BOUND('',#7120,.T.);
#7120=EDGE_LOOP('',(#10433));
#7121=CYLINDRICAL_SURFACE('',#7122,0.66);
#7122=AXIS2_PLACEMENT_3D('',#7123,#7124,#7125);
#7123=CARTESIAN_POINT('',(-2.63299061816681E-017,-2.63299061816681E-017,0.43));
#7124=DIRECTION('',(-6.12323399573677E-017,-6.12323399573677E-017,1.));
#7125=DIRECTION('',(-1.,-1.22464679914735E-016,-6.12323399573677E-017));
#7126=FACE_OUTER_BOUND('',#7127,.T.);
#7127=EDGE_LOOP('',(#10434));
#7128=FACE_OUTER_BOUND('',#7129,.T.);
#7129=EDGE_LOOP('',(#10435));
#7130=CONICAL_SURFACE('',#7131,0.445,0.785398163397449);
#7131=AXIS2_PLACEMENT_3D('',#7132,#7133,#7134);
#7132=CARTESIAN_POINT('',(-1.3164953090834E-017,-1.3164953090834E-017,0.215));
#7133=DIRECTION('',(-6.12323399573677E-017,-6.12323399573677E-017,1.));
#7134=DIRECTION('',(-1.,-1.22464679914735E-016,-6.12323399573677E-017));
#7135=FACE_OUTER_BOUND('',#7136,.T.);
#7136=EDGE_LOOP('',(#10436));
#7137=FACE_OUTER_BOUND('',#7138,.T.);
#7138=EDGE_LOOP('',(#10437));
#7139=CYLINDRICAL_SURFACE('',#7140,0.23);
#7140=AXIS2_PLACEMENT_3D('',#7141,#7142,#7143);
#7141=CARTESIAN_POINT('',(1.57367113690435E-016,1.57367113690435E-016,-2.57));
#7142=DIRECTION('',(-6.12323399573677E-017,-6.12323399573677E-017,1.));
#7143=DIRECTION('',(-1.,-1.22464679914735E-016,-6.12323399573677E-017));
#7144=FACE_OUTER_BOUND('',#7145,.T.);
#7145=EDGE_LOOP('',(#10438));
#7146=SPHERICAL_SURFACE('',#7147,0.23);
#7147=AXIS2_PLACEMENT_3D('',#7148,#7149,#7150);
#7148=CARTESIAN_POINT('',(1.57367113690435E-016,1.57367113690435E-016,-2.57));
#7149=DIRECTION('',(-6.12323399573677E-017,-6.12323399573677E-017,1.));
#7150=DIRECTION('',(-1.,-1.22464679914735E-016,-6.12323399573677E-017));
#7151=FACE_OUTER_BOUND('',#7152,.T.);
#7152=EDGE_LOOP('',(#10439));
#7153=SPHERICAL_SURFACE('',#7154,0.23);
#7154=AXIS2_PLACEMENT_3D('',#7155,#7156,#7157);
#7155=CARTESIAN_POINT('',(2.54,-4.26789409502853E-016,6.97));
#7156=DIRECTION('',(-6.12323399573677E-017,-6.12323399573677E-017,1.));
#7157=DIRECTION('',(-1.,-1.22464679914736E-016,-6.12323399573677E-017));
#7158=FACE_OUTER_BOUND('',#7159,.T.);
#7159=EDGE_LOOP('',(#10440));
#7160=FACE_OUTER_BOUND('',#7161,.T.);
#7161=EDGE_LOOP('',(#10441));
#7162=CYLINDRICAL_SURFACE('',#7163,0.23);
#7163=AXIS2_PLACEMENT_3D('',#7164,#7165,#7166);
#7164=CARTESIAN_POINT('',(2.54,-2.20436423846524E-016,3.6));
#7165=DIRECTION('',(-6.12323399573677E-017,-6.12323399573677E-017,1.));
#7166=DIRECTION('',(-1.,-1.22464679914735E-016,-6.12323399573677E-017));
#7167=FACE_BOUND('',#7168,.T.);
#7168=EDGE_LOOP('',(#10442));
#7169=FACE_BOUND('',#7170,.T.);
#7170=EDGE_LOOP('',(#10443));
#7171=PLANE('',#7172);
#7172=AXIS2_PLACEMENT_3D('',#7173,#7174,#7175);
#7173=CARTESIAN_POINT('',(2.54,-2.20436423846524E-016,3.6));
#7174=DIRECTION('',(-6.12323399573677E-017,-6.12323399573677E-017,1.));
#7175=DIRECTION('',(-1.,-1.22464679914735E-016,-6.12323399573677E-017));
#7176=FACE_OUTER_BOUND('',#7177,.T.);
#7177=EDGE_LOOP('',(#10444));
#7178=FACE_OUTER_BOUND('',#7179,.T.);
#7179=EDGE_LOOP('',(#10445));
#7180=CYLINDRICAL_SURFACE('',#7181,0.9);
#7181=AXIS2_PLACEMENT_3D('',#7182,#7183,#7184);
#7182=CARTESIAN_POINT('',(2.54,-1.8982025386784E-016,3.1));
#7183=DIRECTION('',(-6.12323399573677E-017,-6.12323399573677E-017,1.));
#7184=DIRECTION('',(-1.,-1.22464679914735E-016,-6.12323399573677E-017));
#7185=FACE_BOUND('',#7186,.T.);
#7186=EDGE_LOOP('',(#10446));
#7187=FACE_BOUND('',#7188,.T.);
#7188=EDGE_LOOP('',(#10447));
#7189=PLANE('',#7190);
#7190=AXIS2_PLACEMENT_3D('',#7191,#7192,#7193);
#7191=CARTESIAN_POINT('',(2.54,-1.8982025386784E-016,3.1));
#7192=DIRECTION('',(6.12323399573677E-017,6.12323399573677E-017,-1.));
#7193=DIRECTION('',(-1.,-1.22464679914735E-016,-6.12323399573677E-017));
#7194=FACE_OUTER_BOUND('',#7195,.T.);
#7195=EDGE_LOOP('',(#10448));
#7196=FACE_OUTER_BOUND('',#7197,.T.);
#7197=EDGE_LOOP('',(#10449));
#7198=CYLINDRICAL_SURFACE('',#7199,0.66);
#7199=AXIS2_PLACEMENT_3D('',#7200,#7201,#7202);
#7200=CARTESIAN_POINT('',(2.54,-2.63299061816681E-017,0.43));
#7201=DIRECTION('',(-6.12323399573677E-017,-6.12323399573677E-017,1.));
#7202=DIRECTION('',(-1.,-1.22464679914735E-016,-6.12323399573677E-017));
#7203=FACE_OUTER_BOUND('',#7204,.T.);
#7204=EDGE_LOOP('',(#10450));
#7205=FACE_OUTER_BOUND('',#7206,.T.);
#7206=EDGE_LOOP('',(#10451));
#7207=CONICAL_SURFACE('',#7208,0.445,0.785398163397449);
#7208=AXIS2_PLACEMENT_3D('',#7209,#7210,#7211);
#7209=CARTESIAN_POINT('',(2.54,-1.3164953090834E-017,0.215));
#7210=DIRECTION('',(-6.12323399573677E-017,-6.12323399573677E-017,1.));
#7211=DIRECTION('',(-1.,-1.22464679914735E-016,-6.12323399573677E-017));
#7212=FACE_OUTER_BOUND('',#7213,.T.);
#7213=EDGE_LOOP('',(#10452));
#7214=FACE_OUTER_BOUND('',#7215,.T.);
#7215=EDGE_LOOP('',(#10453));
#7216=CYLINDRICAL_SURFACE('',#7217,0.23);
#7217=AXIS2_PLACEMENT_3D('',#7218,#7219,#7220);
#7218=CARTESIAN_POINT('',(2.54,1.57367113690435E-016,-2.57));
#7219=DIRECTION('',(-6.12323399573677E-017,-6.12323399573677E-017,1.));
#7220=DIRECTION('',(-1.,-1.22464679914735E-016,-6.12323399573677E-017));
#7221=FACE_OUTER_BOUND('',#7222,.T.);
#7222=EDGE_LOOP('',(#10454));
#7223=SPHERICAL_SURFACE('',#7224,0.23);
#7224=AXIS2_PLACEMENT_3D('',#7225,#7226,#7227);
#7225=CARTESIAN_POINT('',(2.54,1.57367113690435E-016,-2.57));
#7226=DIRECTION('',(-6.12323399573677E-017,-6.12323399573677E-017,1.));
#7227=DIRECTION('',(-1.,-1.22464679914735E-016,-6.12323399573677E-017));
#7228=FACE_OUTER_BOUND('',#7229,.T.);
#7229=EDGE_LOOP('',(#10455));
#7230=SPHERICAL_SURFACE('',#7231,0.23);
#7231=AXIS2_PLACEMENT_3D('',#7232,#7233,#7234);
#7232=CARTESIAN_POINT('',(5.08,-4.26789409502853E-016,6.97));
#7233=DIRECTION('',(-6.12323399573677E-017,-6.12323399573677E-017,1.));
#7234=DIRECTION('',(-1.,-1.22464679914736E-016,-6.12323399573677E-017));
#7235=FACE_OUTER_BOUND('',#7236,.T.);
#7236=EDGE_LOOP('',(#10456));
#7237=FACE_OUTER_BOUND('',#7238,.T.);
#7238=EDGE_LOOP('',(#10457));
#7239=CYLINDRICAL_SURFACE('',#7240,0.23);
#7240=AXIS2_PLACEMENT_3D('',#7241,#7242,#7243);
#7241=CARTESIAN_POINT('',(5.08,-2.20436423846524E-016,3.6));
#7242=DIRECTION('',(-6.12323399573677E-017,-6.12323399573677E-017,1.));
#7243=DIRECTION('',(-1.,-1.22464679914735E-016,-6.12323399573677E-017));
#7244=FACE_BOUND('',#7245,.T.);
#7245=EDGE_LOOP('',(#10458));
#7246=FACE_BOUND('',#7247,.T.);
#7247=EDGE_LOOP('',(#10459));
#7248=PLANE('',#7249);
#7249=AXIS2_PLACEMENT_3D('',#7250,#7251,#7252);
#7250=CARTESIAN_POINT('',(5.08,-2.20436423846524E-016,3.6));
#7251=DIRECTION('',(-6.12323399573677E-017,-6.12323399573677E-017,1.));
#7252=DIRECTION('',(-1.,-1.22464679914735E-016,-6.12323399573677E-017));
#7253=FACE_OUTER_BOUND('',#7254,.T.);
#7254=EDGE_LOOP('',(#10460));
#7255=FACE_OUTER_BOUND('',#7256,.T.);
#7256=EDGE_LOOP('',(#10461));
#7257=CYLINDRICAL_SURFACE('',#7258,0.9);
#7258=AXIS2_PLACEMENT_3D('',#7259,#7260,#7261);
#7259=CARTESIAN_POINT('',(5.08,-1.8982025386784E-016,3.1));
#7260=DIRECTION('',(-6.12323399573677E-017,-6.12323399573677E-017,1.));
#7261=DIRECTION('',(-1.,-1.22464679914735E-016,-6.12323399573677E-017));
#7262=FACE_BOUND('',#7263,.T.);
#7263=EDGE_LOOP('',(#10462));
#7264=FACE_BOUND('',#7265,.T.);
#7265=EDGE_LOOP('',(#10463));
#7266=PLANE('',#7267);
#7267=AXIS2_PLACEMENT_3D('',#7268,#7269,#7270);
#7268=CARTESIAN_POINT('',(5.08,-1.8982025386784E-016,3.1));
#7269=DIRECTION('',(6.12323399573677E-017,6.12323399573677E-017,-1.));
#7270=DIRECTION('',(-1.,-1.22464679914735E-016,-6.12323399573677E-017));
#7271=FACE_OUTER_BOUND('',#7272,.T.);
#7272=EDGE_LOOP('',(#10464));
#7273=FACE_OUTER_BOUND('',#7274,.T.);
#7274=EDGE_LOOP('',(#10465));
#7275=CYLINDRICAL_SURFACE('',#7276,0.66);
#7276=AXIS2_PLACEMENT_3D('',#7277,#7278,#7279);
#7277=CARTESIAN_POINT('',(5.08,-2.63299061816681E-017,0.43));
#7278=DIRECTION('',(-6.12323399573677E-017,-6.12323399573677E-017,1.));
#7279=DIRECTION('',(-1.,-1.22464679914735E-016,-6.12323399573677E-017));
#7280=FACE_OUTER_BOUND('',#7281,.T.);
#7281=EDGE_LOOP('',(#10466));
#7282=FACE_OUTER_BOUND('',#7283,.T.);
#7283=EDGE_LOOP('',(#10467));
#7284=CONICAL_SURFACE('',#7285,0.445,0.785398163397449);
#7285=AXIS2_PLACEMENT_3D('',#7286,#7287,#7288);
#7286=CARTESIAN_POINT('',(5.08,-1.3164953090834E-017,0.215));
#7287=DIRECTION('',(-6.12323399573677E-017,-6.12323399573677E-017,1.));
#7288=DIRECTION('',(-1.,-1.22464679914735E-016,-6.12323399573677E-017));
#7289=FACE_OUTER_BOUND('',#7290,.T.);
#7290=EDGE_LOOP('',(#10468));
#7291=FACE_OUTER_BOUND('',#7292,.T.);
#7292=EDGE_LOOP('',(#10469));
#7293=CYLINDRICAL_SURFACE('',#7294,0.23);
#7294=AXIS2_PLACEMENT_3D('',#7295,#7296,#7297);
#7295=CARTESIAN_POINT('',(5.08,1.57367113690435E-016,-2.57));
#7296=DIRECTION('',(-6.12323399573677E-017,-6.12323399573677E-017,1.));
#7297=DIRECTION('',(-1.,-1.22464679914735E-016,-6.12323399573677E-017));
#7298=FACE_OUTER_BOUND('',#7299,.T.);
#7299=EDGE_LOOP('',(#10470));
#7300=SPHERICAL_SURFACE('',#7301,0.23);
#7301=AXIS2_PLACEMENT_3D('',#7302,#7303,#7304);
#7302=CARTESIAN_POINT('',(5.08,1.57367113690435E-016,-2.57));
#7303=DIRECTION('',(-6.12323399573677E-017,-6.12323399573677E-017,1.));
#7304=DIRECTION('',(-1.,-1.22464679914735E-016,-6.12323399573677E-017));
#7305=FACE_OUTER_BOUND('',#7306,.T.);
#7306=EDGE_LOOP('',(#10471));
#7307=SPHERICAL_SURFACE('',#7308,0.23);
#7308=AXIS2_PLACEMENT_3D('',#7309,#7310,#7311);
#7309=CARTESIAN_POINT('',(7.62,-4.26789409502853E-016,6.97));
#7310=DIRECTION('',(-6.12323399573677E-017,-6.12323399573677E-017,1.));
#7311=DIRECTION('',(-1.,-1.22464679914736E-016,-6.12323399573677E-017));
#7312=FACE_OUTER_BOUND('',#7313,.T.);
#7313=EDGE_LOOP('',(#10472));
#7314=FACE_OUTER_BOUND('',#7315,.T.);
#7315=EDGE_LOOP('',(#10473));
#7316=CYLINDRICAL_SURFACE('',#7317,0.23);
#7317=AXIS2_PLACEMENT_3D('',#7318,#7319,#7320);
#7318=CARTESIAN_POINT('',(7.62,-2.20436423846524E-016,3.6));
#7319=DIRECTION('',(-6.12323399573677E-017,-6.12323399573677E-017,1.));
#7320=DIRECTION('',(-1.,-1.22464679914735E-016,-6.12323399573677E-017));
#7321=FACE_BOUND('',#7322,.T.);
#7322=EDGE_LOOP('',(#10474));
#7323=FACE_BOUND('',#7324,.T.);
#7324=EDGE_LOOP('',(#10475));
#7325=PLANE('',#7326);
#7326=AXIS2_PLACEMENT_3D('',#7327,#7328,#7329);
#7327=CARTESIAN_POINT('',(7.62,-2.20436423846524E-016,3.6));
#7328=DIRECTION('',(-6.12323399573677E-017,-6.12323399573677E-017,1.));
#7329=DIRECTION('',(-1.,-1.22464679914735E-016,-6.12323399573677E-017));
#7330=FACE_OUTER_BOUND('',#7331,.T.);
#7331=EDGE_LOOP('',(#10476));
#7332=FACE_OUTER_BOUND('',#7333,.T.);
#7333=EDGE_LOOP('',(#10477));
#7334=CYLINDRICAL_SURFACE('',#7335,0.9);
#7335=AXIS2_PLACEMENT_3D('',#7336,#7337,#7338);
#7336=CARTESIAN_POINT('',(7.62,-1.8982025386784E-016,3.1));
#7337=DIRECTION('',(-6.12323399573677E-017,-6.12323399573677E-017,1.));
#7338=DIRECTION('',(-1.,-1.22464679914735E-016,-6.12323399573677E-017));
#7339=FACE_BOUND('',#7340,.T.);
#7340=EDGE_LOOP('',(#10478));
#7341=FACE_BOUND('',#7342,.T.);
#7342=EDGE_LOOP('',(#10479));
#7343=PLANE('',#7344);
#7344=AXIS2_PLACEMENT_3D('',#7345,#7346,#7347);
#7345=CARTESIAN_POINT('',(7.62,-1.8982025386784E-016,3.1));
#7346=DIRECTION('',(6.12323399573677E-017,6.12323399573677E-017,-1.));
#7347=DIRECTION('',(-1.,-1.22464679914735E-016,-6.12323399573677E-017));
#7348=FACE_OUTER_BOUND('',#7349,.T.);
#7349=EDGE_LOOP('',(#10480));
#7350=FACE_OUTER_BOUND('',#7351,.T.);
#7351=EDGE_LOOP('',(#10481));
#7352=CYLINDRICAL_SURFACE('',#7353,0.66);
#7353=AXIS2_PLACEMENT_3D('',#7354,#7355,#7356);
#7354=CARTESIAN_POINT('',(7.62,-2.63299061816681E-017,0.43));
#7355=DIRECTION('',(-6.12323399573677E-017,-6.12323399573677E-017,1.));
#7356=DIRECTION('',(-1.,-1.22464679914735E-016,-6.12323399573677E-017));
#7357=FACE_OUTER_BOUND('',#7358,.T.);
#7358=EDGE_LOOP('',(#10482));
#7359=FACE_OUTER_BOUND('',#7360,.T.);
#7360=EDGE_LOOP('',(#10483));
#7361=CONICAL_SURFACE('',#7362,0.445,0.785398163397449);
#7362=AXIS2_PLACEMENT_3D('',#7363,#7364,#7365);
#7363=CARTESIAN_POINT('',(7.62,-1.3164953090834E-017,0.215));
#7364=DIRECTION('',(-6.12323399573677E-017,-6.12323399573677E-017,1.));
#7365=DIRECTION('',(-1.,-1.22464679914735E-016,-6.12323399573677E-017));
#7366=FACE_OUTER_BOUND('',#7367,.T.);
#7367=EDGE_LOOP('',(#10484));
#7368=FACE_OUTER_BOUND('',#7369,.T.);
#7369=EDGE_LOOP('',(#10485));
#7370=CYLINDRICAL_SURFACE('',#7371,0.23);
#7371=AXIS2_PLACEMENT_3D('',#7372,#7373,#7374);
#7372=CARTESIAN_POINT('',(7.62,1.57367113690435E-016,-2.57));
#7373=DIRECTION('',(-6.12323399573677E-017,-6.12323399573677E-017,1.));
#7374=DIRECTION('',(-1.,-1.22464679914735E-016,-6.12323399573677E-017));
#7375=FACE_OUTER_BOUND('',#7376,.T.);
#7376=EDGE_LOOP('',(#10486));
#7377=SPHERICAL_SURFACE('',#7378,0.23);
#7378=AXIS2_PLACEMENT_3D('',#7379,#7380,#7381);
#7379=CARTESIAN_POINT('',(7.62,1.57367113690435E-016,-2.57));
#7380=DIRECTION('',(-6.12323399573677E-017,-6.12323399573677E-017,1.));
#7381=DIRECTION('',(-1.,-1.22464679914735E-016,-6.12323399573677E-017));
#7382=FACE_OUTER_BOUND('',#7383,.T.);
#7383=EDGE_LOOP('',(#10487));
#7384=SPHERICAL_SURFACE('',#7385,0.23);
#7385=AXIS2_PLACEMENT_3D('',#7386,#7387,#7388);
#7386=CARTESIAN_POINT('',(10.16,-4.26789409502853E-016,6.97));
#7387=DIRECTION('',(-6.12323399573677E-017,-6.12323399573677E-017,1.));
#7388=DIRECTION('',(-1.,-1.22464679914736E-016,-6.12323399573677E-017));
#7389=FACE_OUTER_BOUND('',#7390,.T.);
#7390=EDGE_LOOP('',(#10488));
#7391=FACE_OUTER_BOUND('',#7392,.T.);
#7392=EDGE_LOOP('',(#10489));
#7393=CYLINDRICAL_SURFACE('',#7394,0.23);
#7394=AXIS2_PLACEMENT_3D('',#7395,#7396,#7397);
#7395=CARTESIAN_POINT('',(10.16,-2.20436423846524E-016,3.6));
#7396=DIRECTION('',(-6.12323399573677E-017,-6.12323399573677E-017,1.));
#7397=DIRECTION('',(-1.,-1.22464679914735E-016,-6.12323399573677E-017));
#7398=FACE_BOUND('',#7399,.T.);
#7399=EDGE_LOOP('',(#10490));
#7400=FACE_BOUND('',#7401,.T.);
#7401=EDGE_LOOP('',(#10491));
#7402=PLANE('',#7403);
#7403=AXIS2_PLACEMENT_3D('',#7404,#7405,#7406);
#7404=CARTESIAN_POINT('',(10.16,-2.20436423846524E-016,3.6));
#7405=DIRECTION('',(-6.12323399573677E-017,-6.12323399573677E-017,1.));
#7406=DIRECTION('',(-1.,-1.22464679914735E-016,-6.12323399573677E-017));
#7407=FACE_OUTER_BOUND('',#7408,.T.);
#7408=EDGE_LOOP('',(#10492));
#7409=FACE_OUTER_BOUND('',#7410,.T.);
#7410=EDGE_LOOP('',(#10493));
#7411=CYLINDRICAL_SURFACE('',#7412,0.9);
#7412=AXIS2_PLACEMENT_3D('',#7413,#7414,#7415);
#7413=CARTESIAN_POINT('',(10.16,-1.8982025386784E-016,3.1));
#7414=DIRECTION('',(-6.12323399573677E-017,-6.12323399573677E-017,1.));
#7415=DIRECTION('',(-1.,-1.22464679914735E-016,-6.12323399573677E-017));
#7416=FACE_BOUND('',#7417,.T.);
#7417=EDGE_LOOP('',(#10494));
#7418=FACE_BOUND('',#7419,.T.);
#7419=EDGE_LOOP('',(#10495));
#7420=PLANE('',#7421);
#7421=AXIS2_PLACEMENT_3D('',#7422,#7423,#7424);
#7422=CARTESIAN_POINT('',(10.16,-1.8982025386784E-016,3.1));
#7423=DIRECTION('',(6.12323399573677E-017,6.12323399573677E-017,-1.));
#7424=DIRECTION('',(-1.,-1.22464679914735E-016,-6.12323399573677E-017));
#7425=FACE_OUTER_BOUND('',#7426,.T.);
#7426=EDGE_LOOP('',(#10496));
#7427=FACE_OUTER_BOUND('',#7428,.T.);
#7428=EDGE_LOOP('',(#10497));
#7429=CYLINDRICAL_SURFACE('',#7430,0.66);
#7430=AXIS2_PLACEMENT_3D('',#7431,#7432,#7433);
#7431=CARTESIAN_POINT('',(10.16,-2.63299061816681E-017,0.43));
#7432=DIRECTION('',(-6.12323399573677E-017,-6.12323399573677E-017,1.));
#7433=DIRECTION('',(-1.,-1.22464679914735E-016,-6.12323399573677E-017));
#7434=FACE_OUTER_BOUND('',#7435,.T.);
#7435=EDGE_LOOP('',(#10498));
#7436=FACE_OUTER_BOUND('',#7437,.T.);
#7437=EDGE_LOOP('',(#10499));
#7438=CONICAL_SURFACE('',#7439,0.445,0.785398163397449);
#7439=AXIS2_PLACEMENT_3D('',#7440,#7441,#7442);
#7440=CARTESIAN_POINT('',(10.16,-1.3164953090834E-017,0.215));
#7441=DIRECTION('',(-6.12323399573677E-017,-6.12323399573677E-017,1.));
#7442=DIRECTION('',(-1.,-1.22464679914735E-016,-6.12323399573677E-017));
#7443=FACE_OUTER_BOUND('',#7444,.T.);
#7444=EDGE_LOOP('',(#10500));
#7445=FACE_OUTER_BOUND('',#7446,.T.);
#7446=EDGE_LOOP('',(#10501));
#7447=CYLINDRICAL_SURFACE('',#7448,0.23);
#7448=AXIS2_PLACEMENT_3D('',#7449,#7450,#7451);
#7449=CARTESIAN_POINT('',(10.16,1.57367113690435E-016,-2.57));
#7450=DIRECTION('',(-6.12323399573677E-017,-6.12323399573677E-017,1.));
#7451=DIRECTION('',(-1.,-1.22464679914735E-016,-6.12323399573677E-017));
#7452=FACE_OUTER_BOUND('',#7453,.T.);
#7453=EDGE_LOOP('',(#10502));
#7454=SPHERICAL_SURFACE('',#7455,0.23);
#7455=AXIS2_PLACEMENT_3D('',#7456,#7457,#7458);
#7456=CARTESIAN_POINT('',(10.16,1.57367113690435E-016,-2.57));
#7457=DIRECTION('',(-6.12323399573677E-017,-6.12323399573677E-017,1.));
#7458=DIRECTION('',(-1.,-1.22464679914735E-016,-6.12323399573677E-017));
#7459=FACE_OUTER_BOUND('',#7460,.T.);
#7460=EDGE_LOOP('',(#10503));
#7461=SPHERICAL_SURFACE('',#7462,0.23);
#7462=AXIS2_PLACEMENT_3D('',#7463,#7464,#7465);
#7463=CARTESIAN_POINT('',(12.7,-4.26789409502853E-016,6.97));
#7464=DIRECTION('',(-6.12323399573677E-017,-6.12323399573677E-017,1.));
#7465=DIRECTION('',(-1.,-1.22464679914736E-016,-6.12323399573677E-017));
#7466=FACE_OUTER_BOUND('',#7467,.T.);
#7467=EDGE_LOOP('',(#10504));
#7468=FACE_OUTER_BOUND('',#7469,.T.);
#7469=EDGE_LOOP('',(#10505));
#7470=CYLINDRICAL_SURFACE('',#7471,0.23);
#7471=AXIS2_PLACEMENT_3D('',#7472,#7473,#7474);
#7472=CARTESIAN_POINT('',(12.7,-2.20436423846524E-016,3.6));
#7473=DIRECTION('',(-6.12323399573677E-017,-6.12323399573677E-017,1.));
#7474=DIRECTION('',(-1.,-1.22464679914735E-016,-6.12323399573677E-017));
#7475=FACE_BOUND('',#7476,.T.);
#7476=EDGE_LOOP('',(#10506));
#7477=FACE_BOUND('',#7478,.T.);
#7478=EDGE_LOOP('',(#10507));
#7479=PLANE('',#7480);
#7480=AXIS2_PLACEMENT_3D('',#7481,#7482,#7483);
#7481=CARTESIAN_POINT('',(12.7,-2.20436423846524E-016,3.6));
#7482=DIRECTION('',(-6.12323399573677E-017,-6.12323399573677E-017,1.));
#7483=DIRECTION('',(-1.,-1.22464679914735E-016,-6.12323399573677E-017));
#7484=FACE_OUTER_BOUND('',#7485,.T.);
#7485=EDGE_LOOP('',(#10508));
#7486=FACE_OUTER_BOUND('',#7487,.T.);
#7487=EDGE_LOOP('',(#10509));
#7488=CYLINDRICAL_SURFACE('',#7489,0.9);
#7489=AXIS2_PLACEMENT_3D('',#7490,#7491,#7492);
#7490=CARTESIAN_POINT('',(12.7,-1.8982025386784E-016,3.1));
#7491=DIRECTION('',(-6.12323399573677E-017,-6.12323399573677E-017,1.));
#7492=DIRECTION('',(-1.,-1.22464679914735E-016,-6.12323399573677E-017));
#7493=FACE_BOUND('',#7494,.T.);
#7494=EDGE_LOOP('',(#10510));
#7495=FACE_BOUND('',#7496,.T.);
#7496=EDGE_LOOP('',(#10511));
#7497=PLANE('',#7498);
#7498=AXIS2_PLACEMENT_3D('',#7499,#7500,#7501);
#7499=CARTESIAN_POINT('',(12.7,-1.8982025386784E-016,3.1));
#7500=DIRECTION('',(6.12323399573677E-017,6.12323399573677E-017,-1.));
#7501=DIRECTION('',(-1.,-1.22464679914735E-016,-6.12323399573677E-017));
#7502=FACE_OUTER_BOUND('',#7503,.T.);
#7503=EDGE_LOOP('',(#10512));
#7504=FACE_OUTER_BOUND('',#7505,.T.);
#7505=EDGE_LOOP('',(#10513));
#7506=CYLINDRICAL_SURFACE('',#7507,0.66);
#7507=AXIS2_PLACEMENT_3D('',#7508,#7509,#7510);
#7508=CARTESIAN_POINT('',(12.7,-2.63299061816681E-017,0.43));
#7509=DIRECTION('',(-6.12323399573677E-017,-6.12323399573677E-017,1.));
#7510=DIRECTION('',(-1.,-1.22464679914735E-016,-6.12323399573677E-017));
#7511=FACE_OUTER_BOUND('',#7512,.T.);
#7512=EDGE_LOOP('',(#10514));
#7513=FACE_OUTER_BOUND('',#7514,.T.);
#7514=EDGE_LOOP('',(#10515));
#7515=CONICAL_SURFACE('',#7516,0.445,0.785398163397449);
#7516=AXIS2_PLACEMENT_3D('',#7517,#7518,#7519);
#7517=CARTESIAN_POINT('',(12.7,-1.3164953090834E-017,0.215));
#7518=DIRECTION('',(-6.12323399573677E-017,-6.12323399573677E-017,1.));
#7519=DIRECTION('',(-1.,-1.22464679914735E-016,-6.12323399573677E-017));
#7520=FACE_OUTER_BOUND('',#7521,.T.);
#7521=EDGE_LOOP('',(#10516));
#7522=FACE_OUTER_BOUND('',#7523,.T.);
#7523=EDGE_LOOP('',(#10517));
#7524=CYLINDRICAL_SURFACE('',#7525,0.23);
#7525=AXIS2_PLACEMENT_3D('',#7526,#7527,#7528);
#7526=CARTESIAN_POINT('',(12.7,1.57367113690435E-016,-2.57));
#7527=DIRECTION('',(-6.12323399573677E-017,-6.12323399573677E-017,1.));
#7528=DIRECTION('',(-1.,-1.22464679914735E-016,-6.12323399573677E-017));
#7529=FACE_OUTER_BOUND('',#7530,.T.);
#7530=EDGE_LOOP('',(#10518));
#7531=SPHERICAL_SURFACE('',#7532,0.23);
#7532=AXIS2_PLACEMENT_3D('',#7533,#7534,#7535);
#7533=CARTESIAN_POINT('',(12.7,1.57367113690435E-016,-2.57));
#7534=DIRECTION('',(-6.12323399573677E-017,-6.12323399573677E-017,1.));
#7535=DIRECTION('',(-1.,-1.22464679914735E-016,-6.12323399573677E-017));
#7536=FACE_OUTER_BOUND('',#7537,.T.);
#7537=EDGE_LOOP('',(#10519));
#7538=SPHERICAL_SURFACE('',#7539,0.23);
#7539=AXIS2_PLACEMENT_3D('',#7540,#7541,#7542);
#7540=CARTESIAN_POINT('',(15.24,-4.26789409502853E-016,6.97));
#7541=DIRECTION('',(-6.12323399573677E-017,-6.12323399573677E-017,1.));
#7542=DIRECTION('',(-1.,-1.22464679914736E-016,-6.12323399573677E-017));
#7543=FACE_OUTER_BOUND('',#7544,.T.);
#7544=EDGE_LOOP('',(#10520));
#7545=FACE_OUTER_BOUND('',#7546,.T.);
#7546=EDGE_LOOP('',(#10521));
#7547=CYLINDRICAL_SURFACE('',#7548,0.23);
#7548=AXIS2_PLACEMENT_3D('',#7549,#7550,#7551);
#7549=CARTESIAN_POINT('',(15.24,-2.20436423846524E-016,3.6));
#7550=DIRECTION('',(-6.12323399573677E-017,-6.12323399573677E-017,1.));
#7551=DIRECTION('',(-1.,-1.22464679914735E-016,-6.12323399573677E-017));
#7552=FACE_BOUND('',#7553,.T.);
#7553=EDGE_LOOP('',(#10522));
#7554=FACE_BOUND('',#7555,.T.);
#7555=EDGE_LOOP('',(#10523));
#7556=PLANE('',#7557);
#7557=AXIS2_PLACEMENT_3D('',#7558,#7559,#7560);
#7558=CARTESIAN_POINT('',(15.24,-2.20436423846524E-016,3.6));
#7559=DIRECTION('',(-6.12323399573677E-017,-6.12323399573677E-017,1.));
#7560=DIRECTION('',(-1.,-1.22464679914735E-016,-6.12323399573677E-017));
#7561=FACE_OUTER_BOUND('',#7562,.T.);
#7562=EDGE_LOOP('',(#10524));
#7563=FACE_OUTER_BOUND('',#7564,.T.);
#7564=EDGE_LOOP('',(#10525));
#7565=CYLINDRICAL_SURFACE('',#7566,0.9);
#7566=AXIS2_PLACEMENT_3D('',#7567,#7568,#7569);
#7567=CARTESIAN_POINT('',(15.24,-1.8982025386784E-016,3.1));
#7568=DIRECTION('',(-6.12323399573677E-017,-6.12323399573677E-017,1.));
#7569=DIRECTION('',(-1.,-1.22464679914735E-016,-6.12323399573677E-017));
#7570=FACE_BOUND('',#7571,.T.);
#7571=EDGE_LOOP('',(#10526));
#7572=FACE_BOUND('',#7573,.T.);
#7573=EDGE_LOOP('',(#10527));
#7574=PLANE('',#7575);
#7575=AXIS2_PLACEMENT_3D('',#7576,#7577,#7578);
#7576=CARTESIAN_POINT('',(15.24,-1.8982025386784E-016,3.1));
#7577=DIRECTION('',(6.12323399573677E-017,6.12323399573677E-017,-1.));
#7578=DIRECTION('',(-1.,-1.22464679914735E-016,-6.12323399573677E-017));
#7579=FACE_OUTER_BOUND('',#7580,.T.);
#7580=EDGE_LOOP('',(#10528));
#7581=FACE_OUTER_BOUND('',#7582,.T.);
#7582=EDGE_LOOP('',(#10529));
#7583=CYLINDRICAL_SURFACE('',#7584,0.66);
#7584=AXIS2_PLACEMENT_3D('',#7585,#7586,#7587);
#7585=CARTESIAN_POINT('',(15.24,-2.63299061816681E-017,0.43));
#7586=DIRECTION('',(-6.12323399573677E-017,-6.12323399573677E-017,1.));
#7587=DIRECTION('',(-1.,-1.22464679914735E-016,-6.12323399573677E-017));
#7588=FACE_OUTER_BOUND('',#7589,.T.);
#7589=EDGE_LOOP('',(#10530));
#7590=FACE_OUTER_BOUND('',#7591,.T.);
#7591=EDGE_LOOP('',(#10531));
#7592=CONICAL_SURFACE('',#7593,0.445,0.785398163397449);
#7593=AXIS2_PLACEMENT_3D('',#7594,#7595,#7596);
#7594=CARTESIAN_POINT('',(15.24,-1.3164953090834E-017,0.215));
#7595=DIRECTION('',(-6.12323399573677E-017,-6.12323399573677E-017,1.));
#7596=DIRECTION('',(-1.,-1.22464679914735E-016,-6.12323399573677E-017));
#7597=FACE_OUTER_BOUND('',#7598,.T.);
#7598=EDGE_LOOP('',(#10532));
#7599=FACE_OUTER_BOUND('',#7600,.T.);
#7600=EDGE_LOOP('',(#10533));
#7601=CYLINDRICAL_SURFACE('',#7602,0.23);
#7602=AXIS2_PLACEMENT_3D('',#7603,#7604,#7605);
#7603=CARTESIAN_POINT('',(15.24,1.57367113690435E-016,-2.57));
#7604=DIRECTION('',(-6.12323399573677E-017,-6.12323399573677E-017,1.));
#7605=DIRECTION('',(-1.,-1.22464679914735E-016,-6.12323399573677E-017));
#7606=FACE_OUTER_BOUND('',#7607,.T.);
#7607=EDGE_LOOP('',(#10534));
#7608=SPHERICAL_SURFACE('',#7609,0.23);
#7609=AXIS2_PLACEMENT_3D('',#7610,#7611,#7612);
#7610=CARTESIAN_POINT('',(15.24,1.57367113690435E-016,-2.57));
#7611=DIRECTION('',(-6.12323399573677E-017,-6.12323399573677E-017,1.));
#7612=DIRECTION('',(-1.,-1.22464679914735E-016,-6.12323399573677E-017));
#7613=FACE_OUTER_BOUND('',#7614,.T.);
#7614=EDGE_LOOP('',(#10535));
#7615=SPHERICAL_SURFACE('',#7616,0.23);
#7616=AXIS2_PLACEMENT_3D('',#7617,#7618,#7619);
#7617=CARTESIAN_POINT('',(17.78,-4.26789409502853E-016,6.97));
#7618=DIRECTION('',(-6.12323399573677E-017,-6.12323399573677E-017,1.));
#7619=DIRECTION('',(-1.,-1.22464679914736E-016,-6.12323399573677E-017));
#7620=FACE_OUTER_BOUND('',#7621,.T.);
#7621=EDGE_LOOP('',(#10536));
#7622=FACE_OUTER_BOUND('',#7623,.T.);
#7623=EDGE_LOOP('',(#10537));
#7624=CYLINDRICAL_SURFACE('',#7625,0.23);
#7625=AXIS2_PLACEMENT_3D('',#7626,#7627,#7628);
#7626=CARTESIAN_POINT('',(17.78,-2.20436423846524E-016,3.6));
#7627=DIRECTION('',(-6.12323399573677E-017,-6.12323399573677E-017,1.));
#7628=DIRECTION('',(-1.,-1.22464679914735E-016,-6.12323399573677E-017));
#7629=FACE_BOUND('',#7630,.T.);
#7630=EDGE_LOOP('',(#10538));
#7631=FACE_BOUND('',#7632,.T.);
#7632=EDGE_LOOP('',(#10539));
#7633=PLANE('',#7634);
#7634=AXIS2_PLACEMENT_3D('',#7635,#7636,#7637);
#7635=CARTESIAN_POINT('',(17.78,-2.20436423846524E-016,3.6));
#7636=DIRECTION('',(-6.12323399573677E-017,-6.12323399573677E-017,1.));
#7637=DIRECTION('',(-1.,-1.22464679914735E-016,-6.12323399573677E-017));
#7638=FACE_OUTER_BOUND('',#7639,.T.);
#7639=EDGE_LOOP('',(#10540));
#7640=FACE_OUTER_BOUND('',#7641,.T.);
#7641=EDGE_LOOP('',(#10541));
#7642=CYLINDRICAL_SURFACE('',#7643,0.9);
#7643=AXIS2_PLACEMENT_3D('',#7644,#7645,#7646);
#7644=CARTESIAN_POINT('',(17.78,-1.8982025386784E-016,3.1));
#7645=DIRECTION('',(-6.12323399573677E-017,-6.12323399573677E-017,1.));
#7646=DIRECTION('',(-1.,-1.22464679914735E-016,-6.12323399573677E-017));
#7647=FACE_BOUND('',#7648,.T.);
#7648=EDGE_LOOP('',(#10542));
#7649=FACE_BOUND('',#7650,.T.);
#7650=EDGE_LOOP('',(#10543));
#7651=PLANE('',#7652);
#7652=AXIS2_PLACEMENT_3D('',#7653,#7654,#7655);
#7653=CARTESIAN_POINT('',(17.78,-1.8982025386784E-016,3.1));
#7654=DIRECTION('',(6.12323399573677E-017,6.12323399573677E-017,-1.));
#7655=DIRECTION('',(-1.,-1.22464679914735E-016,-6.12323399573677E-017));
#7656=FACE_OUTER_BOUND('',#7657,.T.);
#7657=EDGE_LOOP('',(#10544));
#7658=FACE_OUTER_BOUND('',#7659,.T.);
#7659=EDGE_LOOP('',(#10545));
#7660=CYLINDRICAL_SURFACE('',#7661,0.66);
#7661=AXIS2_PLACEMENT_3D('',#7662,#7663,#7664);
#7662=CARTESIAN_POINT('',(17.78,-2.63299061816681E-017,0.43));
#7663=DIRECTION('',(-6.12323399573677E-017,-6.12323399573677E-017,1.));
#7664=DIRECTION('',(-1.,-1.22464679914735E-016,-6.12323399573677E-017));
#7665=FACE_OUTER_BOUND('',#7666,.T.);
#7666=EDGE_LOOP('',(#10546));
#7667=FACE_OUTER_BOUND('',#7668,.T.);
#7668=EDGE_LOOP('',(#10547));
#7669=CONICAL_SURFACE('',#7670,0.445,0.785398163397449);
#7670=AXIS2_PLACEMENT_3D('',#7671,#7672,#7673);
#7671=CARTESIAN_POINT('',(17.78,-1.3164953090834E-017,0.215));
#7672=DIRECTION('',(-6.12323399573677E-017,-6.12323399573677E-017,1.));
#7673=DIRECTION('',(-1.,-1.22464679914735E-016,-6.12323399573677E-017));
#7674=FACE_OUTER_BOUND('',#7675,.T.);
#7675=EDGE_LOOP('',(#10548));
#7676=FACE_OUTER_BOUND('',#7677,.T.);
#7677=EDGE_LOOP('',(#10549));
#7678=CYLINDRICAL_SURFACE('',#7679,0.23);
#7679=AXIS2_PLACEMENT_3D('',#7680,#7681,#7682);
#7680=CARTESIAN_POINT('',(17.78,1.57367113690435E-016,-2.57));
#7681=DIRECTION('',(-6.12323399573677E-017,-6.12323399573677E-017,1.));
#7682=DIRECTION('',(-1.,-1.22464679914735E-016,-6.12323399573677E-017));
#7683=FACE_OUTER_BOUND('',#7684,.T.);
#7684=EDGE_LOOP('',(#10550));
#7685=SPHERICAL_SURFACE('',#7686,0.23);
#7686=AXIS2_PLACEMENT_3D('',#7687,#7688,#7689);
#7687=CARTESIAN_POINT('',(17.78,1.57367113690435E-016,-2.57));
#7688=DIRECTION('',(-6.12323399573677E-017,-6.12323399573677E-017,1.));
#7689=DIRECTION('',(-1.,-1.22464679914735E-016,-6.12323399573677E-017));
#7690=FACE_OUTER_BOUND('',#7691,.T.);
#7691=EDGE_LOOP('',(#10551));
#7692=SPHERICAL_SURFACE('',#7693,0.23);
#7693=AXIS2_PLACEMENT_3D('',#7694,#7695,#7696);
#7694=CARTESIAN_POINT('',(20.32,-4.26789409502853E-016,6.97));
#7695=DIRECTION('',(-6.12323399573677E-017,-6.12323399573677E-017,1.));
#7696=DIRECTION('',(-1.,-1.22464679914736E-016,-6.12323399573677E-017));
#7697=FACE_OUTER_BOUND('',#7698,.T.);
#7698=EDGE_LOOP('',(#10552));
#7699=FACE_OUTER_BOUND('',#7700,.T.);
#7700=EDGE_LOOP('',(#10553));
#7701=CYLINDRICAL_SURFACE('',#7702,0.23);
#7702=AXIS2_PLACEMENT_3D('',#7703,#7704,#7705);
#7703=CARTESIAN_POINT('',(20.32,-2.20436423846524E-016,3.6));
#7704=DIRECTION('',(-6.12323399573677E-017,-6.12323399573677E-017,1.));
#7705=DIRECTION('',(-1.,-1.22464679914735E-016,-6.12323399573677E-017));
#7706=FACE_BOUND('',#7707,.T.);
#7707=EDGE_LOOP('',(#10554));
#7708=FACE_BOUND('',#7709,.T.);
#7709=EDGE_LOOP('',(#10555));
#7710=PLANE('',#7711);
#7711=AXIS2_PLACEMENT_3D('',#7712,#7713,#7714);
#7712=CARTESIAN_POINT('',(20.32,-2.20436423846524E-016,3.6));
#7713=DIRECTION('',(-6.12323399573677E-017,-6.12323399573677E-017,1.));
#7714=DIRECTION('',(-1.,-1.22464679914735E-016,-6.12323399573677E-017));
#7715=FACE_OUTER_BOUND('',#7716,.T.);
#7716=EDGE_LOOP('',(#10556));
#7717=FACE_OUTER_BOUND('',#7718,.T.);
#7718=EDGE_LOOP('',(#10557));
#7719=CYLINDRICAL_SURFACE('',#7720,0.9);
#7720=AXIS2_PLACEMENT_3D('',#7721,#7722,#7723);
#7721=CARTESIAN_POINT('',(20.32,-1.8982025386784E-016,3.1));
#7722=DIRECTION('',(-6.12323399573677E-017,-6.12323399573677E-017,1.));
#7723=DIRECTION('',(-1.,-1.22464679914735E-016,-6.12323399573677E-017));
#7724=FACE_BOUND('',#7725,.T.);
#7725=EDGE_LOOP('',(#10558));
#7726=FACE_BOUND('',#7727,.T.);
#7727=EDGE_LOOP('',(#10559));
#7728=PLANE('',#7729);
#7729=AXIS2_PLACEMENT_3D('',#7730,#7731,#7732);
#7730=CARTESIAN_POINT('',(20.32,-1.8982025386784E-016,3.1));
#7731=DIRECTION('',(6.12323399573677E-017,6.12323399573677E-017,-1.));
#7732=DIRECTION('',(-1.,-1.22464679914735E-016,-6.12323399573677E-017));
#7733=FACE_OUTER_BOUND('',#7734,.T.);
#7734=EDGE_LOOP('',(#10560));
#7735=FACE_OUTER_BOUND('',#7736,.T.);
#7736=EDGE_LOOP('',(#10561));
#7737=CYLINDRICAL_SURFACE('',#7738,0.66);
#7738=AXIS2_PLACEMENT_3D('',#7739,#7740,#7741);
#7739=CARTESIAN_POINT('',(20.32,-2.63299061816681E-017,0.43));
#7740=DIRECTION('',(-6.12323399573677E-017,-6.12323399573677E-017,1.));
#7741=DIRECTION('',(-1.,-1.22464679914735E-016,-6.12323399573677E-017));
#7742=FACE_OUTER_BOUND('',#7743,.T.);
#7743=EDGE_LOOP('',(#10562));
#7744=FACE_OUTER_BOUND('',#7745,.T.);
#7745=EDGE_LOOP('',(#10563));
#7746=CONICAL_SURFACE('',#7747,0.445,0.785398163397449);
#7747=AXIS2_PLACEMENT_3D('',#7748,#7749,#7750);
#7748=CARTESIAN_POINT('',(20.32,-1.3164953090834E-017,0.215));
#7749=DIRECTION('',(-6.12323399573677E-017,-6.12323399573677E-017,1.));
#7750=DIRECTION('',(-1.,-1.22464679914735E-016,-6.12323399573677E-017));
#7751=FACE_OUTER_BOUND('',#7752,.T.);
#7752=EDGE_LOOP('',(#10564));
#7753=FACE_OUTER_BOUND('',#7754,.T.);
#7754=EDGE_LOOP('',(#10565));
#7755=CYLINDRICAL_SURFACE('',#7756,0.23);
#7756=AXIS2_PLACEMENT_3D('',#7757,#7758,#7759);
#7757=CARTESIAN_POINT('',(20.32,1.57367113690435E-016,-2.57));
#7758=DIRECTION('',(-6.12323399573677E-017,-6.12323399573677E-017,1.));
#7759=DIRECTION('',(-1.,-1.22464679914735E-016,-6.12323399573677E-017));
#7760=FACE_OUTER_BOUND('',#7761,.T.);
#7761=EDGE_LOOP('',(#10566));
#7762=SPHERICAL_SURFACE('',#7763,0.23);
#7763=AXIS2_PLACEMENT_3D('',#7764,#7765,#7766);
#7764=CARTESIAN_POINT('',(20.32,1.57367113690435E-016,-2.57));
#7765=DIRECTION('',(-6.12323399573677E-017,-6.12323399573677E-017,1.));
#7766=DIRECTION('',(-1.,-1.22464679914735E-016,-6.12323399573677E-017));
#7767=FACE_OUTER_BOUND('',#7768,.T.);
#7768=EDGE_LOOP('',(#10567));
#7769=SPHERICAL_SURFACE('',#7770,0.23);
#7770=AXIS2_PLACEMENT_3D('',#7771,#7772,#7773);
#7771=CARTESIAN_POINT('',(22.86,-4.26789409502853E-016,6.97));
#7772=DIRECTION('',(-6.12323399573677E-017,-6.12323399573677E-017,1.));
#7773=DIRECTION('',(-1.,-1.22464679914736E-016,-6.12323399573677E-017));
#7774=FACE_OUTER_BOUND('',#7775,.T.);
#7775=EDGE_LOOP('',(#10568));
#7776=FACE_OUTER_BOUND('',#7777,.T.);
#7777=EDGE_LOOP('',(#10569));
#7778=CYLINDRICAL_SURFACE('',#7779,0.23);
#7779=AXIS2_PLACEMENT_3D('',#7780,#7781,#7782);
#7780=CARTESIAN_POINT('',(22.86,-2.20436423846524E-016,3.6));
#7781=DIRECTION('',(-6.12323399573677E-017,-6.12323399573677E-017,1.));
#7782=DIRECTION('',(-1.,-1.22464679914735E-016,-6.12323399573677E-017));
#7783=FACE_BOUND('',#7784,.T.);
#7784=EDGE_LOOP('',(#10570));
#7785=FACE_BOUND('',#7786,.T.);
#7786=EDGE_LOOP('',(#10571));
#7787=PLANE('',#7788);
#7788=AXIS2_PLACEMENT_3D('',#7789,#7790,#7791);
#7789=CARTESIAN_POINT('',(22.86,-2.20436423846524E-016,3.6));
#7790=DIRECTION('',(-6.12323399573677E-017,-6.12323399573677E-017,1.));
#7791=DIRECTION('',(-1.,-1.22464679914735E-016,-6.12323399573677E-017));
#7792=FACE_OUTER_BOUND('',#7793,.T.);
#7793=EDGE_LOOP('',(#10572));
#7794=FACE_OUTER_BOUND('',#7795,.T.);
#7795=EDGE_LOOP('',(#10573));
#7796=CYLINDRICAL_SURFACE('',#7797,0.9);
#7797=AXIS2_PLACEMENT_3D('',#7798,#7799,#7800);
#7798=CARTESIAN_POINT('',(22.86,-1.8982025386784E-016,3.1));
#7799=DIRECTION('',(-6.12323399573677E-017,-6.12323399573677E-017,1.));
#7800=DIRECTION('',(-1.,-1.22464679914735E-016,-6.12323399573677E-017));
#7801=FACE_BOUND('',#7802,.T.);
#7802=EDGE_LOOP('',(#10574));
#7803=FACE_BOUND('',#7804,.T.);
#7804=EDGE_LOOP('',(#10575));
#7805=PLANE('',#7806);
#7806=AXIS2_PLACEMENT_3D('',#7807,#7808,#7809);
#7807=CARTESIAN_POINT('',(22.86,-1.8982025386784E-016,3.1));
#7808=DIRECTION('',(6.12323399573677E-017,6.12323399573677E-017,-1.));
#7809=DIRECTION('',(-1.,-1.22464679914735E-016,-6.12323399573677E-017));
#7810=FACE_OUTER_BOUND('',#7811,.T.);
#7811=EDGE_LOOP('',(#10576));
#7812=FACE_OUTER_BOUND('',#7813,.T.);
#7813=EDGE_LOOP('',(#10577));
#7814=CYLINDRICAL_SURFACE('',#7815,0.66);
#7815=AXIS2_PLACEMENT_3D('',#7816,#7817,#7818);
#7816=CARTESIAN_POINT('',(22.86,-2.63299061816681E-017,0.43));
#7817=DIRECTION('',(-6.12323399573677E-017,-6.12323399573677E-017,1.));
#7818=DIRECTION('',(-1.,-1.22464679914735E-016,-6.12323399573677E-017));
#7819=FACE_OUTER_BOUND('',#7820,.T.);
#7820=EDGE_LOOP('',(#10578));
#7821=FACE_OUTER_BOUND('',#7822,.T.);
#7822=EDGE_LOOP('',(#10579));
#7823=CONICAL_SURFACE('',#7824,0.445,0.785398163397449);
#7824=AXIS2_PLACEMENT_3D('',#7825,#7826,#7827);
#7825=CARTESIAN_POINT('',(22.86,-1.3164953090834E-017,0.215));
#7826=DIRECTION('',(-6.12323399573677E-017,-6.12323399573677E-017,1.));
#7827=DIRECTION('',(-1.,-1.22464679914735E-016,-6.12323399573677E-017));
#7828=FACE_OUTER_BOUND('',#7829,.T.);
#7829=EDGE_LOOP('',(#10580));
#7830=FACE_OUTER_BOUND('',#7831,.T.);
#7831=EDGE_LOOP('',(#10581));
#7832=CYLINDRICAL_SURFACE('',#7833,0.23);
#7833=AXIS2_PLACEMENT_3D('',#7834,#7835,#7836);
#7834=CARTESIAN_POINT('',(22.86,1.57367113690435E-016,-2.57));
#7835=DIRECTION('',(-6.12323399573677E-017,-6.12323399573677E-017,1.));
#7836=DIRECTION('',(-1.,-1.22464679914735E-016,-6.12323399573677E-017));
#7837=FACE_OUTER_BOUND('',#7838,.T.);
#7838=EDGE_LOOP('',(#10582));
#7839=SPHERICAL_SURFACE('',#7840,0.23);
#7840=AXIS2_PLACEMENT_3D('',#7841,#7842,#7843);
#7841=CARTESIAN_POINT('',(22.86,1.57367113690435E-016,-2.57));
#7842=DIRECTION('',(-6.12323399573677E-017,-6.12323399573677E-017,1.));
#7843=DIRECTION('',(-1.,-1.22464679914735E-016,-6.12323399573677E-017));
#7844=FACE_OUTER_BOUND('',#7845,.T.);
#7845=EDGE_LOOP('',(#10583));
#7846=SPHERICAL_SURFACE('',#7847,0.23);
#7847=AXIS2_PLACEMENT_3D('',#7848,#7849,#7850);
#7848=CARTESIAN_POINT('',(25.4,-4.26789409502853E-016,6.97));
#7849=DIRECTION('',(-6.12323399573677E-017,-6.12323399573677E-017,1.));
#7850=DIRECTION('',(-1.,-1.22464679914736E-016,-6.12323399573677E-017));
#7851=FACE_OUTER_BOUND('',#7852,.T.);
#7852=EDGE_LOOP('',(#10584));
#7853=FACE_OUTER_BOUND('',#7854,.T.);
#7854=EDGE_LOOP('',(#10585));
#7855=CYLINDRICAL_SURFACE('',#7856,0.23);
#7856=AXIS2_PLACEMENT_3D('',#7857,#7858,#7859);
#7857=CARTESIAN_POINT('',(25.4,-2.20436423846524E-016,3.6));
#7858=DIRECTION('',(-6.12323399573677E-017,-6.12323399573677E-017,1.));
#7859=DIRECTION('',(-1.,-1.22464679914735E-016,-6.12323399573677E-017));
#7860=FACE_BOUND('',#7861,.T.);
#7861=EDGE_LOOP('',(#10586));
#7862=FACE_BOUND('',#7863,.T.);
#7863=EDGE_LOOP('',(#10587));
#7864=PLANE('',#7865);
#7865=AXIS2_PLACEMENT_3D('',#7866,#7867,#7868);
#7866=CARTESIAN_POINT('',(25.4,-2.20436423846524E-016,3.6));
#7867=DIRECTION('',(-6.12323399573677E-017,-6.12323399573677E-017,1.));
#7868=DIRECTION('',(-1.,-1.22464679914735E-016,-6.12323399573677E-017));
#7869=FACE_OUTER_BOUND('',#7870,.T.);
#7870=EDGE_LOOP('',(#10588));
#7871=FACE_OUTER_BOUND('',#7872,.T.);
#7872=EDGE_LOOP('',(#10589));
#7873=CYLINDRICAL_SURFACE('',#7874,0.9);
#7874=AXIS2_PLACEMENT_3D('',#7875,#7876,#7877);
#7875=CARTESIAN_POINT('',(25.4,-1.8982025386784E-016,3.1));
#7876=DIRECTION('',(-6.12323399573677E-017,-6.12323399573677E-017,1.));
#7877=DIRECTION('',(-1.,-1.22464679914735E-016,-6.12323399573677E-017));
#7878=FACE_BOUND('',#7879,.T.);
#7879=EDGE_LOOP('',(#10590));
#7880=FACE_BOUND('',#7881,.T.);
#7881=EDGE_LOOP('',(#10591));
#7882=PLANE('',#7883);
#7883=AXIS2_PLACEMENT_3D('',#7884,#7885,#7886);
#7884=CARTESIAN_POINT('',(25.4,-1.8982025386784E-016,3.1));
#7885=DIRECTION('',(6.12323399573677E-017,6.12323399573677E-017,-1.));
#7886=DIRECTION('',(-1.,-1.22464679914735E-016,-6.12323399573677E-017));
#7887=FACE_OUTER_BOUND('',#7888,.T.);
#7888=EDGE_LOOP('',(#10592));
#7889=FACE_OUTER_BOUND('',#7890,.T.);
#7890=EDGE_LOOP('',(#10593));
#7891=CYLINDRICAL_SURFACE('',#7892,0.66);
#7892=AXIS2_PLACEMENT_3D('',#7893,#7894,#7895);
#7893=CARTESIAN_POINT('',(25.4,-2.63299061816681E-017,0.43));
#7894=DIRECTION('',(-6.12323399573677E-017,-6.12323399573677E-017,1.));
#7895=DIRECTION('',(-1.,-1.22464679914735E-016,-6.12323399573677E-017));
#7896=FACE_OUTER_BOUND('',#7897,.T.);
#7897=EDGE_LOOP('',(#10594));
#7898=FACE_OUTER_BOUND('',#7899,.T.);
#7899=EDGE_LOOP('',(#10595));
#7900=CONICAL_SURFACE('',#7901,0.445,0.785398163397449);
#7901=AXIS2_PLACEMENT_3D('',#7902,#7903,#7904);
#7902=CARTESIAN_POINT('',(25.4,-1.3164953090834E-017,0.215));
#7903=DIRECTION('',(-6.12323399573677E-017,-6.12323399573677E-017,1.));
#7904=DIRECTION('',(-1.,-1.22464679914735E-016,-6.12323399573677E-017));
#7905=FACE_OUTER_BOUND('',#7906,.T.);
#7906=EDGE_LOOP('',(#10596));
#7907=FACE_OUTER_BOUND('',#7908,.T.);
#7908=EDGE_LOOP('',(#10597));
#7909=CYLINDRICAL_SURFACE('',#7910,0.23);
#7910=AXIS2_PLACEMENT_3D('',#7911,#7912,#7913);
#7911=CARTESIAN_POINT('',(25.4,1.57367113690435E-016,-2.57));
#7912=DIRECTION('',(-6.12323399573677E-017,-6.12323399573677E-017,1.));
#7913=DIRECTION('',(-1.,-1.22464679914735E-016,-6.12323399573677E-017));
#7914=FACE_OUTER_BOUND('',#7915,.T.);
#7915=EDGE_LOOP('',(#10598));
#7916=SPHERICAL_SURFACE('',#7917,0.23);
#7917=AXIS2_PLACEMENT_3D('',#7918,#7919,#7920);
#7918=CARTESIAN_POINT('',(25.4,1.57367113690435E-016,-2.57));
#7919=DIRECTION('',(-6.12323399573677E-017,-6.12323399573677E-017,1.));
#7920=DIRECTION('',(-1.,-1.22464679914735E-016,-6.12323399573677E-017));
#7921=FACE_OUTER_BOUND('',#7922,.T.);
#7922=EDGE_LOOP('',(#10599));
#7923=SPHERICAL_SURFACE('',#7924,0.23);
#7924=AXIS2_PLACEMENT_3D('',#7925,#7926,#7927);
#7925=CARTESIAN_POINT('',(27.94,-4.26789409502853E-016,6.97));
#7926=DIRECTION('',(-6.12323399573677E-017,-6.12323399573677E-017,1.));
#7927=DIRECTION('',(-1.,-1.22464679914736E-016,-6.12323399573677E-017));
#7928=FACE_OUTER_BOUND('',#7929,.T.);
#7929=EDGE_LOOP('',(#10600));
#7930=FACE_OUTER_BOUND('',#7931,.T.);
#7931=EDGE_LOOP('',(#10601));
#7932=CYLINDRICAL_SURFACE('',#7933,0.23);
#7933=AXIS2_PLACEMENT_3D('',#7934,#7935,#7936);
#7934=CARTESIAN_POINT('',(27.94,-2.20436423846524E-016,3.6));
#7935=DIRECTION('',(-6.12323399573677E-017,-6.12323399573677E-017,1.));
#7936=DIRECTION('',(-1.,-1.22464679914735E-016,-6.12323399573677E-017));
#7937=FACE_BOUND('',#7938,.T.);
#7938=EDGE_LOOP('',(#10602));
#7939=FACE_BOUND('',#7940,.T.);
#7940=EDGE_LOOP('',(#10603));
#7941=PLANE('',#7942);
#7942=AXIS2_PLACEMENT_3D('',#7943,#7944,#7945);
#7943=CARTESIAN_POINT('',(27.94,-2.20436423846524E-016,3.6));
#7944=DIRECTION('',(-6.12323399573677E-017,-6.12323399573677E-017,1.));
#7945=DIRECTION('',(-1.,-1.22464679914735E-016,-6.12323399573677E-017));
#7946=FACE_OUTER_BOUND('',#7947,.T.);
#7947=EDGE_LOOP('',(#10604));
#7948=FACE_OUTER_BOUND('',#7949,.T.);
#7949=EDGE_LOOP('',(#10605));
#7950=CYLINDRICAL_SURFACE('',#7951,0.9);
#7951=AXIS2_PLACEMENT_3D('',#7952,#7953,#7954);
#7952=CARTESIAN_POINT('',(27.94,-1.8982025386784E-016,3.1));
#7953=DIRECTION('',(-6.12323399573677E-017,-6.12323399573677E-017,1.));
#7954=DIRECTION('',(-1.,-1.22464679914735E-016,-6.12323399573677E-017));
#7955=FACE_BOUND('',#7956,.T.);
#7956=EDGE_LOOP('',(#10606));
#7957=FACE_BOUND('',#7958,.T.);
#7958=EDGE_LOOP('',(#10607));
#7959=PLANE('',#7960);
#7960=AXIS2_PLACEMENT_3D('',#7961,#7962,#7963);
#7961=CARTESIAN_POINT('',(27.94,-1.8982025386784E-016,3.1));
#7962=DIRECTION('',(6.12323399573677E-017,6.12323399573677E-017,-1.));
#7963=DIRECTION('',(-1.,-1.22464679914735E-016,-6.12323399573677E-017));
#7964=FACE_OUTER_BOUND('',#7965,.T.);
#7965=EDGE_LOOP('',(#10608));
#7966=FACE_OUTER_BOUND('',#7967,.T.);
#7967=EDGE_LOOP('',(#10609));
#7968=CYLINDRICAL_SURFACE('',#7969,0.66);
#7969=AXIS2_PLACEMENT_3D('',#7970,#7971,#7972);
#7970=CARTESIAN_POINT('',(27.94,-2.63299061816681E-017,0.43));
#7971=DIRECTION('',(-6.12323399573677E-017,-6.12323399573677E-017,1.));
#7972=DIRECTION('',(-1.,-1.22464679914735E-016,-6.12323399573677E-017));
#7973=FACE_OUTER_BOUND('',#7974,.T.);
#7974=EDGE_LOOP('',(#10610));
#7975=FACE_OUTER_BOUND('',#7976,.T.);
#7976=EDGE_LOOP('',(#10611));
#7977=CONICAL_SURFACE('',#7978,0.445,0.785398163397449);
#7978=AXIS2_PLACEMENT_3D('',#7979,#7980,#7981);
#7979=CARTESIAN_POINT('',(27.94,-1.3164953090834E-017,0.215));
#7980=DIRECTION('',(-6.12323399573677E-017,-6.12323399573677E-017,1.));
#7981=DIRECTION('',(-1.,-1.22464679914735E-016,-6.12323399573677E-017));
#7982=FACE_OUTER_BOUND('',#7983,.T.);
#7983=EDGE_LOOP('',(#10612));
#7984=FACE_OUTER_BOUND('',#7985,.T.);
#7985=EDGE_LOOP('',(#10613));
#7986=CYLINDRICAL_SURFACE('',#7987,0.23);
#7987=AXIS2_PLACEMENT_3D('',#7988,#7989,#7990);
#7988=CARTESIAN_POINT('',(27.94,1.57367113690435E-016,-2.57));
#7989=DIRECTION('',(-6.12323399573677E-017,-6.12323399573677E-017,1.));
#7990=DIRECTION('',(-1.,-1.22464679914735E-016,-6.12323399573677E-017));
#7991=FACE_OUTER_BOUND('',#7992,.T.);
#7992=EDGE_LOOP('',(#10614));
#7993=SPHERICAL_SURFACE('',#7994,0.23);
#7994=AXIS2_PLACEMENT_3D('',#7995,#7996,#7997);
#7995=CARTESIAN_POINT('',(27.94,1.57367113690435E-016,-2.57));
#7996=DIRECTION('',(-6.12323399573677E-017,-6.12323399573677E-017,1.));
#7997=DIRECTION('',(-1.,-1.22464679914735E-016,-6.12323399573677E-017));
#7998=FACE_OUTER_BOUND('',#7999,.T.);
#7999=EDGE_LOOP('',(#10615));
#8000=SPHERICAL_SURFACE('',#8001,0.23);
#8001=AXIS2_PLACEMENT_3D('',#8002,#8003,#8004);
#8002=CARTESIAN_POINT('',(30.48,-4.26789409502853E-016,6.97));
#8003=DIRECTION('',(-6.12323399573677E-017,-6.12323399573677E-017,1.));
#8004=DIRECTION('',(-1.,-1.22464679914736E-016,-6.12323399573677E-017));
#8005=FACE_OUTER_BOUND('',#8006,.T.);
#8006=EDGE_LOOP('',(#10616));
#8007=FACE_OUTER_BOUND('',#8008,.T.);
#8008=EDGE_LOOP('',(#10617));
#8009=CYLINDRICAL_SURFACE('',#8010,0.23);
#8010=AXIS2_PLACEMENT_3D('',#8011,#8012,#8013);
#8011=CARTESIAN_POINT('',(30.48,-2.20436423846524E-016,3.6));
#8012=DIRECTION('',(-6.12323399573677E-017,-6.12323399573677E-017,1.));
#8013=DIRECTION('',(-1.,-1.22464679914735E-016,-6.12323399573677E-017));
#8014=FACE_BOUND('',#8015,.T.);
#8015=EDGE_LOOP('',(#10618));
#8016=FACE_BOUND('',#8017,.T.);
#8017=EDGE_LOOP('',(#10619));
#8018=PLANE('',#8019);
#8019=AXIS2_PLACEMENT_3D('',#8020,#8021,#8022);
#8020=CARTESIAN_POINT('',(30.48,-2.20436423846524E-016,3.6));
#8021=DIRECTION('',(-6.12323399573677E-017,-6.12323399573677E-017,1.));
#8022=DIRECTION('',(-1.,-1.22464679914735E-016,-6.12323399573677E-017));
#8023=FACE_OUTER_BOUND('',#8024,.T.);
#8024=EDGE_LOOP('',(#10620));
#8025=FACE_OUTER_BOUND('',#8026,.T.);
#8026=EDGE_LOOP('',(#10621));
#8027=CYLINDRICAL_SURFACE('',#8028,0.9);
#8028=AXIS2_PLACEMENT_3D('',#8029,#8030,#8031);
#8029=CARTESIAN_POINT('',(30.48,-1.8982025386784E-016,3.1));
#8030=DIRECTION('',(-6.12323399573677E-017,-6.12323399573677E-017,1.));
#8031=DIRECTION('',(-1.,-1.22464679914735E-016,-6.12323399573677E-017));
#8032=FACE_BOUND('',#8033,.T.);
#8033=EDGE_LOOP('',(#10622));
#8034=FACE_BOUND('',#8035,.T.);
#8035=EDGE_LOOP('',(#10623));
#8036=PLANE('',#8037);
#8037=AXIS2_PLACEMENT_3D('',#8038,#8039,#8040);
#8038=CARTESIAN_POINT('',(30.48,-1.8982025386784E-016,3.1));
#8039=DIRECTION('',(6.12323399573677E-017,6.12323399573677E-017,-1.));
#8040=DIRECTION('',(-1.,-1.22464679914735E-016,-6.12323399573677E-017));
#8041=FACE_OUTER_BOUND('',#8042,.T.);
#8042=EDGE_LOOP('',(#10624));
#8043=FACE_OUTER_BOUND('',#8044,.T.);
#8044=EDGE_LOOP('',(#10625));
#8045=CYLINDRICAL_SURFACE('',#8046,0.66);
#8046=AXIS2_PLACEMENT_3D('',#8047,#8048,#8049);
#8047=CARTESIAN_POINT('',(30.48,-2.63299061816681E-017,0.43));
#8048=DIRECTION('',(-6.12323399573677E-017,-6.12323399573677E-017,1.));
#8049=DIRECTION('',(-1.,-1.22464679914735E-016,-6.12323399573677E-017));
#8050=FACE_OUTER_BOUND('',#8051,.T.);
#8051=EDGE_LOOP('',(#10626));
#8052=FACE_OUTER_BOUND('',#8053,.T.);
#8053=EDGE_LOOP('',(#10627));
#8054=CONICAL_SURFACE('',#8055,0.445,0.785398163397449);
#8055=AXIS2_PLACEMENT_3D('',#8056,#8057,#8058);
#8056=CARTESIAN_POINT('',(30.48,-1.3164953090834E-017,0.215));
#8057=DIRECTION('',(-6.12323399573677E-017,-6.12323399573677E-017,1.));
#8058=DIRECTION('',(-1.,-1.22464679914735E-016,-6.12323399573677E-017));
#8059=FACE_OUTER_BOUND('',#8060,.T.);
#8060=EDGE_LOOP('',(#10628));
#8061=FACE_OUTER_BOUND('',#8062,.T.);
#8062=EDGE_LOOP('',(#10629));
#8063=CYLINDRICAL_SURFACE('',#8064,0.23);
#8064=AXIS2_PLACEMENT_3D('',#8065,#8066,#8067);
#8065=CARTESIAN_POINT('',(30.48,1.57367113690435E-016,-2.57));
#8066=DIRECTION('',(-6.12323399573677E-017,-6.12323399573677E-017,1.));
#8067=DIRECTION('',(-1.,-1.22464679914735E-016,-6.12323399573677E-017));
#8068=FACE_OUTER_BOUND('',#8069,.T.);
#8069=EDGE_LOOP('',(#10630));
#8070=SPHERICAL_SURFACE('',#8071,0.23);
#8071=AXIS2_PLACEMENT_3D('',#8072,#8073,#8074);
#8072=CARTESIAN_POINT('',(30.48,1.57367113690435E-016,-2.57));
#8073=DIRECTION('',(-6.12323399573677E-017,-6.12323399573677E-017,1.));
#8074=DIRECTION('',(-1.,-1.22464679914735E-016,-6.12323399573677E-017));
#8075=FACE_OUTER_BOUND('',#8076,.T.);
#8076=EDGE_LOOP('',(#10631));
#8077=SPHERICAL_SURFACE('',#8078,0.23);
#8078=AXIS2_PLACEMENT_3D('',#8079,#8080,#8081);
#8079=CARTESIAN_POINT('',(33.02,-4.26789409502853E-016,6.97));
#8080=DIRECTION('',(-6.12323399573677E-017,-6.12323399573677E-017,1.));
#8081=DIRECTION('',(-1.,-1.22464679914736E-016,-6.12323399573677E-017));
#8082=FACE_OUTER_BOUND('',#8083,.T.);
#8083=EDGE_LOOP('',(#10632));
#8084=FACE_OUTER_BOUND('',#8085,.T.);
#8085=EDGE_LOOP('',(#10633));
#8086=CYLINDRICAL_SURFACE('',#8087,0.23);
#8087=AXIS2_PLACEMENT_3D('',#8088,#8089,#8090);
#8088=CARTESIAN_POINT('',(33.02,-2.20436423846524E-016,3.6));
#8089=DIRECTION('',(-6.12323399573677E-017,-6.12323399573677E-017,1.));
#8090=DIRECTION('',(-1.,-1.22464679914735E-016,-6.12323399573677E-017));
#8091=FACE_BOUND('',#8092,.T.);
#8092=EDGE_LOOP('',(#10634));
#8093=FACE_BOUND('',#8094,.T.);
#8094=EDGE_LOOP('',(#10635));
#8095=PLANE('',#8096);
#8096=AXIS2_PLACEMENT_3D('',#8097,#8098,#8099);
#8097=CARTESIAN_POINT('',(33.02,-2.20436423846524E-016,3.6));
#8098=DIRECTION('',(-6.12323399573677E-017,-6.12323399573677E-017,1.));
#8099=DIRECTION('',(-1.,-1.22464679914735E-016,-6.12323399573677E-017));
#8100=FACE_OUTER_BOUND('',#8101,.T.);
#8101=EDGE_LOOP('',(#10636));
#8102=FACE_OUTER_BOUND('',#8103,.T.);
#8103=EDGE_LOOP('',(#10637));
#8104=CYLINDRICAL_SURFACE('',#8105,0.9);
#8105=AXIS2_PLACEMENT_3D('',#8106,#8107,#8108);
#8106=CARTESIAN_POINT('',(33.02,-1.8982025386784E-016,3.1));
#8107=DIRECTION('',(-6.12323399573677E-017,-6.12323399573677E-017,1.));
#8108=DIRECTION('',(-1.,-1.22464679914735E-016,-6.12323399573677E-017));
#8109=FACE_BOUND('',#8110,.T.);
#8110=EDGE_LOOP('',(#10638));
#8111=FACE_BOUND('',#8112,.T.);
#8112=EDGE_LOOP('',(#10639));
#8113=PLANE('',#8114);
#8114=AXIS2_PLACEMENT_3D('',#8115,#8116,#8117);
#8115=CARTESIAN_POINT('',(33.02,-1.8982025386784E-016,3.1));
#8116=DIRECTION('',(6.12323399573677E-017,6.12323399573677E-017,-1.));
#8117=DIRECTION('',(-1.,-1.22464679914735E-016,-6.12323399573677E-017));
#8118=FACE_OUTER_BOUND('',#8119,.T.);
#8119=EDGE_LOOP('',(#10640));
#8120=FACE_OUTER_BOUND('',#8121,.T.);
#8121=EDGE_LOOP('',(#10641));
#8122=CYLINDRICAL_SURFACE('',#8123,0.66);
#8123=AXIS2_PLACEMENT_3D('',#8124,#8125,#8126);
#8124=CARTESIAN_POINT('',(33.02,-2.63299061816681E-017,0.43));
#8125=DIRECTION('',(-6.12323399573677E-017,-6.12323399573677E-017,1.));
#8126=DIRECTION('',(-1.,-1.22464679914735E-016,-6.12323399573677E-017));
#8127=FACE_OUTER_BOUND('',#8128,.T.);
#8128=EDGE_LOOP('',(#10642));
#8129=FACE_OUTER_BOUND('',#8130,.T.);
#8130=EDGE_LOOP('',(#10643));
#8131=CONICAL_SURFACE('',#8132,0.445,0.785398163397449);
#8132=AXIS2_PLACEMENT_3D('',#8133,#8134,#8135);
#8133=CARTESIAN_POINT('',(33.02,-1.3164953090834E-017,0.215));
#8134=DIRECTION('',(-6.12323399573677E-017,-6.12323399573677E-017,1.));
#8135=DIRECTION('',(-1.,-1.22464679914735E-016,-6.12323399573677E-017));
#8136=FACE_OUTER_BOUND('',#8137,.T.);
#8137=EDGE_LOOP('',(#10644));
#8138=FACE_OUTER_BOUND('',#8139,.T.);
#8139=EDGE_LOOP('',(#10645));
#8140=CYLINDRICAL_SURFACE('',#8141,0.23);
#8141=AXIS2_PLACEMENT_3D('',#8142,#8143,#8144);
#8142=CARTESIAN_POINT('',(33.02,1.57367113690435E-016,-2.57));
#8143=DIRECTION('',(-6.12323399573677E-017,-6.12323399573677E-017,1.));
#8144=DIRECTION('',(-1.,-1.22464679914735E-016,-6.12323399573677E-017));
#8145=FACE_OUTER_BOUND('',#8146,.T.);
#8146=EDGE_LOOP('',(#10646));
#8147=SPHERICAL_SURFACE('',#8148,0.23);
#8148=AXIS2_PLACEMENT_3D('',#8149,#8150,#8151);
#8149=CARTESIAN_POINT('',(33.02,1.57367113690435E-016,-2.57));
#8150=DIRECTION('',(-6.12323399573677E-017,-6.12323399573677E-017,1.));
#8151=DIRECTION('',(-1.,-1.22464679914735E-016,-6.12323399573677E-017));
#8152=FACE_OUTER_BOUND('',#8153,.T.);
#8153=EDGE_LOOP('',(#10647));
#8154=SPHERICAL_SURFACE('',#8155,0.23);
#8155=AXIS2_PLACEMENT_3D('',#8156,#8157,#8158);
#8156=CARTESIAN_POINT('',(35.56,-4.26789409502853E-016,6.97));
#8157=DIRECTION('',(-6.12323399573677E-017,-6.12323399573677E-017,1.));
#8158=DIRECTION('',(-1.,-1.22464679914736E-016,-6.12323399573677E-017));
#8159=FACE_OUTER_BOUND('',#8160,.T.);
#8160=EDGE_LOOP('',(#10648));
#8161=FACE_OUTER_BOUND('',#8162,.T.);
#8162=EDGE_LOOP('',(#10649));
#8163=CYLINDRICAL_SURFACE('',#8164,0.23);
#8164=AXIS2_PLACEMENT_3D('',#8165,#8166,#8167);
#8165=CARTESIAN_POINT('',(35.56,-2.20436423846524E-016,3.6));
#8166=DIRECTION('',(-6.12323399573677E-017,-6.12323399573677E-017,1.));
#8167=DIRECTION('',(-1.,-1.22464679914735E-016,-6.12323399573677E-017));
#8168=FACE_BOUND('',#8169,.T.);
#8169=EDGE_LOOP('',(#10650));
#8170=FACE_BOUND('',#8171,.T.);
#8171=EDGE_LOOP('',(#10651));
#8172=PLANE('',#8173);
#8173=AXIS2_PLACEMENT_3D('',#8174,#8175,#8176);
#8174=CARTESIAN_POINT('',(35.56,-2.20436423846524E-016,3.6));
#8175=DIRECTION('',(-6.12323399573677E-017,-6.12323399573677E-017,1.));
#8176=DIRECTION('',(-1.,-1.22464679914735E-016,-6.12323399573677E-017));
#8177=FACE_OUTER_BOUND('',#8178,.T.);
#8178=EDGE_LOOP('',(#10652));
#8179=FACE_OUTER_BOUND('',#8180,.T.);
#8180=EDGE_LOOP('',(#10653));
#8181=CYLINDRICAL_SURFACE('',#8182,0.9);
#8182=AXIS2_PLACEMENT_3D('',#8183,#8184,#8185);
#8183=CARTESIAN_POINT('',(35.56,-1.8982025386784E-016,3.1));
#8184=DIRECTION('',(-6.12323399573677E-017,-6.12323399573677E-017,1.));
#8185=DIRECTION('',(-1.,-1.22464679914735E-016,-6.12323399573677E-017));
#8186=FACE_BOUND('',#8187,.T.);
#8187=EDGE_LOOP('',(#10654));
#8188=FACE_BOUND('',#8189,.T.);
#8189=EDGE_LOOP('',(#10655));
#8190=PLANE('',#8191);
#8191=AXIS2_PLACEMENT_3D('',#8192,#8193,#8194);
#8192=CARTESIAN_POINT('',(35.56,-1.8982025386784E-016,3.1));
#8193=DIRECTION('',(6.12323399573677E-017,6.12323399573677E-017,-1.));
#8194=DIRECTION('',(-1.,-1.22464679914735E-016,-6.12323399573677E-017));
#8195=FACE_OUTER_BOUND('',#8196,.T.);
#8196=EDGE_LOOP('',(#10656));
#8197=FACE_OUTER_BOUND('',#8198,.T.);
#8198=EDGE_LOOP('',(#10657));
#8199=CYLINDRICAL_SURFACE('',#8200,0.66);
#8200=AXIS2_PLACEMENT_3D('',#8201,#8202,#8203);
#8201=CARTESIAN_POINT('',(35.56,-2.63299061816681E-017,0.43));
#8202=DIRECTION('',(-6.12323399573677E-017,-6.12323399573677E-017,1.));
#8203=DIRECTION('',(-1.,-1.22464679914735E-016,-6.12323399573677E-017));
#8204=FACE_OUTER_BOUND('',#8205,.T.);
#8205=EDGE_LOOP('',(#10658));
#8206=FACE_OUTER_BOUND('',#8207,.T.);
#8207=EDGE_LOOP('',(#10659));
#8208=CONICAL_SURFACE('',#8209,0.445,0.785398163397449);
#8209=AXIS2_PLACEMENT_3D('',#8210,#8211,#8212);
#8210=CARTESIAN_POINT('',(35.56,-1.3164953090834E-017,0.215));
#8211=DIRECTION('',(-6.12323399573677E-017,-6.12323399573677E-017,1.));
#8212=DIRECTION('',(-1.,-1.22464679914735E-016,-6.12323399573677E-017));
#8213=FACE_OUTER_BOUND('',#8214,.T.);
#8214=EDGE_LOOP('',(#10660));
#8215=FACE_OUTER_BOUND('',#8216,.T.);
#8216=EDGE_LOOP('',(#10661));
#8217=CYLINDRICAL_SURFACE('',#8218,0.23);
#8218=AXIS2_PLACEMENT_3D('',#8219,#8220,#8221);
#8219=CARTESIAN_POINT('',(35.56,1.57367113690435E-016,-2.57));
#8220=DIRECTION('',(-6.12323399573677E-017,-6.12323399573677E-017,1.));
#8221=DIRECTION('',(-1.,-1.22464679914735E-016,-6.12323399573677E-017));
#8222=FACE_OUTER_BOUND('',#8223,.T.);
#8223=EDGE_LOOP('',(#10662));
#8224=SPHERICAL_SURFACE('',#8225,0.23);
#8225=AXIS2_PLACEMENT_3D('',#8226,#8227,#8228);
#8226=CARTESIAN_POINT('',(35.56,1.57367113690435E-016,-2.57));
#8227=DIRECTION('',(-6.12323399573677E-017,-6.12323399573677E-017,1.));
#8228=DIRECTION('',(-1.,-1.22464679914735E-016,-6.12323399573677E-017));
#8229=FACE_OUTER_BOUND('',#8230,.T.);
#8230=EDGE_LOOP('',(#10663));
#8231=SPHERICAL_SURFACE('',#8232,0.23);
#8232=AXIS2_PLACEMENT_3D('',#8233,#8234,#8235);
#8233=CARTESIAN_POINT('',(38.1,-4.26789409502853E-016,6.97));
#8234=DIRECTION('',(-6.12323399573677E-017,-6.12323399573677E-017,1.));
#8235=DIRECTION('',(-1.,-1.22464679914736E-016,-6.12323399573677E-017));
#8236=FACE_OUTER_BOUND('',#8237,.T.);
#8237=EDGE_LOOP('',(#10664));
#8238=FACE_OUTER_BOUND('',#8239,.T.);
#8239=EDGE_LOOP('',(#10665));
#8240=CYLINDRICAL_SURFACE('',#8241,0.23);
#8241=AXIS2_PLACEMENT_3D('',#8242,#8243,#8244);
#8242=CARTESIAN_POINT('',(38.1,-2.20436423846524E-016,3.6));
#8243=DIRECTION('',(-6.12323399573677E-017,-6.12323399573677E-017,1.));
#8244=DIRECTION('',(-1.,-1.22464679914735E-016,-6.12323399573677E-017));
#8245=FACE_BOUND('',#8246,.T.);
#8246=EDGE_LOOP('',(#10666));
#8247=FACE_BOUND('',#8248,.T.);
#8248=EDGE_LOOP('',(#10667));
#8249=PLANE('',#8250);
#8250=AXIS2_PLACEMENT_3D('',#8251,#8252,#8253);
#8251=CARTESIAN_POINT('',(38.1,-2.20436423846524E-016,3.6));
#8252=DIRECTION('',(-6.12323399573677E-017,-6.12323399573677E-017,1.));
#8253=DIRECTION('',(-1.,-1.22464679914735E-016,-6.12323399573677E-017));
#8254=FACE_OUTER_BOUND('',#8255,.T.);
#8255=EDGE_LOOP('',(#10668));
#8256=FACE_OUTER_BOUND('',#8257,.T.);
#8257=EDGE_LOOP('',(#10669));
#8258=CYLINDRICAL_SURFACE('',#8259,0.9);
#8259=AXIS2_PLACEMENT_3D('',#8260,#8261,#8262);
#8260=CARTESIAN_POINT('',(38.1,-1.8982025386784E-016,3.1));
#8261=DIRECTION('',(-6.12323399573677E-017,-6.12323399573677E-017,1.));
#8262=DIRECTION('',(-1.,-1.22464679914735E-016,-6.12323399573677E-017));
#8263=FACE_BOUND('',#8264,.T.);
#8264=EDGE_LOOP('',(#10670));
#8265=FACE_BOUND('',#8266,.T.);
#8266=EDGE_LOOP('',(#10671));
#8267=PLANE('',#8268);
#8268=AXIS2_PLACEMENT_3D('',#8269,#8270,#8271);
#8269=CARTESIAN_POINT('',(38.1,-1.8982025386784E-016,3.1));
#8270=DIRECTION('',(6.12323399573677E-017,6.12323399573677E-017,-1.));
#8271=DIRECTION('',(-1.,-1.22464679914735E-016,-6.12323399573677E-017));
#8272=FACE_OUTER_BOUND('',#8273,.T.);
#8273=EDGE_LOOP('',(#10672));
#8274=FACE_OUTER_BOUND('',#8275,.T.);
#8275=EDGE_LOOP('',(#10673));
#8276=CYLINDRICAL_SURFACE('',#8277,0.66);
#8277=AXIS2_PLACEMENT_3D('',#8278,#8279,#8280);
#8278=CARTESIAN_POINT('',(38.1,-2.63299061816681E-017,0.43));
#8279=DIRECTION('',(-6.12323399573677E-017,-6.12323399573677E-017,1.));
#8280=DIRECTION('',(-1.,-1.22464679914735E-016,-6.12323399573677E-017));
#8281=FACE_OUTER_BOUND('',#8282,.T.);
#8282=EDGE_LOOP('',(#10674));
#8283=FACE_OUTER_BOUND('',#8284,.T.);
#8284=EDGE_LOOP('',(#10675));
#8285=CONICAL_SURFACE('',#8286,0.445,0.785398163397449);
#8286=AXIS2_PLACEMENT_3D('',#8287,#8288,#8289);
#8287=CARTESIAN_POINT('',(38.1,-1.3164953090834E-017,0.215));
#8288=DIRECTION('',(-6.12323399573677E-017,-6.12323399573677E-017,1.));
#8289=DIRECTION('',(-1.,-1.22464679914735E-016,-6.12323399573677E-017));
#8290=FACE_OUTER_BOUND('',#8291,.T.);
#8291=EDGE_LOOP('',(#10676));
#8292=FACE_OUTER_BOUND('',#8293,.T.);
#8293=EDGE_LOOP('',(#10677));
#8294=CYLINDRICAL_SURFACE('',#8295,0.23);
#8295=AXIS2_PLACEMENT_3D('',#8296,#8297,#8298);
#8296=CARTESIAN_POINT('',(38.1,1.57367113690435E-016,-2.57));
#8297=DIRECTION('',(-6.12323399573677E-017,-6.12323399573677E-017,1.));
#8298=DIRECTION('',(-1.,-1.22464679914735E-016,-6.12323399573677E-017));
#8299=FACE_OUTER_BOUND('',#8300,.T.);
#8300=EDGE_LOOP('',(#10678));
#8301=SPHERICAL_SURFACE('',#8302,0.23);
#8302=AXIS2_PLACEMENT_3D('',#8303,#8304,#8305);
#8303=CARTESIAN_POINT('',(38.1,1.57367113690435E-016,-2.57));
#8304=DIRECTION('',(-6.12323399573677E-017,-6.12323399573677E-017,1.));
#8305=DIRECTION('',(-1.,-1.22464679914735E-016,-6.12323399573677E-017));
#8306=FACE_OUTER_BOUND('',#8307,.T.);
#8307=EDGE_LOOP('',(#10679));
#8308=SPHERICAL_SURFACE('',#8309,0.23);
#8309=AXIS2_PLACEMENT_3D('',#8310,#8311,#8312);
#8310=CARTESIAN_POINT('',(40.64,-4.26789409502853E-016,6.97));
#8311=DIRECTION('',(-6.12323399573677E-017,-6.12323399573677E-017,1.));
#8312=DIRECTION('',(-1.,-1.22464679914736E-016,-6.12323399573677E-017));
#8313=FACE_OUTER_BOUND('',#8314,.T.);
#8314=EDGE_LOOP('',(#10680));
#8315=FACE_OUTER_BOUND('',#8316,.T.);
#8316=EDGE_LOOP('',(#10681));
#8317=CYLINDRICAL_SURFACE('',#8318,0.23);
#8318=AXIS2_PLACEMENT_3D('',#8319,#8320,#8321);
#8319=CARTESIAN_POINT('',(40.64,-2.20436423846524E-016,3.6));
#8320=DIRECTION('',(-6.12323399573677E-017,-6.12323399573677E-017,1.));
#8321=DIRECTION('',(-1.,-1.22464679914735E-016,-6.12323399573677E-017));
#8322=FACE_BOUND('',#8323,.T.);
#8323=EDGE_LOOP('',(#10682));
#8324=FACE_BOUND('',#8325,.T.);
#8325=EDGE_LOOP('',(#10683));
#8326=PLANE('',#8327);
#8327=AXIS2_PLACEMENT_3D('',#8328,#8329,#8330);
#8328=CARTESIAN_POINT('',(40.64,-2.20436423846524E-016,3.6));
#8329=DIRECTION('',(-6.12323399573677E-017,-6.12323399573677E-017,1.));
#8330=DIRECTION('',(-1.,-1.22464679914735E-016,-6.12323399573677E-017));
#8331=FACE_OUTER_BOUND('',#8332,.T.);
#8332=EDGE_LOOP('',(#10684));
#8333=FACE_OUTER_BOUND('',#8334,.T.);
#8334=EDGE_LOOP('',(#10685));
#8335=CYLINDRICAL_SURFACE('',#8336,0.9);
#8336=AXIS2_PLACEMENT_3D('',#8337,#8338,#8339);
#8337=CARTESIAN_POINT('',(40.64,-1.8982025386784E-016,3.1));
#8338=DIRECTION('',(-6.12323399573677E-017,-6.12323399573677E-017,1.));
#8339=DIRECTION('',(-1.,-1.22464679914735E-016,-6.12323399573677E-017));
#8340=FACE_BOUND('',#8341,.T.);
#8341=EDGE_LOOP('',(#10686));
#8342=FACE_BOUND('',#8343,.T.);
#8343=EDGE_LOOP('',(#10687));
#8344=PLANE('',#8345);
#8345=AXIS2_PLACEMENT_3D('',#8346,#8347,#8348);
#8346=CARTESIAN_POINT('',(40.64,-1.8982025386784E-016,3.1));
#8347=DIRECTION('',(6.12323399573677E-017,6.12323399573677E-017,-1.));
#8348=DIRECTION('',(-1.,-1.22464679914735E-016,-6.12323399573677E-017));
#8349=FACE_OUTER_BOUND('',#8350,.T.);
#8350=EDGE_LOOP('',(#10688));
#8351=FACE_OUTER_BOUND('',#8352,.T.);
#8352=EDGE_LOOP('',(#10689));
#8353=CYLINDRICAL_SURFACE('',#8354,0.66);
#8354=AXIS2_PLACEMENT_3D('',#8355,#8356,#8357);
#8355=CARTESIAN_POINT('',(40.64,-2.63299061816681E-017,0.43));
#8356=DIRECTION('',(-6.12323399573677E-017,-6.12323399573677E-017,1.));
#8357=DIRECTION('',(-1.,-1.22464679914735E-016,-6.12323399573677E-017));
#8358=FACE_OUTER_BOUND('',#8359,.T.);
#8359=EDGE_LOOP('',(#10690));
#8360=FACE_OUTER_BOUND('',#8361,.T.);
#8361=EDGE_LOOP('',(#10691));
#8362=CONICAL_SURFACE('',#8363,0.445,0.785398163397449);
#8363=AXIS2_PLACEMENT_3D('',#8364,#8365,#8366);
#8364=CARTESIAN_POINT('',(40.64,-1.3164953090834E-017,0.215));
#8365=DIRECTION('',(-6.12323399573677E-017,-6.12323399573677E-017,1.));
#8366=DIRECTION('',(-1.,-1.22464679914735E-016,-6.12323399573677E-017));
#8367=FACE_OUTER_BOUND('',#8368,.T.);
#8368=EDGE_LOOP('',(#10692));
#8369=FACE_OUTER_BOUND('',#8370,.T.);
#8370=EDGE_LOOP('',(#10693));
#8371=CYLINDRICAL_SURFACE('',#8372,0.23);
#8372=AXIS2_PLACEMENT_3D('',#8373,#8374,#8375);
#8373=CARTESIAN_POINT('',(40.64,1.57367113690435E-016,-2.57));
#8374=DIRECTION('',(-6.12323399573677E-017,-6.12323399573677E-017,1.));
#8375=DIRECTION('',(-1.,-1.22464679914735E-016,-6.12323399573677E-017));
#8376=FACE_OUTER_BOUND('',#8377,.T.);
#8377=EDGE_LOOP('',(#10694));
#8378=SPHERICAL_SURFACE('',#8379,0.23);
#8379=AXIS2_PLACEMENT_3D('',#8380,#8381,#8382);
#8380=CARTESIAN_POINT('',(40.64,1.57367113690435E-016,-2.57));
#8381=DIRECTION('',(-6.12323399573677E-017,-6.12323399573677E-017,1.));
#8382=DIRECTION('',(-1.,-1.22464679914735E-016,-6.12323399573677E-017));
#8383=FACE_OUTER_BOUND('',#8384,.T.);
#8384=EDGE_LOOP('',(#10695));
#8385=SPHERICAL_SURFACE('',#8386,0.23);
#8386=AXIS2_PLACEMENT_3D('',#8387,#8388,#8389);
#8387=CARTESIAN_POINT('',(43.18,-4.26789409502853E-016,6.97));
#8388=DIRECTION('',(-6.12323399573677E-017,-6.12323399573677E-017,1.));
#8389=DIRECTION('',(-1.,-1.22464679914736E-016,-6.12323399573677E-017));
#8390=FACE_OUTER_BOUND('',#8391,.T.);
#8391=EDGE_LOOP('',(#10696));
#8392=FACE_OUTER_BOUND('',#8393,.T.);
#8393=EDGE_LOOP('',(#10697));
#8394=CYLINDRICAL_SURFACE('',#8395,0.23);
#8395=AXIS2_PLACEMENT_3D('',#8396,#8397,#8398);
#8396=CARTESIAN_POINT('',(43.18,-2.20436423846524E-016,3.6));
#8397=DIRECTION('',(-6.12323399573677E-017,-6.12323399573677E-017,1.));
#8398=DIRECTION('',(-1.,-1.22464679914735E-016,-6.12323399573677E-017));
#8399=FACE_BOUND('',#8400,.T.);
#8400=EDGE_LOOP('',(#10698));
#8401=FACE_BOUND('',#8402,.T.);
#8402=EDGE_LOOP('',(#10699));
#8403=PLANE('',#8404);
#8404=AXIS2_PLACEMENT_3D('',#8405,#8406,#8407);
#8405=CARTESIAN_POINT('',(43.18,-2.20436423846524E-016,3.6));
#8406=DIRECTION('',(-6.12323399573677E-017,-6.12323399573677E-017,1.));
#8407=DIRECTION('',(-1.,-1.22464679914735E-016,-6.12323399573677E-017));
#8408=FACE_OUTER_BOUND('',#8409,.T.);
#8409=EDGE_LOOP('',(#10700));
#8410=FACE_OUTER_BOUND('',#8411,.T.);
#8411=EDGE_LOOP('',(#10701));
#8412=CYLINDRICAL_SURFACE('',#8413,0.9);
#8413=AXIS2_PLACEMENT_3D('',#8414,#8415,#8416);
#8414=CARTESIAN_POINT('',(43.18,-1.8982025386784E-016,3.1));
#8415=DIRECTION('',(-6.12323399573677E-017,-6.12323399573677E-017,1.));
#8416=DIRECTION('',(-1.,-1.22464679914735E-016,-6.12323399573677E-017));
#8417=FACE_BOUND('',#8418,.T.);
#8418=EDGE_LOOP('',(#10702));
#8419=FACE_BOUND('',#8420,.T.);
#8420=EDGE_LOOP('',(#10703));
#8421=PLANE('',#8422);
#8422=AXIS2_PLACEMENT_3D('',#8423,#8424,#8425);
#8423=CARTESIAN_POINT('',(43.18,-1.8982025386784E-016,3.1));
#8424=DIRECTION('',(6.12323399573677E-017,6.12323399573677E-017,-1.));
#8425=DIRECTION('',(-1.,-1.22464679914735E-016,-6.12323399573677E-017));
#8426=FACE_OUTER_BOUND('',#8427,.T.);
#8427=EDGE_LOOP('',(#10704));
#8428=FACE_OUTER_BOUND('',#8429,.T.);
#8429=EDGE_LOOP('',(#10705));
#8430=CYLINDRICAL_SURFACE('',#8431,0.66);
#8431=AXIS2_PLACEMENT_3D('',#8432,#8433,#8434);
#8432=CARTESIAN_POINT('',(43.18,-2.63299061816681E-017,0.43));
#8433=DIRECTION('',(-6.12323399573677E-017,-6.12323399573677E-017,1.));
#8434=DIRECTION('',(-1.,-1.22464679914735E-016,-6.12323399573677E-017));
#8435=FACE_OUTER_BOUND('',#8436,.T.);
#8436=EDGE_LOOP('',(#10706));
#8437=FACE_OUTER_BOUND('',#8438,.T.);
#8438=EDGE_LOOP('',(#10707));
#8439=CONICAL_SURFACE('',#8440,0.445,0.785398163397449);
#8440=AXIS2_PLACEMENT_3D('',#8441,#8442,#8443);
#8441=CARTESIAN_POINT('',(43.18,-1.3164953090834E-017,0.215));
#8442=DIRECTION('',(-6.12323399573677E-017,-6.12323399573677E-017,1.));
#8443=DIRECTION('',(-1.,-1.22464679914735E-016,-6.12323399573677E-017));
#8444=FACE_OUTER_BOUND('',#8445,.T.);
#8445=EDGE_LOOP('',(#10708));
#8446=FACE_OUTER_BOUND('',#8447,.T.);
#8447=EDGE_LOOP('',(#10709));
#8448=CYLINDRICAL_SURFACE('',#8449,0.23);
#8449=AXIS2_PLACEMENT_3D('',#8450,#8451,#8452);
#8450=CARTESIAN_POINT('',(43.18,1.57367113690435E-016,-2.57));
#8451=DIRECTION('',(-6.12323399573677E-017,-6.12323399573677E-017,1.));
#8452=DIRECTION('',(-1.,-1.22464679914735E-016,-6.12323399573677E-017));
#8453=FACE_OUTER_BOUND('',#8454,.T.);
#8454=EDGE_LOOP('',(#10710));
#8455=SPHERICAL_SURFACE('',#8456,0.23);
#8456=AXIS2_PLACEMENT_3D('',#8457,#8458,#8459);
#8457=CARTESIAN_POINT('',(43.18,1.57367113690435E-016,-2.57));
#8458=DIRECTION('',(-6.12323399573677E-017,-6.12323399573677E-017,1.));
#8459=DIRECTION('',(-1.,-1.22464679914735E-016,-6.12323399573677E-017));
#8460=FACE_OUTER_BOUND('',#8461,.T.);
#8461=EDGE_LOOP('',(#10711));
#8462=SPHERICAL_SURFACE('',#8463,0.23);
#8463=AXIS2_PLACEMENT_3D('',#8464,#8465,#8466);
#8464=CARTESIAN_POINT('',(45.72,-4.26789409502853E-016,6.97));
#8465=DIRECTION('',(-6.12323399573677E-017,-6.12323399573677E-017,1.));
#8466=DIRECTION('',(-1.,-1.22464679914736E-016,-6.12323399573677E-017));
#8467=FACE_OUTER_BOUND('',#8468,.T.);
#8468=EDGE_LOOP('',(#10712));
#8469=FACE_OUTER_BOUND('',#8470,.T.);
#8470=EDGE_LOOP('',(#10713));
#8471=CYLINDRICAL_SURFACE('',#8472,0.23);
#8472=AXIS2_PLACEMENT_3D('',#8473,#8474,#8475);
#8473=CARTESIAN_POINT('',(45.72,-2.20436423846524E-016,3.6));
#8474=DIRECTION('',(-6.12323399573677E-017,-6.12323399573677E-017,1.));
#8475=DIRECTION('',(-1.,-1.22464679914735E-016,-6.12323399573677E-017));
#8476=FACE_BOUND('',#8477,.T.);
#8477=EDGE_LOOP('',(#10714));
#8478=FACE_BOUND('',#8479,.T.);
#8479=EDGE_LOOP('',(#10715));
#8480=PLANE('',#8481);
#8481=AXIS2_PLACEMENT_3D('',#8482,#8483,#8484);
#8482=CARTESIAN_POINT('',(45.72,-2.20436423846524E-016,3.6));
#8483=DIRECTION('',(-6.12323399573677E-017,-6.12323399573677E-017,1.));
#8484=DIRECTION('',(-1.,-1.22464679914735E-016,-6.12323399573677E-017));
#8485=FACE_OUTER_BOUND('',#8486,.T.);
#8486=EDGE_LOOP('',(#10716));
#8487=FACE_OUTER_BOUND('',#8488,.T.);
#8488=EDGE_LOOP('',(#10717));
#8489=CYLINDRICAL_SURFACE('',#8490,0.9);
#8490=AXIS2_PLACEMENT_3D('',#8491,#8492,#8493);
#8491=CARTESIAN_POINT('',(45.72,-1.8982025386784E-016,3.1));
#8492=DIRECTION('',(-6.12323399573677E-017,-6.12323399573677E-017,1.));
#8493=DIRECTION('',(-1.,-1.22464679914735E-016,-6.12323399573677E-017));
#8494=FACE_BOUND('',#8495,.T.);
#8495=EDGE_LOOP('',(#10718));
#8496=FACE_BOUND('',#8497,.T.);
#8497=EDGE_LOOP('',(#10719));
#8498=PLANE('',#8499);
#8499=AXIS2_PLACEMENT_3D('',#8500,#8501,#8502);
#8500=CARTESIAN_POINT('',(45.72,-1.8982025386784E-016,3.1));
#8501=DIRECTION('',(6.12323399573677E-017,6.12323399573677E-017,-1.));
#8502=DIRECTION('',(-1.,-1.22464679914735E-016,-6.12323399573677E-017));
#8503=FACE_OUTER_BOUND('',#8504,.T.);
#8504=EDGE_LOOP('',(#10720));
#8505=FACE_OUTER_BOUND('',#8506,.T.);
#8506=EDGE_LOOP('',(#10721));
#8507=CYLINDRICAL_SURFACE('',#8508,0.66);
#8508=AXIS2_PLACEMENT_3D('',#8509,#8510,#8511);
#8509=CARTESIAN_POINT('',(45.72,-2.63299061816681E-017,0.43));
#8510=DIRECTION('',(-6.12323399573677E-017,-6.12323399573677E-017,1.));
#8511=DIRECTION('',(-1.,-1.22464679914735E-016,-6.12323399573677E-017));
#8512=FACE_OUTER_BOUND('',#8513,.T.);
#8513=EDGE_LOOP('',(#10722));
#8514=FACE_OUTER_BOUND('',#8515,.T.);
#8515=EDGE_LOOP('',(#10723));
#8516=CONICAL_SURFACE('',#8517,0.445,0.785398163397449);
#8517=AXIS2_PLACEMENT_3D('',#8518,#8519,#8520);
#8518=CARTESIAN_POINT('',(45.72,-1.3164953090834E-017,0.215));
#8519=DIRECTION('',(-6.12323399573677E-017,-6.12323399573677E-017,1.));
#8520=DIRECTION('',(-1.,-1.22464679914735E-016,-6.12323399573677E-017));
#8521=FACE_OUTER_BOUND('',#8522,.T.);
#8522=EDGE_LOOP('',(#10724));
#8523=FACE_OUTER_BOUND('',#8524,.T.);
#8524=EDGE_LOOP('',(#10725));
#8525=CYLINDRICAL_SURFACE('',#8526,0.23);
#8526=AXIS2_PLACEMENT_3D('',#8527,#8528,#8529);
#8527=CARTESIAN_POINT('',(45.72,1.57367113690435E-016,-2.57));
#8528=DIRECTION('',(-6.12323399573677E-017,-6.12323399573677E-017,1.));
#8529=DIRECTION('',(-1.,-1.22464679914735E-016,-6.12323399573677E-017));
#8530=FACE_OUTER_BOUND('',#8531,.T.);
#8531=EDGE_LOOP('',(#10726));
#8532=SPHERICAL_SURFACE('',#8533,0.23);
#8533=AXIS2_PLACEMENT_3D('',#8534,#8535,#8536);
#8534=CARTESIAN_POINT('',(45.72,1.57367113690435E-016,-2.57));
#8535=DIRECTION('',(-6.12323399573677E-017,-6.12323399573677E-017,1.));
#8536=DIRECTION('',(-1.,-1.22464679914735E-016,-6.12323399573677E-017));
#8537=FACE_OUTER_BOUND('',#8538,.T.);
#8538=EDGE_LOOP('',(#10727));
#8539=SPHERICAL_SURFACE('',#8540,0.23);
#8540=AXIS2_PLACEMENT_3D('',#8541,#8542,#8543);
#8541=CARTESIAN_POINT('',(48.26,-4.26789409502853E-016,6.97));
#8542=DIRECTION('',(-6.12323399573677E-017,-6.12323399573677E-017,1.));
#8543=DIRECTION('',(-1.,-1.22464679914736E-016,-6.12323399573677E-017));
#8544=FACE_OUTER_BOUND('',#8545,.T.);
#8545=EDGE_LOOP('',(#10728));
#8546=FACE_OUTER_BOUND('',#8547,.T.);
#8547=EDGE_LOOP('',(#10729));
#8548=CYLINDRICAL_SURFACE('',#8549,0.23);
#8549=AXIS2_PLACEMENT_3D('',#8550,#8551,#8552);
#8550=CARTESIAN_POINT('',(48.26,-2.20436423846524E-016,3.6));
#8551=DIRECTION('',(-6.12323399573677E-017,-6.12323399573677E-017,1.));
#8552=DIRECTION('',(-1.,-1.22464679914735E-016,-6.12323399573677E-017));
#8553=FACE_BOUND('',#8554,.T.);
#8554=EDGE_LOOP('',(#10730));
#8555=FACE_BOUND('',#8556,.T.);
#8556=EDGE_LOOP('',(#10731));
#8557=PLANE('',#8558);
#8558=AXIS2_PLACEMENT_3D('',#8559,#8560,#8561);
#8559=CARTESIAN_POINT('',(48.26,-2.20436423846524E-016,3.6));
#8560=DIRECTION('',(-6.12323399573677E-017,-6.12323399573677E-017,1.));
#8561=DIRECTION('',(-1.,-1.22464679914735E-016,-6.12323399573677E-017));
#8562=FACE_OUTER_BOUND('',#8563,.T.);
#8563=EDGE_LOOP('',(#10732));
#8564=FACE_OUTER_BOUND('',#8565,.T.);
#8565=EDGE_LOOP('',(#10733));
#8566=CYLINDRICAL_SURFACE('',#8567,0.9);
#8567=AXIS2_PLACEMENT_3D('',#8568,#8569,#8570);
#8568=CARTESIAN_POINT('',(48.26,-1.8982025386784E-016,3.1));
#8569=DIRECTION('',(-6.12323399573677E-017,-6.12323399573677E-017,1.));
#8570=DIRECTION('',(-1.,-1.22464679914735E-016,-6.12323399573677E-017));
#8571=FACE_BOUND('',#8572,.T.);
#8572=EDGE_LOOP('',(#10734));
#8573=FACE_BOUND('',#8574,.T.);
#8574=EDGE_LOOP('',(#10735));
#8575=PLANE('',#8576);
#8576=AXIS2_PLACEMENT_3D('',#8577,#8578,#8579);
#8577=CARTESIAN_POINT('',(48.26,-1.8982025386784E-016,3.1));
#8578=DIRECTION('',(6.12323399573677E-017,6.12323399573677E-017,-1.));
#8579=DIRECTION('',(-1.,-1.22464679914735E-016,-6.12323399573677E-017));
#8580=FACE_OUTER_BOUND('',#8581,.T.);
#8581=EDGE_LOOP('',(#10736));
#8582=FACE_OUTER_BOUND('',#8583,.T.);
#8583=EDGE_LOOP('',(#10737));
#8584=CYLINDRICAL_SURFACE('',#8585,0.66);
#8585=AXIS2_PLACEMENT_3D('',#8586,#8587,#8588);
#8586=CARTESIAN_POINT('',(48.26,-2.63299061816681E-017,0.43));
#8587=DIRECTION('',(-6.12323399573677E-017,-6.12323399573677E-017,1.));
#8588=DIRECTION('',(-1.,-1.22464679914735E-016,-6.12323399573677E-017));
#8589=FACE_OUTER_BOUND('',#8590,.T.);
#8590=EDGE_LOOP('',(#10738));
#8591=FACE_OUTER_BOUND('',#8592,.T.);
#8592=EDGE_LOOP('',(#10739));
#8593=CONICAL_SURFACE('',#8594,0.445,0.785398163397449);
#8594=AXIS2_PLACEMENT_3D('',#8595,#8596,#8597);
#8595=CARTESIAN_POINT('',(48.26,-1.3164953090834E-017,0.215));
#8596=DIRECTION('',(-6.12323399573677E-017,-6.12323399573677E-017,1.));
#8597=DIRECTION('',(-1.,-1.22464679914735E-016,-6.12323399573677E-017));
#8598=FACE_OUTER_BOUND('',#8599,.T.);
#8599=EDGE_LOOP('',(#10740));
#8600=FACE_OUTER_BOUND('',#8601,.T.);
#8601=EDGE_LOOP('',(#10741));
#8602=CYLINDRICAL_SURFACE('',#8603,0.23);
#8603=AXIS2_PLACEMENT_3D('',#8604,#8605,#8606);
#8604=CARTESIAN_POINT('',(48.26,1.57367113690435E-016,-2.57));
#8605=DIRECTION('',(-6.12323399573677E-017,-6.12323399573677E-017,1.));
#8606=DIRECTION('',(-1.,-1.22464679914735E-016,-6.12323399573677E-017));
#8607=FACE_OUTER_BOUND('',#8608,.T.);
#8608=EDGE_LOOP('',(#10742));
#8609=SPHERICAL_SURFACE('',#8610,0.23);
#8610=AXIS2_PLACEMENT_3D('',#8611,#8612,#8613);
#8611=CARTESIAN_POINT('',(48.26,1.57367113690435E-016,-2.57));
#8612=DIRECTION('',(-6.12323399573677E-017,-6.12323399573677E-017,1.));
#8613=DIRECTION('',(-1.,-1.22464679914735E-016,-6.12323399573677E-017));
#8614=FACE_OUTER_BOUND('',#8615,.T.);
#8615=EDGE_LOOP('',(#10743));
#8616=SPHERICAL_SURFACE('',#8617,0.23);
#8617=AXIS2_PLACEMENT_3D('',#8618,#8619,#8620);
#8618=CARTESIAN_POINT('',(50.8,-4.26789409502853E-016,6.97));
#8619=DIRECTION('',(-6.12323399573677E-017,-6.12323399573677E-017,1.));
#8620=DIRECTION('',(-1.,-1.22464679914736E-016,-6.12323399573677E-017));
#8621=FACE_OUTER_BOUND('',#8622,.T.);
#8622=EDGE_LOOP('',(#10744));
#8623=FACE_OUTER_BOUND('',#8624,.T.);
#8624=EDGE_LOOP('',(#10745));
#8625=CYLINDRICAL_SURFACE('',#8626,0.23);
#8626=AXIS2_PLACEMENT_3D('',#8627,#8628,#8629);
#8627=CARTESIAN_POINT('',(50.8,-2.20436423846524E-016,3.6));
#8628=DIRECTION('',(-6.12323399573677E-017,-6.12323399573677E-017,1.));
#8629=DIRECTION('',(-1.,-1.22464679914735E-016,-6.12323399573677E-017));
#8630=FACE_BOUND('',#8631,.T.);
#8631=EDGE_LOOP('',(#10746));
#8632=FACE_BOUND('',#8633,.T.);
#8633=EDGE_LOOP('',(#10747));
#8634=PLANE('',#8635);
#8635=AXIS2_PLACEMENT_3D('',#8636,#8637,#8638);
#8636=CARTESIAN_POINT('',(50.8,-2.20436423846524E-016,3.6));
#8637=DIRECTION('',(-6.12323399573677E-017,-6.12323399573677E-017,1.));
#8638=DIRECTION('',(-1.,-1.22464679914735E-016,-6.12323399573677E-017));
#8639=FACE_OUTER_BOUND('',#8640,.T.);
#8640=EDGE_LOOP('',(#10748));
#8641=FACE_OUTER_BOUND('',#8642,.T.);
#8642=EDGE_LOOP('',(#10749));
#8643=CYLINDRICAL_SURFACE('',#8644,0.9);
#8644=AXIS2_PLACEMENT_3D('',#8645,#8646,#8647);
#8645=CARTESIAN_POINT('',(50.8,-1.8982025386784E-016,3.1));
#8646=DIRECTION('',(-6.12323399573677E-017,-6.12323399573677E-017,1.));
#8647=DIRECTION('',(-1.,-1.22464679914735E-016,-6.12323399573677E-017));
#8648=FACE_BOUND('',#8649,.T.);
#8649=EDGE_LOOP('',(#10750));
#8650=FACE_BOUND('',#8651,.T.);
#8651=EDGE_LOOP('',(#10751));
#8652=PLANE('',#8653);
#8653=AXIS2_PLACEMENT_3D('',#8654,#8655,#8656);
#8654=CARTESIAN_POINT('',(50.8,-1.8982025386784E-016,3.1));
#8655=DIRECTION('',(6.12323399573677E-017,6.12323399573677E-017,-1.));
#8656=DIRECTION('',(-1.,-1.22464679914735E-016,-6.12323399573677E-017));
#8657=FACE_OUTER_BOUND('',#8658,.T.);
#8658=EDGE_LOOP('',(#10752));
#8659=FACE_OUTER_BOUND('',#8660,.T.);
#8660=EDGE_LOOP('',(#10753));
#8661=CYLINDRICAL_SURFACE('',#8662,0.66);
#8662=AXIS2_PLACEMENT_3D('',#8663,#8664,#8665);
#8663=CARTESIAN_POINT('',(50.8,-2.63299061816681E-017,0.43));
#8664=DIRECTION('',(-6.12323399573677E-017,-6.12323399573677E-017,1.));
#8665=DIRECTION('',(-1.,-1.22464679914735E-016,-6.12323399573677E-017));
#8666=FACE_OUTER_BOUND('',#8667,.T.);
#8667=EDGE_LOOP('',(#10754));
#8668=FACE_OUTER_BOUND('',#8669,.T.);
#8669=EDGE_LOOP('',(#10755));
#8670=CONICAL_SURFACE('',#8671,0.445,0.785398163397449);
#8671=AXIS2_PLACEMENT_3D('',#8672,#8673,#8674);
#8672=CARTESIAN_POINT('',(50.8,-1.3164953090834E-017,0.215));
#8673=DIRECTION('',(-6.12323399573677E-017,-6.12323399573677E-017,1.));
#8674=DIRECTION('',(-1.,-1.22464679914735E-016,-6.12323399573677E-017));
#8675=FACE_OUTER_BOUND('',#8676,.T.);
#8676=EDGE_LOOP('',(#10756));
#8677=FACE_OUTER_BOUND('',#8678,.T.);
#8678=EDGE_LOOP('',(#10757));
#8679=CYLINDRICAL_SURFACE('',#8680,0.23);
#8680=AXIS2_PLACEMENT_3D('',#8681,#8682,#8683);
#8681=CARTESIAN_POINT('',(50.8,1.57367113690435E-016,-2.57));
#8682=DIRECTION('',(-6.12323399573677E-017,-6.12323399573677E-017,1.));
#8683=DIRECTION('',(-1.,-1.22464679914735E-016,-6.12323399573677E-017));
#8684=FACE_OUTER_BOUND('',#8685,.T.);
#8685=EDGE_LOOP('',(#10758));
#8686=SPHERICAL_SURFACE('',#8687,0.23);
#8687=AXIS2_PLACEMENT_3D('',#8688,#8689,#8690);
#8688=CARTESIAN_POINT('',(50.8,1.57367113690435E-016,-2.57));
#8689=DIRECTION('',(-6.12323399573677E-017,-6.12323399573677E-017,1.));
#8690=DIRECTION('',(-1.,-1.22464679914735E-016,-6.12323399573677E-017));
#8691=FACE_OUTER_BOUND('',#8692,.T.);
#8692=EDGE_LOOP('',(#10759));
#8693=SPHERICAL_SURFACE('',#8694,0.23);
#8694=AXIS2_PLACEMENT_3D('',#8695,#8696,#8697);
#8695=CARTESIAN_POINT('',(53.34,-4.26789409502853E-016,6.97));
#8696=DIRECTION('',(-6.12323399573677E-017,-6.12323399573677E-017,1.));
#8697=DIRECTION('',(-1.,-1.22464679914736E-016,-6.12323399573677E-017));
#8698=FACE_OUTER_BOUND('',#8699,.T.);
#8699=EDGE_LOOP('',(#10760));
#8700=FACE_OUTER_BOUND('',#8701,.T.);
#8701=EDGE_LOOP('',(#10761));
#8702=CYLINDRICAL_SURFACE('',#8703,0.23);
#8703=AXIS2_PLACEMENT_3D('',#8704,#8705,#8706);
#8704=CARTESIAN_POINT('',(53.34,-2.20436423846524E-016,3.6));
#8705=DIRECTION('',(-6.12323399573677E-017,-6.12323399573677E-017,1.));
#8706=DIRECTION('',(-1.,-1.22464679914735E-016,-6.12323399573677E-017));
#8707=FACE_BOUND('',#8708,.T.);
#8708=EDGE_LOOP('',(#10762));
#8709=FACE_BOUND('',#8710,.T.);
#8710=EDGE_LOOP('',(#10763));
#8711=PLANE('',#8712);
#8712=AXIS2_PLACEMENT_3D('',#8713,#8714,#8715);
#8713=CARTESIAN_POINT('',(53.34,-2.20436423846524E-016,3.6));
#8714=DIRECTION('',(-6.12323399573677E-017,-6.12323399573677E-017,1.));
#8715=DIRECTION('',(-1.,-1.22464679914735E-016,-6.12323399573677E-017));
#8716=FACE_OUTER_BOUND('',#8717,.T.);
#8717=EDGE_LOOP('',(#10764));
#8718=FACE_OUTER_BOUND('',#8719,.T.);
#8719=EDGE_LOOP('',(#10765));
#8720=CYLINDRICAL_SURFACE('',#8721,0.9);
#8721=AXIS2_PLACEMENT_3D('',#8722,#8723,#8724);
#8722=CARTESIAN_POINT('',(53.34,-1.8982025386784E-016,3.1));
#8723=DIRECTION('',(-6.12323399573677E-017,-6.12323399573677E-017,1.));
#8724=DIRECTION('',(-1.,-1.22464679914735E-016,-6.12323399573677E-017));
#8725=FACE_BOUND('',#8726,.T.);
#8726=EDGE_LOOP('',(#10766));
#8727=FACE_BOUND('',#8728,.T.);
#8728=EDGE_LOOP('',(#10767));
#8729=PLANE('',#8730);
#8730=AXIS2_PLACEMENT_3D('',#8731,#8732,#8733);
#8731=CARTESIAN_POINT('',(53.34,-1.8982025386784E-016,3.1));
#8732=DIRECTION('',(6.12323399573677E-017,6.12323399573677E-017,-1.));
#8733=DIRECTION('',(-1.,-1.22464679914735E-016,-6.12323399573677E-017));
#8734=FACE_OUTER_BOUND('',#8735,.T.);
#8735=EDGE_LOOP('',(#10768));
#8736=FACE_OUTER_BOUND('',#8737,.T.);
#8737=EDGE_LOOP('',(#10769));
#8738=CYLINDRICAL_SURFACE('',#8739,0.66);
#8739=AXIS2_PLACEMENT_3D('',#8740,#8741,#8742);
#8740=CARTESIAN_POINT('',(53.34,-2.63299061816681E-017,0.43));
#8741=DIRECTION('',(-6.12323399573677E-017,-6.12323399573677E-017,1.));
#8742=DIRECTION('',(-1.,-1.22464679914735E-016,-6.12323399573677E-017));
#8743=FACE_OUTER_BOUND('',#8744,.T.);
#8744=EDGE_LOOP('',(#10770));
#8745=FACE_OUTER_BOUND('',#8746,.T.);
#8746=EDGE_LOOP('',(#10771));
#8747=CONICAL_SURFACE('',#8748,0.445,0.785398163397449);
#8748=AXIS2_PLACEMENT_3D('',#8749,#8750,#8751);
#8749=CARTESIAN_POINT('',(53.34,-1.3164953090834E-017,0.215));
#8750=DIRECTION('',(-6.12323399573677E-017,-6.12323399573677E-017,1.));
#8751=DIRECTION('',(-1.,-1.22464679914735E-016,-6.12323399573677E-017));
#8752=FACE_OUTER_BOUND('',#8753,.T.);
#8753=EDGE_LOOP('',(#10772));
#8754=FACE_OUTER_BOUND('',#8755,.T.);
#8755=EDGE_LOOP('',(#10773));
#8756=CYLINDRICAL_SURFACE('',#8757,0.23);
#8757=AXIS2_PLACEMENT_3D('',#8758,#8759,#8760);
#8758=CARTESIAN_POINT('',(53.34,1.57367113690435E-016,-2.57));
#8759=DIRECTION('',(-6.12323399573677E-017,-6.12323399573677E-017,1.));
#8760=DIRECTION('',(-1.,-1.22464679914735E-016,-6.12323399573677E-017));
#8761=FACE_OUTER_BOUND('',#8762,.T.);
#8762=EDGE_LOOP('',(#10774));
#8763=SPHERICAL_SURFACE('',#8764,0.23);
#8764=AXIS2_PLACEMENT_3D('',#8765,#8766,#8767);
#8765=CARTESIAN_POINT('',(53.34,1.57367113690435E-016,-2.57));
#8766=DIRECTION('',(-6.12323399573677E-017,-6.12323399573677E-017,1.));
#8767=DIRECTION('',(-1.,-1.22464679914735E-016,-6.12323399573677E-017));
#8768=FACE_OUTER_BOUND('',#8769,.T.);
#8769=EDGE_LOOP('',(#10775));
#8770=SPHERICAL_SURFACE('',#8771,0.23);
#8771=AXIS2_PLACEMENT_3D('',#8772,#8773,#8774);
#8772=CARTESIAN_POINT('',(55.88,-4.26789409502853E-016,6.97));
#8773=DIRECTION('',(-6.12323399573677E-017,-6.12323399573677E-017,1.));
#8774=DIRECTION('',(-1.,-1.22464679914736E-016,-6.12323399573677E-017));
#8775=FACE_OUTER_BOUND('',#8776,.T.);
#8776=EDGE_LOOP('',(#10776));
#8777=FACE_OUTER_BOUND('',#8778,.T.);
#8778=EDGE_LOOP('',(#10777));
#8779=CYLINDRICAL_SURFACE('',#8780,0.23);
#8780=AXIS2_PLACEMENT_3D('',#8781,#8782,#8783);
#8781=CARTESIAN_POINT('',(55.88,-2.20436423846524E-016,3.6));
#8782=DIRECTION('',(-6.12323399573677E-017,-6.12323399573677E-017,1.));
#8783=DIRECTION('',(-1.,-1.22464679914735E-016,-6.12323399573677E-017));
#8784=FACE_BOUND('',#8785,.T.);
#8785=EDGE_LOOP('',(#10778));
#8786=FACE_BOUND('',#8787,.T.);
#8787=EDGE_LOOP('',(#10779));
#8788=PLANE('',#8789);
#8789=AXIS2_PLACEMENT_3D('',#8790,#8791,#8792);
#8790=CARTESIAN_POINT('',(55.88,-2.20436423846524E-016,3.6));
#8791=DIRECTION('',(-6.12323399573677E-017,-6.12323399573677E-017,1.));
#8792=DIRECTION('',(-1.,-1.22464679914735E-016,-6.12323399573677E-017));
#8793=FACE_OUTER_BOUND('',#8794,.T.);
#8794=EDGE_LOOP('',(#10780));
#8795=FACE_OUTER_BOUND('',#8796,.T.);
#8796=EDGE_LOOP('',(#10781));
#8797=CYLINDRICAL_SURFACE('',#8798,0.9);
#8798=AXIS2_PLACEMENT_3D('',#8799,#8800,#8801);
#8799=CARTESIAN_POINT('',(55.88,-1.8982025386784E-016,3.1));
#8800=DIRECTION('',(-6.12323399573677E-017,-6.12323399573677E-017,1.));
#8801=DIRECTION('',(-1.,-1.22464679914735E-016,-6.12323399573677E-017));
#8802=FACE_BOUND('',#8803,.T.);
#8803=EDGE_LOOP('',(#10782));
#8804=FACE_BOUND('',#8805,.T.);
#8805=EDGE_LOOP('',(#10783));
#8806=PLANE('',#8807);
#8807=AXIS2_PLACEMENT_3D('',#8808,#8809,#8810);
#8808=CARTESIAN_POINT('',(55.88,-1.8982025386784E-016,3.1));
#8809=DIRECTION('',(6.12323399573677E-017,6.12323399573677E-017,-1.));
#8810=DIRECTION('',(-1.,-1.22464679914735E-016,-6.12323399573677E-017));
#8811=FACE_OUTER_BOUND('',#8812,.T.);
#8812=EDGE_LOOP('',(#10784));
#8813=FACE_OUTER_BOUND('',#8814,.T.);
#8814=EDGE_LOOP('',(#10785));
#8815=CYLINDRICAL_SURFACE('',#8816,0.66);
#8816=AXIS2_PLACEMENT_3D('',#8817,#8818,#8819);
#8817=CARTESIAN_POINT('',(55.88,-2.63299061816681E-017,0.43));
#8818=DIRECTION('',(-6.12323399573677E-017,-6.12323399573677E-017,1.));
#8819=DIRECTION('',(-1.,-1.22464679914735E-016,-6.12323399573677E-017));
#8820=FACE_OUTER_BOUND('',#8821,.T.);
#8821=EDGE_LOOP('',(#10786));
#8822=FACE_OUTER_BOUND('',#8823,.T.);
#8823=EDGE_LOOP('',(#10787));
#8824=CONICAL_SURFACE('',#8825,0.445,0.785398163397449);
#8825=AXIS2_PLACEMENT_3D('',#8826,#8827,#8828);
#8826=CARTESIAN_POINT('',(55.88,-1.3164953090834E-017,0.215));
#8827=DIRECTION('',(-6.12323399573677E-017,-6.12323399573677E-017,1.));
#8828=DIRECTION('',(-1.,-1.22464679914735E-016,-6.12323399573677E-017));
#8829=FACE_OUTER_BOUND('',#8830,.T.);
#8830=EDGE_LOOP('',(#10788));
#8831=FACE_OUTER_BOUND('',#8832,.T.);
#8832=EDGE_LOOP('',(#10789));
#8833=CYLINDRICAL_SURFACE('',#8834,0.23);
#8834=AXIS2_PLACEMENT_3D('',#8835,#8836,#8837);
#8835=CARTESIAN_POINT('',(55.88,1.57367113690435E-016,-2.57));
#8836=DIRECTION('',(-6.12323399573677E-017,-6.12323399573677E-017,1.));
#8837=DIRECTION('',(-1.,-1.22464679914735E-016,-6.12323399573677E-017));
#8838=FACE_OUTER_BOUND('',#8839,.T.);
#8839=EDGE_LOOP('',(#10790));
#8840=SPHERICAL_SURFACE('',#8841,0.23);
#8841=AXIS2_PLACEMENT_3D('',#8842,#8843,#8844);
#8842=CARTESIAN_POINT('',(55.88,1.57367113690435E-016,-2.57));
#8843=DIRECTION('',(-6.12323399573677E-017,-6.12323399573677E-017,1.));
#8844=DIRECTION('',(-1.,-1.22464679914735E-016,-6.12323399573677E-017));
#8845=FACE_OUTER_BOUND('',#8846,.T.);
#8846=EDGE_LOOP('',(#10791));
#8847=SPHERICAL_SURFACE('',#8848,0.23);
#8848=AXIS2_PLACEMENT_3D('',#8849,#8850,#8851);
#8849=CARTESIAN_POINT('',(58.42,-4.26789409502853E-016,6.97));
#8850=DIRECTION('',(-6.12323399573677E-017,-6.12323399573677E-017,1.));
#8851=DIRECTION('',(-1.,-1.22464679914736E-016,-6.12323399573677E-017));
#8852=FACE_OUTER_BOUND('',#8853,.T.);
#8853=EDGE_LOOP('',(#10792));
#8854=FACE_OUTER_BOUND('',#8855,.T.);
#8855=EDGE_LOOP('',(#10793));
#8856=CYLINDRICAL_SURFACE('',#8857,0.23);
#8857=AXIS2_PLACEMENT_3D('',#8858,#8859,#8860);
#8858=CARTESIAN_POINT('',(58.42,-2.20436423846524E-016,3.6));
#8859=DIRECTION('',(-6.12323399573677E-017,-6.12323399573677E-017,1.));
#8860=DIRECTION('',(-1.,-1.22464679914735E-016,-6.12323399573677E-017));
#8861=FACE_BOUND('',#8862,.T.);
#8862=EDGE_LOOP('',(#10794));
#8863=FACE_BOUND('',#8864,.T.);
#8864=EDGE_LOOP('',(#10795));
#8865=PLANE('',#8866);
#8866=AXIS2_PLACEMENT_3D('',#8867,#8868,#8869);
#8867=CARTESIAN_POINT('',(58.42,-2.20436423846524E-016,3.6));
#8868=DIRECTION('',(-6.12323399573677E-017,-6.12323399573677E-017,1.));
#8869=DIRECTION('',(-1.,-1.22464679914735E-016,-6.12323399573677E-017));
#8870=FACE_OUTER_BOUND('',#8871,.T.);
#8871=EDGE_LOOP('',(#10796));
#8872=FACE_OUTER_BOUND('',#8873,.T.);
#8873=EDGE_LOOP('',(#10797));
#8874=CYLINDRICAL_SURFACE('',#8875,0.9);
#8875=AXIS2_PLACEMENT_3D('',#8876,#8877,#8878);
#8876=CARTESIAN_POINT('',(58.42,-1.8982025386784E-016,3.1));
#8877=DIRECTION('',(-6.12323399573677E-017,-6.12323399573677E-017,1.));
#8878=DIRECTION('',(-1.,-1.22464679914735E-016,-6.12323399573677E-017));
#8879=FACE_BOUND('',#8880,.T.);
#8880=EDGE_LOOP('',(#10798));
#8881=FACE_BOUND('',#8882,.T.);
#8882=EDGE_LOOP('',(#10799));
#8883=PLANE('',#8884);
#8884=AXIS2_PLACEMENT_3D('',#8885,#8886,#8887);
#8885=CARTESIAN_POINT('',(58.42,-1.8982025386784E-016,3.1));
#8886=DIRECTION('',(6.12323399573677E-017,6.12323399573677E-017,-1.));
#8887=DIRECTION('',(-1.,-1.22464679914735E-016,-6.12323399573677E-017));
#8888=FACE_OUTER_BOUND('',#8889,.T.);
#8889=EDGE_LOOP('',(#10800));
#8890=FACE_OUTER_BOUND('',#8891,.T.);
#8891=EDGE_LOOP('',(#10801));
#8892=CYLINDRICAL_SURFACE('',#8893,0.66);
#8893=AXIS2_PLACEMENT_3D('',#8894,#8895,#8896);
#8894=CARTESIAN_POINT('',(58.42,-2.63299061816681E-017,0.43));
#8895=DIRECTION('',(-6.12323399573677E-017,-6.12323399573677E-017,1.));
#8896=DIRECTION('',(-1.,-1.22464679914735E-016,-6.12323399573677E-017));
#8897=FACE_OUTER_BOUND('',#8898,.T.);
#8898=EDGE_LOOP('',(#10802));
#8899=FACE_OUTER_BOUND('',#8900,.T.);
#8900=EDGE_LOOP('',(#10803));
#8901=CONICAL_SURFACE('',#8902,0.445,0.785398163397449);
#8902=AXIS2_PLACEMENT_3D('',#8903,#8904,#8905);
#8903=CARTESIAN_POINT('',(58.42,-1.3164953090834E-017,0.215));
#8904=DIRECTION('',(-6.12323399573677E-017,-6.12323399573677E-017,1.));
#8905=DIRECTION('',(-1.,-1.22464679914735E-016,-6.12323399573677E-017));
#8906=FACE_OUTER_BOUND('',#8907,.T.);
#8907=EDGE_LOOP('',(#10804));
#8908=FACE_OUTER_BOUND('',#8909,.T.);
#8909=EDGE_LOOP('',(#10805));
#8910=CYLINDRICAL_SURFACE('',#8911,0.23);
#8911=AXIS2_PLACEMENT_3D('',#8912,#8913,#8914);
#8912=CARTESIAN_POINT('',(58.42,1.57367113690435E-016,-2.57));
#8913=DIRECTION('',(-6.12323399573677E-017,-6.12323399573677E-017,1.));
#8914=DIRECTION('',(-1.,-1.22464679914735E-016,-6.12323399573677E-017));
#8915=FACE_OUTER_BOUND('',#8916,.T.);
#8916=EDGE_LOOP('',(#10806));
#8917=SPHERICAL_SURFACE('',#8918,0.23);
#8918=AXIS2_PLACEMENT_3D('',#8919,#8920,#8921);
#8919=CARTESIAN_POINT('',(58.42,1.57367113690435E-016,-2.57));
#8920=DIRECTION('',(-6.12323399573677E-017,-6.12323399573677E-017,1.));
#8921=DIRECTION('',(-1.,-1.22464679914735E-016,-6.12323399573677E-017));
#8922=FACE_OUTER_BOUND('',#8923,.T.);
#8923=EDGE_LOOP('',(#10807));
#8924=SPHERICAL_SURFACE('',#8925,0.23);
#8925=AXIS2_PLACEMENT_3D('',#8926,#8927,#8928);
#8926=CARTESIAN_POINT('',(60.96,-4.26789409502853E-016,6.97));
#8927=DIRECTION('',(-6.12323399573677E-017,-6.12323399573677E-017,1.));
#8928=DIRECTION('',(-1.,-1.22464679914736E-016,-6.12323399573677E-017));
#8929=FACE_OUTER_BOUND('',#8930,.T.);
#8930=EDGE_LOOP('',(#10808));
#8931=FACE_OUTER_BOUND('',#8932,.T.);
#8932=EDGE_LOOP('',(#10809));
#8933=CYLINDRICAL_SURFACE('',#8934,0.23);
#8934=AXIS2_PLACEMENT_3D('',#8935,#8936,#8937);
#8935=CARTESIAN_POINT('',(60.96,-2.20436423846524E-016,3.6));
#8936=DIRECTION('',(-6.12323399573677E-017,-6.12323399573677E-017,1.));
#8937=DIRECTION('',(-1.,-1.22464679914735E-016,-6.12323399573677E-017));
#8938=FACE_BOUND('',#8939,.T.);
#8939=EDGE_LOOP('',(#10810));
#8940=FACE_BOUND('',#8941,.T.);
#8941=EDGE_LOOP('',(#10811));
#8942=PLANE('',#8943);
#8943=AXIS2_PLACEMENT_3D('',#8944,#8945,#8946);
#8944=CARTESIAN_POINT('',(60.96,-2.20436423846524E-016,3.6));
#8945=DIRECTION('',(-6.12323399573677E-017,-6.12323399573677E-017,1.));
#8946=DIRECTION('',(-1.,-1.22464679914735E-016,-6.12323399573677E-017));
#8947=FACE_OUTER_BOUND('',#8948,.T.);
#8948=EDGE_LOOP('',(#10812));
#8949=FACE_OUTER_BOUND('',#8950,.T.);
#8950=EDGE_LOOP('',(#10813));
#8951=CYLINDRICAL_SURFACE('',#8952,0.9);
#8952=AXIS2_PLACEMENT_3D('',#8953,#8954,#8955);
#8953=CARTESIAN_POINT('',(60.96,-1.8982025386784E-016,3.1));
#8954=DIRECTION('',(-6.12323399573677E-017,-6.12323399573677E-017,1.));
#8955=DIRECTION('',(-1.,-1.22464679914735E-016,-6.12323399573677E-017));
#8956=FACE_BOUND('',#8957,.T.);
#8957=EDGE_LOOP('',(#10814));
#8958=FACE_BOUND('',#8959,.T.);
#8959=EDGE_LOOP('',(#10815));
#8960=PLANE('',#8961);
#8961=AXIS2_PLACEMENT_3D('',#8962,#8963,#8964);
#8962=CARTESIAN_POINT('',(60.96,-1.8982025386784E-016,3.1));
#8963=DIRECTION('',(6.12323399573677E-017,6.12323399573677E-017,-1.));
#8964=DIRECTION('',(-1.,-1.22464679914735E-016,-6.12323399573677E-017));
#8965=FACE_OUTER_BOUND('',#8966,.T.);
#8966=EDGE_LOOP('',(#10816));
#8967=FACE_OUTER_BOUND('',#8968,.T.);
#8968=EDGE_LOOP('',(#10817));
#8969=CYLINDRICAL_SURFACE('',#8970,0.66);
#8970=AXIS2_PLACEMENT_3D('',#8971,#8972,#8973);
#8971=CARTESIAN_POINT('',(60.96,-2.63299061816681E-017,0.43));
#8972=DIRECTION('',(-6.12323399573677E-017,-6.12323399573677E-017,1.));
#8973=DIRECTION('',(-1.,-1.22464679914735E-016,-6.12323399573677E-017));
#8974=FACE_OUTER_BOUND('',#8975,.T.);
#8975=EDGE_LOOP('',(#10818));
#8976=FACE_OUTER_BOUND('',#8977,.T.);
#8977=EDGE_LOOP('',(#10819));
#8978=CONICAL_SURFACE('',#8979,0.445,0.785398163397449);
#8979=AXIS2_PLACEMENT_3D('',#8980,#8981,#8982);
#8980=CARTESIAN_POINT('',(60.96,-1.3164953090834E-017,0.215));
#8981=DIRECTION('',(-6.12323399573677E-017,-6.12323399573677E-017,1.));
#8982=DIRECTION('',(-1.,-1.22464679914735E-016,-6.12323399573677E-017));
#8983=FACE_OUTER_BOUND('',#8984,.T.);
#8984=EDGE_LOOP('',(#10820));
#8985=FACE_OUTER_BOUND('',#8986,.T.);
#8986=EDGE_LOOP('',(#10821));
#8987=CYLINDRICAL_SURFACE('',#8988,0.23);
#8988=AXIS2_PLACEMENT_3D('',#8989,#8990,#8991);
#8989=CARTESIAN_POINT('',(60.96,1.57367113690435E-016,-2.57));
#8990=DIRECTION('',(-6.12323399573677E-017,-6.12323399573677E-017,1.));
#8991=DIRECTION('',(-1.,-1.22464679914735E-016,-6.12323399573677E-017));
#8992=FACE_OUTER_BOUND('',#8993,.T.);
#8993=EDGE_LOOP('',(#10822));
#8994=SPHERICAL_SURFACE('',#8995,0.23);
#8995=AXIS2_PLACEMENT_3D('',#8996,#8997,#8998);
#8996=CARTESIAN_POINT('',(60.96,1.57367113690435E-016,-2.57));
#8997=DIRECTION('',(-6.12323399573677E-017,-6.12323399573677E-017,1.));
#8998=DIRECTION('',(-1.,-1.22464679914735E-016,-6.12323399573677E-017));
#8999=ORIENTED_EDGE('',*,*,#10823,.T.);
#9000=ORIENTED_EDGE('',*,*,#10824,.F.);
#9001=ORIENTED_EDGE('',*,*,#10825,.T.);
#9002=ORIENTED_EDGE('',*,*,#10826,.F.);
#9003=ORIENTED_EDGE('',*,*,#10827,.T.);
#9004=ORIENTED_EDGE('',*,*,#10828,.F.);
#9005=ORIENTED_EDGE('',*,*,#10829,.T.);
#9006=ORIENTED_EDGE('',*,*,#10830,.F.);
#9007=ORIENTED_EDGE('',*,*,#10831,.T.);
#9008=ORIENTED_EDGE('',*,*,#10832,.F.);
#9009=ORIENTED_EDGE('',*,*,#10833,.T.);
#9010=ORIENTED_EDGE('',*,*,#10834,.F.);
#9011=ORIENTED_EDGE('',*,*,#10835,.T.);
#9012=ORIENTED_EDGE('',*,*,#10836,.F.);
#9013=ORIENTED_EDGE('',*,*,#10837,.T.);
#9014=ORIENTED_EDGE('',*,*,#10838,.F.);
#9015=ORIENTED_EDGE('',*,*,#10839,.T.);
#9016=ORIENTED_EDGE('',*,*,#10840,.F.);
#9017=ORIENTED_EDGE('',*,*,#10841,.T.);
#9018=ORIENTED_EDGE('',*,*,#10842,.F.);
#9019=ORIENTED_EDGE('',*,*,#10843,.T.);
#9020=ORIENTED_EDGE('',*,*,#10844,.F.);
#9021=ORIENTED_EDGE('',*,*,#10845,.T.);
#9022=ORIENTED_EDGE('',*,*,#10846,.F.);
#9023=ORIENTED_EDGE('',*,*,#10847,.T.);
#9024=ORIENTED_EDGE('',*,*,#10848,.F.);
#9025=ORIENTED_EDGE('',*,*,#10849,.T.);
#9026=ORIENTED_EDGE('',*,*,#10850,.F.);
#9027=ORIENTED_EDGE('',*,*,#10851,.T.);
#9028=ORIENTED_EDGE('',*,*,#10852,.F.);
#9029=ORIENTED_EDGE('',*,*,#10853,.T.);
#9030=ORIENTED_EDGE('',*,*,#10854,.F.);
#9031=ORIENTED_EDGE('',*,*,#10855,.T.);
#9032=ORIENTED_EDGE('',*,*,#10856,.F.);
#9033=ORIENTED_EDGE('',*,*,#10857,.T.);
#9034=ORIENTED_EDGE('',*,*,#10858,.F.);
#9035=ORIENTED_EDGE('',*,*,#10859,.T.);
#9036=ORIENTED_EDGE('',*,*,#10860,.F.);
#9037=ORIENTED_EDGE('',*,*,#10861,.T.);
#9038=ORIENTED_EDGE('',*,*,#10862,.F.);
#9039=ORIENTED_EDGE('',*,*,#10863,.T.);
#9040=ORIENTED_EDGE('',*,*,#10864,.F.);
#9041=ORIENTED_EDGE('',*,*,#10865,.T.);
#9042=ORIENTED_EDGE('',*,*,#10866,.F.);
#9043=ORIENTED_EDGE('',*,*,#10867,.T.);
#9044=ORIENTED_EDGE('',*,*,#10868,.F.);
#9045=ORIENTED_EDGE('',*,*,#10869,.T.);
#9046=ORIENTED_EDGE('',*,*,#10870,.F.);
#9047=ORIENTED_EDGE('',*,*,#10871,.T.);
#9048=ORIENTED_EDGE('',*,*,#10872,.T.);
#9049=ORIENTED_EDGE('',*,*,#10873,.T.);
#9050=ORIENTED_EDGE('',*,*,#10874,.T.);
#9051=ORIENTED_EDGE('',*,*,#10875,.T.);
#9052=ORIENTED_EDGE('',*,*,#10876,.T.);
#9053=ORIENTED_EDGE('',*,*,#10877,.T.);
#9054=ORIENTED_EDGE('',*,*,#10878,.T.);
#9055=ORIENTED_EDGE('',*,*,#10879,.T.);
#9056=ORIENTED_EDGE('',*,*,#10880,.T.);
#9057=ORIENTED_EDGE('',*,*,#10881,.T.);
#9058=ORIENTED_EDGE('',*,*,#10882,.T.);
#9059=ORIENTED_EDGE('',*,*,#10883,.T.);
#9060=ORIENTED_EDGE('',*,*,#10884,.T.);
#9061=ORIENTED_EDGE('',*,*,#10885,.T.);
#9062=ORIENTED_EDGE('',*,*,#10886,.T.);
#9063=ORIENTED_EDGE('',*,*,#10887,.T.);
#9064=ORIENTED_EDGE('',*,*,#10888,.T.);
#9065=ORIENTED_EDGE('',*,*,#10889,.T.);
#9066=ORIENTED_EDGE('',*,*,#10890,.T.);
#9067=ORIENTED_EDGE('',*,*,#10891,.T.);
#9068=ORIENTED_EDGE('',*,*,#10892,.T.);
#9069=ORIENTED_EDGE('',*,*,#10893,.T.);
#9070=ORIENTED_EDGE('',*,*,#10894,.T.);
#9071=ORIENTED_EDGE('',*,*,#10895,.T.);
#9072=ORIENTED_EDGE('',*,*,#10896,.T.);
#9073=ORIENTED_EDGE('',*,*,#10897,.T.);
#9074=ORIENTED_EDGE('',*,*,#10898,.T.);
#9075=ORIENTED_EDGE('',*,*,#10899,.T.);
#9076=ORIENTED_EDGE('',*,*,#10900,.T.);
#9077=ORIENTED_EDGE('',*,*,#10901,.T.);
#9078=ORIENTED_EDGE('',*,*,#10902,.T.);
#9079=ORIENTED_EDGE('',*,*,#10903,.T.);
#9080=ORIENTED_EDGE('',*,*,#10904,.T.);
#9081=ORIENTED_EDGE('',*,*,#10905,.T.);
#9082=ORIENTED_EDGE('',*,*,#10906,.T.);
#9083=ORIENTED_EDGE('',*,*,#10907,.T.);
#9084=ORIENTED_EDGE('',*,*,#10908,.T.);
#9085=ORIENTED_EDGE('',*,*,#10909,.T.);
#9086=ORIENTED_EDGE('',*,*,#10910,.T.);
#9087=ORIENTED_EDGE('',*,*,#10911,.T.);
#9088=ORIENTED_EDGE('',*,*,#10912,.T.);
#9089=ORIENTED_EDGE('',*,*,#10913,.T.);
#9090=ORIENTED_EDGE('',*,*,#10914,.T.);
#9091=ORIENTED_EDGE('',*,*,#10915,.T.);
#9092=ORIENTED_EDGE('',*,*,#10916,.T.);
#9093=ORIENTED_EDGE('',*,*,#10917,.T.);
#9094=ORIENTED_EDGE('',*,*,#10918,.T.);
#9095=ORIENTED_EDGE('',*,*,#10919,.T.);
#9096=ORIENTED_EDGE('',*,*,#10920,.T.);
#9097=ORIENTED_EDGE('',*,*,#10921,.T.);
#9098=ORIENTED_EDGE('',*,*,#10922,.T.);
#9099=ORIENTED_EDGE('',*,*,#10923,.T.);
#9100=ORIENTED_EDGE('',*,*,#10924,.T.);
#9101=ORIENTED_EDGE('',*,*,#10925,.T.);
#9102=ORIENTED_EDGE('',*,*,#10926,.T.);
#9103=ORIENTED_EDGE('',*,*,#10927,.T.);
#9104=ORIENTED_EDGE('',*,*,#10928,.T.);
#9105=ORIENTED_EDGE('',*,*,#10929,.T.);
#9106=ORIENTED_EDGE('',*,*,#10930,.T.);
#9107=ORIENTED_EDGE('',*,*,#10931,.T.);
#9108=ORIENTED_EDGE('',*,*,#10932,.T.);
#9109=ORIENTED_EDGE('',*,*,#10933,.T.);
#9110=ORIENTED_EDGE('',*,*,#10934,.T.);
#9111=ORIENTED_EDGE('',*,*,#10935,.T.);
#9112=ORIENTED_EDGE('',*,*,#10936,.T.);
#9113=ORIENTED_EDGE('',*,*,#10937,.T.);
#9114=ORIENTED_EDGE('',*,*,#10938,.T.);
#9115=ORIENTED_EDGE('',*,*,#10939,.T.);
#9116=ORIENTED_EDGE('',*,*,#10940,.T.);
#9117=ORIENTED_EDGE('',*,*,#10941,.T.);
#9118=ORIENTED_EDGE('',*,*,#10942,.T.);
#9119=ORIENTED_EDGE('',*,*,#10943,.T.);
#9120=ORIENTED_EDGE('',*,*,#10944,.T.);
#9121=ORIENTED_EDGE('',*,*,#10945,.T.);
#9122=ORIENTED_EDGE('',*,*,#10946,.T.);
#9123=ORIENTED_EDGE('',*,*,#10947,.T.);
#9124=ORIENTED_EDGE('',*,*,#10948,.T.);
#9125=ORIENTED_EDGE('',*,*,#10949,.T.);
#9126=ORIENTED_EDGE('',*,*,#10950,.T.);
#9127=ORIENTED_EDGE('',*,*,#10951,.T.);
#9128=ORIENTED_EDGE('',*,*,#10952,.T.);
#9129=ORIENTED_EDGE('',*,*,#10953,.T.);
#9130=ORIENTED_EDGE('',*,*,#10954,.T.);
#9131=ORIENTED_EDGE('',*,*,#10955,.T.);
#9132=ORIENTED_EDGE('',*,*,#10956,.T.);
#9133=ORIENTED_EDGE('',*,*,#10957,.T.);
#9134=ORIENTED_EDGE('',*,*,#10958,.T.);
#9135=ORIENTED_EDGE('',*,*,#10959,.T.);
#9136=ORIENTED_EDGE('',*,*,#10960,.T.);
#9137=ORIENTED_EDGE('',*,*,#10961,.T.);
#9138=ORIENTED_EDGE('',*,*,#10962,.T.);
#9139=ORIENTED_EDGE('',*,*,#10963,.T.);
#9140=ORIENTED_EDGE('',*,*,#10964,.T.);
#9141=ORIENTED_EDGE('',*,*,#10965,.T.);
#9142=ORIENTED_EDGE('',*,*,#10966,.T.);
#9143=ORIENTED_EDGE('',*,*,#10967,.T.);
#9144=ORIENTED_EDGE('',*,*,#10968,.T.);
#9145=ORIENTED_EDGE('',*,*,#10969,.T.);
#9146=ORIENTED_EDGE('',*,*,#10970,.T.);
#9147=ORIENTED_EDGE('',*,*,#10971,.T.);
#9148=ORIENTED_EDGE('',*,*,#10972,.T.);
#9149=ORIENTED_EDGE('',*,*,#10973,.T.);
#9150=ORIENTED_EDGE('',*,*,#10974,.T.);
#9151=ORIENTED_EDGE('',*,*,#10975,.T.);
#9152=ORIENTED_EDGE('',*,*,#10976,.T.);
#9153=ORIENTED_EDGE('',*,*,#10977,.T.);
#9154=ORIENTED_EDGE('',*,*,#10978,.T.);
#9155=ORIENTED_EDGE('',*,*,#10979,.T.);
#9156=ORIENTED_EDGE('',*,*,#10980,.T.);
#9157=ORIENTED_EDGE('',*,*,#10981,.T.);
#9158=ORIENTED_EDGE('',*,*,#10982,.T.);
#9159=ORIENTED_EDGE('',*,*,#10983,.T.);
#9160=ORIENTED_EDGE('',*,*,#10984,.T.);
#9161=ORIENTED_EDGE('',*,*,#10985,.T.);
#9162=ORIENTED_EDGE('',*,*,#10986,.T.);
#9163=ORIENTED_EDGE('',*,*,#10987,.T.);
#9164=ORIENTED_EDGE('',*,*,#10988,.T.);
#9165=ORIENTED_EDGE('',*,*,#10989,.T.);
#9166=ORIENTED_EDGE('',*,*,#10990,.T.);
#9167=ORIENTED_EDGE('',*,*,#10991,.T.);
#9168=ORIENTED_EDGE('',*,*,#10992,.T.);
#9169=ORIENTED_EDGE('',*,*,#10993,.T.);
#9170=ORIENTED_EDGE('',*,*,#10994,.T.);
#9171=ORIENTED_EDGE('',*,*,#10995,.T.);
#9172=ORIENTED_EDGE('',*,*,#10996,.T.);
#9173=ORIENTED_EDGE('',*,*,#10997,.T.);
#9174=ORIENTED_EDGE('',*,*,#10998,.T.);
#9175=ORIENTED_EDGE('',*,*,#10999,.T.);
#9176=ORIENTED_EDGE('',*,*,#11000,.T.);
#9177=ORIENTED_EDGE('',*,*,#11001,.T.);
#9178=ORIENTED_EDGE('',*,*,#11002,.T.);
#9179=ORIENTED_EDGE('',*,*,#11003,.T.);
#9180=ORIENTED_EDGE('',*,*,#11004,.T.);
#9181=ORIENTED_EDGE('',*,*,#11005,.T.);
#9182=ORIENTED_EDGE('',*,*,#11006,.T.);
#9183=ORIENTED_EDGE('',*,*,#11007,.T.);
#9184=ORIENTED_EDGE('',*,*,#11008,.T.);
#9185=ORIENTED_EDGE('',*,*,#11009,.T.);
#9186=ORIENTED_EDGE('',*,*,#11010,.T.);
#9187=ORIENTED_EDGE('',*,*,#11011,.T.);
#9188=ORIENTED_EDGE('',*,*,#11012,.T.);
#9189=ORIENTED_EDGE('',*,*,#11013,.T.);
#9190=ORIENTED_EDGE('',*,*,#11014,.T.);
#9191=ORIENTED_EDGE('',*,*,#11015,.T.);
#9192=ORIENTED_EDGE('',*,*,#11016,.T.);
#9193=ORIENTED_EDGE('',*,*,#11017,.T.);
#9194=ORIENTED_EDGE('',*,*,#11018,.T.);
#9195=ORIENTED_EDGE('',*,*,#11019,.T.);
#9196=ORIENTED_EDGE('',*,*,#11020,.T.);
#9197=ORIENTED_EDGE('',*,*,#11021,.T.);
#9198=ORIENTED_EDGE('',*,*,#11022,.T.);
#9199=ORIENTED_EDGE('',*,*,#11023,.T.);
#9200=ORIENTED_EDGE('',*,*,#11024,.T.);
#9201=ORIENTED_EDGE('',*,*,#11025,.T.);
#9202=ORIENTED_EDGE('',*,*,#11026,.T.);
#9203=ORIENTED_EDGE('',*,*,#11027,.T.);
#9204=ORIENTED_EDGE('',*,*,#11028,.T.);
#9205=ORIENTED_EDGE('',*,*,#11029,.T.);
#9206=ORIENTED_EDGE('',*,*,#11030,.T.);
#9207=ORIENTED_EDGE('',*,*,#11031,.T.);
#9208=ORIENTED_EDGE('',*,*,#11032,.T.);
#9209=ORIENTED_EDGE('',*,*,#11033,.T.);
#9210=ORIENTED_EDGE('',*,*,#11034,.T.);
#9211=ORIENTED_EDGE('',*,*,#11035,.T.);
#9212=ORIENTED_EDGE('',*,*,#11036,.T.);
#9213=ORIENTED_EDGE('',*,*,#11037,.T.);
#9214=ORIENTED_EDGE('',*,*,#11038,.T.);
#9215=ORIENTED_EDGE('',*,*,#11039,.T.);
#9216=ORIENTED_EDGE('',*,*,#11040,.T.);
#9217=ORIENTED_EDGE('',*,*,#11041,.T.);
#9218=ORIENTED_EDGE('',*,*,#11042,.T.);
#9219=ORIENTED_EDGE('',*,*,#11043,.T.);
#9220=ORIENTED_EDGE('',*,*,#11044,.T.);
#9221=ORIENTED_EDGE('',*,*,#11045,.T.);
#9222=ORIENTED_EDGE('',*,*,#11046,.T.);
#9223=ORIENTED_EDGE('',*,*,#11047,.T.);
#9224=ORIENTED_EDGE('',*,*,#11048,.T.);
#9225=ORIENTED_EDGE('',*,*,#11049,.T.);
#9226=ORIENTED_EDGE('',*,*,#11050,.T.);
#9227=ORIENTED_EDGE('',*,*,#11051,.T.);
#9228=ORIENTED_EDGE('',*,*,#11052,.T.);
#9229=ORIENTED_EDGE('',*,*,#11053,.T.);
#9230=ORIENTED_EDGE('',*,*,#11054,.T.);
#9231=ORIENTED_EDGE('',*,*,#11055,.T.);
#9232=ORIENTED_EDGE('',*,*,#11056,.T.);
#9233=ORIENTED_EDGE('',*,*,#11057,.T.);
#9234=ORIENTED_EDGE('',*,*,#11058,.T.);
#9235=ORIENTED_EDGE('',*,*,#11059,.T.);
#9236=ORIENTED_EDGE('',*,*,#11060,.T.);
#9237=ORIENTED_EDGE('',*,*,#11061,.T.);
#9238=ORIENTED_EDGE('',*,*,#11062,.T.);
#9239=ORIENTED_EDGE('',*,*,#11063,.T.);
#9240=ORIENTED_EDGE('',*,*,#11064,.T.);
#9241=ORIENTED_EDGE('',*,*,#11065,.T.);
#9242=ORIENTED_EDGE('',*,*,#11066,.T.);
#9243=ORIENTED_EDGE('',*,*,#11067,.T.);
#9244=ORIENTED_EDGE('',*,*,#11068,.T.);
#9245=ORIENTED_EDGE('',*,*,#11069,.T.);
#9246=ORIENTED_EDGE('',*,*,#11070,.T.);
#9247=ORIENTED_EDGE('',*,*,#11071,.T.);
#9248=ORIENTED_EDGE('',*,*,#11072,.T.);
#9249=ORIENTED_EDGE('',*,*,#11073,.T.);
#9250=ORIENTED_EDGE('',*,*,#11074,.T.);
#9251=ORIENTED_EDGE('',*,*,#11075,.T.);
#9252=ORIENTED_EDGE('',*,*,#11076,.T.);
#9253=ORIENTED_EDGE('',*,*,#11077,.T.);
#9254=ORIENTED_EDGE('',*,*,#11078,.T.);
#9255=ORIENTED_EDGE('',*,*,#11079,.T.);
#9256=ORIENTED_EDGE('',*,*,#11080,.T.);
#9257=ORIENTED_EDGE('',*,*,#11081,.T.);
#9258=ORIENTED_EDGE('',*,*,#11082,.T.);
#9259=ORIENTED_EDGE('',*,*,#11083,.T.);
#9260=ORIENTED_EDGE('',*,*,#11084,.T.);
#9261=ORIENTED_EDGE('',*,*,#11085,.T.);
#9262=ORIENTED_EDGE('',*,*,#11086,.T.);
#9263=ORIENTED_EDGE('',*,*,#11087,.T.);
#9264=ORIENTED_EDGE('',*,*,#11088,.T.);
#9265=ORIENTED_EDGE('',*,*,#11089,.T.);
#9266=ORIENTED_EDGE('',*,*,#11090,.T.);
#9267=ORIENTED_EDGE('',*,*,#11091,.T.);
#9268=ORIENTED_EDGE('',*,*,#11092,.T.);
#9269=ORIENTED_EDGE('',*,*,#11093,.T.);
#9270=ORIENTED_EDGE('',*,*,#11094,.T.);
#9271=ORIENTED_EDGE('',*,*,#11095,.T.);
#9272=ORIENTED_EDGE('',*,*,#11096,.T.);
#9273=ORIENTED_EDGE('',*,*,#11097,.T.);
#9274=ORIENTED_EDGE('',*,*,#11098,.T.);
#9275=ORIENTED_EDGE('',*,*,#11099,.T.);
#9276=ORIENTED_EDGE('',*,*,#11100,.T.);
#9277=ORIENTED_EDGE('',*,*,#10825,.F.);
#9278=ORIENTED_EDGE('',*,*,#11098,.F.);
#9279=ORIENTED_EDGE('',*,*,#11100,.F.);
#9280=ORIENTED_EDGE('',*,*,#11101,.T.);
#9281=ORIENTED_EDGE('',*,*,#10823,.F.);
#9282=ORIENTED_EDGE('',*,*,#11097,.F.);
#9283=ORIENTED_EDGE('',*,*,#11101,.F.);
#9284=ORIENTED_EDGE('',*,*,#11102,.T.);
#9285=ORIENTED_EDGE('',*,*,#10827,.F.);
#9286=ORIENTED_EDGE('',*,*,#11096,.F.);
#9287=ORIENTED_EDGE('',*,*,#11102,.F.);
#9288=ORIENTED_EDGE('',*,*,#11103,.T.);
#9289=ORIENTED_EDGE('',*,*,#10829,.F.);
#9290=ORIENTED_EDGE('',*,*,#11095,.F.);
#9291=ORIENTED_EDGE('',*,*,#11103,.F.);
#9292=ORIENTED_EDGE('',*,*,#11104,.T.);
#9293=ORIENTED_EDGE('',*,*,#10831,.F.);
#9294=ORIENTED_EDGE('',*,*,#11094,.F.);
#9295=ORIENTED_EDGE('',*,*,#11104,.F.);
#9296=ORIENTED_EDGE('',*,*,#11105,.T.);
#9297=ORIENTED_EDGE('',*,*,#10833,.F.);
#9298=ORIENTED_EDGE('',*,*,#11093,.F.);
#9299=ORIENTED_EDGE('',*,*,#11105,.F.);
#9300=ORIENTED_EDGE('',*,*,#11106,.T.);
#9301=ORIENTED_EDGE('',*,*,#10835,.F.);
#9302=ORIENTED_EDGE('',*,*,#11092,.F.);
#9303=ORIENTED_EDGE('',*,*,#11106,.F.);
#9304=ORIENTED_EDGE('',*,*,#11107,.T.);
#9305=ORIENTED_EDGE('',*,*,#10837,.F.);
#9306=ORIENTED_EDGE('',*,*,#11091,.F.);
#9307=ORIENTED_EDGE('',*,*,#11107,.F.);
#9308=ORIENTED_EDGE('',*,*,#11108,.T.);
#9309=ORIENTED_EDGE('',*,*,#10839,.F.);
#9310=ORIENTED_EDGE('',*,*,#11090,.F.);
#9311=ORIENTED_EDGE('',*,*,#11108,.F.);
#9312=ORIENTED_EDGE('',*,*,#11109,.T.);
#9313=ORIENTED_EDGE('',*,*,#10841,.F.);
#9314=ORIENTED_EDGE('',*,*,#11089,.F.);
#9315=ORIENTED_EDGE('',*,*,#11109,.F.);
#9316=ORIENTED_EDGE('',*,*,#11110,.T.);
#9317=ORIENTED_EDGE('',*,*,#10843,.F.);
#9318=ORIENTED_EDGE('',*,*,#11088,.F.);
#9319=ORIENTED_EDGE('',*,*,#11110,.F.);
#9320=ORIENTED_EDGE('',*,*,#11111,.T.);
#9321=ORIENTED_EDGE('',*,*,#10845,.F.);
#9322=ORIENTED_EDGE('',*,*,#11087,.F.);
#9323=ORIENTED_EDGE('',*,*,#11111,.F.);
#9324=ORIENTED_EDGE('',*,*,#11112,.T.);
#9325=ORIENTED_EDGE('',*,*,#10847,.F.);
#9326=ORIENTED_EDGE('',*,*,#11086,.F.);
#9327=ORIENTED_EDGE('',*,*,#11112,.F.);
#9328=ORIENTED_EDGE('',*,*,#11113,.T.);
#9329=ORIENTED_EDGE('',*,*,#10849,.F.);
#9330=ORIENTED_EDGE('',*,*,#11085,.F.);
#9331=ORIENTED_EDGE('',*,*,#11113,.F.);
#9332=ORIENTED_EDGE('',*,*,#11114,.T.);
#9333=ORIENTED_EDGE('',*,*,#10851,.F.);
#9334=ORIENTED_EDGE('',*,*,#11084,.F.);
#9335=ORIENTED_EDGE('',*,*,#11114,.F.);
#9336=ORIENTED_EDGE('',*,*,#11115,.T.);
#9337=ORIENTED_EDGE('',*,*,#10853,.F.);
#9338=ORIENTED_EDGE('',*,*,#11083,.F.);
#9339=ORIENTED_EDGE('',*,*,#11115,.F.);
#9340=ORIENTED_EDGE('',*,*,#11116,.T.);
#9341=ORIENTED_EDGE('',*,*,#10855,.F.);
#9342=ORIENTED_EDGE('',*,*,#11082,.F.);
#9343=ORIENTED_EDGE('',*,*,#11116,.F.);
#9344=ORIENTED_EDGE('',*,*,#11117,.T.);
#9345=ORIENTED_EDGE('',*,*,#10857,.F.);
#9346=ORIENTED_EDGE('',*,*,#11081,.F.);
#9347=ORIENTED_EDGE('',*,*,#11117,.F.);
#9348=ORIENTED_EDGE('',*,*,#11118,.T.);
#9349=ORIENTED_EDGE('',*,*,#10859,.F.);
#9350=ORIENTED_EDGE('',*,*,#11080,.F.);
#9351=ORIENTED_EDGE('',*,*,#11118,.F.);
#9352=ORIENTED_EDGE('',*,*,#11119,.T.);
#9353=ORIENTED_EDGE('',*,*,#10861,.F.);
#9354=ORIENTED_EDGE('',*,*,#11079,.F.);
#9355=ORIENTED_EDGE('',*,*,#11119,.F.);
#9356=ORIENTED_EDGE('',*,*,#11120,.T.);
#9357=ORIENTED_EDGE('',*,*,#10863,.F.);
#9358=ORIENTED_EDGE('',*,*,#11078,.F.);
#9359=ORIENTED_EDGE('',*,*,#11120,.F.);
#9360=ORIENTED_EDGE('',*,*,#11121,.T.);
#9361=ORIENTED_EDGE('',*,*,#10865,.F.);
#9362=ORIENTED_EDGE('',*,*,#11077,.F.);
#9363=ORIENTED_EDGE('',*,*,#11121,.F.);
#9364=ORIENTED_EDGE('',*,*,#11122,.T.);
#9365=ORIENTED_EDGE('',*,*,#10867,.F.);
#9366=ORIENTED_EDGE('',*,*,#11076,.F.);
#9367=ORIENTED_EDGE('',*,*,#11122,.F.);
#9368=ORIENTED_EDGE('',*,*,#11123,.T.);
#9369=ORIENTED_EDGE('',*,*,#10869,.F.);
#9370=ORIENTED_EDGE('',*,*,#11075,.F.);
#9371=ORIENTED_EDGE('',*,*,#11123,.F.);
#9372=ORIENTED_EDGE('',*,*,#11124,.F.);
#9373=ORIENTED_EDGE('',*,*,#11125,.F.);
#9374=ORIENTED_EDGE('',*,*,#11126,.F.);
#9375=ORIENTED_EDGE('',*,*,#11127,.F.);
#9376=ORIENTED_EDGE('',*,*,#11128,.F.);
#9377=ORIENTED_EDGE('',*,*,#11129,.F.);
#9378=ORIENTED_EDGE('',*,*,#11130,.F.);
#9379=ORIENTED_EDGE('',*,*,#11131,.F.);
#9380=ORIENTED_EDGE('',*,*,#11132,.F.);
#9381=ORIENTED_EDGE('',*,*,#11133,.F.);
#9382=ORIENTED_EDGE('',*,*,#11134,.F.);
#9383=ORIENTED_EDGE('',*,*,#11135,.F.);
#9384=ORIENTED_EDGE('',*,*,#11136,.F.);
#9385=ORIENTED_EDGE('',*,*,#11137,.F.);
#9386=ORIENTED_EDGE('',*,*,#11138,.F.);
#9387=ORIENTED_EDGE('',*,*,#11139,.F.);
#9388=ORIENTED_EDGE('',*,*,#11140,.F.);
#9389=ORIENTED_EDGE('',*,*,#11141,.F.);
#9390=ORIENTED_EDGE('',*,*,#11142,.F.);
#9391=ORIENTED_EDGE('',*,*,#11143,.F.);
#9392=ORIENTED_EDGE('',*,*,#11144,.F.);
#9393=ORIENTED_EDGE('',*,*,#11145,.F.);
#9394=ORIENTED_EDGE('',*,*,#11146,.F.);
#9395=ORIENTED_EDGE('',*,*,#11147,.F.);
#9396=ORIENTED_EDGE('',*,*,#11148,.F.);
#9397=ORIENTED_EDGE('',*,*,#11149,.F.);
#9398=ORIENTED_EDGE('',*,*,#11150,.F.);
#9399=ORIENTED_EDGE('',*,*,#11151,.F.);
#9400=ORIENTED_EDGE('',*,*,#11152,.F.);
#9401=ORIENTED_EDGE('',*,*,#11153,.F.);
#9402=ORIENTED_EDGE('',*,*,#11154,.F.);
#9403=ORIENTED_EDGE('',*,*,#11155,.F.);
#9404=ORIENTED_EDGE('',*,*,#11156,.F.);
#9405=ORIENTED_EDGE('',*,*,#11157,.F.);
#9406=ORIENTED_EDGE('',*,*,#11158,.F.);
#9407=ORIENTED_EDGE('',*,*,#11159,.F.);
#9408=ORIENTED_EDGE('',*,*,#11160,.F.);
#9409=ORIENTED_EDGE('',*,*,#11161,.F.);
#9410=ORIENTED_EDGE('',*,*,#11162,.F.);
#9411=ORIENTED_EDGE('',*,*,#11163,.F.);
#9412=ORIENTED_EDGE('',*,*,#11164,.F.);
#9413=ORIENTED_EDGE('',*,*,#11165,.F.);
#9414=ORIENTED_EDGE('',*,*,#11166,.F.);
#9415=ORIENTED_EDGE('',*,*,#11167,.F.);
#9416=ORIENTED_EDGE('',*,*,#11168,.F.);
#9417=ORIENTED_EDGE('',*,*,#11169,.F.);
#9418=ORIENTED_EDGE('',*,*,#11170,.F.);
#9419=ORIENTED_EDGE('',*,*,#11171,.F.);
#9420=ORIENTED_EDGE('',*,*,#11172,.F.);
#9421=ORIENTED_EDGE('',*,*,#11173,.F.);
#9422=ORIENTED_EDGE('',*,*,#11174,.F.);
#9423=ORIENTED_EDGE('',*,*,#11175,.F.);
#9424=ORIENTED_EDGE('',*,*,#11176,.F.);
#9425=ORIENTED_EDGE('',*,*,#11177,.F.);
#9426=ORIENTED_EDGE('',*,*,#11178,.F.);
#9427=ORIENTED_EDGE('',*,*,#11179,.F.);
#9428=ORIENTED_EDGE('',*,*,#11180,.F.);
#9429=ORIENTED_EDGE('',*,*,#11181,.F.);
#9430=ORIENTED_EDGE('',*,*,#11182,.F.);
#9431=ORIENTED_EDGE('',*,*,#11183,.F.);
#9432=ORIENTED_EDGE('',*,*,#11184,.F.);
#9433=ORIENTED_EDGE('',*,*,#11185,.F.);
#9434=ORIENTED_EDGE('',*,*,#11186,.F.);
#9435=ORIENTED_EDGE('',*,*,#11187,.F.);
#9436=ORIENTED_EDGE('',*,*,#11188,.F.);
#9437=ORIENTED_EDGE('',*,*,#11189,.F.);
#9438=ORIENTED_EDGE('',*,*,#11190,.F.);
#9439=ORIENTED_EDGE('',*,*,#11191,.F.);
#9440=ORIENTED_EDGE('',*,*,#11192,.F.);
#9441=ORIENTED_EDGE('',*,*,#11193,.F.);
#9442=ORIENTED_EDGE('',*,*,#11194,.F.);
#9443=ORIENTED_EDGE('',*,*,#11195,.F.);
#9444=ORIENTED_EDGE('',*,*,#11196,.F.);
#9445=ORIENTED_EDGE('',*,*,#11197,.F.);
#9446=ORIENTED_EDGE('',*,*,#11198,.F.);
#9447=ORIENTED_EDGE('',*,*,#11199,.F.);
#9448=ORIENTED_EDGE('',*,*,#11200,.F.);
#9449=ORIENTED_EDGE('',*,*,#11201,.F.);
#9450=ORIENTED_EDGE('',*,*,#11202,.F.);
#9451=ORIENTED_EDGE('',*,*,#11203,.F.);
#9452=ORIENTED_EDGE('',*,*,#11204,.F.);
#9453=ORIENTED_EDGE('',*,*,#11205,.F.);
#9454=ORIENTED_EDGE('',*,*,#11206,.F.);
#9455=ORIENTED_EDGE('',*,*,#11207,.F.);
#9456=ORIENTED_EDGE('',*,*,#11208,.F.);
#9457=ORIENTED_EDGE('',*,*,#11209,.F.);
#9458=ORIENTED_EDGE('',*,*,#11210,.F.);
#9459=ORIENTED_EDGE('',*,*,#11211,.F.);
#9460=ORIENTED_EDGE('',*,*,#11212,.F.);
#9461=ORIENTED_EDGE('',*,*,#11213,.F.);
#9462=ORIENTED_EDGE('',*,*,#11214,.F.);
#9463=ORIENTED_EDGE('',*,*,#11215,.F.);
#9464=ORIENTED_EDGE('',*,*,#11216,.F.);
#9465=ORIENTED_EDGE('',*,*,#11217,.F.);
#9466=ORIENTED_EDGE('',*,*,#11218,.F.);
#9467=ORIENTED_EDGE('',*,*,#11219,.F.);
#9468=ORIENTED_EDGE('',*,*,#11220,.F.);
#9469=ORIENTED_EDGE('',*,*,#11221,.F.);
#9470=ORIENTED_EDGE('',*,*,#11222,.F.);
#9471=ORIENTED_EDGE('',*,*,#11223,.F.);
#9472=ORIENTED_EDGE('',*,*,#11224,.F.);
#9473=ORIENTED_EDGE('',*,*,#11225,.F.);
#9474=ORIENTED_EDGE('',*,*,#11226,.F.);
#9475=ORIENTED_EDGE('',*,*,#11227,.F.);
#9476=ORIENTED_EDGE('',*,*,#11228,.F.);
#9477=ORIENTED_EDGE('',*,*,#11229,.F.);
#9478=ORIENTED_EDGE('',*,*,#11230,.F.);
#9479=ORIENTED_EDGE('',*,*,#11231,.F.);
#9480=ORIENTED_EDGE('',*,*,#11232,.F.);
#9481=ORIENTED_EDGE('',*,*,#11233,.F.);
#9482=ORIENTED_EDGE('',*,*,#11234,.F.);
#9483=ORIENTED_EDGE('',*,*,#11235,.F.);
#9484=ORIENTED_EDGE('',*,*,#11236,.F.);
#9485=ORIENTED_EDGE('',*,*,#11237,.F.);
#9486=ORIENTED_EDGE('',*,*,#11238,.F.);
#9487=ORIENTED_EDGE('',*,*,#11239,.F.);
#9488=ORIENTED_EDGE('',*,*,#11240,.F.);
#9489=ORIENTED_EDGE('',*,*,#11241,.F.);
#9490=ORIENTED_EDGE('',*,*,#11242,.F.);
#9491=ORIENTED_EDGE('',*,*,#11243,.F.);
#9492=ORIENTED_EDGE('',*,*,#11244,.F.);
#9493=ORIENTED_EDGE('',*,*,#11245,.F.);
#9494=ORIENTED_EDGE('',*,*,#11246,.F.);
#9495=ORIENTED_EDGE('',*,*,#11247,.F.);
#9496=ORIENTED_EDGE('',*,*,#11248,.F.);
#9497=ORIENTED_EDGE('',*,*,#11249,.F.);
#9498=ORIENTED_EDGE('',*,*,#11250,.F.);
#9499=ORIENTED_EDGE('',*,*,#11251,.F.);
#9500=ORIENTED_EDGE('',*,*,#11252,.F.);
#9501=ORIENTED_EDGE('',*,*,#11253,.F.);
#9502=ORIENTED_EDGE('',*,*,#11254,.F.);
#9503=ORIENTED_EDGE('',*,*,#11255,.F.);
#9504=ORIENTED_EDGE('',*,*,#11256,.F.);
#9505=ORIENTED_EDGE('',*,*,#11257,.F.);
#9506=ORIENTED_EDGE('',*,*,#11258,.F.);
#9507=ORIENTED_EDGE('',*,*,#11259,.F.);
#9508=ORIENTED_EDGE('',*,*,#11260,.F.);
#9509=ORIENTED_EDGE('',*,*,#11261,.F.);
#9510=ORIENTED_EDGE('',*,*,#11262,.F.);
#9511=ORIENTED_EDGE('',*,*,#11263,.F.);
#9512=ORIENTED_EDGE('',*,*,#11264,.F.);
#9513=ORIENTED_EDGE('',*,*,#11265,.F.);
#9514=ORIENTED_EDGE('',*,*,#11266,.F.);
#9515=ORIENTED_EDGE('',*,*,#11267,.F.);
#9516=ORIENTED_EDGE('',*,*,#11268,.F.);
#9517=ORIENTED_EDGE('',*,*,#11269,.F.);
#9518=ORIENTED_EDGE('',*,*,#11270,.F.);
#9519=ORIENTED_EDGE('',*,*,#11271,.F.);
#9520=ORIENTED_EDGE('',*,*,#11272,.F.);
#9521=ORIENTED_EDGE('',*,*,#11273,.F.);
#9522=ORIENTED_EDGE('',*,*,#11274,.F.);
#9523=ORIENTED_EDGE('',*,*,#11275,.F.);
#9524=ORIENTED_EDGE('',*,*,#11276,.F.);
#9525=ORIENTED_EDGE('',*,*,#11277,.F.);
#9526=ORIENTED_EDGE('',*,*,#11278,.F.);
#9527=ORIENTED_EDGE('',*,*,#11279,.F.);
#9528=ORIENTED_EDGE('',*,*,#11280,.F.);
#9529=ORIENTED_EDGE('',*,*,#11281,.F.);
#9530=ORIENTED_EDGE('',*,*,#11282,.F.);
#9531=ORIENTED_EDGE('',*,*,#11283,.F.);
#9532=ORIENTED_EDGE('',*,*,#11284,.F.);
#9533=ORIENTED_EDGE('',*,*,#11285,.F.);
#9534=ORIENTED_EDGE('',*,*,#11286,.F.);
#9535=ORIENTED_EDGE('',*,*,#11287,.F.);
#9536=ORIENTED_EDGE('',*,*,#11288,.F.);
#9537=ORIENTED_EDGE('',*,*,#11289,.F.);
#9538=ORIENTED_EDGE('',*,*,#11290,.F.);
#9539=ORIENTED_EDGE('',*,*,#11291,.F.);
#9540=ORIENTED_EDGE('',*,*,#11292,.F.);
#9541=ORIENTED_EDGE('',*,*,#11293,.F.);
#9542=ORIENTED_EDGE('',*,*,#11294,.F.);
#9543=ORIENTED_EDGE('',*,*,#11295,.F.);
#9544=ORIENTED_EDGE('',*,*,#11296,.F.);
#9545=ORIENTED_EDGE('',*,*,#11297,.F.);
#9546=ORIENTED_EDGE('',*,*,#11298,.F.);
#9547=ORIENTED_EDGE('',*,*,#11299,.F.);
#9548=ORIENTED_EDGE('',*,*,#11300,.F.);
#9549=ORIENTED_EDGE('',*,*,#11301,.F.);
#9550=ORIENTED_EDGE('',*,*,#11302,.F.);
#9551=ORIENTED_EDGE('',*,*,#11303,.F.);
#9552=ORIENTED_EDGE('',*,*,#11304,.F.);
#9553=ORIENTED_EDGE('',*,*,#11305,.F.);
#9554=ORIENTED_EDGE('',*,*,#11306,.F.);
#9555=ORIENTED_EDGE('',*,*,#11307,.F.);
#9556=ORIENTED_EDGE('',*,*,#11308,.F.);
#9557=ORIENTED_EDGE('',*,*,#11309,.F.);
#9558=ORIENTED_EDGE('',*,*,#11310,.F.);
#9559=ORIENTED_EDGE('',*,*,#11311,.F.);
#9560=ORIENTED_EDGE('',*,*,#11312,.F.);
#9561=ORIENTED_EDGE('',*,*,#11313,.F.);
#9562=ORIENTED_EDGE('',*,*,#11314,.F.);
#9563=ORIENTED_EDGE('',*,*,#11315,.F.);
#9564=ORIENTED_EDGE('',*,*,#11316,.F.);
#9565=ORIENTED_EDGE('',*,*,#11317,.F.);
#9566=ORIENTED_EDGE('',*,*,#11318,.F.);
#9567=ORIENTED_EDGE('',*,*,#11319,.F.);
#9568=ORIENTED_EDGE('',*,*,#11320,.F.);
#9569=ORIENTED_EDGE('',*,*,#11321,.F.);
#9570=ORIENTED_EDGE('',*,*,#11322,.F.);
#9571=ORIENTED_EDGE('',*,*,#11323,.F.);
#9572=ORIENTED_EDGE('',*,*,#11324,.F.);
#9573=ORIENTED_EDGE('',*,*,#11325,.F.);
#9574=ORIENTED_EDGE('',*,*,#11326,.F.);
#9575=ORIENTED_EDGE('',*,*,#11327,.F.);
#9576=ORIENTED_EDGE('',*,*,#11328,.T.);
#9577=ORIENTED_EDGE('',*,*,#10870,.T.);
#9578=ORIENTED_EDGE('',*,*,#10868,.T.);
#9579=ORIENTED_EDGE('',*,*,#10866,.T.);
#9580=ORIENTED_EDGE('',*,*,#10864,.T.);
#9581=ORIENTED_EDGE('',*,*,#10862,.T.);
#9582=ORIENTED_EDGE('',*,*,#10860,.T.);
#9583=ORIENTED_EDGE('',*,*,#10858,.T.);
#9584=ORIENTED_EDGE('',*,*,#10856,.T.);
#9585=ORIENTED_EDGE('',*,*,#10854,.T.);
#9586=ORIENTED_EDGE('',*,*,#10852,.T.);
#9587=ORIENTED_EDGE('',*,*,#10850,.T.);
#9588=ORIENTED_EDGE('',*,*,#10848,.T.);
#9589=ORIENTED_EDGE('',*,*,#10846,.T.);
#9590=ORIENTED_EDGE('',*,*,#10844,.T.);
#9591=ORIENTED_EDGE('',*,*,#10842,.T.);
#9592=ORIENTED_EDGE('',*,*,#10840,.T.);
#9593=ORIENTED_EDGE('',*,*,#10838,.T.);
#9594=ORIENTED_EDGE('',*,*,#10836,.T.);
#9595=ORIENTED_EDGE('',*,*,#10834,.T.);
#9596=ORIENTED_EDGE('',*,*,#10832,.T.);
#9597=ORIENTED_EDGE('',*,*,#10830,.T.);
#9598=ORIENTED_EDGE('',*,*,#10828,.T.);
#9599=ORIENTED_EDGE('',*,*,#10826,.T.);
#9600=ORIENTED_EDGE('',*,*,#10824,.T.);
#9601=ORIENTED_EDGE('',*,*,#11327,.T.);
#9602=ORIENTED_EDGE('',*,*,#11329,.T.);
#9603=ORIENTED_EDGE('',*,*,#10871,.F.);
#9604=ORIENTED_EDGE('',*,*,#11330,.F.);
#9605=ORIENTED_EDGE('',*,*,#11326,.T.);
#9606=ORIENTED_EDGE('',*,*,#11331,.T.);
#9607=ORIENTED_EDGE('',*,*,#10872,.F.);
#9608=ORIENTED_EDGE('',*,*,#11329,.F.);
#9609=ORIENTED_EDGE('',*,*,#11325,.T.);
#9610=ORIENTED_EDGE('',*,*,#11332,.T.);
#9611=ORIENTED_EDGE('',*,*,#10873,.F.);
#9612=ORIENTED_EDGE('',*,*,#11331,.F.);
#9613=ORIENTED_EDGE('',*,*,#11324,.T.);
#9614=ORIENTED_EDGE('',*,*,#11333,.T.);
#9615=ORIENTED_EDGE('',*,*,#10874,.F.);
#9616=ORIENTED_EDGE('',*,*,#11332,.F.);
#9617=ORIENTED_EDGE('',*,*,#11323,.T.);
#9618=ORIENTED_EDGE('',*,*,#11334,.T.);
#9619=ORIENTED_EDGE('',*,*,#10875,.F.);
#9620=ORIENTED_EDGE('',*,*,#11333,.F.);
#9621=ORIENTED_EDGE('',*,*,#11322,.T.);
#9622=ORIENTED_EDGE('',*,*,#11335,.T.);
#9623=ORIENTED_EDGE('',*,*,#10876,.F.);
#9624=ORIENTED_EDGE('',*,*,#11334,.F.);
#9625=ORIENTED_EDGE('',*,*,#11321,.T.);
#9626=ORIENTED_EDGE('',*,*,#11336,.T.);
#9627=ORIENTED_EDGE('',*,*,#10877,.F.);
#9628=ORIENTED_EDGE('',*,*,#11335,.F.);
#9629=ORIENTED_EDGE('',*,*,#11320,.T.);
#9630=ORIENTED_EDGE('',*,*,#11337,.T.);
#9631=ORIENTED_EDGE('',*,*,#10878,.F.);
#9632=ORIENTED_EDGE('',*,*,#11336,.F.);
#9633=ORIENTED_EDGE('',*,*,#11319,.T.);
#9634=ORIENTED_EDGE('',*,*,#11338,.T.);
#9635=ORIENTED_EDGE('',*,*,#10879,.F.);
#9636=ORIENTED_EDGE('',*,*,#11337,.F.);
#9637=ORIENTED_EDGE('',*,*,#11318,.T.);
#9638=ORIENTED_EDGE('',*,*,#11339,.T.);
#9639=ORIENTED_EDGE('',*,*,#10880,.F.);
#9640=ORIENTED_EDGE('',*,*,#11338,.F.);
#9641=ORIENTED_EDGE('',*,*,#11317,.T.);
#9642=ORIENTED_EDGE('',*,*,#11340,.T.);
#9643=ORIENTED_EDGE('',*,*,#10881,.F.);
#9644=ORIENTED_EDGE('',*,*,#11339,.F.);
#9645=ORIENTED_EDGE('',*,*,#11316,.T.);
#9646=ORIENTED_EDGE('',*,*,#11341,.T.);
#9647=ORIENTED_EDGE('',*,*,#10882,.F.);
#9648=ORIENTED_EDGE('',*,*,#11340,.F.);
#9649=ORIENTED_EDGE('',*,*,#11315,.T.);
#9650=ORIENTED_EDGE('',*,*,#11342,.T.);
#9651=ORIENTED_EDGE('',*,*,#10883,.F.);
#9652=ORIENTED_EDGE('',*,*,#11341,.F.);
#9653=ORIENTED_EDGE('',*,*,#11314,.T.);
#9654=ORIENTED_EDGE('',*,*,#11343,.T.);
#9655=ORIENTED_EDGE('',*,*,#10884,.F.);
#9656=ORIENTED_EDGE('',*,*,#11342,.F.);
#9657=ORIENTED_EDGE('',*,*,#11313,.T.);
#9658=ORIENTED_EDGE('',*,*,#11344,.T.);
#9659=ORIENTED_EDGE('',*,*,#10885,.F.);
#9660=ORIENTED_EDGE('',*,*,#11343,.F.);
#9661=ORIENTED_EDGE('',*,*,#11312,.T.);
#9662=ORIENTED_EDGE('',*,*,#11345,.T.);
#9663=ORIENTED_EDGE('',*,*,#10886,.F.);
#9664=ORIENTED_EDGE('',*,*,#11344,.F.);
#9665=ORIENTED_EDGE('',*,*,#11311,.T.);
#9666=ORIENTED_EDGE('',*,*,#11346,.T.);
#9667=ORIENTED_EDGE('',*,*,#10887,.F.);
#9668=ORIENTED_EDGE('',*,*,#11345,.F.);
#9669=ORIENTED_EDGE('',*,*,#11310,.T.);
#9670=ORIENTED_EDGE('',*,*,#11347,.T.);
#9671=ORIENTED_EDGE('',*,*,#10888,.F.);
#9672=ORIENTED_EDGE('',*,*,#11346,.F.);
#9673=ORIENTED_EDGE('',*,*,#11309,.T.);
#9674=ORIENTED_EDGE('',*,*,#11348,.T.);
#9675=ORIENTED_EDGE('',*,*,#10889,.F.);
#9676=ORIENTED_EDGE('',*,*,#11347,.F.);
#9677=ORIENTED_EDGE('',*,*,#11308,.T.);
#9678=ORIENTED_EDGE('',*,*,#11349,.T.);
#9679=ORIENTED_EDGE('',*,*,#10890,.F.);
#9680=ORIENTED_EDGE('',*,*,#11348,.F.);
#9681=ORIENTED_EDGE('',*,*,#11307,.T.);
#9682=ORIENTED_EDGE('',*,*,#11350,.T.);
#9683=ORIENTED_EDGE('',*,*,#10891,.F.);
#9684=ORIENTED_EDGE('',*,*,#11349,.F.);
#9685=ORIENTED_EDGE('',*,*,#11306,.T.);
#9686=ORIENTED_EDGE('',*,*,#11351,.T.);
#9687=ORIENTED_EDGE('',*,*,#10892,.F.);
#9688=ORIENTED_EDGE('',*,*,#11350,.F.);
#9689=ORIENTED_EDGE('',*,*,#11305,.T.);
#9690=ORIENTED_EDGE('',*,*,#11352,.T.);
#9691=ORIENTED_EDGE('',*,*,#10893,.F.);
#9692=ORIENTED_EDGE('',*,*,#11351,.F.);
#9693=ORIENTED_EDGE('',*,*,#11304,.T.);
#9694=ORIENTED_EDGE('',*,*,#11353,.T.);
#9695=ORIENTED_EDGE('',*,*,#10894,.F.);
#9696=ORIENTED_EDGE('',*,*,#11352,.F.);
#9697=ORIENTED_EDGE('',*,*,#11303,.T.);
#9698=ORIENTED_EDGE('',*,*,#11354,.T.);
#9699=ORIENTED_EDGE('',*,*,#10895,.F.);
#9700=ORIENTED_EDGE('',*,*,#11353,.F.);
#9701=ORIENTED_EDGE('',*,*,#11302,.T.);
#9702=ORIENTED_EDGE('',*,*,#11355,.T.);
#9703=ORIENTED_EDGE('',*,*,#10896,.F.);
#9704=ORIENTED_EDGE('',*,*,#11354,.F.);
#9705=ORIENTED_EDGE('',*,*,#11301,.T.);
#9706=ORIENTED_EDGE('',*,*,#11356,.T.);
#9707=ORIENTED_EDGE('',*,*,#10897,.F.);
#9708=ORIENTED_EDGE('',*,*,#11355,.F.);
#9709=ORIENTED_EDGE('',*,*,#11300,.T.);
#9710=ORIENTED_EDGE('',*,*,#11357,.T.);
#9711=ORIENTED_EDGE('',*,*,#10898,.F.);
#9712=ORIENTED_EDGE('',*,*,#11356,.F.);
#9713=ORIENTED_EDGE('',*,*,#11299,.T.);
#9714=ORIENTED_EDGE('',*,*,#11358,.T.);
#9715=ORIENTED_EDGE('',*,*,#10899,.F.);
#9716=ORIENTED_EDGE('',*,*,#11357,.F.);
#9717=ORIENTED_EDGE('',*,*,#11298,.T.);
#9718=ORIENTED_EDGE('',*,*,#11359,.T.);
#9719=ORIENTED_EDGE('',*,*,#10900,.F.);
#9720=ORIENTED_EDGE('',*,*,#11358,.F.);
#9721=ORIENTED_EDGE('',*,*,#11297,.T.);
#9722=ORIENTED_EDGE('',*,*,#11360,.T.);
#9723=ORIENTED_EDGE('',*,*,#10901,.F.);
#9724=ORIENTED_EDGE('',*,*,#11359,.F.);
#9725=ORIENTED_EDGE('',*,*,#11296,.T.);
#9726=ORIENTED_EDGE('',*,*,#11361,.T.);
#9727=ORIENTED_EDGE('',*,*,#10902,.F.);
#9728=ORIENTED_EDGE('',*,*,#11360,.F.);
#9729=ORIENTED_EDGE('',*,*,#11295,.T.);
#9730=ORIENTED_EDGE('',*,*,#11362,.T.);
#9731=ORIENTED_EDGE('',*,*,#10903,.F.);
#9732=ORIENTED_EDGE('',*,*,#11361,.F.);
#9733=ORIENTED_EDGE('',*,*,#11294,.T.);
#9734=ORIENTED_EDGE('',*,*,#11363,.T.);
#9735=ORIENTED_EDGE('',*,*,#10904,.F.);
#9736=ORIENTED_EDGE('',*,*,#11362,.F.);
#9737=ORIENTED_EDGE('',*,*,#11293,.T.);
#9738=ORIENTED_EDGE('',*,*,#11364,.T.);
#9739=ORIENTED_EDGE('',*,*,#10905,.F.);
#9740=ORIENTED_EDGE('',*,*,#11363,.F.);
#9741=ORIENTED_EDGE('',*,*,#11292,.T.);
#9742=ORIENTED_EDGE('',*,*,#11365,.T.);
#9743=ORIENTED_EDGE('',*,*,#10906,.F.);
#9744=ORIENTED_EDGE('',*,*,#11364,.F.);
#9745=ORIENTED_EDGE('',*,*,#11291,.T.);
#9746=ORIENTED_EDGE('',*,*,#11366,.T.);
#9747=ORIENTED_EDGE('',*,*,#10907,.F.);
#9748=ORIENTED_EDGE('',*,*,#11365,.F.);
#9749=ORIENTED_EDGE('',*,*,#11290,.T.);
#9750=ORIENTED_EDGE('',*,*,#11367,.T.);
#9751=ORIENTED_EDGE('',*,*,#10908,.F.);
#9752=ORIENTED_EDGE('',*,*,#11366,.F.);
#9753=ORIENTED_EDGE('',*,*,#11289,.T.);
#9754=ORIENTED_EDGE('',*,*,#11368,.T.);
#9755=ORIENTED_EDGE('',*,*,#10909,.F.);
#9756=ORIENTED_EDGE('',*,*,#11367,.F.);
#9757=ORIENTED_EDGE('',*,*,#11288,.T.);
#9758=ORIENTED_EDGE('',*,*,#11369,.T.);
#9759=ORIENTED_EDGE('',*,*,#10910,.F.);
#9760=ORIENTED_EDGE('',*,*,#11368,.F.);
#9761=ORIENTED_EDGE('',*,*,#11287,.T.);
#9762=ORIENTED_EDGE('',*,*,#11370,.T.);
#9763=ORIENTED_EDGE('',*,*,#10911,.F.);
#9764=ORIENTED_EDGE('',*,*,#11369,.F.);
#9765=ORIENTED_EDGE('',*,*,#11286,.T.);
#9766=ORIENTED_EDGE('',*,*,#11371,.T.);
#9767=ORIENTED_EDGE('',*,*,#10912,.F.);
#9768=ORIENTED_EDGE('',*,*,#11370,.F.);
#9769=ORIENTED_EDGE('',*,*,#11285,.T.);
#9770=ORIENTED_EDGE('',*,*,#11372,.T.);
#9771=ORIENTED_EDGE('',*,*,#10913,.F.);
#9772=ORIENTED_EDGE('',*,*,#11371,.F.);
#9773=ORIENTED_EDGE('',*,*,#11284,.T.);
#9774=ORIENTED_EDGE('',*,*,#11373,.T.);
#9775=ORIENTED_EDGE('',*,*,#10914,.F.);
#9776=ORIENTED_EDGE('',*,*,#11372,.F.);
#9777=ORIENTED_EDGE('',*,*,#11283,.T.);
#9778=ORIENTED_EDGE('',*,*,#11374,.T.);
#9779=ORIENTED_EDGE('',*,*,#10915,.F.);
#9780=ORIENTED_EDGE('',*,*,#11373,.F.);
#9781=ORIENTED_EDGE('',*,*,#11282,.T.);
#9782=ORIENTED_EDGE('',*,*,#11375,.T.);
#9783=ORIENTED_EDGE('',*,*,#10916,.F.);
#9784=ORIENTED_EDGE('',*,*,#11374,.F.);
#9785=ORIENTED_EDGE('',*,*,#11281,.T.);
#9786=ORIENTED_EDGE('',*,*,#11376,.T.);
#9787=ORIENTED_EDGE('',*,*,#10917,.F.);
#9788=ORIENTED_EDGE('',*,*,#11375,.F.);
#9789=ORIENTED_EDGE('',*,*,#11280,.T.);
#9790=ORIENTED_EDGE('',*,*,#11377,.T.);
#9791=ORIENTED_EDGE('',*,*,#10918,.F.);
#9792=ORIENTED_EDGE('',*,*,#11376,.F.);
#9793=ORIENTED_EDGE('',*,*,#11279,.T.);
#9794=ORIENTED_EDGE('',*,*,#11378,.T.);
#9795=ORIENTED_EDGE('',*,*,#10919,.F.);
#9796=ORIENTED_EDGE('',*,*,#11377,.F.);
#9797=ORIENTED_EDGE('',*,*,#11278,.T.);
#9798=ORIENTED_EDGE('',*,*,#11379,.T.);
#9799=ORIENTED_EDGE('',*,*,#10920,.F.);
#9800=ORIENTED_EDGE('',*,*,#11378,.F.);
#9801=ORIENTED_EDGE('',*,*,#11277,.T.);
#9802=ORIENTED_EDGE('',*,*,#11380,.T.);
#9803=ORIENTED_EDGE('',*,*,#10921,.F.);
#9804=ORIENTED_EDGE('',*,*,#11379,.F.);
#9805=ORIENTED_EDGE('',*,*,#11276,.T.);
#9806=ORIENTED_EDGE('',*,*,#11381,.T.);
#9807=ORIENTED_EDGE('',*,*,#10922,.F.);
#9808=ORIENTED_EDGE('',*,*,#11380,.F.);
#9809=ORIENTED_EDGE('',*,*,#11275,.T.);
#9810=ORIENTED_EDGE('',*,*,#11382,.T.);
#9811=ORIENTED_EDGE('',*,*,#10923,.F.);
#9812=ORIENTED_EDGE('',*,*,#11381,.F.);
#9813=ORIENTED_EDGE('',*,*,#11274,.T.);
#9814=ORIENTED_EDGE('',*,*,#11383,.T.);
#9815=ORIENTED_EDGE('',*,*,#10924,.F.);
#9816=ORIENTED_EDGE('',*,*,#11382,.F.);
#9817=ORIENTED_EDGE('',*,*,#11273,.T.);
#9818=ORIENTED_EDGE('',*,*,#11384,.T.);
#9819=ORIENTED_EDGE('',*,*,#10925,.F.);
#9820=ORIENTED_EDGE('',*,*,#11383,.F.);
#9821=ORIENTED_EDGE('',*,*,#11272,.T.);
#9822=ORIENTED_EDGE('',*,*,#11385,.T.);
#9823=ORIENTED_EDGE('',*,*,#10926,.F.);
#9824=ORIENTED_EDGE('',*,*,#11384,.F.);
#9825=ORIENTED_EDGE('',*,*,#11271,.T.);
#9826=ORIENTED_EDGE('',*,*,#11386,.T.);
#9827=ORIENTED_EDGE('',*,*,#10927,.F.);
#9828=ORIENTED_EDGE('',*,*,#11385,.F.);
#9829=ORIENTED_EDGE('',*,*,#11270,.T.);
#9830=ORIENTED_EDGE('',*,*,#11387,.T.);
#9831=ORIENTED_EDGE('',*,*,#10928,.F.);
#9832=ORIENTED_EDGE('',*,*,#11386,.F.);
#9833=ORIENTED_EDGE('',*,*,#11269,.T.);
#9834=ORIENTED_EDGE('',*,*,#11388,.T.);
#9835=ORIENTED_EDGE('',*,*,#10929,.F.);
#9836=ORIENTED_EDGE('',*,*,#11387,.F.);
#9837=ORIENTED_EDGE('',*,*,#11268,.T.);
#9838=ORIENTED_EDGE('',*,*,#11389,.T.);
#9839=ORIENTED_EDGE('',*,*,#10930,.F.);
#9840=ORIENTED_EDGE('',*,*,#11388,.F.);
#9841=ORIENTED_EDGE('',*,*,#11267,.T.);
#9842=ORIENTED_EDGE('',*,*,#11390,.T.);
#9843=ORIENTED_EDGE('',*,*,#10931,.F.);
#9844=ORIENTED_EDGE('',*,*,#11389,.F.);
#9845=ORIENTED_EDGE('',*,*,#11266,.T.);
#9846=ORIENTED_EDGE('',*,*,#11391,.T.);
#9847=ORIENTED_EDGE('',*,*,#10932,.F.);
#9848=ORIENTED_EDGE('',*,*,#11390,.F.);
#9849=ORIENTED_EDGE('',*,*,#11265,.T.);
#9850=ORIENTED_EDGE('',*,*,#11392,.T.);
#9851=ORIENTED_EDGE('',*,*,#10933,.F.);
#9852=ORIENTED_EDGE('',*,*,#11391,.F.);
#9853=ORIENTED_EDGE('',*,*,#11264,.T.);
#9854=ORIENTED_EDGE('',*,*,#11393,.T.);
#9855=ORIENTED_EDGE('',*,*,#10934,.F.);
#9856=ORIENTED_EDGE('',*,*,#11392,.F.);
#9857=ORIENTED_EDGE('',*,*,#11263,.T.);
#9858=ORIENTED_EDGE('',*,*,#11394,.T.);
#9859=ORIENTED_EDGE('',*,*,#10935,.F.);
#9860=ORIENTED_EDGE('',*,*,#11393,.F.);
#9861=ORIENTED_EDGE('',*,*,#11262,.T.);
#9862=ORIENTED_EDGE('',*,*,#11395,.T.);
#9863=ORIENTED_EDGE('',*,*,#10936,.F.);
#9864=ORIENTED_EDGE('',*,*,#11394,.F.);
#9865=ORIENTED_EDGE('',*,*,#11261,.T.);
#9866=ORIENTED_EDGE('',*,*,#11396,.T.);
#9867=ORIENTED_EDGE('',*,*,#10937,.F.);
#9868=ORIENTED_EDGE('',*,*,#11395,.F.);
#9869=ORIENTED_EDGE('',*,*,#11260,.T.);
#9870=ORIENTED_EDGE('',*,*,#11397,.T.);
#9871=ORIENTED_EDGE('',*,*,#10938,.F.);
#9872=ORIENTED_EDGE('',*,*,#11396,.F.);
#9873=ORIENTED_EDGE('',*,*,#11259,.T.);
#9874=ORIENTED_EDGE('',*,*,#11398,.T.);
#9875=ORIENTED_EDGE('',*,*,#10939,.F.);
#9876=ORIENTED_EDGE('',*,*,#11397,.F.);
#9877=ORIENTED_EDGE('',*,*,#11258,.T.);
#9878=ORIENTED_EDGE('',*,*,#11399,.T.);
#9879=ORIENTED_EDGE('',*,*,#10940,.F.);
#9880=ORIENTED_EDGE('',*,*,#11398,.F.);
#9881=ORIENTED_EDGE('',*,*,#11257,.T.);
#9882=ORIENTED_EDGE('',*,*,#11400,.T.);
#9883=ORIENTED_EDGE('',*,*,#10941,.F.);
#9884=ORIENTED_EDGE('',*,*,#11399,.F.);
#9885=ORIENTED_EDGE('',*,*,#11256,.T.);
#9886=ORIENTED_EDGE('',*,*,#11401,.T.);
#9887=ORIENTED_EDGE('',*,*,#10942,.F.);
#9888=ORIENTED_EDGE('',*,*,#11400,.F.);
#9889=ORIENTED_EDGE('',*,*,#11255,.T.);
#9890=ORIENTED_EDGE('',*,*,#11402,.T.);
#9891=ORIENTED_EDGE('',*,*,#10943,.F.);
#9892=ORIENTED_EDGE('',*,*,#11401,.F.);
#9893=ORIENTED_EDGE('',*,*,#11254,.T.);
#9894=ORIENTED_EDGE('',*,*,#11403,.T.);
#9895=ORIENTED_EDGE('',*,*,#10944,.F.);
#9896=ORIENTED_EDGE('',*,*,#11402,.F.);
#9897=ORIENTED_EDGE('',*,*,#11253,.T.);
#9898=ORIENTED_EDGE('',*,*,#11404,.T.);
#9899=ORIENTED_EDGE('',*,*,#10945,.F.);
#9900=ORIENTED_EDGE('',*,*,#11403,.F.);
#9901=ORIENTED_EDGE('',*,*,#11252,.T.);
#9902=ORIENTED_EDGE('',*,*,#11405,.T.);
#9903=ORIENTED_EDGE('',*,*,#10946,.F.);
#9904=ORIENTED_EDGE('',*,*,#11404,.F.);
#9905=ORIENTED_EDGE('',*,*,#11251,.T.);
#9906=ORIENTED_EDGE('',*,*,#11406,.T.);
#9907=ORIENTED_EDGE('',*,*,#10947,.F.);
#9908=ORIENTED_EDGE('',*,*,#11405,.F.);
#9909=ORIENTED_EDGE('',*,*,#11250,.T.);
#9910=ORIENTED_EDGE('',*,*,#11407,.T.);
#9911=ORIENTED_EDGE('',*,*,#10948,.F.);
#9912=ORIENTED_EDGE('',*,*,#11406,.F.);
#9913=ORIENTED_EDGE('',*,*,#11249,.T.);
#9914=ORIENTED_EDGE('',*,*,#11408,.T.);
#9915=ORIENTED_EDGE('',*,*,#10949,.F.);
#9916=ORIENTED_EDGE('',*,*,#11407,.F.);
#9917=ORIENTED_EDGE('',*,*,#11248,.T.);
#9918=ORIENTED_EDGE('',*,*,#11409,.T.);
#9919=ORIENTED_EDGE('',*,*,#10950,.F.);
#9920=ORIENTED_EDGE('',*,*,#11408,.F.);
#9921=ORIENTED_EDGE('',*,*,#11247,.T.);
#9922=ORIENTED_EDGE('',*,*,#11410,.T.);
#9923=ORIENTED_EDGE('',*,*,#10951,.F.);
#9924=ORIENTED_EDGE('',*,*,#11409,.F.);
#9925=ORIENTED_EDGE('',*,*,#11246,.T.);
#9926=ORIENTED_EDGE('',*,*,#11411,.T.);
#9927=ORIENTED_EDGE('',*,*,#10952,.F.);
#9928=ORIENTED_EDGE('',*,*,#11410,.F.);
#9929=ORIENTED_EDGE('',*,*,#11245,.T.);
#9930=ORIENTED_EDGE('',*,*,#11412,.T.);
#9931=ORIENTED_EDGE('',*,*,#10953,.F.);
#9932=ORIENTED_EDGE('',*,*,#11411,.F.);
#9933=ORIENTED_EDGE('',*,*,#11244,.T.);
#9934=ORIENTED_EDGE('',*,*,#11413,.T.);
#9935=ORIENTED_EDGE('',*,*,#10954,.F.);
#9936=ORIENTED_EDGE('',*,*,#11412,.F.);
#9937=ORIENTED_EDGE('',*,*,#11243,.T.);
#9938=ORIENTED_EDGE('',*,*,#11414,.T.);
#9939=ORIENTED_EDGE('',*,*,#10955,.F.);
#9940=ORIENTED_EDGE('',*,*,#11413,.F.);
#9941=ORIENTED_EDGE('',*,*,#11242,.T.);
#9942=ORIENTED_EDGE('',*,*,#11415,.T.);
#9943=ORIENTED_EDGE('',*,*,#10956,.F.);
#9944=ORIENTED_EDGE('',*,*,#11414,.F.);
#9945=ORIENTED_EDGE('',*,*,#11241,.T.);
#9946=ORIENTED_EDGE('',*,*,#11416,.T.);
#9947=ORIENTED_EDGE('',*,*,#10957,.F.);
#9948=ORIENTED_EDGE('',*,*,#11415,.F.);
#9949=ORIENTED_EDGE('',*,*,#11240,.T.);
#9950=ORIENTED_EDGE('',*,*,#11417,.T.);
#9951=ORIENTED_EDGE('',*,*,#10958,.F.);
#9952=ORIENTED_EDGE('',*,*,#11416,.F.);
#9953=ORIENTED_EDGE('',*,*,#11239,.T.);
#9954=ORIENTED_EDGE('',*,*,#11418,.T.);
#9955=ORIENTED_EDGE('',*,*,#10959,.F.);
#9956=ORIENTED_EDGE('',*,*,#11417,.F.);
#9957=ORIENTED_EDGE('',*,*,#11238,.T.);
#9958=ORIENTED_EDGE('',*,*,#11419,.T.);
#9959=ORIENTED_EDGE('',*,*,#10960,.F.);
#9960=ORIENTED_EDGE('',*,*,#11418,.F.);
#9961=ORIENTED_EDGE('',*,*,#11237,.T.);
#9962=ORIENTED_EDGE('',*,*,#11420,.T.);
#9963=ORIENTED_EDGE('',*,*,#10961,.F.);
#9964=ORIENTED_EDGE('',*,*,#11419,.F.);
#9965=ORIENTED_EDGE('',*,*,#11236,.T.);
#9966=ORIENTED_EDGE('',*,*,#11421,.T.);
#9967=ORIENTED_EDGE('',*,*,#10962,.F.);
#9968=ORIENTED_EDGE('',*,*,#11420,.F.);
#9969=ORIENTED_EDGE('',*,*,#11235,.T.);
#9970=ORIENTED_EDGE('',*,*,#11422,.T.);
#9971=ORIENTED_EDGE('',*,*,#10963,.F.);
#9972=ORIENTED_EDGE('',*,*,#11421,.F.);
#9973=ORIENTED_EDGE('',*,*,#11234,.T.);
#9974=ORIENTED_EDGE('',*,*,#11423,.T.);
#9975=ORIENTED_EDGE('',*,*,#10964,.F.);
#9976=ORIENTED_EDGE('',*,*,#11422,.F.);
#9977=ORIENTED_EDGE('',*,*,#11233,.T.);
#9978=ORIENTED_EDGE('',*,*,#11424,.T.);
#9979=ORIENTED_EDGE('',*,*,#10965,.F.);
#9980=ORIENTED_EDGE('',*,*,#11423,.F.);
#9981=ORIENTED_EDGE('',*,*,#11232,.T.);
#9982=ORIENTED_EDGE('',*,*,#11425,.T.);
#9983=ORIENTED_EDGE('',*,*,#10966,.F.);
#9984=ORIENTED_EDGE('',*,*,#11424,.F.);
#9985=ORIENTED_EDGE('',*,*,#11426,.T.);
#9986=ORIENTED_EDGE('',*,*,#10967,.F.);
#9987=ORIENTED_EDGE('',*,*,#11425,.F.);
#9988=ORIENTED_EDGE('',*,*,#11231,.T.);
#9989=ORIENTED_EDGE('',*,*,#11230,.T.);
#9990=ORIENTED_EDGE('',*,*,#11427,.T.);
#9991=ORIENTED_EDGE('',*,*,#10968,.F.);
#9992=ORIENTED_EDGE('',*,*,#11426,.F.);
#9993=ORIENTED_EDGE('',*,*,#11229,.T.);
#9994=ORIENTED_EDGE('',*,*,#11428,.T.);
#9995=ORIENTED_EDGE('',*,*,#10969,.F.);
#9996=ORIENTED_EDGE('',*,*,#11427,.F.);
#9997=ORIENTED_EDGE('',*,*,#11228,.T.);
#9998=ORIENTED_EDGE('',*,*,#11429,.T.);
#9999=ORIENTED_EDGE('',*,*,#10970,.F.);
#10000=ORIENTED_EDGE('',*,*,#11428,.F.);
#10001=ORIENTED_EDGE('',*,*,#11227,.T.);
#10002=ORIENTED_EDGE('',*,*,#11430,.T.);
#10003=ORIENTED_EDGE('',*,*,#10971,.F.);
#10004=ORIENTED_EDGE('',*,*,#11429,.F.);
#10005=ORIENTED_EDGE('',*,*,#11226,.T.);
#10006=ORIENTED_EDGE('',*,*,#11431,.T.);
#10007=ORIENTED_EDGE('',*,*,#10972,.F.);
#10008=ORIENTED_EDGE('',*,*,#11430,.F.);
#10009=ORIENTED_EDGE('',*,*,#11225,.T.);
#10010=ORIENTED_EDGE('',*,*,#11432,.T.);
#10011=ORIENTED_EDGE('',*,*,#10973,.F.);
#10012=ORIENTED_EDGE('',*,*,#11431,.F.);
#10013=ORIENTED_EDGE('',*,*,#11224,.T.);
#10014=ORIENTED_EDGE('',*,*,#11433,.T.);
#10015=ORIENTED_EDGE('',*,*,#10974,.F.);
#10016=ORIENTED_EDGE('',*,*,#11432,.F.);
#10017=ORIENTED_EDGE('',*,*,#11223,.T.);
#10018=ORIENTED_EDGE('',*,*,#11434,.T.);
#10019=ORIENTED_EDGE('',*,*,#10975,.F.);
#10020=ORIENTED_EDGE('',*,*,#11433,.F.);
#10021=ORIENTED_EDGE('',*,*,#11222,.T.);
#10022=ORIENTED_EDGE('',*,*,#11435,.T.);
#10023=ORIENTED_EDGE('',*,*,#10976,.F.);
#10024=ORIENTED_EDGE('',*,*,#11434,.F.);
#10025=ORIENTED_EDGE('',*,*,#11221,.T.);
#10026=ORIENTED_EDGE('',*,*,#11436,.T.);
#10027=ORIENTED_EDGE('',*,*,#10977,.F.);
#10028=ORIENTED_EDGE('',*,*,#11435,.F.);
#10029=ORIENTED_EDGE('',*,*,#11220,.T.);
#10030=ORIENTED_EDGE('',*,*,#11437,.T.);
#10031=ORIENTED_EDGE('',*,*,#10978,.F.);
#10032=ORIENTED_EDGE('',*,*,#11436,.F.);
#10033=ORIENTED_EDGE('',*,*,#11219,.T.);
#10034=ORIENTED_EDGE('',*,*,#11438,.T.);
#10035=ORIENTED_EDGE('',*,*,#10979,.F.);
#10036=ORIENTED_EDGE('',*,*,#11437,.F.);
#10037=ORIENTED_EDGE('',*,*,#11218,.T.);
#10038=ORIENTED_EDGE('',*,*,#11439,.T.);
#10039=ORIENTED_EDGE('',*,*,#10980,.F.);
#10040=ORIENTED_EDGE('',*,*,#11438,.F.);
#10041=ORIENTED_EDGE('',*,*,#11440,.T.);
#10042=ORIENTED_EDGE('',*,*,#10981,.F.);
#10043=ORIENTED_EDGE('',*,*,#11439,.F.);
#10044=ORIENTED_EDGE('',*,*,#11217,.T.);
#10045=ORIENTED_EDGE('',*,*,#11216,.T.);
#10046=ORIENTED_EDGE('',*,*,#11441,.T.);
#10047=ORIENTED_EDGE('',*,*,#10982,.F.);
#10048=ORIENTED_EDGE('',*,*,#11440,.F.);
#10049=ORIENTED_EDGE('',*,*,#11215,.T.);
#10050=ORIENTED_EDGE('',*,*,#11442,.T.);
#10051=ORIENTED_EDGE('',*,*,#10983,.F.);
#10052=ORIENTED_EDGE('',*,*,#11441,.F.);
#10053=ORIENTED_EDGE('',*,*,#11214,.T.);
#10054=ORIENTED_EDGE('',*,*,#11443,.T.);
#10055=ORIENTED_EDGE('',*,*,#10984,.F.);
#10056=ORIENTED_EDGE('',*,*,#11442,.F.);
#10057=ORIENTED_EDGE('',*,*,#11444,.T.);
#10058=ORIENTED_EDGE('',*,*,#10985,.F.);
#10059=ORIENTED_EDGE('',*,*,#11443,.F.);
#10060=ORIENTED_EDGE('',*,*,#11213,.T.);
#10061=ORIENTED_EDGE('',*,*,#11212,.T.);
#10062=ORIENTED_EDGE('',*,*,#11445,.T.);
#10063=ORIENTED_EDGE('',*,*,#10986,.F.);
#10064=ORIENTED_EDGE('',*,*,#11444,.F.);
#10065=ORIENTED_EDGE('',*,*,#11211,.T.);
#10066=ORIENTED_EDGE('',*,*,#11446,.T.);
#10067=ORIENTED_EDGE('',*,*,#10987,.F.);
#10068=ORIENTED_EDGE('',*,*,#11445,.F.);
#10069=ORIENTED_EDGE('',*,*,#11210,.T.);
#10070=ORIENTED_EDGE('',*,*,#11447,.T.);
#10071=ORIENTED_EDGE('',*,*,#10988,.F.);
#10072=ORIENTED_EDGE('',*,*,#11446,.F.);
#10073=ORIENTED_EDGE('',*,*,#11448,.T.);
#10074=ORIENTED_EDGE('',*,*,#10989,.F.);
#10075=ORIENTED_EDGE('',*,*,#11447,.F.);
#10076=ORIENTED_EDGE('',*,*,#11209,.T.);
#10077=ORIENTED_EDGE('',*,*,#11208,.T.);
#10078=ORIENTED_EDGE('',*,*,#11449,.T.);
#10079=ORIENTED_EDGE('',*,*,#10990,.F.);
#10080=ORIENTED_EDGE('',*,*,#11448,.F.);
#10081=ORIENTED_EDGE('',*,*,#11207,.T.);
#10082=ORIENTED_EDGE('',*,*,#11450,.T.);
#10083=ORIENTED_EDGE('',*,*,#10991,.F.);
#10084=ORIENTED_EDGE('',*,*,#11449,.F.);
#10085=ORIENTED_EDGE('',*,*,#11206,.T.);
#10086=ORIENTED_EDGE('',*,*,#11451,.T.);
#10087=ORIENTED_EDGE('',*,*,#10992,.F.);
#10088=ORIENTED_EDGE('',*,*,#11450,.F.);
#10089=ORIENTED_EDGE('',*,*,#11452,.T.);
#10090=ORIENTED_EDGE('',*,*,#10993,.F.);
#10091=ORIENTED_EDGE('',*,*,#11451,.F.);
#10092=ORIENTED_EDGE('',*,*,#11205,.T.);
#10093=ORIENTED_EDGE('',*,*,#11204,.T.);
#10094=ORIENTED_EDGE('',*,*,#11453,.T.);
#10095=ORIENTED_EDGE('',*,*,#10994,.F.);
#10096=ORIENTED_EDGE('',*,*,#11452,.F.);
#10097=ORIENTED_EDGE('',*,*,#11203,.T.);
#10098=ORIENTED_EDGE('',*,*,#11454,.T.);
#10099=ORIENTED_EDGE('',*,*,#10995,.F.);
#10100=ORIENTED_EDGE('',*,*,#11453,.F.);
#10101=ORIENTED_EDGE('',*,*,#11202,.T.);
#10102=ORIENTED_EDGE('',*,*,#11455,.T.);
#10103=ORIENTED_EDGE('',*,*,#10996,.F.);
#10104=ORIENTED_EDGE('',*,*,#11454,.F.);
#10105=ORIENTED_EDGE('',*,*,#11456,.T.);
#10106=ORIENTED_EDGE('',*,*,#10997,.F.);
#10107=ORIENTED_EDGE('',*,*,#11455,.F.);
#10108=ORIENTED_EDGE('',*,*,#11201,.T.);
#10109=ORIENTED_EDGE('',*,*,#11200,.T.);
#10110=ORIENTED_EDGE('',*,*,#11457,.T.);
#10111=ORIENTED_EDGE('',*,*,#10998,.F.);
#10112=ORIENTED_EDGE('',*,*,#11456,.F.);
#10113=ORIENTED_EDGE('',*,*,#11199,.T.);
#10114=ORIENTED_EDGE('',*,*,#11458,.T.);
#10115=ORIENTED_EDGE('',*,*,#10999,.F.);
#10116=ORIENTED_EDGE('',*,*,#11457,.F.);
#10117=ORIENTED_EDGE('',*,*,#11198,.T.);
#10118=ORIENTED_EDGE('',*,*,#11459,.T.);
#10119=ORIENTED_EDGE('',*,*,#11000,.F.);
#10120=ORIENTED_EDGE('',*,*,#11458,.F.);
#10121=ORIENTED_EDGE('',*,*,#11460,.T.);
#10122=ORIENTED_EDGE('',*,*,#11001,.F.);
#10123=ORIENTED_EDGE('',*,*,#11459,.F.);
#10124=ORIENTED_EDGE('',*,*,#11197,.T.);
#10125=ORIENTED_EDGE('',*,*,#11196,.T.);
#10126=ORIENTED_EDGE('',*,*,#11461,.T.);
#10127=ORIENTED_EDGE('',*,*,#11002,.F.);
#10128=ORIENTED_EDGE('',*,*,#11460,.F.);
#10129=ORIENTED_EDGE('',*,*,#11195,.T.);
#10130=ORIENTED_EDGE('',*,*,#11462,.T.);
#10131=ORIENTED_EDGE('',*,*,#11003,.F.);
#10132=ORIENTED_EDGE('',*,*,#11461,.F.);
#10133=ORIENTED_EDGE('',*,*,#11194,.T.);
#10134=ORIENTED_EDGE('',*,*,#11463,.T.);
#10135=ORIENTED_EDGE('',*,*,#11004,.F.);
#10136=ORIENTED_EDGE('',*,*,#11462,.F.);
#10137=ORIENTED_EDGE('',*,*,#11464,.T.);
#10138=ORIENTED_EDGE('',*,*,#11005,.F.);
#10139=ORIENTED_EDGE('',*,*,#11463,.F.);
#10140=ORIENTED_EDGE('',*,*,#11193,.T.);
#10141=ORIENTED_EDGE('',*,*,#11192,.T.);
#10142=ORIENTED_EDGE('',*,*,#11465,.T.);
#10143=ORIENTED_EDGE('',*,*,#11006,.F.);
#10144=ORIENTED_EDGE('',*,*,#11464,.F.);
#10145=ORIENTED_EDGE('',*,*,#11191,.T.);
#10146=ORIENTED_EDGE('',*,*,#11466,.T.);
#10147=ORIENTED_EDGE('',*,*,#11007,.F.);
#10148=ORIENTED_EDGE('',*,*,#11465,.F.);
#10149=ORIENTED_EDGE('',*,*,#11190,.T.);
#10150=ORIENTED_EDGE('',*,*,#11467,.T.);
#10151=ORIENTED_EDGE('',*,*,#11008,.F.);
#10152=ORIENTED_EDGE('',*,*,#11466,.F.);
#10153=ORIENTED_EDGE('',*,*,#11468,.T.);
#10154=ORIENTED_EDGE('',*,*,#11009,.F.);
#10155=ORIENTED_EDGE('',*,*,#11467,.F.);
#10156=ORIENTED_EDGE('',*,*,#11189,.T.);
#10157=ORIENTED_EDGE('',*,*,#11188,.T.);
#10158=ORIENTED_EDGE('',*,*,#11469,.T.);
#10159=ORIENTED_EDGE('',*,*,#11010,.F.);
#10160=ORIENTED_EDGE('',*,*,#11468,.F.);
#10161=ORIENTED_EDGE('',*,*,#11187,.T.);
#10162=ORIENTED_EDGE('',*,*,#11470,.T.);
#10163=ORIENTED_EDGE('',*,*,#11011,.F.);
#10164=ORIENTED_EDGE('',*,*,#11469,.F.);
#10165=ORIENTED_EDGE('',*,*,#11186,.T.);
#10166=ORIENTED_EDGE('',*,*,#11471,.T.);
#10167=ORIENTED_EDGE('',*,*,#11012,.F.);
#10168=ORIENTED_EDGE('',*,*,#11470,.F.);
#10169=ORIENTED_EDGE('',*,*,#11472,.T.);
#10170=ORIENTED_EDGE('',*,*,#11013,.F.);
#10171=ORIENTED_EDGE('',*,*,#11471,.F.);
#10172=ORIENTED_EDGE('',*,*,#11185,.T.);
#10173=ORIENTED_EDGE('',*,*,#11184,.T.);
#10174=ORIENTED_EDGE('',*,*,#11473,.T.);
#10175=ORIENTED_EDGE('',*,*,#11014,.F.);
#10176=ORIENTED_EDGE('',*,*,#11472,.F.);
#10177=ORIENTED_EDGE('',*,*,#11183,.T.);
#10178=ORIENTED_EDGE('',*,*,#11474,.T.);
#10179=ORIENTED_EDGE('',*,*,#11015,.F.);
#10180=ORIENTED_EDGE('',*,*,#11473,.F.);
#10181=ORIENTED_EDGE('',*,*,#11182,.T.);
#10182=ORIENTED_EDGE('',*,*,#11475,.T.);
#10183=ORIENTED_EDGE('',*,*,#11016,.F.);
#10184=ORIENTED_EDGE('',*,*,#11474,.F.);
#10185=ORIENTED_EDGE('',*,*,#11476,.T.);
#10186=ORIENTED_EDGE('',*,*,#11017,.F.);
#10187=ORIENTED_EDGE('',*,*,#11475,.F.);
#10188=ORIENTED_EDGE('',*,*,#11181,.T.);
#10189=ORIENTED_EDGE('',*,*,#11180,.T.);
#10190=ORIENTED_EDGE('',*,*,#11477,.T.);
#10191=ORIENTED_EDGE('',*,*,#11018,.F.);
#10192=ORIENTED_EDGE('',*,*,#11476,.F.);
#10193=ORIENTED_EDGE('',*,*,#11179,.T.);
#10194=ORIENTED_EDGE('',*,*,#11478,.T.);
#10195=ORIENTED_EDGE('',*,*,#11019,.F.);
#10196=ORIENTED_EDGE('',*,*,#11477,.F.);
#10197=ORIENTED_EDGE('',*,*,#11178,.T.);
#10198=ORIENTED_EDGE('',*,*,#11479,.T.);
#10199=ORIENTED_EDGE('',*,*,#11020,.F.);
#10200=ORIENTED_EDGE('',*,*,#11478,.F.);
#10201=ORIENTED_EDGE('',*,*,#11480,.T.);
#10202=ORIENTED_EDGE('',*,*,#11021,.F.);
#10203=ORIENTED_EDGE('',*,*,#11479,.F.);
#10204=ORIENTED_EDGE('',*,*,#11177,.T.);
#10205=ORIENTED_EDGE('',*,*,#11176,.T.);
#10206=ORIENTED_EDGE('',*,*,#11481,.T.);
#10207=ORIENTED_EDGE('',*,*,#11022,.F.);
#10208=ORIENTED_EDGE('',*,*,#11480,.F.);
#10209=ORIENTED_EDGE('',*,*,#11175,.T.);
#10210=ORIENTED_EDGE('',*,*,#11482,.T.);
#10211=ORIENTED_EDGE('',*,*,#11023,.F.);
#10212=ORIENTED_EDGE('',*,*,#11481,.F.);
#10213=ORIENTED_EDGE('',*,*,#11174,.T.);
#10214=ORIENTED_EDGE('',*,*,#11483,.T.);
#10215=ORIENTED_EDGE('',*,*,#11024,.F.);
#10216=ORIENTED_EDGE('',*,*,#11482,.F.);
#10217=ORIENTED_EDGE('',*,*,#11484,.T.);
#10218=ORIENTED_EDGE('',*,*,#11025,.F.);
#10219=ORIENTED_EDGE('',*,*,#11483,.F.);
#10220=ORIENTED_EDGE('',*,*,#11173,.T.);
#10221=ORIENTED_EDGE('',*,*,#11172,.T.);
#10222=ORIENTED_EDGE('',*,*,#11485,.T.);
#10223=ORIENTED_EDGE('',*,*,#11026,.F.);
#10224=ORIENTED_EDGE('',*,*,#11484,.F.);
#10225=ORIENTED_EDGE('',*,*,#11171,.T.);
#10226=ORIENTED_EDGE('',*,*,#11486,.T.);
#10227=ORIENTED_EDGE('',*,*,#11027,.F.);
#10228=ORIENTED_EDGE('',*,*,#11485,.F.);
#10229=ORIENTED_EDGE('',*,*,#11170,.T.);
#10230=ORIENTED_EDGE('',*,*,#11487,.T.);
#10231=ORIENTED_EDGE('',*,*,#11028,.F.);
#10232=ORIENTED_EDGE('',*,*,#11486,.F.);
#10233=ORIENTED_EDGE('',*,*,#11488,.T.);
#10234=ORIENTED_EDGE('',*,*,#11029,.F.);
#10235=ORIENTED_EDGE('',*,*,#11487,.F.);
#10236=ORIENTED_EDGE('',*,*,#11169,.T.);
#10237=ORIENTED_EDGE('',*,*,#11168,.T.);
#10238=ORIENTED_EDGE('',*,*,#11489,.T.);
#10239=ORIENTED_EDGE('',*,*,#11030,.F.);
#10240=ORIENTED_EDGE('',*,*,#11488,.F.);
#10241=ORIENTED_EDGE('',*,*,#11167,.T.);
#10242=ORIENTED_EDGE('',*,*,#11490,.T.);
#10243=ORIENTED_EDGE('',*,*,#11031,.F.);
#10244=ORIENTED_EDGE('',*,*,#11489,.F.);
#10245=ORIENTED_EDGE('',*,*,#11166,.T.);
#10246=ORIENTED_EDGE('',*,*,#11491,.T.);
#10247=ORIENTED_EDGE('',*,*,#11032,.F.);
#10248=ORIENTED_EDGE('',*,*,#11490,.F.);
#10249=ORIENTED_EDGE('',*,*,#11492,.T.);
#10250=ORIENTED_EDGE('',*,*,#11033,.F.);
#10251=ORIENTED_EDGE('',*,*,#11491,.F.);
#10252=ORIENTED_EDGE('',*,*,#11165,.T.);
#10253=ORIENTED_EDGE('',*,*,#11164,.T.);
#10254=ORIENTED_EDGE('',*,*,#11493,.T.);
#10255=ORIENTED_EDGE('',*,*,#11034,.F.);
#10256=ORIENTED_EDGE('',*,*,#11492,.F.);
#10257=ORIENTED_EDGE('',*,*,#11163,.T.);
#10258=ORIENTED_EDGE('',*,*,#11494,.T.);
#10259=ORIENTED_EDGE('',*,*,#11035,.F.);
#10260=ORIENTED_EDGE('',*,*,#11493,.F.);
#10261=ORIENTED_EDGE('',*,*,#11162,.T.);
#10262=ORIENTED_EDGE('',*,*,#11495,.T.);
#10263=ORIENTED_EDGE('',*,*,#11036,.F.);
#10264=ORIENTED_EDGE('',*,*,#11494,.F.);
#10265=ORIENTED_EDGE('',*,*,#11496,.T.);
#10266=ORIENTED_EDGE('',*,*,#11037,.F.);
#10267=ORIENTED_EDGE('',*,*,#11495,.F.);
#10268=ORIENTED_EDGE('',*,*,#11161,.T.);
#10269=ORIENTED_EDGE('',*,*,#11160,.T.);
#10270=ORIENTED_EDGE('',*,*,#11497,.T.);
#10271=ORIENTED_EDGE('',*,*,#11038,.F.);
#10272=ORIENTED_EDGE('',*,*,#11496,.F.);
#10273=ORIENTED_EDGE('',*,*,#11159,.T.);
#10274=ORIENTED_EDGE('',*,*,#11498,.T.);
#10275=ORIENTED_EDGE('',*,*,#11039,.F.);
#10276=ORIENTED_EDGE('',*,*,#11497,.F.);
#10277=ORIENTED_EDGE('',*,*,#11158,.T.);
#10278=ORIENTED_EDGE('',*,*,#11499,.T.);
#10279=ORIENTED_EDGE('',*,*,#11040,.F.);
#10280=ORIENTED_EDGE('',*,*,#11498,.F.);
#10281=ORIENTED_EDGE('',*,*,#11500,.T.);
#10282=ORIENTED_EDGE('',*,*,#11041,.F.);
#10283=ORIENTED_EDGE('',*,*,#11499,.F.);
#10284=ORIENTED_EDGE('',*,*,#11157,.T.);
#10285=ORIENTED_EDGE('',*,*,#11156,.T.);
#10286=ORIENTED_EDGE('',*,*,#11501,.T.);
#10287=ORIENTED_EDGE('',*,*,#11042,.F.);
#10288=ORIENTED_EDGE('',*,*,#11500,.F.);
#10289=ORIENTED_EDGE('',*,*,#11155,.T.);
#10290=ORIENTED_EDGE('',*,*,#11502,.T.);
#10291=ORIENTED_EDGE('',*,*,#11043,.F.);
#10292=ORIENTED_EDGE('',*,*,#11501,.F.);
#10293=ORIENTED_EDGE('',*,*,#11154,.T.);
#10294=ORIENTED_EDGE('',*,*,#11503,.T.);
#10295=ORIENTED_EDGE('',*,*,#11044,.F.);
#10296=ORIENTED_EDGE('',*,*,#11502,.F.);
#10297=ORIENTED_EDGE('',*,*,#11504,.T.);
#10298=ORIENTED_EDGE('',*,*,#11045,.F.);
#10299=ORIENTED_EDGE('',*,*,#11503,.F.);
#10300=ORIENTED_EDGE('',*,*,#11153,.T.);
#10301=ORIENTED_EDGE('',*,*,#11152,.T.);
#10302=ORIENTED_EDGE('',*,*,#11505,.T.);
#10303=ORIENTED_EDGE('',*,*,#11046,.F.);
#10304=ORIENTED_EDGE('',*,*,#11504,.F.);
#10305=ORIENTED_EDGE('',*,*,#11151,.T.);
#10306=ORIENTED_EDGE('',*,*,#11506,.T.);
#10307=ORIENTED_EDGE('',*,*,#11047,.F.);
#10308=ORIENTED_EDGE('',*,*,#11505,.F.);
#10309=ORIENTED_EDGE('',*,*,#11150,.T.);
#10310=ORIENTED_EDGE('',*,*,#11507,.T.);
#10311=ORIENTED_EDGE('',*,*,#11048,.F.);
#10312=ORIENTED_EDGE('',*,*,#11506,.F.);
#10313=ORIENTED_EDGE('',*,*,#11508,.T.);
#10314=ORIENTED_EDGE('',*,*,#11049,.F.);
#10315=ORIENTED_EDGE('',*,*,#11507,.F.);
#10316=ORIENTED_EDGE('',*,*,#11149,.T.);
#10317=ORIENTED_EDGE('',*,*,#11148,.T.);
#10318=ORIENTED_EDGE('',*,*,#11509,.T.);
#10319=ORIENTED_EDGE('',*,*,#11050,.F.);
#10320=ORIENTED_EDGE('',*,*,#11508,.F.);
#10321=ORIENTED_EDGE('',*,*,#11147,.T.);
#10322=ORIENTED_EDGE('',*,*,#11510,.T.);
#10323=ORIENTED_EDGE('',*,*,#11051,.F.);
#10324=ORIENTED_EDGE('',*,*,#11509,.F.);
#10325=ORIENTED_EDGE('',*,*,#11146,.T.);
#10326=ORIENTED_EDGE('',*,*,#11511,.T.);
#10327=ORIENTED_EDGE('',*,*,#11052,.F.);
#10328=ORIENTED_EDGE('',*,*,#11510,.F.);
#10329=ORIENTED_EDGE('',*,*,#11512,.T.);
#10330=ORIENTED_EDGE('',*,*,#11053,.F.);
#10331=ORIENTED_EDGE('',*,*,#11511,.F.);
#10332=ORIENTED_EDGE('',*,*,#11145,.T.);
#10333=ORIENTED_EDGE('',*,*,#11144,.T.);
#10334=ORIENTED_EDGE('',*,*,#11513,.T.);
#10335=ORIENTED_EDGE('',*,*,#11054,.F.);
#10336=ORIENTED_EDGE('',*,*,#11512,.F.);
#10337=ORIENTED_EDGE('',*,*,#11143,.T.);
#10338=ORIENTED_EDGE('',*,*,#11514,.T.);
#10339=ORIENTED_EDGE('',*,*,#11055,.F.);
#10340=ORIENTED_EDGE('',*,*,#11513,.F.);
#10341=ORIENTED_EDGE('',*,*,#11142,.T.);
#10342=ORIENTED_EDGE('',*,*,#11515,.T.);
#10343=ORIENTED_EDGE('',*,*,#11056,.F.);
#10344=ORIENTED_EDGE('',*,*,#11514,.F.);
#10345=ORIENTED_EDGE('',*,*,#11516,.T.);
#10346=ORIENTED_EDGE('',*,*,#11057,.F.);
#10347=ORIENTED_EDGE('',*,*,#11515,.F.);
#10348=ORIENTED_EDGE('',*,*,#11141,.T.);
#10349=ORIENTED_EDGE('',*,*,#11140,.T.);
#10350=ORIENTED_EDGE('',*,*,#11517,.T.);
#10351=ORIENTED_EDGE('',*,*,#11058,.F.);
#10352=ORIENTED_EDGE('',*,*,#11516,.F.);
#10353=ORIENTED_EDGE('',*,*,#11139,.T.);
#10354=ORIENTED_EDGE('',*,*,#11518,.T.);
#10355=ORIENTED_EDGE('',*,*,#11059,.F.);
#10356=ORIENTED_EDGE('',*,*,#11517,.F.);
#10357=ORIENTED_EDGE('',*,*,#11138,.T.);
#10358=ORIENTED_EDGE('',*,*,#11519,.T.);
#10359=ORIENTED_EDGE('',*,*,#11060,.F.);
#10360=ORIENTED_EDGE('',*,*,#11518,.F.);
#10361=ORIENTED_EDGE('',*,*,#11520,.T.);
#10362=ORIENTED_EDGE('',*,*,#11061,.F.);
#10363=ORIENTED_EDGE('',*,*,#11519,.F.);
#10364=ORIENTED_EDGE('',*,*,#11137,.T.);
#10365=ORIENTED_EDGE('',*,*,#11136,.T.);
#10366=ORIENTED_EDGE('',*,*,#11521,.T.);
#10367=ORIENTED_EDGE('',*,*,#11062,.F.);
#10368=ORIENTED_EDGE('',*,*,#11520,.F.);
#10369=ORIENTED_EDGE('',*,*,#11135,.T.);
#10370=ORIENTED_EDGE('',*,*,#11522,.T.);
#10371=ORIENTED_EDGE('',*,*,#11063,.F.);
#10372=ORIENTED_EDGE('',*,*,#11521,.F.);
#10373=ORIENTED_EDGE('',*,*,#11134,.T.);
#10374=ORIENTED_EDGE('',*,*,#11523,.T.);
#10375=ORIENTED_EDGE('',*,*,#11064,.F.);
#10376=ORIENTED_EDGE('',*,*,#11522,.F.);
#10377=ORIENTED_EDGE('',*,*,#11524,.T.);
#10378=ORIENTED_EDGE('',*,*,#11065,.F.);
#10379=ORIENTED_EDGE('',*,*,#11523,.F.);
#10380=ORIENTED_EDGE('',*,*,#11133,.T.);
#10381=ORIENTED_EDGE('',*,*,#11132,.T.);
#10382=ORIENTED_EDGE('',*,*,#11525,.T.);
#10383=ORIENTED_EDGE('',*,*,#11066,.F.);
#10384=ORIENTED_EDGE('',*,*,#11524,.F.);
#10385=ORIENTED_EDGE('',*,*,#11131,.T.);
#10386=ORIENTED_EDGE('',*,*,#11526,.T.);
#10387=ORIENTED_EDGE('',*,*,#11067,.F.);
#10388=ORIENTED_EDGE('',*,*,#11525,.F.);
#10389=ORIENTED_EDGE('',*,*,#11130,.T.);
#10390=ORIENTED_EDGE('',*,*,#11527,.T.);
#10391=ORIENTED_EDGE('',*,*,#11068,.F.);
#10392=ORIENTED_EDGE('',*,*,#11526,.F.);
#10393=ORIENTED_EDGE('',*,*,#11528,.T.);
#10394=ORIENTED_EDGE('',*,*,#11069,.F.);
#10395=ORIENTED_EDGE('',*,*,#11527,.F.);
#10396=ORIENTED_EDGE('',*,*,#11129,.T.);
#10397=ORIENTED_EDGE('',*,*,#11128,.T.);
#10398=ORIENTED_EDGE('',*,*,#11529,.T.);
#10399=ORIENTED_EDGE('',*,*,#11070,.F.);
#10400=ORIENTED_EDGE('',*,*,#11528,.F.);
#10401=ORIENTED_EDGE('',*,*,#11127,.T.);
#10402=ORIENTED_EDGE('',*,*,#11530,.T.);
#10403=ORIENTED_EDGE('',*,*,#11071,.F.);
#10404=ORIENTED_EDGE('',*,*,#11529,.F.);
#10405=ORIENTED_EDGE('',*,*,#11126,.T.);
#10406=ORIENTED_EDGE('',*,*,#11531,.T.);
#10407=ORIENTED_EDGE('',*,*,#11072,.F.);
#10408=ORIENTED_EDGE('',*,*,#11530,.F.);
#10409=ORIENTED_EDGE('',*,*,#11125,.T.);
#10410=ORIENTED_EDGE('',*,*,#11532,.T.);
#10411=ORIENTED_EDGE('',*,*,#11073,.F.);
#10412=ORIENTED_EDGE('',*,*,#11531,.F.);
#10413=ORIENTED_EDGE('',*,*,#11124,.T.);
#10414=ORIENTED_EDGE('',*,*,#11330,.T.);
#10415=ORIENTED_EDGE('',*,*,#11074,.F.);
#10416=ORIENTED_EDGE('',*,*,#11532,.F.);
#10417=ORIENTED_EDGE('',*,*,#11099,.F.);
#10418=ORIENTED_EDGE('',*,*,#11533,.F.);
#10419=ORIENTED_EDGE('',*,*,#11534,.T.);
#10420=ORIENTED_EDGE('',*,*,#11328,.F.);
#10421=ORIENTED_EDGE('',*,*,#11533,.T.);
#10422=ORIENTED_EDGE('',*,*,#11534,.F.);
#10423=ORIENTED_EDGE('',*,*,#11535,.T.);
#10424=ORIENTED_EDGE('',*,*,#11535,.F.);
#10425=ORIENTED_EDGE('',*,*,#11536,.T.);
#10426=ORIENTED_EDGE('',*,*,#11537,.T.);
#10427=ORIENTED_EDGE('',*,*,#11536,.F.);
#10428=ORIENTED_EDGE('',*,*,#11537,.F.);
#10429=ORIENTED_EDGE('',*,*,#11538,.T.);
#10430=ORIENTED_EDGE('',*,*,#11538,.F.);
#10431=ORIENTED_EDGE('',*,*,#11539,.T.);
#10432=ORIENTED_EDGE('',*,*,#11539,.F.);
#10433=ORIENTED_EDGE('',*,*,#11540,.T.);
#10434=ORIENTED_EDGE('',*,*,#11541,.T.);
#10435=ORIENTED_EDGE('',*,*,#11540,.F.);
#10436=ORIENTED_EDGE('',*,*,#11541,.F.);
#10437=ORIENTED_EDGE('',*,*,#11542,.T.);
#10438=ORIENTED_EDGE('',*,*,#11542,.F.);
#10439=ORIENTED_EDGE('',*,*,#11543,.T.);
#10440=ORIENTED_EDGE('',*,*,#11543,.F.);
#10441=ORIENTED_EDGE('',*,*,#11544,.T.);
#10442=ORIENTED_EDGE('',*,*,#11545,.T.);
#10443=ORIENTED_EDGE('',*,*,#11544,.F.);
#10444=ORIENTED_EDGE('',*,*,#11545,.F.);
#10445=ORIENTED_EDGE('',*,*,#11546,.T.);
#10446=ORIENTED_EDGE('',*,*,#11546,.F.);
#10447=ORIENTED_EDGE('',*,*,#11547,.T.);
#10448=ORIENTED_EDGE('',*,*,#11547,.F.);
#10449=ORIENTED_EDGE('',*,*,#11548,.T.);
#10450=ORIENTED_EDGE('',*,*,#11549,.T.);
#10451=ORIENTED_EDGE('',*,*,#11548,.F.);
#10452=ORIENTED_EDGE('',*,*,#11549,.F.);
#10453=ORIENTED_EDGE('',*,*,#11550,.T.);
#10454=ORIENTED_EDGE('',*,*,#11550,.F.);
#10455=ORIENTED_EDGE('',*,*,#11551,.T.);
#10456=ORIENTED_EDGE('',*,*,#11551,.F.);
#10457=ORIENTED_EDGE('',*,*,#11552,.T.);
#10458=ORIENTED_EDGE('',*,*,#11553,.T.);
#10459=ORIENTED_EDGE('',*,*,#11552,.F.);
#10460=ORIENTED_EDGE('',*,*,#11553,.F.);
#10461=ORIENTED_EDGE('',*,*,#11554,.T.);
#10462=ORIENTED_EDGE('',*,*,#11554,.F.);
#10463=ORIENTED_EDGE('',*,*,#11555,.T.);
#10464=ORIENTED_EDGE('',*,*,#11555,.F.);
#10465=ORIENTED_EDGE('',*,*,#11556,.T.);
#10466=ORIENTED_EDGE('',*,*,#11557,.T.);
#10467=ORIENTED_EDGE('',*,*,#11556,.F.);
#10468=ORIENTED_EDGE('',*,*,#11557,.F.);
#10469=ORIENTED_EDGE('',*,*,#11558,.T.);
#10470=ORIENTED_EDGE('',*,*,#11558,.F.);
#10471=ORIENTED_EDGE('',*,*,#11559,.T.);
#10472=ORIENTED_EDGE('',*,*,#11559,.F.);
#10473=ORIENTED_EDGE('',*,*,#11560,.T.);
#10474=ORIENTED_EDGE('',*,*,#11561,.T.);
#10475=ORIENTED_EDGE('',*,*,#11560,.F.);
#10476=ORIENTED_EDGE('',*,*,#11561,.F.);
#10477=ORIENTED_EDGE('',*,*,#11562,.T.);
#10478=ORIENTED_EDGE('',*,*,#11562,.F.);
#10479=ORIENTED_EDGE('',*,*,#11563,.T.);
#10480=ORIENTED_EDGE('',*,*,#11563,.F.);
#10481=ORIENTED_EDGE('',*,*,#11564,.T.);
#10482=ORIENTED_EDGE('',*,*,#11565,.T.);
#10483=ORIENTED_EDGE('',*,*,#11564,.F.);
#10484=ORIENTED_EDGE('',*,*,#11565,.F.);
#10485=ORIENTED_EDGE('',*,*,#11566,.T.);
#10486=ORIENTED_EDGE('',*,*,#11566,.F.);
#10487=ORIENTED_EDGE('',*,*,#11567,.T.);
#10488=ORIENTED_EDGE('',*,*,#11567,.F.);
#10489=ORIENTED_EDGE('',*,*,#11568,.T.);
#10490=ORIENTED_EDGE('',*,*,#11569,.T.);
#10491=ORIENTED_EDGE('',*,*,#11568,.F.);
#10492=ORIENTED_EDGE('',*,*,#11569,.F.);
#10493=ORIENTED_EDGE('',*,*,#11570,.T.);
#10494=ORIENTED_EDGE('',*,*,#11570,.F.);
#10495=ORIENTED_EDGE('',*,*,#11571,.T.);
#10496=ORIENTED_EDGE('',*,*,#11571,.F.);
#10497=ORIENTED_EDGE('',*,*,#11572,.T.);
#10498=ORIENTED_EDGE('',*,*,#11573,.T.);
#10499=ORIENTED_EDGE('',*,*,#11572,.F.);
#10500=ORIENTED_EDGE('',*,*,#11573,.F.);
#10501=ORIENTED_EDGE('',*,*,#11574,.T.);
#10502=ORIENTED_EDGE('',*,*,#11574,.F.);
#10503=ORIENTED_EDGE('',*,*,#11575,.T.);
#10504=ORIENTED_EDGE('',*,*,#11575,.F.);
#10505=ORIENTED_EDGE('',*,*,#11576,.T.);
#10506=ORIENTED_EDGE('',*,*,#11577,.T.);
#10507=ORIENTED_EDGE('',*,*,#11576,.F.);
#10508=ORIENTED_EDGE('',*,*,#11577,.F.);
#10509=ORIENTED_EDGE('',*,*,#11578,.T.);
#10510=ORIENTED_EDGE('',*,*,#11578,.F.);
#10511=ORIENTED_EDGE('',*,*,#11579,.T.);
#10512=ORIENTED_EDGE('',*,*,#11579,.F.);
#10513=ORIENTED_EDGE('',*,*,#11580,.T.);
#10514=ORIENTED_EDGE('',*,*,#11581,.T.);
#10515=ORIENTED_EDGE('',*,*,#11580,.F.);
#10516=ORIENTED_EDGE('',*,*,#11581,.F.);
#10517=ORIENTED_EDGE('',*,*,#11582,.T.);
#10518=ORIENTED_EDGE('',*,*,#11582,.F.);
#10519=ORIENTED_EDGE('',*,*,#11583,.T.);
#10520=ORIENTED_EDGE('',*,*,#11583,.F.);
#10521=ORIENTED_EDGE('',*,*,#11584,.T.);
#10522=ORIENTED_EDGE('',*,*,#11585,.T.);
#10523=ORIENTED_EDGE('',*,*,#11584,.F.);
#10524=ORIENTED_EDGE('',*,*,#11585,.F.);
#10525=ORIENTED_EDGE('',*,*,#11586,.T.);
#10526=ORIENTED_EDGE('',*,*,#11586,.F.);
#10527=ORIENTED_EDGE('',*,*,#11587,.T.);
#10528=ORIENTED_EDGE('',*,*,#11587,.F.);
#10529=ORIENTED_EDGE('',*,*,#11588,.T.);
#10530=ORIENTED_EDGE('',*,*,#11589,.T.);
#10531=ORIENTED_EDGE('',*,*,#11588,.F.);
#10532=ORIENTED_EDGE('',*,*,#11589,.F.);
#10533=ORIENTED_EDGE('',*,*,#11590,.T.);
#10534=ORIENTED_EDGE('',*,*,#11590,.F.);
#10535=ORIENTED_EDGE('',*,*,#11591,.T.);
#10536=ORIENTED_EDGE('',*,*,#11591,.F.);
#10537=ORIENTED_EDGE('',*,*,#11592,.T.);
#10538=ORIENTED_EDGE('',*,*,#11593,.T.);
#10539=ORIENTED_EDGE('',*,*,#11592,.F.);
#10540=ORIENTED_EDGE('',*,*,#11593,.F.);
#10541=ORIENTED_EDGE('',*,*,#11594,.T.);
#10542=ORIENTED_EDGE('',*,*,#11594,.F.);
#10543=ORIENTED_EDGE('',*,*,#11595,.T.);
#10544=ORIENTED_EDGE('',*,*,#11595,.F.);
#10545=ORIENTED_EDGE('',*,*,#11596,.T.);
#10546=ORIENTED_EDGE('',*,*,#11597,.T.);
#10547=ORIENTED_EDGE('',*,*,#11596,.F.);
#10548=ORIENTED_EDGE('',*,*,#11597,.F.);
#10549=ORIENTED_EDGE('',*,*,#11598,.T.);
#10550=ORIENTED_EDGE('',*,*,#11598,.F.);
#10551=ORIENTED_EDGE('',*,*,#11599,.T.);
#10552=ORIENTED_EDGE('',*,*,#11599,.F.);
#10553=ORIENTED_EDGE('',*,*,#11600,.T.);
#10554=ORIENTED_EDGE('',*,*,#11601,.T.);
#10555=ORIENTED_EDGE('',*,*,#11600,.F.);
#10556=ORIENTED_EDGE('',*,*,#11601,.F.);
#10557=ORIENTED_EDGE('',*,*,#11602,.T.);
#10558=ORIENTED_EDGE('',*,*,#11602,.F.);
#10559=ORIENTED_EDGE('',*,*,#11603,.T.);
#10560=ORIENTED_EDGE('',*,*,#11603,.F.);
#10561=ORIENTED_EDGE('',*,*,#11604,.T.);
#10562=ORIENTED_EDGE('',*,*,#11605,.T.);
#10563=ORIENTED_EDGE('',*,*,#11604,.F.);
#10564=ORIENTED_EDGE('',*,*,#11605,.F.);
#10565=ORIENTED_EDGE('',*,*,#11606,.T.);
#10566=ORIENTED_EDGE('',*,*,#11606,.F.);
#10567=ORIENTED_EDGE('',*,*,#11607,.T.);
#10568=ORIENTED_EDGE('',*,*,#11607,.F.);
#10569=ORIENTED_EDGE('',*,*,#11608,.T.);
#10570=ORIENTED_EDGE('',*,*,#11609,.T.);
#10571=ORIENTED_EDGE('',*,*,#11608,.F.);
#10572=ORIENTED_EDGE('',*,*,#11609,.F.);
#10573=ORIENTED_EDGE('',*,*,#11610,.T.);
#10574=ORIENTED_EDGE('',*,*,#11610,.F.);
#10575=ORIENTED_EDGE('',*,*,#11611,.T.);
#10576=ORIENTED_EDGE('',*,*,#11611,.F.);
#10577=ORIENTED_EDGE('',*,*,#11612,.T.);
#10578=ORIENTED_EDGE('',*,*,#11613,.T.);
#10579=ORIENTED_EDGE('',*,*,#11612,.F.);
#10580=ORIENTED_EDGE('',*,*,#11613,.F.);
#10581=ORIENTED_EDGE('',*,*,#11614,.T.);
#10582=ORIENTED_EDGE('',*,*,#11614,.F.);
#10583=ORIENTED_EDGE('',*,*,#11615,.T.);
#10584=ORIENTED_EDGE('',*,*,#11615,.F.);
#10585=ORIENTED_EDGE('',*,*,#11616,.T.);
#10586=ORIENTED_EDGE('',*,*,#11617,.T.);
#10587=ORIENTED_EDGE('',*,*,#11616,.F.);
#10588=ORIENTED_EDGE('',*,*,#11617,.F.);
#10589=ORIENTED_EDGE('',*,*,#11618,.T.);
#10590=ORIENTED_EDGE('',*,*,#11618,.F.);
#10591=ORIENTED_EDGE('',*,*,#11619,.T.);
#10592=ORIENTED_EDGE('',*,*,#11619,.F.);
#10593=ORIENTED_EDGE('',*,*,#11620,.T.);
#10594=ORIENTED_EDGE('',*,*,#11621,.T.);
#10595=ORIENTED_EDGE('',*,*,#11620,.F.);
#10596=ORIENTED_EDGE('',*,*,#11621,.F.);
#10597=ORIENTED_EDGE('',*,*,#11622,.T.);
#10598=ORIENTED_EDGE('',*,*,#11622,.F.);
#10599=ORIENTED_EDGE('',*,*,#11623,.T.);
#10600=ORIENTED_EDGE('',*,*,#11623,.F.);
#10601=ORIENTED_EDGE('',*,*,#11624,.T.);
#10602=ORIENTED_EDGE('',*,*,#11625,.T.);
#10603=ORIENTED_EDGE('',*,*,#11624,.F.);
#10604=ORIENTED_EDGE('',*,*,#11625,.F.);
#10605=ORIENTED_EDGE('',*,*,#11626,.T.);
#10606=ORIENTED_EDGE('',*,*,#11626,.F.);
#10607=ORIENTED_EDGE('',*,*,#11627,.T.);
#10608=ORIENTED_EDGE('',*,*,#11627,.F.);
#10609=ORIENTED_EDGE('',*,*,#11628,.T.);
#10610=ORIENTED_EDGE('',*,*,#11629,.T.);
#10611=ORIENTED_EDGE('',*,*,#11628,.F.);
#10612=ORIENTED_EDGE('',*,*,#11629,.F.);
#10613=ORIENTED_EDGE('',*,*,#11630,.T.);
#10614=ORIENTED_EDGE('',*,*,#11630,.F.);
#10615=ORIENTED_EDGE('',*,*,#11631,.T.);
#10616=ORIENTED_EDGE('',*,*,#11631,.F.);
#10617=ORIENTED_EDGE('',*,*,#11632,.T.);
#10618=ORIENTED_EDGE('',*,*,#11633,.T.);
#10619=ORIENTED_EDGE('',*,*,#11632,.F.);
#10620=ORIENTED_EDGE('',*,*,#11633,.F.);
#10621=ORIENTED_EDGE('',*,*,#11634,.T.);
#10622=ORIENTED_EDGE('',*,*,#11634,.F.);
#10623=ORIENTED_EDGE('',*,*,#11635,.T.);
#10624=ORIENTED_EDGE('',*,*,#11635,.F.);
#10625=ORIENTED_EDGE('',*,*,#11636,.T.);
#10626=ORIENTED_EDGE('',*,*,#11637,.T.);
#10627=ORIENTED_EDGE('',*,*,#11636,.F.);
#10628=ORIENTED_EDGE('',*,*,#11637,.F.);
#10629=ORIENTED_EDGE('',*,*,#11638,.T.);
#10630=ORIENTED_EDGE('',*,*,#11638,.F.);
#10631=ORIENTED_EDGE('',*,*,#11639,.T.);
#10632=ORIENTED_EDGE('',*,*,#11639,.F.);
#10633=ORIENTED_EDGE('',*,*,#11640,.T.);
#10634=ORIENTED_EDGE('',*,*,#11641,.T.);
#10635=ORIENTED_EDGE('',*,*,#11640,.F.);
#10636=ORIENTED_EDGE('',*,*,#11641,.F.);
#10637=ORIENTED_EDGE('',*,*,#11642,.T.);
#10638=ORIENTED_EDGE('',*,*,#11642,.F.);
#10639=ORIENTED_EDGE('',*,*,#11643,.T.);
#10640=ORIENTED_EDGE('',*,*,#11643,.F.);
#10641=ORIENTED_EDGE('',*,*,#11644,.T.);
#10642=ORIENTED_EDGE('',*,*,#11645,.T.);
#10643=ORIENTED_EDGE('',*,*,#11644,.F.);
#10644=ORIENTED_EDGE('',*,*,#11645,.F.);
#10645=ORIENTED_EDGE('',*,*,#11646,.T.);
#10646=ORIENTED_EDGE('',*,*,#11646,.F.);
#10647=ORIENTED_EDGE('',*,*,#11647,.T.);
#10648=ORIENTED_EDGE('',*,*,#11647,.F.);
#10649=ORIENTED_EDGE('',*,*,#11648,.T.);
#10650=ORIENTED_EDGE('',*,*,#11649,.T.);
#10651=ORIENTED_EDGE('',*,*,#11648,.F.);
#10652=ORIENTED_EDGE('',*,*,#11649,.F.);
#10653=ORIENTED_EDGE('',*,*,#11650,.T.);
#10654=ORIENTED_EDGE('',*,*,#11650,.F.);
#10655=ORIENTED_EDGE('',*,*,#11651,.T.);
#10656=ORIENTED_EDGE('',*,*,#11651,.F.);
#10657=ORIENTED_EDGE('',*,*,#11652,.T.);
#10658=ORIENTED_EDGE('',*,*,#11653,.T.);
#10659=ORIENTED_EDGE('',*,*,#11652,.F.);
#10660=ORIENTED_EDGE('',*,*,#11653,.F.);
#10661=ORIENTED_EDGE('',*,*,#11654,.T.);
#10662=ORIENTED_EDGE('',*,*,#11654,.F.);
#10663=ORIENTED_EDGE('',*,*,#11655,.T.);
#10664=ORIENTED_EDGE('',*,*,#11655,.F.);
#10665=ORIENTED_EDGE('',*,*,#11656,.T.);
#10666=ORIENTED_EDGE('',*,*,#11657,.T.);
#10667=ORIENTED_EDGE('',*,*,#11656,.F.);
#10668=ORIENTED_EDGE('',*,*,#11657,.F.);
#10669=ORIENTED_EDGE('',*,*,#11658,.T.);
#10670=ORIENTED_EDGE('',*,*,#11658,.F.);
#10671=ORIENTED_EDGE('',*,*,#11659,.T.);
#10672=ORIENTED_EDGE('',*,*,#11659,.F.);
#10673=ORIENTED_EDGE('',*,*,#11660,.T.);
#10674=ORIENTED_EDGE('',*,*,#11661,.T.);
#10675=ORIENTED_EDGE('',*,*,#11660,.F.);
#10676=ORIENTED_EDGE('',*,*,#11661,.F.);
#10677=ORIENTED_EDGE('',*,*,#11662,.T.);
#10678=ORIENTED_EDGE('',*,*,#11662,.F.);
#10679=ORIENTED_EDGE('',*,*,#11663,.T.);
#10680=ORIENTED_EDGE('',*,*,#11663,.F.);
#10681=ORIENTED_EDGE('',*,*,#11664,.T.);
#10682=ORIENTED_EDGE('',*,*,#11665,.T.);
#10683=ORIENTED_EDGE('',*,*,#11664,.F.);
#10684=ORIENTED_EDGE('',*,*,#11665,.F.);
#10685=ORIENTED_EDGE('',*,*,#11666,.T.);
#10686=ORIENTED_EDGE('',*,*,#11666,.F.);
#10687=ORIENTED_EDGE('',*,*,#11667,.T.);
#10688=ORIENTED_EDGE('',*,*,#11667,.F.);
#10689=ORIENTED_EDGE('',*,*,#11668,.T.);
#10690=ORIENTED_EDGE('',*,*,#11669,.T.);
#10691=ORIENTED_EDGE('',*,*,#11668,.F.);
#10692=ORIENTED_EDGE('',*,*,#11669,.F.);
#10693=ORIENTED_EDGE('',*,*,#11670,.T.);
#10694=ORIENTED_EDGE('',*,*,#11670,.F.);
#10695=ORIENTED_EDGE('',*,*,#11671,.T.);
#10696=ORIENTED_EDGE('',*,*,#11671,.F.);
#10697=ORIENTED_EDGE('',*,*,#11672,.T.);
#10698=ORIENTED_EDGE('',*,*,#11673,.T.);
#10699=ORIENTED_EDGE('',*,*,#11672,.F.);
#10700=ORIENTED_EDGE('',*,*,#11673,.F.);
#10701=ORIENTED_EDGE('',*,*,#11674,.T.);
#10702=ORIENTED_EDGE('',*,*,#11674,.F.);
#10703=ORIENTED_EDGE('',*,*,#11675,.T.);
#10704=ORIENTED_EDGE('',*,*,#11675,.F.);
#10705=ORIENTED_EDGE('',*,*,#11676,.T.);
#10706=ORIENTED_EDGE('',*,*,#11677,.T.);
#10707=ORIENTED_EDGE('',*,*,#11676,.F.);
#10708=ORIENTED_EDGE('',*,*,#11677,.F.);
#10709=ORIENTED_EDGE('',*,*,#11678,.T.);
#10710=ORIENTED_EDGE('',*,*,#11678,.F.);
#10711=ORIENTED_EDGE('',*,*,#11679,.T.);
#10712=ORIENTED_EDGE('',*,*,#11679,.F.);
#10713=ORIENTED_EDGE('',*,*,#11680,.T.);
#10714=ORIENTED_EDGE('',*,*,#11681,.T.);
#10715=ORIENTED_EDGE('',*,*,#11680,.F.);
#10716=ORIENTED_EDGE('',*,*,#11681,.F.);
#10717=ORIENTED_EDGE('',*,*,#11682,.T.);
#10718=ORIENTED_EDGE('',*,*,#11682,.F.);
#10719=ORIENTED_EDGE('',*,*,#11683,.T.);
#10720=ORIENTED_EDGE('',*,*,#11683,.F.);
#10721=ORIENTED_EDGE('',*,*,#11684,.T.);
#10722=ORIENTED_EDGE('',*,*,#11685,.T.);
#10723=ORIENTED_EDGE('',*,*,#11684,.F.);
#10724=ORIENTED_EDGE('',*,*,#11685,.F.);
#10725=ORIENTED_EDGE('',*,*,#11686,.T.);
#10726=ORIENTED_EDGE('',*,*,#11686,.F.);
#10727=ORIENTED_EDGE('',*,*,#11687,.T.);
#10728=ORIENTED_EDGE('',*,*,#11687,.F.);
#10729=ORIENTED_EDGE('',*,*,#11688,.T.);
#10730=ORIENTED_EDGE('',*,*,#11689,.T.);
#10731=ORIENTED_EDGE('',*,*,#11688,.F.);
#10732=ORIENTED_EDGE('',*,*,#11689,.F.);
#10733=ORIENTED_EDGE('',*,*,#11690,.T.);
#10734=ORIENTED_EDGE('',*,*,#11690,.F.);
#10735=ORIENTED_EDGE('',*,*,#11691,.T.);
#10736=ORIENTED_EDGE('',*,*,#11691,.F.);
#10737=ORIENTED_EDGE('',*,*,#11692,.T.);
#10738=ORIENTED_EDGE('',*,*,#11693,.T.);
#10739=ORIENTED_EDGE('',*,*,#11692,.F.);
#10740=ORIENTED_EDGE('',*,*,#11693,.F.);
#10741=ORIENTED_EDGE('',*,*,#11694,.T.);
#10742=ORIENTED_EDGE('',*,*,#11694,.F.);
#10743=ORIENTED_EDGE('',*,*,#11695,.T.);
#10744=ORIENTED_EDGE('',*,*,#11695,.F.);
#10745=ORIENTED_EDGE('',*,*,#11696,.T.);
#10746=ORIENTED_EDGE('',*,*,#11697,.T.);
#10747=ORIENTED_EDGE('',*,*,#11696,.F.);
#10748=ORIENTED_EDGE('',*,*,#11697,.F.);
#10749=ORIENTED_EDGE('',*,*,#11698,.T.);
#10750=ORIENTED_EDGE('',*,*,#11698,.F.);
#10751=ORIENTED_EDGE('',*,*,#11699,.T.);
#10752=ORIENTED_EDGE('',*,*,#11699,.F.);
#10753=ORIENTED_EDGE('',*,*,#11700,.T.);
#10754=ORIENTED_EDGE('',*,*,#11701,.T.);
#10755=ORIENTED_EDGE('',*,*,#11700,.F.);
#10756=ORIENTED_EDGE('',*,*,#11701,.F.);
#10757=ORIENTED_EDGE('',*,*,#11702,.T.);
#10758=ORIENTED_EDGE('',*,*,#11702,.F.);
#10759=ORIENTED_EDGE('',*,*,#11703,.T.);
#10760=ORIENTED_EDGE('',*,*,#11703,.F.);
#10761=ORIENTED_EDGE('',*,*,#11704,.T.);
#10762=ORIENTED_EDGE('',*,*,#11705,.T.);
#10763=ORIENTED_EDGE('',*,*,#11704,.F.);
#10764=ORIENTED_EDGE('',*,*,#11705,.F.);
#10765=ORIENTED_EDGE('',*,*,#11706,.T.);
#10766=ORIENTED_EDGE('',*,*,#11706,.F.);
#10767=ORIENTED_EDGE('',*,*,#11707,.T.);
#10768=ORIENTED_EDGE('',*,*,#11707,.F.);
#10769=ORIENTED_EDGE('',*,*,#11708,.T.);
#10770=ORIENTED_EDGE('',*,*,#11709,.T.);
#10771=ORIENTED_EDGE('',*,*,#11708,.F.);
#10772=ORIENTED_EDGE('',*,*,#11709,.F.);
#10773=ORIENTED_EDGE('',*,*,#11710,.T.);
#10774=ORIENTED_EDGE('',*,*,#11710,.F.);
#10775=ORIENTED_EDGE('',*,*,#11711,.T.);
#10776=ORIENTED_EDGE('',*,*,#11711,.F.);
#10777=ORIENTED_EDGE('',*,*,#11712,.T.);
#10778=ORIENTED_EDGE('',*,*,#11713,.T.);
#10779=ORIENTED_EDGE('',*,*,#11712,.F.);
#10780=ORIENTED_EDGE('',*,*,#11713,.F.);
#10781=ORIENTED_EDGE('',*,*,#11714,.T.);
#10782=ORIENTED_EDGE('',*,*,#11714,.F.);
#10783=ORIENTED_EDGE('',*,*,#11715,.T.);
#10784=ORIENTED_EDGE('',*,*,#11715,.F.);
#10785=ORIENTED_EDGE('',*,*,#11716,.T.);
#10786=ORIENTED_EDGE('',*,*,#11717,.T.);
#10787=ORIENTED_EDGE('',*,*,#11716,.F.);
#10788=ORIENTED_EDGE('',*,*,#11717,.F.);
#10789=ORIENTED_EDGE('',*,*,#11718,.T.);
#10790=ORIENTED_EDGE('',*,*,#11718,.F.);
#10791=ORIENTED_EDGE('',*,*,#11719,.T.);
#10792=ORIENTED_EDGE('',*,*,#11719,.F.);
#10793=ORIENTED_EDGE('',*,*,#11720,.T.);
#10794=ORIENTED_EDGE('',*,*,#11721,.T.);
#10795=ORIENTED_EDGE('',*,*,#11720,.F.);
#10796=ORIENTED_EDGE('',*,*,#11721,.F.);
#10797=ORIENTED_EDGE('',*,*,#11722,.T.);
#10798=ORIENTED_EDGE('',*,*,#11722,.F.);
#10799=ORIENTED_EDGE('',*,*,#11723,.T.);
#10800=ORIENTED_EDGE('',*,*,#11723,.F.);
#10801=ORIENTED_EDGE('',*,*,#11724,.T.);
#10802=ORIENTED_EDGE('',*,*,#11725,.T.);
#10803=ORIENTED_EDGE('',*,*,#11724,.F.);
#10804=ORIENTED_EDGE('',*,*,#11725,.F.);
#10805=ORIENTED_EDGE('',*,*,#11726,.T.);
#10806=ORIENTED_EDGE('',*,*,#11726,.F.);
#10807=ORIENTED_EDGE('',*,*,#11727,.T.);
#10808=ORIENTED_EDGE('',*,*,#11727,.F.);
#10809=ORIENTED_EDGE('',*,*,#11728,.T.);
#10810=ORIENTED_EDGE('',*,*,#11729,.T.);
#10811=ORIENTED_EDGE('',*,*,#11728,.F.);
#10812=ORIENTED_EDGE('',*,*,#11729,.F.);
#10813=ORIENTED_EDGE('',*,*,#11730,.T.);
#10814=ORIENTED_EDGE('',*,*,#11730,.F.);
#10815=ORIENTED_EDGE('',*,*,#11731,.T.);
#10816=ORIENTED_EDGE('',*,*,#11731,.F.);
#10817=ORIENTED_EDGE('',*,*,#11732,.T.);
#10818=ORIENTED_EDGE('',*,*,#11733,.T.);
#10819=ORIENTED_EDGE('',*,*,#11732,.F.);
#10820=ORIENTED_EDGE('',*,*,#11733,.F.);
#10821=ORIENTED_EDGE('',*,*,#11734,.T.);
#10822=ORIENTED_EDGE('',*,*,#11734,.F.);
#10823=EDGE_CURVE('',#11735,#11735,#11736,.T.);
#10824=EDGE_CURVE('',#11737,#11737,#11738,.T.);
#10825=EDGE_CURVE('',#11739,#11739,#11740,.T.);
#10826=EDGE_CURVE('',#11741,#11741,#11742,.T.);
#10827=EDGE_CURVE('',#11743,#11743,#11744,.T.);
#10828=EDGE_CURVE('',#11745,#11745,#11746,.T.);
#10829=EDGE_CURVE('',#11747,#11747,#11748,.T.);
#10830=EDGE_CURVE('',#11749,#11749,#11750,.T.);
#10831=EDGE_CURVE('',#11751,#11751,#11752,.T.);
#10832=EDGE_CURVE('',#11753,#11753,#11754,.T.);
#10833=EDGE_CURVE('',#11755,#11755,#11756,.T.);
#10834=EDGE_CURVE('',#11757,#11757,#11758,.T.);
#10835=EDGE_CURVE('',#11759,#11759,#11760,.T.);
#10836=EDGE_CURVE('',#11761,#11761,#11762,.T.);
#10837=EDGE_CURVE('',#11763,#11763,#11764,.T.);
#10838=EDGE_CURVE('',#11765,#11765,#11766,.T.);
#10839=EDGE_CURVE('',#11767,#11767,#11768,.T.);
#10840=EDGE_CURVE('',#11769,#11769,#11770,.T.);
#10841=EDGE_CURVE('',#11771,#11771,#11772,.T.);
#10842=EDGE_CURVE('',#11773,#11773,#11774,.T.);
#10843=EDGE_CURVE('',#11775,#11775,#11776,.T.);
#10844=EDGE_CURVE('',#11777,#11777,#11778,.T.);
#10845=EDGE_CURVE('',#11779,#11779,#11780,.T.);
#10846=EDGE_CURVE('',#11781,#11781,#11782,.T.);
#10847=EDGE_CURVE('',#11783,#11783,#11784,.T.);
#10848=EDGE_CURVE('',#11785,#11785,#11786,.T.);
#10849=EDGE_CURVE('',#11787,#11787,#11788,.T.);
#10850=EDGE_CURVE('',#11789,#11789,#11790,.T.);
#10851=EDGE_CURVE('',#11791,#11791,#11792,.T.);
#10852=EDGE_CURVE('',#11793,#11793,#11794,.T.);
#10853=EDGE_CURVE('',#11795,#11795,#11796,.T.);
#10854=EDGE_CURVE('',#11797,#11797,#11798,.T.);
#10855=EDGE_CURVE('',#11799,#11799,#11800,.T.);
#10856=EDGE_CURVE('',#11801,#11801,#11802,.T.);
#10857=EDGE_CURVE('',#11803,#11803,#11804,.T.);
#10858=EDGE_CURVE('',#11805,#11805,#11806,.T.);
#10859=EDGE_CURVE('',#11807,#11807,#11808,.T.);
#10860=EDGE_CURVE('',#11809,#11809,#11810,.T.);
#10861=EDGE_CURVE('',#11811,#11811,#11812,.T.);
#10862=EDGE_CURVE('',#11813,#11813,#11814,.T.);
#10863=EDGE_CURVE('',#11815,#11815,#11816,.T.);
#10864=EDGE_CURVE('',#11817,#11817,#11818,.T.);
#10865=EDGE_CURVE('',#11819,#11819,#11820,.T.);
#10866=EDGE_CURVE('',#11821,#11821,#11822,.T.);
#10867=EDGE_CURVE('',#11823,#11823,#11824,.T.);
#10868=EDGE_CURVE('',#11825,#11825,#11826,.T.);
#10869=EDGE_CURVE('',#11827,#11827,#11828,.T.);
#10870=EDGE_CURVE('',#11829,#11829,#11830,.T.);
#10871=EDGE_CURVE('',#11831,#11832,#11833,.T.);
#10872=EDGE_CURVE('',#11832,#11834,#11835,.T.);
#10873=EDGE_CURVE('',#11834,#11836,#11837,.T.);
#10874=EDGE_CURVE('',#11836,#11838,#11839,.T.);
#10875=EDGE_CURVE('',#11838,#11840,#11841,.T.);
#10876=EDGE_CURVE('',#11840,#11842,#11843,.T.);
#10877=EDGE_CURVE('',#11842,#11844,#11845,.T.);
#10878=EDGE_CURVE('',#11844,#11846,#11847,.T.);
#10879=EDGE_CURVE('',#11846,#11848,#11849,.T.);
#10880=EDGE_CURVE('',#11848,#11850,#11851,.T.);
#10881=EDGE_CURVE('',#11850,#11852,#11853,.T.);
#10882=EDGE_CURVE('',#11852,#11854,#11855,.T.);
#10883=EDGE_CURVE('',#11854,#11856,#11857,.T.);
#10884=EDGE_CURVE('',#11856,#11858,#11859,.T.);
#10885=EDGE_CURVE('',#11858,#11860,#11861,.T.);
#10886=EDGE_CURVE('',#11860,#11862,#11863,.T.);
#10887=EDGE_CURVE('',#11862,#11864,#11865,.T.);
#10888=EDGE_CURVE('',#11864,#11866,#11867,.T.);
#10889=EDGE_CURVE('',#11866,#11868,#11869,.T.);
#10890=EDGE_CURVE('',#11868,#11870,#11871,.T.);
#10891=EDGE_CURVE('',#11870,#11872,#11873,.T.);
#10892=EDGE_CURVE('',#11872,#11874,#11875,.T.);
#10893=EDGE_CURVE('',#11874,#11876,#11877,.T.);
#10894=EDGE_CURVE('',#11876,#11878,#11879,.T.);
#10895=EDGE_CURVE('',#11878,#11880,#11881,.T.);
#10896=EDGE_CURVE('',#11880,#11882,#11883,.T.);
#10897=EDGE_CURVE('',#11882,#11884,#11885,.T.);
#10898=EDGE_CURVE('',#11884,#11886,#11887,.T.);
#10899=EDGE_CURVE('',#11886,#11888,#11889,.T.);
#10900=EDGE_CURVE('',#11888,#11890,#11891,.T.);
#10901=EDGE_CURVE('',#11890,#11892,#11893,.T.);
#10902=EDGE_CURVE('',#11892,#11894,#11895,.T.);
#10903=EDGE_CURVE('',#11894,#11896,#11897,.T.);
#10904=EDGE_CURVE('',#11896,#11898,#11899,.T.);
#10905=EDGE_CURVE('',#11898,#11900,#11901,.T.);
#10906=EDGE_CURVE('',#11900,#11902,#11903,.T.);
#10907=EDGE_CURVE('',#11902,#11904,#11905,.T.);
#10908=EDGE_CURVE('',#11904,#11906,#11907,.T.);
#10909=EDGE_CURVE('',#11906,#11908,#11909,.T.);
#10910=EDGE_CURVE('',#11908,#11910,#11911,.T.);
#10911=EDGE_CURVE('',#11910,#11912,#11913,.T.);
#10912=EDGE_CURVE('',#11912,#11914,#11915,.T.);
#10913=EDGE_CURVE('',#11914,#11916,#11917,.T.);
#10914=EDGE_CURVE('',#11916,#11918,#11919,.T.);
#10915=EDGE_CURVE('',#11918,#11920,#11921,.T.);
#10916=EDGE_CURVE('',#11920,#11922,#11923,.T.);
#10917=EDGE_CURVE('',#11922,#11924,#11925,.T.);
#10918=EDGE_CURVE('',#11924,#11926,#11927,.T.);
#10919=EDGE_CURVE('',#11926,#11928,#11929,.T.);
#10920=EDGE_CURVE('',#11928,#11930,#11931,.T.);
#10921=EDGE_CURVE('',#11930,#11932,#11933,.T.);
#10922=EDGE_CURVE('',#11932,#11934,#11935,.T.);
#10923=EDGE_CURVE('',#11934,#11936,#11937,.T.);
#10924=EDGE_CURVE('',#11936,#11938,#11939,.T.);
#10925=EDGE_CURVE('',#11938,#11940,#11941,.T.);
#10926=EDGE_CURVE('',#11940,#11942,#11943,.T.);
#10927=EDGE_CURVE('',#11942,#11944,#11945,.T.);
#10928=EDGE_CURVE('',#11944,#11946,#11947,.T.);
#10929=EDGE_CURVE('',#11946,#11948,#11949,.T.);
#10930=EDGE_CURVE('',#11948,#11950,#11951,.T.);
#10931=EDGE_CURVE('',#11950,#11952,#11953,.T.);
#10932=EDGE_CURVE('',#11952,#11954,#11955,.T.);
#10933=EDGE_CURVE('',#11954,#11956,#11957,.T.);
#10934=EDGE_CURVE('',#11956,#11958,#11959,.T.);
#10935=EDGE_CURVE('',#11958,#11960,#11961,.T.);
#10936=EDGE_CURVE('',#11960,#11962,#11963,.T.);
#10937=EDGE_CURVE('',#11962,#11964,#11965,.T.);
#10938=EDGE_CURVE('',#11964,#11966,#11967,.T.);
#10939=EDGE_CURVE('',#11966,#11968,#11969,.T.);
#10940=EDGE_CURVE('',#11968,#11970,#11971,.T.);
#10941=EDGE_CURVE('',#11970,#11972,#11973,.T.);
#10942=EDGE_CURVE('',#11972,#11974,#11975,.T.);
#10943=EDGE_CURVE('',#11974,#11976,#11977,.T.);
#10944=EDGE_CURVE('',#11976,#11978,#11979,.T.);
#10945=EDGE_CURVE('',#11978,#11980,#11981,.T.);
#10946=EDGE_CURVE('',#11980,#11982,#11983,.T.);
#10947=EDGE_CURVE('',#11982,#11984,#11985,.T.);
#10948=EDGE_CURVE('',#11984,#11986,#11987,.T.);
#10949=EDGE_CURVE('',#11986,#11988,#11989,.T.);
#10950=EDGE_CURVE('',#11988,#11990,#11991,.T.);
#10951=EDGE_CURVE('',#11990,#11992,#11993,.T.);
#10952=EDGE_CURVE('',#11992,#11994,#11995,.T.);
#10953=EDGE_CURVE('',#11994,#11996,#11997,.T.);
#10954=EDGE_CURVE('',#11996,#11998,#11999,.T.);
#10955=EDGE_CURVE('',#11998,#12000,#12001,.T.);
#10956=EDGE_CURVE('',#12000,#12002,#12003,.T.);
#10957=EDGE_CURVE('',#12002,#12004,#12005,.T.);
#10958=EDGE_CURVE('',#12004,#12006,#12007,.T.);
#10959=EDGE_CURVE('',#12006,#12008,#12009,.T.);
#10960=EDGE_CURVE('',#12008,#12010,#12011,.T.);
#10961=EDGE_CURVE('',#12010,#12012,#12013,.T.);
#10962=EDGE_CURVE('',#12012,#12014,#12015,.T.);
#10963=EDGE_CURVE('',#12014,#12016,#12017,.T.);
#10964=EDGE_CURVE('',#12016,#12018,#12019,.T.);
#10965=EDGE_CURVE('',#12018,#12020,#12021,.T.);
#10966=EDGE_CURVE('',#12020,#12022,#12023,.T.);
#10967=EDGE_CURVE('',#12022,#12024,#12025,.T.);
#10968=EDGE_CURVE('',#12024,#12026,#12027,.T.);
#10969=EDGE_CURVE('',#12026,#12028,#12029,.T.);
#10970=EDGE_CURVE('',#12028,#12030,#12031,.T.);
#10971=EDGE_CURVE('',#12030,#12032,#12033,.T.);
#10972=EDGE_CURVE('',#12032,#12034,#12035,.T.);
#10973=EDGE_CURVE('',#12034,#12036,#12037,.T.);
#10974=EDGE_CURVE('',#12036,#12038,#12039,.T.);
#10975=EDGE_CURVE('',#12038,#12040,#12041,.T.);
#10976=EDGE_CURVE('',#12040,#12042,#12043,.T.);
#10977=EDGE_CURVE('',#12042,#12044,#12045,.T.);
#10978=EDGE_CURVE('',#12044,#12046,#12047,.T.);
#10979=EDGE_CURVE('',#12046,#12048,#12049,.T.);
#10980=EDGE_CURVE('',#12048,#12050,#12051,.T.);
#10981=EDGE_CURVE('',#12050,#12052,#12053,.T.);
#10982=EDGE_CURVE('',#12052,#12054,#12055,.T.);
#10983=EDGE_CURVE('',#12054,#12056,#12057,.T.);
#10984=EDGE_CURVE('',#12056,#12058,#12059,.T.);
#10985=EDGE_CURVE('',#12058,#12060,#12061,.T.);
#10986=EDGE_CURVE('',#12060,#12062,#12063,.T.);
#10987=EDGE_CURVE('',#12062,#12064,#12065,.T.);
#10988=EDGE_CURVE('',#12064,#12066,#12067,.T.);
#10989=EDGE_CURVE('',#12066,#12068,#12069,.T.);
#10990=EDGE_CURVE('',#12068,#12070,#12071,.T.);
#10991=EDGE_CURVE('',#12070,#12072,#12073,.T.);
#10992=EDGE_CURVE('',#12072,#12074,#12075,.T.);
#10993=EDGE_CURVE('',#12074,#12076,#12077,.T.);
#10994=EDGE_CURVE('',#12076,#12078,#12079,.T.);
#10995=EDGE_CURVE('',#12078,#12080,#12081,.T.);
#10996=EDGE_CURVE('',#12080,#12082,#12083,.T.);
#10997=EDGE_CURVE('',#12082,#12084,#12085,.T.);
#10998=EDGE_CURVE('',#12084,#12086,#12087,.T.);
#10999=EDGE_CURVE('',#12086,#12088,#12089,.T.);
#11000=EDGE_CURVE('',#12088,#12090,#12091,.T.);
#11001=EDGE_CURVE('',#12090,#12092,#12093,.T.);
#11002=EDGE_CURVE('',#12092,#12094,#12095,.T.);
#11003=EDGE_CURVE('',#12094,#12096,#12097,.T.);
#11004=EDGE_CURVE('',#12096,#12098,#12099,.T.);
#11005=EDGE_CURVE('',#12098,#12100,#12101,.T.);
#11006=EDGE_CURVE('',#12100,#12102,#12103,.T.);
#11007=EDGE_CURVE('',#12102,#12104,#12105,.T.);
#11008=EDGE_CURVE('',#12104,#12106,#12107,.T.);
#11009=EDGE_CURVE('',#12106,#12108,#12109,.T.);
#11010=EDGE_CURVE('',#12108,#12110,#12111,.T.);
#11011=EDGE_CURVE('',#12110,#12112,#12113,.T.);
#11012=EDGE_CURVE('',#12112,#12114,#12115,.T.);
#11013=EDGE_CURVE('',#12114,#12116,#12117,.T.);
#11014=EDGE_CURVE('',#12116,#12118,#12119,.T.);
#11015=EDGE_CURVE('',#12118,#12120,#12121,.T.);
#11016=EDGE_CURVE('',#12120,#12122,#12123,.T.);
#11017=EDGE_CURVE('',#12122,#12124,#12125,.T.);
#11018=EDGE_CURVE('',#12124,#12126,#12127,.T.);
#11019=EDGE_CURVE('',#12126,#12128,#12129,.T.);
#11020=EDGE_CURVE('',#12128,#12130,#12131,.T.);
#11021=EDGE_CURVE('',#12130,#12132,#12133,.T.);
#11022=EDGE_CURVE('',#12132,#12134,#12135,.T.);
#11023=EDGE_CURVE('',#12134,#12136,#12137,.T.);
#11024=EDGE_CURVE('',#12136,#12138,#12139,.T.);
#11025=EDGE_CURVE('',#12138,#12140,#12141,.T.);
#11026=EDGE_CURVE('',#12140,#12142,#12143,.T.);
#11027=EDGE_CURVE('',#12142,#12144,#12145,.T.);
#11028=EDGE_CURVE('',#12144,#12146,#12147,.T.);
#11029=EDGE_CURVE('',#12146,#12148,#12149,.T.);
#11030=EDGE_CURVE('',#12148,#12150,#12151,.T.);
#11031=EDGE_CURVE('',#12150,#12152,#12153,.T.);
#11032=EDGE_CURVE('',#12152,#12154,#12155,.T.);
#11033=EDGE_CURVE('',#12154,#12156,#12157,.T.);
#11034=EDGE_CURVE('',#12156,#12158,#12159,.T.);
#11035=EDGE_CURVE('',#12158,#12160,#12161,.T.);
#11036=EDGE_CURVE('',#12160,#12162,#12163,.T.);
#11037=EDGE_CURVE('',#12162,#12164,#12165,.T.);
#11038=EDGE_CURVE('',#12164,#12166,#12167,.T.);
#11039=EDGE_CURVE('',#12166,#12168,#12169,.T.);
#11040=EDGE_CURVE('',#12168,#12170,#12171,.T.);
#11041=EDGE_CURVE('',#12170,#12172,#12173,.T.);
#11042=EDGE_CURVE('',#12172,#12174,#12175,.T.);
#11043=EDGE_CURVE('',#12174,#12176,#12177,.T.);
#11044=EDGE_CURVE('',#12176,#12178,#12179,.T.);
#11045=EDGE_CURVE('',#12178,#12180,#12181,.T.);
#11046=EDGE_CURVE('',#12180,#12182,#12183,.T.);
#11047=EDGE_CURVE('',#12182,#12184,#12185,.T.);
#11048=EDGE_CURVE('',#12184,#12186,#12187,.T.);
#11049=EDGE_CURVE('',#12186,#12188,#12189,.T.);
#11050=EDGE_CURVE('',#12188,#12190,#12191,.T.);
#11051=EDGE_CURVE('',#12190,#12192,#12193,.T.);
#11052=EDGE_CURVE('',#12192,#12194,#12195,.T.);
#11053=EDGE_CURVE('',#12194,#12196,#12197,.T.);
#11054=EDGE_CURVE('',#12196,#12198,#12199,.T.);
#11055=EDGE_CURVE('',#12198,#12200,#12201,.T.);
#11056=EDGE_CURVE('',#12200,#12202,#12203,.T.);
#11057=EDGE_CURVE('',#12202,#12204,#12205,.T.);
#11058=EDGE_CURVE('',#12204,#12206,#12207,.T.);
#11059=EDGE_CURVE('',#12206,#12208,#12209,.T.);
#11060=EDGE_CURVE('',#12208,#12210,#12211,.T.);
#11061=EDGE_CURVE('',#12210,#12212,#12213,.T.);
#11062=EDGE_CURVE('',#12212,#12214,#12215,.T.);
#11063=EDGE_CURVE('',#12214,#12216,#12217,.T.);
#11064=EDGE_CURVE('',#12216,#12218,#12219,.T.);
#11065=EDGE_CURVE('',#12218,#12220,#12221,.T.);
#11066=EDGE_CURVE('',#12220,#12222,#12223,.T.);
#11067=EDGE_CURVE('',#12222,#12224,#12225,.T.);
#11068=EDGE_CURVE('',#12224,#12226,#12227,.T.);
#11069=EDGE_CURVE('',#12226,#12228,#12229,.T.);
#11070=EDGE_CURVE('',#12228,#12230,#12231,.T.);
#11071=EDGE_CURVE('',#12230,#12232,#12233,.T.);
#11072=EDGE_CURVE('',#12232,#12234,#12235,.T.);
#11073=EDGE_CURVE('',#12234,#12236,#12237,.T.);
#11074=EDGE_CURVE('',#12236,#11831,#12238,.T.);
#11075=EDGE_CURVE('',#12239,#12239,#12240,.F.);
#11076=EDGE_CURVE('',#12241,#12241,#12242,.F.);
#11077=EDGE_CURVE('',#12243,#12243,#12244,.F.);
#11078=EDGE_CURVE('',#12245,#12245,#12246,.F.);
#11079=EDGE_CURVE('',#12247,#12247,#12248,.F.);
#11080=EDGE_CURVE('',#12249,#12249,#12250,.F.);
#11081=EDGE_CURVE('',#12251,#12251,#12252,.F.);
#11082=EDGE_CURVE('',#12253,#12253,#12254,.F.);
#11083=EDGE_CURVE('',#12255,#12255,#12256,.F.);
#11084=EDGE_CURVE('',#12257,#12257,#12258,.F.);
#11085=EDGE_CURVE('',#12259,#12259,#12260,.F.);
#11086=EDGE_CURVE('',#12261,#12261,#12262,.F.);
#11087=EDGE_CURVE('',#12263,#12263,#12264,.F.);
#11088=EDGE_CURVE('',#12265,#12265,#12266,.F.);
#11089=EDGE_CURVE('',#12267,#12267,#12268,.F.);
#11090=EDGE_CURVE('',#12269,#12269,#12270,.F.);
#11091=EDGE_CURVE('',#12271,#12271,#12272,.F.);
#11092=EDGE_CURVE('',#12273,#12273,#12274,.F.);
#11093=EDGE_CURVE('',#12275,#12275,#12276,.F.);
#11094=EDGE_CURVE('',#12277,#12277,#12278,.F.);
#11095=EDGE_CURVE('',#12279,#12279,#12280,.F.);
#11096=EDGE_CURVE('',#12281,#12281,#12282,.F.);
#11097=EDGE_CURVE('',#12283,#12283,#12284,.F.);
#11098=EDGE_CURVE('',#12285,#12285,#12286,.F.);
#11099=EDGE_CURVE('',#12287,#12287,#12288,.F.);
#11100=EDGE_CURVE('',#12289,#12289,#12290,.T.);
#11101=EDGE_CURVE('',#12291,#12291,#12292,.T.);
#11102=EDGE_CURVE('',#12293,#12293,#12294,.T.);
#11103=EDGE_CURVE('',#12295,#12295,#12296,.T.);
#11104=EDGE_CURVE('',#12297,#12297,#12298,.T.);
#11105=EDGE_CURVE('',#12299,#12299,#12300,.T.);
#11106=EDGE_CURVE('',#12301,#12301,#12302,.T.);
#11107=EDGE_CURVE('',#12303,#12303,#12304,.T.);
#11108=EDGE_CURVE('',#12305,#12305,#12306,.T.);
#11109=EDGE_CURVE('',#12307,#12307,#12308,.T.);
#11110=EDGE_CURVE('',#12309,#12309,#12310,.T.);
#11111=EDGE_CURVE('',#12311,#12311,#12312,.T.);
#11112=EDGE_CURVE('',#12313,#12313,#12314,.T.);
#11113=EDGE_CURVE('',#12315,#12315,#12316,.T.);
#11114=EDGE_CURVE('',#12317,#12317,#12318,.T.);
#11115=EDGE_CURVE('',#12319,#12319,#12320,.T.);
#11116=EDGE_CURVE('',#12321,#12321,#12322,.T.);
#11117=EDGE_CURVE('',#12323,#12323,#12324,.T.);
#11118=EDGE_CURVE('',#12325,#12325,#12326,.T.);
#11119=EDGE_CURVE('',#12327,#12327,#12328,.T.);
#11120=EDGE_CURVE('',#12329,#12329,#12330,.T.);
#11121=EDGE_CURVE('',#12331,#12331,#12332,.T.);
#11122=EDGE_CURVE('',#12333,#12333,#12334,.T.);
#11123=EDGE_CURVE('',#12335,#12335,#12336,.T.);
#11124=EDGE_CURVE('',#12337,#12338,#12339,.T.);
#11125=EDGE_CURVE('',#12340,#12337,#12341,.T.);
#11126=EDGE_CURVE('',#12342,#12340,#12343,.T.);
#11127=EDGE_CURVE('',#12344,#12342,#12345,.T.);
#11128=EDGE_CURVE('',#12346,#12344,#12347,.T.);
#11129=EDGE_CURVE('',#12348,#12346,#12349,.T.);
#11130=EDGE_CURVE('',#12350,#12348,#12351,.T.);
#11131=EDGE_CURVE('',#12352,#12350,#12353,.T.);
#11132=EDGE_CURVE('',#12354,#12352,#12355,.T.);
#11133=EDGE_CURVE('',#12356,#12354,#12357,.T.);
#11134=EDGE_CURVE('',#12358,#12356,#12359,.T.);
#11135=EDGE_CURVE('',#12360,#12358,#12361,.T.);
#11136=EDGE_CURVE('',#12362,#12360,#12363,.T.);
#11137=EDGE_CURVE('',#12364,#12362,#12365,.T.);
#11138=EDGE_CURVE('',#12366,#12364,#12367,.T.);
#11139=EDGE_CURVE('',#12368,#12366,#12369,.T.);
#11140=EDGE_CURVE('',#12370,#12368,#12371,.T.);
#11141=EDGE_CURVE('',#12372,#12370,#12373,.T.);
#11142=EDGE_CURVE('',#12374,#12372,#12375,.T.);
#11143=EDGE_CURVE('',#12376,#12374,#12377,.T.);
#11144=EDGE_CURVE('',#12378,#12376,#12379,.T.);
#11145=EDGE_CURVE('',#12380,#12378,#12381,.T.);
#11146=EDGE_CURVE('',#12382,#12380,#12383,.T.);
#11147=EDGE_CURVE('',#12384,#12382,#12385,.T.);
#11148=EDGE_CURVE('',#12386,#12384,#12387,.T.);
#11149=EDGE_CURVE('',#12388,#12386,#12389,.T.);
#11150=EDGE_CURVE('',#12390,#12388,#12391,.T.);
#11151=EDGE_CURVE('',#12392,#12390,#12393,.T.);
#11152=EDGE_CURVE('',#12394,#12392,#12395,.T.);
#11153=EDGE_CURVE('',#12396,#12394,#12397,.T.);
#11154=EDGE_CURVE('',#12398,#12396,#12399,.T.);
#11155=EDGE_CURVE('',#12400,#12398,#12401,.T.);
#11156=EDGE_CURVE('',#12402,#12400,#12403,.T.);
#11157=EDGE_CURVE('',#12404,#12402,#12405,.T.);
#11158=EDGE_CURVE('',#12406,#12404,#12407,.T.);
#11159=EDGE_CURVE('',#12408,#12406,#12409,.T.);
#11160=EDGE_CURVE('',#12410,#12408,#12411,.T.);
#11161=EDGE_CURVE('',#12412,#12410,#12413,.T.);
#11162=EDGE_CURVE('',#12414,#12412,#12415,.T.);
#11163=EDGE_CURVE('',#12416,#12414,#12417,.T.);
#11164=EDGE_CURVE('',#12418,#12416,#12419,.T.);
#11165=EDGE_CURVE('',#12420,#12418,#12421,.T.);
#11166=EDGE_CURVE('',#12422,#12420,#12423,.T.);
#11167=EDGE_CURVE('',#12424,#12422,#12425,.T.);
#11168=EDGE_CURVE('',#12426,#12424,#12427,.T.);
#11169=EDGE_CURVE('',#12428,#12426,#12429,.T.);
#11170=EDGE_CURVE('',#12430,#12428,#12431,.T.);
#11171=EDGE_CURVE('',#12432,#12430,#12433,.T.);
#11172=EDGE_CURVE('',#12434,#12432,#12435,.T.);
#11173=EDGE_CURVE('',#12436,#12434,#12437,.T.);
#11174=EDGE_CURVE('',#12438,#12436,#12439,.T.);
#11175=EDGE_CURVE('',#12440,#12438,#12441,.T.);
#11176=EDGE_CURVE('',#12442,#12440,#12443,.T.);
#11177=EDGE_CURVE('',#12444,#12442,#12445,.T.);
#11178=EDGE_CURVE('',#12446,#12444,#12447,.T.);
#11179=EDGE_CURVE('',#12448,#12446,#12449,.T.);
#11180=EDGE_CURVE('',#12450,#12448,#12451,.T.);
#11181=EDGE_CURVE('',#12452,#12450,#12453,.T.);
#11182=EDGE_CURVE('',#12454,#12452,#12455,.T.);
#11183=EDGE_CURVE('',#12456,#12454,#12457,.T.);
#11184=EDGE_CURVE('',#12458,#12456,#12459,.T.);
#11185=EDGE_CURVE('',#12460,#12458,#12461,.T.);
#11186=EDGE_CURVE('',#12462,#12460,#12463,.T.);
#11187=EDGE_CURVE('',#12464,#12462,#12465,.T.);
#11188=EDGE_CURVE('',#12466,#12464,#12467,.T.);
#11189=EDGE_CURVE('',#12468,#12466,#12469,.T.);
#11190=EDGE_CURVE('',#12470,#12468,#12471,.T.);
#11191=EDGE_CURVE('',#12472,#12470,#12473,.T.);
#11192=EDGE_CURVE('',#12474,#12472,#12475,.T.);
#11193=EDGE_CURVE('',#12476,#12474,#12477,.T.);
#11194=EDGE_CURVE('',#12478,#12476,#12479,.T.);
#11195=EDGE_CURVE('',#12480,#12478,#12481,.T.);
#11196=EDGE_CURVE('',#12482,#12480,#12483,.T.);
#11197=EDGE_CURVE('',#12484,#12482,#12485,.T.);
#11198=EDGE_CURVE('',#12486,#12484,#12487,.T.);
#11199=EDGE_CURVE('',#12488,#12486,#12489,.T.);
#11200=EDGE_CURVE('',#12490,#12488,#12491,.T.);
#11201=EDGE_CURVE('',#12492,#12490,#12493,.T.);
#11202=EDGE_CURVE('',#12494,#12492,#12495,.T.);
#11203=EDGE_CURVE('',#12496,#12494,#12497,.T.);
#11204=EDGE_CURVE('',#12498,#12496,#12499,.T.);
#11205=EDGE_CURVE('',#12500,#12498,#12501,.T.);
#11206=EDGE_CURVE('',#12502,#12500,#12503,.T.);
#11207=EDGE_CURVE('',#12504,#12502,#12505,.T.);
#11208=EDGE_CURVE('',#12506,#12504,#12507,.T.);
#11209=EDGE_CURVE('',#12508,#12506,#12509,.T.);
#11210=EDGE_CURVE('',#12510,#12508,#12511,.T.);
#11211=EDGE_CURVE('',#12512,#12510,#12513,.T.);
#11212=EDGE_CURVE('',#12514,#12512,#12515,.T.);
#11213=EDGE_CURVE('',#12516,#12514,#12517,.T.);
#11214=EDGE_CURVE('',#12518,#12516,#12519,.T.);
#11215=EDGE_CURVE('',#12520,#12518,#12521,.T.);
#11216=EDGE_CURVE('',#12522,#12520,#12523,.T.);
#11217=EDGE_CURVE('',#12524,#12522,#12525,.T.);
#11218=EDGE_CURVE('',#12526,#12524,#12527,.T.);
#11219=EDGE_CURVE('',#12528,#12526,#12529,.T.);
#11220=EDGE_CURVE('',#12530,#12528,#12531,.T.);
#11221=EDGE_CURVE('',#12532,#12530,#12533,.T.);
#11222=EDGE_CURVE('',#12534,#12532,#12535,.T.);
#11223=EDGE_CURVE('',#12536,#12534,#12537,.T.);
#11224=EDGE_CURVE('',#12538,#12536,#12539,.T.);
#11225=EDGE_CURVE('',#12540,#12538,#12541,.T.);
#11226=EDGE_CURVE('',#12542,#12540,#12543,.T.);
#11227=EDGE_CURVE('',#12544,#12542,#12545,.T.);
#11228=EDGE_CURVE('',#12546,#12544,#12547,.T.);
#11229=EDGE_CURVE('',#12548,#12546,#12549,.T.);
#11230=EDGE_CURVE('',#12550,#12548,#12551,.T.);
#11231=EDGE_CURVE('',#12552,#12550,#12553,.T.);
#11232=EDGE_CURVE('',#12554,#12552,#12555,.T.);
#11233=EDGE_CURVE('',#12556,#12554,#12557,.T.);
#11234=EDGE_CURVE('',#12558,#12556,#12559,.T.);
#11235=EDGE_CURVE('',#12560,#12558,#12561,.T.);
#11236=EDGE_CURVE('',#12562,#12560,#12563,.T.);
#11237=EDGE_CURVE('',#12564,#12562,#12565,.T.);
#11238=EDGE_CURVE('',#12566,#12564,#12567,.T.);
#11239=EDGE_CURVE('',#12568,#12566,#12569,.T.);
#11240=EDGE_CURVE('',#12570,#12568,#12571,.T.);
#11241=EDGE_CURVE('',#12572,#12570,#12573,.T.);
#11242=EDGE_CURVE('',#12574,#12572,#12575,.T.);
#11243=EDGE_CURVE('',#12576,#12574,#12577,.T.);
#11244=EDGE_CURVE('',#12578,#12576,#12579,.T.);
#11245=EDGE_CURVE('',#12580,#12578,#12581,.T.);
#11246=EDGE_CURVE('',#12582,#12580,#12583,.T.);
#11247=EDGE_CURVE('',#12584,#12582,#12585,.T.);
#11248=EDGE_CURVE('',#12586,#12584,#12587,.T.);
#11249=EDGE_CURVE('',#12588,#12586,#12589,.T.);
#11250=EDGE_CURVE('',#12590,#12588,#12591,.T.);
#11251=EDGE_CURVE('',#12592,#12590,#12593,.T.);
#11252=EDGE_CURVE('',#12594,#12592,#12595,.T.);
#11253=EDGE_CURVE('',#12596,#12594,#12597,.T.);
#11254=EDGE_CURVE('',#12598,#12596,#12599,.T.);
#11255=EDGE_CURVE('',#12600,#12598,#12601,.T.);
#11256=EDGE_CURVE('',#12602,#12600,#12603,.T.);
#11257=EDGE_CURVE('',#12604,#12602,#12605,.T.);
#11258=EDGE_CURVE('',#12606,#12604,#12607,.T.);
#11259=EDGE_CURVE('',#12608,#12606,#12609,.T.);
#11260=EDGE_CURVE('',#12610,#12608,#12611,.T.);
#11261=EDGE_CURVE('',#12612,#12610,#12613,.T.);
#11262=EDGE_CURVE('',#12614,#12612,#12615,.T.);
#11263=EDGE_CURVE('',#12616,#12614,#12617,.T.);
#11264=EDGE_CURVE('',#12618,#12616,#12619,.T.);
#11265=EDGE_CURVE('',#12620,#12618,#12621,.T.);
#11266=EDGE_CURVE('',#12622,#12620,#12623,.T.);
#11267=EDGE_CURVE('',#12624,#12622,#12625,.T.);
#11268=EDGE_CURVE('',#12626,#12624,#12627,.T.);
#11269=EDGE_CURVE('',#12628,#12626,#12629,.T.);
#11270=EDGE_CURVE('',#12630,#12628,#12631,.T.);
#11271=EDGE_CURVE('',#12632,#12630,#12633,.T.);
#11272=EDGE_CURVE('',#12634,#12632,#12635,.T.);
#11273=EDGE_CURVE('',#12636,#12634,#12637,.T.);
#11274=EDGE_CURVE('',#12638,#12636,#12639,.T.);
#11275=EDGE_CURVE('',#12640,#12638,#12641,.T.);
#11276=EDGE_CURVE('',#12642,#12640,#12643,.T.);
#11277=EDGE_CURVE('',#12644,#12642,#12645,.T.);
#11278=EDGE_CURVE('',#12646,#12644,#12647,.T.);
#11279=EDGE_CURVE('',#12648,#12646,#12649,.T.);
#11280=EDGE_CURVE('',#12650,#12648,#12651,.T.);
#11281=EDGE_CURVE('',#12652,#12650,#12653,.T.);
#11282=EDGE_CURVE('',#12654,#12652,#12655,.T.);
#11283=EDGE_CURVE('',#12656,#12654,#12657,.T.);
#11284=EDGE_CURVE('',#12658,#12656,#12659,.T.);
#11285=EDGE_CURVE('',#12660,#12658,#12661,.T.);
#11286=EDGE_CURVE('',#12662,#12660,#12663,.T.);
#11287=EDGE_CURVE('',#12664,#12662,#12665,.T.);
#11288=EDGE_CURVE('',#12666,#12664,#12667,.T.);
#11289=EDGE_CURVE('',#12668,#12666,#12669,.T.);
#11290=EDGE_CURVE('',#12670,#12668,#12671,.T.);
#11291=EDGE_CURVE('',#12672,#12670,#12673,.T.);
#11292=EDGE_CURVE('',#12674,#12672,#12675,.T.);
#11293=EDGE_CURVE('',#12676,#12674,#12677,.T.);
#11294=EDGE_CURVE('',#12678,#12676,#12679,.T.);
#11295=EDGE_CURVE('',#12680,#12678,#12681,.T.);
#11296=EDGE_CURVE('',#12682,#12680,#12683,.T.);
#11297=EDGE_CURVE('',#12684,#12682,#12685,.T.);
#11298=EDGE_CURVE('',#12686,#12684,#12687,.T.);
#11299=EDGE_CURVE('',#12688,#12686,#12689,.T.);
#11300=EDGE_CURVE('',#12690,#12688,#12691,.T.);
#11301=EDGE_CURVE('',#12692,#12690,#12693,.T.);
#11302=EDGE_CURVE('',#12694,#12692,#12695,.T.);
#11303=EDGE_CURVE('',#12696,#12694,#12697,.T.);
#11304=EDGE_CURVE('',#12698,#12696,#12699,.T.);
#11305=EDGE_CURVE('',#12700,#12698,#12701,.T.);
#11306=EDGE_CURVE('',#12702,#12700,#12703,.T.);
#11307=EDGE_CURVE('',#12704,#12702,#12705,.T.);
#11308=EDGE_CURVE('',#12706,#12704,#12707,.T.);
#11309=EDGE_CURVE('',#12708,#12706,#12709,.T.);
#11310=EDGE_CURVE('',#12710,#12708,#12711,.T.);
#11311=EDGE_CURVE('',#12712,#12710,#12713,.T.);
#11312=EDGE_CURVE('',#12714,#12712,#12715,.T.);
#11313=EDGE_CURVE('',#12716,#12714,#12717,.T.);
#11314=EDGE_CURVE('',#12718,#12716,#12719,.T.);
#11315=EDGE_CURVE('',#12720,#12718,#12721,.T.);
#11316=EDGE_CURVE('',#12722,#12720,#12723,.T.);
#11317=EDGE_CURVE('',#12724,#12722,#12725,.T.);
#11318=EDGE_CURVE('',#12726,#12724,#12727,.T.);
#11319=EDGE_CURVE('',#12728,#12726,#12729,.T.);
#11320=EDGE_CURVE('',#12730,#12728,#12731,.T.);
#11321=EDGE_CURVE('',#12732,#12730,#12733,.T.);
#11322=EDGE_CURVE('',#12734,#12732,#12735,.T.);
#11323=EDGE_CURVE('',#12736,#12734,#12737,.T.);
#11324=EDGE_CURVE('',#12738,#12736,#12739,.T.);
#11325=EDGE_CURVE('',#12740,#12738,#12741,.T.);
#11326=EDGE_CURVE('',#12742,#12740,#12743,.T.);
#11327=EDGE_CURVE('',#12338,#12742,#12744,.T.);
#11328=EDGE_CURVE('',#12745,#12745,#12746,.T.);
#11329=EDGE_CURVE('',#12742,#11832,#12747,.T.);
#11330=EDGE_CURVE('',#12338,#11831,#12748,.T.);
#11331=EDGE_CURVE('',#12740,#11834,#12749,.T.);
#11332=EDGE_CURVE('',#12738,#11836,#12750,.T.);
#11333=EDGE_CURVE('',#12736,#11838,#12751,.T.);
#11334=EDGE_CURVE('',#12734,#11840,#12752,.T.);
#11335=EDGE_CURVE('',#12732,#11842,#12753,.T.);
#11336=EDGE_CURVE('',#12730,#11844,#12754,.T.);
#11337=EDGE_CURVE('',#12728,#11846,#12755,.T.);
#11338=EDGE_CURVE('',#12726,#11848,#12756,.T.);
#11339=EDGE_CURVE('',#12724,#11850,#12757,.T.);
#11340=EDGE_CURVE('',#12722,#11852,#12758,.T.);
#11341=EDGE_CURVE('',#12720,#11854,#12759,.T.);
#11342=EDGE_CURVE('',#12718,#11856,#12760,.T.);
#11343=EDGE_CURVE('',#12716,#11858,#12761,.T.);
#11344=EDGE_CURVE('',#12714,#11860,#12762,.T.);
#11345=EDGE_CURVE('',#12712,#11862,#12763,.T.);
#11346=EDGE_CURVE('',#12710,#11864,#12764,.T.);
#11347=EDGE_CURVE('',#12708,#11866,#12765,.T.);
#11348=EDGE_CURVE('',#12706,#11868,#12766,.T.);
#11349=EDGE_CURVE('',#12704,#11870,#12767,.T.);
#11350=EDGE_CURVE('',#12702,#11872,#12768,.T.);
#11351=EDGE_CURVE('',#12700,#11874,#12769,.T.);
#11352=EDGE_CURVE('',#12698,#11876,#12770,.T.);
#11353=EDGE_CURVE('',#12696,#11878,#12771,.T.);
#11354=EDGE_CURVE('',#12694,#11880,#12772,.T.);
#11355=EDGE_CURVE('',#12692,#11882,#12773,.T.);
#11356=EDGE_CURVE('',#12690,#11884,#12774,.T.);
#11357=EDGE_CURVE('',#12688,#11886,#12775,.T.);
#11358=EDGE_CURVE('',#12686,#11888,#12776,.T.);
#11359=EDGE_CURVE('',#12684,#11890,#12777,.T.);
#11360=EDGE_CURVE('',#12682,#11892,#12778,.T.);
#11361=EDGE_CURVE('',#12680,#11894,#12779,.T.);
#11362=EDGE_CURVE('',#12678,#11896,#12780,.T.);
#11363=EDGE_CURVE('',#12676,#11898,#12781,.T.);
#11364=EDGE_CURVE('',#12674,#11900,#12782,.T.);
#11365=EDGE_CURVE('',#12672,#11902,#12783,.T.);
#11366=EDGE_CURVE('',#12670,#11904,#12784,.T.);
#11367=EDGE_CURVE('',#12668,#11906,#12785,.T.);
#11368=EDGE_CURVE('',#12666,#11908,#12786,.T.);
#11369=EDGE_CURVE('',#12664,#11910,#12787,.T.);
#11370=EDGE_CURVE('',#12662,#11912,#12788,.T.);
#11371=EDGE_CURVE('',#12660,#11914,#12789,.T.);
#11372=EDGE_CURVE('',#12658,#11916,#12790,.T.);
#11373=EDGE_CURVE('',#12656,#11918,#12791,.T.);
#11374=EDGE_CURVE('',#12654,#11920,#12792,.T.);
#11375=EDGE_CURVE('',#12652,#11922,#12793,.T.);
#11376=EDGE_CURVE('',#12650,#11924,#12794,.T.);
#11377=EDGE_CURVE('',#12648,#11926,#12795,.T.);
#11378=EDGE_CURVE('',#12646,#11928,#12796,.T.);
#11379=EDGE_CURVE('',#12644,#11930,#12797,.T.);
#11380=EDGE_CURVE('',#12642,#11932,#12798,.T.);
#11381=EDGE_CURVE('',#12640,#11934,#12799,.T.);
#11382=EDGE_CURVE('',#12638,#11936,#12800,.T.);
#11383=EDGE_CURVE('',#12636,#11938,#12801,.T.);
#11384=EDGE_CURVE('',#12634,#11940,#12802,.T.);
#11385=EDGE_CURVE('',#12632,#11942,#12803,.T.);
#11386=EDGE_CURVE('',#12630,#11944,#12804,.T.);
#11387=EDGE_CURVE('',#12628,#11946,#12805,.T.);
#11388=EDGE_CURVE('',#12626,#11948,#12806,.T.);
#11389=EDGE_CURVE('',#12624,#11950,#12807,.T.);
#11390=EDGE_CURVE('',#12622,#11952,#12808,.T.);
#11391=EDGE_CURVE('',#12620,#11954,#12809,.T.);
#11392=EDGE_CURVE('',#12618,#11956,#12810,.T.);
#11393=EDGE_CURVE('',#12616,#11958,#12811,.T.);
#11394=EDGE_CURVE('',#12614,#11960,#12812,.T.);
#11395=EDGE_CURVE('',#12612,#11962,#12813,.T.);
#11396=EDGE_CURVE('',#12610,#11964,#12814,.T.);
#11397=EDGE_CURVE('',#12608,#11966,#12815,.T.);
#11398=EDGE_CURVE('',#12606,#11968,#12816,.T.);
#11399=EDGE_CURVE('',#12604,#11970,#12817,.T.);
#11400=EDGE_CURVE('',#12602,#11972,#12818,.T.);
#11401=EDGE_CURVE('',#12600,#11974,#12819,.T.);
#11402=EDGE_CURVE('',#12598,#11976,#12820,.T.);
#11403=EDGE_CURVE('',#12596,#11978,#12821,.T.);
#11404=EDGE_CURVE('',#12594,#11980,#12822,.T.);
#11405=EDGE_CURVE('',#12592,#11982,#12823,.T.);
#11406=EDGE_CURVE('',#12590,#11984,#12824,.T.);
#11407=EDGE_CURVE('',#12588,#11986,#12825,.T.);
#11408=EDGE_CURVE('',#12586,#11988,#12826,.T.);
#11409=EDGE_CURVE('',#12584,#11990,#12827,.T.);
#11410=EDGE_CURVE('',#12582,#11992,#12828,.T.);
#11411=EDGE_CURVE('',#12580,#11994,#12829,.T.);
#11412=EDGE_CURVE('',#12578,#11996,#12830,.T.);
#11413=EDGE_CURVE('',#12576,#11998,#12831,.T.);
#11414=EDGE_CURVE('',#12574,#12000,#12832,.T.);
#11415=EDGE_CURVE('',#12572,#12002,#12833,.T.);
#11416=EDGE_CURVE('',#12570,#12004,#12834,.T.);
#11417=EDGE_CURVE('',#12568,#12006,#12835,.T.);
#11418=EDGE_CURVE('',#12566,#12008,#12836,.T.);
#11419=EDGE_CURVE('',#12564,#12010,#12837,.T.);
#11420=EDGE_CURVE('',#12562,#12012,#12838,.T.);
#11421=EDGE_CURVE('',#12560,#12014,#12839,.T.);
#11422=EDGE_CURVE('',#12558,#12016,#12840,.T.);
#11423=EDGE_CURVE('',#12556,#12018,#12841,.T.);
#11424=EDGE_CURVE('',#12554,#12020,#12842,.T.);
#11425=EDGE_CURVE('',#12552,#12022,#12843,.T.);
#11426=EDGE_CURVE('',#12550,#12024,#12844,.T.);
#11427=EDGE_CURVE('',#12548,#12026,#12845,.T.);
#11428=EDGE_CURVE('',#12546,#12028,#12846,.T.);
#11429=EDGE_CURVE('',#12544,#12030,#12847,.T.);
#11430=EDGE_CURVE('',#12542,#12032,#12848,.T.);
#11431=EDGE_CURVE('',#12540,#12034,#12849,.T.);
#11432=EDGE_CURVE('',#12538,#12036,#12850,.T.);
#11433=EDGE_CURVE('',#12536,#12038,#12851,.T.);
#11434=EDGE_CURVE('',#12534,#12040,#12852,.T.);
#11435=EDGE_CURVE('',#12532,#12042,#12853,.T.);
#11436=EDGE_CURVE('',#12530,#12044,#12854,.T.);
#11437=EDGE_CURVE('',#12528,#12046,#12855,.T.);
#11438=EDGE_CURVE('',#12526,#12048,#12856,.T.);
#11439=EDGE_CURVE('',#12524,#12050,#12857,.T.);
#11440=EDGE_CURVE('',#12522,#12052,#12858,.T.);
#11441=EDGE_CURVE('',#12520,#12054,#12859,.T.);
#11442=EDGE_CURVE('',#12518,#12056,#12860,.T.);
#11443=EDGE_CURVE('',#12516,#12058,#12861,.T.);
#11444=EDGE_CURVE('',#12514,#12060,#12862,.T.);
#11445=EDGE_CURVE('',#12512,#12062,#12863,.T.);
#11446=EDGE_CURVE('',#12510,#12064,#12864,.T.);
#11447=EDGE_CURVE('',#12508,#12066,#12865,.T.);
#11448=EDGE_CURVE('',#12506,#12068,#12866,.T.);
#11449=EDGE_CURVE('',#12504,#12070,#12867,.T.);
#11450=EDGE_CURVE('',#12502,#12072,#12868,.T.);
#11451=EDGE_CURVE('',#12500,#12074,#12869,.T.);
#11452=EDGE_CURVE('',#12498,#12076,#12870,.T.);
#11453=EDGE_CURVE('',#12496,#12078,#12871,.T.);
#11454=EDGE_CURVE('',#12494,#12080,#12872,.T.);
#11455=EDGE_CURVE('',#12492,#12082,#12873,.T.);
#11456=EDGE_CURVE('',#12490,#12084,#12874,.T.);
#11457=EDGE_CURVE('',#12488,#12086,#12875,.T.);
#11458=EDGE_CURVE('',#12486,#12088,#12876,.T.);
#11459=EDGE_CURVE('',#12484,#12090,#12877,.T.);
#11460=EDGE_CURVE('',#12482,#12092,#12878,.T.);
#11461=EDGE_CURVE('',#12480,#12094,#12879,.T.);
#11462=EDGE_CURVE('',#12478,#12096,#12880,.T.);
#11463=EDGE_CURVE('',#12476,#12098,#12881,.T.);
#11464=EDGE_CURVE('',#12474,#12100,#12882,.T.);
#11465=EDGE_CURVE('',#12472,#12102,#12883,.T.);
#11466=EDGE_CURVE('',#12470,#12104,#12884,.T.);
#11467=EDGE_CURVE('',#12468,#12106,#12885,.T.);
#11468=EDGE_CURVE('',#12466,#12108,#12886,.T.);
#11469=EDGE_CURVE('',#12464,#12110,#12887,.T.);
#11470=EDGE_CURVE('',#12462,#12112,#12888,.T.);
#11471=EDGE_CURVE('',#12460,#12114,#12889,.T.);
#11472=EDGE_CURVE('',#12458,#12116,#12890,.T.);
#11473=EDGE_CURVE('',#12456,#12118,#12891,.T.);
#11474=EDGE_CURVE('',#12454,#12120,#12892,.T.);
#11475=EDGE_CURVE('',#12452,#12122,#12893,.T.);
#11476=EDGE_CURVE('',#12450,#12124,#12894,.T.);
#11477=EDGE_CURVE('',#12448,#12126,#12895,.T.);
#11478=EDGE_CURVE('',#12446,#12128,#12896,.T.);
#11479=EDGE_CURVE('',#12444,#12130,#12897,.T.);
#11480=EDGE_CURVE('',#12442,#12132,#12898,.T.);
#11481=EDGE_CURVE('',#12440,#12134,#12899,.T.);
#11482=EDGE_CURVE('',#12438,#12136,#12900,.T.);
#11483=EDGE_CURVE('',#12436,#12138,#12901,.T.);
#11484=EDGE_CURVE('',#12434,#12140,#12902,.T.);
#11485=EDGE_CURVE('',#12432,#12142,#12903,.T.);
#11486=EDGE_CURVE('',#12430,#12144,#12904,.T.);
#11487=EDGE_CURVE('',#12428,#12146,#12905,.T.);
#11488=EDGE_CURVE('',#12426,#12148,#12906,.T.);
#11489=EDGE_CURVE('',#12424,#12150,#12907,.T.);
#11490=EDGE_CURVE('',#12422,#12152,#12908,.T.);
#11491=EDGE_CURVE('',#12420,#12154,#12909,.T.);
#11492=EDGE_CURVE('',#12418,#12156,#12910,.T.);
#11493=EDGE_CURVE('',#12416,#12158,#12911,.T.);
#11494=EDGE_CURVE('',#12414,#12160,#12912,.T.);
#11495=EDGE_CURVE('',#12412,#12162,#12913,.T.);
#11496=EDGE_CURVE('',#12410,#12164,#12914,.T.);
#11497=EDGE_CURVE('',#12408,#12166,#12915,.T.);
#11498=EDGE_CURVE('',#12406,#12168,#12916,.T.);
#11499=EDGE_CURVE('',#12404,#12170,#12917,.T.);
#11500=EDGE_CURVE('',#12402,#12172,#12918,.T.);
#11501=EDGE_CURVE('',#12400,#12174,#12919,.T.);
#11502=EDGE_CURVE('',#12398,#12176,#12920,.T.);
#11503=EDGE_CURVE('',#12396,#12178,#12921,.T.);
#11504=EDGE_CURVE('',#12394,#12180,#12922,.T.);
#11505=EDGE_CURVE('',#12392,#12182,#12923,.T.);
#11506=EDGE_CURVE('',#12390,#12184,#12924,.T.);
#11507=EDGE_CURVE('',#12388,#12186,#12925,.T.);
#11508=EDGE_CURVE('',#12386,#12188,#12926,.T.);
#11509=EDGE_CURVE('',#12384,#12190,#12927,.T.);
#11510=EDGE_CURVE('',#12382,#12192,#12928,.T.);
#11511=EDGE_CURVE('',#12380,#12194,#12929,.T.);
#11512=EDGE_CURVE('',#12378,#12196,#12930,.T.);
#11513=EDGE_CURVE('',#12376,#12198,#12931,.T.);
#11514=EDGE_CURVE('',#12374,#12200,#12932,.T.);
#11515=EDGE_CURVE('',#12372,#12202,#12933,.T.);
#11516=EDGE_CURVE('',#12370,#12204,#12934,.T.);
#11517=EDGE_CURVE('',#12368,#12206,#12935,.T.);
#11518=EDGE_CURVE('',#12366,#12208,#12936,.T.);
#11519=EDGE_CURVE('',#12364,#12210,#12937,.T.);
#11520=EDGE_CURVE('',#12362,#12212,#12938,.T.);
#11521=EDGE_CURVE('',#12360,#12214,#12939,.T.);
#11522=EDGE_CURVE('',#12358,#12216,#12940,.T.);
#11523=EDGE_CURVE('',#12356,#12218,#12941,.T.);
#11524=EDGE_CURVE('',#12354,#12220,#12942,.T.);
#11525=EDGE_CURVE('',#12352,#12222,#12943,.T.);
#11526=EDGE_CURVE('',#12350,#12224,#12944,.T.);
#11527=EDGE_CURVE('',#12348,#12226,#12945,.T.);
#11528=EDGE_CURVE('',#12346,#12228,#12946,.T.);
#11529=EDGE_CURVE('',#12344,#12230,#12947,.T.);
#11530=EDGE_CURVE('',#12342,#12232,#12948,.T.);
#11531=EDGE_CURVE('',#12340,#12234,#12949,.T.);
#11532=EDGE_CURVE('',#12337,#12236,#12950,.T.);
#11533=EDGE_CURVE('',#12951,#12951,#12952,.T.);
#11534=EDGE_CURVE('',#12953,#12953,#12954,.T.);
#11535=EDGE_CURVE('',#12955,#12955,#12956,.T.);
#11536=EDGE_CURVE('',#12957,#12957,#12958,.T.);
#11537=EDGE_CURVE('',#12959,#12959,#12960,.T.);
#11538=EDGE_CURVE('',#12961,#12961,#12962,.T.);
#11539=EDGE_CURVE('',#12963,#12963,#12964,.T.);
#11540=EDGE_CURVE('',#12965,#12965,#12966,.T.);
#11541=EDGE_CURVE('',#12967,#12967,#12968,.T.);
#11542=EDGE_CURVE('',#12969,#12969,#12970,.T.);
#11543=EDGE_CURVE('',#12971,#12971,#12972,.T.);
#11544=EDGE_CURVE('',#12973,#12973,#12974,.T.);
#11545=EDGE_CURVE('',#12975,#12975,#12976,.T.);
#11546=EDGE_CURVE('',#12977,#12977,#12978,.T.);
#11547=EDGE_CURVE('',#12979,#12979,#12980,.T.);
#11548=EDGE_CURVE('',#12981,#12981,#12982,.T.);
#11549=EDGE_CURVE('',#12983,#12983,#12984,.T.);
#11550=EDGE_CURVE('',#12985,#12985,#12986,.T.);
#11551=EDGE_CURVE('',#12987,#12987,#12988,.T.);
#11552=EDGE_CURVE('',#12989,#12989,#12990,.T.);
#11553=EDGE_CURVE('',#12991,#12991,#12992,.T.);
#11554=EDGE_CURVE('',#12993,#12993,#12994,.T.);
#11555=EDGE_CURVE('',#12995,#12995,#12996,.T.);
#11556=EDGE_CURVE('',#12997,#12997,#12998,.T.);
#11557=EDGE_CURVE('',#12999,#12999,#13000,.T.);
#11558=EDGE_CURVE('',#13001,#13001,#13002,.T.);
#11559=EDGE_CURVE('',#13003,#13003,#13004,.T.);
#11560=EDGE_CURVE('',#13005,#13005,#13006,.T.);
#11561=EDGE_CURVE('',#13007,#13007,#13008,.T.);
#11562=EDGE_CURVE('',#13009,#13009,#13010,.T.);
#11563=EDGE_CURVE('',#13011,#13011,#13012,.T.);
#11564=EDGE_CURVE('',#13013,#13013,#13014,.T.);
#11565=EDGE_CURVE('',#13015,#13015,#13016,.T.);
#11566=EDGE_CURVE('',#13017,#13017,#13018,.T.);
#11567=EDGE_CURVE('',#13019,#13019,#13020,.T.);
#11568=EDGE_CURVE('',#13021,#13021,#13022,.T.);
#11569=EDGE_CURVE('',#13023,#13023,#13024,.T.);
#11570=EDGE_CURVE('',#13025,#13025,#13026,.T.);
#11571=EDGE_CURVE('',#13027,#13027,#13028,.T.);
#11572=EDGE_CURVE('',#13029,#13029,#13030,.T.);
#11573=EDGE_CURVE('',#13031,#13031,#13032,.T.);
#11574=EDGE_CURVE('',#13033,#13033,#13034,.T.);
#11575=EDGE_CURVE('',#13035,#13035,#13036,.T.);
#11576=EDGE_CURVE('',#13037,#13037,#13038,.T.);
#11577=EDGE_CURVE('',#13039,#13039,#13040,.T.);
#11578=EDGE_CURVE('',#13041,#13041,#13042,.T.);
#11579=EDGE_CURVE('',#13043,#13043,#13044,.T.);
#11580=EDGE_CURVE('',#13045,#13045,#13046,.T.);
#11581=EDGE_CURVE('',#13047,#13047,#13048,.T.);
#11582=EDGE_CURVE('',#13049,#13049,#13050,.T.);
#11583=EDGE_CURVE('',#13051,#13051,#13052,.T.);
#11584=EDGE_CURVE('',#13053,#13053,#13054,.T.);
#11585=EDGE_CURVE('',#13055,#13055,#13056,.T.);
#11586=EDGE_CURVE('',#13057,#13057,#13058,.T.);
#11587=EDGE_CURVE('',#13059,#13059,#13060,.T.);
#11588=EDGE_CURVE('',#13061,#13061,#13062,.T.);
#11589=EDGE_CURVE('',#13063,#13063,#13064,.T.);
#11590=EDGE_CURVE('',#13065,#13065,#13066,.T.);
#11591=EDGE_CURVE('',#13067,#13067,#13068,.T.);
#11592=EDGE_CURVE('',#13069,#13069,#13070,.T.);
#11593=EDGE_CURVE('',#13071,#13071,#13072,.T.);
#11594=EDGE_CURVE('',#13073,#13073,#13074,.T.);
#11595=EDGE_CURVE('',#13075,#13075,#13076,.T.);
#11596=EDGE_CURVE('',#13077,#13077,#13078,.T.);
#11597=EDGE_CURVE('',#13079,#13079,#13080,.T.);
#11598=EDGE_CURVE('',#13081,#13081,#13082,.T.);
#11599=EDGE_CURVE('',#13083,#13083,#13084,.T.);
#11600=EDGE_CURVE('',#13085,#13085,#13086,.T.);
#11601=EDGE_CURVE('',#13087,#13087,#13088,.T.);
#11602=EDGE_CURVE('',#13089,#13089,#13090,.T.);
#11603=EDGE_CURVE('',#13091,#13091,#13092,.T.);
#11604=EDGE_CURVE('',#13093,#13093,#13094,.T.);
#11605=EDGE_CURVE('',#13095,#13095,#13096,.T.);
#11606=EDGE_CURVE('',#13097,#13097,#13098,.T.);
#11607=EDGE_CURVE('',#13099,#13099,#13100,.T.);
#11608=EDGE_CURVE('',#13101,#13101,#13102,.T.);
#11609=EDGE_CURVE('',#13103,#13103,#13104,.T.);
#11610=EDGE_CURVE('',#13105,#13105,#13106,.T.);
#11611=EDGE_CURVE('',#13107,#13107,#13108,.T.);
#11612=EDGE_CURVE('',#13109,#13109,#13110,.T.);
#11613=EDGE_CURVE('',#13111,#13111,#13112,.T.);
#11614=EDGE_CURVE('',#13113,#13113,#13114,.T.);
#11615=EDGE_CURVE('',#13115,#13115,#13116,.T.);
#11616=EDGE_CURVE('',#13117,#13117,#13118,.T.);
#11617=EDGE_CURVE('',#13119,#13119,#13120,.T.);
#11618=EDGE_CURVE('',#13121,#13121,#13122,.T.);
#11619=EDGE_CURVE('',#13123,#13123,#13124,.T.);
#11620=EDGE_CURVE('',#13125,#13125,#13126,.T.);
#11621=EDGE_CURVE('',#13127,#13127,#13128,.T.);
#11622=EDGE_CURVE('',#13129,#13129,#13130,.T.);
#11623=EDGE_CURVE('',#13131,#13131,#13132,.T.);
#11624=EDGE_CURVE('',#13133,#13133,#13134,.T.);
#11625=EDGE_CURVE('',#13135,#13135,#13136,.T.);
#11626=EDGE_CURVE('',#13137,#13137,#13138,.T.);
#11627=EDGE_CURVE('',#13139,#13139,#13140,.T.);
#11628=EDGE_CURVE('',#13141,#13141,#13142,.T.);
#11629=EDGE_CURVE('',#13143,#13143,#13144,.T.);
#11630=EDGE_CURVE('',#13145,#13145,#13146,.T.);
#11631=EDGE_CURVE('',#13147,#13147,#13148,.T.);
#11632=EDGE_CURVE('',#13149,#13149,#13150,.T.);
#11633=EDGE_CURVE('',#13151,#13151,#13152,.T.);
#11634=EDGE_CURVE('',#13153,#13153,#13154,.T.);
#11635=EDGE_CURVE('',#13155,#13155,#13156,.T.);
#11636=EDGE_CURVE('',#13157,#13157,#13158,.T.);
#11637=EDGE_CURVE('',#13159,#13159,#13160,.T.);
#11638=EDGE_CURVE('',#13161,#13161,#13162,.T.);
#11639=EDGE_CURVE('',#13163,#13163,#13164,.T.);
#11640=EDGE_CURVE('',#13165,#13165,#13166,.T.);
#11641=EDGE_CURVE('',#13167,#13167,#13168,.T.);
#11642=EDGE_CURVE('',#13169,#13169,#13170,.T.);
#11643=EDGE_CURVE('',#13171,#13171,#13172,.T.);
#11644=EDGE_CURVE('',#13173,#13173,#13174,.T.);
#11645=EDGE_CURVE('',#13175,#13175,#13176,.T.);
#11646=EDGE_CURVE('',#13177,#13177,#13178,.T.);
#11647=EDGE_CURVE('',#13179,#13179,#13180,.T.);
#11648=EDGE_CURVE('',#13181,#13181,#13182,.T.);
#11649=EDGE_CURVE('',#13183,#13183,#13184,.T.);
#11650=EDGE_CURVE('',#13185,#13185,#13186,.T.);
#11651=EDGE_CURVE('',#13187,#13187,#13188,.T.);
#11652=EDGE_CURVE('',#13189,#13189,#13190,.T.);
#11653=EDGE_CURVE('',#13191,#13191,#13192,.T.);
#11654=EDGE_CURVE('',#13193,#13193,#13194,.T.);
#11655=EDGE_CURVE('',#13195,#13195,#13196,.T.);
#11656=EDGE_CURVE('',#13197,#13197,#13198,.T.);
#11657=EDGE_CURVE('',#13199,#13199,#13200,.T.);
#11658=EDGE_CURVE('',#13201,#13201,#13202,.T.);
#11659=EDGE_CURVE('',#13203,#13203,#13204,.T.);
#11660=EDGE_CURVE('',#13205,#13205,#13206,.T.);
#11661=EDGE_CURVE('',#13207,#13207,#13208,.T.);
#11662=EDGE_CURVE('',#13209,#13209,#13210,.T.);
#11663=EDGE_CURVE('',#13211,#13211,#13212,.T.);
#11664=EDGE_CURVE('',#13213,#13213,#13214,.T.);
#11665=EDGE_CURVE('',#13215,#13215,#13216,.T.);
#11666=EDGE_CURVE('',#13217,#13217,#13218,.T.);
#11667=EDGE_CURVE('',#13219,#13219,#13220,.T.);
#11668=EDGE_CURVE('',#13221,#13221,#13222,.T.);
#11669=EDGE_CURVE('',#13223,#13223,#13224,.T.);
#11670=EDGE_CURVE('',#13225,#13225,#13226,.T.);
#11671=EDGE_CURVE('',#13227,#13227,#13228,.T.);
#11672=EDGE_CURVE('',#13229,#13229,#13230,.T.);
#11673=EDGE_CURVE('',#13231,#13231,#13232,.T.);
#11674=EDGE_CURVE('',#13233,#13233,#13234,.T.);
#11675=EDGE_CURVE('',#13235,#13235,#13236,.T.);
#11676=EDGE_CURVE('',#13237,#13237,#13238,.T.);
#11677=EDGE_CURVE('',#13239,#13239,#13240,.T.);
#11678=EDGE_CURVE('',#13241,#13241,#13242,.T.);
#11679=EDGE_CURVE('',#13243,#13243,#13244,.T.);
#11680=EDGE_CURVE('',#13245,#13245,#13246,.T.);
#11681=EDGE_CURVE('',#13247,#13247,#13248,.T.);
#11682=EDGE_CURVE('',#13249,#13249,#13250,.T.);
#11683=EDGE_CURVE('',#13251,#13251,#13252,.T.);
#11684=EDGE_CURVE('',#13253,#13253,#13254,.T.);
#11685=EDGE_CURVE('',#13255,#13255,#13256,.T.);
#11686=EDGE_CURVE('',#13257,#13257,#13258,.T.);
#11687=EDGE_CURVE('',#13259,#13259,#13260,.T.);
#11688=EDGE_CURVE('',#13261,#13261,#13262,.T.);
#11689=EDGE_CURVE('',#13263,#13263,#13264,.T.);
#11690=EDGE_CURVE('',#13265,#13265,#13266,.T.);
#11691=EDGE_CURVE('',#13267,#13267,#13268,.T.);
#11692=EDGE_CURVE('',#13269,#13269,#13270,.T.);
#11693=EDGE_CURVE('',#13271,#13271,#13272,.T.);
#11694=EDGE_CURVE('',#13273,#13273,#13274,.T.);
#11695=EDGE_CURVE('',#13275,#13275,#13276,.T.);
#11696=EDGE_CURVE('',#13277,#13277,#13278,.T.);
#11697=EDGE_CURVE('',#13279,#13279,#13280,.T.);
#11698=EDGE_CURVE('',#13281,#13281,#13282,.T.);
#11699=EDGE_CURVE('',#13283,#13283,#13284,.T.);
#11700=EDGE_CURVE('',#13285,#13285,#13286,.T.);
#11701=EDGE_CURVE('',#13287,#13287,#13288,.T.);
#11702=EDGE_CURVE('',#13289,#13289,#13290,.T.);
#11703=EDGE_CURVE('',#13291,#13291,#13292,.T.);
#11704=EDGE_CURVE('',#13293,#13293,#13294,.T.);
#11705=EDGE_CURVE('',#13295,#13295,#13296,.T.);
#11706=EDGE_CURVE('',#13297,#13297,#13298,.T.);
#11707=EDGE_CURVE('',#13299,#13299,#13300,.T.);
#11708=EDGE_CURVE('',#13301,#13301,#13302,.T.);
#11709=EDGE_CURVE('',#13303,#13303,#13304,.T.);
#11710=EDGE_CURVE('',#13305,#13305,#13306,.T.);
#11711=EDGE_CURVE('',#13307,#13307,#13308,.T.);
#11712=EDGE_CURVE('',#13309,#13309,#13310,.T.);
#11713=EDGE_CURVE('',#13311,#13311,#13312,.T.);
#11714=EDGE_CURVE('',#13313,#13313,#13314,.T.);
#11715=EDGE_CURVE('',#13315,#13315,#13316,.T.);
#11716=EDGE_CURVE('',#13317,#13317,#13318,.T.);
#11717=EDGE_CURVE('',#13319,#13319,#13320,.T.);
#11718=EDGE_CURVE('',#13321,#13321,#13322,.T.);
#11719=EDGE_CURVE('',#13323,#13323,#13324,.T.);
#11720=EDGE_CURVE('',#13325,#13325,#13326,.T.);
#11721=EDGE_CURVE('',#13327,#13327,#13328,.T.);
#11722=EDGE_CURVE('',#13329,#13329,#13330,.T.);
#11723=EDGE_CURVE('',#13331,#13331,#13332,.T.);
#11724=EDGE_CURVE('',#13333,#13333,#13334,.T.);
#11725=EDGE_CURVE('',#13335,#13335,#13336,.T.);
#11726=EDGE_CURVE('',#13337,#13337,#13338,.T.);
#11727=EDGE_CURVE('',#13339,#13339,#13340,.T.);
#11728=EDGE_CURVE('',#13341,#13341,#13342,.T.);
#11729=EDGE_CURVE('',#13343,#13343,#13344,.T.);
#11730=EDGE_CURVE('',#13345,#13345,#13346,.T.);
#11731=EDGE_CURVE('',#13347,#13347,#13348,.T.);
#11732=EDGE_CURVE('',#13349,#13349,#13350,.T.);
#11733=EDGE_CURVE('',#13351,#13351,#13352,.T.);
#11734=EDGE_CURVE('',#13353,#13353,#13354,.T.);
#11735=VERTEX_POINT('',#13355);
#11736=CIRCLE('',#13356,0.66);
#11737=VERTEX_POINT('',#13360);
#11738=CIRCLE('',#13361,0.66);
#11739=VERTEX_POINT('',#13365);
#11740=CIRCLE('',#13366,0.66);
#11741=VERTEX_POINT('',#13370);
#11742=CIRCLE('',#13371,0.66);
#11743=VERTEX_POINT('',#13375);
#11744=CIRCLE('',#13376,0.66);
#11745=VERTEX_POINT('',#13380);
#11746=CIRCLE('',#13381,0.66);
#11747=VERTEX_POINT('',#13385);
#11748=CIRCLE('',#13386,0.66);
#11749=VERTEX_POINT('',#13390);
#11750=CIRCLE('',#13391,0.66);
#11751=VERTEX_POINT('',#13395);
#11752=CIRCLE('',#13396,0.66);
#11753=VERTEX_POINT('',#13400);
#11754=CIRCLE('',#13401,0.66);
#11755=VERTEX_POINT('',#13405);
#11756=CIRCLE('',#13406,0.66);
#11757=VERTEX_POINT('',#13410);
#11758=CIRCLE('',#13411,0.66);
#11759=VERTEX_POINT('',#13415);
#11760=CIRCLE('',#13416,0.66);
#11761=VERTEX_POINT('',#13420);
#11762=CIRCLE('',#13421,0.66);
#11763=VERTEX_POINT('',#13425);
#11764=CIRCLE('',#13426,0.66);
#11765=VERTEX_POINT('',#13430);
#11766=CIRCLE('',#13431,0.66);
#11767=VERTEX_POINT('',#13435);
#11768=CIRCLE('',#13436,0.66);
#11769=VERTEX_POINT('',#13440);
#11770=CIRCLE('',#13441,0.66);
#11771=VERTEX_POINT('',#13445);
#11772=CIRCLE('',#13446,0.66);
#11773=VERTEX_POINT('',#13450);
#11774=CIRCLE('',#13451,0.66);
#11775=VERTEX_POINT('',#13455);
#11776=CIRCLE('',#13456,0.66);
#11777=VERTEX_POINT('',#13460);
#11778=CIRCLE('',#13461,0.66);
#11779=VERTEX_POINT('',#13465);
#11780=CIRCLE('',#13466,0.66);
#11781=VERTEX_POINT('',#13470);
#11782=CIRCLE('',#13471,0.66);
#11783=VERTEX_POINT('',#13475);
#11784=CIRCLE('',#13476,0.66);
#11785=VERTEX_POINT('',#13480);
#11786=CIRCLE('',#13481,0.66);
#11787=VERTEX_POINT('',#13485);
#11788=CIRCLE('',#13486,0.66);
#11789=VERTEX_POINT('',#13490);
#11790=CIRCLE('',#13491,0.66);
#11791=VERTEX_POINT('',#13495);
#11792=CIRCLE('',#13496,0.66);
#11793=VERTEX_POINT('',#13500);
#11794=CIRCLE('',#13501,0.66);
#11795=VERTEX_POINT('',#13505);
#11796=CIRCLE('',#13506,0.66);
#11797=VERTEX_POINT('',#13510);
#11798=CIRCLE('',#13511,0.66);
#11799=VERTEX_POINT('',#13515);
#11800=CIRCLE('',#13516,0.66);
#11801=VERTEX_POINT('',#13520);
#11802=CIRCLE('',#13521,0.66);
#11803=VERTEX_POINT('',#13525);
#11804=CIRCLE('',#13526,0.66);
#11805=VERTEX_POINT('',#13530);
#11806=CIRCLE('',#13531,0.66);
#11807=VERTEX_POINT('',#13535);
#11808=CIRCLE('',#13536,0.66);
#11809=VERTEX_POINT('',#13540);
#11810=CIRCLE('',#13541,0.66);
#11811=VERTEX_POINT('',#13545);
#11812=CIRCLE('',#13546,0.66);
#11813=VERTEX_POINT('',#13550);
#11814=CIRCLE('',#13551,0.66);
#11815=VERTEX_POINT('',#13555);
#11816=CIRCLE('',#13556,0.66);
#11817=VERTEX_POINT('',#13560);
#11818=CIRCLE('',#13561,0.66);
#11819=VERTEX_POINT('',#13565);
#11820=CIRCLE('',#13566,0.66);
#11821=VERTEX_POINT('',#13570);
#11822=CIRCLE('',#13571,0.66);
#11823=VERTEX_POINT('',#13575);
#11824=CIRCLE('',#13576,0.66);
#11825=VERTEX_POINT('',#13580);
#11826=CIRCLE('',#13581,0.66);
#11827=VERTEX_POINT('',#13585);
#11828=CIRCLE('',#13586,0.66);
#11829=VERTEX_POINT('',#13590);
#11830=CIRCLE('',#13591,0.66);
#11831=VERTEX_POINT('',#13595);
#11832=VERTEX_POINT('',#13596);
#11833=LINE('',#13597,#13598);
#11834=VERTEX_POINT('',#13600);
#11835=LINE('',#13601,#13602);
#11836=VERTEX_POINT('',#13604);
#11837=LINE('',#13605,#13606);
#11838=VERTEX_POINT('',#13608);
#11839=LINE('',#13609,#13610);
#11840=VERTEX_POINT('',#13612);
#11841=LINE('',#13613,#13614);
#11842=VERTEX_POINT('',#13616);
#11843=LINE('',#13617,#13618);
#11844=VERTEX_POINT('',#13620);
#11845=LINE('',#13621,#13622);
#11846=VERTEX_POINT('',#13624);
#11847=LINE('',#13625,#13626);
#11848=VERTEX_POINT('',#13628);
#11849=LINE('',#13629,#13630);
#11850=VERTEX_POINT('',#13632);
#11851=LINE('',#13633,#13634);
#11852=VERTEX_POINT('',#13636);
#11853=LINE('',#13637,#13638);
#11854=VERTEX_POINT('',#13640);
#11855=LINE('',#13641,#13642);
#11856=VERTEX_POINT('',#13644);
#11857=LINE('',#13645,#13646);
#11858=VERTEX_POINT('',#13648);
#11859=LINE('',#13649,#13650);
#11860=VERTEX_POINT('',#13652);
#11861=LINE('',#13653,#13654);
#11862=VERTEX_POINT('',#13656);
#11863=LINE('',#13657,#13658);
#11864=VERTEX_POINT('',#13660);
#11865=LINE('',#13661,#13662);
#11866=VERTEX_POINT('',#13664);
#11867=LINE('',#13665,#13666);
#11868=VERTEX_POINT('',#13668);
#11869=LINE('',#13669,#13670);
#11870=VERTEX_POINT('',#13672);
#11871=LINE('',#13673,#13674);
#11872=VERTEX_POINT('',#13676);
#11873=LINE('',#13677,#13678);
#11874=VERTEX_POINT('',#13680);
#11875=LINE('',#13681,#13682);
#11876=VERTEX_POINT('',#13684);
#11877=LINE('',#13685,#13686);
#11878=VERTEX_POINT('',#13688);
#11879=LINE('',#13689,#13690);
#11880=VERTEX_POINT('',#13692);
#11881=LINE('',#13693,#13694);
#11882=VERTEX_POINT('',#13696);
#11883=LINE('',#13697,#13698);
#11884=VERTEX_POINT('',#13700);
#11885=LINE('',#13701,#13702);
#11886=VERTEX_POINT('',#13704);
#11887=LINE('',#13705,#13706);
#11888=VERTEX_POINT('',#13708);
#11889=LINE('',#13709,#13710);
#11890=VERTEX_POINT('',#13712);
#11891=LINE('',#13713,#13714);
#11892=VERTEX_POINT('',#13716);
#11893=LINE('',#13717,#13718);
#11894=VERTEX_POINT('',#13720);
#11895=LINE('',#13721,#13722);
#11896=VERTEX_POINT('',#13724);
#11897=LINE('',#13725,#13726);
#11898=VERTEX_POINT('',#13728);
#11899=LINE('',#13729,#13730);
#11900=VERTEX_POINT('',#13732);
#11901=LINE('',#13733,#13734);
#11902=VERTEX_POINT('',#13736);
#11903=LINE('',#13737,#13738);
#11904=VERTEX_POINT('',#13740);
#11905=LINE('',#13741,#13742);
#11906=VERTEX_POINT('',#13744);
#11907=LINE('',#13745,#13746);
#11908=VERTEX_POINT('',#13748);
#11909=LINE('',#13749,#13750);
#11910=VERTEX_POINT('',#13752);
#11911=LINE('',#13753,#13754);
#11912=VERTEX_POINT('',#13756);
#11913=LINE('',#13757,#13758);
#11914=VERTEX_POINT('',#13760);
#11915=LINE('',#13761,#13762);
#11916=VERTEX_POINT('',#13764);
#11917=LINE('',#13765,#13766);
#11918=VERTEX_POINT('',#13768);
#11919=LINE('',#13769,#13770);
#11920=VERTEX_POINT('',#13772);
#11921=LINE('',#13773,#13774);
#11922=VERTEX_POINT('',#13776);
#11923=LINE('',#13777,#13778);
#11924=VERTEX_POINT('',#13780);
#11925=LINE('',#13781,#13782);
#11926=VERTEX_POINT('',#13784);
#11927=LINE('',#13785,#13786);
#11928=VERTEX_POINT('',#13788);
#11929=LINE('',#13789,#13790);
#11930=VERTEX_POINT('',#13792);
#11931=LINE('',#13793,#13794);
#11932=VERTEX_POINT('',#13796);
#11933=LINE('',#13797,#13798);
#11934=VERTEX_POINT('',#13800);
#11935=LINE('',#13801,#13802);
#11936=VERTEX_POINT('',#13804);
#11937=LINE('',#13805,#13806);
#11938=VERTEX_POINT('',#13808);
#11939=LINE('',#13809,#13810);
#11940=VERTEX_POINT('',#13812);
#11941=LINE('',#13813,#13814);
#11942=VERTEX_POINT('',#13816);
#11943=LINE('',#13817,#13818);
#11944=VERTEX_POINT('',#13820);
#11945=LINE('',#13821,#13822);
#11946=VERTEX_POINT('',#13824);
#11947=LINE('',#13825,#13826);
#11948=VERTEX_POINT('',#13828);
#11949=LINE('',#13829,#13830);
#11950=VERTEX_POINT('',#13832);
#11951=LINE('',#13833,#13834);
#11952=VERTEX_POINT('',#13836);
#11953=LINE('',#13837,#13838);
#11954=VERTEX_POINT('',#13840);
#11955=LINE('',#13841,#13842);
#11956=VERTEX_POINT('',#13844);
#11957=LINE('',#13845,#13846);
#11958=VERTEX_POINT('',#13848);
#11959=LINE('',#13849,#13850);
#11960=VERTEX_POINT('',#13852);
#11961=LINE('',#13853,#13854);
#11962=VERTEX_POINT('',#13856);
#11963=LINE('',#13857,#13858);
#11964=VERTEX_POINT('',#13860);
#11965=LINE('',#13861,#13862);
#11966=VERTEX_POINT('',#13864);
#11967=LINE('',#13865,#13866);
#11968=VERTEX_POINT('',#13868);
#11969=LINE('',#13869,#13870);
#11970=VERTEX_POINT('',#13872);
#11971=LINE('',#13873,#13874);
#11972=VERTEX_POINT('',#13876);
#11973=LINE('',#13877,#13878);
#11974=VERTEX_POINT('',#13880);
#11975=LINE('',#13881,#13882);
#11976=VERTEX_POINT('',#13884);
#11977=LINE('',#13885,#13886);
#11978=VERTEX_POINT('',#13888);
#11979=LINE('',#13889,#13890);
#11980=VERTEX_POINT('',#13892);
#11981=LINE('',#13893,#13894);
#11982=VERTEX_POINT('',#13896);
#11983=LINE('',#13897,#13898);
#11984=VERTEX_POINT('',#13900);
#11985=LINE('',#13901,#13902);
#11986=VERTEX_POINT('',#13904);
#11987=LINE('',#13905,#13906);
#11988=VERTEX_POINT('',#13908);
#11989=LINE('',#13909,#13910);
#11990=VERTEX_POINT('',#13912);
#11991=LINE('',#13913,#13914);
#11992=VERTEX_POINT('',#13916);
#11993=LINE('',#13917,#13918);
#11994=VERTEX_POINT('',#13920);
#11995=LINE('',#13921,#13922);
#11996=VERTEX_POINT('',#13924);
#11997=LINE('',#13925,#13926);
#11998=VERTEX_POINT('',#13928);
#11999=LINE('',#13929,#13930);
#12000=VERTEX_POINT('',#13932);
#12001=LINE('',#13933,#13934);
#12002=VERTEX_POINT('',#13936);
#12003=LINE('',#13937,#13938);
#12004=VERTEX_POINT('',#13940);
#12005=LINE('',#13941,#13942);
#12006=VERTEX_POINT('',#13944);
#12007=LINE('',#13945,#13946);
#12008=VERTEX_POINT('',#13948);
#12009=LINE('',#13949,#13950);
#12010=VERTEX_POINT('',#13952);
#12011=LINE('',#13953,#13954);
#12012=VERTEX_POINT('',#13956);
#12013=LINE('',#13957,#13958);
#12014=VERTEX_POINT('',#13960);
#12015=LINE('',#13961,#13962);
#12016=VERTEX_POINT('',#13964);
#12017=LINE('',#13965,#13966);
#12018=VERTEX_POINT('',#13968);
#12019=LINE('',#13969,#13970);
#12020=VERTEX_POINT('',#13972);
#12021=LINE('',#13973,#13974);
#12022=VERTEX_POINT('',#13976);
#12023=LINE('',#13977,#13978);
#12024=VERTEX_POINT('',#13980);
#12025=LINE('',#13981,#13982);
#12026=VERTEX_POINT('',#13984);
#12027=LINE('',#13985,#13986);
#12028=VERTEX_POINT('',#13988);
#12029=LINE('',#13989,#13990);
#12030=VERTEX_POINT('',#13992);
#12031=LINE('',#13993,#13994);
#12032=VERTEX_POINT('',#13996);
#12033=LINE('',#13997,#13998);
#12034=VERTEX_POINT('',#14000);
#12035=LINE('',#14001,#14002);
#12036=VERTEX_POINT('',#14004);
#12037=LINE('',#14005,#14006);
#12038=VERTEX_POINT('',#14008);
#12039=LINE('',#14009,#14010);
#12040=VERTEX_POINT('',#14012);
#12041=LINE('',#14013,#14014);
#12042=VERTEX_POINT('',#14016);
#12043=LINE('',#14017,#14018);
#12044=VERTEX_POINT('',#14020);
#12045=LINE('',#14021,#14022);
#12046=VERTEX_POINT('',#14024);
#12047=LINE('',#14025,#14026);
#12048=VERTEX_POINT('',#14028);
#12049=LINE('',#14029,#14030);
#12050=VERTEX_POINT('',#14032);
#12051=LINE('',#14033,#14034);
#12052=VERTEX_POINT('',#14036);
#12053=LINE('',#14037,#14038);
#12054=VERTEX_POINT('',#14040);
#12055=LINE('',#14041,#14042);
#12056=VERTEX_POINT('',#14044);
#12057=LINE('',#14045,#14046);
#12058=VERTEX_POINT('',#14048);
#12059=LINE('',#14049,#14050);
#12060=VERTEX_POINT('',#14052);
#12061=LINE('',#14053,#14054);
#12062=VERTEX_POINT('',#14056);
#12063=LINE('',#14057,#14058);
#12064=VERTEX_POINT('',#14060);
#12065=LINE('',#14061,#14062);
#12066=VERTEX_POINT('',#14064);
#12067=LINE('',#14065,#14066);
#12068=VERTEX_POINT('',#14068);
#12069=LINE('',#14069,#14070);
#12070=VERTEX_POINT('',#14072);
#12071=LINE('',#14073,#14074);
#12072=VERTEX_POINT('',#14076);
#12073=LINE('',#14077,#14078);
#12074=VERTEX_POINT('',#14080);
#12075=LINE('',#14081,#14082);
#12076=VERTEX_POINT('',#14084);
#12077=LINE('',#14085,#14086);
#12078=VERTEX_POINT('',#14088);
#12079=LINE('',#14089,#14090);
#12080=VERTEX_POINT('',#14092);
#12081=LINE('',#14093,#14094);
#12082=VERTEX_POINT('',#14096);
#12083=LINE('',#14097,#14098);
#12084=VERTEX_POINT('',#14100);
#12085=LINE('',#14101,#14102);
#12086=VERTEX_POINT('',#14104);
#12087=LINE('',#14105,#14106);
#12088=VERTEX_POINT('',#14108);
#12089=LINE('',#14109,#14110);
#12090=VERTEX_POINT('',#14112);
#12091=LINE('',#14113,#14114);
#12092=VERTEX_POINT('',#14116);
#12093=LINE('',#14117,#14118);
#12094=VERTEX_POINT('',#14120);
#12095=LINE('',#14121,#14122);
#12096=VERTEX_POINT('',#14124);
#12097=LINE('',#14125,#14126);
#12098=VERTEX_POINT('',#14128);
#12099=LINE('',#14129,#14130);
#12100=VERTEX_POINT('',#14132);
#12101=LINE('',#14133,#14134);
#12102=VERTEX_POINT('',#14136);
#12103=LINE('',#14137,#14138);
#12104=VERTEX_POINT('',#14140);
#12105=LINE('',#14141,#14142);
#12106=VERTEX_POINT('',#14144);
#12107=LINE('',#14145,#14146);
#12108=VERTEX_POINT('',#14148);
#12109=LINE('',#14149,#14150);
#12110=VERTEX_POINT('',#14152);
#12111=LINE('',#14153,#14154);
#12112=VERTEX_POINT('',#14156);
#12113=LINE('',#14157,#14158);
#12114=VERTEX_POINT('',#14160);
#12115=LINE('',#14161,#14162);
#12116=VERTEX_POINT('',#14164);
#12117=LINE('',#14165,#14166);
#12118=VERTEX_POINT('',#14168);
#12119=LINE('',#14169,#14170);
#12120=VERTEX_POINT('',#14172);
#12121=LINE('',#14173,#14174);
#12122=VERTEX_POINT('',#14176);
#12123=LINE('',#14177,#14178);
#12124=VERTEX_POINT('',#14180);
#12125=LINE('',#14181,#14182);
#12126=VERTEX_POINT('',#14184);
#12127=LINE('',#14185,#14186);
#12128=VERTEX_POINT('',#14188);
#12129=LINE('',#14189,#14190);
#12130=VERTEX_POINT('',#14192);
#12131=LINE('',#14193,#14194);
#12132=VERTEX_POINT('',#14196);
#12133=LINE('',#14197,#14198);
#12134=VERTEX_POINT('',#14200);
#12135=LINE('',#14201,#14202);
#12136=VERTEX_POINT('',#14204);
#12137=LINE('',#14205,#14206);
#12138=VERTEX_POINT('',#14208);
#12139=LINE('',#14209,#14210);
#12140=VERTEX_POINT('',#14212);
#12141=LINE('',#14213,#14214);
#12142=VERTEX_POINT('',#14216);
#12143=LINE('',#14217,#14218);
#12144=VERTEX_POINT('',#14220);
#12145=LINE('',#14221,#14222);
#12146=VERTEX_POINT('',#14224);
#12147=LINE('',#14225,#14226);
#12148=VERTEX_POINT('',#14228);
#12149=LINE('',#14229,#14230);
#12150=VERTEX_POINT('',#14232);
#12151=LINE('',#14233,#14234);
#12152=VERTEX_POINT('',#14236);
#12153=LINE('',#14237,#14238);
#12154=VERTEX_POINT('',#14240);
#12155=LINE('',#14241,#14242);
#12156=VERTEX_POINT('',#14244);
#12157=LINE('',#14245,#14246);
#12158=VERTEX_POINT('',#14248);
#12159=LINE('',#14249,#14250);
#12160=VERTEX_POINT('',#14252);
#12161=LINE('',#14253,#14254);
#12162=VERTEX_POINT('',#14256);
#12163=LINE('',#14257,#14258);
#12164=VERTEX_POINT('',#14260);
#12165=LINE('',#14261,#14262);
#12166=VERTEX_POINT('',#14264);
#12167=LINE('',#14265,#14266);
#12168=VERTEX_POINT('',#14268);
#12169=LINE('',#14269,#14270);
#12170=VERTEX_POINT('',#14272);
#12171=LINE('',#14273,#14274);
#12172=VERTEX_POINT('',#14276);
#12173=LINE('',#14277,#14278);
#12174=VERTEX_POINT('',#14280);
#12175=LINE('',#14281,#14282);
#12176=VERTEX_POINT('',#14284);
#12177=LINE('',#14285,#14286);
#12178=VERTEX_POINT('',#14288);
#12179=LINE('',#14289,#14290);
#12180=VERTEX_POINT('',#14292);
#12181=LINE('',#14293,#14294);
#12182=VERTEX_POINT('',#14296);
#12183=LINE('',#14297,#14298);
#12184=VERTEX_POINT('',#14300);
#12185=LINE('',#14301,#14302);
#12186=VERTEX_POINT('',#14304);
#12187=LINE('',#14305,#14306);
#12188=VERTEX_POINT('',#14308);
#12189=LINE('',#14309,#14310);
#12190=VERTEX_POINT('',#14312);
#12191=LINE('',#14313,#14314);
#12192=VERTEX_POINT('',#14316);
#12193=LINE('',#14317,#14318);
#12194=VERTEX_POINT('',#14320);
#12195=LINE('',#14321,#14322);
#12196=VERTEX_POINT('',#14324);
#12197=LINE('',#14325,#14326);
#12198=VERTEX_POINT('',#14328);
#12199=LINE('',#14329,#14330);
#12200=VERTEX_POINT('',#14332);
#12201=LINE('',#14333,#14334);
#12202=VERTEX_POINT('',#14336);
#12203=LINE('',#14337,#14338);
#12204=VERTEX_POINT('',#14340);
#12205=LINE('',#14341,#14342);
#12206=VERTEX_POINT('',#14344);
#12207=LINE('',#14345,#14346);
#12208=VERTEX_POINT('',#14348);
#12209=LINE('',#14349,#14350);
#12210=VERTEX_POINT('',#14352);
#12211=LINE('',#14353,#14354);
#12212=VERTEX_POINT('',#14356);
#12213=LINE('',#14357,#14358);
#12214=VERTEX_POINT('',#14360);
#12215=LINE('',#14361,#14362);
#12216=VERTEX_POINT('',#14364);
#12217=LINE('',#14365,#14366);
#12218=VERTEX_POINT('',#14368);
#12219=LINE('',#14369,#14370);
#12220=VERTEX_POINT('',#14372);
#12221=LINE('',#14373,#14374);
#12222=VERTEX_POINT('',#14376);
#12223=LINE('',#14377,#14378);
#12224=VERTEX_POINT('',#14380);
#12225=LINE('',#14381,#14382);
#12226=VERTEX_POINT('',#14384);
#12227=LINE('',#14385,#14386);
#12228=VERTEX_POINT('',#14388);
#12229=LINE('',#14389,#14390);
#12230=VERTEX_POINT('',#14392);
#12231=LINE('',#14393,#14394);
#12232=VERTEX_POINT('',#14396);
#12233=LINE('',#14397,#14398);
#12234=VERTEX_POINT('',#14400);
#12235=LINE('',#14401,#14402);
#12236=VERTEX_POINT('',#14404);
#12237=LINE('',#14405,#14406);
#12238=LINE('',#14408,#14409);
#12239=VERTEX_POINT('',#14411);
#12240=CIRCLE('',#14412,0.9);
#12241=VERTEX_POINT('',#14416);
#12242=CIRCLE('',#14417,0.9);
#12243=VERTEX_POINT('',#14421);
#12244=CIRCLE('',#14422,0.9);
#12245=VERTEX_POINT('',#14426);
#12246=CIRCLE('',#14427,0.9);
#12247=VERTEX_POINT('',#14431);
#12248=CIRCLE('',#14432,0.9);
#12249=VERTEX_POINT('',#14436);
#12250=CIRCLE('',#14437,0.9);
#12251=VERTEX_POINT('',#14441);
#12252=CIRCLE('',#14442,0.9);
#12253=VERTEX_POINT('',#14446);
#12254=CIRCLE('',#14447,0.9);
#12255=VERTEX_POINT('',#14451);
#12256=CIRCLE('',#14452,0.9);
#12257=VERTEX_POINT('',#14456);
#12258=CIRCLE('',#14457,0.9);
#12259=VERTEX_POINT('',#14461);
#12260=CIRCLE('',#14462,0.9);
#12261=VERTEX_POINT('',#14466);
#12262=CIRCLE('',#14467,0.9);
#12263=VERTEX_POINT('',#14471);
#12264=CIRCLE('',#14472,0.9);
#12265=VERTEX_POINT('',#14476);
#12266=CIRCLE('',#14477,0.9);
#12267=VERTEX_POINT('',#14481);
#12268=CIRCLE('',#14482,0.9);
#12269=VERTEX_POINT('',#14486);
#12270=CIRCLE('',#14487,0.9);
#12271=VERTEX_POINT('',#14491);
#12272=CIRCLE('',#14492,0.9);
#12273=VERTEX_POINT('',#14496);
#12274=CIRCLE('',#14497,0.9);
#12275=VERTEX_POINT('',#14501);
#12276=CIRCLE('',#14502,0.9);
#12277=VERTEX_POINT('',#14506);
#12278=CIRCLE('',#14507,0.9);
#12279=VERTEX_POINT('',#14511);
#12280=CIRCLE('',#14512,0.9);
#12281=VERTEX_POINT('',#14516);
#12282=CIRCLE('',#14517,0.9);
#12283=VERTEX_POINT('',#14521);
#12284=CIRCLE('',#14522,0.9);
#12285=VERTEX_POINT('',#14526);
#12286=CIRCLE('',#14527,0.9);
#12287=VERTEX_POINT('',#14531);
#12288=CIRCLE('',#14532,0.9);
#12289=VERTEX_POINT('',#14536);
#12290=CIRCLE('',#14537,0.9);
#12291=VERTEX_POINT('',#14541);
#12292=CIRCLE('',#14542,0.9);
#12293=VERTEX_POINT('',#14546);
#12294=CIRCLE('',#14547,0.9);
#12295=VERTEX_POINT('',#14551);
#12296=CIRCLE('',#14552,0.9);
#12297=VERTEX_POINT('',#14556);
#12298=CIRCLE('',#14557,0.9);
#12299=VERTEX_POINT('',#14561);
#12300=CIRCLE('',#14562,0.9);
#12301=VERTEX_POINT('',#14566);
#12302=CIRCLE('',#14567,0.9);
#12303=VERTEX_POINT('',#14571);
#12304=CIRCLE('',#14572,0.9);
#12305=VERTEX_POINT('',#14576);
#12306=CIRCLE('',#14577,0.9);
#12307=VERTEX_POINT('',#14581);
#12308=CIRCLE('',#14582,0.9);
#12309=VERTEX_POINT('',#14586);
#12310=CIRCLE('',#14587,0.9);
#12311=VERTEX_POINT('',#14591);
#12312=CIRCLE('',#14592,0.9);
#12313=VERTEX_POINT('',#14596);
#12314=CIRCLE('',#14597,0.9);
#12315=VERTEX_POINT('',#14601);
#12316=CIRCLE('',#14602,0.9);
#12317=VERTEX_POINT('',#14606);
#12318=CIRCLE('',#14607,0.9);
#12319=VERTEX_POINT('',#14611);
#12320=CIRCLE('',#14612,0.9);
#12321=VERTEX_POINT('',#14616);
#12322=CIRCLE('',#14617,0.9);
#12323=VERTEX_POINT('',#14621);
#12324=CIRCLE('',#14622,0.9);
#12325=VERTEX_POINT('',#14626);
#12326=CIRCLE('',#14627,0.9);
#12327=VERTEX_POINT('',#14631);
#12328=CIRCLE('',#14632,0.9);
#12329=VERTEX_POINT('',#14636);
#12330=CIRCLE('',#14637,0.9);
#12331=VERTEX_POINT('',#14641);
#12332=CIRCLE('',#14642,0.9);
#12333=VERTEX_POINT('',#14646);
#12334=CIRCLE('',#14647,0.9);
#12335=VERTEX_POINT('',#14651);
#12336=CIRCLE('',#14652,0.9);
#12337=VERTEX_POINT('',#14656);
#12338=VERTEX_POINT('',#14657);
#12339=LINE('',#14658,#14659);
#12340=VERTEX_POINT('',#14661);
#12341=LINE('',#14662,#14663);
#12342=VERTEX_POINT('',#14665);
#12343=LINE('',#14666,#14667);
#12344=VERTEX_POINT('',#14669);
#12345=LINE('',#14670,#14671);
#12346=VERTEX_POINT('',#14673);
#12347=LINE('',#14674,#14675);
#12348=VERTEX_POINT('',#14677);
#12349=LINE('',#14678,#14679);
#12350=VERTEX_POINT('',#14681);
#12351=LINE('',#14682,#14683);
#12352=VERTEX_POINT('',#14685);
#12353=LINE('',#14686,#14687);
#12354=VERTEX_POINT('',#14689);
#12355=LINE('',#14690,#14691);
#12356=VERTEX_POINT('',#14693);
#12357=LINE('',#14694,#14695);
#12358=VERTEX_POINT('',#14697);
#12359=LINE('',#14698,#14699);
#12360=VERTEX_POINT('',#14701);
#12361=LINE('',#14702,#14703);
#12362=VERTEX_POINT('',#14705);
#12363=LINE('',#14706,#14707);
#12364=VERTEX_POINT('',#14709);
#12365=LINE('',#14710,#14711);
#12366=VERTEX_POINT('',#14713);
#12367=LINE('',#14714,#14715);
#12368=VERTEX_POINT('',#14717);
#12369=LINE('',#14718,#14719);
#12370=VERTEX_POINT('',#14721);
#12371=LINE('',#14722,#14723);
#12372=VERTEX_POINT('',#14725);
#12373=LINE('',#14726,#14727);
#12374=VERTEX_POINT('',#14729);
#12375=LINE('',#14730,#14731);
#12376=VERTEX_POINT('',#14733);
#12377=LINE('',#14734,#14735);
#12378=VERTEX_POINT('',#14737);
#12379=LINE('',#14738,#14739);
#12380=VERTEX_POINT('',#14741);
#12381=LINE('',#14742,#14743);
#12382=VERTEX_POINT('',#14745);
#12383=LINE('',#14746,#14747);
#12384=VERTEX_POINT('',#14749);
#12385=LINE('',#14750,#14751);
#12386=VERTEX_POINT('',#14753);
#12387=LINE('',#14754,#14755);
#12388=VERTEX_POINT('',#14757);
#12389=LINE('',#14758,#14759);
#12390=VERTEX_POINT('',#14761);
#12391=LINE('',#14762,#14763);
#12392=VERTEX_POINT('',#14765);
#12393=LINE('',#14766,#14767);
#12394=VERTEX_POINT('',#14769);
#12395=LINE('',#14770,#14771);
#12396=VERTEX_POINT('',#14773);
#12397=LINE('',#14774,#14775);
#12398=VERTEX_POINT('',#14777);
#12399=LINE('',#14778,#14779);
#12400=VERTEX_POINT('',#14781);
#12401=LINE('',#14782,#14783);
#12402=VERTEX_POINT('',#14785);
#12403=LINE('',#14786,#14787);
#12404=VERTEX_POINT('',#14789);
#12405=LINE('',#14790,#14791);
#12406=VERTEX_POINT('',#14793);
#12407=LINE('',#14794,#14795);
#12408=VERTEX_POINT('',#14797);
#12409=LINE('',#14798,#14799);
#12410=VERTEX_POINT('',#14801);
#12411=LINE('',#14802,#14803);
#12412=VERTEX_POINT('',#14805);
#12413=LINE('',#14806,#14807);
#12414=VERTEX_POINT('',#14809);
#12415=LINE('',#14810,#14811);
#12416=VERTEX_POINT('',#14813);
#12417=LINE('',#14814,#14815);
#12418=VERTEX_POINT('',#14817);
#12419=LINE('',#14818,#14819);
#12420=VERTEX_POINT('',#14821);
#12421=LINE('',#14822,#14823);
#12422=VERTEX_POINT('',#14825);
#12423=LINE('',#14826,#14827);
#12424=VERTEX_POINT('',#14829);
#12425=LINE('',#14830,#14831);
#12426=VERTEX_POINT('',#14833);
#12427=LINE('',#14834,#14835);
#12428=VERTEX_POINT('',#14837);
#12429=LINE('',#14838,#14839);
#12430=VERTEX_POINT('',#14841);
#12431=LINE('',#14842,#14843);
#12432=VERTEX_POINT('',#14845);
#12433=LINE('',#14846,#14847);
#12434=VERTEX_POINT('',#14849);
#12435=LINE('',#14850,#14851);
#12436=VERTEX_POINT('',#14853);
#12437=LINE('',#14854,#14855);
#12438=VERTEX_POINT('',#14857);
#12439=LINE('',#14858,#14859);
#12440=VERTEX_POINT('',#14861);
#12441=LINE('',#14862,#14863);
#12442=VERTEX_POINT('',#14865);
#12443=LINE('',#14866,#14867);
#12444=VERTEX_POINT('',#14869);
#12445=LINE('',#14870,#14871);
#12446=VERTEX_POINT('',#14873);
#12447=LINE('',#14874,#14875);
#12448=VERTEX_POINT('',#14877);
#12449=LINE('',#14878,#14879);
#12450=VERTEX_POINT('',#14881);
#12451=LINE('',#14882,#14883);
#12452=VERTEX_POINT('',#14885);
#12453=LINE('',#14886,#14887);
#12454=VERTEX_POINT('',#14889);
#12455=LINE('',#14890,#14891);
#12456=VERTEX_POINT('',#14893);
#12457=LINE('',#14894,#14895);
#12458=VERTEX_POINT('',#14897);
#12459=LINE('',#14898,#14899);
#12460=VERTEX_POINT('',#14901);
#12461=LINE('',#14902,#14903);
#12462=VERTEX_POINT('',#14905);
#12463=LINE('',#14906,#14907);
#12464=VERTEX_POINT('',#14909);
#12465=LINE('',#14910,#14911);
#12466=VERTEX_POINT('',#14913);
#12467=LINE('',#14914,#14915);
#12468=VERTEX_POINT('',#14917);
#12469=LINE('',#14918,#14919);
#12470=VERTEX_POINT('',#14921);
#12471=LINE('',#14922,#14923);
#12472=VERTEX_POINT('',#14925);
#12473=LINE('',#14926,#14927);
#12474=VERTEX_POINT('',#14929);
#12475=LINE('',#14930,#14931);
#12476=VERTEX_POINT('',#14933);
#12477=LINE('',#14934,#14935);
#12478=VERTEX_POINT('',#14937);
#12479=LINE('',#14938,#14939);
#12480=VERTEX_POINT('',#14941);
#12481=LINE('',#14942,#14943);
#12482=VERTEX_POINT('',#14945);
#12483=LINE('',#14946,#14947);
#12484=VERTEX_POINT('',#14949);
#12485=LINE('',#14950,#14951);
#12486=VERTEX_POINT('',#14953);
#12487=LINE('',#14954,#14955);
#12488=VERTEX_POINT('',#14957);
#12489=LINE('',#14958,#14959);
#12490=VERTEX_POINT('',#14961);
#12491=LINE('',#14962,#14963);
#12492=VERTEX_POINT('',#14965);
#12493=LINE('',#14966,#14967);
#12494=VERTEX_POINT('',#14969);
#12495=LINE('',#14970,#14971);
#12496=VERTEX_POINT('',#14973);
#12497=LINE('',#14974,#14975);
#12498=VERTEX_POINT('',#14977);
#12499=LINE('',#14978,#14979);
#12500=VERTEX_POINT('',#14981);
#12501=LINE('',#14982,#14983);
#12502=VERTEX_POINT('',#14985);
#12503=LINE('',#14986,#14987);
#12504=VERTEX_POINT('',#14989);
#12505=LINE('',#14990,#14991);
#12506=VERTEX_POINT('',#14993);
#12507=LINE('',#14994,#14995);
#12508=VERTEX_POINT('',#14997);
#12509=LINE('',#14998,#14999);
#12510=VERTEX_POINT('',#15001);
#12511=LINE('',#15002,#15003);
#12512=VERTEX_POINT('',#15005);
#12513=LINE('',#15006,#15007);
#12514=VERTEX_POINT('',#15009);
#12515=LINE('',#15010,#15011);
#12516=VERTEX_POINT('',#15013);
#12517=LINE('',#15014,#15015);
#12518=VERTEX_POINT('',#15017);
#12519=LINE('',#15018,#15019);
#12520=VERTEX_POINT('',#15021);
#12521=LINE('',#15022,#15023);
#12522=VERTEX_POINT('',#15025);
#12523=LINE('',#15026,#15027);
#12524=VERTEX_POINT('',#15029);
#12525=LINE('',#15030,#15031);
#12526=VERTEX_POINT('',#15033);
#12527=LINE('',#15034,#15035);
#12528=VERTEX_POINT('',#15037);
#12529=LINE('',#15038,#15039);
#12530=VERTEX_POINT('',#15041);
#12531=LINE('',#15042,#15043);
#12532=VERTEX_POINT('',#15045);
#12533=LINE('',#15046,#15047);
#12534=VERTEX_POINT('',#15049);
#12535=LINE('',#15050,#15051);
#12536=VERTEX_POINT('',#15053);
#12537=LINE('',#15054,#15055);
#12538=VERTEX_POINT('',#15057);
#12539=LINE('',#15058,#15059);
#12540=VERTEX_POINT('',#15061);
#12541=LINE('',#15062,#15063);
#12542=VERTEX_POINT('',#15065);
#12543=LINE('',#15066,#15067);
#12544=VERTEX_POINT('',#15069);
#12545=LINE('',#15070,#15071);
#12546=VERTEX_POINT('',#15073);
#12547=LINE('',#15074,#15075);
#12548=VERTEX_POINT('',#15077);
#12549=LINE('',#15078,#15079);
#12550=VERTEX_POINT('',#15081);
#12551=LINE('',#15082,#15083);
#12552=VERTEX_POINT('',#15085);
#12553=LINE('',#15086,#15087);
#12554=VERTEX_POINT('',#15089);
#12555=LINE('',#15090,#15091);
#12556=VERTEX_POINT('',#15093);
#12557=LINE('',#15094,#15095);
#12558=VERTEX_POINT('',#15097);
#12559=LINE('',#15098,#15099);
#12560=VERTEX_POINT('',#15101);
#12561=LINE('',#15102,#15103);
#12562=VERTEX_POINT('',#15105);
#12563=LINE('',#15106,#15107);
#12564=VERTEX_POINT('',#15109);
#12565=LINE('',#15110,#15111);
#12566=VERTEX_POINT('',#15113);
#12567=LINE('',#15114,#15115);
#12568=VERTEX_POINT('',#15117);
#12569=LINE('',#15118,#15119);
#12570=VERTEX_POINT('',#15121);
#12571=LINE('',#15122,#15123);
#12572=VERTEX_POINT('',#15125);
#12573=LINE('',#15126,#15127);
#12574=VERTEX_POINT('',#15129);
#12575=LINE('',#15130,#15131);
#12576=VERTEX_POINT('',#15133);
#12577=LINE('',#15134,#15135);
#12578=VERTEX_POINT('',#15137);
#12579=LINE('',#15138,#15139);
#12580=VERTEX_POINT('',#15141);
#12581=LINE('',#15142,#15143);
#12582=VERTEX_POINT('',#15145);
#12583=LINE('',#15146,#15147);
#12584=VERTEX_POINT('',#15149);
#12585=LINE('',#15150,#15151);
#12586=VERTEX_POINT('',#15153);
#12587=LINE('',#15154,#15155);
#12588=VERTEX_POINT('',#15157);
#12589=LINE('',#15158,#15159);
#12590=VERTEX_POINT('',#15161);
#12591=LINE('',#15162,#15163);
#12592=VERTEX_POINT('',#15165);
#12593=LINE('',#15166,#15167);
#12594=VERTEX_POINT('',#15169);
#12595=LINE('',#15170,#15171);
#12596=VERTEX_POINT('',#15173);
#12597=LINE('',#15174,#15175);
#12598=VERTEX_POINT('',#15177);
#12599=LINE('',#15178,#15179);
#12600=VERTEX_POINT('',#15181);
#12601=LINE('',#15182,#15183);
#12602=VERTEX_POINT('',#15185);
#12603=LINE('',#15186,#15187);
#12604=VERTEX_POINT('',#15189);
#12605=LINE('',#15190,#15191);
#12606=VERTEX_POINT('',#15193);
#12607=LINE('',#15194,#15195);
#12608=VERTEX_POINT('',#15197);
#12609=LINE('',#15198,#15199);
#12610=VERTEX_POINT('',#15201);
#12611=LINE('',#15202,#15203);
#12612=VERTEX_POINT('',#15205);
#12613=LINE('',#15206,#15207);
#12614=VERTEX_POINT('',#15209);
#12615=LINE('',#15210,#15211);
#12616=VERTEX_POINT('',#15213);
#12617=LINE('',#15214,#15215);
#12618=VERTEX_POINT('',#15217);
#12619=LINE('',#15218,#15219);
#12620=VERTEX_POINT('',#15221);
#12621=LINE('',#15222,#15223);
#12622=VERTEX_POINT('',#15225);
#12623=LINE('',#15226,#15227);
#12624=VERTEX_POINT('',#15229);
#12625=LINE('',#15230,#15231);
#12626=VERTEX_POINT('',#15233);
#12627=LINE('',#15234,#15235);
#12628=VERTEX_POINT('',#15237);
#12629=LINE('',#15238,#15239);
#12630=VERTEX_POINT('',#15241);
#12631=LINE('',#15242,#15243);
#12632=VERTEX_POINT('',#15245);
#12633=LINE('',#15246,#15247);
#12634=VERTEX_POINT('',#15249);
#12635=LINE('',#15250,#15251);
#12636=VERTEX_POINT('',#15253);
#12637=LINE('',#15254,#15255);
#12638=VERTEX_POINT('',#15257);
#12639=LINE('',#15258,#15259);
#12640=VERTEX_POINT('',#15261);
#12641=LINE('',#15262,#15263);
#12642=VERTEX_POINT('',#15265);
#12643=LINE('',#15266,#15267);
#12644=VERTEX_POINT('',#15269);
#12645=LINE('',#15270,#15271);
#12646=VERTEX_POINT('',#15273);
#12647=LINE('',#15274,#15275);
#12648=VERTEX_POINT('',#15277);
#12649=LINE('',#15278,#15279);
#12650=VERTEX_POINT('',#15281);
#12651=LINE('',#15282,#15283);
#12652=VERTEX_POINT('',#15285);
#12653=LINE('',#15286,#15287);
#12654=VERTEX_POINT('',#15289);
#12655=LINE('',#15290,#15291);
#12656=VERTEX_POINT('',#15293);
#12657=LINE('',#15294,#15295);
#12658=VERTEX_POINT('',#15297);
#12659=LINE('',#15298,#15299);
#12660=VERTEX_POINT('',#15301);
#12661=LINE('',#15302,#15303);
#12662=VERTEX_POINT('',#15305);
#12663=LINE('',#15306,#15307);
#12664=VERTEX_POINT('',#15309);
#12665=LINE('',#15310,#15311);
#12666=VERTEX_POINT('',#15313);
#12667=LINE('',#15314,#15315);
#12668=VERTEX_POINT('',#15317);
#12669=LINE('',#15318,#15319);
#12670=VERTEX_POINT('',#15321);
#12671=LINE('',#15322,#15323);
#12672=VERTEX_POINT('',#15325);
#12673=LINE('',#15326,#15327);
#12674=VERTEX_POINT('',#15329);
#12675=LINE('',#15330,#15331);
#12676=VERTEX_POINT('',#15333);
#12677=LINE('',#15334,#15335);
#12678=VERTEX_POINT('',#15337);
#12679=LINE('',#15338,#15339);
#12680=VERTEX_POINT('',#15341);
#12681=LINE('',#15342,#15343);
#12682=VERTEX_POINT('',#15345);
#12683=LINE('',#15346,#15347);
#12684=VERTEX_POINT('',#15349);
#12685=LINE('',#15350,#15351);
#12686=VERTEX_POINT('',#15353);
#12687=LINE('',#15354,#15355);
#12688=VERTEX_POINT('',#15357);
#12689=LINE('',#15358,#15359);
#12690=VERTEX_POINT('',#15361);
#12691=LINE('',#15362,#15363);
#12692=VERTEX_POINT('',#15365);
#12693=LINE('',#15366,#15367);
#12694=VERTEX_POINT('',#15369);
#12695=LINE('',#15370,#15371);
#12696=VERTEX_POINT('',#15373);
#12697=LINE('',#15374,#15375);
#12698=VERTEX_POINT('',#15377);
#12699=LINE('',#15378,#15379);
#12700=VERTEX_POINT('',#15381);
#12701=LINE('',#15382,#15383);
#12702=VERTEX_POINT('',#15385);
#12703=LINE('',#15386,#15387);
#12704=VERTEX_POINT('',#15389);
#12705=LINE('',#15390,#15391);
#12706=VERTEX_POINT('',#15393);
#12707=LINE('',#15394,#15395);
#12708=VERTEX_POINT('',#15397);
#12709=LINE('',#15398,#15399);
#12710=VERTEX_POINT('',#15401);
#12711=LINE('',#15402,#15403);
#12712=VERTEX_POINT('',#15405);
#12713=LINE('',#15406,#15407);
#12714=VERTEX_POINT('',#15409);
#12715=LINE('',#15410,#15411);
#12716=VERTEX_POINT('',#15413);
#12717=LINE('',#15414,#15415);
#12718=VERTEX_POINT('',#15417);
#12719=LINE('',#15418,#15419);
#12720=VERTEX_POINT('',#15421);
#12721=LINE('',#15422,#15423);
#12722=VERTEX_POINT('',#15425);
#12723=LINE('',#15426,#15427);
#12724=VERTEX_POINT('',#15429);
#12725=LINE('',#15430,#15431);
#12726=VERTEX_POINT('',#15433);
#12727=LINE('',#15434,#15435);
#12728=VERTEX_POINT('',#15437);
#12729=LINE('',#15438,#15439);
#12730=VERTEX_POINT('',#15441);
#12731=LINE('',#15442,#15443);
#12732=VERTEX_POINT('',#15445);
#12733=LINE('',#15446,#15447);
#12734=VERTEX_POINT('',#15449);
#12735=LINE('',#15450,#15451);
#12736=VERTEX_POINT('',#15453);
#12737=LINE('',#15454,#15455);
#12738=VERTEX_POINT('',#15457);
#12739=LINE('',#15458,#15459);
#12740=VERTEX_POINT('',#15461);
#12741=LINE('',#15462,#15463);
#12742=VERTEX_POINT('',#15465);
#12743=LINE('',#15466,#15467);
#12744=LINE('',#15469,#15470);
#12745=VERTEX_POINT('',#15472);
#12746=CIRCLE('',#15473,0.66);
#12747=LINE('',#15477,#15478);
#12748=LINE('',#15480,#15481);
#12749=LINE('',#15483,#15484);
#12750=LINE('',#15486,#15487);
#12751=LINE('',#15489,#15490);
#12752=LINE('',#15492,#15493);
#12753=LINE('',#15495,#15496);
#12754=LINE('',#15498,#15499);
#12755=LINE('',#15501,#15502);
#12756=LINE('',#15504,#15505);
#12757=LINE('',#15507,#15508);
#12758=LINE('',#15510,#15511);
#12759=LINE('',#15513,#15514);
#12760=LINE('',#15516,#15517);
#12761=LINE('',#15519,#15520);
#12762=LINE('',#15522,#15523);
#12763=LINE('',#15525,#15526);
#12764=LINE('',#15528,#15529);
#12765=LINE('',#15531,#15532);
#12766=LINE('',#15534,#15535);
#12767=LINE('',#15537,#15538);
#12768=LINE('',#15540,#15541);
#12769=LINE('',#15543,#15544);
#12770=LINE('',#15546,#15547);
#12771=LINE('',#15549,#15550);
#12772=LINE('',#15552,#15553);
#12773=LINE('',#15555,#15556);
#12774=LINE('',#15558,#15559);
#12775=LINE('',#15561,#15562);
#12776=LINE('',#15564,#15565);
#12777=LINE('',#15567,#15568);
#12778=LINE('',#15570,#15571);
#12779=LINE('',#15573,#15574);
#12780=LINE('',#15576,#15577);
#12781=LINE('',#15579,#15580);
#12782=LINE('',#15582,#15583);
#12783=LINE('',#15585,#15586);
#12784=LINE('',#15588,#15589);
#12785=LINE('',#15591,#15592);
#12786=LINE('',#15594,#15595);
#12787=LINE('',#15597,#15598);
#12788=LINE('',#15600,#15601);
#12789=LINE('',#15603,#15604);
#12790=LINE('',#15606,#15607);
#12791=LINE('',#15609,#15610);
#12792=LINE('',#15612,#15613);
#12793=LINE('',#15615,#15616);
#12794=LINE('',#15618,#15619);
#12795=LINE('',#15621,#15622);
#12796=LINE('',#15624,#15625);
#12797=LINE('',#15627,#15628);
#12798=LINE('',#15630,#15631);
#12799=LINE('',#15633,#15634);
#12800=LINE('',#15636,#15637);
#12801=LINE('',#15639,#15640);
#12802=LINE('',#15642,#15643);
#12803=LINE('',#15645,#15646);
#12804=LINE('',#15648,#15649);
#12805=LINE('',#15651,#15652);
#12806=LINE('',#15654,#15655);
#12807=LINE('',#15657,#15658);
#12808=LINE('',#15660,#15661);
#12809=LINE('',#15663,#15664);
#12810=LINE('',#15666,#15667);
#12811=LINE('',#15669,#15670);
#12812=LINE('',#15672,#15673);
#12813=LINE('',#15675,#15676);
#12814=LINE('',#15678,#15679);
#12815=LINE('',#15681,#15682);
#12816=LINE('',#15684,#15685);
#12817=LINE('',#15687,#15688);
#12818=LINE('',#15690,#15691);
#12819=LINE('',#15693,#15694);
#12820=LINE('',#15696,#15697);
#12821=LINE('',#15699,#15700);
#12822=LINE('',#15702,#15703);
#12823=LINE('',#15705,#15706);
#12824=LINE('',#15708,#15709);
#12825=LINE('',#15711,#15712);
#12826=LINE('',#15714,#15715);
#12827=LINE('',#15717,#15718);
#12828=LINE('',#15720,#15721);
#12829=LINE('',#15723,#15724);
#12830=LINE('',#15726,#15727);
#12831=LINE('',#15729,#15730);
#12832=LINE('',#15732,#15733);
#12833=LINE('',#15735,#15736);
#12834=LINE('',#15738,#15739);
#12835=LINE('',#15741,#15742);
#12836=LINE('',#15744,#15745);
#12837=LINE('',#15747,#15748);
#12838=LINE('',#15750,#15751);
#12839=LINE('',#15753,#15754);
#12840=LINE('',#15756,#15757);
#12841=LINE('',#15759,#15760);
#12842=LINE('',#15762,#15763);
#12843=LINE('',#15765,#15766);
#12844=LINE('',#15768,#15769);
#12845=LINE('',#15771,#15772);
#12846=LINE('',#15774,#15775);
#12847=LINE('',#15777,#15778);
#12848=LINE('',#15780,#15781);
#12849=LINE('',#15783,#15784);
#12850=LINE('',#15786,#15787);
#12851=LINE('',#15789,#15790);
#12852=LINE('',#15792,#15793);
#12853=LINE('',#15795,#15796);
#12854=LINE('',#15798,#15799);
#12855=LINE('',#15801,#15802);
#12856=LINE('',#15804,#15805);
#12857=LINE('',#15807,#15808);
#12858=LINE('',#15810,#15811);
#12859=LINE('',#15813,#15814);
#12860=LINE('',#15816,#15817);
#12861=LINE('',#15819,#15820);
#12862=LINE('',#15822,#15823);
#12863=LINE('',#15825,#15826);
#12864=LINE('',#15828,#15829);
#12865=LINE('',#15831,#15832);
#12866=LINE('',#15834,#15835);
#12867=LINE('',#15837,#15838);
#12868=LINE('',#15840,#15841);
#12869=LINE('',#15843,#15844);
#12870=LINE('',#15846,#15847);
#12871=LINE('',#15849,#15850);
#12872=LINE('',#15852,#15853);
#12873=LINE('',#15855,#15856);
#12874=LINE('',#15858,#15859);
#12875=LINE('',#15861,#15862);
#12876=LINE('',#15864,#15865);
#12877=LINE('',#15867,#15868);
#12878=LINE('',#15870,#15871);
#12879=LINE('',#15873,#15874);
#12880=LINE('',#15876,#15877);
#12881=LINE('',#15879,#15880);
#12882=LINE('',#15882,#15883);
#12883=LINE('',#15885,#15886);
#12884=LINE('',#15888,#15889);
#12885=LINE('',#15891,#15892);
#12886=LINE('',#15894,#15895);
#12887=LINE('',#15897,#15898);
#12888=LINE('',#15900,#15901);
#12889=LINE('',#15903,#15904);
#12890=LINE('',#15906,#15907);
#12891=LINE('',#15909,#15910);
#12892=LINE('',#15912,#15913);
#12893=LINE('',#15915,#15916);
#12894=LINE('',#15918,#15919);
#12895=LINE('',#15921,#15922);
#12896=LINE('',#15924,#15925);
#12897=LINE('',#15927,#15928);
#12898=LINE('',#15930,#15931);
#12899=LINE('',#15933,#15934);
#12900=LINE('',#15936,#15937);
#12901=LINE('',#15939,#15940);
#12902=LINE('',#15942,#15943);
#12903=LINE('',#15945,#15946);
#12904=LINE('',#15948,#15949);
#12905=LINE('',#15951,#15952);
#12906=LINE('',#15954,#15955);
#12907=LINE('',#15957,#15958);
#12908=LINE('',#15960,#15961);
#12909=LINE('',#15963,#15964);
#12910=LINE('',#15966,#15967);
#12911=LINE('',#15969,#15970);
#12912=LINE('',#15972,#15973);
#12913=LINE('',#15975,#15976);
#12914=LINE('',#15978,#15979);
#12915=LINE('',#15981,#15982);
#12916=LINE('',#15984,#15985);
#12917=LINE('',#15987,#15988);
#12918=LINE('',#15990,#15991);
#12919=LINE('',#15993,#15994);
#12920=LINE('',#15996,#15997);
#12921=LINE('',#15999,#16000);
#12922=LINE('',#16002,#16003);
#12923=LINE('',#16005,#16006);
#12924=LINE('',#16008,#16009);
#12925=LINE('',#16011,#16012);
#12926=LINE('',#16014,#16015);
#12927=LINE('',#16017,#16018);
#12928=LINE('',#16020,#16021);
#12929=LINE('',#16023,#16024);
#12930=LINE('',#16026,#16027);
#12931=LINE('',#16029,#16030);
#12932=LINE('',#16032,#16033);
#12933=LINE('',#16035,#16036);
#12934=LINE('',#16038,#16039);
#12935=LINE('',#16041,#16042);
#12936=LINE('',#16044,#16045);
#12937=LINE('',#16047,#16048);
#12938=LINE('',#16050,#16051);
#12939=LINE('',#16053,#16054);
#12940=LINE('',#16056,#16057);
#12941=LINE('',#16059,#16060);
#12942=LINE('',#16062,#16063);
#12943=LINE('',#16065,#16066);
#12944=LINE('',#16068,#16069);
#12945=LINE('',#16071,#16072);
#12946=LINE('',#16074,#16075);
#12947=LINE('',#16077,#16078);
#12948=LINE('',#16080,#16081);
#12949=LINE('',#16083,#16084);
#12950=LINE('',#16086,#16087);
#12951=VERTEX_POINT('',#16089);
#12952=CIRCLE('',#16090,0.9);
#12953=VERTEX_POINT('',#16094);
#12954=CIRCLE('',#16095,0.66);
#12955=VERTEX_POINT('',#16099);
#12956=CIRCLE('',#16100,0.23);
#12957=VERTEX_POINT('',#16104);
#12958=CIRCLE('',#16105,0.23);
#12959=VERTEX_POINT('',#16109);
#12960=CIRCLE('',#16110,0.9);
#12961=VERTEX_POINT('',#16114);
#12962=CIRCLE('',#16115,0.9);
#12963=VERTEX_POINT('',#16119);
#12964=CIRCLE('',#16120,0.66);
#12965=VERTEX_POINT('',#16124);
#12966=CIRCLE('',#16125,0.66);
#12967=VERTEX_POINT('',#16129);
#12968=CIRCLE('',#16130,0.23);
#12969=VERTEX_POINT('',#16134);
#12970=CIRCLE('',#16135,0.23);
#12971=VERTEX_POINT('',#16139);
#12972=CIRCLE('',#16140,0.23);
#12973=VERTEX_POINT('',#16144);
#12974=CIRCLE('',#16145,0.23);
#12975=VERTEX_POINT('',#16149);
#12976=CIRCLE('',#16150,0.9);
#12977=VERTEX_POINT('',#16154);
#12978=CIRCLE('',#16155,0.9);
#12979=VERTEX_POINT('',#16159);
#12980=CIRCLE('',#16160,0.66);
#12981=VERTEX_POINT('',#16164);
#12982=CIRCLE('',#16165,0.66);
#12983=VERTEX_POINT('',#16169);
#12984=CIRCLE('',#16170,0.23);
#12985=VERTEX_POINT('',#16174);
#12986=CIRCLE('',#16175,0.23);
#12987=VERTEX_POINT('',#16179);
#12988=CIRCLE('',#16180,0.23);
#12989=VERTEX_POINT('',#16184);
#12990=CIRCLE('',#16185,0.23);
#12991=VERTEX_POINT('',#16189);
#12992=CIRCLE('',#16190,0.9);
#12993=VERTEX_POINT('',#16194);
#12994=CIRCLE('',#16195,0.9);
#12995=VERTEX_POINT('',#16199);
#12996=CIRCLE('',#16200,0.66);
#12997=VERTEX_POINT('',#16204);
#12998=CIRCLE('',#16205,0.66);
#12999=VERTEX_POINT('',#16209);
#13000=CIRCLE('',#16210,0.23);
#13001=VERTEX_POINT('',#16214);
#13002=CIRCLE('',#16215,0.23);
#13003=VERTEX_POINT('',#16219);
#13004=CIRCLE('',#16220,0.23);
#13005=VERTEX_POINT('',#16224);
#13006=CIRCLE('',#16225,0.23);
#13007=VERTEX_POINT('',#16229);
#13008=CIRCLE('',#16230,0.9);
#13009=VERTEX_POINT('',#16234);
#13010=CIRCLE('',#16235,0.9);
#13011=VERTEX_POINT('',#16239);
#13012=CIRCLE('',#16240,0.66);
#13013=VERTEX_POINT('',#16244);
#13014=CIRCLE('',#16245,0.66);
#13015=VERTEX_POINT('',#16249);
#13016=CIRCLE('',#16250,0.23);
#13017=VERTEX_POINT('',#16254);
#13018=CIRCLE('',#16255,0.23);
#13019=VERTEX_POINT('',#16259);
#13020=CIRCLE('',#16260,0.23);
#13021=VERTEX_POINT('',#16264);
#13022=CIRCLE('',#16265,0.23);
#13023=VERTEX_POINT('',#16269);
#13024=CIRCLE('',#16270,0.9);
#13025=VERTEX_POINT('',#16274);
#13026=CIRCLE('',#16275,0.9);
#13027=VERTEX_POINT('',#16279);
#13028=CIRCLE('',#16280,0.66);
#13029=VERTEX_POINT('',#16284);
#13030=CIRCLE('',#16285,0.66);
#13031=VERTEX_POINT('',#16289);
#13032=CIRCLE('',#16290,0.23);
#13033=VERTEX_POINT('',#16294);
#13034=CIRCLE('',#16295,0.23);
#13035=VERTEX_POINT('',#16299);
#13036=CIRCLE('',#16300,0.23);
#13037=VERTEX_POINT('',#16304);
#13038=CIRCLE('',#16305,0.23);
#13039=VERTEX_POINT('',#16309);
#13040=CIRCLE('',#16310,0.9);
#13041=VERTEX_POINT('',#16314);
#13042=CIRCLE('',#16315,0.9);
#13043=VERTEX_POINT('',#16319);
#13044=CIRCLE('',#16320,0.66);
#13045=VERTEX_POINT('',#16324);
#13046=CIRCLE('',#16325,0.66);
#13047=VERTEX_POINT('',#16329);
#13048=CIRCLE('',#16330,0.23);
#13049=VERTEX_POINT('',#16334);
#13050=CIRCLE('',#16335,0.23);
#13051=VERTEX_POINT('',#16339);
#13052=CIRCLE('',#16340,0.23);
#13053=VERTEX_POINT('',#16344);
#13054=CIRCLE('',#16345,0.23);
#13055=VERTEX_POINT('',#16349);
#13056=CIRCLE('',#16350,0.9);
#13057=VERTEX_POINT('',#16354);
#13058=CIRCLE('',#16355,0.9);
#13059=VERTEX_POINT('',#16359);
#13060=CIRCLE('',#16360,0.66);
#13061=VERTEX_POINT('',#16364);
#13062=CIRCLE('',#16365,0.66);
#13063=VERTEX_POINT('',#16369);
#13064=CIRCLE('',#16370,0.23);
#13065=VERTEX_POINT('',#16374);
#13066=CIRCLE('',#16375,0.23);
#13067=VERTEX_POINT('',#16379);
#13068=CIRCLE('',#16380,0.23);
#13069=VERTEX_POINT('',#16384);
#13070=CIRCLE('',#16385,0.23);
#13071=VERTEX_POINT('',#16389);
#13072=CIRCLE('',#16390,0.9);
#13073=VERTEX_POINT('',#16394);
#13074=CIRCLE('',#16395,0.9);
#13075=VERTEX_POINT('',#16399);
#13076=CIRCLE('',#16400,0.66);
#13077=VERTEX_POINT('',#16404);
#13078=CIRCLE('',#16405,0.66);
#13079=VERTEX_POINT('',#16409);
#13080=CIRCLE('',#16410,0.23);
#13081=VERTEX_POINT('',#16414);
#13082=CIRCLE('',#16415,0.23);
#13083=VERTEX_POINT('',#16419);
#13084=CIRCLE('',#16420,0.23);
#13085=VERTEX_POINT('',#16424);
#13086=CIRCLE('',#16425,0.23);
#13087=VERTEX_POINT('',#16429);
#13088=CIRCLE('',#16430,0.9);
#13089=VERTEX_POINT('',#16434);
#13090=CIRCLE('',#16435,0.9);
#13091=VERTEX_POINT('',#16439);
#13092=CIRCLE('',#16440,0.66);
#13093=VERTEX_POINT('',#16444);
#13094=CIRCLE('',#16445,0.66);
#13095=VERTEX_POINT('',#16449);
#13096=CIRCLE('',#16450,0.23);
#13097=VERTEX_POINT('',#16454);
#13098=CIRCLE('',#16455,0.23);
#13099=VERTEX_POINT('',#16459);
#13100=CIRCLE('',#16460,0.23);
#13101=VERTEX_POINT('',#16464);
#13102=CIRCLE('',#16465,0.23);
#13103=VERTEX_POINT('',#16469);
#13104=CIRCLE('',#16470,0.9);
#13105=VERTEX_POINT('',#16474);
#13106=CIRCLE('',#16475,0.9);
#13107=VERTEX_POINT('',#16479);
#13108=CIRCLE('',#16480,0.66);
#13109=VERTEX_POINT('',#16484);
#13110=CIRCLE('',#16485,0.66);
#13111=VERTEX_POINT('',#16489);
#13112=CIRCLE('',#16490,0.23);
#13113=VERTEX_POINT('',#16494);
#13114=CIRCLE('',#16495,0.23);
#13115=VERTEX_POINT('',#16499);
#13116=CIRCLE('',#16500,0.23);
#13117=VERTEX_POINT('',#16504);
#13118=CIRCLE('',#16505,0.23);
#13119=VERTEX_POINT('',#16509);
#13120=CIRCLE('',#16510,0.9);
#13121=VERTEX_POINT('',#16514);
#13122=CIRCLE('',#16515,0.9);
#13123=VERTEX_POINT('',#16519);
#13124=CIRCLE('',#16520,0.66);
#13125=VERTEX_POINT('',#16524);
#13126=CIRCLE('',#16525,0.66);
#13127=VERTEX_POINT('',#16529);
#13128=CIRCLE('',#16530,0.23);
#13129=VERTEX_POINT('',#16534);
#13130=CIRCLE('',#16535,0.23);
#13131=VERTEX_POINT('',#16539);
#13132=CIRCLE('',#16540,0.23);
#13133=VERTEX_POINT('',#16544);
#13134=CIRCLE('',#16545,0.23);
#13135=VERTEX_POINT('',#16549);
#13136=CIRCLE('',#16550,0.9);
#13137=VERTEX_POINT('',#16554);
#13138=CIRCLE('',#16555,0.9);
#13139=VERTEX_POINT('',#16559);
#13140=CIRCLE('',#16560,0.66);
#13141=VERTEX_POINT('',#16564);
#13142=CIRCLE('',#16565,0.66);
#13143=VERTEX_POINT('',#16569);
#13144=CIRCLE('',#16570,0.23);
#13145=VERTEX_POINT('',#16574);
#13146=CIRCLE('',#16575,0.23);
#13147=VERTEX_POINT('',#16579);
#13148=CIRCLE('',#16580,0.23);
#13149=VERTEX_POINT('',#16584);
#13150=CIRCLE('',#16585,0.23);
#13151=VERTEX_POINT('',#16589);
#13152=CIRCLE('',#16590,0.9);
#13153=VERTEX_POINT('',#16594);
#13154=CIRCLE('',#16595,0.9);
#13155=VERTEX_POINT('',#16599);
#13156=CIRCLE('',#16600,0.66);
#13157=VERTEX_POINT('',#16604);
#13158=CIRCLE('',#16605,0.66);
#13159=VERTEX_POINT('',#16609);
#13160=CIRCLE('',#16610,0.23);
#13161=VERTEX_POINT('',#16614);
#13162=CIRCLE('',#16615,0.23);
#13163=VERTEX_POINT('',#16619);
#13164=CIRCLE('',#16620,0.23);
#13165=VERTEX_POINT('',#16624);
#13166=CIRCLE('',#16625,0.23);
#13167=VERTEX_POINT('',#16629);
#13168=CIRCLE('',#16630,0.9);
#13169=VERTEX_POINT('',#16634);
#13170=CIRCLE('',#16635,0.9);
#13171=VERTEX_POINT('',#16639);
#13172=CIRCLE('',#16640,0.66);
#13173=VERTEX_POINT('',#16644);
#13174=CIRCLE('',#16645,0.66);
#13175=VERTEX_POINT('',#16649);
#13176=CIRCLE('',#16650,0.23);
#13177=VERTEX_POINT('',#16654);
#13178=CIRCLE('',#16655,0.23);
#13179=VERTEX_POINT('',#16659);
#13180=CIRCLE('',#16660,0.23);
#13181=VERTEX_POINT('',#16664);
#13182=CIRCLE('',#16665,0.23);
#13183=VERTEX_POINT('',#16669);
#13184=CIRCLE('',#16670,0.9);
#13185=VERTEX_POINT('',#16674);
#13186=CIRCLE('',#16675,0.9);
#13187=VERTEX_POINT('',#16679);
#13188=CIRCLE('',#16680,0.66);
#13189=VERTEX_POINT('',#16684);
#13190=CIRCLE('',#16685,0.66);
#13191=VERTEX_POINT('',#16689);
#13192=CIRCLE('',#16690,0.23);
#13193=VERTEX_POINT('',#16694);
#13194=CIRCLE('',#16695,0.23);
#13195=VERTEX_POINT('',#16699);
#13196=CIRCLE('',#16700,0.23);
#13197=VERTEX_POINT('',#16704);
#13198=CIRCLE('',#16705,0.23);
#13199=VERTEX_POINT('',#16709);
#13200=CIRCLE('',#16710,0.9);
#13201=VERTEX_POINT('',#16714);
#13202=CIRCLE('',#16715,0.9);
#13203=VERTEX_POINT('',#16719);
#13204=CIRCLE('',#16720,0.66);
#13205=VERTEX_POINT('',#16724);
#13206=CIRCLE('',#16725,0.66);
#13207=VERTEX_POINT('',#16729);
#13208=CIRCLE('',#16730,0.23);
#13209=VERTEX_POINT('',#16734);
#13210=CIRCLE('',#16735,0.23);
#13211=VERTEX_POINT('',#16739);
#13212=CIRCLE('',#16740,0.23);
#13213=VERTEX_POINT('',#16744);
#13214=CIRCLE('',#16745,0.23);
#13215=VERTEX_POINT('',#16749);
#13216=CIRCLE('',#16750,0.9);
#13217=VERTEX_POINT('',#16754);
#13218=CIRCLE('',#16755,0.9);
#13219=VERTEX_POINT('',#16759);
#13220=CIRCLE('',#16760,0.66);
#13221=VERTEX_POINT('',#16764);
#13222=CIRCLE('',#16765,0.66);
#13223=VERTEX_POINT('',#16769);
#13224=CIRCLE('',#16770,0.23);
#13225=VERTEX_POINT('',#16774);
#13226=CIRCLE('',#16775,0.23);
#13227=VERTEX_POINT('',#16779);
#13228=CIRCLE('',#16780,0.23);
#13229=VERTEX_POINT('',#16784);
#13230=CIRCLE('',#16785,0.23);
#13231=VERTEX_POINT('',#16789);
#13232=CIRCLE('',#16790,0.9);
#13233=VERTEX_POINT('',#16794);
#13234=CIRCLE('',#16795,0.9);
#13235=VERTEX_POINT('',#16799);
#13236=CIRCLE('',#16800,0.66);
#13237=VERTEX_POINT('',#16804);
#13238=CIRCLE('',#16805,0.66);
#13239=VERTEX_POINT('',#16809);
#13240=CIRCLE('',#16810,0.23);
#13241=VERTEX_POINT('',#16814);
#13242=CIRCLE('',#16815,0.23);
#13243=VERTEX_POINT('',#16819);
#13244=CIRCLE('',#16820,0.23);
#13245=VERTEX_POINT('',#16824);
#13246=CIRCLE('',#16825,0.23);
#13247=VERTEX_POINT('',#16829);
#13248=CIRCLE('',#16830,0.9);
#13249=VERTEX_POINT('',#16834);
#13250=CIRCLE('',#16835,0.9);
#13251=VERTEX_POINT('',#16839);
#13252=CIRCLE('',#16840,0.66);
#13253=VERTEX_POINT('',#16844);
#13254=CIRCLE('',#16845,0.66);
#13255=VERTEX_POINT('',#16849);
#13256=CIRCLE('',#16850,0.23);
#13257=VERTEX_POINT('',#16854);
#13258=CIRCLE('',#16855,0.23);
#13259=VERTEX_POINT('',#16859);
#13260=CIRCLE('',#16860,0.23);
#13261=VERTEX_POINT('',#16864);
#13262=CIRCLE('',#16865,0.23);
#13263=VERTEX_POINT('',#16869);
#13264=CIRCLE('',#16870,0.9);
#13265=VERTEX_POINT('',#16874);
#13266=CIRCLE('',#16875,0.9);
#13267=VERTEX_POINT('',#16879);
#13268=CIRCLE('',#16880,0.66);
#13269=VERTEX_POINT('',#16884);
#13270=CIRCLE('',#16885,0.66);
#13271=VERTEX_POINT('',#16889);
#13272=CIRCLE('',#16890,0.23);
#13273=VERTEX_POINT('',#16894);
#13274=CIRCLE('',#16895,0.23);
#13275=VERTEX_POINT('',#16899);
#13276=CIRCLE('',#16900,0.23);
#13277=VERTEX_POINT('',#16904);
#13278=CIRCLE('',#16905,0.23);
#13279=VERTEX_POINT('',#16909);
#13280=CIRCLE('',#16910,0.9);
#13281=VERTEX_POINT('',#16914);
#13282=CIRCLE('',#16915,0.9);
#13283=VERTEX_POINT('',#16919);
#13284=CIRCLE('',#16920,0.66);
#13285=VERTEX_POINT('',#16924);
#13286=CIRCLE('',#16925,0.66);
#13287=VERTEX_POINT('',#16929);
#13288=CIRCLE('',#16930,0.23);
#13289=VERTEX_POINT('',#16934);
#13290=CIRCLE('',#16935,0.23);
#13291=VERTEX_POINT('',#16939);
#13292=CIRCLE('',#16940,0.23);
#13293=VERTEX_POINT('',#16944);
#13294=CIRCLE('',#16945,0.23);
#13295=VERTEX_POINT('',#16949);
#13296=CIRCLE('',#16950,0.9);
#13297=VERTEX_POINT('',#16954);
#13298=CIRCLE('',#16955,0.9);
#13299=VERTEX_POINT('',#16959);
#13300=CIRCLE('',#16960,0.66);
#13301=VERTEX_POINT('',#16964);
#13302=CIRCLE('',#16965,0.66);
#13303=VERTEX_POINT('',#16969);
#13304=CIRCLE('',#16970,0.23);
#13305=VERTEX_POINT('',#16974);
#13306=CIRCLE('',#16975,0.23);
#13307=VERTEX_POINT('',#16979);
#13308=CIRCLE('',#16980,0.23);
#13309=VERTEX_POINT('',#16984);
#13310=CIRCLE('',#16985,0.23);
#13311=VERTEX_POINT('',#16989);
#13312=CIRCLE('',#16990,0.9);
#13313=VERTEX_POINT('',#16994);
#13314=CIRCLE('',#16995,0.9);
#13315=VERTEX_POINT('',#16999);
#13316=CIRCLE('',#17000,0.66);
#13317=VERTEX_POINT('',#17004);
#13318=CIRCLE('',#17005,0.66);
#13319=VERTEX_POINT('',#17009);
#13320=CIRCLE('',#17010,0.23);
#13321=VERTEX_POINT('',#17014);
#13322=CIRCLE('',#17015,0.23);
#13323=VERTEX_POINT('',#17019);
#13324=CIRCLE('',#17020,0.23);
#13325=VERTEX_POINT('',#17024);
#13326=CIRCLE('',#17025,0.23);
#13327=VERTEX_POINT('',#17029);
#13328=CIRCLE('',#17030,0.9);
#13329=VERTEX_POINT('',#17034);
#13330=CIRCLE('',#17035,0.9);
#13331=VERTEX_POINT('',#17039);
#13332=CIRCLE('',#17040,0.66);
#13333=VERTEX_POINT('',#17044);
#13334=CIRCLE('',#17045,0.66);
#13335=VERTEX_POINT('',#17049);
#13336=CIRCLE('',#17050,0.23);
#13337=VERTEX_POINT('',#17054);
#13338=CIRCLE('',#17055,0.23);
#13339=VERTEX_POINT('',#17059);
#13340=CIRCLE('',#17060,0.23);
#13341=VERTEX_POINT('',#17064);
#13342=CIRCLE('',#17065,0.23);
#13343=VERTEX_POINT('',#17069);
#13344=CIRCLE('',#17070,0.9);
#13345=VERTEX_POINT('',#17074);
#13346=CIRCLE('',#17075,0.9);
#13347=VERTEX_POINT('',#17079);
#13348=CIRCLE('',#17080,0.66);
#13349=VERTEX_POINT('',#17084);
#13350=CIRCLE('',#17085,0.66);
#13351=VERTEX_POINT('',#17089);
#13352=CIRCLE('',#17090,0.23);
#13353=VERTEX_POINT('',#17094);
#13354=CIRCLE('',#17095,0.23);
#13355=CARTESIAN_POINT('',(59.08,-8.08266887437253E-017,3.1));
#13356=AXIS2_PLACEMENT_3D('',#13357,#13358,#13359);
#13357=CARTESIAN_POINT('',(58.42,0.,3.1));
#13358=DIRECTION('',(0.,0.,1.));
#13359=DIRECTION('',(1.,0.,0.));
#13360=CARTESIAN_POINT('',(59.08,0.,0.6));
#13361=AXIS2_PLACEMENT_3D('',#13362,#13363,#13364);
#13362=CARTESIAN_POINT('',(58.42,0.,0.6));
#13363=DIRECTION('',(0.,0.,1.));
#13364=DIRECTION('',(1.,0.,0.));
#13365=CARTESIAN_POINT('',(61.62,-8.08266887437253E-017,3.1));
#13366=AXIS2_PLACEMENT_3D('',#13367,#13368,#13369);
#13367=CARTESIAN_POINT('',(60.96,0.,3.1));
#13368=DIRECTION('',(0.,0.,1.));
#13369=DIRECTION('',(1.,0.,0.));
#13370=CARTESIAN_POINT('',(61.62,0.,0.6));
#13371=AXIS2_PLACEMENT_3D('',#13372,#13373,#13374);
#13372=CARTESIAN_POINT('',(60.96,0.,0.6));
#13373=DIRECTION('',(0.,0.,1.));
#13374=DIRECTION('',(1.,0.,0.));
#13375=CARTESIAN_POINT('',(56.54,-8.08266887437253E-017,3.1));
#13376=AXIS2_PLACEMENT_3D('',#13377,#13378,#13379);
#13377=CARTESIAN_POINT('',(55.88,0.,3.1));
#13378=DIRECTION('',(0.,0.,1.));
#13379=DIRECTION('',(1.,0.,0.));
#13380=CARTESIAN_POINT('',(56.54,0.,0.6));
#13381=AXIS2_PLACEMENT_3D('',#13382,#13383,#13384);
#13382=CARTESIAN_POINT('',(55.88,0.,0.6));
#13383=DIRECTION('',(0.,0.,1.));
#13384=DIRECTION('',(1.,0.,0.));
#13385=CARTESIAN_POINT('',(54.,-8.08266887437253E-017,3.1));
#13386=AXIS2_PLACEMENT_3D('',#13387,#13388,#13389);
#13387=CARTESIAN_POINT('',(53.34,0.,3.1));
#13388=DIRECTION('',(0.,0.,1.));
#13389=DIRECTION('',(1.,0.,0.));
#13390=CARTESIAN_POINT('',(54.,0.,0.6));
#13391=AXIS2_PLACEMENT_3D('',#13392,#13393,#13394);
#13392=CARTESIAN_POINT('',(53.34,0.,0.6));
#13393=DIRECTION('',(0.,0.,1.));
#13394=DIRECTION('',(1.,0.,0.));
#13395=CARTESIAN_POINT('',(51.46,-8.08266887437253E-017,3.1));
#13396=AXIS2_PLACEMENT_3D('',#13397,#13398,#13399);
#13397=CARTESIAN_POINT('',(50.8,0.,3.1));
#13398=DIRECTION('',(0.,0.,1.));
#13399=DIRECTION('',(1.,0.,0.));
#13400=CARTESIAN_POINT('',(51.46,0.,0.6));
#13401=AXIS2_PLACEMENT_3D('',#13402,#13403,#13404);
#13402=CARTESIAN_POINT('',(50.8,0.,0.6));
#13403=DIRECTION('',(0.,0.,1.));
#13404=DIRECTION('',(1.,0.,0.));
#13405=CARTESIAN_POINT('',(48.92,-8.08266887437253E-017,3.1));
#13406=AXIS2_PLACEMENT_3D('',#13407,#13408,#13409);
#13407=CARTESIAN_POINT('',(48.26,0.,3.1));
#13408=DIRECTION('',(0.,0.,1.));
#13409=DIRECTION('',(1.,0.,0.));
#13410=CARTESIAN_POINT('',(48.92,0.,0.6));
#13411=AXIS2_PLACEMENT_3D('',#13412,#13413,#13414);
#13412=CARTESIAN_POINT('',(48.26,0.,0.6));
#13413=DIRECTION('',(0.,0.,1.));
#13414=DIRECTION('',(1.,0.,0.));
#13415=CARTESIAN_POINT('',(46.38,-8.08266887437253E-017,3.1));
#13416=AXIS2_PLACEMENT_3D('',#13417,#13418,#13419);
#13417=CARTESIAN_POINT('',(45.72,0.,3.1));
#13418=DIRECTION('',(0.,0.,1.));
#13419=DIRECTION('',(1.,0.,0.));
#13420=CARTESIAN_POINT('',(46.38,0.,0.6));
#13421=AXIS2_PLACEMENT_3D('',#13422,#13423,#13424);
#13422=CARTESIAN_POINT('',(45.72,0.,0.6));
#13423=DIRECTION('',(0.,0.,1.));
#13424=DIRECTION('',(1.,0.,0.));
#13425=CARTESIAN_POINT('',(43.84,-8.08266887437253E-017,3.1));
#13426=AXIS2_PLACEMENT_3D('',#13427,#13428,#13429);
#13427=CARTESIAN_POINT('',(43.18,0.,3.1));
#13428=DIRECTION('',(0.,0.,1.));
#13429=DIRECTION('',(1.,0.,0.));
#13430=CARTESIAN_POINT('',(43.84,0.,0.6));
#13431=AXIS2_PLACEMENT_3D('',#13432,#13433,#13434);
#13432=CARTESIAN_POINT('',(43.18,0.,0.6));
#13433=DIRECTION('',(0.,0.,1.));
#13434=DIRECTION('',(1.,0.,0.));
#13435=CARTESIAN_POINT('',(41.3,-8.08266887437253E-017,3.1));
#13436=AXIS2_PLACEMENT_3D('',#13437,#13438,#13439);
#13437=CARTESIAN_POINT('',(40.64,0.,3.1));
#13438=DIRECTION('',(0.,0.,1.));
#13439=DIRECTION('',(1.,0.,0.));
#13440=CARTESIAN_POINT('',(41.3,0.,0.6));
#13441=AXIS2_PLACEMENT_3D('',#13442,#13443,#13444);
#13442=CARTESIAN_POINT('',(40.64,0.,0.6));
#13443=DIRECTION('',(0.,0.,1.));
#13444=DIRECTION('',(1.,0.,0.));
#13445=CARTESIAN_POINT('',(38.76,-8.08266887437253E-017,3.1));
#13446=AXIS2_PLACEMENT_3D('',#13447,#13448,#13449);
#13447=CARTESIAN_POINT('',(38.1,0.,3.1));
#13448=DIRECTION('',(0.,0.,1.));
#13449=DIRECTION('',(1.,0.,0.));
#13450=CARTESIAN_POINT('',(38.76,0.,0.6));
#13451=AXIS2_PLACEMENT_3D('',#13452,#13453,#13454);
#13452=CARTESIAN_POINT('',(38.1,0.,0.6));
#13453=DIRECTION('',(0.,0.,1.));
#13454=DIRECTION('',(1.,0.,0.));
#13455=CARTESIAN_POINT('',(36.22,-8.08266887437253E-017,3.1));
#13456=AXIS2_PLACEMENT_3D('',#13457,#13458,#13459);
#13457=CARTESIAN_POINT('',(35.56,0.,3.1));
#13458=DIRECTION('',(0.,0.,1.));
#13459=DIRECTION('',(1.,0.,0.));
#13460=CARTESIAN_POINT('',(36.22,0.,0.6));
#13461=AXIS2_PLACEMENT_3D('',#13462,#13463,#13464);
#13462=CARTESIAN_POINT('',(35.56,0.,0.6));
#13463=DIRECTION('',(0.,0.,1.));
#13464=DIRECTION('',(1.,0.,0.));
#13465=CARTESIAN_POINT('',(33.68,-8.08266887437253E-017,3.1));
#13466=AXIS2_PLACEMENT_3D('',#13467,#13468,#13469);
#13467=CARTESIAN_POINT('',(33.02,0.,3.1));
#13468=DIRECTION('',(0.,0.,1.));
#13469=DIRECTION('',(1.,0.,0.));
#13470=CARTESIAN_POINT('',(33.68,0.,0.6));
#13471=AXIS2_PLACEMENT_3D('',#13472,#13473,#13474);
#13472=CARTESIAN_POINT('',(33.02,0.,0.6));
#13473=DIRECTION('',(0.,0.,1.));
#13474=DIRECTION('',(1.,0.,0.));
#13475=CARTESIAN_POINT('',(31.14,-8.08266887437253E-017,3.1));
#13476=AXIS2_PLACEMENT_3D('',#13477,#13478,#13479);
#13477=CARTESIAN_POINT('',(30.48,0.,3.1));
#13478=DIRECTION('',(0.,0.,1.));
#13479=DIRECTION('',(1.,0.,0.));
#13480=CARTESIAN_POINT('',(31.14,0.,0.6));
#13481=AXIS2_PLACEMENT_3D('',#13482,#13483,#13484);
#13482=CARTESIAN_POINT('',(30.48,0.,0.6));
#13483=DIRECTION('',(0.,0.,1.));
#13484=DIRECTION('',(1.,0.,0.));
#13485=CARTESIAN_POINT('',(28.6,-8.08266887437253E-017,3.1));
#13486=AXIS2_PLACEMENT_3D('',#13487,#13488,#13489);
#13487=CARTESIAN_POINT('',(27.94,0.,3.1));
#13488=DIRECTION('',(0.,0.,1.));
#13489=DIRECTION('',(1.,0.,0.));
#13490=CARTESIAN_POINT('',(28.6,0.,0.6));
#13491=AXIS2_PLACEMENT_3D('',#13492,#13493,#13494);
#13492=CARTESIAN_POINT('',(27.94,0.,0.6));
#13493=DIRECTION('',(0.,0.,1.));
#13494=DIRECTION('',(1.,0.,0.));
#13495=CARTESIAN_POINT('',(26.06,-8.08266887437253E-017,3.1));
#13496=AXIS2_PLACEMENT_3D('',#13497,#13498,#13499);
#13497=CARTESIAN_POINT('',(25.4,0.,3.1));
#13498=DIRECTION('',(0.,0.,1.));
#13499=DIRECTION('',(1.,0.,0.));
#13500=CARTESIAN_POINT('',(26.06,0.,0.6));
#13501=AXIS2_PLACEMENT_3D('',#13502,#13503,#13504);
#13502=CARTESIAN_POINT('',(25.4,0.,0.6));
#13503=DIRECTION('',(0.,0.,1.));
#13504=DIRECTION('',(1.,0.,0.));
#13505=CARTESIAN_POINT('',(23.52,-8.08266887437253E-017,3.1));
#13506=AXIS2_PLACEMENT_3D('',#13507,#13508,#13509);
#13507=CARTESIAN_POINT('',(22.86,0.,3.1));
#13508=DIRECTION('',(0.,0.,1.));
#13509=DIRECTION('',(1.,0.,0.));
#13510=CARTESIAN_POINT('',(23.52,0.,0.6));
#13511=AXIS2_PLACEMENT_3D('',#13512,#13513,#13514);
#13512=CARTESIAN_POINT('',(22.86,0.,0.6));
#13513=DIRECTION('',(0.,0.,1.));
#13514=DIRECTION('',(1.,0.,0.));
#13515=CARTESIAN_POINT('',(20.98,-8.08266887437253E-017,3.1));
#13516=AXIS2_PLACEMENT_3D('',#13517,#13518,#13519);
#13517=CARTESIAN_POINT('',(20.32,0.,3.1));
#13518=DIRECTION('',(0.,0.,1.));
#13519=DIRECTION('',(1.,0.,0.));
#13520=CARTESIAN_POINT('',(20.98,0.,0.6));
#13521=AXIS2_PLACEMENT_3D('',#13522,#13523,#13524);
#13522=CARTESIAN_POINT('',(20.32,0.,0.6));
#13523=DIRECTION('',(0.,0.,1.));
#13524=DIRECTION('',(1.,0.,0.));
#13525=CARTESIAN_POINT('',(18.44,-8.08266887437253E-017,3.1));
#13526=AXIS2_PLACEMENT_3D('',#13527,#13528,#13529);
#13527=CARTESIAN_POINT('',(17.78,0.,3.1));
#13528=DIRECTION('',(0.,0.,1.));
#13529=DIRECTION('',(1.,0.,0.));
#13530=CARTESIAN_POINT('',(18.44,0.,0.6));
#13531=AXIS2_PLACEMENT_3D('',#13532,#13533,#13534);
#13532=CARTESIAN_POINT('',(17.78,0.,0.6));
#13533=DIRECTION('',(0.,0.,1.));
#13534=DIRECTION('',(1.,0.,0.));
#13535=CARTESIAN_POINT('',(15.9,-8.08266887437253E-017,3.1));
#13536=AXIS2_PLACEMENT_3D('',#13537,#13538,#13539);
#13537=CARTESIAN_POINT('',(15.24,0.,3.1));
#13538=DIRECTION('',(0.,0.,1.));
#13539=DIRECTION('',(1.,0.,0.));
#13540=CARTESIAN_POINT('',(15.9,0.,0.6));
#13541=AXIS2_PLACEMENT_3D('',#13542,#13543,#13544);
#13542=CARTESIAN_POINT('',(15.24,0.,0.6));
#13543=DIRECTION('',(0.,0.,1.));
#13544=DIRECTION('',(1.,0.,0.));
#13545=CARTESIAN_POINT('',(13.36,-8.08266887437253E-017,3.1));
#13546=AXIS2_PLACEMENT_3D('',#13547,#13548,#13549);
#13547=CARTESIAN_POINT('',(12.7,0.,3.1));
#13548=DIRECTION('',(0.,0.,1.));
#13549=DIRECTION('',(1.,0.,0.));
#13550=CARTESIAN_POINT('',(13.36,0.,0.6));
#13551=AXIS2_PLACEMENT_3D('',#13552,#13553,#13554);
#13552=CARTESIAN_POINT('',(12.7,0.,0.6));
#13553=DIRECTION('',(0.,0.,1.));
#13554=DIRECTION('',(1.,0.,0.));
#13555=CARTESIAN_POINT('',(10.82,-8.08266887437253E-017,3.1));
#13556=AXIS2_PLACEMENT_3D('',#13557,#13558,#13559);
#13557=CARTESIAN_POINT('',(10.16,0.,3.1));
#13558=DIRECTION('',(0.,0.,1.));
#13559=DIRECTION('',(1.,0.,0.));
#13560=CARTESIAN_POINT('',(10.82,0.,0.6));
#13561=AXIS2_PLACEMENT_3D('',#13562,#13563,#13564);
#13562=CARTESIAN_POINT('',(10.16,0.,0.6));
#13563=DIRECTION('',(0.,0.,1.));
#13564=DIRECTION('',(1.,0.,0.));
#13565=CARTESIAN_POINT('',(8.28,-8.08266887437253E-017,3.1));
#13566=AXIS2_PLACEMENT_3D('',#13567,#13568,#13569);
#13567=CARTESIAN_POINT('',(7.62,0.,3.1));
#13568=DIRECTION('',(0.,0.,1.));
#13569=DIRECTION('',(1.,0.,0.));
#13570=CARTESIAN_POINT('',(8.28,0.,0.6));
#13571=AXIS2_PLACEMENT_3D('',#13572,#13573,#13574);
#13572=CARTESIAN_POINT('',(7.62,0.,0.6));
#13573=DIRECTION('',(0.,0.,1.));
#13574=DIRECTION('',(1.,0.,0.));
#13575=CARTESIAN_POINT('',(5.74,-8.08266887437253E-017,3.1));
#13576=AXIS2_PLACEMENT_3D('',#13577,#13578,#13579);
#13577=CARTESIAN_POINT('',(5.08,0.,3.1));
#13578=DIRECTION('',(0.,0.,1.));
#13579=DIRECTION('',(1.,0.,0.));
#13580=CARTESIAN_POINT('',(5.74,0.,0.6));
#13581=AXIS2_PLACEMENT_3D('',#13582,#13583,#13584);
#13582=CARTESIAN_POINT('',(5.08,0.,0.6));
#13583=DIRECTION('',(0.,0.,1.));
#13584=DIRECTION('',(1.,0.,0.));
#13585=CARTESIAN_POINT('',(3.2,-8.08266887437253E-017,3.1));
#13586=AXIS2_PLACEMENT_3D('',#13587,#13588,#13589);
#13587=CARTESIAN_POINT('',(2.54,0.,3.1));
#13588=DIRECTION('',(0.,0.,1.));
#13589=DIRECTION('',(1.,0.,0.));
#13590=CARTESIAN_POINT('',(3.2,0.,0.6));
#13591=AXIS2_PLACEMENT_3D('',#13592,#13593,#13594);
#13592=CARTESIAN_POINT('',(2.54,0.,0.6));
#13593=DIRECTION('',(0.,0.,1.));
#13594=DIRECTION('',(1.,0.,0.));
#13595=CARTESIAN_POINT('',(-1.27,-0.75,3.6));
#13596=CARTESIAN_POINT('',(-1.12,-0.75,3.6));
#13597=CARTESIAN_POINT('',(-1.27,-0.75,3.6));
#13598=VECTOR('',#13599,1.);
#13599=DIRECTION('',(1.,0.,0.));
#13600=CARTESIAN_POINT('',(-0.819777860021394,-1.27,3.6));
#13601=CARTESIAN_POINT('',(-1.12,-0.75,3.6));
#13602=VECTOR('',#13603,1.);
#13603=DIRECTION('',(0.5,-0.866025403784438,0.));
#13604=CARTESIAN_POINT('',(0.819777860021395,-1.27,3.6));
#13605=CARTESIAN_POINT('',(-0.819777860021394,-1.27,3.6));
#13606=VECTOR('',#13607,1.);
#13607=DIRECTION('',(1.,0.,0.));
#13608=CARTESIAN_POINT('',(1.12,-0.75,3.6));
#13609=CARTESIAN_POINT('',(0.819777860021395,-1.27,3.6));
#13610=VECTOR('',#13611,1.);
#13611=DIRECTION('',(0.5,0.866025403784439,0.));
#13612=CARTESIAN_POINT('',(1.42,-0.75,3.6));
#13613=CARTESIAN_POINT('',(1.12,-0.75,3.6));
#13614=VECTOR('',#13615,1.);
#13615=DIRECTION('',(1.,0.,0.));
#13616=CARTESIAN_POINT('',(1.72022213997861,-1.27,3.6));
#13617=CARTESIAN_POINT('',(1.42,-0.75,3.6));
#13618=VECTOR('',#13619,1.);
#13619=DIRECTION('',(0.5,-0.866025403784438,0.));
#13620=CARTESIAN_POINT('',(3.35977786002139,-1.27,3.6));
#13621=CARTESIAN_POINT('',(1.72022213997861,-1.27,3.6));
#13622=VECTOR('',#13623,1.);
#13623=DIRECTION('',(1.,0.,0.));
#13624=CARTESIAN_POINT('',(3.66,-0.75,3.6));
#13625=CARTESIAN_POINT('',(3.35977786002139,-1.27,3.6));
#13626=VECTOR('',#13627,1.);
#13627=DIRECTION('',(0.5,0.866025403784439,0.));
#13628=CARTESIAN_POINT('',(3.96,-0.75,3.6));
#13629=CARTESIAN_POINT('',(3.66,-0.75,3.6));
#13630=VECTOR('',#13631,1.);
#13631=DIRECTION('',(1.,0.,0.));
#13632=CARTESIAN_POINT('',(4.26022213997861,-1.27,3.6));
#13633=CARTESIAN_POINT('',(3.96,-0.75,3.6));
#13634=VECTOR('',#13635,1.);
#13635=DIRECTION('',(0.5,-0.866025403784439,0.));
#13636=CARTESIAN_POINT('',(5.89977786002139,-1.27,3.6));
#13637=CARTESIAN_POINT('',(4.26022213997861,-1.27,3.6));
#13638=VECTOR('',#13639,1.);
#13639=DIRECTION('',(1.,0.,0.));
#13640=CARTESIAN_POINT('',(6.2,-0.75,3.6));
#13641=CARTESIAN_POINT('',(5.89977786002139,-1.27,3.6));
#13642=VECTOR('',#13643,1.);
#13643=DIRECTION('',(0.5,0.866025403784439,0.));
#13644=CARTESIAN_POINT('',(6.5,-0.75,3.6));
#13645=CARTESIAN_POINT('',(6.2,-0.75,3.6));
#13646=VECTOR('',#13647,1.);
#13647=DIRECTION('',(1.,0.,0.));
#13648=CARTESIAN_POINT('',(6.80022213997861,-1.27,3.6));
#13649=CARTESIAN_POINT('',(6.5,-0.75,3.6));
#13650=VECTOR('',#13651,1.);
#13651=DIRECTION('',(0.5,-0.866025403784439,0.));
#13652=CARTESIAN_POINT('',(8.43977786002139,-1.27,3.6));
#13653=CARTESIAN_POINT('',(6.80022213997861,-1.27,3.6));
#13654=VECTOR('',#13655,1.);
#13655=DIRECTION('',(1.,0.,0.));
#13656=CARTESIAN_POINT('',(8.74,-0.75,3.6));
#13657=CARTESIAN_POINT('',(8.43977786002139,-1.27,3.6));
#13658=VECTOR('',#13659,1.);
#13659=DIRECTION('',(0.499999999999999,0.866025403784439,0.));
#13660=CARTESIAN_POINT('',(9.04,-0.75,3.6));
#13661=CARTESIAN_POINT('',(8.74,-0.75,3.6));
#13662=VECTOR('',#13663,1.);
#13663=DIRECTION('',(1.,0.,0.));
#13664=CARTESIAN_POINT('',(9.34022213997861,-1.27,3.6));
#13665=CARTESIAN_POINT('',(9.04,-0.75,3.6));
#13666=VECTOR('',#13667,1.);
#13667=DIRECTION('',(0.500000000000001,-0.866025403784438,0.));
#13668=CARTESIAN_POINT('',(10.9797778600214,-1.27,3.6));
#13669=CARTESIAN_POINT('',(9.34022213997861,-1.27,3.6));
#13670=VECTOR('',#13671,1.);
#13671=DIRECTION('',(1.,0.,0.));
#13672=CARTESIAN_POINT('',(11.28,-0.75,3.6));
#13673=CARTESIAN_POINT('',(10.9797778600214,-1.27,3.6));
#13674=VECTOR('',#13675,1.);
#13675=DIRECTION('',(0.499999999999999,0.866025403784439,0.));
#13676=CARTESIAN_POINT('',(11.58,-0.75,3.6));
#13677=CARTESIAN_POINT('',(11.28,-0.75,3.6));
#13678=VECTOR('',#13679,1.);
#13679=DIRECTION('',(1.,0.,0.));
#13680=CARTESIAN_POINT('',(11.8802221399786,-1.27,3.6));
#13681=CARTESIAN_POINT('',(11.58,-0.75,3.6));
#13682=VECTOR('',#13683,1.);
#13683=DIRECTION('',(0.500000000000001,-0.866025403784438,0.));
#13684=CARTESIAN_POINT('',(13.5197778600214,-1.27,3.6));
#13685=CARTESIAN_POINT('',(11.8802221399786,-1.27,3.6));
#13686=VECTOR('',#13687,1.);
#13687=DIRECTION('',(1.,0.,0.));
#13688=CARTESIAN_POINT('',(13.82,-0.75,3.6));
#13689=CARTESIAN_POINT('',(13.5197778600214,-1.27,3.6));
#13690=VECTOR('',#13691,1.);
#13691=DIRECTION('',(0.499999999999999,0.866025403784439,0.));
#13692=CARTESIAN_POINT('',(14.12,-0.75,3.6));
#13693=CARTESIAN_POINT('',(13.82,-0.75,3.6));
#13694=VECTOR('',#13695,1.);
#13695=DIRECTION('',(1.,0.,0.));
#13696=CARTESIAN_POINT('',(14.4202221399786,-1.27,3.6));
#13697=CARTESIAN_POINT('',(14.12,-0.75,3.6));
#13698=VECTOR('',#13699,1.);
#13699=DIRECTION('',(0.500000000000001,-0.866025403784438,0.));
#13700=CARTESIAN_POINT('',(16.0597778600214,-1.27,3.6));
#13701=CARTESIAN_POINT('',(14.4202221399786,-1.27,3.6));
#13702=VECTOR('',#13703,1.);
#13703=DIRECTION('',(1.,0.,0.));
#13704=CARTESIAN_POINT('',(16.36,-0.75,3.6));
#13705=CARTESIAN_POINT('',(16.0597778600214,-1.27,3.6));
#13706=VECTOR('',#13707,1.);
#13707=DIRECTION('',(0.499999999999999,0.866025403784439,0.));
#13708=CARTESIAN_POINT('',(16.66,-0.75,3.6));
#13709=CARTESIAN_POINT('',(16.36,-0.75,3.6));
#13710=VECTOR('',#13711,1.);
#13711=DIRECTION('',(1.,0.,0.));
#13712=CARTESIAN_POINT('',(16.9602221399786,-1.27,3.6));
#13713=CARTESIAN_POINT('',(16.66,-0.75,3.6));
#13714=VECTOR('',#13715,1.);
#13715=DIRECTION('',(0.499999999999999,-0.866025403784439,0.));
#13716=CARTESIAN_POINT('',(18.5997778600214,-1.27,3.6));
#13717=CARTESIAN_POINT('',(16.9602221399786,-1.27,3.6));
#13718=VECTOR('',#13719,1.);
#13719=DIRECTION('',(1.,0.,0.));
#13720=CARTESIAN_POINT('',(18.9,-0.75,3.6));
#13721=CARTESIAN_POINT('',(18.5997778600214,-1.27,3.6));
#13722=VECTOR('',#13723,1.);
#13723=DIRECTION('',(0.499999999999999,0.866025403784439,0.));
#13724=CARTESIAN_POINT('',(19.2,-0.75,3.6));
#13725=CARTESIAN_POINT('',(18.9,-0.75,3.6));
#13726=VECTOR('',#13727,1.);
#13727=DIRECTION('',(1.,0.,0.));
#13728=CARTESIAN_POINT('',(19.5002221399786,-1.27,3.6));
#13729=CARTESIAN_POINT('',(19.2,-0.75,3.6));
#13730=VECTOR('',#13731,1.);
#13731=DIRECTION('',(0.499999999999999,-0.866025403784439,0.));
#13732=CARTESIAN_POINT('',(21.1397778600214,-1.27,3.6));
#13733=CARTESIAN_POINT('',(19.5002221399786,-1.27,3.6));
#13734=VECTOR('',#13735,1.);
#13735=DIRECTION('',(1.,0.,0.));
#13736=CARTESIAN_POINT('',(21.44,-0.75,3.6));
#13737=CARTESIAN_POINT('',(21.1397778600214,-1.27,3.6));
#13738=VECTOR('',#13739,1.);
#13739=DIRECTION('',(0.499999999999999,0.866025403784439,0.));
#13740=CARTESIAN_POINT('',(21.74,-0.75,3.6));
#13741=CARTESIAN_POINT('',(21.44,-0.75,3.6));
#13742=VECTOR('',#13743,1.);
#13743=DIRECTION('',(1.,0.,0.));
#13744=CARTESIAN_POINT('',(22.0402221399786,-1.27,3.6));
#13745=CARTESIAN_POINT('',(21.74,-0.75,3.6));
#13746=VECTOR('',#13747,1.);
#13747=DIRECTION('',(0.499999999999999,-0.866025403784439,0.));
#13748=CARTESIAN_POINT('',(23.6797778600214,-1.27,3.6));
#13749=CARTESIAN_POINT('',(22.0402221399786,-1.27,3.6));
#13750=VECTOR('',#13751,1.);
#13751=DIRECTION('',(1.,0.,0.));
#13752=CARTESIAN_POINT('',(23.98,-0.75,3.6));
#13753=CARTESIAN_POINT('',(23.6797778600214,-1.27,3.6));
#13754=VECTOR('',#13755,1.);
#13755=DIRECTION('',(0.499999999999999,0.866025403784439,0.));
#13756=CARTESIAN_POINT('',(24.28,-0.75,3.6));
#13757=CARTESIAN_POINT('',(23.98,-0.75,3.6));
#13758=VECTOR('',#13759,1.);
#13759=DIRECTION('',(1.,0.,0.));
#13760=CARTESIAN_POINT('',(24.5802221399786,-1.27,3.6));
#13761=CARTESIAN_POINT('',(24.28,-0.75,3.6));
#13762=VECTOR('',#13763,1.);
#13763=DIRECTION('',(0.499999999999999,-0.866025403784439,0.));
#13764=CARTESIAN_POINT('',(26.2197778600214,-1.27,3.6));
#13765=CARTESIAN_POINT('',(24.5802221399786,-1.27,3.6));
#13766=VECTOR('',#13767,1.);
#13767=DIRECTION('',(1.,0.,0.));
#13768=CARTESIAN_POINT('',(26.52,-0.75,3.6));
#13769=CARTESIAN_POINT('',(26.2197778600214,-1.27,3.6));
#13770=VECTOR('',#13771,1.);
#13771=DIRECTION('',(0.499999999999999,0.866025403784439,0.));
#13772=CARTESIAN_POINT('',(26.82,-0.75,3.6));
#13773=CARTESIAN_POINT('',(26.52,-0.75,3.6));
#13774=VECTOR('',#13775,1.);
#13775=DIRECTION('',(1.,0.,0.));
#13776=CARTESIAN_POINT('',(27.1202221399786,-1.27,3.6));
#13777=CARTESIAN_POINT('',(26.82,-0.75,3.6));
#13778=VECTOR('',#13779,1.);
#13779=DIRECTION('',(0.499999999999999,-0.866025403784439,0.));
#13780=CARTESIAN_POINT('',(28.7597778600214,-1.27,3.6));
#13781=CARTESIAN_POINT('',(27.1202221399786,-1.27,3.6));
#13782=VECTOR('',#13783,1.);
#13783=DIRECTION('',(1.,0.,0.));
#13784=CARTESIAN_POINT('',(29.06,-0.75,3.6));
#13785=CARTESIAN_POINT('',(28.7597778600214,-1.27,3.6));
#13786=VECTOR('',#13787,1.);
#13787=DIRECTION('',(0.499999999999999,0.866025403784439,0.));
#13788=CARTESIAN_POINT('',(29.36,-0.75,3.6));
#13789=CARTESIAN_POINT('',(29.06,-0.75,3.6));
#13790=VECTOR('',#13791,1.);
#13791=DIRECTION('',(1.,0.,0.));
#13792=CARTESIAN_POINT('',(29.6602221399786,-1.27,3.6));
#13793=CARTESIAN_POINT('',(29.36,-0.75,3.6));
#13794=VECTOR('',#13795,1.);
#13795=DIRECTION('',(0.499999999999999,-0.866025403784439,0.));
#13796=CARTESIAN_POINT('',(31.2997778600214,-1.27,3.6));
#13797=CARTESIAN_POINT('',(29.6602221399786,-1.27,3.6));
#13798=VECTOR('',#13799,1.);
#13799=DIRECTION('',(1.,0.,0.));
#13800=CARTESIAN_POINT('',(31.6,-0.75,3.6));
#13801=CARTESIAN_POINT('',(31.2997778600214,-1.27,3.6));
#13802=VECTOR('',#13803,1.);
#13803=DIRECTION('',(0.499999999999999,0.866025403784439,0.));
#13804=CARTESIAN_POINT('',(31.9,-0.75,3.6));
#13805=CARTESIAN_POINT('',(31.6,-0.75,3.6));
#13806=VECTOR('',#13807,1.);
#13807=DIRECTION('',(1.,0.,0.));
#13808=CARTESIAN_POINT('',(32.2002221399786,-1.27,3.6));
#13809=CARTESIAN_POINT('',(31.9,-0.75,3.6));
#13810=VECTOR('',#13811,1.);
#13811=DIRECTION('',(0.499999999999999,-0.866025403784439,0.));
#13812=CARTESIAN_POINT('',(33.8397778600214,-1.27,3.6));
#13813=CARTESIAN_POINT('',(32.2002221399786,-1.27,3.6));
#13814=VECTOR('',#13815,1.);
#13815=DIRECTION('',(1.,0.,0.));
#13816=CARTESIAN_POINT('',(34.14,-0.75,3.6));
#13817=CARTESIAN_POINT('',(33.8397778600214,-1.27,3.6));
#13818=VECTOR('',#13819,1.);
#13819=DIRECTION('',(0.500000000000003,0.866025403784437,0.));
#13820=CARTESIAN_POINT('',(34.44,-0.75,3.6));
#13821=CARTESIAN_POINT('',(34.14,-0.75,3.6));
#13822=VECTOR('',#13823,1.);
#13823=DIRECTION('',(1.,0.,0.));
#13824=CARTESIAN_POINT('',(34.7402221399786,-1.27,3.6));
#13825=CARTESIAN_POINT('',(34.44,-0.75,3.6));
#13826=VECTOR('',#13827,1.);
#13827=DIRECTION('',(0.500000000000003,-0.866025403784437,0.));
#13828=CARTESIAN_POINT('',(36.3797778600214,-1.27,3.6));
#13829=CARTESIAN_POINT('',(34.7402221399786,-1.27,3.6));
#13830=VECTOR('',#13831,1.);
#13831=DIRECTION('',(1.,0.,0.));
#13832=CARTESIAN_POINT('',(36.68,-0.75,3.6));
#13833=CARTESIAN_POINT('',(36.3797778600214,-1.27,3.6));
#13834=VECTOR('',#13835,1.);
#13835=DIRECTION('',(0.500000000000003,0.866025403784437,0.));
#13836=CARTESIAN_POINT('',(36.98,-0.75,3.6));
#13837=CARTESIAN_POINT('',(36.68,-0.75,3.6));
#13838=VECTOR('',#13839,1.);
#13839=DIRECTION('',(1.,0.,0.));
#13840=CARTESIAN_POINT('',(37.2802221399786,-1.27,3.6));
#13841=CARTESIAN_POINT('',(36.98,-0.75,3.6));
#13842=VECTOR('',#13843,1.);
#13843=DIRECTION('',(0.500000000000003,-0.866025403784437,0.));
#13844=CARTESIAN_POINT('',(38.9197778600214,-1.27,3.6));
#13845=CARTESIAN_POINT('',(37.2802221399786,-1.27,3.6));
#13846=VECTOR('',#13847,1.);
#13847=DIRECTION('',(1.,0.,0.));
#13848=CARTESIAN_POINT('',(39.22,-0.75,3.6));
#13849=CARTESIAN_POINT('',(38.9197778600214,-1.27,3.6));
#13850=VECTOR('',#13851,1.);
#13851=DIRECTION('',(0.500000000000003,0.866025403784437,0.));
#13852=CARTESIAN_POINT('',(39.52,-0.75,3.6));
#13853=CARTESIAN_POINT('',(39.22,-0.75,3.6));
#13854=VECTOR('',#13855,1.);
#13855=DIRECTION('',(1.,0.,0.));
#13856=CARTESIAN_POINT('',(39.8202221399786,-1.27,3.6));
#13857=CARTESIAN_POINT('',(39.52,-0.75,3.6));
#13858=VECTOR('',#13859,1.);
#13859=DIRECTION('',(0.500000000000003,-0.866025403784437,0.));
#13860=CARTESIAN_POINT('',(41.4597778600214,-1.27,3.6));
#13861=CARTESIAN_POINT('',(39.8202221399786,-1.27,3.6));
#13862=VECTOR('',#13863,1.);
#13863=DIRECTION('',(1.,0.,0.));
#13864=CARTESIAN_POINT('',(41.76,-0.75,3.6));
#13865=CARTESIAN_POINT('',(41.4597778600214,-1.27,3.6));
#13866=VECTOR('',#13867,1.);
#13867=DIRECTION('',(0.500000000000003,0.866025403784437,0.));
#13868=CARTESIAN_POINT('',(42.06,-0.75,3.6));
#13869=CARTESIAN_POINT('',(41.76,-0.75,3.6));
#13870=VECTOR('',#13871,1.);
#13871=DIRECTION('',(1.,0.,0.));
#13872=CARTESIAN_POINT('',(42.3602221399786,-1.27,3.6));
#13873=CARTESIAN_POINT('',(42.06,-0.75,3.6));
#13874=VECTOR('',#13875,1.);
#13875=DIRECTION('',(0.500000000000003,-0.866025403784437,0.));
#13876=CARTESIAN_POINT('',(43.9997778600214,-1.27,3.6));
#13877=CARTESIAN_POINT('',(42.3602221399786,-1.27,3.6));
#13878=VECTOR('',#13879,1.);
#13879=DIRECTION('',(1.,0.,0.));
#13880=CARTESIAN_POINT('',(44.3,-0.75,3.6));
#13881=CARTESIAN_POINT('',(43.9997778600214,-1.27,3.6));
#13882=VECTOR('',#13883,1.);
#13883=DIRECTION('',(0.500000000000003,0.866025403784437,0.));
#13884=CARTESIAN_POINT('',(44.6,-0.75,3.6));
#13885=CARTESIAN_POINT('',(44.3,-0.75,3.6));
#13886=VECTOR('',#13887,1.);
#13887=DIRECTION('',(1.,0.,0.));
#13888=CARTESIAN_POINT('',(44.9002221399786,-1.27,3.6));
#13889=CARTESIAN_POINT('',(44.6,-0.75,3.6));
#13890=VECTOR('',#13891,1.);
#13891=DIRECTION('',(0.500000000000003,-0.866025403784437,0.));
#13892=CARTESIAN_POINT('',(46.5397778600214,-1.27,3.6));
#13893=CARTESIAN_POINT('',(44.9002221399786,-1.27,3.6));
#13894=VECTOR('',#13895,1.);
#13895=DIRECTION('',(1.,0.,0.));
#13896=CARTESIAN_POINT('',(46.84,-0.75,3.6));
#13897=CARTESIAN_POINT('',(46.5397778600214,-1.27,3.6));
#13898=VECTOR('',#13899,1.);
#13899=DIRECTION('',(0.500000000000003,0.866025403784437,0.));
#13900=CARTESIAN_POINT('',(47.14,-0.75,3.6));
#13901=CARTESIAN_POINT('',(46.84,-0.75,3.6));
#13902=VECTOR('',#13903,1.);
#13903=DIRECTION('',(1.,0.,0.));
#13904=CARTESIAN_POINT('',(47.4402221399786,-1.27,3.6));
#13905=CARTESIAN_POINT('',(47.14,-0.75,3.6));
#13906=VECTOR('',#13907,1.);
#13907=DIRECTION('',(0.500000000000003,-0.866025403784437,0.));
#13908=CARTESIAN_POINT('',(49.0797778600214,-1.27,3.6));
#13909=CARTESIAN_POINT('',(47.4402221399786,-1.27,3.6));
#13910=VECTOR('',#13911,1.);
#13911=DIRECTION('',(1.,0.,0.));
#13912=CARTESIAN_POINT('',(49.38,-0.75,3.6));
#13913=CARTESIAN_POINT('',(49.0797778600214,-1.27,3.6));
#13914=VECTOR('',#13915,1.);
#13915=DIRECTION('',(0.500000000000003,0.866025403784437,0.));
#13916=CARTESIAN_POINT('',(49.68,-0.75,3.6));
#13917=CARTESIAN_POINT('',(49.38,-0.75,3.6));
#13918=VECTOR('',#13919,1.);
#13919=DIRECTION('',(1.,0.,0.));
#13920=CARTESIAN_POINT('',(49.9802221399786,-1.27,3.6));
#13921=CARTESIAN_POINT('',(49.68,-0.75,3.6));
#13922=VECTOR('',#13923,1.);
#13923=DIRECTION('',(0.500000000000003,-0.866025403784437,0.));
#13924=CARTESIAN_POINT('',(51.6197778600214,-1.27,3.6));
#13925=CARTESIAN_POINT('',(49.9802221399786,-1.27,3.6));
#13926=VECTOR('',#13927,1.);
#13927=DIRECTION('',(1.,0.,0.));
#13928=CARTESIAN_POINT('',(51.92,-0.75,3.6));
#13929=CARTESIAN_POINT('',(51.6197778600214,-1.27,3.6));
#13930=VECTOR('',#13931,1.);
#13931=DIRECTION('',(0.500000000000003,0.866025403784437,0.));
#13932=CARTESIAN_POINT('',(52.22,-0.75,3.6));
#13933=CARTESIAN_POINT('',(51.92,-0.75,3.6));
#13934=VECTOR('',#13935,1.);
#13935=DIRECTION('',(1.,0.,0.));
#13936=CARTESIAN_POINT('',(52.5202221399786,-1.27,3.6));
#13937=CARTESIAN_POINT('',(52.22,-0.75,3.6));
#13938=VECTOR('',#13939,1.);
#13939=DIRECTION('',(0.500000000000003,-0.866025403784437,0.));
#13940=CARTESIAN_POINT('',(54.1597778600214,-1.27,3.6));
#13941=CARTESIAN_POINT('',(52.5202221399786,-1.27,3.6));
#13942=VECTOR('',#13943,1.);
#13943=DIRECTION('',(1.,0.,0.));
#13944=CARTESIAN_POINT('',(54.46,-0.75,3.6));
#13945=CARTESIAN_POINT('',(54.1597778600214,-1.27,3.6));
#13946=VECTOR('',#13947,1.);
#13947=DIRECTION('',(0.500000000000003,0.866025403784437,0.));
#13948=CARTESIAN_POINT('',(54.76,-0.75,3.6));
#13949=CARTESIAN_POINT('',(54.46,-0.75,3.6));
#13950=VECTOR('',#13951,1.);
#13951=DIRECTION('',(1.,0.,0.));
#13952=CARTESIAN_POINT('',(55.0602221399786,-1.27,3.6));
#13953=CARTESIAN_POINT('',(54.76,-0.75,3.6));
#13954=VECTOR('',#13955,1.);
#13955=DIRECTION('',(0.500000000000003,-0.866025403784437,0.));
#13956=CARTESIAN_POINT('',(56.6997778600214,-1.27,3.6));
#13957=CARTESIAN_POINT('',(55.0602221399786,-1.27,3.6));
#13958=VECTOR('',#13959,1.);
#13959=DIRECTION('',(1.,0.,0.));
#13960=CARTESIAN_POINT('',(57.,-0.75,3.6));
#13961=CARTESIAN_POINT('',(56.6997778600214,-1.27,3.6));
#13962=VECTOR('',#13963,1.);
#13963=DIRECTION('',(0.500000000000003,0.866025403784437,0.));
#13964=CARTESIAN_POINT('',(57.3,-0.75,3.6));
#13965=CARTESIAN_POINT('',(57.,-0.75,3.6));
#13966=VECTOR('',#13967,1.);
#13967=DIRECTION('',(1.,0.,0.));
#13968=CARTESIAN_POINT('',(57.6002221399786,-1.27,3.6));
#13969=CARTESIAN_POINT('',(57.3,-0.75,3.6));
#13970=VECTOR('',#13971,1.);
#13971=DIRECTION('',(0.500000000000003,-0.866025403784437,0.));
#13972=CARTESIAN_POINT('',(59.2397778600214,-1.27,3.6));
#13973=CARTESIAN_POINT('',(57.6002221399786,-1.27,3.6));
#13974=VECTOR('',#13975,1.);
#13975=DIRECTION('',(1.,0.,0.));
#13976=CARTESIAN_POINT('',(59.54,-0.75,3.6));
#13977=CARTESIAN_POINT('',(59.2397778600214,-1.27,3.6));
#13978=VECTOR('',#13979,1.);
#13979=DIRECTION('',(0.500000000000003,0.866025403784437,0.));
#13980=CARTESIAN_POINT('',(59.84,-0.75,3.6));
#13981=CARTESIAN_POINT('',(59.54,-0.75,3.6));
#13982=VECTOR('',#13983,1.);
#13983=DIRECTION('',(1.,0.,0.));
#13984=CARTESIAN_POINT('',(60.1402221399786,-1.27,3.6));
#13985=CARTESIAN_POINT('',(59.84,-0.75,3.6));
#13986=VECTOR('',#13987,1.);
#13987=DIRECTION('',(0.500000000000003,-0.866025403784437,0.));
#13988=CARTESIAN_POINT('',(61.7797778600214,-1.27,3.6));
#13989=CARTESIAN_POINT('',(60.1402221399786,-1.27,3.6));
#13990=VECTOR('',#13991,1.);
#13991=DIRECTION('',(1.,0.,0.));
#13992=CARTESIAN_POINT('',(62.08,-0.75,3.6));
#13993=CARTESIAN_POINT('',(61.7797778600214,-1.27,3.6));
#13994=VECTOR('',#13995,1.);
#13995=DIRECTION('',(0.500000000000003,0.866025403784437,0.));
#13996=CARTESIAN_POINT('',(62.23,-0.75,3.6));
#13997=CARTESIAN_POINT('',(62.08,-0.75,3.6));
#13998=VECTOR('',#13999,1.);
#13999=DIRECTION('',(1.,0.,0.));
#14000=CARTESIAN_POINT('',(62.23,0.75,3.6));
#14001=CARTESIAN_POINT('',(62.23,-0.75,3.6));
#14002=VECTOR('',#14003,1.);
#14003=DIRECTION('',(0.,1.,0.));
#14004=CARTESIAN_POINT('',(62.08,0.75,3.6));
#14005=CARTESIAN_POINT('',(62.23,0.75,3.6));
#14006=VECTOR('',#14007,1.);
#14007=DIRECTION('',(-1.,0.,0.));
#14008=CARTESIAN_POINT('',(61.7797778600214,1.27,3.6));
#14009=CARTESIAN_POINT('',(62.08,0.75,3.6));
#14010=VECTOR('',#14011,1.);
#14011=DIRECTION('',(-0.500000000000003,0.866025403784437,0.));
#14012=CARTESIAN_POINT('',(60.1402221399786,1.27,3.6));
#14013=CARTESIAN_POINT('',(61.7797778600214,1.27,3.6));
#14014=VECTOR('',#14015,1.);
#14015=DIRECTION('',(-1.,0.,0.));
#14016=CARTESIAN_POINT('',(59.84,0.75,3.6));
#14017=CARTESIAN_POINT('',(60.1402221399786,1.27,3.6));
#14018=VECTOR('',#14019,1.);
#14019=DIRECTION('',(-0.500000000000003,-0.866025403784437,0.));
#14020=CARTESIAN_POINT('',(59.54,0.75,3.6));
#14021=CARTESIAN_POINT('',(59.84,0.75,3.6));
#14022=VECTOR('',#14023,1.);
#14023=DIRECTION('',(-1.,0.,0.));
#14024=CARTESIAN_POINT('',(59.2397778600214,1.27,3.6));
#14025=CARTESIAN_POINT('',(59.54,0.75,3.6));
#14026=VECTOR('',#14027,1.);
#14027=DIRECTION('',(-0.500000000000003,0.866025403784437,0.));
#14028=CARTESIAN_POINT('',(57.6002221399786,1.27,3.6));
#14029=CARTESIAN_POINT('',(59.2397778600214,1.27,3.6));
#14030=VECTOR('',#14031,1.);
#14031=DIRECTION('',(-1.,0.,0.));
#14032=CARTESIAN_POINT('',(57.3,0.75,3.6));
#14033=CARTESIAN_POINT('',(57.6002221399786,1.27,3.6));
#14034=VECTOR('',#14035,1.);
#14035=DIRECTION('',(-0.500000000000003,-0.866025403784437,0.));
#14036=CARTESIAN_POINT('',(57.,0.75,3.6));
#14037=CARTESIAN_POINT('',(57.3,0.75,3.6));
#14038=VECTOR('',#14039,1.);
#14039=DIRECTION('',(-1.,0.,0.));
#14040=CARTESIAN_POINT('',(56.6997778600214,1.27,3.6));
#14041=CARTESIAN_POINT('',(57.,0.75,3.6));
#14042=VECTOR('',#14043,1.);
#14043=DIRECTION('',(-0.500000000000003,0.866025403784437,0.));
#14044=CARTESIAN_POINT('',(55.0602221399786,1.27,3.6));
#14045=CARTESIAN_POINT('',(56.6997778600214,1.27,3.6));
#14046=VECTOR('',#14047,1.);
#14047=DIRECTION('',(-1.,0.,0.));
#14048=CARTESIAN_POINT('',(54.76,0.75,3.6));
#14049=CARTESIAN_POINT('',(55.0602221399786,1.27,3.6));
#14050=VECTOR('',#14051,1.);
#14051=DIRECTION('',(-0.500000000000003,-0.866025403784437,0.));
#14052=CARTESIAN_POINT('',(54.46,0.75,3.6));
#14053=CARTESIAN_POINT('',(54.76,0.75,3.6));
#14054=VECTOR('',#14055,1.);
#14055=DIRECTION('',(-1.,0.,0.));
#14056=CARTESIAN_POINT('',(54.1597778600214,1.27,3.6));
#14057=CARTESIAN_POINT('',(54.46,0.75,3.6));
#14058=VECTOR('',#14059,1.);
#14059=DIRECTION('',(-0.500000000000003,0.866025403784437,0.));
#14060=CARTESIAN_POINT('',(52.5202221399786,1.27,3.6));
#14061=CARTESIAN_POINT('',(54.1597778600214,1.27,3.6));
#14062=VECTOR('',#14063,1.);
#14063=DIRECTION('',(-1.,0.,0.));
#14064=CARTESIAN_POINT('',(52.22,0.75,3.6));
#14065=CARTESIAN_POINT('',(52.5202221399786,1.27,3.6));
#14066=VECTOR('',#14067,1.);
#14067=DIRECTION('',(-0.500000000000003,-0.866025403784437,0.));
#14068=CARTESIAN_POINT('',(51.92,0.75,3.6));
#14069=CARTESIAN_POINT('',(52.22,0.75,3.6));
#14070=VECTOR('',#14071,1.);
#14071=DIRECTION('',(-1.,0.,0.));
#14072=CARTESIAN_POINT('',(51.6197778600214,1.27,3.6));
#14073=CARTESIAN_POINT('',(51.92,0.75,3.6));
#14074=VECTOR('',#14075,1.);
#14075=DIRECTION('',(-0.500000000000003,0.866025403784437,0.));
#14076=CARTESIAN_POINT('',(49.9802221399786,1.27,3.6));
#14077=CARTESIAN_POINT('',(51.6197778600214,1.27,3.6));
#14078=VECTOR('',#14079,1.);
#14079=DIRECTION('',(-1.,0.,0.));
#14080=CARTESIAN_POINT('',(49.68,0.75,3.6));
#14081=CARTESIAN_POINT('',(49.9802221399786,1.27,3.6));
#14082=VECTOR('',#14083,1.);
#14083=DIRECTION('',(-0.500000000000003,-0.866025403784437,0.));
#14084=CARTESIAN_POINT('',(49.38,0.75,3.6));
#14085=CARTESIAN_POINT('',(49.68,0.75,3.6));
#14086=VECTOR('',#14087,1.);
#14087=DIRECTION('',(-1.,0.,0.));
#14088=CARTESIAN_POINT('',(49.0797778600214,1.27,3.6));
#14089=CARTESIAN_POINT('',(49.38,0.75,3.6));
#14090=VECTOR('',#14091,1.);
#14091=DIRECTION('',(-0.500000000000003,0.866025403784437,0.));
#14092=CARTESIAN_POINT('',(47.4402221399786,1.27,3.6));
#14093=CARTESIAN_POINT('',(49.0797778600214,1.27,3.6));
#14094=VECTOR('',#14095,1.);
#14095=DIRECTION('',(-1.,0.,0.));
#14096=CARTESIAN_POINT('',(47.14,0.75,3.6));
#14097=CARTESIAN_POINT('',(47.4402221399786,1.27,3.6));
#14098=VECTOR('',#14099,1.);
#14099=DIRECTION('',(-0.500000000000003,-0.866025403784437,0.));
#14100=CARTESIAN_POINT('',(46.84,0.75,3.6));
#14101=CARTESIAN_POINT('',(47.14,0.75,3.6));
#14102=VECTOR('',#14103,1.);
#14103=DIRECTION('',(-1.,0.,0.));
#14104=CARTESIAN_POINT('',(46.5397778600214,1.27,3.6));
#14105=CARTESIAN_POINT('',(46.84,0.75,3.6));
#14106=VECTOR('',#14107,1.);
#14107=DIRECTION('',(-0.500000000000003,0.866025403784437,0.));
#14108=CARTESIAN_POINT('',(44.9002221399786,1.27,3.6));
#14109=CARTESIAN_POINT('',(46.5397778600214,1.27,3.6));
#14110=VECTOR('',#14111,1.);
#14111=DIRECTION('',(-1.,0.,0.));
#14112=CARTESIAN_POINT('',(44.6,0.75,3.6));
#14113=CARTESIAN_POINT('',(44.9002221399786,1.27,3.6));
#14114=VECTOR('',#14115,1.);
#14115=DIRECTION('',(-0.500000000000003,-0.866025403784437,0.));
#14116=CARTESIAN_POINT('',(44.3,0.75,3.6));
#14117=CARTESIAN_POINT('',(44.6,0.75,3.6));
#14118=VECTOR('',#14119,1.);
#14119=DIRECTION('',(-1.,0.,0.));
#14120=CARTESIAN_POINT('',(43.9997778600214,1.27,3.6));
#14121=CARTESIAN_POINT('',(44.3,0.75,3.6));
#14122=VECTOR('',#14123,1.);
#14123=DIRECTION('',(-0.500000000000003,0.866025403784437,0.));
#14124=CARTESIAN_POINT('',(42.3602221399786,1.27,3.6));
#14125=CARTESIAN_POINT('',(43.9997778600214,1.27,3.6));
#14126=VECTOR('',#14127,1.);
#14127=DIRECTION('',(-1.,0.,0.));
#14128=CARTESIAN_POINT('',(42.06,0.75,3.6));
#14129=CARTESIAN_POINT('',(42.3602221399786,1.27,3.6));
#14130=VECTOR('',#14131,1.);
#14131=DIRECTION('',(-0.500000000000003,-0.866025403784437,0.));
#14132=CARTESIAN_POINT('',(41.76,0.75,3.6));
#14133=CARTESIAN_POINT('',(42.06,0.75,3.6));
#14134=VECTOR('',#14135,1.);
#14135=DIRECTION('',(-1.,0.,0.));
#14136=CARTESIAN_POINT('',(41.4597778600214,1.27,3.6));
#14137=CARTESIAN_POINT('',(41.76,0.75,3.6));
#14138=VECTOR('',#14139,1.);
#14139=DIRECTION('',(-0.500000000000003,0.866025403784437,0.));
#14140=CARTESIAN_POINT('',(39.8202221399786,1.27,3.6));
#14141=CARTESIAN_POINT('',(41.4597778600214,1.27,3.6));
#14142=VECTOR('',#14143,1.);
#14143=DIRECTION('',(-1.,0.,0.));
#14144=CARTESIAN_POINT('',(39.52,0.75,3.6));
#14145=CARTESIAN_POINT('',(39.8202221399786,1.27,3.6));
#14146=VECTOR('',#14147,1.);
#14147=DIRECTION('',(-0.500000000000003,-0.866025403784437,0.));
#14148=CARTESIAN_POINT('',(39.22,0.75,3.6));
#14149=CARTESIAN_POINT('',(39.52,0.75,3.6));
#14150=VECTOR('',#14151,1.);
#14151=DIRECTION('',(-1.,0.,0.));
#14152=CARTESIAN_POINT('',(38.9197778600214,1.27,3.6));
#14153=CARTESIAN_POINT('',(39.22,0.75,3.6));
#14154=VECTOR('',#14155,1.);
#14155=DIRECTION('',(-0.500000000000003,0.866025403784437,0.));
#14156=CARTESIAN_POINT('',(37.2802221399786,1.27,3.6));
#14157=CARTESIAN_POINT('',(38.9197778600214,1.27,3.6));
#14158=VECTOR('',#14159,1.);
#14159=DIRECTION('',(-1.,0.,0.));
#14160=CARTESIAN_POINT('',(36.98,0.75,3.6));
#14161=CARTESIAN_POINT('',(37.2802221399786,1.27,3.6));
#14162=VECTOR('',#14163,1.);
#14163=DIRECTION('',(-0.500000000000003,-0.866025403784437,0.));
#14164=CARTESIAN_POINT('',(36.68,0.75,3.6));
#14165=CARTESIAN_POINT('',(36.98,0.75,3.6));
#14166=VECTOR('',#14167,1.);
#14167=DIRECTION('',(-1.,0.,0.));
#14168=CARTESIAN_POINT('',(36.3797778600214,1.27,3.6));
#14169=CARTESIAN_POINT('',(36.68,0.75,3.6));
#14170=VECTOR('',#14171,1.);
#14171=DIRECTION('',(-0.500000000000003,0.866025403784437,0.));
#14172=CARTESIAN_POINT('',(34.7402221399786,1.27,3.6));
#14173=CARTESIAN_POINT('',(36.3797778600214,1.27,3.6));
#14174=VECTOR('',#14175,1.);
#14175=DIRECTION('',(-1.,0.,0.));
#14176=CARTESIAN_POINT('',(34.44,0.75,3.6));
#14177=CARTESIAN_POINT('',(34.7402221399786,1.27,3.6));
#14178=VECTOR('',#14179,1.);
#14179=DIRECTION('',(-0.500000000000003,-0.866025403784437,0.));
#14180=CARTESIAN_POINT('',(34.14,0.75,3.6));
#14181=CARTESIAN_POINT('',(34.44,0.75,3.6));
#14182=VECTOR('',#14183,1.);
#14183=DIRECTION('',(-1.,0.,0.));
#14184=CARTESIAN_POINT('',(33.8397778600214,1.27,3.6));
#14185=CARTESIAN_POINT('',(34.14,0.75,3.6));
#14186=VECTOR('',#14187,1.);
#14187=DIRECTION('',(-0.500000000000003,0.866025403784437,0.));
#14188=CARTESIAN_POINT('',(32.2002221399786,1.27,3.6));
#14189=CARTESIAN_POINT('',(33.8397778600214,1.27,3.6));
#14190=VECTOR('',#14191,1.);
#14191=DIRECTION('',(-1.,0.,0.));
#14192=CARTESIAN_POINT('',(31.9,0.75,3.6));
#14193=CARTESIAN_POINT('',(32.2002221399786,1.27,3.6));
#14194=VECTOR('',#14195,1.);
#14195=DIRECTION('',(-0.499999999999999,-0.866025403784439,0.));
#14196=CARTESIAN_POINT('',(31.6,0.75,3.6));
#14197=CARTESIAN_POINT('',(31.9,0.75,3.6));
#14198=VECTOR('',#14199,1.);
#14199=DIRECTION('',(-1.,0.,0.));
#14200=CARTESIAN_POINT('',(31.2997778600214,1.27,3.6));
#14201=CARTESIAN_POINT('',(31.6,0.75,3.6));
#14202=VECTOR('',#14203,1.);
#14203=DIRECTION('',(-0.499999999999999,0.866025403784439,0.));
#14204=CARTESIAN_POINT('',(29.6602221399786,1.27,3.6));
#14205=CARTESIAN_POINT('',(31.2997778600214,1.27,3.6));
#14206=VECTOR('',#14207,1.);
#14207=DIRECTION('',(-1.,0.,0.));
#14208=CARTESIAN_POINT('',(29.36,0.75,3.6));
#14209=CARTESIAN_POINT('',(29.6602221399786,1.27,3.6));
#14210=VECTOR('',#14211,1.);
#14211=DIRECTION('',(-0.499999999999999,-0.866025403784439,0.));
#14212=CARTESIAN_POINT('',(29.06,0.75,3.6));
#14213=CARTESIAN_POINT('',(29.36,0.75,3.6));
#14214=VECTOR('',#14215,1.);
#14215=DIRECTION('',(-1.,0.,0.));
#14216=CARTESIAN_POINT('',(28.7597778600214,1.27,3.6));
#14217=CARTESIAN_POINT('',(29.06,0.75,3.6));
#14218=VECTOR('',#14219,1.);
#14219=DIRECTION('',(-0.499999999999999,0.866025403784439,0.));
#14220=CARTESIAN_POINT('',(27.1202221399786,1.27,3.6));
#14221=CARTESIAN_POINT('',(28.7597778600214,1.27,3.6));
#14222=VECTOR('',#14223,1.);
#14223=DIRECTION('',(-1.,0.,0.));
#14224=CARTESIAN_POINT('',(26.82,0.75,3.6));
#14225=CARTESIAN_POINT('',(27.1202221399786,1.27,3.6));
#14226=VECTOR('',#14227,1.);
#14227=DIRECTION('',(-0.499999999999999,-0.866025403784439,0.));
#14228=CARTESIAN_POINT('',(26.52,0.75,3.6));
#14229=CARTESIAN_POINT('',(26.82,0.75,3.6));
#14230=VECTOR('',#14231,1.);
#14231=DIRECTION('',(-1.,0.,0.));
#14232=CARTESIAN_POINT('',(26.2197778600214,1.27,3.6));
#14233=CARTESIAN_POINT('',(26.52,0.75,3.6));
#14234=VECTOR('',#14235,1.);
#14235=DIRECTION('',(-0.499999999999999,0.866025403784439,0.));
#14236=CARTESIAN_POINT('',(24.5802221399786,1.27,3.6));
#14237=CARTESIAN_POINT('',(26.2197778600214,1.27,3.6));
#14238=VECTOR('',#14239,1.);
#14239=DIRECTION('',(-1.,0.,0.));
#14240=CARTESIAN_POINT('',(24.28,0.75,3.6));
#14241=CARTESIAN_POINT('',(24.5802221399786,1.27,3.6));
#14242=VECTOR('',#14243,1.);
#14243=DIRECTION('',(-0.499999999999999,-0.866025403784439,0.));
#14244=CARTESIAN_POINT('',(23.98,0.75,3.6));
#14245=CARTESIAN_POINT('',(24.28,0.75,3.6));
#14246=VECTOR('',#14247,1.);
#14247=DIRECTION('',(-1.,0.,0.));
#14248=CARTESIAN_POINT('',(23.6797778600214,1.27,3.6));
#14249=CARTESIAN_POINT('',(23.98,0.75,3.6));
#14250=VECTOR('',#14251,1.);
#14251=DIRECTION('',(-0.499999999999999,0.866025403784439,0.));
#14252=CARTESIAN_POINT('',(22.0402221399786,1.27,3.6));
#14253=CARTESIAN_POINT('',(23.6797778600214,1.27,3.6));
#14254=VECTOR('',#14255,1.);
#14255=DIRECTION('',(-1.,0.,0.));
#14256=CARTESIAN_POINT('',(21.74,0.75,3.6));
#14257=CARTESIAN_POINT('',(22.0402221399786,1.27,3.6));
#14258=VECTOR('',#14259,1.);
#14259=DIRECTION('',(-0.499999999999999,-0.866025403784439,0.));
#14260=CARTESIAN_POINT('',(21.44,0.75,3.6));
#14261=CARTESIAN_POINT('',(21.74,0.75,3.6));
#14262=VECTOR('',#14263,1.);
#14263=DIRECTION('',(-1.,0.,0.));
#14264=CARTESIAN_POINT('',(21.1397778600214,1.27,3.6));
#14265=CARTESIAN_POINT('',(21.44,0.75,3.6));
#14266=VECTOR('',#14267,1.);
#14267=DIRECTION('',(-0.499999999999999,0.866025403784439,0.));
#14268=CARTESIAN_POINT('',(19.5002221399786,1.27,3.6));
#14269=CARTESIAN_POINT('',(21.1397778600214,1.27,3.6));
#14270=VECTOR('',#14271,1.);
#14271=DIRECTION('',(-1.,0.,0.));
#14272=CARTESIAN_POINT('',(19.2,0.75,3.6));
#14273=CARTESIAN_POINT('',(19.5002221399786,1.27,3.6));
#14274=VECTOR('',#14275,1.);
#14275=DIRECTION('',(-0.499999999999999,-0.866025403784439,0.));
#14276=CARTESIAN_POINT('',(18.9,0.75,3.6));
#14277=CARTESIAN_POINT('',(19.2,0.75,3.6));
#14278=VECTOR('',#14279,1.);
#14279=DIRECTION('',(-1.,0.,0.));
#14280=CARTESIAN_POINT('',(18.5997778600214,1.27,3.6));
#14281=CARTESIAN_POINT('',(18.9,0.75,3.6));
#14282=VECTOR('',#14283,1.);
#14283=DIRECTION('',(-0.499999999999999,0.866025403784439,0.));
#14284=CARTESIAN_POINT('',(16.9602221399786,1.27,3.6));
#14285=CARTESIAN_POINT('',(18.5997778600214,1.27,3.6));
#14286=VECTOR('',#14287,1.);
#14287=DIRECTION('',(-1.,0.,0.));
#14288=CARTESIAN_POINT('',(16.66,0.75,3.6));
#14289=CARTESIAN_POINT('',(16.9602221399786,1.27,3.6));
#14290=VECTOR('',#14291,1.);
#14291=DIRECTION('',(-0.499999999999999,-0.866025403784439,0.));
#14292=CARTESIAN_POINT('',(16.36,0.75,3.6));
#14293=CARTESIAN_POINT('',(16.66,0.75,3.6));
#14294=VECTOR('',#14295,1.);
#14295=DIRECTION('',(-1.,0.,0.));
#14296=CARTESIAN_POINT('',(16.0597778600214,1.27,3.6));
#14297=CARTESIAN_POINT('',(16.36,0.75,3.6));
#14298=VECTOR('',#14299,1.);
#14299=DIRECTION('',(-0.499999999999999,0.866025403784439,0.));
#14300=CARTESIAN_POINT('',(14.4202221399786,1.27,3.6));
#14301=CARTESIAN_POINT('',(16.0597778600214,1.27,3.6));
#14302=VECTOR('',#14303,1.);
#14303=DIRECTION('',(-1.,0.,0.));
#14304=CARTESIAN_POINT('',(14.12,0.75,3.6));
#14305=CARTESIAN_POINT('',(14.4202221399786,1.27,3.6));
#14306=VECTOR('',#14307,1.);
#14307=DIRECTION('',(-0.499999999999999,-0.866025403784439,0.));
#14308=CARTESIAN_POINT('',(13.82,0.75,3.6));
#14309=CARTESIAN_POINT('',(14.12,0.75,3.6));
#14310=VECTOR('',#14311,1.);
#14311=DIRECTION('',(-1.,0.,0.));
#14312=CARTESIAN_POINT('',(13.5197778600214,1.27,3.6));
#14313=CARTESIAN_POINT('',(13.82,0.75,3.6));
#14314=VECTOR('',#14315,1.);
#14315=DIRECTION('',(-0.500000000000001,0.866025403784438,0.));
#14316=CARTESIAN_POINT('',(11.8802221399786,1.27,3.6));
#14317=CARTESIAN_POINT('',(13.5197778600214,1.27,3.6));
#14318=VECTOR('',#14319,1.);
#14319=DIRECTION('',(-1.,0.,0.));
#14320=CARTESIAN_POINT('',(11.58,0.75,3.6));
#14321=CARTESIAN_POINT('',(11.8802221399786,1.27,3.6));
#14322=VECTOR('',#14323,1.);
#14323=DIRECTION('',(-0.499999999999999,-0.866025403784439,0.));
#14324=CARTESIAN_POINT('',(11.28,0.75,3.6));
#14325=CARTESIAN_POINT('',(11.58,0.75,3.6));
#14326=VECTOR('',#14327,1.);
#14327=DIRECTION('',(-1.,0.,0.));
#14328=CARTESIAN_POINT('',(10.9797778600214,1.27,3.6));
#14329=CARTESIAN_POINT('',(11.28,0.75,3.6));
#14330=VECTOR('',#14331,1.);
#14331=DIRECTION('',(-0.500000000000001,0.866025403784438,0.));
#14332=CARTESIAN_POINT('',(9.34022213997861,1.27,3.6));
#14333=CARTESIAN_POINT('',(10.9797778600214,1.27,3.6));
#14334=VECTOR('',#14335,1.);
#14335=DIRECTION('',(-1.,0.,0.));
#14336=CARTESIAN_POINT('',(9.04,0.75,3.6));
#14337=CARTESIAN_POINT('',(9.34022213997861,1.27,3.6));
#14338=VECTOR('',#14339,1.);
#14339=DIRECTION('',(-0.499999999999999,-0.866025403784439,0.));
#14340=CARTESIAN_POINT('',(8.74,0.75,3.6));
#14341=CARTESIAN_POINT('',(9.04,0.75,3.6));
#14342=VECTOR('',#14343,1.);
#14343=DIRECTION('',(-1.,0.,0.));
#14344=CARTESIAN_POINT('',(8.43977786002139,1.27,3.6));
#14345=CARTESIAN_POINT('',(8.74,0.75,3.6));
#14346=VECTOR('',#14347,1.);
#14347=DIRECTION('',(-0.500000000000001,0.866025403784438,0.));
#14348=CARTESIAN_POINT('',(6.80022213997861,1.27,3.6));
#14349=CARTESIAN_POINT('',(8.43977786002139,1.27,3.6));
#14350=VECTOR('',#14351,1.);
#14351=DIRECTION('',(-1.,0.,0.));
#14352=CARTESIAN_POINT('',(6.5,0.75,3.6));
#14353=CARTESIAN_POINT('',(6.80022213997861,1.27,3.6));
#14354=VECTOR('',#14355,1.);
#14355=DIRECTION('',(-0.5,-0.866025403784439,0.));
#14356=CARTESIAN_POINT('',(6.2,0.75,3.6));
#14357=CARTESIAN_POINT('',(6.5,0.75,3.6));
#14358=VECTOR('',#14359,1.);
#14359=DIRECTION('',(-1.,0.,0.));
#14360=CARTESIAN_POINT('',(5.89977786002139,1.27,3.6));
#14361=CARTESIAN_POINT('',(6.2,0.75,3.6));
#14362=VECTOR('',#14363,1.);
#14363=DIRECTION('',(-0.5,0.866025403784439,0.));
#14364=CARTESIAN_POINT('',(4.26022213997861,1.27,3.6));
#14365=CARTESIAN_POINT('',(5.89977786002139,1.27,3.6));
#14366=VECTOR('',#14367,1.);
#14367=DIRECTION('',(-1.,0.,0.));
#14368=CARTESIAN_POINT('',(3.96,0.75,3.6));
#14369=CARTESIAN_POINT('',(4.26022213997861,1.27,3.6));
#14370=VECTOR('',#14371,1.);
#14371=DIRECTION('',(-0.5,-0.866025403784439,0.));
#14372=CARTESIAN_POINT('',(3.66,0.75,3.6));
#14373=CARTESIAN_POINT('',(3.96,0.75,3.6));
#14374=VECTOR('',#14375,1.);
#14375=DIRECTION('',(-1.,0.,0.));
#14376=CARTESIAN_POINT('',(3.35977786002139,1.27,3.6));
#14377=CARTESIAN_POINT('',(3.66,0.75,3.6));
#14378=VECTOR('',#14379,1.);
#14379=DIRECTION('',(-0.5,0.866025403784439,0.));
#14380=CARTESIAN_POINT('',(1.72022213997861,1.27,3.6));
#14381=CARTESIAN_POINT('',(3.35977786002139,1.27,3.6));
#14382=VECTOR('',#14383,1.);
#14383=DIRECTION('',(-1.,0.,0.));
#14384=CARTESIAN_POINT('',(1.42,0.75,3.6));
#14385=CARTESIAN_POINT('',(1.72022213997861,1.27,3.6));
#14386=VECTOR('',#14387,1.);
#14387=DIRECTION('',(-0.5,-0.866025403784439,0.));
#14388=CARTESIAN_POINT('',(1.12,0.75,3.6));
#14389=CARTESIAN_POINT('',(1.42,0.75,3.6));
#14390=VECTOR('',#14391,1.);
#14391=DIRECTION('',(-1.,0.,0.));
#14392=CARTESIAN_POINT('',(0.819777860021394,1.27,3.6));
#14393=CARTESIAN_POINT('',(1.12,0.75,3.6));
#14394=VECTOR('',#14395,1.);
#14395=DIRECTION('',(-0.5,0.866025403784438,0.));
#14396=CARTESIAN_POINT('',(-0.819777860021395,1.27,3.6));
#14397=CARTESIAN_POINT('',(0.819777860021394,1.27,3.6));
#14398=VECTOR('',#14399,1.);
#14399=DIRECTION('',(-1.,0.,0.));
#14400=CARTESIAN_POINT('',(-1.12,0.75,3.6));
#14401=CARTESIAN_POINT('',(-0.819777860021395,1.27,3.6));
#14402=VECTOR('',#14403,1.);
#14403=DIRECTION('',(-0.5,-0.866025403784439,0.));
#14404=CARTESIAN_POINT('',(-1.27,0.75,3.6));
#14405=CARTESIAN_POINT('',(-1.12,0.75,3.6));
#14406=VECTOR('',#14407,1.);
#14407=DIRECTION('',(-1.,0.,0.));
#14408=CARTESIAN_POINT('',(-1.27,0.75,3.6));
#14409=VECTOR('',#14410,1.);
#14410=DIRECTION('',(0.,-1.,0.));
#14411=CARTESIAN_POINT('',(3.44,0.,3.6));
#14412=AXIS2_PLACEMENT_3D('',#14413,#14414,#14415);
#14413=CARTESIAN_POINT('',(2.54,0.,3.6));
#14414=DIRECTION('',(0.,0.,1.));
#14415=DIRECTION('',(1.,0.,0.));
#14416=CARTESIAN_POINT('',(5.98,0.,3.6));
#14417=AXIS2_PLACEMENT_3D('',#14418,#14419,#14420);
#14418=CARTESIAN_POINT('',(5.08,0.,3.6));
#14419=DIRECTION('',(0.,0.,1.));
#14420=DIRECTION('',(1.,0.,0.));
#14421=CARTESIAN_POINT('',(8.52,0.,3.6));
#14422=AXIS2_PLACEMENT_3D('',#14423,#14424,#14425);
#14423=CARTESIAN_POINT('',(7.62,0.,3.6));
#14424=DIRECTION('',(0.,0.,1.));
#14425=DIRECTION('',(1.,0.,0.));
#14426=CARTESIAN_POINT('',(11.06,0.,3.6));
#14427=AXIS2_PLACEMENT_3D('',#14428,#14429,#14430);
#14428=CARTESIAN_POINT('',(10.16,0.,3.6));
#14429=DIRECTION('',(0.,0.,1.));
#14430=DIRECTION('',(1.,0.,0.));
#14431=CARTESIAN_POINT('',(13.6,0.,3.6));
#14432=AXIS2_PLACEMENT_3D('',#14433,#14434,#14435);
#14433=CARTESIAN_POINT('',(12.7,0.,3.6));
#14434=DIRECTION('',(0.,0.,1.));
#14435=DIRECTION('',(1.,0.,0.));
#14436=CARTESIAN_POINT('',(16.14,0.,3.6));
#14437=AXIS2_PLACEMENT_3D('',#14438,#14439,#14440);
#14438=CARTESIAN_POINT('',(15.24,0.,3.6));
#14439=DIRECTION('',(0.,0.,1.));
#14440=DIRECTION('',(1.,0.,0.));
#14441=CARTESIAN_POINT('',(18.68,0.,3.6));
#14442=AXIS2_PLACEMENT_3D('',#14443,#14444,#14445);
#14443=CARTESIAN_POINT('',(17.78,0.,3.6));
#14444=DIRECTION('',(0.,0.,1.));
#14445=DIRECTION('',(1.,0.,0.));
#14446=CARTESIAN_POINT('',(21.22,0.,3.6));
#14447=AXIS2_PLACEMENT_3D('',#14448,#14449,#14450);
#14448=CARTESIAN_POINT('',(20.32,0.,3.6));
#14449=DIRECTION('',(0.,0.,1.));
#14450=DIRECTION('',(1.,0.,0.));
#14451=CARTESIAN_POINT('',(23.76,0.,3.6));
#14452=AXIS2_PLACEMENT_3D('',#14453,#14454,#14455);
#14453=CARTESIAN_POINT('',(22.86,0.,3.6));
#14454=DIRECTION('',(0.,0.,1.));
#14455=DIRECTION('',(1.,0.,0.));
#14456=CARTESIAN_POINT('',(26.3,0.,3.6));
#14457=AXIS2_PLACEMENT_3D('',#14458,#14459,#14460);
#14458=CARTESIAN_POINT('',(25.4,0.,3.6));
#14459=DIRECTION('',(0.,0.,1.));
#14460=DIRECTION('',(1.,0.,0.));
#14461=CARTESIAN_POINT('',(28.84,0.,3.6));
#14462=AXIS2_PLACEMENT_3D('',#14463,#14464,#14465);
#14463=CARTESIAN_POINT('',(27.94,0.,3.6));
#14464=DIRECTION('',(0.,0.,1.));
#14465=DIRECTION('',(1.,0.,0.));
#14466=CARTESIAN_POINT('',(31.38,0.,3.6));
#14467=AXIS2_PLACEMENT_3D('',#14468,#14469,#14470);
#14468=CARTESIAN_POINT('',(30.48,0.,3.6));
#14469=DIRECTION('',(0.,0.,1.));
#14470=DIRECTION('',(1.,0.,0.));
#14471=CARTESIAN_POINT('',(33.92,0.,3.6));
#14472=AXIS2_PLACEMENT_3D('',#14473,#14474,#14475);
#14473=CARTESIAN_POINT('',(33.02,0.,3.6));
#14474=DIRECTION('',(0.,0.,1.));
#14475=DIRECTION('',(1.,0.,0.));
#14476=CARTESIAN_POINT('',(36.46,0.,3.6));
#14477=AXIS2_PLACEMENT_3D('',#14478,#14479,#14480);
#14478=CARTESIAN_POINT('',(35.56,0.,3.6));
#14479=DIRECTION('',(0.,0.,1.));
#14480=DIRECTION('',(1.,0.,0.));
#14481=CARTESIAN_POINT('',(39.,0.,3.6));
#14482=AXIS2_PLACEMENT_3D('',#14483,#14484,#14485);
#14483=CARTESIAN_POINT('',(38.1,0.,3.6));
#14484=DIRECTION('',(0.,0.,1.));
#14485=DIRECTION('',(1.,0.,0.));
#14486=CARTESIAN_POINT('',(41.54,0.,3.6));
#14487=AXIS2_PLACEMENT_3D('',#14488,#14489,#14490);
#14488=CARTESIAN_POINT('',(40.64,0.,3.6));
#14489=DIRECTION('',(0.,0.,1.));
#14490=DIRECTION('',(1.,0.,0.));
#14491=CARTESIAN_POINT('',(44.08,0.,3.6));
#14492=AXIS2_PLACEMENT_3D('',#14493,#14494,#14495);
#14493=CARTESIAN_POINT('',(43.18,0.,3.6));
#14494=DIRECTION('',(0.,0.,1.));
#14495=DIRECTION('',(1.,0.,0.));
#14496=CARTESIAN_POINT('',(46.62,0.,3.6));
#14497=AXIS2_PLACEMENT_3D('',#14498,#14499,#14500);
#14498=CARTESIAN_POINT('',(45.72,0.,3.6));
#14499=DIRECTION('',(0.,0.,1.));
#14500=DIRECTION('',(1.,0.,0.));
#14501=CARTESIAN_POINT('',(49.16,0.,3.6));
#14502=AXIS2_PLACEMENT_3D('',#14503,#14504,#14505);
#14503=CARTESIAN_POINT('',(48.26,0.,3.6));
#14504=DIRECTION('',(0.,0.,1.));
#14505=DIRECTION('',(1.,0.,0.));
#14506=CARTESIAN_POINT('',(51.7,0.,3.6));
#14507=AXIS2_PLACEMENT_3D('',#14508,#14509,#14510);
#14508=CARTESIAN_POINT('',(50.8,0.,3.6));
#14509=DIRECTION('',(0.,0.,1.));
#14510=DIRECTION('',(1.,0.,0.));
#14511=CARTESIAN_POINT('',(54.24,0.,3.6));
#14512=AXIS2_PLACEMENT_3D('',#14513,#14514,#14515);
#14513=CARTESIAN_POINT('',(53.34,0.,3.6));
#14514=DIRECTION('',(0.,0.,1.));
#14515=DIRECTION('',(1.,0.,0.));
#14516=CARTESIAN_POINT('',(56.78,0.,3.6));
#14517=AXIS2_PLACEMENT_3D('',#14518,#14519,#14520);
#14518=CARTESIAN_POINT('',(55.88,0.,3.6));
#14519=DIRECTION('',(0.,0.,1.));
#14520=DIRECTION('',(1.,0.,0.));
#14521=CARTESIAN_POINT('',(59.32,0.,3.6));
#14522=AXIS2_PLACEMENT_3D('',#14523,#14524,#14525);
#14523=CARTESIAN_POINT('',(58.42,0.,3.6));
#14524=DIRECTION('',(0.,0.,1.));
#14525=DIRECTION('',(1.,0.,0.));
#14526=CARTESIAN_POINT('',(61.86,0.,3.6));
#14527=AXIS2_PLACEMENT_3D('',#14528,#14529,#14530);
#14528=CARTESIAN_POINT('',(60.96,0.,3.6));
#14529=DIRECTION('',(0.,0.,1.));
#14530=DIRECTION('',(1.,0.,0.));
#14531=CARTESIAN_POINT('',(0.9,0.,3.6));
#14532=AXIS2_PLACEMENT_3D('',#14533,#14534,#14535);
#14533=CARTESIAN_POINT('',(0.,0.,3.6));
#14534=DIRECTION('',(0.,0.,1.));
#14535=DIRECTION('',(1.,0.,0.));
#14536=CARTESIAN_POINT('',(61.86,0.,3.1));
#14537=AXIS2_PLACEMENT_3D('',#14538,#14539,#14540);
#14538=CARTESIAN_POINT('',(60.96,0.,3.1));
#14539=DIRECTION('',(0.,0.,1.));
#14540=DIRECTION('',(1.,0.,0.));
#14541=CARTESIAN_POINT('',(59.32,0.,3.1));
#14542=AXIS2_PLACEMENT_3D('',#14543,#14544,#14545);
#14543=CARTESIAN_POINT('',(58.42,0.,3.1));
#14544=DIRECTION('',(0.,0.,1.));
#14545=DIRECTION('',(1.,0.,0.));
#14546=CARTESIAN_POINT('',(56.78,0.,3.1));
#14547=AXIS2_PLACEMENT_3D('',#14548,#14549,#14550);
#14548=CARTESIAN_POINT('',(55.88,0.,3.1));
#14549=DIRECTION('',(0.,0.,1.));
#14550=DIRECTION('',(1.,0.,0.));
#14551=CARTESIAN_POINT('',(54.24,0.,3.1));
#14552=AXIS2_PLACEMENT_3D('',#14553,#14554,#14555);
#14553=CARTESIAN_POINT('',(53.34,0.,3.1));
#14554=DIRECTION('',(0.,0.,1.));
#14555=DIRECTION('',(1.,0.,0.));
#14556=CARTESIAN_POINT('',(51.7,0.,3.1));
#14557=AXIS2_PLACEMENT_3D('',#14558,#14559,#14560);
#14558=CARTESIAN_POINT('',(50.8,0.,3.1));
#14559=DIRECTION('',(0.,0.,1.));
#14560=DIRECTION('',(1.,0.,0.));
#14561=CARTESIAN_POINT('',(49.16,0.,3.1));
#14562=AXIS2_PLACEMENT_3D('',#14563,#14564,#14565);
#14563=CARTESIAN_POINT('',(48.26,0.,3.1));
#14564=DIRECTION('',(0.,0.,1.));
#14565=DIRECTION('',(1.,0.,0.));
#14566=CARTESIAN_POINT('',(46.62,0.,3.1));
#14567=AXIS2_PLACEMENT_3D('',#14568,#14569,#14570);
#14568=CARTESIAN_POINT('',(45.72,0.,3.1));
#14569=DIRECTION('',(0.,0.,1.));
#14570=DIRECTION('',(1.,0.,0.));
#14571=CARTESIAN_POINT('',(44.08,0.,3.1));
#14572=AXIS2_PLACEMENT_3D('',#14573,#14574,#14575);
#14573=CARTESIAN_POINT('',(43.18,0.,3.1));
#14574=DIRECTION('',(0.,0.,1.));
#14575=DIRECTION('',(1.,0.,0.));
#14576=CARTESIAN_POINT('',(41.54,0.,3.1));
#14577=AXIS2_PLACEMENT_3D('',#14578,#14579,#14580);
#14578=CARTESIAN_POINT('',(40.64,0.,3.1));
#14579=DIRECTION('',(0.,0.,1.));
#14580=DIRECTION('',(1.,0.,0.));
#14581=CARTESIAN_POINT('',(39.,0.,3.1));
#14582=AXIS2_PLACEMENT_3D('',#14583,#14584,#14585);
#14583=CARTESIAN_POINT('',(38.1,0.,3.1));
#14584=DIRECTION('',(0.,0.,1.));
#14585=DIRECTION('',(1.,0.,0.));
#14586=CARTESIAN_POINT('',(36.46,0.,3.1));
#14587=AXIS2_PLACEMENT_3D('',#14588,#14589,#14590);
#14588=CARTESIAN_POINT('',(35.56,0.,3.1));
#14589=DIRECTION('',(0.,0.,1.));
#14590=DIRECTION('',(1.,0.,0.));
#14591=CARTESIAN_POINT('',(33.92,0.,3.1));
#14592=AXIS2_PLACEMENT_3D('',#14593,#14594,#14595);
#14593=CARTESIAN_POINT('',(33.02,0.,3.1));
#14594=DIRECTION('',(0.,0.,1.));
#14595=DIRECTION('',(1.,0.,0.));
#14596=CARTESIAN_POINT('',(31.38,0.,3.1));
#14597=AXIS2_PLACEMENT_3D('',#14598,#14599,#14600);
#14598=CARTESIAN_POINT('',(30.48,0.,3.1));
#14599=DIRECTION('',(0.,0.,1.));
#14600=DIRECTION('',(1.,0.,0.));
#14601=CARTESIAN_POINT('',(28.84,0.,3.1));
#14602=AXIS2_PLACEMENT_3D('',#14603,#14604,#14605);
#14603=CARTESIAN_POINT('',(27.94,0.,3.1));
#14604=DIRECTION('',(0.,0.,1.));
#14605=DIRECTION('',(1.,0.,0.));
#14606=CARTESIAN_POINT('',(26.3,0.,3.1));
#14607=AXIS2_PLACEMENT_3D('',#14608,#14609,#14610);
#14608=CARTESIAN_POINT('',(25.4,0.,3.1));
#14609=DIRECTION('',(0.,0.,1.));
#14610=DIRECTION('',(1.,0.,0.));
#14611=CARTESIAN_POINT('',(23.76,0.,3.1));
#14612=AXIS2_PLACEMENT_3D('',#14613,#14614,#14615);
#14613=CARTESIAN_POINT('',(22.86,0.,3.1));
#14614=DIRECTION('',(0.,0.,1.));
#14615=DIRECTION('',(1.,0.,0.));
#14616=CARTESIAN_POINT('',(21.22,0.,3.1));
#14617=AXIS2_PLACEMENT_3D('',#14618,#14619,#14620);
#14618=CARTESIAN_POINT('',(20.32,0.,3.1));
#14619=DIRECTION('',(0.,0.,1.));
#14620=DIRECTION('',(1.,0.,0.));
#14621=CARTESIAN_POINT('',(18.68,0.,3.1));
#14622=AXIS2_PLACEMENT_3D('',#14623,#14624,#14625);
#14623=CARTESIAN_POINT('',(17.78,0.,3.1));
#14624=DIRECTION('',(0.,0.,1.));
#14625=DIRECTION('',(1.,0.,0.));
#14626=CARTESIAN_POINT('',(16.14,0.,3.1));
#14627=AXIS2_PLACEMENT_3D('',#14628,#14629,#14630);
#14628=CARTESIAN_POINT('',(15.24,0.,3.1));
#14629=DIRECTION('',(0.,0.,1.));
#14630=DIRECTION('',(1.,0.,0.));
#14631=CARTESIAN_POINT('',(13.6,0.,3.1));
#14632=AXIS2_PLACEMENT_3D('',#14633,#14634,#14635);
#14633=CARTESIAN_POINT('',(12.7,0.,3.1));
#14634=DIRECTION('',(0.,0.,1.));
#14635=DIRECTION('',(1.,0.,0.));
#14636=CARTESIAN_POINT('',(11.06,0.,3.1));
#14637=AXIS2_PLACEMENT_3D('',#14638,#14639,#14640);
#14638=CARTESIAN_POINT('',(10.16,0.,3.1));
#14639=DIRECTION('',(0.,0.,1.));
#14640=DIRECTION('',(1.,0.,0.));
#14641=CARTESIAN_POINT('',(8.52,0.,3.1));
#14642=AXIS2_PLACEMENT_3D('',#14643,#14644,#14645);
#14643=CARTESIAN_POINT('',(7.62,0.,3.1));
#14644=DIRECTION('',(0.,0.,1.));
#14645=DIRECTION('',(1.,0.,0.));
#14646=CARTESIAN_POINT('',(5.98,0.,3.1));
#14647=AXIS2_PLACEMENT_3D('',#14648,#14649,#14650);
#14648=CARTESIAN_POINT('',(5.08,0.,3.1));
#14649=DIRECTION('',(0.,0.,1.));
#14650=DIRECTION('',(1.,0.,0.));
#14651=CARTESIAN_POINT('',(3.44,0.,3.1));
#14652=AXIS2_PLACEMENT_3D('',#14653,#14654,#14655);
#14653=CARTESIAN_POINT('',(2.54,0.,3.1));
#14654=DIRECTION('',(0.,0.,1.));
#14655=DIRECTION('',(1.,0.,0.));
#14656=CARTESIAN_POINT('',(-1.27,0.75,0.6));
#14657=CARTESIAN_POINT('',(-1.27,-0.75,0.6));
#14658=CARTESIAN_POINT('',(-1.27,0.75,0.6));
#14659=VECTOR('',#14660,1.);
#14660=DIRECTION('',(0.,-1.,0.));
#14661=CARTESIAN_POINT('',(-1.12,0.75,0.6));
#14662=CARTESIAN_POINT('',(-1.12,0.75,0.6));
#14663=VECTOR('',#14664,1.);
#14664=DIRECTION('',(-1.,0.,0.));
#14665=CARTESIAN_POINT('',(-0.819777860021395,1.27,0.6));
#14666=CARTESIAN_POINT('',(-0.819777860021395,1.27,0.6));
#14667=VECTOR('',#14668,1.);
#14668=DIRECTION('',(-0.5,-0.866025403784439,0.));
#14669=CARTESIAN_POINT('',(0.819777860021394,1.27,0.6));
#14670=CARTESIAN_POINT('',(0.819777860021394,1.27,0.6));
#14671=VECTOR('',#14672,1.);
#14672=DIRECTION('',(-1.,0.,0.));
#14673=CARTESIAN_POINT('',(1.12,0.75,0.6));
#14674=CARTESIAN_POINT('',(1.12,0.75,0.6));
#14675=VECTOR('',#14676,1.);
#14676=DIRECTION('',(-0.5,0.866025403784438,0.));
#14677=CARTESIAN_POINT('',(1.42,0.75,0.6));
#14678=CARTESIAN_POINT('',(1.42,0.75,0.6));
#14679=VECTOR('',#14680,1.);
#14680=DIRECTION('',(-1.,0.,0.));
#14681=CARTESIAN_POINT('',(1.72022213997861,1.27,0.6));
#14682=CARTESIAN_POINT('',(1.72022213997861,1.27,0.6));
#14683=VECTOR('',#14684,1.);
#14684=DIRECTION('',(-0.5,-0.866025403784439,0.));
#14685=CARTESIAN_POINT('',(3.35977786002139,1.27,0.6));
#14686=CARTESIAN_POINT('',(3.35977786002139,1.27,0.6));
#14687=VECTOR('',#14688,1.);
#14688=DIRECTION('',(-1.,0.,0.));
#14689=CARTESIAN_POINT('',(3.66,0.75,0.6));
#14690=CARTESIAN_POINT('',(3.66,0.75,0.6));
#14691=VECTOR('',#14692,1.);
#14692=DIRECTION('',(-0.5,0.866025403784439,0.));
#14693=CARTESIAN_POINT('',(3.96,0.75,0.6));
#14694=CARTESIAN_POINT('',(3.96,0.75,0.6));
#14695=VECTOR('',#14696,1.);
#14696=DIRECTION('',(-1.,0.,0.));
#14697=CARTESIAN_POINT('',(4.26022213997861,1.27,0.6));
#14698=CARTESIAN_POINT('',(4.26022213997861,1.27,0.6));
#14699=VECTOR('',#14700,1.);
#14700=DIRECTION('',(-0.5,-0.866025403784439,0.));
#14701=CARTESIAN_POINT('',(5.89977786002139,1.27,0.6));
#14702=CARTESIAN_POINT('',(5.89977786002139,1.27,0.6));
#14703=VECTOR('',#14704,1.);
#14704=DIRECTION('',(-1.,0.,0.));
#14705=CARTESIAN_POINT('',(6.2,0.75,0.6));
#14706=CARTESIAN_POINT('',(6.2,0.75,0.6));
#14707=VECTOR('',#14708,1.);
#14708=DIRECTION('',(-0.5,0.866025403784439,0.));
#14709=CARTESIAN_POINT('',(6.5,0.75,0.6));
#14710=CARTESIAN_POINT('',(6.5,0.75,0.6));
#14711=VECTOR('',#14712,1.);
#14712=DIRECTION('',(-1.,0.,0.));
#14713=CARTESIAN_POINT('',(6.80022213997861,1.27,0.6));
#14714=CARTESIAN_POINT('',(6.80022213997861,1.27,0.6));
#14715=VECTOR('',#14716,1.);
#14716=DIRECTION('',(-0.5,-0.866025403784439,0.));
#14717=CARTESIAN_POINT('',(8.43977786002139,1.27,0.6));
#14718=CARTESIAN_POINT('',(8.43977786002139,1.27,0.6));
#14719=VECTOR('',#14720,1.);
#14720=DIRECTION('',(-1.,0.,0.));
#14721=CARTESIAN_POINT('',(8.74,0.75,0.6));
#14722=CARTESIAN_POINT('',(8.74,0.75,0.6));
#14723=VECTOR('',#14724,1.);
#14724=DIRECTION('',(-0.500000000000001,0.866025403784438,0.));
#14725=CARTESIAN_POINT('',(9.04,0.75,0.6));
#14726=CARTESIAN_POINT('',(9.04,0.75,0.6));
#14727=VECTOR('',#14728,1.);
#14728=DIRECTION('',(-1.,0.,0.));
#14729=CARTESIAN_POINT('',(9.34022213997861,1.27,0.6));
#14730=CARTESIAN_POINT('',(9.34022213997861,1.27,0.6));
#14731=VECTOR('',#14732,1.);
#14732=DIRECTION('',(-0.499999999999999,-0.866025403784439,0.));
#14733=CARTESIAN_POINT('',(10.9797778600214,1.27,0.6));
#14734=CARTESIAN_POINT('',(10.9797778600214,1.27,0.6));
#14735=VECTOR('',#14736,1.);
#14736=DIRECTION('',(-1.,0.,0.));
#14737=CARTESIAN_POINT('',(11.28,0.75,0.6));
#14738=CARTESIAN_POINT('',(11.28,0.75,0.6));
#14739=VECTOR('',#14740,1.);
#14740=DIRECTION('',(-0.500000000000001,0.866025403784438,0.));
#14741=CARTESIAN_POINT('',(11.58,0.75,0.6));
#14742=CARTESIAN_POINT('',(11.58,0.75,0.6));
#14743=VECTOR('',#14744,1.);
#14744=DIRECTION('',(-1.,0.,0.));
#14745=CARTESIAN_POINT('',(11.8802221399786,1.27,0.6));
#14746=CARTESIAN_POINT('',(11.8802221399786,1.27,0.6));
#14747=VECTOR('',#14748,1.);
#14748=DIRECTION('',(-0.499999999999999,-0.866025403784439,0.));
#14749=CARTESIAN_POINT('',(13.5197778600214,1.27,0.6));
#14750=CARTESIAN_POINT('',(13.5197778600214,1.27,0.6));
#14751=VECTOR('',#14752,1.);
#14752=DIRECTION('',(-1.,0.,0.));
#14753=CARTESIAN_POINT('',(13.82,0.75,0.6));
#14754=CARTESIAN_POINT('',(13.82,0.75,0.6));
#14755=VECTOR('',#14756,1.);
#14756=DIRECTION('',(-0.500000000000001,0.866025403784438,0.));
#14757=CARTESIAN_POINT('',(14.12,0.75,0.6));
#14758=CARTESIAN_POINT('',(14.12,0.75,0.6));
#14759=VECTOR('',#14760,1.);
#14760=DIRECTION('',(-1.,0.,0.));
#14761=CARTESIAN_POINT('',(14.4202221399786,1.27,0.6));
#14762=CARTESIAN_POINT('',(14.4202221399786,1.27,0.6));
#14763=VECTOR('',#14764,1.);
#14764=DIRECTION('',(-0.499999999999999,-0.866025403784439,0.));
#14765=CARTESIAN_POINT('',(16.0597778600214,1.27,0.6));
#14766=CARTESIAN_POINT('',(16.0597778600214,1.27,0.6));
#14767=VECTOR('',#14768,1.);
#14768=DIRECTION('',(-1.,0.,0.));
#14769=CARTESIAN_POINT('',(16.36,0.75,0.6));
#14770=CARTESIAN_POINT('',(16.36,0.75,0.6));
#14771=VECTOR('',#14772,1.);
#14772=DIRECTION('',(-0.499999999999999,0.866025403784439,0.));
#14773=CARTESIAN_POINT('',(16.66,0.75,0.6));
#14774=CARTESIAN_POINT('',(16.66,0.75,0.6));
#14775=VECTOR('',#14776,1.);
#14776=DIRECTION('',(-1.,0.,0.));
#14777=CARTESIAN_POINT('',(16.9602221399786,1.27,0.6));
#14778=CARTESIAN_POINT('',(16.9602221399786,1.27,0.6));
#14779=VECTOR('',#14780,1.);
#14780=DIRECTION('',(-0.499999999999999,-0.866025403784439,0.));
#14781=CARTESIAN_POINT('',(18.5997778600214,1.27,0.6));
#14782=CARTESIAN_POINT('',(18.5997778600214,1.27,0.6));
#14783=VECTOR('',#14784,1.);
#14784=DIRECTION('',(-1.,0.,0.));
#14785=CARTESIAN_POINT('',(18.9,0.75,0.6));
#14786=CARTESIAN_POINT('',(18.9,0.75,0.6));
#14787=VECTOR('',#14788,1.);
#14788=DIRECTION('',(-0.499999999999999,0.866025403784439,0.));
#14789=CARTESIAN_POINT('',(19.2,0.75,0.6));
#14790=CARTESIAN_POINT('',(19.2,0.75,0.6));
#14791=VECTOR('',#14792,1.);
#14792=DIRECTION('',(-1.,0.,0.));
#14793=CARTESIAN_POINT('',(19.5002221399786,1.27,0.6));
#14794=CARTESIAN_POINT('',(19.5002221399786,1.27,0.6));
#14795=VECTOR('',#14796,1.);
#14796=DIRECTION('',(-0.499999999999999,-0.866025403784439,0.));
#14797=CARTESIAN_POINT('',(21.1397778600214,1.27,0.6));
#14798=CARTESIAN_POINT('',(21.1397778600214,1.27,0.6));
#14799=VECTOR('',#14800,1.);
#14800=DIRECTION('',(-1.,0.,0.));
#14801=CARTESIAN_POINT('',(21.44,0.75,0.6));
#14802=CARTESIAN_POINT('',(21.44,0.75,0.6));
#14803=VECTOR('',#14804,1.);
#14804=DIRECTION('',(-0.499999999999999,0.866025403784439,0.));
#14805=CARTESIAN_POINT('',(21.74,0.75,0.6));
#14806=CARTESIAN_POINT('',(21.74,0.75,0.6));
#14807=VECTOR('',#14808,1.);
#14808=DIRECTION('',(-1.,0.,0.));
#14809=CARTESIAN_POINT('',(22.0402221399786,1.27,0.6));
#14810=CARTESIAN_POINT('',(22.0402221399786,1.27,0.6));
#14811=VECTOR('',#14812,1.);
#14812=DIRECTION('',(-0.499999999999999,-0.866025403784439,0.));
#14813=CARTESIAN_POINT('',(23.6797778600214,1.27,0.6));
#14814=CARTESIAN_POINT('',(23.6797778600214,1.27,0.6));
#14815=VECTOR('',#14816,1.);
#14816=DIRECTION('',(-1.,0.,0.));
#14817=CARTESIAN_POINT('',(23.98,0.75,0.6));
#14818=CARTESIAN_POINT('',(23.98,0.75,0.6));
#14819=VECTOR('',#14820,1.);
#14820=DIRECTION('',(-0.499999999999999,0.866025403784439,0.));
#14821=CARTESIAN_POINT('',(24.28,0.75,0.6));
#14822=CARTESIAN_POINT('',(24.28,0.75,0.6));
#14823=VECTOR('',#14824,1.);
#14824=DIRECTION('',(-1.,0.,0.));
#14825=CARTESIAN_POINT('',(24.5802221399786,1.27,0.6));
#14826=CARTESIAN_POINT('',(24.5802221399786,1.27,0.6));
#14827=VECTOR('',#14828,1.);
#14828=DIRECTION('',(-0.499999999999999,-0.866025403784439,0.));
#14829=CARTESIAN_POINT('',(26.2197778600214,1.27,0.6));
#14830=CARTESIAN_POINT('',(26.2197778600214,1.27,0.6));
#14831=VECTOR('',#14832,1.);
#14832=DIRECTION('',(-1.,0.,0.));
#14833=CARTESIAN_POINT('',(26.52,0.75,0.6));
#14834=CARTESIAN_POINT('',(26.52,0.75,0.6));
#14835=VECTOR('',#14836,1.);
#14836=DIRECTION('',(-0.499999999999999,0.866025403784439,0.));
#14837=CARTESIAN_POINT('',(26.82,0.75,0.6));
#14838=CARTESIAN_POINT('',(26.82,0.75,0.6));
#14839=VECTOR('',#14840,1.);
#14840=DIRECTION('',(-1.,0.,0.));
#14841=CARTESIAN_POINT('',(27.1202221399786,1.27,0.6));
#14842=CARTESIAN_POINT('',(27.1202221399786,1.27,0.6));
#14843=VECTOR('',#14844,1.);
#14844=DIRECTION('',(-0.499999999999999,-0.866025403784439,0.));
#14845=CARTESIAN_POINT('',(28.7597778600214,1.27,0.6));
#14846=CARTESIAN_POINT('',(28.7597778600214,1.27,0.6));
#14847=VECTOR('',#14848,1.);
#14848=DIRECTION('',(-1.,0.,0.));
#14849=CARTESIAN_POINT('',(29.06,0.75,0.6));
#14850=CARTESIAN_POINT('',(29.06,0.75,0.6));
#14851=VECTOR('',#14852,1.);
#14852=DIRECTION('',(-0.499999999999999,0.866025403784439,0.));
#14853=CARTESIAN_POINT('',(29.36,0.75,0.6));
#14854=CARTESIAN_POINT('',(29.36,0.75,0.6));
#14855=VECTOR('',#14856,1.);
#14856=DIRECTION('',(-1.,0.,0.));
#14857=CARTESIAN_POINT('',(29.6602221399786,1.27,0.6));
#14858=CARTESIAN_POINT('',(29.6602221399786,1.27,0.6));
#14859=VECTOR('',#14860,1.);
#14860=DIRECTION('',(-0.499999999999999,-0.866025403784439,0.));
#14861=CARTESIAN_POINT('',(31.2997778600214,1.27,0.6));
#14862=CARTESIAN_POINT('',(31.2997778600214,1.27,0.6));
#14863=VECTOR('',#14864,1.);
#14864=DIRECTION('',(-1.,0.,0.));
#14865=CARTESIAN_POINT('',(31.6,0.75,0.6));
#14866=CARTESIAN_POINT('',(31.6,0.75,0.6));
#14867=VECTOR('',#14868,1.);
#14868=DIRECTION('',(-0.499999999999999,0.866025403784439,0.));
#14869=CARTESIAN_POINT('',(31.9,0.75,0.6));
#14870=CARTESIAN_POINT('',(31.9,0.75,0.6));
#14871=VECTOR('',#14872,1.);
#14872=DIRECTION('',(-1.,0.,0.));
#14873=CARTESIAN_POINT('',(32.2002221399786,1.27,0.6));
#14874=CARTESIAN_POINT('',(32.2002221399786,1.27,0.6));
#14875=VECTOR('',#14876,1.);
#14876=DIRECTION('',(-0.499999999999999,-0.866025403784439,0.));
#14877=CARTESIAN_POINT('',(33.8397778600214,1.27,0.6));
#14878=CARTESIAN_POINT('',(33.8397778600214,1.27,0.6));
#14879=VECTOR('',#14880,1.);
#14880=DIRECTION('',(-1.,0.,0.));
#14881=CARTESIAN_POINT('',(34.14,0.75,0.6));
#14882=CARTESIAN_POINT('',(34.14,0.75,0.6));
#14883=VECTOR('',#14884,1.);
#14884=DIRECTION('',(-0.500000000000003,0.866025403784437,0.));
#14885=CARTESIAN_POINT('',(34.44,0.75,0.6));
#14886=CARTESIAN_POINT('',(34.44,0.75,0.6));
#14887=VECTOR('',#14888,1.);
#14888=DIRECTION('',(-1.,0.,0.));
#14889=CARTESIAN_POINT('',(34.7402221399786,1.27,0.6));
#14890=CARTESIAN_POINT('',(34.7402221399786,1.27,0.6));
#14891=VECTOR('',#14892,1.);
#14892=DIRECTION('',(-0.500000000000003,-0.866025403784437,0.));
#14893=CARTESIAN_POINT('',(36.3797778600214,1.27,0.6));
#14894=CARTESIAN_POINT('',(36.3797778600214,1.27,0.6));
#14895=VECTOR('',#14896,1.);
#14896=DIRECTION('',(-1.,0.,0.));
#14897=CARTESIAN_POINT('',(36.68,0.75,0.6));
#14898=CARTESIAN_POINT('',(36.68,0.75,0.6));
#14899=VECTOR('',#14900,1.);
#14900=DIRECTION('',(-0.500000000000003,0.866025403784437,0.));
#14901=CARTESIAN_POINT('',(36.98,0.75,0.6));
#14902=CARTESIAN_POINT('',(36.98,0.75,0.6));
#14903=VECTOR('',#14904,1.);
#14904=DIRECTION('',(-1.,0.,0.));
#14905=CARTESIAN_POINT('',(37.2802221399786,1.27,0.6));
#14906=CARTESIAN_POINT('',(37.2802221399786,1.27,0.6));
#14907=VECTOR('',#14908,1.);
#14908=DIRECTION('',(-0.500000000000003,-0.866025403784437,0.));
#14909=CARTESIAN_POINT('',(38.9197778600214,1.27,0.6));
#14910=CARTESIAN_POINT('',(38.9197778600214,1.27,0.6));
#14911=VECTOR('',#14912,1.);
#14912=DIRECTION('',(-1.,0.,0.));
#14913=CARTESIAN_POINT('',(39.22,0.75,0.6));
#14914=CARTESIAN_POINT('',(39.22,0.75,0.6));
#14915=VECTOR('',#14916,1.);
#14916=DIRECTION('',(-0.500000000000003,0.866025403784437,0.));
#14917=CARTESIAN_POINT('',(39.52,0.75,0.6));
#14918=CARTESIAN_POINT('',(39.52,0.75,0.6));
#14919=VECTOR('',#14920,1.);
#14920=DIRECTION('',(-1.,0.,0.));
#14921=CARTESIAN_POINT('',(39.8202221399786,1.27,0.6));
#14922=CARTESIAN_POINT('',(39.8202221399786,1.27,0.6));
#14923=VECTOR('',#14924,1.);
#14924=DIRECTION('',(-0.500000000000003,-0.866025403784437,0.));
#14925=CARTESIAN_POINT('',(41.4597778600214,1.27,0.6));
#14926=CARTESIAN_POINT('',(41.4597778600214,1.27,0.6));
#14927=VECTOR('',#14928,1.);
#14928=DIRECTION('',(-1.,0.,0.));
#14929=CARTESIAN_POINT('',(41.76,0.75,0.6));
#14930=CARTESIAN_POINT('',(41.76,0.75,0.6));
#14931=VECTOR('',#14932,1.);
#14932=DIRECTION('',(-0.500000000000003,0.866025403784437,0.));
#14933=CARTESIAN_POINT('',(42.06,0.75,0.6));
#14934=CARTESIAN_POINT('',(42.06,0.75,0.6));
#14935=VECTOR('',#14936,1.);
#14936=DIRECTION('',(-1.,0.,0.));
#14937=CARTESIAN_POINT('',(42.3602221399786,1.27,0.6));
#14938=CARTESIAN_POINT('',(42.3602221399786,1.27,0.6));
#14939=VECTOR('',#14940,1.);
#14940=DIRECTION('',(-0.500000000000003,-0.866025403784437,0.));
#14941=CARTESIAN_POINT('',(43.9997778600214,1.27,0.6));
#14942=CARTESIAN_POINT('',(43.9997778600214,1.27,0.6));
#14943=VECTOR('',#14944,1.);
#14944=DIRECTION('',(-1.,0.,0.));
#14945=CARTESIAN_POINT('',(44.3,0.75,0.6));
#14946=CARTESIAN_POINT('',(44.3,0.75,0.6));
#14947=VECTOR('',#14948,1.);
#14948=DIRECTION('',(-0.500000000000003,0.866025403784437,0.));
#14949=CARTESIAN_POINT('',(44.6,0.75,0.6));
#14950=CARTESIAN_POINT('',(44.6,0.75,0.6));
#14951=VECTOR('',#14952,1.);
#14952=DIRECTION('',(-1.,0.,0.));
#14953=CARTESIAN_POINT('',(44.9002221399786,1.27,0.6));
#14954=CARTESIAN_POINT('',(44.9002221399786,1.27,0.6));
#14955=VECTOR('',#14956,1.);
#14956=DIRECTION('',(-0.500000000000003,-0.866025403784437,0.));
#14957=CARTESIAN_POINT('',(46.5397778600214,1.27,0.6));
#14958=CARTESIAN_POINT('',(46.5397778600214,1.27,0.6));
#14959=VECTOR('',#14960,1.);
#14960=DIRECTION('',(-1.,0.,0.));
#14961=CARTESIAN_POINT('',(46.84,0.75,0.6));
#14962=CARTESIAN_POINT('',(46.84,0.75,0.6));
#14963=VECTOR('',#14964,1.);
#14964=DIRECTION('',(-0.500000000000003,0.866025403784437,0.));
#14965=CARTESIAN_POINT('',(47.14,0.75,0.6));
#14966=CARTESIAN_POINT('',(47.14,0.75,0.6));
#14967=VECTOR('',#14968,1.);
#14968=DIRECTION('',(-1.,0.,0.));
#14969=CARTESIAN_POINT('',(47.4402221399786,1.27,0.6));
#14970=CARTESIAN_POINT('',(47.4402221399786,1.27,0.6));
#14971=VECTOR('',#14972,1.);
#14972=DIRECTION('',(-0.500000000000003,-0.866025403784437,0.));
#14973=CARTESIAN_POINT('',(49.0797778600214,1.27,0.6));
#14974=CARTESIAN_POINT('',(49.0797778600214,1.27,0.6));
#14975=VECTOR('',#14976,1.);
#14976=DIRECTION('',(-1.,0.,0.));
#14977=CARTESIAN_POINT('',(49.38,0.75,0.6));
#14978=CARTESIAN_POINT('',(49.38,0.75,0.6));
#14979=VECTOR('',#14980,1.);
#14980=DIRECTION('',(-0.500000000000003,0.866025403784437,0.));
#14981=CARTESIAN_POINT('',(49.68,0.75,0.6));
#14982=CARTESIAN_POINT('',(49.68,0.75,0.6));
#14983=VECTOR('',#14984,1.);
#14984=DIRECTION('',(-1.,0.,0.));
#14985=CARTESIAN_POINT('',(49.9802221399786,1.27,0.6));
#14986=CARTESIAN_POINT('',(49.9802221399786,1.27,0.6));
#14987=VECTOR('',#14988,1.);
#14988=DIRECTION('',(-0.500000000000003,-0.866025403784437,0.));
#14989=CARTESIAN_POINT('',(51.6197778600214,1.27,0.6));
#14990=CARTESIAN_POINT('',(51.6197778600214,1.27,0.6));
#14991=VECTOR('',#14992,1.);
#14992=DIRECTION('',(-1.,0.,0.));
#14993=CARTESIAN_POINT('',(51.92,0.75,0.6));
#14994=CARTESIAN_POINT('',(51.92,0.75,0.6));
#14995=VECTOR('',#14996,1.);
#14996=DIRECTION('',(-0.500000000000003,0.866025403784437,0.));
#14997=CARTESIAN_POINT('',(52.22,0.75,0.6));
#14998=CARTESIAN_POINT('',(52.22,0.75,0.6));
#14999=VECTOR('',#15000,1.);
#15000=DIRECTION('',(-1.,0.,0.));
#15001=CARTESIAN_POINT('',(52.5202221399786,1.27,0.6));
#15002=CARTESIAN_POINT('',(52.5202221399786,1.27,0.6));
#15003=VECTOR('',#15004,1.);
#15004=DIRECTION('',(-0.500000000000003,-0.866025403784437,0.));
#15005=CARTESIAN_POINT('',(54.1597778600214,1.27,0.6));
#15006=CARTESIAN_POINT('',(54.1597778600214,1.27,0.6));
#15007=VECTOR('',#15008,1.);
#15008=DIRECTION('',(-1.,0.,0.));
#15009=CARTESIAN_POINT('',(54.46,0.75,0.6));
#15010=CARTESIAN_POINT('',(54.46,0.75,0.6));
#15011=VECTOR('',#15012,1.);
#15012=DIRECTION('',(-0.500000000000003,0.866025403784437,0.));
#15013=CARTESIAN_POINT('',(54.76,0.75,0.6));
#15014=CARTESIAN_POINT('',(54.76,0.75,0.6));
#15015=VECTOR('',#15016,1.);
#15016=DIRECTION('',(-1.,0.,0.));
#15017=CARTESIAN_POINT('',(55.0602221399786,1.27,0.6));
#15018=CARTESIAN_POINT('',(55.0602221399786,1.27,0.6));
#15019=VECTOR('',#15020,1.);
#15020=DIRECTION('',(-0.500000000000003,-0.866025403784437,0.));
#15021=CARTESIAN_POINT('',(56.6997778600214,1.27,0.6));
#15022=CARTESIAN_POINT('',(56.6997778600214,1.27,0.6));
#15023=VECTOR('',#15024,1.);
#15024=DIRECTION('',(-1.,0.,0.));
#15025=CARTESIAN_POINT('',(57.,0.75,0.6));
#15026=CARTESIAN_POINT('',(57.,0.75,0.6));
#15027=VECTOR('',#15028,1.);
#15028=DIRECTION('',(-0.500000000000003,0.866025403784437,0.));
#15029=CARTESIAN_POINT('',(57.3,0.75,0.6));
#15030=CARTESIAN_POINT('',(57.3,0.75,0.6));
#15031=VECTOR('',#15032,1.);
#15032=DIRECTION('',(-1.,0.,0.));
#15033=CARTESIAN_POINT('',(57.6002221399786,1.27,0.6));
#15034=CARTESIAN_POINT('',(57.6002221399786,1.27,0.6));
#15035=VECTOR('',#15036,1.);
#15036=DIRECTION('',(-0.500000000000003,-0.866025403784437,0.));
#15037=CARTESIAN_POINT('',(59.2397778600214,1.27,0.6));
#15038=CARTESIAN_POINT('',(59.2397778600214,1.27,0.6));
#15039=VECTOR('',#15040,1.);
#15040=DIRECTION('',(-1.,0.,0.));
#15041=CARTESIAN_POINT('',(59.54,0.75,0.6));
#15042=CARTESIAN_POINT('',(59.54,0.75,0.6));
#15043=VECTOR('',#15044,1.);
#15044=DIRECTION('',(-0.500000000000003,0.866025403784437,0.));
#15045=CARTESIAN_POINT('',(59.84,0.75,0.6));
#15046=CARTESIAN_POINT('',(59.84,0.75,0.6));
#15047=VECTOR('',#15048,1.);
#15048=DIRECTION('',(-1.,0.,0.));
#15049=CARTESIAN_POINT('',(60.1402221399786,1.27,0.6));
#15050=CARTESIAN_POINT('',(60.1402221399786,1.27,0.6));
#15051=VECTOR('',#15052,1.);
#15052=DIRECTION('',(-0.500000000000003,-0.866025403784437,0.));
#15053=CARTESIAN_POINT('',(61.7797778600214,1.27,0.6));
#15054=CARTESIAN_POINT('',(61.7797778600214,1.27,0.6));
#15055=VECTOR('',#15056,1.);
#15056=DIRECTION('',(-1.,0.,0.));
#15057=CARTESIAN_POINT('',(62.08,0.75,0.6));
#15058=CARTESIAN_POINT('',(62.08,0.75,0.6));
#15059=VECTOR('',#15060,1.);
#15060=DIRECTION('',(-0.500000000000003,0.866025403784437,0.));
#15061=CARTESIAN_POINT('',(62.23,0.75,0.6));
#15062=CARTESIAN_POINT('',(62.23,0.75,0.6));
#15063=VECTOR('',#15064,1.);
#15064=DIRECTION('',(-1.,0.,0.));
#15065=CARTESIAN_POINT('',(62.23,-0.75,0.6));
#15066=CARTESIAN_POINT('',(62.23,-0.75,0.6));
#15067=VECTOR('',#15068,1.);
#15068=DIRECTION('',(0.,1.,0.));
#15069=CARTESIAN_POINT('',(62.08,-0.75,0.6));
#15070=CARTESIAN_POINT('',(62.08,-0.75,0.6));
#15071=VECTOR('',#15072,1.);
#15072=DIRECTION('',(1.,0.,0.));
#15073=CARTESIAN_POINT('',(61.7797778600214,-1.27,0.6));
#15074=CARTESIAN_POINT('',(61.7797778600214,-1.27,0.6));
#15075=VECTOR('',#15076,1.);
#15076=DIRECTION('',(0.500000000000003,0.866025403784437,0.));
#15077=CARTESIAN_POINT('',(60.1402221399786,-1.27,0.6));
#15078=CARTESIAN_POINT('',(60.1402221399786,-1.27,0.6));
#15079=VECTOR('',#15080,1.);
#15080=DIRECTION('',(1.,0.,0.));
#15081=CARTESIAN_POINT('',(59.84,-0.75,0.6));
#15082=CARTESIAN_POINT('',(59.84,-0.75,0.6));
#15083=VECTOR('',#15084,1.);
#15084=DIRECTION('',(0.500000000000003,-0.866025403784437,0.));
#15085=CARTESIAN_POINT('',(59.54,-0.75,0.6));
#15086=CARTESIAN_POINT('',(59.54,-0.75,0.6));
#15087=VECTOR('',#15088,1.);
#15088=DIRECTION('',(1.,0.,0.));
#15089=CARTESIAN_POINT('',(59.2397778600214,-1.27,0.6));
#15090=CARTESIAN_POINT('',(59.2397778600214,-1.27,0.6));
#15091=VECTOR('',#15092,1.);
#15092=DIRECTION('',(0.500000000000003,0.866025403784437,0.));
#15093=CARTESIAN_POINT('',(57.6002221399786,-1.27,0.6));
#15094=CARTESIAN_POINT('',(57.6002221399786,-1.27,0.6));
#15095=VECTOR('',#15096,1.);
#15096=DIRECTION('',(1.,0.,0.));
#15097=CARTESIAN_POINT('',(57.3,-0.75,0.6));
#15098=CARTESIAN_POINT('',(57.3,-0.75,0.6));
#15099=VECTOR('',#15100,1.);
#15100=DIRECTION('',(0.500000000000003,-0.866025403784437,0.));
#15101=CARTESIAN_POINT('',(57.,-0.75,0.6));
#15102=CARTESIAN_POINT('',(57.,-0.75,0.6));
#15103=VECTOR('',#15104,1.);
#15104=DIRECTION('',(1.,0.,0.));
#15105=CARTESIAN_POINT('',(56.6997778600214,-1.27,0.6));
#15106=CARTESIAN_POINT('',(56.6997778600214,-1.27,0.6));
#15107=VECTOR('',#15108,1.);
#15108=DIRECTION('',(0.500000000000003,0.866025403784437,0.));
#15109=CARTESIAN_POINT('',(55.0602221399786,-1.27,0.6));
#15110=CARTESIAN_POINT('',(55.0602221399786,-1.27,0.6));
#15111=VECTOR('',#15112,1.);
#15112=DIRECTION('',(1.,0.,0.));
#15113=CARTESIAN_POINT('',(54.76,-0.75,0.6));
#15114=CARTESIAN_POINT('',(54.76,-0.75,0.6));
#15115=VECTOR('',#15116,1.);
#15116=DIRECTION('',(0.500000000000003,-0.866025403784437,0.));
#15117=CARTESIAN_POINT('',(54.46,-0.75,0.6));
#15118=CARTESIAN_POINT('',(54.46,-0.75,0.6));
#15119=VECTOR('',#15120,1.);
#15120=DIRECTION('',(1.,0.,0.));
#15121=CARTESIAN_POINT('',(54.1597778600214,-1.27,0.6));
#15122=CARTESIAN_POINT('',(54.1597778600214,-1.27,0.6));
#15123=VECTOR('',#15124,1.);
#15124=DIRECTION('',(0.500000000000003,0.866025403784437,0.));
#15125=CARTESIAN_POINT('',(52.5202221399786,-1.27,0.6));
#15126=CARTESIAN_POINT('',(52.5202221399786,-1.27,0.6));
#15127=VECTOR('',#15128,1.);
#15128=DIRECTION('',(1.,0.,0.));
#15129=CARTESIAN_POINT('',(52.22,-0.75,0.6));
#15130=CARTESIAN_POINT('',(52.22,-0.75,0.6));
#15131=VECTOR('',#15132,1.);
#15132=DIRECTION('',(0.500000000000003,-0.866025403784437,0.));
#15133=CARTESIAN_POINT('',(51.92,-0.75,0.6));
#15134=CARTESIAN_POINT('',(51.92,-0.75,0.6));
#15135=VECTOR('',#15136,1.);
#15136=DIRECTION('',(1.,0.,0.));
#15137=CARTESIAN_POINT('',(51.6197778600214,-1.27,0.6));
#15138=CARTESIAN_POINT('',(51.6197778600214,-1.27,0.6));
#15139=VECTOR('',#15140,1.);
#15140=DIRECTION('',(0.500000000000003,0.866025403784437,0.));
#15141=CARTESIAN_POINT('',(49.9802221399786,-1.27,0.6));
#15142=CARTESIAN_POINT('',(49.9802221399786,-1.27,0.6));
#15143=VECTOR('',#15144,1.);
#15144=DIRECTION('',(1.,0.,0.));
#15145=CARTESIAN_POINT('',(49.68,-0.75,0.6));
#15146=CARTESIAN_POINT('',(49.68,-0.75,0.6));
#15147=VECTOR('',#15148,1.);
#15148=DIRECTION('',(0.500000000000003,-0.866025403784437,0.));
#15149=CARTESIAN_POINT('',(49.38,-0.75,0.6));
#15150=CARTESIAN_POINT('',(49.38,-0.75,0.6));
#15151=VECTOR('',#15152,1.);
#15152=DIRECTION('',(1.,0.,0.));
#15153=CARTESIAN_POINT('',(49.0797778600214,-1.27,0.6));
#15154=CARTESIAN_POINT('',(49.0797778600214,-1.27,0.6));
#15155=VECTOR('',#15156,1.);
#15156=DIRECTION('',(0.500000000000003,0.866025403784437,0.));
#15157=CARTESIAN_POINT('',(47.4402221399786,-1.27,0.6));
#15158=CARTESIAN_POINT('',(47.4402221399786,-1.27,0.6));
#15159=VECTOR('',#15160,1.);
#15160=DIRECTION('',(1.,0.,0.));
#15161=CARTESIAN_POINT('',(47.14,-0.75,0.6));
#15162=CARTESIAN_POINT('',(47.14,-0.75,0.6));
#15163=VECTOR('',#15164,1.);
#15164=DIRECTION('',(0.500000000000003,-0.866025403784437,0.));
#15165=CARTESIAN_POINT('',(46.84,-0.75,0.6));
#15166=CARTESIAN_POINT('',(46.84,-0.75,0.6));
#15167=VECTOR('',#15168,1.);
#15168=DIRECTION('',(1.,0.,0.));
#15169=CARTESIAN_POINT('',(46.5397778600214,-1.27,0.6));
#15170=CARTESIAN_POINT('',(46.5397778600214,-1.27,0.6));
#15171=VECTOR('',#15172,1.);
#15172=DIRECTION('',(0.500000000000003,0.866025403784437,0.));
#15173=CARTESIAN_POINT('',(44.9002221399786,-1.27,0.6));
#15174=CARTESIAN_POINT('',(44.9002221399786,-1.27,0.6));
#15175=VECTOR('',#15176,1.);
#15176=DIRECTION('',(1.,0.,0.));
#15177=CARTESIAN_POINT('',(44.6,-0.75,0.6));
#15178=CARTESIAN_POINT('',(44.6,-0.75,0.6));
#15179=VECTOR('',#15180,1.);
#15180=DIRECTION('',(0.500000000000003,-0.866025403784437,0.));
#15181=CARTESIAN_POINT('',(44.3,-0.75,0.6));
#15182=CARTESIAN_POINT('',(44.3,-0.75,0.6));
#15183=VECTOR('',#15184,1.);
#15184=DIRECTION('',(1.,0.,0.));
#15185=CARTESIAN_POINT('',(43.9997778600214,-1.27,0.6));
#15186=CARTESIAN_POINT('',(43.9997778600214,-1.27,0.6));
#15187=VECTOR('',#15188,1.);
#15188=DIRECTION('',(0.500000000000003,0.866025403784437,0.));
#15189=CARTESIAN_POINT('',(42.3602221399786,-1.27,0.6));
#15190=CARTESIAN_POINT('',(42.3602221399786,-1.27,0.6));
#15191=VECTOR('',#15192,1.);
#15192=DIRECTION('',(1.,0.,0.));
#15193=CARTESIAN_POINT('',(42.06,-0.75,0.6));
#15194=CARTESIAN_POINT('',(42.06,-0.75,0.6));
#15195=VECTOR('',#15196,1.);
#15196=DIRECTION('',(0.500000000000003,-0.866025403784437,0.));
#15197=CARTESIAN_POINT('',(41.76,-0.75,0.6));
#15198=CARTESIAN_POINT('',(41.76,-0.75,0.6));
#15199=VECTOR('',#15200,1.);
#15200=DIRECTION('',(1.,0.,0.));
#15201=CARTESIAN_POINT('',(41.4597778600214,-1.27,0.6));
#15202=CARTESIAN_POINT('',(41.4597778600214,-1.27,0.6));
#15203=VECTOR('',#15204,1.);
#15204=DIRECTION('',(0.500000000000003,0.866025403784437,0.));
#15205=CARTESIAN_POINT('',(39.8202221399786,-1.27,0.6));
#15206=CARTESIAN_POINT('',(39.8202221399786,-1.27,0.6));
#15207=VECTOR('',#15208,1.);
#15208=DIRECTION('',(1.,0.,0.));
#15209=CARTESIAN_POINT('',(39.52,-0.75,0.6));
#15210=CARTESIAN_POINT('',(39.52,-0.75,0.6));
#15211=VECTOR('',#15212,1.);
#15212=DIRECTION('',(0.500000000000003,-0.866025403784437,0.));
#15213=CARTESIAN_POINT('',(39.22,-0.75,0.6));
#15214=CARTESIAN_POINT('',(39.22,-0.75,0.6));
#15215=VECTOR('',#15216,1.);
#15216=DIRECTION('',(1.,0.,0.));
#15217=CARTESIAN_POINT('',(38.9197778600214,-1.27,0.6));
#15218=CARTESIAN_POINT('',(38.9197778600214,-1.27,0.6));
#15219=VECTOR('',#15220,1.);
#15220=DIRECTION('',(0.500000000000003,0.866025403784437,0.));
#15221=CARTESIAN_POINT('',(37.2802221399786,-1.27,0.6));
#15222=CARTESIAN_POINT('',(37.2802221399786,-1.27,0.6));
#15223=VECTOR('',#15224,1.);
#15224=DIRECTION('',(1.,0.,0.));
#15225=CARTESIAN_POINT('',(36.98,-0.75,0.6));
#15226=CARTESIAN_POINT('',(36.98,-0.75,0.6));
#15227=VECTOR('',#15228,1.);
#15228=DIRECTION('',(0.500000000000003,-0.866025403784437,0.));
#15229=CARTESIAN_POINT('',(36.68,-0.75,0.6));
#15230=CARTESIAN_POINT('',(36.68,-0.75,0.6));
#15231=VECTOR('',#15232,1.);
#15232=DIRECTION('',(1.,0.,0.));
#15233=CARTESIAN_POINT('',(36.3797778600214,-1.27,0.6));
#15234=CARTESIAN_POINT('',(36.3797778600214,-1.27,0.6));
#15235=VECTOR('',#15236,1.);
#15236=DIRECTION('',(0.500000000000003,0.866025403784437,0.));
#15237=CARTESIAN_POINT('',(34.7402221399786,-1.27,0.6));
#15238=CARTESIAN_POINT('',(34.7402221399786,-1.27,0.6));
#15239=VECTOR('',#15240,1.);
#15240=DIRECTION('',(1.,0.,0.));
#15241=CARTESIAN_POINT('',(34.44,-0.75,0.6));
#15242=CARTESIAN_POINT('',(34.44,-0.75,0.6));
#15243=VECTOR('',#15244,1.);
#15244=DIRECTION('',(0.500000000000003,-0.866025403784437,0.));
#15245=CARTESIAN_POINT('',(34.14,-0.75,0.6));
#15246=CARTESIAN_POINT('',(34.14,-0.75,0.6));
#15247=VECTOR('',#15248,1.);
#15248=DIRECTION('',(1.,0.,0.));
#15249=CARTESIAN_POINT('',(33.8397778600214,-1.27,0.6));
#15250=CARTESIAN_POINT('',(33.8397778600214,-1.27,0.6));
#15251=VECTOR('',#15252,1.);
#15252=DIRECTION('',(0.500000000000003,0.866025403784437,0.));
#15253=CARTESIAN_POINT('',(32.2002221399786,-1.27,0.6));
#15254=CARTESIAN_POINT('',(32.2002221399786,-1.27,0.6));
#15255=VECTOR('',#15256,1.);
#15256=DIRECTION('',(1.,0.,0.));
#15257=CARTESIAN_POINT('',(31.9,-0.75,0.6));
#15258=CARTESIAN_POINT('',(31.9,-0.75,0.6));
#15259=VECTOR('',#15260,1.);
#15260=DIRECTION('',(0.499999999999999,-0.866025403784439,0.));
#15261=CARTESIAN_POINT('',(31.6,-0.75,0.6));
#15262=CARTESIAN_POINT('',(31.6,-0.75,0.6));
#15263=VECTOR('',#15264,1.);
#15264=DIRECTION('',(1.,0.,0.));
#15265=CARTESIAN_POINT('',(31.2997778600214,-1.27,0.6));
#15266=CARTESIAN_POINT('',(31.2997778600214,-1.27,0.6));
#15267=VECTOR('',#15268,1.);
#15268=DIRECTION('',(0.499999999999999,0.866025403784439,0.));
#15269=CARTESIAN_POINT('',(29.6602221399786,-1.27,0.6));
#15270=CARTESIAN_POINT('',(29.6602221399786,-1.27,0.6));
#15271=VECTOR('',#15272,1.);
#15272=DIRECTION('',(1.,0.,0.));
#15273=CARTESIAN_POINT('',(29.36,-0.75,0.6));
#15274=CARTESIAN_POINT('',(29.36,-0.75,0.6));
#15275=VECTOR('',#15276,1.);
#15276=DIRECTION('',(0.499999999999999,-0.866025403784439,0.));
#15277=CARTESIAN_POINT('',(29.06,-0.75,0.6));
#15278=CARTESIAN_POINT('',(29.06,-0.75,0.6));
#15279=VECTOR('',#15280,1.);
#15280=DIRECTION('',(1.,0.,0.));
#15281=CARTESIAN_POINT('',(28.7597778600214,-1.27,0.6));
#15282=CARTESIAN_POINT('',(28.7597778600214,-1.27,0.6));
#15283=VECTOR('',#15284,1.);
#15284=DIRECTION('',(0.499999999999999,0.866025403784439,0.));
#15285=CARTESIAN_POINT('',(27.1202221399786,-1.27,0.6));
#15286=CARTESIAN_POINT('',(27.1202221399786,-1.27,0.6));
#15287=VECTOR('',#15288,1.);
#15288=DIRECTION('',(1.,0.,0.));
#15289=CARTESIAN_POINT('',(26.82,-0.75,0.6));
#15290=CARTESIAN_POINT('',(26.82,-0.75,0.6));
#15291=VECTOR('',#15292,1.);
#15292=DIRECTION('',(0.499999999999999,-0.866025403784439,0.));
#15293=CARTESIAN_POINT('',(26.52,-0.75,0.6));
#15294=CARTESIAN_POINT('',(26.52,-0.75,0.6));
#15295=VECTOR('',#15296,1.);
#15296=DIRECTION('',(1.,0.,0.));
#15297=CARTESIAN_POINT('',(26.2197778600214,-1.27,0.6));
#15298=CARTESIAN_POINT('',(26.2197778600214,-1.27,0.6));
#15299=VECTOR('',#15300,1.);
#15300=DIRECTION('',(0.499999999999999,0.866025403784439,0.));
#15301=CARTESIAN_POINT('',(24.5802221399786,-1.27,0.6));
#15302=CARTESIAN_POINT('',(24.5802221399786,-1.27,0.6));
#15303=VECTOR('',#15304,1.);
#15304=DIRECTION('',(1.,0.,0.));
#15305=CARTESIAN_POINT('',(24.28,-0.75,0.6));
#15306=CARTESIAN_POINT('',(24.28,-0.75,0.6));
#15307=VECTOR('',#15308,1.);
#15308=DIRECTION('',(0.499999999999999,-0.866025403784439,0.));
#15309=CARTESIAN_POINT('',(23.98,-0.75,0.6));
#15310=CARTESIAN_POINT('',(23.98,-0.75,0.6));
#15311=VECTOR('',#15312,1.);
#15312=DIRECTION('',(1.,0.,0.));
#15313=CARTESIAN_POINT('',(23.6797778600214,-1.27,0.6));
#15314=CARTESIAN_POINT('',(23.6797778600214,-1.27,0.6));
#15315=VECTOR('',#15316,1.);
#15316=DIRECTION('',(0.499999999999999,0.866025403784439,0.));
#15317=CARTESIAN_POINT('',(22.0402221399786,-1.27,0.6));
#15318=CARTESIAN_POINT('',(22.0402221399786,-1.27,0.6));
#15319=VECTOR('',#15320,1.);
#15320=DIRECTION('',(1.,0.,0.));
#15321=CARTESIAN_POINT('',(21.74,-0.75,0.6));
#15322=CARTESIAN_POINT('',(21.74,-0.75,0.6));
#15323=VECTOR('',#15324,1.);
#15324=DIRECTION('',(0.499999999999999,-0.866025403784439,0.));
#15325=CARTESIAN_POINT('',(21.44,-0.75,0.6));
#15326=CARTESIAN_POINT('',(21.44,-0.75,0.6));
#15327=VECTOR('',#15328,1.);
#15328=DIRECTION('',(1.,0.,0.));
#15329=CARTESIAN_POINT('',(21.1397778600214,-1.27,0.6));
#15330=CARTESIAN_POINT('',(21.1397778600214,-1.27,0.6));
#15331=VECTOR('',#15332,1.);
#15332=DIRECTION('',(0.499999999999999,0.866025403784439,0.));
#15333=CARTESIAN_POINT('',(19.5002221399786,-1.27,0.6));
#15334=CARTESIAN_POINT('',(19.5002221399786,-1.27,0.6));
#15335=VECTOR('',#15336,1.);
#15336=DIRECTION('',(1.,0.,0.));
#15337=CARTESIAN_POINT('',(19.2,-0.75,0.6));
#15338=CARTESIAN_POINT('',(19.2,-0.75,0.6));
#15339=VECTOR('',#15340,1.);
#15340=DIRECTION('',(0.499999999999999,-0.866025403784439,0.));
#15341=CARTESIAN_POINT('',(18.9,-0.75,0.6));
#15342=CARTESIAN_POINT('',(18.9,-0.75,0.6));
#15343=VECTOR('',#15344,1.);
#15344=DIRECTION('',(1.,0.,0.));
#15345=CARTESIAN_POINT('',(18.5997778600214,-1.27,0.6));
#15346=CARTESIAN_POINT('',(18.5997778600214,-1.27,0.6));
#15347=VECTOR('',#15348,1.);
#15348=DIRECTION('',(0.499999999999999,0.866025403784439,0.));
#15349=CARTESIAN_POINT('',(16.9602221399786,-1.27,0.6));
#15350=CARTESIAN_POINT('',(16.9602221399786,-1.27,0.6));
#15351=VECTOR('',#15352,1.);
#15352=DIRECTION('',(1.,0.,0.));
#15353=CARTESIAN_POINT('',(16.66,-0.75,0.6));
#15354=CARTESIAN_POINT('',(16.66,-0.75,0.6));
#15355=VECTOR('',#15356,1.);
#15356=DIRECTION('',(0.499999999999999,-0.866025403784439,0.));
#15357=CARTESIAN_POINT('',(16.36,-0.75,0.6));
#15358=CARTESIAN_POINT('',(16.36,-0.75,0.6));
#15359=VECTOR('',#15360,1.);
#15360=DIRECTION('',(1.,0.,0.));
#15361=CARTESIAN_POINT('',(16.0597778600214,-1.27,0.6));
#15362=CARTESIAN_POINT('',(16.0597778600214,-1.27,0.6));
#15363=VECTOR('',#15364,1.);
#15364=DIRECTION('',(0.499999999999999,0.866025403784439,0.));
#15365=CARTESIAN_POINT('',(14.4202221399786,-1.27,0.6));
#15366=CARTESIAN_POINT('',(14.4202221399786,-1.27,0.6));
#15367=VECTOR('',#15368,1.);
#15368=DIRECTION('',(1.,0.,0.));
#15369=CARTESIAN_POINT('',(14.12,-0.75,0.6));
#15370=CARTESIAN_POINT('',(14.12,-0.75,0.6));
#15371=VECTOR('',#15372,1.);
#15372=DIRECTION('',(0.500000000000001,-0.866025403784438,0.));
#15373=CARTESIAN_POINT('',(13.82,-0.75,0.6));
#15374=CARTESIAN_POINT('',(13.82,-0.75,0.6));
#15375=VECTOR('',#15376,1.);
#15376=DIRECTION('',(1.,0.,0.));
#15377=CARTESIAN_POINT('',(13.5197778600214,-1.27,0.6));
#15378=CARTESIAN_POINT('',(13.5197778600214,-1.27,0.6));
#15379=VECTOR('',#15380,1.);
#15380=DIRECTION('',(0.499999999999999,0.866025403784439,0.));
#15381=CARTESIAN_POINT('',(11.8802221399786,-1.27,0.6));
#15382=CARTESIAN_POINT('',(11.8802221399786,-1.27,0.6));
#15383=VECTOR('',#15384,1.);
#15384=DIRECTION('',(1.,0.,0.));
#15385=CARTESIAN_POINT('',(11.58,-0.75,0.6));
#15386=CARTESIAN_POINT('',(11.58,-0.75,0.6));
#15387=VECTOR('',#15388,1.);
#15388=DIRECTION('',(0.500000000000001,-0.866025403784438,0.));
#15389=CARTESIAN_POINT('',(11.28,-0.75,0.6));
#15390=CARTESIAN_POINT('',(11.28,-0.75,0.6));
#15391=VECTOR('',#15392,1.);
#15392=DIRECTION('',(1.,0.,0.));
#15393=CARTESIAN_POINT('',(10.9797778600214,-1.27,0.6));
#15394=CARTESIAN_POINT('',(10.9797778600214,-1.27,0.6));
#15395=VECTOR('',#15396,1.);
#15396=DIRECTION('',(0.499999999999999,0.866025403784439,0.));
#15397=CARTESIAN_POINT('',(9.34022213997861,-1.27,0.6));
#15398=CARTESIAN_POINT('',(9.34022213997861,-1.27,0.6));
#15399=VECTOR('',#15400,1.);
#15400=DIRECTION('',(1.,0.,0.));
#15401=CARTESIAN_POINT('',(9.04,-0.75,0.6));
#15402=CARTESIAN_POINT('',(9.04,-0.75,0.6));
#15403=VECTOR('',#15404,1.);
#15404=DIRECTION('',(0.500000000000001,-0.866025403784438,0.));
#15405=CARTESIAN_POINT('',(8.74,-0.75,0.6));
#15406=CARTESIAN_POINT('',(8.74,-0.75,0.6));
#15407=VECTOR('',#15408,1.);
#15408=DIRECTION('',(1.,0.,0.));
#15409=CARTESIAN_POINT('',(8.43977786002139,-1.27,0.6));
#15410=CARTESIAN_POINT('',(8.43977786002139,-1.27,0.6));
#15411=VECTOR('',#15412,1.);
#15412=DIRECTION('',(0.499999999999999,0.866025403784439,0.));
#15413=CARTESIAN_POINT('',(6.80022213997861,-1.27,0.6));
#15414=CARTESIAN_POINT('',(6.80022213997861,-1.27,0.6));
#15415=VECTOR('',#15416,1.);
#15416=DIRECTION('',(1.,0.,0.));
#15417=CARTESIAN_POINT('',(6.5,-0.75,0.6));
#15418=CARTESIAN_POINT('',(6.5,-0.75,0.6));
#15419=VECTOR('',#15420,1.);
#15420=DIRECTION('',(0.5,-0.866025403784439,0.));
#15421=CARTESIAN_POINT('',(6.2,-0.75,0.6));
#15422=CARTESIAN_POINT('',(6.2,-0.75,0.6));
#15423=VECTOR('',#15424,1.);
#15424=DIRECTION('',(1.,0.,0.));
#15425=CARTESIAN_POINT('',(5.89977786002139,-1.27,0.6));
#15426=CARTESIAN_POINT('',(5.89977786002139,-1.27,0.6));
#15427=VECTOR('',#15428,1.);
#15428=DIRECTION('',(0.5,0.866025403784439,0.));
#15429=CARTESIAN_POINT('',(4.26022213997861,-1.27,0.6));
#15430=CARTESIAN_POINT('',(4.26022213997861,-1.27,0.6));
#15431=VECTOR('',#15432,1.);
#15432=DIRECTION('',(1.,0.,0.));
#15433=CARTESIAN_POINT('',(3.96,-0.75,0.6));
#15434=CARTESIAN_POINT('',(3.96,-0.75,0.6));
#15435=VECTOR('',#15436,1.);
#15436=DIRECTION('',(0.5,-0.866025403784439,0.));
#15437=CARTESIAN_POINT('',(3.66,-0.75,0.6));
#15438=CARTESIAN_POINT('',(3.66,-0.75,0.6));
#15439=VECTOR('',#15440,1.);
#15440=DIRECTION('',(1.,0.,0.));
#15441=CARTESIAN_POINT('',(3.35977786002139,-1.27,0.6));
#15442=CARTESIAN_POINT('',(3.35977786002139,-1.27,0.6));
#15443=VECTOR('',#15444,1.);
#15444=DIRECTION('',(0.5,0.866025403784439,0.));
#15445=CARTESIAN_POINT('',(1.72022213997861,-1.27,0.6));
#15446=CARTESIAN_POINT('',(1.72022213997861,-1.27,0.6));
#15447=VECTOR('',#15448,1.);
#15448=DIRECTION('',(1.,0.,0.));
#15449=CARTESIAN_POINT('',(1.42,-0.75,0.6));
#15450=CARTESIAN_POINT('',(1.42,-0.75,0.6));
#15451=VECTOR('',#15452,1.);
#15452=DIRECTION('',(0.5,-0.866025403784438,0.));
#15453=CARTESIAN_POINT('',(1.12,-0.75,0.6));
#15454=CARTESIAN_POINT('',(1.12,-0.75,0.6));
#15455=VECTOR('',#15456,1.);
#15456=DIRECTION('',(1.,0.,0.));
#15457=CARTESIAN_POINT('',(0.819777860021395,-1.27,0.6));
#15458=CARTESIAN_POINT('',(0.819777860021395,-1.27,0.6));
#15459=VECTOR('',#15460,1.);
#15460=DIRECTION('',(0.5,0.866025403784439,0.));
#15461=CARTESIAN_POINT('',(-0.819777860021394,-1.27,0.6));
#15462=CARTESIAN_POINT('',(-0.819777860021394,-1.27,0.6));
#15463=VECTOR('',#15464,1.);
#15464=DIRECTION('',(1.,0.,0.));
#15465=CARTESIAN_POINT('',(-1.12,-0.75,0.6));
#15466=CARTESIAN_POINT('',(-1.12,-0.75,0.6));
#15467=VECTOR('',#15468,1.);
#15468=DIRECTION('',(0.5,-0.866025403784438,0.));
#15469=CARTESIAN_POINT('',(-1.27,-0.75,0.6));
#15470=VECTOR('',#15471,1.);
#15471=DIRECTION('',(1.,0.,0.));
#15472=CARTESIAN_POINT('',(0.66,0.,0.6));
#15473=AXIS2_PLACEMENT_3D('',#15474,#15475,#15476);
#15474=CARTESIAN_POINT('',(0.,0.,0.6));
#15475=DIRECTION('',(0.,0.,1.));
#15476=DIRECTION('',(1.,0.,0.));
#15477=CARTESIAN_POINT('',(-1.12,-0.75,0.6));
#15478=VECTOR('',#15479,1.);
#15479=DIRECTION('',(0.,0.,1.));
#15480=CARTESIAN_POINT('',(-1.27,-0.75,0.6));
#15481=VECTOR('',#15482,1.);
#15482=DIRECTION('',(0.,0.,1.));
#15483=CARTESIAN_POINT('',(-0.819777860021395,-1.27,0.6));
#15484=VECTOR('',#15485,1.);
#15485=DIRECTION('',(0.,0.,1.));
#15486=CARTESIAN_POINT('',(0.819777860021395,-1.27,0.6));
#15487=VECTOR('',#15488,1.);
#15488=DIRECTION('',(0.,0.,1.));
#15489=CARTESIAN_POINT('',(1.12,-0.75,0.6));
#15490=VECTOR('',#15491,1.);
#15491=DIRECTION('',(0.,0.,1.));
#15492=CARTESIAN_POINT('',(1.42,-0.75,0.6));
#15493=VECTOR('',#15494,1.);
#15494=DIRECTION('',(0.,0.,1.));
#15495=CARTESIAN_POINT('',(1.72022213997861,-1.27,0.6));
#15496=VECTOR('',#15497,1.);
#15497=DIRECTION('',(0.,0.,1.));
#15498=CARTESIAN_POINT('',(3.35977786002139,-1.27,0.6));
#15499=VECTOR('',#15500,1.);
#15500=DIRECTION('',(0.,0.,1.));
#15501=CARTESIAN_POINT('',(3.66,-0.75,0.6));
#15502=VECTOR('',#15503,1.);
#15503=DIRECTION('',(0.,0.,1.));
#15504=CARTESIAN_POINT('',(3.96,-0.75,0.6));
#15505=VECTOR('',#15506,1.);
#15506=DIRECTION('',(0.,0.,1.));
#15507=CARTESIAN_POINT('',(4.26022213997861,-1.27,0.6));
#15508=VECTOR('',#15509,1.);
#15509=DIRECTION('',(0.,0.,1.));
#15510=CARTESIAN_POINT('',(5.89977786002139,-1.27,0.6));
#15511=VECTOR('',#15512,1.);
#15512=DIRECTION('',(0.,0.,1.));
#15513=CARTESIAN_POINT('',(6.2,-0.75,0.6));
#15514=VECTOR('',#15515,1.);
#15515=DIRECTION('',(0.,0.,1.));
#15516=CARTESIAN_POINT('',(6.5,-0.75,0.6));
#15517=VECTOR('',#15518,1.);
#15518=DIRECTION('',(0.,0.,1.));
#15519=CARTESIAN_POINT('',(6.80022213997861,-1.27,0.6));
#15520=VECTOR('',#15521,1.);
#15521=DIRECTION('',(0.,0.,1.));
#15522=CARTESIAN_POINT('',(8.43977786002139,-1.27,0.6));
#15523=VECTOR('',#15524,1.);
#15524=DIRECTION('',(0.,0.,1.));
#15525=CARTESIAN_POINT('',(8.74,-0.75,0.6));
#15526=VECTOR('',#15527,1.);
#15527=DIRECTION('',(0.,0.,1.));
#15528=CARTESIAN_POINT('',(9.04,-0.75,0.6));
#15529=VECTOR('',#15530,1.);
#15530=DIRECTION('',(0.,0.,1.));
#15531=CARTESIAN_POINT('',(9.34022213997861,-1.27,0.6));
#15532=VECTOR('',#15533,1.);
#15533=DIRECTION('',(0.,0.,1.));
#15534=CARTESIAN_POINT('',(10.9797778600214,-1.27,0.6));
#15535=VECTOR('',#15536,1.);
#15536=DIRECTION('',(0.,0.,1.));
#15537=CARTESIAN_POINT('',(11.28,-0.75,0.6));
#15538=VECTOR('',#15539,1.);
#15539=DIRECTION('',(0.,0.,1.));
#15540=CARTESIAN_POINT('',(11.58,-0.75,0.6));
#15541=VECTOR('',#15542,1.);
#15542=DIRECTION('',(0.,0.,1.));
#15543=CARTESIAN_POINT('',(11.8802221399786,-1.27,0.6));
#15544=VECTOR('',#15545,1.);
#15545=DIRECTION('',(0.,0.,1.));
#15546=CARTESIAN_POINT('',(13.5197778600214,-1.27,0.6));
#15547=VECTOR('',#15548,1.);
#15548=DIRECTION('',(0.,0.,1.));
#15549=CARTESIAN_POINT('',(13.82,-0.75,0.6));
#15550=VECTOR('',#15551,1.);
#15551=DIRECTION('',(0.,0.,1.));
#15552=CARTESIAN_POINT('',(14.12,-0.75,0.6));
#15553=VECTOR('',#15554,1.);
#15554=DIRECTION('',(0.,0.,1.));
#15555=CARTESIAN_POINT('',(14.4202221399786,-1.27,0.6));
#15556=VECTOR('',#15557,1.);
#15557=DIRECTION('',(0.,0.,1.));
#15558=CARTESIAN_POINT('',(16.0597778600214,-1.27,0.6));
#15559=VECTOR('',#15560,1.);
#15560=DIRECTION('',(0.,0.,1.));
#15561=CARTESIAN_POINT('',(16.36,-0.75,0.6));
#15562=VECTOR('',#15563,1.);
#15563=DIRECTION('',(0.,0.,1.));
#15564=CARTESIAN_POINT('',(16.66,-0.75,0.6));
#15565=VECTOR('',#15566,1.);
#15566=DIRECTION('',(0.,0.,1.));
#15567=CARTESIAN_POINT('',(16.9602221399786,-1.27,0.6));
#15568=VECTOR('',#15569,1.);
#15569=DIRECTION('',(0.,0.,1.));
#15570=CARTESIAN_POINT('',(18.5997778600214,-1.27,0.6));
#15571=VECTOR('',#15572,1.);
#15572=DIRECTION('',(0.,0.,1.));
#15573=CARTESIAN_POINT('',(18.9,-0.75,0.6));
#15574=VECTOR('',#15575,1.);
#15575=DIRECTION('',(0.,0.,1.));
#15576=CARTESIAN_POINT('',(19.2,-0.75,0.6));
#15577=VECTOR('',#15578,1.);
#15578=DIRECTION('',(0.,0.,1.));
#15579=CARTESIAN_POINT('',(19.5002221399786,-1.27,0.6));
#15580=VECTOR('',#15581,1.);
#15581=DIRECTION('',(0.,0.,1.));
#15582=CARTESIAN_POINT('',(21.1397778600214,-1.27,0.6));
#15583=VECTOR('',#15584,1.);
#15584=DIRECTION('',(0.,0.,1.));
#15585=CARTESIAN_POINT('',(21.44,-0.75,0.6));
#15586=VECTOR('',#15587,1.);
#15587=DIRECTION('',(0.,0.,1.));
#15588=CARTESIAN_POINT('',(21.74,-0.75,0.6));
#15589=VECTOR('',#15590,1.);
#15590=DIRECTION('',(0.,0.,1.));
#15591=CARTESIAN_POINT('',(22.0402221399786,-1.27,0.6));
#15592=VECTOR('',#15593,1.);
#15593=DIRECTION('',(0.,0.,1.));
#15594=CARTESIAN_POINT('',(23.6797778600214,-1.27,0.6));
#15595=VECTOR('',#15596,1.);
#15596=DIRECTION('',(0.,0.,1.));
#15597=CARTESIAN_POINT('',(23.98,-0.75,0.6));
#15598=VECTOR('',#15599,1.);
#15599=DIRECTION('',(0.,0.,1.));
#15600=CARTESIAN_POINT('',(24.28,-0.75,0.6));
#15601=VECTOR('',#15602,1.);
#15602=DIRECTION('',(0.,0.,1.));
#15603=CARTESIAN_POINT('',(24.5802221399786,-1.27,0.6));
#15604=VECTOR('',#15605,1.);
#15605=DIRECTION('',(0.,0.,1.));
#15606=CARTESIAN_POINT('',(26.2197778600214,-1.27,0.6));
#15607=VECTOR('',#15608,1.);
#15608=DIRECTION('',(0.,0.,1.));
#15609=CARTESIAN_POINT('',(26.52,-0.75,0.6));
#15610=VECTOR('',#15611,1.);
#15611=DIRECTION('',(0.,0.,1.));
#15612=CARTESIAN_POINT('',(26.82,-0.75,0.6));
#15613=VECTOR('',#15614,1.);
#15614=DIRECTION('',(0.,0.,1.));
#15615=CARTESIAN_POINT('',(27.1202221399786,-1.27,0.6));
#15616=VECTOR('',#15617,1.);
#15617=DIRECTION('',(0.,0.,1.));
#15618=CARTESIAN_POINT('',(28.7597778600214,-1.27,0.6));
#15619=VECTOR('',#15620,1.);
#15620=DIRECTION('',(0.,0.,1.));
#15621=CARTESIAN_POINT('',(29.06,-0.75,0.6));
#15622=VECTOR('',#15623,1.);
#15623=DIRECTION('',(0.,0.,1.));
#15624=CARTESIAN_POINT('',(29.36,-0.75,0.6));
#15625=VECTOR('',#15626,1.);
#15626=DIRECTION('',(0.,0.,1.));
#15627=CARTESIAN_POINT('',(29.6602221399786,-1.27,0.6));
#15628=VECTOR('',#15629,1.);
#15629=DIRECTION('',(0.,0.,1.));
#15630=CARTESIAN_POINT('',(31.2997778600214,-1.27,0.6));
#15631=VECTOR('',#15632,1.);
#15632=DIRECTION('',(0.,0.,1.));
#15633=CARTESIAN_POINT('',(31.6,-0.75,0.6));
#15634=VECTOR('',#15635,1.);
#15635=DIRECTION('',(0.,0.,1.));
#15636=CARTESIAN_POINT('',(31.9,-0.75,0.6));
#15637=VECTOR('',#15638,1.);
#15638=DIRECTION('',(0.,0.,1.));
#15639=CARTESIAN_POINT('',(32.2002221399786,-1.27,0.6));
#15640=VECTOR('',#15641,1.);
#15641=DIRECTION('',(0.,0.,1.));
#15642=CARTESIAN_POINT('',(33.8397778600214,-1.27,0.6));
#15643=VECTOR('',#15644,1.);
#15644=DIRECTION('',(0.,0.,1.));
#15645=CARTESIAN_POINT('',(34.14,-0.75,0.6));
#15646=VECTOR('',#15647,1.);
#15647=DIRECTION('',(0.,0.,1.));
#15648=CARTESIAN_POINT('',(34.44,-0.75,0.6));
#15649=VECTOR('',#15650,1.);
#15650=DIRECTION('',(0.,0.,1.));
#15651=CARTESIAN_POINT('',(34.7402221399786,-1.27,0.6));
#15652=VECTOR('',#15653,1.);
#15653=DIRECTION('',(0.,0.,1.));
#15654=CARTESIAN_POINT('',(36.3797778600214,-1.27,0.6));
#15655=VECTOR('',#15656,1.);
#15656=DIRECTION('',(0.,0.,1.));
#15657=CARTESIAN_POINT('',(36.68,-0.75,0.6));
#15658=VECTOR('',#15659,1.);
#15659=DIRECTION('',(0.,0.,1.));
#15660=CARTESIAN_POINT('',(36.98,-0.75,0.6));
#15661=VECTOR('',#15662,1.);
#15662=DIRECTION('',(0.,0.,1.));
#15663=CARTESIAN_POINT('',(37.2802221399786,-1.27,0.6));
#15664=VECTOR('',#15665,1.);
#15665=DIRECTION('',(0.,0.,1.));
#15666=CARTESIAN_POINT('',(38.9197778600214,-1.27,0.6));
#15667=VECTOR('',#15668,1.);
#15668=DIRECTION('',(0.,0.,1.));
#15669=CARTESIAN_POINT('',(39.22,-0.75,0.6));
#15670=VECTOR('',#15671,1.);
#15671=DIRECTION('',(0.,0.,1.));
#15672=CARTESIAN_POINT('',(39.52,-0.75,0.6));
#15673=VECTOR('',#15674,1.);
#15674=DIRECTION('',(0.,0.,1.));
#15675=CARTESIAN_POINT('',(39.8202221399786,-1.27,0.6));
#15676=VECTOR('',#15677,1.);
#15677=DIRECTION('',(0.,0.,1.));
#15678=CARTESIAN_POINT('',(41.4597778600214,-1.27,0.6));
#15679=VECTOR('',#15680,1.);
#15680=DIRECTION('',(0.,0.,1.));
#15681=CARTESIAN_POINT('',(41.76,-0.75,0.6));
#15682=VECTOR('',#15683,1.);
#15683=DIRECTION('',(0.,0.,1.));
#15684=CARTESIAN_POINT('',(42.06,-0.75,0.6));
#15685=VECTOR('',#15686,1.);
#15686=DIRECTION('',(0.,0.,1.));
#15687=CARTESIAN_POINT('',(42.3602221399786,-1.27,0.6));
#15688=VECTOR('',#15689,1.);
#15689=DIRECTION('',(0.,0.,1.));
#15690=CARTESIAN_POINT('',(43.9997778600214,-1.27,0.6));
#15691=VECTOR('',#15692,1.);
#15692=DIRECTION('',(0.,0.,1.));
#15693=CARTESIAN_POINT('',(44.3,-0.75,0.6));
#15694=VECTOR('',#15695,1.);
#15695=DIRECTION('',(0.,0.,1.));
#15696=CARTESIAN_POINT('',(44.6,-0.75,0.6));
#15697=VECTOR('',#15698,1.);
#15698=DIRECTION('',(0.,0.,1.));
#15699=CARTESIAN_POINT('',(44.9002221399786,-1.27,0.6));
#15700=VECTOR('',#15701,1.);
#15701=DIRECTION('',(0.,0.,1.));
#15702=CARTESIAN_POINT('',(46.5397778600214,-1.27,0.6));
#15703=VECTOR('',#15704,1.);
#15704=DIRECTION('',(0.,0.,1.));
#15705=CARTESIAN_POINT('',(46.84,-0.75,0.6));
#15706=VECTOR('',#15707,1.);
#15707=DIRECTION('',(0.,0.,1.));
#15708=CARTESIAN_POINT('',(47.14,-0.75,0.6));
#15709=VECTOR('',#15710,1.);
#15710=DIRECTION('',(0.,0.,1.));
#15711=CARTESIAN_POINT('',(47.4402221399786,-1.27,0.6));
#15712=VECTOR('',#15713,1.);
#15713=DIRECTION('',(0.,0.,1.));
#15714=CARTESIAN_POINT('',(49.0797778600214,-1.27,0.6));
#15715=VECTOR('',#15716,1.);
#15716=DIRECTION('',(0.,0.,1.));
#15717=CARTESIAN_POINT('',(49.38,-0.75,0.6));
#15718=VECTOR('',#15719,1.);
#15719=DIRECTION('',(0.,0.,1.));
#15720=CARTESIAN_POINT('',(49.68,-0.75,0.6));
#15721=VECTOR('',#15722,1.);
#15722=DIRECTION('',(0.,0.,1.));
#15723=CARTESIAN_POINT('',(49.9802221399786,-1.27,0.6));
#15724=VECTOR('',#15725,1.);
#15725=DIRECTION('',(0.,0.,1.));
#15726=CARTESIAN_POINT('',(51.6197778600214,-1.27,0.6));
#15727=VECTOR('',#15728,1.);
#15728=DIRECTION('',(0.,0.,1.));
#15729=CARTESIAN_POINT('',(51.92,-0.75,0.6));
#15730=VECTOR('',#15731,1.);
#15731=DIRECTION('',(0.,0.,1.));
#15732=CARTESIAN_POINT('',(52.22,-0.75,0.6));
#15733=VECTOR('',#15734,1.);
#15734=DIRECTION('',(0.,0.,1.));
#15735=CARTESIAN_POINT('',(52.5202221399786,-1.27,0.6));
#15736=VECTOR('',#15737,1.);
#15737=DIRECTION('',(0.,0.,1.));
#15738=CARTESIAN_POINT('',(54.1597778600214,-1.27,0.6));
#15739=VECTOR('',#15740,1.);
#15740=DIRECTION('',(0.,0.,1.));
#15741=CARTESIAN_POINT('',(54.46,-0.75,0.6));
#15742=VECTOR('',#15743,1.);
#15743=DIRECTION('',(0.,0.,1.));
#15744=CARTESIAN_POINT('',(54.76,-0.75,0.6));
#15745=VECTOR('',#15746,1.);
#15746=DIRECTION('',(0.,0.,1.));
#15747=CARTESIAN_POINT('',(55.0602221399786,-1.27,0.6));
#15748=VECTOR('',#15749,1.);
#15749=DIRECTION('',(0.,0.,1.));
#15750=CARTESIAN_POINT('',(56.6997778600214,-1.27,0.6));
#15751=VECTOR('',#15752,1.);
#15752=DIRECTION('',(0.,0.,1.));
#15753=CARTESIAN_POINT('',(57.,-0.75,0.6));
#15754=VECTOR('',#15755,1.);
#15755=DIRECTION('',(0.,0.,1.));
#15756=CARTESIAN_POINT('',(57.3,-0.75,0.6));
#15757=VECTOR('',#15758,1.);
#15758=DIRECTION('',(0.,0.,1.));
#15759=CARTESIAN_POINT('',(57.6002221399786,-1.27,0.6));
#15760=VECTOR('',#15761,1.);
#15761=DIRECTION('',(0.,0.,1.));
#15762=CARTESIAN_POINT('',(59.2397778600214,-1.27,0.6));
#15763=VECTOR('',#15764,1.);
#15764=DIRECTION('',(0.,0.,1.));
#15765=CARTESIAN_POINT('',(59.54,-0.75,0.6));
#15766=VECTOR('',#15767,1.);
#15767=DIRECTION('',(0.,0.,1.));
#15768=CARTESIAN_POINT('',(59.84,-0.75,0.6));
#15769=VECTOR('',#15770,1.);
#15770=DIRECTION('',(0.,0.,1.));
#15771=CARTESIAN_POINT('',(60.1402221399786,-1.27,0.6));
#15772=VECTOR('',#15773,1.);
#15773=DIRECTION('',(0.,0.,1.));
#15774=CARTESIAN_POINT('',(61.7797778600214,-1.27,0.6));
#15775=VECTOR('',#15776,1.);
#15776=DIRECTION('',(0.,0.,1.));
#15777=CARTESIAN_POINT('',(62.08,-0.75,0.6));
#15778=VECTOR('',#15779,1.);
#15779=DIRECTION('',(0.,0.,1.));
#15780=CARTESIAN_POINT('',(62.23,-0.75,0.6));
#15781=VECTOR('',#15782,1.);
#15782=DIRECTION('',(0.,0.,1.));
#15783=CARTESIAN_POINT('',(62.23,0.75,0.6));
#15784=VECTOR('',#15785,1.);
#15785=DIRECTION('',(0.,0.,1.));
#15786=CARTESIAN_POINT('',(62.08,0.75,0.6));
#15787=VECTOR('',#15788,1.);
#15788=DIRECTION('',(0.,0.,1.));
#15789=CARTESIAN_POINT('',(61.7797778600214,1.27,0.6));
#15790=VECTOR('',#15791,1.);
#15791=DIRECTION('',(0.,0.,1.));
#15792=CARTESIAN_POINT('',(60.1402221399786,1.27,0.6));
#15793=VECTOR('',#15794,1.);
#15794=DIRECTION('',(0.,0.,1.));
#15795=CARTESIAN_POINT('',(59.84,0.75,0.6));
#15796=VECTOR('',#15797,1.);
#15797=DIRECTION('',(0.,0.,1.));
#15798=CARTESIAN_POINT('',(59.54,0.75,0.6));
#15799=VECTOR('',#15800,1.);
#15800=DIRECTION('',(0.,0.,1.));
#15801=CARTESIAN_POINT('',(59.2397778600214,1.27,0.6));
#15802=VECTOR('',#15803,1.);
#15803=DIRECTION('',(0.,0.,1.));
#15804=CARTESIAN_POINT('',(57.6002221399786,1.27,0.6));
#15805=VECTOR('',#15806,1.);
#15806=DIRECTION('',(0.,0.,1.));
#15807=CARTESIAN_POINT('',(57.3,0.75,0.6));
#15808=VECTOR('',#15809,1.);
#15809=DIRECTION('',(0.,0.,1.));
#15810=CARTESIAN_POINT('',(57.,0.75,0.6));
#15811=VECTOR('',#15812,1.);
#15812=DIRECTION('',(0.,0.,1.));
#15813=CARTESIAN_POINT('',(56.6997778600214,1.27,0.6));
#15814=VECTOR('',#15815,1.);
#15815=DIRECTION('',(0.,0.,1.));
#15816=CARTESIAN_POINT('',(55.0602221399786,1.27,0.6));
#15817=VECTOR('',#15818,1.);
#15818=DIRECTION('',(0.,0.,1.));
#15819=CARTESIAN_POINT('',(54.76,0.75,0.6));
#15820=VECTOR('',#15821,1.);
#15821=DIRECTION('',(0.,0.,1.));
#15822=CARTESIAN_POINT('',(54.46,0.75,0.6));
#15823=VECTOR('',#15824,1.);
#15824=DIRECTION('',(0.,0.,1.));
#15825=CARTESIAN_POINT('',(54.1597778600214,1.27,0.6));
#15826=VECTOR('',#15827,1.);
#15827=DIRECTION('',(0.,0.,1.));
#15828=CARTESIAN_POINT('',(52.5202221399786,1.27,0.6));
#15829=VECTOR('',#15830,1.);
#15830=DIRECTION('',(0.,0.,1.));
#15831=CARTESIAN_POINT('',(52.22,0.75,0.6));
#15832=VECTOR('',#15833,1.);
#15833=DIRECTION('',(0.,0.,1.));
#15834=CARTESIAN_POINT('',(51.92,0.75,0.6));
#15835=VECTOR('',#15836,1.);
#15836=DIRECTION('',(0.,0.,1.));
#15837=CARTESIAN_POINT('',(51.6197778600214,1.27,0.6));
#15838=VECTOR('',#15839,1.);
#15839=DIRECTION('',(0.,0.,1.));
#15840=CARTESIAN_POINT('',(49.9802221399786,1.27,0.6));
#15841=VECTOR('',#15842,1.);
#15842=DIRECTION('',(0.,0.,1.));
#15843=CARTESIAN_POINT('',(49.68,0.75,0.6));
#15844=VECTOR('',#15845,1.);
#15845=DIRECTION('',(0.,0.,1.));
#15846=CARTESIAN_POINT('',(49.38,0.75,0.6));
#15847=VECTOR('',#15848,1.);
#15848=DIRECTION('',(0.,0.,1.));
#15849=CARTESIAN_POINT('',(49.0797778600214,1.27,0.6));
#15850=VECTOR('',#15851,1.);
#15851=DIRECTION('',(0.,0.,1.));
#15852=CARTESIAN_POINT('',(47.4402221399786,1.27,0.6));
#15853=VECTOR('',#15854,1.);
#15854=DIRECTION('',(0.,0.,1.));
#15855=CARTESIAN_POINT('',(47.14,0.75,0.6));
#15856=VECTOR('',#15857,1.);
#15857=DIRECTION('',(0.,0.,1.));
#15858=CARTESIAN_POINT('',(46.84,0.75,0.6));
#15859=VECTOR('',#15860,1.);
#15860=DIRECTION('',(0.,0.,1.));
#15861=CARTESIAN_POINT('',(46.5397778600214,1.27,0.6));
#15862=VECTOR('',#15863,1.);
#15863=DIRECTION('',(0.,0.,1.));
#15864=CARTESIAN_POINT('',(44.9002221399786,1.27,0.6));
#15865=VECTOR('',#15866,1.);
#15866=DIRECTION('',(0.,0.,1.));
#15867=CARTESIAN_POINT('',(44.6,0.75,0.6));
#15868=VECTOR('',#15869,1.);
#15869=DIRECTION('',(0.,0.,1.));
#15870=CARTESIAN_POINT('',(44.3,0.75,0.6));
#15871=VECTOR('',#15872,1.);
#15872=DIRECTION('',(0.,0.,1.));
#15873=CARTESIAN_POINT('',(43.9997778600214,1.27,0.6));
#15874=VECTOR('',#15875,1.);
#15875=DIRECTION('',(0.,0.,1.));
#15876=CARTESIAN_POINT('',(42.3602221399786,1.27,0.6));
#15877=VECTOR('',#15878,1.);
#15878=DIRECTION('',(0.,0.,1.));
#15879=CARTESIAN_POINT('',(42.06,0.75,0.6));
#15880=VECTOR('',#15881,1.);
#15881=DIRECTION('',(0.,0.,1.));
#15882=CARTESIAN_POINT('',(41.76,0.75,0.6));
#15883=VECTOR('',#15884,1.);
#15884=DIRECTION('',(0.,0.,1.));
#15885=CARTESIAN_POINT('',(41.4597778600214,1.27,0.6));
#15886=VECTOR('',#15887,1.);
#15887=DIRECTION('',(0.,0.,1.));
#15888=CARTESIAN_POINT('',(39.8202221399786,1.27,0.6));
#15889=VECTOR('',#15890,1.);
#15890=DIRECTION('',(0.,0.,1.));
#15891=CARTESIAN_POINT('',(39.52,0.75,0.6));
#15892=VECTOR('',#15893,1.);
#15893=DIRECTION('',(0.,0.,1.));
#15894=CARTESIAN_POINT('',(39.22,0.75,0.6));
#15895=VECTOR('',#15896,1.);
#15896=DIRECTION('',(0.,0.,1.));
#15897=CARTESIAN_POINT('',(38.9197778600214,1.27,0.6));
#15898=VECTOR('',#15899,1.);
#15899=DIRECTION('',(0.,0.,1.));
#15900=CARTESIAN_POINT('',(37.2802221399786,1.27,0.6));
#15901=VECTOR('',#15902,1.);
#15902=DIRECTION('',(0.,0.,1.));
#15903=CARTESIAN_POINT('',(36.98,0.75,0.6));
#15904=VECTOR('',#15905,1.);
#15905=DIRECTION('',(0.,0.,1.));
#15906=CARTESIAN_POINT('',(36.68,0.75,0.6));
#15907=VECTOR('',#15908,1.);
#15908=DIRECTION('',(0.,0.,1.));
#15909=CARTESIAN_POINT('',(36.3797778600214,1.27,0.6));
#15910=VECTOR('',#15911,1.);
#15911=DIRECTION('',(0.,0.,1.));
#15912=CARTESIAN_POINT('',(34.7402221399786,1.27,0.6));
#15913=VECTOR('',#15914,1.);
#15914=DIRECTION('',(0.,0.,1.));
#15915=CARTESIAN_POINT('',(34.44,0.75,0.6));
#15916=VECTOR('',#15917,1.);
#15917=DIRECTION('',(0.,0.,1.));
#15918=CARTESIAN_POINT('',(34.14,0.75,0.6));
#15919=VECTOR('',#15920,1.);
#15920=DIRECTION('',(0.,0.,1.));
#15921=CARTESIAN_POINT('',(33.8397778600214,1.27,0.6));
#15922=VECTOR('',#15923,1.);
#15923=DIRECTION('',(0.,0.,1.));
#15924=CARTESIAN_POINT('',(32.2002221399786,1.27,0.6));
#15925=VECTOR('',#15926,1.);
#15926=DIRECTION('',(0.,0.,1.));
#15927=CARTESIAN_POINT('',(31.9,0.75,0.6));
#15928=VECTOR('',#15929,1.);
#15929=DIRECTION('',(0.,0.,1.));
#15930=CARTESIAN_POINT('',(31.6,0.75,0.6));
#15931=VECTOR('',#15932,1.);
#15932=DIRECTION('',(0.,0.,1.));
#15933=CARTESIAN_POINT('',(31.2997778600214,1.27,0.6));
#15934=VECTOR('',#15935,1.);
#15935=DIRECTION('',(0.,0.,1.));
#15936=CARTESIAN_POINT('',(29.6602221399786,1.27,0.6));
#15937=VECTOR('',#15938,1.);
#15938=DIRECTION('',(0.,0.,1.));
#15939=CARTESIAN_POINT('',(29.36,0.75,0.6));
#15940=VECTOR('',#15941,1.);
#15941=DIRECTION('',(0.,0.,1.));
#15942=CARTESIAN_POINT('',(29.06,0.75,0.6));
#15943=VECTOR('',#15944,1.);
#15944=DIRECTION('',(0.,0.,1.));
#15945=CARTESIAN_POINT('',(28.7597778600214,1.27,0.6));
#15946=VECTOR('',#15947,1.);
#15947=DIRECTION('',(0.,0.,1.));
#15948=CARTESIAN_POINT('',(27.1202221399786,1.27,0.6));
#15949=VECTOR('',#15950,1.);
#15950=DIRECTION('',(0.,0.,1.));
#15951=CARTESIAN_POINT('',(26.82,0.75,0.6));
#15952=VECTOR('',#15953,1.);
#15953=DIRECTION('',(0.,0.,1.));
#15954=CARTESIAN_POINT('',(26.52,0.75,0.6));
#15955=VECTOR('',#15956,1.);
#15956=DIRECTION('',(0.,0.,1.));
#15957=CARTESIAN_POINT('',(26.2197778600214,1.27,0.6));
#15958=VECTOR('',#15959,1.);
#15959=DIRECTION('',(0.,0.,1.));
#15960=CARTESIAN_POINT('',(24.5802221399786,1.27,0.6));
#15961=VECTOR('',#15962,1.);
#15962=DIRECTION('',(0.,0.,1.));
#15963=CARTESIAN_POINT('',(24.28,0.75,0.6));
#15964=VECTOR('',#15965,1.);
#15965=DIRECTION('',(0.,0.,1.));
#15966=CARTESIAN_POINT('',(23.98,0.75,0.6));
#15967=VECTOR('',#15968,1.);
#15968=DIRECTION('',(0.,0.,1.));
#15969=CARTESIAN_POINT('',(23.6797778600214,1.27,0.6));
#15970=VECTOR('',#15971,1.);
#15971=DIRECTION('',(0.,0.,1.));
#15972=CARTESIAN_POINT('',(22.0402221399786,1.27,0.6));
#15973=VECTOR('',#15974,1.);
#15974=DIRECTION('',(0.,0.,1.));
#15975=CARTESIAN_POINT('',(21.74,0.75,0.6));
#15976=VECTOR('',#15977,1.);
#15977=DIRECTION('',(0.,0.,1.));
#15978=CARTESIAN_POINT('',(21.44,0.75,0.6));
#15979=VECTOR('',#15980,1.);
#15980=DIRECTION('',(0.,0.,1.));
#15981=CARTESIAN_POINT('',(21.1397778600214,1.27,0.6));
#15982=VECTOR('',#15983,1.);
#15983=DIRECTION('',(0.,0.,1.));
#15984=CARTESIAN_POINT('',(19.5002221399786,1.27,0.6));
#15985=VECTOR('',#15986,1.);
#15986=DIRECTION('',(0.,0.,1.));
#15987=CARTESIAN_POINT('',(19.2,0.75,0.6));
#15988=VECTOR('',#15989,1.);
#15989=DIRECTION('',(0.,0.,1.));
#15990=CARTESIAN_POINT('',(18.9,0.75,0.6));
#15991=VECTOR('',#15992,1.);
#15992=DIRECTION('',(0.,0.,1.));
#15993=CARTESIAN_POINT('',(18.5997778600214,1.27,0.6));
#15994=VECTOR('',#15995,1.);
#15995=DIRECTION('',(0.,0.,1.));
#15996=CARTESIAN_POINT('',(16.9602221399786,1.27,0.6));
#15997=VECTOR('',#15998,1.);
#15998=DIRECTION('',(0.,0.,1.));
#15999=CARTESIAN_POINT('',(16.66,0.75,0.6));
#16000=VECTOR('',#16001,1.);
#16001=DIRECTION('',(0.,0.,1.));
#16002=CARTESIAN_POINT('',(16.36,0.75,0.6));
#16003=VECTOR('',#16004,1.);
#16004=DIRECTION('',(0.,0.,1.));
#16005=CARTESIAN_POINT('',(16.0597778600214,1.27,0.6));
#16006=VECTOR('',#16007,1.);
#16007=DIRECTION('',(0.,0.,1.));
#16008=CARTESIAN_POINT('',(14.4202221399786,1.27,0.6));
#16009=VECTOR('',#16010,1.);
#16010=DIRECTION('',(0.,0.,1.));
#16011=CARTESIAN_POINT('',(14.12,0.75,0.6));
#16012=VECTOR('',#16013,1.);
#16013=DIRECTION('',(0.,0.,1.));
#16014=CARTESIAN_POINT('',(13.82,0.75,0.6));
#16015=VECTOR('',#16016,1.);
#16016=DIRECTION('',(0.,0.,1.));
#16017=CARTESIAN_POINT('',(13.5197778600214,1.27,0.6));
#16018=VECTOR('',#16019,1.);
#16019=DIRECTION('',(0.,0.,1.));
#16020=CARTESIAN_POINT('',(11.8802221399786,1.27,0.6));
#16021=VECTOR('',#16022,1.);
#16022=DIRECTION('',(0.,0.,1.));
#16023=CARTESIAN_POINT('',(11.58,0.75,0.6));
#16024=VECTOR('',#16025,1.);
#16025=DIRECTION('',(0.,0.,1.));
#16026=CARTESIAN_POINT('',(11.28,0.75,0.6));
#16027=VECTOR('',#16028,1.);
#16028=DIRECTION('',(0.,0.,1.));
#16029=CARTESIAN_POINT('',(10.9797778600214,1.27,0.6));
#16030=VECTOR('',#16031,1.);
#16031=DIRECTION('',(0.,0.,1.));
#16032=CARTESIAN_POINT('',(9.34022213997861,1.27,0.6));
#16033=VECTOR('',#16034,1.);
#16034=DIRECTION('',(0.,0.,1.));
#16035=CARTESIAN_POINT('',(9.04,0.75,0.6));
#16036=VECTOR('',#16037,1.);
#16037=DIRECTION('',(0.,0.,1.));
#16038=CARTESIAN_POINT('',(8.74,0.75,0.6));
#16039=VECTOR('',#16040,1.);
#16040=DIRECTION('',(0.,0.,1.));
#16041=CARTESIAN_POINT('',(8.43977786002139,1.27,0.6));
#16042=VECTOR('',#16043,1.);
#16043=DIRECTION('',(0.,0.,1.));
#16044=CARTESIAN_POINT('',(6.8002221399786,1.27,0.6));
#16045=VECTOR('',#16046,1.);
#16046=DIRECTION('',(0.,0.,1.));
#16047=CARTESIAN_POINT('',(6.5,0.75,0.6));
#16048=VECTOR('',#16049,1.);
#16049=DIRECTION('',(0.,0.,1.));
#16050=CARTESIAN_POINT('',(6.2,0.75,0.6));
#16051=VECTOR('',#16052,1.);
#16052=DIRECTION('',(0.,0.,1.));
#16053=CARTESIAN_POINT('',(5.89977786002139,1.27,0.6));
#16054=VECTOR('',#16055,1.);
#16055=DIRECTION('',(0.,0.,1.));
#16056=CARTESIAN_POINT('',(4.26022213997861,1.27,0.6));
#16057=VECTOR('',#16058,1.);
#16058=DIRECTION('',(0.,0.,1.));
#16059=CARTESIAN_POINT('',(3.96,0.75,0.6));
#16060=VECTOR('',#16061,1.);
#16061=DIRECTION('',(0.,0.,1.));
#16062=CARTESIAN_POINT('',(3.66,0.75,0.6));
#16063=VECTOR('',#16064,1.);
#16064=DIRECTION('',(0.,0.,1.));
#16065=CARTESIAN_POINT('',(3.35977786002139,1.27,0.6));
#16066=VECTOR('',#16067,1.);
#16067=DIRECTION('',(0.,0.,1.));
#16068=CARTESIAN_POINT('',(1.72022213997861,1.27,0.6));
#16069=VECTOR('',#16070,1.);
#16070=DIRECTION('',(0.,0.,1.));
#16071=CARTESIAN_POINT('',(1.42,0.75,0.6));
#16072=VECTOR('',#16073,1.);
#16073=DIRECTION('',(0.,0.,1.));
#16074=CARTESIAN_POINT('',(1.12,0.75,0.6));
#16075=VECTOR('',#16076,1.);
#16076=DIRECTION('',(0.,0.,1.));
#16077=CARTESIAN_POINT('',(0.819777860021395,1.27,0.6));
#16078=VECTOR('',#16079,1.);
#16079=DIRECTION('',(0.,0.,1.));
#16080=CARTESIAN_POINT('',(-0.819777860021395,1.27,0.6));
#16081=VECTOR('',#16082,1.);
#16082=DIRECTION('',(0.,0.,1.));
#16083=CARTESIAN_POINT('',(-1.12,0.75,0.6));
#16084=VECTOR('',#16085,1.);
#16085=DIRECTION('',(0.,0.,1.));
#16086=CARTESIAN_POINT('',(-1.27,0.75,0.6));
#16087=VECTOR('',#16088,1.);
#16088=DIRECTION('',(0.,0.,1.));
#16089=CARTESIAN_POINT('',(0.9,0.,3.1));
#16090=AXIS2_PLACEMENT_3D('',#16091,#16092,#16093);
#16091=CARTESIAN_POINT('',(0.,0.,3.1));
#16092=DIRECTION('',(0.,0.,1.));
#16093=DIRECTION('',(1.,0.,0.));
#16094=CARTESIAN_POINT('',(0.66,-8.08266887437253E-017,3.1));
#16095=AXIS2_PLACEMENT_3D('',#16096,#16097,#16098);
#16096=CARTESIAN_POINT('',(0.,0.,3.1));
#16097=DIRECTION('',(0.,0.,1.));
#16098=DIRECTION('',(1.,0.,0.));
#16099=CARTESIAN_POINT('',(-0.23,-4.54956285883242E-016,6.97));
#16100=AXIS2_PLACEMENT_3D('',#16101,#16102,#16103);
#16101=CARTESIAN_POINT('',(-4.26789409502853E-016,-4.26789409502853E-016,6.97));
#16102=DIRECTION('',(-6.12323399573677E-017,-6.12323399573677E-017,1.));
#16103=DIRECTION('',(-1.,-1.22464679914736E-016,-6.12323399573677E-017));
#16104=CARTESIAN_POINT('',(-0.23,-2.48603300226913E-016,3.6));
#16105=AXIS2_PLACEMENT_3D('',#16106,#16107,#16108);
#16106=CARTESIAN_POINT('',(-2.20436423846524E-016,-2.20436423846524E-016,3.6));
#16107=DIRECTION('',(-6.12323399573677E-017,-6.12323399573677E-017,1.));
#16108=DIRECTION('',(-1.,-1.22464679914735E-016,-6.12323399573677E-017));
#16109=CARTESIAN_POINT('',(-0.9,-3.30654635769785E-016,3.6));
#16110=AXIS2_PLACEMENT_3D('',#16111,#16112,#16113);
#16111=CARTESIAN_POINT('',(-2.20436423846524E-016,-2.20436423846524E-016,3.6));
#16112=DIRECTION('',(-6.12323399573677E-017,-6.12323399573677E-017,1.));
#16113=DIRECTION('',(-1.,-1.22464679914735E-016,-6.12323399573677E-017));
#16114=CARTESIAN_POINT('',(-0.9,-3.00038465791102E-016,3.1));
#16115=AXIS2_PLACEMENT_3D('',#16116,#16117,#16118);
#16116=CARTESIAN_POINT('',(-1.8982025386784E-016,-1.8982025386784E-016,3.1));
#16117=DIRECTION('',(-6.12323399573677E-017,-6.12323399573677E-017,1.));
#16118=DIRECTION('',(-1.,-1.22464679914735E-016,-6.12323399573677E-017));
#16119=CARTESIAN_POINT('',(-0.66,-2.70646942611565E-016,3.1));
#16120=AXIS2_PLACEMENT_3D('',#16121,#16122,#16123);
#16121=CARTESIAN_POINT('',(-1.8982025386784E-016,-1.8982025386784E-016,3.1));
#16122=DIRECTION('',(-6.12323399573677E-017,-6.12323399573677E-017,1.));
#16123=DIRECTION('',(-1.,-1.22464679914735E-016,-6.12323399573677E-017));
#16124=CARTESIAN_POINT('',(-0.66,-1.07156594925393E-016,0.43));
#16125=AXIS2_PLACEMENT_3D('',#16126,#16127,#16128);
#16126=CARTESIAN_POINT('',(-2.63299061816681E-017,-2.63299061816681E-017,0.43));
#16127=DIRECTION('',(-6.12323399573677E-017,-6.12323399573677E-017,1.));
#16128=DIRECTION('',(-1.,-1.22464679914735E-016,-6.12323399573677E-017));
#16129=CARTESIAN_POINT('',(-0.23,-2.81668763803891E-017,-2.81668763803891E-017));
#16130=AXIS2_PLACEMENT_3D('',#16131,#16132,#16133);
#16131=CARTESIAN_POINT('',(0.,0.,0.));
#16132=DIRECTION('',(-6.12323399573677E-017,-6.12323399573676E-017,1.));
#16133=DIRECTION('',(-1.,-1.22464679914735E-016,-6.12323399573677E-017));
#16134=CARTESIAN_POINT('',(-0.23,1.29200237310046E-016,-2.57));
#16135=AXIS2_PLACEMENT_3D('',#16136,#16137,#16138);
#16136=CARTESIAN_POINT('',(1.57367113690435E-016,1.57367113690435E-016,-2.57));
#16137=DIRECTION('',(-6.12323399573677E-017,-6.12323399573676E-017,1.));
#16138=DIRECTION('',(-1.,-1.22464679914735E-016,-6.12323399573677E-017));
#16139=CARTESIAN_POINT('',(2.31,-4.54956285883242E-016,6.97));
#16140=AXIS2_PLACEMENT_3D('',#16141,#16142,#16143);
#16141=CARTESIAN_POINT('',(2.54,-4.26789409502853E-016,6.97));
#16142=DIRECTION('',(-6.12323399573677E-017,-6.12323399573677E-017,1.));
#16143=DIRECTION('',(-1.,-1.22464679914736E-016,-6.12323399573677E-017));
#16144=CARTESIAN_POINT('',(2.31,-2.48603300226913E-016,3.6));
#16145=AXIS2_PLACEMENT_3D('',#16146,#16147,#16148);
#16146=CARTESIAN_POINT('',(2.54,-2.20436423846524E-016,3.6));
#16147=DIRECTION('',(-6.12323399573677E-017,-6.12323399573677E-017,1.));
#16148=DIRECTION('',(-1.,-1.22464679914735E-016,-6.12323399573677E-017));
#16149=CARTESIAN_POINT('',(1.64,-3.30654635769785E-016,3.6));
#16150=AXIS2_PLACEMENT_3D('',#16151,#16152,#16153);
#16151=CARTESIAN_POINT('',(2.54,-2.20436423846524E-016,3.6));
#16152=DIRECTION('',(-6.12323399573677E-017,-6.12323399573677E-017,1.));
#16153=DIRECTION('',(-1.,-1.22464679914735E-016,-6.12323399573677E-017));
#16154=CARTESIAN_POINT('',(1.64,-3.00038465791102E-016,3.1));
#16155=AXIS2_PLACEMENT_3D('',#16156,#16157,#16158);
#16156=CARTESIAN_POINT('',(2.54,-1.8982025386784E-016,3.1));
#16157=DIRECTION('',(-6.12323399573677E-017,-6.12323399573677E-017,1.));
#16158=DIRECTION('',(-1.,-1.22464679914735E-016,-6.12323399573677E-017));
#16159=CARTESIAN_POINT('',(1.88,-2.70646942611565E-016,3.1));
#16160=AXIS2_PLACEMENT_3D('',#16161,#16162,#16163);
#16161=CARTESIAN_POINT('',(2.54,-1.8982025386784E-016,3.1));
#16162=DIRECTION('',(-6.12323399573677E-017,-6.12323399573677E-017,1.));
#16163=DIRECTION('',(-1.,-1.22464679914735E-016,-6.12323399573677E-017));
#16164=CARTESIAN_POINT('',(1.88,-1.07156594925393E-016,0.43));
#16165=AXIS2_PLACEMENT_3D('',#16166,#16167,#16168);
#16166=CARTESIAN_POINT('',(2.54,-2.63299061816681E-017,0.43));
#16167=DIRECTION('',(-6.12323399573677E-017,-6.12323399573677E-017,1.));
#16168=DIRECTION('',(-1.,-1.22464679914735E-016,-6.12323399573677E-017));
#16169=CARTESIAN_POINT('',(2.31,-2.81668763803891E-017,-2.81668763803891E-017));
#16170=AXIS2_PLACEMENT_3D('',#16171,#16172,#16173);
#16171=CARTESIAN_POINT('',(2.54,0.,0.));
#16172=DIRECTION('',(-6.12323399573677E-017,-6.12323399573676E-017,1.));
#16173=DIRECTION('',(-1.,-1.22464679914735E-016,-6.12323399573677E-017));
#16174=CARTESIAN_POINT('',(2.31,1.29200237310046E-016,-2.57));
#16175=AXIS2_PLACEMENT_3D('',#16176,#16177,#16178);
#16176=CARTESIAN_POINT('',(2.54,1.57367113690435E-016,-2.57));
#16177=DIRECTION('',(-6.12323399573677E-017,-6.12323399573676E-017,1.));
#16178=DIRECTION('',(-1.,-1.22464679914735E-016,-6.12323399573677E-017));
#16179=CARTESIAN_POINT('',(4.85,-4.54956285883242E-016,6.97));
#16180=AXIS2_PLACEMENT_3D('',#16181,#16182,#16183);
#16181=CARTESIAN_POINT('',(5.08,-4.26789409502853E-016,6.97));
#16182=DIRECTION('',(-6.12323399573677E-017,-6.12323399573677E-017,1.));
#16183=DIRECTION('',(-1.,-1.22464679914736E-016,-6.12323399573677E-017));
#16184=CARTESIAN_POINT('',(4.85,-2.48603300226913E-016,3.6));
#16185=AXIS2_PLACEMENT_3D('',#16186,#16187,#16188);
#16186=CARTESIAN_POINT('',(5.08,-2.20436423846524E-016,3.6));
#16187=DIRECTION('',(-6.12323399573677E-017,-6.12323399573677E-017,1.));
#16188=DIRECTION('',(-1.,-1.22464679914735E-016,-6.12323399573677E-017));
#16189=CARTESIAN_POINT('',(4.18,-3.30654635769785E-016,3.6));
#16190=AXIS2_PLACEMENT_3D('',#16191,#16192,#16193);
#16191=CARTESIAN_POINT('',(5.08,-2.20436423846524E-016,3.6));
#16192=DIRECTION('',(-6.12323399573677E-017,-6.12323399573677E-017,1.));
#16193=DIRECTION('',(-1.,-1.22464679914735E-016,-6.12323399573677E-017));
#16194=CARTESIAN_POINT('',(4.18,-3.00038465791102E-016,3.1));
#16195=AXIS2_PLACEMENT_3D('',#16196,#16197,#16198);
#16196=CARTESIAN_POINT('',(5.08,-1.8982025386784E-016,3.1));
#16197=DIRECTION('',(-6.12323399573677E-017,-6.12323399573677E-017,1.));
#16198=DIRECTION('',(-1.,-1.22464679914735E-016,-6.12323399573677E-017));
#16199=CARTESIAN_POINT('',(4.42,-2.70646942611565E-016,3.1));
#16200=AXIS2_PLACEMENT_3D('',#16201,#16202,#16203);
#16201=CARTESIAN_POINT('',(5.08,-1.8982025386784E-016,3.1));
#16202=DIRECTION('',(-6.12323399573677E-017,-6.12323399573677E-017,1.));
#16203=DIRECTION('',(-1.,-1.22464679914735E-016,-6.12323399573677E-017));
#16204=CARTESIAN_POINT('',(4.42,-1.07156594925393E-016,0.43));
#16205=AXIS2_PLACEMENT_3D('',#16206,#16207,#16208);
#16206=CARTESIAN_POINT('',(5.08,-2.63299061816681E-017,0.43));
#16207=DIRECTION('',(-6.12323399573677E-017,-6.12323399573677E-017,1.));
#16208=DIRECTION('',(-1.,-1.22464679914735E-016,-6.12323399573677E-017));
#16209=CARTESIAN_POINT('',(4.85,-2.81668763803891E-017,-2.81668763803891E-017));
#16210=AXIS2_PLACEMENT_3D('',#16211,#16212,#16213);
#16211=CARTESIAN_POINT('',(5.08,0.,0.));
#16212=DIRECTION('',(-6.12323399573677E-017,-6.12323399573676E-017,1.));
#16213=DIRECTION('',(-1.,-1.22464679914735E-016,-6.12323399573677E-017));
#16214=CARTESIAN_POINT('',(4.85,1.29200237310046E-016,-2.57));
#16215=AXIS2_PLACEMENT_3D('',#16216,#16217,#16218);
#16216=CARTESIAN_POINT('',(5.08,1.57367113690435E-016,-2.57));
#16217=DIRECTION('',(-6.12323399573677E-017,-6.12323399573676E-017,1.));
#16218=DIRECTION('',(-1.,-1.22464679914735E-016,-6.12323399573677E-017));
#16219=CARTESIAN_POINT('',(7.39,-4.54956285883242E-016,6.97));
#16220=AXIS2_PLACEMENT_3D('',#16221,#16222,#16223);
#16221=CARTESIAN_POINT('',(7.62,-4.26789409502853E-016,6.97));
#16222=DIRECTION('',(-6.12323399573677E-017,-6.12323399573677E-017,1.));
#16223=DIRECTION('',(-1.,-1.22464679914736E-016,-6.12323399573677E-017));
#16224=CARTESIAN_POINT('',(7.39,-2.48603300226913E-016,3.6));
#16225=AXIS2_PLACEMENT_3D('',#16226,#16227,#16228);
#16226=CARTESIAN_POINT('',(7.62,-2.20436423846524E-016,3.6));
#16227=DIRECTION('',(-6.12323399573677E-017,-6.12323399573677E-017,1.));
#16228=DIRECTION('',(-1.,-1.22464679914735E-016,-6.12323399573677E-017));
#16229=CARTESIAN_POINT('',(6.72,-3.30654635769785E-016,3.6));
#16230=AXIS2_PLACEMENT_3D('',#16231,#16232,#16233);
#16231=CARTESIAN_POINT('',(7.62,-2.20436423846524E-016,3.6));
#16232=DIRECTION('',(-6.12323399573677E-017,-6.12323399573677E-017,1.));
#16233=DIRECTION('',(-1.,-1.22464679914735E-016,-6.12323399573677E-017));
#16234=CARTESIAN_POINT('',(6.72,-3.00038465791102E-016,3.1));
#16235=AXIS2_PLACEMENT_3D('',#16236,#16237,#16238);
#16236=CARTESIAN_POINT('',(7.62,-1.8982025386784E-016,3.1));
#16237=DIRECTION('',(-6.12323399573677E-017,-6.12323399573677E-017,1.));
#16238=DIRECTION('',(-1.,-1.22464679914735E-016,-6.12323399573677E-017));
#16239=CARTESIAN_POINT('',(6.96,-2.70646942611565E-016,3.1));
#16240=AXIS2_PLACEMENT_3D('',#16241,#16242,#16243);
#16241=CARTESIAN_POINT('',(7.62,-1.8982025386784E-016,3.1));
#16242=DIRECTION('',(-6.12323399573677E-017,-6.12323399573677E-017,1.));
#16243=DIRECTION('',(-1.,-1.22464679914735E-016,-6.12323399573677E-017));
#16244=CARTESIAN_POINT('',(6.96,-1.07156594925393E-016,0.43));
#16245=AXIS2_PLACEMENT_3D('',#16246,#16247,#16248);
#16246=CARTESIAN_POINT('',(7.62,-2.63299061816681E-017,0.43));
#16247=DIRECTION('',(-6.12323399573677E-017,-6.12323399573677E-017,1.));
#16248=DIRECTION('',(-1.,-1.22464679914735E-016,-6.12323399573677E-017));
#16249=CARTESIAN_POINT('',(7.39,-2.81668763803891E-017,-2.81668763803891E-017));
#16250=AXIS2_PLACEMENT_3D('',#16251,#16252,#16253);
#16251=CARTESIAN_POINT('',(7.62,0.,0.));
#16252=DIRECTION('',(-6.12323399573677E-017,-6.12323399573676E-017,1.));
#16253=DIRECTION('',(-1.,-1.22464679914735E-016,-6.12323399573677E-017));
#16254=CARTESIAN_POINT('',(7.39,1.29200237310046E-016,-2.57));
#16255=AXIS2_PLACEMENT_3D('',#16256,#16257,#16258);
#16256=CARTESIAN_POINT('',(7.62,1.57367113690435E-016,-2.57));
#16257=DIRECTION('',(-6.12323399573677E-017,-6.12323399573676E-017,1.));
#16258=DIRECTION('',(-1.,-1.22464679914735E-016,-6.12323399573677E-017));
#16259=CARTESIAN_POINT('',(9.93,-4.54956285883242E-016,6.97));
#16260=AXIS2_PLACEMENT_3D('',#16261,#16262,#16263);
#16261=CARTESIAN_POINT('',(10.16,-4.26789409502853E-016,6.97));
#16262=DIRECTION('',(-6.12323399573677E-017,-6.12323399573677E-017,1.));
#16263=DIRECTION('',(-1.,-1.22464679914736E-016,-6.12323399573677E-017));
#16264=CARTESIAN_POINT('',(9.93,-2.48603300226913E-016,3.6));
#16265=AXIS2_PLACEMENT_3D('',#16266,#16267,#16268);
#16266=CARTESIAN_POINT('',(10.16,-2.20436423846524E-016,3.6));
#16267=DIRECTION('',(-6.12323399573677E-017,-6.12323399573677E-017,1.));
#16268=DIRECTION('',(-1.,-1.22464679914735E-016,-6.12323399573677E-017));
#16269=CARTESIAN_POINT('',(9.26,-3.30654635769785E-016,3.6));
#16270=AXIS2_PLACEMENT_3D('',#16271,#16272,#16273);
#16271=CARTESIAN_POINT('',(10.16,-2.20436423846524E-016,3.6));
#16272=DIRECTION('',(-6.12323399573677E-017,-6.12323399573677E-017,1.));
#16273=DIRECTION('',(-1.,-1.22464679914735E-016,-6.12323399573677E-017));
#16274=CARTESIAN_POINT('',(9.26,-3.00038465791102E-016,3.1));
#16275=AXIS2_PLACEMENT_3D('',#16276,#16277,#16278);
#16276=CARTESIAN_POINT('',(10.16,-1.8982025386784E-016,3.1));
#16277=DIRECTION('',(-6.12323399573677E-017,-6.12323399573677E-017,1.));
#16278=DIRECTION('',(-1.,-1.22464679914735E-016,-6.12323399573677E-017));
#16279=CARTESIAN_POINT('',(9.5,-2.70646942611565E-016,3.1));
#16280=AXIS2_PLACEMENT_3D('',#16281,#16282,#16283);
#16281=CARTESIAN_POINT('',(10.16,-1.8982025386784E-016,3.1));
#16282=DIRECTION('',(-6.12323399573677E-017,-6.12323399573677E-017,1.));
#16283=DIRECTION('',(-1.,-1.22464679914735E-016,-6.12323399573677E-017));
#16284=CARTESIAN_POINT('',(9.5,-1.07156594925393E-016,0.43));
#16285=AXIS2_PLACEMENT_3D('',#16286,#16287,#16288);
#16286=CARTESIAN_POINT('',(10.16,-2.63299061816681E-017,0.43));
#16287=DIRECTION('',(-6.12323399573677E-017,-6.12323399573677E-017,1.));
#16288=DIRECTION('',(-1.,-1.22464679914735E-016,-6.12323399573677E-017));
#16289=CARTESIAN_POINT('',(9.93,-2.81668763803891E-017,-2.81668763803891E-017));
#16290=AXIS2_PLACEMENT_3D('',#16291,#16292,#16293);
#16291=CARTESIAN_POINT('',(10.16,0.,0.));
#16292=DIRECTION('',(-6.12323399573677E-017,-6.12323399573676E-017,1.));
#16293=DIRECTION('',(-1.,-1.22464679914735E-016,-6.12323399573677E-017));
#16294=CARTESIAN_POINT('',(9.93,1.29200237310046E-016,-2.57));
#16295=AXIS2_PLACEMENT_3D('',#16296,#16297,#16298);
#16296=CARTESIAN_POINT('',(10.16,1.57367113690435E-016,-2.57));
#16297=DIRECTION('',(-6.12323399573677E-017,-6.12323399573676E-017,1.));
#16298=DIRECTION('',(-1.,-1.22464679914735E-016,-6.12323399573677E-017));
#16299=CARTESIAN_POINT('',(12.47,-4.54956285883242E-016,6.97));
#16300=AXIS2_PLACEMENT_3D('',#16301,#16302,#16303);
#16301=CARTESIAN_POINT('',(12.7,-4.26789409502853E-016,6.97));
#16302=DIRECTION('',(-6.12323399573677E-017,-6.12323399573677E-017,1.));
#16303=DIRECTION('',(-1.,-1.22464679914736E-016,-6.12323399573677E-017));
#16304=CARTESIAN_POINT('',(12.47,-2.48603300226913E-016,3.6));
#16305=AXIS2_PLACEMENT_3D('',#16306,#16307,#16308);
#16306=CARTESIAN_POINT('',(12.7,-2.20436423846524E-016,3.6));
#16307=DIRECTION('',(-6.12323399573677E-017,-6.12323399573677E-017,1.));
#16308=DIRECTION('',(-1.,-1.22464679914735E-016,-6.12323399573677E-017));
#16309=CARTESIAN_POINT('',(11.8,-3.30654635769785E-016,3.6));
#16310=AXIS2_PLACEMENT_3D('',#16311,#16312,#16313);
#16311=CARTESIAN_POINT('',(12.7,-2.20436423846524E-016,3.6));
#16312=DIRECTION('',(-6.12323399573677E-017,-6.12323399573677E-017,1.));
#16313=DIRECTION('',(-1.,-1.22464679914735E-016,-6.12323399573677E-017));
#16314=CARTESIAN_POINT('',(11.8,-3.00038465791102E-016,3.1));
#16315=AXIS2_PLACEMENT_3D('',#16316,#16317,#16318);
#16316=CARTESIAN_POINT('',(12.7,-1.8982025386784E-016,3.1));
#16317=DIRECTION('',(-6.12323399573677E-017,-6.12323399573677E-017,1.));
#16318=DIRECTION('',(-1.,-1.22464679914735E-016,-6.12323399573677E-017));
#16319=CARTESIAN_POINT('',(12.04,-2.70646942611565E-016,3.1));
#16320=AXIS2_PLACEMENT_3D('',#16321,#16322,#16323);
#16321=CARTESIAN_POINT('',(12.7,-1.8982025386784E-016,3.1));
#16322=DIRECTION('',(-6.12323399573677E-017,-6.12323399573677E-017,1.));
#16323=DIRECTION('',(-1.,-1.22464679914735E-016,-6.12323399573677E-017));
#16324=CARTESIAN_POINT('',(12.04,-1.07156594925393E-016,0.43));
#16325=AXIS2_PLACEMENT_3D('',#16326,#16327,#16328);
#16326=CARTESIAN_POINT('',(12.7,-2.63299061816681E-017,0.43));
#16327=DIRECTION('',(-6.12323399573677E-017,-6.12323399573677E-017,1.));
#16328=DIRECTION('',(-1.,-1.22464679914735E-016,-6.12323399573677E-017));
#16329=CARTESIAN_POINT('',(12.47,-2.81668763803891E-017,-2.81668763803891E-017));
#16330=AXIS2_PLACEMENT_3D('',#16331,#16332,#16333);
#16331=CARTESIAN_POINT('',(12.7,0.,0.));
#16332=DIRECTION('',(-6.12323399573677E-017,-6.12323399573676E-017,1.));
#16333=DIRECTION('',(-1.,-1.22464679914735E-016,-6.12323399573677E-017));
#16334=CARTESIAN_POINT('',(12.47,1.29200237310046E-016,-2.57));
#16335=AXIS2_PLACEMENT_3D('',#16336,#16337,#16338);
#16336=CARTESIAN_POINT('',(12.7,1.57367113690435E-016,-2.57));
#16337=DIRECTION('',(-6.12323399573677E-017,-6.12323399573676E-017,1.));
#16338=DIRECTION('',(-1.,-1.22464679914735E-016,-6.12323399573677E-017));
#16339=CARTESIAN_POINT('',(15.01,-4.54956285883242E-016,6.97));
#16340=AXIS2_PLACEMENT_3D('',#16341,#16342,#16343);
#16341=CARTESIAN_POINT('',(15.24,-4.26789409502853E-016,6.97));
#16342=DIRECTION('',(-6.12323399573677E-017,-6.12323399573677E-017,1.));
#16343=DIRECTION('',(-1.,-1.22464679914736E-016,-6.12323399573677E-017));
#16344=CARTESIAN_POINT('',(15.01,-2.48603300226913E-016,3.6));
#16345=AXIS2_PLACEMENT_3D('',#16346,#16347,#16348);
#16346=CARTESIAN_POINT('',(15.24,-2.20436423846524E-016,3.6));
#16347=DIRECTION('',(-6.12323399573677E-017,-6.12323399573677E-017,1.));
#16348=DIRECTION('',(-1.,-1.22464679914735E-016,-6.12323399573677E-017));
#16349=CARTESIAN_POINT('',(14.34,-3.30654635769785E-016,3.6));
#16350=AXIS2_PLACEMENT_3D('',#16351,#16352,#16353);
#16351=CARTESIAN_POINT('',(15.24,-2.20436423846524E-016,3.6));
#16352=DIRECTION('',(-6.12323399573677E-017,-6.12323399573677E-017,1.));
#16353=DIRECTION('',(-1.,-1.22464679914735E-016,-6.12323399573677E-017));
#16354=CARTESIAN_POINT('',(14.34,-3.00038465791102E-016,3.1));
#16355=AXIS2_PLACEMENT_3D('',#16356,#16357,#16358);
#16356=CARTESIAN_POINT('',(15.24,-1.8982025386784E-016,3.1));
#16357=DIRECTION('',(-6.12323399573677E-017,-6.12323399573677E-017,1.));
#16358=DIRECTION('',(-1.,-1.22464679914735E-016,-6.12323399573677E-017));
#16359=CARTESIAN_POINT('',(14.58,-2.70646942611565E-016,3.1));
#16360=AXIS2_PLACEMENT_3D('',#16361,#16362,#16363);
#16361=CARTESIAN_POINT('',(15.24,-1.8982025386784E-016,3.1));
#16362=DIRECTION('',(-6.12323399573677E-017,-6.12323399573677E-017,1.));
#16363=DIRECTION('',(-1.,-1.22464679914735E-016,-6.12323399573677E-017));
#16364=CARTESIAN_POINT('',(14.58,-1.07156594925393E-016,0.43));
#16365=AXIS2_PLACEMENT_3D('',#16366,#16367,#16368);
#16366=CARTESIAN_POINT('',(15.24,-2.63299061816681E-017,0.43));
#16367=DIRECTION('',(-6.12323399573677E-017,-6.12323399573677E-017,1.));
#16368=DIRECTION('',(-1.,-1.22464679914735E-016,-6.12323399573677E-017));
#16369=CARTESIAN_POINT('',(15.01,-2.81668763803891E-017,-2.81668763803891E-017));
#16370=AXIS2_PLACEMENT_3D('',#16371,#16372,#16373);
#16371=CARTESIAN_POINT('',(15.24,0.,0.));
#16372=DIRECTION('',(-6.12323399573677E-017,-6.12323399573676E-017,1.));
#16373=DIRECTION('',(-1.,-1.22464679914735E-016,-6.12323399573677E-017));
#16374=CARTESIAN_POINT('',(15.01,1.29200237310046E-016,-2.57));
#16375=AXIS2_PLACEMENT_3D('',#16376,#16377,#16378);
#16376=CARTESIAN_POINT('',(15.24,1.57367113690435E-016,-2.57));
#16377=DIRECTION('',(-6.12323399573677E-017,-6.12323399573676E-017,1.));
#16378=DIRECTION('',(-1.,-1.22464679914735E-016,-6.12323399573677E-017));
#16379=CARTESIAN_POINT('',(17.55,-4.54956285883242E-016,6.97));
#16380=AXIS2_PLACEMENT_3D('',#16381,#16382,#16383);
#16381=CARTESIAN_POINT('',(17.78,-4.26789409502853E-016,6.97));
#16382=DIRECTION('',(-6.12323399573677E-017,-6.12323399573677E-017,1.));
#16383=DIRECTION('',(-1.,-1.22464679914736E-016,-6.12323399573677E-017));
#16384=CARTESIAN_POINT('',(17.55,-2.48603300226913E-016,3.6));
#16385=AXIS2_PLACEMENT_3D('',#16386,#16387,#16388);
#16386=CARTESIAN_POINT('',(17.78,-2.20436423846524E-016,3.6));
#16387=DIRECTION('',(-6.12323399573677E-017,-6.12323399573677E-017,1.));
#16388=DIRECTION('',(-1.,-1.22464679914735E-016,-6.12323399573677E-017));
#16389=CARTESIAN_POINT('',(16.88,-3.30654635769785E-016,3.6));
#16390=AXIS2_PLACEMENT_3D('',#16391,#16392,#16393);
#16391=CARTESIAN_POINT('',(17.78,-2.20436423846524E-016,3.6));
#16392=DIRECTION('',(-6.12323399573677E-017,-6.12323399573677E-017,1.));
#16393=DIRECTION('',(-1.,-1.22464679914735E-016,-6.12323399573677E-017));
#16394=CARTESIAN_POINT('',(16.88,-3.00038465791102E-016,3.1));
#16395=AXIS2_PLACEMENT_3D('',#16396,#16397,#16398);
#16396=CARTESIAN_POINT('',(17.78,-1.8982025386784E-016,3.1));
#16397=DIRECTION('',(-6.12323399573677E-017,-6.12323399573677E-017,1.));
#16398=DIRECTION('',(-1.,-1.22464679914735E-016,-6.12323399573677E-017));
#16399=CARTESIAN_POINT('',(17.12,-2.70646942611565E-016,3.1));
#16400=AXIS2_PLACEMENT_3D('',#16401,#16402,#16403);
#16401=CARTESIAN_POINT('',(17.78,-1.8982025386784E-016,3.1));
#16402=DIRECTION('',(-6.12323399573677E-017,-6.12323399573677E-017,1.));
#16403=DIRECTION('',(-1.,-1.22464679914735E-016,-6.12323399573677E-017));
#16404=CARTESIAN_POINT('',(17.12,-1.07156594925393E-016,0.43));
#16405=AXIS2_PLACEMENT_3D('',#16406,#16407,#16408);
#16406=CARTESIAN_POINT('',(17.78,-2.63299061816681E-017,0.43));
#16407=DIRECTION('',(-6.12323399573677E-017,-6.12323399573677E-017,1.));
#16408=DIRECTION('',(-1.,-1.22464679914735E-016,-6.12323399573677E-017));
#16409=CARTESIAN_POINT('',(17.55,-2.81668763803891E-017,-2.81668763803891E-017));
#16410=AXIS2_PLACEMENT_3D('',#16411,#16412,#16413);
#16411=CARTESIAN_POINT('',(17.78,0.,0.));
#16412=DIRECTION('',(-6.12323399573677E-017,-6.12323399573676E-017,1.));
#16413=DIRECTION('',(-1.,-1.22464679914735E-016,-6.12323399573677E-017));
#16414=CARTESIAN_POINT('',(17.55,1.29200237310046E-016,-2.57));
#16415=AXIS2_PLACEMENT_3D('',#16416,#16417,#16418);
#16416=CARTESIAN_POINT('',(17.78,1.57367113690435E-016,-2.57));
#16417=DIRECTION('',(-6.12323399573677E-017,-6.12323399573676E-017,1.));
#16418=DIRECTION('',(-1.,-1.22464679914735E-016,-6.12323399573677E-017));
#16419=CARTESIAN_POINT('',(20.09,-4.54956285883242E-016,6.97));
#16420=AXIS2_PLACEMENT_3D('',#16421,#16422,#16423);
#16421=CARTESIAN_POINT('',(20.32,-4.26789409502853E-016,6.97));
#16422=DIRECTION('',(-6.12323399573677E-017,-6.12323399573677E-017,1.));
#16423=DIRECTION('',(-1.,-1.22464679914736E-016,-6.12323399573677E-017));
#16424=CARTESIAN_POINT('',(20.09,-2.48603300226913E-016,3.6));
#16425=AXIS2_PLACEMENT_3D('',#16426,#16427,#16428);
#16426=CARTESIAN_POINT('',(20.32,-2.20436423846524E-016,3.6));
#16427=DIRECTION('',(-6.12323399573677E-017,-6.12323399573677E-017,1.));
#16428=DIRECTION('',(-1.,-1.22464679914735E-016,-6.12323399573677E-017));
#16429=CARTESIAN_POINT('',(19.42,-3.30654635769785E-016,3.6));
#16430=AXIS2_PLACEMENT_3D('',#16431,#16432,#16433);
#16431=CARTESIAN_POINT('',(20.32,-2.20436423846524E-016,3.6));
#16432=DIRECTION('',(-6.12323399573677E-017,-6.12323399573677E-017,1.));
#16433=DIRECTION('',(-1.,-1.22464679914735E-016,-6.12323399573677E-017));
#16434=CARTESIAN_POINT('',(19.42,-3.00038465791102E-016,3.1));
#16435=AXIS2_PLACEMENT_3D('',#16436,#16437,#16438);
#16436=CARTESIAN_POINT('',(20.32,-1.8982025386784E-016,3.1));
#16437=DIRECTION('',(-6.12323399573677E-017,-6.12323399573677E-017,1.));
#16438=DIRECTION('',(-1.,-1.22464679914735E-016,-6.12323399573677E-017));
#16439=CARTESIAN_POINT('',(19.66,-2.70646942611565E-016,3.1));
#16440=AXIS2_PLACEMENT_3D('',#16441,#16442,#16443);
#16441=CARTESIAN_POINT('',(20.32,-1.8982025386784E-016,3.1));
#16442=DIRECTION('',(-6.12323399573677E-017,-6.12323399573677E-017,1.));
#16443=DIRECTION('',(-1.,-1.22464679914735E-016,-6.12323399573677E-017));
#16444=CARTESIAN_POINT('',(19.66,-1.07156594925393E-016,0.43));
#16445=AXIS2_PLACEMENT_3D('',#16446,#16447,#16448);
#16446=CARTESIAN_POINT('',(20.32,-2.63299061816681E-017,0.43));
#16447=DIRECTION('',(-6.12323399573677E-017,-6.12323399573677E-017,1.));
#16448=DIRECTION('',(-1.,-1.22464679914735E-016,-6.12323399573677E-017));
#16449=CARTESIAN_POINT('',(20.09,-2.81668763803891E-017,-2.81668763803891E-017));
#16450=AXIS2_PLACEMENT_3D('',#16451,#16452,#16453);
#16451=CARTESIAN_POINT('',(20.32,0.,0.));
#16452=DIRECTION('',(-6.12323399573677E-017,-6.12323399573676E-017,1.));
#16453=DIRECTION('',(-1.,-1.22464679914735E-016,-6.12323399573677E-017));
#16454=CARTESIAN_POINT('',(20.09,1.29200237310046E-016,-2.57));
#16455=AXIS2_PLACEMENT_3D('',#16456,#16457,#16458);
#16456=CARTESIAN_POINT('',(20.32,1.57367113690435E-016,-2.57));
#16457=DIRECTION('',(-6.12323399573677E-017,-6.12323399573676E-017,1.));
#16458=DIRECTION('',(-1.,-1.22464679914735E-016,-6.12323399573677E-017));
#16459=CARTESIAN_POINT('',(22.63,-4.54956285883242E-016,6.97));
#16460=AXIS2_PLACEMENT_3D('',#16461,#16462,#16463);
#16461=CARTESIAN_POINT('',(22.86,-4.26789409502853E-016,6.97));
#16462=DIRECTION('',(-6.12323399573677E-017,-6.12323399573677E-017,1.));
#16463=DIRECTION('',(-1.,-1.22464679914736E-016,-6.12323399573677E-017));
#16464=CARTESIAN_POINT('',(22.63,-2.48603300226913E-016,3.6));
#16465=AXIS2_PLACEMENT_3D('',#16466,#16467,#16468);
#16466=CARTESIAN_POINT('',(22.86,-2.20436423846524E-016,3.6));
#16467=DIRECTION('',(-6.12323399573677E-017,-6.12323399573677E-017,1.));
#16468=DIRECTION('',(-1.,-1.22464679914735E-016,-6.12323399573677E-017));
#16469=CARTESIAN_POINT('',(21.96,-3.30654635769785E-016,3.6));
#16470=AXIS2_PLACEMENT_3D('',#16471,#16472,#16473);
#16471=CARTESIAN_POINT('',(22.86,-2.20436423846524E-016,3.6));
#16472=DIRECTION('',(-6.12323399573677E-017,-6.12323399573677E-017,1.));
#16473=DIRECTION('',(-1.,-1.22464679914735E-016,-6.12323399573677E-017));
#16474=CARTESIAN_POINT('',(21.96,-3.00038465791102E-016,3.1));
#16475=AXIS2_PLACEMENT_3D('',#16476,#16477,#16478);
#16476=CARTESIAN_POINT('',(22.86,-1.8982025386784E-016,3.1));
#16477=DIRECTION('',(-6.12323399573677E-017,-6.12323399573677E-017,1.));
#16478=DIRECTION('',(-1.,-1.22464679914735E-016,-6.12323399573677E-017));
#16479=CARTESIAN_POINT('',(22.2,-2.70646942611565E-016,3.1));
#16480=AXIS2_PLACEMENT_3D('',#16481,#16482,#16483);
#16481=CARTESIAN_POINT('',(22.86,-1.8982025386784E-016,3.1));
#16482=DIRECTION('',(-6.12323399573677E-017,-6.12323399573677E-017,1.));
#16483=DIRECTION('',(-1.,-1.22464679914735E-016,-6.12323399573677E-017));
#16484=CARTESIAN_POINT('',(22.2,-1.07156594925393E-016,0.43));
#16485=AXIS2_PLACEMENT_3D('',#16486,#16487,#16488);
#16486=CARTESIAN_POINT('',(22.86,-2.63299061816681E-017,0.43));
#16487=DIRECTION('',(-6.12323399573677E-017,-6.12323399573677E-017,1.));
#16488=DIRECTION('',(-1.,-1.22464679914735E-016,-6.12323399573677E-017));
#16489=CARTESIAN_POINT('',(22.63,-2.81668763803891E-017,-2.81668763803891E-017));
#16490=AXIS2_PLACEMENT_3D('',#16491,#16492,#16493);
#16491=CARTESIAN_POINT('',(22.86,0.,0.));
#16492=DIRECTION('',(-6.12323399573677E-017,-6.12323399573676E-017,1.));
#16493=DIRECTION('',(-1.,-1.22464679914735E-016,-6.12323399573677E-017));
#16494=CARTESIAN_POINT('',(22.63,1.29200237310046E-016,-2.57));
#16495=AXIS2_PLACEMENT_3D('',#16496,#16497,#16498);
#16496=CARTESIAN_POINT('',(22.86,1.57367113690435E-016,-2.57));
#16497=DIRECTION('',(-6.12323399573677E-017,-6.12323399573676E-017,1.));
#16498=DIRECTION('',(-1.,-1.22464679914735E-016,-6.12323399573677E-017));
#16499=CARTESIAN_POINT('',(25.17,-4.54956285883242E-016,6.97));
#16500=AXIS2_PLACEMENT_3D('',#16501,#16502,#16503);
#16501=CARTESIAN_POINT('',(25.4,-4.26789409502853E-016,6.97));
#16502=DIRECTION('',(-6.12323399573677E-017,-6.12323399573677E-017,1.));
#16503=DIRECTION('',(-1.,-1.22464679914736E-016,-6.12323399573677E-017));
#16504=CARTESIAN_POINT('',(25.17,-2.48603300226913E-016,3.6));
#16505=AXIS2_PLACEMENT_3D('',#16506,#16507,#16508);
#16506=CARTESIAN_POINT('',(25.4,-2.20436423846524E-016,3.6));
#16507=DIRECTION('',(-6.12323399573677E-017,-6.12323399573677E-017,1.));
#16508=DIRECTION('',(-1.,-1.22464679914735E-016,-6.12323399573677E-017));
#16509=CARTESIAN_POINT('',(24.5,-3.30654635769785E-016,3.6));
#16510=AXIS2_PLACEMENT_3D('',#16511,#16512,#16513);
#16511=CARTESIAN_POINT('',(25.4,-2.20436423846524E-016,3.6));
#16512=DIRECTION('',(-6.12323399573677E-017,-6.12323399573677E-017,1.));
#16513=DIRECTION('',(-1.,-1.22464679914735E-016,-6.12323399573677E-017));
#16514=CARTESIAN_POINT('',(24.5,-3.00038465791102E-016,3.1));
#16515=AXIS2_PLACEMENT_3D('',#16516,#16517,#16518);
#16516=CARTESIAN_POINT('',(25.4,-1.8982025386784E-016,3.1));
#16517=DIRECTION('',(-6.12323399573677E-017,-6.12323399573677E-017,1.));
#16518=DIRECTION('',(-1.,-1.22464679914735E-016,-6.12323399573677E-017));
#16519=CARTESIAN_POINT('',(24.74,-2.70646942611565E-016,3.1));
#16520=AXIS2_PLACEMENT_3D('',#16521,#16522,#16523);
#16521=CARTESIAN_POINT('',(25.4,-1.8982025386784E-016,3.1));
#16522=DIRECTION('',(-6.12323399573677E-017,-6.12323399573677E-017,1.));
#16523=DIRECTION('',(-1.,-1.22464679914735E-016,-6.12323399573677E-017));
#16524=CARTESIAN_POINT('',(24.74,-1.07156594925393E-016,0.43));
#16525=AXIS2_PLACEMENT_3D('',#16526,#16527,#16528);
#16526=CARTESIAN_POINT('',(25.4,-2.63299061816681E-017,0.43));
#16527=DIRECTION('',(-6.12323399573677E-017,-6.12323399573677E-017,1.));
#16528=DIRECTION('',(-1.,-1.22464679914735E-016,-6.12323399573677E-017));
#16529=CARTESIAN_POINT('',(25.17,-2.81668763803891E-017,-2.81668763803891E-017));
#16530=AXIS2_PLACEMENT_3D('',#16531,#16532,#16533);
#16531=CARTESIAN_POINT('',(25.4,0.,0.));
#16532=DIRECTION('',(-6.12323399573677E-017,-6.12323399573676E-017,1.));
#16533=DIRECTION('',(-1.,-1.22464679914735E-016,-6.12323399573677E-017));
#16534=CARTESIAN_POINT('',(25.17,1.29200237310046E-016,-2.57));
#16535=AXIS2_PLACEMENT_3D('',#16536,#16537,#16538);
#16536=CARTESIAN_POINT('',(25.4,1.57367113690435E-016,-2.57));
#16537=DIRECTION('',(-6.12323399573677E-017,-6.12323399573676E-017,1.));
#16538=DIRECTION('',(-1.,-1.22464679914735E-016,-6.12323399573677E-017));
#16539=CARTESIAN_POINT('',(27.71,-4.54956285883242E-016,6.97));
#16540=AXIS2_PLACEMENT_3D('',#16541,#16542,#16543);
#16541=CARTESIAN_POINT('',(27.94,-4.26789409502853E-016,6.97));
#16542=DIRECTION('',(-6.12323399573677E-017,-6.12323399573677E-017,1.));
#16543=DIRECTION('',(-1.,-1.22464679914736E-016,-6.12323399573677E-017));
#16544=CARTESIAN_POINT('',(27.71,-2.48603300226913E-016,3.6));
#16545=AXIS2_PLACEMENT_3D('',#16546,#16547,#16548);
#16546=CARTESIAN_POINT('',(27.94,-2.20436423846524E-016,3.6));
#16547=DIRECTION('',(-6.12323399573677E-017,-6.12323399573677E-017,1.));
#16548=DIRECTION('',(-1.,-1.22464679914735E-016,-6.12323399573677E-017));
#16549=CARTESIAN_POINT('',(27.04,-3.30654635769785E-016,3.6));
#16550=AXIS2_PLACEMENT_3D('',#16551,#16552,#16553);
#16551=CARTESIAN_POINT('',(27.94,-2.20436423846524E-016,3.6));
#16552=DIRECTION('',(-6.12323399573677E-017,-6.12323399573677E-017,1.));
#16553=DIRECTION('',(-1.,-1.22464679914735E-016,-6.12323399573677E-017));
#16554=CARTESIAN_POINT('',(27.04,-3.00038465791102E-016,3.1));
#16555=AXIS2_PLACEMENT_3D('',#16556,#16557,#16558);
#16556=CARTESIAN_POINT('',(27.94,-1.8982025386784E-016,3.1));
#16557=DIRECTION('',(-6.12323399573677E-017,-6.12323399573677E-017,1.));
#16558=DIRECTION('',(-1.,-1.22464679914735E-016,-6.12323399573677E-017));
#16559=CARTESIAN_POINT('',(27.28,-2.70646942611565E-016,3.1));
#16560=AXIS2_PLACEMENT_3D('',#16561,#16562,#16563);
#16561=CARTESIAN_POINT('',(27.94,-1.8982025386784E-016,3.1));
#16562=DIRECTION('',(-6.12323399573677E-017,-6.12323399573677E-017,1.));
#16563=DIRECTION('',(-1.,-1.22464679914735E-016,-6.12323399573677E-017));
#16564=CARTESIAN_POINT('',(27.28,-1.07156594925393E-016,0.43));
#16565=AXIS2_PLACEMENT_3D('',#16566,#16567,#16568);
#16566=CARTESIAN_POINT('',(27.94,-2.63299061816681E-017,0.43));
#16567=DIRECTION('',(-6.12323399573677E-017,-6.12323399573677E-017,1.));
#16568=DIRECTION('',(-1.,-1.22464679914735E-016,-6.12323399573677E-017));
#16569=CARTESIAN_POINT('',(27.71,-2.81668763803891E-017,-2.81668763803891E-017));
#16570=AXIS2_PLACEMENT_3D('',#16571,#16572,#16573);
#16571=CARTESIAN_POINT('',(27.94,0.,0.));
#16572=DIRECTION('',(-6.12323399573677E-017,-6.12323399573676E-017,1.));
#16573=DIRECTION('',(-1.,-1.22464679914735E-016,-6.12323399573677E-017));
#16574=CARTESIAN_POINT('',(27.71,1.29200237310046E-016,-2.57));
#16575=AXIS2_PLACEMENT_3D('',#16576,#16577,#16578);
#16576=CARTESIAN_POINT('',(27.94,1.57367113690435E-016,-2.57));
#16577=DIRECTION('',(-6.12323399573677E-017,-6.12323399573676E-017,1.));
#16578=DIRECTION('',(-1.,-1.22464679914735E-016,-6.12323399573677E-017));
#16579=CARTESIAN_POINT('',(30.25,-4.54956285883242E-016,6.97));
#16580=AXIS2_PLACEMENT_3D('',#16581,#16582,#16583);
#16581=CARTESIAN_POINT('',(30.48,-4.26789409502853E-016,6.97));
#16582=DIRECTION('',(-6.12323399573677E-017,-6.12323399573677E-017,1.));
#16583=DIRECTION('',(-1.,-1.22464679914736E-016,-6.12323399573677E-017));
#16584=CARTESIAN_POINT('',(30.25,-2.48603300226913E-016,3.6));
#16585=AXIS2_PLACEMENT_3D('',#16586,#16587,#16588);
#16586=CARTESIAN_POINT('',(30.48,-2.20436423846524E-016,3.6));
#16587=DIRECTION('',(-6.12323399573677E-017,-6.12323399573677E-017,1.));
#16588=DIRECTION('',(-1.,-1.22464679914735E-016,-6.12323399573677E-017));
#16589=CARTESIAN_POINT('',(29.58,-3.30654635769785E-016,3.6));
#16590=AXIS2_PLACEMENT_3D('',#16591,#16592,#16593);
#16591=CARTESIAN_POINT('',(30.48,-2.20436423846524E-016,3.6));
#16592=DIRECTION('',(-6.12323399573677E-017,-6.12323399573677E-017,1.));
#16593=DIRECTION('',(-1.,-1.22464679914735E-016,-6.12323399573677E-017));
#16594=CARTESIAN_POINT('',(29.58,-3.00038465791102E-016,3.1));
#16595=AXIS2_PLACEMENT_3D('',#16596,#16597,#16598);
#16596=CARTESIAN_POINT('',(30.48,-1.8982025386784E-016,3.1));
#16597=DIRECTION('',(-6.12323399573677E-017,-6.12323399573677E-017,1.));
#16598=DIRECTION('',(-1.,-1.22464679914735E-016,-6.12323399573677E-017));
#16599=CARTESIAN_POINT('',(29.82,-2.70646942611565E-016,3.1));
#16600=AXIS2_PLACEMENT_3D('',#16601,#16602,#16603);
#16601=CARTESIAN_POINT('',(30.48,-1.8982025386784E-016,3.1));
#16602=DIRECTION('',(-6.12323399573677E-017,-6.12323399573677E-017,1.));
#16603=DIRECTION('',(-1.,-1.22464679914735E-016,-6.12323399573677E-017));
#16604=CARTESIAN_POINT('',(29.82,-1.07156594925393E-016,0.43));
#16605=AXIS2_PLACEMENT_3D('',#16606,#16607,#16608);
#16606=CARTESIAN_POINT('',(30.48,-2.63299061816681E-017,0.43));
#16607=DIRECTION('',(-6.12323399573677E-017,-6.12323399573677E-017,1.));
#16608=DIRECTION('',(-1.,-1.22464679914735E-016,-6.12323399573677E-017));
#16609=CARTESIAN_POINT('',(30.25,-2.81668763803891E-017,-2.81668763803891E-017));
#16610=AXIS2_PLACEMENT_3D('',#16611,#16612,#16613);
#16611=CARTESIAN_POINT('',(30.48,0.,0.));
#16612=DIRECTION('',(-6.12323399573677E-017,-6.12323399573676E-017,1.));
#16613=DIRECTION('',(-1.,-1.22464679914735E-016,-6.12323399573677E-017));
#16614=CARTESIAN_POINT('',(30.25,1.29200237310046E-016,-2.57));
#16615=AXIS2_PLACEMENT_3D('',#16616,#16617,#16618);
#16616=CARTESIAN_POINT('',(30.48,1.57367113690435E-016,-2.57));
#16617=DIRECTION('',(-6.12323399573677E-017,-6.12323399573676E-017,1.));
#16618=DIRECTION('',(-1.,-1.22464679914735E-016,-6.12323399573677E-017));
#16619=CARTESIAN_POINT('',(32.79,-4.54956285883242E-016,6.97));
#16620=AXIS2_PLACEMENT_3D('',#16621,#16622,#16623);
#16621=CARTESIAN_POINT('',(33.02,-4.26789409502853E-016,6.97));
#16622=DIRECTION('',(-6.12323399573677E-017,-6.12323399573677E-017,1.));
#16623=DIRECTION('',(-1.,-1.22464679914738E-016,-6.12323399573677E-017));
#16624=CARTESIAN_POINT('',(32.79,-2.48603300226913E-016,3.6));
#16625=AXIS2_PLACEMENT_3D('',#16626,#16627,#16628);
#16626=CARTESIAN_POINT('',(33.02,-2.20436423846524E-016,3.6));
#16627=DIRECTION('',(-6.12323399573677E-017,-6.12323399573677E-017,1.));
#16628=DIRECTION('',(-1.,-1.22464679914735E-016,-6.12323399573677E-017));
#16629=CARTESIAN_POINT('',(32.12,-3.30654635769785E-016,3.6));
#16630=AXIS2_PLACEMENT_3D('',#16631,#16632,#16633);
#16631=CARTESIAN_POINT('',(33.02,-2.20436423846524E-016,3.6));
#16632=DIRECTION('',(-6.12323399573677E-017,-6.12323399573677E-017,1.));
#16633=DIRECTION('',(-1.,-1.22464679914735E-016,-6.12323399573677E-017));
#16634=CARTESIAN_POINT('',(32.12,-3.00038465791102E-016,3.1));
#16635=AXIS2_PLACEMENT_3D('',#16636,#16637,#16638);
#16636=CARTESIAN_POINT('',(33.02,-1.8982025386784E-016,3.1));
#16637=DIRECTION('',(-6.12323399573677E-017,-6.12323399573677E-017,1.));
#16638=DIRECTION('',(-1.,-1.22464679914735E-016,-6.12323399573677E-017));
#16639=CARTESIAN_POINT('',(32.36,-2.70646942611565E-016,3.1));
#16640=AXIS2_PLACEMENT_3D('',#16641,#16642,#16643);
#16641=CARTESIAN_POINT('',(33.02,-1.8982025386784E-016,3.1));
#16642=DIRECTION('',(-6.12323399573677E-017,-6.12323399573677E-017,1.));
#16643=DIRECTION('',(-1.,-1.22464679914735E-016,-6.12323399573677E-017));
#16644=CARTESIAN_POINT('',(32.36,-1.07156594925393E-016,0.43));
#16645=AXIS2_PLACEMENT_3D('',#16646,#16647,#16648);
#16646=CARTESIAN_POINT('',(33.02,-2.63299061816681E-017,0.43));
#16647=DIRECTION('',(-6.12323399573677E-017,-6.12323399573677E-017,1.));
#16648=DIRECTION('',(-1.,-1.22464679914736E-016,-6.12323399573677E-017));
#16649=CARTESIAN_POINT('',(32.79,-2.81668763803891E-017,-2.81668763803891E-017));
#16650=AXIS2_PLACEMENT_3D('',#16651,#16652,#16653);
#16651=CARTESIAN_POINT('',(33.02,0.,0.));
#16652=DIRECTION('',(-6.12323399573677E-017,-6.12323399573676E-017,1.));
#16653=DIRECTION('',(-1.,-1.22464679914737E-016,-6.12323399573677E-017));
#16654=CARTESIAN_POINT('',(32.79,1.29200237310046E-016,-2.57));
#16655=AXIS2_PLACEMENT_3D('',#16656,#16657,#16658);
#16656=CARTESIAN_POINT('',(33.02,1.57367113690435E-016,-2.57));
#16657=DIRECTION('',(-6.12323399573677E-017,-6.12323399573676E-017,1.));
#16658=DIRECTION('',(-1.,-1.22464679914737E-016,-6.12323399573677E-017));
#16659=CARTESIAN_POINT('',(35.33,-4.54956285883242E-016,6.97));
#16660=AXIS2_PLACEMENT_3D('',#16661,#16662,#16663);
#16661=CARTESIAN_POINT('',(35.56,-4.26789409502853E-016,6.97));
#16662=DIRECTION('',(-6.12323399573677E-017,-6.12323399573677E-017,1.));
#16663=DIRECTION('',(-1.,-1.22464679914738E-016,-6.12323399573677E-017));
#16664=CARTESIAN_POINT('',(35.33,-2.48603300226913E-016,3.6));
#16665=AXIS2_PLACEMENT_3D('',#16666,#16667,#16668);
#16666=CARTESIAN_POINT('',(35.56,-2.20436423846524E-016,3.6));
#16667=DIRECTION('',(-6.12323399573677E-017,-6.12323399573677E-017,1.));
#16668=DIRECTION('',(-1.,-1.22464679914735E-016,-6.12323399573677E-017));
#16669=CARTESIAN_POINT('',(34.66,-3.30654635769785E-016,3.6));
#16670=AXIS2_PLACEMENT_3D('',#16671,#16672,#16673);
#16671=CARTESIAN_POINT('',(35.56,-2.20436423846524E-016,3.6));
#16672=DIRECTION('',(-6.12323399573677E-017,-6.12323399573677E-017,1.));
#16673=DIRECTION('',(-1.,-1.22464679914735E-016,-6.12323399573677E-017));
#16674=CARTESIAN_POINT('',(34.66,-3.00038465791102E-016,3.1));
#16675=AXIS2_PLACEMENT_3D('',#16676,#16677,#16678);
#16676=CARTESIAN_POINT('',(35.56,-1.8982025386784E-016,3.1));
#16677=DIRECTION('',(-6.12323399573677E-017,-6.12323399573677E-017,1.));
#16678=DIRECTION('',(-1.,-1.22464679914735E-016,-6.12323399573677E-017));
#16679=CARTESIAN_POINT('',(34.9,-2.70646942611565E-016,3.1));
#16680=AXIS2_PLACEMENT_3D('',#16681,#16682,#16683);
#16681=CARTESIAN_POINT('',(35.56,-1.8982025386784E-016,3.1));
#16682=DIRECTION('',(-6.12323399573677E-017,-6.12323399573677E-017,1.));
#16683=DIRECTION('',(-1.,-1.22464679914735E-016,-6.12323399573677E-017));
#16684=CARTESIAN_POINT('',(34.9,-1.07156594925393E-016,0.43));
#16685=AXIS2_PLACEMENT_3D('',#16686,#16687,#16688);
#16686=CARTESIAN_POINT('',(35.56,-2.63299061816681E-017,0.43));
#16687=DIRECTION('',(-6.12323399573677E-017,-6.12323399573677E-017,1.));
#16688=DIRECTION('',(-1.,-1.22464679914736E-016,-6.12323399573677E-017));
#16689=CARTESIAN_POINT('',(35.33,-2.81668763803891E-017,-2.81668763803891E-017));
#16690=AXIS2_PLACEMENT_3D('',#16691,#16692,#16693);
#16691=CARTESIAN_POINT('',(35.56,0.,0.));
#16692=DIRECTION('',(-6.12323399573677E-017,-6.12323399573676E-017,1.));
#16693=DIRECTION('',(-1.,-1.22464679914737E-016,-6.12323399573677E-017));
#16694=CARTESIAN_POINT('',(35.33,1.29200237310046E-016,-2.57));
#16695=AXIS2_PLACEMENT_3D('',#16696,#16697,#16698);
#16696=CARTESIAN_POINT('',(35.56,1.57367113690435E-016,-2.57));
#16697=DIRECTION('',(-6.12323399573677E-017,-6.12323399573676E-017,1.));
#16698=DIRECTION('',(-1.,-1.22464679914737E-016,-6.12323399573677E-017));
#16699=CARTESIAN_POINT('',(37.87,-4.54956285883242E-016,6.97));
#16700=AXIS2_PLACEMENT_3D('',#16701,#16702,#16703);
#16701=CARTESIAN_POINT('',(38.1,-4.26789409502853E-016,6.97));
#16702=DIRECTION('',(-6.12323399573677E-017,-6.12323399573677E-017,1.));
#16703=DIRECTION('',(-1.,-1.22464679914738E-016,-6.12323399573677E-017));
#16704=CARTESIAN_POINT('',(37.87,-2.48603300226913E-016,3.6));
#16705=AXIS2_PLACEMENT_3D('',#16706,#16707,#16708);
#16706=CARTESIAN_POINT('',(38.1,-2.20436423846524E-016,3.6));
#16707=DIRECTION('',(-6.12323399573677E-017,-6.12323399573677E-017,1.));
#16708=DIRECTION('',(-1.,-1.22464679914735E-016,-6.12323399573677E-017));
#16709=CARTESIAN_POINT('',(37.2,-3.30654635769785E-016,3.6));
#16710=AXIS2_PLACEMENT_3D('',#16711,#16712,#16713);
#16711=CARTESIAN_POINT('',(38.1,-2.20436423846524E-016,3.6));
#16712=DIRECTION('',(-6.12323399573677E-017,-6.12323399573677E-017,1.));
#16713=DIRECTION('',(-1.,-1.22464679914735E-016,-6.12323399573677E-017));
#16714=CARTESIAN_POINT('',(37.2,-3.00038465791102E-016,3.1));
#16715=AXIS2_PLACEMENT_3D('',#16716,#16717,#16718);
#16716=CARTESIAN_POINT('',(38.1,-1.8982025386784E-016,3.1));
#16717=DIRECTION('',(-6.12323399573677E-017,-6.12323399573677E-017,1.));
#16718=DIRECTION('',(-1.,-1.22464679914735E-016,-6.12323399573677E-017));
#16719=CARTESIAN_POINT('',(37.44,-2.70646942611565E-016,3.1));
#16720=AXIS2_PLACEMENT_3D('',#16721,#16722,#16723);
#16721=CARTESIAN_POINT('',(38.1,-1.8982025386784E-016,3.1));
#16722=DIRECTION('',(-6.12323399573677E-017,-6.12323399573677E-017,1.));
#16723=DIRECTION('',(-1.,-1.22464679914735E-016,-6.12323399573677E-017));
#16724=CARTESIAN_POINT('',(37.44,-1.07156594925393E-016,0.43));
#16725=AXIS2_PLACEMENT_3D('',#16726,#16727,#16728);
#16726=CARTESIAN_POINT('',(38.1,-2.63299061816681E-017,0.43));
#16727=DIRECTION('',(-6.12323399573677E-017,-6.12323399573677E-017,1.));
#16728=DIRECTION('',(-1.,-1.22464679914736E-016,-6.12323399573677E-017));
#16729=CARTESIAN_POINT('',(37.87,-2.81668763803891E-017,-2.81668763803891E-017));
#16730=AXIS2_PLACEMENT_3D('',#16731,#16732,#16733);
#16731=CARTESIAN_POINT('',(38.1,0.,0.));
#16732=DIRECTION('',(-6.12323399573677E-017,-6.12323399573676E-017,1.));
#16733=DIRECTION('',(-1.,-1.22464679914737E-016,-6.12323399573677E-017));
#16734=CARTESIAN_POINT('',(37.87,1.29200237310046E-016,-2.57));
#16735=AXIS2_PLACEMENT_3D('',#16736,#16737,#16738);
#16736=CARTESIAN_POINT('',(38.1,1.57367113690435E-016,-2.57));
#16737=DIRECTION('',(-6.12323399573677E-017,-6.12323399573676E-017,1.));
#16738=DIRECTION('',(-1.,-1.22464679914737E-016,-6.12323399573677E-017));
#16739=CARTESIAN_POINT('',(40.41,-4.54956285883242E-016,6.97));
#16740=AXIS2_PLACEMENT_3D('',#16741,#16742,#16743);
#16741=CARTESIAN_POINT('',(40.64,-4.26789409502853E-016,6.97));
#16742=DIRECTION('',(-6.12323399573677E-017,-6.12323399573677E-017,1.));
#16743=DIRECTION('',(-1.,-1.22464679914738E-016,-6.12323399573677E-017));
#16744=CARTESIAN_POINT('',(40.41,-2.48603300226913E-016,3.6));
#16745=AXIS2_PLACEMENT_3D('',#16746,#16747,#16748);
#16746=CARTESIAN_POINT('',(40.64,-2.20436423846524E-016,3.6));
#16747=DIRECTION('',(-6.12323399573677E-017,-6.12323399573677E-017,1.));
#16748=DIRECTION('',(-1.,-1.22464679914735E-016,-6.12323399573677E-017));
#16749=CARTESIAN_POINT('',(39.74,-3.30654635769785E-016,3.6));
#16750=AXIS2_PLACEMENT_3D('',#16751,#16752,#16753);
#16751=CARTESIAN_POINT('',(40.64,-2.20436423846524E-016,3.6));
#16752=DIRECTION('',(-6.12323399573677E-017,-6.12323399573677E-017,1.));
#16753=DIRECTION('',(-1.,-1.22464679914735E-016,-6.12323399573677E-017));
#16754=CARTESIAN_POINT('',(39.74,-3.00038465791102E-016,3.1));
#16755=AXIS2_PLACEMENT_3D('',#16756,#16757,#16758);
#16756=CARTESIAN_POINT('',(40.64,-1.8982025386784E-016,3.1));
#16757=DIRECTION('',(-6.12323399573677E-017,-6.12323399573677E-017,1.));
#16758=DIRECTION('',(-1.,-1.22464679914735E-016,-6.12323399573677E-017));
#16759=CARTESIAN_POINT('',(39.98,-2.70646942611565E-016,3.1));
#16760=AXIS2_PLACEMENT_3D('',#16761,#16762,#16763);
#16761=CARTESIAN_POINT('',(40.64,-1.8982025386784E-016,3.1));
#16762=DIRECTION('',(-6.12323399573677E-017,-6.12323399573677E-017,1.));
#16763=DIRECTION('',(-1.,-1.22464679914735E-016,-6.12323399573677E-017));
#16764=CARTESIAN_POINT('',(39.98,-1.07156594925393E-016,0.43));
#16765=AXIS2_PLACEMENT_3D('',#16766,#16767,#16768);
#16766=CARTESIAN_POINT('',(40.64,-2.63299061816681E-017,0.43));
#16767=DIRECTION('',(-6.12323399573677E-017,-6.12323399573677E-017,1.));
#16768=DIRECTION('',(-1.,-1.22464679914736E-016,-6.12323399573677E-017));
#16769=CARTESIAN_POINT('',(40.41,-2.81668763803891E-017,-2.81668763803891E-017));
#16770=AXIS2_PLACEMENT_3D('',#16771,#16772,#16773);
#16771=CARTESIAN_POINT('',(40.64,0.,0.));
#16772=DIRECTION('',(-6.12323399573677E-017,-6.12323399573676E-017,1.));
#16773=DIRECTION('',(-1.,-1.22464679914737E-016,-6.12323399573677E-017));
#16774=CARTESIAN_POINT('',(40.41,1.29200237310046E-016,-2.57));
#16775=AXIS2_PLACEMENT_3D('',#16776,#16777,#16778);
#16776=CARTESIAN_POINT('',(40.64,1.57367113690435E-016,-2.57));
#16777=DIRECTION('',(-6.12323399573677E-017,-6.12323399573676E-017,1.));
#16778=DIRECTION('',(-1.,-1.22464679914737E-016,-6.12323399573677E-017));
#16779=CARTESIAN_POINT('',(42.95,-4.54956285883242E-016,6.97));
#16780=AXIS2_PLACEMENT_3D('',#16781,#16782,#16783);
#16781=CARTESIAN_POINT('',(43.18,-4.26789409502853E-016,6.97));
#16782=DIRECTION('',(-6.12323399573677E-017,-6.12323399573677E-017,1.));
#16783=DIRECTION('',(-1.,-1.22464679914738E-016,-6.12323399573677E-017));
#16784=CARTESIAN_POINT('',(42.95,-2.48603300226913E-016,3.6));
#16785=AXIS2_PLACEMENT_3D('',#16786,#16787,#16788);
#16786=CARTESIAN_POINT('',(43.18,-2.20436423846524E-016,3.6));
#16787=DIRECTION('',(-6.12323399573677E-017,-6.12323399573677E-017,1.));
#16788=DIRECTION('',(-1.,-1.22464679914735E-016,-6.12323399573677E-017));
#16789=CARTESIAN_POINT('',(42.28,-3.30654635769785E-016,3.6));
#16790=AXIS2_PLACEMENT_3D('',#16791,#16792,#16793);
#16791=CARTESIAN_POINT('',(43.18,-2.20436423846524E-016,3.6));
#16792=DIRECTION('',(-6.12323399573677E-017,-6.12323399573677E-017,1.));
#16793=DIRECTION('',(-1.,-1.22464679914735E-016,-6.12323399573677E-017));
#16794=CARTESIAN_POINT('',(42.28,-3.00038465791102E-016,3.1));
#16795=AXIS2_PLACEMENT_3D('',#16796,#16797,#16798);
#16796=CARTESIAN_POINT('',(43.18,-1.8982025386784E-016,3.1));
#16797=DIRECTION('',(-6.12323399573677E-017,-6.12323399573677E-017,1.));
#16798=DIRECTION('',(-1.,-1.22464679914735E-016,-6.12323399573677E-017));
#16799=CARTESIAN_POINT('',(42.52,-2.70646942611565E-016,3.1));
#16800=AXIS2_PLACEMENT_3D('',#16801,#16802,#16803);
#16801=CARTESIAN_POINT('',(43.18,-1.8982025386784E-016,3.1));
#16802=DIRECTION('',(-6.12323399573677E-017,-6.12323399573677E-017,1.));
#16803=DIRECTION('',(-1.,-1.22464679914735E-016,-6.12323399573677E-017));
#16804=CARTESIAN_POINT('',(42.52,-1.07156594925393E-016,0.43));
#16805=AXIS2_PLACEMENT_3D('',#16806,#16807,#16808);
#16806=CARTESIAN_POINT('',(43.18,-2.63299061816681E-017,0.43));
#16807=DIRECTION('',(-6.12323399573677E-017,-6.12323399573677E-017,1.));
#16808=DIRECTION('',(-1.,-1.22464679914736E-016,-6.12323399573677E-017));
#16809=CARTESIAN_POINT('',(42.95,-2.81668763803891E-017,-2.81668763803891E-017));
#16810=AXIS2_PLACEMENT_3D('',#16811,#16812,#16813);
#16811=CARTESIAN_POINT('',(43.18,0.,0.));
#16812=DIRECTION('',(-6.12323399573677E-017,-6.12323399573676E-017,1.));
#16813=DIRECTION('',(-1.,-1.22464679914737E-016,-6.12323399573677E-017));
#16814=CARTESIAN_POINT('',(42.95,1.29200237310046E-016,-2.57));
#16815=AXIS2_PLACEMENT_3D('',#16816,#16817,#16818);
#16816=CARTESIAN_POINT('',(43.18,1.57367113690435E-016,-2.57));
#16817=DIRECTION('',(-6.12323399573677E-017,-6.12323399573676E-017,1.));
#16818=DIRECTION('',(-1.,-1.22464679914737E-016,-6.12323399573677E-017));
#16819=CARTESIAN_POINT('',(45.49,-4.54956285883242E-016,6.97));
#16820=AXIS2_PLACEMENT_3D('',#16821,#16822,#16823);
#16821=CARTESIAN_POINT('',(45.72,-4.26789409502853E-016,6.97));
#16822=DIRECTION('',(-6.12323399573677E-017,-6.12323399573677E-017,1.));
#16823=DIRECTION('',(-1.,-1.22464679914738E-016,-6.12323399573677E-017));
#16824=CARTESIAN_POINT('',(45.49,-2.48603300226913E-016,3.6));
#16825=AXIS2_PLACEMENT_3D('',#16826,#16827,#16828);
#16826=CARTESIAN_POINT('',(45.72,-2.20436423846524E-016,3.6));
#16827=DIRECTION('',(-6.12323399573677E-017,-6.12323399573677E-017,1.));
#16828=DIRECTION('',(-1.,-1.22464679914735E-016,-6.12323399573677E-017));
#16829=CARTESIAN_POINT('',(44.82,-3.30654635769785E-016,3.6));
#16830=AXIS2_PLACEMENT_3D('',#16831,#16832,#16833);
#16831=CARTESIAN_POINT('',(45.72,-2.20436423846524E-016,3.6));
#16832=DIRECTION('',(-6.12323399573677E-017,-6.12323399573677E-017,1.));
#16833=DIRECTION('',(-1.,-1.22464679914735E-016,-6.12323399573677E-017));
#16834=CARTESIAN_POINT('',(44.82,-3.00038465791102E-016,3.1));
#16835=AXIS2_PLACEMENT_3D('',#16836,#16837,#16838);
#16836=CARTESIAN_POINT('',(45.72,-1.8982025386784E-016,3.1));
#16837=DIRECTION('',(-6.12323399573677E-017,-6.12323399573677E-017,1.));
#16838=DIRECTION('',(-1.,-1.22464679914735E-016,-6.12323399573677E-017));
#16839=CARTESIAN_POINT('',(45.06,-2.70646942611565E-016,3.1));
#16840=AXIS2_PLACEMENT_3D('',#16841,#16842,#16843);
#16841=CARTESIAN_POINT('',(45.72,-1.8982025386784E-016,3.1));
#16842=DIRECTION('',(-6.12323399573677E-017,-6.12323399573677E-017,1.));
#16843=DIRECTION('',(-1.,-1.22464679914735E-016,-6.12323399573677E-017));
#16844=CARTESIAN_POINT('',(45.06,-1.07156594925393E-016,0.43));
#16845=AXIS2_PLACEMENT_3D('',#16846,#16847,#16848);
#16846=CARTESIAN_POINT('',(45.72,-2.63299061816681E-017,0.43));
#16847=DIRECTION('',(-6.12323399573677E-017,-6.12323399573677E-017,1.));
#16848=DIRECTION('',(-1.,-1.22464679914736E-016,-6.12323399573677E-017));
#16849=CARTESIAN_POINT('',(45.49,-2.81668763803891E-017,-2.81668763803891E-017));
#16850=AXIS2_PLACEMENT_3D('',#16851,#16852,#16853);
#16851=CARTESIAN_POINT('',(45.72,0.,0.));
#16852=DIRECTION('',(-6.12323399573677E-017,-6.12323399573676E-017,1.));
#16853=DIRECTION('',(-1.,-1.22464679914737E-016,-6.12323399573677E-017));
#16854=CARTESIAN_POINT('',(45.49,1.29200237310046E-016,-2.57));
#16855=AXIS2_PLACEMENT_3D('',#16856,#16857,#16858);
#16856=CARTESIAN_POINT('',(45.72,1.57367113690435E-016,-2.57));
#16857=DIRECTION('',(-6.12323399573677E-017,-6.12323399573676E-017,1.));
#16858=DIRECTION('',(-1.,-1.22464679914737E-016,-6.12323399573677E-017));
#16859=CARTESIAN_POINT('',(48.03,-4.54956285883242E-016,6.97));
#16860=AXIS2_PLACEMENT_3D('',#16861,#16862,#16863);
#16861=CARTESIAN_POINT('',(48.26,-4.26789409502853E-016,6.97));
#16862=DIRECTION('',(-6.12323399573677E-017,-6.12323399573677E-017,1.));
#16863=DIRECTION('',(-1.,-1.22464679914738E-016,-6.12323399573677E-017));
#16864=CARTESIAN_POINT('',(48.03,-2.48603300226913E-016,3.6));
#16865=AXIS2_PLACEMENT_3D('',#16866,#16867,#16868);
#16866=CARTESIAN_POINT('',(48.26,-2.20436423846524E-016,3.6));
#16867=DIRECTION('',(-6.12323399573677E-017,-6.12323399573677E-017,1.));
#16868=DIRECTION('',(-1.,-1.22464679914735E-016,-6.12323399573677E-017));
#16869=CARTESIAN_POINT('',(47.36,-3.30654635769785E-016,3.6));
#16870=AXIS2_PLACEMENT_3D('',#16871,#16872,#16873);
#16871=CARTESIAN_POINT('',(48.26,-2.20436423846524E-016,3.6));
#16872=DIRECTION('',(-6.12323399573677E-017,-6.12323399573677E-017,1.));
#16873=DIRECTION('',(-1.,-1.22464679914735E-016,-6.12323399573677E-017));
#16874=CARTESIAN_POINT('',(47.36,-3.00038465791102E-016,3.1));
#16875=AXIS2_PLACEMENT_3D('',#16876,#16877,#16878);
#16876=CARTESIAN_POINT('',(48.26,-1.8982025386784E-016,3.1));
#16877=DIRECTION('',(-6.12323399573677E-017,-6.12323399573677E-017,1.));
#16878=DIRECTION('',(-1.,-1.22464679914735E-016,-6.12323399573677E-017));
#16879=CARTESIAN_POINT('',(47.6,-2.70646942611565E-016,3.1));
#16880=AXIS2_PLACEMENT_3D('',#16881,#16882,#16883);
#16881=CARTESIAN_POINT('',(48.26,-1.8982025386784E-016,3.1));
#16882=DIRECTION('',(-6.12323399573677E-017,-6.12323399573677E-017,1.));
#16883=DIRECTION('',(-1.,-1.22464679914735E-016,-6.12323399573677E-017));
#16884=CARTESIAN_POINT('',(47.6,-1.07156594925393E-016,0.43));
#16885=AXIS2_PLACEMENT_3D('',#16886,#16887,#16888);
#16886=CARTESIAN_POINT('',(48.26,-2.63299061816681E-017,0.43));
#16887=DIRECTION('',(-6.12323399573677E-017,-6.12323399573677E-017,1.));
#16888=DIRECTION('',(-1.,-1.22464679914736E-016,-6.12323399573677E-017));
#16889=CARTESIAN_POINT('',(48.03,-2.81668763803891E-017,-2.81668763803891E-017));
#16890=AXIS2_PLACEMENT_3D('',#16891,#16892,#16893);
#16891=CARTESIAN_POINT('',(48.26,0.,0.));
#16892=DIRECTION('',(-6.12323399573677E-017,-6.12323399573676E-017,1.));
#16893=DIRECTION('',(-1.,-1.22464679914737E-016,-6.12323399573677E-017));
#16894=CARTESIAN_POINT('',(48.03,1.29200237310046E-016,-2.57));
#16895=AXIS2_PLACEMENT_3D('',#16896,#16897,#16898);
#16896=CARTESIAN_POINT('',(48.26,1.57367113690435E-016,-2.57));
#16897=DIRECTION('',(-6.12323399573677E-017,-6.12323399573676E-017,1.));
#16898=DIRECTION('',(-1.,-1.22464679914737E-016,-6.12323399573677E-017));
#16899=CARTESIAN_POINT('',(50.57,-4.54956285883242E-016,6.97));
#16900=AXIS2_PLACEMENT_3D('',#16901,#16902,#16903);
#16901=CARTESIAN_POINT('',(50.8,-4.26789409502853E-016,6.97));
#16902=DIRECTION('',(-6.12323399573677E-017,-6.12323399573677E-017,1.));
#16903=DIRECTION('',(-1.,-1.22464679914738E-016,-6.12323399573677E-017));
#16904=CARTESIAN_POINT('',(50.57,-2.48603300226913E-016,3.6));
#16905=AXIS2_PLACEMENT_3D('',#16906,#16907,#16908);
#16906=CARTESIAN_POINT('',(50.8,-2.20436423846524E-016,3.6));
#16907=DIRECTION('',(-6.12323399573677E-017,-6.12323399573677E-017,1.));
#16908=DIRECTION('',(-1.,-1.22464679914735E-016,-6.12323399573677E-017));
#16909=CARTESIAN_POINT('',(49.9,-3.30654635769785E-016,3.6));
#16910=AXIS2_PLACEMENT_3D('',#16911,#16912,#16913);
#16911=CARTESIAN_POINT('',(50.8,-2.20436423846524E-016,3.6));
#16912=DIRECTION('',(-6.12323399573677E-017,-6.12323399573677E-017,1.));
#16913=DIRECTION('',(-1.,-1.22464679914735E-016,-6.12323399573677E-017));
#16914=CARTESIAN_POINT('',(49.9,-3.00038465791102E-016,3.1));
#16915=AXIS2_PLACEMENT_3D('',#16916,#16917,#16918);
#16916=CARTESIAN_POINT('',(50.8,-1.8982025386784E-016,3.1));
#16917=DIRECTION('',(-6.12323399573677E-017,-6.12323399573677E-017,1.));
#16918=DIRECTION('',(-1.,-1.22464679914735E-016,-6.12323399573677E-017));
#16919=CARTESIAN_POINT('',(50.14,-2.70646942611565E-016,3.1));
#16920=AXIS2_PLACEMENT_3D('',#16921,#16922,#16923);
#16921=CARTESIAN_POINT('',(50.8,-1.8982025386784E-016,3.1));
#16922=DIRECTION('',(-6.12323399573677E-017,-6.12323399573677E-017,1.));
#16923=DIRECTION('',(-1.,-1.22464679914735E-016,-6.12323399573677E-017));
#16924=CARTESIAN_POINT('',(50.14,-1.07156594925393E-016,0.43));
#16925=AXIS2_PLACEMENT_3D('',#16926,#16927,#16928);
#16926=CARTESIAN_POINT('',(50.8,-2.63299061816681E-017,0.43));
#16927=DIRECTION('',(-6.12323399573677E-017,-6.12323399573677E-017,1.));
#16928=DIRECTION('',(-1.,-1.22464679914736E-016,-6.12323399573677E-017));
#16929=CARTESIAN_POINT('',(50.57,-2.81668763803891E-017,-2.81668763803891E-017));
#16930=AXIS2_PLACEMENT_3D('',#16931,#16932,#16933);
#16931=CARTESIAN_POINT('',(50.8,0.,0.));
#16932=DIRECTION('',(-6.12323399573677E-017,-6.12323399573676E-017,1.));
#16933=DIRECTION('',(-1.,-1.22464679914737E-016,-6.12323399573677E-017));
#16934=CARTESIAN_POINT('',(50.57,1.29200237310046E-016,-2.57));
#16935=AXIS2_PLACEMENT_3D('',#16936,#16937,#16938);
#16936=CARTESIAN_POINT('',(50.8,1.57367113690435E-016,-2.57));
#16937=DIRECTION('',(-6.12323399573677E-017,-6.12323399573676E-017,1.));
#16938=DIRECTION('',(-1.,-1.22464679914737E-016,-6.12323399573677E-017));
#16939=CARTESIAN_POINT('',(53.11,-4.54956285883242E-016,6.97));
#16940=AXIS2_PLACEMENT_3D('',#16941,#16942,#16943);
#16941=CARTESIAN_POINT('',(53.34,-4.26789409502853E-016,6.97));
#16942=DIRECTION('',(-6.12323399573677E-017,-6.12323399573677E-017,1.));
#16943=DIRECTION('',(-1.,-1.22464679914738E-016,-6.12323399573677E-017));
#16944=CARTESIAN_POINT('',(53.11,-2.48603300226913E-016,3.6));
#16945=AXIS2_PLACEMENT_3D('',#16946,#16947,#16948);
#16946=CARTESIAN_POINT('',(53.34,-2.20436423846524E-016,3.6));
#16947=DIRECTION('',(-6.12323399573677E-017,-6.12323399573677E-017,1.));
#16948=DIRECTION('',(-1.,-1.22464679914735E-016,-6.12323399573677E-017));
#16949=CARTESIAN_POINT('',(52.44,-3.30654635769785E-016,3.6));
#16950=AXIS2_PLACEMENT_3D('',#16951,#16952,#16953);
#16951=CARTESIAN_POINT('',(53.34,-2.20436423846524E-016,3.6));
#16952=DIRECTION('',(-6.12323399573677E-017,-6.12323399573677E-017,1.));
#16953=DIRECTION('',(-1.,-1.22464679914735E-016,-6.12323399573677E-017));
#16954=CARTESIAN_POINT('',(52.44,-3.00038465791102E-016,3.1));
#16955=AXIS2_PLACEMENT_3D('',#16956,#16957,#16958);
#16956=CARTESIAN_POINT('',(53.34,-1.8982025386784E-016,3.1));
#16957=DIRECTION('',(-6.12323399573677E-017,-6.12323399573677E-017,1.));
#16958=DIRECTION('',(-1.,-1.22464679914735E-016,-6.12323399573677E-017));
#16959=CARTESIAN_POINT('',(52.68,-2.70646942611565E-016,3.1));
#16960=AXIS2_PLACEMENT_3D('',#16961,#16962,#16963);
#16961=CARTESIAN_POINT('',(53.34,-1.8982025386784E-016,3.1));
#16962=DIRECTION('',(-6.12323399573677E-017,-6.12323399573677E-017,1.));
#16963=DIRECTION('',(-1.,-1.22464679914735E-016,-6.12323399573677E-017));
#16964=CARTESIAN_POINT('',(52.68,-1.07156594925393E-016,0.43));
#16965=AXIS2_PLACEMENT_3D('',#16966,#16967,#16968);
#16966=CARTESIAN_POINT('',(53.34,-2.63299061816681E-017,0.43));
#16967=DIRECTION('',(-6.12323399573677E-017,-6.12323399573677E-017,1.));
#16968=DIRECTION('',(-1.,-1.22464679914736E-016,-6.12323399573677E-017));
#16969=CARTESIAN_POINT('',(53.11,-2.81668763803891E-017,-2.81668763803891E-017));
#16970=AXIS2_PLACEMENT_3D('',#16971,#16972,#16973);
#16971=CARTESIAN_POINT('',(53.34,0.,0.));
#16972=DIRECTION('',(-6.12323399573677E-017,-6.12323399573676E-017,1.));
#16973=DIRECTION('',(-1.,-1.22464679914737E-016,-6.12323399573677E-017));
#16974=CARTESIAN_POINT('',(53.11,1.29200237310046E-016,-2.57));
#16975=AXIS2_PLACEMENT_3D('',#16976,#16977,#16978);
#16976=CARTESIAN_POINT('',(53.34,1.57367113690435E-016,-2.57));
#16977=DIRECTION('',(-6.12323399573677E-017,-6.12323399573676E-017,1.));
#16978=DIRECTION('',(-1.,-1.22464679914737E-016,-6.12323399573677E-017));
#16979=CARTESIAN_POINT('',(55.65,-4.54956285883242E-016,6.97));
#16980=AXIS2_PLACEMENT_3D('',#16981,#16982,#16983);
#16981=CARTESIAN_POINT('',(55.88,-4.26789409502853E-016,6.97));
#16982=DIRECTION('',(-6.12323399573677E-017,-6.12323399573677E-017,1.));
#16983=DIRECTION('',(-1.,-1.22464679914738E-016,-6.12323399573677E-017));
#16984=CARTESIAN_POINT('',(55.65,-2.48603300226913E-016,3.6));
#16985=AXIS2_PLACEMENT_3D('',#16986,#16987,#16988);
#16986=CARTESIAN_POINT('',(55.88,-2.20436423846524E-016,3.6));
#16987=DIRECTION('',(-6.12323399573677E-017,-6.12323399573677E-017,1.));
#16988=DIRECTION('',(-1.,-1.22464679914735E-016,-6.12323399573677E-017));
#16989=CARTESIAN_POINT('',(54.98,-3.30654635769785E-016,3.6));
#16990=AXIS2_PLACEMENT_3D('',#16991,#16992,#16993);
#16991=CARTESIAN_POINT('',(55.88,-2.20436423846524E-016,3.6));
#16992=DIRECTION('',(-6.12323399573677E-017,-6.12323399573677E-017,1.));
#16993=DIRECTION('',(-1.,-1.22464679914735E-016,-6.12323399573677E-017));
#16994=CARTESIAN_POINT('',(54.98,-3.00038465791102E-016,3.1));
#16995=AXIS2_PLACEMENT_3D('',#16996,#16997,#16998);
#16996=CARTESIAN_POINT('',(55.88,-1.8982025386784E-016,3.1));
#16997=DIRECTION('',(-6.12323399573677E-017,-6.12323399573677E-017,1.));
#16998=DIRECTION('',(-1.,-1.22464679914735E-016,-6.12323399573677E-017));
#16999=CARTESIAN_POINT('',(55.22,-2.70646942611565E-016,3.1));
#17000=AXIS2_PLACEMENT_3D('',#17001,#17002,#17003);
#17001=CARTESIAN_POINT('',(55.88,-1.8982025386784E-016,3.1));
#17002=DIRECTION('',(-6.12323399573677E-017,-6.12323399573677E-017,1.));
#17003=DIRECTION('',(-1.,-1.22464679914735E-016,-6.12323399573677E-017));
#17004=CARTESIAN_POINT('',(55.22,-1.07156594925393E-016,0.43));
#17005=AXIS2_PLACEMENT_3D('',#17006,#17007,#17008);
#17006=CARTESIAN_POINT('',(55.88,-2.63299061816681E-017,0.43));
#17007=DIRECTION('',(-6.12323399573677E-017,-6.12323399573677E-017,1.));
#17008=DIRECTION('',(-1.,-1.22464679914736E-016,-6.12323399573677E-017));
#17009=CARTESIAN_POINT('',(55.65,-2.81668763803891E-017,-2.81668763803891E-017));
#17010=AXIS2_PLACEMENT_3D('',#17011,#17012,#17013);
#17011=CARTESIAN_POINT('',(55.88,0.,0.));
#17012=DIRECTION('',(-6.12323399573677E-017,-6.12323399573676E-017,1.));
#17013=DIRECTION('',(-1.,-1.22464679914737E-016,-6.12323399573677E-017));
#17014=CARTESIAN_POINT('',(55.65,1.29200237310046E-016,-2.57));
#17015=AXIS2_PLACEMENT_3D('',#17016,#17017,#17018);
#17016=CARTESIAN_POINT('',(55.88,1.57367113690435E-016,-2.57));
#17017=DIRECTION('',(-6.12323399573677E-017,-6.12323399573676E-017,1.));
#17018=DIRECTION('',(-1.,-1.22464679914737E-016,-6.12323399573677E-017));
#17019=CARTESIAN_POINT('',(58.19,-4.54956285883242E-016,6.97));
#17020=AXIS2_PLACEMENT_3D('',#17021,#17022,#17023);
#17021=CARTESIAN_POINT('',(58.42,-4.26789409502853E-016,6.97));
#17022=DIRECTION('',(-6.12323399573677E-017,-6.12323399573677E-017,1.));
#17023=DIRECTION('',(-1.,-1.22464679914738E-016,-6.12323399573677E-017));
#17024=CARTESIAN_POINT('',(58.19,-2.48603300226913E-016,3.6));
#17025=AXIS2_PLACEMENT_3D('',#17026,#17027,#17028);
#17026=CARTESIAN_POINT('',(58.42,-2.20436423846524E-016,3.6));
#17027=DIRECTION('',(-6.12323399573677E-017,-6.12323399573677E-017,1.));
#17028=DIRECTION('',(-1.,-1.22464679914735E-016,-6.12323399573677E-017));
#17029=CARTESIAN_POINT('',(57.52,-3.30654635769785E-016,3.6));
#17030=AXIS2_PLACEMENT_3D('',#17031,#17032,#17033);
#17031=CARTESIAN_POINT('',(58.42,-2.20436423846524E-016,3.6));
#17032=DIRECTION('',(-6.12323399573677E-017,-6.12323399573677E-017,1.));
#17033=DIRECTION('',(-1.,-1.22464679914735E-016,-6.12323399573677E-017));
#17034=CARTESIAN_POINT('',(57.52,-3.00038465791102E-016,3.1));
#17035=AXIS2_PLACEMENT_3D('',#17036,#17037,#17038);
#17036=CARTESIAN_POINT('',(58.42,-1.8982025386784E-016,3.1));
#17037=DIRECTION('',(-6.12323399573677E-017,-6.12323399573677E-017,1.));
#17038=DIRECTION('',(-1.,-1.22464679914735E-016,-6.12323399573677E-017));
#17039=CARTESIAN_POINT('',(57.76,-2.70646942611565E-016,3.1));
#17040=AXIS2_PLACEMENT_3D('',#17041,#17042,#17043);
#17041=CARTESIAN_POINT('',(58.42,-1.8982025386784E-016,3.1));
#17042=DIRECTION('',(-6.12323399573677E-017,-6.12323399573677E-017,1.));
#17043=DIRECTION('',(-1.,-1.22464679914735E-016,-6.12323399573677E-017));
#17044=CARTESIAN_POINT('',(57.76,-1.07156594925393E-016,0.43));
#17045=AXIS2_PLACEMENT_3D('',#17046,#17047,#17048);
#17046=CARTESIAN_POINT('',(58.42,-2.63299061816681E-017,0.43));
#17047=DIRECTION('',(-6.12323399573677E-017,-6.12323399573677E-017,1.));
#17048=DIRECTION('',(-1.,-1.22464679914736E-016,-6.12323399573677E-017));
#17049=CARTESIAN_POINT('',(58.19,-2.81668763803891E-017,-2.81668763803891E-017));
#17050=AXIS2_PLACEMENT_3D('',#17051,#17052,#17053);
#17051=CARTESIAN_POINT('',(58.42,0.,0.));
#17052=DIRECTION('',(-6.12323399573677E-017,-6.12323399573676E-017,1.));
#17053=DIRECTION('',(-1.,-1.22464679914737E-016,-6.12323399573677E-017));
#17054=CARTESIAN_POINT('',(58.19,1.29200237310046E-016,-2.57));
#17055=AXIS2_PLACEMENT_3D('',#17056,#17057,#17058);
#17056=CARTESIAN_POINT('',(58.42,1.57367113690435E-016,-2.57));
#17057=DIRECTION('',(-6.12323399573677E-017,-6.12323399573676E-017,1.));
#17058=DIRECTION('',(-1.,-1.22464679914737E-016,-6.12323399573677E-017));
#17059=CARTESIAN_POINT('',(60.73,-4.54956285883242E-016,6.97));
#17060=AXIS2_PLACEMENT_3D('',#17061,#17062,#17063);
#17061=CARTESIAN_POINT('',(60.96,-4.26789409502853E-016,6.97));
#17062=DIRECTION('',(-6.12323399573677E-017,-6.12323399573677E-017,1.));
#17063=DIRECTION('',(-1.,-1.22464679914738E-016,-6.12323399573677E-017));
#17064=CARTESIAN_POINT('',(60.73,-2.48603300226913E-016,3.6));
#17065=AXIS2_PLACEMENT_3D('',#17066,#17067,#17068);
#17066=CARTESIAN_POINT('',(60.96,-2.20436423846524E-016,3.6));
#17067=DIRECTION('',(-6.12323399573677E-017,-6.12323399573677E-017,1.));
#17068=DIRECTION('',(-1.,-1.22464679914735E-016,-6.12323399573677E-017));
#17069=CARTESIAN_POINT('',(60.06,-3.30654635769785E-016,3.6));
#17070=AXIS2_PLACEMENT_3D('',#17071,#17072,#17073);
#17071=CARTESIAN_POINT('',(60.96,-2.20436423846524E-016,3.6));
#17072=DIRECTION('',(-6.12323399573677E-017,-6.12323399573677E-017,1.));
#17073=DIRECTION('',(-1.,-1.22464679914735E-016,-6.12323399573677E-017));
#17074=CARTESIAN_POINT('',(60.06,-3.00038465791102E-016,3.1));
#17075=AXIS2_PLACEMENT_3D('',#17076,#17077,#17078);
#17076=CARTESIAN_POINT('',(60.96,-1.8982025386784E-016,3.1));
#17077=DIRECTION('',(-6.12323399573677E-017,-6.12323399573677E-017,1.));
#17078=DIRECTION('',(-1.,-1.22464679914735E-016,-6.12323399573677E-017));
#17079=CARTESIAN_POINT('',(60.3,-2.70646942611565E-016,3.1));
#17080=AXIS2_PLACEMENT_3D('',#17081,#17082,#17083);
#17081=CARTESIAN_POINT('',(60.96,-1.8982025386784E-016,3.1));
#17082=DIRECTION('',(-6.12323399573677E-017,-6.12323399573677E-017,1.));
#17083=DIRECTION('',(-1.,-1.22464679914735E-016,-6.12323399573677E-017));
#17084=CARTESIAN_POINT('',(60.3,-1.07156594925393E-016,0.43));
#17085=AXIS2_PLACEMENT_3D('',#17086,#17087,#17088);
#17086=CARTESIAN_POINT('',(60.96,-2.63299061816681E-017,0.43));
#17087=DIRECTION('',(-6.12323399573677E-017,-6.12323399573677E-017,1.));
#17088=DIRECTION('',(-1.,-1.22464679914736E-016,-6.12323399573677E-017));
#17089=CARTESIAN_POINT('',(60.73,-2.81668763803891E-017,-2.81668763803891E-017));
#17090=AXIS2_PLACEMENT_3D('',#17091,#17092,#17093);
#17091=CARTESIAN_POINT('',(60.96,0.,0.));
#17092=DIRECTION('',(-6.12323399573677E-017,-6.12323399573676E-017,1.));
#17093=DIRECTION('',(-1.,-1.22464679914737E-016,-6.12323399573677E-017));
#17094=CARTESIAN_POINT('',(60.73,1.29200237310046E-016,-2.57));
#17095=AXIS2_PLACEMENT_3D('',#17096,#17097,#17098);
#17096=CARTESIAN_POINT('',(60.96,1.57367113690435E-016,-2.57));
#17097=DIRECTION('',(-6.12323399573677E-017,-6.12323399573676E-017,1.));
#17098=DIRECTION('',(-1.,-1.22464679914737E-016,-6.12323399573677E-017));
ENDSEC;
END-ISO-10303-21;
