ISO-10303-21;
HEADER;
FILE_DESCRIPTION(('STEP AP214'),
    '1');
FILE_NAME('PLSS (DS1004-xx1 CONNFLY)',
    '',
    ('UNSPECIFIED'),
    ('UNSPECIFIED'),
    'ASCON STEP Converter 1.6',
    'ASCON Math Kernel',
    '');
FILE_SCHEMA(('AUTOMOTIVE_DESIGN { 1 0 10303 214 3 1 1}'));
ENDSEC;

DATA;
#1=SHAPE_REPRESENTATION('NONE',(#2),#6);
#2=AXIS2_PLACEMENT_3D('',#3,#4,#5);
#3=CARTESIAN_POINT('',(0.,0.,0.));
#4=DIRECTION('',(0.,0.,1.));
#5=DIRECTION('',(1.,0.,0.));
#6=(GEOMETRIC_REPRESENTATION_CONTEXT(3)GLOBAL_UNCERTAINTY_ASSIGNED_CONTEXT((#8))
GLOBAL_UNIT_ASSIGNED_CONTEXT((#7,#9,#10))REPRESENTATION_CONTEXT('NONE','NONE'));
#7=(LENGTH_UNIT()NAMED_UNIT(*)SI_UNIT(.MILLI.,.METRE.));
#8=UNCERTAINTY_MEASURE_WITH_UNIT(LENGTH_MEASURE(1.E-005),#7,'NONE','NONE');
#9=(NAMED_UNIT(*)PLANE_ANGLE_UNIT()SI_UNIT($,.RADIAN.));
#10=(NAMED_UNIT(*)SI_UNIT($,.STERADIAN.)SOLID_ANGLE_UNIT());
#11=SHAPE_DEFINITION_REPRESENTATION(#12,#1);
#12=PRODUCT_DEFINITION_SHAPE('NONE','NONE',#13);
#13=PRODUCT_DEFINITION('','UNSPECIFIED',#14,#22);
#14=PRODUCT_DEFINITION_FORMATION_WITH_SPECIFIED_SOURCE('ANY','UNSPECIFIED',#15,.NOT_KNOWN.);
#15=PRODUCT('','PLSS (DS1004-xx1 CONNFLY)','NONE',(#25));
#16=PERSON('UNSPECIFIED','dima','UNSPECIFIED',('UNSPECIFIED'),('UNSPECIFIED'),('UNSPECIFIED'));
#17=ORGANIZATION('UNSPECIFIED','UNSPECIFIED','UNSPECIFIED');
#18=PERSON_AND_ORGANIZATION(#16,#17);
#19=PERSON_AND_ORGANIZATION_ROLE('design_owner');
#20=CC_DESIGN_PERSON_AND_ORGANIZATION_ASSIGNMENT(#18,#19,(#15));
#21=PRODUCT_RELATED_PRODUCT_CATEGORY('detail','',(#15));
#22=DESIGN_CONTEXT('detailed design',#23,'design');
#23=APPLICATION_CONTEXT('configuration controlled 3d designs of mechanical parts and assemblies');
#24=APPLICATION_PROTOCOL_DEFINITION('international standard','automotive_design',
2011,#23);
#25=MECHANICAL_CONTEXT('NONE',#23,'mechanical');
#26=CC_DESIGN_DATE_AND_TIME_ASSIGNMENT(#27,#31,(#13));
#27=DATE_AND_TIME(#28,#29);
#28=CALENDAR_DATE(0,1,1);
#29=LOCAL_TIME(0,0,0.,#30);
#30=COORDINATED_UNIVERSAL_TIME_OFFSET(0,0,.AHEAD.);
#31=DATE_TIME_ROLE('creation_date');
#32=CC_DESIGN_APPROVAL(#33,(#13));
#33=APPROVAL(#34,'UNSPECIFIED');
#34=APPROVAL_STATUS('not_yet_approved');
#35=APPROVAL_DATE_TIME(#36,#33);
#36=DATE_AND_TIME(#37,#38);
#37=CALENDAR_DATE(0,1,1);
#38=LOCAL_TIME(0,0,0.,#39);
#39=COORDINATED_UNIVERSAL_TIME_OFFSET(0,0,.AHEAD.);
#40=MANIFOLD_SOLID_BREP('',#41);
#41=CLOSED_SHELL('',(#343,#352,#361,#370,#379,#388,#397,#406,#415,#424,#433,#442,
#451,#460,#469,#478,#487,#496,#505,#514,#523,#532,#541,#550,#559,#568,#577,#586,
#595,#604,#613,#622,#631,#640,#649,#658,#667,#676,#685,#694,#703,#712,#721,#730,
#739,#748,#757,#766,#775,#784,#793,#802,#811,#820,#829,#838,#847,#856,#865,#874,
#883,#892,#901,#910,#919,#928,#937,#946,#955,#964,#973,#982,#991,#1000,#1009,#1018,
#1027,#1036,#1045,#1054,#1063,#1072,#1081,#1090,#1099,#1108,#1117,#1126,#1135,#1144,
#1153,#1162,#1171,#1180,#1189,#1198,#1207,#1216,#1225,#1234,#1243,#1252,#1261,#1270,
#1279,#1288,#1297,#1306,#1315,#1324,#1333,#1342,#1351,#1360,#1369,#1378,#1387,#1396,
#1405,#1414,#1423,#1432,#1441,#1450,#1459,#1468,#1477,#1486,#1495,#1504,#1513,#1522,
#1531,#1540,#1549,#1558,#1567,#1576,#1585,#1594,#1603,#1612,#1621,#1630,#1639,#1648,
#1657,#1666,#1675,#1684,#1693,#1702,#1711,#1720,#1729,#1738,#1747,#1756,#1765,#1774,
#1783,#1792,#1801,#1810,#1819,#1828,#1837,#1846,#1855,#1864,#1873,#1882,#1891,#1900,
#1909,#1918,#1927,#1936,#1945,#1954,#1963,#1972,#1981,#1990,#1999,#2008,#2017,#2026,
#2035,#2044,#2053,#2062,#2071,#2080,#2089,#2098,#2107,#2116,#2125,#2134,#2143,#2152,
#2161,#2170,#2179,#2188,#2197,#2206,#2215,#2224,#2233,#2242,#2251,#2260,#2269,#2278,
#2287,#2296,#2305,#2314,#2323,#2332,#2341,#2350,#2359,#2368,#2377,#2386,#2395,#2404,
#2413,#2422,#2431,#2440,#2449,#2458,#2467,#2476,#2485,#2494,#2503,#2512,#2521,#2530,
#2539,#2548,#2557,#2566,#2575,#2584,#2593,#2602,#2611,#2620,#2629,#2638,#2647,#2656,
#2665,#2674,#2683,#2692,#2701,#2710,#2719,#2728,#2737,#2746,#2755,#2764,#2773,#2782,
#2791,#2800,#2809,#2818,#2827,#2836,#2845,#2854,#2863,#2872,#2881,#2890,#2899,#2908,
#2917,#2926,#2935,#2944,#2953,#2962,#2971,#2980,#2989,#2998,#3007,#3016,#3025,#3034,
#3043,#3052,#3061,#3070,#3079,#3088,#3097,#3106,#3115,#3124,#3133,#3142,#3151,#3160,
#3169,#3178,#3187,#3196,#3205,#3214,#3223,#3232,#3241,#3250,#3259));
#42=COLOUR_RGB('',0.156862745098039,0.156862745098039,0.156862745098039);
#43=FILL_AREA_STYLE_COLOUR('',#42);
#44=FILL_AREA_STYLE($,(#43));
#45=SURFACE_STYLE_FILL_AREA(#44);
#46=SURFACE_SIDE_STYLE('',(#45));
#47=SURFACE_STYLE_USAGE(.BOTH.,#46);
#48=PRESENTATION_STYLE_ASSIGNMENT((#47));
#49=MECHANICAL_DESIGN_GEOMETRIC_PRESENTATION_REPRESENTATION('NONE',(#50,#60,#70,
#80,#90,#100,#110,#120,#130,#140,#150,#160,#170,#180,#190,#200,#210,#220,#230,#240,
#250,#260,#270,#280,#290,#300,#310,#320,#330,#340,#351,#360,#369,#378,#387,#396,
#405,#414,#423,#432,#441,#450,#459,#468,#477,#486,#495,#504,#513,#522,#531,#540,
#549,#558,#567,#576,#585,#594,#603,#612,#621,#630,#639,#648,#657,#666,#675,#684,
#693,#702,#711,#720,#729,#738,#747,#756,#765,#774,#783,#792,#801,#810,#819,#828,
#837,#846,#855,#864,#873,#882,#891,#900,#909,#918,#927,#936,#945,#954,#963,#972,
#981,#990,#999,#1008,#1017,#1026,#1035,#1044,#1053,#1062,#1071,#1080,#1089,#1098,
#1107,#1116,#1125,#1134,#1143,#1152,#1161,#1170,#1179,#1188,#1197,#1206,#1215,#1224,
#1233,#1242,#1251,#1260,#1269,#1278,#1287,#1296,#1305,#1314,#1323,#1332,#1341,#1350,
#1359,#1368,#1377,#1386,#1395,#1404,#1413,#1422,#1431,#1440,#1449,#1458,#1467,#1476,
#1485,#1494,#1503,#1512,#1521,#1530,#1539,#1548,#1557,#1566,#1575,#1584,#1593,#1602,
#1611,#1620,#1629,#1638,#1647,#1656,#1665,#1674,#1683,#1692,#1701,#1710,#1719,#1728,
#1737,#1746,#1755,#1764,#1773,#1782,#1791,#1800,#1809,#1818,#1827,#1836,#1845,#1854,
#1863,#1872,#1881,#1890,#1899,#1908,#1917,#1926,#1935,#1944,#1953,#1962,#1971,#1980,
#1989,#1998,#2007,#2016,#2025,#2034,#2043,#2052,#2061,#2070,#2079,#2088,#2097,#2106,
#2115,#2124,#2133,#2142,#2151,#2160,#2169,#2178,#2187,#2196,#2205,#2214,#2223,#2232,
#2241,#2250,#2259,#2268,#2277,#2286,#2295,#2304,#2313,#2322,#2331,#2340,#2349,#2358,
#2367,#2376,#2385,#2394,#2403,#2412,#2421,#2430,#2439,#2448,#2457,#2466,#2475,#2484,
#2493,#2502,#2511,#2520,#2529,#2538,#2547,#2556,#2565,#2574,#2583,#2592,#2601,#2610,
#2619,#2628,#2637,#2646,#2655,#2664,#2673,#2682,#2691,#2700,#2709,#2718,#2727,#2736,
#2745,#2754,#2763,#2772,#2781,#2790,#2799,#2808,#2817,#2826,#2835,#2844,#2853,#2862,
#2871,#2880,#2889,#2898,#2907,#2916,#2925,#2934,#2943,#2952,#2961,#2970,#2979,#2988,
#2997,#3006,#3015,#3024,#3033,#3042,#3051,#3060,#3069,#3078,#3087,#3096,#3105,#3114,
#3123,#3132,#3141,#3150,#3159,#3168,#3177,#3186,#3195,#3204,#3213,#3222,#3231,#3240,
#3249,#3258,#3267,#3276,#3285,#3294,#3303,#3312,#3321,#3330,#3339,#3348,#3357,#3366,
#3375,#3384,#3393,#3402,#3411,#3420,#3429,#3438,#3447,#3456,#3465,#3474,#3483,#3492,
#3501,#3510,#3519,#3528,#3537,#3546,#3555,#3564,#3573,#3582,#3591,#3600,#3609,#3618,
#3627,#3636,#3645,#3654,#3663,#3672,#3681,#3690,#3699,#3708,#3717,#3726,#3735,#3744,
#3753,#3762,#3771,#3780,#3789,#3798,#3807,#3816,#3825,#3834,#3843,#3852,#3861,#3870,
#3879,#3888,#3897,#3906,#3915,#3924,#3933,#3942,#3951,#3960,#3969,#3978,#3987,#3996,
#4005,#4014,#4023,#4032,#4041,#4050,#4059,#4068,#4077,#4086,#4095,#4104,#4113,#4122,
#4131,#4140,#4149,#4158,#4167,#4176,#4185,#4194,#4203,#4212,#4221,#4230,#4239,#4248,
#4257,#4266,#4275,#4284,#4293,#4302,#4311,#4320,#4329,#4338,#4347,#4356,#4365,#4374,
#4383,#4392,#4401,#4410,#4419,#4428,#4437,#4446,#4455,#4464,#4473,#4482,#4491,#4500,
#4509,#4518,#4527,#4536,#4545,#4554,#4563,#4572,#4581,#4590,#4599,#4608,#4617,#4626,
#4635,#4644,#4653,#4662,#4671,#4680,#4689,#4698,#4707,#4716,#4725,#4734,#4743,#4752,
#4761,#4770,#4779,#4788,#4797,#4806,#4815,#4824,#4833,#4842,#4851,#4860,#4869,#4878,
#4887,#4896,#4905,#4914,#4923,#4932,#4941,#4950,#4959,#4968,#4977,#4986,#4995,#5004,
#5013,#5022,#5031,#5040,#5049,#5058,#5067,#5076,#5085,#5094,#5103,#5112,#5121,#5130,
#5139,#5148,#5157,#5166,#5175,#5184,#5193,#5202,#5211,#5220,#5229,#5238,#5247,#5256,
#5265,#5274,#5283,#5292,#5301,#5310,#5319,#5328,#5337,#5346,#5355,#5364,#5373,#5382,
#5391,#5400,#5409,#5418,#5427,#5436,#5445,#5454,#5463,#5472,#5481,#5490,#5499,#5508,
#5517,#5526,#5535,#5544,#5553,#5562,#5571,#5580,#5589,#5598,#5607,#5616),#6);
#50=STYLED_ITEM('',(#48),#40);
#51=MANIFOLD_SOLID_BREP('',#52);
#52=CLOSED_SHELL('',(#3268,#3277,#3286,#3295,#3304,#3313,#3322,#3331,#3340));
#53=COLOUR_RGB('',0.156862745098039,0.156862745098039,0.156862745098039);
#54=FILL_AREA_STYLE_COLOUR('',#53);
#55=FILL_AREA_STYLE($,(#54));
#56=SURFACE_STYLE_FILL_AREA(#55);
#57=SURFACE_SIDE_STYLE('',(#56));
#58=SURFACE_STYLE_USAGE(.BOTH.,#57);
#59=PRESENTATION_STYLE_ASSIGNMENT((#58));
#60=STYLED_ITEM('',(#59),#51);
#61=MANIFOLD_SOLID_BREP('',#62);
#62=CLOSED_SHELL('',(#3349,#3358,#3367,#3376,#3385,#3394,#3403,#3412,#3421));
#63=COLOUR_RGB('',0.156862745098039,0.156862745098039,0.156862745098039);
#64=FILL_AREA_STYLE_COLOUR('',#63);
#65=FILL_AREA_STYLE($,(#64));
#66=SURFACE_STYLE_FILL_AREA(#65);
#67=SURFACE_SIDE_STYLE('',(#66));
#68=SURFACE_STYLE_USAGE(.BOTH.,#67);
#69=PRESENTATION_STYLE_ASSIGNMENT((#68));
#70=STYLED_ITEM('',(#69),#61);
#71=MANIFOLD_SOLID_BREP('',#72);
#72=CLOSED_SHELL('',(#3430,#3439,#3448,#3457,#3466,#3475,#3484,#3493,#3502));
#73=COLOUR_RGB('',0.156862745098039,0.156862745098039,0.156862745098039);
#74=FILL_AREA_STYLE_COLOUR('',#73);
#75=FILL_AREA_STYLE($,(#74));
#76=SURFACE_STYLE_FILL_AREA(#75);
#77=SURFACE_SIDE_STYLE('',(#76));
#78=SURFACE_STYLE_USAGE(.BOTH.,#77);
#79=PRESENTATION_STYLE_ASSIGNMENT((#78));
#80=STYLED_ITEM('',(#79),#71);
#81=MANIFOLD_SOLID_BREP('',#82);
#82=CLOSED_SHELL('',(#3511,#3520,#3529,#3538,#3547,#3556,#3565,#3574,#3583));
#83=COLOUR_RGB('',0.156862745098039,0.156862745098039,0.156862745098039);
#84=FILL_AREA_STYLE_COLOUR('',#83);
#85=FILL_AREA_STYLE($,(#84));
#86=SURFACE_STYLE_FILL_AREA(#85);
#87=SURFACE_SIDE_STYLE('',(#86));
#88=SURFACE_STYLE_USAGE(.BOTH.,#87);
#89=PRESENTATION_STYLE_ASSIGNMENT((#88));
#90=STYLED_ITEM('',(#89),#81);
#91=MANIFOLD_SOLID_BREP('',#92);
#92=CLOSED_SHELL('',(#3592,#3601,#3610,#3619,#3628,#3637,#3646,#3655,#3664));
#93=COLOUR_RGB('',0.156862745098039,0.156862745098039,0.156862745098039);
#94=FILL_AREA_STYLE_COLOUR('',#93);
#95=FILL_AREA_STYLE($,(#94));
#96=SURFACE_STYLE_FILL_AREA(#95);
#97=SURFACE_SIDE_STYLE('',(#96));
#98=SURFACE_STYLE_USAGE(.BOTH.,#97);
#99=PRESENTATION_STYLE_ASSIGNMENT((#98));
#100=STYLED_ITEM('',(#99),#91);
#101=MANIFOLD_SOLID_BREP('',#102);
#102=CLOSED_SHELL('',(#3673,#3682,#3691,#3700,#3709,#3718,#3727,#3736,#3745));
#103=COLOUR_RGB('',0.156862745098039,0.156862745098039,0.156862745098039);
#104=FILL_AREA_STYLE_COLOUR('',#103);
#105=FILL_AREA_STYLE($,(#104));
#106=SURFACE_STYLE_FILL_AREA(#105);
#107=SURFACE_SIDE_STYLE('',(#106));
#108=SURFACE_STYLE_USAGE(.BOTH.,#107);
#109=PRESENTATION_STYLE_ASSIGNMENT((#108));
#110=STYLED_ITEM('',(#109),#101);
#111=MANIFOLD_SOLID_BREP('',#112);
#112=CLOSED_SHELL('',(#3754,#3763,#3772,#3781,#3790,#3799,#3808,#3817,#3826));
#113=COLOUR_RGB('',0.156862745098039,0.156862745098039,0.156862745098039);
#114=FILL_AREA_STYLE_COLOUR('',#113);
#115=FILL_AREA_STYLE($,(#114));
#116=SURFACE_STYLE_FILL_AREA(#115);
#117=SURFACE_SIDE_STYLE('',(#116));
#118=SURFACE_STYLE_USAGE(.BOTH.,#117);
#119=PRESENTATION_STYLE_ASSIGNMENT((#118));
#120=STYLED_ITEM('',(#119),#111);
#121=MANIFOLD_SOLID_BREP('',#122);
#122=CLOSED_SHELL('',(#3835,#3844,#3853,#3862,#3871,#3880,#3889,#3898,#3907));
#123=COLOUR_RGB('',0.156862745098039,0.156862745098039,0.156862745098039);
#124=FILL_AREA_STYLE_COLOUR('',#123);
#125=FILL_AREA_STYLE($,(#124));
#126=SURFACE_STYLE_FILL_AREA(#125);
#127=SURFACE_SIDE_STYLE('',(#126));
#128=SURFACE_STYLE_USAGE(.BOTH.,#127);
#129=PRESENTATION_STYLE_ASSIGNMENT((#128));
#130=STYLED_ITEM('',(#129),#121);
#131=MANIFOLD_SOLID_BREP('',#132);
#132=CLOSED_SHELL('',(#3916,#3925,#3934,#3943,#3952,#3961,#3970,#3979,#3988));
#133=COLOUR_RGB('',0.156862745098039,0.156862745098039,0.156862745098039);
#134=FILL_AREA_STYLE_COLOUR('',#133);
#135=FILL_AREA_STYLE($,(#134));
#136=SURFACE_STYLE_FILL_AREA(#135);
#137=SURFACE_SIDE_STYLE('',(#136));
#138=SURFACE_STYLE_USAGE(.BOTH.,#137);
#139=PRESENTATION_STYLE_ASSIGNMENT((#138));
#140=STYLED_ITEM('',(#139),#131);
#141=MANIFOLD_SOLID_BREP('',#142);
#142=CLOSED_SHELL('',(#3997,#4006,#4015,#4024,#4033,#4042,#4051,#4060,#4069));
#143=COLOUR_RGB('',0.156862745098039,0.156862745098039,0.156862745098039);
#144=FILL_AREA_STYLE_COLOUR('',#143);
#145=FILL_AREA_STYLE($,(#144));
#146=SURFACE_STYLE_FILL_AREA(#145);
#147=SURFACE_SIDE_STYLE('',(#146));
#148=SURFACE_STYLE_USAGE(.BOTH.,#147);
#149=PRESENTATION_STYLE_ASSIGNMENT((#148));
#150=STYLED_ITEM('',(#149),#141);
#151=MANIFOLD_SOLID_BREP('',#152);
#152=CLOSED_SHELL('',(#4078,#4087,#4096,#4105,#4114,#4123,#4132,#4141,#4150));
#153=COLOUR_RGB('',0.156862745098039,0.156862745098039,0.156862745098039);
#154=FILL_AREA_STYLE_COLOUR('',#153);
#155=FILL_AREA_STYLE($,(#154));
#156=SURFACE_STYLE_FILL_AREA(#155);
#157=SURFACE_SIDE_STYLE('',(#156));
#158=SURFACE_STYLE_USAGE(.BOTH.,#157);
#159=PRESENTATION_STYLE_ASSIGNMENT((#158));
#160=STYLED_ITEM('',(#159),#151);
#161=MANIFOLD_SOLID_BREP('',#162);
#162=CLOSED_SHELL('',(#4159,#4168,#4177,#4186,#4195,#4204,#4213,#4222,#4231));
#163=COLOUR_RGB('',0.156862745098039,0.156862745098039,0.156862745098039);
#164=FILL_AREA_STYLE_COLOUR('',#163);
#165=FILL_AREA_STYLE($,(#164));
#166=SURFACE_STYLE_FILL_AREA(#165);
#167=SURFACE_SIDE_STYLE('',(#166));
#168=SURFACE_STYLE_USAGE(.BOTH.,#167);
#169=PRESENTATION_STYLE_ASSIGNMENT((#168));
#170=STYLED_ITEM('',(#169),#161);
#171=MANIFOLD_SOLID_BREP('',#172);
#172=CLOSED_SHELL('',(#4240,#4249,#4258,#4267,#4276,#4285,#4294,#4303,#4312));
#173=COLOUR_RGB('',0.156862745098039,0.156862745098039,0.156862745098039);
#174=FILL_AREA_STYLE_COLOUR('',#173);
#175=FILL_AREA_STYLE($,(#174));
#176=SURFACE_STYLE_FILL_AREA(#175);
#177=SURFACE_SIDE_STYLE('',(#176));
#178=SURFACE_STYLE_USAGE(.BOTH.,#177);
#179=PRESENTATION_STYLE_ASSIGNMENT((#178));
#180=STYLED_ITEM('',(#179),#171);
#181=MANIFOLD_SOLID_BREP('',#182);
#182=CLOSED_SHELL('',(#4321,#4330,#4339,#4348,#4357,#4366,#4375,#4384,#4393));
#183=COLOUR_RGB('',0.156862745098039,0.156862745098039,0.156862745098039);
#184=FILL_AREA_STYLE_COLOUR('',#183);
#185=FILL_AREA_STYLE($,(#184));
#186=SURFACE_STYLE_FILL_AREA(#185);
#187=SURFACE_SIDE_STYLE('',(#186));
#188=SURFACE_STYLE_USAGE(.BOTH.,#187);
#189=PRESENTATION_STYLE_ASSIGNMENT((#188));
#190=STYLED_ITEM('',(#189),#181);
#191=MANIFOLD_SOLID_BREP('',#192);
#192=CLOSED_SHELL('',(#4402,#4411,#4420,#4429,#4438,#4447,#4456,#4465,#4474));
#193=COLOUR_RGB('',0.156862745098039,0.156862745098039,0.156862745098039);
#194=FILL_AREA_STYLE_COLOUR('',#193);
#195=FILL_AREA_STYLE($,(#194));
#196=SURFACE_STYLE_FILL_AREA(#195);
#197=SURFACE_SIDE_STYLE('',(#196));
#198=SURFACE_STYLE_USAGE(.BOTH.,#197);
#199=PRESENTATION_STYLE_ASSIGNMENT((#198));
#200=STYLED_ITEM('',(#199),#191);
#201=MANIFOLD_SOLID_BREP('',#202);
#202=CLOSED_SHELL('',(#4483,#4492,#4501,#4510,#4519,#4528,#4537,#4546,#4555));
#203=COLOUR_RGB('',0.156862745098039,0.156862745098039,0.156862745098039);
#204=FILL_AREA_STYLE_COLOUR('',#203);
#205=FILL_AREA_STYLE($,(#204));
#206=SURFACE_STYLE_FILL_AREA(#205);
#207=SURFACE_SIDE_STYLE('',(#206));
#208=SURFACE_STYLE_USAGE(.BOTH.,#207);
#209=PRESENTATION_STYLE_ASSIGNMENT((#208));
#210=STYLED_ITEM('',(#209),#201);
#211=MANIFOLD_SOLID_BREP('',#212);
#212=CLOSED_SHELL('',(#4564,#4573,#4582,#4591,#4600,#4609,#4618,#4627,#4636));
#213=COLOUR_RGB('',0.156862745098039,0.156862745098039,0.156862745098039);
#214=FILL_AREA_STYLE_COLOUR('',#213);
#215=FILL_AREA_STYLE($,(#214));
#216=SURFACE_STYLE_FILL_AREA(#215);
#217=SURFACE_SIDE_STYLE('',(#216));
#218=SURFACE_STYLE_USAGE(.BOTH.,#217);
#219=PRESENTATION_STYLE_ASSIGNMENT((#218));
#220=STYLED_ITEM('',(#219),#211);
#221=MANIFOLD_SOLID_BREP('',#222);
#222=CLOSED_SHELL('',(#4645,#4654,#4663,#4672,#4681,#4690,#4699,#4708,#4717));
#223=COLOUR_RGB('',0.156862745098039,0.156862745098039,0.156862745098039);
#224=FILL_AREA_STYLE_COLOUR('',#223);
#225=FILL_AREA_STYLE($,(#224));
#226=SURFACE_STYLE_FILL_AREA(#225);
#227=SURFACE_SIDE_STYLE('',(#226));
#228=SURFACE_STYLE_USAGE(.BOTH.,#227);
#229=PRESENTATION_STYLE_ASSIGNMENT((#228));
#230=STYLED_ITEM('',(#229),#221);
#231=MANIFOLD_SOLID_BREP('',#232);
#232=CLOSED_SHELL('',(#4726,#4735,#4744,#4753,#4762,#4771,#4780,#4789,#4798));
#233=COLOUR_RGB('',0.156862745098039,0.156862745098039,0.156862745098039);
#234=FILL_AREA_STYLE_COLOUR('',#233);
#235=FILL_AREA_STYLE($,(#234));
#236=SURFACE_STYLE_FILL_AREA(#235);
#237=SURFACE_SIDE_STYLE('',(#236));
#238=SURFACE_STYLE_USAGE(.BOTH.,#237);
#239=PRESENTATION_STYLE_ASSIGNMENT((#238));
#240=STYLED_ITEM('',(#239),#231);
#241=MANIFOLD_SOLID_BREP('',#242);
#242=CLOSED_SHELL('',(#4807,#4816,#4825,#4834,#4843,#4852,#4861,#4870,#4879));
#243=COLOUR_RGB('',0.156862745098039,0.156862745098039,0.156862745098039);
#244=FILL_AREA_STYLE_COLOUR('',#243);
#245=FILL_AREA_STYLE($,(#244));
#246=SURFACE_STYLE_FILL_AREA(#245);
#247=SURFACE_SIDE_STYLE('',(#246));
#248=SURFACE_STYLE_USAGE(.BOTH.,#247);
#249=PRESENTATION_STYLE_ASSIGNMENT((#248));
#250=STYLED_ITEM('',(#249),#241);
#251=MANIFOLD_SOLID_BREP('',#252);
#252=CLOSED_SHELL('',(#4888,#4897,#4906,#4915,#4924,#4933,#4942,#4951,#4960));
#253=COLOUR_RGB('',0.156862745098039,0.156862745098039,0.156862745098039);
#254=FILL_AREA_STYLE_COLOUR('',#253);
#255=FILL_AREA_STYLE($,(#254));
#256=SURFACE_STYLE_FILL_AREA(#255);
#257=SURFACE_SIDE_STYLE('',(#256));
#258=SURFACE_STYLE_USAGE(.BOTH.,#257);
#259=PRESENTATION_STYLE_ASSIGNMENT((#258));
#260=STYLED_ITEM('',(#259),#251);
#261=MANIFOLD_SOLID_BREP('',#262);
#262=CLOSED_SHELL('',(#4969,#4978,#4987,#4996,#5005,#5014,#5023,#5032,#5041));
#263=COLOUR_RGB('',0.156862745098039,0.156862745098039,0.156862745098039);
#264=FILL_AREA_STYLE_COLOUR('',#263);
#265=FILL_AREA_STYLE($,(#264));
#266=SURFACE_STYLE_FILL_AREA(#265);
#267=SURFACE_SIDE_STYLE('',(#266));
#268=SURFACE_STYLE_USAGE(.BOTH.,#267);
#269=PRESENTATION_STYLE_ASSIGNMENT((#268));
#270=STYLED_ITEM('',(#269),#261);
#271=MANIFOLD_SOLID_BREP('',#272);
#272=CLOSED_SHELL('',(#5050,#5059,#5068,#5077,#5086,#5095,#5104,#5113,#5122));
#273=COLOUR_RGB('',0.156862745098039,0.156862745098039,0.156862745098039);
#274=FILL_AREA_STYLE_COLOUR('',#273);
#275=FILL_AREA_STYLE($,(#274));
#276=SURFACE_STYLE_FILL_AREA(#275);
#277=SURFACE_SIDE_STYLE('',(#276));
#278=SURFACE_STYLE_USAGE(.BOTH.,#277);
#279=PRESENTATION_STYLE_ASSIGNMENT((#278));
#280=STYLED_ITEM('',(#279),#271);
#281=MANIFOLD_SOLID_BREP('',#282);
#282=CLOSED_SHELL('',(#5131,#5140,#5149,#5158,#5167,#5176,#5185,#5194,#5203));
#283=COLOUR_RGB('',0.156862745098039,0.156862745098039,0.156862745098039);
#284=FILL_AREA_STYLE_COLOUR('',#283);
#285=FILL_AREA_STYLE($,(#284));
#286=SURFACE_STYLE_FILL_AREA(#285);
#287=SURFACE_SIDE_STYLE('',(#286));
#288=SURFACE_STYLE_USAGE(.BOTH.,#287);
#289=PRESENTATION_STYLE_ASSIGNMENT((#288));
#290=STYLED_ITEM('',(#289),#281);
#291=MANIFOLD_SOLID_BREP('',#292);
#292=CLOSED_SHELL('',(#5212,#5221,#5230,#5239,#5248,#5257,#5266,#5275,#5284));
#293=COLOUR_RGB('',0.156862745098039,0.156862745098039,0.156862745098039);
#294=FILL_AREA_STYLE_COLOUR('',#293);
#295=FILL_AREA_STYLE($,(#294));
#296=SURFACE_STYLE_FILL_AREA(#295);
#297=SURFACE_SIDE_STYLE('',(#296));
#298=SURFACE_STYLE_USAGE(.BOTH.,#297);
#299=PRESENTATION_STYLE_ASSIGNMENT((#298));
#300=STYLED_ITEM('',(#299),#291);
#301=MANIFOLD_SOLID_BREP('',#302);
#302=CLOSED_SHELL('',(#5293,#5302,#5311,#5320,#5329,#5338,#5347,#5356,#5365));
#303=COLOUR_RGB('',0.156862745098039,0.156862745098039,0.156862745098039);
#304=FILL_AREA_STYLE_COLOUR('',#303);
#305=FILL_AREA_STYLE($,(#304));
#306=SURFACE_STYLE_FILL_AREA(#305);
#307=SURFACE_SIDE_STYLE('',(#306));
#308=SURFACE_STYLE_USAGE(.BOTH.,#307);
#309=PRESENTATION_STYLE_ASSIGNMENT((#308));
#310=STYLED_ITEM('',(#309),#301);
#311=MANIFOLD_SOLID_BREP('',#312);
#312=CLOSED_SHELL('',(#5374,#5383,#5392,#5401,#5410,#5419,#5428,#5437,#5446));
#313=COLOUR_RGB('',0.156862745098039,0.156862745098039,0.156862745098039);
#314=FILL_AREA_STYLE_COLOUR('',#313);
#315=FILL_AREA_STYLE($,(#314));
#316=SURFACE_STYLE_FILL_AREA(#315);
#317=SURFACE_SIDE_STYLE('',(#316));
#318=SURFACE_STYLE_USAGE(.BOTH.,#317);
#319=PRESENTATION_STYLE_ASSIGNMENT((#318));
#320=STYLED_ITEM('',(#319),#311);
#321=MANIFOLD_SOLID_BREP('',#322);
#322=CLOSED_SHELL('',(#5455,#5464,#5473,#5482,#5491,#5500,#5509,#5518,#5527));
#323=COLOUR_RGB('',0.156862745098039,0.156862745098039,0.156862745098039);
#324=FILL_AREA_STYLE_COLOUR('',#323);
#325=FILL_AREA_STYLE($,(#324));
#326=SURFACE_STYLE_FILL_AREA(#325);
#327=SURFACE_SIDE_STYLE('',(#326));
#328=SURFACE_STYLE_USAGE(.BOTH.,#327);
#329=PRESENTATION_STYLE_ASSIGNMENT((#328));
#330=STYLED_ITEM('',(#329),#321);
#331=MANIFOLD_SOLID_BREP('',#332);
#332=CLOSED_SHELL('',(#5536,#5545,#5554,#5563,#5572,#5581,#5590,#5599,#5608));
#333=COLOUR_RGB('',0.156862745098039,0.156862745098039,0.156862745098039);
#334=FILL_AREA_STYLE_COLOUR('',#333);
#335=FILL_AREA_STYLE($,(#334));
#336=SURFACE_STYLE_FILL_AREA(#335);
#337=SURFACE_SIDE_STYLE('',(#336));
#338=SURFACE_STYLE_USAGE(.BOTH.,#337);
#339=PRESENTATION_STYLE_ASSIGNMENT((#338));
#340=STYLED_ITEM('',(#339),#331);
#341=ADVANCED_BREP_SHAPE_REPRESENTATION('NONE',(#40,#51,#61,#71,#81,#91,#101,#111,
#121,#131,#141,#151,#161,#171,#181,#191,#201,#211,#221,#231,#241,#251,#261,#271,
#281,#291,#301,#311,#321,#331),#6);
#342=SHAPE_REPRESENTATION_RELATIONSHIP('','',#1,#341);
#343=ADVANCED_FACE('',(#5617,#5619),#5621,.F.);
#344=COLOUR_RGB('',0.156862745098039,0.156862745098039,0.156862745098039);
#345=FILL_AREA_STYLE_COLOUR('',#344);
#346=FILL_AREA_STYLE($,(#345));
#347=SURFACE_STYLE_FILL_AREA(#346);
#348=SURFACE_SIDE_STYLE('',(#347));
#349=SURFACE_STYLE_USAGE(.BOTH.,#348);
#350=PRESENTATION_STYLE_ASSIGNMENT((#349));
#351=STYLED_ITEM('',(#350),#343);
#352=ADVANCED_FACE('',(#5626,#5628),#5630,.F.);
#353=COLOUR_RGB('',0.156862745098039,0.156862745098039,0.156862745098039);
#354=FILL_AREA_STYLE_COLOUR('',#353);
#355=FILL_AREA_STYLE($,(#354));
#356=SURFACE_STYLE_FILL_AREA(#355);
#357=SURFACE_SIDE_STYLE('',(#356));
#358=SURFACE_STYLE_USAGE(.BOTH.,#357);
#359=PRESENTATION_STYLE_ASSIGNMENT((#358));
#360=STYLED_ITEM('',(#359),#352);
#361=ADVANCED_FACE('',(#5635,#5637),#5639,.F.);
#362=COLOUR_RGB('',0.156862745098039,0.156862745098039,0.156862745098039);
#363=FILL_AREA_STYLE_COLOUR('',#362);
#364=FILL_AREA_STYLE($,(#363));
#365=SURFACE_STYLE_FILL_AREA(#364);
#366=SURFACE_SIDE_STYLE('',(#365));
#367=SURFACE_STYLE_USAGE(.BOTH.,#366);
#368=PRESENTATION_STYLE_ASSIGNMENT((#367));
#369=STYLED_ITEM('',(#368),#361);
#370=ADVANCED_FACE('',(#5644,#5646),#5648,.F.);
#371=COLOUR_RGB('',0.156862745098039,0.156862745098039,0.156862745098039);
#372=FILL_AREA_STYLE_COLOUR('',#371);
#373=FILL_AREA_STYLE($,(#372));
#374=SURFACE_STYLE_FILL_AREA(#373);
#375=SURFACE_SIDE_STYLE('',(#374));
#376=SURFACE_STYLE_USAGE(.BOTH.,#375);
#377=PRESENTATION_STYLE_ASSIGNMENT((#376));
#378=STYLED_ITEM('',(#377),#370);
#379=ADVANCED_FACE('',(#5653,#5655),#5657,.F.);
#380=COLOUR_RGB('',0.156862745098039,0.156862745098039,0.156862745098039);
#381=FILL_AREA_STYLE_COLOUR('',#380);
#382=FILL_AREA_STYLE($,(#381));
#383=SURFACE_STYLE_FILL_AREA(#382);
#384=SURFACE_SIDE_STYLE('',(#383));
#385=SURFACE_STYLE_USAGE(.BOTH.,#384);
#386=PRESENTATION_STYLE_ASSIGNMENT((#385));
#387=STYLED_ITEM('',(#386),#379);
#388=ADVANCED_FACE('',(#5662,#5664),#5666,.F.);
#389=COLOUR_RGB('',0.156862745098039,0.156862745098039,0.156862745098039);
#390=FILL_AREA_STYLE_COLOUR('',#389);
#391=FILL_AREA_STYLE($,(#390));
#392=SURFACE_STYLE_FILL_AREA(#391);
#393=SURFACE_SIDE_STYLE('',(#392));
#394=SURFACE_STYLE_USAGE(.BOTH.,#393);
#395=PRESENTATION_STYLE_ASSIGNMENT((#394));
#396=STYLED_ITEM('',(#395),#388);
#397=ADVANCED_FACE('',(#5671,#5673),#5675,.F.);
#398=COLOUR_RGB('',0.156862745098039,0.156862745098039,0.156862745098039);
#399=FILL_AREA_STYLE_COLOUR('',#398);
#400=FILL_AREA_STYLE($,(#399));
#401=SURFACE_STYLE_FILL_AREA(#400);
#402=SURFACE_SIDE_STYLE('',(#401));
#403=SURFACE_STYLE_USAGE(.BOTH.,#402);
#404=PRESENTATION_STYLE_ASSIGNMENT((#403));
#405=STYLED_ITEM('',(#404),#397);
#406=ADVANCED_FACE('',(#5680,#5682),#5684,.F.);
#407=COLOUR_RGB('',0.156862745098039,0.156862745098039,0.156862745098039);
#408=FILL_AREA_STYLE_COLOUR('',#407);
#409=FILL_AREA_STYLE($,(#408));
#410=SURFACE_STYLE_FILL_AREA(#409);
#411=SURFACE_SIDE_STYLE('',(#410));
#412=SURFACE_STYLE_USAGE(.BOTH.,#411);
#413=PRESENTATION_STYLE_ASSIGNMENT((#412));
#414=STYLED_ITEM('',(#413),#406);
#415=ADVANCED_FACE('',(#5689,#5691),#5693,.F.);
#416=COLOUR_RGB('',0.156862745098039,0.156862745098039,0.156862745098039);
#417=FILL_AREA_STYLE_COLOUR('',#416);
#418=FILL_AREA_STYLE($,(#417));
#419=SURFACE_STYLE_FILL_AREA(#418);
#420=SURFACE_SIDE_STYLE('',(#419));
#421=SURFACE_STYLE_USAGE(.BOTH.,#420);
#422=PRESENTATION_STYLE_ASSIGNMENT((#421));
#423=STYLED_ITEM('',(#422),#415);
#424=ADVANCED_FACE('',(#5698,#5700),#5702,.F.);
#425=COLOUR_RGB('',0.156862745098039,0.156862745098039,0.156862745098039);
#426=FILL_AREA_STYLE_COLOUR('',#425);
#427=FILL_AREA_STYLE($,(#426));
#428=SURFACE_STYLE_FILL_AREA(#427);
#429=SURFACE_SIDE_STYLE('',(#428));
#430=SURFACE_STYLE_USAGE(.BOTH.,#429);
#431=PRESENTATION_STYLE_ASSIGNMENT((#430));
#432=STYLED_ITEM('',(#431),#424);
#433=ADVANCED_FACE('',(#5707,#5709),#5711,.F.);
#434=COLOUR_RGB('',0.156862745098039,0.156862745098039,0.156862745098039);
#435=FILL_AREA_STYLE_COLOUR('',#434);
#436=FILL_AREA_STYLE($,(#435));
#437=SURFACE_STYLE_FILL_AREA(#436);
#438=SURFACE_SIDE_STYLE('',(#437));
#439=SURFACE_STYLE_USAGE(.BOTH.,#438);
#440=PRESENTATION_STYLE_ASSIGNMENT((#439));
#441=STYLED_ITEM('',(#440),#433);
#442=ADVANCED_FACE('',(#5716,#5718),#5720,.F.);
#443=COLOUR_RGB('',0.156862745098039,0.156862745098039,0.156862745098039);
#444=FILL_AREA_STYLE_COLOUR('',#443);
#445=FILL_AREA_STYLE($,(#444));
#446=SURFACE_STYLE_FILL_AREA(#445);
#447=SURFACE_SIDE_STYLE('',(#446));
#448=SURFACE_STYLE_USAGE(.BOTH.,#447);
#449=PRESENTATION_STYLE_ASSIGNMENT((#448));
#450=STYLED_ITEM('',(#449),#442);
#451=ADVANCED_FACE('',(#5725,#5727),#5729,.F.);
#452=COLOUR_RGB('',0.156862745098039,0.156862745098039,0.156862745098039);
#453=FILL_AREA_STYLE_COLOUR('',#452);
#454=FILL_AREA_STYLE($,(#453));
#455=SURFACE_STYLE_FILL_AREA(#454);
#456=SURFACE_SIDE_STYLE('',(#455));
#457=SURFACE_STYLE_USAGE(.BOTH.,#456);
#458=PRESENTATION_STYLE_ASSIGNMENT((#457));
#459=STYLED_ITEM('',(#458),#451);
#460=ADVANCED_FACE('',(#5734,#5736),#5738,.F.);
#461=COLOUR_RGB('',0.156862745098039,0.156862745098039,0.156862745098039);
#462=FILL_AREA_STYLE_COLOUR('',#461);
#463=FILL_AREA_STYLE($,(#462));
#464=SURFACE_STYLE_FILL_AREA(#463);
#465=SURFACE_SIDE_STYLE('',(#464));
#466=SURFACE_STYLE_USAGE(.BOTH.,#465);
#467=PRESENTATION_STYLE_ASSIGNMENT((#466));
#468=STYLED_ITEM('',(#467),#460);
#469=ADVANCED_FACE('',(#5743,#5745),#5747,.F.);
#470=COLOUR_RGB('',0.156862745098039,0.156862745098039,0.156862745098039);
#471=FILL_AREA_STYLE_COLOUR('',#470);
#472=FILL_AREA_STYLE($,(#471));
#473=SURFACE_STYLE_FILL_AREA(#472);
#474=SURFACE_SIDE_STYLE('',(#473));
#475=SURFACE_STYLE_USAGE(.BOTH.,#474);
#476=PRESENTATION_STYLE_ASSIGNMENT((#475));
#477=STYLED_ITEM('',(#476),#469);
#478=ADVANCED_FACE('',(#5752,#5754),#5756,.F.);
#479=COLOUR_RGB('',0.156862745098039,0.156862745098039,0.156862745098039);
#480=FILL_AREA_STYLE_COLOUR('',#479);
#481=FILL_AREA_STYLE($,(#480));
#482=SURFACE_STYLE_FILL_AREA(#481);
#483=SURFACE_SIDE_STYLE('',(#482));
#484=SURFACE_STYLE_USAGE(.BOTH.,#483);
#485=PRESENTATION_STYLE_ASSIGNMENT((#484));
#486=STYLED_ITEM('',(#485),#478);
#487=ADVANCED_FACE('',(#5761,#5763),#5765,.F.);
#488=COLOUR_RGB('',0.156862745098039,0.156862745098039,0.156862745098039);
#489=FILL_AREA_STYLE_COLOUR('',#488);
#490=FILL_AREA_STYLE($,(#489));
#491=SURFACE_STYLE_FILL_AREA(#490);
#492=SURFACE_SIDE_STYLE('',(#491));
#493=SURFACE_STYLE_USAGE(.BOTH.,#492);
#494=PRESENTATION_STYLE_ASSIGNMENT((#493));
#495=STYLED_ITEM('',(#494),#487);
#496=ADVANCED_FACE('',(#5770,#5772),#5774,.F.);
#497=COLOUR_RGB('',0.156862745098039,0.156862745098039,0.156862745098039);
#498=FILL_AREA_STYLE_COLOUR('',#497);
#499=FILL_AREA_STYLE($,(#498));
#500=SURFACE_STYLE_FILL_AREA(#499);
#501=SURFACE_SIDE_STYLE('',(#500));
#502=SURFACE_STYLE_USAGE(.BOTH.,#501);
#503=PRESENTATION_STYLE_ASSIGNMENT((#502));
#504=STYLED_ITEM('',(#503),#496);
#505=ADVANCED_FACE('',(#5779,#5781),#5783,.F.);
#506=COLOUR_RGB('',0.156862745098039,0.156862745098039,0.156862745098039);
#507=FILL_AREA_STYLE_COLOUR('',#506);
#508=FILL_AREA_STYLE($,(#507));
#509=SURFACE_STYLE_FILL_AREA(#508);
#510=SURFACE_SIDE_STYLE('',(#509));
#511=SURFACE_STYLE_USAGE(.BOTH.,#510);
#512=PRESENTATION_STYLE_ASSIGNMENT((#511));
#513=STYLED_ITEM('',(#512),#505);
#514=ADVANCED_FACE('',(#5788,#5790),#5792,.F.);
#515=COLOUR_RGB('',0.156862745098039,0.156862745098039,0.156862745098039);
#516=FILL_AREA_STYLE_COLOUR('',#515);
#517=FILL_AREA_STYLE($,(#516));
#518=SURFACE_STYLE_FILL_AREA(#517);
#519=SURFACE_SIDE_STYLE('',(#518));
#520=SURFACE_STYLE_USAGE(.BOTH.,#519);
#521=PRESENTATION_STYLE_ASSIGNMENT((#520));
#522=STYLED_ITEM('',(#521),#514);
#523=ADVANCED_FACE('',(#5797,#5799),#5801,.F.);
#524=COLOUR_RGB('',0.156862745098039,0.156862745098039,0.156862745098039);
#525=FILL_AREA_STYLE_COLOUR('',#524);
#526=FILL_AREA_STYLE($,(#525));
#527=SURFACE_STYLE_FILL_AREA(#526);
#528=SURFACE_SIDE_STYLE('',(#527));
#529=SURFACE_STYLE_USAGE(.BOTH.,#528);
#530=PRESENTATION_STYLE_ASSIGNMENT((#529));
#531=STYLED_ITEM('',(#530),#523);
#532=ADVANCED_FACE('',(#5806,#5808),#5810,.F.);
#533=COLOUR_RGB('',0.156862745098039,0.156862745098039,0.156862745098039);
#534=FILL_AREA_STYLE_COLOUR('',#533);
#535=FILL_AREA_STYLE($,(#534));
#536=SURFACE_STYLE_FILL_AREA(#535);
#537=SURFACE_SIDE_STYLE('',(#536));
#538=SURFACE_STYLE_USAGE(.BOTH.,#537);
#539=PRESENTATION_STYLE_ASSIGNMENT((#538));
#540=STYLED_ITEM('',(#539),#532);
#541=ADVANCED_FACE('',(#5815,#5817),#5819,.F.);
#542=COLOUR_RGB('',0.156862745098039,0.156862745098039,0.156862745098039);
#543=FILL_AREA_STYLE_COLOUR('',#542);
#544=FILL_AREA_STYLE($,(#543));
#545=SURFACE_STYLE_FILL_AREA(#544);
#546=SURFACE_SIDE_STYLE('',(#545));
#547=SURFACE_STYLE_USAGE(.BOTH.,#546);
#548=PRESENTATION_STYLE_ASSIGNMENT((#547));
#549=STYLED_ITEM('',(#548),#541);
#550=ADVANCED_FACE('',(#5824,#5826),#5828,.F.);
#551=COLOUR_RGB('',0.156862745098039,0.156862745098039,0.156862745098039);
#552=FILL_AREA_STYLE_COLOUR('',#551);
#553=FILL_AREA_STYLE($,(#552));
#554=SURFACE_STYLE_FILL_AREA(#553);
#555=SURFACE_SIDE_STYLE('',(#554));
#556=SURFACE_STYLE_USAGE(.BOTH.,#555);
#557=PRESENTATION_STYLE_ASSIGNMENT((#556));
#558=STYLED_ITEM('',(#557),#550);
#559=ADVANCED_FACE('',(#5833,#5835),#5837,.F.);
#560=COLOUR_RGB('',0.156862745098039,0.156862745098039,0.156862745098039);
#561=FILL_AREA_STYLE_COLOUR('',#560);
#562=FILL_AREA_STYLE($,(#561));
#563=SURFACE_STYLE_FILL_AREA(#562);
#564=SURFACE_SIDE_STYLE('',(#563));
#565=SURFACE_STYLE_USAGE(.BOTH.,#564);
#566=PRESENTATION_STYLE_ASSIGNMENT((#565));
#567=STYLED_ITEM('',(#566),#559);
#568=ADVANCED_FACE('',(#5842,#5844),#5846,.F.);
#569=COLOUR_RGB('',0.156862745098039,0.156862745098039,0.156862745098039);
#570=FILL_AREA_STYLE_COLOUR('',#569);
#571=FILL_AREA_STYLE($,(#570));
#572=SURFACE_STYLE_FILL_AREA(#571);
#573=SURFACE_SIDE_STYLE('',(#572));
#574=SURFACE_STYLE_USAGE(.BOTH.,#573);
#575=PRESENTATION_STYLE_ASSIGNMENT((#574));
#576=STYLED_ITEM('',(#575),#568);
#577=ADVANCED_FACE('',(#5851,#5853),#5855,.F.);
#578=COLOUR_RGB('',0.156862745098039,0.156862745098039,0.156862745098039);
#579=FILL_AREA_STYLE_COLOUR('',#578);
#580=FILL_AREA_STYLE($,(#579));
#581=SURFACE_STYLE_FILL_AREA(#580);
#582=SURFACE_SIDE_STYLE('',(#581));
#583=SURFACE_STYLE_USAGE(.BOTH.,#582);
#584=PRESENTATION_STYLE_ASSIGNMENT((#583));
#585=STYLED_ITEM('',(#584),#577);
#586=ADVANCED_FACE('',(#5860,#5862),#5864,.F.);
#587=COLOUR_RGB('',0.156862745098039,0.156862745098039,0.156862745098039);
#588=FILL_AREA_STYLE_COLOUR('',#587);
#589=FILL_AREA_STYLE($,(#588));
#590=SURFACE_STYLE_FILL_AREA(#589);
#591=SURFACE_SIDE_STYLE('',(#590));
#592=SURFACE_STYLE_USAGE(.BOTH.,#591);
#593=PRESENTATION_STYLE_ASSIGNMENT((#592));
#594=STYLED_ITEM('',(#593),#586);
#595=ADVANCED_FACE('',(#5869,#5871,#5873,#5875,#5877,#5879,#5881,#5883,#5885,#5887,
#5889,#5891,#5893,#5895,#5897,#5899,#5901,#5903,#5905,#5907,#5909,#5911,#5913,#5915,
#5917,#5919,#5921,#5923,#5925,#5927),#5929,.T.);
#596=COLOUR_RGB('',0.156862745098039,0.156862745098039,0.156862745098039);
#597=FILL_AREA_STYLE_COLOUR('',#596);
#598=FILL_AREA_STYLE($,(#597));
#599=SURFACE_STYLE_FILL_AREA(#598);
#600=SURFACE_SIDE_STYLE('',(#599));
#601=SURFACE_STYLE_USAGE(.BOTH.,#600);
#602=PRESENTATION_STYLE_ASSIGNMENT((#601));
#603=STYLED_ITEM('',(#602),#595);
#604=ADVANCED_FACE('',(#5934,#5936),#5938,.T.);
#605=COLOUR_RGB('',0.156862745098039,0.156862745098039,0.156862745098039);
#606=FILL_AREA_STYLE_COLOUR('',#605);
#607=FILL_AREA_STYLE($,(#606));
#608=SURFACE_STYLE_FILL_AREA(#607);
#609=SURFACE_SIDE_STYLE('',(#608));
#610=SURFACE_STYLE_USAGE(.BOTH.,#609);
#611=PRESENTATION_STYLE_ASSIGNMENT((#610));
#612=STYLED_ITEM('',(#611),#604);
#613=ADVANCED_FACE('',(#5943,#5945),#5947,.F.);
#614=COLOUR_RGB('',0.156862745098039,0.156862745098039,0.156862745098039);
#615=FILL_AREA_STYLE_COLOUR('',#614);
#616=FILL_AREA_STYLE($,(#615));
#617=SURFACE_STYLE_FILL_AREA(#616);
#618=SURFACE_SIDE_STYLE('',(#617));
#619=SURFACE_STYLE_USAGE(.BOTH.,#618);
#620=PRESENTATION_STYLE_ASSIGNMENT((#619));
#621=STYLED_ITEM('',(#620),#613);
#622=ADVANCED_FACE('',(#5952,#5954),#5956,.T.);
#623=COLOUR_RGB('',0.156862745098039,0.156862745098039,0.156862745098039);
#624=FILL_AREA_STYLE_COLOUR('',#623);
#625=FILL_AREA_STYLE($,(#624));
#626=SURFACE_STYLE_FILL_AREA(#625);
#627=SURFACE_SIDE_STYLE('',(#626));
#628=SURFACE_STYLE_USAGE(.BOTH.,#627);
#629=PRESENTATION_STYLE_ASSIGNMENT((#628));
#630=STYLED_ITEM('',(#629),#622);
#631=ADVANCED_FACE('',(#5961,#5963),#5965,.F.);
#632=COLOUR_RGB('',0.156862745098039,0.156862745098039,0.156862745098039);
#633=FILL_AREA_STYLE_COLOUR('',#632);
#634=FILL_AREA_STYLE($,(#633));
#635=SURFACE_STYLE_FILL_AREA(#634);
#636=SURFACE_SIDE_STYLE('',(#635));
#637=SURFACE_STYLE_USAGE(.BOTH.,#636);
#638=PRESENTATION_STYLE_ASSIGNMENT((#637));
#639=STYLED_ITEM('',(#638),#631);
#640=ADVANCED_FACE('',(#5970,#5972),#5974,.T.);
#641=COLOUR_RGB('',0.156862745098039,0.156862745098039,0.156862745098039);
#642=FILL_AREA_STYLE_COLOUR('',#641);
#643=FILL_AREA_STYLE($,(#642));
#644=SURFACE_STYLE_FILL_AREA(#643);
#645=SURFACE_SIDE_STYLE('',(#644));
#646=SURFACE_STYLE_USAGE(.BOTH.,#645);
#647=PRESENTATION_STYLE_ASSIGNMENT((#646));
#648=STYLED_ITEM('',(#647),#640);
#649=ADVANCED_FACE('',(#5979,#5981),#5983,.F.);
#650=COLOUR_RGB('',0.156862745098039,0.156862745098039,0.156862745098039);
#651=FILL_AREA_STYLE_COLOUR('',#650);
#652=FILL_AREA_STYLE($,(#651));
#653=SURFACE_STYLE_FILL_AREA(#652);
#654=SURFACE_SIDE_STYLE('',(#653));
#655=SURFACE_STYLE_USAGE(.BOTH.,#654);
#656=PRESENTATION_STYLE_ASSIGNMENT((#655));
#657=STYLED_ITEM('',(#656),#649);
#658=ADVANCED_FACE('',(#5988,#5990),#5992,.T.);
#659=COLOUR_RGB('',0.156862745098039,0.156862745098039,0.156862745098039);
#660=FILL_AREA_STYLE_COLOUR('',#659);
#661=FILL_AREA_STYLE($,(#660));
#662=SURFACE_STYLE_FILL_AREA(#661);
#663=SURFACE_SIDE_STYLE('',(#662));
#664=SURFACE_STYLE_USAGE(.BOTH.,#663);
#665=PRESENTATION_STYLE_ASSIGNMENT((#664));
#666=STYLED_ITEM('',(#665),#658);
#667=ADVANCED_FACE('',(#5997,#5999),#6001,.F.);
#668=COLOUR_RGB('',0.156862745098039,0.156862745098039,0.156862745098039);
#669=FILL_AREA_STYLE_COLOUR('',#668);
#670=FILL_AREA_STYLE($,(#669));
#671=SURFACE_STYLE_FILL_AREA(#670);
#672=SURFACE_SIDE_STYLE('',(#671));
#673=SURFACE_STYLE_USAGE(.BOTH.,#672);
#674=PRESENTATION_STYLE_ASSIGNMENT((#673));
#675=STYLED_ITEM('',(#674),#667);
#676=ADVANCED_FACE('',(#6006,#6008),#6010,.T.);
#677=COLOUR_RGB('',0.156862745098039,0.156862745098039,0.156862745098039);
#678=FILL_AREA_STYLE_COLOUR('',#677);
#679=FILL_AREA_STYLE($,(#678));
#680=SURFACE_STYLE_FILL_AREA(#679);
#681=SURFACE_SIDE_STYLE('',(#680));
#682=SURFACE_STYLE_USAGE(.BOTH.,#681);
#683=PRESENTATION_STYLE_ASSIGNMENT((#682));
#684=STYLED_ITEM('',(#683),#676);
#685=ADVANCED_FACE('',(#6015,#6017),#6019,.F.);
#686=COLOUR_RGB('',0.156862745098039,0.156862745098039,0.156862745098039);
#687=FILL_AREA_STYLE_COLOUR('',#686);
#688=FILL_AREA_STYLE($,(#687));
#689=SURFACE_STYLE_FILL_AREA(#688);
#690=SURFACE_SIDE_STYLE('',(#689));
#691=SURFACE_STYLE_USAGE(.BOTH.,#690);
#692=PRESENTATION_STYLE_ASSIGNMENT((#691));
#693=STYLED_ITEM('',(#692),#685);
#694=ADVANCED_FACE('',(#6024,#6026),#6028,.T.);
#695=COLOUR_RGB('',0.156862745098039,0.156862745098039,0.156862745098039);
#696=FILL_AREA_STYLE_COLOUR('',#695);
#697=FILL_AREA_STYLE($,(#696));
#698=SURFACE_STYLE_FILL_AREA(#697);
#699=SURFACE_SIDE_STYLE('',(#698));
#700=SURFACE_STYLE_USAGE(.BOTH.,#699);
#701=PRESENTATION_STYLE_ASSIGNMENT((#700));
#702=STYLED_ITEM('',(#701),#694);
#703=ADVANCED_FACE('',(#6033,#6035),#6037,.F.);
#704=COLOUR_RGB('',0.156862745098039,0.156862745098039,0.156862745098039);
#705=FILL_AREA_STYLE_COLOUR('',#704);
#706=FILL_AREA_STYLE($,(#705));
#707=SURFACE_STYLE_FILL_AREA(#706);
#708=SURFACE_SIDE_STYLE('',(#707));
#709=SURFACE_STYLE_USAGE(.BOTH.,#708);
#710=PRESENTATION_STYLE_ASSIGNMENT((#709));
#711=STYLED_ITEM('',(#710),#703);
#712=ADVANCED_FACE('',(#6042,#6044),#6046,.T.);
#713=COLOUR_RGB('',0.156862745098039,0.156862745098039,0.156862745098039);
#714=FILL_AREA_STYLE_COLOUR('',#713);
#715=FILL_AREA_STYLE($,(#714));
#716=SURFACE_STYLE_FILL_AREA(#715);
#717=SURFACE_SIDE_STYLE('',(#716));
#718=SURFACE_STYLE_USAGE(.BOTH.,#717);
#719=PRESENTATION_STYLE_ASSIGNMENT((#718));
#720=STYLED_ITEM('',(#719),#712);
#721=ADVANCED_FACE('',(#6051,#6053),#6055,.F.);
#722=COLOUR_RGB('',0.156862745098039,0.156862745098039,0.156862745098039);
#723=FILL_AREA_STYLE_COLOUR('',#722);
#724=FILL_AREA_STYLE($,(#723));
#725=SURFACE_STYLE_FILL_AREA(#724);
#726=SURFACE_SIDE_STYLE('',(#725));
#727=SURFACE_STYLE_USAGE(.BOTH.,#726);
#728=PRESENTATION_STYLE_ASSIGNMENT((#727));
#729=STYLED_ITEM('',(#728),#721);
#730=ADVANCED_FACE('',(#6060,#6062),#6064,.T.);
#731=COLOUR_RGB('',0.156862745098039,0.156862745098039,0.156862745098039);
#732=FILL_AREA_STYLE_COLOUR('',#731);
#733=FILL_AREA_STYLE($,(#732));
#734=SURFACE_STYLE_FILL_AREA(#733);
#735=SURFACE_SIDE_STYLE('',(#734));
#736=SURFACE_STYLE_USAGE(.BOTH.,#735);
#737=PRESENTATION_STYLE_ASSIGNMENT((#736));
#738=STYLED_ITEM('',(#737),#730);
#739=ADVANCED_FACE('',(#6069,#6071),#6073,.F.);
#740=COLOUR_RGB('',0.156862745098039,0.156862745098039,0.156862745098039);
#741=FILL_AREA_STYLE_COLOUR('',#740);
#742=FILL_AREA_STYLE($,(#741));
#743=SURFACE_STYLE_FILL_AREA(#742);
#744=SURFACE_SIDE_STYLE('',(#743));
#745=SURFACE_STYLE_USAGE(.BOTH.,#744);
#746=PRESENTATION_STYLE_ASSIGNMENT((#745));
#747=STYLED_ITEM('',(#746),#739);
#748=ADVANCED_FACE('',(#6078,#6080),#6082,.T.);
#749=COLOUR_RGB('',0.156862745098039,0.156862745098039,0.156862745098039);
#750=FILL_AREA_STYLE_COLOUR('',#749);
#751=FILL_AREA_STYLE($,(#750));
#752=SURFACE_STYLE_FILL_AREA(#751);
#753=SURFACE_SIDE_STYLE('',(#752));
#754=SURFACE_STYLE_USAGE(.BOTH.,#753);
#755=PRESENTATION_STYLE_ASSIGNMENT((#754));
#756=STYLED_ITEM('',(#755),#748);
#757=ADVANCED_FACE('',(#6087,#6089),#6091,.F.);
#758=COLOUR_RGB('',0.156862745098039,0.156862745098039,0.156862745098039);
#759=FILL_AREA_STYLE_COLOUR('',#758);
#760=FILL_AREA_STYLE($,(#759));
#761=SURFACE_STYLE_FILL_AREA(#760);
#762=SURFACE_SIDE_STYLE('',(#761));
#763=SURFACE_STYLE_USAGE(.BOTH.,#762);
#764=PRESENTATION_STYLE_ASSIGNMENT((#763));
#765=STYLED_ITEM('',(#764),#757);
#766=ADVANCED_FACE('',(#6096,#6098),#6100,.T.);
#767=COLOUR_RGB('',0.156862745098039,0.156862745098039,0.156862745098039);
#768=FILL_AREA_STYLE_COLOUR('',#767);
#769=FILL_AREA_STYLE($,(#768));
#770=SURFACE_STYLE_FILL_AREA(#769);
#771=SURFACE_SIDE_STYLE('',(#770));
#772=SURFACE_STYLE_USAGE(.BOTH.,#771);
#773=PRESENTATION_STYLE_ASSIGNMENT((#772));
#774=STYLED_ITEM('',(#773),#766);
#775=ADVANCED_FACE('',(#6105,#6107),#6109,.F.);
#776=COLOUR_RGB('',0.156862745098039,0.156862745098039,0.156862745098039);
#777=FILL_AREA_STYLE_COLOUR('',#776);
#778=FILL_AREA_STYLE($,(#777));
#779=SURFACE_STYLE_FILL_AREA(#778);
#780=SURFACE_SIDE_STYLE('',(#779));
#781=SURFACE_STYLE_USAGE(.BOTH.,#780);
#782=PRESENTATION_STYLE_ASSIGNMENT((#781));
#783=STYLED_ITEM('',(#782),#775);
#784=ADVANCED_FACE('',(#6114,#6116),#6118,.T.);
#785=COLOUR_RGB('',0.156862745098039,0.156862745098039,0.156862745098039);
#786=FILL_AREA_STYLE_COLOUR('',#785);
#787=FILL_AREA_STYLE($,(#786));
#788=SURFACE_STYLE_FILL_AREA(#787);
#789=SURFACE_SIDE_STYLE('',(#788));
#790=SURFACE_STYLE_USAGE(.BOTH.,#789);
#791=PRESENTATION_STYLE_ASSIGNMENT((#790));
#792=STYLED_ITEM('',(#791),#784);
#793=ADVANCED_FACE('',(#6123,#6125),#6127,.F.);
#794=COLOUR_RGB('',0.156862745098039,0.156862745098039,0.156862745098039);
#795=FILL_AREA_STYLE_COLOUR('',#794);
#796=FILL_AREA_STYLE($,(#795));
#797=SURFACE_STYLE_FILL_AREA(#796);
#798=SURFACE_SIDE_STYLE('',(#797));
#799=SURFACE_STYLE_USAGE(.BOTH.,#798);
#800=PRESENTATION_STYLE_ASSIGNMENT((#799));
#801=STYLED_ITEM('',(#800),#793);
#802=ADVANCED_FACE('',(#6132,#6134),#6136,.T.);
#803=COLOUR_RGB('',0.156862745098039,0.156862745098039,0.156862745098039);
#804=FILL_AREA_STYLE_COLOUR('',#803);
#805=FILL_AREA_STYLE($,(#804));
#806=SURFACE_STYLE_FILL_AREA(#805);
#807=SURFACE_SIDE_STYLE('',(#806));
#808=SURFACE_STYLE_USAGE(.BOTH.,#807);
#809=PRESENTATION_STYLE_ASSIGNMENT((#808));
#810=STYLED_ITEM('',(#809),#802);
#811=ADVANCED_FACE('',(#6141,#6143),#6145,.F.);
#812=COLOUR_RGB('',0.156862745098039,0.156862745098039,0.156862745098039);
#813=FILL_AREA_STYLE_COLOUR('',#812);
#814=FILL_AREA_STYLE($,(#813));
#815=SURFACE_STYLE_FILL_AREA(#814);
#816=SURFACE_SIDE_STYLE('',(#815));
#817=SURFACE_STYLE_USAGE(.BOTH.,#816);
#818=PRESENTATION_STYLE_ASSIGNMENT((#817));
#819=STYLED_ITEM('',(#818),#811);
#820=ADVANCED_FACE('',(#6150,#6152),#6154,.T.);
#821=COLOUR_RGB('',0.156862745098039,0.156862745098039,0.156862745098039);
#822=FILL_AREA_STYLE_COLOUR('',#821);
#823=FILL_AREA_STYLE($,(#822));
#824=SURFACE_STYLE_FILL_AREA(#823);
#825=SURFACE_SIDE_STYLE('',(#824));
#826=SURFACE_STYLE_USAGE(.BOTH.,#825);
#827=PRESENTATION_STYLE_ASSIGNMENT((#826));
#828=STYLED_ITEM('',(#827),#820);
#829=ADVANCED_FACE('',(#6159,#6161),#6163,.F.);
#830=COLOUR_RGB('',0.156862745098039,0.156862745098039,0.156862745098039);
#831=FILL_AREA_STYLE_COLOUR('',#830);
#832=FILL_AREA_STYLE($,(#831));
#833=SURFACE_STYLE_FILL_AREA(#832);
#834=SURFACE_SIDE_STYLE('',(#833));
#835=SURFACE_STYLE_USAGE(.BOTH.,#834);
#836=PRESENTATION_STYLE_ASSIGNMENT((#835));
#837=STYLED_ITEM('',(#836),#829);
#838=ADVANCED_FACE('',(#6168,#6170),#6172,.T.);
#839=COLOUR_RGB('',0.156862745098039,0.156862745098039,0.156862745098039);
#840=FILL_AREA_STYLE_COLOUR('',#839);
#841=FILL_AREA_STYLE($,(#840));
#842=SURFACE_STYLE_FILL_AREA(#841);
#843=SURFACE_SIDE_STYLE('',(#842));
#844=SURFACE_STYLE_USAGE(.BOTH.,#843);
#845=PRESENTATION_STYLE_ASSIGNMENT((#844));
#846=STYLED_ITEM('',(#845),#838);
#847=ADVANCED_FACE('',(#6177,#6179),#6181,.F.);
#848=COLOUR_RGB('',0.156862745098039,0.156862745098039,0.156862745098039);
#849=FILL_AREA_STYLE_COLOUR('',#848);
#850=FILL_AREA_STYLE($,(#849));
#851=SURFACE_STYLE_FILL_AREA(#850);
#852=SURFACE_SIDE_STYLE('',(#851));
#853=SURFACE_STYLE_USAGE(.BOTH.,#852);
#854=PRESENTATION_STYLE_ASSIGNMENT((#853));
#855=STYLED_ITEM('',(#854),#847);
#856=ADVANCED_FACE('',(#6186,#6188),#6190,.T.);
#857=COLOUR_RGB('',0.156862745098039,0.156862745098039,0.156862745098039);
#858=FILL_AREA_STYLE_COLOUR('',#857);
#859=FILL_AREA_STYLE($,(#858));
#860=SURFACE_STYLE_FILL_AREA(#859);
#861=SURFACE_SIDE_STYLE('',(#860));
#862=SURFACE_STYLE_USAGE(.BOTH.,#861);
#863=PRESENTATION_STYLE_ASSIGNMENT((#862));
#864=STYLED_ITEM('',(#863),#856);
#865=ADVANCED_FACE('',(#6195,#6197),#6199,.F.);
#866=COLOUR_RGB('',0.156862745098039,0.156862745098039,0.156862745098039);
#867=FILL_AREA_STYLE_COLOUR('',#866);
#868=FILL_AREA_STYLE($,(#867));
#869=SURFACE_STYLE_FILL_AREA(#868);
#870=SURFACE_SIDE_STYLE('',(#869));
#871=SURFACE_STYLE_USAGE(.BOTH.,#870);
#872=PRESENTATION_STYLE_ASSIGNMENT((#871));
#873=STYLED_ITEM('',(#872),#865);
#874=ADVANCED_FACE('',(#6204,#6206),#6208,.T.);
#875=COLOUR_RGB('',0.156862745098039,0.156862745098039,0.156862745098039);
#876=FILL_AREA_STYLE_COLOUR('',#875);
#877=FILL_AREA_STYLE($,(#876));
#878=SURFACE_STYLE_FILL_AREA(#877);
#879=SURFACE_SIDE_STYLE('',(#878));
#880=SURFACE_STYLE_USAGE(.BOTH.,#879);
#881=PRESENTATION_STYLE_ASSIGNMENT((#880));
#882=STYLED_ITEM('',(#881),#874);
#883=ADVANCED_FACE('',(#6213,#6215),#6217,.F.);
#884=COLOUR_RGB('',0.156862745098039,0.156862745098039,0.156862745098039);
#885=FILL_AREA_STYLE_COLOUR('',#884);
#886=FILL_AREA_STYLE($,(#885));
#887=SURFACE_STYLE_FILL_AREA(#886);
#888=SURFACE_SIDE_STYLE('',(#887));
#889=SURFACE_STYLE_USAGE(.BOTH.,#888);
#890=PRESENTATION_STYLE_ASSIGNMENT((#889));
#891=STYLED_ITEM('',(#890),#883);
#892=ADVANCED_FACE('',(#6222,#6224),#6226,.T.);
#893=COLOUR_RGB('',0.156862745098039,0.156862745098039,0.156862745098039);
#894=FILL_AREA_STYLE_COLOUR('',#893);
#895=FILL_AREA_STYLE($,(#894));
#896=SURFACE_STYLE_FILL_AREA(#895);
#897=SURFACE_SIDE_STYLE('',(#896));
#898=SURFACE_STYLE_USAGE(.BOTH.,#897);
#899=PRESENTATION_STYLE_ASSIGNMENT((#898));
#900=STYLED_ITEM('',(#899),#892);
#901=ADVANCED_FACE('',(#6231,#6233),#6235,.F.);
#902=COLOUR_RGB('',0.156862745098039,0.156862745098039,0.156862745098039);
#903=FILL_AREA_STYLE_COLOUR('',#902);
#904=FILL_AREA_STYLE($,(#903));
#905=SURFACE_STYLE_FILL_AREA(#904);
#906=SURFACE_SIDE_STYLE('',(#905));
#907=SURFACE_STYLE_USAGE(.BOTH.,#906);
#908=PRESENTATION_STYLE_ASSIGNMENT((#907));
#909=STYLED_ITEM('',(#908),#901);
#910=ADVANCED_FACE('',(#6240,#6242),#6244,.T.);
#911=COLOUR_RGB('',0.156862745098039,0.156862745098039,0.156862745098039);
#912=FILL_AREA_STYLE_COLOUR('',#911);
#913=FILL_AREA_STYLE($,(#912));
#914=SURFACE_STYLE_FILL_AREA(#913);
#915=SURFACE_SIDE_STYLE('',(#914));
#916=SURFACE_STYLE_USAGE(.BOTH.,#915);
#917=PRESENTATION_STYLE_ASSIGNMENT((#916));
#918=STYLED_ITEM('',(#917),#910);
#919=ADVANCED_FACE('',(#6249,#6251),#6253,.F.);
#920=COLOUR_RGB('',0.156862745098039,0.156862745098039,0.156862745098039);
#921=FILL_AREA_STYLE_COLOUR('',#920);
#922=FILL_AREA_STYLE($,(#921));
#923=SURFACE_STYLE_FILL_AREA(#922);
#924=SURFACE_SIDE_STYLE('',(#923));
#925=SURFACE_STYLE_USAGE(.BOTH.,#924);
#926=PRESENTATION_STYLE_ASSIGNMENT((#925));
#927=STYLED_ITEM('',(#926),#919);
#928=ADVANCED_FACE('',(#6258,#6260),#6262,.T.);
#929=COLOUR_RGB('',0.156862745098039,0.156862745098039,0.156862745098039);
#930=FILL_AREA_STYLE_COLOUR('',#929);
#931=FILL_AREA_STYLE($,(#930));
#932=SURFACE_STYLE_FILL_AREA(#931);
#933=SURFACE_SIDE_STYLE('',(#932));
#934=SURFACE_STYLE_USAGE(.BOTH.,#933);
#935=PRESENTATION_STYLE_ASSIGNMENT((#934));
#936=STYLED_ITEM('',(#935),#928);
#937=ADVANCED_FACE('',(#6267,#6269),#6271,.F.);
#938=COLOUR_RGB('',0.156862745098039,0.156862745098039,0.156862745098039);
#939=FILL_AREA_STYLE_COLOUR('',#938);
#940=FILL_AREA_STYLE($,(#939));
#941=SURFACE_STYLE_FILL_AREA(#940);
#942=SURFACE_SIDE_STYLE('',(#941));
#943=SURFACE_STYLE_USAGE(.BOTH.,#942);
#944=PRESENTATION_STYLE_ASSIGNMENT((#943));
#945=STYLED_ITEM('',(#944),#937);
#946=ADVANCED_FACE('',(#6276,#6278),#6280,.T.);
#947=COLOUR_RGB('',0.156862745098039,0.156862745098039,0.156862745098039);
#948=FILL_AREA_STYLE_COLOUR('',#947);
#949=FILL_AREA_STYLE($,(#948));
#950=SURFACE_STYLE_FILL_AREA(#949);
#951=SURFACE_SIDE_STYLE('',(#950));
#952=SURFACE_STYLE_USAGE(.BOTH.,#951);
#953=PRESENTATION_STYLE_ASSIGNMENT((#952));
#954=STYLED_ITEM('',(#953),#946);
#955=ADVANCED_FACE('',(#6285,#6287),#6289,.F.);
#956=COLOUR_RGB('',0.156862745098039,0.156862745098039,0.156862745098039);
#957=FILL_AREA_STYLE_COLOUR('',#956);
#958=FILL_AREA_STYLE($,(#957));
#959=SURFACE_STYLE_FILL_AREA(#958);
#960=SURFACE_SIDE_STYLE('',(#959));
#961=SURFACE_STYLE_USAGE(.BOTH.,#960);
#962=PRESENTATION_STYLE_ASSIGNMENT((#961));
#963=STYLED_ITEM('',(#962),#955);
#964=ADVANCED_FACE('',(#6294,#6296),#6298,.T.);
#965=COLOUR_RGB('',0.156862745098039,0.156862745098039,0.156862745098039);
#966=FILL_AREA_STYLE_COLOUR('',#965);
#967=FILL_AREA_STYLE($,(#966));
#968=SURFACE_STYLE_FILL_AREA(#967);
#969=SURFACE_SIDE_STYLE('',(#968));
#970=SURFACE_STYLE_USAGE(.BOTH.,#969);
#971=PRESENTATION_STYLE_ASSIGNMENT((#970));
#972=STYLED_ITEM('',(#971),#964);
#973=ADVANCED_FACE('',(#6303,#6305),#6307,.F.);
#974=COLOUR_RGB('',0.156862745098039,0.156862745098039,0.156862745098039);
#975=FILL_AREA_STYLE_COLOUR('',#974);
#976=FILL_AREA_STYLE($,(#975));
#977=SURFACE_STYLE_FILL_AREA(#976);
#978=SURFACE_SIDE_STYLE('',(#977));
#979=SURFACE_STYLE_USAGE(.BOTH.,#978);
#980=PRESENTATION_STYLE_ASSIGNMENT((#979));
#981=STYLED_ITEM('',(#980),#973);
#982=ADVANCED_FACE('',(#6312,#6314),#6316,.T.);
#983=COLOUR_RGB('',0.156862745098039,0.156862745098039,0.156862745098039);
#984=FILL_AREA_STYLE_COLOUR('',#983);
#985=FILL_AREA_STYLE($,(#984));
#986=SURFACE_STYLE_FILL_AREA(#985);
#987=SURFACE_SIDE_STYLE('',(#986));
#988=SURFACE_STYLE_USAGE(.BOTH.,#987);
#989=PRESENTATION_STYLE_ASSIGNMENT((#988));
#990=STYLED_ITEM('',(#989),#982);
#991=ADVANCED_FACE('',(#6321,#6323),#6325,.F.);
#992=COLOUR_RGB('',0.156862745098039,0.156862745098039,0.156862745098039);
#993=FILL_AREA_STYLE_COLOUR('',#992);
#994=FILL_AREA_STYLE($,(#993));
#995=SURFACE_STYLE_FILL_AREA(#994);
#996=SURFACE_SIDE_STYLE('',(#995));
#997=SURFACE_STYLE_USAGE(.BOTH.,#996);
#998=PRESENTATION_STYLE_ASSIGNMENT((#997));
#999=STYLED_ITEM('',(#998),#991);
#1000=ADVANCED_FACE('',(#6330,#6332),#6334,.T.);
#1001=COLOUR_RGB('',0.156862745098039,0.156862745098039,0.156862745098039);
#1002=FILL_AREA_STYLE_COLOUR('',#1001);
#1003=FILL_AREA_STYLE($,(#1002));
#1004=SURFACE_STYLE_FILL_AREA(#1003);
#1005=SURFACE_SIDE_STYLE('',(#1004));
#1006=SURFACE_STYLE_USAGE(.BOTH.,#1005);
#1007=PRESENTATION_STYLE_ASSIGNMENT((#1006));
#1008=STYLED_ITEM('',(#1007),#1000);
#1009=ADVANCED_FACE('',(#6339,#6341),#6343,.F.);
#1010=COLOUR_RGB('',0.156862745098039,0.156862745098039,0.156862745098039);
#1011=FILL_AREA_STYLE_COLOUR('',#1010);
#1012=FILL_AREA_STYLE($,(#1011));
#1013=SURFACE_STYLE_FILL_AREA(#1012);
#1014=SURFACE_SIDE_STYLE('',(#1013));
#1015=SURFACE_STYLE_USAGE(.BOTH.,#1014);
#1016=PRESENTATION_STYLE_ASSIGNMENT((#1015));
#1017=STYLED_ITEM('',(#1016),#1009);
#1018=ADVANCED_FACE('',(#6348,#6350),#6352,.T.);
#1019=COLOUR_RGB('',0.156862745098039,0.156862745098039,0.156862745098039);
#1020=FILL_AREA_STYLE_COLOUR('',#1019);
#1021=FILL_AREA_STYLE($,(#1020));
#1022=SURFACE_STYLE_FILL_AREA(#1021);
#1023=SURFACE_SIDE_STYLE('',(#1022));
#1024=SURFACE_STYLE_USAGE(.BOTH.,#1023);
#1025=PRESENTATION_STYLE_ASSIGNMENT((#1024));
#1026=STYLED_ITEM('',(#1025),#1018);
#1027=ADVANCED_FACE('',(#6357,#6359),#6361,.F.);
#1028=COLOUR_RGB('',0.156862745098039,0.156862745098039,0.156862745098039);
#1029=FILL_AREA_STYLE_COLOUR('',#1028);
#1030=FILL_AREA_STYLE($,(#1029));
#1031=SURFACE_STYLE_FILL_AREA(#1030);
#1032=SURFACE_SIDE_STYLE('',(#1031));
#1033=SURFACE_STYLE_USAGE(.BOTH.,#1032);
#1034=PRESENTATION_STYLE_ASSIGNMENT((#1033));
#1035=STYLED_ITEM('',(#1034),#1027);
#1036=ADVANCED_FACE('',(#6366,#6368),#6370,.T.);
#1037=COLOUR_RGB('',0.156862745098039,0.156862745098039,0.156862745098039);
#1038=FILL_AREA_STYLE_COLOUR('',#1037);
#1039=FILL_AREA_STYLE($,(#1038));
#1040=SURFACE_STYLE_FILL_AREA(#1039);
#1041=SURFACE_SIDE_STYLE('',(#1040));
#1042=SURFACE_STYLE_USAGE(.BOTH.,#1041);
#1043=PRESENTATION_STYLE_ASSIGNMENT((#1042));
#1044=STYLED_ITEM('',(#1043),#1036);
#1045=ADVANCED_FACE('',(#6375,#6377),#6379,.F.);
#1046=COLOUR_RGB('',0.156862745098039,0.156862745098039,0.156862745098039);
#1047=FILL_AREA_STYLE_COLOUR('',#1046);
#1048=FILL_AREA_STYLE($,(#1047));
#1049=SURFACE_STYLE_FILL_AREA(#1048);
#1050=SURFACE_SIDE_STYLE('',(#1049));
#1051=SURFACE_STYLE_USAGE(.BOTH.,#1050);
#1052=PRESENTATION_STYLE_ASSIGNMENT((#1051));
#1053=STYLED_ITEM('',(#1052),#1045);
#1054=ADVANCED_FACE('',(#6384,#6386),#6388,.T.);
#1055=COLOUR_RGB('',0.156862745098039,0.156862745098039,0.156862745098039);
#1056=FILL_AREA_STYLE_COLOUR('',#1055);
#1057=FILL_AREA_STYLE($,(#1056));
#1058=SURFACE_STYLE_FILL_AREA(#1057);
#1059=SURFACE_SIDE_STYLE('',(#1058));
#1060=SURFACE_STYLE_USAGE(.BOTH.,#1059);
#1061=PRESENTATION_STYLE_ASSIGNMENT((#1060));
#1062=STYLED_ITEM('',(#1061),#1054);
#1063=ADVANCED_FACE('',(#6393,#6395),#6397,.F.);
#1064=COLOUR_RGB('',0.156862745098039,0.156862745098039,0.156862745098039);
#1065=FILL_AREA_STYLE_COLOUR('',#1064);
#1066=FILL_AREA_STYLE($,(#1065));
#1067=SURFACE_STYLE_FILL_AREA(#1066);
#1068=SURFACE_SIDE_STYLE('',(#1067));
#1069=SURFACE_STYLE_USAGE(.BOTH.,#1068);
#1070=PRESENTATION_STYLE_ASSIGNMENT((#1069));
#1071=STYLED_ITEM('',(#1070),#1063);
#1072=ADVANCED_FACE('',(#6402,#6404),#6406,.T.);
#1073=COLOUR_RGB('',0.156862745098039,0.156862745098039,0.156862745098039);
#1074=FILL_AREA_STYLE_COLOUR('',#1073);
#1075=FILL_AREA_STYLE($,(#1074));
#1076=SURFACE_STYLE_FILL_AREA(#1075);
#1077=SURFACE_SIDE_STYLE('',(#1076));
#1078=SURFACE_STYLE_USAGE(.BOTH.,#1077);
#1079=PRESENTATION_STYLE_ASSIGNMENT((#1078));
#1080=STYLED_ITEM('',(#1079),#1072);
#1081=ADVANCED_FACE('',(#6411,#6413),#6415,.F.);
#1082=COLOUR_RGB('',0.156862745098039,0.156862745098039,0.156862745098039);
#1083=FILL_AREA_STYLE_COLOUR('',#1082);
#1084=FILL_AREA_STYLE($,(#1083));
#1085=SURFACE_STYLE_FILL_AREA(#1084);
#1086=SURFACE_SIDE_STYLE('',(#1085));
#1087=SURFACE_STYLE_USAGE(.BOTH.,#1086);
#1088=PRESENTATION_STYLE_ASSIGNMENT((#1087));
#1089=STYLED_ITEM('',(#1088),#1081);
#1090=ADVANCED_FACE('',(#6420,#6422),#6424,.T.);
#1091=COLOUR_RGB('',0.156862745098039,0.156862745098039,0.156862745098039);
#1092=FILL_AREA_STYLE_COLOUR('',#1091);
#1093=FILL_AREA_STYLE($,(#1092));
#1094=SURFACE_STYLE_FILL_AREA(#1093);
#1095=SURFACE_SIDE_STYLE('',(#1094));
#1096=SURFACE_STYLE_USAGE(.BOTH.,#1095);
#1097=PRESENTATION_STYLE_ASSIGNMENT((#1096));
#1098=STYLED_ITEM('',(#1097),#1090);
#1099=ADVANCED_FACE('',(#6429,#6431),#6433,.F.);
#1100=COLOUR_RGB('',0.156862745098039,0.156862745098039,0.156862745098039);
#1101=FILL_AREA_STYLE_COLOUR('',#1100);
#1102=FILL_AREA_STYLE($,(#1101));
#1103=SURFACE_STYLE_FILL_AREA(#1102);
#1104=SURFACE_SIDE_STYLE('',(#1103));
#1105=SURFACE_STYLE_USAGE(.BOTH.,#1104);
#1106=PRESENTATION_STYLE_ASSIGNMENT((#1105));
#1107=STYLED_ITEM('',(#1106),#1099);
#1108=ADVANCED_FACE('',(#6438,#6440,#6442,#6444,#6446,#6448,#6450,#6452,#6454,#6456,
#6458,#6460,#6462,#6464,#6466,#6468,#6470,#6472,#6474,#6476,#6478,#6480,#6482,#6484,
#6486,#6488,#6490,#6492,#6494,#6496),#6498,.F.);
#1109=COLOUR_RGB('',0.156862745098039,0.156862745098039,0.156862745098039);
#1110=FILL_AREA_STYLE_COLOUR('',#1109);
#1111=FILL_AREA_STYLE($,(#1110));
#1112=SURFACE_STYLE_FILL_AREA(#1111);
#1113=SURFACE_SIDE_STYLE('',(#1112));
#1114=SURFACE_STYLE_USAGE(.BOTH.,#1113);
#1115=PRESENTATION_STYLE_ASSIGNMENT((#1114));
#1116=STYLED_ITEM('',(#1115),#1108);
#1117=ADVANCED_FACE('',(#6503),#6505,.T.);
#1118=COLOUR_RGB('',0.156862745098039,0.156862745098039,0.156862745098039);
#1119=FILL_AREA_STYLE_COLOUR('',#1118);
#1120=FILL_AREA_STYLE($,(#1119));
#1121=SURFACE_STYLE_FILL_AREA(#1120);
#1122=SURFACE_SIDE_STYLE('',(#1121));
#1123=SURFACE_STYLE_USAGE(.BOTH.,#1122);
#1124=PRESENTATION_STYLE_ASSIGNMENT((#1123));
#1125=STYLED_ITEM('',(#1124),#1117);
#1126=ADVANCED_FACE('',(#6510),#6512,.T.);
#1127=COLOUR_RGB('',0.156862745098039,0.156862745098039,0.156862745098039);
#1128=FILL_AREA_STYLE_COLOUR('',#1127);
#1129=FILL_AREA_STYLE($,(#1128));
#1130=SURFACE_STYLE_FILL_AREA(#1129);
#1131=SURFACE_SIDE_STYLE('',(#1130));
#1132=SURFACE_STYLE_USAGE(.BOTH.,#1131);
#1133=PRESENTATION_STYLE_ASSIGNMENT((#1132));
#1134=STYLED_ITEM('',(#1133),#1126);
#1135=ADVANCED_FACE('',(#6517),#6519,.T.);
#1136=COLOUR_RGB('',0.156862745098039,0.156862745098039,0.156862745098039);
#1137=FILL_AREA_STYLE_COLOUR('',#1136);
#1138=FILL_AREA_STYLE($,(#1137));
#1139=SURFACE_STYLE_FILL_AREA(#1138);
#1140=SURFACE_SIDE_STYLE('',(#1139));
#1141=SURFACE_STYLE_USAGE(.BOTH.,#1140);
#1142=PRESENTATION_STYLE_ASSIGNMENT((#1141));
#1143=STYLED_ITEM('',(#1142),#1135);
#1144=ADVANCED_FACE('',(#6524),#6526,.T.);
#1145=COLOUR_RGB('',0.156862745098039,0.156862745098039,0.156862745098039);
#1146=FILL_AREA_STYLE_COLOUR('',#1145);
#1147=FILL_AREA_STYLE($,(#1146));
#1148=SURFACE_STYLE_FILL_AREA(#1147);
#1149=SURFACE_SIDE_STYLE('',(#1148));
#1150=SURFACE_STYLE_USAGE(.BOTH.,#1149);
#1151=PRESENTATION_STYLE_ASSIGNMENT((#1150));
#1152=STYLED_ITEM('',(#1151),#1144);
#1153=ADVANCED_FACE('',(#6531),#6533,.T.);
#1154=COLOUR_RGB('',0.156862745098039,0.156862745098039,0.156862745098039);
#1155=FILL_AREA_STYLE_COLOUR('',#1154);
#1156=FILL_AREA_STYLE($,(#1155));
#1157=SURFACE_STYLE_FILL_AREA(#1156);
#1158=SURFACE_SIDE_STYLE('',(#1157));
#1159=SURFACE_STYLE_USAGE(.BOTH.,#1158);
#1160=PRESENTATION_STYLE_ASSIGNMENT((#1159));
#1161=STYLED_ITEM('',(#1160),#1153);
#1162=ADVANCED_FACE('',(#6538),#6540,.T.);
#1163=COLOUR_RGB('',0.156862745098039,0.156862745098039,0.156862745098039);
#1164=FILL_AREA_STYLE_COLOUR('',#1163);
#1165=FILL_AREA_STYLE($,(#1164));
#1166=SURFACE_STYLE_FILL_AREA(#1165);
#1167=SURFACE_SIDE_STYLE('',(#1166));
#1168=SURFACE_STYLE_USAGE(.BOTH.,#1167);
#1169=PRESENTATION_STYLE_ASSIGNMENT((#1168));
#1170=STYLED_ITEM('',(#1169),#1162);
#1171=ADVANCED_FACE('',(#6545),#6547,.T.);
#1172=COLOUR_RGB('',0.156862745098039,0.156862745098039,0.156862745098039);
#1173=FILL_AREA_STYLE_COLOUR('',#1172);
#1174=FILL_AREA_STYLE($,(#1173));
#1175=SURFACE_STYLE_FILL_AREA(#1174);
#1176=SURFACE_SIDE_STYLE('',(#1175));
#1177=SURFACE_STYLE_USAGE(.BOTH.,#1176);
#1178=PRESENTATION_STYLE_ASSIGNMENT((#1177));
#1179=STYLED_ITEM('',(#1178),#1171);
#1180=ADVANCED_FACE('',(#6552),#6554,.T.);
#1181=COLOUR_RGB('',0.156862745098039,0.156862745098039,0.156862745098039);
#1182=FILL_AREA_STYLE_COLOUR('',#1181);
#1183=FILL_AREA_STYLE($,(#1182));
#1184=SURFACE_STYLE_FILL_AREA(#1183);
#1185=SURFACE_SIDE_STYLE('',(#1184));
#1186=SURFACE_STYLE_USAGE(.BOTH.,#1185);
#1187=PRESENTATION_STYLE_ASSIGNMENT((#1186));
#1188=STYLED_ITEM('',(#1187),#1180);
#1189=ADVANCED_FACE('',(#6559),#6561,.T.);
#1190=COLOUR_RGB('',0.156862745098039,0.156862745098039,0.156862745098039);
#1191=FILL_AREA_STYLE_COLOUR('',#1190);
#1192=FILL_AREA_STYLE($,(#1191));
#1193=SURFACE_STYLE_FILL_AREA(#1192);
#1194=SURFACE_SIDE_STYLE('',(#1193));
#1195=SURFACE_STYLE_USAGE(.BOTH.,#1194);
#1196=PRESENTATION_STYLE_ASSIGNMENT((#1195));
#1197=STYLED_ITEM('',(#1196),#1189);
#1198=ADVANCED_FACE('',(#6566),#6568,.T.);
#1199=COLOUR_RGB('',0.156862745098039,0.156862745098039,0.156862745098039);
#1200=FILL_AREA_STYLE_COLOUR('',#1199);
#1201=FILL_AREA_STYLE($,(#1200));
#1202=SURFACE_STYLE_FILL_AREA(#1201);
#1203=SURFACE_SIDE_STYLE('',(#1202));
#1204=SURFACE_STYLE_USAGE(.BOTH.,#1203);
#1205=PRESENTATION_STYLE_ASSIGNMENT((#1204));
#1206=STYLED_ITEM('',(#1205),#1198);
#1207=ADVANCED_FACE('',(#6573),#6575,.T.);
#1208=COLOUR_RGB('',0.156862745098039,0.156862745098039,0.156862745098039);
#1209=FILL_AREA_STYLE_COLOUR('',#1208);
#1210=FILL_AREA_STYLE($,(#1209));
#1211=SURFACE_STYLE_FILL_AREA(#1210);
#1212=SURFACE_SIDE_STYLE('',(#1211));
#1213=SURFACE_STYLE_USAGE(.BOTH.,#1212);
#1214=PRESENTATION_STYLE_ASSIGNMENT((#1213));
#1215=STYLED_ITEM('',(#1214),#1207);
#1216=ADVANCED_FACE('',(#6580),#6582,.T.);
#1217=COLOUR_RGB('',0.156862745098039,0.156862745098039,0.156862745098039);
#1218=FILL_AREA_STYLE_COLOUR('',#1217);
#1219=FILL_AREA_STYLE($,(#1218));
#1220=SURFACE_STYLE_FILL_AREA(#1219);
#1221=SURFACE_SIDE_STYLE('',(#1220));
#1222=SURFACE_STYLE_USAGE(.BOTH.,#1221);
#1223=PRESENTATION_STYLE_ASSIGNMENT((#1222));
#1224=STYLED_ITEM('',(#1223),#1216);
#1225=ADVANCED_FACE('',(#6587),#6589,.T.);
#1226=COLOUR_RGB('',0.156862745098039,0.156862745098039,0.156862745098039);
#1227=FILL_AREA_STYLE_COLOUR('',#1226);
#1228=FILL_AREA_STYLE($,(#1227));
#1229=SURFACE_STYLE_FILL_AREA(#1228);
#1230=SURFACE_SIDE_STYLE('',(#1229));
#1231=SURFACE_STYLE_USAGE(.BOTH.,#1230);
#1232=PRESENTATION_STYLE_ASSIGNMENT((#1231));
#1233=STYLED_ITEM('',(#1232),#1225);
#1234=ADVANCED_FACE('',(#6594),#6596,.T.);
#1235=COLOUR_RGB('',0.156862745098039,0.156862745098039,0.156862745098039);
#1236=FILL_AREA_STYLE_COLOUR('',#1235);
#1237=FILL_AREA_STYLE($,(#1236));
#1238=SURFACE_STYLE_FILL_AREA(#1237);
#1239=SURFACE_SIDE_STYLE('',(#1238));
#1240=SURFACE_STYLE_USAGE(.BOTH.,#1239);
#1241=PRESENTATION_STYLE_ASSIGNMENT((#1240));
#1242=STYLED_ITEM('',(#1241),#1234);
#1243=ADVANCED_FACE('',(#6601),#6603,.T.);
#1244=COLOUR_RGB('',0.156862745098039,0.156862745098039,0.156862745098039);
#1245=FILL_AREA_STYLE_COLOUR('',#1244);
#1246=FILL_AREA_STYLE($,(#1245));
#1247=SURFACE_STYLE_FILL_AREA(#1246);
#1248=SURFACE_SIDE_STYLE('',(#1247));
#1249=SURFACE_STYLE_USAGE(.BOTH.,#1248);
#1250=PRESENTATION_STYLE_ASSIGNMENT((#1249));
#1251=STYLED_ITEM('',(#1250),#1243);
#1252=ADVANCED_FACE('',(#6608),#6610,.T.);
#1253=COLOUR_RGB('',0.156862745098039,0.156862745098039,0.156862745098039);
#1254=FILL_AREA_STYLE_COLOUR('',#1253);
#1255=FILL_AREA_STYLE($,(#1254));
#1256=SURFACE_STYLE_FILL_AREA(#1255);
#1257=SURFACE_SIDE_STYLE('',(#1256));
#1258=SURFACE_STYLE_USAGE(.BOTH.,#1257);
#1259=PRESENTATION_STYLE_ASSIGNMENT((#1258));
#1260=STYLED_ITEM('',(#1259),#1252);
#1261=ADVANCED_FACE('',(#6615),#6617,.T.);
#1262=COLOUR_RGB('',0.156862745098039,0.156862745098039,0.156862745098039);
#1263=FILL_AREA_STYLE_COLOUR('',#1262);
#1264=FILL_AREA_STYLE($,(#1263));
#1265=SURFACE_STYLE_FILL_AREA(#1264);
#1266=SURFACE_SIDE_STYLE('',(#1265));
#1267=SURFACE_STYLE_USAGE(.BOTH.,#1266);
#1268=PRESENTATION_STYLE_ASSIGNMENT((#1267));
#1269=STYLED_ITEM('',(#1268),#1261);
#1270=ADVANCED_FACE('',(#6622),#6624,.T.);
#1271=COLOUR_RGB('',0.156862745098039,0.156862745098039,0.156862745098039);
#1272=FILL_AREA_STYLE_COLOUR('',#1271);
#1273=FILL_AREA_STYLE($,(#1272));
#1274=SURFACE_STYLE_FILL_AREA(#1273);
#1275=SURFACE_SIDE_STYLE('',(#1274));
#1276=SURFACE_STYLE_USAGE(.BOTH.,#1275);
#1277=PRESENTATION_STYLE_ASSIGNMENT((#1276));
#1278=STYLED_ITEM('',(#1277),#1270);
#1279=ADVANCED_FACE('',(#6629),#6631,.T.);
#1280=COLOUR_RGB('',0.156862745098039,0.156862745098039,0.156862745098039);
#1281=FILL_AREA_STYLE_COLOUR('',#1280);
#1282=FILL_AREA_STYLE($,(#1281));
#1283=SURFACE_STYLE_FILL_AREA(#1282);
#1284=SURFACE_SIDE_STYLE('',(#1283));
#1285=SURFACE_STYLE_USAGE(.BOTH.,#1284);
#1286=PRESENTATION_STYLE_ASSIGNMENT((#1285));
#1287=STYLED_ITEM('',(#1286),#1279);
#1288=ADVANCED_FACE('',(#6636),#6638,.T.);
#1289=COLOUR_RGB('',0.156862745098039,0.156862745098039,0.156862745098039);
#1290=FILL_AREA_STYLE_COLOUR('',#1289);
#1291=FILL_AREA_STYLE($,(#1290));
#1292=SURFACE_STYLE_FILL_AREA(#1291);
#1293=SURFACE_SIDE_STYLE('',(#1292));
#1294=SURFACE_STYLE_USAGE(.BOTH.,#1293);
#1295=PRESENTATION_STYLE_ASSIGNMENT((#1294));
#1296=STYLED_ITEM('',(#1295),#1288);
#1297=ADVANCED_FACE('',(#6643),#6645,.T.);
#1298=COLOUR_RGB('',0.156862745098039,0.156862745098039,0.156862745098039);
#1299=FILL_AREA_STYLE_COLOUR('',#1298);
#1300=FILL_AREA_STYLE($,(#1299));
#1301=SURFACE_STYLE_FILL_AREA(#1300);
#1302=SURFACE_SIDE_STYLE('',(#1301));
#1303=SURFACE_STYLE_USAGE(.BOTH.,#1302);
#1304=PRESENTATION_STYLE_ASSIGNMENT((#1303));
#1305=STYLED_ITEM('',(#1304),#1297);
#1306=ADVANCED_FACE('',(#6650),#6652,.T.);
#1307=COLOUR_RGB('',0.156862745098039,0.156862745098039,0.156862745098039);
#1308=FILL_AREA_STYLE_COLOUR('',#1307);
#1309=FILL_AREA_STYLE($,(#1308));
#1310=SURFACE_STYLE_FILL_AREA(#1309);
#1311=SURFACE_SIDE_STYLE('',(#1310));
#1312=SURFACE_STYLE_USAGE(.BOTH.,#1311);
#1313=PRESENTATION_STYLE_ASSIGNMENT((#1312));
#1314=STYLED_ITEM('',(#1313),#1306);
#1315=ADVANCED_FACE('',(#6657),#6659,.T.);
#1316=COLOUR_RGB('',0.156862745098039,0.156862745098039,0.156862745098039);
#1317=FILL_AREA_STYLE_COLOUR('',#1316);
#1318=FILL_AREA_STYLE($,(#1317));
#1319=SURFACE_STYLE_FILL_AREA(#1318);
#1320=SURFACE_SIDE_STYLE('',(#1319));
#1321=SURFACE_STYLE_USAGE(.BOTH.,#1320);
#1322=PRESENTATION_STYLE_ASSIGNMENT((#1321));
#1323=STYLED_ITEM('',(#1322),#1315);
#1324=ADVANCED_FACE('',(#6664),#6666,.T.);
#1325=COLOUR_RGB('',0.156862745098039,0.156862745098039,0.156862745098039);
#1326=FILL_AREA_STYLE_COLOUR('',#1325);
#1327=FILL_AREA_STYLE($,(#1326));
#1328=SURFACE_STYLE_FILL_AREA(#1327);
#1329=SURFACE_SIDE_STYLE('',(#1328));
#1330=SURFACE_STYLE_USAGE(.BOTH.,#1329);
#1331=PRESENTATION_STYLE_ASSIGNMENT((#1330));
#1332=STYLED_ITEM('',(#1331),#1324);
#1333=ADVANCED_FACE('',(#6671),#6673,.T.);
#1334=COLOUR_RGB('',0.156862745098039,0.156862745098039,0.156862745098039);
#1335=FILL_AREA_STYLE_COLOUR('',#1334);
#1336=FILL_AREA_STYLE($,(#1335));
#1337=SURFACE_STYLE_FILL_AREA(#1336);
#1338=SURFACE_SIDE_STYLE('',(#1337));
#1339=SURFACE_STYLE_USAGE(.BOTH.,#1338);
#1340=PRESENTATION_STYLE_ASSIGNMENT((#1339));
#1341=STYLED_ITEM('',(#1340),#1333);
#1342=ADVANCED_FACE('',(#6678),#6680,.T.);
#1343=COLOUR_RGB('',0.156862745098039,0.156862745098039,0.156862745098039);
#1344=FILL_AREA_STYLE_COLOUR('',#1343);
#1345=FILL_AREA_STYLE($,(#1344));
#1346=SURFACE_STYLE_FILL_AREA(#1345);
#1347=SURFACE_SIDE_STYLE('',(#1346));
#1348=SURFACE_STYLE_USAGE(.BOTH.,#1347);
#1349=PRESENTATION_STYLE_ASSIGNMENT((#1348));
#1350=STYLED_ITEM('',(#1349),#1342);
#1351=ADVANCED_FACE('',(#6685),#6687,.T.);
#1352=COLOUR_RGB('',0.156862745098039,0.156862745098039,0.156862745098039);
#1353=FILL_AREA_STYLE_COLOUR('',#1352);
#1354=FILL_AREA_STYLE($,(#1353));
#1355=SURFACE_STYLE_FILL_AREA(#1354);
#1356=SURFACE_SIDE_STYLE('',(#1355));
#1357=SURFACE_STYLE_USAGE(.BOTH.,#1356);
#1358=PRESENTATION_STYLE_ASSIGNMENT((#1357));
#1359=STYLED_ITEM('',(#1358),#1351);
#1360=ADVANCED_FACE('',(#6692),#6694,.T.);
#1361=COLOUR_RGB('',0.156862745098039,0.156862745098039,0.156862745098039);
#1362=FILL_AREA_STYLE_COLOUR('',#1361);
#1363=FILL_AREA_STYLE($,(#1362));
#1364=SURFACE_STYLE_FILL_AREA(#1363);
#1365=SURFACE_SIDE_STYLE('',(#1364));
#1366=SURFACE_STYLE_USAGE(.BOTH.,#1365);
#1367=PRESENTATION_STYLE_ASSIGNMENT((#1366));
#1368=STYLED_ITEM('',(#1367),#1360);
#1369=ADVANCED_FACE('',(#6699),#6701,.T.);
#1370=COLOUR_RGB('',0.156862745098039,0.156862745098039,0.156862745098039);
#1371=FILL_AREA_STYLE_COLOUR('',#1370);
#1372=FILL_AREA_STYLE($,(#1371));
#1373=SURFACE_STYLE_FILL_AREA(#1372);
#1374=SURFACE_SIDE_STYLE('',(#1373));
#1375=SURFACE_STYLE_USAGE(.BOTH.,#1374);
#1376=PRESENTATION_STYLE_ASSIGNMENT((#1375));
#1377=STYLED_ITEM('',(#1376),#1369);
#1378=ADVANCED_FACE('',(#6706),#6708,.T.);
#1379=COLOUR_RGB('',0.156862745098039,0.156862745098039,0.156862745098039);
#1380=FILL_AREA_STYLE_COLOUR('',#1379);
#1381=FILL_AREA_STYLE($,(#1380));
#1382=SURFACE_STYLE_FILL_AREA(#1381);
#1383=SURFACE_SIDE_STYLE('',(#1382));
#1384=SURFACE_STYLE_USAGE(.BOTH.,#1383);
#1385=PRESENTATION_STYLE_ASSIGNMENT((#1384));
#1386=STYLED_ITEM('',(#1385),#1378);
#1387=ADVANCED_FACE('',(#6713),#6715,.T.);
#1388=COLOUR_RGB('',0.156862745098039,0.156862745098039,0.156862745098039);
#1389=FILL_AREA_STYLE_COLOUR('',#1388);
#1390=FILL_AREA_STYLE($,(#1389));
#1391=SURFACE_STYLE_FILL_AREA(#1390);
#1392=SURFACE_SIDE_STYLE('',(#1391));
#1393=SURFACE_STYLE_USAGE(.BOTH.,#1392);
#1394=PRESENTATION_STYLE_ASSIGNMENT((#1393));
#1395=STYLED_ITEM('',(#1394),#1387);
#1396=ADVANCED_FACE('',(#6720),#6722,.T.);
#1397=COLOUR_RGB('',0.156862745098039,0.156862745098039,0.156862745098039);
#1398=FILL_AREA_STYLE_COLOUR('',#1397);
#1399=FILL_AREA_STYLE($,(#1398));
#1400=SURFACE_STYLE_FILL_AREA(#1399);
#1401=SURFACE_SIDE_STYLE('',(#1400));
#1402=SURFACE_STYLE_USAGE(.BOTH.,#1401);
#1403=PRESENTATION_STYLE_ASSIGNMENT((#1402));
#1404=STYLED_ITEM('',(#1403),#1396);
#1405=ADVANCED_FACE('',(#6727),#6729,.T.);
#1406=COLOUR_RGB('',0.156862745098039,0.156862745098039,0.156862745098039);
#1407=FILL_AREA_STYLE_COLOUR('',#1406);
#1408=FILL_AREA_STYLE($,(#1407));
#1409=SURFACE_STYLE_FILL_AREA(#1408);
#1410=SURFACE_SIDE_STYLE('',(#1409));
#1411=SURFACE_STYLE_USAGE(.BOTH.,#1410);
#1412=PRESENTATION_STYLE_ASSIGNMENT((#1411));
#1413=STYLED_ITEM('',(#1412),#1405);
#1414=ADVANCED_FACE('',(#6734),#6736,.T.);
#1415=COLOUR_RGB('',0.156862745098039,0.156862745098039,0.156862745098039);
#1416=FILL_AREA_STYLE_COLOUR('',#1415);
#1417=FILL_AREA_STYLE($,(#1416));
#1418=SURFACE_STYLE_FILL_AREA(#1417);
#1419=SURFACE_SIDE_STYLE('',(#1418));
#1420=SURFACE_STYLE_USAGE(.BOTH.,#1419);
#1421=PRESENTATION_STYLE_ASSIGNMENT((#1420));
#1422=STYLED_ITEM('',(#1421),#1414);
#1423=ADVANCED_FACE('',(#6741),#6743,.T.);
#1424=COLOUR_RGB('',0.156862745098039,0.156862745098039,0.156862745098039);
#1425=FILL_AREA_STYLE_COLOUR('',#1424);
#1426=FILL_AREA_STYLE($,(#1425));
#1427=SURFACE_STYLE_FILL_AREA(#1426);
#1428=SURFACE_SIDE_STYLE('',(#1427));
#1429=SURFACE_STYLE_USAGE(.BOTH.,#1428);
#1430=PRESENTATION_STYLE_ASSIGNMENT((#1429));
#1431=STYLED_ITEM('',(#1430),#1423);
#1432=ADVANCED_FACE('',(#6748),#6750,.T.);
#1433=COLOUR_RGB('',0.156862745098039,0.156862745098039,0.156862745098039);
#1434=FILL_AREA_STYLE_COLOUR('',#1433);
#1435=FILL_AREA_STYLE($,(#1434));
#1436=SURFACE_STYLE_FILL_AREA(#1435);
#1437=SURFACE_SIDE_STYLE('',(#1436));
#1438=SURFACE_STYLE_USAGE(.BOTH.,#1437);
#1439=PRESENTATION_STYLE_ASSIGNMENT((#1438));
#1440=STYLED_ITEM('',(#1439),#1432);
#1441=ADVANCED_FACE('',(#6755),#6757,.T.);
#1442=COLOUR_RGB('',0.156862745098039,0.156862745098039,0.156862745098039);
#1443=FILL_AREA_STYLE_COLOUR('',#1442);
#1444=FILL_AREA_STYLE($,(#1443));
#1445=SURFACE_STYLE_FILL_AREA(#1444);
#1446=SURFACE_SIDE_STYLE('',(#1445));
#1447=SURFACE_STYLE_USAGE(.BOTH.,#1446);
#1448=PRESENTATION_STYLE_ASSIGNMENT((#1447));
#1449=STYLED_ITEM('',(#1448),#1441);
#1450=ADVANCED_FACE('',(#6762),#6764,.T.);
#1451=COLOUR_RGB('',0.156862745098039,0.156862745098039,0.156862745098039);
#1452=FILL_AREA_STYLE_COLOUR('',#1451);
#1453=FILL_AREA_STYLE($,(#1452));
#1454=SURFACE_STYLE_FILL_AREA(#1453);
#1455=SURFACE_SIDE_STYLE('',(#1454));
#1456=SURFACE_STYLE_USAGE(.BOTH.,#1455);
#1457=PRESENTATION_STYLE_ASSIGNMENT((#1456));
#1458=STYLED_ITEM('',(#1457),#1450);
#1459=ADVANCED_FACE('',(#6769),#6771,.T.);
#1460=COLOUR_RGB('',0.156862745098039,0.156862745098039,0.156862745098039);
#1461=FILL_AREA_STYLE_COLOUR('',#1460);
#1462=FILL_AREA_STYLE($,(#1461));
#1463=SURFACE_STYLE_FILL_AREA(#1462);
#1464=SURFACE_SIDE_STYLE('',(#1463));
#1465=SURFACE_STYLE_USAGE(.BOTH.,#1464);
#1466=PRESENTATION_STYLE_ASSIGNMENT((#1465));
#1467=STYLED_ITEM('',(#1466),#1459);
#1468=ADVANCED_FACE('',(#6776),#6778,.T.);
#1469=COLOUR_RGB('',0.156862745098039,0.156862745098039,0.156862745098039);
#1470=FILL_AREA_STYLE_COLOUR('',#1469);
#1471=FILL_AREA_STYLE($,(#1470));
#1472=SURFACE_STYLE_FILL_AREA(#1471);
#1473=SURFACE_SIDE_STYLE('',(#1472));
#1474=SURFACE_STYLE_USAGE(.BOTH.,#1473);
#1475=PRESENTATION_STYLE_ASSIGNMENT((#1474));
#1476=STYLED_ITEM('',(#1475),#1468);
#1477=ADVANCED_FACE('',(#6783),#6785,.T.);
#1478=COLOUR_RGB('',0.156862745098039,0.156862745098039,0.156862745098039);
#1479=FILL_AREA_STYLE_COLOUR('',#1478);
#1480=FILL_AREA_STYLE($,(#1479));
#1481=SURFACE_STYLE_FILL_AREA(#1480);
#1482=SURFACE_SIDE_STYLE('',(#1481));
#1483=SURFACE_STYLE_USAGE(.BOTH.,#1482);
#1484=PRESENTATION_STYLE_ASSIGNMENT((#1483));
#1485=STYLED_ITEM('',(#1484),#1477);
#1486=ADVANCED_FACE('',(#6790),#6792,.T.);
#1487=COLOUR_RGB('',0.156862745098039,0.156862745098039,0.156862745098039);
#1488=FILL_AREA_STYLE_COLOUR('',#1487);
#1489=FILL_AREA_STYLE($,(#1488));
#1490=SURFACE_STYLE_FILL_AREA(#1489);
#1491=SURFACE_SIDE_STYLE('',(#1490));
#1492=SURFACE_STYLE_USAGE(.BOTH.,#1491);
#1493=PRESENTATION_STYLE_ASSIGNMENT((#1492));
#1494=STYLED_ITEM('',(#1493),#1486);
#1495=ADVANCED_FACE('',(#6797),#6799,.T.);
#1496=COLOUR_RGB('',0.156862745098039,0.156862745098039,0.156862745098039);
#1497=FILL_AREA_STYLE_COLOUR('',#1496);
#1498=FILL_AREA_STYLE($,(#1497));
#1499=SURFACE_STYLE_FILL_AREA(#1498);
#1500=SURFACE_SIDE_STYLE('',(#1499));
#1501=SURFACE_STYLE_USAGE(.BOTH.,#1500);
#1502=PRESENTATION_STYLE_ASSIGNMENT((#1501));
#1503=STYLED_ITEM('',(#1502),#1495);
#1504=ADVANCED_FACE('',(#6804),#6806,.T.);
#1505=COLOUR_RGB('',0.156862745098039,0.156862745098039,0.156862745098039);
#1506=FILL_AREA_STYLE_COLOUR('',#1505);
#1507=FILL_AREA_STYLE($,(#1506));
#1508=SURFACE_STYLE_FILL_AREA(#1507);
#1509=SURFACE_SIDE_STYLE('',(#1508));
#1510=SURFACE_STYLE_USAGE(.BOTH.,#1509);
#1511=PRESENTATION_STYLE_ASSIGNMENT((#1510));
#1512=STYLED_ITEM('',(#1511),#1504);
#1513=ADVANCED_FACE('',(#6811),#6813,.T.);
#1514=COLOUR_RGB('',0.156862745098039,0.156862745098039,0.156862745098039);
#1515=FILL_AREA_STYLE_COLOUR('',#1514);
#1516=FILL_AREA_STYLE($,(#1515));
#1517=SURFACE_STYLE_FILL_AREA(#1516);
#1518=SURFACE_SIDE_STYLE('',(#1517));
#1519=SURFACE_STYLE_USAGE(.BOTH.,#1518);
#1520=PRESENTATION_STYLE_ASSIGNMENT((#1519));
#1521=STYLED_ITEM('',(#1520),#1513);
#1522=ADVANCED_FACE('',(#6818),#6820,.T.);
#1523=COLOUR_RGB('',0.156862745098039,0.156862745098039,0.156862745098039);
#1524=FILL_AREA_STYLE_COLOUR('',#1523);
#1525=FILL_AREA_STYLE($,(#1524));
#1526=SURFACE_STYLE_FILL_AREA(#1525);
#1527=SURFACE_SIDE_STYLE('',(#1526));
#1528=SURFACE_STYLE_USAGE(.BOTH.,#1527);
#1529=PRESENTATION_STYLE_ASSIGNMENT((#1528));
#1530=STYLED_ITEM('',(#1529),#1522);
#1531=ADVANCED_FACE('',(#6825),#6827,.T.);
#1532=COLOUR_RGB('',0.156862745098039,0.156862745098039,0.156862745098039);
#1533=FILL_AREA_STYLE_COLOUR('',#1532);
#1534=FILL_AREA_STYLE($,(#1533));
#1535=SURFACE_STYLE_FILL_AREA(#1534);
#1536=SURFACE_SIDE_STYLE('',(#1535));
#1537=SURFACE_STYLE_USAGE(.BOTH.,#1536);
#1538=PRESENTATION_STYLE_ASSIGNMENT((#1537));
#1539=STYLED_ITEM('',(#1538),#1531);
#1540=ADVANCED_FACE('',(#6832),#6834,.T.);
#1541=COLOUR_RGB('',0.156862745098039,0.156862745098039,0.156862745098039);
#1542=FILL_AREA_STYLE_COLOUR('',#1541);
#1543=FILL_AREA_STYLE($,(#1542));
#1544=SURFACE_STYLE_FILL_AREA(#1543);
#1545=SURFACE_SIDE_STYLE('',(#1544));
#1546=SURFACE_STYLE_USAGE(.BOTH.,#1545);
#1547=PRESENTATION_STYLE_ASSIGNMENT((#1546));
#1548=STYLED_ITEM('',(#1547),#1540);
#1549=ADVANCED_FACE('',(#6839),#6841,.T.);
#1550=COLOUR_RGB('',0.156862745098039,0.156862745098039,0.156862745098039);
#1551=FILL_AREA_STYLE_COLOUR('',#1550);
#1552=FILL_AREA_STYLE($,(#1551));
#1553=SURFACE_STYLE_FILL_AREA(#1552);
#1554=SURFACE_SIDE_STYLE('',(#1553));
#1555=SURFACE_STYLE_USAGE(.BOTH.,#1554);
#1556=PRESENTATION_STYLE_ASSIGNMENT((#1555));
#1557=STYLED_ITEM('',(#1556),#1549);
#1558=ADVANCED_FACE('',(#6846),#6848,.T.);
#1559=COLOUR_RGB('',0.156862745098039,0.156862745098039,0.156862745098039);
#1560=FILL_AREA_STYLE_COLOUR('',#1559);
#1561=FILL_AREA_STYLE($,(#1560));
#1562=SURFACE_STYLE_FILL_AREA(#1561);
#1563=SURFACE_SIDE_STYLE('',(#1562));
#1564=SURFACE_STYLE_USAGE(.BOTH.,#1563);
#1565=PRESENTATION_STYLE_ASSIGNMENT((#1564));
#1566=STYLED_ITEM('',(#1565),#1558);
#1567=ADVANCED_FACE('',(#6853),#6855,.T.);
#1568=COLOUR_RGB('',0.156862745098039,0.156862745098039,0.156862745098039);
#1569=FILL_AREA_STYLE_COLOUR('',#1568);
#1570=FILL_AREA_STYLE($,(#1569));
#1571=SURFACE_STYLE_FILL_AREA(#1570);
#1572=SURFACE_SIDE_STYLE('',(#1571));
#1573=SURFACE_STYLE_USAGE(.BOTH.,#1572);
#1574=PRESENTATION_STYLE_ASSIGNMENT((#1573));
#1575=STYLED_ITEM('',(#1574),#1567);
#1576=ADVANCED_FACE('',(#6860),#6862,.T.);
#1577=COLOUR_RGB('',0.156862745098039,0.156862745098039,0.156862745098039);
#1578=FILL_AREA_STYLE_COLOUR('',#1577);
#1579=FILL_AREA_STYLE($,(#1578));
#1580=SURFACE_STYLE_FILL_AREA(#1579);
#1581=SURFACE_SIDE_STYLE('',(#1580));
#1582=SURFACE_STYLE_USAGE(.BOTH.,#1581);
#1583=PRESENTATION_STYLE_ASSIGNMENT((#1582));
#1584=STYLED_ITEM('',(#1583),#1576);
#1585=ADVANCED_FACE('',(#6867),#6869,.T.);
#1586=COLOUR_RGB('',0.156862745098039,0.156862745098039,0.156862745098039);
#1587=FILL_AREA_STYLE_COLOUR('',#1586);
#1588=FILL_AREA_STYLE($,(#1587));
#1589=SURFACE_STYLE_FILL_AREA(#1588);
#1590=SURFACE_SIDE_STYLE('',(#1589));
#1591=SURFACE_STYLE_USAGE(.BOTH.,#1590);
#1592=PRESENTATION_STYLE_ASSIGNMENT((#1591));
#1593=STYLED_ITEM('',(#1592),#1585);
#1594=ADVANCED_FACE('',(#6874),#6876,.T.);
#1595=COLOUR_RGB('',0.156862745098039,0.156862745098039,0.156862745098039);
#1596=FILL_AREA_STYLE_COLOUR('',#1595);
#1597=FILL_AREA_STYLE($,(#1596));
#1598=SURFACE_STYLE_FILL_AREA(#1597);
#1599=SURFACE_SIDE_STYLE('',(#1598));
#1600=SURFACE_STYLE_USAGE(.BOTH.,#1599);
#1601=PRESENTATION_STYLE_ASSIGNMENT((#1600));
#1602=STYLED_ITEM('',(#1601),#1594);
#1603=ADVANCED_FACE('',(#6881),#6883,.T.);
#1604=COLOUR_RGB('',0.156862745098039,0.156862745098039,0.156862745098039);
#1605=FILL_AREA_STYLE_COLOUR('',#1604);
#1606=FILL_AREA_STYLE($,(#1605));
#1607=SURFACE_STYLE_FILL_AREA(#1606);
#1608=SURFACE_SIDE_STYLE('',(#1607));
#1609=SURFACE_STYLE_USAGE(.BOTH.,#1608);
#1610=PRESENTATION_STYLE_ASSIGNMENT((#1609));
#1611=STYLED_ITEM('',(#1610),#1603);
#1612=ADVANCED_FACE('',(#6888),#6890,.T.);
#1613=COLOUR_RGB('',0.156862745098039,0.156862745098039,0.156862745098039);
#1614=FILL_AREA_STYLE_COLOUR('',#1613);
#1615=FILL_AREA_STYLE($,(#1614));
#1616=SURFACE_STYLE_FILL_AREA(#1615);
#1617=SURFACE_SIDE_STYLE('',(#1616));
#1618=SURFACE_STYLE_USAGE(.BOTH.,#1617);
#1619=PRESENTATION_STYLE_ASSIGNMENT((#1618));
#1620=STYLED_ITEM('',(#1619),#1612);
#1621=ADVANCED_FACE('',(#6895),#6897,.T.);
#1622=COLOUR_RGB('',0.156862745098039,0.156862745098039,0.156862745098039);
#1623=FILL_AREA_STYLE_COLOUR('',#1622);
#1624=FILL_AREA_STYLE($,(#1623));
#1625=SURFACE_STYLE_FILL_AREA(#1624);
#1626=SURFACE_SIDE_STYLE('',(#1625));
#1627=SURFACE_STYLE_USAGE(.BOTH.,#1626);
#1628=PRESENTATION_STYLE_ASSIGNMENT((#1627));
#1629=STYLED_ITEM('',(#1628),#1621);
#1630=ADVANCED_FACE('',(#6902),#6904,.T.);
#1631=COLOUR_RGB('',0.156862745098039,0.156862745098039,0.156862745098039);
#1632=FILL_AREA_STYLE_COLOUR('',#1631);
#1633=FILL_AREA_STYLE($,(#1632));
#1634=SURFACE_STYLE_FILL_AREA(#1633);
#1635=SURFACE_SIDE_STYLE('',(#1634));
#1636=SURFACE_STYLE_USAGE(.BOTH.,#1635);
#1637=PRESENTATION_STYLE_ASSIGNMENT((#1636));
#1638=STYLED_ITEM('',(#1637),#1630);
#1639=ADVANCED_FACE('',(#6909),#6911,.T.);
#1640=COLOUR_RGB('',0.156862745098039,0.156862745098039,0.156862745098039);
#1641=FILL_AREA_STYLE_COLOUR('',#1640);
#1642=FILL_AREA_STYLE($,(#1641));
#1643=SURFACE_STYLE_FILL_AREA(#1642);
#1644=SURFACE_SIDE_STYLE('',(#1643));
#1645=SURFACE_STYLE_USAGE(.BOTH.,#1644);
#1646=PRESENTATION_STYLE_ASSIGNMENT((#1645));
#1647=STYLED_ITEM('',(#1646),#1639);
#1648=ADVANCED_FACE('',(#6916),#6918,.T.);
#1649=COLOUR_RGB('',0.156862745098039,0.156862745098039,0.156862745098039);
#1650=FILL_AREA_STYLE_COLOUR('',#1649);
#1651=FILL_AREA_STYLE($,(#1650));
#1652=SURFACE_STYLE_FILL_AREA(#1651);
#1653=SURFACE_SIDE_STYLE('',(#1652));
#1654=SURFACE_STYLE_USAGE(.BOTH.,#1653);
#1655=PRESENTATION_STYLE_ASSIGNMENT((#1654));
#1656=STYLED_ITEM('',(#1655),#1648);
#1657=ADVANCED_FACE('',(#6923),#6925,.T.);
#1658=COLOUR_RGB('',0.156862745098039,0.156862745098039,0.156862745098039);
#1659=FILL_AREA_STYLE_COLOUR('',#1658);
#1660=FILL_AREA_STYLE($,(#1659));
#1661=SURFACE_STYLE_FILL_AREA(#1660);
#1662=SURFACE_SIDE_STYLE('',(#1661));
#1663=SURFACE_STYLE_USAGE(.BOTH.,#1662);
#1664=PRESENTATION_STYLE_ASSIGNMENT((#1663));
#1665=STYLED_ITEM('',(#1664),#1657);
#1666=ADVANCED_FACE('',(#6930),#6932,.T.);
#1667=COLOUR_RGB('',0.156862745098039,0.156862745098039,0.156862745098039);
#1668=FILL_AREA_STYLE_COLOUR('',#1667);
#1669=FILL_AREA_STYLE($,(#1668));
#1670=SURFACE_STYLE_FILL_AREA(#1669);
#1671=SURFACE_SIDE_STYLE('',(#1670));
#1672=SURFACE_STYLE_USAGE(.BOTH.,#1671);
#1673=PRESENTATION_STYLE_ASSIGNMENT((#1672));
#1674=STYLED_ITEM('',(#1673),#1666);
#1675=ADVANCED_FACE('',(#6937),#6939,.T.);
#1676=COLOUR_RGB('',0.156862745098039,0.156862745098039,0.156862745098039);
#1677=FILL_AREA_STYLE_COLOUR('',#1676);
#1678=FILL_AREA_STYLE($,(#1677));
#1679=SURFACE_STYLE_FILL_AREA(#1678);
#1680=SURFACE_SIDE_STYLE('',(#1679));
#1681=SURFACE_STYLE_USAGE(.BOTH.,#1680);
#1682=PRESENTATION_STYLE_ASSIGNMENT((#1681));
#1683=STYLED_ITEM('',(#1682),#1675);
#1684=ADVANCED_FACE('',(#6944),#6946,.T.);
#1685=COLOUR_RGB('',0.156862745098039,0.156862745098039,0.156862745098039);
#1686=FILL_AREA_STYLE_COLOUR('',#1685);
#1687=FILL_AREA_STYLE($,(#1686));
#1688=SURFACE_STYLE_FILL_AREA(#1687);
#1689=SURFACE_SIDE_STYLE('',(#1688));
#1690=SURFACE_STYLE_USAGE(.BOTH.,#1689);
#1691=PRESENTATION_STYLE_ASSIGNMENT((#1690));
#1692=STYLED_ITEM('',(#1691),#1684);
#1693=ADVANCED_FACE('',(#6951),#6953,.T.);
#1694=COLOUR_RGB('',0.156862745098039,0.156862745098039,0.156862745098039);
#1695=FILL_AREA_STYLE_COLOUR('',#1694);
#1696=FILL_AREA_STYLE($,(#1695));
#1697=SURFACE_STYLE_FILL_AREA(#1696);
#1698=SURFACE_SIDE_STYLE('',(#1697));
#1699=SURFACE_STYLE_USAGE(.BOTH.,#1698);
#1700=PRESENTATION_STYLE_ASSIGNMENT((#1699));
#1701=STYLED_ITEM('',(#1700),#1693);
#1702=ADVANCED_FACE('',(#6958),#6960,.T.);
#1703=COLOUR_RGB('',0.156862745098039,0.156862745098039,0.156862745098039);
#1704=FILL_AREA_STYLE_COLOUR('',#1703);
#1705=FILL_AREA_STYLE($,(#1704));
#1706=SURFACE_STYLE_FILL_AREA(#1705);
#1707=SURFACE_SIDE_STYLE('',(#1706));
#1708=SURFACE_STYLE_USAGE(.BOTH.,#1707);
#1709=PRESENTATION_STYLE_ASSIGNMENT((#1708));
#1710=STYLED_ITEM('',(#1709),#1702);
#1711=ADVANCED_FACE('',(#6965),#6967,.T.);
#1712=COLOUR_RGB('',0.156862745098039,0.156862745098039,0.156862745098039);
#1713=FILL_AREA_STYLE_COLOUR('',#1712);
#1714=FILL_AREA_STYLE($,(#1713));
#1715=SURFACE_STYLE_FILL_AREA(#1714);
#1716=SURFACE_SIDE_STYLE('',(#1715));
#1717=SURFACE_STYLE_USAGE(.BOTH.,#1716);
#1718=PRESENTATION_STYLE_ASSIGNMENT((#1717));
#1719=STYLED_ITEM('',(#1718),#1711);
#1720=ADVANCED_FACE('',(#6972),#6974,.T.);
#1721=COLOUR_RGB('',0.156862745098039,0.156862745098039,0.156862745098039);
#1722=FILL_AREA_STYLE_COLOUR('',#1721);
#1723=FILL_AREA_STYLE($,(#1722));
#1724=SURFACE_STYLE_FILL_AREA(#1723);
#1725=SURFACE_SIDE_STYLE('',(#1724));
#1726=SURFACE_STYLE_USAGE(.BOTH.,#1725);
#1727=PRESENTATION_STYLE_ASSIGNMENT((#1726));
#1728=STYLED_ITEM('',(#1727),#1720);
#1729=ADVANCED_FACE('',(#6979),#6981,.T.);
#1730=COLOUR_RGB('',0.156862745098039,0.156862745098039,0.156862745098039);
#1731=FILL_AREA_STYLE_COLOUR('',#1730);
#1732=FILL_AREA_STYLE($,(#1731));
#1733=SURFACE_STYLE_FILL_AREA(#1732);
#1734=SURFACE_SIDE_STYLE('',(#1733));
#1735=SURFACE_STYLE_USAGE(.BOTH.,#1734);
#1736=PRESENTATION_STYLE_ASSIGNMENT((#1735));
#1737=STYLED_ITEM('',(#1736),#1729);
#1738=ADVANCED_FACE('',(#6986),#6988,.T.);
#1739=COLOUR_RGB('',0.156862745098039,0.156862745098039,0.156862745098039);
#1740=FILL_AREA_STYLE_COLOUR('',#1739);
#1741=FILL_AREA_STYLE($,(#1740));
#1742=SURFACE_STYLE_FILL_AREA(#1741);
#1743=SURFACE_SIDE_STYLE('',(#1742));
#1744=SURFACE_STYLE_USAGE(.BOTH.,#1743);
#1745=PRESENTATION_STYLE_ASSIGNMENT((#1744));
#1746=STYLED_ITEM('',(#1745),#1738);
#1747=ADVANCED_FACE('',(#6993),#6995,.T.);
#1748=COLOUR_RGB('',0.156862745098039,0.156862745098039,0.156862745098039);
#1749=FILL_AREA_STYLE_COLOUR('',#1748);
#1750=FILL_AREA_STYLE($,(#1749));
#1751=SURFACE_STYLE_FILL_AREA(#1750);
#1752=SURFACE_SIDE_STYLE('',(#1751));
#1753=SURFACE_STYLE_USAGE(.BOTH.,#1752);
#1754=PRESENTATION_STYLE_ASSIGNMENT((#1753));
#1755=STYLED_ITEM('',(#1754),#1747);
#1756=ADVANCED_FACE('',(#7000),#7002,.T.);
#1757=COLOUR_RGB('',0.156862745098039,0.156862745098039,0.156862745098039);
#1758=FILL_AREA_STYLE_COLOUR('',#1757);
#1759=FILL_AREA_STYLE($,(#1758));
#1760=SURFACE_STYLE_FILL_AREA(#1759);
#1761=SURFACE_SIDE_STYLE('',(#1760));
#1762=SURFACE_STYLE_USAGE(.BOTH.,#1761);
#1763=PRESENTATION_STYLE_ASSIGNMENT((#1762));
#1764=STYLED_ITEM('',(#1763),#1756);
#1765=ADVANCED_FACE('',(#7007),#7009,.T.);
#1766=COLOUR_RGB('',0.156862745098039,0.156862745098039,0.156862745098039);
#1767=FILL_AREA_STYLE_COLOUR('',#1766);
#1768=FILL_AREA_STYLE($,(#1767));
#1769=SURFACE_STYLE_FILL_AREA(#1768);
#1770=SURFACE_SIDE_STYLE('',(#1769));
#1771=SURFACE_STYLE_USAGE(.BOTH.,#1770);
#1772=PRESENTATION_STYLE_ASSIGNMENT((#1771));
#1773=STYLED_ITEM('',(#1772),#1765);
#1774=ADVANCED_FACE('',(#7014),#7016,.T.);
#1775=COLOUR_RGB('',0.156862745098039,0.156862745098039,0.156862745098039);
#1776=FILL_AREA_STYLE_COLOUR('',#1775);
#1777=FILL_AREA_STYLE($,(#1776));
#1778=SURFACE_STYLE_FILL_AREA(#1777);
#1779=SURFACE_SIDE_STYLE('',(#1778));
#1780=SURFACE_STYLE_USAGE(.BOTH.,#1779);
#1781=PRESENTATION_STYLE_ASSIGNMENT((#1780));
#1782=STYLED_ITEM('',(#1781),#1774);
#1783=ADVANCED_FACE('',(#7021),#7023,.T.);
#1784=COLOUR_RGB('',0.156862745098039,0.156862745098039,0.156862745098039);
#1785=FILL_AREA_STYLE_COLOUR('',#1784);
#1786=FILL_AREA_STYLE($,(#1785));
#1787=SURFACE_STYLE_FILL_AREA(#1786);
#1788=SURFACE_SIDE_STYLE('',(#1787));
#1789=SURFACE_STYLE_USAGE(.BOTH.,#1788);
#1790=PRESENTATION_STYLE_ASSIGNMENT((#1789));
#1791=STYLED_ITEM('',(#1790),#1783);
#1792=ADVANCED_FACE('',(#7028),#7030,.T.);
#1793=COLOUR_RGB('',0.156862745098039,0.156862745098039,0.156862745098039);
#1794=FILL_AREA_STYLE_COLOUR('',#1793);
#1795=FILL_AREA_STYLE($,(#1794));
#1796=SURFACE_STYLE_FILL_AREA(#1795);
#1797=SURFACE_SIDE_STYLE('',(#1796));
#1798=SURFACE_STYLE_USAGE(.BOTH.,#1797);
#1799=PRESENTATION_STYLE_ASSIGNMENT((#1798));
#1800=STYLED_ITEM('',(#1799),#1792);
#1801=ADVANCED_FACE('',(#7035),#7037,.T.);
#1802=COLOUR_RGB('',0.156862745098039,0.156862745098039,0.156862745098039);
#1803=FILL_AREA_STYLE_COLOUR('',#1802);
#1804=FILL_AREA_STYLE($,(#1803));
#1805=SURFACE_STYLE_FILL_AREA(#1804);
#1806=SURFACE_SIDE_STYLE('',(#1805));
#1807=SURFACE_STYLE_USAGE(.BOTH.,#1806);
#1808=PRESENTATION_STYLE_ASSIGNMENT((#1807));
#1809=STYLED_ITEM('',(#1808),#1801);
#1810=ADVANCED_FACE('',(#7042),#7044,.T.);
#1811=COLOUR_RGB('',0.156862745098039,0.156862745098039,0.156862745098039);
#1812=FILL_AREA_STYLE_COLOUR('',#1811);
#1813=FILL_AREA_STYLE($,(#1812));
#1814=SURFACE_STYLE_FILL_AREA(#1813);
#1815=SURFACE_SIDE_STYLE('',(#1814));
#1816=SURFACE_STYLE_USAGE(.BOTH.,#1815);
#1817=PRESENTATION_STYLE_ASSIGNMENT((#1816));
#1818=STYLED_ITEM('',(#1817),#1810);
#1819=ADVANCED_FACE('',(#7049),#7051,.T.);
#1820=COLOUR_RGB('',0.156862745098039,0.156862745098039,0.156862745098039);
#1821=FILL_AREA_STYLE_COLOUR('',#1820);
#1822=FILL_AREA_STYLE($,(#1821));
#1823=SURFACE_STYLE_FILL_AREA(#1822);
#1824=SURFACE_SIDE_STYLE('',(#1823));
#1825=SURFACE_STYLE_USAGE(.BOTH.,#1824);
#1826=PRESENTATION_STYLE_ASSIGNMENT((#1825));
#1827=STYLED_ITEM('',(#1826),#1819);
#1828=ADVANCED_FACE('',(#7056),#7058,.T.);
#1829=COLOUR_RGB('',0.156862745098039,0.156862745098039,0.156862745098039);
#1830=FILL_AREA_STYLE_COLOUR('',#1829);
#1831=FILL_AREA_STYLE($,(#1830));
#1832=SURFACE_STYLE_FILL_AREA(#1831);
#1833=SURFACE_SIDE_STYLE('',(#1832));
#1834=SURFACE_STYLE_USAGE(.BOTH.,#1833);
#1835=PRESENTATION_STYLE_ASSIGNMENT((#1834));
#1836=STYLED_ITEM('',(#1835),#1828);
#1837=ADVANCED_FACE('',(#7063),#7065,.T.);
#1838=COLOUR_RGB('',0.156862745098039,0.156862745098039,0.156862745098039);
#1839=FILL_AREA_STYLE_COLOUR('',#1838);
#1840=FILL_AREA_STYLE($,(#1839));
#1841=SURFACE_STYLE_FILL_AREA(#1840);
#1842=SURFACE_SIDE_STYLE('',(#1841));
#1843=SURFACE_STYLE_USAGE(.BOTH.,#1842);
#1844=PRESENTATION_STYLE_ASSIGNMENT((#1843));
#1845=STYLED_ITEM('',(#1844),#1837);
#1846=ADVANCED_FACE('',(#7070),#7072,.T.);
#1847=COLOUR_RGB('',0.156862745098039,0.156862745098039,0.156862745098039);
#1848=FILL_AREA_STYLE_COLOUR('',#1847);
#1849=FILL_AREA_STYLE($,(#1848));
#1850=SURFACE_STYLE_FILL_AREA(#1849);
#1851=SURFACE_SIDE_STYLE('',(#1850));
#1852=SURFACE_STYLE_USAGE(.BOTH.,#1851);
#1853=PRESENTATION_STYLE_ASSIGNMENT((#1852));
#1854=STYLED_ITEM('',(#1853),#1846);
#1855=ADVANCED_FACE('',(#7077),#7079,.T.);
#1856=COLOUR_RGB('',0.156862745098039,0.156862745098039,0.156862745098039);
#1857=FILL_AREA_STYLE_COLOUR('',#1856);
#1858=FILL_AREA_STYLE($,(#1857));
#1859=SURFACE_STYLE_FILL_AREA(#1858);
#1860=SURFACE_SIDE_STYLE('',(#1859));
#1861=SURFACE_STYLE_USAGE(.BOTH.,#1860);
#1862=PRESENTATION_STYLE_ASSIGNMENT((#1861));
#1863=STYLED_ITEM('',(#1862),#1855);
#1864=ADVANCED_FACE('',(#7084),#7086,.T.);
#1865=COLOUR_RGB('',0.156862745098039,0.156862745098039,0.156862745098039);
#1866=FILL_AREA_STYLE_COLOUR('',#1865);
#1867=FILL_AREA_STYLE($,(#1866));
#1868=SURFACE_STYLE_FILL_AREA(#1867);
#1869=SURFACE_SIDE_STYLE('',(#1868));
#1870=SURFACE_STYLE_USAGE(.BOTH.,#1869);
#1871=PRESENTATION_STYLE_ASSIGNMENT((#1870));
#1872=STYLED_ITEM('',(#1871),#1864);
#1873=ADVANCED_FACE('',(#7091),#7093,.T.);
#1874=COLOUR_RGB('',0.156862745098039,0.156862745098039,0.156862745098039);
#1875=FILL_AREA_STYLE_COLOUR('',#1874);
#1876=FILL_AREA_STYLE($,(#1875));
#1877=SURFACE_STYLE_FILL_AREA(#1876);
#1878=SURFACE_SIDE_STYLE('',(#1877));
#1879=SURFACE_STYLE_USAGE(.BOTH.,#1878);
#1880=PRESENTATION_STYLE_ASSIGNMENT((#1879));
#1881=STYLED_ITEM('',(#1880),#1873);
#1882=ADVANCED_FACE('',(#7098),#7100,.T.);
#1883=COLOUR_RGB('',0.156862745098039,0.156862745098039,0.156862745098039);
#1884=FILL_AREA_STYLE_COLOUR('',#1883);
#1885=FILL_AREA_STYLE($,(#1884));
#1886=SURFACE_STYLE_FILL_AREA(#1885);
#1887=SURFACE_SIDE_STYLE('',(#1886));
#1888=SURFACE_STYLE_USAGE(.BOTH.,#1887);
#1889=PRESENTATION_STYLE_ASSIGNMENT((#1888));
#1890=STYLED_ITEM('',(#1889),#1882);
#1891=ADVANCED_FACE('',(#7105),#7107,.T.);
#1892=COLOUR_RGB('',0.156862745098039,0.156862745098039,0.156862745098039);
#1893=FILL_AREA_STYLE_COLOUR('',#1892);
#1894=FILL_AREA_STYLE($,(#1893));
#1895=SURFACE_STYLE_FILL_AREA(#1894);
#1896=SURFACE_SIDE_STYLE('',(#1895));
#1897=SURFACE_STYLE_USAGE(.BOTH.,#1896);
#1898=PRESENTATION_STYLE_ASSIGNMENT((#1897));
#1899=STYLED_ITEM('',(#1898),#1891);
#1900=ADVANCED_FACE('',(#7112),#7114,.T.);
#1901=COLOUR_RGB('',0.156862745098039,0.156862745098039,0.156862745098039);
#1902=FILL_AREA_STYLE_COLOUR('',#1901);
#1903=FILL_AREA_STYLE($,(#1902));
#1904=SURFACE_STYLE_FILL_AREA(#1903);
#1905=SURFACE_SIDE_STYLE('',(#1904));
#1906=SURFACE_STYLE_USAGE(.BOTH.,#1905);
#1907=PRESENTATION_STYLE_ASSIGNMENT((#1906));
#1908=STYLED_ITEM('',(#1907),#1900);
#1909=ADVANCED_FACE('',(#7119),#7121,.T.);
#1910=COLOUR_RGB('',0.156862745098039,0.156862745098039,0.156862745098039);
#1911=FILL_AREA_STYLE_COLOUR('',#1910);
#1912=FILL_AREA_STYLE($,(#1911));
#1913=SURFACE_STYLE_FILL_AREA(#1912);
#1914=SURFACE_SIDE_STYLE('',(#1913));
#1915=SURFACE_STYLE_USAGE(.BOTH.,#1914);
#1916=PRESENTATION_STYLE_ASSIGNMENT((#1915));
#1917=STYLED_ITEM('',(#1916),#1909);
#1918=ADVANCED_FACE('',(#7126),#7128,.T.);
#1919=COLOUR_RGB('',0.156862745098039,0.156862745098039,0.156862745098039);
#1920=FILL_AREA_STYLE_COLOUR('',#1919);
#1921=FILL_AREA_STYLE($,(#1920));
#1922=SURFACE_STYLE_FILL_AREA(#1921);
#1923=SURFACE_SIDE_STYLE('',(#1922));
#1924=SURFACE_STYLE_USAGE(.BOTH.,#1923);
#1925=PRESENTATION_STYLE_ASSIGNMENT((#1924));
#1926=STYLED_ITEM('',(#1925),#1918);
#1927=ADVANCED_FACE('',(#7133),#7135,.T.);
#1928=COLOUR_RGB('',0.156862745098039,0.156862745098039,0.156862745098039);
#1929=FILL_AREA_STYLE_COLOUR('',#1928);
#1930=FILL_AREA_STYLE($,(#1929));
#1931=SURFACE_STYLE_FILL_AREA(#1930);
#1932=SURFACE_SIDE_STYLE('',(#1931));
#1933=SURFACE_STYLE_USAGE(.BOTH.,#1932);
#1934=PRESENTATION_STYLE_ASSIGNMENT((#1933));
#1935=STYLED_ITEM('',(#1934),#1927);
#1936=ADVANCED_FACE('',(#7140),#7142,.T.);
#1937=COLOUR_RGB('',0.156862745098039,0.156862745098039,0.156862745098039);
#1938=FILL_AREA_STYLE_COLOUR('',#1937);
#1939=FILL_AREA_STYLE($,(#1938));
#1940=SURFACE_STYLE_FILL_AREA(#1939);
#1941=SURFACE_SIDE_STYLE('',(#1940));
#1942=SURFACE_STYLE_USAGE(.BOTH.,#1941);
#1943=PRESENTATION_STYLE_ASSIGNMENT((#1942));
#1944=STYLED_ITEM('',(#1943),#1936);
#1945=ADVANCED_FACE('',(#7147),#7149,.T.);
#1946=COLOUR_RGB('',0.156862745098039,0.156862745098039,0.156862745098039);
#1947=FILL_AREA_STYLE_COLOUR('',#1946);
#1948=FILL_AREA_STYLE($,(#1947));
#1949=SURFACE_STYLE_FILL_AREA(#1948);
#1950=SURFACE_SIDE_STYLE('',(#1949));
#1951=SURFACE_STYLE_USAGE(.BOTH.,#1950);
#1952=PRESENTATION_STYLE_ASSIGNMENT((#1951));
#1953=STYLED_ITEM('',(#1952),#1945);
#1954=ADVANCED_FACE('',(#7154),#7156,.T.);
#1955=COLOUR_RGB('',0.156862745098039,0.156862745098039,0.156862745098039);
#1956=FILL_AREA_STYLE_COLOUR('',#1955);
#1957=FILL_AREA_STYLE($,(#1956));
#1958=SURFACE_STYLE_FILL_AREA(#1957);
#1959=SURFACE_SIDE_STYLE('',(#1958));
#1960=SURFACE_STYLE_USAGE(.BOTH.,#1959);
#1961=PRESENTATION_STYLE_ASSIGNMENT((#1960));
#1962=STYLED_ITEM('',(#1961),#1954);
#1963=ADVANCED_FACE('',(#7161),#7163,.T.);
#1964=COLOUR_RGB('',0.156862745098039,0.156862745098039,0.156862745098039);
#1965=FILL_AREA_STYLE_COLOUR('',#1964);
#1966=FILL_AREA_STYLE($,(#1965));
#1967=SURFACE_STYLE_FILL_AREA(#1966);
#1968=SURFACE_SIDE_STYLE('',(#1967));
#1969=SURFACE_STYLE_USAGE(.BOTH.,#1968);
#1970=PRESENTATION_STYLE_ASSIGNMENT((#1969));
#1971=STYLED_ITEM('',(#1970),#1963);
#1972=ADVANCED_FACE('',(#7168),#7170,.T.);
#1973=COLOUR_RGB('',0.156862745098039,0.156862745098039,0.156862745098039);
#1974=FILL_AREA_STYLE_COLOUR('',#1973);
#1975=FILL_AREA_STYLE($,(#1974));
#1976=SURFACE_STYLE_FILL_AREA(#1975);
#1977=SURFACE_SIDE_STYLE('',(#1976));
#1978=SURFACE_STYLE_USAGE(.BOTH.,#1977);
#1979=PRESENTATION_STYLE_ASSIGNMENT((#1978));
#1980=STYLED_ITEM('',(#1979),#1972);
#1981=ADVANCED_FACE('',(#7175),#7177,.T.);
#1982=COLOUR_RGB('',0.156862745098039,0.156862745098039,0.156862745098039);
#1983=FILL_AREA_STYLE_COLOUR('',#1982);
#1984=FILL_AREA_STYLE($,(#1983));
#1985=SURFACE_STYLE_FILL_AREA(#1984);
#1986=SURFACE_SIDE_STYLE('',(#1985));
#1987=SURFACE_STYLE_USAGE(.BOTH.,#1986);
#1988=PRESENTATION_STYLE_ASSIGNMENT((#1987));
#1989=STYLED_ITEM('',(#1988),#1981);
#1990=ADVANCED_FACE('',(#7182),#7184,.T.);
#1991=COLOUR_RGB('',0.156862745098039,0.156862745098039,0.156862745098039);
#1992=FILL_AREA_STYLE_COLOUR('',#1991);
#1993=FILL_AREA_STYLE($,(#1992));
#1994=SURFACE_STYLE_FILL_AREA(#1993);
#1995=SURFACE_SIDE_STYLE('',(#1994));
#1996=SURFACE_STYLE_USAGE(.BOTH.,#1995);
#1997=PRESENTATION_STYLE_ASSIGNMENT((#1996));
#1998=STYLED_ITEM('',(#1997),#1990);
#1999=ADVANCED_FACE('',(#7189),#7191,.T.);
#2000=COLOUR_RGB('',0.156862745098039,0.156862745098039,0.156862745098039);
#2001=FILL_AREA_STYLE_COLOUR('',#2000);
#2002=FILL_AREA_STYLE($,(#2001));
#2003=SURFACE_STYLE_FILL_AREA(#2002);
#2004=SURFACE_SIDE_STYLE('',(#2003));
#2005=SURFACE_STYLE_USAGE(.BOTH.,#2004);
#2006=PRESENTATION_STYLE_ASSIGNMENT((#2005));
#2007=STYLED_ITEM('',(#2006),#1999);
#2008=ADVANCED_FACE('',(#7196),#7198,.T.);
#2009=COLOUR_RGB('',0.156862745098039,0.156862745098039,0.156862745098039);
#2010=FILL_AREA_STYLE_COLOUR('',#2009);
#2011=FILL_AREA_STYLE($,(#2010));
#2012=SURFACE_STYLE_FILL_AREA(#2011);
#2013=SURFACE_SIDE_STYLE('',(#2012));
#2014=SURFACE_STYLE_USAGE(.BOTH.,#2013);
#2015=PRESENTATION_STYLE_ASSIGNMENT((#2014));
#2016=STYLED_ITEM('',(#2015),#2008);
#2017=ADVANCED_FACE('',(#7203),#7205,.T.);
#2018=COLOUR_RGB('',0.156862745098039,0.156862745098039,0.156862745098039);
#2019=FILL_AREA_STYLE_COLOUR('',#2018);
#2020=FILL_AREA_STYLE($,(#2019));
#2021=SURFACE_STYLE_FILL_AREA(#2020);
#2022=SURFACE_SIDE_STYLE('',(#2021));
#2023=SURFACE_STYLE_USAGE(.BOTH.,#2022);
#2024=PRESENTATION_STYLE_ASSIGNMENT((#2023));
#2025=STYLED_ITEM('',(#2024),#2017);
#2026=ADVANCED_FACE('',(#7210),#7212,.T.);
#2027=COLOUR_RGB('',0.156862745098039,0.156862745098039,0.156862745098039);
#2028=FILL_AREA_STYLE_COLOUR('',#2027);
#2029=FILL_AREA_STYLE($,(#2028));
#2030=SURFACE_STYLE_FILL_AREA(#2029);
#2031=SURFACE_SIDE_STYLE('',(#2030));
#2032=SURFACE_STYLE_USAGE(.BOTH.,#2031);
#2033=PRESENTATION_STYLE_ASSIGNMENT((#2032));
#2034=STYLED_ITEM('',(#2033),#2026);
#2035=ADVANCED_FACE('',(#7217),#7219,.T.);
#2036=COLOUR_RGB('',0.156862745098039,0.156862745098039,0.156862745098039);
#2037=FILL_AREA_STYLE_COLOUR('',#2036);
#2038=FILL_AREA_STYLE($,(#2037));
#2039=SURFACE_STYLE_FILL_AREA(#2038);
#2040=SURFACE_SIDE_STYLE('',(#2039));
#2041=SURFACE_STYLE_USAGE(.BOTH.,#2040);
#2042=PRESENTATION_STYLE_ASSIGNMENT((#2041));
#2043=STYLED_ITEM('',(#2042),#2035);
#2044=ADVANCED_FACE('',(#7224),#7226,.T.);
#2045=COLOUR_RGB('',0.156862745098039,0.156862745098039,0.156862745098039);
#2046=FILL_AREA_STYLE_COLOUR('',#2045);
#2047=FILL_AREA_STYLE($,(#2046));
#2048=SURFACE_STYLE_FILL_AREA(#2047);
#2049=SURFACE_SIDE_STYLE('',(#2048));
#2050=SURFACE_STYLE_USAGE(.BOTH.,#2049);
#2051=PRESENTATION_STYLE_ASSIGNMENT((#2050));
#2052=STYLED_ITEM('',(#2051),#2044);
#2053=ADVANCED_FACE('',(#7231),#7233,.T.);
#2054=COLOUR_RGB('',0.156862745098039,0.156862745098039,0.156862745098039);
#2055=FILL_AREA_STYLE_COLOUR('',#2054);
#2056=FILL_AREA_STYLE($,(#2055));
#2057=SURFACE_STYLE_FILL_AREA(#2056);
#2058=SURFACE_SIDE_STYLE('',(#2057));
#2059=SURFACE_STYLE_USAGE(.BOTH.,#2058);
#2060=PRESENTATION_STYLE_ASSIGNMENT((#2059));
#2061=STYLED_ITEM('',(#2060),#2053);
#2062=ADVANCED_FACE('',(#7238),#7240,.T.);
#2063=COLOUR_RGB('',0.156862745098039,0.156862745098039,0.156862745098039);
#2064=FILL_AREA_STYLE_COLOUR('',#2063);
#2065=FILL_AREA_STYLE($,(#2064));
#2066=SURFACE_STYLE_FILL_AREA(#2065);
#2067=SURFACE_SIDE_STYLE('',(#2066));
#2068=SURFACE_STYLE_USAGE(.BOTH.,#2067);
#2069=PRESENTATION_STYLE_ASSIGNMENT((#2068));
#2070=STYLED_ITEM('',(#2069),#2062);
#2071=ADVANCED_FACE('',(#7245),#7247,.T.);
#2072=COLOUR_RGB('',0.156862745098039,0.156862745098039,0.156862745098039);
#2073=FILL_AREA_STYLE_COLOUR('',#2072);
#2074=FILL_AREA_STYLE($,(#2073));
#2075=SURFACE_STYLE_FILL_AREA(#2074);
#2076=SURFACE_SIDE_STYLE('',(#2075));
#2077=SURFACE_STYLE_USAGE(.BOTH.,#2076);
#2078=PRESENTATION_STYLE_ASSIGNMENT((#2077));
#2079=STYLED_ITEM('',(#2078),#2071);
#2080=ADVANCED_FACE('',(#7252),#7254,.T.);
#2081=COLOUR_RGB('',0.156862745098039,0.156862745098039,0.156862745098039);
#2082=FILL_AREA_STYLE_COLOUR('',#2081);
#2083=FILL_AREA_STYLE($,(#2082));
#2084=SURFACE_STYLE_FILL_AREA(#2083);
#2085=SURFACE_SIDE_STYLE('',(#2084));
#2086=SURFACE_STYLE_USAGE(.BOTH.,#2085);
#2087=PRESENTATION_STYLE_ASSIGNMENT((#2086));
#2088=STYLED_ITEM('',(#2087),#2080);
#2089=ADVANCED_FACE('',(#7259),#7261,.T.);
#2090=COLOUR_RGB('',0.156862745098039,0.156862745098039,0.156862745098039);
#2091=FILL_AREA_STYLE_COLOUR('',#2090);
#2092=FILL_AREA_STYLE($,(#2091));
#2093=SURFACE_STYLE_FILL_AREA(#2092);
#2094=SURFACE_SIDE_STYLE('',(#2093));
#2095=SURFACE_STYLE_USAGE(.BOTH.,#2094);
#2096=PRESENTATION_STYLE_ASSIGNMENT((#2095));
#2097=STYLED_ITEM('',(#2096),#2089);
#2098=ADVANCED_FACE('',(#7266),#7268,.T.);
#2099=COLOUR_RGB('',0.156862745098039,0.156862745098039,0.156862745098039);
#2100=FILL_AREA_STYLE_COLOUR('',#2099);
#2101=FILL_AREA_STYLE($,(#2100));
#2102=SURFACE_STYLE_FILL_AREA(#2101);
#2103=SURFACE_SIDE_STYLE('',(#2102));
#2104=SURFACE_STYLE_USAGE(.BOTH.,#2103);
#2105=PRESENTATION_STYLE_ASSIGNMENT((#2104));
#2106=STYLED_ITEM('',(#2105),#2098);
#2107=ADVANCED_FACE('',(#7273),#7275,.T.);
#2108=COLOUR_RGB('',0.156862745098039,0.156862745098039,0.156862745098039);
#2109=FILL_AREA_STYLE_COLOUR('',#2108);
#2110=FILL_AREA_STYLE($,(#2109));
#2111=SURFACE_STYLE_FILL_AREA(#2110);
#2112=SURFACE_SIDE_STYLE('',(#2111));
#2113=SURFACE_STYLE_USAGE(.BOTH.,#2112);
#2114=PRESENTATION_STYLE_ASSIGNMENT((#2113));
#2115=STYLED_ITEM('',(#2114),#2107);
#2116=ADVANCED_FACE('',(#7280),#7282,.T.);
#2117=COLOUR_RGB('',0.156862745098039,0.156862745098039,0.156862745098039);
#2118=FILL_AREA_STYLE_COLOUR('',#2117);
#2119=FILL_AREA_STYLE($,(#2118));
#2120=SURFACE_STYLE_FILL_AREA(#2119);
#2121=SURFACE_SIDE_STYLE('',(#2120));
#2122=SURFACE_STYLE_USAGE(.BOTH.,#2121);
#2123=PRESENTATION_STYLE_ASSIGNMENT((#2122));
#2124=STYLED_ITEM('',(#2123),#2116);
#2125=ADVANCED_FACE('',(#7287),#7289,.T.);
#2126=COLOUR_RGB('',0.156862745098039,0.156862745098039,0.156862745098039);
#2127=FILL_AREA_STYLE_COLOUR('',#2126);
#2128=FILL_AREA_STYLE($,(#2127));
#2129=SURFACE_STYLE_FILL_AREA(#2128);
#2130=SURFACE_SIDE_STYLE('',(#2129));
#2131=SURFACE_STYLE_USAGE(.BOTH.,#2130);
#2132=PRESENTATION_STYLE_ASSIGNMENT((#2131));
#2133=STYLED_ITEM('',(#2132),#2125);
#2134=ADVANCED_FACE('',(#7294),#7296,.T.);
#2135=COLOUR_RGB('',0.156862745098039,0.156862745098039,0.156862745098039);
#2136=FILL_AREA_STYLE_COLOUR('',#2135);
#2137=FILL_AREA_STYLE($,(#2136));
#2138=SURFACE_STYLE_FILL_AREA(#2137);
#2139=SURFACE_SIDE_STYLE('',(#2138));
#2140=SURFACE_STYLE_USAGE(.BOTH.,#2139);
#2141=PRESENTATION_STYLE_ASSIGNMENT((#2140));
#2142=STYLED_ITEM('',(#2141),#2134);
#2143=ADVANCED_FACE('',(#7301),#7303,.T.);
#2144=COLOUR_RGB('',0.156862745098039,0.156862745098039,0.156862745098039);
#2145=FILL_AREA_STYLE_COLOUR('',#2144);
#2146=FILL_AREA_STYLE($,(#2145));
#2147=SURFACE_STYLE_FILL_AREA(#2146);
#2148=SURFACE_SIDE_STYLE('',(#2147));
#2149=SURFACE_STYLE_USAGE(.BOTH.,#2148);
#2150=PRESENTATION_STYLE_ASSIGNMENT((#2149));
#2151=STYLED_ITEM('',(#2150),#2143);
#2152=ADVANCED_FACE('',(#7308),#7310,.T.);
#2153=COLOUR_RGB('',0.156862745098039,0.156862745098039,0.156862745098039);
#2154=FILL_AREA_STYLE_COLOUR('',#2153);
#2155=FILL_AREA_STYLE($,(#2154));
#2156=SURFACE_STYLE_FILL_AREA(#2155);
#2157=SURFACE_SIDE_STYLE('',(#2156));
#2158=SURFACE_STYLE_USAGE(.BOTH.,#2157);
#2159=PRESENTATION_STYLE_ASSIGNMENT((#2158));
#2160=STYLED_ITEM('',(#2159),#2152);
#2161=ADVANCED_FACE('',(#7315),#7317,.T.);
#2162=COLOUR_RGB('',0.156862745098039,0.156862745098039,0.156862745098039);
#2163=FILL_AREA_STYLE_COLOUR('',#2162);
#2164=FILL_AREA_STYLE($,(#2163));
#2165=SURFACE_STYLE_FILL_AREA(#2164);
#2166=SURFACE_SIDE_STYLE('',(#2165));
#2167=SURFACE_STYLE_USAGE(.BOTH.,#2166);
#2168=PRESENTATION_STYLE_ASSIGNMENT((#2167));
#2169=STYLED_ITEM('',(#2168),#2161);
#2170=ADVANCED_FACE('',(#7322),#7324,.T.);
#2171=COLOUR_RGB('',0.156862745098039,0.156862745098039,0.156862745098039);
#2172=FILL_AREA_STYLE_COLOUR('',#2171);
#2173=FILL_AREA_STYLE($,(#2172));
#2174=SURFACE_STYLE_FILL_AREA(#2173);
#2175=SURFACE_SIDE_STYLE('',(#2174));
#2176=SURFACE_STYLE_USAGE(.BOTH.,#2175);
#2177=PRESENTATION_STYLE_ASSIGNMENT((#2176));
#2178=STYLED_ITEM('',(#2177),#2170);
#2179=ADVANCED_FACE('',(#7329),#7331,.T.);
#2180=COLOUR_RGB('',0.156862745098039,0.156862745098039,0.156862745098039);
#2181=FILL_AREA_STYLE_COLOUR('',#2180);
#2182=FILL_AREA_STYLE($,(#2181));
#2183=SURFACE_STYLE_FILL_AREA(#2182);
#2184=SURFACE_SIDE_STYLE('',(#2183));
#2185=SURFACE_STYLE_USAGE(.BOTH.,#2184);
#2186=PRESENTATION_STYLE_ASSIGNMENT((#2185));
#2187=STYLED_ITEM('',(#2186),#2179);
#2188=ADVANCED_FACE('',(#7336),#7338,.T.);
#2189=COLOUR_RGB('',0.156862745098039,0.156862745098039,0.156862745098039);
#2190=FILL_AREA_STYLE_COLOUR('',#2189);
#2191=FILL_AREA_STYLE($,(#2190));
#2192=SURFACE_STYLE_FILL_AREA(#2191);
#2193=SURFACE_SIDE_STYLE('',(#2192));
#2194=SURFACE_STYLE_USAGE(.BOTH.,#2193);
#2195=PRESENTATION_STYLE_ASSIGNMENT((#2194));
#2196=STYLED_ITEM('',(#2195),#2188);
#2197=ADVANCED_FACE('',(#7343),#7345,.T.);
#2198=COLOUR_RGB('',0.156862745098039,0.156862745098039,0.156862745098039);
#2199=FILL_AREA_STYLE_COLOUR('',#2198);
#2200=FILL_AREA_STYLE($,(#2199));
#2201=SURFACE_STYLE_FILL_AREA(#2200);
#2202=SURFACE_SIDE_STYLE('',(#2201));
#2203=SURFACE_STYLE_USAGE(.BOTH.,#2202);
#2204=PRESENTATION_STYLE_ASSIGNMENT((#2203));
#2205=STYLED_ITEM('',(#2204),#2197);
#2206=ADVANCED_FACE('',(#7350),#7352,.T.);
#2207=COLOUR_RGB('',0.156862745098039,0.156862745098039,0.156862745098039);
#2208=FILL_AREA_STYLE_COLOUR('',#2207);
#2209=FILL_AREA_STYLE($,(#2208));
#2210=SURFACE_STYLE_FILL_AREA(#2209);
#2211=SURFACE_SIDE_STYLE('',(#2210));
#2212=SURFACE_STYLE_USAGE(.BOTH.,#2211);
#2213=PRESENTATION_STYLE_ASSIGNMENT((#2212));
#2214=STYLED_ITEM('',(#2213),#2206);
#2215=ADVANCED_FACE('',(#7357),#7359,.T.);
#2216=COLOUR_RGB('',0.156862745098039,0.156862745098039,0.156862745098039);
#2217=FILL_AREA_STYLE_COLOUR('',#2216);
#2218=FILL_AREA_STYLE($,(#2217));
#2219=SURFACE_STYLE_FILL_AREA(#2218);
#2220=SURFACE_SIDE_STYLE('',(#2219));
#2221=SURFACE_STYLE_USAGE(.BOTH.,#2220);
#2222=PRESENTATION_STYLE_ASSIGNMENT((#2221));
#2223=STYLED_ITEM('',(#2222),#2215);
#2224=ADVANCED_FACE('',(#7364),#7366,.T.);
#2225=COLOUR_RGB('',0.156862745098039,0.156862745098039,0.156862745098039);
#2226=FILL_AREA_STYLE_COLOUR('',#2225);
#2227=FILL_AREA_STYLE($,(#2226));
#2228=SURFACE_STYLE_FILL_AREA(#2227);
#2229=SURFACE_SIDE_STYLE('',(#2228));
#2230=SURFACE_STYLE_USAGE(.BOTH.,#2229);
#2231=PRESENTATION_STYLE_ASSIGNMENT((#2230));
#2232=STYLED_ITEM('',(#2231),#2224);
#2233=ADVANCED_FACE('',(#7371),#7373,.T.);
#2234=COLOUR_RGB('',0.156862745098039,0.156862745098039,0.156862745098039);
#2235=FILL_AREA_STYLE_COLOUR('',#2234);
#2236=FILL_AREA_STYLE($,(#2235));
#2237=SURFACE_STYLE_FILL_AREA(#2236);
#2238=SURFACE_SIDE_STYLE('',(#2237));
#2239=SURFACE_STYLE_USAGE(.BOTH.,#2238);
#2240=PRESENTATION_STYLE_ASSIGNMENT((#2239));
#2241=STYLED_ITEM('',(#2240),#2233);
#2242=ADVANCED_FACE('',(#7378),#7380,.T.);
#2243=COLOUR_RGB('',0.156862745098039,0.156862745098039,0.156862745098039);
#2244=FILL_AREA_STYLE_COLOUR('',#2243);
#2245=FILL_AREA_STYLE($,(#2244));
#2246=SURFACE_STYLE_FILL_AREA(#2245);
#2247=SURFACE_SIDE_STYLE('',(#2246));
#2248=SURFACE_STYLE_USAGE(.BOTH.,#2247);
#2249=PRESENTATION_STYLE_ASSIGNMENT((#2248));
#2250=STYLED_ITEM('',(#2249),#2242);
#2251=ADVANCED_FACE('',(#7385),#7387,.T.);
#2252=COLOUR_RGB('',0.156862745098039,0.156862745098039,0.156862745098039);
#2253=FILL_AREA_STYLE_COLOUR('',#2252);
#2254=FILL_AREA_STYLE($,(#2253));
#2255=SURFACE_STYLE_FILL_AREA(#2254);
#2256=SURFACE_SIDE_STYLE('',(#2255));
#2257=SURFACE_STYLE_USAGE(.BOTH.,#2256);
#2258=PRESENTATION_STYLE_ASSIGNMENT((#2257));
#2259=STYLED_ITEM('',(#2258),#2251);
#2260=ADVANCED_FACE('',(#7392),#7394,.T.);
#2261=COLOUR_RGB('',0.156862745098039,0.156862745098039,0.156862745098039);
#2262=FILL_AREA_STYLE_COLOUR('',#2261);
#2263=FILL_AREA_STYLE($,(#2262));
#2264=SURFACE_STYLE_FILL_AREA(#2263);
#2265=SURFACE_SIDE_STYLE('',(#2264));
#2266=SURFACE_STYLE_USAGE(.BOTH.,#2265);
#2267=PRESENTATION_STYLE_ASSIGNMENT((#2266));
#2268=STYLED_ITEM('',(#2267),#2260);
#2269=ADVANCED_FACE('',(#7399),#7401,.T.);
#2270=COLOUR_RGB('',0.156862745098039,0.156862745098039,0.156862745098039);
#2271=FILL_AREA_STYLE_COLOUR('',#2270);
#2272=FILL_AREA_STYLE($,(#2271));
#2273=SURFACE_STYLE_FILL_AREA(#2272);
#2274=SURFACE_SIDE_STYLE('',(#2273));
#2275=SURFACE_STYLE_USAGE(.BOTH.,#2274);
#2276=PRESENTATION_STYLE_ASSIGNMENT((#2275));
#2277=STYLED_ITEM('',(#2276),#2269);
#2278=ADVANCED_FACE('',(#7406),#7408,.T.);
#2279=COLOUR_RGB('',0.156862745098039,0.156862745098039,0.156862745098039);
#2280=FILL_AREA_STYLE_COLOUR('',#2279);
#2281=FILL_AREA_STYLE($,(#2280));
#2282=SURFACE_STYLE_FILL_AREA(#2281);
#2283=SURFACE_SIDE_STYLE('',(#2282));
#2284=SURFACE_STYLE_USAGE(.BOTH.,#2283);
#2285=PRESENTATION_STYLE_ASSIGNMENT((#2284));
#2286=STYLED_ITEM('',(#2285),#2278);
#2287=ADVANCED_FACE('',(#7413),#7415,.T.);
#2288=COLOUR_RGB('',0.156862745098039,0.156862745098039,0.156862745098039);
#2289=FILL_AREA_STYLE_COLOUR('',#2288);
#2290=FILL_AREA_STYLE($,(#2289));
#2291=SURFACE_STYLE_FILL_AREA(#2290);
#2292=SURFACE_SIDE_STYLE('',(#2291));
#2293=SURFACE_STYLE_USAGE(.BOTH.,#2292);
#2294=PRESENTATION_STYLE_ASSIGNMENT((#2293));
#2295=STYLED_ITEM('',(#2294),#2287);
#2296=ADVANCED_FACE('',(#7420),#7422,.T.);
#2297=COLOUR_RGB('',0.156862745098039,0.156862745098039,0.156862745098039);
#2298=FILL_AREA_STYLE_COLOUR('',#2297);
#2299=FILL_AREA_STYLE($,(#2298));
#2300=SURFACE_STYLE_FILL_AREA(#2299);
#2301=SURFACE_SIDE_STYLE('',(#2300));
#2302=SURFACE_STYLE_USAGE(.BOTH.,#2301);
#2303=PRESENTATION_STYLE_ASSIGNMENT((#2302));
#2304=STYLED_ITEM('',(#2303),#2296);
#2305=ADVANCED_FACE('',(#7427),#7429,.T.);
#2306=COLOUR_RGB('',0.156862745098039,0.156862745098039,0.156862745098039);
#2307=FILL_AREA_STYLE_COLOUR('',#2306);
#2308=FILL_AREA_STYLE($,(#2307));
#2309=SURFACE_STYLE_FILL_AREA(#2308);
#2310=SURFACE_SIDE_STYLE('',(#2309));
#2311=SURFACE_STYLE_USAGE(.BOTH.,#2310);
#2312=PRESENTATION_STYLE_ASSIGNMENT((#2311));
#2313=STYLED_ITEM('',(#2312),#2305);
#2314=ADVANCED_FACE('',(#7434),#7436,.T.);
#2315=COLOUR_RGB('',0.156862745098039,0.156862745098039,0.156862745098039);
#2316=FILL_AREA_STYLE_COLOUR('',#2315);
#2317=FILL_AREA_STYLE($,(#2316));
#2318=SURFACE_STYLE_FILL_AREA(#2317);
#2319=SURFACE_SIDE_STYLE('',(#2318));
#2320=SURFACE_STYLE_USAGE(.BOTH.,#2319);
#2321=PRESENTATION_STYLE_ASSIGNMENT((#2320));
#2322=STYLED_ITEM('',(#2321),#2314);
#2323=ADVANCED_FACE('',(#7441),#7443,.T.);
#2324=COLOUR_RGB('',0.156862745098039,0.156862745098039,0.156862745098039);
#2325=FILL_AREA_STYLE_COLOUR('',#2324);
#2326=FILL_AREA_STYLE($,(#2325));
#2327=SURFACE_STYLE_FILL_AREA(#2326);
#2328=SURFACE_SIDE_STYLE('',(#2327));
#2329=SURFACE_STYLE_USAGE(.BOTH.,#2328);
#2330=PRESENTATION_STYLE_ASSIGNMENT((#2329));
#2331=STYLED_ITEM('',(#2330),#2323);
#2332=ADVANCED_FACE('',(#7448),#7450,.T.);
#2333=COLOUR_RGB('',0.156862745098039,0.156862745098039,0.156862745098039);
#2334=FILL_AREA_STYLE_COLOUR('',#2333);
#2335=FILL_AREA_STYLE($,(#2334));
#2336=SURFACE_STYLE_FILL_AREA(#2335);
#2337=SURFACE_SIDE_STYLE('',(#2336));
#2338=SURFACE_STYLE_USAGE(.BOTH.,#2337);
#2339=PRESENTATION_STYLE_ASSIGNMENT((#2338));
#2340=STYLED_ITEM('',(#2339),#2332);
#2341=ADVANCED_FACE('',(#7455),#7457,.T.);
#2342=COLOUR_RGB('',0.156862745098039,0.156862745098039,0.156862745098039);
#2343=FILL_AREA_STYLE_COLOUR('',#2342);
#2344=FILL_AREA_STYLE($,(#2343));
#2345=SURFACE_STYLE_FILL_AREA(#2344);
#2346=SURFACE_SIDE_STYLE('',(#2345));
#2347=SURFACE_STYLE_USAGE(.BOTH.,#2346);
#2348=PRESENTATION_STYLE_ASSIGNMENT((#2347));
#2349=STYLED_ITEM('',(#2348),#2341);
#2350=ADVANCED_FACE('',(#7462),#7464,.T.);
#2351=COLOUR_RGB('',0.156862745098039,0.156862745098039,0.156862745098039);
#2352=FILL_AREA_STYLE_COLOUR('',#2351);
#2353=FILL_AREA_STYLE($,(#2352));
#2354=SURFACE_STYLE_FILL_AREA(#2353);
#2355=SURFACE_SIDE_STYLE('',(#2354));
#2356=SURFACE_STYLE_USAGE(.BOTH.,#2355);
#2357=PRESENTATION_STYLE_ASSIGNMENT((#2356));
#2358=STYLED_ITEM('',(#2357),#2350);
#2359=ADVANCED_FACE('',(#7469),#7471,.T.);
#2360=COLOUR_RGB('',0.156862745098039,0.156862745098039,0.156862745098039);
#2361=FILL_AREA_STYLE_COLOUR('',#2360);
#2362=FILL_AREA_STYLE($,(#2361));
#2363=SURFACE_STYLE_FILL_AREA(#2362);
#2364=SURFACE_SIDE_STYLE('',(#2363));
#2365=SURFACE_STYLE_USAGE(.BOTH.,#2364);
#2366=PRESENTATION_STYLE_ASSIGNMENT((#2365));
#2367=STYLED_ITEM('',(#2366),#2359);
#2368=ADVANCED_FACE('',(#7476),#7478,.T.);
#2369=COLOUR_RGB('',0.156862745098039,0.156862745098039,0.156862745098039);
#2370=FILL_AREA_STYLE_COLOUR('',#2369);
#2371=FILL_AREA_STYLE($,(#2370));
#2372=SURFACE_STYLE_FILL_AREA(#2371);
#2373=SURFACE_SIDE_STYLE('',(#2372));
#2374=SURFACE_STYLE_USAGE(.BOTH.,#2373);
#2375=PRESENTATION_STYLE_ASSIGNMENT((#2374));
#2376=STYLED_ITEM('',(#2375),#2368);
#2377=ADVANCED_FACE('',(#7483),#7485,.T.);
#2378=COLOUR_RGB('',0.156862745098039,0.156862745098039,0.156862745098039);
#2379=FILL_AREA_STYLE_COLOUR('',#2378);
#2380=FILL_AREA_STYLE($,(#2379));
#2381=SURFACE_STYLE_FILL_AREA(#2380);
#2382=SURFACE_SIDE_STYLE('',(#2381));
#2383=SURFACE_STYLE_USAGE(.BOTH.,#2382);
#2384=PRESENTATION_STYLE_ASSIGNMENT((#2383));
#2385=STYLED_ITEM('',(#2384),#2377);
#2386=ADVANCED_FACE('',(#7490),#7492,.T.);
#2387=COLOUR_RGB('',0.156862745098039,0.156862745098039,0.156862745098039);
#2388=FILL_AREA_STYLE_COLOUR('',#2387);
#2389=FILL_AREA_STYLE($,(#2388));
#2390=SURFACE_STYLE_FILL_AREA(#2389);
#2391=SURFACE_SIDE_STYLE('',(#2390));
#2392=SURFACE_STYLE_USAGE(.BOTH.,#2391);
#2393=PRESENTATION_STYLE_ASSIGNMENT((#2392));
#2394=STYLED_ITEM('',(#2393),#2386);
#2395=ADVANCED_FACE('',(#7497),#7499,.T.);
#2396=COLOUR_RGB('',0.156862745098039,0.156862745098039,0.156862745098039);
#2397=FILL_AREA_STYLE_COLOUR('',#2396);
#2398=FILL_AREA_STYLE($,(#2397));
#2399=SURFACE_STYLE_FILL_AREA(#2398);
#2400=SURFACE_SIDE_STYLE('',(#2399));
#2401=SURFACE_STYLE_USAGE(.BOTH.,#2400);
#2402=PRESENTATION_STYLE_ASSIGNMENT((#2401));
#2403=STYLED_ITEM('',(#2402),#2395);
#2404=ADVANCED_FACE('',(#7504),#7506,.T.);
#2405=COLOUR_RGB('',0.156862745098039,0.156862745098039,0.156862745098039);
#2406=FILL_AREA_STYLE_COLOUR('',#2405);
#2407=FILL_AREA_STYLE($,(#2406));
#2408=SURFACE_STYLE_FILL_AREA(#2407);
#2409=SURFACE_SIDE_STYLE('',(#2408));
#2410=SURFACE_STYLE_USAGE(.BOTH.,#2409);
#2411=PRESENTATION_STYLE_ASSIGNMENT((#2410));
#2412=STYLED_ITEM('',(#2411),#2404);
#2413=ADVANCED_FACE('',(#7511),#7513,.T.);
#2414=COLOUR_RGB('',0.156862745098039,0.156862745098039,0.156862745098039);
#2415=FILL_AREA_STYLE_COLOUR('',#2414);
#2416=FILL_AREA_STYLE($,(#2415));
#2417=SURFACE_STYLE_FILL_AREA(#2416);
#2418=SURFACE_SIDE_STYLE('',(#2417));
#2419=SURFACE_STYLE_USAGE(.BOTH.,#2418);
#2420=PRESENTATION_STYLE_ASSIGNMENT((#2419));
#2421=STYLED_ITEM('',(#2420),#2413);
#2422=ADVANCED_FACE('',(#7518),#7520,.T.);
#2423=COLOUR_RGB('',0.156862745098039,0.156862745098039,0.156862745098039);
#2424=FILL_AREA_STYLE_COLOUR('',#2423);
#2425=FILL_AREA_STYLE($,(#2424));
#2426=SURFACE_STYLE_FILL_AREA(#2425);
#2427=SURFACE_SIDE_STYLE('',(#2426));
#2428=SURFACE_STYLE_USAGE(.BOTH.,#2427);
#2429=PRESENTATION_STYLE_ASSIGNMENT((#2428));
#2430=STYLED_ITEM('',(#2429),#2422);
#2431=ADVANCED_FACE('',(#7525),#7527,.T.);
#2432=COLOUR_RGB('',0.156862745098039,0.156862745098039,0.156862745098039);
#2433=FILL_AREA_STYLE_COLOUR('',#2432);
#2434=FILL_AREA_STYLE($,(#2433));
#2435=SURFACE_STYLE_FILL_AREA(#2434);
#2436=SURFACE_SIDE_STYLE('',(#2435));
#2437=SURFACE_STYLE_USAGE(.BOTH.,#2436);
#2438=PRESENTATION_STYLE_ASSIGNMENT((#2437));
#2439=STYLED_ITEM('',(#2438),#2431);
#2440=ADVANCED_FACE('',(#7532),#7534,.T.);
#2441=COLOUR_RGB('',0.156862745098039,0.156862745098039,0.156862745098039);
#2442=FILL_AREA_STYLE_COLOUR('',#2441);
#2443=FILL_AREA_STYLE($,(#2442));
#2444=SURFACE_STYLE_FILL_AREA(#2443);
#2445=SURFACE_SIDE_STYLE('',(#2444));
#2446=SURFACE_STYLE_USAGE(.BOTH.,#2445);
#2447=PRESENTATION_STYLE_ASSIGNMENT((#2446));
#2448=STYLED_ITEM('',(#2447),#2440);
#2449=ADVANCED_FACE('',(#7539),#7541,.T.);
#2450=COLOUR_RGB('',0.156862745098039,0.156862745098039,0.156862745098039);
#2451=FILL_AREA_STYLE_COLOUR('',#2450);
#2452=FILL_AREA_STYLE($,(#2451));
#2453=SURFACE_STYLE_FILL_AREA(#2452);
#2454=SURFACE_SIDE_STYLE('',(#2453));
#2455=SURFACE_STYLE_USAGE(.BOTH.,#2454);
#2456=PRESENTATION_STYLE_ASSIGNMENT((#2455));
#2457=STYLED_ITEM('',(#2456),#2449);
#2458=ADVANCED_FACE('',(#7546),#7548,.T.);
#2459=COLOUR_RGB('',0.156862745098039,0.156862745098039,0.156862745098039);
#2460=FILL_AREA_STYLE_COLOUR('',#2459);
#2461=FILL_AREA_STYLE($,(#2460));
#2462=SURFACE_STYLE_FILL_AREA(#2461);
#2463=SURFACE_SIDE_STYLE('',(#2462));
#2464=SURFACE_STYLE_USAGE(.BOTH.,#2463);
#2465=PRESENTATION_STYLE_ASSIGNMENT((#2464));
#2466=STYLED_ITEM('',(#2465),#2458);
#2467=ADVANCED_FACE('',(#7553),#7555,.T.);
#2468=COLOUR_RGB('',0.156862745098039,0.156862745098039,0.156862745098039);
#2469=FILL_AREA_STYLE_COLOUR('',#2468);
#2470=FILL_AREA_STYLE($,(#2469));
#2471=SURFACE_STYLE_FILL_AREA(#2470);
#2472=SURFACE_SIDE_STYLE('',(#2471));
#2473=SURFACE_STYLE_USAGE(.BOTH.,#2472);
#2474=PRESENTATION_STYLE_ASSIGNMENT((#2473));
#2475=STYLED_ITEM('',(#2474),#2467);
#2476=ADVANCED_FACE('',(#7560),#7562,.T.);
#2477=COLOUR_RGB('',0.156862745098039,0.156862745098039,0.156862745098039);
#2478=FILL_AREA_STYLE_COLOUR('',#2477);
#2479=FILL_AREA_STYLE($,(#2478));
#2480=SURFACE_STYLE_FILL_AREA(#2479);
#2481=SURFACE_SIDE_STYLE('',(#2480));
#2482=SURFACE_STYLE_USAGE(.BOTH.,#2481);
#2483=PRESENTATION_STYLE_ASSIGNMENT((#2482));
#2484=STYLED_ITEM('',(#2483),#2476);
#2485=ADVANCED_FACE('',(#7567),#7569,.T.);
#2486=COLOUR_RGB('',0.156862745098039,0.156862745098039,0.156862745098039);
#2487=FILL_AREA_STYLE_COLOUR('',#2486);
#2488=FILL_AREA_STYLE($,(#2487));
#2489=SURFACE_STYLE_FILL_AREA(#2488);
#2490=SURFACE_SIDE_STYLE('',(#2489));
#2491=SURFACE_STYLE_USAGE(.BOTH.,#2490);
#2492=PRESENTATION_STYLE_ASSIGNMENT((#2491));
#2493=STYLED_ITEM('',(#2492),#2485);
#2494=ADVANCED_FACE('',(#7574),#7576,.T.);
#2495=COLOUR_RGB('',0.156862745098039,0.156862745098039,0.156862745098039);
#2496=FILL_AREA_STYLE_COLOUR('',#2495);
#2497=FILL_AREA_STYLE($,(#2496));
#2498=SURFACE_STYLE_FILL_AREA(#2497);
#2499=SURFACE_SIDE_STYLE('',(#2498));
#2500=SURFACE_STYLE_USAGE(.BOTH.,#2499);
#2501=PRESENTATION_STYLE_ASSIGNMENT((#2500));
#2502=STYLED_ITEM('',(#2501),#2494);
#2503=ADVANCED_FACE('',(#7581),#7583,.T.);
#2504=COLOUR_RGB('',0.156862745098039,0.156862745098039,0.156862745098039);
#2505=FILL_AREA_STYLE_COLOUR('',#2504);
#2506=FILL_AREA_STYLE($,(#2505));
#2507=SURFACE_STYLE_FILL_AREA(#2506);
#2508=SURFACE_SIDE_STYLE('',(#2507));
#2509=SURFACE_STYLE_USAGE(.BOTH.,#2508);
#2510=PRESENTATION_STYLE_ASSIGNMENT((#2509));
#2511=STYLED_ITEM('',(#2510),#2503);
#2512=ADVANCED_FACE('',(#7588),#7590,.T.);
#2513=COLOUR_RGB('',0.156862745098039,0.156862745098039,0.156862745098039);
#2514=FILL_AREA_STYLE_COLOUR('',#2513);
#2515=FILL_AREA_STYLE($,(#2514));
#2516=SURFACE_STYLE_FILL_AREA(#2515);
#2517=SURFACE_SIDE_STYLE('',(#2516));
#2518=SURFACE_STYLE_USAGE(.BOTH.,#2517);
#2519=PRESENTATION_STYLE_ASSIGNMENT((#2518));
#2520=STYLED_ITEM('',(#2519),#2512);
#2521=ADVANCED_FACE('',(#7595),#7597,.T.);
#2522=COLOUR_RGB('',0.156862745098039,0.156862745098039,0.156862745098039);
#2523=FILL_AREA_STYLE_COLOUR('',#2522);
#2524=FILL_AREA_STYLE($,(#2523));
#2525=SURFACE_STYLE_FILL_AREA(#2524);
#2526=SURFACE_SIDE_STYLE('',(#2525));
#2527=SURFACE_STYLE_USAGE(.BOTH.,#2526);
#2528=PRESENTATION_STYLE_ASSIGNMENT((#2527));
#2529=STYLED_ITEM('',(#2528),#2521);
#2530=ADVANCED_FACE('',(#7602),#7604,.T.);
#2531=COLOUR_RGB('',0.156862745098039,0.156862745098039,0.156862745098039);
#2532=FILL_AREA_STYLE_COLOUR('',#2531);
#2533=FILL_AREA_STYLE($,(#2532));
#2534=SURFACE_STYLE_FILL_AREA(#2533);
#2535=SURFACE_SIDE_STYLE('',(#2534));
#2536=SURFACE_STYLE_USAGE(.BOTH.,#2535);
#2537=PRESENTATION_STYLE_ASSIGNMENT((#2536));
#2538=STYLED_ITEM('',(#2537),#2530);
#2539=ADVANCED_FACE('',(#7609),#7611,.T.);
#2540=COLOUR_RGB('',0.156862745098039,0.156862745098039,0.156862745098039);
#2541=FILL_AREA_STYLE_COLOUR('',#2540);
#2542=FILL_AREA_STYLE($,(#2541));
#2543=SURFACE_STYLE_FILL_AREA(#2542);
#2544=SURFACE_SIDE_STYLE('',(#2543));
#2545=SURFACE_STYLE_USAGE(.BOTH.,#2544);
#2546=PRESENTATION_STYLE_ASSIGNMENT((#2545));
#2547=STYLED_ITEM('',(#2546),#2539);
#2548=ADVANCED_FACE('',(#7616),#7618,.T.);
#2549=COLOUR_RGB('',0.156862745098039,0.156862745098039,0.156862745098039);
#2550=FILL_AREA_STYLE_COLOUR('',#2549);
#2551=FILL_AREA_STYLE($,(#2550));
#2552=SURFACE_STYLE_FILL_AREA(#2551);
#2553=SURFACE_SIDE_STYLE('',(#2552));
#2554=SURFACE_STYLE_USAGE(.BOTH.,#2553);
#2555=PRESENTATION_STYLE_ASSIGNMENT((#2554));
#2556=STYLED_ITEM('',(#2555),#2548);
#2557=ADVANCED_FACE('',(#7623),#7625,.T.);
#2558=COLOUR_RGB('',0.156862745098039,0.156862745098039,0.156862745098039);
#2559=FILL_AREA_STYLE_COLOUR('',#2558);
#2560=FILL_AREA_STYLE($,(#2559));
#2561=SURFACE_STYLE_FILL_AREA(#2560);
#2562=SURFACE_SIDE_STYLE('',(#2561));
#2563=SURFACE_STYLE_USAGE(.BOTH.,#2562);
#2564=PRESENTATION_STYLE_ASSIGNMENT((#2563));
#2565=STYLED_ITEM('',(#2564),#2557);
#2566=ADVANCED_FACE('',(#7630),#7632,.T.);
#2567=COLOUR_RGB('',0.156862745098039,0.156862745098039,0.156862745098039);
#2568=FILL_AREA_STYLE_COLOUR('',#2567);
#2569=FILL_AREA_STYLE($,(#2568));
#2570=SURFACE_STYLE_FILL_AREA(#2569);
#2571=SURFACE_SIDE_STYLE('',(#2570));
#2572=SURFACE_STYLE_USAGE(.BOTH.,#2571);
#2573=PRESENTATION_STYLE_ASSIGNMENT((#2572));
#2574=STYLED_ITEM('',(#2573),#2566);
#2575=ADVANCED_FACE('',(#7637),#7639,.T.);
#2576=COLOUR_RGB('',0.156862745098039,0.156862745098039,0.156862745098039);
#2577=FILL_AREA_STYLE_COLOUR('',#2576);
#2578=FILL_AREA_STYLE($,(#2577));
#2579=SURFACE_STYLE_FILL_AREA(#2578);
#2580=SURFACE_SIDE_STYLE('',(#2579));
#2581=SURFACE_STYLE_USAGE(.BOTH.,#2580);
#2582=PRESENTATION_STYLE_ASSIGNMENT((#2581));
#2583=STYLED_ITEM('',(#2582),#2575);
#2584=ADVANCED_FACE('',(#7644),#7646,.T.);
#2585=COLOUR_RGB('',0.156862745098039,0.156862745098039,0.156862745098039);
#2586=FILL_AREA_STYLE_COLOUR('',#2585);
#2587=FILL_AREA_STYLE($,(#2586));
#2588=SURFACE_STYLE_FILL_AREA(#2587);
#2589=SURFACE_SIDE_STYLE('',(#2588));
#2590=SURFACE_STYLE_USAGE(.BOTH.,#2589);
#2591=PRESENTATION_STYLE_ASSIGNMENT((#2590));
#2592=STYLED_ITEM('',(#2591),#2584);
#2593=ADVANCED_FACE('',(#7651),#7653,.T.);
#2594=COLOUR_RGB('',0.156862745098039,0.156862745098039,0.156862745098039);
#2595=FILL_AREA_STYLE_COLOUR('',#2594);
#2596=FILL_AREA_STYLE($,(#2595));
#2597=SURFACE_STYLE_FILL_AREA(#2596);
#2598=SURFACE_SIDE_STYLE('',(#2597));
#2599=SURFACE_STYLE_USAGE(.BOTH.,#2598);
#2600=PRESENTATION_STYLE_ASSIGNMENT((#2599));
#2601=STYLED_ITEM('',(#2600),#2593);
#2602=ADVANCED_FACE('',(#7658),#7660,.T.);
#2603=COLOUR_RGB('',0.156862745098039,0.156862745098039,0.156862745098039);
#2604=FILL_AREA_STYLE_COLOUR('',#2603);
#2605=FILL_AREA_STYLE($,(#2604));
#2606=SURFACE_STYLE_FILL_AREA(#2605);
#2607=SURFACE_SIDE_STYLE('',(#2606));
#2608=SURFACE_STYLE_USAGE(.BOTH.,#2607);
#2609=PRESENTATION_STYLE_ASSIGNMENT((#2608));
#2610=STYLED_ITEM('',(#2609),#2602);
#2611=ADVANCED_FACE('',(#7665),#7667,.T.);
#2612=COLOUR_RGB('',0.156862745098039,0.156862745098039,0.156862745098039);
#2613=FILL_AREA_STYLE_COLOUR('',#2612);
#2614=FILL_AREA_STYLE($,(#2613));
#2615=SURFACE_STYLE_FILL_AREA(#2614);
#2616=SURFACE_SIDE_STYLE('',(#2615));
#2617=SURFACE_STYLE_USAGE(.BOTH.,#2616);
#2618=PRESENTATION_STYLE_ASSIGNMENT((#2617));
#2619=STYLED_ITEM('',(#2618),#2611);
#2620=ADVANCED_FACE('',(#7672),#7674,.T.);
#2621=COLOUR_RGB('',0.156862745098039,0.156862745098039,0.156862745098039);
#2622=FILL_AREA_STYLE_COLOUR('',#2621);
#2623=FILL_AREA_STYLE($,(#2622));
#2624=SURFACE_STYLE_FILL_AREA(#2623);
#2625=SURFACE_SIDE_STYLE('',(#2624));
#2626=SURFACE_STYLE_USAGE(.BOTH.,#2625);
#2627=PRESENTATION_STYLE_ASSIGNMENT((#2626));
#2628=STYLED_ITEM('',(#2627),#2620);
#2629=ADVANCED_FACE('',(#7679),#7681,.T.);
#2630=COLOUR_RGB('',0.156862745098039,0.156862745098039,0.156862745098039);
#2631=FILL_AREA_STYLE_COLOUR('',#2630);
#2632=FILL_AREA_STYLE($,(#2631));
#2633=SURFACE_STYLE_FILL_AREA(#2632);
#2634=SURFACE_SIDE_STYLE('',(#2633));
#2635=SURFACE_STYLE_USAGE(.BOTH.,#2634);
#2636=PRESENTATION_STYLE_ASSIGNMENT((#2635));
#2637=STYLED_ITEM('',(#2636),#2629);
#2638=ADVANCED_FACE('',(#7686),#7688,.T.);
#2639=COLOUR_RGB('',0.156862745098039,0.156862745098039,0.156862745098039);
#2640=FILL_AREA_STYLE_COLOUR('',#2639);
#2641=FILL_AREA_STYLE($,(#2640));
#2642=SURFACE_STYLE_FILL_AREA(#2641);
#2643=SURFACE_SIDE_STYLE('',(#2642));
#2644=SURFACE_STYLE_USAGE(.BOTH.,#2643);
#2645=PRESENTATION_STYLE_ASSIGNMENT((#2644));
#2646=STYLED_ITEM('',(#2645),#2638);
#2647=ADVANCED_FACE('',(#7693),#7695,.T.);
#2648=COLOUR_RGB('',0.156862745098039,0.156862745098039,0.156862745098039);
#2649=FILL_AREA_STYLE_COLOUR('',#2648);
#2650=FILL_AREA_STYLE($,(#2649));
#2651=SURFACE_STYLE_FILL_AREA(#2650);
#2652=SURFACE_SIDE_STYLE('',(#2651));
#2653=SURFACE_STYLE_USAGE(.BOTH.,#2652);
#2654=PRESENTATION_STYLE_ASSIGNMENT((#2653));
#2655=STYLED_ITEM('',(#2654),#2647);
#2656=ADVANCED_FACE('',(#7700),#7702,.T.);
#2657=COLOUR_RGB('',0.156862745098039,0.156862745098039,0.156862745098039);
#2658=FILL_AREA_STYLE_COLOUR('',#2657);
#2659=FILL_AREA_STYLE($,(#2658));
#2660=SURFACE_STYLE_FILL_AREA(#2659);
#2661=SURFACE_SIDE_STYLE('',(#2660));
#2662=SURFACE_STYLE_USAGE(.BOTH.,#2661);
#2663=PRESENTATION_STYLE_ASSIGNMENT((#2662));
#2664=STYLED_ITEM('',(#2663),#2656);
#2665=ADVANCED_FACE('',(#7707),#7709,.T.);
#2666=COLOUR_RGB('',0.156862745098039,0.156862745098039,0.156862745098039);
#2667=FILL_AREA_STYLE_COLOUR('',#2666);
#2668=FILL_AREA_STYLE($,(#2667));
#2669=SURFACE_STYLE_FILL_AREA(#2668);
#2670=SURFACE_SIDE_STYLE('',(#2669));
#2671=SURFACE_STYLE_USAGE(.BOTH.,#2670);
#2672=PRESENTATION_STYLE_ASSIGNMENT((#2671));
#2673=STYLED_ITEM('',(#2672),#2665);
#2674=ADVANCED_FACE('',(#7714),#7716,.T.);
#2675=COLOUR_RGB('',0.156862745098039,0.156862745098039,0.156862745098039);
#2676=FILL_AREA_STYLE_COLOUR('',#2675);
#2677=FILL_AREA_STYLE($,(#2676));
#2678=SURFACE_STYLE_FILL_AREA(#2677);
#2679=SURFACE_SIDE_STYLE('',(#2678));
#2680=SURFACE_STYLE_USAGE(.BOTH.,#2679);
#2681=PRESENTATION_STYLE_ASSIGNMENT((#2680));
#2682=STYLED_ITEM('',(#2681),#2674);
#2683=ADVANCED_FACE('',(#7721),#7723,.T.);
#2684=COLOUR_RGB('',0.156862745098039,0.156862745098039,0.156862745098039);
#2685=FILL_AREA_STYLE_COLOUR('',#2684);
#2686=FILL_AREA_STYLE($,(#2685));
#2687=SURFACE_STYLE_FILL_AREA(#2686);
#2688=SURFACE_SIDE_STYLE('',(#2687));
#2689=SURFACE_STYLE_USAGE(.BOTH.,#2688);
#2690=PRESENTATION_STYLE_ASSIGNMENT((#2689));
#2691=STYLED_ITEM('',(#2690),#2683);
#2692=ADVANCED_FACE('',(#7728),#7730,.T.);
#2693=COLOUR_RGB('',0.156862745098039,0.156862745098039,0.156862745098039);
#2694=FILL_AREA_STYLE_COLOUR('',#2693);
#2695=FILL_AREA_STYLE($,(#2694));
#2696=SURFACE_STYLE_FILL_AREA(#2695);
#2697=SURFACE_SIDE_STYLE('',(#2696));
#2698=SURFACE_STYLE_USAGE(.BOTH.,#2697);
#2699=PRESENTATION_STYLE_ASSIGNMENT((#2698));
#2700=STYLED_ITEM('',(#2699),#2692);
#2701=ADVANCED_FACE('',(#7735),#7737,.T.);
#2702=COLOUR_RGB('',0.156862745098039,0.156862745098039,0.156862745098039);
#2703=FILL_AREA_STYLE_COLOUR('',#2702);
#2704=FILL_AREA_STYLE($,(#2703));
#2705=SURFACE_STYLE_FILL_AREA(#2704);
#2706=SURFACE_SIDE_STYLE('',(#2705));
#2707=SURFACE_STYLE_USAGE(.BOTH.,#2706);
#2708=PRESENTATION_STYLE_ASSIGNMENT((#2707));
#2709=STYLED_ITEM('',(#2708),#2701);
#2710=ADVANCED_FACE('',(#7742),#7744,.T.);
#2711=COLOUR_RGB('',0.156862745098039,0.156862745098039,0.156862745098039);
#2712=FILL_AREA_STYLE_COLOUR('',#2711);
#2713=FILL_AREA_STYLE($,(#2712));
#2714=SURFACE_STYLE_FILL_AREA(#2713);
#2715=SURFACE_SIDE_STYLE('',(#2714));
#2716=SURFACE_STYLE_USAGE(.BOTH.,#2715);
#2717=PRESENTATION_STYLE_ASSIGNMENT((#2716));
#2718=STYLED_ITEM('',(#2717),#2710);
#2719=ADVANCED_FACE('',(#7749),#7751,.T.);
#2720=COLOUR_RGB('',0.156862745098039,0.156862745098039,0.156862745098039);
#2721=FILL_AREA_STYLE_COLOUR('',#2720);
#2722=FILL_AREA_STYLE($,(#2721));
#2723=SURFACE_STYLE_FILL_AREA(#2722);
#2724=SURFACE_SIDE_STYLE('',(#2723));
#2725=SURFACE_STYLE_USAGE(.BOTH.,#2724);
#2726=PRESENTATION_STYLE_ASSIGNMENT((#2725));
#2727=STYLED_ITEM('',(#2726),#2719);
#2728=ADVANCED_FACE('',(#7756),#7758,.T.);
#2729=COLOUR_RGB('',0.156862745098039,0.156862745098039,0.156862745098039);
#2730=FILL_AREA_STYLE_COLOUR('',#2729);
#2731=FILL_AREA_STYLE($,(#2730));
#2732=SURFACE_STYLE_FILL_AREA(#2731);
#2733=SURFACE_SIDE_STYLE('',(#2732));
#2734=SURFACE_STYLE_USAGE(.BOTH.,#2733);
#2735=PRESENTATION_STYLE_ASSIGNMENT((#2734));
#2736=STYLED_ITEM('',(#2735),#2728);
#2737=ADVANCED_FACE('',(#7763),#7765,.T.);
#2738=COLOUR_RGB('',0.156862745098039,0.156862745098039,0.156862745098039);
#2739=FILL_AREA_STYLE_COLOUR('',#2738);
#2740=FILL_AREA_STYLE($,(#2739));
#2741=SURFACE_STYLE_FILL_AREA(#2740);
#2742=SURFACE_SIDE_STYLE('',(#2741));
#2743=SURFACE_STYLE_USAGE(.BOTH.,#2742);
#2744=PRESENTATION_STYLE_ASSIGNMENT((#2743));
#2745=STYLED_ITEM('',(#2744),#2737);
#2746=ADVANCED_FACE('',(#7770),#7772,.T.);
#2747=COLOUR_RGB('',0.156862745098039,0.156862745098039,0.156862745098039);
#2748=FILL_AREA_STYLE_COLOUR('',#2747);
#2749=FILL_AREA_STYLE($,(#2748));
#2750=SURFACE_STYLE_FILL_AREA(#2749);
#2751=SURFACE_SIDE_STYLE('',(#2750));
#2752=SURFACE_STYLE_USAGE(.BOTH.,#2751);
#2753=PRESENTATION_STYLE_ASSIGNMENT((#2752));
#2754=STYLED_ITEM('',(#2753),#2746);
#2755=ADVANCED_FACE('',(#7777),#7779,.T.);
#2756=COLOUR_RGB('',0.156862745098039,0.156862745098039,0.156862745098039);
#2757=FILL_AREA_STYLE_COLOUR('',#2756);
#2758=FILL_AREA_STYLE($,(#2757));
#2759=SURFACE_STYLE_FILL_AREA(#2758);
#2760=SURFACE_SIDE_STYLE('',(#2759));
#2761=SURFACE_STYLE_USAGE(.BOTH.,#2760);
#2762=PRESENTATION_STYLE_ASSIGNMENT((#2761));
#2763=STYLED_ITEM('',(#2762),#2755);
#2764=ADVANCED_FACE('',(#7784),#7786,.T.);
#2765=COLOUR_RGB('',0.156862745098039,0.156862745098039,0.156862745098039);
#2766=FILL_AREA_STYLE_COLOUR('',#2765);
#2767=FILL_AREA_STYLE($,(#2766));
#2768=SURFACE_STYLE_FILL_AREA(#2767);
#2769=SURFACE_SIDE_STYLE('',(#2768));
#2770=SURFACE_STYLE_USAGE(.BOTH.,#2769);
#2771=PRESENTATION_STYLE_ASSIGNMENT((#2770));
#2772=STYLED_ITEM('',(#2771),#2764);
#2773=ADVANCED_FACE('',(#7791),#7793,.T.);
#2774=COLOUR_RGB('',0.156862745098039,0.156862745098039,0.156862745098039);
#2775=FILL_AREA_STYLE_COLOUR('',#2774);
#2776=FILL_AREA_STYLE($,(#2775));
#2777=SURFACE_STYLE_FILL_AREA(#2776);
#2778=SURFACE_SIDE_STYLE('',(#2777));
#2779=SURFACE_STYLE_USAGE(.BOTH.,#2778);
#2780=PRESENTATION_STYLE_ASSIGNMENT((#2779));
#2781=STYLED_ITEM('',(#2780),#2773);
#2782=ADVANCED_FACE('',(#7798),#7800,.T.);
#2783=COLOUR_RGB('',0.156862745098039,0.156862745098039,0.156862745098039);
#2784=FILL_AREA_STYLE_COLOUR('',#2783);
#2785=FILL_AREA_STYLE($,(#2784));
#2786=SURFACE_STYLE_FILL_AREA(#2785);
#2787=SURFACE_SIDE_STYLE('',(#2786));
#2788=SURFACE_STYLE_USAGE(.BOTH.,#2787);
#2789=PRESENTATION_STYLE_ASSIGNMENT((#2788));
#2790=STYLED_ITEM('',(#2789),#2782);
#2791=ADVANCED_FACE('',(#7805),#7807,.T.);
#2792=COLOUR_RGB('',0.156862745098039,0.156862745098039,0.156862745098039);
#2793=FILL_AREA_STYLE_COLOUR('',#2792);
#2794=FILL_AREA_STYLE($,(#2793));
#2795=SURFACE_STYLE_FILL_AREA(#2794);
#2796=SURFACE_SIDE_STYLE('',(#2795));
#2797=SURFACE_STYLE_USAGE(.BOTH.,#2796);
#2798=PRESENTATION_STYLE_ASSIGNMENT((#2797));
#2799=STYLED_ITEM('',(#2798),#2791);
#2800=ADVANCED_FACE('',(#7812),#7814,.T.);
#2801=COLOUR_RGB('',0.156862745098039,0.156862745098039,0.156862745098039);
#2802=FILL_AREA_STYLE_COLOUR('',#2801);
#2803=FILL_AREA_STYLE($,(#2802));
#2804=SURFACE_STYLE_FILL_AREA(#2803);
#2805=SURFACE_SIDE_STYLE('',(#2804));
#2806=SURFACE_STYLE_USAGE(.BOTH.,#2805);
#2807=PRESENTATION_STYLE_ASSIGNMENT((#2806));
#2808=STYLED_ITEM('',(#2807),#2800);
#2809=ADVANCED_FACE('',(#7819),#7821,.T.);
#2810=COLOUR_RGB('',0.156862745098039,0.156862745098039,0.156862745098039);
#2811=FILL_AREA_STYLE_COLOUR('',#2810);
#2812=FILL_AREA_STYLE($,(#2811));
#2813=SURFACE_STYLE_FILL_AREA(#2812);
#2814=SURFACE_SIDE_STYLE('',(#2813));
#2815=SURFACE_STYLE_USAGE(.BOTH.,#2814);
#2816=PRESENTATION_STYLE_ASSIGNMENT((#2815));
#2817=STYLED_ITEM('',(#2816),#2809);
#2818=ADVANCED_FACE('',(#7826),#7828,.T.);
#2819=COLOUR_RGB('',0.156862745098039,0.156862745098039,0.156862745098039);
#2820=FILL_AREA_STYLE_COLOUR('',#2819);
#2821=FILL_AREA_STYLE($,(#2820));
#2822=SURFACE_STYLE_FILL_AREA(#2821);
#2823=SURFACE_SIDE_STYLE('',(#2822));
#2824=SURFACE_STYLE_USAGE(.BOTH.,#2823);
#2825=PRESENTATION_STYLE_ASSIGNMENT((#2824));
#2826=STYLED_ITEM('',(#2825),#2818);
#2827=ADVANCED_FACE('',(#7833),#7835,.T.);
#2828=COLOUR_RGB('',0.156862745098039,0.156862745098039,0.156862745098039);
#2829=FILL_AREA_STYLE_COLOUR('',#2828);
#2830=FILL_AREA_STYLE($,(#2829));
#2831=SURFACE_STYLE_FILL_AREA(#2830);
#2832=SURFACE_SIDE_STYLE('',(#2831));
#2833=SURFACE_STYLE_USAGE(.BOTH.,#2832);
#2834=PRESENTATION_STYLE_ASSIGNMENT((#2833));
#2835=STYLED_ITEM('',(#2834),#2827);
#2836=ADVANCED_FACE('',(#7840),#7842,.T.);
#2837=COLOUR_RGB('',0.156862745098039,0.156862745098039,0.156862745098039);
#2838=FILL_AREA_STYLE_COLOUR('',#2837);
#2839=FILL_AREA_STYLE($,(#2838));
#2840=SURFACE_STYLE_FILL_AREA(#2839);
#2841=SURFACE_SIDE_STYLE('',(#2840));
#2842=SURFACE_STYLE_USAGE(.BOTH.,#2841);
#2843=PRESENTATION_STYLE_ASSIGNMENT((#2842));
#2844=STYLED_ITEM('',(#2843),#2836);
#2845=ADVANCED_FACE('',(#7847),#7849,.T.);
#2846=COLOUR_RGB('',0.156862745098039,0.156862745098039,0.156862745098039);
#2847=FILL_AREA_STYLE_COLOUR('',#2846);
#2848=FILL_AREA_STYLE($,(#2847));
#2849=SURFACE_STYLE_FILL_AREA(#2848);
#2850=SURFACE_SIDE_STYLE('',(#2849));
#2851=SURFACE_STYLE_USAGE(.BOTH.,#2850);
#2852=PRESENTATION_STYLE_ASSIGNMENT((#2851));
#2853=STYLED_ITEM('',(#2852),#2845);
#2854=ADVANCED_FACE('',(#7854),#7856,.T.);
#2855=COLOUR_RGB('',0.156862745098039,0.156862745098039,0.156862745098039);
#2856=FILL_AREA_STYLE_COLOUR('',#2855);
#2857=FILL_AREA_STYLE($,(#2856));
#2858=SURFACE_STYLE_FILL_AREA(#2857);
#2859=SURFACE_SIDE_STYLE('',(#2858));
#2860=SURFACE_STYLE_USAGE(.BOTH.,#2859);
#2861=PRESENTATION_STYLE_ASSIGNMENT((#2860));
#2862=STYLED_ITEM('',(#2861),#2854);
#2863=ADVANCED_FACE('',(#7861),#7863,.T.);
#2864=COLOUR_RGB('',0.156862745098039,0.156862745098039,0.156862745098039);
#2865=FILL_AREA_STYLE_COLOUR('',#2864);
#2866=FILL_AREA_STYLE($,(#2865));
#2867=SURFACE_STYLE_FILL_AREA(#2866);
#2868=SURFACE_SIDE_STYLE('',(#2867));
#2869=SURFACE_STYLE_USAGE(.BOTH.,#2868);
#2870=PRESENTATION_STYLE_ASSIGNMENT((#2869));
#2871=STYLED_ITEM('',(#2870),#2863);
#2872=ADVANCED_FACE('',(#7868),#7870,.T.);
#2873=COLOUR_RGB('',0.156862745098039,0.156862745098039,0.156862745098039);
#2874=FILL_AREA_STYLE_COLOUR('',#2873);
#2875=FILL_AREA_STYLE($,(#2874));
#2876=SURFACE_STYLE_FILL_AREA(#2875);
#2877=SURFACE_SIDE_STYLE('',(#2876));
#2878=SURFACE_STYLE_USAGE(.BOTH.,#2877);
#2879=PRESENTATION_STYLE_ASSIGNMENT((#2878));
#2880=STYLED_ITEM('',(#2879),#2872);
#2881=ADVANCED_FACE('',(#7875),#7877,.T.);
#2882=COLOUR_RGB('',0.156862745098039,0.156862745098039,0.156862745098039);
#2883=FILL_AREA_STYLE_COLOUR('',#2882);
#2884=FILL_AREA_STYLE($,(#2883));
#2885=SURFACE_STYLE_FILL_AREA(#2884);
#2886=SURFACE_SIDE_STYLE('',(#2885));
#2887=SURFACE_STYLE_USAGE(.BOTH.,#2886);
#2888=PRESENTATION_STYLE_ASSIGNMENT((#2887));
#2889=STYLED_ITEM('',(#2888),#2881);
#2890=ADVANCED_FACE('',(#7882),#7884,.T.);
#2891=COLOUR_RGB('',0.156862745098039,0.156862745098039,0.156862745098039);
#2892=FILL_AREA_STYLE_COLOUR('',#2891);
#2893=FILL_AREA_STYLE($,(#2892));
#2894=SURFACE_STYLE_FILL_AREA(#2893);
#2895=SURFACE_SIDE_STYLE('',(#2894));
#2896=SURFACE_STYLE_USAGE(.BOTH.,#2895);
#2897=PRESENTATION_STYLE_ASSIGNMENT((#2896));
#2898=STYLED_ITEM('',(#2897),#2890);
#2899=ADVANCED_FACE('',(#7889),#7891,.T.);
#2900=COLOUR_RGB('',0.156862745098039,0.156862745098039,0.156862745098039);
#2901=FILL_AREA_STYLE_COLOUR('',#2900);
#2902=FILL_AREA_STYLE($,(#2901));
#2903=SURFACE_STYLE_FILL_AREA(#2902);
#2904=SURFACE_SIDE_STYLE('',(#2903));
#2905=SURFACE_STYLE_USAGE(.BOTH.,#2904);
#2906=PRESENTATION_STYLE_ASSIGNMENT((#2905));
#2907=STYLED_ITEM('',(#2906),#2899);
#2908=ADVANCED_FACE('',(#7896),#7898,.T.);
#2909=COLOUR_RGB('',0.156862745098039,0.156862745098039,0.156862745098039);
#2910=FILL_AREA_STYLE_COLOUR('',#2909);
#2911=FILL_AREA_STYLE($,(#2910));
#2912=SURFACE_STYLE_FILL_AREA(#2911);
#2913=SURFACE_SIDE_STYLE('',(#2912));
#2914=SURFACE_STYLE_USAGE(.BOTH.,#2913);
#2915=PRESENTATION_STYLE_ASSIGNMENT((#2914));
#2916=STYLED_ITEM('',(#2915),#2908);
#2917=ADVANCED_FACE('',(#7903),#7905,.T.);
#2918=COLOUR_RGB('',0.156862745098039,0.156862745098039,0.156862745098039);
#2919=FILL_AREA_STYLE_COLOUR('',#2918);
#2920=FILL_AREA_STYLE($,(#2919));
#2921=SURFACE_STYLE_FILL_AREA(#2920);
#2922=SURFACE_SIDE_STYLE('',(#2921));
#2923=SURFACE_STYLE_USAGE(.BOTH.,#2922);
#2924=PRESENTATION_STYLE_ASSIGNMENT((#2923));
#2925=STYLED_ITEM('',(#2924),#2917);
#2926=ADVANCED_FACE('',(#7910),#7912,.T.);
#2927=COLOUR_RGB('',0.156862745098039,0.156862745098039,0.156862745098039);
#2928=FILL_AREA_STYLE_COLOUR('',#2927);
#2929=FILL_AREA_STYLE($,(#2928));
#2930=SURFACE_STYLE_FILL_AREA(#2929);
#2931=SURFACE_SIDE_STYLE('',(#2930));
#2932=SURFACE_STYLE_USAGE(.BOTH.,#2931);
#2933=PRESENTATION_STYLE_ASSIGNMENT((#2932));
#2934=STYLED_ITEM('',(#2933),#2926);
#2935=ADVANCED_FACE('',(#7917),#7919,.T.);
#2936=COLOUR_RGB('',0.156862745098039,0.156862745098039,0.156862745098039);
#2937=FILL_AREA_STYLE_COLOUR('',#2936);
#2938=FILL_AREA_STYLE($,(#2937));
#2939=SURFACE_STYLE_FILL_AREA(#2938);
#2940=SURFACE_SIDE_STYLE('',(#2939));
#2941=SURFACE_STYLE_USAGE(.BOTH.,#2940);
#2942=PRESENTATION_STYLE_ASSIGNMENT((#2941));
#2943=STYLED_ITEM('',(#2942),#2935);
#2944=ADVANCED_FACE('',(#7924),#7926,.T.);
#2945=COLOUR_RGB('',0.156862745098039,0.156862745098039,0.156862745098039);
#2946=FILL_AREA_STYLE_COLOUR('',#2945);
#2947=FILL_AREA_STYLE($,(#2946));
#2948=SURFACE_STYLE_FILL_AREA(#2947);
#2949=SURFACE_SIDE_STYLE('',(#2948));
#2950=SURFACE_STYLE_USAGE(.BOTH.,#2949);
#2951=PRESENTATION_STYLE_ASSIGNMENT((#2950));
#2952=STYLED_ITEM('',(#2951),#2944);
#2953=ADVANCED_FACE('',(#7931),#7933,.T.);
#2954=COLOUR_RGB('',0.156862745098039,0.156862745098039,0.156862745098039);
#2955=FILL_AREA_STYLE_COLOUR('',#2954);
#2956=FILL_AREA_STYLE($,(#2955));
#2957=SURFACE_STYLE_FILL_AREA(#2956);
#2958=SURFACE_SIDE_STYLE('',(#2957));
#2959=SURFACE_STYLE_USAGE(.BOTH.,#2958);
#2960=PRESENTATION_STYLE_ASSIGNMENT((#2959));
#2961=STYLED_ITEM('',(#2960),#2953);
#2962=ADVANCED_FACE('',(#7938),#7940,.T.);
#2963=COLOUR_RGB('',0.156862745098039,0.156862745098039,0.156862745098039);
#2964=FILL_AREA_STYLE_COLOUR('',#2963);
#2965=FILL_AREA_STYLE($,(#2964));
#2966=SURFACE_STYLE_FILL_AREA(#2965);
#2967=SURFACE_SIDE_STYLE('',(#2966));
#2968=SURFACE_STYLE_USAGE(.BOTH.,#2967);
#2969=PRESENTATION_STYLE_ASSIGNMENT((#2968));
#2970=STYLED_ITEM('',(#2969),#2962);
#2971=ADVANCED_FACE('',(#7945),#7947,.T.);
#2972=COLOUR_RGB('',0.156862745098039,0.156862745098039,0.156862745098039);
#2973=FILL_AREA_STYLE_COLOUR('',#2972);
#2974=FILL_AREA_STYLE($,(#2973));
#2975=SURFACE_STYLE_FILL_AREA(#2974);
#2976=SURFACE_SIDE_STYLE('',(#2975));
#2977=SURFACE_STYLE_USAGE(.BOTH.,#2976);
#2978=PRESENTATION_STYLE_ASSIGNMENT((#2977));
#2979=STYLED_ITEM('',(#2978),#2971);
#2980=ADVANCED_FACE('',(#7952),#7954,.T.);
#2981=COLOUR_RGB('',0.156862745098039,0.156862745098039,0.156862745098039);
#2982=FILL_AREA_STYLE_COLOUR('',#2981);
#2983=FILL_AREA_STYLE($,(#2982));
#2984=SURFACE_STYLE_FILL_AREA(#2983);
#2985=SURFACE_SIDE_STYLE('',(#2984));
#2986=SURFACE_STYLE_USAGE(.BOTH.,#2985);
#2987=PRESENTATION_STYLE_ASSIGNMENT((#2986));
#2988=STYLED_ITEM('',(#2987),#2980);
#2989=ADVANCED_FACE('',(#7959),#7961,.T.);
#2990=COLOUR_RGB('',0.156862745098039,0.156862745098039,0.156862745098039);
#2991=FILL_AREA_STYLE_COLOUR('',#2990);
#2992=FILL_AREA_STYLE($,(#2991));
#2993=SURFACE_STYLE_FILL_AREA(#2992);
#2994=SURFACE_SIDE_STYLE('',(#2993));
#2995=SURFACE_STYLE_USAGE(.BOTH.,#2994);
#2996=PRESENTATION_STYLE_ASSIGNMENT((#2995));
#2997=STYLED_ITEM('',(#2996),#2989);
#2998=ADVANCED_FACE('',(#7966),#7968,.T.);
#2999=COLOUR_RGB('',0.156862745098039,0.156862745098039,0.156862745098039);
#3000=FILL_AREA_STYLE_COLOUR('',#2999);
#3001=FILL_AREA_STYLE($,(#3000));
#3002=SURFACE_STYLE_FILL_AREA(#3001);
#3003=SURFACE_SIDE_STYLE('',(#3002));
#3004=SURFACE_STYLE_USAGE(.BOTH.,#3003);
#3005=PRESENTATION_STYLE_ASSIGNMENT((#3004));
#3006=STYLED_ITEM('',(#3005),#2998);
#3007=ADVANCED_FACE('',(#7973),#7975,.T.);
#3008=COLOUR_RGB('',0.156862745098039,0.156862745098039,0.156862745098039);
#3009=FILL_AREA_STYLE_COLOUR('',#3008);
#3010=FILL_AREA_STYLE($,(#3009));
#3011=SURFACE_STYLE_FILL_AREA(#3010);
#3012=SURFACE_SIDE_STYLE('',(#3011));
#3013=SURFACE_STYLE_USAGE(.BOTH.,#3012);
#3014=PRESENTATION_STYLE_ASSIGNMENT((#3013));
#3015=STYLED_ITEM('',(#3014),#3007);
#3016=ADVANCED_FACE('',(#7980),#7982,.T.);
#3017=COLOUR_RGB('',0.156862745098039,0.156862745098039,0.156862745098039);
#3018=FILL_AREA_STYLE_COLOUR('',#3017);
#3019=FILL_AREA_STYLE($,(#3018));
#3020=SURFACE_STYLE_FILL_AREA(#3019);
#3021=SURFACE_SIDE_STYLE('',(#3020));
#3022=SURFACE_STYLE_USAGE(.BOTH.,#3021);
#3023=PRESENTATION_STYLE_ASSIGNMENT((#3022));
#3024=STYLED_ITEM('',(#3023),#3016);
#3025=ADVANCED_FACE('',(#7987),#7989,.T.);
#3026=COLOUR_RGB('',0.156862745098039,0.156862745098039,0.156862745098039);
#3027=FILL_AREA_STYLE_COLOUR('',#3026);
#3028=FILL_AREA_STYLE($,(#3027));
#3029=SURFACE_STYLE_FILL_AREA(#3028);
#3030=SURFACE_SIDE_STYLE('',(#3029));
#3031=SURFACE_STYLE_USAGE(.BOTH.,#3030);
#3032=PRESENTATION_STYLE_ASSIGNMENT((#3031));
#3033=STYLED_ITEM('',(#3032),#3025);
#3034=ADVANCED_FACE('',(#7994),#7996,.T.);
#3035=COLOUR_RGB('',0.156862745098039,0.156862745098039,0.156862745098039);
#3036=FILL_AREA_STYLE_COLOUR('',#3035);
#3037=FILL_AREA_STYLE($,(#3036));
#3038=SURFACE_STYLE_FILL_AREA(#3037);
#3039=SURFACE_SIDE_STYLE('',(#3038));
#3040=SURFACE_STYLE_USAGE(.BOTH.,#3039);
#3041=PRESENTATION_STYLE_ASSIGNMENT((#3040));
#3042=STYLED_ITEM('',(#3041),#3034);
#3043=ADVANCED_FACE('',(#8001),#8003,.T.);
#3044=COLOUR_RGB('',0.156862745098039,0.156862745098039,0.156862745098039);
#3045=FILL_AREA_STYLE_COLOUR('',#3044);
#3046=FILL_AREA_STYLE($,(#3045));
#3047=SURFACE_STYLE_FILL_AREA(#3046);
#3048=SURFACE_SIDE_STYLE('',(#3047));
#3049=SURFACE_STYLE_USAGE(.BOTH.,#3048);
#3050=PRESENTATION_STYLE_ASSIGNMENT((#3049));
#3051=STYLED_ITEM('',(#3050),#3043);
#3052=ADVANCED_FACE('',(#8008),#8010,.T.);
#3053=COLOUR_RGB('',0.156862745098039,0.156862745098039,0.156862745098039);
#3054=FILL_AREA_STYLE_COLOUR('',#3053);
#3055=FILL_AREA_STYLE($,(#3054));
#3056=SURFACE_STYLE_FILL_AREA(#3055);
#3057=SURFACE_SIDE_STYLE('',(#3056));
#3058=SURFACE_STYLE_USAGE(.BOTH.,#3057);
#3059=PRESENTATION_STYLE_ASSIGNMENT((#3058));
#3060=STYLED_ITEM('',(#3059),#3052);
#3061=ADVANCED_FACE('',(#8015),#8017,.T.);
#3062=COLOUR_RGB('',0.156862745098039,0.156862745098039,0.156862745098039);
#3063=FILL_AREA_STYLE_COLOUR('',#3062);
#3064=FILL_AREA_STYLE($,(#3063));
#3065=SURFACE_STYLE_FILL_AREA(#3064);
#3066=SURFACE_SIDE_STYLE('',(#3065));
#3067=SURFACE_STYLE_USAGE(.BOTH.,#3066);
#3068=PRESENTATION_STYLE_ASSIGNMENT((#3067));
#3069=STYLED_ITEM('',(#3068),#3061);
#3070=ADVANCED_FACE('',(#8022),#8024,.T.);
#3071=COLOUR_RGB('',0.156862745098039,0.156862745098039,0.156862745098039);
#3072=FILL_AREA_STYLE_COLOUR('',#3071);
#3073=FILL_AREA_STYLE($,(#3072));
#3074=SURFACE_STYLE_FILL_AREA(#3073);
#3075=SURFACE_SIDE_STYLE('',(#3074));
#3076=SURFACE_STYLE_USAGE(.BOTH.,#3075);
#3077=PRESENTATION_STYLE_ASSIGNMENT((#3076));
#3078=STYLED_ITEM('',(#3077),#3070);
#3079=ADVANCED_FACE('',(#8029),#8031,.T.);
#3080=COLOUR_RGB('',0.156862745098039,0.156862745098039,0.156862745098039);
#3081=FILL_AREA_STYLE_COLOUR('',#3080);
#3082=FILL_AREA_STYLE($,(#3081));
#3083=SURFACE_STYLE_FILL_AREA(#3082);
#3084=SURFACE_SIDE_STYLE('',(#3083));
#3085=SURFACE_STYLE_USAGE(.BOTH.,#3084);
#3086=PRESENTATION_STYLE_ASSIGNMENT((#3085));
#3087=STYLED_ITEM('',(#3086),#3079);
#3088=ADVANCED_FACE('',(#8036),#8038,.T.);
#3089=COLOUR_RGB('',0.156862745098039,0.156862745098039,0.156862745098039);
#3090=FILL_AREA_STYLE_COLOUR('',#3089);
#3091=FILL_AREA_STYLE($,(#3090));
#3092=SURFACE_STYLE_FILL_AREA(#3091);
#3093=SURFACE_SIDE_STYLE('',(#3092));
#3094=SURFACE_STYLE_USAGE(.BOTH.,#3093);
#3095=PRESENTATION_STYLE_ASSIGNMENT((#3094));
#3096=STYLED_ITEM('',(#3095),#3088);
#3097=ADVANCED_FACE('',(#8043),#8045,.T.);
#3098=COLOUR_RGB('',0.156862745098039,0.156862745098039,0.156862745098039);
#3099=FILL_AREA_STYLE_COLOUR('',#3098);
#3100=FILL_AREA_STYLE($,(#3099));
#3101=SURFACE_STYLE_FILL_AREA(#3100);
#3102=SURFACE_SIDE_STYLE('',(#3101));
#3103=SURFACE_STYLE_USAGE(.BOTH.,#3102);
#3104=PRESENTATION_STYLE_ASSIGNMENT((#3103));
#3105=STYLED_ITEM('',(#3104),#3097);
#3106=ADVANCED_FACE('',(#8050),#8052,.T.);
#3107=COLOUR_RGB('',0.156862745098039,0.156862745098039,0.156862745098039);
#3108=FILL_AREA_STYLE_COLOUR('',#3107);
#3109=FILL_AREA_STYLE($,(#3108));
#3110=SURFACE_STYLE_FILL_AREA(#3109);
#3111=SURFACE_SIDE_STYLE('',(#3110));
#3112=SURFACE_STYLE_USAGE(.BOTH.,#3111);
#3113=PRESENTATION_STYLE_ASSIGNMENT((#3112));
#3114=STYLED_ITEM('',(#3113),#3106);
#3115=ADVANCED_FACE('',(#8057),#8059,.T.);
#3116=COLOUR_RGB('',0.156862745098039,0.156862745098039,0.156862745098039);
#3117=FILL_AREA_STYLE_COLOUR('',#3116);
#3118=FILL_AREA_STYLE($,(#3117));
#3119=SURFACE_STYLE_FILL_AREA(#3118);
#3120=SURFACE_SIDE_STYLE('',(#3119));
#3121=SURFACE_STYLE_USAGE(.BOTH.,#3120);
#3122=PRESENTATION_STYLE_ASSIGNMENT((#3121));
#3123=STYLED_ITEM('',(#3122),#3115);
#3124=ADVANCED_FACE('',(#8064),#8066,.T.);
#3125=COLOUR_RGB('',0.156862745098039,0.156862745098039,0.156862745098039);
#3126=FILL_AREA_STYLE_COLOUR('',#3125);
#3127=FILL_AREA_STYLE($,(#3126));
#3128=SURFACE_STYLE_FILL_AREA(#3127);
#3129=SURFACE_SIDE_STYLE('',(#3128));
#3130=SURFACE_STYLE_USAGE(.BOTH.,#3129);
#3131=PRESENTATION_STYLE_ASSIGNMENT((#3130));
#3132=STYLED_ITEM('',(#3131),#3124);
#3133=ADVANCED_FACE('',(#8071),#8073,.T.);
#3134=COLOUR_RGB('',0.156862745098039,0.156862745098039,0.156862745098039);
#3135=FILL_AREA_STYLE_COLOUR('',#3134);
#3136=FILL_AREA_STYLE($,(#3135));
#3137=SURFACE_STYLE_FILL_AREA(#3136);
#3138=SURFACE_SIDE_STYLE('',(#3137));
#3139=SURFACE_STYLE_USAGE(.BOTH.,#3138);
#3140=PRESENTATION_STYLE_ASSIGNMENT((#3139));
#3141=STYLED_ITEM('',(#3140),#3133);
#3142=ADVANCED_FACE('',(#8078),#8080,.T.);
#3143=COLOUR_RGB('',0.156862745098039,0.156862745098039,0.156862745098039);
#3144=FILL_AREA_STYLE_COLOUR('',#3143);
#3145=FILL_AREA_STYLE($,(#3144));
#3146=SURFACE_STYLE_FILL_AREA(#3145);
#3147=SURFACE_SIDE_STYLE('',(#3146));
#3148=SURFACE_STYLE_USAGE(.BOTH.,#3147);
#3149=PRESENTATION_STYLE_ASSIGNMENT((#3148));
#3150=STYLED_ITEM('',(#3149),#3142);
#3151=ADVANCED_FACE('',(#8085),#8087,.T.);
#3152=COLOUR_RGB('',0.156862745098039,0.156862745098039,0.156862745098039);
#3153=FILL_AREA_STYLE_COLOUR('',#3152);
#3154=FILL_AREA_STYLE($,(#3153));
#3155=SURFACE_STYLE_FILL_AREA(#3154);
#3156=SURFACE_SIDE_STYLE('',(#3155));
#3157=SURFACE_STYLE_USAGE(.BOTH.,#3156);
#3158=PRESENTATION_STYLE_ASSIGNMENT((#3157));
#3159=STYLED_ITEM('',(#3158),#3151);
#3160=ADVANCED_FACE('',(#8092),#8094,.T.);
#3161=COLOUR_RGB('',0.156862745098039,0.156862745098039,0.156862745098039);
#3162=FILL_AREA_STYLE_COLOUR('',#3161);
#3163=FILL_AREA_STYLE($,(#3162));
#3164=SURFACE_STYLE_FILL_AREA(#3163);
#3165=SURFACE_SIDE_STYLE('',(#3164));
#3166=SURFACE_STYLE_USAGE(.BOTH.,#3165);
#3167=PRESENTATION_STYLE_ASSIGNMENT((#3166));
#3168=STYLED_ITEM('',(#3167),#3160);
#3169=ADVANCED_FACE('',(#8099),#8101,.T.);
#3170=COLOUR_RGB('',0.156862745098039,0.156862745098039,0.156862745098039);
#3171=FILL_AREA_STYLE_COLOUR('',#3170);
#3172=FILL_AREA_STYLE($,(#3171));
#3173=SURFACE_STYLE_FILL_AREA(#3172);
#3174=SURFACE_SIDE_STYLE('',(#3173));
#3175=SURFACE_STYLE_USAGE(.BOTH.,#3174);
#3176=PRESENTATION_STYLE_ASSIGNMENT((#3175));
#3177=STYLED_ITEM('',(#3176),#3169);
#3178=ADVANCED_FACE('',(#8106),#8108,.T.);
#3179=COLOUR_RGB('',0.156862745098039,0.156862745098039,0.156862745098039);
#3180=FILL_AREA_STYLE_COLOUR('',#3179);
#3181=FILL_AREA_STYLE($,(#3180));
#3182=SURFACE_STYLE_FILL_AREA(#3181);
#3183=SURFACE_SIDE_STYLE('',(#3182));
#3184=SURFACE_STYLE_USAGE(.BOTH.,#3183);
#3185=PRESENTATION_STYLE_ASSIGNMENT((#3184));
#3186=STYLED_ITEM('',(#3185),#3178);
#3187=ADVANCED_FACE('',(#8113),#8115,.T.);
#3188=COLOUR_RGB('',0.156862745098039,0.156862745098039,0.156862745098039);
#3189=FILL_AREA_STYLE_COLOUR('',#3188);
#3190=FILL_AREA_STYLE($,(#3189));
#3191=SURFACE_STYLE_FILL_AREA(#3190);
#3192=SURFACE_SIDE_STYLE('',(#3191));
#3193=SURFACE_STYLE_USAGE(.BOTH.,#3192);
#3194=PRESENTATION_STYLE_ASSIGNMENT((#3193));
#3195=STYLED_ITEM('',(#3194),#3187);
#3196=ADVANCED_FACE('',(#8120),#8122,.T.);
#3197=COLOUR_RGB('',0.156862745098039,0.156862745098039,0.156862745098039);
#3198=FILL_AREA_STYLE_COLOUR('',#3197);
#3199=FILL_AREA_STYLE($,(#3198));
#3200=SURFACE_STYLE_FILL_AREA(#3199);
#3201=SURFACE_SIDE_STYLE('',(#3200));
#3202=SURFACE_STYLE_USAGE(.BOTH.,#3201);
#3203=PRESENTATION_STYLE_ASSIGNMENT((#3202));
#3204=STYLED_ITEM('',(#3203),#3196);
#3205=ADVANCED_FACE('',(#8127),#8129,.T.);
#3206=COLOUR_RGB('',0.156862745098039,0.156862745098039,0.156862745098039);
#3207=FILL_AREA_STYLE_COLOUR('',#3206);
#3208=FILL_AREA_STYLE($,(#3207));
#3209=SURFACE_STYLE_FILL_AREA(#3208);
#3210=SURFACE_SIDE_STYLE('',(#3209));
#3211=SURFACE_STYLE_USAGE(.BOTH.,#3210);
#3212=PRESENTATION_STYLE_ASSIGNMENT((#3211));
#3213=STYLED_ITEM('',(#3212),#3205);
#3214=ADVANCED_FACE('',(#8134),#8136,.T.);
#3215=COLOUR_RGB('',0.156862745098039,0.156862745098039,0.156862745098039);
#3216=FILL_AREA_STYLE_COLOUR('',#3215);
#3217=FILL_AREA_STYLE($,(#3216));
#3218=SURFACE_STYLE_FILL_AREA(#3217);
#3219=SURFACE_SIDE_STYLE('',(#3218));
#3220=SURFACE_STYLE_USAGE(.BOTH.,#3219);
#3221=PRESENTATION_STYLE_ASSIGNMENT((#3220));
#3222=STYLED_ITEM('',(#3221),#3214);
#3223=ADVANCED_FACE('',(#8141),#8143,.T.);
#3224=COLOUR_RGB('',0.156862745098039,0.156862745098039,0.156862745098039);
#3225=FILL_AREA_STYLE_COLOUR('',#3224);
#3226=FILL_AREA_STYLE($,(#3225));
#3227=SURFACE_STYLE_FILL_AREA(#3226);
#3228=SURFACE_SIDE_STYLE('',(#3227));
#3229=SURFACE_STYLE_USAGE(.BOTH.,#3228);
#3230=PRESENTATION_STYLE_ASSIGNMENT((#3229));
#3231=STYLED_ITEM('',(#3230),#3223);
#3232=ADVANCED_FACE('',(#8148),#8150,.T.);
#3233=COLOUR_RGB('',0.156862745098039,0.156862745098039,0.156862745098039);
#3234=FILL_AREA_STYLE_COLOUR('',#3233);
#3235=FILL_AREA_STYLE($,(#3234));
#3236=SURFACE_STYLE_FILL_AREA(#3235);
#3237=SURFACE_SIDE_STYLE('',(#3236));
#3238=SURFACE_STYLE_USAGE(.BOTH.,#3237);
#3239=PRESENTATION_STYLE_ASSIGNMENT((#3238));
#3240=STYLED_ITEM('',(#3239),#3232);
#3241=ADVANCED_FACE('',(#8155,#8157),#8159,.F.);
#3242=COLOUR_RGB('',0.156862745098039,0.156862745098039,0.156862745098039);
#3243=FILL_AREA_STYLE_COLOUR('',#3242);
#3244=FILL_AREA_STYLE($,(#3243));
#3245=SURFACE_STYLE_FILL_AREA(#3244);
#3246=SURFACE_SIDE_STYLE('',(#3245));
#3247=SURFACE_STYLE_USAGE(.BOTH.,#3246);
#3248=PRESENTATION_STYLE_ASSIGNMENT((#3247));
#3249=STYLED_ITEM('',(#3248),#3241);
#3250=ADVANCED_FACE('',(#8164,#8166),#8168,.F.);
#3251=COLOUR_RGB('',0.156862745098039,0.156862745098039,0.156862745098039);
#3252=FILL_AREA_STYLE_COLOUR('',#3251);
#3253=FILL_AREA_STYLE($,(#3252));
#3254=SURFACE_STYLE_FILL_AREA(#3253);
#3255=SURFACE_SIDE_STYLE('',(#3254));
#3256=SURFACE_STYLE_USAGE(.BOTH.,#3255);
#3257=PRESENTATION_STYLE_ASSIGNMENT((#3256));
#3258=STYLED_ITEM('',(#3257),#3250);
#3259=ADVANCED_FACE('',(#8173,#8175),#8177,.T.);
#3260=COLOUR_RGB('',0.156862745098039,0.156862745098039,0.156862745098039);
#3261=FILL_AREA_STYLE_COLOUR('',#3260);
#3262=FILL_AREA_STYLE($,(#3261));
#3263=SURFACE_STYLE_FILL_AREA(#3262);
#3264=SURFACE_SIDE_STYLE('',(#3263));
#3265=SURFACE_STYLE_USAGE(.BOTH.,#3264);
#3266=PRESENTATION_STYLE_ASSIGNMENT((#3265));
#3267=STYLED_ITEM('',(#3266),#3259);
#3268=ADVANCED_FACE('',(#8182),#8184,.T.);
#3269=COLOUR_RGB('',0.968627450980392,0.87843137254902,0.6);
#3270=FILL_AREA_STYLE_COLOUR('',#3269);
#3271=FILL_AREA_STYLE($,(#3270));
#3272=SURFACE_STYLE_FILL_AREA(#3271);
#3273=SURFACE_SIDE_STYLE('',(#3272));
#3274=SURFACE_STYLE_USAGE(.BOTH.,#3273);
#3275=PRESENTATION_STYLE_ASSIGNMENT((#3274));
#3276=STYLED_ITEM('',(#3275),#3268);
#3277=ADVANCED_FACE('',(#8189,#8191),#8193,.T.);
#3278=COLOUR_RGB('',0.968627450980392,0.87843137254902,0.6);
#3279=FILL_AREA_STYLE_COLOUR('',#3278);
#3280=FILL_AREA_STYLE($,(#3279));
#3281=SURFACE_STYLE_FILL_AREA(#3280);
#3282=SURFACE_SIDE_STYLE('',(#3281));
#3283=SURFACE_STYLE_USAGE(.BOTH.,#3282);
#3284=PRESENTATION_STYLE_ASSIGNMENT((#3283));
#3285=STYLED_ITEM('',(#3284),#3277);
#3286=ADVANCED_FACE('',(#8198,#8200),#8202,.T.);
#3287=COLOUR_RGB('',0.968627450980392,0.87843137254902,0.6);
#3288=FILL_AREA_STYLE_COLOUR('',#3287);
#3289=FILL_AREA_STYLE($,(#3288));
#3290=SURFACE_STYLE_FILL_AREA(#3289);
#3291=SURFACE_SIDE_STYLE('',(#3290));
#3292=SURFACE_STYLE_USAGE(.BOTH.,#3291);
#3293=PRESENTATION_STYLE_ASSIGNMENT((#3292));
#3294=STYLED_ITEM('',(#3293),#3286);
#3295=ADVANCED_FACE('',(#8207,#8209),#8211,.T.);
#3296=COLOUR_RGB('',0.968627450980392,0.87843137254902,0.6);
#3297=FILL_AREA_STYLE_COLOUR('',#3296);
#3298=FILL_AREA_STYLE($,(#3297));
#3299=SURFACE_STYLE_FILL_AREA(#3298);
#3300=SURFACE_SIDE_STYLE('',(#3299));
#3301=SURFACE_STYLE_USAGE(.BOTH.,#3300);
#3302=PRESENTATION_STYLE_ASSIGNMENT((#3301));
#3303=STYLED_ITEM('',(#3302),#3295);
#3304=ADVANCED_FACE('',(#8216,#8218),#8220,.T.);
#3305=COLOUR_RGB('',0.968627450980392,0.87843137254902,0.6);
#3306=FILL_AREA_STYLE_COLOUR('',#3305);
#3307=FILL_AREA_STYLE($,(#3306));
#3308=SURFACE_STYLE_FILL_AREA(#3307);
#3309=SURFACE_SIDE_STYLE('',(#3308));
#3310=SURFACE_STYLE_USAGE(.BOTH.,#3309);
#3311=PRESENTATION_STYLE_ASSIGNMENT((#3310));
#3312=STYLED_ITEM('',(#3311),#3304);
#3313=ADVANCED_FACE('',(#8225,#8227),#8229,.T.);
#3314=COLOUR_RGB('',0.968627450980392,0.87843137254902,0.6);
#3315=FILL_AREA_STYLE_COLOUR('',#3314);
#3316=FILL_AREA_STYLE($,(#3315));
#3317=SURFACE_STYLE_FILL_AREA(#3316);
#3318=SURFACE_SIDE_STYLE('',(#3317));
#3319=SURFACE_STYLE_USAGE(.BOTH.,#3318);
#3320=PRESENTATION_STYLE_ASSIGNMENT((#3319));
#3321=STYLED_ITEM('',(#3320),#3313);
#3322=ADVANCED_FACE('',(#8234,#8236),#8238,.T.);
#3323=COLOUR_RGB('',0.968627450980392,0.87843137254902,0.6);
#3324=FILL_AREA_STYLE_COLOUR('',#3323);
#3325=FILL_AREA_STYLE($,(#3324));
#3326=SURFACE_STYLE_FILL_AREA(#3325);
#3327=SURFACE_SIDE_STYLE('',(#3326));
#3328=SURFACE_STYLE_USAGE(.BOTH.,#3327);
#3329=PRESENTATION_STYLE_ASSIGNMENT((#3328));
#3330=STYLED_ITEM('',(#3329),#3322);
#3331=ADVANCED_FACE('',(#8243,#8245),#8247,.T.);
#3332=COLOUR_RGB('',0.968627450980392,0.87843137254902,0.6);
#3333=FILL_AREA_STYLE_COLOUR('',#3332);
#3334=FILL_AREA_STYLE($,(#3333));
#3335=SURFACE_STYLE_FILL_AREA(#3334);
#3336=SURFACE_SIDE_STYLE('',(#3335));
#3337=SURFACE_STYLE_USAGE(.BOTH.,#3336);
#3338=PRESENTATION_STYLE_ASSIGNMENT((#3337));
#3339=STYLED_ITEM('',(#3338),#3331);
#3340=ADVANCED_FACE('',(#8252),#8254,.T.);
#3341=COLOUR_RGB('',0.968627450980392,0.87843137254902,0.6);
#3342=FILL_AREA_STYLE_COLOUR('',#3341);
#3343=FILL_AREA_STYLE($,(#3342));
#3344=SURFACE_STYLE_FILL_AREA(#3343);
#3345=SURFACE_SIDE_STYLE('',(#3344));
#3346=SURFACE_STYLE_USAGE(.BOTH.,#3345);
#3347=PRESENTATION_STYLE_ASSIGNMENT((#3346));
#3348=STYLED_ITEM('',(#3347),#3340);
#3349=ADVANCED_FACE('',(#8259),#8261,.T.);
#3350=COLOUR_RGB('',0.968627450980392,0.87843137254902,0.6);
#3351=FILL_AREA_STYLE_COLOUR('',#3350);
#3352=FILL_AREA_STYLE($,(#3351));
#3353=SURFACE_STYLE_FILL_AREA(#3352);
#3354=SURFACE_SIDE_STYLE('',(#3353));
#3355=SURFACE_STYLE_USAGE(.BOTH.,#3354);
#3356=PRESENTATION_STYLE_ASSIGNMENT((#3355));
#3357=STYLED_ITEM('',(#3356),#3349);
#3358=ADVANCED_FACE('',(#8266,#8268),#8270,.T.);
#3359=COLOUR_RGB('',0.968627450980392,0.87843137254902,0.6);
#3360=FILL_AREA_STYLE_COLOUR('',#3359);
#3361=FILL_AREA_STYLE($,(#3360));
#3362=SURFACE_STYLE_FILL_AREA(#3361);
#3363=SURFACE_SIDE_STYLE('',(#3362));
#3364=SURFACE_STYLE_USAGE(.BOTH.,#3363);
#3365=PRESENTATION_STYLE_ASSIGNMENT((#3364));
#3366=STYLED_ITEM('',(#3365),#3358);
#3367=ADVANCED_FACE('',(#8275,#8277),#8279,.T.);
#3368=COLOUR_RGB('',0.968627450980392,0.87843137254902,0.6);
#3369=FILL_AREA_STYLE_COLOUR('',#3368);
#3370=FILL_AREA_STYLE($,(#3369));
#3371=SURFACE_STYLE_FILL_AREA(#3370);
#3372=SURFACE_SIDE_STYLE('',(#3371));
#3373=SURFACE_STYLE_USAGE(.BOTH.,#3372);
#3374=PRESENTATION_STYLE_ASSIGNMENT((#3373));
#3375=STYLED_ITEM('',(#3374),#3367);
#3376=ADVANCED_FACE('',(#8284,#8286),#8288,.T.);
#3377=COLOUR_RGB('',0.968627450980392,0.87843137254902,0.6);
#3378=FILL_AREA_STYLE_COLOUR('',#3377);
#3379=FILL_AREA_STYLE($,(#3378));
#3380=SURFACE_STYLE_FILL_AREA(#3379);
#3381=SURFACE_SIDE_STYLE('',(#3380));
#3382=SURFACE_STYLE_USAGE(.BOTH.,#3381);
#3383=PRESENTATION_STYLE_ASSIGNMENT((#3382));
#3384=STYLED_ITEM('',(#3383),#3376);
#3385=ADVANCED_FACE('',(#8293,#8295),#8297,.T.);
#3386=COLOUR_RGB('',0.968627450980392,0.87843137254902,0.6);
#3387=FILL_AREA_STYLE_COLOUR('',#3386);
#3388=FILL_AREA_STYLE($,(#3387));
#3389=SURFACE_STYLE_FILL_AREA(#3388);
#3390=SURFACE_SIDE_STYLE('',(#3389));
#3391=SURFACE_STYLE_USAGE(.BOTH.,#3390);
#3392=PRESENTATION_STYLE_ASSIGNMENT((#3391));
#3393=STYLED_ITEM('',(#3392),#3385);
#3394=ADVANCED_FACE('',(#8302,#8304),#8306,.T.);
#3395=COLOUR_RGB('',0.968627450980392,0.87843137254902,0.6);
#3396=FILL_AREA_STYLE_COLOUR('',#3395);
#3397=FILL_AREA_STYLE($,(#3396));
#3398=SURFACE_STYLE_FILL_AREA(#3397);
#3399=SURFACE_SIDE_STYLE('',(#3398));
#3400=SURFACE_STYLE_USAGE(.BOTH.,#3399);
#3401=PRESENTATION_STYLE_ASSIGNMENT((#3400));
#3402=STYLED_ITEM('',(#3401),#3394);
#3403=ADVANCED_FACE('',(#8311,#8313),#8315,.T.);
#3404=COLOUR_RGB('',0.968627450980392,0.87843137254902,0.6);
#3405=FILL_AREA_STYLE_COLOUR('',#3404);
#3406=FILL_AREA_STYLE($,(#3405));
#3407=SURFACE_STYLE_FILL_AREA(#3406);
#3408=SURFACE_SIDE_STYLE('',(#3407));
#3409=SURFACE_STYLE_USAGE(.BOTH.,#3408);
#3410=PRESENTATION_STYLE_ASSIGNMENT((#3409));
#3411=STYLED_ITEM('',(#3410),#3403);
#3412=ADVANCED_FACE('',(#8320,#8322),#8324,.T.);
#3413=COLOUR_RGB('',0.968627450980392,0.87843137254902,0.6);
#3414=FILL_AREA_STYLE_COLOUR('',#3413);
#3415=FILL_AREA_STYLE($,(#3414));
#3416=SURFACE_STYLE_FILL_AREA(#3415);
#3417=SURFACE_SIDE_STYLE('',(#3416));
#3418=SURFACE_STYLE_USAGE(.BOTH.,#3417);
#3419=PRESENTATION_STYLE_ASSIGNMENT((#3418));
#3420=STYLED_ITEM('',(#3419),#3412);
#3421=ADVANCED_FACE('',(#8329),#8331,.T.);
#3422=COLOUR_RGB('',0.968627450980392,0.87843137254902,0.6);
#3423=FILL_AREA_STYLE_COLOUR('',#3422);
#3424=FILL_AREA_STYLE($,(#3423));
#3425=SURFACE_STYLE_FILL_AREA(#3424);
#3426=SURFACE_SIDE_STYLE('',(#3425));
#3427=SURFACE_STYLE_USAGE(.BOTH.,#3426);
#3428=PRESENTATION_STYLE_ASSIGNMENT((#3427));
#3429=STYLED_ITEM('',(#3428),#3421);
#3430=ADVANCED_FACE('',(#8336),#8338,.T.);
#3431=COLOUR_RGB('',0.968627450980392,0.87843137254902,0.6);
#3432=FILL_AREA_STYLE_COLOUR('',#3431);
#3433=FILL_AREA_STYLE($,(#3432));
#3434=SURFACE_STYLE_FILL_AREA(#3433);
#3435=SURFACE_SIDE_STYLE('',(#3434));
#3436=SURFACE_STYLE_USAGE(.BOTH.,#3435);
#3437=PRESENTATION_STYLE_ASSIGNMENT((#3436));
#3438=STYLED_ITEM('',(#3437),#3430);
#3439=ADVANCED_FACE('',(#8343,#8345),#8347,.T.);
#3440=COLOUR_RGB('',0.968627450980392,0.87843137254902,0.6);
#3441=FILL_AREA_STYLE_COLOUR('',#3440);
#3442=FILL_AREA_STYLE($,(#3441));
#3443=SURFACE_STYLE_FILL_AREA(#3442);
#3444=SURFACE_SIDE_STYLE('',(#3443));
#3445=SURFACE_STYLE_USAGE(.BOTH.,#3444);
#3446=PRESENTATION_STYLE_ASSIGNMENT((#3445));
#3447=STYLED_ITEM('',(#3446),#3439);
#3448=ADVANCED_FACE('',(#8352,#8354),#8356,.T.);
#3449=COLOUR_RGB('',0.968627450980392,0.87843137254902,0.6);
#3450=FILL_AREA_STYLE_COLOUR('',#3449);
#3451=FILL_AREA_STYLE($,(#3450));
#3452=SURFACE_STYLE_FILL_AREA(#3451);
#3453=SURFACE_SIDE_STYLE('',(#3452));
#3454=SURFACE_STYLE_USAGE(.BOTH.,#3453);
#3455=PRESENTATION_STYLE_ASSIGNMENT((#3454));
#3456=STYLED_ITEM('',(#3455),#3448);
#3457=ADVANCED_FACE('',(#8361,#8363),#8365,.T.);
#3458=COLOUR_RGB('',0.968627450980392,0.87843137254902,0.6);
#3459=FILL_AREA_STYLE_COLOUR('',#3458);
#3460=FILL_AREA_STYLE($,(#3459));
#3461=SURFACE_STYLE_FILL_AREA(#3460);
#3462=SURFACE_SIDE_STYLE('',(#3461));
#3463=SURFACE_STYLE_USAGE(.BOTH.,#3462);
#3464=PRESENTATION_STYLE_ASSIGNMENT((#3463));
#3465=STYLED_ITEM('',(#3464),#3457);
#3466=ADVANCED_FACE('',(#8370,#8372),#8374,.T.);
#3467=COLOUR_RGB('',0.968627450980392,0.87843137254902,0.6);
#3468=FILL_AREA_STYLE_COLOUR('',#3467);
#3469=FILL_AREA_STYLE($,(#3468));
#3470=SURFACE_STYLE_FILL_AREA(#3469);
#3471=SURFACE_SIDE_STYLE('',(#3470));
#3472=SURFACE_STYLE_USAGE(.BOTH.,#3471);
#3473=PRESENTATION_STYLE_ASSIGNMENT((#3472));
#3474=STYLED_ITEM('',(#3473),#3466);
#3475=ADVANCED_FACE('',(#8379,#8381),#8383,.T.);
#3476=COLOUR_RGB('',0.968627450980392,0.87843137254902,0.6);
#3477=FILL_AREA_STYLE_COLOUR('',#3476);
#3478=FILL_AREA_STYLE($,(#3477));
#3479=SURFACE_STYLE_FILL_AREA(#3478);
#3480=SURFACE_SIDE_STYLE('',(#3479));
#3481=SURFACE_STYLE_USAGE(.BOTH.,#3480);
#3482=PRESENTATION_STYLE_ASSIGNMENT((#3481));
#3483=STYLED_ITEM('',(#3482),#3475);
#3484=ADVANCED_FACE('',(#8388,#8390),#8392,.T.);
#3485=COLOUR_RGB('',0.968627450980392,0.87843137254902,0.6);
#3486=FILL_AREA_STYLE_COLOUR('',#3485);
#3487=FILL_AREA_STYLE($,(#3486));
#3488=SURFACE_STYLE_FILL_AREA(#3487);
#3489=SURFACE_SIDE_STYLE('',(#3488));
#3490=SURFACE_STYLE_USAGE(.BOTH.,#3489);
#3491=PRESENTATION_STYLE_ASSIGNMENT((#3490));
#3492=STYLED_ITEM('',(#3491),#3484);
#3493=ADVANCED_FACE('',(#8397,#8399),#8401,.T.);
#3494=COLOUR_RGB('',0.968627450980392,0.87843137254902,0.6);
#3495=FILL_AREA_STYLE_COLOUR('',#3494);
#3496=FILL_AREA_STYLE($,(#3495));
#3497=SURFACE_STYLE_FILL_AREA(#3496);
#3498=SURFACE_SIDE_STYLE('',(#3497));
#3499=SURFACE_STYLE_USAGE(.BOTH.,#3498);
#3500=PRESENTATION_STYLE_ASSIGNMENT((#3499));
#3501=STYLED_ITEM('',(#3500),#3493);
#3502=ADVANCED_FACE('',(#8406),#8408,.T.);
#3503=COLOUR_RGB('',0.968627450980392,0.87843137254902,0.6);
#3504=FILL_AREA_STYLE_COLOUR('',#3503);
#3505=FILL_AREA_STYLE($,(#3504));
#3506=SURFACE_STYLE_FILL_AREA(#3505);
#3507=SURFACE_SIDE_STYLE('',(#3506));
#3508=SURFACE_STYLE_USAGE(.BOTH.,#3507);
#3509=PRESENTATION_STYLE_ASSIGNMENT((#3508));
#3510=STYLED_ITEM('',(#3509),#3502);
#3511=ADVANCED_FACE('',(#8413),#8415,.T.);
#3512=COLOUR_RGB('',0.968627450980392,0.87843137254902,0.6);
#3513=FILL_AREA_STYLE_COLOUR('',#3512);
#3514=FILL_AREA_STYLE($,(#3513));
#3515=SURFACE_STYLE_FILL_AREA(#3514);
#3516=SURFACE_SIDE_STYLE('',(#3515));
#3517=SURFACE_STYLE_USAGE(.BOTH.,#3516);
#3518=PRESENTATION_STYLE_ASSIGNMENT((#3517));
#3519=STYLED_ITEM('',(#3518),#3511);
#3520=ADVANCED_FACE('',(#8420,#8422),#8424,.T.);
#3521=COLOUR_RGB('',0.968627450980392,0.87843137254902,0.6);
#3522=FILL_AREA_STYLE_COLOUR('',#3521);
#3523=FILL_AREA_STYLE($,(#3522));
#3524=SURFACE_STYLE_FILL_AREA(#3523);
#3525=SURFACE_SIDE_STYLE('',(#3524));
#3526=SURFACE_STYLE_USAGE(.BOTH.,#3525);
#3527=PRESENTATION_STYLE_ASSIGNMENT((#3526));
#3528=STYLED_ITEM('',(#3527),#3520);
#3529=ADVANCED_FACE('',(#8429,#8431),#8433,.T.);
#3530=COLOUR_RGB('',0.968627450980392,0.87843137254902,0.6);
#3531=FILL_AREA_STYLE_COLOUR('',#3530);
#3532=FILL_AREA_STYLE($,(#3531));
#3533=SURFACE_STYLE_FILL_AREA(#3532);
#3534=SURFACE_SIDE_STYLE('',(#3533));
#3535=SURFACE_STYLE_USAGE(.BOTH.,#3534);
#3536=PRESENTATION_STYLE_ASSIGNMENT((#3535));
#3537=STYLED_ITEM('',(#3536),#3529);
#3538=ADVANCED_FACE('',(#8438,#8440),#8442,.T.);
#3539=COLOUR_RGB('',0.968627450980392,0.87843137254902,0.6);
#3540=FILL_AREA_STYLE_COLOUR('',#3539);
#3541=FILL_AREA_STYLE($,(#3540));
#3542=SURFACE_STYLE_FILL_AREA(#3541);
#3543=SURFACE_SIDE_STYLE('',(#3542));
#3544=SURFACE_STYLE_USAGE(.BOTH.,#3543);
#3545=PRESENTATION_STYLE_ASSIGNMENT((#3544));
#3546=STYLED_ITEM('',(#3545),#3538);
#3547=ADVANCED_FACE('',(#8447,#8449),#8451,.T.);
#3548=COLOUR_RGB('',0.968627450980392,0.87843137254902,0.6);
#3549=FILL_AREA_STYLE_COLOUR('',#3548);
#3550=FILL_AREA_STYLE($,(#3549));
#3551=SURFACE_STYLE_FILL_AREA(#3550);
#3552=SURFACE_SIDE_STYLE('',(#3551));
#3553=SURFACE_STYLE_USAGE(.BOTH.,#3552);
#3554=PRESENTATION_STYLE_ASSIGNMENT((#3553));
#3555=STYLED_ITEM('',(#3554),#3547);
#3556=ADVANCED_FACE('',(#8456,#8458),#8460,.T.);
#3557=COLOUR_RGB('',0.968627450980392,0.87843137254902,0.6);
#3558=FILL_AREA_STYLE_COLOUR('',#3557);
#3559=FILL_AREA_STYLE($,(#3558));
#3560=SURFACE_STYLE_FILL_AREA(#3559);
#3561=SURFACE_SIDE_STYLE('',(#3560));
#3562=SURFACE_STYLE_USAGE(.BOTH.,#3561);
#3563=PRESENTATION_STYLE_ASSIGNMENT((#3562));
#3564=STYLED_ITEM('',(#3563),#3556);
#3565=ADVANCED_FACE('',(#8465,#8467),#8469,.T.);
#3566=COLOUR_RGB('',0.968627450980392,0.87843137254902,0.6);
#3567=FILL_AREA_STYLE_COLOUR('',#3566);
#3568=FILL_AREA_STYLE($,(#3567));
#3569=SURFACE_STYLE_FILL_AREA(#3568);
#3570=SURFACE_SIDE_STYLE('',(#3569));
#3571=SURFACE_STYLE_USAGE(.BOTH.,#3570);
#3572=PRESENTATION_STYLE_ASSIGNMENT((#3571));
#3573=STYLED_ITEM('',(#3572),#3565);
#3574=ADVANCED_FACE('',(#8474,#8476),#8478,.T.);
#3575=COLOUR_RGB('',0.968627450980392,0.87843137254902,0.6);
#3576=FILL_AREA_STYLE_COLOUR('',#3575);
#3577=FILL_AREA_STYLE($,(#3576));
#3578=SURFACE_STYLE_FILL_AREA(#3577);
#3579=SURFACE_SIDE_STYLE('',(#3578));
#3580=SURFACE_STYLE_USAGE(.BOTH.,#3579);
#3581=PRESENTATION_STYLE_ASSIGNMENT((#3580));
#3582=STYLED_ITEM('',(#3581),#3574);
#3583=ADVANCED_FACE('',(#8483),#8485,.T.);
#3584=COLOUR_RGB('',0.968627450980392,0.87843137254902,0.6);
#3585=FILL_AREA_STYLE_COLOUR('',#3584);
#3586=FILL_AREA_STYLE($,(#3585));
#3587=SURFACE_STYLE_FILL_AREA(#3586);
#3588=SURFACE_SIDE_STYLE('',(#3587));
#3589=SURFACE_STYLE_USAGE(.BOTH.,#3588);
#3590=PRESENTATION_STYLE_ASSIGNMENT((#3589));
#3591=STYLED_ITEM('',(#3590),#3583);
#3592=ADVANCED_FACE('',(#8490),#8492,.T.);
#3593=COLOUR_RGB('',0.968627450980392,0.87843137254902,0.6);
#3594=FILL_AREA_STYLE_COLOUR('',#3593);
#3595=FILL_AREA_STYLE($,(#3594));
#3596=SURFACE_STYLE_FILL_AREA(#3595);
#3597=SURFACE_SIDE_STYLE('',(#3596));
#3598=SURFACE_STYLE_USAGE(.BOTH.,#3597);
#3599=PRESENTATION_STYLE_ASSIGNMENT((#3598));
#3600=STYLED_ITEM('',(#3599),#3592);
#3601=ADVANCED_FACE('',(#8497,#8499),#8501,.T.);
#3602=COLOUR_RGB('',0.968627450980392,0.87843137254902,0.6);
#3603=FILL_AREA_STYLE_COLOUR('',#3602);
#3604=FILL_AREA_STYLE($,(#3603));
#3605=SURFACE_STYLE_FILL_AREA(#3604);
#3606=SURFACE_SIDE_STYLE('',(#3605));
#3607=SURFACE_STYLE_USAGE(.BOTH.,#3606);
#3608=PRESENTATION_STYLE_ASSIGNMENT((#3607));
#3609=STYLED_ITEM('',(#3608),#3601);
#3610=ADVANCED_FACE('',(#8506,#8508),#8510,.T.);
#3611=COLOUR_RGB('',0.968627450980392,0.87843137254902,0.6);
#3612=FILL_AREA_STYLE_COLOUR('',#3611);
#3613=FILL_AREA_STYLE($,(#3612));
#3614=SURFACE_STYLE_FILL_AREA(#3613);
#3615=SURFACE_SIDE_STYLE('',(#3614));
#3616=SURFACE_STYLE_USAGE(.BOTH.,#3615);
#3617=PRESENTATION_STYLE_ASSIGNMENT((#3616));
#3618=STYLED_ITEM('',(#3617),#3610);
#3619=ADVANCED_FACE('',(#8515,#8517),#8519,.T.);
#3620=COLOUR_RGB('',0.968627450980392,0.87843137254902,0.6);
#3621=FILL_AREA_STYLE_COLOUR('',#3620);
#3622=FILL_AREA_STYLE($,(#3621));
#3623=SURFACE_STYLE_FILL_AREA(#3622);
#3624=SURFACE_SIDE_STYLE('',(#3623));
#3625=SURFACE_STYLE_USAGE(.BOTH.,#3624);
#3626=PRESENTATION_STYLE_ASSIGNMENT((#3625));
#3627=STYLED_ITEM('',(#3626),#3619);
#3628=ADVANCED_FACE('',(#8524,#8526),#8528,.T.);
#3629=COLOUR_RGB('',0.968627450980392,0.87843137254902,0.6);
#3630=FILL_AREA_STYLE_COLOUR('',#3629);
#3631=FILL_AREA_STYLE($,(#3630));
#3632=SURFACE_STYLE_FILL_AREA(#3631);
#3633=SURFACE_SIDE_STYLE('',(#3632));
#3634=SURFACE_STYLE_USAGE(.BOTH.,#3633);
#3635=PRESENTATION_STYLE_ASSIGNMENT((#3634));
#3636=STYLED_ITEM('',(#3635),#3628);
#3637=ADVANCED_FACE('',(#8533,#8535),#8537,.T.);
#3638=COLOUR_RGB('',0.968627450980392,0.87843137254902,0.6);
#3639=FILL_AREA_STYLE_COLOUR('',#3638);
#3640=FILL_AREA_STYLE($,(#3639));
#3641=SURFACE_STYLE_FILL_AREA(#3640);
#3642=SURFACE_SIDE_STYLE('',(#3641));
#3643=SURFACE_STYLE_USAGE(.BOTH.,#3642);
#3644=PRESENTATION_STYLE_ASSIGNMENT((#3643));
#3645=STYLED_ITEM('',(#3644),#3637);
#3646=ADVANCED_FACE('',(#8542,#8544),#8546,.T.);
#3647=COLOUR_RGB('',0.968627450980392,0.87843137254902,0.6);
#3648=FILL_AREA_STYLE_COLOUR('',#3647);
#3649=FILL_AREA_STYLE($,(#3648));
#3650=SURFACE_STYLE_FILL_AREA(#3649);
#3651=SURFACE_SIDE_STYLE('',(#3650));
#3652=SURFACE_STYLE_USAGE(.BOTH.,#3651);
#3653=PRESENTATION_STYLE_ASSIGNMENT((#3652));
#3654=STYLED_ITEM('',(#3653),#3646);
#3655=ADVANCED_FACE('',(#8551,#8553),#8555,.T.);
#3656=COLOUR_RGB('',0.968627450980392,0.87843137254902,0.6);
#3657=FILL_AREA_STYLE_COLOUR('',#3656);
#3658=FILL_AREA_STYLE($,(#3657));
#3659=SURFACE_STYLE_FILL_AREA(#3658);
#3660=SURFACE_SIDE_STYLE('',(#3659));
#3661=SURFACE_STYLE_USAGE(.BOTH.,#3660);
#3662=PRESENTATION_STYLE_ASSIGNMENT((#3661));
#3663=STYLED_ITEM('',(#3662),#3655);
#3664=ADVANCED_FACE('',(#8560),#8562,.T.);
#3665=COLOUR_RGB('',0.968627450980392,0.87843137254902,0.6);
#3666=FILL_AREA_STYLE_COLOUR('',#3665);
#3667=FILL_AREA_STYLE($,(#3666));
#3668=SURFACE_STYLE_FILL_AREA(#3667);
#3669=SURFACE_SIDE_STYLE('',(#3668));
#3670=SURFACE_STYLE_USAGE(.BOTH.,#3669);
#3671=PRESENTATION_STYLE_ASSIGNMENT((#3670));
#3672=STYLED_ITEM('',(#3671),#3664);
#3673=ADVANCED_FACE('',(#8567),#8569,.T.);
#3674=COLOUR_RGB('',0.968627450980392,0.87843137254902,0.6);
#3675=FILL_AREA_STYLE_COLOUR('',#3674);
#3676=FILL_AREA_STYLE($,(#3675));
#3677=SURFACE_STYLE_FILL_AREA(#3676);
#3678=SURFACE_SIDE_STYLE('',(#3677));
#3679=SURFACE_STYLE_USAGE(.BOTH.,#3678);
#3680=PRESENTATION_STYLE_ASSIGNMENT((#3679));
#3681=STYLED_ITEM('',(#3680),#3673);
#3682=ADVANCED_FACE('',(#8574,#8576),#8578,.T.);
#3683=COLOUR_RGB('',0.968627450980392,0.87843137254902,0.6);
#3684=FILL_AREA_STYLE_COLOUR('',#3683);
#3685=FILL_AREA_STYLE($,(#3684));
#3686=SURFACE_STYLE_FILL_AREA(#3685);
#3687=SURFACE_SIDE_STYLE('',(#3686));
#3688=SURFACE_STYLE_USAGE(.BOTH.,#3687);
#3689=PRESENTATION_STYLE_ASSIGNMENT((#3688));
#3690=STYLED_ITEM('',(#3689),#3682);
#3691=ADVANCED_FACE('',(#8583,#8585),#8587,.T.);
#3692=COLOUR_RGB('',0.968627450980392,0.87843137254902,0.6);
#3693=FILL_AREA_STYLE_COLOUR('',#3692);
#3694=FILL_AREA_STYLE($,(#3693));
#3695=SURFACE_STYLE_FILL_AREA(#3694);
#3696=SURFACE_SIDE_STYLE('',(#3695));
#3697=SURFACE_STYLE_USAGE(.BOTH.,#3696);
#3698=PRESENTATION_STYLE_ASSIGNMENT((#3697));
#3699=STYLED_ITEM('',(#3698),#3691);
#3700=ADVANCED_FACE('',(#8592,#8594),#8596,.T.);
#3701=COLOUR_RGB('',0.968627450980392,0.87843137254902,0.6);
#3702=FILL_AREA_STYLE_COLOUR('',#3701);
#3703=FILL_AREA_STYLE($,(#3702));
#3704=SURFACE_STYLE_FILL_AREA(#3703);
#3705=SURFACE_SIDE_STYLE('',(#3704));
#3706=SURFACE_STYLE_USAGE(.BOTH.,#3705);
#3707=PRESENTATION_STYLE_ASSIGNMENT((#3706));
#3708=STYLED_ITEM('',(#3707),#3700);
#3709=ADVANCED_FACE('',(#8601,#8603),#8605,.T.);
#3710=COLOUR_RGB('',0.968627450980392,0.87843137254902,0.6);
#3711=FILL_AREA_STYLE_COLOUR('',#3710);
#3712=FILL_AREA_STYLE($,(#3711));
#3713=SURFACE_STYLE_FILL_AREA(#3712);
#3714=SURFACE_SIDE_STYLE('',(#3713));
#3715=SURFACE_STYLE_USAGE(.BOTH.,#3714);
#3716=PRESENTATION_STYLE_ASSIGNMENT((#3715));
#3717=STYLED_ITEM('',(#3716),#3709);
#3718=ADVANCED_FACE('',(#8610,#8612),#8614,.T.);
#3719=COLOUR_RGB('',0.968627450980392,0.87843137254902,0.6);
#3720=FILL_AREA_STYLE_COLOUR('',#3719);
#3721=FILL_AREA_STYLE($,(#3720));
#3722=SURFACE_STYLE_FILL_AREA(#3721);
#3723=SURFACE_SIDE_STYLE('',(#3722));
#3724=SURFACE_STYLE_USAGE(.BOTH.,#3723);
#3725=PRESENTATION_STYLE_ASSIGNMENT((#3724));
#3726=STYLED_ITEM('',(#3725),#3718);
#3727=ADVANCED_FACE('',(#8619,#8621),#8623,.T.);
#3728=COLOUR_RGB('',0.968627450980392,0.87843137254902,0.6);
#3729=FILL_AREA_STYLE_COLOUR('',#3728);
#3730=FILL_AREA_STYLE($,(#3729));
#3731=SURFACE_STYLE_FILL_AREA(#3730);
#3732=SURFACE_SIDE_STYLE('',(#3731));
#3733=SURFACE_STYLE_USAGE(.BOTH.,#3732);
#3734=PRESENTATION_STYLE_ASSIGNMENT((#3733));
#3735=STYLED_ITEM('',(#3734),#3727);
#3736=ADVANCED_FACE('',(#8628,#8630),#8632,.T.);
#3737=COLOUR_RGB('',0.968627450980392,0.87843137254902,0.6);
#3738=FILL_AREA_STYLE_COLOUR('',#3737);
#3739=FILL_AREA_STYLE($,(#3738));
#3740=SURFACE_STYLE_FILL_AREA(#3739);
#3741=SURFACE_SIDE_STYLE('',(#3740));
#3742=SURFACE_STYLE_USAGE(.BOTH.,#3741);
#3743=PRESENTATION_STYLE_ASSIGNMENT((#3742));
#3744=STYLED_ITEM('',(#3743),#3736);
#3745=ADVANCED_FACE('',(#8637),#8639,.T.);
#3746=COLOUR_RGB('',0.968627450980392,0.87843137254902,0.6);
#3747=FILL_AREA_STYLE_COLOUR('',#3746);
#3748=FILL_AREA_STYLE($,(#3747));
#3749=SURFACE_STYLE_FILL_AREA(#3748);
#3750=SURFACE_SIDE_STYLE('',(#3749));
#3751=SURFACE_STYLE_USAGE(.BOTH.,#3750);
#3752=PRESENTATION_STYLE_ASSIGNMENT((#3751));
#3753=STYLED_ITEM('',(#3752),#3745);
#3754=ADVANCED_FACE('',(#8644),#8646,.T.);
#3755=COLOUR_RGB('',0.968627450980392,0.87843137254902,0.6);
#3756=FILL_AREA_STYLE_COLOUR('',#3755);
#3757=FILL_AREA_STYLE($,(#3756));
#3758=SURFACE_STYLE_FILL_AREA(#3757);
#3759=SURFACE_SIDE_STYLE('',(#3758));
#3760=SURFACE_STYLE_USAGE(.BOTH.,#3759);
#3761=PRESENTATION_STYLE_ASSIGNMENT((#3760));
#3762=STYLED_ITEM('',(#3761),#3754);
#3763=ADVANCED_FACE('',(#8651,#8653),#8655,.T.);
#3764=COLOUR_RGB('',0.968627450980392,0.87843137254902,0.6);
#3765=FILL_AREA_STYLE_COLOUR('',#3764);
#3766=FILL_AREA_STYLE($,(#3765));
#3767=SURFACE_STYLE_FILL_AREA(#3766);
#3768=SURFACE_SIDE_STYLE('',(#3767));
#3769=SURFACE_STYLE_USAGE(.BOTH.,#3768);
#3770=PRESENTATION_STYLE_ASSIGNMENT((#3769));
#3771=STYLED_ITEM('',(#3770),#3763);
#3772=ADVANCED_FACE('',(#8660,#8662),#8664,.T.);
#3773=COLOUR_RGB('',0.968627450980392,0.87843137254902,0.6);
#3774=FILL_AREA_STYLE_COLOUR('',#3773);
#3775=FILL_AREA_STYLE($,(#3774));
#3776=SURFACE_STYLE_FILL_AREA(#3775);
#3777=SURFACE_SIDE_STYLE('',(#3776));
#3778=SURFACE_STYLE_USAGE(.BOTH.,#3777);
#3779=PRESENTATION_STYLE_ASSIGNMENT((#3778));
#3780=STYLED_ITEM('',(#3779),#3772);
#3781=ADVANCED_FACE('',(#8669,#8671),#8673,.T.);
#3782=COLOUR_RGB('',0.968627450980392,0.87843137254902,0.6);
#3783=FILL_AREA_STYLE_COLOUR('',#3782);
#3784=FILL_AREA_STYLE($,(#3783));
#3785=SURFACE_STYLE_FILL_AREA(#3784);
#3786=SURFACE_SIDE_STYLE('',(#3785));
#3787=SURFACE_STYLE_USAGE(.BOTH.,#3786);
#3788=PRESENTATION_STYLE_ASSIGNMENT((#3787));
#3789=STYLED_ITEM('',(#3788),#3781);
#3790=ADVANCED_FACE('',(#8678,#8680),#8682,.T.);
#3791=COLOUR_RGB('',0.968627450980392,0.87843137254902,0.6);
#3792=FILL_AREA_STYLE_COLOUR('',#3791);
#3793=FILL_AREA_STYLE($,(#3792));
#3794=SURFACE_STYLE_FILL_AREA(#3793);
#3795=SURFACE_SIDE_STYLE('',(#3794));
#3796=SURFACE_STYLE_USAGE(.BOTH.,#3795);
#3797=PRESENTATION_STYLE_ASSIGNMENT((#3796));
#3798=STYLED_ITEM('',(#3797),#3790);
#3799=ADVANCED_FACE('',(#8687,#8689),#8691,.T.);
#3800=COLOUR_RGB('',0.968627450980392,0.87843137254902,0.6);
#3801=FILL_AREA_STYLE_COLOUR('',#3800);
#3802=FILL_AREA_STYLE($,(#3801));
#3803=SURFACE_STYLE_FILL_AREA(#3802);
#3804=SURFACE_SIDE_STYLE('',(#3803));
#3805=SURFACE_STYLE_USAGE(.BOTH.,#3804);
#3806=PRESENTATION_STYLE_ASSIGNMENT((#3805));
#3807=STYLED_ITEM('',(#3806),#3799);
#3808=ADVANCED_FACE('',(#8696,#8698),#8700,.T.);
#3809=COLOUR_RGB('',0.968627450980392,0.87843137254902,0.6);
#3810=FILL_AREA_STYLE_COLOUR('',#3809);
#3811=FILL_AREA_STYLE($,(#3810));
#3812=SURFACE_STYLE_FILL_AREA(#3811);
#3813=SURFACE_SIDE_STYLE('',(#3812));
#3814=SURFACE_STYLE_USAGE(.BOTH.,#3813);
#3815=PRESENTATION_STYLE_ASSIGNMENT((#3814));
#3816=STYLED_ITEM('',(#3815),#3808);
#3817=ADVANCED_FACE('',(#8705,#8707),#8709,.T.);
#3818=COLOUR_RGB('',0.968627450980392,0.87843137254902,0.6);
#3819=FILL_AREA_STYLE_COLOUR('',#3818);
#3820=FILL_AREA_STYLE($,(#3819));
#3821=SURFACE_STYLE_FILL_AREA(#3820);
#3822=SURFACE_SIDE_STYLE('',(#3821));
#3823=SURFACE_STYLE_USAGE(.BOTH.,#3822);
#3824=PRESENTATION_STYLE_ASSIGNMENT((#3823));
#3825=STYLED_ITEM('',(#3824),#3817);
#3826=ADVANCED_FACE('',(#8714),#8716,.T.);
#3827=COLOUR_RGB('',0.968627450980392,0.87843137254902,0.6);
#3828=FILL_AREA_STYLE_COLOUR('',#3827);
#3829=FILL_AREA_STYLE($,(#3828));
#3830=SURFACE_STYLE_FILL_AREA(#3829);
#3831=SURFACE_SIDE_STYLE('',(#3830));
#3832=SURFACE_STYLE_USAGE(.BOTH.,#3831);
#3833=PRESENTATION_STYLE_ASSIGNMENT((#3832));
#3834=STYLED_ITEM('',(#3833),#3826);
#3835=ADVANCED_FACE('',(#8721),#8723,.T.);
#3836=COLOUR_RGB('',0.968627450980392,0.87843137254902,0.6);
#3837=FILL_AREA_STYLE_COLOUR('',#3836);
#3838=FILL_AREA_STYLE($,(#3837));
#3839=SURFACE_STYLE_FILL_AREA(#3838);
#3840=SURFACE_SIDE_STYLE('',(#3839));
#3841=SURFACE_STYLE_USAGE(.BOTH.,#3840);
#3842=PRESENTATION_STYLE_ASSIGNMENT((#3841));
#3843=STYLED_ITEM('',(#3842),#3835);
#3844=ADVANCED_FACE('',(#8728,#8730),#8732,.T.);
#3845=COLOUR_RGB('',0.968627450980392,0.87843137254902,0.6);
#3846=FILL_AREA_STYLE_COLOUR('',#3845);
#3847=FILL_AREA_STYLE($,(#3846));
#3848=SURFACE_STYLE_FILL_AREA(#3847);
#3849=SURFACE_SIDE_STYLE('',(#3848));
#3850=SURFACE_STYLE_USAGE(.BOTH.,#3849);
#3851=PRESENTATION_STYLE_ASSIGNMENT((#3850));
#3852=STYLED_ITEM('',(#3851),#3844);
#3853=ADVANCED_FACE('',(#8737,#8739),#8741,.T.);
#3854=COLOUR_RGB('',0.968627450980392,0.87843137254902,0.6);
#3855=FILL_AREA_STYLE_COLOUR('',#3854);
#3856=FILL_AREA_STYLE($,(#3855));
#3857=SURFACE_STYLE_FILL_AREA(#3856);
#3858=SURFACE_SIDE_STYLE('',(#3857));
#3859=SURFACE_STYLE_USAGE(.BOTH.,#3858);
#3860=PRESENTATION_STYLE_ASSIGNMENT((#3859));
#3861=STYLED_ITEM('',(#3860),#3853);
#3862=ADVANCED_FACE('',(#8746,#8748),#8750,.T.);
#3863=COLOUR_RGB('',0.968627450980392,0.87843137254902,0.6);
#3864=FILL_AREA_STYLE_COLOUR('',#3863);
#3865=FILL_AREA_STYLE($,(#3864));
#3866=SURFACE_STYLE_FILL_AREA(#3865);
#3867=SURFACE_SIDE_STYLE('',(#3866));
#3868=SURFACE_STYLE_USAGE(.BOTH.,#3867);
#3869=PRESENTATION_STYLE_ASSIGNMENT((#3868));
#3870=STYLED_ITEM('',(#3869),#3862);
#3871=ADVANCED_FACE('',(#8755,#8757),#8759,.T.);
#3872=COLOUR_RGB('',0.968627450980392,0.87843137254902,0.6);
#3873=FILL_AREA_STYLE_COLOUR('',#3872);
#3874=FILL_AREA_STYLE($,(#3873));
#3875=SURFACE_STYLE_FILL_AREA(#3874);
#3876=SURFACE_SIDE_STYLE('',(#3875));
#3877=SURFACE_STYLE_USAGE(.BOTH.,#3876);
#3878=PRESENTATION_STYLE_ASSIGNMENT((#3877));
#3879=STYLED_ITEM('',(#3878),#3871);
#3880=ADVANCED_FACE('',(#8764,#8766),#8768,.T.);
#3881=COLOUR_RGB('',0.968627450980392,0.87843137254902,0.6);
#3882=FILL_AREA_STYLE_COLOUR('',#3881);
#3883=FILL_AREA_STYLE($,(#3882));
#3884=SURFACE_STYLE_FILL_AREA(#3883);
#3885=SURFACE_SIDE_STYLE('',(#3884));
#3886=SURFACE_STYLE_USAGE(.BOTH.,#3885);
#3887=PRESENTATION_STYLE_ASSIGNMENT((#3886));
#3888=STYLED_ITEM('',(#3887),#3880);
#3889=ADVANCED_FACE('',(#8773,#8775),#8777,.T.);
#3890=COLOUR_RGB('',0.968627450980392,0.87843137254902,0.6);
#3891=FILL_AREA_STYLE_COLOUR('',#3890);
#3892=FILL_AREA_STYLE($,(#3891));
#3893=SURFACE_STYLE_FILL_AREA(#3892);
#3894=SURFACE_SIDE_STYLE('',(#3893));
#3895=SURFACE_STYLE_USAGE(.BOTH.,#3894);
#3896=PRESENTATION_STYLE_ASSIGNMENT((#3895));
#3897=STYLED_ITEM('',(#3896),#3889);
#3898=ADVANCED_FACE('',(#8782,#8784),#8786,.T.);
#3899=COLOUR_RGB('',0.968627450980392,0.87843137254902,0.6);
#3900=FILL_AREA_STYLE_COLOUR('',#3899);
#3901=FILL_AREA_STYLE($,(#3900));
#3902=SURFACE_STYLE_FILL_AREA(#3901);
#3903=SURFACE_SIDE_STYLE('',(#3902));
#3904=SURFACE_STYLE_USAGE(.BOTH.,#3903);
#3905=PRESENTATION_STYLE_ASSIGNMENT((#3904));
#3906=STYLED_ITEM('',(#3905),#3898);
#3907=ADVANCED_FACE('',(#8791),#8793,.T.);
#3908=COLOUR_RGB('',0.968627450980392,0.87843137254902,0.6);
#3909=FILL_AREA_STYLE_COLOUR('',#3908);
#3910=FILL_AREA_STYLE($,(#3909));
#3911=SURFACE_STYLE_FILL_AREA(#3910);
#3912=SURFACE_SIDE_STYLE('',(#3911));
#3913=SURFACE_STYLE_USAGE(.BOTH.,#3912);
#3914=PRESENTATION_STYLE_ASSIGNMENT((#3913));
#3915=STYLED_ITEM('',(#3914),#3907);
#3916=ADVANCED_FACE('',(#8798),#8800,.T.);
#3917=COLOUR_RGB('',0.968627450980392,0.87843137254902,0.6);
#3918=FILL_AREA_STYLE_COLOUR('',#3917);
#3919=FILL_AREA_STYLE($,(#3918));
#3920=SURFACE_STYLE_FILL_AREA(#3919);
#3921=SURFACE_SIDE_STYLE('',(#3920));
#3922=SURFACE_STYLE_USAGE(.BOTH.,#3921);
#3923=PRESENTATION_STYLE_ASSIGNMENT((#3922));
#3924=STYLED_ITEM('',(#3923),#3916);
#3925=ADVANCED_FACE('',(#8805,#8807),#8809,.T.);
#3926=COLOUR_RGB('',0.968627450980392,0.87843137254902,0.6);
#3927=FILL_AREA_STYLE_COLOUR('',#3926);
#3928=FILL_AREA_STYLE($,(#3927));
#3929=SURFACE_STYLE_FILL_AREA(#3928);
#3930=SURFACE_SIDE_STYLE('',(#3929));
#3931=SURFACE_STYLE_USAGE(.BOTH.,#3930);
#3932=PRESENTATION_STYLE_ASSIGNMENT((#3931));
#3933=STYLED_ITEM('',(#3932),#3925);
#3934=ADVANCED_FACE('',(#8814,#8816),#8818,.T.);
#3935=COLOUR_RGB('',0.968627450980392,0.87843137254902,0.6);
#3936=FILL_AREA_STYLE_COLOUR('',#3935);
#3937=FILL_AREA_STYLE($,(#3936));
#3938=SURFACE_STYLE_FILL_AREA(#3937);
#3939=SURFACE_SIDE_STYLE('',(#3938));
#3940=SURFACE_STYLE_USAGE(.BOTH.,#3939);
#3941=PRESENTATION_STYLE_ASSIGNMENT((#3940));
#3942=STYLED_ITEM('',(#3941),#3934);
#3943=ADVANCED_FACE('',(#8823,#8825),#8827,.T.);
#3944=COLOUR_RGB('',0.968627450980392,0.87843137254902,0.6);
#3945=FILL_AREA_STYLE_COLOUR('',#3944);
#3946=FILL_AREA_STYLE($,(#3945));
#3947=SURFACE_STYLE_FILL_AREA(#3946);
#3948=SURFACE_SIDE_STYLE('',(#3947));
#3949=SURFACE_STYLE_USAGE(.BOTH.,#3948);
#3950=PRESENTATION_STYLE_ASSIGNMENT((#3949));
#3951=STYLED_ITEM('',(#3950),#3943);
#3952=ADVANCED_FACE('',(#8832,#8834),#8836,.T.);
#3953=COLOUR_RGB('',0.968627450980392,0.87843137254902,0.6);
#3954=FILL_AREA_STYLE_COLOUR('',#3953);
#3955=FILL_AREA_STYLE($,(#3954));
#3956=SURFACE_STYLE_FILL_AREA(#3955);
#3957=SURFACE_SIDE_STYLE('',(#3956));
#3958=SURFACE_STYLE_USAGE(.BOTH.,#3957);
#3959=PRESENTATION_STYLE_ASSIGNMENT((#3958));
#3960=STYLED_ITEM('',(#3959),#3952);
#3961=ADVANCED_FACE('',(#8841,#8843),#8845,.T.);
#3962=COLOUR_RGB('',0.968627450980392,0.87843137254902,0.6);
#3963=FILL_AREA_STYLE_COLOUR('',#3962);
#3964=FILL_AREA_STYLE($,(#3963));
#3965=SURFACE_STYLE_FILL_AREA(#3964);
#3966=SURFACE_SIDE_STYLE('',(#3965));
#3967=SURFACE_STYLE_USAGE(.BOTH.,#3966);
#3968=PRESENTATION_STYLE_ASSIGNMENT((#3967));
#3969=STYLED_ITEM('',(#3968),#3961);
#3970=ADVANCED_FACE('',(#8850,#8852),#8854,.T.);
#3971=COLOUR_RGB('',0.968627450980392,0.87843137254902,0.6);
#3972=FILL_AREA_STYLE_COLOUR('',#3971);
#3973=FILL_AREA_STYLE($,(#3972));
#3974=SURFACE_STYLE_FILL_AREA(#3973);
#3975=SURFACE_SIDE_STYLE('',(#3974));
#3976=SURFACE_STYLE_USAGE(.BOTH.,#3975);
#3977=PRESENTATION_STYLE_ASSIGNMENT((#3976));
#3978=STYLED_ITEM('',(#3977),#3970);
#3979=ADVANCED_FACE('',(#8859,#8861),#8863,.T.);
#3980=COLOUR_RGB('',0.968627450980392,0.87843137254902,0.6);
#3981=FILL_AREA_STYLE_COLOUR('',#3980);
#3982=FILL_AREA_STYLE($,(#3981));
#3983=SURFACE_STYLE_FILL_AREA(#3982);
#3984=SURFACE_SIDE_STYLE('',(#3983));
#3985=SURFACE_STYLE_USAGE(.BOTH.,#3984);
#3986=PRESENTATION_STYLE_ASSIGNMENT((#3985));
#3987=STYLED_ITEM('',(#3986),#3979);
#3988=ADVANCED_FACE('',(#8868),#8870,.T.);
#3989=COLOUR_RGB('',0.968627450980392,0.87843137254902,0.6);
#3990=FILL_AREA_STYLE_COLOUR('',#3989);
#3991=FILL_AREA_STYLE($,(#3990));
#3992=SURFACE_STYLE_FILL_AREA(#3991);
#3993=SURFACE_SIDE_STYLE('',(#3992));
#3994=SURFACE_STYLE_USAGE(.BOTH.,#3993);
#3995=PRESENTATION_STYLE_ASSIGNMENT((#3994));
#3996=STYLED_ITEM('',(#3995),#3988);
#3997=ADVANCED_FACE('',(#8875),#8877,.T.);
#3998=COLOUR_RGB('',0.968627450980392,0.87843137254902,0.6);
#3999=FILL_AREA_STYLE_COLOUR('',#3998);
#4000=FILL_AREA_STYLE($,(#3999));
#4001=SURFACE_STYLE_FILL_AREA(#4000);
#4002=SURFACE_SIDE_STYLE('',(#4001));
#4003=SURFACE_STYLE_USAGE(.BOTH.,#4002);
#4004=PRESENTATION_STYLE_ASSIGNMENT((#4003));
#4005=STYLED_ITEM('',(#4004),#3997);
#4006=ADVANCED_FACE('',(#8882,#8884),#8886,.T.);
#4007=COLOUR_RGB('',0.968627450980392,0.87843137254902,0.6);
#4008=FILL_AREA_STYLE_COLOUR('',#4007);
#4009=FILL_AREA_STYLE($,(#4008));
#4010=SURFACE_STYLE_FILL_AREA(#4009);
#4011=SURFACE_SIDE_STYLE('',(#4010));
#4012=SURFACE_STYLE_USAGE(.BOTH.,#4011);
#4013=PRESENTATION_STYLE_ASSIGNMENT((#4012));
#4014=STYLED_ITEM('',(#4013),#4006);
#4015=ADVANCED_FACE('',(#8891,#8893),#8895,.T.);
#4016=COLOUR_RGB('',0.968627450980392,0.87843137254902,0.6);
#4017=FILL_AREA_STYLE_COLOUR('',#4016);
#4018=FILL_AREA_STYLE($,(#4017));
#4019=SURFACE_STYLE_FILL_AREA(#4018);
#4020=SURFACE_SIDE_STYLE('',(#4019));
#4021=SURFACE_STYLE_USAGE(.BOTH.,#4020);
#4022=PRESENTATION_STYLE_ASSIGNMENT((#4021));
#4023=STYLED_ITEM('',(#4022),#4015);
#4024=ADVANCED_FACE('',(#8900,#8902),#8904,.T.);
#4025=COLOUR_RGB('',0.968627450980392,0.87843137254902,0.6);
#4026=FILL_AREA_STYLE_COLOUR('',#4025);
#4027=FILL_AREA_STYLE($,(#4026));
#4028=SURFACE_STYLE_FILL_AREA(#4027);
#4029=SURFACE_SIDE_STYLE('',(#4028));
#4030=SURFACE_STYLE_USAGE(.BOTH.,#4029);
#4031=PRESENTATION_STYLE_ASSIGNMENT((#4030));
#4032=STYLED_ITEM('',(#4031),#4024);
#4033=ADVANCED_FACE('',(#8909,#8911),#8913,.T.);
#4034=COLOUR_RGB('',0.968627450980392,0.87843137254902,0.6);
#4035=FILL_AREA_STYLE_COLOUR('',#4034);
#4036=FILL_AREA_STYLE($,(#4035));
#4037=SURFACE_STYLE_FILL_AREA(#4036);
#4038=SURFACE_SIDE_STYLE('',(#4037));
#4039=SURFACE_STYLE_USAGE(.BOTH.,#4038);
#4040=PRESENTATION_STYLE_ASSIGNMENT((#4039));
#4041=STYLED_ITEM('',(#4040),#4033);
#4042=ADVANCED_FACE('',(#8918,#8920),#8922,.T.);
#4043=COLOUR_RGB('',0.968627450980392,0.87843137254902,0.6);
#4044=FILL_AREA_STYLE_COLOUR('',#4043);
#4045=FILL_AREA_STYLE($,(#4044));
#4046=SURFACE_STYLE_FILL_AREA(#4045);
#4047=SURFACE_SIDE_STYLE('',(#4046));
#4048=SURFACE_STYLE_USAGE(.BOTH.,#4047);
#4049=PRESENTATION_STYLE_ASSIGNMENT((#4048));
#4050=STYLED_ITEM('',(#4049),#4042);
#4051=ADVANCED_FACE('',(#8927,#8929),#8931,.T.);
#4052=COLOUR_RGB('',0.968627450980392,0.87843137254902,0.6);
#4053=FILL_AREA_STYLE_COLOUR('',#4052);
#4054=FILL_AREA_STYLE($,(#4053));
#4055=SURFACE_STYLE_FILL_AREA(#4054);
#4056=SURFACE_SIDE_STYLE('',(#4055));
#4057=SURFACE_STYLE_USAGE(.BOTH.,#4056);
#4058=PRESENTATION_STYLE_ASSIGNMENT((#4057));
#4059=STYLED_ITEM('',(#4058),#4051);
#4060=ADVANCED_FACE('',(#8936,#8938),#8940,.T.);
#4061=COLOUR_RGB('',0.968627450980392,0.87843137254902,0.6);
#4062=FILL_AREA_STYLE_COLOUR('',#4061);
#4063=FILL_AREA_STYLE($,(#4062));
#4064=SURFACE_STYLE_FILL_AREA(#4063);
#4065=SURFACE_SIDE_STYLE('',(#4064));
#4066=SURFACE_STYLE_USAGE(.BOTH.,#4065);
#4067=PRESENTATION_STYLE_ASSIGNMENT((#4066));
#4068=STYLED_ITEM('',(#4067),#4060);
#4069=ADVANCED_FACE('',(#8945),#8947,.T.);
#4070=COLOUR_RGB('',0.968627450980392,0.87843137254902,0.6);
#4071=FILL_AREA_STYLE_COLOUR('',#4070);
#4072=FILL_AREA_STYLE($,(#4071));
#4073=SURFACE_STYLE_FILL_AREA(#4072);
#4074=SURFACE_SIDE_STYLE('',(#4073));
#4075=SURFACE_STYLE_USAGE(.BOTH.,#4074);
#4076=PRESENTATION_STYLE_ASSIGNMENT((#4075));
#4077=STYLED_ITEM('',(#4076),#4069);
#4078=ADVANCED_FACE('',(#8952),#8954,.T.);
#4079=COLOUR_RGB('',0.968627450980392,0.87843137254902,0.6);
#4080=FILL_AREA_STYLE_COLOUR('',#4079);
#4081=FILL_AREA_STYLE($,(#4080));
#4082=SURFACE_STYLE_FILL_AREA(#4081);
#4083=SURFACE_SIDE_STYLE('',(#4082));
#4084=SURFACE_STYLE_USAGE(.BOTH.,#4083);
#4085=PRESENTATION_STYLE_ASSIGNMENT((#4084));
#4086=STYLED_ITEM('',(#4085),#4078);
#4087=ADVANCED_FACE('',(#8959,#8961),#8963,.T.);
#4088=COLOUR_RGB('',0.968627450980392,0.87843137254902,0.6);
#4089=FILL_AREA_STYLE_COLOUR('',#4088);
#4090=FILL_AREA_STYLE($,(#4089));
#4091=SURFACE_STYLE_FILL_AREA(#4090);
#4092=SURFACE_SIDE_STYLE('',(#4091));
#4093=SURFACE_STYLE_USAGE(.BOTH.,#4092);
#4094=PRESENTATION_STYLE_ASSIGNMENT((#4093));
#4095=STYLED_ITEM('',(#4094),#4087);
#4096=ADVANCED_FACE('',(#8968,#8970),#8972,.T.);
#4097=COLOUR_RGB('',0.968627450980392,0.87843137254902,0.6);
#4098=FILL_AREA_STYLE_COLOUR('',#4097);
#4099=FILL_AREA_STYLE($,(#4098));
#4100=SURFACE_STYLE_FILL_AREA(#4099);
#4101=SURFACE_SIDE_STYLE('',(#4100));
#4102=SURFACE_STYLE_USAGE(.BOTH.,#4101);
#4103=PRESENTATION_STYLE_ASSIGNMENT((#4102));
#4104=STYLED_ITEM('',(#4103),#4096);
#4105=ADVANCED_FACE('',(#8977,#8979),#8981,.T.);
#4106=COLOUR_RGB('',0.968627450980392,0.87843137254902,0.6);
#4107=FILL_AREA_STYLE_COLOUR('',#4106);
#4108=FILL_AREA_STYLE($,(#4107));
#4109=SURFACE_STYLE_FILL_AREA(#4108);
#4110=SURFACE_SIDE_STYLE('',(#4109));
#4111=SURFACE_STYLE_USAGE(.BOTH.,#4110);
#4112=PRESENTATION_STYLE_ASSIGNMENT((#4111));
#4113=STYLED_ITEM('',(#4112),#4105);
#4114=ADVANCED_FACE('',(#8986,#8988),#8990,.T.);
#4115=COLOUR_RGB('',0.968627450980392,0.87843137254902,0.6);
#4116=FILL_AREA_STYLE_COLOUR('',#4115);
#4117=FILL_AREA_STYLE($,(#4116));
#4118=SURFACE_STYLE_FILL_AREA(#4117);
#4119=SURFACE_SIDE_STYLE('',(#4118));
#4120=SURFACE_STYLE_USAGE(.BOTH.,#4119);
#4121=PRESENTATION_STYLE_ASSIGNMENT((#4120));
#4122=STYLED_ITEM('',(#4121),#4114);
#4123=ADVANCED_FACE('',(#8995,#8997),#8999,.T.);
#4124=COLOUR_RGB('',0.968627450980392,0.87843137254902,0.6);
#4125=FILL_AREA_STYLE_COLOUR('',#4124);
#4126=FILL_AREA_STYLE($,(#4125));
#4127=SURFACE_STYLE_FILL_AREA(#4126);
#4128=SURFACE_SIDE_STYLE('',(#4127));
#4129=SURFACE_STYLE_USAGE(.BOTH.,#4128);
#4130=PRESENTATION_STYLE_ASSIGNMENT((#4129));
#4131=STYLED_ITEM('',(#4130),#4123);
#4132=ADVANCED_FACE('',(#9004,#9006),#9008,.T.);
#4133=COLOUR_RGB('',0.968627450980392,0.87843137254902,0.6);
#4134=FILL_AREA_STYLE_COLOUR('',#4133);
#4135=FILL_AREA_STYLE($,(#4134));
#4136=SURFACE_STYLE_FILL_AREA(#4135);
#4137=SURFACE_SIDE_STYLE('',(#4136));
#4138=SURFACE_STYLE_USAGE(.BOTH.,#4137);
#4139=PRESENTATION_STYLE_ASSIGNMENT((#4138));
#4140=STYLED_ITEM('',(#4139),#4132);
#4141=ADVANCED_FACE('',(#9013,#9015),#9017,.T.);
#4142=COLOUR_RGB('',0.968627450980392,0.87843137254902,0.6);
#4143=FILL_AREA_STYLE_COLOUR('',#4142);
#4144=FILL_AREA_STYLE($,(#4143));
#4145=SURFACE_STYLE_FILL_AREA(#4144);
#4146=SURFACE_SIDE_STYLE('',(#4145));
#4147=SURFACE_STYLE_USAGE(.BOTH.,#4146);
#4148=PRESENTATION_STYLE_ASSIGNMENT((#4147));
#4149=STYLED_ITEM('',(#4148),#4141);
#4150=ADVANCED_FACE('',(#9022),#9024,.T.);
#4151=COLOUR_RGB('',0.968627450980392,0.87843137254902,0.6);
#4152=FILL_AREA_STYLE_COLOUR('',#4151);
#4153=FILL_AREA_STYLE($,(#4152));
#4154=SURFACE_STYLE_FILL_AREA(#4153);
#4155=SURFACE_SIDE_STYLE('',(#4154));
#4156=SURFACE_STYLE_USAGE(.BOTH.,#4155);
#4157=PRESENTATION_STYLE_ASSIGNMENT((#4156));
#4158=STYLED_ITEM('',(#4157),#4150);
#4159=ADVANCED_FACE('',(#9029),#9031,.T.);
#4160=COLOUR_RGB('',0.968627450980392,0.87843137254902,0.6);
#4161=FILL_AREA_STYLE_COLOUR('',#4160);
#4162=FILL_AREA_STYLE($,(#4161));
#4163=SURFACE_STYLE_FILL_AREA(#4162);
#4164=SURFACE_SIDE_STYLE('',(#4163));
#4165=SURFACE_STYLE_USAGE(.BOTH.,#4164);
#4166=PRESENTATION_STYLE_ASSIGNMENT((#4165));
#4167=STYLED_ITEM('',(#4166),#4159);
#4168=ADVANCED_FACE('',(#9036,#9038),#9040,.T.);
#4169=COLOUR_RGB('',0.968627450980392,0.87843137254902,0.6);
#4170=FILL_AREA_STYLE_COLOUR('',#4169);
#4171=FILL_AREA_STYLE($,(#4170));
#4172=SURFACE_STYLE_FILL_AREA(#4171);
#4173=SURFACE_SIDE_STYLE('',(#4172));
#4174=SURFACE_STYLE_USAGE(.BOTH.,#4173);
#4175=PRESENTATION_STYLE_ASSIGNMENT((#4174));
#4176=STYLED_ITEM('',(#4175),#4168);
#4177=ADVANCED_FACE('',(#9045,#9047),#9049,.T.);
#4178=COLOUR_RGB('',0.968627450980392,0.87843137254902,0.6);
#4179=FILL_AREA_STYLE_COLOUR('',#4178);
#4180=FILL_AREA_STYLE($,(#4179));
#4181=SURFACE_STYLE_FILL_AREA(#4180);
#4182=SURFACE_SIDE_STYLE('',(#4181));
#4183=SURFACE_STYLE_USAGE(.BOTH.,#4182);
#4184=PRESENTATION_STYLE_ASSIGNMENT((#4183));
#4185=STYLED_ITEM('',(#4184),#4177);
#4186=ADVANCED_FACE('',(#9054,#9056),#9058,.T.);
#4187=COLOUR_RGB('',0.968627450980392,0.87843137254902,0.6);
#4188=FILL_AREA_STYLE_COLOUR('',#4187);
#4189=FILL_AREA_STYLE($,(#4188));
#4190=SURFACE_STYLE_FILL_AREA(#4189);
#4191=SURFACE_SIDE_STYLE('',(#4190));
#4192=SURFACE_STYLE_USAGE(.BOTH.,#4191);
#4193=PRESENTATION_STYLE_ASSIGNMENT((#4192));
#4194=STYLED_ITEM('',(#4193),#4186);
#4195=ADVANCED_FACE('',(#9063,#9065),#9067,.T.);
#4196=COLOUR_RGB('',0.968627450980392,0.87843137254902,0.6);
#4197=FILL_AREA_STYLE_COLOUR('',#4196);
#4198=FILL_AREA_STYLE($,(#4197));
#4199=SURFACE_STYLE_FILL_AREA(#4198);
#4200=SURFACE_SIDE_STYLE('',(#4199));
#4201=SURFACE_STYLE_USAGE(.BOTH.,#4200);
#4202=PRESENTATION_STYLE_ASSIGNMENT((#4201));
#4203=STYLED_ITEM('',(#4202),#4195);
#4204=ADVANCED_FACE('',(#9072,#9074),#9076,.T.);
#4205=COLOUR_RGB('',0.968627450980392,0.87843137254902,0.6);
#4206=FILL_AREA_STYLE_COLOUR('',#4205);
#4207=FILL_AREA_STYLE($,(#4206));
#4208=SURFACE_STYLE_FILL_AREA(#4207);
#4209=SURFACE_SIDE_STYLE('',(#4208));
#4210=SURFACE_STYLE_USAGE(.BOTH.,#4209);
#4211=PRESENTATION_STYLE_ASSIGNMENT((#4210));
#4212=STYLED_ITEM('',(#4211),#4204);
#4213=ADVANCED_FACE('',(#9081,#9083),#9085,.T.);
#4214=COLOUR_RGB('',0.968627450980392,0.87843137254902,0.6);
#4215=FILL_AREA_STYLE_COLOUR('',#4214);
#4216=FILL_AREA_STYLE($,(#4215));
#4217=SURFACE_STYLE_FILL_AREA(#4216);
#4218=SURFACE_SIDE_STYLE('',(#4217));
#4219=SURFACE_STYLE_USAGE(.BOTH.,#4218);
#4220=PRESENTATION_STYLE_ASSIGNMENT((#4219));
#4221=STYLED_ITEM('',(#4220),#4213);
#4222=ADVANCED_FACE('',(#9090,#9092),#9094,.T.);
#4223=COLOUR_RGB('',0.968627450980392,0.87843137254902,0.6);
#4224=FILL_AREA_STYLE_COLOUR('',#4223);
#4225=FILL_AREA_STYLE($,(#4224));
#4226=SURFACE_STYLE_FILL_AREA(#4225);
#4227=SURFACE_SIDE_STYLE('',(#4226));
#4228=SURFACE_STYLE_USAGE(.BOTH.,#4227);
#4229=PRESENTATION_STYLE_ASSIGNMENT((#4228));
#4230=STYLED_ITEM('',(#4229),#4222);
#4231=ADVANCED_FACE('',(#9099),#9101,.T.);
#4232=COLOUR_RGB('',0.968627450980392,0.87843137254902,0.6);
#4233=FILL_AREA_STYLE_COLOUR('',#4232);
#4234=FILL_AREA_STYLE($,(#4233));
#4235=SURFACE_STYLE_FILL_AREA(#4234);
#4236=SURFACE_SIDE_STYLE('',(#4235));
#4237=SURFACE_STYLE_USAGE(.BOTH.,#4236);
#4238=PRESENTATION_STYLE_ASSIGNMENT((#4237));
#4239=STYLED_ITEM('',(#4238),#4231);
#4240=ADVANCED_FACE('',(#9106),#9108,.T.);
#4241=COLOUR_RGB('',0.968627450980392,0.87843137254902,0.6);
#4242=FILL_AREA_STYLE_COLOUR('',#4241);
#4243=FILL_AREA_STYLE($,(#4242));
#4244=SURFACE_STYLE_FILL_AREA(#4243);
#4245=SURFACE_SIDE_STYLE('',(#4244));
#4246=SURFACE_STYLE_USAGE(.BOTH.,#4245);
#4247=PRESENTATION_STYLE_ASSIGNMENT((#4246));
#4248=STYLED_ITEM('',(#4247),#4240);
#4249=ADVANCED_FACE('',(#9113,#9115),#9117,.T.);
#4250=COLOUR_RGB('',0.968627450980392,0.87843137254902,0.6);
#4251=FILL_AREA_STYLE_COLOUR('',#4250);
#4252=FILL_AREA_STYLE($,(#4251));
#4253=SURFACE_STYLE_FILL_AREA(#4252);
#4254=SURFACE_SIDE_STYLE('',(#4253));
#4255=SURFACE_STYLE_USAGE(.BOTH.,#4254);
#4256=PRESENTATION_STYLE_ASSIGNMENT((#4255));
#4257=STYLED_ITEM('',(#4256),#4249);
#4258=ADVANCED_FACE('',(#9122,#9124),#9126,.T.);
#4259=COLOUR_RGB('',0.968627450980392,0.87843137254902,0.6);
#4260=FILL_AREA_STYLE_COLOUR('',#4259);
#4261=FILL_AREA_STYLE($,(#4260));
#4262=SURFACE_STYLE_FILL_AREA(#4261);
#4263=SURFACE_SIDE_STYLE('',(#4262));
#4264=SURFACE_STYLE_USAGE(.BOTH.,#4263);
#4265=PRESENTATION_STYLE_ASSIGNMENT((#4264));
#4266=STYLED_ITEM('',(#4265),#4258);
#4267=ADVANCED_FACE('',(#9131,#9133),#9135,.T.);
#4268=COLOUR_RGB('',0.968627450980392,0.87843137254902,0.6);
#4269=FILL_AREA_STYLE_COLOUR('',#4268);
#4270=FILL_AREA_STYLE($,(#4269));
#4271=SURFACE_STYLE_FILL_AREA(#4270);
#4272=SURFACE_SIDE_STYLE('',(#4271));
#4273=SURFACE_STYLE_USAGE(.BOTH.,#4272);
#4274=PRESENTATION_STYLE_ASSIGNMENT((#4273));
#4275=STYLED_ITEM('',(#4274),#4267);
#4276=ADVANCED_FACE('',(#9140,#9142),#9144,.T.);
#4277=COLOUR_RGB('',0.968627450980392,0.87843137254902,0.6);
#4278=FILL_AREA_STYLE_COLOUR('',#4277);
#4279=FILL_AREA_STYLE($,(#4278));
#4280=SURFACE_STYLE_FILL_AREA(#4279);
#4281=SURFACE_SIDE_STYLE('',(#4280));
#4282=SURFACE_STYLE_USAGE(.BOTH.,#4281);
#4283=PRESENTATION_STYLE_ASSIGNMENT((#4282));
#4284=STYLED_ITEM('',(#4283),#4276);
#4285=ADVANCED_FACE('',(#9149,#9151),#9153,.T.);
#4286=COLOUR_RGB('',0.968627450980392,0.87843137254902,0.6);
#4287=FILL_AREA_STYLE_COLOUR('',#4286);
#4288=FILL_AREA_STYLE($,(#4287));
#4289=SURFACE_STYLE_FILL_AREA(#4288);
#4290=SURFACE_SIDE_STYLE('',(#4289));
#4291=SURFACE_STYLE_USAGE(.BOTH.,#4290);
#4292=PRESENTATION_STYLE_ASSIGNMENT((#4291));
#4293=STYLED_ITEM('',(#4292),#4285);
#4294=ADVANCED_FACE('',(#9158,#9160),#9162,.T.);
#4295=COLOUR_RGB('',0.968627450980392,0.87843137254902,0.6);
#4296=FILL_AREA_STYLE_COLOUR('',#4295);
#4297=FILL_AREA_STYLE($,(#4296));
#4298=SURFACE_STYLE_FILL_AREA(#4297);
#4299=SURFACE_SIDE_STYLE('',(#4298));
#4300=SURFACE_STYLE_USAGE(.BOTH.,#4299);
#4301=PRESENTATION_STYLE_ASSIGNMENT((#4300));
#4302=STYLED_ITEM('',(#4301),#4294);
#4303=ADVANCED_FACE('',(#9167,#9169),#9171,.T.);
#4304=COLOUR_RGB('',0.968627450980392,0.87843137254902,0.6);
#4305=FILL_AREA_STYLE_COLOUR('',#4304);
#4306=FILL_AREA_STYLE($,(#4305));
#4307=SURFACE_STYLE_FILL_AREA(#4306);
#4308=SURFACE_SIDE_STYLE('',(#4307));
#4309=SURFACE_STYLE_USAGE(.BOTH.,#4308);
#4310=PRESENTATION_STYLE_ASSIGNMENT((#4309));
#4311=STYLED_ITEM('',(#4310),#4303);
#4312=ADVANCED_FACE('',(#9176),#9178,.T.);
#4313=COLOUR_RGB('',0.968627450980392,0.87843137254902,0.6);
#4314=FILL_AREA_STYLE_COLOUR('',#4313);
#4315=FILL_AREA_STYLE($,(#4314));
#4316=SURFACE_STYLE_FILL_AREA(#4315);
#4317=SURFACE_SIDE_STYLE('',(#4316));
#4318=SURFACE_STYLE_USAGE(.BOTH.,#4317);
#4319=PRESENTATION_STYLE_ASSIGNMENT((#4318));
#4320=STYLED_ITEM('',(#4319),#4312);
#4321=ADVANCED_FACE('',(#9183),#9185,.T.);
#4322=COLOUR_RGB('',0.968627450980392,0.87843137254902,0.6);
#4323=FILL_AREA_STYLE_COLOUR('',#4322);
#4324=FILL_AREA_STYLE($,(#4323));
#4325=SURFACE_STYLE_FILL_AREA(#4324);
#4326=SURFACE_SIDE_STYLE('',(#4325));
#4327=SURFACE_STYLE_USAGE(.BOTH.,#4326);
#4328=PRESENTATION_STYLE_ASSIGNMENT((#4327));
#4329=STYLED_ITEM('',(#4328),#4321);
#4330=ADVANCED_FACE('',(#9190,#9192),#9194,.T.);
#4331=COLOUR_RGB('',0.968627450980392,0.87843137254902,0.6);
#4332=FILL_AREA_STYLE_COLOUR('',#4331);
#4333=FILL_AREA_STYLE($,(#4332));
#4334=SURFACE_STYLE_FILL_AREA(#4333);
#4335=SURFACE_SIDE_STYLE('',(#4334));
#4336=SURFACE_STYLE_USAGE(.BOTH.,#4335);
#4337=PRESENTATION_STYLE_ASSIGNMENT((#4336));
#4338=STYLED_ITEM('',(#4337),#4330);
#4339=ADVANCED_FACE('',(#9199,#9201),#9203,.T.);
#4340=COLOUR_RGB('',0.968627450980392,0.87843137254902,0.6);
#4341=FILL_AREA_STYLE_COLOUR('',#4340);
#4342=FILL_AREA_STYLE($,(#4341));
#4343=SURFACE_STYLE_FILL_AREA(#4342);
#4344=SURFACE_SIDE_STYLE('',(#4343));
#4345=SURFACE_STYLE_USAGE(.BOTH.,#4344);
#4346=PRESENTATION_STYLE_ASSIGNMENT((#4345));
#4347=STYLED_ITEM('',(#4346),#4339);
#4348=ADVANCED_FACE('',(#9208,#9210),#9212,.T.);
#4349=COLOUR_RGB('',0.968627450980392,0.87843137254902,0.6);
#4350=FILL_AREA_STYLE_COLOUR('',#4349);
#4351=FILL_AREA_STYLE($,(#4350));
#4352=SURFACE_STYLE_FILL_AREA(#4351);
#4353=SURFACE_SIDE_STYLE('',(#4352));
#4354=SURFACE_STYLE_USAGE(.BOTH.,#4353);
#4355=PRESENTATION_STYLE_ASSIGNMENT((#4354));
#4356=STYLED_ITEM('',(#4355),#4348);
#4357=ADVANCED_FACE('',(#9217,#9219),#9221,.T.);
#4358=COLOUR_RGB('',0.968627450980392,0.87843137254902,0.6);
#4359=FILL_AREA_STYLE_COLOUR('',#4358);
#4360=FILL_AREA_STYLE($,(#4359));
#4361=SURFACE_STYLE_FILL_AREA(#4360);
#4362=SURFACE_SIDE_STYLE('',(#4361));
#4363=SURFACE_STYLE_USAGE(.BOTH.,#4362);
#4364=PRESENTATION_STYLE_ASSIGNMENT((#4363));
#4365=STYLED_ITEM('',(#4364),#4357);
#4366=ADVANCED_FACE('',(#9226,#9228),#9230,.T.);
#4367=COLOUR_RGB('',0.968627450980392,0.87843137254902,0.6);
#4368=FILL_AREA_STYLE_COLOUR('',#4367);
#4369=FILL_AREA_STYLE($,(#4368));
#4370=SURFACE_STYLE_FILL_AREA(#4369);
#4371=SURFACE_SIDE_STYLE('',(#4370));
#4372=SURFACE_STYLE_USAGE(.BOTH.,#4371);
#4373=PRESENTATION_STYLE_ASSIGNMENT((#4372));
#4374=STYLED_ITEM('',(#4373),#4366);
#4375=ADVANCED_FACE('',(#9235,#9237),#9239,.T.);
#4376=COLOUR_RGB('',0.968627450980392,0.87843137254902,0.6);
#4377=FILL_AREA_STYLE_COLOUR('',#4376);
#4378=FILL_AREA_STYLE($,(#4377));
#4379=SURFACE_STYLE_FILL_AREA(#4378);
#4380=SURFACE_SIDE_STYLE('',(#4379));
#4381=SURFACE_STYLE_USAGE(.BOTH.,#4380);
#4382=PRESENTATION_STYLE_ASSIGNMENT((#4381));
#4383=STYLED_ITEM('',(#4382),#4375);
#4384=ADVANCED_FACE('',(#9244,#9246),#9248,.T.);
#4385=COLOUR_RGB('',0.968627450980392,0.87843137254902,0.6);
#4386=FILL_AREA_STYLE_COLOUR('',#4385);
#4387=FILL_AREA_STYLE($,(#4386));
#4388=SURFACE_STYLE_FILL_AREA(#4387);
#4389=SURFACE_SIDE_STYLE('',(#4388));
#4390=SURFACE_STYLE_USAGE(.BOTH.,#4389);
#4391=PRESENTATION_STYLE_ASSIGNMENT((#4390));
#4392=STYLED_ITEM('',(#4391),#4384);
#4393=ADVANCED_FACE('',(#9253),#9255,.T.);
#4394=COLOUR_RGB('',0.968627450980392,0.87843137254902,0.6);
#4395=FILL_AREA_STYLE_COLOUR('',#4394);
#4396=FILL_AREA_STYLE($,(#4395));
#4397=SURFACE_STYLE_FILL_AREA(#4396);
#4398=SURFACE_SIDE_STYLE('',(#4397));
#4399=SURFACE_STYLE_USAGE(.BOTH.,#4398);
#4400=PRESENTATION_STYLE_ASSIGNMENT((#4399));
#4401=STYLED_ITEM('',(#4400),#4393);
#4402=ADVANCED_FACE('',(#9260),#9262,.T.);
#4403=COLOUR_RGB('',0.968627450980392,0.87843137254902,0.6);
#4404=FILL_AREA_STYLE_COLOUR('',#4403);
#4405=FILL_AREA_STYLE($,(#4404));
#4406=SURFACE_STYLE_FILL_AREA(#4405);
#4407=SURFACE_SIDE_STYLE('',(#4406));
#4408=SURFACE_STYLE_USAGE(.BOTH.,#4407);
#4409=PRESENTATION_STYLE_ASSIGNMENT((#4408));
#4410=STYLED_ITEM('',(#4409),#4402);
#4411=ADVANCED_FACE('',(#9267,#9269),#9271,.T.);
#4412=COLOUR_RGB('',0.968627450980392,0.87843137254902,0.6);
#4413=FILL_AREA_STYLE_COLOUR('',#4412);
#4414=FILL_AREA_STYLE($,(#4413));
#4415=SURFACE_STYLE_FILL_AREA(#4414);
#4416=SURFACE_SIDE_STYLE('',(#4415));
#4417=SURFACE_STYLE_USAGE(.BOTH.,#4416);
#4418=PRESENTATION_STYLE_ASSIGNMENT((#4417));
#4419=STYLED_ITEM('',(#4418),#4411);
#4420=ADVANCED_FACE('',(#9276,#9278),#9280,.T.);
#4421=COLOUR_RGB('',0.968627450980392,0.87843137254902,0.6);
#4422=FILL_AREA_STYLE_COLOUR('',#4421);
#4423=FILL_AREA_STYLE($,(#4422));
#4424=SURFACE_STYLE_FILL_AREA(#4423);
#4425=SURFACE_SIDE_STYLE('',(#4424));
#4426=SURFACE_STYLE_USAGE(.BOTH.,#4425);
#4427=PRESENTATION_STYLE_ASSIGNMENT((#4426));
#4428=STYLED_ITEM('',(#4427),#4420);
#4429=ADVANCED_FACE('',(#9285,#9287),#9289,.T.);
#4430=COLOUR_RGB('',0.968627450980392,0.87843137254902,0.6);
#4431=FILL_AREA_STYLE_COLOUR('',#4430);
#4432=FILL_AREA_STYLE($,(#4431));
#4433=SURFACE_STYLE_FILL_AREA(#4432);
#4434=SURFACE_SIDE_STYLE('',(#4433));
#4435=SURFACE_STYLE_USAGE(.BOTH.,#4434);
#4436=PRESENTATION_STYLE_ASSIGNMENT((#4435));
#4437=STYLED_ITEM('',(#4436),#4429);
#4438=ADVANCED_FACE('',(#9294,#9296),#9298,.T.);
#4439=COLOUR_RGB('',0.968627450980392,0.87843137254902,0.6);
#4440=FILL_AREA_STYLE_COLOUR('',#4439);
#4441=FILL_AREA_STYLE($,(#4440));
#4442=SURFACE_STYLE_FILL_AREA(#4441);
#4443=SURFACE_SIDE_STYLE('',(#4442));
#4444=SURFACE_STYLE_USAGE(.BOTH.,#4443);
#4445=PRESENTATION_STYLE_ASSIGNMENT((#4444));
#4446=STYLED_ITEM('',(#4445),#4438);
#4447=ADVANCED_FACE('',(#9303,#9305),#9307,.T.);
#4448=COLOUR_RGB('',0.968627450980392,0.87843137254902,0.6);
#4449=FILL_AREA_STYLE_COLOUR('',#4448);
#4450=FILL_AREA_STYLE($,(#4449));
#4451=SURFACE_STYLE_FILL_AREA(#4450);
#4452=SURFACE_SIDE_STYLE('',(#4451));
#4453=SURFACE_STYLE_USAGE(.BOTH.,#4452);
#4454=PRESENTATION_STYLE_ASSIGNMENT((#4453));
#4455=STYLED_ITEM('',(#4454),#4447);
#4456=ADVANCED_FACE('',(#9312,#9314),#9316,.T.);
#4457=COLOUR_RGB('',0.968627450980392,0.87843137254902,0.6);
#4458=FILL_AREA_STYLE_COLOUR('',#4457);
#4459=FILL_AREA_STYLE($,(#4458));
#4460=SURFACE_STYLE_FILL_AREA(#4459);
#4461=SURFACE_SIDE_STYLE('',(#4460));
#4462=SURFACE_STYLE_USAGE(.BOTH.,#4461);
#4463=PRESENTATION_STYLE_ASSIGNMENT((#4462));
#4464=STYLED_ITEM('',(#4463),#4456);
#4465=ADVANCED_FACE('',(#9321,#9323),#9325,.T.);
#4466=COLOUR_RGB('',0.968627450980392,0.87843137254902,0.6);
#4467=FILL_AREA_STYLE_COLOUR('',#4466);
#4468=FILL_AREA_STYLE($,(#4467));
#4469=SURFACE_STYLE_FILL_AREA(#4468);
#4470=SURFACE_SIDE_STYLE('',(#4469));
#4471=SURFACE_STYLE_USAGE(.BOTH.,#4470);
#4472=PRESENTATION_STYLE_ASSIGNMENT((#4471));
#4473=STYLED_ITEM('',(#4472),#4465);
#4474=ADVANCED_FACE('',(#9330),#9332,.T.);
#4475=COLOUR_RGB('',0.968627450980392,0.87843137254902,0.6);
#4476=FILL_AREA_STYLE_COLOUR('',#4475);
#4477=FILL_AREA_STYLE($,(#4476));
#4478=SURFACE_STYLE_FILL_AREA(#4477);
#4479=SURFACE_SIDE_STYLE('',(#4478));
#4480=SURFACE_STYLE_USAGE(.BOTH.,#4479);
#4481=PRESENTATION_STYLE_ASSIGNMENT((#4480));
#4482=STYLED_ITEM('',(#4481),#4474);
#4483=ADVANCED_FACE('',(#9337),#9339,.T.);
#4484=COLOUR_RGB('',0.968627450980392,0.87843137254902,0.6);
#4485=FILL_AREA_STYLE_COLOUR('',#4484);
#4486=FILL_AREA_STYLE($,(#4485));
#4487=SURFACE_STYLE_FILL_AREA(#4486);
#4488=SURFACE_SIDE_STYLE('',(#4487));
#4489=SURFACE_STYLE_USAGE(.BOTH.,#4488);
#4490=PRESENTATION_STYLE_ASSIGNMENT((#4489));
#4491=STYLED_ITEM('',(#4490),#4483);
#4492=ADVANCED_FACE('',(#9344,#9346),#9348,.T.);
#4493=COLOUR_RGB('',0.968627450980392,0.87843137254902,0.6);
#4494=FILL_AREA_STYLE_COLOUR('',#4493);
#4495=FILL_AREA_STYLE($,(#4494));
#4496=SURFACE_STYLE_FILL_AREA(#4495);
#4497=SURFACE_SIDE_STYLE('',(#4496));
#4498=SURFACE_STYLE_USAGE(.BOTH.,#4497);
#4499=PRESENTATION_STYLE_ASSIGNMENT((#4498));
#4500=STYLED_ITEM('',(#4499),#4492);
#4501=ADVANCED_FACE('',(#9353,#9355),#9357,.T.);
#4502=COLOUR_RGB('',0.968627450980392,0.87843137254902,0.6);
#4503=FILL_AREA_STYLE_COLOUR('',#4502);
#4504=FILL_AREA_STYLE($,(#4503));
#4505=SURFACE_STYLE_FILL_AREA(#4504);
#4506=SURFACE_SIDE_STYLE('',(#4505));
#4507=SURFACE_STYLE_USAGE(.BOTH.,#4506);
#4508=PRESENTATION_STYLE_ASSIGNMENT((#4507));
#4509=STYLED_ITEM('',(#4508),#4501);
#4510=ADVANCED_FACE('',(#9362,#9364),#9366,.T.);
#4511=COLOUR_RGB('',0.968627450980392,0.87843137254902,0.6);
#4512=FILL_AREA_STYLE_COLOUR('',#4511);
#4513=FILL_AREA_STYLE($,(#4512));
#4514=SURFACE_STYLE_FILL_AREA(#4513);
#4515=SURFACE_SIDE_STYLE('',(#4514));
#4516=SURFACE_STYLE_USAGE(.BOTH.,#4515);
#4517=PRESENTATION_STYLE_ASSIGNMENT((#4516));
#4518=STYLED_ITEM('',(#4517),#4510);
#4519=ADVANCED_FACE('',(#9371,#9373),#9375,.T.);
#4520=COLOUR_RGB('',0.968627450980392,0.87843137254902,0.6);
#4521=FILL_AREA_STYLE_COLOUR('',#4520);
#4522=FILL_AREA_STYLE($,(#4521));
#4523=SURFACE_STYLE_FILL_AREA(#4522);
#4524=SURFACE_SIDE_STYLE('',(#4523));
#4525=SURFACE_STYLE_USAGE(.BOTH.,#4524);
#4526=PRESENTATION_STYLE_ASSIGNMENT((#4525));
#4527=STYLED_ITEM('',(#4526),#4519);
#4528=ADVANCED_FACE('',(#9380,#9382),#9384,.T.);
#4529=COLOUR_RGB('',0.968627450980392,0.87843137254902,0.6);
#4530=FILL_AREA_STYLE_COLOUR('',#4529);
#4531=FILL_AREA_STYLE($,(#4530));
#4532=SURFACE_STYLE_FILL_AREA(#4531);
#4533=SURFACE_SIDE_STYLE('',(#4532));
#4534=SURFACE_STYLE_USAGE(.BOTH.,#4533);
#4535=PRESENTATION_STYLE_ASSIGNMENT((#4534));
#4536=STYLED_ITEM('',(#4535),#4528);
#4537=ADVANCED_FACE('',(#9389,#9391),#9393,.T.);
#4538=COLOUR_RGB('',0.968627450980392,0.87843137254902,0.6);
#4539=FILL_AREA_STYLE_COLOUR('',#4538);
#4540=FILL_AREA_STYLE($,(#4539));
#4541=SURFACE_STYLE_FILL_AREA(#4540);
#4542=SURFACE_SIDE_STYLE('',(#4541));
#4543=SURFACE_STYLE_USAGE(.BOTH.,#4542);
#4544=PRESENTATION_STYLE_ASSIGNMENT((#4543));
#4545=STYLED_ITEM('',(#4544),#4537);
#4546=ADVANCED_FACE('',(#9398,#9400),#9402,.T.);
#4547=COLOUR_RGB('',0.968627450980392,0.87843137254902,0.6);
#4548=FILL_AREA_STYLE_COLOUR('',#4547);
#4549=FILL_AREA_STYLE($,(#4548));
#4550=SURFACE_STYLE_FILL_AREA(#4549);
#4551=SURFACE_SIDE_STYLE('',(#4550));
#4552=SURFACE_STYLE_USAGE(.BOTH.,#4551);
#4553=PRESENTATION_STYLE_ASSIGNMENT((#4552));
#4554=STYLED_ITEM('',(#4553),#4546);
#4555=ADVANCED_FACE('',(#9407),#9409,.T.);
#4556=COLOUR_RGB('',0.968627450980392,0.87843137254902,0.6);
#4557=FILL_AREA_STYLE_COLOUR('',#4556);
#4558=FILL_AREA_STYLE($,(#4557));
#4559=SURFACE_STYLE_FILL_AREA(#4558);
#4560=SURFACE_SIDE_STYLE('',(#4559));
#4561=SURFACE_STYLE_USAGE(.BOTH.,#4560);
#4562=PRESENTATION_STYLE_ASSIGNMENT((#4561));
#4563=STYLED_ITEM('',(#4562),#4555);
#4564=ADVANCED_FACE('',(#9414),#9416,.T.);
#4565=COLOUR_RGB('',0.968627450980392,0.87843137254902,0.6);
#4566=FILL_AREA_STYLE_COLOUR('',#4565);
#4567=FILL_AREA_STYLE($,(#4566));
#4568=SURFACE_STYLE_FILL_AREA(#4567);
#4569=SURFACE_SIDE_STYLE('',(#4568));
#4570=SURFACE_STYLE_USAGE(.BOTH.,#4569);
#4571=PRESENTATION_STYLE_ASSIGNMENT((#4570));
#4572=STYLED_ITEM('',(#4571),#4564);
#4573=ADVANCED_FACE('',(#9421,#9423),#9425,.T.);
#4574=COLOUR_RGB('',0.968627450980392,0.87843137254902,0.6);
#4575=FILL_AREA_STYLE_COLOUR('',#4574);
#4576=FILL_AREA_STYLE($,(#4575));
#4577=SURFACE_STYLE_FILL_AREA(#4576);
#4578=SURFACE_SIDE_STYLE('',(#4577));
#4579=SURFACE_STYLE_USAGE(.BOTH.,#4578);
#4580=PRESENTATION_STYLE_ASSIGNMENT((#4579));
#4581=STYLED_ITEM('',(#4580),#4573);
#4582=ADVANCED_FACE('',(#9430,#9432),#9434,.T.);
#4583=COLOUR_RGB('',0.968627450980392,0.87843137254902,0.6);
#4584=FILL_AREA_STYLE_COLOUR('',#4583);
#4585=FILL_AREA_STYLE($,(#4584));
#4586=SURFACE_STYLE_FILL_AREA(#4585);
#4587=SURFACE_SIDE_STYLE('',(#4586));
#4588=SURFACE_STYLE_USAGE(.BOTH.,#4587);
#4589=PRESENTATION_STYLE_ASSIGNMENT((#4588));
#4590=STYLED_ITEM('',(#4589),#4582);
#4591=ADVANCED_FACE('',(#9439,#9441),#9443,.T.);
#4592=COLOUR_RGB('',0.968627450980392,0.87843137254902,0.6);
#4593=FILL_AREA_STYLE_COLOUR('',#4592);
#4594=FILL_AREA_STYLE($,(#4593));
#4595=SURFACE_STYLE_FILL_AREA(#4594);
#4596=SURFACE_SIDE_STYLE('',(#4595));
#4597=SURFACE_STYLE_USAGE(.BOTH.,#4596);
#4598=PRESENTATION_STYLE_ASSIGNMENT((#4597));
#4599=STYLED_ITEM('',(#4598),#4591);
#4600=ADVANCED_FACE('',(#9448,#9450),#9452,.T.);
#4601=COLOUR_RGB('',0.968627450980392,0.87843137254902,0.6);
#4602=FILL_AREA_STYLE_COLOUR('',#4601);
#4603=FILL_AREA_STYLE($,(#4602));
#4604=SURFACE_STYLE_FILL_AREA(#4603);
#4605=SURFACE_SIDE_STYLE('',(#4604));
#4606=SURFACE_STYLE_USAGE(.BOTH.,#4605);
#4607=PRESENTATION_STYLE_ASSIGNMENT((#4606));
#4608=STYLED_ITEM('',(#4607),#4600);
#4609=ADVANCED_FACE('',(#9457,#9459),#9461,.T.);
#4610=COLOUR_RGB('',0.968627450980392,0.87843137254902,0.6);
#4611=FILL_AREA_STYLE_COLOUR('',#4610);
#4612=FILL_AREA_STYLE($,(#4611));
#4613=SURFACE_STYLE_FILL_AREA(#4612);
#4614=SURFACE_SIDE_STYLE('',(#4613));
#4615=SURFACE_STYLE_USAGE(.BOTH.,#4614);
#4616=PRESENTATION_STYLE_ASSIGNMENT((#4615));
#4617=STYLED_ITEM('',(#4616),#4609);
#4618=ADVANCED_FACE('',(#9466,#9468),#9470,.T.);
#4619=COLOUR_RGB('',0.968627450980392,0.87843137254902,0.6);
#4620=FILL_AREA_STYLE_COLOUR('',#4619);
#4621=FILL_AREA_STYLE($,(#4620));
#4622=SURFACE_STYLE_FILL_AREA(#4621);
#4623=SURFACE_SIDE_STYLE('',(#4622));
#4624=SURFACE_STYLE_USAGE(.BOTH.,#4623);
#4625=PRESENTATION_STYLE_ASSIGNMENT((#4624));
#4626=STYLED_ITEM('',(#4625),#4618);
#4627=ADVANCED_FACE('',(#9475,#9477),#9479,.T.);
#4628=COLOUR_RGB('',0.968627450980392,0.87843137254902,0.6);
#4629=FILL_AREA_STYLE_COLOUR('',#4628);
#4630=FILL_AREA_STYLE($,(#4629));
#4631=SURFACE_STYLE_FILL_AREA(#4630);
#4632=SURFACE_SIDE_STYLE('',(#4631));
#4633=SURFACE_STYLE_USAGE(.BOTH.,#4632);
#4634=PRESENTATION_STYLE_ASSIGNMENT((#4633));
#4635=STYLED_ITEM('',(#4634),#4627);
#4636=ADVANCED_FACE('',(#9484),#9486,.T.);
#4637=COLOUR_RGB('',0.968627450980392,0.87843137254902,0.6);
#4638=FILL_AREA_STYLE_COLOUR('',#4637);
#4639=FILL_AREA_STYLE($,(#4638));
#4640=SURFACE_STYLE_FILL_AREA(#4639);
#4641=SURFACE_SIDE_STYLE('',(#4640));
#4642=SURFACE_STYLE_USAGE(.BOTH.,#4641);
#4643=PRESENTATION_STYLE_ASSIGNMENT((#4642));
#4644=STYLED_ITEM('',(#4643),#4636);
#4645=ADVANCED_FACE('',(#9491),#9493,.T.);
#4646=COLOUR_RGB('',0.968627450980392,0.87843137254902,0.6);
#4647=FILL_AREA_STYLE_COLOUR('',#4646);
#4648=FILL_AREA_STYLE($,(#4647));
#4649=SURFACE_STYLE_FILL_AREA(#4648);
#4650=SURFACE_SIDE_STYLE('',(#4649));
#4651=SURFACE_STYLE_USAGE(.BOTH.,#4650);
#4652=PRESENTATION_STYLE_ASSIGNMENT((#4651));
#4653=STYLED_ITEM('',(#4652),#4645);
#4654=ADVANCED_FACE('',(#9498,#9500),#9502,.T.);
#4655=COLOUR_RGB('',0.968627450980392,0.87843137254902,0.6);
#4656=FILL_AREA_STYLE_COLOUR('',#4655);
#4657=FILL_AREA_STYLE($,(#4656));
#4658=SURFACE_STYLE_FILL_AREA(#4657);
#4659=SURFACE_SIDE_STYLE('',(#4658));
#4660=SURFACE_STYLE_USAGE(.BOTH.,#4659);
#4661=PRESENTATION_STYLE_ASSIGNMENT((#4660));
#4662=STYLED_ITEM('',(#4661),#4654);
#4663=ADVANCED_FACE('',(#9507,#9509),#9511,.T.);
#4664=COLOUR_RGB('',0.968627450980392,0.87843137254902,0.6);
#4665=FILL_AREA_STYLE_COLOUR('',#4664);
#4666=FILL_AREA_STYLE($,(#4665));
#4667=SURFACE_STYLE_FILL_AREA(#4666);
#4668=SURFACE_SIDE_STYLE('',(#4667));
#4669=SURFACE_STYLE_USAGE(.BOTH.,#4668);
#4670=PRESENTATION_STYLE_ASSIGNMENT((#4669));
#4671=STYLED_ITEM('',(#4670),#4663);
#4672=ADVANCED_FACE('',(#9516,#9518),#9520,.T.);
#4673=COLOUR_RGB('',0.968627450980392,0.87843137254902,0.6);
#4674=FILL_AREA_STYLE_COLOUR('',#4673);
#4675=FILL_AREA_STYLE($,(#4674));
#4676=SURFACE_STYLE_FILL_AREA(#4675);
#4677=SURFACE_SIDE_STYLE('',(#4676));
#4678=SURFACE_STYLE_USAGE(.BOTH.,#4677);
#4679=PRESENTATION_STYLE_ASSIGNMENT((#4678));
#4680=STYLED_ITEM('',(#4679),#4672);
#4681=ADVANCED_FACE('',(#9525,#9527),#9529,.T.);
#4682=COLOUR_RGB('',0.968627450980392,0.87843137254902,0.6);
#4683=FILL_AREA_STYLE_COLOUR('',#4682);
#4684=FILL_AREA_STYLE($,(#4683));
#4685=SURFACE_STYLE_FILL_AREA(#4684);
#4686=SURFACE_SIDE_STYLE('',(#4685));
#4687=SURFACE_STYLE_USAGE(.BOTH.,#4686);
#4688=PRESENTATION_STYLE_ASSIGNMENT((#4687));
#4689=STYLED_ITEM('',(#4688),#4681);
#4690=ADVANCED_FACE('',(#9534,#9536),#9538,.T.);
#4691=COLOUR_RGB('',0.968627450980392,0.87843137254902,0.6);
#4692=FILL_AREA_STYLE_COLOUR('',#4691);
#4693=FILL_AREA_STYLE($,(#4692));
#4694=SURFACE_STYLE_FILL_AREA(#4693);
#4695=SURFACE_SIDE_STYLE('',(#4694));
#4696=SURFACE_STYLE_USAGE(.BOTH.,#4695);
#4697=PRESENTATION_STYLE_ASSIGNMENT((#4696));
#4698=STYLED_ITEM('',(#4697),#4690);
#4699=ADVANCED_FACE('',(#9543,#9545),#9547,.T.);
#4700=COLOUR_RGB('',0.968627450980392,0.87843137254902,0.6);
#4701=FILL_AREA_STYLE_COLOUR('',#4700);
#4702=FILL_AREA_STYLE($,(#4701));
#4703=SURFACE_STYLE_FILL_AREA(#4702);
#4704=SURFACE_SIDE_STYLE('',(#4703));
#4705=SURFACE_STYLE_USAGE(.BOTH.,#4704);
#4706=PRESENTATION_STYLE_ASSIGNMENT((#4705));
#4707=STYLED_ITEM('',(#4706),#4699);
#4708=ADVANCED_FACE('',(#9552,#9554),#9556,.T.);
#4709=COLOUR_RGB('',0.968627450980392,0.87843137254902,0.6);
#4710=FILL_AREA_STYLE_COLOUR('',#4709);
#4711=FILL_AREA_STYLE($,(#4710));
#4712=SURFACE_STYLE_FILL_AREA(#4711);
#4713=SURFACE_SIDE_STYLE('',(#4712));
#4714=SURFACE_STYLE_USAGE(.BOTH.,#4713);
#4715=PRESENTATION_STYLE_ASSIGNMENT((#4714));
#4716=STYLED_ITEM('',(#4715),#4708);
#4717=ADVANCED_FACE('',(#9561),#9563,.T.);
#4718=COLOUR_RGB('',0.968627450980392,0.87843137254902,0.6);
#4719=FILL_AREA_STYLE_COLOUR('',#4718);
#4720=FILL_AREA_STYLE($,(#4719));
#4721=SURFACE_STYLE_FILL_AREA(#4720);
#4722=SURFACE_SIDE_STYLE('',(#4721));
#4723=SURFACE_STYLE_USAGE(.BOTH.,#4722);
#4724=PRESENTATION_STYLE_ASSIGNMENT((#4723));
#4725=STYLED_ITEM('',(#4724),#4717);
#4726=ADVANCED_FACE('',(#9568),#9570,.T.);
#4727=COLOUR_RGB('',0.968627450980392,0.87843137254902,0.6);
#4728=FILL_AREA_STYLE_COLOUR('',#4727);
#4729=FILL_AREA_STYLE($,(#4728));
#4730=SURFACE_STYLE_FILL_AREA(#4729);
#4731=SURFACE_SIDE_STYLE('',(#4730));
#4732=SURFACE_STYLE_USAGE(.BOTH.,#4731);
#4733=PRESENTATION_STYLE_ASSIGNMENT((#4732));
#4734=STYLED_ITEM('',(#4733),#4726);
#4735=ADVANCED_FACE('',(#9575,#9577),#9579,.T.);
#4736=COLOUR_RGB('',0.968627450980392,0.87843137254902,0.6);
#4737=FILL_AREA_STYLE_COLOUR('',#4736);
#4738=FILL_AREA_STYLE($,(#4737));
#4739=SURFACE_STYLE_FILL_AREA(#4738);
#4740=SURFACE_SIDE_STYLE('',(#4739));
#4741=SURFACE_STYLE_USAGE(.BOTH.,#4740);
#4742=PRESENTATION_STYLE_ASSIGNMENT((#4741));
#4743=STYLED_ITEM('',(#4742),#4735);
#4744=ADVANCED_FACE('',(#9584,#9586),#9588,.T.);
#4745=COLOUR_RGB('',0.968627450980392,0.87843137254902,0.6);
#4746=FILL_AREA_STYLE_COLOUR('',#4745);
#4747=FILL_AREA_STYLE($,(#4746));
#4748=SURFACE_STYLE_FILL_AREA(#4747);
#4749=SURFACE_SIDE_STYLE('',(#4748));
#4750=SURFACE_STYLE_USAGE(.BOTH.,#4749);
#4751=PRESENTATION_STYLE_ASSIGNMENT((#4750));
#4752=STYLED_ITEM('',(#4751),#4744);
#4753=ADVANCED_FACE('',(#9593,#9595),#9597,.T.);
#4754=COLOUR_RGB('',0.968627450980392,0.87843137254902,0.6);
#4755=FILL_AREA_STYLE_COLOUR('',#4754);
#4756=FILL_AREA_STYLE($,(#4755));
#4757=SURFACE_STYLE_FILL_AREA(#4756);
#4758=SURFACE_SIDE_STYLE('',(#4757));
#4759=SURFACE_STYLE_USAGE(.BOTH.,#4758);
#4760=PRESENTATION_STYLE_ASSIGNMENT((#4759));
#4761=STYLED_ITEM('',(#4760),#4753);
#4762=ADVANCED_FACE('',(#9602,#9604),#9606,.T.);
#4763=COLOUR_RGB('',0.968627450980392,0.87843137254902,0.6);
#4764=FILL_AREA_STYLE_COLOUR('',#4763);
#4765=FILL_AREA_STYLE($,(#4764));
#4766=SURFACE_STYLE_FILL_AREA(#4765);
#4767=SURFACE_SIDE_STYLE('',(#4766));
#4768=SURFACE_STYLE_USAGE(.BOTH.,#4767);
#4769=PRESENTATION_STYLE_ASSIGNMENT((#4768));
#4770=STYLED_ITEM('',(#4769),#4762);
#4771=ADVANCED_FACE('',(#9611,#9613),#9615,.T.);
#4772=COLOUR_RGB('',0.968627450980392,0.87843137254902,0.6);
#4773=FILL_AREA_STYLE_COLOUR('',#4772);
#4774=FILL_AREA_STYLE($,(#4773));
#4775=SURFACE_STYLE_FILL_AREA(#4774);
#4776=SURFACE_SIDE_STYLE('',(#4775));
#4777=SURFACE_STYLE_USAGE(.BOTH.,#4776);
#4778=PRESENTATION_STYLE_ASSIGNMENT((#4777));
#4779=STYLED_ITEM('',(#4778),#4771);
#4780=ADVANCED_FACE('',(#9620,#9622),#9624,.T.);
#4781=COLOUR_RGB('',0.968627450980392,0.87843137254902,0.6);
#4782=FILL_AREA_STYLE_COLOUR('',#4781);
#4783=FILL_AREA_STYLE($,(#4782));
#4784=SURFACE_STYLE_FILL_AREA(#4783);
#4785=SURFACE_SIDE_STYLE('',(#4784));
#4786=SURFACE_STYLE_USAGE(.BOTH.,#4785);
#4787=PRESENTATION_STYLE_ASSIGNMENT((#4786));
#4788=STYLED_ITEM('',(#4787),#4780);
#4789=ADVANCED_FACE('',(#9629,#9631),#9633,.T.);
#4790=COLOUR_RGB('',0.968627450980392,0.87843137254902,0.6);
#4791=FILL_AREA_STYLE_COLOUR('',#4790);
#4792=FILL_AREA_STYLE($,(#4791));
#4793=SURFACE_STYLE_FILL_AREA(#4792);
#4794=SURFACE_SIDE_STYLE('',(#4793));
#4795=SURFACE_STYLE_USAGE(.BOTH.,#4794);
#4796=PRESENTATION_STYLE_ASSIGNMENT((#4795));
#4797=STYLED_ITEM('',(#4796),#4789);
#4798=ADVANCED_FACE('',(#9638),#9640,.T.);
#4799=COLOUR_RGB('',0.968627450980392,0.87843137254902,0.6);
#4800=FILL_AREA_STYLE_COLOUR('',#4799);
#4801=FILL_AREA_STYLE($,(#4800));
#4802=SURFACE_STYLE_FILL_AREA(#4801);
#4803=SURFACE_SIDE_STYLE('',(#4802));
#4804=SURFACE_STYLE_USAGE(.BOTH.,#4803);
#4805=PRESENTATION_STYLE_ASSIGNMENT((#4804));
#4806=STYLED_ITEM('',(#4805),#4798);
#4807=ADVANCED_FACE('',(#9645),#9647,.T.);
#4808=COLOUR_RGB('',0.968627450980392,0.87843137254902,0.6);
#4809=FILL_AREA_STYLE_COLOUR('',#4808);
#4810=FILL_AREA_STYLE($,(#4809));
#4811=SURFACE_STYLE_FILL_AREA(#4810);
#4812=SURFACE_SIDE_STYLE('',(#4811));
#4813=SURFACE_STYLE_USAGE(.BOTH.,#4812);
#4814=PRESENTATION_STYLE_ASSIGNMENT((#4813));
#4815=STYLED_ITEM('',(#4814),#4807);
#4816=ADVANCED_FACE('',(#9652,#9654),#9656,.T.);
#4817=COLOUR_RGB('',0.968627450980392,0.87843137254902,0.6);
#4818=FILL_AREA_STYLE_COLOUR('',#4817);
#4819=FILL_AREA_STYLE($,(#4818));
#4820=SURFACE_STYLE_FILL_AREA(#4819);
#4821=SURFACE_SIDE_STYLE('',(#4820));
#4822=SURFACE_STYLE_USAGE(.BOTH.,#4821);
#4823=PRESENTATION_STYLE_ASSIGNMENT((#4822));
#4824=STYLED_ITEM('',(#4823),#4816);
#4825=ADVANCED_FACE('',(#9661,#9663),#9665,.T.);
#4826=COLOUR_RGB('',0.968627450980392,0.87843137254902,0.6);
#4827=FILL_AREA_STYLE_COLOUR('',#4826);
#4828=FILL_AREA_STYLE($,(#4827));
#4829=SURFACE_STYLE_FILL_AREA(#4828);
#4830=SURFACE_SIDE_STYLE('',(#4829));
#4831=SURFACE_STYLE_USAGE(.BOTH.,#4830);
#4832=PRESENTATION_STYLE_ASSIGNMENT((#4831));
#4833=STYLED_ITEM('',(#4832),#4825);
#4834=ADVANCED_FACE('',(#9670,#9672),#9674,.T.);
#4835=COLOUR_RGB('',0.968627450980392,0.87843137254902,0.6);
#4836=FILL_AREA_STYLE_COLOUR('',#4835);
#4837=FILL_AREA_STYLE($,(#4836));
#4838=SURFACE_STYLE_FILL_AREA(#4837);
#4839=SURFACE_SIDE_STYLE('',(#4838));
#4840=SURFACE_STYLE_USAGE(.BOTH.,#4839);
#4841=PRESENTATION_STYLE_ASSIGNMENT((#4840));
#4842=STYLED_ITEM('',(#4841),#4834);
#4843=ADVANCED_FACE('',(#9679,#9681),#9683,.T.);
#4844=COLOUR_RGB('',0.968627450980392,0.87843137254902,0.6);
#4845=FILL_AREA_STYLE_COLOUR('',#4844);
#4846=FILL_AREA_STYLE($,(#4845));
#4847=SURFACE_STYLE_FILL_AREA(#4846);
#4848=SURFACE_SIDE_STYLE('',(#4847));
#4849=SURFACE_STYLE_USAGE(.BOTH.,#4848);
#4850=PRESENTATION_STYLE_ASSIGNMENT((#4849));
#4851=STYLED_ITEM('',(#4850),#4843);
#4852=ADVANCED_FACE('',(#9688,#9690),#9692,.T.);
#4853=COLOUR_RGB('',0.968627450980392,0.87843137254902,0.6);
#4854=FILL_AREA_STYLE_COLOUR('',#4853);
#4855=FILL_AREA_STYLE($,(#4854));
#4856=SURFACE_STYLE_FILL_AREA(#4855);
#4857=SURFACE_SIDE_STYLE('',(#4856));
#4858=SURFACE_STYLE_USAGE(.BOTH.,#4857);
#4859=PRESENTATION_STYLE_ASSIGNMENT((#4858));
#4860=STYLED_ITEM('',(#4859),#4852);
#4861=ADVANCED_FACE('',(#9697,#9699),#9701,.T.);
#4862=COLOUR_RGB('',0.968627450980392,0.87843137254902,0.6);
#4863=FILL_AREA_STYLE_COLOUR('',#4862);
#4864=FILL_AREA_STYLE($,(#4863));
#4865=SURFACE_STYLE_FILL_AREA(#4864);
#4866=SURFACE_SIDE_STYLE('',(#4865));
#4867=SURFACE_STYLE_USAGE(.BOTH.,#4866);
#4868=PRESENTATION_STYLE_ASSIGNMENT((#4867));
#4869=STYLED_ITEM('',(#4868),#4861);
#4870=ADVANCED_FACE('',(#9706,#9708),#9710,.T.);
#4871=COLOUR_RGB('',0.968627450980392,0.87843137254902,0.6);
#4872=FILL_AREA_STYLE_COLOUR('',#4871);
#4873=FILL_AREA_STYLE($,(#4872));
#4874=SURFACE_STYLE_FILL_AREA(#4873);
#4875=SURFACE_SIDE_STYLE('',(#4874));
#4876=SURFACE_STYLE_USAGE(.BOTH.,#4875);
#4877=PRESENTATION_STYLE_ASSIGNMENT((#4876));
#4878=STYLED_ITEM('',(#4877),#4870);
#4879=ADVANCED_FACE('',(#9715),#9717,.T.);
#4880=COLOUR_RGB('',0.968627450980392,0.87843137254902,0.6);
#4881=FILL_AREA_STYLE_COLOUR('',#4880);
#4882=FILL_AREA_STYLE($,(#4881));
#4883=SURFACE_STYLE_FILL_AREA(#4882);
#4884=SURFACE_SIDE_STYLE('',(#4883));
#4885=SURFACE_STYLE_USAGE(.BOTH.,#4884);
#4886=PRESENTATION_STYLE_ASSIGNMENT((#4885));
#4887=STYLED_ITEM('',(#4886),#4879);
#4888=ADVANCED_FACE('',(#9722),#9724,.T.);
#4889=COLOUR_RGB('',0.968627450980392,0.87843137254902,0.6);
#4890=FILL_AREA_STYLE_COLOUR('',#4889);
#4891=FILL_AREA_STYLE($,(#4890));
#4892=SURFACE_STYLE_FILL_AREA(#4891);
#4893=SURFACE_SIDE_STYLE('',(#4892));
#4894=SURFACE_STYLE_USAGE(.BOTH.,#4893);
#4895=PRESENTATION_STYLE_ASSIGNMENT((#4894));
#4896=STYLED_ITEM('',(#4895),#4888);
#4897=ADVANCED_FACE('',(#9729,#9731),#9733,.T.);
#4898=COLOUR_RGB('',0.968627450980392,0.87843137254902,0.6);
#4899=FILL_AREA_STYLE_COLOUR('',#4898);
#4900=FILL_AREA_STYLE($,(#4899));
#4901=SURFACE_STYLE_FILL_AREA(#4900);
#4902=SURFACE_SIDE_STYLE('',(#4901));
#4903=SURFACE_STYLE_USAGE(.BOTH.,#4902);
#4904=PRESENTATION_STYLE_ASSIGNMENT((#4903));
#4905=STYLED_ITEM('',(#4904),#4897);
#4906=ADVANCED_FACE('',(#9738,#9740),#9742,.T.);
#4907=COLOUR_RGB('',0.968627450980392,0.87843137254902,0.6);
#4908=FILL_AREA_STYLE_COLOUR('',#4907);
#4909=FILL_AREA_STYLE($,(#4908));
#4910=SURFACE_STYLE_FILL_AREA(#4909);
#4911=SURFACE_SIDE_STYLE('',(#4910));
#4912=SURFACE_STYLE_USAGE(.BOTH.,#4911);
#4913=PRESENTATION_STYLE_ASSIGNMENT((#4912));
#4914=STYLED_ITEM('',(#4913),#4906);
#4915=ADVANCED_FACE('',(#9747,#9749),#9751,.T.);
#4916=COLOUR_RGB('',0.968627450980392,0.87843137254902,0.6);
#4917=FILL_AREA_STYLE_COLOUR('',#4916);
#4918=FILL_AREA_STYLE($,(#4917));
#4919=SURFACE_STYLE_FILL_AREA(#4918);
#4920=SURFACE_SIDE_STYLE('',(#4919));
#4921=SURFACE_STYLE_USAGE(.BOTH.,#4920);
#4922=PRESENTATION_STYLE_ASSIGNMENT((#4921));
#4923=STYLED_ITEM('',(#4922),#4915);
#4924=ADVANCED_FACE('',(#9756,#9758),#9760,.T.);
#4925=COLOUR_RGB('',0.968627450980392,0.87843137254902,0.6);
#4926=FILL_AREA_STYLE_COLOUR('',#4925);
#4927=FILL_AREA_STYLE($,(#4926));
#4928=SURFACE_STYLE_FILL_AREA(#4927);
#4929=SURFACE_SIDE_STYLE('',(#4928));
#4930=SURFACE_STYLE_USAGE(.BOTH.,#4929);
#4931=PRESENTATION_STYLE_ASSIGNMENT((#4930));
#4932=STYLED_ITEM('',(#4931),#4924);
#4933=ADVANCED_FACE('',(#9765,#9767),#9769,.T.);
#4934=COLOUR_RGB('',0.968627450980392,0.87843137254902,0.6);
#4935=FILL_AREA_STYLE_COLOUR('',#4934);
#4936=FILL_AREA_STYLE($,(#4935));
#4937=SURFACE_STYLE_FILL_AREA(#4936);
#4938=SURFACE_SIDE_STYLE('',(#4937));
#4939=SURFACE_STYLE_USAGE(.BOTH.,#4938);
#4940=PRESENTATION_STYLE_ASSIGNMENT((#4939));
#4941=STYLED_ITEM('',(#4940),#4933);
#4942=ADVANCED_FACE('',(#9774,#9776),#9778,.T.);
#4943=COLOUR_RGB('',0.968627450980392,0.87843137254902,0.6);
#4944=FILL_AREA_STYLE_COLOUR('',#4943);
#4945=FILL_AREA_STYLE($,(#4944));
#4946=SURFACE_STYLE_FILL_AREA(#4945);
#4947=SURFACE_SIDE_STYLE('',(#4946));
#4948=SURFACE_STYLE_USAGE(.BOTH.,#4947);
#4949=PRESENTATION_STYLE_ASSIGNMENT((#4948));
#4950=STYLED_ITEM('',(#4949),#4942);
#4951=ADVANCED_FACE('',(#9783,#9785),#9787,.T.);
#4952=COLOUR_RGB('',0.968627450980392,0.87843137254902,0.6);
#4953=FILL_AREA_STYLE_COLOUR('',#4952);
#4954=FILL_AREA_STYLE($,(#4953));
#4955=SURFACE_STYLE_FILL_AREA(#4954);
#4956=SURFACE_SIDE_STYLE('',(#4955));
#4957=SURFACE_STYLE_USAGE(.BOTH.,#4956);
#4958=PRESENTATION_STYLE_ASSIGNMENT((#4957));
#4959=STYLED_ITEM('',(#4958),#4951);
#4960=ADVANCED_FACE('',(#9792),#9794,.T.);
#4961=COLOUR_RGB('',0.968627450980392,0.87843137254902,0.6);
#4962=FILL_AREA_STYLE_COLOUR('',#4961);
#4963=FILL_AREA_STYLE($,(#4962));
#4964=SURFACE_STYLE_FILL_AREA(#4963);
#4965=SURFACE_SIDE_STYLE('',(#4964));
#4966=SURFACE_STYLE_USAGE(.BOTH.,#4965);
#4967=PRESENTATION_STYLE_ASSIGNMENT((#4966));
#4968=STYLED_ITEM('',(#4967),#4960);
#4969=ADVANCED_FACE('',(#9799),#9801,.T.);
#4970=COLOUR_RGB('',0.968627450980392,0.87843137254902,0.6);
#4971=FILL_AREA_STYLE_COLOUR('',#4970);
#4972=FILL_AREA_STYLE($,(#4971));
#4973=SURFACE_STYLE_FILL_AREA(#4972);
#4974=SURFACE_SIDE_STYLE('',(#4973));
#4975=SURFACE_STYLE_USAGE(.BOTH.,#4974);
#4976=PRESENTATION_STYLE_ASSIGNMENT((#4975));
#4977=STYLED_ITEM('',(#4976),#4969);
#4978=ADVANCED_FACE('',(#9806,#9808),#9810,.T.);
#4979=COLOUR_RGB('',0.968627450980392,0.87843137254902,0.6);
#4980=FILL_AREA_STYLE_COLOUR('',#4979);
#4981=FILL_AREA_STYLE($,(#4980));
#4982=SURFACE_STYLE_FILL_AREA(#4981);
#4983=SURFACE_SIDE_STYLE('',(#4982));
#4984=SURFACE_STYLE_USAGE(.BOTH.,#4983);
#4985=PRESENTATION_STYLE_ASSIGNMENT((#4984));
#4986=STYLED_ITEM('',(#4985),#4978);
#4987=ADVANCED_FACE('',(#9815,#9817),#9819,.T.);
#4988=COLOUR_RGB('',0.968627450980392,0.87843137254902,0.6);
#4989=FILL_AREA_STYLE_COLOUR('',#4988);
#4990=FILL_AREA_STYLE($,(#4989));
#4991=SURFACE_STYLE_FILL_AREA(#4990);
#4992=SURFACE_SIDE_STYLE('',(#4991));
#4993=SURFACE_STYLE_USAGE(.BOTH.,#4992);
#4994=PRESENTATION_STYLE_ASSIGNMENT((#4993));
#4995=STYLED_ITEM('',(#4994),#4987);
#4996=ADVANCED_FACE('',(#9824,#9826),#9828,.T.);
#4997=COLOUR_RGB('',0.968627450980392,0.87843137254902,0.6);
#4998=FILL_AREA_STYLE_COLOUR('',#4997);
#4999=FILL_AREA_STYLE($,(#4998));
#5000=SURFACE_STYLE_FILL_AREA(#4999);
#5001=SURFACE_SIDE_STYLE('',(#5000));
#5002=SURFACE_STYLE_USAGE(.BOTH.,#5001);
#5003=PRESENTATION_STYLE_ASSIGNMENT((#5002));
#5004=STYLED_ITEM('',(#5003),#4996);
#5005=ADVANCED_FACE('',(#9833,#9835),#9837,.T.);
#5006=COLOUR_RGB('',0.968627450980392,0.87843137254902,0.6);
#5007=FILL_AREA_STYLE_COLOUR('',#5006);
#5008=FILL_AREA_STYLE($,(#5007));
#5009=SURFACE_STYLE_FILL_AREA(#5008);
#5010=SURFACE_SIDE_STYLE('',(#5009));
#5011=SURFACE_STYLE_USAGE(.BOTH.,#5010);
#5012=PRESENTATION_STYLE_ASSIGNMENT((#5011));
#5013=STYLED_ITEM('',(#5012),#5005);
#5014=ADVANCED_FACE('',(#9842,#9844),#9846,.T.);
#5015=COLOUR_RGB('',0.968627450980392,0.87843137254902,0.6);
#5016=FILL_AREA_STYLE_COLOUR('',#5015);
#5017=FILL_AREA_STYLE($,(#5016));
#5018=SURFACE_STYLE_FILL_AREA(#5017);
#5019=SURFACE_SIDE_STYLE('',(#5018));
#5020=SURFACE_STYLE_USAGE(.BOTH.,#5019);
#5021=PRESENTATION_STYLE_ASSIGNMENT((#5020));
#5022=STYLED_ITEM('',(#5021),#5014);
#5023=ADVANCED_FACE('',(#9851,#9853),#9855,.T.);
#5024=COLOUR_RGB('',0.968627450980392,0.87843137254902,0.6);
#5025=FILL_AREA_STYLE_COLOUR('',#5024);
#5026=FILL_AREA_STYLE($,(#5025));
#5027=SURFACE_STYLE_FILL_AREA(#5026);
#5028=SURFACE_SIDE_STYLE('',(#5027));
#5029=SURFACE_STYLE_USAGE(.BOTH.,#5028);
#5030=PRESENTATION_STYLE_ASSIGNMENT((#5029));
#5031=STYLED_ITEM('',(#5030),#5023);
#5032=ADVANCED_FACE('',(#9860,#9862),#9864,.T.);
#5033=COLOUR_RGB('',0.968627450980392,0.87843137254902,0.6);
#5034=FILL_AREA_STYLE_COLOUR('',#5033);
#5035=FILL_AREA_STYLE($,(#5034));
#5036=SURFACE_STYLE_FILL_AREA(#5035);
#5037=SURFACE_SIDE_STYLE('',(#5036));
#5038=SURFACE_STYLE_USAGE(.BOTH.,#5037);
#5039=PRESENTATION_STYLE_ASSIGNMENT((#5038));
#5040=STYLED_ITEM('',(#5039),#5032);
#5041=ADVANCED_FACE('',(#9869),#9871,.T.);
#5042=COLOUR_RGB('',0.968627450980392,0.87843137254902,0.6);
#5043=FILL_AREA_STYLE_COLOUR('',#5042);
#5044=FILL_AREA_STYLE($,(#5043));
#5045=SURFACE_STYLE_FILL_AREA(#5044);
#5046=SURFACE_SIDE_STYLE('',(#5045));
#5047=SURFACE_STYLE_USAGE(.BOTH.,#5046);
#5048=PRESENTATION_STYLE_ASSIGNMENT((#5047));
#5049=STYLED_ITEM('',(#5048),#5041);
#5050=ADVANCED_FACE('',(#9876),#9878,.T.);
#5051=COLOUR_RGB('',0.968627450980392,0.87843137254902,0.6);
#5052=FILL_AREA_STYLE_COLOUR('',#5051);
#5053=FILL_AREA_STYLE($,(#5052));
#5054=SURFACE_STYLE_FILL_AREA(#5053);
#5055=SURFACE_SIDE_STYLE('',(#5054));
#5056=SURFACE_STYLE_USAGE(.BOTH.,#5055);
#5057=PRESENTATION_STYLE_ASSIGNMENT((#5056));
#5058=STYLED_ITEM('',(#5057),#5050);
#5059=ADVANCED_FACE('',(#9883,#9885),#9887,.T.);
#5060=COLOUR_RGB('',0.968627450980392,0.87843137254902,0.6);
#5061=FILL_AREA_STYLE_COLOUR('',#5060);
#5062=FILL_AREA_STYLE($,(#5061));
#5063=SURFACE_STYLE_FILL_AREA(#5062);
#5064=SURFACE_SIDE_STYLE('',(#5063));
#5065=SURFACE_STYLE_USAGE(.BOTH.,#5064);
#5066=PRESENTATION_STYLE_ASSIGNMENT((#5065));
#5067=STYLED_ITEM('',(#5066),#5059);
#5068=ADVANCED_FACE('',(#9892,#9894),#9896,.T.);
#5069=COLOUR_RGB('',0.968627450980392,0.87843137254902,0.6);
#5070=FILL_AREA_STYLE_COLOUR('',#5069);
#5071=FILL_AREA_STYLE($,(#5070));
#5072=SURFACE_STYLE_FILL_AREA(#5071);
#5073=SURFACE_SIDE_STYLE('',(#5072));
#5074=SURFACE_STYLE_USAGE(.BOTH.,#5073);
#5075=PRESENTATION_STYLE_ASSIGNMENT((#5074));
#5076=STYLED_ITEM('',(#5075),#5068);
#5077=ADVANCED_FACE('',(#9901,#9903),#9905,.T.);
#5078=COLOUR_RGB('',0.968627450980392,0.87843137254902,0.6);
#5079=FILL_AREA_STYLE_COLOUR('',#5078);
#5080=FILL_AREA_STYLE($,(#5079));
#5081=SURFACE_STYLE_FILL_AREA(#5080);
#5082=SURFACE_SIDE_STYLE('',(#5081));
#5083=SURFACE_STYLE_USAGE(.BOTH.,#5082);
#5084=PRESENTATION_STYLE_ASSIGNMENT((#5083));
#5085=STYLED_ITEM('',(#5084),#5077);
#5086=ADVANCED_FACE('',(#9910,#9912),#9914,.T.);
#5087=COLOUR_RGB('',0.968627450980392,0.87843137254902,0.6);
#5088=FILL_AREA_STYLE_COLOUR('',#5087);
#5089=FILL_AREA_STYLE($,(#5088));
#5090=SURFACE_STYLE_FILL_AREA(#5089);
#5091=SURFACE_SIDE_STYLE('',(#5090));
#5092=SURFACE_STYLE_USAGE(.BOTH.,#5091);
#5093=PRESENTATION_STYLE_ASSIGNMENT((#5092));
#5094=STYLED_ITEM('',(#5093),#5086);
#5095=ADVANCED_FACE('',(#9919,#9921),#9923,.T.);
#5096=COLOUR_RGB('',0.968627450980392,0.87843137254902,0.6);
#5097=FILL_AREA_STYLE_COLOUR('',#5096);
#5098=FILL_AREA_STYLE($,(#5097));
#5099=SURFACE_STYLE_FILL_AREA(#5098);
#5100=SURFACE_SIDE_STYLE('',(#5099));
#5101=SURFACE_STYLE_USAGE(.BOTH.,#5100);
#5102=PRESENTATION_STYLE_ASSIGNMENT((#5101));
#5103=STYLED_ITEM('',(#5102),#5095);
#5104=ADVANCED_FACE('',(#9928,#9930),#9932,.T.);
#5105=COLOUR_RGB('',0.968627450980392,0.87843137254902,0.6);
#5106=FILL_AREA_STYLE_COLOUR('',#5105);
#5107=FILL_AREA_STYLE($,(#5106));
#5108=SURFACE_STYLE_FILL_AREA(#5107);
#5109=SURFACE_SIDE_STYLE('',(#5108));
#5110=SURFACE_STYLE_USAGE(.BOTH.,#5109);
#5111=PRESENTATION_STYLE_ASSIGNMENT((#5110));
#5112=STYLED_ITEM('',(#5111),#5104);
#5113=ADVANCED_FACE('',(#9937,#9939),#9941,.T.);
#5114=COLOUR_RGB('',0.968627450980392,0.87843137254902,0.6);
#5115=FILL_AREA_STYLE_COLOUR('',#5114);
#5116=FILL_AREA_STYLE($,(#5115));
#5117=SURFACE_STYLE_FILL_AREA(#5116);
#5118=SURFACE_SIDE_STYLE('',(#5117));
#5119=SURFACE_STYLE_USAGE(.BOTH.,#5118);
#5120=PRESENTATION_STYLE_ASSIGNMENT((#5119));
#5121=STYLED_ITEM('',(#5120),#5113);
#5122=ADVANCED_FACE('',(#9946),#9948,.T.);
#5123=COLOUR_RGB('',0.968627450980392,0.87843137254902,0.6);
#5124=FILL_AREA_STYLE_COLOUR('',#5123);
#5125=FILL_AREA_STYLE($,(#5124));
#5126=SURFACE_STYLE_FILL_AREA(#5125);
#5127=SURFACE_SIDE_STYLE('',(#5126));
#5128=SURFACE_STYLE_USAGE(.BOTH.,#5127);
#5129=PRESENTATION_STYLE_ASSIGNMENT((#5128));
#5130=STYLED_ITEM('',(#5129),#5122);
#5131=ADVANCED_FACE('',(#9953),#9955,.T.);
#5132=COLOUR_RGB('',0.968627450980392,0.87843137254902,0.6);
#5133=FILL_AREA_STYLE_COLOUR('',#5132);
#5134=FILL_AREA_STYLE($,(#5133));
#5135=SURFACE_STYLE_FILL_AREA(#5134);
#5136=SURFACE_SIDE_STYLE('',(#5135));
#5137=SURFACE_STYLE_USAGE(.BOTH.,#5136);
#5138=PRESENTATION_STYLE_ASSIGNMENT((#5137));
#5139=STYLED_ITEM('',(#5138),#5131);
#5140=ADVANCED_FACE('',(#9960,#9962),#9964,.T.);
#5141=COLOUR_RGB('',0.968627450980392,0.87843137254902,0.6);
#5142=FILL_AREA_STYLE_COLOUR('',#5141);
#5143=FILL_AREA_STYLE($,(#5142));
#5144=SURFACE_STYLE_FILL_AREA(#5143);
#5145=SURFACE_SIDE_STYLE('',(#5144));
#5146=SURFACE_STYLE_USAGE(.BOTH.,#5145);
#5147=PRESENTATION_STYLE_ASSIGNMENT((#5146));
#5148=STYLED_ITEM('',(#5147),#5140);
#5149=ADVANCED_FACE('',(#9969,#9971),#9973,.T.);
#5150=COLOUR_RGB('',0.968627450980392,0.87843137254902,0.6);
#5151=FILL_AREA_STYLE_COLOUR('',#5150);
#5152=FILL_AREA_STYLE($,(#5151));
#5153=SURFACE_STYLE_FILL_AREA(#5152);
#5154=SURFACE_SIDE_STYLE('',(#5153));
#5155=SURFACE_STYLE_USAGE(.BOTH.,#5154);
#5156=PRESENTATION_STYLE_ASSIGNMENT((#5155));
#5157=STYLED_ITEM('',(#5156),#5149);
#5158=ADVANCED_FACE('',(#9978,#9980),#9982,.T.);
#5159=COLOUR_RGB('',0.968627450980392,0.87843137254902,0.6);
#5160=FILL_AREA_STYLE_COLOUR('',#5159);
#5161=FILL_AREA_STYLE($,(#5160));
#5162=SURFACE_STYLE_FILL_AREA(#5161);
#5163=SURFACE_SIDE_STYLE('',(#5162));
#5164=SURFACE_STYLE_USAGE(.BOTH.,#5163);
#5165=PRESENTATION_STYLE_ASSIGNMENT((#5164));
#5166=STYLED_ITEM('',(#5165),#5158);
#5167=ADVANCED_FACE('',(#9987,#9989),#9991,.T.);
#5168=COLOUR_RGB('',0.968627450980392,0.87843137254902,0.6);
#5169=FILL_AREA_STYLE_COLOUR('',#5168);
#5170=FILL_AREA_STYLE($,(#5169));
#5171=SURFACE_STYLE_FILL_AREA(#5170);
#5172=SURFACE_SIDE_STYLE('',(#5171));
#5173=SURFACE_STYLE_USAGE(.BOTH.,#5172);
#5174=PRESENTATION_STYLE_ASSIGNMENT((#5173));
#5175=STYLED_ITEM('',(#5174),#5167);
#5176=ADVANCED_FACE('',(#9996,#9998),#10000,.T.);
#5177=COLOUR_RGB('',0.968627450980392,0.87843137254902,0.6);
#5178=FILL_AREA_STYLE_COLOUR('',#5177);
#5179=FILL_AREA_STYLE($,(#5178));
#5180=SURFACE_STYLE_FILL_AREA(#5179);
#5181=SURFACE_SIDE_STYLE('',(#5180));
#5182=SURFACE_STYLE_USAGE(.BOTH.,#5181);
#5183=PRESENTATION_STYLE_ASSIGNMENT((#5182));
#5184=STYLED_ITEM('',(#5183),#5176);
#5185=ADVANCED_FACE('',(#10005,#10007),#10009,.T.);
#5186=COLOUR_RGB('',0.968627450980392,0.87843137254902,0.6);
#5187=FILL_AREA_STYLE_COLOUR('',#5186);
#5188=FILL_AREA_STYLE($,(#5187));
#5189=SURFACE_STYLE_FILL_AREA(#5188);
#5190=SURFACE_SIDE_STYLE('',(#5189));
#5191=SURFACE_STYLE_USAGE(.BOTH.,#5190);
#5192=PRESENTATION_STYLE_ASSIGNMENT((#5191));
#5193=STYLED_ITEM('',(#5192),#5185);
#5194=ADVANCED_FACE('',(#10014,#10016),#10018,.T.);
#5195=COLOUR_RGB('',0.968627450980392,0.87843137254902,0.6);
#5196=FILL_AREA_STYLE_COLOUR('',#5195);
#5197=FILL_AREA_STYLE($,(#5196));
#5198=SURFACE_STYLE_FILL_AREA(#5197);
#5199=SURFACE_SIDE_STYLE('',(#5198));
#5200=SURFACE_STYLE_USAGE(.BOTH.,#5199);
#5201=PRESENTATION_STYLE_ASSIGNMENT((#5200));
#5202=STYLED_ITEM('',(#5201),#5194);
#5203=ADVANCED_FACE('',(#10023),#10025,.T.);
#5204=COLOUR_RGB('',0.968627450980392,0.87843137254902,0.6);
#5205=FILL_AREA_STYLE_COLOUR('',#5204);
#5206=FILL_AREA_STYLE($,(#5205));
#5207=SURFACE_STYLE_FILL_AREA(#5206);
#5208=SURFACE_SIDE_STYLE('',(#5207));
#5209=SURFACE_STYLE_USAGE(.BOTH.,#5208);
#5210=PRESENTATION_STYLE_ASSIGNMENT((#5209));
#5211=STYLED_ITEM('',(#5210),#5203);
#5212=ADVANCED_FACE('',(#10030),#10032,.T.);
#5213=COLOUR_RGB('',0.968627450980392,0.87843137254902,0.6);
#5214=FILL_AREA_STYLE_COLOUR('',#5213);
#5215=FILL_AREA_STYLE($,(#5214));
#5216=SURFACE_STYLE_FILL_AREA(#5215);
#5217=SURFACE_SIDE_STYLE('',(#5216));
#5218=SURFACE_STYLE_USAGE(.BOTH.,#5217);
#5219=PRESENTATION_STYLE_ASSIGNMENT((#5218));
#5220=STYLED_ITEM('',(#5219),#5212);
#5221=ADVANCED_FACE('',(#10037,#10039),#10041,.T.);
#5222=COLOUR_RGB('',0.968627450980392,0.87843137254902,0.6);
#5223=FILL_AREA_STYLE_COLOUR('',#5222);
#5224=FILL_AREA_STYLE($,(#5223));
#5225=SURFACE_STYLE_FILL_AREA(#5224);
#5226=SURFACE_SIDE_STYLE('',(#5225));
#5227=SURFACE_STYLE_USAGE(.BOTH.,#5226);
#5228=PRESENTATION_STYLE_ASSIGNMENT((#5227));
#5229=STYLED_ITEM('',(#5228),#5221);
#5230=ADVANCED_FACE('',(#10046,#10048),#10050,.T.);
#5231=COLOUR_RGB('',0.968627450980392,0.87843137254902,0.6);
#5232=FILL_AREA_STYLE_COLOUR('',#5231);
#5233=FILL_AREA_STYLE($,(#5232));
#5234=SURFACE_STYLE_FILL_AREA(#5233);
#5235=SURFACE_SIDE_STYLE('',(#5234));
#5236=SURFACE_STYLE_USAGE(.BOTH.,#5235);
#5237=PRESENTATION_STYLE_ASSIGNMENT((#5236));
#5238=STYLED_ITEM('',(#5237),#5230);
#5239=ADVANCED_FACE('',(#10055,#10057),#10059,.T.);
#5240=COLOUR_RGB('',0.968627450980392,0.87843137254902,0.6);
#5241=FILL_AREA_STYLE_COLOUR('',#5240);
#5242=FILL_AREA_STYLE($,(#5241));
#5243=SURFACE_STYLE_FILL_AREA(#5242);
#5244=SURFACE_SIDE_STYLE('',(#5243));
#5245=SURFACE_STYLE_USAGE(.BOTH.,#5244);
#5246=PRESENTATION_STYLE_ASSIGNMENT((#5245));
#5247=STYLED_ITEM('',(#5246),#5239);
#5248=ADVANCED_FACE('',(#10064,#10066),#10068,.T.);
#5249=COLOUR_RGB('',0.968627450980392,0.87843137254902,0.6);
#5250=FILL_AREA_STYLE_COLOUR('',#5249);
#5251=FILL_AREA_STYLE($,(#5250));
#5252=SURFACE_STYLE_FILL_AREA(#5251);
#5253=SURFACE_SIDE_STYLE('',(#5252));
#5254=SURFACE_STYLE_USAGE(.BOTH.,#5253);
#5255=PRESENTATION_STYLE_ASSIGNMENT((#5254));
#5256=STYLED_ITEM('',(#5255),#5248);
#5257=ADVANCED_FACE('',(#10073,#10075),#10077,.T.);
#5258=COLOUR_RGB('',0.968627450980392,0.87843137254902,0.6);
#5259=FILL_AREA_STYLE_COLOUR('',#5258);
#5260=FILL_AREA_STYLE($,(#5259));
#5261=SURFACE_STYLE_FILL_AREA(#5260);
#5262=SURFACE_SIDE_STYLE('',(#5261));
#5263=SURFACE_STYLE_USAGE(.BOTH.,#5262);
#5264=PRESENTATION_STYLE_ASSIGNMENT((#5263));
#5265=STYLED_ITEM('',(#5264),#5257);
#5266=ADVANCED_FACE('',(#10082,#10084),#10086,.T.);
#5267=COLOUR_RGB('',0.968627450980392,0.87843137254902,0.6);
#5268=FILL_AREA_STYLE_COLOUR('',#5267);
#5269=FILL_AREA_STYLE($,(#5268));
#5270=SURFACE_STYLE_FILL_AREA(#5269);
#5271=SURFACE_SIDE_STYLE('',(#5270));
#5272=SURFACE_STYLE_USAGE(.BOTH.,#5271);
#5273=PRESENTATION_STYLE_ASSIGNMENT((#5272));
#5274=STYLED_ITEM('',(#5273),#5266);
#5275=ADVANCED_FACE('',(#10091,#10093),#10095,.T.);
#5276=COLOUR_RGB('',0.968627450980392,0.87843137254902,0.6);
#5277=FILL_AREA_STYLE_COLOUR('',#5276);
#5278=FILL_AREA_STYLE($,(#5277));
#5279=SURFACE_STYLE_FILL_AREA(#5278);
#5280=SURFACE_SIDE_STYLE('',(#5279));
#5281=SURFACE_STYLE_USAGE(.BOTH.,#5280);
#5282=PRESENTATION_STYLE_ASSIGNMENT((#5281));
#5283=STYLED_ITEM('',(#5282),#5275);
#5284=ADVANCED_FACE('',(#10100),#10102,.T.);
#5285=COLOUR_RGB('',0.968627450980392,0.87843137254902,0.6);
#5286=FILL_AREA_STYLE_COLOUR('',#5285);
#5287=FILL_AREA_STYLE($,(#5286));
#5288=SURFACE_STYLE_FILL_AREA(#5287);
#5289=SURFACE_SIDE_STYLE('',(#5288));
#5290=SURFACE_STYLE_USAGE(.BOTH.,#5289);
#5291=PRESENTATION_STYLE_ASSIGNMENT((#5290));
#5292=STYLED_ITEM('',(#5291),#5284);
#5293=ADVANCED_FACE('',(#10107),#10109,.T.);
#5294=COLOUR_RGB('',0.968627450980392,0.87843137254902,0.6);
#5295=FILL_AREA_STYLE_COLOUR('',#5294);
#5296=FILL_AREA_STYLE($,(#5295));
#5297=SURFACE_STYLE_FILL_AREA(#5296);
#5298=SURFACE_SIDE_STYLE('',(#5297));
#5299=SURFACE_STYLE_USAGE(.BOTH.,#5298);
#5300=PRESENTATION_STYLE_ASSIGNMENT((#5299));
#5301=STYLED_ITEM('',(#5300),#5293);
#5302=ADVANCED_FACE('',(#10114,#10116),#10118,.T.);
#5303=COLOUR_RGB('',0.968627450980392,0.87843137254902,0.6);
#5304=FILL_AREA_STYLE_COLOUR('',#5303);
#5305=FILL_AREA_STYLE($,(#5304));
#5306=SURFACE_STYLE_FILL_AREA(#5305);
#5307=SURFACE_SIDE_STYLE('',(#5306));
#5308=SURFACE_STYLE_USAGE(.BOTH.,#5307);
#5309=PRESENTATION_STYLE_ASSIGNMENT((#5308));
#5310=STYLED_ITEM('',(#5309),#5302);
#5311=ADVANCED_FACE('',(#10123,#10125),#10127,.T.);
#5312=COLOUR_RGB('',0.968627450980392,0.87843137254902,0.6);
#5313=FILL_AREA_STYLE_COLOUR('',#5312);
#5314=FILL_AREA_STYLE($,(#5313));
#5315=SURFACE_STYLE_FILL_AREA(#5314);
#5316=SURFACE_SIDE_STYLE('',(#5315));
#5317=SURFACE_STYLE_USAGE(.BOTH.,#5316);
#5318=PRESENTATION_STYLE_ASSIGNMENT((#5317));
#5319=STYLED_ITEM('',(#5318),#5311);
#5320=ADVANCED_FACE('',(#10132,#10134),#10136,.T.);
#5321=COLOUR_RGB('',0.968627450980392,0.87843137254902,0.6);
#5322=FILL_AREA_STYLE_COLOUR('',#5321);
#5323=FILL_AREA_STYLE($,(#5322));
#5324=SURFACE_STYLE_FILL_AREA(#5323);
#5325=SURFACE_SIDE_STYLE('',(#5324));
#5326=SURFACE_STYLE_USAGE(.BOTH.,#5325);
#5327=PRESENTATION_STYLE_ASSIGNMENT((#5326));
#5328=STYLED_ITEM('',(#5327),#5320);
#5329=ADVANCED_FACE('',(#10141,#10143),#10145,.T.);
#5330=COLOUR_RGB('',0.968627450980392,0.87843137254902,0.6);
#5331=FILL_AREA_STYLE_COLOUR('',#5330);
#5332=FILL_AREA_STYLE($,(#5331));
#5333=SURFACE_STYLE_FILL_AREA(#5332);
#5334=SURFACE_SIDE_STYLE('',(#5333));
#5335=SURFACE_STYLE_USAGE(.BOTH.,#5334);
#5336=PRESENTATION_STYLE_ASSIGNMENT((#5335));
#5337=STYLED_ITEM('',(#5336),#5329);
#5338=ADVANCED_FACE('',(#10150,#10152),#10154,.T.);
#5339=COLOUR_RGB('',0.968627450980392,0.87843137254902,0.6);
#5340=FILL_AREA_STYLE_COLOUR('',#5339);
#5341=FILL_AREA_STYLE($,(#5340));
#5342=SURFACE_STYLE_FILL_AREA(#5341);
#5343=SURFACE_SIDE_STYLE('',(#5342));
#5344=SURFACE_STYLE_USAGE(.BOTH.,#5343);
#5345=PRESENTATION_STYLE_ASSIGNMENT((#5344));
#5346=STYLED_ITEM('',(#5345),#5338);
#5347=ADVANCED_FACE('',(#10159,#10161),#10163,.T.);
#5348=COLOUR_RGB('',0.968627450980392,0.87843137254902,0.6);
#5349=FILL_AREA_STYLE_COLOUR('',#5348);
#5350=FILL_AREA_STYLE($,(#5349));
#5351=SURFACE_STYLE_FILL_AREA(#5350);
#5352=SURFACE_SIDE_STYLE('',(#5351));
#5353=SURFACE_STYLE_USAGE(.BOTH.,#5352);
#5354=PRESENTATION_STYLE_ASSIGNMENT((#5353));
#5355=STYLED_ITEM('',(#5354),#5347);
#5356=ADVANCED_FACE('',(#10168,#10170),#10172,.T.);
#5357=COLOUR_RGB('',0.968627450980392,0.87843137254902,0.6);
#5358=FILL_AREA_STYLE_COLOUR('',#5357);
#5359=FILL_AREA_STYLE($,(#5358));
#5360=SURFACE_STYLE_FILL_AREA(#5359);
#5361=SURFACE_SIDE_STYLE('',(#5360));
#5362=SURFACE_STYLE_USAGE(.BOTH.,#5361);
#5363=PRESENTATION_STYLE_ASSIGNMENT((#5362));
#5364=STYLED_ITEM('',(#5363),#5356);
#5365=ADVANCED_FACE('',(#10177),#10179,.T.);
#5366=COLOUR_RGB('',0.968627450980392,0.87843137254902,0.6);
#5367=FILL_AREA_STYLE_COLOUR('',#5366);
#5368=FILL_AREA_STYLE($,(#5367));
#5369=SURFACE_STYLE_FILL_AREA(#5368);
#5370=SURFACE_SIDE_STYLE('',(#5369));
#5371=SURFACE_STYLE_USAGE(.BOTH.,#5370);
#5372=PRESENTATION_STYLE_ASSIGNMENT((#5371));
#5373=STYLED_ITEM('',(#5372),#5365);
#5374=ADVANCED_FACE('',(#10184),#10186,.T.);
#5375=COLOUR_RGB('',0.968627450980392,0.87843137254902,0.6);
#5376=FILL_AREA_STYLE_COLOUR('',#5375);
#5377=FILL_AREA_STYLE($,(#5376));
#5378=SURFACE_STYLE_FILL_AREA(#5377);
#5379=SURFACE_SIDE_STYLE('',(#5378));
#5380=SURFACE_STYLE_USAGE(.BOTH.,#5379);
#5381=PRESENTATION_STYLE_ASSIGNMENT((#5380));
#5382=STYLED_ITEM('',(#5381),#5374);
#5383=ADVANCED_FACE('',(#10191,#10193),#10195,.T.);
#5384=COLOUR_RGB('',0.968627450980392,0.87843137254902,0.6);
#5385=FILL_AREA_STYLE_COLOUR('',#5384);
#5386=FILL_AREA_STYLE($,(#5385));
#5387=SURFACE_STYLE_FILL_AREA(#5386);
#5388=SURFACE_SIDE_STYLE('',(#5387));
#5389=SURFACE_STYLE_USAGE(.BOTH.,#5388);
#5390=PRESENTATION_STYLE_ASSIGNMENT((#5389));
#5391=STYLED_ITEM('',(#5390),#5383);
#5392=ADVANCED_FACE('',(#10200,#10202),#10204,.T.);
#5393=COLOUR_RGB('',0.968627450980392,0.87843137254902,0.6);
#5394=FILL_AREA_STYLE_COLOUR('',#5393);
#5395=FILL_AREA_STYLE($,(#5394));
#5396=SURFACE_STYLE_FILL_AREA(#5395);
#5397=SURFACE_SIDE_STYLE('',(#5396));
#5398=SURFACE_STYLE_USAGE(.BOTH.,#5397);
#5399=PRESENTATION_STYLE_ASSIGNMENT((#5398));
#5400=STYLED_ITEM('',(#5399),#5392);
#5401=ADVANCED_FACE('',(#10209,#10211),#10213,.T.);
#5402=COLOUR_RGB('',0.968627450980392,0.87843137254902,0.6);
#5403=FILL_AREA_STYLE_COLOUR('',#5402);
#5404=FILL_AREA_STYLE($,(#5403));
#5405=SURFACE_STYLE_FILL_AREA(#5404);
#5406=SURFACE_SIDE_STYLE('',(#5405));
#5407=SURFACE_STYLE_USAGE(.BOTH.,#5406);
#5408=PRESENTATION_STYLE_ASSIGNMENT((#5407));
#5409=STYLED_ITEM('',(#5408),#5401);
#5410=ADVANCED_FACE('',(#10218,#10220),#10222,.T.);
#5411=COLOUR_RGB('',0.968627450980392,0.87843137254902,0.6);
#5412=FILL_AREA_STYLE_COLOUR('',#5411);
#5413=FILL_AREA_STYLE($,(#5412));
#5414=SURFACE_STYLE_FILL_AREA(#5413);
#5415=SURFACE_SIDE_STYLE('',(#5414));
#5416=SURFACE_STYLE_USAGE(.BOTH.,#5415);
#5417=PRESENTATION_STYLE_ASSIGNMENT((#5416));
#5418=STYLED_ITEM('',(#5417),#5410);
#5419=ADVANCED_FACE('',(#10227,#10229),#10231,.T.);
#5420=COLOUR_RGB('',0.968627450980392,0.87843137254902,0.6);
#5421=FILL_AREA_STYLE_COLOUR('',#5420);
#5422=FILL_AREA_STYLE($,(#5421));
#5423=SURFACE_STYLE_FILL_AREA(#5422);
#5424=SURFACE_SIDE_STYLE('',(#5423));
#5425=SURFACE_STYLE_USAGE(.BOTH.,#5424);
#5426=PRESENTATION_STYLE_ASSIGNMENT((#5425));
#5427=STYLED_ITEM('',(#5426),#5419);
#5428=ADVANCED_FACE('',(#10236,#10238),#10240,.T.);
#5429=COLOUR_RGB('',0.968627450980392,0.87843137254902,0.6);
#5430=FILL_AREA_STYLE_COLOUR('',#5429);
#5431=FILL_AREA_STYLE($,(#5430));
#5432=SURFACE_STYLE_FILL_AREA(#5431);
#5433=SURFACE_SIDE_STYLE('',(#5432));
#5434=SURFACE_STYLE_USAGE(.BOTH.,#5433);
#5435=PRESENTATION_STYLE_ASSIGNMENT((#5434));
#5436=STYLED_ITEM('',(#5435),#5428);
#5437=ADVANCED_FACE('',(#10245,#10247),#10249,.T.);
#5438=COLOUR_RGB('',0.968627450980392,0.87843137254902,0.6);
#5439=FILL_AREA_STYLE_COLOUR('',#5438);
#5440=FILL_AREA_STYLE($,(#5439));
#5441=SURFACE_STYLE_FILL_AREA(#5440);
#5442=SURFACE_SIDE_STYLE('',(#5441));
#5443=SURFACE_STYLE_USAGE(.BOTH.,#5442);
#5444=PRESENTATION_STYLE_ASSIGNMENT((#5443));
#5445=STYLED_ITEM('',(#5444),#5437);
#5446=ADVANCED_FACE('',(#10254),#10256,.T.);
#5447=COLOUR_RGB('',0.968627450980392,0.87843137254902,0.6);
#5448=FILL_AREA_STYLE_COLOUR('',#5447);
#5449=FILL_AREA_STYLE($,(#5448));
#5450=SURFACE_STYLE_FILL_AREA(#5449);
#5451=SURFACE_SIDE_STYLE('',(#5450));
#5452=SURFACE_STYLE_USAGE(.BOTH.,#5451);
#5453=PRESENTATION_STYLE_ASSIGNMENT((#5452));
#5454=STYLED_ITEM('',(#5453),#5446);
#5455=ADVANCED_FACE('',(#10261),#10263,.T.);
#5456=COLOUR_RGB('',0.968627450980392,0.87843137254902,0.6);
#5457=FILL_AREA_STYLE_COLOUR('',#5456);
#5458=FILL_AREA_STYLE($,(#5457));
#5459=SURFACE_STYLE_FILL_AREA(#5458);
#5460=SURFACE_SIDE_STYLE('',(#5459));
#5461=SURFACE_STYLE_USAGE(.BOTH.,#5460);
#5462=PRESENTATION_STYLE_ASSIGNMENT((#5461));
#5463=STYLED_ITEM('',(#5462),#5455);
#5464=ADVANCED_FACE('',(#10268,#10270),#10272,.T.);
#5465=COLOUR_RGB('',0.968627450980392,0.87843137254902,0.6);
#5466=FILL_AREA_STYLE_COLOUR('',#5465);
#5467=FILL_AREA_STYLE($,(#5466));
#5468=SURFACE_STYLE_FILL_AREA(#5467);
#5469=SURFACE_SIDE_STYLE('',(#5468));
#5470=SURFACE_STYLE_USAGE(.BOTH.,#5469);
#5471=PRESENTATION_STYLE_ASSIGNMENT((#5470));
#5472=STYLED_ITEM('',(#5471),#5464);
#5473=ADVANCED_FACE('',(#10277,#10279),#10281,.T.);
#5474=COLOUR_RGB('',0.968627450980392,0.87843137254902,0.6);
#5475=FILL_AREA_STYLE_COLOUR('',#5474);
#5476=FILL_AREA_STYLE($,(#5475));
#5477=SURFACE_STYLE_FILL_AREA(#5476);
#5478=SURFACE_SIDE_STYLE('',(#5477));
#5479=SURFACE_STYLE_USAGE(.BOTH.,#5478);
#5480=PRESENTATION_STYLE_ASSIGNMENT((#5479));
#5481=STYLED_ITEM('',(#5480),#5473);
#5482=ADVANCED_FACE('',(#10286,#10288),#10290,.T.);
#5483=COLOUR_RGB('',0.968627450980392,0.87843137254902,0.6);
#5484=FILL_AREA_STYLE_COLOUR('',#5483);
#5485=FILL_AREA_STYLE($,(#5484));
#5486=SURFACE_STYLE_FILL_AREA(#5485);
#5487=SURFACE_SIDE_STYLE('',(#5486));
#5488=SURFACE_STYLE_USAGE(.BOTH.,#5487);
#5489=PRESENTATION_STYLE_ASSIGNMENT((#5488));
#5490=STYLED_ITEM('',(#5489),#5482);
#5491=ADVANCED_FACE('',(#10295,#10297),#10299,.T.);
#5492=COLOUR_RGB('',0.968627450980392,0.87843137254902,0.6);
#5493=FILL_AREA_STYLE_COLOUR('',#5492);
#5494=FILL_AREA_STYLE($,(#5493));
#5495=SURFACE_STYLE_FILL_AREA(#5494);
#5496=SURFACE_SIDE_STYLE('',(#5495));
#5497=SURFACE_STYLE_USAGE(.BOTH.,#5496);
#5498=PRESENTATION_STYLE_ASSIGNMENT((#5497));
#5499=STYLED_ITEM('',(#5498),#5491);
#5500=ADVANCED_FACE('',(#10304,#10306),#10308,.T.);
#5501=COLOUR_RGB('',0.968627450980392,0.87843137254902,0.6);
#5502=FILL_AREA_STYLE_COLOUR('',#5501);
#5503=FILL_AREA_STYLE($,(#5502));
#5504=SURFACE_STYLE_FILL_AREA(#5503);
#5505=SURFACE_SIDE_STYLE('',(#5504));
#5506=SURFACE_STYLE_USAGE(.BOTH.,#5505);
#5507=PRESENTATION_STYLE_ASSIGNMENT((#5506));
#5508=STYLED_ITEM('',(#5507),#5500);
#5509=ADVANCED_FACE('',(#10313,#10315),#10317,.T.);
#5510=COLOUR_RGB('',0.968627450980392,0.87843137254902,0.6);
#5511=FILL_AREA_STYLE_COLOUR('',#5510);
#5512=FILL_AREA_STYLE($,(#5511));
#5513=SURFACE_STYLE_FILL_AREA(#5512);
#5514=SURFACE_SIDE_STYLE('',(#5513));
#5515=SURFACE_STYLE_USAGE(.BOTH.,#5514);
#5516=PRESENTATION_STYLE_ASSIGNMENT((#5515));
#5517=STYLED_ITEM('',(#5516),#5509);
#5518=ADVANCED_FACE('',(#10322,#10324),#10326,.T.);
#5519=COLOUR_RGB('',0.968627450980392,0.87843137254902,0.6);
#5520=FILL_AREA_STYLE_COLOUR('',#5519);
#5521=FILL_AREA_STYLE($,(#5520));
#5522=SURFACE_STYLE_FILL_AREA(#5521);
#5523=SURFACE_SIDE_STYLE('',(#5522));
#5524=SURFACE_STYLE_USAGE(.BOTH.,#5523);
#5525=PRESENTATION_STYLE_ASSIGNMENT((#5524));
#5526=STYLED_ITEM('',(#5525),#5518);
#5527=ADVANCED_FACE('',(#10331),#10333,.T.);
#5528=COLOUR_RGB('',0.968627450980392,0.87843137254902,0.6);
#5529=FILL_AREA_STYLE_COLOUR('',#5528);
#5530=FILL_AREA_STYLE($,(#5529));
#5531=SURFACE_STYLE_FILL_AREA(#5530);
#5532=SURFACE_SIDE_STYLE('',(#5531));
#5533=SURFACE_STYLE_USAGE(.BOTH.,#5532);
#5534=PRESENTATION_STYLE_ASSIGNMENT((#5533));
#5535=STYLED_ITEM('',(#5534),#5527);
#5536=ADVANCED_FACE('',(#10338),#10340,.T.);
#5537=COLOUR_RGB('',0.968627450980392,0.87843137254902,0.6);
#5538=FILL_AREA_STYLE_COLOUR('',#5537);
#5539=FILL_AREA_STYLE($,(#5538));
#5540=SURFACE_STYLE_FILL_AREA(#5539);
#5541=SURFACE_SIDE_STYLE('',(#5540));
#5542=SURFACE_STYLE_USAGE(.BOTH.,#5541);
#5543=PRESENTATION_STYLE_ASSIGNMENT((#5542));
#5544=STYLED_ITEM('',(#5543),#5536);
#5545=ADVANCED_FACE('',(#10345,#10347),#10349,.T.);
#5546=COLOUR_RGB('',0.968627450980392,0.87843137254902,0.6);
#5547=FILL_AREA_STYLE_COLOUR('',#5546);
#5548=FILL_AREA_STYLE($,(#5547));
#5549=SURFACE_STYLE_FILL_AREA(#5548);
#5550=SURFACE_SIDE_STYLE('',(#5549));
#5551=SURFACE_STYLE_USAGE(.BOTH.,#5550);
#5552=PRESENTATION_STYLE_ASSIGNMENT((#5551));
#5553=STYLED_ITEM('',(#5552),#5545);
#5554=ADVANCED_FACE('',(#10354,#10356),#10358,.T.);
#5555=COLOUR_RGB('',0.968627450980392,0.87843137254902,0.6);
#5556=FILL_AREA_STYLE_COLOUR('',#5555);
#5557=FILL_AREA_STYLE($,(#5556));
#5558=SURFACE_STYLE_FILL_AREA(#5557);
#5559=SURFACE_SIDE_STYLE('',(#5558));
#5560=SURFACE_STYLE_USAGE(.BOTH.,#5559);
#5561=PRESENTATION_STYLE_ASSIGNMENT((#5560));
#5562=STYLED_ITEM('',(#5561),#5554);
#5563=ADVANCED_FACE('',(#10363,#10365),#10367,.T.);
#5564=COLOUR_RGB('',0.968627450980392,0.87843137254902,0.6);
#5565=FILL_AREA_STYLE_COLOUR('',#5564);
#5566=FILL_AREA_STYLE($,(#5565));
#5567=SURFACE_STYLE_FILL_AREA(#5566);
#5568=SURFACE_SIDE_STYLE('',(#5567));
#5569=SURFACE_STYLE_USAGE(.BOTH.,#5568);
#5570=PRESENTATION_STYLE_ASSIGNMENT((#5569));
#5571=STYLED_ITEM('',(#5570),#5563);
#5572=ADVANCED_FACE('',(#10372,#10374),#10376,.T.);
#5573=COLOUR_RGB('',0.968627450980392,0.87843137254902,0.6);
#5574=FILL_AREA_STYLE_COLOUR('',#5573);
#5575=FILL_AREA_STYLE($,(#5574));
#5576=SURFACE_STYLE_FILL_AREA(#5575);
#5577=SURFACE_SIDE_STYLE('',(#5576));
#5578=SURFACE_STYLE_USAGE(.BOTH.,#5577);
#5579=PRESENTATION_STYLE_ASSIGNMENT((#5578));
#5580=STYLED_ITEM('',(#5579),#5572);
#5581=ADVANCED_FACE('',(#10381,#10383),#10385,.T.);
#5582=COLOUR_RGB('',0.968627450980392,0.87843137254902,0.6);
#5583=FILL_AREA_STYLE_COLOUR('',#5582);
#5584=FILL_AREA_STYLE($,(#5583));
#5585=SURFACE_STYLE_FILL_AREA(#5584);
#5586=SURFACE_SIDE_STYLE('',(#5585));
#5587=SURFACE_STYLE_USAGE(.BOTH.,#5586);
#5588=PRESENTATION_STYLE_ASSIGNMENT((#5587));
#5589=STYLED_ITEM('',(#5588),#5581);
#5590=ADVANCED_FACE('',(#10390,#10392),#10394,.T.);
#5591=COLOUR_RGB('',0.968627450980392,0.87843137254902,0.6);
#5592=FILL_AREA_STYLE_COLOUR('',#5591);
#5593=FILL_AREA_STYLE($,(#5592));
#5594=SURFACE_STYLE_FILL_AREA(#5593);
#5595=SURFACE_SIDE_STYLE('',(#5594));
#5596=SURFACE_STYLE_USAGE(.BOTH.,#5595);
#5597=PRESENTATION_STYLE_ASSIGNMENT((#5596));
#5598=STYLED_ITEM('',(#5597),#5590);
#5599=ADVANCED_FACE('',(#10399,#10401),#10403,.T.);
#5600=COLOUR_RGB('',0.968627450980392,0.87843137254902,0.6);
#5601=FILL_AREA_STYLE_COLOUR('',#5600);
#5602=FILL_AREA_STYLE($,(#5601));
#5603=SURFACE_STYLE_FILL_AREA(#5602);
#5604=SURFACE_SIDE_STYLE('',(#5603));
#5605=SURFACE_STYLE_USAGE(.BOTH.,#5604);
#5606=PRESENTATION_STYLE_ASSIGNMENT((#5605));
#5607=STYLED_ITEM('',(#5606),#5599);
#5608=ADVANCED_FACE('',(#10408),#10410,.T.);
#5609=COLOUR_RGB('',0.968627450980392,0.87843137254902,0.6);
#5610=FILL_AREA_STYLE_COLOUR('',#5609);
#5611=FILL_AREA_STYLE($,(#5610));
#5612=SURFACE_STYLE_FILL_AREA(#5611);
#5613=SURFACE_SIDE_STYLE('',(#5612));
#5614=SURFACE_STYLE_USAGE(.BOTH.,#5613);
#5615=PRESENTATION_STYLE_ASSIGNMENT((#5614));
#5616=STYLED_ITEM('',(#5615),#5608);
#5617=FACE_OUTER_BOUND('',#5618,.T.);
#5618=EDGE_LOOP('',(#10415));
#5619=FACE_OUTER_BOUND('',#5620,.T.);
#5620=EDGE_LOOP('',(#10416));
#5621=CYLINDRICAL_SURFACE('',#5622,0.66);
#5622=AXIS2_PLACEMENT_3D('',#5623,#5624,#5625);
#5623=CARTESIAN_POINT('',(68.58,0.,0.6));
#5624=DIRECTION('',(0.,0.,1.));
#5625=DIRECTION('',(1.,0.,0.));
#5626=FACE_OUTER_BOUND('',#5627,.T.);
#5627=EDGE_LOOP('',(#10417));
#5628=FACE_OUTER_BOUND('',#5629,.T.);
#5629=EDGE_LOOP('',(#10418));
#5630=CYLINDRICAL_SURFACE('',#5631,0.66);
#5631=AXIS2_PLACEMENT_3D('',#5632,#5633,#5634);
#5632=CARTESIAN_POINT('',(71.12,0.,0.6));
#5633=DIRECTION('',(0.,0.,1.));
#5634=DIRECTION('',(1.,0.,0.));
#5635=FACE_OUTER_BOUND('',#5636,.T.);
#5636=EDGE_LOOP('',(#10419));
#5637=FACE_OUTER_BOUND('',#5638,.T.);
#5638=EDGE_LOOP('',(#10420));
#5639=CYLINDRICAL_SURFACE('',#5640,0.66);
#5640=AXIS2_PLACEMENT_3D('',#5641,#5642,#5643);
#5641=CARTESIAN_POINT('',(66.04,0.,0.6));
#5642=DIRECTION('',(0.,0.,1.));
#5643=DIRECTION('',(1.,0.,0.));
#5644=FACE_OUTER_BOUND('',#5645,.T.);
#5645=EDGE_LOOP('',(#10421));
#5646=FACE_OUTER_BOUND('',#5647,.T.);
#5647=EDGE_LOOP('',(#10422));
#5648=CYLINDRICAL_SURFACE('',#5649,0.66);
#5649=AXIS2_PLACEMENT_3D('',#5650,#5651,#5652);
#5650=CARTESIAN_POINT('',(63.5,0.,0.6));
#5651=DIRECTION('',(0.,0.,1.));
#5652=DIRECTION('',(1.,0.,0.));
#5653=FACE_OUTER_BOUND('',#5654,.T.);
#5654=EDGE_LOOP('',(#10423));
#5655=FACE_OUTER_BOUND('',#5656,.T.);
#5656=EDGE_LOOP('',(#10424));
#5657=CYLINDRICAL_SURFACE('',#5658,0.66);
#5658=AXIS2_PLACEMENT_3D('',#5659,#5660,#5661);
#5659=CARTESIAN_POINT('',(60.96,0.,0.6));
#5660=DIRECTION('',(0.,0.,1.));
#5661=DIRECTION('',(1.,0.,0.));
#5662=FACE_OUTER_BOUND('',#5663,.T.);
#5663=EDGE_LOOP('',(#10425));
#5664=FACE_OUTER_BOUND('',#5665,.T.);
#5665=EDGE_LOOP('',(#10426));
#5666=CYLINDRICAL_SURFACE('',#5667,0.66);
#5667=AXIS2_PLACEMENT_3D('',#5668,#5669,#5670);
#5668=CARTESIAN_POINT('',(58.42,0.,0.6));
#5669=DIRECTION('',(0.,0.,1.));
#5670=DIRECTION('',(1.,0.,0.));
#5671=FACE_OUTER_BOUND('',#5672,.T.);
#5672=EDGE_LOOP('',(#10427));
#5673=FACE_OUTER_BOUND('',#5674,.T.);
#5674=EDGE_LOOP('',(#10428));
#5675=CYLINDRICAL_SURFACE('',#5676,0.66);
#5676=AXIS2_PLACEMENT_3D('',#5677,#5678,#5679);
#5677=CARTESIAN_POINT('',(55.88,0.,0.6));
#5678=DIRECTION('',(0.,0.,1.));
#5679=DIRECTION('',(1.,0.,0.));
#5680=FACE_OUTER_BOUND('',#5681,.T.);
#5681=EDGE_LOOP('',(#10429));
#5682=FACE_OUTER_BOUND('',#5683,.T.);
#5683=EDGE_LOOP('',(#10430));
#5684=CYLINDRICAL_SURFACE('',#5685,0.66);
#5685=AXIS2_PLACEMENT_3D('',#5686,#5687,#5688);
#5686=CARTESIAN_POINT('',(53.34,0.,0.6));
#5687=DIRECTION('',(0.,0.,1.));
#5688=DIRECTION('',(1.,0.,0.));
#5689=FACE_OUTER_BOUND('',#5690,.T.);
#5690=EDGE_LOOP('',(#10431));
#5691=FACE_OUTER_BOUND('',#5692,.T.);
#5692=EDGE_LOOP('',(#10432));
#5693=CYLINDRICAL_SURFACE('',#5694,0.66);
#5694=AXIS2_PLACEMENT_3D('',#5695,#5696,#5697);
#5695=CARTESIAN_POINT('',(50.8,0.,0.6));
#5696=DIRECTION('',(0.,0.,1.));
#5697=DIRECTION('',(1.,0.,0.));
#5698=FACE_OUTER_BOUND('',#5699,.T.);
#5699=EDGE_LOOP('',(#10433));
#5700=FACE_OUTER_BOUND('',#5701,.T.);
#5701=EDGE_LOOP('',(#10434));
#5702=CYLINDRICAL_SURFACE('',#5703,0.66);
#5703=AXIS2_PLACEMENT_3D('',#5704,#5705,#5706);
#5704=CARTESIAN_POINT('',(48.26,0.,0.6));
#5705=DIRECTION('',(0.,0.,1.));
#5706=DIRECTION('',(1.,0.,0.));
#5707=FACE_OUTER_BOUND('',#5708,.T.);
#5708=EDGE_LOOP('',(#10435));
#5709=FACE_OUTER_BOUND('',#5710,.T.);
#5710=EDGE_LOOP('',(#10436));
#5711=CYLINDRICAL_SURFACE('',#5712,0.66);
#5712=AXIS2_PLACEMENT_3D('',#5713,#5714,#5715);
#5713=CARTESIAN_POINT('',(45.72,0.,0.6));
#5714=DIRECTION('',(0.,0.,1.));
#5715=DIRECTION('',(1.,0.,0.));
#5716=FACE_OUTER_BOUND('',#5717,.T.);
#5717=EDGE_LOOP('',(#10437));
#5718=FACE_OUTER_BOUND('',#5719,.T.);
#5719=EDGE_LOOP('',(#10438));
#5720=CYLINDRICAL_SURFACE('',#5721,0.66);
#5721=AXIS2_PLACEMENT_3D('',#5722,#5723,#5724);
#5722=CARTESIAN_POINT('',(43.18,0.,0.6));
#5723=DIRECTION('',(0.,0.,1.));
#5724=DIRECTION('',(1.,0.,0.));
#5725=FACE_OUTER_BOUND('',#5726,.T.);
#5726=EDGE_LOOP('',(#10439));
#5727=FACE_OUTER_BOUND('',#5728,.T.);
#5728=EDGE_LOOP('',(#10440));
#5729=CYLINDRICAL_SURFACE('',#5730,0.66);
#5730=AXIS2_PLACEMENT_3D('',#5731,#5732,#5733);
#5731=CARTESIAN_POINT('',(40.64,0.,0.6));
#5732=DIRECTION('',(0.,0.,1.));
#5733=DIRECTION('',(1.,0.,0.));
#5734=FACE_OUTER_BOUND('',#5735,.T.);
#5735=EDGE_LOOP('',(#10441));
#5736=FACE_OUTER_BOUND('',#5737,.T.);
#5737=EDGE_LOOP('',(#10442));
#5738=CYLINDRICAL_SURFACE('',#5739,0.66);
#5739=AXIS2_PLACEMENT_3D('',#5740,#5741,#5742);
#5740=CARTESIAN_POINT('',(38.1,0.,0.6));
#5741=DIRECTION('',(0.,0.,1.));
#5742=DIRECTION('',(1.,0.,0.));
#5743=FACE_OUTER_BOUND('',#5744,.T.);
#5744=EDGE_LOOP('',(#10443));
#5745=FACE_OUTER_BOUND('',#5746,.T.);
#5746=EDGE_LOOP('',(#10444));
#5747=CYLINDRICAL_SURFACE('',#5748,0.66);
#5748=AXIS2_PLACEMENT_3D('',#5749,#5750,#5751);
#5749=CARTESIAN_POINT('',(35.56,0.,0.6));
#5750=DIRECTION('',(0.,0.,1.));
#5751=DIRECTION('',(1.,0.,0.));
#5752=FACE_OUTER_BOUND('',#5753,.T.);
#5753=EDGE_LOOP('',(#10445));
#5754=FACE_OUTER_BOUND('',#5755,.T.);
#5755=EDGE_LOOP('',(#10446));
#5756=CYLINDRICAL_SURFACE('',#5757,0.66);
#5757=AXIS2_PLACEMENT_3D('',#5758,#5759,#5760);
#5758=CARTESIAN_POINT('',(33.02,0.,0.6));
#5759=DIRECTION('',(0.,0.,1.));
#5760=DIRECTION('',(1.,0.,0.));
#5761=FACE_OUTER_BOUND('',#5762,.T.);
#5762=EDGE_LOOP('',(#10447));
#5763=FACE_OUTER_BOUND('',#5764,.T.);
#5764=EDGE_LOOP('',(#10448));
#5765=CYLINDRICAL_SURFACE('',#5766,0.66);
#5766=AXIS2_PLACEMENT_3D('',#5767,#5768,#5769);
#5767=CARTESIAN_POINT('',(30.48,0.,0.6));
#5768=DIRECTION('',(0.,0.,1.));
#5769=DIRECTION('',(1.,0.,0.));
#5770=FACE_OUTER_BOUND('',#5771,.T.);
#5771=EDGE_LOOP('',(#10449));
#5772=FACE_OUTER_BOUND('',#5773,.T.);
#5773=EDGE_LOOP('',(#10450));
#5774=CYLINDRICAL_SURFACE('',#5775,0.66);
#5775=AXIS2_PLACEMENT_3D('',#5776,#5777,#5778);
#5776=CARTESIAN_POINT('',(27.94,0.,0.6));
#5777=DIRECTION('',(0.,0.,1.));
#5778=DIRECTION('',(1.,0.,0.));
#5779=FACE_OUTER_BOUND('',#5780,.T.);
#5780=EDGE_LOOP('',(#10451));
#5781=FACE_OUTER_BOUND('',#5782,.T.);
#5782=EDGE_LOOP('',(#10452));
#5783=CYLINDRICAL_SURFACE('',#5784,0.66);
#5784=AXIS2_PLACEMENT_3D('',#5785,#5786,#5787);
#5785=CARTESIAN_POINT('',(25.4,0.,0.6));
#5786=DIRECTION('',(0.,0.,1.));
#5787=DIRECTION('',(1.,0.,0.));
#5788=FACE_OUTER_BOUND('',#5789,.T.);
#5789=EDGE_LOOP('',(#10453));
#5790=FACE_OUTER_BOUND('',#5791,.T.);
#5791=EDGE_LOOP('',(#10454));
#5792=CYLINDRICAL_SURFACE('',#5793,0.66);
#5793=AXIS2_PLACEMENT_3D('',#5794,#5795,#5796);
#5794=CARTESIAN_POINT('',(22.86,0.,0.6));
#5795=DIRECTION('',(0.,0.,1.));
#5796=DIRECTION('',(1.,0.,0.));
#5797=FACE_OUTER_BOUND('',#5798,.T.);
#5798=EDGE_LOOP('',(#10455));
#5799=FACE_OUTER_BOUND('',#5800,.T.);
#5800=EDGE_LOOP('',(#10456));
#5801=CYLINDRICAL_SURFACE('',#5802,0.66);
#5802=AXIS2_PLACEMENT_3D('',#5803,#5804,#5805);
#5803=CARTESIAN_POINT('',(20.32,0.,0.6));
#5804=DIRECTION('',(0.,0.,1.));
#5805=DIRECTION('',(1.,0.,0.));
#5806=FACE_OUTER_BOUND('',#5807,.T.);
#5807=EDGE_LOOP('',(#10457));
#5808=FACE_OUTER_BOUND('',#5809,.T.);
#5809=EDGE_LOOP('',(#10458));
#5810=CYLINDRICAL_SURFACE('',#5811,0.66);
#5811=AXIS2_PLACEMENT_3D('',#5812,#5813,#5814);
#5812=CARTESIAN_POINT('',(17.78,0.,0.6));
#5813=DIRECTION('',(0.,0.,1.));
#5814=DIRECTION('',(1.,0.,0.));
#5815=FACE_OUTER_BOUND('',#5816,.T.);
#5816=EDGE_LOOP('',(#10459));
#5817=FACE_OUTER_BOUND('',#5818,.T.);
#5818=EDGE_LOOP('',(#10460));
#5819=CYLINDRICAL_SURFACE('',#5820,0.66);
#5820=AXIS2_PLACEMENT_3D('',#5821,#5822,#5823);
#5821=CARTESIAN_POINT('',(15.24,0.,0.6));
#5822=DIRECTION('',(0.,0.,1.));
#5823=DIRECTION('',(1.,0.,0.));
#5824=FACE_OUTER_BOUND('',#5825,.T.);
#5825=EDGE_LOOP('',(#10461));
#5826=FACE_OUTER_BOUND('',#5827,.T.);
#5827=EDGE_LOOP('',(#10462));
#5828=CYLINDRICAL_SURFACE('',#5829,0.66);
#5829=AXIS2_PLACEMENT_3D('',#5830,#5831,#5832);
#5830=CARTESIAN_POINT('',(12.7,0.,0.6));
#5831=DIRECTION('',(0.,0.,1.));
#5832=DIRECTION('',(1.,0.,0.));
#5833=FACE_OUTER_BOUND('',#5834,.T.);
#5834=EDGE_LOOP('',(#10463));
#5835=FACE_OUTER_BOUND('',#5836,.T.);
#5836=EDGE_LOOP('',(#10464));
#5837=CYLINDRICAL_SURFACE('',#5838,0.66);
#5838=AXIS2_PLACEMENT_3D('',#5839,#5840,#5841);
#5839=CARTESIAN_POINT('',(10.16,0.,0.6));
#5840=DIRECTION('',(0.,0.,1.));
#5841=DIRECTION('',(1.,0.,0.));
#5842=FACE_OUTER_BOUND('',#5843,.T.);
#5843=EDGE_LOOP('',(#10465));
#5844=FACE_OUTER_BOUND('',#5845,.T.);
#5845=EDGE_LOOP('',(#10466));
#5846=CYLINDRICAL_SURFACE('',#5847,0.66);
#5847=AXIS2_PLACEMENT_3D('',#5848,#5849,#5850);
#5848=CARTESIAN_POINT('',(7.62,0.,0.6));
#5849=DIRECTION('',(0.,0.,1.));
#5850=DIRECTION('',(1.,0.,0.));
#5851=FACE_OUTER_BOUND('',#5852,.T.);
#5852=EDGE_LOOP('',(#10467));
#5853=FACE_OUTER_BOUND('',#5854,.T.);
#5854=EDGE_LOOP('',(#10468));
#5855=CYLINDRICAL_SURFACE('',#5856,0.66);
#5856=AXIS2_PLACEMENT_3D('',#5857,#5858,#5859);
#5857=CARTESIAN_POINT('',(5.08,0.,0.6));
#5858=DIRECTION('',(0.,0.,1.));
#5859=DIRECTION('',(1.,0.,0.));
#5860=FACE_OUTER_BOUND('',#5861,.T.);
#5861=EDGE_LOOP('',(#10469));
#5862=FACE_OUTER_BOUND('',#5863,.T.);
#5863=EDGE_LOOP('',(#10470));
#5864=CYLINDRICAL_SURFACE('',#5865,0.66);
#5865=AXIS2_PLACEMENT_3D('',#5866,#5867,#5868);
#5866=CARTESIAN_POINT('',(2.54,0.,0.6));
#5867=DIRECTION('',(0.,0.,1.));
#5868=DIRECTION('',(1.,0.,0.));
#5869=FACE_BOUND('',#5870,.T.);
#5870=EDGE_LOOP('',(#10471,#10472,#10473,#10474,#10475,#10476,#10477,#10478,#10479,
#10480,#10481,#10482,#10483,#10484,#10485,#10486,#10487,#10488,#10489,#10490,#10491,
#10492,#10493,#10494,#10495,#10496,#10497,#10498,#10499,#10500,#10501,#10502,#10503,
#10504,#10505,#10506,#10507,#10508,#10509,#10510,#10511,#10512,#10513,#10514,#10515,
#10516,#10517,#10518,#10519,#10520,#10521,#10522,#10523,#10524,#10525,#10526,#10527,
#10528,#10529,#10530,#10531,#10532,#10533,#10534,#10535,#10536,#10537,#10538,#10539,
#10540,#10541,#10542,#10543,#10544,#10545,#10546,#10547,#10548,#10549,#10550,#10551,
#10552,#10553,#10554,#10555,#10556,#10557,#10558,#10559,#10560,#10561,#10562,#10563,
#10564,#10565,#10566,#10567,#10568,#10569,#10570,#10571,#10572,#10573,#10574,#10575,
#10576,#10577,#10578,#10579,#10580,#10581,#10582,#10583,#10584,#10585,#10586,#10587,
#10588,#10589,#10590,#10591,#10592,#10593,#10594,#10595,#10596,#10597,#10598,#10599,
#10600,#10601,#10602,#10603,#10604,#10605,#10606,#10607,#10608,#10609,#10610,#10611,
#10612,#10613,#10614,#10615,#10616,#10617,#10618,#10619,#10620,#10621,#10622,#10623,
#10624,#10625,#10626,#10627,#10628,#10629,#10630,#10631,#10632,#10633,#10634,#10635,
#10636,#10637,#10638,#10639,#10640,#10641,#10642,#10643,#10644,#10645,#10646,#10647,
#10648,#10649,#10650,#10651,#10652,#10653,#10654,#10655,#10656,#10657,#10658,#10659,
#10660,#10661,#10662,#10663,#10664,#10665,#10666,#10667,#10668,#10669,#10670,#10671,
#10672,#10673,#10674,#10675,#10676,#10677,#10678,#10679,#10680,#10681,#10682,#10683,
#10684,#10685,#10686,#10687,#10688,#10689,#10690,#10691,#10692,#10693,#10694,#10695,
#10696,#10697,#10698,#10699,#10700,#10701,#10702,#10703,#10704,#10705,#10706));
#5871=FACE_BOUND('',#5872,.T.);
#5872=EDGE_LOOP('',(#10707));
#5873=FACE_BOUND('',#5874,.T.);
#5874=EDGE_LOOP('',(#10708));
#5875=FACE_BOUND('',#5876,.T.);
#5876=EDGE_LOOP('',(#10709));
#5877=FACE_BOUND('',#5878,.T.);
#5878=EDGE_LOOP('',(#10710));
#5879=FACE_BOUND('',#5880,.T.);
#5880=EDGE_LOOP('',(#10711));
#5881=FACE_BOUND('',#5882,.T.);
#5882=EDGE_LOOP('',(#10712));
#5883=FACE_BOUND('',#5884,.T.);
#5884=EDGE_LOOP('',(#10713));
#5885=FACE_BOUND('',#5886,.T.);
#5886=EDGE_LOOP('',(#10714));
#5887=FACE_BOUND('',#5888,.T.);
#5888=EDGE_LOOP('',(#10715));
#5889=FACE_BOUND('',#5890,.T.);
#5890=EDGE_LOOP('',(#10716));
#5891=FACE_BOUND('',#5892,.T.);
#5892=EDGE_LOOP('',(#10717));
#5893=FACE_BOUND('',#5894,.T.);
#5894=EDGE_LOOP('',(#10718));
#5895=FACE_BOUND('',#5896,.T.);
#5896=EDGE_LOOP('',(#10719));
#5897=FACE_BOUND('',#5898,.T.);
#5898=EDGE_LOOP('',(#10720));
#5899=FACE_BOUND('',#5900,.T.);
#5900=EDGE_LOOP('',(#10721));
#5901=FACE_BOUND('',#5902,.T.);
#5902=EDGE_LOOP('',(#10722));
#5903=FACE_BOUND('',#5904,.T.);
#5904=EDGE_LOOP('',(#10723));
#5905=FACE_BOUND('',#5906,.T.);
#5906=EDGE_LOOP('',(#10724));
#5907=FACE_BOUND('',#5908,.T.);
#5908=EDGE_LOOP('',(#10725));
#5909=FACE_BOUND('',#5910,.T.);
#5910=EDGE_LOOP('',(#10726));
#5911=FACE_BOUND('',#5912,.T.);
#5912=EDGE_LOOP('',(#10727));
#5913=FACE_BOUND('',#5914,.T.);
#5914=EDGE_LOOP('',(#10728));
#5915=FACE_BOUND('',#5916,.T.);
#5916=EDGE_LOOP('',(#10729));
#5917=FACE_BOUND('',#5918,.T.);
#5918=EDGE_LOOP('',(#10730));
#5919=FACE_BOUND('',#5920,.T.);
#5920=EDGE_LOOP('',(#10731));
#5921=FACE_BOUND('',#5922,.T.);
#5922=EDGE_LOOP('',(#10732));
#5923=FACE_BOUND('',#5924,.T.);
#5924=EDGE_LOOP('',(#10733));
#5925=FACE_BOUND('',#5926,.T.);
#5926=EDGE_LOOP('',(#10734));
#5927=FACE_BOUND('',#5928,.T.);
#5928=EDGE_LOOP('',(#10735));
#5929=PLANE('',#5930);
#5930=AXIS2_PLACEMENT_3D('',#5931,#5932,#5933);
#5931=CARTESIAN_POINT('',(0.,0.,3.6));
#5932=DIRECTION('',(0.,0.,1.));
#5933=DIRECTION('',(1.,0.,0.));
#5934=FACE_BOUND('',#5935,.T.);
#5935=EDGE_LOOP('',(#10736));
#5936=FACE_BOUND('',#5937,.T.);
#5937=EDGE_LOOP('',(#10737));
#5938=PLANE('',#5939);
#5939=AXIS2_PLACEMENT_3D('',#5940,#5941,#5942);
#5940=CARTESIAN_POINT('',(71.12,0.,3.1));
#5941=DIRECTION('',(0.,0.,1.));
#5942=DIRECTION('',(1.,0.,0.));
#5943=FACE_OUTER_BOUND('',#5944,.T.);
#5944=EDGE_LOOP('',(#10738));
#5945=FACE_OUTER_BOUND('',#5946,.T.);
#5946=EDGE_LOOP('',(#10739));
#5947=CYLINDRICAL_SURFACE('',#5948,0.9);
#5948=AXIS2_PLACEMENT_3D('',#5949,#5950,#5951);
#5949=CARTESIAN_POINT('',(71.12,0.,3.1));
#5950=DIRECTION('',(0.,0.,1.));
#5951=DIRECTION('',(1.,0.,0.));
#5952=FACE_BOUND('',#5953,.T.);
#5953=EDGE_LOOP('',(#10740));
#5954=FACE_BOUND('',#5955,.T.);
#5955=EDGE_LOOP('',(#10741));
#5956=PLANE('',#5957);
#5957=AXIS2_PLACEMENT_3D('',#5958,#5959,#5960);
#5958=CARTESIAN_POINT('',(68.58,0.,3.1));
#5959=DIRECTION('',(0.,0.,1.));
#5960=DIRECTION('',(1.,0.,0.));
#5961=FACE_OUTER_BOUND('',#5962,.T.);
#5962=EDGE_LOOP('',(#10742));
#5963=FACE_OUTER_BOUND('',#5964,.T.);
#5964=EDGE_LOOP('',(#10743));
#5965=CYLINDRICAL_SURFACE('',#5966,0.9);
#5966=AXIS2_PLACEMENT_3D('',#5967,#5968,#5969);
#5967=CARTESIAN_POINT('',(68.58,0.,3.1));
#5968=DIRECTION('',(0.,0.,1.));
#5969=DIRECTION('',(1.,0.,0.));
#5970=FACE_BOUND('',#5971,.T.);
#5971=EDGE_LOOP('',(#10744));
#5972=FACE_BOUND('',#5973,.T.);
#5973=EDGE_LOOP('',(#10745));
#5974=PLANE('',#5975);
#5975=AXIS2_PLACEMENT_3D('',#5976,#5977,#5978);
#5976=CARTESIAN_POINT('',(66.04,0.,3.1));
#5977=DIRECTION('',(0.,0.,1.));
#5978=DIRECTION('',(1.,0.,0.));
#5979=FACE_OUTER_BOUND('',#5980,.T.);
#5980=EDGE_LOOP('',(#10746));
#5981=FACE_OUTER_BOUND('',#5982,.T.);
#5982=EDGE_LOOP('',(#10747));
#5983=CYLINDRICAL_SURFACE('',#5984,0.9);
#5984=AXIS2_PLACEMENT_3D('',#5985,#5986,#5987);
#5985=CARTESIAN_POINT('',(66.04,0.,3.1));
#5986=DIRECTION('',(0.,0.,1.));
#5987=DIRECTION('',(1.,0.,0.));
#5988=FACE_BOUND('',#5989,.T.);
#5989=EDGE_LOOP('',(#10748));
#5990=FACE_BOUND('',#5991,.T.);
#5991=EDGE_LOOP('',(#10749));
#5992=PLANE('',#5993);
#5993=AXIS2_PLACEMENT_3D('',#5994,#5995,#5996);
#5994=CARTESIAN_POINT('',(63.5,0.,3.1));
#5995=DIRECTION('',(0.,0.,1.));
#5996=DIRECTION('',(1.,0.,0.));
#5997=FACE_OUTER_BOUND('',#5998,.T.);
#5998=EDGE_LOOP('',(#10750));
#5999=FACE_OUTER_BOUND('',#6000,.T.);
#6000=EDGE_LOOP('',(#10751));
#6001=CYLINDRICAL_SURFACE('',#6002,0.9);
#6002=AXIS2_PLACEMENT_3D('',#6003,#6004,#6005);
#6003=CARTESIAN_POINT('',(63.5,0.,3.1));
#6004=DIRECTION('',(0.,0.,1.));
#6005=DIRECTION('',(1.,0.,0.));
#6006=FACE_BOUND('',#6007,.T.);
#6007=EDGE_LOOP('',(#10752));
#6008=FACE_BOUND('',#6009,.T.);
#6009=EDGE_LOOP('',(#10753));
#6010=PLANE('',#6011);
#6011=AXIS2_PLACEMENT_3D('',#6012,#6013,#6014);
#6012=CARTESIAN_POINT('',(60.96,0.,3.1));
#6013=DIRECTION('',(0.,0.,1.));
#6014=DIRECTION('',(1.,0.,0.));
#6015=FACE_OUTER_BOUND('',#6016,.T.);
#6016=EDGE_LOOP('',(#10754));
#6017=FACE_OUTER_BOUND('',#6018,.T.);
#6018=EDGE_LOOP('',(#10755));
#6019=CYLINDRICAL_SURFACE('',#6020,0.9);
#6020=AXIS2_PLACEMENT_3D('',#6021,#6022,#6023);
#6021=CARTESIAN_POINT('',(60.96,0.,3.1));
#6022=DIRECTION('',(0.,0.,1.));
#6023=DIRECTION('',(1.,0.,0.));
#6024=FACE_BOUND('',#6025,.T.);
#6025=EDGE_LOOP('',(#10756));
#6026=FACE_BOUND('',#6027,.T.);
#6027=EDGE_LOOP('',(#10757));
#6028=PLANE('',#6029);
#6029=AXIS2_PLACEMENT_3D('',#6030,#6031,#6032);
#6030=CARTESIAN_POINT('',(58.42,0.,3.1));
#6031=DIRECTION('',(0.,0.,1.));
#6032=DIRECTION('',(1.,0.,0.));
#6033=FACE_OUTER_BOUND('',#6034,.T.);
#6034=EDGE_LOOP('',(#10758));
#6035=FACE_OUTER_BOUND('',#6036,.T.);
#6036=EDGE_LOOP('',(#10759));
#6037=CYLINDRICAL_SURFACE('',#6038,0.9);
#6038=AXIS2_PLACEMENT_3D('',#6039,#6040,#6041);
#6039=CARTESIAN_POINT('',(58.42,0.,3.1));
#6040=DIRECTION('',(0.,0.,1.));
#6041=DIRECTION('',(1.,0.,0.));
#6042=FACE_BOUND('',#6043,.T.);
#6043=EDGE_LOOP('',(#10760));
#6044=FACE_BOUND('',#6045,.T.);
#6045=EDGE_LOOP('',(#10761));
#6046=PLANE('',#6047);
#6047=AXIS2_PLACEMENT_3D('',#6048,#6049,#6050);
#6048=CARTESIAN_POINT('',(55.88,0.,3.1));
#6049=DIRECTION('',(0.,0.,1.));
#6050=DIRECTION('',(1.,0.,0.));
#6051=FACE_OUTER_BOUND('',#6052,.T.);
#6052=EDGE_LOOP('',(#10762));
#6053=FACE_OUTER_BOUND('',#6054,.T.);
#6054=EDGE_LOOP('',(#10763));
#6055=CYLINDRICAL_SURFACE('',#6056,0.9);
#6056=AXIS2_PLACEMENT_3D('',#6057,#6058,#6059);
#6057=CARTESIAN_POINT('',(55.88,0.,3.1));
#6058=DIRECTION('',(0.,0.,1.));
#6059=DIRECTION('',(1.,0.,0.));
#6060=FACE_BOUND('',#6061,.T.);
#6061=EDGE_LOOP('',(#10764));
#6062=FACE_BOUND('',#6063,.T.);
#6063=EDGE_LOOP('',(#10765));
#6064=PLANE('',#6065);
#6065=AXIS2_PLACEMENT_3D('',#6066,#6067,#6068);
#6066=CARTESIAN_POINT('',(53.34,0.,3.1));
#6067=DIRECTION('',(0.,0.,1.));
#6068=DIRECTION('',(1.,0.,0.));
#6069=FACE_OUTER_BOUND('',#6070,.T.);
#6070=EDGE_LOOP('',(#10766));
#6071=FACE_OUTER_BOUND('',#6072,.T.);
#6072=EDGE_LOOP('',(#10767));
#6073=CYLINDRICAL_SURFACE('',#6074,0.9);
#6074=AXIS2_PLACEMENT_3D('',#6075,#6076,#6077);
#6075=CARTESIAN_POINT('',(53.34,0.,3.1));
#6076=DIRECTION('',(0.,0.,1.));
#6077=DIRECTION('',(1.,0.,0.));
#6078=FACE_BOUND('',#6079,.T.);
#6079=EDGE_LOOP('',(#10768));
#6080=FACE_BOUND('',#6081,.T.);
#6081=EDGE_LOOP('',(#10769));
#6082=PLANE('',#6083);
#6083=AXIS2_PLACEMENT_3D('',#6084,#6085,#6086);
#6084=CARTESIAN_POINT('',(50.8,0.,3.1));
#6085=DIRECTION('',(0.,0.,1.));
#6086=DIRECTION('',(1.,0.,0.));
#6087=FACE_OUTER_BOUND('',#6088,.T.);
#6088=EDGE_LOOP('',(#10770));
#6089=FACE_OUTER_BOUND('',#6090,.T.);
#6090=EDGE_LOOP('',(#10771));
#6091=CYLINDRICAL_SURFACE('',#6092,0.9);
#6092=AXIS2_PLACEMENT_3D('',#6093,#6094,#6095);
#6093=CARTESIAN_POINT('',(50.8,0.,3.1));
#6094=DIRECTION('',(0.,0.,1.));
#6095=DIRECTION('',(1.,0.,0.));
#6096=FACE_BOUND('',#6097,.T.);
#6097=EDGE_LOOP('',(#10772));
#6098=FACE_BOUND('',#6099,.T.);
#6099=EDGE_LOOP('',(#10773));
#6100=PLANE('',#6101);
#6101=AXIS2_PLACEMENT_3D('',#6102,#6103,#6104);
#6102=CARTESIAN_POINT('',(48.26,0.,3.1));
#6103=DIRECTION('',(0.,0.,1.));
#6104=DIRECTION('',(1.,0.,0.));
#6105=FACE_OUTER_BOUND('',#6106,.T.);
#6106=EDGE_LOOP('',(#10774));
#6107=FACE_OUTER_BOUND('',#6108,.T.);
#6108=EDGE_LOOP('',(#10775));
#6109=CYLINDRICAL_SURFACE('',#6110,0.9);
#6110=AXIS2_PLACEMENT_3D('',#6111,#6112,#6113);
#6111=CARTESIAN_POINT('',(48.26,0.,3.1));
#6112=DIRECTION('',(0.,0.,1.));
#6113=DIRECTION('',(1.,0.,0.));
#6114=FACE_BOUND('',#6115,.T.);
#6115=EDGE_LOOP('',(#10776));
#6116=FACE_BOUND('',#6117,.T.);
#6117=EDGE_LOOP('',(#10777));
#6118=PLANE('',#6119);
#6119=AXIS2_PLACEMENT_3D('',#6120,#6121,#6122);
#6120=CARTESIAN_POINT('',(45.72,0.,3.1));
#6121=DIRECTION('',(0.,0.,1.));
#6122=DIRECTION('',(1.,0.,0.));
#6123=FACE_OUTER_BOUND('',#6124,.T.);
#6124=EDGE_LOOP('',(#10778));
#6125=FACE_OUTER_BOUND('',#6126,.T.);
#6126=EDGE_LOOP('',(#10779));
#6127=CYLINDRICAL_SURFACE('',#6128,0.9);
#6128=AXIS2_PLACEMENT_3D('',#6129,#6130,#6131);
#6129=CARTESIAN_POINT('',(45.72,0.,3.1));
#6130=DIRECTION('',(0.,0.,1.));
#6131=DIRECTION('',(1.,0.,0.));
#6132=FACE_BOUND('',#6133,.T.);
#6133=EDGE_LOOP('',(#10780));
#6134=FACE_BOUND('',#6135,.T.);
#6135=EDGE_LOOP('',(#10781));
#6136=PLANE('',#6137);
#6137=AXIS2_PLACEMENT_3D('',#6138,#6139,#6140);
#6138=CARTESIAN_POINT('',(43.18,0.,3.1));
#6139=DIRECTION('',(0.,0.,1.));
#6140=DIRECTION('',(1.,0.,0.));
#6141=FACE_OUTER_BOUND('',#6142,.T.);
#6142=EDGE_LOOP('',(#10782));
#6143=FACE_OUTER_BOUND('',#6144,.T.);
#6144=EDGE_LOOP('',(#10783));
#6145=CYLINDRICAL_SURFACE('',#6146,0.9);
#6146=AXIS2_PLACEMENT_3D('',#6147,#6148,#6149);
#6147=CARTESIAN_POINT('',(43.18,0.,3.1));
#6148=DIRECTION('',(0.,0.,1.));
#6149=DIRECTION('',(1.,0.,0.));
#6150=FACE_BOUND('',#6151,.T.);
#6151=EDGE_LOOP('',(#10784));
#6152=FACE_BOUND('',#6153,.T.);
#6153=EDGE_LOOP('',(#10785));
#6154=PLANE('',#6155);
#6155=AXIS2_PLACEMENT_3D('',#6156,#6157,#6158);
#6156=CARTESIAN_POINT('',(40.64,0.,3.1));
#6157=DIRECTION('',(0.,0.,1.));
#6158=DIRECTION('',(1.,0.,0.));
#6159=FACE_OUTER_BOUND('',#6160,.T.);
#6160=EDGE_LOOP('',(#10786));
#6161=FACE_OUTER_BOUND('',#6162,.T.);
#6162=EDGE_LOOP('',(#10787));
#6163=CYLINDRICAL_SURFACE('',#6164,0.9);
#6164=AXIS2_PLACEMENT_3D('',#6165,#6166,#6167);
#6165=CARTESIAN_POINT('',(40.64,0.,3.1));
#6166=DIRECTION('',(0.,0.,1.));
#6167=DIRECTION('',(1.,0.,0.));
#6168=FACE_BOUND('',#6169,.T.);
#6169=EDGE_LOOP('',(#10788));
#6170=FACE_BOUND('',#6171,.T.);
#6171=EDGE_LOOP('',(#10789));
#6172=PLANE('',#6173);
#6173=AXIS2_PLACEMENT_3D('',#6174,#6175,#6176);
#6174=CARTESIAN_POINT('',(38.1,0.,3.1));
#6175=DIRECTION('',(0.,0.,1.));
#6176=DIRECTION('',(1.,0.,0.));
#6177=FACE_OUTER_BOUND('',#6178,.T.);
#6178=EDGE_LOOP('',(#10790));
#6179=FACE_OUTER_BOUND('',#6180,.T.);
#6180=EDGE_LOOP('',(#10791));
#6181=CYLINDRICAL_SURFACE('',#6182,0.9);
#6182=AXIS2_PLACEMENT_3D('',#6183,#6184,#6185);
#6183=CARTESIAN_POINT('',(38.1,0.,3.1));
#6184=DIRECTION('',(0.,0.,1.));
#6185=DIRECTION('',(1.,0.,0.));
#6186=FACE_BOUND('',#6187,.T.);
#6187=EDGE_LOOP('',(#10792));
#6188=FACE_BOUND('',#6189,.T.);
#6189=EDGE_LOOP('',(#10793));
#6190=PLANE('',#6191);
#6191=AXIS2_PLACEMENT_3D('',#6192,#6193,#6194);
#6192=CARTESIAN_POINT('',(35.56,0.,3.1));
#6193=DIRECTION('',(0.,0.,1.));
#6194=DIRECTION('',(1.,0.,0.));
#6195=FACE_OUTER_BOUND('',#6196,.T.);
#6196=EDGE_LOOP('',(#10794));
#6197=FACE_OUTER_BOUND('',#6198,.T.);
#6198=EDGE_LOOP('',(#10795));
#6199=CYLINDRICAL_SURFACE('',#6200,0.9);
#6200=AXIS2_PLACEMENT_3D('',#6201,#6202,#6203);
#6201=CARTESIAN_POINT('',(35.56,0.,3.1));
#6202=DIRECTION('',(0.,0.,1.));
#6203=DIRECTION('',(1.,0.,0.));
#6204=FACE_BOUND('',#6205,.T.);
#6205=EDGE_LOOP('',(#10796));
#6206=FACE_BOUND('',#6207,.T.);
#6207=EDGE_LOOP('',(#10797));
#6208=PLANE('',#6209);
#6209=AXIS2_PLACEMENT_3D('',#6210,#6211,#6212);
#6210=CARTESIAN_POINT('',(33.02,0.,3.1));
#6211=DIRECTION('',(0.,0.,1.));
#6212=DIRECTION('',(1.,0.,0.));
#6213=FACE_OUTER_BOUND('',#6214,.T.);
#6214=EDGE_LOOP('',(#10798));
#6215=FACE_OUTER_BOUND('',#6216,.T.);
#6216=EDGE_LOOP('',(#10799));
#6217=CYLINDRICAL_SURFACE('',#6218,0.9);
#6218=AXIS2_PLACEMENT_3D('',#6219,#6220,#6221);
#6219=CARTESIAN_POINT('',(33.02,0.,3.1));
#6220=DIRECTION('',(0.,0.,1.));
#6221=DIRECTION('',(1.,0.,0.));
#6222=FACE_BOUND('',#6223,.T.);
#6223=EDGE_LOOP('',(#10800));
#6224=FACE_BOUND('',#6225,.T.);
#6225=EDGE_LOOP('',(#10801));
#6226=PLANE('',#6227);
#6227=AXIS2_PLACEMENT_3D('',#6228,#6229,#6230);
#6228=CARTESIAN_POINT('',(30.48,0.,3.1));
#6229=DIRECTION('',(0.,0.,1.));
#6230=DIRECTION('',(1.,0.,0.));
#6231=FACE_OUTER_BOUND('',#6232,.T.);
#6232=EDGE_LOOP('',(#10802));
#6233=FACE_OUTER_BOUND('',#6234,.T.);
#6234=EDGE_LOOP('',(#10803));
#6235=CYLINDRICAL_SURFACE('',#6236,0.9);
#6236=AXIS2_PLACEMENT_3D('',#6237,#6238,#6239);
#6237=CARTESIAN_POINT('',(30.48,0.,3.1));
#6238=DIRECTION('',(0.,0.,1.));
#6239=DIRECTION('',(1.,0.,0.));
#6240=FACE_BOUND('',#6241,.T.);
#6241=EDGE_LOOP('',(#10804));
#6242=FACE_BOUND('',#6243,.T.);
#6243=EDGE_LOOP('',(#10805));
#6244=PLANE('',#6245);
#6245=AXIS2_PLACEMENT_3D('',#6246,#6247,#6248);
#6246=CARTESIAN_POINT('',(27.94,0.,3.1));
#6247=DIRECTION('',(0.,0.,1.));
#6248=DIRECTION('',(1.,0.,0.));
#6249=FACE_OUTER_BOUND('',#6250,.T.);
#6250=EDGE_LOOP('',(#10806));
#6251=FACE_OUTER_BOUND('',#6252,.T.);
#6252=EDGE_LOOP('',(#10807));
#6253=CYLINDRICAL_SURFACE('',#6254,0.9);
#6254=AXIS2_PLACEMENT_3D('',#6255,#6256,#6257);
#6255=CARTESIAN_POINT('',(27.94,0.,3.1));
#6256=DIRECTION('',(0.,0.,1.));
#6257=DIRECTION('',(1.,0.,0.));
#6258=FACE_BOUND('',#6259,.T.);
#6259=EDGE_LOOP('',(#10808));
#6260=FACE_BOUND('',#6261,.T.);
#6261=EDGE_LOOP('',(#10809));
#6262=PLANE('',#6263);
#6263=AXIS2_PLACEMENT_3D('',#6264,#6265,#6266);
#6264=CARTESIAN_POINT('',(25.4,0.,3.1));
#6265=DIRECTION('',(0.,0.,1.));
#6266=DIRECTION('',(1.,0.,0.));
#6267=FACE_OUTER_BOUND('',#6268,.T.);
#6268=EDGE_LOOP('',(#10810));
#6269=FACE_OUTER_BOUND('',#6270,.T.);
#6270=EDGE_LOOP('',(#10811));
#6271=CYLINDRICAL_SURFACE('',#6272,0.9);
#6272=AXIS2_PLACEMENT_3D('',#6273,#6274,#6275);
#6273=CARTESIAN_POINT('',(25.4,0.,3.1));
#6274=DIRECTION('',(0.,0.,1.));
#6275=DIRECTION('',(1.,0.,0.));
#6276=FACE_BOUND('',#6277,.T.);
#6277=EDGE_LOOP('',(#10812));
#6278=FACE_BOUND('',#6279,.T.);
#6279=EDGE_LOOP('',(#10813));
#6280=PLANE('',#6281);
#6281=AXIS2_PLACEMENT_3D('',#6282,#6283,#6284);
#6282=CARTESIAN_POINT('',(22.86,0.,3.1));
#6283=DIRECTION('',(0.,0.,1.));
#6284=DIRECTION('',(1.,0.,0.));
#6285=FACE_OUTER_BOUND('',#6286,.T.);
#6286=EDGE_LOOP('',(#10814));
#6287=FACE_OUTER_BOUND('',#6288,.T.);
#6288=EDGE_LOOP('',(#10815));
#6289=CYLINDRICAL_SURFACE('',#6290,0.9);
#6290=AXIS2_PLACEMENT_3D('',#6291,#6292,#6293);
#6291=CARTESIAN_POINT('',(22.86,0.,3.1));
#6292=DIRECTION('',(0.,0.,1.));
#6293=DIRECTION('',(1.,0.,0.));
#6294=FACE_BOUND('',#6295,.T.);
#6295=EDGE_LOOP('',(#10816));
#6296=FACE_BOUND('',#6297,.T.);
#6297=EDGE_LOOP('',(#10817));
#6298=PLANE('',#6299);
#6299=AXIS2_PLACEMENT_3D('',#6300,#6301,#6302);
#6300=CARTESIAN_POINT('',(20.32,0.,3.1));
#6301=DIRECTION('',(0.,0.,1.));
#6302=DIRECTION('',(1.,0.,0.));
#6303=FACE_OUTER_BOUND('',#6304,.T.);
#6304=EDGE_LOOP('',(#10818));
#6305=FACE_OUTER_BOUND('',#6306,.T.);
#6306=EDGE_LOOP('',(#10819));
#6307=CYLINDRICAL_SURFACE('',#6308,0.9);
#6308=AXIS2_PLACEMENT_3D('',#6309,#6310,#6311);
#6309=CARTESIAN_POINT('',(20.32,0.,3.1));
#6310=DIRECTION('',(0.,0.,1.));
#6311=DIRECTION('',(1.,0.,0.));
#6312=FACE_BOUND('',#6313,.T.);
#6313=EDGE_LOOP('',(#10820));
#6314=FACE_BOUND('',#6315,.T.);
#6315=EDGE_LOOP('',(#10821));
#6316=PLANE('',#6317);
#6317=AXIS2_PLACEMENT_3D('',#6318,#6319,#6320);
#6318=CARTESIAN_POINT('',(17.78,0.,3.1));
#6319=DIRECTION('',(0.,0.,1.));
#6320=DIRECTION('',(1.,0.,0.));
#6321=FACE_OUTER_BOUND('',#6322,.T.);
#6322=EDGE_LOOP('',(#10822));
#6323=FACE_OUTER_BOUND('',#6324,.T.);
#6324=EDGE_LOOP('',(#10823));
#6325=CYLINDRICAL_SURFACE('',#6326,0.9);
#6326=AXIS2_PLACEMENT_3D('',#6327,#6328,#6329);
#6327=CARTESIAN_POINT('',(17.78,0.,3.1));
#6328=DIRECTION('',(0.,0.,1.));
#6329=DIRECTION('',(1.,0.,0.));
#6330=FACE_BOUND('',#6331,.T.);
#6331=EDGE_LOOP('',(#10824));
#6332=FACE_BOUND('',#6333,.T.);
#6333=EDGE_LOOP('',(#10825));
#6334=PLANE('',#6335);
#6335=AXIS2_PLACEMENT_3D('',#6336,#6337,#6338);
#6336=CARTESIAN_POINT('',(15.24,0.,3.1));
#6337=DIRECTION('',(0.,0.,1.));
#6338=DIRECTION('',(1.,0.,0.));
#6339=FACE_OUTER_BOUND('',#6340,.T.);
#6340=EDGE_LOOP('',(#10826));
#6341=FACE_OUTER_BOUND('',#6342,.T.);
#6342=EDGE_LOOP('',(#10827));
#6343=CYLINDRICAL_SURFACE('',#6344,0.9);
#6344=AXIS2_PLACEMENT_3D('',#6345,#6346,#6347);
#6345=CARTESIAN_POINT('',(15.24,0.,3.1));
#6346=DIRECTION('',(0.,0.,1.));
#6347=DIRECTION('',(1.,0.,0.));
#6348=FACE_BOUND('',#6349,.T.);
#6349=EDGE_LOOP('',(#10828));
#6350=FACE_BOUND('',#6351,.T.);
#6351=EDGE_LOOP('',(#10829));
#6352=PLANE('',#6353);
#6353=AXIS2_PLACEMENT_3D('',#6354,#6355,#6356);
#6354=CARTESIAN_POINT('',(12.7,0.,3.1));
#6355=DIRECTION('',(0.,0.,1.));
#6356=DIRECTION('',(1.,0.,0.));
#6357=FACE_OUTER_BOUND('',#6358,.T.);
#6358=EDGE_LOOP('',(#10830));
#6359=FACE_OUTER_BOUND('',#6360,.T.);
#6360=EDGE_LOOP('',(#10831));
#6361=CYLINDRICAL_SURFACE('',#6362,0.9);
#6362=AXIS2_PLACEMENT_3D('',#6363,#6364,#6365);
#6363=CARTESIAN_POINT('',(12.7,0.,3.1));
#6364=DIRECTION('',(0.,0.,1.));
#6365=DIRECTION('',(1.,0.,0.));
#6366=FACE_BOUND('',#6367,.T.);
#6367=EDGE_LOOP('',(#10832));
#6368=FACE_BOUND('',#6369,.T.);
#6369=EDGE_LOOP('',(#10833));
#6370=PLANE('',#6371);
#6371=AXIS2_PLACEMENT_3D('',#6372,#6373,#6374);
#6372=CARTESIAN_POINT('',(10.16,0.,3.1));
#6373=DIRECTION('',(0.,0.,1.));
#6374=DIRECTION('',(1.,0.,0.));
#6375=FACE_OUTER_BOUND('',#6376,.T.);
#6376=EDGE_LOOP('',(#10834));
#6377=FACE_OUTER_BOUND('',#6378,.T.);
#6378=EDGE_LOOP('',(#10835));
#6379=CYLINDRICAL_SURFACE('',#6380,0.9);
#6380=AXIS2_PLACEMENT_3D('',#6381,#6382,#6383);
#6381=CARTESIAN_POINT('',(10.16,0.,3.1));
#6382=DIRECTION('',(0.,0.,1.));
#6383=DIRECTION('',(1.,0.,0.));
#6384=FACE_BOUND('',#6385,.T.);
#6385=EDGE_LOOP('',(#10836));
#6386=FACE_BOUND('',#6387,.T.);
#6387=EDGE_LOOP('',(#10837));
#6388=PLANE('',#6389);
#6389=AXIS2_PLACEMENT_3D('',#6390,#6391,#6392);
#6390=CARTESIAN_POINT('',(7.62,0.,3.1));
#6391=DIRECTION('',(0.,0.,1.));
#6392=DIRECTION('',(1.,0.,0.));
#6393=FACE_OUTER_BOUND('',#6394,.T.);
#6394=EDGE_LOOP('',(#10838));
#6395=FACE_OUTER_BOUND('',#6396,.T.);
#6396=EDGE_LOOP('',(#10839));
#6397=CYLINDRICAL_SURFACE('',#6398,0.9);
#6398=AXIS2_PLACEMENT_3D('',#6399,#6400,#6401);
#6399=CARTESIAN_POINT('',(7.62,0.,3.1));
#6400=DIRECTION('',(0.,0.,1.));
#6401=DIRECTION('',(1.,0.,0.));
#6402=FACE_BOUND('',#6403,.T.);
#6403=EDGE_LOOP('',(#10840));
#6404=FACE_BOUND('',#6405,.T.);
#6405=EDGE_LOOP('',(#10841));
#6406=PLANE('',#6407);
#6407=AXIS2_PLACEMENT_3D('',#6408,#6409,#6410);
#6408=CARTESIAN_POINT('',(5.08,0.,3.1));
#6409=DIRECTION('',(0.,0.,1.));
#6410=DIRECTION('',(1.,0.,0.));
#6411=FACE_OUTER_BOUND('',#6412,.T.);
#6412=EDGE_LOOP('',(#10842));
#6413=FACE_OUTER_BOUND('',#6414,.T.);
#6414=EDGE_LOOP('',(#10843));
#6415=CYLINDRICAL_SURFACE('',#6416,0.9);
#6416=AXIS2_PLACEMENT_3D('',#6417,#6418,#6419);
#6417=CARTESIAN_POINT('',(5.08,0.,3.1));
#6418=DIRECTION('',(0.,0.,1.));
#6419=DIRECTION('',(1.,0.,0.));
#6420=FACE_BOUND('',#6421,.T.);
#6421=EDGE_LOOP('',(#10844));
#6422=FACE_BOUND('',#6423,.T.);
#6423=EDGE_LOOP('',(#10845));
#6424=PLANE('',#6425);
#6425=AXIS2_PLACEMENT_3D('',#6426,#6427,#6428);
#6426=CARTESIAN_POINT('',(2.54,0.,3.1));
#6427=DIRECTION('',(0.,0.,1.));
#6428=DIRECTION('',(1.,0.,0.));
#6429=FACE_OUTER_BOUND('',#6430,.T.);
#6430=EDGE_LOOP('',(#10846));
#6431=FACE_OUTER_BOUND('',#6432,.T.);
#6432=EDGE_LOOP('',(#10847));
#6433=CYLINDRICAL_SURFACE('',#6434,0.9);
#6434=AXIS2_PLACEMENT_3D('',#6435,#6436,#6437);
#6435=CARTESIAN_POINT('',(2.54,0.,3.1));
#6436=DIRECTION('',(0.,0.,1.));
#6437=DIRECTION('',(1.,0.,0.));
#6438=FACE_BOUND('',#6439,.T.);
#6439=EDGE_LOOP('',(#10848,#10849,#10850,#10851,#10852,#10853,#10854,#10855,#10856,
#10857,#10858,#10859,#10860,#10861,#10862,#10863,#10864,#10865,#10866,#10867,#10868,
#10869,#10870,#10871,#10872,#10873,#10874,#10875,#10876,#10877,#10878,#10879,#10880,
#10881,#10882,#10883,#10884,#10885,#10886,#10887,#10888,#10889,#10890,#10891,#10892,
#10893,#10894,#10895,#10896,#10897,#10898,#10899,#10900,#10901,#10902,#10903,#10904,
#10905,#10906,#10907,#10908,#10909,#10910,#10911,#10912,#10913,#10914,#10915,#10916,
#10917,#10918,#10919,#10920,#10921,#10922,#10923,#10924,#10925,#10926,#10927,#10928,
#10929,#10930,#10931,#10932,#10933,#10934,#10935,#10936,#10937,#10938,#10939,#10940,
#10941,#10942,#10943,#10944,#10945,#10946,#10947,#10948,#10949,#10950,#10951,#10952,
#10953,#10954,#10955,#10956,#10957,#10958,#10959,#10960,#10961,#10962,#10963,#10964,
#10965,#10966,#10967,#10968,#10969,#10970,#10971,#10972,#10973,#10974,#10975,#10976,
#10977,#10978,#10979,#10980,#10981,#10982,#10983,#10984,#10985,#10986,#10987,#10988,
#10989,#10990,#10991,#10992,#10993,#10994,#10995,#10996,#10997,#10998,#10999,#11000,
#11001,#11002,#11003,#11004,#11005,#11006,#11007,#11008,#11009,#11010,#11011,#11012,
#11013,#11014,#11015,#11016,#11017,#11018,#11019,#11020,#11021,#11022,#11023,#11024,
#11025,#11026,#11027,#11028,#11029,#11030,#11031,#11032,#11033,#11034,#11035,#11036,
#11037,#11038,#11039,#11040,#11041,#11042,#11043,#11044,#11045,#11046,#11047,#11048,
#11049,#11050,#11051,#11052,#11053,#11054,#11055,#11056,#11057,#11058,#11059,#11060,
#11061,#11062,#11063,#11064,#11065,#11066,#11067,#11068,#11069,#11070,#11071,#11072,
#11073,#11074,#11075,#11076,#11077,#11078,#11079,#11080,#11081,#11082,#11083));
#6440=FACE_BOUND('',#6441,.T.);
#6441=EDGE_LOOP('',(#11084));
#6442=FACE_BOUND('',#6443,.T.);
#6443=EDGE_LOOP('',(#11085));
#6444=FACE_BOUND('',#6445,.T.);
#6445=EDGE_LOOP('',(#11086));
#6446=FACE_BOUND('',#6447,.T.);
#6447=EDGE_LOOP('',(#11087));
#6448=FACE_BOUND('',#6449,.T.);
#6449=EDGE_LOOP('',(#11088));
#6450=FACE_BOUND('',#6451,.T.);
#6451=EDGE_LOOP('',(#11089));
#6452=FACE_BOUND('',#6453,.T.);
#6453=EDGE_LOOP('',(#11090));
#6454=FACE_BOUND('',#6455,.T.);
#6455=EDGE_LOOP('',(#11091));
#6456=FACE_BOUND('',#6457,.T.);
#6457=EDGE_LOOP('',(#11092));
#6458=FACE_BOUND('',#6459,.T.);
#6459=EDGE_LOOP('',(#11093));
#6460=FACE_BOUND('',#6461,.T.);
#6461=EDGE_LOOP('',(#11094));
#6462=FACE_BOUND('',#6463,.T.);
#6463=EDGE_LOOP('',(#11095));
#6464=FACE_BOUND('',#6465,.T.);
#6465=EDGE_LOOP('',(#11096));
#6466=FACE_BOUND('',#6467,.T.);
#6467=EDGE_LOOP('',(#11097));
#6468=FACE_BOUND('',#6469,.T.);
#6469=EDGE_LOOP('',(#11098));
#6470=FACE_BOUND('',#6471,.T.);
#6471=EDGE_LOOP('',(#11099));
#6472=FACE_BOUND('',#6473,.T.);
#6473=EDGE_LOOP('',(#11100));
#6474=FACE_BOUND('',#6475,.T.);
#6475=EDGE_LOOP('',(#11101));
#6476=FACE_BOUND('',#6477,.T.);
#6477=EDGE_LOOP('',(#11102));
#6478=FACE_BOUND('',#6479,.T.);
#6479=EDGE_LOOP('',(#11103));
#6480=FACE_BOUND('',#6481,.T.);
#6481=EDGE_LOOP('',(#11104));
#6482=FACE_BOUND('',#6483,.T.);
#6483=EDGE_LOOP('',(#11105));
#6484=FACE_BOUND('',#6485,.T.);
#6485=EDGE_LOOP('',(#11106));
#6486=FACE_BOUND('',#6487,.T.);
#6487=EDGE_LOOP('',(#11107));
#6488=FACE_BOUND('',#6489,.T.);
#6489=EDGE_LOOP('',(#11108));
#6490=FACE_BOUND('',#6491,.T.);
#6491=EDGE_LOOP('',(#11109));
#6492=FACE_BOUND('',#6493,.T.);
#6493=EDGE_LOOP('',(#11110));
#6494=FACE_BOUND('',#6495,.T.);
#6495=EDGE_LOOP('',(#11111));
#6496=FACE_BOUND('',#6497,.T.);
#6497=EDGE_LOOP('',(#11112));
#6498=PLANE('',#6499);
#6499=AXIS2_PLACEMENT_3D('',#6500,#6501,#6502);
#6500=CARTESIAN_POINT('',(0.,0.,0.6));
#6501=DIRECTION('',(0.,0.,1.));
#6502=DIRECTION('',(1.,0.,0.));
#6503=FACE_BOUND('',#6504,.T.);
#6504=EDGE_LOOP('',(#11113,#11114,#11115,#11116));
#6505=PLANE('',#6506);
#6506=AXIS2_PLACEMENT_3D('',#6507,#6508,#6509);
#6507=CARTESIAN_POINT('',(-1.27,-0.75,0.6));
#6508=DIRECTION('',(0.,-1.,0.));
#6509=DIRECTION('',(1.,0.,0.));
#6510=FACE_BOUND('',#6511,.T.);
#6511=EDGE_LOOP('',(#11117,#11118,#11119,#11120));
#6512=PLANE('',#6513);
#6513=AXIS2_PLACEMENT_3D('',#6514,#6515,#6516);
#6514=CARTESIAN_POINT('',(-1.12,-0.75,0.6));
#6515=DIRECTION('',(-0.866025403784438,-0.5,0.));
#6516=DIRECTION('',(0.5,-0.866025403784438,0.));
#6517=FACE_BOUND('',#6518,.T.);
#6518=EDGE_LOOP('',(#11121,#11122,#11123,#11124));
#6519=PLANE('',#6520);
#6520=AXIS2_PLACEMENT_3D('',#6521,#6522,#6523);
#6521=CARTESIAN_POINT('',(-0.819777860021394,-1.27,0.6));
#6522=DIRECTION('',(0.,-1.,0.));
#6523=DIRECTION('',(1.,0.,0.));
#6524=FACE_BOUND('',#6525,.T.);
#6525=EDGE_LOOP('',(#11125,#11126,#11127,#11128));
#6526=PLANE('',#6527);
#6527=AXIS2_PLACEMENT_3D('',#6528,#6529,#6530);
#6528=CARTESIAN_POINT('',(0.819777860021395,-1.27,0.6));
#6529=DIRECTION('',(0.866025403784439,-0.5,0.));
#6530=DIRECTION('',(0.5,0.866025403784439,0.));
#6531=FACE_BOUND('',#6532,.T.);
#6532=EDGE_LOOP('',(#11129,#11130,#11131,#11132));
#6533=PLANE('',#6534);
#6534=AXIS2_PLACEMENT_3D('',#6535,#6536,#6537);
#6535=CARTESIAN_POINT('',(1.12,-0.75,0.6));
#6536=DIRECTION('',(0.,-1.,0.));
#6537=DIRECTION('',(1.,0.,0.));
#6538=FACE_BOUND('',#6539,.T.);
#6539=EDGE_LOOP('',(#11133,#11134,#11135,#11136));
#6540=PLANE('',#6541);
#6541=AXIS2_PLACEMENT_3D('',#6542,#6543,#6544);
#6542=CARTESIAN_POINT('',(1.42,-0.75,0.6));
#6543=DIRECTION('',(-0.866025403784438,-0.5,0.));
#6544=DIRECTION('',(0.5,-0.866025403784438,0.));
#6545=FACE_BOUND('',#6546,.T.);
#6546=EDGE_LOOP('',(#11137,#11138,#11139,#11140));
#6547=PLANE('',#6548);
#6548=AXIS2_PLACEMENT_3D('',#6549,#6550,#6551);
#6549=CARTESIAN_POINT('',(1.72022213997861,-1.27,0.6));
#6550=DIRECTION('',(0.,-1.,0.));
#6551=DIRECTION('',(1.,0.,0.));
#6552=FACE_BOUND('',#6553,.T.);
#6553=EDGE_LOOP('',(#11141,#11142,#11143,#11144));
#6554=PLANE('',#6555);
#6555=AXIS2_PLACEMENT_3D('',#6556,#6557,#6558);
#6556=CARTESIAN_POINT('',(3.35977786002139,-1.27,0.6));
#6557=DIRECTION('',(0.866025403784439,-0.5,0.));
#6558=DIRECTION('',(0.5,0.866025403784439,0.));
#6559=FACE_BOUND('',#6560,.T.);
#6560=EDGE_LOOP('',(#11145,#11146,#11147,#11148));
#6561=PLANE('',#6562);
#6562=AXIS2_PLACEMENT_3D('',#6563,#6564,#6565);
#6563=CARTESIAN_POINT('',(3.66,-0.75,0.6));
#6564=DIRECTION('',(0.,-1.,0.));
#6565=DIRECTION('',(1.,0.,0.));
#6566=FACE_BOUND('',#6567,.T.);
#6567=EDGE_LOOP('',(#11149,#11150,#11151,#11152));
#6568=PLANE('',#6569);
#6569=AXIS2_PLACEMENT_3D('',#6570,#6571,#6572);
#6570=CARTESIAN_POINT('',(3.96,-0.75,0.6));
#6571=DIRECTION('',(-0.866025403784438,-0.5,0.));
#6572=DIRECTION('',(0.5,-0.866025403784438,0.));
#6573=FACE_BOUND('',#6574,.T.);
#6574=EDGE_LOOP('',(#11153,#11154,#11155,#11156));
#6575=PLANE('',#6576);
#6576=AXIS2_PLACEMENT_3D('',#6577,#6578,#6579);
#6577=CARTESIAN_POINT('',(4.26022213997861,-1.27,0.6));
#6578=DIRECTION('',(0.,-1.,0.));
#6579=DIRECTION('',(1.,0.,0.));
#6580=FACE_BOUND('',#6581,.T.);
#6581=EDGE_LOOP('',(#11157,#11158,#11159,#11160));
#6582=PLANE('',#6583);
#6583=AXIS2_PLACEMENT_3D('',#6584,#6585,#6586);
#6584=CARTESIAN_POINT('',(5.89977786002139,-1.27,0.6));
#6585=DIRECTION('',(0.866025403784439,-0.5,0.));
#6586=DIRECTION('',(0.5,0.866025403784439,0.));
#6587=FACE_BOUND('',#6588,.T.);
#6588=EDGE_LOOP('',(#11161,#11162,#11163,#11164));
#6589=PLANE('',#6590);
#6590=AXIS2_PLACEMENT_3D('',#6591,#6592,#6593);
#6591=CARTESIAN_POINT('',(6.2,-0.75,0.6));
#6592=DIRECTION('',(0.,-1.,0.));
#6593=DIRECTION('',(1.,0.,0.));
#6594=FACE_BOUND('',#6595,.T.);
#6595=EDGE_LOOP('',(#11165,#11166,#11167,#11168));
#6596=PLANE('',#6597);
#6597=AXIS2_PLACEMENT_3D('',#6598,#6599,#6600);
#6598=CARTESIAN_POINT('',(6.5,-0.75,0.6));
#6599=DIRECTION('',(-0.866025403784438,-0.5,0.));
#6600=DIRECTION('',(0.5,-0.866025403784438,0.));
#6601=FACE_BOUND('',#6602,.T.);
#6602=EDGE_LOOP('',(#11169,#11170,#11171,#11172));
#6603=PLANE('',#6604);
#6604=AXIS2_PLACEMENT_3D('',#6605,#6606,#6607);
#6605=CARTESIAN_POINT('',(6.80022213997861,-1.27,0.6));
#6606=DIRECTION('',(0.,-1.,0.));
#6607=DIRECTION('',(1.,0.,0.));
#6608=FACE_BOUND('',#6609,.T.);
#6609=EDGE_LOOP('',(#11173,#11174,#11175,#11176));
#6610=PLANE('',#6611);
#6611=AXIS2_PLACEMENT_3D('',#6612,#6613,#6614);
#6612=CARTESIAN_POINT('',(8.43977786002139,-1.27,0.6));
#6613=DIRECTION('',(0.866025403784439,-0.5,0.));
#6614=DIRECTION('',(0.5,0.866025403784439,0.));
#6615=FACE_BOUND('',#6616,.T.);
#6616=EDGE_LOOP('',(#11177,#11178,#11179,#11180));
#6617=PLANE('',#6618);
#6618=AXIS2_PLACEMENT_3D('',#6619,#6620,#6621);
#6619=CARTESIAN_POINT('',(8.74,-0.75,0.6));
#6620=DIRECTION('',(0.,-1.,0.));
#6621=DIRECTION('',(1.,0.,0.));
#6622=FACE_BOUND('',#6623,.T.);
#6623=EDGE_LOOP('',(#11181,#11182,#11183,#11184));
#6624=PLANE('',#6625);
#6625=AXIS2_PLACEMENT_3D('',#6626,#6627,#6628);
#6626=CARTESIAN_POINT('',(9.04,-0.75,0.6));
#6627=DIRECTION('',(-0.866025403784438,-0.5,0.));
#6628=DIRECTION('',(0.5,-0.866025403784438,0.));
#6629=FACE_BOUND('',#6630,.T.);
#6630=EDGE_LOOP('',(#11185,#11186,#11187,#11188));
#6631=PLANE('',#6632);
#6632=AXIS2_PLACEMENT_3D('',#6633,#6634,#6635);
#6633=CARTESIAN_POINT('',(9.34022213997861,-1.27,0.6));
#6634=DIRECTION('',(0.,-1.,0.));
#6635=DIRECTION('',(1.,0.,0.));
#6636=FACE_BOUND('',#6637,.T.);
#6637=EDGE_LOOP('',(#11189,#11190,#11191,#11192));
#6638=PLANE('',#6639);
#6639=AXIS2_PLACEMENT_3D('',#6640,#6641,#6642);
#6640=CARTESIAN_POINT('',(10.9797778600214,-1.27,0.6));
#6641=DIRECTION('',(0.866025403784439,-0.5,0.));
#6642=DIRECTION('',(0.5,0.866025403784439,0.));
#6643=FACE_BOUND('',#6644,.T.);
#6644=EDGE_LOOP('',(#11193,#11194,#11195,#11196));
#6645=PLANE('',#6646);
#6646=AXIS2_PLACEMENT_3D('',#6647,#6648,#6649);
#6647=CARTESIAN_POINT('',(11.28,-0.75,0.6));
#6648=DIRECTION('',(0.,-1.,0.));
#6649=DIRECTION('',(1.,0.,0.));
#6650=FACE_BOUND('',#6651,.T.);
#6651=EDGE_LOOP('',(#11197,#11198,#11199,#11200));
#6652=PLANE('',#6653);
#6653=AXIS2_PLACEMENT_3D('',#6654,#6655,#6656);
#6654=CARTESIAN_POINT('',(11.58,-0.75,0.6));
#6655=DIRECTION('',(-0.866025403784438,-0.5,0.));
#6656=DIRECTION('',(0.5,-0.866025403784438,0.));
#6657=FACE_BOUND('',#6658,.T.);
#6658=EDGE_LOOP('',(#11201,#11202,#11203,#11204));
#6659=PLANE('',#6660);
#6660=AXIS2_PLACEMENT_3D('',#6661,#6662,#6663);
#6661=CARTESIAN_POINT('',(11.8802221399786,-1.27,0.6));
#6662=DIRECTION('',(0.,-1.,0.));
#6663=DIRECTION('',(1.,0.,0.));
#6664=FACE_BOUND('',#6665,.T.);
#6665=EDGE_LOOP('',(#11205,#11206,#11207,#11208));
#6666=PLANE('',#6667);
#6667=AXIS2_PLACEMENT_3D('',#6668,#6669,#6670);
#6668=CARTESIAN_POINT('',(13.5197778600214,-1.27,0.6));
#6669=DIRECTION('',(0.866025403784439,-0.5,0.));
#6670=DIRECTION('',(0.5,0.866025403784439,0.));
#6671=FACE_BOUND('',#6672,.T.);
#6672=EDGE_LOOP('',(#11209,#11210,#11211,#11212));
#6673=PLANE('',#6674);
#6674=AXIS2_PLACEMENT_3D('',#6675,#6676,#6677);
#6675=CARTESIAN_POINT('',(13.82,-0.75,0.6));
#6676=DIRECTION('',(0.,-1.,0.));
#6677=DIRECTION('',(1.,0.,0.));
#6678=FACE_BOUND('',#6679,.T.);
#6679=EDGE_LOOP('',(#11213,#11214,#11215,#11216));
#6680=PLANE('',#6681);
#6681=AXIS2_PLACEMENT_3D('',#6682,#6683,#6684);
#6682=CARTESIAN_POINT('',(14.12,-0.75,0.6));
#6683=DIRECTION('',(-0.866025403784438,-0.5,0.));
#6684=DIRECTION('',(0.5,-0.866025403784438,0.));
#6685=FACE_BOUND('',#6686,.T.);
#6686=EDGE_LOOP('',(#11217,#11218,#11219,#11220));
#6687=PLANE('',#6688);
#6688=AXIS2_PLACEMENT_3D('',#6689,#6690,#6691);
#6689=CARTESIAN_POINT('',(14.4202221399786,-1.27,0.6));
#6690=DIRECTION('',(0.,-1.,0.));
#6691=DIRECTION('',(1.,0.,0.));
#6692=FACE_BOUND('',#6693,.T.);
#6693=EDGE_LOOP('',(#11221,#11222,#11223,#11224));
#6694=PLANE('',#6695);
#6695=AXIS2_PLACEMENT_3D('',#6696,#6697,#6698);
#6696=CARTESIAN_POINT('',(16.0597778600214,-1.27,0.6));
#6697=DIRECTION('',(0.866025403784439,-0.5,0.));
#6698=DIRECTION('',(0.5,0.866025403784439,0.));
#6699=FACE_BOUND('',#6700,.T.);
#6700=EDGE_LOOP('',(#11225,#11226,#11227,#11228));
#6701=PLANE('',#6702);
#6702=AXIS2_PLACEMENT_3D('',#6703,#6704,#6705);
#6703=CARTESIAN_POINT('',(16.36,-0.75,0.6));
#6704=DIRECTION('',(0.,-1.,0.));
#6705=DIRECTION('',(1.,0.,0.));
#6706=FACE_BOUND('',#6707,.T.);
#6707=EDGE_LOOP('',(#11229,#11230,#11231,#11232));
#6708=PLANE('',#6709);
#6709=AXIS2_PLACEMENT_3D('',#6710,#6711,#6712);
#6710=CARTESIAN_POINT('',(16.66,-0.75,0.6));
#6711=DIRECTION('',(-0.866025403784438,-0.5,0.));
#6712=DIRECTION('',(0.5,-0.866025403784438,0.));
#6713=FACE_BOUND('',#6714,.T.);
#6714=EDGE_LOOP('',(#11233,#11234,#11235,#11236));
#6715=PLANE('',#6716);
#6716=AXIS2_PLACEMENT_3D('',#6717,#6718,#6719);
#6717=CARTESIAN_POINT('',(16.9602221399786,-1.27,0.6));
#6718=DIRECTION('',(0.,-1.,0.));
#6719=DIRECTION('',(1.,0.,0.));
#6720=FACE_BOUND('',#6721,.T.);
#6721=EDGE_LOOP('',(#11237,#11238,#11239,#11240));
#6722=PLANE('',#6723);
#6723=AXIS2_PLACEMENT_3D('',#6724,#6725,#6726);
#6724=CARTESIAN_POINT('',(18.5997778600214,-1.27,0.6));
#6725=DIRECTION('',(0.866025403784439,-0.5,0.));
#6726=DIRECTION('',(0.5,0.866025403784439,0.));
#6727=FACE_BOUND('',#6728,.T.);
#6728=EDGE_LOOP('',(#11241,#11242,#11243,#11244));
#6729=PLANE('',#6730);
#6730=AXIS2_PLACEMENT_3D('',#6731,#6732,#6733);
#6731=CARTESIAN_POINT('',(18.9,-0.75,0.6));
#6732=DIRECTION('',(0.,-1.,0.));
#6733=DIRECTION('',(1.,0.,0.));
#6734=FACE_BOUND('',#6735,.T.);
#6735=EDGE_LOOP('',(#11245,#11246,#11247,#11248));
#6736=PLANE('',#6737);
#6737=AXIS2_PLACEMENT_3D('',#6738,#6739,#6740);
#6738=CARTESIAN_POINT('',(19.2,-0.75,0.6));
#6739=DIRECTION('',(-0.866025403784438,-0.5,0.));
#6740=DIRECTION('',(0.5,-0.866025403784438,0.));
#6741=FACE_BOUND('',#6742,.T.);
#6742=EDGE_LOOP('',(#11249,#11250,#11251,#11252));
#6743=PLANE('',#6744);
#6744=AXIS2_PLACEMENT_3D('',#6745,#6746,#6747);
#6745=CARTESIAN_POINT('',(19.5002221399786,-1.27,0.6));
#6746=DIRECTION('',(0.,-1.,0.));
#6747=DIRECTION('',(1.,0.,0.));
#6748=FACE_BOUND('',#6749,.T.);
#6749=EDGE_LOOP('',(#11253,#11254,#11255,#11256));
#6750=PLANE('',#6751);
#6751=AXIS2_PLACEMENT_3D('',#6752,#6753,#6754);
#6752=CARTESIAN_POINT('',(21.1397778600214,-1.27,0.6));
#6753=DIRECTION('',(0.866025403784439,-0.5,0.));
#6754=DIRECTION('',(0.5,0.866025403784439,0.));
#6755=FACE_BOUND('',#6756,.T.);
#6756=EDGE_LOOP('',(#11257,#11258,#11259,#11260));
#6757=PLANE('',#6758);
#6758=AXIS2_PLACEMENT_3D('',#6759,#6760,#6761);
#6759=CARTESIAN_POINT('',(21.44,-0.75,0.6));
#6760=DIRECTION('',(0.,-1.,0.));
#6761=DIRECTION('',(1.,0.,0.));
#6762=FACE_BOUND('',#6763,.T.);
#6763=EDGE_LOOP('',(#11261,#11262,#11263,#11264));
#6764=PLANE('',#6765);
#6765=AXIS2_PLACEMENT_3D('',#6766,#6767,#6768);
#6766=CARTESIAN_POINT('',(21.74,-0.75,0.6));
#6767=DIRECTION('',(-0.866025403784438,-0.5,0.));
#6768=DIRECTION('',(0.5,-0.866025403784438,0.));
#6769=FACE_BOUND('',#6770,.T.);
#6770=EDGE_LOOP('',(#11265,#11266,#11267,#11268));
#6771=PLANE('',#6772);
#6772=AXIS2_PLACEMENT_3D('',#6773,#6774,#6775);
#6773=CARTESIAN_POINT('',(22.0402221399786,-1.27,0.6));
#6774=DIRECTION('',(0.,-1.,0.));
#6775=DIRECTION('',(1.,0.,0.));
#6776=FACE_BOUND('',#6777,.T.);
#6777=EDGE_LOOP('',(#11269,#11270,#11271,#11272));
#6778=PLANE('',#6779);
#6779=AXIS2_PLACEMENT_3D('',#6780,#6781,#6782);
#6780=CARTESIAN_POINT('',(23.6797778600214,-1.27,0.6));
#6781=DIRECTION('',(0.866025403784439,-0.5,0.));
#6782=DIRECTION('',(0.5,0.866025403784439,0.));
#6783=FACE_BOUND('',#6784,.T.);
#6784=EDGE_LOOP('',(#11273,#11274,#11275,#11276));
#6785=PLANE('',#6786);
#6786=AXIS2_PLACEMENT_3D('',#6787,#6788,#6789);
#6787=CARTESIAN_POINT('',(23.98,-0.75,0.6));
#6788=DIRECTION('',(0.,-1.,0.));
#6789=DIRECTION('',(1.,0.,0.));
#6790=FACE_BOUND('',#6791,.T.);
#6791=EDGE_LOOP('',(#11277,#11278,#11279,#11280));
#6792=PLANE('',#6793);
#6793=AXIS2_PLACEMENT_3D('',#6794,#6795,#6796);
#6794=CARTESIAN_POINT('',(24.28,-0.75,0.6));
#6795=DIRECTION('',(-0.866025403784438,-0.5,0.));
#6796=DIRECTION('',(0.5,-0.866025403784438,0.));
#6797=FACE_BOUND('',#6798,.T.);
#6798=EDGE_LOOP('',(#11281,#11282,#11283,#11284));
#6799=PLANE('',#6800);
#6800=AXIS2_PLACEMENT_3D('',#6801,#6802,#6803);
#6801=CARTESIAN_POINT('',(24.5802221399786,-1.27,0.6));
#6802=DIRECTION('',(0.,-1.,0.));
#6803=DIRECTION('',(1.,0.,0.));
#6804=FACE_BOUND('',#6805,.T.);
#6805=EDGE_LOOP('',(#11285,#11286,#11287,#11288));
#6806=PLANE('',#6807);
#6807=AXIS2_PLACEMENT_3D('',#6808,#6809,#6810);
#6808=CARTESIAN_POINT('',(26.2197778600214,-1.27,0.6));
#6809=DIRECTION('',(0.866025403784439,-0.5,0.));
#6810=DIRECTION('',(0.5,0.866025403784439,0.));
#6811=FACE_BOUND('',#6812,.T.);
#6812=EDGE_LOOP('',(#11289,#11290,#11291,#11292));
#6813=PLANE('',#6814);
#6814=AXIS2_PLACEMENT_3D('',#6815,#6816,#6817);
#6815=CARTESIAN_POINT('',(26.52,-0.75,0.6));
#6816=DIRECTION('',(0.,-1.,0.));
#6817=DIRECTION('',(1.,0.,0.));
#6818=FACE_BOUND('',#6819,.T.);
#6819=EDGE_LOOP('',(#11293,#11294,#11295,#11296));
#6820=PLANE('',#6821);
#6821=AXIS2_PLACEMENT_3D('',#6822,#6823,#6824);
#6822=CARTESIAN_POINT('',(26.82,-0.75,0.6));
#6823=DIRECTION('',(-0.866025403784438,-0.5,0.));
#6824=DIRECTION('',(0.5,-0.866025403784438,0.));
#6825=FACE_BOUND('',#6826,.T.);
#6826=EDGE_LOOP('',(#11297,#11298,#11299,#11300));
#6827=PLANE('',#6828);
#6828=AXIS2_PLACEMENT_3D('',#6829,#6830,#6831);
#6829=CARTESIAN_POINT('',(27.1202221399786,-1.27,0.6));
#6830=DIRECTION('',(0.,-1.,0.));
#6831=DIRECTION('',(1.,0.,0.));
#6832=FACE_BOUND('',#6833,.T.);
#6833=EDGE_LOOP('',(#11301,#11302,#11303,#11304));
#6834=PLANE('',#6835);
#6835=AXIS2_PLACEMENT_3D('',#6836,#6837,#6838);
#6836=CARTESIAN_POINT('',(28.7597778600214,-1.27,0.6));
#6837=DIRECTION('',(0.866025403784439,-0.5,0.));
#6838=DIRECTION('',(0.5,0.866025403784439,0.));
#6839=FACE_BOUND('',#6840,.T.);
#6840=EDGE_LOOP('',(#11305,#11306,#11307,#11308));
#6841=PLANE('',#6842);
#6842=AXIS2_PLACEMENT_3D('',#6843,#6844,#6845);
#6843=CARTESIAN_POINT('',(29.06,-0.75,0.6));
#6844=DIRECTION('',(0.,-1.,0.));
#6845=DIRECTION('',(1.,0.,0.));
#6846=FACE_BOUND('',#6847,.T.);
#6847=EDGE_LOOP('',(#11309,#11310,#11311,#11312));
#6848=PLANE('',#6849);
#6849=AXIS2_PLACEMENT_3D('',#6850,#6851,#6852);
#6850=CARTESIAN_POINT('',(29.36,-0.75,0.6));
#6851=DIRECTION('',(-0.866025403784438,-0.5,0.));
#6852=DIRECTION('',(0.5,-0.866025403784438,0.));
#6853=FACE_BOUND('',#6854,.T.);
#6854=EDGE_LOOP('',(#11313,#11314,#11315,#11316));
#6855=PLANE('',#6856);
#6856=AXIS2_PLACEMENT_3D('',#6857,#6858,#6859);
#6857=CARTESIAN_POINT('',(29.6602221399786,-1.27,0.6));
#6858=DIRECTION('',(0.,-1.,0.));
#6859=DIRECTION('',(1.,0.,0.));
#6860=FACE_BOUND('',#6861,.T.);
#6861=EDGE_LOOP('',(#11317,#11318,#11319,#11320));
#6862=PLANE('',#6863);
#6863=AXIS2_PLACEMENT_3D('',#6864,#6865,#6866);
#6864=CARTESIAN_POINT('',(31.2997778600214,-1.27,0.6));
#6865=DIRECTION('',(0.866025403784439,-0.5,0.));
#6866=DIRECTION('',(0.5,0.866025403784439,0.));
#6867=FACE_BOUND('',#6868,.T.);
#6868=EDGE_LOOP('',(#11321,#11322,#11323,#11324));
#6869=PLANE('',#6870);
#6870=AXIS2_PLACEMENT_3D('',#6871,#6872,#6873);
#6871=CARTESIAN_POINT('',(31.6,-0.75,0.6));
#6872=DIRECTION('',(0.,-1.,0.));
#6873=DIRECTION('',(1.,0.,0.));
#6874=FACE_BOUND('',#6875,.T.);
#6875=EDGE_LOOP('',(#11325,#11326,#11327,#11328));
#6876=PLANE('',#6877);
#6877=AXIS2_PLACEMENT_3D('',#6878,#6879,#6880);
#6878=CARTESIAN_POINT('',(31.9,-0.75,0.6));
#6879=DIRECTION('',(-0.866025403784438,-0.5,0.));
#6880=DIRECTION('',(0.5,-0.866025403784438,0.));
#6881=FACE_BOUND('',#6882,.T.);
#6882=EDGE_LOOP('',(#11329,#11330,#11331,#11332));
#6883=PLANE('',#6884);
#6884=AXIS2_PLACEMENT_3D('',#6885,#6886,#6887);
#6885=CARTESIAN_POINT('',(32.2002221399786,-1.27,0.6));
#6886=DIRECTION('',(0.,-1.,0.));
#6887=DIRECTION('',(1.,0.,0.));
#6888=FACE_BOUND('',#6889,.T.);
#6889=EDGE_LOOP('',(#11333,#11334,#11335,#11336));
#6890=PLANE('',#6891);
#6891=AXIS2_PLACEMENT_3D('',#6892,#6893,#6894);
#6892=CARTESIAN_POINT('',(33.8397778600214,-1.27,0.6));
#6893=DIRECTION('',(0.866025403784439,-0.5,0.));
#6894=DIRECTION('',(0.5,0.866025403784439,0.));
#6895=FACE_BOUND('',#6896,.T.);
#6896=EDGE_LOOP('',(#11337,#11338,#11339,#11340));
#6897=PLANE('',#6898);
#6898=AXIS2_PLACEMENT_3D('',#6899,#6900,#6901);
#6899=CARTESIAN_POINT('',(34.14,-0.75,0.6));
#6900=DIRECTION('',(0.,-1.,0.));
#6901=DIRECTION('',(1.,0.,0.));
#6902=FACE_BOUND('',#6903,.T.);
#6903=EDGE_LOOP('',(#11341,#11342,#11343,#11344));
#6904=PLANE('',#6905);
#6905=AXIS2_PLACEMENT_3D('',#6906,#6907,#6908);
#6906=CARTESIAN_POINT('',(34.44,-0.75,0.6));
#6907=DIRECTION('',(-0.866025403784438,-0.5,0.));
#6908=DIRECTION('',(0.5,-0.866025403784438,0.));
#6909=FACE_BOUND('',#6910,.T.);
#6910=EDGE_LOOP('',(#11345,#11346,#11347,#11348));
#6911=PLANE('',#6912);
#6912=AXIS2_PLACEMENT_3D('',#6913,#6914,#6915);
#6913=CARTESIAN_POINT('',(34.7402221399786,-1.27,0.6));
#6914=DIRECTION('',(0.,-1.,0.));
#6915=DIRECTION('',(1.,0.,0.));
#6916=FACE_BOUND('',#6917,.T.);
#6917=EDGE_LOOP('',(#11349,#11350,#11351,#11352));
#6918=PLANE('',#6919);
#6919=AXIS2_PLACEMENT_3D('',#6920,#6921,#6922);
#6920=CARTESIAN_POINT('',(36.3797778600214,-1.27,0.6));
#6921=DIRECTION('',(0.866025403784439,-0.5,0.));
#6922=DIRECTION('',(0.5,0.866025403784439,0.));
#6923=FACE_BOUND('',#6924,.T.);
#6924=EDGE_LOOP('',(#11353,#11354,#11355,#11356));
#6925=PLANE('',#6926);
#6926=AXIS2_PLACEMENT_3D('',#6927,#6928,#6929);
#6927=CARTESIAN_POINT('',(36.68,-0.75,0.6));
#6928=DIRECTION('',(0.,-1.,0.));
#6929=DIRECTION('',(1.,0.,0.));
#6930=FACE_BOUND('',#6931,.T.);
#6931=EDGE_LOOP('',(#11357,#11358,#11359,#11360));
#6932=PLANE('',#6933);
#6933=AXIS2_PLACEMENT_3D('',#6934,#6935,#6936);
#6934=CARTESIAN_POINT('',(36.98,-0.75,0.6));
#6935=DIRECTION('',(-0.866025403784438,-0.5,0.));
#6936=DIRECTION('',(0.5,-0.866025403784438,0.));
#6937=FACE_BOUND('',#6938,.T.);
#6938=EDGE_LOOP('',(#11361,#11362,#11363,#11364));
#6939=PLANE('',#6940);
#6940=AXIS2_PLACEMENT_3D('',#6941,#6942,#6943);
#6941=CARTESIAN_POINT('',(37.2802221399786,-1.27,0.6));
#6942=DIRECTION('',(0.,-1.,0.));
#6943=DIRECTION('',(1.,0.,0.));
#6944=FACE_BOUND('',#6945,.T.);
#6945=EDGE_LOOP('',(#11365,#11366,#11367,#11368));
#6946=PLANE('',#6947);
#6947=AXIS2_PLACEMENT_3D('',#6948,#6949,#6950);
#6948=CARTESIAN_POINT('',(38.9197778600214,-1.27,0.6));
#6949=DIRECTION('',(0.866025403784439,-0.5,0.));
#6950=DIRECTION('',(0.5,0.866025403784439,0.));
#6951=FACE_BOUND('',#6952,.T.);
#6952=EDGE_LOOP('',(#11369,#11370,#11371,#11372));
#6953=PLANE('',#6954);
#6954=AXIS2_PLACEMENT_3D('',#6955,#6956,#6957);
#6955=CARTESIAN_POINT('',(39.22,-0.75,0.6));
#6956=DIRECTION('',(0.,-1.,0.));
#6957=DIRECTION('',(1.,0.,0.));
#6958=FACE_BOUND('',#6959,.T.);
#6959=EDGE_LOOP('',(#11373,#11374,#11375,#11376));
#6960=PLANE('',#6961);
#6961=AXIS2_PLACEMENT_3D('',#6962,#6963,#6964);
#6962=CARTESIAN_POINT('',(39.52,-0.75,0.6));
#6963=DIRECTION('',(-0.866025403784438,-0.5,0.));
#6964=DIRECTION('',(0.5,-0.866025403784438,0.));
#6965=FACE_BOUND('',#6966,.T.);
#6966=EDGE_LOOP('',(#11377,#11378,#11379,#11380));
#6967=PLANE('',#6968);
#6968=AXIS2_PLACEMENT_3D('',#6969,#6970,#6971);
#6969=CARTESIAN_POINT('',(39.8202221399786,-1.27,0.6));
#6970=DIRECTION('',(0.,-1.,0.));
#6971=DIRECTION('',(1.,0.,0.));
#6972=FACE_BOUND('',#6973,.T.);
#6973=EDGE_LOOP('',(#11381,#11382,#11383,#11384));
#6974=PLANE('',#6975);
#6975=AXIS2_PLACEMENT_3D('',#6976,#6977,#6978);
#6976=CARTESIAN_POINT('',(41.4597778600214,-1.27,0.6));
#6977=DIRECTION('',(0.866025403784439,-0.5,0.));
#6978=DIRECTION('',(0.5,0.866025403784439,0.));
#6979=FACE_BOUND('',#6980,.T.);
#6980=EDGE_LOOP('',(#11385,#11386,#11387,#11388));
#6981=PLANE('',#6982);
#6982=AXIS2_PLACEMENT_3D('',#6983,#6984,#6985);
#6983=CARTESIAN_POINT('',(41.76,-0.75,0.6));
#6984=DIRECTION('',(0.,-1.,0.));
#6985=DIRECTION('',(1.,0.,0.));
#6986=FACE_BOUND('',#6987,.T.);
#6987=EDGE_LOOP('',(#11389,#11390,#11391,#11392));
#6988=PLANE('',#6989);
#6989=AXIS2_PLACEMENT_3D('',#6990,#6991,#6992);
#6990=CARTESIAN_POINT('',(42.06,-0.75,0.6));
#6991=DIRECTION('',(-0.866025403784438,-0.5,0.));
#6992=DIRECTION('',(0.5,-0.866025403784438,0.));
#6993=FACE_BOUND('',#6994,.T.);
#6994=EDGE_LOOP('',(#11393,#11394,#11395,#11396));
#6995=PLANE('',#6996);
#6996=AXIS2_PLACEMENT_3D('',#6997,#6998,#6999);
#6997=CARTESIAN_POINT('',(42.3602221399786,-1.27,0.6));
#6998=DIRECTION('',(0.,-1.,0.));
#6999=DIRECTION('',(1.,0.,0.));
#7000=FACE_BOUND('',#7001,.T.);
#7001=EDGE_LOOP('',(#11397,#11398,#11399,#11400));
#7002=PLANE('',#7003);
#7003=AXIS2_PLACEMENT_3D('',#7004,#7005,#7006);
#7004=CARTESIAN_POINT('',(43.9997778600214,-1.27,0.6));
#7005=DIRECTION('',(0.866025403784439,-0.5,0.));
#7006=DIRECTION('',(0.5,0.866025403784439,0.));
#7007=FACE_BOUND('',#7008,.T.);
#7008=EDGE_LOOP('',(#11401,#11402,#11403,#11404));
#7009=PLANE('',#7010);
#7010=AXIS2_PLACEMENT_3D('',#7011,#7012,#7013);
#7011=CARTESIAN_POINT('',(44.3,-0.75,0.6));
#7012=DIRECTION('',(0.,-1.,0.));
#7013=DIRECTION('',(1.,0.,0.));
#7014=FACE_BOUND('',#7015,.T.);
#7015=EDGE_LOOP('',(#11405,#11406,#11407,#11408));
#7016=PLANE('',#7017);
#7017=AXIS2_PLACEMENT_3D('',#7018,#7019,#7020);
#7018=CARTESIAN_POINT('',(44.6,-0.75,0.6));
#7019=DIRECTION('',(-0.866025403784438,-0.5,0.));
#7020=DIRECTION('',(0.5,-0.866025403784438,0.));
#7021=FACE_BOUND('',#7022,.T.);
#7022=EDGE_LOOP('',(#11409,#11410,#11411,#11412));
#7023=PLANE('',#7024);
#7024=AXIS2_PLACEMENT_3D('',#7025,#7026,#7027);
#7025=CARTESIAN_POINT('',(44.9002221399786,-1.27,0.6));
#7026=DIRECTION('',(0.,-1.,0.));
#7027=DIRECTION('',(1.,0.,0.));
#7028=FACE_BOUND('',#7029,.T.);
#7029=EDGE_LOOP('',(#11413,#11414,#11415,#11416));
#7030=PLANE('',#7031);
#7031=AXIS2_PLACEMENT_3D('',#7032,#7033,#7034);
#7032=CARTESIAN_POINT('',(46.5397778600214,-1.27,0.6));
#7033=DIRECTION('',(0.866025403784439,-0.5,0.));
#7034=DIRECTION('',(0.5,0.866025403784439,0.));
#7035=FACE_BOUND('',#7036,.T.);
#7036=EDGE_LOOP('',(#11417,#11418,#11419,#11420));
#7037=PLANE('',#7038);
#7038=AXIS2_PLACEMENT_3D('',#7039,#7040,#7041);
#7039=CARTESIAN_POINT('',(46.84,-0.75,0.6));
#7040=DIRECTION('',(0.,-1.,0.));
#7041=DIRECTION('',(1.,0.,0.));
#7042=FACE_BOUND('',#7043,.T.);
#7043=EDGE_LOOP('',(#11421,#11422,#11423,#11424));
#7044=PLANE('',#7045);
#7045=AXIS2_PLACEMENT_3D('',#7046,#7047,#7048);
#7046=CARTESIAN_POINT('',(47.14,-0.75,0.6));
#7047=DIRECTION('',(-0.866025403784438,-0.5,0.));
#7048=DIRECTION('',(0.5,-0.866025403784438,0.));
#7049=FACE_BOUND('',#7050,.T.);
#7050=EDGE_LOOP('',(#11425,#11426,#11427,#11428));
#7051=PLANE('',#7052);
#7052=AXIS2_PLACEMENT_3D('',#7053,#7054,#7055);
#7053=CARTESIAN_POINT('',(47.4402221399786,-1.27,0.6));
#7054=DIRECTION('',(0.,-1.,0.));
#7055=DIRECTION('',(1.,0.,0.));
#7056=FACE_BOUND('',#7057,.T.);
#7057=EDGE_LOOP('',(#11429,#11430,#11431,#11432));
#7058=PLANE('',#7059);
#7059=AXIS2_PLACEMENT_3D('',#7060,#7061,#7062);
#7060=CARTESIAN_POINT('',(49.0797778600214,-1.27,0.6));
#7061=DIRECTION('',(0.866025403784439,-0.5,0.));
#7062=DIRECTION('',(0.5,0.866025403784439,0.));
#7063=FACE_BOUND('',#7064,.T.);
#7064=EDGE_LOOP('',(#11433,#11434,#11435,#11436));
#7065=PLANE('',#7066);
#7066=AXIS2_PLACEMENT_3D('',#7067,#7068,#7069);
#7067=CARTESIAN_POINT('',(49.38,-0.75,0.6));
#7068=DIRECTION('',(0.,-1.,0.));
#7069=DIRECTION('',(1.,0.,0.));
#7070=FACE_BOUND('',#7071,.T.);
#7071=EDGE_LOOP('',(#11437,#11438,#11439,#11440));
#7072=PLANE('',#7073);
#7073=AXIS2_PLACEMENT_3D('',#7074,#7075,#7076);
#7074=CARTESIAN_POINT('',(49.68,-0.75,0.6));
#7075=DIRECTION('',(-0.866025403784438,-0.5,0.));
#7076=DIRECTION('',(0.5,-0.866025403784438,0.));
#7077=FACE_BOUND('',#7078,.T.);
#7078=EDGE_LOOP('',(#11441,#11442,#11443,#11444));
#7079=PLANE('',#7080);
#7080=AXIS2_PLACEMENT_3D('',#7081,#7082,#7083);
#7081=CARTESIAN_POINT('',(49.9802221399786,-1.27,0.6));
#7082=DIRECTION('',(0.,-1.,0.));
#7083=DIRECTION('',(1.,0.,0.));
#7084=FACE_BOUND('',#7085,.T.);
#7085=EDGE_LOOP('',(#11445,#11446,#11447,#11448));
#7086=PLANE('',#7087);
#7087=AXIS2_PLACEMENT_3D('',#7088,#7089,#7090);
#7088=CARTESIAN_POINT('',(51.6197778600214,-1.27,0.6));
#7089=DIRECTION('',(0.866025403784439,-0.5,0.));
#7090=DIRECTION('',(0.5,0.866025403784439,0.));
#7091=FACE_BOUND('',#7092,.T.);
#7092=EDGE_LOOP('',(#11449,#11450,#11451,#11452));
#7093=PLANE('',#7094);
#7094=AXIS2_PLACEMENT_3D('',#7095,#7096,#7097);
#7095=CARTESIAN_POINT('',(51.92,-0.75,0.6));
#7096=DIRECTION('',(0.,-1.,0.));
#7097=DIRECTION('',(1.,0.,0.));
#7098=FACE_BOUND('',#7099,.T.);
#7099=EDGE_LOOP('',(#11453,#11454,#11455,#11456));
#7100=PLANE('',#7101);
#7101=AXIS2_PLACEMENT_3D('',#7102,#7103,#7104);
#7102=CARTESIAN_POINT('',(52.22,-0.75,0.6));
#7103=DIRECTION('',(-0.866025403784438,-0.5,0.));
#7104=DIRECTION('',(0.5,-0.866025403784438,0.));
#7105=FACE_BOUND('',#7106,.T.);
#7106=EDGE_LOOP('',(#11457,#11458,#11459,#11460));
#7107=PLANE('',#7108);
#7108=AXIS2_PLACEMENT_3D('',#7109,#7110,#7111);
#7109=CARTESIAN_POINT('',(52.5202221399786,-1.27,0.6));
#7110=DIRECTION('',(0.,-1.,0.));
#7111=DIRECTION('',(1.,0.,0.));
#7112=FACE_BOUND('',#7113,.T.);
#7113=EDGE_LOOP('',(#11461,#11462,#11463,#11464));
#7114=PLANE('',#7115);
#7115=AXIS2_PLACEMENT_3D('',#7116,#7117,#7118);
#7116=CARTESIAN_POINT('',(54.1597778600214,-1.27,0.6));
#7117=DIRECTION('',(0.866025403784439,-0.5,0.));
#7118=DIRECTION('',(0.5,0.866025403784439,0.));
#7119=FACE_BOUND('',#7120,.T.);
#7120=EDGE_LOOP('',(#11465,#11466,#11467,#11468));
#7121=PLANE('',#7122);
#7122=AXIS2_PLACEMENT_3D('',#7123,#7124,#7125);
#7123=CARTESIAN_POINT('',(54.46,-0.75,0.6));
#7124=DIRECTION('',(0.,-1.,0.));
#7125=DIRECTION('',(1.,0.,0.));
#7126=FACE_BOUND('',#7127,.T.);
#7127=EDGE_LOOP('',(#11469,#11470,#11471,#11472));
#7128=PLANE('',#7129);
#7129=AXIS2_PLACEMENT_3D('',#7130,#7131,#7132);
#7130=CARTESIAN_POINT('',(54.76,-0.75,0.6));
#7131=DIRECTION('',(-0.866025403784438,-0.5,0.));
#7132=DIRECTION('',(0.5,-0.866025403784438,0.));
#7133=FACE_BOUND('',#7134,.T.);
#7134=EDGE_LOOP('',(#11473,#11474,#11475,#11476));
#7135=PLANE('',#7136);
#7136=AXIS2_PLACEMENT_3D('',#7137,#7138,#7139);
#7137=CARTESIAN_POINT('',(55.0602221399786,-1.27,0.6));
#7138=DIRECTION('',(0.,-1.,0.));
#7139=DIRECTION('',(1.,0.,0.));
#7140=FACE_BOUND('',#7141,.T.);
#7141=EDGE_LOOP('',(#11477,#11478,#11479,#11480));
#7142=PLANE('',#7143);
#7143=AXIS2_PLACEMENT_3D('',#7144,#7145,#7146);
#7144=CARTESIAN_POINT('',(56.6997778600214,-1.27,0.6));
#7145=DIRECTION('',(0.866025403784439,-0.5,0.));
#7146=DIRECTION('',(0.5,0.866025403784439,0.));
#7147=FACE_BOUND('',#7148,.T.);
#7148=EDGE_LOOP('',(#11481,#11482,#11483,#11484));
#7149=PLANE('',#7150);
#7150=AXIS2_PLACEMENT_3D('',#7151,#7152,#7153);
#7151=CARTESIAN_POINT('',(57.,-0.75,0.6));
#7152=DIRECTION('',(0.,-1.,0.));
#7153=DIRECTION('',(1.,0.,0.));
#7154=FACE_BOUND('',#7155,.T.);
#7155=EDGE_LOOP('',(#11485,#11486,#11487,#11488));
#7156=PLANE('',#7157);
#7157=AXIS2_PLACEMENT_3D('',#7158,#7159,#7160);
#7158=CARTESIAN_POINT('',(57.3,-0.75,0.6));
#7159=DIRECTION('',(-0.866025403784438,-0.5,0.));
#7160=DIRECTION('',(0.5,-0.866025403784438,0.));
#7161=FACE_BOUND('',#7162,.T.);
#7162=EDGE_LOOP('',(#11489,#11490,#11491,#11492));
#7163=PLANE('',#7164);
#7164=AXIS2_PLACEMENT_3D('',#7165,#7166,#7167);
#7165=CARTESIAN_POINT('',(57.6002221399786,-1.27,0.6));
#7166=DIRECTION('',(0.,-1.,0.));
#7167=DIRECTION('',(1.,0.,0.));
#7168=FACE_BOUND('',#7169,.T.);
#7169=EDGE_LOOP('',(#11493,#11494,#11495,#11496));
#7170=PLANE('',#7171);
#7171=AXIS2_PLACEMENT_3D('',#7172,#7173,#7174);
#7172=CARTESIAN_POINT('',(59.2397778600214,-1.27,0.6));
#7173=DIRECTION('',(0.866025403784439,-0.5,0.));
#7174=DIRECTION('',(0.5,0.866025403784439,0.));
#7175=FACE_BOUND('',#7176,.T.);
#7176=EDGE_LOOP('',(#11497,#11498,#11499,#11500));
#7177=PLANE('',#7178);
#7178=AXIS2_PLACEMENT_3D('',#7179,#7180,#7181);
#7179=CARTESIAN_POINT('',(59.54,-0.75,0.6));
#7180=DIRECTION('',(0.,-1.,0.));
#7181=DIRECTION('',(1.,0.,0.));
#7182=FACE_BOUND('',#7183,.T.);
#7183=EDGE_LOOP('',(#11501,#11502,#11503,#11504));
#7184=PLANE('',#7185);
#7185=AXIS2_PLACEMENT_3D('',#7186,#7187,#7188);
#7186=CARTESIAN_POINT('',(59.84,-0.75,0.6));
#7187=DIRECTION('',(-0.866025403784438,-0.5,0.));
#7188=DIRECTION('',(0.5,-0.866025403784438,0.));
#7189=FACE_BOUND('',#7190,.T.);
#7190=EDGE_LOOP('',(#11505,#11506,#11507,#11508));
#7191=PLANE('',#7192);
#7192=AXIS2_PLACEMENT_3D('',#7193,#7194,#7195);
#7193=CARTESIAN_POINT('',(60.1402221399786,-1.27,0.6));
#7194=DIRECTION('',(0.,-1.,0.));
#7195=DIRECTION('',(1.,0.,0.));
#7196=FACE_BOUND('',#7197,.T.);
#7197=EDGE_LOOP('',(#11509,#11510,#11511,#11512));
#7198=PLANE('',#7199);
#7199=AXIS2_PLACEMENT_3D('',#7200,#7201,#7202);
#7200=CARTESIAN_POINT('',(61.7797778600214,-1.27,0.6));
#7201=DIRECTION('',(0.866025403784439,-0.5,0.));
#7202=DIRECTION('',(0.5,0.866025403784439,0.));
#7203=FACE_BOUND('',#7204,.T.);
#7204=EDGE_LOOP('',(#11513,#11514,#11515,#11516));
#7205=PLANE('',#7206);
#7206=AXIS2_PLACEMENT_3D('',#7207,#7208,#7209);
#7207=CARTESIAN_POINT('',(62.08,-0.75,0.6));
#7208=DIRECTION('',(0.,-1.,0.));
#7209=DIRECTION('',(1.,0.,0.));
#7210=FACE_BOUND('',#7211,.T.);
#7211=EDGE_LOOP('',(#11517,#11518,#11519,#11520));
#7212=PLANE('',#7213);
#7213=AXIS2_PLACEMENT_3D('',#7214,#7215,#7216);
#7214=CARTESIAN_POINT('',(62.38,-0.75,0.6));
#7215=DIRECTION('',(-0.866025403784438,-0.5,0.));
#7216=DIRECTION('',(0.5,-0.866025403784438,0.));
#7217=FACE_BOUND('',#7218,.T.);
#7218=EDGE_LOOP('',(#11521,#11522,#11523,#11524));
#7219=PLANE('',#7220);
#7220=AXIS2_PLACEMENT_3D('',#7221,#7222,#7223);
#7221=CARTESIAN_POINT('',(62.6802221399786,-1.27,0.6));
#7222=DIRECTION('',(0.,-1.,0.));
#7223=DIRECTION('',(1.,0.,0.));
#7224=FACE_BOUND('',#7225,.T.);
#7225=EDGE_LOOP('',(#11525,#11526,#11527,#11528));
#7226=PLANE('',#7227);
#7227=AXIS2_PLACEMENT_3D('',#7228,#7229,#7230);
#7228=CARTESIAN_POINT('',(64.3197778600214,-1.27,0.6));
#7229=DIRECTION('',(0.866025403784439,-0.5,0.));
#7230=DIRECTION('',(0.5,0.866025403784439,0.));
#7231=FACE_BOUND('',#7232,.T.);
#7232=EDGE_LOOP('',(#11529,#11530,#11531,#11532));
#7233=PLANE('',#7234);
#7234=AXIS2_PLACEMENT_3D('',#7235,#7236,#7237);
#7235=CARTESIAN_POINT('',(64.62,-0.75,0.6));
#7236=DIRECTION('',(0.,-1.,0.));
#7237=DIRECTION('',(1.,0.,0.));
#7238=FACE_BOUND('',#7239,.T.);
#7239=EDGE_LOOP('',(#11533,#11534,#11535,#11536));
#7240=PLANE('',#7241);
#7241=AXIS2_PLACEMENT_3D('',#7242,#7243,#7244);
#7242=CARTESIAN_POINT('',(64.92,-0.75,0.6));
#7243=DIRECTION('',(-0.866025403784438,-0.5,0.));
#7244=DIRECTION('',(0.5,-0.866025403784438,0.));
#7245=FACE_BOUND('',#7246,.T.);
#7246=EDGE_LOOP('',(#11537,#11538,#11539,#11540));
#7247=PLANE('',#7248);
#7248=AXIS2_PLACEMENT_3D('',#7249,#7250,#7251);
#7249=CARTESIAN_POINT('',(65.2202221399786,-1.27,0.6));
#7250=DIRECTION('',(0.,-1.,0.));
#7251=DIRECTION('',(1.,0.,0.));
#7252=FACE_BOUND('',#7253,.T.);
#7253=EDGE_LOOP('',(#11541,#11542,#11543,#11544));
#7254=PLANE('',#7255);
#7255=AXIS2_PLACEMENT_3D('',#7256,#7257,#7258);
#7256=CARTESIAN_POINT('',(66.8597778600214,-1.27,0.6));
#7257=DIRECTION('',(0.866025403784439,-0.5,0.));
#7258=DIRECTION('',(0.5,0.866025403784439,0.));
#7259=FACE_BOUND('',#7260,.T.);
#7260=EDGE_LOOP('',(#11545,#11546,#11547,#11548));
#7261=PLANE('',#7262);
#7262=AXIS2_PLACEMENT_3D('',#7263,#7264,#7265);
#7263=CARTESIAN_POINT('',(67.16,-0.75,0.6));
#7264=DIRECTION('',(0.,-1.,0.));
#7265=DIRECTION('',(1.,0.,0.));
#7266=FACE_BOUND('',#7267,.T.);
#7267=EDGE_LOOP('',(#11549,#11550,#11551,#11552));
#7268=PLANE('',#7269);
#7269=AXIS2_PLACEMENT_3D('',#7270,#7271,#7272);
#7270=CARTESIAN_POINT('',(67.46,-0.75,0.6));
#7271=DIRECTION('',(-0.866025403784438,-0.5,0.));
#7272=DIRECTION('',(0.5,-0.866025403784438,0.));
#7273=FACE_BOUND('',#7274,.T.);
#7274=EDGE_LOOP('',(#11553,#11554,#11555,#11556));
#7275=PLANE('',#7276);
#7276=AXIS2_PLACEMENT_3D('',#7277,#7278,#7279);
#7277=CARTESIAN_POINT('',(67.7602221399786,-1.27,0.6));
#7278=DIRECTION('',(0.,-1.,0.));
#7279=DIRECTION('',(1.,0.,0.));
#7280=FACE_BOUND('',#7281,.T.);
#7281=EDGE_LOOP('',(#11557,#11558,#11559,#11560));
#7282=PLANE('',#7283);
#7283=AXIS2_PLACEMENT_3D('',#7284,#7285,#7286);
#7284=CARTESIAN_POINT('',(69.3997778600214,-1.27,0.6));
#7285=DIRECTION('',(0.866025403784439,-0.5,0.));
#7286=DIRECTION('',(0.5,0.866025403784439,0.));
#7287=FACE_BOUND('',#7288,.T.);
#7288=EDGE_LOOP('',(#11561,#11562,#11563,#11564));
#7289=PLANE('',#7290);
#7290=AXIS2_PLACEMENT_3D('',#7291,#7292,#7293);
#7291=CARTESIAN_POINT('',(69.85,-0.75,0.6));
#7292=DIRECTION('',(0.,-1.,0.));
#7293=DIRECTION('',(1.,0.,0.));
#7294=FACE_BOUND('',#7295,.T.);
#7295=EDGE_LOOP('',(#11565,#11566,#11567,#11568));
#7296=PLANE('',#7297);
#7297=AXIS2_PLACEMENT_3D('',#7298,#7299,#7300);
#7298=CARTESIAN_POINT('',(70.,-0.75,0.6));
#7299=DIRECTION('',(-0.866025403784438,-0.5,0.));
#7300=DIRECTION('',(0.5,-0.866025403784438,0.));
#7301=FACE_BOUND('',#7302,.T.);
#7302=EDGE_LOOP('',(#11569,#11570,#11571,#11572));
#7303=PLANE('',#7304);
#7304=AXIS2_PLACEMENT_3D('',#7305,#7306,#7307);
#7305=CARTESIAN_POINT('',(70.3002221399786,-1.27,0.6));
#7306=DIRECTION('',(0.,-1.,0.));
#7307=DIRECTION('',(1.,0.,0.));
#7308=FACE_BOUND('',#7309,.T.);
#7309=EDGE_LOOP('',(#11573,#11574,#11575,#11576));
#7310=PLANE('',#7311);
#7311=AXIS2_PLACEMENT_3D('',#7312,#7313,#7314);
#7312=CARTESIAN_POINT('',(71.9397778600214,-1.27,0.6));
#7313=DIRECTION('',(0.866025403784439,-0.5,0.));
#7314=DIRECTION('',(0.5,0.866025403784439,0.));
#7315=FACE_BOUND('',#7316,.T.);
#7316=EDGE_LOOP('',(#11577,#11578,#11579,#11580));
#7317=PLANE('',#7318);
#7318=AXIS2_PLACEMENT_3D('',#7319,#7320,#7321);
#7319=CARTESIAN_POINT('',(72.24,-0.75,0.6));
#7320=DIRECTION('',(0.,-1.,0.));
#7321=DIRECTION('',(1.,0.,0.));
#7322=FACE_BOUND('',#7323,.T.);
#7323=EDGE_LOOP('',(#11581,#11582,#11583,#11584));
#7324=PLANE('',#7325);
#7325=AXIS2_PLACEMENT_3D('',#7326,#7327,#7328);
#7326=CARTESIAN_POINT('',(72.39,-0.75,0.6));
#7327=DIRECTION('',(1.,0.,0.));
#7328=DIRECTION('',(0.,1.,0.));
#7329=FACE_BOUND('',#7330,.T.);
#7330=EDGE_LOOP('',(#11585,#11586,#11587,#11588));
#7331=PLANE('',#7332);
#7332=AXIS2_PLACEMENT_3D('',#7333,#7334,#7335);
#7333=CARTESIAN_POINT('',(72.39,0.75,0.6));
#7334=DIRECTION('',(0.,1.,-0.));
#7335=DIRECTION('',(-1.,0.,0.));
#7336=FACE_BOUND('',#7337,.T.);
#7337=EDGE_LOOP('',(#11589,#11590,#11591,#11592));
#7338=PLANE('',#7339);
#7339=AXIS2_PLACEMENT_3D('',#7340,#7341,#7342);
#7340=CARTESIAN_POINT('',(72.24,0.75,0.6));
#7341=DIRECTION('',(0.866025403784438,0.5,-0.));
#7342=DIRECTION('',(-0.5,0.866025403784438,0.));
#7343=FACE_BOUND('',#7344,.T.);
#7344=EDGE_LOOP('',(#11593,#11594,#11595,#11596));
#7345=PLANE('',#7346);
#7346=AXIS2_PLACEMENT_3D('',#7347,#7348,#7349);
#7347=CARTESIAN_POINT('',(71.9397778600214,1.27,0.6));
#7348=DIRECTION('',(0.,1.,-0.));
#7349=DIRECTION('',(-1.,0.,0.));
#7350=FACE_BOUND('',#7351,.T.);
#7351=EDGE_LOOP('',(#11597,#11598,#11599,#11600));
#7352=PLANE('',#7353);
#7353=AXIS2_PLACEMENT_3D('',#7354,#7355,#7356);
#7354=CARTESIAN_POINT('',(70.3002221399786,1.27,0.6));
#7355=DIRECTION('',(-0.866025403784439,0.5,0.));
#7356=DIRECTION('',(-0.5,-0.866025403784439,0.));
#7357=FACE_BOUND('',#7358,.T.);
#7358=EDGE_LOOP('',(#11601,#11602,#11603,#11604));
#7359=PLANE('',#7360);
#7360=AXIS2_PLACEMENT_3D('',#7361,#7362,#7363);
#7361=CARTESIAN_POINT('',(70.,0.75,0.6));
#7362=DIRECTION('',(0.,1.,-0.));
#7363=DIRECTION('',(-1.,0.,0.));
#7364=FACE_BOUND('',#7365,.T.);
#7365=EDGE_LOOP('',(#11605,#11606,#11607,#11608));
#7366=PLANE('',#7367);
#7367=AXIS2_PLACEMENT_3D('',#7368,#7369,#7370);
#7368=CARTESIAN_POINT('',(69.7,0.75,0.6));
#7369=DIRECTION('',(0.866025403784438,0.5,-0.));
#7370=DIRECTION('',(-0.5,0.866025403784438,0.));
#7371=FACE_BOUND('',#7372,.T.);
#7372=EDGE_LOOP('',(#11609,#11610,#11611,#11612));
#7373=PLANE('',#7374);
#7374=AXIS2_PLACEMENT_3D('',#7375,#7376,#7377);
#7375=CARTESIAN_POINT('',(69.3997778600214,1.27,0.6));
#7376=DIRECTION('',(0.,1.,-0.));
#7377=DIRECTION('',(-1.,0.,0.));
#7378=FACE_BOUND('',#7379,.T.);
#7379=EDGE_LOOP('',(#11613,#11614,#11615,#11616));
#7380=PLANE('',#7381);
#7381=AXIS2_PLACEMENT_3D('',#7382,#7383,#7384);
#7382=CARTESIAN_POINT('',(67.7602221399786,1.27,0.6));
#7383=DIRECTION('',(-0.866025403784439,0.5,0.));
#7384=DIRECTION('',(-0.5,-0.866025403784439,0.));
#7385=FACE_BOUND('',#7386,.T.);
#7386=EDGE_LOOP('',(#11617,#11618,#11619,#11620));
#7387=PLANE('',#7388);
#7388=AXIS2_PLACEMENT_3D('',#7389,#7390,#7391);
#7389=CARTESIAN_POINT('',(67.31,0.75,0.6));
#7390=DIRECTION('',(0.,1.,-0.));
#7391=DIRECTION('',(-1.,0.,0.));
#7392=FACE_BOUND('',#7393,.T.);
#7393=EDGE_LOOP('',(#11621,#11622,#11623,#11624));
#7394=PLANE('',#7395);
#7395=AXIS2_PLACEMENT_3D('',#7396,#7397,#7398);
#7396=CARTESIAN_POINT('',(67.16,0.75,0.6));
#7397=DIRECTION('',(0.866025403784438,0.5,-0.));
#7398=DIRECTION('',(-0.5,0.866025403784438,0.));
#7399=FACE_BOUND('',#7400,.T.);
#7400=EDGE_LOOP('',(#11625,#11626,#11627,#11628));
#7401=PLANE('',#7402);
#7402=AXIS2_PLACEMENT_3D('',#7403,#7404,#7405);
#7403=CARTESIAN_POINT('',(66.8597778600214,1.27,0.6));
#7404=DIRECTION('',(0.,1.,-0.));
#7405=DIRECTION('',(-1.,0.,0.));
#7406=FACE_BOUND('',#7407,.T.);
#7407=EDGE_LOOP('',(#11629,#11630,#11631,#11632));
#7408=PLANE('',#7409);
#7409=AXIS2_PLACEMENT_3D('',#7410,#7411,#7412);
#7410=CARTESIAN_POINT('',(65.2202221399786,1.27,0.6));
#7411=DIRECTION('',(-0.866025403784439,0.5,0.));
#7412=DIRECTION('',(-0.5,-0.866025403784439,0.));
#7413=FACE_BOUND('',#7414,.T.);
#7414=EDGE_LOOP('',(#11633,#11634,#11635,#11636));
#7415=PLANE('',#7416);
#7416=AXIS2_PLACEMENT_3D('',#7417,#7418,#7419);
#7417=CARTESIAN_POINT('',(64.77,0.75,0.6));
#7418=DIRECTION('',(0.,1.,-0.));
#7419=DIRECTION('',(-1.,0.,0.));
#7420=FACE_BOUND('',#7421,.T.);
#7421=EDGE_LOOP('',(#11637,#11638,#11639,#11640));
#7422=PLANE('',#7423);
#7423=AXIS2_PLACEMENT_3D('',#7424,#7425,#7426);
#7424=CARTESIAN_POINT('',(64.62,0.75,0.6));
#7425=DIRECTION('',(0.866025403784438,0.5,-0.));
#7426=DIRECTION('',(-0.5,0.866025403784438,0.));
#7427=FACE_BOUND('',#7428,.T.);
#7428=EDGE_LOOP('',(#11641,#11642,#11643,#11644));
#7429=PLANE('',#7430);
#7430=AXIS2_PLACEMENT_3D('',#7431,#7432,#7433);
#7431=CARTESIAN_POINT('',(64.3197778600214,1.27,0.6));
#7432=DIRECTION('',(0.,1.,-0.));
#7433=DIRECTION('',(-1.,0.,0.));
#7434=FACE_BOUND('',#7435,.T.);
#7435=EDGE_LOOP('',(#11645,#11646,#11647,#11648));
#7436=PLANE('',#7437);
#7437=AXIS2_PLACEMENT_3D('',#7438,#7439,#7440);
#7438=CARTESIAN_POINT('',(62.6802221399786,1.27,0.6));
#7439=DIRECTION('',(-0.866025403784439,0.5,0.));
#7440=DIRECTION('',(-0.5,-0.866025403784439,0.));
#7441=FACE_BOUND('',#7442,.T.);
#7442=EDGE_LOOP('',(#11649,#11650,#11651,#11652));
#7443=PLANE('',#7444);
#7444=AXIS2_PLACEMENT_3D('',#7445,#7446,#7447);
#7445=CARTESIAN_POINT('',(62.23,0.75,0.6));
#7446=DIRECTION('',(0.,1.,-0.));
#7447=DIRECTION('',(-1.,0.,0.));
#7448=FACE_BOUND('',#7449,.T.);
#7449=EDGE_LOOP('',(#11653,#11654,#11655,#11656));
#7450=PLANE('',#7451);
#7451=AXIS2_PLACEMENT_3D('',#7452,#7453,#7454);
#7452=CARTESIAN_POINT('',(62.08,0.75,0.6));
#7453=DIRECTION('',(0.866025403784438,0.5,-0.));
#7454=DIRECTION('',(-0.5,0.866025403784438,0.));
#7455=FACE_BOUND('',#7456,.T.);
#7456=EDGE_LOOP('',(#11657,#11658,#11659,#11660));
#7457=PLANE('',#7458);
#7458=AXIS2_PLACEMENT_3D('',#7459,#7460,#7461);
#7459=CARTESIAN_POINT('',(61.7797778600214,1.27,0.6));
#7460=DIRECTION('',(0.,1.,-0.));
#7461=DIRECTION('',(-1.,0.,0.));
#7462=FACE_BOUND('',#7463,.T.);
#7463=EDGE_LOOP('',(#11661,#11662,#11663,#11664));
#7464=PLANE('',#7465);
#7465=AXIS2_PLACEMENT_3D('',#7466,#7467,#7468);
#7466=CARTESIAN_POINT('',(60.1402221399786,1.27,0.6));
#7467=DIRECTION('',(-0.866025403784439,0.5,0.));
#7468=DIRECTION('',(-0.5,-0.866025403784439,0.));
#7469=FACE_BOUND('',#7470,.T.);
#7470=EDGE_LOOP('',(#11665,#11666,#11667,#11668));
#7471=PLANE('',#7472);
#7472=AXIS2_PLACEMENT_3D('',#7473,#7474,#7475);
#7473=CARTESIAN_POINT('',(59.69,0.75,0.6));
#7474=DIRECTION('',(0.,1.,-0.));
#7475=DIRECTION('',(-1.,0.,0.));
#7476=FACE_BOUND('',#7477,.T.);
#7477=EDGE_LOOP('',(#11669,#11670,#11671,#11672));
#7478=PLANE('',#7479);
#7479=AXIS2_PLACEMENT_3D('',#7480,#7481,#7482);
#7480=CARTESIAN_POINT('',(59.54,0.75,0.6));
#7481=DIRECTION('',(0.866025403784438,0.5,-0.));
#7482=DIRECTION('',(-0.5,0.866025403784438,0.));
#7483=FACE_BOUND('',#7484,.T.);
#7484=EDGE_LOOP('',(#11673,#11674,#11675,#11676));
#7485=PLANE('',#7486);
#7486=AXIS2_PLACEMENT_3D('',#7487,#7488,#7489);
#7487=CARTESIAN_POINT('',(59.2397778600214,1.27,0.6));
#7488=DIRECTION('',(0.,1.,-0.));
#7489=DIRECTION('',(-1.,0.,0.));
#7490=FACE_BOUND('',#7491,.T.);
#7491=EDGE_LOOP('',(#11677,#11678,#11679,#11680));
#7492=PLANE('',#7493);
#7493=AXIS2_PLACEMENT_3D('',#7494,#7495,#7496);
#7494=CARTESIAN_POINT('',(57.6002221399786,1.27,0.6));
#7495=DIRECTION('',(-0.866025403784439,0.5,0.));
#7496=DIRECTION('',(-0.5,-0.866025403784439,0.));
#7497=FACE_BOUND('',#7498,.T.);
#7498=EDGE_LOOP('',(#11681,#11682,#11683,#11684));
#7499=PLANE('',#7500);
#7500=AXIS2_PLACEMENT_3D('',#7501,#7502,#7503);
#7501=CARTESIAN_POINT('',(57.15,0.75,0.6));
#7502=DIRECTION('',(0.,1.,-0.));
#7503=DIRECTION('',(-1.,0.,0.));
#7504=FACE_BOUND('',#7505,.T.);
#7505=EDGE_LOOP('',(#11685,#11686,#11687,#11688));
#7506=PLANE('',#7507);
#7507=AXIS2_PLACEMENT_3D('',#7508,#7509,#7510);
#7508=CARTESIAN_POINT('',(57.,0.75,0.6));
#7509=DIRECTION('',(0.866025403784438,0.5,-0.));
#7510=DIRECTION('',(-0.5,0.866025403784438,0.));
#7511=FACE_BOUND('',#7512,.T.);
#7512=EDGE_LOOP('',(#11689,#11690,#11691,#11692));
#7513=PLANE('',#7514);
#7514=AXIS2_PLACEMENT_3D('',#7515,#7516,#7517);
#7515=CARTESIAN_POINT('',(56.6997778600214,1.27,0.6));
#7516=DIRECTION('',(0.,1.,-0.));
#7517=DIRECTION('',(-1.,0.,0.));
#7518=FACE_BOUND('',#7519,.T.);
#7519=EDGE_LOOP('',(#11693,#11694,#11695,#11696));
#7520=PLANE('',#7521);
#7521=AXIS2_PLACEMENT_3D('',#7522,#7523,#7524);
#7522=CARTESIAN_POINT('',(55.0602221399786,1.27,0.6));
#7523=DIRECTION('',(-0.866025403784439,0.5,0.));
#7524=DIRECTION('',(-0.5,-0.866025403784439,0.));
#7525=FACE_BOUND('',#7526,.T.);
#7526=EDGE_LOOP('',(#11697,#11698,#11699,#11700));
#7527=PLANE('',#7528);
#7528=AXIS2_PLACEMENT_3D('',#7529,#7530,#7531);
#7529=CARTESIAN_POINT('',(54.61,0.75,0.6));
#7530=DIRECTION('',(0.,1.,-0.));
#7531=DIRECTION('',(-1.,0.,0.));
#7532=FACE_BOUND('',#7533,.T.);
#7533=EDGE_LOOP('',(#11701,#11702,#11703,#11704));
#7534=PLANE('',#7535);
#7535=AXIS2_PLACEMENT_3D('',#7536,#7537,#7538);
#7536=CARTESIAN_POINT('',(54.46,0.75,0.6));
#7537=DIRECTION('',(0.866025403784438,0.5,-0.));
#7538=DIRECTION('',(-0.5,0.866025403784438,0.));
#7539=FACE_BOUND('',#7540,.T.);
#7540=EDGE_LOOP('',(#11705,#11706,#11707,#11708));
#7541=PLANE('',#7542);
#7542=AXIS2_PLACEMENT_3D('',#7543,#7544,#7545);
#7543=CARTESIAN_POINT('',(54.1597778600214,1.27,0.6));
#7544=DIRECTION('',(0.,1.,-0.));
#7545=DIRECTION('',(-1.,0.,0.));
#7546=FACE_BOUND('',#7547,.T.);
#7547=EDGE_LOOP('',(#11709,#11710,#11711,#11712));
#7548=PLANE('',#7549);
#7549=AXIS2_PLACEMENT_3D('',#7550,#7551,#7552);
#7550=CARTESIAN_POINT('',(52.5202221399786,1.27,0.6));
#7551=DIRECTION('',(-0.866025403784439,0.5,0.));
#7552=DIRECTION('',(-0.5,-0.866025403784439,0.));
#7553=FACE_BOUND('',#7554,.T.);
#7554=EDGE_LOOP('',(#11713,#11714,#11715,#11716));
#7555=PLANE('',#7556);
#7556=AXIS2_PLACEMENT_3D('',#7557,#7558,#7559);
#7557=CARTESIAN_POINT('',(52.07,0.75,0.6));
#7558=DIRECTION('',(0.,1.,-0.));
#7559=DIRECTION('',(-1.,0.,0.));
#7560=FACE_BOUND('',#7561,.T.);
#7561=EDGE_LOOP('',(#11717,#11718,#11719,#11720));
#7562=PLANE('',#7563);
#7563=AXIS2_PLACEMENT_3D('',#7564,#7565,#7566);
#7564=CARTESIAN_POINT('',(51.92,0.75,0.6));
#7565=DIRECTION('',(0.866025403784438,0.5,-0.));
#7566=DIRECTION('',(-0.5,0.866025403784438,0.));
#7567=FACE_BOUND('',#7568,.T.);
#7568=EDGE_LOOP('',(#11721,#11722,#11723,#11724));
#7569=PLANE('',#7570);
#7570=AXIS2_PLACEMENT_3D('',#7571,#7572,#7573);
#7571=CARTESIAN_POINT('',(51.6197778600214,1.27,0.6));
#7572=DIRECTION('',(0.,1.,-0.));
#7573=DIRECTION('',(-1.,0.,0.));
#7574=FACE_BOUND('',#7575,.T.);
#7575=EDGE_LOOP('',(#11725,#11726,#11727,#11728));
#7576=PLANE('',#7577);
#7577=AXIS2_PLACEMENT_3D('',#7578,#7579,#7580);
#7578=CARTESIAN_POINT('',(49.9802221399786,1.27,0.6));
#7579=DIRECTION('',(-0.866025403784439,0.5,0.));
#7580=DIRECTION('',(-0.5,-0.866025403784439,0.));
#7581=FACE_BOUND('',#7582,.T.);
#7582=EDGE_LOOP('',(#11729,#11730,#11731,#11732));
#7583=PLANE('',#7584);
#7584=AXIS2_PLACEMENT_3D('',#7585,#7586,#7587);
#7585=CARTESIAN_POINT('',(49.53,0.75,0.6));
#7586=DIRECTION('',(0.,1.,-0.));
#7587=DIRECTION('',(-1.,0.,0.));
#7588=FACE_BOUND('',#7589,.T.);
#7589=EDGE_LOOP('',(#11733,#11734,#11735,#11736));
#7590=PLANE('',#7591);
#7591=AXIS2_PLACEMENT_3D('',#7592,#7593,#7594);
#7592=CARTESIAN_POINT('',(49.38,0.75,0.6));
#7593=DIRECTION('',(0.866025403784438,0.5,-0.));
#7594=DIRECTION('',(-0.5,0.866025403784438,0.));
#7595=FACE_BOUND('',#7596,.T.);
#7596=EDGE_LOOP('',(#11737,#11738,#11739,#11740));
#7597=PLANE('',#7598);
#7598=AXIS2_PLACEMENT_3D('',#7599,#7600,#7601);
#7599=CARTESIAN_POINT('',(49.0797778600214,1.27,0.6));
#7600=DIRECTION('',(0.,1.,-0.));
#7601=DIRECTION('',(-1.,0.,0.));
#7602=FACE_BOUND('',#7603,.T.);
#7603=EDGE_LOOP('',(#11741,#11742,#11743,#11744));
#7604=PLANE('',#7605);
#7605=AXIS2_PLACEMENT_3D('',#7606,#7607,#7608);
#7606=CARTESIAN_POINT('',(47.4402221399786,1.27,0.6));
#7607=DIRECTION('',(-0.866025403784439,0.5,0.));
#7608=DIRECTION('',(-0.5,-0.866025403784439,0.));
#7609=FACE_BOUND('',#7610,.T.);
#7610=EDGE_LOOP('',(#11745,#11746,#11747,#11748));
#7611=PLANE('',#7612);
#7612=AXIS2_PLACEMENT_3D('',#7613,#7614,#7615);
#7613=CARTESIAN_POINT('',(46.99,0.75,0.6));
#7614=DIRECTION('',(0.,1.,-0.));
#7615=DIRECTION('',(-1.,0.,0.));
#7616=FACE_BOUND('',#7617,.T.);
#7617=EDGE_LOOP('',(#11749,#11750,#11751,#11752));
#7618=PLANE('',#7619);
#7619=AXIS2_PLACEMENT_3D('',#7620,#7621,#7622);
#7620=CARTESIAN_POINT('',(46.84,0.75,0.6));
#7621=DIRECTION('',(0.866025403784438,0.5,-0.));
#7622=DIRECTION('',(-0.5,0.866025403784438,0.));
#7623=FACE_BOUND('',#7624,.T.);
#7624=EDGE_LOOP('',(#11753,#11754,#11755,#11756));
#7625=PLANE('',#7626);
#7626=AXIS2_PLACEMENT_3D('',#7627,#7628,#7629);
#7627=CARTESIAN_POINT('',(46.5397778600214,1.27,0.6));
#7628=DIRECTION('',(0.,1.,-0.));
#7629=DIRECTION('',(-1.,0.,0.));
#7630=FACE_BOUND('',#7631,.T.);
#7631=EDGE_LOOP('',(#11757,#11758,#11759,#11760));
#7632=PLANE('',#7633);
#7633=AXIS2_PLACEMENT_3D('',#7634,#7635,#7636);
#7634=CARTESIAN_POINT('',(44.9002221399786,1.27,0.6));
#7635=DIRECTION('',(-0.866025403784439,0.5,0.));
#7636=DIRECTION('',(-0.5,-0.866025403784439,0.));
#7637=FACE_BOUND('',#7638,.T.);
#7638=EDGE_LOOP('',(#11761,#11762,#11763,#11764));
#7639=PLANE('',#7640);
#7640=AXIS2_PLACEMENT_3D('',#7641,#7642,#7643);
#7641=CARTESIAN_POINT('',(44.45,0.75,0.6));
#7642=DIRECTION('',(0.,1.,-0.));
#7643=DIRECTION('',(-1.,0.,0.));
#7644=FACE_BOUND('',#7645,.T.);
#7645=EDGE_LOOP('',(#11765,#11766,#11767,#11768));
#7646=PLANE('',#7647);
#7647=AXIS2_PLACEMENT_3D('',#7648,#7649,#7650);
#7648=CARTESIAN_POINT('',(44.3,0.75,0.6));
#7649=DIRECTION('',(0.866025403784438,0.5,-0.));
#7650=DIRECTION('',(-0.5,0.866025403784438,0.));
#7651=FACE_BOUND('',#7652,.T.);
#7652=EDGE_LOOP('',(#11769,#11770,#11771,#11772));
#7653=PLANE('',#7654);
#7654=AXIS2_PLACEMENT_3D('',#7655,#7656,#7657);
#7655=CARTESIAN_POINT('',(43.9997778600214,1.27,0.6));
#7656=DIRECTION('',(0.,1.,-0.));
#7657=DIRECTION('',(-1.,0.,0.));
#7658=FACE_BOUND('',#7659,.T.);
#7659=EDGE_LOOP('',(#11773,#11774,#11775,#11776));
#7660=PLANE('',#7661);
#7661=AXIS2_PLACEMENT_3D('',#7662,#7663,#7664);
#7662=CARTESIAN_POINT('',(42.3602221399786,1.27,0.6));
#7663=DIRECTION('',(-0.866025403784439,0.5,0.));
#7664=DIRECTION('',(-0.5,-0.866025403784439,0.));
#7665=FACE_BOUND('',#7666,.T.);
#7666=EDGE_LOOP('',(#11777,#11778,#11779,#11780));
#7667=PLANE('',#7668);
#7668=AXIS2_PLACEMENT_3D('',#7669,#7670,#7671);
#7669=CARTESIAN_POINT('',(41.91,0.75,0.6));
#7670=DIRECTION('',(0.,1.,-0.));
#7671=DIRECTION('',(-1.,0.,0.));
#7672=FACE_BOUND('',#7673,.T.);
#7673=EDGE_LOOP('',(#11781,#11782,#11783,#11784));
#7674=PLANE('',#7675);
#7675=AXIS2_PLACEMENT_3D('',#7676,#7677,#7678);
#7676=CARTESIAN_POINT('',(41.76,0.75,0.6));
#7677=DIRECTION('',(0.866025403784438,0.5,-0.));
#7678=DIRECTION('',(-0.5,0.866025403784438,0.));
#7679=FACE_BOUND('',#7680,.T.);
#7680=EDGE_LOOP('',(#11785,#11786,#11787,#11788));
#7681=PLANE('',#7682);
#7682=AXIS2_PLACEMENT_3D('',#7683,#7684,#7685);
#7683=CARTESIAN_POINT('',(41.4597778600214,1.27,0.6));
#7684=DIRECTION('',(0.,1.,-0.));
#7685=DIRECTION('',(-1.,0.,0.));
#7686=FACE_BOUND('',#7687,.T.);
#7687=EDGE_LOOP('',(#11789,#11790,#11791,#11792));
#7688=PLANE('',#7689);
#7689=AXIS2_PLACEMENT_3D('',#7690,#7691,#7692);
#7690=CARTESIAN_POINT('',(39.8202221399786,1.27,0.6));
#7691=DIRECTION('',(-0.866025403784439,0.5,0.));
#7692=DIRECTION('',(-0.5,-0.866025403784439,0.));
#7693=FACE_BOUND('',#7694,.T.);
#7694=EDGE_LOOP('',(#11793,#11794,#11795,#11796));
#7695=PLANE('',#7696);
#7696=AXIS2_PLACEMENT_3D('',#7697,#7698,#7699);
#7697=CARTESIAN_POINT('',(39.37,0.75,0.6));
#7698=DIRECTION('',(0.,1.,-0.));
#7699=DIRECTION('',(-1.,0.,0.));
#7700=FACE_BOUND('',#7701,.T.);
#7701=EDGE_LOOP('',(#11797,#11798,#11799,#11800));
#7702=PLANE('',#7703);
#7703=AXIS2_PLACEMENT_3D('',#7704,#7705,#7706);
#7704=CARTESIAN_POINT('',(39.22,0.75,0.6));
#7705=DIRECTION('',(0.866025403784438,0.5,-0.));
#7706=DIRECTION('',(-0.5,0.866025403784438,0.));
#7707=FACE_BOUND('',#7708,.T.);
#7708=EDGE_LOOP('',(#11801,#11802,#11803,#11804));
#7709=PLANE('',#7710);
#7710=AXIS2_PLACEMENT_3D('',#7711,#7712,#7713);
#7711=CARTESIAN_POINT('',(38.9197778600214,1.27,0.6));
#7712=DIRECTION('',(0.,1.,-0.));
#7713=DIRECTION('',(-1.,0.,0.));
#7714=FACE_BOUND('',#7715,.T.);
#7715=EDGE_LOOP('',(#11805,#11806,#11807,#11808));
#7716=PLANE('',#7717);
#7717=AXIS2_PLACEMENT_3D('',#7718,#7719,#7720);
#7718=CARTESIAN_POINT('',(37.2802221399786,1.27,0.6));
#7719=DIRECTION('',(-0.866025403784439,0.5,0.));
#7720=DIRECTION('',(-0.5,-0.866025403784439,0.));
#7721=FACE_BOUND('',#7722,.T.);
#7722=EDGE_LOOP('',(#11809,#11810,#11811,#11812));
#7723=PLANE('',#7724);
#7724=AXIS2_PLACEMENT_3D('',#7725,#7726,#7727);
#7725=CARTESIAN_POINT('',(36.83,0.75,0.6));
#7726=DIRECTION('',(0.,1.,-0.));
#7727=DIRECTION('',(-1.,0.,0.));
#7728=FACE_BOUND('',#7729,.T.);
#7729=EDGE_LOOP('',(#11813,#11814,#11815,#11816));
#7730=PLANE('',#7731);
#7731=AXIS2_PLACEMENT_3D('',#7732,#7733,#7734);
#7732=CARTESIAN_POINT('',(36.68,0.75,0.6));
#7733=DIRECTION('',(0.866025403784438,0.5,-0.));
#7734=DIRECTION('',(-0.5,0.866025403784438,0.));
#7735=FACE_BOUND('',#7736,.T.);
#7736=EDGE_LOOP('',(#11817,#11818,#11819,#11820));
#7737=PLANE('',#7738);
#7738=AXIS2_PLACEMENT_3D('',#7739,#7740,#7741);
#7739=CARTESIAN_POINT('',(36.3797778600214,1.27,0.6));
#7740=DIRECTION('',(0.,1.,-0.));
#7741=DIRECTION('',(-1.,0.,0.));
#7742=FACE_BOUND('',#7743,.T.);
#7743=EDGE_LOOP('',(#11821,#11822,#11823,#11824));
#7744=PLANE('',#7745);
#7745=AXIS2_PLACEMENT_3D('',#7746,#7747,#7748);
#7746=CARTESIAN_POINT('',(34.7402221399786,1.27,0.6));
#7747=DIRECTION('',(-0.866025403784439,0.5,0.));
#7748=DIRECTION('',(-0.5,-0.866025403784439,0.));
#7749=FACE_BOUND('',#7750,.T.);
#7750=EDGE_LOOP('',(#11825,#11826,#11827,#11828));
#7751=PLANE('',#7752);
#7752=AXIS2_PLACEMENT_3D('',#7753,#7754,#7755);
#7753=CARTESIAN_POINT('',(34.29,0.75,0.6));
#7754=DIRECTION('',(0.,1.,-0.));
#7755=DIRECTION('',(-1.,0.,0.));
#7756=FACE_BOUND('',#7757,.T.);
#7757=EDGE_LOOP('',(#11829,#11830,#11831,#11832));
#7758=PLANE('',#7759);
#7759=AXIS2_PLACEMENT_3D('',#7760,#7761,#7762);
#7760=CARTESIAN_POINT('',(34.14,0.75,0.6));
#7761=DIRECTION('',(0.866025403784438,0.5,-0.));
#7762=DIRECTION('',(-0.5,0.866025403784438,0.));
#7763=FACE_BOUND('',#7764,.T.);
#7764=EDGE_LOOP('',(#11833,#11834,#11835,#11836));
#7765=PLANE('',#7766);
#7766=AXIS2_PLACEMENT_3D('',#7767,#7768,#7769);
#7767=CARTESIAN_POINT('',(33.8397778600214,1.27,0.6));
#7768=DIRECTION('',(0.,1.,-0.));
#7769=DIRECTION('',(-1.,0.,0.));
#7770=FACE_BOUND('',#7771,.T.);
#7771=EDGE_LOOP('',(#11837,#11838,#11839,#11840));
#7772=PLANE('',#7773);
#7773=AXIS2_PLACEMENT_3D('',#7774,#7775,#7776);
#7774=CARTESIAN_POINT('',(32.2002221399786,1.27,0.6));
#7775=DIRECTION('',(-0.866025403784439,0.5,0.));
#7776=DIRECTION('',(-0.5,-0.866025403784439,0.));
#7777=FACE_BOUND('',#7778,.T.);
#7778=EDGE_LOOP('',(#11841,#11842,#11843,#11844));
#7779=PLANE('',#7780);
#7780=AXIS2_PLACEMENT_3D('',#7781,#7782,#7783);
#7781=CARTESIAN_POINT('',(31.75,0.75,0.6));
#7782=DIRECTION('',(0.,1.,-0.));
#7783=DIRECTION('',(-1.,0.,0.));
#7784=FACE_BOUND('',#7785,.T.);
#7785=EDGE_LOOP('',(#11845,#11846,#11847,#11848));
#7786=PLANE('',#7787);
#7787=AXIS2_PLACEMENT_3D('',#7788,#7789,#7790);
#7788=CARTESIAN_POINT('',(31.6,0.75,0.6));
#7789=DIRECTION('',(0.866025403784438,0.5,-0.));
#7790=DIRECTION('',(-0.5,0.866025403784438,0.));
#7791=FACE_BOUND('',#7792,.T.);
#7792=EDGE_LOOP('',(#11849,#11850,#11851,#11852));
#7793=PLANE('',#7794);
#7794=AXIS2_PLACEMENT_3D('',#7795,#7796,#7797);
#7795=CARTESIAN_POINT('',(31.2997778600214,1.27,0.6));
#7796=DIRECTION('',(0.,1.,-0.));
#7797=DIRECTION('',(-1.,0.,0.));
#7798=FACE_BOUND('',#7799,.T.);
#7799=EDGE_LOOP('',(#11853,#11854,#11855,#11856));
#7800=PLANE('',#7801);
#7801=AXIS2_PLACEMENT_3D('',#7802,#7803,#7804);
#7802=CARTESIAN_POINT('',(29.6602221399786,1.27,0.6));
#7803=DIRECTION('',(-0.866025403784439,0.5,0.));
#7804=DIRECTION('',(-0.5,-0.866025403784439,0.));
#7805=FACE_BOUND('',#7806,.T.);
#7806=EDGE_LOOP('',(#11857,#11858,#11859,#11860));
#7807=PLANE('',#7808);
#7808=AXIS2_PLACEMENT_3D('',#7809,#7810,#7811);
#7809=CARTESIAN_POINT('',(29.21,0.75,0.6));
#7810=DIRECTION('',(0.,1.,-0.));
#7811=DIRECTION('',(-1.,0.,0.));
#7812=FACE_BOUND('',#7813,.T.);
#7813=EDGE_LOOP('',(#11861,#11862,#11863,#11864));
#7814=PLANE('',#7815);
#7815=AXIS2_PLACEMENT_3D('',#7816,#7817,#7818);
#7816=CARTESIAN_POINT('',(29.06,0.75,0.6));
#7817=DIRECTION('',(0.866025403784438,0.5,-0.));
#7818=DIRECTION('',(-0.5,0.866025403784438,0.));
#7819=FACE_BOUND('',#7820,.T.);
#7820=EDGE_LOOP('',(#11865,#11866,#11867,#11868));
#7821=PLANE('',#7822);
#7822=AXIS2_PLACEMENT_3D('',#7823,#7824,#7825);
#7823=CARTESIAN_POINT('',(28.7597778600214,1.27,0.6));
#7824=DIRECTION('',(0.,1.,-0.));
#7825=DIRECTION('',(-1.,0.,0.));
#7826=FACE_BOUND('',#7827,.T.);
#7827=EDGE_LOOP('',(#11869,#11870,#11871,#11872));
#7828=PLANE('',#7829);
#7829=AXIS2_PLACEMENT_3D('',#7830,#7831,#7832);
#7830=CARTESIAN_POINT('',(27.1202221399786,1.27,0.6));
#7831=DIRECTION('',(-0.866025403784439,0.5,0.));
#7832=DIRECTION('',(-0.5,-0.866025403784439,0.));
#7833=FACE_BOUND('',#7834,.T.);
#7834=EDGE_LOOP('',(#11873,#11874,#11875,#11876));
#7835=PLANE('',#7836);
#7836=AXIS2_PLACEMENT_3D('',#7837,#7838,#7839);
#7837=CARTESIAN_POINT('',(26.67,0.75,0.6));
#7838=DIRECTION('',(0.,1.,-0.));
#7839=DIRECTION('',(-1.,0.,0.));
#7840=FACE_BOUND('',#7841,.T.);
#7841=EDGE_LOOP('',(#11877,#11878,#11879,#11880));
#7842=PLANE('',#7843);
#7843=AXIS2_PLACEMENT_3D('',#7844,#7845,#7846);
#7844=CARTESIAN_POINT('',(26.52,0.75,0.6));
#7845=DIRECTION('',(0.866025403784438,0.5,-0.));
#7846=DIRECTION('',(-0.5,0.866025403784438,0.));
#7847=FACE_BOUND('',#7848,.T.);
#7848=EDGE_LOOP('',(#11881,#11882,#11883,#11884));
#7849=PLANE('',#7850);
#7850=AXIS2_PLACEMENT_3D('',#7851,#7852,#7853);
#7851=CARTESIAN_POINT('',(26.2197778600214,1.27,0.6));
#7852=DIRECTION('',(0.,1.,-0.));
#7853=DIRECTION('',(-1.,0.,0.));
#7854=FACE_BOUND('',#7855,.T.);
#7855=EDGE_LOOP('',(#11885,#11886,#11887,#11888));
#7856=PLANE('',#7857);
#7857=AXIS2_PLACEMENT_3D('',#7858,#7859,#7860);
#7858=CARTESIAN_POINT('',(24.5802221399786,1.27,0.6));
#7859=DIRECTION('',(-0.866025403784439,0.5,0.));
#7860=DIRECTION('',(-0.5,-0.866025403784439,0.));
#7861=FACE_BOUND('',#7862,.T.);
#7862=EDGE_LOOP('',(#11889,#11890,#11891,#11892));
#7863=PLANE('',#7864);
#7864=AXIS2_PLACEMENT_3D('',#7865,#7866,#7867);
#7865=CARTESIAN_POINT('',(24.13,0.75,0.6));
#7866=DIRECTION('',(0.,1.,-0.));
#7867=DIRECTION('',(-1.,0.,0.));
#7868=FACE_BOUND('',#7869,.T.);
#7869=EDGE_LOOP('',(#11893,#11894,#11895,#11896));
#7870=PLANE('',#7871);
#7871=AXIS2_PLACEMENT_3D('',#7872,#7873,#7874);
#7872=CARTESIAN_POINT('',(23.98,0.75,0.6));
#7873=DIRECTION('',(0.866025403784438,0.5,-0.));
#7874=DIRECTION('',(-0.5,0.866025403784438,0.));
#7875=FACE_BOUND('',#7876,.T.);
#7876=EDGE_LOOP('',(#11897,#11898,#11899,#11900));
#7877=PLANE('',#7878);
#7878=AXIS2_PLACEMENT_3D('',#7879,#7880,#7881);
#7879=CARTESIAN_POINT('',(23.6797778600214,1.27,0.6));
#7880=DIRECTION('',(0.,1.,-0.));
#7881=DIRECTION('',(-1.,0.,0.));
#7882=FACE_BOUND('',#7883,.T.);
#7883=EDGE_LOOP('',(#11901,#11902,#11903,#11904));
#7884=PLANE('',#7885);
#7885=AXIS2_PLACEMENT_3D('',#7886,#7887,#7888);
#7886=CARTESIAN_POINT('',(22.0402221399786,1.27,0.6));
#7887=DIRECTION('',(-0.866025403784439,0.5,0.));
#7888=DIRECTION('',(-0.5,-0.866025403784439,0.));
#7889=FACE_BOUND('',#7890,.T.);
#7890=EDGE_LOOP('',(#11905,#11906,#11907,#11908));
#7891=PLANE('',#7892);
#7892=AXIS2_PLACEMENT_3D('',#7893,#7894,#7895);
#7893=CARTESIAN_POINT('',(21.59,0.75,0.6));
#7894=DIRECTION('',(0.,1.,-0.));
#7895=DIRECTION('',(-1.,0.,0.));
#7896=FACE_BOUND('',#7897,.T.);
#7897=EDGE_LOOP('',(#11909,#11910,#11911,#11912));
#7898=PLANE('',#7899);
#7899=AXIS2_PLACEMENT_3D('',#7900,#7901,#7902);
#7900=CARTESIAN_POINT('',(21.44,0.75,0.6));
#7901=DIRECTION('',(0.866025403784438,0.5,-0.));
#7902=DIRECTION('',(-0.5,0.866025403784438,0.));
#7903=FACE_BOUND('',#7904,.T.);
#7904=EDGE_LOOP('',(#11913,#11914,#11915,#11916));
#7905=PLANE('',#7906);
#7906=AXIS2_PLACEMENT_3D('',#7907,#7908,#7909);
#7907=CARTESIAN_POINT('',(21.1397778600214,1.27,0.6));
#7908=DIRECTION('',(0.,1.,-0.));
#7909=DIRECTION('',(-1.,0.,0.));
#7910=FACE_BOUND('',#7911,.T.);
#7911=EDGE_LOOP('',(#11917,#11918,#11919,#11920));
#7912=PLANE('',#7913);
#7913=AXIS2_PLACEMENT_3D('',#7914,#7915,#7916);
#7914=CARTESIAN_POINT('',(19.5002221399786,1.27,0.6));
#7915=DIRECTION('',(-0.866025403784439,0.5,0.));
#7916=DIRECTION('',(-0.5,-0.866025403784439,0.));
#7917=FACE_BOUND('',#7918,.T.);
#7918=EDGE_LOOP('',(#11921,#11922,#11923,#11924));
#7919=PLANE('',#7920);
#7920=AXIS2_PLACEMENT_3D('',#7921,#7922,#7923);
#7921=CARTESIAN_POINT('',(19.05,0.75,0.6));
#7922=DIRECTION('',(0.,1.,-0.));
#7923=DIRECTION('',(-1.,0.,0.));
#7924=FACE_BOUND('',#7925,.T.);
#7925=EDGE_LOOP('',(#11925,#11926,#11927,#11928));
#7926=PLANE('',#7927);
#7927=AXIS2_PLACEMENT_3D('',#7928,#7929,#7930);
#7928=CARTESIAN_POINT('',(18.9,0.75,0.6));
#7929=DIRECTION('',(0.866025403784438,0.5,-0.));
#7930=DIRECTION('',(-0.5,0.866025403784438,0.));
#7931=FACE_BOUND('',#7932,.T.);
#7932=EDGE_LOOP('',(#11929,#11930,#11931,#11932));
#7933=PLANE('',#7934);
#7934=AXIS2_PLACEMENT_3D('',#7935,#7936,#7937);
#7935=CARTESIAN_POINT('',(18.5997778600214,1.27,0.6));
#7936=DIRECTION('',(0.,1.,-0.));
#7937=DIRECTION('',(-1.,0.,0.));
#7938=FACE_BOUND('',#7939,.T.);
#7939=EDGE_LOOP('',(#11933,#11934,#11935,#11936));
#7940=PLANE('',#7941);
#7941=AXIS2_PLACEMENT_3D('',#7942,#7943,#7944);
#7942=CARTESIAN_POINT('',(16.9602221399786,1.27,0.6));
#7943=DIRECTION('',(-0.866025403784439,0.5,0.));
#7944=DIRECTION('',(-0.5,-0.866025403784439,0.));
#7945=FACE_BOUND('',#7946,.T.);
#7946=EDGE_LOOP('',(#11937,#11938,#11939,#11940));
#7947=PLANE('',#7948);
#7948=AXIS2_PLACEMENT_3D('',#7949,#7950,#7951);
#7949=CARTESIAN_POINT('',(16.51,0.75,0.6));
#7950=DIRECTION('',(0.,1.,-0.));
#7951=DIRECTION('',(-1.,0.,0.));
#7952=FACE_BOUND('',#7953,.T.);
#7953=EDGE_LOOP('',(#11941,#11942,#11943,#11944));
#7954=PLANE('',#7955);
#7955=AXIS2_PLACEMENT_3D('',#7956,#7957,#7958);
#7956=CARTESIAN_POINT('',(16.36,0.75,0.6));
#7957=DIRECTION('',(0.866025403784438,0.5,-0.));
#7958=DIRECTION('',(-0.5,0.866025403784438,0.));
#7959=FACE_BOUND('',#7960,.T.);
#7960=EDGE_LOOP('',(#11945,#11946,#11947,#11948));
#7961=PLANE('',#7962);
#7962=AXIS2_PLACEMENT_3D('',#7963,#7964,#7965);
#7963=CARTESIAN_POINT('',(16.0597778600214,1.27,0.6));
#7964=DIRECTION('',(0.,1.,-0.));
#7965=DIRECTION('',(-1.,0.,0.));
#7966=FACE_BOUND('',#7967,.T.);
#7967=EDGE_LOOP('',(#11949,#11950,#11951,#11952));
#7968=PLANE('',#7969);
#7969=AXIS2_PLACEMENT_3D('',#7970,#7971,#7972);
#7970=CARTESIAN_POINT('',(14.4202221399786,1.27,0.6));
#7971=DIRECTION('',(-0.866025403784439,0.5,0.));
#7972=DIRECTION('',(-0.5,-0.866025403784439,0.));
#7973=FACE_BOUND('',#7974,.T.);
#7974=EDGE_LOOP('',(#11953,#11954,#11955,#11956));
#7975=PLANE('',#7976);
#7976=AXIS2_PLACEMENT_3D('',#7977,#7978,#7979);
#7977=CARTESIAN_POINT('',(13.97,0.75,0.6));
#7978=DIRECTION('',(0.,1.,-0.));
#7979=DIRECTION('',(-1.,0.,0.));
#7980=FACE_BOUND('',#7981,.T.);
#7981=EDGE_LOOP('',(#11957,#11958,#11959,#11960));
#7982=PLANE('',#7983);
#7983=AXIS2_PLACEMENT_3D('',#7984,#7985,#7986);
#7984=CARTESIAN_POINT('',(13.82,0.75,0.6));
#7985=DIRECTION('',(0.866025403784438,0.5,-0.));
#7986=DIRECTION('',(-0.5,0.866025403784438,0.));
#7987=FACE_BOUND('',#7988,.T.);
#7988=EDGE_LOOP('',(#11961,#11962,#11963,#11964));
#7989=PLANE('',#7990);
#7990=AXIS2_PLACEMENT_3D('',#7991,#7992,#7993);
#7991=CARTESIAN_POINT('',(13.5197778600214,1.27,0.6));
#7992=DIRECTION('',(0.,1.,-0.));
#7993=DIRECTION('',(-1.,0.,0.));
#7994=FACE_BOUND('',#7995,.T.);
#7995=EDGE_LOOP('',(#11965,#11966,#11967,#11968));
#7996=PLANE('',#7997);
#7997=AXIS2_PLACEMENT_3D('',#7998,#7999,#8000);
#7998=CARTESIAN_POINT('',(11.8802221399786,1.27,0.6));
#7999=DIRECTION('',(-0.866025403784439,0.5,0.));
#8000=DIRECTION('',(-0.5,-0.866025403784439,0.));
#8001=FACE_BOUND('',#8002,.T.);
#8002=EDGE_LOOP('',(#11969,#11970,#11971,#11972));
#8003=PLANE('',#8004);
#8004=AXIS2_PLACEMENT_3D('',#8005,#8006,#8007);
#8005=CARTESIAN_POINT('',(11.43,0.75,0.6));
#8006=DIRECTION('',(0.,1.,-0.));
#8007=DIRECTION('',(-1.,0.,0.));
#8008=FACE_BOUND('',#8009,.T.);
#8009=EDGE_LOOP('',(#11973,#11974,#11975,#11976));
#8010=PLANE('',#8011);
#8011=AXIS2_PLACEMENT_3D('',#8012,#8013,#8014);
#8012=CARTESIAN_POINT('',(11.28,0.75,0.6));
#8013=DIRECTION('',(0.866025403784438,0.5,-0.));
#8014=DIRECTION('',(-0.5,0.866025403784438,0.));
#8015=FACE_BOUND('',#8016,.T.);
#8016=EDGE_LOOP('',(#11977,#11978,#11979,#11980));
#8017=PLANE('',#8018);
#8018=AXIS2_PLACEMENT_3D('',#8019,#8020,#8021);
#8019=CARTESIAN_POINT('',(10.9797778600214,1.27,0.6));
#8020=DIRECTION('',(0.,1.,-0.));
#8021=DIRECTION('',(-1.,0.,0.));
#8022=FACE_BOUND('',#8023,.T.);
#8023=EDGE_LOOP('',(#11981,#11982,#11983,#11984));
#8024=PLANE('',#8025);
#8025=AXIS2_PLACEMENT_3D('',#8026,#8027,#8028);
#8026=CARTESIAN_POINT('',(9.34022213997861,1.27,0.6));
#8027=DIRECTION('',(-0.866025403784439,0.5,0.));
#8028=DIRECTION('',(-0.5,-0.866025403784439,0.));
#8029=FACE_BOUND('',#8030,.T.);
#8030=EDGE_LOOP('',(#11985,#11986,#11987,#11988));
#8031=PLANE('',#8032);
#8032=AXIS2_PLACEMENT_3D('',#8033,#8034,#8035);
#8033=CARTESIAN_POINT('',(8.89,0.75,0.6));
#8034=DIRECTION('',(0.,1.,-0.));
#8035=DIRECTION('',(-1.,0.,0.));
#8036=FACE_BOUND('',#8037,.T.);
#8037=EDGE_LOOP('',(#11989,#11990,#11991,#11992));
#8038=PLANE('',#8039);
#8039=AXIS2_PLACEMENT_3D('',#8040,#8041,#8042);
#8040=CARTESIAN_POINT('',(8.74,0.75,0.6));
#8041=DIRECTION('',(0.866025403784438,0.5,-0.));
#8042=DIRECTION('',(-0.5,0.866025403784438,0.));
#8043=FACE_BOUND('',#8044,.T.);
#8044=EDGE_LOOP('',(#11993,#11994,#11995,#11996));
#8045=PLANE('',#8046);
#8046=AXIS2_PLACEMENT_3D('',#8047,#8048,#8049);
#8047=CARTESIAN_POINT('',(8.43977786002139,1.27,0.6));
#8048=DIRECTION('',(0.,1.,-0.));
#8049=DIRECTION('',(-1.,0.,0.));
#8050=FACE_BOUND('',#8051,.T.);
#8051=EDGE_LOOP('',(#11997,#11998,#11999,#12000));
#8052=PLANE('',#8053);
#8053=AXIS2_PLACEMENT_3D('',#8054,#8055,#8056);
#8054=CARTESIAN_POINT('',(6.80022213997861,1.27,0.6));
#8055=DIRECTION('',(-0.866025403784439,0.5,0.));
#8056=DIRECTION('',(-0.5,-0.866025403784439,0.));
#8057=FACE_BOUND('',#8058,.T.);
#8058=EDGE_LOOP('',(#12001,#12002,#12003,#12004));
#8059=PLANE('',#8060);
#8060=AXIS2_PLACEMENT_3D('',#8061,#8062,#8063);
#8061=CARTESIAN_POINT('',(6.35,0.75,0.6));
#8062=DIRECTION('',(0.,1.,-0.));
#8063=DIRECTION('',(-1.,0.,0.));
#8064=FACE_BOUND('',#8065,.T.);
#8065=EDGE_LOOP('',(#12005,#12006,#12007,#12008));
#8066=PLANE('',#8067);
#8067=AXIS2_PLACEMENT_3D('',#8068,#8069,#8070);
#8068=CARTESIAN_POINT('',(6.2,0.75,0.6));
#8069=DIRECTION('',(0.866025403784438,0.5,-0.));
#8070=DIRECTION('',(-0.5,0.866025403784438,0.));
#8071=FACE_BOUND('',#8072,.T.);
#8072=EDGE_LOOP('',(#12009,#12010,#12011,#12012));
#8073=PLANE('',#8074);
#8074=AXIS2_PLACEMENT_3D('',#8075,#8076,#8077);
#8075=CARTESIAN_POINT('',(5.89977786002139,1.27,0.6));
#8076=DIRECTION('',(0.,1.,-0.));
#8077=DIRECTION('',(-1.,0.,0.));
#8078=FACE_BOUND('',#8079,.T.);
#8079=EDGE_LOOP('',(#12013,#12014,#12015,#12016));
#8080=PLANE('',#8081);
#8081=AXIS2_PLACEMENT_3D('',#8082,#8083,#8084);
#8082=CARTESIAN_POINT('',(4.26022213997861,1.27,0.6));
#8083=DIRECTION('',(-0.866025403784439,0.5,0.));
#8084=DIRECTION('',(-0.5,-0.866025403784439,0.));
#8085=FACE_BOUND('',#8086,.T.);
#8086=EDGE_LOOP('',(#12017,#12018,#12019,#12020));
#8087=PLANE('',#8088);
#8088=AXIS2_PLACEMENT_3D('',#8089,#8090,#8091);
#8089=CARTESIAN_POINT('',(3.81,0.75,0.6));
#8090=DIRECTION('',(0.,1.,-0.));
#8091=DIRECTION('',(-1.,0.,0.));
#8092=FACE_BOUND('',#8093,.T.);
#8093=EDGE_LOOP('',(#12021,#12022,#12023,#12024));
#8094=PLANE('',#8095);
#8095=AXIS2_PLACEMENT_3D('',#8096,#8097,#8098);
#8096=CARTESIAN_POINT('',(3.66,0.75,0.6));
#8097=DIRECTION('',(0.866025403784438,0.5,-0.));
#8098=DIRECTION('',(-0.5,0.866025403784438,0.));
#8099=FACE_BOUND('',#8100,.T.);
#8100=EDGE_LOOP('',(#12025,#12026,#12027,#12028));
#8101=PLANE('',#8102);
#8102=AXIS2_PLACEMENT_3D('',#8103,#8104,#8105);
#8103=CARTESIAN_POINT('',(3.35977786002139,1.27,0.6));
#8104=DIRECTION('',(0.,1.,-0.));
#8105=DIRECTION('',(-1.,0.,0.));
#8106=FACE_BOUND('',#8107,.T.);
#8107=EDGE_LOOP('',(#12029,#12030,#12031,#12032));
#8108=PLANE('',#8109);
#8109=AXIS2_PLACEMENT_3D('',#8110,#8111,#8112);
#8110=CARTESIAN_POINT('',(1.72022213997861,1.27,0.6));
#8111=DIRECTION('',(-0.866025403784439,0.5,0.));
#8112=DIRECTION('',(-0.5,-0.866025403784439,0.));
#8113=FACE_BOUND('',#8114,.T.);
#8114=EDGE_LOOP('',(#12033,#12034,#12035,#12036));
#8115=PLANE('',#8116);
#8116=AXIS2_PLACEMENT_3D('',#8117,#8118,#8119);
#8117=CARTESIAN_POINT('',(1.27,0.75,0.6));
#8118=DIRECTION('',(0.,1.,-0.));
#8119=DIRECTION('',(-1.,0.,0.));
#8120=FACE_BOUND('',#8121,.T.);
#8121=EDGE_LOOP('',(#12037,#12038,#12039,#12040));
#8122=PLANE('',#8123);
#8123=AXIS2_PLACEMENT_3D('',#8124,#8125,#8126);
#8124=CARTESIAN_POINT('',(1.12,0.75,0.6));
#8125=DIRECTION('',(0.866025403784438,0.5,-0.));
#8126=DIRECTION('',(-0.5,0.866025403784438,0.));
#8127=FACE_BOUND('',#8128,.T.);
#8128=EDGE_LOOP('',(#12041,#12042,#12043,#12044));
#8129=PLANE('',#8130);
#8130=AXIS2_PLACEMENT_3D('',#8131,#8132,#8133);
#8131=CARTESIAN_POINT('',(0.819777860021394,1.27,0.6));
#8132=DIRECTION('',(0.,1.,-0.));
#8133=DIRECTION('',(-1.,0.,0.));
#8134=FACE_BOUND('',#8135,.T.);
#8135=EDGE_LOOP('',(#12045,#12046,#12047,#12048));
#8136=PLANE('',#8137);
#8137=AXIS2_PLACEMENT_3D('',#8138,#8139,#8140);
#8138=CARTESIAN_POINT('',(-0.819777860021395,1.27,0.6));
#8139=DIRECTION('',(-0.866025403784439,0.5,0.));
#8140=DIRECTION('',(-0.5,-0.866025403784439,0.));
#8141=FACE_BOUND('',#8142,.T.);
#8142=EDGE_LOOP('',(#12049,#12050,#12051,#12052));
#8143=PLANE('',#8144);
#8144=AXIS2_PLACEMENT_3D('',#8145,#8146,#8147);
#8145=CARTESIAN_POINT('',(-1.12,0.75,0.6));
#8146=DIRECTION('',(0.,1.,-0.));
#8147=DIRECTION('',(-1.,0.,0.));
#8148=FACE_BOUND('',#8149,.T.);
#8149=EDGE_LOOP('',(#12053,#12054,#12055,#12056));
#8150=PLANE('',#8151);
#8151=AXIS2_PLACEMENT_3D('',#8152,#8153,#8154);
#8152=CARTESIAN_POINT('',(-1.27,0.75,0.6));
#8153=DIRECTION('',(-1.,0.,0.));
#8154=DIRECTION('',(0.,-1.,0.));
#8155=FACE_OUTER_BOUND('',#8156,.T.);
#8156=EDGE_LOOP('',(#12057));
#8157=FACE_OUTER_BOUND('',#8158,.T.);
#8158=EDGE_LOOP('',(#12058));
#8159=CYLINDRICAL_SURFACE('',#8160,0.9);
#8160=AXIS2_PLACEMENT_3D('',#8161,#8162,#8163);
#8161=CARTESIAN_POINT('',(0.,0.,3.1));
#8162=DIRECTION('',(0.,0.,1.));
#8163=DIRECTION('',(1.,0.,0.));
#8164=FACE_OUTER_BOUND('',#8165,.T.);
#8165=EDGE_LOOP('',(#12059));
#8166=FACE_OUTER_BOUND('',#8167,.T.);
#8167=EDGE_LOOP('',(#12060));
#8168=CYLINDRICAL_SURFACE('',#8169,0.66);
#8169=AXIS2_PLACEMENT_3D('',#8170,#8171,#8172);
#8170=CARTESIAN_POINT('',(0.,0.,0.6));
#8171=DIRECTION('',(0.,0.,1.));
#8172=DIRECTION('',(1.,0.,0.));
#8173=FACE_BOUND('',#8174,.T.);
#8174=EDGE_LOOP('',(#12061));
#8175=FACE_BOUND('',#8176,.T.);
#8176=EDGE_LOOP('',(#12062));
#8177=PLANE('',#8178);
#8178=AXIS2_PLACEMENT_3D('',#8179,#8180,#8181);
#8179=CARTESIAN_POINT('',(0.,0.,3.1));
#8180=DIRECTION('',(0.,0.,1.));
#8181=DIRECTION('',(1.,0.,0.));
#8182=FACE_OUTER_BOUND('',#8183,.T.);
#8183=EDGE_LOOP('',(#12063));
#8184=SPHERICAL_SURFACE('',#8185,0.23);
#8185=AXIS2_PLACEMENT_3D('',#8186,#8187,#8188);
#8186=CARTESIAN_POINT('',(-4.26789409502853E-016,-4.26789409502853E-016,6.97));
#8187=DIRECTION('',(-6.12323399573677E-017,-6.12323399573677E-017,1.));
#8188=DIRECTION('',(-1.,-1.22464679914736E-016,-6.12323399573677E-017));
#8189=FACE_OUTER_BOUND('',#8190,.T.);
#8190=EDGE_LOOP('',(#12064));
#8191=FACE_OUTER_BOUND('',#8192,.T.);
#8192=EDGE_LOOP('',(#12065));
#8193=CYLINDRICAL_SURFACE('',#8194,0.23);
#8194=AXIS2_PLACEMENT_3D('',#8195,#8196,#8197);
#8195=CARTESIAN_POINT('',(-2.20436423846524E-016,-2.20436423846524E-016,3.6));
#8196=DIRECTION('',(-6.12323399573677E-017,-6.12323399573677E-017,1.));
#8197=DIRECTION('',(-1.,-1.22464679914735E-016,-6.12323399573677E-017));
#8198=FACE_BOUND('',#8199,.T.);
#8199=EDGE_LOOP('',(#12066));
#8200=FACE_BOUND('',#8201,.T.);
#8201=EDGE_LOOP('',(#12067));
#8202=PLANE('',#8203);
#8203=AXIS2_PLACEMENT_3D('',#8204,#8205,#8206);
#8204=CARTESIAN_POINT('',(-2.20436423846524E-016,-2.20436423846524E-016,3.6));
#8205=DIRECTION('',(-6.12323399573677E-017,-6.12323399573677E-017,1.));
#8206=DIRECTION('',(-1.,-1.22464679914735E-016,-6.12323399573677E-017));
#8207=FACE_OUTER_BOUND('',#8208,.T.);
#8208=EDGE_LOOP('',(#12068));
#8209=FACE_OUTER_BOUND('',#8210,.T.);
#8210=EDGE_LOOP('',(#12069));
#8211=CYLINDRICAL_SURFACE('',#8212,0.9);
#8212=AXIS2_PLACEMENT_3D('',#8213,#8214,#8215);
#8213=CARTESIAN_POINT('',(-1.8982025386784E-016,-1.8982025386784E-016,3.1));
#8214=DIRECTION('',(-6.12323399573677E-017,-6.12323399573677E-017,1.));
#8215=DIRECTION('',(-1.,-1.22464679914735E-016,-6.12323399573677E-017));
#8216=FACE_BOUND('',#8217,.T.);
#8217=EDGE_LOOP('',(#12070));
#8218=FACE_BOUND('',#8219,.T.);
#8219=EDGE_LOOP('',(#12071));
#8220=PLANE('',#8221);
#8221=AXIS2_PLACEMENT_3D('',#8222,#8223,#8224);
#8222=CARTESIAN_POINT('',(-1.8982025386784E-016,-1.8982025386784E-016,3.1));
#8223=DIRECTION('',(6.12323399573677E-017,6.12323399573677E-017,-1.));
#8224=DIRECTION('',(-1.,-1.22464679914735E-016,-6.12323399573677E-017));
#8225=FACE_OUTER_BOUND('',#8226,.T.);
#8226=EDGE_LOOP('',(#12072));
#8227=FACE_OUTER_BOUND('',#8228,.T.);
#8228=EDGE_LOOP('',(#12073));
#8229=CYLINDRICAL_SURFACE('',#8230,0.66);
#8230=AXIS2_PLACEMENT_3D('',#8231,#8232,#8233);
#8231=CARTESIAN_POINT('',(-2.63299061816681E-017,-2.63299061816681E-017,0.43));
#8232=DIRECTION('',(-6.12323399573677E-017,-6.12323399573677E-017,1.));
#8233=DIRECTION('',(-1.,-1.22464679914735E-016,-6.12323399573677E-017));
#8234=FACE_OUTER_BOUND('',#8235,.T.);
#8235=EDGE_LOOP('',(#12074));
#8236=FACE_OUTER_BOUND('',#8237,.T.);
#8237=EDGE_LOOP('',(#12075));
#8238=CONICAL_SURFACE('',#8239,0.445,0.785398163397449);
#8239=AXIS2_PLACEMENT_3D('',#8240,#8241,#8242);
#8240=CARTESIAN_POINT('',(-1.3164953090834E-017,-1.3164953090834E-017,0.215));
#8241=DIRECTION('',(-6.12323399573677E-017,-6.12323399573677E-017,1.));
#8242=DIRECTION('',(-1.,-1.22464679914735E-016,-6.12323399573677E-017));
#8243=FACE_OUTER_BOUND('',#8244,.T.);
#8244=EDGE_LOOP('',(#12076));
#8245=FACE_OUTER_BOUND('',#8246,.T.);
#8246=EDGE_LOOP('',(#12077));
#8247=CYLINDRICAL_SURFACE('',#8248,0.23);
#8248=AXIS2_PLACEMENT_3D('',#8249,#8250,#8251);
#8249=CARTESIAN_POINT('',(1.57367113690435E-016,1.57367113690435E-016,-2.57));
#8250=DIRECTION('',(-6.12323399573677E-017,-6.12323399573677E-017,1.));
#8251=DIRECTION('',(-1.,-1.22464679914735E-016,-6.12323399573677E-017));
#8252=FACE_OUTER_BOUND('',#8253,.T.);
#8253=EDGE_LOOP('',(#12078));
#8254=SPHERICAL_SURFACE('',#8255,0.23);
#8255=AXIS2_PLACEMENT_3D('',#8256,#8257,#8258);
#8256=CARTESIAN_POINT('',(1.57367113690435E-016,1.57367113690435E-016,-2.57));
#8257=DIRECTION('',(-6.12323399573677E-017,-6.12323399573677E-017,1.));
#8258=DIRECTION('',(-1.,-1.22464679914735E-016,-6.12323399573677E-017));
#8259=FACE_OUTER_BOUND('',#8260,.T.);
#8260=EDGE_LOOP('',(#12079));
#8261=SPHERICAL_SURFACE('',#8262,0.23);
#8262=AXIS2_PLACEMENT_3D('',#8263,#8264,#8265);
#8263=CARTESIAN_POINT('',(2.54,-4.26789409502853E-016,6.97));
#8264=DIRECTION('',(-6.12323399573677E-017,-6.12323399573677E-017,1.));
#8265=DIRECTION('',(-1.,-1.22464679914736E-016,-6.12323399573677E-017));
#8266=FACE_OUTER_BOUND('',#8267,.T.);
#8267=EDGE_LOOP('',(#12080));
#8268=FACE_OUTER_BOUND('',#8269,.T.);
#8269=EDGE_LOOP('',(#12081));
#8270=CYLINDRICAL_SURFACE('',#8271,0.23);
#8271=AXIS2_PLACEMENT_3D('',#8272,#8273,#8274);
#8272=CARTESIAN_POINT('',(2.54,-2.20436423846524E-016,3.6));
#8273=DIRECTION('',(-6.12323399573677E-017,-6.12323399573677E-017,1.));
#8274=DIRECTION('',(-1.,-1.22464679914735E-016,-6.12323399573677E-017));
#8275=FACE_BOUND('',#8276,.T.);
#8276=EDGE_LOOP('',(#12082));
#8277=FACE_BOUND('',#8278,.T.);
#8278=EDGE_LOOP('',(#12083));
#8279=PLANE('',#8280);
#8280=AXIS2_PLACEMENT_3D('',#8281,#8282,#8283);
#8281=CARTESIAN_POINT('',(2.54,-2.20436423846524E-016,3.6));
#8282=DIRECTION('',(-6.12323399573677E-017,-6.12323399573677E-017,1.));
#8283=DIRECTION('',(-1.,-1.22464679914735E-016,-6.12323399573677E-017));
#8284=FACE_OUTER_BOUND('',#8285,.T.);
#8285=EDGE_LOOP('',(#12084));
#8286=FACE_OUTER_BOUND('',#8287,.T.);
#8287=EDGE_LOOP('',(#12085));
#8288=CYLINDRICAL_SURFACE('',#8289,0.9);
#8289=AXIS2_PLACEMENT_3D('',#8290,#8291,#8292);
#8290=CARTESIAN_POINT('',(2.54,-1.8982025386784E-016,3.1));
#8291=DIRECTION('',(-6.12323399573677E-017,-6.12323399573677E-017,1.));
#8292=DIRECTION('',(-1.,-1.22464679914735E-016,-6.12323399573677E-017));
#8293=FACE_BOUND('',#8294,.T.);
#8294=EDGE_LOOP('',(#12086));
#8295=FACE_BOUND('',#8296,.T.);
#8296=EDGE_LOOP('',(#12087));
#8297=PLANE('',#8298);
#8298=AXIS2_PLACEMENT_3D('',#8299,#8300,#8301);
#8299=CARTESIAN_POINT('',(2.54,-1.8982025386784E-016,3.1));
#8300=DIRECTION('',(6.12323399573677E-017,6.12323399573677E-017,-1.));
#8301=DIRECTION('',(-1.,-1.22464679914735E-016,-6.12323399573677E-017));
#8302=FACE_OUTER_BOUND('',#8303,.T.);
#8303=EDGE_LOOP('',(#12088));
#8304=FACE_OUTER_BOUND('',#8305,.T.);
#8305=EDGE_LOOP('',(#12089));
#8306=CYLINDRICAL_SURFACE('',#8307,0.66);
#8307=AXIS2_PLACEMENT_3D('',#8308,#8309,#8310);
#8308=CARTESIAN_POINT('',(2.54,-2.63299061816681E-017,0.43));
#8309=DIRECTION('',(-6.12323399573677E-017,-6.12323399573677E-017,1.));
#8310=DIRECTION('',(-1.,-1.22464679914735E-016,-6.12323399573677E-017));
#8311=FACE_OUTER_BOUND('',#8312,.T.);
#8312=EDGE_LOOP('',(#12090));
#8313=FACE_OUTER_BOUND('',#8314,.T.);
#8314=EDGE_LOOP('',(#12091));
#8315=CONICAL_SURFACE('',#8316,0.445,0.785398163397449);
#8316=AXIS2_PLACEMENT_3D('',#8317,#8318,#8319);
#8317=CARTESIAN_POINT('',(2.54,-1.3164953090834E-017,0.215));
#8318=DIRECTION('',(-6.12323399573677E-017,-6.12323399573677E-017,1.));
#8319=DIRECTION('',(-1.,-1.22464679914735E-016,-6.12323399573677E-017));
#8320=FACE_OUTER_BOUND('',#8321,.T.);
#8321=EDGE_LOOP('',(#12092));
#8322=FACE_OUTER_BOUND('',#8323,.T.);
#8323=EDGE_LOOP('',(#12093));
#8324=CYLINDRICAL_SURFACE('',#8325,0.23);
#8325=AXIS2_PLACEMENT_3D('',#8326,#8327,#8328);
#8326=CARTESIAN_POINT('',(2.54,1.57367113690435E-016,-2.57));
#8327=DIRECTION('',(-6.12323399573677E-017,-6.12323399573677E-017,1.));
#8328=DIRECTION('',(-1.,-1.22464679914735E-016,-6.12323399573677E-017));
#8329=FACE_OUTER_BOUND('',#8330,.T.);
#8330=EDGE_LOOP('',(#12094));
#8331=SPHERICAL_SURFACE('',#8332,0.23);
#8332=AXIS2_PLACEMENT_3D('',#8333,#8334,#8335);
#8333=CARTESIAN_POINT('',(2.54,1.57367113690435E-016,-2.57));
#8334=DIRECTION('',(-6.12323399573677E-017,-6.12323399573677E-017,1.));
#8335=DIRECTION('',(-1.,-1.22464679914735E-016,-6.12323399573677E-017));
#8336=FACE_OUTER_BOUND('',#8337,.T.);
#8337=EDGE_LOOP('',(#12095));
#8338=SPHERICAL_SURFACE('',#8339,0.23);
#8339=AXIS2_PLACEMENT_3D('',#8340,#8341,#8342);
#8340=CARTESIAN_POINT('',(5.08,-4.26789409502853E-016,6.97));
#8341=DIRECTION('',(-6.12323399573677E-017,-6.12323399573677E-017,1.));
#8342=DIRECTION('',(-1.,-1.22464679914736E-016,-6.12323399573677E-017));
#8343=FACE_OUTER_BOUND('',#8344,.T.);
#8344=EDGE_LOOP('',(#12096));
#8345=FACE_OUTER_BOUND('',#8346,.T.);
#8346=EDGE_LOOP('',(#12097));
#8347=CYLINDRICAL_SURFACE('',#8348,0.23);
#8348=AXIS2_PLACEMENT_3D('',#8349,#8350,#8351);
#8349=CARTESIAN_POINT('',(5.08,-2.20436423846524E-016,3.6));
#8350=DIRECTION('',(-6.12323399573677E-017,-6.12323399573677E-017,1.));
#8351=DIRECTION('',(-1.,-1.22464679914735E-016,-6.12323399573677E-017));
#8352=FACE_BOUND('',#8353,.T.);
#8353=EDGE_LOOP('',(#12098));
#8354=FACE_BOUND('',#8355,.T.);
#8355=EDGE_LOOP('',(#12099));
#8356=PLANE('',#8357);
#8357=AXIS2_PLACEMENT_3D('',#8358,#8359,#8360);
#8358=CARTESIAN_POINT('',(5.08,-2.20436423846524E-016,3.6));
#8359=DIRECTION('',(-6.12323399573677E-017,-6.12323399573677E-017,1.));
#8360=DIRECTION('',(-1.,-1.22464679914735E-016,-6.12323399573677E-017));
#8361=FACE_OUTER_BOUND('',#8362,.T.);
#8362=EDGE_LOOP('',(#12100));
#8363=FACE_OUTER_BOUND('',#8364,.T.);
#8364=EDGE_LOOP('',(#12101));
#8365=CYLINDRICAL_SURFACE('',#8366,0.9);
#8366=AXIS2_PLACEMENT_3D('',#8367,#8368,#8369);
#8367=CARTESIAN_POINT('',(5.08,-1.8982025386784E-016,3.1));
#8368=DIRECTION('',(-6.12323399573677E-017,-6.12323399573677E-017,1.));
#8369=DIRECTION('',(-1.,-1.22464679914735E-016,-6.12323399573677E-017));
#8370=FACE_BOUND('',#8371,.T.);
#8371=EDGE_LOOP('',(#12102));
#8372=FACE_BOUND('',#8373,.T.);
#8373=EDGE_LOOP('',(#12103));
#8374=PLANE('',#8375);
#8375=AXIS2_PLACEMENT_3D('',#8376,#8377,#8378);
#8376=CARTESIAN_POINT('',(5.08,-1.8982025386784E-016,3.1));
#8377=DIRECTION('',(6.12323399573677E-017,6.12323399573677E-017,-1.));
#8378=DIRECTION('',(-1.,-1.22464679914735E-016,-6.12323399573677E-017));
#8379=FACE_OUTER_BOUND('',#8380,.T.);
#8380=EDGE_LOOP('',(#12104));
#8381=FACE_OUTER_BOUND('',#8382,.T.);
#8382=EDGE_LOOP('',(#12105));
#8383=CYLINDRICAL_SURFACE('',#8384,0.66);
#8384=AXIS2_PLACEMENT_3D('',#8385,#8386,#8387);
#8385=CARTESIAN_POINT('',(5.08,-2.63299061816681E-017,0.43));
#8386=DIRECTION('',(-6.12323399573677E-017,-6.12323399573677E-017,1.));
#8387=DIRECTION('',(-1.,-1.22464679914735E-016,-6.12323399573677E-017));
#8388=FACE_OUTER_BOUND('',#8389,.T.);
#8389=EDGE_LOOP('',(#12106));
#8390=FACE_OUTER_BOUND('',#8391,.T.);
#8391=EDGE_LOOP('',(#12107));
#8392=CONICAL_SURFACE('',#8393,0.445,0.785398163397449);
#8393=AXIS2_PLACEMENT_3D('',#8394,#8395,#8396);
#8394=CARTESIAN_POINT('',(5.08,-1.3164953090834E-017,0.215));
#8395=DIRECTION('',(-6.12323399573677E-017,-6.12323399573677E-017,1.));
#8396=DIRECTION('',(-1.,-1.22464679914735E-016,-6.12323399573677E-017));
#8397=FACE_OUTER_BOUND('',#8398,.T.);
#8398=EDGE_LOOP('',(#12108));
#8399=FACE_OUTER_BOUND('',#8400,.T.);
#8400=EDGE_LOOP('',(#12109));
#8401=CYLINDRICAL_SURFACE('',#8402,0.23);
#8402=AXIS2_PLACEMENT_3D('',#8403,#8404,#8405);
#8403=CARTESIAN_POINT('',(5.08,1.57367113690435E-016,-2.57));
#8404=DIRECTION('',(-6.12323399573677E-017,-6.12323399573677E-017,1.));
#8405=DIRECTION('',(-1.,-1.22464679914735E-016,-6.12323399573677E-017));
#8406=FACE_OUTER_BOUND('',#8407,.T.);
#8407=EDGE_LOOP('',(#12110));
#8408=SPHERICAL_SURFACE('',#8409,0.23);
#8409=AXIS2_PLACEMENT_3D('',#8410,#8411,#8412);
#8410=CARTESIAN_POINT('',(5.08,1.57367113690435E-016,-2.57));
#8411=DIRECTION('',(-6.12323399573677E-017,-6.12323399573677E-017,1.));
#8412=DIRECTION('',(-1.,-1.22464679914735E-016,-6.12323399573677E-017));
#8413=FACE_OUTER_BOUND('',#8414,.T.);
#8414=EDGE_LOOP('',(#12111));
#8415=SPHERICAL_SURFACE('',#8416,0.23);
#8416=AXIS2_PLACEMENT_3D('',#8417,#8418,#8419);
#8417=CARTESIAN_POINT('',(7.62,-4.26789409502853E-016,6.97));
#8418=DIRECTION('',(-6.12323399573677E-017,-6.12323399573677E-017,1.));
#8419=DIRECTION('',(-1.,-1.22464679914736E-016,-6.12323399573677E-017));
#8420=FACE_OUTER_BOUND('',#8421,.T.);
#8421=EDGE_LOOP('',(#12112));
#8422=FACE_OUTER_BOUND('',#8423,.T.);
#8423=EDGE_LOOP('',(#12113));
#8424=CYLINDRICAL_SURFACE('',#8425,0.23);
#8425=AXIS2_PLACEMENT_3D('',#8426,#8427,#8428);
#8426=CARTESIAN_POINT('',(7.62,-2.20436423846524E-016,3.6));
#8427=DIRECTION('',(-6.12323399573677E-017,-6.12323399573677E-017,1.));
#8428=DIRECTION('',(-1.,-1.22464679914735E-016,-6.12323399573677E-017));
#8429=FACE_BOUND('',#8430,.T.);
#8430=EDGE_LOOP('',(#12114));
#8431=FACE_BOUND('',#8432,.T.);
#8432=EDGE_LOOP('',(#12115));
#8433=PLANE('',#8434);
#8434=AXIS2_PLACEMENT_3D('',#8435,#8436,#8437);
#8435=CARTESIAN_POINT('',(7.62,-2.20436423846524E-016,3.6));
#8436=DIRECTION('',(-6.12323399573677E-017,-6.12323399573677E-017,1.));
#8437=DIRECTION('',(-1.,-1.22464679914735E-016,-6.12323399573677E-017));
#8438=FACE_OUTER_BOUND('',#8439,.T.);
#8439=EDGE_LOOP('',(#12116));
#8440=FACE_OUTER_BOUND('',#8441,.T.);
#8441=EDGE_LOOP('',(#12117));
#8442=CYLINDRICAL_SURFACE('',#8443,0.9);
#8443=AXIS2_PLACEMENT_3D('',#8444,#8445,#8446);
#8444=CARTESIAN_POINT('',(7.62,-1.8982025386784E-016,3.1));
#8445=DIRECTION('',(-6.12323399573677E-017,-6.12323399573677E-017,1.));
#8446=DIRECTION('',(-1.,-1.22464679914735E-016,-6.12323399573677E-017));
#8447=FACE_BOUND('',#8448,.T.);
#8448=EDGE_LOOP('',(#12118));
#8449=FACE_BOUND('',#8450,.T.);
#8450=EDGE_LOOP('',(#12119));
#8451=PLANE('',#8452);
#8452=AXIS2_PLACEMENT_3D('',#8453,#8454,#8455);
#8453=CARTESIAN_POINT('',(7.62,-1.8982025386784E-016,3.1));
#8454=DIRECTION('',(6.12323399573677E-017,6.12323399573677E-017,-1.));
#8455=DIRECTION('',(-1.,-1.22464679914735E-016,-6.12323399573677E-017));
#8456=FACE_OUTER_BOUND('',#8457,.T.);
#8457=EDGE_LOOP('',(#12120));
#8458=FACE_OUTER_BOUND('',#8459,.T.);
#8459=EDGE_LOOP('',(#12121));
#8460=CYLINDRICAL_SURFACE('',#8461,0.66);
#8461=AXIS2_PLACEMENT_3D('',#8462,#8463,#8464);
#8462=CARTESIAN_POINT('',(7.62,-2.63299061816681E-017,0.43));
#8463=DIRECTION('',(-6.12323399573677E-017,-6.12323399573677E-017,1.));
#8464=DIRECTION('',(-1.,-1.22464679914735E-016,-6.12323399573677E-017));
#8465=FACE_OUTER_BOUND('',#8466,.T.);
#8466=EDGE_LOOP('',(#12122));
#8467=FACE_OUTER_BOUND('',#8468,.T.);
#8468=EDGE_LOOP('',(#12123));
#8469=CONICAL_SURFACE('',#8470,0.445,0.785398163397449);
#8470=AXIS2_PLACEMENT_3D('',#8471,#8472,#8473);
#8471=CARTESIAN_POINT('',(7.62,-1.3164953090834E-017,0.215));
#8472=DIRECTION('',(-6.12323399573677E-017,-6.12323399573677E-017,1.));
#8473=DIRECTION('',(-1.,-1.22464679914735E-016,-6.12323399573677E-017));
#8474=FACE_OUTER_BOUND('',#8475,.T.);
#8475=EDGE_LOOP('',(#12124));
#8476=FACE_OUTER_BOUND('',#8477,.T.);
#8477=EDGE_LOOP('',(#12125));
#8478=CYLINDRICAL_SURFACE('',#8479,0.23);
#8479=AXIS2_PLACEMENT_3D('',#8480,#8481,#8482);
#8480=CARTESIAN_POINT('',(7.62,1.57367113690435E-016,-2.57));
#8481=DIRECTION('',(-6.12323399573677E-017,-6.12323399573677E-017,1.));
#8482=DIRECTION('',(-1.,-1.22464679914735E-016,-6.12323399573677E-017));
#8483=FACE_OUTER_BOUND('',#8484,.T.);
#8484=EDGE_LOOP('',(#12126));
#8485=SPHERICAL_SURFACE('',#8486,0.23);
#8486=AXIS2_PLACEMENT_3D('',#8487,#8488,#8489);
#8487=CARTESIAN_POINT('',(7.62,1.57367113690435E-016,-2.57));
#8488=DIRECTION('',(-6.12323399573677E-017,-6.12323399573677E-017,1.));
#8489=DIRECTION('',(-1.,-1.22464679914735E-016,-6.12323399573677E-017));
#8490=FACE_OUTER_BOUND('',#8491,.T.);
#8491=EDGE_LOOP('',(#12127));
#8492=SPHERICAL_SURFACE('',#8493,0.23);
#8493=AXIS2_PLACEMENT_3D('',#8494,#8495,#8496);
#8494=CARTESIAN_POINT('',(10.16,-4.26789409502853E-016,6.97));
#8495=DIRECTION('',(-6.12323399573677E-017,-6.12323399573677E-017,1.));
#8496=DIRECTION('',(-1.,-1.22464679914736E-016,-6.12323399573677E-017));
#8497=FACE_OUTER_BOUND('',#8498,.T.);
#8498=EDGE_LOOP('',(#12128));
#8499=FACE_OUTER_BOUND('',#8500,.T.);
#8500=EDGE_LOOP('',(#12129));
#8501=CYLINDRICAL_SURFACE('',#8502,0.23);
#8502=AXIS2_PLACEMENT_3D('',#8503,#8504,#8505);
#8503=CARTESIAN_POINT('',(10.16,-2.20436423846524E-016,3.6));
#8504=DIRECTION('',(-6.12323399573677E-017,-6.12323399573677E-017,1.));
#8505=DIRECTION('',(-1.,-1.22464679914735E-016,-6.12323399573677E-017));
#8506=FACE_BOUND('',#8507,.T.);
#8507=EDGE_LOOP('',(#12130));
#8508=FACE_BOUND('',#8509,.T.);
#8509=EDGE_LOOP('',(#12131));
#8510=PLANE('',#8511);
#8511=AXIS2_PLACEMENT_3D('',#8512,#8513,#8514);
#8512=CARTESIAN_POINT('',(10.16,-2.20436423846524E-016,3.6));
#8513=DIRECTION('',(-6.12323399573677E-017,-6.12323399573677E-017,1.));
#8514=DIRECTION('',(-1.,-1.22464679914735E-016,-6.12323399573677E-017));
#8515=FACE_OUTER_BOUND('',#8516,.T.);
#8516=EDGE_LOOP('',(#12132));
#8517=FACE_OUTER_BOUND('',#8518,.T.);
#8518=EDGE_LOOP('',(#12133));
#8519=CYLINDRICAL_SURFACE('',#8520,0.9);
#8520=AXIS2_PLACEMENT_3D('',#8521,#8522,#8523);
#8521=CARTESIAN_POINT('',(10.16,-1.8982025386784E-016,3.1));
#8522=DIRECTION('',(-6.12323399573677E-017,-6.12323399573677E-017,1.));
#8523=DIRECTION('',(-1.,-1.22464679914735E-016,-6.12323399573677E-017));
#8524=FACE_BOUND('',#8525,.T.);
#8525=EDGE_LOOP('',(#12134));
#8526=FACE_BOUND('',#8527,.T.);
#8527=EDGE_LOOP('',(#12135));
#8528=PLANE('',#8529);
#8529=AXIS2_PLACEMENT_3D('',#8530,#8531,#8532);
#8530=CARTESIAN_POINT('',(10.16,-1.8982025386784E-016,3.1));
#8531=DIRECTION('',(6.12323399573677E-017,6.12323399573677E-017,-1.));
#8532=DIRECTION('',(-1.,-1.22464679914735E-016,-6.12323399573677E-017));
#8533=FACE_OUTER_BOUND('',#8534,.T.);
#8534=EDGE_LOOP('',(#12136));
#8535=FACE_OUTER_BOUND('',#8536,.T.);
#8536=EDGE_LOOP('',(#12137));
#8537=CYLINDRICAL_SURFACE('',#8538,0.66);
#8538=AXIS2_PLACEMENT_3D('',#8539,#8540,#8541);
#8539=CARTESIAN_POINT('',(10.16,-2.63299061816681E-017,0.43));
#8540=DIRECTION('',(-6.12323399573677E-017,-6.12323399573677E-017,1.));
#8541=DIRECTION('',(-1.,-1.22464679914735E-016,-6.12323399573677E-017));
#8542=FACE_OUTER_BOUND('',#8543,.T.);
#8543=EDGE_LOOP('',(#12138));
#8544=FACE_OUTER_BOUND('',#8545,.T.);
#8545=EDGE_LOOP('',(#12139));
#8546=CONICAL_SURFACE('',#8547,0.445,0.785398163397449);
#8547=AXIS2_PLACEMENT_3D('',#8548,#8549,#8550);
#8548=CARTESIAN_POINT('',(10.16,-1.3164953090834E-017,0.215));
#8549=DIRECTION('',(-6.12323399573677E-017,-6.12323399573677E-017,1.));
#8550=DIRECTION('',(-1.,-1.22464679914735E-016,-6.12323399573677E-017));
#8551=FACE_OUTER_BOUND('',#8552,.T.);
#8552=EDGE_LOOP('',(#12140));
#8553=FACE_OUTER_BOUND('',#8554,.T.);
#8554=EDGE_LOOP('',(#12141));
#8555=CYLINDRICAL_SURFACE('',#8556,0.23);
#8556=AXIS2_PLACEMENT_3D('',#8557,#8558,#8559);
#8557=CARTESIAN_POINT('',(10.16,1.57367113690435E-016,-2.57));
#8558=DIRECTION('',(-6.12323399573677E-017,-6.12323399573677E-017,1.));
#8559=DIRECTION('',(-1.,-1.22464679914735E-016,-6.12323399573677E-017));
#8560=FACE_OUTER_BOUND('',#8561,.T.);
#8561=EDGE_LOOP('',(#12142));
#8562=SPHERICAL_SURFACE('',#8563,0.23);
#8563=AXIS2_PLACEMENT_3D('',#8564,#8565,#8566);
#8564=CARTESIAN_POINT('',(10.16,1.57367113690435E-016,-2.57));
#8565=DIRECTION('',(-6.12323399573677E-017,-6.12323399573677E-017,1.));
#8566=DIRECTION('',(-1.,-1.22464679914735E-016,-6.12323399573677E-017));
#8567=FACE_OUTER_BOUND('',#8568,.T.);
#8568=EDGE_LOOP('',(#12143));
#8569=SPHERICAL_SURFACE('',#8570,0.23);
#8570=AXIS2_PLACEMENT_3D('',#8571,#8572,#8573);
#8571=CARTESIAN_POINT('',(12.7,-4.26789409502853E-016,6.97));
#8572=DIRECTION('',(-6.12323399573677E-017,-6.12323399573677E-017,1.));
#8573=DIRECTION('',(-1.,-1.22464679914736E-016,-6.12323399573677E-017));
#8574=FACE_OUTER_BOUND('',#8575,.T.);
#8575=EDGE_LOOP('',(#12144));
#8576=FACE_OUTER_BOUND('',#8577,.T.);
#8577=EDGE_LOOP('',(#12145));
#8578=CYLINDRICAL_SURFACE('',#8579,0.23);
#8579=AXIS2_PLACEMENT_3D('',#8580,#8581,#8582);
#8580=CARTESIAN_POINT('',(12.7,-2.20436423846524E-016,3.6));
#8581=DIRECTION('',(-6.12323399573677E-017,-6.12323399573677E-017,1.));
#8582=DIRECTION('',(-1.,-1.22464679914735E-016,-6.12323399573677E-017));
#8583=FACE_BOUND('',#8584,.T.);
#8584=EDGE_LOOP('',(#12146));
#8585=FACE_BOUND('',#8586,.T.);
#8586=EDGE_LOOP('',(#12147));
#8587=PLANE('',#8588);
#8588=AXIS2_PLACEMENT_3D('',#8589,#8590,#8591);
#8589=CARTESIAN_POINT('',(12.7,-2.20436423846524E-016,3.6));
#8590=DIRECTION('',(-6.12323399573677E-017,-6.12323399573677E-017,1.));
#8591=DIRECTION('',(-1.,-1.22464679914735E-016,-6.12323399573677E-017));
#8592=FACE_OUTER_BOUND('',#8593,.T.);
#8593=EDGE_LOOP('',(#12148));
#8594=FACE_OUTER_BOUND('',#8595,.T.);
#8595=EDGE_LOOP('',(#12149));
#8596=CYLINDRICAL_SURFACE('',#8597,0.9);
#8597=AXIS2_PLACEMENT_3D('',#8598,#8599,#8600);
#8598=CARTESIAN_POINT('',(12.7,-1.8982025386784E-016,3.1));
#8599=DIRECTION('',(-6.12323399573677E-017,-6.12323399573677E-017,1.));
#8600=DIRECTION('',(-1.,-1.22464679914735E-016,-6.12323399573677E-017));
#8601=FACE_BOUND('',#8602,.T.);
#8602=EDGE_LOOP('',(#12150));
#8603=FACE_BOUND('',#8604,.T.);
#8604=EDGE_LOOP('',(#12151));
#8605=PLANE('',#8606);
#8606=AXIS2_PLACEMENT_3D('',#8607,#8608,#8609);
#8607=CARTESIAN_POINT('',(12.7,-1.8982025386784E-016,3.1));
#8608=DIRECTION('',(6.12323399573677E-017,6.12323399573677E-017,-1.));
#8609=DIRECTION('',(-1.,-1.22464679914735E-016,-6.12323399573677E-017));
#8610=FACE_OUTER_BOUND('',#8611,.T.);
#8611=EDGE_LOOP('',(#12152));
#8612=FACE_OUTER_BOUND('',#8613,.T.);
#8613=EDGE_LOOP('',(#12153));
#8614=CYLINDRICAL_SURFACE('',#8615,0.66);
#8615=AXIS2_PLACEMENT_3D('',#8616,#8617,#8618);
#8616=CARTESIAN_POINT('',(12.7,-2.63299061816681E-017,0.43));
#8617=DIRECTION('',(-6.12323399573677E-017,-6.12323399573677E-017,1.));
#8618=DIRECTION('',(-1.,-1.22464679914735E-016,-6.12323399573677E-017));
#8619=FACE_OUTER_BOUND('',#8620,.T.);
#8620=EDGE_LOOP('',(#12154));
#8621=FACE_OUTER_BOUND('',#8622,.T.);
#8622=EDGE_LOOP('',(#12155));
#8623=CONICAL_SURFACE('',#8624,0.445,0.785398163397449);
#8624=AXIS2_PLACEMENT_3D('',#8625,#8626,#8627);
#8625=CARTESIAN_POINT('',(12.7,-1.3164953090834E-017,0.215));
#8626=DIRECTION('',(-6.12323399573677E-017,-6.12323399573677E-017,1.));
#8627=DIRECTION('',(-1.,-1.22464679914735E-016,-6.12323399573677E-017));
#8628=FACE_OUTER_BOUND('',#8629,.T.);
#8629=EDGE_LOOP('',(#12156));
#8630=FACE_OUTER_BOUND('',#8631,.T.);
#8631=EDGE_LOOP('',(#12157));
#8632=CYLINDRICAL_SURFACE('',#8633,0.23);
#8633=AXIS2_PLACEMENT_3D('',#8634,#8635,#8636);
#8634=CARTESIAN_POINT('',(12.7,1.57367113690435E-016,-2.57));
#8635=DIRECTION('',(-6.12323399573677E-017,-6.12323399573677E-017,1.));
#8636=DIRECTION('',(-1.,-1.22464679914735E-016,-6.12323399573677E-017));
#8637=FACE_OUTER_BOUND('',#8638,.T.);
#8638=EDGE_LOOP('',(#12158));
#8639=SPHERICAL_SURFACE('',#8640,0.23);
#8640=AXIS2_PLACEMENT_3D('',#8641,#8642,#8643);
#8641=CARTESIAN_POINT('',(12.7,1.57367113690435E-016,-2.57));
#8642=DIRECTION('',(-6.12323399573677E-017,-6.12323399573677E-017,1.));
#8643=DIRECTION('',(-1.,-1.22464679914735E-016,-6.12323399573677E-017));
#8644=FACE_OUTER_BOUND('',#8645,.T.);
#8645=EDGE_LOOP('',(#12159));
#8646=SPHERICAL_SURFACE('',#8647,0.23);
#8647=AXIS2_PLACEMENT_3D('',#8648,#8649,#8650);
#8648=CARTESIAN_POINT('',(15.24,-4.26789409502853E-016,6.97));
#8649=DIRECTION('',(-6.12323399573677E-017,-6.12323399573677E-017,1.));
#8650=DIRECTION('',(-1.,-1.22464679914736E-016,-6.12323399573677E-017));
#8651=FACE_OUTER_BOUND('',#8652,.T.);
#8652=EDGE_LOOP('',(#12160));
#8653=FACE_OUTER_BOUND('',#8654,.T.);
#8654=EDGE_LOOP('',(#12161));
#8655=CYLINDRICAL_SURFACE('',#8656,0.23);
#8656=AXIS2_PLACEMENT_3D('',#8657,#8658,#8659);
#8657=CARTESIAN_POINT('',(15.24,-2.20436423846524E-016,3.6));
#8658=DIRECTION('',(-6.12323399573677E-017,-6.12323399573677E-017,1.));
#8659=DIRECTION('',(-1.,-1.22464679914735E-016,-6.12323399573677E-017));
#8660=FACE_BOUND('',#8661,.T.);
#8661=EDGE_LOOP('',(#12162));
#8662=FACE_BOUND('',#8663,.T.);
#8663=EDGE_LOOP('',(#12163));
#8664=PLANE('',#8665);
#8665=AXIS2_PLACEMENT_3D('',#8666,#8667,#8668);
#8666=CARTESIAN_POINT('',(15.24,-2.20436423846524E-016,3.6));
#8667=DIRECTION('',(-6.12323399573677E-017,-6.12323399573677E-017,1.));
#8668=DIRECTION('',(-1.,-1.22464679914735E-016,-6.12323399573677E-017));
#8669=FACE_OUTER_BOUND('',#8670,.T.);
#8670=EDGE_LOOP('',(#12164));
#8671=FACE_OUTER_BOUND('',#8672,.T.);
#8672=EDGE_LOOP('',(#12165));
#8673=CYLINDRICAL_SURFACE('',#8674,0.9);
#8674=AXIS2_PLACEMENT_3D('',#8675,#8676,#8677);
#8675=CARTESIAN_POINT('',(15.24,-1.8982025386784E-016,3.1));
#8676=DIRECTION('',(-6.12323399573677E-017,-6.12323399573677E-017,1.));
#8677=DIRECTION('',(-1.,-1.22464679914735E-016,-6.12323399573677E-017));
#8678=FACE_BOUND('',#8679,.T.);
#8679=EDGE_LOOP('',(#12166));
#8680=FACE_BOUND('',#8681,.T.);
#8681=EDGE_LOOP('',(#12167));
#8682=PLANE('',#8683);
#8683=AXIS2_PLACEMENT_3D('',#8684,#8685,#8686);
#8684=CARTESIAN_POINT('',(15.24,-1.8982025386784E-016,3.1));
#8685=DIRECTION('',(6.12323399573677E-017,6.12323399573677E-017,-1.));
#8686=DIRECTION('',(-1.,-1.22464679914735E-016,-6.12323399573677E-017));
#8687=FACE_OUTER_BOUND('',#8688,.T.);
#8688=EDGE_LOOP('',(#12168));
#8689=FACE_OUTER_BOUND('',#8690,.T.);
#8690=EDGE_LOOP('',(#12169));
#8691=CYLINDRICAL_SURFACE('',#8692,0.66);
#8692=AXIS2_PLACEMENT_3D('',#8693,#8694,#8695);
#8693=CARTESIAN_POINT('',(15.24,-2.63299061816681E-017,0.43));
#8694=DIRECTION('',(-6.12323399573677E-017,-6.12323399573677E-017,1.));
#8695=DIRECTION('',(-1.,-1.22464679914735E-016,-6.12323399573677E-017));
#8696=FACE_OUTER_BOUND('',#8697,.T.);
#8697=EDGE_LOOP('',(#12170));
#8698=FACE_OUTER_BOUND('',#8699,.T.);
#8699=EDGE_LOOP('',(#12171));
#8700=CONICAL_SURFACE('',#8701,0.445,0.785398163397449);
#8701=AXIS2_PLACEMENT_3D('',#8702,#8703,#8704);
#8702=CARTESIAN_POINT('',(15.24,-1.3164953090834E-017,0.215));
#8703=DIRECTION('',(-6.12323399573677E-017,-6.12323399573677E-017,1.));
#8704=DIRECTION('',(-1.,-1.22464679914735E-016,-6.12323399573677E-017));
#8705=FACE_OUTER_BOUND('',#8706,.T.);
#8706=EDGE_LOOP('',(#12172));
#8707=FACE_OUTER_BOUND('',#8708,.T.);
#8708=EDGE_LOOP('',(#12173));
#8709=CYLINDRICAL_SURFACE('',#8710,0.23);
#8710=AXIS2_PLACEMENT_3D('',#8711,#8712,#8713);
#8711=CARTESIAN_POINT('',(15.24,1.57367113690435E-016,-2.57));
#8712=DIRECTION('',(-6.12323399573677E-017,-6.12323399573677E-017,1.));
#8713=DIRECTION('',(-1.,-1.22464679914735E-016,-6.12323399573677E-017));
#8714=FACE_OUTER_BOUND('',#8715,.T.);
#8715=EDGE_LOOP('',(#12174));
#8716=SPHERICAL_SURFACE('',#8717,0.23);
#8717=AXIS2_PLACEMENT_3D('',#8718,#8719,#8720);
#8718=CARTESIAN_POINT('',(15.24,1.57367113690435E-016,-2.57));
#8719=DIRECTION('',(-6.12323399573677E-017,-6.12323399573677E-017,1.));
#8720=DIRECTION('',(-1.,-1.22464679914735E-016,-6.12323399573677E-017));
#8721=FACE_OUTER_BOUND('',#8722,.T.);
#8722=EDGE_LOOP('',(#12175));
#8723=SPHERICAL_SURFACE('',#8724,0.23);
#8724=AXIS2_PLACEMENT_3D('',#8725,#8726,#8727);
#8725=CARTESIAN_POINT('',(17.78,-4.26789409502853E-016,6.97));
#8726=DIRECTION('',(-6.12323399573677E-017,-6.12323399573677E-017,1.));
#8727=DIRECTION('',(-1.,-1.22464679914736E-016,-6.12323399573677E-017));
#8728=FACE_OUTER_BOUND('',#8729,.T.);
#8729=EDGE_LOOP('',(#12176));
#8730=FACE_OUTER_BOUND('',#8731,.T.);
#8731=EDGE_LOOP('',(#12177));
#8732=CYLINDRICAL_SURFACE('',#8733,0.23);
#8733=AXIS2_PLACEMENT_3D('',#8734,#8735,#8736);
#8734=CARTESIAN_POINT('',(17.78,-2.20436423846524E-016,3.6));
#8735=DIRECTION('',(-6.12323399573677E-017,-6.12323399573677E-017,1.));
#8736=DIRECTION('',(-1.,-1.22464679914735E-016,-6.12323399573677E-017));
#8737=FACE_BOUND('',#8738,.T.);
#8738=EDGE_LOOP('',(#12178));
#8739=FACE_BOUND('',#8740,.T.);
#8740=EDGE_LOOP('',(#12179));
#8741=PLANE('',#8742);
#8742=AXIS2_PLACEMENT_3D('',#8743,#8744,#8745);
#8743=CARTESIAN_POINT('',(17.78,-2.20436423846524E-016,3.6));
#8744=DIRECTION('',(-6.12323399573677E-017,-6.12323399573677E-017,1.));
#8745=DIRECTION('',(-1.,-1.22464679914735E-016,-6.12323399573677E-017));
#8746=FACE_OUTER_BOUND('',#8747,.T.);
#8747=EDGE_LOOP('',(#12180));
#8748=FACE_OUTER_BOUND('',#8749,.T.);
#8749=EDGE_LOOP('',(#12181));
#8750=CYLINDRICAL_SURFACE('',#8751,0.9);
#8751=AXIS2_PLACEMENT_3D('',#8752,#8753,#8754);
#8752=CARTESIAN_POINT('',(17.78,-1.8982025386784E-016,3.1));
#8753=DIRECTION('',(-6.12323399573677E-017,-6.12323399573677E-017,1.));
#8754=DIRECTION('',(-1.,-1.22464679914735E-016,-6.12323399573677E-017));
#8755=FACE_BOUND('',#8756,.T.);
#8756=EDGE_LOOP('',(#12182));
#8757=FACE_BOUND('',#8758,.T.);
#8758=EDGE_LOOP('',(#12183));
#8759=PLANE('',#8760);
#8760=AXIS2_PLACEMENT_3D('',#8761,#8762,#8763);
#8761=CARTESIAN_POINT('',(17.78,-1.8982025386784E-016,3.1));
#8762=DIRECTION('',(6.12323399573677E-017,6.12323399573677E-017,-1.));
#8763=DIRECTION('',(-1.,-1.22464679914735E-016,-6.12323399573677E-017));
#8764=FACE_OUTER_BOUND('',#8765,.T.);
#8765=EDGE_LOOP('',(#12184));
#8766=FACE_OUTER_BOUND('',#8767,.T.);
#8767=EDGE_LOOP('',(#12185));
#8768=CYLINDRICAL_SURFACE('',#8769,0.66);
#8769=AXIS2_PLACEMENT_3D('',#8770,#8771,#8772);
#8770=CARTESIAN_POINT('',(17.78,-2.63299061816681E-017,0.43));
#8771=DIRECTION('',(-6.12323399573677E-017,-6.12323399573677E-017,1.));
#8772=DIRECTION('',(-1.,-1.22464679914735E-016,-6.12323399573677E-017));
#8773=FACE_OUTER_BOUND('',#8774,.T.);
#8774=EDGE_LOOP('',(#12186));
#8775=FACE_OUTER_BOUND('',#8776,.T.);
#8776=EDGE_LOOP('',(#12187));
#8777=CONICAL_SURFACE('',#8778,0.445,0.785398163397449);
#8778=AXIS2_PLACEMENT_3D('',#8779,#8780,#8781);
#8779=CARTESIAN_POINT('',(17.78,-1.3164953090834E-017,0.215));
#8780=DIRECTION('',(-6.12323399573677E-017,-6.12323399573677E-017,1.));
#8781=DIRECTION('',(-1.,-1.22464679914735E-016,-6.12323399573677E-017));
#8782=FACE_OUTER_BOUND('',#8783,.T.);
#8783=EDGE_LOOP('',(#12188));
#8784=FACE_OUTER_BOUND('',#8785,.T.);
#8785=EDGE_LOOP('',(#12189));
#8786=CYLINDRICAL_SURFACE('',#8787,0.23);
#8787=AXIS2_PLACEMENT_3D('',#8788,#8789,#8790);
#8788=CARTESIAN_POINT('',(17.78,1.57367113690435E-016,-2.57));
#8789=DIRECTION('',(-6.12323399573677E-017,-6.12323399573677E-017,1.));
#8790=DIRECTION('',(-1.,-1.22464679914735E-016,-6.12323399573677E-017));
#8791=FACE_OUTER_BOUND('',#8792,.T.);
#8792=EDGE_LOOP('',(#12190));
#8793=SPHERICAL_SURFACE('',#8794,0.23);
#8794=AXIS2_PLACEMENT_3D('',#8795,#8796,#8797);
#8795=CARTESIAN_POINT('',(17.78,1.57367113690435E-016,-2.57));
#8796=DIRECTION('',(-6.12323399573677E-017,-6.12323399573677E-017,1.));
#8797=DIRECTION('',(-1.,-1.22464679914735E-016,-6.12323399573677E-017));
#8798=FACE_OUTER_BOUND('',#8799,.T.);
#8799=EDGE_LOOP('',(#12191));
#8800=SPHERICAL_SURFACE('',#8801,0.23);
#8801=AXIS2_PLACEMENT_3D('',#8802,#8803,#8804);
#8802=CARTESIAN_POINT('',(20.32,-4.26789409502853E-016,6.97));
#8803=DIRECTION('',(-6.12323399573677E-017,-6.12323399573677E-017,1.));
#8804=DIRECTION('',(-1.,-1.22464679914736E-016,-6.12323399573677E-017));
#8805=FACE_OUTER_BOUND('',#8806,.T.);
#8806=EDGE_LOOP('',(#12192));
#8807=FACE_OUTER_BOUND('',#8808,.T.);
#8808=EDGE_LOOP('',(#12193));
#8809=CYLINDRICAL_SURFACE('',#8810,0.23);
#8810=AXIS2_PLACEMENT_3D('',#8811,#8812,#8813);
#8811=CARTESIAN_POINT('',(20.32,-2.20436423846524E-016,3.6));
#8812=DIRECTION('',(-6.12323399573677E-017,-6.12323399573677E-017,1.));
#8813=DIRECTION('',(-1.,-1.22464679914735E-016,-6.12323399573677E-017));
#8814=FACE_BOUND('',#8815,.T.);
#8815=EDGE_LOOP('',(#12194));
#8816=FACE_BOUND('',#8817,.T.);
#8817=EDGE_LOOP('',(#12195));
#8818=PLANE('',#8819);
#8819=AXIS2_PLACEMENT_3D('',#8820,#8821,#8822);
#8820=CARTESIAN_POINT('',(20.32,-2.20436423846524E-016,3.6));
#8821=DIRECTION('',(-6.12323399573677E-017,-6.12323399573677E-017,1.));
#8822=DIRECTION('',(-1.,-1.22464679914735E-016,-6.12323399573677E-017));
#8823=FACE_OUTER_BOUND('',#8824,.T.);
#8824=EDGE_LOOP('',(#12196));
#8825=FACE_OUTER_BOUND('',#8826,.T.);
#8826=EDGE_LOOP('',(#12197));
#8827=CYLINDRICAL_SURFACE('',#8828,0.9);
#8828=AXIS2_PLACEMENT_3D('',#8829,#8830,#8831);
#8829=CARTESIAN_POINT('',(20.32,-1.8982025386784E-016,3.1));
#8830=DIRECTION('',(-6.12323399573677E-017,-6.12323399573677E-017,1.));
#8831=DIRECTION('',(-1.,-1.22464679914735E-016,-6.12323399573677E-017));
#8832=FACE_BOUND('',#8833,.T.);
#8833=EDGE_LOOP('',(#12198));
#8834=FACE_BOUND('',#8835,.T.);
#8835=EDGE_LOOP('',(#12199));
#8836=PLANE('',#8837);
#8837=AXIS2_PLACEMENT_3D('',#8838,#8839,#8840);
#8838=CARTESIAN_POINT('',(20.32,-1.8982025386784E-016,3.1));
#8839=DIRECTION('',(6.12323399573677E-017,6.12323399573677E-017,-1.));
#8840=DIRECTION('',(-1.,-1.22464679914735E-016,-6.12323399573677E-017));
#8841=FACE_OUTER_BOUND('',#8842,.T.);
#8842=EDGE_LOOP('',(#12200));
#8843=FACE_OUTER_BOUND('',#8844,.T.);
#8844=EDGE_LOOP('',(#12201));
#8845=CYLINDRICAL_SURFACE('',#8846,0.66);
#8846=AXIS2_PLACEMENT_3D('',#8847,#8848,#8849);
#8847=CARTESIAN_POINT('',(20.32,-2.63299061816681E-017,0.43));
#8848=DIRECTION('',(-6.12323399573677E-017,-6.12323399573677E-017,1.));
#8849=DIRECTION('',(-1.,-1.22464679914735E-016,-6.12323399573677E-017));
#8850=FACE_OUTER_BOUND('',#8851,.T.);
#8851=EDGE_LOOP('',(#12202));
#8852=FACE_OUTER_BOUND('',#8853,.T.);
#8853=EDGE_LOOP('',(#12203));
#8854=CONICAL_SURFACE('',#8855,0.445,0.785398163397449);
#8855=AXIS2_PLACEMENT_3D('',#8856,#8857,#8858);
#8856=CARTESIAN_POINT('',(20.32,-1.3164953090834E-017,0.215));
#8857=DIRECTION('',(-6.12323399573677E-017,-6.12323399573677E-017,1.));
#8858=DIRECTION('',(-1.,-1.22464679914735E-016,-6.12323399573677E-017));
#8859=FACE_OUTER_BOUND('',#8860,.T.);
#8860=EDGE_LOOP('',(#12204));
#8861=FACE_OUTER_BOUND('',#8862,.T.);
#8862=EDGE_LOOP('',(#12205));
#8863=CYLINDRICAL_SURFACE('',#8864,0.23);
#8864=AXIS2_PLACEMENT_3D('',#8865,#8866,#8867);
#8865=CARTESIAN_POINT('',(20.32,1.57367113690435E-016,-2.57));
#8866=DIRECTION('',(-6.12323399573677E-017,-6.12323399573677E-017,1.));
#8867=DIRECTION('',(-1.,-1.22464679914735E-016,-6.12323399573677E-017));
#8868=FACE_OUTER_BOUND('',#8869,.T.);
#8869=EDGE_LOOP('',(#12206));
#8870=SPHERICAL_SURFACE('',#8871,0.23);
#8871=AXIS2_PLACEMENT_3D('',#8872,#8873,#8874);
#8872=CARTESIAN_POINT('',(20.32,1.57367113690435E-016,-2.57));
#8873=DIRECTION('',(-6.12323399573677E-017,-6.12323399573677E-017,1.));
#8874=DIRECTION('',(-1.,-1.22464679914735E-016,-6.12323399573677E-017));
#8875=FACE_OUTER_BOUND('',#8876,.T.);
#8876=EDGE_LOOP('',(#12207));
#8877=SPHERICAL_SURFACE('',#8878,0.23);
#8878=AXIS2_PLACEMENT_3D('',#8879,#8880,#8881);
#8879=CARTESIAN_POINT('',(22.86,-4.26789409502853E-016,6.97));
#8880=DIRECTION('',(-6.12323399573677E-017,-6.12323399573677E-017,1.));
#8881=DIRECTION('',(-1.,-1.22464679914736E-016,-6.12323399573677E-017));
#8882=FACE_OUTER_BOUND('',#8883,.T.);
#8883=EDGE_LOOP('',(#12208));
#8884=FACE_OUTER_BOUND('',#8885,.T.);
#8885=EDGE_LOOP('',(#12209));
#8886=CYLINDRICAL_SURFACE('',#8887,0.23);
#8887=AXIS2_PLACEMENT_3D('',#8888,#8889,#8890);
#8888=CARTESIAN_POINT('',(22.86,-2.20436423846524E-016,3.6));
#8889=DIRECTION('',(-6.12323399573677E-017,-6.12323399573677E-017,1.));
#8890=DIRECTION('',(-1.,-1.22464679914735E-016,-6.12323399573677E-017));
#8891=FACE_BOUND('',#8892,.T.);
#8892=EDGE_LOOP('',(#12210));
#8893=FACE_BOUND('',#8894,.T.);
#8894=EDGE_LOOP('',(#12211));
#8895=PLANE('',#8896);
#8896=AXIS2_PLACEMENT_3D('',#8897,#8898,#8899);
#8897=CARTESIAN_POINT('',(22.86,-2.20436423846524E-016,3.6));
#8898=DIRECTION('',(-6.12323399573677E-017,-6.12323399573677E-017,1.));
#8899=DIRECTION('',(-1.,-1.22464679914735E-016,-6.12323399573677E-017));
#8900=FACE_OUTER_BOUND('',#8901,.T.);
#8901=EDGE_LOOP('',(#12212));
#8902=FACE_OUTER_BOUND('',#8903,.T.);
#8903=EDGE_LOOP('',(#12213));
#8904=CYLINDRICAL_SURFACE('',#8905,0.9);
#8905=AXIS2_PLACEMENT_3D('',#8906,#8907,#8908);
#8906=CARTESIAN_POINT('',(22.86,-1.8982025386784E-016,3.1));
#8907=DIRECTION('',(-6.12323399573677E-017,-6.12323399573677E-017,1.));
#8908=DIRECTION('',(-1.,-1.22464679914735E-016,-6.12323399573677E-017));
#8909=FACE_BOUND('',#8910,.T.);
#8910=EDGE_LOOP('',(#12214));
#8911=FACE_BOUND('',#8912,.T.);
#8912=EDGE_LOOP('',(#12215));
#8913=PLANE('',#8914);
#8914=AXIS2_PLACEMENT_3D('',#8915,#8916,#8917);
#8915=CARTESIAN_POINT('',(22.86,-1.8982025386784E-016,3.1));
#8916=DIRECTION('',(6.12323399573677E-017,6.12323399573677E-017,-1.));
#8917=DIRECTION('',(-1.,-1.22464679914735E-016,-6.12323399573677E-017));
#8918=FACE_OUTER_BOUND('',#8919,.T.);
#8919=EDGE_LOOP('',(#12216));
#8920=FACE_OUTER_BOUND('',#8921,.T.);
#8921=EDGE_LOOP('',(#12217));
#8922=CYLINDRICAL_SURFACE('',#8923,0.66);
#8923=AXIS2_PLACEMENT_3D('',#8924,#8925,#8926);
#8924=CARTESIAN_POINT('',(22.86,-2.63299061816681E-017,0.43));
#8925=DIRECTION('',(-6.12323399573677E-017,-6.12323399573677E-017,1.));
#8926=DIRECTION('',(-1.,-1.22464679914735E-016,-6.12323399573677E-017));
#8927=FACE_OUTER_BOUND('',#8928,.T.);
#8928=EDGE_LOOP('',(#12218));
#8929=FACE_OUTER_BOUND('',#8930,.T.);
#8930=EDGE_LOOP('',(#12219));
#8931=CONICAL_SURFACE('',#8932,0.445,0.785398163397449);
#8932=AXIS2_PLACEMENT_3D('',#8933,#8934,#8935);
#8933=CARTESIAN_POINT('',(22.86,-1.3164953090834E-017,0.215));
#8934=DIRECTION('',(-6.12323399573677E-017,-6.12323399573677E-017,1.));
#8935=DIRECTION('',(-1.,-1.22464679914735E-016,-6.12323399573677E-017));
#8936=FACE_OUTER_BOUND('',#8937,.T.);
#8937=EDGE_LOOP('',(#12220));
#8938=FACE_OUTER_BOUND('',#8939,.T.);
#8939=EDGE_LOOP('',(#12221));
#8940=CYLINDRICAL_SURFACE('',#8941,0.23);
#8941=AXIS2_PLACEMENT_3D('',#8942,#8943,#8944);
#8942=CARTESIAN_POINT('',(22.86,1.57367113690435E-016,-2.57));
#8943=DIRECTION('',(-6.12323399573677E-017,-6.12323399573677E-017,1.));
#8944=DIRECTION('',(-1.,-1.22464679914735E-016,-6.12323399573677E-017));
#8945=FACE_OUTER_BOUND('',#8946,.T.);
#8946=EDGE_LOOP('',(#12222));
#8947=SPHERICAL_SURFACE('',#8948,0.23);
#8948=AXIS2_PLACEMENT_3D('',#8949,#8950,#8951);
#8949=CARTESIAN_POINT('',(22.86,1.57367113690435E-016,-2.57));
#8950=DIRECTION('',(-6.12323399573677E-017,-6.12323399573677E-017,1.));
#8951=DIRECTION('',(-1.,-1.22464679914735E-016,-6.12323399573677E-017));
#8952=FACE_OUTER_BOUND('',#8953,.T.);
#8953=EDGE_LOOP('',(#12223));
#8954=SPHERICAL_SURFACE('',#8955,0.23);
#8955=AXIS2_PLACEMENT_3D('',#8956,#8957,#8958);
#8956=CARTESIAN_POINT('',(25.4,-4.26789409502853E-016,6.97));
#8957=DIRECTION('',(-6.12323399573677E-017,-6.12323399573677E-017,1.));
#8958=DIRECTION('',(-1.,-1.22464679914736E-016,-6.12323399573677E-017));
#8959=FACE_OUTER_BOUND('',#8960,.T.);
#8960=EDGE_LOOP('',(#12224));
#8961=FACE_OUTER_BOUND('',#8962,.T.);
#8962=EDGE_LOOP('',(#12225));
#8963=CYLINDRICAL_SURFACE('',#8964,0.23);
#8964=AXIS2_PLACEMENT_3D('',#8965,#8966,#8967);
#8965=CARTESIAN_POINT('',(25.4,-2.20436423846524E-016,3.6));
#8966=DIRECTION('',(-6.12323399573677E-017,-6.12323399573677E-017,1.));
#8967=DIRECTION('',(-1.,-1.22464679914735E-016,-6.12323399573677E-017));
#8968=FACE_BOUND('',#8969,.T.);
#8969=EDGE_LOOP('',(#12226));
#8970=FACE_BOUND('',#8971,.T.);
#8971=EDGE_LOOP('',(#12227));
#8972=PLANE('',#8973);
#8973=AXIS2_PLACEMENT_3D('',#8974,#8975,#8976);
#8974=CARTESIAN_POINT('',(25.4,-2.20436423846524E-016,3.6));
#8975=DIRECTION('',(-6.12323399573677E-017,-6.12323399573677E-017,1.));
#8976=DIRECTION('',(-1.,-1.22464679914735E-016,-6.12323399573677E-017));
#8977=FACE_OUTER_BOUND('',#8978,.T.);
#8978=EDGE_LOOP('',(#12228));
#8979=FACE_OUTER_BOUND('',#8980,.T.);
#8980=EDGE_LOOP('',(#12229));
#8981=CYLINDRICAL_SURFACE('',#8982,0.9);
#8982=AXIS2_PLACEMENT_3D('',#8983,#8984,#8985);
#8983=CARTESIAN_POINT('',(25.4,-1.8982025386784E-016,3.1));
#8984=DIRECTION('',(-6.12323399573677E-017,-6.12323399573677E-017,1.));
#8985=DIRECTION('',(-1.,-1.22464679914735E-016,-6.12323399573677E-017));
#8986=FACE_BOUND('',#8987,.T.);
#8987=EDGE_LOOP('',(#12230));
#8988=FACE_BOUND('',#8989,.T.);
#8989=EDGE_LOOP('',(#12231));
#8990=PLANE('',#8991);
#8991=AXIS2_PLACEMENT_3D('',#8992,#8993,#8994);
#8992=CARTESIAN_POINT('',(25.4,-1.8982025386784E-016,3.1));
#8993=DIRECTION('',(6.12323399573677E-017,6.12323399573677E-017,-1.));
#8994=DIRECTION('',(-1.,-1.22464679914735E-016,-6.12323399573677E-017));
#8995=FACE_OUTER_BOUND('',#8996,.T.);
#8996=EDGE_LOOP('',(#12232));
#8997=FACE_OUTER_BOUND('',#8998,.T.);
#8998=EDGE_LOOP('',(#12233));
#8999=CYLINDRICAL_SURFACE('',#9000,0.66);
#9000=AXIS2_PLACEMENT_3D('',#9001,#9002,#9003);
#9001=CARTESIAN_POINT('',(25.4,-2.63299061816681E-017,0.43));
#9002=DIRECTION('',(-6.12323399573677E-017,-6.12323399573677E-017,1.));
#9003=DIRECTION('',(-1.,-1.22464679914735E-016,-6.12323399573677E-017));
#9004=FACE_OUTER_BOUND('',#9005,.T.);
#9005=EDGE_LOOP('',(#12234));
#9006=FACE_OUTER_BOUND('',#9007,.T.);
#9007=EDGE_LOOP('',(#12235));
#9008=CONICAL_SURFACE('',#9009,0.445,0.785398163397449);
#9009=AXIS2_PLACEMENT_3D('',#9010,#9011,#9012);
#9010=CARTESIAN_POINT('',(25.4,-1.3164953090834E-017,0.215));
#9011=DIRECTION('',(-6.12323399573677E-017,-6.12323399573677E-017,1.));
#9012=DIRECTION('',(-1.,-1.22464679914735E-016,-6.12323399573677E-017));
#9013=FACE_OUTER_BOUND('',#9014,.T.);
#9014=EDGE_LOOP('',(#12236));
#9015=FACE_OUTER_BOUND('',#9016,.T.);
#9016=EDGE_LOOP('',(#12237));
#9017=CYLINDRICAL_SURFACE('',#9018,0.23);
#9018=AXIS2_PLACEMENT_3D('',#9019,#9020,#9021);
#9019=CARTESIAN_POINT('',(25.4,1.57367113690435E-016,-2.57));
#9020=DIRECTION('',(-6.12323399573677E-017,-6.12323399573677E-017,1.));
#9021=DIRECTION('',(-1.,-1.22464679914735E-016,-6.12323399573677E-017));
#9022=FACE_OUTER_BOUND('',#9023,.T.);
#9023=EDGE_LOOP('',(#12238));
#9024=SPHERICAL_SURFACE('',#9025,0.23);
#9025=AXIS2_PLACEMENT_3D('',#9026,#9027,#9028);
#9026=CARTESIAN_POINT('',(25.4,1.57367113690435E-016,-2.57));
#9027=DIRECTION('',(-6.12323399573677E-017,-6.12323399573677E-017,1.));
#9028=DIRECTION('',(-1.,-1.22464679914735E-016,-6.12323399573677E-017));
#9029=FACE_OUTER_BOUND('',#9030,.T.);
#9030=EDGE_LOOP('',(#12239));
#9031=SPHERICAL_SURFACE('',#9032,0.23);
#9032=AXIS2_PLACEMENT_3D('',#9033,#9034,#9035);
#9033=CARTESIAN_POINT('',(27.94,-4.26789409502853E-016,6.97));
#9034=DIRECTION('',(-6.12323399573677E-017,-6.12323399573677E-017,1.));
#9035=DIRECTION('',(-1.,-1.22464679914736E-016,-6.12323399573677E-017));
#9036=FACE_OUTER_BOUND('',#9037,.T.);
#9037=EDGE_LOOP('',(#12240));
#9038=FACE_OUTER_BOUND('',#9039,.T.);
#9039=EDGE_LOOP('',(#12241));
#9040=CYLINDRICAL_SURFACE('',#9041,0.23);
#9041=AXIS2_PLACEMENT_3D('',#9042,#9043,#9044);
#9042=CARTESIAN_POINT('',(27.94,-2.20436423846524E-016,3.6));
#9043=DIRECTION('',(-6.12323399573677E-017,-6.12323399573677E-017,1.));
#9044=DIRECTION('',(-1.,-1.22464679914735E-016,-6.12323399573677E-017));
#9045=FACE_BOUND('',#9046,.T.);
#9046=EDGE_LOOP('',(#12242));
#9047=FACE_BOUND('',#9048,.T.);
#9048=EDGE_LOOP('',(#12243));
#9049=PLANE('',#9050);
#9050=AXIS2_PLACEMENT_3D('',#9051,#9052,#9053);
#9051=CARTESIAN_POINT('',(27.94,-2.20436423846524E-016,3.6));
#9052=DIRECTION('',(-6.12323399573677E-017,-6.12323399573677E-017,1.));
#9053=DIRECTION('',(-1.,-1.22464679914735E-016,-6.12323399573677E-017));
#9054=FACE_OUTER_BOUND('',#9055,.T.);
#9055=EDGE_LOOP('',(#12244));
#9056=FACE_OUTER_BOUND('',#9057,.T.);
#9057=EDGE_LOOP('',(#12245));
#9058=CYLINDRICAL_SURFACE('',#9059,0.9);
#9059=AXIS2_PLACEMENT_3D('',#9060,#9061,#9062);
#9060=CARTESIAN_POINT('',(27.94,-1.8982025386784E-016,3.1));
#9061=DIRECTION('',(-6.12323399573677E-017,-6.12323399573677E-017,1.));
#9062=DIRECTION('',(-1.,-1.22464679914735E-016,-6.12323399573677E-017));
#9063=FACE_BOUND('',#9064,.T.);
#9064=EDGE_LOOP('',(#12246));
#9065=FACE_BOUND('',#9066,.T.);
#9066=EDGE_LOOP('',(#12247));
#9067=PLANE('',#9068);
#9068=AXIS2_PLACEMENT_3D('',#9069,#9070,#9071);
#9069=CARTESIAN_POINT('',(27.94,-1.8982025386784E-016,3.1));
#9070=DIRECTION('',(6.12323399573677E-017,6.12323399573677E-017,-1.));
#9071=DIRECTION('',(-1.,-1.22464679914735E-016,-6.12323399573677E-017));
#9072=FACE_OUTER_BOUND('',#9073,.T.);
#9073=EDGE_LOOP('',(#12248));
#9074=FACE_OUTER_BOUND('',#9075,.T.);
#9075=EDGE_LOOP('',(#12249));
#9076=CYLINDRICAL_SURFACE('',#9077,0.66);
#9077=AXIS2_PLACEMENT_3D('',#9078,#9079,#9080);
#9078=CARTESIAN_POINT('',(27.94,-2.63299061816681E-017,0.43));
#9079=DIRECTION('',(-6.12323399573677E-017,-6.12323399573677E-017,1.));
#9080=DIRECTION('',(-1.,-1.22464679914735E-016,-6.12323399573677E-017));
#9081=FACE_OUTER_BOUND('',#9082,.T.);
#9082=EDGE_LOOP('',(#12250));
#9083=FACE_OUTER_BOUND('',#9084,.T.);
#9084=EDGE_LOOP('',(#12251));
#9085=CONICAL_SURFACE('',#9086,0.445,0.785398163397449);
#9086=AXIS2_PLACEMENT_3D('',#9087,#9088,#9089);
#9087=CARTESIAN_POINT('',(27.94,-1.3164953090834E-017,0.215));
#9088=DIRECTION('',(-6.12323399573677E-017,-6.12323399573677E-017,1.));
#9089=DIRECTION('',(-1.,-1.22464679914735E-016,-6.12323399573677E-017));
#9090=FACE_OUTER_BOUND('',#9091,.T.);
#9091=EDGE_LOOP('',(#12252));
#9092=FACE_OUTER_BOUND('',#9093,.T.);
#9093=EDGE_LOOP('',(#12253));
#9094=CYLINDRICAL_SURFACE('',#9095,0.23);
#9095=AXIS2_PLACEMENT_3D('',#9096,#9097,#9098);
#9096=CARTESIAN_POINT('',(27.94,1.57367113690435E-016,-2.57));
#9097=DIRECTION('',(-6.12323399573677E-017,-6.12323399573677E-017,1.));
#9098=DIRECTION('',(-1.,-1.22464679914735E-016,-6.12323399573677E-017));
#9099=FACE_OUTER_BOUND('',#9100,.T.);
#9100=EDGE_LOOP('',(#12254));
#9101=SPHERICAL_SURFACE('',#9102,0.23);
#9102=AXIS2_PLACEMENT_3D('',#9103,#9104,#9105);
#9103=CARTESIAN_POINT('',(27.94,1.57367113690435E-016,-2.57));
#9104=DIRECTION('',(-6.12323399573677E-017,-6.12323399573677E-017,1.));
#9105=DIRECTION('',(-1.,-1.22464679914735E-016,-6.12323399573677E-017));
#9106=FACE_OUTER_BOUND('',#9107,.T.);
#9107=EDGE_LOOP('',(#12255));
#9108=SPHERICAL_SURFACE('',#9109,0.23);
#9109=AXIS2_PLACEMENT_3D('',#9110,#9111,#9112);
#9110=CARTESIAN_POINT('',(30.48,-4.26789409502853E-016,6.97));
#9111=DIRECTION('',(-6.12323399573677E-017,-6.12323399573677E-017,1.));
#9112=DIRECTION('',(-1.,-1.22464679914736E-016,-6.12323399573677E-017));
#9113=FACE_OUTER_BOUND('',#9114,.T.);
#9114=EDGE_LOOP('',(#12256));
#9115=FACE_OUTER_BOUND('',#9116,.T.);
#9116=EDGE_LOOP('',(#12257));
#9117=CYLINDRICAL_SURFACE('',#9118,0.23);
#9118=AXIS2_PLACEMENT_3D('',#9119,#9120,#9121);
#9119=CARTESIAN_POINT('',(30.48,-2.20436423846524E-016,3.6));
#9120=DIRECTION('',(-6.12323399573677E-017,-6.12323399573677E-017,1.));
#9121=DIRECTION('',(-1.,-1.22464679914735E-016,-6.12323399573677E-017));
#9122=FACE_BOUND('',#9123,.T.);
#9123=EDGE_LOOP('',(#12258));
#9124=FACE_BOUND('',#9125,.T.);
#9125=EDGE_LOOP('',(#12259));
#9126=PLANE('',#9127);
#9127=AXIS2_PLACEMENT_3D('',#9128,#9129,#9130);
#9128=CARTESIAN_POINT('',(30.48,-2.20436423846524E-016,3.6));
#9129=DIRECTION('',(-6.12323399573677E-017,-6.12323399573677E-017,1.));
#9130=DIRECTION('',(-1.,-1.22464679914735E-016,-6.12323399573677E-017));
#9131=FACE_OUTER_BOUND('',#9132,.T.);
#9132=EDGE_LOOP('',(#12260));
#9133=FACE_OUTER_BOUND('',#9134,.T.);
#9134=EDGE_LOOP('',(#12261));
#9135=CYLINDRICAL_SURFACE('',#9136,0.9);
#9136=AXIS2_PLACEMENT_3D('',#9137,#9138,#9139);
#9137=CARTESIAN_POINT('',(30.48,-1.8982025386784E-016,3.1));
#9138=DIRECTION('',(-6.12323399573677E-017,-6.12323399573677E-017,1.));
#9139=DIRECTION('',(-1.,-1.22464679914735E-016,-6.12323399573677E-017));
#9140=FACE_BOUND('',#9141,.T.);
#9141=EDGE_LOOP('',(#12262));
#9142=FACE_BOUND('',#9143,.T.);
#9143=EDGE_LOOP('',(#12263));
#9144=PLANE('',#9145);
#9145=AXIS2_PLACEMENT_3D('',#9146,#9147,#9148);
#9146=CARTESIAN_POINT('',(30.48,-1.8982025386784E-016,3.1));
#9147=DIRECTION('',(6.12323399573677E-017,6.12323399573677E-017,-1.));
#9148=DIRECTION('',(-1.,-1.22464679914735E-016,-6.12323399573677E-017));
#9149=FACE_OUTER_BOUND('',#9150,.T.);
#9150=EDGE_LOOP('',(#12264));
#9151=FACE_OUTER_BOUND('',#9152,.T.);
#9152=EDGE_LOOP('',(#12265));
#9153=CYLINDRICAL_SURFACE('',#9154,0.66);
#9154=AXIS2_PLACEMENT_3D('',#9155,#9156,#9157);
#9155=CARTESIAN_POINT('',(30.48,-2.63299061816681E-017,0.43));
#9156=DIRECTION('',(-6.12323399573677E-017,-6.12323399573677E-017,1.));
#9157=DIRECTION('',(-1.,-1.22464679914735E-016,-6.12323399573677E-017));
#9158=FACE_OUTER_BOUND('',#9159,.T.);
#9159=EDGE_LOOP('',(#12266));
#9160=FACE_OUTER_BOUND('',#9161,.T.);
#9161=EDGE_LOOP('',(#12267));
#9162=CONICAL_SURFACE('',#9163,0.445,0.785398163397449);
#9163=AXIS2_PLACEMENT_3D('',#9164,#9165,#9166);
#9164=CARTESIAN_POINT('',(30.48,-1.3164953090834E-017,0.215));
#9165=DIRECTION('',(-6.12323399573677E-017,-6.12323399573677E-017,1.));
#9166=DIRECTION('',(-1.,-1.22464679914735E-016,-6.12323399573677E-017));
#9167=FACE_OUTER_BOUND('',#9168,.T.);
#9168=EDGE_LOOP('',(#12268));
#9169=FACE_OUTER_BOUND('',#9170,.T.);
#9170=EDGE_LOOP('',(#12269));
#9171=CYLINDRICAL_SURFACE('',#9172,0.23);
#9172=AXIS2_PLACEMENT_3D('',#9173,#9174,#9175);
#9173=CARTESIAN_POINT('',(30.48,1.57367113690435E-016,-2.57));
#9174=DIRECTION('',(-6.12323399573677E-017,-6.12323399573677E-017,1.));
#9175=DIRECTION('',(-1.,-1.22464679914735E-016,-6.12323399573677E-017));
#9176=FACE_OUTER_BOUND('',#9177,.T.);
#9177=EDGE_LOOP('',(#12270));
#9178=SPHERICAL_SURFACE('',#9179,0.23);
#9179=AXIS2_PLACEMENT_3D('',#9180,#9181,#9182);
#9180=CARTESIAN_POINT('',(30.48,1.57367113690435E-016,-2.57));
#9181=DIRECTION('',(-6.12323399573677E-017,-6.12323399573677E-017,1.));
#9182=DIRECTION('',(-1.,-1.22464679914735E-016,-6.12323399573677E-017));
#9183=FACE_OUTER_BOUND('',#9184,.T.);
#9184=EDGE_LOOP('',(#12271));
#9185=SPHERICAL_SURFACE('',#9186,0.23);
#9186=AXIS2_PLACEMENT_3D('',#9187,#9188,#9189);
#9187=CARTESIAN_POINT('',(33.02,-4.26789409502853E-016,6.97));
#9188=DIRECTION('',(-6.12323399573677E-017,-6.12323399573677E-017,1.));
#9189=DIRECTION('',(-1.,-1.22464679914736E-016,-6.12323399573677E-017));
#9190=FACE_OUTER_BOUND('',#9191,.T.);
#9191=EDGE_LOOP('',(#12272));
#9192=FACE_OUTER_BOUND('',#9193,.T.);
#9193=EDGE_LOOP('',(#12273));
#9194=CYLINDRICAL_SURFACE('',#9195,0.23);
#9195=AXIS2_PLACEMENT_3D('',#9196,#9197,#9198);
#9196=CARTESIAN_POINT('',(33.02,-2.20436423846524E-016,3.6));
#9197=DIRECTION('',(-6.12323399573677E-017,-6.12323399573677E-017,1.));
#9198=DIRECTION('',(-1.,-1.22464679914735E-016,-6.12323399573677E-017));
#9199=FACE_BOUND('',#9200,.T.);
#9200=EDGE_LOOP('',(#12274));
#9201=FACE_BOUND('',#9202,.T.);
#9202=EDGE_LOOP('',(#12275));
#9203=PLANE('',#9204);
#9204=AXIS2_PLACEMENT_3D('',#9205,#9206,#9207);
#9205=CARTESIAN_POINT('',(33.02,-2.20436423846524E-016,3.6));
#9206=DIRECTION('',(-6.12323399573677E-017,-6.12323399573677E-017,1.));
#9207=DIRECTION('',(-1.,-1.22464679914735E-016,-6.12323399573677E-017));
#9208=FACE_OUTER_BOUND('',#9209,.T.);
#9209=EDGE_LOOP('',(#12276));
#9210=FACE_OUTER_BOUND('',#9211,.T.);
#9211=EDGE_LOOP('',(#12277));
#9212=CYLINDRICAL_SURFACE('',#9213,0.9);
#9213=AXIS2_PLACEMENT_3D('',#9214,#9215,#9216);
#9214=CARTESIAN_POINT('',(33.02,-1.8982025386784E-016,3.1));
#9215=DIRECTION('',(-6.12323399573677E-017,-6.12323399573677E-017,1.));
#9216=DIRECTION('',(-1.,-1.22464679914735E-016,-6.12323399573677E-017));
#9217=FACE_BOUND('',#9218,.T.);
#9218=EDGE_LOOP('',(#12278));
#9219=FACE_BOUND('',#9220,.T.);
#9220=EDGE_LOOP('',(#12279));
#9221=PLANE('',#9222);
#9222=AXIS2_PLACEMENT_3D('',#9223,#9224,#9225);
#9223=CARTESIAN_POINT('',(33.02,-1.8982025386784E-016,3.1));
#9224=DIRECTION('',(6.12323399573677E-017,6.12323399573677E-017,-1.));
#9225=DIRECTION('',(-1.,-1.22464679914735E-016,-6.12323399573677E-017));
#9226=FACE_OUTER_BOUND('',#9227,.T.);
#9227=EDGE_LOOP('',(#12280));
#9228=FACE_OUTER_BOUND('',#9229,.T.);
#9229=EDGE_LOOP('',(#12281));
#9230=CYLINDRICAL_SURFACE('',#9231,0.66);
#9231=AXIS2_PLACEMENT_3D('',#9232,#9233,#9234);
#9232=CARTESIAN_POINT('',(33.02,-2.63299061816681E-017,0.43));
#9233=DIRECTION('',(-6.12323399573677E-017,-6.12323399573677E-017,1.));
#9234=DIRECTION('',(-1.,-1.22464679914735E-016,-6.12323399573677E-017));
#9235=FACE_OUTER_BOUND('',#9236,.T.);
#9236=EDGE_LOOP('',(#12282));
#9237=FACE_OUTER_BOUND('',#9238,.T.);
#9238=EDGE_LOOP('',(#12283));
#9239=CONICAL_SURFACE('',#9240,0.445,0.785398163397449);
#9240=AXIS2_PLACEMENT_3D('',#9241,#9242,#9243);
#9241=CARTESIAN_POINT('',(33.02,-1.3164953090834E-017,0.215));
#9242=DIRECTION('',(-6.12323399573677E-017,-6.12323399573677E-017,1.));
#9243=DIRECTION('',(-1.,-1.22464679914735E-016,-6.12323399573677E-017));
#9244=FACE_OUTER_BOUND('',#9245,.T.);
#9245=EDGE_LOOP('',(#12284));
#9246=FACE_OUTER_BOUND('',#9247,.T.);
#9247=EDGE_LOOP('',(#12285));
#9248=CYLINDRICAL_SURFACE('',#9249,0.23);
#9249=AXIS2_PLACEMENT_3D('',#9250,#9251,#9252);
#9250=CARTESIAN_POINT('',(33.02,1.57367113690435E-016,-2.57));
#9251=DIRECTION('',(-6.12323399573677E-017,-6.12323399573677E-017,1.));
#9252=DIRECTION('',(-1.,-1.22464679914735E-016,-6.12323399573677E-017));
#9253=FACE_OUTER_BOUND('',#9254,.T.);
#9254=EDGE_LOOP('',(#12286));
#9255=SPHERICAL_SURFACE('',#9256,0.23);
#9256=AXIS2_PLACEMENT_3D('',#9257,#9258,#9259);
#9257=CARTESIAN_POINT('',(33.02,1.57367113690435E-016,-2.57));
#9258=DIRECTION('',(-6.12323399573677E-017,-6.12323399573677E-017,1.));
#9259=DIRECTION('',(-1.,-1.22464679914735E-016,-6.12323399573677E-017));
#9260=FACE_OUTER_BOUND('',#9261,.T.);
#9261=EDGE_LOOP('',(#12287));
#9262=SPHERICAL_SURFACE('',#9263,0.23);
#9263=AXIS2_PLACEMENT_3D('',#9264,#9265,#9266);
#9264=CARTESIAN_POINT('',(35.56,-4.26789409502853E-016,6.97));
#9265=DIRECTION('',(-6.12323399573677E-017,-6.12323399573677E-017,1.));
#9266=DIRECTION('',(-1.,-1.22464679914736E-016,-6.12323399573677E-017));
#9267=FACE_OUTER_BOUND('',#9268,.T.);
#9268=EDGE_LOOP('',(#12288));
#9269=FACE_OUTER_BOUND('',#9270,.T.);
#9270=EDGE_LOOP('',(#12289));
#9271=CYLINDRICAL_SURFACE('',#9272,0.23);
#9272=AXIS2_PLACEMENT_3D('',#9273,#9274,#9275);
#9273=CARTESIAN_POINT('',(35.56,-2.20436423846524E-016,3.6));
#9274=DIRECTION('',(-6.12323399573677E-017,-6.12323399573677E-017,1.));
#9275=DIRECTION('',(-1.,-1.22464679914735E-016,-6.12323399573677E-017));
#9276=FACE_BOUND('',#9277,.T.);
#9277=EDGE_LOOP('',(#12290));
#9278=FACE_BOUND('',#9279,.T.);
#9279=EDGE_LOOP('',(#12291));
#9280=PLANE('',#9281);
#9281=AXIS2_PLACEMENT_3D('',#9282,#9283,#9284);
#9282=CARTESIAN_POINT('',(35.56,-2.20436423846524E-016,3.6));
#9283=DIRECTION('',(-6.12323399573677E-017,-6.12323399573677E-017,1.));
#9284=DIRECTION('',(-1.,-1.22464679914735E-016,-6.12323399573677E-017));
#9285=FACE_OUTER_BOUND('',#9286,.T.);
#9286=EDGE_LOOP('',(#12292));
#9287=FACE_OUTER_BOUND('',#9288,.T.);
#9288=EDGE_LOOP('',(#12293));
#9289=CYLINDRICAL_SURFACE('',#9290,0.9);
#9290=AXIS2_PLACEMENT_3D('',#9291,#9292,#9293);
#9291=CARTESIAN_POINT('',(35.56,-1.8982025386784E-016,3.1));
#9292=DIRECTION('',(-6.12323399573677E-017,-6.12323399573677E-017,1.));
#9293=DIRECTION('',(-1.,-1.22464679914735E-016,-6.12323399573677E-017));
#9294=FACE_BOUND('',#9295,.T.);
#9295=EDGE_LOOP('',(#12294));
#9296=FACE_BOUND('',#9297,.T.);
#9297=EDGE_LOOP('',(#12295));
#9298=PLANE('',#9299);
#9299=AXIS2_PLACEMENT_3D('',#9300,#9301,#9302);
#9300=CARTESIAN_POINT('',(35.56,-1.8982025386784E-016,3.1));
#9301=DIRECTION('',(6.12323399573677E-017,6.12323399573677E-017,-1.));
#9302=DIRECTION('',(-1.,-1.22464679914735E-016,-6.12323399573677E-017));
#9303=FACE_OUTER_BOUND('',#9304,.T.);
#9304=EDGE_LOOP('',(#12296));
#9305=FACE_OUTER_BOUND('',#9306,.T.);
#9306=EDGE_LOOP('',(#12297));
#9307=CYLINDRICAL_SURFACE('',#9308,0.66);
#9308=AXIS2_PLACEMENT_3D('',#9309,#9310,#9311);
#9309=CARTESIAN_POINT('',(35.56,-2.63299061816681E-017,0.43));
#9310=DIRECTION('',(-6.12323399573677E-017,-6.12323399573677E-017,1.));
#9311=DIRECTION('',(-1.,-1.22464679914735E-016,-6.12323399573677E-017));
#9312=FACE_OUTER_BOUND('',#9313,.T.);
#9313=EDGE_LOOP('',(#12298));
#9314=FACE_OUTER_BOUND('',#9315,.T.);
#9315=EDGE_LOOP('',(#12299));
#9316=CONICAL_SURFACE('',#9317,0.445,0.785398163397449);
#9317=AXIS2_PLACEMENT_3D('',#9318,#9319,#9320);
#9318=CARTESIAN_POINT('',(35.56,-1.3164953090834E-017,0.215));
#9319=DIRECTION('',(-6.12323399573677E-017,-6.12323399573677E-017,1.));
#9320=DIRECTION('',(-1.,-1.22464679914735E-016,-6.12323399573677E-017));
#9321=FACE_OUTER_BOUND('',#9322,.T.);
#9322=EDGE_LOOP('',(#12300));
#9323=FACE_OUTER_BOUND('',#9324,.T.);
#9324=EDGE_LOOP('',(#12301));
#9325=CYLINDRICAL_SURFACE('',#9326,0.23);
#9326=AXIS2_PLACEMENT_3D('',#9327,#9328,#9329);
#9327=CARTESIAN_POINT('',(35.56,1.57367113690435E-016,-2.57));
#9328=DIRECTION('',(-6.12323399573677E-017,-6.12323399573677E-017,1.));
#9329=DIRECTION('',(-1.,-1.22464679914735E-016,-6.12323399573677E-017));
#9330=FACE_OUTER_BOUND('',#9331,.T.);
#9331=EDGE_LOOP('',(#12302));
#9332=SPHERICAL_SURFACE('',#9333,0.23);
#9333=AXIS2_PLACEMENT_3D('',#9334,#9335,#9336);
#9334=CARTESIAN_POINT('',(35.56,1.57367113690435E-016,-2.57));
#9335=DIRECTION('',(-6.12323399573677E-017,-6.12323399573677E-017,1.));
#9336=DIRECTION('',(-1.,-1.22464679914735E-016,-6.12323399573677E-017));
#9337=FACE_OUTER_BOUND('',#9338,.T.);
#9338=EDGE_LOOP('',(#12303));
#9339=SPHERICAL_SURFACE('',#9340,0.23);
#9340=AXIS2_PLACEMENT_3D('',#9341,#9342,#9343);
#9341=CARTESIAN_POINT('',(38.1,-4.26789409502853E-016,6.97));
#9342=DIRECTION('',(-6.12323399573677E-017,-6.12323399573677E-017,1.));
#9343=DIRECTION('',(-1.,-1.22464679914736E-016,-6.12323399573677E-017));
#9344=FACE_OUTER_BOUND('',#9345,.T.);
#9345=EDGE_LOOP('',(#12304));
#9346=FACE_OUTER_BOUND('',#9347,.T.);
#9347=EDGE_LOOP('',(#12305));
#9348=CYLINDRICAL_SURFACE('',#9349,0.23);
#9349=AXIS2_PLACEMENT_3D('',#9350,#9351,#9352);
#9350=CARTESIAN_POINT('',(38.1,-2.20436423846524E-016,3.6));
#9351=DIRECTION('',(-6.12323399573677E-017,-6.12323399573677E-017,1.));
#9352=DIRECTION('',(-1.,-1.22464679914735E-016,-6.12323399573677E-017));
#9353=FACE_BOUND('',#9354,.T.);
#9354=EDGE_LOOP('',(#12306));
#9355=FACE_BOUND('',#9356,.T.);
#9356=EDGE_LOOP('',(#12307));
#9357=PLANE('',#9358);
#9358=AXIS2_PLACEMENT_3D('',#9359,#9360,#9361);
#9359=CARTESIAN_POINT('',(38.1,-2.20436423846524E-016,3.6));
#9360=DIRECTION('',(-6.12323399573677E-017,-6.12323399573677E-017,1.));
#9361=DIRECTION('',(-1.,-1.22464679914735E-016,-6.12323399573677E-017));
#9362=FACE_OUTER_BOUND('',#9363,.T.);
#9363=EDGE_LOOP('',(#12308));
#9364=FACE_OUTER_BOUND('',#9365,.T.);
#9365=EDGE_LOOP('',(#12309));
#9366=CYLINDRICAL_SURFACE('',#9367,0.9);
#9367=AXIS2_PLACEMENT_3D('',#9368,#9369,#9370);
#9368=CARTESIAN_POINT('',(38.1,-1.8982025386784E-016,3.1));
#9369=DIRECTION('',(-6.12323399573677E-017,-6.12323399573677E-017,1.));
#9370=DIRECTION('',(-1.,-1.22464679914735E-016,-6.12323399573677E-017));
#9371=FACE_BOUND('',#9372,.T.);
#9372=EDGE_LOOP('',(#12310));
#9373=FACE_BOUND('',#9374,.T.);
#9374=EDGE_LOOP('',(#12311));
#9375=PLANE('',#9376);
#9376=AXIS2_PLACEMENT_3D('',#9377,#9378,#9379);
#9377=CARTESIAN_POINT('',(38.1,-1.8982025386784E-016,3.1));
#9378=DIRECTION('',(6.12323399573677E-017,6.12323399573677E-017,-1.));
#9379=DIRECTION('',(-1.,-1.22464679914735E-016,-6.12323399573677E-017));
#9380=FACE_OUTER_BOUND('',#9381,.T.);
#9381=EDGE_LOOP('',(#12312));
#9382=FACE_OUTER_BOUND('',#9383,.T.);
#9383=EDGE_LOOP('',(#12313));
#9384=CYLINDRICAL_SURFACE('',#9385,0.66);
#9385=AXIS2_PLACEMENT_3D('',#9386,#9387,#9388);
#9386=CARTESIAN_POINT('',(38.1,-2.63299061816681E-017,0.43));
#9387=DIRECTION('',(-6.12323399573677E-017,-6.12323399573677E-017,1.));
#9388=DIRECTION('',(-1.,-1.22464679914735E-016,-6.12323399573677E-017));
#9389=FACE_OUTER_BOUND('',#9390,.T.);
#9390=EDGE_LOOP('',(#12314));
#9391=FACE_OUTER_BOUND('',#9392,.T.);
#9392=EDGE_LOOP('',(#12315));
#9393=CONICAL_SURFACE('',#9394,0.445,0.785398163397449);
#9394=AXIS2_PLACEMENT_3D('',#9395,#9396,#9397);
#9395=CARTESIAN_POINT('',(38.1,-1.3164953090834E-017,0.215));
#9396=DIRECTION('',(-6.12323399573677E-017,-6.12323399573677E-017,1.));
#9397=DIRECTION('',(-1.,-1.22464679914735E-016,-6.12323399573677E-017));
#9398=FACE_OUTER_BOUND('',#9399,.T.);
#9399=EDGE_LOOP('',(#12316));
#9400=FACE_OUTER_BOUND('',#9401,.T.);
#9401=EDGE_LOOP('',(#12317));
#9402=CYLINDRICAL_SURFACE('',#9403,0.23);
#9403=AXIS2_PLACEMENT_3D('',#9404,#9405,#9406);
#9404=CARTESIAN_POINT('',(38.1,1.57367113690435E-016,-2.57));
#9405=DIRECTION('',(-6.12323399573677E-017,-6.12323399573677E-017,1.));
#9406=DIRECTION('',(-1.,-1.22464679914735E-016,-6.12323399573677E-017));
#9407=FACE_OUTER_BOUND('',#9408,.T.);
#9408=EDGE_LOOP('',(#12318));
#9409=SPHERICAL_SURFACE('',#9410,0.23);
#9410=AXIS2_PLACEMENT_3D('',#9411,#9412,#9413);
#9411=CARTESIAN_POINT('',(38.1,1.57367113690435E-016,-2.57));
#9412=DIRECTION('',(-6.12323399573677E-017,-6.12323399573677E-017,1.));
#9413=DIRECTION('',(-1.,-1.22464679914735E-016,-6.12323399573677E-017));
#9414=FACE_OUTER_BOUND('',#9415,.T.);
#9415=EDGE_LOOP('',(#12319));
#9416=SPHERICAL_SURFACE('',#9417,0.23);
#9417=AXIS2_PLACEMENT_3D('',#9418,#9419,#9420);
#9418=CARTESIAN_POINT('',(40.64,-4.26789409502853E-016,6.97));
#9419=DIRECTION('',(-6.12323399573677E-017,-6.12323399573677E-017,1.));
#9420=DIRECTION('',(-1.,-1.22464679914736E-016,-6.12323399573677E-017));
#9421=FACE_OUTER_BOUND('',#9422,.T.);
#9422=EDGE_LOOP('',(#12320));
#9423=FACE_OUTER_BOUND('',#9424,.T.);
#9424=EDGE_LOOP('',(#12321));
#9425=CYLINDRICAL_SURFACE('',#9426,0.23);
#9426=AXIS2_PLACEMENT_3D('',#9427,#9428,#9429);
#9427=CARTESIAN_POINT('',(40.64,-2.20436423846524E-016,3.6));
#9428=DIRECTION('',(-6.12323399573677E-017,-6.12323399573677E-017,1.));
#9429=DIRECTION('',(-1.,-1.22464679914735E-016,-6.12323399573677E-017));
#9430=FACE_BOUND('',#9431,.T.);
#9431=EDGE_LOOP('',(#12322));
#9432=FACE_BOUND('',#9433,.T.);
#9433=EDGE_LOOP('',(#12323));
#9434=PLANE('',#9435);
#9435=AXIS2_PLACEMENT_3D('',#9436,#9437,#9438);
#9436=CARTESIAN_POINT('',(40.64,-2.20436423846524E-016,3.6));
#9437=DIRECTION('',(-6.12323399573677E-017,-6.12323399573677E-017,1.));
#9438=DIRECTION('',(-1.,-1.22464679914735E-016,-6.12323399573677E-017));
#9439=FACE_OUTER_BOUND('',#9440,.T.);
#9440=EDGE_LOOP('',(#12324));
#9441=FACE_OUTER_BOUND('',#9442,.T.);
#9442=EDGE_LOOP('',(#12325));
#9443=CYLINDRICAL_SURFACE('',#9444,0.9);
#9444=AXIS2_PLACEMENT_3D('',#9445,#9446,#9447);
#9445=CARTESIAN_POINT('',(40.64,-1.8982025386784E-016,3.1));
#9446=DIRECTION('',(-6.12323399573677E-017,-6.12323399573677E-017,1.));
#9447=DIRECTION('',(-1.,-1.22464679914735E-016,-6.12323399573677E-017));
#9448=FACE_BOUND('',#9449,.T.);
#9449=EDGE_LOOP('',(#12326));
#9450=FACE_BOUND('',#9451,.T.);
#9451=EDGE_LOOP('',(#12327));
#9452=PLANE('',#9453);
#9453=AXIS2_PLACEMENT_3D('',#9454,#9455,#9456);
#9454=CARTESIAN_POINT('',(40.64,-1.8982025386784E-016,3.1));
#9455=DIRECTION('',(6.12323399573677E-017,6.12323399573677E-017,-1.));
#9456=DIRECTION('',(-1.,-1.22464679914735E-016,-6.12323399573677E-017));
#9457=FACE_OUTER_BOUND('',#9458,.T.);
#9458=EDGE_LOOP('',(#12328));
#9459=FACE_OUTER_BOUND('',#9460,.T.);
#9460=EDGE_LOOP('',(#12329));
#9461=CYLINDRICAL_SURFACE('',#9462,0.66);
#9462=AXIS2_PLACEMENT_3D('',#9463,#9464,#9465);
#9463=CARTESIAN_POINT('',(40.64,-2.63299061816681E-017,0.43));
#9464=DIRECTION('',(-6.12323399573677E-017,-6.12323399573677E-017,1.));
#9465=DIRECTION('',(-1.,-1.22464679914735E-016,-6.12323399573677E-017));
#9466=FACE_OUTER_BOUND('',#9467,.T.);
#9467=EDGE_LOOP('',(#12330));
#9468=FACE_OUTER_BOUND('',#9469,.T.);
#9469=EDGE_LOOP('',(#12331));
#9470=CONICAL_SURFACE('',#9471,0.445,0.785398163397449);
#9471=AXIS2_PLACEMENT_3D('',#9472,#9473,#9474);
#9472=CARTESIAN_POINT('',(40.64,-1.3164953090834E-017,0.215));
#9473=DIRECTION('',(-6.12323399573677E-017,-6.12323399573677E-017,1.));
#9474=DIRECTION('',(-1.,-1.22464679914735E-016,-6.12323399573677E-017));
#9475=FACE_OUTER_BOUND('',#9476,.T.);
#9476=EDGE_LOOP('',(#12332));
#9477=FACE_OUTER_BOUND('',#9478,.T.);
#9478=EDGE_LOOP('',(#12333));
#9479=CYLINDRICAL_SURFACE('',#9480,0.23);
#9480=AXIS2_PLACEMENT_3D('',#9481,#9482,#9483);
#9481=CARTESIAN_POINT('',(40.64,1.57367113690435E-016,-2.57));
#9482=DIRECTION('',(-6.12323399573677E-017,-6.12323399573677E-017,1.));
#9483=DIRECTION('',(-1.,-1.22464679914735E-016,-6.12323399573677E-017));
#9484=FACE_OUTER_BOUND('',#9485,.T.);
#9485=EDGE_LOOP('',(#12334));
#9486=SPHERICAL_SURFACE('',#9487,0.23);
#9487=AXIS2_PLACEMENT_3D('',#9488,#9489,#9490);
#9488=CARTESIAN_POINT('',(40.64,1.57367113690435E-016,-2.57));
#9489=DIRECTION('',(-6.12323399573677E-017,-6.12323399573677E-017,1.));
#9490=DIRECTION('',(-1.,-1.22464679914735E-016,-6.12323399573677E-017));
#9491=FACE_OUTER_BOUND('',#9492,.T.);
#9492=EDGE_LOOP('',(#12335));
#9493=SPHERICAL_SURFACE('',#9494,0.23);
#9494=AXIS2_PLACEMENT_3D('',#9495,#9496,#9497);
#9495=CARTESIAN_POINT('',(43.18,-4.26789409502853E-016,6.97));
#9496=DIRECTION('',(-6.12323399573677E-017,-6.12323399573677E-017,1.));
#9497=DIRECTION('',(-1.,-1.22464679914736E-016,-6.12323399573677E-017));
#9498=FACE_OUTER_BOUND('',#9499,.T.);
#9499=EDGE_LOOP('',(#12336));
#9500=FACE_OUTER_BOUND('',#9501,.T.);
#9501=EDGE_LOOP('',(#12337));
#9502=CYLINDRICAL_SURFACE('',#9503,0.23);
#9503=AXIS2_PLACEMENT_3D('',#9504,#9505,#9506);
#9504=CARTESIAN_POINT('',(43.18,-2.20436423846524E-016,3.6));
#9505=DIRECTION('',(-6.12323399573677E-017,-6.12323399573677E-017,1.));
#9506=DIRECTION('',(-1.,-1.22464679914735E-016,-6.12323399573677E-017));
#9507=FACE_BOUND('',#9508,.T.);
#9508=EDGE_LOOP('',(#12338));
#9509=FACE_BOUND('',#9510,.T.);
#9510=EDGE_LOOP('',(#12339));
#9511=PLANE('',#9512);
#9512=AXIS2_PLACEMENT_3D('',#9513,#9514,#9515);
#9513=CARTESIAN_POINT('',(43.18,-2.20436423846524E-016,3.6));
#9514=DIRECTION('',(-6.12323399573677E-017,-6.12323399573677E-017,1.));
#9515=DIRECTION('',(-1.,-1.22464679914735E-016,-6.12323399573677E-017));
#9516=FACE_OUTER_BOUND('',#9517,.T.);
#9517=EDGE_LOOP('',(#12340));
#9518=FACE_OUTER_BOUND('',#9519,.T.);
#9519=EDGE_LOOP('',(#12341));
#9520=CYLINDRICAL_SURFACE('',#9521,0.9);
#9521=AXIS2_PLACEMENT_3D('',#9522,#9523,#9524);
#9522=CARTESIAN_POINT('',(43.18,-1.8982025386784E-016,3.1));
#9523=DIRECTION('',(-6.12323399573677E-017,-6.12323399573677E-017,1.));
#9524=DIRECTION('',(-1.,-1.22464679914735E-016,-6.12323399573677E-017));
#9525=FACE_BOUND('',#9526,.T.);
#9526=EDGE_LOOP('',(#12342));
#9527=FACE_BOUND('',#9528,.T.);
#9528=EDGE_LOOP('',(#12343));
#9529=PLANE('',#9530);
#9530=AXIS2_PLACEMENT_3D('',#9531,#9532,#9533);
#9531=CARTESIAN_POINT('',(43.18,-1.8982025386784E-016,3.1));
#9532=DIRECTION('',(6.12323399573677E-017,6.12323399573677E-017,-1.));
#9533=DIRECTION('',(-1.,-1.22464679914735E-016,-6.12323399573677E-017));
#9534=FACE_OUTER_BOUND('',#9535,.T.);
#9535=EDGE_LOOP('',(#12344));
#9536=FACE_OUTER_BOUND('',#9537,.T.);
#9537=EDGE_LOOP('',(#12345));
#9538=CYLINDRICAL_SURFACE('',#9539,0.66);
#9539=AXIS2_PLACEMENT_3D('',#9540,#9541,#9542);
#9540=CARTESIAN_POINT('',(43.18,-2.63299061816681E-017,0.43));
#9541=DIRECTION('',(-6.12323399573677E-017,-6.12323399573677E-017,1.));
#9542=DIRECTION('',(-1.,-1.22464679914735E-016,-6.12323399573677E-017));
#9543=FACE_OUTER_BOUND('',#9544,.T.);
#9544=EDGE_LOOP('',(#12346));
#9545=FACE_OUTER_BOUND('',#9546,.T.);
#9546=EDGE_LOOP('',(#12347));
#9547=CONICAL_SURFACE('',#9548,0.445,0.785398163397449);
#9548=AXIS2_PLACEMENT_3D('',#9549,#9550,#9551);
#9549=CARTESIAN_POINT('',(43.18,-1.3164953090834E-017,0.215));
#9550=DIRECTION('',(-6.12323399573677E-017,-6.12323399573677E-017,1.));
#9551=DIRECTION('',(-1.,-1.22464679914735E-016,-6.12323399573677E-017));
#9552=FACE_OUTER_BOUND('',#9553,.T.);
#9553=EDGE_LOOP('',(#12348));
#9554=FACE_OUTER_BOUND('',#9555,.T.);
#9555=EDGE_LOOP('',(#12349));
#9556=CYLINDRICAL_SURFACE('',#9557,0.23);
#9557=AXIS2_PLACEMENT_3D('',#9558,#9559,#9560);
#9558=CARTESIAN_POINT('',(43.18,1.57367113690435E-016,-2.57));
#9559=DIRECTION('',(-6.12323399573677E-017,-6.12323399573677E-017,1.));
#9560=DIRECTION('',(-1.,-1.22464679914735E-016,-6.12323399573677E-017));
#9561=FACE_OUTER_BOUND('',#9562,.T.);
#9562=EDGE_LOOP('',(#12350));
#9563=SPHERICAL_SURFACE('',#9564,0.23);
#9564=AXIS2_PLACEMENT_3D('',#9565,#9566,#9567);
#9565=CARTESIAN_POINT('',(43.18,1.57367113690435E-016,-2.57));
#9566=DIRECTION('',(-6.12323399573677E-017,-6.12323399573677E-017,1.));
#9567=DIRECTION('',(-1.,-1.22464679914735E-016,-6.12323399573677E-017));
#9568=FACE_OUTER_BOUND('',#9569,.T.);
#9569=EDGE_LOOP('',(#12351));
#9570=SPHERICAL_SURFACE('',#9571,0.23);
#9571=AXIS2_PLACEMENT_3D('',#9572,#9573,#9574);
#9572=CARTESIAN_POINT('',(45.72,-4.26789409502853E-016,6.97));
#9573=DIRECTION('',(-6.12323399573677E-017,-6.12323399573677E-017,1.));
#9574=DIRECTION('',(-1.,-1.22464679914736E-016,-6.12323399573677E-017));
#9575=FACE_OUTER_BOUND('',#9576,.T.);
#9576=EDGE_LOOP('',(#12352));
#9577=FACE_OUTER_BOUND('',#9578,.T.);
#9578=EDGE_LOOP('',(#12353));
#9579=CYLINDRICAL_SURFACE('',#9580,0.23);
#9580=AXIS2_PLACEMENT_3D('',#9581,#9582,#9583);
#9581=CARTESIAN_POINT('',(45.72,-2.20436423846524E-016,3.6));
#9582=DIRECTION('',(-6.12323399573677E-017,-6.12323399573677E-017,1.));
#9583=DIRECTION('',(-1.,-1.22464679914735E-016,-6.12323399573677E-017));
#9584=FACE_BOUND('',#9585,.T.);
#9585=EDGE_LOOP('',(#12354));
#9586=FACE_BOUND('',#9587,.T.);
#9587=EDGE_LOOP('',(#12355));
#9588=PLANE('',#9589);
#9589=AXIS2_PLACEMENT_3D('',#9590,#9591,#9592);
#9590=CARTESIAN_POINT('',(45.72,-2.20436423846524E-016,3.6));
#9591=DIRECTION('',(-6.12323399573677E-017,-6.12323399573677E-017,1.));
#9592=DIRECTION('',(-1.,-1.22464679914735E-016,-6.12323399573677E-017));
#9593=FACE_OUTER_BOUND('',#9594,.T.);
#9594=EDGE_LOOP('',(#12356));
#9595=FACE_OUTER_BOUND('',#9596,.T.);
#9596=EDGE_LOOP('',(#12357));
#9597=CYLINDRICAL_SURFACE('',#9598,0.9);
#9598=AXIS2_PLACEMENT_3D('',#9599,#9600,#9601);
#9599=CARTESIAN_POINT('',(45.72,-1.8982025386784E-016,3.1));
#9600=DIRECTION('',(-6.12323399573677E-017,-6.12323399573677E-017,1.));
#9601=DIRECTION('',(-1.,-1.22464679914735E-016,-6.12323399573677E-017));
#9602=FACE_BOUND('',#9603,.T.);
#9603=EDGE_LOOP('',(#12358));
#9604=FACE_BOUND('',#9605,.T.);
#9605=EDGE_LOOP('',(#12359));
#9606=PLANE('',#9607);
#9607=AXIS2_PLACEMENT_3D('',#9608,#9609,#9610);
#9608=CARTESIAN_POINT('',(45.72,-1.8982025386784E-016,3.1));
#9609=DIRECTION('',(6.12323399573677E-017,6.12323399573677E-017,-1.));
#9610=DIRECTION('',(-1.,-1.22464679914735E-016,-6.12323399573677E-017));
#9611=FACE_OUTER_BOUND('',#9612,.T.);
#9612=EDGE_LOOP('',(#12360));
#9613=FACE_OUTER_BOUND('',#9614,.T.);
#9614=EDGE_LOOP('',(#12361));
#9615=CYLINDRICAL_SURFACE('',#9616,0.66);
#9616=AXIS2_PLACEMENT_3D('',#9617,#9618,#9619);
#9617=CARTESIAN_POINT('',(45.72,-2.63299061816681E-017,0.43));
#9618=DIRECTION('',(-6.12323399573677E-017,-6.12323399573677E-017,1.));
#9619=DIRECTION('',(-1.,-1.22464679914735E-016,-6.12323399573677E-017));
#9620=FACE_OUTER_BOUND('',#9621,.T.);
#9621=EDGE_LOOP('',(#12362));
#9622=FACE_OUTER_BOUND('',#9623,.T.);
#9623=EDGE_LOOP('',(#12363));
#9624=CONICAL_SURFACE('',#9625,0.445,0.785398163397449);
#9625=AXIS2_PLACEMENT_3D('',#9626,#9627,#9628);
#9626=CARTESIAN_POINT('',(45.72,-1.3164953090834E-017,0.215));
#9627=DIRECTION('',(-6.12323399573677E-017,-6.12323399573677E-017,1.));
#9628=DIRECTION('',(-1.,-1.22464679914735E-016,-6.12323399573677E-017));
#9629=FACE_OUTER_BOUND('',#9630,.T.);
#9630=EDGE_LOOP('',(#12364));
#9631=FACE_OUTER_BOUND('',#9632,.T.);
#9632=EDGE_LOOP('',(#12365));
#9633=CYLINDRICAL_SURFACE('',#9634,0.23);
#9634=AXIS2_PLACEMENT_3D('',#9635,#9636,#9637);
#9635=CARTESIAN_POINT('',(45.72,1.57367113690435E-016,-2.57));
#9636=DIRECTION('',(-6.12323399573677E-017,-6.12323399573677E-017,1.));
#9637=DIRECTION('',(-1.,-1.22464679914735E-016,-6.12323399573677E-017));
#9638=FACE_OUTER_BOUND('',#9639,.T.);
#9639=EDGE_LOOP('',(#12366));
#9640=SPHERICAL_SURFACE('',#9641,0.23);
#9641=AXIS2_PLACEMENT_3D('',#9642,#9643,#9644);
#9642=CARTESIAN_POINT('',(45.72,1.57367113690435E-016,-2.57));
#9643=DIRECTION('',(-6.12323399573677E-017,-6.12323399573677E-017,1.));
#9644=DIRECTION('',(-1.,-1.22464679914735E-016,-6.12323399573677E-017));
#9645=FACE_OUTER_BOUND('',#9646,.T.);
#9646=EDGE_LOOP('',(#12367));
#9647=SPHERICAL_SURFACE('',#9648,0.23);
#9648=AXIS2_PLACEMENT_3D('',#9649,#9650,#9651);
#9649=CARTESIAN_POINT('',(48.26,-4.26789409502853E-016,6.97));
#9650=DIRECTION('',(-6.12323399573677E-017,-6.12323399573677E-017,1.));
#9651=DIRECTION('',(-1.,-1.22464679914736E-016,-6.12323399573677E-017));
#9652=FACE_OUTER_BOUND('',#9653,.T.);
#9653=EDGE_LOOP('',(#12368));
#9654=FACE_OUTER_BOUND('',#9655,.T.);
#9655=EDGE_LOOP('',(#12369));
#9656=CYLINDRICAL_SURFACE('',#9657,0.23);
#9657=AXIS2_PLACEMENT_3D('',#9658,#9659,#9660);
#9658=CARTESIAN_POINT('',(48.26,-2.20436423846524E-016,3.6));
#9659=DIRECTION('',(-6.12323399573677E-017,-6.12323399573677E-017,1.));
#9660=DIRECTION('',(-1.,-1.22464679914735E-016,-6.12323399573677E-017));
#9661=FACE_BOUND('',#9662,.T.);
#9662=EDGE_LOOP('',(#12370));
#9663=FACE_BOUND('',#9664,.T.);
#9664=EDGE_LOOP('',(#12371));
#9665=PLANE('',#9666);
#9666=AXIS2_PLACEMENT_3D('',#9667,#9668,#9669);
#9667=CARTESIAN_POINT('',(48.26,-2.20436423846524E-016,3.6));
#9668=DIRECTION('',(-6.12323399573677E-017,-6.12323399573677E-017,1.));
#9669=DIRECTION('',(-1.,-1.22464679914735E-016,-6.12323399573677E-017));
#9670=FACE_OUTER_BOUND('',#9671,.T.);
#9671=EDGE_LOOP('',(#12372));
#9672=FACE_OUTER_BOUND('',#9673,.T.);
#9673=EDGE_LOOP('',(#12373));
#9674=CYLINDRICAL_SURFACE('',#9675,0.9);
#9675=AXIS2_PLACEMENT_3D('',#9676,#9677,#9678);
#9676=CARTESIAN_POINT('',(48.26,-1.8982025386784E-016,3.1));
#9677=DIRECTION('',(-6.12323399573677E-017,-6.12323399573677E-017,1.));
#9678=DIRECTION('',(-1.,-1.22464679914735E-016,-6.12323399573677E-017));
#9679=FACE_BOUND('',#9680,.T.);
#9680=EDGE_LOOP('',(#12374));
#9681=FACE_BOUND('',#9682,.T.);
#9682=EDGE_LOOP('',(#12375));
#9683=PLANE('',#9684);
#9684=AXIS2_PLACEMENT_3D('',#9685,#9686,#9687);
#9685=CARTESIAN_POINT('',(48.26,-1.8982025386784E-016,3.1));
#9686=DIRECTION('',(6.12323399573677E-017,6.12323399573677E-017,-1.));
#9687=DIRECTION('',(-1.,-1.22464679914735E-016,-6.12323399573677E-017));
#9688=FACE_OUTER_BOUND('',#9689,.T.);
#9689=EDGE_LOOP('',(#12376));
#9690=FACE_OUTER_BOUND('',#9691,.T.);
#9691=EDGE_LOOP('',(#12377));
#9692=CYLINDRICAL_SURFACE('',#9693,0.66);
#9693=AXIS2_PLACEMENT_3D('',#9694,#9695,#9696);
#9694=CARTESIAN_POINT('',(48.26,-2.63299061816681E-017,0.43));
#9695=DIRECTION('',(-6.12323399573677E-017,-6.12323399573677E-017,1.));
#9696=DIRECTION('',(-1.,-1.22464679914735E-016,-6.12323399573677E-017));
#9697=FACE_OUTER_BOUND('',#9698,.T.);
#9698=EDGE_LOOP('',(#12378));
#9699=FACE_OUTER_BOUND('',#9700,.T.);
#9700=EDGE_LOOP('',(#12379));
#9701=CONICAL_SURFACE('',#9702,0.445,0.785398163397449);
#9702=AXIS2_PLACEMENT_3D('',#9703,#9704,#9705);
#9703=CARTESIAN_POINT('',(48.26,-1.3164953090834E-017,0.215));
#9704=DIRECTION('',(-6.12323399573677E-017,-6.12323399573677E-017,1.));
#9705=DIRECTION('',(-1.,-1.22464679914735E-016,-6.12323399573677E-017));
#9706=FACE_OUTER_BOUND('',#9707,.T.);
#9707=EDGE_LOOP('',(#12380));
#9708=FACE_OUTER_BOUND('',#9709,.T.);
#9709=EDGE_LOOP('',(#12381));
#9710=CYLINDRICAL_SURFACE('',#9711,0.23);
#9711=AXIS2_PLACEMENT_3D('',#9712,#9713,#9714);
#9712=CARTESIAN_POINT('',(48.26,1.57367113690435E-016,-2.57));
#9713=DIRECTION('',(-6.12323399573677E-017,-6.12323399573677E-017,1.));
#9714=DIRECTION('',(-1.,-1.22464679914735E-016,-6.12323399573677E-017));
#9715=FACE_OUTER_BOUND('',#9716,.T.);
#9716=EDGE_LOOP('',(#12382));
#9717=SPHERICAL_SURFACE('',#9718,0.23);
#9718=AXIS2_PLACEMENT_3D('',#9719,#9720,#9721);
#9719=CARTESIAN_POINT('',(48.26,1.57367113690435E-016,-2.57));
#9720=DIRECTION('',(-6.12323399573677E-017,-6.12323399573677E-017,1.));
#9721=DIRECTION('',(-1.,-1.22464679914735E-016,-6.12323399573677E-017));
#9722=FACE_OUTER_BOUND('',#9723,.T.);
#9723=EDGE_LOOP('',(#12383));
#9724=SPHERICAL_SURFACE('',#9725,0.23);
#9725=AXIS2_PLACEMENT_3D('',#9726,#9727,#9728);
#9726=CARTESIAN_POINT('',(50.8,-4.26789409502853E-016,6.97));
#9727=DIRECTION('',(-6.12323399573677E-017,-6.12323399573677E-017,1.));
#9728=DIRECTION('',(-1.,-1.22464679914736E-016,-6.12323399573677E-017));
#9729=FACE_OUTER_BOUND('',#9730,.T.);
#9730=EDGE_LOOP('',(#12384));
#9731=FACE_OUTER_BOUND('',#9732,.T.);
#9732=EDGE_LOOP('',(#12385));
#9733=CYLINDRICAL_SURFACE('',#9734,0.23);
#9734=AXIS2_PLACEMENT_3D('',#9735,#9736,#9737);
#9735=CARTESIAN_POINT('',(50.8,-2.20436423846524E-016,3.6));
#9736=DIRECTION('',(-6.12323399573677E-017,-6.12323399573677E-017,1.));
#9737=DIRECTION('',(-1.,-1.22464679914735E-016,-6.12323399573677E-017));
#9738=FACE_BOUND('',#9739,.T.);
#9739=EDGE_LOOP('',(#12386));
#9740=FACE_BOUND('',#9741,.T.);
#9741=EDGE_LOOP('',(#12387));
#9742=PLANE('',#9743);
#9743=AXIS2_PLACEMENT_3D('',#9744,#9745,#9746);
#9744=CARTESIAN_POINT('',(50.8,-2.20436423846524E-016,3.6));
#9745=DIRECTION('',(-6.12323399573677E-017,-6.12323399573677E-017,1.));
#9746=DIRECTION('',(-1.,-1.22464679914735E-016,-6.12323399573677E-017));
#9747=FACE_OUTER_BOUND('',#9748,.T.);
#9748=EDGE_LOOP('',(#12388));
#9749=FACE_OUTER_BOUND('',#9750,.T.);
#9750=EDGE_LOOP('',(#12389));
#9751=CYLINDRICAL_SURFACE('',#9752,0.9);
#9752=AXIS2_PLACEMENT_3D('',#9753,#9754,#9755);
#9753=CARTESIAN_POINT('',(50.8,-1.8982025386784E-016,3.1));
#9754=DIRECTION('',(-6.12323399573677E-017,-6.12323399573677E-017,1.));
#9755=DIRECTION('',(-1.,-1.22464679914735E-016,-6.12323399573677E-017));
#9756=FACE_BOUND('',#9757,.T.);
#9757=EDGE_LOOP('',(#12390));
#9758=FACE_BOUND('',#9759,.T.);
#9759=EDGE_LOOP('',(#12391));
#9760=PLANE('',#9761);
#9761=AXIS2_PLACEMENT_3D('',#9762,#9763,#9764);
#9762=CARTESIAN_POINT('',(50.8,-1.8982025386784E-016,3.1));
#9763=DIRECTION('',(6.12323399573677E-017,6.12323399573677E-017,-1.));
#9764=DIRECTION('',(-1.,-1.22464679914735E-016,-6.12323399573677E-017));
#9765=FACE_OUTER_BOUND('',#9766,.T.);
#9766=EDGE_LOOP('',(#12392));
#9767=FACE_OUTER_BOUND('',#9768,.T.);
#9768=EDGE_LOOP('',(#12393));
#9769=CYLINDRICAL_SURFACE('',#9770,0.66);
#9770=AXIS2_PLACEMENT_3D('',#9771,#9772,#9773);
#9771=CARTESIAN_POINT('',(50.8,-2.63299061816681E-017,0.43));
#9772=DIRECTION('',(-6.12323399573677E-017,-6.12323399573677E-017,1.));
#9773=DIRECTION('',(-1.,-1.22464679914735E-016,-6.12323399573677E-017));
#9774=FACE_OUTER_BOUND('',#9775,.T.);
#9775=EDGE_LOOP('',(#12394));
#9776=FACE_OUTER_BOUND('',#9777,.T.);
#9777=EDGE_LOOP('',(#12395));
#9778=CONICAL_SURFACE('',#9779,0.445,0.785398163397449);
#9779=AXIS2_PLACEMENT_3D('',#9780,#9781,#9782);
#9780=CARTESIAN_POINT('',(50.8,-1.3164953090834E-017,0.215));
#9781=DIRECTION('',(-6.12323399573677E-017,-6.12323399573677E-017,1.));
#9782=DIRECTION('',(-1.,-1.22464679914735E-016,-6.12323399573677E-017));
#9783=FACE_OUTER_BOUND('',#9784,.T.);
#9784=EDGE_LOOP('',(#12396));
#9785=FACE_OUTER_BOUND('',#9786,.T.);
#9786=EDGE_LOOP('',(#12397));
#9787=CYLINDRICAL_SURFACE('',#9788,0.23);
#9788=AXIS2_PLACEMENT_3D('',#9789,#9790,#9791);
#9789=CARTESIAN_POINT('',(50.8,1.57367113690435E-016,-2.57));
#9790=DIRECTION('',(-6.12323399573677E-017,-6.12323399573677E-017,1.));
#9791=DIRECTION('',(-1.,-1.22464679914735E-016,-6.12323399573677E-017));
#9792=FACE_OUTER_BOUND('',#9793,.T.);
#9793=EDGE_LOOP('',(#12398));
#9794=SPHERICAL_SURFACE('',#9795,0.23);
#9795=AXIS2_PLACEMENT_3D('',#9796,#9797,#9798);
#9796=CARTESIAN_POINT('',(50.8,1.57367113690435E-016,-2.57));
#9797=DIRECTION('',(-6.12323399573677E-017,-6.12323399573677E-017,1.));
#9798=DIRECTION('',(-1.,-1.22464679914735E-016,-6.12323399573677E-017));
#9799=FACE_OUTER_BOUND('',#9800,.T.);
#9800=EDGE_LOOP('',(#12399));
#9801=SPHERICAL_SURFACE('',#9802,0.23);
#9802=AXIS2_PLACEMENT_3D('',#9803,#9804,#9805);
#9803=CARTESIAN_POINT('',(53.34,-4.26789409502853E-016,6.97));
#9804=DIRECTION('',(-6.12323399573677E-017,-6.12323399573677E-017,1.));
#9805=DIRECTION('',(-1.,-1.22464679914736E-016,-6.12323399573677E-017));
#9806=FACE_OUTER_BOUND('',#9807,.T.);
#9807=EDGE_LOOP('',(#12400));
#9808=FACE_OUTER_BOUND('',#9809,.T.);
#9809=EDGE_LOOP('',(#12401));
#9810=CYLINDRICAL_SURFACE('',#9811,0.23);
#9811=AXIS2_PLACEMENT_3D('',#9812,#9813,#9814);
#9812=CARTESIAN_POINT('',(53.34,-2.20436423846524E-016,3.6));
#9813=DIRECTION('',(-6.12323399573677E-017,-6.12323399573677E-017,1.));
#9814=DIRECTION('',(-1.,-1.22464679914735E-016,-6.12323399573677E-017));
#9815=FACE_BOUND('',#9816,.T.);
#9816=EDGE_LOOP('',(#12402));
#9817=FACE_BOUND('',#9818,.T.);
#9818=EDGE_LOOP('',(#12403));
#9819=PLANE('',#9820);
#9820=AXIS2_PLACEMENT_3D('',#9821,#9822,#9823);
#9821=CARTESIAN_POINT('',(53.34,-2.20436423846524E-016,3.6));
#9822=DIRECTION('',(-6.12323399573677E-017,-6.12323399573677E-017,1.));
#9823=DIRECTION('',(-1.,-1.22464679914735E-016,-6.12323399573677E-017));
#9824=FACE_OUTER_BOUND('',#9825,.T.);
#9825=EDGE_LOOP('',(#12404));
#9826=FACE_OUTER_BOUND('',#9827,.T.);
#9827=EDGE_LOOP('',(#12405));
#9828=CYLINDRICAL_SURFACE('',#9829,0.9);
#9829=AXIS2_PLACEMENT_3D('',#9830,#9831,#9832);
#9830=CARTESIAN_POINT('',(53.34,-1.8982025386784E-016,3.1));
#9831=DIRECTION('',(-6.12323399573677E-017,-6.12323399573677E-017,1.));
#9832=DIRECTION('',(-1.,-1.22464679914735E-016,-6.12323399573677E-017));
#9833=FACE_BOUND('',#9834,.T.);
#9834=EDGE_LOOP('',(#12406));
#9835=FACE_BOUND('',#9836,.T.);
#9836=EDGE_LOOP('',(#12407));
#9837=PLANE('',#9838);
#9838=AXIS2_PLACEMENT_3D('',#9839,#9840,#9841);
#9839=CARTESIAN_POINT('',(53.34,-1.8982025386784E-016,3.1));
#9840=DIRECTION('',(6.12323399573677E-017,6.12323399573677E-017,-1.));
#9841=DIRECTION('',(-1.,-1.22464679914735E-016,-6.12323399573677E-017));
#9842=FACE_OUTER_BOUND('',#9843,.T.);
#9843=EDGE_LOOP('',(#12408));
#9844=FACE_OUTER_BOUND('',#9845,.T.);
#9845=EDGE_LOOP('',(#12409));
#9846=CYLINDRICAL_SURFACE('',#9847,0.66);
#9847=AXIS2_PLACEMENT_3D('',#9848,#9849,#9850);
#9848=CARTESIAN_POINT('',(53.34,-2.63299061816681E-017,0.43));
#9849=DIRECTION('',(-6.12323399573677E-017,-6.12323399573677E-017,1.));
#9850=DIRECTION('',(-1.,-1.22464679914735E-016,-6.12323399573677E-017));
#9851=FACE_OUTER_BOUND('',#9852,.T.);
#9852=EDGE_LOOP('',(#12410));
#9853=FACE_OUTER_BOUND('',#9854,.T.);
#9854=EDGE_LOOP('',(#12411));
#9855=CONICAL_SURFACE('',#9856,0.445,0.785398163397449);
#9856=AXIS2_PLACEMENT_3D('',#9857,#9858,#9859);
#9857=CARTESIAN_POINT('',(53.34,-1.3164953090834E-017,0.215));
#9858=DIRECTION('',(-6.12323399573677E-017,-6.12323399573677E-017,1.));
#9859=DIRECTION('',(-1.,-1.22464679914735E-016,-6.12323399573677E-017));
#9860=FACE_OUTER_BOUND('',#9861,.T.);
#9861=EDGE_LOOP('',(#12412));
#9862=FACE_OUTER_BOUND('',#9863,.T.);
#9863=EDGE_LOOP('',(#12413));
#9864=CYLINDRICAL_SURFACE('',#9865,0.23);
#9865=AXIS2_PLACEMENT_3D('',#9866,#9867,#9868);
#9866=CARTESIAN_POINT('',(53.34,1.57367113690435E-016,-2.57));
#9867=DIRECTION('',(-6.12323399573677E-017,-6.12323399573677E-017,1.));
#9868=DIRECTION('',(-1.,-1.22464679914735E-016,-6.12323399573677E-017));
#9869=FACE_OUTER_BOUND('',#9870,.T.);
#9870=EDGE_LOOP('',(#12414));
#9871=SPHERICAL_SURFACE('',#9872,0.23);
#9872=AXIS2_PLACEMENT_3D('',#9873,#9874,#9875);
#9873=CARTESIAN_POINT('',(53.34,1.57367113690435E-016,-2.57));
#9874=DIRECTION('',(-6.12323399573677E-017,-6.12323399573677E-017,1.));
#9875=DIRECTION('',(-1.,-1.22464679914735E-016,-6.12323399573677E-017));
#9876=FACE_OUTER_BOUND('',#9877,.T.);
#9877=EDGE_LOOP('',(#12415));
#9878=SPHERICAL_SURFACE('',#9879,0.23);
#9879=AXIS2_PLACEMENT_3D('',#9880,#9881,#9882);
#9880=CARTESIAN_POINT('',(55.88,-4.26789409502853E-016,6.97));
#9881=DIRECTION('',(-6.12323399573677E-017,-6.12323399573677E-017,1.));
#9882=DIRECTION('',(-1.,-1.22464679914736E-016,-6.12323399573677E-017));
#9883=FACE_OUTER_BOUND('',#9884,.T.);
#9884=EDGE_LOOP('',(#12416));
#9885=FACE_OUTER_BOUND('',#9886,.T.);
#9886=EDGE_LOOP('',(#12417));
#9887=CYLINDRICAL_SURFACE('',#9888,0.23);
#9888=AXIS2_PLACEMENT_3D('',#9889,#9890,#9891);
#9889=CARTESIAN_POINT('',(55.88,-2.20436423846524E-016,3.6));
#9890=DIRECTION('',(-6.12323399573677E-017,-6.12323399573677E-017,1.));
#9891=DIRECTION('',(-1.,-1.22464679914735E-016,-6.12323399573677E-017));
#9892=FACE_BOUND('',#9893,.T.);
#9893=EDGE_LOOP('',(#12418));
#9894=FACE_BOUND('',#9895,.T.);
#9895=EDGE_LOOP('',(#12419));
#9896=PLANE('',#9897);
#9897=AXIS2_PLACEMENT_3D('',#9898,#9899,#9900);
#9898=CARTESIAN_POINT('',(55.88,-2.20436423846524E-016,3.6));
#9899=DIRECTION('',(-6.12323399573677E-017,-6.12323399573677E-017,1.));
#9900=DIRECTION('',(-1.,-1.22464679914735E-016,-6.12323399573677E-017));
#9901=FACE_OUTER_BOUND('',#9902,.T.);
#9902=EDGE_LOOP('',(#12420));
#9903=FACE_OUTER_BOUND('',#9904,.T.);
#9904=EDGE_LOOP('',(#12421));
#9905=CYLINDRICAL_SURFACE('',#9906,0.9);
#9906=AXIS2_PLACEMENT_3D('',#9907,#9908,#9909);
#9907=CARTESIAN_POINT('',(55.88,-1.8982025386784E-016,3.1));
#9908=DIRECTION('',(-6.12323399573677E-017,-6.12323399573677E-017,1.));
#9909=DIRECTION('',(-1.,-1.22464679914735E-016,-6.12323399573677E-017));
#9910=FACE_BOUND('',#9911,.T.);
#9911=EDGE_LOOP('',(#12422));
#9912=FACE_BOUND('',#9913,.T.);
#9913=EDGE_LOOP('',(#12423));
#9914=PLANE('',#9915);
#9915=AXIS2_PLACEMENT_3D('',#9916,#9917,#9918);
#9916=CARTESIAN_POINT('',(55.88,-1.8982025386784E-016,3.1));
#9917=DIRECTION('',(6.12323399573677E-017,6.12323399573677E-017,-1.));
#9918=DIRECTION('',(-1.,-1.22464679914735E-016,-6.12323399573677E-017));
#9919=FACE_OUTER_BOUND('',#9920,.T.);
#9920=EDGE_LOOP('',(#12424));
#9921=FACE_OUTER_BOUND('',#9922,.T.);
#9922=EDGE_LOOP('',(#12425));
#9923=CYLINDRICAL_SURFACE('',#9924,0.66);
#9924=AXIS2_PLACEMENT_3D('',#9925,#9926,#9927);
#9925=CARTESIAN_POINT('',(55.88,-2.63299061816681E-017,0.43));
#9926=DIRECTION('',(-6.12323399573677E-017,-6.12323399573677E-017,1.));
#9927=DIRECTION('',(-1.,-1.22464679914735E-016,-6.12323399573677E-017));
#9928=FACE_OUTER_BOUND('',#9929,.T.);
#9929=EDGE_LOOP('',(#12426));
#9930=FACE_OUTER_BOUND('',#9931,.T.);
#9931=EDGE_LOOP('',(#12427));
#9932=CONICAL_SURFACE('',#9933,0.445,0.785398163397449);
#9933=AXIS2_PLACEMENT_3D('',#9934,#9935,#9936);
#9934=CARTESIAN_POINT('',(55.88,-1.3164953090834E-017,0.215));
#9935=DIRECTION('',(-6.12323399573677E-017,-6.12323399573677E-017,1.));
#9936=DIRECTION('',(-1.,-1.22464679914735E-016,-6.12323399573677E-017));
#9937=FACE_OUTER_BOUND('',#9938,.T.);
#9938=EDGE_LOOP('',(#12428));
#9939=FACE_OUTER_BOUND('',#9940,.T.);
#9940=EDGE_LOOP('',(#12429));
#9941=CYLINDRICAL_SURFACE('',#9942,0.23);
#9942=AXIS2_PLACEMENT_3D('',#9943,#9944,#9945);
#9943=CARTESIAN_POINT('',(55.88,1.57367113690435E-016,-2.57));
#9944=DIRECTION('',(-6.12323399573677E-017,-6.12323399573677E-017,1.));
#9945=DIRECTION('',(-1.,-1.22464679914735E-016,-6.12323399573677E-017));
#9946=FACE_OUTER_BOUND('',#9947,.T.);
#9947=EDGE_LOOP('',(#12430));
#9948=SPHERICAL_SURFACE('',#9949,0.23);
#9949=AXIS2_PLACEMENT_3D('',#9950,#9951,#9952);
#9950=CARTESIAN_POINT('',(55.88,1.57367113690435E-016,-2.57));
#9951=DIRECTION('',(-6.12323399573677E-017,-6.12323399573677E-017,1.));
#9952=DIRECTION('',(-1.,-1.22464679914735E-016,-6.12323399573677E-017));
#9953=FACE_OUTER_BOUND('',#9954,.T.);
#9954=EDGE_LOOP('',(#12431));
#9955=SPHERICAL_SURFACE('',#9956,0.23);
#9956=AXIS2_PLACEMENT_3D('',#9957,#9958,#9959);
#9957=CARTESIAN_POINT('',(58.42,-4.26789409502853E-016,6.97));
#9958=DIRECTION('',(-6.12323399573677E-017,-6.12323399573677E-017,1.));
#9959=DIRECTION('',(-1.,-1.22464679914736E-016,-6.12323399573677E-017));
#9960=FACE_OUTER_BOUND('',#9961,.T.);
#9961=EDGE_LOOP('',(#12432));
#9962=FACE_OUTER_BOUND('',#9963,.T.);
#9963=EDGE_LOOP('',(#12433));
#9964=CYLINDRICAL_SURFACE('',#9965,0.23);
#9965=AXIS2_PLACEMENT_3D('',#9966,#9967,#9968);
#9966=CARTESIAN_POINT('',(58.42,-2.20436423846524E-016,3.6));
#9967=DIRECTION('',(-6.12323399573677E-017,-6.12323399573677E-017,1.));
#9968=DIRECTION('',(-1.,-1.22464679914735E-016,-6.12323399573677E-017));
#9969=FACE_BOUND('',#9970,.T.);
#9970=EDGE_LOOP('',(#12434));
#9971=FACE_BOUND('',#9972,.T.);
#9972=EDGE_LOOP('',(#12435));
#9973=PLANE('',#9974);
#9974=AXIS2_PLACEMENT_3D('',#9975,#9976,#9977);
#9975=CARTESIAN_POINT('',(58.42,-2.20436423846524E-016,3.6));
#9976=DIRECTION('',(-6.12323399573677E-017,-6.12323399573677E-017,1.));
#9977=DIRECTION('',(-1.,-1.22464679914735E-016,-6.12323399573677E-017));
#9978=FACE_OUTER_BOUND('',#9979,.T.);
#9979=EDGE_LOOP('',(#12436));
#9980=FACE_OUTER_BOUND('',#9981,.T.);
#9981=EDGE_LOOP('',(#12437));
#9982=CYLINDRICAL_SURFACE('',#9983,0.9);
#9983=AXIS2_PLACEMENT_3D('',#9984,#9985,#9986);
#9984=CARTESIAN_POINT('',(58.42,-1.8982025386784E-016,3.1));
#9985=DIRECTION('',(-6.12323399573677E-017,-6.12323399573677E-017,1.));
#9986=DIRECTION('',(-1.,-1.22464679914735E-016,-6.12323399573677E-017));
#9987=FACE_BOUND('',#9988,.T.);
#9988=EDGE_LOOP('',(#12438));
#9989=FACE_BOUND('',#9990,.T.);
#9990=EDGE_LOOP('',(#12439));
#9991=PLANE('',#9992);
#9992=AXIS2_PLACEMENT_3D('',#9993,#9994,#9995);
#9993=CARTESIAN_POINT('',(58.42,-1.8982025386784E-016,3.1));
#9994=DIRECTION('',(6.12323399573677E-017,6.12323399573677E-017,-1.));
#9995=DIRECTION('',(-1.,-1.22464679914735E-016,-6.12323399573677E-017));
#9996=FACE_OUTER_BOUND('',#9997,.T.);
#9997=EDGE_LOOP('',(#12440));
#9998=FACE_OUTER_BOUND('',#9999,.T.);
#9999=EDGE_LOOP('',(#12441));
#10000=CYLINDRICAL_SURFACE('',#10001,0.66);
#10001=AXIS2_PLACEMENT_3D('',#10002,#10003,#10004);
#10002=CARTESIAN_POINT('',(58.42,-2.63299061816681E-017,0.43));
#10003=DIRECTION('',(-6.12323399573677E-017,-6.12323399573677E-017,1.));
#10004=DIRECTION('',(-1.,-1.22464679914735E-016,-6.12323399573677E-017));
#10005=FACE_OUTER_BOUND('',#10006,.T.);
#10006=EDGE_LOOP('',(#12442));
#10007=FACE_OUTER_BOUND('',#10008,.T.);
#10008=EDGE_LOOP('',(#12443));
#10009=CONICAL_SURFACE('',#10010,0.445,0.785398163397449);
#10010=AXIS2_PLACEMENT_3D('',#10011,#10012,#10013);
#10011=CARTESIAN_POINT('',(58.42,-1.3164953090834E-017,0.215));
#10012=DIRECTION('',(-6.12323399573677E-017,-6.12323399573677E-017,1.));
#10013=DIRECTION('',(-1.,-1.22464679914735E-016,-6.12323399573677E-017));
#10014=FACE_OUTER_BOUND('',#10015,.T.);
#10015=EDGE_LOOP('',(#12444));
#10016=FACE_OUTER_BOUND('',#10017,.T.);
#10017=EDGE_LOOP('',(#12445));
#10018=CYLINDRICAL_SURFACE('',#10019,0.23);
#10019=AXIS2_PLACEMENT_3D('',#10020,#10021,#10022);
#10020=CARTESIAN_POINT('',(58.42,1.57367113690435E-016,-2.57));
#10021=DIRECTION('',(-6.12323399573677E-017,-6.12323399573677E-017,1.));
#10022=DIRECTION('',(-1.,-1.22464679914735E-016,-6.12323399573677E-017));
#10023=FACE_OUTER_BOUND('',#10024,.T.);
#10024=EDGE_LOOP('',(#12446));
#10025=SPHERICAL_SURFACE('',#10026,0.23);
#10026=AXIS2_PLACEMENT_3D('',#10027,#10028,#10029);
#10027=CARTESIAN_POINT('',(58.42,1.57367113690435E-016,-2.57));
#10028=DIRECTION('',(-6.12323399573677E-017,-6.12323399573677E-017,1.));
#10029=DIRECTION('',(-1.,-1.22464679914735E-016,-6.12323399573677E-017));
#10030=FACE_OUTER_BOUND('',#10031,.T.);
#10031=EDGE_LOOP('',(#12447));
#10032=SPHERICAL_SURFACE('',#10033,0.23);
#10033=AXIS2_PLACEMENT_3D('',#10034,#10035,#10036);
#10034=CARTESIAN_POINT('',(60.96,-4.26789409502853E-016,6.97));
#10035=DIRECTION('',(-6.12323399573677E-017,-6.12323399573677E-017,1.));
#10036=DIRECTION('',(-1.,-1.22464679914736E-016,-6.12323399573677E-017));
#10037=FACE_OUTER_BOUND('',#10038,.T.);
#10038=EDGE_LOOP('',(#12448));
#10039=FACE_OUTER_BOUND('',#10040,.T.);
#10040=EDGE_LOOP('',(#12449));
#10041=CYLINDRICAL_SURFACE('',#10042,0.23);
#10042=AXIS2_PLACEMENT_3D('',#10043,#10044,#10045);
#10043=CARTESIAN_POINT('',(60.96,-2.20436423846524E-016,3.6));
#10044=DIRECTION('',(-6.12323399573677E-017,-6.12323399573677E-017,1.));
#10045=DIRECTION('',(-1.,-1.22464679914735E-016,-6.12323399573677E-017));
#10046=FACE_BOUND('',#10047,.T.);
#10047=EDGE_LOOP('',(#12450));
#10048=FACE_BOUND('',#10049,.T.);
#10049=EDGE_LOOP('',(#12451));
#10050=PLANE('',#10051);
#10051=AXIS2_PLACEMENT_3D('',#10052,#10053,#10054);
#10052=CARTESIAN_POINT('',(60.96,-2.20436423846524E-016,3.6));
#10053=DIRECTION('',(-6.12323399573677E-017,-6.12323399573677E-017,1.));
#10054=DIRECTION('',(-1.,-1.22464679914735E-016,-6.12323399573677E-017));
#10055=FACE_OUTER_BOUND('',#10056,.T.);
#10056=EDGE_LOOP('',(#12452));
#10057=FACE_OUTER_BOUND('',#10058,.T.);
#10058=EDGE_LOOP('',(#12453));
#10059=CYLINDRICAL_SURFACE('',#10060,0.9);
#10060=AXIS2_PLACEMENT_3D('',#10061,#10062,#10063);
#10061=CARTESIAN_POINT('',(60.96,-1.8982025386784E-016,3.1));
#10062=DIRECTION('',(-6.12323399573677E-017,-6.12323399573677E-017,1.));
#10063=DIRECTION('',(-1.,-1.22464679914735E-016,-6.12323399573677E-017));
#10064=FACE_BOUND('',#10065,.T.);
#10065=EDGE_LOOP('',(#12454));
#10066=FACE_BOUND('',#10067,.T.);
#10067=EDGE_LOOP('',(#12455));
#10068=PLANE('',#10069);
#10069=AXIS2_PLACEMENT_3D('',#10070,#10071,#10072);
#10070=CARTESIAN_POINT('',(60.96,-1.8982025386784E-016,3.1));
#10071=DIRECTION('',(6.12323399573677E-017,6.12323399573677E-017,-1.));
#10072=DIRECTION('',(-1.,-1.22464679914735E-016,-6.12323399573677E-017));
#10073=FACE_OUTER_BOUND('',#10074,.T.);
#10074=EDGE_LOOP('',(#12456));
#10075=FACE_OUTER_BOUND('',#10076,.T.);
#10076=EDGE_LOOP('',(#12457));
#10077=CYLINDRICAL_SURFACE('',#10078,0.66);
#10078=AXIS2_PLACEMENT_3D('',#10079,#10080,#10081);
#10079=CARTESIAN_POINT('',(60.96,-2.63299061816681E-017,0.43));
#10080=DIRECTION('',(-6.12323399573677E-017,-6.12323399573677E-017,1.));
#10081=DIRECTION('',(-1.,-1.22464679914735E-016,-6.12323399573677E-017));
#10082=FACE_OUTER_BOUND('',#10083,.T.);
#10083=EDGE_LOOP('',(#12458));
#10084=FACE_OUTER_BOUND('',#10085,.T.);
#10085=EDGE_LOOP('',(#12459));
#10086=CONICAL_SURFACE('',#10087,0.445,0.785398163397449);
#10087=AXIS2_PLACEMENT_3D('',#10088,#10089,#10090);
#10088=CARTESIAN_POINT('',(60.96,-1.3164953090834E-017,0.215));
#10089=DIRECTION('',(-6.12323399573677E-017,-6.12323399573677E-017,1.));
#10090=DIRECTION('',(-1.,-1.22464679914735E-016,-6.12323399573677E-017));
#10091=FACE_OUTER_BOUND('',#10092,.T.);
#10092=EDGE_LOOP('',(#12460));
#10093=FACE_OUTER_BOUND('',#10094,.T.);
#10094=EDGE_LOOP('',(#12461));
#10095=CYLINDRICAL_SURFACE('',#10096,0.23);
#10096=AXIS2_PLACEMENT_3D('',#10097,#10098,#10099);
#10097=CARTESIAN_POINT('',(60.96,1.57367113690435E-016,-2.57));
#10098=DIRECTION('',(-6.12323399573677E-017,-6.12323399573677E-017,1.));
#10099=DIRECTION('',(-1.,-1.22464679914735E-016,-6.12323399573677E-017));
#10100=FACE_OUTER_BOUND('',#10101,.T.);
#10101=EDGE_LOOP('',(#12462));
#10102=SPHERICAL_SURFACE('',#10103,0.23);
#10103=AXIS2_PLACEMENT_3D('',#10104,#10105,#10106);
#10104=CARTESIAN_POINT('',(60.96,1.57367113690435E-016,-2.57));
#10105=DIRECTION('',(-6.12323399573677E-017,-6.12323399573677E-017,1.));
#10106=DIRECTION('',(-1.,-1.22464679914735E-016,-6.12323399573677E-017));
#10107=FACE_OUTER_BOUND('',#10108,.T.);
#10108=EDGE_LOOP('',(#12463));
#10109=SPHERICAL_SURFACE('',#10110,0.23);
#10110=AXIS2_PLACEMENT_3D('',#10111,#10112,#10113);
#10111=CARTESIAN_POINT('',(63.5,-4.26789409502853E-016,6.97));
#10112=DIRECTION('',(-6.12323399573677E-017,-6.12323399573677E-017,1.));
#10113=DIRECTION('',(-1.,-1.22464679914736E-016,-6.12323399573677E-017));
#10114=FACE_OUTER_BOUND('',#10115,.T.);
#10115=EDGE_LOOP('',(#12464));
#10116=FACE_OUTER_BOUND('',#10117,.T.);
#10117=EDGE_LOOP('',(#12465));
#10118=CYLINDRICAL_SURFACE('',#10119,0.23);
#10119=AXIS2_PLACEMENT_3D('',#10120,#10121,#10122);
#10120=CARTESIAN_POINT('',(63.5,-2.20436423846524E-016,3.6));
#10121=DIRECTION('',(-6.12323399573677E-017,-6.12323399573677E-017,1.));
#10122=DIRECTION('',(-1.,-1.22464679914735E-016,-6.12323399573677E-017));
#10123=FACE_BOUND('',#10124,.T.);
#10124=EDGE_LOOP('',(#12466));
#10125=FACE_BOUND('',#10126,.T.);
#10126=EDGE_LOOP('',(#12467));
#10127=PLANE('',#10128);
#10128=AXIS2_PLACEMENT_3D('',#10129,#10130,#10131);
#10129=CARTESIAN_POINT('',(63.5,-2.20436423846524E-016,3.6));
#10130=DIRECTION('',(-6.12323399573677E-017,-6.12323399573677E-017,1.));
#10131=DIRECTION('',(-1.,-1.22464679914735E-016,-6.12323399573677E-017));
#10132=FACE_OUTER_BOUND('',#10133,.T.);
#10133=EDGE_LOOP('',(#12468));
#10134=FACE_OUTER_BOUND('',#10135,.T.);
#10135=EDGE_LOOP('',(#12469));
#10136=CYLINDRICAL_SURFACE('',#10137,0.9);
#10137=AXIS2_PLACEMENT_3D('',#10138,#10139,#10140);
#10138=CARTESIAN_POINT('',(63.5,-1.8982025386784E-016,3.1));
#10139=DIRECTION('',(-6.12323399573677E-017,-6.12323399573677E-017,1.));
#10140=DIRECTION('',(-1.,-1.22464679914735E-016,-6.12323399573677E-017));
#10141=FACE_BOUND('',#10142,.T.);
#10142=EDGE_LOOP('',(#12470));
#10143=FACE_BOUND('',#10144,.T.);
#10144=EDGE_LOOP('',(#12471));
#10145=PLANE('',#10146);
#10146=AXIS2_PLACEMENT_3D('',#10147,#10148,#10149);
#10147=CARTESIAN_POINT('',(63.5,-1.8982025386784E-016,3.1));
#10148=DIRECTION('',(6.12323399573677E-017,6.12323399573677E-017,-1.));
#10149=DIRECTION('',(-1.,-1.22464679914735E-016,-6.12323399573677E-017));
#10150=FACE_OUTER_BOUND('',#10151,.T.);
#10151=EDGE_LOOP('',(#12472));
#10152=FACE_OUTER_BOUND('',#10153,.T.);
#10153=EDGE_LOOP('',(#12473));
#10154=CYLINDRICAL_SURFACE('',#10155,0.66);
#10155=AXIS2_PLACEMENT_3D('',#10156,#10157,#10158);
#10156=CARTESIAN_POINT('',(63.5,-2.63299061816681E-017,0.43));
#10157=DIRECTION('',(-6.12323399573677E-017,-6.12323399573677E-017,1.));
#10158=DIRECTION('',(-1.,-1.22464679914735E-016,-6.12323399573677E-017));
#10159=FACE_OUTER_BOUND('',#10160,.T.);
#10160=EDGE_LOOP('',(#12474));
#10161=FACE_OUTER_BOUND('',#10162,.T.);
#10162=EDGE_LOOP('',(#12475));
#10163=CONICAL_SURFACE('',#10164,0.445,0.785398163397449);
#10164=AXIS2_PLACEMENT_3D('',#10165,#10166,#10167);
#10165=CARTESIAN_POINT('',(63.5,-1.3164953090834E-017,0.215));
#10166=DIRECTION('',(-6.12323399573677E-017,-6.12323399573677E-017,1.));
#10167=DIRECTION('',(-1.,-1.22464679914735E-016,-6.12323399573677E-017));
#10168=FACE_OUTER_BOUND('',#10169,.T.);
#10169=EDGE_LOOP('',(#12476));
#10170=FACE_OUTER_BOUND('',#10171,.T.);
#10171=EDGE_LOOP('',(#12477));
#10172=CYLINDRICAL_SURFACE('',#10173,0.23);
#10173=AXIS2_PLACEMENT_3D('',#10174,#10175,#10176);
#10174=CARTESIAN_POINT('',(63.5,1.57367113690435E-016,-2.57));
#10175=DIRECTION('',(-6.12323399573677E-017,-6.12323399573677E-017,1.));
#10176=DIRECTION('',(-1.,-1.22464679914735E-016,-6.12323399573677E-017));
#10177=FACE_OUTER_BOUND('',#10178,.T.);
#10178=EDGE_LOOP('',(#12478));
#10179=SPHERICAL_SURFACE('',#10180,0.23);
#10180=AXIS2_PLACEMENT_3D('',#10181,#10182,#10183);
#10181=CARTESIAN_POINT('',(63.5,1.57367113690435E-016,-2.57));
#10182=DIRECTION('',(-6.12323399573677E-017,-6.12323399573677E-017,1.));
#10183=DIRECTION('',(-1.,-1.22464679914735E-016,-6.12323399573677E-017));
#10184=FACE_OUTER_BOUND('',#10185,.T.);
#10185=EDGE_LOOP('',(#12479));
#10186=SPHERICAL_SURFACE('',#10187,0.23);
#10187=AXIS2_PLACEMENT_3D('',#10188,#10189,#10190);
#10188=CARTESIAN_POINT('',(66.04,-4.26789409502853E-016,6.97));
#10189=DIRECTION('',(-6.12323399573677E-017,-6.12323399573677E-017,1.));
#10190=DIRECTION('',(-1.,-1.22464679914736E-016,-6.12323399573677E-017));
#10191=FACE_OUTER_BOUND('',#10192,.T.);
#10192=EDGE_LOOP('',(#12480));
#10193=FACE_OUTER_BOUND('',#10194,.T.);
#10194=EDGE_LOOP('',(#12481));
#10195=CYLINDRICAL_SURFACE('',#10196,0.23);
#10196=AXIS2_PLACEMENT_3D('',#10197,#10198,#10199);
#10197=CARTESIAN_POINT('',(66.04,-2.20436423846524E-016,3.6));
#10198=DIRECTION('',(-6.12323399573677E-017,-6.12323399573677E-017,1.));
#10199=DIRECTION('',(-1.,-1.22464679914735E-016,-6.12323399573677E-017));
#10200=FACE_BOUND('',#10201,.T.);
#10201=EDGE_LOOP('',(#12482));
#10202=FACE_BOUND('',#10203,.T.);
#10203=EDGE_LOOP('',(#12483));
#10204=PLANE('',#10205);
#10205=AXIS2_PLACEMENT_3D('',#10206,#10207,#10208);
#10206=CARTESIAN_POINT('',(66.04,-2.20436423846524E-016,3.6));
#10207=DIRECTION('',(-6.12323399573677E-017,-6.12323399573677E-017,1.));
#10208=DIRECTION('',(-1.,-1.22464679914735E-016,-6.12323399573677E-017));
#10209=FACE_OUTER_BOUND('',#10210,.T.);
#10210=EDGE_LOOP('',(#12484));
#10211=FACE_OUTER_BOUND('',#10212,.T.);
#10212=EDGE_LOOP('',(#12485));
#10213=CYLINDRICAL_SURFACE('',#10214,0.9);
#10214=AXIS2_PLACEMENT_3D('',#10215,#10216,#10217);
#10215=CARTESIAN_POINT('',(66.04,-1.8982025386784E-016,3.1));
#10216=DIRECTION('',(-6.12323399573677E-017,-6.12323399573677E-017,1.));
#10217=DIRECTION('',(-1.,-1.22464679914735E-016,-6.12323399573677E-017));
#10218=FACE_BOUND('',#10219,.T.);
#10219=EDGE_LOOP('',(#12486));
#10220=FACE_BOUND('',#10221,.T.);
#10221=EDGE_LOOP('',(#12487));
#10222=PLANE('',#10223);
#10223=AXIS2_PLACEMENT_3D('',#10224,#10225,#10226);
#10224=CARTESIAN_POINT('',(66.04,-1.8982025386784E-016,3.1));
#10225=DIRECTION('',(6.12323399573677E-017,6.12323399573677E-017,-1.));
#10226=DIRECTION('',(-1.,-1.22464679914735E-016,-6.12323399573677E-017));
#10227=FACE_OUTER_BOUND('',#10228,.T.);
#10228=EDGE_LOOP('',(#12488));
#10229=FACE_OUTER_BOUND('',#10230,.T.);
#10230=EDGE_LOOP('',(#12489));
#10231=CYLINDRICAL_SURFACE('',#10232,0.66);
#10232=AXIS2_PLACEMENT_3D('',#10233,#10234,#10235);
#10233=CARTESIAN_POINT('',(66.04,-2.63299061816681E-017,0.43));
#10234=DIRECTION('',(-6.12323399573677E-017,-6.12323399573677E-017,1.));
#10235=DIRECTION('',(-1.,-1.22464679914735E-016,-6.12323399573677E-017));
#10236=FACE_OUTER_BOUND('',#10237,.T.);
#10237=EDGE_LOOP('',(#12490));
#10238=FACE_OUTER_BOUND('',#10239,.T.);
#10239=EDGE_LOOP('',(#12491));
#10240=CONICAL_SURFACE('',#10241,0.445,0.785398163397449);
#10241=AXIS2_PLACEMENT_3D('',#10242,#10243,#10244);
#10242=CARTESIAN_POINT('',(66.04,-1.3164953090834E-017,0.215));
#10243=DIRECTION('',(-6.12323399573677E-017,-6.12323399573677E-017,1.));
#10244=DIRECTION('',(-1.,-1.22464679914735E-016,-6.12323399573677E-017));
#10245=FACE_OUTER_BOUND('',#10246,.T.);
#10246=EDGE_LOOP('',(#12492));
#10247=FACE_OUTER_BOUND('',#10248,.T.);
#10248=EDGE_LOOP('',(#12493));
#10249=CYLINDRICAL_SURFACE('',#10250,0.23);
#10250=AXIS2_PLACEMENT_3D('',#10251,#10252,#10253);
#10251=CARTESIAN_POINT('',(66.04,1.57367113690435E-016,-2.57));
#10252=DIRECTION('',(-6.12323399573677E-017,-6.12323399573677E-017,1.));
#10253=DIRECTION('',(-1.,-1.22464679914735E-016,-6.12323399573677E-017));
#10254=FACE_OUTER_BOUND('',#10255,.T.);
#10255=EDGE_LOOP('',(#12494));
#10256=SPHERICAL_SURFACE('',#10257,0.23);
#10257=AXIS2_PLACEMENT_3D('',#10258,#10259,#10260);
#10258=CARTESIAN_POINT('',(66.04,1.57367113690435E-016,-2.57));
#10259=DIRECTION('',(-6.12323399573677E-017,-6.12323399573677E-017,1.));
#10260=DIRECTION('',(-1.,-1.22464679914735E-016,-6.12323399573677E-017));
#10261=FACE_OUTER_BOUND('',#10262,.T.);
#10262=EDGE_LOOP('',(#12495));
#10263=SPHERICAL_SURFACE('',#10264,0.23);
#10264=AXIS2_PLACEMENT_3D('',#10265,#10266,#10267);
#10265=CARTESIAN_POINT('',(68.58,-4.26789409502853E-016,6.97));
#10266=DIRECTION('',(-6.12323399573677E-017,-6.12323399573677E-017,1.));
#10267=DIRECTION('',(-1.,-1.22464679914736E-016,-6.12323399573677E-017));
#10268=FACE_OUTER_BOUND('',#10269,.T.);
#10269=EDGE_LOOP('',(#12496));
#10270=FACE_OUTER_BOUND('',#10271,.T.);
#10271=EDGE_LOOP('',(#12497));
#10272=CYLINDRICAL_SURFACE('',#10273,0.23);
#10273=AXIS2_PLACEMENT_3D('',#10274,#10275,#10276);
#10274=CARTESIAN_POINT('',(68.58,-2.20436423846524E-016,3.6));
#10275=DIRECTION('',(-6.12323399573677E-017,-6.12323399573677E-017,1.));
#10276=DIRECTION('',(-1.,-1.22464679914735E-016,-6.12323399573677E-017));
#10277=FACE_BOUND('',#10278,.T.);
#10278=EDGE_LOOP('',(#12498));
#10279=FACE_BOUND('',#10280,.T.);
#10280=EDGE_LOOP('',(#12499));
#10281=PLANE('',#10282);
#10282=AXIS2_PLACEMENT_3D('',#10283,#10284,#10285);
#10283=CARTESIAN_POINT('',(68.58,-2.20436423846524E-016,3.6));
#10284=DIRECTION('',(-6.12323399573677E-017,-6.12323399573677E-017,1.));
#10285=DIRECTION('',(-1.,-1.22464679914735E-016,-6.12323399573677E-017));
#10286=FACE_OUTER_BOUND('',#10287,.T.);
#10287=EDGE_LOOP('',(#12500));
#10288=FACE_OUTER_BOUND('',#10289,.T.);
#10289=EDGE_LOOP('',(#12501));
#10290=CYLINDRICAL_SURFACE('',#10291,0.9);
#10291=AXIS2_PLACEMENT_3D('',#10292,#10293,#10294);
#10292=CARTESIAN_POINT('',(68.58,-1.8982025386784E-016,3.1));
#10293=DIRECTION('',(-6.12323399573677E-017,-6.12323399573677E-017,1.));
#10294=DIRECTION('',(-1.,-1.22464679914735E-016,-6.12323399573677E-017));
#10295=FACE_BOUND('',#10296,.T.);
#10296=EDGE_LOOP('',(#12502));
#10297=FACE_BOUND('',#10298,.T.);
#10298=EDGE_LOOP('',(#12503));
#10299=PLANE('',#10300);
#10300=AXIS2_PLACEMENT_3D('',#10301,#10302,#10303);
#10301=CARTESIAN_POINT('',(68.58,-1.8982025386784E-016,3.1));
#10302=DIRECTION('',(6.12323399573677E-017,6.12323399573677E-017,-1.));
#10303=DIRECTION('',(-1.,-1.22464679914735E-016,-6.12323399573677E-017));
#10304=FACE_OUTER_BOUND('',#10305,.T.);
#10305=EDGE_LOOP('',(#12504));
#10306=FACE_OUTER_BOUND('',#10307,.T.);
#10307=EDGE_LOOP('',(#12505));
#10308=CYLINDRICAL_SURFACE('',#10309,0.66);
#10309=AXIS2_PLACEMENT_3D('',#10310,#10311,#10312);
#10310=CARTESIAN_POINT('',(68.58,-2.63299061816681E-017,0.43));
#10311=DIRECTION('',(-6.12323399573677E-017,-6.12323399573677E-017,1.));
#10312=DIRECTION('',(-1.,-1.22464679914735E-016,-6.12323399573677E-017));
#10313=FACE_OUTER_BOUND('',#10314,.T.);
#10314=EDGE_LOOP('',(#12506));
#10315=FACE_OUTER_BOUND('',#10316,.T.);
#10316=EDGE_LOOP('',(#12507));
#10317=CONICAL_SURFACE('',#10318,0.445,0.785398163397449);
#10318=AXIS2_PLACEMENT_3D('',#10319,#10320,#10321);
#10319=CARTESIAN_POINT('',(68.58,-1.3164953090834E-017,0.215));
#10320=DIRECTION('',(-6.12323399573677E-017,-6.12323399573677E-017,1.));
#10321=DIRECTION('',(-1.,-1.22464679914735E-016,-6.12323399573677E-017));
#10322=FACE_OUTER_BOUND('',#10323,.T.);
#10323=EDGE_LOOP('',(#12508));
#10324=FACE_OUTER_BOUND('',#10325,.T.);
#10325=EDGE_LOOP('',(#12509));
#10326=CYLINDRICAL_SURFACE('',#10327,0.23);
#10327=AXIS2_PLACEMENT_3D('',#10328,#10329,#10330);
#10328=CARTESIAN_POINT('',(68.58,1.57367113690435E-016,-2.57));
#10329=DIRECTION('',(-6.12323399573677E-017,-6.12323399573677E-017,1.));
#10330=DIRECTION('',(-1.,-1.22464679914735E-016,-6.12323399573677E-017));
#10331=FACE_OUTER_BOUND('',#10332,.T.);
#10332=EDGE_LOOP('',(#12510));
#10333=SPHERICAL_SURFACE('',#10334,0.23);
#10334=AXIS2_PLACEMENT_3D('',#10335,#10336,#10337);
#10335=CARTESIAN_POINT('',(68.58,1.57367113690435E-016,-2.57));
#10336=DIRECTION('',(-6.12323399573677E-017,-6.12323399573677E-017,1.));
#10337=DIRECTION('',(-1.,-1.22464679914735E-016,-6.12323399573677E-017));
#10338=FACE_OUTER_BOUND('',#10339,.T.);
#10339=EDGE_LOOP('',(#12511));
#10340=SPHERICAL_SURFACE('',#10341,0.23);
#10341=AXIS2_PLACEMENT_3D('',#10342,#10343,#10344);
#10342=CARTESIAN_POINT('',(71.12,-4.26789409502853E-016,6.97));
#10343=DIRECTION('',(-6.12323399573677E-017,-6.12323399573677E-017,1.));
#10344=DIRECTION('',(-1.,-1.22464679914736E-016,-6.12323399573677E-017));
#10345=FACE_OUTER_BOUND('',#10346,.T.);
#10346=EDGE_LOOP('',(#12512));
#10347=FACE_OUTER_BOUND('',#10348,.T.);
#10348=EDGE_LOOP('',(#12513));
#10349=CYLINDRICAL_SURFACE('',#10350,0.23);
#10350=AXIS2_PLACEMENT_3D('',#10351,#10352,#10353);
#10351=CARTESIAN_POINT('',(71.12,-2.20436423846524E-016,3.6));
#10352=DIRECTION('',(-6.12323399573677E-017,-6.12323399573677E-017,1.));
#10353=DIRECTION('',(-1.,-1.22464679914735E-016,-6.12323399573677E-017));
#10354=FACE_BOUND('',#10355,.T.);
#10355=EDGE_LOOP('',(#12514));
#10356=FACE_BOUND('',#10357,.T.);
#10357=EDGE_LOOP('',(#12515));
#10358=PLANE('',#10359);
#10359=AXIS2_PLACEMENT_3D('',#10360,#10361,#10362);
#10360=CARTESIAN_POINT('',(71.12,-2.20436423846524E-016,3.6));
#10361=DIRECTION('',(-6.12323399573677E-017,-6.12323399573677E-017,1.));
#10362=DIRECTION('',(-1.,-1.22464679914735E-016,-6.12323399573677E-017));
#10363=FACE_OUTER_BOUND('',#10364,.T.);
#10364=EDGE_LOOP('',(#12516));
#10365=FACE_OUTER_BOUND('',#10366,.T.);
#10366=EDGE_LOOP('',(#12517));
#10367=CYLINDRICAL_SURFACE('',#10368,0.9);
#10368=AXIS2_PLACEMENT_3D('',#10369,#10370,#10371);
#10369=CARTESIAN_POINT('',(71.12,-1.8982025386784E-016,3.1));
#10370=DIRECTION('',(-6.12323399573677E-017,-6.12323399573677E-017,1.));
#10371=DIRECTION('',(-1.,-1.22464679914735E-016,-6.12323399573677E-017));
#10372=FACE_BOUND('',#10373,.T.);
#10373=EDGE_LOOP('',(#12518));
#10374=FACE_BOUND('',#10375,.T.);
#10375=EDGE_LOOP('',(#12519));
#10376=PLANE('',#10377);
#10377=AXIS2_PLACEMENT_3D('',#10378,#10379,#10380);
#10378=CARTESIAN_POINT('',(71.12,-1.8982025386784E-016,3.1));
#10379=DIRECTION('',(6.12323399573677E-017,6.12323399573677E-017,-1.));
#10380=DIRECTION('',(-1.,-1.22464679914735E-016,-6.12323399573677E-017));
#10381=FACE_OUTER_BOUND('',#10382,.T.);
#10382=EDGE_LOOP('',(#12520));
#10383=FACE_OUTER_BOUND('',#10384,.T.);
#10384=EDGE_LOOP('',(#12521));
#10385=CYLINDRICAL_SURFACE('',#10386,0.66);
#10386=AXIS2_PLACEMENT_3D('',#10387,#10388,#10389);
#10387=CARTESIAN_POINT('',(71.12,-2.63299061816681E-017,0.43));
#10388=DIRECTION('',(-6.12323399573677E-017,-6.12323399573677E-017,1.));
#10389=DIRECTION('',(-1.,-1.22464679914735E-016,-6.12323399573677E-017));
#10390=FACE_OUTER_BOUND('',#10391,.T.);
#10391=EDGE_LOOP('',(#12522));
#10392=FACE_OUTER_BOUND('',#10393,.T.);
#10393=EDGE_LOOP('',(#12523));
#10394=CONICAL_SURFACE('',#10395,0.445,0.785398163397449);
#10395=AXIS2_PLACEMENT_3D('',#10396,#10397,#10398);
#10396=CARTESIAN_POINT('',(71.12,-1.3164953090834E-017,0.215));
#10397=DIRECTION('',(-6.12323399573677E-017,-6.12323399573677E-017,1.));
#10398=DIRECTION('',(-1.,-1.22464679914735E-016,-6.12323399573677E-017));
#10399=FACE_OUTER_BOUND('',#10400,.T.);
#10400=EDGE_LOOP('',(#12524));
#10401=FACE_OUTER_BOUND('',#10402,.T.);
#10402=EDGE_LOOP('',(#12525));
#10403=CYLINDRICAL_SURFACE('',#10404,0.23);
#10404=AXIS2_PLACEMENT_3D('',#10405,#10406,#10407);
#10405=CARTESIAN_POINT('',(71.12,1.57367113690435E-016,-2.57));
#10406=DIRECTION('',(-6.12323399573677E-017,-6.12323399573677E-017,1.));
#10407=DIRECTION('',(-1.,-1.22464679914735E-016,-6.12323399573677E-017));
#10408=FACE_OUTER_BOUND('',#10409,.T.);
#10409=EDGE_LOOP('',(#12526));
#10410=SPHERICAL_SURFACE('',#10411,0.23);
#10411=AXIS2_PLACEMENT_3D('',#10412,#10413,#10414);
#10412=CARTESIAN_POINT('',(71.12,1.57367113690435E-016,-2.57));
#10413=DIRECTION('',(-6.12323399573677E-017,-6.12323399573677E-017,1.));
#10414=DIRECTION('',(-1.,-1.22464679914735E-016,-6.12323399573677E-017));
#10415=ORIENTED_EDGE('',*,*,#12527,.T.);
#10416=ORIENTED_EDGE('',*,*,#12528,.F.);
#10417=ORIENTED_EDGE('',*,*,#12529,.T.);
#10418=ORIENTED_EDGE('',*,*,#12530,.F.);
#10419=ORIENTED_EDGE('',*,*,#12531,.T.);
#10420=ORIENTED_EDGE('',*,*,#12532,.F.);
#10421=ORIENTED_EDGE('',*,*,#12533,.T.);
#10422=ORIENTED_EDGE('',*,*,#12534,.F.);
#10423=ORIENTED_EDGE('',*,*,#12535,.T.);
#10424=ORIENTED_EDGE('',*,*,#12536,.F.);
#10425=ORIENTED_EDGE('',*,*,#12537,.T.);
#10426=ORIENTED_EDGE('',*,*,#12538,.F.);
#10427=ORIENTED_EDGE('',*,*,#12539,.T.);
#10428=ORIENTED_EDGE('',*,*,#12540,.F.);
#10429=ORIENTED_EDGE('',*,*,#12541,.T.);
#10430=ORIENTED_EDGE('',*,*,#12542,.F.);
#10431=ORIENTED_EDGE('',*,*,#12543,.T.);
#10432=ORIENTED_EDGE('',*,*,#12544,.F.);
#10433=ORIENTED_EDGE('',*,*,#12545,.T.);
#10434=ORIENTED_EDGE('',*,*,#12546,.F.);
#10435=ORIENTED_EDGE('',*,*,#12547,.T.);
#10436=ORIENTED_EDGE('',*,*,#12548,.F.);
#10437=ORIENTED_EDGE('',*,*,#12549,.T.);
#10438=ORIENTED_EDGE('',*,*,#12550,.F.);
#10439=ORIENTED_EDGE('',*,*,#12551,.T.);
#10440=ORIENTED_EDGE('',*,*,#12552,.F.);
#10441=ORIENTED_EDGE('',*,*,#12553,.T.);
#10442=ORIENTED_EDGE('',*,*,#12554,.F.);
#10443=ORIENTED_EDGE('',*,*,#12555,.T.);
#10444=ORIENTED_EDGE('',*,*,#12556,.F.);
#10445=ORIENTED_EDGE('',*,*,#12557,.T.);
#10446=ORIENTED_EDGE('',*,*,#12558,.F.);
#10447=ORIENTED_EDGE('',*,*,#12559,.T.);
#10448=ORIENTED_EDGE('',*,*,#12560,.F.);
#10449=ORIENTED_EDGE('',*,*,#12561,.T.);
#10450=ORIENTED_EDGE('',*,*,#12562,.F.);
#10451=ORIENTED_EDGE('',*,*,#12563,.T.);
#10452=ORIENTED_EDGE('',*,*,#12564,.F.);
#10453=ORIENTED_EDGE('',*,*,#12565,.T.);
#10454=ORIENTED_EDGE('',*,*,#12566,.F.);
#10455=ORIENTED_EDGE('',*,*,#12567,.T.);
#10456=ORIENTED_EDGE('',*,*,#12568,.F.);
#10457=ORIENTED_EDGE('',*,*,#12569,.T.);
#10458=ORIENTED_EDGE('',*,*,#12570,.F.);
#10459=ORIENTED_EDGE('',*,*,#12571,.T.);
#10460=ORIENTED_EDGE('',*,*,#12572,.F.);
#10461=ORIENTED_EDGE('',*,*,#12573,.T.);
#10462=ORIENTED_EDGE('',*,*,#12574,.F.);
#10463=ORIENTED_EDGE('',*,*,#12575,.T.);
#10464=ORIENTED_EDGE('',*,*,#12576,.F.);
#10465=ORIENTED_EDGE('',*,*,#12577,.T.);
#10466=ORIENTED_EDGE('',*,*,#12578,.F.);
#10467=ORIENTED_EDGE('',*,*,#12579,.T.);
#10468=ORIENTED_EDGE('',*,*,#12580,.F.);
#10469=ORIENTED_EDGE('',*,*,#12581,.T.);
#10470=ORIENTED_EDGE('',*,*,#12582,.F.);
#10471=ORIENTED_EDGE('',*,*,#12583,.T.);
#10472=ORIENTED_EDGE('',*,*,#12584,.T.);
#10473=ORIENTED_EDGE('',*,*,#12585,.T.);
#10474=ORIENTED_EDGE('',*,*,#12586,.T.);
#10475=ORIENTED_EDGE('',*,*,#12587,.T.);
#10476=ORIENTED_EDGE('',*,*,#12588,.T.);
#10477=ORIENTED_EDGE('',*,*,#12589,.T.);
#10478=ORIENTED_EDGE('',*,*,#12590,.T.);
#10479=ORIENTED_EDGE('',*,*,#12591,.T.);
#10480=ORIENTED_EDGE('',*,*,#12592,.T.);
#10481=ORIENTED_EDGE('',*,*,#12593,.T.);
#10482=ORIENTED_EDGE('',*,*,#12594,.T.);
#10483=ORIENTED_EDGE('',*,*,#12595,.T.);
#10484=ORIENTED_EDGE('',*,*,#12596,.T.);
#10485=ORIENTED_EDGE('',*,*,#12597,.T.);
#10486=ORIENTED_EDGE('',*,*,#12598,.T.);
#10487=ORIENTED_EDGE('',*,*,#12599,.T.);
#10488=ORIENTED_EDGE('',*,*,#12600,.T.);
#10489=ORIENTED_EDGE('',*,*,#12601,.T.);
#10490=ORIENTED_EDGE('',*,*,#12602,.T.);
#10491=ORIENTED_EDGE('',*,*,#12603,.T.);
#10492=ORIENTED_EDGE('',*,*,#12604,.T.);
#10493=ORIENTED_EDGE('',*,*,#12605,.T.);
#10494=ORIENTED_EDGE('',*,*,#12606,.T.);
#10495=ORIENTED_EDGE('',*,*,#12607,.T.);
#10496=ORIENTED_EDGE('',*,*,#12608,.T.);
#10497=ORIENTED_EDGE('',*,*,#12609,.T.);
#10498=ORIENTED_EDGE('',*,*,#12610,.T.);
#10499=ORIENTED_EDGE('',*,*,#12611,.T.);
#10500=ORIENTED_EDGE('',*,*,#12612,.T.);
#10501=ORIENTED_EDGE('',*,*,#12613,.T.);
#10502=ORIENTED_EDGE('',*,*,#12614,.T.);
#10503=ORIENTED_EDGE('',*,*,#12615,.T.);
#10504=ORIENTED_EDGE('',*,*,#12616,.T.);
#10505=ORIENTED_EDGE('',*,*,#12617,.T.);
#10506=ORIENTED_EDGE('',*,*,#12618,.T.);
#10507=ORIENTED_EDGE('',*,*,#12619,.T.);
#10508=ORIENTED_EDGE('',*,*,#12620,.T.);
#10509=ORIENTED_EDGE('',*,*,#12621,.T.);
#10510=ORIENTED_EDGE('',*,*,#12622,.T.);
#10511=ORIENTED_EDGE('',*,*,#12623,.T.);
#10512=ORIENTED_EDGE('',*,*,#12624,.T.);
#10513=ORIENTED_EDGE('',*,*,#12625,.T.);
#10514=ORIENTED_EDGE('',*,*,#12626,.T.);
#10515=ORIENTED_EDGE('',*,*,#12627,.T.);
#10516=ORIENTED_EDGE('',*,*,#12628,.T.);
#10517=ORIENTED_EDGE('',*,*,#12629,.T.);
#10518=ORIENTED_EDGE('',*,*,#12630,.T.);
#10519=ORIENTED_EDGE('',*,*,#12631,.T.);
#10520=ORIENTED_EDGE('',*,*,#12632,.T.);
#10521=ORIENTED_EDGE('',*,*,#12633,.T.);
#10522=ORIENTED_EDGE('',*,*,#12634,.T.);
#10523=ORIENTED_EDGE('',*,*,#12635,.T.);
#10524=ORIENTED_EDGE('',*,*,#12636,.T.);
#10525=ORIENTED_EDGE('',*,*,#12637,.T.);
#10526=ORIENTED_EDGE('',*,*,#12638,.T.);
#10527=ORIENTED_EDGE('',*,*,#12639,.T.);
#10528=ORIENTED_EDGE('',*,*,#12640,.T.);
#10529=ORIENTED_EDGE('',*,*,#12641,.T.);
#10530=ORIENTED_EDGE('',*,*,#12642,.T.);
#10531=ORIENTED_EDGE('',*,*,#12643,.T.);
#10532=ORIENTED_EDGE('',*,*,#12644,.T.);
#10533=ORIENTED_EDGE('',*,*,#12645,.T.);
#10534=ORIENTED_EDGE('',*,*,#12646,.T.);
#10535=ORIENTED_EDGE('',*,*,#12647,.T.);
#10536=ORIENTED_EDGE('',*,*,#12648,.T.);
#10537=ORIENTED_EDGE('',*,*,#12649,.T.);
#10538=ORIENTED_EDGE('',*,*,#12650,.T.);
#10539=ORIENTED_EDGE('',*,*,#12651,.T.);
#10540=ORIENTED_EDGE('',*,*,#12652,.T.);
#10541=ORIENTED_EDGE('',*,*,#12653,.T.);
#10542=ORIENTED_EDGE('',*,*,#12654,.T.);
#10543=ORIENTED_EDGE('',*,*,#12655,.T.);
#10544=ORIENTED_EDGE('',*,*,#12656,.T.);
#10545=ORIENTED_EDGE('',*,*,#12657,.T.);
#10546=ORIENTED_EDGE('',*,*,#12658,.T.);
#10547=ORIENTED_EDGE('',*,*,#12659,.T.);
#10548=ORIENTED_EDGE('',*,*,#12660,.T.);
#10549=ORIENTED_EDGE('',*,*,#12661,.T.);
#10550=ORIENTED_EDGE('',*,*,#12662,.T.);
#10551=ORIENTED_EDGE('',*,*,#12663,.T.);
#10552=ORIENTED_EDGE('',*,*,#12664,.T.);
#10553=ORIENTED_EDGE('',*,*,#12665,.T.);
#10554=ORIENTED_EDGE('',*,*,#12666,.T.);
#10555=ORIENTED_EDGE('',*,*,#12667,.T.);
#10556=ORIENTED_EDGE('',*,*,#12668,.T.);
#10557=ORIENTED_EDGE('',*,*,#12669,.T.);
#10558=ORIENTED_EDGE('',*,*,#12670,.T.);
#10559=ORIENTED_EDGE('',*,*,#12671,.T.);
#10560=ORIENTED_EDGE('',*,*,#12672,.T.);
#10561=ORIENTED_EDGE('',*,*,#12673,.T.);
#10562=ORIENTED_EDGE('',*,*,#12674,.T.);
#10563=ORIENTED_EDGE('',*,*,#12675,.T.);
#10564=ORIENTED_EDGE('',*,*,#12676,.T.);
#10565=ORIENTED_EDGE('',*,*,#12677,.T.);
#10566=ORIENTED_EDGE('',*,*,#12678,.T.);
#10567=ORIENTED_EDGE('',*,*,#12679,.T.);
#10568=ORIENTED_EDGE('',*,*,#12680,.T.);
#10569=ORIENTED_EDGE('',*,*,#12681,.T.);
#10570=ORIENTED_EDGE('',*,*,#12682,.T.);
#10571=ORIENTED_EDGE('',*,*,#12683,.T.);
#10572=ORIENTED_EDGE('',*,*,#12684,.T.);
#10573=ORIENTED_EDGE('',*,*,#12685,.T.);
#10574=ORIENTED_EDGE('',*,*,#12686,.T.);
#10575=ORIENTED_EDGE('',*,*,#12687,.T.);
#10576=ORIENTED_EDGE('',*,*,#12688,.T.);
#10577=ORIENTED_EDGE('',*,*,#12689,.T.);
#10578=ORIENTED_EDGE('',*,*,#12690,.T.);
#10579=ORIENTED_EDGE('',*,*,#12691,.T.);
#10580=ORIENTED_EDGE('',*,*,#12692,.T.);
#10581=ORIENTED_EDGE('',*,*,#12693,.T.);
#10582=ORIENTED_EDGE('',*,*,#12694,.T.);
#10583=ORIENTED_EDGE('',*,*,#12695,.T.);
#10584=ORIENTED_EDGE('',*,*,#12696,.T.);
#10585=ORIENTED_EDGE('',*,*,#12697,.T.);
#10586=ORIENTED_EDGE('',*,*,#12698,.T.);
#10587=ORIENTED_EDGE('',*,*,#12699,.T.);
#10588=ORIENTED_EDGE('',*,*,#12700,.T.);
#10589=ORIENTED_EDGE('',*,*,#12701,.T.);
#10590=ORIENTED_EDGE('',*,*,#12702,.T.);
#10591=ORIENTED_EDGE('',*,*,#12703,.T.);
#10592=ORIENTED_EDGE('',*,*,#12704,.T.);
#10593=ORIENTED_EDGE('',*,*,#12705,.T.);
#10594=ORIENTED_EDGE('',*,*,#12706,.T.);
#10595=ORIENTED_EDGE('',*,*,#12707,.T.);
#10596=ORIENTED_EDGE('',*,*,#12708,.T.);
#10597=ORIENTED_EDGE('',*,*,#12709,.T.);
#10598=ORIENTED_EDGE('',*,*,#12710,.T.);
#10599=ORIENTED_EDGE('',*,*,#12711,.T.);
#10600=ORIENTED_EDGE('',*,*,#12712,.T.);
#10601=ORIENTED_EDGE('',*,*,#12713,.T.);
#10602=ORIENTED_EDGE('',*,*,#12714,.T.);
#10603=ORIENTED_EDGE('',*,*,#12715,.T.);
#10604=ORIENTED_EDGE('',*,*,#12716,.T.);
#10605=ORIENTED_EDGE('',*,*,#12717,.T.);
#10606=ORIENTED_EDGE('',*,*,#12718,.T.);
#10607=ORIENTED_EDGE('',*,*,#12719,.T.);
#10608=ORIENTED_EDGE('',*,*,#12720,.T.);
#10609=ORIENTED_EDGE('',*,*,#12721,.T.);
#10610=ORIENTED_EDGE('',*,*,#12722,.T.);
#10611=ORIENTED_EDGE('',*,*,#12723,.T.);
#10612=ORIENTED_EDGE('',*,*,#12724,.T.);
#10613=ORIENTED_EDGE('',*,*,#12725,.T.);
#10614=ORIENTED_EDGE('',*,*,#12726,.T.);
#10615=ORIENTED_EDGE('',*,*,#12727,.T.);
#10616=ORIENTED_EDGE('',*,*,#12728,.T.);
#10617=ORIENTED_EDGE('',*,*,#12729,.T.);
#10618=ORIENTED_EDGE('',*,*,#12730,.T.);
#10619=ORIENTED_EDGE('',*,*,#12731,.T.);
#10620=ORIENTED_EDGE('',*,*,#12732,.T.);
#10621=ORIENTED_EDGE('',*,*,#12733,.T.);
#10622=ORIENTED_EDGE('',*,*,#12734,.T.);
#10623=ORIENTED_EDGE('',*,*,#12735,.T.);
#10624=ORIENTED_EDGE('',*,*,#12736,.T.);
#10625=ORIENTED_EDGE('',*,*,#12737,.T.);
#10626=ORIENTED_EDGE('',*,*,#12738,.T.);
#10627=ORIENTED_EDGE('',*,*,#12739,.T.);
#10628=ORIENTED_EDGE('',*,*,#12740,.T.);
#10629=ORIENTED_EDGE('',*,*,#12741,.T.);
#10630=ORIENTED_EDGE('',*,*,#12742,.T.);
#10631=ORIENTED_EDGE('',*,*,#12743,.T.);
#10632=ORIENTED_EDGE('',*,*,#12744,.T.);
#10633=ORIENTED_EDGE('',*,*,#12745,.T.);
#10634=ORIENTED_EDGE('',*,*,#12746,.T.);
#10635=ORIENTED_EDGE('',*,*,#12747,.T.);
#10636=ORIENTED_EDGE('',*,*,#12748,.T.);
#10637=ORIENTED_EDGE('',*,*,#12749,.T.);
#10638=ORIENTED_EDGE('',*,*,#12750,.T.);
#10639=ORIENTED_EDGE('',*,*,#12751,.T.);
#10640=ORIENTED_EDGE('',*,*,#12752,.T.);
#10641=ORIENTED_EDGE('',*,*,#12753,.T.);
#10642=ORIENTED_EDGE('',*,*,#12754,.T.);
#10643=ORIENTED_EDGE('',*,*,#12755,.T.);
#10644=ORIENTED_EDGE('',*,*,#12756,.T.);
#10645=ORIENTED_EDGE('',*,*,#12757,.T.);
#10646=ORIENTED_EDGE('',*,*,#12758,.T.);
#10647=ORIENTED_EDGE('',*,*,#12759,.T.);
#10648=ORIENTED_EDGE('',*,*,#12760,.T.);
#10649=ORIENTED_EDGE('',*,*,#12761,.T.);
#10650=ORIENTED_EDGE('',*,*,#12762,.T.);
#10651=ORIENTED_EDGE('',*,*,#12763,.T.);
#10652=ORIENTED_EDGE('',*,*,#12764,.T.);
#10653=ORIENTED_EDGE('',*,*,#12765,.T.);
#10654=ORIENTED_EDGE('',*,*,#12766,.T.);
#10655=ORIENTED_EDGE('',*,*,#12767,.T.);
#10656=ORIENTED_EDGE('',*,*,#12768,.T.);
#10657=ORIENTED_EDGE('',*,*,#12769,.T.);
#10658=ORIENTED_EDGE('',*,*,#12770,.T.);
#10659=ORIENTED_EDGE('',*,*,#12771,.T.);
#10660=ORIENTED_EDGE('',*,*,#12772,.T.);
#10661=ORIENTED_EDGE('',*,*,#12773,.T.);
#10662=ORIENTED_EDGE('',*,*,#12774,.T.);
#10663=ORIENTED_EDGE('',*,*,#12775,.T.);
#10664=ORIENTED_EDGE('',*,*,#12776,.T.);
#10665=ORIENTED_EDGE('',*,*,#12777,.T.);
#10666=ORIENTED_EDGE('',*,*,#12778,.T.);
#10667=ORIENTED_EDGE('',*,*,#12779,.T.);
#10668=ORIENTED_EDGE('',*,*,#12780,.T.);
#10669=ORIENTED_EDGE('',*,*,#12781,.T.);
#10670=ORIENTED_EDGE('',*,*,#12782,.T.);
#10671=ORIENTED_EDGE('',*,*,#12783,.T.);
#10672=ORIENTED_EDGE('',*,*,#12784,.T.);
#10673=ORIENTED_EDGE('',*,*,#12785,.T.);
#10674=ORIENTED_EDGE('',*,*,#12786,.T.);
#10675=ORIENTED_EDGE('',*,*,#12787,.T.);
#10676=ORIENTED_EDGE('',*,*,#12788,.T.);
#10677=ORIENTED_EDGE('',*,*,#12789,.T.);
#10678=ORIENTED_EDGE('',*,*,#12790,.T.);
#10679=ORIENTED_EDGE('',*,*,#12791,.T.);
#10680=ORIENTED_EDGE('',*,*,#12792,.T.);
#10681=ORIENTED_EDGE('',*,*,#12793,.T.);
#10682=ORIENTED_EDGE('',*,*,#12794,.T.);
#10683=ORIENTED_EDGE('',*,*,#12795,.T.);
#10684=ORIENTED_EDGE('',*,*,#12796,.T.);
#10685=ORIENTED_EDGE('',*,*,#12797,.T.);
#10686=ORIENTED_EDGE('',*,*,#12798,.T.);
#10687=ORIENTED_EDGE('',*,*,#12799,.T.);
#10688=ORIENTED_EDGE('',*,*,#12800,.T.);
#10689=ORIENTED_EDGE('',*,*,#12801,.T.);
#10690=ORIENTED_EDGE('',*,*,#12802,.T.);
#10691=ORIENTED_EDGE('',*,*,#12803,.T.);
#10692=ORIENTED_EDGE('',*,*,#12804,.T.);
#10693=ORIENTED_EDGE('',*,*,#12805,.T.);
#10694=ORIENTED_EDGE('',*,*,#12806,.T.);
#10695=ORIENTED_EDGE('',*,*,#12807,.T.);
#10696=ORIENTED_EDGE('',*,*,#12808,.T.);
#10697=ORIENTED_EDGE('',*,*,#12809,.T.);
#10698=ORIENTED_EDGE('',*,*,#12810,.T.);
#10699=ORIENTED_EDGE('',*,*,#12811,.T.);
#10700=ORIENTED_EDGE('',*,*,#12812,.T.);
#10701=ORIENTED_EDGE('',*,*,#12813,.T.);
#10702=ORIENTED_EDGE('',*,*,#12814,.T.);
#10703=ORIENTED_EDGE('',*,*,#12815,.T.);
#10704=ORIENTED_EDGE('',*,*,#12816,.T.);
#10705=ORIENTED_EDGE('',*,*,#12817,.T.);
#10706=ORIENTED_EDGE('',*,*,#12818,.T.);
#10707=ORIENTED_EDGE('',*,*,#12819,.T.);
#10708=ORIENTED_EDGE('',*,*,#12820,.T.);
#10709=ORIENTED_EDGE('',*,*,#12821,.T.);
#10710=ORIENTED_EDGE('',*,*,#12822,.T.);
#10711=ORIENTED_EDGE('',*,*,#12823,.T.);
#10712=ORIENTED_EDGE('',*,*,#12824,.T.);
#10713=ORIENTED_EDGE('',*,*,#12825,.T.);
#10714=ORIENTED_EDGE('',*,*,#12826,.T.);
#10715=ORIENTED_EDGE('',*,*,#12827,.T.);
#10716=ORIENTED_EDGE('',*,*,#12828,.T.);
#10717=ORIENTED_EDGE('',*,*,#12829,.T.);
#10718=ORIENTED_EDGE('',*,*,#12830,.T.);
#10719=ORIENTED_EDGE('',*,*,#12831,.T.);
#10720=ORIENTED_EDGE('',*,*,#12832,.T.);
#10721=ORIENTED_EDGE('',*,*,#12833,.T.);
#10722=ORIENTED_EDGE('',*,*,#12834,.T.);
#10723=ORIENTED_EDGE('',*,*,#12835,.T.);
#10724=ORIENTED_EDGE('',*,*,#12836,.T.);
#10725=ORIENTED_EDGE('',*,*,#12837,.T.);
#10726=ORIENTED_EDGE('',*,*,#12838,.T.);
#10727=ORIENTED_EDGE('',*,*,#12839,.T.);
#10728=ORIENTED_EDGE('',*,*,#12840,.T.);
#10729=ORIENTED_EDGE('',*,*,#12841,.T.);
#10730=ORIENTED_EDGE('',*,*,#12842,.T.);
#10731=ORIENTED_EDGE('',*,*,#12843,.T.);
#10732=ORIENTED_EDGE('',*,*,#12844,.T.);
#10733=ORIENTED_EDGE('',*,*,#12845,.T.);
#10734=ORIENTED_EDGE('',*,*,#12846,.T.);
#10735=ORIENTED_EDGE('',*,*,#12847,.T.);
#10736=ORIENTED_EDGE('',*,*,#12848,.T.);
#10737=ORIENTED_EDGE('',*,*,#12529,.F.);
#10738=ORIENTED_EDGE('',*,*,#12846,.F.);
#10739=ORIENTED_EDGE('',*,*,#12848,.F.);
#10740=ORIENTED_EDGE('',*,*,#12849,.T.);
#10741=ORIENTED_EDGE('',*,*,#12527,.F.);
#10742=ORIENTED_EDGE('',*,*,#12845,.F.);
#10743=ORIENTED_EDGE('',*,*,#12849,.F.);
#10744=ORIENTED_EDGE('',*,*,#12850,.T.);
#10745=ORIENTED_EDGE('',*,*,#12531,.F.);
#10746=ORIENTED_EDGE('',*,*,#12844,.F.);
#10747=ORIENTED_EDGE('',*,*,#12850,.F.);
#10748=ORIENTED_EDGE('',*,*,#12851,.T.);
#10749=ORIENTED_EDGE('',*,*,#12533,.F.);
#10750=ORIENTED_EDGE('',*,*,#12843,.F.);
#10751=ORIENTED_EDGE('',*,*,#12851,.F.);
#10752=ORIENTED_EDGE('',*,*,#12852,.T.);
#10753=ORIENTED_EDGE('',*,*,#12535,.F.);
#10754=ORIENTED_EDGE('',*,*,#12842,.F.);
#10755=ORIENTED_EDGE('',*,*,#12852,.F.);
#10756=ORIENTED_EDGE('',*,*,#12853,.T.);
#10757=ORIENTED_EDGE('',*,*,#12537,.F.);
#10758=ORIENTED_EDGE('',*,*,#12841,.F.);
#10759=ORIENTED_EDGE('',*,*,#12853,.F.);
#10760=ORIENTED_EDGE('',*,*,#12854,.T.);
#10761=ORIENTED_EDGE('',*,*,#12539,.F.);
#10762=ORIENTED_EDGE('',*,*,#12840,.F.);
#10763=ORIENTED_EDGE('',*,*,#12854,.F.);
#10764=ORIENTED_EDGE('',*,*,#12855,.T.);
#10765=ORIENTED_EDGE('',*,*,#12541,.F.);
#10766=ORIENTED_EDGE('',*,*,#12839,.F.);
#10767=ORIENTED_EDGE('',*,*,#12855,.F.);
#10768=ORIENTED_EDGE('',*,*,#12856,.T.);
#10769=ORIENTED_EDGE('',*,*,#12543,.F.);
#10770=ORIENTED_EDGE('',*,*,#12838,.F.);
#10771=ORIENTED_EDGE('',*,*,#12856,.F.);
#10772=ORIENTED_EDGE('',*,*,#12857,.T.);
#10773=ORIENTED_EDGE('',*,*,#12545,.F.);
#10774=ORIENTED_EDGE('',*,*,#12837,.F.);
#10775=ORIENTED_EDGE('',*,*,#12857,.F.);
#10776=ORIENTED_EDGE('',*,*,#12858,.T.);
#10777=ORIENTED_EDGE('',*,*,#12547,.F.);
#10778=ORIENTED_EDGE('',*,*,#12836,.F.);
#10779=ORIENTED_EDGE('',*,*,#12858,.F.);
#10780=ORIENTED_EDGE('',*,*,#12859,.T.);
#10781=ORIENTED_EDGE('',*,*,#12549,.F.);
#10782=ORIENTED_EDGE('',*,*,#12835,.F.);
#10783=ORIENTED_EDGE('',*,*,#12859,.F.);
#10784=ORIENTED_EDGE('',*,*,#12860,.T.);
#10785=ORIENTED_EDGE('',*,*,#12551,.F.);
#10786=ORIENTED_EDGE('',*,*,#12834,.F.);
#10787=ORIENTED_EDGE('',*,*,#12860,.F.);
#10788=ORIENTED_EDGE('',*,*,#12861,.T.);
#10789=ORIENTED_EDGE('',*,*,#12553,.F.);
#10790=ORIENTED_EDGE('',*,*,#12833,.F.);
#10791=ORIENTED_EDGE('',*,*,#12861,.F.);
#10792=ORIENTED_EDGE('',*,*,#12862,.T.);
#10793=ORIENTED_EDGE('',*,*,#12555,.F.);
#10794=ORIENTED_EDGE('',*,*,#12832,.F.);
#10795=ORIENTED_EDGE('',*,*,#12862,.F.);
#10796=ORIENTED_EDGE('',*,*,#12863,.T.);
#10797=ORIENTED_EDGE('',*,*,#12557,.F.);
#10798=ORIENTED_EDGE('',*,*,#12831,.F.);
#10799=ORIENTED_EDGE('',*,*,#12863,.F.);
#10800=ORIENTED_EDGE('',*,*,#12864,.T.);
#10801=ORIENTED_EDGE('',*,*,#12559,.F.);
#10802=ORIENTED_EDGE('',*,*,#12830,.F.);
#10803=ORIENTED_EDGE('',*,*,#12864,.F.);
#10804=ORIENTED_EDGE('',*,*,#12865,.T.);
#10805=ORIENTED_EDGE('',*,*,#12561,.F.);
#10806=ORIENTED_EDGE('',*,*,#12829,.F.);
#10807=ORIENTED_EDGE('',*,*,#12865,.F.);
#10808=ORIENTED_EDGE('',*,*,#12866,.T.);
#10809=ORIENTED_EDGE('',*,*,#12563,.F.);
#10810=ORIENTED_EDGE('',*,*,#12828,.F.);
#10811=ORIENTED_EDGE('',*,*,#12866,.F.);
#10812=ORIENTED_EDGE('',*,*,#12867,.T.);
#10813=ORIENTED_EDGE('',*,*,#12565,.F.);
#10814=ORIENTED_EDGE('',*,*,#12827,.F.);
#10815=ORIENTED_EDGE('',*,*,#12867,.F.);
#10816=ORIENTED_EDGE('',*,*,#12868,.T.);
#10817=ORIENTED_EDGE('',*,*,#12567,.F.);
#10818=ORIENTED_EDGE('',*,*,#12826,.F.);
#10819=ORIENTED_EDGE('',*,*,#12868,.F.);
#10820=ORIENTED_EDGE('',*,*,#12869,.T.);
#10821=ORIENTED_EDGE('',*,*,#12569,.F.);
#10822=ORIENTED_EDGE('',*,*,#12825,.F.);
#10823=ORIENTED_EDGE('',*,*,#12869,.F.);
#10824=ORIENTED_EDGE('',*,*,#12870,.T.);
#10825=ORIENTED_EDGE('',*,*,#12571,.F.);
#10826=ORIENTED_EDGE('',*,*,#12824,.F.);
#10827=ORIENTED_EDGE('',*,*,#12870,.F.);
#10828=ORIENTED_EDGE('',*,*,#12871,.T.);
#10829=ORIENTED_EDGE('',*,*,#12573,.F.);
#10830=ORIENTED_EDGE('',*,*,#12823,.F.);
#10831=ORIENTED_EDGE('',*,*,#12871,.F.);
#10832=ORIENTED_EDGE('',*,*,#12872,.T.);
#10833=ORIENTED_EDGE('',*,*,#12575,.F.);
#10834=ORIENTED_EDGE('',*,*,#12822,.F.);
#10835=ORIENTED_EDGE('',*,*,#12872,.F.);
#10836=ORIENTED_EDGE('',*,*,#12873,.T.);
#10837=ORIENTED_EDGE('',*,*,#12577,.F.);
#10838=ORIENTED_EDGE('',*,*,#12821,.F.);
#10839=ORIENTED_EDGE('',*,*,#12873,.F.);
#10840=ORIENTED_EDGE('',*,*,#12874,.T.);
#10841=ORIENTED_EDGE('',*,*,#12579,.F.);
#10842=ORIENTED_EDGE('',*,*,#12820,.F.);
#10843=ORIENTED_EDGE('',*,*,#12874,.F.);
#10844=ORIENTED_EDGE('',*,*,#12875,.T.);
#10845=ORIENTED_EDGE('',*,*,#12581,.F.);
#10846=ORIENTED_EDGE('',*,*,#12819,.F.);
#10847=ORIENTED_EDGE('',*,*,#12875,.F.);
#10848=ORIENTED_EDGE('',*,*,#12876,.F.);
#10849=ORIENTED_EDGE('',*,*,#12877,.F.);
#10850=ORIENTED_EDGE('',*,*,#12878,.F.);
#10851=ORIENTED_EDGE('',*,*,#12879,.F.);
#10852=ORIENTED_EDGE('',*,*,#12880,.F.);
#10853=ORIENTED_EDGE('',*,*,#12881,.F.);
#10854=ORIENTED_EDGE('',*,*,#12882,.F.);
#10855=ORIENTED_EDGE('',*,*,#12883,.F.);
#10856=ORIENTED_EDGE('',*,*,#12884,.F.);
#10857=ORIENTED_EDGE('',*,*,#12885,.F.);
#10858=ORIENTED_EDGE('',*,*,#12886,.F.);
#10859=ORIENTED_EDGE('',*,*,#12887,.F.);
#10860=ORIENTED_EDGE('',*,*,#12888,.F.);
#10861=ORIENTED_EDGE('',*,*,#12889,.F.);
#10862=ORIENTED_EDGE('',*,*,#12890,.F.);
#10863=ORIENTED_EDGE('',*,*,#12891,.F.);
#10864=ORIENTED_EDGE('',*,*,#12892,.F.);
#10865=ORIENTED_EDGE('',*,*,#12893,.F.);
#10866=ORIENTED_EDGE('',*,*,#12894,.F.);
#10867=ORIENTED_EDGE('',*,*,#12895,.F.);
#10868=ORIENTED_EDGE('',*,*,#12896,.F.);
#10869=ORIENTED_EDGE('',*,*,#12897,.F.);
#10870=ORIENTED_EDGE('',*,*,#12898,.F.);
#10871=ORIENTED_EDGE('',*,*,#12899,.F.);
#10872=ORIENTED_EDGE('',*,*,#12900,.F.);
#10873=ORIENTED_EDGE('',*,*,#12901,.F.);
#10874=ORIENTED_EDGE('',*,*,#12902,.F.);
#10875=ORIENTED_EDGE('',*,*,#12903,.F.);
#10876=ORIENTED_EDGE('',*,*,#12904,.F.);
#10877=ORIENTED_EDGE('',*,*,#12905,.F.);
#10878=ORIENTED_EDGE('',*,*,#12906,.F.);
#10879=ORIENTED_EDGE('',*,*,#12907,.F.);
#10880=ORIENTED_EDGE('',*,*,#12908,.F.);
#10881=ORIENTED_EDGE('',*,*,#12909,.F.);
#10882=ORIENTED_EDGE('',*,*,#12910,.F.);
#10883=ORIENTED_EDGE('',*,*,#12911,.F.);
#10884=ORIENTED_EDGE('',*,*,#12912,.F.);
#10885=ORIENTED_EDGE('',*,*,#12913,.F.);
#10886=ORIENTED_EDGE('',*,*,#12914,.F.);
#10887=ORIENTED_EDGE('',*,*,#12915,.F.);
#10888=ORIENTED_EDGE('',*,*,#12916,.F.);
#10889=ORIENTED_EDGE('',*,*,#12917,.F.);
#10890=ORIENTED_EDGE('',*,*,#12918,.F.);
#10891=ORIENTED_EDGE('',*,*,#12919,.F.);
#10892=ORIENTED_EDGE('',*,*,#12920,.F.);
#10893=ORIENTED_EDGE('',*,*,#12921,.F.);
#10894=ORIENTED_EDGE('',*,*,#12922,.F.);
#10895=ORIENTED_EDGE('',*,*,#12923,.F.);
#10896=ORIENTED_EDGE('',*,*,#12924,.F.);
#10897=ORIENTED_EDGE('',*,*,#12925,.F.);
#10898=ORIENTED_EDGE('',*,*,#12926,.F.);
#10899=ORIENTED_EDGE('',*,*,#12927,.F.);
#10900=ORIENTED_EDGE('',*,*,#12928,.F.);
#10901=ORIENTED_EDGE('',*,*,#12929,.F.);
#10902=ORIENTED_EDGE('',*,*,#12930,.F.);
#10903=ORIENTED_EDGE('',*,*,#12931,.F.);
#10904=ORIENTED_EDGE('',*,*,#12932,.F.);
#10905=ORIENTED_EDGE('',*,*,#12933,.F.);
#10906=ORIENTED_EDGE('',*,*,#12934,.F.);
#10907=ORIENTED_EDGE('',*,*,#12935,.F.);
#10908=ORIENTED_EDGE('',*,*,#12936,.F.);
#10909=ORIENTED_EDGE('',*,*,#12937,.F.);
#10910=ORIENTED_EDGE('',*,*,#12938,.F.);
#10911=ORIENTED_EDGE('',*,*,#12939,.F.);
#10912=ORIENTED_EDGE('',*,*,#12940,.F.);
#10913=ORIENTED_EDGE('',*,*,#12941,.F.);
#10914=ORIENTED_EDGE('',*,*,#12942,.F.);
#10915=ORIENTED_EDGE('',*,*,#12943,.F.);
#10916=ORIENTED_EDGE('',*,*,#12944,.F.);
#10917=ORIENTED_EDGE('',*,*,#12945,.F.);
#10918=ORIENTED_EDGE('',*,*,#12946,.F.);
#10919=ORIENTED_EDGE('',*,*,#12947,.F.);
#10920=ORIENTED_EDGE('',*,*,#12948,.F.);
#10921=ORIENTED_EDGE('',*,*,#12949,.F.);
#10922=ORIENTED_EDGE('',*,*,#12950,.F.);
#10923=ORIENTED_EDGE('',*,*,#12951,.F.);
#10924=ORIENTED_EDGE('',*,*,#12952,.F.);
#10925=ORIENTED_EDGE('',*,*,#12953,.F.);
#10926=ORIENTED_EDGE('',*,*,#12954,.F.);
#10927=ORIENTED_EDGE('',*,*,#12955,.F.);
#10928=ORIENTED_EDGE('',*,*,#12956,.F.);
#10929=ORIENTED_EDGE('',*,*,#12957,.F.);
#10930=ORIENTED_EDGE('',*,*,#12958,.F.);
#10931=ORIENTED_EDGE('',*,*,#12959,.F.);
#10932=ORIENTED_EDGE('',*,*,#12960,.F.);
#10933=ORIENTED_EDGE('',*,*,#12961,.F.);
#10934=ORIENTED_EDGE('',*,*,#12962,.F.);
#10935=ORIENTED_EDGE('',*,*,#12963,.F.);
#10936=ORIENTED_EDGE('',*,*,#12964,.F.);
#10937=ORIENTED_EDGE('',*,*,#12965,.F.);
#10938=ORIENTED_EDGE('',*,*,#12966,.F.);
#10939=ORIENTED_EDGE('',*,*,#12967,.F.);
#10940=ORIENTED_EDGE('',*,*,#12968,.F.);
#10941=ORIENTED_EDGE('',*,*,#12969,.F.);
#10942=ORIENTED_EDGE('',*,*,#12970,.F.);
#10943=ORIENTED_EDGE('',*,*,#12971,.F.);
#10944=ORIENTED_EDGE('',*,*,#12972,.F.);
#10945=ORIENTED_EDGE('',*,*,#12973,.F.);
#10946=ORIENTED_EDGE('',*,*,#12974,.F.);
#10947=ORIENTED_EDGE('',*,*,#12975,.F.);
#10948=ORIENTED_EDGE('',*,*,#12976,.F.);
#10949=ORIENTED_EDGE('',*,*,#12977,.F.);
#10950=ORIENTED_EDGE('',*,*,#12978,.F.);
#10951=ORIENTED_EDGE('',*,*,#12979,.F.);
#10952=ORIENTED_EDGE('',*,*,#12980,.F.);
#10953=ORIENTED_EDGE('',*,*,#12981,.F.);
#10954=ORIENTED_EDGE('',*,*,#12982,.F.);
#10955=ORIENTED_EDGE('',*,*,#12983,.F.);
#10956=ORIENTED_EDGE('',*,*,#12984,.F.);
#10957=ORIENTED_EDGE('',*,*,#12985,.F.);
#10958=ORIENTED_EDGE('',*,*,#12986,.F.);
#10959=ORIENTED_EDGE('',*,*,#12987,.F.);
#10960=ORIENTED_EDGE('',*,*,#12988,.F.);
#10961=ORIENTED_EDGE('',*,*,#12989,.F.);
#10962=ORIENTED_EDGE('',*,*,#12990,.F.);
#10963=ORIENTED_EDGE('',*,*,#12991,.F.);
#10964=ORIENTED_EDGE('',*,*,#12992,.F.);
#10965=ORIENTED_EDGE('',*,*,#12993,.F.);
#10966=ORIENTED_EDGE('',*,*,#12994,.F.);
#10967=ORIENTED_EDGE('',*,*,#12995,.F.);
#10968=ORIENTED_EDGE('',*,*,#12996,.F.);
#10969=ORIENTED_EDGE('',*,*,#12997,.F.);
#10970=ORIENTED_EDGE('',*,*,#12998,.F.);
#10971=ORIENTED_EDGE('',*,*,#12999,.F.);
#10972=ORIENTED_EDGE('',*,*,#13000,.F.);
#10973=ORIENTED_EDGE('',*,*,#13001,.F.);
#10974=ORIENTED_EDGE('',*,*,#13002,.F.);
#10975=ORIENTED_EDGE('',*,*,#13003,.F.);
#10976=ORIENTED_EDGE('',*,*,#13004,.F.);
#10977=ORIENTED_EDGE('',*,*,#13005,.F.);
#10978=ORIENTED_EDGE('',*,*,#13006,.F.);
#10979=ORIENTED_EDGE('',*,*,#13007,.F.);
#10980=ORIENTED_EDGE('',*,*,#13008,.F.);
#10981=ORIENTED_EDGE('',*,*,#13009,.F.);
#10982=ORIENTED_EDGE('',*,*,#13010,.F.);
#10983=ORIENTED_EDGE('',*,*,#13011,.F.);
#10984=ORIENTED_EDGE('',*,*,#13012,.F.);
#10985=ORIENTED_EDGE('',*,*,#13013,.F.);
#10986=ORIENTED_EDGE('',*,*,#13014,.F.);
#10987=ORIENTED_EDGE('',*,*,#13015,.F.);
#10988=ORIENTED_EDGE('',*,*,#13016,.F.);
#10989=ORIENTED_EDGE('',*,*,#13017,.F.);
#10990=ORIENTED_EDGE('',*,*,#13018,.F.);
#10991=ORIENTED_EDGE('',*,*,#13019,.F.);
#10992=ORIENTED_EDGE('',*,*,#13020,.F.);
#10993=ORIENTED_EDGE('',*,*,#13021,.F.);
#10994=ORIENTED_EDGE('',*,*,#13022,.F.);
#10995=ORIENTED_EDGE('',*,*,#13023,.F.);
#10996=ORIENTED_EDGE('',*,*,#13024,.F.);
#10997=ORIENTED_EDGE('',*,*,#13025,.F.);
#10998=ORIENTED_EDGE('',*,*,#13026,.F.);
#10999=ORIENTED_EDGE('',*,*,#13027,.F.);
#11000=ORIENTED_EDGE('',*,*,#13028,.F.);
#11001=ORIENTED_EDGE('',*,*,#13029,.F.);
#11002=ORIENTED_EDGE('',*,*,#13030,.F.);
#11003=ORIENTED_EDGE('',*,*,#13031,.F.);
#11004=ORIENTED_EDGE('',*,*,#13032,.F.);
#11005=ORIENTED_EDGE('',*,*,#13033,.F.);
#11006=ORIENTED_EDGE('',*,*,#13034,.F.);
#11007=ORIENTED_EDGE('',*,*,#13035,.F.);
#11008=ORIENTED_EDGE('',*,*,#13036,.F.);
#11009=ORIENTED_EDGE('',*,*,#13037,.F.);
#11010=ORIENTED_EDGE('',*,*,#13038,.F.);
#11011=ORIENTED_EDGE('',*,*,#13039,.F.);
#11012=ORIENTED_EDGE('',*,*,#13040,.F.);
#11013=ORIENTED_EDGE('',*,*,#13041,.F.);
#11014=ORIENTED_EDGE('',*,*,#13042,.F.);
#11015=ORIENTED_EDGE('',*,*,#13043,.F.);
#11016=ORIENTED_EDGE('',*,*,#13044,.F.);
#11017=ORIENTED_EDGE('',*,*,#13045,.F.);
#11018=ORIENTED_EDGE('',*,*,#13046,.F.);
#11019=ORIENTED_EDGE('',*,*,#13047,.F.);
#11020=ORIENTED_EDGE('',*,*,#13048,.F.);
#11021=ORIENTED_EDGE('',*,*,#13049,.F.);
#11022=ORIENTED_EDGE('',*,*,#13050,.F.);
#11023=ORIENTED_EDGE('',*,*,#13051,.F.);
#11024=ORIENTED_EDGE('',*,*,#13052,.F.);
#11025=ORIENTED_EDGE('',*,*,#13053,.F.);
#11026=ORIENTED_EDGE('',*,*,#13054,.F.);
#11027=ORIENTED_EDGE('',*,*,#13055,.F.);
#11028=ORIENTED_EDGE('',*,*,#13056,.F.);
#11029=ORIENTED_EDGE('',*,*,#13057,.F.);
#11030=ORIENTED_EDGE('',*,*,#13058,.F.);
#11031=ORIENTED_EDGE('',*,*,#13059,.F.);
#11032=ORIENTED_EDGE('',*,*,#13060,.F.);
#11033=ORIENTED_EDGE('',*,*,#13061,.F.);
#11034=ORIENTED_EDGE('',*,*,#13062,.F.);
#11035=ORIENTED_EDGE('',*,*,#13063,.F.);
#11036=ORIENTED_EDGE('',*,*,#13064,.F.);
#11037=ORIENTED_EDGE('',*,*,#13065,.F.);
#11038=ORIENTED_EDGE('',*,*,#13066,.F.);
#11039=ORIENTED_EDGE('',*,*,#13067,.F.);
#11040=ORIENTED_EDGE('',*,*,#13068,.F.);
#11041=ORIENTED_EDGE('',*,*,#13069,.F.);
#11042=ORIENTED_EDGE('',*,*,#13070,.F.);
#11043=ORIENTED_EDGE('',*,*,#13071,.F.);
#11044=ORIENTED_EDGE('',*,*,#13072,.F.);
#11045=ORIENTED_EDGE('',*,*,#13073,.F.);
#11046=ORIENTED_EDGE('',*,*,#13074,.F.);
#11047=ORIENTED_EDGE('',*,*,#13075,.F.);
#11048=ORIENTED_EDGE('',*,*,#13076,.F.);
#11049=ORIENTED_EDGE('',*,*,#13077,.F.);
#11050=ORIENTED_EDGE('',*,*,#13078,.F.);
#11051=ORIENTED_EDGE('',*,*,#13079,.F.);
#11052=ORIENTED_EDGE('',*,*,#13080,.F.);
#11053=ORIENTED_EDGE('',*,*,#13081,.F.);
#11054=ORIENTED_EDGE('',*,*,#13082,.F.);
#11055=ORIENTED_EDGE('',*,*,#13083,.F.);
#11056=ORIENTED_EDGE('',*,*,#13084,.F.);
#11057=ORIENTED_EDGE('',*,*,#13085,.F.);
#11058=ORIENTED_EDGE('',*,*,#13086,.F.);
#11059=ORIENTED_EDGE('',*,*,#13087,.F.);
#11060=ORIENTED_EDGE('',*,*,#13088,.F.);
#11061=ORIENTED_EDGE('',*,*,#13089,.F.);
#11062=ORIENTED_EDGE('',*,*,#13090,.F.);
#11063=ORIENTED_EDGE('',*,*,#13091,.F.);
#11064=ORIENTED_EDGE('',*,*,#13092,.F.);
#11065=ORIENTED_EDGE('',*,*,#13093,.F.);
#11066=ORIENTED_EDGE('',*,*,#13094,.F.);
#11067=ORIENTED_EDGE('',*,*,#13095,.F.);
#11068=ORIENTED_EDGE('',*,*,#13096,.F.);
#11069=ORIENTED_EDGE('',*,*,#13097,.F.);
#11070=ORIENTED_EDGE('',*,*,#13098,.F.);
#11071=ORIENTED_EDGE('',*,*,#13099,.F.);
#11072=ORIENTED_EDGE('',*,*,#13100,.F.);
#11073=ORIENTED_EDGE('',*,*,#13101,.F.);
#11074=ORIENTED_EDGE('',*,*,#13102,.F.);
#11075=ORIENTED_EDGE('',*,*,#13103,.F.);
#11076=ORIENTED_EDGE('',*,*,#13104,.F.);
#11077=ORIENTED_EDGE('',*,*,#13105,.F.);
#11078=ORIENTED_EDGE('',*,*,#13106,.F.);
#11079=ORIENTED_EDGE('',*,*,#13107,.F.);
#11080=ORIENTED_EDGE('',*,*,#13108,.F.);
#11081=ORIENTED_EDGE('',*,*,#13109,.F.);
#11082=ORIENTED_EDGE('',*,*,#13110,.F.);
#11083=ORIENTED_EDGE('',*,*,#13111,.F.);
#11084=ORIENTED_EDGE('',*,*,#13112,.T.);
#11085=ORIENTED_EDGE('',*,*,#12582,.T.);
#11086=ORIENTED_EDGE('',*,*,#12580,.T.);
#11087=ORIENTED_EDGE('',*,*,#12578,.T.);
#11088=ORIENTED_EDGE('',*,*,#12576,.T.);
#11089=ORIENTED_EDGE('',*,*,#12574,.T.);
#11090=ORIENTED_EDGE('',*,*,#12572,.T.);
#11091=ORIENTED_EDGE('',*,*,#12570,.T.);
#11092=ORIENTED_EDGE('',*,*,#12568,.T.);
#11093=ORIENTED_EDGE('',*,*,#12566,.T.);
#11094=ORIENTED_EDGE('',*,*,#12564,.T.);
#11095=ORIENTED_EDGE('',*,*,#12562,.T.);
#11096=ORIENTED_EDGE('',*,*,#12560,.T.);
#11097=ORIENTED_EDGE('',*,*,#12558,.T.);
#11098=ORIENTED_EDGE('',*,*,#12556,.T.);
#11099=ORIENTED_EDGE('',*,*,#12554,.T.);
#11100=ORIENTED_EDGE('',*,*,#12552,.T.);
#11101=ORIENTED_EDGE('',*,*,#12550,.T.);
#11102=ORIENTED_EDGE('',*,*,#12548,.T.);
#11103=ORIENTED_EDGE('',*,*,#12546,.T.);
#11104=ORIENTED_EDGE('',*,*,#12544,.T.);
#11105=ORIENTED_EDGE('',*,*,#12542,.T.);
#11106=ORIENTED_EDGE('',*,*,#12540,.T.);
#11107=ORIENTED_EDGE('',*,*,#12538,.T.);
#11108=ORIENTED_EDGE('',*,*,#12536,.T.);
#11109=ORIENTED_EDGE('',*,*,#12534,.T.);
#11110=ORIENTED_EDGE('',*,*,#12532,.T.);
#11111=ORIENTED_EDGE('',*,*,#12530,.T.);
#11112=ORIENTED_EDGE('',*,*,#12528,.T.);
#11113=ORIENTED_EDGE('',*,*,#13111,.T.);
#11114=ORIENTED_EDGE('',*,*,#13113,.T.);
#11115=ORIENTED_EDGE('',*,*,#12583,.F.);
#11116=ORIENTED_EDGE('',*,*,#13114,.F.);
#11117=ORIENTED_EDGE('',*,*,#13110,.T.);
#11118=ORIENTED_EDGE('',*,*,#13115,.T.);
#11119=ORIENTED_EDGE('',*,*,#12584,.F.);
#11120=ORIENTED_EDGE('',*,*,#13113,.F.);
#11121=ORIENTED_EDGE('',*,*,#13109,.T.);
#11122=ORIENTED_EDGE('',*,*,#13116,.T.);
#11123=ORIENTED_EDGE('',*,*,#12585,.F.);
#11124=ORIENTED_EDGE('',*,*,#13115,.F.);
#11125=ORIENTED_EDGE('',*,*,#13108,.T.);
#11126=ORIENTED_EDGE('',*,*,#13117,.T.);
#11127=ORIENTED_EDGE('',*,*,#12586,.F.);
#11128=ORIENTED_EDGE('',*,*,#13116,.F.);
#11129=ORIENTED_EDGE('',*,*,#13107,.T.);
#11130=ORIENTED_EDGE('',*,*,#13118,.T.);
#11131=ORIENTED_EDGE('',*,*,#12587,.F.);
#11132=ORIENTED_EDGE('',*,*,#13117,.F.);
#11133=ORIENTED_EDGE('',*,*,#13106,.T.);
#11134=ORIENTED_EDGE('',*,*,#13119,.T.);
#11135=ORIENTED_EDGE('',*,*,#12588,.F.);
#11136=ORIENTED_EDGE('',*,*,#13118,.F.);
#11137=ORIENTED_EDGE('',*,*,#13105,.T.);
#11138=ORIENTED_EDGE('',*,*,#13120,.T.);
#11139=ORIENTED_EDGE('',*,*,#12589,.F.);
#11140=ORIENTED_EDGE('',*,*,#13119,.F.);
#11141=ORIENTED_EDGE('',*,*,#13104,.T.);
#11142=ORIENTED_EDGE('',*,*,#13121,.T.);
#11143=ORIENTED_EDGE('',*,*,#12590,.F.);
#11144=ORIENTED_EDGE('',*,*,#13120,.F.);
#11145=ORIENTED_EDGE('',*,*,#13103,.T.);
#11146=ORIENTED_EDGE('',*,*,#13122,.T.);
#11147=ORIENTED_EDGE('',*,*,#12591,.F.);
#11148=ORIENTED_EDGE('',*,*,#13121,.F.);
#11149=ORIENTED_EDGE('',*,*,#13102,.T.);
#11150=ORIENTED_EDGE('',*,*,#13123,.T.);
#11151=ORIENTED_EDGE('',*,*,#12592,.F.);
#11152=ORIENTED_EDGE('',*,*,#13122,.F.);
#11153=ORIENTED_EDGE('',*,*,#13101,.T.);
#11154=ORIENTED_EDGE('',*,*,#13124,.T.);
#11155=ORIENTED_EDGE('',*,*,#12593,.F.);
#11156=ORIENTED_EDGE('',*,*,#13123,.F.);
#11157=ORIENTED_EDGE('',*,*,#13100,.T.);
#11158=ORIENTED_EDGE('',*,*,#13125,.T.);
#11159=ORIENTED_EDGE('',*,*,#12594,.F.);
#11160=ORIENTED_EDGE('',*,*,#13124,.F.);
#11161=ORIENTED_EDGE('',*,*,#13099,.T.);
#11162=ORIENTED_EDGE('',*,*,#13126,.T.);
#11163=ORIENTED_EDGE('',*,*,#12595,.F.);
#11164=ORIENTED_EDGE('',*,*,#13125,.F.);
#11165=ORIENTED_EDGE('',*,*,#13098,.T.);
#11166=ORIENTED_EDGE('',*,*,#13127,.T.);
#11167=ORIENTED_EDGE('',*,*,#12596,.F.);
#11168=ORIENTED_EDGE('',*,*,#13126,.F.);
#11169=ORIENTED_EDGE('',*,*,#13097,.T.);
#11170=ORIENTED_EDGE('',*,*,#13128,.T.);
#11171=ORIENTED_EDGE('',*,*,#12597,.F.);
#11172=ORIENTED_EDGE('',*,*,#13127,.F.);
#11173=ORIENTED_EDGE('',*,*,#13096,.T.);
#11174=ORIENTED_EDGE('',*,*,#13129,.T.);
#11175=ORIENTED_EDGE('',*,*,#12598,.F.);
#11176=ORIENTED_EDGE('',*,*,#13128,.F.);
#11177=ORIENTED_EDGE('',*,*,#13095,.T.);
#11178=ORIENTED_EDGE('',*,*,#13130,.T.);
#11179=ORIENTED_EDGE('',*,*,#12599,.F.);
#11180=ORIENTED_EDGE('',*,*,#13129,.F.);
#11181=ORIENTED_EDGE('',*,*,#13094,.T.);
#11182=ORIENTED_EDGE('',*,*,#13131,.T.);
#11183=ORIENTED_EDGE('',*,*,#12600,.F.);
#11184=ORIENTED_EDGE('',*,*,#13130,.F.);
#11185=ORIENTED_EDGE('',*,*,#13093,.T.);
#11186=ORIENTED_EDGE('',*,*,#13132,.T.);
#11187=ORIENTED_EDGE('',*,*,#12601,.F.);
#11188=ORIENTED_EDGE('',*,*,#13131,.F.);
#11189=ORIENTED_EDGE('',*,*,#13092,.T.);
#11190=ORIENTED_EDGE('',*,*,#13133,.T.);
#11191=ORIENTED_EDGE('',*,*,#12602,.F.);
#11192=ORIENTED_EDGE('',*,*,#13132,.F.);
#11193=ORIENTED_EDGE('',*,*,#13091,.T.);
#11194=ORIENTED_EDGE('',*,*,#13134,.T.);
#11195=ORIENTED_EDGE('',*,*,#12603,.F.);
#11196=ORIENTED_EDGE('',*,*,#13133,.F.);
#11197=ORIENTED_EDGE('',*,*,#13090,.T.);
#11198=ORIENTED_EDGE('',*,*,#13135,.T.);
#11199=ORIENTED_EDGE('',*,*,#12604,.F.);
#11200=ORIENTED_EDGE('',*,*,#13134,.F.);
#11201=ORIENTED_EDGE('',*,*,#13089,.T.);
#11202=ORIENTED_EDGE('',*,*,#13136,.T.);
#11203=ORIENTED_EDGE('',*,*,#12605,.F.);
#11204=ORIENTED_EDGE('',*,*,#13135,.F.);
#11205=ORIENTED_EDGE('',*,*,#13088,.T.);
#11206=ORIENTED_EDGE('',*,*,#13137,.T.);
#11207=ORIENTED_EDGE('',*,*,#12606,.F.);
#11208=ORIENTED_EDGE('',*,*,#13136,.F.);
#11209=ORIENTED_EDGE('',*,*,#13087,.T.);
#11210=ORIENTED_EDGE('',*,*,#13138,.T.);
#11211=ORIENTED_EDGE('',*,*,#12607,.F.);
#11212=ORIENTED_EDGE('',*,*,#13137,.F.);
#11213=ORIENTED_EDGE('',*,*,#13086,.T.);
#11214=ORIENTED_EDGE('',*,*,#13139,.T.);
#11215=ORIENTED_EDGE('',*,*,#12608,.F.);
#11216=ORIENTED_EDGE('',*,*,#13138,.F.);
#11217=ORIENTED_EDGE('',*,*,#13085,.T.);
#11218=ORIENTED_EDGE('',*,*,#13140,.T.);
#11219=ORIENTED_EDGE('',*,*,#12609,.F.);
#11220=ORIENTED_EDGE('',*,*,#13139,.F.);
#11221=ORIENTED_EDGE('',*,*,#13084,.T.);
#11222=ORIENTED_EDGE('',*,*,#13141,.T.);
#11223=ORIENTED_EDGE('',*,*,#12610,.F.);
#11224=ORIENTED_EDGE('',*,*,#13140,.F.);
#11225=ORIENTED_EDGE('',*,*,#13083,.T.);
#11226=ORIENTED_EDGE('',*,*,#13142,.T.);
#11227=ORIENTED_EDGE('',*,*,#12611,.F.);
#11228=ORIENTED_EDGE('',*,*,#13141,.F.);
#11229=ORIENTED_EDGE('',*,*,#13082,.T.);
#11230=ORIENTED_EDGE('',*,*,#13143,.T.);
#11231=ORIENTED_EDGE('',*,*,#12612,.F.);
#11232=ORIENTED_EDGE('',*,*,#13142,.F.);
#11233=ORIENTED_EDGE('',*,*,#13081,.T.);
#11234=ORIENTED_EDGE('',*,*,#13144,.T.);
#11235=ORIENTED_EDGE('',*,*,#12613,.F.);
#11236=ORIENTED_EDGE('',*,*,#13143,.F.);
#11237=ORIENTED_EDGE('',*,*,#13080,.T.);
#11238=ORIENTED_EDGE('',*,*,#13145,.T.);
#11239=ORIENTED_EDGE('',*,*,#12614,.F.);
#11240=ORIENTED_EDGE('',*,*,#13144,.F.);
#11241=ORIENTED_EDGE('',*,*,#13079,.T.);
#11242=ORIENTED_EDGE('',*,*,#13146,.T.);
#11243=ORIENTED_EDGE('',*,*,#12615,.F.);
#11244=ORIENTED_EDGE('',*,*,#13145,.F.);
#11245=ORIENTED_EDGE('',*,*,#13078,.T.);
#11246=ORIENTED_EDGE('',*,*,#13147,.T.);
#11247=ORIENTED_EDGE('',*,*,#12616,.F.);
#11248=ORIENTED_EDGE('',*,*,#13146,.F.);
#11249=ORIENTED_EDGE('',*,*,#13077,.T.);
#11250=ORIENTED_EDGE('',*,*,#13148,.T.);
#11251=ORIENTED_EDGE('',*,*,#12617,.F.);
#11252=ORIENTED_EDGE('',*,*,#13147,.F.);
#11253=ORIENTED_EDGE('',*,*,#13076,.T.);
#11254=ORIENTED_EDGE('',*,*,#13149,.T.);
#11255=ORIENTED_EDGE('',*,*,#12618,.F.);
#11256=ORIENTED_EDGE('',*,*,#13148,.F.);
#11257=ORIENTED_EDGE('',*,*,#13075,.T.);
#11258=ORIENTED_EDGE('',*,*,#13150,.T.);
#11259=ORIENTED_EDGE('',*,*,#12619,.F.);
#11260=ORIENTED_EDGE('',*,*,#13149,.F.);
#11261=ORIENTED_EDGE('',*,*,#13074,.T.);
#11262=ORIENTED_EDGE('',*,*,#13151,.T.);
#11263=ORIENTED_EDGE('',*,*,#12620,.F.);
#11264=ORIENTED_EDGE('',*,*,#13150,.F.);
#11265=ORIENTED_EDGE('',*,*,#13073,.T.);
#11266=ORIENTED_EDGE('',*,*,#13152,.T.);
#11267=ORIENTED_EDGE('',*,*,#12621,.F.);
#11268=ORIENTED_EDGE('',*,*,#13151,.F.);
#11269=ORIENTED_EDGE('',*,*,#13072,.T.);
#11270=ORIENTED_EDGE('',*,*,#13153,.T.);
#11271=ORIENTED_EDGE('',*,*,#12622,.F.);
#11272=ORIENTED_EDGE('',*,*,#13152,.F.);
#11273=ORIENTED_EDGE('',*,*,#13071,.T.);
#11274=ORIENTED_EDGE('',*,*,#13154,.T.);
#11275=ORIENTED_EDGE('',*,*,#12623,.F.);
#11276=ORIENTED_EDGE('',*,*,#13153,.F.);
#11277=ORIENTED_EDGE('',*,*,#13070,.T.);
#11278=ORIENTED_EDGE('',*,*,#13155,.T.);
#11279=ORIENTED_EDGE('',*,*,#12624,.F.);
#11280=ORIENTED_EDGE('',*,*,#13154,.F.);
#11281=ORIENTED_EDGE('',*,*,#13069,.T.);
#11282=ORIENTED_EDGE('',*,*,#13156,.T.);
#11283=ORIENTED_EDGE('',*,*,#12625,.F.);
#11284=ORIENTED_EDGE('',*,*,#13155,.F.);
#11285=ORIENTED_EDGE('',*,*,#13068,.T.);
#11286=ORIENTED_EDGE('',*,*,#13157,.T.);
#11287=ORIENTED_EDGE('',*,*,#12626,.F.);
#11288=ORIENTED_EDGE('',*,*,#13156,.F.);
#11289=ORIENTED_EDGE('',*,*,#13067,.T.);
#11290=ORIENTED_EDGE('',*,*,#13158,.T.);
#11291=ORIENTED_EDGE('',*,*,#12627,.F.);
#11292=ORIENTED_EDGE('',*,*,#13157,.F.);
#11293=ORIENTED_EDGE('',*,*,#13066,.T.);
#11294=ORIENTED_EDGE('',*,*,#13159,.T.);
#11295=ORIENTED_EDGE('',*,*,#12628,.F.);
#11296=ORIENTED_EDGE('',*,*,#13158,.F.);
#11297=ORIENTED_EDGE('',*,*,#13065,.T.);
#11298=ORIENTED_EDGE('',*,*,#13160,.T.);
#11299=ORIENTED_EDGE('',*,*,#12629,.F.);
#11300=ORIENTED_EDGE('',*,*,#13159,.F.);
#11301=ORIENTED_EDGE('',*,*,#13064,.T.);
#11302=ORIENTED_EDGE('',*,*,#13161,.T.);
#11303=ORIENTED_EDGE('',*,*,#12630,.F.);
#11304=ORIENTED_EDGE('',*,*,#13160,.F.);
#11305=ORIENTED_EDGE('',*,*,#13063,.T.);
#11306=ORIENTED_EDGE('',*,*,#13162,.T.);
#11307=ORIENTED_EDGE('',*,*,#12631,.F.);
#11308=ORIENTED_EDGE('',*,*,#13161,.F.);
#11309=ORIENTED_EDGE('',*,*,#13062,.T.);
#11310=ORIENTED_EDGE('',*,*,#13163,.T.);
#11311=ORIENTED_EDGE('',*,*,#12632,.F.);
#11312=ORIENTED_EDGE('',*,*,#13162,.F.);
#11313=ORIENTED_EDGE('',*,*,#13061,.T.);
#11314=ORIENTED_EDGE('',*,*,#13164,.T.);
#11315=ORIENTED_EDGE('',*,*,#12633,.F.);
#11316=ORIENTED_EDGE('',*,*,#13163,.F.);
#11317=ORIENTED_EDGE('',*,*,#13060,.T.);
#11318=ORIENTED_EDGE('',*,*,#13165,.T.);
#11319=ORIENTED_EDGE('',*,*,#12634,.F.);
#11320=ORIENTED_EDGE('',*,*,#13164,.F.);
#11321=ORIENTED_EDGE('',*,*,#13059,.T.);
#11322=ORIENTED_EDGE('',*,*,#13166,.T.);
#11323=ORIENTED_EDGE('',*,*,#12635,.F.);
#11324=ORIENTED_EDGE('',*,*,#13165,.F.);
#11325=ORIENTED_EDGE('',*,*,#13058,.T.);
#11326=ORIENTED_EDGE('',*,*,#13167,.T.);
#11327=ORIENTED_EDGE('',*,*,#12636,.F.);
#11328=ORIENTED_EDGE('',*,*,#13166,.F.);
#11329=ORIENTED_EDGE('',*,*,#13057,.T.);
#11330=ORIENTED_EDGE('',*,*,#13168,.T.);
#11331=ORIENTED_EDGE('',*,*,#12637,.F.);
#11332=ORIENTED_EDGE('',*,*,#13167,.F.);
#11333=ORIENTED_EDGE('',*,*,#13056,.T.);
#11334=ORIENTED_EDGE('',*,*,#13169,.T.);
#11335=ORIENTED_EDGE('',*,*,#12638,.F.);
#11336=ORIENTED_EDGE('',*,*,#13168,.F.);
#11337=ORIENTED_EDGE('',*,*,#13055,.T.);
#11338=ORIENTED_EDGE('',*,*,#13170,.T.);
#11339=ORIENTED_EDGE('',*,*,#12639,.F.);
#11340=ORIENTED_EDGE('',*,*,#13169,.F.);
#11341=ORIENTED_EDGE('',*,*,#13054,.T.);
#11342=ORIENTED_EDGE('',*,*,#13171,.T.);
#11343=ORIENTED_EDGE('',*,*,#12640,.F.);
#11344=ORIENTED_EDGE('',*,*,#13170,.F.);
#11345=ORIENTED_EDGE('',*,*,#13053,.T.);
#11346=ORIENTED_EDGE('',*,*,#13172,.T.);
#11347=ORIENTED_EDGE('',*,*,#12641,.F.);
#11348=ORIENTED_EDGE('',*,*,#13171,.F.);
#11349=ORIENTED_EDGE('',*,*,#13052,.T.);
#11350=ORIENTED_EDGE('',*,*,#13173,.T.);
#11351=ORIENTED_EDGE('',*,*,#12642,.F.);
#11352=ORIENTED_EDGE('',*,*,#13172,.F.);
#11353=ORIENTED_EDGE('',*,*,#13051,.T.);
#11354=ORIENTED_EDGE('',*,*,#13174,.T.);
#11355=ORIENTED_EDGE('',*,*,#12643,.F.);
#11356=ORIENTED_EDGE('',*,*,#13173,.F.);
#11357=ORIENTED_EDGE('',*,*,#13050,.T.);
#11358=ORIENTED_EDGE('',*,*,#13175,.T.);
#11359=ORIENTED_EDGE('',*,*,#12644,.F.);
#11360=ORIENTED_EDGE('',*,*,#13174,.F.);
#11361=ORIENTED_EDGE('',*,*,#13049,.T.);
#11362=ORIENTED_EDGE('',*,*,#13176,.T.);
#11363=ORIENTED_EDGE('',*,*,#12645,.F.);
#11364=ORIENTED_EDGE('',*,*,#13175,.F.);
#11365=ORIENTED_EDGE('',*,*,#13048,.T.);
#11366=ORIENTED_EDGE('',*,*,#13177,.T.);
#11367=ORIENTED_EDGE('',*,*,#12646,.F.);
#11368=ORIENTED_EDGE('',*,*,#13176,.F.);
#11369=ORIENTED_EDGE('',*,*,#13047,.T.);
#11370=ORIENTED_EDGE('',*,*,#13178,.T.);
#11371=ORIENTED_EDGE('',*,*,#12647,.F.);
#11372=ORIENTED_EDGE('',*,*,#13177,.F.);
#11373=ORIENTED_EDGE('',*,*,#13046,.T.);
#11374=ORIENTED_EDGE('',*,*,#13179,.T.);
#11375=ORIENTED_EDGE('',*,*,#12648,.F.);
#11376=ORIENTED_EDGE('',*,*,#13178,.F.);
#11377=ORIENTED_EDGE('',*,*,#13045,.T.);
#11378=ORIENTED_EDGE('',*,*,#13180,.T.);
#11379=ORIENTED_EDGE('',*,*,#12649,.F.);
#11380=ORIENTED_EDGE('',*,*,#13179,.F.);
#11381=ORIENTED_EDGE('',*,*,#13044,.T.);
#11382=ORIENTED_EDGE('',*,*,#13181,.T.);
#11383=ORIENTED_EDGE('',*,*,#12650,.F.);
#11384=ORIENTED_EDGE('',*,*,#13180,.F.);
#11385=ORIENTED_EDGE('',*,*,#13043,.T.);
#11386=ORIENTED_EDGE('',*,*,#13182,.T.);
#11387=ORIENTED_EDGE('',*,*,#12651,.F.);
#11388=ORIENTED_EDGE('',*,*,#13181,.F.);
#11389=ORIENTED_EDGE('',*,*,#13042,.T.);
#11390=ORIENTED_EDGE('',*,*,#13183,.T.);
#11391=ORIENTED_EDGE('',*,*,#12652,.F.);
#11392=ORIENTED_EDGE('',*,*,#13182,.F.);
#11393=ORIENTED_EDGE('',*,*,#13041,.T.);
#11394=ORIENTED_EDGE('',*,*,#13184,.T.);
#11395=ORIENTED_EDGE('',*,*,#12653,.F.);
#11396=ORIENTED_EDGE('',*,*,#13183,.F.);
#11397=ORIENTED_EDGE('',*,*,#13040,.T.);
#11398=ORIENTED_EDGE('',*,*,#13185,.T.);
#11399=ORIENTED_EDGE('',*,*,#12654,.F.);
#11400=ORIENTED_EDGE('',*,*,#13184,.F.);
#11401=ORIENTED_EDGE('',*,*,#13039,.T.);
#11402=ORIENTED_EDGE('',*,*,#13186,.T.);
#11403=ORIENTED_EDGE('',*,*,#12655,.F.);
#11404=ORIENTED_EDGE('',*,*,#13185,.F.);
#11405=ORIENTED_EDGE('',*,*,#13038,.T.);
#11406=ORIENTED_EDGE('',*,*,#13187,.T.);
#11407=ORIENTED_EDGE('',*,*,#12656,.F.);
#11408=ORIENTED_EDGE('',*,*,#13186,.F.);
#11409=ORIENTED_EDGE('',*,*,#13037,.T.);
#11410=ORIENTED_EDGE('',*,*,#13188,.T.);
#11411=ORIENTED_EDGE('',*,*,#12657,.F.);
#11412=ORIENTED_EDGE('',*,*,#13187,.F.);
#11413=ORIENTED_EDGE('',*,*,#13036,.T.);
#11414=ORIENTED_EDGE('',*,*,#13189,.T.);
#11415=ORIENTED_EDGE('',*,*,#12658,.F.);
#11416=ORIENTED_EDGE('',*,*,#13188,.F.);
#11417=ORIENTED_EDGE('',*,*,#13035,.T.);
#11418=ORIENTED_EDGE('',*,*,#13190,.T.);
#11419=ORIENTED_EDGE('',*,*,#12659,.F.);
#11420=ORIENTED_EDGE('',*,*,#13189,.F.);
#11421=ORIENTED_EDGE('',*,*,#13034,.T.);
#11422=ORIENTED_EDGE('',*,*,#13191,.T.);
#11423=ORIENTED_EDGE('',*,*,#12660,.F.);
#11424=ORIENTED_EDGE('',*,*,#13190,.F.);
#11425=ORIENTED_EDGE('',*,*,#13033,.T.);
#11426=ORIENTED_EDGE('',*,*,#13192,.T.);
#11427=ORIENTED_EDGE('',*,*,#12661,.F.);
#11428=ORIENTED_EDGE('',*,*,#13191,.F.);
#11429=ORIENTED_EDGE('',*,*,#13032,.T.);
#11430=ORIENTED_EDGE('',*,*,#13193,.T.);
#11431=ORIENTED_EDGE('',*,*,#12662,.F.);
#11432=ORIENTED_EDGE('',*,*,#13192,.F.);
#11433=ORIENTED_EDGE('',*,*,#13031,.T.);
#11434=ORIENTED_EDGE('',*,*,#13194,.T.);
#11435=ORIENTED_EDGE('',*,*,#12663,.F.);
#11436=ORIENTED_EDGE('',*,*,#13193,.F.);
#11437=ORIENTED_EDGE('',*,*,#13030,.T.);
#11438=ORIENTED_EDGE('',*,*,#13195,.T.);
#11439=ORIENTED_EDGE('',*,*,#12664,.F.);
#11440=ORIENTED_EDGE('',*,*,#13194,.F.);
#11441=ORIENTED_EDGE('',*,*,#13029,.T.);
#11442=ORIENTED_EDGE('',*,*,#13196,.T.);
#11443=ORIENTED_EDGE('',*,*,#12665,.F.);
#11444=ORIENTED_EDGE('',*,*,#13195,.F.);
#11445=ORIENTED_EDGE('',*,*,#13028,.T.);
#11446=ORIENTED_EDGE('',*,*,#13197,.T.);
#11447=ORIENTED_EDGE('',*,*,#12666,.F.);
#11448=ORIENTED_EDGE('',*,*,#13196,.F.);
#11449=ORIENTED_EDGE('',*,*,#13027,.T.);
#11450=ORIENTED_EDGE('',*,*,#13198,.T.);
#11451=ORIENTED_EDGE('',*,*,#12667,.F.);
#11452=ORIENTED_EDGE('',*,*,#13197,.F.);
#11453=ORIENTED_EDGE('',*,*,#13026,.T.);
#11454=ORIENTED_EDGE('',*,*,#13199,.T.);
#11455=ORIENTED_EDGE('',*,*,#12668,.F.);
#11456=ORIENTED_EDGE('',*,*,#13198,.F.);
#11457=ORIENTED_EDGE('',*,*,#13025,.T.);
#11458=ORIENTED_EDGE('',*,*,#13200,.T.);
#11459=ORIENTED_EDGE('',*,*,#12669,.F.);
#11460=ORIENTED_EDGE('',*,*,#13199,.F.);
#11461=ORIENTED_EDGE('',*,*,#13024,.T.);
#11462=ORIENTED_EDGE('',*,*,#13201,.T.);
#11463=ORIENTED_EDGE('',*,*,#12670,.F.);
#11464=ORIENTED_EDGE('',*,*,#13200,.F.);
#11465=ORIENTED_EDGE('',*,*,#13023,.T.);
#11466=ORIENTED_EDGE('',*,*,#13202,.T.);
#11467=ORIENTED_EDGE('',*,*,#12671,.F.);
#11468=ORIENTED_EDGE('',*,*,#13201,.F.);
#11469=ORIENTED_EDGE('',*,*,#13022,.T.);
#11470=ORIENTED_EDGE('',*,*,#13203,.T.);
#11471=ORIENTED_EDGE('',*,*,#12672,.F.);
#11472=ORIENTED_EDGE('',*,*,#13202,.F.);
#11473=ORIENTED_EDGE('',*,*,#13021,.T.);
#11474=ORIENTED_EDGE('',*,*,#13204,.T.);
#11475=ORIENTED_EDGE('',*,*,#12673,.F.);
#11476=ORIENTED_EDGE('',*,*,#13203,.F.);
#11477=ORIENTED_EDGE('',*,*,#13020,.T.);
#11478=ORIENTED_EDGE('',*,*,#13205,.T.);
#11479=ORIENTED_EDGE('',*,*,#12674,.F.);
#11480=ORIENTED_EDGE('',*,*,#13204,.F.);
#11481=ORIENTED_EDGE('',*,*,#13019,.T.);
#11482=ORIENTED_EDGE('',*,*,#13206,.T.);
#11483=ORIENTED_EDGE('',*,*,#12675,.F.);
#11484=ORIENTED_EDGE('',*,*,#13205,.F.);
#11485=ORIENTED_EDGE('',*,*,#13018,.T.);
#11486=ORIENTED_EDGE('',*,*,#13207,.T.);
#11487=ORIENTED_EDGE('',*,*,#12676,.F.);
#11488=ORIENTED_EDGE('',*,*,#13206,.F.);
#11489=ORIENTED_EDGE('',*,*,#13017,.T.);
#11490=ORIENTED_EDGE('',*,*,#13208,.T.);
#11491=ORIENTED_EDGE('',*,*,#12677,.F.);
#11492=ORIENTED_EDGE('',*,*,#13207,.F.);
#11493=ORIENTED_EDGE('',*,*,#13016,.T.);
#11494=ORIENTED_EDGE('',*,*,#13209,.T.);
#11495=ORIENTED_EDGE('',*,*,#12678,.F.);
#11496=ORIENTED_EDGE('',*,*,#13208,.F.);
#11497=ORIENTED_EDGE('',*,*,#13015,.T.);
#11498=ORIENTED_EDGE('',*,*,#13210,.T.);
#11499=ORIENTED_EDGE('',*,*,#12679,.F.);
#11500=ORIENTED_EDGE('',*,*,#13209,.F.);
#11501=ORIENTED_EDGE('',*,*,#13014,.T.);
#11502=ORIENTED_EDGE('',*,*,#13211,.T.);
#11503=ORIENTED_EDGE('',*,*,#12680,.F.);
#11504=ORIENTED_EDGE('',*,*,#13210,.F.);
#11505=ORIENTED_EDGE('',*,*,#13013,.T.);
#11506=ORIENTED_EDGE('',*,*,#13212,.T.);
#11507=ORIENTED_EDGE('',*,*,#12681,.F.);
#11508=ORIENTED_EDGE('',*,*,#13211,.F.);
#11509=ORIENTED_EDGE('',*,*,#13012,.T.);
#11510=ORIENTED_EDGE('',*,*,#13213,.T.);
#11511=ORIENTED_EDGE('',*,*,#12682,.F.);
#11512=ORIENTED_EDGE('',*,*,#13212,.F.);
#11513=ORIENTED_EDGE('',*,*,#13011,.T.);
#11514=ORIENTED_EDGE('',*,*,#13214,.T.);
#11515=ORIENTED_EDGE('',*,*,#12683,.F.);
#11516=ORIENTED_EDGE('',*,*,#13213,.F.);
#11517=ORIENTED_EDGE('',*,*,#13010,.T.);
#11518=ORIENTED_EDGE('',*,*,#13215,.T.);
#11519=ORIENTED_EDGE('',*,*,#12684,.F.);
#11520=ORIENTED_EDGE('',*,*,#13214,.F.);
#11521=ORIENTED_EDGE('',*,*,#13009,.T.);
#11522=ORIENTED_EDGE('',*,*,#13216,.T.);
#11523=ORIENTED_EDGE('',*,*,#12685,.F.);
#11524=ORIENTED_EDGE('',*,*,#13215,.F.);
#11525=ORIENTED_EDGE('',*,*,#13008,.T.);
#11526=ORIENTED_EDGE('',*,*,#13217,.T.);
#11527=ORIENTED_EDGE('',*,*,#12686,.F.);
#11528=ORIENTED_EDGE('',*,*,#13216,.F.);
#11529=ORIENTED_EDGE('',*,*,#13007,.T.);
#11530=ORIENTED_EDGE('',*,*,#13218,.T.);
#11531=ORIENTED_EDGE('',*,*,#12687,.F.);
#11532=ORIENTED_EDGE('',*,*,#13217,.F.);
#11533=ORIENTED_EDGE('',*,*,#13006,.T.);
#11534=ORIENTED_EDGE('',*,*,#13219,.T.);
#11535=ORIENTED_EDGE('',*,*,#12688,.F.);
#11536=ORIENTED_EDGE('',*,*,#13218,.F.);
#11537=ORIENTED_EDGE('',*,*,#13005,.T.);
#11538=ORIENTED_EDGE('',*,*,#13220,.T.);
#11539=ORIENTED_EDGE('',*,*,#12689,.F.);
#11540=ORIENTED_EDGE('',*,*,#13219,.F.);
#11541=ORIENTED_EDGE('',*,*,#13004,.T.);
#11542=ORIENTED_EDGE('',*,*,#13221,.T.);
#11543=ORIENTED_EDGE('',*,*,#12690,.F.);
#11544=ORIENTED_EDGE('',*,*,#13220,.F.);
#11545=ORIENTED_EDGE('',*,*,#13003,.T.);
#11546=ORIENTED_EDGE('',*,*,#13222,.T.);
#11547=ORIENTED_EDGE('',*,*,#12691,.F.);
#11548=ORIENTED_EDGE('',*,*,#13221,.F.);
#11549=ORIENTED_EDGE('',*,*,#13002,.T.);
#11550=ORIENTED_EDGE('',*,*,#13223,.T.);
#11551=ORIENTED_EDGE('',*,*,#12692,.F.);
#11552=ORIENTED_EDGE('',*,*,#13222,.F.);
#11553=ORIENTED_EDGE('',*,*,#13001,.T.);
#11554=ORIENTED_EDGE('',*,*,#13224,.T.);
#11555=ORIENTED_EDGE('',*,*,#12693,.F.);
#11556=ORIENTED_EDGE('',*,*,#13223,.F.);
#11557=ORIENTED_EDGE('',*,*,#13000,.T.);
#11558=ORIENTED_EDGE('',*,*,#13225,.T.);
#11559=ORIENTED_EDGE('',*,*,#12694,.F.);
#11560=ORIENTED_EDGE('',*,*,#13224,.F.);
#11561=ORIENTED_EDGE('',*,*,#13226,.T.);
#11562=ORIENTED_EDGE('',*,*,#12695,.F.);
#11563=ORIENTED_EDGE('',*,*,#13225,.F.);
#11564=ORIENTED_EDGE('',*,*,#12999,.T.);
#11565=ORIENTED_EDGE('',*,*,#12998,.T.);
#11566=ORIENTED_EDGE('',*,*,#13227,.T.);
#11567=ORIENTED_EDGE('',*,*,#12696,.F.);
#11568=ORIENTED_EDGE('',*,*,#13226,.F.);
#11569=ORIENTED_EDGE('',*,*,#12997,.T.);
#11570=ORIENTED_EDGE('',*,*,#13228,.T.);
#11571=ORIENTED_EDGE('',*,*,#12697,.F.);
#11572=ORIENTED_EDGE('',*,*,#13227,.F.);
#11573=ORIENTED_EDGE('',*,*,#12996,.T.);
#11574=ORIENTED_EDGE('',*,*,#13229,.T.);
#11575=ORIENTED_EDGE('',*,*,#12698,.F.);
#11576=ORIENTED_EDGE('',*,*,#13228,.F.);
#11577=ORIENTED_EDGE('',*,*,#12995,.T.);
#11578=ORIENTED_EDGE('',*,*,#13230,.T.);
#11579=ORIENTED_EDGE('',*,*,#12699,.F.);
#11580=ORIENTED_EDGE('',*,*,#13229,.F.);
#11581=ORIENTED_EDGE('',*,*,#12994,.T.);
#11582=ORIENTED_EDGE('',*,*,#13231,.T.);
#11583=ORIENTED_EDGE('',*,*,#12700,.F.);
#11584=ORIENTED_EDGE('',*,*,#13230,.F.);
#11585=ORIENTED_EDGE('',*,*,#12993,.T.);
#11586=ORIENTED_EDGE('',*,*,#13232,.T.);
#11587=ORIENTED_EDGE('',*,*,#12701,.F.);
#11588=ORIENTED_EDGE('',*,*,#13231,.F.);
#11589=ORIENTED_EDGE('',*,*,#12992,.T.);
#11590=ORIENTED_EDGE('',*,*,#13233,.T.);
#11591=ORIENTED_EDGE('',*,*,#12702,.F.);
#11592=ORIENTED_EDGE('',*,*,#13232,.F.);
#11593=ORIENTED_EDGE('',*,*,#12991,.T.);
#11594=ORIENTED_EDGE('',*,*,#13234,.T.);
#11595=ORIENTED_EDGE('',*,*,#12703,.F.);
#11596=ORIENTED_EDGE('',*,*,#13233,.F.);
#11597=ORIENTED_EDGE('',*,*,#12990,.T.);
#11598=ORIENTED_EDGE('',*,*,#13235,.T.);
#11599=ORIENTED_EDGE('',*,*,#12704,.F.);
#11600=ORIENTED_EDGE('',*,*,#13234,.F.);
#11601=ORIENTED_EDGE('',*,*,#12989,.T.);
#11602=ORIENTED_EDGE('',*,*,#13236,.T.);
#11603=ORIENTED_EDGE('',*,*,#12705,.F.);
#11604=ORIENTED_EDGE('',*,*,#13235,.F.);
#11605=ORIENTED_EDGE('',*,*,#12988,.T.);
#11606=ORIENTED_EDGE('',*,*,#13237,.T.);
#11607=ORIENTED_EDGE('',*,*,#12706,.F.);
#11608=ORIENTED_EDGE('',*,*,#13236,.F.);
#11609=ORIENTED_EDGE('',*,*,#12987,.T.);
#11610=ORIENTED_EDGE('',*,*,#13238,.T.);
#11611=ORIENTED_EDGE('',*,*,#12707,.F.);
#11612=ORIENTED_EDGE('',*,*,#13237,.F.);
#11613=ORIENTED_EDGE('',*,*,#12986,.T.);
#11614=ORIENTED_EDGE('',*,*,#13239,.T.);
#11615=ORIENTED_EDGE('',*,*,#12708,.F.);
#11616=ORIENTED_EDGE('',*,*,#13238,.F.);
#11617=ORIENTED_EDGE('',*,*,#13240,.T.);
#11618=ORIENTED_EDGE('',*,*,#12709,.F.);
#11619=ORIENTED_EDGE('',*,*,#13239,.F.);
#11620=ORIENTED_EDGE('',*,*,#12985,.T.);
#11621=ORIENTED_EDGE('',*,*,#12984,.T.);
#11622=ORIENTED_EDGE('',*,*,#13241,.T.);
#11623=ORIENTED_EDGE('',*,*,#12710,.F.);
#11624=ORIENTED_EDGE('',*,*,#13240,.F.);
#11625=ORIENTED_EDGE('',*,*,#12983,.T.);
#11626=ORIENTED_EDGE('',*,*,#13242,.T.);
#11627=ORIENTED_EDGE('',*,*,#12711,.F.);
#11628=ORIENTED_EDGE('',*,*,#13241,.F.);
#11629=ORIENTED_EDGE('',*,*,#12982,.T.);
#11630=ORIENTED_EDGE('',*,*,#13243,.T.);
#11631=ORIENTED_EDGE('',*,*,#12712,.F.);
#11632=ORIENTED_EDGE('',*,*,#13242,.F.);
#11633=ORIENTED_EDGE('',*,*,#13244,.T.);
#11634=ORIENTED_EDGE('',*,*,#12713,.F.);
#11635=ORIENTED_EDGE('',*,*,#13243,.F.);
#11636=ORIENTED_EDGE('',*,*,#12981,.T.);
#11637=ORIENTED_EDGE('',*,*,#12980,.T.);
#11638=ORIENTED_EDGE('',*,*,#13245,.T.);
#11639=ORIENTED_EDGE('',*,*,#12714,.F.);
#11640=ORIENTED_EDGE('',*,*,#13244,.F.);
#11641=ORIENTED_EDGE('',*,*,#12979,.T.);
#11642=ORIENTED_EDGE('',*,*,#13246,.T.);
#11643=ORIENTED_EDGE('',*,*,#12715,.F.);
#11644=ORIENTED_EDGE('',*,*,#13245,.F.);
#11645=ORIENTED_EDGE('',*,*,#12978,.T.);
#11646=ORIENTED_EDGE('',*,*,#13247,.T.);
#11647=ORIENTED_EDGE('',*,*,#12716,.F.);
#11648=ORIENTED_EDGE('',*,*,#13246,.F.);
#11649=ORIENTED_EDGE('',*,*,#13248,.T.);
#11650=ORIENTED_EDGE('',*,*,#12717,.F.);
#11651=ORIENTED_EDGE('',*,*,#13247,.F.);
#11652=ORIENTED_EDGE('',*,*,#12977,.T.);
#11653=ORIENTED_EDGE('',*,*,#12976,.T.);
#11654=ORIENTED_EDGE('',*,*,#13249,.T.);
#11655=ORIENTED_EDGE('',*,*,#12718,.F.);
#11656=ORIENTED_EDGE('',*,*,#13248,.F.);
#11657=ORIENTED_EDGE('',*,*,#12975,.T.);
#11658=ORIENTED_EDGE('',*,*,#13250,.T.);
#11659=ORIENTED_EDGE('',*,*,#12719,.F.);
#11660=ORIENTED_EDGE('',*,*,#13249,.F.);
#11661=ORIENTED_EDGE('',*,*,#12974,.T.);
#11662=ORIENTED_EDGE('',*,*,#13251,.T.);
#11663=ORIENTED_EDGE('',*,*,#12720,.F.);
#11664=ORIENTED_EDGE('',*,*,#13250,.F.);
#11665=ORIENTED_EDGE('',*,*,#13252,.T.);
#11666=ORIENTED_EDGE('',*,*,#12721,.F.);
#11667=ORIENTED_EDGE('',*,*,#13251,.F.);
#11668=ORIENTED_EDGE('',*,*,#12973,.T.);
#11669=ORIENTED_EDGE('',*,*,#12972,.T.);
#11670=ORIENTED_EDGE('',*,*,#13253,.T.);
#11671=ORIENTED_EDGE('',*,*,#12722,.F.);
#11672=ORIENTED_EDGE('',*,*,#13252,.F.);
#11673=ORIENTED_EDGE('',*,*,#12971,.T.);
#11674=ORIENTED_EDGE('',*,*,#13254,.T.);
#11675=ORIENTED_EDGE('',*,*,#12723,.F.);
#11676=ORIENTED_EDGE('',*,*,#13253,.F.);
#11677=ORIENTED_EDGE('',*,*,#12970,.T.);
#11678=ORIENTED_EDGE('',*,*,#13255,.T.);
#11679=ORIENTED_EDGE('',*,*,#12724,.F.);
#11680=ORIENTED_EDGE('',*,*,#13254,.F.);
#11681=ORIENTED_EDGE('',*,*,#13256,.T.);
#11682=ORIENTED_EDGE('',*,*,#12725,.F.);
#11683=ORIENTED_EDGE('',*,*,#13255,.F.);
#11684=ORIENTED_EDGE('',*,*,#12969,.T.);
#11685=ORIENTED_EDGE('',*,*,#12968,.T.);
#11686=ORIENTED_EDGE('',*,*,#13257,.T.);
#11687=ORIENTED_EDGE('',*,*,#12726,.F.);
#11688=ORIENTED_EDGE('',*,*,#13256,.F.);
#11689=ORIENTED_EDGE('',*,*,#12967,.T.);
#11690=ORIENTED_EDGE('',*,*,#13258,.T.);
#11691=ORIENTED_EDGE('',*,*,#12727,.F.);
#11692=ORIENTED_EDGE('',*,*,#13257,.F.);
#11693=ORIENTED_EDGE('',*,*,#12966,.T.);
#11694=ORIENTED_EDGE('',*,*,#13259,.T.);
#11695=ORIENTED_EDGE('',*,*,#12728,.F.);
#11696=ORIENTED_EDGE('',*,*,#13258,.F.);
#11697=ORIENTED_EDGE('',*,*,#13260,.T.);
#11698=ORIENTED_EDGE('',*,*,#12729,.F.);
#11699=ORIENTED_EDGE('',*,*,#13259,.F.);
#11700=ORIENTED_EDGE('',*,*,#12965,.T.);
#11701=ORIENTED_EDGE('',*,*,#12964,.T.);
#11702=ORIENTED_EDGE('',*,*,#13261,.T.);
#11703=ORIENTED_EDGE('',*,*,#12730,.F.);
#11704=ORIENTED_EDGE('',*,*,#13260,.F.);
#11705=ORIENTED_EDGE('',*,*,#12963,.T.);
#11706=ORIENTED_EDGE('',*,*,#13262,.T.);
#11707=ORIENTED_EDGE('',*,*,#12731,.F.);
#11708=ORIENTED_EDGE('',*,*,#13261,.F.);
#11709=ORIENTED_EDGE('',*,*,#12962,.T.);
#11710=ORIENTED_EDGE('',*,*,#13263,.T.);
#11711=ORIENTED_EDGE('',*,*,#12732,.F.);
#11712=ORIENTED_EDGE('',*,*,#13262,.F.);
#11713=ORIENTED_EDGE('',*,*,#13264,.T.);
#11714=ORIENTED_EDGE('',*,*,#12733,.F.);
#11715=ORIENTED_EDGE('',*,*,#13263,.F.);
#11716=ORIENTED_EDGE('',*,*,#12961,.T.);
#11717=ORIENTED_EDGE('',*,*,#12960,.T.);
#11718=ORIENTED_EDGE('',*,*,#13265,.T.);
#11719=ORIENTED_EDGE('',*,*,#12734,.F.);
#11720=ORIENTED_EDGE('',*,*,#13264,.F.);
#11721=ORIENTED_EDGE('',*,*,#12959,.T.);
#11722=ORIENTED_EDGE('',*,*,#13266,.T.);
#11723=ORIENTED_EDGE('',*,*,#12735,.F.);
#11724=ORIENTED_EDGE('',*,*,#13265,.F.);
#11725=ORIENTED_EDGE('',*,*,#12958,.T.);
#11726=ORIENTED_EDGE('',*,*,#13267,.T.);
#11727=ORIENTED_EDGE('',*,*,#12736,.F.);
#11728=ORIENTED_EDGE('',*,*,#13266,.F.);
#11729=ORIENTED_EDGE('',*,*,#13268,.T.);
#11730=ORIENTED_EDGE('',*,*,#12737,.F.);
#11731=ORIENTED_EDGE('',*,*,#13267,.F.);
#11732=ORIENTED_EDGE('',*,*,#12957,.T.);
#11733=ORIENTED_EDGE('',*,*,#12956,.T.);
#11734=ORIENTED_EDGE('',*,*,#13269,.T.);
#11735=ORIENTED_EDGE('',*,*,#12738,.F.);
#11736=ORIENTED_EDGE('',*,*,#13268,.F.);
#11737=ORIENTED_EDGE('',*,*,#12955,.T.);
#11738=ORIENTED_EDGE('',*,*,#13270,.T.);
#11739=ORIENTED_EDGE('',*,*,#12739,.F.);
#11740=ORIENTED_EDGE('',*,*,#13269,.F.);
#11741=ORIENTED_EDGE('',*,*,#12954,.T.);
#11742=ORIENTED_EDGE('',*,*,#13271,.T.);
#11743=ORIENTED_EDGE('',*,*,#12740,.F.);
#11744=ORIENTED_EDGE('',*,*,#13270,.F.);
#11745=ORIENTED_EDGE('',*,*,#13272,.T.);
#11746=ORIENTED_EDGE('',*,*,#12741,.F.);
#11747=ORIENTED_EDGE('',*,*,#13271,.F.);
#11748=ORIENTED_EDGE('',*,*,#12953,.T.);
#11749=ORIENTED_EDGE('',*,*,#12952,.T.);
#11750=ORIENTED_EDGE('',*,*,#13273,.T.);
#11751=ORIENTED_EDGE('',*,*,#12742,.F.);
#11752=ORIENTED_EDGE('',*,*,#13272,.F.);
#11753=ORIENTED_EDGE('',*,*,#12951,.T.);
#11754=ORIENTED_EDGE('',*,*,#13274,.T.);
#11755=ORIENTED_EDGE('',*,*,#12743,.F.);
#11756=ORIENTED_EDGE('',*,*,#13273,.F.);
#11757=ORIENTED_EDGE('',*,*,#12950,.T.);
#11758=ORIENTED_EDGE('',*,*,#13275,.T.);
#11759=ORIENTED_EDGE('',*,*,#12744,.F.);
#11760=ORIENTED_EDGE('',*,*,#13274,.F.);
#11761=ORIENTED_EDGE('',*,*,#13276,.T.);
#11762=ORIENTED_EDGE('',*,*,#12745,.F.);
#11763=ORIENTED_EDGE('',*,*,#13275,.F.);
#11764=ORIENTED_EDGE('',*,*,#12949,.T.);
#11765=ORIENTED_EDGE('',*,*,#12948,.T.);
#11766=ORIENTED_EDGE('',*,*,#13277,.T.);
#11767=ORIENTED_EDGE('',*,*,#12746,.F.);
#11768=ORIENTED_EDGE('',*,*,#13276,.F.);
#11769=ORIENTED_EDGE('',*,*,#12947,.T.);
#11770=ORIENTED_EDGE('',*,*,#13278,.T.);
#11771=ORIENTED_EDGE('',*,*,#12747,.F.);
#11772=ORIENTED_EDGE('',*,*,#13277,.F.);
#11773=ORIENTED_EDGE('',*,*,#12946,.T.);
#11774=ORIENTED_EDGE('',*,*,#13279,.T.);
#11775=ORIENTED_EDGE('',*,*,#12748,.F.);
#11776=ORIENTED_EDGE('',*,*,#13278,.F.);
#11777=ORIENTED_EDGE('',*,*,#13280,.T.);
#11778=ORIENTED_EDGE('',*,*,#12749,.F.);
#11779=ORIENTED_EDGE('',*,*,#13279,.F.);
#11780=ORIENTED_EDGE('',*,*,#12945,.T.);
#11781=ORIENTED_EDGE('',*,*,#12944,.T.);
#11782=ORIENTED_EDGE('',*,*,#13281,.T.);
#11783=ORIENTED_EDGE('',*,*,#12750,.F.);
#11784=ORIENTED_EDGE('',*,*,#13280,.F.);
#11785=ORIENTED_EDGE('',*,*,#12943,.T.);
#11786=ORIENTED_EDGE('',*,*,#13282,.T.);
#11787=ORIENTED_EDGE('',*,*,#12751,.F.);
#11788=ORIENTED_EDGE('',*,*,#13281,.F.);
#11789=ORIENTED_EDGE('',*,*,#12942,.T.);
#11790=ORIENTED_EDGE('',*,*,#13283,.T.);
#11791=ORIENTED_EDGE('',*,*,#12752,.F.);
#11792=ORIENTED_EDGE('',*,*,#13282,.F.);
#11793=ORIENTED_EDGE('',*,*,#13284,.T.);
#11794=ORIENTED_EDGE('',*,*,#12753,.F.);
#11795=ORIENTED_EDGE('',*,*,#13283,.F.);
#11796=ORIENTED_EDGE('',*,*,#12941,.T.);
#11797=ORIENTED_EDGE('',*,*,#12940,.T.);
#11798=ORIENTED_EDGE('',*,*,#13285,.T.);
#11799=ORIENTED_EDGE('',*,*,#12754,.F.);
#11800=ORIENTED_EDGE('',*,*,#13284,.F.);
#11801=ORIENTED_EDGE('',*,*,#12939,.T.);
#11802=ORIENTED_EDGE('',*,*,#13286,.T.);
#11803=ORIENTED_EDGE('',*,*,#12755,.F.);
#11804=ORIENTED_EDGE('',*,*,#13285,.F.);
#11805=ORIENTED_EDGE('',*,*,#12938,.T.);
#11806=ORIENTED_EDGE('',*,*,#13287,.T.);
#11807=ORIENTED_EDGE('',*,*,#12756,.F.);
#11808=ORIENTED_EDGE('',*,*,#13286,.F.);
#11809=ORIENTED_EDGE('',*,*,#13288,.T.);
#11810=ORIENTED_EDGE('',*,*,#12757,.F.);
#11811=ORIENTED_EDGE('',*,*,#13287,.F.);
#11812=ORIENTED_EDGE('',*,*,#12937,.T.);
#11813=ORIENTED_EDGE('',*,*,#12936,.T.);
#11814=ORIENTED_EDGE('',*,*,#13289,.T.);
#11815=ORIENTED_EDGE('',*,*,#12758,.F.);
#11816=ORIENTED_EDGE('',*,*,#13288,.F.);
#11817=ORIENTED_EDGE('',*,*,#12935,.T.);
#11818=ORIENTED_EDGE('',*,*,#13290,.T.);
#11819=ORIENTED_EDGE('',*,*,#12759,.F.);
#11820=ORIENTED_EDGE('',*,*,#13289,.F.);
#11821=ORIENTED_EDGE('',*,*,#12934,.T.);
#11822=ORIENTED_EDGE('',*,*,#13291,.T.);
#11823=ORIENTED_EDGE('',*,*,#12760,.F.);
#11824=ORIENTED_EDGE('',*,*,#13290,.F.);
#11825=ORIENTED_EDGE('',*,*,#13292,.T.);
#11826=ORIENTED_EDGE('',*,*,#12761,.F.);
#11827=ORIENTED_EDGE('',*,*,#13291,.F.);
#11828=ORIENTED_EDGE('',*,*,#12933,.T.);
#11829=ORIENTED_EDGE('',*,*,#12932,.T.);
#11830=ORIENTED_EDGE('',*,*,#13293,.T.);
#11831=ORIENTED_EDGE('',*,*,#12762,.F.);
#11832=ORIENTED_EDGE('',*,*,#13292,.F.);
#11833=ORIENTED_EDGE('',*,*,#12931,.T.);
#11834=ORIENTED_EDGE('',*,*,#13294,.T.);
#11835=ORIENTED_EDGE('',*,*,#12763,.F.);
#11836=ORIENTED_EDGE('',*,*,#13293,.F.);
#11837=ORIENTED_EDGE('',*,*,#12930,.T.);
#11838=ORIENTED_EDGE('',*,*,#13295,.T.);
#11839=ORIENTED_EDGE('',*,*,#12764,.F.);
#11840=ORIENTED_EDGE('',*,*,#13294,.F.);
#11841=ORIENTED_EDGE('',*,*,#13296,.T.);
#11842=ORIENTED_EDGE('',*,*,#12765,.F.);
#11843=ORIENTED_EDGE('',*,*,#13295,.F.);
#11844=ORIENTED_EDGE('',*,*,#12929,.T.);
#11845=ORIENTED_EDGE('',*,*,#12928,.T.);
#11846=ORIENTED_EDGE('',*,*,#13297,.T.);
#11847=ORIENTED_EDGE('',*,*,#12766,.F.);
#11848=ORIENTED_EDGE('',*,*,#13296,.F.);
#11849=ORIENTED_EDGE('',*,*,#12927,.T.);
#11850=ORIENTED_EDGE('',*,*,#13298,.T.);
#11851=ORIENTED_EDGE('',*,*,#12767,.F.);
#11852=ORIENTED_EDGE('',*,*,#13297,.F.);
#11853=ORIENTED_EDGE('',*,*,#12926,.T.);
#11854=ORIENTED_EDGE('',*,*,#13299,.T.);
#11855=ORIENTED_EDGE('',*,*,#12768,.F.);
#11856=ORIENTED_EDGE('',*,*,#13298,.F.);
#11857=ORIENTED_EDGE('',*,*,#13300,.T.);
#11858=ORIENTED_EDGE('',*,*,#12769,.F.);
#11859=ORIENTED_EDGE('',*,*,#13299,.F.);
#11860=ORIENTED_EDGE('',*,*,#12925,.T.);
#11861=ORIENTED_EDGE('',*,*,#12924,.T.);
#11862=ORIENTED_EDGE('',*,*,#13301,.T.);
#11863=ORIENTED_EDGE('',*,*,#12770,.F.);
#11864=ORIENTED_EDGE('',*,*,#13300,.F.);
#11865=ORIENTED_EDGE('',*,*,#12923,.T.);
#11866=ORIENTED_EDGE('',*,*,#13302,.T.);
#11867=ORIENTED_EDGE('',*,*,#12771,.F.);
#11868=ORIENTED_EDGE('',*,*,#13301,.F.);
#11869=ORIENTED_EDGE('',*,*,#12922,.T.);
#11870=ORIENTED_EDGE('',*,*,#13303,.T.);
#11871=ORIENTED_EDGE('',*,*,#12772,.F.);
#11872=ORIENTED_EDGE('',*,*,#13302,.F.);
#11873=ORIENTED_EDGE('',*,*,#13304,.T.);
#11874=ORIENTED_EDGE('',*,*,#12773,.F.);
#11875=ORIENTED_EDGE('',*,*,#13303,.F.);
#11876=ORIENTED_EDGE('',*,*,#12921,.T.);
#11877=ORIENTED_EDGE('',*,*,#12920,.T.);
#11878=ORIENTED_EDGE('',*,*,#13305,.T.);
#11879=ORIENTED_EDGE('',*,*,#12774,.F.);
#11880=ORIENTED_EDGE('',*,*,#13304,.F.);
#11881=ORIENTED_EDGE('',*,*,#12919,.T.);
#11882=ORIENTED_EDGE('',*,*,#13306,.T.);
#11883=ORIENTED_EDGE('',*,*,#12775,.F.);
#11884=ORIENTED_EDGE('',*,*,#13305,.F.);
#11885=ORIENTED_EDGE('',*,*,#12918,.T.);
#11886=ORIENTED_EDGE('',*,*,#13307,.T.);
#11887=ORIENTED_EDGE('',*,*,#12776,.F.);
#11888=ORIENTED_EDGE('',*,*,#13306,.F.);
#11889=ORIENTED_EDGE('',*,*,#13308,.T.);
#11890=ORIENTED_EDGE('',*,*,#12777,.F.);
#11891=ORIENTED_EDGE('',*,*,#13307,.F.);
#11892=ORIENTED_EDGE('',*,*,#12917,.T.);
#11893=ORIENTED_EDGE('',*,*,#12916,.T.);
#11894=ORIENTED_EDGE('',*,*,#13309,.T.);
#11895=ORIENTED_EDGE('',*,*,#12778,.F.);
#11896=ORIENTED_EDGE('',*,*,#13308,.F.);
#11897=ORIENTED_EDGE('',*,*,#12915,.T.);
#11898=ORIENTED_EDGE('',*,*,#13310,.T.);
#11899=ORIENTED_EDGE('',*,*,#12779,.F.);
#11900=ORIENTED_EDGE('',*,*,#13309,.F.);
#11901=ORIENTED_EDGE('',*,*,#12914,.T.);
#11902=ORIENTED_EDGE('',*,*,#13311,.T.);
#11903=ORIENTED_EDGE('',*,*,#12780,.F.);
#11904=ORIENTED_EDGE('',*,*,#13310,.F.);
#11905=ORIENTED_EDGE('',*,*,#13312,.T.);
#11906=ORIENTED_EDGE('',*,*,#12781,.F.);
#11907=ORIENTED_EDGE('',*,*,#13311,.F.);
#11908=ORIENTED_EDGE('',*,*,#12913,.T.);
#11909=ORIENTED_EDGE('',*,*,#12912,.T.);
#11910=ORIENTED_EDGE('',*,*,#13313,.T.);
#11911=ORIENTED_EDGE('',*,*,#12782,.F.);
#11912=ORIENTED_EDGE('',*,*,#13312,.F.);
#11913=ORIENTED_EDGE('',*,*,#12911,.T.);
#11914=ORIENTED_EDGE('',*,*,#13314,.T.);
#11915=ORIENTED_EDGE('',*,*,#12783,.F.);
#11916=ORIENTED_EDGE('',*,*,#13313,.F.);
#11917=ORIENTED_EDGE('',*,*,#12910,.T.);
#11918=ORIENTED_EDGE('',*,*,#13315,.T.);
#11919=ORIENTED_EDGE('',*,*,#12784,.F.);
#11920=ORIENTED_EDGE('',*,*,#13314,.F.);
#11921=ORIENTED_EDGE('',*,*,#13316,.T.);
#11922=ORIENTED_EDGE('',*,*,#12785,.F.);
#11923=ORIENTED_EDGE('',*,*,#13315,.F.);
#11924=ORIENTED_EDGE('',*,*,#12909,.T.);
#11925=ORIENTED_EDGE('',*,*,#12908,.T.);
#11926=ORIENTED_EDGE('',*,*,#13317,.T.);
#11927=ORIENTED_EDGE('',*,*,#12786,.F.);
#11928=ORIENTED_EDGE('',*,*,#13316,.F.);
#11929=ORIENTED_EDGE('',*,*,#12907,.T.);
#11930=ORIENTED_EDGE('',*,*,#13318,.T.);
#11931=ORIENTED_EDGE('',*,*,#12787,.F.);
#11932=ORIENTED_EDGE('',*,*,#13317,.F.);
#11933=ORIENTED_EDGE('',*,*,#12906,.T.);
#11934=ORIENTED_EDGE('',*,*,#13319,.T.);
#11935=ORIENTED_EDGE('',*,*,#12788,.F.);
#11936=ORIENTED_EDGE('',*,*,#13318,.F.);
#11937=ORIENTED_EDGE('',*,*,#13320,.T.);
#11938=ORIENTED_EDGE('',*,*,#12789,.F.);
#11939=ORIENTED_EDGE('',*,*,#13319,.F.);
#11940=ORIENTED_EDGE('',*,*,#12905,.T.);
#11941=ORIENTED_EDGE('',*,*,#12904,.T.);
#11942=ORIENTED_EDGE('',*,*,#13321,.T.);
#11943=ORIENTED_EDGE('',*,*,#12790,.F.);
#11944=ORIENTED_EDGE('',*,*,#13320,.F.);
#11945=ORIENTED_EDGE('',*,*,#12903,.T.);
#11946=ORIENTED_EDGE('',*,*,#13322,.T.);
#11947=ORIENTED_EDGE('',*,*,#12791,.F.);
#11948=ORIENTED_EDGE('',*,*,#13321,.F.);
#11949=ORIENTED_EDGE('',*,*,#12902,.T.);
#11950=ORIENTED_EDGE('',*,*,#13323,.T.);
#11951=ORIENTED_EDGE('',*,*,#12792,.F.);
#11952=ORIENTED_EDGE('',*,*,#13322,.F.);
#11953=ORIENTED_EDGE('',*,*,#13324,.T.);
#11954=ORIENTED_EDGE('',*,*,#12793,.F.);
#11955=ORIENTED_EDGE('',*,*,#13323,.F.);
#11956=ORIENTED_EDGE('',*,*,#12901,.T.);
#11957=ORIENTED_EDGE('',*,*,#12900,.T.);
#11958=ORIENTED_EDGE('',*,*,#13325,.T.);
#11959=ORIENTED_EDGE('',*,*,#12794,.F.);
#11960=ORIENTED_EDGE('',*,*,#13324,.F.);
#11961=ORIENTED_EDGE('',*,*,#12899,.T.);
#11962=ORIENTED_EDGE('',*,*,#13326,.T.);
#11963=ORIENTED_EDGE('',*,*,#12795,.F.);
#11964=ORIENTED_EDGE('',*,*,#13325,.F.);
#11965=ORIENTED_EDGE('',*,*,#12898,.T.);
#11966=ORIENTED_EDGE('',*,*,#13327,.T.);
#11967=ORIENTED_EDGE('',*,*,#12796,.F.);
#11968=ORIENTED_EDGE('',*,*,#13326,.F.);
#11969=ORIENTED_EDGE('',*,*,#13328,.T.);
#11970=ORIENTED_EDGE('',*,*,#12797,.F.);
#11971=ORIENTED_EDGE('',*,*,#13327,.F.);
#11972=ORIENTED_EDGE('',*,*,#12897,.T.);
#11973=ORIENTED_EDGE('',*,*,#12896,.T.);
#11974=ORIENTED_EDGE('',*,*,#13329,.T.);
#11975=ORIENTED_EDGE('',*,*,#12798,.F.);
#11976=ORIENTED_EDGE('',*,*,#13328,.F.);
#11977=ORIENTED_EDGE('',*,*,#12895,.T.);
#11978=ORIENTED_EDGE('',*,*,#13330,.T.);
#11979=ORIENTED_EDGE('',*,*,#12799,.F.);
#11980=ORIENTED_EDGE('',*,*,#13329,.F.);
#11981=ORIENTED_EDGE('',*,*,#12894,.T.);
#11982=ORIENTED_EDGE('',*,*,#13331,.T.);
#11983=ORIENTED_EDGE('',*,*,#12800,.F.);
#11984=ORIENTED_EDGE('',*,*,#13330,.F.);
#11985=ORIENTED_EDGE('',*,*,#13332,.T.);
#11986=ORIENTED_EDGE('',*,*,#12801,.F.);
#11987=ORIENTED_EDGE('',*,*,#13331,.F.);
#11988=ORIENTED_EDGE('',*,*,#12893,.T.);
#11989=ORIENTED_EDGE('',*,*,#12892,.T.);
#11990=ORIENTED_EDGE('',*,*,#13333,.T.);
#11991=ORIENTED_EDGE('',*,*,#12802,.F.);
#11992=ORIENTED_EDGE('',*,*,#13332,.F.);
#11993=ORIENTED_EDGE('',*,*,#12891,.T.);
#11994=ORIENTED_EDGE('',*,*,#13334,.T.);
#11995=ORIENTED_EDGE('',*,*,#12803,.F.);
#11996=ORIENTED_EDGE('',*,*,#13333,.F.);
#11997=ORIENTED_EDGE('',*,*,#12890,.T.);
#11998=ORIENTED_EDGE('',*,*,#13335,.T.);
#11999=ORIENTED_EDGE('',*,*,#12804,.F.);
#12000=ORIENTED_EDGE('',*,*,#13334,.F.);
#12001=ORIENTED_EDGE('',*,*,#13336,.T.);
#12002=ORIENTED_EDGE('',*,*,#12805,.F.);
#12003=ORIENTED_EDGE('',*,*,#13335,.F.);
#12004=ORIENTED_EDGE('',*,*,#12889,.T.);
#12005=ORIENTED_EDGE('',*,*,#12888,.T.);
#12006=ORIENTED_EDGE('',*,*,#13337,.T.);
#12007=ORIENTED_EDGE('',*,*,#12806,.F.);
#12008=ORIENTED_EDGE('',*,*,#13336,.F.);
#12009=ORIENTED_EDGE('',*,*,#12887,.T.);
#12010=ORIENTED_EDGE('',*,*,#13338,.T.);
#12011=ORIENTED_EDGE('',*,*,#12807,.F.);
#12012=ORIENTED_EDGE('',*,*,#13337,.F.);
#12013=ORIENTED_EDGE('',*,*,#12886,.T.);
#12014=ORIENTED_EDGE('',*,*,#13339,.T.);
#12015=ORIENTED_EDGE('',*,*,#12808,.F.);
#12016=ORIENTED_EDGE('',*,*,#13338,.F.);
#12017=ORIENTED_EDGE('',*,*,#13340,.T.);
#12018=ORIENTED_EDGE('',*,*,#12809,.F.);
#12019=ORIENTED_EDGE('',*,*,#13339,.F.);
#12020=ORIENTED_EDGE('',*,*,#12885,.T.);
#12021=ORIENTED_EDGE('',*,*,#12884,.T.);
#12022=ORIENTED_EDGE('',*,*,#13341,.T.);
#12023=ORIENTED_EDGE('',*,*,#12810,.F.);
#12024=ORIENTED_EDGE('',*,*,#13340,.F.);
#12025=ORIENTED_EDGE('',*,*,#12883,.T.);
#12026=ORIENTED_EDGE('',*,*,#13342,.T.);
#12027=ORIENTED_EDGE('',*,*,#12811,.F.);
#12028=ORIENTED_EDGE('',*,*,#13341,.F.);
#12029=ORIENTED_EDGE('',*,*,#12882,.T.);
#12030=ORIENTED_EDGE('',*,*,#13343,.T.);
#12031=ORIENTED_EDGE('',*,*,#12812,.F.);
#12032=ORIENTED_EDGE('',*,*,#13342,.F.);
#12033=ORIENTED_EDGE('',*,*,#13344,.T.);
#12034=ORIENTED_EDGE('',*,*,#12813,.F.);
#12035=ORIENTED_EDGE('',*,*,#13343,.F.);
#12036=ORIENTED_EDGE('',*,*,#12881,.T.);
#12037=ORIENTED_EDGE('',*,*,#12880,.T.);
#12038=ORIENTED_EDGE('',*,*,#13345,.T.);
#12039=ORIENTED_EDGE('',*,*,#12814,.F.);
#12040=ORIENTED_EDGE('',*,*,#13344,.F.);
#12041=ORIENTED_EDGE('',*,*,#12879,.T.);
#12042=ORIENTED_EDGE('',*,*,#13346,.T.);
#12043=ORIENTED_EDGE('',*,*,#12815,.F.);
#12044=ORIENTED_EDGE('',*,*,#13345,.F.);
#12045=ORIENTED_EDGE('',*,*,#12878,.T.);
#12046=ORIENTED_EDGE('',*,*,#13347,.T.);
#12047=ORIENTED_EDGE('',*,*,#12816,.F.);
#12048=ORIENTED_EDGE('',*,*,#13346,.F.);
#12049=ORIENTED_EDGE('',*,*,#12877,.T.);
#12050=ORIENTED_EDGE('',*,*,#13348,.T.);
#12051=ORIENTED_EDGE('',*,*,#12817,.F.);
#12052=ORIENTED_EDGE('',*,*,#13347,.F.);
#12053=ORIENTED_EDGE('',*,*,#12876,.T.);
#12054=ORIENTED_EDGE('',*,*,#13114,.T.);
#12055=ORIENTED_EDGE('',*,*,#12818,.F.);
#12056=ORIENTED_EDGE('',*,*,#13348,.F.);
#12057=ORIENTED_EDGE('',*,*,#12847,.F.);
#12058=ORIENTED_EDGE('',*,*,#13349,.F.);
#12059=ORIENTED_EDGE('',*,*,#13350,.T.);
#12060=ORIENTED_EDGE('',*,*,#13112,.F.);
#12061=ORIENTED_EDGE('',*,*,#13349,.T.);
#12062=ORIENTED_EDGE('',*,*,#13350,.F.);
#12063=ORIENTED_EDGE('',*,*,#13351,.T.);
#12064=ORIENTED_EDGE('',*,*,#13351,.F.);
#12065=ORIENTED_EDGE('',*,*,#13352,.T.);
#12066=ORIENTED_EDGE('',*,*,#13353,.T.);
#12067=ORIENTED_EDGE('',*,*,#13352,.F.);
#12068=ORIENTED_EDGE('',*,*,#13353,.F.);
#12069=ORIENTED_EDGE('',*,*,#13354,.T.);
#12070=ORIENTED_EDGE('',*,*,#13354,.F.);
#12071=ORIENTED_EDGE('',*,*,#13355,.T.);
#12072=ORIENTED_EDGE('',*,*,#13355,.F.);
#12073=ORIENTED_EDGE('',*,*,#13356,.T.);
#12074=ORIENTED_EDGE('',*,*,#13357,.T.);
#12075=ORIENTED_EDGE('',*,*,#13356,.F.);
#12076=ORIENTED_EDGE('',*,*,#13357,.F.);
#12077=ORIENTED_EDGE('',*,*,#13358,.T.);
#12078=ORIENTED_EDGE('',*,*,#13358,.F.);
#12079=ORIENTED_EDGE('',*,*,#13359,.T.);
#12080=ORIENTED_EDGE('',*,*,#13359,.F.);
#12081=ORIENTED_EDGE('',*,*,#13360,.T.);
#12082=ORIENTED_EDGE('',*,*,#13361,.T.);
#12083=ORIENTED_EDGE('',*,*,#13360,.F.);
#12084=ORIENTED_EDGE('',*,*,#13361,.F.);
#12085=ORIENTED_EDGE('',*,*,#13362,.T.);
#12086=ORIENTED_EDGE('',*,*,#13362,.F.);
#12087=ORIENTED_EDGE('',*,*,#13363,.T.);
#12088=ORIENTED_EDGE('',*,*,#13363,.F.);
#12089=ORIENTED_EDGE('',*,*,#13364,.T.);
#12090=ORIENTED_EDGE('',*,*,#13365,.T.);
#12091=ORIENTED_EDGE('',*,*,#13364,.F.);
#12092=ORIENTED_EDGE('',*,*,#13365,.F.);
#12093=ORIENTED_EDGE('',*,*,#13366,.T.);
#12094=ORIENTED_EDGE('',*,*,#13366,.F.);
#12095=ORIENTED_EDGE('',*,*,#13367,.T.);
#12096=ORIENTED_EDGE('',*,*,#13367,.F.);
#12097=ORIENTED_EDGE('',*,*,#13368,.T.);
#12098=ORIENTED_EDGE('',*,*,#13369,.T.);
#12099=ORIENTED_EDGE('',*,*,#13368,.F.);
#12100=ORIENTED_EDGE('',*,*,#13369,.F.);
#12101=ORIENTED_EDGE('',*,*,#13370,.T.);
#12102=ORIENTED_EDGE('',*,*,#13370,.F.);
#12103=ORIENTED_EDGE('',*,*,#13371,.T.);
#12104=ORIENTED_EDGE('',*,*,#13371,.F.);
#12105=ORIENTED_EDGE('',*,*,#13372,.T.);
#12106=ORIENTED_EDGE('',*,*,#13373,.T.);
#12107=ORIENTED_EDGE('',*,*,#13372,.F.);
#12108=ORIENTED_EDGE('',*,*,#13373,.F.);
#12109=ORIENTED_EDGE('',*,*,#13374,.T.);
#12110=ORIENTED_EDGE('',*,*,#13374,.F.);
#12111=ORIENTED_EDGE('',*,*,#13375,.T.);
#12112=ORIENTED_EDGE('',*,*,#13375,.F.);
#12113=ORIENTED_EDGE('',*,*,#13376,.T.);
#12114=ORIENTED_EDGE('',*,*,#13377,.T.);
#12115=ORIENTED_EDGE('',*,*,#13376,.F.);
#12116=ORIENTED_EDGE('',*,*,#13377,.F.);
#12117=ORIENTED_EDGE('',*,*,#13378,.T.);
#12118=ORIENTED_EDGE('',*,*,#13378,.F.);
#12119=ORIENTED_EDGE('',*,*,#13379,.T.);
#12120=ORIENTED_EDGE('',*,*,#13379,.F.);
#12121=ORIENTED_EDGE('',*,*,#13380,.T.);
#12122=ORIENTED_EDGE('',*,*,#13381,.T.);
#12123=ORIENTED_EDGE('',*,*,#13380,.F.);
#12124=ORIENTED_EDGE('',*,*,#13381,.F.);
#12125=ORIENTED_EDGE('',*,*,#13382,.T.);
#12126=ORIENTED_EDGE('',*,*,#13382,.F.);
#12127=ORIENTED_EDGE('',*,*,#13383,.T.);
#12128=ORIENTED_EDGE('',*,*,#13383,.F.);
#12129=ORIENTED_EDGE('',*,*,#13384,.T.);
#12130=ORIENTED_EDGE('',*,*,#13385,.T.);
#12131=ORIENTED_EDGE('',*,*,#13384,.F.);
#12132=ORIENTED_EDGE('',*,*,#13385,.F.);
#12133=ORIENTED_EDGE('',*,*,#13386,.T.);
#12134=ORIENTED_EDGE('',*,*,#13386,.F.);
#12135=ORIENTED_EDGE('',*,*,#13387,.T.);
#12136=ORIENTED_EDGE('',*,*,#13387,.F.);
#12137=ORIENTED_EDGE('',*,*,#13388,.T.);
#12138=ORIENTED_EDGE('',*,*,#13389,.T.);
#12139=ORIENTED_EDGE('',*,*,#13388,.F.);
#12140=ORIENTED_EDGE('',*,*,#13389,.F.);
#12141=ORIENTED_EDGE('',*,*,#13390,.T.);
#12142=ORIENTED_EDGE('',*,*,#13390,.F.);
#12143=ORIENTED_EDGE('',*,*,#13391,.T.);
#12144=ORIENTED_EDGE('',*,*,#13391,.F.);
#12145=ORIENTED_EDGE('',*,*,#13392,.T.);
#12146=ORIENTED_EDGE('',*,*,#13393,.T.);
#12147=ORIENTED_EDGE('',*,*,#13392,.F.);
#12148=ORIENTED_EDGE('',*,*,#13393,.F.);
#12149=ORIENTED_EDGE('',*,*,#13394,.T.);
#12150=ORIENTED_EDGE('',*,*,#13394,.F.);
#12151=ORIENTED_EDGE('',*,*,#13395,.T.);
#12152=ORIENTED_EDGE('',*,*,#13395,.F.);
#12153=ORIENTED_EDGE('',*,*,#13396,.T.);
#12154=ORIENTED_EDGE('',*,*,#13397,.T.);
#12155=ORIENTED_EDGE('',*,*,#13396,.F.);
#12156=ORIENTED_EDGE('',*,*,#13397,.F.);
#12157=ORIENTED_EDGE('',*,*,#13398,.T.);
#12158=ORIENTED_EDGE('',*,*,#13398,.F.);
#12159=ORIENTED_EDGE('',*,*,#13399,.T.);
#12160=ORIENTED_EDGE('',*,*,#13399,.F.);
#12161=ORIENTED_EDGE('',*,*,#13400,.T.);
#12162=ORIENTED_EDGE('',*,*,#13401,.T.);
#12163=ORIENTED_EDGE('',*,*,#13400,.F.);
#12164=ORIENTED_EDGE('',*,*,#13401,.F.);
#12165=ORIENTED_EDGE('',*,*,#13402,.T.);
#12166=ORIENTED_EDGE('',*,*,#13402,.F.);
#12167=ORIENTED_EDGE('',*,*,#13403,.T.);
#12168=ORIENTED_EDGE('',*,*,#13403,.F.);
#12169=ORIENTED_EDGE('',*,*,#13404,.T.);
#12170=ORIENTED_EDGE('',*,*,#13405,.T.);
#12171=ORIENTED_EDGE('',*,*,#13404,.F.);
#12172=ORIENTED_EDGE('',*,*,#13405,.F.);
#12173=ORIENTED_EDGE('',*,*,#13406,.T.);
#12174=ORIENTED_EDGE('',*,*,#13406,.F.);
#12175=ORIENTED_EDGE('',*,*,#13407,.T.);
#12176=ORIENTED_EDGE('',*,*,#13407,.F.);
#12177=ORIENTED_EDGE('',*,*,#13408,.T.);
#12178=ORIENTED_EDGE('',*,*,#13409,.T.);
#12179=ORIENTED_EDGE('',*,*,#13408,.F.);
#12180=ORIENTED_EDGE('',*,*,#13409,.F.);
#12181=ORIENTED_EDGE('',*,*,#13410,.T.);
#12182=ORIENTED_EDGE('',*,*,#13410,.F.);
#12183=ORIENTED_EDGE('',*,*,#13411,.T.);
#12184=ORIENTED_EDGE('',*,*,#13411,.F.);
#12185=ORIENTED_EDGE('',*,*,#13412,.T.);
#12186=ORIENTED_EDGE('',*,*,#13413,.T.);
#12187=ORIENTED_EDGE('',*,*,#13412,.F.);
#12188=ORIENTED_EDGE('',*,*,#13413,.F.);
#12189=ORIENTED_EDGE('',*,*,#13414,.T.);
#12190=ORIENTED_EDGE('',*,*,#13414,.F.);
#12191=ORIENTED_EDGE('',*,*,#13415,.T.);
#12192=ORIENTED_EDGE('',*,*,#13415,.F.);
#12193=ORIENTED_EDGE('',*,*,#13416,.T.);
#12194=ORIENTED_EDGE('',*,*,#13417,.T.);
#12195=ORIENTED_EDGE('',*,*,#13416,.F.);
#12196=ORIENTED_EDGE('',*,*,#13417,.F.);
#12197=ORIENTED_EDGE('',*,*,#13418,.T.);
#12198=ORIENTED_EDGE('',*,*,#13418,.F.);
#12199=ORIENTED_EDGE('',*,*,#13419,.T.);
#12200=ORIENTED_EDGE('',*,*,#13419,.F.);
#12201=ORIENTED_EDGE('',*,*,#13420,.T.);
#12202=ORIENTED_EDGE('',*,*,#13421,.T.);
#12203=ORIENTED_EDGE('',*,*,#13420,.F.);
#12204=ORIENTED_EDGE('',*,*,#13421,.F.);
#12205=ORIENTED_EDGE('',*,*,#13422,.T.);
#12206=ORIENTED_EDGE('',*,*,#13422,.F.);
#12207=ORIENTED_EDGE('',*,*,#13423,.T.);
#12208=ORIENTED_EDGE('',*,*,#13423,.F.);
#12209=ORIENTED_EDGE('',*,*,#13424,.T.);
#12210=ORIENTED_EDGE('',*,*,#13425,.T.);
#12211=ORIENTED_EDGE('',*,*,#13424,.F.);
#12212=ORIENTED_EDGE('',*,*,#13425,.F.);
#12213=ORIENTED_EDGE('',*,*,#13426,.T.);
#12214=ORIENTED_EDGE('',*,*,#13426,.F.);
#12215=ORIENTED_EDGE('',*,*,#13427,.T.);
#12216=ORIENTED_EDGE('',*,*,#13427,.F.);
#12217=ORIENTED_EDGE('',*,*,#13428,.T.);
#12218=ORIENTED_EDGE('',*,*,#13429,.T.);
#12219=ORIENTED_EDGE('',*,*,#13428,.F.);
#12220=ORIENTED_EDGE('',*,*,#13429,.F.);
#12221=ORIENTED_EDGE('',*,*,#13430,.T.);
#12222=ORIENTED_EDGE('',*,*,#13430,.F.);
#12223=ORIENTED_EDGE('',*,*,#13431,.T.);
#12224=ORIENTED_EDGE('',*,*,#13431,.F.);
#12225=ORIENTED_EDGE('',*,*,#13432,.T.);
#12226=ORIENTED_EDGE('',*,*,#13433,.T.);
#12227=ORIENTED_EDGE('',*,*,#13432,.F.);
#12228=ORIENTED_EDGE('',*,*,#13433,.F.);
#12229=ORIENTED_EDGE('',*,*,#13434,.T.);
#12230=ORIENTED_EDGE('',*,*,#13434,.F.);
#12231=ORIENTED_EDGE('',*,*,#13435,.T.);
#12232=ORIENTED_EDGE('',*,*,#13435,.F.);
#12233=ORIENTED_EDGE('',*,*,#13436,.T.);
#12234=ORIENTED_EDGE('',*,*,#13437,.T.);
#12235=ORIENTED_EDGE('',*,*,#13436,.F.);
#12236=ORIENTED_EDGE('',*,*,#13437,.F.);
#12237=ORIENTED_EDGE('',*,*,#13438,.T.);
#12238=ORIENTED_EDGE('',*,*,#13438,.F.);
#12239=ORIENTED_EDGE('',*,*,#13439,.T.);
#12240=ORIENTED_EDGE('',*,*,#13439,.F.);
#12241=ORIENTED_EDGE('',*,*,#13440,.T.);
#12242=ORIENTED_EDGE('',*,*,#13441,.T.);
#12243=ORIENTED_EDGE('',*,*,#13440,.F.);
#12244=ORIENTED_EDGE('',*,*,#13441,.F.);
#12245=ORIENTED_EDGE('',*,*,#13442,.T.);
#12246=ORIENTED_EDGE('',*,*,#13442,.F.);
#12247=ORIENTED_EDGE('',*,*,#13443,.T.);
#12248=ORIENTED_EDGE('',*,*,#13443,.F.);
#12249=ORIENTED_EDGE('',*,*,#13444,.T.);
#12250=ORIENTED_EDGE('',*,*,#13445,.T.);
#12251=ORIENTED_EDGE('',*,*,#13444,.F.);
#12252=ORIENTED_EDGE('',*,*,#13445,.F.);
#12253=ORIENTED_EDGE('',*,*,#13446,.T.);
#12254=ORIENTED_EDGE('',*,*,#13446,.F.);
#12255=ORIENTED_EDGE('',*,*,#13447,.T.);
#12256=ORIENTED_EDGE('',*,*,#13447,.F.);
#12257=ORIENTED_EDGE('',*,*,#13448,.T.);
#12258=ORIENTED_EDGE('',*,*,#13449,.T.);
#12259=ORIENTED_EDGE('',*,*,#13448,.F.);
#12260=ORIENTED_EDGE('',*,*,#13449,.F.);
#12261=ORIENTED_EDGE('',*,*,#13450,.T.);
#12262=ORIENTED_EDGE('',*,*,#13450,.F.);
#12263=ORIENTED_EDGE('',*,*,#13451,.T.);
#12264=ORIENTED_EDGE('',*,*,#13451,.F.);
#12265=ORIENTED_EDGE('',*,*,#13452,.T.);
#12266=ORIENTED_EDGE('',*,*,#13453,.T.);
#12267=ORIENTED_EDGE('',*,*,#13452,.F.);
#12268=ORIENTED_EDGE('',*,*,#13453,.F.);
#12269=ORIENTED_EDGE('',*,*,#13454,.T.);
#12270=ORIENTED_EDGE('',*,*,#13454,.F.);
#12271=ORIENTED_EDGE('',*,*,#13455,.T.);
#12272=ORIENTED_EDGE('',*,*,#13455,.F.);
#12273=ORIENTED_EDGE('',*,*,#13456,.T.);
#12274=ORIENTED_EDGE('',*,*,#13457,.T.);
#12275=ORIENTED_EDGE('',*,*,#13456,.F.);
#12276=ORIENTED_EDGE('',*,*,#13457,.F.);
#12277=ORIENTED_EDGE('',*,*,#13458,.T.);
#12278=ORIENTED_EDGE('',*,*,#13458,.F.);
#12279=ORIENTED_EDGE('',*,*,#13459,.T.);
#12280=ORIENTED_EDGE('',*,*,#13459,.F.);
#12281=ORIENTED_EDGE('',*,*,#13460,.T.);
#12282=ORIENTED_EDGE('',*,*,#13461,.T.);
#12283=ORIENTED_EDGE('',*,*,#13460,.F.);
#12284=ORIENTED_EDGE('',*,*,#13461,.F.);
#12285=ORIENTED_EDGE('',*,*,#13462,.T.);
#12286=ORIENTED_EDGE('',*,*,#13462,.F.);
#12287=ORIENTED_EDGE('',*,*,#13463,.T.);
#12288=ORIENTED_EDGE('',*,*,#13463,.F.);
#12289=ORIENTED_EDGE('',*,*,#13464,.T.);
#12290=ORIENTED_EDGE('',*,*,#13465,.T.);
#12291=ORIENTED_EDGE('',*,*,#13464,.F.);
#12292=ORIENTED_EDGE('',*,*,#13465,.F.);
#12293=ORIENTED_EDGE('',*,*,#13466,.T.);
#12294=ORIENTED_EDGE('',*,*,#13466,.F.);
#12295=ORIENTED_EDGE('',*,*,#13467,.T.);
#12296=ORIENTED_EDGE('',*,*,#13467,.F.);
#12297=ORIENTED_EDGE('',*,*,#13468,.T.);
#12298=ORIENTED_EDGE('',*,*,#13469,.T.);
#12299=ORIENTED_EDGE('',*,*,#13468,.F.);
#12300=ORIENTED_EDGE('',*,*,#13469,.F.);
#12301=ORIENTED_EDGE('',*,*,#13470,.T.);
#12302=ORIENTED_EDGE('',*,*,#13470,.F.);
#12303=ORIENTED_EDGE('',*,*,#13471,.T.);
#12304=ORIENTED_EDGE('',*,*,#13471,.F.);
#12305=ORIENTED_EDGE('',*,*,#13472,.T.);
#12306=ORIENTED_EDGE('',*,*,#13473,.T.);
#12307=ORIENTED_EDGE('',*,*,#13472,.F.);
#12308=ORIENTED_EDGE('',*,*,#13473,.F.);
#12309=ORIENTED_EDGE('',*,*,#13474,.T.);
#12310=ORIENTED_EDGE('',*,*,#13474,.F.);
#12311=ORIENTED_EDGE('',*,*,#13475,.T.);
#12312=ORIENTED_EDGE('',*,*,#13475,.F.);
#12313=ORIENTED_EDGE('',*,*,#13476,.T.);
#12314=ORIENTED_EDGE('',*,*,#13477,.T.);
#12315=ORIENTED_EDGE('',*,*,#13476,.F.);
#12316=ORIENTED_EDGE('',*,*,#13477,.F.);
#12317=ORIENTED_EDGE('',*,*,#13478,.T.);
#12318=ORIENTED_EDGE('',*,*,#13478,.F.);
#12319=ORIENTED_EDGE('',*,*,#13479,.T.);
#12320=ORIENTED_EDGE('',*,*,#13479,.F.);
#12321=ORIENTED_EDGE('',*,*,#13480,.T.);
#12322=ORIENTED_EDGE('',*,*,#13481,.T.);
#12323=ORIENTED_EDGE('',*,*,#13480,.F.);
#12324=ORIENTED_EDGE('',*,*,#13481,.F.);
#12325=ORIENTED_EDGE('',*,*,#13482,.T.);
#12326=ORIENTED_EDGE('',*,*,#13482,.F.);
#12327=ORIENTED_EDGE('',*,*,#13483,.T.);
#12328=ORIENTED_EDGE('',*,*,#13483,.F.);
#12329=ORIENTED_EDGE('',*,*,#13484,.T.);
#12330=ORIENTED_EDGE('',*,*,#13485,.T.);
#12331=ORIENTED_EDGE('',*,*,#13484,.F.);
#12332=ORIENTED_EDGE('',*,*,#13485,.F.);
#12333=ORIENTED_EDGE('',*,*,#13486,.T.);
#12334=ORIENTED_EDGE('',*,*,#13486,.F.);
#12335=ORIENTED_EDGE('',*,*,#13487,.T.);
#12336=ORIENTED_EDGE('',*,*,#13487,.F.);
#12337=ORIENTED_EDGE('',*,*,#13488,.T.);
#12338=ORIENTED_EDGE('',*,*,#13489,.T.);
#12339=ORIENTED_EDGE('',*,*,#13488,.F.);
#12340=ORIENTED_EDGE('',*,*,#13489,.F.);
#12341=ORIENTED_EDGE('',*,*,#13490,.T.);
#12342=ORIENTED_EDGE('',*,*,#13490,.F.);
#12343=ORIENTED_EDGE('',*,*,#13491,.T.);
#12344=ORIENTED_EDGE('',*,*,#13491,.F.);
#12345=ORIENTED_EDGE('',*,*,#13492,.T.);
#12346=ORIENTED_EDGE('',*,*,#13493,.T.);
#12347=ORIENTED_EDGE('',*,*,#13492,.F.);
#12348=ORIENTED_EDGE('',*,*,#13493,.F.);
#12349=ORIENTED_EDGE('',*,*,#13494,.T.);
#12350=ORIENTED_EDGE('',*,*,#13494,.F.);
#12351=ORIENTED_EDGE('',*,*,#13495,.T.);
#12352=ORIENTED_EDGE('',*,*,#13495,.F.);
#12353=ORIENTED_EDGE('',*,*,#13496,.T.);
#12354=ORIENTED_EDGE('',*,*,#13497,.T.);
#12355=ORIENTED_EDGE('',*,*,#13496,.F.);
#12356=ORIENTED_EDGE('',*,*,#13497,.F.);
#12357=ORIENTED_EDGE('',*,*,#13498,.T.);
#12358=ORIENTED_EDGE('',*,*,#13498,.F.);
#12359=ORIENTED_EDGE('',*,*,#13499,.T.);
#12360=ORIENTED_EDGE('',*,*,#13499,.F.);
#12361=ORIENTED_EDGE('',*,*,#13500,.T.);
#12362=ORIENTED_EDGE('',*,*,#13501,.T.);
#12363=ORIENTED_EDGE('',*,*,#13500,.F.);
#12364=ORIENTED_EDGE('',*,*,#13501,.F.);
#12365=ORIENTED_EDGE('',*,*,#13502,.T.);
#12366=ORIENTED_EDGE('',*,*,#13502,.F.);
#12367=ORIENTED_EDGE('',*,*,#13503,.T.);
#12368=ORIENTED_EDGE('',*,*,#13503,.F.);
#12369=ORIENTED_EDGE('',*,*,#13504,.T.);
#12370=ORIENTED_EDGE('',*,*,#13505,.T.);
#12371=ORIENTED_EDGE('',*,*,#13504,.F.);
#12372=ORIENTED_EDGE('',*,*,#13505,.F.);
#12373=ORIENTED_EDGE('',*,*,#13506,.T.);
#12374=ORIENTED_EDGE('',*,*,#13506,.F.);
#12375=ORIENTED_EDGE('',*,*,#13507,.T.);
#12376=ORIENTED_EDGE('',*,*,#13507,.F.);
#12377=ORIENTED_EDGE('',*,*,#13508,.T.);
#12378=ORIENTED_EDGE('',*,*,#13509,.T.);
#12379=ORIENTED_EDGE('',*,*,#13508,.F.);
#12380=ORIENTED_EDGE('',*,*,#13509,.F.);
#12381=ORIENTED_EDGE('',*,*,#13510,.T.);
#12382=ORIENTED_EDGE('',*,*,#13510,.F.);
#12383=ORIENTED_EDGE('',*,*,#13511,.T.);
#12384=ORIENTED_EDGE('',*,*,#13511,.F.);
#12385=ORIENTED_EDGE('',*,*,#13512,.T.);
#12386=ORIENTED_EDGE('',*,*,#13513,.T.);
#12387=ORIENTED_EDGE('',*,*,#13512,.F.);
#12388=ORIENTED_EDGE('',*,*,#13513,.F.);
#12389=ORIENTED_EDGE('',*,*,#13514,.T.);
#12390=ORIENTED_EDGE('',*,*,#13514,.F.);
#12391=ORIENTED_EDGE('',*,*,#13515,.T.);
#12392=ORIENTED_EDGE('',*,*,#13515,.F.);
#12393=ORIENTED_EDGE('',*,*,#13516,.T.);
#12394=ORIENTED_EDGE('',*,*,#13517,.T.);
#12395=ORIENTED_EDGE('',*,*,#13516,.F.);
#12396=ORIENTED_EDGE('',*,*,#13517,.F.);
#12397=ORIENTED_EDGE('',*,*,#13518,.T.);
#12398=ORIENTED_EDGE('',*,*,#13518,.F.);
#12399=ORIENTED_EDGE('',*,*,#13519,.T.);
#12400=ORIENTED_EDGE('',*,*,#13519,.F.);
#12401=ORIENTED_EDGE('',*,*,#13520,.T.);
#12402=ORIENTED_EDGE('',*,*,#13521,.T.);
#12403=ORIENTED_EDGE('',*,*,#13520,.F.);
#12404=ORIENTED_EDGE('',*,*,#13521,.F.);
#12405=ORIENTED_EDGE('',*,*,#13522,.T.);
#12406=ORIENTED_EDGE('',*,*,#13522,.F.);
#12407=ORIENTED_EDGE('',*,*,#13523,.T.);
#12408=ORIENTED_EDGE('',*,*,#13523,.F.);
#12409=ORIENTED_EDGE('',*,*,#13524,.T.);
#12410=ORIENTED_EDGE('',*,*,#13525,.T.);
#12411=ORIENTED_EDGE('',*,*,#13524,.F.);
#12412=ORIENTED_EDGE('',*,*,#13525,.F.);
#12413=ORIENTED_EDGE('',*,*,#13526,.T.);
#12414=ORIENTED_EDGE('',*,*,#13526,.F.);
#12415=ORIENTED_EDGE('',*,*,#13527,.T.);
#12416=ORIENTED_EDGE('',*,*,#13527,.F.);
#12417=ORIENTED_EDGE('',*,*,#13528,.T.);
#12418=ORIENTED_EDGE('',*,*,#13529,.T.);
#12419=ORIENTED_EDGE('',*,*,#13528,.F.);
#12420=ORIENTED_EDGE('',*,*,#13529,.F.);
#12421=ORIENTED_EDGE('',*,*,#13530,.T.);
#12422=ORIENTED_EDGE('',*,*,#13530,.F.);
#12423=ORIENTED_EDGE('',*,*,#13531,.T.);
#12424=ORIENTED_EDGE('',*,*,#13531,.F.);
#12425=ORIENTED_EDGE('',*,*,#13532,.T.);
#12426=ORIENTED_EDGE('',*,*,#13533,.T.);
#12427=ORIENTED_EDGE('',*,*,#13532,.F.);
#12428=ORIENTED_EDGE('',*,*,#13533,.F.);
#12429=ORIENTED_EDGE('',*,*,#13534,.T.);
#12430=ORIENTED_EDGE('',*,*,#13534,.F.);
#12431=ORIENTED_EDGE('',*,*,#13535,.T.);
#12432=ORIENTED_EDGE('',*,*,#13535,.F.);
#12433=ORIENTED_EDGE('',*,*,#13536,.T.);
#12434=ORIENTED_EDGE('',*,*,#13537,.T.);
#12435=ORIENTED_EDGE('',*,*,#13536,.F.);
#12436=ORIENTED_EDGE('',*,*,#13537,.F.);
#12437=ORIENTED_EDGE('',*,*,#13538,.T.);
#12438=ORIENTED_EDGE('',*,*,#13538,.F.);
#12439=ORIENTED_EDGE('',*,*,#13539,.T.);
#12440=ORIENTED_EDGE('',*,*,#13539,.F.);
#12441=ORIENTED_EDGE('',*,*,#13540,.T.);
#12442=ORIENTED_EDGE('',*,*,#13541,.T.);
#12443=ORIENTED_EDGE('',*,*,#13540,.F.);
#12444=ORIENTED_EDGE('',*,*,#13541,.F.);
#12445=ORIENTED_EDGE('',*,*,#13542,.T.);
#12446=ORIENTED_EDGE('',*,*,#13542,.F.);
#12447=ORIENTED_EDGE('',*,*,#13543,.T.);
#12448=ORIENTED_EDGE('',*,*,#13543,.F.);
#12449=ORIENTED_EDGE('',*,*,#13544,.T.);
#12450=ORIENTED_EDGE('',*,*,#13545,.T.);
#12451=ORIENTED_EDGE('',*,*,#13544,.F.);
#12452=ORIENTED_EDGE('',*,*,#13545,.F.);
#12453=ORIENTED_EDGE('',*,*,#13546,.T.);
#12454=ORIENTED_EDGE('',*,*,#13546,.F.);
#12455=ORIENTED_EDGE('',*,*,#13547,.T.);
#12456=ORIENTED_EDGE('',*,*,#13547,.F.);
#12457=ORIENTED_EDGE('',*,*,#13548,.T.);
#12458=ORIENTED_EDGE('',*,*,#13549,.T.);
#12459=ORIENTED_EDGE('',*,*,#13548,.F.);
#12460=ORIENTED_EDGE('',*,*,#13549,.F.);
#12461=ORIENTED_EDGE('',*,*,#13550,.T.);
#12462=ORIENTED_EDGE('',*,*,#13550,.F.);
#12463=ORIENTED_EDGE('',*,*,#13551,.T.);
#12464=ORIENTED_EDGE('',*,*,#13551,.F.);
#12465=ORIENTED_EDGE('',*,*,#13552,.T.);
#12466=ORIENTED_EDGE('',*,*,#13553,.T.);
#12467=ORIENTED_EDGE('',*,*,#13552,.F.);
#12468=ORIENTED_EDGE('',*,*,#13553,.F.);
#12469=ORIENTED_EDGE('',*,*,#13554,.T.);
#12470=ORIENTED_EDGE('',*,*,#13554,.F.);
#12471=ORIENTED_EDGE('',*,*,#13555,.T.);
#12472=ORIENTED_EDGE('',*,*,#13555,.F.);
#12473=ORIENTED_EDGE('',*,*,#13556,.T.);
#12474=ORIENTED_EDGE('',*,*,#13557,.T.);
#12475=ORIENTED_EDGE('',*,*,#13556,.F.);
#12476=ORIENTED_EDGE('',*,*,#13557,.F.);
#12477=ORIENTED_EDGE('',*,*,#13558,.T.);
#12478=ORIENTED_EDGE('',*,*,#13558,.F.);
#12479=ORIENTED_EDGE('',*,*,#13559,.T.);
#12480=ORIENTED_EDGE('',*,*,#13559,.F.);
#12481=ORIENTED_EDGE('',*,*,#13560,.T.);
#12482=ORIENTED_EDGE('',*,*,#13561,.T.);
#12483=ORIENTED_EDGE('',*,*,#13560,.F.);
#12484=ORIENTED_EDGE('',*,*,#13561,.F.);
#12485=ORIENTED_EDGE('',*,*,#13562,.T.);
#12486=ORIENTED_EDGE('',*,*,#13562,.F.);
#12487=ORIENTED_EDGE('',*,*,#13563,.T.);
#12488=ORIENTED_EDGE('',*,*,#13563,.F.);
#12489=ORIENTED_EDGE('',*,*,#13564,.T.);
#12490=ORIENTED_EDGE('',*,*,#13565,.T.);
#12491=ORIENTED_EDGE('',*,*,#13564,.F.);
#12492=ORIENTED_EDGE('',*,*,#13565,.F.);
#12493=ORIENTED_EDGE('',*,*,#13566,.T.);
#12494=ORIENTED_EDGE('',*,*,#13566,.F.);
#12495=ORIENTED_EDGE('',*,*,#13567,.T.);
#12496=ORIENTED_EDGE('',*,*,#13567,.F.);
#12497=ORIENTED_EDGE('',*,*,#13568,.T.);
#12498=ORIENTED_EDGE('',*,*,#13569,.T.);
#12499=ORIENTED_EDGE('',*,*,#13568,.F.);
#12500=ORIENTED_EDGE('',*,*,#13569,.F.);
#12501=ORIENTED_EDGE('',*,*,#13570,.T.);
#12502=ORIENTED_EDGE('',*,*,#13570,.F.);
#12503=ORIENTED_EDGE('',*,*,#13571,.T.);
#12504=ORIENTED_EDGE('',*,*,#13571,.F.);
#12505=ORIENTED_EDGE('',*,*,#13572,.T.);
#12506=ORIENTED_EDGE('',*,*,#13573,.T.);
#12507=ORIENTED_EDGE('',*,*,#13572,.F.);
#12508=ORIENTED_EDGE('',*,*,#13573,.F.);
#12509=ORIENTED_EDGE('',*,*,#13574,.T.);
#12510=ORIENTED_EDGE('',*,*,#13574,.F.);
#12511=ORIENTED_EDGE('',*,*,#13575,.T.);
#12512=ORIENTED_EDGE('',*,*,#13575,.F.);
#12513=ORIENTED_EDGE('',*,*,#13576,.T.);
#12514=ORIENTED_EDGE('',*,*,#13577,.T.);
#12515=ORIENTED_EDGE('',*,*,#13576,.F.);
#12516=ORIENTED_EDGE('',*,*,#13577,.F.);
#12517=ORIENTED_EDGE('',*,*,#13578,.T.);
#12518=ORIENTED_EDGE('',*,*,#13578,.F.);
#12519=ORIENTED_EDGE('',*,*,#13579,.T.);
#12520=ORIENTED_EDGE('',*,*,#13579,.F.);
#12521=ORIENTED_EDGE('',*,*,#13580,.T.);
#12522=ORIENTED_EDGE('',*,*,#13581,.T.);
#12523=ORIENTED_EDGE('',*,*,#13580,.F.);
#12524=ORIENTED_EDGE('',*,*,#13581,.F.);
#12525=ORIENTED_EDGE('',*,*,#13582,.T.);
#12526=ORIENTED_EDGE('',*,*,#13582,.F.);
#12527=EDGE_CURVE('',#13583,#13583,#13584,.T.);
#12528=EDGE_CURVE('',#13585,#13585,#13586,.T.);
#12529=EDGE_CURVE('',#13587,#13587,#13588,.T.);
#12530=EDGE_CURVE('',#13589,#13589,#13590,.T.);
#12531=EDGE_CURVE('',#13591,#13591,#13592,.T.);
#12532=EDGE_CURVE('',#13593,#13593,#13594,.T.);
#12533=EDGE_CURVE('',#13595,#13595,#13596,.T.);
#12534=EDGE_CURVE('',#13597,#13597,#13598,.T.);
#12535=EDGE_CURVE('',#13599,#13599,#13600,.T.);
#12536=EDGE_CURVE('',#13601,#13601,#13602,.T.);
#12537=EDGE_CURVE('',#13603,#13603,#13604,.T.);
#12538=EDGE_CURVE('',#13605,#13605,#13606,.T.);
#12539=EDGE_CURVE('',#13607,#13607,#13608,.T.);
#12540=EDGE_CURVE('',#13609,#13609,#13610,.T.);
#12541=EDGE_CURVE('',#13611,#13611,#13612,.T.);
#12542=EDGE_CURVE('',#13613,#13613,#13614,.T.);
#12543=EDGE_CURVE('',#13615,#13615,#13616,.T.);
#12544=EDGE_CURVE('',#13617,#13617,#13618,.T.);
#12545=EDGE_CURVE('',#13619,#13619,#13620,.T.);
#12546=EDGE_CURVE('',#13621,#13621,#13622,.T.);
#12547=EDGE_CURVE('',#13623,#13623,#13624,.T.);
#12548=EDGE_CURVE('',#13625,#13625,#13626,.T.);
#12549=EDGE_CURVE('',#13627,#13627,#13628,.T.);
#12550=EDGE_CURVE('',#13629,#13629,#13630,.T.);
#12551=EDGE_CURVE('',#13631,#13631,#13632,.T.);
#12552=EDGE_CURVE('',#13633,#13633,#13634,.T.);
#12553=EDGE_CURVE('',#13635,#13635,#13636,.T.);
#12554=EDGE_CURVE('',#13637,#13637,#13638,.T.);
#12555=EDGE_CURVE('',#13639,#13639,#13640,.T.);
#12556=EDGE_CURVE('',#13641,#13641,#13642,.T.);
#12557=EDGE_CURVE('',#13643,#13643,#13644,.T.);
#12558=EDGE_CURVE('',#13645,#13645,#13646,.T.);
#12559=EDGE_CURVE('',#13647,#13647,#13648,.T.);
#12560=EDGE_CURVE('',#13649,#13649,#13650,.T.);
#12561=EDGE_CURVE('',#13651,#13651,#13652,.T.);
#12562=EDGE_CURVE('',#13653,#13653,#13654,.T.);
#12563=EDGE_CURVE('',#13655,#13655,#13656,.T.);
#12564=EDGE_CURVE('',#13657,#13657,#13658,.T.);
#12565=EDGE_CURVE('',#13659,#13659,#13660,.T.);
#12566=EDGE_CURVE('',#13661,#13661,#13662,.T.);
#12567=EDGE_CURVE('',#13663,#13663,#13664,.T.);
#12568=EDGE_CURVE('',#13665,#13665,#13666,.T.);
#12569=EDGE_CURVE('',#13667,#13667,#13668,.T.);
#12570=EDGE_CURVE('',#13669,#13669,#13670,.T.);
#12571=EDGE_CURVE('',#13671,#13671,#13672,.T.);
#12572=EDGE_CURVE('',#13673,#13673,#13674,.T.);
#12573=EDGE_CURVE('',#13675,#13675,#13676,.T.);
#12574=EDGE_CURVE('',#13677,#13677,#13678,.T.);
#12575=EDGE_CURVE('',#13679,#13679,#13680,.T.);
#12576=EDGE_CURVE('',#13681,#13681,#13682,.T.);
#12577=EDGE_CURVE('',#13683,#13683,#13684,.T.);
#12578=EDGE_CURVE('',#13685,#13685,#13686,.T.);
#12579=EDGE_CURVE('',#13687,#13687,#13688,.T.);
#12580=EDGE_CURVE('',#13689,#13689,#13690,.T.);
#12581=EDGE_CURVE('',#13691,#13691,#13692,.T.);
#12582=EDGE_CURVE('',#13693,#13693,#13694,.T.);
#12583=EDGE_CURVE('',#13695,#13696,#13697,.T.);
#12584=EDGE_CURVE('',#13696,#13698,#13699,.T.);
#12585=EDGE_CURVE('',#13698,#13700,#13701,.T.);
#12586=EDGE_CURVE('',#13700,#13702,#13703,.T.);
#12587=EDGE_CURVE('',#13702,#13704,#13705,.T.);
#12588=EDGE_CURVE('',#13704,#13706,#13707,.T.);
#12589=EDGE_CURVE('',#13706,#13708,#13709,.T.);
#12590=EDGE_CURVE('',#13708,#13710,#13711,.T.);
#12591=EDGE_CURVE('',#13710,#13712,#13713,.T.);
#12592=EDGE_CURVE('',#13712,#13714,#13715,.T.);
#12593=EDGE_CURVE('',#13714,#13716,#13717,.T.);
#12594=EDGE_CURVE('',#13716,#13718,#13719,.T.);
#12595=EDGE_CURVE('',#13718,#13720,#13721,.T.);
#12596=EDGE_CURVE('',#13720,#13722,#13723,.T.);
#12597=EDGE_CURVE('',#13722,#13724,#13725,.T.);
#12598=EDGE_CURVE('',#13724,#13726,#13727,.T.);
#12599=EDGE_CURVE('',#13726,#13728,#13729,.T.);
#12600=EDGE_CURVE('',#13728,#13730,#13731,.T.);
#12601=EDGE_CURVE('',#13730,#13732,#13733,.T.);
#12602=EDGE_CURVE('',#13732,#13734,#13735,.T.);
#12603=EDGE_CURVE('',#13734,#13736,#13737,.T.);
#12604=EDGE_CURVE('',#13736,#13738,#13739,.T.);
#12605=EDGE_CURVE('',#13738,#13740,#13741,.T.);
#12606=EDGE_CURVE('',#13740,#13742,#13743,.T.);
#12607=EDGE_CURVE('',#13742,#13744,#13745,.T.);
#12608=EDGE_CURVE('',#13744,#13746,#13747,.T.);
#12609=EDGE_CURVE('',#13746,#13748,#13749,.T.);
#12610=EDGE_CURVE('',#13748,#13750,#13751,.T.);
#12611=EDGE_CURVE('',#13750,#13752,#13753,.T.);
#12612=EDGE_CURVE('',#13752,#13754,#13755,.T.);
#12613=EDGE_CURVE('',#13754,#13756,#13757,.T.);
#12614=EDGE_CURVE('',#13756,#13758,#13759,.T.);
#12615=EDGE_CURVE('',#13758,#13760,#13761,.T.);
#12616=EDGE_CURVE('',#13760,#13762,#13763,.T.);
#12617=EDGE_CURVE('',#13762,#13764,#13765,.T.);
#12618=EDGE_CURVE('',#13764,#13766,#13767,.T.);
#12619=EDGE_CURVE('',#13766,#13768,#13769,.T.);
#12620=EDGE_CURVE('',#13768,#13770,#13771,.T.);
#12621=EDGE_CURVE('',#13770,#13772,#13773,.T.);
#12622=EDGE_CURVE('',#13772,#13774,#13775,.T.);
#12623=EDGE_CURVE('',#13774,#13776,#13777,.T.);
#12624=EDGE_CURVE('',#13776,#13778,#13779,.T.);
#12625=EDGE_CURVE('',#13778,#13780,#13781,.T.);
#12626=EDGE_CURVE('',#13780,#13782,#13783,.T.);
#12627=EDGE_CURVE('',#13782,#13784,#13785,.T.);
#12628=EDGE_CURVE('',#13784,#13786,#13787,.T.);
#12629=EDGE_CURVE('',#13786,#13788,#13789,.T.);
#12630=EDGE_CURVE('',#13788,#13790,#13791,.T.);
#12631=EDGE_CURVE('',#13790,#13792,#13793,.T.);
#12632=EDGE_CURVE('',#13792,#13794,#13795,.T.);
#12633=EDGE_CURVE('',#13794,#13796,#13797,.T.);
#12634=EDGE_CURVE('',#13796,#13798,#13799,.T.);
#12635=EDGE_CURVE('',#13798,#13800,#13801,.T.);
#12636=EDGE_CURVE('',#13800,#13802,#13803,.T.);
#12637=EDGE_CURVE('',#13802,#13804,#13805,.T.);
#12638=EDGE_CURVE('',#13804,#13806,#13807,.T.);
#12639=EDGE_CURVE('',#13806,#13808,#13809,.T.);
#12640=EDGE_CURVE('',#13808,#13810,#13811,.T.);
#12641=EDGE_CURVE('',#13810,#13812,#13813,.T.);
#12642=EDGE_CURVE('',#13812,#13814,#13815,.T.);
#12643=EDGE_CURVE('',#13814,#13816,#13817,.T.);
#12644=EDGE_CURVE('',#13816,#13818,#13819,.T.);
#12645=EDGE_CURVE('',#13818,#13820,#13821,.T.);
#12646=EDGE_CURVE('',#13820,#13822,#13823,.T.);
#12647=EDGE_CURVE('',#13822,#13824,#13825,.T.);
#12648=EDGE_CURVE('',#13824,#13826,#13827,.T.);
#12649=EDGE_CURVE('',#13826,#13828,#13829,.T.);
#12650=EDGE_CURVE('',#13828,#13830,#13831,.T.);
#12651=EDGE_CURVE('',#13830,#13832,#13833,.T.);
#12652=EDGE_CURVE('',#13832,#13834,#13835,.T.);
#12653=EDGE_CURVE('',#13834,#13836,#13837,.T.);
#12654=EDGE_CURVE('',#13836,#13838,#13839,.T.);
#12655=EDGE_CURVE('',#13838,#13840,#13841,.T.);
#12656=EDGE_CURVE('',#13840,#13842,#13843,.T.);
#12657=EDGE_CURVE('',#13842,#13844,#13845,.T.);
#12658=EDGE_CURVE('',#13844,#13846,#13847,.T.);
#12659=EDGE_CURVE('',#13846,#13848,#13849,.T.);
#12660=EDGE_CURVE('',#13848,#13850,#13851,.T.);
#12661=EDGE_CURVE('',#13850,#13852,#13853,.T.);
#12662=EDGE_CURVE('',#13852,#13854,#13855,.T.);
#12663=EDGE_CURVE('',#13854,#13856,#13857,.T.);
#12664=EDGE_CURVE('',#13856,#13858,#13859,.T.);
#12665=EDGE_CURVE('',#13858,#13860,#13861,.T.);
#12666=EDGE_CURVE('',#13860,#13862,#13863,.T.);
#12667=EDGE_CURVE('',#13862,#13864,#13865,.T.);
#12668=EDGE_CURVE('',#13864,#13866,#13867,.T.);
#12669=EDGE_CURVE('',#13866,#13868,#13869,.T.);
#12670=EDGE_CURVE('',#13868,#13870,#13871,.T.);
#12671=EDGE_CURVE('',#13870,#13872,#13873,.T.);
#12672=EDGE_CURVE('',#13872,#13874,#13875,.T.);
#12673=EDGE_CURVE('',#13874,#13876,#13877,.T.);
#12674=EDGE_CURVE('',#13876,#13878,#13879,.T.);
#12675=EDGE_CURVE('',#13878,#13880,#13881,.T.);
#12676=EDGE_CURVE('',#13880,#13882,#13883,.T.);
#12677=EDGE_CURVE('',#13882,#13884,#13885,.T.);
#12678=EDGE_CURVE('',#13884,#13886,#13887,.T.);
#12679=EDGE_CURVE('',#13886,#13888,#13889,.T.);
#12680=EDGE_CURVE('',#13888,#13890,#13891,.T.);
#12681=EDGE_CURVE('',#13890,#13892,#13893,.T.);
#12682=EDGE_CURVE('',#13892,#13894,#13895,.T.);
#12683=EDGE_CURVE('',#13894,#13896,#13897,.T.);
#12684=EDGE_CURVE('',#13896,#13898,#13899,.T.);
#12685=EDGE_CURVE('',#13898,#13900,#13901,.T.);
#12686=EDGE_CURVE('',#13900,#13902,#13903,.T.);
#12687=EDGE_CURVE('',#13902,#13904,#13905,.T.);
#12688=EDGE_CURVE('',#13904,#13906,#13907,.T.);
#12689=EDGE_CURVE('',#13906,#13908,#13909,.T.);
#12690=EDGE_CURVE('',#13908,#13910,#13911,.T.);
#12691=EDGE_CURVE('',#13910,#13912,#13913,.T.);
#12692=EDGE_CURVE('',#13912,#13914,#13915,.T.);
#12693=EDGE_CURVE('',#13914,#13916,#13917,.T.);
#12694=EDGE_CURVE('',#13916,#13918,#13919,.T.);
#12695=EDGE_CURVE('',#13918,#13920,#13921,.T.);
#12696=EDGE_CURVE('',#13920,#13922,#13923,.T.);
#12697=EDGE_CURVE('',#13922,#13924,#13925,.T.);
#12698=EDGE_CURVE('',#13924,#13926,#13927,.T.);
#12699=EDGE_CURVE('',#13926,#13928,#13929,.T.);
#12700=EDGE_CURVE('',#13928,#13930,#13931,.T.);
#12701=EDGE_CURVE('',#13930,#13932,#13933,.T.);
#12702=EDGE_CURVE('',#13932,#13934,#13935,.T.);
#12703=EDGE_CURVE('',#13934,#13936,#13937,.T.);
#12704=EDGE_CURVE('',#13936,#13938,#13939,.T.);
#12705=EDGE_CURVE('',#13938,#13940,#13941,.T.);
#12706=EDGE_CURVE('',#13940,#13942,#13943,.T.);
#12707=EDGE_CURVE('',#13942,#13944,#13945,.T.);
#12708=EDGE_CURVE('',#13944,#13946,#13947,.T.);
#12709=EDGE_CURVE('',#13946,#13948,#13949,.T.);
#12710=EDGE_CURVE('',#13948,#13950,#13951,.T.);
#12711=EDGE_CURVE('',#13950,#13952,#13953,.T.);
#12712=EDGE_CURVE('',#13952,#13954,#13955,.T.);
#12713=EDGE_CURVE('',#13954,#13956,#13957,.T.);
#12714=EDGE_CURVE('',#13956,#13958,#13959,.T.);
#12715=EDGE_CURVE('',#13958,#13960,#13961,.T.);
#12716=EDGE_CURVE('',#13960,#13962,#13963,.T.);
#12717=EDGE_CURVE('',#13962,#13964,#13965,.T.);
#12718=EDGE_CURVE('',#13964,#13966,#13967,.T.);
#12719=EDGE_CURVE('',#13966,#13968,#13969,.T.);
#12720=EDGE_CURVE('',#13968,#13970,#13971,.T.);
#12721=EDGE_CURVE('',#13970,#13972,#13973,.T.);
#12722=EDGE_CURVE('',#13972,#13974,#13975,.T.);
#12723=EDGE_CURVE('',#13974,#13976,#13977,.T.);
#12724=EDGE_CURVE('',#13976,#13978,#13979,.T.);
#12725=EDGE_CURVE('',#13978,#13980,#13981,.T.);
#12726=EDGE_CURVE('',#13980,#13982,#13983,.T.);
#12727=EDGE_CURVE('',#13982,#13984,#13985,.T.);
#12728=EDGE_CURVE('',#13984,#13986,#13987,.T.);
#12729=EDGE_CURVE('',#13986,#13988,#13989,.T.);
#12730=EDGE_CURVE('',#13988,#13990,#13991,.T.);
#12731=EDGE_CURVE('',#13990,#13992,#13993,.T.);
#12732=EDGE_CURVE('',#13992,#13994,#13995,.T.);
#12733=EDGE_CURVE('',#13994,#13996,#13997,.T.);
#12734=EDGE_CURVE('',#13996,#13998,#13999,.T.);
#12735=EDGE_CURVE('',#13998,#14000,#14001,.T.);
#12736=EDGE_CURVE('',#14000,#14002,#14003,.T.);
#12737=EDGE_CURVE('',#14002,#14004,#14005,.T.);
#12738=EDGE_CURVE('',#14004,#14006,#14007,.T.);
#12739=EDGE_CURVE('',#14006,#14008,#14009,.T.);
#12740=EDGE_CURVE('',#14008,#14010,#14011,.T.);
#12741=EDGE_CURVE('',#14010,#14012,#14013,.T.);
#12742=EDGE_CURVE('',#14012,#14014,#14015,.T.);
#12743=EDGE_CURVE('',#14014,#14016,#14017,.T.);
#12744=EDGE_CURVE('',#14016,#14018,#14019,.T.);
#12745=EDGE_CURVE('',#14018,#14020,#14021,.T.);
#12746=EDGE_CURVE('',#14020,#14022,#14023,.T.);
#12747=EDGE_CURVE('',#14022,#14024,#14025,.T.);
#12748=EDGE_CURVE('',#14024,#14026,#14027,.T.);
#12749=EDGE_CURVE('',#14026,#14028,#14029,.T.);
#12750=EDGE_CURVE('',#14028,#14030,#14031,.T.);
#12751=EDGE_CURVE('',#14030,#14032,#14033,.T.);
#12752=EDGE_CURVE('',#14032,#14034,#14035,.T.);
#12753=EDGE_CURVE('',#14034,#14036,#14037,.T.);
#12754=EDGE_CURVE('',#14036,#14038,#14039,.T.);
#12755=EDGE_CURVE('',#14038,#14040,#14041,.T.);
#12756=EDGE_CURVE('',#14040,#14042,#14043,.T.);
#12757=EDGE_CURVE('',#14042,#14044,#14045,.T.);
#12758=EDGE_CURVE('',#14044,#14046,#14047,.T.);
#12759=EDGE_CURVE('',#14046,#14048,#14049,.T.);
#12760=EDGE_CURVE('',#14048,#14050,#14051,.T.);
#12761=EDGE_CURVE('',#14050,#14052,#14053,.T.);
#12762=EDGE_CURVE('',#14052,#14054,#14055,.T.);
#12763=EDGE_CURVE('',#14054,#14056,#14057,.T.);
#12764=EDGE_CURVE('',#14056,#14058,#14059,.T.);
#12765=EDGE_CURVE('',#14058,#14060,#14061,.T.);
#12766=EDGE_CURVE('',#14060,#14062,#14063,.T.);
#12767=EDGE_CURVE('',#14062,#14064,#14065,.T.);
#12768=EDGE_CURVE('',#14064,#14066,#14067,.T.);
#12769=EDGE_CURVE('',#14066,#14068,#14069,.T.);
#12770=EDGE_CURVE('',#14068,#14070,#14071,.T.);
#12771=EDGE_CURVE('',#14070,#14072,#14073,.T.);
#12772=EDGE_CURVE('',#14072,#14074,#14075,.T.);
#12773=EDGE_CURVE('',#14074,#14076,#14077,.T.);
#12774=EDGE_CURVE('',#14076,#14078,#14079,.T.);
#12775=EDGE_CURVE('',#14078,#14080,#14081,.T.);
#12776=EDGE_CURVE('',#14080,#14082,#14083,.T.);
#12777=EDGE_CURVE('',#14082,#14084,#14085,.T.);
#12778=EDGE_CURVE('',#14084,#14086,#14087,.T.);
#12779=EDGE_CURVE('',#14086,#14088,#14089,.T.);
#12780=EDGE_CURVE('',#14088,#14090,#14091,.T.);
#12781=EDGE_CURVE('',#14090,#14092,#14093,.T.);
#12782=EDGE_CURVE('',#14092,#14094,#14095,.T.);
#12783=EDGE_CURVE('',#14094,#14096,#14097,.T.);
#12784=EDGE_CURVE('',#14096,#14098,#14099,.T.);
#12785=EDGE_CURVE('',#14098,#14100,#14101,.T.);
#12786=EDGE_CURVE('',#14100,#14102,#14103,.T.);
#12787=EDGE_CURVE('',#14102,#14104,#14105,.T.);
#12788=EDGE_CURVE('',#14104,#14106,#14107,.T.);
#12789=EDGE_CURVE('',#14106,#14108,#14109,.T.);
#12790=EDGE_CURVE('',#14108,#14110,#14111,.T.);
#12791=EDGE_CURVE('',#14110,#14112,#14113,.T.);
#12792=EDGE_CURVE('',#14112,#14114,#14115,.T.);
#12793=EDGE_CURVE('',#14114,#14116,#14117,.T.);
#12794=EDGE_CURVE('',#14116,#14118,#14119,.T.);
#12795=EDGE_CURVE('',#14118,#14120,#14121,.T.);
#12796=EDGE_CURVE('',#14120,#14122,#14123,.T.);
#12797=EDGE_CURVE('',#14122,#14124,#14125,.T.);
#12798=EDGE_CURVE('',#14124,#14126,#14127,.T.);
#12799=EDGE_CURVE('',#14126,#14128,#14129,.T.);
#12800=EDGE_CURVE('',#14128,#14130,#14131,.T.);
#12801=EDGE_CURVE('',#14130,#14132,#14133,.T.);
#12802=EDGE_CURVE('',#14132,#14134,#14135,.T.);
#12803=EDGE_CURVE('',#14134,#14136,#14137,.T.);
#12804=EDGE_CURVE('',#14136,#14138,#14139,.T.);
#12805=EDGE_CURVE('',#14138,#14140,#14141,.T.);
#12806=EDGE_CURVE('',#14140,#14142,#14143,.T.);
#12807=EDGE_CURVE('',#14142,#14144,#14145,.T.);
#12808=EDGE_CURVE('',#14144,#14146,#14147,.T.);
#12809=EDGE_CURVE('',#14146,#14148,#14149,.T.);
#12810=EDGE_CURVE('',#14148,#14150,#14151,.T.);
#12811=EDGE_CURVE('',#14150,#14152,#14153,.T.);
#12812=EDGE_CURVE('',#14152,#14154,#14155,.T.);
#12813=EDGE_CURVE('',#14154,#14156,#14157,.T.);
#12814=EDGE_CURVE('',#14156,#14158,#14159,.T.);
#12815=EDGE_CURVE('',#14158,#14160,#14161,.T.);
#12816=EDGE_CURVE('',#14160,#14162,#14163,.T.);
#12817=EDGE_CURVE('',#14162,#14164,#14165,.T.);
#12818=EDGE_CURVE('',#14164,#13695,#14166,.T.);
#12819=EDGE_CURVE('',#14167,#14167,#14168,.F.);
#12820=EDGE_CURVE('',#14169,#14169,#14170,.F.);
#12821=EDGE_CURVE('',#14171,#14171,#14172,.F.);
#12822=EDGE_CURVE('',#14173,#14173,#14174,.F.);
#12823=EDGE_CURVE('',#14175,#14175,#14176,.F.);
#12824=EDGE_CURVE('',#14177,#14177,#14178,.F.);
#12825=EDGE_CURVE('',#14179,#14179,#14180,.F.);
#12826=EDGE_CURVE('',#14181,#14181,#14182,.F.);
#12827=EDGE_CURVE('',#14183,#14183,#14184,.F.);
#12828=EDGE_CURVE('',#14185,#14185,#14186,.F.);
#12829=EDGE_CURVE('',#14187,#14187,#14188,.F.);
#12830=EDGE_CURVE('',#14189,#14189,#14190,.F.);
#12831=EDGE_CURVE('',#14191,#14191,#14192,.F.);
#12832=EDGE_CURVE('',#14193,#14193,#14194,.F.);
#12833=EDGE_CURVE('',#14195,#14195,#14196,.F.);
#12834=EDGE_CURVE('',#14197,#14197,#14198,.F.);
#12835=EDGE_CURVE('',#14199,#14199,#14200,.F.);
#12836=EDGE_CURVE('',#14201,#14201,#14202,.F.);
#12837=EDGE_CURVE('',#14203,#14203,#14204,.F.);
#12838=EDGE_CURVE('',#14205,#14205,#14206,.F.);
#12839=EDGE_CURVE('',#14207,#14207,#14208,.F.);
#12840=EDGE_CURVE('',#14209,#14209,#14210,.F.);
#12841=EDGE_CURVE('',#14211,#14211,#14212,.F.);
#12842=EDGE_CURVE('',#14213,#14213,#14214,.F.);
#12843=EDGE_CURVE('',#14215,#14215,#14216,.F.);
#12844=EDGE_CURVE('',#14217,#14217,#14218,.F.);
#12845=EDGE_CURVE('',#14219,#14219,#14220,.F.);
#12846=EDGE_CURVE('',#14221,#14221,#14222,.F.);
#12847=EDGE_CURVE('',#14223,#14223,#14224,.F.);
#12848=EDGE_CURVE('',#14225,#14225,#14226,.T.);
#12849=EDGE_CURVE('',#14227,#14227,#14228,.T.);
#12850=EDGE_CURVE('',#14229,#14229,#14230,.T.);
#12851=EDGE_CURVE('',#14231,#14231,#14232,.T.);
#12852=EDGE_CURVE('',#14233,#14233,#14234,.T.);
#12853=EDGE_CURVE('',#14235,#14235,#14236,.T.);
#12854=EDGE_CURVE('',#14237,#14237,#14238,.T.);
#12855=EDGE_CURVE('',#14239,#14239,#14240,.T.);
#12856=EDGE_CURVE('',#14241,#14241,#14242,.T.);
#12857=EDGE_CURVE('',#14243,#14243,#14244,.T.);
#12858=EDGE_CURVE('',#14245,#14245,#14246,.T.);
#12859=EDGE_CURVE('',#14247,#14247,#14248,.T.);
#12860=EDGE_CURVE('',#14249,#14249,#14250,.T.);
#12861=EDGE_CURVE('',#14251,#14251,#14252,.T.);
#12862=EDGE_CURVE('',#14253,#14253,#14254,.T.);
#12863=EDGE_CURVE('',#14255,#14255,#14256,.T.);
#12864=EDGE_CURVE('',#14257,#14257,#14258,.T.);
#12865=EDGE_CURVE('',#14259,#14259,#14260,.T.);
#12866=EDGE_CURVE('',#14261,#14261,#14262,.T.);
#12867=EDGE_CURVE('',#14263,#14263,#14264,.T.);
#12868=EDGE_CURVE('',#14265,#14265,#14266,.T.);
#12869=EDGE_CURVE('',#14267,#14267,#14268,.T.);
#12870=EDGE_CURVE('',#14269,#14269,#14270,.T.);
#12871=EDGE_CURVE('',#14271,#14271,#14272,.T.);
#12872=EDGE_CURVE('',#14273,#14273,#14274,.T.);
#12873=EDGE_CURVE('',#14275,#14275,#14276,.T.);
#12874=EDGE_CURVE('',#14277,#14277,#14278,.T.);
#12875=EDGE_CURVE('',#14279,#14279,#14280,.T.);
#12876=EDGE_CURVE('',#14281,#14282,#14283,.T.);
#12877=EDGE_CURVE('',#14284,#14281,#14285,.T.);
#12878=EDGE_CURVE('',#14286,#14284,#14287,.T.);
#12879=EDGE_CURVE('',#14288,#14286,#14289,.T.);
#12880=EDGE_CURVE('',#14290,#14288,#14291,.T.);
#12881=EDGE_CURVE('',#14292,#14290,#14293,.T.);
#12882=EDGE_CURVE('',#14294,#14292,#14295,.T.);
#12883=EDGE_CURVE('',#14296,#14294,#14297,.T.);
#12884=EDGE_CURVE('',#14298,#14296,#14299,.T.);
#12885=EDGE_CURVE('',#14300,#14298,#14301,.T.);
#12886=EDGE_CURVE('',#14302,#14300,#14303,.T.);
#12887=EDGE_CURVE('',#14304,#14302,#14305,.T.);
#12888=EDGE_CURVE('',#14306,#14304,#14307,.T.);
#12889=EDGE_CURVE('',#14308,#14306,#14309,.T.);
#12890=EDGE_CURVE('',#14310,#14308,#14311,.T.);
#12891=EDGE_CURVE('',#14312,#14310,#14313,.T.);
#12892=EDGE_CURVE('',#14314,#14312,#14315,.T.);
#12893=EDGE_CURVE('',#14316,#14314,#14317,.T.);
#12894=EDGE_CURVE('',#14318,#14316,#14319,.T.);
#12895=EDGE_CURVE('',#14320,#14318,#14321,.T.);
#12896=EDGE_CURVE('',#14322,#14320,#14323,.T.);
#12897=EDGE_CURVE('',#14324,#14322,#14325,.T.);
#12898=EDGE_CURVE('',#14326,#14324,#14327,.T.);
#12899=EDGE_CURVE('',#14328,#14326,#14329,.T.);
#12900=EDGE_CURVE('',#14330,#14328,#14331,.T.);
#12901=EDGE_CURVE('',#14332,#14330,#14333,.T.);
#12902=EDGE_CURVE('',#14334,#14332,#14335,.T.);
#12903=EDGE_CURVE('',#14336,#14334,#14337,.T.);
#12904=EDGE_CURVE('',#14338,#14336,#14339,.T.);
#12905=EDGE_CURVE('',#14340,#14338,#14341,.T.);
#12906=EDGE_CURVE('',#14342,#14340,#14343,.T.);
#12907=EDGE_CURVE('',#14344,#14342,#14345,.T.);
#12908=EDGE_CURVE('',#14346,#14344,#14347,.T.);
#12909=EDGE_CURVE('',#14348,#14346,#14349,.T.);
#12910=EDGE_CURVE('',#14350,#14348,#14351,.T.);
#12911=EDGE_CURVE('',#14352,#14350,#14353,.T.);
#12912=EDGE_CURVE('',#14354,#14352,#14355,.T.);
#12913=EDGE_CURVE('',#14356,#14354,#14357,.T.);
#12914=EDGE_CURVE('',#14358,#14356,#14359,.T.);
#12915=EDGE_CURVE('',#14360,#14358,#14361,.T.);
#12916=EDGE_CURVE('',#14362,#14360,#14363,.T.);
#12917=EDGE_CURVE('',#14364,#14362,#14365,.T.);
#12918=EDGE_CURVE('',#14366,#14364,#14367,.T.);
#12919=EDGE_CURVE('',#14368,#14366,#14369,.T.);
#12920=EDGE_CURVE('',#14370,#14368,#14371,.T.);
#12921=EDGE_CURVE('',#14372,#14370,#14373,.T.);
#12922=EDGE_CURVE('',#14374,#14372,#14375,.T.);
#12923=EDGE_CURVE('',#14376,#14374,#14377,.T.);
#12924=EDGE_CURVE('',#14378,#14376,#14379,.T.);
#12925=EDGE_CURVE('',#14380,#14378,#14381,.T.);
#12926=EDGE_CURVE('',#14382,#14380,#14383,.T.);
#12927=EDGE_CURVE('',#14384,#14382,#14385,.T.);
#12928=EDGE_CURVE('',#14386,#14384,#14387,.T.);
#12929=EDGE_CURVE('',#14388,#14386,#14389,.T.);
#12930=EDGE_CURVE('',#14390,#14388,#14391,.T.);
#12931=EDGE_CURVE('',#14392,#14390,#14393,.T.);
#12932=EDGE_CURVE('',#14394,#14392,#14395,.T.);
#12933=EDGE_CURVE('',#14396,#14394,#14397,.T.);
#12934=EDGE_CURVE('',#14398,#14396,#14399,.T.);
#12935=EDGE_CURVE('',#14400,#14398,#14401,.T.);
#12936=EDGE_CURVE('',#14402,#14400,#14403,.T.);
#12937=EDGE_CURVE('',#14404,#14402,#14405,.T.);
#12938=EDGE_CURVE('',#14406,#14404,#14407,.T.);
#12939=EDGE_CURVE('',#14408,#14406,#14409,.T.);
#12940=EDGE_CURVE('',#14410,#14408,#14411,.T.);
#12941=EDGE_CURVE('',#14412,#14410,#14413,.T.);
#12942=EDGE_CURVE('',#14414,#14412,#14415,.T.);
#12943=EDGE_CURVE('',#14416,#14414,#14417,.T.);
#12944=EDGE_CURVE('',#14418,#14416,#14419,.T.);
#12945=EDGE_CURVE('',#14420,#14418,#14421,.T.);
#12946=EDGE_CURVE('',#14422,#14420,#14423,.T.);
#12947=EDGE_CURVE('',#14424,#14422,#14425,.T.);
#12948=EDGE_CURVE('',#14426,#14424,#14427,.T.);
#12949=EDGE_CURVE('',#14428,#14426,#14429,.T.);
#12950=EDGE_CURVE('',#14430,#14428,#14431,.T.);
#12951=EDGE_CURVE('',#14432,#14430,#14433,.T.);
#12952=EDGE_CURVE('',#14434,#14432,#14435,.T.);
#12953=EDGE_CURVE('',#14436,#14434,#14437,.T.);
#12954=EDGE_CURVE('',#14438,#14436,#14439,.T.);
#12955=EDGE_CURVE('',#14440,#14438,#14441,.T.);
#12956=EDGE_CURVE('',#14442,#14440,#14443,.T.);
#12957=EDGE_CURVE('',#14444,#14442,#14445,.T.);
#12958=EDGE_CURVE('',#14446,#14444,#14447,.T.);
#12959=EDGE_CURVE('',#14448,#14446,#14449,.T.);
#12960=EDGE_CURVE('',#14450,#14448,#14451,.T.);
#12961=EDGE_CURVE('',#14452,#14450,#14453,.T.);
#12962=EDGE_CURVE('',#14454,#14452,#14455,.T.);
#12963=EDGE_CURVE('',#14456,#14454,#14457,.T.);
#12964=EDGE_CURVE('',#14458,#14456,#14459,.T.);
#12965=EDGE_CURVE('',#14460,#14458,#14461,.T.);
#12966=EDGE_CURVE('',#14462,#14460,#14463,.T.);
#12967=EDGE_CURVE('',#14464,#14462,#14465,.T.);
#12968=EDGE_CURVE('',#14466,#14464,#14467,.T.);
#12969=EDGE_CURVE('',#14468,#14466,#14469,.T.);
#12970=EDGE_CURVE('',#14470,#14468,#14471,.T.);
#12971=EDGE_CURVE('',#14472,#14470,#14473,.T.);
#12972=EDGE_CURVE('',#14474,#14472,#14475,.T.);
#12973=EDGE_CURVE('',#14476,#14474,#14477,.T.);
#12974=EDGE_CURVE('',#14478,#14476,#14479,.T.);
#12975=EDGE_CURVE('',#14480,#14478,#14481,.T.);
#12976=EDGE_CURVE('',#14482,#14480,#14483,.T.);
#12977=EDGE_CURVE('',#14484,#14482,#14485,.T.);
#12978=EDGE_CURVE('',#14486,#14484,#14487,.T.);
#12979=EDGE_CURVE('',#14488,#14486,#14489,.T.);
#12980=EDGE_CURVE('',#14490,#14488,#14491,.T.);
#12981=EDGE_CURVE('',#14492,#14490,#14493,.T.);
#12982=EDGE_CURVE('',#14494,#14492,#14495,.T.);
#12983=EDGE_CURVE('',#14496,#14494,#14497,.T.);
#12984=EDGE_CURVE('',#14498,#14496,#14499,.T.);
#12985=EDGE_CURVE('',#14500,#14498,#14501,.T.);
#12986=EDGE_CURVE('',#14502,#14500,#14503,.T.);
#12987=EDGE_CURVE('',#14504,#14502,#14505,.T.);
#12988=EDGE_CURVE('',#14506,#14504,#14507,.T.);
#12989=EDGE_CURVE('',#14508,#14506,#14509,.T.);
#12990=EDGE_CURVE('',#14510,#14508,#14511,.T.);
#12991=EDGE_CURVE('',#14512,#14510,#14513,.T.);
#12992=EDGE_CURVE('',#14514,#14512,#14515,.T.);
#12993=EDGE_CURVE('',#14516,#14514,#14517,.T.);
#12994=EDGE_CURVE('',#14518,#14516,#14519,.T.);
#12995=EDGE_CURVE('',#14520,#14518,#14521,.T.);
#12996=EDGE_CURVE('',#14522,#14520,#14523,.T.);
#12997=EDGE_CURVE('',#14524,#14522,#14525,.T.);
#12998=EDGE_CURVE('',#14526,#14524,#14527,.T.);
#12999=EDGE_CURVE('',#14528,#14526,#14529,.T.);
#13000=EDGE_CURVE('',#14530,#14528,#14531,.T.);
#13001=EDGE_CURVE('',#14532,#14530,#14533,.T.);
#13002=EDGE_CURVE('',#14534,#14532,#14535,.T.);
#13003=EDGE_CURVE('',#14536,#14534,#14537,.T.);
#13004=EDGE_CURVE('',#14538,#14536,#14539,.T.);
#13005=EDGE_CURVE('',#14540,#14538,#14541,.T.);
#13006=EDGE_CURVE('',#14542,#14540,#14543,.T.);
#13007=EDGE_CURVE('',#14544,#14542,#14545,.T.);
#13008=EDGE_CURVE('',#14546,#14544,#14547,.T.);
#13009=EDGE_CURVE('',#14548,#14546,#14549,.T.);
#13010=EDGE_CURVE('',#14550,#14548,#14551,.T.);
#13011=EDGE_CURVE('',#14552,#14550,#14553,.T.);
#13012=EDGE_CURVE('',#14554,#14552,#14555,.T.);
#13013=EDGE_CURVE('',#14556,#14554,#14557,.T.);
#13014=EDGE_CURVE('',#14558,#14556,#14559,.T.);
#13015=EDGE_CURVE('',#14560,#14558,#14561,.T.);
#13016=EDGE_CURVE('',#14562,#14560,#14563,.T.);
#13017=EDGE_CURVE('',#14564,#14562,#14565,.T.);
#13018=EDGE_CURVE('',#14566,#14564,#14567,.T.);
#13019=EDGE_CURVE('',#14568,#14566,#14569,.T.);
#13020=EDGE_CURVE('',#14570,#14568,#14571,.T.);
#13021=EDGE_CURVE('',#14572,#14570,#14573,.T.);
#13022=EDGE_CURVE('',#14574,#14572,#14575,.T.);
#13023=EDGE_CURVE('',#14576,#14574,#14577,.T.);
#13024=EDGE_CURVE('',#14578,#14576,#14579,.T.);
#13025=EDGE_CURVE('',#14580,#14578,#14581,.T.);
#13026=EDGE_CURVE('',#14582,#14580,#14583,.T.);
#13027=EDGE_CURVE('',#14584,#14582,#14585,.T.);
#13028=EDGE_CURVE('',#14586,#14584,#14587,.T.);
#13029=EDGE_CURVE('',#14588,#14586,#14589,.T.);
#13030=EDGE_CURVE('',#14590,#14588,#14591,.T.);
#13031=EDGE_CURVE('',#14592,#14590,#14593,.T.);
#13032=EDGE_CURVE('',#14594,#14592,#14595,.T.);
#13033=EDGE_CURVE('',#14596,#14594,#14597,.T.);
#13034=EDGE_CURVE('',#14598,#14596,#14599,.T.);
#13035=EDGE_CURVE('',#14600,#14598,#14601,.T.);
#13036=EDGE_CURVE('',#14602,#14600,#14603,.T.);
#13037=EDGE_CURVE('',#14604,#14602,#14605,.T.);
#13038=EDGE_CURVE('',#14606,#14604,#14607,.T.);
#13039=EDGE_CURVE('',#14608,#14606,#14609,.T.);
#13040=EDGE_CURVE('',#14610,#14608,#14611,.T.);
#13041=EDGE_CURVE('',#14612,#14610,#14613,.T.);
#13042=EDGE_CURVE('',#14614,#14612,#14615,.T.);
#13043=EDGE_CURVE('',#14616,#14614,#14617,.T.);
#13044=EDGE_CURVE('',#14618,#14616,#14619,.T.);
#13045=EDGE_CURVE('',#14620,#14618,#14621,.T.);
#13046=EDGE_CURVE('',#14622,#14620,#14623,.T.);
#13047=EDGE_CURVE('',#14624,#14622,#14625,.T.);
#13048=EDGE_CURVE('',#14626,#14624,#14627,.T.);
#13049=EDGE_CURVE('',#14628,#14626,#14629,.T.);
#13050=EDGE_CURVE('',#14630,#14628,#14631,.T.);
#13051=EDGE_CURVE('',#14632,#14630,#14633,.T.);
#13052=EDGE_CURVE('',#14634,#14632,#14635,.T.);
#13053=EDGE_CURVE('',#14636,#14634,#14637,.T.);
#13054=EDGE_CURVE('',#14638,#14636,#14639,.T.);
#13055=EDGE_CURVE('',#14640,#14638,#14641,.T.);
#13056=EDGE_CURVE('',#14642,#14640,#14643,.T.);
#13057=EDGE_CURVE('',#14644,#14642,#14645,.T.);
#13058=EDGE_CURVE('',#14646,#14644,#14647,.T.);
#13059=EDGE_CURVE('',#14648,#14646,#14649,.T.);
#13060=EDGE_CURVE('',#14650,#14648,#14651,.T.);
#13061=EDGE_CURVE('',#14652,#14650,#14653,.T.);
#13062=EDGE_CURVE('',#14654,#14652,#14655,.T.);
#13063=EDGE_CURVE('',#14656,#14654,#14657,.T.);
#13064=EDGE_CURVE('',#14658,#14656,#14659,.T.);
#13065=EDGE_CURVE('',#14660,#14658,#14661,.T.);
#13066=EDGE_CURVE('',#14662,#14660,#14663,.T.);
#13067=EDGE_CURVE('',#14664,#14662,#14665,.T.);
#13068=EDGE_CURVE('',#14666,#14664,#14667,.T.);
#13069=EDGE_CURVE('',#14668,#14666,#14669,.T.);
#13070=EDGE_CURVE('',#14670,#14668,#14671,.T.);
#13071=EDGE_CURVE('',#14672,#14670,#14673,.T.);
#13072=EDGE_CURVE('',#14674,#14672,#14675,.T.);
#13073=EDGE_CURVE('',#14676,#14674,#14677,.T.);
#13074=EDGE_CURVE('',#14678,#14676,#14679,.T.);
#13075=EDGE_CURVE('',#14680,#14678,#14681,.T.);
#13076=EDGE_CURVE('',#14682,#14680,#14683,.T.);
#13077=EDGE_CURVE('',#14684,#14682,#14685,.T.);
#13078=EDGE_CURVE('',#14686,#14684,#14687,.T.);
#13079=EDGE_CURVE('',#14688,#14686,#14689,.T.);
#13080=EDGE_CURVE('',#14690,#14688,#14691,.T.);
#13081=EDGE_CURVE('',#14692,#14690,#14693,.T.);
#13082=EDGE_CURVE('',#14694,#14692,#14695,.T.);
#13083=EDGE_CURVE('',#14696,#14694,#14697,.T.);
#13084=EDGE_CURVE('',#14698,#14696,#14699,.T.);
#13085=EDGE_CURVE('',#14700,#14698,#14701,.T.);
#13086=EDGE_CURVE('',#14702,#14700,#14703,.T.);
#13087=EDGE_CURVE('',#14704,#14702,#14705,.T.);
#13088=EDGE_CURVE('',#14706,#14704,#14707,.T.);
#13089=EDGE_CURVE('',#14708,#14706,#14709,.T.);
#13090=EDGE_CURVE('',#14710,#14708,#14711,.T.);
#13091=EDGE_CURVE('',#14712,#14710,#14713,.T.);
#13092=EDGE_CURVE('',#14714,#14712,#14715,.T.);
#13093=EDGE_CURVE('',#14716,#14714,#14717,.T.);
#13094=EDGE_CURVE('',#14718,#14716,#14719,.T.);
#13095=EDGE_CURVE('',#14720,#14718,#14721,.T.);
#13096=EDGE_CURVE('',#14722,#14720,#14723,.T.);
#13097=EDGE_CURVE('',#14724,#14722,#14725,.T.);
#13098=EDGE_CURVE('',#14726,#14724,#14727,.T.);
#13099=EDGE_CURVE('',#14728,#14726,#14729,.T.);
#13100=EDGE_CURVE('',#14730,#14728,#14731,.T.);
#13101=EDGE_CURVE('',#14732,#14730,#14733,.T.);
#13102=EDGE_CURVE('',#14734,#14732,#14735,.T.);
#13103=EDGE_CURVE('',#14736,#14734,#14737,.T.);
#13104=EDGE_CURVE('',#14738,#14736,#14739,.T.);
#13105=EDGE_CURVE('',#14740,#14738,#14741,.T.);
#13106=EDGE_CURVE('',#14742,#14740,#14743,.T.);
#13107=EDGE_CURVE('',#14744,#14742,#14745,.T.);
#13108=EDGE_CURVE('',#14746,#14744,#14747,.T.);
#13109=EDGE_CURVE('',#14748,#14746,#14749,.T.);
#13110=EDGE_CURVE('',#14750,#14748,#14751,.T.);
#13111=EDGE_CURVE('',#14282,#14750,#14752,.T.);
#13112=EDGE_CURVE('',#14753,#14753,#14754,.T.);
#13113=EDGE_CURVE('',#14750,#13696,#14755,.T.);
#13114=EDGE_CURVE('',#14282,#13695,#14756,.T.);
#13115=EDGE_CURVE('',#14748,#13698,#14757,.T.);
#13116=EDGE_CURVE('',#14746,#13700,#14758,.T.);
#13117=EDGE_CURVE('',#14744,#13702,#14759,.T.);
#13118=EDGE_CURVE('',#14742,#13704,#14760,.T.);
#13119=EDGE_CURVE('',#14740,#13706,#14761,.T.);
#13120=EDGE_CURVE('',#14738,#13708,#14762,.T.);
#13121=EDGE_CURVE('',#14736,#13710,#14763,.T.);
#13122=EDGE_CURVE('',#14734,#13712,#14764,.T.);
#13123=EDGE_CURVE('',#14732,#13714,#14765,.T.);
#13124=EDGE_CURVE('',#14730,#13716,#14766,.T.);
#13125=EDGE_CURVE('',#14728,#13718,#14767,.T.);
#13126=EDGE_CURVE('',#14726,#13720,#14768,.T.);
#13127=EDGE_CURVE('',#14724,#13722,#14769,.T.);
#13128=EDGE_CURVE('',#14722,#13724,#14770,.T.);
#13129=EDGE_CURVE('',#14720,#13726,#14771,.T.);
#13130=EDGE_CURVE('',#14718,#13728,#14772,.T.);
#13131=EDGE_CURVE('',#14716,#13730,#14773,.T.);
#13132=EDGE_CURVE('',#14714,#13732,#14774,.T.);
#13133=EDGE_CURVE('',#14712,#13734,#14775,.T.);
#13134=EDGE_CURVE('',#14710,#13736,#14776,.T.);
#13135=EDGE_CURVE('',#14708,#13738,#14777,.T.);
#13136=EDGE_CURVE('',#14706,#13740,#14778,.T.);
#13137=EDGE_CURVE('',#14704,#13742,#14779,.T.);
#13138=EDGE_CURVE('',#14702,#13744,#14780,.T.);
#13139=EDGE_CURVE('',#14700,#13746,#14781,.T.);
#13140=EDGE_CURVE('',#14698,#13748,#14782,.T.);
#13141=EDGE_CURVE('',#14696,#13750,#14783,.T.);
#13142=EDGE_CURVE('',#14694,#13752,#14784,.T.);
#13143=EDGE_CURVE('',#14692,#13754,#14785,.T.);
#13144=EDGE_CURVE('',#14690,#13756,#14786,.T.);
#13145=EDGE_CURVE('',#14688,#13758,#14787,.T.);
#13146=EDGE_CURVE('',#14686,#13760,#14788,.T.);
#13147=EDGE_CURVE('',#14684,#13762,#14789,.T.);
#13148=EDGE_CURVE('',#14682,#13764,#14790,.T.);
#13149=EDGE_CURVE('',#14680,#13766,#14791,.T.);
#13150=EDGE_CURVE('',#14678,#13768,#14792,.T.);
#13151=EDGE_CURVE('',#14676,#13770,#14793,.T.);
#13152=EDGE_CURVE('',#14674,#13772,#14794,.T.);
#13153=EDGE_CURVE('',#14672,#13774,#14795,.T.);
#13154=EDGE_CURVE('',#14670,#13776,#14796,.T.);
#13155=EDGE_CURVE('',#14668,#13778,#14797,.T.);
#13156=EDGE_CURVE('',#14666,#13780,#14798,.T.);
#13157=EDGE_CURVE('',#14664,#13782,#14799,.T.);
#13158=EDGE_CURVE('',#14662,#13784,#14800,.T.);
#13159=EDGE_CURVE('',#14660,#13786,#14801,.T.);
#13160=EDGE_CURVE('',#14658,#13788,#14802,.T.);
#13161=EDGE_CURVE('',#14656,#13790,#14803,.T.);
#13162=EDGE_CURVE('',#14654,#13792,#14804,.T.);
#13163=EDGE_CURVE('',#14652,#13794,#14805,.T.);
#13164=EDGE_CURVE('',#14650,#13796,#14806,.T.);
#13165=EDGE_CURVE('',#14648,#13798,#14807,.T.);
#13166=EDGE_CURVE('',#14646,#13800,#14808,.T.);
#13167=EDGE_CURVE('',#14644,#13802,#14809,.T.);
#13168=EDGE_CURVE('',#14642,#13804,#14810,.T.);
#13169=EDGE_CURVE('',#14640,#13806,#14811,.T.);
#13170=EDGE_CURVE('',#14638,#13808,#14812,.T.);
#13171=EDGE_CURVE('',#14636,#13810,#14813,.T.);
#13172=EDGE_CURVE('',#14634,#13812,#14814,.T.);
#13173=EDGE_CURVE('',#14632,#13814,#14815,.T.);
#13174=EDGE_CURVE('',#14630,#13816,#14816,.T.);
#13175=EDGE_CURVE('',#14628,#13818,#14817,.T.);
#13176=EDGE_CURVE('',#14626,#13820,#14818,.T.);
#13177=EDGE_CURVE('',#14624,#13822,#14819,.T.);
#13178=EDGE_CURVE('',#14622,#13824,#14820,.T.);
#13179=EDGE_CURVE('',#14620,#13826,#14821,.T.);
#13180=EDGE_CURVE('',#14618,#13828,#14822,.T.);
#13181=EDGE_CURVE('',#14616,#13830,#14823,.T.);
#13182=EDGE_CURVE('',#14614,#13832,#14824,.T.);
#13183=EDGE_CURVE('',#14612,#13834,#14825,.T.);
#13184=EDGE_CURVE('',#14610,#13836,#14826,.T.);
#13185=EDGE_CURVE('',#14608,#13838,#14827,.T.);
#13186=EDGE_CURVE('',#14606,#13840,#14828,.T.);
#13187=EDGE_CURVE('',#14604,#13842,#14829,.T.);
#13188=EDGE_CURVE('',#14602,#13844,#14830,.T.);
#13189=EDGE_CURVE('',#14600,#13846,#14831,.T.);
#13190=EDGE_CURVE('',#14598,#13848,#14832,.T.);
#13191=EDGE_CURVE('',#14596,#13850,#14833,.T.);
#13192=EDGE_CURVE('',#14594,#13852,#14834,.T.);
#13193=EDGE_CURVE('',#14592,#13854,#14835,.T.);
#13194=EDGE_CURVE('',#14590,#13856,#14836,.T.);
#13195=EDGE_CURVE('',#14588,#13858,#14837,.T.);
#13196=EDGE_CURVE('',#14586,#13860,#14838,.T.);
#13197=EDGE_CURVE('',#14584,#13862,#14839,.T.);
#13198=EDGE_CURVE('',#14582,#13864,#14840,.T.);
#13199=EDGE_CURVE('',#14580,#13866,#14841,.T.);
#13200=EDGE_CURVE('',#14578,#13868,#14842,.T.);
#13201=EDGE_CURVE('',#14576,#13870,#14843,.T.);
#13202=EDGE_CURVE('',#14574,#13872,#14844,.T.);
#13203=EDGE_CURVE('',#14572,#13874,#14845,.T.);
#13204=EDGE_CURVE('',#14570,#13876,#14846,.T.);
#13205=EDGE_CURVE('',#14568,#13878,#14847,.T.);
#13206=EDGE_CURVE('',#14566,#13880,#14848,.T.);
#13207=EDGE_CURVE('',#14564,#13882,#14849,.T.);
#13208=EDGE_CURVE('',#14562,#13884,#14850,.T.);
#13209=EDGE_CURVE('',#14560,#13886,#14851,.T.);
#13210=EDGE_CURVE('',#14558,#13888,#14852,.T.);
#13211=EDGE_CURVE('',#14556,#13890,#14853,.T.);
#13212=EDGE_CURVE('',#14554,#13892,#14854,.T.);
#13213=EDGE_CURVE('',#14552,#13894,#14855,.T.);
#13214=EDGE_CURVE('',#14550,#13896,#14856,.T.);
#13215=EDGE_CURVE('',#14548,#13898,#14857,.T.);
#13216=EDGE_CURVE('',#14546,#13900,#14858,.T.);
#13217=EDGE_CURVE('',#14544,#13902,#14859,.T.);
#13218=EDGE_CURVE('',#14542,#13904,#14860,.T.);
#13219=EDGE_CURVE('',#14540,#13906,#14861,.T.);
#13220=EDGE_CURVE('',#14538,#13908,#14862,.T.);
#13221=EDGE_CURVE('',#14536,#13910,#14863,.T.);
#13222=EDGE_CURVE('',#14534,#13912,#14864,.T.);
#13223=EDGE_CURVE('',#14532,#13914,#14865,.T.);
#13224=EDGE_CURVE('',#14530,#13916,#14866,.T.);
#13225=EDGE_CURVE('',#14528,#13918,#14867,.T.);
#13226=EDGE_CURVE('',#14526,#13920,#14868,.T.);
#13227=EDGE_CURVE('',#14524,#13922,#14869,.T.);
#13228=EDGE_CURVE('',#14522,#13924,#14870,.T.);
#13229=EDGE_CURVE('',#14520,#13926,#14871,.T.);
#13230=EDGE_CURVE('',#14518,#13928,#14872,.T.);
#13231=EDGE_CURVE('',#14516,#13930,#14873,.T.);
#13232=EDGE_CURVE('',#14514,#13932,#14874,.T.);
#13233=EDGE_CURVE('',#14512,#13934,#14875,.T.);
#13234=EDGE_CURVE('',#14510,#13936,#14876,.T.);
#13235=EDGE_CURVE('',#14508,#13938,#14877,.T.);
#13236=EDGE_CURVE('',#14506,#13940,#14878,.T.);
#13237=EDGE_CURVE('',#14504,#13942,#14879,.T.);
#13238=EDGE_CURVE('',#14502,#13944,#14880,.T.);
#13239=EDGE_CURVE('',#14500,#13946,#14881,.T.);
#13240=EDGE_CURVE('',#14498,#13948,#14882,.T.);
#13241=EDGE_CURVE('',#14496,#13950,#14883,.T.);
#13242=EDGE_CURVE('',#14494,#13952,#14884,.T.);
#13243=EDGE_CURVE('',#14492,#13954,#14885,.T.);
#13244=EDGE_CURVE('',#14490,#13956,#14886,.T.);
#13245=EDGE_CURVE('',#14488,#13958,#14887,.T.);
#13246=EDGE_CURVE('',#14486,#13960,#14888,.T.);
#13247=EDGE_CURVE('',#14484,#13962,#14889,.T.);
#13248=EDGE_CURVE('',#14482,#13964,#14890,.T.);
#13249=EDGE_CURVE('',#14480,#13966,#14891,.T.);
#13250=EDGE_CURVE('',#14478,#13968,#14892,.T.);
#13251=EDGE_CURVE('',#14476,#13970,#14893,.T.);
#13252=EDGE_CURVE('',#14474,#13972,#14894,.T.);
#13253=EDGE_CURVE('',#14472,#13974,#14895,.T.);
#13254=EDGE_CURVE('',#14470,#13976,#14896,.T.);
#13255=EDGE_CURVE('',#14468,#13978,#14897,.T.);
#13256=EDGE_CURVE('',#14466,#13980,#14898,.T.);
#13257=EDGE_CURVE('',#14464,#13982,#14899,.T.);
#13258=EDGE_CURVE('',#14462,#13984,#14900,.T.);
#13259=EDGE_CURVE('',#14460,#13986,#14901,.T.);
#13260=EDGE_CURVE('',#14458,#13988,#14902,.T.);
#13261=EDGE_CURVE('',#14456,#13990,#14903,.T.);
#13262=EDGE_CURVE('',#14454,#13992,#14904,.T.);
#13263=EDGE_CURVE('',#14452,#13994,#14905,.T.);
#13264=EDGE_CURVE('',#14450,#13996,#14906,.T.);
#13265=EDGE_CURVE('',#14448,#13998,#14907,.T.);
#13266=EDGE_CURVE('',#14446,#14000,#14908,.T.);
#13267=EDGE_CURVE('',#14444,#14002,#14909,.T.);
#13268=EDGE_CURVE('',#14442,#14004,#14910,.T.);
#13269=EDGE_CURVE('',#14440,#14006,#14911,.T.);
#13270=EDGE_CURVE('',#14438,#14008,#14912,.T.);
#13271=EDGE_CURVE('',#14436,#14010,#14913,.T.);
#13272=EDGE_CURVE('',#14434,#14012,#14914,.T.);
#13273=EDGE_CURVE('',#14432,#14014,#14915,.T.);
#13274=EDGE_CURVE('',#14430,#14016,#14916,.T.);
#13275=EDGE_CURVE('',#14428,#14018,#14917,.T.);
#13276=EDGE_CURVE('',#14426,#14020,#14918,.T.);
#13277=EDGE_CURVE('',#14424,#14022,#14919,.T.);
#13278=EDGE_CURVE('',#14422,#14024,#14920,.T.);
#13279=EDGE_CURVE('',#14420,#14026,#14921,.T.);
#13280=EDGE_CURVE('',#14418,#14028,#14922,.T.);
#13281=EDGE_CURVE('',#14416,#14030,#14923,.T.);
#13282=EDGE_CURVE('',#14414,#14032,#14924,.T.);
#13283=EDGE_CURVE('',#14412,#14034,#14925,.T.);
#13284=EDGE_CURVE('',#14410,#14036,#14926,.T.);
#13285=EDGE_CURVE('',#14408,#14038,#14927,.T.);
#13286=EDGE_CURVE('',#14406,#14040,#14928,.T.);
#13287=EDGE_CURVE('',#14404,#14042,#14929,.T.);
#13288=EDGE_CURVE('',#14402,#14044,#14930,.T.);
#13289=EDGE_CURVE('',#14400,#14046,#14931,.T.);
#13290=EDGE_CURVE('',#14398,#14048,#14932,.T.);
#13291=EDGE_CURVE('',#14396,#14050,#14933,.T.);
#13292=EDGE_CURVE('',#14394,#14052,#14934,.T.);
#13293=EDGE_CURVE('',#14392,#14054,#14935,.T.);
#13294=EDGE_CURVE('',#14390,#14056,#14936,.T.);
#13295=EDGE_CURVE('',#14388,#14058,#14937,.T.);
#13296=EDGE_CURVE('',#14386,#14060,#14938,.T.);
#13297=EDGE_CURVE('',#14384,#14062,#14939,.T.);
#13298=EDGE_CURVE('',#14382,#14064,#14940,.T.);
#13299=EDGE_CURVE('',#14380,#14066,#14941,.T.);
#13300=EDGE_CURVE('',#14378,#14068,#14942,.T.);
#13301=EDGE_CURVE('',#14376,#14070,#14943,.T.);
#13302=EDGE_CURVE('',#14374,#14072,#14944,.T.);
#13303=EDGE_CURVE('',#14372,#14074,#14945,.T.);
#13304=EDGE_CURVE('',#14370,#14076,#14946,.T.);
#13305=EDGE_CURVE('',#14368,#14078,#14947,.T.);
#13306=EDGE_CURVE('',#14366,#14080,#14948,.T.);
#13307=EDGE_CURVE('',#14364,#14082,#14949,.T.);
#13308=EDGE_CURVE('',#14362,#14084,#14950,.T.);
#13309=EDGE_CURVE('',#14360,#14086,#14951,.T.);
#13310=EDGE_CURVE('',#14358,#14088,#14952,.T.);
#13311=EDGE_CURVE('',#14356,#14090,#14953,.T.);
#13312=EDGE_CURVE('',#14354,#14092,#14954,.T.);
#13313=EDGE_CURVE('',#14352,#14094,#14955,.T.);
#13314=EDGE_CURVE('',#14350,#14096,#14956,.T.);
#13315=EDGE_CURVE('',#14348,#14098,#14957,.T.);
#13316=EDGE_CURVE('',#14346,#14100,#14958,.T.);
#13317=EDGE_CURVE('',#14344,#14102,#14959,.T.);
#13318=EDGE_CURVE('',#14342,#14104,#14960,.T.);
#13319=EDGE_CURVE('',#14340,#14106,#14961,.T.);
#13320=EDGE_CURVE('',#14338,#14108,#14962,.T.);
#13321=EDGE_CURVE('',#14336,#14110,#14963,.T.);
#13322=EDGE_CURVE('',#14334,#14112,#14964,.T.);
#13323=EDGE_CURVE('',#14332,#14114,#14965,.T.);
#13324=EDGE_CURVE('',#14330,#14116,#14966,.T.);
#13325=EDGE_CURVE('',#14328,#14118,#14967,.T.);
#13326=EDGE_CURVE('',#14326,#14120,#14968,.T.);
#13327=EDGE_CURVE('',#14324,#14122,#14969,.T.);
#13328=EDGE_CURVE('',#14322,#14124,#14970,.T.);
#13329=EDGE_CURVE('',#14320,#14126,#14971,.T.);
#13330=EDGE_CURVE('',#14318,#14128,#14972,.T.);
#13331=EDGE_CURVE('',#14316,#14130,#14973,.T.);
#13332=EDGE_CURVE('',#14314,#14132,#14974,.T.);
#13333=EDGE_CURVE('',#14312,#14134,#14975,.T.);
#13334=EDGE_CURVE('',#14310,#14136,#14976,.T.);
#13335=EDGE_CURVE('',#14308,#14138,#14977,.T.);
#13336=EDGE_CURVE('',#14306,#14140,#14978,.T.);
#13337=EDGE_CURVE('',#14304,#14142,#14979,.T.);
#13338=EDGE_CURVE('',#14302,#14144,#14980,.T.);
#13339=EDGE_CURVE('',#14300,#14146,#14981,.T.);
#13340=EDGE_CURVE('',#14298,#14148,#14982,.T.);
#13341=EDGE_CURVE('',#14296,#14150,#14983,.T.);
#13342=EDGE_CURVE('',#14294,#14152,#14984,.T.);
#13343=EDGE_CURVE('',#14292,#14154,#14985,.T.);
#13344=EDGE_CURVE('',#14290,#14156,#14986,.T.);
#13345=EDGE_CURVE('',#14288,#14158,#14987,.T.);
#13346=EDGE_CURVE('',#14286,#14160,#14988,.T.);
#13347=EDGE_CURVE('',#14284,#14162,#14989,.T.);
#13348=EDGE_CURVE('',#14281,#14164,#14990,.T.);
#13349=EDGE_CURVE('',#14991,#14991,#14992,.T.);
#13350=EDGE_CURVE('',#14993,#14993,#14994,.T.);
#13351=EDGE_CURVE('',#14995,#14995,#14996,.T.);
#13352=EDGE_CURVE('',#14997,#14997,#14998,.T.);
#13353=EDGE_CURVE('',#14999,#14999,#15000,.T.);
#13354=EDGE_CURVE('',#15001,#15001,#15002,.T.);
#13355=EDGE_CURVE('',#15003,#15003,#15004,.T.);
#13356=EDGE_CURVE('',#15005,#15005,#15006,.T.);
#13357=EDGE_CURVE('',#15007,#15007,#15008,.T.);
#13358=EDGE_CURVE('',#15009,#15009,#15010,.T.);
#13359=EDGE_CURVE('',#15011,#15011,#15012,.T.);
#13360=EDGE_CURVE('',#15013,#15013,#15014,.T.);
#13361=EDGE_CURVE('',#15015,#15015,#15016,.T.);
#13362=EDGE_CURVE('',#15017,#15017,#15018,.T.);
#13363=EDGE_CURVE('',#15019,#15019,#15020,.T.);
#13364=EDGE_CURVE('',#15021,#15021,#15022,.T.);
#13365=EDGE_CURVE('',#15023,#15023,#15024,.T.);
#13366=EDGE_CURVE('',#15025,#15025,#15026,.T.);
#13367=EDGE_CURVE('',#15027,#15027,#15028,.T.);
#13368=EDGE_CURVE('',#15029,#15029,#15030,.T.);
#13369=EDGE_CURVE('',#15031,#15031,#15032,.T.);
#13370=EDGE_CURVE('',#15033,#15033,#15034,.T.);
#13371=EDGE_CURVE('',#15035,#15035,#15036,.T.);
#13372=EDGE_CURVE('',#15037,#15037,#15038,.T.);
#13373=EDGE_CURVE('',#15039,#15039,#15040,.T.);
#13374=EDGE_CURVE('',#15041,#15041,#15042,.T.);
#13375=EDGE_CURVE('',#15043,#15043,#15044,.T.);
#13376=EDGE_CURVE('',#15045,#15045,#15046,.T.);
#13377=EDGE_CURVE('',#15047,#15047,#15048,.T.);
#13378=EDGE_CURVE('',#15049,#15049,#15050,.T.);
#13379=EDGE_CURVE('',#15051,#15051,#15052,.T.);
#13380=EDGE_CURVE('',#15053,#15053,#15054,.T.);
#13381=EDGE_CURVE('',#15055,#15055,#15056,.T.);
#13382=EDGE_CURVE('',#15057,#15057,#15058,.T.);
#13383=EDGE_CURVE('',#15059,#15059,#15060,.T.);
#13384=EDGE_CURVE('',#15061,#15061,#15062,.T.);
#13385=EDGE_CURVE('',#15063,#15063,#15064,.T.);
#13386=EDGE_CURVE('',#15065,#15065,#15066,.T.);
#13387=EDGE_CURVE('',#15067,#15067,#15068,.T.);
#13388=EDGE_CURVE('',#15069,#15069,#15070,.T.);
#13389=EDGE_CURVE('',#15071,#15071,#15072,.T.);
#13390=EDGE_CURVE('',#15073,#15073,#15074,.T.);
#13391=EDGE_CURVE('',#15075,#15075,#15076,.T.);
#13392=EDGE_CURVE('',#15077,#15077,#15078,.T.);
#13393=EDGE_CURVE('',#15079,#15079,#15080,.T.);
#13394=EDGE_CURVE('',#15081,#15081,#15082,.T.);
#13395=EDGE_CURVE('',#15083,#15083,#15084,.T.);
#13396=EDGE_CURVE('',#15085,#15085,#15086,.T.);
#13397=EDGE_CURVE('',#15087,#15087,#15088,.T.);
#13398=EDGE_CURVE('',#15089,#15089,#15090,.T.);
#13399=EDGE_CURVE('',#15091,#15091,#15092,.T.);
#13400=EDGE_CURVE('',#15093,#15093,#15094,.T.);
#13401=EDGE_CURVE('',#15095,#15095,#15096,.T.);
#13402=EDGE_CURVE('',#15097,#15097,#15098,.T.);
#13403=EDGE_CURVE('',#15099,#15099,#15100,.T.);
#13404=EDGE_CURVE('',#15101,#15101,#15102,.T.);
#13405=EDGE_CURVE('',#15103,#15103,#15104,.T.);
#13406=EDGE_CURVE('',#15105,#15105,#15106,.T.);
#13407=EDGE_CURVE('',#15107,#15107,#15108,.T.);
#13408=EDGE_CURVE('',#15109,#15109,#15110,.T.);
#13409=EDGE_CURVE('',#15111,#15111,#15112,.T.);
#13410=EDGE_CURVE('',#15113,#15113,#15114,.T.);
#13411=EDGE_CURVE('',#15115,#15115,#15116,.T.);
#13412=EDGE_CURVE('',#15117,#15117,#15118,.T.);
#13413=EDGE_CURVE('',#15119,#15119,#15120,.T.);
#13414=EDGE_CURVE('',#15121,#15121,#15122,.T.);
#13415=EDGE_CURVE('',#15123,#15123,#15124,.T.);
#13416=EDGE_CURVE('',#15125,#15125,#15126,.T.);
#13417=EDGE_CURVE('',#15127,#15127,#15128,.T.);
#13418=EDGE_CURVE('',#15129,#15129,#15130,.T.);
#13419=EDGE_CURVE('',#15131,#15131,#15132,.T.);
#13420=EDGE_CURVE('',#15133,#15133,#15134,.T.);
#13421=EDGE_CURVE('',#15135,#15135,#15136,.T.);
#13422=EDGE_CURVE('',#15137,#15137,#15138,.T.);
#13423=EDGE_CURVE('',#15139,#15139,#15140,.T.);
#13424=EDGE_CURVE('',#15141,#15141,#15142,.T.);
#13425=EDGE_CURVE('',#15143,#15143,#15144,.T.);
#13426=EDGE_CURVE('',#15145,#15145,#15146,.T.);
#13427=EDGE_CURVE('',#15147,#15147,#15148,.T.);
#13428=EDGE_CURVE('',#15149,#15149,#15150,.T.);
#13429=EDGE_CURVE('',#15151,#15151,#15152,.T.);
#13430=EDGE_CURVE('',#15153,#15153,#15154,.T.);
#13431=EDGE_CURVE('',#15155,#15155,#15156,.T.);
#13432=EDGE_CURVE('',#15157,#15157,#15158,.T.);
#13433=EDGE_CURVE('',#15159,#15159,#15160,.T.);
#13434=EDGE_CURVE('',#15161,#15161,#15162,.T.);
#13435=EDGE_CURVE('',#15163,#15163,#15164,.T.);
#13436=EDGE_CURVE('',#15165,#15165,#15166,.T.);
#13437=EDGE_CURVE('',#15167,#15167,#15168,.T.);
#13438=EDGE_CURVE('',#15169,#15169,#15170,.T.);
#13439=EDGE_CURVE('',#15171,#15171,#15172,.T.);
#13440=EDGE_CURVE('',#15173,#15173,#15174,.T.);
#13441=EDGE_CURVE('',#15175,#15175,#15176,.T.);
#13442=EDGE_CURVE('',#15177,#15177,#15178,.T.);
#13443=EDGE_CURVE('',#15179,#15179,#15180,.T.);
#13444=EDGE_CURVE('',#15181,#15181,#15182,.T.);
#13445=EDGE_CURVE('',#15183,#15183,#15184,.T.);
#13446=EDGE_CURVE('',#15185,#15185,#15186,.T.);
#13447=EDGE_CURVE('',#15187,#15187,#15188,.T.);
#13448=EDGE_CURVE('',#15189,#15189,#15190,.T.);
#13449=EDGE_CURVE('',#15191,#15191,#15192,.T.);
#13450=EDGE_CURVE('',#15193,#15193,#15194,.T.);
#13451=EDGE_CURVE('',#15195,#15195,#15196,.T.);
#13452=EDGE_CURVE('',#15197,#15197,#15198,.T.);
#13453=EDGE_CURVE('',#15199,#15199,#15200,.T.);
#13454=EDGE_CURVE('',#15201,#15201,#15202,.T.);
#13455=EDGE_CURVE('',#15203,#15203,#15204,.T.);
#13456=EDGE_CURVE('',#15205,#15205,#15206,.T.);
#13457=EDGE_CURVE('',#15207,#15207,#15208,.T.);
#13458=EDGE_CURVE('',#15209,#15209,#15210,.T.);
#13459=EDGE_CURVE('',#15211,#15211,#15212,.T.);
#13460=EDGE_CURVE('',#15213,#15213,#15214,.T.);
#13461=EDGE_CURVE('',#15215,#15215,#15216,.T.);
#13462=EDGE_CURVE('',#15217,#15217,#15218,.T.);
#13463=EDGE_CURVE('',#15219,#15219,#15220,.T.);
#13464=EDGE_CURVE('',#15221,#15221,#15222,.T.);
#13465=EDGE_CURVE('',#15223,#15223,#15224,.T.);
#13466=EDGE_CURVE('',#15225,#15225,#15226,.T.);
#13467=EDGE_CURVE('',#15227,#15227,#15228,.T.);
#13468=EDGE_CURVE('',#15229,#15229,#15230,.T.);
#13469=EDGE_CURVE('',#15231,#15231,#15232,.T.);
#13470=EDGE_CURVE('',#15233,#15233,#15234,.T.);
#13471=EDGE_CURVE('',#15235,#15235,#15236,.T.);
#13472=EDGE_CURVE('',#15237,#15237,#15238,.T.);
#13473=EDGE_CURVE('',#15239,#15239,#15240,.T.);
#13474=EDGE_CURVE('',#15241,#15241,#15242,.T.);
#13475=EDGE_CURVE('',#15243,#15243,#15244,.T.);
#13476=EDGE_CURVE('',#15245,#15245,#15246,.T.);
#13477=EDGE_CURVE('',#15247,#15247,#15248,.T.);
#13478=EDGE_CURVE('',#15249,#15249,#15250,.T.);
#13479=EDGE_CURVE('',#15251,#15251,#15252,.T.);
#13480=EDGE_CURVE('',#15253,#15253,#15254,.T.);
#13481=EDGE_CURVE('',#15255,#15255,#15256,.T.);
#13482=EDGE_CURVE('',#15257,#15257,#15258,.T.);
#13483=EDGE_CURVE('',#15259,#15259,#15260,.T.);
#13484=EDGE_CURVE('',#15261,#15261,#15262,.T.);
#13485=EDGE_CURVE('',#15263,#15263,#15264,.T.);
#13486=EDGE_CURVE('',#15265,#15265,#15266,.T.);
#13487=EDGE_CURVE('',#15267,#15267,#15268,.T.);
#13488=EDGE_CURVE('',#15269,#15269,#15270,.T.);
#13489=EDGE_CURVE('',#15271,#15271,#15272,.T.);
#13490=EDGE_CURVE('',#15273,#15273,#15274,.T.);
#13491=EDGE_CURVE('',#15275,#15275,#15276,.T.);
#13492=EDGE_CURVE('',#15277,#15277,#15278,.T.);
#13493=EDGE_CURVE('',#15279,#15279,#15280,.T.);
#13494=EDGE_CURVE('',#15281,#15281,#15282,.T.);
#13495=EDGE_CURVE('',#15283,#15283,#15284,.T.);
#13496=EDGE_CURVE('',#15285,#15285,#15286,.T.);
#13497=EDGE_CURVE('',#15287,#15287,#15288,.T.);
#13498=EDGE_CURVE('',#15289,#15289,#15290,.T.);
#13499=EDGE_CURVE('',#15291,#15291,#15292,.T.);
#13500=EDGE_CURVE('',#15293,#15293,#15294,.T.);
#13501=EDGE_CURVE('',#15295,#15295,#15296,.T.);
#13502=EDGE_CURVE('',#15297,#15297,#15298,.T.);
#13503=EDGE_CURVE('',#15299,#15299,#15300,.T.);
#13504=EDGE_CURVE('',#15301,#15301,#15302,.T.);
#13505=EDGE_CURVE('',#15303,#15303,#15304,.T.);
#13506=EDGE_CURVE('',#15305,#15305,#15306,.T.);
#13507=EDGE_CURVE('',#15307,#15307,#15308,.T.);
#13508=EDGE_CURVE('',#15309,#15309,#15310,.T.);
#13509=EDGE_CURVE('',#15311,#15311,#15312,.T.);
#13510=EDGE_CURVE('',#15313,#15313,#15314,.T.);
#13511=EDGE_CURVE('',#15315,#15315,#15316,.T.);
#13512=EDGE_CURVE('',#15317,#15317,#15318,.T.);
#13513=EDGE_CURVE('',#15319,#15319,#15320,.T.);
#13514=EDGE_CURVE('',#15321,#15321,#15322,.T.);
#13515=EDGE_CURVE('',#15323,#15323,#15324,.T.);
#13516=EDGE_CURVE('',#15325,#15325,#15326,.T.);
#13517=EDGE_CURVE('',#15327,#15327,#15328,.T.);
#13518=EDGE_CURVE('',#15329,#15329,#15330,.T.);
#13519=EDGE_CURVE('',#15331,#15331,#15332,.T.);
#13520=EDGE_CURVE('',#15333,#15333,#15334,.T.);
#13521=EDGE_CURVE('',#15335,#15335,#15336,.T.);
#13522=EDGE_CURVE('',#15337,#15337,#15338,.T.);
#13523=EDGE_CURVE('',#15339,#15339,#15340,.T.);
#13524=EDGE_CURVE('',#15341,#15341,#15342,.T.);
#13525=EDGE_CURVE('',#15343,#15343,#15344,.T.);
#13526=EDGE_CURVE('',#15345,#15345,#15346,.T.);
#13527=EDGE_CURVE('',#15347,#15347,#15348,.T.);
#13528=EDGE_CURVE('',#15349,#15349,#15350,.T.);
#13529=EDGE_CURVE('',#15351,#15351,#15352,.T.);
#13530=EDGE_CURVE('',#15353,#15353,#15354,.T.);
#13531=EDGE_CURVE('',#15355,#15355,#15356,.T.);
#13532=EDGE_CURVE('',#15357,#15357,#15358,.T.);
#13533=EDGE_CURVE('',#15359,#15359,#15360,.T.);
#13534=EDGE_CURVE('',#15361,#15361,#15362,.T.);
#13535=EDGE_CURVE('',#15363,#15363,#15364,.T.);
#13536=EDGE_CURVE('',#15365,#15365,#15366,.T.);
#13537=EDGE_CURVE('',#15367,#15367,#15368,.T.);
#13538=EDGE_CURVE('',#15369,#15369,#15370,.T.);
#13539=EDGE_CURVE('',#15371,#15371,#15372,.T.);
#13540=EDGE_CURVE('',#15373,#15373,#15374,.T.);
#13541=EDGE_CURVE('',#15375,#15375,#15376,.T.);
#13542=EDGE_CURVE('',#15377,#15377,#15378,.T.);
#13543=EDGE_CURVE('',#15379,#15379,#15380,.T.);
#13544=EDGE_CURVE('',#15381,#15381,#15382,.T.);
#13545=EDGE_CURVE('',#15383,#15383,#15384,.T.);
#13546=EDGE_CURVE('',#15385,#15385,#15386,.T.);
#13547=EDGE_CURVE('',#15387,#15387,#15388,.T.);
#13548=EDGE_CURVE('',#15389,#15389,#15390,.T.);
#13549=EDGE_CURVE('',#15391,#15391,#15392,.T.);
#13550=EDGE_CURVE('',#15393,#15393,#15394,.T.);
#13551=EDGE_CURVE('',#15395,#15395,#15396,.T.);
#13552=EDGE_CURVE('',#15397,#15397,#15398,.T.);
#13553=EDGE_CURVE('',#15399,#15399,#15400,.T.);
#13554=EDGE_CURVE('',#15401,#15401,#15402,.T.);
#13555=EDGE_CURVE('',#15403,#15403,#15404,.T.);
#13556=EDGE_CURVE('',#15405,#15405,#15406,.T.);
#13557=EDGE_CURVE('',#15407,#15407,#15408,.T.);
#13558=EDGE_CURVE('',#15409,#15409,#15410,.T.);
#13559=EDGE_CURVE('',#15411,#15411,#15412,.T.);
#13560=EDGE_CURVE('',#15413,#15413,#15414,.T.);
#13561=EDGE_CURVE('',#15415,#15415,#15416,.T.);
#13562=EDGE_CURVE('',#15417,#15417,#15418,.T.);
#13563=EDGE_CURVE('',#15419,#15419,#15420,.T.);
#13564=EDGE_CURVE('',#15421,#15421,#15422,.T.);
#13565=EDGE_CURVE('',#15423,#15423,#15424,.T.);
#13566=EDGE_CURVE('',#15425,#15425,#15426,.T.);
#13567=EDGE_CURVE('',#15427,#15427,#15428,.T.);
#13568=EDGE_CURVE('',#15429,#15429,#15430,.T.);
#13569=EDGE_CURVE('',#15431,#15431,#15432,.T.);
#13570=EDGE_CURVE('',#15433,#15433,#15434,.T.);
#13571=EDGE_CURVE('',#15435,#15435,#15436,.T.);
#13572=EDGE_CURVE('',#15437,#15437,#15438,.T.);
#13573=EDGE_CURVE('',#15439,#15439,#15440,.T.);
#13574=EDGE_CURVE('',#15441,#15441,#15442,.T.);
#13575=EDGE_CURVE('',#15443,#15443,#15444,.T.);
#13576=EDGE_CURVE('',#15445,#15445,#15446,.T.);
#13577=EDGE_CURVE('',#15447,#15447,#15448,.T.);
#13578=EDGE_CURVE('',#15449,#15449,#15450,.T.);
#13579=EDGE_CURVE('',#15451,#15451,#15452,.T.);
#13580=EDGE_CURVE('',#15453,#15453,#15454,.T.);
#13581=EDGE_CURVE('',#15455,#15455,#15456,.T.);
#13582=EDGE_CURVE('',#15457,#15457,#15458,.T.);
#13583=VERTEX_POINT('',#15459);
#13584=CIRCLE('',#15460,0.66);
#13585=VERTEX_POINT('',#15464);
#13586=CIRCLE('',#15465,0.66);
#13587=VERTEX_POINT('',#15469);
#13588=CIRCLE('',#15470,0.66);
#13589=VERTEX_POINT('',#15474);
#13590=CIRCLE('',#15475,0.66);
#13591=VERTEX_POINT('',#15479);
#13592=CIRCLE('',#15480,0.66);
#13593=VERTEX_POINT('',#15484);
#13594=CIRCLE('',#15485,0.66);
#13595=VERTEX_POINT('',#15489);
#13596=CIRCLE('',#15490,0.66);
#13597=VERTEX_POINT('',#15494);
#13598=CIRCLE('',#15495,0.66);
#13599=VERTEX_POINT('',#15499);
#13600=CIRCLE('',#15500,0.66);
#13601=VERTEX_POINT('',#15504);
#13602=CIRCLE('',#15505,0.66);
#13603=VERTEX_POINT('',#15509);
#13604=CIRCLE('',#15510,0.66);
#13605=VERTEX_POINT('',#15514);
#13606=CIRCLE('',#15515,0.66);
#13607=VERTEX_POINT('',#15519);
#13608=CIRCLE('',#15520,0.66);
#13609=VERTEX_POINT('',#15524);
#13610=CIRCLE('',#15525,0.66);
#13611=VERTEX_POINT('',#15529);
#13612=CIRCLE('',#15530,0.66);
#13613=VERTEX_POINT('',#15534);
#13614=CIRCLE('',#15535,0.66);
#13615=VERTEX_POINT('',#15539);
#13616=CIRCLE('',#15540,0.66);
#13617=VERTEX_POINT('',#15544);
#13618=CIRCLE('',#15545,0.66);
#13619=VERTEX_POINT('',#15549);
#13620=CIRCLE('',#15550,0.66);
#13621=VERTEX_POINT('',#15554);
#13622=CIRCLE('',#15555,0.66);
#13623=VERTEX_POINT('',#15559);
#13624=CIRCLE('',#15560,0.66);
#13625=VERTEX_POINT('',#15564);
#13626=CIRCLE('',#15565,0.66);
#13627=VERTEX_POINT('',#15569);
#13628=CIRCLE('',#15570,0.66);
#13629=VERTEX_POINT('',#15574);
#13630=CIRCLE('',#15575,0.66);
#13631=VERTEX_POINT('',#15579);
#13632=CIRCLE('',#15580,0.66);
#13633=VERTEX_POINT('',#15584);
#13634=CIRCLE('',#15585,0.66);
#13635=VERTEX_POINT('',#15589);
#13636=CIRCLE('',#15590,0.66);
#13637=VERTEX_POINT('',#15594);
#13638=CIRCLE('',#15595,0.66);
#13639=VERTEX_POINT('',#15599);
#13640=CIRCLE('',#15600,0.66);
#13641=VERTEX_POINT('',#15604);
#13642=CIRCLE('',#15605,0.66);
#13643=VERTEX_POINT('',#15609);
#13644=CIRCLE('',#15610,0.66);
#13645=VERTEX_POINT('',#15614);
#13646=CIRCLE('',#15615,0.66);
#13647=VERTEX_POINT('',#15619);
#13648=CIRCLE('',#15620,0.66);
#13649=VERTEX_POINT('',#15624);
#13650=CIRCLE('',#15625,0.66);
#13651=VERTEX_POINT('',#15629);
#13652=CIRCLE('',#15630,0.66);
#13653=VERTEX_POINT('',#15634);
#13654=CIRCLE('',#15635,0.66);
#13655=VERTEX_POINT('',#15639);
#13656=CIRCLE('',#15640,0.66);
#13657=VERTEX_POINT('',#15644);
#13658=CIRCLE('',#15645,0.66);
#13659=VERTEX_POINT('',#15649);
#13660=CIRCLE('',#15650,0.66);
#13661=VERTEX_POINT('',#15654);
#13662=CIRCLE('',#15655,0.66);
#13663=VERTEX_POINT('',#15659);
#13664=CIRCLE('',#15660,0.66);
#13665=VERTEX_POINT('',#15664);
#13666=CIRCLE('',#15665,0.66);
#13667=VERTEX_POINT('',#15669);
#13668=CIRCLE('',#15670,0.66);
#13669=VERTEX_POINT('',#15674);
#13670=CIRCLE('',#15675,0.66);
#13671=VERTEX_POINT('',#15679);
#13672=CIRCLE('',#15680,0.66);
#13673=VERTEX_POINT('',#15684);
#13674=CIRCLE('',#15685,0.66);
#13675=VERTEX_POINT('',#15689);
#13676=CIRCLE('',#15690,0.66);
#13677=VERTEX_POINT('',#15694);
#13678=CIRCLE('',#15695,0.66);
#13679=VERTEX_POINT('',#15699);
#13680=CIRCLE('',#15700,0.66);
#13681=VERTEX_POINT('',#15704);
#13682=CIRCLE('',#15705,0.66);
#13683=VERTEX_POINT('',#15709);
#13684=CIRCLE('',#15710,0.66);
#13685=VERTEX_POINT('',#15714);
#13686=CIRCLE('',#15715,0.66);
#13687=VERTEX_POINT('',#15719);
#13688=CIRCLE('',#15720,0.66);
#13689=VERTEX_POINT('',#15724);
#13690=CIRCLE('',#15725,0.66);
#13691=VERTEX_POINT('',#15729);
#13692=CIRCLE('',#15730,0.66);
#13693=VERTEX_POINT('',#15734);
#13694=CIRCLE('',#15735,0.66);
#13695=VERTEX_POINT('',#15739);
#13696=VERTEX_POINT('',#15740);
#13697=LINE('',#15741,#15742);
#13698=VERTEX_POINT('',#15744);
#13699=LINE('',#15745,#15746);
#13700=VERTEX_POINT('',#15748);
#13701=LINE('',#15749,#15750);
#13702=VERTEX_POINT('',#15752);
#13703=LINE('',#15753,#15754);
#13704=VERTEX_POINT('',#15756);
#13705=LINE('',#15757,#15758);
#13706=VERTEX_POINT('',#15760);
#13707=LINE('',#15761,#15762);
#13708=VERTEX_POINT('',#15764);
#13709=LINE('',#15765,#15766);
#13710=VERTEX_POINT('',#15768);
#13711=LINE('',#15769,#15770);
#13712=VERTEX_POINT('',#15772);
#13713=LINE('',#15773,#15774);
#13714=VERTEX_POINT('',#15776);
#13715=LINE('',#15777,#15778);
#13716=VERTEX_POINT('',#15780);
#13717=LINE('',#15781,#15782);
#13718=VERTEX_POINT('',#15784);
#13719=LINE('',#15785,#15786);
#13720=VERTEX_POINT('',#15788);
#13721=LINE('',#15789,#15790);
#13722=VERTEX_POINT('',#15792);
#13723=LINE('',#15793,#15794);
#13724=VERTEX_POINT('',#15796);
#13725=LINE('',#15797,#15798);
#13726=VERTEX_POINT('',#15800);
#13727=LINE('',#15801,#15802);
#13728=VERTEX_POINT('',#15804);
#13729=LINE('',#15805,#15806);
#13730=VERTEX_POINT('',#15808);
#13731=LINE('',#15809,#15810);
#13732=VERTEX_POINT('',#15812);
#13733=LINE('',#15813,#15814);
#13734=VERTEX_POINT('',#15816);
#13735=LINE('',#15817,#15818);
#13736=VERTEX_POINT('',#15820);
#13737=LINE('',#15821,#15822);
#13738=VERTEX_POINT('',#15824);
#13739=LINE('',#15825,#15826);
#13740=VERTEX_POINT('',#15828);
#13741=LINE('',#15829,#15830);
#13742=VERTEX_POINT('',#15832);
#13743=LINE('',#15833,#15834);
#13744=VERTEX_POINT('',#15836);
#13745=LINE('',#15837,#15838);
#13746=VERTEX_POINT('',#15840);
#13747=LINE('',#15841,#15842);
#13748=VERTEX_POINT('',#15844);
#13749=LINE('',#15845,#15846);
#13750=VERTEX_POINT('',#15848);
#13751=LINE('',#15849,#15850);
#13752=VERTEX_POINT('',#15852);
#13753=LINE('',#15853,#15854);
#13754=VERTEX_POINT('',#15856);
#13755=LINE('',#15857,#15858);
#13756=VERTEX_POINT('',#15860);
#13757=LINE('',#15861,#15862);
#13758=VERTEX_POINT('',#15864);
#13759=LINE('',#15865,#15866);
#13760=VERTEX_POINT('',#15868);
#13761=LINE('',#15869,#15870);
#13762=VERTEX_POINT('',#15872);
#13763=LINE('',#15873,#15874);
#13764=VERTEX_POINT('',#15876);
#13765=LINE('',#15877,#15878);
#13766=VERTEX_POINT('',#15880);
#13767=LINE('',#15881,#15882);
#13768=VERTEX_POINT('',#15884);
#13769=LINE('',#15885,#15886);
#13770=VERTEX_POINT('',#15888);
#13771=LINE('',#15889,#15890);
#13772=VERTEX_POINT('',#15892);
#13773=LINE('',#15893,#15894);
#13774=VERTEX_POINT('',#15896);
#13775=LINE('',#15897,#15898);
#13776=VERTEX_POINT('',#15900);
#13777=LINE('',#15901,#15902);
#13778=VERTEX_POINT('',#15904);
#13779=LINE('',#15905,#15906);
#13780=VERTEX_POINT('',#15908);
#13781=LINE('',#15909,#15910);
#13782=VERTEX_POINT('',#15912);
#13783=LINE('',#15913,#15914);
#13784=VERTEX_POINT('',#15916);
#13785=LINE('',#15917,#15918);
#13786=VERTEX_POINT('',#15920);
#13787=LINE('',#15921,#15922);
#13788=VERTEX_POINT('',#15924);
#13789=LINE('',#15925,#15926);
#13790=VERTEX_POINT('',#15928);
#13791=LINE('',#15929,#15930);
#13792=VERTEX_POINT('',#15932);
#13793=LINE('',#15933,#15934);
#13794=VERTEX_POINT('',#15936);
#13795=LINE('',#15937,#15938);
#13796=VERTEX_POINT('',#15940);
#13797=LINE('',#15941,#15942);
#13798=VERTEX_POINT('',#15944);
#13799=LINE('',#15945,#15946);
#13800=VERTEX_POINT('',#15948);
#13801=LINE('',#15949,#15950);
#13802=VERTEX_POINT('',#15952);
#13803=LINE('',#15953,#15954);
#13804=VERTEX_POINT('',#15956);
#13805=LINE('',#15957,#15958);
#13806=VERTEX_POINT('',#15960);
#13807=LINE('',#15961,#15962);
#13808=VERTEX_POINT('',#15964);
#13809=LINE('',#15965,#15966);
#13810=VERTEX_POINT('',#15968);
#13811=LINE('',#15969,#15970);
#13812=VERTEX_POINT('',#15972);
#13813=LINE('',#15973,#15974);
#13814=VERTEX_POINT('',#15976);
#13815=LINE('',#15977,#15978);
#13816=VERTEX_POINT('',#15980);
#13817=LINE('',#15981,#15982);
#13818=VERTEX_POINT('',#15984);
#13819=LINE('',#15985,#15986);
#13820=VERTEX_POINT('',#15988);
#13821=LINE('',#15989,#15990);
#13822=VERTEX_POINT('',#15992);
#13823=LINE('',#15993,#15994);
#13824=VERTEX_POINT('',#15996);
#13825=LINE('',#15997,#15998);
#13826=VERTEX_POINT('',#16000);
#13827=LINE('',#16001,#16002);
#13828=VERTEX_POINT('',#16004);
#13829=LINE('',#16005,#16006);
#13830=VERTEX_POINT('',#16008);
#13831=LINE('',#16009,#16010);
#13832=VERTEX_POINT('',#16012);
#13833=LINE('',#16013,#16014);
#13834=VERTEX_POINT('',#16016);
#13835=LINE('',#16017,#16018);
#13836=VERTEX_POINT('',#16020);
#13837=LINE('',#16021,#16022);
#13838=VERTEX_POINT('',#16024);
#13839=LINE('',#16025,#16026);
#13840=VERTEX_POINT('',#16028);
#13841=LINE('',#16029,#16030);
#13842=VERTEX_POINT('',#16032);
#13843=LINE('',#16033,#16034);
#13844=VERTEX_POINT('',#16036);
#13845=LINE('',#16037,#16038);
#13846=VERTEX_POINT('',#16040);
#13847=LINE('',#16041,#16042);
#13848=VERTEX_POINT('',#16044);
#13849=LINE('',#16045,#16046);
#13850=VERTEX_POINT('',#16048);
#13851=LINE('',#16049,#16050);
#13852=VERTEX_POINT('',#16052);
#13853=LINE('',#16053,#16054);
#13854=VERTEX_POINT('',#16056);
#13855=LINE('',#16057,#16058);
#13856=VERTEX_POINT('',#16060);
#13857=LINE('',#16061,#16062);
#13858=VERTEX_POINT('',#16064);
#13859=LINE('',#16065,#16066);
#13860=VERTEX_POINT('',#16068);
#13861=LINE('',#16069,#16070);
#13862=VERTEX_POINT('',#16072);
#13863=LINE('',#16073,#16074);
#13864=VERTEX_POINT('',#16076);
#13865=LINE('',#16077,#16078);
#13866=VERTEX_POINT('',#16080);
#13867=LINE('',#16081,#16082);
#13868=VERTEX_POINT('',#16084);
#13869=LINE('',#16085,#16086);
#13870=VERTEX_POINT('',#16088);
#13871=LINE('',#16089,#16090);
#13872=VERTEX_POINT('',#16092);
#13873=LINE('',#16093,#16094);
#13874=VERTEX_POINT('',#16096);
#13875=LINE('',#16097,#16098);
#13876=VERTEX_POINT('',#16100);
#13877=LINE('',#16101,#16102);
#13878=VERTEX_POINT('',#16104);
#13879=LINE('',#16105,#16106);
#13880=VERTEX_POINT('',#16108);
#13881=LINE('',#16109,#16110);
#13882=VERTEX_POINT('',#16112);
#13883=LINE('',#16113,#16114);
#13884=VERTEX_POINT('',#16116);
#13885=LINE('',#16117,#16118);
#13886=VERTEX_POINT('',#16120);
#13887=LINE('',#16121,#16122);
#13888=VERTEX_POINT('',#16124);
#13889=LINE('',#16125,#16126);
#13890=VERTEX_POINT('',#16128);
#13891=LINE('',#16129,#16130);
#13892=VERTEX_POINT('',#16132);
#13893=LINE('',#16133,#16134);
#13894=VERTEX_POINT('',#16136);
#13895=LINE('',#16137,#16138);
#13896=VERTEX_POINT('',#16140);
#13897=LINE('',#16141,#16142);
#13898=VERTEX_POINT('',#16144);
#13899=LINE('',#16145,#16146);
#13900=VERTEX_POINT('',#16148);
#13901=LINE('',#16149,#16150);
#13902=VERTEX_POINT('',#16152);
#13903=LINE('',#16153,#16154);
#13904=VERTEX_POINT('',#16156);
#13905=LINE('',#16157,#16158);
#13906=VERTEX_POINT('',#16160);
#13907=LINE('',#16161,#16162);
#13908=VERTEX_POINT('',#16164);
#13909=LINE('',#16165,#16166);
#13910=VERTEX_POINT('',#16168);
#13911=LINE('',#16169,#16170);
#13912=VERTEX_POINT('',#16172);
#13913=LINE('',#16173,#16174);
#13914=VERTEX_POINT('',#16176);
#13915=LINE('',#16177,#16178);
#13916=VERTEX_POINT('',#16180);
#13917=LINE('',#16181,#16182);
#13918=VERTEX_POINT('',#16184);
#13919=LINE('',#16185,#16186);
#13920=VERTEX_POINT('',#16188);
#13921=LINE('',#16189,#16190);
#13922=VERTEX_POINT('',#16192);
#13923=LINE('',#16193,#16194);
#13924=VERTEX_POINT('',#16196);
#13925=LINE('',#16197,#16198);
#13926=VERTEX_POINT('',#16200);
#13927=LINE('',#16201,#16202);
#13928=VERTEX_POINT('',#16204);
#13929=LINE('',#16205,#16206);
#13930=VERTEX_POINT('',#16208);
#13931=LINE('',#16209,#16210);
#13932=VERTEX_POINT('',#16212);
#13933=LINE('',#16213,#16214);
#13934=VERTEX_POINT('',#16216);
#13935=LINE('',#16217,#16218);
#13936=VERTEX_POINT('',#16220);
#13937=LINE('',#16221,#16222);
#13938=VERTEX_POINT('',#16224);
#13939=LINE('',#16225,#16226);
#13940=VERTEX_POINT('',#16228);
#13941=LINE('',#16229,#16230);
#13942=VERTEX_POINT('',#16232);
#13943=LINE('',#16233,#16234);
#13944=VERTEX_POINT('',#16236);
#13945=LINE('',#16237,#16238);
#13946=VERTEX_POINT('',#16240);
#13947=LINE('',#16241,#16242);
#13948=VERTEX_POINT('',#16244);
#13949=LINE('',#16245,#16246);
#13950=VERTEX_POINT('',#16248);
#13951=LINE('',#16249,#16250);
#13952=VERTEX_POINT('',#16252);
#13953=LINE('',#16253,#16254);
#13954=VERTEX_POINT('',#16256);
#13955=LINE('',#16257,#16258);
#13956=VERTEX_POINT('',#16260);
#13957=LINE('',#16261,#16262);
#13958=VERTEX_POINT('',#16264);
#13959=LINE('',#16265,#16266);
#13960=VERTEX_POINT('',#16268);
#13961=LINE('',#16269,#16270);
#13962=VERTEX_POINT('',#16272);
#13963=LINE('',#16273,#16274);
#13964=VERTEX_POINT('',#16276);
#13965=LINE('',#16277,#16278);
#13966=VERTEX_POINT('',#16280);
#13967=LINE('',#16281,#16282);
#13968=VERTEX_POINT('',#16284);
#13969=LINE('',#16285,#16286);
#13970=VERTEX_POINT('',#16288);
#13971=LINE('',#16289,#16290);
#13972=VERTEX_POINT('',#16292);
#13973=LINE('',#16293,#16294);
#13974=VERTEX_POINT('',#16296);
#13975=LINE('',#16297,#16298);
#13976=VERTEX_POINT('',#16300);
#13977=LINE('',#16301,#16302);
#13978=VERTEX_POINT('',#16304);
#13979=LINE('',#16305,#16306);
#13980=VERTEX_POINT('',#16308);
#13981=LINE('',#16309,#16310);
#13982=VERTEX_POINT('',#16312);
#13983=LINE('',#16313,#16314);
#13984=VERTEX_POINT('',#16316);
#13985=LINE('',#16317,#16318);
#13986=VERTEX_POINT('',#16320);
#13987=LINE('',#16321,#16322);
#13988=VERTEX_POINT('',#16324);
#13989=LINE('',#16325,#16326);
#13990=VERTEX_POINT('',#16328);
#13991=LINE('',#16329,#16330);
#13992=VERTEX_POINT('',#16332);
#13993=LINE('',#16333,#16334);
#13994=VERTEX_POINT('',#16336);
#13995=LINE('',#16337,#16338);
#13996=VERTEX_POINT('',#16340);
#13997=LINE('',#16341,#16342);
#13998=VERTEX_POINT('',#16344);
#13999=LINE('',#16345,#16346);
#14000=VERTEX_POINT('',#16348);
#14001=LINE('',#16349,#16350);
#14002=VERTEX_POINT('',#16352);
#14003=LINE('',#16353,#16354);
#14004=VERTEX_POINT('',#16356);
#14005=LINE('',#16357,#16358);
#14006=VERTEX_POINT('',#16360);
#14007=LINE('',#16361,#16362);
#14008=VERTEX_POINT('',#16364);
#14009=LINE('',#16365,#16366);
#14010=VERTEX_POINT('',#16368);
#14011=LINE('',#16369,#16370);
#14012=VERTEX_POINT('',#16372);
#14013=LINE('',#16373,#16374);
#14014=VERTEX_POINT('',#16376);
#14015=LINE('',#16377,#16378);
#14016=VERTEX_POINT('',#16380);
#14017=LINE('',#16381,#16382);
#14018=VERTEX_POINT('',#16384);
#14019=LINE('',#16385,#16386);
#14020=VERTEX_POINT('',#16388);
#14021=LINE('',#16389,#16390);
#14022=VERTEX_POINT('',#16392);
#14023=LINE('',#16393,#16394);
#14024=VERTEX_POINT('',#16396);
#14025=LINE('',#16397,#16398);
#14026=VERTEX_POINT('',#16400);
#14027=LINE('',#16401,#16402);
#14028=VERTEX_POINT('',#16404);
#14029=LINE('',#16405,#16406);
#14030=VERTEX_POINT('',#16408);
#14031=LINE('',#16409,#16410);
#14032=VERTEX_POINT('',#16412);
#14033=LINE('',#16413,#16414);
#14034=VERTEX_POINT('',#16416);
#14035=LINE('',#16417,#16418);
#14036=VERTEX_POINT('',#16420);
#14037=LINE('',#16421,#16422);
#14038=VERTEX_POINT('',#16424);
#14039=LINE('',#16425,#16426);
#14040=VERTEX_POINT('',#16428);
#14041=LINE('',#16429,#16430);
#14042=VERTEX_POINT('',#16432);
#14043=LINE('',#16433,#16434);
#14044=VERTEX_POINT('',#16436);
#14045=LINE('',#16437,#16438);
#14046=VERTEX_POINT('',#16440);
#14047=LINE('',#16441,#16442);
#14048=VERTEX_POINT('',#16444);
#14049=LINE('',#16445,#16446);
#14050=VERTEX_POINT('',#16448);
#14051=LINE('',#16449,#16450);
#14052=VERTEX_POINT('',#16452);
#14053=LINE('',#16453,#16454);
#14054=VERTEX_POINT('',#16456);
#14055=LINE('',#16457,#16458);
#14056=VERTEX_POINT('',#16460);
#14057=LINE('',#16461,#16462);
#14058=VERTEX_POINT('',#16464);
#14059=LINE('',#16465,#16466);
#14060=VERTEX_POINT('',#16468);
#14061=LINE('',#16469,#16470);
#14062=VERTEX_POINT('',#16472);
#14063=LINE('',#16473,#16474);
#14064=VERTEX_POINT('',#16476);
#14065=LINE('',#16477,#16478);
#14066=VERTEX_POINT('',#16480);
#14067=LINE('',#16481,#16482);
#14068=VERTEX_POINT('',#16484);
#14069=LINE('',#16485,#16486);
#14070=VERTEX_POINT('',#16488);
#14071=LINE('',#16489,#16490);
#14072=VERTEX_POINT('',#16492);
#14073=LINE('',#16493,#16494);
#14074=VERTEX_POINT('',#16496);
#14075=LINE('',#16497,#16498);
#14076=VERTEX_POINT('',#16500);
#14077=LINE('',#16501,#16502);
#14078=VERTEX_POINT('',#16504);
#14079=LINE('',#16505,#16506);
#14080=VERTEX_POINT('',#16508);
#14081=LINE('',#16509,#16510);
#14082=VERTEX_POINT('',#16512);
#14083=LINE('',#16513,#16514);
#14084=VERTEX_POINT('',#16516);
#14085=LINE('',#16517,#16518);
#14086=VERTEX_POINT('',#16520);
#14087=LINE('',#16521,#16522);
#14088=VERTEX_POINT('',#16524);
#14089=LINE('',#16525,#16526);
#14090=VERTEX_POINT('',#16528);
#14091=LINE('',#16529,#16530);
#14092=VERTEX_POINT('',#16532);
#14093=LINE('',#16533,#16534);
#14094=VERTEX_POINT('',#16536);
#14095=LINE('',#16537,#16538);
#14096=VERTEX_POINT('',#16540);
#14097=LINE('',#16541,#16542);
#14098=VERTEX_POINT('',#16544);
#14099=LINE('',#16545,#16546);
#14100=VERTEX_POINT('',#16548);
#14101=LINE('',#16549,#16550);
#14102=VERTEX_POINT('',#16552);
#14103=LINE('',#16553,#16554);
#14104=VERTEX_POINT('',#16556);
#14105=LINE('',#16557,#16558);
#14106=VERTEX_POINT('',#16560);
#14107=LINE('',#16561,#16562);
#14108=VERTEX_POINT('',#16564);
#14109=LINE('',#16565,#16566);
#14110=VERTEX_POINT('',#16568);
#14111=LINE('',#16569,#16570);
#14112=VERTEX_POINT('',#16572);
#14113=LINE('',#16573,#16574);
#14114=VERTEX_POINT('',#16576);
#14115=LINE('',#16577,#16578);
#14116=VERTEX_POINT('',#16580);
#14117=LINE('',#16581,#16582);
#14118=VERTEX_POINT('',#16584);
#14119=LINE('',#16585,#16586);
#14120=VERTEX_POINT('',#16588);
#14121=LINE('',#16589,#16590);
#14122=VERTEX_POINT('',#16592);
#14123=LINE('',#16593,#16594);
#14124=VERTEX_POINT('',#16596);
#14125=LINE('',#16597,#16598);
#14126=VERTEX_POINT('',#16600);
#14127=LINE('',#16601,#16602);
#14128=VERTEX_POINT('',#16604);
#14129=LINE('',#16605,#16606);
#14130=VERTEX_POINT('',#16608);
#14131=LINE('',#16609,#16610);
#14132=VERTEX_POINT('',#16612);
#14133=LINE('',#16613,#16614);
#14134=VERTEX_POINT('',#16616);
#14135=LINE('',#16617,#16618);
#14136=VERTEX_POINT('',#16620);
#14137=LINE('',#16621,#16622);
#14138=VERTEX_POINT('',#16624);
#14139=LINE('',#16625,#16626);
#14140=VERTEX_POINT('',#16628);
#14141=LINE('',#16629,#16630);
#14142=VERTEX_POINT('',#16632);
#14143=LINE('',#16633,#16634);
#14144=VERTEX_POINT('',#16636);
#14145=LINE('',#16637,#16638);
#14146=VERTEX_POINT('',#16640);
#14147=LINE('',#16641,#16642);
#14148=VERTEX_POINT('',#16644);
#14149=LINE('',#16645,#16646);
#14150=VERTEX_POINT('',#16648);
#14151=LINE('',#16649,#16650);
#14152=VERTEX_POINT('',#16652);
#14153=LINE('',#16653,#16654);
#14154=VERTEX_POINT('',#16656);
#14155=LINE('',#16657,#16658);
#14156=VERTEX_POINT('',#16660);
#14157=LINE('',#16661,#16662);
#14158=VERTEX_POINT('',#16664);
#14159=LINE('',#16665,#16666);
#14160=VERTEX_POINT('',#16668);
#14161=LINE('',#16669,#16670);
#14162=VERTEX_POINT('',#16672);
#14163=LINE('',#16673,#16674);
#14164=VERTEX_POINT('',#16676);
#14165=LINE('',#16677,#16678);
#14166=LINE('',#16680,#16681);
#14167=VERTEX_POINT('',#16683);
#14168=CIRCLE('',#16684,0.9);
#14169=VERTEX_POINT('',#16688);
#14170=CIRCLE('',#16689,0.9);
#14171=VERTEX_POINT('',#16693);
#14172=CIRCLE('',#16694,0.9);
#14173=VERTEX_POINT('',#16698);
#14174=CIRCLE('',#16699,0.9);
#14175=VERTEX_POINT('',#16703);
#14176=CIRCLE('',#16704,0.9);
#14177=VERTEX_POINT('',#16708);
#14178=CIRCLE('',#16709,0.9);
#14179=VERTEX_POINT('',#16713);
#14180=CIRCLE('',#16714,0.9);
#14181=VERTEX_POINT('',#16718);
#14182=CIRCLE('',#16719,0.9);
#14183=VERTEX_POINT('',#16723);
#14184=CIRCLE('',#16724,0.9);
#14185=VERTEX_POINT('',#16728);
#14186=CIRCLE('',#16729,0.9);
#14187=VERTEX_POINT('',#16733);
#14188=CIRCLE('',#16734,0.9);
#14189=VERTEX_POINT('',#16738);
#14190=CIRCLE('',#16739,0.9);
#14191=VERTEX_POINT('',#16743);
#14192=CIRCLE('',#16744,0.9);
#14193=VERTEX_POINT('',#16748);
#14194=CIRCLE('',#16749,0.9);
#14195=VERTEX_POINT('',#16753);
#14196=CIRCLE('',#16754,0.9);
#14197=VERTEX_POINT('',#16758);
#14198=CIRCLE('',#16759,0.9);
#14199=VERTEX_POINT('',#16763);
#14200=CIRCLE('',#16764,0.9);
#14201=VERTEX_POINT('',#16768);
#14202=CIRCLE('',#16769,0.9);
#14203=VERTEX_POINT('',#16773);
#14204=CIRCLE('',#16774,0.9);
#14205=VERTEX_POINT('',#16778);
#14206=CIRCLE('',#16779,0.9);
#14207=VERTEX_POINT('',#16783);
#14208=CIRCLE('',#16784,0.9);
#14209=VERTEX_POINT('',#16788);
#14210=CIRCLE('',#16789,0.9);
#14211=VERTEX_POINT('',#16793);
#14212=CIRCLE('',#16794,0.9);
#14213=VERTEX_POINT('',#16798);
#14214=CIRCLE('',#16799,0.9);
#14215=VERTEX_POINT('',#16803);
#14216=CIRCLE('',#16804,0.9);
#14217=VERTEX_POINT('',#16808);
#14218=CIRCLE('',#16809,0.9);
#14219=VERTEX_POINT('',#16813);
#14220=CIRCLE('',#16814,0.9);
#14221=VERTEX_POINT('',#16818);
#14222=CIRCLE('',#16819,0.9);
#14223=VERTEX_POINT('',#16823);
#14224=CIRCLE('',#16824,0.9);
#14225=VERTEX_POINT('',#16828);
#14226=CIRCLE('',#16829,0.9);
#14227=VERTEX_POINT('',#16833);
#14228=CIRCLE('',#16834,0.9);
#14229=VERTEX_POINT('',#16838);
#14230=CIRCLE('',#16839,0.9);
#14231=VERTEX_POINT('',#16843);
#14232=CIRCLE('',#16844,0.9);
#14233=VERTEX_POINT('',#16848);
#14234=CIRCLE('',#16849,0.9);
#14235=VERTEX_POINT('',#16853);
#14236=CIRCLE('',#16854,0.9);
#14237=VERTEX_POINT('',#16858);
#14238=CIRCLE('',#16859,0.9);
#14239=VERTEX_POINT('',#16863);
#14240=CIRCLE('',#16864,0.9);
#14241=VERTEX_POINT('',#16868);
#14242=CIRCLE('',#16869,0.9);
#14243=VERTEX_POINT('',#16873);
#14244=CIRCLE('',#16874,0.9);
#14245=VERTEX_POINT('',#16878);
#14246=CIRCLE('',#16879,0.9);
#14247=VERTEX_POINT('',#16883);
#14248=CIRCLE('',#16884,0.9);
#14249=VERTEX_POINT('',#16888);
#14250=CIRCLE('',#16889,0.9);
#14251=VERTEX_POINT('',#16893);
#14252=CIRCLE('',#16894,0.9);
#14253=VERTEX_POINT('',#16898);
#14254=CIRCLE('',#16899,0.9);
#14255=VERTEX_POINT('',#16903);
#14256=CIRCLE('',#16904,0.9);
#14257=VERTEX_POINT('',#16908);
#14258=CIRCLE('',#16909,0.9);
#14259=VERTEX_POINT('',#16913);
#14260=CIRCLE('',#16914,0.9);
#14261=VERTEX_POINT('',#16918);
#14262=CIRCLE('',#16919,0.9);
#14263=VERTEX_POINT('',#16923);
#14264=CIRCLE('',#16924,0.9);
#14265=VERTEX_POINT('',#16928);
#14266=CIRCLE('',#16929,0.9);
#14267=VERTEX_POINT('',#16933);
#14268=CIRCLE('',#16934,0.9);
#14269=VERTEX_POINT('',#16938);
#14270=CIRCLE('',#16939,0.9);
#14271=VERTEX_POINT('',#16943);
#14272=CIRCLE('',#16944,0.9);
#14273=VERTEX_POINT('',#16948);
#14274=CIRCLE('',#16949,0.9);
#14275=VERTEX_POINT('',#16953);
#14276=CIRCLE('',#16954,0.9);
#14277=VERTEX_POINT('',#16958);
#14278=CIRCLE('',#16959,0.9);
#14279=VERTEX_POINT('',#16963);
#14280=CIRCLE('',#16964,0.9);
#14281=VERTEX_POINT('',#16968);
#14282=VERTEX_POINT('',#16969);
#14283=LINE('',#16970,#16971);
#14284=VERTEX_POINT('',#16973);
#14285=LINE('',#16974,#16975);
#14286=VERTEX_POINT('',#16977);
#14287=LINE('',#16978,#16979);
#14288=VERTEX_POINT('',#16981);
#14289=LINE('',#16982,#16983);
#14290=VERTEX_POINT('',#16985);
#14291=LINE('',#16986,#16987);
#14292=VERTEX_POINT('',#16989);
#14293=LINE('',#16990,#16991);
#14294=VERTEX_POINT('',#16993);
#14295=LINE('',#16994,#16995);
#14296=VERTEX_POINT('',#16997);
#14297=LINE('',#16998,#16999);
#14298=VERTEX_POINT('',#17001);
#14299=LINE('',#17002,#17003);
#14300=VERTEX_POINT('',#17005);
#14301=LINE('',#17006,#17007);
#14302=VERTEX_POINT('',#17009);
#14303=LINE('',#17010,#17011);
#14304=VERTEX_POINT('',#17013);
#14305=LINE('',#17014,#17015);
#14306=VERTEX_POINT('',#17017);
#14307=LINE('',#17018,#17019);
#14308=VERTEX_POINT('',#17021);
#14309=LINE('',#17022,#17023);
#14310=VERTEX_POINT('',#17025);
#14311=LINE('',#17026,#17027);
#14312=VERTEX_POINT('',#17029);
#14313=LINE('',#17030,#17031);
#14314=VERTEX_POINT('',#17033);
#14315=LINE('',#17034,#17035);
#14316=VERTEX_POINT('',#17037);
#14317=LINE('',#17038,#17039);
#14318=VERTEX_POINT('',#17041);
#14319=LINE('',#17042,#17043);
#14320=VERTEX_POINT('',#17045);
#14321=LINE('',#17046,#17047);
#14322=VERTEX_POINT('',#17049);
#14323=LINE('',#17050,#17051);
#14324=VERTEX_POINT('',#17053);
#14325=LINE('',#17054,#17055);
#14326=VERTEX_POINT('',#17057);
#14327=LINE('',#17058,#17059);
#14328=VERTEX_POINT('',#17061);
#14329=LINE('',#17062,#17063);
#14330=VERTEX_POINT('',#17065);
#14331=LINE('',#17066,#17067);
#14332=VERTEX_POINT('',#17069);
#14333=LINE('',#17070,#17071);
#14334=VERTEX_POINT('',#17073);
#14335=LINE('',#17074,#17075);
#14336=VERTEX_POINT('',#17077);
#14337=LINE('',#17078,#17079);
#14338=VERTEX_POINT('',#17081);
#14339=LINE('',#17082,#17083);
#14340=VERTEX_POINT('',#17085);
#14341=LINE('',#17086,#17087);
#14342=VERTEX_POINT('',#17089);
#14343=LINE('',#17090,#17091);
#14344=VERTEX_POINT('',#17093);
#14345=LINE('',#17094,#17095);
#14346=VERTEX_POINT('',#17097);
#14347=LINE('',#17098,#17099);
#14348=VERTEX_POINT('',#17101);
#14349=LINE('',#17102,#17103);
#14350=VERTEX_POINT('',#17105);
#14351=LINE('',#17106,#17107);
#14352=VERTEX_POINT('',#17109);
#14353=LINE('',#17110,#17111);
#14354=VERTEX_POINT('',#17113);
#14355=LINE('',#17114,#17115);
#14356=VERTEX_POINT('',#17117);
#14357=LINE('',#17118,#17119);
#14358=VERTEX_POINT('',#17121);
#14359=LINE('',#17122,#17123);
#14360=VERTEX_POINT('',#17125);
#14361=LINE('',#17126,#17127);
#14362=VERTEX_POINT('',#17129);
#14363=LINE('',#17130,#17131);
#14364=VERTEX_POINT('',#17133);
#14365=LINE('',#17134,#17135);
#14366=VERTEX_POINT('',#17137);
#14367=LINE('',#17138,#17139);
#14368=VERTEX_POINT('',#17141);
#14369=LINE('',#17142,#17143);
#14370=VERTEX_POINT('',#17145);
#14371=LINE('',#17146,#17147);
#14372=VERTEX_POINT('',#17149);
#14373=LINE('',#17150,#17151);
#14374=VERTEX_POINT('',#17153);
#14375=LINE('',#17154,#17155);
#14376=VERTEX_POINT('',#17157);
#14377=LINE('',#17158,#17159);
#14378=VERTEX_POINT('',#17161);
#14379=LINE('',#17162,#17163);
#14380=VERTEX_POINT('',#17165);
#14381=LINE('',#17166,#17167);
#14382=VERTEX_POINT('',#17169);
#14383=LINE('',#17170,#17171);
#14384=VERTEX_POINT('',#17173);
#14385=LINE('',#17174,#17175);
#14386=VERTEX_POINT('',#17177);
#14387=LINE('',#17178,#17179);
#14388=VERTEX_POINT('',#17181);
#14389=LINE('',#17182,#17183);
#14390=VERTEX_POINT('',#17185);
#14391=LINE('',#17186,#17187);
#14392=VERTEX_POINT('',#17189);
#14393=LINE('',#17190,#17191);
#14394=VERTEX_POINT('',#17193);
#14395=LINE('',#17194,#17195);
#14396=VERTEX_POINT('',#17197);
#14397=LINE('',#17198,#17199);
#14398=VERTEX_POINT('',#17201);
#14399=LINE('',#17202,#17203);
#14400=VERTEX_POINT('',#17205);
#14401=LINE('',#17206,#17207);
#14402=VERTEX_POINT('',#17209);
#14403=LINE('',#17210,#17211);
#14404=VERTEX_POINT('',#17213);
#14405=LINE('',#17214,#17215);
#14406=VERTEX_POINT('',#17217);
#14407=LINE('',#17218,#17219);
#14408=VERTEX_POINT('',#17221);
#14409=LINE('',#17222,#17223);
#14410=VERTEX_POINT('',#17225);
#14411=LINE('',#17226,#17227);
#14412=VERTEX_POINT('',#17229);
#14413=LINE('',#17230,#17231);
#14414=VERTEX_POINT('',#17233);
#14415=LINE('',#17234,#17235);
#14416=VERTEX_POINT('',#17237);
#14417=LINE('',#17238,#17239);
#14418=VERTEX_POINT('',#17241);
#14419=LINE('',#17242,#17243);
#14420=VERTEX_POINT('',#17245);
#14421=LINE('',#17246,#17247);
#14422=VERTEX_POINT('',#17249);
#14423=LINE('',#17250,#17251);
#14424=VERTEX_POINT('',#17253);
#14425=LINE('',#17254,#17255);
#14426=VERTEX_POINT('',#17257);
#14427=LINE('',#17258,#17259);
#14428=VERTEX_POINT('',#17261);
#14429=LINE('',#17262,#17263);
#14430=VERTEX_POINT('',#17265);
#14431=LINE('',#17266,#17267);
#14432=VERTEX_POINT('',#17269);
#14433=LINE('',#17270,#17271);
#14434=VERTEX_POINT('',#17273);
#14435=LINE('',#17274,#17275);
#14436=VERTEX_POINT('',#17277);
#14437=LINE('',#17278,#17279);
#14438=VERTEX_POINT('',#17281);
#14439=LINE('',#17282,#17283);
#14440=VERTEX_POINT('',#17285);
#14441=LINE('',#17286,#17287);
#14442=VERTEX_POINT('',#17289);
#14443=LINE('',#17290,#17291);
#14444=VERTEX_POINT('',#17293);
#14445=LINE('',#17294,#17295);
#14446=VERTEX_POINT('',#17297);
#14447=LINE('',#17298,#17299);
#14448=VERTEX_POINT('',#17301);
#14449=LINE('',#17302,#17303);
#14450=VERTEX_POINT('',#17305);
#14451=LINE('',#17306,#17307);
#14452=VERTEX_POINT('',#17309);
#14453=LINE('',#17310,#17311);
#14454=VERTEX_POINT('',#17313);
#14455=LINE('',#17314,#17315);
#14456=VERTEX_POINT('',#17317);
#14457=LINE('',#17318,#17319);
#14458=VERTEX_POINT('',#17321);
#14459=LINE('',#17322,#17323);
#14460=VERTEX_POINT('',#17325);
#14461=LINE('',#17326,#17327);
#14462=VERTEX_POINT('',#17329);
#14463=LINE('',#17330,#17331);
#14464=VERTEX_POINT('',#17333);
#14465=LINE('',#17334,#17335);
#14466=VERTEX_POINT('',#17337);
#14467=LINE('',#17338,#17339);
#14468=VERTEX_POINT('',#17341);
#14469=LINE('',#17342,#17343);
#14470=VERTEX_POINT('',#17345);
#14471=LINE('',#17346,#17347);
#14472=VERTEX_POINT('',#17349);
#14473=LINE('',#17350,#17351);
#14474=VERTEX_POINT('',#17353);
#14475=LINE('',#17354,#17355);
#14476=VERTEX_POINT('',#17357);
#14477=LINE('',#17358,#17359);
#14478=VERTEX_POINT('',#17361);
#14479=LINE('',#17362,#17363);
#14480=VERTEX_POINT('',#17365);
#14481=LINE('',#17366,#17367);
#14482=VERTEX_POINT('',#17369);
#14483=LINE('',#17370,#17371);
#14484=VERTEX_POINT('',#17373);
#14485=LINE('',#17374,#17375);
#14486=VERTEX_POINT('',#17377);
#14487=LINE('',#17378,#17379);
#14488=VERTEX_POINT('',#17381);
#14489=LINE('',#17382,#17383);
#14490=VERTEX_POINT('',#17385);
#14491=LINE('',#17386,#17387);
#14492=VERTEX_POINT('',#17389);
#14493=LINE('',#17390,#17391);
#14494=VERTEX_POINT('',#17393);
#14495=LINE('',#17394,#17395);
#14496=VERTEX_POINT('',#17397);
#14497=LINE('',#17398,#17399);
#14498=VERTEX_POINT('',#17401);
#14499=LINE('',#17402,#17403);
#14500=VERTEX_POINT('',#17405);
#14501=LINE('',#17406,#17407);
#14502=VERTEX_POINT('',#17409);
#14503=LINE('',#17410,#17411);
#14504=VERTEX_POINT('',#17413);
#14505=LINE('',#17414,#17415);
#14506=VERTEX_POINT('',#17417);
#14507=LINE('',#17418,#17419);
#14508=VERTEX_POINT('',#17421);
#14509=LINE('',#17422,#17423);
#14510=VERTEX_POINT('',#17425);
#14511=LINE('',#17426,#17427);
#14512=VERTEX_POINT('',#17429);
#14513=LINE('',#17430,#17431);
#14514=VERTEX_POINT('',#17433);
#14515=LINE('',#17434,#17435);
#14516=VERTEX_POINT('',#17437);
#14517=LINE('',#17438,#17439);
#14518=VERTEX_POINT('',#17441);
#14519=LINE('',#17442,#17443);
#14520=VERTEX_POINT('',#17445);
#14521=LINE('',#17446,#17447);
#14522=VERTEX_POINT('',#17449);
#14523=LINE('',#17450,#17451);
#14524=VERTEX_POINT('',#17453);
#14525=LINE('',#17454,#17455);
#14526=VERTEX_POINT('',#17457);
#14527=LINE('',#17458,#17459);
#14528=VERTEX_POINT('',#17461);
#14529=LINE('',#17462,#17463);
#14530=VERTEX_POINT('',#17465);
#14531=LINE('',#17466,#17467);
#14532=VERTEX_POINT('',#17469);
#14533=LINE('',#17470,#17471);
#14534=VERTEX_POINT('',#17473);
#14535=LINE('',#17474,#17475);
#14536=VERTEX_POINT('',#17477);
#14537=LINE('',#17478,#17479);
#14538=VERTEX_POINT('',#17481);
#14539=LINE('',#17482,#17483);
#14540=VERTEX_POINT('',#17485);
#14541=LINE('',#17486,#17487);
#14542=VERTEX_POINT('',#17489);
#14543=LINE('',#17490,#17491);
#14544=VERTEX_POINT('',#17493);
#14545=LINE('',#17494,#17495);
#14546=VERTEX_POINT('',#17497);
#14547=LINE('',#17498,#17499);
#14548=VERTEX_POINT('',#17501);
#14549=LINE('',#17502,#17503);
#14550=VERTEX_POINT('',#17505);
#14551=LINE('',#17506,#17507);
#14552=VERTEX_POINT('',#17509);
#14553=LINE('',#17510,#17511);
#14554=VERTEX_POINT('',#17513);
#14555=LINE('',#17514,#17515);
#14556=VERTEX_POINT('',#17517);
#14557=LINE('',#17518,#17519);
#14558=VERTEX_POINT('',#17521);
#14559=LINE('',#17522,#17523);
#14560=VERTEX_POINT('',#17525);
#14561=LINE('',#17526,#17527);
#14562=VERTEX_POINT('',#17529);
#14563=LINE('',#17530,#17531);
#14564=VERTEX_POINT('',#17533);
#14565=LINE('',#17534,#17535);
#14566=VERTEX_POINT('',#17537);
#14567=LINE('',#17538,#17539);
#14568=VERTEX_POINT('',#17541);
#14569=LINE('',#17542,#17543);
#14570=VERTEX_POINT('',#17545);
#14571=LINE('',#17546,#17547);
#14572=VERTEX_POINT('',#17549);
#14573=LINE('',#17550,#17551);
#14574=VERTEX_POINT('',#17553);
#14575=LINE('',#17554,#17555);
#14576=VERTEX_POINT('',#17557);
#14577=LINE('',#17558,#17559);
#14578=VERTEX_POINT('',#17561);
#14579=LINE('',#17562,#17563);
#14580=VERTEX_POINT('',#17565);
#14581=LINE('',#17566,#17567);
#14582=VERTEX_POINT('',#17569);
#14583=LINE('',#17570,#17571);
#14584=VERTEX_POINT('',#17573);
#14585=LINE('',#17574,#17575);
#14586=VERTEX_POINT('',#17577);
#14587=LINE('',#17578,#17579);
#14588=VERTEX_POINT('',#17581);
#14589=LINE('',#17582,#17583);
#14590=VERTEX_POINT('',#17585);
#14591=LINE('',#17586,#17587);
#14592=VERTEX_POINT('',#17589);
#14593=LINE('',#17590,#17591);
#14594=VERTEX_POINT('',#17593);
#14595=LINE('',#17594,#17595);
#14596=VERTEX_POINT('',#17597);
#14597=LINE('',#17598,#17599);
#14598=VERTEX_POINT('',#17601);
#14599=LINE('',#17602,#17603);
#14600=VERTEX_POINT('',#17605);
#14601=LINE('',#17606,#17607);
#14602=VERTEX_POINT('',#17609);
#14603=LINE('',#17610,#17611);
#14604=VERTEX_POINT('',#17613);
#14605=LINE('',#17614,#17615);
#14606=VERTEX_POINT('',#17617);
#14607=LINE('',#17618,#17619);
#14608=VERTEX_POINT('',#17621);
#14609=LINE('',#17622,#17623);
#14610=VERTEX_POINT('',#17625);
#14611=LINE('',#17626,#17627);
#14612=VERTEX_POINT('',#17629);
#14613=LINE('',#17630,#17631);
#14614=VERTEX_POINT('',#17633);
#14615=LINE('',#17634,#17635);
#14616=VERTEX_POINT('',#17637);
#14617=LINE('',#17638,#17639);
#14618=VERTEX_POINT('',#17641);
#14619=LINE('',#17642,#17643);
#14620=VERTEX_POINT('',#17645);
#14621=LINE('',#17646,#17647);
#14622=VERTEX_POINT('',#17649);
#14623=LINE('',#17650,#17651);
#14624=VERTEX_POINT('',#17653);
#14625=LINE('',#17654,#17655);
#14626=VERTEX_POINT('',#17657);
#14627=LINE('',#17658,#17659);
#14628=VERTEX_POINT('',#17661);
#14629=LINE('',#17662,#17663);
#14630=VERTEX_POINT('',#17665);
#14631=LINE('',#17666,#17667);
#14632=VERTEX_POINT('',#17669);
#14633=LINE('',#17670,#17671);
#14634=VERTEX_POINT('',#17673);
#14635=LINE('',#17674,#17675);
#14636=VERTEX_POINT('',#17677);
#14637=LINE('',#17678,#17679);
#14638=VERTEX_POINT('',#17681);
#14639=LINE('',#17682,#17683);
#14640=VERTEX_POINT('',#17685);
#14641=LINE('',#17686,#17687);
#14642=VERTEX_POINT('',#17689);
#14643=LINE('',#17690,#17691);
#14644=VERTEX_POINT('',#17693);
#14645=LINE('',#17694,#17695);
#14646=VERTEX_POINT('',#17697);
#14647=LINE('',#17698,#17699);
#14648=VERTEX_POINT('',#17701);
#14649=LINE('',#17702,#17703);
#14650=VERTEX_POINT('',#17705);
#14651=LINE('',#17706,#17707);
#14652=VERTEX_POINT('',#17709);
#14653=LINE('',#17710,#17711);
#14654=VERTEX_POINT('',#17713);
#14655=LINE('',#17714,#17715);
#14656=VERTEX_POINT('',#17717);
#14657=LINE('',#17718,#17719);
#14658=VERTEX_POINT('',#17721);
#14659=LINE('',#17722,#17723);
#14660=VERTEX_POINT('',#17725);
#14661=LINE('',#17726,#17727);
#14662=VERTEX_POINT('',#17729);
#14663=LINE('',#17730,#17731);
#14664=VERTEX_POINT('',#17733);
#14665=LINE('',#17734,#17735);
#14666=VERTEX_POINT('',#17737);
#14667=LINE('',#17738,#17739);
#14668=VERTEX_POINT('',#17741);
#14669=LINE('',#17742,#17743);
#14670=VERTEX_POINT('',#17745);
#14671=LINE('',#17746,#17747);
#14672=VERTEX_POINT('',#17749);
#14673=LINE('',#17750,#17751);
#14674=VERTEX_POINT('',#17753);
#14675=LINE('',#17754,#17755);
#14676=VERTEX_POINT('',#17757);
#14677=LINE('',#17758,#17759);
#14678=VERTEX_POINT('',#17761);
#14679=LINE('',#17762,#17763);
#14680=VERTEX_POINT('',#17765);
#14681=LINE('',#17766,#17767);
#14682=VERTEX_POINT('',#17769);
#14683=LINE('',#17770,#17771);
#14684=VERTEX_POINT('',#17773);
#14685=LINE('',#17774,#17775);
#14686=VERTEX_POINT('',#17777);
#14687=LINE('',#17778,#17779);
#14688=VERTEX_POINT('',#17781);
#14689=LINE('',#17782,#17783);
#14690=VERTEX_POINT('',#17785);
#14691=LINE('',#17786,#17787);
#14692=VERTEX_POINT('',#17789);
#14693=LINE('',#17790,#17791);
#14694=VERTEX_POINT('',#17793);
#14695=LINE('',#17794,#17795);
#14696=VERTEX_POINT('',#17797);
#14697=LINE('',#17798,#17799);
#14698=VERTEX_POINT('',#17801);
#14699=LINE('',#17802,#17803);
#14700=VERTEX_POINT('',#17805);
#14701=LINE('',#17806,#17807);
#14702=VERTEX_POINT('',#17809);
#14703=LINE('',#17810,#17811);
#14704=VERTEX_POINT('',#17813);
#14705=LINE('',#17814,#17815);
#14706=VERTEX_POINT('',#17817);
#14707=LINE('',#17818,#17819);
#14708=VERTEX_POINT('',#17821);
#14709=LINE('',#17822,#17823);
#14710=VERTEX_POINT('',#17825);
#14711=LINE('',#17826,#17827);
#14712=VERTEX_POINT('',#17829);
#14713=LINE('',#17830,#17831);
#14714=VERTEX_POINT('',#17833);
#14715=LINE('',#17834,#17835);
#14716=VERTEX_POINT('',#17837);
#14717=LINE('',#17838,#17839);
#14718=VERTEX_POINT('',#17841);
#14719=LINE('',#17842,#17843);
#14720=VERTEX_POINT('',#17845);
#14721=LINE('',#17846,#17847);
#14722=VERTEX_POINT('',#17849);
#14723=LINE('',#17850,#17851);
#14724=VERTEX_POINT('',#17853);
#14725=LINE('',#17854,#17855);
#14726=VERTEX_POINT('',#17857);
#14727=LINE('',#17858,#17859);
#14728=VERTEX_POINT('',#17861);
#14729=LINE('',#17862,#17863);
#14730=VERTEX_POINT('',#17865);
#14731=LINE('',#17866,#17867);
#14732=VERTEX_POINT('',#17869);
#14733=LINE('',#17870,#17871);
#14734=VERTEX_POINT('',#17873);
#14735=LINE('',#17874,#17875);
#14736=VERTEX_POINT('',#17877);
#14737=LINE('',#17878,#17879);
#14738=VERTEX_POINT('',#17881);
#14739=LINE('',#17882,#17883);
#14740=VERTEX_POINT('',#17885);
#14741=LINE('',#17886,#17887);
#14742=VERTEX_POINT('',#17889);
#14743=LINE('',#17890,#17891);
#14744=VERTEX_POINT('',#17893);
#14745=LINE('',#17894,#17895);
#14746=VERTEX_POINT('',#17897);
#14747=LINE('',#17898,#17899);
#14748=VERTEX_POINT('',#17901);
#14749=LINE('',#17902,#17903);
#14750=VERTEX_POINT('',#17905);
#14751=LINE('',#17906,#17907);
#14752=LINE('',#17909,#17910);
#14753=VERTEX_POINT('',#17912);
#14754=CIRCLE('',#17913,0.66);
#14755=LINE('',#17917,#17918);
#14756=LINE('',#17920,#17921);
#14757=LINE('',#17923,#17924);
#14758=LINE('',#17926,#17927);
#14759=LINE('',#17929,#17930);
#14760=LINE('',#17932,#17933);
#14761=LINE('',#17935,#17936);
#14762=LINE('',#17938,#17939);
#14763=LINE('',#17941,#17942);
#14764=LINE('',#17944,#17945);
#14765=LINE('',#17947,#17948);
#14766=LINE('',#17950,#17951);
#14767=LINE('',#17953,#17954);
#14768=LINE('',#17956,#17957);
#14769=LINE('',#17959,#17960);
#14770=LINE('',#17962,#17963);
#14771=LINE('',#17965,#17966);
#14772=LINE('',#17968,#17969);
#14773=LINE('',#17971,#17972);
#14774=LINE('',#17974,#17975);
#14775=LINE('',#17977,#17978);
#14776=LINE('',#17980,#17981);
#14777=LINE('',#17983,#17984);
#14778=LINE('',#17986,#17987);
#14779=LINE('',#17989,#17990);
#14780=LINE('',#17992,#17993);
#14781=LINE('',#17995,#17996);
#14782=LINE('',#17998,#17999);
#14783=LINE('',#18001,#18002);
#14784=LINE('',#18004,#18005);
#14785=LINE('',#18007,#18008);
#14786=LINE('',#18010,#18011);
#14787=LINE('',#18013,#18014);
#14788=LINE('',#18016,#18017);
#14789=LINE('',#18019,#18020);
#14790=LINE('',#18022,#18023);
#14791=LINE('',#18025,#18026);
#14792=LINE('',#18028,#18029);
#14793=LINE('',#18031,#18032);
#14794=LINE('',#18034,#18035);
#14795=LINE('',#18037,#18038);
#14796=LINE('',#18040,#18041);
#14797=LINE('',#18043,#18044);
#14798=LINE('',#18046,#18047);
#14799=LINE('',#18049,#18050);
#14800=LINE('',#18052,#18053);
#14801=LINE('',#18055,#18056);
#14802=LINE('',#18058,#18059);
#14803=LINE('',#18061,#18062);
#14804=LINE('',#18064,#18065);
#14805=LINE('',#18067,#18068);
#14806=LINE('',#18070,#18071);
#14807=LINE('',#18073,#18074);
#14808=LINE('',#18076,#18077);
#14809=LINE('',#18079,#18080);
#14810=LINE('',#18082,#18083);
#14811=LINE('',#18085,#18086);
#14812=LINE('',#18088,#18089);
#14813=LINE('',#18091,#18092);
#14814=LINE('',#18094,#18095);
#14815=LINE('',#18097,#18098);
#14816=LINE('',#18100,#18101);
#14817=LINE('',#18103,#18104);
#14818=LINE('',#18106,#18107);
#14819=LINE('',#18109,#18110);
#14820=LINE('',#18112,#18113);
#14821=LINE('',#18115,#18116);
#14822=LINE('',#18118,#18119);
#14823=LINE('',#18121,#18122);
#14824=LINE('',#18124,#18125);
#14825=LINE('',#18127,#18128);
#14826=LINE('',#18130,#18131);
#14827=LINE('',#18133,#18134);
#14828=LINE('',#18136,#18137);
#14829=LINE('',#18139,#18140);
#14830=LINE('',#18142,#18143);
#14831=LINE('',#18145,#18146);
#14832=LINE('',#18148,#18149);
#14833=LINE('',#18151,#18152);
#14834=LINE('',#18154,#18155);
#14835=LINE('',#18157,#18158);
#14836=LINE('',#18160,#18161);
#14837=LINE('',#18163,#18164);
#14838=LINE('',#18166,#18167);
#14839=LINE('',#18169,#18170);
#14840=LINE('',#18172,#18173);
#14841=LINE('',#18175,#18176);
#14842=LINE('',#18178,#18179);
#14843=LINE('',#18181,#18182);
#14844=LINE('',#18184,#18185);
#14845=LINE('',#18187,#18188);
#14846=LINE('',#18190,#18191);
#14847=LINE('',#18193,#18194);
#14848=LINE('',#18196,#18197);
#14849=LINE('',#18199,#18200);
#14850=LINE('',#18202,#18203);
#14851=LINE('',#18205,#18206);
#14852=LINE('',#18208,#18209);
#14853=LINE('',#18211,#18212);
#14854=LINE('',#18214,#18215);
#14855=LINE('',#18217,#18218);
#14856=LINE('',#18220,#18221);
#14857=LINE('',#18223,#18224);
#14858=LINE('',#18226,#18227);
#14859=LINE('',#18229,#18230);
#14860=LINE('',#18232,#18233);
#14861=LINE('',#18235,#18236);
#14862=LINE('',#18238,#18239);
#14863=LINE('',#18241,#18242);
#14864=LINE('',#18244,#18245);
#14865=LINE('',#18247,#18248);
#14866=LINE('',#18250,#18251);
#14867=LINE('',#18253,#18254);
#14868=LINE('',#18256,#18257);
#14869=LINE('',#18259,#18260);
#14870=LINE('',#18262,#18263);
#14871=LINE('',#18265,#18266);
#14872=LINE('',#18268,#18269);
#14873=LINE('',#18271,#18272);
#14874=LINE('',#18274,#18275);
#14875=LINE('',#18277,#18278);
#14876=LINE('',#18280,#18281);
#14877=LINE('',#18283,#18284);
#14878=LINE('',#18286,#18287);
#14879=LINE('',#18289,#18290);
#14880=LINE('',#18292,#18293);
#14881=LINE('',#18295,#18296);
#14882=LINE('',#18298,#18299);
#14883=LINE('',#18301,#18302);
#14884=LINE('',#18304,#18305);
#14885=LINE('',#18307,#18308);
#14886=LINE('',#18310,#18311);
#14887=LINE('',#18313,#18314);
#14888=LINE('',#18316,#18317);
#14889=LINE('',#18319,#18320);
#14890=LINE('',#18322,#18323);
#14891=LINE('',#18325,#18326);
#14892=LINE('',#18328,#18329);
#14893=LINE('',#18331,#18332);
#14894=LINE('',#18334,#18335);
#14895=LINE('',#18337,#18338);
#14896=LINE('',#18340,#18341);
#14897=LINE('',#18343,#18344);
#14898=LINE('',#18346,#18347);
#14899=LINE('',#18349,#18350);
#14900=LINE('',#18352,#18353);
#14901=LINE('',#18355,#18356);
#14902=LINE('',#18358,#18359);
#14903=LINE('',#18361,#18362);
#14904=LINE('',#18364,#18365);
#14905=LINE('',#18367,#18368);
#14906=LINE('',#18370,#18371);
#14907=LINE('',#18373,#18374);
#14908=LINE('',#18376,#18377);
#14909=LINE('',#18379,#18380);
#14910=LINE('',#18382,#18383);
#14911=LINE('',#18385,#18386);
#14912=LINE('',#18388,#18389);
#14913=LINE('',#18391,#18392);
#14914=LINE('',#18394,#18395);
#14915=LINE('',#18397,#18398);
#14916=LINE('',#18400,#18401);
#14917=LINE('',#18403,#18404);
#14918=LINE('',#18406,#18407);
#14919=LINE('',#18409,#18410);
#14920=LINE('',#18412,#18413);
#14921=LINE('',#18415,#18416);
#14922=LINE('',#18418,#18419);
#14923=LINE('',#18421,#18422);
#14924=LINE('',#18424,#18425);
#14925=LINE('',#18427,#18428);
#14926=LINE('',#18430,#18431);
#14927=LINE('',#18433,#18434);
#14928=LINE('',#18436,#18437);
#14929=LINE('',#18439,#18440);
#14930=LINE('',#18442,#18443);
#14931=LINE('',#18445,#18446);
#14932=LINE('',#18448,#18449);
#14933=LINE('',#18451,#18452);
#14934=LINE('',#18454,#18455);
#14935=LINE('',#18457,#18458);
#14936=LINE('',#18460,#18461);
#14937=LINE('',#18463,#18464);
#14938=LINE('',#18466,#18467);
#14939=LINE('',#18469,#18470);
#14940=LINE('',#18472,#18473);
#14941=LINE('',#18475,#18476);
#14942=LINE('',#18478,#18479);
#14943=LINE('',#18481,#18482);
#14944=LINE('',#18484,#18485);
#14945=LINE('',#18487,#18488);
#14946=LINE('',#18490,#18491);
#14947=LINE('',#18493,#18494);
#14948=LINE('',#18496,#18497);
#14949=LINE('',#18499,#18500);
#14950=LINE('',#18502,#18503);
#14951=LINE('',#18505,#18506);
#14952=LINE('',#18508,#18509);
#14953=LINE('',#18511,#18512);
#14954=LINE('',#18514,#18515);
#14955=LINE('',#18517,#18518);
#14956=LINE('',#18520,#18521);
#14957=LINE('',#18523,#18524);
#14958=LINE('',#18526,#18527);
#14959=LINE('',#18529,#18530);
#14960=LINE('',#18532,#18533);
#14961=LINE('',#18535,#18536);
#14962=LINE('',#18538,#18539);
#14963=LINE('',#18541,#18542);
#14964=LINE('',#18544,#18545);
#14965=LINE('',#18547,#18548);
#14966=LINE('',#18550,#18551);
#14967=LINE('',#18553,#18554);
#14968=LINE('',#18556,#18557);
#14969=LINE('',#18559,#18560);
#14970=LINE('',#18562,#18563);
#14971=LINE('',#18565,#18566);
#14972=LINE('',#18568,#18569);
#14973=LINE('',#18571,#18572);
#14974=LINE('',#18574,#18575);
#14975=LINE('',#18577,#18578);
#14976=LINE('',#18580,#18581);
#14977=LINE('',#18583,#18584);
#14978=LINE('',#18586,#18587);
#14979=LINE('',#18589,#18590);
#14980=LINE('',#18592,#18593);
#14981=LINE('',#18595,#18596);
#14982=LINE('',#18598,#18599);
#14983=LINE('',#18601,#18602);
#14984=LINE('',#18604,#18605);
#14985=LINE('',#18607,#18608);
#14986=LINE('',#18610,#18611);
#14987=LINE('',#18613,#18614);
#14988=LINE('',#18616,#18617);
#14989=LINE('',#18619,#18620);
#14990=LINE('',#18622,#18623);
#14991=VERTEX_POINT('',#18625);
#14992=CIRCLE('',#18626,0.9);
#14993=VERTEX_POINT('',#18630);
#14994=CIRCLE('',#18631,0.66);
#14995=VERTEX_POINT('',#18635);
#14996=CIRCLE('',#18636,0.23);
#14997=VERTEX_POINT('',#18640);
#14998=CIRCLE('',#18641,0.23);
#14999=VERTEX_POINT('',#18645);
#15000=CIRCLE('',#18646,0.9);
#15001=VERTEX_POINT('',#18650);
#15002=CIRCLE('',#18651,0.9);
#15003=VERTEX_POINT('',#18655);
#15004=CIRCLE('',#18656,0.66);
#15005=VERTEX_POINT('',#18660);
#15006=CIRCLE('',#18661,0.66);
#15007=VERTEX_POINT('',#18665);
#15008=CIRCLE('',#18666,0.23);
#15009=VERTEX_POINT('',#18670);
#15010=CIRCLE('',#18671,0.23);
#15011=VERTEX_POINT('',#18675);
#15012=CIRCLE('',#18676,0.23);
#15013=VERTEX_POINT('',#18680);
#15014=CIRCLE('',#18681,0.23);
#15015=VERTEX_POINT('',#18685);
#15016=CIRCLE('',#18686,0.9);
#15017=VERTEX_POINT('',#18690);
#15018=CIRCLE('',#18691,0.9);
#15019=VERTEX_POINT('',#18695);
#15020=CIRCLE('',#18696,0.66);
#15021=VERTEX_POINT('',#18700);
#15022=CIRCLE('',#18701,0.66);
#15023=VERTEX_POINT('',#18705);
#15024=CIRCLE('',#18706,0.23);
#15025=VERTEX_POINT('',#18710);
#15026=CIRCLE('',#18711,0.23);
#15027=VERTEX_POINT('',#18715);
#15028=CIRCLE('',#18716,0.23);
#15029=VERTEX_POINT('',#18720);
#15030=CIRCLE('',#18721,0.23);
#15031=VERTEX_POINT('',#18725);
#15032=CIRCLE('',#18726,0.9);
#15033=VERTEX_POINT('',#18730);
#15034=CIRCLE('',#18731,0.9);
#15035=VERTEX_POINT('',#18735);
#15036=CIRCLE('',#18736,0.66);
#15037=VERTEX_POINT('',#18740);
#15038=CIRCLE('',#18741,0.66);
#15039=VERTEX_POINT('',#18745);
#15040=CIRCLE('',#18746,0.23);
#15041=VERTEX_POINT('',#18750);
#15042=CIRCLE('',#18751,0.23);
#15043=VERTEX_POINT('',#18755);
#15044=CIRCLE('',#18756,0.23);
#15045=VERTEX_POINT('',#18760);
#15046=CIRCLE('',#18761,0.23);
#15047=VERTEX_POINT('',#18765);
#15048=CIRCLE('',#18766,0.9);
#15049=VERTEX_POINT('',#18770);
#15050=CIRCLE('',#18771,0.9);
#15051=VERTEX_POINT('',#18775);
#15052=CIRCLE('',#18776,0.66);
#15053=VERTEX_POINT('',#18780);
#15054=CIRCLE('',#18781,0.66);
#15055=VERTEX_POINT('',#18785);
#15056=CIRCLE('',#18786,0.23);
#15057=VERTEX_POINT('',#18790);
#15058=CIRCLE('',#18791,0.23);
#15059=VERTEX_POINT('',#18795);
#15060=CIRCLE('',#18796,0.23);
#15061=VERTEX_POINT('',#18800);
#15062=CIRCLE('',#18801,0.23);
#15063=VERTEX_POINT('',#18805);
#15064=CIRCLE('',#18806,0.9);
#15065=VERTEX_POINT('',#18810);
#15066=CIRCLE('',#18811,0.9);
#15067=VERTEX_POINT('',#18815);
#15068=CIRCLE('',#18816,0.66);
#15069=VERTEX_POINT('',#18820);
#15070=CIRCLE('',#18821,0.66);
#15071=VERTEX_POINT('',#18825);
#15072=CIRCLE('',#18826,0.23);
#15073=VERTEX_POINT('',#18830);
#15074=CIRCLE('',#18831,0.23);
#15075=VERTEX_POINT('',#18835);
#15076=CIRCLE('',#18836,0.23);
#15077=VERTEX_POINT('',#18840);
#15078=CIRCLE('',#18841,0.23);
#15079=VERTEX_POINT('',#18845);
#15080=CIRCLE('',#18846,0.9);
#15081=VERTEX_POINT('',#18850);
#15082=CIRCLE('',#18851,0.9);
#15083=VERTEX_POINT('',#18855);
#15084=CIRCLE('',#18856,0.66);
#15085=VERTEX_POINT('',#18860);
#15086=CIRCLE('',#18861,0.66);
#15087=VERTEX_POINT('',#18865);
#15088=CIRCLE('',#18866,0.23);
#15089=VERTEX_POINT('',#18870);
#15090=CIRCLE('',#18871,0.23);
#15091=VERTEX_POINT('',#18875);
#15092=CIRCLE('',#18876,0.23);
#15093=VERTEX_POINT('',#18880);
#15094=CIRCLE('',#18881,0.23);
#15095=VERTEX_POINT('',#18885);
#15096=CIRCLE('',#18886,0.9);
#15097=VERTEX_POINT('',#18890);
#15098=CIRCLE('',#18891,0.9);
#15099=VERTEX_POINT('',#18895);
#15100=CIRCLE('',#18896,0.66);
#15101=VERTEX_POINT('',#18900);
#15102=CIRCLE('',#18901,0.66);
#15103=VERTEX_POINT('',#18905);
#15104=CIRCLE('',#18906,0.23);
#15105=VERTEX_POINT('',#18910);
#15106=CIRCLE('',#18911,0.23);
#15107=VERTEX_POINT('',#18915);
#15108=CIRCLE('',#18916,0.23);
#15109=VERTEX_POINT('',#18920);
#15110=CIRCLE('',#18921,0.23);
#15111=VERTEX_POINT('',#18925);
#15112=CIRCLE('',#18926,0.9);
#15113=VERTEX_POINT('',#18930);
#15114=CIRCLE('',#18931,0.9);
#15115=VERTEX_POINT('',#18935);
#15116=CIRCLE('',#18936,0.66);
#15117=VERTEX_POINT('',#18940);
#15118=CIRCLE('',#18941,0.66);
#15119=VERTEX_POINT('',#18945);
#15120=CIRCLE('',#18946,0.23);
#15121=VERTEX_POINT('',#18950);
#15122=CIRCLE('',#18951,0.23);
#15123=VERTEX_POINT('',#18955);
#15124=CIRCLE('',#18956,0.23);
#15125=VERTEX_POINT('',#18960);
#15126=CIRCLE('',#18961,0.23);
#15127=VERTEX_POINT('',#18965);
#15128=CIRCLE('',#18966,0.9);
#15129=VERTEX_POINT('',#18970);
#15130=CIRCLE('',#18971,0.9);
#15131=VERTEX_POINT('',#18975);
#15132=CIRCLE('',#18976,0.66);
#15133=VERTEX_POINT('',#18980);
#15134=CIRCLE('',#18981,0.66);
#15135=VERTEX_POINT('',#18985);
#15136=CIRCLE('',#18986,0.23);
#15137=VERTEX_POINT('',#18990);
#15138=CIRCLE('',#18991,0.23);
#15139=VERTEX_POINT('',#18995);
#15140=CIRCLE('',#18996,0.23);
#15141=VERTEX_POINT('',#19000);
#15142=CIRCLE('',#19001,0.23);
#15143=VERTEX_POINT('',#19005);
#15144=CIRCLE('',#19006,0.9);
#15145=VERTEX_POINT('',#19010);
#15146=CIRCLE('',#19011,0.9);
#15147=VERTEX_POINT('',#19015);
#15148=CIRCLE('',#19016,0.66);
#15149=VERTEX_POINT('',#19020);
#15150=CIRCLE('',#19021,0.66);
#15151=VERTEX_POINT('',#19025);
#15152=CIRCLE('',#19026,0.23);
#15153=VERTEX_POINT('',#19030);
#15154=CIRCLE('',#19031,0.23);
#15155=VERTEX_POINT('',#19035);
#15156=CIRCLE('',#19036,0.23);
#15157=VERTEX_POINT('',#19040);
#15158=CIRCLE('',#19041,0.23);
#15159=VERTEX_POINT('',#19045);
#15160=CIRCLE('',#19046,0.9);
#15161=VERTEX_POINT('',#19050);
#15162=CIRCLE('',#19051,0.9);
#15163=VERTEX_POINT('',#19055);
#15164=CIRCLE('',#19056,0.66);
#15165=VERTEX_POINT('',#19060);
#15166=CIRCLE('',#19061,0.66);
#15167=VERTEX_POINT('',#19065);
#15168=CIRCLE('',#19066,0.23);
#15169=VERTEX_POINT('',#19070);
#15170=CIRCLE('',#19071,0.23);
#15171=VERTEX_POINT('',#19075);
#15172=CIRCLE('',#19076,0.23);
#15173=VERTEX_POINT('',#19080);
#15174=CIRCLE('',#19081,0.23);
#15175=VERTEX_POINT('',#19085);
#15176=CIRCLE('',#19086,0.9);
#15177=VERTEX_POINT('',#19090);
#15178=CIRCLE('',#19091,0.9);
#15179=VERTEX_POINT('',#19095);
#15180=CIRCLE('',#19096,0.66);
#15181=VERTEX_POINT('',#19100);
#15182=CIRCLE('',#19101,0.66);
#15183=VERTEX_POINT('',#19105);
#15184=CIRCLE('',#19106,0.23);
#15185=VERTEX_POINT('',#19110);
#15186=CIRCLE('',#19111,0.23);
#15187=VERTEX_POINT('',#19115);
#15188=CIRCLE('',#19116,0.23);
#15189=VERTEX_POINT('',#19120);
#15190=CIRCLE('',#19121,0.23);
#15191=VERTEX_POINT('',#19125);
#15192=CIRCLE('',#19126,0.9);
#15193=VERTEX_POINT('',#19130);
#15194=CIRCLE('',#19131,0.9);
#15195=VERTEX_POINT('',#19135);
#15196=CIRCLE('',#19136,0.66);
#15197=VERTEX_POINT('',#19140);
#15198=CIRCLE('',#19141,0.66);
#15199=VERTEX_POINT('',#19145);
#15200=CIRCLE('',#19146,0.23);
#15201=VERTEX_POINT('',#19150);
#15202=CIRCLE('',#19151,0.23);
#15203=VERTEX_POINT('',#19155);
#15204=CIRCLE('',#19156,0.23);
#15205=VERTEX_POINT('',#19160);
#15206=CIRCLE('',#19161,0.23);
#15207=VERTEX_POINT('',#19165);
#15208=CIRCLE('',#19166,0.9);
#15209=VERTEX_POINT('',#19170);
#15210=CIRCLE('',#19171,0.9);
#15211=VERTEX_POINT('',#19175);
#15212=CIRCLE('',#19176,0.66);
#15213=VERTEX_POINT('',#19180);
#15214=CIRCLE('',#19181,0.66);
#15215=VERTEX_POINT('',#19185);
#15216=CIRCLE('',#19186,0.23);
#15217=VERTEX_POINT('',#19190);
#15218=CIRCLE('',#19191,0.23);
#15219=VERTEX_POINT('',#19195);
#15220=CIRCLE('',#19196,0.23);
#15221=VERTEX_POINT('',#19200);
#15222=CIRCLE('',#19201,0.23);
#15223=VERTEX_POINT('',#19205);
#15224=CIRCLE('',#19206,0.9);
#15225=VERTEX_POINT('',#19210);
#15226=CIRCLE('',#19211,0.9);
#15227=VERTEX_POINT('',#19215);
#15228=CIRCLE('',#19216,0.66);
#15229=VERTEX_POINT('',#19220);
#15230=CIRCLE('',#19221,0.66);
#15231=VERTEX_POINT('',#19225);
#15232=CIRCLE('',#19226,0.23);
#15233=VERTEX_POINT('',#19230);
#15234=CIRCLE('',#19231,0.23);
#15235=VERTEX_POINT('',#19235);
#15236=CIRCLE('',#19236,0.23);
#15237=VERTEX_POINT('',#19240);
#15238=CIRCLE('',#19241,0.23);
#15239=VERTEX_POINT('',#19245);
#15240=CIRCLE('',#19246,0.9);
#15241=VERTEX_POINT('',#19250);
#15242=CIRCLE('',#19251,0.9);
#15243=VERTEX_POINT('',#19255);
#15244=CIRCLE('',#19256,0.66);
#15245=VERTEX_POINT('',#19260);
#15246=CIRCLE('',#19261,0.66);
#15247=VERTEX_POINT('',#19265);
#15248=CIRCLE('',#19266,0.23);
#15249=VERTEX_POINT('',#19270);
#15250=CIRCLE('',#19271,0.23);
#15251=VERTEX_POINT('',#19275);
#15252=CIRCLE('',#19276,0.23);
#15253=VERTEX_POINT('',#19280);
#15254=CIRCLE('',#19281,0.23);
#15255=VERTEX_POINT('',#19285);
#15256=CIRCLE('',#19286,0.9);
#15257=VERTEX_POINT('',#19290);
#15258=CIRCLE('',#19291,0.9);
#15259=VERTEX_POINT('',#19295);
#15260=CIRCLE('',#19296,0.66);
#15261=VERTEX_POINT('',#19300);
#15262=CIRCLE('',#19301,0.66);
#15263=VERTEX_POINT('',#19305);
#15264=CIRCLE('',#19306,0.23);
#15265=VERTEX_POINT('',#19310);
#15266=CIRCLE('',#19311,0.23);
#15267=VERTEX_POINT('',#19315);
#15268=CIRCLE('',#19316,0.23);
#15269=VERTEX_POINT('',#19320);
#15270=CIRCLE('',#19321,0.23);
#15271=VERTEX_POINT('',#19325);
#15272=CIRCLE('',#19326,0.9);
#15273=VERTEX_POINT('',#19330);
#15274=CIRCLE('',#19331,0.9);
#15275=VERTEX_POINT('',#19335);
#15276=CIRCLE('',#19336,0.66);
#15277=VERTEX_POINT('',#19340);
#15278=CIRCLE('',#19341,0.66);
#15279=VERTEX_POINT('',#19345);
#15280=CIRCLE('',#19346,0.23);
#15281=VERTEX_POINT('',#19350);
#15282=CIRCLE('',#19351,0.23);
#15283=VERTEX_POINT('',#19355);
#15284=CIRCLE('',#19356,0.23);
#15285=VERTEX_POINT('',#19360);
#15286=CIRCLE('',#19361,0.23);
#15287=VERTEX_POINT('',#19365);
#15288=CIRCLE('',#19366,0.9);
#15289=VERTEX_POINT('',#19370);
#15290=CIRCLE('',#19371,0.9);
#15291=VERTEX_POINT('',#19375);
#15292=CIRCLE('',#19376,0.66);
#15293=VERTEX_POINT('',#19380);
#15294=CIRCLE('',#19381,0.66);
#15295=VERTEX_POINT('',#19385);
#15296=CIRCLE('',#19386,0.23);
#15297=VERTEX_POINT('',#19390);
#15298=CIRCLE('',#19391,0.23);
#15299=VERTEX_POINT('',#19395);
#15300=CIRCLE('',#19396,0.23);
#15301=VERTEX_POINT('',#19400);
#15302=CIRCLE('',#19401,0.23);
#15303=VERTEX_POINT('',#19405);
#15304=CIRCLE('',#19406,0.9);
#15305=VERTEX_POINT('',#19410);
#15306=CIRCLE('',#19411,0.9);
#15307=VERTEX_POINT('',#19415);
#15308=CIRCLE('',#19416,0.66);
#15309=VERTEX_POINT('',#19420);
#15310=CIRCLE('',#19421,0.66);
#15311=VERTEX_POINT('',#19425);
#15312=CIRCLE('',#19426,0.23);
#15313=VERTEX_POINT('',#19430);
#15314=CIRCLE('',#19431,0.23);
#15315=VERTEX_POINT('',#19435);
#15316=CIRCLE('',#19436,0.23);
#15317=VERTEX_POINT('',#19440);
#15318=CIRCLE('',#19441,0.23);
#15319=VERTEX_POINT('',#19445);
#15320=CIRCLE('',#19446,0.9);
#15321=VERTEX_POINT('',#19450);
#15322=CIRCLE('',#19451,0.9);
#15323=VERTEX_POINT('',#19455);
#15324=CIRCLE('',#19456,0.66);
#15325=VERTEX_POINT('',#19460);
#15326=CIRCLE('',#19461,0.66);
#15327=VERTEX_POINT('',#19465);
#15328=CIRCLE('',#19466,0.23);
#15329=VERTEX_POINT('',#19470);
#15330=CIRCLE('',#19471,0.23);
#15331=VERTEX_POINT('',#19475);
#15332=CIRCLE('',#19476,0.23);
#15333=VERTEX_POINT('',#19480);
#15334=CIRCLE('',#19481,0.23);
#15335=VERTEX_POINT('',#19485);
#15336=CIRCLE('',#19486,0.9);
#15337=VERTEX_POINT('',#19490);
#15338=CIRCLE('',#19491,0.9);
#15339=VERTEX_POINT('',#19495);
#15340=CIRCLE('',#19496,0.66);
#15341=VERTEX_POINT('',#19500);
#15342=CIRCLE('',#19501,0.66);
#15343=VERTEX_POINT('',#19505);
#15344=CIRCLE('',#19506,0.23);
#15345=VERTEX_POINT('',#19510);
#15346=CIRCLE('',#19511,0.23);
#15347=VERTEX_POINT('',#19515);
#15348=CIRCLE('',#19516,0.23);
#15349=VERTEX_POINT('',#19520);
#15350=CIRCLE('',#19521,0.23);
#15351=VERTEX_POINT('',#19525);
#15352=CIRCLE('',#19526,0.9);
#15353=VERTEX_POINT('',#19530);
#15354=CIRCLE('',#19531,0.9);
#15355=VERTEX_POINT('',#19535);
#15356=CIRCLE('',#19536,0.66);
#15357=VERTEX_POINT('',#19540);
#15358=CIRCLE('',#19541,0.66);
#15359=VERTEX_POINT('',#19545);
#15360=CIRCLE('',#19546,0.23);
#15361=VERTEX_POINT('',#19550);
#15362=CIRCLE('',#19551,0.23);
#15363=VERTEX_POINT('',#19555);
#15364=CIRCLE('',#19556,0.23);
#15365=VERTEX_POINT('',#19560);
#15366=CIRCLE('',#19561,0.23);
#15367=VERTEX_POINT('',#19565);
#15368=CIRCLE('',#19566,0.9);
#15369=VERTEX_POINT('',#19570);
#15370=CIRCLE('',#19571,0.9);
#15371=VERTEX_POINT('',#19575);
#15372=CIRCLE('',#19576,0.66);
#15373=VERTEX_POINT('',#19580);
#15374=CIRCLE('',#19581,0.66);
#15375=VERTEX_POINT('',#19585);
#15376=CIRCLE('',#19586,0.23);
#15377=VERTEX_POINT('',#19590);
#15378=CIRCLE('',#19591,0.23);
#15379=VERTEX_POINT('',#19595);
#15380=CIRCLE('',#19596,0.23);
#15381=VERTEX_POINT('',#19600);
#15382=CIRCLE('',#19601,0.23);
#15383=VERTEX_POINT('',#19605);
#15384=CIRCLE('',#19606,0.9);
#15385=VERTEX_POINT('',#19610);
#15386=CIRCLE('',#19611,0.9);
#15387=VERTEX_POINT('',#19615);
#15388=CIRCLE('',#19616,0.66);
#15389=VERTEX_POINT('',#19620);
#15390=CIRCLE('',#19621,0.66);
#15391=VERTEX_POINT('',#19625);
#15392=CIRCLE('',#19626,0.23);
#15393=VERTEX_POINT('',#19630);
#15394=CIRCLE('',#19631,0.23);
#15395=VERTEX_POINT('',#19635);
#15396=CIRCLE('',#19636,0.23);
#15397=VERTEX_POINT('',#19640);
#15398=CIRCLE('',#19641,0.23);
#15399=VERTEX_POINT('',#19645);
#15400=CIRCLE('',#19646,0.9);
#15401=VERTEX_POINT('',#19650);
#15402=CIRCLE('',#19651,0.9);
#15403=VERTEX_POINT('',#19655);
#15404=CIRCLE('',#19656,0.66);
#15405=VERTEX_POINT('',#19660);
#15406=CIRCLE('',#19661,0.66);
#15407=VERTEX_POINT('',#19665);
#15408=CIRCLE('',#19666,0.23);
#15409=VERTEX_POINT('',#19670);
#15410=CIRCLE('',#19671,0.23);
#15411=VERTEX_POINT('',#19675);
#15412=CIRCLE('',#19676,0.23);
#15413=VERTEX_POINT('',#19680);
#15414=CIRCLE('',#19681,0.23);
#15415=VERTEX_POINT('',#19685);
#15416=CIRCLE('',#19686,0.9);
#15417=VERTEX_POINT('',#19690);
#15418=CIRCLE('',#19691,0.9);
#15419=VERTEX_POINT('',#19695);
#15420=CIRCLE('',#19696,0.66);
#15421=VERTEX_POINT('',#19700);
#15422=CIRCLE('',#19701,0.66);
#15423=VERTEX_POINT('',#19705);
#15424=CIRCLE('',#19706,0.23);
#15425=VERTEX_POINT('',#19710);
#15426=CIRCLE('',#19711,0.23);
#15427=VERTEX_POINT('',#19715);
#15428=CIRCLE('',#19716,0.23);
#15429=VERTEX_POINT('',#19720);
#15430=CIRCLE('',#19721,0.23);
#15431=VERTEX_POINT('',#19725);
#15432=CIRCLE('',#19726,0.9);
#15433=VERTEX_POINT('',#19730);
#15434=CIRCLE('',#19731,0.9);
#15435=VERTEX_POINT('',#19735);
#15436=CIRCLE('',#19736,0.66);
#15437=VERTEX_POINT('',#19740);
#15438=CIRCLE('',#19741,0.66);
#15439=VERTEX_POINT('',#19745);
#15440=CIRCLE('',#19746,0.23);
#15441=VERTEX_POINT('',#19750);
#15442=CIRCLE('',#19751,0.23);
#15443=VERTEX_POINT('',#19755);
#15444=CIRCLE('',#19756,0.23);
#15445=VERTEX_POINT('',#19760);
#15446=CIRCLE('',#19761,0.23);
#15447=VERTEX_POINT('',#19765);
#15448=CIRCLE('',#19766,0.9);
#15449=VERTEX_POINT('',#19770);
#15450=CIRCLE('',#19771,0.9);
#15451=VERTEX_POINT('',#19775);
#15452=CIRCLE('',#19776,0.66);
#15453=VERTEX_POINT('',#19780);
#15454=CIRCLE('',#19781,0.66);
#15455=VERTEX_POINT('',#19785);
#15456=CIRCLE('',#19786,0.23);
#15457=VERTEX_POINT('',#19790);
#15458=CIRCLE('',#19791,0.23);
#15459=CARTESIAN_POINT('',(69.24,-8.08266887437253E-017,3.1));
#15460=AXIS2_PLACEMENT_3D('',#15461,#15462,#15463);
#15461=CARTESIAN_POINT('',(68.58,0.,3.1));
#15462=DIRECTION('',(0.,0.,1.));
#15463=DIRECTION('',(1.,0.,0.));
#15464=CARTESIAN_POINT('',(69.24,0.,0.6));
#15465=AXIS2_PLACEMENT_3D('',#15466,#15467,#15468);
#15466=CARTESIAN_POINT('',(68.58,0.,0.6));
#15467=DIRECTION('',(0.,0.,1.));
#15468=DIRECTION('',(1.,0.,0.));
#15469=CARTESIAN_POINT('',(71.78,-8.08266887437253E-017,3.1));
#15470=AXIS2_PLACEMENT_3D('',#15471,#15472,#15473);
#15471=CARTESIAN_POINT('',(71.12,0.,3.1));
#15472=DIRECTION('',(0.,0.,1.));
#15473=DIRECTION('',(1.,0.,0.));
#15474=CARTESIAN_POINT('',(71.78,0.,0.6));
#15475=AXIS2_PLACEMENT_3D('',#15476,#15477,#15478);
#15476=CARTESIAN_POINT('',(71.12,0.,0.6));
#15477=DIRECTION('',(0.,0.,1.));
#15478=DIRECTION('',(1.,0.,0.));
#15479=CARTESIAN_POINT('',(66.7,-8.08266887437253E-017,3.1));
#15480=AXIS2_PLACEMENT_3D('',#15481,#15482,#15483);
#15481=CARTESIAN_POINT('',(66.04,0.,3.1));
#15482=DIRECTION('',(0.,0.,1.));
#15483=DIRECTION('',(1.,0.,0.));
#15484=CARTESIAN_POINT('',(66.7,0.,0.6));
#15485=AXIS2_PLACEMENT_3D('',#15486,#15487,#15488);
#15486=CARTESIAN_POINT('',(66.04,0.,0.6));
#15487=DIRECTION('',(0.,0.,1.));
#15488=DIRECTION('',(1.,0.,0.));
#15489=CARTESIAN_POINT('',(64.16,-8.08266887437253E-017,3.1));
#15490=AXIS2_PLACEMENT_3D('',#15491,#15492,#15493);
#15491=CARTESIAN_POINT('',(63.5,0.,3.1));
#15492=DIRECTION('',(0.,0.,1.));
#15493=DIRECTION('',(1.,0.,0.));
#15494=CARTESIAN_POINT('',(64.16,0.,0.6));
#15495=AXIS2_PLACEMENT_3D('',#15496,#15497,#15498);
#15496=CARTESIAN_POINT('',(63.5,0.,0.6));
#15497=DIRECTION('',(0.,0.,1.));
#15498=DIRECTION('',(1.,0.,0.));
#15499=CARTESIAN_POINT('',(61.62,-8.08266887437253E-017,3.1));
#15500=AXIS2_PLACEMENT_3D('',#15501,#15502,#15503);
#15501=CARTESIAN_POINT('',(60.96,0.,3.1));
#15502=DIRECTION('',(0.,0.,1.));
#15503=DIRECTION('',(1.,0.,0.));
#15504=CARTESIAN_POINT('',(61.62,0.,0.6));
#15505=AXIS2_PLACEMENT_3D('',#15506,#15507,#15508);
#15506=CARTESIAN_POINT('',(60.96,0.,0.6));
#15507=DIRECTION('',(0.,0.,1.));
#15508=DIRECTION('',(1.,0.,0.));
#15509=CARTESIAN_POINT('',(59.08,-8.08266887437253E-017,3.1));
#15510=AXIS2_PLACEMENT_3D('',#15511,#15512,#15513);
#15511=CARTESIAN_POINT('',(58.42,0.,3.1));
#15512=DIRECTION('',(0.,0.,1.));
#15513=DIRECTION('',(1.,0.,0.));
#15514=CARTESIAN_POINT('',(59.08,0.,0.6));
#15515=AXIS2_PLACEMENT_3D('',#15516,#15517,#15518);
#15516=CARTESIAN_POINT('',(58.42,0.,0.6));
#15517=DIRECTION('',(0.,0.,1.));
#15518=DIRECTION('',(1.,0.,0.));
#15519=CARTESIAN_POINT('',(56.54,-8.08266887437253E-017,3.1));
#15520=AXIS2_PLACEMENT_3D('',#15521,#15522,#15523);
#15521=CARTESIAN_POINT('',(55.88,0.,3.1));
#15522=DIRECTION('',(0.,0.,1.));
#15523=DIRECTION('',(1.,0.,0.));
#15524=CARTESIAN_POINT('',(56.54,0.,0.6));
#15525=AXIS2_PLACEMENT_3D('',#15526,#15527,#15528);
#15526=CARTESIAN_POINT('',(55.88,0.,0.6));
#15527=DIRECTION('',(0.,0.,1.));
#15528=DIRECTION('',(1.,0.,0.));
#15529=CARTESIAN_POINT('',(54.,-8.08266887437253E-017,3.1));
#15530=AXIS2_PLACEMENT_3D('',#15531,#15532,#15533);
#15531=CARTESIAN_POINT('',(53.34,0.,3.1));
#15532=DIRECTION('',(0.,0.,1.));
#15533=DIRECTION('',(1.,0.,0.));
#15534=CARTESIAN_POINT('',(54.,0.,0.6));
#15535=AXIS2_PLACEMENT_3D('',#15536,#15537,#15538);
#15536=CARTESIAN_POINT('',(53.34,0.,0.6));
#15537=DIRECTION('',(0.,0.,1.));
#15538=DIRECTION('',(1.,0.,0.));
#15539=CARTESIAN_POINT('',(51.46,-8.08266887437253E-017,3.1));
#15540=AXIS2_PLACEMENT_3D('',#15541,#15542,#15543);
#15541=CARTESIAN_POINT('',(50.8,0.,3.1));
#15542=DIRECTION('',(0.,0.,1.));
#15543=DIRECTION('',(1.,0.,0.));
#15544=CARTESIAN_POINT('',(51.46,0.,0.6));
#15545=AXIS2_PLACEMENT_3D('',#15546,#15547,#15548);
#15546=CARTESIAN_POINT('',(50.8,0.,0.6));
#15547=DIRECTION('',(0.,0.,1.));
#15548=DIRECTION('',(1.,0.,0.));
#15549=CARTESIAN_POINT('',(48.92,-8.08266887437253E-017,3.1));
#15550=AXIS2_PLACEMENT_3D('',#15551,#15552,#15553);
#15551=CARTESIAN_POINT('',(48.26,0.,3.1));
#15552=DIRECTION('',(0.,0.,1.));
#15553=DIRECTION('',(1.,0.,0.));
#15554=CARTESIAN_POINT('',(48.92,0.,0.6));
#15555=AXIS2_PLACEMENT_3D('',#15556,#15557,#15558);
#15556=CARTESIAN_POINT('',(48.26,0.,0.6));
#15557=DIRECTION('',(0.,0.,1.));
#15558=DIRECTION('',(1.,0.,0.));
#15559=CARTESIAN_POINT('',(46.38,-8.08266887437253E-017,3.1));
#15560=AXIS2_PLACEMENT_3D('',#15561,#15562,#15563);
#15561=CARTESIAN_POINT('',(45.72,0.,3.1));
#15562=DIRECTION('',(0.,0.,1.));
#15563=DIRECTION('',(1.,0.,0.));
#15564=CARTESIAN_POINT('',(46.38,0.,0.6));
#15565=AXIS2_PLACEMENT_3D('',#15566,#15567,#15568);
#15566=CARTESIAN_POINT('',(45.72,0.,0.6));
#15567=DIRECTION('',(0.,0.,1.));
#15568=DIRECTION('',(1.,0.,0.));
#15569=CARTESIAN_POINT('',(43.84,-8.08266887437253E-017,3.1));
#15570=AXIS2_PLACEMENT_3D('',#15571,#15572,#15573);
#15571=CARTESIAN_POINT('',(43.18,0.,3.1));
#15572=DIRECTION('',(0.,0.,1.));
#15573=DIRECTION('',(1.,0.,0.));
#15574=CARTESIAN_POINT('',(43.84,0.,0.6));
#15575=AXIS2_PLACEMENT_3D('',#15576,#15577,#15578);
#15576=CARTESIAN_POINT('',(43.18,0.,0.6));
#15577=DIRECTION('',(0.,0.,1.));
#15578=DIRECTION('',(1.,0.,0.));
#15579=CARTESIAN_POINT('',(41.3,-8.08266887437253E-017,3.1));
#15580=AXIS2_PLACEMENT_3D('',#15581,#15582,#15583);
#15581=CARTESIAN_POINT('',(40.64,0.,3.1));
#15582=DIRECTION('',(0.,0.,1.));
#15583=DIRECTION('',(1.,0.,0.));
#15584=CARTESIAN_POINT('',(41.3,0.,0.6));
#15585=AXIS2_PLACEMENT_3D('',#15586,#15587,#15588);
#15586=CARTESIAN_POINT('',(40.64,0.,0.6));
#15587=DIRECTION('',(0.,0.,1.));
#15588=DIRECTION('',(1.,0.,0.));
#15589=CARTESIAN_POINT('',(38.76,-8.08266887437253E-017,3.1));
#15590=AXIS2_PLACEMENT_3D('',#15591,#15592,#15593);
#15591=CARTESIAN_POINT('',(38.1,0.,3.1));
#15592=DIRECTION('',(0.,0.,1.));
#15593=DIRECTION('',(1.,0.,0.));
#15594=CARTESIAN_POINT('',(38.76,0.,0.6));
#15595=AXIS2_PLACEMENT_3D('',#15596,#15597,#15598);
#15596=CARTESIAN_POINT('',(38.1,0.,0.6));
#15597=DIRECTION('',(0.,0.,1.));
#15598=DIRECTION('',(1.,0.,0.));
#15599=CARTESIAN_POINT('',(36.22,-8.08266887437253E-017,3.1));
#15600=AXIS2_PLACEMENT_3D('',#15601,#15602,#15603);
#15601=CARTESIAN_POINT('',(35.56,0.,3.1));
#15602=DIRECTION('',(0.,0.,1.));
#15603=DIRECTION('',(1.,0.,0.));
#15604=CARTESIAN_POINT('',(36.22,0.,0.6));
#15605=AXIS2_PLACEMENT_3D('',#15606,#15607,#15608);
#15606=CARTESIAN_POINT('',(35.56,0.,0.6));
#15607=DIRECTION('',(0.,0.,1.));
#15608=DIRECTION('',(1.,0.,0.));
#15609=CARTESIAN_POINT('',(33.68,-8.08266887437253E-017,3.1));
#15610=AXIS2_PLACEMENT_3D('',#15611,#15612,#15613);
#15611=CARTESIAN_POINT('',(33.02,0.,3.1));
#15612=DIRECTION('',(0.,0.,1.));
#15613=DIRECTION('',(1.,0.,0.));
#15614=CARTESIAN_POINT('',(33.68,0.,0.6));
#15615=AXIS2_PLACEMENT_3D('',#15616,#15617,#15618);
#15616=CARTESIAN_POINT('',(33.02,0.,0.6));
#15617=DIRECTION('',(0.,0.,1.));
#15618=DIRECTION('',(1.,0.,0.));
#15619=CARTESIAN_POINT('',(31.14,-8.08266887437253E-017,3.1));
#15620=AXIS2_PLACEMENT_3D('',#15621,#15622,#15623);
#15621=CARTESIAN_POINT('',(30.48,0.,3.1));
#15622=DIRECTION('',(0.,0.,1.));
#15623=DIRECTION('',(1.,0.,0.));
#15624=CARTESIAN_POINT('',(31.14,0.,0.6));
#15625=AXIS2_PLACEMENT_3D('',#15626,#15627,#15628);
#15626=CARTESIAN_POINT('',(30.48,0.,0.6));
#15627=DIRECTION('',(0.,0.,1.));
#15628=DIRECTION('',(1.,0.,0.));
#15629=CARTESIAN_POINT('',(28.6,-8.08266887437253E-017,3.1));
#15630=AXIS2_PLACEMENT_3D('',#15631,#15632,#15633);
#15631=CARTESIAN_POINT('',(27.94,0.,3.1));
#15632=DIRECTION('',(0.,0.,1.));
#15633=DIRECTION('',(1.,0.,0.));
#15634=CARTESIAN_POINT('',(28.6,0.,0.6));
#15635=AXIS2_PLACEMENT_3D('',#15636,#15637,#15638);
#15636=CARTESIAN_POINT('',(27.94,0.,0.6));
#15637=DIRECTION('',(0.,0.,1.));
#15638=DIRECTION('',(1.,0.,0.));
#15639=CARTESIAN_POINT('',(26.06,-8.08266887437253E-017,3.1));
#15640=AXIS2_PLACEMENT_3D('',#15641,#15642,#15643);
#15641=CARTESIAN_POINT('',(25.4,0.,3.1));
#15642=DIRECTION('',(0.,0.,1.));
#15643=DIRECTION('',(1.,0.,0.));
#15644=CARTESIAN_POINT('',(26.06,0.,0.6));
#15645=AXIS2_PLACEMENT_3D('',#15646,#15647,#15648);
#15646=CARTESIAN_POINT('',(25.4,0.,0.6));
#15647=DIRECTION('',(0.,0.,1.));
#15648=DIRECTION('',(1.,0.,0.));
#15649=CARTESIAN_POINT('',(23.52,-8.08266887437253E-017,3.1));
#15650=AXIS2_PLACEMENT_3D('',#15651,#15652,#15653);
#15651=CARTESIAN_POINT('',(22.86,0.,3.1));
#15652=DIRECTION('',(0.,0.,1.));
#15653=DIRECTION('',(1.,0.,0.));
#15654=CARTESIAN_POINT('',(23.52,0.,0.6));
#15655=AXIS2_PLACEMENT_3D('',#15656,#15657,#15658);
#15656=CARTESIAN_POINT('',(22.86,0.,0.6));
#15657=DIRECTION('',(0.,0.,1.));
#15658=DIRECTION('',(1.,0.,0.));
#15659=CARTESIAN_POINT('',(20.98,-8.08266887437253E-017,3.1));
#15660=AXIS2_PLACEMENT_3D('',#15661,#15662,#15663);
#15661=CARTESIAN_POINT('',(20.32,0.,3.1));
#15662=DIRECTION('',(0.,0.,1.));
#15663=DIRECTION('',(1.,0.,0.));
#15664=CARTESIAN_POINT('',(20.98,0.,0.6));
#15665=AXIS2_PLACEMENT_3D('',#15666,#15667,#15668);
#15666=CARTESIAN_POINT('',(20.32,0.,0.6));
#15667=DIRECTION('',(0.,0.,1.));
#15668=DIRECTION('',(1.,0.,0.));
#15669=CARTESIAN_POINT('',(18.44,-8.08266887437253E-017,3.1));
#15670=AXIS2_PLACEMENT_3D('',#15671,#15672,#15673);
#15671=CARTESIAN_POINT('',(17.78,0.,3.1));
#15672=DIRECTION('',(0.,0.,1.));
#15673=DIRECTION('',(1.,0.,0.));
#15674=CARTESIAN_POINT('',(18.44,0.,0.6));
#15675=AXIS2_PLACEMENT_3D('',#15676,#15677,#15678);
#15676=CARTESIAN_POINT('',(17.78,0.,0.6));
#15677=DIRECTION('',(0.,0.,1.));
#15678=DIRECTION('',(1.,0.,0.));
#15679=CARTESIAN_POINT('',(15.9,-8.08266887437253E-017,3.1));
#15680=AXIS2_PLACEMENT_3D('',#15681,#15682,#15683);
#15681=CARTESIAN_POINT('',(15.24,0.,3.1));
#15682=DIRECTION('',(0.,0.,1.));
#15683=DIRECTION('',(1.,0.,0.));
#15684=CARTESIAN_POINT('',(15.9,0.,0.6));
#15685=AXIS2_PLACEMENT_3D('',#15686,#15687,#15688);
#15686=CARTESIAN_POINT('',(15.24,0.,0.6));
#15687=DIRECTION('',(0.,0.,1.));
#15688=DIRECTION('',(1.,0.,0.));
#15689=CARTESIAN_POINT('',(13.36,-8.08266887437253E-017,3.1));
#15690=AXIS2_PLACEMENT_3D('',#15691,#15692,#15693);
#15691=CARTESIAN_POINT('',(12.7,0.,3.1));
#15692=DIRECTION('',(0.,0.,1.));
#15693=DIRECTION('',(1.,0.,0.));
#15694=CARTESIAN_POINT('',(13.36,0.,0.6));
#15695=AXIS2_PLACEMENT_3D('',#15696,#15697,#15698);
#15696=CARTESIAN_POINT('',(12.7,0.,0.6));
#15697=DIRECTION('',(0.,0.,1.));
#15698=DIRECTION('',(1.,0.,0.));
#15699=CARTESIAN_POINT('',(10.82,-8.08266887437253E-017,3.1));
#15700=AXIS2_PLACEMENT_3D('',#15701,#15702,#15703);
#15701=CARTESIAN_POINT('',(10.16,0.,3.1));
#15702=DIRECTION('',(0.,0.,1.));
#15703=DIRECTION('',(1.,0.,0.));
#15704=CARTESIAN_POINT('',(10.82,0.,0.6));
#15705=AXIS2_PLACEMENT_3D('',#15706,#15707,#15708);
#15706=CARTESIAN_POINT('',(10.16,0.,0.6));
#15707=DIRECTION('',(0.,0.,1.));
#15708=DIRECTION('',(1.,0.,0.));
#15709=CARTESIAN_POINT('',(8.28,-8.08266887437253E-017,3.1));
#15710=AXIS2_PLACEMENT_3D('',#15711,#15712,#15713);
#15711=CARTESIAN_POINT('',(7.62,0.,3.1));
#15712=DIRECTION('',(0.,0.,1.));
#15713=DIRECTION('',(1.,0.,0.));
#15714=CARTESIAN_POINT('',(8.28,0.,0.6));
#15715=AXIS2_PLACEMENT_3D('',#15716,#15717,#15718);
#15716=CARTESIAN_POINT('',(7.62,0.,0.6));
#15717=DIRECTION('',(0.,0.,1.));
#15718=DIRECTION('',(1.,0.,0.));
#15719=CARTESIAN_POINT('',(5.74,-8.08266887437253E-017,3.1));
#15720=AXIS2_PLACEMENT_3D('',#15721,#15722,#15723);
#15721=CARTESIAN_POINT('',(5.08,0.,3.1));
#15722=DIRECTION('',(0.,0.,1.));
#15723=DIRECTION('',(1.,0.,0.));
#15724=CARTESIAN_POINT('',(5.74,0.,0.6));
#15725=AXIS2_PLACEMENT_3D('',#15726,#15727,#15728);
#15726=CARTESIAN_POINT('',(5.08,0.,0.6));
#15727=DIRECTION('',(0.,0.,1.));
#15728=DIRECTION('',(1.,0.,0.));
#15729=CARTESIAN_POINT('',(3.2,-8.08266887437253E-017,3.1));
#15730=AXIS2_PLACEMENT_3D('',#15731,#15732,#15733);
#15731=CARTESIAN_POINT('',(2.54,0.,3.1));
#15732=DIRECTION('',(0.,0.,1.));
#15733=DIRECTION('',(1.,0.,0.));
#15734=CARTESIAN_POINT('',(3.2,0.,0.6));
#15735=AXIS2_PLACEMENT_3D('',#15736,#15737,#15738);
#15736=CARTESIAN_POINT('',(2.54,0.,0.6));
#15737=DIRECTION('',(0.,0.,1.));
#15738=DIRECTION('',(1.,0.,0.));
#15739=CARTESIAN_POINT('',(-1.27,-0.75,3.6));
#15740=CARTESIAN_POINT('',(-1.12,-0.75,3.6));
#15741=CARTESIAN_POINT('',(-1.27,-0.75,3.6));
#15742=VECTOR('',#15743,1.);
#15743=DIRECTION('',(1.,0.,0.));
#15744=CARTESIAN_POINT('',(-0.819777860021394,-1.27,3.6));
#15745=CARTESIAN_POINT('',(-1.12,-0.75,3.6));
#15746=VECTOR('',#15747,1.);
#15747=DIRECTION('',(0.5,-0.866025403784438,0.));
#15748=CARTESIAN_POINT('',(0.819777860021395,-1.27,3.6));
#15749=CARTESIAN_POINT('',(-0.819777860021394,-1.27,3.6));
#15750=VECTOR('',#15751,1.);
#15751=DIRECTION('',(1.,0.,0.));
#15752=CARTESIAN_POINT('',(1.12,-0.75,3.6));
#15753=CARTESIAN_POINT('',(0.819777860021395,-1.27,3.6));
#15754=VECTOR('',#15755,1.);
#15755=DIRECTION('',(0.5,0.866025403784439,0.));
#15756=CARTESIAN_POINT('',(1.42,-0.75,3.6));
#15757=CARTESIAN_POINT('',(1.12,-0.75,3.6));
#15758=VECTOR('',#15759,1.);
#15759=DIRECTION('',(1.,0.,0.));
#15760=CARTESIAN_POINT('',(1.72022213997861,-1.27,3.6));
#15761=CARTESIAN_POINT('',(1.42,-0.75,3.6));
#15762=VECTOR('',#15763,1.);
#15763=DIRECTION('',(0.5,-0.866025403784438,0.));
#15764=CARTESIAN_POINT('',(3.35977786002139,-1.27,3.6));
#15765=CARTESIAN_POINT('',(1.72022213997861,-1.27,3.6));
#15766=VECTOR('',#15767,1.);
#15767=DIRECTION('',(1.,0.,0.));
#15768=CARTESIAN_POINT('',(3.66,-0.75,3.6));
#15769=CARTESIAN_POINT('',(3.35977786002139,-1.27,3.6));
#15770=VECTOR('',#15771,1.);
#15771=DIRECTION('',(0.5,0.866025403784439,0.));
#15772=CARTESIAN_POINT('',(3.96,-0.75,3.6));
#15773=CARTESIAN_POINT('',(3.66,-0.75,3.6));
#15774=VECTOR('',#15775,1.);
#15775=DIRECTION('',(1.,0.,0.));
#15776=CARTESIAN_POINT('',(4.26022213997861,-1.27,3.6));
#15777=CARTESIAN_POINT('',(3.96,-0.75,3.6));
#15778=VECTOR('',#15779,1.);
#15779=DIRECTION('',(0.5,-0.866025403784439,0.));
#15780=CARTESIAN_POINT('',(5.89977786002139,-1.27,3.6));
#15781=CARTESIAN_POINT('',(4.26022213997861,-1.27,3.6));
#15782=VECTOR('',#15783,1.);
#15783=DIRECTION('',(1.,0.,0.));
#15784=CARTESIAN_POINT('',(6.2,-0.75,3.6));
#15785=CARTESIAN_POINT('',(5.89977786002139,-1.27,3.6));
#15786=VECTOR('',#15787,1.);
#15787=DIRECTION('',(0.5,0.866025403784439,0.));
#15788=CARTESIAN_POINT('',(6.5,-0.75,3.6));
#15789=CARTESIAN_POINT('',(6.2,-0.75,3.6));
#15790=VECTOR('',#15791,1.);
#15791=DIRECTION('',(1.,0.,0.));
#15792=CARTESIAN_POINT('',(6.80022213997861,-1.27,3.6));
#15793=CARTESIAN_POINT('',(6.5,-0.75,3.6));
#15794=VECTOR('',#15795,1.);
#15795=DIRECTION('',(0.5,-0.866025403784439,0.));
#15796=CARTESIAN_POINT('',(8.43977786002139,-1.27,3.6));
#15797=CARTESIAN_POINT('',(6.80022213997861,-1.27,3.6));
#15798=VECTOR('',#15799,1.);
#15799=DIRECTION('',(1.,0.,0.));
#15800=CARTESIAN_POINT('',(8.74,-0.75,3.6));
#15801=CARTESIAN_POINT('',(8.43977786002139,-1.27,3.6));
#15802=VECTOR('',#15803,1.);
#15803=DIRECTION('',(0.499999999999999,0.866025403784439,0.));
#15804=CARTESIAN_POINT('',(9.04,-0.75,3.6));
#15805=CARTESIAN_POINT('',(8.74,-0.75,3.6));
#15806=VECTOR('',#15807,1.);
#15807=DIRECTION('',(1.,0.,0.));
#15808=CARTESIAN_POINT('',(9.34022213997861,-1.27,3.6));
#15809=CARTESIAN_POINT('',(9.04,-0.75,3.6));
#15810=VECTOR('',#15811,1.);
#15811=DIRECTION('',(0.500000000000001,-0.866025403784438,0.));
#15812=CARTESIAN_POINT('',(10.9797778600214,-1.27,3.6));
#15813=CARTESIAN_POINT('',(9.34022213997861,-1.27,3.6));
#15814=VECTOR('',#15815,1.);
#15815=DIRECTION('',(1.,0.,0.));
#15816=CARTESIAN_POINT('',(11.28,-0.75,3.6));
#15817=CARTESIAN_POINT('',(10.9797778600214,-1.27,3.6));
#15818=VECTOR('',#15819,1.);
#15819=DIRECTION('',(0.499999999999999,0.866025403784439,0.));
#15820=CARTESIAN_POINT('',(11.58,-0.75,3.6));
#15821=CARTESIAN_POINT('',(11.28,-0.75,3.6));
#15822=VECTOR('',#15823,1.);
#15823=DIRECTION('',(1.,0.,0.));
#15824=CARTESIAN_POINT('',(11.8802221399786,-1.27,3.6));
#15825=CARTESIAN_POINT('',(11.58,-0.75,3.6));
#15826=VECTOR('',#15827,1.);
#15827=DIRECTION('',(0.500000000000001,-0.866025403784438,0.));
#15828=CARTESIAN_POINT('',(13.5197778600214,-1.27,3.6));
#15829=CARTESIAN_POINT('',(11.8802221399786,-1.27,3.6));
#15830=VECTOR('',#15831,1.);
#15831=DIRECTION('',(1.,0.,0.));
#15832=CARTESIAN_POINT('',(13.82,-0.75,3.6));
#15833=CARTESIAN_POINT('',(13.5197778600214,-1.27,3.6));
#15834=VECTOR('',#15835,1.);
#15835=DIRECTION('',(0.499999999999999,0.866025403784439,0.));
#15836=CARTESIAN_POINT('',(14.12,-0.75,3.6));
#15837=CARTESIAN_POINT('',(13.82,-0.75,3.6));
#15838=VECTOR('',#15839,1.);
#15839=DIRECTION('',(1.,0.,0.));
#15840=CARTESIAN_POINT('',(14.4202221399786,-1.27,3.6));
#15841=CARTESIAN_POINT('',(14.12,-0.75,3.6));
#15842=VECTOR('',#15843,1.);
#15843=DIRECTION('',(0.500000000000001,-0.866025403784438,0.));
#15844=CARTESIAN_POINT('',(16.0597778600214,-1.27,3.6));
#15845=CARTESIAN_POINT('',(14.4202221399786,-1.27,3.6));
#15846=VECTOR('',#15847,1.);
#15847=DIRECTION('',(1.,0.,0.));
#15848=CARTESIAN_POINT('',(16.36,-0.75,3.6));
#15849=CARTESIAN_POINT('',(16.0597778600214,-1.27,3.6));
#15850=VECTOR('',#15851,1.);
#15851=DIRECTION('',(0.499999999999999,0.866025403784439,0.));
#15852=CARTESIAN_POINT('',(16.66,-0.75,3.6));
#15853=CARTESIAN_POINT('',(16.36,-0.75,3.6));
#15854=VECTOR('',#15855,1.);
#15855=DIRECTION('',(1.,0.,0.));
#15856=CARTESIAN_POINT('',(16.9602221399786,-1.27,3.6));
#15857=CARTESIAN_POINT('',(16.66,-0.75,3.6));
#15858=VECTOR('',#15859,1.);
#15859=DIRECTION('',(0.499999999999999,-0.866025403784439,0.));
#15860=CARTESIAN_POINT('',(18.5997778600214,-1.27,3.6));
#15861=CARTESIAN_POINT('',(16.9602221399786,-1.27,3.6));
#15862=VECTOR('',#15863,1.);
#15863=DIRECTION('',(1.,0.,0.));
#15864=CARTESIAN_POINT('',(18.9,-0.75,3.6));
#15865=CARTESIAN_POINT('',(18.5997778600214,-1.27,3.6));
#15866=VECTOR('',#15867,1.);
#15867=DIRECTION('',(0.499999999999999,0.866025403784439,0.));
#15868=CARTESIAN_POINT('',(19.2,-0.75,3.6));
#15869=CARTESIAN_POINT('',(18.9,-0.75,3.6));
#15870=VECTOR('',#15871,1.);
#15871=DIRECTION('',(1.,0.,0.));
#15872=CARTESIAN_POINT('',(19.5002221399786,-1.27,3.6));
#15873=CARTESIAN_POINT('',(19.2,-0.75,3.6));
#15874=VECTOR('',#15875,1.);
#15875=DIRECTION('',(0.499999999999999,-0.866025403784439,0.));
#15876=CARTESIAN_POINT('',(21.1397778600214,-1.27,3.6));
#15877=CARTESIAN_POINT('',(19.5002221399786,-1.27,3.6));
#15878=VECTOR('',#15879,1.);
#15879=DIRECTION('',(1.,0.,0.));
#15880=CARTESIAN_POINT('',(21.44,-0.75,3.6));
#15881=CARTESIAN_POINT('',(21.1397778600214,-1.27,3.6));
#15882=VECTOR('',#15883,1.);
#15883=DIRECTION('',(0.499999999999999,0.866025403784439,0.));
#15884=CARTESIAN_POINT('',(21.74,-0.75,3.6));
#15885=CARTESIAN_POINT('',(21.44,-0.75,3.6));
#15886=VECTOR('',#15887,1.);
#15887=DIRECTION('',(1.,0.,0.));
#15888=CARTESIAN_POINT('',(22.0402221399786,-1.27,3.6));
#15889=CARTESIAN_POINT('',(21.74,-0.75,3.6));
#15890=VECTOR('',#15891,1.);
#15891=DIRECTION('',(0.499999999999999,-0.866025403784439,0.));
#15892=CARTESIAN_POINT('',(23.6797778600214,-1.27,3.6));
#15893=CARTESIAN_POINT('',(22.0402221399786,-1.27,3.6));
#15894=VECTOR('',#15895,1.);
#15895=DIRECTION('',(1.,0.,0.));
#15896=CARTESIAN_POINT('',(23.98,-0.75,3.6));
#15897=CARTESIAN_POINT('',(23.6797778600214,-1.27,3.6));
#15898=VECTOR('',#15899,1.);
#15899=DIRECTION('',(0.499999999999999,0.866025403784439,0.));
#15900=CARTESIAN_POINT('',(24.28,-0.75,3.6));
#15901=CARTESIAN_POINT('',(23.98,-0.75,3.6));
#15902=VECTOR('',#15903,1.);
#15903=DIRECTION('',(1.,0.,0.));
#15904=CARTESIAN_POINT('',(24.5802221399786,-1.27,3.6));
#15905=CARTESIAN_POINT('',(24.28,-0.75,3.6));
#15906=VECTOR('',#15907,1.);
#15907=DIRECTION('',(0.499999999999999,-0.866025403784439,0.));
#15908=CARTESIAN_POINT('',(26.2197778600214,-1.27,3.6));
#15909=CARTESIAN_POINT('',(24.5802221399786,-1.27,3.6));
#15910=VECTOR('',#15911,1.);
#15911=DIRECTION('',(1.,0.,0.));
#15912=CARTESIAN_POINT('',(26.52,-0.75,3.6));
#15913=CARTESIAN_POINT('',(26.2197778600214,-1.27,3.6));
#15914=VECTOR('',#15915,1.);
#15915=DIRECTION('',(0.499999999999999,0.866025403784439,0.));
#15916=CARTESIAN_POINT('',(26.82,-0.75,3.6));
#15917=CARTESIAN_POINT('',(26.52,-0.75,3.6));
#15918=VECTOR('',#15919,1.);
#15919=DIRECTION('',(1.,0.,0.));
#15920=CARTESIAN_POINT('',(27.1202221399786,-1.27,3.6));
#15921=CARTESIAN_POINT('',(26.82,-0.75,3.6));
#15922=VECTOR('',#15923,1.);
#15923=DIRECTION('',(0.499999999999999,-0.866025403784439,0.));
#15924=CARTESIAN_POINT('',(28.7597778600214,-1.27,3.6));
#15925=CARTESIAN_POINT('',(27.1202221399786,-1.27,3.6));
#15926=VECTOR('',#15927,1.);
#15927=DIRECTION('',(1.,0.,0.));
#15928=CARTESIAN_POINT('',(29.06,-0.75,3.6));
#15929=CARTESIAN_POINT('',(28.7597778600214,-1.27,3.6));
#15930=VECTOR('',#15931,1.);
#15931=DIRECTION('',(0.499999999999999,0.866025403784439,0.));
#15932=CARTESIAN_POINT('',(29.36,-0.75,3.6));
#15933=CARTESIAN_POINT('',(29.06,-0.75,3.6));
#15934=VECTOR('',#15935,1.);
#15935=DIRECTION('',(1.,0.,0.));
#15936=CARTESIAN_POINT('',(29.6602221399786,-1.27,3.6));
#15937=CARTESIAN_POINT('',(29.36,-0.75,3.6));
#15938=VECTOR('',#15939,1.);
#15939=DIRECTION('',(0.499999999999999,-0.866025403784439,0.));
#15940=CARTESIAN_POINT('',(31.2997778600214,-1.27,3.6));
#15941=CARTESIAN_POINT('',(29.6602221399786,-1.27,3.6));
#15942=VECTOR('',#15943,1.);
#15943=DIRECTION('',(1.,0.,0.));
#15944=CARTESIAN_POINT('',(31.6,-0.75,3.6));
#15945=CARTESIAN_POINT('',(31.2997778600214,-1.27,3.6));
#15946=VECTOR('',#15947,1.);
#15947=DIRECTION('',(0.499999999999999,0.866025403784439,0.));
#15948=CARTESIAN_POINT('',(31.9,-0.75,3.6));
#15949=CARTESIAN_POINT('',(31.6,-0.75,3.6));
#15950=VECTOR('',#15951,1.);
#15951=DIRECTION('',(1.,0.,0.));
#15952=CARTESIAN_POINT('',(32.2002221399786,-1.27,3.6));
#15953=CARTESIAN_POINT('',(31.9,-0.75,3.6));
#15954=VECTOR('',#15955,1.);
#15955=DIRECTION('',(0.499999999999999,-0.866025403784439,0.));
#15956=CARTESIAN_POINT('',(33.8397778600214,-1.27,3.6));
#15957=CARTESIAN_POINT('',(32.2002221399786,-1.27,3.6));
#15958=VECTOR('',#15959,1.);
#15959=DIRECTION('',(1.,0.,0.));
#15960=CARTESIAN_POINT('',(34.14,-0.75,3.6));
#15961=CARTESIAN_POINT('',(33.8397778600214,-1.27,3.6));
#15962=VECTOR('',#15963,1.);
#15963=DIRECTION('',(0.500000000000003,0.866025403784437,0.));
#15964=CARTESIAN_POINT('',(34.44,-0.75,3.6));
#15965=CARTESIAN_POINT('',(34.14,-0.75,3.6));
#15966=VECTOR('',#15967,1.);
#15967=DIRECTION('',(1.,0.,0.));
#15968=CARTESIAN_POINT('',(34.7402221399786,-1.27,3.6));
#15969=CARTESIAN_POINT('',(34.44,-0.75,3.6));
#15970=VECTOR('',#15971,1.);
#15971=DIRECTION('',(0.500000000000003,-0.866025403784437,0.));
#15972=CARTESIAN_POINT('',(36.3797778600214,-1.27,3.6));
#15973=CARTESIAN_POINT('',(34.7402221399786,-1.27,3.6));
#15974=VECTOR('',#15975,1.);
#15975=DIRECTION('',(1.,0.,0.));
#15976=CARTESIAN_POINT('',(36.68,-0.75,3.6));
#15977=CARTESIAN_POINT('',(36.3797778600214,-1.27,3.6));
#15978=VECTOR('',#15979,1.);
#15979=DIRECTION('',(0.500000000000003,0.866025403784437,0.));
#15980=CARTESIAN_POINT('',(36.98,-0.75,3.6));
#15981=CARTESIAN_POINT('',(36.68,-0.75,3.6));
#15982=VECTOR('',#15983,1.);
#15983=DIRECTION('',(1.,0.,0.));
#15984=CARTESIAN_POINT('',(37.2802221399786,-1.27,3.6));
#15985=CARTESIAN_POINT('',(36.98,-0.75,3.6));
#15986=VECTOR('',#15987,1.);
#15987=DIRECTION('',(0.500000000000003,-0.866025403784437,0.));
#15988=CARTESIAN_POINT('',(38.9197778600214,-1.27,3.6));
#15989=CARTESIAN_POINT('',(37.2802221399786,-1.27,3.6));
#15990=VECTOR('',#15991,1.);
#15991=DIRECTION('',(1.,0.,0.));
#15992=CARTESIAN_POINT('',(39.22,-0.75,3.6));
#15993=CARTESIAN_POINT('',(38.9197778600214,-1.27,3.6));
#15994=VECTOR('',#15995,1.);
#15995=DIRECTION('',(0.500000000000003,0.866025403784437,0.));
#15996=CARTESIAN_POINT('',(39.52,-0.75,3.6));
#15997=CARTESIAN_POINT('',(39.22,-0.75,3.6));
#15998=VECTOR('',#15999,1.);
#15999=DIRECTION('',(1.,0.,0.));
#16000=CARTESIAN_POINT('',(39.8202221399786,-1.27,3.6));
#16001=CARTESIAN_POINT('',(39.52,-0.75,3.6));
#16002=VECTOR('',#16003,1.);
#16003=DIRECTION('',(0.500000000000003,-0.866025403784437,0.));
#16004=CARTESIAN_POINT('',(41.4597778600214,-1.27,3.6));
#16005=CARTESIAN_POINT('',(39.8202221399786,-1.27,3.6));
#16006=VECTOR('',#16007,1.);
#16007=DIRECTION('',(1.,0.,0.));
#16008=CARTESIAN_POINT('',(41.76,-0.75,3.6));
#16009=CARTESIAN_POINT('',(41.4597778600214,-1.27,3.6));
#16010=VECTOR('',#16011,1.);
#16011=DIRECTION('',(0.500000000000003,0.866025403784437,0.));
#16012=CARTESIAN_POINT('',(42.06,-0.75,3.6));
#16013=CARTESIAN_POINT('',(41.76,-0.75,3.6));
#16014=VECTOR('',#16015,1.);
#16015=DIRECTION('',(1.,0.,0.));
#16016=CARTESIAN_POINT('',(42.3602221399786,-1.27,3.6));
#16017=CARTESIAN_POINT('',(42.06,-0.75,3.6));
#16018=VECTOR('',#16019,1.);
#16019=DIRECTION('',(0.500000000000003,-0.866025403784437,0.));
#16020=CARTESIAN_POINT('',(43.9997778600214,-1.27,3.6));
#16021=CARTESIAN_POINT('',(42.3602221399786,-1.27,3.6));
#16022=VECTOR('',#16023,1.);
#16023=DIRECTION('',(1.,0.,0.));
#16024=CARTESIAN_POINT('',(44.3,-0.75,3.6));
#16025=CARTESIAN_POINT('',(43.9997778600214,-1.27,3.6));
#16026=VECTOR('',#16027,1.);
#16027=DIRECTION('',(0.500000000000003,0.866025403784437,0.));
#16028=CARTESIAN_POINT('',(44.6,-0.75,3.6));
#16029=CARTESIAN_POINT('',(44.3,-0.75,3.6));
#16030=VECTOR('',#16031,1.);
#16031=DIRECTION('',(1.,0.,0.));
#16032=CARTESIAN_POINT('',(44.9002221399786,-1.27,3.6));
#16033=CARTESIAN_POINT('',(44.6,-0.75,3.6));
#16034=VECTOR('',#16035,1.);
#16035=DIRECTION('',(0.500000000000003,-0.866025403784437,0.));
#16036=CARTESIAN_POINT('',(46.5397778600214,-1.27,3.6));
#16037=CARTESIAN_POINT('',(44.9002221399786,-1.27,3.6));
#16038=VECTOR('',#16039,1.);
#16039=DIRECTION('',(1.,0.,0.));
#16040=CARTESIAN_POINT('',(46.84,-0.75,3.6));
#16041=CARTESIAN_POINT('',(46.5397778600214,-1.27,3.6));
#16042=VECTOR('',#16043,1.);
#16043=DIRECTION('',(0.500000000000003,0.866025403784437,0.));
#16044=CARTESIAN_POINT('',(47.14,-0.75,3.6));
#16045=CARTESIAN_POINT('',(46.84,-0.75,3.6));
#16046=VECTOR('',#16047,1.);
#16047=DIRECTION('',(1.,0.,0.));
#16048=CARTESIAN_POINT('',(47.4402221399786,-1.27,3.6));
#16049=CARTESIAN_POINT('',(47.14,-0.75,3.6));
#16050=VECTOR('',#16051,1.);
#16051=DIRECTION('',(0.500000000000003,-0.866025403784437,0.));
#16052=CARTESIAN_POINT('',(49.0797778600214,-1.27,3.6));
#16053=CARTESIAN_POINT('',(47.4402221399786,-1.27,3.6));
#16054=VECTOR('',#16055,1.);
#16055=DIRECTION('',(1.,0.,0.));
#16056=CARTESIAN_POINT('',(49.38,-0.75,3.6));
#16057=CARTESIAN_POINT('',(49.0797778600214,-1.27,3.6));
#16058=VECTOR('',#16059,1.);
#16059=DIRECTION('',(0.500000000000003,0.866025403784437,0.));
#16060=CARTESIAN_POINT('',(49.68,-0.75,3.6));
#16061=CARTESIAN_POINT('',(49.38,-0.75,3.6));
#16062=VECTOR('',#16063,1.);
#16063=DIRECTION('',(1.,0.,0.));
#16064=CARTESIAN_POINT('',(49.9802221399786,-1.27,3.6));
#16065=CARTESIAN_POINT('',(49.68,-0.75,3.6));
#16066=VECTOR('',#16067,1.);
#16067=DIRECTION('',(0.500000000000003,-0.866025403784437,0.));
#16068=CARTESIAN_POINT('',(51.6197778600214,-1.27,3.6));
#16069=CARTESIAN_POINT('',(49.9802221399786,-1.27,3.6));
#16070=VECTOR('',#16071,1.);
#16071=DIRECTION('',(1.,0.,0.));
#16072=CARTESIAN_POINT('',(51.92,-0.75,3.6));
#16073=CARTESIAN_POINT('',(51.6197778600214,-1.27,3.6));
#16074=VECTOR('',#16075,1.);
#16075=DIRECTION('',(0.500000000000003,0.866025403784437,0.));
#16076=CARTESIAN_POINT('',(52.22,-0.75,3.6));
#16077=CARTESIAN_POINT('',(51.92,-0.75,3.6));
#16078=VECTOR('',#16079,1.);
#16079=DIRECTION('',(1.,0.,0.));
#16080=CARTESIAN_POINT('',(52.5202221399786,-1.27,3.6));
#16081=CARTESIAN_POINT('',(52.22,-0.75,3.6));
#16082=VECTOR('',#16083,1.);
#16083=DIRECTION('',(0.500000000000003,-0.866025403784437,0.));
#16084=CARTESIAN_POINT('',(54.1597778600214,-1.27,3.6));
#16085=CARTESIAN_POINT('',(52.5202221399786,-1.27,3.6));
#16086=VECTOR('',#16087,1.);
#16087=DIRECTION('',(1.,0.,0.));
#16088=CARTESIAN_POINT('',(54.46,-0.75,3.6));
#16089=CARTESIAN_POINT('',(54.1597778600214,-1.27,3.6));
#16090=VECTOR('',#16091,1.);
#16091=DIRECTION('',(0.500000000000003,0.866025403784437,0.));
#16092=CARTESIAN_POINT('',(54.76,-0.75,3.6));
#16093=CARTESIAN_POINT('',(54.46,-0.75,3.6));
#16094=VECTOR('',#16095,1.);
#16095=DIRECTION('',(1.,0.,0.));
#16096=CARTESIAN_POINT('',(55.0602221399786,-1.27,3.6));
#16097=CARTESIAN_POINT('',(54.76,-0.75,3.6));
#16098=VECTOR('',#16099,1.);
#16099=DIRECTION('',(0.500000000000003,-0.866025403784437,0.));
#16100=CARTESIAN_POINT('',(56.6997778600214,-1.27,3.6));
#16101=CARTESIAN_POINT('',(55.0602221399786,-1.27,3.6));
#16102=VECTOR('',#16103,1.);
#16103=DIRECTION('',(1.,0.,0.));
#16104=CARTESIAN_POINT('',(57.,-0.75,3.6));
#16105=CARTESIAN_POINT('',(56.6997778600214,-1.27,3.6));
#16106=VECTOR('',#16107,1.);
#16107=DIRECTION('',(0.500000000000003,0.866025403784437,0.));
#16108=CARTESIAN_POINT('',(57.3,-0.75,3.6));
#16109=CARTESIAN_POINT('',(57.,-0.75,3.6));
#16110=VECTOR('',#16111,1.);
#16111=DIRECTION('',(1.,0.,0.));
#16112=CARTESIAN_POINT('',(57.6002221399786,-1.27,3.6));
#16113=CARTESIAN_POINT('',(57.3,-0.75,3.6));
#16114=VECTOR('',#16115,1.);
#16115=DIRECTION('',(0.500000000000003,-0.866025403784437,0.));
#16116=CARTESIAN_POINT('',(59.2397778600214,-1.27,3.6));
#16117=CARTESIAN_POINT('',(57.6002221399786,-1.27,3.6));
#16118=VECTOR('',#16119,1.);
#16119=DIRECTION('',(1.,0.,0.));
#16120=CARTESIAN_POINT('',(59.54,-0.75,3.6));
#16121=CARTESIAN_POINT('',(59.2397778600214,-1.27,3.6));
#16122=VECTOR('',#16123,1.);
#16123=DIRECTION('',(0.500000000000003,0.866025403784437,0.));
#16124=CARTESIAN_POINT('',(59.84,-0.75,3.6));
#16125=CARTESIAN_POINT('',(59.54,-0.75,3.6));
#16126=VECTOR('',#16127,1.);
#16127=DIRECTION('',(1.,0.,0.));
#16128=CARTESIAN_POINT('',(60.1402221399786,-1.27,3.6));
#16129=CARTESIAN_POINT('',(59.84,-0.75,3.6));
#16130=VECTOR('',#16131,1.);
#16131=DIRECTION('',(0.500000000000003,-0.866025403784437,0.));
#16132=CARTESIAN_POINT('',(61.7797778600214,-1.27,3.6));
#16133=CARTESIAN_POINT('',(60.1402221399786,-1.27,3.6));
#16134=VECTOR('',#16135,1.);
#16135=DIRECTION('',(1.,0.,0.));
#16136=CARTESIAN_POINT('',(62.08,-0.75,3.6));
#16137=CARTESIAN_POINT('',(61.7797778600214,-1.27,3.6));
#16138=VECTOR('',#16139,1.);
#16139=DIRECTION('',(0.500000000000003,0.866025403784437,0.));
#16140=CARTESIAN_POINT('',(62.38,-0.75,3.6));
#16141=CARTESIAN_POINT('',(62.08,-0.75,3.6));
#16142=VECTOR('',#16143,1.);
#16143=DIRECTION('',(1.,0.,0.));
#16144=CARTESIAN_POINT('',(62.6802221399786,-1.27,3.6));
#16145=CARTESIAN_POINT('',(62.38,-0.75,3.6));
#16146=VECTOR('',#16147,1.);
#16147=DIRECTION('',(0.500000000000003,-0.866025403784437,0.));
#16148=CARTESIAN_POINT('',(64.3197778600214,-1.27,3.6));
#16149=CARTESIAN_POINT('',(62.6802221399786,-1.27,3.6));
#16150=VECTOR('',#16151,1.);
#16151=DIRECTION('',(1.,0.,0.));
#16152=CARTESIAN_POINT('',(64.62,-0.75,3.6));
#16153=CARTESIAN_POINT('',(64.3197778600214,-1.27,3.6));
#16154=VECTOR('',#16155,1.);
#16155=DIRECTION('',(0.499999999999994,0.866025403784442,0.));
#16156=CARTESIAN_POINT('',(64.92,-0.75,3.6));
#16157=CARTESIAN_POINT('',(64.62,-0.75,3.6));
#16158=VECTOR('',#16159,1.);
#16159=DIRECTION('',(1.,0.,0.));
#16160=CARTESIAN_POINT('',(65.2202221399786,-1.27,3.6));
#16161=CARTESIAN_POINT('',(64.92,-0.75,3.6));
#16162=VECTOR('',#16163,1.);
#16163=DIRECTION('',(0.499999999999994,-0.866025403784442,0.));
#16164=CARTESIAN_POINT('',(66.8597778600214,-1.27,3.6));
#16165=CARTESIAN_POINT('',(65.2202221399786,-1.27,3.6));
#16166=VECTOR('',#16167,1.);
#16167=DIRECTION('',(1.,0.,0.));
#16168=CARTESIAN_POINT('',(67.16,-0.75,3.6));
#16169=CARTESIAN_POINT('',(66.8597778600214,-1.27,3.6));
#16170=VECTOR('',#16171,1.);
#16171=DIRECTION('',(0.499999999999994,0.866025403784442,0.));
#16172=CARTESIAN_POINT('',(67.46,-0.75,3.6));
#16173=CARTESIAN_POINT('',(67.16,-0.75,3.6));
#16174=VECTOR('',#16175,1.);
#16175=DIRECTION('',(1.,0.,0.));
#16176=CARTESIAN_POINT('',(67.7602221399786,-1.27,3.6));
#16177=CARTESIAN_POINT('',(67.46,-0.75,3.6));
#16178=VECTOR('',#16179,1.);
#16179=DIRECTION('',(0.499999999999994,-0.866025403784442,0.));
#16180=CARTESIAN_POINT('',(69.3997778600214,-1.27,3.6));
#16181=CARTESIAN_POINT('',(67.7602221399786,-1.27,3.6));
#16182=VECTOR('',#16183,1.);
#16183=DIRECTION('',(1.,0.,0.));
#16184=CARTESIAN_POINT('',(69.7,-0.75,3.6));
#16185=CARTESIAN_POINT('',(69.3997778600214,-1.27,3.6));
#16186=VECTOR('',#16187,1.);
#16187=DIRECTION('',(0.499999999999994,0.866025403784442,0.));
#16188=CARTESIAN_POINT('',(70.,-0.75,3.6));
#16189=CARTESIAN_POINT('',(69.7,-0.75,3.6));
#16190=VECTOR('',#16191,1.);
#16191=DIRECTION('',(1.,0.,0.));
#16192=CARTESIAN_POINT('',(70.3002221399786,-1.27,3.6));
#16193=CARTESIAN_POINT('',(70.,-0.75,3.6));
#16194=VECTOR('',#16195,1.);
#16195=DIRECTION('',(0.499999999999994,-0.866025403784442,0.));
#16196=CARTESIAN_POINT('',(71.9397778600214,-1.27,3.6));
#16197=CARTESIAN_POINT('',(70.3002221399786,-1.27,3.6));
#16198=VECTOR('',#16199,1.);
#16199=DIRECTION('',(1.,0.,0.));
#16200=CARTESIAN_POINT('',(72.24,-0.75,3.6));
#16201=CARTESIAN_POINT('',(71.9397778600214,-1.27,3.6));
#16202=VECTOR('',#16203,1.);
#16203=DIRECTION('',(0.499999999999994,0.866025403784442,0.));
#16204=CARTESIAN_POINT('',(72.39,-0.75,3.6));
#16205=CARTESIAN_POINT('',(72.24,-0.75,3.6));
#16206=VECTOR('',#16207,1.);
#16207=DIRECTION('',(1.,0.,0.));
#16208=CARTESIAN_POINT('',(72.39,0.75,3.6));
#16209=CARTESIAN_POINT('',(72.39,-0.75,3.6));
#16210=VECTOR('',#16211,1.);
#16211=DIRECTION('',(0.,1.,0.));
#16212=CARTESIAN_POINT('',(72.24,0.75,3.6));
#16213=CARTESIAN_POINT('',(72.39,0.75,3.6));
#16214=VECTOR('',#16215,1.);
#16215=DIRECTION('',(-1.,0.,0.));
#16216=CARTESIAN_POINT('',(71.9397778600214,1.27,3.6));
#16217=CARTESIAN_POINT('',(72.24,0.75,3.6));
#16218=VECTOR('',#16219,1.);
#16219=DIRECTION('',(-0.499999999999994,0.866025403784442,0.));
#16220=CARTESIAN_POINT('',(70.3002221399786,1.27,3.6));
#16221=CARTESIAN_POINT('',(71.9397778600214,1.27,3.6));
#16222=VECTOR('',#16223,1.);
#16223=DIRECTION('',(-1.,0.,0.));
#16224=CARTESIAN_POINT('',(70.,0.75,3.6));
#16225=CARTESIAN_POINT('',(70.3002221399786,1.27,3.6));
#16226=VECTOR('',#16227,1.);
#16227=DIRECTION('',(-0.499999999999994,-0.866025403784442,0.));
#16228=CARTESIAN_POINT('',(69.7,0.75,3.6));
#16229=CARTESIAN_POINT('',(70.,0.75,3.6));
#16230=VECTOR('',#16231,1.);
#16231=DIRECTION('',(-1.,0.,0.));
#16232=CARTESIAN_POINT('',(69.3997778600214,1.27,3.6));
#16233=CARTESIAN_POINT('',(69.7,0.75,3.6));
#16234=VECTOR('',#16235,1.);
#16235=DIRECTION('',(-0.499999999999994,0.866025403784442,0.));
#16236=CARTESIAN_POINT('',(67.7602221399786,1.27,3.6));
#16237=CARTESIAN_POINT('',(69.3997778600214,1.27,3.6));
#16238=VECTOR('',#16239,1.);
#16239=DIRECTION('',(-1.,0.,0.));
#16240=CARTESIAN_POINT('',(67.46,0.75,3.6));
#16241=CARTESIAN_POINT('',(67.7602221399786,1.27,3.6));
#16242=VECTOR('',#16243,1.);
#16243=DIRECTION('',(-0.499999999999994,-0.866025403784442,0.));
#16244=CARTESIAN_POINT('',(67.16,0.75,3.6));
#16245=CARTESIAN_POINT('',(67.46,0.75,3.6));
#16246=VECTOR('',#16247,1.);
#16247=DIRECTION('',(-1.,0.,0.));
#16248=CARTESIAN_POINT('',(66.8597778600214,1.27,3.6));
#16249=CARTESIAN_POINT('',(67.16,0.75,3.6));
#16250=VECTOR('',#16251,1.);
#16251=DIRECTION('',(-0.499999999999994,0.866025403784442,0.));
#16252=CARTESIAN_POINT('',(65.2202221399786,1.27,3.6));
#16253=CARTESIAN_POINT('',(66.8597778600214,1.27,3.6));
#16254=VECTOR('',#16255,1.);
#16255=DIRECTION('',(-1.,0.,0.));
#16256=CARTESIAN_POINT('',(64.92,0.75,3.6));
#16257=CARTESIAN_POINT('',(65.2202221399786,1.27,3.6));
#16258=VECTOR('',#16259,1.);
#16259=DIRECTION('',(-0.499999999999994,-0.866025403784442,0.));
#16260=CARTESIAN_POINT('',(64.62,0.75,3.6));
#16261=CARTESIAN_POINT('',(64.92,0.75,3.6));
#16262=VECTOR('',#16263,1.);
#16263=DIRECTION('',(-1.,0.,0.));
#16264=CARTESIAN_POINT('',(64.3197778600214,1.27,3.6));
#16265=CARTESIAN_POINT('',(64.62,0.75,3.6));
#16266=VECTOR('',#16267,1.);
#16267=DIRECTION('',(-0.499999999999994,0.866025403784442,0.));
#16268=CARTESIAN_POINT('',(62.6802221399786,1.27,3.6));
#16269=CARTESIAN_POINT('',(64.3197778600214,1.27,3.6));
#16270=VECTOR('',#16271,1.);
#16271=DIRECTION('',(-1.,0.,0.));
#16272=CARTESIAN_POINT('',(62.38,0.75,3.6));
#16273=CARTESIAN_POINT('',(62.6802221399786,1.27,3.6));
#16274=VECTOR('',#16275,1.);
#16275=DIRECTION('',(-0.500000000000003,-0.866025403784437,0.));
#16276=CARTESIAN_POINT('',(62.08,0.75,3.6));
#16277=CARTESIAN_POINT('',(62.38,0.75,3.6));
#16278=VECTOR('',#16279,1.);
#16279=DIRECTION('',(-1.,0.,0.));
#16280=CARTESIAN_POINT('',(61.7797778600214,1.27,3.6));
#16281=CARTESIAN_POINT('',(62.08,0.75,3.6));
#16282=VECTOR('',#16283,1.);
#16283=DIRECTION('',(-0.500000000000003,0.866025403784437,0.));
#16284=CARTESIAN_POINT('',(60.1402221399786,1.27,3.6));
#16285=CARTESIAN_POINT('',(61.7797778600214,1.27,3.6));
#16286=VECTOR('',#16287,1.);
#16287=DIRECTION('',(-1.,0.,0.));
#16288=CARTESIAN_POINT('',(59.84,0.75,3.6));
#16289=CARTESIAN_POINT('',(60.1402221399786,1.27,3.6));
#16290=VECTOR('',#16291,1.);
#16291=DIRECTION('',(-0.500000000000003,-0.866025403784437,0.));
#16292=CARTESIAN_POINT('',(59.54,0.75,3.6));
#16293=CARTESIAN_POINT('',(59.84,0.75,3.6));
#16294=VECTOR('',#16295,1.);
#16295=DIRECTION('',(-1.,0.,0.));
#16296=CARTESIAN_POINT('',(59.2397778600214,1.27,3.6));
#16297=CARTESIAN_POINT('',(59.54,0.75,3.6));
#16298=VECTOR('',#16299,1.);
#16299=DIRECTION('',(-0.500000000000003,0.866025403784437,0.));
#16300=CARTESIAN_POINT('',(57.6002221399786,1.27,3.6));
#16301=CARTESIAN_POINT('',(59.2397778600214,1.27,3.6));
#16302=VECTOR('',#16303,1.);
#16303=DIRECTION('',(-1.,0.,0.));
#16304=CARTESIAN_POINT('',(57.3,0.75,3.6));
#16305=CARTESIAN_POINT('',(57.6002221399786,1.27,3.6));
#16306=VECTOR('',#16307,1.);
#16307=DIRECTION('',(-0.500000000000003,-0.866025403784437,0.));
#16308=CARTESIAN_POINT('',(57.,0.75,3.6));
#16309=CARTESIAN_POINT('',(57.3,0.75,3.6));
#16310=VECTOR('',#16311,1.);
#16311=DIRECTION('',(-1.,0.,0.));
#16312=CARTESIAN_POINT('',(56.6997778600214,1.27,3.6));
#16313=CARTESIAN_POINT('',(57.,0.75,3.6));
#16314=VECTOR('',#16315,1.);
#16315=DIRECTION('',(-0.500000000000003,0.866025403784437,0.));
#16316=CARTESIAN_POINT('',(55.0602221399786,1.27,3.6));
#16317=CARTESIAN_POINT('',(56.6997778600214,1.27,3.6));
#16318=VECTOR('',#16319,1.);
#16319=DIRECTION('',(-1.,0.,0.));
#16320=CARTESIAN_POINT('',(54.76,0.75,3.6));
#16321=CARTESIAN_POINT('',(55.0602221399786,1.27,3.6));
#16322=VECTOR('',#16323,1.);
#16323=DIRECTION('',(-0.500000000000003,-0.866025403784437,0.));
#16324=CARTESIAN_POINT('',(54.46,0.75,3.6));
#16325=CARTESIAN_POINT('',(54.76,0.75,3.6));
#16326=VECTOR('',#16327,1.);
#16327=DIRECTION('',(-1.,0.,0.));
#16328=CARTESIAN_POINT('',(54.1597778600214,1.27,3.6));
#16329=CARTESIAN_POINT('',(54.46,0.75,3.6));
#16330=VECTOR('',#16331,1.);
#16331=DIRECTION('',(-0.500000000000003,0.866025403784437,0.));
#16332=CARTESIAN_POINT('',(52.5202221399786,1.27,3.6));
#16333=CARTESIAN_POINT('',(54.1597778600214,1.27,3.6));
#16334=VECTOR('',#16335,1.);
#16335=DIRECTION('',(-1.,0.,0.));
#16336=CARTESIAN_POINT('',(52.22,0.75,3.6));
#16337=CARTESIAN_POINT('',(52.5202221399786,1.27,3.6));
#16338=VECTOR('',#16339,1.);
#16339=DIRECTION('',(-0.500000000000003,-0.866025403784437,0.));
#16340=CARTESIAN_POINT('',(51.92,0.75,3.6));
#16341=CARTESIAN_POINT('',(52.22,0.75,3.6));
#16342=VECTOR('',#16343,1.);
#16343=DIRECTION('',(-1.,0.,0.));
#16344=CARTESIAN_POINT('',(51.6197778600214,1.27,3.6));
#16345=CARTESIAN_POINT('',(51.92,0.75,3.6));
#16346=VECTOR('',#16347,1.);
#16347=DIRECTION('',(-0.500000000000003,0.866025403784437,0.));
#16348=CARTESIAN_POINT('',(49.9802221399786,1.27,3.6));
#16349=CARTESIAN_POINT('',(51.6197778600214,1.27,3.6));
#16350=VECTOR('',#16351,1.);
#16351=DIRECTION('',(-1.,0.,0.));
#16352=CARTESIAN_POINT('',(49.68,0.75,3.6));
#16353=CARTESIAN_POINT('',(49.9802221399786,1.27,3.6));
#16354=VECTOR('',#16355,1.);
#16355=DIRECTION('',(-0.500000000000003,-0.866025403784437,0.));
#16356=CARTESIAN_POINT('',(49.38,0.75,3.6));
#16357=CARTESIAN_POINT('',(49.68,0.75,3.6));
#16358=VECTOR('',#16359,1.);
#16359=DIRECTION('',(-1.,0.,0.));
#16360=CARTESIAN_POINT('',(49.0797778600214,1.27,3.6));
#16361=CARTESIAN_POINT('',(49.38,0.75,3.6));
#16362=VECTOR('',#16363,1.);
#16363=DIRECTION('',(-0.500000000000003,0.866025403784437,0.));
#16364=CARTESIAN_POINT('',(47.4402221399786,1.27,3.6));
#16365=CARTESIAN_POINT('',(49.0797778600214,1.27,3.6));
#16366=VECTOR('',#16367,1.);
#16367=DIRECTION('',(-1.,0.,0.));
#16368=CARTESIAN_POINT('',(47.14,0.75,3.6));
#16369=CARTESIAN_POINT('',(47.4402221399786,1.27,3.6));
#16370=VECTOR('',#16371,1.);
#16371=DIRECTION('',(-0.500000000000003,-0.866025403784437,0.));
#16372=CARTESIAN_POINT('',(46.84,0.75,3.6));
#16373=CARTESIAN_POINT('',(47.14,0.75,3.6));
#16374=VECTOR('',#16375,1.);
#16375=DIRECTION('',(-1.,0.,0.));
#16376=CARTESIAN_POINT('',(46.5397778600214,1.27,3.6));
#16377=CARTESIAN_POINT('',(46.84,0.75,3.6));
#16378=VECTOR('',#16379,1.);
#16379=DIRECTION('',(-0.500000000000003,0.866025403784437,0.));
#16380=CARTESIAN_POINT('',(44.9002221399786,1.27,3.6));
#16381=CARTESIAN_POINT('',(46.5397778600214,1.27,3.6));
#16382=VECTOR('',#16383,1.);
#16383=DIRECTION('',(-1.,0.,0.));
#16384=CARTESIAN_POINT('',(44.6,0.75,3.6));
#16385=CARTESIAN_POINT('',(44.9002221399786,1.27,3.6));
#16386=VECTOR('',#16387,1.);
#16387=DIRECTION('',(-0.500000000000003,-0.866025403784437,0.));
#16388=CARTESIAN_POINT('',(44.3,0.75,3.6));
#16389=CARTESIAN_POINT('',(44.6,0.75,3.6));
#16390=VECTOR('',#16391,1.);
#16391=DIRECTION('',(-1.,0.,0.));
#16392=CARTESIAN_POINT('',(43.9997778600214,1.27,3.6));
#16393=CARTESIAN_POINT('',(44.3,0.75,3.6));
#16394=VECTOR('',#16395,1.);
#16395=DIRECTION('',(-0.500000000000003,0.866025403784437,0.));
#16396=CARTESIAN_POINT('',(42.3602221399786,1.27,3.6));
#16397=CARTESIAN_POINT('',(43.9997778600214,1.27,3.6));
#16398=VECTOR('',#16399,1.);
#16399=DIRECTION('',(-1.,0.,0.));
#16400=CARTESIAN_POINT('',(42.06,0.75,3.6));
#16401=CARTESIAN_POINT('',(42.3602221399786,1.27,3.6));
#16402=VECTOR('',#16403,1.);
#16403=DIRECTION('',(-0.500000000000003,-0.866025403784437,0.));
#16404=CARTESIAN_POINT('',(41.76,0.75,3.6));
#16405=CARTESIAN_POINT('',(42.06,0.75,3.6));
#16406=VECTOR('',#16407,1.);
#16407=DIRECTION('',(-1.,0.,0.));
#16408=CARTESIAN_POINT('',(41.4597778600214,1.27,3.6));
#16409=CARTESIAN_POINT('',(41.76,0.75,3.6));
#16410=VECTOR('',#16411,1.);
#16411=DIRECTION('',(-0.500000000000003,0.866025403784437,0.));
#16412=CARTESIAN_POINT('',(39.8202221399786,1.27,3.6));
#16413=CARTESIAN_POINT('',(41.4597778600214,1.27,3.6));
#16414=VECTOR('',#16415,1.);
#16415=DIRECTION('',(-1.,0.,0.));
#16416=CARTESIAN_POINT('',(39.52,0.75,3.6));
#16417=CARTESIAN_POINT('',(39.8202221399786,1.27,3.6));
#16418=VECTOR('',#16419,1.);
#16419=DIRECTION('',(-0.500000000000003,-0.866025403784437,0.));
#16420=CARTESIAN_POINT('',(39.22,0.75,3.6));
#16421=CARTESIAN_POINT('',(39.52,0.75,3.6));
#16422=VECTOR('',#16423,1.);
#16423=DIRECTION('',(-1.,0.,0.));
#16424=CARTESIAN_POINT('',(38.9197778600214,1.27,3.6));
#16425=CARTESIAN_POINT('',(39.22,0.75,3.6));
#16426=VECTOR('',#16427,1.);
#16427=DIRECTION('',(-0.500000000000003,0.866025403784437,0.));
#16428=CARTESIAN_POINT('',(37.2802221399786,1.27,3.6));
#16429=CARTESIAN_POINT('',(38.9197778600214,1.27,3.6));
#16430=VECTOR('',#16431,1.);
#16431=DIRECTION('',(-1.,0.,0.));
#16432=CARTESIAN_POINT('',(36.98,0.75,3.6));
#16433=CARTESIAN_POINT('',(37.2802221399786,1.27,3.6));
#16434=VECTOR('',#16435,1.);
#16435=DIRECTION('',(-0.500000000000003,-0.866025403784437,0.));
#16436=CARTESIAN_POINT('',(36.68,0.75,3.6));
#16437=CARTESIAN_POINT('',(36.98,0.75,3.6));
#16438=VECTOR('',#16439,1.);
#16439=DIRECTION('',(-1.,0.,0.));
#16440=CARTESIAN_POINT('',(36.3797778600214,1.27,3.6));
#16441=CARTESIAN_POINT('',(36.68,0.75,3.6));
#16442=VECTOR('',#16443,1.);
#16443=DIRECTION('',(-0.500000000000003,0.866025403784437,0.));
#16444=CARTESIAN_POINT('',(34.7402221399786,1.27,3.6));
#16445=CARTESIAN_POINT('',(36.3797778600214,1.27,3.6));
#16446=VECTOR('',#16447,1.);
#16447=DIRECTION('',(-1.,0.,0.));
#16448=CARTESIAN_POINT('',(34.44,0.75,3.6));
#16449=CARTESIAN_POINT('',(34.7402221399786,1.27,3.6));
#16450=VECTOR('',#16451,1.);
#16451=DIRECTION('',(-0.500000000000003,-0.866025403784437,0.));
#16452=CARTESIAN_POINT('',(34.14,0.75,3.6));
#16453=CARTESIAN_POINT('',(34.44,0.75,3.6));
#16454=VECTOR('',#16455,1.);
#16455=DIRECTION('',(-1.,0.,0.));
#16456=CARTESIAN_POINT('',(33.8397778600214,1.27,3.6));
#16457=CARTESIAN_POINT('',(34.14,0.75,3.6));
#16458=VECTOR('',#16459,1.);
#16459=DIRECTION('',(-0.500000000000003,0.866025403784437,0.));
#16460=CARTESIAN_POINT('',(32.2002221399786,1.27,3.6));
#16461=CARTESIAN_POINT('',(33.8397778600214,1.27,3.6));
#16462=VECTOR('',#16463,1.);
#16463=DIRECTION('',(-1.,0.,0.));
#16464=CARTESIAN_POINT('',(31.9,0.75,3.6));
#16465=CARTESIAN_POINT('',(32.2002221399786,1.27,3.6));
#16466=VECTOR('',#16467,1.);
#16467=DIRECTION('',(-0.499999999999999,-0.866025403784439,0.));
#16468=CARTESIAN_POINT('',(31.6,0.75,3.6));
#16469=CARTESIAN_POINT('',(31.9,0.75,3.6));
#16470=VECTOR('',#16471,1.);
#16471=DIRECTION('',(-1.,0.,0.));
#16472=CARTESIAN_POINT('',(31.2997778600214,1.27,3.6));
#16473=CARTESIAN_POINT('',(31.6,0.75,3.6));
#16474=VECTOR('',#16475,1.);
#16475=DIRECTION('',(-0.499999999999999,0.866025403784439,0.));
#16476=CARTESIAN_POINT('',(29.6602221399786,1.27,3.6));
#16477=CARTESIAN_POINT('',(31.2997778600214,1.27,3.6));
#16478=VECTOR('',#16479,1.);
#16479=DIRECTION('',(-1.,0.,0.));
#16480=CARTESIAN_POINT('',(29.36,0.75,3.6));
#16481=CARTESIAN_POINT('',(29.6602221399786,1.27,3.6));
#16482=VECTOR('',#16483,1.);
#16483=DIRECTION('',(-0.499999999999999,-0.866025403784439,0.));
#16484=CARTESIAN_POINT('',(29.06,0.75,3.6));
#16485=CARTESIAN_POINT('',(29.36,0.75,3.6));
#16486=VECTOR('',#16487,1.);
#16487=DIRECTION('',(-1.,0.,0.));
#16488=CARTESIAN_POINT('',(28.7597778600214,1.27,3.6));
#16489=CARTESIAN_POINT('',(29.06,0.75,3.6));
#16490=VECTOR('',#16491,1.);
#16491=DIRECTION('',(-0.499999999999999,0.866025403784439,0.));
#16492=CARTESIAN_POINT('',(27.1202221399786,1.27,3.6));
#16493=CARTESIAN_POINT('',(28.7597778600214,1.27,3.6));
#16494=VECTOR('',#16495,1.);
#16495=DIRECTION('',(-1.,0.,0.));
#16496=CARTESIAN_POINT('',(26.82,0.75,3.6));
#16497=CARTESIAN_POINT('',(27.1202221399786,1.27,3.6));
#16498=VECTOR('',#16499,1.);
#16499=DIRECTION('',(-0.499999999999999,-0.866025403784439,0.));
#16500=CARTESIAN_POINT('',(26.52,0.75,3.6));
#16501=CARTESIAN_POINT('',(26.82,0.75,3.6));
#16502=VECTOR('',#16503,1.);
#16503=DIRECTION('',(-1.,0.,0.));
#16504=CARTESIAN_POINT('',(26.2197778600214,1.27,3.6));
#16505=CARTESIAN_POINT('',(26.52,0.75,3.6));
#16506=VECTOR('',#16507,1.);
#16507=DIRECTION('',(-0.499999999999999,0.866025403784439,0.));
#16508=CARTESIAN_POINT('',(24.5802221399786,1.27,3.6));
#16509=CARTESIAN_POINT('',(26.2197778600214,1.27,3.6));
#16510=VECTOR('',#16511,1.);
#16511=DIRECTION('',(-1.,0.,0.));
#16512=CARTESIAN_POINT('',(24.28,0.75,3.6));
#16513=CARTESIAN_POINT('',(24.5802221399786,1.27,3.6));
#16514=VECTOR('',#16515,1.);
#16515=DIRECTION('',(-0.499999999999999,-0.866025403784439,0.));
#16516=CARTESIAN_POINT('',(23.98,0.75,3.6));
#16517=CARTESIAN_POINT('',(24.28,0.75,3.6));
#16518=VECTOR('',#16519,1.);
#16519=DIRECTION('',(-1.,0.,0.));
#16520=CARTESIAN_POINT('',(23.6797778600214,1.27,3.6));
#16521=CARTESIAN_POINT('',(23.98,0.75,3.6));
#16522=VECTOR('',#16523,1.);
#16523=DIRECTION('',(-0.499999999999999,0.866025403784439,0.));
#16524=CARTESIAN_POINT('',(22.0402221399786,1.27,3.6));
#16525=CARTESIAN_POINT('',(23.6797778600214,1.27,3.6));
#16526=VECTOR('',#16527,1.);
#16527=DIRECTION('',(-1.,0.,0.));
#16528=CARTESIAN_POINT('',(21.74,0.75,3.6));
#16529=CARTESIAN_POINT('',(22.0402221399786,1.27,3.6));
#16530=VECTOR('',#16531,1.);
#16531=DIRECTION('',(-0.499999999999999,-0.866025403784439,0.));
#16532=CARTESIAN_POINT('',(21.44,0.75,3.6));
#16533=CARTESIAN_POINT('',(21.74,0.75,3.6));
#16534=VECTOR('',#16535,1.);
#16535=DIRECTION('',(-1.,0.,0.));
#16536=CARTESIAN_POINT('',(21.1397778600214,1.27,3.6));
#16537=CARTESIAN_POINT('',(21.44,0.75,3.6));
#16538=VECTOR('',#16539,1.);
#16539=DIRECTION('',(-0.499999999999999,0.866025403784439,0.));
#16540=CARTESIAN_POINT('',(19.5002221399786,1.27,3.6));
#16541=CARTESIAN_POINT('',(21.1397778600214,1.27,3.6));
#16542=VECTOR('',#16543,1.);
#16543=DIRECTION('',(-1.,0.,0.));
#16544=CARTESIAN_POINT('',(19.2,0.75,3.6));
#16545=CARTESIAN_POINT('',(19.5002221399786,1.27,3.6));
#16546=VECTOR('',#16547,1.);
#16547=DIRECTION('',(-0.499999999999999,-0.866025403784439,0.));
#16548=CARTESIAN_POINT('',(18.9,0.75,3.6));
#16549=CARTESIAN_POINT('',(19.2,0.75,3.6));
#16550=VECTOR('',#16551,1.);
#16551=DIRECTION('',(-1.,0.,0.));
#16552=CARTESIAN_POINT('',(18.5997778600214,1.27,3.6));
#16553=CARTESIAN_POINT('',(18.9,0.75,3.6));
#16554=VECTOR('',#16555,1.);
#16555=DIRECTION('',(-0.499999999999999,0.866025403784439,0.));
#16556=CARTESIAN_POINT('',(16.9602221399786,1.27,3.6));
#16557=CARTESIAN_POINT('',(18.5997778600214,1.27,3.6));
#16558=VECTOR('',#16559,1.);
#16559=DIRECTION('',(-1.,0.,0.));
#16560=CARTESIAN_POINT('',(16.66,0.75,3.6));
#16561=CARTESIAN_POINT('',(16.9602221399786,1.27,3.6));
#16562=VECTOR('',#16563,1.);
#16563=DIRECTION('',(-0.499999999999999,-0.866025403784439,0.));
#16564=CARTESIAN_POINT('',(16.36,0.75,3.6));
#16565=CARTESIAN_POINT('',(16.66,0.75,3.6));
#16566=VECTOR('',#16567,1.);
#16567=DIRECTION('',(-1.,0.,0.));
#16568=CARTESIAN_POINT('',(16.0597778600214,1.27,3.6));
#16569=CARTESIAN_POINT('',(16.36,0.75,3.6));
#16570=VECTOR('',#16571,1.);
#16571=DIRECTION('',(-0.499999999999999,0.866025403784439,0.));
#16572=CARTESIAN_POINT('',(14.4202221399786,1.27,3.6));
#16573=CARTESIAN_POINT('',(16.0597778600214,1.27,3.6));
#16574=VECTOR('',#16575,1.);
#16575=DIRECTION('',(-1.,0.,0.));
#16576=CARTESIAN_POINT('',(14.12,0.75,3.6));
#16577=CARTESIAN_POINT('',(14.4202221399786,1.27,3.6));
#16578=VECTOR('',#16579,1.);
#16579=DIRECTION('',(-0.499999999999999,-0.866025403784439,0.));
#16580=CARTESIAN_POINT('',(13.82,0.75,3.6));
#16581=CARTESIAN_POINT('',(14.12,0.75,3.6));
#16582=VECTOR('',#16583,1.);
#16583=DIRECTION('',(-1.,0.,0.));
#16584=CARTESIAN_POINT('',(13.5197778600214,1.27,3.6));
#16585=CARTESIAN_POINT('',(13.82,0.75,3.6));
#16586=VECTOR('',#16587,1.);
#16587=DIRECTION('',(-0.500000000000001,0.866025403784438,0.));
#16588=CARTESIAN_POINT('',(11.8802221399786,1.27,3.6));
#16589=CARTESIAN_POINT('',(13.5197778600214,1.27,3.6));
#16590=VECTOR('',#16591,1.);
#16591=DIRECTION('',(-1.,0.,0.));
#16592=CARTESIAN_POINT('',(11.58,0.75,3.6));
#16593=CARTESIAN_POINT('',(11.8802221399786,1.27,3.6));
#16594=VECTOR('',#16595,1.);
#16595=DIRECTION('',(-0.499999999999999,-0.866025403784439,0.));
#16596=CARTESIAN_POINT('',(11.28,0.75,3.6));
#16597=CARTESIAN_POINT('',(11.58,0.75,3.6));
#16598=VECTOR('',#16599,1.);
#16599=DIRECTION('',(-1.,0.,0.));
#16600=CARTESIAN_POINT('',(10.9797778600214,1.27,3.6));
#16601=CARTESIAN_POINT('',(11.28,0.75,3.6));
#16602=VECTOR('',#16603,1.);
#16603=DIRECTION('',(-0.500000000000001,0.866025403784438,0.));
#16604=CARTESIAN_POINT('',(9.34022213997861,1.27,3.6));
#16605=CARTESIAN_POINT('',(10.9797778600214,1.27,3.6));
#16606=VECTOR('',#16607,1.);
#16607=DIRECTION('',(-1.,0.,0.));
#16608=CARTESIAN_POINT('',(9.04,0.75,3.6));
#16609=CARTESIAN_POINT('',(9.34022213997861,1.27,3.6));
#16610=VECTOR('',#16611,1.);
#16611=DIRECTION('',(-0.499999999999999,-0.866025403784439,0.));
#16612=CARTESIAN_POINT('',(8.74,0.75,3.6));
#16613=CARTESIAN_POINT('',(9.04,0.75,3.6));
#16614=VECTOR('',#16615,1.);
#16615=DIRECTION('',(-1.,0.,0.));
#16616=CARTESIAN_POINT('',(8.43977786002139,1.27,3.6));
#16617=CARTESIAN_POINT('',(8.74,0.75,3.6));
#16618=VECTOR('',#16619,1.);
#16619=DIRECTION('',(-0.500000000000001,0.866025403784438,0.));
#16620=CARTESIAN_POINT('',(6.80022213997861,1.27,3.6));
#16621=CARTESIAN_POINT('',(8.43977786002139,1.27,3.6));
#16622=VECTOR('',#16623,1.);
#16623=DIRECTION('',(-1.,0.,0.));
#16624=CARTESIAN_POINT('',(6.5,0.75,3.6));
#16625=CARTESIAN_POINT('',(6.80022213997861,1.27,3.6));
#16626=VECTOR('',#16627,1.);
#16627=DIRECTION('',(-0.5,-0.866025403784439,0.));
#16628=CARTESIAN_POINT('',(6.2,0.75,3.6));
#16629=CARTESIAN_POINT('',(6.5,0.75,3.6));
#16630=VECTOR('',#16631,1.);
#16631=DIRECTION('',(-1.,0.,0.));
#16632=CARTESIAN_POINT('',(5.89977786002139,1.27,3.6));
#16633=CARTESIAN_POINT('',(6.2,0.75,3.6));
#16634=VECTOR('',#16635,1.);
#16635=DIRECTION('',(-0.5,0.866025403784439,0.));
#16636=CARTESIAN_POINT('',(4.26022213997861,1.27,3.6));
#16637=CARTESIAN_POINT('',(5.89977786002139,1.27,3.6));
#16638=VECTOR('',#16639,1.);
#16639=DIRECTION('',(-1.,0.,0.));
#16640=CARTESIAN_POINT('',(3.96,0.75,3.6));
#16641=CARTESIAN_POINT('',(4.26022213997861,1.27,3.6));
#16642=VECTOR('',#16643,1.);
#16643=DIRECTION('',(-0.5,-0.866025403784439,0.));
#16644=CARTESIAN_POINT('',(3.66,0.75,3.6));
#16645=CARTESIAN_POINT('',(3.96,0.75,3.6));
#16646=VECTOR('',#16647,1.);
#16647=DIRECTION('',(-1.,0.,0.));
#16648=CARTESIAN_POINT('',(3.35977786002139,1.27,3.6));
#16649=CARTESIAN_POINT('',(3.66,0.75,3.6));
#16650=VECTOR('',#16651,1.);
#16651=DIRECTION('',(-0.5,0.866025403784439,0.));
#16652=CARTESIAN_POINT('',(1.72022213997861,1.27,3.6));
#16653=CARTESIAN_POINT('',(3.35977786002139,1.27,3.6));
#16654=VECTOR('',#16655,1.);
#16655=DIRECTION('',(-1.,0.,0.));
#16656=CARTESIAN_POINT('',(1.42,0.75,3.6));
#16657=CARTESIAN_POINT('',(1.72022213997861,1.27,3.6));
#16658=VECTOR('',#16659,1.);
#16659=DIRECTION('',(-0.5,-0.866025403784439,0.));
#16660=CARTESIAN_POINT('',(1.12,0.75,3.6));
#16661=CARTESIAN_POINT('',(1.42,0.75,3.6));
#16662=VECTOR('',#16663,1.);
#16663=DIRECTION('',(-1.,0.,0.));
#16664=CARTESIAN_POINT('',(0.819777860021394,1.27,3.6));
#16665=CARTESIAN_POINT('',(1.12,0.75,3.6));
#16666=VECTOR('',#16667,1.);
#16667=DIRECTION('',(-0.5,0.866025403784438,0.));
#16668=CARTESIAN_POINT('',(-0.819777860021395,1.27,3.6));
#16669=CARTESIAN_POINT('',(0.819777860021394,1.27,3.6));
#16670=VECTOR('',#16671,1.);
#16671=DIRECTION('',(-1.,0.,0.));
#16672=CARTESIAN_POINT('',(-1.12,0.75,3.6));
#16673=CARTESIAN_POINT('',(-0.819777860021395,1.27,3.6));
#16674=VECTOR('',#16675,1.);
#16675=DIRECTION('',(-0.5,-0.866025403784439,0.));
#16676=CARTESIAN_POINT('',(-1.27,0.75,3.6));
#16677=CARTESIAN_POINT('',(-1.12,0.75,3.6));
#16678=VECTOR('',#16679,1.);
#16679=DIRECTION('',(-1.,0.,0.));
#16680=CARTESIAN_POINT('',(-1.27,0.75,3.6));
#16681=VECTOR('',#16682,1.);
#16682=DIRECTION('',(0.,-1.,0.));
#16683=CARTESIAN_POINT('',(3.44,0.,3.6));
#16684=AXIS2_PLACEMENT_3D('',#16685,#16686,#16687);
#16685=CARTESIAN_POINT('',(2.54,0.,3.6));
#16686=DIRECTION('',(0.,0.,1.));
#16687=DIRECTION('',(1.,0.,0.));
#16688=CARTESIAN_POINT('',(5.98,0.,3.6));
#16689=AXIS2_PLACEMENT_3D('',#16690,#16691,#16692);
#16690=CARTESIAN_POINT('',(5.08,0.,3.6));
#16691=DIRECTION('',(0.,0.,1.));
#16692=DIRECTION('',(1.,0.,0.));
#16693=CARTESIAN_POINT('',(8.52,0.,3.6));
#16694=AXIS2_PLACEMENT_3D('',#16695,#16696,#16697);
#16695=CARTESIAN_POINT('',(7.62,0.,3.6));
#16696=DIRECTION('',(0.,0.,1.));
#16697=DIRECTION('',(1.,0.,0.));
#16698=CARTESIAN_POINT('',(11.06,0.,3.6));
#16699=AXIS2_PLACEMENT_3D('',#16700,#16701,#16702);
#16700=CARTESIAN_POINT('',(10.16,0.,3.6));
#16701=DIRECTION('',(0.,0.,1.));
#16702=DIRECTION('',(1.,0.,0.));
#16703=CARTESIAN_POINT('',(13.6,0.,3.6));
#16704=AXIS2_PLACEMENT_3D('',#16705,#16706,#16707);
#16705=CARTESIAN_POINT('',(12.7,0.,3.6));
#16706=DIRECTION('',(0.,0.,1.));
#16707=DIRECTION('',(1.,0.,0.));
#16708=CARTESIAN_POINT('',(16.14,0.,3.6));
#16709=AXIS2_PLACEMENT_3D('',#16710,#16711,#16712);
#16710=CARTESIAN_POINT('',(15.24,0.,3.6));
#16711=DIRECTION('',(0.,0.,1.));
#16712=DIRECTION('',(1.,0.,0.));
#16713=CARTESIAN_POINT('',(18.68,0.,3.6));
#16714=AXIS2_PLACEMENT_3D('',#16715,#16716,#16717);
#16715=CARTESIAN_POINT('',(17.78,0.,3.6));
#16716=DIRECTION('',(0.,0.,1.));
#16717=DIRECTION('',(1.,0.,0.));
#16718=CARTESIAN_POINT('',(21.22,0.,3.6));
#16719=AXIS2_PLACEMENT_3D('',#16720,#16721,#16722);
#16720=CARTESIAN_POINT('',(20.32,0.,3.6));
#16721=DIRECTION('',(0.,0.,1.));
#16722=DIRECTION('',(1.,0.,0.));
#16723=CARTESIAN_POINT('',(23.76,0.,3.6));
#16724=AXIS2_PLACEMENT_3D('',#16725,#16726,#16727);
#16725=CARTESIAN_POINT('',(22.86,0.,3.6));
#16726=DIRECTION('',(0.,0.,1.));
#16727=DIRECTION('',(1.,0.,0.));
#16728=CARTESIAN_POINT('',(26.3,0.,3.6));
#16729=AXIS2_PLACEMENT_3D('',#16730,#16731,#16732);
#16730=CARTESIAN_POINT('',(25.4,0.,3.6));
#16731=DIRECTION('',(0.,0.,1.));
#16732=DIRECTION('',(1.,0.,0.));
#16733=CARTESIAN_POINT('',(28.84,0.,3.6));
#16734=AXIS2_PLACEMENT_3D('',#16735,#16736,#16737);
#16735=CARTESIAN_POINT('',(27.94,0.,3.6));
#16736=DIRECTION('',(0.,0.,1.));
#16737=DIRECTION('',(1.,0.,0.));
#16738=CARTESIAN_POINT('',(31.38,0.,3.6));
#16739=AXIS2_PLACEMENT_3D('',#16740,#16741,#16742);
#16740=CARTESIAN_POINT('',(30.48,0.,3.6));
#16741=DIRECTION('',(0.,0.,1.));
#16742=DIRECTION('',(1.,0.,0.));
#16743=CARTESIAN_POINT('',(33.92,0.,3.6));
#16744=AXIS2_PLACEMENT_3D('',#16745,#16746,#16747);
#16745=CARTESIAN_POINT('',(33.02,0.,3.6));
#16746=DIRECTION('',(0.,0.,1.));
#16747=DIRECTION('',(1.,0.,0.));
#16748=CARTESIAN_POINT('',(36.46,0.,3.6));
#16749=AXIS2_PLACEMENT_3D('',#16750,#16751,#16752);
#16750=CARTESIAN_POINT('',(35.56,0.,3.6));
#16751=DIRECTION('',(0.,0.,1.));
#16752=DIRECTION('',(1.,0.,0.));
#16753=CARTESIAN_POINT('',(39.,0.,3.6));
#16754=AXIS2_PLACEMENT_3D('',#16755,#16756,#16757);
#16755=CARTESIAN_POINT('',(38.1,0.,3.6));
#16756=DIRECTION('',(0.,0.,1.));
#16757=DIRECTION('',(1.,0.,0.));
#16758=CARTESIAN_POINT('',(41.54,0.,3.6));
#16759=AXIS2_PLACEMENT_3D('',#16760,#16761,#16762);
#16760=CARTESIAN_POINT('',(40.64,0.,3.6));
#16761=DIRECTION('',(0.,0.,1.));
#16762=DIRECTION('',(1.,0.,0.));
#16763=CARTESIAN_POINT('',(44.08,0.,3.6));
#16764=AXIS2_PLACEMENT_3D('',#16765,#16766,#16767);
#16765=CARTESIAN_POINT('',(43.18,0.,3.6));
#16766=DIRECTION('',(0.,0.,1.));
#16767=DIRECTION('',(1.,0.,0.));
#16768=CARTESIAN_POINT('',(46.62,0.,3.6));
#16769=AXIS2_PLACEMENT_3D('',#16770,#16771,#16772);
#16770=CARTESIAN_POINT('',(45.72,0.,3.6));
#16771=DIRECTION('',(0.,0.,1.));
#16772=DIRECTION('',(1.,0.,0.));
#16773=CARTESIAN_POINT('',(49.16,0.,3.6));
#16774=AXIS2_PLACEMENT_3D('',#16775,#16776,#16777);
#16775=CARTESIAN_POINT('',(48.26,0.,3.6));
#16776=DIRECTION('',(0.,0.,1.));
#16777=DIRECTION('',(1.,0.,0.));
#16778=CARTESIAN_POINT('',(51.7,0.,3.6));
#16779=AXIS2_PLACEMENT_3D('',#16780,#16781,#16782);
#16780=CARTESIAN_POINT('',(50.8,0.,3.6));
#16781=DIRECTION('',(0.,0.,1.));
#16782=DIRECTION('',(1.,0.,0.));
#16783=CARTESIAN_POINT('',(54.24,0.,3.6));
#16784=AXIS2_PLACEMENT_3D('',#16785,#16786,#16787);
#16785=CARTESIAN_POINT('',(53.34,0.,3.6));
#16786=DIRECTION('',(0.,0.,1.));
#16787=DIRECTION('',(1.,0.,0.));
#16788=CARTESIAN_POINT('',(56.78,0.,3.6));
#16789=AXIS2_PLACEMENT_3D('',#16790,#16791,#16792);
#16790=CARTESIAN_POINT('',(55.88,0.,3.6));
#16791=DIRECTION('',(0.,0.,1.));
#16792=DIRECTION('',(1.,0.,0.));
#16793=CARTESIAN_POINT('',(59.32,0.,3.6));
#16794=AXIS2_PLACEMENT_3D('',#16795,#16796,#16797);
#16795=CARTESIAN_POINT('',(58.42,0.,3.6));
#16796=DIRECTION('',(0.,0.,1.));
#16797=DIRECTION('',(1.,0.,0.));
#16798=CARTESIAN_POINT('',(61.86,0.,3.6));
#16799=AXIS2_PLACEMENT_3D('',#16800,#16801,#16802);
#16800=CARTESIAN_POINT('',(60.96,0.,3.6));
#16801=DIRECTION('',(0.,0.,1.));
#16802=DIRECTION('',(1.,0.,0.));
#16803=CARTESIAN_POINT('',(64.4,0.,3.6));
#16804=AXIS2_PLACEMENT_3D('',#16805,#16806,#16807);
#16805=CARTESIAN_POINT('',(63.5,0.,3.6));
#16806=DIRECTION('',(0.,0.,1.));
#16807=DIRECTION('',(1.,0.,0.));
#16808=CARTESIAN_POINT('',(66.94,0.,3.6));
#16809=AXIS2_PLACEMENT_3D('',#16810,#16811,#16812);
#16810=CARTESIAN_POINT('',(66.04,0.,3.6));
#16811=DIRECTION('',(0.,0.,1.));
#16812=DIRECTION('',(1.,0.,0.));
#16813=CARTESIAN_POINT('',(69.48,0.,3.6));
#16814=AXIS2_PLACEMENT_3D('',#16815,#16816,#16817);
#16815=CARTESIAN_POINT('',(68.58,0.,3.6));
#16816=DIRECTION('',(0.,0.,1.));
#16817=DIRECTION('',(1.,0.,0.));
#16818=CARTESIAN_POINT('',(72.02,0.,3.6));
#16819=AXIS2_PLACEMENT_3D('',#16820,#16821,#16822);
#16820=CARTESIAN_POINT('',(71.12,0.,3.6));
#16821=DIRECTION('',(0.,0.,1.));
#16822=DIRECTION('',(1.,0.,0.));
#16823=CARTESIAN_POINT('',(0.9,0.,3.6));
#16824=AXIS2_PLACEMENT_3D('',#16825,#16826,#16827);
#16825=CARTESIAN_POINT('',(0.,0.,3.6));
#16826=DIRECTION('',(0.,0.,1.));
#16827=DIRECTION('',(1.,0.,0.));
#16828=CARTESIAN_POINT('',(72.02,0.,3.1));
#16829=AXIS2_PLACEMENT_3D('',#16830,#16831,#16832);
#16830=CARTESIAN_POINT('',(71.12,0.,3.1));
#16831=DIRECTION('',(0.,0.,1.));
#16832=DIRECTION('',(1.,0.,0.));
#16833=CARTESIAN_POINT('',(69.48,0.,3.1));
#16834=AXIS2_PLACEMENT_3D('',#16835,#16836,#16837);
#16835=CARTESIAN_POINT('',(68.58,0.,3.1));
#16836=DIRECTION('',(0.,0.,1.));
#16837=DIRECTION('',(1.,0.,0.));
#16838=CARTESIAN_POINT('',(66.94,0.,3.1));
#16839=AXIS2_PLACEMENT_3D('',#16840,#16841,#16842);
#16840=CARTESIAN_POINT('',(66.04,0.,3.1));
#16841=DIRECTION('',(0.,0.,1.));
#16842=DIRECTION('',(1.,0.,0.));
#16843=CARTESIAN_POINT('',(64.4,0.,3.1));
#16844=AXIS2_PLACEMENT_3D('',#16845,#16846,#16847);
#16845=CARTESIAN_POINT('',(63.5,0.,3.1));
#16846=DIRECTION('',(0.,0.,1.));
#16847=DIRECTION('',(1.,0.,0.));
#16848=CARTESIAN_POINT('',(61.86,0.,3.1));
#16849=AXIS2_PLACEMENT_3D('',#16850,#16851,#16852);
#16850=CARTESIAN_POINT('',(60.96,0.,3.1));
#16851=DIRECTION('',(0.,0.,1.));
#16852=DIRECTION('',(1.,0.,0.));
#16853=CARTESIAN_POINT('',(59.32,0.,3.1));
#16854=AXIS2_PLACEMENT_3D('',#16855,#16856,#16857);
#16855=CARTESIAN_POINT('',(58.42,0.,3.1));
#16856=DIRECTION('',(0.,0.,1.));
#16857=DIRECTION('',(1.,0.,0.));
#16858=CARTESIAN_POINT('',(56.78,0.,3.1));
#16859=AXIS2_PLACEMENT_3D('',#16860,#16861,#16862);
#16860=CARTESIAN_POINT('',(55.88,0.,3.1));
#16861=DIRECTION('',(0.,0.,1.));
#16862=DIRECTION('',(1.,0.,0.));
#16863=CARTESIAN_POINT('',(54.24,0.,3.1));
#16864=AXIS2_PLACEMENT_3D('',#16865,#16866,#16867);
#16865=CARTESIAN_POINT('',(53.34,0.,3.1));
#16866=DIRECTION('',(0.,0.,1.));
#16867=DIRECTION('',(1.,0.,0.));
#16868=CARTESIAN_POINT('',(51.7,0.,3.1));
#16869=AXIS2_PLACEMENT_3D('',#16870,#16871,#16872);
#16870=CARTESIAN_POINT('',(50.8,0.,3.1));
#16871=DIRECTION('',(0.,0.,1.));
#16872=DIRECTION('',(1.,0.,0.));
#16873=CARTESIAN_POINT('',(49.16,0.,3.1));
#16874=AXIS2_PLACEMENT_3D('',#16875,#16876,#16877);
#16875=CARTESIAN_POINT('',(48.26,0.,3.1));
#16876=DIRECTION('',(0.,0.,1.));
#16877=DIRECTION('',(1.,0.,0.));
#16878=CARTESIAN_POINT('',(46.62,0.,3.1));
#16879=AXIS2_PLACEMENT_3D('',#16880,#16881,#16882);
#16880=CARTESIAN_POINT('',(45.72,0.,3.1));
#16881=DIRECTION('',(0.,0.,1.));
#16882=DIRECTION('',(1.,0.,0.));
#16883=CARTESIAN_POINT('',(44.08,0.,3.1));
#16884=AXIS2_PLACEMENT_3D('',#16885,#16886,#16887);
#16885=CARTESIAN_POINT('',(43.18,0.,3.1));
#16886=DIRECTION('',(0.,0.,1.));
#16887=DIRECTION('',(1.,0.,0.));
#16888=CARTESIAN_POINT('',(41.54,0.,3.1));
#16889=AXIS2_PLACEMENT_3D('',#16890,#16891,#16892);
#16890=CARTESIAN_POINT('',(40.64,0.,3.1));
#16891=DIRECTION('',(0.,0.,1.));
#16892=DIRECTION('',(1.,0.,0.));
#16893=CARTESIAN_POINT('',(39.,0.,3.1));
#16894=AXIS2_PLACEMENT_3D('',#16895,#16896,#16897);
#16895=CARTESIAN_POINT('',(38.1,0.,3.1));
#16896=DIRECTION('',(0.,0.,1.));
#16897=DIRECTION('',(1.,0.,0.));
#16898=CARTESIAN_POINT('',(36.46,0.,3.1));
#16899=AXIS2_PLACEMENT_3D('',#16900,#16901,#16902);
#16900=CARTESIAN_POINT('',(35.56,0.,3.1));
#16901=DIRECTION('',(0.,0.,1.));
#16902=DIRECTION('',(1.,0.,0.));
#16903=CARTESIAN_POINT('',(33.92,0.,3.1));
#16904=AXIS2_PLACEMENT_3D('',#16905,#16906,#16907);
#16905=CARTESIAN_POINT('',(33.02,0.,3.1));
#16906=DIRECTION('',(0.,0.,1.));
#16907=DIRECTION('',(1.,0.,0.));
#16908=CARTESIAN_POINT('',(31.38,0.,3.1));
#16909=AXIS2_PLACEMENT_3D('',#16910,#16911,#16912);
#16910=CARTESIAN_POINT('',(30.48,0.,3.1));
#16911=DIRECTION('',(0.,0.,1.));
#16912=DIRECTION('',(1.,0.,0.));
#16913=CARTESIAN_POINT('',(28.84,0.,3.1));
#16914=AXIS2_PLACEMENT_3D('',#16915,#16916,#16917);
#16915=CARTESIAN_POINT('',(27.94,0.,3.1));
#16916=DIRECTION('',(0.,0.,1.));
#16917=DIRECTION('',(1.,0.,0.));
#16918=CARTESIAN_POINT('',(26.3,0.,3.1));
#16919=AXIS2_PLACEMENT_3D('',#16920,#16921,#16922);
#16920=CARTESIAN_POINT('',(25.4,0.,3.1));
#16921=DIRECTION('',(0.,0.,1.));
#16922=DIRECTION('',(1.,0.,0.));
#16923=CARTESIAN_POINT('',(23.76,0.,3.1));
#16924=AXIS2_PLACEMENT_3D('',#16925,#16926,#16927);
#16925=CARTESIAN_POINT('',(22.86,0.,3.1));
#16926=DIRECTION('',(0.,0.,1.));
#16927=DIRECTION('',(1.,0.,0.));
#16928=CARTESIAN_POINT('',(21.22,0.,3.1));
#16929=AXIS2_PLACEMENT_3D('',#16930,#16931,#16932);
#16930=CARTESIAN_POINT('',(20.32,0.,3.1));
#16931=DIRECTION('',(0.,0.,1.));
#16932=DIRECTION('',(1.,0.,0.));
#16933=CARTESIAN_POINT('',(18.68,0.,3.1));
#16934=AXIS2_PLACEMENT_3D('',#16935,#16936,#16937);
#16935=CARTESIAN_POINT('',(17.78,0.,3.1));
#16936=DIRECTION('',(0.,0.,1.));
#16937=DIRECTION('',(1.,0.,0.));
#16938=CARTESIAN_POINT('',(16.14,0.,3.1));
#16939=AXIS2_PLACEMENT_3D('',#16940,#16941,#16942);
#16940=CARTESIAN_POINT('',(15.24,0.,3.1));
#16941=DIRECTION('',(0.,0.,1.));
#16942=DIRECTION('',(1.,0.,0.));
#16943=CARTESIAN_POINT('',(13.6,0.,3.1));
#16944=AXIS2_PLACEMENT_3D('',#16945,#16946,#16947);
#16945=CARTESIAN_POINT('',(12.7,0.,3.1));
#16946=DIRECTION('',(0.,0.,1.));
#16947=DIRECTION('',(1.,0.,0.));
#16948=CARTESIAN_POINT('',(11.06,0.,3.1));
#16949=AXIS2_PLACEMENT_3D('',#16950,#16951,#16952);
#16950=CARTESIAN_POINT('',(10.16,0.,3.1));
#16951=DIRECTION('',(0.,0.,1.));
#16952=DIRECTION('',(1.,0.,0.));
#16953=CARTESIAN_POINT('',(8.52,0.,3.1));
#16954=AXIS2_PLACEMENT_3D('',#16955,#16956,#16957);
#16955=CARTESIAN_POINT('',(7.62,0.,3.1));
#16956=DIRECTION('',(0.,0.,1.));
#16957=DIRECTION('',(1.,0.,0.));
#16958=CARTESIAN_POINT('',(5.98,0.,3.1));
#16959=AXIS2_PLACEMENT_3D('',#16960,#16961,#16962);
#16960=CARTESIAN_POINT('',(5.08,0.,3.1));
#16961=DIRECTION('',(0.,0.,1.));
#16962=DIRECTION('',(1.,0.,0.));
#16963=CARTESIAN_POINT('',(3.44,0.,3.1));
#16964=AXIS2_PLACEMENT_3D('',#16965,#16966,#16967);
#16965=CARTESIAN_POINT('',(2.54,0.,3.1));
#16966=DIRECTION('',(0.,0.,1.));
#16967=DIRECTION('',(1.,0.,0.));
#16968=CARTESIAN_POINT('',(-1.27,0.75,0.6));
#16969=CARTESIAN_POINT('',(-1.27,-0.75,0.6));
#16970=CARTESIAN_POINT('',(-1.27,0.75,0.6));
#16971=VECTOR('',#16972,1.);
#16972=DIRECTION('',(0.,-1.,0.));
#16973=CARTESIAN_POINT('',(-1.12,0.75,0.6));
#16974=CARTESIAN_POINT('',(-1.12,0.75,0.6));
#16975=VECTOR('',#16976,1.);
#16976=DIRECTION('',(-1.,0.,0.));
#16977=CARTESIAN_POINT('',(-0.819777860021395,1.27,0.6));
#16978=CARTESIAN_POINT('',(-0.819777860021395,1.27,0.6));
#16979=VECTOR('',#16980,1.);
#16980=DIRECTION('',(-0.5,-0.866025403784439,0.));
#16981=CARTESIAN_POINT('',(0.819777860021394,1.27,0.6));
#16982=CARTESIAN_POINT('',(0.819777860021394,1.27,0.6));
#16983=VECTOR('',#16984,1.);
#16984=DIRECTION('',(-1.,0.,0.));
#16985=CARTESIAN_POINT('',(1.12,0.75,0.6));
#16986=CARTESIAN_POINT('',(1.12,0.75,0.6));
#16987=VECTOR('',#16988,1.);
#16988=DIRECTION('',(-0.5,0.866025403784438,0.));
#16989=CARTESIAN_POINT('',(1.42,0.75,0.6));
#16990=CARTESIAN_POINT('',(1.42,0.75,0.6));
#16991=VECTOR('',#16992,1.);
#16992=DIRECTION('',(-1.,0.,0.));
#16993=CARTESIAN_POINT('',(1.72022213997861,1.27,0.6));
#16994=CARTESIAN_POINT('',(1.72022213997861,1.27,0.6));
#16995=VECTOR('',#16996,1.);
#16996=DIRECTION('',(-0.5,-0.866025403784439,0.));
#16997=CARTESIAN_POINT('',(3.35977786002139,1.27,0.6));
#16998=CARTESIAN_POINT('',(3.35977786002139,1.27,0.6));
#16999=VECTOR('',#17000,1.);
#17000=DIRECTION('',(-1.,0.,0.));
#17001=CARTESIAN_POINT('',(3.66,0.75,0.6));
#17002=CARTESIAN_POINT('',(3.66,0.75,0.6));
#17003=VECTOR('',#17004,1.);
#17004=DIRECTION('',(-0.5,0.866025403784439,0.));
#17005=CARTESIAN_POINT('',(3.96,0.75,0.6));
#17006=CARTESIAN_POINT('',(3.96,0.75,0.6));
#17007=VECTOR('',#17008,1.);
#17008=DIRECTION('',(-1.,0.,0.));
#17009=CARTESIAN_POINT('',(4.26022213997861,1.27,0.6));
#17010=CARTESIAN_POINT('',(4.26022213997861,1.27,0.6));
#17011=VECTOR('',#17012,1.);
#17012=DIRECTION('',(-0.5,-0.866025403784439,0.));
#17013=CARTESIAN_POINT('',(5.89977786002139,1.27,0.6));
#17014=CARTESIAN_POINT('',(5.89977786002139,1.27,0.6));
#17015=VECTOR('',#17016,1.);
#17016=DIRECTION('',(-1.,0.,0.));
#17017=CARTESIAN_POINT('',(6.2,0.75,0.6));
#17018=CARTESIAN_POINT('',(6.2,0.75,0.6));
#17019=VECTOR('',#17020,1.);
#17020=DIRECTION('',(-0.5,0.866025403784439,0.));
#17021=CARTESIAN_POINT('',(6.5,0.75,0.6));
#17022=CARTESIAN_POINT('',(6.5,0.75,0.6));
#17023=VECTOR('',#17024,1.);
#17024=DIRECTION('',(-1.,0.,0.));
#17025=CARTESIAN_POINT('',(6.80022213997861,1.27,0.6));
#17026=CARTESIAN_POINT('',(6.80022213997861,1.27,0.6));
#17027=VECTOR('',#17028,1.);
#17028=DIRECTION('',(-0.5,-0.866025403784439,0.));
#17029=CARTESIAN_POINT('',(8.43977786002139,1.27,0.6));
#17030=CARTESIAN_POINT('',(8.43977786002139,1.27,0.6));
#17031=VECTOR('',#17032,1.);
#17032=DIRECTION('',(-1.,0.,0.));
#17033=CARTESIAN_POINT('',(8.74,0.75,0.6));
#17034=CARTESIAN_POINT('',(8.74,0.75,0.6));
#17035=VECTOR('',#17036,1.);
#17036=DIRECTION('',(-0.500000000000001,0.866025403784438,0.));
#17037=CARTESIAN_POINT('',(9.04,0.75,0.6));
#17038=CARTESIAN_POINT('',(9.04,0.75,0.6));
#17039=VECTOR('',#17040,1.);
#17040=DIRECTION('',(-1.,0.,0.));
#17041=CARTESIAN_POINT('',(9.34022213997861,1.27,0.6));
#17042=CARTESIAN_POINT('',(9.34022213997861,1.27,0.6));
#17043=VECTOR('',#17044,1.);
#17044=DIRECTION('',(-0.499999999999999,-0.866025403784439,0.));
#17045=CARTESIAN_POINT('',(10.9797778600214,1.27,0.6));
#17046=CARTESIAN_POINT('',(10.9797778600214,1.27,0.6));
#17047=VECTOR('',#17048,1.);
#17048=DIRECTION('',(-1.,0.,0.));
#17049=CARTESIAN_POINT('',(11.28,0.75,0.6));
#17050=CARTESIAN_POINT('',(11.28,0.75,0.6));
#17051=VECTOR('',#17052,1.);
#17052=DIRECTION('',(-0.500000000000001,0.866025403784438,0.));
#17053=CARTESIAN_POINT('',(11.58,0.75,0.6));
#17054=CARTESIAN_POINT('',(11.58,0.75,0.6));
#17055=VECTOR('',#17056,1.);
#17056=DIRECTION('',(-1.,0.,0.));
#17057=CARTESIAN_POINT('',(11.8802221399786,1.27,0.6));
#17058=CARTESIAN_POINT('',(11.8802221399786,1.27,0.6));
#17059=VECTOR('',#17060,1.);
#17060=DIRECTION('',(-0.499999999999999,-0.866025403784439,0.));
#17061=CARTESIAN_POINT('',(13.5197778600214,1.27,0.6));
#17062=CARTESIAN_POINT('',(13.5197778600214,1.27,0.6));
#17063=VECTOR('',#17064,1.);
#17064=DIRECTION('',(-1.,0.,0.));
#17065=CARTESIAN_POINT('',(13.82,0.75,0.6));
#17066=CARTESIAN_POINT('',(13.82,0.75,0.6));
#17067=VECTOR('',#17068,1.);
#17068=DIRECTION('',(-0.500000000000001,0.866025403784438,0.));
#17069=CARTESIAN_POINT('',(14.12,0.75,0.6));
#17070=CARTESIAN_POINT('',(14.12,0.75,0.6));
#17071=VECTOR('',#17072,1.);
#17072=DIRECTION('',(-1.,0.,0.));
#17073=CARTESIAN_POINT('',(14.4202221399786,1.27,0.6));
#17074=CARTESIAN_POINT('',(14.4202221399786,1.27,0.6));
#17075=VECTOR('',#17076,1.);
#17076=DIRECTION('',(-0.499999999999999,-0.866025403784439,0.));
#17077=CARTESIAN_POINT('',(16.0597778600214,1.27,0.6));
#17078=CARTESIAN_POINT('',(16.0597778600214,1.27,0.6));
#17079=VECTOR('',#17080,1.);
#17080=DIRECTION('',(-1.,0.,0.));
#17081=CARTESIAN_POINT('',(16.36,0.75,0.6));
#17082=CARTESIAN_POINT('',(16.36,0.75,0.6));
#17083=VECTOR('',#17084,1.);
#17084=DIRECTION('',(-0.499999999999999,0.866025403784439,0.));
#17085=CARTESIAN_POINT('',(16.66,0.75,0.6));
#17086=CARTESIAN_POINT('',(16.66,0.75,0.6));
#17087=VECTOR('',#17088,1.);
#17088=DIRECTION('',(-1.,0.,0.));
#17089=CARTESIAN_POINT('',(16.9602221399786,1.27,0.6));
#17090=CARTESIAN_POINT('',(16.9602221399786,1.27,0.6));
#17091=VECTOR('',#17092,1.);
#17092=DIRECTION('',(-0.499999999999999,-0.866025403784439,0.));
#17093=CARTESIAN_POINT('',(18.5997778600214,1.27,0.6));
#17094=CARTESIAN_POINT('',(18.5997778600214,1.27,0.6));
#17095=VECTOR('',#17096,1.);
#17096=DIRECTION('',(-1.,0.,0.));
#17097=CARTESIAN_POINT('',(18.9,0.75,0.6));
#17098=CARTESIAN_POINT('',(18.9,0.75,0.6));
#17099=VECTOR('',#17100,1.);
#17100=DIRECTION('',(-0.499999999999999,0.866025403784439,0.));
#17101=CARTESIAN_POINT('',(19.2,0.75,0.6));
#17102=CARTESIAN_POINT('',(19.2,0.75,0.6));
#17103=VECTOR('',#17104,1.);
#17104=DIRECTION('',(-1.,0.,0.));
#17105=CARTESIAN_POINT('',(19.5002221399786,1.27,0.6));
#17106=CARTESIAN_POINT('',(19.5002221399786,1.27,0.6));
#17107=VECTOR('',#17108,1.);
#17108=DIRECTION('',(-0.499999999999999,-0.866025403784439,0.));
#17109=CARTESIAN_POINT('',(21.1397778600214,1.27,0.6));
#17110=CARTESIAN_POINT('',(21.1397778600214,1.27,0.6));
#17111=VECTOR('',#17112,1.);
#17112=DIRECTION('',(-1.,0.,0.));
#17113=CARTESIAN_POINT('',(21.44,0.75,0.6));
#17114=CARTESIAN_POINT('',(21.44,0.75,0.6));
#17115=VECTOR('',#17116,1.);
#17116=DIRECTION('',(-0.499999999999999,0.866025403784439,0.));
#17117=CARTESIAN_POINT('',(21.74,0.75,0.6));
#17118=CARTESIAN_POINT('',(21.74,0.75,0.6));
#17119=VECTOR('',#17120,1.);
#17120=DIRECTION('',(-1.,0.,0.));
#17121=CARTESIAN_POINT('',(22.0402221399786,1.27,0.6));
#17122=CARTESIAN_POINT('',(22.0402221399786,1.27,0.6));
#17123=VECTOR('',#17124,1.);
#17124=DIRECTION('',(-0.499999999999999,-0.866025403784439,0.));
#17125=CARTESIAN_POINT('',(23.6797778600214,1.27,0.6));
#17126=CARTESIAN_POINT('',(23.6797778600214,1.27,0.6));
#17127=VECTOR('',#17128,1.);
#17128=DIRECTION('',(-1.,0.,0.));
#17129=CARTESIAN_POINT('',(23.98,0.75,0.6));
#17130=CARTESIAN_POINT('',(23.98,0.75,0.6));
#17131=VECTOR('',#17132,1.);
#17132=DIRECTION('',(-0.499999999999999,0.866025403784439,0.));
#17133=CARTESIAN_POINT('',(24.28,0.75,0.6));
#17134=CARTESIAN_POINT('',(24.28,0.75,0.6));
#17135=VECTOR('',#17136,1.);
#17136=DIRECTION('',(-1.,0.,0.));
#17137=CARTESIAN_POINT('',(24.5802221399786,1.27,0.6));
#17138=CARTESIAN_POINT('',(24.5802221399786,1.27,0.6));
#17139=VECTOR('',#17140,1.);
#17140=DIRECTION('',(-0.499999999999999,-0.866025403784439,0.));
#17141=CARTESIAN_POINT('',(26.2197778600214,1.27,0.6));
#17142=CARTESIAN_POINT('',(26.2197778600214,1.27,0.6));
#17143=VECTOR('',#17144,1.);
#17144=DIRECTION('',(-1.,0.,0.));
#17145=CARTESIAN_POINT('',(26.52,0.75,0.6));
#17146=CARTESIAN_POINT('',(26.52,0.75,0.6));
#17147=VECTOR('',#17148,1.);
#17148=DIRECTION('',(-0.499999999999999,0.866025403784439,0.));
#17149=CARTESIAN_POINT('',(26.82,0.75,0.6));
#17150=CARTESIAN_POINT('',(26.82,0.75,0.6));
#17151=VECTOR('',#17152,1.);
#17152=DIRECTION('',(-1.,0.,0.));
#17153=CARTESIAN_POINT('',(27.1202221399786,1.27,0.6));
#17154=CARTESIAN_POINT('',(27.1202221399786,1.27,0.6));
#17155=VECTOR('',#17156,1.);
#17156=DIRECTION('',(-0.499999999999999,-0.866025403784439,0.));
#17157=CARTESIAN_POINT('',(28.7597778600214,1.27,0.6));
#17158=CARTESIAN_POINT('',(28.7597778600214,1.27,0.6));
#17159=VECTOR('',#17160,1.);
#17160=DIRECTION('',(-1.,0.,0.));
#17161=CARTESIAN_POINT('',(29.06,0.75,0.6));
#17162=CARTESIAN_POINT('',(29.06,0.75,0.6));
#17163=VECTOR('',#17164,1.);
#17164=DIRECTION('',(-0.499999999999999,0.866025403784439,0.));
#17165=CARTESIAN_POINT('',(29.36,0.75,0.6));
#17166=CARTESIAN_POINT('',(29.36,0.75,0.6));
#17167=VECTOR('',#17168,1.);
#17168=DIRECTION('',(-1.,0.,0.));
#17169=CARTESIAN_POINT('',(29.6602221399786,1.27,0.6));
#17170=CARTESIAN_POINT('',(29.6602221399786,1.27,0.6));
#17171=VECTOR('',#17172,1.);
#17172=DIRECTION('',(-0.499999999999999,-0.866025403784439,0.));
#17173=CARTESIAN_POINT('',(31.2997778600214,1.27,0.6));
#17174=CARTESIAN_POINT('',(31.2997778600214,1.27,0.6));
#17175=VECTOR('',#17176,1.);
#17176=DIRECTION('',(-1.,0.,0.));
#17177=CARTESIAN_POINT('',(31.6,0.75,0.6));
#17178=CARTESIAN_POINT('',(31.6,0.75,0.6));
#17179=VECTOR('',#17180,1.);
#17180=DIRECTION('',(-0.499999999999999,0.866025403784439,0.));
#17181=CARTESIAN_POINT('',(31.9,0.75,0.6));
#17182=CARTESIAN_POINT('',(31.9,0.75,0.6));
#17183=VECTOR('',#17184,1.);
#17184=DIRECTION('',(-1.,0.,0.));
#17185=CARTESIAN_POINT('',(32.2002221399786,1.27,0.6));
#17186=CARTESIAN_POINT('',(32.2002221399786,1.27,0.6));
#17187=VECTOR('',#17188,1.);
#17188=DIRECTION('',(-0.499999999999999,-0.866025403784439,0.));
#17189=CARTESIAN_POINT('',(33.8397778600214,1.27,0.6));
#17190=CARTESIAN_POINT('',(33.8397778600214,1.27,0.6));
#17191=VECTOR('',#17192,1.);
#17192=DIRECTION('',(-1.,0.,0.));
#17193=CARTESIAN_POINT('',(34.14,0.75,0.6));
#17194=CARTESIAN_POINT('',(34.14,0.75,0.6));
#17195=VECTOR('',#17196,1.);
#17196=DIRECTION('',(-0.500000000000003,0.866025403784437,0.));
#17197=CARTESIAN_POINT('',(34.44,0.75,0.6));
#17198=CARTESIAN_POINT('',(34.44,0.75,0.6));
#17199=VECTOR('',#17200,1.);
#17200=DIRECTION('',(-1.,0.,0.));
#17201=CARTESIAN_POINT('',(34.7402221399786,1.27,0.6));
#17202=CARTESIAN_POINT('',(34.7402221399786,1.27,0.6));
#17203=VECTOR('',#17204,1.);
#17204=DIRECTION('',(-0.500000000000003,-0.866025403784437,0.));
#17205=CARTESIAN_POINT('',(36.3797778600214,1.27,0.6));
#17206=CARTESIAN_POINT('',(36.3797778600214,1.27,0.6));
#17207=VECTOR('',#17208,1.);
#17208=DIRECTION('',(-1.,0.,0.));
#17209=CARTESIAN_POINT('',(36.68,0.75,0.6));
#17210=CARTESIAN_POINT('',(36.68,0.75,0.6));
#17211=VECTOR('',#17212,1.);
#17212=DIRECTION('',(-0.500000000000003,0.866025403784437,0.));
#17213=CARTESIAN_POINT('',(36.98,0.75,0.6));
#17214=CARTESIAN_POINT('',(36.98,0.75,0.6));
#17215=VECTOR('',#17216,1.);
#17216=DIRECTION('',(-1.,0.,0.));
#17217=CARTESIAN_POINT('',(37.2802221399786,1.27,0.6));
#17218=CARTESIAN_POINT('',(37.2802221399786,1.27,0.6));
#17219=VECTOR('',#17220,1.);
#17220=DIRECTION('',(-0.500000000000003,-0.866025403784437,0.));
#17221=CARTESIAN_POINT('',(38.9197778600214,1.27,0.6));
#17222=CARTESIAN_POINT('',(38.9197778600214,1.27,0.6));
#17223=VECTOR('',#17224,1.);
#17224=DIRECTION('',(-1.,0.,0.));
#17225=CARTESIAN_POINT('',(39.22,0.75,0.6));
#17226=CARTESIAN_POINT('',(39.22,0.75,0.6));
#17227=VECTOR('',#17228,1.);
#17228=DIRECTION('',(-0.500000000000003,0.866025403784437,0.));
#17229=CARTESIAN_POINT('',(39.52,0.75,0.6));
#17230=CARTESIAN_POINT('',(39.52,0.75,0.6));
#17231=VECTOR('',#17232,1.);
#17232=DIRECTION('',(-1.,0.,0.));
#17233=CARTESIAN_POINT('',(39.8202221399786,1.27,0.6));
#17234=CARTESIAN_POINT('',(39.8202221399786,1.27,0.6));
#17235=VECTOR('',#17236,1.);
#17236=DIRECTION('',(-0.500000000000003,-0.866025403784437,0.));
#17237=CARTESIAN_POINT('',(41.4597778600214,1.27,0.6));
#17238=CARTESIAN_POINT('',(41.4597778600214,1.27,0.6));
#17239=VECTOR('',#17240,1.);
#17240=DIRECTION('',(-1.,0.,0.));
#17241=CARTESIAN_POINT('',(41.76,0.75,0.6));
#17242=CARTESIAN_POINT('',(41.76,0.75,0.6));
#17243=VECTOR('',#17244,1.);
#17244=DIRECTION('',(-0.500000000000003,0.866025403784437,0.));
#17245=CARTESIAN_POINT('',(42.06,0.75,0.6));
#17246=CARTESIAN_POINT('',(42.06,0.75,0.6));
#17247=VECTOR('',#17248,1.);
#17248=DIRECTION('',(-1.,0.,0.));
#17249=CARTESIAN_POINT('',(42.3602221399786,1.27,0.6));
#17250=CARTESIAN_POINT('',(42.3602221399786,1.27,0.6));
#17251=VECTOR('',#17252,1.);
#17252=DIRECTION('',(-0.500000000000003,-0.866025403784437,0.));
#17253=CARTESIAN_POINT('',(43.9997778600214,1.27,0.6));
#17254=CARTESIAN_POINT('',(43.9997778600214,1.27,0.6));
#17255=VECTOR('',#17256,1.);
#17256=DIRECTION('',(-1.,0.,0.));
#17257=CARTESIAN_POINT('',(44.3,0.75,0.6));
#17258=CARTESIAN_POINT('',(44.3,0.75,0.6));
#17259=VECTOR('',#17260,1.);
#17260=DIRECTION('',(-0.500000000000003,0.866025403784437,0.));
#17261=CARTESIAN_POINT('',(44.6,0.75,0.6));
#17262=CARTESIAN_POINT('',(44.6,0.75,0.6));
#17263=VECTOR('',#17264,1.);
#17264=DIRECTION('',(-1.,0.,0.));
#17265=CARTESIAN_POINT('',(44.9002221399786,1.27,0.6));
#17266=CARTESIAN_POINT('',(44.9002221399786,1.27,0.6));
#17267=VECTOR('',#17268,1.);
#17268=DIRECTION('',(-0.500000000000003,-0.866025403784437,0.));
#17269=CARTESIAN_POINT('',(46.5397778600214,1.27,0.6));
#17270=CARTESIAN_POINT('',(46.5397778600214,1.27,0.6));
#17271=VECTOR('',#17272,1.);
#17272=DIRECTION('',(-1.,0.,0.));
#17273=CARTESIAN_POINT('',(46.84,0.75,0.6));
#17274=CARTESIAN_POINT('',(46.84,0.75,0.6));
#17275=VECTOR('',#17276,1.);
#17276=DIRECTION('',(-0.500000000000003,0.866025403784437,0.));
#17277=CARTESIAN_POINT('',(47.14,0.75,0.6));
#17278=CARTESIAN_POINT('',(47.14,0.75,0.6));
#17279=VECTOR('',#17280,1.);
#17280=DIRECTION('',(-1.,0.,0.));
#17281=CARTESIAN_POINT('',(47.4402221399786,1.27,0.6));
#17282=CARTESIAN_POINT('',(47.4402221399786,1.27,0.6));
#17283=VECTOR('',#17284,1.);
#17284=DIRECTION('',(-0.500000000000003,-0.866025403784437,0.));
#17285=CARTESIAN_POINT('',(49.0797778600214,1.27,0.6));
#17286=CARTESIAN_POINT('',(49.0797778600214,1.27,0.6));
#17287=VECTOR('',#17288,1.);
#17288=DIRECTION('',(-1.,0.,0.));
#17289=CARTESIAN_POINT('',(49.38,0.75,0.6));
#17290=CARTESIAN_POINT('',(49.38,0.75,0.6));
#17291=VECTOR('',#17292,1.);
#17292=DIRECTION('',(-0.500000000000003,0.866025403784437,0.));
#17293=CARTESIAN_POINT('',(49.68,0.75,0.6));
#17294=CARTESIAN_POINT('',(49.68,0.75,0.6));
#17295=VECTOR('',#17296,1.);
#17296=DIRECTION('',(-1.,0.,0.));
#17297=CARTESIAN_POINT('',(49.9802221399786,1.27,0.6));
#17298=CARTESIAN_POINT('',(49.9802221399786,1.27,0.6));
#17299=VECTOR('',#17300,1.);
#17300=DIRECTION('',(-0.500000000000003,-0.866025403784437,0.));
#17301=CARTESIAN_POINT('',(51.6197778600214,1.27,0.6));
#17302=CARTESIAN_POINT('',(51.6197778600214,1.27,0.6));
#17303=VECTOR('',#17304,1.);
#17304=DIRECTION('',(-1.,0.,0.));
#17305=CARTESIAN_POINT('',(51.92,0.75,0.6));
#17306=CARTESIAN_POINT('',(51.92,0.75,0.6));
#17307=VECTOR('',#17308,1.);
#17308=DIRECTION('',(-0.500000000000003,0.866025403784437,0.));
#17309=CARTESIAN_POINT('',(52.22,0.75,0.6));
#17310=CARTESIAN_POINT('',(52.22,0.75,0.6));
#17311=VECTOR('',#17312,1.);
#17312=DIRECTION('',(-1.,0.,0.));
#17313=CARTESIAN_POINT('',(52.5202221399786,1.27,0.6));
#17314=CARTESIAN_POINT('',(52.5202221399786,1.27,0.6));
#17315=VECTOR('',#17316,1.);
#17316=DIRECTION('',(-0.500000000000003,-0.866025403784437,0.));
#17317=CARTESIAN_POINT('',(54.1597778600214,1.27,0.6));
#17318=CARTESIAN_POINT('',(54.1597778600214,1.27,0.6));
#17319=VECTOR('',#17320,1.);
#17320=DIRECTION('',(-1.,0.,0.));
#17321=CARTESIAN_POINT('',(54.46,0.75,0.6));
#17322=CARTESIAN_POINT('',(54.46,0.75,0.6));
#17323=VECTOR('',#17324,1.);
#17324=DIRECTION('',(-0.500000000000003,0.866025403784437,0.));
#17325=CARTESIAN_POINT('',(54.76,0.75,0.6));
#17326=CARTESIAN_POINT('',(54.76,0.75,0.6));
#17327=VECTOR('',#17328,1.);
#17328=DIRECTION('',(-1.,0.,0.));
#17329=CARTESIAN_POINT('',(55.0602221399786,1.27,0.6));
#17330=CARTESIAN_POINT('',(55.0602221399786,1.27,0.6));
#17331=VECTOR('',#17332,1.);
#17332=DIRECTION('',(-0.500000000000003,-0.866025403784437,0.));
#17333=CARTESIAN_POINT('',(56.6997778600214,1.27,0.6));
#17334=CARTESIAN_POINT('',(56.6997778600214,1.27,0.6));
#17335=VECTOR('',#17336,1.);
#17336=DIRECTION('',(-1.,0.,0.));
#17337=CARTESIAN_POINT('',(57.,0.75,0.6));
#17338=CARTESIAN_POINT('',(57.,0.75,0.6));
#17339=VECTOR('',#17340,1.);
#17340=DIRECTION('',(-0.500000000000003,0.866025403784437,0.));
#17341=CARTESIAN_POINT('',(57.3,0.75,0.6));
#17342=CARTESIAN_POINT('',(57.3,0.75,0.6));
#17343=VECTOR('',#17344,1.);
#17344=DIRECTION('',(-1.,0.,0.));
#17345=CARTESIAN_POINT('',(57.6002221399786,1.27,0.6));
#17346=CARTESIAN_POINT('',(57.6002221399786,1.27,0.6));
#17347=VECTOR('',#17348,1.);
#17348=DIRECTION('',(-0.500000000000003,-0.866025403784437,0.));
#17349=CARTESIAN_POINT('',(59.2397778600214,1.27,0.6));
#17350=CARTESIAN_POINT('',(59.2397778600214,1.27,0.6));
#17351=VECTOR('',#17352,1.);
#17352=DIRECTION('',(-1.,0.,0.));
#17353=CARTESIAN_POINT('',(59.54,0.75,0.6));
#17354=CARTESIAN_POINT('',(59.54,0.75,0.6));
#17355=VECTOR('',#17356,1.);
#17356=DIRECTION('',(-0.500000000000003,0.866025403784437,0.));
#17357=CARTESIAN_POINT('',(59.84,0.75,0.6));
#17358=CARTESIAN_POINT('',(59.84,0.75,0.6));
#17359=VECTOR('',#17360,1.);
#17360=DIRECTION('',(-1.,0.,0.));
#17361=CARTESIAN_POINT('',(60.1402221399786,1.27,0.6));
#17362=CARTESIAN_POINT('',(60.1402221399786,1.27,0.6));
#17363=VECTOR('',#17364,1.);
#17364=DIRECTION('',(-0.500000000000003,-0.866025403784437,0.));
#17365=CARTESIAN_POINT('',(61.7797778600214,1.27,0.6));
#17366=CARTESIAN_POINT('',(61.7797778600214,1.27,0.6));
#17367=VECTOR('',#17368,1.);
#17368=DIRECTION('',(-1.,0.,0.));
#17369=CARTESIAN_POINT('',(62.08,0.75,0.6));
#17370=CARTESIAN_POINT('',(62.08,0.75,0.6));
#17371=VECTOR('',#17372,1.);
#17372=DIRECTION('',(-0.500000000000003,0.866025403784437,0.));
#17373=CARTESIAN_POINT('',(62.38,0.75,0.6));
#17374=CARTESIAN_POINT('',(62.38,0.75,0.6));
#17375=VECTOR('',#17376,1.);
#17376=DIRECTION('',(-1.,0.,0.));
#17377=CARTESIAN_POINT('',(62.6802221399786,1.27,0.6));
#17378=CARTESIAN_POINT('',(62.6802221399786,1.27,0.6));
#17379=VECTOR('',#17380,1.);
#17380=DIRECTION('',(-0.500000000000003,-0.866025403784437,0.));
#17381=CARTESIAN_POINT('',(64.3197778600214,1.27,0.6));
#17382=CARTESIAN_POINT('',(64.3197778600214,1.27,0.6));
#17383=VECTOR('',#17384,1.);
#17384=DIRECTION('',(-1.,0.,0.));
#17385=CARTESIAN_POINT('',(64.62,0.75,0.6));
#17386=CARTESIAN_POINT('',(64.62,0.75,0.6));
#17387=VECTOR('',#17388,1.);
#17388=DIRECTION('',(-0.499999999999994,0.866025403784442,0.));
#17389=CARTESIAN_POINT('',(64.92,0.75,0.6));
#17390=CARTESIAN_POINT('',(64.92,0.75,0.6));
#17391=VECTOR('',#17392,1.);
#17392=DIRECTION('',(-1.,0.,0.));
#17393=CARTESIAN_POINT('',(65.2202221399786,1.27,0.6));
#17394=CARTESIAN_POINT('',(65.2202221399786,1.27,0.6));
#17395=VECTOR('',#17396,1.);
#17396=DIRECTION('',(-0.499999999999994,-0.866025403784442,0.));
#17397=CARTESIAN_POINT('',(66.8597778600214,1.27,0.6));
#17398=CARTESIAN_POINT('',(66.8597778600214,1.27,0.6));
#17399=VECTOR('',#17400,1.);
#17400=DIRECTION('',(-1.,0.,0.));
#17401=CARTESIAN_POINT('',(67.16,0.75,0.6));
#17402=CARTESIAN_POINT('',(67.16,0.75,0.6));
#17403=VECTOR('',#17404,1.);
#17404=DIRECTION('',(-0.499999999999994,0.866025403784442,0.));
#17405=CARTESIAN_POINT('',(67.46,0.75,0.6));
#17406=CARTESIAN_POINT('',(67.46,0.75,0.6));
#17407=VECTOR('',#17408,1.);
#17408=DIRECTION('',(-1.,0.,0.));
#17409=CARTESIAN_POINT('',(67.7602221399786,1.27,0.6));
#17410=CARTESIAN_POINT('',(67.7602221399786,1.27,0.6));
#17411=VECTOR('',#17412,1.);
#17412=DIRECTION('',(-0.499999999999994,-0.866025403784442,0.));
#17413=CARTESIAN_POINT('',(69.3997778600214,1.27,0.6));
#17414=CARTESIAN_POINT('',(69.3997778600214,1.27,0.6));
#17415=VECTOR('',#17416,1.);
#17416=DIRECTION('',(-1.,0.,0.));
#17417=CARTESIAN_POINT('',(69.7,0.75,0.6));
#17418=CARTESIAN_POINT('',(69.7,0.75,0.6));
#17419=VECTOR('',#17420,1.);
#17420=DIRECTION('',(-0.499999999999994,0.866025403784442,0.));
#17421=CARTESIAN_POINT('',(70.,0.75,0.6));
#17422=CARTESIAN_POINT('',(70.,0.75,0.6));
#17423=VECTOR('',#17424,1.);
#17424=DIRECTION('',(-1.,0.,0.));
#17425=CARTESIAN_POINT('',(70.3002221399786,1.27,0.6));
#17426=CARTESIAN_POINT('',(70.3002221399786,1.27,0.6));
#17427=VECTOR('',#17428,1.);
#17428=DIRECTION('',(-0.499999999999994,-0.866025403784442,0.));
#17429=CARTESIAN_POINT('',(71.9397778600214,1.27,0.6));
#17430=CARTESIAN_POINT('',(71.9397778600214,1.27,0.6));
#17431=VECTOR('',#17432,1.);
#17432=DIRECTION('',(-1.,0.,0.));
#17433=CARTESIAN_POINT('',(72.24,0.75,0.6));
#17434=CARTESIAN_POINT('',(72.24,0.75,0.6));
#17435=VECTOR('',#17436,1.);
#17436=DIRECTION('',(-0.499999999999994,0.866025403784442,0.));
#17437=CARTESIAN_POINT('',(72.39,0.75,0.6));
#17438=CARTESIAN_POINT('',(72.39,0.75,0.6));
#17439=VECTOR('',#17440,1.);
#17440=DIRECTION('',(-1.,0.,0.));
#17441=CARTESIAN_POINT('',(72.39,-0.75,0.6));
#17442=CARTESIAN_POINT('',(72.39,-0.75,0.6));
#17443=VECTOR('',#17444,1.);
#17444=DIRECTION('',(0.,1.,0.));
#17445=CARTESIAN_POINT('',(72.24,-0.75,0.6));
#17446=CARTESIAN_POINT('',(72.24,-0.75,0.6));
#17447=VECTOR('',#17448,1.);
#17448=DIRECTION('',(1.,0.,0.));
#17449=CARTESIAN_POINT('',(71.9397778600214,-1.27,0.6));
#17450=CARTESIAN_POINT('',(71.9397778600214,-1.27,0.6));
#17451=VECTOR('',#17452,1.);
#17452=DIRECTION('',(0.499999999999994,0.866025403784442,0.));
#17453=CARTESIAN_POINT('',(70.3002221399786,-1.27,0.6));
#17454=CARTESIAN_POINT('',(70.3002221399786,-1.27,0.6));
#17455=VECTOR('',#17456,1.);
#17456=DIRECTION('',(1.,0.,0.));
#17457=CARTESIAN_POINT('',(70.,-0.75,0.6));
#17458=CARTESIAN_POINT('',(70.,-0.75,0.6));
#17459=VECTOR('',#17460,1.);
#17460=DIRECTION('',(0.499999999999994,-0.866025403784442,0.));
#17461=CARTESIAN_POINT('',(69.7,-0.75,0.6));
#17462=CARTESIAN_POINT('',(69.7,-0.75,0.6));
#17463=VECTOR('',#17464,1.);
#17464=DIRECTION('',(1.,0.,0.));
#17465=CARTESIAN_POINT('',(69.3997778600214,-1.27,0.6));
#17466=CARTESIAN_POINT('',(69.3997778600214,-1.27,0.6));
#17467=VECTOR('',#17468,1.);
#17468=DIRECTION('',(0.499999999999994,0.866025403784442,0.));
#17469=CARTESIAN_POINT('',(67.7602221399786,-1.27,0.6));
#17470=CARTESIAN_POINT('',(67.7602221399786,-1.27,0.6));
#17471=VECTOR('',#17472,1.);
#17472=DIRECTION('',(1.,0.,0.));
#17473=CARTESIAN_POINT('',(67.46,-0.75,0.6));
#17474=CARTESIAN_POINT('',(67.46,-0.75,0.6));
#17475=VECTOR('',#17476,1.);
#17476=DIRECTION('',(0.499999999999994,-0.866025403784442,0.));
#17477=CARTESIAN_POINT('',(67.16,-0.75,0.6));
#17478=CARTESIAN_POINT('',(67.16,-0.75,0.6));
#17479=VECTOR('',#17480,1.);
#17480=DIRECTION('',(1.,0.,0.));
#17481=CARTESIAN_POINT('',(66.8597778600214,-1.27,0.6));
#17482=CARTESIAN_POINT('',(66.8597778600214,-1.27,0.6));
#17483=VECTOR('',#17484,1.);
#17484=DIRECTION('',(0.499999999999994,0.866025403784442,0.));
#17485=CARTESIAN_POINT('',(65.2202221399786,-1.27,0.6));
#17486=CARTESIAN_POINT('',(65.2202221399786,-1.27,0.6));
#17487=VECTOR('',#17488,1.);
#17488=DIRECTION('',(1.,0.,0.));
#17489=CARTESIAN_POINT('',(64.92,-0.75,0.6));
#17490=CARTESIAN_POINT('',(64.92,-0.75,0.6));
#17491=VECTOR('',#17492,1.);
#17492=DIRECTION('',(0.499999999999994,-0.866025403784442,0.));
#17493=CARTESIAN_POINT('',(64.62,-0.75,0.6));
#17494=CARTESIAN_POINT('',(64.62,-0.75,0.6));
#17495=VECTOR('',#17496,1.);
#17496=DIRECTION('',(1.,0.,0.));
#17497=CARTESIAN_POINT('',(64.3197778600214,-1.27,0.6));
#17498=CARTESIAN_POINT('',(64.3197778600214,-1.27,0.6));
#17499=VECTOR('',#17500,1.);
#17500=DIRECTION('',(0.499999999999994,0.866025403784442,0.));
#17501=CARTESIAN_POINT('',(62.6802221399786,-1.27,0.6));
#17502=CARTESIAN_POINT('',(62.6802221399786,-1.27,0.6));
#17503=VECTOR('',#17504,1.);
#17504=DIRECTION('',(1.,0.,0.));
#17505=CARTESIAN_POINT('',(62.38,-0.75,0.6));
#17506=CARTESIAN_POINT('',(62.38,-0.75,0.6));
#17507=VECTOR('',#17508,1.);
#17508=DIRECTION('',(0.500000000000003,-0.866025403784437,0.));
#17509=CARTESIAN_POINT('',(62.08,-0.75,0.6));
#17510=CARTESIAN_POINT('',(62.08,-0.75,0.6));
#17511=VECTOR('',#17512,1.);
#17512=DIRECTION('',(1.,0.,0.));
#17513=CARTESIAN_POINT('',(61.7797778600214,-1.27,0.6));
#17514=CARTESIAN_POINT('',(61.7797778600214,-1.27,0.6));
#17515=VECTOR('',#17516,1.);
#17516=DIRECTION('',(0.500000000000003,0.866025403784437,0.));
#17517=CARTESIAN_POINT('',(60.1402221399786,-1.27,0.6));
#17518=CARTESIAN_POINT('',(60.1402221399786,-1.27,0.6));
#17519=VECTOR('',#17520,1.);
#17520=DIRECTION('',(1.,0.,0.));
#17521=CARTESIAN_POINT('',(59.84,-0.75,0.6));
#17522=CARTESIAN_POINT('',(59.84,-0.75,0.6));
#17523=VECTOR('',#17524,1.);
#17524=DIRECTION('',(0.500000000000003,-0.866025403784437,0.));
#17525=CARTESIAN_POINT('',(59.54,-0.75,0.6));
#17526=CARTESIAN_POINT('',(59.54,-0.75,0.6));
#17527=VECTOR('',#17528,1.);
#17528=DIRECTION('',(1.,0.,0.));
#17529=CARTESIAN_POINT('',(59.2397778600214,-1.27,0.6));
#17530=CARTESIAN_POINT('',(59.2397778600214,-1.27,0.6));
#17531=VECTOR('',#17532,1.);
#17532=DIRECTION('',(0.500000000000003,0.866025403784437,0.));
#17533=CARTESIAN_POINT('',(57.6002221399786,-1.27,0.6));
#17534=CARTESIAN_POINT('',(57.6002221399786,-1.27,0.6));
#17535=VECTOR('',#17536,1.);
#17536=DIRECTION('',(1.,0.,0.));
#17537=CARTESIAN_POINT('',(57.3,-0.75,0.6));
#17538=CARTESIAN_POINT('',(57.3,-0.75,0.6));
#17539=VECTOR('',#17540,1.);
#17540=DIRECTION('',(0.500000000000003,-0.866025403784437,0.));
#17541=CARTESIAN_POINT('',(57.,-0.75,0.6));
#17542=CARTESIAN_POINT('',(57.,-0.75,0.6));
#17543=VECTOR('',#17544,1.);
#17544=DIRECTION('',(1.,0.,0.));
#17545=CARTESIAN_POINT('',(56.6997778600214,-1.27,0.6));
#17546=CARTESIAN_POINT('',(56.6997778600214,-1.27,0.6));
#17547=VECTOR('',#17548,1.);
#17548=DIRECTION('',(0.500000000000003,0.866025403784437,0.));
#17549=CARTESIAN_POINT('',(55.0602221399786,-1.27,0.6));
#17550=CARTESIAN_POINT('',(55.0602221399786,-1.27,0.6));
#17551=VECTOR('',#17552,1.);
#17552=DIRECTION('',(1.,0.,0.));
#17553=CARTESIAN_POINT('',(54.76,-0.75,0.6));
#17554=CARTESIAN_POINT('',(54.76,-0.75,0.6));
#17555=VECTOR('',#17556,1.);
#17556=DIRECTION('',(0.500000000000003,-0.866025403784437,0.));
#17557=CARTESIAN_POINT('',(54.46,-0.75,0.6));
#17558=CARTESIAN_POINT('',(54.46,-0.75,0.6));
#17559=VECTOR('',#17560,1.);
#17560=DIRECTION('',(1.,0.,0.));
#17561=CARTESIAN_POINT('',(54.1597778600214,-1.27,0.6));
#17562=CARTESIAN_POINT('',(54.1597778600214,-1.27,0.6));
#17563=VECTOR('',#17564,1.);
#17564=DIRECTION('',(0.500000000000003,0.866025403784437,0.));
#17565=CARTESIAN_POINT('',(52.5202221399786,-1.27,0.6));
#17566=CARTESIAN_POINT('',(52.5202221399786,-1.27,0.6));
#17567=VECTOR('',#17568,1.);
#17568=DIRECTION('',(1.,0.,0.));
#17569=CARTESIAN_POINT('',(52.22,-0.75,0.6));
#17570=CARTESIAN_POINT('',(52.22,-0.75,0.6));
#17571=VECTOR('',#17572,1.);
#17572=DIRECTION('',(0.500000000000003,-0.866025403784437,0.));
#17573=CARTESIAN_POINT('',(51.92,-0.75,0.6));
#17574=CARTESIAN_POINT('',(51.92,-0.75,0.6));
#17575=VECTOR('',#17576,1.);
#17576=DIRECTION('',(1.,0.,0.));
#17577=CARTESIAN_POINT('',(51.6197778600214,-1.27,0.6));
#17578=CARTESIAN_POINT('',(51.6197778600214,-1.27,0.6));
#17579=VECTOR('',#17580,1.);
#17580=DIRECTION('',(0.500000000000003,0.866025403784437,0.));
#17581=CARTESIAN_POINT('',(49.9802221399786,-1.27,0.6));
#17582=CARTESIAN_POINT('',(49.9802221399786,-1.27,0.6));
#17583=VECTOR('',#17584,1.);
#17584=DIRECTION('',(1.,0.,0.));
#17585=CARTESIAN_POINT('',(49.68,-0.75,0.6));
#17586=CARTESIAN_POINT('',(49.68,-0.75,0.6));
#17587=VECTOR('',#17588,1.);
#17588=DIRECTION('',(0.500000000000003,-0.866025403784437,0.));
#17589=CARTESIAN_POINT('',(49.38,-0.75,0.6));
#17590=CARTESIAN_POINT('',(49.38,-0.75,0.6));
#17591=VECTOR('',#17592,1.);
#17592=DIRECTION('',(1.,0.,0.));
#17593=CARTESIAN_POINT('',(49.0797778600214,-1.27,0.6));
#17594=CARTESIAN_POINT('',(49.0797778600214,-1.27,0.6));
#17595=VECTOR('',#17596,1.);
#17596=DIRECTION('',(0.500000000000003,0.866025403784437,0.));
#17597=CARTESIAN_POINT('',(47.4402221399786,-1.27,0.6));
#17598=CARTESIAN_POINT('',(47.4402221399786,-1.27,0.6));
#17599=VECTOR('',#17600,1.);
#17600=DIRECTION('',(1.,0.,0.));
#17601=CARTESIAN_POINT('',(47.14,-0.75,0.6));
#17602=CARTESIAN_POINT('',(47.14,-0.75,0.6));
#17603=VECTOR('',#17604,1.);
#17604=DIRECTION('',(0.500000000000003,-0.866025403784437,0.));
#17605=CARTESIAN_POINT('',(46.84,-0.75,0.6));
#17606=CARTESIAN_POINT('',(46.84,-0.75,0.6));
#17607=VECTOR('',#17608,1.);
#17608=DIRECTION('',(1.,0.,0.));
#17609=CARTESIAN_POINT('',(46.5397778600214,-1.27,0.6));
#17610=CARTESIAN_POINT('',(46.5397778600214,-1.27,0.6));
#17611=VECTOR('',#17612,1.);
#17612=DIRECTION('',(0.500000000000003,0.866025403784437,0.));
#17613=CARTESIAN_POINT('',(44.9002221399786,-1.27,0.6));
#17614=CARTESIAN_POINT('',(44.9002221399786,-1.27,0.6));
#17615=VECTOR('',#17616,1.);
#17616=DIRECTION('',(1.,0.,0.));
#17617=CARTESIAN_POINT('',(44.6,-0.75,0.6));
#17618=CARTESIAN_POINT('',(44.6,-0.75,0.6));
#17619=VECTOR('',#17620,1.);
#17620=DIRECTION('',(0.500000000000003,-0.866025403784437,0.));
#17621=CARTESIAN_POINT('',(44.3,-0.75,0.6));
#17622=CARTESIAN_POINT('',(44.3,-0.75,0.6));
#17623=VECTOR('',#17624,1.);
#17624=DIRECTION('',(1.,0.,0.));
#17625=CARTESIAN_POINT('',(43.9997778600214,-1.27,0.6));
#17626=CARTESIAN_POINT('',(43.9997778600214,-1.27,0.6));
#17627=VECTOR('',#17628,1.);
#17628=DIRECTION('',(0.500000000000003,0.866025403784437,0.));
#17629=CARTESIAN_POINT('',(42.3602221399786,-1.27,0.6));
#17630=CARTESIAN_POINT('',(42.3602221399786,-1.27,0.6));
#17631=VECTOR('',#17632,1.);
#17632=DIRECTION('',(1.,0.,0.));
#17633=CARTESIAN_POINT('',(42.06,-0.75,0.6));
#17634=CARTESIAN_POINT('',(42.06,-0.75,0.6));
#17635=VECTOR('',#17636,1.);
#17636=DIRECTION('',(0.500000000000003,-0.866025403784437,0.));
#17637=CARTESIAN_POINT('',(41.76,-0.75,0.6));
#17638=CARTESIAN_POINT('',(41.76,-0.75,0.6));
#17639=VECTOR('',#17640,1.);
#17640=DIRECTION('',(1.,0.,0.));
#17641=CARTESIAN_POINT('',(41.4597778600214,-1.27,0.6));
#17642=CARTESIAN_POINT('',(41.4597778600214,-1.27,0.6));
#17643=VECTOR('',#17644,1.);
#17644=DIRECTION('',(0.500000000000003,0.866025403784437,0.));
#17645=CARTESIAN_POINT('',(39.8202221399786,-1.27,0.6));
#17646=CARTESIAN_POINT('',(39.8202221399786,-1.27,0.6));
#17647=VECTOR('',#17648,1.);
#17648=DIRECTION('',(1.,0.,0.));
#17649=CARTESIAN_POINT('',(39.52,-0.75,0.6));
#17650=CARTESIAN_POINT('',(39.52,-0.75,0.6));
#17651=VECTOR('',#17652,1.);
#17652=DIRECTION('',(0.500000000000003,-0.866025403784437,0.));
#17653=CARTESIAN_POINT('',(39.22,-0.75,0.6));
#17654=CARTESIAN_POINT('',(39.22,-0.75,0.6));
#17655=VECTOR('',#17656,1.);
#17656=DIRECTION('',(1.,0.,0.));
#17657=CARTESIAN_POINT('',(38.9197778600214,-1.27,0.6));
#17658=CARTESIAN_POINT('',(38.9197778600214,-1.27,0.6));
#17659=VECTOR('',#17660,1.);
#17660=DIRECTION('',(0.500000000000003,0.866025403784437,0.));
#17661=CARTESIAN_POINT('',(37.2802221399786,-1.27,0.6));
#17662=CARTESIAN_POINT('',(37.2802221399786,-1.27,0.6));
#17663=VECTOR('',#17664,1.);
#17664=DIRECTION('',(1.,0.,0.));
#17665=CARTESIAN_POINT('',(36.98,-0.75,0.6));
#17666=CARTESIAN_POINT('',(36.98,-0.75,0.6));
#17667=VECTOR('',#17668,1.);
#17668=DIRECTION('',(0.500000000000003,-0.866025403784437,0.));
#17669=CARTESIAN_POINT('',(36.68,-0.75,0.6));
#17670=CARTESIAN_POINT('',(36.68,-0.75,0.6));
#17671=VECTOR('',#17672,1.);
#17672=DIRECTION('',(1.,0.,0.));
#17673=CARTESIAN_POINT('',(36.3797778600214,-1.27,0.6));
#17674=CARTESIAN_POINT('',(36.3797778600214,-1.27,0.6));
#17675=VECTOR('',#17676,1.);
#17676=DIRECTION('',(0.500000000000003,0.866025403784437,0.));
#17677=CARTESIAN_POINT('',(34.7402221399786,-1.27,0.6));
#17678=CARTESIAN_POINT('',(34.7402221399786,-1.27,0.6));
#17679=VECTOR('',#17680,1.);
#17680=DIRECTION('',(1.,0.,0.));
#17681=CARTESIAN_POINT('',(34.44,-0.75,0.6));
#17682=CARTESIAN_POINT('',(34.44,-0.75,0.6));
#17683=VECTOR('',#17684,1.);
#17684=DIRECTION('',(0.500000000000003,-0.866025403784437,0.));
#17685=CARTESIAN_POINT('',(34.14,-0.75,0.6));
#17686=CARTESIAN_POINT('',(34.14,-0.75,0.6));
#17687=VECTOR('',#17688,1.);
#17688=DIRECTION('',(1.,0.,0.));
#17689=CARTESIAN_POINT('',(33.8397778600214,-1.27,0.6));
#17690=CARTESIAN_POINT('',(33.8397778600214,-1.27,0.6));
#17691=VECTOR('',#17692,1.);
#17692=DIRECTION('',(0.500000000000003,0.866025403784437,0.));
#17693=CARTESIAN_POINT('',(32.2002221399786,-1.27,0.6));
#17694=CARTESIAN_POINT('',(32.2002221399786,-1.27,0.6));
#17695=VECTOR('',#17696,1.);
#17696=DIRECTION('',(1.,0.,0.));
#17697=CARTESIAN_POINT('',(31.9,-0.75,0.6));
#17698=CARTESIAN_POINT('',(31.9,-0.75,0.6));
#17699=VECTOR('',#17700,1.);
#17700=DIRECTION('',(0.499999999999999,-0.866025403784439,0.));
#17701=CARTESIAN_POINT('',(31.6,-0.75,0.6));
#17702=CARTESIAN_POINT('',(31.6,-0.75,0.6));
#17703=VECTOR('',#17704,1.);
#17704=DIRECTION('',(1.,0.,0.));
#17705=CARTESIAN_POINT('',(31.2997778600214,-1.27,0.6));
#17706=CARTESIAN_POINT('',(31.2997778600214,-1.27,0.6));
#17707=VECTOR('',#17708,1.);
#17708=DIRECTION('',(0.499999999999999,0.866025403784439,0.));
#17709=CARTESIAN_POINT('',(29.6602221399786,-1.27,0.6));
#17710=CARTESIAN_POINT('',(29.6602221399786,-1.27,0.6));
#17711=VECTOR('',#17712,1.);
#17712=DIRECTION('',(1.,0.,0.));
#17713=CARTESIAN_POINT('',(29.36,-0.75,0.6));
#17714=CARTESIAN_POINT('',(29.36,-0.75,0.6));
#17715=VECTOR('',#17716,1.);
#17716=DIRECTION('',(0.499999999999999,-0.866025403784439,0.));
#17717=CARTESIAN_POINT('',(29.06,-0.75,0.6));
#17718=CARTESIAN_POINT('',(29.06,-0.75,0.6));
#17719=VECTOR('',#17720,1.);
#17720=DIRECTION('',(1.,0.,0.));
#17721=CARTESIAN_POINT('',(28.7597778600214,-1.27,0.6));
#17722=CARTESIAN_POINT('',(28.7597778600214,-1.27,0.6));
#17723=VECTOR('',#17724,1.);
#17724=DIRECTION('',(0.499999999999999,0.866025403784439,0.));
#17725=CARTESIAN_POINT('',(27.1202221399786,-1.27,0.6));
#17726=CARTESIAN_POINT('',(27.1202221399786,-1.27,0.6));
#17727=VECTOR('',#17728,1.);
#17728=DIRECTION('',(1.,0.,0.));
#17729=CARTESIAN_POINT('',(26.82,-0.75,0.6));
#17730=CARTESIAN_POINT('',(26.82,-0.75,0.6));
#17731=VECTOR('',#17732,1.);
#17732=DIRECTION('',(0.499999999999999,-0.866025403784439,0.));
#17733=CARTESIAN_POINT('',(26.52,-0.75,0.6));
#17734=CARTESIAN_POINT('',(26.52,-0.75,0.6));
#17735=VECTOR('',#17736,1.);
#17736=DIRECTION('',(1.,0.,0.));
#17737=CARTESIAN_POINT('',(26.2197778600214,-1.27,0.6));
#17738=CARTESIAN_POINT('',(26.2197778600214,-1.27,0.6));
#17739=VECTOR('',#17740,1.);
#17740=DIRECTION('',(0.499999999999999,0.866025403784439,0.));
#17741=CARTESIAN_POINT('',(24.5802221399786,-1.27,0.6));
#17742=CARTESIAN_POINT('',(24.5802221399786,-1.27,0.6));
#17743=VECTOR('',#17744,1.);
#17744=DIRECTION('',(1.,0.,0.));
#17745=CARTESIAN_POINT('',(24.28,-0.75,0.6));
#17746=CARTESIAN_POINT('',(24.28,-0.75,0.6));
#17747=VECTOR('',#17748,1.);
#17748=DIRECTION('',(0.499999999999999,-0.866025403784439,0.));
#17749=CARTESIAN_POINT('',(23.98,-0.75,0.6));
#17750=CARTESIAN_POINT('',(23.98,-0.75,0.6));
#17751=VECTOR('',#17752,1.);
#17752=DIRECTION('',(1.,0.,0.));
#17753=CARTESIAN_POINT('',(23.6797778600214,-1.27,0.6));
#17754=CARTESIAN_POINT('',(23.6797778600214,-1.27,0.6));
#17755=VECTOR('',#17756,1.);
#17756=DIRECTION('',(0.499999999999999,0.866025403784439,0.));
#17757=CARTESIAN_POINT('',(22.0402221399786,-1.27,0.6));
#17758=CARTESIAN_POINT('',(22.0402221399786,-1.27,0.6));
#17759=VECTOR('',#17760,1.);
#17760=DIRECTION('',(1.,0.,0.));
#17761=CARTESIAN_POINT('',(21.74,-0.75,0.6));
#17762=CARTESIAN_POINT('',(21.74,-0.75,0.6));
#17763=VECTOR('',#17764,1.);
#17764=DIRECTION('',(0.499999999999999,-0.866025403784439,0.));
#17765=CARTESIAN_POINT('',(21.44,-0.75,0.6));
#17766=CARTESIAN_POINT('',(21.44,-0.75,0.6));
#17767=VECTOR('',#17768,1.);
#17768=DIRECTION('',(1.,0.,0.));
#17769=CARTESIAN_POINT('',(21.1397778600214,-1.27,0.6));
#17770=CARTESIAN_POINT('',(21.1397778600214,-1.27,0.6));
#17771=VECTOR('',#17772,1.);
#17772=DIRECTION('',(0.499999999999999,0.866025403784439,0.));
#17773=CARTESIAN_POINT('',(19.5002221399786,-1.27,0.6));
#17774=CARTESIAN_POINT('',(19.5002221399786,-1.27,0.6));
#17775=VECTOR('',#17776,1.);
#17776=DIRECTION('',(1.,0.,0.));
#17777=CARTESIAN_POINT('',(19.2,-0.75,0.6));
#17778=CARTESIAN_POINT('',(19.2,-0.75,0.6));
#17779=VECTOR('',#17780,1.);
#17780=DIRECTION('',(0.499999999999999,-0.866025403784439,0.));
#17781=CARTESIAN_POINT('',(18.9,-0.75,0.6));
#17782=CARTESIAN_POINT('',(18.9,-0.75,0.6));
#17783=VECTOR('',#17784,1.);
#17784=DIRECTION('',(1.,0.,0.));
#17785=CARTESIAN_POINT('',(18.5997778600214,-1.27,0.6));
#17786=CARTESIAN_POINT('',(18.5997778600214,-1.27,0.6));
#17787=VECTOR('',#17788,1.);
#17788=DIRECTION('',(0.499999999999999,0.866025403784439,0.));
#17789=CARTESIAN_POINT('',(16.9602221399786,-1.27,0.6));
#17790=CARTESIAN_POINT('',(16.9602221399786,-1.27,0.6));
#17791=VECTOR('',#17792,1.);
#17792=DIRECTION('',(1.,0.,0.));
#17793=CARTESIAN_POINT('',(16.66,-0.75,0.6));
#17794=CARTESIAN_POINT('',(16.66,-0.75,0.6));
#17795=VECTOR('',#17796,1.);
#17796=DIRECTION('',(0.499999999999999,-0.866025403784439,0.));
#17797=CARTESIAN_POINT('',(16.36,-0.75,0.6));
#17798=CARTESIAN_POINT('',(16.36,-0.75,0.6));
#17799=VECTOR('',#17800,1.);
#17800=DIRECTION('',(1.,0.,0.));
#17801=CARTESIAN_POINT('',(16.0597778600214,-1.27,0.6));
#17802=CARTESIAN_POINT('',(16.0597778600214,-1.27,0.6));
#17803=VECTOR('',#17804,1.);
#17804=DIRECTION('',(0.499999999999999,0.866025403784439,0.));
#17805=CARTESIAN_POINT('',(14.4202221399786,-1.27,0.6));
#17806=CARTESIAN_POINT('',(14.4202221399786,-1.27,0.6));
#17807=VECTOR('',#17808,1.);
#17808=DIRECTION('',(1.,0.,0.));
#17809=CARTESIAN_POINT('',(14.12,-0.75,0.6));
#17810=CARTESIAN_POINT('',(14.12,-0.75,0.6));
#17811=VECTOR('',#17812,1.);
#17812=DIRECTION('',(0.500000000000001,-0.866025403784438,0.));
#17813=CARTESIAN_POINT('',(13.82,-0.75,0.6));
#17814=CARTESIAN_POINT('',(13.82,-0.75,0.6));
#17815=VECTOR('',#17816,1.);
#17816=DIRECTION('',(1.,0.,0.));
#17817=CARTESIAN_POINT('',(13.5197778600214,-1.27,0.6));
#17818=CARTESIAN_POINT('',(13.5197778600214,-1.27,0.6));
#17819=VECTOR('',#17820,1.);
#17820=DIRECTION('',(0.499999999999999,0.866025403784439,0.));
#17821=CARTESIAN_POINT('',(11.8802221399786,-1.27,0.6));
#17822=CARTESIAN_POINT('',(11.8802221399786,-1.27,0.6));
#17823=VECTOR('',#17824,1.);
#17824=DIRECTION('',(1.,0.,0.));
#17825=CARTESIAN_POINT('',(11.58,-0.75,0.6));
#17826=CARTESIAN_POINT('',(11.58,-0.75,0.6));
#17827=VECTOR('',#17828,1.);
#17828=DIRECTION('',(0.500000000000001,-0.866025403784438,0.));
#17829=CARTESIAN_POINT('',(11.28,-0.75,0.6));
#17830=CARTESIAN_POINT('',(11.28,-0.75,0.6));
#17831=VECTOR('',#17832,1.);
#17832=DIRECTION('',(1.,0.,0.));
#17833=CARTESIAN_POINT('',(10.9797778600214,-1.27,0.6));
#17834=CARTESIAN_POINT('',(10.9797778600214,-1.27,0.6));
#17835=VECTOR('',#17836,1.);
#17836=DIRECTION('',(0.499999999999999,0.866025403784439,0.));
#17837=CARTESIAN_POINT('',(9.34022213997861,-1.27,0.6));
#17838=CARTESIAN_POINT('',(9.34022213997861,-1.27,0.6));
#17839=VECTOR('',#17840,1.);
#17840=DIRECTION('',(1.,0.,0.));
#17841=CARTESIAN_POINT('',(9.04,-0.75,0.6));
#17842=CARTESIAN_POINT('',(9.04,-0.75,0.6));
#17843=VECTOR('',#17844,1.);
#17844=DIRECTION('',(0.500000000000001,-0.866025403784438,0.));
#17845=CARTESIAN_POINT('',(8.74,-0.75,0.6));
#17846=CARTESIAN_POINT('',(8.74,-0.75,0.6));
#17847=VECTOR('',#17848,1.);
#17848=DIRECTION('',(1.,0.,0.));
#17849=CARTESIAN_POINT('',(8.43977786002139,-1.27,0.6));
#17850=CARTESIAN_POINT('',(8.43977786002139,-1.27,0.6));
#17851=VECTOR('',#17852,1.);
#17852=DIRECTION('',(0.499999999999999,0.866025403784439,0.));
#17853=CARTESIAN_POINT('',(6.80022213997861,-1.27,0.6));
#17854=CARTESIAN_POINT('',(6.80022213997861,-1.27,0.6));
#17855=VECTOR('',#17856,1.);
#17856=DIRECTION('',(1.,0.,0.));
#17857=CARTESIAN_POINT('',(6.5,-0.75,0.6));
#17858=CARTESIAN_POINT('',(6.5,-0.75,0.6));
#17859=VECTOR('',#17860,1.);
#17860=DIRECTION('',(0.5,-0.866025403784439,0.));
#17861=CARTESIAN_POINT('',(6.2,-0.75,0.6));
#17862=CARTESIAN_POINT('',(6.2,-0.75,0.6));
#17863=VECTOR('',#17864,1.);
#17864=DIRECTION('',(1.,0.,0.));
#17865=CARTESIAN_POINT('',(5.89977786002139,-1.27,0.6));
#17866=CARTESIAN_POINT('',(5.89977786002139,-1.27,0.6));
#17867=VECTOR('',#17868,1.);
#17868=DIRECTION('',(0.5,0.866025403784439,0.));
#17869=CARTESIAN_POINT('',(4.26022213997861,-1.27,0.6));
#17870=CARTESIAN_POINT('',(4.26022213997861,-1.27,0.6));
#17871=VECTOR('',#17872,1.);
#17872=DIRECTION('',(1.,0.,0.));
#17873=CARTESIAN_POINT('',(3.96,-0.75,0.6));
#17874=CARTESIAN_POINT('',(3.96,-0.75,0.6));
#17875=VECTOR('',#17876,1.);
#17876=DIRECTION('',(0.5,-0.866025403784439,0.));
#17877=CARTESIAN_POINT('',(3.66,-0.75,0.6));
#17878=CARTESIAN_POINT('',(3.66,-0.75,0.6));
#17879=VECTOR('',#17880,1.);
#17880=DIRECTION('',(1.,0.,0.));
#17881=CARTESIAN_POINT('',(3.35977786002139,-1.27,0.6));
#17882=CARTESIAN_POINT('',(3.35977786002139,-1.27,0.6));
#17883=VECTOR('',#17884,1.);
#17884=DIRECTION('',(0.5,0.866025403784439,0.));
#17885=CARTESIAN_POINT('',(1.72022213997861,-1.27,0.6));
#17886=CARTESIAN_POINT('',(1.72022213997861,-1.27,0.6));
#17887=VECTOR('',#17888,1.);
#17888=DIRECTION('',(1.,0.,0.));
#17889=CARTESIAN_POINT('',(1.42,-0.75,0.6));
#17890=CARTESIAN_POINT('',(1.42,-0.75,0.6));
#17891=VECTOR('',#17892,1.);
#17892=DIRECTION('',(0.5,-0.866025403784438,0.));
#17893=CARTESIAN_POINT('',(1.12,-0.75,0.6));
#17894=CARTESIAN_POINT('',(1.12,-0.75,0.6));
#17895=VECTOR('',#17896,1.);
#17896=DIRECTION('',(1.,0.,0.));
#17897=CARTESIAN_POINT('',(0.819777860021395,-1.27,0.6));
#17898=CARTESIAN_POINT('',(0.819777860021395,-1.27,0.6));
#17899=VECTOR('',#17900,1.);
#17900=DIRECTION('',(0.5,0.866025403784439,0.));
#17901=CARTESIAN_POINT('',(-0.819777860021394,-1.27,0.6));
#17902=CARTESIAN_POINT('',(-0.819777860021394,-1.27,0.6));
#17903=VECTOR('',#17904,1.);
#17904=DIRECTION('',(1.,0.,0.));
#17905=CARTESIAN_POINT('',(-1.12,-0.75,0.6));
#17906=CARTESIAN_POINT('',(-1.12,-0.75,0.6));
#17907=VECTOR('',#17908,1.);
#17908=DIRECTION('',(0.5,-0.866025403784438,0.));
#17909=CARTESIAN_POINT('',(-1.27,-0.75,0.6));
#17910=VECTOR('',#17911,1.);
#17911=DIRECTION('',(1.,0.,0.));
#17912=CARTESIAN_POINT('',(0.66,0.,0.6));
#17913=AXIS2_PLACEMENT_3D('',#17914,#17915,#17916);
#17914=CARTESIAN_POINT('',(0.,0.,0.6));
#17915=DIRECTION('',(0.,0.,1.));
#17916=DIRECTION('',(1.,0.,0.));
#17917=CARTESIAN_POINT('',(-1.12,-0.75,0.6));
#17918=VECTOR('',#17919,1.);
#17919=DIRECTION('',(0.,0.,1.));
#17920=CARTESIAN_POINT('',(-1.27,-0.75,0.6));
#17921=VECTOR('',#17922,1.);
#17922=DIRECTION('',(0.,0.,1.));
#17923=CARTESIAN_POINT('',(-0.819777860021395,-1.27,0.6));
#17924=VECTOR('',#17925,1.);
#17925=DIRECTION('',(0.,0.,1.));
#17926=CARTESIAN_POINT('',(0.819777860021395,-1.27,0.6));
#17927=VECTOR('',#17928,1.);
#17928=DIRECTION('',(0.,0.,1.));
#17929=CARTESIAN_POINT('',(1.12,-0.75,0.6));
#17930=VECTOR('',#17931,1.);
#17931=DIRECTION('',(0.,0.,1.));
#17932=CARTESIAN_POINT('',(1.42,-0.75,0.6));
#17933=VECTOR('',#17934,1.);
#17934=DIRECTION('',(0.,0.,1.));
#17935=CARTESIAN_POINT('',(1.72022213997861,-1.27,0.6));
#17936=VECTOR('',#17937,1.);
#17937=DIRECTION('',(0.,0.,1.));
#17938=CARTESIAN_POINT('',(3.35977786002139,-1.27,0.6));
#17939=VECTOR('',#17940,1.);
#17940=DIRECTION('',(0.,0.,1.));
#17941=CARTESIAN_POINT('',(3.66,-0.75,0.6));
#17942=VECTOR('',#17943,1.);
#17943=DIRECTION('',(0.,0.,1.));
#17944=CARTESIAN_POINT('',(3.96,-0.75,0.6));
#17945=VECTOR('',#17946,1.);
#17946=DIRECTION('',(0.,0.,1.));
#17947=CARTESIAN_POINT('',(4.26022213997861,-1.27,0.6));
#17948=VECTOR('',#17949,1.);
#17949=DIRECTION('',(0.,0.,1.));
#17950=CARTESIAN_POINT('',(5.89977786002139,-1.27,0.6));
#17951=VECTOR('',#17952,1.);
#17952=DIRECTION('',(0.,0.,1.));
#17953=CARTESIAN_POINT('',(6.2,-0.75,0.6));
#17954=VECTOR('',#17955,1.);
#17955=DIRECTION('',(0.,0.,1.));
#17956=CARTESIAN_POINT('',(6.5,-0.75,0.6));
#17957=VECTOR('',#17958,1.);
#17958=DIRECTION('',(0.,0.,1.));
#17959=CARTESIAN_POINT('',(6.80022213997861,-1.27,0.6));
#17960=VECTOR('',#17961,1.);
#17961=DIRECTION('',(0.,0.,1.));
#17962=CARTESIAN_POINT('',(8.43977786002139,-1.27,0.6));
#17963=VECTOR('',#17964,1.);
#17964=DIRECTION('',(0.,0.,1.));
#17965=CARTESIAN_POINT('',(8.74,-0.75,0.6));
#17966=VECTOR('',#17967,1.);
#17967=DIRECTION('',(0.,0.,1.));
#17968=CARTESIAN_POINT('',(9.04,-0.75,0.6));
#17969=VECTOR('',#17970,1.);
#17970=DIRECTION('',(0.,0.,1.));
#17971=CARTESIAN_POINT('',(9.34022213997861,-1.27,0.6));
#17972=VECTOR('',#17973,1.);
#17973=DIRECTION('',(0.,0.,1.));
#17974=CARTESIAN_POINT('',(10.9797778600214,-1.27,0.6));
#17975=VECTOR('',#17976,1.);
#17976=DIRECTION('',(0.,0.,1.));
#17977=CARTESIAN_POINT('',(11.28,-0.75,0.6));
#17978=VECTOR('',#17979,1.);
#17979=DIRECTION('',(0.,0.,1.));
#17980=CARTESIAN_POINT('',(11.58,-0.75,0.6));
#17981=VECTOR('',#17982,1.);
#17982=DIRECTION('',(0.,0.,1.));
#17983=CARTESIAN_POINT('',(11.8802221399786,-1.27,0.6));
#17984=VECTOR('',#17985,1.);
#17985=DIRECTION('',(0.,0.,1.));
#17986=CARTESIAN_POINT('',(13.5197778600214,-1.27,0.6));
#17987=VECTOR('',#17988,1.);
#17988=DIRECTION('',(0.,0.,1.));
#17989=CARTESIAN_POINT('',(13.82,-0.75,0.6));
#17990=VECTOR('',#17991,1.);
#17991=DIRECTION('',(0.,0.,1.));
#17992=CARTESIAN_POINT('',(14.12,-0.75,0.6));
#17993=VECTOR('',#17994,1.);
#17994=DIRECTION('',(0.,0.,1.));
#17995=CARTESIAN_POINT('',(14.4202221399786,-1.27,0.6));
#17996=VECTOR('',#17997,1.);
#17997=DIRECTION('',(0.,0.,1.));
#17998=CARTESIAN_POINT('',(16.0597778600214,-1.27,0.6));
#17999=VECTOR('',#18000,1.);
#18000=DIRECTION('',(0.,0.,1.));
#18001=CARTESIAN_POINT('',(16.36,-0.75,0.6));
#18002=VECTOR('',#18003,1.);
#18003=DIRECTION('',(0.,0.,1.));
#18004=CARTESIAN_POINT('',(16.66,-0.75,0.6));
#18005=VECTOR('',#18006,1.);
#18006=DIRECTION('',(0.,0.,1.));
#18007=CARTESIAN_POINT('',(16.9602221399786,-1.27,0.6));
#18008=VECTOR('',#18009,1.);
#18009=DIRECTION('',(0.,0.,1.));
#18010=CARTESIAN_POINT('',(18.5997778600214,-1.27,0.6));
#18011=VECTOR('',#18012,1.);
#18012=DIRECTION('',(0.,0.,1.));
#18013=CARTESIAN_POINT('',(18.9,-0.75,0.6));
#18014=VECTOR('',#18015,1.);
#18015=DIRECTION('',(0.,0.,1.));
#18016=CARTESIAN_POINT('',(19.2,-0.75,0.6));
#18017=VECTOR('',#18018,1.);
#18018=DIRECTION('',(0.,0.,1.));
#18019=CARTESIAN_POINT('',(19.5002221399786,-1.27,0.6));
#18020=VECTOR('',#18021,1.);
#18021=DIRECTION('',(0.,0.,1.));
#18022=CARTESIAN_POINT('',(21.1397778600214,-1.27,0.6));
#18023=VECTOR('',#18024,1.);
#18024=DIRECTION('',(0.,0.,1.));
#18025=CARTESIAN_POINT('',(21.44,-0.75,0.6));
#18026=VECTOR('',#18027,1.);
#18027=DIRECTION('',(0.,0.,1.));
#18028=CARTESIAN_POINT('',(21.74,-0.75,0.6));
#18029=VECTOR('',#18030,1.);
#18030=DIRECTION('',(0.,0.,1.));
#18031=CARTESIAN_POINT('',(22.0402221399786,-1.27,0.6));
#18032=VECTOR('',#18033,1.);
#18033=DIRECTION('',(0.,0.,1.));
#18034=CARTESIAN_POINT('',(23.6797778600214,-1.27,0.6));
#18035=VECTOR('',#18036,1.);
#18036=DIRECTION('',(0.,0.,1.));
#18037=CARTESIAN_POINT('',(23.98,-0.75,0.6));
#18038=VECTOR('',#18039,1.);
#18039=DIRECTION('',(0.,0.,1.));
#18040=CARTESIAN_POINT('',(24.28,-0.75,0.6));
#18041=VECTOR('',#18042,1.);
#18042=DIRECTION('',(0.,0.,1.));
#18043=CARTESIAN_POINT('',(24.5802221399786,-1.27,0.6));
#18044=VECTOR('',#18045,1.);
#18045=DIRECTION('',(0.,0.,1.));
#18046=CARTESIAN_POINT('',(26.2197778600214,-1.27,0.6));
#18047=VECTOR('',#18048,1.);
#18048=DIRECTION('',(0.,0.,1.));
#18049=CARTESIAN_POINT('',(26.52,-0.75,0.6));
#18050=VECTOR('',#18051,1.);
#18051=DIRECTION('',(0.,0.,1.));
#18052=CARTESIAN_POINT('',(26.82,-0.75,0.6));
#18053=VECTOR('',#18054,1.);
#18054=DIRECTION('',(0.,0.,1.));
#18055=CARTESIAN_POINT('',(27.1202221399786,-1.27,0.6));
#18056=VECTOR('',#18057,1.);
#18057=DIRECTION('',(0.,0.,1.));
#18058=CARTESIAN_POINT('',(28.7597778600214,-1.27,0.6));
#18059=VECTOR('',#18060,1.);
#18060=DIRECTION('',(0.,0.,1.));
#18061=CARTESIAN_POINT('',(29.06,-0.75,0.6));
#18062=VECTOR('',#18063,1.);
#18063=DIRECTION('',(0.,0.,1.));
#18064=CARTESIAN_POINT('',(29.36,-0.75,0.6));
#18065=VECTOR('',#18066,1.);
#18066=DIRECTION('',(0.,0.,1.));
#18067=CARTESIAN_POINT('',(29.6602221399786,-1.27,0.6));
#18068=VECTOR('',#18069,1.);
#18069=DIRECTION('',(0.,0.,1.));
#18070=CARTESIAN_POINT('',(31.2997778600214,-1.27,0.6));
#18071=VECTOR('',#18072,1.);
#18072=DIRECTION('',(0.,0.,1.));
#18073=CARTESIAN_POINT('',(31.6,-0.75,0.6));
#18074=VECTOR('',#18075,1.);
#18075=DIRECTION('',(0.,0.,1.));
#18076=CARTESIAN_POINT('',(31.9,-0.75,0.6));
#18077=VECTOR('',#18078,1.);
#18078=DIRECTION('',(0.,0.,1.));
#18079=CARTESIAN_POINT('',(32.2002221399786,-1.27,0.6));
#18080=VECTOR('',#18081,1.);
#18081=DIRECTION('',(0.,0.,1.));
#18082=CARTESIAN_POINT('',(33.8397778600214,-1.27,0.6));
#18083=VECTOR('',#18084,1.);
#18084=DIRECTION('',(0.,0.,1.));
#18085=CARTESIAN_POINT('',(34.14,-0.75,0.6));
#18086=VECTOR('',#18087,1.);
#18087=DIRECTION('',(0.,0.,1.));
#18088=CARTESIAN_POINT('',(34.44,-0.75,0.6));
#18089=VECTOR('',#18090,1.);
#18090=DIRECTION('',(0.,0.,1.));
#18091=CARTESIAN_POINT('',(34.7402221399786,-1.27,0.6));
#18092=VECTOR('',#18093,1.);
#18093=DIRECTION('',(0.,0.,1.));
#18094=CARTESIAN_POINT('',(36.3797778600214,-1.27,0.6));
#18095=VECTOR('',#18096,1.);
#18096=DIRECTION('',(0.,0.,1.));
#18097=CARTESIAN_POINT('',(36.68,-0.75,0.6));
#18098=VECTOR('',#18099,1.);
#18099=DIRECTION('',(0.,0.,1.));
#18100=CARTESIAN_POINT('',(36.98,-0.75,0.6));
#18101=VECTOR('',#18102,1.);
#18102=DIRECTION('',(0.,0.,1.));
#18103=CARTESIAN_POINT('',(37.2802221399786,-1.27,0.6));
#18104=VECTOR('',#18105,1.);
#18105=DIRECTION('',(0.,0.,1.));
#18106=CARTESIAN_POINT('',(38.9197778600214,-1.27,0.6));
#18107=VECTOR('',#18108,1.);
#18108=DIRECTION('',(0.,0.,1.));
#18109=CARTESIAN_POINT('',(39.22,-0.75,0.6));
#18110=VECTOR('',#18111,1.);
#18111=DIRECTION('',(0.,0.,1.));
#18112=CARTESIAN_POINT('',(39.52,-0.75,0.6));
#18113=VECTOR('',#18114,1.);
#18114=DIRECTION('',(0.,0.,1.));
#18115=CARTESIAN_POINT('',(39.8202221399786,-1.27,0.6));
#18116=VECTOR('',#18117,1.);
#18117=DIRECTION('',(0.,0.,1.));
#18118=CARTESIAN_POINT('',(41.4597778600214,-1.27,0.6));
#18119=VECTOR('',#18120,1.);
#18120=DIRECTION('',(0.,0.,1.));
#18121=CARTESIAN_POINT('',(41.76,-0.75,0.6));
#18122=VECTOR('',#18123,1.);
#18123=DIRECTION('',(0.,0.,1.));
#18124=CARTESIAN_POINT('',(42.06,-0.75,0.6));
#18125=VECTOR('',#18126,1.);
#18126=DIRECTION('',(0.,0.,1.));
#18127=CARTESIAN_POINT('',(42.3602221399786,-1.27,0.6));
#18128=VECTOR('',#18129,1.);
#18129=DIRECTION('',(0.,0.,1.));
#18130=CARTESIAN_POINT('',(43.9997778600214,-1.27,0.6));
#18131=VECTOR('',#18132,1.);
#18132=DIRECTION('',(0.,0.,1.));
#18133=CARTESIAN_POINT('',(44.3,-0.75,0.6));
#18134=VECTOR('',#18135,1.);
#18135=DIRECTION('',(0.,0.,1.));
#18136=CARTESIAN_POINT('',(44.6,-0.75,0.6));
#18137=VECTOR('',#18138,1.);
#18138=DIRECTION('',(0.,0.,1.));
#18139=CARTESIAN_POINT('',(44.9002221399786,-1.27,0.6));
#18140=VECTOR('',#18141,1.);
#18141=DIRECTION('',(0.,0.,1.));
#18142=CARTESIAN_POINT('',(46.5397778600214,-1.27,0.6));
#18143=VECTOR('',#18144,1.);
#18144=DIRECTION('',(0.,0.,1.));
#18145=CARTESIAN_POINT('',(46.84,-0.75,0.6));
#18146=VECTOR('',#18147,1.);
#18147=DIRECTION('',(0.,0.,1.));
#18148=CARTESIAN_POINT('',(47.14,-0.75,0.6));
#18149=VECTOR('',#18150,1.);
#18150=DIRECTION('',(0.,0.,1.));
#18151=CARTESIAN_POINT('',(47.4402221399786,-1.27,0.6));
#18152=VECTOR('',#18153,1.);
#18153=DIRECTION('',(0.,0.,1.));
#18154=CARTESIAN_POINT('',(49.0797778600214,-1.27,0.6));
#18155=VECTOR('',#18156,1.);
#18156=DIRECTION('',(0.,0.,1.));
#18157=CARTESIAN_POINT('',(49.38,-0.75,0.6));
#18158=VECTOR('',#18159,1.);
#18159=DIRECTION('',(0.,0.,1.));
#18160=CARTESIAN_POINT('',(49.68,-0.75,0.6));
#18161=VECTOR('',#18162,1.);
#18162=DIRECTION('',(0.,0.,1.));
#18163=CARTESIAN_POINT('',(49.9802221399786,-1.27,0.6));
#18164=VECTOR('',#18165,1.);
#18165=DIRECTION('',(0.,0.,1.));
#18166=CARTESIAN_POINT('',(51.6197778600214,-1.27,0.6));
#18167=VECTOR('',#18168,1.);
#18168=DIRECTION('',(0.,0.,1.));
#18169=CARTESIAN_POINT('',(51.92,-0.75,0.6));
#18170=VECTOR('',#18171,1.);
#18171=DIRECTION('',(0.,0.,1.));
#18172=CARTESIAN_POINT('',(52.22,-0.75,0.6));
#18173=VECTOR('',#18174,1.);
#18174=DIRECTION('',(0.,0.,1.));
#18175=CARTESIAN_POINT('',(52.5202221399786,-1.27,0.6));
#18176=VECTOR('',#18177,1.);
#18177=DIRECTION('',(0.,0.,1.));
#18178=CARTESIAN_POINT('',(54.1597778600214,-1.27,0.6));
#18179=VECTOR('',#18180,1.);
#18180=DIRECTION('',(0.,0.,1.));
#18181=CARTESIAN_POINT('',(54.46,-0.75,0.6));
#18182=VECTOR('',#18183,1.);
#18183=DIRECTION('',(0.,0.,1.));
#18184=CARTESIAN_POINT('',(54.76,-0.75,0.6));
#18185=VECTOR('',#18186,1.);
#18186=DIRECTION('',(0.,0.,1.));
#18187=CARTESIAN_POINT('',(55.0602221399786,-1.27,0.6));
#18188=VECTOR('',#18189,1.);
#18189=DIRECTION('',(0.,0.,1.));
#18190=CARTESIAN_POINT('',(56.6997778600214,-1.27,0.6));
#18191=VECTOR('',#18192,1.);
#18192=DIRECTION('',(0.,0.,1.));
#18193=CARTESIAN_POINT('',(57.,-0.75,0.6));
#18194=VECTOR('',#18195,1.);
#18195=DIRECTION('',(0.,0.,1.));
#18196=CARTESIAN_POINT('',(57.3,-0.75,0.6));
#18197=VECTOR('',#18198,1.);
#18198=DIRECTION('',(0.,0.,1.));
#18199=CARTESIAN_POINT('',(57.6002221399786,-1.27,0.6));
#18200=VECTOR('',#18201,1.);
#18201=DIRECTION('',(0.,0.,1.));
#18202=CARTESIAN_POINT('',(59.2397778600214,-1.27,0.6));
#18203=VECTOR('',#18204,1.);
#18204=DIRECTION('',(0.,0.,1.));
#18205=CARTESIAN_POINT('',(59.54,-0.75,0.6));
#18206=VECTOR('',#18207,1.);
#18207=DIRECTION('',(0.,0.,1.));
#18208=CARTESIAN_POINT('',(59.84,-0.75,0.6));
#18209=VECTOR('',#18210,1.);
#18210=DIRECTION('',(0.,0.,1.));
#18211=CARTESIAN_POINT('',(60.1402221399786,-1.27,0.6));
#18212=VECTOR('',#18213,1.);
#18213=DIRECTION('',(0.,0.,1.));
#18214=CARTESIAN_POINT('',(61.7797778600214,-1.27,0.6));
#18215=VECTOR('',#18216,1.);
#18216=DIRECTION('',(0.,0.,1.));
#18217=CARTESIAN_POINT('',(62.08,-0.75,0.6));
#18218=VECTOR('',#18219,1.);
#18219=DIRECTION('',(0.,0.,1.));
#18220=CARTESIAN_POINT('',(62.38,-0.75,0.6));
#18221=VECTOR('',#18222,1.);
#18222=DIRECTION('',(0.,0.,1.));
#18223=CARTESIAN_POINT('',(62.6802221399786,-1.27,0.6));
#18224=VECTOR('',#18225,1.);
#18225=DIRECTION('',(0.,0.,1.));
#18226=CARTESIAN_POINT('',(64.3197778600214,-1.27,0.6));
#18227=VECTOR('',#18228,1.);
#18228=DIRECTION('',(0.,0.,1.));
#18229=CARTESIAN_POINT('',(64.62,-0.75,0.6));
#18230=VECTOR('',#18231,1.);
#18231=DIRECTION('',(0.,0.,1.));
#18232=CARTESIAN_POINT('',(64.92,-0.75,0.6));
#18233=VECTOR('',#18234,1.);
#18234=DIRECTION('',(0.,0.,1.));
#18235=CARTESIAN_POINT('',(65.2202221399786,-1.27,0.6));
#18236=VECTOR('',#18237,1.);
#18237=DIRECTION('',(0.,0.,1.));
#18238=CARTESIAN_POINT('',(66.8597778600214,-1.27,0.6));
#18239=VECTOR('',#18240,1.);
#18240=DIRECTION('',(0.,0.,1.));
#18241=CARTESIAN_POINT('',(67.16,-0.75,0.6));
#18242=VECTOR('',#18243,1.);
#18243=DIRECTION('',(0.,0.,1.));
#18244=CARTESIAN_POINT('',(67.46,-0.75,0.6));
#18245=VECTOR('',#18246,1.);
#18246=DIRECTION('',(0.,0.,1.));
#18247=CARTESIAN_POINT('',(67.7602221399786,-1.27,0.6));
#18248=VECTOR('',#18249,1.);
#18249=DIRECTION('',(0.,0.,1.));
#18250=CARTESIAN_POINT('',(69.3997778600214,-1.27,0.6));
#18251=VECTOR('',#18252,1.);
#18252=DIRECTION('',(0.,0.,1.));
#18253=CARTESIAN_POINT('',(69.7,-0.75,0.6));
#18254=VECTOR('',#18255,1.);
#18255=DIRECTION('',(0.,0.,1.));
#18256=CARTESIAN_POINT('',(70.,-0.75,0.6));
#18257=VECTOR('',#18258,1.);
#18258=DIRECTION('',(0.,0.,1.));
#18259=CARTESIAN_POINT('',(70.3002221399786,-1.27,0.6));
#18260=VECTOR('',#18261,1.);
#18261=DIRECTION('',(0.,0.,1.));
#18262=CARTESIAN_POINT('',(71.9397778600214,-1.27,0.6));
#18263=VECTOR('',#18264,1.);
#18264=DIRECTION('',(0.,0.,1.));
#18265=CARTESIAN_POINT('',(72.24,-0.75,0.6));
#18266=VECTOR('',#18267,1.);
#18267=DIRECTION('',(0.,0.,1.));
#18268=CARTESIAN_POINT('',(72.39,-0.75,0.6));
#18269=VECTOR('',#18270,1.);
#18270=DIRECTION('',(0.,0.,1.));
#18271=CARTESIAN_POINT('',(72.39,0.75,0.6));
#18272=VECTOR('',#18273,1.);
#18273=DIRECTION('',(0.,0.,1.));
#18274=CARTESIAN_POINT('',(72.24,0.75,0.6));
#18275=VECTOR('',#18276,1.);
#18276=DIRECTION('',(0.,0.,1.));
#18277=CARTESIAN_POINT('',(71.9397778600214,1.27,0.6));
#18278=VECTOR('',#18279,1.);
#18279=DIRECTION('',(0.,0.,1.));
#18280=CARTESIAN_POINT('',(70.3002221399786,1.27,0.6));
#18281=VECTOR('',#18282,1.);
#18282=DIRECTION('',(0.,0.,1.));
#18283=CARTESIAN_POINT('',(70.,0.75,0.6));
#18284=VECTOR('',#18285,1.);
#18285=DIRECTION('',(0.,0.,1.));
#18286=CARTESIAN_POINT('',(69.7,0.75,0.6));
#18287=VECTOR('',#18288,1.);
#18288=DIRECTION('',(0.,0.,1.));
#18289=CARTESIAN_POINT('',(69.3997778600214,1.27,0.6));
#18290=VECTOR('',#18291,1.);
#18291=DIRECTION('',(0.,0.,1.));
#18292=CARTESIAN_POINT('',(67.7602221399786,1.27,0.6));
#18293=VECTOR('',#18294,1.);
#18294=DIRECTION('',(0.,0.,1.));
#18295=CARTESIAN_POINT('',(67.46,0.75,0.6));
#18296=VECTOR('',#18297,1.);
#18297=DIRECTION('',(0.,0.,1.));
#18298=CARTESIAN_POINT('',(67.16,0.75,0.6));
#18299=VECTOR('',#18300,1.);
#18300=DIRECTION('',(0.,0.,1.));
#18301=CARTESIAN_POINT('',(66.8597778600214,1.27,0.6));
#18302=VECTOR('',#18303,1.);
#18303=DIRECTION('',(0.,0.,1.));
#18304=CARTESIAN_POINT('',(65.2202221399786,1.27,0.6));
#18305=VECTOR('',#18306,1.);
#18306=DIRECTION('',(0.,0.,1.));
#18307=CARTESIAN_POINT('',(64.92,0.75,0.6));
#18308=VECTOR('',#18309,1.);
#18309=DIRECTION('',(0.,0.,1.));
#18310=CARTESIAN_POINT('',(64.62,0.75,0.6));
#18311=VECTOR('',#18312,1.);
#18312=DIRECTION('',(0.,0.,1.));
#18313=CARTESIAN_POINT('',(64.3197778600214,1.27,0.6));
#18314=VECTOR('',#18315,1.);
#18315=DIRECTION('',(0.,0.,1.));
#18316=CARTESIAN_POINT('',(62.6802221399786,1.27,0.6));
#18317=VECTOR('',#18318,1.);
#18318=DIRECTION('',(0.,0.,1.));
#18319=CARTESIAN_POINT('',(62.38,0.75,0.6));
#18320=VECTOR('',#18321,1.);
#18321=DIRECTION('',(0.,0.,1.));
#18322=CARTESIAN_POINT('',(62.08,0.75,0.6));
#18323=VECTOR('',#18324,1.);
#18324=DIRECTION('',(0.,0.,1.));
#18325=CARTESIAN_POINT('',(61.7797778600214,1.27,0.6));
#18326=VECTOR('',#18327,1.);
#18327=DIRECTION('',(0.,0.,1.));
#18328=CARTESIAN_POINT('',(60.1402221399786,1.27,0.6));
#18329=VECTOR('',#18330,1.);
#18330=DIRECTION('',(0.,0.,1.));
#18331=CARTESIAN_POINT('',(59.84,0.75,0.6));
#18332=VECTOR('',#18333,1.);
#18333=DIRECTION('',(0.,0.,1.));
#18334=CARTESIAN_POINT('',(59.54,0.75,0.6));
#18335=VECTOR('',#18336,1.);
#18336=DIRECTION('',(0.,0.,1.));
#18337=CARTESIAN_POINT('',(59.2397778600214,1.27,0.6));
#18338=VECTOR('',#18339,1.);
#18339=DIRECTION('',(0.,0.,1.));
#18340=CARTESIAN_POINT('',(57.6002221399786,1.27,0.6));
#18341=VECTOR('',#18342,1.);
#18342=DIRECTION('',(0.,0.,1.));
#18343=CARTESIAN_POINT('',(57.3,0.75,0.6));
#18344=VECTOR('',#18345,1.);
#18345=DIRECTION('',(0.,0.,1.));
#18346=CARTESIAN_POINT('',(57.,0.75,0.6));
#18347=VECTOR('',#18348,1.);
#18348=DIRECTION('',(0.,0.,1.));
#18349=CARTESIAN_POINT('',(56.6997778600214,1.27,0.6));
#18350=VECTOR('',#18351,1.);
#18351=DIRECTION('',(0.,0.,1.));
#18352=CARTESIAN_POINT('',(55.0602221399786,1.27,0.6));
#18353=VECTOR('',#18354,1.);
#18354=DIRECTION('',(0.,0.,1.));
#18355=CARTESIAN_POINT('',(54.76,0.75,0.6));
#18356=VECTOR('',#18357,1.);
#18357=DIRECTION('',(0.,0.,1.));
#18358=CARTESIAN_POINT('',(54.46,0.75,0.6));
#18359=VECTOR('',#18360,1.);
#18360=DIRECTION('',(0.,0.,1.));
#18361=CARTESIAN_POINT('',(54.1597778600214,1.27,0.6));
#18362=VECTOR('',#18363,1.);
#18363=DIRECTION('',(0.,0.,1.));
#18364=CARTESIAN_POINT('',(52.5202221399786,1.27,0.6));
#18365=VECTOR('',#18366,1.);
#18366=DIRECTION('',(0.,0.,1.));
#18367=CARTESIAN_POINT('',(52.22,0.75,0.6));
#18368=VECTOR('',#18369,1.);
#18369=DIRECTION('',(0.,0.,1.));
#18370=CARTESIAN_POINT('',(51.92,0.75,0.6));
#18371=VECTOR('',#18372,1.);
#18372=DIRECTION('',(0.,0.,1.));
#18373=CARTESIAN_POINT('',(51.6197778600214,1.27,0.6));
#18374=VECTOR('',#18375,1.);
#18375=DIRECTION('',(0.,0.,1.));
#18376=CARTESIAN_POINT('',(49.9802221399786,1.27,0.6));
#18377=VECTOR('',#18378,1.);
#18378=DIRECTION('',(0.,0.,1.));
#18379=CARTESIAN_POINT('',(49.68,0.75,0.6));
#18380=VECTOR('',#18381,1.);
#18381=DIRECTION('',(0.,0.,1.));
#18382=CARTESIAN_POINT('',(49.38,0.75,0.6));
#18383=VECTOR('',#18384,1.);
#18384=DIRECTION('',(0.,0.,1.));
#18385=CARTESIAN_POINT('',(49.0797778600214,1.27,0.6));
#18386=VECTOR('',#18387,1.);
#18387=DIRECTION('',(0.,0.,1.));
#18388=CARTESIAN_POINT('',(47.4402221399786,1.27,0.6));
#18389=VECTOR('',#18390,1.);
#18390=DIRECTION('',(0.,0.,1.));
#18391=CARTESIAN_POINT('',(47.14,0.75,0.6));
#18392=VECTOR('',#18393,1.);
#18393=DIRECTION('',(0.,0.,1.));
#18394=CARTESIAN_POINT('',(46.84,0.75,0.6));
#18395=VECTOR('',#18396,1.);
#18396=DIRECTION('',(0.,0.,1.));
#18397=CARTESIAN_POINT('',(46.5397778600214,1.27,0.6));
#18398=VECTOR('',#18399,1.);
#18399=DIRECTION('',(0.,0.,1.));
#18400=CARTESIAN_POINT('',(44.9002221399786,1.27,0.6));
#18401=VECTOR('',#18402,1.);
#18402=DIRECTION('',(0.,0.,1.));
#18403=CARTESIAN_POINT('',(44.6,0.75,0.6));
#18404=VECTOR('',#18405,1.);
#18405=DIRECTION('',(0.,0.,1.));
#18406=CARTESIAN_POINT('',(44.3,0.75,0.6));
#18407=VECTOR('',#18408,1.);
#18408=DIRECTION('',(0.,0.,1.));
#18409=CARTESIAN_POINT('',(43.9997778600214,1.27,0.6));
#18410=VECTOR('',#18411,1.);
#18411=DIRECTION('',(0.,0.,1.));
#18412=CARTESIAN_POINT('',(42.3602221399786,1.27,0.6));
#18413=VECTOR('',#18414,1.);
#18414=DIRECTION('',(0.,0.,1.));
#18415=CARTESIAN_POINT('',(42.06,0.75,0.6));
#18416=VECTOR('',#18417,1.);
#18417=DIRECTION('',(0.,0.,1.));
#18418=CARTESIAN_POINT('',(41.76,0.75,0.6));
#18419=VECTOR('',#18420,1.);
#18420=DIRECTION('',(0.,0.,1.));
#18421=CARTESIAN_POINT('',(41.4597778600214,1.27,0.6));
#18422=VECTOR('',#18423,1.);
#18423=DIRECTION('',(0.,0.,1.));
#18424=CARTESIAN_POINT('',(39.8202221399786,1.27,0.6));
#18425=VECTOR('',#18426,1.);
#18426=DIRECTION('',(0.,0.,1.));
#18427=CARTESIAN_POINT('',(39.52,0.75,0.6));
#18428=VECTOR('',#18429,1.);
#18429=DIRECTION('',(0.,0.,1.));
#18430=CARTESIAN_POINT('',(39.22,0.75,0.6));
#18431=VECTOR('',#18432,1.);
#18432=DIRECTION('',(0.,0.,1.));
#18433=CARTESIAN_POINT('',(38.9197778600214,1.27,0.6));
#18434=VECTOR('',#18435,1.);
#18435=DIRECTION('',(0.,0.,1.));
#18436=CARTESIAN_POINT('',(37.2802221399786,1.27,0.6));
#18437=VECTOR('',#18438,1.);
#18438=DIRECTION('',(0.,0.,1.));
#18439=CARTESIAN_POINT('',(36.98,0.75,0.6));
#18440=VECTOR('',#18441,1.);
#18441=DIRECTION('',(0.,0.,1.));
#18442=CARTESIAN_POINT('',(36.68,0.75,0.6));
#18443=VECTOR('',#18444,1.);
#18444=DIRECTION('',(0.,0.,1.));
#18445=CARTESIAN_POINT('',(36.3797778600214,1.27,0.6));
#18446=VECTOR('',#18447,1.);
#18447=DIRECTION('',(0.,0.,1.));
#18448=CARTESIAN_POINT('',(34.7402221399786,1.27,0.6));
#18449=VECTOR('',#18450,1.);
#18450=DIRECTION('',(0.,0.,1.));
#18451=CARTESIAN_POINT('',(34.44,0.75,0.6));
#18452=VECTOR('',#18453,1.);
#18453=DIRECTION('',(0.,0.,1.));
#18454=CARTESIAN_POINT('',(34.14,0.75,0.6));
#18455=VECTOR('',#18456,1.);
#18456=DIRECTION('',(0.,0.,1.));
#18457=CARTESIAN_POINT('',(33.8397778600214,1.27,0.6));
#18458=VECTOR('',#18459,1.);
#18459=DIRECTION('',(0.,0.,1.));
#18460=CARTESIAN_POINT('',(32.2002221399786,1.27,0.6));
#18461=VECTOR('',#18462,1.);
#18462=DIRECTION('',(0.,0.,1.));
#18463=CARTESIAN_POINT('',(31.9,0.75,0.6));
#18464=VECTOR('',#18465,1.);
#18465=DIRECTION('',(0.,0.,1.));
#18466=CARTESIAN_POINT('',(31.6,0.75,0.6));
#18467=VECTOR('',#18468,1.);
#18468=DIRECTION('',(0.,0.,1.));
#18469=CARTESIAN_POINT('',(31.2997778600214,1.27,0.6));
#18470=VECTOR('',#18471,1.);
#18471=DIRECTION('',(0.,0.,1.));
#18472=CARTESIAN_POINT('',(29.6602221399786,1.27,0.6));
#18473=VECTOR('',#18474,1.);
#18474=DIRECTION('',(0.,0.,1.));
#18475=CARTESIAN_POINT('',(29.36,0.75,0.6));
#18476=VECTOR('',#18477,1.);
#18477=DIRECTION('',(0.,0.,1.));
#18478=CARTESIAN_POINT('',(29.06,0.75,0.6));
#18479=VECTOR('',#18480,1.);
#18480=DIRECTION('',(0.,0.,1.));
#18481=CARTESIAN_POINT('',(28.7597778600214,1.27,0.6));
#18482=VECTOR('',#18483,1.);
#18483=DIRECTION('',(0.,0.,1.));
#18484=CARTESIAN_POINT('',(27.1202221399786,1.27,0.6));
#18485=VECTOR('',#18486,1.);
#18486=DIRECTION('',(0.,0.,1.));
#18487=CARTESIAN_POINT('',(26.82,0.75,0.6));
#18488=VECTOR('',#18489,1.);
#18489=DIRECTION('',(0.,0.,1.));
#18490=CARTESIAN_POINT('',(26.52,0.75,0.6));
#18491=VECTOR('',#18492,1.);
#18492=DIRECTION('',(0.,0.,1.));
#18493=CARTESIAN_POINT('',(26.2197778600214,1.27,0.6));
#18494=VECTOR('',#18495,1.);
#18495=DIRECTION('',(0.,0.,1.));
#18496=CARTESIAN_POINT('',(24.5802221399786,1.27,0.6));
#18497=VECTOR('',#18498,1.);
#18498=DIRECTION('',(0.,0.,1.));
#18499=CARTESIAN_POINT('',(24.28,0.75,0.6));
#18500=VECTOR('',#18501,1.);
#18501=DIRECTION('',(0.,0.,1.));
#18502=CARTESIAN_POINT('',(23.98,0.75,0.6));
#18503=VECTOR('',#18504,1.);
#18504=DIRECTION('',(0.,0.,1.));
#18505=CARTESIAN_POINT('',(23.6797778600214,1.27,0.6));
#18506=VECTOR('',#18507,1.);
#18507=DIRECTION('',(0.,0.,1.));
#18508=CARTESIAN_POINT('',(22.0402221399786,1.27,0.6));
#18509=VECTOR('',#18510,1.);
#18510=DIRECTION('',(0.,0.,1.));
#18511=CARTESIAN_POINT('',(21.74,0.75,0.6));
#18512=VECTOR('',#18513,1.);
#18513=DIRECTION('',(0.,0.,1.));
#18514=CARTESIAN_POINT('',(21.44,0.75,0.6));
#18515=VECTOR('',#18516,1.);
#18516=DIRECTION('',(0.,0.,1.));
#18517=CARTESIAN_POINT('',(21.1397778600214,1.27,0.6));
#18518=VECTOR('',#18519,1.);
#18519=DIRECTION('',(0.,0.,1.));
#18520=CARTESIAN_POINT('',(19.5002221399786,1.27,0.6));
#18521=VECTOR('',#18522,1.);
#18522=DIRECTION('',(0.,0.,1.));
#18523=CARTESIAN_POINT('',(19.2,0.75,0.6));
#18524=VECTOR('',#18525,1.);
#18525=DIRECTION('',(0.,0.,1.));
#18526=CARTESIAN_POINT('',(18.9,0.75,0.6));
#18527=VECTOR('',#18528,1.);
#18528=DIRECTION('',(0.,0.,1.));
#18529=CARTESIAN_POINT('',(18.5997778600214,1.27,0.6));
#18530=VECTOR('',#18531,1.);
#18531=DIRECTION('',(0.,0.,1.));
#18532=CARTESIAN_POINT('',(16.9602221399786,1.27,0.6));
#18533=VECTOR('',#18534,1.);
#18534=DIRECTION('',(0.,0.,1.));
#18535=CARTESIAN_POINT('',(16.66,0.75,0.6));
#18536=VECTOR('',#18537,1.);
#18537=DIRECTION('',(0.,0.,1.));
#18538=CARTESIAN_POINT('',(16.36,0.75,0.6));
#18539=VECTOR('',#18540,1.);
#18540=DIRECTION('',(0.,0.,1.));
#18541=CARTESIAN_POINT('',(16.0597778600214,1.27,0.6));
#18542=VECTOR('',#18543,1.);
#18543=DIRECTION('',(0.,0.,1.));
#18544=CARTESIAN_POINT('',(14.4202221399786,1.27,0.6));
#18545=VECTOR('',#18546,1.);
#18546=DIRECTION('',(0.,0.,1.));
#18547=CARTESIAN_POINT('',(14.12,0.75,0.6));
#18548=VECTOR('',#18549,1.);
#18549=DIRECTION('',(0.,0.,1.));
#18550=CARTESIAN_POINT('',(13.82,0.75,0.6));
#18551=VECTOR('',#18552,1.);
#18552=DIRECTION('',(0.,0.,1.));
#18553=CARTESIAN_POINT('',(13.5197778600214,1.27,0.6));
#18554=VECTOR('',#18555,1.);
#18555=DIRECTION('',(0.,0.,1.));
#18556=CARTESIAN_POINT('',(11.8802221399786,1.27,0.6));
#18557=VECTOR('',#18558,1.);
#18558=DIRECTION('',(0.,0.,1.));
#18559=CARTESIAN_POINT('',(11.58,0.75,0.6));
#18560=VECTOR('',#18561,1.);
#18561=DIRECTION('',(0.,0.,1.));
#18562=CARTESIAN_POINT('',(11.28,0.75,0.6));
#18563=VECTOR('',#18564,1.);
#18564=DIRECTION('',(0.,0.,1.));
#18565=CARTESIAN_POINT('',(10.9797778600214,1.27,0.6));
#18566=VECTOR('',#18567,1.);
#18567=DIRECTION('',(0.,0.,1.));
#18568=CARTESIAN_POINT('',(9.34022213997861,1.27,0.6));
#18569=VECTOR('',#18570,1.);
#18570=DIRECTION('',(0.,0.,1.));
#18571=CARTESIAN_POINT('',(9.04,0.75,0.6));
#18572=VECTOR('',#18573,1.);
#18573=DIRECTION('',(0.,0.,1.));
#18574=CARTESIAN_POINT('',(8.74,0.75,0.6));
#18575=VECTOR('',#18576,1.);
#18576=DIRECTION('',(0.,0.,1.));
#18577=CARTESIAN_POINT('',(8.43977786002139,1.27,0.6));
#18578=VECTOR('',#18579,1.);
#18579=DIRECTION('',(0.,0.,1.));
#18580=CARTESIAN_POINT('',(6.8002221399786,1.27,0.6));
#18581=VECTOR('',#18582,1.);
#18582=DIRECTION('',(0.,0.,1.));
#18583=CARTESIAN_POINT('',(6.5,0.75,0.6));
#18584=VECTOR('',#18585,1.);
#18585=DIRECTION('',(0.,0.,1.));
#18586=CARTESIAN_POINT('',(6.2,0.75,0.6));
#18587=VECTOR('',#18588,1.);
#18588=DIRECTION('',(0.,0.,1.));
#18589=CARTESIAN_POINT('',(5.89977786002139,1.27,0.6));
#18590=VECTOR('',#18591,1.);
#18591=DIRECTION('',(0.,0.,1.));
#18592=CARTESIAN_POINT('',(4.26022213997861,1.27,0.6));
#18593=VECTOR('',#18594,1.);
#18594=DIRECTION('',(0.,0.,1.));
#18595=CARTESIAN_POINT('',(3.96,0.75,0.6));
#18596=VECTOR('',#18597,1.);
#18597=DIRECTION('',(0.,0.,1.));
#18598=CARTESIAN_POINT('',(3.66,0.75,0.6));
#18599=VECTOR('',#18600,1.);
#18600=DIRECTION('',(0.,0.,1.));
#18601=CARTESIAN_POINT('',(3.35977786002139,1.27,0.6));
#18602=VECTOR('',#18603,1.);
#18603=DIRECTION('',(0.,0.,1.));
#18604=CARTESIAN_POINT('',(1.72022213997861,1.27,0.6));
#18605=VECTOR('',#18606,1.);
#18606=DIRECTION('',(0.,0.,1.));
#18607=CARTESIAN_POINT('',(1.42,0.75,0.6));
#18608=VECTOR('',#18609,1.);
#18609=DIRECTION('',(0.,0.,1.));
#18610=CARTESIAN_POINT('',(1.12,0.75,0.6));
#18611=VECTOR('',#18612,1.);
#18612=DIRECTION('',(0.,0.,1.));
#18613=CARTESIAN_POINT('',(0.819777860021395,1.27,0.6));
#18614=VECTOR('',#18615,1.);
#18615=DIRECTION('',(0.,0.,1.));
#18616=CARTESIAN_POINT('',(-0.819777860021395,1.27,0.6));
#18617=VECTOR('',#18618,1.);
#18618=DIRECTION('',(0.,0.,1.));
#18619=CARTESIAN_POINT('',(-1.12,0.75,0.6));
#18620=VECTOR('',#18621,1.);
#18621=DIRECTION('',(0.,0.,1.));
#18622=CARTESIAN_POINT('',(-1.27,0.75,0.6));
#18623=VECTOR('',#18624,1.);
#18624=DIRECTION('',(0.,0.,1.));
#18625=CARTESIAN_POINT('',(0.9,0.,3.1));
#18626=AXIS2_PLACEMENT_3D('',#18627,#18628,#18629);
#18627=CARTESIAN_POINT('',(0.,0.,3.1));
#18628=DIRECTION('',(0.,0.,1.));
#18629=DIRECTION('',(1.,0.,0.));
#18630=CARTESIAN_POINT('',(0.66,-8.08266887437253E-017,3.1));
#18631=AXIS2_PLACEMENT_3D('',#18632,#18633,#18634);
#18632=CARTESIAN_POINT('',(0.,0.,3.1));
#18633=DIRECTION('',(0.,0.,1.));
#18634=DIRECTION('',(1.,0.,0.));
#18635=CARTESIAN_POINT('',(-0.23,-4.54956285883242E-016,6.97));
#18636=AXIS2_PLACEMENT_3D('',#18637,#18638,#18639);
#18637=CARTESIAN_POINT('',(-4.26789409502853E-016,-4.26789409502853E-016,6.97));
#18638=DIRECTION('',(-6.12323399573677E-017,-6.12323399573677E-017,1.));
#18639=DIRECTION('',(-1.,-1.22464679914736E-016,-6.12323399573677E-017));
#18640=CARTESIAN_POINT('',(-0.23,-2.48603300226913E-016,3.6));
#18641=AXIS2_PLACEMENT_3D('',#18642,#18643,#18644);
#18642=CARTESIAN_POINT('',(-2.20436423846524E-016,-2.20436423846524E-016,3.6));
#18643=DIRECTION('',(-6.12323399573677E-017,-6.12323399573677E-017,1.));
#18644=DIRECTION('',(-1.,-1.22464679914735E-016,-6.12323399573677E-017));
#18645=CARTESIAN_POINT('',(-0.9,-3.30654635769785E-016,3.6));
#18646=AXIS2_PLACEMENT_3D('',#18647,#18648,#18649);
#18647=CARTESIAN_POINT('',(-2.20436423846524E-016,-2.20436423846524E-016,3.6));
#18648=DIRECTION('',(-6.12323399573677E-017,-6.12323399573677E-017,1.));
#18649=DIRECTION('',(-1.,-1.22464679914735E-016,-6.12323399573677E-017));
#18650=CARTESIAN_POINT('',(-0.9,-3.00038465791102E-016,3.1));
#18651=AXIS2_PLACEMENT_3D('',#18652,#18653,#18654);
#18652=CARTESIAN_POINT('',(-1.8982025386784E-016,-1.8982025386784E-016,3.1));
#18653=DIRECTION('',(-6.12323399573677E-017,-6.12323399573677E-017,1.));
#18654=DIRECTION('',(-1.,-1.22464679914735E-016,-6.12323399573677E-017));
#18655=CARTESIAN_POINT('',(-0.66,-2.70646942611565E-016,3.1));
#18656=AXIS2_PLACEMENT_3D('',#18657,#18658,#18659);
#18657=CARTESIAN_POINT('',(-1.8982025386784E-016,-1.8982025386784E-016,3.1));
#18658=DIRECTION('',(-6.12323399573677E-017,-6.12323399573677E-017,1.));
#18659=DIRECTION('',(-1.,-1.22464679914735E-016,-6.12323399573677E-017));
#18660=CARTESIAN_POINT('',(-0.66,-1.07156594925393E-016,0.43));
#18661=AXIS2_PLACEMENT_3D('',#18662,#18663,#18664);
#18662=CARTESIAN_POINT('',(-2.63299061816681E-017,-2.63299061816681E-017,0.43));
#18663=DIRECTION('',(-6.12323399573677E-017,-6.12323399573677E-017,1.));
#18664=DIRECTION('',(-1.,-1.22464679914735E-016,-6.12323399573677E-017));
#18665=CARTESIAN_POINT('',(-0.23,-2.81668763803891E-017,-2.81668763803891E-017));
#18666=AXIS2_PLACEMENT_3D('',#18667,#18668,#18669);
#18667=CARTESIAN_POINT('',(0.,0.,0.));
#18668=DIRECTION('',(-6.12323399573677E-017,-6.12323399573676E-017,1.));
#18669=DIRECTION('',(-1.,-1.22464679914735E-016,-6.12323399573677E-017));
#18670=CARTESIAN_POINT('',(-0.23,1.29200237310046E-016,-2.57));
#18671=AXIS2_PLACEMENT_3D('',#18672,#18673,#18674);
#18672=CARTESIAN_POINT('',(1.57367113690435E-016,1.57367113690435E-016,-2.57));
#18673=DIRECTION('',(-6.12323399573677E-017,-6.12323399573676E-017,1.));
#18674=DIRECTION('',(-1.,-1.22464679914735E-016,-6.12323399573677E-017));
#18675=CARTESIAN_POINT('',(2.31,-4.54956285883242E-016,6.97));
#18676=AXIS2_PLACEMENT_3D('',#18677,#18678,#18679);
#18677=CARTESIAN_POINT('',(2.54,-4.26789409502853E-016,6.97));
#18678=DIRECTION('',(-6.12323399573677E-017,-6.12323399573677E-017,1.));
#18679=DIRECTION('',(-1.,-1.22464679914736E-016,-6.12323399573677E-017));
#18680=CARTESIAN_POINT('',(2.31,-2.48603300226913E-016,3.6));
#18681=AXIS2_PLACEMENT_3D('',#18682,#18683,#18684);
#18682=CARTESIAN_POINT('',(2.54,-2.20436423846524E-016,3.6));
#18683=DIRECTION('',(-6.12323399573677E-017,-6.12323399573677E-017,1.));
#18684=DIRECTION('',(-1.,-1.22464679914735E-016,-6.12323399573677E-017));
#18685=CARTESIAN_POINT('',(1.64,-3.30654635769785E-016,3.6));
#18686=AXIS2_PLACEMENT_3D('',#18687,#18688,#18689);
#18687=CARTESIAN_POINT('',(2.54,-2.20436423846524E-016,3.6));
#18688=DIRECTION('',(-6.12323399573677E-017,-6.12323399573677E-017,1.));
#18689=DIRECTION('',(-1.,-1.22464679914735E-016,-6.12323399573677E-017));
#18690=CARTESIAN_POINT('',(1.64,-3.00038465791102E-016,3.1));
#18691=AXIS2_PLACEMENT_3D('',#18692,#18693,#18694);
#18692=CARTESIAN_POINT('',(2.54,-1.8982025386784E-016,3.1));
#18693=DIRECTION('',(-6.12323399573677E-017,-6.12323399573677E-017,1.));
#18694=DIRECTION('',(-1.,-1.22464679914735E-016,-6.12323399573677E-017));
#18695=CARTESIAN_POINT('',(1.88,-2.70646942611565E-016,3.1));
#18696=AXIS2_PLACEMENT_3D('',#18697,#18698,#18699);
#18697=CARTESIAN_POINT('',(2.54,-1.8982025386784E-016,3.1));
#18698=DIRECTION('',(-6.12323399573677E-017,-6.12323399573677E-017,1.));
#18699=DIRECTION('',(-1.,-1.22464679914735E-016,-6.12323399573677E-017));
#18700=CARTESIAN_POINT('',(1.88,-1.07156594925393E-016,0.43));
#18701=AXIS2_PLACEMENT_3D('',#18702,#18703,#18704);
#18702=CARTESIAN_POINT('',(2.54,-2.63299061816681E-017,0.43));
#18703=DIRECTION('',(-6.12323399573677E-017,-6.12323399573677E-017,1.));
#18704=DIRECTION('',(-1.,-1.22464679914735E-016,-6.12323399573677E-017));
#18705=CARTESIAN_POINT('',(2.31,-2.81668763803891E-017,-2.81668763803891E-017));
#18706=AXIS2_PLACEMENT_3D('',#18707,#18708,#18709);
#18707=CARTESIAN_POINT('',(2.54,0.,0.));
#18708=DIRECTION('',(-6.12323399573677E-017,-6.12323399573676E-017,1.));
#18709=DIRECTION('',(-1.,-1.22464679914735E-016,-6.12323399573677E-017));
#18710=CARTESIAN_POINT('',(2.31,1.29200237310046E-016,-2.57));
#18711=AXIS2_PLACEMENT_3D('',#18712,#18713,#18714);
#18712=CARTESIAN_POINT('',(2.54,1.57367113690435E-016,-2.57));
#18713=DIRECTION('',(-6.12323399573677E-017,-6.12323399573676E-017,1.));
#18714=DIRECTION('',(-1.,-1.22464679914735E-016,-6.12323399573677E-017));
#18715=CARTESIAN_POINT('',(4.85,-4.54956285883242E-016,6.97));
#18716=AXIS2_PLACEMENT_3D('',#18717,#18718,#18719);
#18717=CARTESIAN_POINT('',(5.08,-4.26789409502853E-016,6.97));
#18718=DIRECTION('',(-6.12323399573677E-017,-6.12323399573677E-017,1.));
#18719=DIRECTION('',(-1.,-1.22464679914736E-016,-6.12323399573677E-017));
#18720=CARTESIAN_POINT('',(4.85,-2.48603300226913E-016,3.6));
#18721=AXIS2_PLACEMENT_3D('',#18722,#18723,#18724);
#18722=CARTESIAN_POINT('',(5.08,-2.20436423846524E-016,3.6));
#18723=DIRECTION('',(-6.12323399573677E-017,-6.12323399573677E-017,1.));
#18724=DIRECTION('',(-1.,-1.22464679914735E-016,-6.12323399573677E-017));
#18725=CARTESIAN_POINT('',(4.18,-3.30654635769785E-016,3.6));
#18726=AXIS2_PLACEMENT_3D('',#18727,#18728,#18729);
#18727=CARTESIAN_POINT('',(5.08,-2.20436423846524E-016,3.6));
#18728=DIRECTION('',(-6.12323399573677E-017,-6.12323399573677E-017,1.));
#18729=DIRECTION('',(-1.,-1.22464679914735E-016,-6.12323399573677E-017));
#18730=CARTESIAN_POINT('',(4.18,-3.00038465791102E-016,3.1));
#18731=AXIS2_PLACEMENT_3D('',#18732,#18733,#18734);
#18732=CARTESIAN_POINT('',(5.08,-1.8982025386784E-016,3.1));
#18733=DIRECTION('',(-6.12323399573677E-017,-6.12323399573677E-017,1.));
#18734=DIRECTION('',(-1.,-1.22464679914735E-016,-6.12323399573677E-017));
#18735=CARTESIAN_POINT('',(4.42,-2.70646942611565E-016,3.1));
#18736=AXIS2_PLACEMENT_3D('',#18737,#18738,#18739);
#18737=CARTESIAN_POINT('',(5.08,-1.8982025386784E-016,3.1));
#18738=DIRECTION('',(-6.12323399573677E-017,-6.12323399573677E-017,1.));
#18739=DIRECTION('',(-1.,-1.22464679914735E-016,-6.12323399573677E-017));
#18740=CARTESIAN_POINT('',(4.42,-1.07156594925393E-016,0.43));
#18741=AXIS2_PLACEMENT_3D('',#18742,#18743,#18744);
#18742=CARTESIAN_POINT('',(5.08,-2.63299061816681E-017,0.43));
#18743=DIRECTION('',(-6.12323399573677E-017,-6.12323399573677E-017,1.));
#18744=DIRECTION('',(-1.,-1.22464679914735E-016,-6.12323399573677E-017));
#18745=CARTESIAN_POINT('',(4.85,-2.81668763803891E-017,-2.81668763803891E-017));
#18746=AXIS2_PLACEMENT_3D('',#18747,#18748,#18749);
#18747=CARTESIAN_POINT('',(5.08,0.,0.));
#18748=DIRECTION('',(-6.12323399573677E-017,-6.12323399573676E-017,1.));
#18749=DIRECTION('',(-1.,-1.22464679914735E-016,-6.12323399573677E-017));
#18750=CARTESIAN_POINT('',(4.85,1.29200237310046E-016,-2.57));
#18751=AXIS2_PLACEMENT_3D('',#18752,#18753,#18754);
#18752=CARTESIAN_POINT('',(5.08,1.57367113690435E-016,-2.57));
#18753=DIRECTION('',(-6.12323399573677E-017,-6.12323399573676E-017,1.));
#18754=DIRECTION('',(-1.,-1.22464679914735E-016,-6.12323399573677E-017));
#18755=CARTESIAN_POINT('',(7.39,-4.54956285883242E-016,6.97));
#18756=AXIS2_PLACEMENT_3D('',#18757,#18758,#18759);
#18757=CARTESIAN_POINT('',(7.62,-4.26789409502853E-016,6.97));
#18758=DIRECTION('',(-6.12323399573677E-017,-6.12323399573677E-017,1.));
#18759=DIRECTION('',(-1.,-1.22464679914736E-016,-6.12323399573677E-017));
#18760=CARTESIAN_POINT('',(7.39,-2.48603300226913E-016,3.6));
#18761=AXIS2_PLACEMENT_3D('',#18762,#18763,#18764);
#18762=CARTESIAN_POINT('',(7.62,-2.20436423846524E-016,3.6));
#18763=DIRECTION('',(-6.12323399573677E-017,-6.12323399573677E-017,1.));
#18764=DIRECTION('',(-1.,-1.22464679914735E-016,-6.12323399573677E-017));
#18765=CARTESIAN_POINT('',(6.72,-3.30654635769785E-016,3.6));
#18766=AXIS2_PLACEMENT_3D('',#18767,#18768,#18769);
#18767=CARTESIAN_POINT('',(7.62,-2.20436423846524E-016,3.6));
#18768=DIRECTION('',(-6.12323399573677E-017,-6.12323399573677E-017,1.));
#18769=DIRECTION('',(-1.,-1.22464679914735E-016,-6.12323399573677E-017));
#18770=CARTESIAN_POINT('',(6.72,-3.00038465791102E-016,3.1));
#18771=AXIS2_PLACEMENT_3D('',#18772,#18773,#18774);
#18772=CARTESIAN_POINT('',(7.62,-1.8982025386784E-016,3.1));
#18773=DIRECTION('',(-6.12323399573677E-017,-6.12323399573677E-017,1.));
#18774=DIRECTION('',(-1.,-1.22464679914735E-016,-6.12323399573677E-017));
#18775=CARTESIAN_POINT('',(6.96,-2.70646942611565E-016,3.1));
#18776=AXIS2_PLACEMENT_3D('',#18777,#18778,#18779);
#18777=CARTESIAN_POINT('',(7.62,-1.8982025386784E-016,3.1));
#18778=DIRECTION('',(-6.12323399573677E-017,-6.12323399573677E-017,1.));
#18779=DIRECTION('',(-1.,-1.22464679914735E-016,-6.12323399573677E-017));
#18780=CARTESIAN_POINT('',(6.96,-1.07156594925393E-016,0.43));
#18781=AXIS2_PLACEMENT_3D('',#18782,#18783,#18784);
#18782=CARTESIAN_POINT('',(7.62,-2.63299061816681E-017,0.43));
#18783=DIRECTION('',(-6.12323399573677E-017,-6.12323399573677E-017,1.));
#18784=DIRECTION('',(-1.,-1.22464679914735E-016,-6.12323399573677E-017));
#18785=CARTESIAN_POINT('',(7.39,-2.81668763803891E-017,-2.81668763803891E-017));
#18786=AXIS2_PLACEMENT_3D('',#18787,#18788,#18789);
#18787=CARTESIAN_POINT('',(7.62,0.,0.));
#18788=DIRECTION('',(-6.12323399573677E-017,-6.12323399573676E-017,1.));
#18789=DIRECTION('',(-1.,-1.22464679914735E-016,-6.12323399573677E-017));
#18790=CARTESIAN_POINT('',(7.39,1.29200237310046E-016,-2.57));
#18791=AXIS2_PLACEMENT_3D('',#18792,#18793,#18794);
#18792=CARTESIAN_POINT('',(7.62,1.57367113690435E-016,-2.57));
#18793=DIRECTION('',(-6.12323399573677E-017,-6.12323399573676E-017,1.));
#18794=DIRECTION('',(-1.,-1.22464679914735E-016,-6.12323399573677E-017));
#18795=CARTESIAN_POINT('',(9.93,-4.54956285883242E-016,6.97));
#18796=AXIS2_PLACEMENT_3D('',#18797,#18798,#18799);
#18797=CARTESIAN_POINT('',(10.16,-4.26789409502853E-016,6.97));
#18798=DIRECTION('',(-6.12323399573677E-017,-6.12323399573677E-017,1.));
#18799=DIRECTION('',(-1.,-1.22464679914736E-016,-6.12323399573677E-017));
#18800=CARTESIAN_POINT('',(9.93,-2.48603300226913E-016,3.6));
#18801=AXIS2_PLACEMENT_3D('',#18802,#18803,#18804);
#18802=CARTESIAN_POINT('',(10.16,-2.20436423846524E-016,3.6));
#18803=DIRECTION('',(-6.12323399573677E-017,-6.12323399573677E-017,1.));
#18804=DIRECTION('',(-1.,-1.22464679914735E-016,-6.12323399573677E-017));
#18805=CARTESIAN_POINT('',(9.26,-3.30654635769785E-016,3.6));
#18806=AXIS2_PLACEMENT_3D('',#18807,#18808,#18809);
#18807=CARTESIAN_POINT('',(10.16,-2.20436423846524E-016,3.6));
#18808=DIRECTION('',(-6.12323399573677E-017,-6.12323399573677E-017,1.));
#18809=DIRECTION('',(-1.,-1.22464679914735E-016,-6.12323399573677E-017));
#18810=CARTESIAN_POINT('',(9.26,-3.00038465791102E-016,3.1));
#18811=AXIS2_PLACEMENT_3D('',#18812,#18813,#18814);
#18812=CARTESIAN_POINT('',(10.16,-1.8982025386784E-016,3.1));
#18813=DIRECTION('',(-6.12323399573677E-017,-6.12323399573677E-017,1.));
#18814=DIRECTION('',(-1.,-1.22464679914735E-016,-6.12323399573677E-017));
#18815=CARTESIAN_POINT('',(9.5,-2.70646942611565E-016,3.1));
#18816=AXIS2_PLACEMENT_3D('',#18817,#18818,#18819);
#18817=CARTESIAN_POINT('',(10.16,-1.8982025386784E-016,3.1));
#18818=DIRECTION('',(-6.12323399573677E-017,-6.12323399573677E-017,1.));
#18819=DIRECTION('',(-1.,-1.22464679914735E-016,-6.12323399573677E-017));
#18820=CARTESIAN_POINT('',(9.5,-1.07156594925393E-016,0.43));
#18821=AXIS2_PLACEMENT_3D('',#18822,#18823,#18824);
#18822=CARTESIAN_POINT('',(10.16,-2.63299061816681E-017,0.43));
#18823=DIRECTION('',(-6.12323399573677E-017,-6.12323399573677E-017,1.));
#18824=DIRECTION('',(-1.,-1.22464679914735E-016,-6.12323399573677E-017));
#18825=CARTESIAN_POINT('',(9.93,-2.81668763803891E-017,-2.81668763803891E-017));
#18826=AXIS2_PLACEMENT_3D('',#18827,#18828,#18829);
#18827=CARTESIAN_POINT('',(10.16,0.,0.));
#18828=DIRECTION('',(-6.12323399573677E-017,-6.12323399573676E-017,1.));
#18829=DIRECTION('',(-1.,-1.22464679914735E-016,-6.12323399573677E-017));
#18830=CARTESIAN_POINT('',(9.93,1.29200237310046E-016,-2.57));
#18831=AXIS2_PLACEMENT_3D('',#18832,#18833,#18834);
#18832=CARTESIAN_POINT('',(10.16,1.57367113690435E-016,-2.57));
#18833=DIRECTION('',(-6.12323399573677E-017,-6.12323399573676E-017,1.));
#18834=DIRECTION('',(-1.,-1.22464679914735E-016,-6.12323399573677E-017));
#18835=CARTESIAN_POINT('',(12.47,-4.54956285883242E-016,6.97));
#18836=AXIS2_PLACEMENT_3D('',#18837,#18838,#18839);
#18837=CARTESIAN_POINT('',(12.7,-4.26789409502853E-016,6.97));
#18838=DIRECTION('',(-6.12323399573677E-017,-6.12323399573677E-017,1.));
#18839=DIRECTION('',(-1.,-1.22464679914736E-016,-6.12323399573677E-017));
#18840=CARTESIAN_POINT('',(12.47,-2.48603300226913E-016,3.6));
#18841=AXIS2_PLACEMENT_3D('',#18842,#18843,#18844);
#18842=CARTESIAN_POINT('',(12.7,-2.20436423846524E-016,3.6));
#18843=DIRECTION('',(-6.12323399573677E-017,-6.12323399573677E-017,1.));
#18844=DIRECTION('',(-1.,-1.22464679914735E-016,-6.12323399573677E-017));
#18845=CARTESIAN_POINT('',(11.8,-3.30654635769785E-016,3.6));
#18846=AXIS2_PLACEMENT_3D('',#18847,#18848,#18849);
#18847=CARTESIAN_POINT('',(12.7,-2.20436423846524E-016,3.6));
#18848=DIRECTION('',(-6.12323399573677E-017,-6.12323399573677E-017,1.));
#18849=DIRECTION('',(-1.,-1.22464679914735E-016,-6.12323399573677E-017));
#18850=CARTESIAN_POINT('',(11.8,-3.00038465791102E-016,3.1));
#18851=AXIS2_PLACEMENT_3D('',#18852,#18853,#18854);
#18852=CARTESIAN_POINT('',(12.7,-1.8982025386784E-016,3.1));
#18853=DIRECTION('',(-6.12323399573677E-017,-6.12323399573677E-017,1.));
#18854=DIRECTION('',(-1.,-1.22464679914735E-016,-6.12323399573677E-017));
#18855=CARTESIAN_POINT('',(12.04,-2.70646942611565E-016,3.1));
#18856=AXIS2_PLACEMENT_3D('',#18857,#18858,#18859);
#18857=CARTESIAN_POINT('',(12.7,-1.8982025386784E-016,3.1));
#18858=DIRECTION('',(-6.12323399573677E-017,-6.12323399573677E-017,1.));
#18859=DIRECTION('',(-1.,-1.22464679914735E-016,-6.12323399573677E-017));
#18860=CARTESIAN_POINT('',(12.04,-1.07156594925393E-016,0.43));
#18861=AXIS2_PLACEMENT_3D('',#18862,#18863,#18864);
#18862=CARTESIAN_POINT('',(12.7,-2.63299061816681E-017,0.43));
#18863=DIRECTION('',(-6.12323399573677E-017,-6.12323399573677E-017,1.));
#18864=DIRECTION('',(-1.,-1.22464679914735E-016,-6.12323399573677E-017));
#18865=CARTESIAN_POINT('',(12.47,-2.81668763803891E-017,-2.81668763803891E-017));
#18866=AXIS2_PLACEMENT_3D('',#18867,#18868,#18869);
#18867=CARTESIAN_POINT('',(12.7,0.,0.));
#18868=DIRECTION('',(-6.12323399573677E-017,-6.12323399573676E-017,1.));
#18869=DIRECTION('',(-1.,-1.22464679914735E-016,-6.12323399573677E-017));
#18870=CARTESIAN_POINT('',(12.47,1.29200237310046E-016,-2.57));
#18871=AXIS2_PLACEMENT_3D('',#18872,#18873,#18874);
#18872=CARTESIAN_POINT('',(12.7,1.57367113690435E-016,-2.57));
#18873=DIRECTION('',(-6.12323399573677E-017,-6.12323399573676E-017,1.));
#18874=DIRECTION('',(-1.,-1.22464679914735E-016,-6.12323399573677E-017));
#18875=CARTESIAN_POINT('',(15.01,-4.54956285883242E-016,6.97));
#18876=AXIS2_PLACEMENT_3D('',#18877,#18878,#18879);
#18877=CARTESIAN_POINT('',(15.24,-4.26789409502853E-016,6.97));
#18878=DIRECTION('',(-6.12323399573677E-017,-6.12323399573677E-017,1.));
#18879=DIRECTION('',(-1.,-1.22464679914736E-016,-6.12323399573677E-017));
#18880=CARTESIAN_POINT('',(15.01,-2.48603300226913E-016,3.6));
#18881=AXIS2_PLACEMENT_3D('',#18882,#18883,#18884);
#18882=CARTESIAN_POINT('',(15.24,-2.20436423846524E-016,3.6));
#18883=DIRECTION('',(-6.12323399573677E-017,-6.12323399573677E-017,1.));
#18884=DIRECTION('',(-1.,-1.22464679914735E-016,-6.12323399573677E-017));
#18885=CARTESIAN_POINT('',(14.34,-3.30654635769785E-016,3.6));
#18886=AXIS2_PLACEMENT_3D('',#18887,#18888,#18889);
#18887=CARTESIAN_POINT('',(15.24,-2.20436423846524E-016,3.6));
#18888=DIRECTION('',(-6.12323399573677E-017,-6.12323399573677E-017,1.));
#18889=DIRECTION('',(-1.,-1.22464679914735E-016,-6.12323399573677E-017));
#18890=CARTESIAN_POINT('',(14.34,-3.00038465791102E-016,3.1));
#18891=AXIS2_PLACEMENT_3D('',#18892,#18893,#18894);
#18892=CARTESIAN_POINT('',(15.24,-1.8982025386784E-016,3.1));
#18893=DIRECTION('',(-6.12323399573677E-017,-6.12323399573677E-017,1.));
#18894=DIRECTION('',(-1.,-1.22464679914735E-016,-6.12323399573677E-017));
#18895=CARTESIAN_POINT('',(14.58,-2.70646942611565E-016,3.1));
#18896=AXIS2_PLACEMENT_3D('',#18897,#18898,#18899);
#18897=CARTESIAN_POINT('',(15.24,-1.8982025386784E-016,3.1));
#18898=DIRECTION('',(-6.12323399573677E-017,-6.12323399573677E-017,1.));
#18899=DIRECTION('',(-1.,-1.22464679914735E-016,-6.12323399573677E-017));
#18900=CARTESIAN_POINT('',(14.58,-1.07156594925393E-016,0.43));
#18901=AXIS2_PLACEMENT_3D('',#18902,#18903,#18904);
#18902=CARTESIAN_POINT('',(15.24,-2.63299061816681E-017,0.43));
#18903=DIRECTION('',(-6.12323399573677E-017,-6.12323399573677E-017,1.));
#18904=DIRECTION('',(-1.,-1.22464679914735E-016,-6.12323399573677E-017));
#18905=CARTESIAN_POINT('',(15.01,-2.81668763803891E-017,-2.81668763803891E-017));
#18906=AXIS2_PLACEMENT_3D('',#18907,#18908,#18909);
#18907=CARTESIAN_POINT('',(15.24,0.,0.));
#18908=DIRECTION('',(-6.12323399573677E-017,-6.12323399573676E-017,1.));
#18909=DIRECTION('',(-1.,-1.22464679914735E-016,-6.12323399573677E-017));
#18910=CARTESIAN_POINT('',(15.01,1.29200237310046E-016,-2.57));
#18911=AXIS2_PLACEMENT_3D('',#18912,#18913,#18914);
#18912=CARTESIAN_POINT('',(15.24,1.57367113690435E-016,-2.57));
#18913=DIRECTION('',(-6.12323399573677E-017,-6.12323399573676E-017,1.));
#18914=DIRECTION('',(-1.,-1.22464679914735E-016,-6.12323399573677E-017));
#18915=CARTESIAN_POINT('',(17.55,-4.54956285883242E-016,6.97));
#18916=AXIS2_PLACEMENT_3D('',#18917,#18918,#18919);
#18917=CARTESIAN_POINT('',(17.78,-4.26789409502853E-016,6.97));
#18918=DIRECTION('',(-6.12323399573677E-017,-6.12323399573677E-017,1.));
#18919=DIRECTION('',(-1.,-1.22464679914736E-016,-6.12323399573677E-017));
#18920=CARTESIAN_POINT('',(17.55,-2.48603300226913E-016,3.6));
#18921=AXIS2_PLACEMENT_3D('',#18922,#18923,#18924);
#18922=CARTESIAN_POINT('',(17.78,-2.20436423846524E-016,3.6));
#18923=DIRECTION('',(-6.12323399573677E-017,-6.12323399573677E-017,1.));
#18924=DIRECTION('',(-1.,-1.22464679914735E-016,-6.12323399573677E-017));
#18925=CARTESIAN_POINT('',(16.88,-3.30654635769785E-016,3.6));
#18926=AXIS2_PLACEMENT_3D('',#18927,#18928,#18929);
#18927=CARTESIAN_POINT('',(17.78,-2.20436423846524E-016,3.6));
#18928=DIRECTION('',(-6.12323399573677E-017,-6.12323399573677E-017,1.));
#18929=DIRECTION('',(-1.,-1.22464679914735E-016,-6.12323399573677E-017));
#18930=CARTESIAN_POINT('',(16.88,-3.00038465791102E-016,3.1));
#18931=AXIS2_PLACEMENT_3D('',#18932,#18933,#18934);
#18932=CARTESIAN_POINT('',(17.78,-1.8982025386784E-016,3.1));
#18933=DIRECTION('',(-6.12323399573677E-017,-6.12323399573677E-017,1.));
#18934=DIRECTION('',(-1.,-1.22464679914735E-016,-6.12323399573677E-017));
#18935=CARTESIAN_POINT('',(17.12,-2.70646942611565E-016,3.1));
#18936=AXIS2_PLACEMENT_3D('',#18937,#18938,#18939);
#18937=CARTESIAN_POINT('',(17.78,-1.8982025386784E-016,3.1));
#18938=DIRECTION('',(-6.12323399573677E-017,-6.12323399573677E-017,1.));
#18939=DIRECTION('',(-1.,-1.22464679914735E-016,-6.12323399573677E-017));
#18940=CARTESIAN_POINT('',(17.12,-1.07156594925393E-016,0.43));
#18941=AXIS2_PLACEMENT_3D('',#18942,#18943,#18944);
#18942=CARTESIAN_POINT('',(17.78,-2.63299061816681E-017,0.43));
#18943=DIRECTION('',(-6.12323399573677E-017,-6.12323399573677E-017,1.));
#18944=DIRECTION('',(-1.,-1.22464679914735E-016,-6.12323399573677E-017));
#18945=CARTESIAN_POINT('',(17.55,-2.81668763803891E-017,-2.81668763803891E-017));
#18946=AXIS2_PLACEMENT_3D('',#18947,#18948,#18949);
#18947=CARTESIAN_POINT('',(17.78,0.,0.));
#18948=DIRECTION('',(-6.12323399573677E-017,-6.12323399573676E-017,1.));
#18949=DIRECTION('',(-1.,-1.22464679914735E-016,-6.12323399573677E-017));
#18950=CARTESIAN_POINT('',(17.55,1.29200237310046E-016,-2.57));
#18951=AXIS2_PLACEMENT_3D('',#18952,#18953,#18954);
#18952=CARTESIAN_POINT('',(17.78,1.57367113690435E-016,-2.57));
#18953=DIRECTION('',(-6.12323399573677E-017,-6.12323399573676E-017,1.));
#18954=DIRECTION('',(-1.,-1.22464679914735E-016,-6.12323399573677E-017));
#18955=CARTESIAN_POINT('',(20.09,-4.54956285883242E-016,6.97));
#18956=AXIS2_PLACEMENT_3D('',#18957,#18958,#18959);
#18957=CARTESIAN_POINT('',(20.32,-4.26789409502853E-016,6.97));
#18958=DIRECTION('',(-6.12323399573677E-017,-6.12323399573677E-017,1.));
#18959=DIRECTION('',(-1.,-1.22464679914736E-016,-6.12323399573677E-017));
#18960=CARTESIAN_POINT('',(20.09,-2.48603300226913E-016,3.6));
#18961=AXIS2_PLACEMENT_3D('',#18962,#18963,#18964);
#18962=CARTESIAN_POINT('',(20.32,-2.20436423846524E-016,3.6));
#18963=DIRECTION('',(-6.12323399573677E-017,-6.12323399573677E-017,1.));
#18964=DIRECTION('',(-1.,-1.22464679914735E-016,-6.12323399573677E-017));
#18965=CARTESIAN_POINT('',(19.42,-3.30654635769785E-016,3.6));
#18966=AXIS2_PLACEMENT_3D('',#18967,#18968,#18969);
#18967=CARTESIAN_POINT('',(20.32,-2.20436423846524E-016,3.6));
#18968=DIRECTION('',(-6.12323399573677E-017,-6.12323399573677E-017,1.));
#18969=DIRECTION('',(-1.,-1.22464679914735E-016,-6.12323399573677E-017));
#18970=CARTESIAN_POINT('',(19.42,-3.00038465791102E-016,3.1));
#18971=AXIS2_PLACEMENT_3D('',#18972,#18973,#18974);
#18972=CARTESIAN_POINT('',(20.32,-1.8982025386784E-016,3.1));
#18973=DIRECTION('',(-6.12323399573677E-017,-6.12323399573677E-017,1.));
#18974=DIRECTION('',(-1.,-1.22464679914735E-016,-6.12323399573677E-017));
#18975=CARTESIAN_POINT('',(19.66,-2.70646942611565E-016,3.1));
#18976=AXIS2_PLACEMENT_3D('',#18977,#18978,#18979);
#18977=CARTESIAN_POINT('',(20.32,-1.8982025386784E-016,3.1));
#18978=DIRECTION('',(-6.12323399573677E-017,-6.12323399573677E-017,1.));
#18979=DIRECTION('',(-1.,-1.22464679914735E-016,-6.12323399573677E-017));
#18980=CARTESIAN_POINT('',(19.66,-1.07156594925393E-016,0.43));
#18981=AXIS2_PLACEMENT_3D('',#18982,#18983,#18984);
#18982=CARTESIAN_POINT('',(20.32,-2.63299061816681E-017,0.43));
#18983=DIRECTION('',(-6.12323399573677E-017,-6.12323399573677E-017,1.));
#18984=DIRECTION('',(-1.,-1.22464679914735E-016,-6.12323399573677E-017));
#18985=CARTESIAN_POINT('',(20.09,-2.81668763803891E-017,-2.81668763803891E-017));
#18986=AXIS2_PLACEMENT_3D('',#18987,#18988,#18989);
#18987=CARTESIAN_POINT('',(20.32,0.,0.));
#18988=DIRECTION('',(-6.12323399573677E-017,-6.12323399573676E-017,1.));
#18989=DIRECTION('',(-1.,-1.22464679914735E-016,-6.12323399573677E-017));
#18990=CARTESIAN_POINT('',(20.09,1.29200237310046E-016,-2.57));
#18991=AXIS2_PLACEMENT_3D('',#18992,#18993,#18994);
#18992=CARTESIAN_POINT('',(20.32,1.57367113690435E-016,-2.57));
#18993=DIRECTION('',(-6.12323399573677E-017,-6.12323399573676E-017,1.));
#18994=DIRECTION('',(-1.,-1.22464679914735E-016,-6.12323399573677E-017));
#18995=CARTESIAN_POINT('',(22.63,-4.54956285883242E-016,6.97));
#18996=AXIS2_PLACEMENT_3D('',#18997,#18998,#18999);
#18997=CARTESIAN_POINT('',(22.86,-4.26789409502853E-016,6.97));
#18998=DIRECTION('',(-6.12323399573677E-017,-6.12323399573677E-017,1.));
#18999=DIRECTION('',(-1.,-1.22464679914736E-016,-6.12323399573677E-017));
#19000=CARTESIAN_POINT('',(22.63,-2.48603300226913E-016,3.6));
#19001=AXIS2_PLACEMENT_3D('',#19002,#19003,#19004);
#19002=CARTESIAN_POINT('',(22.86,-2.20436423846524E-016,3.6));
#19003=DIRECTION('',(-6.12323399573677E-017,-6.12323399573677E-017,1.));
#19004=DIRECTION('',(-1.,-1.22464679914735E-016,-6.12323399573677E-017));
#19005=CARTESIAN_POINT('',(21.96,-3.30654635769785E-016,3.6));
#19006=AXIS2_PLACEMENT_3D('',#19007,#19008,#19009);
#19007=CARTESIAN_POINT('',(22.86,-2.20436423846524E-016,3.6));
#19008=DIRECTION('',(-6.12323399573677E-017,-6.12323399573677E-017,1.));
#19009=DIRECTION('',(-1.,-1.22464679914735E-016,-6.12323399573677E-017));
#19010=CARTESIAN_POINT('',(21.96,-3.00038465791102E-016,3.1));
#19011=AXIS2_PLACEMENT_3D('',#19012,#19013,#19014);
#19012=CARTESIAN_POINT('',(22.86,-1.8982025386784E-016,3.1));
#19013=DIRECTION('',(-6.12323399573677E-017,-6.12323399573677E-017,1.));
#19014=DIRECTION('',(-1.,-1.22464679914735E-016,-6.12323399573677E-017));
#19015=CARTESIAN_POINT('',(22.2,-2.70646942611565E-016,3.1));
#19016=AXIS2_PLACEMENT_3D('',#19017,#19018,#19019);
#19017=CARTESIAN_POINT('',(22.86,-1.8982025386784E-016,3.1));
#19018=DIRECTION('',(-6.12323399573677E-017,-6.12323399573677E-017,1.));
#19019=DIRECTION('',(-1.,-1.22464679914735E-016,-6.12323399573677E-017));
#19020=CARTESIAN_POINT('',(22.2,-1.07156594925393E-016,0.43));
#19021=AXIS2_PLACEMENT_3D('',#19022,#19023,#19024);
#19022=CARTESIAN_POINT('',(22.86,-2.63299061816681E-017,0.43));
#19023=DIRECTION('',(-6.12323399573677E-017,-6.12323399573677E-017,1.));
#19024=DIRECTION('',(-1.,-1.22464679914735E-016,-6.12323399573677E-017));
#19025=CARTESIAN_POINT('',(22.63,-2.81668763803891E-017,-2.81668763803891E-017));
#19026=AXIS2_PLACEMENT_3D('',#19027,#19028,#19029);
#19027=CARTESIAN_POINT('',(22.86,0.,0.));
#19028=DIRECTION('',(-6.12323399573677E-017,-6.12323399573676E-017,1.));
#19029=DIRECTION('',(-1.,-1.22464679914735E-016,-6.12323399573677E-017));
#19030=CARTESIAN_POINT('',(22.63,1.29200237310046E-016,-2.57));
#19031=AXIS2_PLACEMENT_3D('',#19032,#19033,#19034);
#19032=CARTESIAN_POINT('',(22.86,1.57367113690435E-016,-2.57));
#19033=DIRECTION('',(-6.12323399573677E-017,-6.12323399573676E-017,1.));
#19034=DIRECTION('',(-1.,-1.22464679914735E-016,-6.12323399573677E-017));
#19035=CARTESIAN_POINT('',(25.17,-4.54956285883242E-016,6.97));
#19036=AXIS2_PLACEMENT_3D('',#19037,#19038,#19039);
#19037=CARTESIAN_POINT('',(25.4,-4.26789409502853E-016,6.97));
#19038=DIRECTION('',(-6.12323399573677E-017,-6.12323399573677E-017,1.));
#19039=DIRECTION('',(-1.,-1.22464679914736E-016,-6.12323399573677E-017));
#19040=CARTESIAN_POINT('',(25.17,-2.48603300226913E-016,3.6));
#19041=AXIS2_PLACEMENT_3D('',#19042,#19043,#19044);
#19042=CARTESIAN_POINT('',(25.4,-2.20436423846524E-016,3.6));
#19043=DIRECTION('',(-6.12323399573677E-017,-6.12323399573677E-017,1.));
#19044=DIRECTION('',(-1.,-1.22464679914735E-016,-6.12323399573677E-017));
#19045=CARTESIAN_POINT('',(24.5,-3.30654635769785E-016,3.6));
#19046=AXIS2_PLACEMENT_3D('',#19047,#19048,#19049);
#19047=CARTESIAN_POINT('',(25.4,-2.20436423846524E-016,3.6));
#19048=DIRECTION('',(-6.12323399573677E-017,-6.12323399573677E-017,1.));
#19049=DIRECTION('',(-1.,-1.22464679914735E-016,-6.12323399573677E-017));
#19050=CARTESIAN_POINT('',(24.5,-3.00038465791102E-016,3.1));
#19051=AXIS2_PLACEMENT_3D('',#19052,#19053,#19054);
#19052=CARTESIAN_POINT('',(25.4,-1.8982025386784E-016,3.1));
#19053=DIRECTION('',(-6.12323399573677E-017,-6.12323399573677E-017,1.));
#19054=DIRECTION('',(-1.,-1.22464679914735E-016,-6.12323399573677E-017));
#19055=CARTESIAN_POINT('',(24.74,-2.70646942611565E-016,3.1));
#19056=AXIS2_PLACEMENT_3D('',#19057,#19058,#19059);
#19057=CARTESIAN_POINT('',(25.4,-1.8982025386784E-016,3.1));
#19058=DIRECTION('',(-6.12323399573677E-017,-6.12323399573677E-017,1.));
#19059=DIRECTION('',(-1.,-1.22464679914735E-016,-6.12323399573677E-017));
#19060=CARTESIAN_POINT('',(24.74,-1.07156594925393E-016,0.43));
#19061=AXIS2_PLACEMENT_3D('',#19062,#19063,#19064);
#19062=CARTESIAN_POINT('',(25.4,-2.63299061816681E-017,0.43));
#19063=DIRECTION('',(-6.12323399573677E-017,-6.12323399573677E-017,1.));
#19064=DIRECTION('',(-1.,-1.22464679914735E-016,-6.12323399573677E-017));
#19065=CARTESIAN_POINT('',(25.17,-2.81668763803891E-017,-2.81668763803891E-017));
#19066=AXIS2_PLACEMENT_3D('',#19067,#19068,#19069);
#19067=CARTESIAN_POINT('',(25.4,0.,0.));
#19068=DIRECTION('',(-6.12323399573677E-017,-6.12323399573676E-017,1.));
#19069=DIRECTION('',(-1.,-1.22464679914735E-016,-6.12323399573677E-017));
#19070=CARTESIAN_POINT('',(25.17,1.29200237310046E-016,-2.57));
#19071=AXIS2_PLACEMENT_3D('',#19072,#19073,#19074);
#19072=CARTESIAN_POINT('',(25.4,1.57367113690435E-016,-2.57));
#19073=DIRECTION('',(-6.12323399573677E-017,-6.12323399573676E-017,1.));
#19074=DIRECTION('',(-1.,-1.22464679914735E-016,-6.12323399573677E-017));
#19075=CARTESIAN_POINT('',(27.71,-4.54956285883242E-016,6.97));
#19076=AXIS2_PLACEMENT_3D('',#19077,#19078,#19079);
#19077=CARTESIAN_POINT('',(27.94,-4.26789409502853E-016,6.97));
#19078=DIRECTION('',(-6.12323399573677E-017,-6.12323399573677E-017,1.));
#19079=DIRECTION('',(-1.,-1.22464679914736E-016,-6.12323399573677E-017));
#19080=CARTESIAN_POINT('',(27.71,-2.48603300226913E-016,3.6));
#19081=AXIS2_PLACEMENT_3D('',#19082,#19083,#19084);
#19082=CARTESIAN_POINT('',(27.94,-2.20436423846524E-016,3.6));
#19083=DIRECTION('',(-6.12323399573677E-017,-6.12323399573677E-017,1.));
#19084=DIRECTION('',(-1.,-1.22464679914735E-016,-6.12323399573677E-017));
#19085=CARTESIAN_POINT('',(27.04,-3.30654635769785E-016,3.6));
#19086=AXIS2_PLACEMENT_3D('',#19087,#19088,#19089);
#19087=CARTESIAN_POINT('',(27.94,-2.20436423846524E-016,3.6));
#19088=DIRECTION('',(-6.12323399573677E-017,-6.12323399573677E-017,1.));
#19089=DIRECTION('',(-1.,-1.22464679914735E-016,-6.12323399573677E-017));
#19090=CARTESIAN_POINT('',(27.04,-3.00038465791102E-016,3.1));
#19091=AXIS2_PLACEMENT_3D('',#19092,#19093,#19094);
#19092=CARTESIAN_POINT('',(27.94,-1.8982025386784E-016,3.1));
#19093=DIRECTION('',(-6.12323399573677E-017,-6.12323399573677E-017,1.));
#19094=DIRECTION('',(-1.,-1.22464679914735E-016,-6.12323399573677E-017));
#19095=CARTESIAN_POINT('',(27.28,-2.70646942611565E-016,3.1));
#19096=AXIS2_PLACEMENT_3D('',#19097,#19098,#19099);
#19097=CARTESIAN_POINT('',(27.94,-1.8982025386784E-016,3.1));
#19098=DIRECTION('',(-6.12323399573677E-017,-6.12323399573677E-017,1.));
#19099=DIRECTION('',(-1.,-1.22464679914735E-016,-6.12323399573677E-017));
#19100=CARTESIAN_POINT('',(27.28,-1.07156594925393E-016,0.43));
#19101=AXIS2_PLACEMENT_3D('',#19102,#19103,#19104);
#19102=CARTESIAN_POINT('',(27.94,-2.63299061816681E-017,0.43));
#19103=DIRECTION('',(-6.12323399573677E-017,-6.12323399573677E-017,1.));
#19104=DIRECTION('',(-1.,-1.22464679914735E-016,-6.12323399573677E-017));
#19105=CARTESIAN_POINT('',(27.71,-2.81668763803891E-017,-2.81668763803891E-017));
#19106=AXIS2_PLACEMENT_3D('',#19107,#19108,#19109);
#19107=CARTESIAN_POINT('',(27.94,0.,0.));
#19108=DIRECTION('',(-6.12323399573677E-017,-6.12323399573676E-017,1.));
#19109=DIRECTION('',(-1.,-1.22464679914735E-016,-6.12323399573677E-017));
#19110=CARTESIAN_POINT('',(27.71,1.29200237310046E-016,-2.57));
#19111=AXIS2_PLACEMENT_3D('',#19112,#19113,#19114);
#19112=CARTESIAN_POINT('',(27.94,1.57367113690435E-016,-2.57));
#19113=DIRECTION('',(-6.12323399573677E-017,-6.12323399573676E-017,1.));
#19114=DIRECTION('',(-1.,-1.22464679914735E-016,-6.12323399573677E-017));
#19115=CARTESIAN_POINT('',(30.25,-4.54956285883242E-016,6.97));
#19116=AXIS2_PLACEMENT_3D('',#19117,#19118,#19119);
#19117=CARTESIAN_POINT('',(30.48,-4.26789409502853E-016,6.97));
#19118=DIRECTION('',(-6.12323399573677E-017,-6.12323399573677E-017,1.));
#19119=DIRECTION('',(-1.,-1.22464679914736E-016,-6.12323399573677E-017));
#19120=CARTESIAN_POINT('',(30.25,-2.48603300226913E-016,3.6));
#19121=AXIS2_PLACEMENT_3D('',#19122,#19123,#19124);
#19122=CARTESIAN_POINT('',(30.48,-2.20436423846524E-016,3.6));
#19123=DIRECTION('',(-6.12323399573677E-017,-6.12323399573677E-017,1.));
#19124=DIRECTION('',(-1.,-1.22464679914735E-016,-6.12323399573677E-017));
#19125=CARTESIAN_POINT('',(29.58,-3.30654635769785E-016,3.6));
#19126=AXIS2_PLACEMENT_3D('',#19127,#19128,#19129);
#19127=CARTESIAN_POINT('',(30.48,-2.20436423846524E-016,3.6));
#19128=DIRECTION('',(-6.12323399573677E-017,-6.12323399573677E-017,1.));
#19129=DIRECTION('',(-1.,-1.22464679914735E-016,-6.12323399573677E-017));
#19130=CARTESIAN_POINT('',(29.58,-3.00038465791102E-016,3.1));
#19131=AXIS2_PLACEMENT_3D('',#19132,#19133,#19134);
#19132=CARTESIAN_POINT('',(30.48,-1.8982025386784E-016,3.1));
#19133=DIRECTION('',(-6.12323399573677E-017,-6.12323399573677E-017,1.));
#19134=DIRECTION('',(-1.,-1.22464679914735E-016,-6.12323399573677E-017));
#19135=CARTESIAN_POINT('',(29.82,-2.70646942611565E-016,3.1));
#19136=AXIS2_PLACEMENT_3D('',#19137,#19138,#19139);
#19137=CARTESIAN_POINT('',(30.48,-1.8982025386784E-016,3.1));
#19138=DIRECTION('',(-6.12323399573677E-017,-6.12323399573677E-017,1.));
#19139=DIRECTION('',(-1.,-1.22464679914735E-016,-6.12323399573677E-017));
#19140=CARTESIAN_POINT('',(29.82,-1.07156594925393E-016,0.43));
#19141=AXIS2_PLACEMENT_3D('',#19142,#19143,#19144);
#19142=CARTESIAN_POINT('',(30.48,-2.63299061816681E-017,0.43));
#19143=DIRECTION('',(-6.12323399573677E-017,-6.12323399573677E-017,1.));
#19144=DIRECTION('',(-1.,-1.22464679914735E-016,-6.12323399573677E-017));
#19145=CARTESIAN_POINT('',(30.25,-2.81668763803891E-017,-2.81668763803891E-017));
#19146=AXIS2_PLACEMENT_3D('',#19147,#19148,#19149);
#19147=CARTESIAN_POINT('',(30.48,0.,0.));
#19148=DIRECTION('',(-6.12323399573677E-017,-6.12323399573676E-017,1.));
#19149=DIRECTION('',(-1.,-1.22464679914735E-016,-6.12323399573677E-017));
#19150=CARTESIAN_POINT('',(30.25,1.29200237310046E-016,-2.57));
#19151=AXIS2_PLACEMENT_3D('',#19152,#19153,#19154);
#19152=CARTESIAN_POINT('',(30.48,1.57367113690435E-016,-2.57));
#19153=DIRECTION('',(-6.12323399573677E-017,-6.12323399573676E-017,1.));
#19154=DIRECTION('',(-1.,-1.22464679914735E-016,-6.12323399573677E-017));
#19155=CARTESIAN_POINT('',(32.79,-4.54956285883242E-016,6.97));
#19156=AXIS2_PLACEMENT_3D('',#19157,#19158,#19159);
#19157=CARTESIAN_POINT('',(33.02,-4.26789409502853E-016,6.97));
#19158=DIRECTION('',(-6.12323399573677E-017,-6.12323399573677E-017,1.));
#19159=DIRECTION('',(-1.,-1.22464679914738E-016,-6.12323399573677E-017));
#19160=CARTESIAN_POINT('',(32.79,-2.48603300226913E-016,3.6));
#19161=AXIS2_PLACEMENT_3D('',#19162,#19163,#19164);
#19162=CARTESIAN_POINT('',(33.02,-2.20436423846524E-016,3.6));
#19163=DIRECTION('',(-6.12323399573677E-017,-6.12323399573677E-017,1.));
#19164=DIRECTION('',(-1.,-1.22464679914735E-016,-6.12323399573677E-017));
#19165=CARTESIAN_POINT('',(32.12,-3.30654635769785E-016,3.6));
#19166=AXIS2_PLACEMENT_3D('',#19167,#19168,#19169);
#19167=CARTESIAN_POINT('',(33.02,-2.20436423846524E-016,3.6));
#19168=DIRECTION('',(-6.12323399573677E-017,-6.12323399573677E-017,1.));
#19169=DIRECTION('',(-1.,-1.22464679914735E-016,-6.12323399573677E-017));
#19170=CARTESIAN_POINT('',(32.12,-3.00038465791102E-016,3.1));
#19171=AXIS2_PLACEMENT_3D('',#19172,#19173,#19174);
#19172=CARTESIAN_POINT('',(33.02,-1.8982025386784E-016,3.1));
#19173=DIRECTION('',(-6.12323399573677E-017,-6.12323399573677E-017,1.));
#19174=DIRECTION('',(-1.,-1.22464679914735E-016,-6.12323399573677E-017));
#19175=CARTESIAN_POINT('',(32.36,-2.70646942611565E-016,3.1));
#19176=AXIS2_PLACEMENT_3D('',#19177,#19178,#19179);
#19177=CARTESIAN_POINT('',(33.02,-1.8982025386784E-016,3.1));
#19178=DIRECTION('',(-6.12323399573677E-017,-6.12323399573677E-017,1.));
#19179=DIRECTION('',(-1.,-1.22464679914735E-016,-6.12323399573677E-017));
#19180=CARTESIAN_POINT('',(32.36,-1.07156594925393E-016,0.43));
#19181=AXIS2_PLACEMENT_3D('',#19182,#19183,#19184);
#19182=CARTESIAN_POINT('',(33.02,-2.63299061816681E-017,0.43));
#19183=DIRECTION('',(-6.12323399573677E-017,-6.12323399573677E-017,1.));
#19184=DIRECTION('',(-1.,-1.22464679914736E-016,-6.12323399573677E-017));
#19185=CARTESIAN_POINT('',(32.79,-2.81668763803891E-017,-2.81668763803891E-017));
#19186=AXIS2_PLACEMENT_3D('',#19187,#19188,#19189);
#19187=CARTESIAN_POINT('',(33.02,0.,0.));
#19188=DIRECTION('',(-6.12323399573677E-017,-6.12323399573676E-017,1.));
#19189=DIRECTION('',(-1.,-1.22464679914737E-016,-6.12323399573677E-017));
#19190=CARTESIAN_POINT('',(32.79,1.29200237310046E-016,-2.57));
#19191=AXIS2_PLACEMENT_3D('',#19192,#19193,#19194);
#19192=CARTESIAN_POINT('',(33.02,1.57367113690435E-016,-2.57));
#19193=DIRECTION('',(-6.12323399573677E-017,-6.12323399573676E-017,1.));
#19194=DIRECTION('',(-1.,-1.22464679914737E-016,-6.12323399573677E-017));
#19195=CARTESIAN_POINT('',(35.33,-4.54956285883242E-016,6.97));
#19196=AXIS2_PLACEMENT_3D('',#19197,#19198,#19199);
#19197=CARTESIAN_POINT('',(35.56,-4.26789409502853E-016,6.97));
#19198=DIRECTION('',(-6.12323399573677E-017,-6.12323399573677E-017,1.));
#19199=DIRECTION('',(-1.,-1.22464679914738E-016,-6.12323399573677E-017));
#19200=CARTESIAN_POINT('',(35.33,-2.48603300226913E-016,3.6));
#19201=AXIS2_PLACEMENT_3D('',#19202,#19203,#19204);
#19202=CARTESIAN_POINT('',(35.56,-2.20436423846524E-016,3.6));
#19203=DIRECTION('',(-6.12323399573677E-017,-6.12323399573677E-017,1.));
#19204=DIRECTION('',(-1.,-1.22464679914735E-016,-6.12323399573677E-017));
#19205=CARTESIAN_POINT('',(34.66,-3.30654635769785E-016,3.6));
#19206=AXIS2_PLACEMENT_3D('',#19207,#19208,#19209);
#19207=CARTESIAN_POINT('',(35.56,-2.20436423846524E-016,3.6));
#19208=DIRECTION('',(-6.12323399573677E-017,-6.12323399573677E-017,1.));
#19209=DIRECTION('',(-1.,-1.22464679914735E-016,-6.12323399573677E-017));
#19210=CARTESIAN_POINT('',(34.66,-3.00038465791102E-016,3.1));
#19211=AXIS2_PLACEMENT_3D('',#19212,#19213,#19214);
#19212=CARTESIAN_POINT('',(35.56,-1.8982025386784E-016,3.1));
#19213=DIRECTION('',(-6.12323399573677E-017,-6.12323399573677E-017,1.));
#19214=DIRECTION('',(-1.,-1.22464679914735E-016,-6.12323399573677E-017));
#19215=CARTESIAN_POINT('',(34.9,-2.70646942611565E-016,3.1));
#19216=AXIS2_PLACEMENT_3D('',#19217,#19218,#19219);
#19217=CARTESIAN_POINT('',(35.56,-1.8982025386784E-016,3.1));
#19218=DIRECTION('',(-6.12323399573677E-017,-6.12323399573677E-017,1.));
#19219=DIRECTION('',(-1.,-1.22464679914735E-016,-6.12323399573677E-017));
#19220=CARTESIAN_POINT('',(34.9,-1.07156594925393E-016,0.43));
#19221=AXIS2_PLACEMENT_3D('',#19222,#19223,#19224);
#19222=CARTESIAN_POINT('',(35.56,-2.63299061816681E-017,0.43));
#19223=DIRECTION('',(-6.12323399573677E-017,-6.12323399573677E-017,1.));
#19224=DIRECTION('',(-1.,-1.22464679914736E-016,-6.12323399573677E-017));
#19225=CARTESIAN_POINT('',(35.33,-2.81668763803891E-017,-2.81668763803891E-017));
#19226=AXIS2_PLACEMENT_3D('',#19227,#19228,#19229);
#19227=CARTESIAN_POINT('',(35.56,0.,0.));
#19228=DIRECTION('',(-6.12323399573677E-017,-6.12323399573676E-017,1.));
#19229=DIRECTION('',(-1.,-1.22464679914737E-016,-6.12323399573677E-017));
#19230=CARTESIAN_POINT('',(35.33,1.29200237310046E-016,-2.57));
#19231=AXIS2_PLACEMENT_3D('',#19232,#19233,#19234);
#19232=CARTESIAN_POINT('',(35.56,1.57367113690435E-016,-2.57));
#19233=DIRECTION('',(-6.12323399573677E-017,-6.12323399573676E-017,1.));
#19234=DIRECTION('',(-1.,-1.22464679914737E-016,-6.12323399573677E-017));
#19235=CARTESIAN_POINT('',(37.87,-4.54956285883242E-016,6.97));
#19236=AXIS2_PLACEMENT_3D('',#19237,#19238,#19239);
#19237=CARTESIAN_POINT('',(38.1,-4.26789409502853E-016,6.97));
#19238=DIRECTION('',(-6.12323399573677E-017,-6.12323399573677E-017,1.));
#19239=DIRECTION('',(-1.,-1.22464679914738E-016,-6.12323399573677E-017));
#19240=CARTESIAN_POINT('',(37.87,-2.48603300226913E-016,3.6));
#19241=AXIS2_PLACEMENT_3D('',#19242,#19243,#19244);
#19242=CARTESIAN_POINT('',(38.1,-2.20436423846524E-016,3.6));
#19243=DIRECTION('',(-6.12323399573677E-017,-6.12323399573677E-017,1.));
#19244=DIRECTION('',(-1.,-1.22464679914735E-016,-6.12323399573677E-017));
#19245=CARTESIAN_POINT('',(37.2,-3.30654635769785E-016,3.6));
#19246=AXIS2_PLACEMENT_3D('',#19247,#19248,#19249);
#19247=CARTESIAN_POINT('',(38.1,-2.20436423846524E-016,3.6));
#19248=DIRECTION('',(-6.12323399573677E-017,-6.12323399573677E-017,1.));
#19249=DIRECTION('',(-1.,-1.22464679914735E-016,-6.12323399573677E-017));
#19250=CARTESIAN_POINT('',(37.2,-3.00038465791102E-016,3.1));
#19251=AXIS2_PLACEMENT_3D('',#19252,#19253,#19254);
#19252=CARTESIAN_POINT('',(38.1,-1.8982025386784E-016,3.1));
#19253=DIRECTION('',(-6.12323399573677E-017,-6.12323399573677E-017,1.));
#19254=DIRECTION('',(-1.,-1.22464679914735E-016,-6.12323399573677E-017));
#19255=CARTESIAN_POINT('',(37.44,-2.70646942611565E-016,3.1));
#19256=AXIS2_PLACEMENT_3D('',#19257,#19258,#19259);
#19257=CARTESIAN_POINT('',(38.1,-1.8982025386784E-016,3.1));
#19258=DIRECTION('',(-6.12323399573677E-017,-6.12323399573677E-017,1.));
#19259=DIRECTION('',(-1.,-1.22464679914735E-016,-6.12323399573677E-017));
#19260=CARTESIAN_POINT('',(37.44,-1.07156594925393E-016,0.43));
#19261=AXIS2_PLACEMENT_3D('',#19262,#19263,#19264);
#19262=CARTESIAN_POINT('',(38.1,-2.63299061816681E-017,0.43));
#19263=DIRECTION('',(-6.12323399573677E-017,-6.12323399573677E-017,1.));
#19264=DIRECTION('',(-1.,-1.22464679914736E-016,-6.12323399573677E-017));
#19265=CARTESIAN_POINT('',(37.87,-2.81668763803891E-017,-2.81668763803891E-017));
#19266=AXIS2_PLACEMENT_3D('',#19267,#19268,#19269);
#19267=CARTESIAN_POINT('',(38.1,0.,0.));
#19268=DIRECTION('',(-6.12323399573677E-017,-6.12323399573676E-017,1.));
#19269=DIRECTION('',(-1.,-1.22464679914737E-016,-6.12323399573677E-017));
#19270=CARTESIAN_POINT('',(37.87,1.29200237310046E-016,-2.57));
#19271=AXIS2_PLACEMENT_3D('',#19272,#19273,#19274);
#19272=CARTESIAN_POINT('',(38.1,1.57367113690435E-016,-2.57));
#19273=DIRECTION('',(-6.12323399573677E-017,-6.12323399573676E-017,1.));
#19274=DIRECTION('',(-1.,-1.22464679914737E-016,-6.12323399573677E-017));
#19275=CARTESIAN_POINT('',(40.41,-4.54956285883242E-016,6.97));
#19276=AXIS2_PLACEMENT_3D('',#19277,#19278,#19279);
#19277=CARTESIAN_POINT('',(40.64,-4.26789409502853E-016,6.97));
#19278=DIRECTION('',(-6.12323399573677E-017,-6.12323399573677E-017,1.));
#19279=DIRECTION('',(-1.,-1.22464679914738E-016,-6.12323399573677E-017));
#19280=CARTESIAN_POINT('',(40.41,-2.48603300226913E-016,3.6));
#19281=AXIS2_PLACEMENT_3D('',#19282,#19283,#19284);
#19282=CARTESIAN_POINT('',(40.64,-2.20436423846524E-016,3.6));
#19283=DIRECTION('',(-6.12323399573677E-017,-6.12323399573677E-017,1.));
#19284=DIRECTION('',(-1.,-1.22464679914735E-016,-6.12323399573677E-017));
#19285=CARTESIAN_POINT('',(39.74,-3.30654635769785E-016,3.6));
#19286=AXIS2_PLACEMENT_3D('',#19287,#19288,#19289);
#19287=CARTESIAN_POINT('',(40.64,-2.20436423846524E-016,3.6));
#19288=DIRECTION('',(-6.12323399573677E-017,-6.12323399573677E-017,1.));
#19289=DIRECTION('',(-1.,-1.22464679914735E-016,-6.12323399573677E-017));
#19290=CARTESIAN_POINT('',(39.74,-3.00038465791102E-016,3.1));
#19291=AXIS2_PLACEMENT_3D('',#19292,#19293,#19294);
#19292=CARTESIAN_POINT('',(40.64,-1.8982025386784E-016,3.1));
#19293=DIRECTION('',(-6.12323399573677E-017,-6.12323399573677E-017,1.));
#19294=DIRECTION('',(-1.,-1.22464679914735E-016,-6.12323399573677E-017));
#19295=CARTESIAN_POINT('',(39.98,-2.70646942611565E-016,3.1));
#19296=AXIS2_PLACEMENT_3D('',#19297,#19298,#19299);
#19297=CARTESIAN_POINT('',(40.64,-1.8982025386784E-016,3.1));
#19298=DIRECTION('',(-6.12323399573677E-017,-6.12323399573677E-017,1.));
#19299=DIRECTION('',(-1.,-1.22464679914735E-016,-6.12323399573677E-017));
#19300=CARTESIAN_POINT('',(39.98,-1.07156594925393E-016,0.43));
#19301=AXIS2_PLACEMENT_3D('',#19302,#19303,#19304);
#19302=CARTESIAN_POINT('',(40.64,-2.63299061816681E-017,0.43));
#19303=DIRECTION('',(-6.12323399573677E-017,-6.12323399573677E-017,1.));
#19304=DIRECTION('',(-1.,-1.22464679914736E-016,-6.12323399573677E-017));
#19305=CARTESIAN_POINT('',(40.41,-2.81668763803891E-017,-2.81668763803891E-017));
#19306=AXIS2_PLACEMENT_3D('',#19307,#19308,#19309);
#19307=CARTESIAN_POINT('',(40.64,0.,0.));
#19308=DIRECTION('',(-6.12323399573677E-017,-6.12323399573676E-017,1.));
#19309=DIRECTION('',(-1.,-1.22464679914737E-016,-6.12323399573677E-017));
#19310=CARTESIAN_POINT('',(40.41,1.29200237310046E-016,-2.57));
#19311=AXIS2_PLACEMENT_3D('',#19312,#19313,#19314);
#19312=CARTESIAN_POINT('',(40.64,1.57367113690435E-016,-2.57));
#19313=DIRECTION('',(-6.12323399573677E-017,-6.12323399573676E-017,1.));
#19314=DIRECTION('',(-1.,-1.22464679914737E-016,-6.12323399573677E-017));
#19315=CARTESIAN_POINT('',(42.95,-4.54956285883242E-016,6.97));
#19316=AXIS2_PLACEMENT_3D('',#19317,#19318,#19319);
#19317=CARTESIAN_POINT('',(43.18,-4.26789409502853E-016,6.97));
#19318=DIRECTION('',(-6.12323399573677E-017,-6.12323399573677E-017,1.));
#19319=DIRECTION('',(-1.,-1.22464679914738E-016,-6.12323399573677E-017));
#19320=CARTESIAN_POINT('',(42.95,-2.48603300226913E-016,3.6));
#19321=AXIS2_PLACEMENT_3D('',#19322,#19323,#19324);
#19322=CARTESIAN_POINT('',(43.18,-2.20436423846524E-016,3.6));
#19323=DIRECTION('',(-6.12323399573677E-017,-6.12323399573677E-017,1.));
#19324=DIRECTION('',(-1.,-1.22464679914735E-016,-6.12323399573677E-017));
#19325=CARTESIAN_POINT('',(42.28,-3.30654635769785E-016,3.6));
#19326=AXIS2_PLACEMENT_3D('',#19327,#19328,#19329);
#19327=CARTESIAN_POINT('',(43.18,-2.20436423846524E-016,3.6));
#19328=DIRECTION('',(-6.12323399573677E-017,-6.12323399573677E-017,1.));
#19329=DIRECTION('',(-1.,-1.22464679914735E-016,-6.12323399573677E-017));
#19330=CARTESIAN_POINT('',(42.28,-3.00038465791102E-016,3.1));
#19331=AXIS2_PLACEMENT_3D('',#19332,#19333,#19334);
#19332=CARTESIAN_POINT('',(43.18,-1.8982025386784E-016,3.1));
#19333=DIRECTION('',(-6.12323399573677E-017,-6.12323399573677E-017,1.));
#19334=DIRECTION('',(-1.,-1.22464679914735E-016,-6.12323399573677E-017));
#19335=CARTESIAN_POINT('',(42.52,-2.70646942611565E-016,3.1));
#19336=AXIS2_PLACEMENT_3D('',#19337,#19338,#19339);
#19337=CARTESIAN_POINT('',(43.18,-1.8982025386784E-016,3.1));
#19338=DIRECTION('',(-6.12323399573677E-017,-6.12323399573677E-017,1.));
#19339=DIRECTION('',(-1.,-1.22464679914735E-016,-6.12323399573677E-017));
#19340=CARTESIAN_POINT('',(42.52,-1.07156594925393E-016,0.43));
#19341=AXIS2_PLACEMENT_3D('',#19342,#19343,#19344);
#19342=CARTESIAN_POINT('',(43.18,-2.63299061816681E-017,0.43));
#19343=DIRECTION('',(-6.12323399573677E-017,-6.12323399573677E-017,1.));
#19344=DIRECTION('',(-1.,-1.22464679914736E-016,-6.12323399573677E-017));
#19345=CARTESIAN_POINT('',(42.95,-2.81668763803891E-017,-2.81668763803891E-017));
#19346=AXIS2_PLACEMENT_3D('',#19347,#19348,#19349);
#19347=CARTESIAN_POINT('',(43.18,0.,0.));
#19348=DIRECTION('',(-6.12323399573677E-017,-6.12323399573676E-017,1.));
#19349=DIRECTION('',(-1.,-1.22464679914737E-016,-6.12323399573677E-017));
#19350=CARTESIAN_POINT('',(42.95,1.29200237310046E-016,-2.57));
#19351=AXIS2_PLACEMENT_3D('',#19352,#19353,#19354);
#19352=CARTESIAN_POINT('',(43.18,1.57367113690435E-016,-2.57));
#19353=DIRECTION('',(-6.12323399573677E-017,-6.12323399573676E-017,1.));
#19354=DIRECTION('',(-1.,-1.22464679914737E-016,-6.12323399573677E-017));
#19355=CARTESIAN_POINT('',(45.49,-4.54956285883242E-016,6.97));
#19356=AXIS2_PLACEMENT_3D('',#19357,#19358,#19359);
#19357=CARTESIAN_POINT('',(45.72,-4.26789409502853E-016,6.97));
#19358=DIRECTION('',(-6.12323399573677E-017,-6.12323399573677E-017,1.));
#19359=DIRECTION('',(-1.,-1.22464679914738E-016,-6.12323399573677E-017));
#19360=CARTESIAN_POINT('',(45.49,-2.48603300226913E-016,3.6));
#19361=AXIS2_PLACEMENT_3D('',#19362,#19363,#19364);
#19362=CARTESIAN_POINT('',(45.72,-2.20436423846524E-016,3.6));
#19363=DIRECTION('',(-6.12323399573677E-017,-6.12323399573677E-017,1.));
#19364=DIRECTION('',(-1.,-1.22464679914735E-016,-6.12323399573677E-017));
#19365=CARTESIAN_POINT('',(44.82,-3.30654635769785E-016,3.6));
#19366=AXIS2_PLACEMENT_3D('',#19367,#19368,#19369);
#19367=CARTESIAN_POINT('',(45.72,-2.20436423846524E-016,3.6));
#19368=DIRECTION('',(-6.12323399573677E-017,-6.12323399573677E-017,1.));
#19369=DIRECTION('',(-1.,-1.22464679914735E-016,-6.12323399573677E-017));
#19370=CARTESIAN_POINT('',(44.82,-3.00038465791102E-016,3.1));
#19371=AXIS2_PLACEMENT_3D('',#19372,#19373,#19374);
#19372=CARTESIAN_POINT('',(45.72,-1.8982025386784E-016,3.1));
#19373=DIRECTION('',(-6.12323399573677E-017,-6.12323399573677E-017,1.));
#19374=DIRECTION('',(-1.,-1.22464679914735E-016,-6.12323399573677E-017));
#19375=CARTESIAN_POINT('',(45.06,-2.70646942611565E-016,3.1));
#19376=AXIS2_PLACEMENT_3D('',#19377,#19378,#19379);
#19377=CARTESIAN_POINT('',(45.72,-1.8982025386784E-016,3.1));
#19378=DIRECTION('',(-6.12323399573677E-017,-6.12323399573677E-017,1.));
#19379=DIRECTION('',(-1.,-1.22464679914735E-016,-6.12323399573677E-017));
#19380=CARTESIAN_POINT('',(45.06,-1.07156594925393E-016,0.43));
#19381=AXIS2_PLACEMENT_3D('',#19382,#19383,#19384);
#19382=CARTESIAN_POINT('',(45.72,-2.63299061816681E-017,0.43));
#19383=DIRECTION('',(-6.12323399573677E-017,-6.12323399573677E-017,1.));
#19384=DIRECTION('',(-1.,-1.22464679914736E-016,-6.12323399573677E-017));
#19385=CARTESIAN_POINT('',(45.49,-2.81668763803891E-017,-2.81668763803891E-017));
#19386=AXIS2_PLACEMENT_3D('',#19387,#19388,#19389);
#19387=CARTESIAN_POINT('',(45.72,0.,0.));
#19388=DIRECTION('',(-6.12323399573677E-017,-6.12323399573676E-017,1.));
#19389=DIRECTION('',(-1.,-1.22464679914737E-016,-6.12323399573677E-017));
#19390=CARTESIAN_POINT('',(45.49,1.29200237310046E-016,-2.57));
#19391=AXIS2_PLACEMENT_3D('',#19392,#19393,#19394);
#19392=CARTESIAN_POINT('',(45.72,1.57367113690435E-016,-2.57));
#19393=DIRECTION('',(-6.12323399573677E-017,-6.12323399573676E-017,1.));
#19394=DIRECTION('',(-1.,-1.22464679914737E-016,-6.12323399573677E-017));
#19395=CARTESIAN_POINT('',(48.03,-4.54956285883242E-016,6.97));
#19396=AXIS2_PLACEMENT_3D('',#19397,#19398,#19399);
#19397=CARTESIAN_POINT('',(48.26,-4.26789409502853E-016,6.97));
#19398=DIRECTION('',(-6.12323399573677E-017,-6.12323399573677E-017,1.));
#19399=DIRECTION('',(-1.,-1.22464679914738E-016,-6.12323399573677E-017));
#19400=CARTESIAN_POINT('',(48.03,-2.48603300226913E-016,3.6));
#19401=AXIS2_PLACEMENT_3D('',#19402,#19403,#19404);
#19402=CARTESIAN_POINT('',(48.26,-2.20436423846524E-016,3.6));
#19403=DIRECTION('',(-6.12323399573677E-017,-6.12323399573677E-017,1.));
#19404=DIRECTION('',(-1.,-1.22464679914735E-016,-6.12323399573677E-017));
#19405=CARTESIAN_POINT('',(47.36,-3.30654635769785E-016,3.6));
#19406=AXIS2_PLACEMENT_3D('',#19407,#19408,#19409);
#19407=CARTESIAN_POINT('',(48.26,-2.20436423846524E-016,3.6));
#19408=DIRECTION('',(-6.12323399573677E-017,-6.12323399573677E-017,1.));
#19409=DIRECTION('',(-1.,-1.22464679914735E-016,-6.12323399573677E-017));
#19410=CARTESIAN_POINT('',(47.36,-3.00038465791102E-016,3.1));
#19411=AXIS2_PLACEMENT_3D('',#19412,#19413,#19414);
#19412=CARTESIAN_POINT('',(48.26,-1.8982025386784E-016,3.1));
#19413=DIRECTION('',(-6.12323399573677E-017,-6.12323399573677E-017,1.));
#19414=DIRECTION('',(-1.,-1.22464679914735E-016,-6.12323399573677E-017));
#19415=CARTESIAN_POINT('',(47.6,-2.70646942611565E-016,3.1));
#19416=AXIS2_PLACEMENT_3D('',#19417,#19418,#19419);
#19417=CARTESIAN_POINT('',(48.26,-1.8982025386784E-016,3.1));
#19418=DIRECTION('',(-6.12323399573677E-017,-6.12323399573677E-017,1.));
#19419=DIRECTION('',(-1.,-1.22464679914735E-016,-6.12323399573677E-017));
#19420=CARTESIAN_POINT('',(47.6,-1.07156594925393E-016,0.43));
#19421=AXIS2_PLACEMENT_3D('',#19422,#19423,#19424);
#19422=CARTESIAN_POINT('',(48.26,-2.63299061816681E-017,0.43));
#19423=DIRECTION('',(-6.12323399573677E-017,-6.12323399573677E-017,1.));
#19424=DIRECTION('',(-1.,-1.22464679914736E-016,-6.12323399573677E-017));
#19425=CARTESIAN_POINT('',(48.03,-2.81668763803891E-017,-2.81668763803891E-017));
#19426=AXIS2_PLACEMENT_3D('',#19427,#19428,#19429);
#19427=CARTESIAN_POINT('',(48.26,0.,0.));
#19428=DIRECTION('',(-6.12323399573677E-017,-6.12323399573676E-017,1.));
#19429=DIRECTION('',(-1.,-1.22464679914737E-016,-6.12323399573677E-017));
#19430=CARTESIAN_POINT('',(48.03,1.29200237310046E-016,-2.57));
#19431=AXIS2_PLACEMENT_3D('',#19432,#19433,#19434);
#19432=CARTESIAN_POINT('',(48.26,1.57367113690435E-016,-2.57));
#19433=DIRECTION('',(-6.12323399573677E-017,-6.12323399573676E-017,1.));
#19434=DIRECTION('',(-1.,-1.22464679914737E-016,-6.12323399573677E-017));
#19435=CARTESIAN_POINT('',(50.57,-4.54956285883242E-016,6.97));
#19436=AXIS2_PLACEMENT_3D('',#19437,#19438,#19439);
#19437=CARTESIAN_POINT('',(50.8,-4.26789409502853E-016,6.97));
#19438=DIRECTION('',(-6.12323399573677E-017,-6.12323399573677E-017,1.));
#19439=DIRECTION('',(-1.,-1.22464679914738E-016,-6.12323399573677E-017));
#19440=CARTESIAN_POINT('',(50.57,-2.48603300226913E-016,3.6));
#19441=AXIS2_PLACEMENT_3D('',#19442,#19443,#19444);
#19442=CARTESIAN_POINT('',(50.8,-2.20436423846524E-016,3.6));
#19443=DIRECTION('',(-6.12323399573677E-017,-6.12323399573677E-017,1.));
#19444=DIRECTION('',(-1.,-1.22464679914735E-016,-6.12323399573677E-017));
#19445=CARTESIAN_POINT('',(49.9,-3.30654635769785E-016,3.6));
#19446=AXIS2_PLACEMENT_3D('',#19447,#19448,#19449);
#19447=CARTESIAN_POINT('',(50.8,-2.20436423846524E-016,3.6));
#19448=DIRECTION('',(-6.12323399573677E-017,-6.12323399573677E-017,1.));
#19449=DIRECTION('',(-1.,-1.22464679914735E-016,-6.12323399573677E-017));
#19450=CARTESIAN_POINT('',(49.9,-3.00038465791102E-016,3.1));
#19451=AXIS2_PLACEMENT_3D('',#19452,#19453,#19454);
#19452=CARTESIAN_POINT('',(50.8,-1.8982025386784E-016,3.1));
#19453=DIRECTION('',(-6.12323399573677E-017,-6.12323399573677E-017,1.));
#19454=DIRECTION('',(-1.,-1.22464679914735E-016,-6.12323399573677E-017));
#19455=CARTESIAN_POINT('',(50.14,-2.70646942611565E-016,3.1));
#19456=AXIS2_PLACEMENT_3D('',#19457,#19458,#19459);
#19457=CARTESIAN_POINT('',(50.8,-1.8982025386784E-016,3.1));
#19458=DIRECTION('',(-6.12323399573677E-017,-6.12323399573677E-017,1.));
#19459=DIRECTION('',(-1.,-1.22464679914735E-016,-6.12323399573677E-017));
#19460=CARTESIAN_POINT('',(50.14,-1.07156594925393E-016,0.43));
#19461=AXIS2_PLACEMENT_3D('',#19462,#19463,#19464);
#19462=CARTESIAN_POINT('',(50.8,-2.63299061816681E-017,0.43));
#19463=DIRECTION('',(-6.12323399573677E-017,-6.12323399573677E-017,1.));
#19464=DIRECTION('',(-1.,-1.22464679914736E-016,-6.12323399573677E-017));
#19465=CARTESIAN_POINT('',(50.57,-2.81668763803891E-017,-2.81668763803891E-017));
#19466=AXIS2_PLACEMENT_3D('',#19467,#19468,#19469);
#19467=CARTESIAN_POINT('',(50.8,0.,0.));
#19468=DIRECTION('',(-6.12323399573677E-017,-6.12323399573676E-017,1.));
#19469=DIRECTION('',(-1.,-1.22464679914737E-016,-6.12323399573677E-017));
#19470=CARTESIAN_POINT('',(50.57,1.29200237310046E-016,-2.57));
#19471=AXIS2_PLACEMENT_3D('',#19472,#19473,#19474);
#19472=CARTESIAN_POINT('',(50.8,1.57367113690435E-016,-2.57));
#19473=DIRECTION('',(-6.12323399573677E-017,-6.12323399573676E-017,1.));
#19474=DIRECTION('',(-1.,-1.22464679914737E-016,-6.12323399573677E-017));
#19475=CARTESIAN_POINT('',(53.11,-4.54956285883242E-016,6.97));
#19476=AXIS2_PLACEMENT_3D('',#19477,#19478,#19479);
#19477=CARTESIAN_POINT('',(53.34,-4.26789409502853E-016,6.97));
#19478=DIRECTION('',(-6.12323399573677E-017,-6.12323399573677E-017,1.));
#19479=DIRECTION('',(-1.,-1.22464679914738E-016,-6.12323399573677E-017));
#19480=CARTESIAN_POINT('',(53.11,-2.48603300226913E-016,3.6));
#19481=AXIS2_PLACEMENT_3D('',#19482,#19483,#19484);
#19482=CARTESIAN_POINT('',(53.34,-2.20436423846524E-016,3.6));
#19483=DIRECTION('',(-6.12323399573677E-017,-6.12323399573677E-017,1.));
#19484=DIRECTION('',(-1.,-1.22464679914735E-016,-6.12323399573677E-017));
#19485=CARTESIAN_POINT('',(52.44,-3.30654635769785E-016,3.6));
#19486=AXIS2_PLACEMENT_3D('',#19487,#19488,#19489);
#19487=CARTESIAN_POINT('',(53.34,-2.20436423846524E-016,3.6));
#19488=DIRECTION('',(-6.12323399573677E-017,-6.12323399573677E-017,1.));
#19489=DIRECTION('',(-1.,-1.22464679914735E-016,-6.12323399573677E-017));
#19490=CARTESIAN_POINT('',(52.44,-3.00038465791102E-016,3.1));
#19491=AXIS2_PLACEMENT_3D('',#19492,#19493,#19494);
#19492=CARTESIAN_POINT('',(53.34,-1.8982025386784E-016,3.1));
#19493=DIRECTION('',(-6.12323399573677E-017,-6.12323399573677E-017,1.));
#19494=DIRECTION('',(-1.,-1.22464679914735E-016,-6.12323399573677E-017));
#19495=CARTESIAN_POINT('',(52.68,-2.70646942611565E-016,3.1));
#19496=AXIS2_PLACEMENT_3D('',#19497,#19498,#19499);
#19497=CARTESIAN_POINT('',(53.34,-1.8982025386784E-016,3.1));
#19498=DIRECTION('',(-6.12323399573677E-017,-6.12323399573677E-017,1.));
#19499=DIRECTION('',(-1.,-1.22464679914735E-016,-6.12323399573677E-017));
#19500=CARTESIAN_POINT('',(52.68,-1.07156594925393E-016,0.43));
#19501=AXIS2_PLACEMENT_3D('',#19502,#19503,#19504);
#19502=CARTESIAN_POINT('',(53.34,-2.63299061816681E-017,0.43));
#19503=DIRECTION('',(-6.12323399573677E-017,-6.12323399573677E-017,1.));
#19504=DIRECTION('',(-1.,-1.22464679914736E-016,-6.12323399573677E-017));
#19505=CARTESIAN_POINT('',(53.11,-2.81668763803891E-017,-2.81668763803891E-017));
#19506=AXIS2_PLACEMENT_3D('',#19507,#19508,#19509);
#19507=CARTESIAN_POINT('',(53.34,0.,0.));
#19508=DIRECTION('',(-6.12323399573677E-017,-6.12323399573676E-017,1.));
#19509=DIRECTION('',(-1.,-1.22464679914737E-016,-6.12323399573677E-017));
#19510=CARTESIAN_POINT('',(53.11,1.29200237310046E-016,-2.57));
#19511=AXIS2_PLACEMENT_3D('',#19512,#19513,#19514);
#19512=CARTESIAN_POINT('',(53.34,1.57367113690435E-016,-2.57));
#19513=DIRECTION('',(-6.12323399573677E-017,-6.12323399573676E-017,1.));
#19514=DIRECTION('',(-1.,-1.22464679914737E-016,-6.12323399573677E-017));
#19515=CARTESIAN_POINT('',(55.65,-4.54956285883242E-016,6.97));
#19516=AXIS2_PLACEMENT_3D('',#19517,#19518,#19519);
#19517=CARTESIAN_POINT('',(55.88,-4.26789409502853E-016,6.97));
#19518=DIRECTION('',(-6.12323399573677E-017,-6.12323399573677E-017,1.));
#19519=DIRECTION('',(-1.,-1.22464679914738E-016,-6.12323399573677E-017));
#19520=CARTESIAN_POINT('',(55.65,-2.48603300226913E-016,3.6));
#19521=AXIS2_PLACEMENT_3D('',#19522,#19523,#19524);
#19522=CARTESIAN_POINT('',(55.88,-2.20436423846524E-016,3.6));
#19523=DIRECTION('',(-6.12323399573677E-017,-6.12323399573677E-017,1.));
#19524=DIRECTION('',(-1.,-1.22464679914735E-016,-6.12323399573677E-017));
#19525=CARTESIAN_POINT('',(54.98,-3.30654635769785E-016,3.6));
#19526=AXIS2_PLACEMENT_3D('',#19527,#19528,#19529);
#19527=CARTESIAN_POINT('',(55.88,-2.20436423846524E-016,3.6));
#19528=DIRECTION('',(-6.12323399573677E-017,-6.12323399573677E-017,1.));
#19529=DIRECTION('',(-1.,-1.22464679914735E-016,-6.12323399573677E-017));
#19530=CARTESIAN_POINT('',(54.98,-3.00038465791102E-016,3.1));
#19531=AXIS2_PLACEMENT_3D('',#19532,#19533,#19534);
#19532=CARTESIAN_POINT('',(55.88,-1.8982025386784E-016,3.1));
#19533=DIRECTION('',(-6.12323399573677E-017,-6.12323399573677E-017,1.));
#19534=DIRECTION('',(-1.,-1.22464679914735E-016,-6.12323399573677E-017));
#19535=CARTESIAN_POINT('',(55.22,-2.70646942611565E-016,3.1));
#19536=AXIS2_PLACEMENT_3D('',#19537,#19538,#19539);
#19537=CARTESIAN_POINT('',(55.88,-1.8982025386784E-016,3.1));
#19538=DIRECTION('',(-6.12323399573677E-017,-6.12323399573677E-017,1.));
#19539=DIRECTION('',(-1.,-1.22464679914735E-016,-6.12323399573677E-017));
#19540=CARTESIAN_POINT('',(55.22,-1.07156594925393E-016,0.43));
#19541=AXIS2_PLACEMENT_3D('',#19542,#19543,#19544);
#19542=CARTESIAN_POINT('',(55.88,-2.63299061816681E-017,0.43));
#19543=DIRECTION('',(-6.12323399573677E-017,-6.12323399573677E-017,1.));
#19544=DIRECTION('',(-1.,-1.22464679914736E-016,-6.12323399573677E-017));
#19545=CARTESIAN_POINT('',(55.65,-2.81668763803891E-017,-2.81668763803891E-017));
#19546=AXIS2_PLACEMENT_3D('',#19547,#19548,#19549);
#19547=CARTESIAN_POINT('',(55.88,0.,0.));
#19548=DIRECTION('',(-6.12323399573677E-017,-6.12323399573676E-017,1.));
#19549=DIRECTION('',(-1.,-1.22464679914737E-016,-6.12323399573677E-017));
#19550=CARTESIAN_POINT('',(55.65,1.29200237310046E-016,-2.57));
#19551=AXIS2_PLACEMENT_3D('',#19552,#19553,#19554);
#19552=CARTESIAN_POINT('',(55.88,1.57367113690435E-016,-2.57));
#19553=DIRECTION('',(-6.12323399573677E-017,-6.12323399573676E-017,1.));
#19554=DIRECTION('',(-1.,-1.22464679914737E-016,-6.12323399573677E-017));
#19555=CARTESIAN_POINT('',(58.19,-4.54956285883242E-016,6.97));
#19556=AXIS2_PLACEMENT_3D('',#19557,#19558,#19559);
#19557=CARTESIAN_POINT('',(58.42,-4.26789409502853E-016,6.97));
#19558=DIRECTION('',(-6.12323399573677E-017,-6.12323399573677E-017,1.));
#19559=DIRECTION('',(-1.,-1.22464679914738E-016,-6.12323399573677E-017));
#19560=CARTESIAN_POINT('',(58.19,-2.48603300226913E-016,3.6));
#19561=AXIS2_PLACEMENT_3D('',#19562,#19563,#19564);
#19562=CARTESIAN_POINT('',(58.42,-2.20436423846524E-016,3.6));
#19563=DIRECTION('',(-6.12323399573677E-017,-6.12323399573677E-017,1.));
#19564=DIRECTION('',(-1.,-1.22464679914735E-016,-6.12323399573677E-017));
#19565=CARTESIAN_POINT('',(57.52,-3.30654635769785E-016,3.6));
#19566=AXIS2_PLACEMENT_3D('',#19567,#19568,#19569);
#19567=CARTESIAN_POINT('',(58.42,-2.20436423846524E-016,3.6));
#19568=DIRECTION('',(-6.12323399573677E-017,-6.12323399573677E-017,1.));
#19569=DIRECTION('',(-1.,-1.22464679914735E-016,-6.12323399573677E-017));
#19570=CARTESIAN_POINT('',(57.52,-3.00038465791102E-016,3.1));
#19571=AXIS2_PLACEMENT_3D('',#19572,#19573,#19574);
#19572=CARTESIAN_POINT('',(58.42,-1.8982025386784E-016,3.1));
#19573=DIRECTION('',(-6.12323399573677E-017,-6.12323399573677E-017,1.));
#19574=DIRECTION('',(-1.,-1.22464679914735E-016,-6.12323399573677E-017));
#19575=CARTESIAN_POINT('',(57.76,-2.70646942611565E-016,3.1));
#19576=AXIS2_PLACEMENT_3D('',#19577,#19578,#19579);
#19577=CARTESIAN_POINT('',(58.42,-1.8982025386784E-016,3.1));
#19578=DIRECTION('',(-6.12323399573677E-017,-6.12323399573677E-017,1.));
#19579=DIRECTION('',(-1.,-1.22464679914735E-016,-6.12323399573677E-017));
#19580=CARTESIAN_POINT('',(57.76,-1.07156594925393E-016,0.43));
#19581=AXIS2_PLACEMENT_3D('',#19582,#19583,#19584);
#19582=CARTESIAN_POINT('',(58.42,-2.63299061816681E-017,0.43));
#19583=DIRECTION('',(-6.12323399573677E-017,-6.12323399573677E-017,1.));
#19584=DIRECTION('',(-1.,-1.22464679914736E-016,-6.12323399573677E-017));
#19585=CARTESIAN_POINT('',(58.19,-2.81668763803891E-017,-2.81668763803891E-017));
#19586=AXIS2_PLACEMENT_3D('',#19587,#19588,#19589);
#19587=CARTESIAN_POINT('',(58.42,0.,0.));
#19588=DIRECTION('',(-6.12323399573677E-017,-6.12323399573676E-017,1.));
#19589=DIRECTION('',(-1.,-1.22464679914737E-016,-6.12323399573677E-017));
#19590=CARTESIAN_POINT('',(58.19,1.29200237310046E-016,-2.57));
#19591=AXIS2_PLACEMENT_3D('',#19592,#19593,#19594);
#19592=CARTESIAN_POINT('',(58.42,1.57367113690435E-016,-2.57));
#19593=DIRECTION('',(-6.12323399573677E-017,-6.12323399573676E-017,1.));
#19594=DIRECTION('',(-1.,-1.22464679914737E-016,-6.12323399573677E-017));
#19595=CARTESIAN_POINT('',(60.73,-4.54956285883242E-016,6.97));
#19596=AXIS2_PLACEMENT_3D('',#19597,#19598,#19599);
#19597=CARTESIAN_POINT('',(60.96,-4.26789409502853E-016,6.97));
#19598=DIRECTION('',(-6.12323399573677E-017,-6.12323399573677E-017,1.));
#19599=DIRECTION('',(-1.,-1.22464679914738E-016,-6.12323399573677E-017));
#19600=CARTESIAN_POINT('',(60.73,-2.48603300226913E-016,3.6));
#19601=AXIS2_PLACEMENT_3D('',#19602,#19603,#19604);
#19602=CARTESIAN_POINT('',(60.96,-2.20436423846524E-016,3.6));
#19603=DIRECTION('',(-6.12323399573677E-017,-6.12323399573677E-017,1.));
#19604=DIRECTION('',(-1.,-1.22464679914735E-016,-6.12323399573677E-017));
#19605=CARTESIAN_POINT('',(60.06,-3.30654635769785E-016,3.6));
#19606=AXIS2_PLACEMENT_3D('',#19607,#19608,#19609);
#19607=CARTESIAN_POINT('',(60.96,-2.20436423846524E-016,3.6));
#19608=DIRECTION('',(-6.12323399573677E-017,-6.12323399573677E-017,1.));
#19609=DIRECTION('',(-1.,-1.22464679914735E-016,-6.12323399573677E-017));
#19610=CARTESIAN_POINT('',(60.06,-3.00038465791102E-016,3.1));
#19611=AXIS2_PLACEMENT_3D('',#19612,#19613,#19614);
#19612=CARTESIAN_POINT('',(60.96,-1.8982025386784E-016,3.1));
#19613=DIRECTION('',(-6.12323399573677E-017,-6.12323399573677E-017,1.));
#19614=DIRECTION('',(-1.,-1.22464679914735E-016,-6.12323399573677E-017));
#19615=CARTESIAN_POINT('',(60.3,-2.70646942611565E-016,3.1));
#19616=AXIS2_PLACEMENT_3D('',#19617,#19618,#19619);
#19617=CARTESIAN_POINT('',(60.96,-1.8982025386784E-016,3.1));
#19618=DIRECTION('',(-6.12323399573677E-017,-6.12323399573677E-017,1.));
#19619=DIRECTION('',(-1.,-1.22464679914735E-016,-6.12323399573677E-017));
#19620=CARTESIAN_POINT('',(60.3,-1.07156594925393E-016,0.43));
#19621=AXIS2_PLACEMENT_3D('',#19622,#19623,#19624);
#19622=CARTESIAN_POINT('',(60.96,-2.63299061816681E-017,0.43));
#19623=DIRECTION('',(-6.12323399573677E-017,-6.12323399573677E-017,1.));
#19624=DIRECTION('',(-1.,-1.22464679914736E-016,-6.12323399573677E-017));
#19625=CARTESIAN_POINT('',(60.73,-2.81668763803891E-017,-2.81668763803891E-017));
#19626=AXIS2_PLACEMENT_3D('',#19627,#19628,#19629);
#19627=CARTESIAN_POINT('',(60.96,0.,0.));
#19628=DIRECTION('',(-6.12323399573677E-017,-6.12323399573676E-017,1.));
#19629=DIRECTION('',(-1.,-1.22464679914737E-016,-6.12323399573677E-017));
#19630=CARTESIAN_POINT('',(60.73,1.29200237310046E-016,-2.57));
#19631=AXIS2_PLACEMENT_3D('',#19632,#19633,#19634);
#19632=CARTESIAN_POINT('',(60.96,1.57367113690435E-016,-2.57));
#19633=DIRECTION('',(-6.12323399573677E-017,-6.12323399573676E-017,1.));
#19634=DIRECTION('',(-1.,-1.22464679914737E-016,-6.12323399573677E-017));
#19635=CARTESIAN_POINT('',(63.27,-4.54956285883242E-016,6.97));
#19636=AXIS2_PLACEMENT_3D('',#19637,#19638,#19639);
#19637=CARTESIAN_POINT('',(63.5,-4.26789409502853E-016,6.97));
#19638=DIRECTION('',(-6.12323399573677E-017,-6.12323399573677E-017,1.));
#19639=DIRECTION('',(-1.,-1.22464679914738E-016,-6.12323399573677E-017));
#19640=CARTESIAN_POINT('',(63.27,-2.48603300226913E-016,3.6));
#19641=AXIS2_PLACEMENT_3D('',#19642,#19643,#19644);
#19642=CARTESIAN_POINT('',(63.5,-2.20436423846524E-016,3.6));
#19643=DIRECTION('',(-6.12323399573677E-017,-6.12323399573677E-017,1.));
#19644=DIRECTION('',(-1.,-1.22464679914735E-016,-6.12323399573677E-017));
#19645=CARTESIAN_POINT('',(62.6,-3.30654635769785E-016,3.6));
#19646=AXIS2_PLACEMENT_3D('',#19647,#19648,#19649);
#19647=CARTESIAN_POINT('',(63.5,-2.20436423846524E-016,3.6));
#19648=DIRECTION('',(-6.12323399573677E-017,-6.12323399573677E-017,1.));
#19649=DIRECTION('',(-1.,-1.22464679914735E-016,-6.12323399573677E-017));
#19650=CARTESIAN_POINT('',(62.6,-3.00038465791102E-016,3.1));
#19651=AXIS2_PLACEMENT_3D('',#19652,#19653,#19654);
#19652=CARTESIAN_POINT('',(63.5,-1.8982025386784E-016,3.1));
#19653=DIRECTION('',(-6.12323399573677E-017,-6.12323399573677E-017,1.));
#19654=DIRECTION('',(-1.,-1.22464679914735E-016,-6.12323399573677E-017));
#19655=CARTESIAN_POINT('',(62.84,-2.70646942611565E-016,3.1));
#19656=AXIS2_PLACEMENT_3D('',#19657,#19658,#19659);
#19657=CARTESIAN_POINT('',(63.5,-1.8982025386784E-016,3.1));
#19658=DIRECTION('',(-6.12323399573677E-017,-6.12323399573677E-017,1.));
#19659=DIRECTION('',(-1.,-1.22464679914735E-016,-6.12323399573677E-017));
#19660=CARTESIAN_POINT('',(62.84,-1.07156594925393E-016,0.43));
#19661=AXIS2_PLACEMENT_3D('',#19662,#19663,#19664);
#19662=CARTESIAN_POINT('',(63.5,-2.63299061816681E-017,0.43));
#19663=DIRECTION('',(-6.12323399573677E-017,-6.12323399573677E-017,1.));
#19664=DIRECTION('',(-1.,-1.22464679914736E-016,-6.12323399573677E-017));
#19665=CARTESIAN_POINT('',(63.27,-2.81668763803891E-017,-2.81668763803891E-017));
#19666=AXIS2_PLACEMENT_3D('',#19667,#19668,#19669);
#19667=CARTESIAN_POINT('',(63.5,0.,0.));
#19668=DIRECTION('',(-6.12323399573677E-017,-6.12323399573676E-017,1.));
#19669=DIRECTION('',(-1.,-1.22464679914737E-016,-6.12323399573677E-017));
#19670=CARTESIAN_POINT('',(63.27,1.29200237310046E-016,-2.57));
#19671=AXIS2_PLACEMENT_3D('',#19672,#19673,#19674);
#19672=CARTESIAN_POINT('',(63.5,1.57367113690435E-016,-2.57));
#19673=DIRECTION('',(-6.12323399573677E-017,-6.12323399573676E-017,1.));
#19674=DIRECTION('',(-1.,-1.22464679914737E-016,-6.12323399573677E-017));
#19675=CARTESIAN_POINT('',(65.81,-4.54956285883242E-016,6.97));
#19676=AXIS2_PLACEMENT_3D('',#19677,#19678,#19679);
#19677=CARTESIAN_POINT('',(66.04,-4.26789409502853E-016,6.97));
#19678=DIRECTION('',(-6.12323399573677E-017,-6.12323399573677E-017,1.));
#19679=DIRECTION('',(-1.,-1.22464679914734E-016,-6.12323399573677E-017));
#19680=CARTESIAN_POINT('',(65.81,-2.48603300226913E-016,3.6));
#19681=AXIS2_PLACEMENT_3D('',#19682,#19683,#19684);
#19682=CARTESIAN_POINT('',(66.04,-2.20436423846524E-016,3.6));
#19683=DIRECTION('',(-6.12323399573677E-017,-6.12323399573677E-017,1.));
#19684=DIRECTION('',(-1.,-1.22464679914735E-016,-6.12323399573677E-017));
#19685=CARTESIAN_POINT('',(65.14,-3.30654635769785E-016,3.6));
#19686=AXIS2_PLACEMENT_3D('',#19687,#19688,#19689);
#19687=CARTESIAN_POINT('',(66.04,-2.20436423846524E-016,3.6));
#19688=DIRECTION('',(-6.12323399573677E-017,-6.12323399573677E-017,1.));
#19689=DIRECTION('',(-1.,-1.22464679914735E-016,-6.12323399573677E-017));
#19690=CARTESIAN_POINT('',(65.14,-3.00038465791102E-016,3.1));
#19691=AXIS2_PLACEMENT_3D('',#19692,#19693,#19694);
#19692=CARTESIAN_POINT('',(66.04,-1.8982025386784E-016,3.1));
#19693=DIRECTION('',(-6.12323399573677E-017,-6.12323399573677E-017,1.));
#19694=DIRECTION('',(-1.,-1.22464679914735E-016,-6.12323399573677E-017));
#19695=CARTESIAN_POINT('',(65.38,-2.70646942611565E-016,3.1));
#19696=AXIS2_PLACEMENT_3D('',#19697,#19698,#19699);
#19697=CARTESIAN_POINT('',(66.04,-1.8982025386784E-016,3.1));
#19698=DIRECTION('',(-6.12323399573677E-017,-6.12323399573677E-017,1.));
#19699=DIRECTION('',(-1.,-1.22464679914735E-016,-6.12323399573677E-017));
#19700=CARTESIAN_POINT('',(65.38,-1.07156594925393E-016,0.43));
#19701=AXIS2_PLACEMENT_3D('',#19702,#19703,#19704);
#19702=CARTESIAN_POINT('',(66.04,-2.63299061816681E-017,0.43));
#19703=DIRECTION('',(-6.12323399573677E-017,-6.12323399573677E-017,1.));
#19704=DIRECTION('',(-1.,-1.22464679914736E-016,-6.12323399573677E-017));
#19705=CARTESIAN_POINT('',(65.81,-2.81668763803891E-017,-2.81668763803891E-017));
#19706=AXIS2_PLACEMENT_3D('',#19707,#19708,#19709);
#19707=CARTESIAN_POINT('',(66.04,0.,0.));
#19708=DIRECTION('',(-6.12323399573677E-017,-6.12323399573676E-017,1.));
#19709=DIRECTION('',(-1.,-1.22464679914733E-016,-6.12323399573677E-017));
#19710=CARTESIAN_POINT('',(65.81,1.29200237310046E-016,-2.57));
#19711=AXIS2_PLACEMENT_3D('',#19712,#19713,#19714);
#19712=CARTESIAN_POINT('',(66.04,1.57367113690435E-016,-2.57));
#19713=DIRECTION('',(-6.12323399573677E-017,-6.12323399573676E-017,1.));
#19714=DIRECTION('',(-1.,-1.22464679914733E-016,-6.12323399573677E-017));
#19715=CARTESIAN_POINT('',(68.35,-4.54956285883242E-016,6.97));
#19716=AXIS2_PLACEMENT_3D('',#19717,#19718,#19719);
#19717=CARTESIAN_POINT('',(68.58,-4.26789409502853E-016,6.97));
#19718=DIRECTION('',(-6.12323399573677E-017,-6.12323399573677E-017,1.));
#19719=DIRECTION('',(-1.,-1.22464679914734E-016,-6.12323399573677E-017));
#19720=CARTESIAN_POINT('',(68.35,-2.48603300226913E-016,3.6));
#19721=AXIS2_PLACEMENT_3D('',#19722,#19723,#19724);
#19722=CARTESIAN_POINT('',(68.58,-2.20436423846524E-016,3.6));
#19723=DIRECTION('',(-6.12323399573677E-017,-6.12323399573677E-017,1.));
#19724=DIRECTION('',(-1.,-1.22464679914735E-016,-6.12323399573677E-017));
#19725=CARTESIAN_POINT('',(67.68,-3.30654635769785E-016,3.6));
#19726=AXIS2_PLACEMENT_3D('',#19727,#19728,#19729);
#19727=CARTESIAN_POINT('',(68.58,-2.20436423846524E-016,3.6));
#19728=DIRECTION('',(-6.12323399573677E-017,-6.12323399573677E-017,1.));
#19729=DIRECTION('',(-1.,-1.22464679914735E-016,-6.12323399573677E-017));
#19730=CARTESIAN_POINT('',(67.68,-3.00038465791102E-016,3.1));
#19731=AXIS2_PLACEMENT_3D('',#19732,#19733,#19734);
#19732=CARTESIAN_POINT('',(68.58,-1.8982025386784E-016,3.1));
#19733=DIRECTION('',(-6.12323399573677E-017,-6.12323399573677E-017,1.));
#19734=DIRECTION('',(-1.,-1.22464679914735E-016,-6.12323399573677E-017));
#19735=CARTESIAN_POINT('',(67.92,-2.70646942611565E-016,3.1));
#19736=AXIS2_PLACEMENT_3D('',#19737,#19738,#19739);
#19737=CARTESIAN_POINT('',(68.58,-1.8982025386784E-016,3.1));
#19738=DIRECTION('',(-6.12323399573677E-017,-6.12323399573677E-017,1.));
#19739=DIRECTION('',(-1.,-1.22464679914735E-016,-6.12323399573677E-017));
#19740=CARTESIAN_POINT('',(67.92,-1.07156594925393E-016,0.43));
#19741=AXIS2_PLACEMENT_3D('',#19742,#19743,#19744);
#19742=CARTESIAN_POINT('',(68.58,-2.63299061816681E-017,0.43));
#19743=DIRECTION('',(-6.12323399573677E-017,-6.12323399573677E-017,1.));
#19744=DIRECTION('',(-1.,-1.22464679914736E-016,-6.12323399573677E-017));
#19745=CARTESIAN_POINT('',(68.35,-2.81668763803891E-017,-2.81668763803891E-017));
#19746=AXIS2_PLACEMENT_3D('',#19747,#19748,#19749);
#19747=CARTESIAN_POINT('',(68.58,0.,0.));
#19748=DIRECTION('',(-6.12323399573677E-017,-6.12323399573676E-017,1.));
#19749=DIRECTION('',(-1.,-1.22464679914733E-016,-6.12323399573677E-017));
#19750=CARTESIAN_POINT('',(68.35,1.29200237310046E-016,-2.57));
#19751=AXIS2_PLACEMENT_3D('',#19752,#19753,#19754);
#19752=CARTESIAN_POINT('',(68.58,1.57367113690435E-016,-2.57));
#19753=DIRECTION('',(-6.12323399573677E-017,-6.12323399573676E-017,1.));
#19754=DIRECTION('',(-1.,-1.22464679914733E-016,-6.12323399573677E-017));
#19755=CARTESIAN_POINT('',(70.89,-4.54956285883242E-016,6.97));
#19756=AXIS2_PLACEMENT_3D('',#19757,#19758,#19759);
#19757=CARTESIAN_POINT('',(71.12,-4.26789409502853E-016,6.97));
#19758=DIRECTION('',(-6.12323399573677E-017,-6.12323399573677E-017,1.));
#19759=DIRECTION('',(-1.,-1.22464679914734E-016,-6.12323399573677E-017));
#19760=CARTESIAN_POINT('',(70.89,-2.48603300226913E-016,3.6));
#19761=AXIS2_PLACEMENT_3D('',#19762,#19763,#19764);
#19762=CARTESIAN_POINT('',(71.12,-2.20436423846524E-016,3.6));
#19763=DIRECTION('',(-6.12323399573677E-017,-6.12323399573677E-017,1.));
#19764=DIRECTION('',(-1.,-1.22464679914735E-016,-6.12323399573677E-017));
#19765=CARTESIAN_POINT('',(70.22,-3.30654635769785E-016,3.6));
#19766=AXIS2_PLACEMENT_3D('',#19767,#19768,#19769);
#19767=CARTESIAN_POINT('',(71.12,-2.20436423846524E-016,3.6));
#19768=DIRECTION('',(-6.12323399573677E-017,-6.12323399573677E-017,1.));
#19769=DIRECTION('',(-1.,-1.22464679914735E-016,-6.12323399573677E-017));
#19770=CARTESIAN_POINT('',(70.22,-3.00038465791102E-016,3.1));
#19771=AXIS2_PLACEMENT_3D('',#19772,#19773,#19774);
#19772=CARTESIAN_POINT('',(71.12,-1.8982025386784E-016,3.1));
#19773=DIRECTION('',(-6.12323399573677E-017,-6.12323399573677E-017,1.));
#19774=DIRECTION('',(-1.,-1.22464679914735E-016,-6.12323399573677E-017));
#19775=CARTESIAN_POINT('',(70.46,-2.70646942611565E-016,3.1));
#19776=AXIS2_PLACEMENT_3D('',#19777,#19778,#19779);
#19777=CARTESIAN_POINT('',(71.12,-1.8982025386784E-016,3.1));
#19778=DIRECTION('',(-6.12323399573677E-017,-6.12323399573677E-017,1.));
#19779=DIRECTION('',(-1.,-1.22464679914735E-016,-6.12323399573677E-017));
#19780=CARTESIAN_POINT('',(70.46,-1.07156594925393E-016,0.43));
#19781=AXIS2_PLACEMENT_3D('',#19782,#19783,#19784);
#19782=CARTESIAN_POINT('',(71.12,-2.63299061816681E-017,0.43));
#19783=DIRECTION('',(-6.12323399573677E-017,-6.12323399573677E-017,1.));
#19784=DIRECTION('',(-1.,-1.22464679914736E-016,-6.12323399573677E-017));
#19785=CARTESIAN_POINT('',(70.89,-2.81668763803891E-017,-2.81668763803891E-017));
#19786=AXIS2_PLACEMENT_3D('',#19787,#19788,#19789);
#19787=CARTESIAN_POINT('',(71.12,0.,0.));
#19788=DIRECTION('',(-6.12323399573677E-017,-6.12323399573676E-017,1.));
#19789=DIRECTION('',(-1.,-1.22464679914733E-016,-6.12323399573677E-017));
#19790=CARTESIAN_POINT('',(70.89,1.29200237310046E-016,-2.57));
#19791=AXIS2_PLACEMENT_3D('',#19792,#19793,#19794);
#19792=CARTESIAN_POINT('',(71.12,1.57367113690435E-016,-2.57));
#19793=DIRECTION('',(-6.12323399573677E-017,-6.12323399573676E-017,1.));
#19794=DIRECTION('',(-1.,-1.22464679914733E-016,-6.12323399573677E-017));
ENDSEC;
END-ISO-10303-21;
