ISO-10303-21;
HEADER;
FILE_DESCRIPTION(('STEP AP214'),
    '1');
FILE_NAME('PLSS (DS1004-xx2 CONNFLY)',
    '',
    ('UNSPECIFIED'),
    ('UNSPECIFIED'),
    'ASCON STEP Converter 1.6',
    'ASCON Math Kernel',
    '');
FILE_SCHEMA(('AUTOMOTIVE_DESIGN { 1 0 10303 214 3 1 1}'));
ENDSEC;

DATA;
#1=SHAPE_REPRESENTATION('NONE',(#2),#6);
#2=AXIS2_PLACEMENT_3D('',#3,#4,#5);
#3=CARTESIAN_POINT('',(0.,0.,0.));
#4=DIRECTION('',(0.,0.,1.));
#5=DIRECTION('',(1.,0.,0.));
#6=(GEOMETRIC_REPRESENTATION_CONTEXT(3)GLOBAL_UNCERTAINTY_ASSIGNED_CONTEXT((#8))
GLOBAL_UNIT_ASSIGNED_CONTEXT((#7,#9,#10))REPRESENTATION_CONTEXT('NONE','NONE'));
#7=(LENGTH_UNIT()NAMED_UNIT(*)SI_UNIT(.MILLI.,.METRE.));
#8=UNCERTAINTY_MEASURE_WITH_UNIT(LENGTH_MEASURE(1.E-005),#7,'NONE','NONE');
#9=(NAMED_UNIT(*)PLANE_ANGLE_UNIT()SI_UNIT($,.RADIAN.));
#10=(NAMED_UNIT(*)SI_UNIT($,.STERADIAN.)SOLID_ANGLE_UNIT());
#11=SHAPE_DEFINITION_REPRESENTATION(#12,#1);
#12=PRODUCT_DEFINITION_SHAPE('NONE','NONE',#13);
#13=PRODUCT_DEFINITION('','UNSPECIFIED',#14,#22);
#14=PRODUCT_DEFINITION_FORMATION_WITH_SPECIFIED_SOURCE('ANY','UNSPECIFIED',#15,.NOT_KNOWN.);
#15=PRODUCT('','PLSS (DS1004-xx2 CONNFLY)','NONE',(#25));
#16=PERSON('UNSPECIFIED','dima','UNSPECIFIED',('UNSPECIFIED'),('UNSPECIFIED'),('UNSPECIFIED'));
#17=ORGANIZATION('UNSPECIFIED','UNSPECIFIED','UNSPECIFIED');
#18=PERSON_AND_ORGANIZATION(#16,#17);
#19=PERSON_AND_ORGANIZATION_ROLE('design_owner');
#20=CC_DESIGN_PERSON_AND_ORGANIZATION_ASSIGNMENT(#18,#19,(#15));
#21=PRODUCT_RELATED_PRODUCT_CATEGORY('detail','',(#15));
#22=DESIGN_CONTEXT('detailed design',#23,'design');
#23=APPLICATION_CONTEXT('configuration controlled 3d designs of mechanical parts and assemblies');
#24=APPLICATION_PROTOCOL_DEFINITION('international standard','automotive_design',
2011,#23);
#25=MECHANICAL_CONTEXT('NONE',#23,'mechanical');
#26=CC_DESIGN_DATE_AND_TIME_ASSIGNMENT(#27,#31,(#13));
#27=DATE_AND_TIME(#28,#29);
#28=CALENDAR_DATE(0,1,1);
#29=LOCAL_TIME(0,0,0.,#30);
#30=COORDINATED_UNIVERSAL_TIME_OFFSET(0,0,.AHEAD.);
#31=DATE_TIME_ROLE('creation_date');
#32=CC_DESIGN_APPROVAL(#33,(#13));
#33=APPROVAL(#34,'UNSPECIFIED');
#34=APPROVAL_STATUS('not_yet_approved');
#35=APPROVAL_DATE_TIME(#36,#33);
#36=DATE_AND_TIME(#37,#38);
#37=CALENDAR_DATE(0,1,1);
#38=LOCAL_TIME(0,0,0.,#39);
#39=COORDINATED_UNIVERSAL_TIME_OFFSET(0,0,.AHEAD.);
#40=MANIFOLD_SOLID_BREP('',#41);
#41=CLOSED_SHELL('',(#383,#392,#401,#410,#419,#428,#437,#446,#455,#464,#473,#482,
#491,#500,#509,#518,#527,#536,#545,#554,#563,#572,#581,#590,#599,#608,#617,#626,
#635,#644,#653,#662,#671,#680,#689,#698,#707,#716,#725,#734,#743,#752,#761,#770,
#779,#788,#797,#806,#815,#824,#833,#842,#851,#860,#869,#878,#887,#896,#905,#914,
#923,#932,#941,#950,#959,#968,#977,#986,#995,#1004,#1013,#1022,#1031,#1040,#1049,
#1058,#1067,#1076,#1085,#1094,#1103,#1112,#1121,#1130,#1139,#1148,#1157,#1166,#1175,
#1184,#1193,#1202,#1211,#1220,#1229,#1238,#1247,#1256,#1265,#1274,#1283,#1292,#1301,
#1310,#1319,#1328,#1337,#1346,#1355,#1364,#1373,#1382,#1391,#1400,#1409,#1418,#1427,
#1436,#1445,#1454,#1463,#1472,#1481,#1490,#1499,#1508,#1517,#1526,#1535,#1544,#1553,
#1562,#1571,#1580,#1589,#1598,#1607,#1616,#1625,#1634,#1643,#1652,#1661,#1670,#1679,
#1688,#1697,#1706,#1715,#1724,#1733,#1742,#1751,#1760,#1769,#1778,#1787,#1796,#1805,
#1814,#1823,#1832,#1841,#1850,#1859,#1868,#1877,#1886,#1895,#1904,#1913,#1922,#1931,
#1940,#1949,#1958,#1967,#1976,#1985,#1994,#2003,#2012,#2021,#2030,#2039,#2048,#2057,
#2066,#2075,#2084,#2093,#2102,#2111,#2120,#2129,#2138,#2147,#2156,#2165,#2174,#2183,
#2192,#2201,#2210,#2219,#2228,#2237,#2246,#2255,#2264,#2273,#2282,#2291,#2300,#2309,
#2318,#2327,#2336,#2345,#2354,#2363,#2372,#2381,#2390,#2399,#2408,#2417,#2426,#2435,
#2444,#2453,#2462,#2471,#2480,#2489,#2498,#2507,#2516,#2525,#2534,#2543,#2552,#2561,
#2570,#2579,#2588,#2597,#2606,#2615,#2624,#2633,#2642,#2651,#2660,#2669,#2678,#2687,
#2696,#2705,#2714,#2723,#2732,#2741,#2750,#2759,#2768,#2777,#2786,#2795,#2804,#2813,
#2822,#2831,#2840,#2849,#2858,#2867,#2876,#2885,#2894,#2903,#2912,#2921,#2930,#2939,
#2948,#2957,#2966,#2975,#2984,#2993,#3002,#3011,#3020,#3029,#3038,#3047,#3056,#3065,
#3074,#3083,#3092,#3101,#3110,#3119,#3128,#3137,#3146,#3155,#3164,#3173,#3182,#3191,
#3200,#3209,#3218,#3227,#3236,#3245,#3254,#3263,#3272,#3281,#3290,#3299,#3308,#3317,
#3326,#3335,#3344,#3353,#3362,#3371,#3380,#3389,#3398,#3407,#3416,#3425,#3434,#3443,
#3452,#3461,#3470,#3479,#3488,#3497,#3506,#3515,#3524,#3533,#3542,#3551,#3560,#3569,
#3578,#3587,#3596,#3605,#3614,#3623,#3632,#3641,#3650,#3659,#3668,#3677,#3686,#3695));
#42=COLOUR_RGB('',0.156862745098039,0.156862745098039,0.156862745098039);
#43=FILL_AREA_STYLE_COLOUR('',#42);
#44=FILL_AREA_STYLE($,(#43));
#45=SURFACE_STYLE_FILL_AREA(#44);
#46=SURFACE_SIDE_STYLE('',(#45));
#47=SURFACE_STYLE_USAGE(.BOTH.,#46);
#48=PRESENTATION_STYLE_ASSIGNMENT((#47));
#49=MECHANICAL_DESIGN_GEOMETRIC_PRESENTATION_REPRESENTATION('NONE',(#50,#60,#70,
#80,#90,#100,#110,#120,#130,#140,#150,#160,#170,#180,#190,#200,#210,#220,#230,#240,
#250,#260,#270,#280,#290,#300,#310,#320,#330,#340,#350,#360,#370,#380,#391,#400,
#409,#418,#427,#436,#445,#454,#463,#472,#481,#490,#499,#508,#517,#526,#535,#544,
#553,#562,#571,#580,#589,#598,#607,#616,#625,#634,#643,#652,#661,#670,#679,#688,
#697,#706,#715,#724,#733,#742,#751,#760,#769,#778,#787,#796,#805,#814,#823,#832,
#841,#850,#859,#868,#877,#886,#895,#904,#913,#922,#931,#940,#949,#958,#967,#976,
#985,#994,#1003,#1012,#1021,#1030,#1039,#1048,#1057,#1066,#1075,#1084,#1093,#1102,
#1111,#1120,#1129,#1138,#1147,#1156,#1165,#1174,#1183,#1192,#1201,#1210,#1219,#1228,
#1237,#1246,#1255,#1264,#1273,#1282,#1291,#1300,#1309,#1318,#1327,#1336,#1345,#1354,
#1363,#1372,#1381,#1390,#1399,#1408,#1417,#1426,#1435,#1444,#1453,#1462,#1471,#1480,
#1489,#1498,#1507,#1516,#1525,#1534,#1543,#1552,#1561,#1570,#1579,#1588,#1597,#1606,
#1615,#1624,#1633,#1642,#1651,#1660,#1669,#1678,#1687,#1696,#1705,#1714,#1723,#1732,
#1741,#1750,#1759,#1768,#1777,#1786,#1795,#1804,#1813,#1822,#1831,#1840,#1849,#1858,
#1867,#1876,#1885,#1894,#1903,#1912,#1921,#1930,#1939,#1948,#1957,#1966,#1975,#1984,
#1993,#2002,#2011,#2020,#2029,#2038,#2047,#2056,#2065,#2074,#2083,#2092,#2101,#2110,
#2119,#2128,#2137,#2146,#2155,#2164,#2173,#2182,#2191,#2200,#2209,#2218,#2227,#2236,
#2245,#2254,#2263,#2272,#2281,#2290,#2299,#2308,#2317,#2326,#2335,#2344,#2353,#2362,
#2371,#2380,#2389,#2398,#2407,#2416,#2425,#2434,#2443,#2452,#2461,#2470,#2479,#2488,
#2497,#2506,#2515,#2524,#2533,#2542,#2551,#2560,#2569,#2578,#2587,#2596,#2605,#2614,
#2623,#2632,#2641,#2650,#2659,#2668,#2677,#2686,#2695,#2704,#2713,#2722,#2731,#2740,
#2749,#2758,#2767,#2776,#2785,#2794,#2803,#2812,#2821,#2830,#2839,#2848,#2857,#2866,
#2875,#2884,#2893,#2902,#2911,#2920,#2929,#2938,#2947,#2956,#2965,#2974,#2983,#2992,
#3001,#3010,#3019,#3028,#3037,#3046,#3055,#3064,#3073,#3082,#3091,#3100,#3109,#3118,
#3127,#3136,#3145,#3154,#3163,#3172,#3181,#3190,#3199,#3208,#3217,#3226,#3235,#3244,
#3253,#3262,#3271,#3280,#3289,#3298,#3307,#3316,#3325,#3334,#3343,#3352,#3361,#3370,
#3379,#3388,#3397,#3406,#3415,#3424,#3433,#3442,#3451,#3460,#3469,#3478,#3487,#3496,
#3505,#3514,#3523,#3532,#3541,#3550,#3559,#3568,#3577,#3586,#3595,#3604,#3613,#3622,
#3631,#3640,#3649,#3658,#3667,#3676,#3685,#3694,#3703,#3712,#3721,#3730,#3739,#3748,
#3757,#3766,#3775,#3784,#3793,#3802,#3811,#3820,#3829,#3838,#3847,#3856,#3865,#3874,
#3883,#3892,#3901,#3910,#3919,#3928,#3937,#3946,#3955,#3964,#3973,#3982,#3991,#4000,
#4009,#4018,#4027,#4036,#4045,#4054,#4063,#4072,#4081,#4090,#4099,#4108,#4117,#4126,
#4135,#4144,#4153,#4162,#4171,#4180,#4189,#4198,#4207,#4216,#4225,#4234,#4243,#4252,
#4261,#4270,#4279,#4288,#4297,#4306,#4315,#4324,#4333,#4342,#4351,#4360,#4369,#4378,
#4387,#4396,#4405,#4414,#4423,#4432,#4441,#4450,#4459,#4468,#4477,#4486,#4495,#4504,
#4513,#4522,#4531,#4540,#4549,#4558,#4567,#4576,#4585,#4594,#4603,#4612,#4621,#4630,
#4639,#4648,#4657,#4666,#4675,#4684,#4693,#4702,#4711,#4720,#4729,#4738,#4747,#4756,
#4765,#4774,#4783,#4792,#4801,#4810,#4819,#4828,#4837,#4846,#4855,#4864,#4873,#4882,
#4891,#4900,#4909,#4918,#4927,#4936,#4945,#4954,#4963,#4972,#4981,#4990,#4999,#5008,
#5017,#5026,#5035,#5044,#5053,#5062,#5071,#5080,#5089,#5098,#5107,#5116,#5125,#5134,
#5143,#5152,#5161,#5170,#5179,#5188,#5197,#5206,#5215,#5224,#5233,#5242,#5251,#5260,
#5269,#5278,#5287,#5296,#5305,#5314,#5323,#5332,#5341,#5350,#5359,#5368,#5377,#5386,
#5395,#5404,#5413,#5422,#5431,#5440,#5449,#5458,#5467,#5476,#5485,#5494,#5503,#5512,
#5521,#5530,#5539,#5548,#5557,#5566,#5575,#5584,#5593,#5602,#5611,#5620,#5629,#5638,
#5647,#5656,#5665,#5674,#5683,#5692,#5701,#5710,#5719,#5728,#5737,#5746,#5755,#5764,
#5773,#5782,#5791,#5800,#5809,#5818,#5827,#5836,#5845,#5854,#5863,#5872,#5881,#5890,
#5899,#5908,#5917,#5926,#5935,#5944,#5953,#5962,#5971,#5980,#5989,#5998,#6007,#6016,
#6025,#6034,#6043,#6052,#6061,#6070,#6079,#6088,#6097,#6106,#6115,#6124,#6133,#6142,
#6151,#6160,#6169,#6178,#6187,#6196,#6205,#6214,#6223,#6232,#6241,#6250,#6259,#6268,
#6277,#6286,#6295,#6304,#6313,#6322,#6331,#6340,#6349,#6358,#6367,#6376),#6);
#50=STYLED_ITEM('',(#48),#40);
#51=MANIFOLD_SOLID_BREP('',#52);
#52=CLOSED_SHELL('',(#3704,#3713,#3722,#3731,#3740,#3749,#3758,#3767,#3776));
#53=COLOUR_RGB('',0.156862745098039,0.156862745098039,0.156862745098039);
#54=FILL_AREA_STYLE_COLOUR('',#53);
#55=FILL_AREA_STYLE($,(#54));
#56=SURFACE_STYLE_FILL_AREA(#55);
#57=SURFACE_SIDE_STYLE('',(#56));
#58=SURFACE_STYLE_USAGE(.BOTH.,#57);
#59=PRESENTATION_STYLE_ASSIGNMENT((#58));
#60=STYLED_ITEM('',(#59),#51);
#61=MANIFOLD_SOLID_BREP('',#62);
#62=CLOSED_SHELL('',(#3785,#3794,#3803,#3812,#3821,#3830,#3839,#3848,#3857));
#63=COLOUR_RGB('',0.156862745098039,0.156862745098039,0.156862745098039);
#64=FILL_AREA_STYLE_COLOUR('',#63);
#65=FILL_AREA_STYLE($,(#64));
#66=SURFACE_STYLE_FILL_AREA(#65);
#67=SURFACE_SIDE_STYLE('',(#66));
#68=SURFACE_STYLE_USAGE(.BOTH.,#67);
#69=PRESENTATION_STYLE_ASSIGNMENT((#68));
#70=STYLED_ITEM('',(#69),#61);
#71=MANIFOLD_SOLID_BREP('',#72);
#72=CLOSED_SHELL('',(#3866,#3875,#3884,#3893,#3902,#3911,#3920,#3929,#3938));
#73=COLOUR_RGB('',0.156862745098039,0.156862745098039,0.156862745098039);
#74=FILL_AREA_STYLE_COLOUR('',#73);
#75=FILL_AREA_STYLE($,(#74));
#76=SURFACE_STYLE_FILL_AREA(#75);
#77=SURFACE_SIDE_STYLE('',(#76));
#78=SURFACE_STYLE_USAGE(.BOTH.,#77);
#79=PRESENTATION_STYLE_ASSIGNMENT((#78));
#80=STYLED_ITEM('',(#79),#71);
#81=MANIFOLD_SOLID_BREP('',#82);
#82=CLOSED_SHELL('',(#3947,#3956,#3965,#3974,#3983,#3992,#4001,#4010,#4019));
#83=COLOUR_RGB('',0.156862745098039,0.156862745098039,0.156862745098039);
#84=FILL_AREA_STYLE_COLOUR('',#83);
#85=FILL_AREA_STYLE($,(#84));
#86=SURFACE_STYLE_FILL_AREA(#85);
#87=SURFACE_SIDE_STYLE('',(#86));
#88=SURFACE_STYLE_USAGE(.BOTH.,#87);
#89=PRESENTATION_STYLE_ASSIGNMENT((#88));
#90=STYLED_ITEM('',(#89),#81);
#91=MANIFOLD_SOLID_BREP('',#92);
#92=CLOSED_SHELL('',(#4028,#4037,#4046,#4055,#4064,#4073,#4082,#4091,#4100));
#93=COLOUR_RGB('',0.156862745098039,0.156862745098039,0.156862745098039);
#94=FILL_AREA_STYLE_COLOUR('',#93);
#95=FILL_AREA_STYLE($,(#94));
#96=SURFACE_STYLE_FILL_AREA(#95);
#97=SURFACE_SIDE_STYLE('',(#96));
#98=SURFACE_STYLE_USAGE(.BOTH.,#97);
#99=PRESENTATION_STYLE_ASSIGNMENT((#98));
#100=STYLED_ITEM('',(#99),#91);
#101=MANIFOLD_SOLID_BREP('',#102);
#102=CLOSED_SHELL('',(#4109,#4118,#4127,#4136,#4145,#4154,#4163,#4172,#4181));
#103=COLOUR_RGB('',0.156862745098039,0.156862745098039,0.156862745098039);
#104=FILL_AREA_STYLE_COLOUR('',#103);
#105=FILL_AREA_STYLE($,(#104));
#106=SURFACE_STYLE_FILL_AREA(#105);
#107=SURFACE_SIDE_STYLE('',(#106));
#108=SURFACE_STYLE_USAGE(.BOTH.,#107);
#109=PRESENTATION_STYLE_ASSIGNMENT((#108));
#110=STYLED_ITEM('',(#109),#101);
#111=MANIFOLD_SOLID_BREP('',#112);
#112=CLOSED_SHELL('',(#4190,#4199,#4208,#4217,#4226,#4235,#4244,#4253,#4262));
#113=COLOUR_RGB('',0.156862745098039,0.156862745098039,0.156862745098039);
#114=FILL_AREA_STYLE_COLOUR('',#113);
#115=FILL_AREA_STYLE($,(#114));
#116=SURFACE_STYLE_FILL_AREA(#115);
#117=SURFACE_SIDE_STYLE('',(#116));
#118=SURFACE_STYLE_USAGE(.BOTH.,#117);
#119=PRESENTATION_STYLE_ASSIGNMENT((#118));
#120=STYLED_ITEM('',(#119),#111);
#121=MANIFOLD_SOLID_BREP('',#122);
#122=CLOSED_SHELL('',(#4271,#4280,#4289,#4298,#4307,#4316,#4325,#4334,#4343));
#123=COLOUR_RGB('',0.156862745098039,0.156862745098039,0.156862745098039);
#124=FILL_AREA_STYLE_COLOUR('',#123);
#125=FILL_AREA_STYLE($,(#124));
#126=SURFACE_STYLE_FILL_AREA(#125);
#127=SURFACE_SIDE_STYLE('',(#126));
#128=SURFACE_STYLE_USAGE(.BOTH.,#127);
#129=PRESENTATION_STYLE_ASSIGNMENT((#128));
#130=STYLED_ITEM('',(#129),#121);
#131=MANIFOLD_SOLID_BREP('',#132);
#132=CLOSED_SHELL('',(#4352,#4361,#4370,#4379,#4388,#4397,#4406,#4415,#4424));
#133=COLOUR_RGB('',0.156862745098039,0.156862745098039,0.156862745098039);
#134=FILL_AREA_STYLE_COLOUR('',#133);
#135=FILL_AREA_STYLE($,(#134));
#136=SURFACE_STYLE_FILL_AREA(#135);
#137=SURFACE_SIDE_STYLE('',(#136));
#138=SURFACE_STYLE_USAGE(.BOTH.,#137);
#139=PRESENTATION_STYLE_ASSIGNMENT((#138));
#140=STYLED_ITEM('',(#139),#131);
#141=MANIFOLD_SOLID_BREP('',#142);
#142=CLOSED_SHELL('',(#4433,#4442,#4451,#4460,#4469,#4478,#4487,#4496,#4505));
#143=COLOUR_RGB('',0.156862745098039,0.156862745098039,0.156862745098039);
#144=FILL_AREA_STYLE_COLOUR('',#143);
#145=FILL_AREA_STYLE($,(#144));
#146=SURFACE_STYLE_FILL_AREA(#145);
#147=SURFACE_SIDE_STYLE('',(#146));
#148=SURFACE_STYLE_USAGE(.BOTH.,#147);
#149=PRESENTATION_STYLE_ASSIGNMENT((#148));
#150=STYLED_ITEM('',(#149),#141);
#151=MANIFOLD_SOLID_BREP('',#152);
#152=CLOSED_SHELL('',(#4514,#4523,#4532,#4541,#4550,#4559,#4568,#4577,#4586));
#153=COLOUR_RGB('',0.156862745098039,0.156862745098039,0.156862745098039);
#154=FILL_AREA_STYLE_COLOUR('',#153);
#155=FILL_AREA_STYLE($,(#154));
#156=SURFACE_STYLE_FILL_AREA(#155);
#157=SURFACE_SIDE_STYLE('',(#156));
#158=SURFACE_STYLE_USAGE(.BOTH.,#157);
#159=PRESENTATION_STYLE_ASSIGNMENT((#158));
#160=STYLED_ITEM('',(#159),#151);
#161=MANIFOLD_SOLID_BREP('',#162);
#162=CLOSED_SHELL('',(#4595,#4604,#4613,#4622,#4631,#4640,#4649,#4658,#4667));
#163=COLOUR_RGB('',0.156862745098039,0.156862745098039,0.156862745098039);
#164=FILL_AREA_STYLE_COLOUR('',#163);
#165=FILL_AREA_STYLE($,(#164));
#166=SURFACE_STYLE_FILL_AREA(#165);
#167=SURFACE_SIDE_STYLE('',(#166));
#168=SURFACE_STYLE_USAGE(.BOTH.,#167);
#169=PRESENTATION_STYLE_ASSIGNMENT((#168));
#170=STYLED_ITEM('',(#169),#161);
#171=MANIFOLD_SOLID_BREP('',#172);
#172=CLOSED_SHELL('',(#4676,#4685,#4694,#4703,#4712,#4721,#4730,#4739,#4748));
#173=COLOUR_RGB('',0.156862745098039,0.156862745098039,0.156862745098039);
#174=FILL_AREA_STYLE_COLOUR('',#173);
#175=FILL_AREA_STYLE($,(#174));
#176=SURFACE_STYLE_FILL_AREA(#175);
#177=SURFACE_SIDE_STYLE('',(#176));
#178=SURFACE_STYLE_USAGE(.BOTH.,#177);
#179=PRESENTATION_STYLE_ASSIGNMENT((#178));
#180=STYLED_ITEM('',(#179),#171);
#181=MANIFOLD_SOLID_BREP('',#182);
#182=CLOSED_SHELL('',(#4757,#4766,#4775,#4784,#4793,#4802,#4811,#4820,#4829));
#183=COLOUR_RGB('',0.156862745098039,0.156862745098039,0.156862745098039);
#184=FILL_AREA_STYLE_COLOUR('',#183);
#185=FILL_AREA_STYLE($,(#184));
#186=SURFACE_STYLE_FILL_AREA(#185);
#187=SURFACE_SIDE_STYLE('',(#186));
#188=SURFACE_STYLE_USAGE(.BOTH.,#187);
#189=PRESENTATION_STYLE_ASSIGNMENT((#188));
#190=STYLED_ITEM('',(#189),#181);
#191=MANIFOLD_SOLID_BREP('',#192);
#192=CLOSED_SHELL('',(#4838,#4847,#4856,#4865,#4874,#4883,#4892,#4901,#4910));
#193=COLOUR_RGB('',0.156862745098039,0.156862745098039,0.156862745098039);
#194=FILL_AREA_STYLE_COLOUR('',#193);
#195=FILL_AREA_STYLE($,(#194));
#196=SURFACE_STYLE_FILL_AREA(#195);
#197=SURFACE_SIDE_STYLE('',(#196));
#198=SURFACE_STYLE_USAGE(.BOTH.,#197);
#199=PRESENTATION_STYLE_ASSIGNMENT((#198));
#200=STYLED_ITEM('',(#199),#191);
#201=MANIFOLD_SOLID_BREP('',#202);
#202=CLOSED_SHELL('',(#4919,#4928,#4937,#4946,#4955,#4964,#4973,#4982,#4991));
#203=COLOUR_RGB('',0.156862745098039,0.156862745098039,0.156862745098039);
#204=FILL_AREA_STYLE_COLOUR('',#203);
#205=FILL_AREA_STYLE($,(#204));
#206=SURFACE_STYLE_FILL_AREA(#205);
#207=SURFACE_SIDE_STYLE('',(#206));
#208=SURFACE_STYLE_USAGE(.BOTH.,#207);
#209=PRESENTATION_STYLE_ASSIGNMENT((#208));
#210=STYLED_ITEM('',(#209),#201);
#211=MANIFOLD_SOLID_BREP('',#212);
#212=CLOSED_SHELL('',(#5000,#5009,#5018,#5027,#5036,#5045,#5054,#5063,#5072));
#213=COLOUR_RGB('',0.156862745098039,0.156862745098039,0.156862745098039);
#214=FILL_AREA_STYLE_COLOUR('',#213);
#215=FILL_AREA_STYLE($,(#214));
#216=SURFACE_STYLE_FILL_AREA(#215);
#217=SURFACE_SIDE_STYLE('',(#216));
#218=SURFACE_STYLE_USAGE(.BOTH.,#217);
#219=PRESENTATION_STYLE_ASSIGNMENT((#218));
#220=STYLED_ITEM('',(#219),#211);
#221=MANIFOLD_SOLID_BREP('',#222);
#222=CLOSED_SHELL('',(#5081,#5090,#5099,#5108,#5117,#5126,#5135,#5144,#5153));
#223=COLOUR_RGB('',0.156862745098039,0.156862745098039,0.156862745098039);
#224=FILL_AREA_STYLE_COLOUR('',#223);
#225=FILL_AREA_STYLE($,(#224));
#226=SURFACE_STYLE_FILL_AREA(#225);
#227=SURFACE_SIDE_STYLE('',(#226));
#228=SURFACE_STYLE_USAGE(.BOTH.,#227);
#229=PRESENTATION_STYLE_ASSIGNMENT((#228));
#230=STYLED_ITEM('',(#229),#221);
#231=MANIFOLD_SOLID_BREP('',#232);
#232=CLOSED_SHELL('',(#5162,#5171,#5180,#5189,#5198,#5207,#5216,#5225,#5234));
#233=COLOUR_RGB('',0.156862745098039,0.156862745098039,0.156862745098039);
#234=FILL_AREA_STYLE_COLOUR('',#233);
#235=FILL_AREA_STYLE($,(#234));
#236=SURFACE_STYLE_FILL_AREA(#235);
#237=SURFACE_SIDE_STYLE('',(#236));
#238=SURFACE_STYLE_USAGE(.BOTH.,#237);
#239=PRESENTATION_STYLE_ASSIGNMENT((#238));
#240=STYLED_ITEM('',(#239),#231);
#241=MANIFOLD_SOLID_BREP('',#242);
#242=CLOSED_SHELL('',(#5243,#5252,#5261,#5270,#5279,#5288,#5297,#5306,#5315));
#243=COLOUR_RGB('',0.156862745098039,0.156862745098039,0.156862745098039);
#244=FILL_AREA_STYLE_COLOUR('',#243);
#245=FILL_AREA_STYLE($,(#244));
#246=SURFACE_STYLE_FILL_AREA(#245);
#247=SURFACE_SIDE_STYLE('',(#246));
#248=SURFACE_STYLE_USAGE(.BOTH.,#247);
#249=PRESENTATION_STYLE_ASSIGNMENT((#248));
#250=STYLED_ITEM('',(#249),#241);
#251=MANIFOLD_SOLID_BREP('',#252);
#252=CLOSED_SHELL('',(#5324,#5333,#5342,#5351,#5360,#5369,#5378,#5387,#5396));
#253=COLOUR_RGB('',0.156862745098039,0.156862745098039,0.156862745098039);
#254=FILL_AREA_STYLE_COLOUR('',#253);
#255=FILL_AREA_STYLE($,(#254));
#256=SURFACE_STYLE_FILL_AREA(#255);
#257=SURFACE_SIDE_STYLE('',(#256));
#258=SURFACE_STYLE_USAGE(.BOTH.,#257);
#259=PRESENTATION_STYLE_ASSIGNMENT((#258));
#260=STYLED_ITEM('',(#259),#251);
#261=MANIFOLD_SOLID_BREP('',#262);
#262=CLOSED_SHELL('',(#5405,#5414,#5423,#5432,#5441,#5450,#5459,#5468,#5477));
#263=COLOUR_RGB('',0.156862745098039,0.156862745098039,0.156862745098039);
#264=FILL_AREA_STYLE_COLOUR('',#263);
#265=FILL_AREA_STYLE($,(#264));
#266=SURFACE_STYLE_FILL_AREA(#265);
#267=SURFACE_SIDE_STYLE('',(#266));
#268=SURFACE_STYLE_USAGE(.BOTH.,#267);
#269=PRESENTATION_STYLE_ASSIGNMENT((#268));
#270=STYLED_ITEM('',(#269),#261);
#271=MANIFOLD_SOLID_BREP('',#272);
#272=CLOSED_SHELL('',(#5486,#5495,#5504,#5513,#5522,#5531,#5540,#5549,#5558));
#273=COLOUR_RGB('',0.156862745098039,0.156862745098039,0.156862745098039);
#274=FILL_AREA_STYLE_COLOUR('',#273);
#275=FILL_AREA_STYLE($,(#274));
#276=SURFACE_STYLE_FILL_AREA(#275);
#277=SURFACE_SIDE_STYLE('',(#276));
#278=SURFACE_STYLE_USAGE(.BOTH.,#277);
#279=PRESENTATION_STYLE_ASSIGNMENT((#278));
#280=STYLED_ITEM('',(#279),#271);
#281=MANIFOLD_SOLID_BREP('',#282);
#282=CLOSED_SHELL('',(#5567,#5576,#5585,#5594,#5603,#5612,#5621,#5630,#5639));
#283=COLOUR_RGB('',0.156862745098039,0.156862745098039,0.156862745098039);
#284=FILL_AREA_STYLE_COLOUR('',#283);
#285=FILL_AREA_STYLE($,(#284));
#286=SURFACE_STYLE_FILL_AREA(#285);
#287=SURFACE_SIDE_STYLE('',(#286));
#288=SURFACE_STYLE_USAGE(.BOTH.,#287);
#289=PRESENTATION_STYLE_ASSIGNMENT((#288));
#290=STYLED_ITEM('',(#289),#281);
#291=MANIFOLD_SOLID_BREP('',#292);
#292=CLOSED_SHELL('',(#5648,#5657,#5666,#5675,#5684,#5693,#5702,#5711,#5720));
#293=COLOUR_RGB('',0.156862745098039,0.156862745098039,0.156862745098039);
#294=FILL_AREA_STYLE_COLOUR('',#293);
#295=FILL_AREA_STYLE($,(#294));
#296=SURFACE_STYLE_FILL_AREA(#295);
#297=SURFACE_SIDE_STYLE('',(#296));
#298=SURFACE_STYLE_USAGE(.BOTH.,#297);
#299=PRESENTATION_STYLE_ASSIGNMENT((#298));
#300=STYLED_ITEM('',(#299),#291);
#301=MANIFOLD_SOLID_BREP('',#302);
#302=CLOSED_SHELL('',(#5729,#5738,#5747,#5756,#5765,#5774,#5783,#5792,#5801));
#303=COLOUR_RGB('',0.156862745098039,0.156862745098039,0.156862745098039);
#304=FILL_AREA_STYLE_COLOUR('',#303);
#305=FILL_AREA_STYLE($,(#304));
#306=SURFACE_STYLE_FILL_AREA(#305);
#307=SURFACE_SIDE_STYLE('',(#306));
#308=SURFACE_STYLE_USAGE(.BOTH.,#307);
#309=PRESENTATION_STYLE_ASSIGNMENT((#308));
#310=STYLED_ITEM('',(#309),#301);
#311=MANIFOLD_SOLID_BREP('',#312);
#312=CLOSED_SHELL('',(#5810,#5819,#5828,#5837,#5846,#5855,#5864,#5873,#5882));
#313=COLOUR_RGB('',0.156862745098039,0.156862745098039,0.156862745098039);
#314=FILL_AREA_STYLE_COLOUR('',#313);
#315=FILL_AREA_STYLE($,(#314));
#316=SURFACE_STYLE_FILL_AREA(#315);
#317=SURFACE_SIDE_STYLE('',(#316));
#318=SURFACE_STYLE_USAGE(.BOTH.,#317);
#319=PRESENTATION_STYLE_ASSIGNMENT((#318));
#320=STYLED_ITEM('',(#319),#311);
#321=MANIFOLD_SOLID_BREP('',#322);
#322=CLOSED_SHELL('',(#5891,#5900,#5909,#5918,#5927,#5936,#5945,#5954,#5963));
#323=COLOUR_RGB('',0.156862745098039,0.156862745098039,0.156862745098039);
#324=FILL_AREA_STYLE_COLOUR('',#323);
#325=FILL_AREA_STYLE($,(#324));
#326=SURFACE_STYLE_FILL_AREA(#325);
#327=SURFACE_SIDE_STYLE('',(#326));
#328=SURFACE_STYLE_USAGE(.BOTH.,#327);
#329=PRESENTATION_STYLE_ASSIGNMENT((#328));
#330=STYLED_ITEM('',(#329),#321);
#331=MANIFOLD_SOLID_BREP('',#332);
#332=CLOSED_SHELL('',(#5972,#5981,#5990,#5999,#6008,#6017,#6026,#6035,#6044));
#333=COLOUR_RGB('',0.156862745098039,0.156862745098039,0.156862745098039);
#334=FILL_AREA_STYLE_COLOUR('',#333);
#335=FILL_AREA_STYLE($,(#334));
#336=SURFACE_STYLE_FILL_AREA(#335);
#337=SURFACE_SIDE_STYLE('',(#336));
#338=SURFACE_STYLE_USAGE(.BOTH.,#337);
#339=PRESENTATION_STYLE_ASSIGNMENT((#338));
#340=STYLED_ITEM('',(#339),#331);
#341=MANIFOLD_SOLID_BREP('',#342);
#342=CLOSED_SHELL('',(#6053,#6062,#6071,#6080,#6089,#6098,#6107,#6116,#6125));
#343=COLOUR_RGB('',0.156862745098039,0.156862745098039,0.156862745098039);
#344=FILL_AREA_STYLE_COLOUR('',#343);
#345=FILL_AREA_STYLE($,(#344));
#346=SURFACE_STYLE_FILL_AREA(#345);
#347=SURFACE_SIDE_STYLE('',(#346));
#348=SURFACE_STYLE_USAGE(.BOTH.,#347);
#349=PRESENTATION_STYLE_ASSIGNMENT((#348));
#350=STYLED_ITEM('',(#349),#341);
#351=MANIFOLD_SOLID_BREP('',#352);
#352=CLOSED_SHELL('',(#6134,#6143,#6152,#6161,#6170,#6179,#6188,#6197,#6206));
#353=COLOUR_RGB('',0.156862745098039,0.156862745098039,0.156862745098039);
#354=FILL_AREA_STYLE_COLOUR('',#353);
#355=FILL_AREA_STYLE($,(#354));
#356=SURFACE_STYLE_FILL_AREA(#355);
#357=SURFACE_SIDE_STYLE('',(#356));
#358=SURFACE_STYLE_USAGE(.BOTH.,#357);
#359=PRESENTATION_STYLE_ASSIGNMENT((#358));
#360=STYLED_ITEM('',(#359),#351);
#361=MANIFOLD_SOLID_BREP('',#362);
#362=CLOSED_SHELL('',(#6215,#6224,#6233,#6242,#6251,#6260,#6269,#6278,#6287));
#363=COLOUR_RGB('',0.156862745098039,0.156862745098039,0.156862745098039);
#364=FILL_AREA_STYLE_COLOUR('',#363);
#365=FILL_AREA_STYLE($,(#364));
#366=SURFACE_STYLE_FILL_AREA(#365);
#367=SURFACE_SIDE_STYLE('',(#366));
#368=SURFACE_STYLE_USAGE(.BOTH.,#367);
#369=PRESENTATION_STYLE_ASSIGNMENT((#368));
#370=STYLED_ITEM('',(#369),#361);
#371=MANIFOLD_SOLID_BREP('',#372);
#372=CLOSED_SHELL('',(#6296,#6305,#6314,#6323,#6332,#6341,#6350,#6359,#6368));
#373=COLOUR_RGB('',0.156862745098039,0.156862745098039,0.156862745098039);
#374=FILL_AREA_STYLE_COLOUR('',#373);
#375=FILL_AREA_STYLE($,(#374));
#376=SURFACE_STYLE_FILL_AREA(#375);
#377=SURFACE_SIDE_STYLE('',(#376));
#378=SURFACE_STYLE_USAGE(.BOTH.,#377);
#379=PRESENTATION_STYLE_ASSIGNMENT((#378));
#380=STYLED_ITEM('',(#379),#371);
#381=ADVANCED_BREP_SHAPE_REPRESENTATION('NONE',(#40,#51,#61,#71,#81,#91,#101,#111,
#121,#131,#141,#151,#161,#171,#181,#191,#201,#211,#221,#231,#241,#251,#261,#271,
#281,#291,#301,#311,#321,#331,#341,#351,#361,#371),#6);
#382=SHAPE_REPRESENTATION_RELATIONSHIP('','',#1,#381);
#383=ADVANCED_FACE('',(#6377,#6379),#6381,.F.);
#384=COLOUR_RGB('',0.156862745098039,0.156862745098039,0.156862745098039);
#385=FILL_AREA_STYLE_COLOUR('',#384);
#386=FILL_AREA_STYLE($,(#385));
#387=SURFACE_STYLE_FILL_AREA(#386);
#388=SURFACE_SIDE_STYLE('',(#387));
#389=SURFACE_STYLE_USAGE(.BOTH.,#388);
#390=PRESENTATION_STYLE_ASSIGNMENT((#389));
#391=STYLED_ITEM('',(#390),#383);
#392=ADVANCED_FACE('',(#6386,#6388),#6390,.F.);
#393=COLOUR_RGB('',0.156862745098039,0.156862745098039,0.156862745098039);
#394=FILL_AREA_STYLE_COLOUR('',#393);
#395=FILL_AREA_STYLE($,(#394));
#396=SURFACE_STYLE_FILL_AREA(#395);
#397=SURFACE_SIDE_STYLE('',(#396));
#398=SURFACE_STYLE_USAGE(.BOTH.,#397);
#399=PRESENTATION_STYLE_ASSIGNMENT((#398));
#400=STYLED_ITEM('',(#399),#392);
#401=ADVANCED_FACE('',(#6395,#6397),#6399,.F.);
#402=COLOUR_RGB('',0.156862745098039,0.156862745098039,0.156862745098039);
#403=FILL_AREA_STYLE_COLOUR('',#402);
#404=FILL_AREA_STYLE($,(#403));
#405=SURFACE_STYLE_FILL_AREA(#404);
#406=SURFACE_SIDE_STYLE('',(#405));
#407=SURFACE_STYLE_USAGE(.BOTH.,#406);
#408=PRESENTATION_STYLE_ASSIGNMENT((#407));
#409=STYLED_ITEM('',(#408),#401);
#410=ADVANCED_FACE('',(#6404,#6406),#6408,.F.);
#411=COLOUR_RGB('',0.156862745098039,0.156862745098039,0.156862745098039);
#412=FILL_AREA_STYLE_COLOUR('',#411);
#413=FILL_AREA_STYLE($,(#412));
#414=SURFACE_STYLE_FILL_AREA(#413);
#415=SURFACE_SIDE_STYLE('',(#414));
#416=SURFACE_STYLE_USAGE(.BOTH.,#415);
#417=PRESENTATION_STYLE_ASSIGNMENT((#416));
#418=STYLED_ITEM('',(#417),#410);
#419=ADVANCED_FACE('',(#6413,#6415),#6417,.F.);
#420=COLOUR_RGB('',0.156862745098039,0.156862745098039,0.156862745098039);
#421=FILL_AREA_STYLE_COLOUR('',#420);
#422=FILL_AREA_STYLE($,(#421));
#423=SURFACE_STYLE_FILL_AREA(#422);
#424=SURFACE_SIDE_STYLE('',(#423));
#425=SURFACE_STYLE_USAGE(.BOTH.,#424);
#426=PRESENTATION_STYLE_ASSIGNMENT((#425));
#427=STYLED_ITEM('',(#426),#419);
#428=ADVANCED_FACE('',(#6422,#6424),#6426,.F.);
#429=COLOUR_RGB('',0.156862745098039,0.156862745098039,0.156862745098039);
#430=FILL_AREA_STYLE_COLOUR('',#429);
#431=FILL_AREA_STYLE($,(#430));
#432=SURFACE_STYLE_FILL_AREA(#431);
#433=SURFACE_SIDE_STYLE('',(#432));
#434=SURFACE_STYLE_USAGE(.BOTH.,#433);
#435=PRESENTATION_STYLE_ASSIGNMENT((#434));
#436=STYLED_ITEM('',(#435),#428);
#437=ADVANCED_FACE('',(#6431,#6433),#6435,.F.);
#438=COLOUR_RGB('',0.156862745098039,0.156862745098039,0.156862745098039);
#439=FILL_AREA_STYLE_COLOUR('',#438);
#440=FILL_AREA_STYLE($,(#439));
#441=SURFACE_STYLE_FILL_AREA(#440);
#442=SURFACE_SIDE_STYLE('',(#441));
#443=SURFACE_STYLE_USAGE(.BOTH.,#442);
#444=PRESENTATION_STYLE_ASSIGNMENT((#443));
#445=STYLED_ITEM('',(#444),#437);
#446=ADVANCED_FACE('',(#6440,#6442),#6444,.F.);
#447=COLOUR_RGB('',0.156862745098039,0.156862745098039,0.156862745098039);
#448=FILL_AREA_STYLE_COLOUR('',#447);
#449=FILL_AREA_STYLE($,(#448));
#450=SURFACE_STYLE_FILL_AREA(#449);
#451=SURFACE_SIDE_STYLE('',(#450));
#452=SURFACE_STYLE_USAGE(.BOTH.,#451);
#453=PRESENTATION_STYLE_ASSIGNMENT((#452));
#454=STYLED_ITEM('',(#453),#446);
#455=ADVANCED_FACE('',(#6449,#6451),#6453,.F.);
#456=COLOUR_RGB('',0.156862745098039,0.156862745098039,0.156862745098039);
#457=FILL_AREA_STYLE_COLOUR('',#456);
#458=FILL_AREA_STYLE($,(#457));
#459=SURFACE_STYLE_FILL_AREA(#458);
#460=SURFACE_SIDE_STYLE('',(#459));
#461=SURFACE_STYLE_USAGE(.BOTH.,#460);
#462=PRESENTATION_STYLE_ASSIGNMENT((#461));
#463=STYLED_ITEM('',(#462),#455);
#464=ADVANCED_FACE('',(#6458,#6460),#6462,.F.);
#465=COLOUR_RGB('',0.156862745098039,0.156862745098039,0.156862745098039);
#466=FILL_AREA_STYLE_COLOUR('',#465);
#467=FILL_AREA_STYLE($,(#466));
#468=SURFACE_STYLE_FILL_AREA(#467);
#469=SURFACE_SIDE_STYLE('',(#468));
#470=SURFACE_STYLE_USAGE(.BOTH.,#469);
#471=PRESENTATION_STYLE_ASSIGNMENT((#470));
#472=STYLED_ITEM('',(#471),#464);
#473=ADVANCED_FACE('',(#6467,#6469),#6471,.F.);
#474=COLOUR_RGB('',0.156862745098039,0.156862745098039,0.156862745098039);
#475=FILL_AREA_STYLE_COLOUR('',#474);
#476=FILL_AREA_STYLE($,(#475));
#477=SURFACE_STYLE_FILL_AREA(#476);
#478=SURFACE_SIDE_STYLE('',(#477));
#479=SURFACE_STYLE_USAGE(.BOTH.,#478);
#480=PRESENTATION_STYLE_ASSIGNMENT((#479));
#481=STYLED_ITEM('',(#480),#473);
#482=ADVANCED_FACE('',(#6476,#6478),#6480,.F.);
#483=COLOUR_RGB('',0.156862745098039,0.156862745098039,0.156862745098039);
#484=FILL_AREA_STYLE_COLOUR('',#483);
#485=FILL_AREA_STYLE($,(#484));
#486=SURFACE_STYLE_FILL_AREA(#485);
#487=SURFACE_SIDE_STYLE('',(#486));
#488=SURFACE_STYLE_USAGE(.BOTH.,#487);
#489=PRESENTATION_STYLE_ASSIGNMENT((#488));
#490=STYLED_ITEM('',(#489),#482);
#491=ADVANCED_FACE('',(#6485,#6487),#6489,.F.);
#492=COLOUR_RGB('',0.156862745098039,0.156862745098039,0.156862745098039);
#493=FILL_AREA_STYLE_COLOUR('',#492);
#494=FILL_AREA_STYLE($,(#493));
#495=SURFACE_STYLE_FILL_AREA(#494);
#496=SURFACE_SIDE_STYLE('',(#495));
#497=SURFACE_STYLE_USAGE(.BOTH.,#496);
#498=PRESENTATION_STYLE_ASSIGNMENT((#497));
#499=STYLED_ITEM('',(#498),#491);
#500=ADVANCED_FACE('',(#6494,#6496),#6498,.F.);
#501=COLOUR_RGB('',0.156862745098039,0.156862745098039,0.156862745098039);
#502=FILL_AREA_STYLE_COLOUR('',#501);
#503=FILL_AREA_STYLE($,(#502));
#504=SURFACE_STYLE_FILL_AREA(#503);
#505=SURFACE_SIDE_STYLE('',(#504));
#506=SURFACE_STYLE_USAGE(.BOTH.,#505);
#507=PRESENTATION_STYLE_ASSIGNMENT((#506));
#508=STYLED_ITEM('',(#507),#500);
#509=ADVANCED_FACE('',(#6503,#6505),#6507,.F.);
#510=COLOUR_RGB('',0.156862745098039,0.156862745098039,0.156862745098039);
#511=FILL_AREA_STYLE_COLOUR('',#510);
#512=FILL_AREA_STYLE($,(#511));
#513=SURFACE_STYLE_FILL_AREA(#512);
#514=SURFACE_SIDE_STYLE('',(#513));
#515=SURFACE_STYLE_USAGE(.BOTH.,#514);
#516=PRESENTATION_STYLE_ASSIGNMENT((#515));
#517=STYLED_ITEM('',(#516),#509);
#518=ADVANCED_FACE('',(#6512,#6514),#6516,.F.);
#519=COLOUR_RGB('',0.156862745098039,0.156862745098039,0.156862745098039);
#520=FILL_AREA_STYLE_COLOUR('',#519);
#521=FILL_AREA_STYLE($,(#520));
#522=SURFACE_STYLE_FILL_AREA(#521);
#523=SURFACE_SIDE_STYLE('',(#522));
#524=SURFACE_STYLE_USAGE(.BOTH.,#523);
#525=PRESENTATION_STYLE_ASSIGNMENT((#524));
#526=STYLED_ITEM('',(#525),#518);
#527=ADVANCED_FACE('',(#6521,#6523),#6525,.F.);
#528=COLOUR_RGB('',0.156862745098039,0.156862745098039,0.156862745098039);
#529=FILL_AREA_STYLE_COLOUR('',#528);
#530=FILL_AREA_STYLE($,(#529));
#531=SURFACE_STYLE_FILL_AREA(#530);
#532=SURFACE_SIDE_STYLE('',(#531));
#533=SURFACE_STYLE_USAGE(.BOTH.,#532);
#534=PRESENTATION_STYLE_ASSIGNMENT((#533));
#535=STYLED_ITEM('',(#534),#527);
#536=ADVANCED_FACE('',(#6530,#6532),#6534,.F.);
#537=COLOUR_RGB('',0.156862745098039,0.156862745098039,0.156862745098039);
#538=FILL_AREA_STYLE_COLOUR('',#537);
#539=FILL_AREA_STYLE($,(#538));
#540=SURFACE_STYLE_FILL_AREA(#539);
#541=SURFACE_SIDE_STYLE('',(#540));
#542=SURFACE_STYLE_USAGE(.BOTH.,#541);
#543=PRESENTATION_STYLE_ASSIGNMENT((#542));
#544=STYLED_ITEM('',(#543),#536);
#545=ADVANCED_FACE('',(#6539,#6541),#6543,.F.);
#546=COLOUR_RGB('',0.156862745098039,0.156862745098039,0.156862745098039);
#547=FILL_AREA_STYLE_COLOUR('',#546);
#548=FILL_AREA_STYLE($,(#547));
#549=SURFACE_STYLE_FILL_AREA(#548);
#550=SURFACE_SIDE_STYLE('',(#549));
#551=SURFACE_STYLE_USAGE(.BOTH.,#550);
#552=PRESENTATION_STYLE_ASSIGNMENT((#551));
#553=STYLED_ITEM('',(#552),#545);
#554=ADVANCED_FACE('',(#6548,#6550),#6552,.F.);
#555=COLOUR_RGB('',0.156862745098039,0.156862745098039,0.156862745098039);
#556=FILL_AREA_STYLE_COLOUR('',#555);
#557=FILL_AREA_STYLE($,(#556));
#558=SURFACE_STYLE_FILL_AREA(#557);
#559=SURFACE_SIDE_STYLE('',(#558));
#560=SURFACE_STYLE_USAGE(.BOTH.,#559);
#561=PRESENTATION_STYLE_ASSIGNMENT((#560));
#562=STYLED_ITEM('',(#561),#554);
#563=ADVANCED_FACE('',(#6557,#6559),#6561,.F.);
#564=COLOUR_RGB('',0.156862745098039,0.156862745098039,0.156862745098039);
#565=FILL_AREA_STYLE_COLOUR('',#564);
#566=FILL_AREA_STYLE($,(#565));
#567=SURFACE_STYLE_FILL_AREA(#566);
#568=SURFACE_SIDE_STYLE('',(#567));
#569=SURFACE_STYLE_USAGE(.BOTH.,#568);
#570=PRESENTATION_STYLE_ASSIGNMENT((#569));
#571=STYLED_ITEM('',(#570),#563);
#572=ADVANCED_FACE('',(#6566,#6568),#6570,.F.);
#573=COLOUR_RGB('',0.156862745098039,0.156862745098039,0.156862745098039);
#574=FILL_AREA_STYLE_COLOUR('',#573);
#575=FILL_AREA_STYLE($,(#574));
#576=SURFACE_STYLE_FILL_AREA(#575);
#577=SURFACE_SIDE_STYLE('',(#576));
#578=SURFACE_STYLE_USAGE(.BOTH.,#577);
#579=PRESENTATION_STYLE_ASSIGNMENT((#578));
#580=STYLED_ITEM('',(#579),#572);
#581=ADVANCED_FACE('',(#6575,#6577),#6579,.F.);
#582=COLOUR_RGB('',0.156862745098039,0.156862745098039,0.156862745098039);
#583=FILL_AREA_STYLE_COLOUR('',#582);
#584=FILL_AREA_STYLE($,(#583));
#585=SURFACE_STYLE_FILL_AREA(#584);
#586=SURFACE_SIDE_STYLE('',(#585));
#587=SURFACE_STYLE_USAGE(.BOTH.,#586);
#588=PRESENTATION_STYLE_ASSIGNMENT((#587));
#589=STYLED_ITEM('',(#588),#581);
#590=ADVANCED_FACE('',(#6584,#6586),#6588,.F.);
#591=COLOUR_RGB('',0.156862745098039,0.156862745098039,0.156862745098039);
#592=FILL_AREA_STYLE_COLOUR('',#591);
#593=FILL_AREA_STYLE($,(#592));
#594=SURFACE_STYLE_FILL_AREA(#593);
#595=SURFACE_SIDE_STYLE('',(#594));
#596=SURFACE_STYLE_USAGE(.BOTH.,#595);
#597=PRESENTATION_STYLE_ASSIGNMENT((#596));
#598=STYLED_ITEM('',(#597),#590);
#599=ADVANCED_FACE('',(#6593,#6595),#6597,.F.);
#600=COLOUR_RGB('',0.156862745098039,0.156862745098039,0.156862745098039);
#601=FILL_AREA_STYLE_COLOUR('',#600);
#602=FILL_AREA_STYLE($,(#601));
#603=SURFACE_STYLE_FILL_AREA(#602);
#604=SURFACE_SIDE_STYLE('',(#603));
#605=SURFACE_STYLE_USAGE(.BOTH.,#604);
#606=PRESENTATION_STYLE_ASSIGNMENT((#605));
#607=STYLED_ITEM('',(#606),#599);
#608=ADVANCED_FACE('',(#6602,#6604),#6606,.F.);
#609=COLOUR_RGB('',0.156862745098039,0.156862745098039,0.156862745098039);
#610=FILL_AREA_STYLE_COLOUR('',#609);
#611=FILL_AREA_STYLE($,(#610));
#612=SURFACE_STYLE_FILL_AREA(#611);
#613=SURFACE_SIDE_STYLE('',(#612));
#614=SURFACE_STYLE_USAGE(.BOTH.,#613);
#615=PRESENTATION_STYLE_ASSIGNMENT((#614));
#616=STYLED_ITEM('',(#615),#608);
#617=ADVANCED_FACE('',(#6611,#6613),#6615,.F.);
#618=COLOUR_RGB('',0.156862745098039,0.156862745098039,0.156862745098039);
#619=FILL_AREA_STYLE_COLOUR('',#618);
#620=FILL_AREA_STYLE($,(#619));
#621=SURFACE_STYLE_FILL_AREA(#620);
#622=SURFACE_SIDE_STYLE('',(#621));
#623=SURFACE_STYLE_USAGE(.BOTH.,#622);
#624=PRESENTATION_STYLE_ASSIGNMENT((#623));
#625=STYLED_ITEM('',(#624),#617);
#626=ADVANCED_FACE('',(#6620,#6622),#6624,.F.);
#627=COLOUR_RGB('',0.156862745098039,0.156862745098039,0.156862745098039);
#628=FILL_AREA_STYLE_COLOUR('',#627);
#629=FILL_AREA_STYLE($,(#628));
#630=SURFACE_STYLE_FILL_AREA(#629);
#631=SURFACE_SIDE_STYLE('',(#630));
#632=SURFACE_STYLE_USAGE(.BOTH.,#631);
#633=PRESENTATION_STYLE_ASSIGNMENT((#632));
#634=STYLED_ITEM('',(#633),#626);
#635=ADVANCED_FACE('',(#6629,#6631),#6633,.F.);
#636=COLOUR_RGB('',0.156862745098039,0.156862745098039,0.156862745098039);
#637=FILL_AREA_STYLE_COLOUR('',#636);
#638=FILL_AREA_STYLE($,(#637));
#639=SURFACE_STYLE_FILL_AREA(#638);
#640=SURFACE_SIDE_STYLE('',(#639));
#641=SURFACE_STYLE_USAGE(.BOTH.,#640);
#642=PRESENTATION_STYLE_ASSIGNMENT((#641));
#643=STYLED_ITEM('',(#642),#635);
#644=ADVANCED_FACE('',(#6638,#6640),#6642,.F.);
#645=COLOUR_RGB('',0.156862745098039,0.156862745098039,0.156862745098039);
#646=FILL_AREA_STYLE_COLOUR('',#645);
#647=FILL_AREA_STYLE($,(#646));
#648=SURFACE_STYLE_FILL_AREA(#647);
#649=SURFACE_SIDE_STYLE('',(#648));
#650=SURFACE_STYLE_USAGE(.BOTH.,#649);
#651=PRESENTATION_STYLE_ASSIGNMENT((#650));
#652=STYLED_ITEM('',(#651),#644);
#653=ADVANCED_FACE('',(#6647,#6649),#6651,.F.);
#654=COLOUR_RGB('',0.156862745098039,0.156862745098039,0.156862745098039);
#655=FILL_AREA_STYLE_COLOUR('',#654);
#656=FILL_AREA_STYLE($,(#655));
#657=SURFACE_STYLE_FILL_AREA(#656);
#658=SURFACE_SIDE_STYLE('',(#657));
#659=SURFACE_STYLE_USAGE(.BOTH.,#658);
#660=PRESENTATION_STYLE_ASSIGNMENT((#659));
#661=STYLED_ITEM('',(#660),#653);
#662=ADVANCED_FACE('',(#6656,#6658),#6660,.F.);
#663=COLOUR_RGB('',0.156862745098039,0.156862745098039,0.156862745098039);
#664=FILL_AREA_STYLE_COLOUR('',#663);
#665=FILL_AREA_STYLE($,(#664));
#666=SURFACE_STYLE_FILL_AREA(#665);
#667=SURFACE_SIDE_STYLE('',(#666));
#668=SURFACE_STYLE_USAGE(.BOTH.,#667);
#669=PRESENTATION_STYLE_ASSIGNMENT((#668));
#670=STYLED_ITEM('',(#669),#662);
#671=ADVANCED_FACE('',(#6665,#6667,#6669,#6671,#6673,#6675,#6677,#6679,#6681,#6683,
#6685,#6687,#6689,#6691,#6693,#6695,#6697,#6699,#6701,#6703,#6705,#6707,#6709,#6711,
#6713,#6715,#6717,#6719,#6721,#6723,#6725,#6727,#6729,#6731),#6733,.T.);
#672=COLOUR_RGB('',0.156862745098039,0.156862745098039,0.156862745098039);
#673=FILL_AREA_STYLE_COLOUR('',#672);
#674=FILL_AREA_STYLE($,(#673));
#675=SURFACE_STYLE_FILL_AREA(#674);
#676=SURFACE_SIDE_STYLE('',(#675));
#677=SURFACE_STYLE_USAGE(.BOTH.,#676);
#678=PRESENTATION_STYLE_ASSIGNMENT((#677));
#679=STYLED_ITEM('',(#678),#671);
#680=ADVANCED_FACE('',(#6738,#6740),#6742,.T.);
#681=COLOUR_RGB('',0.156862745098039,0.156862745098039,0.156862745098039);
#682=FILL_AREA_STYLE_COLOUR('',#681);
#683=FILL_AREA_STYLE($,(#682));
#684=SURFACE_STYLE_FILL_AREA(#683);
#685=SURFACE_SIDE_STYLE('',(#684));
#686=SURFACE_STYLE_USAGE(.BOTH.,#685);
#687=PRESENTATION_STYLE_ASSIGNMENT((#686));
#688=STYLED_ITEM('',(#687),#680);
#689=ADVANCED_FACE('',(#6747,#6749),#6751,.F.);
#690=COLOUR_RGB('',0.156862745098039,0.156862745098039,0.156862745098039);
#691=FILL_AREA_STYLE_COLOUR('',#690);
#692=FILL_AREA_STYLE($,(#691));
#693=SURFACE_STYLE_FILL_AREA(#692);
#694=SURFACE_SIDE_STYLE('',(#693));
#695=SURFACE_STYLE_USAGE(.BOTH.,#694);
#696=PRESENTATION_STYLE_ASSIGNMENT((#695));
#697=STYLED_ITEM('',(#696),#689);
#698=ADVANCED_FACE('',(#6756,#6758),#6760,.T.);
#699=COLOUR_RGB('',0.156862745098039,0.156862745098039,0.156862745098039);
#700=FILL_AREA_STYLE_COLOUR('',#699);
#701=FILL_AREA_STYLE($,(#700));
#702=SURFACE_STYLE_FILL_AREA(#701);
#703=SURFACE_SIDE_STYLE('',(#702));
#704=SURFACE_STYLE_USAGE(.BOTH.,#703);
#705=PRESENTATION_STYLE_ASSIGNMENT((#704));
#706=STYLED_ITEM('',(#705),#698);
#707=ADVANCED_FACE('',(#6765,#6767),#6769,.F.);
#708=COLOUR_RGB('',0.156862745098039,0.156862745098039,0.156862745098039);
#709=FILL_AREA_STYLE_COLOUR('',#708);
#710=FILL_AREA_STYLE($,(#709));
#711=SURFACE_STYLE_FILL_AREA(#710);
#712=SURFACE_SIDE_STYLE('',(#711));
#713=SURFACE_STYLE_USAGE(.BOTH.,#712);
#714=PRESENTATION_STYLE_ASSIGNMENT((#713));
#715=STYLED_ITEM('',(#714),#707);
#716=ADVANCED_FACE('',(#6774,#6776),#6778,.T.);
#717=COLOUR_RGB('',0.156862745098039,0.156862745098039,0.156862745098039);
#718=FILL_AREA_STYLE_COLOUR('',#717);
#719=FILL_AREA_STYLE($,(#718));
#720=SURFACE_STYLE_FILL_AREA(#719);
#721=SURFACE_SIDE_STYLE('',(#720));
#722=SURFACE_STYLE_USAGE(.BOTH.,#721);
#723=PRESENTATION_STYLE_ASSIGNMENT((#722));
#724=STYLED_ITEM('',(#723),#716);
#725=ADVANCED_FACE('',(#6783,#6785),#6787,.F.);
#726=COLOUR_RGB('',0.156862745098039,0.156862745098039,0.156862745098039);
#727=FILL_AREA_STYLE_COLOUR('',#726);
#728=FILL_AREA_STYLE($,(#727));
#729=SURFACE_STYLE_FILL_AREA(#728);
#730=SURFACE_SIDE_STYLE('',(#729));
#731=SURFACE_STYLE_USAGE(.BOTH.,#730);
#732=PRESENTATION_STYLE_ASSIGNMENT((#731));
#733=STYLED_ITEM('',(#732),#725);
#734=ADVANCED_FACE('',(#6792,#6794),#6796,.T.);
#735=COLOUR_RGB('',0.156862745098039,0.156862745098039,0.156862745098039);
#736=FILL_AREA_STYLE_COLOUR('',#735);
#737=FILL_AREA_STYLE($,(#736));
#738=SURFACE_STYLE_FILL_AREA(#737);
#739=SURFACE_SIDE_STYLE('',(#738));
#740=SURFACE_STYLE_USAGE(.BOTH.,#739);
#741=PRESENTATION_STYLE_ASSIGNMENT((#740));
#742=STYLED_ITEM('',(#741),#734);
#743=ADVANCED_FACE('',(#6801,#6803),#6805,.F.);
#744=COLOUR_RGB('',0.156862745098039,0.156862745098039,0.156862745098039);
#745=FILL_AREA_STYLE_COLOUR('',#744);
#746=FILL_AREA_STYLE($,(#745));
#747=SURFACE_STYLE_FILL_AREA(#746);
#748=SURFACE_SIDE_STYLE('',(#747));
#749=SURFACE_STYLE_USAGE(.BOTH.,#748);
#750=PRESENTATION_STYLE_ASSIGNMENT((#749));
#751=STYLED_ITEM('',(#750),#743);
#752=ADVANCED_FACE('',(#6810,#6812),#6814,.T.);
#753=COLOUR_RGB('',0.156862745098039,0.156862745098039,0.156862745098039);
#754=FILL_AREA_STYLE_COLOUR('',#753);
#755=FILL_AREA_STYLE($,(#754));
#756=SURFACE_STYLE_FILL_AREA(#755);
#757=SURFACE_SIDE_STYLE('',(#756));
#758=SURFACE_STYLE_USAGE(.BOTH.,#757);
#759=PRESENTATION_STYLE_ASSIGNMENT((#758));
#760=STYLED_ITEM('',(#759),#752);
#761=ADVANCED_FACE('',(#6819,#6821),#6823,.F.);
#762=COLOUR_RGB('',0.156862745098039,0.156862745098039,0.156862745098039);
#763=FILL_AREA_STYLE_COLOUR('',#762);
#764=FILL_AREA_STYLE($,(#763));
#765=SURFACE_STYLE_FILL_AREA(#764);
#766=SURFACE_SIDE_STYLE('',(#765));
#767=SURFACE_STYLE_USAGE(.BOTH.,#766);
#768=PRESENTATION_STYLE_ASSIGNMENT((#767));
#769=STYLED_ITEM('',(#768),#761);
#770=ADVANCED_FACE('',(#6828,#6830),#6832,.T.);
#771=COLOUR_RGB('',0.156862745098039,0.156862745098039,0.156862745098039);
#772=FILL_AREA_STYLE_COLOUR('',#771);
#773=FILL_AREA_STYLE($,(#772));
#774=SURFACE_STYLE_FILL_AREA(#773);
#775=SURFACE_SIDE_STYLE('',(#774));
#776=SURFACE_STYLE_USAGE(.BOTH.,#775);
#777=PRESENTATION_STYLE_ASSIGNMENT((#776));
#778=STYLED_ITEM('',(#777),#770);
#779=ADVANCED_FACE('',(#6837,#6839),#6841,.F.);
#780=COLOUR_RGB('',0.156862745098039,0.156862745098039,0.156862745098039);
#781=FILL_AREA_STYLE_COLOUR('',#780);
#782=FILL_AREA_STYLE($,(#781));
#783=SURFACE_STYLE_FILL_AREA(#782);
#784=SURFACE_SIDE_STYLE('',(#783));
#785=SURFACE_STYLE_USAGE(.BOTH.,#784);
#786=PRESENTATION_STYLE_ASSIGNMENT((#785));
#787=STYLED_ITEM('',(#786),#779);
#788=ADVANCED_FACE('',(#6846,#6848),#6850,.T.);
#789=COLOUR_RGB('',0.156862745098039,0.156862745098039,0.156862745098039);
#790=FILL_AREA_STYLE_COLOUR('',#789);
#791=FILL_AREA_STYLE($,(#790));
#792=SURFACE_STYLE_FILL_AREA(#791);
#793=SURFACE_SIDE_STYLE('',(#792));
#794=SURFACE_STYLE_USAGE(.BOTH.,#793);
#795=PRESENTATION_STYLE_ASSIGNMENT((#794));
#796=STYLED_ITEM('',(#795),#788);
#797=ADVANCED_FACE('',(#6855,#6857),#6859,.F.);
#798=COLOUR_RGB('',0.156862745098039,0.156862745098039,0.156862745098039);
#799=FILL_AREA_STYLE_COLOUR('',#798);
#800=FILL_AREA_STYLE($,(#799));
#801=SURFACE_STYLE_FILL_AREA(#800);
#802=SURFACE_SIDE_STYLE('',(#801));
#803=SURFACE_STYLE_USAGE(.BOTH.,#802);
#804=PRESENTATION_STYLE_ASSIGNMENT((#803));
#805=STYLED_ITEM('',(#804),#797);
#806=ADVANCED_FACE('',(#6864,#6866),#6868,.T.);
#807=COLOUR_RGB('',0.156862745098039,0.156862745098039,0.156862745098039);
#808=FILL_AREA_STYLE_COLOUR('',#807);
#809=FILL_AREA_STYLE($,(#808));
#810=SURFACE_STYLE_FILL_AREA(#809);
#811=SURFACE_SIDE_STYLE('',(#810));
#812=SURFACE_STYLE_USAGE(.BOTH.,#811);
#813=PRESENTATION_STYLE_ASSIGNMENT((#812));
#814=STYLED_ITEM('',(#813),#806);
#815=ADVANCED_FACE('',(#6873,#6875),#6877,.F.);
#816=COLOUR_RGB('',0.156862745098039,0.156862745098039,0.156862745098039);
#817=FILL_AREA_STYLE_COLOUR('',#816);
#818=FILL_AREA_STYLE($,(#817));
#819=SURFACE_STYLE_FILL_AREA(#818);
#820=SURFACE_SIDE_STYLE('',(#819));
#821=SURFACE_STYLE_USAGE(.BOTH.,#820);
#822=PRESENTATION_STYLE_ASSIGNMENT((#821));
#823=STYLED_ITEM('',(#822),#815);
#824=ADVANCED_FACE('',(#6882,#6884),#6886,.T.);
#825=COLOUR_RGB('',0.156862745098039,0.156862745098039,0.156862745098039);
#826=FILL_AREA_STYLE_COLOUR('',#825);
#827=FILL_AREA_STYLE($,(#826));
#828=SURFACE_STYLE_FILL_AREA(#827);
#829=SURFACE_SIDE_STYLE('',(#828));
#830=SURFACE_STYLE_USAGE(.BOTH.,#829);
#831=PRESENTATION_STYLE_ASSIGNMENT((#830));
#832=STYLED_ITEM('',(#831),#824);
#833=ADVANCED_FACE('',(#6891,#6893),#6895,.F.);
#834=COLOUR_RGB('',0.156862745098039,0.156862745098039,0.156862745098039);
#835=FILL_AREA_STYLE_COLOUR('',#834);
#836=FILL_AREA_STYLE($,(#835));
#837=SURFACE_STYLE_FILL_AREA(#836);
#838=SURFACE_SIDE_STYLE('',(#837));
#839=SURFACE_STYLE_USAGE(.BOTH.,#838);
#840=PRESENTATION_STYLE_ASSIGNMENT((#839));
#841=STYLED_ITEM('',(#840),#833);
#842=ADVANCED_FACE('',(#6900,#6902),#6904,.T.);
#843=COLOUR_RGB('',0.156862745098039,0.156862745098039,0.156862745098039);
#844=FILL_AREA_STYLE_COLOUR('',#843);
#845=FILL_AREA_STYLE($,(#844));
#846=SURFACE_STYLE_FILL_AREA(#845);
#847=SURFACE_SIDE_STYLE('',(#846));
#848=SURFACE_STYLE_USAGE(.BOTH.,#847);
#849=PRESENTATION_STYLE_ASSIGNMENT((#848));
#850=STYLED_ITEM('',(#849),#842);
#851=ADVANCED_FACE('',(#6909,#6911),#6913,.F.);
#852=COLOUR_RGB('',0.156862745098039,0.156862745098039,0.156862745098039);
#853=FILL_AREA_STYLE_COLOUR('',#852);
#854=FILL_AREA_STYLE($,(#853));
#855=SURFACE_STYLE_FILL_AREA(#854);
#856=SURFACE_SIDE_STYLE('',(#855));
#857=SURFACE_STYLE_USAGE(.BOTH.,#856);
#858=PRESENTATION_STYLE_ASSIGNMENT((#857));
#859=STYLED_ITEM('',(#858),#851);
#860=ADVANCED_FACE('',(#6918,#6920),#6922,.T.);
#861=COLOUR_RGB('',0.156862745098039,0.156862745098039,0.156862745098039);
#862=FILL_AREA_STYLE_COLOUR('',#861);
#863=FILL_AREA_STYLE($,(#862));
#864=SURFACE_STYLE_FILL_AREA(#863);
#865=SURFACE_SIDE_STYLE('',(#864));
#866=SURFACE_STYLE_USAGE(.BOTH.,#865);
#867=PRESENTATION_STYLE_ASSIGNMENT((#866));
#868=STYLED_ITEM('',(#867),#860);
#869=ADVANCED_FACE('',(#6927,#6929),#6931,.F.);
#870=COLOUR_RGB('',0.156862745098039,0.156862745098039,0.156862745098039);
#871=FILL_AREA_STYLE_COLOUR('',#870);
#872=FILL_AREA_STYLE($,(#871));
#873=SURFACE_STYLE_FILL_AREA(#872);
#874=SURFACE_SIDE_STYLE('',(#873));
#875=SURFACE_STYLE_USAGE(.BOTH.,#874);
#876=PRESENTATION_STYLE_ASSIGNMENT((#875));
#877=STYLED_ITEM('',(#876),#869);
#878=ADVANCED_FACE('',(#6936,#6938),#6940,.T.);
#879=COLOUR_RGB('',0.156862745098039,0.156862745098039,0.156862745098039);
#880=FILL_AREA_STYLE_COLOUR('',#879);
#881=FILL_AREA_STYLE($,(#880));
#882=SURFACE_STYLE_FILL_AREA(#881);
#883=SURFACE_SIDE_STYLE('',(#882));
#884=SURFACE_STYLE_USAGE(.BOTH.,#883);
#885=PRESENTATION_STYLE_ASSIGNMENT((#884));
#886=STYLED_ITEM('',(#885),#878);
#887=ADVANCED_FACE('',(#6945,#6947),#6949,.F.);
#888=COLOUR_RGB('',0.156862745098039,0.156862745098039,0.156862745098039);
#889=FILL_AREA_STYLE_COLOUR('',#888);
#890=FILL_AREA_STYLE($,(#889));
#891=SURFACE_STYLE_FILL_AREA(#890);
#892=SURFACE_SIDE_STYLE('',(#891));
#893=SURFACE_STYLE_USAGE(.BOTH.,#892);
#894=PRESENTATION_STYLE_ASSIGNMENT((#893));
#895=STYLED_ITEM('',(#894),#887);
#896=ADVANCED_FACE('',(#6954,#6956),#6958,.T.);
#897=COLOUR_RGB('',0.156862745098039,0.156862745098039,0.156862745098039);
#898=FILL_AREA_STYLE_COLOUR('',#897);
#899=FILL_AREA_STYLE($,(#898));
#900=SURFACE_STYLE_FILL_AREA(#899);
#901=SURFACE_SIDE_STYLE('',(#900));
#902=SURFACE_STYLE_USAGE(.BOTH.,#901);
#903=PRESENTATION_STYLE_ASSIGNMENT((#902));
#904=STYLED_ITEM('',(#903),#896);
#905=ADVANCED_FACE('',(#6963,#6965),#6967,.F.);
#906=COLOUR_RGB('',0.156862745098039,0.156862745098039,0.156862745098039);
#907=FILL_AREA_STYLE_COLOUR('',#906);
#908=FILL_AREA_STYLE($,(#907));
#909=SURFACE_STYLE_FILL_AREA(#908);
#910=SURFACE_SIDE_STYLE('',(#909));
#911=SURFACE_STYLE_USAGE(.BOTH.,#910);
#912=PRESENTATION_STYLE_ASSIGNMENT((#911));
#913=STYLED_ITEM('',(#912),#905);
#914=ADVANCED_FACE('',(#6972,#6974),#6976,.T.);
#915=COLOUR_RGB('',0.156862745098039,0.156862745098039,0.156862745098039);
#916=FILL_AREA_STYLE_COLOUR('',#915);
#917=FILL_AREA_STYLE($,(#916));
#918=SURFACE_STYLE_FILL_AREA(#917);
#919=SURFACE_SIDE_STYLE('',(#918));
#920=SURFACE_STYLE_USAGE(.BOTH.,#919);
#921=PRESENTATION_STYLE_ASSIGNMENT((#920));
#922=STYLED_ITEM('',(#921),#914);
#923=ADVANCED_FACE('',(#6981,#6983),#6985,.F.);
#924=COLOUR_RGB('',0.156862745098039,0.156862745098039,0.156862745098039);
#925=FILL_AREA_STYLE_COLOUR('',#924);
#926=FILL_AREA_STYLE($,(#925));
#927=SURFACE_STYLE_FILL_AREA(#926);
#928=SURFACE_SIDE_STYLE('',(#927));
#929=SURFACE_STYLE_USAGE(.BOTH.,#928);
#930=PRESENTATION_STYLE_ASSIGNMENT((#929));
#931=STYLED_ITEM('',(#930),#923);
#932=ADVANCED_FACE('',(#6990,#6992),#6994,.T.);
#933=COLOUR_RGB('',0.156862745098039,0.156862745098039,0.156862745098039);
#934=FILL_AREA_STYLE_COLOUR('',#933);
#935=FILL_AREA_STYLE($,(#934));
#936=SURFACE_STYLE_FILL_AREA(#935);
#937=SURFACE_SIDE_STYLE('',(#936));
#938=SURFACE_STYLE_USAGE(.BOTH.,#937);
#939=PRESENTATION_STYLE_ASSIGNMENT((#938));
#940=STYLED_ITEM('',(#939),#932);
#941=ADVANCED_FACE('',(#6999,#7001),#7003,.F.);
#942=COLOUR_RGB('',0.156862745098039,0.156862745098039,0.156862745098039);
#943=FILL_AREA_STYLE_COLOUR('',#942);
#944=FILL_AREA_STYLE($,(#943));
#945=SURFACE_STYLE_FILL_AREA(#944);
#946=SURFACE_SIDE_STYLE('',(#945));
#947=SURFACE_STYLE_USAGE(.BOTH.,#946);
#948=PRESENTATION_STYLE_ASSIGNMENT((#947));
#949=STYLED_ITEM('',(#948),#941);
#950=ADVANCED_FACE('',(#7008,#7010),#7012,.T.);
#951=COLOUR_RGB('',0.156862745098039,0.156862745098039,0.156862745098039);
#952=FILL_AREA_STYLE_COLOUR('',#951);
#953=FILL_AREA_STYLE($,(#952));
#954=SURFACE_STYLE_FILL_AREA(#953);
#955=SURFACE_SIDE_STYLE('',(#954));
#956=SURFACE_STYLE_USAGE(.BOTH.,#955);
#957=PRESENTATION_STYLE_ASSIGNMENT((#956));
#958=STYLED_ITEM('',(#957),#950);
#959=ADVANCED_FACE('',(#7017,#7019),#7021,.F.);
#960=COLOUR_RGB('',0.156862745098039,0.156862745098039,0.156862745098039);
#961=FILL_AREA_STYLE_COLOUR('',#960);
#962=FILL_AREA_STYLE($,(#961));
#963=SURFACE_STYLE_FILL_AREA(#962);
#964=SURFACE_SIDE_STYLE('',(#963));
#965=SURFACE_STYLE_USAGE(.BOTH.,#964);
#966=PRESENTATION_STYLE_ASSIGNMENT((#965));
#967=STYLED_ITEM('',(#966),#959);
#968=ADVANCED_FACE('',(#7026,#7028),#7030,.T.);
#969=COLOUR_RGB('',0.156862745098039,0.156862745098039,0.156862745098039);
#970=FILL_AREA_STYLE_COLOUR('',#969);
#971=FILL_AREA_STYLE($,(#970));
#972=SURFACE_STYLE_FILL_AREA(#971);
#973=SURFACE_SIDE_STYLE('',(#972));
#974=SURFACE_STYLE_USAGE(.BOTH.,#973);
#975=PRESENTATION_STYLE_ASSIGNMENT((#974));
#976=STYLED_ITEM('',(#975),#968);
#977=ADVANCED_FACE('',(#7035,#7037),#7039,.F.);
#978=COLOUR_RGB('',0.156862745098039,0.156862745098039,0.156862745098039);
#979=FILL_AREA_STYLE_COLOUR('',#978);
#980=FILL_AREA_STYLE($,(#979));
#981=SURFACE_STYLE_FILL_AREA(#980);
#982=SURFACE_SIDE_STYLE('',(#981));
#983=SURFACE_STYLE_USAGE(.BOTH.,#982);
#984=PRESENTATION_STYLE_ASSIGNMENT((#983));
#985=STYLED_ITEM('',(#984),#977);
#986=ADVANCED_FACE('',(#7044,#7046),#7048,.T.);
#987=COLOUR_RGB('',0.156862745098039,0.156862745098039,0.156862745098039);
#988=FILL_AREA_STYLE_COLOUR('',#987);
#989=FILL_AREA_STYLE($,(#988));
#990=SURFACE_STYLE_FILL_AREA(#989);
#991=SURFACE_SIDE_STYLE('',(#990));
#992=SURFACE_STYLE_USAGE(.BOTH.,#991);
#993=PRESENTATION_STYLE_ASSIGNMENT((#992));
#994=STYLED_ITEM('',(#993),#986);
#995=ADVANCED_FACE('',(#7053,#7055),#7057,.F.);
#996=COLOUR_RGB('',0.156862745098039,0.156862745098039,0.156862745098039);
#997=FILL_AREA_STYLE_COLOUR('',#996);
#998=FILL_AREA_STYLE($,(#997));
#999=SURFACE_STYLE_FILL_AREA(#998);
#1000=SURFACE_SIDE_STYLE('',(#999));
#1001=SURFACE_STYLE_USAGE(.BOTH.,#1000);
#1002=PRESENTATION_STYLE_ASSIGNMENT((#1001));
#1003=STYLED_ITEM('',(#1002),#995);
#1004=ADVANCED_FACE('',(#7062,#7064),#7066,.T.);
#1005=COLOUR_RGB('',0.156862745098039,0.156862745098039,0.156862745098039);
#1006=FILL_AREA_STYLE_COLOUR('',#1005);
#1007=FILL_AREA_STYLE($,(#1006));
#1008=SURFACE_STYLE_FILL_AREA(#1007);
#1009=SURFACE_SIDE_STYLE('',(#1008));
#1010=SURFACE_STYLE_USAGE(.BOTH.,#1009);
#1011=PRESENTATION_STYLE_ASSIGNMENT((#1010));
#1012=STYLED_ITEM('',(#1011),#1004);
#1013=ADVANCED_FACE('',(#7071,#7073),#7075,.F.);
#1014=COLOUR_RGB('',0.156862745098039,0.156862745098039,0.156862745098039);
#1015=FILL_AREA_STYLE_COLOUR('',#1014);
#1016=FILL_AREA_STYLE($,(#1015));
#1017=SURFACE_STYLE_FILL_AREA(#1016);
#1018=SURFACE_SIDE_STYLE('',(#1017));
#1019=SURFACE_STYLE_USAGE(.BOTH.,#1018);
#1020=PRESENTATION_STYLE_ASSIGNMENT((#1019));
#1021=STYLED_ITEM('',(#1020),#1013);
#1022=ADVANCED_FACE('',(#7080,#7082),#7084,.T.);
#1023=COLOUR_RGB('',0.156862745098039,0.156862745098039,0.156862745098039);
#1024=FILL_AREA_STYLE_COLOUR('',#1023);
#1025=FILL_AREA_STYLE($,(#1024));
#1026=SURFACE_STYLE_FILL_AREA(#1025);
#1027=SURFACE_SIDE_STYLE('',(#1026));
#1028=SURFACE_STYLE_USAGE(.BOTH.,#1027);
#1029=PRESENTATION_STYLE_ASSIGNMENT((#1028));
#1030=STYLED_ITEM('',(#1029),#1022);
#1031=ADVANCED_FACE('',(#7089,#7091),#7093,.F.);
#1032=COLOUR_RGB('',0.156862745098039,0.156862745098039,0.156862745098039);
#1033=FILL_AREA_STYLE_COLOUR('',#1032);
#1034=FILL_AREA_STYLE($,(#1033));
#1035=SURFACE_STYLE_FILL_AREA(#1034);
#1036=SURFACE_SIDE_STYLE('',(#1035));
#1037=SURFACE_STYLE_USAGE(.BOTH.,#1036);
#1038=PRESENTATION_STYLE_ASSIGNMENT((#1037));
#1039=STYLED_ITEM('',(#1038),#1031);
#1040=ADVANCED_FACE('',(#7098,#7100),#7102,.T.);
#1041=COLOUR_RGB('',0.156862745098039,0.156862745098039,0.156862745098039);
#1042=FILL_AREA_STYLE_COLOUR('',#1041);
#1043=FILL_AREA_STYLE($,(#1042));
#1044=SURFACE_STYLE_FILL_AREA(#1043);
#1045=SURFACE_SIDE_STYLE('',(#1044));
#1046=SURFACE_STYLE_USAGE(.BOTH.,#1045);
#1047=PRESENTATION_STYLE_ASSIGNMENT((#1046));
#1048=STYLED_ITEM('',(#1047),#1040);
#1049=ADVANCED_FACE('',(#7107,#7109),#7111,.F.);
#1050=COLOUR_RGB('',0.156862745098039,0.156862745098039,0.156862745098039);
#1051=FILL_AREA_STYLE_COLOUR('',#1050);
#1052=FILL_AREA_STYLE($,(#1051));
#1053=SURFACE_STYLE_FILL_AREA(#1052);
#1054=SURFACE_SIDE_STYLE('',(#1053));
#1055=SURFACE_STYLE_USAGE(.BOTH.,#1054);
#1056=PRESENTATION_STYLE_ASSIGNMENT((#1055));
#1057=STYLED_ITEM('',(#1056),#1049);
#1058=ADVANCED_FACE('',(#7116,#7118),#7120,.T.);
#1059=COLOUR_RGB('',0.156862745098039,0.156862745098039,0.156862745098039);
#1060=FILL_AREA_STYLE_COLOUR('',#1059);
#1061=FILL_AREA_STYLE($,(#1060));
#1062=SURFACE_STYLE_FILL_AREA(#1061);
#1063=SURFACE_SIDE_STYLE('',(#1062));
#1064=SURFACE_STYLE_USAGE(.BOTH.,#1063);
#1065=PRESENTATION_STYLE_ASSIGNMENT((#1064));
#1066=STYLED_ITEM('',(#1065),#1058);
#1067=ADVANCED_FACE('',(#7125,#7127),#7129,.F.);
#1068=COLOUR_RGB('',0.156862745098039,0.156862745098039,0.156862745098039);
#1069=FILL_AREA_STYLE_COLOUR('',#1068);
#1070=FILL_AREA_STYLE($,(#1069));
#1071=SURFACE_STYLE_FILL_AREA(#1070);
#1072=SURFACE_SIDE_STYLE('',(#1071));
#1073=SURFACE_STYLE_USAGE(.BOTH.,#1072);
#1074=PRESENTATION_STYLE_ASSIGNMENT((#1073));
#1075=STYLED_ITEM('',(#1074),#1067);
#1076=ADVANCED_FACE('',(#7134,#7136),#7138,.T.);
#1077=COLOUR_RGB('',0.156862745098039,0.156862745098039,0.156862745098039);
#1078=FILL_AREA_STYLE_COLOUR('',#1077);
#1079=FILL_AREA_STYLE($,(#1078));
#1080=SURFACE_STYLE_FILL_AREA(#1079);
#1081=SURFACE_SIDE_STYLE('',(#1080));
#1082=SURFACE_STYLE_USAGE(.BOTH.,#1081);
#1083=PRESENTATION_STYLE_ASSIGNMENT((#1082));
#1084=STYLED_ITEM('',(#1083),#1076);
#1085=ADVANCED_FACE('',(#7143,#7145),#7147,.F.);
#1086=COLOUR_RGB('',0.156862745098039,0.156862745098039,0.156862745098039);
#1087=FILL_AREA_STYLE_COLOUR('',#1086);
#1088=FILL_AREA_STYLE($,(#1087));
#1089=SURFACE_STYLE_FILL_AREA(#1088);
#1090=SURFACE_SIDE_STYLE('',(#1089));
#1091=SURFACE_STYLE_USAGE(.BOTH.,#1090);
#1092=PRESENTATION_STYLE_ASSIGNMENT((#1091));
#1093=STYLED_ITEM('',(#1092),#1085);
#1094=ADVANCED_FACE('',(#7152,#7154),#7156,.T.);
#1095=COLOUR_RGB('',0.156862745098039,0.156862745098039,0.156862745098039);
#1096=FILL_AREA_STYLE_COLOUR('',#1095);
#1097=FILL_AREA_STYLE($,(#1096));
#1098=SURFACE_STYLE_FILL_AREA(#1097);
#1099=SURFACE_SIDE_STYLE('',(#1098));
#1100=SURFACE_STYLE_USAGE(.BOTH.,#1099);
#1101=PRESENTATION_STYLE_ASSIGNMENT((#1100));
#1102=STYLED_ITEM('',(#1101),#1094);
#1103=ADVANCED_FACE('',(#7161,#7163),#7165,.F.);
#1104=COLOUR_RGB('',0.156862745098039,0.156862745098039,0.156862745098039);
#1105=FILL_AREA_STYLE_COLOUR('',#1104);
#1106=FILL_AREA_STYLE($,(#1105));
#1107=SURFACE_STYLE_FILL_AREA(#1106);
#1108=SURFACE_SIDE_STYLE('',(#1107));
#1109=SURFACE_STYLE_USAGE(.BOTH.,#1108);
#1110=PRESENTATION_STYLE_ASSIGNMENT((#1109));
#1111=STYLED_ITEM('',(#1110),#1103);
#1112=ADVANCED_FACE('',(#7170,#7172),#7174,.T.);
#1113=COLOUR_RGB('',0.156862745098039,0.156862745098039,0.156862745098039);
#1114=FILL_AREA_STYLE_COLOUR('',#1113);
#1115=FILL_AREA_STYLE($,(#1114));
#1116=SURFACE_STYLE_FILL_AREA(#1115);
#1117=SURFACE_SIDE_STYLE('',(#1116));
#1118=SURFACE_STYLE_USAGE(.BOTH.,#1117);
#1119=PRESENTATION_STYLE_ASSIGNMENT((#1118));
#1120=STYLED_ITEM('',(#1119),#1112);
#1121=ADVANCED_FACE('',(#7179,#7181),#7183,.F.);
#1122=COLOUR_RGB('',0.156862745098039,0.156862745098039,0.156862745098039);
#1123=FILL_AREA_STYLE_COLOUR('',#1122);
#1124=FILL_AREA_STYLE($,(#1123));
#1125=SURFACE_STYLE_FILL_AREA(#1124);
#1126=SURFACE_SIDE_STYLE('',(#1125));
#1127=SURFACE_STYLE_USAGE(.BOTH.,#1126);
#1128=PRESENTATION_STYLE_ASSIGNMENT((#1127));
#1129=STYLED_ITEM('',(#1128),#1121);
#1130=ADVANCED_FACE('',(#7188,#7190),#7192,.T.);
#1131=COLOUR_RGB('',0.156862745098039,0.156862745098039,0.156862745098039);
#1132=FILL_AREA_STYLE_COLOUR('',#1131);
#1133=FILL_AREA_STYLE($,(#1132));
#1134=SURFACE_STYLE_FILL_AREA(#1133);
#1135=SURFACE_SIDE_STYLE('',(#1134));
#1136=SURFACE_STYLE_USAGE(.BOTH.,#1135);
#1137=PRESENTATION_STYLE_ASSIGNMENT((#1136));
#1138=STYLED_ITEM('',(#1137),#1130);
#1139=ADVANCED_FACE('',(#7197,#7199),#7201,.F.);
#1140=COLOUR_RGB('',0.156862745098039,0.156862745098039,0.156862745098039);
#1141=FILL_AREA_STYLE_COLOUR('',#1140);
#1142=FILL_AREA_STYLE($,(#1141));
#1143=SURFACE_STYLE_FILL_AREA(#1142);
#1144=SURFACE_SIDE_STYLE('',(#1143));
#1145=SURFACE_STYLE_USAGE(.BOTH.,#1144);
#1146=PRESENTATION_STYLE_ASSIGNMENT((#1145));
#1147=STYLED_ITEM('',(#1146),#1139);
#1148=ADVANCED_FACE('',(#7206,#7208),#7210,.T.);
#1149=COLOUR_RGB('',0.156862745098039,0.156862745098039,0.156862745098039);
#1150=FILL_AREA_STYLE_COLOUR('',#1149);
#1151=FILL_AREA_STYLE($,(#1150));
#1152=SURFACE_STYLE_FILL_AREA(#1151);
#1153=SURFACE_SIDE_STYLE('',(#1152));
#1154=SURFACE_STYLE_USAGE(.BOTH.,#1153);
#1155=PRESENTATION_STYLE_ASSIGNMENT((#1154));
#1156=STYLED_ITEM('',(#1155),#1148);
#1157=ADVANCED_FACE('',(#7215,#7217),#7219,.F.);
#1158=COLOUR_RGB('',0.156862745098039,0.156862745098039,0.156862745098039);
#1159=FILL_AREA_STYLE_COLOUR('',#1158);
#1160=FILL_AREA_STYLE($,(#1159));
#1161=SURFACE_STYLE_FILL_AREA(#1160);
#1162=SURFACE_SIDE_STYLE('',(#1161));
#1163=SURFACE_STYLE_USAGE(.BOTH.,#1162);
#1164=PRESENTATION_STYLE_ASSIGNMENT((#1163));
#1165=STYLED_ITEM('',(#1164),#1157);
#1166=ADVANCED_FACE('',(#7224,#7226),#7228,.T.);
#1167=COLOUR_RGB('',0.156862745098039,0.156862745098039,0.156862745098039);
#1168=FILL_AREA_STYLE_COLOUR('',#1167);
#1169=FILL_AREA_STYLE($,(#1168));
#1170=SURFACE_STYLE_FILL_AREA(#1169);
#1171=SURFACE_SIDE_STYLE('',(#1170));
#1172=SURFACE_STYLE_USAGE(.BOTH.,#1171);
#1173=PRESENTATION_STYLE_ASSIGNMENT((#1172));
#1174=STYLED_ITEM('',(#1173),#1166);
#1175=ADVANCED_FACE('',(#7233,#7235),#7237,.F.);
#1176=COLOUR_RGB('',0.156862745098039,0.156862745098039,0.156862745098039);
#1177=FILL_AREA_STYLE_COLOUR('',#1176);
#1178=FILL_AREA_STYLE($,(#1177));
#1179=SURFACE_STYLE_FILL_AREA(#1178);
#1180=SURFACE_SIDE_STYLE('',(#1179));
#1181=SURFACE_STYLE_USAGE(.BOTH.,#1180);
#1182=PRESENTATION_STYLE_ASSIGNMENT((#1181));
#1183=STYLED_ITEM('',(#1182),#1175);
#1184=ADVANCED_FACE('',(#7242,#7244),#7246,.T.);
#1185=COLOUR_RGB('',0.156862745098039,0.156862745098039,0.156862745098039);
#1186=FILL_AREA_STYLE_COLOUR('',#1185);
#1187=FILL_AREA_STYLE($,(#1186));
#1188=SURFACE_STYLE_FILL_AREA(#1187);
#1189=SURFACE_SIDE_STYLE('',(#1188));
#1190=SURFACE_STYLE_USAGE(.BOTH.,#1189);
#1191=PRESENTATION_STYLE_ASSIGNMENT((#1190));
#1192=STYLED_ITEM('',(#1191),#1184);
#1193=ADVANCED_FACE('',(#7251,#7253),#7255,.F.);
#1194=COLOUR_RGB('',0.156862745098039,0.156862745098039,0.156862745098039);
#1195=FILL_AREA_STYLE_COLOUR('',#1194);
#1196=FILL_AREA_STYLE($,(#1195));
#1197=SURFACE_STYLE_FILL_AREA(#1196);
#1198=SURFACE_SIDE_STYLE('',(#1197));
#1199=SURFACE_STYLE_USAGE(.BOTH.,#1198);
#1200=PRESENTATION_STYLE_ASSIGNMENT((#1199));
#1201=STYLED_ITEM('',(#1200),#1193);
#1202=ADVANCED_FACE('',(#7260,#7262),#7264,.T.);
#1203=COLOUR_RGB('',0.156862745098039,0.156862745098039,0.156862745098039);
#1204=FILL_AREA_STYLE_COLOUR('',#1203);
#1205=FILL_AREA_STYLE($,(#1204));
#1206=SURFACE_STYLE_FILL_AREA(#1205);
#1207=SURFACE_SIDE_STYLE('',(#1206));
#1208=SURFACE_STYLE_USAGE(.BOTH.,#1207);
#1209=PRESENTATION_STYLE_ASSIGNMENT((#1208));
#1210=STYLED_ITEM('',(#1209),#1202);
#1211=ADVANCED_FACE('',(#7269,#7271),#7273,.F.);
#1212=COLOUR_RGB('',0.156862745098039,0.156862745098039,0.156862745098039);
#1213=FILL_AREA_STYLE_COLOUR('',#1212);
#1214=FILL_AREA_STYLE($,(#1213));
#1215=SURFACE_STYLE_FILL_AREA(#1214);
#1216=SURFACE_SIDE_STYLE('',(#1215));
#1217=SURFACE_STYLE_USAGE(.BOTH.,#1216);
#1218=PRESENTATION_STYLE_ASSIGNMENT((#1217));
#1219=STYLED_ITEM('',(#1218),#1211);
#1220=ADVANCED_FACE('',(#7278,#7280),#7282,.T.);
#1221=COLOUR_RGB('',0.156862745098039,0.156862745098039,0.156862745098039);
#1222=FILL_AREA_STYLE_COLOUR('',#1221);
#1223=FILL_AREA_STYLE($,(#1222));
#1224=SURFACE_STYLE_FILL_AREA(#1223);
#1225=SURFACE_SIDE_STYLE('',(#1224));
#1226=SURFACE_STYLE_USAGE(.BOTH.,#1225);
#1227=PRESENTATION_STYLE_ASSIGNMENT((#1226));
#1228=STYLED_ITEM('',(#1227),#1220);
#1229=ADVANCED_FACE('',(#7287,#7289),#7291,.F.);
#1230=COLOUR_RGB('',0.156862745098039,0.156862745098039,0.156862745098039);
#1231=FILL_AREA_STYLE_COLOUR('',#1230);
#1232=FILL_AREA_STYLE($,(#1231));
#1233=SURFACE_STYLE_FILL_AREA(#1232);
#1234=SURFACE_SIDE_STYLE('',(#1233));
#1235=SURFACE_STYLE_USAGE(.BOTH.,#1234);
#1236=PRESENTATION_STYLE_ASSIGNMENT((#1235));
#1237=STYLED_ITEM('',(#1236),#1229);
#1238=ADVANCED_FACE('',(#7296,#7298),#7300,.T.);
#1239=COLOUR_RGB('',0.156862745098039,0.156862745098039,0.156862745098039);
#1240=FILL_AREA_STYLE_COLOUR('',#1239);
#1241=FILL_AREA_STYLE($,(#1240));
#1242=SURFACE_STYLE_FILL_AREA(#1241);
#1243=SURFACE_SIDE_STYLE('',(#1242));
#1244=SURFACE_STYLE_USAGE(.BOTH.,#1243);
#1245=PRESENTATION_STYLE_ASSIGNMENT((#1244));
#1246=STYLED_ITEM('',(#1245),#1238);
#1247=ADVANCED_FACE('',(#7305,#7307),#7309,.F.);
#1248=COLOUR_RGB('',0.156862745098039,0.156862745098039,0.156862745098039);
#1249=FILL_AREA_STYLE_COLOUR('',#1248);
#1250=FILL_AREA_STYLE($,(#1249));
#1251=SURFACE_STYLE_FILL_AREA(#1250);
#1252=SURFACE_SIDE_STYLE('',(#1251));
#1253=SURFACE_STYLE_USAGE(.BOTH.,#1252);
#1254=PRESENTATION_STYLE_ASSIGNMENT((#1253));
#1255=STYLED_ITEM('',(#1254),#1247);
#1256=ADVANCED_FACE('',(#7314,#7316,#7318,#7320,#7322,#7324,#7326,#7328,#7330,#7332,
#7334,#7336,#7338,#7340,#7342,#7344,#7346,#7348,#7350,#7352,#7354,#7356,#7358,#7360,
#7362,#7364,#7366,#7368,#7370,#7372,#7374,#7376,#7378,#7380),#7382,.F.);
#1257=COLOUR_RGB('',0.156862745098039,0.156862745098039,0.156862745098039);
#1258=FILL_AREA_STYLE_COLOUR('',#1257);
#1259=FILL_AREA_STYLE($,(#1258));
#1260=SURFACE_STYLE_FILL_AREA(#1259);
#1261=SURFACE_SIDE_STYLE('',(#1260));
#1262=SURFACE_STYLE_USAGE(.BOTH.,#1261);
#1263=PRESENTATION_STYLE_ASSIGNMENT((#1262));
#1264=STYLED_ITEM('',(#1263),#1256);
#1265=ADVANCED_FACE('',(#7387),#7389,.T.);
#1266=COLOUR_RGB('',0.156862745098039,0.156862745098039,0.156862745098039);
#1267=FILL_AREA_STYLE_COLOUR('',#1266);
#1268=FILL_AREA_STYLE($,(#1267));
#1269=SURFACE_STYLE_FILL_AREA(#1268);
#1270=SURFACE_SIDE_STYLE('',(#1269));
#1271=SURFACE_STYLE_USAGE(.BOTH.,#1270);
#1272=PRESENTATION_STYLE_ASSIGNMENT((#1271));
#1273=STYLED_ITEM('',(#1272),#1265);
#1274=ADVANCED_FACE('',(#7394),#7396,.T.);
#1275=COLOUR_RGB('',0.156862745098039,0.156862745098039,0.156862745098039);
#1276=FILL_AREA_STYLE_COLOUR('',#1275);
#1277=FILL_AREA_STYLE($,(#1276));
#1278=SURFACE_STYLE_FILL_AREA(#1277);
#1279=SURFACE_SIDE_STYLE('',(#1278));
#1280=SURFACE_STYLE_USAGE(.BOTH.,#1279);
#1281=PRESENTATION_STYLE_ASSIGNMENT((#1280));
#1282=STYLED_ITEM('',(#1281),#1274);
#1283=ADVANCED_FACE('',(#7401),#7403,.T.);
#1284=COLOUR_RGB('',0.156862745098039,0.156862745098039,0.156862745098039);
#1285=FILL_AREA_STYLE_COLOUR('',#1284);
#1286=FILL_AREA_STYLE($,(#1285));
#1287=SURFACE_STYLE_FILL_AREA(#1286);
#1288=SURFACE_SIDE_STYLE('',(#1287));
#1289=SURFACE_STYLE_USAGE(.BOTH.,#1288);
#1290=PRESENTATION_STYLE_ASSIGNMENT((#1289));
#1291=STYLED_ITEM('',(#1290),#1283);
#1292=ADVANCED_FACE('',(#7408),#7410,.T.);
#1293=COLOUR_RGB('',0.156862745098039,0.156862745098039,0.156862745098039);
#1294=FILL_AREA_STYLE_COLOUR('',#1293);
#1295=FILL_AREA_STYLE($,(#1294));
#1296=SURFACE_STYLE_FILL_AREA(#1295);
#1297=SURFACE_SIDE_STYLE('',(#1296));
#1298=SURFACE_STYLE_USAGE(.BOTH.,#1297);
#1299=PRESENTATION_STYLE_ASSIGNMENT((#1298));
#1300=STYLED_ITEM('',(#1299),#1292);
#1301=ADVANCED_FACE('',(#7415),#7417,.T.);
#1302=COLOUR_RGB('',0.156862745098039,0.156862745098039,0.156862745098039);
#1303=FILL_AREA_STYLE_COLOUR('',#1302);
#1304=FILL_AREA_STYLE($,(#1303));
#1305=SURFACE_STYLE_FILL_AREA(#1304);
#1306=SURFACE_SIDE_STYLE('',(#1305));
#1307=SURFACE_STYLE_USAGE(.BOTH.,#1306);
#1308=PRESENTATION_STYLE_ASSIGNMENT((#1307));
#1309=STYLED_ITEM('',(#1308),#1301);
#1310=ADVANCED_FACE('',(#7422),#7424,.T.);
#1311=COLOUR_RGB('',0.156862745098039,0.156862745098039,0.156862745098039);
#1312=FILL_AREA_STYLE_COLOUR('',#1311);
#1313=FILL_AREA_STYLE($,(#1312));
#1314=SURFACE_STYLE_FILL_AREA(#1313);
#1315=SURFACE_SIDE_STYLE('',(#1314));
#1316=SURFACE_STYLE_USAGE(.BOTH.,#1315);
#1317=PRESENTATION_STYLE_ASSIGNMENT((#1316));
#1318=STYLED_ITEM('',(#1317),#1310);
#1319=ADVANCED_FACE('',(#7429),#7431,.T.);
#1320=COLOUR_RGB('',0.156862745098039,0.156862745098039,0.156862745098039);
#1321=FILL_AREA_STYLE_COLOUR('',#1320);
#1322=FILL_AREA_STYLE($,(#1321));
#1323=SURFACE_STYLE_FILL_AREA(#1322);
#1324=SURFACE_SIDE_STYLE('',(#1323));
#1325=SURFACE_STYLE_USAGE(.BOTH.,#1324);
#1326=PRESENTATION_STYLE_ASSIGNMENT((#1325));
#1327=STYLED_ITEM('',(#1326),#1319);
#1328=ADVANCED_FACE('',(#7436),#7438,.T.);
#1329=COLOUR_RGB('',0.156862745098039,0.156862745098039,0.156862745098039);
#1330=FILL_AREA_STYLE_COLOUR('',#1329);
#1331=FILL_AREA_STYLE($,(#1330));
#1332=SURFACE_STYLE_FILL_AREA(#1331);
#1333=SURFACE_SIDE_STYLE('',(#1332));
#1334=SURFACE_STYLE_USAGE(.BOTH.,#1333);
#1335=PRESENTATION_STYLE_ASSIGNMENT((#1334));
#1336=STYLED_ITEM('',(#1335),#1328);
#1337=ADVANCED_FACE('',(#7443),#7445,.T.);
#1338=COLOUR_RGB('',0.156862745098039,0.156862745098039,0.156862745098039);
#1339=FILL_AREA_STYLE_COLOUR('',#1338);
#1340=FILL_AREA_STYLE($,(#1339));
#1341=SURFACE_STYLE_FILL_AREA(#1340);
#1342=SURFACE_SIDE_STYLE('',(#1341));
#1343=SURFACE_STYLE_USAGE(.BOTH.,#1342);
#1344=PRESENTATION_STYLE_ASSIGNMENT((#1343));
#1345=STYLED_ITEM('',(#1344),#1337);
#1346=ADVANCED_FACE('',(#7450),#7452,.T.);
#1347=COLOUR_RGB('',0.156862745098039,0.156862745098039,0.156862745098039);
#1348=FILL_AREA_STYLE_COLOUR('',#1347);
#1349=FILL_AREA_STYLE($,(#1348));
#1350=SURFACE_STYLE_FILL_AREA(#1349);
#1351=SURFACE_SIDE_STYLE('',(#1350));
#1352=SURFACE_STYLE_USAGE(.BOTH.,#1351);
#1353=PRESENTATION_STYLE_ASSIGNMENT((#1352));
#1354=STYLED_ITEM('',(#1353),#1346);
#1355=ADVANCED_FACE('',(#7457),#7459,.T.);
#1356=COLOUR_RGB('',0.156862745098039,0.156862745098039,0.156862745098039);
#1357=FILL_AREA_STYLE_COLOUR('',#1356);
#1358=FILL_AREA_STYLE($,(#1357));
#1359=SURFACE_STYLE_FILL_AREA(#1358);
#1360=SURFACE_SIDE_STYLE('',(#1359));
#1361=SURFACE_STYLE_USAGE(.BOTH.,#1360);
#1362=PRESENTATION_STYLE_ASSIGNMENT((#1361));
#1363=STYLED_ITEM('',(#1362),#1355);
#1364=ADVANCED_FACE('',(#7464),#7466,.T.);
#1365=COLOUR_RGB('',0.156862745098039,0.156862745098039,0.156862745098039);
#1366=FILL_AREA_STYLE_COLOUR('',#1365);
#1367=FILL_AREA_STYLE($,(#1366));
#1368=SURFACE_STYLE_FILL_AREA(#1367);
#1369=SURFACE_SIDE_STYLE('',(#1368));
#1370=SURFACE_STYLE_USAGE(.BOTH.,#1369);
#1371=PRESENTATION_STYLE_ASSIGNMENT((#1370));
#1372=STYLED_ITEM('',(#1371),#1364);
#1373=ADVANCED_FACE('',(#7471),#7473,.T.);
#1374=COLOUR_RGB('',0.156862745098039,0.156862745098039,0.156862745098039);
#1375=FILL_AREA_STYLE_COLOUR('',#1374);
#1376=FILL_AREA_STYLE($,(#1375));
#1377=SURFACE_STYLE_FILL_AREA(#1376);
#1378=SURFACE_SIDE_STYLE('',(#1377));
#1379=SURFACE_STYLE_USAGE(.BOTH.,#1378);
#1380=PRESENTATION_STYLE_ASSIGNMENT((#1379));
#1381=STYLED_ITEM('',(#1380),#1373);
#1382=ADVANCED_FACE('',(#7478),#7480,.T.);
#1383=COLOUR_RGB('',0.156862745098039,0.156862745098039,0.156862745098039);
#1384=FILL_AREA_STYLE_COLOUR('',#1383);
#1385=FILL_AREA_STYLE($,(#1384));
#1386=SURFACE_STYLE_FILL_AREA(#1385);
#1387=SURFACE_SIDE_STYLE('',(#1386));
#1388=SURFACE_STYLE_USAGE(.BOTH.,#1387);
#1389=PRESENTATION_STYLE_ASSIGNMENT((#1388));
#1390=STYLED_ITEM('',(#1389),#1382);
#1391=ADVANCED_FACE('',(#7485),#7487,.T.);
#1392=COLOUR_RGB('',0.156862745098039,0.156862745098039,0.156862745098039);
#1393=FILL_AREA_STYLE_COLOUR('',#1392);
#1394=FILL_AREA_STYLE($,(#1393));
#1395=SURFACE_STYLE_FILL_AREA(#1394);
#1396=SURFACE_SIDE_STYLE('',(#1395));
#1397=SURFACE_STYLE_USAGE(.BOTH.,#1396);
#1398=PRESENTATION_STYLE_ASSIGNMENT((#1397));
#1399=STYLED_ITEM('',(#1398),#1391);
#1400=ADVANCED_FACE('',(#7492),#7494,.T.);
#1401=COLOUR_RGB('',0.156862745098039,0.156862745098039,0.156862745098039);
#1402=FILL_AREA_STYLE_COLOUR('',#1401);
#1403=FILL_AREA_STYLE($,(#1402));
#1404=SURFACE_STYLE_FILL_AREA(#1403);
#1405=SURFACE_SIDE_STYLE('',(#1404));
#1406=SURFACE_STYLE_USAGE(.BOTH.,#1405);
#1407=PRESENTATION_STYLE_ASSIGNMENT((#1406));
#1408=STYLED_ITEM('',(#1407),#1400);
#1409=ADVANCED_FACE('',(#7499),#7501,.T.);
#1410=COLOUR_RGB('',0.156862745098039,0.156862745098039,0.156862745098039);
#1411=FILL_AREA_STYLE_COLOUR('',#1410);
#1412=FILL_AREA_STYLE($,(#1411));
#1413=SURFACE_STYLE_FILL_AREA(#1412);
#1414=SURFACE_SIDE_STYLE('',(#1413));
#1415=SURFACE_STYLE_USAGE(.BOTH.,#1414);
#1416=PRESENTATION_STYLE_ASSIGNMENT((#1415));
#1417=STYLED_ITEM('',(#1416),#1409);
#1418=ADVANCED_FACE('',(#7506),#7508,.T.);
#1419=COLOUR_RGB('',0.156862745098039,0.156862745098039,0.156862745098039);
#1420=FILL_AREA_STYLE_COLOUR('',#1419);
#1421=FILL_AREA_STYLE($,(#1420));
#1422=SURFACE_STYLE_FILL_AREA(#1421);
#1423=SURFACE_SIDE_STYLE('',(#1422));
#1424=SURFACE_STYLE_USAGE(.BOTH.,#1423);
#1425=PRESENTATION_STYLE_ASSIGNMENT((#1424));
#1426=STYLED_ITEM('',(#1425),#1418);
#1427=ADVANCED_FACE('',(#7513),#7515,.T.);
#1428=COLOUR_RGB('',0.156862745098039,0.156862745098039,0.156862745098039);
#1429=FILL_AREA_STYLE_COLOUR('',#1428);
#1430=FILL_AREA_STYLE($,(#1429));
#1431=SURFACE_STYLE_FILL_AREA(#1430);
#1432=SURFACE_SIDE_STYLE('',(#1431));
#1433=SURFACE_STYLE_USAGE(.BOTH.,#1432);
#1434=PRESENTATION_STYLE_ASSIGNMENT((#1433));
#1435=STYLED_ITEM('',(#1434),#1427);
#1436=ADVANCED_FACE('',(#7520),#7522,.T.);
#1437=COLOUR_RGB('',0.156862745098039,0.156862745098039,0.156862745098039);
#1438=FILL_AREA_STYLE_COLOUR('',#1437);
#1439=FILL_AREA_STYLE($,(#1438));
#1440=SURFACE_STYLE_FILL_AREA(#1439);
#1441=SURFACE_SIDE_STYLE('',(#1440));
#1442=SURFACE_STYLE_USAGE(.BOTH.,#1441);
#1443=PRESENTATION_STYLE_ASSIGNMENT((#1442));
#1444=STYLED_ITEM('',(#1443),#1436);
#1445=ADVANCED_FACE('',(#7527),#7529,.T.);
#1446=COLOUR_RGB('',0.156862745098039,0.156862745098039,0.156862745098039);
#1447=FILL_AREA_STYLE_COLOUR('',#1446);
#1448=FILL_AREA_STYLE($,(#1447));
#1449=SURFACE_STYLE_FILL_AREA(#1448);
#1450=SURFACE_SIDE_STYLE('',(#1449));
#1451=SURFACE_STYLE_USAGE(.BOTH.,#1450);
#1452=PRESENTATION_STYLE_ASSIGNMENT((#1451));
#1453=STYLED_ITEM('',(#1452),#1445);
#1454=ADVANCED_FACE('',(#7534),#7536,.T.);
#1455=COLOUR_RGB('',0.156862745098039,0.156862745098039,0.156862745098039);
#1456=FILL_AREA_STYLE_COLOUR('',#1455);
#1457=FILL_AREA_STYLE($,(#1456));
#1458=SURFACE_STYLE_FILL_AREA(#1457);
#1459=SURFACE_SIDE_STYLE('',(#1458));
#1460=SURFACE_STYLE_USAGE(.BOTH.,#1459);
#1461=PRESENTATION_STYLE_ASSIGNMENT((#1460));
#1462=STYLED_ITEM('',(#1461),#1454);
#1463=ADVANCED_FACE('',(#7541),#7543,.T.);
#1464=COLOUR_RGB('',0.156862745098039,0.156862745098039,0.156862745098039);
#1465=FILL_AREA_STYLE_COLOUR('',#1464);
#1466=FILL_AREA_STYLE($,(#1465));
#1467=SURFACE_STYLE_FILL_AREA(#1466);
#1468=SURFACE_SIDE_STYLE('',(#1467));
#1469=SURFACE_STYLE_USAGE(.BOTH.,#1468);
#1470=PRESENTATION_STYLE_ASSIGNMENT((#1469));
#1471=STYLED_ITEM('',(#1470),#1463);
#1472=ADVANCED_FACE('',(#7548),#7550,.T.);
#1473=COLOUR_RGB('',0.156862745098039,0.156862745098039,0.156862745098039);
#1474=FILL_AREA_STYLE_COLOUR('',#1473);
#1475=FILL_AREA_STYLE($,(#1474));
#1476=SURFACE_STYLE_FILL_AREA(#1475);
#1477=SURFACE_SIDE_STYLE('',(#1476));
#1478=SURFACE_STYLE_USAGE(.BOTH.,#1477);
#1479=PRESENTATION_STYLE_ASSIGNMENT((#1478));
#1480=STYLED_ITEM('',(#1479),#1472);
#1481=ADVANCED_FACE('',(#7555),#7557,.T.);
#1482=COLOUR_RGB('',0.156862745098039,0.156862745098039,0.156862745098039);
#1483=FILL_AREA_STYLE_COLOUR('',#1482);
#1484=FILL_AREA_STYLE($,(#1483));
#1485=SURFACE_STYLE_FILL_AREA(#1484);
#1486=SURFACE_SIDE_STYLE('',(#1485));
#1487=SURFACE_STYLE_USAGE(.BOTH.,#1486);
#1488=PRESENTATION_STYLE_ASSIGNMENT((#1487));
#1489=STYLED_ITEM('',(#1488),#1481);
#1490=ADVANCED_FACE('',(#7562),#7564,.T.);
#1491=COLOUR_RGB('',0.156862745098039,0.156862745098039,0.156862745098039);
#1492=FILL_AREA_STYLE_COLOUR('',#1491);
#1493=FILL_AREA_STYLE($,(#1492));
#1494=SURFACE_STYLE_FILL_AREA(#1493);
#1495=SURFACE_SIDE_STYLE('',(#1494));
#1496=SURFACE_STYLE_USAGE(.BOTH.,#1495);
#1497=PRESENTATION_STYLE_ASSIGNMENT((#1496));
#1498=STYLED_ITEM('',(#1497),#1490);
#1499=ADVANCED_FACE('',(#7569),#7571,.T.);
#1500=COLOUR_RGB('',0.156862745098039,0.156862745098039,0.156862745098039);
#1501=FILL_AREA_STYLE_COLOUR('',#1500);
#1502=FILL_AREA_STYLE($,(#1501));
#1503=SURFACE_STYLE_FILL_AREA(#1502);
#1504=SURFACE_SIDE_STYLE('',(#1503));
#1505=SURFACE_STYLE_USAGE(.BOTH.,#1504);
#1506=PRESENTATION_STYLE_ASSIGNMENT((#1505));
#1507=STYLED_ITEM('',(#1506),#1499);
#1508=ADVANCED_FACE('',(#7576),#7578,.T.);
#1509=COLOUR_RGB('',0.156862745098039,0.156862745098039,0.156862745098039);
#1510=FILL_AREA_STYLE_COLOUR('',#1509);
#1511=FILL_AREA_STYLE($,(#1510));
#1512=SURFACE_STYLE_FILL_AREA(#1511);
#1513=SURFACE_SIDE_STYLE('',(#1512));
#1514=SURFACE_STYLE_USAGE(.BOTH.,#1513);
#1515=PRESENTATION_STYLE_ASSIGNMENT((#1514));
#1516=STYLED_ITEM('',(#1515),#1508);
#1517=ADVANCED_FACE('',(#7583),#7585,.T.);
#1518=COLOUR_RGB('',0.156862745098039,0.156862745098039,0.156862745098039);
#1519=FILL_AREA_STYLE_COLOUR('',#1518);
#1520=FILL_AREA_STYLE($,(#1519));
#1521=SURFACE_STYLE_FILL_AREA(#1520);
#1522=SURFACE_SIDE_STYLE('',(#1521));
#1523=SURFACE_STYLE_USAGE(.BOTH.,#1522);
#1524=PRESENTATION_STYLE_ASSIGNMENT((#1523));
#1525=STYLED_ITEM('',(#1524),#1517);
#1526=ADVANCED_FACE('',(#7590),#7592,.T.);
#1527=COLOUR_RGB('',0.156862745098039,0.156862745098039,0.156862745098039);
#1528=FILL_AREA_STYLE_COLOUR('',#1527);
#1529=FILL_AREA_STYLE($,(#1528));
#1530=SURFACE_STYLE_FILL_AREA(#1529);
#1531=SURFACE_SIDE_STYLE('',(#1530));
#1532=SURFACE_STYLE_USAGE(.BOTH.,#1531);
#1533=PRESENTATION_STYLE_ASSIGNMENT((#1532));
#1534=STYLED_ITEM('',(#1533),#1526);
#1535=ADVANCED_FACE('',(#7597),#7599,.T.);
#1536=COLOUR_RGB('',0.156862745098039,0.156862745098039,0.156862745098039);
#1537=FILL_AREA_STYLE_COLOUR('',#1536);
#1538=FILL_AREA_STYLE($,(#1537));
#1539=SURFACE_STYLE_FILL_AREA(#1538);
#1540=SURFACE_SIDE_STYLE('',(#1539));
#1541=SURFACE_STYLE_USAGE(.BOTH.,#1540);
#1542=PRESENTATION_STYLE_ASSIGNMENT((#1541));
#1543=STYLED_ITEM('',(#1542),#1535);
#1544=ADVANCED_FACE('',(#7604),#7606,.T.);
#1545=COLOUR_RGB('',0.156862745098039,0.156862745098039,0.156862745098039);
#1546=FILL_AREA_STYLE_COLOUR('',#1545);
#1547=FILL_AREA_STYLE($,(#1546));
#1548=SURFACE_STYLE_FILL_AREA(#1547);
#1549=SURFACE_SIDE_STYLE('',(#1548));
#1550=SURFACE_STYLE_USAGE(.BOTH.,#1549);
#1551=PRESENTATION_STYLE_ASSIGNMENT((#1550));
#1552=STYLED_ITEM('',(#1551),#1544);
#1553=ADVANCED_FACE('',(#7611),#7613,.T.);
#1554=COLOUR_RGB('',0.156862745098039,0.156862745098039,0.156862745098039);
#1555=FILL_AREA_STYLE_COLOUR('',#1554);
#1556=FILL_AREA_STYLE($,(#1555));
#1557=SURFACE_STYLE_FILL_AREA(#1556);
#1558=SURFACE_SIDE_STYLE('',(#1557));
#1559=SURFACE_STYLE_USAGE(.BOTH.,#1558);
#1560=PRESENTATION_STYLE_ASSIGNMENT((#1559));
#1561=STYLED_ITEM('',(#1560),#1553);
#1562=ADVANCED_FACE('',(#7618),#7620,.T.);
#1563=COLOUR_RGB('',0.156862745098039,0.156862745098039,0.156862745098039);
#1564=FILL_AREA_STYLE_COLOUR('',#1563);
#1565=FILL_AREA_STYLE($,(#1564));
#1566=SURFACE_STYLE_FILL_AREA(#1565);
#1567=SURFACE_SIDE_STYLE('',(#1566));
#1568=SURFACE_STYLE_USAGE(.BOTH.,#1567);
#1569=PRESENTATION_STYLE_ASSIGNMENT((#1568));
#1570=STYLED_ITEM('',(#1569),#1562);
#1571=ADVANCED_FACE('',(#7625),#7627,.T.);
#1572=COLOUR_RGB('',0.156862745098039,0.156862745098039,0.156862745098039);
#1573=FILL_AREA_STYLE_COLOUR('',#1572);
#1574=FILL_AREA_STYLE($,(#1573));
#1575=SURFACE_STYLE_FILL_AREA(#1574);
#1576=SURFACE_SIDE_STYLE('',(#1575));
#1577=SURFACE_STYLE_USAGE(.BOTH.,#1576);
#1578=PRESENTATION_STYLE_ASSIGNMENT((#1577));
#1579=STYLED_ITEM('',(#1578),#1571);
#1580=ADVANCED_FACE('',(#7632),#7634,.T.);
#1581=COLOUR_RGB('',0.156862745098039,0.156862745098039,0.156862745098039);
#1582=FILL_AREA_STYLE_COLOUR('',#1581);
#1583=FILL_AREA_STYLE($,(#1582));
#1584=SURFACE_STYLE_FILL_AREA(#1583);
#1585=SURFACE_SIDE_STYLE('',(#1584));
#1586=SURFACE_STYLE_USAGE(.BOTH.,#1585);
#1587=PRESENTATION_STYLE_ASSIGNMENT((#1586));
#1588=STYLED_ITEM('',(#1587),#1580);
#1589=ADVANCED_FACE('',(#7639),#7641,.T.);
#1590=COLOUR_RGB('',0.156862745098039,0.156862745098039,0.156862745098039);
#1591=FILL_AREA_STYLE_COLOUR('',#1590);
#1592=FILL_AREA_STYLE($,(#1591));
#1593=SURFACE_STYLE_FILL_AREA(#1592);
#1594=SURFACE_SIDE_STYLE('',(#1593));
#1595=SURFACE_STYLE_USAGE(.BOTH.,#1594);
#1596=PRESENTATION_STYLE_ASSIGNMENT((#1595));
#1597=STYLED_ITEM('',(#1596),#1589);
#1598=ADVANCED_FACE('',(#7646),#7648,.T.);
#1599=COLOUR_RGB('',0.156862745098039,0.156862745098039,0.156862745098039);
#1600=FILL_AREA_STYLE_COLOUR('',#1599);
#1601=FILL_AREA_STYLE($,(#1600));
#1602=SURFACE_STYLE_FILL_AREA(#1601);
#1603=SURFACE_SIDE_STYLE('',(#1602));
#1604=SURFACE_STYLE_USAGE(.BOTH.,#1603);
#1605=PRESENTATION_STYLE_ASSIGNMENT((#1604));
#1606=STYLED_ITEM('',(#1605),#1598);
#1607=ADVANCED_FACE('',(#7653),#7655,.T.);
#1608=COLOUR_RGB('',0.156862745098039,0.156862745098039,0.156862745098039);
#1609=FILL_AREA_STYLE_COLOUR('',#1608);
#1610=FILL_AREA_STYLE($,(#1609));
#1611=SURFACE_STYLE_FILL_AREA(#1610);
#1612=SURFACE_SIDE_STYLE('',(#1611));
#1613=SURFACE_STYLE_USAGE(.BOTH.,#1612);
#1614=PRESENTATION_STYLE_ASSIGNMENT((#1613));
#1615=STYLED_ITEM('',(#1614),#1607);
#1616=ADVANCED_FACE('',(#7660),#7662,.T.);
#1617=COLOUR_RGB('',0.156862745098039,0.156862745098039,0.156862745098039);
#1618=FILL_AREA_STYLE_COLOUR('',#1617);
#1619=FILL_AREA_STYLE($,(#1618));
#1620=SURFACE_STYLE_FILL_AREA(#1619);
#1621=SURFACE_SIDE_STYLE('',(#1620));
#1622=SURFACE_STYLE_USAGE(.BOTH.,#1621);
#1623=PRESENTATION_STYLE_ASSIGNMENT((#1622));
#1624=STYLED_ITEM('',(#1623),#1616);
#1625=ADVANCED_FACE('',(#7667),#7669,.T.);
#1626=COLOUR_RGB('',0.156862745098039,0.156862745098039,0.156862745098039);
#1627=FILL_AREA_STYLE_COLOUR('',#1626);
#1628=FILL_AREA_STYLE($,(#1627));
#1629=SURFACE_STYLE_FILL_AREA(#1628);
#1630=SURFACE_SIDE_STYLE('',(#1629));
#1631=SURFACE_STYLE_USAGE(.BOTH.,#1630);
#1632=PRESENTATION_STYLE_ASSIGNMENT((#1631));
#1633=STYLED_ITEM('',(#1632),#1625);
#1634=ADVANCED_FACE('',(#7674),#7676,.T.);
#1635=COLOUR_RGB('',0.156862745098039,0.156862745098039,0.156862745098039);
#1636=FILL_AREA_STYLE_COLOUR('',#1635);
#1637=FILL_AREA_STYLE($,(#1636));
#1638=SURFACE_STYLE_FILL_AREA(#1637);
#1639=SURFACE_SIDE_STYLE('',(#1638));
#1640=SURFACE_STYLE_USAGE(.BOTH.,#1639);
#1641=PRESENTATION_STYLE_ASSIGNMENT((#1640));
#1642=STYLED_ITEM('',(#1641),#1634);
#1643=ADVANCED_FACE('',(#7681),#7683,.T.);
#1644=COLOUR_RGB('',0.156862745098039,0.156862745098039,0.156862745098039);
#1645=FILL_AREA_STYLE_COLOUR('',#1644);
#1646=FILL_AREA_STYLE($,(#1645));
#1647=SURFACE_STYLE_FILL_AREA(#1646);
#1648=SURFACE_SIDE_STYLE('',(#1647));
#1649=SURFACE_STYLE_USAGE(.BOTH.,#1648);
#1650=PRESENTATION_STYLE_ASSIGNMENT((#1649));
#1651=STYLED_ITEM('',(#1650),#1643);
#1652=ADVANCED_FACE('',(#7688),#7690,.T.);
#1653=COLOUR_RGB('',0.156862745098039,0.156862745098039,0.156862745098039);
#1654=FILL_AREA_STYLE_COLOUR('',#1653);
#1655=FILL_AREA_STYLE($,(#1654));
#1656=SURFACE_STYLE_FILL_AREA(#1655);
#1657=SURFACE_SIDE_STYLE('',(#1656));
#1658=SURFACE_STYLE_USAGE(.BOTH.,#1657);
#1659=PRESENTATION_STYLE_ASSIGNMENT((#1658));
#1660=STYLED_ITEM('',(#1659),#1652);
#1661=ADVANCED_FACE('',(#7695),#7697,.T.);
#1662=COLOUR_RGB('',0.156862745098039,0.156862745098039,0.156862745098039);
#1663=FILL_AREA_STYLE_COLOUR('',#1662);
#1664=FILL_AREA_STYLE($,(#1663));
#1665=SURFACE_STYLE_FILL_AREA(#1664);
#1666=SURFACE_SIDE_STYLE('',(#1665));
#1667=SURFACE_STYLE_USAGE(.BOTH.,#1666);
#1668=PRESENTATION_STYLE_ASSIGNMENT((#1667));
#1669=STYLED_ITEM('',(#1668),#1661);
#1670=ADVANCED_FACE('',(#7702),#7704,.T.);
#1671=COLOUR_RGB('',0.156862745098039,0.156862745098039,0.156862745098039);
#1672=FILL_AREA_STYLE_COLOUR('',#1671);
#1673=FILL_AREA_STYLE($,(#1672));
#1674=SURFACE_STYLE_FILL_AREA(#1673);
#1675=SURFACE_SIDE_STYLE('',(#1674));
#1676=SURFACE_STYLE_USAGE(.BOTH.,#1675);
#1677=PRESENTATION_STYLE_ASSIGNMENT((#1676));
#1678=STYLED_ITEM('',(#1677),#1670);
#1679=ADVANCED_FACE('',(#7709),#7711,.T.);
#1680=COLOUR_RGB('',0.156862745098039,0.156862745098039,0.156862745098039);
#1681=FILL_AREA_STYLE_COLOUR('',#1680);
#1682=FILL_AREA_STYLE($,(#1681));
#1683=SURFACE_STYLE_FILL_AREA(#1682);
#1684=SURFACE_SIDE_STYLE('',(#1683));
#1685=SURFACE_STYLE_USAGE(.BOTH.,#1684);
#1686=PRESENTATION_STYLE_ASSIGNMENT((#1685));
#1687=STYLED_ITEM('',(#1686),#1679);
#1688=ADVANCED_FACE('',(#7716),#7718,.T.);
#1689=COLOUR_RGB('',0.156862745098039,0.156862745098039,0.156862745098039);
#1690=FILL_AREA_STYLE_COLOUR('',#1689);
#1691=FILL_AREA_STYLE($,(#1690));
#1692=SURFACE_STYLE_FILL_AREA(#1691);
#1693=SURFACE_SIDE_STYLE('',(#1692));
#1694=SURFACE_STYLE_USAGE(.BOTH.,#1693);
#1695=PRESENTATION_STYLE_ASSIGNMENT((#1694));
#1696=STYLED_ITEM('',(#1695),#1688);
#1697=ADVANCED_FACE('',(#7723),#7725,.T.);
#1698=COLOUR_RGB('',0.156862745098039,0.156862745098039,0.156862745098039);
#1699=FILL_AREA_STYLE_COLOUR('',#1698);
#1700=FILL_AREA_STYLE($,(#1699));
#1701=SURFACE_STYLE_FILL_AREA(#1700);
#1702=SURFACE_SIDE_STYLE('',(#1701));
#1703=SURFACE_STYLE_USAGE(.BOTH.,#1702);
#1704=PRESENTATION_STYLE_ASSIGNMENT((#1703));
#1705=STYLED_ITEM('',(#1704),#1697);
#1706=ADVANCED_FACE('',(#7730),#7732,.T.);
#1707=COLOUR_RGB('',0.156862745098039,0.156862745098039,0.156862745098039);
#1708=FILL_AREA_STYLE_COLOUR('',#1707);
#1709=FILL_AREA_STYLE($,(#1708));
#1710=SURFACE_STYLE_FILL_AREA(#1709);
#1711=SURFACE_SIDE_STYLE('',(#1710));
#1712=SURFACE_STYLE_USAGE(.BOTH.,#1711);
#1713=PRESENTATION_STYLE_ASSIGNMENT((#1712));
#1714=STYLED_ITEM('',(#1713),#1706);
#1715=ADVANCED_FACE('',(#7737),#7739,.T.);
#1716=COLOUR_RGB('',0.156862745098039,0.156862745098039,0.156862745098039);
#1717=FILL_AREA_STYLE_COLOUR('',#1716);
#1718=FILL_AREA_STYLE($,(#1717));
#1719=SURFACE_STYLE_FILL_AREA(#1718);
#1720=SURFACE_SIDE_STYLE('',(#1719));
#1721=SURFACE_STYLE_USAGE(.BOTH.,#1720);
#1722=PRESENTATION_STYLE_ASSIGNMENT((#1721));
#1723=STYLED_ITEM('',(#1722),#1715);
#1724=ADVANCED_FACE('',(#7744),#7746,.T.);
#1725=COLOUR_RGB('',0.156862745098039,0.156862745098039,0.156862745098039);
#1726=FILL_AREA_STYLE_COLOUR('',#1725);
#1727=FILL_AREA_STYLE($,(#1726));
#1728=SURFACE_STYLE_FILL_AREA(#1727);
#1729=SURFACE_SIDE_STYLE('',(#1728));
#1730=SURFACE_STYLE_USAGE(.BOTH.,#1729);
#1731=PRESENTATION_STYLE_ASSIGNMENT((#1730));
#1732=STYLED_ITEM('',(#1731),#1724);
#1733=ADVANCED_FACE('',(#7751),#7753,.T.);
#1734=COLOUR_RGB('',0.156862745098039,0.156862745098039,0.156862745098039);
#1735=FILL_AREA_STYLE_COLOUR('',#1734);
#1736=FILL_AREA_STYLE($,(#1735));
#1737=SURFACE_STYLE_FILL_AREA(#1736);
#1738=SURFACE_SIDE_STYLE('',(#1737));
#1739=SURFACE_STYLE_USAGE(.BOTH.,#1738);
#1740=PRESENTATION_STYLE_ASSIGNMENT((#1739));
#1741=STYLED_ITEM('',(#1740),#1733);
#1742=ADVANCED_FACE('',(#7758),#7760,.T.);
#1743=COLOUR_RGB('',0.156862745098039,0.156862745098039,0.156862745098039);
#1744=FILL_AREA_STYLE_COLOUR('',#1743);
#1745=FILL_AREA_STYLE($,(#1744));
#1746=SURFACE_STYLE_FILL_AREA(#1745);
#1747=SURFACE_SIDE_STYLE('',(#1746));
#1748=SURFACE_STYLE_USAGE(.BOTH.,#1747);
#1749=PRESENTATION_STYLE_ASSIGNMENT((#1748));
#1750=STYLED_ITEM('',(#1749),#1742);
#1751=ADVANCED_FACE('',(#7765),#7767,.T.);
#1752=COLOUR_RGB('',0.156862745098039,0.156862745098039,0.156862745098039);
#1753=FILL_AREA_STYLE_COLOUR('',#1752);
#1754=FILL_AREA_STYLE($,(#1753));
#1755=SURFACE_STYLE_FILL_AREA(#1754);
#1756=SURFACE_SIDE_STYLE('',(#1755));
#1757=SURFACE_STYLE_USAGE(.BOTH.,#1756);
#1758=PRESENTATION_STYLE_ASSIGNMENT((#1757));
#1759=STYLED_ITEM('',(#1758),#1751);
#1760=ADVANCED_FACE('',(#7772),#7774,.T.);
#1761=COLOUR_RGB('',0.156862745098039,0.156862745098039,0.156862745098039);
#1762=FILL_AREA_STYLE_COLOUR('',#1761);
#1763=FILL_AREA_STYLE($,(#1762));
#1764=SURFACE_STYLE_FILL_AREA(#1763);
#1765=SURFACE_SIDE_STYLE('',(#1764));
#1766=SURFACE_STYLE_USAGE(.BOTH.,#1765);
#1767=PRESENTATION_STYLE_ASSIGNMENT((#1766));
#1768=STYLED_ITEM('',(#1767),#1760);
#1769=ADVANCED_FACE('',(#7779),#7781,.T.);
#1770=COLOUR_RGB('',0.156862745098039,0.156862745098039,0.156862745098039);
#1771=FILL_AREA_STYLE_COLOUR('',#1770);
#1772=FILL_AREA_STYLE($,(#1771));
#1773=SURFACE_STYLE_FILL_AREA(#1772);
#1774=SURFACE_SIDE_STYLE('',(#1773));
#1775=SURFACE_STYLE_USAGE(.BOTH.,#1774);
#1776=PRESENTATION_STYLE_ASSIGNMENT((#1775));
#1777=STYLED_ITEM('',(#1776),#1769);
#1778=ADVANCED_FACE('',(#7786),#7788,.T.);
#1779=COLOUR_RGB('',0.156862745098039,0.156862745098039,0.156862745098039);
#1780=FILL_AREA_STYLE_COLOUR('',#1779);
#1781=FILL_AREA_STYLE($,(#1780));
#1782=SURFACE_STYLE_FILL_AREA(#1781);
#1783=SURFACE_SIDE_STYLE('',(#1782));
#1784=SURFACE_STYLE_USAGE(.BOTH.,#1783);
#1785=PRESENTATION_STYLE_ASSIGNMENT((#1784));
#1786=STYLED_ITEM('',(#1785),#1778);
#1787=ADVANCED_FACE('',(#7793),#7795,.T.);
#1788=COLOUR_RGB('',0.156862745098039,0.156862745098039,0.156862745098039);
#1789=FILL_AREA_STYLE_COLOUR('',#1788);
#1790=FILL_AREA_STYLE($,(#1789));
#1791=SURFACE_STYLE_FILL_AREA(#1790);
#1792=SURFACE_SIDE_STYLE('',(#1791));
#1793=SURFACE_STYLE_USAGE(.BOTH.,#1792);
#1794=PRESENTATION_STYLE_ASSIGNMENT((#1793));
#1795=STYLED_ITEM('',(#1794),#1787);
#1796=ADVANCED_FACE('',(#7800),#7802,.T.);
#1797=COLOUR_RGB('',0.156862745098039,0.156862745098039,0.156862745098039);
#1798=FILL_AREA_STYLE_COLOUR('',#1797);
#1799=FILL_AREA_STYLE($,(#1798));
#1800=SURFACE_STYLE_FILL_AREA(#1799);
#1801=SURFACE_SIDE_STYLE('',(#1800));
#1802=SURFACE_STYLE_USAGE(.BOTH.,#1801);
#1803=PRESENTATION_STYLE_ASSIGNMENT((#1802));
#1804=STYLED_ITEM('',(#1803),#1796);
#1805=ADVANCED_FACE('',(#7807),#7809,.T.);
#1806=COLOUR_RGB('',0.156862745098039,0.156862745098039,0.156862745098039);
#1807=FILL_AREA_STYLE_COLOUR('',#1806);
#1808=FILL_AREA_STYLE($,(#1807));
#1809=SURFACE_STYLE_FILL_AREA(#1808);
#1810=SURFACE_SIDE_STYLE('',(#1809));
#1811=SURFACE_STYLE_USAGE(.BOTH.,#1810);
#1812=PRESENTATION_STYLE_ASSIGNMENT((#1811));
#1813=STYLED_ITEM('',(#1812),#1805);
#1814=ADVANCED_FACE('',(#7814),#7816,.T.);
#1815=COLOUR_RGB('',0.156862745098039,0.156862745098039,0.156862745098039);
#1816=FILL_AREA_STYLE_COLOUR('',#1815);
#1817=FILL_AREA_STYLE($,(#1816));
#1818=SURFACE_STYLE_FILL_AREA(#1817);
#1819=SURFACE_SIDE_STYLE('',(#1818));
#1820=SURFACE_STYLE_USAGE(.BOTH.,#1819);
#1821=PRESENTATION_STYLE_ASSIGNMENT((#1820));
#1822=STYLED_ITEM('',(#1821),#1814);
#1823=ADVANCED_FACE('',(#7821),#7823,.T.);
#1824=COLOUR_RGB('',0.156862745098039,0.156862745098039,0.156862745098039);
#1825=FILL_AREA_STYLE_COLOUR('',#1824);
#1826=FILL_AREA_STYLE($,(#1825));
#1827=SURFACE_STYLE_FILL_AREA(#1826);
#1828=SURFACE_SIDE_STYLE('',(#1827));
#1829=SURFACE_STYLE_USAGE(.BOTH.,#1828);
#1830=PRESENTATION_STYLE_ASSIGNMENT((#1829));
#1831=STYLED_ITEM('',(#1830),#1823);
#1832=ADVANCED_FACE('',(#7828),#7830,.T.);
#1833=COLOUR_RGB('',0.156862745098039,0.156862745098039,0.156862745098039);
#1834=FILL_AREA_STYLE_COLOUR('',#1833);
#1835=FILL_AREA_STYLE($,(#1834));
#1836=SURFACE_STYLE_FILL_AREA(#1835);
#1837=SURFACE_SIDE_STYLE('',(#1836));
#1838=SURFACE_STYLE_USAGE(.BOTH.,#1837);
#1839=PRESENTATION_STYLE_ASSIGNMENT((#1838));
#1840=STYLED_ITEM('',(#1839),#1832);
#1841=ADVANCED_FACE('',(#7835),#7837,.T.);
#1842=COLOUR_RGB('',0.156862745098039,0.156862745098039,0.156862745098039);
#1843=FILL_AREA_STYLE_COLOUR('',#1842);
#1844=FILL_AREA_STYLE($,(#1843));
#1845=SURFACE_STYLE_FILL_AREA(#1844);
#1846=SURFACE_SIDE_STYLE('',(#1845));
#1847=SURFACE_STYLE_USAGE(.BOTH.,#1846);
#1848=PRESENTATION_STYLE_ASSIGNMENT((#1847));
#1849=STYLED_ITEM('',(#1848),#1841);
#1850=ADVANCED_FACE('',(#7842),#7844,.T.);
#1851=COLOUR_RGB('',0.156862745098039,0.156862745098039,0.156862745098039);
#1852=FILL_AREA_STYLE_COLOUR('',#1851);
#1853=FILL_AREA_STYLE($,(#1852));
#1854=SURFACE_STYLE_FILL_AREA(#1853);
#1855=SURFACE_SIDE_STYLE('',(#1854));
#1856=SURFACE_STYLE_USAGE(.BOTH.,#1855);
#1857=PRESENTATION_STYLE_ASSIGNMENT((#1856));
#1858=STYLED_ITEM('',(#1857),#1850);
#1859=ADVANCED_FACE('',(#7849),#7851,.T.);
#1860=COLOUR_RGB('',0.156862745098039,0.156862745098039,0.156862745098039);
#1861=FILL_AREA_STYLE_COLOUR('',#1860);
#1862=FILL_AREA_STYLE($,(#1861));
#1863=SURFACE_STYLE_FILL_AREA(#1862);
#1864=SURFACE_SIDE_STYLE('',(#1863));
#1865=SURFACE_STYLE_USAGE(.BOTH.,#1864);
#1866=PRESENTATION_STYLE_ASSIGNMENT((#1865));
#1867=STYLED_ITEM('',(#1866),#1859);
#1868=ADVANCED_FACE('',(#7856),#7858,.T.);
#1869=COLOUR_RGB('',0.156862745098039,0.156862745098039,0.156862745098039);
#1870=FILL_AREA_STYLE_COLOUR('',#1869);
#1871=FILL_AREA_STYLE($,(#1870));
#1872=SURFACE_STYLE_FILL_AREA(#1871);
#1873=SURFACE_SIDE_STYLE('',(#1872));
#1874=SURFACE_STYLE_USAGE(.BOTH.,#1873);
#1875=PRESENTATION_STYLE_ASSIGNMENT((#1874));
#1876=STYLED_ITEM('',(#1875),#1868);
#1877=ADVANCED_FACE('',(#7863),#7865,.T.);
#1878=COLOUR_RGB('',0.156862745098039,0.156862745098039,0.156862745098039);
#1879=FILL_AREA_STYLE_COLOUR('',#1878);
#1880=FILL_AREA_STYLE($,(#1879));
#1881=SURFACE_STYLE_FILL_AREA(#1880);
#1882=SURFACE_SIDE_STYLE('',(#1881));
#1883=SURFACE_STYLE_USAGE(.BOTH.,#1882);
#1884=PRESENTATION_STYLE_ASSIGNMENT((#1883));
#1885=STYLED_ITEM('',(#1884),#1877);
#1886=ADVANCED_FACE('',(#7870),#7872,.T.);
#1887=COLOUR_RGB('',0.156862745098039,0.156862745098039,0.156862745098039);
#1888=FILL_AREA_STYLE_COLOUR('',#1887);
#1889=FILL_AREA_STYLE($,(#1888));
#1890=SURFACE_STYLE_FILL_AREA(#1889);
#1891=SURFACE_SIDE_STYLE('',(#1890));
#1892=SURFACE_STYLE_USAGE(.BOTH.,#1891);
#1893=PRESENTATION_STYLE_ASSIGNMENT((#1892));
#1894=STYLED_ITEM('',(#1893),#1886);
#1895=ADVANCED_FACE('',(#7877),#7879,.T.);
#1896=COLOUR_RGB('',0.156862745098039,0.156862745098039,0.156862745098039);
#1897=FILL_AREA_STYLE_COLOUR('',#1896);
#1898=FILL_AREA_STYLE($,(#1897));
#1899=SURFACE_STYLE_FILL_AREA(#1898);
#1900=SURFACE_SIDE_STYLE('',(#1899));
#1901=SURFACE_STYLE_USAGE(.BOTH.,#1900);
#1902=PRESENTATION_STYLE_ASSIGNMENT((#1901));
#1903=STYLED_ITEM('',(#1902),#1895);
#1904=ADVANCED_FACE('',(#7884),#7886,.T.);
#1905=COLOUR_RGB('',0.156862745098039,0.156862745098039,0.156862745098039);
#1906=FILL_AREA_STYLE_COLOUR('',#1905);
#1907=FILL_AREA_STYLE($,(#1906));
#1908=SURFACE_STYLE_FILL_AREA(#1907);
#1909=SURFACE_SIDE_STYLE('',(#1908));
#1910=SURFACE_STYLE_USAGE(.BOTH.,#1909);
#1911=PRESENTATION_STYLE_ASSIGNMENT((#1910));
#1912=STYLED_ITEM('',(#1911),#1904);
#1913=ADVANCED_FACE('',(#7891),#7893,.T.);
#1914=COLOUR_RGB('',0.156862745098039,0.156862745098039,0.156862745098039);
#1915=FILL_AREA_STYLE_COLOUR('',#1914);
#1916=FILL_AREA_STYLE($,(#1915));
#1917=SURFACE_STYLE_FILL_AREA(#1916);
#1918=SURFACE_SIDE_STYLE('',(#1917));
#1919=SURFACE_STYLE_USAGE(.BOTH.,#1918);
#1920=PRESENTATION_STYLE_ASSIGNMENT((#1919));
#1921=STYLED_ITEM('',(#1920),#1913);
#1922=ADVANCED_FACE('',(#7898),#7900,.T.);
#1923=COLOUR_RGB('',0.156862745098039,0.156862745098039,0.156862745098039);
#1924=FILL_AREA_STYLE_COLOUR('',#1923);
#1925=FILL_AREA_STYLE($,(#1924));
#1926=SURFACE_STYLE_FILL_AREA(#1925);
#1927=SURFACE_SIDE_STYLE('',(#1926));
#1928=SURFACE_STYLE_USAGE(.BOTH.,#1927);
#1929=PRESENTATION_STYLE_ASSIGNMENT((#1928));
#1930=STYLED_ITEM('',(#1929),#1922);
#1931=ADVANCED_FACE('',(#7905),#7907,.T.);
#1932=COLOUR_RGB('',0.156862745098039,0.156862745098039,0.156862745098039);
#1933=FILL_AREA_STYLE_COLOUR('',#1932);
#1934=FILL_AREA_STYLE($,(#1933));
#1935=SURFACE_STYLE_FILL_AREA(#1934);
#1936=SURFACE_SIDE_STYLE('',(#1935));
#1937=SURFACE_STYLE_USAGE(.BOTH.,#1936);
#1938=PRESENTATION_STYLE_ASSIGNMENT((#1937));
#1939=STYLED_ITEM('',(#1938),#1931);
#1940=ADVANCED_FACE('',(#7912),#7914,.T.);
#1941=COLOUR_RGB('',0.156862745098039,0.156862745098039,0.156862745098039);
#1942=FILL_AREA_STYLE_COLOUR('',#1941);
#1943=FILL_AREA_STYLE($,(#1942));
#1944=SURFACE_STYLE_FILL_AREA(#1943);
#1945=SURFACE_SIDE_STYLE('',(#1944));
#1946=SURFACE_STYLE_USAGE(.BOTH.,#1945);
#1947=PRESENTATION_STYLE_ASSIGNMENT((#1946));
#1948=STYLED_ITEM('',(#1947),#1940);
#1949=ADVANCED_FACE('',(#7919),#7921,.T.);
#1950=COLOUR_RGB('',0.156862745098039,0.156862745098039,0.156862745098039);
#1951=FILL_AREA_STYLE_COLOUR('',#1950);
#1952=FILL_AREA_STYLE($,(#1951));
#1953=SURFACE_STYLE_FILL_AREA(#1952);
#1954=SURFACE_SIDE_STYLE('',(#1953));
#1955=SURFACE_STYLE_USAGE(.BOTH.,#1954);
#1956=PRESENTATION_STYLE_ASSIGNMENT((#1955));
#1957=STYLED_ITEM('',(#1956),#1949);
#1958=ADVANCED_FACE('',(#7926),#7928,.T.);
#1959=COLOUR_RGB('',0.156862745098039,0.156862745098039,0.156862745098039);
#1960=FILL_AREA_STYLE_COLOUR('',#1959);
#1961=FILL_AREA_STYLE($,(#1960));
#1962=SURFACE_STYLE_FILL_AREA(#1961);
#1963=SURFACE_SIDE_STYLE('',(#1962));
#1964=SURFACE_STYLE_USAGE(.BOTH.,#1963);
#1965=PRESENTATION_STYLE_ASSIGNMENT((#1964));
#1966=STYLED_ITEM('',(#1965),#1958);
#1967=ADVANCED_FACE('',(#7933),#7935,.T.);
#1968=COLOUR_RGB('',0.156862745098039,0.156862745098039,0.156862745098039);
#1969=FILL_AREA_STYLE_COLOUR('',#1968);
#1970=FILL_AREA_STYLE($,(#1969));
#1971=SURFACE_STYLE_FILL_AREA(#1970);
#1972=SURFACE_SIDE_STYLE('',(#1971));
#1973=SURFACE_STYLE_USAGE(.BOTH.,#1972);
#1974=PRESENTATION_STYLE_ASSIGNMENT((#1973));
#1975=STYLED_ITEM('',(#1974),#1967);
#1976=ADVANCED_FACE('',(#7940),#7942,.T.);
#1977=COLOUR_RGB('',0.156862745098039,0.156862745098039,0.156862745098039);
#1978=FILL_AREA_STYLE_COLOUR('',#1977);
#1979=FILL_AREA_STYLE($,(#1978));
#1980=SURFACE_STYLE_FILL_AREA(#1979);
#1981=SURFACE_SIDE_STYLE('',(#1980));
#1982=SURFACE_STYLE_USAGE(.BOTH.,#1981);
#1983=PRESENTATION_STYLE_ASSIGNMENT((#1982));
#1984=STYLED_ITEM('',(#1983),#1976);
#1985=ADVANCED_FACE('',(#7947),#7949,.T.);
#1986=COLOUR_RGB('',0.156862745098039,0.156862745098039,0.156862745098039);
#1987=FILL_AREA_STYLE_COLOUR('',#1986);
#1988=FILL_AREA_STYLE($,(#1987));
#1989=SURFACE_STYLE_FILL_AREA(#1988);
#1990=SURFACE_SIDE_STYLE('',(#1989));
#1991=SURFACE_STYLE_USAGE(.BOTH.,#1990);
#1992=PRESENTATION_STYLE_ASSIGNMENT((#1991));
#1993=STYLED_ITEM('',(#1992),#1985);
#1994=ADVANCED_FACE('',(#7954),#7956,.T.);
#1995=COLOUR_RGB('',0.156862745098039,0.156862745098039,0.156862745098039);
#1996=FILL_AREA_STYLE_COLOUR('',#1995);
#1997=FILL_AREA_STYLE($,(#1996));
#1998=SURFACE_STYLE_FILL_AREA(#1997);
#1999=SURFACE_SIDE_STYLE('',(#1998));
#2000=SURFACE_STYLE_USAGE(.BOTH.,#1999);
#2001=PRESENTATION_STYLE_ASSIGNMENT((#2000));
#2002=STYLED_ITEM('',(#2001),#1994);
#2003=ADVANCED_FACE('',(#7961),#7963,.T.);
#2004=COLOUR_RGB('',0.156862745098039,0.156862745098039,0.156862745098039);
#2005=FILL_AREA_STYLE_COLOUR('',#2004);
#2006=FILL_AREA_STYLE($,(#2005));
#2007=SURFACE_STYLE_FILL_AREA(#2006);
#2008=SURFACE_SIDE_STYLE('',(#2007));
#2009=SURFACE_STYLE_USAGE(.BOTH.,#2008);
#2010=PRESENTATION_STYLE_ASSIGNMENT((#2009));
#2011=STYLED_ITEM('',(#2010),#2003);
#2012=ADVANCED_FACE('',(#7968),#7970,.T.);
#2013=COLOUR_RGB('',0.156862745098039,0.156862745098039,0.156862745098039);
#2014=FILL_AREA_STYLE_COLOUR('',#2013);
#2015=FILL_AREA_STYLE($,(#2014));
#2016=SURFACE_STYLE_FILL_AREA(#2015);
#2017=SURFACE_SIDE_STYLE('',(#2016));
#2018=SURFACE_STYLE_USAGE(.BOTH.,#2017);
#2019=PRESENTATION_STYLE_ASSIGNMENT((#2018));
#2020=STYLED_ITEM('',(#2019),#2012);
#2021=ADVANCED_FACE('',(#7975),#7977,.T.);
#2022=COLOUR_RGB('',0.156862745098039,0.156862745098039,0.156862745098039);
#2023=FILL_AREA_STYLE_COLOUR('',#2022);
#2024=FILL_AREA_STYLE($,(#2023));
#2025=SURFACE_STYLE_FILL_AREA(#2024);
#2026=SURFACE_SIDE_STYLE('',(#2025));
#2027=SURFACE_STYLE_USAGE(.BOTH.,#2026);
#2028=PRESENTATION_STYLE_ASSIGNMENT((#2027));
#2029=STYLED_ITEM('',(#2028),#2021);
#2030=ADVANCED_FACE('',(#7982),#7984,.T.);
#2031=COLOUR_RGB('',0.156862745098039,0.156862745098039,0.156862745098039);
#2032=FILL_AREA_STYLE_COLOUR('',#2031);
#2033=FILL_AREA_STYLE($,(#2032));
#2034=SURFACE_STYLE_FILL_AREA(#2033);
#2035=SURFACE_SIDE_STYLE('',(#2034));
#2036=SURFACE_STYLE_USAGE(.BOTH.,#2035);
#2037=PRESENTATION_STYLE_ASSIGNMENT((#2036));
#2038=STYLED_ITEM('',(#2037),#2030);
#2039=ADVANCED_FACE('',(#7989),#7991,.T.);
#2040=COLOUR_RGB('',0.156862745098039,0.156862745098039,0.156862745098039);
#2041=FILL_AREA_STYLE_COLOUR('',#2040);
#2042=FILL_AREA_STYLE($,(#2041));
#2043=SURFACE_STYLE_FILL_AREA(#2042);
#2044=SURFACE_SIDE_STYLE('',(#2043));
#2045=SURFACE_STYLE_USAGE(.BOTH.,#2044);
#2046=PRESENTATION_STYLE_ASSIGNMENT((#2045));
#2047=STYLED_ITEM('',(#2046),#2039);
#2048=ADVANCED_FACE('',(#7996),#7998,.T.);
#2049=COLOUR_RGB('',0.156862745098039,0.156862745098039,0.156862745098039);
#2050=FILL_AREA_STYLE_COLOUR('',#2049);
#2051=FILL_AREA_STYLE($,(#2050));
#2052=SURFACE_STYLE_FILL_AREA(#2051);
#2053=SURFACE_SIDE_STYLE('',(#2052));
#2054=SURFACE_STYLE_USAGE(.BOTH.,#2053);
#2055=PRESENTATION_STYLE_ASSIGNMENT((#2054));
#2056=STYLED_ITEM('',(#2055),#2048);
#2057=ADVANCED_FACE('',(#8003),#8005,.T.);
#2058=COLOUR_RGB('',0.156862745098039,0.156862745098039,0.156862745098039);
#2059=FILL_AREA_STYLE_COLOUR('',#2058);
#2060=FILL_AREA_STYLE($,(#2059));
#2061=SURFACE_STYLE_FILL_AREA(#2060);
#2062=SURFACE_SIDE_STYLE('',(#2061));
#2063=SURFACE_STYLE_USAGE(.BOTH.,#2062);
#2064=PRESENTATION_STYLE_ASSIGNMENT((#2063));
#2065=STYLED_ITEM('',(#2064),#2057);
#2066=ADVANCED_FACE('',(#8010),#8012,.T.);
#2067=COLOUR_RGB('',0.156862745098039,0.156862745098039,0.156862745098039);
#2068=FILL_AREA_STYLE_COLOUR('',#2067);
#2069=FILL_AREA_STYLE($,(#2068));
#2070=SURFACE_STYLE_FILL_AREA(#2069);
#2071=SURFACE_SIDE_STYLE('',(#2070));
#2072=SURFACE_STYLE_USAGE(.BOTH.,#2071);
#2073=PRESENTATION_STYLE_ASSIGNMENT((#2072));
#2074=STYLED_ITEM('',(#2073),#2066);
#2075=ADVANCED_FACE('',(#8017),#8019,.T.);
#2076=COLOUR_RGB('',0.156862745098039,0.156862745098039,0.156862745098039);
#2077=FILL_AREA_STYLE_COLOUR('',#2076);
#2078=FILL_AREA_STYLE($,(#2077));
#2079=SURFACE_STYLE_FILL_AREA(#2078);
#2080=SURFACE_SIDE_STYLE('',(#2079));
#2081=SURFACE_STYLE_USAGE(.BOTH.,#2080);
#2082=PRESENTATION_STYLE_ASSIGNMENT((#2081));
#2083=STYLED_ITEM('',(#2082),#2075);
#2084=ADVANCED_FACE('',(#8024),#8026,.T.);
#2085=COLOUR_RGB('',0.156862745098039,0.156862745098039,0.156862745098039);
#2086=FILL_AREA_STYLE_COLOUR('',#2085);
#2087=FILL_AREA_STYLE($,(#2086));
#2088=SURFACE_STYLE_FILL_AREA(#2087);
#2089=SURFACE_SIDE_STYLE('',(#2088));
#2090=SURFACE_STYLE_USAGE(.BOTH.,#2089);
#2091=PRESENTATION_STYLE_ASSIGNMENT((#2090));
#2092=STYLED_ITEM('',(#2091),#2084);
#2093=ADVANCED_FACE('',(#8031),#8033,.T.);
#2094=COLOUR_RGB('',0.156862745098039,0.156862745098039,0.156862745098039);
#2095=FILL_AREA_STYLE_COLOUR('',#2094);
#2096=FILL_AREA_STYLE($,(#2095));
#2097=SURFACE_STYLE_FILL_AREA(#2096);
#2098=SURFACE_SIDE_STYLE('',(#2097));
#2099=SURFACE_STYLE_USAGE(.BOTH.,#2098);
#2100=PRESENTATION_STYLE_ASSIGNMENT((#2099));
#2101=STYLED_ITEM('',(#2100),#2093);
#2102=ADVANCED_FACE('',(#8038),#8040,.T.);
#2103=COLOUR_RGB('',0.156862745098039,0.156862745098039,0.156862745098039);
#2104=FILL_AREA_STYLE_COLOUR('',#2103);
#2105=FILL_AREA_STYLE($,(#2104));
#2106=SURFACE_STYLE_FILL_AREA(#2105);
#2107=SURFACE_SIDE_STYLE('',(#2106));
#2108=SURFACE_STYLE_USAGE(.BOTH.,#2107);
#2109=PRESENTATION_STYLE_ASSIGNMENT((#2108));
#2110=STYLED_ITEM('',(#2109),#2102);
#2111=ADVANCED_FACE('',(#8045),#8047,.T.);
#2112=COLOUR_RGB('',0.156862745098039,0.156862745098039,0.156862745098039);
#2113=FILL_AREA_STYLE_COLOUR('',#2112);
#2114=FILL_AREA_STYLE($,(#2113));
#2115=SURFACE_STYLE_FILL_AREA(#2114);
#2116=SURFACE_SIDE_STYLE('',(#2115));
#2117=SURFACE_STYLE_USAGE(.BOTH.,#2116);
#2118=PRESENTATION_STYLE_ASSIGNMENT((#2117));
#2119=STYLED_ITEM('',(#2118),#2111);
#2120=ADVANCED_FACE('',(#8052),#8054,.T.);
#2121=COLOUR_RGB('',0.156862745098039,0.156862745098039,0.156862745098039);
#2122=FILL_AREA_STYLE_COLOUR('',#2121);
#2123=FILL_AREA_STYLE($,(#2122));
#2124=SURFACE_STYLE_FILL_AREA(#2123);
#2125=SURFACE_SIDE_STYLE('',(#2124));
#2126=SURFACE_STYLE_USAGE(.BOTH.,#2125);
#2127=PRESENTATION_STYLE_ASSIGNMENT((#2126));
#2128=STYLED_ITEM('',(#2127),#2120);
#2129=ADVANCED_FACE('',(#8059),#8061,.T.);
#2130=COLOUR_RGB('',0.156862745098039,0.156862745098039,0.156862745098039);
#2131=FILL_AREA_STYLE_COLOUR('',#2130);
#2132=FILL_AREA_STYLE($,(#2131));
#2133=SURFACE_STYLE_FILL_AREA(#2132);
#2134=SURFACE_SIDE_STYLE('',(#2133));
#2135=SURFACE_STYLE_USAGE(.BOTH.,#2134);
#2136=PRESENTATION_STYLE_ASSIGNMENT((#2135));
#2137=STYLED_ITEM('',(#2136),#2129);
#2138=ADVANCED_FACE('',(#8066),#8068,.T.);
#2139=COLOUR_RGB('',0.156862745098039,0.156862745098039,0.156862745098039);
#2140=FILL_AREA_STYLE_COLOUR('',#2139);
#2141=FILL_AREA_STYLE($,(#2140));
#2142=SURFACE_STYLE_FILL_AREA(#2141);
#2143=SURFACE_SIDE_STYLE('',(#2142));
#2144=SURFACE_STYLE_USAGE(.BOTH.,#2143);
#2145=PRESENTATION_STYLE_ASSIGNMENT((#2144));
#2146=STYLED_ITEM('',(#2145),#2138);
#2147=ADVANCED_FACE('',(#8073),#8075,.T.);
#2148=COLOUR_RGB('',0.156862745098039,0.156862745098039,0.156862745098039);
#2149=FILL_AREA_STYLE_COLOUR('',#2148);
#2150=FILL_AREA_STYLE($,(#2149));
#2151=SURFACE_STYLE_FILL_AREA(#2150);
#2152=SURFACE_SIDE_STYLE('',(#2151));
#2153=SURFACE_STYLE_USAGE(.BOTH.,#2152);
#2154=PRESENTATION_STYLE_ASSIGNMENT((#2153));
#2155=STYLED_ITEM('',(#2154),#2147);
#2156=ADVANCED_FACE('',(#8080),#8082,.T.);
#2157=COLOUR_RGB('',0.156862745098039,0.156862745098039,0.156862745098039);
#2158=FILL_AREA_STYLE_COLOUR('',#2157);
#2159=FILL_AREA_STYLE($,(#2158));
#2160=SURFACE_STYLE_FILL_AREA(#2159);
#2161=SURFACE_SIDE_STYLE('',(#2160));
#2162=SURFACE_STYLE_USAGE(.BOTH.,#2161);
#2163=PRESENTATION_STYLE_ASSIGNMENT((#2162));
#2164=STYLED_ITEM('',(#2163),#2156);
#2165=ADVANCED_FACE('',(#8087),#8089,.T.);
#2166=COLOUR_RGB('',0.156862745098039,0.156862745098039,0.156862745098039);
#2167=FILL_AREA_STYLE_COLOUR('',#2166);
#2168=FILL_AREA_STYLE($,(#2167));
#2169=SURFACE_STYLE_FILL_AREA(#2168);
#2170=SURFACE_SIDE_STYLE('',(#2169));
#2171=SURFACE_STYLE_USAGE(.BOTH.,#2170);
#2172=PRESENTATION_STYLE_ASSIGNMENT((#2171));
#2173=STYLED_ITEM('',(#2172),#2165);
#2174=ADVANCED_FACE('',(#8094),#8096,.T.);
#2175=COLOUR_RGB('',0.156862745098039,0.156862745098039,0.156862745098039);
#2176=FILL_AREA_STYLE_COLOUR('',#2175);
#2177=FILL_AREA_STYLE($,(#2176));
#2178=SURFACE_STYLE_FILL_AREA(#2177);
#2179=SURFACE_SIDE_STYLE('',(#2178));
#2180=SURFACE_STYLE_USAGE(.BOTH.,#2179);
#2181=PRESENTATION_STYLE_ASSIGNMENT((#2180));
#2182=STYLED_ITEM('',(#2181),#2174);
#2183=ADVANCED_FACE('',(#8101),#8103,.T.);
#2184=COLOUR_RGB('',0.156862745098039,0.156862745098039,0.156862745098039);
#2185=FILL_AREA_STYLE_COLOUR('',#2184);
#2186=FILL_AREA_STYLE($,(#2185));
#2187=SURFACE_STYLE_FILL_AREA(#2186);
#2188=SURFACE_SIDE_STYLE('',(#2187));
#2189=SURFACE_STYLE_USAGE(.BOTH.,#2188);
#2190=PRESENTATION_STYLE_ASSIGNMENT((#2189));
#2191=STYLED_ITEM('',(#2190),#2183);
#2192=ADVANCED_FACE('',(#8108),#8110,.T.);
#2193=COLOUR_RGB('',0.156862745098039,0.156862745098039,0.156862745098039);
#2194=FILL_AREA_STYLE_COLOUR('',#2193);
#2195=FILL_AREA_STYLE($,(#2194));
#2196=SURFACE_STYLE_FILL_AREA(#2195);
#2197=SURFACE_SIDE_STYLE('',(#2196));
#2198=SURFACE_STYLE_USAGE(.BOTH.,#2197);
#2199=PRESENTATION_STYLE_ASSIGNMENT((#2198));
#2200=STYLED_ITEM('',(#2199),#2192);
#2201=ADVANCED_FACE('',(#8115),#8117,.T.);
#2202=COLOUR_RGB('',0.156862745098039,0.156862745098039,0.156862745098039);
#2203=FILL_AREA_STYLE_COLOUR('',#2202);
#2204=FILL_AREA_STYLE($,(#2203));
#2205=SURFACE_STYLE_FILL_AREA(#2204);
#2206=SURFACE_SIDE_STYLE('',(#2205));
#2207=SURFACE_STYLE_USAGE(.BOTH.,#2206);
#2208=PRESENTATION_STYLE_ASSIGNMENT((#2207));
#2209=STYLED_ITEM('',(#2208),#2201);
#2210=ADVANCED_FACE('',(#8122),#8124,.T.);
#2211=COLOUR_RGB('',0.156862745098039,0.156862745098039,0.156862745098039);
#2212=FILL_AREA_STYLE_COLOUR('',#2211);
#2213=FILL_AREA_STYLE($,(#2212));
#2214=SURFACE_STYLE_FILL_AREA(#2213);
#2215=SURFACE_SIDE_STYLE('',(#2214));
#2216=SURFACE_STYLE_USAGE(.BOTH.,#2215);
#2217=PRESENTATION_STYLE_ASSIGNMENT((#2216));
#2218=STYLED_ITEM('',(#2217),#2210);
#2219=ADVANCED_FACE('',(#8129),#8131,.T.);
#2220=COLOUR_RGB('',0.156862745098039,0.156862745098039,0.156862745098039);
#2221=FILL_AREA_STYLE_COLOUR('',#2220);
#2222=FILL_AREA_STYLE($,(#2221));
#2223=SURFACE_STYLE_FILL_AREA(#2222);
#2224=SURFACE_SIDE_STYLE('',(#2223));
#2225=SURFACE_STYLE_USAGE(.BOTH.,#2224);
#2226=PRESENTATION_STYLE_ASSIGNMENT((#2225));
#2227=STYLED_ITEM('',(#2226),#2219);
#2228=ADVANCED_FACE('',(#8136),#8138,.T.);
#2229=COLOUR_RGB('',0.156862745098039,0.156862745098039,0.156862745098039);
#2230=FILL_AREA_STYLE_COLOUR('',#2229);
#2231=FILL_AREA_STYLE($,(#2230));
#2232=SURFACE_STYLE_FILL_AREA(#2231);
#2233=SURFACE_SIDE_STYLE('',(#2232));
#2234=SURFACE_STYLE_USAGE(.BOTH.,#2233);
#2235=PRESENTATION_STYLE_ASSIGNMENT((#2234));
#2236=STYLED_ITEM('',(#2235),#2228);
#2237=ADVANCED_FACE('',(#8143),#8145,.T.);
#2238=COLOUR_RGB('',0.156862745098039,0.156862745098039,0.156862745098039);
#2239=FILL_AREA_STYLE_COLOUR('',#2238);
#2240=FILL_AREA_STYLE($,(#2239));
#2241=SURFACE_STYLE_FILL_AREA(#2240);
#2242=SURFACE_SIDE_STYLE('',(#2241));
#2243=SURFACE_STYLE_USAGE(.BOTH.,#2242);
#2244=PRESENTATION_STYLE_ASSIGNMENT((#2243));
#2245=STYLED_ITEM('',(#2244),#2237);
#2246=ADVANCED_FACE('',(#8150),#8152,.T.);
#2247=COLOUR_RGB('',0.156862745098039,0.156862745098039,0.156862745098039);
#2248=FILL_AREA_STYLE_COLOUR('',#2247);
#2249=FILL_AREA_STYLE($,(#2248));
#2250=SURFACE_STYLE_FILL_AREA(#2249);
#2251=SURFACE_SIDE_STYLE('',(#2250));
#2252=SURFACE_STYLE_USAGE(.BOTH.,#2251);
#2253=PRESENTATION_STYLE_ASSIGNMENT((#2252));
#2254=STYLED_ITEM('',(#2253),#2246);
#2255=ADVANCED_FACE('',(#8157),#8159,.T.);
#2256=COLOUR_RGB('',0.156862745098039,0.156862745098039,0.156862745098039);
#2257=FILL_AREA_STYLE_COLOUR('',#2256);
#2258=FILL_AREA_STYLE($,(#2257));
#2259=SURFACE_STYLE_FILL_AREA(#2258);
#2260=SURFACE_SIDE_STYLE('',(#2259));
#2261=SURFACE_STYLE_USAGE(.BOTH.,#2260);
#2262=PRESENTATION_STYLE_ASSIGNMENT((#2261));
#2263=STYLED_ITEM('',(#2262),#2255);
#2264=ADVANCED_FACE('',(#8164),#8166,.T.);
#2265=COLOUR_RGB('',0.156862745098039,0.156862745098039,0.156862745098039);
#2266=FILL_AREA_STYLE_COLOUR('',#2265);
#2267=FILL_AREA_STYLE($,(#2266));
#2268=SURFACE_STYLE_FILL_AREA(#2267);
#2269=SURFACE_SIDE_STYLE('',(#2268));
#2270=SURFACE_STYLE_USAGE(.BOTH.,#2269);
#2271=PRESENTATION_STYLE_ASSIGNMENT((#2270));
#2272=STYLED_ITEM('',(#2271),#2264);
#2273=ADVANCED_FACE('',(#8171),#8173,.T.);
#2274=COLOUR_RGB('',0.156862745098039,0.156862745098039,0.156862745098039);
#2275=FILL_AREA_STYLE_COLOUR('',#2274);
#2276=FILL_AREA_STYLE($,(#2275));
#2277=SURFACE_STYLE_FILL_AREA(#2276);
#2278=SURFACE_SIDE_STYLE('',(#2277));
#2279=SURFACE_STYLE_USAGE(.BOTH.,#2278);
#2280=PRESENTATION_STYLE_ASSIGNMENT((#2279));
#2281=STYLED_ITEM('',(#2280),#2273);
#2282=ADVANCED_FACE('',(#8178),#8180,.T.);
#2283=COLOUR_RGB('',0.156862745098039,0.156862745098039,0.156862745098039);
#2284=FILL_AREA_STYLE_COLOUR('',#2283);
#2285=FILL_AREA_STYLE($,(#2284));
#2286=SURFACE_STYLE_FILL_AREA(#2285);
#2287=SURFACE_SIDE_STYLE('',(#2286));
#2288=SURFACE_STYLE_USAGE(.BOTH.,#2287);
#2289=PRESENTATION_STYLE_ASSIGNMENT((#2288));
#2290=STYLED_ITEM('',(#2289),#2282);
#2291=ADVANCED_FACE('',(#8185),#8187,.T.);
#2292=COLOUR_RGB('',0.156862745098039,0.156862745098039,0.156862745098039);
#2293=FILL_AREA_STYLE_COLOUR('',#2292);
#2294=FILL_AREA_STYLE($,(#2293));
#2295=SURFACE_STYLE_FILL_AREA(#2294);
#2296=SURFACE_SIDE_STYLE('',(#2295));
#2297=SURFACE_STYLE_USAGE(.BOTH.,#2296);
#2298=PRESENTATION_STYLE_ASSIGNMENT((#2297));
#2299=STYLED_ITEM('',(#2298),#2291);
#2300=ADVANCED_FACE('',(#8192),#8194,.T.);
#2301=COLOUR_RGB('',0.156862745098039,0.156862745098039,0.156862745098039);
#2302=FILL_AREA_STYLE_COLOUR('',#2301);
#2303=FILL_AREA_STYLE($,(#2302));
#2304=SURFACE_STYLE_FILL_AREA(#2303);
#2305=SURFACE_SIDE_STYLE('',(#2304));
#2306=SURFACE_STYLE_USAGE(.BOTH.,#2305);
#2307=PRESENTATION_STYLE_ASSIGNMENT((#2306));
#2308=STYLED_ITEM('',(#2307),#2300);
#2309=ADVANCED_FACE('',(#8199),#8201,.T.);
#2310=COLOUR_RGB('',0.156862745098039,0.156862745098039,0.156862745098039);
#2311=FILL_AREA_STYLE_COLOUR('',#2310);
#2312=FILL_AREA_STYLE($,(#2311));
#2313=SURFACE_STYLE_FILL_AREA(#2312);
#2314=SURFACE_SIDE_STYLE('',(#2313));
#2315=SURFACE_STYLE_USAGE(.BOTH.,#2314);
#2316=PRESENTATION_STYLE_ASSIGNMENT((#2315));
#2317=STYLED_ITEM('',(#2316),#2309);
#2318=ADVANCED_FACE('',(#8206),#8208,.T.);
#2319=COLOUR_RGB('',0.156862745098039,0.156862745098039,0.156862745098039);
#2320=FILL_AREA_STYLE_COLOUR('',#2319);
#2321=FILL_AREA_STYLE($,(#2320));
#2322=SURFACE_STYLE_FILL_AREA(#2321);
#2323=SURFACE_SIDE_STYLE('',(#2322));
#2324=SURFACE_STYLE_USAGE(.BOTH.,#2323);
#2325=PRESENTATION_STYLE_ASSIGNMENT((#2324));
#2326=STYLED_ITEM('',(#2325),#2318);
#2327=ADVANCED_FACE('',(#8213),#8215,.T.);
#2328=COLOUR_RGB('',0.156862745098039,0.156862745098039,0.156862745098039);
#2329=FILL_AREA_STYLE_COLOUR('',#2328);
#2330=FILL_AREA_STYLE($,(#2329));
#2331=SURFACE_STYLE_FILL_AREA(#2330);
#2332=SURFACE_SIDE_STYLE('',(#2331));
#2333=SURFACE_STYLE_USAGE(.BOTH.,#2332);
#2334=PRESENTATION_STYLE_ASSIGNMENT((#2333));
#2335=STYLED_ITEM('',(#2334),#2327);
#2336=ADVANCED_FACE('',(#8220),#8222,.T.);
#2337=COLOUR_RGB('',0.156862745098039,0.156862745098039,0.156862745098039);
#2338=FILL_AREA_STYLE_COLOUR('',#2337);
#2339=FILL_AREA_STYLE($,(#2338));
#2340=SURFACE_STYLE_FILL_AREA(#2339);
#2341=SURFACE_SIDE_STYLE('',(#2340));
#2342=SURFACE_STYLE_USAGE(.BOTH.,#2341);
#2343=PRESENTATION_STYLE_ASSIGNMENT((#2342));
#2344=STYLED_ITEM('',(#2343),#2336);
#2345=ADVANCED_FACE('',(#8227),#8229,.T.);
#2346=COLOUR_RGB('',0.156862745098039,0.156862745098039,0.156862745098039);
#2347=FILL_AREA_STYLE_COLOUR('',#2346);
#2348=FILL_AREA_STYLE($,(#2347));
#2349=SURFACE_STYLE_FILL_AREA(#2348);
#2350=SURFACE_SIDE_STYLE('',(#2349));
#2351=SURFACE_STYLE_USAGE(.BOTH.,#2350);
#2352=PRESENTATION_STYLE_ASSIGNMENT((#2351));
#2353=STYLED_ITEM('',(#2352),#2345);
#2354=ADVANCED_FACE('',(#8234),#8236,.T.);
#2355=COLOUR_RGB('',0.156862745098039,0.156862745098039,0.156862745098039);
#2356=FILL_AREA_STYLE_COLOUR('',#2355);
#2357=FILL_AREA_STYLE($,(#2356));
#2358=SURFACE_STYLE_FILL_AREA(#2357);
#2359=SURFACE_SIDE_STYLE('',(#2358));
#2360=SURFACE_STYLE_USAGE(.BOTH.,#2359);
#2361=PRESENTATION_STYLE_ASSIGNMENT((#2360));
#2362=STYLED_ITEM('',(#2361),#2354);
#2363=ADVANCED_FACE('',(#8241),#8243,.T.);
#2364=COLOUR_RGB('',0.156862745098039,0.156862745098039,0.156862745098039);
#2365=FILL_AREA_STYLE_COLOUR('',#2364);
#2366=FILL_AREA_STYLE($,(#2365));
#2367=SURFACE_STYLE_FILL_AREA(#2366);
#2368=SURFACE_SIDE_STYLE('',(#2367));
#2369=SURFACE_STYLE_USAGE(.BOTH.,#2368);
#2370=PRESENTATION_STYLE_ASSIGNMENT((#2369));
#2371=STYLED_ITEM('',(#2370),#2363);
#2372=ADVANCED_FACE('',(#8248),#8250,.T.);
#2373=COLOUR_RGB('',0.156862745098039,0.156862745098039,0.156862745098039);
#2374=FILL_AREA_STYLE_COLOUR('',#2373);
#2375=FILL_AREA_STYLE($,(#2374));
#2376=SURFACE_STYLE_FILL_AREA(#2375);
#2377=SURFACE_SIDE_STYLE('',(#2376));
#2378=SURFACE_STYLE_USAGE(.BOTH.,#2377);
#2379=PRESENTATION_STYLE_ASSIGNMENT((#2378));
#2380=STYLED_ITEM('',(#2379),#2372);
#2381=ADVANCED_FACE('',(#8255),#8257,.T.);
#2382=COLOUR_RGB('',0.156862745098039,0.156862745098039,0.156862745098039);
#2383=FILL_AREA_STYLE_COLOUR('',#2382);
#2384=FILL_AREA_STYLE($,(#2383));
#2385=SURFACE_STYLE_FILL_AREA(#2384);
#2386=SURFACE_SIDE_STYLE('',(#2385));
#2387=SURFACE_STYLE_USAGE(.BOTH.,#2386);
#2388=PRESENTATION_STYLE_ASSIGNMENT((#2387));
#2389=STYLED_ITEM('',(#2388),#2381);
#2390=ADVANCED_FACE('',(#8262),#8264,.T.);
#2391=COLOUR_RGB('',0.156862745098039,0.156862745098039,0.156862745098039);
#2392=FILL_AREA_STYLE_COLOUR('',#2391);
#2393=FILL_AREA_STYLE($,(#2392));
#2394=SURFACE_STYLE_FILL_AREA(#2393);
#2395=SURFACE_SIDE_STYLE('',(#2394));
#2396=SURFACE_STYLE_USAGE(.BOTH.,#2395);
#2397=PRESENTATION_STYLE_ASSIGNMENT((#2396));
#2398=STYLED_ITEM('',(#2397),#2390);
#2399=ADVANCED_FACE('',(#8269),#8271,.T.);
#2400=COLOUR_RGB('',0.156862745098039,0.156862745098039,0.156862745098039);
#2401=FILL_AREA_STYLE_COLOUR('',#2400);
#2402=FILL_AREA_STYLE($,(#2401));
#2403=SURFACE_STYLE_FILL_AREA(#2402);
#2404=SURFACE_SIDE_STYLE('',(#2403));
#2405=SURFACE_STYLE_USAGE(.BOTH.,#2404);
#2406=PRESENTATION_STYLE_ASSIGNMENT((#2405));
#2407=STYLED_ITEM('',(#2406),#2399);
#2408=ADVANCED_FACE('',(#8276),#8278,.T.);
#2409=COLOUR_RGB('',0.156862745098039,0.156862745098039,0.156862745098039);
#2410=FILL_AREA_STYLE_COLOUR('',#2409);
#2411=FILL_AREA_STYLE($,(#2410));
#2412=SURFACE_STYLE_FILL_AREA(#2411);
#2413=SURFACE_SIDE_STYLE('',(#2412));
#2414=SURFACE_STYLE_USAGE(.BOTH.,#2413);
#2415=PRESENTATION_STYLE_ASSIGNMENT((#2414));
#2416=STYLED_ITEM('',(#2415),#2408);
#2417=ADVANCED_FACE('',(#8283),#8285,.T.);
#2418=COLOUR_RGB('',0.156862745098039,0.156862745098039,0.156862745098039);
#2419=FILL_AREA_STYLE_COLOUR('',#2418);
#2420=FILL_AREA_STYLE($,(#2419));
#2421=SURFACE_STYLE_FILL_AREA(#2420);
#2422=SURFACE_SIDE_STYLE('',(#2421));
#2423=SURFACE_STYLE_USAGE(.BOTH.,#2422);
#2424=PRESENTATION_STYLE_ASSIGNMENT((#2423));
#2425=STYLED_ITEM('',(#2424),#2417);
#2426=ADVANCED_FACE('',(#8290),#8292,.T.);
#2427=COLOUR_RGB('',0.156862745098039,0.156862745098039,0.156862745098039);
#2428=FILL_AREA_STYLE_COLOUR('',#2427);
#2429=FILL_AREA_STYLE($,(#2428));
#2430=SURFACE_STYLE_FILL_AREA(#2429);
#2431=SURFACE_SIDE_STYLE('',(#2430));
#2432=SURFACE_STYLE_USAGE(.BOTH.,#2431);
#2433=PRESENTATION_STYLE_ASSIGNMENT((#2432));
#2434=STYLED_ITEM('',(#2433),#2426);
#2435=ADVANCED_FACE('',(#8297),#8299,.T.);
#2436=COLOUR_RGB('',0.156862745098039,0.156862745098039,0.156862745098039);
#2437=FILL_AREA_STYLE_COLOUR('',#2436);
#2438=FILL_AREA_STYLE($,(#2437));
#2439=SURFACE_STYLE_FILL_AREA(#2438);
#2440=SURFACE_SIDE_STYLE('',(#2439));
#2441=SURFACE_STYLE_USAGE(.BOTH.,#2440);
#2442=PRESENTATION_STYLE_ASSIGNMENT((#2441));
#2443=STYLED_ITEM('',(#2442),#2435);
#2444=ADVANCED_FACE('',(#8304),#8306,.T.);
#2445=COLOUR_RGB('',0.156862745098039,0.156862745098039,0.156862745098039);
#2446=FILL_AREA_STYLE_COLOUR('',#2445);
#2447=FILL_AREA_STYLE($,(#2446));
#2448=SURFACE_STYLE_FILL_AREA(#2447);
#2449=SURFACE_SIDE_STYLE('',(#2448));
#2450=SURFACE_STYLE_USAGE(.BOTH.,#2449);
#2451=PRESENTATION_STYLE_ASSIGNMENT((#2450));
#2452=STYLED_ITEM('',(#2451),#2444);
#2453=ADVANCED_FACE('',(#8311),#8313,.T.);
#2454=COLOUR_RGB('',0.156862745098039,0.156862745098039,0.156862745098039);
#2455=FILL_AREA_STYLE_COLOUR('',#2454);
#2456=FILL_AREA_STYLE($,(#2455));
#2457=SURFACE_STYLE_FILL_AREA(#2456);
#2458=SURFACE_SIDE_STYLE('',(#2457));
#2459=SURFACE_STYLE_USAGE(.BOTH.,#2458);
#2460=PRESENTATION_STYLE_ASSIGNMENT((#2459));
#2461=STYLED_ITEM('',(#2460),#2453);
#2462=ADVANCED_FACE('',(#8318),#8320,.T.);
#2463=COLOUR_RGB('',0.156862745098039,0.156862745098039,0.156862745098039);
#2464=FILL_AREA_STYLE_COLOUR('',#2463);
#2465=FILL_AREA_STYLE($,(#2464));
#2466=SURFACE_STYLE_FILL_AREA(#2465);
#2467=SURFACE_SIDE_STYLE('',(#2466));
#2468=SURFACE_STYLE_USAGE(.BOTH.,#2467);
#2469=PRESENTATION_STYLE_ASSIGNMENT((#2468));
#2470=STYLED_ITEM('',(#2469),#2462);
#2471=ADVANCED_FACE('',(#8325),#8327,.T.);
#2472=COLOUR_RGB('',0.156862745098039,0.156862745098039,0.156862745098039);
#2473=FILL_AREA_STYLE_COLOUR('',#2472);
#2474=FILL_AREA_STYLE($,(#2473));
#2475=SURFACE_STYLE_FILL_AREA(#2474);
#2476=SURFACE_SIDE_STYLE('',(#2475));
#2477=SURFACE_STYLE_USAGE(.BOTH.,#2476);
#2478=PRESENTATION_STYLE_ASSIGNMENT((#2477));
#2479=STYLED_ITEM('',(#2478),#2471);
#2480=ADVANCED_FACE('',(#8332),#8334,.T.);
#2481=COLOUR_RGB('',0.156862745098039,0.156862745098039,0.156862745098039);
#2482=FILL_AREA_STYLE_COLOUR('',#2481);
#2483=FILL_AREA_STYLE($,(#2482));
#2484=SURFACE_STYLE_FILL_AREA(#2483);
#2485=SURFACE_SIDE_STYLE('',(#2484));
#2486=SURFACE_STYLE_USAGE(.BOTH.,#2485);
#2487=PRESENTATION_STYLE_ASSIGNMENT((#2486));
#2488=STYLED_ITEM('',(#2487),#2480);
#2489=ADVANCED_FACE('',(#8339),#8341,.T.);
#2490=COLOUR_RGB('',0.156862745098039,0.156862745098039,0.156862745098039);
#2491=FILL_AREA_STYLE_COLOUR('',#2490);
#2492=FILL_AREA_STYLE($,(#2491));
#2493=SURFACE_STYLE_FILL_AREA(#2492);
#2494=SURFACE_SIDE_STYLE('',(#2493));
#2495=SURFACE_STYLE_USAGE(.BOTH.,#2494);
#2496=PRESENTATION_STYLE_ASSIGNMENT((#2495));
#2497=STYLED_ITEM('',(#2496),#2489);
#2498=ADVANCED_FACE('',(#8346),#8348,.T.);
#2499=COLOUR_RGB('',0.156862745098039,0.156862745098039,0.156862745098039);
#2500=FILL_AREA_STYLE_COLOUR('',#2499);
#2501=FILL_AREA_STYLE($,(#2500));
#2502=SURFACE_STYLE_FILL_AREA(#2501);
#2503=SURFACE_SIDE_STYLE('',(#2502));
#2504=SURFACE_STYLE_USAGE(.BOTH.,#2503);
#2505=PRESENTATION_STYLE_ASSIGNMENT((#2504));
#2506=STYLED_ITEM('',(#2505),#2498);
#2507=ADVANCED_FACE('',(#8353),#8355,.T.);
#2508=COLOUR_RGB('',0.156862745098039,0.156862745098039,0.156862745098039);
#2509=FILL_AREA_STYLE_COLOUR('',#2508);
#2510=FILL_AREA_STYLE($,(#2509));
#2511=SURFACE_STYLE_FILL_AREA(#2510);
#2512=SURFACE_SIDE_STYLE('',(#2511));
#2513=SURFACE_STYLE_USAGE(.BOTH.,#2512);
#2514=PRESENTATION_STYLE_ASSIGNMENT((#2513));
#2515=STYLED_ITEM('',(#2514),#2507);
#2516=ADVANCED_FACE('',(#8360),#8362,.T.);
#2517=COLOUR_RGB('',0.156862745098039,0.156862745098039,0.156862745098039);
#2518=FILL_AREA_STYLE_COLOUR('',#2517);
#2519=FILL_AREA_STYLE($,(#2518));
#2520=SURFACE_STYLE_FILL_AREA(#2519);
#2521=SURFACE_SIDE_STYLE('',(#2520));
#2522=SURFACE_STYLE_USAGE(.BOTH.,#2521);
#2523=PRESENTATION_STYLE_ASSIGNMENT((#2522));
#2524=STYLED_ITEM('',(#2523),#2516);
#2525=ADVANCED_FACE('',(#8367),#8369,.T.);
#2526=COLOUR_RGB('',0.156862745098039,0.156862745098039,0.156862745098039);
#2527=FILL_AREA_STYLE_COLOUR('',#2526);
#2528=FILL_AREA_STYLE($,(#2527));
#2529=SURFACE_STYLE_FILL_AREA(#2528);
#2530=SURFACE_SIDE_STYLE('',(#2529));
#2531=SURFACE_STYLE_USAGE(.BOTH.,#2530);
#2532=PRESENTATION_STYLE_ASSIGNMENT((#2531));
#2533=STYLED_ITEM('',(#2532),#2525);
#2534=ADVANCED_FACE('',(#8374),#8376,.T.);
#2535=COLOUR_RGB('',0.156862745098039,0.156862745098039,0.156862745098039);
#2536=FILL_AREA_STYLE_COLOUR('',#2535);
#2537=FILL_AREA_STYLE($,(#2536));
#2538=SURFACE_STYLE_FILL_AREA(#2537);
#2539=SURFACE_SIDE_STYLE('',(#2538));
#2540=SURFACE_STYLE_USAGE(.BOTH.,#2539);
#2541=PRESENTATION_STYLE_ASSIGNMENT((#2540));
#2542=STYLED_ITEM('',(#2541),#2534);
#2543=ADVANCED_FACE('',(#8381),#8383,.T.);
#2544=COLOUR_RGB('',0.156862745098039,0.156862745098039,0.156862745098039);
#2545=FILL_AREA_STYLE_COLOUR('',#2544);
#2546=FILL_AREA_STYLE($,(#2545));
#2547=SURFACE_STYLE_FILL_AREA(#2546);
#2548=SURFACE_SIDE_STYLE('',(#2547));
#2549=SURFACE_STYLE_USAGE(.BOTH.,#2548);
#2550=PRESENTATION_STYLE_ASSIGNMENT((#2549));
#2551=STYLED_ITEM('',(#2550),#2543);
#2552=ADVANCED_FACE('',(#8388),#8390,.T.);
#2553=COLOUR_RGB('',0.156862745098039,0.156862745098039,0.156862745098039);
#2554=FILL_AREA_STYLE_COLOUR('',#2553);
#2555=FILL_AREA_STYLE($,(#2554));
#2556=SURFACE_STYLE_FILL_AREA(#2555);
#2557=SURFACE_SIDE_STYLE('',(#2556));
#2558=SURFACE_STYLE_USAGE(.BOTH.,#2557);
#2559=PRESENTATION_STYLE_ASSIGNMENT((#2558));
#2560=STYLED_ITEM('',(#2559),#2552);
#2561=ADVANCED_FACE('',(#8395),#8397,.T.);
#2562=COLOUR_RGB('',0.156862745098039,0.156862745098039,0.156862745098039);
#2563=FILL_AREA_STYLE_COLOUR('',#2562);
#2564=FILL_AREA_STYLE($,(#2563));
#2565=SURFACE_STYLE_FILL_AREA(#2564);
#2566=SURFACE_SIDE_STYLE('',(#2565));
#2567=SURFACE_STYLE_USAGE(.BOTH.,#2566);
#2568=PRESENTATION_STYLE_ASSIGNMENT((#2567));
#2569=STYLED_ITEM('',(#2568),#2561);
#2570=ADVANCED_FACE('',(#8402),#8404,.T.);
#2571=COLOUR_RGB('',0.156862745098039,0.156862745098039,0.156862745098039);
#2572=FILL_AREA_STYLE_COLOUR('',#2571);
#2573=FILL_AREA_STYLE($,(#2572));
#2574=SURFACE_STYLE_FILL_AREA(#2573);
#2575=SURFACE_SIDE_STYLE('',(#2574));
#2576=SURFACE_STYLE_USAGE(.BOTH.,#2575);
#2577=PRESENTATION_STYLE_ASSIGNMENT((#2576));
#2578=STYLED_ITEM('',(#2577),#2570);
#2579=ADVANCED_FACE('',(#8409),#8411,.T.);
#2580=COLOUR_RGB('',0.156862745098039,0.156862745098039,0.156862745098039);
#2581=FILL_AREA_STYLE_COLOUR('',#2580);
#2582=FILL_AREA_STYLE($,(#2581));
#2583=SURFACE_STYLE_FILL_AREA(#2582);
#2584=SURFACE_SIDE_STYLE('',(#2583));
#2585=SURFACE_STYLE_USAGE(.BOTH.,#2584);
#2586=PRESENTATION_STYLE_ASSIGNMENT((#2585));
#2587=STYLED_ITEM('',(#2586),#2579);
#2588=ADVANCED_FACE('',(#8416),#8418,.T.);
#2589=COLOUR_RGB('',0.156862745098039,0.156862745098039,0.156862745098039);
#2590=FILL_AREA_STYLE_COLOUR('',#2589);
#2591=FILL_AREA_STYLE($,(#2590));
#2592=SURFACE_STYLE_FILL_AREA(#2591);
#2593=SURFACE_SIDE_STYLE('',(#2592));
#2594=SURFACE_STYLE_USAGE(.BOTH.,#2593);
#2595=PRESENTATION_STYLE_ASSIGNMENT((#2594));
#2596=STYLED_ITEM('',(#2595),#2588);
#2597=ADVANCED_FACE('',(#8423),#8425,.T.);
#2598=COLOUR_RGB('',0.156862745098039,0.156862745098039,0.156862745098039);
#2599=FILL_AREA_STYLE_COLOUR('',#2598);
#2600=FILL_AREA_STYLE($,(#2599));
#2601=SURFACE_STYLE_FILL_AREA(#2600);
#2602=SURFACE_SIDE_STYLE('',(#2601));
#2603=SURFACE_STYLE_USAGE(.BOTH.,#2602);
#2604=PRESENTATION_STYLE_ASSIGNMENT((#2603));
#2605=STYLED_ITEM('',(#2604),#2597);
#2606=ADVANCED_FACE('',(#8430),#8432,.T.);
#2607=COLOUR_RGB('',0.156862745098039,0.156862745098039,0.156862745098039);
#2608=FILL_AREA_STYLE_COLOUR('',#2607);
#2609=FILL_AREA_STYLE($,(#2608));
#2610=SURFACE_STYLE_FILL_AREA(#2609);
#2611=SURFACE_SIDE_STYLE('',(#2610));
#2612=SURFACE_STYLE_USAGE(.BOTH.,#2611);
#2613=PRESENTATION_STYLE_ASSIGNMENT((#2612));
#2614=STYLED_ITEM('',(#2613),#2606);
#2615=ADVANCED_FACE('',(#8437),#8439,.T.);
#2616=COLOUR_RGB('',0.156862745098039,0.156862745098039,0.156862745098039);
#2617=FILL_AREA_STYLE_COLOUR('',#2616);
#2618=FILL_AREA_STYLE($,(#2617));
#2619=SURFACE_STYLE_FILL_AREA(#2618);
#2620=SURFACE_SIDE_STYLE('',(#2619));
#2621=SURFACE_STYLE_USAGE(.BOTH.,#2620);
#2622=PRESENTATION_STYLE_ASSIGNMENT((#2621));
#2623=STYLED_ITEM('',(#2622),#2615);
#2624=ADVANCED_FACE('',(#8444),#8446,.T.);
#2625=COLOUR_RGB('',0.156862745098039,0.156862745098039,0.156862745098039);
#2626=FILL_AREA_STYLE_COLOUR('',#2625);
#2627=FILL_AREA_STYLE($,(#2626));
#2628=SURFACE_STYLE_FILL_AREA(#2627);
#2629=SURFACE_SIDE_STYLE('',(#2628));
#2630=SURFACE_STYLE_USAGE(.BOTH.,#2629);
#2631=PRESENTATION_STYLE_ASSIGNMENT((#2630));
#2632=STYLED_ITEM('',(#2631),#2624);
#2633=ADVANCED_FACE('',(#8451),#8453,.T.);
#2634=COLOUR_RGB('',0.156862745098039,0.156862745098039,0.156862745098039);
#2635=FILL_AREA_STYLE_COLOUR('',#2634);
#2636=FILL_AREA_STYLE($,(#2635));
#2637=SURFACE_STYLE_FILL_AREA(#2636);
#2638=SURFACE_SIDE_STYLE('',(#2637));
#2639=SURFACE_STYLE_USAGE(.BOTH.,#2638);
#2640=PRESENTATION_STYLE_ASSIGNMENT((#2639));
#2641=STYLED_ITEM('',(#2640),#2633);
#2642=ADVANCED_FACE('',(#8458),#8460,.T.);
#2643=COLOUR_RGB('',0.156862745098039,0.156862745098039,0.156862745098039);
#2644=FILL_AREA_STYLE_COLOUR('',#2643);
#2645=FILL_AREA_STYLE($,(#2644));
#2646=SURFACE_STYLE_FILL_AREA(#2645);
#2647=SURFACE_SIDE_STYLE('',(#2646));
#2648=SURFACE_STYLE_USAGE(.BOTH.,#2647);
#2649=PRESENTATION_STYLE_ASSIGNMENT((#2648));
#2650=STYLED_ITEM('',(#2649),#2642);
#2651=ADVANCED_FACE('',(#8465),#8467,.T.);
#2652=COLOUR_RGB('',0.156862745098039,0.156862745098039,0.156862745098039);
#2653=FILL_AREA_STYLE_COLOUR('',#2652);
#2654=FILL_AREA_STYLE($,(#2653));
#2655=SURFACE_STYLE_FILL_AREA(#2654);
#2656=SURFACE_SIDE_STYLE('',(#2655));
#2657=SURFACE_STYLE_USAGE(.BOTH.,#2656);
#2658=PRESENTATION_STYLE_ASSIGNMENT((#2657));
#2659=STYLED_ITEM('',(#2658),#2651);
#2660=ADVANCED_FACE('',(#8472),#8474,.T.);
#2661=COLOUR_RGB('',0.156862745098039,0.156862745098039,0.156862745098039);
#2662=FILL_AREA_STYLE_COLOUR('',#2661);
#2663=FILL_AREA_STYLE($,(#2662));
#2664=SURFACE_STYLE_FILL_AREA(#2663);
#2665=SURFACE_SIDE_STYLE('',(#2664));
#2666=SURFACE_STYLE_USAGE(.BOTH.,#2665);
#2667=PRESENTATION_STYLE_ASSIGNMENT((#2666));
#2668=STYLED_ITEM('',(#2667),#2660);
#2669=ADVANCED_FACE('',(#8479),#8481,.T.);
#2670=COLOUR_RGB('',0.156862745098039,0.156862745098039,0.156862745098039);
#2671=FILL_AREA_STYLE_COLOUR('',#2670);
#2672=FILL_AREA_STYLE($,(#2671));
#2673=SURFACE_STYLE_FILL_AREA(#2672);
#2674=SURFACE_SIDE_STYLE('',(#2673));
#2675=SURFACE_STYLE_USAGE(.BOTH.,#2674);
#2676=PRESENTATION_STYLE_ASSIGNMENT((#2675));
#2677=STYLED_ITEM('',(#2676),#2669);
#2678=ADVANCED_FACE('',(#8486),#8488,.T.);
#2679=COLOUR_RGB('',0.156862745098039,0.156862745098039,0.156862745098039);
#2680=FILL_AREA_STYLE_COLOUR('',#2679);
#2681=FILL_AREA_STYLE($,(#2680));
#2682=SURFACE_STYLE_FILL_AREA(#2681);
#2683=SURFACE_SIDE_STYLE('',(#2682));
#2684=SURFACE_STYLE_USAGE(.BOTH.,#2683);
#2685=PRESENTATION_STYLE_ASSIGNMENT((#2684));
#2686=STYLED_ITEM('',(#2685),#2678);
#2687=ADVANCED_FACE('',(#8493),#8495,.T.);
#2688=COLOUR_RGB('',0.156862745098039,0.156862745098039,0.156862745098039);
#2689=FILL_AREA_STYLE_COLOUR('',#2688);
#2690=FILL_AREA_STYLE($,(#2689));
#2691=SURFACE_STYLE_FILL_AREA(#2690);
#2692=SURFACE_SIDE_STYLE('',(#2691));
#2693=SURFACE_STYLE_USAGE(.BOTH.,#2692);
#2694=PRESENTATION_STYLE_ASSIGNMENT((#2693));
#2695=STYLED_ITEM('',(#2694),#2687);
#2696=ADVANCED_FACE('',(#8500),#8502,.T.);
#2697=COLOUR_RGB('',0.156862745098039,0.156862745098039,0.156862745098039);
#2698=FILL_AREA_STYLE_COLOUR('',#2697);
#2699=FILL_AREA_STYLE($,(#2698));
#2700=SURFACE_STYLE_FILL_AREA(#2699);
#2701=SURFACE_SIDE_STYLE('',(#2700));
#2702=SURFACE_STYLE_USAGE(.BOTH.,#2701);
#2703=PRESENTATION_STYLE_ASSIGNMENT((#2702));
#2704=STYLED_ITEM('',(#2703),#2696);
#2705=ADVANCED_FACE('',(#8507),#8509,.T.);
#2706=COLOUR_RGB('',0.156862745098039,0.156862745098039,0.156862745098039);
#2707=FILL_AREA_STYLE_COLOUR('',#2706);
#2708=FILL_AREA_STYLE($,(#2707));
#2709=SURFACE_STYLE_FILL_AREA(#2708);
#2710=SURFACE_SIDE_STYLE('',(#2709));
#2711=SURFACE_STYLE_USAGE(.BOTH.,#2710);
#2712=PRESENTATION_STYLE_ASSIGNMENT((#2711));
#2713=STYLED_ITEM('',(#2712),#2705);
#2714=ADVANCED_FACE('',(#8514),#8516,.T.);
#2715=COLOUR_RGB('',0.156862745098039,0.156862745098039,0.156862745098039);
#2716=FILL_AREA_STYLE_COLOUR('',#2715);
#2717=FILL_AREA_STYLE($,(#2716));
#2718=SURFACE_STYLE_FILL_AREA(#2717);
#2719=SURFACE_SIDE_STYLE('',(#2718));
#2720=SURFACE_STYLE_USAGE(.BOTH.,#2719);
#2721=PRESENTATION_STYLE_ASSIGNMENT((#2720));
#2722=STYLED_ITEM('',(#2721),#2714);
#2723=ADVANCED_FACE('',(#8521),#8523,.T.);
#2724=COLOUR_RGB('',0.156862745098039,0.156862745098039,0.156862745098039);
#2725=FILL_AREA_STYLE_COLOUR('',#2724);
#2726=FILL_AREA_STYLE($,(#2725));
#2727=SURFACE_STYLE_FILL_AREA(#2726);
#2728=SURFACE_SIDE_STYLE('',(#2727));
#2729=SURFACE_STYLE_USAGE(.BOTH.,#2728);
#2730=PRESENTATION_STYLE_ASSIGNMENT((#2729));
#2731=STYLED_ITEM('',(#2730),#2723);
#2732=ADVANCED_FACE('',(#8528),#8530,.T.);
#2733=COLOUR_RGB('',0.156862745098039,0.156862745098039,0.156862745098039);
#2734=FILL_AREA_STYLE_COLOUR('',#2733);
#2735=FILL_AREA_STYLE($,(#2734));
#2736=SURFACE_STYLE_FILL_AREA(#2735);
#2737=SURFACE_SIDE_STYLE('',(#2736));
#2738=SURFACE_STYLE_USAGE(.BOTH.,#2737);
#2739=PRESENTATION_STYLE_ASSIGNMENT((#2738));
#2740=STYLED_ITEM('',(#2739),#2732);
#2741=ADVANCED_FACE('',(#8535),#8537,.T.);
#2742=COLOUR_RGB('',0.156862745098039,0.156862745098039,0.156862745098039);
#2743=FILL_AREA_STYLE_COLOUR('',#2742);
#2744=FILL_AREA_STYLE($,(#2743));
#2745=SURFACE_STYLE_FILL_AREA(#2744);
#2746=SURFACE_SIDE_STYLE('',(#2745));
#2747=SURFACE_STYLE_USAGE(.BOTH.,#2746);
#2748=PRESENTATION_STYLE_ASSIGNMENT((#2747));
#2749=STYLED_ITEM('',(#2748),#2741);
#2750=ADVANCED_FACE('',(#8542),#8544,.T.);
#2751=COLOUR_RGB('',0.156862745098039,0.156862745098039,0.156862745098039);
#2752=FILL_AREA_STYLE_COLOUR('',#2751);
#2753=FILL_AREA_STYLE($,(#2752));
#2754=SURFACE_STYLE_FILL_AREA(#2753);
#2755=SURFACE_SIDE_STYLE('',(#2754));
#2756=SURFACE_STYLE_USAGE(.BOTH.,#2755);
#2757=PRESENTATION_STYLE_ASSIGNMENT((#2756));
#2758=STYLED_ITEM('',(#2757),#2750);
#2759=ADVANCED_FACE('',(#8549),#8551,.T.);
#2760=COLOUR_RGB('',0.156862745098039,0.156862745098039,0.156862745098039);
#2761=FILL_AREA_STYLE_COLOUR('',#2760);
#2762=FILL_AREA_STYLE($,(#2761));
#2763=SURFACE_STYLE_FILL_AREA(#2762);
#2764=SURFACE_SIDE_STYLE('',(#2763));
#2765=SURFACE_STYLE_USAGE(.BOTH.,#2764);
#2766=PRESENTATION_STYLE_ASSIGNMENT((#2765));
#2767=STYLED_ITEM('',(#2766),#2759);
#2768=ADVANCED_FACE('',(#8556),#8558,.T.);
#2769=COLOUR_RGB('',0.156862745098039,0.156862745098039,0.156862745098039);
#2770=FILL_AREA_STYLE_COLOUR('',#2769);
#2771=FILL_AREA_STYLE($,(#2770));
#2772=SURFACE_STYLE_FILL_AREA(#2771);
#2773=SURFACE_SIDE_STYLE('',(#2772));
#2774=SURFACE_STYLE_USAGE(.BOTH.,#2773);
#2775=PRESENTATION_STYLE_ASSIGNMENT((#2774));
#2776=STYLED_ITEM('',(#2775),#2768);
#2777=ADVANCED_FACE('',(#8563),#8565,.T.);
#2778=COLOUR_RGB('',0.156862745098039,0.156862745098039,0.156862745098039);
#2779=FILL_AREA_STYLE_COLOUR('',#2778);
#2780=FILL_AREA_STYLE($,(#2779));
#2781=SURFACE_STYLE_FILL_AREA(#2780);
#2782=SURFACE_SIDE_STYLE('',(#2781));
#2783=SURFACE_STYLE_USAGE(.BOTH.,#2782);
#2784=PRESENTATION_STYLE_ASSIGNMENT((#2783));
#2785=STYLED_ITEM('',(#2784),#2777);
#2786=ADVANCED_FACE('',(#8570),#8572,.T.);
#2787=COLOUR_RGB('',0.156862745098039,0.156862745098039,0.156862745098039);
#2788=FILL_AREA_STYLE_COLOUR('',#2787);
#2789=FILL_AREA_STYLE($,(#2788));
#2790=SURFACE_STYLE_FILL_AREA(#2789);
#2791=SURFACE_SIDE_STYLE('',(#2790));
#2792=SURFACE_STYLE_USAGE(.BOTH.,#2791);
#2793=PRESENTATION_STYLE_ASSIGNMENT((#2792));
#2794=STYLED_ITEM('',(#2793),#2786);
#2795=ADVANCED_FACE('',(#8577),#8579,.T.);
#2796=COLOUR_RGB('',0.156862745098039,0.156862745098039,0.156862745098039);
#2797=FILL_AREA_STYLE_COLOUR('',#2796);
#2798=FILL_AREA_STYLE($,(#2797));
#2799=SURFACE_STYLE_FILL_AREA(#2798);
#2800=SURFACE_SIDE_STYLE('',(#2799));
#2801=SURFACE_STYLE_USAGE(.BOTH.,#2800);
#2802=PRESENTATION_STYLE_ASSIGNMENT((#2801));
#2803=STYLED_ITEM('',(#2802),#2795);
#2804=ADVANCED_FACE('',(#8584),#8586,.T.);
#2805=COLOUR_RGB('',0.156862745098039,0.156862745098039,0.156862745098039);
#2806=FILL_AREA_STYLE_COLOUR('',#2805);
#2807=FILL_AREA_STYLE($,(#2806));
#2808=SURFACE_STYLE_FILL_AREA(#2807);
#2809=SURFACE_SIDE_STYLE('',(#2808));
#2810=SURFACE_STYLE_USAGE(.BOTH.,#2809);
#2811=PRESENTATION_STYLE_ASSIGNMENT((#2810));
#2812=STYLED_ITEM('',(#2811),#2804);
#2813=ADVANCED_FACE('',(#8591),#8593,.T.);
#2814=COLOUR_RGB('',0.156862745098039,0.156862745098039,0.156862745098039);
#2815=FILL_AREA_STYLE_COLOUR('',#2814);
#2816=FILL_AREA_STYLE($,(#2815));
#2817=SURFACE_STYLE_FILL_AREA(#2816);
#2818=SURFACE_SIDE_STYLE('',(#2817));
#2819=SURFACE_STYLE_USAGE(.BOTH.,#2818);
#2820=PRESENTATION_STYLE_ASSIGNMENT((#2819));
#2821=STYLED_ITEM('',(#2820),#2813);
#2822=ADVANCED_FACE('',(#8598),#8600,.T.);
#2823=COLOUR_RGB('',0.156862745098039,0.156862745098039,0.156862745098039);
#2824=FILL_AREA_STYLE_COLOUR('',#2823);
#2825=FILL_AREA_STYLE($,(#2824));
#2826=SURFACE_STYLE_FILL_AREA(#2825);
#2827=SURFACE_SIDE_STYLE('',(#2826));
#2828=SURFACE_STYLE_USAGE(.BOTH.,#2827);
#2829=PRESENTATION_STYLE_ASSIGNMENT((#2828));
#2830=STYLED_ITEM('',(#2829),#2822);
#2831=ADVANCED_FACE('',(#8605),#8607,.T.);
#2832=COLOUR_RGB('',0.156862745098039,0.156862745098039,0.156862745098039);
#2833=FILL_AREA_STYLE_COLOUR('',#2832);
#2834=FILL_AREA_STYLE($,(#2833));
#2835=SURFACE_STYLE_FILL_AREA(#2834);
#2836=SURFACE_SIDE_STYLE('',(#2835));
#2837=SURFACE_STYLE_USAGE(.BOTH.,#2836);
#2838=PRESENTATION_STYLE_ASSIGNMENT((#2837));
#2839=STYLED_ITEM('',(#2838),#2831);
#2840=ADVANCED_FACE('',(#8612),#8614,.T.);
#2841=COLOUR_RGB('',0.156862745098039,0.156862745098039,0.156862745098039);
#2842=FILL_AREA_STYLE_COLOUR('',#2841);
#2843=FILL_AREA_STYLE($,(#2842));
#2844=SURFACE_STYLE_FILL_AREA(#2843);
#2845=SURFACE_SIDE_STYLE('',(#2844));
#2846=SURFACE_STYLE_USAGE(.BOTH.,#2845);
#2847=PRESENTATION_STYLE_ASSIGNMENT((#2846));
#2848=STYLED_ITEM('',(#2847),#2840);
#2849=ADVANCED_FACE('',(#8619),#8621,.T.);
#2850=COLOUR_RGB('',0.156862745098039,0.156862745098039,0.156862745098039);
#2851=FILL_AREA_STYLE_COLOUR('',#2850);
#2852=FILL_AREA_STYLE($,(#2851));
#2853=SURFACE_STYLE_FILL_AREA(#2852);
#2854=SURFACE_SIDE_STYLE('',(#2853));
#2855=SURFACE_STYLE_USAGE(.BOTH.,#2854);
#2856=PRESENTATION_STYLE_ASSIGNMENT((#2855));
#2857=STYLED_ITEM('',(#2856),#2849);
#2858=ADVANCED_FACE('',(#8626),#8628,.T.);
#2859=COLOUR_RGB('',0.156862745098039,0.156862745098039,0.156862745098039);
#2860=FILL_AREA_STYLE_COLOUR('',#2859);
#2861=FILL_AREA_STYLE($,(#2860));
#2862=SURFACE_STYLE_FILL_AREA(#2861);
#2863=SURFACE_SIDE_STYLE('',(#2862));
#2864=SURFACE_STYLE_USAGE(.BOTH.,#2863);
#2865=PRESENTATION_STYLE_ASSIGNMENT((#2864));
#2866=STYLED_ITEM('',(#2865),#2858);
#2867=ADVANCED_FACE('',(#8633),#8635,.T.);
#2868=COLOUR_RGB('',0.156862745098039,0.156862745098039,0.156862745098039);
#2869=FILL_AREA_STYLE_COLOUR('',#2868);
#2870=FILL_AREA_STYLE($,(#2869));
#2871=SURFACE_STYLE_FILL_AREA(#2870);
#2872=SURFACE_SIDE_STYLE('',(#2871));
#2873=SURFACE_STYLE_USAGE(.BOTH.,#2872);
#2874=PRESENTATION_STYLE_ASSIGNMENT((#2873));
#2875=STYLED_ITEM('',(#2874),#2867);
#2876=ADVANCED_FACE('',(#8640),#8642,.T.);
#2877=COLOUR_RGB('',0.156862745098039,0.156862745098039,0.156862745098039);
#2878=FILL_AREA_STYLE_COLOUR('',#2877);
#2879=FILL_AREA_STYLE($,(#2878));
#2880=SURFACE_STYLE_FILL_AREA(#2879);
#2881=SURFACE_SIDE_STYLE('',(#2880));
#2882=SURFACE_STYLE_USAGE(.BOTH.,#2881);
#2883=PRESENTATION_STYLE_ASSIGNMENT((#2882));
#2884=STYLED_ITEM('',(#2883),#2876);
#2885=ADVANCED_FACE('',(#8647),#8649,.T.);
#2886=COLOUR_RGB('',0.156862745098039,0.156862745098039,0.156862745098039);
#2887=FILL_AREA_STYLE_COLOUR('',#2886);
#2888=FILL_AREA_STYLE($,(#2887));
#2889=SURFACE_STYLE_FILL_AREA(#2888);
#2890=SURFACE_SIDE_STYLE('',(#2889));
#2891=SURFACE_STYLE_USAGE(.BOTH.,#2890);
#2892=PRESENTATION_STYLE_ASSIGNMENT((#2891));
#2893=STYLED_ITEM('',(#2892),#2885);
#2894=ADVANCED_FACE('',(#8654),#8656,.T.);
#2895=COLOUR_RGB('',0.156862745098039,0.156862745098039,0.156862745098039);
#2896=FILL_AREA_STYLE_COLOUR('',#2895);
#2897=FILL_AREA_STYLE($,(#2896));
#2898=SURFACE_STYLE_FILL_AREA(#2897);
#2899=SURFACE_SIDE_STYLE('',(#2898));
#2900=SURFACE_STYLE_USAGE(.BOTH.,#2899);
#2901=PRESENTATION_STYLE_ASSIGNMENT((#2900));
#2902=STYLED_ITEM('',(#2901),#2894);
#2903=ADVANCED_FACE('',(#8661),#8663,.T.);
#2904=COLOUR_RGB('',0.156862745098039,0.156862745098039,0.156862745098039);
#2905=FILL_AREA_STYLE_COLOUR('',#2904);
#2906=FILL_AREA_STYLE($,(#2905));
#2907=SURFACE_STYLE_FILL_AREA(#2906);
#2908=SURFACE_SIDE_STYLE('',(#2907));
#2909=SURFACE_STYLE_USAGE(.BOTH.,#2908);
#2910=PRESENTATION_STYLE_ASSIGNMENT((#2909));
#2911=STYLED_ITEM('',(#2910),#2903);
#2912=ADVANCED_FACE('',(#8668),#8670,.T.);
#2913=COLOUR_RGB('',0.156862745098039,0.156862745098039,0.156862745098039);
#2914=FILL_AREA_STYLE_COLOUR('',#2913);
#2915=FILL_AREA_STYLE($,(#2914));
#2916=SURFACE_STYLE_FILL_AREA(#2915);
#2917=SURFACE_SIDE_STYLE('',(#2916));
#2918=SURFACE_STYLE_USAGE(.BOTH.,#2917);
#2919=PRESENTATION_STYLE_ASSIGNMENT((#2918));
#2920=STYLED_ITEM('',(#2919),#2912);
#2921=ADVANCED_FACE('',(#8675),#8677,.T.);
#2922=COLOUR_RGB('',0.156862745098039,0.156862745098039,0.156862745098039);
#2923=FILL_AREA_STYLE_COLOUR('',#2922);
#2924=FILL_AREA_STYLE($,(#2923));
#2925=SURFACE_STYLE_FILL_AREA(#2924);
#2926=SURFACE_SIDE_STYLE('',(#2925));
#2927=SURFACE_STYLE_USAGE(.BOTH.,#2926);
#2928=PRESENTATION_STYLE_ASSIGNMENT((#2927));
#2929=STYLED_ITEM('',(#2928),#2921);
#2930=ADVANCED_FACE('',(#8682),#8684,.T.);
#2931=COLOUR_RGB('',0.156862745098039,0.156862745098039,0.156862745098039);
#2932=FILL_AREA_STYLE_COLOUR('',#2931);
#2933=FILL_AREA_STYLE($,(#2932));
#2934=SURFACE_STYLE_FILL_AREA(#2933);
#2935=SURFACE_SIDE_STYLE('',(#2934));
#2936=SURFACE_STYLE_USAGE(.BOTH.,#2935);
#2937=PRESENTATION_STYLE_ASSIGNMENT((#2936));
#2938=STYLED_ITEM('',(#2937),#2930);
#2939=ADVANCED_FACE('',(#8689),#8691,.T.);
#2940=COLOUR_RGB('',0.156862745098039,0.156862745098039,0.156862745098039);
#2941=FILL_AREA_STYLE_COLOUR('',#2940);
#2942=FILL_AREA_STYLE($,(#2941));
#2943=SURFACE_STYLE_FILL_AREA(#2942);
#2944=SURFACE_SIDE_STYLE('',(#2943));
#2945=SURFACE_STYLE_USAGE(.BOTH.,#2944);
#2946=PRESENTATION_STYLE_ASSIGNMENT((#2945));
#2947=STYLED_ITEM('',(#2946),#2939);
#2948=ADVANCED_FACE('',(#8696),#8698,.T.);
#2949=COLOUR_RGB('',0.156862745098039,0.156862745098039,0.156862745098039);
#2950=FILL_AREA_STYLE_COLOUR('',#2949);
#2951=FILL_AREA_STYLE($,(#2950));
#2952=SURFACE_STYLE_FILL_AREA(#2951);
#2953=SURFACE_SIDE_STYLE('',(#2952));
#2954=SURFACE_STYLE_USAGE(.BOTH.,#2953);
#2955=PRESENTATION_STYLE_ASSIGNMENT((#2954));
#2956=STYLED_ITEM('',(#2955),#2948);
#2957=ADVANCED_FACE('',(#8703),#8705,.T.);
#2958=COLOUR_RGB('',0.156862745098039,0.156862745098039,0.156862745098039);
#2959=FILL_AREA_STYLE_COLOUR('',#2958);
#2960=FILL_AREA_STYLE($,(#2959));
#2961=SURFACE_STYLE_FILL_AREA(#2960);
#2962=SURFACE_SIDE_STYLE('',(#2961));
#2963=SURFACE_STYLE_USAGE(.BOTH.,#2962);
#2964=PRESENTATION_STYLE_ASSIGNMENT((#2963));
#2965=STYLED_ITEM('',(#2964),#2957);
#2966=ADVANCED_FACE('',(#8710),#8712,.T.);
#2967=COLOUR_RGB('',0.156862745098039,0.156862745098039,0.156862745098039);
#2968=FILL_AREA_STYLE_COLOUR('',#2967);
#2969=FILL_AREA_STYLE($,(#2968));
#2970=SURFACE_STYLE_FILL_AREA(#2969);
#2971=SURFACE_SIDE_STYLE('',(#2970));
#2972=SURFACE_STYLE_USAGE(.BOTH.,#2971);
#2973=PRESENTATION_STYLE_ASSIGNMENT((#2972));
#2974=STYLED_ITEM('',(#2973),#2966);
#2975=ADVANCED_FACE('',(#8717),#8719,.T.);
#2976=COLOUR_RGB('',0.156862745098039,0.156862745098039,0.156862745098039);
#2977=FILL_AREA_STYLE_COLOUR('',#2976);
#2978=FILL_AREA_STYLE($,(#2977));
#2979=SURFACE_STYLE_FILL_AREA(#2978);
#2980=SURFACE_SIDE_STYLE('',(#2979));
#2981=SURFACE_STYLE_USAGE(.BOTH.,#2980);
#2982=PRESENTATION_STYLE_ASSIGNMENT((#2981));
#2983=STYLED_ITEM('',(#2982),#2975);
#2984=ADVANCED_FACE('',(#8724),#8726,.T.);
#2985=COLOUR_RGB('',0.156862745098039,0.156862745098039,0.156862745098039);
#2986=FILL_AREA_STYLE_COLOUR('',#2985);
#2987=FILL_AREA_STYLE($,(#2986));
#2988=SURFACE_STYLE_FILL_AREA(#2987);
#2989=SURFACE_SIDE_STYLE('',(#2988));
#2990=SURFACE_STYLE_USAGE(.BOTH.,#2989);
#2991=PRESENTATION_STYLE_ASSIGNMENT((#2990));
#2992=STYLED_ITEM('',(#2991),#2984);
#2993=ADVANCED_FACE('',(#8731),#8733,.T.);
#2994=COLOUR_RGB('',0.156862745098039,0.156862745098039,0.156862745098039);
#2995=FILL_AREA_STYLE_COLOUR('',#2994);
#2996=FILL_AREA_STYLE($,(#2995));
#2997=SURFACE_STYLE_FILL_AREA(#2996);
#2998=SURFACE_SIDE_STYLE('',(#2997));
#2999=SURFACE_STYLE_USAGE(.BOTH.,#2998);
#3000=PRESENTATION_STYLE_ASSIGNMENT((#2999));
#3001=STYLED_ITEM('',(#3000),#2993);
#3002=ADVANCED_FACE('',(#8738),#8740,.T.);
#3003=COLOUR_RGB('',0.156862745098039,0.156862745098039,0.156862745098039);
#3004=FILL_AREA_STYLE_COLOUR('',#3003);
#3005=FILL_AREA_STYLE($,(#3004));
#3006=SURFACE_STYLE_FILL_AREA(#3005);
#3007=SURFACE_SIDE_STYLE('',(#3006));
#3008=SURFACE_STYLE_USAGE(.BOTH.,#3007);
#3009=PRESENTATION_STYLE_ASSIGNMENT((#3008));
#3010=STYLED_ITEM('',(#3009),#3002);
#3011=ADVANCED_FACE('',(#8745),#8747,.T.);
#3012=COLOUR_RGB('',0.156862745098039,0.156862745098039,0.156862745098039);
#3013=FILL_AREA_STYLE_COLOUR('',#3012);
#3014=FILL_AREA_STYLE($,(#3013));
#3015=SURFACE_STYLE_FILL_AREA(#3014);
#3016=SURFACE_SIDE_STYLE('',(#3015));
#3017=SURFACE_STYLE_USAGE(.BOTH.,#3016);
#3018=PRESENTATION_STYLE_ASSIGNMENT((#3017));
#3019=STYLED_ITEM('',(#3018),#3011);
#3020=ADVANCED_FACE('',(#8752),#8754,.T.);
#3021=COLOUR_RGB('',0.156862745098039,0.156862745098039,0.156862745098039);
#3022=FILL_AREA_STYLE_COLOUR('',#3021);
#3023=FILL_AREA_STYLE($,(#3022));
#3024=SURFACE_STYLE_FILL_AREA(#3023);
#3025=SURFACE_SIDE_STYLE('',(#3024));
#3026=SURFACE_STYLE_USAGE(.BOTH.,#3025);
#3027=PRESENTATION_STYLE_ASSIGNMENT((#3026));
#3028=STYLED_ITEM('',(#3027),#3020);
#3029=ADVANCED_FACE('',(#8759),#8761,.T.);
#3030=COLOUR_RGB('',0.156862745098039,0.156862745098039,0.156862745098039);
#3031=FILL_AREA_STYLE_COLOUR('',#3030);
#3032=FILL_AREA_STYLE($,(#3031));
#3033=SURFACE_STYLE_FILL_AREA(#3032);
#3034=SURFACE_SIDE_STYLE('',(#3033));
#3035=SURFACE_STYLE_USAGE(.BOTH.,#3034);
#3036=PRESENTATION_STYLE_ASSIGNMENT((#3035));
#3037=STYLED_ITEM('',(#3036),#3029);
#3038=ADVANCED_FACE('',(#8766),#8768,.T.);
#3039=COLOUR_RGB('',0.156862745098039,0.156862745098039,0.156862745098039);
#3040=FILL_AREA_STYLE_COLOUR('',#3039);
#3041=FILL_AREA_STYLE($,(#3040));
#3042=SURFACE_STYLE_FILL_AREA(#3041);
#3043=SURFACE_SIDE_STYLE('',(#3042));
#3044=SURFACE_STYLE_USAGE(.BOTH.,#3043);
#3045=PRESENTATION_STYLE_ASSIGNMENT((#3044));
#3046=STYLED_ITEM('',(#3045),#3038);
#3047=ADVANCED_FACE('',(#8773),#8775,.T.);
#3048=COLOUR_RGB('',0.156862745098039,0.156862745098039,0.156862745098039);
#3049=FILL_AREA_STYLE_COLOUR('',#3048);
#3050=FILL_AREA_STYLE($,(#3049));
#3051=SURFACE_STYLE_FILL_AREA(#3050);
#3052=SURFACE_SIDE_STYLE('',(#3051));
#3053=SURFACE_STYLE_USAGE(.BOTH.,#3052);
#3054=PRESENTATION_STYLE_ASSIGNMENT((#3053));
#3055=STYLED_ITEM('',(#3054),#3047);
#3056=ADVANCED_FACE('',(#8780),#8782,.T.);
#3057=COLOUR_RGB('',0.156862745098039,0.156862745098039,0.156862745098039);
#3058=FILL_AREA_STYLE_COLOUR('',#3057);
#3059=FILL_AREA_STYLE($,(#3058));
#3060=SURFACE_STYLE_FILL_AREA(#3059);
#3061=SURFACE_SIDE_STYLE('',(#3060));
#3062=SURFACE_STYLE_USAGE(.BOTH.,#3061);
#3063=PRESENTATION_STYLE_ASSIGNMENT((#3062));
#3064=STYLED_ITEM('',(#3063),#3056);
#3065=ADVANCED_FACE('',(#8787),#8789,.T.);
#3066=COLOUR_RGB('',0.156862745098039,0.156862745098039,0.156862745098039);
#3067=FILL_AREA_STYLE_COLOUR('',#3066);
#3068=FILL_AREA_STYLE($,(#3067));
#3069=SURFACE_STYLE_FILL_AREA(#3068);
#3070=SURFACE_SIDE_STYLE('',(#3069));
#3071=SURFACE_STYLE_USAGE(.BOTH.,#3070);
#3072=PRESENTATION_STYLE_ASSIGNMENT((#3071));
#3073=STYLED_ITEM('',(#3072),#3065);
#3074=ADVANCED_FACE('',(#8794),#8796,.T.);
#3075=COLOUR_RGB('',0.156862745098039,0.156862745098039,0.156862745098039);
#3076=FILL_AREA_STYLE_COLOUR('',#3075);
#3077=FILL_AREA_STYLE($,(#3076));
#3078=SURFACE_STYLE_FILL_AREA(#3077);
#3079=SURFACE_SIDE_STYLE('',(#3078));
#3080=SURFACE_STYLE_USAGE(.BOTH.,#3079);
#3081=PRESENTATION_STYLE_ASSIGNMENT((#3080));
#3082=STYLED_ITEM('',(#3081),#3074);
#3083=ADVANCED_FACE('',(#8801),#8803,.T.);
#3084=COLOUR_RGB('',0.156862745098039,0.156862745098039,0.156862745098039);
#3085=FILL_AREA_STYLE_COLOUR('',#3084);
#3086=FILL_AREA_STYLE($,(#3085));
#3087=SURFACE_STYLE_FILL_AREA(#3086);
#3088=SURFACE_SIDE_STYLE('',(#3087));
#3089=SURFACE_STYLE_USAGE(.BOTH.,#3088);
#3090=PRESENTATION_STYLE_ASSIGNMENT((#3089));
#3091=STYLED_ITEM('',(#3090),#3083);
#3092=ADVANCED_FACE('',(#8808),#8810,.T.);
#3093=COLOUR_RGB('',0.156862745098039,0.156862745098039,0.156862745098039);
#3094=FILL_AREA_STYLE_COLOUR('',#3093);
#3095=FILL_AREA_STYLE($,(#3094));
#3096=SURFACE_STYLE_FILL_AREA(#3095);
#3097=SURFACE_SIDE_STYLE('',(#3096));
#3098=SURFACE_STYLE_USAGE(.BOTH.,#3097);
#3099=PRESENTATION_STYLE_ASSIGNMENT((#3098));
#3100=STYLED_ITEM('',(#3099),#3092);
#3101=ADVANCED_FACE('',(#8815),#8817,.T.);
#3102=COLOUR_RGB('',0.156862745098039,0.156862745098039,0.156862745098039);
#3103=FILL_AREA_STYLE_COLOUR('',#3102);
#3104=FILL_AREA_STYLE($,(#3103));
#3105=SURFACE_STYLE_FILL_AREA(#3104);
#3106=SURFACE_SIDE_STYLE('',(#3105));
#3107=SURFACE_STYLE_USAGE(.BOTH.,#3106);
#3108=PRESENTATION_STYLE_ASSIGNMENT((#3107));
#3109=STYLED_ITEM('',(#3108),#3101);
#3110=ADVANCED_FACE('',(#8822),#8824,.T.);
#3111=COLOUR_RGB('',0.156862745098039,0.156862745098039,0.156862745098039);
#3112=FILL_AREA_STYLE_COLOUR('',#3111);
#3113=FILL_AREA_STYLE($,(#3112));
#3114=SURFACE_STYLE_FILL_AREA(#3113);
#3115=SURFACE_SIDE_STYLE('',(#3114));
#3116=SURFACE_STYLE_USAGE(.BOTH.,#3115);
#3117=PRESENTATION_STYLE_ASSIGNMENT((#3116));
#3118=STYLED_ITEM('',(#3117),#3110);
#3119=ADVANCED_FACE('',(#8829),#8831,.T.);
#3120=COLOUR_RGB('',0.156862745098039,0.156862745098039,0.156862745098039);
#3121=FILL_AREA_STYLE_COLOUR('',#3120);
#3122=FILL_AREA_STYLE($,(#3121));
#3123=SURFACE_STYLE_FILL_AREA(#3122);
#3124=SURFACE_SIDE_STYLE('',(#3123));
#3125=SURFACE_STYLE_USAGE(.BOTH.,#3124);
#3126=PRESENTATION_STYLE_ASSIGNMENT((#3125));
#3127=STYLED_ITEM('',(#3126),#3119);
#3128=ADVANCED_FACE('',(#8836),#8838,.T.);
#3129=COLOUR_RGB('',0.156862745098039,0.156862745098039,0.156862745098039);
#3130=FILL_AREA_STYLE_COLOUR('',#3129);
#3131=FILL_AREA_STYLE($,(#3130));
#3132=SURFACE_STYLE_FILL_AREA(#3131);
#3133=SURFACE_SIDE_STYLE('',(#3132));
#3134=SURFACE_STYLE_USAGE(.BOTH.,#3133);
#3135=PRESENTATION_STYLE_ASSIGNMENT((#3134));
#3136=STYLED_ITEM('',(#3135),#3128);
#3137=ADVANCED_FACE('',(#8843),#8845,.T.);
#3138=COLOUR_RGB('',0.156862745098039,0.156862745098039,0.156862745098039);
#3139=FILL_AREA_STYLE_COLOUR('',#3138);
#3140=FILL_AREA_STYLE($,(#3139));
#3141=SURFACE_STYLE_FILL_AREA(#3140);
#3142=SURFACE_SIDE_STYLE('',(#3141));
#3143=SURFACE_STYLE_USAGE(.BOTH.,#3142);
#3144=PRESENTATION_STYLE_ASSIGNMENT((#3143));
#3145=STYLED_ITEM('',(#3144),#3137);
#3146=ADVANCED_FACE('',(#8850),#8852,.T.);
#3147=COLOUR_RGB('',0.156862745098039,0.156862745098039,0.156862745098039);
#3148=FILL_AREA_STYLE_COLOUR('',#3147);
#3149=FILL_AREA_STYLE($,(#3148));
#3150=SURFACE_STYLE_FILL_AREA(#3149);
#3151=SURFACE_SIDE_STYLE('',(#3150));
#3152=SURFACE_STYLE_USAGE(.BOTH.,#3151);
#3153=PRESENTATION_STYLE_ASSIGNMENT((#3152));
#3154=STYLED_ITEM('',(#3153),#3146);
#3155=ADVANCED_FACE('',(#8857),#8859,.T.);
#3156=COLOUR_RGB('',0.156862745098039,0.156862745098039,0.156862745098039);
#3157=FILL_AREA_STYLE_COLOUR('',#3156);
#3158=FILL_AREA_STYLE($,(#3157));
#3159=SURFACE_STYLE_FILL_AREA(#3158);
#3160=SURFACE_SIDE_STYLE('',(#3159));
#3161=SURFACE_STYLE_USAGE(.BOTH.,#3160);
#3162=PRESENTATION_STYLE_ASSIGNMENT((#3161));
#3163=STYLED_ITEM('',(#3162),#3155);
#3164=ADVANCED_FACE('',(#8864),#8866,.T.);
#3165=COLOUR_RGB('',0.156862745098039,0.156862745098039,0.156862745098039);
#3166=FILL_AREA_STYLE_COLOUR('',#3165);
#3167=FILL_AREA_STYLE($,(#3166));
#3168=SURFACE_STYLE_FILL_AREA(#3167);
#3169=SURFACE_SIDE_STYLE('',(#3168));
#3170=SURFACE_STYLE_USAGE(.BOTH.,#3169);
#3171=PRESENTATION_STYLE_ASSIGNMENT((#3170));
#3172=STYLED_ITEM('',(#3171),#3164);
#3173=ADVANCED_FACE('',(#8871),#8873,.T.);
#3174=COLOUR_RGB('',0.156862745098039,0.156862745098039,0.156862745098039);
#3175=FILL_AREA_STYLE_COLOUR('',#3174);
#3176=FILL_AREA_STYLE($,(#3175));
#3177=SURFACE_STYLE_FILL_AREA(#3176);
#3178=SURFACE_SIDE_STYLE('',(#3177));
#3179=SURFACE_STYLE_USAGE(.BOTH.,#3178);
#3180=PRESENTATION_STYLE_ASSIGNMENT((#3179));
#3181=STYLED_ITEM('',(#3180),#3173);
#3182=ADVANCED_FACE('',(#8878),#8880,.T.);
#3183=COLOUR_RGB('',0.156862745098039,0.156862745098039,0.156862745098039);
#3184=FILL_AREA_STYLE_COLOUR('',#3183);
#3185=FILL_AREA_STYLE($,(#3184));
#3186=SURFACE_STYLE_FILL_AREA(#3185);
#3187=SURFACE_SIDE_STYLE('',(#3186));
#3188=SURFACE_STYLE_USAGE(.BOTH.,#3187);
#3189=PRESENTATION_STYLE_ASSIGNMENT((#3188));
#3190=STYLED_ITEM('',(#3189),#3182);
#3191=ADVANCED_FACE('',(#8885),#8887,.T.);
#3192=COLOUR_RGB('',0.156862745098039,0.156862745098039,0.156862745098039);
#3193=FILL_AREA_STYLE_COLOUR('',#3192);
#3194=FILL_AREA_STYLE($,(#3193));
#3195=SURFACE_STYLE_FILL_AREA(#3194);
#3196=SURFACE_SIDE_STYLE('',(#3195));
#3197=SURFACE_STYLE_USAGE(.BOTH.,#3196);
#3198=PRESENTATION_STYLE_ASSIGNMENT((#3197));
#3199=STYLED_ITEM('',(#3198),#3191);
#3200=ADVANCED_FACE('',(#8892),#8894,.T.);
#3201=COLOUR_RGB('',0.156862745098039,0.156862745098039,0.156862745098039);
#3202=FILL_AREA_STYLE_COLOUR('',#3201);
#3203=FILL_AREA_STYLE($,(#3202));
#3204=SURFACE_STYLE_FILL_AREA(#3203);
#3205=SURFACE_SIDE_STYLE('',(#3204));
#3206=SURFACE_STYLE_USAGE(.BOTH.,#3205);
#3207=PRESENTATION_STYLE_ASSIGNMENT((#3206));
#3208=STYLED_ITEM('',(#3207),#3200);
#3209=ADVANCED_FACE('',(#8899),#8901,.T.);
#3210=COLOUR_RGB('',0.156862745098039,0.156862745098039,0.156862745098039);
#3211=FILL_AREA_STYLE_COLOUR('',#3210);
#3212=FILL_AREA_STYLE($,(#3211));
#3213=SURFACE_STYLE_FILL_AREA(#3212);
#3214=SURFACE_SIDE_STYLE('',(#3213));
#3215=SURFACE_STYLE_USAGE(.BOTH.,#3214);
#3216=PRESENTATION_STYLE_ASSIGNMENT((#3215));
#3217=STYLED_ITEM('',(#3216),#3209);
#3218=ADVANCED_FACE('',(#8906),#8908,.T.);
#3219=COLOUR_RGB('',0.156862745098039,0.156862745098039,0.156862745098039);
#3220=FILL_AREA_STYLE_COLOUR('',#3219);
#3221=FILL_AREA_STYLE($,(#3220));
#3222=SURFACE_STYLE_FILL_AREA(#3221);
#3223=SURFACE_SIDE_STYLE('',(#3222));
#3224=SURFACE_STYLE_USAGE(.BOTH.,#3223);
#3225=PRESENTATION_STYLE_ASSIGNMENT((#3224));
#3226=STYLED_ITEM('',(#3225),#3218);
#3227=ADVANCED_FACE('',(#8913),#8915,.T.);
#3228=COLOUR_RGB('',0.156862745098039,0.156862745098039,0.156862745098039);
#3229=FILL_AREA_STYLE_COLOUR('',#3228);
#3230=FILL_AREA_STYLE($,(#3229));
#3231=SURFACE_STYLE_FILL_AREA(#3230);
#3232=SURFACE_SIDE_STYLE('',(#3231));
#3233=SURFACE_STYLE_USAGE(.BOTH.,#3232);
#3234=PRESENTATION_STYLE_ASSIGNMENT((#3233));
#3235=STYLED_ITEM('',(#3234),#3227);
#3236=ADVANCED_FACE('',(#8920),#8922,.T.);
#3237=COLOUR_RGB('',0.156862745098039,0.156862745098039,0.156862745098039);
#3238=FILL_AREA_STYLE_COLOUR('',#3237);
#3239=FILL_AREA_STYLE($,(#3238));
#3240=SURFACE_STYLE_FILL_AREA(#3239);
#3241=SURFACE_SIDE_STYLE('',(#3240));
#3242=SURFACE_STYLE_USAGE(.BOTH.,#3241);
#3243=PRESENTATION_STYLE_ASSIGNMENT((#3242));
#3244=STYLED_ITEM('',(#3243),#3236);
#3245=ADVANCED_FACE('',(#8927),#8929,.T.);
#3246=COLOUR_RGB('',0.156862745098039,0.156862745098039,0.156862745098039);
#3247=FILL_AREA_STYLE_COLOUR('',#3246);
#3248=FILL_AREA_STYLE($,(#3247));
#3249=SURFACE_STYLE_FILL_AREA(#3248);
#3250=SURFACE_SIDE_STYLE('',(#3249));
#3251=SURFACE_STYLE_USAGE(.BOTH.,#3250);
#3252=PRESENTATION_STYLE_ASSIGNMENT((#3251));
#3253=STYLED_ITEM('',(#3252),#3245);
#3254=ADVANCED_FACE('',(#8934),#8936,.T.);
#3255=COLOUR_RGB('',0.156862745098039,0.156862745098039,0.156862745098039);
#3256=FILL_AREA_STYLE_COLOUR('',#3255);
#3257=FILL_AREA_STYLE($,(#3256));
#3258=SURFACE_STYLE_FILL_AREA(#3257);
#3259=SURFACE_SIDE_STYLE('',(#3258));
#3260=SURFACE_STYLE_USAGE(.BOTH.,#3259);
#3261=PRESENTATION_STYLE_ASSIGNMENT((#3260));
#3262=STYLED_ITEM('',(#3261),#3254);
#3263=ADVANCED_FACE('',(#8941),#8943,.T.);
#3264=COLOUR_RGB('',0.156862745098039,0.156862745098039,0.156862745098039);
#3265=FILL_AREA_STYLE_COLOUR('',#3264);
#3266=FILL_AREA_STYLE($,(#3265));
#3267=SURFACE_STYLE_FILL_AREA(#3266);
#3268=SURFACE_SIDE_STYLE('',(#3267));
#3269=SURFACE_STYLE_USAGE(.BOTH.,#3268);
#3270=PRESENTATION_STYLE_ASSIGNMENT((#3269));
#3271=STYLED_ITEM('',(#3270),#3263);
#3272=ADVANCED_FACE('',(#8948),#8950,.T.);
#3273=COLOUR_RGB('',0.156862745098039,0.156862745098039,0.156862745098039);
#3274=FILL_AREA_STYLE_COLOUR('',#3273);
#3275=FILL_AREA_STYLE($,(#3274));
#3276=SURFACE_STYLE_FILL_AREA(#3275);
#3277=SURFACE_SIDE_STYLE('',(#3276));
#3278=SURFACE_STYLE_USAGE(.BOTH.,#3277);
#3279=PRESENTATION_STYLE_ASSIGNMENT((#3278));
#3280=STYLED_ITEM('',(#3279),#3272);
#3281=ADVANCED_FACE('',(#8955),#8957,.T.);
#3282=COLOUR_RGB('',0.156862745098039,0.156862745098039,0.156862745098039);
#3283=FILL_AREA_STYLE_COLOUR('',#3282);
#3284=FILL_AREA_STYLE($,(#3283));
#3285=SURFACE_STYLE_FILL_AREA(#3284);
#3286=SURFACE_SIDE_STYLE('',(#3285));
#3287=SURFACE_STYLE_USAGE(.BOTH.,#3286);
#3288=PRESENTATION_STYLE_ASSIGNMENT((#3287));
#3289=STYLED_ITEM('',(#3288),#3281);
#3290=ADVANCED_FACE('',(#8962),#8964,.T.);
#3291=COLOUR_RGB('',0.156862745098039,0.156862745098039,0.156862745098039);
#3292=FILL_AREA_STYLE_COLOUR('',#3291);
#3293=FILL_AREA_STYLE($,(#3292));
#3294=SURFACE_STYLE_FILL_AREA(#3293);
#3295=SURFACE_SIDE_STYLE('',(#3294));
#3296=SURFACE_STYLE_USAGE(.BOTH.,#3295);
#3297=PRESENTATION_STYLE_ASSIGNMENT((#3296));
#3298=STYLED_ITEM('',(#3297),#3290);
#3299=ADVANCED_FACE('',(#8969),#8971,.T.);
#3300=COLOUR_RGB('',0.156862745098039,0.156862745098039,0.156862745098039);
#3301=FILL_AREA_STYLE_COLOUR('',#3300);
#3302=FILL_AREA_STYLE($,(#3301));
#3303=SURFACE_STYLE_FILL_AREA(#3302);
#3304=SURFACE_SIDE_STYLE('',(#3303));
#3305=SURFACE_STYLE_USAGE(.BOTH.,#3304);
#3306=PRESENTATION_STYLE_ASSIGNMENT((#3305));
#3307=STYLED_ITEM('',(#3306),#3299);
#3308=ADVANCED_FACE('',(#8976),#8978,.T.);
#3309=COLOUR_RGB('',0.156862745098039,0.156862745098039,0.156862745098039);
#3310=FILL_AREA_STYLE_COLOUR('',#3309);
#3311=FILL_AREA_STYLE($,(#3310));
#3312=SURFACE_STYLE_FILL_AREA(#3311);
#3313=SURFACE_SIDE_STYLE('',(#3312));
#3314=SURFACE_STYLE_USAGE(.BOTH.,#3313);
#3315=PRESENTATION_STYLE_ASSIGNMENT((#3314));
#3316=STYLED_ITEM('',(#3315),#3308);
#3317=ADVANCED_FACE('',(#8983),#8985,.T.);
#3318=COLOUR_RGB('',0.156862745098039,0.156862745098039,0.156862745098039);
#3319=FILL_AREA_STYLE_COLOUR('',#3318);
#3320=FILL_AREA_STYLE($,(#3319));
#3321=SURFACE_STYLE_FILL_AREA(#3320);
#3322=SURFACE_SIDE_STYLE('',(#3321));
#3323=SURFACE_STYLE_USAGE(.BOTH.,#3322);
#3324=PRESENTATION_STYLE_ASSIGNMENT((#3323));
#3325=STYLED_ITEM('',(#3324),#3317);
#3326=ADVANCED_FACE('',(#8990),#8992,.T.);
#3327=COLOUR_RGB('',0.156862745098039,0.156862745098039,0.156862745098039);
#3328=FILL_AREA_STYLE_COLOUR('',#3327);
#3329=FILL_AREA_STYLE($,(#3328));
#3330=SURFACE_STYLE_FILL_AREA(#3329);
#3331=SURFACE_SIDE_STYLE('',(#3330));
#3332=SURFACE_STYLE_USAGE(.BOTH.,#3331);
#3333=PRESENTATION_STYLE_ASSIGNMENT((#3332));
#3334=STYLED_ITEM('',(#3333),#3326);
#3335=ADVANCED_FACE('',(#8997),#8999,.T.);
#3336=COLOUR_RGB('',0.156862745098039,0.156862745098039,0.156862745098039);
#3337=FILL_AREA_STYLE_COLOUR('',#3336);
#3338=FILL_AREA_STYLE($,(#3337));
#3339=SURFACE_STYLE_FILL_AREA(#3338);
#3340=SURFACE_SIDE_STYLE('',(#3339));
#3341=SURFACE_STYLE_USAGE(.BOTH.,#3340);
#3342=PRESENTATION_STYLE_ASSIGNMENT((#3341));
#3343=STYLED_ITEM('',(#3342),#3335);
#3344=ADVANCED_FACE('',(#9004),#9006,.T.);
#3345=COLOUR_RGB('',0.156862745098039,0.156862745098039,0.156862745098039);
#3346=FILL_AREA_STYLE_COLOUR('',#3345);
#3347=FILL_AREA_STYLE($,(#3346));
#3348=SURFACE_STYLE_FILL_AREA(#3347);
#3349=SURFACE_SIDE_STYLE('',(#3348));
#3350=SURFACE_STYLE_USAGE(.BOTH.,#3349);
#3351=PRESENTATION_STYLE_ASSIGNMENT((#3350));
#3352=STYLED_ITEM('',(#3351),#3344);
#3353=ADVANCED_FACE('',(#9011),#9013,.T.);
#3354=COLOUR_RGB('',0.156862745098039,0.156862745098039,0.156862745098039);
#3355=FILL_AREA_STYLE_COLOUR('',#3354);
#3356=FILL_AREA_STYLE($,(#3355));
#3357=SURFACE_STYLE_FILL_AREA(#3356);
#3358=SURFACE_SIDE_STYLE('',(#3357));
#3359=SURFACE_STYLE_USAGE(.BOTH.,#3358);
#3360=PRESENTATION_STYLE_ASSIGNMENT((#3359));
#3361=STYLED_ITEM('',(#3360),#3353);
#3362=ADVANCED_FACE('',(#9018),#9020,.T.);
#3363=COLOUR_RGB('',0.156862745098039,0.156862745098039,0.156862745098039);
#3364=FILL_AREA_STYLE_COLOUR('',#3363);
#3365=FILL_AREA_STYLE($,(#3364));
#3366=SURFACE_STYLE_FILL_AREA(#3365);
#3367=SURFACE_SIDE_STYLE('',(#3366));
#3368=SURFACE_STYLE_USAGE(.BOTH.,#3367);
#3369=PRESENTATION_STYLE_ASSIGNMENT((#3368));
#3370=STYLED_ITEM('',(#3369),#3362);
#3371=ADVANCED_FACE('',(#9025),#9027,.T.);
#3372=COLOUR_RGB('',0.156862745098039,0.156862745098039,0.156862745098039);
#3373=FILL_AREA_STYLE_COLOUR('',#3372);
#3374=FILL_AREA_STYLE($,(#3373));
#3375=SURFACE_STYLE_FILL_AREA(#3374);
#3376=SURFACE_SIDE_STYLE('',(#3375));
#3377=SURFACE_STYLE_USAGE(.BOTH.,#3376);
#3378=PRESENTATION_STYLE_ASSIGNMENT((#3377));
#3379=STYLED_ITEM('',(#3378),#3371);
#3380=ADVANCED_FACE('',(#9032),#9034,.T.);
#3381=COLOUR_RGB('',0.156862745098039,0.156862745098039,0.156862745098039);
#3382=FILL_AREA_STYLE_COLOUR('',#3381);
#3383=FILL_AREA_STYLE($,(#3382));
#3384=SURFACE_STYLE_FILL_AREA(#3383);
#3385=SURFACE_SIDE_STYLE('',(#3384));
#3386=SURFACE_STYLE_USAGE(.BOTH.,#3385);
#3387=PRESENTATION_STYLE_ASSIGNMENT((#3386));
#3388=STYLED_ITEM('',(#3387),#3380);
#3389=ADVANCED_FACE('',(#9039),#9041,.T.);
#3390=COLOUR_RGB('',0.156862745098039,0.156862745098039,0.156862745098039);
#3391=FILL_AREA_STYLE_COLOUR('',#3390);
#3392=FILL_AREA_STYLE($,(#3391));
#3393=SURFACE_STYLE_FILL_AREA(#3392);
#3394=SURFACE_SIDE_STYLE('',(#3393));
#3395=SURFACE_STYLE_USAGE(.BOTH.,#3394);
#3396=PRESENTATION_STYLE_ASSIGNMENT((#3395));
#3397=STYLED_ITEM('',(#3396),#3389);
#3398=ADVANCED_FACE('',(#9046),#9048,.T.);
#3399=COLOUR_RGB('',0.156862745098039,0.156862745098039,0.156862745098039);
#3400=FILL_AREA_STYLE_COLOUR('',#3399);
#3401=FILL_AREA_STYLE($,(#3400));
#3402=SURFACE_STYLE_FILL_AREA(#3401);
#3403=SURFACE_SIDE_STYLE('',(#3402));
#3404=SURFACE_STYLE_USAGE(.BOTH.,#3403);
#3405=PRESENTATION_STYLE_ASSIGNMENT((#3404));
#3406=STYLED_ITEM('',(#3405),#3398);
#3407=ADVANCED_FACE('',(#9053),#9055,.T.);
#3408=COLOUR_RGB('',0.156862745098039,0.156862745098039,0.156862745098039);
#3409=FILL_AREA_STYLE_COLOUR('',#3408);
#3410=FILL_AREA_STYLE($,(#3409));
#3411=SURFACE_STYLE_FILL_AREA(#3410);
#3412=SURFACE_SIDE_STYLE('',(#3411));
#3413=SURFACE_STYLE_USAGE(.BOTH.,#3412);
#3414=PRESENTATION_STYLE_ASSIGNMENT((#3413));
#3415=STYLED_ITEM('',(#3414),#3407);
#3416=ADVANCED_FACE('',(#9060),#9062,.T.);
#3417=COLOUR_RGB('',0.156862745098039,0.156862745098039,0.156862745098039);
#3418=FILL_AREA_STYLE_COLOUR('',#3417);
#3419=FILL_AREA_STYLE($,(#3418));
#3420=SURFACE_STYLE_FILL_AREA(#3419);
#3421=SURFACE_SIDE_STYLE('',(#3420));
#3422=SURFACE_STYLE_USAGE(.BOTH.,#3421);
#3423=PRESENTATION_STYLE_ASSIGNMENT((#3422));
#3424=STYLED_ITEM('',(#3423),#3416);
#3425=ADVANCED_FACE('',(#9067),#9069,.T.);
#3426=COLOUR_RGB('',0.156862745098039,0.156862745098039,0.156862745098039);
#3427=FILL_AREA_STYLE_COLOUR('',#3426);
#3428=FILL_AREA_STYLE($,(#3427));
#3429=SURFACE_STYLE_FILL_AREA(#3428);
#3430=SURFACE_SIDE_STYLE('',(#3429));
#3431=SURFACE_STYLE_USAGE(.BOTH.,#3430);
#3432=PRESENTATION_STYLE_ASSIGNMENT((#3431));
#3433=STYLED_ITEM('',(#3432),#3425);
#3434=ADVANCED_FACE('',(#9074),#9076,.T.);
#3435=COLOUR_RGB('',0.156862745098039,0.156862745098039,0.156862745098039);
#3436=FILL_AREA_STYLE_COLOUR('',#3435);
#3437=FILL_AREA_STYLE($,(#3436));
#3438=SURFACE_STYLE_FILL_AREA(#3437);
#3439=SURFACE_SIDE_STYLE('',(#3438));
#3440=SURFACE_STYLE_USAGE(.BOTH.,#3439);
#3441=PRESENTATION_STYLE_ASSIGNMENT((#3440));
#3442=STYLED_ITEM('',(#3441),#3434);
#3443=ADVANCED_FACE('',(#9081),#9083,.T.);
#3444=COLOUR_RGB('',0.156862745098039,0.156862745098039,0.156862745098039);
#3445=FILL_AREA_STYLE_COLOUR('',#3444);
#3446=FILL_AREA_STYLE($,(#3445));
#3447=SURFACE_STYLE_FILL_AREA(#3446);
#3448=SURFACE_SIDE_STYLE('',(#3447));
#3449=SURFACE_STYLE_USAGE(.BOTH.,#3448);
#3450=PRESENTATION_STYLE_ASSIGNMENT((#3449));
#3451=STYLED_ITEM('',(#3450),#3443);
#3452=ADVANCED_FACE('',(#9088),#9090,.T.);
#3453=COLOUR_RGB('',0.156862745098039,0.156862745098039,0.156862745098039);
#3454=FILL_AREA_STYLE_COLOUR('',#3453);
#3455=FILL_AREA_STYLE($,(#3454));
#3456=SURFACE_STYLE_FILL_AREA(#3455);
#3457=SURFACE_SIDE_STYLE('',(#3456));
#3458=SURFACE_STYLE_USAGE(.BOTH.,#3457);
#3459=PRESENTATION_STYLE_ASSIGNMENT((#3458));
#3460=STYLED_ITEM('',(#3459),#3452);
#3461=ADVANCED_FACE('',(#9095),#9097,.T.);
#3462=COLOUR_RGB('',0.156862745098039,0.156862745098039,0.156862745098039);
#3463=FILL_AREA_STYLE_COLOUR('',#3462);
#3464=FILL_AREA_STYLE($,(#3463));
#3465=SURFACE_STYLE_FILL_AREA(#3464);
#3466=SURFACE_SIDE_STYLE('',(#3465));
#3467=SURFACE_STYLE_USAGE(.BOTH.,#3466);
#3468=PRESENTATION_STYLE_ASSIGNMENT((#3467));
#3469=STYLED_ITEM('',(#3468),#3461);
#3470=ADVANCED_FACE('',(#9102),#9104,.T.);
#3471=COLOUR_RGB('',0.156862745098039,0.156862745098039,0.156862745098039);
#3472=FILL_AREA_STYLE_COLOUR('',#3471);
#3473=FILL_AREA_STYLE($,(#3472));
#3474=SURFACE_STYLE_FILL_AREA(#3473);
#3475=SURFACE_SIDE_STYLE('',(#3474));
#3476=SURFACE_STYLE_USAGE(.BOTH.,#3475);
#3477=PRESENTATION_STYLE_ASSIGNMENT((#3476));
#3478=STYLED_ITEM('',(#3477),#3470);
#3479=ADVANCED_FACE('',(#9109),#9111,.T.);
#3480=COLOUR_RGB('',0.156862745098039,0.156862745098039,0.156862745098039);
#3481=FILL_AREA_STYLE_COLOUR('',#3480);
#3482=FILL_AREA_STYLE($,(#3481));
#3483=SURFACE_STYLE_FILL_AREA(#3482);
#3484=SURFACE_SIDE_STYLE('',(#3483));
#3485=SURFACE_STYLE_USAGE(.BOTH.,#3484);
#3486=PRESENTATION_STYLE_ASSIGNMENT((#3485));
#3487=STYLED_ITEM('',(#3486),#3479);
#3488=ADVANCED_FACE('',(#9116),#9118,.T.);
#3489=COLOUR_RGB('',0.156862745098039,0.156862745098039,0.156862745098039);
#3490=FILL_AREA_STYLE_COLOUR('',#3489);
#3491=FILL_AREA_STYLE($,(#3490));
#3492=SURFACE_STYLE_FILL_AREA(#3491);
#3493=SURFACE_SIDE_STYLE('',(#3492));
#3494=SURFACE_STYLE_USAGE(.BOTH.,#3493);
#3495=PRESENTATION_STYLE_ASSIGNMENT((#3494));
#3496=STYLED_ITEM('',(#3495),#3488);
#3497=ADVANCED_FACE('',(#9123),#9125,.T.);
#3498=COLOUR_RGB('',0.156862745098039,0.156862745098039,0.156862745098039);
#3499=FILL_AREA_STYLE_COLOUR('',#3498);
#3500=FILL_AREA_STYLE($,(#3499));
#3501=SURFACE_STYLE_FILL_AREA(#3500);
#3502=SURFACE_SIDE_STYLE('',(#3501));
#3503=SURFACE_STYLE_USAGE(.BOTH.,#3502);
#3504=PRESENTATION_STYLE_ASSIGNMENT((#3503));
#3505=STYLED_ITEM('',(#3504),#3497);
#3506=ADVANCED_FACE('',(#9130),#9132,.T.);
#3507=COLOUR_RGB('',0.156862745098039,0.156862745098039,0.156862745098039);
#3508=FILL_AREA_STYLE_COLOUR('',#3507);
#3509=FILL_AREA_STYLE($,(#3508));
#3510=SURFACE_STYLE_FILL_AREA(#3509);
#3511=SURFACE_SIDE_STYLE('',(#3510));
#3512=SURFACE_STYLE_USAGE(.BOTH.,#3511);
#3513=PRESENTATION_STYLE_ASSIGNMENT((#3512));
#3514=STYLED_ITEM('',(#3513),#3506);
#3515=ADVANCED_FACE('',(#9137),#9139,.T.);
#3516=COLOUR_RGB('',0.156862745098039,0.156862745098039,0.156862745098039);
#3517=FILL_AREA_STYLE_COLOUR('',#3516);
#3518=FILL_AREA_STYLE($,(#3517));
#3519=SURFACE_STYLE_FILL_AREA(#3518);
#3520=SURFACE_SIDE_STYLE('',(#3519));
#3521=SURFACE_STYLE_USAGE(.BOTH.,#3520);
#3522=PRESENTATION_STYLE_ASSIGNMENT((#3521));
#3523=STYLED_ITEM('',(#3522),#3515);
#3524=ADVANCED_FACE('',(#9144),#9146,.T.);
#3525=COLOUR_RGB('',0.156862745098039,0.156862745098039,0.156862745098039);
#3526=FILL_AREA_STYLE_COLOUR('',#3525);
#3527=FILL_AREA_STYLE($,(#3526));
#3528=SURFACE_STYLE_FILL_AREA(#3527);
#3529=SURFACE_SIDE_STYLE('',(#3528));
#3530=SURFACE_STYLE_USAGE(.BOTH.,#3529);
#3531=PRESENTATION_STYLE_ASSIGNMENT((#3530));
#3532=STYLED_ITEM('',(#3531),#3524);
#3533=ADVANCED_FACE('',(#9151),#9153,.T.);
#3534=COLOUR_RGB('',0.156862745098039,0.156862745098039,0.156862745098039);
#3535=FILL_AREA_STYLE_COLOUR('',#3534);
#3536=FILL_AREA_STYLE($,(#3535));
#3537=SURFACE_STYLE_FILL_AREA(#3536);
#3538=SURFACE_SIDE_STYLE('',(#3537));
#3539=SURFACE_STYLE_USAGE(.BOTH.,#3538);
#3540=PRESENTATION_STYLE_ASSIGNMENT((#3539));
#3541=STYLED_ITEM('',(#3540),#3533);
#3542=ADVANCED_FACE('',(#9158),#9160,.T.);
#3543=COLOUR_RGB('',0.156862745098039,0.156862745098039,0.156862745098039);
#3544=FILL_AREA_STYLE_COLOUR('',#3543);
#3545=FILL_AREA_STYLE($,(#3544));
#3546=SURFACE_STYLE_FILL_AREA(#3545);
#3547=SURFACE_SIDE_STYLE('',(#3546));
#3548=SURFACE_STYLE_USAGE(.BOTH.,#3547);
#3549=PRESENTATION_STYLE_ASSIGNMENT((#3548));
#3550=STYLED_ITEM('',(#3549),#3542);
#3551=ADVANCED_FACE('',(#9165),#9167,.T.);
#3552=COLOUR_RGB('',0.156862745098039,0.156862745098039,0.156862745098039);
#3553=FILL_AREA_STYLE_COLOUR('',#3552);
#3554=FILL_AREA_STYLE($,(#3553));
#3555=SURFACE_STYLE_FILL_AREA(#3554);
#3556=SURFACE_SIDE_STYLE('',(#3555));
#3557=SURFACE_STYLE_USAGE(.BOTH.,#3556);
#3558=PRESENTATION_STYLE_ASSIGNMENT((#3557));
#3559=STYLED_ITEM('',(#3558),#3551);
#3560=ADVANCED_FACE('',(#9172),#9174,.T.);
#3561=COLOUR_RGB('',0.156862745098039,0.156862745098039,0.156862745098039);
#3562=FILL_AREA_STYLE_COLOUR('',#3561);
#3563=FILL_AREA_STYLE($,(#3562));
#3564=SURFACE_STYLE_FILL_AREA(#3563);
#3565=SURFACE_SIDE_STYLE('',(#3564));
#3566=SURFACE_STYLE_USAGE(.BOTH.,#3565);
#3567=PRESENTATION_STYLE_ASSIGNMENT((#3566));
#3568=STYLED_ITEM('',(#3567),#3560);
#3569=ADVANCED_FACE('',(#9179),#9181,.T.);
#3570=COLOUR_RGB('',0.156862745098039,0.156862745098039,0.156862745098039);
#3571=FILL_AREA_STYLE_COLOUR('',#3570);
#3572=FILL_AREA_STYLE($,(#3571));
#3573=SURFACE_STYLE_FILL_AREA(#3572);
#3574=SURFACE_SIDE_STYLE('',(#3573));
#3575=SURFACE_STYLE_USAGE(.BOTH.,#3574);
#3576=PRESENTATION_STYLE_ASSIGNMENT((#3575));
#3577=STYLED_ITEM('',(#3576),#3569);
#3578=ADVANCED_FACE('',(#9186),#9188,.T.);
#3579=COLOUR_RGB('',0.156862745098039,0.156862745098039,0.156862745098039);
#3580=FILL_AREA_STYLE_COLOUR('',#3579);
#3581=FILL_AREA_STYLE($,(#3580));
#3582=SURFACE_STYLE_FILL_AREA(#3581);
#3583=SURFACE_SIDE_STYLE('',(#3582));
#3584=SURFACE_STYLE_USAGE(.BOTH.,#3583);
#3585=PRESENTATION_STYLE_ASSIGNMENT((#3584));
#3586=STYLED_ITEM('',(#3585),#3578);
#3587=ADVANCED_FACE('',(#9193),#9195,.T.);
#3588=COLOUR_RGB('',0.156862745098039,0.156862745098039,0.156862745098039);
#3589=FILL_AREA_STYLE_COLOUR('',#3588);
#3590=FILL_AREA_STYLE($,(#3589));
#3591=SURFACE_STYLE_FILL_AREA(#3590);
#3592=SURFACE_SIDE_STYLE('',(#3591));
#3593=SURFACE_STYLE_USAGE(.BOTH.,#3592);
#3594=PRESENTATION_STYLE_ASSIGNMENT((#3593));
#3595=STYLED_ITEM('',(#3594),#3587);
#3596=ADVANCED_FACE('',(#9200),#9202,.T.);
#3597=COLOUR_RGB('',0.156862745098039,0.156862745098039,0.156862745098039);
#3598=FILL_AREA_STYLE_COLOUR('',#3597);
#3599=FILL_AREA_STYLE($,(#3598));
#3600=SURFACE_STYLE_FILL_AREA(#3599);
#3601=SURFACE_SIDE_STYLE('',(#3600));
#3602=SURFACE_STYLE_USAGE(.BOTH.,#3601);
#3603=PRESENTATION_STYLE_ASSIGNMENT((#3602));
#3604=STYLED_ITEM('',(#3603),#3596);
#3605=ADVANCED_FACE('',(#9207),#9209,.T.);
#3606=COLOUR_RGB('',0.156862745098039,0.156862745098039,0.156862745098039);
#3607=FILL_AREA_STYLE_COLOUR('',#3606);
#3608=FILL_AREA_STYLE($,(#3607));
#3609=SURFACE_STYLE_FILL_AREA(#3608);
#3610=SURFACE_SIDE_STYLE('',(#3609));
#3611=SURFACE_STYLE_USAGE(.BOTH.,#3610);
#3612=PRESENTATION_STYLE_ASSIGNMENT((#3611));
#3613=STYLED_ITEM('',(#3612),#3605);
#3614=ADVANCED_FACE('',(#9214),#9216,.T.);
#3615=COLOUR_RGB('',0.156862745098039,0.156862745098039,0.156862745098039);
#3616=FILL_AREA_STYLE_COLOUR('',#3615);
#3617=FILL_AREA_STYLE($,(#3616));
#3618=SURFACE_STYLE_FILL_AREA(#3617);
#3619=SURFACE_SIDE_STYLE('',(#3618));
#3620=SURFACE_STYLE_USAGE(.BOTH.,#3619);
#3621=PRESENTATION_STYLE_ASSIGNMENT((#3620));
#3622=STYLED_ITEM('',(#3621),#3614);
#3623=ADVANCED_FACE('',(#9221),#9223,.T.);
#3624=COLOUR_RGB('',0.156862745098039,0.156862745098039,0.156862745098039);
#3625=FILL_AREA_STYLE_COLOUR('',#3624);
#3626=FILL_AREA_STYLE($,(#3625));
#3627=SURFACE_STYLE_FILL_AREA(#3626);
#3628=SURFACE_SIDE_STYLE('',(#3627));
#3629=SURFACE_STYLE_USAGE(.BOTH.,#3628);
#3630=PRESENTATION_STYLE_ASSIGNMENT((#3629));
#3631=STYLED_ITEM('',(#3630),#3623);
#3632=ADVANCED_FACE('',(#9228),#9230,.T.);
#3633=COLOUR_RGB('',0.156862745098039,0.156862745098039,0.156862745098039);
#3634=FILL_AREA_STYLE_COLOUR('',#3633);
#3635=FILL_AREA_STYLE($,(#3634));
#3636=SURFACE_STYLE_FILL_AREA(#3635);
#3637=SURFACE_SIDE_STYLE('',(#3636));
#3638=SURFACE_STYLE_USAGE(.BOTH.,#3637);
#3639=PRESENTATION_STYLE_ASSIGNMENT((#3638));
#3640=STYLED_ITEM('',(#3639),#3632);
#3641=ADVANCED_FACE('',(#9235),#9237,.T.);
#3642=COLOUR_RGB('',0.156862745098039,0.156862745098039,0.156862745098039);
#3643=FILL_AREA_STYLE_COLOUR('',#3642);
#3644=FILL_AREA_STYLE($,(#3643));
#3645=SURFACE_STYLE_FILL_AREA(#3644);
#3646=SURFACE_SIDE_STYLE('',(#3645));
#3647=SURFACE_STYLE_USAGE(.BOTH.,#3646);
#3648=PRESENTATION_STYLE_ASSIGNMENT((#3647));
#3649=STYLED_ITEM('',(#3648),#3641);
#3650=ADVANCED_FACE('',(#9242),#9244,.T.);
#3651=COLOUR_RGB('',0.156862745098039,0.156862745098039,0.156862745098039);
#3652=FILL_AREA_STYLE_COLOUR('',#3651);
#3653=FILL_AREA_STYLE($,(#3652));
#3654=SURFACE_STYLE_FILL_AREA(#3653);
#3655=SURFACE_SIDE_STYLE('',(#3654));
#3656=SURFACE_STYLE_USAGE(.BOTH.,#3655);
#3657=PRESENTATION_STYLE_ASSIGNMENT((#3656));
#3658=STYLED_ITEM('',(#3657),#3650);
#3659=ADVANCED_FACE('',(#9249),#9251,.T.);
#3660=COLOUR_RGB('',0.156862745098039,0.156862745098039,0.156862745098039);
#3661=FILL_AREA_STYLE_COLOUR('',#3660);
#3662=FILL_AREA_STYLE($,(#3661));
#3663=SURFACE_STYLE_FILL_AREA(#3662);
#3664=SURFACE_SIDE_STYLE('',(#3663));
#3665=SURFACE_STYLE_USAGE(.BOTH.,#3664);
#3666=PRESENTATION_STYLE_ASSIGNMENT((#3665));
#3667=STYLED_ITEM('',(#3666),#3659);
#3668=ADVANCED_FACE('',(#9256),#9258,.T.);
#3669=COLOUR_RGB('',0.156862745098039,0.156862745098039,0.156862745098039);
#3670=FILL_AREA_STYLE_COLOUR('',#3669);
#3671=FILL_AREA_STYLE($,(#3670));
#3672=SURFACE_STYLE_FILL_AREA(#3671);
#3673=SURFACE_SIDE_STYLE('',(#3672));
#3674=SURFACE_STYLE_USAGE(.BOTH.,#3673);
#3675=PRESENTATION_STYLE_ASSIGNMENT((#3674));
#3676=STYLED_ITEM('',(#3675),#3668);
#3677=ADVANCED_FACE('',(#9263,#9265),#9267,.F.);
#3678=COLOUR_RGB('',0.156862745098039,0.156862745098039,0.156862745098039);
#3679=FILL_AREA_STYLE_COLOUR('',#3678);
#3680=FILL_AREA_STYLE($,(#3679));
#3681=SURFACE_STYLE_FILL_AREA(#3680);
#3682=SURFACE_SIDE_STYLE('',(#3681));
#3683=SURFACE_STYLE_USAGE(.BOTH.,#3682);
#3684=PRESENTATION_STYLE_ASSIGNMENT((#3683));
#3685=STYLED_ITEM('',(#3684),#3677);
#3686=ADVANCED_FACE('',(#9272,#9274),#9276,.F.);
#3687=COLOUR_RGB('',0.156862745098039,0.156862745098039,0.156862745098039);
#3688=FILL_AREA_STYLE_COLOUR('',#3687);
#3689=FILL_AREA_STYLE($,(#3688));
#3690=SURFACE_STYLE_FILL_AREA(#3689);
#3691=SURFACE_SIDE_STYLE('',(#3690));
#3692=SURFACE_STYLE_USAGE(.BOTH.,#3691);
#3693=PRESENTATION_STYLE_ASSIGNMENT((#3692));
#3694=STYLED_ITEM('',(#3693),#3686);
#3695=ADVANCED_FACE('',(#9281,#9283),#9285,.T.);
#3696=COLOUR_RGB('',0.156862745098039,0.156862745098039,0.156862745098039);
#3697=FILL_AREA_STYLE_COLOUR('',#3696);
#3698=FILL_AREA_STYLE($,(#3697));
#3699=SURFACE_STYLE_FILL_AREA(#3698);
#3700=SURFACE_SIDE_STYLE('',(#3699));
#3701=SURFACE_STYLE_USAGE(.BOTH.,#3700);
#3702=PRESENTATION_STYLE_ASSIGNMENT((#3701));
#3703=STYLED_ITEM('',(#3702),#3695);
#3704=ADVANCED_FACE('',(#9290),#9292,.T.);
#3705=COLOUR_RGB('',0.968627450980392,0.87843137254902,0.6);
#3706=FILL_AREA_STYLE_COLOUR('',#3705);
#3707=FILL_AREA_STYLE($,(#3706));
#3708=SURFACE_STYLE_FILL_AREA(#3707);
#3709=SURFACE_SIDE_STYLE('',(#3708));
#3710=SURFACE_STYLE_USAGE(.BOTH.,#3709);
#3711=PRESENTATION_STYLE_ASSIGNMENT((#3710));
#3712=STYLED_ITEM('',(#3711),#3704);
#3713=ADVANCED_FACE('',(#9297,#9299),#9301,.T.);
#3714=COLOUR_RGB('',0.968627450980392,0.87843137254902,0.6);
#3715=FILL_AREA_STYLE_COLOUR('',#3714);
#3716=FILL_AREA_STYLE($,(#3715));
#3717=SURFACE_STYLE_FILL_AREA(#3716);
#3718=SURFACE_SIDE_STYLE('',(#3717));
#3719=SURFACE_STYLE_USAGE(.BOTH.,#3718);
#3720=PRESENTATION_STYLE_ASSIGNMENT((#3719));
#3721=STYLED_ITEM('',(#3720),#3713);
#3722=ADVANCED_FACE('',(#9306,#9308),#9310,.T.);
#3723=COLOUR_RGB('',0.968627450980392,0.87843137254902,0.6);
#3724=FILL_AREA_STYLE_COLOUR('',#3723);
#3725=FILL_AREA_STYLE($,(#3724));
#3726=SURFACE_STYLE_FILL_AREA(#3725);
#3727=SURFACE_SIDE_STYLE('',(#3726));
#3728=SURFACE_STYLE_USAGE(.BOTH.,#3727);
#3729=PRESENTATION_STYLE_ASSIGNMENT((#3728));
#3730=STYLED_ITEM('',(#3729),#3722);
#3731=ADVANCED_FACE('',(#9315,#9317),#9319,.T.);
#3732=COLOUR_RGB('',0.968627450980392,0.87843137254902,0.6);
#3733=FILL_AREA_STYLE_COLOUR('',#3732);
#3734=FILL_AREA_STYLE($,(#3733));
#3735=SURFACE_STYLE_FILL_AREA(#3734);
#3736=SURFACE_SIDE_STYLE('',(#3735));
#3737=SURFACE_STYLE_USAGE(.BOTH.,#3736);
#3738=PRESENTATION_STYLE_ASSIGNMENT((#3737));
#3739=STYLED_ITEM('',(#3738),#3731);
#3740=ADVANCED_FACE('',(#9324,#9326),#9328,.T.);
#3741=COLOUR_RGB('',0.968627450980392,0.87843137254902,0.6);
#3742=FILL_AREA_STYLE_COLOUR('',#3741);
#3743=FILL_AREA_STYLE($,(#3742));
#3744=SURFACE_STYLE_FILL_AREA(#3743);
#3745=SURFACE_SIDE_STYLE('',(#3744));
#3746=SURFACE_STYLE_USAGE(.BOTH.,#3745);
#3747=PRESENTATION_STYLE_ASSIGNMENT((#3746));
#3748=STYLED_ITEM('',(#3747),#3740);
#3749=ADVANCED_FACE('',(#9333,#9335),#9337,.T.);
#3750=COLOUR_RGB('',0.968627450980392,0.87843137254902,0.6);
#3751=FILL_AREA_STYLE_COLOUR('',#3750);
#3752=FILL_AREA_STYLE($,(#3751));
#3753=SURFACE_STYLE_FILL_AREA(#3752);
#3754=SURFACE_SIDE_STYLE('',(#3753));
#3755=SURFACE_STYLE_USAGE(.BOTH.,#3754);
#3756=PRESENTATION_STYLE_ASSIGNMENT((#3755));
#3757=STYLED_ITEM('',(#3756),#3749);
#3758=ADVANCED_FACE('',(#9342,#9344),#9346,.T.);
#3759=COLOUR_RGB('',0.968627450980392,0.87843137254902,0.6);
#3760=FILL_AREA_STYLE_COLOUR('',#3759);
#3761=FILL_AREA_STYLE($,(#3760));
#3762=SURFACE_STYLE_FILL_AREA(#3761);
#3763=SURFACE_SIDE_STYLE('',(#3762));
#3764=SURFACE_STYLE_USAGE(.BOTH.,#3763);
#3765=PRESENTATION_STYLE_ASSIGNMENT((#3764));
#3766=STYLED_ITEM('',(#3765),#3758);
#3767=ADVANCED_FACE('',(#9351,#9353),#9355,.T.);
#3768=COLOUR_RGB('',0.968627450980392,0.87843137254902,0.6);
#3769=FILL_AREA_STYLE_COLOUR('',#3768);
#3770=FILL_AREA_STYLE($,(#3769));
#3771=SURFACE_STYLE_FILL_AREA(#3770);
#3772=SURFACE_SIDE_STYLE('',(#3771));
#3773=SURFACE_STYLE_USAGE(.BOTH.,#3772);
#3774=PRESENTATION_STYLE_ASSIGNMENT((#3773));
#3775=STYLED_ITEM('',(#3774),#3767);
#3776=ADVANCED_FACE('',(#9360),#9362,.T.);
#3777=COLOUR_RGB('',0.968627450980392,0.87843137254902,0.6);
#3778=FILL_AREA_STYLE_COLOUR('',#3777);
#3779=FILL_AREA_STYLE($,(#3778));
#3780=SURFACE_STYLE_FILL_AREA(#3779);
#3781=SURFACE_SIDE_STYLE('',(#3780));
#3782=SURFACE_STYLE_USAGE(.BOTH.,#3781);
#3783=PRESENTATION_STYLE_ASSIGNMENT((#3782));
#3784=STYLED_ITEM('',(#3783),#3776);
#3785=ADVANCED_FACE('',(#9367),#9369,.T.);
#3786=COLOUR_RGB('',0.968627450980392,0.87843137254902,0.6);
#3787=FILL_AREA_STYLE_COLOUR('',#3786);
#3788=FILL_AREA_STYLE($,(#3787));
#3789=SURFACE_STYLE_FILL_AREA(#3788);
#3790=SURFACE_SIDE_STYLE('',(#3789));
#3791=SURFACE_STYLE_USAGE(.BOTH.,#3790);
#3792=PRESENTATION_STYLE_ASSIGNMENT((#3791));
#3793=STYLED_ITEM('',(#3792),#3785);
#3794=ADVANCED_FACE('',(#9374,#9376),#9378,.T.);
#3795=COLOUR_RGB('',0.968627450980392,0.87843137254902,0.6);
#3796=FILL_AREA_STYLE_COLOUR('',#3795);
#3797=FILL_AREA_STYLE($,(#3796));
#3798=SURFACE_STYLE_FILL_AREA(#3797);
#3799=SURFACE_SIDE_STYLE('',(#3798));
#3800=SURFACE_STYLE_USAGE(.BOTH.,#3799);
#3801=PRESENTATION_STYLE_ASSIGNMENT((#3800));
#3802=STYLED_ITEM('',(#3801),#3794);
#3803=ADVANCED_FACE('',(#9383,#9385),#9387,.T.);
#3804=COLOUR_RGB('',0.968627450980392,0.87843137254902,0.6);
#3805=FILL_AREA_STYLE_COLOUR('',#3804);
#3806=FILL_AREA_STYLE($,(#3805));
#3807=SURFACE_STYLE_FILL_AREA(#3806);
#3808=SURFACE_SIDE_STYLE('',(#3807));
#3809=SURFACE_STYLE_USAGE(.BOTH.,#3808);
#3810=PRESENTATION_STYLE_ASSIGNMENT((#3809));
#3811=STYLED_ITEM('',(#3810),#3803);
#3812=ADVANCED_FACE('',(#9392,#9394),#9396,.T.);
#3813=COLOUR_RGB('',0.968627450980392,0.87843137254902,0.6);
#3814=FILL_AREA_STYLE_COLOUR('',#3813);
#3815=FILL_AREA_STYLE($,(#3814));
#3816=SURFACE_STYLE_FILL_AREA(#3815);
#3817=SURFACE_SIDE_STYLE('',(#3816));
#3818=SURFACE_STYLE_USAGE(.BOTH.,#3817);
#3819=PRESENTATION_STYLE_ASSIGNMENT((#3818));
#3820=STYLED_ITEM('',(#3819),#3812);
#3821=ADVANCED_FACE('',(#9401,#9403),#9405,.T.);
#3822=COLOUR_RGB('',0.968627450980392,0.87843137254902,0.6);
#3823=FILL_AREA_STYLE_COLOUR('',#3822);
#3824=FILL_AREA_STYLE($,(#3823));
#3825=SURFACE_STYLE_FILL_AREA(#3824);
#3826=SURFACE_SIDE_STYLE('',(#3825));
#3827=SURFACE_STYLE_USAGE(.BOTH.,#3826);
#3828=PRESENTATION_STYLE_ASSIGNMENT((#3827));
#3829=STYLED_ITEM('',(#3828),#3821);
#3830=ADVANCED_FACE('',(#9410,#9412),#9414,.T.);
#3831=COLOUR_RGB('',0.968627450980392,0.87843137254902,0.6);
#3832=FILL_AREA_STYLE_COLOUR('',#3831);
#3833=FILL_AREA_STYLE($,(#3832));
#3834=SURFACE_STYLE_FILL_AREA(#3833);
#3835=SURFACE_SIDE_STYLE('',(#3834));
#3836=SURFACE_STYLE_USAGE(.BOTH.,#3835);
#3837=PRESENTATION_STYLE_ASSIGNMENT((#3836));
#3838=STYLED_ITEM('',(#3837),#3830);
#3839=ADVANCED_FACE('',(#9419,#9421),#9423,.T.);
#3840=COLOUR_RGB('',0.968627450980392,0.87843137254902,0.6);
#3841=FILL_AREA_STYLE_COLOUR('',#3840);
#3842=FILL_AREA_STYLE($,(#3841));
#3843=SURFACE_STYLE_FILL_AREA(#3842);
#3844=SURFACE_SIDE_STYLE('',(#3843));
#3845=SURFACE_STYLE_USAGE(.BOTH.,#3844);
#3846=PRESENTATION_STYLE_ASSIGNMENT((#3845));
#3847=STYLED_ITEM('',(#3846),#3839);
#3848=ADVANCED_FACE('',(#9428,#9430),#9432,.T.);
#3849=COLOUR_RGB('',0.968627450980392,0.87843137254902,0.6);
#3850=FILL_AREA_STYLE_COLOUR('',#3849);
#3851=FILL_AREA_STYLE($,(#3850));
#3852=SURFACE_STYLE_FILL_AREA(#3851);
#3853=SURFACE_SIDE_STYLE('',(#3852));
#3854=SURFACE_STYLE_USAGE(.BOTH.,#3853);
#3855=PRESENTATION_STYLE_ASSIGNMENT((#3854));
#3856=STYLED_ITEM('',(#3855),#3848);
#3857=ADVANCED_FACE('',(#9437),#9439,.T.);
#3858=COLOUR_RGB('',0.968627450980392,0.87843137254902,0.6);
#3859=FILL_AREA_STYLE_COLOUR('',#3858);
#3860=FILL_AREA_STYLE($,(#3859));
#3861=SURFACE_STYLE_FILL_AREA(#3860);
#3862=SURFACE_SIDE_STYLE('',(#3861));
#3863=SURFACE_STYLE_USAGE(.BOTH.,#3862);
#3864=PRESENTATION_STYLE_ASSIGNMENT((#3863));
#3865=STYLED_ITEM('',(#3864),#3857);
#3866=ADVANCED_FACE('',(#9444),#9446,.T.);
#3867=COLOUR_RGB('',0.968627450980392,0.87843137254902,0.6);
#3868=FILL_AREA_STYLE_COLOUR('',#3867);
#3869=FILL_AREA_STYLE($,(#3868));
#3870=SURFACE_STYLE_FILL_AREA(#3869);
#3871=SURFACE_SIDE_STYLE('',(#3870));
#3872=SURFACE_STYLE_USAGE(.BOTH.,#3871);
#3873=PRESENTATION_STYLE_ASSIGNMENT((#3872));
#3874=STYLED_ITEM('',(#3873),#3866);
#3875=ADVANCED_FACE('',(#9451,#9453),#9455,.T.);
#3876=COLOUR_RGB('',0.968627450980392,0.87843137254902,0.6);
#3877=FILL_AREA_STYLE_COLOUR('',#3876);
#3878=FILL_AREA_STYLE($,(#3877));
#3879=SURFACE_STYLE_FILL_AREA(#3878);
#3880=SURFACE_SIDE_STYLE('',(#3879));
#3881=SURFACE_STYLE_USAGE(.BOTH.,#3880);
#3882=PRESENTATION_STYLE_ASSIGNMENT((#3881));
#3883=STYLED_ITEM('',(#3882),#3875);
#3884=ADVANCED_FACE('',(#9460,#9462),#9464,.T.);
#3885=COLOUR_RGB('',0.968627450980392,0.87843137254902,0.6);
#3886=FILL_AREA_STYLE_COLOUR('',#3885);
#3887=FILL_AREA_STYLE($,(#3886));
#3888=SURFACE_STYLE_FILL_AREA(#3887);
#3889=SURFACE_SIDE_STYLE('',(#3888));
#3890=SURFACE_STYLE_USAGE(.BOTH.,#3889);
#3891=PRESENTATION_STYLE_ASSIGNMENT((#3890));
#3892=STYLED_ITEM('',(#3891),#3884);
#3893=ADVANCED_FACE('',(#9469,#9471),#9473,.T.);
#3894=COLOUR_RGB('',0.968627450980392,0.87843137254902,0.6);
#3895=FILL_AREA_STYLE_COLOUR('',#3894);
#3896=FILL_AREA_STYLE($,(#3895));
#3897=SURFACE_STYLE_FILL_AREA(#3896);
#3898=SURFACE_SIDE_STYLE('',(#3897));
#3899=SURFACE_STYLE_USAGE(.BOTH.,#3898);
#3900=PRESENTATION_STYLE_ASSIGNMENT((#3899));
#3901=STYLED_ITEM('',(#3900),#3893);
#3902=ADVANCED_FACE('',(#9478,#9480),#9482,.T.);
#3903=COLOUR_RGB('',0.968627450980392,0.87843137254902,0.6);
#3904=FILL_AREA_STYLE_COLOUR('',#3903);
#3905=FILL_AREA_STYLE($,(#3904));
#3906=SURFACE_STYLE_FILL_AREA(#3905);
#3907=SURFACE_SIDE_STYLE('',(#3906));
#3908=SURFACE_STYLE_USAGE(.BOTH.,#3907);
#3909=PRESENTATION_STYLE_ASSIGNMENT((#3908));
#3910=STYLED_ITEM('',(#3909),#3902);
#3911=ADVANCED_FACE('',(#9487,#9489),#9491,.T.);
#3912=COLOUR_RGB('',0.968627450980392,0.87843137254902,0.6);
#3913=FILL_AREA_STYLE_COLOUR('',#3912);
#3914=FILL_AREA_STYLE($,(#3913));
#3915=SURFACE_STYLE_FILL_AREA(#3914);
#3916=SURFACE_SIDE_STYLE('',(#3915));
#3917=SURFACE_STYLE_USAGE(.BOTH.,#3916);
#3918=PRESENTATION_STYLE_ASSIGNMENT((#3917));
#3919=STYLED_ITEM('',(#3918),#3911);
#3920=ADVANCED_FACE('',(#9496,#9498),#9500,.T.);
#3921=COLOUR_RGB('',0.968627450980392,0.87843137254902,0.6);
#3922=FILL_AREA_STYLE_COLOUR('',#3921);
#3923=FILL_AREA_STYLE($,(#3922));
#3924=SURFACE_STYLE_FILL_AREA(#3923);
#3925=SURFACE_SIDE_STYLE('',(#3924));
#3926=SURFACE_STYLE_USAGE(.BOTH.,#3925);
#3927=PRESENTATION_STYLE_ASSIGNMENT((#3926));
#3928=STYLED_ITEM('',(#3927),#3920);
#3929=ADVANCED_FACE('',(#9505,#9507),#9509,.T.);
#3930=COLOUR_RGB('',0.968627450980392,0.87843137254902,0.6);
#3931=FILL_AREA_STYLE_COLOUR('',#3930);
#3932=FILL_AREA_STYLE($,(#3931));
#3933=SURFACE_STYLE_FILL_AREA(#3932);
#3934=SURFACE_SIDE_STYLE('',(#3933));
#3935=SURFACE_STYLE_USAGE(.BOTH.,#3934);
#3936=PRESENTATION_STYLE_ASSIGNMENT((#3935));
#3937=STYLED_ITEM('',(#3936),#3929);
#3938=ADVANCED_FACE('',(#9514),#9516,.T.);
#3939=COLOUR_RGB('',0.968627450980392,0.87843137254902,0.6);
#3940=FILL_AREA_STYLE_COLOUR('',#3939);
#3941=FILL_AREA_STYLE($,(#3940));
#3942=SURFACE_STYLE_FILL_AREA(#3941);
#3943=SURFACE_SIDE_STYLE('',(#3942));
#3944=SURFACE_STYLE_USAGE(.BOTH.,#3943);
#3945=PRESENTATION_STYLE_ASSIGNMENT((#3944));
#3946=STYLED_ITEM('',(#3945),#3938);
#3947=ADVANCED_FACE('',(#9521),#9523,.T.);
#3948=COLOUR_RGB('',0.968627450980392,0.87843137254902,0.6);
#3949=FILL_AREA_STYLE_COLOUR('',#3948);
#3950=FILL_AREA_STYLE($,(#3949));
#3951=SURFACE_STYLE_FILL_AREA(#3950);
#3952=SURFACE_SIDE_STYLE('',(#3951));
#3953=SURFACE_STYLE_USAGE(.BOTH.,#3952);
#3954=PRESENTATION_STYLE_ASSIGNMENT((#3953));
#3955=STYLED_ITEM('',(#3954),#3947);
#3956=ADVANCED_FACE('',(#9528,#9530),#9532,.T.);
#3957=COLOUR_RGB('',0.968627450980392,0.87843137254902,0.6);
#3958=FILL_AREA_STYLE_COLOUR('',#3957);
#3959=FILL_AREA_STYLE($,(#3958));
#3960=SURFACE_STYLE_FILL_AREA(#3959);
#3961=SURFACE_SIDE_STYLE('',(#3960));
#3962=SURFACE_STYLE_USAGE(.BOTH.,#3961);
#3963=PRESENTATION_STYLE_ASSIGNMENT((#3962));
#3964=STYLED_ITEM('',(#3963),#3956);
#3965=ADVANCED_FACE('',(#9537,#9539),#9541,.T.);
#3966=COLOUR_RGB('',0.968627450980392,0.87843137254902,0.6);
#3967=FILL_AREA_STYLE_COLOUR('',#3966);
#3968=FILL_AREA_STYLE($,(#3967));
#3969=SURFACE_STYLE_FILL_AREA(#3968);
#3970=SURFACE_SIDE_STYLE('',(#3969));
#3971=SURFACE_STYLE_USAGE(.BOTH.,#3970);
#3972=PRESENTATION_STYLE_ASSIGNMENT((#3971));
#3973=STYLED_ITEM('',(#3972),#3965);
#3974=ADVANCED_FACE('',(#9546,#9548),#9550,.T.);
#3975=COLOUR_RGB('',0.968627450980392,0.87843137254902,0.6);
#3976=FILL_AREA_STYLE_COLOUR('',#3975);
#3977=FILL_AREA_STYLE($,(#3976));
#3978=SURFACE_STYLE_FILL_AREA(#3977);
#3979=SURFACE_SIDE_STYLE('',(#3978));
#3980=SURFACE_STYLE_USAGE(.BOTH.,#3979);
#3981=PRESENTATION_STYLE_ASSIGNMENT((#3980));
#3982=STYLED_ITEM('',(#3981),#3974);
#3983=ADVANCED_FACE('',(#9555,#9557),#9559,.T.);
#3984=COLOUR_RGB('',0.968627450980392,0.87843137254902,0.6);
#3985=FILL_AREA_STYLE_COLOUR('',#3984);
#3986=FILL_AREA_STYLE($,(#3985));
#3987=SURFACE_STYLE_FILL_AREA(#3986);
#3988=SURFACE_SIDE_STYLE('',(#3987));
#3989=SURFACE_STYLE_USAGE(.BOTH.,#3988);
#3990=PRESENTATION_STYLE_ASSIGNMENT((#3989));
#3991=STYLED_ITEM('',(#3990),#3983);
#3992=ADVANCED_FACE('',(#9564,#9566),#9568,.T.);
#3993=COLOUR_RGB('',0.968627450980392,0.87843137254902,0.6);
#3994=FILL_AREA_STYLE_COLOUR('',#3993);
#3995=FILL_AREA_STYLE($,(#3994));
#3996=SURFACE_STYLE_FILL_AREA(#3995);
#3997=SURFACE_SIDE_STYLE('',(#3996));
#3998=SURFACE_STYLE_USAGE(.BOTH.,#3997);
#3999=PRESENTATION_STYLE_ASSIGNMENT((#3998));
#4000=STYLED_ITEM('',(#3999),#3992);
#4001=ADVANCED_FACE('',(#9573,#9575),#9577,.T.);
#4002=COLOUR_RGB('',0.968627450980392,0.87843137254902,0.6);
#4003=FILL_AREA_STYLE_COLOUR('',#4002);
#4004=FILL_AREA_STYLE($,(#4003));
#4005=SURFACE_STYLE_FILL_AREA(#4004);
#4006=SURFACE_SIDE_STYLE('',(#4005));
#4007=SURFACE_STYLE_USAGE(.BOTH.,#4006);
#4008=PRESENTATION_STYLE_ASSIGNMENT((#4007));
#4009=STYLED_ITEM('',(#4008),#4001);
#4010=ADVANCED_FACE('',(#9582,#9584),#9586,.T.);
#4011=COLOUR_RGB('',0.968627450980392,0.87843137254902,0.6);
#4012=FILL_AREA_STYLE_COLOUR('',#4011);
#4013=FILL_AREA_STYLE($,(#4012));
#4014=SURFACE_STYLE_FILL_AREA(#4013);
#4015=SURFACE_SIDE_STYLE('',(#4014));
#4016=SURFACE_STYLE_USAGE(.BOTH.,#4015);
#4017=PRESENTATION_STYLE_ASSIGNMENT((#4016));
#4018=STYLED_ITEM('',(#4017),#4010);
#4019=ADVANCED_FACE('',(#9591),#9593,.T.);
#4020=COLOUR_RGB('',0.968627450980392,0.87843137254902,0.6);
#4021=FILL_AREA_STYLE_COLOUR('',#4020);
#4022=FILL_AREA_STYLE($,(#4021));
#4023=SURFACE_STYLE_FILL_AREA(#4022);
#4024=SURFACE_SIDE_STYLE('',(#4023));
#4025=SURFACE_STYLE_USAGE(.BOTH.,#4024);
#4026=PRESENTATION_STYLE_ASSIGNMENT((#4025));
#4027=STYLED_ITEM('',(#4026),#4019);
#4028=ADVANCED_FACE('',(#9598),#9600,.T.);
#4029=COLOUR_RGB('',0.968627450980392,0.87843137254902,0.6);
#4030=FILL_AREA_STYLE_COLOUR('',#4029);
#4031=FILL_AREA_STYLE($,(#4030));
#4032=SURFACE_STYLE_FILL_AREA(#4031);
#4033=SURFACE_SIDE_STYLE('',(#4032));
#4034=SURFACE_STYLE_USAGE(.BOTH.,#4033);
#4035=PRESENTATION_STYLE_ASSIGNMENT((#4034));
#4036=STYLED_ITEM('',(#4035),#4028);
#4037=ADVANCED_FACE('',(#9605,#9607),#9609,.T.);
#4038=COLOUR_RGB('',0.968627450980392,0.87843137254902,0.6);
#4039=FILL_AREA_STYLE_COLOUR('',#4038);
#4040=FILL_AREA_STYLE($,(#4039));
#4041=SURFACE_STYLE_FILL_AREA(#4040);
#4042=SURFACE_SIDE_STYLE('',(#4041));
#4043=SURFACE_STYLE_USAGE(.BOTH.,#4042);
#4044=PRESENTATION_STYLE_ASSIGNMENT((#4043));
#4045=STYLED_ITEM('',(#4044),#4037);
#4046=ADVANCED_FACE('',(#9614,#9616),#9618,.T.);
#4047=COLOUR_RGB('',0.968627450980392,0.87843137254902,0.6);
#4048=FILL_AREA_STYLE_COLOUR('',#4047);
#4049=FILL_AREA_STYLE($,(#4048));
#4050=SURFACE_STYLE_FILL_AREA(#4049);
#4051=SURFACE_SIDE_STYLE('',(#4050));
#4052=SURFACE_STYLE_USAGE(.BOTH.,#4051);
#4053=PRESENTATION_STYLE_ASSIGNMENT((#4052));
#4054=STYLED_ITEM('',(#4053),#4046);
#4055=ADVANCED_FACE('',(#9623,#9625),#9627,.T.);
#4056=COLOUR_RGB('',0.968627450980392,0.87843137254902,0.6);
#4057=FILL_AREA_STYLE_COLOUR('',#4056);
#4058=FILL_AREA_STYLE($,(#4057));
#4059=SURFACE_STYLE_FILL_AREA(#4058);
#4060=SURFACE_SIDE_STYLE('',(#4059));
#4061=SURFACE_STYLE_USAGE(.BOTH.,#4060);
#4062=PRESENTATION_STYLE_ASSIGNMENT((#4061));
#4063=STYLED_ITEM('',(#4062),#4055);
#4064=ADVANCED_FACE('',(#9632,#9634),#9636,.T.);
#4065=COLOUR_RGB('',0.968627450980392,0.87843137254902,0.6);
#4066=FILL_AREA_STYLE_COLOUR('',#4065);
#4067=FILL_AREA_STYLE($,(#4066));
#4068=SURFACE_STYLE_FILL_AREA(#4067);
#4069=SURFACE_SIDE_STYLE('',(#4068));
#4070=SURFACE_STYLE_USAGE(.BOTH.,#4069);
#4071=PRESENTATION_STYLE_ASSIGNMENT((#4070));
#4072=STYLED_ITEM('',(#4071),#4064);
#4073=ADVANCED_FACE('',(#9641,#9643),#9645,.T.);
#4074=COLOUR_RGB('',0.968627450980392,0.87843137254902,0.6);
#4075=FILL_AREA_STYLE_COLOUR('',#4074);
#4076=FILL_AREA_STYLE($,(#4075));
#4077=SURFACE_STYLE_FILL_AREA(#4076);
#4078=SURFACE_SIDE_STYLE('',(#4077));
#4079=SURFACE_STYLE_USAGE(.BOTH.,#4078);
#4080=PRESENTATION_STYLE_ASSIGNMENT((#4079));
#4081=STYLED_ITEM('',(#4080),#4073);
#4082=ADVANCED_FACE('',(#9650,#9652),#9654,.T.);
#4083=COLOUR_RGB('',0.968627450980392,0.87843137254902,0.6);
#4084=FILL_AREA_STYLE_COLOUR('',#4083);
#4085=FILL_AREA_STYLE($,(#4084));
#4086=SURFACE_STYLE_FILL_AREA(#4085);
#4087=SURFACE_SIDE_STYLE('',(#4086));
#4088=SURFACE_STYLE_USAGE(.BOTH.,#4087);
#4089=PRESENTATION_STYLE_ASSIGNMENT((#4088));
#4090=STYLED_ITEM('',(#4089),#4082);
#4091=ADVANCED_FACE('',(#9659,#9661),#9663,.T.);
#4092=COLOUR_RGB('',0.968627450980392,0.87843137254902,0.6);
#4093=FILL_AREA_STYLE_COLOUR('',#4092);
#4094=FILL_AREA_STYLE($,(#4093));
#4095=SURFACE_STYLE_FILL_AREA(#4094);
#4096=SURFACE_SIDE_STYLE('',(#4095));
#4097=SURFACE_STYLE_USAGE(.BOTH.,#4096);
#4098=PRESENTATION_STYLE_ASSIGNMENT((#4097));
#4099=STYLED_ITEM('',(#4098),#4091);
#4100=ADVANCED_FACE('',(#9668),#9670,.T.);
#4101=COLOUR_RGB('',0.968627450980392,0.87843137254902,0.6);
#4102=FILL_AREA_STYLE_COLOUR('',#4101);
#4103=FILL_AREA_STYLE($,(#4102));
#4104=SURFACE_STYLE_FILL_AREA(#4103);
#4105=SURFACE_SIDE_STYLE('',(#4104));
#4106=SURFACE_STYLE_USAGE(.BOTH.,#4105);
#4107=PRESENTATION_STYLE_ASSIGNMENT((#4106));
#4108=STYLED_ITEM('',(#4107),#4100);
#4109=ADVANCED_FACE('',(#9675),#9677,.T.);
#4110=COLOUR_RGB('',0.968627450980392,0.87843137254902,0.6);
#4111=FILL_AREA_STYLE_COLOUR('',#4110);
#4112=FILL_AREA_STYLE($,(#4111));
#4113=SURFACE_STYLE_FILL_AREA(#4112);
#4114=SURFACE_SIDE_STYLE('',(#4113));
#4115=SURFACE_STYLE_USAGE(.BOTH.,#4114);
#4116=PRESENTATION_STYLE_ASSIGNMENT((#4115));
#4117=STYLED_ITEM('',(#4116),#4109);
#4118=ADVANCED_FACE('',(#9682,#9684),#9686,.T.);
#4119=COLOUR_RGB('',0.968627450980392,0.87843137254902,0.6);
#4120=FILL_AREA_STYLE_COLOUR('',#4119);
#4121=FILL_AREA_STYLE($,(#4120));
#4122=SURFACE_STYLE_FILL_AREA(#4121);
#4123=SURFACE_SIDE_STYLE('',(#4122));
#4124=SURFACE_STYLE_USAGE(.BOTH.,#4123);
#4125=PRESENTATION_STYLE_ASSIGNMENT((#4124));
#4126=STYLED_ITEM('',(#4125),#4118);
#4127=ADVANCED_FACE('',(#9691,#9693),#9695,.T.);
#4128=COLOUR_RGB('',0.968627450980392,0.87843137254902,0.6);
#4129=FILL_AREA_STYLE_COLOUR('',#4128);
#4130=FILL_AREA_STYLE($,(#4129));
#4131=SURFACE_STYLE_FILL_AREA(#4130);
#4132=SURFACE_SIDE_STYLE('',(#4131));
#4133=SURFACE_STYLE_USAGE(.BOTH.,#4132);
#4134=PRESENTATION_STYLE_ASSIGNMENT((#4133));
#4135=STYLED_ITEM('',(#4134),#4127);
#4136=ADVANCED_FACE('',(#9700,#9702),#9704,.T.);
#4137=COLOUR_RGB('',0.968627450980392,0.87843137254902,0.6);
#4138=FILL_AREA_STYLE_COLOUR('',#4137);
#4139=FILL_AREA_STYLE($,(#4138));
#4140=SURFACE_STYLE_FILL_AREA(#4139);
#4141=SURFACE_SIDE_STYLE('',(#4140));
#4142=SURFACE_STYLE_USAGE(.BOTH.,#4141);
#4143=PRESENTATION_STYLE_ASSIGNMENT((#4142));
#4144=STYLED_ITEM('',(#4143),#4136);
#4145=ADVANCED_FACE('',(#9709,#9711),#9713,.T.);
#4146=COLOUR_RGB('',0.968627450980392,0.87843137254902,0.6);
#4147=FILL_AREA_STYLE_COLOUR('',#4146);
#4148=FILL_AREA_STYLE($,(#4147));
#4149=SURFACE_STYLE_FILL_AREA(#4148);
#4150=SURFACE_SIDE_STYLE('',(#4149));
#4151=SURFACE_STYLE_USAGE(.BOTH.,#4150);
#4152=PRESENTATION_STYLE_ASSIGNMENT((#4151));
#4153=STYLED_ITEM('',(#4152),#4145);
#4154=ADVANCED_FACE('',(#9718,#9720),#9722,.T.);
#4155=COLOUR_RGB('',0.968627450980392,0.87843137254902,0.6);
#4156=FILL_AREA_STYLE_COLOUR('',#4155);
#4157=FILL_AREA_STYLE($,(#4156));
#4158=SURFACE_STYLE_FILL_AREA(#4157);
#4159=SURFACE_SIDE_STYLE('',(#4158));
#4160=SURFACE_STYLE_USAGE(.BOTH.,#4159);
#4161=PRESENTATION_STYLE_ASSIGNMENT((#4160));
#4162=STYLED_ITEM('',(#4161),#4154);
#4163=ADVANCED_FACE('',(#9727,#9729),#9731,.T.);
#4164=COLOUR_RGB('',0.968627450980392,0.87843137254902,0.6);
#4165=FILL_AREA_STYLE_COLOUR('',#4164);
#4166=FILL_AREA_STYLE($,(#4165));
#4167=SURFACE_STYLE_FILL_AREA(#4166);
#4168=SURFACE_SIDE_STYLE('',(#4167));
#4169=SURFACE_STYLE_USAGE(.BOTH.,#4168);
#4170=PRESENTATION_STYLE_ASSIGNMENT((#4169));
#4171=STYLED_ITEM('',(#4170),#4163);
#4172=ADVANCED_FACE('',(#9736,#9738),#9740,.T.);
#4173=COLOUR_RGB('',0.968627450980392,0.87843137254902,0.6);
#4174=FILL_AREA_STYLE_COLOUR('',#4173);
#4175=FILL_AREA_STYLE($,(#4174));
#4176=SURFACE_STYLE_FILL_AREA(#4175);
#4177=SURFACE_SIDE_STYLE('',(#4176));
#4178=SURFACE_STYLE_USAGE(.BOTH.,#4177);
#4179=PRESENTATION_STYLE_ASSIGNMENT((#4178));
#4180=STYLED_ITEM('',(#4179),#4172);
#4181=ADVANCED_FACE('',(#9745),#9747,.T.);
#4182=COLOUR_RGB('',0.968627450980392,0.87843137254902,0.6);
#4183=FILL_AREA_STYLE_COLOUR('',#4182);
#4184=FILL_AREA_STYLE($,(#4183));
#4185=SURFACE_STYLE_FILL_AREA(#4184);
#4186=SURFACE_SIDE_STYLE('',(#4185));
#4187=SURFACE_STYLE_USAGE(.BOTH.,#4186);
#4188=PRESENTATION_STYLE_ASSIGNMENT((#4187));
#4189=STYLED_ITEM('',(#4188),#4181);
#4190=ADVANCED_FACE('',(#9752),#9754,.T.);
#4191=COLOUR_RGB('',0.968627450980392,0.87843137254902,0.6);
#4192=FILL_AREA_STYLE_COLOUR('',#4191);
#4193=FILL_AREA_STYLE($,(#4192));
#4194=SURFACE_STYLE_FILL_AREA(#4193);
#4195=SURFACE_SIDE_STYLE('',(#4194));
#4196=SURFACE_STYLE_USAGE(.BOTH.,#4195);
#4197=PRESENTATION_STYLE_ASSIGNMENT((#4196));
#4198=STYLED_ITEM('',(#4197),#4190);
#4199=ADVANCED_FACE('',(#9759,#9761),#9763,.T.);
#4200=COLOUR_RGB('',0.968627450980392,0.87843137254902,0.6);
#4201=FILL_AREA_STYLE_COLOUR('',#4200);
#4202=FILL_AREA_STYLE($,(#4201));
#4203=SURFACE_STYLE_FILL_AREA(#4202);
#4204=SURFACE_SIDE_STYLE('',(#4203));
#4205=SURFACE_STYLE_USAGE(.BOTH.,#4204);
#4206=PRESENTATION_STYLE_ASSIGNMENT((#4205));
#4207=STYLED_ITEM('',(#4206),#4199);
#4208=ADVANCED_FACE('',(#9768,#9770),#9772,.T.);
#4209=COLOUR_RGB('',0.968627450980392,0.87843137254902,0.6);
#4210=FILL_AREA_STYLE_COLOUR('',#4209);
#4211=FILL_AREA_STYLE($,(#4210));
#4212=SURFACE_STYLE_FILL_AREA(#4211);
#4213=SURFACE_SIDE_STYLE('',(#4212));
#4214=SURFACE_STYLE_USAGE(.BOTH.,#4213);
#4215=PRESENTATION_STYLE_ASSIGNMENT((#4214));
#4216=STYLED_ITEM('',(#4215),#4208);
#4217=ADVANCED_FACE('',(#9777,#9779),#9781,.T.);
#4218=COLOUR_RGB('',0.968627450980392,0.87843137254902,0.6);
#4219=FILL_AREA_STYLE_COLOUR('',#4218);
#4220=FILL_AREA_STYLE($,(#4219));
#4221=SURFACE_STYLE_FILL_AREA(#4220);
#4222=SURFACE_SIDE_STYLE('',(#4221));
#4223=SURFACE_STYLE_USAGE(.BOTH.,#4222);
#4224=PRESENTATION_STYLE_ASSIGNMENT((#4223));
#4225=STYLED_ITEM('',(#4224),#4217);
#4226=ADVANCED_FACE('',(#9786,#9788),#9790,.T.);
#4227=COLOUR_RGB('',0.968627450980392,0.87843137254902,0.6);
#4228=FILL_AREA_STYLE_COLOUR('',#4227);
#4229=FILL_AREA_STYLE($,(#4228));
#4230=SURFACE_STYLE_FILL_AREA(#4229);
#4231=SURFACE_SIDE_STYLE('',(#4230));
#4232=SURFACE_STYLE_USAGE(.BOTH.,#4231);
#4233=PRESENTATION_STYLE_ASSIGNMENT((#4232));
#4234=STYLED_ITEM('',(#4233),#4226);
#4235=ADVANCED_FACE('',(#9795,#9797),#9799,.T.);
#4236=COLOUR_RGB('',0.968627450980392,0.87843137254902,0.6);
#4237=FILL_AREA_STYLE_COLOUR('',#4236);
#4238=FILL_AREA_STYLE($,(#4237));
#4239=SURFACE_STYLE_FILL_AREA(#4238);
#4240=SURFACE_SIDE_STYLE('',(#4239));
#4241=SURFACE_STYLE_USAGE(.BOTH.,#4240);
#4242=PRESENTATION_STYLE_ASSIGNMENT((#4241));
#4243=STYLED_ITEM('',(#4242),#4235);
#4244=ADVANCED_FACE('',(#9804,#9806),#9808,.T.);
#4245=COLOUR_RGB('',0.968627450980392,0.87843137254902,0.6);
#4246=FILL_AREA_STYLE_COLOUR('',#4245);
#4247=FILL_AREA_STYLE($,(#4246));
#4248=SURFACE_STYLE_FILL_AREA(#4247);
#4249=SURFACE_SIDE_STYLE('',(#4248));
#4250=SURFACE_STYLE_USAGE(.BOTH.,#4249);
#4251=PRESENTATION_STYLE_ASSIGNMENT((#4250));
#4252=STYLED_ITEM('',(#4251),#4244);
#4253=ADVANCED_FACE('',(#9813,#9815),#9817,.T.);
#4254=COLOUR_RGB('',0.968627450980392,0.87843137254902,0.6);
#4255=FILL_AREA_STYLE_COLOUR('',#4254);
#4256=FILL_AREA_STYLE($,(#4255));
#4257=SURFACE_STYLE_FILL_AREA(#4256);
#4258=SURFACE_SIDE_STYLE('',(#4257));
#4259=SURFACE_STYLE_USAGE(.BOTH.,#4258);
#4260=PRESENTATION_STYLE_ASSIGNMENT((#4259));
#4261=STYLED_ITEM('',(#4260),#4253);
#4262=ADVANCED_FACE('',(#9822),#9824,.T.);
#4263=COLOUR_RGB('',0.968627450980392,0.87843137254902,0.6);
#4264=FILL_AREA_STYLE_COLOUR('',#4263);
#4265=FILL_AREA_STYLE($,(#4264));
#4266=SURFACE_STYLE_FILL_AREA(#4265);
#4267=SURFACE_SIDE_STYLE('',(#4266));
#4268=SURFACE_STYLE_USAGE(.BOTH.,#4267);
#4269=PRESENTATION_STYLE_ASSIGNMENT((#4268));
#4270=STYLED_ITEM('',(#4269),#4262);
#4271=ADVANCED_FACE('',(#9829),#9831,.T.);
#4272=COLOUR_RGB('',0.968627450980392,0.87843137254902,0.6);
#4273=FILL_AREA_STYLE_COLOUR('',#4272);
#4274=FILL_AREA_STYLE($,(#4273));
#4275=SURFACE_STYLE_FILL_AREA(#4274);
#4276=SURFACE_SIDE_STYLE('',(#4275));
#4277=SURFACE_STYLE_USAGE(.BOTH.,#4276);
#4278=PRESENTATION_STYLE_ASSIGNMENT((#4277));
#4279=STYLED_ITEM('',(#4278),#4271);
#4280=ADVANCED_FACE('',(#9836,#9838),#9840,.T.);
#4281=COLOUR_RGB('',0.968627450980392,0.87843137254902,0.6);
#4282=FILL_AREA_STYLE_COLOUR('',#4281);
#4283=FILL_AREA_STYLE($,(#4282));
#4284=SURFACE_STYLE_FILL_AREA(#4283);
#4285=SURFACE_SIDE_STYLE('',(#4284));
#4286=SURFACE_STYLE_USAGE(.BOTH.,#4285);
#4287=PRESENTATION_STYLE_ASSIGNMENT((#4286));
#4288=STYLED_ITEM('',(#4287),#4280);
#4289=ADVANCED_FACE('',(#9845,#9847),#9849,.T.);
#4290=COLOUR_RGB('',0.968627450980392,0.87843137254902,0.6);
#4291=FILL_AREA_STYLE_COLOUR('',#4290);
#4292=FILL_AREA_STYLE($,(#4291));
#4293=SURFACE_STYLE_FILL_AREA(#4292);
#4294=SURFACE_SIDE_STYLE('',(#4293));
#4295=SURFACE_STYLE_USAGE(.BOTH.,#4294);
#4296=PRESENTATION_STYLE_ASSIGNMENT((#4295));
#4297=STYLED_ITEM('',(#4296),#4289);
#4298=ADVANCED_FACE('',(#9854,#9856),#9858,.T.);
#4299=COLOUR_RGB('',0.968627450980392,0.87843137254902,0.6);
#4300=FILL_AREA_STYLE_COLOUR('',#4299);
#4301=FILL_AREA_STYLE($,(#4300));
#4302=SURFACE_STYLE_FILL_AREA(#4301);
#4303=SURFACE_SIDE_STYLE('',(#4302));
#4304=SURFACE_STYLE_USAGE(.BOTH.,#4303);
#4305=PRESENTATION_STYLE_ASSIGNMENT((#4304));
#4306=STYLED_ITEM('',(#4305),#4298);
#4307=ADVANCED_FACE('',(#9863,#9865),#9867,.T.);
#4308=COLOUR_RGB('',0.968627450980392,0.87843137254902,0.6);
#4309=FILL_AREA_STYLE_COLOUR('',#4308);
#4310=FILL_AREA_STYLE($,(#4309));
#4311=SURFACE_STYLE_FILL_AREA(#4310);
#4312=SURFACE_SIDE_STYLE('',(#4311));
#4313=SURFACE_STYLE_USAGE(.BOTH.,#4312);
#4314=PRESENTATION_STYLE_ASSIGNMENT((#4313));
#4315=STYLED_ITEM('',(#4314),#4307);
#4316=ADVANCED_FACE('',(#9872,#9874),#9876,.T.);
#4317=COLOUR_RGB('',0.968627450980392,0.87843137254902,0.6);
#4318=FILL_AREA_STYLE_COLOUR('',#4317);
#4319=FILL_AREA_STYLE($,(#4318));
#4320=SURFACE_STYLE_FILL_AREA(#4319);
#4321=SURFACE_SIDE_STYLE('',(#4320));
#4322=SURFACE_STYLE_USAGE(.BOTH.,#4321);
#4323=PRESENTATION_STYLE_ASSIGNMENT((#4322));
#4324=STYLED_ITEM('',(#4323),#4316);
#4325=ADVANCED_FACE('',(#9881,#9883),#9885,.T.);
#4326=COLOUR_RGB('',0.968627450980392,0.87843137254902,0.6);
#4327=FILL_AREA_STYLE_COLOUR('',#4326);
#4328=FILL_AREA_STYLE($,(#4327));
#4329=SURFACE_STYLE_FILL_AREA(#4328);
#4330=SURFACE_SIDE_STYLE('',(#4329));
#4331=SURFACE_STYLE_USAGE(.BOTH.,#4330);
#4332=PRESENTATION_STYLE_ASSIGNMENT((#4331));
#4333=STYLED_ITEM('',(#4332),#4325);
#4334=ADVANCED_FACE('',(#9890,#9892),#9894,.T.);
#4335=COLOUR_RGB('',0.968627450980392,0.87843137254902,0.6);
#4336=FILL_AREA_STYLE_COLOUR('',#4335);
#4337=FILL_AREA_STYLE($,(#4336));
#4338=SURFACE_STYLE_FILL_AREA(#4337);
#4339=SURFACE_SIDE_STYLE('',(#4338));
#4340=SURFACE_STYLE_USAGE(.BOTH.,#4339);
#4341=PRESENTATION_STYLE_ASSIGNMENT((#4340));
#4342=STYLED_ITEM('',(#4341),#4334);
#4343=ADVANCED_FACE('',(#9899),#9901,.T.);
#4344=COLOUR_RGB('',0.968627450980392,0.87843137254902,0.6);
#4345=FILL_AREA_STYLE_COLOUR('',#4344);
#4346=FILL_AREA_STYLE($,(#4345));
#4347=SURFACE_STYLE_FILL_AREA(#4346);
#4348=SURFACE_SIDE_STYLE('',(#4347));
#4349=SURFACE_STYLE_USAGE(.BOTH.,#4348);
#4350=PRESENTATION_STYLE_ASSIGNMENT((#4349));
#4351=STYLED_ITEM('',(#4350),#4343);
#4352=ADVANCED_FACE('',(#9906),#9908,.T.);
#4353=COLOUR_RGB('',0.968627450980392,0.87843137254902,0.6);
#4354=FILL_AREA_STYLE_COLOUR('',#4353);
#4355=FILL_AREA_STYLE($,(#4354));
#4356=SURFACE_STYLE_FILL_AREA(#4355);
#4357=SURFACE_SIDE_STYLE('',(#4356));
#4358=SURFACE_STYLE_USAGE(.BOTH.,#4357);
#4359=PRESENTATION_STYLE_ASSIGNMENT((#4358));
#4360=STYLED_ITEM('',(#4359),#4352);
#4361=ADVANCED_FACE('',(#9913,#9915),#9917,.T.);
#4362=COLOUR_RGB('',0.968627450980392,0.87843137254902,0.6);
#4363=FILL_AREA_STYLE_COLOUR('',#4362);
#4364=FILL_AREA_STYLE($,(#4363));
#4365=SURFACE_STYLE_FILL_AREA(#4364);
#4366=SURFACE_SIDE_STYLE('',(#4365));
#4367=SURFACE_STYLE_USAGE(.BOTH.,#4366);
#4368=PRESENTATION_STYLE_ASSIGNMENT((#4367));
#4369=STYLED_ITEM('',(#4368),#4361);
#4370=ADVANCED_FACE('',(#9922,#9924),#9926,.T.);
#4371=COLOUR_RGB('',0.968627450980392,0.87843137254902,0.6);
#4372=FILL_AREA_STYLE_COLOUR('',#4371);
#4373=FILL_AREA_STYLE($,(#4372));
#4374=SURFACE_STYLE_FILL_AREA(#4373);
#4375=SURFACE_SIDE_STYLE('',(#4374));
#4376=SURFACE_STYLE_USAGE(.BOTH.,#4375);
#4377=PRESENTATION_STYLE_ASSIGNMENT((#4376));
#4378=STYLED_ITEM('',(#4377),#4370);
#4379=ADVANCED_FACE('',(#9931,#9933),#9935,.T.);
#4380=COLOUR_RGB('',0.968627450980392,0.87843137254902,0.6);
#4381=FILL_AREA_STYLE_COLOUR('',#4380);
#4382=FILL_AREA_STYLE($,(#4381));
#4383=SURFACE_STYLE_FILL_AREA(#4382);
#4384=SURFACE_SIDE_STYLE('',(#4383));
#4385=SURFACE_STYLE_USAGE(.BOTH.,#4384);
#4386=PRESENTATION_STYLE_ASSIGNMENT((#4385));
#4387=STYLED_ITEM('',(#4386),#4379);
#4388=ADVANCED_FACE('',(#9940,#9942),#9944,.T.);
#4389=COLOUR_RGB('',0.968627450980392,0.87843137254902,0.6);
#4390=FILL_AREA_STYLE_COLOUR('',#4389);
#4391=FILL_AREA_STYLE($,(#4390));
#4392=SURFACE_STYLE_FILL_AREA(#4391);
#4393=SURFACE_SIDE_STYLE('',(#4392));
#4394=SURFACE_STYLE_USAGE(.BOTH.,#4393);
#4395=PRESENTATION_STYLE_ASSIGNMENT((#4394));
#4396=STYLED_ITEM('',(#4395),#4388);
#4397=ADVANCED_FACE('',(#9949,#9951),#9953,.T.);
#4398=COLOUR_RGB('',0.968627450980392,0.87843137254902,0.6);
#4399=FILL_AREA_STYLE_COLOUR('',#4398);
#4400=FILL_AREA_STYLE($,(#4399));
#4401=SURFACE_STYLE_FILL_AREA(#4400);
#4402=SURFACE_SIDE_STYLE('',(#4401));
#4403=SURFACE_STYLE_USAGE(.BOTH.,#4402);
#4404=PRESENTATION_STYLE_ASSIGNMENT((#4403));
#4405=STYLED_ITEM('',(#4404),#4397);
#4406=ADVANCED_FACE('',(#9958,#9960),#9962,.T.);
#4407=COLOUR_RGB('',0.968627450980392,0.87843137254902,0.6);
#4408=FILL_AREA_STYLE_COLOUR('',#4407);
#4409=FILL_AREA_STYLE($,(#4408));
#4410=SURFACE_STYLE_FILL_AREA(#4409);
#4411=SURFACE_SIDE_STYLE('',(#4410));
#4412=SURFACE_STYLE_USAGE(.BOTH.,#4411);
#4413=PRESENTATION_STYLE_ASSIGNMENT((#4412));
#4414=STYLED_ITEM('',(#4413),#4406);
#4415=ADVANCED_FACE('',(#9967,#9969),#9971,.T.);
#4416=COLOUR_RGB('',0.968627450980392,0.87843137254902,0.6);
#4417=FILL_AREA_STYLE_COLOUR('',#4416);
#4418=FILL_AREA_STYLE($,(#4417));
#4419=SURFACE_STYLE_FILL_AREA(#4418);
#4420=SURFACE_SIDE_STYLE('',(#4419));
#4421=SURFACE_STYLE_USAGE(.BOTH.,#4420);
#4422=PRESENTATION_STYLE_ASSIGNMENT((#4421));
#4423=STYLED_ITEM('',(#4422),#4415);
#4424=ADVANCED_FACE('',(#9976),#9978,.T.);
#4425=COLOUR_RGB('',0.968627450980392,0.87843137254902,0.6);
#4426=FILL_AREA_STYLE_COLOUR('',#4425);
#4427=FILL_AREA_STYLE($,(#4426));
#4428=SURFACE_STYLE_FILL_AREA(#4427);
#4429=SURFACE_SIDE_STYLE('',(#4428));
#4430=SURFACE_STYLE_USAGE(.BOTH.,#4429);
#4431=PRESENTATION_STYLE_ASSIGNMENT((#4430));
#4432=STYLED_ITEM('',(#4431),#4424);
#4433=ADVANCED_FACE('',(#9983),#9985,.T.);
#4434=COLOUR_RGB('',0.968627450980392,0.87843137254902,0.6);
#4435=FILL_AREA_STYLE_COLOUR('',#4434);
#4436=FILL_AREA_STYLE($,(#4435));
#4437=SURFACE_STYLE_FILL_AREA(#4436);
#4438=SURFACE_SIDE_STYLE('',(#4437));
#4439=SURFACE_STYLE_USAGE(.BOTH.,#4438);
#4440=PRESENTATION_STYLE_ASSIGNMENT((#4439));
#4441=STYLED_ITEM('',(#4440),#4433);
#4442=ADVANCED_FACE('',(#9990,#9992),#9994,.T.);
#4443=COLOUR_RGB('',0.968627450980392,0.87843137254902,0.6);
#4444=FILL_AREA_STYLE_COLOUR('',#4443);
#4445=FILL_AREA_STYLE($,(#4444));
#4446=SURFACE_STYLE_FILL_AREA(#4445);
#4447=SURFACE_SIDE_STYLE('',(#4446));
#4448=SURFACE_STYLE_USAGE(.BOTH.,#4447);
#4449=PRESENTATION_STYLE_ASSIGNMENT((#4448));
#4450=STYLED_ITEM('',(#4449),#4442);
#4451=ADVANCED_FACE('',(#9999,#10001),#10003,.T.);
#4452=COLOUR_RGB('',0.968627450980392,0.87843137254902,0.6);
#4453=FILL_AREA_STYLE_COLOUR('',#4452);
#4454=FILL_AREA_STYLE($,(#4453));
#4455=SURFACE_STYLE_FILL_AREA(#4454);
#4456=SURFACE_SIDE_STYLE('',(#4455));
#4457=SURFACE_STYLE_USAGE(.BOTH.,#4456);
#4458=PRESENTATION_STYLE_ASSIGNMENT((#4457));
#4459=STYLED_ITEM('',(#4458),#4451);
#4460=ADVANCED_FACE('',(#10008,#10010),#10012,.T.);
#4461=COLOUR_RGB('',0.968627450980392,0.87843137254902,0.6);
#4462=FILL_AREA_STYLE_COLOUR('',#4461);
#4463=FILL_AREA_STYLE($,(#4462));
#4464=SURFACE_STYLE_FILL_AREA(#4463);
#4465=SURFACE_SIDE_STYLE('',(#4464));
#4466=SURFACE_STYLE_USAGE(.BOTH.,#4465);
#4467=PRESENTATION_STYLE_ASSIGNMENT((#4466));
#4468=STYLED_ITEM('',(#4467),#4460);
#4469=ADVANCED_FACE('',(#10017,#10019),#10021,.T.);
#4470=COLOUR_RGB('',0.968627450980392,0.87843137254902,0.6);
#4471=FILL_AREA_STYLE_COLOUR('',#4470);
#4472=FILL_AREA_STYLE($,(#4471));
#4473=SURFACE_STYLE_FILL_AREA(#4472);
#4474=SURFACE_SIDE_STYLE('',(#4473));
#4475=SURFACE_STYLE_USAGE(.BOTH.,#4474);
#4476=PRESENTATION_STYLE_ASSIGNMENT((#4475));
#4477=STYLED_ITEM('',(#4476),#4469);
#4478=ADVANCED_FACE('',(#10026,#10028),#10030,.T.);
#4479=COLOUR_RGB('',0.968627450980392,0.87843137254902,0.6);
#4480=FILL_AREA_STYLE_COLOUR('',#4479);
#4481=FILL_AREA_STYLE($,(#4480));
#4482=SURFACE_STYLE_FILL_AREA(#4481);
#4483=SURFACE_SIDE_STYLE('',(#4482));
#4484=SURFACE_STYLE_USAGE(.BOTH.,#4483);
#4485=PRESENTATION_STYLE_ASSIGNMENT((#4484));
#4486=STYLED_ITEM('',(#4485),#4478);
#4487=ADVANCED_FACE('',(#10035,#10037),#10039,.T.);
#4488=COLOUR_RGB('',0.968627450980392,0.87843137254902,0.6);
#4489=FILL_AREA_STYLE_COLOUR('',#4488);
#4490=FILL_AREA_STYLE($,(#4489));
#4491=SURFACE_STYLE_FILL_AREA(#4490);
#4492=SURFACE_SIDE_STYLE('',(#4491));
#4493=SURFACE_STYLE_USAGE(.BOTH.,#4492);
#4494=PRESENTATION_STYLE_ASSIGNMENT((#4493));
#4495=STYLED_ITEM('',(#4494),#4487);
#4496=ADVANCED_FACE('',(#10044,#10046),#10048,.T.);
#4497=COLOUR_RGB('',0.968627450980392,0.87843137254902,0.6);
#4498=FILL_AREA_STYLE_COLOUR('',#4497);
#4499=FILL_AREA_STYLE($,(#4498));
#4500=SURFACE_STYLE_FILL_AREA(#4499);
#4501=SURFACE_SIDE_STYLE('',(#4500));
#4502=SURFACE_STYLE_USAGE(.BOTH.,#4501);
#4503=PRESENTATION_STYLE_ASSIGNMENT((#4502));
#4504=STYLED_ITEM('',(#4503),#4496);
#4505=ADVANCED_FACE('',(#10053),#10055,.T.);
#4506=COLOUR_RGB('',0.968627450980392,0.87843137254902,0.6);
#4507=FILL_AREA_STYLE_COLOUR('',#4506);
#4508=FILL_AREA_STYLE($,(#4507));
#4509=SURFACE_STYLE_FILL_AREA(#4508);
#4510=SURFACE_SIDE_STYLE('',(#4509));
#4511=SURFACE_STYLE_USAGE(.BOTH.,#4510);
#4512=PRESENTATION_STYLE_ASSIGNMENT((#4511));
#4513=STYLED_ITEM('',(#4512),#4505);
#4514=ADVANCED_FACE('',(#10060),#10062,.T.);
#4515=COLOUR_RGB('',0.968627450980392,0.87843137254902,0.6);
#4516=FILL_AREA_STYLE_COLOUR('',#4515);
#4517=FILL_AREA_STYLE($,(#4516));
#4518=SURFACE_STYLE_FILL_AREA(#4517);
#4519=SURFACE_SIDE_STYLE('',(#4518));
#4520=SURFACE_STYLE_USAGE(.BOTH.,#4519);
#4521=PRESENTATION_STYLE_ASSIGNMENT((#4520));
#4522=STYLED_ITEM('',(#4521),#4514);
#4523=ADVANCED_FACE('',(#10067,#10069),#10071,.T.);
#4524=COLOUR_RGB('',0.968627450980392,0.87843137254902,0.6);
#4525=FILL_AREA_STYLE_COLOUR('',#4524);
#4526=FILL_AREA_STYLE($,(#4525));
#4527=SURFACE_STYLE_FILL_AREA(#4526);
#4528=SURFACE_SIDE_STYLE('',(#4527));
#4529=SURFACE_STYLE_USAGE(.BOTH.,#4528);
#4530=PRESENTATION_STYLE_ASSIGNMENT((#4529));
#4531=STYLED_ITEM('',(#4530),#4523);
#4532=ADVANCED_FACE('',(#10076,#10078),#10080,.T.);
#4533=COLOUR_RGB('',0.968627450980392,0.87843137254902,0.6);
#4534=FILL_AREA_STYLE_COLOUR('',#4533);
#4535=FILL_AREA_STYLE($,(#4534));
#4536=SURFACE_STYLE_FILL_AREA(#4535);
#4537=SURFACE_SIDE_STYLE('',(#4536));
#4538=SURFACE_STYLE_USAGE(.BOTH.,#4537);
#4539=PRESENTATION_STYLE_ASSIGNMENT((#4538));
#4540=STYLED_ITEM('',(#4539),#4532);
#4541=ADVANCED_FACE('',(#10085,#10087),#10089,.T.);
#4542=COLOUR_RGB('',0.968627450980392,0.87843137254902,0.6);
#4543=FILL_AREA_STYLE_COLOUR('',#4542);
#4544=FILL_AREA_STYLE($,(#4543));
#4545=SURFACE_STYLE_FILL_AREA(#4544);
#4546=SURFACE_SIDE_STYLE('',(#4545));
#4547=SURFACE_STYLE_USAGE(.BOTH.,#4546);
#4548=PRESENTATION_STYLE_ASSIGNMENT((#4547));
#4549=STYLED_ITEM('',(#4548),#4541);
#4550=ADVANCED_FACE('',(#10094,#10096),#10098,.T.);
#4551=COLOUR_RGB('',0.968627450980392,0.87843137254902,0.6);
#4552=FILL_AREA_STYLE_COLOUR('',#4551);
#4553=FILL_AREA_STYLE($,(#4552));
#4554=SURFACE_STYLE_FILL_AREA(#4553);
#4555=SURFACE_SIDE_STYLE('',(#4554));
#4556=SURFACE_STYLE_USAGE(.BOTH.,#4555);
#4557=PRESENTATION_STYLE_ASSIGNMENT((#4556));
#4558=STYLED_ITEM('',(#4557),#4550);
#4559=ADVANCED_FACE('',(#10103,#10105),#10107,.T.);
#4560=COLOUR_RGB('',0.968627450980392,0.87843137254902,0.6);
#4561=FILL_AREA_STYLE_COLOUR('',#4560);
#4562=FILL_AREA_STYLE($,(#4561));
#4563=SURFACE_STYLE_FILL_AREA(#4562);
#4564=SURFACE_SIDE_STYLE('',(#4563));
#4565=SURFACE_STYLE_USAGE(.BOTH.,#4564);
#4566=PRESENTATION_STYLE_ASSIGNMENT((#4565));
#4567=STYLED_ITEM('',(#4566),#4559);
#4568=ADVANCED_FACE('',(#10112,#10114),#10116,.T.);
#4569=COLOUR_RGB('',0.968627450980392,0.87843137254902,0.6);
#4570=FILL_AREA_STYLE_COLOUR('',#4569);
#4571=FILL_AREA_STYLE($,(#4570));
#4572=SURFACE_STYLE_FILL_AREA(#4571);
#4573=SURFACE_SIDE_STYLE('',(#4572));
#4574=SURFACE_STYLE_USAGE(.BOTH.,#4573);
#4575=PRESENTATION_STYLE_ASSIGNMENT((#4574));
#4576=STYLED_ITEM('',(#4575),#4568);
#4577=ADVANCED_FACE('',(#10121,#10123),#10125,.T.);
#4578=COLOUR_RGB('',0.968627450980392,0.87843137254902,0.6);
#4579=FILL_AREA_STYLE_COLOUR('',#4578);
#4580=FILL_AREA_STYLE($,(#4579));
#4581=SURFACE_STYLE_FILL_AREA(#4580);
#4582=SURFACE_SIDE_STYLE('',(#4581));
#4583=SURFACE_STYLE_USAGE(.BOTH.,#4582);
#4584=PRESENTATION_STYLE_ASSIGNMENT((#4583));
#4585=STYLED_ITEM('',(#4584),#4577);
#4586=ADVANCED_FACE('',(#10130),#10132,.T.);
#4587=COLOUR_RGB('',0.968627450980392,0.87843137254902,0.6);
#4588=FILL_AREA_STYLE_COLOUR('',#4587);
#4589=FILL_AREA_STYLE($,(#4588));
#4590=SURFACE_STYLE_FILL_AREA(#4589);
#4591=SURFACE_SIDE_STYLE('',(#4590));
#4592=SURFACE_STYLE_USAGE(.BOTH.,#4591);
#4593=PRESENTATION_STYLE_ASSIGNMENT((#4592));
#4594=STYLED_ITEM('',(#4593),#4586);
#4595=ADVANCED_FACE('',(#10137),#10139,.T.);
#4596=COLOUR_RGB('',0.968627450980392,0.87843137254902,0.6);
#4597=FILL_AREA_STYLE_COLOUR('',#4596);
#4598=FILL_AREA_STYLE($,(#4597));
#4599=SURFACE_STYLE_FILL_AREA(#4598);
#4600=SURFACE_SIDE_STYLE('',(#4599));
#4601=SURFACE_STYLE_USAGE(.BOTH.,#4600);
#4602=PRESENTATION_STYLE_ASSIGNMENT((#4601));
#4603=STYLED_ITEM('',(#4602),#4595);
#4604=ADVANCED_FACE('',(#10144,#10146),#10148,.T.);
#4605=COLOUR_RGB('',0.968627450980392,0.87843137254902,0.6);
#4606=FILL_AREA_STYLE_COLOUR('',#4605);
#4607=FILL_AREA_STYLE($,(#4606));
#4608=SURFACE_STYLE_FILL_AREA(#4607);
#4609=SURFACE_SIDE_STYLE('',(#4608));
#4610=SURFACE_STYLE_USAGE(.BOTH.,#4609);
#4611=PRESENTATION_STYLE_ASSIGNMENT((#4610));
#4612=STYLED_ITEM('',(#4611),#4604);
#4613=ADVANCED_FACE('',(#10153,#10155),#10157,.T.);
#4614=COLOUR_RGB('',0.968627450980392,0.87843137254902,0.6);
#4615=FILL_AREA_STYLE_COLOUR('',#4614);
#4616=FILL_AREA_STYLE($,(#4615));
#4617=SURFACE_STYLE_FILL_AREA(#4616);
#4618=SURFACE_SIDE_STYLE('',(#4617));
#4619=SURFACE_STYLE_USAGE(.BOTH.,#4618);
#4620=PRESENTATION_STYLE_ASSIGNMENT((#4619));
#4621=STYLED_ITEM('',(#4620),#4613);
#4622=ADVANCED_FACE('',(#10162,#10164),#10166,.T.);
#4623=COLOUR_RGB('',0.968627450980392,0.87843137254902,0.6);
#4624=FILL_AREA_STYLE_COLOUR('',#4623);
#4625=FILL_AREA_STYLE($,(#4624));
#4626=SURFACE_STYLE_FILL_AREA(#4625);
#4627=SURFACE_SIDE_STYLE('',(#4626));
#4628=SURFACE_STYLE_USAGE(.BOTH.,#4627);
#4629=PRESENTATION_STYLE_ASSIGNMENT((#4628));
#4630=STYLED_ITEM('',(#4629),#4622);
#4631=ADVANCED_FACE('',(#10171,#10173),#10175,.T.);
#4632=COLOUR_RGB('',0.968627450980392,0.87843137254902,0.6);
#4633=FILL_AREA_STYLE_COLOUR('',#4632);
#4634=FILL_AREA_STYLE($,(#4633));
#4635=SURFACE_STYLE_FILL_AREA(#4634);
#4636=SURFACE_SIDE_STYLE('',(#4635));
#4637=SURFACE_STYLE_USAGE(.BOTH.,#4636);
#4638=PRESENTATION_STYLE_ASSIGNMENT((#4637));
#4639=STYLED_ITEM('',(#4638),#4631);
#4640=ADVANCED_FACE('',(#10180,#10182),#10184,.T.);
#4641=COLOUR_RGB('',0.968627450980392,0.87843137254902,0.6);
#4642=FILL_AREA_STYLE_COLOUR('',#4641);
#4643=FILL_AREA_STYLE($,(#4642));
#4644=SURFACE_STYLE_FILL_AREA(#4643);
#4645=SURFACE_SIDE_STYLE('',(#4644));
#4646=SURFACE_STYLE_USAGE(.BOTH.,#4645);
#4647=PRESENTATION_STYLE_ASSIGNMENT((#4646));
#4648=STYLED_ITEM('',(#4647),#4640);
#4649=ADVANCED_FACE('',(#10189,#10191),#10193,.T.);
#4650=COLOUR_RGB('',0.968627450980392,0.87843137254902,0.6);
#4651=FILL_AREA_STYLE_COLOUR('',#4650);
#4652=FILL_AREA_STYLE($,(#4651));
#4653=SURFACE_STYLE_FILL_AREA(#4652);
#4654=SURFACE_SIDE_STYLE('',(#4653));
#4655=SURFACE_STYLE_USAGE(.BOTH.,#4654);
#4656=PRESENTATION_STYLE_ASSIGNMENT((#4655));
#4657=STYLED_ITEM('',(#4656),#4649);
#4658=ADVANCED_FACE('',(#10198,#10200),#10202,.T.);
#4659=COLOUR_RGB('',0.968627450980392,0.87843137254902,0.6);
#4660=FILL_AREA_STYLE_COLOUR('',#4659);
#4661=FILL_AREA_STYLE($,(#4660));
#4662=SURFACE_STYLE_FILL_AREA(#4661);
#4663=SURFACE_SIDE_STYLE('',(#4662));
#4664=SURFACE_STYLE_USAGE(.BOTH.,#4663);
#4665=PRESENTATION_STYLE_ASSIGNMENT((#4664));
#4666=STYLED_ITEM('',(#4665),#4658);
#4667=ADVANCED_FACE('',(#10207),#10209,.T.);
#4668=COLOUR_RGB('',0.968627450980392,0.87843137254902,0.6);
#4669=FILL_AREA_STYLE_COLOUR('',#4668);
#4670=FILL_AREA_STYLE($,(#4669));
#4671=SURFACE_STYLE_FILL_AREA(#4670);
#4672=SURFACE_SIDE_STYLE('',(#4671));
#4673=SURFACE_STYLE_USAGE(.BOTH.,#4672);
#4674=PRESENTATION_STYLE_ASSIGNMENT((#4673));
#4675=STYLED_ITEM('',(#4674),#4667);
#4676=ADVANCED_FACE('',(#10214),#10216,.T.);
#4677=COLOUR_RGB('',0.968627450980392,0.87843137254902,0.6);
#4678=FILL_AREA_STYLE_COLOUR('',#4677);
#4679=FILL_AREA_STYLE($,(#4678));
#4680=SURFACE_STYLE_FILL_AREA(#4679);
#4681=SURFACE_SIDE_STYLE('',(#4680));
#4682=SURFACE_STYLE_USAGE(.BOTH.,#4681);
#4683=PRESENTATION_STYLE_ASSIGNMENT((#4682));
#4684=STYLED_ITEM('',(#4683),#4676);
#4685=ADVANCED_FACE('',(#10221,#10223),#10225,.T.);
#4686=COLOUR_RGB('',0.968627450980392,0.87843137254902,0.6);
#4687=FILL_AREA_STYLE_COLOUR('',#4686);
#4688=FILL_AREA_STYLE($,(#4687));
#4689=SURFACE_STYLE_FILL_AREA(#4688);
#4690=SURFACE_SIDE_STYLE('',(#4689));
#4691=SURFACE_STYLE_USAGE(.BOTH.,#4690);
#4692=PRESENTATION_STYLE_ASSIGNMENT((#4691));
#4693=STYLED_ITEM('',(#4692),#4685);
#4694=ADVANCED_FACE('',(#10230,#10232),#10234,.T.);
#4695=COLOUR_RGB('',0.968627450980392,0.87843137254902,0.6);
#4696=FILL_AREA_STYLE_COLOUR('',#4695);
#4697=FILL_AREA_STYLE($,(#4696));
#4698=SURFACE_STYLE_FILL_AREA(#4697);
#4699=SURFACE_SIDE_STYLE('',(#4698));
#4700=SURFACE_STYLE_USAGE(.BOTH.,#4699);
#4701=PRESENTATION_STYLE_ASSIGNMENT((#4700));
#4702=STYLED_ITEM('',(#4701),#4694);
#4703=ADVANCED_FACE('',(#10239,#10241),#10243,.T.);
#4704=COLOUR_RGB('',0.968627450980392,0.87843137254902,0.6);
#4705=FILL_AREA_STYLE_COLOUR('',#4704);
#4706=FILL_AREA_STYLE($,(#4705));
#4707=SURFACE_STYLE_FILL_AREA(#4706);
#4708=SURFACE_SIDE_STYLE('',(#4707));
#4709=SURFACE_STYLE_USAGE(.BOTH.,#4708);
#4710=PRESENTATION_STYLE_ASSIGNMENT((#4709));
#4711=STYLED_ITEM('',(#4710),#4703);
#4712=ADVANCED_FACE('',(#10248,#10250),#10252,.T.);
#4713=COLOUR_RGB('',0.968627450980392,0.87843137254902,0.6);
#4714=FILL_AREA_STYLE_COLOUR('',#4713);
#4715=FILL_AREA_STYLE($,(#4714));
#4716=SURFACE_STYLE_FILL_AREA(#4715);
#4717=SURFACE_SIDE_STYLE('',(#4716));
#4718=SURFACE_STYLE_USAGE(.BOTH.,#4717);
#4719=PRESENTATION_STYLE_ASSIGNMENT((#4718));
#4720=STYLED_ITEM('',(#4719),#4712);
#4721=ADVANCED_FACE('',(#10257,#10259),#10261,.T.);
#4722=COLOUR_RGB('',0.968627450980392,0.87843137254902,0.6);
#4723=FILL_AREA_STYLE_COLOUR('',#4722);
#4724=FILL_AREA_STYLE($,(#4723));
#4725=SURFACE_STYLE_FILL_AREA(#4724);
#4726=SURFACE_SIDE_STYLE('',(#4725));
#4727=SURFACE_STYLE_USAGE(.BOTH.,#4726);
#4728=PRESENTATION_STYLE_ASSIGNMENT((#4727));
#4729=STYLED_ITEM('',(#4728),#4721);
#4730=ADVANCED_FACE('',(#10266,#10268),#10270,.T.);
#4731=COLOUR_RGB('',0.968627450980392,0.87843137254902,0.6);
#4732=FILL_AREA_STYLE_COLOUR('',#4731);
#4733=FILL_AREA_STYLE($,(#4732));
#4734=SURFACE_STYLE_FILL_AREA(#4733);
#4735=SURFACE_SIDE_STYLE('',(#4734));
#4736=SURFACE_STYLE_USAGE(.BOTH.,#4735);
#4737=PRESENTATION_STYLE_ASSIGNMENT((#4736));
#4738=STYLED_ITEM('',(#4737),#4730);
#4739=ADVANCED_FACE('',(#10275,#10277),#10279,.T.);
#4740=COLOUR_RGB('',0.968627450980392,0.87843137254902,0.6);
#4741=FILL_AREA_STYLE_COLOUR('',#4740);
#4742=FILL_AREA_STYLE($,(#4741));
#4743=SURFACE_STYLE_FILL_AREA(#4742);
#4744=SURFACE_SIDE_STYLE('',(#4743));
#4745=SURFACE_STYLE_USAGE(.BOTH.,#4744);
#4746=PRESENTATION_STYLE_ASSIGNMENT((#4745));
#4747=STYLED_ITEM('',(#4746),#4739);
#4748=ADVANCED_FACE('',(#10284),#10286,.T.);
#4749=COLOUR_RGB('',0.968627450980392,0.87843137254902,0.6);
#4750=FILL_AREA_STYLE_COLOUR('',#4749);
#4751=FILL_AREA_STYLE($,(#4750));
#4752=SURFACE_STYLE_FILL_AREA(#4751);
#4753=SURFACE_SIDE_STYLE('',(#4752));
#4754=SURFACE_STYLE_USAGE(.BOTH.,#4753);
#4755=PRESENTATION_STYLE_ASSIGNMENT((#4754));
#4756=STYLED_ITEM('',(#4755),#4748);
#4757=ADVANCED_FACE('',(#10291),#10293,.T.);
#4758=COLOUR_RGB('',0.968627450980392,0.87843137254902,0.6);
#4759=FILL_AREA_STYLE_COLOUR('',#4758);
#4760=FILL_AREA_STYLE($,(#4759));
#4761=SURFACE_STYLE_FILL_AREA(#4760);
#4762=SURFACE_SIDE_STYLE('',(#4761));
#4763=SURFACE_STYLE_USAGE(.BOTH.,#4762);
#4764=PRESENTATION_STYLE_ASSIGNMENT((#4763));
#4765=STYLED_ITEM('',(#4764),#4757);
#4766=ADVANCED_FACE('',(#10298,#10300),#10302,.T.);
#4767=COLOUR_RGB('',0.968627450980392,0.87843137254902,0.6);
#4768=FILL_AREA_STYLE_COLOUR('',#4767);
#4769=FILL_AREA_STYLE($,(#4768));
#4770=SURFACE_STYLE_FILL_AREA(#4769);
#4771=SURFACE_SIDE_STYLE('',(#4770));
#4772=SURFACE_STYLE_USAGE(.BOTH.,#4771);
#4773=PRESENTATION_STYLE_ASSIGNMENT((#4772));
#4774=STYLED_ITEM('',(#4773),#4766);
#4775=ADVANCED_FACE('',(#10307,#10309),#10311,.T.);
#4776=COLOUR_RGB('',0.968627450980392,0.87843137254902,0.6);
#4777=FILL_AREA_STYLE_COLOUR('',#4776);
#4778=FILL_AREA_STYLE($,(#4777));
#4779=SURFACE_STYLE_FILL_AREA(#4778);
#4780=SURFACE_SIDE_STYLE('',(#4779));
#4781=SURFACE_STYLE_USAGE(.BOTH.,#4780);
#4782=PRESENTATION_STYLE_ASSIGNMENT((#4781));
#4783=STYLED_ITEM('',(#4782),#4775);
#4784=ADVANCED_FACE('',(#10316,#10318),#10320,.T.);
#4785=COLOUR_RGB('',0.968627450980392,0.87843137254902,0.6);
#4786=FILL_AREA_STYLE_COLOUR('',#4785);
#4787=FILL_AREA_STYLE($,(#4786));
#4788=SURFACE_STYLE_FILL_AREA(#4787);
#4789=SURFACE_SIDE_STYLE('',(#4788));
#4790=SURFACE_STYLE_USAGE(.BOTH.,#4789);
#4791=PRESENTATION_STYLE_ASSIGNMENT((#4790));
#4792=STYLED_ITEM('',(#4791),#4784);
#4793=ADVANCED_FACE('',(#10325,#10327),#10329,.T.);
#4794=COLOUR_RGB('',0.968627450980392,0.87843137254902,0.6);
#4795=FILL_AREA_STYLE_COLOUR('',#4794);
#4796=FILL_AREA_STYLE($,(#4795));
#4797=SURFACE_STYLE_FILL_AREA(#4796);
#4798=SURFACE_SIDE_STYLE('',(#4797));
#4799=SURFACE_STYLE_USAGE(.BOTH.,#4798);
#4800=PRESENTATION_STYLE_ASSIGNMENT((#4799));
#4801=STYLED_ITEM('',(#4800),#4793);
#4802=ADVANCED_FACE('',(#10334,#10336),#10338,.T.);
#4803=COLOUR_RGB('',0.968627450980392,0.87843137254902,0.6);
#4804=FILL_AREA_STYLE_COLOUR('',#4803);
#4805=FILL_AREA_STYLE($,(#4804));
#4806=SURFACE_STYLE_FILL_AREA(#4805);
#4807=SURFACE_SIDE_STYLE('',(#4806));
#4808=SURFACE_STYLE_USAGE(.BOTH.,#4807);
#4809=PRESENTATION_STYLE_ASSIGNMENT((#4808));
#4810=STYLED_ITEM('',(#4809),#4802);
#4811=ADVANCED_FACE('',(#10343,#10345),#10347,.T.);
#4812=COLOUR_RGB('',0.968627450980392,0.87843137254902,0.6);
#4813=FILL_AREA_STYLE_COLOUR('',#4812);
#4814=FILL_AREA_STYLE($,(#4813));
#4815=SURFACE_STYLE_FILL_AREA(#4814);
#4816=SURFACE_SIDE_STYLE('',(#4815));
#4817=SURFACE_STYLE_USAGE(.BOTH.,#4816);
#4818=PRESENTATION_STYLE_ASSIGNMENT((#4817));
#4819=STYLED_ITEM('',(#4818),#4811);
#4820=ADVANCED_FACE('',(#10352,#10354),#10356,.T.);
#4821=COLOUR_RGB('',0.968627450980392,0.87843137254902,0.6);
#4822=FILL_AREA_STYLE_COLOUR('',#4821);
#4823=FILL_AREA_STYLE($,(#4822));
#4824=SURFACE_STYLE_FILL_AREA(#4823);
#4825=SURFACE_SIDE_STYLE('',(#4824));
#4826=SURFACE_STYLE_USAGE(.BOTH.,#4825);
#4827=PRESENTATION_STYLE_ASSIGNMENT((#4826));
#4828=STYLED_ITEM('',(#4827),#4820);
#4829=ADVANCED_FACE('',(#10361),#10363,.T.);
#4830=COLOUR_RGB('',0.968627450980392,0.87843137254902,0.6);
#4831=FILL_AREA_STYLE_COLOUR('',#4830);
#4832=FILL_AREA_STYLE($,(#4831));
#4833=SURFACE_STYLE_FILL_AREA(#4832);
#4834=SURFACE_SIDE_STYLE('',(#4833));
#4835=SURFACE_STYLE_USAGE(.BOTH.,#4834);
#4836=PRESENTATION_STYLE_ASSIGNMENT((#4835));
#4837=STYLED_ITEM('',(#4836),#4829);
#4838=ADVANCED_FACE('',(#10368),#10370,.T.);
#4839=COLOUR_RGB('',0.968627450980392,0.87843137254902,0.6);
#4840=FILL_AREA_STYLE_COLOUR('',#4839);
#4841=FILL_AREA_STYLE($,(#4840));
#4842=SURFACE_STYLE_FILL_AREA(#4841);
#4843=SURFACE_SIDE_STYLE('',(#4842));
#4844=SURFACE_STYLE_USAGE(.BOTH.,#4843);
#4845=PRESENTATION_STYLE_ASSIGNMENT((#4844));
#4846=STYLED_ITEM('',(#4845),#4838);
#4847=ADVANCED_FACE('',(#10375,#10377),#10379,.T.);
#4848=COLOUR_RGB('',0.968627450980392,0.87843137254902,0.6);
#4849=FILL_AREA_STYLE_COLOUR('',#4848);
#4850=FILL_AREA_STYLE($,(#4849));
#4851=SURFACE_STYLE_FILL_AREA(#4850);
#4852=SURFACE_SIDE_STYLE('',(#4851));
#4853=SURFACE_STYLE_USAGE(.BOTH.,#4852);
#4854=PRESENTATION_STYLE_ASSIGNMENT((#4853));
#4855=STYLED_ITEM('',(#4854),#4847);
#4856=ADVANCED_FACE('',(#10384,#10386),#10388,.T.);
#4857=COLOUR_RGB('',0.968627450980392,0.87843137254902,0.6);
#4858=FILL_AREA_STYLE_COLOUR('',#4857);
#4859=FILL_AREA_STYLE($,(#4858));
#4860=SURFACE_STYLE_FILL_AREA(#4859);
#4861=SURFACE_SIDE_STYLE('',(#4860));
#4862=SURFACE_STYLE_USAGE(.BOTH.,#4861);
#4863=PRESENTATION_STYLE_ASSIGNMENT((#4862));
#4864=STYLED_ITEM('',(#4863),#4856);
#4865=ADVANCED_FACE('',(#10393,#10395),#10397,.T.);
#4866=COLOUR_RGB('',0.968627450980392,0.87843137254902,0.6);
#4867=FILL_AREA_STYLE_COLOUR('',#4866);
#4868=FILL_AREA_STYLE($,(#4867));
#4869=SURFACE_STYLE_FILL_AREA(#4868);
#4870=SURFACE_SIDE_STYLE('',(#4869));
#4871=SURFACE_STYLE_USAGE(.BOTH.,#4870);
#4872=PRESENTATION_STYLE_ASSIGNMENT((#4871));
#4873=STYLED_ITEM('',(#4872),#4865);
#4874=ADVANCED_FACE('',(#10402,#10404),#10406,.T.);
#4875=COLOUR_RGB('',0.968627450980392,0.87843137254902,0.6);
#4876=FILL_AREA_STYLE_COLOUR('',#4875);
#4877=FILL_AREA_STYLE($,(#4876));
#4878=SURFACE_STYLE_FILL_AREA(#4877);
#4879=SURFACE_SIDE_STYLE('',(#4878));
#4880=SURFACE_STYLE_USAGE(.BOTH.,#4879);
#4881=PRESENTATION_STYLE_ASSIGNMENT((#4880));
#4882=STYLED_ITEM('',(#4881),#4874);
#4883=ADVANCED_FACE('',(#10411,#10413),#10415,.T.);
#4884=COLOUR_RGB('',0.968627450980392,0.87843137254902,0.6);
#4885=FILL_AREA_STYLE_COLOUR('',#4884);
#4886=FILL_AREA_STYLE($,(#4885));
#4887=SURFACE_STYLE_FILL_AREA(#4886);
#4888=SURFACE_SIDE_STYLE('',(#4887));
#4889=SURFACE_STYLE_USAGE(.BOTH.,#4888);
#4890=PRESENTATION_STYLE_ASSIGNMENT((#4889));
#4891=STYLED_ITEM('',(#4890),#4883);
#4892=ADVANCED_FACE('',(#10420,#10422),#10424,.T.);
#4893=COLOUR_RGB('',0.968627450980392,0.87843137254902,0.6);
#4894=FILL_AREA_STYLE_COLOUR('',#4893);
#4895=FILL_AREA_STYLE($,(#4894));
#4896=SURFACE_STYLE_FILL_AREA(#4895);
#4897=SURFACE_SIDE_STYLE('',(#4896));
#4898=SURFACE_STYLE_USAGE(.BOTH.,#4897);
#4899=PRESENTATION_STYLE_ASSIGNMENT((#4898));
#4900=STYLED_ITEM('',(#4899),#4892);
#4901=ADVANCED_FACE('',(#10429,#10431),#10433,.T.);
#4902=COLOUR_RGB('',0.968627450980392,0.87843137254902,0.6);
#4903=FILL_AREA_STYLE_COLOUR('',#4902);
#4904=FILL_AREA_STYLE($,(#4903));
#4905=SURFACE_STYLE_FILL_AREA(#4904);
#4906=SURFACE_SIDE_STYLE('',(#4905));
#4907=SURFACE_STYLE_USAGE(.BOTH.,#4906);
#4908=PRESENTATION_STYLE_ASSIGNMENT((#4907));
#4909=STYLED_ITEM('',(#4908),#4901);
#4910=ADVANCED_FACE('',(#10438),#10440,.T.);
#4911=COLOUR_RGB('',0.968627450980392,0.87843137254902,0.6);
#4912=FILL_AREA_STYLE_COLOUR('',#4911);
#4913=FILL_AREA_STYLE($,(#4912));
#4914=SURFACE_STYLE_FILL_AREA(#4913);
#4915=SURFACE_SIDE_STYLE('',(#4914));
#4916=SURFACE_STYLE_USAGE(.BOTH.,#4915);
#4917=PRESENTATION_STYLE_ASSIGNMENT((#4916));
#4918=STYLED_ITEM('',(#4917),#4910);
#4919=ADVANCED_FACE('',(#10445),#10447,.T.);
#4920=COLOUR_RGB('',0.968627450980392,0.87843137254902,0.6);
#4921=FILL_AREA_STYLE_COLOUR('',#4920);
#4922=FILL_AREA_STYLE($,(#4921));
#4923=SURFACE_STYLE_FILL_AREA(#4922);
#4924=SURFACE_SIDE_STYLE('',(#4923));
#4925=SURFACE_STYLE_USAGE(.BOTH.,#4924);
#4926=PRESENTATION_STYLE_ASSIGNMENT((#4925));
#4927=STYLED_ITEM('',(#4926),#4919);
#4928=ADVANCED_FACE('',(#10452,#10454),#10456,.T.);
#4929=COLOUR_RGB('',0.968627450980392,0.87843137254902,0.6);
#4930=FILL_AREA_STYLE_COLOUR('',#4929);
#4931=FILL_AREA_STYLE($,(#4930));
#4932=SURFACE_STYLE_FILL_AREA(#4931);
#4933=SURFACE_SIDE_STYLE('',(#4932));
#4934=SURFACE_STYLE_USAGE(.BOTH.,#4933);
#4935=PRESENTATION_STYLE_ASSIGNMENT((#4934));
#4936=STYLED_ITEM('',(#4935),#4928);
#4937=ADVANCED_FACE('',(#10461,#10463),#10465,.T.);
#4938=COLOUR_RGB('',0.968627450980392,0.87843137254902,0.6);
#4939=FILL_AREA_STYLE_COLOUR('',#4938);
#4940=FILL_AREA_STYLE($,(#4939));
#4941=SURFACE_STYLE_FILL_AREA(#4940);
#4942=SURFACE_SIDE_STYLE('',(#4941));
#4943=SURFACE_STYLE_USAGE(.BOTH.,#4942);
#4944=PRESENTATION_STYLE_ASSIGNMENT((#4943));
#4945=STYLED_ITEM('',(#4944),#4937);
#4946=ADVANCED_FACE('',(#10470,#10472),#10474,.T.);
#4947=COLOUR_RGB('',0.968627450980392,0.87843137254902,0.6);
#4948=FILL_AREA_STYLE_COLOUR('',#4947);
#4949=FILL_AREA_STYLE($,(#4948));
#4950=SURFACE_STYLE_FILL_AREA(#4949);
#4951=SURFACE_SIDE_STYLE('',(#4950));
#4952=SURFACE_STYLE_USAGE(.BOTH.,#4951);
#4953=PRESENTATION_STYLE_ASSIGNMENT((#4952));
#4954=STYLED_ITEM('',(#4953),#4946);
#4955=ADVANCED_FACE('',(#10479,#10481),#10483,.T.);
#4956=COLOUR_RGB('',0.968627450980392,0.87843137254902,0.6);
#4957=FILL_AREA_STYLE_COLOUR('',#4956);
#4958=FILL_AREA_STYLE($,(#4957));
#4959=SURFACE_STYLE_FILL_AREA(#4958);
#4960=SURFACE_SIDE_STYLE('',(#4959));
#4961=SURFACE_STYLE_USAGE(.BOTH.,#4960);
#4962=PRESENTATION_STYLE_ASSIGNMENT((#4961));
#4963=STYLED_ITEM('',(#4962),#4955);
#4964=ADVANCED_FACE('',(#10488,#10490),#10492,.T.);
#4965=COLOUR_RGB('',0.968627450980392,0.87843137254902,0.6);
#4966=FILL_AREA_STYLE_COLOUR('',#4965);
#4967=FILL_AREA_STYLE($,(#4966));
#4968=SURFACE_STYLE_FILL_AREA(#4967);
#4969=SURFACE_SIDE_STYLE('',(#4968));
#4970=SURFACE_STYLE_USAGE(.BOTH.,#4969);
#4971=PRESENTATION_STYLE_ASSIGNMENT((#4970));
#4972=STYLED_ITEM('',(#4971),#4964);
#4973=ADVANCED_FACE('',(#10497,#10499),#10501,.T.);
#4974=COLOUR_RGB('',0.968627450980392,0.87843137254902,0.6);
#4975=FILL_AREA_STYLE_COLOUR('',#4974);
#4976=FILL_AREA_STYLE($,(#4975));
#4977=SURFACE_STYLE_FILL_AREA(#4976);
#4978=SURFACE_SIDE_STYLE('',(#4977));
#4979=SURFACE_STYLE_USAGE(.BOTH.,#4978);
#4980=PRESENTATION_STYLE_ASSIGNMENT((#4979));
#4981=STYLED_ITEM('',(#4980),#4973);
#4982=ADVANCED_FACE('',(#10506,#10508),#10510,.T.);
#4983=COLOUR_RGB('',0.968627450980392,0.87843137254902,0.6);
#4984=FILL_AREA_STYLE_COLOUR('',#4983);
#4985=FILL_AREA_STYLE($,(#4984));
#4986=SURFACE_STYLE_FILL_AREA(#4985);
#4987=SURFACE_SIDE_STYLE('',(#4986));
#4988=SURFACE_STYLE_USAGE(.BOTH.,#4987);
#4989=PRESENTATION_STYLE_ASSIGNMENT((#4988));
#4990=STYLED_ITEM('',(#4989),#4982);
#4991=ADVANCED_FACE('',(#10515),#10517,.T.);
#4992=COLOUR_RGB('',0.968627450980392,0.87843137254902,0.6);
#4993=FILL_AREA_STYLE_COLOUR('',#4992);
#4994=FILL_AREA_STYLE($,(#4993));
#4995=SURFACE_STYLE_FILL_AREA(#4994);
#4996=SURFACE_SIDE_STYLE('',(#4995));
#4997=SURFACE_STYLE_USAGE(.BOTH.,#4996);
#4998=PRESENTATION_STYLE_ASSIGNMENT((#4997));
#4999=STYLED_ITEM('',(#4998),#4991);
#5000=ADVANCED_FACE('',(#10522),#10524,.T.);
#5001=COLOUR_RGB('',0.968627450980392,0.87843137254902,0.6);
#5002=FILL_AREA_STYLE_COLOUR('',#5001);
#5003=FILL_AREA_STYLE($,(#5002));
#5004=SURFACE_STYLE_FILL_AREA(#5003);
#5005=SURFACE_SIDE_STYLE('',(#5004));
#5006=SURFACE_STYLE_USAGE(.BOTH.,#5005);
#5007=PRESENTATION_STYLE_ASSIGNMENT((#5006));
#5008=STYLED_ITEM('',(#5007),#5000);
#5009=ADVANCED_FACE('',(#10529,#10531),#10533,.T.);
#5010=COLOUR_RGB('',0.968627450980392,0.87843137254902,0.6);
#5011=FILL_AREA_STYLE_COLOUR('',#5010);
#5012=FILL_AREA_STYLE($,(#5011));
#5013=SURFACE_STYLE_FILL_AREA(#5012);
#5014=SURFACE_SIDE_STYLE('',(#5013));
#5015=SURFACE_STYLE_USAGE(.BOTH.,#5014);
#5016=PRESENTATION_STYLE_ASSIGNMENT((#5015));
#5017=STYLED_ITEM('',(#5016),#5009);
#5018=ADVANCED_FACE('',(#10538,#10540),#10542,.T.);
#5019=COLOUR_RGB('',0.968627450980392,0.87843137254902,0.6);
#5020=FILL_AREA_STYLE_COLOUR('',#5019);
#5021=FILL_AREA_STYLE($,(#5020));
#5022=SURFACE_STYLE_FILL_AREA(#5021);
#5023=SURFACE_SIDE_STYLE('',(#5022));
#5024=SURFACE_STYLE_USAGE(.BOTH.,#5023);
#5025=PRESENTATION_STYLE_ASSIGNMENT((#5024));
#5026=STYLED_ITEM('',(#5025),#5018);
#5027=ADVANCED_FACE('',(#10547,#10549),#10551,.T.);
#5028=COLOUR_RGB('',0.968627450980392,0.87843137254902,0.6);
#5029=FILL_AREA_STYLE_COLOUR('',#5028);
#5030=FILL_AREA_STYLE($,(#5029));
#5031=SURFACE_STYLE_FILL_AREA(#5030);
#5032=SURFACE_SIDE_STYLE('',(#5031));
#5033=SURFACE_STYLE_USAGE(.BOTH.,#5032);
#5034=PRESENTATION_STYLE_ASSIGNMENT((#5033));
#5035=STYLED_ITEM('',(#5034),#5027);
#5036=ADVANCED_FACE('',(#10556,#10558),#10560,.T.);
#5037=COLOUR_RGB('',0.968627450980392,0.87843137254902,0.6);
#5038=FILL_AREA_STYLE_COLOUR('',#5037);
#5039=FILL_AREA_STYLE($,(#5038));
#5040=SURFACE_STYLE_FILL_AREA(#5039);
#5041=SURFACE_SIDE_STYLE('',(#5040));
#5042=SURFACE_STYLE_USAGE(.BOTH.,#5041);
#5043=PRESENTATION_STYLE_ASSIGNMENT((#5042));
#5044=STYLED_ITEM('',(#5043),#5036);
#5045=ADVANCED_FACE('',(#10565,#10567),#10569,.T.);
#5046=COLOUR_RGB('',0.968627450980392,0.87843137254902,0.6);
#5047=FILL_AREA_STYLE_COLOUR('',#5046);
#5048=FILL_AREA_STYLE($,(#5047));
#5049=SURFACE_STYLE_FILL_AREA(#5048);
#5050=SURFACE_SIDE_STYLE('',(#5049));
#5051=SURFACE_STYLE_USAGE(.BOTH.,#5050);
#5052=PRESENTATION_STYLE_ASSIGNMENT((#5051));
#5053=STYLED_ITEM('',(#5052),#5045);
#5054=ADVANCED_FACE('',(#10574,#10576),#10578,.T.);
#5055=COLOUR_RGB('',0.968627450980392,0.87843137254902,0.6);
#5056=FILL_AREA_STYLE_COLOUR('',#5055);
#5057=FILL_AREA_STYLE($,(#5056));
#5058=SURFACE_STYLE_FILL_AREA(#5057);
#5059=SURFACE_SIDE_STYLE('',(#5058));
#5060=SURFACE_STYLE_USAGE(.BOTH.,#5059);
#5061=PRESENTATION_STYLE_ASSIGNMENT((#5060));
#5062=STYLED_ITEM('',(#5061),#5054);
#5063=ADVANCED_FACE('',(#10583,#10585),#10587,.T.);
#5064=COLOUR_RGB('',0.968627450980392,0.87843137254902,0.6);
#5065=FILL_AREA_STYLE_COLOUR('',#5064);
#5066=FILL_AREA_STYLE($,(#5065));
#5067=SURFACE_STYLE_FILL_AREA(#5066);
#5068=SURFACE_SIDE_STYLE('',(#5067));
#5069=SURFACE_STYLE_USAGE(.BOTH.,#5068);
#5070=PRESENTATION_STYLE_ASSIGNMENT((#5069));
#5071=STYLED_ITEM('',(#5070),#5063);
#5072=ADVANCED_FACE('',(#10592),#10594,.T.);
#5073=COLOUR_RGB('',0.968627450980392,0.87843137254902,0.6);
#5074=FILL_AREA_STYLE_COLOUR('',#5073);
#5075=FILL_AREA_STYLE($,(#5074));
#5076=SURFACE_STYLE_FILL_AREA(#5075);
#5077=SURFACE_SIDE_STYLE('',(#5076));
#5078=SURFACE_STYLE_USAGE(.BOTH.,#5077);
#5079=PRESENTATION_STYLE_ASSIGNMENT((#5078));
#5080=STYLED_ITEM('',(#5079),#5072);
#5081=ADVANCED_FACE('',(#10599),#10601,.T.);
#5082=COLOUR_RGB('',0.968627450980392,0.87843137254902,0.6);
#5083=FILL_AREA_STYLE_COLOUR('',#5082);
#5084=FILL_AREA_STYLE($,(#5083));
#5085=SURFACE_STYLE_FILL_AREA(#5084);
#5086=SURFACE_SIDE_STYLE('',(#5085));
#5087=SURFACE_STYLE_USAGE(.BOTH.,#5086);
#5088=PRESENTATION_STYLE_ASSIGNMENT((#5087));
#5089=STYLED_ITEM('',(#5088),#5081);
#5090=ADVANCED_FACE('',(#10606,#10608),#10610,.T.);
#5091=COLOUR_RGB('',0.968627450980392,0.87843137254902,0.6);
#5092=FILL_AREA_STYLE_COLOUR('',#5091);
#5093=FILL_AREA_STYLE($,(#5092));
#5094=SURFACE_STYLE_FILL_AREA(#5093);
#5095=SURFACE_SIDE_STYLE('',(#5094));
#5096=SURFACE_STYLE_USAGE(.BOTH.,#5095);
#5097=PRESENTATION_STYLE_ASSIGNMENT((#5096));
#5098=STYLED_ITEM('',(#5097),#5090);
#5099=ADVANCED_FACE('',(#10615,#10617),#10619,.T.);
#5100=COLOUR_RGB('',0.968627450980392,0.87843137254902,0.6);
#5101=FILL_AREA_STYLE_COLOUR('',#5100);
#5102=FILL_AREA_STYLE($,(#5101));
#5103=SURFACE_STYLE_FILL_AREA(#5102);
#5104=SURFACE_SIDE_STYLE('',(#5103));
#5105=SURFACE_STYLE_USAGE(.BOTH.,#5104);
#5106=PRESENTATION_STYLE_ASSIGNMENT((#5105));
#5107=STYLED_ITEM('',(#5106),#5099);
#5108=ADVANCED_FACE('',(#10624,#10626),#10628,.T.);
#5109=COLOUR_RGB('',0.968627450980392,0.87843137254902,0.6);
#5110=FILL_AREA_STYLE_COLOUR('',#5109);
#5111=FILL_AREA_STYLE($,(#5110));
#5112=SURFACE_STYLE_FILL_AREA(#5111);
#5113=SURFACE_SIDE_STYLE('',(#5112));
#5114=SURFACE_STYLE_USAGE(.BOTH.,#5113);
#5115=PRESENTATION_STYLE_ASSIGNMENT((#5114));
#5116=STYLED_ITEM('',(#5115),#5108);
#5117=ADVANCED_FACE('',(#10633,#10635),#10637,.T.);
#5118=COLOUR_RGB('',0.968627450980392,0.87843137254902,0.6);
#5119=FILL_AREA_STYLE_COLOUR('',#5118);
#5120=FILL_AREA_STYLE($,(#5119));
#5121=SURFACE_STYLE_FILL_AREA(#5120);
#5122=SURFACE_SIDE_STYLE('',(#5121));
#5123=SURFACE_STYLE_USAGE(.BOTH.,#5122);
#5124=PRESENTATION_STYLE_ASSIGNMENT((#5123));
#5125=STYLED_ITEM('',(#5124),#5117);
#5126=ADVANCED_FACE('',(#10642,#10644),#10646,.T.);
#5127=COLOUR_RGB('',0.968627450980392,0.87843137254902,0.6);
#5128=FILL_AREA_STYLE_COLOUR('',#5127);
#5129=FILL_AREA_STYLE($,(#5128));
#5130=SURFACE_STYLE_FILL_AREA(#5129);
#5131=SURFACE_SIDE_STYLE('',(#5130));
#5132=SURFACE_STYLE_USAGE(.BOTH.,#5131);
#5133=PRESENTATION_STYLE_ASSIGNMENT((#5132));
#5134=STYLED_ITEM('',(#5133),#5126);
#5135=ADVANCED_FACE('',(#10651,#10653),#10655,.T.);
#5136=COLOUR_RGB('',0.968627450980392,0.87843137254902,0.6);
#5137=FILL_AREA_STYLE_COLOUR('',#5136);
#5138=FILL_AREA_STYLE($,(#5137));
#5139=SURFACE_STYLE_FILL_AREA(#5138);
#5140=SURFACE_SIDE_STYLE('',(#5139));
#5141=SURFACE_STYLE_USAGE(.BOTH.,#5140);
#5142=PRESENTATION_STYLE_ASSIGNMENT((#5141));
#5143=STYLED_ITEM('',(#5142),#5135);
#5144=ADVANCED_FACE('',(#10660,#10662),#10664,.T.);
#5145=COLOUR_RGB('',0.968627450980392,0.87843137254902,0.6);
#5146=FILL_AREA_STYLE_COLOUR('',#5145);
#5147=FILL_AREA_STYLE($,(#5146));
#5148=SURFACE_STYLE_FILL_AREA(#5147);
#5149=SURFACE_SIDE_STYLE('',(#5148));
#5150=SURFACE_STYLE_USAGE(.BOTH.,#5149);
#5151=PRESENTATION_STYLE_ASSIGNMENT((#5150));
#5152=STYLED_ITEM('',(#5151),#5144);
#5153=ADVANCED_FACE('',(#10669),#10671,.T.);
#5154=COLOUR_RGB('',0.968627450980392,0.87843137254902,0.6);
#5155=FILL_AREA_STYLE_COLOUR('',#5154);
#5156=FILL_AREA_STYLE($,(#5155));
#5157=SURFACE_STYLE_FILL_AREA(#5156);
#5158=SURFACE_SIDE_STYLE('',(#5157));
#5159=SURFACE_STYLE_USAGE(.BOTH.,#5158);
#5160=PRESENTATION_STYLE_ASSIGNMENT((#5159));
#5161=STYLED_ITEM('',(#5160),#5153);
#5162=ADVANCED_FACE('',(#10676),#10678,.T.);
#5163=COLOUR_RGB('',0.968627450980392,0.87843137254902,0.6);
#5164=FILL_AREA_STYLE_COLOUR('',#5163);
#5165=FILL_AREA_STYLE($,(#5164));
#5166=SURFACE_STYLE_FILL_AREA(#5165);
#5167=SURFACE_SIDE_STYLE('',(#5166));
#5168=SURFACE_STYLE_USAGE(.BOTH.,#5167);
#5169=PRESENTATION_STYLE_ASSIGNMENT((#5168));
#5170=STYLED_ITEM('',(#5169),#5162);
#5171=ADVANCED_FACE('',(#10683,#10685),#10687,.T.);
#5172=COLOUR_RGB('',0.968627450980392,0.87843137254902,0.6);
#5173=FILL_AREA_STYLE_COLOUR('',#5172);
#5174=FILL_AREA_STYLE($,(#5173));
#5175=SURFACE_STYLE_FILL_AREA(#5174);
#5176=SURFACE_SIDE_STYLE('',(#5175));
#5177=SURFACE_STYLE_USAGE(.BOTH.,#5176);
#5178=PRESENTATION_STYLE_ASSIGNMENT((#5177));
#5179=STYLED_ITEM('',(#5178),#5171);
#5180=ADVANCED_FACE('',(#10692,#10694),#10696,.T.);
#5181=COLOUR_RGB('',0.968627450980392,0.87843137254902,0.6);
#5182=FILL_AREA_STYLE_COLOUR('',#5181);
#5183=FILL_AREA_STYLE($,(#5182));
#5184=SURFACE_STYLE_FILL_AREA(#5183);
#5185=SURFACE_SIDE_STYLE('',(#5184));
#5186=SURFACE_STYLE_USAGE(.BOTH.,#5185);
#5187=PRESENTATION_STYLE_ASSIGNMENT((#5186));
#5188=STYLED_ITEM('',(#5187),#5180);
#5189=ADVANCED_FACE('',(#10701,#10703),#10705,.T.);
#5190=COLOUR_RGB('',0.968627450980392,0.87843137254902,0.6);
#5191=FILL_AREA_STYLE_COLOUR('',#5190);
#5192=FILL_AREA_STYLE($,(#5191));
#5193=SURFACE_STYLE_FILL_AREA(#5192);
#5194=SURFACE_SIDE_STYLE('',(#5193));
#5195=SURFACE_STYLE_USAGE(.BOTH.,#5194);
#5196=PRESENTATION_STYLE_ASSIGNMENT((#5195));
#5197=STYLED_ITEM('',(#5196),#5189);
#5198=ADVANCED_FACE('',(#10710,#10712),#10714,.T.);
#5199=COLOUR_RGB('',0.968627450980392,0.87843137254902,0.6);
#5200=FILL_AREA_STYLE_COLOUR('',#5199);
#5201=FILL_AREA_STYLE($,(#5200));
#5202=SURFACE_STYLE_FILL_AREA(#5201);
#5203=SURFACE_SIDE_STYLE('',(#5202));
#5204=SURFACE_STYLE_USAGE(.BOTH.,#5203);
#5205=PRESENTATION_STYLE_ASSIGNMENT((#5204));
#5206=STYLED_ITEM('',(#5205),#5198);
#5207=ADVANCED_FACE('',(#10719,#10721),#10723,.T.);
#5208=COLOUR_RGB('',0.968627450980392,0.87843137254902,0.6);
#5209=FILL_AREA_STYLE_COLOUR('',#5208);
#5210=FILL_AREA_STYLE($,(#5209));
#5211=SURFACE_STYLE_FILL_AREA(#5210);
#5212=SURFACE_SIDE_STYLE('',(#5211));
#5213=SURFACE_STYLE_USAGE(.BOTH.,#5212);
#5214=PRESENTATION_STYLE_ASSIGNMENT((#5213));
#5215=STYLED_ITEM('',(#5214),#5207);
#5216=ADVANCED_FACE('',(#10728,#10730),#10732,.T.);
#5217=COLOUR_RGB('',0.968627450980392,0.87843137254902,0.6);
#5218=FILL_AREA_STYLE_COLOUR('',#5217);
#5219=FILL_AREA_STYLE($,(#5218));
#5220=SURFACE_STYLE_FILL_AREA(#5219);
#5221=SURFACE_SIDE_STYLE('',(#5220));
#5222=SURFACE_STYLE_USAGE(.BOTH.,#5221);
#5223=PRESENTATION_STYLE_ASSIGNMENT((#5222));
#5224=STYLED_ITEM('',(#5223),#5216);
#5225=ADVANCED_FACE('',(#10737,#10739),#10741,.T.);
#5226=COLOUR_RGB('',0.968627450980392,0.87843137254902,0.6);
#5227=FILL_AREA_STYLE_COLOUR('',#5226);
#5228=FILL_AREA_STYLE($,(#5227));
#5229=SURFACE_STYLE_FILL_AREA(#5228);
#5230=SURFACE_SIDE_STYLE('',(#5229));
#5231=SURFACE_STYLE_USAGE(.BOTH.,#5230);
#5232=PRESENTATION_STYLE_ASSIGNMENT((#5231));
#5233=STYLED_ITEM('',(#5232),#5225);
#5234=ADVANCED_FACE('',(#10746),#10748,.T.);
#5235=COLOUR_RGB('',0.968627450980392,0.87843137254902,0.6);
#5236=FILL_AREA_STYLE_COLOUR('',#5235);
#5237=FILL_AREA_STYLE($,(#5236));
#5238=SURFACE_STYLE_FILL_AREA(#5237);
#5239=SURFACE_SIDE_STYLE('',(#5238));
#5240=SURFACE_STYLE_USAGE(.BOTH.,#5239);
#5241=PRESENTATION_STYLE_ASSIGNMENT((#5240));
#5242=STYLED_ITEM('',(#5241),#5234);
#5243=ADVANCED_FACE('',(#10753),#10755,.T.);
#5244=COLOUR_RGB('',0.968627450980392,0.87843137254902,0.6);
#5245=FILL_AREA_STYLE_COLOUR('',#5244);
#5246=FILL_AREA_STYLE($,(#5245));
#5247=SURFACE_STYLE_FILL_AREA(#5246);
#5248=SURFACE_SIDE_STYLE('',(#5247));
#5249=SURFACE_STYLE_USAGE(.BOTH.,#5248);
#5250=PRESENTATION_STYLE_ASSIGNMENT((#5249));
#5251=STYLED_ITEM('',(#5250),#5243);
#5252=ADVANCED_FACE('',(#10760,#10762),#10764,.T.);
#5253=COLOUR_RGB('',0.968627450980392,0.87843137254902,0.6);
#5254=FILL_AREA_STYLE_COLOUR('',#5253);
#5255=FILL_AREA_STYLE($,(#5254));
#5256=SURFACE_STYLE_FILL_AREA(#5255);
#5257=SURFACE_SIDE_STYLE('',(#5256));
#5258=SURFACE_STYLE_USAGE(.BOTH.,#5257);
#5259=PRESENTATION_STYLE_ASSIGNMENT((#5258));
#5260=STYLED_ITEM('',(#5259),#5252);
#5261=ADVANCED_FACE('',(#10769,#10771),#10773,.T.);
#5262=COLOUR_RGB('',0.968627450980392,0.87843137254902,0.6);
#5263=FILL_AREA_STYLE_COLOUR('',#5262);
#5264=FILL_AREA_STYLE($,(#5263));
#5265=SURFACE_STYLE_FILL_AREA(#5264);
#5266=SURFACE_SIDE_STYLE('',(#5265));
#5267=SURFACE_STYLE_USAGE(.BOTH.,#5266);
#5268=PRESENTATION_STYLE_ASSIGNMENT((#5267));
#5269=STYLED_ITEM('',(#5268),#5261);
#5270=ADVANCED_FACE('',(#10778,#10780),#10782,.T.);
#5271=COLOUR_RGB('',0.968627450980392,0.87843137254902,0.6);
#5272=FILL_AREA_STYLE_COLOUR('',#5271);
#5273=FILL_AREA_STYLE($,(#5272));
#5274=SURFACE_STYLE_FILL_AREA(#5273);
#5275=SURFACE_SIDE_STYLE('',(#5274));
#5276=SURFACE_STYLE_USAGE(.BOTH.,#5275);
#5277=PRESENTATION_STYLE_ASSIGNMENT((#5276));
#5278=STYLED_ITEM('',(#5277),#5270);
#5279=ADVANCED_FACE('',(#10787,#10789),#10791,.T.);
#5280=COLOUR_RGB('',0.968627450980392,0.87843137254902,0.6);
#5281=FILL_AREA_STYLE_COLOUR('',#5280);
#5282=FILL_AREA_STYLE($,(#5281));
#5283=SURFACE_STYLE_FILL_AREA(#5282);
#5284=SURFACE_SIDE_STYLE('',(#5283));
#5285=SURFACE_STYLE_USAGE(.BOTH.,#5284);
#5286=PRESENTATION_STYLE_ASSIGNMENT((#5285));
#5287=STYLED_ITEM('',(#5286),#5279);
#5288=ADVANCED_FACE('',(#10796,#10798),#10800,.T.);
#5289=COLOUR_RGB('',0.968627450980392,0.87843137254902,0.6);
#5290=FILL_AREA_STYLE_COLOUR('',#5289);
#5291=FILL_AREA_STYLE($,(#5290));
#5292=SURFACE_STYLE_FILL_AREA(#5291);
#5293=SURFACE_SIDE_STYLE('',(#5292));
#5294=SURFACE_STYLE_USAGE(.BOTH.,#5293);
#5295=PRESENTATION_STYLE_ASSIGNMENT((#5294));
#5296=STYLED_ITEM('',(#5295),#5288);
#5297=ADVANCED_FACE('',(#10805,#10807),#10809,.T.);
#5298=COLOUR_RGB('',0.968627450980392,0.87843137254902,0.6);
#5299=FILL_AREA_STYLE_COLOUR('',#5298);
#5300=FILL_AREA_STYLE($,(#5299));
#5301=SURFACE_STYLE_FILL_AREA(#5300);
#5302=SURFACE_SIDE_STYLE('',(#5301));
#5303=SURFACE_STYLE_USAGE(.BOTH.,#5302);
#5304=PRESENTATION_STYLE_ASSIGNMENT((#5303));
#5305=STYLED_ITEM('',(#5304),#5297);
#5306=ADVANCED_FACE('',(#10814,#10816),#10818,.T.);
#5307=COLOUR_RGB('',0.968627450980392,0.87843137254902,0.6);
#5308=FILL_AREA_STYLE_COLOUR('',#5307);
#5309=FILL_AREA_STYLE($,(#5308));
#5310=SURFACE_STYLE_FILL_AREA(#5309);
#5311=SURFACE_SIDE_STYLE('',(#5310));
#5312=SURFACE_STYLE_USAGE(.BOTH.,#5311);
#5313=PRESENTATION_STYLE_ASSIGNMENT((#5312));
#5314=STYLED_ITEM('',(#5313),#5306);
#5315=ADVANCED_FACE('',(#10823),#10825,.T.);
#5316=COLOUR_RGB('',0.968627450980392,0.87843137254902,0.6);
#5317=FILL_AREA_STYLE_COLOUR('',#5316);
#5318=FILL_AREA_STYLE($,(#5317));
#5319=SURFACE_STYLE_FILL_AREA(#5318);
#5320=SURFACE_SIDE_STYLE('',(#5319));
#5321=SURFACE_STYLE_USAGE(.BOTH.,#5320);
#5322=PRESENTATION_STYLE_ASSIGNMENT((#5321));
#5323=STYLED_ITEM('',(#5322),#5315);
#5324=ADVANCED_FACE('',(#10830),#10832,.T.);
#5325=COLOUR_RGB('',0.968627450980392,0.87843137254902,0.6);
#5326=FILL_AREA_STYLE_COLOUR('',#5325);
#5327=FILL_AREA_STYLE($,(#5326));
#5328=SURFACE_STYLE_FILL_AREA(#5327);
#5329=SURFACE_SIDE_STYLE('',(#5328));
#5330=SURFACE_STYLE_USAGE(.BOTH.,#5329);
#5331=PRESENTATION_STYLE_ASSIGNMENT((#5330));
#5332=STYLED_ITEM('',(#5331),#5324);
#5333=ADVANCED_FACE('',(#10837,#10839),#10841,.T.);
#5334=COLOUR_RGB('',0.968627450980392,0.87843137254902,0.6);
#5335=FILL_AREA_STYLE_COLOUR('',#5334);
#5336=FILL_AREA_STYLE($,(#5335));
#5337=SURFACE_STYLE_FILL_AREA(#5336);
#5338=SURFACE_SIDE_STYLE('',(#5337));
#5339=SURFACE_STYLE_USAGE(.BOTH.,#5338);
#5340=PRESENTATION_STYLE_ASSIGNMENT((#5339));
#5341=STYLED_ITEM('',(#5340),#5333);
#5342=ADVANCED_FACE('',(#10846,#10848),#10850,.T.);
#5343=COLOUR_RGB('',0.968627450980392,0.87843137254902,0.6);
#5344=FILL_AREA_STYLE_COLOUR('',#5343);
#5345=FILL_AREA_STYLE($,(#5344));
#5346=SURFACE_STYLE_FILL_AREA(#5345);
#5347=SURFACE_SIDE_STYLE('',(#5346));
#5348=SURFACE_STYLE_USAGE(.BOTH.,#5347);
#5349=PRESENTATION_STYLE_ASSIGNMENT((#5348));
#5350=STYLED_ITEM('',(#5349),#5342);
#5351=ADVANCED_FACE('',(#10855,#10857),#10859,.T.);
#5352=COLOUR_RGB('',0.968627450980392,0.87843137254902,0.6);
#5353=FILL_AREA_STYLE_COLOUR('',#5352);
#5354=FILL_AREA_STYLE($,(#5353));
#5355=SURFACE_STYLE_FILL_AREA(#5354);
#5356=SURFACE_SIDE_STYLE('',(#5355));
#5357=SURFACE_STYLE_USAGE(.BOTH.,#5356);
#5358=PRESENTATION_STYLE_ASSIGNMENT((#5357));
#5359=STYLED_ITEM('',(#5358),#5351);
#5360=ADVANCED_FACE('',(#10864,#10866),#10868,.T.);
#5361=COLOUR_RGB('',0.968627450980392,0.87843137254902,0.6);
#5362=FILL_AREA_STYLE_COLOUR('',#5361);
#5363=FILL_AREA_STYLE($,(#5362));
#5364=SURFACE_STYLE_FILL_AREA(#5363);
#5365=SURFACE_SIDE_STYLE('',(#5364));
#5366=SURFACE_STYLE_USAGE(.BOTH.,#5365);
#5367=PRESENTATION_STYLE_ASSIGNMENT((#5366));
#5368=STYLED_ITEM('',(#5367),#5360);
#5369=ADVANCED_FACE('',(#10873,#10875),#10877,.T.);
#5370=COLOUR_RGB('',0.968627450980392,0.87843137254902,0.6);
#5371=FILL_AREA_STYLE_COLOUR('',#5370);
#5372=FILL_AREA_STYLE($,(#5371));
#5373=SURFACE_STYLE_FILL_AREA(#5372);
#5374=SURFACE_SIDE_STYLE('',(#5373));
#5375=SURFACE_STYLE_USAGE(.BOTH.,#5374);
#5376=PRESENTATION_STYLE_ASSIGNMENT((#5375));
#5377=STYLED_ITEM('',(#5376),#5369);
#5378=ADVANCED_FACE('',(#10882,#10884),#10886,.T.);
#5379=COLOUR_RGB('',0.968627450980392,0.87843137254902,0.6);
#5380=FILL_AREA_STYLE_COLOUR('',#5379);
#5381=FILL_AREA_STYLE($,(#5380));
#5382=SURFACE_STYLE_FILL_AREA(#5381);
#5383=SURFACE_SIDE_STYLE('',(#5382));
#5384=SURFACE_STYLE_USAGE(.BOTH.,#5383);
#5385=PRESENTATION_STYLE_ASSIGNMENT((#5384));
#5386=STYLED_ITEM('',(#5385),#5378);
#5387=ADVANCED_FACE('',(#10891,#10893),#10895,.T.);
#5388=COLOUR_RGB('',0.968627450980392,0.87843137254902,0.6);
#5389=FILL_AREA_STYLE_COLOUR('',#5388);
#5390=FILL_AREA_STYLE($,(#5389));
#5391=SURFACE_STYLE_FILL_AREA(#5390);
#5392=SURFACE_SIDE_STYLE('',(#5391));
#5393=SURFACE_STYLE_USAGE(.BOTH.,#5392);
#5394=PRESENTATION_STYLE_ASSIGNMENT((#5393));
#5395=STYLED_ITEM('',(#5394),#5387);
#5396=ADVANCED_FACE('',(#10900),#10902,.T.);
#5397=COLOUR_RGB('',0.968627450980392,0.87843137254902,0.6);
#5398=FILL_AREA_STYLE_COLOUR('',#5397);
#5399=FILL_AREA_STYLE($,(#5398));
#5400=SURFACE_STYLE_FILL_AREA(#5399);
#5401=SURFACE_SIDE_STYLE('',(#5400));
#5402=SURFACE_STYLE_USAGE(.BOTH.,#5401);
#5403=PRESENTATION_STYLE_ASSIGNMENT((#5402));
#5404=STYLED_ITEM('',(#5403),#5396);
#5405=ADVANCED_FACE('',(#10907),#10909,.T.);
#5406=COLOUR_RGB('',0.968627450980392,0.87843137254902,0.6);
#5407=FILL_AREA_STYLE_COLOUR('',#5406);
#5408=FILL_AREA_STYLE($,(#5407));
#5409=SURFACE_STYLE_FILL_AREA(#5408);
#5410=SURFACE_SIDE_STYLE('',(#5409));
#5411=SURFACE_STYLE_USAGE(.BOTH.,#5410);
#5412=PRESENTATION_STYLE_ASSIGNMENT((#5411));
#5413=STYLED_ITEM('',(#5412),#5405);
#5414=ADVANCED_FACE('',(#10914,#10916),#10918,.T.);
#5415=COLOUR_RGB('',0.968627450980392,0.87843137254902,0.6);
#5416=FILL_AREA_STYLE_COLOUR('',#5415);
#5417=FILL_AREA_STYLE($,(#5416));
#5418=SURFACE_STYLE_FILL_AREA(#5417);
#5419=SURFACE_SIDE_STYLE('',(#5418));
#5420=SURFACE_STYLE_USAGE(.BOTH.,#5419);
#5421=PRESENTATION_STYLE_ASSIGNMENT((#5420));
#5422=STYLED_ITEM('',(#5421),#5414);
#5423=ADVANCED_FACE('',(#10923,#10925),#10927,.T.);
#5424=COLOUR_RGB('',0.968627450980392,0.87843137254902,0.6);
#5425=FILL_AREA_STYLE_COLOUR('',#5424);
#5426=FILL_AREA_STYLE($,(#5425));
#5427=SURFACE_STYLE_FILL_AREA(#5426);
#5428=SURFACE_SIDE_STYLE('',(#5427));
#5429=SURFACE_STYLE_USAGE(.BOTH.,#5428);
#5430=PRESENTATION_STYLE_ASSIGNMENT((#5429));
#5431=STYLED_ITEM('',(#5430),#5423);
#5432=ADVANCED_FACE('',(#10932,#10934),#10936,.T.);
#5433=COLOUR_RGB('',0.968627450980392,0.87843137254902,0.6);
#5434=FILL_AREA_STYLE_COLOUR('',#5433);
#5435=FILL_AREA_STYLE($,(#5434));
#5436=SURFACE_STYLE_FILL_AREA(#5435);
#5437=SURFACE_SIDE_STYLE('',(#5436));
#5438=SURFACE_STYLE_USAGE(.BOTH.,#5437);
#5439=PRESENTATION_STYLE_ASSIGNMENT((#5438));
#5440=STYLED_ITEM('',(#5439),#5432);
#5441=ADVANCED_FACE('',(#10941,#10943),#10945,.T.);
#5442=COLOUR_RGB('',0.968627450980392,0.87843137254902,0.6);
#5443=FILL_AREA_STYLE_COLOUR('',#5442);
#5444=FILL_AREA_STYLE($,(#5443));
#5445=SURFACE_STYLE_FILL_AREA(#5444);
#5446=SURFACE_SIDE_STYLE('',(#5445));
#5447=SURFACE_STYLE_USAGE(.BOTH.,#5446);
#5448=PRESENTATION_STYLE_ASSIGNMENT((#5447));
#5449=STYLED_ITEM('',(#5448),#5441);
#5450=ADVANCED_FACE('',(#10950,#10952),#10954,.T.);
#5451=COLOUR_RGB('',0.968627450980392,0.87843137254902,0.6);
#5452=FILL_AREA_STYLE_COLOUR('',#5451);
#5453=FILL_AREA_STYLE($,(#5452));
#5454=SURFACE_STYLE_FILL_AREA(#5453);
#5455=SURFACE_SIDE_STYLE('',(#5454));
#5456=SURFACE_STYLE_USAGE(.BOTH.,#5455);
#5457=PRESENTATION_STYLE_ASSIGNMENT((#5456));
#5458=STYLED_ITEM('',(#5457),#5450);
#5459=ADVANCED_FACE('',(#10959,#10961),#10963,.T.);
#5460=COLOUR_RGB('',0.968627450980392,0.87843137254902,0.6);
#5461=FILL_AREA_STYLE_COLOUR('',#5460);
#5462=FILL_AREA_STYLE($,(#5461));
#5463=SURFACE_STYLE_FILL_AREA(#5462);
#5464=SURFACE_SIDE_STYLE('',(#5463));
#5465=SURFACE_STYLE_USAGE(.BOTH.,#5464);
#5466=PRESENTATION_STYLE_ASSIGNMENT((#5465));
#5467=STYLED_ITEM('',(#5466),#5459);
#5468=ADVANCED_FACE('',(#10968,#10970),#10972,.T.);
#5469=COLOUR_RGB('',0.968627450980392,0.87843137254902,0.6);
#5470=FILL_AREA_STYLE_COLOUR('',#5469);
#5471=FILL_AREA_STYLE($,(#5470));
#5472=SURFACE_STYLE_FILL_AREA(#5471);
#5473=SURFACE_SIDE_STYLE('',(#5472));
#5474=SURFACE_STYLE_USAGE(.BOTH.,#5473);
#5475=PRESENTATION_STYLE_ASSIGNMENT((#5474));
#5476=STYLED_ITEM('',(#5475),#5468);
#5477=ADVANCED_FACE('',(#10977),#10979,.T.);
#5478=COLOUR_RGB('',0.968627450980392,0.87843137254902,0.6);
#5479=FILL_AREA_STYLE_COLOUR('',#5478);
#5480=FILL_AREA_STYLE($,(#5479));
#5481=SURFACE_STYLE_FILL_AREA(#5480);
#5482=SURFACE_SIDE_STYLE('',(#5481));
#5483=SURFACE_STYLE_USAGE(.BOTH.,#5482);
#5484=PRESENTATION_STYLE_ASSIGNMENT((#5483));
#5485=STYLED_ITEM('',(#5484),#5477);
#5486=ADVANCED_FACE('',(#10984),#10986,.T.);
#5487=COLOUR_RGB('',0.968627450980392,0.87843137254902,0.6);
#5488=FILL_AREA_STYLE_COLOUR('',#5487);
#5489=FILL_AREA_STYLE($,(#5488));
#5490=SURFACE_STYLE_FILL_AREA(#5489);
#5491=SURFACE_SIDE_STYLE('',(#5490));
#5492=SURFACE_STYLE_USAGE(.BOTH.,#5491);
#5493=PRESENTATION_STYLE_ASSIGNMENT((#5492));
#5494=STYLED_ITEM('',(#5493),#5486);
#5495=ADVANCED_FACE('',(#10991,#10993),#10995,.T.);
#5496=COLOUR_RGB('',0.968627450980392,0.87843137254902,0.6);
#5497=FILL_AREA_STYLE_COLOUR('',#5496);
#5498=FILL_AREA_STYLE($,(#5497));
#5499=SURFACE_STYLE_FILL_AREA(#5498);
#5500=SURFACE_SIDE_STYLE('',(#5499));
#5501=SURFACE_STYLE_USAGE(.BOTH.,#5500);
#5502=PRESENTATION_STYLE_ASSIGNMENT((#5501));
#5503=STYLED_ITEM('',(#5502),#5495);
#5504=ADVANCED_FACE('',(#11000,#11002),#11004,.T.);
#5505=COLOUR_RGB('',0.968627450980392,0.87843137254902,0.6);
#5506=FILL_AREA_STYLE_COLOUR('',#5505);
#5507=FILL_AREA_STYLE($,(#5506));
#5508=SURFACE_STYLE_FILL_AREA(#5507);
#5509=SURFACE_SIDE_STYLE('',(#5508));
#5510=SURFACE_STYLE_USAGE(.BOTH.,#5509);
#5511=PRESENTATION_STYLE_ASSIGNMENT((#5510));
#5512=STYLED_ITEM('',(#5511),#5504);
#5513=ADVANCED_FACE('',(#11009,#11011),#11013,.T.);
#5514=COLOUR_RGB('',0.968627450980392,0.87843137254902,0.6);
#5515=FILL_AREA_STYLE_COLOUR('',#5514);
#5516=FILL_AREA_STYLE($,(#5515));
#5517=SURFACE_STYLE_FILL_AREA(#5516);
#5518=SURFACE_SIDE_STYLE('',(#5517));
#5519=SURFACE_STYLE_USAGE(.BOTH.,#5518);
#5520=PRESENTATION_STYLE_ASSIGNMENT((#5519));
#5521=STYLED_ITEM('',(#5520),#5513);
#5522=ADVANCED_FACE('',(#11018,#11020),#11022,.T.);
#5523=COLOUR_RGB('',0.968627450980392,0.87843137254902,0.6);
#5524=FILL_AREA_STYLE_COLOUR('',#5523);
#5525=FILL_AREA_STYLE($,(#5524));
#5526=SURFACE_STYLE_FILL_AREA(#5525);
#5527=SURFACE_SIDE_STYLE('',(#5526));
#5528=SURFACE_STYLE_USAGE(.BOTH.,#5527);
#5529=PRESENTATION_STYLE_ASSIGNMENT((#5528));
#5530=STYLED_ITEM('',(#5529),#5522);
#5531=ADVANCED_FACE('',(#11027,#11029),#11031,.T.);
#5532=COLOUR_RGB('',0.968627450980392,0.87843137254902,0.6);
#5533=FILL_AREA_STYLE_COLOUR('',#5532);
#5534=FILL_AREA_STYLE($,(#5533));
#5535=SURFACE_STYLE_FILL_AREA(#5534);
#5536=SURFACE_SIDE_STYLE('',(#5535));
#5537=SURFACE_STYLE_USAGE(.BOTH.,#5536);
#5538=PRESENTATION_STYLE_ASSIGNMENT((#5537));
#5539=STYLED_ITEM('',(#5538),#5531);
#5540=ADVANCED_FACE('',(#11036,#11038),#11040,.T.);
#5541=COLOUR_RGB('',0.968627450980392,0.87843137254902,0.6);
#5542=FILL_AREA_STYLE_COLOUR('',#5541);
#5543=FILL_AREA_STYLE($,(#5542));
#5544=SURFACE_STYLE_FILL_AREA(#5543);
#5545=SURFACE_SIDE_STYLE('',(#5544));
#5546=SURFACE_STYLE_USAGE(.BOTH.,#5545);
#5547=PRESENTATION_STYLE_ASSIGNMENT((#5546));
#5548=STYLED_ITEM('',(#5547),#5540);
#5549=ADVANCED_FACE('',(#11045,#11047),#11049,.T.);
#5550=COLOUR_RGB('',0.968627450980392,0.87843137254902,0.6);
#5551=FILL_AREA_STYLE_COLOUR('',#5550);
#5552=FILL_AREA_STYLE($,(#5551));
#5553=SURFACE_STYLE_FILL_AREA(#5552);
#5554=SURFACE_SIDE_STYLE('',(#5553));
#5555=SURFACE_STYLE_USAGE(.BOTH.,#5554);
#5556=PRESENTATION_STYLE_ASSIGNMENT((#5555));
#5557=STYLED_ITEM('',(#5556),#5549);
#5558=ADVANCED_FACE('',(#11054),#11056,.T.);
#5559=COLOUR_RGB('',0.968627450980392,0.87843137254902,0.6);
#5560=FILL_AREA_STYLE_COLOUR('',#5559);
#5561=FILL_AREA_STYLE($,(#5560));
#5562=SURFACE_STYLE_FILL_AREA(#5561);
#5563=SURFACE_SIDE_STYLE('',(#5562));
#5564=SURFACE_STYLE_USAGE(.BOTH.,#5563);
#5565=PRESENTATION_STYLE_ASSIGNMENT((#5564));
#5566=STYLED_ITEM('',(#5565),#5558);
#5567=ADVANCED_FACE('',(#11061),#11063,.T.);
#5568=COLOUR_RGB('',0.968627450980392,0.87843137254902,0.6);
#5569=FILL_AREA_STYLE_COLOUR('',#5568);
#5570=FILL_AREA_STYLE($,(#5569));
#5571=SURFACE_STYLE_FILL_AREA(#5570);
#5572=SURFACE_SIDE_STYLE('',(#5571));
#5573=SURFACE_STYLE_USAGE(.BOTH.,#5572);
#5574=PRESENTATION_STYLE_ASSIGNMENT((#5573));
#5575=STYLED_ITEM('',(#5574),#5567);
#5576=ADVANCED_FACE('',(#11068,#11070),#11072,.T.);
#5577=COLOUR_RGB('',0.968627450980392,0.87843137254902,0.6);
#5578=FILL_AREA_STYLE_COLOUR('',#5577);
#5579=FILL_AREA_STYLE($,(#5578));
#5580=SURFACE_STYLE_FILL_AREA(#5579);
#5581=SURFACE_SIDE_STYLE('',(#5580));
#5582=SURFACE_STYLE_USAGE(.BOTH.,#5581);
#5583=PRESENTATION_STYLE_ASSIGNMENT((#5582));
#5584=STYLED_ITEM('',(#5583),#5576);
#5585=ADVANCED_FACE('',(#11077,#11079),#11081,.T.);
#5586=COLOUR_RGB('',0.968627450980392,0.87843137254902,0.6);
#5587=FILL_AREA_STYLE_COLOUR('',#5586);
#5588=FILL_AREA_STYLE($,(#5587));
#5589=SURFACE_STYLE_FILL_AREA(#5588);
#5590=SURFACE_SIDE_STYLE('',(#5589));
#5591=SURFACE_STYLE_USAGE(.BOTH.,#5590);
#5592=PRESENTATION_STYLE_ASSIGNMENT((#5591));
#5593=STYLED_ITEM('',(#5592),#5585);
#5594=ADVANCED_FACE('',(#11086,#11088),#11090,.T.);
#5595=COLOUR_RGB('',0.968627450980392,0.87843137254902,0.6);
#5596=FILL_AREA_STYLE_COLOUR('',#5595);
#5597=FILL_AREA_STYLE($,(#5596));
#5598=SURFACE_STYLE_FILL_AREA(#5597);
#5599=SURFACE_SIDE_STYLE('',(#5598));
#5600=SURFACE_STYLE_USAGE(.BOTH.,#5599);
#5601=PRESENTATION_STYLE_ASSIGNMENT((#5600));
#5602=STYLED_ITEM('',(#5601),#5594);
#5603=ADVANCED_FACE('',(#11095,#11097),#11099,.T.);
#5604=COLOUR_RGB('',0.968627450980392,0.87843137254902,0.6);
#5605=FILL_AREA_STYLE_COLOUR('',#5604);
#5606=FILL_AREA_STYLE($,(#5605));
#5607=SURFACE_STYLE_FILL_AREA(#5606);
#5608=SURFACE_SIDE_STYLE('',(#5607));
#5609=SURFACE_STYLE_USAGE(.BOTH.,#5608);
#5610=PRESENTATION_STYLE_ASSIGNMENT((#5609));
#5611=STYLED_ITEM('',(#5610),#5603);
#5612=ADVANCED_FACE('',(#11104,#11106),#11108,.T.);
#5613=COLOUR_RGB('',0.968627450980392,0.87843137254902,0.6);
#5614=FILL_AREA_STYLE_COLOUR('',#5613);
#5615=FILL_AREA_STYLE($,(#5614));
#5616=SURFACE_STYLE_FILL_AREA(#5615);
#5617=SURFACE_SIDE_STYLE('',(#5616));
#5618=SURFACE_STYLE_USAGE(.BOTH.,#5617);
#5619=PRESENTATION_STYLE_ASSIGNMENT((#5618));
#5620=STYLED_ITEM('',(#5619),#5612);
#5621=ADVANCED_FACE('',(#11113,#11115),#11117,.T.);
#5622=COLOUR_RGB('',0.968627450980392,0.87843137254902,0.6);
#5623=FILL_AREA_STYLE_COLOUR('',#5622);
#5624=FILL_AREA_STYLE($,(#5623));
#5625=SURFACE_STYLE_FILL_AREA(#5624);
#5626=SURFACE_SIDE_STYLE('',(#5625));
#5627=SURFACE_STYLE_USAGE(.BOTH.,#5626);
#5628=PRESENTATION_STYLE_ASSIGNMENT((#5627));
#5629=STYLED_ITEM('',(#5628),#5621);
#5630=ADVANCED_FACE('',(#11122,#11124),#11126,.T.);
#5631=COLOUR_RGB('',0.968627450980392,0.87843137254902,0.6);
#5632=FILL_AREA_STYLE_COLOUR('',#5631);
#5633=FILL_AREA_STYLE($,(#5632));
#5634=SURFACE_STYLE_FILL_AREA(#5633);
#5635=SURFACE_SIDE_STYLE('',(#5634));
#5636=SURFACE_STYLE_USAGE(.BOTH.,#5635);
#5637=PRESENTATION_STYLE_ASSIGNMENT((#5636));
#5638=STYLED_ITEM('',(#5637),#5630);
#5639=ADVANCED_FACE('',(#11131),#11133,.T.);
#5640=COLOUR_RGB('',0.968627450980392,0.87843137254902,0.6);
#5641=FILL_AREA_STYLE_COLOUR('',#5640);
#5642=FILL_AREA_STYLE($,(#5641));
#5643=SURFACE_STYLE_FILL_AREA(#5642);
#5644=SURFACE_SIDE_STYLE('',(#5643));
#5645=SURFACE_STYLE_USAGE(.BOTH.,#5644);
#5646=PRESENTATION_STYLE_ASSIGNMENT((#5645));
#5647=STYLED_ITEM('',(#5646),#5639);
#5648=ADVANCED_FACE('',(#11138),#11140,.T.);
#5649=COLOUR_RGB('',0.968627450980392,0.87843137254902,0.6);
#5650=FILL_AREA_STYLE_COLOUR('',#5649);
#5651=FILL_AREA_STYLE($,(#5650));
#5652=SURFACE_STYLE_FILL_AREA(#5651);
#5653=SURFACE_SIDE_STYLE('',(#5652));
#5654=SURFACE_STYLE_USAGE(.BOTH.,#5653);
#5655=PRESENTATION_STYLE_ASSIGNMENT((#5654));
#5656=STYLED_ITEM('',(#5655),#5648);
#5657=ADVANCED_FACE('',(#11145,#11147),#11149,.T.);
#5658=COLOUR_RGB('',0.968627450980392,0.87843137254902,0.6);
#5659=FILL_AREA_STYLE_COLOUR('',#5658);
#5660=FILL_AREA_STYLE($,(#5659));
#5661=SURFACE_STYLE_FILL_AREA(#5660);
#5662=SURFACE_SIDE_STYLE('',(#5661));
#5663=SURFACE_STYLE_USAGE(.BOTH.,#5662);
#5664=PRESENTATION_STYLE_ASSIGNMENT((#5663));
#5665=STYLED_ITEM('',(#5664),#5657);
#5666=ADVANCED_FACE('',(#11154,#11156),#11158,.T.);
#5667=COLOUR_RGB('',0.968627450980392,0.87843137254902,0.6);
#5668=FILL_AREA_STYLE_COLOUR('',#5667);
#5669=FILL_AREA_STYLE($,(#5668));
#5670=SURFACE_STYLE_FILL_AREA(#5669);
#5671=SURFACE_SIDE_STYLE('',(#5670));
#5672=SURFACE_STYLE_USAGE(.BOTH.,#5671);
#5673=PRESENTATION_STYLE_ASSIGNMENT((#5672));
#5674=STYLED_ITEM('',(#5673),#5666);
#5675=ADVANCED_FACE('',(#11163,#11165),#11167,.T.);
#5676=COLOUR_RGB('',0.968627450980392,0.87843137254902,0.6);
#5677=FILL_AREA_STYLE_COLOUR('',#5676);
#5678=FILL_AREA_STYLE($,(#5677));
#5679=SURFACE_STYLE_FILL_AREA(#5678);
#5680=SURFACE_SIDE_STYLE('',(#5679));
#5681=SURFACE_STYLE_USAGE(.BOTH.,#5680);
#5682=PRESENTATION_STYLE_ASSIGNMENT((#5681));
#5683=STYLED_ITEM('',(#5682),#5675);
#5684=ADVANCED_FACE('',(#11172,#11174),#11176,.T.);
#5685=COLOUR_RGB('',0.968627450980392,0.87843137254902,0.6);
#5686=FILL_AREA_STYLE_COLOUR('',#5685);
#5687=FILL_AREA_STYLE($,(#5686));
#5688=SURFACE_STYLE_FILL_AREA(#5687);
#5689=SURFACE_SIDE_STYLE('',(#5688));
#5690=SURFACE_STYLE_USAGE(.BOTH.,#5689);
#5691=PRESENTATION_STYLE_ASSIGNMENT((#5690));
#5692=STYLED_ITEM('',(#5691),#5684);
#5693=ADVANCED_FACE('',(#11181,#11183),#11185,.T.);
#5694=COLOUR_RGB('',0.968627450980392,0.87843137254902,0.6);
#5695=FILL_AREA_STYLE_COLOUR('',#5694);
#5696=FILL_AREA_STYLE($,(#5695));
#5697=SURFACE_STYLE_FILL_AREA(#5696);
#5698=SURFACE_SIDE_STYLE('',(#5697));
#5699=SURFACE_STYLE_USAGE(.BOTH.,#5698);
#5700=PRESENTATION_STYLE_ASSIGNMENT((#5699));
#5701=STYLED_ITEM('',(#5700),#5693);
#5702=ADVANCED_FACE('',(#11190,#11192),#11194,.T.);
#5703=COLOUR_RGB('',0.968627450980392,0.87843137254902,0.6);
#5704=FILL_AREA_STYLE_COLOUR('',#5703);
#5705=FILL_AREA_STYLE($,(#5704));
#5706=SURFACE_STYLE_FILL_AREA(#5705);
#5707=SURFACE_SIDE_STYLE('',(#5706));
#5708=SURFACE_STYLE_USAGE(.BOTH.,#5707);
#5709=PRESENTATION_STYLE_ASSIGNMENT((#5708));
#5710=STYLED_ITEM('',(#5709),#5702);
#5711=ADVANCED_FACE('',(#11199,#11201),#11203,.T.);
#5712=COLOUR_RGB('',0.968627450980392,0.87843137254902,0.6);
#5713=FILL_AREA_STYLE_COLOUR('',#5712);
#5714=FILL_AREA_STYLE($,(#5713));
#5715=SURFACE_STYLE_FILL_AREA(#5714);
#5716=SURFACE_SIDE_STYLE('',(#5715));
#5717=SURFACE_STYLE_USAGE(.BOTH.,#5716);
#5718=PRESENTATION_STYLE_ASSIGNMENT((#5717));
#5719=STYLED_ITEM('',(#5718),#5711);
#5720=ADVANCED_FACE('',(#11208),#11210,.T.);
#5721=COLOUR_RGB('',0.968627450980392,0.87843137254902,0.6);
#5722=FILL_AREA_STYLE_COLOUR('',#5721);
#5723=FILL_AREA_STYLE($,(#5722));
#5724=SURFACE_STYLE_FILL_AREA(#5723);
#5725=SURFACE_SIDE_STYLE('',(#5724));
#5726=SURFACE_STYLE_USAGE(.BOTH.,#5725);
#5727=PRESENTATION_STYLE_ASSIGNMENT((#5726));
#5728=STYLED_ITEM('',(#5727),#5720);
#5729=ADVANCED_FACE('',(#11215),#11217,.T.);
#5730=COLOUR_RGB('',0.968627450980392,0.87843137254902,0.6);
#5731=FILL_AREA_STYLE_COLOUR('',#5730);
#5732=FILL_AREA_STYLE($,(#5731));
#5733=SURFACE_STYLE_FILL_AREA(#5732);
#5734=SURFACE_SIDE_STYLE('',(#5733));
#5735=SURFACE_STYLE_USAGE(.BOTH.,#5734);
#5736=PRESENTATION_STYLE_ASSIGNMENT((#5735));
#5737=STYLED_ITEM('',(#5736),#5729);
#5738=ADVANCED_FACE('',(#11222,#11224),#11226,.T.);
#5739=COLOUR_RGB('',0.968627450980392,0.87843137254902,0.6);
#5740=FILL_AREA_STYLE_COLOUR('',#5739);
#5741=FILL_AREA_STYLE($,(#5740));
#5742=SURFACE_STYLE_FILL_AREA(#5741);
#5743=SURFACE_SIDE_STYLE('',(#5742));
#5744=SURFACE_STYLE_USAGE(.BOTH.,#5743);
#5745=PRESENTATION_STYLE_ASSIGNMENT((#5744));
#5746=STYLED_ITEM('',(#5745),#5738);
#5747=ADVANCED_FACE('',(#11231,#11233),#11235,.T.);
#5748=COLOUR_RGB('',0.968627450980392,0.87843137254902,0.6);
#5749=FILL_AREA_STYLE_COLOUR('',#5748);
#5750=FILL_AREA_STYLE($,(#5749));
#5751=SURFACE_STYLE_FILL_AREA(#5750);
#5752=SURFACE_SIDE_STYLE('',(#5751));
#5753=SURFACE_STYLE_USAGE(.BOTH.,#5752);
#5754=PRESENTATION_STYLE_ASSIGNMENT((#5753));
#5755=STYLED_ITEM('',(#5754),#5747);
#5756=ADVANCED_FACE('',(#11240,#11242),#11244,.T.);
#5757=COLOUR_RGB('',0.968627450980392,0.87843137254902,0.6);
#5758=FILL_AREA_STYLE_COLOUR('',#5757);
#5759=FILL_AREA_STYLE($,(#5758));
#5760=SURFACE_STYLE_FILL_AREA(#5759);
#5761=SURFACE_SIDE_STYLE('',(#5760));
#5762=SURFACE_STYLE_USAGE(.BOTH.,#5761);
#5763=PRESENTATION_STYLE_ASSIGNMENT((#5762));
#5764=STYLED_ITEM('',(#5763),#5756);
#5765=ADVANCED_FACE('',(#11249,#11251),#11253,.T.);
#5766=COLOUR_RGB('',0.968627450980392,0.87843137254902,0.6);
#5767=FILL_AREA_STYLE_COLOUR('',#5766);
#5768=FILL_AREA_STYLE($,(#5767));
#5769=SURFACE_STYLE_FILL_AREA(#5768);
#5770=SURFACE_SIDE_STYLE('',(#5769));
#5771=SURFACE_STYLE_USAGE(.BOTH.,#5770);
#5772=PRESENTATION_STYLE_ASSIGNMENT((#5771));
#5773=STYLED_ITEM('',(#5772),#5765);
#5774=ADVANCED_FACE('',(#11258,#11260),#11262,.T.);
#5775=COLOUR_RGB('',0.968627450980392,0.87843137254902,0.6);
#5776=FILL_AREA_STYLE_COLOUR('',#5775);
#5777=FILL_AREA_STYLE($,(#5776));
#5778=SURFACE_STYLE_FILL_AREA(#5777);
#5779=SURFACE_SIDE_STYLE('',(#5778));
#5780=SURFACE_STYLE_USAGE(.BOTH.,#5779);
#5781=PRESENTATION_STYLE_ASSIGNMENT((#5780));
#5782=STYLED_ITEM('',(#5781),#5774);
#5783=ADVANCED_FACE('',(#11267,#11269),#11271,.T.);
#5784=COLOUR_RGB('',0.968627450980392,0.87843137254902,0.6);
#5785=FILL_AREA_STYLE_COLOUR('',#5784);
#5786=FILL_AREA_STYLE($,(#5785));
#5787=SURFACE_STYLE_FILL_AREA(#5786);
#5788=SURFACE_SIDE_STYLE('',(#5787));
#5789=SURFACE_STYLE_USAGE(.BOTH.,#5788);
#5790=PRESENTATION_STYLE_ASSIGNMENT((#5789));
#5791=STYLED_ITEM('',(#5790),#5783);
#5792=ADVANCED_FACE('',(#11276,#11278),#11280,.T.);
#5793=COLOUR_RGB('',0.968627450980392,0.87843137254902,0.6);
#5794=FILL_AREA_STYLE_COLOUR('',#5793);
#5795=FILL_AREA_STYLE($,(#5794));
#5796=SURFACE_STYLE_FILL_AREA(#5795);
#5797=SURFACE_SIDE_STYLE('',(#5796));
#5798=SURFACE_STYLE_USAGE(.BOTH.,#5797);
#5799=PRESENTATION_STYLE_ASSIGNMENT((#5798));
#5800=STYLED_ITEM('',(#5799),#5792);
#5801=ADVANCED_FACE('',(#11285),#11287,.T.);
#5802=COLOUR_RGB('',0.968627450980392,0.87843137254902,0.6);
#5803=FILL_AREA_STYLE_COLOUR('',#5802);
#5804=FILL_AREA_STYLE($,(#5803));
#5805=SURFACE_STYLE_FILL_AREA(#5804);
#5806=SURFACE_SIDE_STYLE('',(#5805));
#5807=SURFACE_STYLE_USAGE(.BOTH.,#5806);
#5808=PRESENTATION_STYLE_ASSIGNMENT((#5807));
#5809=STYLED_ITEM('',(#5808),#5801);
#5810=ADVANCED_FACE('',(#11292),#11294,.T.);
#5811=COLOUR_RGB('',0.968627450980392,0.87843137254902,0.6);
#5812=FILL_AREA_STYLE_COLOUR('',#5811);
#5813=FILL_AREA_STYLE($,(#5812));
#5814=SURFACE_STYLE_FILL_AREA(#5813);
#5815=SURFACE_SIDE_STYLE('',(#5814));
#5816=SURFACE_STYLE_USAGE(.BOTH.,#5815);
#5817=PRESENTATION_STYLE_ASSIGNMENT((#5816));
#5818=STYLED_ITEM('',(#5817),#5810);
#5819=ADVANCED_FACE('',(#11299,#11301),#11303,.T.);
#5820=COLOUR_RGB('',0.968627450980392,0.87843137254902,0.6);
#5821=FILL_AREA_STYLE_COLOUR('',#5820);
#5822=FILL_AREA_STYLE($,(#5821));
#5823=SURFACE_STYLE_FILL_AREA(#5822);
#5824=SURFACE_SIDE_STYLE('',(#5823));
#5825=SURFACE_STYLE_USAGE(.BOTH.,#5824);
#5826=PRESENTATION_STYLE_ASSIGNMENT((#5825));
#5827=STYLED_ITEM('',(#5826),#5819);
#5828=ADVANCED_FACE('',(#11308,#11310),#11312,.T.);
#5829=COLOUR_RGB('',0.968627450980392,0.87843137254902,0.6);
#5830=FILL_AREA_STYLE_COLOUR('',#5829);
#5831=FILL_AREA_STYLE($,(#5830));
#5832=SURFACE_STYLE_FILL_AREA(#5831);
#5833=SURFACE_SIDE_STYLE('',(#5832));
#5834=SURFACE_STYLE_USAGE(.BOTH.,#5833);
#5835=PRESENTATION_STYLE_ASSIGNMENT((#5834));
#5836=STYLED_ITEM('',(#5835),#5828);
#5837=ADVANCED_FACE('',(#11317,#11319),#11321,.T.);
#5838=COLOUR_RGB('',0.968627450980392,0.87843137254902,0.6);
#5839=FILL_AREA_STYLE_COLOUR('',#5838);
#5840=FILL_AREA_STYLE($,(#5839));
#5841=SURFACE_STYLE_FILL_AREA(#5840);
#5842=SURFACE_SIDE_STYLE('',(#5841));
#5843=SURFACE_STYLE_USAGE(.BOTH.,#5842);
#5844=PRESENTATION_STYLE_ASSIGNMENT((#5843));
#5845=STYLED_ITEM('',(#5844),#5837);
#5846=ADVANCED_FACE('',(#11326,#11328),#11330,.T.);
#5847=COLOUR_RGB('',0.968627450980392,0.87843137254902,0.6);
#5848=FILL_AREA_STYLE_COLOUR('',#5847);
#5849=FILL_AREA_STYLE($,(#5848));
#5850=SURFACE_STYLE_FILL_AREA(#5849);
#5851=SURFACE_SIDE_STYLE('',(#5850));
#5852=SURFACE_STYLE_USAGE(.BOTH.,#5851);
#5853=PRESENTATION_STYLE_ASSIGNMENT((#5852));
#5854=STYLED_ITEM('',(#5853),#5846);
#5855=ADVANCED_FACE('',(#11335,#11337),#11339,.T.);
#5856=COLOUR_RGB('',0.968627450980392,0.87843137254902,0.6);
#5857=FILL_AREA_STYLE_COLOUR('',#5856);
#5858=FILL_AREA_STYLE($,(#5857));
#5859=SURFACE_STYLE_FILL_AREA(#5858);
#5860=SURFACE_SIDE_STYLE('',(#5859));
#5861=SURFACE_STYLE_USAGE(.BOTH.,#5860);
#5862=PRESENTATION_STYLE_ASSIGNMENT((#5861));
#5863=STYLED_ITEM('',(#5862),#5855);
#5864=ADVANCED_FACE('',(#11344,#11346),#11348,.T.);
#5865=COLOUR_RGB('',0.968627450980392,0.87843137254902,0.6);
#5866=FILL_AREA_STYLE_COLOUR('',#5865);
#5867=FILL_AREA_STYLE($,(#5866));
#5868=SURFACE_STYLE_FILL_AREA(#5867);
#5869=SURFACE_SIDE_STYLE('',(#5868));
#5870=SURFACE_STYLE_USAGE(.BOTH.,#5869);
#5871=PRESENTATION_STYLE_ASSIGNMENT((#5870));
#5872=STYLED_ITEM('',(#5871),#5864);
#5873=ADVANCED_FACE('',(#11353,#11355),#11357,.T.);
#5874=COLOUR_RGB('',0.968627450980392,0.87843137254902,0.6);
#5875=FILL_AREA_STYLE_COLOUR('',#5874);
#5876=FILL_AREA_STYLE($,(#5875));
#5877=SURFACE_STYLE_FILL_AREA(#5876);
#5878=SURFACE_SIDE_STYLE('',(#5877));
#5879=SURFACE_STYLE_USAGE(.BOTH.,#5878);
#5880=PRESENTATION_STYLE_ASSIGNMENT((#5879));
#5881=STYLED_ITEM('',(#5880),#5873);
#5882=ADVANCED_FACE('',(#11362),#11364,.T.);
#5883=COLOUR_RGB('',0.968627450980392,0.87843137254902,0.6);
#5884=FILL_AREA_STYLE_COLOUR('',#5883);
#5885=FILL_AREA_STYLE($,(#5884));
#5886=SURFACE_STYLE_FILL_AREA(#5885);
#5887=SURFACE_SIDE_STYLE('',(#5886));
#5888=SURFACE_STYLE_USAGE(.BOTH.,#5887);
#5889=PRESENTATION_STYLE_ASSIGNMENT((#5888));
#5890=STYLED_ITEM('',(#5889),#5882);
#5891=ADVANCED_FACE('',(#11369),#11371,.T.);
#5892=COLOUR_RGB('',0.968627450980392,0.87843137254902,0.6);
#5893=FILL_AREA_STYLE_COLOUR('',#5892);
#5894=FILL_AREA_STYLE($,(#5893));
#5895=SURFACE_STYLE_FILL_AREA(#5894);
#5896=SURFACE_SIDE_STYLE('',(#5895));
#5897=SURFACE_STYLE_USAGE(.BOTH.,#5896);
#5898=PRESENTATION_STYLE_ASSIGNMENT((#5897));
#5899=STYLED_ITEM('',(#5898),#5891);
#5900=ADVANCED_FACE('',(#11376,#11378),#11380,.T.);
#5901=COLOUR_RGB('',0.968627450980392,0.87843137254902,0.6);
#5902=FILL_AREA_STYLE_COLOUR('',#5901);
#5903=FILL_AREA_STYLE($,(#5902));
#5904=SURFACE_STYLE_FILL_AREA(#5903);
#5905=SURFACE_SIDE_STYLE('',(#5904));
#5906=SURFACE_STYLE_USAGE(.BOTH.,#5905);
#5907=PRESENTATION_STYLE_ASSIGNMENT((#5906));
#5908=STYLED_ITEM('',(#5907),#5900);
#5909=ADVANCED_FACE('',(#11385,#11387),#11389,.T.);
#5910=COLOUR_RGB('',0.968627450980392,0.87843137254902,0.6);
#5911=FILL_AREA_STYLE_COLOUR('',#5910);
#5912=FILL_AREA_STYLE($,(#5911));
#5913=SURFACE_STYLE_FILL_AREA(#5912);
#5914=SURFACE_SIDE_STYLE('',(#5913));
#5915=SURFACE_STYLE_USAGE(.BOTH.,#5914);
#5916=PRESENTATION_STYLE_ASSIGNMENT((#5915));
#5917=STYLED_ITEM('',(#5916),#5909);
#5918=ADVANCED_FACE('',(#11394,#11396),#11398,.T.);
#5919=COLOUR_RGB('',0.968627450980392,0.87843137254902,0.6);
#5920=FILL_AREA_STYLE_COLOUR('',#5919);
#5921=FILL_AREA_STYLE($,(#5920));
#5922=SURFACE_STYLE_FILL_AREA(#5921);
#5923=SURFACE_SIDE_STYLE('',(#5922));
#5924=SURFACE_STYLE_USAGE(.BOTH.,#5923);
#5925=PRESENTATION_STYLE_ASSIGNMENT((#5924));
#5926=STYLED_ITEM('',(#5925),#5918);
#5927=ADVANCED_FACE('',(#11403,#11405),#11407,.T.);
#5928=COLOUR_RGB('',0.968627450980392,0.87843137254902,0.6);
#5929=FILL_AREA_STYLE_COLOUR('',#5928);
#5930=FILL_AREA_STYLE($,(#5929));
#5931=SURFACE_STYLE_FILL_AREA(#5930);
#5932=SURFACE_SIDE_STYLE('',(#5931));
#5933=SURFACE_STYLE_USAGE(.BOTH.,#5932);
#5934=PRESENTATION_STYLE_ASSIGNMENT((#5933));
#5935=STYLED_ITEM('',(#5934),#5927);
#5936=ADVANCED_FACE('',(#11412,#11414),#11416,.T.);
#5937=COLOUR_RGB('',0.968627450980392,0.87843137254902,0.6);
#5938=FILL_AREA_STYLE_COLOUR('',#5937);
#5939=FILL_AREA_STYLE($,(#5938));
#5940=SURFACE_STYLE_FILL_AREA(#5939);
#5941=SURFACE_SIDE_STYLE('',(#5940));
#5942=SURFACE_STYLE_USAGE(.BOTH.,#5941);
#5943=PRESENTATION_STYLE_ASSIGNMENT((#5942));
#5944=STYLED_ITEM('',(#5943),#5936);
#5945=ADVANCED_FACE('',(#11421,#11423),#11425,.T.);
#5946=COLOUR_RGB('',0.968627450980392,0.87843137254902,0.6);
#5947=FILL_AREA_STYLE_COLOUR('',#5946);
#5948=FILL_AREA_STYLE($,(#5947));
#5949=SURFACE_STYLE_FILL_AREA(#5948);
#5950=SURFACE_SIDE_STYLE('',(#5949));
#5951=SURFACE_STYLE_USAGE(.BOTH.,#5950);
#5952=PRESENTATION_STYLE_ASSIGNMENT((#5951));
#5953=STYLED_ITEM('',(#5952),#5945);
#5954=ADVANCED_FACE('',(#11430,#11432),#11434,.T.);
#5955=COLOUR_RGB('',0.968627450980392,0.87843137254902,0.6);
#5956=FILL_AREA_STYLE_COLOUR('',#5955);
#5957=FILL_AREA_STYLE($,(#5956));
#5958=SURFACE_STYLE_FILL_AREA(#5957);
#5959=SURFACE_SIDE_STYLE('',(#5958));
#5960=SURFACE_STYLE_USAGE(.BOTH.,#5959);
#5961=PRESENTATION_STYLE_ASSIGNMENT((#5960));
#5962=STYLED_ITEM('',(#5961),#5954);
#5963=ADVANCED_FACE('',(#11439),#11441,.T.);
#5964=COLOUR_RGB('',0.968627450980392,0.87843137254902,0.6);
#5965=FILL_AREA_STYLE_COLOUR('',#5964);
#5966=FILL_AREA_STYLE($,(#5965));
#5967=SURFACE_STYLE_FILL_AREA(#5966);
#5968=SURFACE_SIDE_STYLE('',(#5967));
#5969=SURFACE_STYLE_USAGE(.BOTH.,#5968);
#5970=PRESENTATION_STYLE_ASSIGNMENT((#5969));
#5971=STYLED_ITEM('',(#5970),#5963);
#5972=ADVANCED_FACE('',(#11446),#11448,.T.);
#5973=COLOUR_RGB('',0.968627450980392,0.87843137254902,0.6);
#5974=FILL_AREA_STYLE_COLOUR('',#5973);
#5975=FILL_AREA_STYLE($,(#5974));
#5976=SURFACE_STYLE_FILL_AREA(#5975);
#5977=SURFACE_SIDE_STYLE('',(#5976));
#5978=SURFACE_STYLE_USAGE(.BOTH.,#5977);
#5979=PRESENTATION_STYLE_ASSIGNMENT((#5978));
#5980=STYLED_ITEM('',(#5979),#5972);
#5981=ADVANCED_FACE('',(#11453,#11455),#11457,.T.);
#5982=COLOUR_RGB('',0.968627450980392,0.87843137254902,0.6);
#5983=FILL_AREA_STYLE_COLOUR('',#5982);
#5984=FILL_AREA_STYLE($,(#5983));
#5985=SURFACE_STYLE_FILL_AREA(#5984);
#5986=SURFACE_SIDE_STYLE('',(#5985));
#5987=SURFACE_STYLE_USAGE(.BOTH.,#5986);
#5988=PRESENTATION_STYLE_ASSIGNMENT((#5987));
#5989=STYLED_ITEM('',(#5988),#5981);
#5990=ADVANCED_FACE('',(#11462,#11464),#11466,.T.);
#5991=COLOUR_RGB('',0.968627450980392,0.87843137254902,0.6);
#5992=FILL_AREA_STYLE_COLOUR('',#5991);
#5993=FILL_AREA_STYLE($,(#5992));
#5994=SURFACE_STYLE_FILL_AREA(#5993);
#5995=SURFACE_SIDE_STYLE('',(#5994));
#5996=SURFACE_STYLE_USAGE(.BOTH.,#5995);
#5997=PRESENTATION_STYLE_ASSIGNMENT((#5996));
#5998=STYLED_ITEM('',(#5997),#5990);
#5999=ADVANCED_FACE('',(#11471,#11473),#11475,.T.);
#6000=COLOUR_RGB('',0.968627450980392,0.87843137254902,0.6);
#6001=FILL_AREA_STYLE_COLOUR('',#6000);
#6002=FILL_AREA_STYLE($,(#6001));
#6003=SURFACE_STYLE_FILL_AREA(#6002);
#6004=SURFACE_SIDE_STYLE('',(#6003));
#6005=SURFACE_STYLE_USAGE(.BOTH.,#6004);
#6006=PRESENTATION_STYLE_ASSIGNMENT((#6005));
#6007=STYLED_ITEM('',(#6006),#5999);
#6008=ADVANCED_FACE('',(#11480,#11482),#11484,.T.);
#6009=COLOUR_RGB('',0.968627450980392,0.87843137254902,0.6);
#6010=FILL_AREA_STYLE_COLOUR('',#6009);
#6011=FILL_AREA_STYLE($,(#6010));
#6012=SURFACE_STYLE_FILL_AREA(#6011);
#6013=SURFACE_SIDE_STYLE('',(#6012));
#6014=SURFACE_STYLE_USAGE(.BOTH.,#6013);
#6015=PRESENTATION_STYLE_ASSIGNMENT((#6014));
#6016=STYLED_ITEM('',(#6015),#6008);
#6017=ADVANCED_FACE('',(#11489,#11491),#11493,.T.);
#6018=COLOUR_RGB('',0.968627450980392,0.87843137254902,0.6);
#6019=FILL_AREA_STYLE_COLOUR('',#6018);
#6020=FILL_AREA_STYLE($,(#6019));
#6021=SURFACE_STYLE_FILL_AREA(#6020);
#6022=SURFACE_SIDE_STYLE('',(#6021));
#6023=SURFACE_STYLE_USAGE(.BOTH.,#6022);
#6024=PRESENTATION_STYLE_ASSIGNMENT((#6023));
#6025=STYLED_ITEM('',(#6024),#6017);
#6026=ADVANCED_FACE('',(#11498,#11500),#11502,.T.);
#6027=COLOUR_RGB('',0.968627450980392,0.87843137254902,0.6);
#6028=FILL_AREA_STYLE_COLOUR('',#6027);
#6029=FILL_AREA_STYLE($,(#6028));
#6030=SURFACE_STYLE_FILL_AREA(#6029);
#6031=SURFACE_SIDE_STYLE('',(#6030));
#6032=SURFACE_STYLE_USAGE(.BOTH.,#6031);
#6033=PRESENTATION_STYLE_ASSIGNMENT((#6032));
#6034=STYLED_ITEM('',(#6033),#6026);
#6035=ADVANCED_FACE('',(#11507,#11509),#11511,.T.);
#6036=COLOUR_RGB('',0.968627450980392,0.87843137254902,0.6);
#6037=FILL_AREA_STYLE_COLOUR('',#6036);
#6038=FILL_AREA_STYLE($,(#6037));
#6039=SURFACE_STYLE_FILL_AREA(#6038);
#6040=SURFACE_SIDE_STYLE('',(#6039));
#6041=SURFACE_STYLE_USAGE(.BOTH.,#6040);
#6042=PRESENTATION_STYLE_ASSIGNMENT((#6041));
#6043=STYLED_ITEM('',(#6042),#6035);
#6044=ADVANCED_FACE('',(#11516),#11518,.T.);
#6045=COLOUR_RGB('',0.968627450980392,0.87843137254902,0.6);
#6046=FILL_AREA_STYLE_COLOUR('',#6045);
#6047=FILL_AREA_STYLE($,(#6046));
#6048=SURFACE_STYLE_FILL_AREA(#6047);
#6049=SURFACE_SIDE_STYLE('',(#6048));
#6050=SURFACE_STYLE_USAGE(.BOTH.,#6049);
#6051=PRESENTATION_STYLE_ASSIGNMENT((#6050));
#6052=STYLED_ITEM('',(#6051),#6044);
#6053=ADVANCED_FACE('',(#11523),#11525,.T.);
#6054=COLOUR_RGB('',0.968627450980392,0.87843137254902,0.6);
#6055=FILL_AREA_STYLE_COLOUR('',#6054);
#6056=FILL_AREA_STYLE($,(#6055));
#6057=SURFACE_STYLE_FILL_AREA(#6056);
#6058=SURFACE_SIDE_STYLE('',(#6057));
#6059=SURFACE_STYLE_USAGE(.BOTH.,#6058);
#6060=PRESENTATION_STYLE_ASSIGNMENT((#6059));
#6061=STYLED_ITEM('',(#6060),#6053);
#6062=ADVANCED_FACE('',(#11530,#11532),#11534,.T.);
#6063=COLOUR_RGB('',0.968627450980392,0.87843137254902,0.6);
#6064=FILL_AREA_STYLE_COLOUR('',#6063);
#6065=FILL_AREA_STYLE($,(#6064));
#6066=SURFACE_STYLE_FILL_AREA(#6065);
#6067=SURFACE_SIDE_STYLE('',(#6066));
#6068=SURFACE_STYLE_USAGE(.BOTH.,#6067);
#6069=PRESENTATION_STYLE_ASSIGNMENT((#6068));
#6070=STYLED_ITEM('',(#6069),#6062);
#6071=ADVANCED_FACE('',(#11539,#11541),#11543,.T.);
#6072=COLOUR_RGB('',0.968627450980392,0.87843137254902,0.6);
#6073=FILL_AREA_STYLE_COLOUR('',#6072);
#6074=FILL_AREA_STYLE($,(#6073));
#6075=SURFACE_STYLE_FILL_AREA(#6074);
#6076=SURFACE_SIDE_STYLE('',(#6075));
#6077=SURFACE_STYLE_USAGE(.BOTH.,#6076);
#6078=PRESENTATION_STYLE_ASSIGNMENT((#6077));
#6079=STYLED_ITEM('',(#6078),#6071);
#6080=ADVANCED_FACE('',(#11548,#11550),#11552,.T.);
#6081=COLOUR_RGB('',0.968627450980392,0.87843137254902,0.6);
#6082=FILL_AREA_STYLE_COLOUR('',#6081);
#6083=FILL_AREA_STYLE($,(#6082));
#6084=SURFACE_STYLE_FILL_AREA(#6083);
#6085=SURFACE_SIDE_STYLE('',(#6084));
#6086=SURFACE_STYLE_USAGE(.BOTH.,#6085);
#6087=PRESENTATION_STYLE_ASSIGNMENT((#6086));
#6088=STYLED_ITEM('',(#6087),#6080);
#6089=ADVANCED_FACE('',(#11557,#11559),#11561,.T.);
#6090=COLOUR_RGB('',0.968627450980392,0.87843137254902,0.6);
#6091=FILL_AREA_STYLE_COLOUR('',#6090);
#6092=FILL_AREA_STYLE($,(#6091));
#6093=SURFACE_STYLE_FILL_AREA(#6092);
#6094=SURFACE_SIDE_STYLE('',(#6093));
#6095=SURFACE_STYLE_USAGE(.BOTH.,#6094);
#6096=PRESENTATION_STYLE_ASSIGNMENT((#6095));
#6097=STYLED_ITEM('',(#6096),#6089);
#6098=ADVANCED_FACE('',(#11566,#11568),#11570,.T.);
#6099=COLOUR_RGB('',0.968627450980392,0.87843137254902,0.6);
#6100=FILL_AREA_STYLE_COLOUR('',#6099);
#6101=FILL_AREA_STYLE($,(#6100));
#6102=SURFACE_STYLE_FILL_AREA(#6101);
#6103=SURFACE_SIDE_STYLE('',(#6102));
#6104=SURFACE_STYLE_USAGE(.BOTH.,#6103);
#6105=PRESENTATION_STYLE_ASSIGNMENT((#6104));
#6106=STYLED_ITEM('',(#6105),#6098);
#6107=ADVANCED_FACE('',(#11575,#11577),#11579,.T.);
#6108=COLOUR_RGB('',0.968627450980392,0.87843137254902,0.6);
#6109=FILL_AREA_STYLE_COLOUR('',#6108);
#6110=FILL_AREA_STYLE($,(#6109));
#6111=SURFACE_STYLE_FILL_AREA(#6110);
#6112=SURFACE_SIDE_STYLE('',(#6111));
#6113=SURFACE_STYLE_USAGE(.BOTH.,#6112);
#6114=PRESENTATION_STYLE_ASSIGNMENT((#6113));
#6115=STYLED_ITEM('',(#6114),#6107);
#6116=ADVANCED_FACE('',(#11584,#11586),#11588,.T.);
#6117=COLOUR_RGB('',0.968627450980392,0.87843137254902,0.6);
#6118=FILL_AREA_STYLE_COLOUR('',#6117);
#6119=FILL_AREA_STYLE($,(#6118));
#6120=SURFACE_STYLE_FILL_AREA(#6119);
#6121=SURFACE_SIDE_STYLE('',(#6120));
#6122=SURFACE_STYLE_USAGE(.BOTH.,#6121);
#6123=PRESENTATION_STYLE_ASSIGNMENT((#6122));
#6124=STYLED_ITEM('',(#6123),#6116);
#6125=ADVANCED_FACE('',(#11593),#11595,.T.);
#6126=COLOUR_RGB('',0.968627450980392,0.87843137254902,0.6);
#6127=FILL_AREA_STYLE_COLOUR('',#6126);
#6128=FILL_AREA_STYLE($,(#6127));
#6129=SURFACE_STYLE_FILL_AREA(#6128);
#6130=SURFACE_SIDE_STYLE('',(#6129));
#6131=SURFACE_STYLE_USAGE(.BOTH.,#6130);
#6132=PRESENTATION_STYLE_ASSIGNMENT((#6131));
#6133=STYLED_ITEM('',(#6132),#6125);
#6134=ADVANCED_FACE('',(#11600),#11602,.T.);
#6135=COLOUR_RGB('',0.968627450980392,0.87843137254902,0.6);
#6136=FILL_AREA_STYLE_COLOUR('',#6135);
#6137=FILL_AREA_STYLE($,(#6136));
#6138=SURFACE_STYLE_FILL_AREA(#6137);
#6139=SURFACE_SIDE_STYLE('',(#6138));
#6140=SURFACE_STYLE_USAGE(.BOTH.,#6139);
#6141=PRESENTATION_STYLE_ASSIGNMENT((#6140));
#6142=STYLED_ITEM('',(#6141),#6134);
#6143=ADVANCED_FACE('',(#11607,#11609),#11611,.T.);
#6144=COLOUR_RGB('',0.968627450980392,0.87843137254902,0.6);
#6145=FILL_AREA_STYLE_COLOUR('',#6144);
#6146=FILL_AREA_STYLE($,(#6145));
#6147=SURFACE_STYLE_FILL_AREA(#6146);
#6148=SURFACE_SIDE_STYLE('',(#6147));
#6149=SURFACE_STYLE_USAGE(.BOTH.,#6148);
#6150=PRESENTATION_STYLE_ASSIGNMENT((#6149));
#6151=STYLED_ITEM('',(#6150),#6143);
#6152=ADVANCED_FACE('',(#11616,#11618),#11620,.T.);
#6153=COLOUR_RGB('',0.968627450980392,0.87843137254902,0.6);
#6154=FILL_AREA_STYLE_COLOUR('',#6153);
#6155=FILL_AREA_STYLE($,(#6154));
#6156=SURFACE_STYLE_FILL_AREA(#6155);
#6157=SURFACE_SIDE_STYLE('',(#6156));
#6158=SURFACE_STYLE_USAGE(.BOTH.,#6157);
#6159=PRESENTATION_STYLE_ASSIGNMENT((#6158));
#6160=STYLED_ITEM('',(#6159),#6152);
#6161=ADVANCED_FACE('',(#11625,#11627),#11629,.T.);
#6162=COLOUR_RGB('',0.968627450980392,0.87843137254902,0.6);
#6163=FILL_AREA_STYLE_COLOUR('',#6162);
#6164=FILL_AREA_STYLE($,(#6163));
#6165=SURFACE_STYLE_FILL_AREA(#6164);
#6166=SURFACE_SIDE_STYLE('',(#6165));
#6167=SURFACE_STYLE_USAGE(.BOTH.,#6166);
#6168=PRESENTATION_STYLE_ASSIGNMENT((#6167));
#6169=STYLED_ITEM('',(#6168),#6161);
#6170=ADVANCED_FACE('',(#11634,#11636),#11638,.T.);
#6171=COLOUR_RGB('',0.968627450980392,0.87843137254902,0.6);
#6172=FILL_AREA_STYLE_COLOUR('',#6171);
#6173=FILL_AREA_STYLE($,(#6172));
#6174=SURFACE_STYLE_FILL_AREA(#6173);
#6175=SURFACE_SIDE_STYLE('',(#6174));
#6176=SURFACE_STYLE_USAGE(.BOTH.,#6175);
#6177=PRESENTATION_STYLE_ASSIGNMENT((#6176));
#6178=STYLED_ITEM('',(#6177),#6170);
#6179=ADVANCED_FACE('',(#11643,#11645),#11647,.T.);
#6180=COLOUR_RGB('',0.968627450980392,0.87843137254902,0.6);
#6181=FILL_AREA_STYLE_COLOUR('',#6180);
#6182=FILL_AREA_STYLE($,(#6181));
#6183=SURFACE_STYLE_FILL_AREA(#6182);
#6184=SURFACE_SIDE_STYLE('',(#6183));
#6185=SURFACE_STYLE_USAGE(.BOTH.,#6184);
#6186=PRESENTATION_STYLE_ASSIGNMENT((#6185));
#6187=STYLED_ITEM('',(#6186),#6179);
#6188=ADVANCED_FACE('',(#11652,#11654),#11656,.T.);
#6189=COLOUR_RGB('',0.968627450980392,0.87843137254902,0.6);
#6190=FILL_AREA_STYLE_COLOUR('',#6189);
#6191=FILL_AREA_STYLE($,(#6190));
#6192=SURFACE_STYLE_FILL_AREA(#6191);
#6193=SURFACE_SIDE_STYLE('',(#6192));
#6194=SURFACE_STYLE_USAGE(.BOTH.,#6193);
#6195=PRESENTATION_STYLE_ASSIGNMENT((#6194));
#6196=STYLED_ITEM('',(#6195),#6188);
#6197=ADVANCED_FACE('',(#11661,#11663),#11665,.T.);
#6198=COLOUR_RGB('',0.968627450980392,0.87843137254902,0.6);
#6199=FILL_AREA_STYLE_COLOUR('',#6198);
#6200=FILL_AREA_STYLE($,(#6199));
#6201=SURFACE_STYLE_FILL_AREA(#6200);
#6202=SURFACE_SIDE_STYLE('',(#6201));
#6203=SURFACE_STYLE_USAGE(.BOTH.,#6202);
#6204=PRESENTATION_STYLE_ASSIGNMENT((#6203));
#6205=STYLED_ITEM('',(#6204),#6197);
#6206=ADVANCED_FACE('',(#11670),#11672,.T.);
#6207=COLOUR_RGB('',0.968627450980392,0.87843137254902,0.6);
#6208=FILL_AREA_STYLE_COLOUR('',#6207);
#6209=FILL_AREA_STYLE($,(#6208));
#6210=SURFACE_STYLE_FILL_AREA(#6209);
#6211=SURFACE_SIDE_STYLE('',(#6210));
#6212=SURFACE_STYLE_USAGE(.BOTH.,#6211);
#6213=PRESENTATION_STYLE_ASSIGNMENT((#6212));
#6214=STYLED_ITEM('',(#6213),#6206);
#6215=ADVANCED_FACE('',(#11677),#11679,.T.);
#6216=COLOUR_RGB('',0.968627450980392,0.87843137254902,0.6);
#6217=FILL_AREA_STYLE_COLOUR('',#6216);
#6218=FILL_AREA_STYLE($,(#6217));
#6219=SURFACE_STYLE_FILL_AREA(#6218);
#6220=SURFACE_SIDE_STYLE('',(#6219));
#6221=SURFACE_STYLE_USAGE(.BOTH.,#6220);
#6222=PRESENTATION_STYLE_ASSIGNMENT((#6221));
#6223=STYLED_ITEM('',(#6222),#6215);
#6224=ADVANCED_FACE('',(#11684,#11686),#11688,.T.);
#6225=COLOUR_RGB('',0.968627450980392,0.87843137254902,0.6);
#6226=FILL_AREA_STYLE_COLOUR('',#6225);
#6227=FILL_AREA_STYLE($,(#6226));
#6228=SURFACE_STYLE_FILL_AREA(#6227);
#6229=SURFACE_SIDE_STYLE('',(#6228));
#6230=SURFACE_STYLE_USAGE(.BOTH.,#6229);
#6231=PRESENTATION_STYLE_ASSIGNMENT((#6230));
#6232=STYLED_ITEM('',(#6231),#6224);
#6233=ADVANCED_FACE('',(#11693,#11695),#11697,.T.);
#6234=COLOUR_RGB('',0.968627450980392,0.87843137254902,0.6);
#6235=FILL_AREA_STYLE_COLOUR('',#6234);
#6236=FILL_AREA_STYLE($,(#6235));
#6237=SURFACE_STYLE_FILL_AREA(#6236);
#6238=SURFACE_SIDE_STYLE('',(#6237));
#6239=SURFACE_STYLE_USAGE(.BOTH.,#6238);
#6240=PRESENTATION_STYLE_ASSIGNMENT((#6239));
#6241=STYLED_ITEM('',(#6240),#6233);
#6242=ADVANCED_FACE('',(#11702,#11704),#11706,.T.);
#6243=COLOUR_RGB('',0.968627450980392,0.87843137254902,0.6);
#6244=FILL_AREA_STYLE_COLOUR('',#6243);
#6245=FILL_AREA_STYLE($,(#6244));
#6246=SURFACE_STYLE_FILL_AREA(#6245);
#6247=SURFACE_SIDE_STYLE('',(#6246));
#6248=SURFACE_STYLE_USAGE(.BOTH.,#6247);
#6249=PRESENTATION_STYLE_ASSIGNMENT((#6248));
#6250=STYLED_ITEM('',(#6249),#6242);
#6251=ADVANCED_FACE('',(#11711,#11713),#11715,.T.);
#6252=COLOUR_RGB('',0.968627450980392,0.87843137254902,0.6);
#6253=FILL_AREA_STYLE_COLOUR('',#6252);
#6254=FILL_AREA_STYLE($,(#6253));
#6255=SURFACE_STYLE_FILL_AREA(#6254);
#6256=SURFACE_SIDE_STYLE('',(#6255));
#6257=SURFACE_STYLE_USAGE(.BOTH.,#6256);
#6258=PRESENTATION_STYLE_ASSIGNMENT((#6257));
#6259=STYLED_ITEM('',(#6258),#6251);
#6260=ADVANCED_FACE('',(#11720,#11722),#11724,.T.);
#6261=COLOUR_RGB('',0.968627450980392,0.87843137254902,0.6);
#6262=FILL_AREA_STYLE_COLOUR('',#6261);
#6263=FILL_AREA_STYLE($,(#6262));
#6264=SURFACE_STYLE_FILL_AREA(#6263);
#6265=SURFACE_SIDE_STYLE('',(#6264));
#6266=SURFACE_STYLE_USAGE(.BOTH.,#6265);
#6267=PRESENTATION_STYLE_ASSIGNMENT((#6266));
#6268=STYLED_ITEM('',(#6267),#6260);
#6269=ADVANCED_FACE('',(#11729,#11731),#11733,.T.);
#6270=COLOUR_RGB('',0.968627450980392,0.87843137254902,0.6);
#6271=FILL_AREA_STYLE_COLOUR('',#6270);
#6272=FILL_AREA_STYLE($,(#6271));
#6273=SURFACE_STYLE_FILL_AREA(#6272);
#6274=SURFACE_SIDE_STYLE('',(#6273));
#6275=SURFACE_STYLE_USAGE(.BOTH.,#6274);
#6276=PRESENTATION_STYLE_ASSIGNMENT((#6275));
#6277=STYLED_ITEM('',(#6276),#6269);
#6278=ADVANCED_FACE('',(#11738,#11740),#11742,.T.);
#6279=COLOUR_RGB('',0.968627450980392,0.87843137254902,0.6);
#6280=FILL_AREA_STYLE_COLOUR('',#6279);
#6281=FILL_AREA_STYLE($,(#6280));
#6282=SURFACE_STYLE_FILL_AREA(#6281);
#6283=SURFACE_SIDE_STYLE('',(#6282));
#6284=SURFACE_STYLE_USAGE(.BOTH.,#6283);
#6285=PRESENTATION_STYLE_ASSIGNMENT((#6284));
#6286=STYLED_ITEM('',(#6285),#6278);
#6287=ADVANCED_FACE('',(#11747),#11749,.T.);
#6288=COLOUR_RGB('',0.968627450980392,0.87843137254902,0.6);
#6289=FILL_AREA_STYLE_COLOUR('',#6288);
#6290=FILL_AREA_STYLE($,(#6289));
#6291=SURFACE_STYLE_FILL_AREA(#6290);
#6292=SURFACE_SIDE_STYLE('',(#6291));
#6293=SURFACE_STYLE_USAGE(.BOTH.,#6292);
#6294=PRESENTATION_STYLE_ASSIGNMENT((#6293));
#6295=STYLED_ITEM('',(#6294),#6287);
#6296=ADVANCED_FACE('',(#11754),#11756,.T.);
#6297=COLOUR_RGB('',0.968627450980392,0.87843137254902,0.6);
#6298=FILL_AREA_STYLE_COLOUR('',#6297);
#6299=FILL_AREA_STYLE($,(#6298));
#6300=SURFACE_STYLE_FILL_AREA(#6299);
#6301=SURFACE_SIDE_STYLE('',(#6300));
#6302=SURFACE_STYLE_USAGE(.BOTH.,#6301);
#6303=PRESENTATION_STYLE_ASSIGNMENT((#6302));
#6304=STYLED_ITEM('',(#6303),#6296);
#6305=ADVANCED_FACE('',(#11761,#11763),#11765,.T.);
#6306=COLOUR_RGB('',0.968627450980392,0.87843137254902,0.6);
#6307=FILL_AREA_STYLE_COLOUR('',#6306);
#6308=FILL_AREA_STYLE($,(#6307));
#6309=SURFACE_STYLE_FILL_AREA(#6308);
#6310=SURFACE_SIDE_STYLE('',(#6309));
#6311=SURFACE_STYLE_USAGE(.BOTH.,#6310);
#6312=PRESENTATION_STYLE_ASSIGNMENT((#6311));
#6313=STYLED_ITEM('',(#6312),#6305);
#6314=ADVANCED_FACE('',(#11770,#11772),#11774,.T.);
#6315=COLOUR_RGB('',0.968627450980392,0.87843137254902,0.6);
#6316=FILL_AREA_STYLE_COLOUR('',#6315);
#6317=FILL_AREA_STYLE($,(#6316));
#6318=SURFACE_STYLE_FILL_AREA(#6317);
#6319=SURFACE_SIDE_STYLE('',(#6318));
#6320=SURFACE_STYLE_USAGE(.BOTH.,#6319);
#6321=PRESENTATION_STYLE_ASSIGNMENT((#6320));
#6322=STYLED_ITEM('',(#6321),#6314);
#6323=ADVANCED_FACE('',(#11779,#11781),#11783,.T.);
#6324=COLOUR_RGB('',0.968627450980392,0.87843137254902,0.6);
#6325=FILL_AREA_STYLE_COLOUR('',#6324);
#6326=FILL_AREA_STYLE($,(#6325));
#6327=SURFACE_STYLE_FILL_AREA(#6326);
#6328=SURFACE_SIDE_STYLE('',(#6327));
#6329=SURFACE_STYLE_USAGE(.BOTH.,#6328);
#6330=PRESENTATION_STYLE_ASSIGNMENT((#6329));
#6331=STYLED_ITEM('',(#6330),#6323);
#6332=ADVANCED_FACE('',(#11788,#11790),#11792,.T.);
#6333=COLOUR_RGB('',0.968627450980392,0.87843137254902,0.6);
#6334=FILL_AREA_STYLE_COLOUR('',#6333);
#6335=FILL_AREA_STYLE($,(#6334));
#6336=SURFACE_STYLE_FILL_AREA(#6335);
#6337=SURFACE_SIDE_STYLE('',(#6336));
#6338=SURFACE_STYLE_USAGE(.BOTH.,#6337);
#6339=PRESENTATION_STYLE_ASSIGNMENT((#6338));
#6340=STYLED_ITEM('',(#6339),#6332);
#6341=ADVANCED_FACE('',(#11797,#11799),#11801,.T.);
#6342=COLOUR_RGB('',0.968627450980392,0.87843137254902,0.6);
#6343=FILL_AREA_STYLE_COLOUR('',#6342);
#6344=FILL_AREA_STYLE($,(#6343));
#6345=SURFACE_STYLE_FILL_AREA(#6344);
#6346=SURFACE_SIDE_STYLE('',(#6345));
#6347=SURFACE_STYLE_USAGE(.BOTH.,#6346);
#6348=PRESENTATION_STYLE_ASSIGNMENT((#6347));
#6349=STYLED_ITEM('',(#6348),#6341);
#6350=ADVANCED_FACE('',(#11806,#11808),#11810,.T.);
#6351=COLOUR_RGB('',0.968627450980392,0.87843137254902,0.6);
#6352=FILL_AREA_STYLE_COLOUR('',#6351);
#6353=FILL_AREA_STYLE($,(#6352));
#6354=SURFACE_STYLE_FILL_AREA(#6353);
#6355=SURFACE_SIDE_STYLE('',(#6354));
#6356=SURFACE_STYLE_USAGE(.BOTH.,#6355);
#6357=PRESENTATION_STYLE_ASSIGNMENT((#6356));
#6358=STYLED_ITEM('',(#6357),#6350);
#6359=ADVANCED_FACE('',(#11815,#11817),#11819,.T.);
#6360=COLOUR_RGB('',0.968627450980392,0.87843137254902,0.6);
#6361=FILL_AREA_STYLE_COLOUR('',#6360);
#6362=FILL_AREA_STYLE($,(#6361));
#6363=SURFACE_STYLE_FILL_AREA(#6362);
#6364=SURFACE_SIDE_STYLE('',(#6363));
#6365=SURFACE_STYLE_USAGE(.BOTH.,#6364);
#6366=PRESENTATION_STYLE_ASSIGNMENT((#6365));
#6367=STYLED_ITEM('',(#6366),#6359);
#6368=ADVANCED_FACE('',(#11824),#11826,.T.);
#6369=COLOUR_RGB('',0.968627450980392,0.87843137254902,0.6);
#6370=FILL_AREA_STYLE_COLOUR('',#6369);
#6371=FILL_AREA_STYLE($,(#6370));
#6372=SURFACE_STYLE_FILL_AREA(#6371);
#6373=SURFACE_SIDE_STYLE('',(#6372));
#6374=SURFACE_STYLE_USAGE(.BOTH.,#6373);
#6375=PRESENTATION_STYLE_ASSIGNMENT((#6374));
#6376=STYLED_ITEM('',(#6375),#6368);
#6377=FACE_OUTER_BOUND('',#6378,.T.);
#6378=EDGE_LOOP('',(#11831));
#6379=FACE_OUTER_BOUND('',#6380,.T.);
#6380=EDGE_LOOP('',(#11832));
#6381=CYLINDRICAL_SURFACE('',#6382,0.66);
#6382=AXIS2_PLACEMENT_3D('',#6383,#6384,#6385);
#6383=CARTESIAN_POINT('',(78.74,0.,1.5));
#6384=DIRECTION('',(0.,0.,1.));
#6385=DIRECTION('',(1.,0.,0.));
#6386=FACE_OUTER_BOUND('',#6387,.T.);
#6387=EDGE_LOOP('',(#11833));
#6388=FACE_OUTER_BOUND('',#6389,.T.);
#6389=EDGE_LOOP('',(#11834));
#6390=CYLINDRICAL_SURFACE('',#6391,0.66);
#6391=AXIS2_PLACEMENT_3D('',#6392,#6393,#6394);
#6392=CARTESIAN_POINT('',(81.28,0.,1.5));
#6393=DIRECTION('',(0.,0.,1.));
#6394=DIRECTION('',(1.,0.,0.));
#6395=FACE_OUTER_BOUND('',#6396,.T.);
#6396=EDGE_LOOP('',(#11835));
#6397=FACE_OUTER_BOUND('',#6398,.T.);
#6398=EDGE_LOOP('',(#11836));
#6399=CYLINDRICAL_SURFACE('',#6400,0.66);
#6400=AXIS2_PLACEMENT_3D('',#6401,#6402,#6403);
#6401=CARTESIAN_POINT('',(76.2,0.,1.5));
#6402=DIRECTION('',(0.,0.,1.));
#6403=DIRECTION('',(1.,0.,0.));
#6404=FACE_OUTER_BOUND('',#6405,.T.);
#6405=EDGE_LOOP('',(#11837));
#6406=FACE_OUTER_BOUND('',#6407,.T.);
#6407=EDGE_LOOP('',(#11838));
#6408=CYLINDRICAL_SURFACE('',#6409,0.66);
#6409=AXIS2_PLACEMENT_3D('',#6410,#6411,#6412);
#6410=CARTESIAN_POINT('',(73.66,0.,1.5));
#6411=DIRECTION('',(0.,0.,1.));
#6412=DIRECTION('',(1.,0.,0.));
#6413=FACE_OUTER_BOUND('',#6414,.T.);
#6414=EDGE_LOOP('',(#11839));
#6415=FACE_OUTER_BOUND('',#6416,.T.);
#6416=EDGE_LOOP('',(#11840));
#6417=CYLINDRICAL_SURFACE('',#6418,0.66);
#6418=AXIS2_PLACEMENT_3D('',#6419,#6420,#6421);
#6419=CARTESIAN_POINT('',(71.12,0.,1.5));
#6420=DIRECTION('',(0.,0.,1.));
#6421=DIRECTION('',(1.,0.,0.));
#6422=FACE_OUTER_BOUND('',#6423,.T.);
#6423=EDGE_LOOP('',(#11841));
#6424=FACE_OUTER_BOUND('',#6425,.T.);
#6425=EDGE_LOOP('',(#11842));
#6426=CYLINDRICAL_SURFACE('',#6427,0.66);
#6427=AXIS2_PLACEMENT_3D('',#6428,#6429,#6430);
#6428=CARTESIAN_POINT('',(68.58,0.,1.5));
#6429=DIRECTION('',(0.,0.,1.));
#6430=DIRECTION('',(1.,0.,0.));
#6431=FACE_OUTER_BOUND('',#6432,.T.);
#6432=EDGE_LOOP('',(#11843));
#6433=FACE_OUTER_BOUND('',#6434,.T.);
#6434=EDGE_LOOP('',(#11844));
#6435=CYLINDRICAL_SURFACE('',#6436,0.66);
#6436=AXIS2_PLACEMENT_3D('',#6437,#6438,#6439);
#6437=CARTESIAN_POINT('',(66.04,0.,1.5));
#6438=DIRECTION('',(0.,0.,1.));
#6439=DIRECTION('',(1.,0.,0.));
#6440=FACE_OUTER_BOUND('',#6441,.T.);
#6441=EDGE_LOOP('',(#11845));
#6442=FACE_OUTER_BOUND('',#6443,.T.);
#6443=EDGE_LOOP('',(#11846));
#6444=CYLINDRICAL_SURFACE('',#6445,0.66);
#6445=AXIS2_PLACEMENT_3D('',#6446,#6447,#6448);
#6446=CARTESIAN_POINT('',(63.5,0.,1.5));
#6447=DIRECTION('',(0.,0.,1.));
#6448=DIRECTION('',(1.,0.,0.));
#6449=FACE_OUTER_BOUND('',#6450,.T.);
#6450=EDGE_LOOP('',(#11847));
#6451=FACE_OUTER_BOUND('',#6452,.T.);
#6452=EDGE_LOOP('',(#11848));
#6453=CYLINDRICAL_SURFACE('',#6454,0.66);
#6454=AXIS2_PLACEMENT_3D('',#6455,#6456,#6457);
#6455=CARTESIAN_POINT('',(60.96,0.,1.5));
#6456=DIRECTION('',(0.,0.,1.));
#6457=DIRECTION('',(1.,0.,0.));
#6458=FACE_OUTER_BOUND('',#6459,.T.);
#6459=EDGE_LOOP('',(#11849));
#6460=FACE_OUTER_BOUND('',#6461,.T.);
#6461=EDGE_LOOP('',(#11850));
#6462=CYLINDRICAL_SURFACE('',#6463,0.66);
#6463=AXIS2_PLACEMENT_3D('',#6464,#6465,#6466);
#6464=CARTESIAN_POINT('',(58.42,0.,1.5));
#6465=DIRECTION('',(0.,0.,1.));
#6466=DIRECTION('',(1.,0.,0.));
#6467=FACE_OUTER_BOUND('',#6468,.T.);
#6468=EDGE_LOOP('',(#11851));
#6469=FACE_OUTER_BOUND('',#6470,.T.);
#6470=EDGE_LOOP('',(#11852));
#6471=CYLINDRICAL_SURFACE('',#6472,0.66);
#6472=AXIS2_PLACEMENT_3D('',#6473,#6474,#6475);
#6473=CARTESIAN_POINT('',(55.88,0.,1.5));
#6474=DIRECTION('',(0.,0.,1.));
#6475=DIRECTION('',(1.,0.,0.));
#6476=FACE_OUTER_BOUND('',#6477,.T.);
#6477=EDGE_LOOP('',(#11853));
#6478=FACE_OUTER_BOUND('',#6479,.T.);
#6479=EDGE_LOOP('',(#11854));
#6480=CYLINDRICAL_SURFACE('',#6481,0.66);
#6481=AXIS2_PLACEMENT_3D('',#6482,#6483,#6484);
#6482=CARTESIAN_POINT('',(53.34,0.,1.5));
#6483=DIRECTION('',(0.,0.,1.));
#6484=DIRECTION('',(1.,0.,0.));
#6485=FACE_OUTER_BOUND('',#6486,.T.);
#6486=EDGE_LOOP('',(#11855));
#6487=FACE_OUTER_BOUND('',#6488,.T.);
#6488=EDGE_LOOP('',(#11856));
#6489=CYLINDRICAL_SURFACE('',#6490,0.66);
#6490=AXIS2_PLACEMENT_3D('',#6491,#6492,#6493);
#6491=CARTESIAN_POINT('',(50.8,0.,1.5));
#6492=DIRECTION('',(0.,0.,1.));
#6493=DIRECTION('',(1.,0.,0.));
#6494=FACE_OUTER_BOUND('',#6495,.T.);
#6495=EDGE_LOOP('',(#11857));
#6496=FACE_OUTER_BOUND('',#6497,.T.);
#6497=EDGE_LOOP('',(#11858));
#6498=CYLINDRICAL_SURFACE('',#6499,0.66);
#6499=AXIS2_PLACEMENT_3D('',#6500,#6501,#6502);
#6500=CARTESIAN_POINT('',(48.26,0.,1.5));
#6501=DIRECTION('',(0.,0.,1.));
#6502=DIRECTION('',(1.,0.,0.));
#6503=FACE_OUTER_BOUND('',#6504,.T.);
#6504=EDGE_LOOP('',(#11859));
#6505=FACE_OUTER_BOUND('',#6506,.T.);
#6506=EDGE_LOOP('',(#11860));
#6507=CYLINDRICAL_SURFACE('',#6508,0.66);
#6508=AXIS2_PLACEMENT_3D('',#6509,#6510,#6511);
#6509=CARTESIAN_POINT('',(45.72,0.,1.5));
#6510=DIRECTION('',(0.,0.,1.));
#6511=DIRECTION('',(1.,0.,0.));
#6512=FACE_OUTER_BOUND('',#6513,.T.);
#6513=EDGE_LOOP('',(#11861));
#6514=FACE_OUTER_BOUND('',#6515,.T.);
#6515=EDGE_LOOP('',(#11862));
#6516=CYLINDRICAL_SURFACE('',#6517,0.66);
#6517=AXIS2_PLACEMENT_3D('',#6518,#6519,#6520);
#6518=CARTESIAN_POINT('',(43.18,0.,1.5));
#6519=DIRECTION('',(0.,0.,1.));
#6520=DIRECTION('',(1.,0.,0.));
#6521=FACE_OUTER_BOUND('',#6522,.T.);
#6522=EDGE_LOOP('',(#11863));
#6523=FACE_OUTER_BOUND('',#6524,.T.);
#6524=EDGE_LOOP('',(#11864));
#6525=CYLINDRICAL_SURFACE('',#6526,0.66);
#6526=AXIS2_PLACEMENT_3D('',#6527,#6528,#6529);
#6527=CARTESIAN_POINT('',(40.64,0.,1.5));
#6528=DIRECTION('',(0.,0.,1.));
#6529=DIRECTION('',(1.,0.,0.));
#6530=FACE_OUTER_BOUND('',#6531,.T.);
#6531=EDGE_LOOP('',(#11865));
#6532=FACE_OUTER_BOUND('',#6533,.T.);
#6533=EDGE_LOOP('',(#11866));
#6534=CYLINDRICAL_SURFACE('',#6535,0.66);
#6535=AXIS2_PLACEMENT_3D('',#6536,#6537,#6538);
#6536=CARTESIAN_POINT('',(38.1,0.,1.5));
#6537=DIRECTION('',(0.,0.,1.));
#6538=DIRECTION('',(1.,0.,0.));
#6539=FACE_OUTER_BOUND('',#6540,.T.);
#6540=EDGE_LOOP('',(#11867));
#6541=FACE_OUTER_BOUND('',#6542,.T.);
#6542=EDGE_LOOP('',(#11868));
#6543=CYLINDRICAL_SURFACE('',#6544,0.66);
#6544=AXIS2_PLACEMENT_3D('',#6545,#6546,#6547);
#6545=CARTESIAN_POINT('',(35.56,0.,1.5));
#6546=DIRECTION('',(0.,0.,1.));
#6547=DIRECTION('',(1.,0.,0.));
#6548=FACE_OUTER_BOUND('',#6549,.T.);
#6549=EDGE_LOOP('',(#11869));
#6550=FACE_OUTER_BOUND('',#6551,.T.);
#6551=EDGE_LOOP('',(#11870));
#6552=CYLINDRICAL_SURFACE('',#6553,0.66);
#6553=AXIS2_PLACEMENT_3D('',#6554,#6555,#6556);
#6554=CARTESIAN_POINT('',(33.02,0.,1.5));
#6555=DIRECTION('',(0.,0.,1.));
#6556=DIRECTION('',(1.,0.,0.));
#6557=FACE_OUTER_BOUND('',#6558,.T.);
#6558=EDGE_LOOP('',(#11871));
#6559=FACE_OUTER_BOUND('',#6560,.T.);
#6560=EDGE_LOOP('',(#11872));
#6561=CYLINDRICAL_SURFACE('',#6562,0.66);
#6562=AXIS2_PLACEMENT_3D('',#6563,#6564,#6565);
#6563=CARTESIAN_POINT('',(30.48,0.,1.5));
#6564=DIRECTION('',(0.,0.,1.));
#6565=DIRECTION('',(1.,0.,0.));
#6566=FACE_OUTER_BOUND('',#6567,.T.);
#6567=EDGE_LOOP('',(#11873));
#6568=FACE_OUTER_BOUND('',#6569,.T.);
#6569=EDGE_LOOP('',(#11874));
#6570=CYLINDRICAL_SURFACE('',#6571,0.66);
#6571=AXIS2_PLACEMENT_3D('',#6572,#6573,#6574);
#6572=CARTESIAN_POINT('',(27.94,0.,1.5));
#6573=DIRECTION('',(0.,0.,1.));
#6574=DIRECTION('',(1.,0.,0.));
#6575=FACE_OUTER_BOUND('',#6576,.T.);
#6576=EDGE_LOOP('',(#11875));
#6577=FACE_OUTER_BOUND('',#6578,.T.);
#6578=EDGE_LOOP('',(#11876));
#6579=CYLINDRICAL_SURFACE('',#6580,0.66);
#6580=AXIS2_PLACEMENT_3D('',#6581,#6582,#6583);
#6581=CARTESIAN_POINT('',(25.4,0.,1.5));
#6582=DIRECTION('',(0.,0.,1.));
#6583=DIRECTION('',(1.,0.,0.));
#6584=FACE_OUTER_BOUND('',#6585,.T.);
#6585=EDGE_LOOP('',(#11877));
#6586=FACE_OUTER_BOUND('',#6587,.T.);
#6587=EDGE_LOOP('',(#11878));
#6588=CYLINDRICAL_SURFACE('',#6589,0.66);
#6589=AXIS2_PLACEMENT_3D('',#6590,#6591,#6592);
#6590=CARTESIAN_POINT('',(22.86,0.,1.5));
#6591=DIRECTION('',(0.,0.,1.));
#6592=DIRECTION('',(1.,0.,0.));
#6593=FACE_OUTER_BOUND('',#6594,.T.);
#6594=EDGE_LOOP('',(#11879));
#6595=FACE_OUTER_BOUND('',#6596,.T.);
#6596=EDGE_LOOP('',(#11880));
#6597=CYLINDRICAL_SURFACE('',#6598,0.66);
#6598=AXIS2_PLACEMENT_3D('',#6599,#6600,#6601);
#6599=CARTESIAN_POINT('',(20.32,0.,1.5));
#6600=DIRECTION('',(0.,0.,1.));
#6601=DIRECTION('',(1.,0.,0.));
#6602=FACE_OUTER_BOUND('',#6603,.T.);
#6603=EDGE_LOOP('',(#11881));
#6604=FACE_OUTER_BOUND('',#6605,.T.);
#6605=EDGE_LOOP('',(#11882));
#6606=CYLINDRICAL_SURFACE('',#6607,0.66);
#6607=AXIS2_PLACEMENT_3D('',#6608,#6609,#6610);
#6608=CARTESIAN_POINT('',(17.78,0.,1.5));
#6609=DIRECTION('',(0.,0.,1.));
#6610=DIRECTION('',(1.,0.,0.));
#6611=FACE_OUTER_BOUND('',#6612,.T.);
#6612=EDGE_LOOP('',(#11883));
#6613=FACE_OUTER_BOUND('',#6614,.T.);
#6614=EDGE_LOOP('',(#11884));
#6615=CYLINDRICAL_SURFACE('',#6616,0.66);
#6616=AXIS2_PLACEMENT_3D('',#6617,#6618,#6619);
#6617=CARTESIAN_POINT('',(15.24,0.,1.5));
#6618=DIRECTION('',(0.,0.,1.));
#6619=DIRECTION('',(1.,0.,0.));
#6620=FACE_OUTER_BOUND('',#6621,.T.);
#6621=EDGE_LOOP('',(#11885));
#6622=FACE_OUTER_BOUND('',#6623,.T.);
#6623=EDGE_LOOP('',(#11886));
#6624=CYLINDRICAL_SURFACE('',#6625,0.66);
#6625=AXIS2_PLACEMENT_3D('',#6626,#6627,#6628);
#6626=CARTESIAN_POINT('',(12.7,0.,1.5));
#6627=DIRECTION('',(0.,0.,1.));
#6628=DIRECTION('',(1.,0.,0.));
#6629=FACE_OUTER_BOUND('',#6630,.T.);
#6630=EDGE_LOOP('',(#11887));
#6631=FACE_OUTER_BOUND('',#6632,.T.);
#6632=EDGE_LOOP('',(#11888));
#6633=CYLINDRICAL_SURFACE('',#6634,0.66);
#6634=AXIS2_PLACEMENT_3D('',#6635,#6636,#6637);
#6635=CARTESIAN_POINT('',(10.16,0.,1.5));
#6636=DIRECTION('',(0.,0.,1.));
#6637=DIRECTION('',(1.,0.,0.));
#6638=FACE_OUTER_BOUND('',#6639,.T.);
#6639=EDGE_LOOP('',(#11889));
#6640=FACE_OUTER_BOUND('',#6641,.T.);
#6641=EDGE_LOOP('',(#11890));
#6642=CYLINDRICAL_SURFACE('',#6643,0.66);
#6643=AXIS2_PLACEMENT_3D('',#6644,#6645,#6646);
#6644=CARTESIAN_POINT('',(7.62,0.,1.5));
#6645=DIRECTION('',(0.,0.,1.));
#6646=DIRECTION('',(1.,0.,0.));
#6647=FACE_OUTER_BOUND('',#6648,.T.);
#6648=EDGE_LOOP('',(#11891));
#6649=FACE_OUTER_BOUND('',#6650,.T.);
#6650=EDGE_LOOP('',(#11892));
#6651=CYLINDRICAL_SURFACE('',#6652,0.66);
#6652=AXIS2_PLACEMENT_3D('',#6653,#6654,#6655);
#6653=CARTESIAN_POINT('',(5.08,0.,1.5));
#6654=DIRECTION('',(0.,0.,1.));
#6655=DIRECTION('',(1.,0.,0.));
#6656=FACE_OUTER_BOUND('',#6657,.T.);
#6657=EDGE_LOOP('',(#11893));
#6658=FACE_OUTER_BOUND('',#6659,.T.);
#6659=EDGE_LOOP('',(#11894));
#6660=CYLINDRICAL_SURFACE('',#6661,0.66);
#6661=AXIS2_PLACEMENT_3D('',#6662,#6663,#6664);
#6662=CARTESIAN_POINT('',(2.54,0.,1.5));
#6663=DIRECTION('',(0.,0.,1.));
#6664=DIRECTION('',(1.,0.,0.));
#6665=FACE_BOUND('',#6666,.T.);
#6666=EDGE_LOOP('',(#11895,#11896,#11897,#11898,#11899,#11900,#11901,#11902,#11903,
#11904,#11905,#11906,#11907,#11908,#11909,#11910,#11911,#11912,#11913,#11914,#11915,
#11916,#11917,#11918,#11919,#11920,#11921,#11922,#11923,#11924,#11925,#11926,#11927,
#11928,#11929,#11930,#11931,#11932,#11933,#11934,#11935,#11936,#11937,#11938,#11939,
#11940,#11941,#11942,#11943,#11944,#11945,#11946,#11947,#11948,#11949,#11950,#11951,
#11952,#11953,#11954,#11955,#11956,#11957,#11958,#11959,#11960,#11961,#11962,#11963,
#11964,#11965,#11966,#11967,#11968,#11969,#11970,#11971,#11972,#11973,#11974,#11975,
#11976,#11977,#11978,#11979,#11980,#11981,#11982,#11983,#11984,#11985,#11986,#11987,
#11988,#11989,#11990,#11991,#11992,#11993,#11994,#11995,#11996,#11997,#11998,#11999,
#12000,#12001,#12002,#12003,#12004,#12005,#12006,#12007,#12008,#12009,#12010,#12011,
#12012,#12013,#12014,#12015,#12016,#12017,#12018,#12019,#12020,#12021,#12022,#12023,
#12024,#12025,#12026,#12027,#12028,#12029,#12030,#12031,#12032,#12033,#12034,#12035,
#12036,#12037,#12038,#12039,#12040,#12041,#12042,#12043,#12044,#12045,#12046,#12047,
#12048,#12049,#12050,#12051,#12052,#12053,#12054,#12055,#12056,#12057,#12058,#12059,
#12060,#12061,#12062,#12063,#12064,#12065,#12066,#12067,#12068,#12069,#12070,#12071,
#12072,#12073,#12074,#12075,#12076,#12077,#12078,#12079,#12080,#12081,#12082,#12083,
#12084,#12085,#12086,#12087,#12088,#12089,#12090,#12091,#12092,#12093,#12094,#12095,
#12096,#12097,#12098,#12099,#12100,#12101,#12102,#12103,#12104,#12105,#12106,#12107,
#12108,#12109,#12110,#12111,#12112,#12113,#12114,#12115,#12116,#12117,#12118,#12119,
#12120,#12121,#12122,#12123,#12124,#12125,#12126,#12127,#12128,#12129,#12130,#12131,
#12132,#12133,#12134,#12135,#12136,#12137,#12138,#12139,#12140,#12141,#12142,#12143,
#12144,#12145,#12146,#12147,#12148,#12149,#12150,#12151,#12152,#12153,#12154,#12155,
#12156,#12157,#12158,#12159,#12160,#12161,#12162));
#6667=FACE_BOUND('',#6668,.T.);
#6668=EDGE_LOOP('',(#12163));
#6669=FACE_BOUND('',#6670,.T.);
#6670=EDGE_LOOP('',(#12164));
#6671=FACE_BOUND('',#6672,.T.);
#6672=EDGE_LOOP('',(#12165));
#6673=FACE_BOUND('',#6674,.T.);
#6674=EDGE_LOOP('',(#12166));
#6675=FACE_BOUND('',#6676,.T.);
#6676=EDGE_LOOP('',(#12167));
#6677=FACE_BOUND('',#6678,.T.);
#6678=EDGE_LOOP('',(#12168));
#6679=FACE_BOUND('',#6680,.T.);
#6680=EDGE_LOOP('',(#12169));
#6681=FACE_BOUND('',#6682,.T.);
#6682=EDGE_LOOP('',(#12170));
#6683=FACE_BOUND('',#6684,.T.);
#6684=EDGE_LOOP('',(#12171));
#6685=FACE_BOUND('',#6686,.T.);
#6686=EDGE_LOOP('',(#12172));
#6687=FACE_BOUND('',#6688,.T.);
#6688=EDGE_LOOP('',(#12173));
#6689=FACE_BOUND('',#6690,.T.);
#6690=EDGE_LOOP('',(#12174));
#6691=FACE_BOUND('',#6692,.T.);
#6692=EDGE_LOOP('',(#12175));
#6693=FACE_BOUND('',#6694,.T.);
#6694=EDGE_LOOP('',(#12176));
#6695=FACE_BOUND('',#6696,.T.);
#6696=EDGE_LOOP('',(#12177));
#6697=FACE_BOUND('',#6698,.T.);
#6698=EDGE_LOOP('',(#12178));
#6699=FACE_BOUND('',#6700,.T.);
#6700=EDGE_LOOP('',(#12179));
#6701=FACE_BOUND('',#6702,.T.);
#6702=EDGE_LOOP('',(#12180));
#6703=FACE_BOUND('',#6704,.T.);
#6704=EDGE_LOOP('',(#12181));
#6705=FACE_BOUND('',#6706,.T.);
#6706=EDGE_LOOP('',(#12182));
#6707=FACE_BOUND('',#6708,.T.);
#6708=EDGE_LOOP('',(#12183));
#6709=FACE_BOUND('',#6710,.T.);
#6710=EDGE_LOOP('',(#12184));
#6711=FACE_BOUND('',#6712,.T.);
#6712=EDGE_LOOP('',(#12185));
#6713=FACE_BOUND('',#6714,.T.);
#6714=EDGE_LOOP('',(#12186));
#6715=FACE_BOUND('',#6716,.T.);
#6716=EDGE_LOOP('',(#12187));
#6717=FACE_BOUND('',#6718,.T.);
#6718=EDGE_LOOP('',(#12188));
#6719=FACE_BOUND('',#6720,.T.);
#6720=EDGE_LOOP('',(#12189));
#6721=FACE_BOUND('',#6722,.T.);
#6722=EDGE_LOOP('',(#12190));
#6723=FACE_BOUND('',#6724,.T.);
#6724=EDGE_LOOP('',(#12191));
#6725=FACE_BOUND('',#6726,.T.);
#6726=EDGE_LOOP('',(#12192));
#6727=FACE_BOUND('',#6728,.T.);
#6728=EDGE_LOOP('',(#12193));
#6729=FACE_BOUND('',#6730,.T.);
#6730=EDGE_LOOP('',(#12194));
#6731=FACE_BOUND('',#6732,.T.);
#6732=EDGE_LOOP('',(#12195));
#6733=PLANE('',#6734);
#6734=AXIS2_PLACEMENT_3D('',#6735,#6736,#6737);
#6735=CARTESIAN_POINT('',(0.,0.,4.5));
#6736=DIRECTION('',(0.,0.,1.));
#6737=DIRECTION('',(1.,0.,0.));
#6738=FACE_BOUND('',#6739,.T.);
#6739=EDGE_LOOP('',(#12196));
#6740=FACE_BOUND('',#6741,.T.);
#6741=EDGE_LOOP('',(#12197));
#6742=PLANE('',#6743);
#6743=AXIS2_PLACEMENT_3D('',#6744,#6745,#6746);
#6744=CARTESIAN_POINT('',(81.28,0.,4.));
#6745=DIRECTION('',(0.,0.,1.));
#6746=DIRECTION('',(1.,0.,0.));
#6747=FACE_OUTER_BOUND('',#6748,.T.);
#6748=EDGE_LOOP('',(#12198));
#6749=FACE_OUTER_BOUND('',#6750,.T.);
#6750=EDGE_LOOP('',(#12199));
#6751=CYLINDRICAL_SURFACE('',#6752,0.9);
#6752=AXIS2_PLACEMENT_3D('',#6753,#6754,#6755);
#6753=CARTESIAN_POINT('',(81.28,0.,4.));
#6754=DIRECTION('',(0.,0.,1.));
#6755=DIRECTION('',(1.,0.,0.));
#6756=FACE_BOUND('',#6757,.T.);
#6757=EDGE_LOOP('',(#12200));
#6758=FACE_BOUND('',#6759,.T.);
#6759=EDGE_LOOP('',(#12201));
#6760=PLANE('',#6761);
#6761=AXIS2_PLACEMENT_3D('',#6762,#6763,#6764);
#6762=CARTESIAN_POINT('',(78.74,0.,4.));
#6763=DIRECTION('',(0.,0.,1.));
#6764=DIRECTION('',(1.,0.,0.));
#6765=FACE_OUTER_BOUND('',#6766,.T.);
#6766=EDGE_LOOP('',(#12202));
#6767=FACE_OUTER_BOUND('',#6768,.T.);
#6768=EDGE_LOOP('',(#12203));
#6769=CYLINDRICAL_SURFACE('',#6770,0.9);
#6770=AXIS2_PLACEMENT_3D('',#6771,#6772,#6773);
#6771=CARTESIAN_POINT('',(78.74,0.,4.));
#6772=DIRECTION('',(0.,0.,1.));
#6773=DIRECTION('',(1.,0.,0.));
#6774=FACE_BOUND('',#6775,.T.);
#6775=EDGE_LOOP('',(#12204));
#6776=FACE_BOUND('',#6777,.T.);
#6777=EDGE_LOOP('',(#12205));
#6778=PLANE('',#6779);
#6779=AXIS2_PLACEMENT_3D('',#6780,#6781,#6782);
#6780=CARTESIAN_POINT('',(76.2,0.,4.));
#6781=DIRECTION('',(0.,0.,1.));
#6782=DIRECTION('',(1.,0.,0.));
#6783=FACE_OUTER_BOUND('',#6784,.T.);
#6784=EDGE_LOOP('',(#12206));
#6785=FACE_OUTER_BOUND('',#6786,.T.);
#6786=EDGE_LOOP('',(#12207));
#6787=CYLINDRICAL_SURFACE('',#6788,0.9);
#6788=AXIS2_PLACEMENT_3D('',#6789,#6790,#6791);
#6789=CARTESIAN_POINT('',(76.2,0.,4.));
#6790=DIRECTION('',(0.,0.,1.));
#6791=DIRECTION('',(1.,0.,0.));
#6792=FACE_BOUND('',#6793,.T.);
#6793=EDGE_LOOP('',(#12208));
#6794=FACE_BOUND('',#6795,.T.);
#6795=EDGE_LOOP('',(#12209));
#6796=PLANE('',#6797);
#6797=AXIS2_PLACEMENT_3D('',#6798,#6799,#6800);
#6798=CARTESIAN_POINT('',(73.66,0.,4.));
#6799=DIRECTION('',(0.,0.,1.));
#6800=DIRECTION('',(1.,0.,0.));
#6801=FACE_OUTER_BOUND('',#6802,.T.);
#6802=EDGE_LOOP('',(#12210));
#6803=FACE_OUTER_BOUND('',#6804,.T.);
#6804=EDGE_LOOP('',(#12211));
#6805=CYLINDRICAL_SURFACE('',#6806,0.9);
#6806=AXIS2_PLACEMENT_3D('',#6807,#6808,#6809);
#6807=CARTESIAN_POINT('',(73.66,0.,4.));
#6808=DIRECTION('',(0.,0.,1.));
#6809=DIRECTION('',(1.,0.,0.));
#6810=FACE_BOUND('',#6811,.T.);
#6811=EDGE_LOOP('',(#12212));
#6812=FACE_BOUND('',#6813,.T.);
#6813=EDGE_LOOP('',(#12213));
#6814=PLANE('',#6815);
#6815=AXIS2_PLACEMENT_3D('',#6816,#6817,#6818);
#6816=CARTESIAN_POINT('',(71.12,0.,4.));
#6817=DIRECTION('',(0.,0.,1.));
#6818=DIRECTION('',(1.,0.,0.));
#6819=FACE_OUTER_BOUND('',#6820,.T.);
#6820=EDGE_LOOP('',(#12214));
#6821=FACE_OUTER_BOUND('',#6822,.T.);
#6822=EDGE_LOOP('',(#12215));
#6823=CYLINDRICAL_SURFACE('',#6824,0.9);
#6824=AXIS2_PLACEMENT_3D('',#6825,#6826,#6827);
#6825=CARTESIAN_POINT('',(71.12,0.,4.));
#6826=DIRECTION('',(0.,0.,1.));
#6827=DIRECTION('',(1.,0.,0.));
#6828=FACE_BOUND('',#6829,.T.);
#6829=EDGE_LOOP('',(#12216));
#6830=FACE_BOUND('',#6831,.T.);
#6831=EDGE_LOOP('',(#12217));
#6832=PLANE('',#6833);
#6833=AXIS2_PLACEMENT_3D('',#6834,#6835,#6836);
#6834=CARTESIAN_POINT('',(68.58,0.,4.));
#6835=DIRECTION('',(0.,0.,1.));
#6836=DIRECTION('',(1.,0.,0.));
#6837=FACE_OUTER_BOUND('',#6838,.T.);
#6838=EDGE_LOOP('',(#12218));
#6839=FACE_OUTER_BOUND('',#6840,.T.);
#6840=EDGE_LOOP('',(#12219));
#6841=CYLINDRICAL_SURFACE('',#6842,0.9);
#6842=AXIS2_PLACEMENT_3D('',#6843,#6844,#6845);
#6843=CARTESIAN_POINT('',(68.58,0.,4.));
#6844=DIRECTION('',(0.,0.,1.));
#6845=DIRECTION('',(1.,0.,0.));
#6846=FACE_BOUND('',#6847,.T.);
#6847=EDGE_LOOP('',(#12220));
#6848=FACE_BOUND('',#6849,.T.);
#6849=EDGE_LOOP('',(#12221));
#6850=PLANE('',#6851);
#6851=AXIS2_PLACEMENT_3D('',#6852,#6853,#6854);
#6852=CARTESIAN_POINT('',(66.04,0.,4.));
#6853=DIRECTION('',(0.,0.,1.));
#6854=DIRECTION('',(1.,0.,0.));
#6855=FACE_OUTER_BOUND('',#6856,.T.);
#6856=EDGE_LOOP('',(#12222));
#6857=FACE_OUTER_BOUND('',#6858,.T.);
#6858=EDGE_LOOP('',(#12223));
#6859=CYLINDRICAL_SURFACE('',#6860,0.9);
#6860=AXIS2_PLACEMENT_3D('',#6861,#6862,#6863);
#6861=CARTESIAN_POINT('',(66.04,0.,4.));
#6862=DIRECTION('',(0.,0.,1.));
#6863=DIRECTION('',(1.,0.,0.));
#6864=FACE_BOUND('',#6865,.T.);
#6865=EDGE_LOOP('',(#12224));
#6866=FACE_BOUND('',#6867,.T.);
#6867=EDGE_LOOP('',(#12225));
#6868=PLANE('',#6869);
#6869=AXIS2_PLACEMENT_3D('',#6870,#6871,#6872);
#6870=CARTESIAN_POINT('',(63.5,0.,4.));
#6871=DIRECTION('',(0.,0.,1.));
#6872=DIRECTION('',(1.,0.,0.));
#6873=FACE_OUTER_BOUND('',#6874,.T.);
#6874=EDGE_LOOP('',(#12226));
#6875=FACE_OUTER_BOUND('',#6876,.T.);
#6876=EDGE_LOOP('',(#12227));
#6877=CYLINDRICAL_SURFACE('',#6878,0.9);
#6878=AXIS2_PLACEMENT_3D('',#6879,#6880,#6881);
#6879=CARTESIAN_POINT('',(63.5,0.,4.));
#6880=DIRECTION('',(0.,0.,1.));
#6881=DIRECTION('',(1.,0.,0.));
#6882=FACE_BOUND('',#6883,.T.);
#6883=EDGE_LOOP('',(#12228));
#6884=FACE_BOUND('',#6885,.T.);
#6885=EDGE_LOOP('',(#12229));
#6886=PLANE('',#6887);
#6887=AXIS2_PLACEMENT_3D('',#6888,#6889,#6890);
#6888=CARTESIAN_POINT('',(60.96,0.,4.));
#6889=DIRECTION('',(0.,0.,1.));
#6890=DIRECTION('',(1.,0.,0.));
#6891=FACE_OUTER_BOUND('',#6892,.T.);
#6892=EDGE_LOOP('',(#12230));
#6893=FACE_OUTER_BOUND('',#6894,.T.);
#6894=EDGE_LOOP('',(#12231));
#6895=CYLINDRICAL_SURFACE('',#6896,0.9);
#6896=AXIS2_PLACEMENT_3D('',#6897,#6898,#6899);
#6897=CARTESIAN_POINT('',(60.96,0.,4.));
#6898=DIRECTION('',(0.,0.,1.));
#6899=DIRECTION('',(1.,0.,0.));
#6900=FACE_BOUND('',#6901,.T.);
#6901=EDGE_LOOP('',(#12232));
#6902=FACE_BOUND('',#6903,.T.);
#6903=EDGE_LOOP('',(#12233));
#6904=PLANE('',#6905);
#6905=AXIS2_PLACEMENT_3D('',#6906,#6907,#6908);
#6906=CARTESIAN_POINT('',(58.42,0.,4.));
#6907=DIRECTION('',(0.,0.,1.));
#6908=DIRECTION('',(1.,0.,0.));
#6909=FACE_OUTER_BOUND('',#6910,.T.);
#6910=EDGE_LOOP('',(#12234));
#6911=FACE_OUTER_BOUND('',#6912,.T.);
#6912=EDGE_LOOP('',(#12235));
#6913=CYLINDRICAL_SURFACE('',#6914,0.9);
#6914=AXIS2_PLACEMENT_3D('',#6915,#6916,#6917);
#6915=CARTESIAN_POINT('',(58.42,0.,4.));
#6916=DIRECTION('',(0.,0.,1.));
#6917=DIRECTION('',(1.,0.,0.));
#6918=FACE_BOUND('',#6919,.T.);
#6919=EDGE_LOOP('',(#12236));
#6920=FACE_BOUND('',#6921,.T.);
#6921=EDGE_LOOP('',(#12237));
#6922=PLANE('',#6923);
#6923=AXIS2_PLACEMENT_3D('',#6924,#6925,#6926);
#6924=CARTESIAN_POINT('',(55.88,0.,4.));
#6925=DIRECTION('',(0.,0.,1.));
#6926=DIRECTION('',(1.,0.,0.));
#6927=FACE_OUTER_BOUND('',#6928,.T.);
#6928=EDGE_LOOP('',(#12238));
#6929=FACE_OUTER_BOUND('',#6930,.T.);
#6930=EDGE_LOOP('',(#12239));
#6931=CYLINDRICAL_SURFACE('',#6932,0.9);
#6932=AXIS2_PLACEMENT_3D('',#6933,#6934,#6935);
#6933=CARTESIAN_POINT('',(55.88,0.,4.));
#6934=DIRECTION('',(0.,0.,1.));
#6935=DIRECTION('',(1.,0.,0.));
#6936=FACE_BOUND('',#6937,.T.);
#6937=EDGE_LOOP('',(#12240));
#6938=FACE_BOUND('',#6939,.T.);
#6939=EDGE_LOOP('',(#12241));
#6940=PLANE('',#6941);
#6941=AXIS2_PLACEMENT_3D('',#6942,#6943,#6944);
#6942=CARTESIAN_POINT('',(53.34,0.,4.));
#6943=DIRECTION('',(0.,0.,1.));
#6944=DIRECTION('',(1.,0.,0.));
#6945=FACE_OUTER_BOUND('',#6946,.T.);
#6946=EDGE_LOOP('',(#12242));
#6947=FACE_OUTER_BOUND('',#6948,.T.);
#6948=EDGE_LOOP('',(#12243));
#6949=CYLINDRICAL_SURFACE('',#6950,0.9);
#6950=AXIS2_PLACEMENT_3D('',#6951,#6952,#6953);
#6951=CARTESIAN_POINT('',(53.34,0.,4.));
#6952=DIRECTION('',(0.,0.,1.));
#6953=DIRECTION('',(1.,0.,0.));
#6954=FACE_BOUND('',#6955,.T.);
#6955=EDGE_LOOP('',(#12244));
#6956=FACE_BOUND('',#6957,.T.);
#6957=EDGE_LOOP('',(#12245));
#6958=PLANE('',#6959);
#6959=AXIS2_PLACEMENT_3D('',#6960,#6961,#6962);
#6960=CARTESIAN_POINT('',(50.8,0.,4.));
#6961=DIRECTION('',(0.,0.,1.));
#6962=DIRECTION('',(1.,0.,0.));
#6963=FACE_OUTER_BOUND('',#6964,.T.);
#6964=EDGE_LOOP('',(#12246));
#6965=FACE_OUTER_BOUND('',#6966,.T.);
#6966=EDGE_LOOP('',(#12247));
#6967=CYLINDRICAL_SURFACE('',#6968,0.9);
#6968=AXIS2_PLACEMENT_3D('',#6969,#6970,#6971);
#6969=CARTESIAN_POINT('',(50.8,0.,4.));
#6970=DIRECTION('',(0.,0.,1.));
#6971=DIRECTION('',(1.,0.,0.));
#6972=FACE_BOUND('',#6973,.T.);
#6973=EDGE_LOOP('',(#12248));
#6974=FACE_BOUND('',#6975,.T.);
#6975=EDGE_LOOP('',(#12249));
#6976=PLANE('',#6977);
#6977=AXIS2_PLACEMENT_3D('',#6978,#6979,#6980);
#6978=CARTESIAN_POINT('',(48.26,0.,4.));
#6979=DIRECTION('',(0.,0.,1.));
#6980=DIRECTION('',(1.,0.,0.));
#6981=FACE_OUTER_BOUND('',#6982,.T.);
#6982=EDGE_LOOP('',(#12250));
#6983=FACE_OUTER_BOUND('',#6984,.T.);
#6984=EDGE_LOOP('',(#12251));
#6985=CYLINDRICAL_SURFACE('',#6986,0.9);
#6986=AXIS2_PLACEMENT_3D('',#6987,#6988,#6989);
#6987=CARTESIAN_POINT('',(48.26,0.,4.));
#6988=DIRECTION('',(0.,0.,1.));
#6989=DIRECTION('',(1.,0.,0.));
#6990=FACE_BOUND('',#6991,.T.);
#6991=EDGE_LOOP('',(#12252));
#6992=FACE_BOUND('',#6993,.T.);
#6993=EDGE_LOOP('',(#12253));
#6994=PLANE('',#6995);
#6995=AXIS2_PLACEMENT_3D('',#6996,#6997,#6998);
#6996=CARTESIAN_POINT('',(45.72,0.,4.));
#6997=DIRECTION('',(0.,0.,1.));
#6998=DIRECTION('',(1.,0.,0.));
#6999=FACE_OUTER_BOUND('',#7000,.T.);
#7000=EDGE_LOOP('',(#12254));
#7001=FACE_OUTER_BOUND('',#7002,.T.);
#7002=EDGE_LOOP('',(#12255));
#7003=CYLINDRICAL_SURFACE('',#7004,0.9);
#7004=AXIS2_PLACEMENT_3D('',#7005,#7006,#7007);
#7005=CARTESIAN_POINT('',(45.72,0.,4.));
#7006=DIRECTION('',(0.,0.,1.));
#7007=DIRECTION('',(1.,0.,0.));
#7008=FACE_BOUND('',#7009,.T.);
#7009=EDGE_LOOP('',(#12256));
#7010=FACE_BOUND('',#7011,.T.);
#7011=EDGE_LOOP('',(#12257));
#7012=PLANE('',#7013);
#7013=AXIS2_PLACEMENT_3D('',#7014,#7015,#7016);
#7014=CARTESIAN_POINT('',(43.18,0.,4.));
#7015=DIRECTION('',(0.,0.,1.));
#7016=DIRECTION('',(1.,0.,0.));
#7017=FACE_OUTER_BOUND('',#7018,.T.);
#7018=EDGE_LOOP('',(#12258));
#7019=FACE_OUTER_BOUND('',#7020,.T.);
#7020=EDGE_LOOP('',(#12259));
#7021=CYLINDRICAL_SURFACE('',#7022,0.9);
#7022=AXIS2_PLACEMENT_3D('',#7023,#7024,#7025);
#7023=CARTESIAN_POINT('',(43.18,0.,4.));
#7024=DIRECTION('',(0.,0.,1.));
#7025=DIRECTION('',(1.,0.,0.));
#7026=FACE_BOUND('',#7027,.T.);
#7027=EDGE_LOOP('',(#12260));
#7028=FACE_BOUND('',#7029,.T.);
#7029=EDGE_LOOP('',(#12261));
#7030=PLANE('',#7031);
#7031=AXIS2_PLACEMENT_3D('',#7032,#7033,#7034);
#7032=CARTESIAN_POINT('',(40.64,0.,4.));
#7033=DIRECTION('',(0.,0.,1.));
#7034=DIRECTION('',(1.,0.,0.));
#7035=FACE_OUTER_BOUND('',#7036,.T.);
#7036=EDGE_LOOP('',(#12262));
#7037=FACE_OUTER_BOUND('',#7038,.T.);
#7038=EDGE_LOOP('',(#12263));
#7039=CYLINDRICAL_SURFACE('',#7040,0.9);
#7040=AXIS2_PLACEMENT_3D('',#7041,#7042,#7043);
#7041=CARTESIAN_POINT('',(40.64,0.,4.));
#7042=DIRECTION('',(0.,0.,1.));
#7043=DIRECTION('',(1.,0.,0.));
#7044=FACE_BOUND('',#7045,.T.);
#7045=EDGE_LOOP('',(#12264));
#7046=FACE_BOUND('',#7047,.T.);
#7047=EDGE_LOOP('',(#12265));
#7048=PLANE('',#7049);
#7049=AXIS2_PLACEMENT_3D('',#7050,#7051,#7052);
#7050=CARTESIAN_POINT('',(38.1,0.,4.));
#7051=DIRECTION('',(0.,0.,1.));
#7052=DIRECTION('',(1.,0.,0.));
#7053=FACE_OUTER_BOUND('',#7054,.T.);
#7054=EDGE_LOOP('',(#12266));
#7055=FACE_OUTER_BOUND('',#7056,.T.);
#7056=EDGE_LOOP('',(#12267));
#7057=CYLINDRICAL_SURFACE('',#7058,0.9);
#7058=AXIS2_PLACEMENT_3D('',#7059,#7060,#7061);
#7059=CARTESIAN_POINT('',(38.1,0.,4.));
#7060=DIRECTION('',(0.,0.,1.));
#7061=DIRECTION('',(1.,0.,0.));
#7062=FACE_BOUND('',#7063,.T.);
#7063=EDGE_LOOP('',(#12268));
#7064=FACE_BOUND('',#7065,.T.);
#7065=EDGE_LOOP('',(#12269));
#7066=PLANE('',#7067);
#7067=AXIS2_PLACEMENT_3D('',#7068,#7069,#7070);
#7068=CARTESIAN_POINT('',(35.56,0.,4.));
#7069=DIRECTION('',(0.,0.,1.));
#7070=DIRECTION('',(1.,0.,0.));
#7071=FACE_OUTER_BOUND('',#7072,.T.);
#7072=EDGE_LOOP('',(#12270));
#7073=FACE_OUTER_BOUND('',#7074,.T.);
#7074=EDGE_LOOP('',(#12271));
#7075=CYLINDRICAL_SURFACE('',#7076,0.9);
#7076=AXIS2_PLACEMENT_3D('',#7077,#7078,#7079);
#7077=CARTESIAN_POINT('',(35.56,0.,4.));
#7078=DIRECTION('',(0.,0.,1.));
#7079=DIRECTION('',(1.,0.,0.));
#7080=FACE_BOUND('',#7081,.T.);
#7081=EDGE_LOOP('',(#12272));
#7082=FACE_BOUND('',#7083,.T.);
#7083=EDGE_LOOP('',(#12273));
#7084=PLANE('',#7085);
#7085=AXIS2_PLACEMENT_3D('',#7086,#7087,#7088);
#7086=CARTESIAN_POINT('',(33.02,0.,4.));
#7087=DIRECTION('',(0.,0.,1.));
#7088=DIRECTION('',(1.,0.,0.));
#7089=FACE_OUTER_BOUND('',#7090,.T.);
#7090=EDGE_LOOP('',(#12274));
#7091=FACE_OUTER_BOUND('',#7092,.T.);
#7092=EDGE_LOOP('',(#12275));
#7093=CYLINDRICAL_SURFACE('',#7094,0.9);
#7094=AXIS2_PLACEMENT_3D('',#7095,#7096,#7097);
#7095=CARTESIAN_POINT('',(33.02,0.,4.));
#7096=DIRECTION('',(0.,0.,1.));
#7097=DIRECTION('',(1.,0.,0.));
#7098=FACE_BOUND('',#7099,.T.);
#7099=EDGE_LOOP('',(#12276));
#7100=FACE_BOUND('',#7101,.T.);
#7101=EDGE_LOOP('',(#12277));
#7102=PLANE('',#7103);
#7103=AXIS2_PLACEMENT_3D('',#7104,#7105,#7106);
#7104=CARTESIAN_POINT('',(30.48,0.,4.));
#7105=DIRECTION('',(0.,0.,1.));
#7106=DIRECTION('',(1.,0.,0.));
#7107=FACE_OUTER_BOUND('',#7108,.T.);
#7108=EDGE_LOOP('',(#12278));
#7109=FACE_OUTER_BOUND('',#7110,.T.);
#7110=EDGE_LOOP('',(#12279));
#7111=CYLINDRICAL_SURFACE('',#7112,0.9);
#7112=AXIS2_PLACEMENT_3D('',#7113,#7114,#7115);
#7113=CARTESIAN_POINT('',(30.48,0.,4.));
#7114=DIRECTION('',(0.,0.,1.));
#7115=DIRECTION('',(1.,0.,0.));
#7116=FACE_BOUND('',#7117,.T.);
#7117=EDGE_LOOP('',(#12280));
#7118=FACE_BOUND('',#7119,.T.);
#7119=EDGE_LOOP('',(#12281));
#7120=PLANE('',#7121);
#7121=AXIS2_PLACEMENT_3D('',#7122,#7123,#7124);
#7122=CARTESIAN_POINT('',(27.94,0.,4.));
#7123=DIRECTION('',(0.,0.,1.));
#7124=DIRECTION('',(1.,0.,0.));
#7125=FACE_OUTER_BOUND('',#7126,.T.);
#7126=EDGE_LOOP('',(#12282));
#7127=FACE_OUTER_BOUND('',#7128,.T.);
#7128=EDGE_LOOP('',(#12283));
#7129=CYLINDRICAL_SURFACE('',#7130,0.9);
#7130=AXIS2_PLACEMENT_3D('',#7131,#7132,#7133);
#7131=CARTESIAN_POINT('',(27.94,0.,4.));
#7132=DIRECTION('',(0.,0.,1.));
#7133=DIRECTION('',(1.,0.,0.));
#7134=FACE_BOUND('',#7135,.T.);
#7135=EDGE_LOOP('',(#12284));
#7136=FACE_BOUND('',#7137,.T.);
#7137=EDGE_LOOP('',(#12285));
#7138=PLANE('',#7139);
#7139=AXIS2_PLACEMENT_3D('',#7140,#7141,#7142);
#7140=CARTESIAN_POINT('',(25.4,0.,4.));
#7141=DIRECTION('',(0.,0.,1.));
#7142=DIRECTION('',(1.,0.,0.));
#7143=FACE_OUTER_BOUND('',#7144,.T.);
#7144=EDGE_LOOP('',(#12286));
#7145=FACE_OUTER_BOUND('',#7146,.T.);
#7146=EDGE_LOOP('',(#12287));
#7147=CYLINDRICAL_SURFACE('',#7148,0.9);
#7148=AXIS2_PLACEMENT_3D('',#7149,#7150,#7151);
#7149=CARTESIAN_POINT('',(25.4,0.,4.));
#7150=DIRECTION('',(0.,0.,1.));
#7151=DIRECTION('',(1.,0.,0.));
#7152=FACE_BOUND('',#7153,.T.);
#7153=EDGE_LOOP('',(#12288));
#7154=FACE_BOUND('',#7155,.T.);
#7155=EDGE_LOOP('',(#12289));
#7156=PLANE('',#7157);
#7157=AXIS2_PLACEMENT_3D('',#7158,#7159,#7160);
#7158=CARTESIAN_POINT('',(22.86,0.,4.));
#7159=DIRECTION('',(0.,0.,1.));
#7160=DIRECTION('',(1.,0.,0.));
#7161=FACE_OUTER_BOUND('',#7162,.T.);
#7162=EDGE_LOOP('',(#12290));
#7163=FACE_OUTER_BOUND('',#7164,.T.);
#7164=EDGE_LOOP('',(#12291));
#7165=CYLINDRICAL_SURFACE('',#7166,0.9);
#7166=AXIS2_PLACEMENT_3D('',#7167,#7168,#7169);
#7167=CARTESIAN_POINT('',(22.86,0.,4.));
#7168=DIRECTION('',(0.,0.,1.));
#7169=DIRECTION('',(1.,0.,0.));
#7170=FACE_BOUND('',#7171,.T.);
#7171=EDGE_LOOP('',(#12292));
#7172=FACE_BOUND('',#7173,.T.);
#7173=EDGE_LOOP('',(#12293));
#7174=PLANE('',#7175);
#7175=AXIS2_PLACEMENT_3D('',#7176,#7177,#7178);
#7176=CARTESIAN_POINT('',(20.32,0.,4.));
#7177=DIRECTION('',(0.,0.,1.));
#7178=DIRECTION('',(1.,0.,0.));
#7179=FACE_OUTER_BOUND('',#7180,.T.);
#7180=EDGE_LOOP('',(#12294));
#7181=FACE_OUTER_BOUND('',#7182,.T.);
#7182=EDGE_LOOP('',(#12295));
#7183=CYLINDRICAL_SURFACE('',#7184,0.9);
#7184=AXIS2_PLACEMENT_3D('',#7185,#7186,#7187);
#7185=CARTESIAN_POINT('',(20.32,0.,4.));
#7186=DIRECTION('',(0.,0.,1.));
#7187=DIRECTION('',(1.,0.,0.));
#7188=FACE_BOUND('',#7189,.T.);
#7189=EDGE_LOOP('',(#12296));
#7190=FACE_BOUND('',#7191,.T.);
#7191=EDGE_LOOP('',(#12297));
#7192=PLANE('',#7193);
#7193=AXIS2_PLACEMENT_3D('',#7194,#7195,#7196);
#7194=CARTESIAN_POINT('',(17.78,0.,4.));
#7195=DIRECTION('',(0.,0.,1.));
#7196=DIRECTION('',(1.,0.,0.));
#7197=FACE_OUTER_BOUND('',#7198,.T.);
#7198=EDGE_LOOP('',(#12298));
#7199=FACE_OUTER_BOUND('',#7200,.T.);
#7200=EDGE_LOOP('',(#12299));
#7201=CYLINDRICAL_SURFACE('',#7202,0.9);
#7202=AXIS2_PLACEMENT_3D('',#7203,#7204,#7205);
#7203=CARTESIAN_POINT('',(17.78,0.,4.));
#7204=DIRECTION('',(0.,0.,1.));
#7205=DIRECTION('',(1.,0.,0.));
#7206=FACE_BOUND('',#7207,.T.);
#7207=EDGE_LOOP('',(#12300));
#7208=FACE_BOUND('',#7209,.T.);
#7209=EDGE_LOOP('',(#12301));
#7210=PLANE('',#7211);
#7211=AXIS2_PLACEMENT_3D('',#7212,#7213,#7214);
#7212=CARTESIAN_POINT('',(15.24,0.,4.));
#7213=DIRECTION('',(0.,0.,1.));
#7214=DIRECTION('',(1.,0.,0.));
#7215=FACE_OUTER_BOUND('',#7216,.T.);
#7216=EDGE_LOOP('',(#12302));
#7217=FACE_OUTER_BOUND('',#7218,.T.);
#7218=EDGE_LOOP('',(#12303));
#7219=CYLINDRICAL_SURFACE('',#7220,0.9);
#7220=AXIS2_PLACEMENT_3D('',#7221,#7222,#7223);
#7221=CARTESIAN_POINT('',(15.24,0.,4.));
#7222=DIRECTION('',(0.,0.,1.));
#7223=DIRECTION('',(1.,0.,0.));
#7224=FACE_BOUND('',#7225,.T.);
#7225=EDGE_LOOP('',(#12304));
#7226=FACE_BOUND('',#7227,.T.);
#7227=EDGE_LOOP('',(#12305));
#7228=PLANE('',#7229);
#7229=AXIS2_PLACEMENT_3D('',#7230,#7231,#7232);
#7230=CARTESIAN_POINT('',(12.7,0.,4.));
#7231=DIRECTION('',(0.,0.,1.));
#7232=DIRECTION('',(1.,0.,0.));
#7233=FACE_OUTER_BOUND('',#7234,.T.);
#7234=EDGE_LOOP('',(#12306));
#7235=FACE_OUTER_BOUND('',#7236,.T.);
#7236=EDGE_LOOP('',(#12307));
#7237=CYLINDRICAL_SURFACE('',#7238,0.9);
#7238=AXIS2_PLACEMENT_3D('',#7239,#7240,#7241);
#7239=CARTESIAN_POINT('',(12.7,0.,4.));
#7240=DIRECTION('',(0.,0.,1.));
#7241=DIRECTION('',(1.,0.,0.));
#7242=FACE_BOUND('',#7243,.T.);
#7243=EDGE_LOOP('',(#12308));
#7244=FACE_BOUND('',#7245,.T.);
#7245=EDGE_LOOP('',(#12309));
#7246=PLANE('',#7247);
#7247=AXIS2_PLACEMENT_3D('',#7248,#7249,#7250);
#7248=CARTESIAN_POINT('',(10.16,0.,4.));
#7249=DIRECTION('',(0.,0.,1.));
#7250=DIRECTION('',(1.,0.,0.));
#7251=FACE_OUTER_BOUND('',#7252,.T.);
#7252=EDGE_LOOP('',(#12310));
#7253=FACE_OUTER_BOUND('',#7254,.T.);
#7254=EDGE_LOOP('',(#12311));
#7255=CYLINDRICAL_SURFACE('',#7256,0.9);
#7256=AXIS2_PLACEMENT_3D('',#7257,#7258,#7259);
#7257=CARTESIAN_POINT('',(10.16,0.,4.));
#7258=DIRECTION('',(0.,0.,1.));
#7259=DIRECTION('',(1.,0.,0.));
#7260=FACE_BOUND('',#7261,.T.);
#7261=EDGE_LOOP('',(#12312));
#7262=FACE_BOUND('',#7263,.T.);
#7263=EDGE_LOOP('',(#12313));
#7264=PLANE('',#7265);
#7265=AXIS2_PLACEMENT_3D('',#7266,#7267,#7268);
#7266=CARTESIAN_POINT('',(7.62,0.,4.));
#7267=DIRECTION('',(0.,0.,1.));
#7268=DIRECTION('',(1.,0.,0.));
#7269=FACE_OUTER_BOUND('',#7270,.T.);
#7270=EDGE_LOOP('',(#12314));
#7271=FACE_OUTER_BOUND('',#7272,.T.);
#7272=EDGE_LOOP('',(#12315));
#7273=CYLINDRICAL_SURFACE('',#7274,0.9);
#7274=AXIS2_PLACEMENT_3D('',#7275,#7276,#7277);
#7275=CARTESIAN_POINT('',(7.62,0.,4.));
#7276=DIRECTION('',(0.,0.,1.));
#7277=DIRECTION('',(1.,0.,0.));
#7278=FACE_BOUND('',#7279,.T.);
#7279=EDGE_LOOP('',(#12316));
#7280=FACE_BOUND('',#7281,.T.);
#7281=EDGE_LOOP('',(#12317));
#7282=PLANE('',#7283);
#7283=AXIS2_PLACEMENT_3D('',#7284,#7285,#7286);
#7284=CARTESIAN_POINT('',(5.08,0.,4.));
#7285=DIRECTION('',(0.,0.,1.));
#7286=DIRECTION('',(1.,0.,0.));
#7287=FACE_OUTER_BOUND('',#7288,.T.);
#7288=EDGE_LOOP('',(#12318));
#7289=FACE_OUTER_BOUND('',#7290,.T.);
#7290=EDGE_LOOP('',(#12319));
#7291=CYLINDRICAL_SURFACE('',#7292,0.9);
#7292=AXIS2_PLACEMENT_3D('',#7293,#7294,#7295);
#7293=CARTESIAN_POINT('',(5.08,0.,4.));
#7294=DIRECTION('',(0.,0.,1.));
#7295=DIRECTION('',(1.,0.,0.));
#7296=FACE_BOUND('',#7297,.T.);
#7297=EDGE_LOOP('',(#12320));
#7298=FACE_BOUND('',#7299,.T.);
#7299=EDGE_LOOP('',(#12321));
#7300=PLANE('',#7301);
#7301=AXIS2_PLACEMENT_3D('',#7302,#7303,#7304);
#7302=CARTESIAN_POINT('',(2.54,0.,4.));
#7303=DIRECTION('',(0.,0.,1.));
#7304=DIRECTION('',(1.,0.,0.));
#7305=FACE_OUTER_BOUND('',#7306,.T.);
#7306=EDGE_LOOP('',(#12322));
#7307=FACE_OUTER_BOUND('',#7308,.T.);
#7308=EDGE_LOOP('',(#12323));
#7309=CYLINDRICAL_SURFACE('',#7310,0.9);
#7310=AXIS2_PLACEMENT_3D('',#7311,#7312,#7313);
#7311=CARTESIAN_POINT('',(2.54,0.,4.));
#7312=DIRECTION('',(0.,0.,1.));
#7313=DIRECTION('',(1.,0.,0.));
#7314=FACE_BOUND('',#7315,.T.);
#7315=EDGE_LOOP('',(#12324,#12325,#12326,#12327,#12328,#12329,#12330,#12331,#12332,
#12333,#12334,#12335,#12336,#12337,#12338,#12339,#12340,#12341,#12342,#12343,#12344,
#12345,#12346,#12347,#12348,#12349,#12350,#12351,#12352,#12353,#12354,#12355,#12356,
#12357,#12358,#12359,#12360,#12361,#12362,#12363,#12364,#12365,#12366,#12367,#12368,
#12369,#12370,#12371,#12372,#12373,#12374,#12375,#12376,#12377,#12378,#12379,#12380,
#12381,#12382,#12383,#12384,#12385,#12386,#12387,#12388,#12389,#12390,#12391,#12392,
#12393,#12394,#12395,#12396,#12397,#12398,#12399,#12400,#12401,#12402,#12403,#12404,
#12405,#12406,#12407,#12408,#12409,#12410,#12411,#12412,#12413,#12414,#12415,#12416,
#12417,#12418,#12419,#12420,#12421,#12422,#12423,#12424,#12425,#12426,#12427,#12428,
#12429,#12430,#12431,#12432,#12433,#12434,#12435,#12436,#12437,#12438,#12439,#12440,
#12441,#12442,#12443,#12444,#12445,#12446,#12447,#12448,#12449,#12450,#12451,#12452,
#12453,#12454,#12455,#12456,#12457,#12458,#12459,#12460,#12461,#12462,#12463,#12464,
#12465,#12466,#12467,#12468,#12469,#12470,#12471,#12472,#12473,#12474,#12475,#12476,
#12477,#12478,#12479,#12480,#12481,#12482,#12483,#12484,#12485,#12486,#12487,#12488,
#12489,#12490,#12491,#12492,#12493,#12494,#12495,#12496,#12497,#12498,#12499,#12500,
#12501,#12502,#12503,#12504,#12505,#12506,#12507,#12508,#12509,#12510,#12511,#12512,
#12513,#12514,#12515,#12516,#12517,#12518,#12519,#12520,#12521,#12522,#12523,#12524,
#12525,#12526,#12527,#12528,#12529,#12530,#12531,#12532,#12533,#12534,#12535,#12536,
#12537,#12538,#12539,#12540,#12541,#12542,#12543,#12544,#12545,#12546,#12547,#12548,
#12549,#12550,#12551,#12552,#12553,#12554,#12555,#12556,#12557,#12558,#12559,#12560,
#12561,#12562,#12563,#12564,#12565,#12566,#12567,#12568,#12569,#12570,#12571,#12572,
#12573,#12574,#12575,#12576,#12577,#12578,#12579,#12580,#12581,#12582,#12583,#12584,
#12585,#12586,#12587,#12588,#12589,#12590,#12591));
#7316=FACE_BOUND('',#7317,.T.);
#7317=EDGE_LOOP('',(#12592));
#7318=FACE_BOUND('',#7319,.T.);
#7319=EDGE_LOOP('',(#12593));
#7320=FACE_BOUND('',#7321,.T.);
#7321=EDGE_LOOP('',(#12594));
#7322=FACE_BOUND('',#7323,.T.);
#7323=EDGE_LOOP('',(#12595));
#7324=FACE_BOUND('',#7325,.T.);
#7325=EDGE_LOOP('',(#12596));
#7326=FACE_BOUND('',#7327,.T.);
#7327=EDGE_LOOP('',(#12597));
#7328=FACE_BOUND('',#7329,.T.);
#7329=EDGE_LOOP('',(#12598));
#7330=FACE_BOUND('',#7331,.T.);
#7331=EDGE_LOOP('',(#12599));
#7332=FACE_BOUND('',#7333,.T.);
#7333=EDGE_LOOP('',(#12600));
#7334=FACE_BOUND('',#7335,.T.);
#7335=EDGE_LOOP('',(#12601));
#7336=FACE_BOUND('',#7337,.T.);
#7337=EDGE_LOOP('',(#12602));
#7338=FACE_BOUND('',#7339,.T.);
#7339=EDGE_LOOP('',(#12603));
#7340=FACE_BOUND('',#7341,.T.);
#7341=EDGE_LOOP('',(#12604));
#7342=FACE_BOUND('',#7343,.T.);
#7343=EDGE_LOOP('',(#12605));
#7344=FACE_BOUND('',#7345,.T.);
#7345=EDGE_LOOP('',(#12606));
#7346=FACE_BOUND('',#7347,.T.);
#7347=EDGE_LOOP('',(#12607));
#7348=FACE_BOUND('',#7349,.T.);
#7349=EDGE_LOOP('',(#12608));
#7350=FACE_BOUND('',#7351,.T.);
#7351=EDGE_LOOP('',(#12609));
#7352=FACE_BOUND('',#7353,.T.);
#7353=EDGE_LOOP('',(#12610));
#7354=FACE_BOUND('',#7355,.T.);
#7355=EDGE_LOOP('',(#12611));
#7356=FACE_BOUND('',#7357,.T.);
#7357=EDGE_LOOP('',(#12612));
#7358=FACE_BOUND('',#7359,.T.);
#7359=EDGE_LOOP('',(#12613));
#7360=FACE_BOUND('',#7361,.T.);
#7361=EDGE_LOOP('',(#12614));
#7362=FACE_BOUND('',#7363,.T.);
#7363=EDGE_LOOP('',(#12615));
#7364=FACE_BOUND('',#7365,.T.);
#7365=EDGE_LOOP('',(#12616));
#7366=FACE_BOUND('',#7367,.T.);
#7367=EDGE_LOOP('',(#12617));
#7368=FACE_BOUND('',#7369,.T.);
#7369=EDGE_LOOP('',(#12618));
#7370=FACE_BOUND('',#7371,.T.);
#7371=EDGE_LOOP('',(#12619));
#7372=FACE_BOUND('',#7373,.T.);
#7373=EDGE_LOOP('',(#12620));
#7374=FACE_BOUND('',#7375,.T.);
#7375=EDGE_LOOP('',(#12621));
#7376=FACE_BOUND('',#7377,.T.);
#7377=EDGE_LOOP('',(#12622));
#7378=FACE_BOUND('',#7379,.T.);
#7379=EDGE_LOOP('',(#12623));
#7380=FACE_BOUND('',#7381,.T.);
#7381=EDGE_LOOP('',(#12624));
#7382=PLANE('',#7383);
#7383=AXIS2_PLACEMENT_3D('',#7384,#7385,#7386);
#7384=CARTESIAN_POINT('',(0.,0.,1.5));
#7385=DIRECTION('',(0.,0.,1.));
#7386=DIRECTION('',(1.,0.,0.));
#7387=FACE_BOUND('',#7388,.T.);
#7388=EDGE_LOOP('',(#12625,#12626,#12627,#12628));
#7389=PLANE('',#7390);
#7390=AXIS2_PLACEMENT_3D('',#7391,#7392,#7393);
#7391=CARTESIAN_POINT('',(-1.27,-0.75,1.5));
#7392=DIRECTION('',(0.,-1.,0.));
#7393=DIRECTION('',(1.,0.,0.));
#7394=FACE_BOUND('',#7395,.T.);
#7395=EDGE_LOOP('',(#12629,#12630,#12631,#12632));
#7396=PLANE('',#7397);
#7397=AXIS2_PLACEMENT_3D('',#7398,#7399,#7400);
#7398=CARTESIAN_POINT('',(-1.12,-0.75,1.5));
#7399=DIRECTION('',(-0.866025403784438,-0.5,0.));
#7400=DIRECTION('',(0.5,-0.866025403784438,0.));
#7401=FACE_BOUND('',#7402,.T.);
#7402=EDGE_LOOP('',(#12633,#12634,#12635,#12636));
#7403=PLANE('',#7404);
#7404=AXIS2_PLACEMENT_3D('',#7405,#7406,#7407);
#7405=CARTESIAN_POINT('',(-0.819777860021394,-1.27,1.5));
#7406=DIRECTION('',(0.,-1.,0.));
#7407=DIRECTION('',(1.,0.,0.));
#7408=FACE_BOUND('',#7409,.T.);
#7409=EDGE_LOOP('',(#12637,#12638,#12639,#12640));
#7410=PLANE('',#7411);
#7411=AXIS2_PLACEMENT_3D('',#7412,#7413,#7414);
#7412=CARTESIAN_POINT('',(0.819777860021395,-1.27,1.5));
#7413=DIRECTION('',(0.866025403784439,-0.5,0.));
#7414=DIRECTION('',(0.5,0.866025403784439,0.));
#7415=FACE_BOUND('',#7416,.T.);
#7416=EDGE_LOOP('',(#12641,#12642,#12643,#12644));
#7417=PLANE('',#7418);
#7418=AXIS2_PLACEMENT_3D('',#7419,#7420,#7421);
#7419=CARTESIAN_POINT('',(1.12,-0.75,1.5));
#7420=DIRECTION('',(0.,-1.,0.));
#7421=DIRECTION('',(1.,0.,0.));
#7422=FACE_BOUND('',#7423,.T.);
#7423=EDGE_LOOP('',(#12645,#12646,#12647,#12648));
#7424=PLANE('',#7425);
#7425=AXIS2_PLACEMENT_3D('',#7426,#7427,#7428);
#7426=CARTESIAN_POINT('',(1.42,-0.75,1.5));
#7427=DIRECTION('',(-0.866025403784438,-0.5,0.));
#7428=DIRECTION('',(0.5,-0.866025403784438,0.));
#7429=FACE_BOUND('',#7430,.T.);
#7430=EDGE_LOOP('',(#12649,#12650,#12651,#12652));
#7431=PLANE('',#7432);
#7432=AXIS2_PLACEMENT_3D('',#7433,#7434,#7435);
#7433=CARTESIAN_POINT('',(1.72022213997861,-1.27,1.5));
#7434=DIRECTION('',(0.,-1.,0.));
#7435=DIRECTION('',(1.,0.,0.));
#7436=FACE_BOUND('',#7437,.T.);
#7437=EDGE_LOOP('',(#12653,#12654,#12655,#12656));
#7438=PLANE('',#7439);
#7439=AXIS2_PLACEMENT_3D('',#7440,#7441,#7442);
#7440=CARTESIAN_POINT('',(3.35977786002139,-1.27,1.5));
#7441=DIRECTION('',(0.866025403784439,-0.5,0.));
#7442=DIRECTION('',(0.5,0.866025403784439,0.));
#7443=FACE_BOUND('',#7444,.T.);
#7444=EDGE_LOOP('',(#12657,#12658,#12659,#12660));
#7445=PLANE('',#7446);
#7446=AXIS2_PLACEMENT_3D('',#7447,#7448,#7449);
#7447=CARTESIAN_POINT('',(3.66,-0.75,1.5));
#7448=DIRECTION('',(0.,-1.,0.));
#7449=DIRECTION('',(1.,0.,0.));
#7450=FACE_BOUND('',#7451,.T.);
#7451=EDGE_LOOP('',(#12661,#12662,#12663,#12664));
#7452=PLANE('',#7453);
#7453=AXIS2_PLACEMENT_3D('',#7454,#7455,#7456);
#7454=CARTESIAN_POINT('',(3.96,-0.75,1.5));
#7455=DIRECTION('',(-0.866025403784438,-0.5,0.));
#7456=DIRECTION('',(0.5,-0.866025403784438,0.));
#7457=FACE_BOUND('',#7458,.T.);
#7458=EDGE_LOOP('',(#12665,#12666,#12667,#12668));
#7459=PLANE('',#7460);
#7460=AXIS2_PLACEMENT_3D('',#7461,#7462,#7463);
#7461=CARTESIAN_POINT('',(4.26022213997861,-1.27,1.5));
#7462=DIRECTION('',(0.,-1.,0.));
#7463=DIRECTION('',(1.,0.,0.));
#7464=FACE_BOUND('',#7465,.T.);
#7465=EDGE_LOOP('',(#12669,#12670,#12671,#12672));
#7466=PLANE('',#7467);
#7467=AXIS2_PLACEMENT_3D('',#7468,#7469,#7470);
#7468=CARTESIAN_POINT('',(5.89977786002139,-1.27,1.5));
#7469=DIRECTION('',(0.866025403784439,-0.5,0.));
#7470=DIRECTION('',(0.5,0.866025403784439,0.));
#7471=FACE_BOUND('',#7472,.T.);
#7472=EDGE_LOOP('',(#12673,#12674,#12675,#12676));
#7473=PLANE('',#7474);
#7474=AXIS2_PLACEMENT_3D('',#7475,#7476,#7477);
#7475=CARTESIAN_POINT('',(6.2,-0.75,1.5));
#7476=DIRECTION('',(0.,-1.,0.));
#7477=DIRECTION('',(1.,0.,0.));
#7478=FACE_BOUND('',#7479,.T.);
#7479=EDGE_LOOP('',(#12677,#12678,#12679,#12680));
#7480=PLANE('',#7481);
#7481=AXIS2_PLACEMENT_3D('',#7482,#7483,#7484);
#7482=CARTESIAN_POINT('',(6.5,-0.75,1.5));
#7483=DIRECTION('',(-0.866025403784438,-0.5,0.));
#7484=DIRECTION('',(0.5,-0.866025403784438,0.));
#7485=FACE_BOUND('',#7486,.T.);
#7486=EDGE_LOOP('',(#12681,#12682,#12683,#12684));
#7487=PLANE('',#7488);
#7488=AXIS2_PLACEMENT_3D('',#7489,#7490,#7491);
#7489=CARTESIAN_POINT('',(6.80022213997861,-1.27,1.5));
#7490=DIRECTION('',(0.,-1.,0.));
#7491=DIRECTION('',(1.,0.,0.));
#7492=FACE_BOUND('',#7493,.T.);
#7493=EDGE_LOOP('',(#12685,#12686,#12687,#12688));
#7494=PLANE('',#7495);
#7495=AXIS2_PLACEMENT_3D('',#7496,#7497,#7498);
#7496=CARTESIAN_POINT('',(8.43977786002139,-1.27,1.5));
#7497=DIRECTION('',(0.866025403784439,-0.5,0.));
#7498=DIRECTION('',(0.5,0.866025403784439,0.));
#7499=FACE_BOUND('',#7500,.T.);
#7500=EDGE_LOOP('',(#12689,#12690,#12691,#12692));
#7501=PLANE('',#7502);
#7502=AXIS2_PLACEMENT_3D('',#7503,#7504,#7505);
#7503=CARTESIAN_POINT('',(8.74,-0.75,1.5));
#7504=DIRECTION('',(0.,-1.,0.));
#7505=DIRECTION('',(1.,0.,0.));
#7506=FACE_BOUND('',#7507,.T.);
#7507=EDGE_LOOP('',(#12693,#12694,#12695,#12696));
#7508=PLANE('',#7509);
#7509=AXIS2_PLACEMENT_3D('',#7510,#7511,#7512);
#7510=CARTESIAN_POINT('',(9.04,-0.75,1.5));
#7511=DIRECTION('',(-0.866025403784438,-0.5,0.));
#7512=DIRECTION('',(0.5,-0.866025403784438,0.));
#7513=FACE_BOUND('',#7514,.T.);
#7514=EDGE_LOOP('',(#12697,#12698,#12699,#12700));
#7515=PLANE('',#7516);
#7516=AXIS2_PLACEMENT_3D('',#7517,#7518,#7519);
#7517=CARTESIAN_POINT('',(9.34022213997861,-1.27,1.5));
#7518=DIRECTION('',(0.,-1.,0.));
#7519=DIRECTION('',(1.,0.,0.));
#7520=FACE_BOUND('',#7521,.T.);
#7521=EDGE_LOOP('',(#12701,#12702,#12703,#12704));
#7522=PLANE('',#7523);
#7523=AXIS2_PLACEMENT_3D('',#7524,#7525,#7526);
#7524=CARTESIAN_POINT('',(10.9797778600214,-1.27,1.5));
#7525=DIRECTION('',(0.866025403784439,-0.5,0.));
#7526=DIRECTION('',(0.5,0.866025403784439,0.));
#7527=FACE_BOUND('',#7528,.T.);
#7528=EDGE_LOOP('',(#12705,#12706,#12707,#12708));
#7529=PLANE('',#7530);
#7530=AXIS2_PLACEMENT_3D('',#7531,#7532,#7533);
#7531=CARTESIAN_POINT('',(11.28,-0.75,1.5));
#7532=DIRECTION('',(0.,-1.,0.));
#7533=DIRECTION('',(1.,0.,0.));
#7534=FACE_BOUND('',#7535,.T.);
#7535=EDGE_LOOP('',(#12709,#12710,#12711,#12712));
#7536=PLANE('',#7537);
#7537=AXIS2_PLACEMENT_3D('',#7538,#7539,#7540);
#7538=CARTESIAN_POINT('',(11.58,-0.75,1.5));
#7539=DIRECTION('',(-0.866025403784438,-0.5,0.));
#7540=DIRECTION('',(0.5,-0.866025403784438,0.));
#7541=FACE_BOUND('',#7542,.T.);
#7542=EDGE_LOOP('',(#12713,#12714,#12715,#12716));
#7543=PLANE('',#7544);
#7544=AXIS2_PLACEMENT_3D('',#7545,#7546,#7547);
#7545=CARTESIAN_POINT('',(11.8802221399786,-1.27,1.5));
#7546=DIRECTION('',(0.,-1.,0.));
#7547=DIRECTION('',(1.,0.,0.));
#7548=FACE_BOUND('',#7549,.T.);
#7549=EDGE_LOOP('',(#12717,#12718,#12719,#12720));
#7550=PLANE('',#7551);
#7551=AXIS2_PLACEMENT_3D('',#7552,#7553,#7554);
#7552=CARTESIAN_POINT('',(13.5197778600214,-1.27,1.5));
#7553=DIRECTION('',(0.866025403784439,-0.5,0.));
#7554=DIRECTION('',(0.5,0.866025403784439,0.));
#7555=FACE_BOUND('',#7556,.T.);
#7556=EDGE_LOOP('',(#12721,#12722,#12723,#12724));
#7557=PLANE('',#7558);
#7558=AXIS2_PLACEMENT_3D('',#7559,#7560,#7561);
#7559=CARTESIAN_POINT('',(13.82,-0.75,1.5));
#7560=DIRECTION('',(0.,-1.,0.));
#7561=DIRECTION('',(1.,0.,0.));
#7562=FACE_BOUND('',#7563,.T.);
#7563=EDGE_LOOP('',(#12725,#12726,#12727,#12728));
#7564=PLANE('',#7565);
#7565=AXIS2_PLACEMENT_3D('',#7566,#7567,#7568);
#7566=CARTESIAN_POINT('',(14.12,-0.75,1.5));
#7567=DIRECTION('',(-0.866025403784438,-0.5,0.));
#7568=DIRECTION('',(0.5,-0.866025403784438,0.));
#7569=FACE_BOUND('',#7570,.T.);
#7570=EDGE_LOOP('',(#12729,#12730,#12731,#12732));
#7571=PLANE('',#7572);
#7572=AXIS2_PLACEMENT_3D('',#7573,#7574,#7575);
#7573=CARTESIAN_POINT('',(14.4202221399786,-1.27,1.5));
#7574=DIRECTION('',(0.,-1.,0.));
#7575=DIRECTION('',(1.,0.,0.));
#7576=FACE_BOUND('',#7577,.T.);
#7577=EDGE_LOOP('',(#12733,#12734,#12735,#12736));
#7578=PLANE('',#7579);
#7579=AXIS2_PLACEMENT_3D('',#7580,#7581,#7582);
#7580=CARTESIAN_POINT('',(16.0597778600214,-1.27,1.5));
#7581=DIRECTION('',(0.866025403784439,-0.5,0.));
#7582=DIRECTION('',(0.5,0.866025403784439,0.));
#7583=FACE_BOUND('',#7584,.T.);
#7584=EDGE_LOOP('',(#12737,#12738,#12739,#12740));
#7585=PLANE('',#7586);
#7586=AXIS2_PLACEMENT_3D('',#7587,#7588,#7589);
#7587=CARTESIAN_POINT('',(16.36,-0.75,1.5));
#7588=DIRECTION('',(0.,-1.,0.));
#7589=DIRECTION('',(1.,0.,0.));
#7590=FACE_BOUND('',#7591,.T.);
#7591=EDGE_LOOP('',(#12741,#12742,#12743,#12744));
#7592=PLANE('',#7593);
#7593=AXIS2_PLACEMENT_3D('',#7594,#7595,#7596);
#7594=CARTESIAN_POINT('',(16.66,-0.75,1.5));
#7595=DIRECTION('',(-0.866025403784438,-0.5,0.));
#7596=DIRECTION('',(0.5,-0.866025403784438,0.));
#7597=FACE_BOUND('',#7598,.T.);
#7598=EDGE_LOOP('',(#12745,#12746,#12747,#12748));
#7599=PLANE('',#7600);
#7600=AXIS2_PLACEMENT_3D('',#7601,#7602,#7603);
#7601=CARTESIAN_POINT('',(16.9602221399786,-1.27,1.5));
#7602=DIRECTION('',(0.,-1.,0.));
#7603=DIRECTION('',(1.,0.,0.));
#7604=FACE_BOUND('',#7605,.T.);
#7605=EDGE_LOOP('',(#12749,#12750,#12751,#12752));
#7606=PLANE('',#7607);
#7607=AXIS2_PLACEMENT_3D('',#7608,#7609,#7610);
#7608=CARTESIAN_POINT('',(18.5997778600214,-1.27,1.5));
#7609=DIRECTION('',(0.866025403784439,-0.5,0.));
#7610=DIRECTION('',(0.5,0.866025403784439,0.));
#7611=FACE_BOUND('',#7612,.T.);
#7612=EDGE_LOOP('',(#12753,#12754,#12755,#12756));
#7613=PLANE('',#7614);
#7614=AXIS2_PLACEMENT_3D('',#7615,#7616,#7617);
#7615=CARTESIAN_POINT('',(18.9,-0.75,1.5));
#7616=DIRECTION('',(0.,-1.,0.));
#7617=DIRECTION('',(1.,0.,0.));
#7618=FACE_BOUND('',#7619,.T.);
#7619=EDGE_LOOP('',(#12757,#12758,#12759,#12760));
#7620=PLANE('',#7621);
#7621=AXIS2_PLACEMENT_3D('',#7622,#7623,#7624);
#7622=CARTESIAN_POINT('',(19.2,-0.75,1.5));
#7623=DIRECTION('',(-0.866025403784438,-0.5,0.));
#7624=DIRECTION('',(0.5,-0.866025403784438,0.));
#7625=FACE_BOUND('',#7626,.T.);
#7626=EDGE_LOOP('',(#12761,#12762,#12763,#12764));
#7627=PLANE('',#7628);
#7628=AXIS2_PLACEMENT_3D('',#7629,#7630,#7631);
#7629=CARTESIAN_POINT('',(19.5002221399786,-1.27,1.5));
#7630=DIRECTION('',(0.,-1.,0.));
#7631=DIRECTION('',(1.,0.,0.));
#7632=FACE_BOUND('',#7633,.T.);
#7633=EDGE_LOOP('',(#12765,#12766,#12767,#12768));
#7634=PLANE('',#7635);
#7635=AXIS2_PLACEMENT_3D('',#7636,#7637,#7638);
#7636=CARTESIAN_POINT('',(21.1397778600214,-1.27,1.5));
#7637=DIRECTION('',(0.866025403784439,-0.5,0.));
#7638=DIRECTION('',(0.5,0.866025403784439,0.));
#7639=FACE_BOUND('',#7640,.T.);
#7640=EDGE_LOOP('',(#12769,#12770,#12771,#12772));
#7641=PLANE('',#7642);
#7642=AXIS2_PLACEMENT_3D('',#7643,#7644,#7645);
#7643=CARTESIAN_POINT('',(21.44,-0.75,1.5));
#7644=DIRECTION('',(0.,-1.,0.));
#7645=DIRECTION('',(1.,0.,0.));
#7646=FACE_BOUND('',#7647,.T.);
#7647=EDGE_LOOP('',(#12773,#12774,#12775,#12776));
#7648=PLANE('',#7649);
#7649=AXIS2_PLACEMENT_3D('',#7650,#7651,#7652);
#7650=CARTESIAN_POINT('',(21.74,-0.75,1.5));
#7651=DIRECTION('',(-0.866025403784438,-0.5,0.));
#7652=DIRECTION('',(0.5,-0.866025403784438,0.));
#7653=FACE_BOUND('',#7654,.T.);
#7654=EDGE_LOOP('',(#12777,#12778,#12779,#12780));
#7655=PLANE('',#7656);
#7656=AXIS2_PLACEMENT_3D('',#7657,#7658,#7659);
#7657=CARTESIAN_POINT('',(22.0402221399786,-1.27,1.5));
#7658=DIRECTION('',(0.,-1.,0.));
#7659=DIRECTION('',(1.,0.,0.));
#7660=FACE_BOUND('',#7661,.T.);
#7661=EDGE_LOOP('',(#12781,#12782,#12783,#12784));
#7662=PLANE('',#7663);
#7663=AXIS2_PLACEMENT_3D('',#7664,#7665,#7666);
#7664=CARTESIAN_POINT('',(23.6797778600214,-1.27,1.5));
#7665=DIRECTION('',(0.866025403784439,-0.5,0.));
#7666=DIRECTION('',(0.5,0.866025403784439,0.));
#7667=FACE_BOUND('',#7668,.T.);
#7668=EDGE_LOOP('',(#12785,#12786,#12787,#12788));
#7669=PLANE('',#7670);
#7670=AXIS2_PLACEMENT_3D('',#7671,#7672,#7673);
#7671=CARTESIAN_POINT('',(23.98,-0.75,1.5));
#7672=DIRECTION('',(0.,-1.,0.));
#7673=DIRECTION('',(1.,0.,0.));
#7674=FACE_BOUND('',#7675,.T.);
#7675=EDGE_LOOP('',(#12789,#12790,#12791,#12792));
#7676=PLANE('',#7677);
#7677=AXIS2_PLACEMENT_3D('',#7678,#7679,#7680);
#7678=CARTESIAN_POINT('',(24.28,-0.75,1.5));
#7679=DIRECTION('',(-0.866025403784438,-0.5,0.));
#7680=DIRECTION('',(0.5,-0.866025403784438,0.));
#7681=FACE_BOUND('',#7682,.T.);
#7682=EDGE_LOOP('',(#12793,#12794,#12795,#12796));
#7683=PLANE('',#7684);
#7684=AXIS2_PLACEMENT_3D('',#7685,#7686,#7687);
#7685=CARTESIAN_POINT('',(24.5802221399786,-1.27,1.5));
#7686=DIRECTION('',(0.,-1.,0.));
#7687=DIRECTION('',(1.,0.,0.));
#7688=FACE_BOUND('',#7689,.T.);
#7689=EDGE_LOOP('',(#12797,#12798,#12799,#12800));
#7690=PLANE('',#7691);
#7691=AXIS2_PLACEMENT_3D('',#7692,#7693,#7694);
#7692=CARTESIAN_POINT('',(26.2197778600214,-1.27,1.5));
#7693=DIRECTION('',(0.866025403784439,-0.5,0.));
#7694=DIRECTION('',(0.5,0.866025403784439,0.));
#7695=FACE_BOUND('',#7696,.T.);
#7696=EDGE_LOOP('',(#12801,#12802,#12803,#12804));
#7697=PLANE('',#7698);
#7698=AXIS2_PLACEMENT_3D('',#7699,#7700,#7701);
#7699=CARTESIAN_POINT('',(26.52,-0.75,1.5));
#7700=DIRECTION('',(0.,-1.,0.));
#7701=DIRECTION('',(1.,0.,0.));
#7702=FACE_BOUND('',#7703,.T.);
#7703=EDGE_LOOP('',(#12805,#12806,#12807,#12808));
#7704=PLANE('',#7705);
#7705=AXIS2_PLACEMENT_3D('',#7706,#7707,#7708);
#7706=CARTESIAN_POINT('',(26.82,-0.75,1.5));
#7707=DIRECTION('',(-0.866025403784438,-0.5,0.));
#7708=DIRECTION('',(0.5,-0.866025403784438,0.));
#7709=FACE_BOUND('',#7710,.T.);
#7710=EDGE_LOOP('',(#12809,#12810,#12811,#12812));
#7711=PLANE('',#7712);
#7712=AXIS2_PLACEMENT_3D('',#7713,#7714,#7715);
#7713=CARTESIAN_POINT('',(27.1202221399786,-1.27,1.5));
#7714=DIRECTION('',(0.,-1.,0.));
#7715=DIRECTION('',(1.,0.,0.));
#7716=FACE_BOUND('',#7717,.T.);
#7717=EDGE_LOOP('',(#12813,#12814,#12815,#12816));
#7718=PLANE('',#7719);
#7719=AXIS2_PLACEMENT_3D('',#7720,#7721,#7722);
#7720=CARTESIAN_POINT('',(28.7597778600214,-1.27,1.5));
#7721=DIRECTION('',(0.866025403784439,-0.5,0.));
#7722=DIRECTION('',(0.5,0.866025403784439,0.));
#7723=FACE_BOUND('',#7724,.T.);
#7724=EDGE_LOOP('',(#12817,#12818,#12819,#12820));
#7725=PLANE('',#7726);
#7726=AXIS2_PLACEMENT_3D('',#7727,#7728,#7729);
#7727=CARTESIAN_POINT('',(29.06,-0.75,1.5));
#7728=DIRECTION('',(0.,-1.,0.));
#7729=DIRECTION('',(1.,0.,0.));
#7730=FACE_BOUND('',#7731,.T.);
#7731=EDGE_LOOP('',(#12821,#12822,#12823,#12824));
#7732=PLANE('',#7733);
#7733=AXIS2_PLACEMENT_3D('',#7734,#7735,#7736);
#7734=CARTESIAN_POINT('',(29.36,-0.75,1.5));
#7735=DIRECTION('',(-0.866025403784438,-0.5,0.));
#7736=DIRECTION('',(0.5,-0.866025403784438,0.));
#7737=FACE_BOUND('',#7738,.T.);
#7738=EDGE_LOOP('',(#12825,#12826,#12827,#12828));
#7739=PLANE('',#7740);
#7740=AXIS2_PLACEMENT_3D('',#7741,#7742,#7743);
#7741=CARTESIAN_POINT('',(29.6602221399786,-1.27,1.5));
#7742=DIRECTION('',(0.,-1.,0.));
#7743=DIRECTION('',(1.,0.,0.));
#7744=FACE_BOUND('',#7745,.T.);
#7745=EDGE_LOOP('',(#12829,#12830,#12831,#12832));
#7746=PLANE('',#7747);
#7747=AXIS2_PLACEMENT_3D('',#7748,#7749,#7750);
#7748=CARTESIAN_POINT('',(31.2997778600214,-1.27,1.5));
#7749=DIRECTION('',(0.866025403784439,-0.5,0.));
#7750=DIRECTION('',(0.5,0.866025403784439,0.));
#7751=FACE_BOUND('',#7752,.T.);
#7752=EDGE_LOOP('',(#12833,#12834,#12835,#12836));
#7753=PLANE('',#7754);
#7754=AXIS2_PLACEMENT_3D('',#7755,#7756,#7757);
#7755=CARTESIAN_POINT('',(31.6,-0.75,1.5));
#7756=DIRECTION('',(0.,-1.,0.));
#7757=DIRECTION('',(1.,0.,0.));
#7758=FACE_BOUND('',#7759,.T.);
#7759=EDGE_LOOP('',(#12837,#12838,#12839,#12840));
#7760=PLANE('',#7761);
#7761=AXIS2_PLACEMENT_3D('',#7762,#7763,#7764);
#7762=CARTESIAN_POINT('',(31.9,-0.75,1.5));
#7763=DIRECTION('',(-0.866025403784438,-0.5,0.));
#7764=DIRECTION('',(0.5,-0.866025403784438,0.));
#7765=FACE_BOUND('',#7766,.T.);
#7766=EDGE_LOOP('',(#12841,#12842,#12843,#12844));
#7767=PLANE('',#7768);
#7768=AXIS2_PLACEMENT_3D('',#7769,#7770,#7771);
#7769=CARTESIAN_POINT('',(32.2002221399786,-1.27,1.5));
#7770=DIRECTION('',(0.,-1.,0.));
#7771=DIRECTION('',(1.,0.,0.));
#7772=FACE_BOUND('',#7773,.T.);
#7773=EDGE_LOOP('',(#12845,#12846,#12847,#12848));
#7774=PLANE('',#7775);
#7775=AXIS2_PLACEMENT_3D('',#7776,#7777,#7778);
#7776=CARTESIAN_POINT('',(33.8397778600214,-1.27,1.5));
#7777=DIRECTION('',(0.866025403784439,-0.5,0.));
#7778=DIRECTION('',(0.5,0.866025403784439,0.));
#7779=FACE_BOUND('',#7780,.T.);
#7780=EDGE_LOOP('',(#12849,#12850,#12851,#12852));
#7781=PLANE('',#7782);
#7782=AXIS2_PLACEMENT_3D('',#7783,#7784,#7785);
#7783=CARTESIAN_POINT('',(34.14,-0.75,1.5));
#7784=DIRECTION('',(0.,-1.,0.));
#7785=DIRECTION('',(1.,0.,0.));
#7786=FACE_BOUND('',#7787,.T.);
#7787=EDGE_LOOP('',(#12853,#12854,#12855,#12856));
#7788=PLANE('',#7789);
#7789=AXIS2_PLACEMENT_3D('',#7790,#7791,#7792);
#7790=CARTESIAN_POINT('',(34.44,-0.75,1.5));
#7791=DIRECTION('',(-0.866025403784438,-0.5,0.));
#7792=DIRECTION('',(0.5,-0.866025403784438,0.));
#7793=FACE_BOUND('',#7794,.T.);
#7794=EDGE_LOOP('',(#12857,#12858,#12859,#12860));
#7795=PLANE('',#7796);
#7796=AXIS2_PLACEMENT_3D('',#7797,#7798,#7799);
#7797=CARTESIAN_POINT('',(34.7402221399786,-1.27,1.5));
#7798=DIRECTION('',(0.,-1.,0.));
#7799=DIRECTION('',(1.,0.,0.));
#7800=FACE_BOUND('',#7801,.T.);
#7801=EDGE_LOOP('',(#12861,#12862,#12863,#12864));
#7802=PLANE('',#7803);
#7803=AXIS2_PLACEMENT_3D('',#7804,#7805,#7806);
#7804=CARTESIAN_POINT('',(36.3797778600214,-1.27,1.5));
#7805=DIRECTION('',(0.866025403784439,-0.5,0.));
#7806=DIRECTION('',(0.5,0.866025403784439,0.));
#7807=FACE_BOUND('',#7808,.T.);
#7808=EDGE_LOOP('',(#12865,#12866,#12867,#12868));
#7809=PLANE('',#7810);
#7810=AXIS2_PLACEMENT_3D('',#7811,#7812,#7813);
#7811=CARTESIAN_POINT('',(36.68,-0.75,1.5));
#7812=DIRECTION('',(0.,-1.,0.));
#7813=DIRECTION('',(1.,0.,0.));
#7814=FACE_BOUND('',#7815,.T.);
#7815=EDGE_LOOP('',(#12869,#12870,#12871,#12872));
#7816=PLANE('',#7817);
#7817=AXIS2_PLACEMENT_3D('',#7818,#7819,#7820);
#7818=CARTESIAN_POINT('',(36.98,-0.75,1.5));
#7819=DIRECTION('',(-0.866025403784438,-0.5,0.));
#7820=DIRECTION('',(0.5,-0.866025403784438,0.));
#7821=FACE_BOUND('',#7822,.T.);
#7822=EDGE_LOOP('',(#12873,#12874,#12875,#12876));
#7823=PLANE('',#7824);
#7824=AXIS2_PLACEMENT_3D('',#7825,#7826,#7827);
#7825=CARTESIAN_POINT('',(37.2802221399786,-1.27,1.5));
#7826=DIRECTION('',(0.,-1.,0.));
#7827=DIRECTION('',(1.,0.,0.));
#7828=FACE_BOUND('',#7829,.T.);
#7829=EDGE_LOOP('',(#12877,#12878,#12879,#12880));
#7830=PLANE('',#7831);
#7831=AXIS2_PLACEMENT_3D('',#7832,#7833,#7834);
#7832=CARTESIAN_POINT('',(38.9197778600214,-1.27,1.5));
#7833=DIRECTION('',(0.866025403784439,-0.5,0.));
#7834=DIRECTION('',(0.5,0.866025403784439,0.));
#7835=FACE_BOUND('',#7836,.T.);
#7836=EDGE_LOOP('',(#12881,#12882,#12883,#12884));
#7837=PLANE('',#7838);
#7838=AXIS2_PLACEMENT_3D('',#7839,#7840,#7841);
#7839=CARTESIAN_POINT('',(39.22,-0.75,1.5));
#7840=DIRECTION('',(0.,-1.,0.));
#7841=DIRECTION('',(1.,0.,0.));
#7842=FACE_BOUND('',#7843,.T.);
#7843=EDGE_LOOP('',(#12885,#12886,#12887,#12888));
#7844=PLANE('',#7845);
#7845=AXIS2_PLACEMENT_3D('',#7846,#7847,#7848);
#7846=CARTESIAN_POINT('',(39.52,-0.75,1.5));
#7847=DIRECTION('',(-0.866025403784438,-0.5,0.));
#7848=DIRECTION('',(0.5,-0.866025403784438,0.));
#7849=FACE_BOUND('',#7850,.T.);
#7850=EDGE_LOOP('',(#12889,#12890,#12891,#12892));
#7851=PLANE('',#7852);
#7852=AXIS2_PLACEMENT_3D('',#7853,#7854,#7855);
#7853=CARTESIAN_POINT('',(39.8202221399786,-1.27,1.5));
#7854=DIRECTION('',(0.,-1.,0.));
#7855=DIRECTION('',(1.,0.,0.));
#7856=FACE_BOUND('',#7857,.T.);
#7857=EDGE_LOOP('',(#12893,#12894,#12895,#12896));
#7858=PLANE('',#7859);
#7859=AXIS2_PLACEMENT_3D('',#7860,#7861,#7862);
#7860=CARTESIAN_POINT('',(41.4597778600214,-1.27,1.5));
#7861=DIRECTION('',(0.866025403784439,-0.5,0.));
#7862=DIRECTION('',(0.5,0.866025403784439,0.));
#7863=FACE_BOUND('',#7864,.T.);
#7864=EDGE_LOOP('',(#12897,#12898,#12899,#12900));
#7865=PLANE('',#7866);
#7866=AXIS2_PLACEMENT_3D('',#7867,#7868,#7869);
#7867=CARTESIAN_POINT('',(41.76,-0.75,1.5));
#7868=DIRECTION('',(0.,-1.,0.));
#7869=DIRECTION('',(1.,0.,0.));
#7870=FACE_BOUND('',#7871,.T.);
#7871=EDGE_LOOP('',(#12901,#12902,#12903,#12904));
#7872=PLANE('',#7873);
#7873=AXIS2_PLACEMENT_3D('',#7874,#7875,#7876);
#7874=CARTESIAN_POINT('',(42.06,-0.75,1.5));
#7875=DIRECTION('',(-0.866025403784438,-0.5,0.));
#7876=DIRECTION('',(0.5,-0.866025403784438,0.));
#7877=FACE_BOUND('',#7878,.T.);
#7878=EDGE_LOOP('',(#12905,#12906,#12907,#12908));
#7879=PLANE('',#7880);
#7880=AXIS2_PLACEMENT_3D('',#7881,#7882,#7883);
#7881=CARTESIAN_POINT('',(42.3602221399786,-1.27,1.5));
#7882=DIRECTION('',(0.,-1.,0.));
#7883=DIRECTION('',(1.,0.,0.));
#7884=FACE_BOUND('',#7885,.T.);
#7885=EDGE_LOOP('',(#12909,#12910,#12911,#12912));
#7886=PLANE('',#7887);
#7887=AXIS2_PLACEMENT_3D('',#7888,#7889,#7890);
#7888=CARTESIAN_POINT('',(43.9997778600214,-1.27,1.5));
#7889=DIRECTION('',(0.866025403784439,-0.5,0.));
#7890=DIRECTION('',(0.5,0.866025403784439,0.));
#7891=FACE_BOUND('',#7892,.T.);
#7892=EDGE_LOOP('',(#12913,#12914,#12915,#12916));
#7893=PLANE('',#7894);
#7894=AXIS2_PLACEMENT_3D('',#7895,#7896,#7897);
#7895=CARTESIAN_POINT('',(44.3,-0.75,1.5));
#7896=DIRECTION('',(0.,-1.,0.));
#7897=DIRECTION('',(1.,0.,0.));
#7898=FACE_BOUND('',#7899,.T.);
#7899=EDGE_LOOP('',(#12917,#12918,#12919,#12920));
#7900=PLANE('',#7901);
#7901=AXIS2_PLACEMENT_3D('',#7902,#7903,#7904);
#7902=CARTESIAN_POINT('',(44.6,-0.75,1.5));
#7903=DIRECTION('',(-0.866025403784438,-0.5,0.));
#7904=DIRECTION('',(0.5,-0.866025403784438,0.));
#7905=FACE_BOUND('',#7906,.T.);
#7906=EDGE_LOOP('',(#12921,#12922,#12923,#12924));
#7907=PLANE('',#7908);
#7908=AXIS2_PLACEMENT_3D('',#7909,#7910,#7911);
#7909=CARTESIAN_POINT('',(44.9002221399786,-1.27,1.5));
#7910=DIRECTION('',(0.,-1.,0.));
#7911=DIRECTION('',(1.,0.,0.));
#7912=FACE_BOUND('',#7913,.T.);
#7913=EDGE_LOOP('',(#12925,#12926,#12927,#12928));
#7914=PLANE('',#7915);
#7915=AXIS2_PLACEMENT_3D('',#7916,#7917,#7918);
#7916=CARTESIAN_POINT('',(46.5397778600214,-1.27,1.5));
#7917=DIRECTION('',(0.866025403784439,-0.5,0.));
#7918=DIRECTION('',(0.5,0.866025403784439,0.));
#7919=FACE_BOUND('',#7920,.T.);
#7920=EDGE_LOOP('',(#12929,#12930,#12931,#12932));
#7921=PLANE('',#7922);
#7922=AXIS2_PLACEMENT_3D('',#7923,#7924,#7925);
#7923=CARTESIAN_POINT('',(46.84,-0.75,1.5));
#7924=DIRECTION('',(0.,-1.,0.));
#7925=DIRECTION('',(1.,0.,0.));
#7926=FACE_BOUND('',#7927,.T.);
#7927=EDGE_LOOP('',(#12933,#12934,#12935,#12936));
#7928=PLANE('',#7929);
#7929=AXIS2_PLACEMENT_3D('',#7930,#7931,#7932);
#7930=CARTESIAN_POINT('',(47.14,-0.75,1.5));
#7931=DIRECTION('',(-0.866025403784438,-0.5,0.));
#7932=DIRECTION('',(0.5,-0.866025403784438,0.));
#7933=FACE_BOUND('',#7934,.T.);
#7934=EDGE_LOOP('',(#12937,#12938,#12939,#12940));
#7935=PLANE('',#7936);
#7936=AXIS2_PLACEMENT_3D('',#7937,#7938,#7939);
#7937=CARTESIAN_POINT('',(47.4402221399786,-1.27,1.5));
#7938=DIRECTION('',(0.,-1.,0.));
#7939=DIRECTION('',(1.,0.,0.));
#7940=FACE_BOUND('',#7941,.T.);
#7941=EDGE_LOOP('',(#12941,#12942,#12943,#12944));
#7942=PLANE('',#7943);
#7943=AXIS2_PLACEMENT_3D('',#7944,#7945,#7946);
#7944=CARTESIAN_POINT('',(49.0797778600214,-1.27,1.5));
#7945=DIRECTION('',(0.866025403784439,-0.5,0.));
#7946=DIRECTION('',(0.5,0.866025403784439,0.));
#7947=FACE_BOUND('',#7948,.T.);
#7948=EDGE_LOOP('',(#12945,#12946,#12947,#12948));
#7949=PLANE('',#7950);
#7950=AXIS2_PLACEMENT_3D('',#7951,#7952,#7953);
#7951=CARTESIAN_POINT('',(49.38,-0.75,1.5));
#7952=DIRECTION('',(0.,-1.,0.));
#7953=DIRECTION('',(1.,0.,0.));
#7954=FACE_BOUND('',#7955,.T.);
#7955=EDGE_LOOP('',(#12949,#12950,#12951,#12952));
#7956=PLANE('',#7957);
#7957=AXIS2_PLACEMENT_3D('',#7958,#7959,#7960);
#7958=CARTESIAN_POINT('',(49.68,-0.75,1.5));
#7959=DIRECTION('',(-0.866025403784438,-0.5,0.));
#7960=DIRECTION('',(0.5,-0.866025403784438,0.));
#7961=FACE_BOUND('',#7962,.T.);
#7962=EDGE_LOOP('',(#12953,#12954,#12955,#12956));
#7963=PLANE('',#7964);
#7964=AXIS2_PLACEMENT_3D('',#7965,#7966,#7967);
#7965=CARTESIAN_POINT('',(49.9802221399786,-1.27,1.5));
#7966=DIRECTION('',(0.,-1.,0.));
#7967=DIRECTION('',(1.,0.,0.));
#7968=FACE_BOUND('',#7969,.T.);
#7969=EDGE_LOOP('',(#12957,#12958,#12959,#12960));
#7970=PLANE('',#7971);
#7971=AXIS2_PLACEMENT_3D('',#7972,#7973,#7974);
#7972=CARTESIAN_POINT('',(51.6197778600214,-1.27,1.5));
#7973=DIRECTION('',(0.866025403784439,-0.5,0.));
#7974=DIRECTION('',(0.5,0.866025403784439,0.));
#7975=FACE_BOUND('',#7976,.T.);
#7976=EDGE_LOOP('',(#12961,#12962,#12963,#12964));
#7977=PLANE('',#7978);
#7978=AXIS2_PLACEMENT_3D('',#7979,#7980,#7981);
#7979=CARTESIAN_POINT('',(51.92,-0.75,1.5));
#7980=DIRECTION('',(0.,-1.,0.));
#7981=DIRECTION('',(1.,0.,0.));
#7982=FACE_BOUND('',#7983,.T.);
#7983=EDGE_LOOP('',(#12965,#12966,#12967,#12968));
#7984=PLANE('',#7985);
#7985=AXIS2_PLACEMENT_3D('',#7986,#7987,#7988);
#7986=CARTESIAN_POINT('',(52.22,-0.75,1.5));
#7987=DIRECTION('',(-0.866025403784438,-0.5,0.));
#7988=DIRECTION('',(0.5,-0.866025403784438,0.));
#7989=FACE_BOUND('',#7990,.T.);
#7990=EDGE_LOOP('',(#12969,#12970,#12971,#12972));
#7991=PLANE('',#7992);
#7992=AXIS2_PLACEMENT_3D('',#7993,#7994,#7995);
#7993=CARTESIAN_POINT('',(52.5202221399786,-1.27,1.5));
#7994=DIRECTION('',(0.,-1.,0.));
#7995=DIRECTION('',(1.,0.,0.));
#7996=FACE_BOUND('',#7997,.T.);
#7997=EDGE_LOOP('',(#12973,#12974,#12975,#12976));
#7998=PLANE('',#7999);
#7999=AXIS2_PLACEMENT_3D('',#8000,#8001,#8002);
#8000=CARTESIAN_POINT('',(54.1597778600214,-1.27,1.5));
#8001=DIRECTION('',(0.866025403784439,-0.5,0.));
#8002=DIRECTION('',(0.5,0.866025403784439,0.));
#8003=FACE_BOUND('',#8004,.T.);
#8004=EDGE_LOOP('',(#12977,#12978,#12979,#12980));
#8005=PLANE('',#8006);
#8006=AXIS2_PLACEMENT_3D('',#8007,#8008,#8009);
#8007=CARTESIAN_POINT('',(54.46,-0.75,1.5));
#8008=DIRECTION('',(0.,-1.,0.));
#8009=DIRECTION('',(1.,0.,0.));
#8010=FACE_BOUND('',#8011,.T.);
#8011=EDGE_LOOP('',(#12981,#12982,#12983,#12984));
#8012=PLANE('',#8013);
#8013=AXIS2_PLACEMENT_3D('',#8014,#8015,#8016);
#8014=CARTESIAN_POINT('',(54.76,-0.75,1.5));
#8015=DIRECTION('',(-0.866025403784438,-0.5,0.));
#8016=DIRECTION('',(0.5,-0.866025403784438,0.));
#8017=FACE_BOUND('',#8018,.T.);
#8018=EDGE_LOOP('',(#12985,#12986,#12987,#12988));
#8019=PLANE('',#8020);
#8020=AXIS2_PLACEMENT_3D('',#8021,#8022,#8023);
#8021=CARTESIAN_POINT('',(55.0602221399786,-1.27,1.5));
#8022=DIRECTION('',(0.,-1.,0.));
#8023=DIRECTION('',(1.,0.,0.));
#8024=FACE_BOUND('',#8025,.T.);
#8025=EDGE_LOOP('',(#12989,#12990,#12991,#12992));
#8026=PLANE('',#8027);
#8027=AXIS2_PLACEMENT_3D('',#8028,#8029,#8030);
#8028=CARTESIAN_POINT('',(56.6997778600214,-1.27,1.5));
#8029=DIRECTION('',(0.866025403784439,-0.5,0.));
#8030=DIRECTION('',(0.5,0.866025403784439,0.));
#8031=FACE_BOUND('',#8032,.T.);
#8032=EDGE_LOOP('',(#12993,#12994,#12995,#12996));
#8033=PLANE('',#8034);
#8034=AXIS2_PLACEMENT_3D('',#8035,#8036,#8037);
#8035=CARTESIAN_POINT('',(57.,-0.75,1.5));
#8036=DIRECTION('',(0.,-1.,0.));
#8037=DIRECTION('',(1.,0.,0.));
#8038=FACE_BOUND('',#8039,.T.);
#8039=EDGE_LOOP('',(#12997,#12998,#12999,#13000));
#8040=PLANE('',#8041);
#8041=AXIS2_PLACEMENT_3D('',#8042,#8043,#8044);
#8042=CARTESIAN_POINT('',(57.3,-0.75,1.5));
#8043=DIRECTION('',(-0.866025403784438,-0.5,0.));
#8044=DIRECTION('',(0.5,-0.866025403784438,0.));
#8045=FACE_BOUND('',#8046,.T.);
#8046=EDGE_LOOP('',(#13001,#13002,#13003,#13004));
#8047=PLANE('',#8048);
#8048=AXIS2_PLACEMENT_3D('',#8049,#8050,#8051);
#8049=CARTESIAN_POINT('',(57.6002221399786,-1.27,1.5));
#8050=DIRECTION('',(0.,-1.,0.));
#8051=DIRECTION('',(1.,0.,0.));
#8052=FACE_BOUND('',#8053,.T.);
#8053=EDGE_LOOP('',(#13005,#13006,#13007,#13008));
#8054=PLANE('',#8055);
#8055=AXIS2_PLACEMENT_3D('',#8056,#8057,#8058);
#8056=CARTESIAN_POINT('',(59.2397778600214,-1.27,1.5));
#8057=DIRECTION('',(0.866025403784439,-0.5,0.));
#8058=DIRECTION('',(0.5,0.866025403784439,0.));
#8059=FACE_BOUND('',#8060,.T.);
#8060=EDGE_LOOP('',(#13009,#13010,#13011,#13012));
#8061=PLANE('',#8062);
#8062=AXIS2_PLACEMENT_3D('',#8063,#8064,#8065);
#8063=CARTESIAN_POINT('',(59.54,-0.75,1.5));
#8064=DIRECTION('',(0.,-1.,0.));
#8065=DIRECTION('',(1.,0.,0.));
#8066=FACE_BOUND('',#8067,.T.);
#8067=EDGE_LOOP('',(#13013,#13014,#13015,#13016));
#8068=PLANE('',#8069);
#8069=AXIS2_PLACEMENT_3D('',#8070,#8071,#8072);
#8070=CARTESIAN_POINT('',(59.84,-0.75,1.5));
#8071=DIRECTION('',(-0.866025403784438,-0.5,0.));
#8072=DIRECTION('',(0.5,-0.866025403784438,0.));
#8073=FACE_BOUND('',#8074,.T.);
#8074=EDGE_LOOP('',(#13017,#13018,#13019,#13020));
#8075=PLANE('',#8076);
#8076=AXIS2_PLACEMENT_3D('',#8077,#8078,#8079);
#8077=CARTESIAN_POINT('',(60.1402221399786,-1.27,1.5));
#8078=DIRECTION('',(0.,-1.,0.));
#8079=DIRECTION('',(1.,0.,0.));
#8080=FACE_BOUND('',#8081,.T.);
#8081=EDGE_LOOP('',(#13021,#13022,#13023,#13024));
#8082=PLANE('',#8083);
#8083=AXIS2_PLACEMENT_3D('',#8084,#8085,#8086);
#8084=CARTESIAN_POINT('',(61.7797778600214,-1.27,1.5));
#8085=DIRECTION('',(0.866025403784439,-0.5,0.));
#8086=DIRECTION('',(0.5,0.866025403784439,0.));
#8087=FACE_BOUND('',#8088,.T.);
#8088=EDGE_LOOP('',(#13025,#13026,#13027,#13028));
#8089=PLANE('',#8090);
#8090=AXIS2_PLACEMENT_3D('',#8091,#8092,#8093);
#8091=CARTESIAN_POINT('',(62.08,-0.75,1.5));
#8092=DIRECTION('',(0.,-1.,0.));
#8093=DIRECTION('',(1.,0.,0.));
#8094=FACE_BOUND('',#8095,.T.);
#8095=EDGE_LOOP('',(#13029,#13030,#13031,#13032));
#8096=PLANE('',#8097);
#8097=AXIS2_PLACEMENT_3D('',#8098,#8099,#8100);
#8098=CARTESIAN_POINT('',(62.38,-0.75,1.5));
#8099=DIRECTION('',(-0.866025403784438,-0.5,0.));
#8100=DIRECTION('',(0.5,-0.866025403784438,0.));
#8101=FACE_BOUND('',#8102,.T.);
#8102=EDGE_LOOP('',(#13033,#13034,#13035,#13036));
#8103=PLANE('',#8104);
#8104=AXIS2_PLACEMENT_3D('',#8105,#8106,#8107);
#8105=CARTESIAN_POINT('',(62.6802221399786,-1.27,1.5));
#8106=DIRECTION('',(0.,-1.,0.));
#8107=DIRECTION('',(1.,0.,0.));
#8108=FACE_BOUND('',#8109,.T.);
#8109=EDGE_LOOP('',(#13037,#13038,#13039,#13040));
#8110=PLANE('',#8111);
#8111=AXIS2_PLACEMENT_3D('',#8112,#8113,#8114);
#8112=CARTESIAN_POINT('',(64.3197778600214,-1.27,1.5));
#8113=DIRECTION('',(0.866025403784439,-0.5,0.));
#8114=DIRECTION('',(0.5,0.866025403784439,0.));
#8115=FACE_BOUND('',#8116,.T.);
#8116=EDGE_LOOP('',(#13041,#13042,#13043,#13044));
#8117=PLANE('',#8118);
#8118=AXIS2_PLACEMENT_3D('',#8119,#8120,#8121);
#8119=CARTESIAN_POINT('',(64.62,-0.75,1.5));
#8120=DIRECTION('',(0.,-1.,0.));
#8121=DIRECTION('',(1.,0.,0.));
#8122=FACE_BOUND('',#8123,.T.);
#8123=EDGE_LOOP('',(#13045,#13046,#13047,#13048));
#8124=PLANE('',#8125);
#8125=AXIS2_PLACEMENT_3D('',#8126,#8127,#8128);
#8126=CARTESIAN_POINT('',(64.92,-0.75,1.5));
#8127=DIRECTION('',(-0.866025403784438,-0.5,0.));
#8128=DIRECTION('',(0.5,-0.866025403784438,0.));
#8129=FACE_BOUND('',#8130,.T.);
#8130=EDGE_LOOP('',(#13049,#13050,#13051,#13052));
#8131=PLANE('',#8132);
#8132=AXIS2_PLACEMENT_3D('',#8133,#8134,#8135);
#8133=CARTESIAN_POINT('',(65.2202221399786,-1.27,1.5));
#8134=DIRECTION('',(0.,-1.,0.));
#8135=DIRECTION('',(1.,0.,0.));
#8136=FACE_BOUND('',#8137,.T.);
#8137=EDGE_LOOP('',(#13053,#13054,#13055,#13056));
#8138=PLANE('',#8139);
#8139=AXIS2_PLACEMENT_3D('',#8140,#8141,#8142);
#8140=CARTESIAN_POINT('',(66.8597778600214,-1.27,1.5));
#8141=DIRECTION('',(0.866025403784439,-0.5,0.));
#8142=DIRECTION('',(0.5,0.866025403784439,0.));
#8143=FACE_BOUND('',#8144,.T.);
#8144=EDGE_LOOP('',(#13057,#13058,#13059,#13060));
#8145=PLANE('',#8146);
#8146=AXIS2_PLACEMENT_3D('',#8147,#8148,#8149);
#8147=CARTESIAN_POINT('',(67.16,-0.75,1.5));
#8148=DIRECTION('',(0.,-1.,0.));
#8149=DIRECTION('',(1.,0.,0.));
#8150=FACE_BOUND('',#8151,.T.);
#8151=EDGE_LOOP('',(#13061,#13062,#13063,#13064));
#8152=PLANE('',#8153);
#8153=AXIS2_PLACEMENT_3D('',#8154,#8155,#8156);
#8154=CARTESIAN_POINT('',(67.46,-0.75,1.5));
#8155=DIRECTION('',(-0.866025403784438,-0.5,0.));
#8156=DIRECTION('',(0.5,-0.866025403784438,0.));
#8157=FACE_BOUND('',#8158,.T.);
#8158=EDGE_LOOP('',(#13065,#13066,#13067,#13068));
#8159=PLANE('',#8160);
#8160=AXIS2_PLACEMENT_3D('',#8161,#8162,#8163);
#8161=CARTESIAN_POINT('',(67.7602221399786,-1.27,1.5));
#8162=DIRECTION('',(0.,-1.,0.));
#8163=DIRECTION('',(1.,0.,0.));
#8164=FACE_BOUND('',#8165,.T.);
#8165=EDGE_LOOP('',(#13069,#13070,#13071,#13072));
#8166=PLANE('',#8167);
#8167=AXIS2_PLACEMENT_3D('',#8168,#8169,#8170);
#8168=CARTESIAN_POINT('',(69.3997778600214,-1.27,1.5));
#8169=DIRECTION('',(0.866025403784439,-0.5,0.));
#8170=DIRECTION('',(0.5,0.866025403784439,0.));
#8171=FACE_BOUND('',#8172,.T.);
#8172=EDGE_LOOP('',(#13073,#13074,#13075,#13076));
#8173=PLANE('',#8174);
#8174=AXIS2_PLACEMENT_3D('',#8175,#8176,#8177);
#8175=CARTESIAN_POINT('',(69.7,-0.75,1.5));
#8176=DIRECTION('',(0.,-1.,0.));
#8177=DIRECTION('',(1.,0.,0.));
#8178=FACE_BOUND('',#8179,.T.);
#8179=EDGE_LOOP('',(#13077,#13078,#13079,#13080));
#8180=PLANE('',#8181);
#8181=AXIS2_PLACEMENT_3D('',#8182,#8183,#8184);
#8182=CARTESIAN_POINT('',(70.,-0.75,1.5));
#8183=DIRECTION('',(-0.866025403784438,-0.5,0.));
#8184=DIRECTION('',(0.5,-0.866025403784438,0.));
#8185=FACE_BOUND('',#8186,.T.);
#8186=EDGE_LOOP('',(#13081,#13082,#13083,#13084));
#8187=PLANE('',#8188);
#8188=AXIS2_PLACEMENT_3D('',#8189,#8190,#8191);
#8189=CARTESIAN_POINT('',(70.3002221399786,-1.27,1.5));
#8190=DIRECTION('',(0.,-1.,0.));
#8191=DIRECTION('',(1.,0.,0.));
#8192=FACE_BOUND('',#8193,.T.);
#8193=EDGE_LOOP('',(#13085,#13086,#13087,#13088));
#8194=PLANE('',#8195);
#8195=AXIS2_PLACEMENT_3D('',#8196,#8197,#8198);
#8196=CARTESIAN_POINT('',(71.9397778600214,-1.27,1.5));
#8197=DIRECTION('',(0.866025403784439,-0.5,0.));
#8198=DIRECTION('',(0.5,0.866025403784439,0.));
#8199=FACE_BOUND('',#8200,.T.);
#8200=EDGE_LOOP('',(#13089,#13090,#13091,#13092));
#8201=PLANE('',#8202);
#8202=AXIS2_PLACEMENT_3D('',#8203,#8204,#8205);
#8203=CARTESIAN_POINT('',(72.24,-0.75,1.5));
#8204=DIRECTION('',(0.,-1.,0.));
#8205=DIRECTION('',(1.,0.,0.));
#8206=FACE_BOUND('',#8207,.T.);
#8207=EDGE_LOOP('',(#13093,#13094,#13095,#13096));
#8208=PLANE('',#8209);
#8209=AXIS2_PLACEMENT_3D('',#8210,#8211,#8212);
#8210=CARTESIAN_POINT('',(72.54,-0.75,1.5));
#8211=DIRECTION('',(-0.866025403784438,-0.5,0.));
#8212=DIRECTION('',(0.5,-0.866025403784438,0.));
#8213=FACE_BOUND('',#8214,.T.);
#8214=EDGE_LOOP('',(#13097,#13098,#13099,#13100));
#8215=PLANE('',#8216);
#8216=AXIS2_PLACEMENT_3D('',#8217,#8218,#8219);
#8217=CARTESIAN_POINT('',(72.8402221399786,-1.27,1.5));
#8218=DIRECTION('',(0.,-1.,0.));
#8219=DIRECTION('',(1.,0.,0.));
#8220=FACE_BOUND('',#8221,.T.);
#8221=EDGE_LOOP('',(#13101,#13102,#13103,#13104));
#8222=PLANE('',#8223);
#8223=AXIS2_PLACEMENT_3D('',#8224,#8225,#8226);
#8224=CARTESIAN_POINT('',(74.4797778600214,-1.27,1.5));
#8225=DIRECTION('',(0.866025403784439,-0.5,0.));
#8226=DIRECTION('',(0.5,0.866025403784439,0.));
#8227=FACE_BOUND('',#8228,.T.);
#8228=EDGE_LOOP('',(#13105,#13106,#13107,#13108));
#8229=PLANE('',#8230);
#8230=AXIS2_PLACEMENT_3D('',#8231,#8232,#8233);
#8231=CARTESIAN_POINT('',(74.78,-0.75,1.5));
#8232=DIRECTION('',(0.,-1.,0.));
#8233=DIRECTION('',(1.,0.,0.));
#8234=FACE_BOUND('',#8235,.T.);
#8235=EDGE_LOOP('',(#13109,#13110,#13111,#13112));
#8236=PLANE('',#8237);
#8237=AXIS2_PLACEMENT_3D('',#8238,#8239,#8240);
#8238=CARTESIAN_POINT('',(75.08,-0.75,1.5));
#8239=DIRECTION('',(-0.866025403784438,-0.5,0.));
#8240=DIRECTION('',(0.5,-0.866025403784438,0.));
#8241=FACE_BOUND('',#8242,.T.);
#8242=EDGE_LOOP('',(#13113,#13114,#13115,#13116));
#8243=PLANE('',#8244);
#8244=AXIS2_PLACEMENT_3D('',#8245,#8246,#8247);
#8245=CARTESIAN_POINT('',(75.3802221399786,-1.27,1.5));
#8246=DIRECTION('',(0.,-1.,0.));
#8247=DIRECTION('',(1.,0.,0.));
#8248=FACE_BOUND('',#8249,.T.);
#8249=EDGE_LOOP('',(#13117,#13118,#13119,#13120));
#8250=PLANE('',#8251);
#8251=AXIS2_PLACEMENT_3D('',#8252,#8253,#8254);
#8252=CARTESIAN_POINT('',(77.0197778600214,-1.27,1.5));
#8253=DIRECTION('',(0.866025403784439,-0.5,0.));
#8254=DIRECTION('',(0.5,0.866025403784439,0.));
#8255=FACE_BOUND('',#8256,.T.);
#8256=EDGE_LOOP('',(#13121,#13122,#13123,#13124));
#8257=PLANE('',#8258);
#8258=AXIS2_PLACEMENT_3D('',#8259,#8260,#8261);
#8259=CARTESIAN_POINT('',(77.32,-0.75,1.5));
#8260=DIRECTION('',(0.,-1.,0.));
#8261=DIRECTION('',(1.,0.,0.));
#8262=FACE_BOUND('',#8263,.T.);
#8263=EDGE_LOOP('',(#13125,#13126,#13127,#13128));
#8264=PLANE('',#8265);
#8265=AXIS2_PLACEMENT_3D('',#8266,#8267,#8268);
#8266=CARTESIAN_POINT('',(77.62,-0.75,1.5));
#8267=DIRECTION('',(-0.866025403784438,-0.5,0.));
#8268=DIRECTION('',(0.5,-0.866025403784438,0.));
#8269=FACE_BOUND('',#8270,.T.);
#8270=EDGE_LOOP('',(#13129,#13130,#13131,#13132));
#8271=PLANE('',#8272);
#8272=AXIS2_PLACEMENT_3D('',#8273,#8274,#8275);
#8273=CARTESIAN_POINT('',(77.9202221399786,-1.27,1.5));
#8274=DIRECTION('',(0.,-1.,0.));
#8275=DIRECTION('',(1.,0.,0.));
#8276=FACE_BOUND('',#8277,.T.);
#8277=EDGE_LOOP('',(#13133,#13134,#13135,#13136));
#8278=PLANE('',#8279);
#8279=AXIS2_PLACEMENT_3D('',#8280,#8281,#8282);
#8280=CARTESIAN_POINT('',(79.5597778600214,-1.27,1.5));
#8281=DIRECTION('',(0.866025403784439,-0.5,0.));
#8282=DIRECTION('',(0.5,0.866025403784439,0.));
#8283=FACE_BOUND('',#8284,.T.);
#8284=EDGE_LOOP('',(#13137,#13138,#13139,#13140));
#8285=PLANE('',#8286);
#8286=AXIS2_PLACEMENT_3D('',#8287,#8288,#8289);
#8287=CARTESIAN_POINT('',(80.01,-0.75,1.5));
#8288=DIRECTION('',(0.,-1.,0.));
#8289=DIRECTION('',(1.,0.,0.));
#8290=FACE_BOUND('',#8291,.T.);
#8291=EDGE_LOOP('',(#13141,#13142,#13143,#13144));
#8292=PLANE('',#8293);
#8293=AXIS2_PLACEMENT_3D('',#8294,#8295,#8296);
#8294=CARTESIAN_POINT('',(80.16,-0.75,1.5));
#8295=DIRECTION('',(-0.866025403784438,-0.5,0.));
#8296=DIRECTION('',(0.5,-0.866025403784438,0.));
#8297=FACE_BOUND('',#8298,.T.);
#8298=EDGE_LOOP('',(#13145,#13146,#13147,#13148));
#8299=PLANE('',#8300);
#8300=AXIS2_PLACEMENT_3D('',#8301,#8302,#8303);
#8301=CARTESIAN_POINT('',(80.4602221399786,-1.27,1.5));
#8302=DIRECTION('',(0.,-1.,0.));
#8303=DIRECTION('',(1.,0.,0.));
#8304=FACE_BOUND('',#8305,.T.);
#8305=EDGE_LOOP('',(#13149,#13150,#13151,#13152));
#8306=PLANE('',#8307);
#8307=AXIS2_PLACEMENT_3D('',#8308,#8309,#8310);
#8308=CARTESIAN_POINT('',(82.0997778600214,-1.27,1.5));
#8309=DIRECTION('',(0.866025403784439,-0.5,0.));
#8310=DIRECTION('',(0.5,0.866025403784439,0.));
#8311=FACE_BOUND('',#8312,.T.);
#8312=EDGE_LOOP('',(#13153,#13154,#13155,#13156));
#8313=PLANE('',#8314);
#8314=AXIS2_PLACEMENT_3D('',#8315,#8316,#8317);
#8315=CARTESIAN_POINT('',(82.4,-0.75,1.5));
#8316=DIRECTION('',(0.,-1.,0.));
#8317=DIRECTION('',(1.,0.,0.));
#8318=FACE_BOUND('',#8319,.T.);
#8319=EDGE_LOOP('',(#13157,#13158,#13159,#13160));
#8320=PLANE('',#8321);
#8321=AXIS2_PLACEMENT_3D('',#8322,#8323,#8324);
#8322=CARTESIAN_POINT('',(82.55,-0.75,1.5));
#8323=DIRECTION('',(1.,0.,0.));
#8324=DIRECTION('',(0.,1.,0.));
#8325=FACE_BOUND('',#8326,.T.);
#8326=EDGE_LOOP('',(#13161,#13162,#13163,#13164));
#8327=PLANE('',#8328);
#8328=AXIS2_PLACEMENT_3D('',#8329,#8330,#8331);
#8329=CARTESIAN_POINT('',(82.55,0.75,1.5));
#8330=DIRECTION('',(0.,1.,-0.));
#8331=DIRECTION('',(-1.,0.,0.));
#8332=FACE_BOUND('',#8333,.T.);
#8333=EDGE_LOOP('',(#13165,#13166,#13167,#13168));
#8334=PLANE('',#8335);
#8335=AXIS2_PLACEMENT_3D('',#8336,#8337,#8338);
#8336=CARTESIAN_POINT('',(82.4,0.75,1.5));
#8337=DIRECTION('',(0.866025403784438,0.5,-0.));
#8338=DIRECTION('',(-0.5,0.866025403784438,0.));
#8339=FACE_BOUND('',#8340,.T.);
#8340=EDGE_LOOP('',(#13169,#13170,#13171,#13172));
#8341=PLANE('',#8342);
#8342=AXIS2_PLACEMENT_3D('',#8343,#8344,#8345);
#8343=CARTESIAN_POINT('',(82.0997778600214,1.27,1.5));
#8344=DIRECTION('',(0.,1.,-0.));
#8345=DIRECTION('',(-1.,0.,0.));
#8346=FACE_BOUND('',#8347,.T.);
#8347=EDGE_LOOP('',(#13173,#13174,#13175,#13176));
#8348=PLANE('',#8349);
#8349=AXIS2_PLACEMENT_3D('',#8350,#8351,#8352);
#8350=CARTESIAN_POINT('',(80.4602221399786,1.27,1.5));
#8351=DIRECTION('',(-0.866025403784439,0.5,0.));
#8352=DIRECTION('',(-0.5,-0.866025403784439,0.));
#8353=FACE_BOUND('',#8354,.T.);
#8354=EDGE_LOOP('',(#13177,#13178,#13179,#13180));
#8355=PLANE('',#8356);
#8356=AXIS2_PLACEMENT_3D('',#8357,#8358,#8359);
#8357=CARTESIAN_POINT('',(80.16,0.75,1.5));
#8358=DIRECTION('',(0.,1.,-0.));
#8359=DIRECTION('',(-1.,0.,0.));
#8360=FACE_BOUND('',#8361,.T.);
#8361=EDGE_LOOP('',(#13181,#13182,#13183,#13184));
#8362=PLANE('',#8363);
#8363=AXIS2_PLACEMENT_3D('',#8364,#8365,#8366);
#8364=CARTESIAN_POINT('',(79.86,0.75,1.5));
#8365=DIRECTION('',(0.866025403784438,0.5,-0.));
#8366=DIRECTION('',(-0.5,0.866025403784438,0.));
#8367=FACE_BOUND('',#8368,.T.);
#8368=EDGE_LOOP('',(#13185,#13186,#13187,#13188));
#8369=PLANE('',#8370);
#8370=AXIS2_PLACEMENT_3D('',#8371,#8372,#8373);
#8371=CARTESIAN_POINT('',(79.5597778600214,1.27,1.5));
#8372=DIRECTION('',(0.,1.,-0.));
#8373=DIRECTION('',(-1.,0.,0.));
#8374=FACE_BOUND('',#8375,.T.);
#8375=EDGE_LOOP('',(#13189,#13190,#13191,#13192));
#8376=PLANE('',#8377);
#8377=AXIS2_PLACEMENT_3D('',#8378,#8379,#8380);
#8378=CARTESIAN_POINT('',(77.9202221399786,1.27,1.5));
#8379=DIRECTION('',(-0.866025403784439,0.5,0.));
#8380=DIRECTION('',(-0.5,-0.866025403784439,0.));
#8381=FACE_BOUND('',#8382,.T.);
#8382=EDGE_LOOP('',(#13193,#13194,#13195,#13196));
#8383=PLANE('',#8384);
#8384=AXIS2_PLACEMENT_3D('',#8385,#8386,#8387);
#8385=CARTESIAN_POINT('',(77.47,0.75,1.5));
#8386=DIRECTION('',(0.,1.,-0.));
#8387=DIRECTION('',(-1.,0.,0.));
#8388=FACE_BOUND('',#8389,.T.);
#8389=EDGE_LOOP('',(#13197,#13198,#13199,#13200));
#8390=PLANE('',#8391);
#8391=AXIS2_PLACEMENT_3D('',#8392,#8393,#8394);
#8392=CARTESIAN_POINT('',(77.32,0.75,1.5));
#8393=DIRECTION('',(0.866025403784438,0.5,-0.));
#8394=DIRECTION('',(-0.5,0.866025403784438,0.));
#8395=FACE_BOUND('',#8396,.T.);
#8396=EDGE_LOOP('',(#13201,#13202,#13203,#13204));
#8397=PLANE('',#8398);
#8398=AXIS2_PLACEMENT_3D('',#8399,#8400,#8401);
#8399=CARTESIAN_POINT('',(77.0197778600214,1.27,1.5));
#8400=DIRECTION('',(0.,1.,-0.));
#8401=DIRECTION('',(-1.,0.,0.));
#8402=FACE_BOUND('',#8403,.T.);
#8403=EDGE_LOOP('',(#13205,#13206,#13207,#13208));
#8404=PLANE('',#8405);
#8405=AXIS2_PLACEMENT_3D('',#8406,#8407,#8408);
#8406=CARTESIAN_POINT('',(75.3802221399786,1.27,1.5));
#8407=DIRECTION('',(-0.866025403784439,0.5,0.));
#8408=DIRECTION('',(-0.5,-0.866025403784439,0.));
#8409=FACE_BOUND('',#8410,.T.);
#8410=EDGE_LOOP('',(#13209,#13210,#13211,#13212));
#8411=PLANE('',#8412);
#8412=AXIS2_PLACEMENT_3D('',#8413,#8414,#8415);
#8413=CARTESIAN_POINT('',(74.93,0.75,1.5));
#8414=DIRECTION('',(0.,1.,-0.));
#8415=DIRECTION('',(-1.,0.,0.));
#8416=FACE_BOUND('',#8417,.T.);
#8417=EDGE_LOOP('',(#13213,#13214,#13215,#13216));
#8418=PLANE('',#8419);
#8419=AXIS2_PLACEMENT_3D('',#8420,#8421,#8422);
#8420=CARTESIAN_POINT('',(74.78,0.75,1.5));
#8421=DIRECTION('',(0.866025403784438,0.5,-0.));
#8422=DIRECTION('',(-0.5,0.866025403784438,0.));
#8423=FACE_BOUND('',#8424,.T.);
#8424=EDGE_LOOP('',(#13217,#13218,#13219,#13220));
#8425=PLANE('',#8426);
#8426=AXIS2_PLACEMENT_3D('',#8427,#8428,#8429);
#8427=CARTESIAN_POINT('',(74.4797778600214,1.27,1.5));
#8428=DIRECTION('',(0.,1.,-0.));
#8429=DIRECTION('',(-1.,0.,0.));
#8430=FACE_BOUND('',#8431,.T.);
#8431=EDGE_LOOP('',(#13221,#13222,#13223,#13224));
#8432=PLANE('',#8433);
#8433=AXIS2_PLACEMENT_3D('',#8434,#8435,#8436);
#8434=CARTESIAN_POINT('',(72.8402221399786,1.27,1.5));
#8435=DIRECTION('',(-0.866025403784439,0.5,0.));
#8436=DIRECTION('',(-0.5,-0.866025403784439,0.));
#8437=FACE_BOUND('',#8438,.T.);
#8438=EDGE_LOOP('',(#13225,#13226,#13227,#13228));
#8439=PLANE('',#8440);
#8440=AXIS2_PLACEMENT_3D('',#8441,#8442,#8443);
#8441=CARTESIAN_POINT('',(72.39,0.75,1.5));
#8442=DIRECTION('',(0.,1.,-0.));
#8443=DIRECTION('',(-1.,0.,0.));
#8444=FACE_BOUND('',#8445,.T.);
#8445=EDGE_LOOP('',(#13229,#13230,#13231,#13232));
#8446=PLANE('',#8447);
#8447=AXIS2_PLACEMENT_3D('',#8448,#8449,#8450);
#8448=CARTESIAN_POINT('',(72.24,0.75,1.5));
#8449=DIRECTION('',(0.866025403784438,0.5,-0.));
#8450=DIRECTION('',(-0.5,0.866025403784438,0.));
#8451=FACE_BOUND('',#8452,.T.);
#8452=EDGE_LOOP('',(#13233,#13234,#13235,#13236));
#8453=PLANE('',#8454);
#8454=AXIS2_PLACEMENT_3D('',#8455,#8456,#8457);
#8455=CARTESIAN_POINT('',(71.9397778600214,1.27,1.5));
#8456=DIRECTION('',(0.,1.,-0.));
#8457=DIRECTION('',(-1.,0.,0.));
#8458=FACE_BOUND('',#8459,.T.);
#8459=EDGE_LOOP('',(#13237,#13238,#13239,#13240));
#8460=PLANE('',#8461);
#8461=AXIS2_PLACEMENT_3D('',#8462,#8463,#8464);
#8462=CARTESIAN_POINT('',(70.3002221399786,1.27,1.5));
#8463=DIRECTION('',(-0.866025403784439,0.5,0.));
#8464=DIRECTION('',(-0.5,-0.866025403784439,0.));
#8465=FACE_BOUND('',#8466,.T.);
#8466=EDGE_LOOP('',(#13241,#13242,#13243,#13244));
#8467=PLANE('',#8468);
#8468=AXIS2_PLACEMENT_3D('',#8469,#8470,#8471);
#8469=CARTESIAN_POINT('',(69.85,0.75,1.5));
#8470=DIRECTION('',(0.,1.,-0.));
#8471=DIRECTION('',(-1.,0.,0.));
#8472=FACE_BOUND('',#8473,.T.);
#8473=EDGE_LOOP('',(#13245,#13246,#13247,#13248));
#8474=PLANE('',#8475);
#8475=AXIS2_PLACEMENT_3D('',#8476,#8477,#8478);
#8476=CARTESIAN_POINT('',(69.7,0.75,1.5));
#8477=DIRECTION('',(0.866025403784438,0.5,-0.));
#8478=DIRECTION('',(-0.5,0.866025403784438,0.));
#8479=FACE_BOUND('',#8480,.T.);
#8480=EDGE_LOOP('',(#13249,#13250,#13251,#13252));
#8481=PLANE('',#8482);
#8482=AXIS2_PLACEMENT_3D('',#8483,#8484,#8485);
#8483=CARTESIAN_POINT('',(69.3997778600214,1.27,1.5));
#8484=DIRECTION('',(0.,1.,-0.));
#8485=DIRECTION('',(-1.,0.,0.));
#8486=FACE_BOUND('',#8487,.T.);
#8487=EDGE_LOOP('',(#13253,#13254,#13255,#13256));
#8488=PLANE('',#8489);
#8489=AXIS2_PLACEMENT_3D('',#8490,#8491,#8492);
#8490=CARTESIAN_POINT('',(67.7602221399786,1.27,1.5));
#8491=DIRECTION('',(-0.866025403784439,0.5,0.));
#8492=DIRECTION('',(-0.5,-0.866025403784439,0.));
#8493=FACE_BOUND('',#8494,.T.);
#8494=EDGE_LOOP('',(#13257,#13258,#13259,#13260));
#8495=PLANE('',#8496);
#8496=AXIS2_PLACEMENT_3D('',#8497,#8498,#8499);
#8497=CARTESIAN_POINT('',(67.31,0.75,1.5));
#8498=DIRECTION('',(0.,1.,-0.));
#8499=DIRECTION('',(-1.,0.,0.));
#8500=FACE_BOUND('',#8501,.T.);
#8501=EDGE_LOOP('',(#13261,#13262,#13263,#13264));
#8502=PLANE('',#8503);
#8503=AXIS2_PLACEMENT_3D('',#8504,#8505,#8506);
#8504=CARTESIAN_POINT('',(67.16,0.75,1.5));
#8505=DIRECTION('',(0.866025403784438,0.5,-0.));
#8506=DIRECTION('',(-0.5,0.866025403784438,0.));
#8507=FACE_BOUND('',#8508,.T.);
#8508=EDGE_LOOP('',(#13265,#13266,#13267,#13268));
#8509=PLANE('',#8510);
#8510=AXIS2_PLACEMENT_3D('',#8511,#8512,#8513);
#8511=CARTESIAN_POINT('',(66.8597778600214,1.27,1.5));
#8512=DIRECTION('',(0.,1.,-0.));
#8513=DIRECTION('',(-1.,0.,0.));
#8514=FACE_BOUND('',#8515,.T.);
#8515=EDGE_LOOP('',(#13269,#13270,#13271,#13272));
#8516=PLANE('',#8517);
#8517=AXIS2_PLACEMENT_3D('',#8518,#8519,#8520);
#8518=CARTESIAN_POINT('',(65.2202221399786,1.27,1.5));
#8519=DIRECTION('',(-0.866025403784439,0.5,0.));
#8520=DIRECTION('',(-0.5,-0.866025403784439,0.));
#8521=FACE_BOUND('',#8522,.T.);
#8522=EDGE_LOOP('',(#13273,#13274,#13275,#13276));
#8523=PLANE('',#8524);
#8524=AXIS2_PLACEMENT_3D('',#8525,#8526,#8527);
#8525=CARTESIAN_POINT('',(64.77,0.75,1.5));
#8526=DIRECTION('',(0.,1.,-0.));
#8527=DIRECTION('',(-1.,0.,0.));
#8528=FACE_BOUND('',#8529,.T.);
#8529=EDGE_LOOP('',(#13277,#13278,#13279,#13280));
#8530=PLANE('',#8531);
#8531=AXIS2_PLACEMENT_3D('',#8532,#8533,#8534);
#8532=CARTESIAN_POINT('',(64.62,0.75,1.5));
#8533=DIRECTION('',(0.866025403784438,0.5,-0.));
#8534=DIRECTION('',(-0.5,0.866025403784438,0.));
#8535=FACE_BOUND('',#8536,.T.);
#8536=EDGE_LOOP('',(#13281,#13282,#13283,#13284));
#8537=PLANE('',#8538);
#8538=AXIS2_PLACEMENT_3D('',#8539,#8540,#8541);
#8539=CARTESIAN_POINT('',(64.3197778600214,1.27,1.5));
#8540=DIRECTION('',(0.,1.,-0.));
#8541=DIRECTION('',(-1.,0.,0.));
#8542=FACE_BOUND('',#8543,.T.);
#8543=EDGE_LOOP('',(#13285,#13286,#13287,#13288));
#8544=PLANE('',#8545);
#8545=AXIS2_PLACEMENT_3D('',#8546,#8547,#8548);
#8546=CARTESIAN_POINT('',(62.6802221399786,1.27,1.5));
#8547=DIRECTION('',(-0.866025403784439,0.5,0.));
#8548=DIRECTION('',(-0.5,-0.866025403784439,0.));
#8549=FACE_BOUND('',#8550,.T.);
#8550=EDGE_LOOP('',(#13289,#13290,#13291,#13292));
#8551=PLANE('',#8552);
#8552=AXIS2_PLACEMENT_3D('',#8553,#8554,#8555);
#8553=CARTESIAN_POINT('',(62.23,0.75,1.5));
#8554=DIRECTION('',(0.,1.,-0.));
#8555=DIRECTION('',(-1.,0.,0.));
#8556=FACE_BOUND('',#8557,.T.);
#8557=EDGE_LOOP('',(#13293,#13294,#13295,#13296));
#8558=PLANE('',#8559);
#8559=AXIS2_PLACEMENT_3D('',#8560,#8561,#8562);
#8560=CARTESIAN_POINT('',(62.08,0.75,1.5));
#8561=DIRECTION('',(0.866025403784438,0.5,-0.));
#8562=DIRECTION('',(-0.5,0.866025403784438,0.));
#8563=FACE_BOUND('',#8564,.T.);
#8564=EDGE_LOOP('',(#13297,#13298,#13299,#13300));
#8565=PLANE('',#8566);
#8566=AXIS2_PLACEMENT_3D('',#8567,#8568,#8569);
#8567=CARTESIAN_POINT('',(61.7797778600214,1.27,1.5));
#8568=DIRECTION('',(0.,1.,-0.));
#8569=DIRECTION('',(-1.,0.,0.));
#8570=FACE_BOUND('',#8571,.T.);
#8571=EDGE_LOOP('',(#13301,#13302,#13303,#13304));
#8572=PLANE('',#8573);
#8573=AXIS2_PLACEMENT_3D('',#8574,#8575,#8576);
#8574=CARTESIAN_POINT('',(60.1402221399786,1.27,1.5));
#8575=DIRECTION('',(-0.866025403784439,0.5,0.));
#8576=DIRECTION('',(-0.5,-0.866025403784439,0.));
#8577=FACE_BOUND('',#8578,.T.);
#8578=EDGE_LOOP('',(#13305,#13306,#13307,#13308));
#8579=PLANE('',#8580);
#8580=AXIS2_PLACEMENT_3D('',#8581,#8582,#8583);
#8581=CARTESIAN_POINT('',(59.69,0.75,1.5));
#8582=DIRECTION('',(0.,1.,-0.));
#8583=DIRECTION('',(-1.,0.,0.));
#8584=FACE_BOUND('',#8585,.T.);
#8585=EDGE_LOOP('',(#13309,#13310,#13311,#13312));
#8586=PLANE('',#8587);
#8587=AXIS2_PLACEMENT_3D('',#8588,#8589,#8590);
#8588=CARTESIAN_POINT('',(59.54,0.75,1.5));
#8589=DIRECTION('',(0.866025403784438,0.5,-0.));
#8590=DIRECTION('',(-0.5,0.866025403784438,0.));
#8591=FACE_BOUND('',#8592,.T.);
#8592=EDGE_LOOP('',(#13313,#13314,#13315,#13316));
#8593=PLANE('',#8594);
#8594=AXIS2_PLACEMENT_3D('',#8595,#8596,#8597);
#8595=CARTESIAN_POINT('',(59.2397778600214,1.27,1.5));
#8596=DIRECTION('',(0.,1.,-0.));
#8597=DIRECTION('',(-1.,0.,0.));
#8598=FACE_BOUND('',#8599,.T.);
#8599=EDGE_LOOP('',(#13317,#13318,#13319,#13320));
#8600=PLANE('',#8601);
#8601=AXIS2_PLACEMENT_3D('',#8602,#8603,#8604);
#8602=CARTESIAN_POINT('',(57.6002221399786,1.27,1.5));
#8603=DIRECTION('',(-0.866025403784439,0.5,0.));
#8604=DIRECTION('',(-0.5,-0.866025403784439,0.));
#8605=FACE_BOUND('',#8606,.T.);
#8606=EDGE_LOOP('',(#13321,#13322,#13323,#13324));
#8607=PLANE('',#8608);
#8608=AXIS2_PLACEMENT_3D('',#8609,#8610,#8611);
#8609=CARTESIAN_POINT('',(57.15,0.75,1.5));
#8610=DIRECTION('',(0.,1.,-0.));
#8611=DIRECTION('',(-1.,0.,0.));
#8612=FACE_BOUND('',#8613,.T.);
#8613=EDGE_LOOP('',(#13325,#13326,#13327,#13328));
#8614=PLANE('',#8615);
#8615=AXIS2_PLACEMENT_3D('',#8616,#8617,#8618);
#8616=CARTESIAN_POINT('',(57.,0.75,1.5));
#8617=DIRECTION('',(0.866025403784438,0.5,-0.));
#8618=DIRECTION('',(-0.5,0.866025403784438,0.));
#8619=FACE_BOUND('',#8620,.T.);
#8620=EDGE_LOOP('',(#13329,#13330,#13331,#13332));
#8621=PLANE('',#8622);
#8622=AXIS2_PLACEMENT_3D('',#8623,#8624,#8625);
#8623=CARTESIAN_POINT('',(56.6997778600214,1.27,1.5));
#8624=DIRECTION('',(0.,1.,-0.));
#8625=DIRECTION('',(-1.,0.,0.));
#8626=FACE_BOUND('',#8627,.T.);
#8627=EDGE_LOOP('',(#13333,#13334,#13335,#13336));
#8628=PLANE('',#8629);
#8629=AXIS2_PLACEMENT_3D('',#8630,#8631,#8632);
#8630=CARTESIAN_POINT('',(55.0602221399786,1.27,1.5));
#8631=DIRECTION('',(-0.866025403784439,0.5,0.));
#8632=DIRECTION('',(-0.5,-0.866025403784439,0.));
#8633=FACE_BOUND('',#8634,.T.);
#8634=EDGE_LOOP('',(#13337,#13338,#13339,#13340));
#8635=PLANE('',#8636);
#8636=AXIS2_PLACEMENT_3D('',#8637,#8638,#8639);
#8637=CARTESIAN_POINT('',(54.61,0.75,1.5));
#8638=DIRECTION('',(0.,1.,-0.));
#8639=DIRECTION('',(-1.,0.,0.));
#8640=FACE_BOUND('',#8641,.T.);
#8641=EDGE_LOOP('',(#13341,#13342,#13343,#13344));
#8642=PLANE('',#8643);
#8643=AXIS2_PLACEMENT_3D('',#8644,#8645,#8646);
#8644=CARTESIAN_POINT('',(54.46,0.75,1.5));
#8645=DIRECTION('',(0.866025403784438,0.5,-0.));
#8646=DIRECTION('',(-0.5,0.866025403784438,0.));
#8647=FACE_BOUND('',#8648,.T.);
#8648=EDGE_LOOP('',(#13345,#13346,#13347,#13348));
#8649=PLANE('',#8650);
#8650=AXIS2_PLACEMENT_3D('',#8651,#8652,#8653);
#8651=CARTESIAN_POINT('',(54.1597778600214,1.27,1.5));
#8652=DIRECTION('',(0.,1.,-0.));
#8653=DIRECTION('',(-1.,0.,0.));
#8654=FACE_BOUND('',#8655,.T.);
#8655=EDGE_LOOP('',(#13349,#13350,#13351,#13352));
#8656=PLANE('',#8657);
#8657=AXIS2_PLACEMENT_3D('',#8658,#8659,#8660);
#8658=CARTESIAN_POINT('',(52.5202221399786,1.27,1.5));
#8659=DIRECTION('',(-0.866025403784439,0.5,0.));
#8660=DIRECTION('',(-0.5,-0.866025403784439,0.));
#8661=FACE_BOUND('',#8662,.T.);
#8662=EDGE_LOOP('',(#13353,#13354,#13355,#13356));
#8663=PLANE('',#8664);
#8664=AXIS2_PLACEMENT_3D('',#8665,#8666,#8667);
#8665=CARTESIAN_POINT('',(52.07,0.75,1.5));
#8666=DIRECTION('',(0.,1.,-0.));
#8667=DIRECTION('',(-1.,0.,0.));
#8668=FACE_BOUND('',#8669,.T.);
#8669=EDGE_LOOP('',(#13357,#13358,#13359,#13360));
#8670=PLANE('',#8671);
#8671=AXIS2_PLACEMENT_3D('',#8672,#8673,#8674);
#8672=CARTESIAN_POINT('',(51.92,0.75,1.5));
#8673=DIRECTION('',(0.866025403784438,0.5,-0.));
#8674=DIRECTION('',(-0.5,0.866025403784438,0.));
#8675=FACE_BOUND('',#8676,.T.);
#8676=EDGE_LOOP('',(#13361,#13362,#13363,#13364));
#8677=PLANE('',#8678);
#8678=AXIS2_PLACEMENT_3D('',#8679,#8680,#8681);
#8679=CARTESIAN_POINT('',(51.6197778600214,1.27,1.5));
#8680=DIRECTION('',(0.,1.,-0.));
#8681=DIRECTION('',(-1.,0.,0.));
#8682=FACE_BOUND('',#8683,.T.);
#8683=EDGE_LOOP('',(#13365,#13366,#13367,#13368));
#8684=PLANE('',#8685);
#8685=AXIS2_PLACEMENT_3D('',#8686,#8687,#8688);
#8686=CARTESIAN_POINT('',(49.9802221399786,1.27,1.5));
#8687=DIRECTION('',(-0.866025403784439,0.5,0.));
#8688=DIRECTION('',(-0.5,-0.866025403784439,0.));
#8689=FACE_BOUND('',#8690,.T.);
#8690=EDGE_LOOP('',(#13369,#13370,#13371,#13372));
#8691=PLANE('',#8692);
#8692=AXIS2_PLACEMENT_3D('',#8693,#8694,#8695);
#8693=CARTESIAN_POINT('',(49.53,0.75,1.5));
#8694=DIRECTION('',(0.,1.,-0.));
#8695=DIRECTION('',(-1.,0.,0.));
#8696=FACE_BOUND('',#8697,.T.);
#8697=EDGE_LOOP('',(#13373,#13374,#13375,#13376));
#8698=PLANE('',#8699);
#8699=AXIS2_PLACEMENT_3D('',#8700,#8701,#8702);
#8700=CARTESIAN_POINT('',(49.38,0.75,1.5));
#8701=DIRECTION('',(0.866025403784438,0.5,-0.));
#8702=DIRECTION('',(-0.5,0.866025403784438,0.));
#8703=FACE_BOUND('',#8704,.T.);
#8704=EDGE_LOOP('',(#13377,#13378,#13379,#13380));
#8705=PLANE('',#8706);
#8706=AXIS2_PLACEMENT_3D('',#8707,#8708,#8709);
#8707=CARTESIAN_POINT('',(49.0797778600214,1.27,1.5));
#8708=DIRECTION('',(0.,1.,-0.));
#8709=DIRECTION('',(-1.,0.,0.));
#8710=FACE_BOUND('',#8711,.T.);
#8711=EDGE_LOOP('',(#13381,#13382,#13383,#13384));
#8712=PLANE('',#8713);
#8713=AXIS2_PLACEMENT_3D('',#8714,#8715,#8716);
#8714=CARTESIAN_POINT('',(47.4402221399786,1.27,1.5));
#8715=DIRECTION('',(-0.866025403784439,0.5,0.));
#8716=DIRECTION('',(-0.5,-0.866025403784439,0.));
#8717=FACE_BOUND('',#8718,.T.);
#8718=EDGE_LOOP('',(#13385,#13386,#13387,#13388));
#8719=PLANE('',#8720);
#8720=AXIS2_PLACEMENT_3D('',#8721,#8722,#8723);
#8721=CARTESIAN_POINT('',(46.99,0.75,1.5));
#8722=DIRECTION('',(0.,1.,-0.));
#8723=DIRECTION('',(-1.,0.,0.));
#8724=FACE_BOUND('',#8725,.T.);
#8725=EDGE_LOOP('',(#13389,#13390,#13391,#13392));
#8726=PLANE('',#8727);
#8727=AXIS2_PLACEMENT_3D('',#8728,#8729,#8730);
#8728=CARTESIAN_POINT('',(46.84,0.75,1.5));
#8729=DIRECTION('',(0.866025403784438,0.5,-0.));
#8730=DIRECTION('',(-0.5,0.866025403784438,0.));
#8731=FACE_BOUND('',#8732,.T.);
#8732=EDGE_LOOP('',(#13393,#13394,#13395,#13396));
#8733=PLANE('',#8734);
#8734=AXIS2_PLACEMENT_3D('',#8735,#8736,#8737);
#8735=CARTESIAN_POINT('',(46.5397778600214,1.27,1.5));
#8736=DIRECTION('',(0.,1.,-0.));
#8737=DIRECTION('',(-1.,0.,0.));
#8738=FACE_BOUND('',#8739,.T.);
#8739=EDGE_LOOP('',(#13397,#13398,#13399,#13400));
#8740=PLANE('',#8741);
#8741=AXIS2_PLACEMENT_3D('',#8742,#8743,#8744);
#8742=CARTESIAN_POINT('',(44.9002221399786,1.27,1.5));
#8743=DIRECTION('',(-0.866025403784439,0.5,0.));
#8744=DIRECTION('',(-0.5,-0.866025403784439,0.));
#8745=FACE_BOUND('',#8746,.T.);
#8746=EDGE_LOOP('',(#13401,#13402,#13403,#13404));
#8747=PLANE('',#8748);
#8748=AXIS2_PLACEMENT_3D('',#8749,#8750,#8751);
#8749=CARTESIAN_POINT('',(44.45,0.75,1.5));
#8750=DIRECTION('',(0.,1.,-0.));
#8751=DIRECTION('',(-1.,0.,0.));
#8752=FACE_BOUND('',#8753,.T.);
#8753=EDGE_LOOP('',(#13405,#13406,#13407,#13408));
#8754=PLANE('',#8755);
#8755=AXIS2_PLACEMENT_3D('',#8756,#8757,#8758);
#8756=CARTESIAN_POINT('',(44.3,0.75,1.5));
#8757=DIRECTION('',(0.866025403784438,0.5,-0.));
#8758=DIRECTION('',(-0.5,0.866025403784438,0.));
#8759=FACE_BOUND('',#8760,.T.);
#8760=EDGE_LOOP('',(#13409,#13410,#13411,#13412));
#8761=PLANE('',#8762);
#8762=AXIS2_PLACEMENT_3D('',#8763,#8764,#8765);
#8763=CARTESIAN_POINT('',(43.9997778600214,1.27,1.5));
#8764=DIRECTION('',(0.,1.,-0.));
#8765=DIRECTION('',(-1.,0.,0.));
#8766=FACE_BOUND('',#8767,.T.);
#8767=EDGE_LOOP('',(#13413,#13414,#13415,#13416));
#8768=PLANE('',#8769);
#8769=AXIS2_PLACEMENT_3D('',#8770,#8771,#8772);
#8770=CARTESIAN_POINT('',(42.3602221399786,1.27,1.5));
#8771=DIRECTION('',(-0.866025403784439,0.5,0.));
#8772=DIRECTION('',(-0.5,-0.866025403784439,0.));
#8773=FACE_BOUND('',#8774,.T.);
#8774=EDGE_LOOP('',(#13417,#13418,#13419,#13420));
#8775=PLANE('',#8776);
#8776=AXIS2_PLACEMENT_3D('',#8777,#8778,#8779);
#8777=CARTESIAN_POINT('',(41.91,0.75,1.5));
#8778=DIRECTION('',(0.,1.,-0.));
#8779=DIRECTION('',(-1.,0.,0.));
#8780=FACE_BOUND('',#8781,.T.);
#8781=EDGE_LOOP('',(#13421,#13422,#13423,#13424));
#8782=PLANE('',#8783);
#8783=AXIS2_PLACEMENT_3D('',#8784,#8785,#8786);
#8784=CARTESIAN_POINT('',(41.76,0.75,1.5));
#8785=DIRECTION('',(0.866025403784438,0.5,-0.));
#8786=DIRECTION('',(-0.5,0.866025403784438,0.));
#8787=FACE_BOUND('',#8788,.T.);
#8788=EDGE_LOOP('',(#13425,#13426,#13427,#13428));
#8789=PLANE('',#8790);
#8790=AXIS2_PLACEMENT_3D('',#8791,#8792,#8793);
#8791=CARTESIAN_POINT('',(41.4597778600214,1.27,1.5));
#8792=DIRECTION('',(0.,1.,-0.));
#8793=DIRECTION('',(-1.,0.,0.));
#8794=FACE_BOUND('',#8795,.T.);
#8795=EDGE_LOOP('',(#13429,#13430,#13431,#13432));
#8796=PLANE('',#8797);
#8797=AXIS2_PLACEMENT_3D('',#8798,#8799,#8800);
#8798=CARTESIAN_POINT('',(39.8202221399786,1.27,1.5));
#8799=DIRECTION('',(-0.866025403784439,0.5,0.));
#8800=DIRECTION('',(-0.5,-0.866025403784439,0.));
#8801=FACE_BOUND('',#8802,.T.);
#8802=EDGE_LOOP('',(#13433,#13434,#13435,#13436));
#8803=PLANE('',#8804);
#8804=AXIS2_PLACEMENT_3D('',#8805,#8806,#8807);
#8805=CARTESIAN_POINT('',(39.37,0.75,1.5));
#8806=DIRECTION('',(0.,1.,-0.));
#8807=DIRECTION('',(-1.,0.,0.));
#8808=FACE_BOUND('',#8809,.T.);
#8809=EDGE_LOOP('',(#13437,#13438,#13439,#13440));
#8810=PLANE('',#8811);
#8811=AXIS2_PLACEMENT_3D('',#8812,#8813,#8814);
#8812=CARTESIAN_POINT('',(39.22,0.75,1.5));
#8813=DIRECTION('',(0.866025403784438,0.5,-0.));
#8814=DIRECTION('',(-0.5,0.866025403784438,0.));
#8815=FACE_BOUND('',#8816,.T.);
#8816=EDGE_LOOP('',(#13441,#13442,#13443,#13444));
#8817=PLANE('',#8818);
#8818=AXIS2_PLACEMENT_3D('',#8819,#8820,#8821);
#8819=CARTESIAN_POINT('',(38.9197778600214,1.27,1.5));
#8820=DIRECTION('',(0.,1.,-0.));
#8821=DIRECTION('',(-1.,0.,0.));
#8822=FACE_BOUND('',#8823,.T.);
#8823=EDGE_LOOP('',(#13445,#13446,#13447,#13448));
#8824=PLANE('',#8825);
#8825=AXIS2_PLACEMENT_3D('',#8826,#8827,#8828);
#8826=CARTESIAN_POINT('',(37.2802221399786,1.27,1.5));
#8827=DIRECTION('',(-0.866025403784439,0.5,0.));
#8828=DIRECTION('',(-0.5,-0.866025403784439,0.));
#8829=FACE_BOUND('',#8830,.T.);
#8830=EDGE_LOOP('',(#13449,#13450,#13451,#13452));
#8831=PLANE('',#8832);
#8832=AXIS2_PLACEMENT_3D('',#8833,#8834,#8835);
#8833=CARTESIAN_POINT('',(36.83,0.75,1.5));
#8834=DIRECTION('',(0.,1.,-0.));
#8835=DIRECTION('',(-1.,0.,0.));
#8836=FACE_BOUND('',#8837,.T.);
#8837=EDGE_LOOP('',(#13453,#13454,#13455,#13456));
#8838=PLANE('',#8839);
#8839=AXIS2_PLACEMENT_3D('',#8840,#8841,#8842);
#8840=CARTESIAN_POINT('',(36.68,0.75,1.5));
#8841=DIRECTION('',(0.866025403784438,0.5,-0.));
#8842=DIRECTION('',(-0.5,0.866025403784438,0.));
#8843=FACE_BOUND('',#8844,.T.);
#8844=EDGE_LOOP('',(#13457,#13458,#13459,#13460));
#8845=PLANE('',#8846);
#8846=AXIS2_PLACEMENT_3D('',#8847,#8848,#8849);
#8847=CARTESIAN_POINT('',(36.3797778600214,1.27,1.5));
#8848=DIRECTION('',(0.,1.,-0.));
#8849=DIRECTION('',(-1.,0.,0.));
#8850=FACE_BOUND('',#8851,.T.);
#8851=EDGE_LOOP('',(#13461,#13462,#13463,#13464));
#8852=PLANE('',#8853);
#8853=AXIS2_PLACEMENT_3D('',#8854,#8855,#8856);
#8854=CARTESIAN_POINT('',(34.7402221399786,1.27,1.5));
#8855=DIRECTION('',(-0.866025403784439,0.5,0.));
#8856=DIRECTION('',(-0.5,-0.866025403784439,0.));
#8857=FACE_BOUND('',#8858,.T.);
#8858=EDGE_LOOP('',(#13465,#13466,#13467,#13468));
#8859=PLANE('',#8860);
#8860=AXIS2_PLACEMENT_3D('',#8861,#8862,#8863);
#8861=CARTESIAN_POINT('',(34.29,0.75,1.5));
#8862=DIRECTION('',(0.,1.,-0.));
#8863=DIRECTION('',(-1.,0.,0.));
#8864=FACE_BOUND('',#8865,.T.);
#8865=EDGE_LOOP('',(#13469,#13470,#13471,#13472));
#8866=PLANE('',#8867);
#8867=AXIS2_PLACEMENT_3D('',#8868,#8869,#8870);
#8868=CARTESIAN_POINT('',(34.14,0.75,1.5));
#8869=DIRECTION('',(0.866025403784438,0.5,-0.));
#8870=DIRECTION('',(-0.5,0.866025403784438,0.));
#8871=FACE_BOUND('',#8872,.T.);
#8872=EDGE_LOOP('',(#13473,#13474,#13475,#13476));
#8873=PLANE('',#8874);
#8874=AXIS2_PLACEMENT_3D('',#8875,#8876,#8877);
#8875=CARTESIAN_POINT('',(33.8397778600214,1.27,1.5));
#8876=DIRECTION('',(0.,1.,-0.));
#8877=DIRECTION('',(-1.,0.,0.));
#8878=FACE_BOUND('',#8879,.T.);
#8879=EDGE_LOOP('',(#13477,#13478,#13479,#13480));
#8880=PLANE('',#8881);
#8881=AXIS2_PLACEMENT_3D('',#8882,#8883,#8884);
#8882=CARTESIAN_POINT('',(32.2002221399786,1.27,1.5));
#8883=DIRECTION('',(-0.866025403784439,0.5,0.));
#8884=DIRECTION('',(-0.5,-0.866025403784439,0.));
#8885=FACE_BOUND('',#8886,.T.);
#8886=EDGE_LOOP('',(#13481,#13482,#13483,#13484));
#8887=PLANE('',#8888);
#8888=AXIS2_PLACEMENT_3D('',#8889,#8890,#8891);
#8889=CARTESIAN_POINT('',(31.75,0.75,1.5));
#8890=DIRECTION('',(0.,1.,-0.));
#8891=DIRECTION('',(-1.,0.,0.));
#8892=FACE_BOUND('',#8893,.T.);
#8893=EDGE_LOOP('',(#13485,#13486,#13487,#13488));
#8894=PLANE('',#8895);
#8895=AXIS2_PLACEMENT_3D('',#8896,#8897,#8898);
#8896=CARTESIAN_POINT('',(31.6,0.75,1.5));
#8897=DIRECTION('',(0.866025403784438,0.5,-0.));
#8898=DIRECTION('',(-0.5,0.866025403784438,0.));
#8899=FACE_BOUND('',#8900,.T.);
#8900=EDGE_LOOP('',(#13489,#13490,#13491,#13492));
#8901=PLANE('',#8902);
#8902=AXIS2_PLACEMENT_3D('',#8903,#8904,#8905);
#8903=CARTESIAN_POINT('',(31.2997778600214,1.27,1.5));
#8904=DIRECTION('',(0.,1.,-0.));
#8905=DIRECTION('',(-1.,0.,0.));
#8906=FACE_BOUND('',#8907,.T.);
#8907=EDGE_LOOP('',(#13493,#13494,#13495,#13496));
#8908=PLANE('',#8909);
#8909=AXIS2_PLACEMENT_3D('',#8910,#8911,#8912);
#8910=CARTESIAN_POINT('',(29.6602221399786,1.27,1.5));
#8911=DIRECTION('',(-0.866025403784439,0.5,0.));
#8912=DIRECTION('',(-0.5,-0.866025403784439,0.));
#8913=FACE_BOUND('',#8914,.T.);
#8914=EDGE_LOOP('',(#13497,#13498,#13499,#13500));
#8915=PLANE('',#8916);
#8916=AXIS2_PLACEMENT_3D('',#8917,#8918,#8919);
#8917=CARTESIAN_POINT('',(29.21,0.75,1.5));
#8918=DIRECTION('',(0.,1.,-0.));
#8919=DIRECTION('',(-1.,0.,0.));
#8920=FACE_BOUND('',#8921,.T.);
#8921=EDGE_LOOP('',(#13501,#13502,#13503,#13504));
#8922=PLANE('',#8923);
#8923=AXIS2_PLACEMENT_3D('',#8924,#8925,#8926);
#8924=CARTESIAN_POINT('',(29.06,0.75,1.5));
#8925=DIRECTION('',(0.866025403784438,0.5,-0.));
#8926=DIRECTION('',(-0.5,0.866025403784438,0.));
#8927=FACE_BOUND('',#8928,.T.);
#8928=EDGE_LOOP('',(#13505,#13506,#13507,#13508));
#8929=PLANE('',#8930);
#8930=AXIS2_PLACEMENT_3D('',#8931,#8932,#8933);
#8931=CARTESIAN_POINT('',(28.7597778600214,1.27,1.5));
#8932=DIRECTION('',(0.,1.,-0.));
#8933=DIRECTION('',(-1.,0.,0.));
#8934=FACE_BOUND('',#8935,.T.);
#8935=EDGE_LOOP('',(#13509,#13510,#13511,#13512));
#8936=PLANE('',#8937);
#8937=AXIS2_PLACEMENT_3D('',#8938,#8939,#8940);
#8938=CARTESIAN_POINT('',(27.1202221399786,1.27,1.5));
#8939=DIRECTION('',(-0.866025403784439,0.5,0.));
#8940=DIRECTION('',(-0.5,-0.866025403784439,0.));
#8941=FACE_BOUND('',#8942,.T.);
#8942=EDGE_LOOP('',(#13513,#13514,#13515,#13516));
#8943=PLANE('',#8944);
#8944=AXIS2_PLACEMENT_3D('',#8945,#8946,#8947);
#8945=CARTESIAN_POINT('',(26.67,0.75,1.5));
#8946=DIRECTION('',(0.,1.,-0.));
#8947=DIRECTION('',(-1.,0.,0.));
#8948=FACE_BOUND('',#8949,.T.);
#8949=EDGE_LOOP('',(#13517,#13518,#13519,#13520));
#8950=PLANE('',#8951);
#8951=AXIS2_PLACEMENT_3D('',#8952,#8953,#8954);
#8952=CARTESIAN_POINT('',(26.52,0.75,1.5));
#8953=DIRECTION('',(0.866025403784438,0.5,-0.));
#8954=DIRECTION('',(-0.5,0.866025403784438,0.));
#8955=FACE_BOUND('',#8956,.T.);
#8956=EDGE_LOOP('',(#13521,#13522,#13523,#13524));
#8957=PLANE('',#8958);
#8958=AXIS2_PLACEMENT_3D('',#8959,#8960,#8961);
#8959=CARTESIAN_POINT('',(26.2197778600214,1.27,1.5));
#8960=DIRECTION('',(0.,1.,-0.));
#8961=DIRECTION('',(-1.,0.,0.));
#8962=FACE_BOUND('',#8963,.T.);
#8963=EDGE_LOOP('',(#13525,#13526,#13527,#13528));
#8964=PLANE('',#8965);
#8965=AXIS2_PLACEMENT_3D('',#8966,#8967,#8968);
#8966=CARTESIAN_POINT('',(24.5802221399786,1.27,1.5));
#8967=DIRECTION('',(-0.866025403784439,0.5,0.));
#8968=DIRECTION('',(-0.5,-0.866025403784439,0.));
#8969=FACE_BOUND('',#8970,.T.);
#8970=EDGE_LOOP('',(#13529,#13530,#13531,#13532));
#8971=PLANE('',#8972);
#8972=AXIS2_PLACEMENT_3D('',#8973,#8974,#8975);
#8973=CARTESIAN_POINT('',(24.13,0.75,1.5));
#8974=DIRECTION('',(0.,1.,-0.));
#8975=DIRECTION('',(-1.,0.,0.));
#8976=FACE_BOUND('',#8977,.T.);
#8977=EDGE_LOOP('',(#13533,#13534,#13535,#13536));
#8978=PLANE('',#8979);
#8979=AXIS2_PLACEMENT_3D('',#8980,#8981,#8982);
#8980=CARTESIAN_POINT('',(23.98,0.75,1.5));
#8981=DIRECTION('',(0.866025403784438,0.5,-0.));
#8982=DIRECTION('',(-0.5,0.866025403784438,0.));
#8983=FACE_BOUND('',#8984,.T.);
#8984=EDGE_LOOP('',(#13537,#13538,#13539,#13540));
#8985=PLANE('',#8986);
#8986=AXIS2_PLACEMENT_3D('',#8987,#8988,#8989);
#8987=CARTESIAN_POINT('',(23.6797778600214,1.27,1.5));
#8988=DIRECTION('',(0.,1.,-0.));
#8989=DIRECTION('',(-1.,0.,0.));
#8990=FACE_BOUND('',#8991,.T.);
#8991=EDGE_LOOP('',(#13541,#13542,#13543,#13544));
#8992=PLANE('',#8993);
#8993=AXIS2_PLACEMENT_3D('',#8994,#8995,#8996);
#8994=CARTESIAN_POINT('',(22.0402221399786,1.27,1.5));
#8995=DIRECTION('',(-0.866025403784439,0.5,0.));
#8996=DIRECTION('',(-0.5,-0.866025403784439,0.));
#8997=FACE_BOUND('',#8998,.T.);
#8998=EDGE_LOOP('',(#13545,#13546,#13547,#13548));
#8999=PLANE('',#9000);
#9000=AXIS2_PLACEMENT_3D('',#9001,#9002,#9003);
#9001=CARTESIAN_POINT('',(21.59,0.75,1.5));
#9002=DIRECTION('',(0.,1.,-0.));
#9003=DIRECTION('',(-1.,0.,0.));
#9004=FACE_BOUND('',#9005,.T.);
#9005=EDGE_LOOP('',(#13549,#13550,#13551,#13552));
#9006=PLANE('',#9007);
#9007=AXIS2_PLACEMENT_3D('',#9008,#9009,#9010);
#9008=CARTESIAN_POINT('',(21.44,0.75,1.5));
#9009=DIRECTION('',(0.866025403784438,0.5,-0.));
#9010=DIRECTION('',(-0.5,0.866025403784438,0.));
#9011=FACE_BOUND('',#9012,.T.);
#9012=EDGE_LOOP('',(#13553,#13554,#13555,#13556));
#9013=PLANE('',#9014);
#9014=AXIS2_PLACEMENT_3D('',#9015,#9016,#9017);
#9015=CARTESIAN_POINT('',(21.1397778600214,1.27,1.5));
#9016=DIRECTION('',(0.,1.,-0.));
#9017=DIRECTION('',(-1.,0.,0.));
#9018=FACE_BOUND('',#9019,.T.);
#9019=EDGE_LOOP('',(#13557,#13558,#13559,#13560));
#9020=PLANE('',#9021);
#9021=AXIS2_PLACEMENT_3D('',#9022,#9023,#9024);
#9022=CARTESIAN_POINT('',(19.5002221399786,1.27,1.5));
#9023=DIRECTION('',(-0.866025403784439,0.5,0.));
#9024=DIRECTION('',(-0.5,-0.866025403784439,0.));
#9025=FACE_BOUND('',#9026,.T.);
#9026=EDGE_LOOP('',(#13561,#13562,#13563,#13564));
#9027=PLANE('',#9028);
#9028=AXIS2_PLACEMENT_3D('',#9029,#9030,#9031);
#9029=CARTESIAN_POINT('',(19.05,0.75,1.5));
#9030=DIRECTION('',(0.,1.,-0.));
#9031=DIRECTION('',(-1.,0.,0.));
#9032=FACE_BOUND('',#9033,.T.);
#9033=EDGE_LOOP('',(#13565,#13566,#13567,#13568));
#9034=PLANE('',#9035);
#9035=AXIS2_PLACEMENT_3D('',#9036,#9037,#9038);
#9036=CARTESIAN_POINT('',(18.9,0.75,1.5));
#9037=DIRECTION('',(0.866025403784438,0.5,-0.));
#9038=DIRECTION('',(-0.5,0.866025403784438,0.));
#9039=FACE_BOUND('',#9040,.T.);
#9040=EDGE_LOOP('',(#13569,#13570,#13571,#13572));
#9041=PLANE('',#9042);
#9042=AXIS2_PLACEMENT_3D('',#9043,#9044,#9045);
#9043=CARTESIAN_POINT('',(18.5997778600214,1.27,1.5));
#9044=DIRECTION('',(0.,1.,-0.));
#9045=DIRECTION('',(-1.,0.,0.));
#9046=FACE_BOUND('',#9047,.T.);
#9047=EDGE_LOOP('',(#13573,#13574,#13575,#13576));
#9048=PLANE('',#9049);
#9049=AXIS2_PLACEMENT_3D('',#9050,#9051,#9052);
#9050=CARTESIAN_POINT('',(16.9602221399786,1.27,1.5));
#9051=DIRECTION('',(-0.866025403784439,0.5,0.));
#9052=DIRECTION('',(-0.5,-0.866025403784439,0.));
#9053=FACE_BOUND('',#9054,.T.);
#9054=EDGE_LOOP('',(#13577,#13578,#13579,#13580));
#9055=PLANE('',#9056);
#9056=AXIS2_PLACEMENT_3D('',#9057,#9058,#9059);
#9057=CARTESIAN_POINT('',(16.51,0.75,1.5));
#9058=DIRECTION('',(0.,1.,-0.));
#9059=DIRECTION('',(-1.,0.,0.));
#9060=FACE_BOUND('',#9061,.T.);
#9061=EDGE_LOOP('',(#13581,#13582,#13583,#13584));
#9062=PLANE('',#9063);
#9063=AXIS2_PLACEMENT_3D('',#9064,#9065,#9066);
#9064=CARTESIAN_POINT('',(16.36,0.75,1.5));
#9065=DIRECTION('',(0.866025403784438,0.5,-0.));
#9066=DIRECTION('',(-0.5,0.866025403784438,0.));
#9067=FACE_BOUND('',#9068,.T.);
#9068=EDGE_LOOP('',(#13585,#13586,#13587,#13588));
#9069=PLANE('',#9070);
#9070=AXIS2_PLACEMENT_3D('',#9071,#9072,#9073);
#9071=CARTESIAN_POINT('',(16.0597778600214,1.27,1.5));
#9072=DIRECTION('',(0.,1.,-0.));
#9073=DIRECTION('',(-1.,0.,0.));
#9074=FACE_BOUND('',#9075,.T.);
#9075=EDGE_LOOP('',(#13589,#13590,#13591,#13592));
#9076=PLANE('',#9077);
#9077=AXIS2_PLACEMENT_3D('',#9078,#9079,#9080);
#9078=CARTESIAN_POINT('',(14.4202221399786,1.27,1.5));
#9079=DIRECTION('',(-0.866025403784439,0.5,0.));
#9080=DIRECTION('',(-0.5,-0.866025403784439,0.));
#9081=FACE_BOUND('',#9082,.T.);
#9082=EDGE_LOOP('',(#13593,#13594,#13595,#13596));
#9083=PLANE('',#9084);
#9084=AXIS2_PLACEMENT_3D('',#9085,#9086,#9087);
#9085=CARTESIAN_POINT('',(13.97,0.75,1.5));
#9086=DIRECTION('',(0.,1.,-0.));
#9087=DIRECTION('',(-1.,0.,0.));
#9088=FACE_BOUND('',#9089,.T.);
#9089=EDGE_LOOP('',(#13597,#13598,#13599,#13600));
#9090=PLANE('',#9091);
#9091=AXIS2_PLACEMENT_3D('',#9092,#9093,#9094);
#9092=CARTESIAN_POINT('',(13.82,0.75,1.5));
#9093=DIRECTION('',(0.866025403784438,0.5,-0.));
#9094=DIRECTION('',(-0.5,0.866025403784438,0.));
#9095=FACE_BOUND('',#9096,.T.);
#9096=EDGE_LOOP('',(#13601,#13602,#13603,#13604));
#9097=PLANE('',#9098);
#9098=AXIS2_PLACEMENT_3D('',#9099,#9100,#9101);
#9099=CARTESIAN_POINT('',(13.5197778600214,1.27,1.5));
#9100=DIRECTION('',(0.,1.,-0.));
#9101=DIRECTION('',(-1.,0.,0.));
#9102=FACE_BOUND('',#9103,.T.);
#9103=EDGE_LOOP('',(#13605,#13606,#13607,#13608));
#9104=PLANE('',#9105);
#9105=AXIS2_PLACEMENT_3D('',#9106,#9107,#9108);
#9106=CARTESIAN_POINT('',(11.8802221399786,1.27,1.5));
#9107=DIRECTION('',(-0.866025403784439,0.5,0.));
#9108=DIRECTION('',(-0.5,-0.866025403784439,0.));
#9109=FACE_BOUND('',#9110,.T.);
#9110=EDGE_LOOP('',(#13609,#13610,#13611,#13612));
#9111=PLANE('',#9112);
#9112=AXIS2_PLACEMENT_3D('',#9113,#9114,#9115);
#9113=CARTESIAN_POINT('',(11.43,0.75,1.5));
#9114=DIRECTION('',(0.,1.,-0.));
#9115=DIRECTION('',(-1.,0.,0.));
#9116=FACE_BOUND('',#9117,.T.);
#9117=EDGE_LOOP('',(#13613,#13614,#13615,#13616));
#9118=PLANE('',#9119);
#9119=AXIS2_PLACEMENT_3D('',#9120,#9121,#9122);
#9120=CARTESIAN_POINT('',(11.28,0.75,1.5));
#9121=DIRECTION('',(0.866025403784438,0.5,-0.));
#9122=DIRECTION('',(-0.5,0.866025403784438,0.));
#9123=FACE_BOUND('',#9124,.T.);
#9124=EDGE_LOOP('',(#13617,#13618,#13619,#13620));
#9125=PLANE('',#9126);
#9126=AXIS2_PLACEMENT_3D('',#9127,#9128,#9129);
#9127=CARTESIAN_POINT('',(10.9797778600214,1.27,1.5));
#9128=DIRECTION('',(0.,1.,-0.));
#9129=DIRECTION('',(-1.,0.,0.));
#9130=FACE_BOUND('',#9131,.T.);
#9131=EDGE_LOOP('',(#13621,#13622,#13623,#13624));
#9132=PLANE('',#9133);
#9133=AXIS2_PLACEMENT_3D('',#9134,#9135,#9136);
#9134=CARTESIAN_POINT('',(9.34022213997861,1.27,1.5));
#9135=DIRECTION('',(-0.866025403784439,0.5,0.));
#9136=DIRECTION('',(-0.5,-0.866025403784439,0.));
#9137=FACE_BOUND('',#9138,.T.);
#9138=EDGE_LOOP('',(#13625,#13626,#13627,#13628));
#9139=PLANE('',#9140);
#9140=AXIS2_PLACEMENT_3D('',#9141,#9142,#9143);
#9141=CARTESIAN_POINT('',(8.89,0.75,1.5));
#9142=DIRECTION('',(0.,1.,-0.));
#9143=DIRECTION('',(-1.,0.,0.));
#9144=FACE_BOUND('',#9145,.T.);
#9145=EDGE_LOOP('',(#13629,#13630,#13631,#13632));
#9146=PLANE('',#9147);
#9147=AXIS2_PLACEMENT_3D('',#9148,#9149,#9150);
#9148=CARTESIAN_POINT('',(8.74,0.75,1.5));
#9149=DIRECTION('',(0.866025403784438,0.5,-0.));
#9150=DIRECTION('',(-0.5,0.866025403784438,0.));
#9151=FACE_BOUND('',#9152,.T.);
#9152=EDGE_LOOP('',(#13633,#13634,#13635,#13636));
#9153=PLANE('',#9154);
#9154=AXIS2_PLACEMENT_3D('',#9155,#9156,#9157);
#9155=CARTESIAN_POINT('',(8.43977786002139,1.27,1.5));
#9156=DIRECTION('',(0.,1.,-0.));
#9157=DIRECTION('',(-1.,0.,0.));
#9158=FACE_BOUND('',#9159,.T.);
#9159=EDGE_LOOP('',(#13637,#13638,#13639,#13640));
#9160=PLANE('',#9161);
#9161=AXIS2_PLACEMENT_3D('',#9162,#9163,#9164);
#9162=CARTESIAN_POINT('',(6.80022213997861,1.27,1.5));
#9163=DIRECTION('',(-0.866025403784439,0.5,0.));
#9164=DIRECTION('',(-0.5,-0.866025403784439,0.));
#9165=FACE_BOUND('',#9166,.T.);
#9166=EDGE_LOOP('',(#13641,#13642,#13643,#13644));
#9167=PLANE('',#9168);
#9168=AXIS2_PLACEMENT_3D('',#9169,#9170,#9171);
#9169=CARTESIAN_POINT('',(6.35,0.75,1.5));
#9170=DIRECTION('',(0.,1.,-0.));
#9171=DIRECTION('',(-1.,0.,0.));
#9172=FACE_BOUND('',#9173,.T.);
#9173=EDGE_LOOP('',(#13645,#13646,#13647,#13648));
#9174=PLANE('',#9175);
#9175=AXIS2_PLACEMENT_3D('',#9176,#9177,#9178);
#9176=CARTESIAN_POINT('',(6.2,0.75,1.5));
#9177=DIRECTION('',(0.866025403784438,0.5,-0.));
#9178=DIRECTION('',(-0.5,0.866025403784438,0.));
#9179=FACE_BOUND('',#9180,.T.);
#9180=EDGE_LOOP('',(#13649,#13650,#13651,#13652));
#9181=PLANE('',#9182);
#9182=AXIS2_PLACEMENT_3D('',#9183,#9184,#9185);
#9183=CARTESIAN_POINT('',(5.89977786002139,1.27,1.5));
#9184=DIRECTION('',(0.,1.,-0.));
#9185=DIRECTION('',(-1.,0.,0.));
#9186=FACE_BOUND('',#9187,.T.);
#9187=EDGE_LOOP('',(#13653,#13654,#13655,#13656));
#9188=PLANE('',#9189);
#9189=AXIS2_PLACEMENT_3D('',#9190,#9191,#9192);
#9190=CARTESIAN_POINT('',(4.26022213997861,1.27,1.5));
#9191=DIRECTION('',(-0.866025403784439,0.5,0.));
#9192=DIRECTION('',(-0.5,-0.866025403784439,0.));
#9193=FACE_BOUND('',#9194,.T.);
#9194=EDGE_LOOP('',(#13657,#13658,#13659,#13660));
#9195=PLANE('',#9196);
#9196=AXIS2_PLACEMENT_3D('',#9197,#9198,#9199);
#9197=CARTESIAN_POINT('',(3.81,0.75,1.5));
#9198=DIRECTION('',(0.,1.,-0.));
#9199=DIRECTION('',(-1.,0.,0.));
#9200=FACE_BOUND('',#9201,.T.);
#9201=EDGE_LOOP('',(#13661,#13662,#13663,#13664));
#9202=PLANE('',#9203);
#9203=AXIS2_PLACEMENT_3D('',#9204,#9205,#9206);
#9204=CARTESIAN_POINT('',(3.66,0.75,1.5));
#9205=DIRECTION('',(0.866025403784438,0.5,-0.));
#9206=DIRECTION('',(-0.5,0.866025403784438,0.));
#9207=FACE_BOUND('',#9208,.T.);
#9208=EDGE_LOOP('',(#13665,#13666,#13667,#13668));
#9209=PLANE('',#9210);
#9210=AXIS2_PLACEMENT_3D('',#9211,#9212,#9213);
#9211=CARTESIAN_POINT('',(3.35977786002139,1.27,1.5));
#9212=DIRECTION('',(0.,1.,-0.));
#9213=DIRECTION('',(-1.,0.,0.));
#9214=FACE_BOUND('',#9215,.T.);
#9215=EDGE_LOOP('',(#13669,#13670,#13671,#13672));
#9216=PLANE('',#9217);
#9217=AXIS2_PLACEMENT_3D('',#9218,#9219,#9220);
#9218=CARTESIAN_POINT('',(1.72022213997861,1.27,1.5));
#9219=DIRECTION('',(-0.866025403784439,0.5,0.));
#9220=DIRECTION('',(-0.5,-0.866025403784439,0.));
#9221=FACE_BOUND('',#9222,.T.);
#9222=EDGE_LOOP('',(#13673,#13674,#13675,#13676));
#9223=PLANE('',#9224);
#9224=AXIS2_PLACEMENT_3D('',#9225,#9226,#9227);
#9225=CARTESIAN_POINT('',(1.27,0.75,1.5));
#9226=DIRECTION('',(0.,1.,-0.));
#9227=DIRECTION('',(-1.,0.,0.));
#9228=FACE_BOUND('',#9229,.T.);
#9229=EDGE_LOOP('',(#13677,#13678,#13679,#13680));
#9230=PLANE('',#9231);
#9231=AXIS2_PLACEMENT_3D('',#9232,#9233,#9234);
#9232=CARTESIAN_POINT('',(1.12,0.75,1.5));
#9233=DIRECTION('',(0.866025403784438,0.5,-0.));
#9234=DIRECTION('',(-0.5,0.866025403784438,0.));
#9235=FACE_BOUND('',#9236,.T.);
#9236=EDGE_LOOP('',(#13681,#13682,#13683,#13684));
#9237=PLANE('',#9238);
#9238=AXIS2_PLACEMENT_3D('',#9239,#9240,#9241);
#9239=CARTESIAN_POINT('',(0.819777860021394,1.27,1.5));
#9240=DIRECTION('',(0.,1.,-0.));
#9241=DIRECTION('',(-1.,0.,0.));
#9242=FACE_BOUND('',#9243,.T.);
#9243=EDGE_LOOP('',(#13685,#13686,#13687,#13688));
#9244=PLANE('',#9245);
#9245=AXIS2_PLACEMENT_3D('',#9246,#9247,#9248);
#9246=CARTESIAN_POINT('',(-0.819777860021395,1.27,1.5));
#9247=DIRECTION('',(-0.866025403784439,0.5,0.));
#9248=DIRECTION('',(-0.5,-0.866025403784439,0.));
#9249=FACE_BOUND('',#9250,.T.);
#9250=EDGE_LOOP('',(#13689,#13690,#13691,#13692));
#9251=PLANE('',#9252);
#9252=AXIS2_PLACEMENT_3D('',#9253,#9254,#9255);
#9253=CARTESIAN_POINT('',(-1.12,0.75,1.5));
#9254=DIRECTION('',(0.,1.,-0.));
#9255=DIRECTION('',(-1.,0.,0.));
#9256=FACE_BOUND('',#9257,.T.);
#9257=EDGE_LOOP('',(#13693,#13694,#13695,#13696));
#9258=PLANE('',#9259);
#9259=AXIS2_PLACEMENT_3D('',#9260,#9261,#9262);
#9260=CARTESIAN_POINT('',(-1.27,0.75,1.5));
#9261=DIRECTION('',(-1.,0.,0.));
#9262=DIRECTION('',(0.,-1.,0.));
#9263=FACE_OUTER_BOUND('',#9264,.T.);
#9264=EDGE_LOOP('',(#13697));
#9265=FACE_OUTER_BOUND('',#9266,.T.);
#9266=EDGE_LOOP('',(#13698));
#9267=CYLINDRICAL_SURFACE('',#9268,0.9);
#9268=AXIS2_PLACEMENT_3D('',#9269,#9270,#9271);
#9269=CARTESIAN_POINT('',(0.,0.,4.));
#9270=DIRECTION('',(0.,0.,1.));
#9271=DIRECTION('',(1.,0.,0.));
#9272=FACE_OUTER_BOUND('',#9273,.T.);
#9273=EDGE_LOOP('',(#13699));
#9274=FACE_OUTER_BOUND('',#9275,.T.);
#9275=EDGE_LOOP('',(#13700));
#9276=CYLINDRICAL_SURFACE('',#9277,0.66);
#9277=AXIS2_PLACEMENT_3D('',#9278,#9279,#9280);
#9278=CARTESIAN_POINT('',(0.,0.,1.5));
#9279=DIRECTION('',(0.,0.,1.));
#9280=DIRECTION('',(1.,0.,0.));
#9281=FACE_BOUND('',#9282,.T.);
#9282=EDGE_LOOP('',(#13701));
#9283=FACE_BOUND('',#9284,.T.);
#9284=EDGE_LOOP('',(#13702));
#9285=PLANE('',#9286);
#9286=AXIS2_PLACEMENT_3D('',#9287,#9288,#9289);
#9287=CARTESIAN_POINT('',(0.,0.,4.));
#9288=DIRECTION('',(0.,0.,1.));
#9289=DIRECTION('',(1.,0.,0.));
#9290=FACE_OUTER_BOUND('',#9291,.T.);
#9291=EDGE_LOOP('',(#13703));
#9292=SPHERICAL_SURFACE('',#9293,0.3);
#9293=AXIS2_PLACEMENT_3D('',#9294,#9295,#9296);
#9294=CARTESIAN_POINT('',(-4.71489017671731E-016,-4.71489017671731E-016,7.7));
#9295=DIRECTION('',(-6.12323399573677E-017,-6.12323399573677E-017,1.));
#9296=DIRECTION('',(-1.,-1.22464679914736E-016,-6.12323399573677E-017));
#9297=FACE_OUTER_BOUND('',#9298,.T.);
#9298=EDGE_LOOP('',(#13704));
#9299=FACE_OUTER_BOUND('',#9300,.T.);
#9300=EDGE_LOOP('',(#13705));
#9301=CYLINDRICAL_SURFACE('',#9302,0.3);
#9302=AXIS2_PLACEMENT_3D('',#9303,#9304,#9305);
#9303=CARTESIAN_POINT('',(-3.06161699786838E-016,-3.06161699786838E-016,5.));
#9304=DIRECTION('',(-6.12323399573677E-017,-6.12323399573677E-017,1.));
#9305=DIRECTION('',(-1.,-1.22464679914735E-016,-6.12323399573677E-017));
#9306=FACE_BOUND('',#9307,.T.);
#9307=EDGE_LOOP('',(#13706));
#9308=FACE_BOUND('',#9309,.T.);
#9309=EDGE_LOOP('',(#13707));
#9310=PLANE('',#9311);
#9311=AXIS2_PLACEMENT_3D('',#9312,#9313,#9314);
#9312=CARTESIAN_POINT('',(-3.06161699786838E-016,-3.06161699786838E-016,5.));
#9313=DIRECTION('',(-6.12323399573677E-017,-6.12323399573677E-017,1.));
#9314=DIRECTION('',(-1.,-1.22464679914735E-016,-6.12323399573677E-017));
#9315=FACE_OUTER_BOUND('',#9316,.T.);
#9316=EDGE_LOOP('',(#13708));
#9317=FACE_OUTER_BOUND('',#9318,.T.);
#9318=EDGE_LOOP('',(#13709));
#9319=CYLINDRICAL_SURFACE('',#9320,0.9);
#9320=AXIS2_PLACEMENT_3D('',#9321,#9322,#9323);
#9321=CARTESIAN_POINT('',(-2.44929359829471E-016,-2.44929359829471E-016,4.));
#9322=DIRECTION('',(-6.12323399573677E-017,-6.12323399573677E-017,1.));
#9323=DIRECTION('',(-1.,-1.22464679914735E-016,-6.12323399573677E-017));
#9324=FACE_BOUND('',#9325,.T.);
#9325=EDGE_LOOP('',(#13710));
#9326=FACE_BOUND('',#9327,.T.);
#9327=EDGE_LOOP('',(#13711));
#9328=PLANE('',#9329);
#9329=AXIS2_PLACEMENT_3D('',#9330,#9331,#9332);
#9330=CARTESIAN_POINT('',(-2.44929359829471E-016,-2.44929359829471E-016,4.));
#9331=DIRECTION('',(6.12323399573677E-017,6.12323399573677E-017,-1.));
#9332=DIRECTION('',(-1.,-1.22464679914735E-016,-6.12323399573677E-017));
#9333=FACE_OUTER_BOUND('',#9334,.T.);
#9334=EDGE_LOOP('',(#13712));
#9335=FACE_OUTER_BOUND('',#9336,.T.);
#9336=EDGE_LOOP('',(#13713));
#9337=CYLINDRICAL_SURFACE('',#9338,0.66);
#9338=AXIS2_PLACEMENT_3D('',#9339,#9340,#9341);
#9339=CARTESIAN_POINT('',(-2.63299061816681E-017,-2.63299061816681E-017,0.43));
#9340=DIRECTION('',(-6.12323399573677E-017,-6.12323399573677E-017,1.));
#9341=DIRECTION('',(-1.,-1.22464679914735E-016,-6.12323399573677E-017));
#9342=FACE_OUTER_BOUND('',#9343,.T.);
#9343=EDGE_LOOP('',(#13714));
#9344=FACE_OUTER_BOUND('',#9345,.T.);
#9345=EDGE_LOOP('',(#13715));
#9346=CONICAL_SURFACE('',#9347,0.445,0.785398163397448);
#9347=AXIS2_PLACEMENT_3D('',#9348,#9349,#9350);
#9348=CARTESIAN_POINT('',(-1.3164953090834E-017,-1.3164953090834E-017,0.215));
#9349=DIRECTION('',(-6.12323399573677E-017,-6.12323399573677E-017,1.));
#9350=DIRECTION('',(-1.,-1.22464679914735E-016,-6.12323399573677E-017));
#9351=FACE_OUTER_BOUND('',#9352,.T.);
#9352=EDGE_LOOP('',(#13716));
#9353=FACE_OUTER_BOUND('',#9354,.T.);
#9354=EDGE_LOOP('',(#13717));
#9355=CYLINDRICAL_SURFACE('',#9356,0.23);
#9356=AXIS2_PLACEMENT_3D('',#9357,#9358,#9359);
#9357=CARTESIAN_POINT('',(2.11863896252492E-016,2.11863896252492E-016,-3.46));
#9358=DIRECTION('',(-6.12323399573677E-017,-6.12323399573677E-017,1.));
#9359=DIRECTION('',(-1.,-1.22464679914735E-016,-6.12323399573675E-017));
#9360=FACE_OUTER_BOUND('',#9361,.T.);
#9361=EDGE_LOOP('',(#13718));
#9362=SPHERICAL_SURFACE('',#9363,0.23);
#9363=AXIS2_PLACEMENT_3D('',#9364,#9365,#9366);
#9364=CARTESIAN_POINT('',(2.11863896252492E-016,2.11863896252492E-016,-3.46));
#9365=DIRECTION('',(-6.12323399573677E-017,-6.12323399573677E-017,1.));
#9366=DIRECTION('',(-1.,-1.22464679914735E-016,-6.12323399573677E-017));
#9367=FACE_OUTER_BOUND('',#9368,.T.);
#9368=EDGE_LOOP('',(#13719));
#9369=SPHERICAL_SURFACE('',#9370,0.3);
#9370=AXIS2_PLACEMENT_3D('',#9371,#9372,#9373);
#9371=CARTESIAN_POINT('',(2.54,-4.71489017671731E-016,7.7));
#9372=DIRECTION('',(-6.12323399573677E-017,-6.12323399573677E-017,1.));
#9373=DIRECTION('',(-1.,-1.22464679914736E-016,-6.12323399573677E-017));
#9374=FACE_OUTER_BOUND('',#9375,.T.);
#9375=EDGE_LOOP('',(#13720));
#9376=FACE_OUTER_BOUND('',#9377,.T.);
#9377=EDGE_LOOP('',(#13721));
#9378=CYLINDRICAL_SURFACE('',#9379,0.3);
#9379=AXIS2_PLACEMENT_3D('',#9380,#9381,#9382);
#9380=CARTESIAN_POINT('',(2.54,-3.06161699786838E-016,5.));
#9381=DIRECTION('',(-6.12323399573677E-017,-6.12323399573677E-017,1.));
#9382=DIRECTION('',(-1.,-1.22464679914735E-016,-6.12323399573677E-017));
#9383=FACE_BOUND('',#9384,.T.);
#9384=EDGE_LOOP('',(#13722));
#9385=FACE_BOUND('',#9386,.T.);
#9386=EDGE_LOOP('',(#13723));
#9387=PLANE('',#9388);
#9388=AXIS2_PLACEMENT_3D('',#9389,#9390,#9391);
#9389=CARTESIAN_POINT('',(2.54,-3.06161699786838E-016,5.));
#9390=DIRECTION('',(-6.12323399573677E-017,-6.12323399573677E-017,1.));
#9391=DIRECTION('',(-1.,-1.22464679914735E-016,-6.12323399573677E-017));
#9392=FACE_OUTER_BOUND('',#9393,.T.);
#9393=EDGE_LOOP('',(#13724));
#9394=FACE_OUTER_BOUND('',#9395,.T.);
#9395=EDGE_LOOP('',(#13725));
#9396=CYLINDRICAL_SURFACE('',#9397,0.9);
#9397=AXIS2_PLACEMENT_3D('',#9398,#9399,#9400);
#9398=CARTESIAN_POINT('',(2.54,-2.44929359829471E-016,4.));
#9399=DIRECTION('',(-6.12323399573677E-017,-6.12323399573677E-017,1.));
#9400=DIRECTION('',(-1.,-1.22464679914735E-016,-6.12323399573677E-017));
#9401=FACE_BOUND('',#9402,.T.);
#9402=EDGE_LOOP('',(#13726));
#9403=FACE_BOUND('',#9404,.T.);
#9404=EDGE_LOOP('',(#13727));
#9405=PLANE('',#9406);
#9406=AXIS2_PLACEMENT_3D('',#9407,#9408,#9409);
#9407=CARTESIAN_POINT('',(2.54,-2.44929359829471E-016,4.));
#9408=DIRECTION('',(6.12323399573677E-017,6.12323399573677E-017,-1.));
#9409=DIRECTION('',(-1.,-1.22464679914735E-016,-6.12323399573677E-017));
#9410=FACE_OUTER_BOUND('',#9411,.T.);
#9411=EDGE_LOOP('',(#13728));
#9412=FACE_OUTER_BOUND('',#9413,.T.);
#9413=EDGE_LOOP('',(#13729));
#9414=CYLINDRICAL_SURFACE('',#9415,0.66);
#9415=AXIS2_PLACEMENT_3D('',#9416,#9417,#9418);
#9416=CARTESIAN_POINT('',(2.54,-2.63299061816681E-017,0.43));
#9417=DIRECTION('',(-6.12323399573677E-017,-6.12323399573677E-017,1.));
#9418=DIRECTION('',(-1.,-1.22464679914735E-016,-6.12323399573677E-017));
#9419=FACE_OUTER_BOUND('',#9420,.T.);
#9420=EDGE_LOOP('',(#13730));
#9421=FACE_OUTER_BOUND('',#9422,.T.);
#9422=EDGE_LOOP('',(#13731));
#9423=CONICAL_SURFACE('',#9424,0.445,0.785398163397448);
#9424=AXIS2_PLACEMENT_3D('',#9425,#9426,#9427);
#9425=CARTESIAN_POINT('',(2.54,-1.3164953090834E-017,0.215));
#9426=DIRECTION('',(-6.12323399573677E-017,-6.12323399573677E-017,1.));
#9427=DIRECTION('',(-1.,-1.22464679914735E-016,-6.12323399573677E-017));
#9428=FACE_OUTER_BOUND('',#9429,.T.);
#9429=EDGE_LOOP('',(#13732));
#9430=FACE_OUTER_BOUND('',#9431,.T.);
#9431=EDGE_LOOP('',(#13733));
#9432=CYLINDRICAL_SURFACE('',#9433,0.23);
#9433=AXIS2_PLACEMENT_3D('',#9434,#9435,#9436);
#9434=CARTESIAN_POINT('',(2.54,2.11863896252492E-016,-3.46));
#9435=DIRECTION('',(-6.12323399573677E-017,-6.12323399573677E-017,1.));
#9436=DIRECTION('',(-1.,-1.22464679914735E-016,-6.12323399573675E-017));
#9437=FACE_OUTER_BOUND('',#9438,.T.);
#9438=EDGE_LOOP('',(#13734));
#9439=SPHERICAL_SURFACE('',#9440,0.23);
#9440=AXIS2_PLACEMENT_3D('',#9441,#9442,#9443);
#9441=CARTESIAN_POINT('',(2.54,2.11863896252492E-016,-3.46));
#9442=DIRECTION('',(-6.12323399573677E-017,-6.12323399573677E-017,1.));
#9443=DIRECTION('',(-1.,-1.22464679914735E-016,-6.12323399573677E-017));
#9444=FACE_OUTER_BOUND('',#9445,.T.);
#9445=EDGE_LOOP('',(#13735));
#9446=SPHERICAL_SURFACE('',#9447,0.3);
#9447=AXIS2_PLACEMENT_3D('',#9448,#9449,#9450);
#9448=CARTESIAN_POINT('',(5.08,-4.71489017671731E-016,7.7));
#9449=DIRECTION('',(-6.12323399573677E-017,-6.12323399573677E-017,1.));
#9450=DIRECTION('',(-1.,-1.22464679914736E-016,-6.12323399573677E-017));
#9451=FACE_OUTER_BOUND('',#9452,.T.);
#9452=EDGE_LOOP('',(#13736));
#9453=FACE_OUTER_BOUND('',#9454,.T.);
#9454=EDGE_LOOP('',(#13737));
#9455=CYLINDRICAL_SURFACE('',#9456,0.3);
#9456=AXIS2_PLACEMENT_3D('',#9457,#9458,#9459);
#9457=CARTESIAN_POINT('',(5.08,-3.06161699786838E-016,5.));
#9458=DIRECTION('',(-6.12323399573677E-017,-6.12323399573677E-017,1.));
#9459=DIRECTION('',(-1.,-1.22464679914735E-016,-6.12323399573677E-017));
#9460=FACE_BOUND('',#9461,.T.);
#9461=EDGE_LOOP('',(#13738));
#9462=FACE_BOUND('',#9463,.T.);
#9463=EDGE_LOOP('',(#13739));
#9464=PLANE('',#9465);
#9465=AXIS2_PLACEMENT_3D('',#9466,#9467,#9468);
#9466=CARTESIAN_POINT('',(5.08,-3.06161699786838E-016,5.));
#9467=DIRECTION('',(-6.12323399573677E-017,-6.12323399573677E-017,1.));
#9468=DIRECTION('',(-1.,-1.22464679914735E-016,-6.12323399573677E-017));
#9469=FACE_OUTER_BOUND('',#9470,.T.);
#9470=EDGE_LOOP('',(#13740));
#9471=FACE_OUTER_BOUND('',#9472,.T.);
#9472=EDGE_LOOP('',(#13741));
#9473=CYLINDRICAL_SURFACE('',#9474,0.9);
#9474=AXIS2_PLACEMENT_3D('',#9475,#9476,#9477);
#9475=CARTESIAN_POINT('',(5.08,-2.44929359829471E-016,4.));
#9476=DIRECTION('',(-6.12323399573677E-017,-6.12323399573677E-017,1.));
#9477=DIRECTION('',(-1.,-1.22464679914735E-016,-6.12323399573677E-017));
#9478=FACE_BOUND('',#9479,.T.);
#9479=EDGE_LOOP('',(#13742));
#9480=FACE_BOUND('',#9481,.T.);
#9481=EDGE_LOOP('',(#13743));
#9482=PLANE('',#9483);
#9483=AXIS2_PLACEMENT_3D('',#9484,#9485,#9486);
#9484=CARTESIAN_POINT('',(5.08,-2.44929359829471E-016,4.));
#9485=DIRECTION('',(6.12323399573677E-017,6.12323399573677E-017,-1.));
#9486=DIRECTION('',(-1.,-1.22464679914735E-016,-6.12323399573677E-017));
#9487=FACE_OUTER_BOUND('',#9488,.T.);
#9488=EDGE_LOOP('',(#13744));
#9489=FACE_OUTER_BOUND('',#9490,.T.);
#9490=EDGE_LOOP('',(#13745));
#9491=CYLINDRICAL_SURFACE('',#9492,0.66);
#9492=AXIS2_PLACEMENT_3D('',#9493,#9494,#9495);
#9493=CARTESIAN_POINT('',(5.08,-2.63299061816681E-017,0.43));
#9494=DIRECTION('',(-6.12323399573677E-017,-6.12323399573677E-017,1.));
#9495=DIRECTION('',(-1.,-1.22464679914735E-016,-6.12323399573677E-017));
#9496=FACE_OUTER_BOUND('',#9497,.T.);
#9497=EDGE_LOOP('',(#13746));
#9498=FACE_OUTER_BOUND('',#9499,.T.);
#9499=EDGE_LOOP('',(#13747));
#9500=CONICAL_SURFACE('',#9501,0.445,0.785398163397448);
#9501=AXIS2_PLACEMENT_3D('',#9502,#9503,#9504);
#9502=CARTESIAN_POINT('',(5.08,-1.3164953090834E-017,0.215));
#9503=DIRECTION('',(-6.12323399573677E-017,-6.12323399573677E-017,1.));
#9504=DIRECTION('',(-1.,-1.22464679914735E-016,-6.12323399573677E-017));
#9505=FACE_OUTER_BOUND('',#9506,.T.);
#9506=EDGE_LOOP('',(#13748));
#9507=FACE_OUTER_BOUND('',#9508,.T.);
#9508=EDGE_LOOP('',(#13749));
#9509=CYLINDRICAL_SURFACE('',#9510,0.23);
#9510=AXIS2_PLACEMENT_3D('',#9511,#9512,#9513);
#9511=CARTESIAN_POINT('',(5.08,2.11863896252492E-016,-3.46));
#9512=DIRECTION('',(-6.12323399573677E-017,-6.12323399573677E-017,1.));
#9513=DIRECTION('',(-1.,-1.22464679914735E-016,-6.12323399573675E-017));
#9514=FACE_OUTER_BOUND('',#9515,.T.);
#9515=EDGE_LOOP('',(#13750));
#9516=SPHERICAL_SURFACE('',#9517,0.23);
#9517=AXIS2_PLACEMENT_3D('',#9518,#9519,#9520);
#9518=CARTESIAN_POINT('',(5.08,2.11863896252492E-016,-3.46));
#9519=DIRECTION('',(-6.12323399573677E-017,-6.12323399573677E-017,1.));
#9520=DIRECTION('',(-1.,-1.22464679914735E-016,-6.12323399573677E-017));
#9521=FACE_OUTER_BOUND('',#9522,.T.);
#9522=EDGE_LOOP('',(#13751));
#9523=SPHERICAL_SURFACE('',#9524,0.3);
#9524=AXIS2_PLACEMENT_3D('',#9525,#9526,#9527);
#9525=CARTESIAN_POINT('',(7.62,-4.71489017671731E-016,7.7));
#9526=DIRECTION('',(-6.12323399573677E-017,-6.12323399573677E-017,1.));
#9527=DIRECTION('',(-1.,-1.22464679914736E-016,-6.12323399573677E-017));
#9528=FACE_OUTER_BOUND('',#9529,.T.);
#9529=EDGE_LOOP('',(#13752));
#9530=FACE_OUTER_BOUND('',#9531,.T.);
#9531=EDGE_LOOP('',(#13753));
#9532=CYLINDRICAL_SURFACE('',#9533,0.3);
#9533=AXIS2_PLACEMENT_3D('',#9534,#9535,#9536);
#9534=CARTESIAN_POINT('',(7.62,-3.06161699786838E-016,5.));
#9535=DIRECTION('',(-6.12323399573677E-017,-6.12323399573677E-017,1.));
#9536=DIRECTION('',(-1.,-1.22464679914735E-016,-6.12323399573677E-017));
#9537=FACE_BOUND('',#9538,.T.);
#9538=EDGE_LOOP('',(#13754));
#9539=FACE_BOUND('',#9540,.T.);
#9540=EDGE_LOOP('',(#13755));
#9541=PLANE('',#9542);
#9542=AXIS2_PLACEMENT_3D('',#9543,#9544,#9545);
#9543=CARTESIAN_POINT('',(7.62,-3.06161699786838E-016,5.));
#9544=DIRECTION('',(-6.12323399573677E-017,-6.12323399573677E-017,1.));
#9545=DIRECTION('',(-1.,-1.22464679914735E-016,-6.12323399573677E-017));
#9546=FACE_OUTER_BOUND('',#9547,.T.);
#9547=EDGE_LOOP('',(#13756));
#9548=FACE_OUTER_BOUND('',#9549,.T.);
#9549=EDGE_LOOP('',(#13757));
#9550=CYLINDRICAL_SURFACE('',#9551,0.9);
#9551=AXIS2_PLACEMENT_3D('',#9552,#9553,#9554);
#9552=CARTESIAN_POINT('',(7.62,-2.44929359829471E-016,4.));
#9553=DIRECTION('',(-6.12323399573677E-017,-6.12323399573677E-017,1.));
#9554=DIRECTION('',(-1.,-1.22464679914735E-016,-6.12323399573677E-017));
#9555=FACE_BOUND('',#9556,.T.);
#9556=EDGE_LOOP('',(#13758));
#9557=FACE_BOUND('',#9558,.T.);
#9558=EDGE_LOOP('',(#13759));
#9559=PLANE('',#9560);
#9560=AXIS2_PLACEMENT_3D('',#9561,#9562,#9563);
#9561=CARTESIAN_POINT('',(7.62,-2.44929359829471E-016,4.));
#9562=DIRECTION('',(6.12323399573677E-017,6.12323399573677E-017,-1.));
#9563=DIRECTION('',(-1.,-1.22464679914735E-016,-6.12323399573677E-017));
#9564=FACE_OUTER_BOUND('',#9565,.T.);
#9565=EDGE_LOOP('',(#13760));
#9566=FACE_OUTER_BOUND('',#9567,.T.);
#9567=EDGE_LOOP('',(#13761));
#9568=CYLINDRICAL_SURFACE('',#9569,0.66);
#9569=AXIS2_PLACEMENT_3D('',#9570,#9571,#9572);
#9570=CARTESIAN_POINT('',(7.62,-2.63299061816681E-017,0.43));
#9571=DIRECTION('',(-6.12323399573677E-017,-6.12323399573677E-017,1.));
#9572=DIRECTION('',(-1.,-1.22464679914735E-016,-6.12323399573677E-017));
#9573=FACE_OUTER_BOUND('',#9574,.T.);
#9574=EDGE_LOOP('',(#13762));
#9575=FACE_OUTER_BOUND('',#9576,.T.);
#9576=EDGE_LOOP('',(#13763));
#9577=CONICAL_SURFACE('',#9578,0.445,0.785398163397448);
#9578=AXIS2_PLACEMENT_3D('',#9579,#9580,#9581);
#9579=CARTESIAN_POINT('',(7.62,-1.3164953090834E-017,0.215));
#9580=DIRECTION('',(-6.12323399573677E-017,-6.12323399573677E-017,1.));
#9581=DIRECTION('',(-1.,-1.22464679914735E-016,-6.12323399573677E-017));
#9582=FACE_OUTER_BOUND('',#9583,.T.);
#9583=EDGE_LOOP('',(#13764));
#9584=FACE_OUTER_BOUND('',#9585,.T.);
#9585=EDGE_LOOP('',(#13765));
#9586=CYLINDRICAL_SURFACE('',#9587,0.23);
#9587=AXIS2_PLACEMENT_3D('',#9588,#9589,#9590);
#9588=CARTESIAN_POINT('',(7.62,2.11863896252492E-016,-3.46));
#9589=DIRECTION('',(-6.12323399573677E-017,-6.12323399573677E-017,1.));
#9590=DIRECTION('',(-1.,-1.22464679914735E-016,-6.12323399573675E-017));
#9591=FACE_OUTER_BOUND('',#9592,.T.);
#9592=EDGE_LOOP('',(#13766));
#9593=SPHERICAL_SURFACE('',#9594,0.23);
#9594=AXIS2_PLACEMENT_3D('',#9595,#9596,#9597);
#9595=CARTESIAN_POINT('',(7.62,2.11863896252492E-016,-3.46));
#9596=DIRECTION('',(-6.12323399573677E-017,-6.12323399573677E-017,1.));
#9597=DIRECTION('',(-1.,-1.22464679914735E-016,-6.12323399573677E-017));
#9598=FACE_OUTER_BOUND('',#9599,.T.);
#9599=EDGE_LOOP('',(#13767));
#9600=SPHERICAL_SURFACE('',#9601,0.3);
#9601=AXIS2_PLACEMENT_3D('',#9602,#9603,#9604);
#9602=CARTESIAN_POINT('',(10.16,-4.71489017671731E-016,7.7));
#9603=DIRECTION('',(-6.12323399573677E-017,-6.12323399573677E-017,1.));
#9604=DIRECTION('',(-1.,-1.22464679914736E-016,-6.12323399573677E-017));
#9605=FACE_OUTER_BOUND('',#9606,.T.);
#9606=EDGE_LOOP('',(#13768));
#9607=FACE_OUTER_BOUND('',#9608,.T.);
#9608=EDGE_LOOP('',(#13769));
#9609=CYLINDRICAL_SURFACE('',#9610,0.3);
#9610=AXIS2_PLACEMENT_3D('',#9611,#9612,#9613);
#9611=CARTESIAN_POINT('',(10.16,-3.06161699786838E-016,5.));
#9612=DIRECTION('',(-6.12323399573677E-017,-6.12323399573677E-017,1.));
#9613=DIRECTION('',(-1.,-1.22464679914735E-016,-6.12323399573677E-017));
#9614=FACE_BOUND('',#9615,.T.);
#9615=EDGE_LOOP('',(#13770));
#9616=FACE_BOUND('',#9617,.T.);
#9617=EDGE_LOOP('',(#13771));
#9618=PLANE('',#9619);
#9619=AXIS2_PLACEMENT_3D('',#9620,#9621,#9622);
#9620=CARTESIAN_POINT('',(10.16,-3.06161699786838E-016,5.));
#9621=DIRECTION('',(-6.12323399573677E-017,-6.12323399573677E-017,1.));
#9622=DIRECTION('',(-1.,-1.22464679914735E-016,-6.12323399573677E-017));
#9623=FACE_OUTER_BOUND('',#9624,.T.);
#9624=EDGE_LOOP('',(#13772));
#9625=FACE_OUTER_BOUND('',#9626,.T.);
#9626=EDGE_LOOP('',(#13773));
#9627=CYLINDRICAL_SURFACE('',#9628,0.9);
#9628=AXIS2_PLACEMENT_3D('',#9629,#9630,#9631);
#9629=CARTESIAN_POINT('',(10.16,-2.44929359829471E-016,4.));
#9630=DIRECTION('',(-6.12323399573677E-017,-6.12323399573677E-017,1.));
#9631=DIRECTION('',(-1.,-1.22464679914735E-016,-6.12323399573677E-017));
#9632=FACE_BOUND('',#9633,.T.);
#9633=EDGE_LOOP('',(#13774));
#9634=FACE_BOUND('',#9635,.T.);
#9635=EDGE_LOOP('',(#13775));
#9636=PLANE('',#9637);
#9637=AXIS2_PLACEMENT_3D('',#9638,#9639,#9640);
#9638=CARTESIAN_POINT('',(10.16,-2.44929359829471E-016,4.));
#9639=DIRECTION('',(6.12323399573677E-017,6.12323399573677E-017,-1.));
#9640=DIRECTION('',(-1.,-1.22464679914735E-016,-6.12323399573677E-017));
#9641=FACE_OUTER_BOUND('',#9642,.T.);
#9642=EDGE_LOOP('',(#13776));
#9643=FACE_OUTER_BOUND('',#9644,.T.);
#9644=EDGE_LOOP('',(#13777));
#9645=CYLINDRICAL_SURFACE('',#9646,0.66);
#9646=AXIS2_PLACEMENT_3D('',#9647,#9648,#9649);
#9647=CARTESIAN_POINT('',(10.16,-2.63299061816681E-017,0.43));
#9648=DIRECTION('',(-6.12323399573677E-017,-6.12323399573677E-017,1.));
#9649=DIRECTION('',(-1.,-1.22464679914735E-016,-6.12323399573677E-017));
#9650=FACE_OUTER_BOUND('',#9651,.T.);
#9651=EDGE_LOOP('',(#13778));
#9652=FACE_OUTER_BOUND('',#9653,.T.);
#9653=EDGE_LOOP('',(#13779));
#9654=CONICAL_SURFACE('',#9655,0.445,0.785398163397448);
#9655=AXIS2_PLACEMENT_3D('',#9656,#9657,#9658);
#9656=CARTESIAN_POINT('',(10.16,-1.3164953090834E-017,0.215));
#9657=DIRECTION('',(-6.12323399573677E-017,-6.12323399573677E-017,1.));
#9658=DIRECTION('',(-1.,-1.22464679914735E-016,-6.12323399573677E-017));
#9659=FACE_OUTER_BOUND('',#9660,.T.);
#9660=EDGE_LOOP('',(#13780));
#9661=FACE_OUTER_BOUND('',#9662,.T.);
#9662=EDGE_LOOP('',(#13781));
#9663=CYLINDRICAL_SURFACE('',#9664,0.23);
#9664=AXIS2_PLACEMENT_3D('',#9665,#9666,#9667);
#9665=CARTESIAN_POINT('',(10.16,2.11863896252492E-016,-3.46));
#9666=DIRECTION('',(-6.12323399573677E-017,-6.12323399573677E-017,1.));
#9667=DIRECTION('',(-1.,-1.22464679914735E-016,-6.12323399573675E-017));
#9668=FACE_OUTER_BOUND('',#9669,.T.);
#9669=EDGE_LOOP('',(#13782));
#9670=SPHERICAL_SURFACE('',#9671,0.23);
#9671=AXIS2_PLACEMENT_3D('',#9672,#9673,#9674);
#9672=CARTESIAN_POINT('',(10.16,2.11863896252492E-016,-3.46));
#9673=DIRECTION('',(-6.12323399573677E-017,-6.12323399573677E-017,1.));
#9674=DIRECTION('',(-1.,-1.22464679914735E-016,-6.12323399573677E-017));
#9675=FACE_OUTER_BOUND('',#9676,.T.);
#9676=EDGE_LOOP('',(#13783));
#9677=SPHERICAL_SURFACE('',#9678,0.3);
#9678=AXIS2_PLACEMENT_3D('',#9679,#9680,#9681);
#9679=CARTESIAN_POINT('',(12.7,-4.71489017671731E-016,7.7));
#9680=DIRECTION('',(-6.12323399573677E-017,-6.12323399573677E-017,1.));
#9681=DIRECTION('',(-1.,-1.22464679914736E-016,-6.12323399573677E-017));
#9682=FACE_OUTER_BOUND('',#9683,.T.);
#9683=EDGE_LOOP('',(#13784));
#9684=FACE_OUTER_BOUND('',#9685,.T.);
#9685=EDGE_LOOP('',(#13785));
#9686=CYLINDRICAL_SURFACE('',#9687,0.3);
#9687=AXIS2_PLACEMENT_3D('',#9688,#9689,#9690);
#9688=CARTESIAN_POINT('',(12.7,-3.06161699786838E-016,5.));
#9689=DIRECTION('',(-6.12323399573677E-017,-6.12323399573677E-017,1.));
#9690=DIRECTION('',(-1.,-1.22464679914735E-016,-6.12323399573677E-017));
#9691=FACE_BOUND('',#9692,.T.);
#9692=EDGE_LOOP('',(#13786));
#9693=FACE_BOUND('',#9694,.T.);
#9694=EDGE_LOOP('',(#13787));
#9695=PLANE('',#9696);
#9696=AXIS2_PLACEMENT_3D('',#9697,#9698,#9699);
#9697=CARTESIAN_POINT('',(12.7,-3.06161699786838E-016,5.));
#9698=DIRECTION('',(-6.12323399573677E-017,-6.12323399573677E-017,1.));
#9699=DIRECTION('',(-1.,-1.22464679914735E-016,-6.12323399573677E-017));
#9700=FACE_OUTER_BOUND('',#9701,.T.);
#9701=EDGE_LOOP('',(#13788));
#9702=FACE_OUTER_BOUND('',#9703,.T.);
#9703=EDGE_LOOP('',(#13789));
#9704=CYLINDRICAL_SURFACE('',#9705,0.9);
#9705=AXIS2_PLACEMENT_3D('',#9706,#9707,#9708);
#9706=CARTESIAN_POINT('',(12.7,-2.44929359829471E-016,4.));
#9707=DIRECTION('',(-6.12323399573677E-017,-6.12323399573677E-017,1.));
#9708=DIRECTION('',(-1.,-1.22464679914735E-016,-6.12323399573677E-017));
#9709=FACE_BOUND('',#9710,.T.);
#9710=EDGE_LOOP('',(#13790));
#9711=FACE_BOUND('',#9712,.T.);
#9712=EDGE_LOOP('',(#13791));
#9713=PLANE('',#9714);
#9714=AXIS2_PLACEMENT_3D('',#9715,#9716,#9717);
#9715=CARTESIAN_POINT('',(12.7,-2.44929359829471E-016,4.));
#9716=DIRECTION('',(6.12323399573677E-017,6.12323399573677E-017,-1.));
#9717=DIRECTION('',(-1.,-1.22464679914735E-016,-6.12323399573677E-017));
#9718=FACE_OUTER_BOUND('',#9719,.T.);
#9719=EDGE_LOOP('',(#13792));
#9720=FACE_OUTER_BOUND('',#9721,.T.);
#9721=EDGE_LOOP('',(#13793));
#9722=CYLINDRICAL_SURFACE('',#9723,0.66);
#9723=AXIS2_PLACEMENT_3D('',#9724,#9725,#9726);
#9724=CARTESIAN_POINT('',(12.7,-2.63299061816681E-017,0.43));
#9725=DIRECTION('',(-6.12323399573677E-017,-6.12323399573677E-017,1.));
#9726=DIRECTION('',(-1.,-1.22464679914735E-016,-6.12323399573677E-017));
#9727=FACE_OUTER_BOUND('',#9728,.T.);
#9728=EDGE_LOOP('',(#13794));
#9729=FACE_OUTER_BOUND('',#9730,.T.);
#9730=EDGE_LOOP('',(#13795));
#9731=CONICAL_SURFACE('',#9732,0.445,0.785398163397448);
#9732=AXIS2_PLACEMENT_3D('',#9733,#9734,#9735);
#9733=CARTESIAN_POINT('',(12.7,-1.3164953090834E-017,0.215));
#9734=DIRECTION('',(-6.12323399573677E-017,-6.12323399573677E-017,1.));
#9735=DIRECTION('',(-1.,-1.22464679914735E-016,-6.12323399573677E-017));
#9736=FACE_OUTER_BOUND('',#9737,.T.);
#9737=EDGE_LOOP('',(#13796));
#9738=FACE_OUTER_BOUND('',#9739,.T.);
#9739=EDGE_LOOP('',(#13797));
#9740=CYLINDRICAL_SURFACE('',#9741,0.23);
#9741=AXIS2_PLACEMENT_3D('',#9742,#9743,#9744);
#9742=CARTESIAN_POINT('',(12.7,2.11863896252492E-016,-3.46));
#9743=DIRECTION('',(-6.12323399573677E-017,-6.12323399573677E-017,1.));
#9744=DIRECTION('',(-1.,-1.22464679914735E-016,-6.12323399573675E-017));
#9745=FACE_OUTER_BOUND('',#9746,.T.);
#9746=EDGE_LOOP('',(#13798));
#9747=SPHERICAL_SURFACE('',#9748,0.23);
#9748=AXIS2_PLACEMENT_3D('',#9749,#9750,#9751);
#9749=CARTESIAN_POINT('',(12.7,2.11863896252492E-016,-3.46));
#9750=DIRECTION('',(-6.12323399573677E-017,-6.12323399573677E-017,1.));
#9751=DIRECTION('',(-1.,-1.22464679914735E-016,-6.12323399573677E-017));
#9752=FACE_OUTER_BOUND('',#9753,.T.);
#9753=EDGE_LOOP('',(#13799));
#9754=SPHERICAL_SURFACE('',#9755,0.3);
#9755=AXIS2_PLACEMENT_3D('',#9756,#9757,#9758);
#9756=CARTESIAN_POINT('',(15.24,-4.71489017671731E-016,7.7));
#9757=DIRECTION('',(-6.12323399573677E-017,-6.12323399573677E-017,1.));
#9758=DIRECTION('',(-1.,-1.22464679914736E-016,-6.12323399573677E-017));
#9759=FACE_OUTER_BOUND('',#9760,.T.);
#9760=EDGE_LOOP('',(#13800));
#9761=FACE_OUTER_BOUND('',#9762,.T.);
#9762=EDGE_LOOP('',(#13801));
#9763=CYLINDRICAL_SURFACE('',#9764,0.3);
#9764=AXIS2_PLACEMENT_3D('',#9765,#9766,#9767);
#9765=CARTESIAN_POINT('',(15.24,-3.06161699786838E-016,5.));
#9766=DIRECTION('',(-6.12323399573677E-017,-6.12323399573677E-017,1.));
#9767=DIRECTION('',(-1.,-1.22464679914735E-016,-6.12323399573677E-017));
#9768=FACE_BOUND('',#9769,.T.);
#9769=EDGE_LOOP('',(#13802));
#9770=FACE_BOUND('',#9771,.T.);
#9771=EDGE_LOOP('',(#13803));
#9772=PLANE('',#9773);
#9773=AXIS2_PLACEMENT_3D('',#9774,#9775,#9776);
#9774=CARTESIAN_POINT('',(15.24,-3.06161699786838E-016,5.));
#9775=DIRECTION('',(-6.12323399573677E-017,-6.12323399573677E-017,1.));
#9776=DIRECTION('',(-1.,-1.22464679914735E-016,-6.12323399573677E-017));
#9777=FACE_OUTER_BOUND('',#9778,.T.);
#9778=EDGE_LOOP('',(#13804));
#9779=FACE_OUTER_BOUND('',#9780,.T.);
#9780=EDGE_LOOP('',(#13805));
#9781=CYLINDRICAL_SURFACE('',#9782,0.9);
#9782=AXIS2_PLACEMENT_3D('',#9783,#9784,#9785);
#9783=CARTESIAN_POINT('',(15.24,-2.44929359829471E-016,4.));
#9784=DIRECTION('',(-6.12323399573677E-017,-6.12323399573677E-017,1.));
#9785=DIRECTION('',(-1.,-1.22464679914735E-016,-6.12323399573677E-017));
#9786=FACE_BOUND('',#9787,.T.);
#9787=EDGE_LOOP('',(#13806));
#9788=FACE_BOUND('',#9789,.T.);
#9789=EDGE_LOOP('',(#13807));
#9790=PLANE('',#9791);
#9791=AXIS2_PLACEMENT_3D('',#9792,#9793,#9794);
#9792=CARTESIAN_POINT('',(15.24,-2.44929359829471E-016,4.));
#9793=DIRECTION('',(6.12323399573677E-017,6.12323399573677E-017,-1.));
#9794=DIRECTION('',(-1.,-1.22464679914735E-016,-6.12323399573677E-017));
#9795=FACE_OUTER_BOUND('',#9796,.T.);
#9796=EDGE_LOOP('',(#13808));
#9797=FACE_OUTER_BOUND('',#9798,.T.);
#9798=EDGE_LOOP('',(#13809));
#9799=CYLINDRICAL_SURFACE('',#9800,0.66);
#9800=AXIS2_PLACEMENT_3D('',#9801,#9802,#9803);
#9801=CARTESIAN_POINT('',(15.24,-2.63299061816681E-017,0.43));
#9802=DIRECTION('',(-6.12323399573677E-017,-6.12323399573677E-017,1.));
#9803=DIRECTION('',(-1.,-1.22464679914735E-016,-6.12323399573677E-017));
#9804=FACE_OUTER_BOUND('',#9805,.T.);
#9805=EDGE_LOOP('',(#13810));
#9806=FACE_OUTER_BOUND('',#9807,.T.);
#9807=EDGE_LOOP('',(#13811));
#9808=CONICAL_SURFACE('',#9809,0.445,0.785398163397448);
#9809=AXIS2_PLACEMENT_3D('',#9810,#9811,#9812);
#9810=CARTESIAN_POINT('',(15.24,-1.3164953090834E-017,0.215));
#9811=DIRECTION('',(-6.12323399573677E-017,-6.12323399573677E-017,1.));
#9812=DIRECTION('',(-1.,-1.22464679914735E-016,-6.12323399573677E-017));
#9813=FACE_OUTER_BOUND('',#9814,.T.);
#9814=EDGE_LOOP('',(#13812));
#9815=FACE_OUTER_BOUND('',#9816,.T.);
#9816=EDGE_LOOP('',(#13813));
#9817=CYLINDRICAL_SURFACE('',#9818,0.23);
#9818=AXIS2_PLACEMENT_3D('',#9819,#9820,#9821);
#9819=CARTESIAN_POINT('',(15.24,2.11863896252492E-016,-3.46));
#9820=DIRECTION('',(-6.12323399573677E-017,-6.12323399573677E-017,1.));
#9821=DIRECTION('',(-1.,-1.22464679914735E-016,-6.12323399573675E-017));
#9822=FACE_OUTER_BOUND('',#9823,.T.);
#9823=EDGE_LOOP('',(#13814));
#9824=SPHERICAL_SURFACE('',#9825,0.23);
#9825=AXIS2_PLACEMENT_3D('',#9826,#9827,#9828);
#9826=CARTESIAN_POINT('',(15.24,2.11863896252492E-016,-3.46));
#9827=DIRECTION('',(-6.12323399573677E-017,-6.12323399573677E-017,1.));
#9828=DIRECTION('',(-1.,-1.22464679914735E-016,-6.12323399573677E-017));
#9829=FACE_OUTER_BOUND('',#9830,.T.);
#9830=EDGE_LOOP('',(#13815));
#9831=SPHERICAL_SURFACE('',#9832,0.3);
#9832=AXIS2_PLACEMENT_3D('',#9833,#9834,#9835);
#9833=CARTESIAN_POINT('',(17.78,-4.71489017671731E-016,7.7));
#9834=DIRECTION('',(-6.12323399573677E-017,-6.12323399573677E-017,1.));
#9835=DIRECTION('',(-1.,-1.22464679914736E-016,-6.12323399573677E-017));
#9836=FACE_OUTER_BOUND('',#9837,.T.);
#9837=EDGE_LOOP('',(#13816));
#9838=FACE_OUTER_BOUND('',#9839,.T.);
#9839=EDGE_LOOP('',(#13817));
#9840=CYLINDRICAL_SURFACE('',#9841,0.3);
#9841=AXIS2_PLACEMENT_3D('',#9842,#9843,#9844);
#9842=CARTESIAN_POINT('',(17.78,-3.06161699786838E-016,5.));
#9843=DIRECTION('',(-6.12323399573677E-017,-6.12323399573677E-017,1.));
#9844=DIRECTION('',(-1.,-1.22464679914735E-016,-6.12323399573677E-017));
#9845=FACE_BOUND('',#9846,.T.);
#9846=EDGE_LOOP('',(#13818));
#9847=FACE_BOUND('',#9848,.T.);
#9848=EDGE_LOOP('',(#13819));
#9849=PLANE('',#9850);
#9850=AXIS2_PLACEMENT_3D('',#9851,#9852,#9853);
#9851=CARTESIAN_POINT('',(17.78,-3.06161699786838E-016,5.));
#9852=DIRECTION('',(-6.12323399573677E-017,-6.12323399573677E-017,1.));
#9853=DIRECTION('',(-1.,-1.22464679914735E-016,-6.12323399573677E-017));
#9854=FACE_OUTER_BOUND('',#9855,.T.);
#9855=EDGE_LOOP('',(#13820));
#9856=FACE_OUTER_BOUND('',#9857,.T.);
#9857=EDGE_LOOP('',(#13821));
#9858=CYLINDRICAL_SURFACE('',#9859,0.9);
#9859=AXIS2_PLACEMENT_3D('',#9860,#9861,#9862);
#9860=CARTESIAN_POINT('',(17.78,-2.44929359829471E-016,4.));
#9861=DIRECTION('',(-6.12323399573677E-017,-6.12323399573677E-017,1.));
#9862=DIRECTION('',(-1.,-1.22464679914735E-016,-6.12323399573677E-017));
#9863=FACE_BOUND('',#9864,.T.);
#9864=EDGE_LOOP('',(#13822));
#9865=FACE_BOUND('',#9866,.T.);
#9866=EDGE_LOOP('',(#13823));
#9867=PLANE('',#9868);
#9868=AXIS2_PLACEMENT_3D('',#9869,#9870,#9871);
#9869=CARTESIAN_POINT('',(17.78,-2.44929359829471E-016,4.));
#9870=DIRECTION('',(6.12323399573677E-017,6.12323399573677E-017,-1.));
#9871=DIRECTION('',(-1.,-1.22464679914735E-016,-6.12323399573677E-017));
#9872=FACE_OUTER_BOUND('',#9873,.T.);
#9873=EDGE_LOOP('',(#13824));
#9874=FACE_OUTER_BOUND('',#9875,.T.);
#9875=EDGE_LOOP('',(#13825));
#9876=CYLINDRICAL_SURFACE('',#9877,0.66);
#9877=AXIS2_PLACEMENT_3D('',#9878,#9879,#9880);
#9878=CARTESIAN_POINT('',(17.78,-2.63299061816681E-017,0.43));
#9879=DIRECTION('',(-6.12323399573677E-017,-6.12323399573677E-017,1.));
#9880=DIRECTION('',(-1.,-1.22464679914735E-016,-6.12323399573677E-017));
#9881=FACE_OUTER_BOUND('',#9882,.T.);
#9882=EDGE_LOOP('',(#13826));
#9883=FACE_OUTER_BOUND('',#9884,.T.);
#9884=EDGE_LOOP('',(#13827));
#9885=CONICAL_SURFACE('',#9886,0.445,0.785398163397448);
#9886=AXIS2_PLACEMENT_3D('',#9887,#9888,#9889);
#9887=CARTESIAN_POINT('',(17.78,-1.3164953090834E-017,0.215));
#9888=DIRECTION('',(-6.12323399573677E-017,-6.12323399573677E-017,1.));
#9889=DIRECTION('',(-1.,-1.22464679914735E-016,-6.12323399573677E-017));
#9890=FACE_OUTER_BOUND('',#9891,.T.);
#9891=EDGE_LOOP('',(#13828));
#9892=FACE_OUTER_BOUND('',#9893,.T.);
#9893=EDGE_LOOP('',(#13829));
#9894=CYLINDRICAL_SURFACE('',#9895,0.23);
#9895=AXIS2_PLACEMENT_3D('',#9896,#9897,#9898);
#9896=CARTESIAN_POINT('',(17.78,2.11863896252492E-016,-3.46));
#9897=DIRECTION('',(-6.12323399573677E-017,-6.12323399573677E-017,1.));
#9898=DIRECTION('',(-1.,-1.22464679914735E-016,-6.12323399573675E-017));
#9899=FACE_OUTER_BOUND('',#9900,.T.);
#9900=EDGE_LOOP('',(#13830));
#9901=SPHERICAL_SURFACE('',#9902,0.23);
#9902=AXIS2_PLACEMENT_3D('',#9903,#9904,#9905);
#9903=CARTESIAN_POINT('',(17.78,2.11863896252492E-016,-3.46));
#9904=DIRECTION('',(-6.12323399573677E-017,-6.12323399573677E-017,1.));
#9905=DIRECTION('',(-1.,-1.22464679914735E-016,-6.12323399573677E-017));
#9906=FACE_OUTER_BOUND('',#9907,.T.);
#9907=EDGE_LOOP('',(#13831));
#9908=SPHERICAL_SURFACE('',#9909,0.3);
#9909=AXIS2_PLACEMENT_3D('',#9910,#9911,#9912);
#9910=CARTESIAN_POINT('',(20.32,-4.71489017671731E-016,7.7));
#9911=DIRECTION('',(-6.12323399573677E-017,-6.12323399573677E-017,1.));
#9912=DIRECTION('',(-1.,-1.22464679914736E-016,-6.12323399573677E-017));
#9913=FACE_OUTER_BOUND('',#9914,.T.);
#9914=EDGE_LOOP('',(#13832));
#9915=FACE_OUTER_BOUND('',#9916,.T.);
#9916=EDGE_LOOP('',(#13833));
#9917=CYLINDRICAL_SURFACE('',#9918,0.3);
#9918=AXIS2_PLACEMENT_3D('',#9919,#9920,#9921);
#9919=CARTESIAN_POINT('',(20.32,-3.06161699786838E-016,5.));
#9920=DIRECTION('',(-6.12323399573677E-017,-6.12323399573677E-017,1.));
#9921=DIRECTION('',(-1.,-1.22464679914735E-016,-6.12323399573677E-017));
#9922=FACE_BOUND('',#9923,.T.);
#9923=EDGE_LOOP('',(#13834));
#9924=FACE_BOUND('',#9925,.T.);
#9925=EDGE_LOOP('',(#13835));
#9926=PLANE('',#9927);
#9927=AXIS2_PLACEMENT_3D('',#9928,#9929,#9930);
#9928=CARTESIAN_POINT('',(20.32,-3.06161699786838E-016,5.));
#9929=DIRECTION('',(-6.12323399573677E-017,-6.12323399573677E-017,1.));
#9930=DIRECTION('',(-1.,-1.22464679914735E-016,-6.12323399573677E-017));
#9931=FACE_OUTER_BOUND('',#9932,.T.);
#9932=EDGE_LOOP('',(#13836));
#9933=FACE_OUTER_BOUND('',#9934,.T.);
#9934=EDGE_LOOP('',(#13837));
#9935=CYLINDRICAL_SURFACE('',#9936,0.9);
#9936=AXIS2_PLACEMENT_3D('',#9937,#9938,#9939);
#9937=CARTESIAN_POINT('',(20.32,-2.44929359829471E-016,4.));
#9938=DIRECTION('',(-6.12323399573677E-017,-6.12323399573677E-017,1.));
#9939=DIRECTION('',(-1.,-1.22464679914735E-016,-6.12323399573677E-017));
#9940=FACE_BOUND('',#9941,.T.);
#9941=EDGE_LOOP('',(#13838));
#9942=FACE_BOUND('',#9943,.T.);
#9943=EDGE_LOOP('',(#13839));
#9944=PLANE('',#9945);
#9945=AXIS2_PLACEMENT_3D('',#9946,#9947,#9948);
#9946=CARTESIAN_POINT('',(20.32,-2.44929359829471E-016,4.));
#9947=DIRECTION('',(6.12323399573677E-017,6.12323399573677E-017,-1.));
#9948=DIRECTION('',(-1.,-1.22464679914735E-016,-6.12323399573677E-017));
#9949=FACE_OUTER_BOUND('',#9950,.T.);
#9950=EDGE_LOOP('',(#13840));
#9951=FACE_OUTER_BOUND('',#9952,.T.);
#9952=EDGE_LOOP('',(#13841));
#9953=CYLINDRICAL_SURFACE('',#9954,0.66);
#9954=AXIS2_PLACEMENT_3D('',#9955,#9956,#9957);
#9955=CARTESIAN_POINT('',(20.32,-2.63299061816681E-017,0.43));
#9956=DIRECTION('',(-6.12323399573677E-017,-6.12323399573677E-017,1.));
#9957=DIRECTION('',(-1.,-1.22464679914735E-016,-6.12323399573677E-017));
#9958=FACE_OUTER_BOUND('',#9959,.T.);
#9959=EDGE_LOOP('',(#13842));
#9960=FACE_OUTER_BOUND('',#9961,.T.);
#9961=EDGE_LOOP('',(#13843));
#9962=CONICAL_SURFACE('',#9963,0.445,0.785398163397448);
#9963=AXIS2_PLACEMENT_3D('',#9964,#9965,#9966);
#9964=CARTESIAN_POINT('',(20.32,-1.3164953090834E-017,0.215));
#9965=DIRECTION('',(-6.12323399573677E-017,-6.12323399573677E-017,1.));
#9966=DIRECTION('',(-1.,-1.22464679914735E-016,-6.12323399573677E-017));
#9967=FACE_OUTER_BOUND('',#9968,.T.);
#9968=EDGE_LOOP('',(#13844));
#9969=FACE_OUTER_BOUND('',#9970,.T.);
#9970=EDGE_LOOP('',(#13845));
#9971=CYLINDRICAL_SURFACE('',#9972,0.23);
#9972=AXIS2_PLACEMENT_3D('',#9973,#9974,#9975);
#9973=CARTESIAN_POINT('',(20.32,2.11863896252492E-016,-3.46));
#9974=DIRECTION('',(-6.12323399573677E-017,-6.12323399573677E-017,1.));
#9975=DIRECTION('',(-1.,-1.22464679914735E-016,-6.12323399573675E-017));
#9976=FACE_OUTER_BOUND('',#9977,.T.);
#9977=EDGE_LOOP('',(#13846));
#9978=SPHERICAL_SURFACE('',#9979,0.23);
#9979=AXIS2_PLACEMENT_3D('',#9980,#9981,#9982);
#9980=CARTESIAN_POINT('',(20.32,2.11863896252492E-016,-3.46));
#9981=DIRECTION('',(-6.12323399573677E-017,-6.12323399573677E-017,1.));
#9982=DIRECTION('',(-1.,-1.22464679914735E-016,-6.12323399573677E-017));
#9983=FACE_OUTER_BOUND('',#9984,.T.);
#9984=EDGE_LOOP('',(#13847));
#9985=SPHERICAL_SURFACE('',#9986,0.3);
#9986=AXIS2_PLACEMENT_3D('',#9987,#9988,#9989);
#9987=CARTESIAN_POINT('',(22.86,-4.71489017671731E-016,7.7));
#9988=DIRECTION('',(-6.12323399573677E-017,-6.12323399573677E-017,1.));
#9989=DIRECTION('',(-1.,-1.22464679914736E-016,-6.12323399573677E-017));
#9990=FACE_OUTER_BOUND('',#9991,.T.);
#9991=EDGE_LOOP('',(#13848));
#9992=FACE_OUTER_BOUND('',#9993,.T.);
#9993=EDGE_LOOP('',(#13849));
#9994=CYLINDRICAL_SURFACE('',#9995,0.3);
#9995=AXIS2_PLACEMENT_3D('',#9996,#9997,#9998);
#9996=CARTESIAN_POINT('',(22.86,-3.06161699786838E-016,5.));
#9997=DIRECTION('',(-6.12323399573677E-017,-6.12323399573677E-017,1.));
#9998=DIRECTION('',(-1.,-1.22464679914735E-016,-6.12323399573677E-017));
#9999=FACE_BOUND('',#10000,.T.);
#10000=EDGE_LOOP('',(#13850));
#10001=FACE_BOUND('',#10002,.T.);
#10002=EDGE_LOOP('',(#13851));
#10003=PLANE('',#10004);
#10004=AXIS2_PLACEMENT_3D('',#10005,#10006,#10007);
#10005=CARTESIAN_POINT('',(22.86,-3.06161699786838E-016,5.));
#10006=DIRECTION('',(-6.12323399573677E-017,-6.12323399573677E-017,1.));
#10007=DIRECTION('',(-1.,-1.22464679914735E-016,-6.12323399573677E-017));
#10008=FACE_OUTER_BOUND('',#10009,.T.);
#10009=EDGE_LOOP('',(#13852));
#10010=FACE_OUTER_BOUND('',#10011,.T.);
#10011=EDGE_LOOP('',(#13853));
#10012=CYLINDRICAL_SURFACE('',#10013,0.9);
#10013=AXIS2_PLACEMENT_3D('',#10014,#10015,#10016);
#10014=CARTESIAN_POINT('',(22.86,-2.44929359829471E-016,4.));
#10015=DIRECTION('',(-6.12323399573677E-017,-6.12323399573677E-017,1.));
#10016=DIRECTION('',(-1.,-1.22464679914735E-016,-6.12323399573677E-017));
#10017=FACE_BOUND('',#10018,.T.);
#10018=EDGE_LOOP('',(#13854));
#10019=FACE_BOUND('',#10020,.T.);
#10020=EDGE_LOOP('',(#13855));
#10021=PLANE('',#10022);
#10022=AXIS2_PLACEMENT_3D('',#10023,#10024,#10025);
#10023=CARTESIAN_POINT('',(22.86,-2.44929359829471E-016,4.));
#10024=DIRECTION('',(6.12323399573677E-017,6.12323399573677E-017,-1.));
#10025=DIRECTION('',(-1.,-1.22464679914735E-016,-6.12323399573677E-017));
#10026=FACE_OUTER_BOUND('',#10027,.T.);
#10027=EDGE_LOOP('',(#13856));
#10028=FACE_OUTER_BOUND('',#10029,.T.);
#10029=EDGE_LOOP('',(#13857));
#10030=CYLINDRICAL_SURFACE('',#10031,0.66);
#10031=AXIS2_PLACEMENT_3D('',#10032,#10033,#10034);
#10032=CARTESIAN_POINT('',(22.86,-2.63299061816681E-017,0.43));
#10033=DIRECTION('',(-6.12323399573677E-017,-6.12323399573677E-017,1.));
#10034=DIRECTION('',(-1.,-1.22464679914735E-016,-6.12323399573677E-017));
#10035=FACE_OUTER_BOUND('',#10036,.T.);
#10036=EDGE_LOOP('',(#13858));
#10037=FACE_OUTER_BOUND('',#10038,.T.);
#10038=EDGE_LOOP('',(#13859));
#10039=CONICAL_SURFACE('',#10040,0.445,0.785398163397448);
#10040=AXIS2_PLACEMENT_3D('',#10041,#10042,#10043);
#10041=CARTESIAN_POINT('',(22.86,-1.3164953090834E-017,0.215));
#10042=DIRECTION('',(-6.12323399573677E-017,-6.12323399573677E-017,1.));
#10043=DIRECTION('',(-1.,-1.22464679914735E-016,-6.12323399573677E-017));
#10044=FACE_OUTER_BOUND('',#10045,.T.);
#10045=EDGE_LOOP('',(#13860));
#10046=FACE_OUTER_BOUND('',#10047,.T.);
#10047=EDGE_LOOP('',(#13861));
#10048=CYLINDRICAL_SURFACE('',#10049,0.23);
#10049=AXIS2_PLACEMENT_3D('',#10050,#10051,#10052);
#10050=CARTESIAN_POINT('',(22.86,2.11863896252492E-016,-3.46));
#10051=DIRECTION('',(-6.12323399573677E-017,-6.12323399573677E-017,1.));
#10052=DIRECTION('',(-1.,-1.22464679914735E-016,-6.12323399573675E-017));
#10053=FACE_OUTER_BOUND('',#10054,.T.);
#10054=EDGE_LOOP('',(#13862));
#10055=SPHERICAL_SURFACE('',#10056,0.23);
#10056=AXIS2_PLACEMENT_3D('',#10057,#10058,#10059);
#10057=CARTESIAN_POINT('',(22.86,2.11863896252492E-016,-3.46));
#10058=DIRECTION('',(-6.12323399573677E-017,-6.12323399573677E-017,1.));
#10059=DIRECTION('',(-1.,-1.22464679914735E-016,-6.12323399573677E-017));
#10060=FACE_OUTER_BOUND('',#10061,.T.);
#10061=EDGE_LOOP('',(#13863));
#10062=SPHERICAL_SURFACE('',#10063,0.3);
#10063=AXIS2_PLACEMENT_3D('',#10064,#10065,#10066);
#10064=CARTESIAN_POINT('',(25.4,-4.71489017671731E-016,7.7));
#10065=DIRECTION('',(-6.12323399573677E-017,-6.12323399573677E-017,1.));
#10066=DIRECTION('',(-1.,-1.22464679914736E-016,-6.12323399573677E-017));
#10067=FACE_OUTER_BOUND('',#10068,.T.);
#10068=EDGE_LOOP('',(#13864));
#10069=FACE_OUTER_BOUND('',#10070,.T.);
#10070=EDGE_LOOP('',(#13865));
#10071=CYLINDRICAL_SURFACE('',#10072,0.3);
#10072=AXIS2_PLACEMENT_3D('',#10073,#10074,#10075);
#10073=CARTESIAN_POINT('',(25.4,-3.06161699786838E-016,5.));
#10074=DIRECTION('',(-6.12323399573677E-017,-6.12323399573677E-017,1.));
#10075=DIRECTION('',(-1.,-1.22464679914735E-016,-6.12323399573677E-017));
#10076=FACE_BOUND('',#10077,.T.);
#10077=EDGE_LOOP('',(#13866));
#10078=FACE_BOUND('',#10079,.T.);
#10079=EDGE_LOOP('',(#13867));
#10080=PLANE('',#10081);
#10081=AXIS2_PLACEMENT_3D('',#10082,#10083,#10084);
#10082=CARTESIAN_POINT('',(25.4,-3.06161699786838E-016,5.));
#10083=DIRECTION('',(-6.12323399573677E-017,-6.12323399573677E-017,1.));
#10084=DIRECTION('',(-1.,-1.22464679914735E-016,-6.12323399573677E-017));
#10085=FACE_OUTER_BOUND('',#10086,.T.);
#10086=EDGE_LOOP('',(#13868));
#10087=FACE_OUTER_BOUND('',#10088,.T.);
#10088=EDGE_LOOP('',(#13869));
#10089=CYLINDRICAL_SURFACE('',#10090,0.9);
#10090=AXIS2_PLACEMENT_3D('',#10091,#10092,#10093);
#10091=CARTESIAN_POINT('',(25.4,-2.44929359829471E-016,4.));
#10092=DIRECTION('',(-6.12323399573677E-017,-6.12323399573677E-017,1.));
#10093=DIRECTION('',(-1.,-1.22464679914735E-016,-6.12323399573677E-017));
#10094=FACE_BOUND('',#10095,.T.);
#10095=EDGE_LOOP('',(#13870));
#10096=FACE_BOUND('',#10097,.T.);
#10097=EDGE_LOOP('',(#13871));
#10098=PLANE('',#10099);
#10099=AXIS2_PLACEMENT_3D('',#10100,#10101,#10102);
#10100=CARTESIAN_POINT('',(25.4,-2.44929359829471E-016,4.));
#10101=DIRECTION('',(6.12323399573677E-017,6.12323399573677E-017,-1.));
#10102=DIRECTION('',(-1.,-1.22464679914735E-016,-6.12323399573677E-017));
#10103=FACE_OUTER_BOUND('',#10104,.T.);
#10104=EDGE_LOOP('',(#13872));
#10105=FACE_OUTER_BOUND('',#10106,.T.);
#10106=EDGE_LOOP('',(#13873));
#10107=CYLINDRICAL_SURFACE('',#10108,0.66);
#10108=AXIS2_PLACEMENT_3D('',#10109,#10110,#10111);
#10109=CARTESIAN_POINT('',(25.4,-2.63299061816681E-017,0.43));
#10110=DIRECTION('',(-6.12323399573677E-017,-6.12323399573677E-017,1.));
#10111=DIRECTION('',(-1.,-1.22464679914735E-016,-6.12323399573677E-017));
#10112=FACE_OUTER_BOUND('',#10113,.T.);
#10113=EDGE_LOOP('',(#13874));
#10114=FACE_OUTER_BOUND('',#10115,.T.);
#10115=EDGE_LOOP('',(#13875));
#10116=CONICAL_SURFACE('',#10117,0.445,0.785398163397448);
#10117=AXIS2_PLACEMENT_3D('',#10118,#10119,#10120);
#10118=CARTESIAN_POINT('',(25.4,-1.3164953090834E-017,0.215));
#10119=DIRECTION('',(-6.12323399573677E-017,-6.12323399573677E-017,1.));
#10120=DIRECTION('',(-1.,-1.22464679914735E-016,-6.12323399573677E-017));
#10121=FACE_OUTER_BOUND('',#10122,.T.);
#10122=EDGE_LOOP('',(#13876));
#10123=FACE_OUTER_BOUND('',#10124,.T.);
#10124=EDGE_LOOP('',(#13877));
#10125=CYLINDRICAL_SURFACE('',#10126,0.23);
#10126=AXIS2_PLACEMENT_3D('',#10127,#10128,#10129);
#10127=CARTESIAN_POINT('',(25.4,2.11863896252492E-016,-3.46));
#10128=DIRECTION('',(-6.12323399573677E-017,-6.12323399573677E-017,1.));
#10129=DIRECTION('',(-1.,-1.22464679914735E-016,-6.12323399573675E-017));
#10130=FACE_OUTER_BOUND('',#10131,.T.);
#10131=EDGE_LOOP('',(#13878));
#10132=SPHERICAL_SURFACE('',#10133,0.23);
#10133=AXIS2_PLACEMENT_3D('',#10134,#10135,#10136);
#10134=CARTESIAN_POINT('',(25.4,2.11863896252492E-016,-3.46));
#10135=DIRECTION('',(-6.12323399573677E-017,-6.12323399573677E-017,1.));
#10136=DIRECTION('',(-1.,-1.22464679914735E-016,-6.12323399573677E-017));
#10137=FACE_OUTER_BOUND('',#10138,.T.);
#10138=EDGE_LOOP('',(#13879));
#10139=SPHERICAL_SURFACE('',#10140,0.3);
#10140=AXIS2_PLACEMENT_3D('',#10141,#10142,#10143);
#10141=CARTESIAN_POINT('',(27.94,-4.71489017671731E-016,7.7));
#10142=DIRECTION('',(-6.12323399573677E-017,-6.12323399573677E-017,1.));
#10143=DIRECTION('',(-1.,-1.22464679914736E-016,-6.12323399573677E-017));
#10144=FACE_OUTER_BOUND('',#10145,.T.);
#10145=EDGE_LOOP('',(#13880));
#10146=FACE_OUTER_BOUND('',#10147,.T.);
#10147=EDGE_LOOP('',(#13881));
#10148=CYLINDRICAL_SURFACE('',#10149,0.3);
#10149=AXIS2_PLACEMENT_3D('',#10150,#10151,#10152);
#10150=CARTESIAN_POINT('',(27.94,-3.06161699786838E-016,5.));
#10151=DIRECTION('',(-6.12323399573677E-017,-6.12323399573677E-017,1.));
#10152=DIRECTION('',(-1.,-1.22464679914735E-016,-6.12323399573677E-017));
#10153=FACE_BOUND('',#10154,.T.);
#10154=EDGE_LOOP('',(#13882));
#10155=FACE_BOUND('',#10156,.T.);
#10156=EDGE_LOOP('',(#13883));
#10157=PLANE('',#10158);
#10158=AXIS2_PLACEMENT_3D('',#10159,#10160,#10161);
#10159=CARTESIAN_POINT('',(27.94,-3.06161699786838E-016,5.));
#10160=DIRECTION('',(-6.12323399573677E-017,-6.12323399573677E-017,1.));
#10161=DIRECTION('',(-1.,-1.22464679914735E-016,-6.12323399573677E-017));
#10162=FACE_OUTER_BOUND('',#10163,.T.);
#10163=EDGE_LOOP('',(#13884));
#10164=FACE_OUTER_BOUND('',#10165,.T.);
#10165=EDGE_LOOP('',(#13885));
#10166=CYLINDRICAL_SURFACE('',#10167,0.9);
#10167=AXIS2_PLACEMENT_3D('',#10168,#10169,#10170);
#10168=CARTESIAN_POINT('',(27.94,-2.44929359829471E-016,4.));
#10169=DIRECTION('',(-6.12323399573677E-017,-6.12323399573677E-017,1.));
#10170=DIRECTION('',(-1.,-1.22464679914735E-016,-6.12323399573677E-017));
#10171=FACE_BOUND('',#10172,.T.);
#10172=EDGE_LOOP('',(#13886));
#10173=FACE_BOUND('',#10174,.T.);
#10174=EDGE_LOOP('',(#13887));
#10175=PLANE('',#10176);
#10176=AXIS2_PLACEMENT_3D('',#10177,#10178,#10179);
#10177=CARTESIAN_POINT('',(27.94,-2.44929359829471E-016,4.));
#10178=DIRECTION('',(6.12323399573677E-017,6.12323399573677E-017,-1.));
#10179=DIRECTION('',(-1.,-1.22464679914735E-016,-6.12323399573677E-017));
#10180=FACE_OUTER_BOUND('',#10181,.T.);
#10181=EDGE_LOOP('',(#13888));
#10182=FACE_OUTER_BOUND('',#10183,.T.);
#10183=EDGE_LOOP('',(#13889));
#10184=CYLINDRICAL_SURFACE('',#10185,0.66);
#10185=AXIS2_PLACEMENT_3D('',#10186,#10187,#10188);
#10186=CARTESIAN_POINT('',(27.94,-2.63299061816681E-017,0.43));
#10187=DIRECTION('',(-6.12323399573677E-017,-6.12323399573677E-017,1.));
#10188=DIRECTION('',(-1.,-1.22464679914735E-016,-6.12323399573677E-017));
#10189=FACE_OUTER_BOUND('',#10190,.T.);
#10190=EDGE_LOOP('',(#13890));
#10191=FACE_OUTER_BOUND('',#10192,.T.);
#10192=EDGE_LOOP('',(#13891));
#10193=CONICAL_SURFACE('',#10194,0.445,0.785398163397448);
#10194=AXIS2_PLACEMENT_3D('',#10195,#10196,#10197);
#10195=CARTESIAN_POINT('',(27.94,-1.3164953090834E-017,0.215));
#10196=DIRECTION('',(-6.12323399573677E-017,-6.12323399573677E-017,1.));
#10197=DIRECTION('',(-1.,-1.22464679914735E-016,-6.12323399573677E-017));
#10198=FACE_OUTER_BOUND('',#10199,.T.);
#10199=EDGE_LOOP('',(#13892));
#10200=FACE_OUTER_BOUND('',#10201,.T.);
#10201=EDGE_LOOP('',(#13893));
#10202=CYLINDRICAL_SURFACE('',#10203,0.23);
#10203=AXIS2_PLACEMENT_3D('',#10204,#10205,#10206);
#10204=CARTESIAN_POINT('',(27.94,2.11863896252492E-016,-3.46));
#10205=DIRECTION('',(-6.12323399573677E-017,-6.12323399573677E-017,1.));
#10206=DIRECTION('',(-1.,-1.22464679914735E-016,-6.12323399573675E-017));
#10207=FACE_OUTER_BOUND('',#10208,.T.);
#10208=EDGE_LOOP('',(#13894));
#10209=SPHERICAL_SURFACE('',#10210,0.23);
#10210=AXIS2_PLACEMENT_3D('',#10211,#10212,#10213);
#10211=CARTESIAN_POINT('',(27.94,2.11863896252492E-016,-3.46));
#10212=DIRECTION('',(-6.12323399573677E-017,-6.12323399573677E-017,1.));
#10213=DIRECTION('',(-1.,-1.22464679914735E-016,-6.12323399573677E-017));
#10214=FACE_OUTER_BOUND('',#10215,.T.);
#10215=EDGE_LOOP('',(#13895));
#10216=SPHERICAL_SURFACE('',#10217,0.3);
#10217=AXIS2_PLACEMENT_3D('',#10218,#10219,#10220);
#10218=CARTESIAN_POINT('',(30.48,-4.71489017671731E-016,7.7));
#10219=DIRECTION('',(-6.12323399573677E-017,-6.12323399573677E-017,1.));
#10220=DIRECTION('',(-1.,-1.22464679914736E-016,-6.12323399573677E-017));
#10221=FACE_OUTER_BOUND('',#10222,.T.);
#10222=EDGE_LOOP('',(#13896));
#10223=FACE_OUTER_BOUND('',#10224,.T.);
#10224=EDGE_LOOP('',(#13897));
#10225=CYLINDRICAL_SURFACE('',#10226,0.3);
#10226=AXIS2_PLACEMENT_3D('',#10227,#10228,#10229);
#10227=CARTESIAN_POINT('',(30.48,-3.06161699786838E-016,5.));
#10228=DIRECTION('',(-6.12323399573677E-017,-6.12323399573677E-017,1.));
#10229=DIRECTION('',(-1.,-1.22464679914735E-016,-6.12323399573677E-017));
#10230=FACE_BOUND('',#10231,.T.);
#10231=EDGE_LOOP('',(#13898));
#10232=FACE_BOUND('',#10233,.T.);
#10233=EDGE_LOOP('',(#13899));
#10234=PLANE('',#10235);
#10235=AXIS2_PLACEMENT_3D('',#10236,#10237,#10238);
#10236=CARTESIAN_POINT('',(30.48,-3.06161699786838E-016,5.));
#10237=DIRECTION('',(-6.12323399573677E-017,-6.12323399573677E-017,1.));
#10238=DIRECTION('',(-1.,-1.22464679914735E-016,-6.12323399573677E-017));
#10239=FACE_OUTER_BOUND('',#10240,.T.);
#10240=EDGE_LOOP('',(#13900));
#10241=FACE_OUTER_BOUND('',#10242,.T.);
#10242=EDGE_LOOP('',(#13901));
#10243=CYLINDRICAL_SURFACE('',#10244,0.9);
#10244=AXIS2_PLACEMENT_3D('',#10245,#10246,#10247);
#10245=CARTESIAN_POINT('',(30.48,-2.44929359829471E-016,4.));
#10246=DIRECTION('',(-6.12323399573677E-017,-6.12323399573677E-017,1.));
#10247=DIRECTION('',(-1.,-1.22464679914735E-016,-6.12323399573677E-017));
#10248=FACE_BOUND('',#10249,.T.);
#10249=EDGE_LOOP('',(#13902));
#10250=FACE_BOUND('',#10251,.T.);
#10251=EDGE_LOOP('',(#13903));
#10252=PLANE('',#10253);
#10253=AXIS2_PLACEMENT_3D('',#10254,#10255,#10256);
#10254=CARTESIAN_POINT('',(30.48,-2.44929359829471E-016,4.));
#10255=DIRECTION('',(6.12323399573677E-017,6.12323399573677E-017,-1.));
#10256=DIRECTION('',(-1.,-1.22464679914735E-016,-6.12323399573677E-017));
#10257=FACE_OUTER_BOUND('',#10258,.T.);
#10258=EDGE_LOOP('',(#13904));
#10259=FACE_OUTER_BOUND('',#10260,.T.);
#10260=EDGE_LOOP('',(#13905));
#10261=CYLINDRICAL_SURFACE('',#10262,0.66);
#10262=AXIS2_PLACEMENT_3D('',#10263,#10264,#10265);
#10263=CARTESIAN_POINT('',(30.48,-2.63299061816681E-017,0.43));
#10264=DIRECTION('',(-6.12323399573677E-017,-6.12323399573677E-017,1.));
#10265=DIRECTION('',(-1.,-1.22464679914735E-016,-6.12323399573677E-017));
#10266=FACE_OUTER_BOUND('',#10267,.T.);
#10267=EDGE_LOOP('',(#13906));
#10268=FACE_OUTER_BOUND('',#10269,.T.);
#10269=EDGE_LOOP('',(#13907));
#10270=CONICAL_SURFACE('',#10271,0.445,0.785398163397448);
#10271=AXIS2_PLACEMENT_3D('',#10272,#10273,#10274);
#10272=CARTESIAN_POINT('',(30.48,-1.3164953090834E-017,0.215));
#10273=DIRECTION('',(-6.12323399573677E-017,-6.12323399573677E-017,1.));
#10274=DIRECTION('',(-1.,-1.22464679914735E-016,-6.12323399573677E-017));
#10275=FACE_OUTER_BOUND('',#10276,.T.);
#10276=EDGE_LOOP('',(#13908));
#10277=FACE_OUTER_BOUND('',#10278,.T.);
#10278=EDGE_LOOP('',(#13909));
#10279=CYLINDRICAL_SURFACE('',#10280,0.23);
#10280=AXIS2_PLACEMENT_3D('',#10281,#10282,#10283);
#10281=CARTESIAN_POINT('',(30.48,2.11863896252492E-016,-3.46));
#10282=DIRECTION('',(-6.12323399573677E-017,-6.12323399573677E-017,1.));
#10283=DIRECTION('',(-1.,-1.22464679914735E-016,-6.12323399573675E-017));
#10284=FACE_OUTER_BOUND('',#10285,.T.);
#10285=EDGE_LOOP('',(#13910));
#10286=SPHERICAL_SURFACE('',#10287,0.23);
#10287=AXIS2_PLACEMENT_3D('',#10288,#10289,#10290);
#10288=CARTESIAN_POINT('',(30.48,2.11863896252492E-016,-3.46));
#10289=DIRECTION('',(-6.12323399573677E-017,-6.12323399573677E-017,1.));
#10290=DIRECTION('',(-1.,-1.22464679914735E-016,-6.12323399573677E-017));
#10291=FACE_OUTER_BOUND('',#10292,.T.);
#10292=EDGE_LOOP('',(#13911));
#10293=SPHERICAL_SURFACE('',#10294,0.3);
#10294=AXIS2_PLACEMENT_3D('',#10295,#10296,#10297);
#10295=CARTESIAN_POINT('',(33.02,-4.71489017671731E-016,7.7));
#10296=DIRECTION('',(-6.12323399573677E-017,-6.12323399573677E-017,1.));
#10297=DIRECTION('',(-1.,-1.22464679914736E-016,-6.12323399573677E-017));
#10298=FACE_OUTER_BOUND('',#10299,.T.);
#10299=EDGE_LOOP('',(#13912));
#10300=FACE_OUTER_BOUND('',#10301,.T.);
#10301=EDGE_LOOP('',(#13913));
#10302=CYLINDRICAL_SURFACE('',#10303,0.3);
#10303=AXIS2_PLACEMENT_3D('',#10304,#10305,#10306);
#10304=CARTESIAN_POINT('',(33.02,-3.06161699786838E-016,5.));
#10305=DIRECTION('',(-6.12323399573677E-017,-6.12323399573677E-017,1.));
#10306=DIRECTION('',(-1.,-1.22464679914735E-016,-6.12323399573677E-017));
#10307=FACE_BOUND('',#10308,.T.);
#10308=EDGE_LOOP('',(#13914));
#10309=FACE_BOUND('',#10310,.T.);
#10310=EDGE_LOOP('',(#13915));
#10311=PLANE('',#10312);
#10312=AXIS2_PLACEMENT_3D('',#10313,#10314,#10315);
#10313=CARTESIAN_POINT('',(33.02,-3.06161699786838E-016,5.));
#10314=DIRECTION('',(-6.12323399573677E-017,-6.12323399573677E-017,1.));
#10315=DIRECTION('',(-1.,-1.22464679914735E-016,-6.12323399573677E-017));
#10316=FACE_OUTER_BOUND('',#10317,.T.);
#10317=EDGE_LOOP('',(#13916));
#10318=FACE_OUTER_BOUND('',#10319,.T.);
#10319=EDGE_LOOP('',(#13917));
#10320=CYLINDRICAL_SURFACE('',#10321,0.9);
#10321=AXIS2_PLACEMENT_3D('',#10322,#10323,#10324);
#10322=CARTESIAN_POINT('',(33.02,-2.44929359829471E-016,4.));
#10323=DIRECTION('',(-6.12323399573677E-017,-6.12323399573677E-017,1.));
#10324=DIRECTION('',(-1.,-1.22464679914735E-016,-6.12323399573677E-017));
#10325=FACE_BOUND('',#10326,.T.);
#10326=EDGE_LOOP('',(#13918));
#10327=FACE_BOUND('',#10328,.T.);
#10328=EDGE_LOOP('',(#13919));
#10329=PLANE('',#10330);
#10330=AXIS2_PLACEMENT_3D('',#10331,#10332,#10333);
#10331=CARTESIAN_POINT('',(33.02,-2.44929359829471E-016,4.));
#10332=DIRECTION('',(6.12323399573677E-017,6.12323399573677E-017,-1.));
#10333=DIRECTION('',(-1.,-1.22464679914735E-016,-6.12323399573677E-017));
#10334=FACE_OUTER_BOUND('',#10335,.T.);
#10335=EDGE_LOOP('',(#13920));
#10336=FACE_OUTER_BOUND('',#10337,.T.);
#10337=EDGE_LOOP('',(#13921));
#10338=CYLINDRICAL_SURFACE('',#10339,0.66);
#10339=AXIS2_PLACEMENT_3D('',#10340,#10341,#10342);
#10340=CARTESIAN_POINT('',(33.02,-2.63299061816681E-017,0.43));
#10341=DIRECTION('',(-6.12323399573677E-017,-6.12323399573677E-017,1.));
#10342=DIRECTION('',(-1.,-1.22464679914735E-016,-6.12323399573677E-017));
#10343=FACE_OUTER_BOUND('',#10344,.T.);
#10344=EDGE_LOOP('',(#13922));
#10345=FACE_OUTER_BOUND('',#10346,.T.);
#10346=EDGE_LOOP('',(#13923));
#10347=CONICAL_SURFACE('',#10348,0.445,0.785398163397448);
#10348=AXIS2_PLACEMENT_3D('',#10349,#10350,#10351);
#10349=CARTESIAN_POINT('',(33.02,-1.3164953090834E-017,0.215));
#10350=DIRECTION('',(-6.12323399573677E-017,-6.12323399573677E-017,1.));
#10351=DIRECTION('',(-1.,-1.22464679914735E-016,-6.12323399573677E-017));
#10352=FACE_OUTER_BOUND('',#10353,.T.);
#10353=EDGE_LOOP('',(#13924));
#10354=FACE_OUTER_BOUND('',#10355,.T.);
#10355=EDGE_LOOP('',(#13925));
#10356=CYLINDRICAL_SURFACE('',#10357,0.23);
#10357=AXIS2_PLACEMENT_3D('',#10358,#10359,#10360);
#10358=CARTESIAN_POINT('',(33.02,2.11863896252492E-016,-3.46));
#10359=DIRECTION('',(-6.12323399573677E-017,-6.12323399573677E-017,1.));
#10360=DIRECTION('',(-1.,-1.22464679914735E-016,-6.12323399573675E-017));
#10361=FACE_OUTER_BOUND('',#10362,.T.);
#10362=EDGE_LOOP('',(#13926));
#10363=SPHERICAL_SURFACE('',#10364,0.23);
#10364=AXIS2_PLACEMENT_3D('',#10365,#10366,#10367);
#10365=CARTESIAN_POINT('',(33.02,2.11863896252492E-016,-3.46));
#10366=DIRECTION('',(-6.12323399573677E-017,-6.12323399573677E-017,1.));
#10367=DIRECTION('',(-1.,-1.22464679914735E-016,-6.12323399573677E-017));
#10368=FACE_OUTER_BOUND('',#10369,.T.);
#10369=EDGE_LOOP('',(#13927));
#10370=SPHERICAL_SURFACE('',#10371,0.3);
#10371=AXIS2_PLACEMENT_3D('',#10372,#10373,#10374);
#10372=CARTESIAN_POINT('',(35.56,-4.71489017671731E-016,7.7));
#10373=DIRECTION('',(-6.12323399573677E-017,-6.12323399573677E-017,1.));
#10374=DIRECTION('',(-1.,-1.22464679914736E-016,-6.12323399573677E-017));
#10375=FACE_OUTER_BOUND('',#10376,.T.);
#10376=EDGE_LOOP('',(#13928));
#10377=FACE_OUTER_BOUND('',#10378,.T.);
#10378=EDGE_LOOP('',(#13929));
#10379=CYLINDRICAL_SURFACE('',#10380,0.3);
#10380=AXIS2_PLACEMENT_3D('',#10381,#10382,#10383);
#10381=CARTESIAN_POINT('',(35.56,-3.06161699786838E-016,5.));
#10382=DIRECTION('',(-6.12323399573677E-017,-6.12323399573677E-017,1.));
#10383=DIRECTION('',(-1.,-1.22464679914735E-016,-6.12323399573677E-017));
#10384=FACE_BOUND('',#10385,.T.);
#10385=EDGE_LOOP('',(#13930));
#10386=FACE_BOUND('',#10387,.T.);
#10387=EDGE_LOOP('',(#13931));
#10388=PLANE('',#10389);
#10389=AXIS2_PLACEMENT_3D('',#10390,#10391,#10392);
#10390=CARTESIAN_POINT('',(35.56,-3.06161699786838E-016,5.));
#10391=DIRECTION('',(-6.12323399573677E-017,-6.12323399573677E-017,1.));
#10392=DIRECTION('',(-1.,-1.22464679914735E-016,-6.12323399573677E-017));
#10393=FACE_OUTER_BOUND('',#10394,.T.);
#10394=EDGE_LOOP('',(#13932));
#10395=FACE_OUTER_BOUND('',#10396,.T.);
#10396=EDGE_LOOP('',(#13933));
#10397=CYLINDRICAL_SURFACE('',#10398,0.9);
#10398=AXIS2_PLACEMENT_3D('',#10399,#10400,#10401);
#10399=CARTESIAN_POINT('',(35.56,-2.44929359829471E-016,4.));
#10400=DIRECTION('',(-6.12323399573677E-017,-6.12323399573677E-017,1.));
#10401=DIRECTION('',(-1.,-1.22464679914735E-016,-6.12323399573677E-017));
#10402=FACE_BOUND('',#10403,.T.);
#10403=EDGE_LOOP('',(#13934));
#10404=FACE_BOUND('',#10405,.T.);
#10405=EDGE_LOOP('',(#13935));
#10406=PLANE('',#10407);
#10407=AXIS2_PLACEMENT_3D('',#10408,#10409,#10410);
#10408=CARTESIAN_POINT('',(35.56,-2.44929359829471E-016,4.));
#10409=DIRECTION('',(6.12323399573677E-017,6.12323399573677E-017,-1.));
#10410=DIRECTION('',(-1.,-1.22464679914735E-016,-6.12323399573677E-017));
#10411=FACE_OUTER_BOUND('',#10412,.T.);
#10412=EDGE_LOOP('',(#13936));
#10413=FACE_OUTER_BOUND('',#10414,.T.);
#10414=EDGE_LOOP('',(#13937));
#10415=CYLINDRICAL_SURFACE('',#10416,0.66);
#10416=AXIS2_PLACEMENT_3D('',#10417,#10418,#10419);
#10417=CARTESIAN_POINT('',(35.56,-2.63299061816681E-017,0.43));
#10418=DIRECTION('',(-6.12323399573677E-017,-6.12323399573677E-017,1.));
#10419=DIRECTION('',(-1.,-1.22464679914735E-016,-6.12323399573677E-017));
#10420=FACE_OUTER_BOUND('',#10421,.T.);
#10421=EDGE_LOOP('',(#13938));
#10422=FACE_OUTER_BOUND('',#10423,.T.);
#10423=EDGE_LOOP('',(#13939));
#10424=CONICAL_SURFACE('',#10425,0.445,0.785398163397448);
#10425=AXIS2_PLACEMENT_3D('',#10426,#10427,#10428);
#10426=CARTESIAN_POINT('',(35.56,-1.3164953090834E-017,0.215));
#10427=DIRECTION('',(-6.12323399573677E-017,-6.12323399573677E-017,1.));
#10428=DIRECTION('',(-1.,-1.22464679914735E-016,-6.12323399573677E-017));
#10429=FACE_OUTER_BOUND('',#10430,.T.);
#10430=EDGE_LOOP('',(#13940));
#10431=FACE_OUTER_BOUND('',#10432,.T.);
#10432=EDGE_LOOP('',(#13941));
#10433=CYLINDRICAL_SURFACE('',#10434,0.23);
#10434=AXIS2_PLACEMENT_3D('',#10435,#10436,#10437);
#10435=CARTESIAN_POINT('',(35.56,2.11863896252492E-016,-3.46));
#10436=DIRECTION('',(-6.12323399573677E-017,-6.12323399573677E-017,1.));
#10437=DIRECTION('',(-1.,-1.22464679914735E-016,-6.12323399573675E-017));
#10438=FACE_OUTER_BOUND('',#10439,.T.);
#10439=EDGE_LOOP('',(#13942));
#10440=SPHERICAL_SURFACE('',#10441,0.23);
#10441=AXIS2_PLACEMENT_3D('',#10442,#10443,#10444);
#10442=CARTESIAN_POINT('',(35.56,2.11863896252492E-016,-3.46));
#10443=DIRECTION('',(-6.12323399573677E-017,-6.12323399573677E-017,1.));
#10444=DIRECTION('',(-1.,-1.22464679914735E-016,-6.12323399573677E-017));
#10445=FACE_OUTER_BOUND('',#10446,.T.);
#10446=EDGE_LOOP('',(#13943));
#10447=SPHERICAL_SURFACE('',#10448,0.3);
#10448=AXIS2_PLACEMENT_3D('',#10449,#10450,#10451);
#10449=CARTESIAN_POINT('',(38.1,-4.71489017671731E-016,7.7));
#10450=DIRECTION('',(-6.12323399573677E-017,-6.12323399573677E-017,1.));
#10451=DIRECTION('',(-1.,-1.22464679914736E-016,-6.12323399573677E-017));
#10452=FACE_OUTER_BOUND('',#10453,.T.);
#10453=EDGE_LOOP('',(#13944));
#10454=FACE_OUTER_BOUND('',#10455,.T.);
#10455=EDGE_LOOP('',(#13945));
#10456=CYLINDRICAL_SURFACE('',#10457,0.3);
#10457=AXIS2_PLACEMENT_3D('',#10458,#10459,#10460);
#10458=CARTESIAN_POINT('',(38.1,-3.06161699786838E-016,5.));
#10459=DIRECTION('',(-6.12323399573677E-017,-6.12323399573677E-017,1.));
#10460=DIRECTION('',(-1.,-1.22464679914735E-016,-6.12323399573677E-017));
#10461=FACE_BOUND('',#10462,.T.);
#10462=EDGE_LOOP('',(#13946));
#10463=FACE_BOUND('',#10464,.T.);
#10464=EDGE_LOOP('',(#13947));
#10465=PLANE('',#10466);
#10466=AXIS2_PLACEMENT_3D('',#10467,#10468,#10469);
#10467=CARTESIAN_POINT('',(38.1,-3.06161699786838E-016,5.));
#10468=DIRECTION('',(-6.12323399573677E-017,-6.12323399573677E-017,1.));
#10469=DIRECTION('',(-1.,-1.22464679914735E-016,-6.12323399573677E-017));
#10470=FACE_OUTER_BOUND('',#10471,.T.);
#10471=EDGE_LOOP('',(#13948));
#10472=FACE_OUTER_BOUND('',#10473,.T.);
#10473=EDGE_LOOP('',(#13949));
#10474=CYLINDRICAL_SURFACE('',#10475,0.9);
#10475=AXIS2_PLACEMENT_3D('',#10476,#10477,#10478);
#10476=CARTESIAN_POINT('',(38.1,-2.44929359829471E-016,4.));
#10477=DIRECTION('',(-6.12323399573677E-017,-6.12323399573677E-017,1.));
#10478=DIRECTION('',(-1.,-1.22464679914735E-016,-6.12323399573677E-017));
#10479=FACE_BOUND('',#10480,.T.);
#10480=EDGE_LOOP('',(#13950));
#10481=FACE_BOUND('',#10482,.T.);
#10482=EDGE_LOOP('',(#13951));
#10483=PLANE('',#10484);
#10484=AXIS2_PLACEMENT_3D('',#10485,#10486,#10487);
#10485=CARTESIAN_POINT('',(38.1,-2.44929359829471E-016,4.));
#10486=DIRECTION('',(6.12323399573677E-017,6.12323399573677E-017,-1.));
#10487=DIRECTION('',(-1.,-1.22464679914735E-016,-6.12323399573677E-017));
#10488=FACE_OUTER_BOUND('',#10489,.T.);
#10489=EDGE_LOOP('',(#13952));
#10490=FACE_OUTER_BOUND('',#10491,.T.);
#10491=EDGE_LOOP('',(#13953));
#10492=CYLINDRICAL_SURFACE('',#10493,0.66);
#10493=AXIS2_PLACEMENT_3D('',#10494,#10495,#10496);
#10494=CARTESIAN_POINT('',(38.1,-2.63299061816681E-017,0.43));
#10495=DIRECTION('',(-6.12323399573677E-017,-6.12323399573677E-017,1.));
#10496=DIRECTION('',(-1.,-1.22464679914735E-016,-6.12323399573677E-017));
#10497=FACE_OUTER_BOUND('',#10498,.T.);
#10498=EDGE_LOOP('',(#13954));
#10499=FACE_OUTER_BOUND('',#10500,.T.);
#10500=EDGE_LOOP('',(#13955));
#10501=CONICAL_SURFACE('',#10502,0.445,0.785398163397448);
#10502=AXIS2_PLACEMENT_3D('',#10503,#10504,#10505);
#10503=CARTESIAN_POINT('',(38.1,-1.3164953090834E-017,0.215));
#10504=DIRECTION('',(-6.12323399573677E-017,-6.12323399573677E-017,1.));
#10505=DIRECTION('',(-1.,-1.22464679914735E-016,-6.12323399573677E-017));
#10506=FACE_OUTER_BOUND('',#10507,.T.);
#10507=EDGE_LOOP('',(#13956));
#10508=FACE_OUTER_BOUND('',#10509,.T.);
#10509=EDGE_LOOP('',(#13957));
#10510=CYLINDRICAL_SURFACE('',#10511,0.23);
#10511=AXIS2_PLACEMENT_3D('',#10512,#10513,#10514);
#10512=CARTESIAN_POINT('',(38.1,2.11863896252492E-016,-3.46));
#10513=DIRECTION('',(-6.12323399573677E-017,-6.12323399573677E-017,1.));
#10514=DIRECTION('',(-1.,-1.22464679914735E-016,-6.12323399573675E-017));
#10515=FACE_OUTER_BOUND('',#10516,.T.);
#10516=EDGE_LOOP('',(#13958));
#10517=SPHERICAL_SURFACE('',#10518,0.23);
#10518=AXIS2_PLACEMENT_3D('',#10519,#10520,#10521);
#10519=CARTESIAN_POINT('',(38.1,2.11863896252492E-016,-3.46));
#10520=DIRECTION('',(-6.12323399573677E-017,-6.12323399573677E-017,1.));
#10521=DIRECTION('',(-1.,-1.22464679914735E-016,-6.12323399573677E-017));
#10522=FACE_OUTER_BOUND('',#10523,.T.);
#10523=EDGE_LOOP('',(#13959));
#10524=SPHERICAL_SURFACE('',#10525,0.3);
#10525=AXIS2_PLACEMENT_3D('',#10526,#10527,#10528);
#10526=CARTESIAN_POINT('',(40.64,-4.71489017671731E-016,7.7));
#10527=DIRECTION('',(-6.12323399573677E-017,-6.12323399573677E-017,1.));
#10528=DIRECTION('',(-1.,-1.22464679914736E-016,-6.12323399573677E-017));
#10529=FACE_OUTER_BOUND('',#10530,.T.);
#10530=EDGE_LOOP('',(#13960));
#10531=FACE_OUTER_BOUND('',#10532,.T.);
#10532=EDGE_LOOP('',(#13961));
#10533=CYLINDRICAL_SURFACE('',#10534,0.3);
#10534=AXIS2_PLACEMENT_3D('',#10535,#10536,#10537);
#10535=CARTESIAN_POINT('',(40.64,-3.06161699786838E-016,5.));
#10536=DIRECTION('',(-6.12323399573677E-017,-6.12323399573677E-017,1.));
#10537=DIRECTION('',(-1.,-1.22464679914735E-016,-6.12323399573677E-017));
#10538=FACE_BOUND('',#10539,.T.);
#10539=EDGE_LOOP('',(#13962));
#10540=FACE_BOUND('',#10541,.T.);
#10541=EDGE_LOOP('',(#13963));
#10542=PLANE('',#10543);
#10543=AXIS2_PLACEMENT_3D('',#10544,#10545,#10546);
#10544=CARTESIAN_POINT('',(40.64,-3.06161699786838E-016,5.));
#10545=DIRECTION('',(-6.12323399573677E-017,-6.12323399573677E-017,1.));
#10546=DIRECTION('',(-1.,-1.22464679914735E-016,-6.12323399573677E-017));
#10547=FACE_OUTER_BOUND('',#10548,.T.);
#10548=EDGE_LOOP('',(#13964));
#10549=FACE_OUTER_BOUND('',#10550,.T.);
#10550=EDGE_LOOP('',(#13965));
#10551=CYLINDRICAL_SURFACE('',#10552,0.9);
#10552=AXIS2_PLACEMENT_3D('',#10553,#10554,#10555);
#10553=CARTESIAN_POINT('',(40.64,-2.44929359829471E-016,4.));
#10554=DIRECTION('',(-6.12323399573677E-017,-6.12323399573677E-017,1.));
#10555=DIRECTION('',(-1.,-1.22464679914735E-016,-6.12323399573677E-017));
#10556=FACE_BOUND('',#10557,.T.);
#10557=EDGE_LOOP('',(#13966));
#10558=FACE_BOUND('',#10559,.T.);
#10559=EDGE_LOOP('',(#13967));
#10560=PLANE('',#10561);
#10561=AXIS2_PLACEMENT_3D('',#10562,#10563,#10564);
#10562=CARTESIAN_POINT('',(40.64,-2.44929359829471E-016,4.));
#10563=DIRECTION('',(6.12323399573677E-017,6.12323399573677E-017,-1.));
#10564=DIRECTION('',(-1.,-1.22464679914735E-016,-6.12323399573677E-017));
#10565=FACE_OUTER_BOUND('',#10566,.T.);
#10566=EDGE_LOOP('',(#13968));
#10567=FACE_OUTER_BOUND('',#10568,.T.);
#10568=EDGE_LOOP('',(#13969));
#10569=CYLINDRICAL_SURFACE('',#10570,0.66);
#10570=AXIS2_PLACEMENT_3D('',#10571,#10572,#10573);
#10571=CARTESIAN_POINT('',(40.64,-2.63299061816681E-017,0.43));
#10572=DIRECTION('',(-6.12323399573677E-017,-6.12323399573677E-017,1.));
#10573=DIRECTION('',(-1.,-1.22464679914735E-016,-6.12323399573677E-017));
#10574=FACE_OUTER_BOUND('',#10575,.T.);
#10575=EDGE_LOOP('',(#13970));
#10576=FACE_OUTER_BOUND('',#10577,.T.);
#10577=EDGE_LOOP('',(#13971));
#10578=CONICAL_SURFACE('',#10579,0.445,0.785398163397448);
#10579=AXIS2_PLACEMENT_3D('',#10580,#10581,#10582);
#10580=CARTESIAN_POINT('',(40.64,-1.3164953090834E-017,0.215));
#10581=DIRECTION('',(-6.12323399573677E-017,-6.12323399573677E-017,1.));
#10582=DIRECTION('',(-1.,-1.22464679914735E-016,-6.12323399573677E-017));
#10583=FACE_OUTER_BOUND('',#10584,.T.);
#10584=EDGE_LOOP('',(#13972));
#10585=FACE_OUTER_BOUND('',#10586,.T.);
#10586=EDGE_LOOP('',(#13973));
#10587=CYLINDRICAL_SURFACE('',#10588,0.23);
#10588=AXIS2_PLACEMENT_3D('',#10589,#10590,#10591);
#10589=CARTESIAN_POINT('',(40.64,2.11863896252492E-016,-3.46));
#10590=DIRECTION('',(-6.12323399573677E-017,-6.12323399573677E-017,1.));
#10591=DIRECTION('',(-1.,-1.22464679914735E-016,-6.12323399573675E-017));
#10592=FACE_OUTER_BOUND('',#10593,.T.);
#10593=EDGE_LOOP('',(#13974));
#10594=SPHERICAL_SURFACE('',#10595,0.23);
#10595=AXIS2_PLACEMENT_3D('',#10596,#10597,#10598);
#10596=CARTESIAN_POINT('',(40.64,2.11863896252492E-016,-3.46));
#10597=DIRECTION('',(-6.12323399573677E-017,-6.12323399573677E-017,1.));
#10598=DIRECTION('',(-1.,-1.22464679914735E-016,-6.12323399573677E-017));
#10599=FACE_OUTER_BOUND('',#10600,.T.);
#10600=EDGE_LOOP('',(#13975));
#10601=SPHERICAL_SURFACE('',#10602,0.3);
#10602=AXIS2_PLACEMENT_3D('',#10603,#10604,#10605);
#10603=CARTESIAN_POINT('',(43.18,-4.71489017671731E-016,7.7));
#10604=DIRECTION('',(-6.12323399573677E-017,-6.12323399573677E-017,1.));
#10605=DIRECTION('',(-1.,-1.22464679914736E-016,-6.12323399573677E-017));
#10606=FACE_OUTER_BOUND('',#10607,.T.);
#10607=EDGE_LOOP('',(#13976));
#10608=FACE_OUTER_BOUND('',#10609,.T.);
#10609=EDGE_LOOP('',(#13977));
#10610=CYLINDRICAL_SURFACE('',#10611,0.3);
#10611=AXIS2_PLACEMENT_3D('',#10612,#10613,#10614);
#10612=CARTESIAN_POINT('',(43.18,-3.06161699786838E-016,5.));
#10613=DIRECTION('',(-6.12323399573677E-017,-6.12323399573677E-017,1.));
#10614=DIRECTION('',(-1.,-1.22464679914735E-016,-6.12323399573677E-017));
#10615=FACE_BOUND('',#10616,.T.);
#10616=EDGE_LOOP('',(#13978));
#10617=FACE_BOUND('',#10618,.T.);
#10618=EDGE_LOOP('',(#13979));
#10619=PLANE('',#10620);
#10620=AXIS2_PLACEMENT_3D('',#10621,#10622,#10623);
#10621=CARTESIAN_POINT('',(43.18,-3.06161699786838E-016,5.));
#10622=DIRECTION('',(-6.12323399573677E-017,-6.12323399573677E-017,1.));
#10623=DIRECTION('',(-1.,-1.22464679914735E-016,-6.12323399573677E-017));
#10624=FACE_OUTER_BOUND('',#10625,.T.);
#10625=EDGE_LOOP('',(#13980));
#10626=FACE_OUTER_BOUND('',#10627,.T.);
#10627=EDGE_LOOP('',(#13981));
#10628=CYLINDRICAL_SURFACE('',#10629,0.9);
#10629=AXIS2_PLACEMENT_3D('',#10630,#10631,#10632);
#10630=CARTESIAN_POINT('',(43.18,-2.44929359829471E-016,4.));
#10631=DIRECTION('',(-6.12323399573677E-017,-6.12323399573677E-017,1.));
#10632=DIRECTION('',(-1.,-1.22464679914735E-016,-6.12323399573677E-017));
#10633=FACE_BOUND('',#10634,.T.);
#10634=EDGE_LOOP('',(#13982));
#10635=FACE_BOUND('',#10636,.T.);
#10636=EDGE_LOOP('',(#13983));
#10637=PLANE('',#10638);
#10638=AXIS2_PLACEMENT_3D('',#10639,#10640,#10641);
#10639=CARTESIAN_POINT('',(43.18,-2.44929359829471E-016,4.));
#10640=DIRECTION('',(6.12323399573677E-017,6.12323399573677E-017,-1.));
#10641=DIRECTION('',(-1.,-1.22464679914735E-016,-6.12323399573677E-017));
#10642=FACE_OUTER_BOUND('',#10643,.T.);
#10643=EDGE_LOOP('',(#13984));
#10644=FACE_OUTER_BOUND('',#10645,.T.);
#10645=EDGE_LOOP('',(#13985));
#10646=CYLINDRICAL_SURFACE('',#10647,0.66);
#10647=AXIS2_PLACEMENT_3D('',#10648,#10649,#10650);
#10648=CARTESIAN_POINT('',(43.18,-2.63299061816681E-017,0.43));
#10649=DIRECTION('',(-6.12323399573677E-017,-6.12323399573677E-017,1.));
#10650=DIRECTION('',(-1.,-1.22464679914735E-016,-6.12323399573677E-017));
#10651=FACE_OUTER_BOUND('',#10652,.T.);
#10652=EDGE_LOOP('',(#13986));
#10653=FACE_OUTER_BOUND('',#10654,.T.);
#10654=EDGE_LOOP('',(#13987));
#10655=CONICAL_SURFACE('',#10656,0.445,0.785398163397448);
#10656=AXIS2_PLACEMENT_3D('',#10657,#10658,#10659);
#10657=CARTESIAN_POINT('',(43.18,-1.3164953090834E-017,0.215));
#10658=DIRECTION('',(-6.12323399573677E-017,-6.12323399573677E-017,1.));
#10659=DIRECTION('',(-1.,-1.22464679914735E-016,-6.12323399573677E-017));
#10660=FACE_OUTER_BOUND('',#10661,.T.);
#10661=EDGE_LOOP('',(#13988));
#10662=FACE_OUTER_BOUND('',#10663,.T.);
#10663=EDGE_LOOP('',(#13989));
#10664=CYLINDRICAL_SURFACE('',#10665,0.23);
#10665=AXIS2_PLACEMENT_3D('',#10666,#10667,#10668);
#10666=CARTESIAN_POINT('',(43.18,2.11863896252492E-016,-3.46));
#10667=DIRECTION('',(-6.12323399573677E-017,-6.12323399573677E-017,1.));
#10668=DIRECTION('',(-1.,-1.22464679914735E-016,-6.12323399573675E-017));
#10669=FACE_OUTER_BOUND('',#10670,.T.);
#10670=EDGE_LOOP('',(#13990));
#10671=SPHERICAL_SURFACE('',#10672,0.23);
#10672=AXIS2_PLACEMENT_3D('',#10673,#10674,#10675);
#10673=CARTESIAN_POINT('',(43.18,2.11863896252492E-016,-3.46));
#10674=DIRECTION('',(-6.12323399573677E-017,-6.12323399573677E-017,1.));
#10675=DIRECTION('',(-1.,-1.22464679914735E-016,-6.12323399573677E-017));
#10676=FACE_OUTER_BOUND('',#10677,.T.);
#10677=EDGE_LOOP('',(#13991));
#10678=SPHERICAL_SURFACE('',#10679,0.3);
#10679=AXIS2_PLACEMENT_3D('',#10680,#10681,#10682);
#10680=CARTESIAN_POINT('',(45.72,-4.71489017671731E-016,7.7));
#10681=DIRECTION('',(-6.12323399573677E-017,-6.12323399573677E-017,1.));
#10682=DIRECTION('',(-1.,-1.22464679914736E-016,-6.12323399573677E-017));
#10683=FACE_OUTER_BOUND('',#10684,.T.);
#10684=EDGE_LOOP('',(#13992));
#10685=FACE_OUTER_BOUND('',#10686,.T.);
#10686=EDGE_LOOP('',(#13993));
#10687=CYLINDRICAL_SURFACE('',#10688,0.3);
#10688=AXIS2_PLACEMENT_3D('',#10689,#10690,#10691);
#10689=CARTESIAN_POINT('',(45.72,-3.06161699786838E-016,5.));
#10690=DIRECTION('',(-6.12323399573677E-017,-6.12323399573677E-017,1.));
#10691=DIRECTION('',(-1.,-1.22464679914735E-016,-6.12323399573677E-017));
#10692=FACE_BOUND('',#10693,.T.);
#10693=EDGE_LOOP('',(#13994));
#10694=FACE_BOUND('',#10695,.T.);
#10695=EDGE_LOOP('',(#13995));
#10696=PLANE('',#10697);
#10697=AXIS2_PLACEMENT_3D('',#10698,#10699,#10700);
#10698=CARTESIAN_POINT('',(45.72,-3.06161699786838E-016,5.));
#10699=DIRECTION('',(-6.12323399573677E-017,-6.12323399573677E-017,1.));
#10700=DIRECTION('',(-1.,-1.22464679914735E-016,-6.12323399573677E-017));
#10701=FACE_OUTER_BOUND('',#10702,.T.);
#10702=EDGE_LOOP('',(#13996));
#10703=FACE_OUTER_BOUND('',#10704,.T.);
#10704=EDGE_LOOP('',(#13997));
#10705=CYLINDRICAL_SURFACE('',#10706,0.9);
#10706=AXIS2_PLACEMENT_3D('',#10707,#10708,#10709);
#10707=CARTESIAN_POINT('',(45.72,-2.44929359829471E-016,4.));
#10708=DIRECTION('',(-6.12323399573677E-017,-6.12323399573677E-017,1.));
#10709=DIRECTION('',(-1.,-1.22464679914735E-016,-6.12323399573677E-017));
#10710=FACE_BOUND('',#10711,.T.);
#10711=EDGE_LOOP('',(#13998));
#10712=FACE_BOUND('',#10713,.T.);
#10713=EDGE_LOOP('',(#13999));
#10714=PLANE('',#10715);
#10715=AXIS2_PLACEMENT_3D('',#10716,#10717,#10718);
#10716=CARTESIAN_POINT('',(45.72,-2.44929359829471E-016,4.));
#10717=DIRECTION('',(6.12323399573677E-017,6.12323399573677E-017,-1.));
#10718=DIRECTION('',(-1.,-1.22464679914735E-016,-6.12323399573677E-017));
#10719=FACE_OUTER_BOUND('',#10720,.T.);
#10720=EDGE_LOOP('',(#14000));
#10721=FACE_OUTER_BOUND('',#10722,.T.);
#10722=EDGE_LOOP('',(#14001));
#10723=CYLINDRICAL_SURFACE('',#10724,0.66);
#10724=AXIS2_PLACEMENT_3D('',#10725,#10726,#10727);
#10725=CARTESIAN_POINT('',(45.72,-2.63299061816681E-017,0.43));
#10726=DIRECTION('',(-6.12323399573677E-017,-6.12323399573677E-017,1.));
#10727=DIRECTION('',(-1.,-1.22464679914735E-016,-6.12323399573677E-017));
#10728=FACE_OUTER_BOUND('',#10729,.T.);
#10729=EDGE_LOOP('',(#14002));
#10730=FACE_OUTER_BOUND('',#10731,.T.);
#10731=EDGE_LOOP('',(#14003));
#10732=CONICAL_SURFACE('',#10733,0.445,0.785398163397448);
#10733=AXIS2_PLACEMENT_3D('',#10734,#10735,#10736);
#10734=CARTESIAN_POINT('',(45.72,-1.3164953090834E-017,0.215));
#10735=DIRECTION('',(-6.12323399573677E-017,-6.12323399573677E-017,1.));
#10736=DIRECTION('',(-1.,-1.22464679914735E-016,-6.12323399573677E-017));
#10737=FACE_OUTER_BOUND('',#10738,.T.);
#10738=EDGE_LOOP('',(#14004));
#10739=FACE_OUTER_BOUND('',#10740,.T.);
#10740=EDGE_LOOP('',(#14005));
#10741=CYLINDRICAL_SURFACE('',#10742,0.23);
#10742=AXIS2_PLACEMENT_3D('',#10743,#10744,#10745);
#10743=CARTESIAN_POINT('',(45.72,2.11863896252492E-016,-3.46));
#10744=DIRECTION('',(-6.12323399573677E-017,-6.12323399573677E-017,1.));
#10745=DIRECTION('',(-1.,-1.22464679914735E-016,-6.12323399573675E-017));
#10746=FACE_OUTER_BOUND('',#10747,.T.);
#10747=EDGE_LOOP('',(#14006));
#10748=SPHERICAL_SURFACE('',#10749,0.23);
#10749=AXIS2_PLACEMENT_3D('',#10750,#10751,#10752);
#10750=CARTESIAN_POINT('',(45.72,2.11863896252492E-016,-3.46));
#10751=DIRECTION('',(-6.12323399573677E-017,-6.12323399573677E-017,1.));
#10752=DIRECTION('',(-1.,-1.22464679914735E-016,-6.12323399573677E-017));
#10753=FACE_OUTER_BOUND('',#10754,.T.);
#10754=EDGE_LOOP('',(#14007));
#10755=SPHERICAL_SURFACE('',#10756,0.3);
#10756=AXIS2_PLACEMENT_3D('',#10757,#10758,#10759);
#10757=CARTESIAN_POINT('',(48.26,-4.71489017671731E-016,7.7));
#10758=DIRECTION('',(-6.12323399573677E-017,-6.12323399573677E-017,1.));
#10759=DIRECTION('',(-1.,-1.22464679914736E-016,-6.12323399573677E-017));
#10760=FACE_OUTER_BOUND('',#10761,.T.);
#10761=EDGE_LOOP('',(#14008));
#10762=FACE_OUTER_BOUND('',#10763,.T.);
#10763=EDGE_LOOP('',(#14009));
#10764=CYLINDRICAL_SURFACE('',#10765,0.3);
#10765=AXIS2_PLACEMENT_3D('',#10766,#10767,#10768);
#10766=CARTESIAN_POINT('',(48.26,-3.06161699786838E-016,5.));
#10767=DIRECTION('',(-6.12323399573677E-017,-6.12323399573677E-017,1.));
#10768=DIRECTION('',(-1.,-1.22464679914735E-016,-6.12323399573677E-017));
#10769=FACE_BOUND('',#10770,.T.);
#10770=EDGE_LOOP('',(#14010));
#10771=FACE_BOUND('',#10772,.T.);
#10772=EDGE_LOOP('',(#14011));
#10773=PLANE('',#10774);
#10774=AXIS2_PLACEMENT_3D('',#10775,#10776,#10777);
#10775=CARTESIAN_POINT('',(48.26,-3.06161699786838E-016,5.));
#10776=DIRECTION('',(-6.12323399573677E-017,-6.12323399573677E-017,1.));
#10777=DIRECTION('',(-1.,-1.22464679914735E-016,-6.12323399573677E-017));
#10778=FACE_OUTER_BOUND('',#10779,.T.);
#10779=EDGE_LOOP('',(#14012));
#10780=FACE_OUTER_BOUND('',#10781,.T.);
#10781=EDGE_LOOP('',(#14013));
#10782=CYLINDRICAL_SURFACE('',#10783,0.9);
#10783=AXIS2_PLACEMENT_3D('',#10784,#10785,#10786);
#10784=CARTESIAN_POINT('',(48.26,-2.44929359829471E-016,4.));
#10785=DIRECTION('',(-6.12323399573677E-017,-6.12323399573677E-017,1.));
#10786=DIRECTION('',(-1.,-1.22464679914735E-016,-6.12323399573677E-017));
#10787=FACE_BOUND('',#10788,.T.);
#10788=EDGE_LOOP('',(#14014));
#10789=FACE_BOUND('',#10790,.T.);
#10790=EDGE_LOOP('',(#14015));
#10791=PLANE('',#10792);
#10792=AXIS2_PLACEMENT_3D('',#10793,#10794,#10795);
#10793=CARTESIAN_POINT('',(48.26,-2.44929359829471E-016,4.));
#10794=DIRECTION('',(6.12323399573677E-017,6.12323399573677E-017,-1.));
#10795=DIRECTION('',(-1.,-1.22464679914735E-016,-6.12323399573677E-017));
#10796=FACE_OUTER_BOUND('',#10797,.T.);
#10797=EDGE_LOOP('',(#14016));
#10798=FACE_OUTER_BOUND('',#10799,.T.);
#10799=EDGE_LOOP('',(#14017));
#10800=CYLINDRICAL_SURFACE('',#10801,0.66);
#10801=AXIS2_PLACEMENT_3D('',#10802,#10803,#10804);
#10802=CARTESIAN_POINT('',(48.26,-2.63299061816681E-017,0.43));
#10803=DIRECTION('',(-6.12323399573677E-017,-6.12323399573677E-017,1.));
#10804=DIRECTION('',(-1.,-1.22464679914735E-016,-6.12323399573677E-017));
#10805=FACE_OUTER_BOUND('',#10806,.T.);
#10806=EDGE_LOOP('',(#14018));
#10807=FACE_OUTER_BOUND('',#10808,.T.);
#10808=EDGE_LOOP('',(#14019));
#10809=CONICAL_SURFACE('',#10810,0.445,0.785398163397448);
#10810=AXIS2_PLACEMENT_3D('',#10811,#10812,#10813);
#10811=CARTESIAN_POINT('',(48.26,-1.3164953090834E-017,0.215));
#10812=DIRECTION('',(-6.12323399573677E-017,-6.12323399573677E-017,1.));
#10813=DIRECTION('',(-1.,-1.22464679914735E-016,-6.12323399573677E-017));
#10814=FACE_OUTER_BOUND('',#10815,.T.);
#10815=EDGE_LOOP('',(#14020));
#10816=FACE_OUTER_BOUND('',#10817,.T.);
#10817=EDGE_LOOP('',(#14021));
#10818=CYLINDRICAL_SURFACE('',#10819,0.23);
#10819=AXIS2_PLACEMENT_3D('',#10820,#10821,#10822);
#10820=CARTESIAN_POINT('',(48.26,2.11863896252492E-016,-3.46));
#10821=DIRECTION('',(-6.12323399573677E-017,-6.12323399573677E-017,1.));
#10822=DIRECTION('',(-1.,-1.22464679914735E-016,-6.12323399573675E-017));
#10823=FACE_OUTER_BOUND('',#10824,.T.);
#10824=EDGE_LOOP('',(#14022));
#10825=SPHERICAL_SURFACE('',#10826,0.23);
#10826=AXIS2_PLACEMENT_3D('',#10827,#10828,#10829);
#10827=CARTESIAN_POINT('',(48.26,2.11863896252492E-016,-3.46));
#10828=DIRECTION('',(-6.12323399573677E-017,-6.12323399573677E-017,1.));
#10829=DIRECTION('',(-1.,-1.22464679914735E-016,-6.12323399573677E-017));
#10830=FACE_OUTER_BOUND('',#10831,.T.);
#10831=EDGE_LOOP('',(#14023));
#10832=SPHERICAL_SURFACE('',#10833,0.3);
#10833=AXIS2_PLACEMENT_3D('',#10834,#10835,#10836);
#10834=CARTESIAN_POINT('',(50.8,-4.71489017671731E-016,7.7));
#10835=DIRECTION('',(-6.12323399573677E-017,-6.12323399573677E-017,1.));
#10836=DIRECTION('',(-1.,-1.22464679914736E-016,-6.12323399573677E-017));
#10837=FACE_OUTER_BOUND('',#10838,.T.);
#10838=EDGE_LOOP('',(#14024));
#10839=FACE_OUTER_BOUND('',#10840,.T.);
#10840=EDGE_LOOP('',(#14025));
#10841=CYLINDRICAL_SURFACE('',#10842,0.3);
#10842=AXIS2_PLACEMENT_3D('',#10843,#10844,#10845);
#10843=CARTESIAN_POINT('',(50.8,-3.06161699786838E-016,5.));
#10844=DIRECTION('',(-6.12323399573677E-017,-6.12323399573677E-017,1.));
#10845=DIRECTION('',(-1.,-1.22464679914735E-016,-6.12323399573677E-017));
#10846=FACE_BOUND('',#10847,.T.);
#10847=EDGE_LOOP('',(#14026));
#10848=FACE_BOUND('',#10849,.T.);
#10849=EDGE_LOOP('',(#14027));
#10850=PLANE('',#10851);
#10851=AXIS2_PLACEMENT_3D('',#10852,#10853,#10854);
#10852=CARTESIAN_POINT('',(50.8,-3.06161699786838E-016,5.));
#10853=DIRECTION('',(-6.12323399573677E-017,-6.12323399573677E-017,1.));
#10854=DIRECTION('',(-1.,-1.22464679914735E-016,-6.12323399573677E-017));
#10855=FACE_OUTER_BOUND('',#10856,.T.);
#10856=EDGE_LOOP('',(#14028));
#10857=FACE_OUTER_BOUND('',#10858,.T.);
#10858=EDGE_LOOP('',(#14029));
#10859=CYLINDRICAL_SURFACE('',#10860,0.9);
#10860=AXIS2_PLACEMENT_3D('',#10861,#10862,#10863);
#10861=CARTESIAN_POINT('',(50.8,-2.44929359829471E-016,4.));
#10862=DIRECTION('',(-6.12323399573677E-017,-6.12323399573677E-017,1.));
#10863=DIRECTION('',(-1.,-1.22464679914735E-016,-6.12323399573677E-017));
#10864=FACE_BOUND('',#10865,.T.);
#10865=EDGE_LOOP('',(#14030));
#10866=FACE_BOUND('',#10867,.T.);
#10867=EDGE_LOOP('',(#14031));
#10868=PLANE('',#10869);
#10869=AXIS2_PLACEMENT_3D('',#10870,#10871,#10872);
#10870=CARTESIAN_POINT('',(50.8,-2.44929359829471E-016,4.));
#10871=DIRECTION('',(6.12323399573677E-017,6.12323399573677E-017,-1.));
#10872=DIRECTION('',(-1.,-1.22464679914735E-016,-6.12323399573677E-017));
#10873=FACE_OUTER_BOUND('',#10874,.T.);
#10874=EDGE_LOOP('',(#14032));
#10875=FACE_OUTER_BOUND('',#10876,.T.);
#10876=EDGE_LOOP('',(#14033));
#10877=CYLINDRICAL_SURFACE('',#10878,0.66);
#10878=AXIS2_PLACEMENT_3D('',#10879,#10880,#10881);
#10879=CARTESIAN_POINT('',(50.8,-2.63299061816681E-017,0.43));
#10880=DIRECTION('',(-6.12323399573677E-017,-6.12323399573677E-017,1.));
#10881=DIRECTION('',(-1.,-1.22464679914735E-016,-6.12323399573677E-017));
#10882=FACE_OUTER_BOUND('',#10883,.T.);
#10883=EDGE_LOOP('',(#14034));
#10884=FACE_OUTER_BOUND('',#10885,.T.);
#10885=EDGE_LOOP('',(#14035));
#10886=CONICAL_SURFACE('',#10887,0.445,0.785398163397448);
#10887=AXIS2_PLACEMENT_3D('',#10888,#10889,#10890);
#10888=CARTESIAN_POINT('',(50.8,-1.3164953090834E-017,0.215));
#10889=DIRECTION('',(-6.12323399573677E-017,-6.12323399573677E-017,1.));
#10890=DIRECTION('',(-1.,-1.22464679914735E-016,-6.12323399573677E-017));
#10891=FACE_OUTER_BOUND('',#10892,.T.);
#10892=EDGE_LOOP('',(#14036));
#10893=FACE_OUTER_BOUND('',#10894,.T.);
#10894=EDGE_LOOP('',(#14037));
#10895=CYLINDRICAL_SURFACE('',#10896,0.23);
#10896=AXIS2_PLACEMENT_3D('',#10897,#10898,#10899);
#10897=CARTESIAN_POINT('',(50.8,2.11863896252492E-016,-3.46));
#10898=DIRECTION('',(-6.12323399573677E-017,-6.12323399573677E-017,1.));
#10899=DIRECTION('',(-1.,-1.22464679914735E-016,-6.12323399573675E-017));
#10900=FACE_OUTER_BOUND('',#10901,.T.);
#10901=EDGE_LOOP('',(#14038));
#10902=SPHERICAL_SURFACE('',#10903,0.23);
#10903=AXIS2_PLACEMENT_3D('',#10904,#10905,#10906);
#10904=CARTESIAN_POINT('',(50.8,2.11863896252492E-016,-3.46));
#10905=DIRECTION('',(-6.12323399573677E-017,-6.12323399573677E-017,1.));
#10906=DIRECTION('',(-1.,-1.22464679914735E-016,-6.12323399573677E-017));
#10907=FACE_OUTER_BOUND('',#10908,.T.);
#10908=EDGE_LOOP('',(#14039));
#10909=SPHERICAL_SURFACE('',#10910,0.3);
#10910=AXIS2_PLACEMENT_3D('',#10911,#10912,#10913);
#10911=CARTESIAN_POINT('',(53.34,-4.71489017671731E-016,7.7));
#10912=DIRECTION('',(-6.12323399573677E-017,-6.12323399573677E-017,1.));
#10913=DIRECTION('',(-1.,-1.22464679914736E-016,-6.12323399573677E-017));
#10914=FACE_OUTER_BOUND('',#10915,.T.);
#10915=EDGE_LOOP('',(#14040));
#10916=FACE_OUTER_BOUND('',#10917,.T.);
#10917=EDGE_LOOP('',(#14041));
#10918=CYLINDRICAL_SURFACE('',#10919,0.3);
#10919=AXIS2_PLACEMENT_3D('',#10920,#10921,#10922);
#10920=CARTESIAN_POINT('',(53.34,-3.06161699786838E-016,5.));
#10921=DIRECTION('',(-6.12323399573677E-017,-6.12323399573677E-017,1.));
#10922=DIRECTION('',(-1.,-1.22464679914735E-016,-6.12323399573677E-017));
#10923=FACE_BOUND('',#10924,.T.);
#10924=EDGE_LOOP('',(#14042));
#10925=FACE_BOUND('',#10926,.T.);
#10926=EDGE_LOOP('',(#14043));
#10927=PLANE('',#10928);
#10928=AXIS2_PLACEMENT_3D('',#10929,#10930,#10931);
#10929=CARTESIAN_POINT('',(53.34,-3.06161699786838E-016,5.));
#10930=DIRECTION('',(-6.12323399573677E-017,-6.12323399573677E-017,1.));
#10931=DIRECTION('',(-1.,-1.22464679914735E-016,-6.12323399573677E-017));
#10932=FACE_OUTER_BOUND('',#10933,.T.);
#10933=EDGE_LOOP('',(#14044));
#10934=FACE_OUTER_BOUND('',#10935,.T.);
#10935=EDGE_LOOP('',(#14045));
#10936=CYLINDRICAL_SURFACE('',#10937,0.9);
#10937=AXIS2_PLACEMENT_3D('',#10938,#10939,#10940);
#10938=CARTESIAN_POINT('',(53.34,-2.44929359829471E-016,4.));
#10939=DIRECTION('',(-6.12323399573677E-017,-6.12323399573677E-017,1.));
#10940=DIRECTION('',(-1.,-1.22464679914735E-016,-6.12323399573677E-017));
#10941=FACE_BOUND('',#10942,.T.);
#10942=EDGE_LOOP('',(#14046));
#10943=FACE_BOUND('',#10944,.T.);
#10944=EDGE_LOOP('',(#14047));
#10945=PLANE('',#10946);
#10946=AXIS2_PLACEMENT_3D('',#10947,#10948,#10949);
#10947=CARTESIAN_POINT('',(53.34,-2.44929359829471E-016,4.));
#10948=DIRECTION('',(6.12323399573677E-017,6.12323399573677E-017,-1.));
#10949=DIRECTION('',(-1.,-1.22464679914735E-016,-6.12323399573677E-017));
#10950=FACE_OUTER_BOUND('',#10951,.T.);
#10951=EDGE_LOOP('',(#14048));
#10952=FACE_OUTER_BOUND('',#10953,.T.);
#10953=EDGE_LOOP('',(#14049));
#10954=CYLINDRICAL_SURFACE('',#10955,0.66);
#10955=AXIS2_PLACEMENT_3D('',#10956,#10957,#10958);
#10956=CARTESIAN_POINT('',(53.34,-2.63299061816681E-017,0.43));
#10957=DIRECTION('',(-6.12323399573677E-017,-6.12323399573677E-017,1.));
#10958=DIRECTION('',(-1.,-1.22464679914735E-016,-6.12323399573677E-017));
#10959=FACE_OUTER_BOUND('',#10960,.T.);
#10960=EDGE_LOOP('',(#14050));
#10961=FACE_OUTER_BOUND('',#10962,.T.);
#10962=EDGE_LOOP('',(#14051));
#10963=CONICAL_SURFACE('',#10964,0.445,0.785398163397448);
#10964=AXIS2_PLACEMENT_3D('',#10965,#10966,#10967);
#10965=CARTESIAN_POINT('',(53.34,-1.3164953090834E-017,0.215));
#10966=DIRECTION('',(-6.12323399573677E-017,-6.12323399573677E-017,1.));
#10967=DIRECTION('',(-1.,-1.22464679914735E-016,-6.12323399573677E-017));
#10968=FACE_OUTER_BOUND('',#10969,.T.);
#10969=EDGE_LOOP('',(#14052));
#10970=FACE_OUTER_BOUND('',#10971,.T.);
#10971=EDGE_LOOP('',(#14053));
#10972=CYLINDRICAL_SURFACE('',#10973,0.23);
#10973=AXIS2_PLACEMENT_3D('',#10974,#10975,#10976);
#10974=CARTESIAN_POINT('',(53.34,2.11863896252492E-016,-3.46));
#10975=DIRECTION('',(-6.12323399573677E-017,-6.12323399573677E-017,1.));
#10976=DIRECTION('',(-1.,-1.22464679914735E-016,-6.12323399573675E-017));
#10977=FACE_OUTER_BOUND('',#10978,.T.);
#10978=EDGE_LOOP('',(#14054));
#10979=SPHERICAL_SURFACE('',#10980,0.23);
#10980=AXIS2_PLACEMENT_3D('',#10981,#10982,#10983);
#10981=CARTESIAN_POINT('',(53.34,2.11863896252492E-016,-3.46));
#10982=DIRECTION('',(-6.12323399573677E-017,-6.12323399573677E-017,1.));
#10983=DIRECTION('',(-1.,-1.22464679914735E-016,-6.12323399573677E-017));
#10984=FACE_OUTER_BOUND('',#10985,.T.);
#10985=EDGE_LOOP('',(#14055));
#10986=SPHERICAL_SURFACE('',#10987,0.3);
#10987=AXIS2_PLACEMENT_3D('',#10988,#10989,#10990);
#10988=CARTESIAN_POINT('',(55.88,-4.71489017671731E-016,7.7));
#10989=DIRECTION('',(-6.12323399573677E-017,-6.12323399573677E-017,1.));
#10990=DIRECTION('',(-1.,-1.22464679914736E-016,-6.12323399573677E-017));
#10991=FACE_OUTER_BOUND('',#10992,.T.);
#10992=EDGE_LOOP('',(#14056));
#10993=FACE_OUTER_BOUND('',#10994,.T.);
#10994=EDGE_LOOP('',(#14057));
#10995=CYLINDRICAL_SURFACE('',#10996,0.3);
#10996=AXIS2_PLACEMENT_3D('',#10997,#10998,#10999);
#10997=CARTESIAN_POINT('',(55.88,-3.06161699786838E-016,5.));
#10998=DIRECTION('',(-6.12323399573677E-017,-6.12323399573677E-017,1.));
#10999=DIRECTION('',(-1.,-1.22464679914735E-016,-6.12323399573677E-017));
#11000=FACE_BOUND('',#11001,.T.);
#11001=EDGE_LOOP('',(#14058));
#11002=FACE_BOUND('',#11003,.T.);
#11003=EDGE_LOOP('',(#14059));
#11004=PLANE('',#11005);
#11005=AXIS2_PLACEMENT_3D('',#11006,#11007,#11008);
#11006=CARTESIAN_POINT('',(55.88,-3.06161699786838E-016,5.));
#11007=DIRECTION('',(-6.12323399573677E-017,-6.12323399573677E-017,1.));
#11008=DIRECTION('',(-1.,-1.22464679914735E-016,-6.12323399573677E-017));
#11009=FACE_OUTER_BOUND('',#11010,.T.);
#11010=EDGE_LOOP('',(#14060));
#11011=FACE_OUTER_BOUND('',#11012,.T.);
#11012=EDGE_LOOP('',(#14061));
#11013=CYLINDRICAL_SURFACE('',#11014,0.9);
#11014=AXIS2_PLACEMENT_3D('',#11015,#11016,#11017);
#11015=CARTESIAN_POINT('',(55.88,-2.44929359829471E-016,4.));
#11016=DIRECTION('',(-6.12323399573677E-017,-6.12323399573677E-017,1.));
#11017=DIRECTION('',(-1.,-1.22464679914735E-016,-6.12323399573677E-017));
#11018=FACE_BOUND('',#11019,.T.);
#11019=EDGE_LOOP('',(#14062));
#11020=FACE_BOUND('',#11021,.T.);
#11021=EDGE_LOOP('',(#14063));
#11022=PLANE('',#11023);
#11023=AXIS2_PLACEMENT_3D('',#11024,#11025,#11026);
#11024=CARTESIAN_POINT('',(55.88,-2.44929359829471E-016,4.));
#11025=DIRECTION('',(6.12323399573677E-017,6.12323399573677E-017,-1.));
#11026=DIRECTION('',(-1.,-1.22464679914735E-016,-6.12323399573677E-017));
#11027=FACE_OUTER_BOUND('',#11028,.T.);
#11028=EDGE_LOOP('',(#14064));
#11029=FACE_OUTER_BOUND('',#11030,.T.);
#11030=EDGE_LOOP('',(#14065));
#11031=CYLINDRICAL_SURFACE('',#11032,0.66);
#11032=AXIS2_PLACEMENT_3D('',#11033,#11034,#11035);
#11033=CARTESIAN_POINT('',(55.88,-2.63299061816681E-017,0.43));
#11034=DIRECTION('',(-6.12323399573677E-017,-6.12323399573677E-017,1.));
#11035=DIRECTION('',(-1.,-1.22464679914735E-016,-6.12323399573677E-017));
#11036=FACE_OUTER_BOUND('',#11037,.T.);
#11037=EDGE_LOOP('',(#14066));
#11038=FACE_OUTER_BOUND('',#11039,.T.);
#11039=EDGE_LOOP('',(#14067));
#11040=CONICAL_SURFACE('',#11041,0.445,0.785398163397448);
#11041=AXIS2_PLACEMENT_3D('',#11042,#11043,#11044);
#11042=CARTESIAN_POINT('',(55.88,-1.3164953090834E-017,0.215));
#11043=DIRECTION('',(-6.12323399573677E-017,-6.12323399573677E-017,1.));
#11044=DIRECTION('',(-1.,-1.22464679914735E-016,-6.12323399573677E-017));
#11045=FACE_OUTER_BOUND('',#11046,.T.);
#11046=EDGE_LOOP('',(#14068));
#11047=FACE_OUTER_BOUND('',#11048,.T.);
#11048=EDGE_LOOP('',(#14069));
#11049=CYLINDRICAL_SURFACE('',#11050,0.23);
#11050=AXIS2_PLACEMENT_3D('',#11051,#11052,#11053);
#11051=CARTESIAN_POINT('',(55.88,2.11863896252492E-016,-3.46));
#11052=DIRECTION('',(-6.12323399573677E-017,-6.12323399573677E-017,1.));
#11053=DIRECTION('',(-1.,-1.22464679914735E-016,-6.12323399573675E-017));
#11054=FACE_OUTER_BOUND('',#11055,.T.);
#11055=EDGE_LOOP('',(#14070));
#11056=SPHERICAL_SURFACE('',#11057,0.23);
#11057=AXIS2_PLACEMENT_3D('',#11058,#11059,#11060);
#11058=CARTESIAN_POINT('',(55.88,2.11863896252492E-016,-3.46));
#11059=DIRECTION('',(-6.12323399573677E-017,-6.12323399573677E-017,1.));
#11060=DIRECTION('',(-1.,-1.22464679914735E-016,-6.12323399573677E-017));
#11061=FACE_OUTER_BOUND('',#11062,.T.);
#11062=EDGE_LOOP('',(#14071));
#11063=SPHERICAL_SURFACE('',#11064,0.3);
#11064=AXIS2_PLACEMENT_3D('',#11065,#11066,#11067);
#11065=CARTESIAN_POINT('',(58.42,-4.71489017671731E-016,7.7));
#11066=DIRECTION('',(-6.12323399573677E-017,-6.12323399573677E-017,1.));
#11067=DIRECTION('',(-1.,-1.22464679914736E-016,-6.12323399573677E-017));
#11068=FACE_OUTER_BOUND('',#11069,.T.);
#11069=EDGE_LOOP('',(#14072));
#11070=FACE_OUTER_BOUND('',#11071,.T.);
#11071=EDGE_LOOP('',(#14073));
#11072=CYLINDRICAL_SURFACE('',#11073,0.3);
#11073=AXIS2_PLACEMENT_3D('',#11074,#11075,#11076);
#11074=CARTESIAN_POINT('',(58.42,-3.06161699786838E-016,5.));
#11075=DIRECTION('',(-6.12323399573677E-017,-6.12323399573677E-017,1.));
#11076=DIRECTION('',(-1.,-1.22464679914735E-016,-6.12323399573677E-017));
#11077=FACE_BOUND('',#11078,.T.);
#11078=EDGE_LOOP('',(#14074));
#11079=FACE_BOUND('',#11080,.T.);
#11080=EDGE_LOOP('',(#14075));
#11081=PLANE('',#11082);
#11082=AXIS2_PLACEMENT_3D('',#11083,#11084,#11085);
#11083=CARTESIAN_POINT('',(58.42,-3.06161699786838E-016,5.));
#11084=DIRECTION('',(-6.12323399573677E-017,-6.12323399573677E-017,1.));
#11085=DIRECTION('',(-1.,-1.22464679914735E-016,-6.12323399573677E-017));
#11086=FACE_OUTER_BOUND('',#11087,.T.);
#11087=EDGE_LOOP('',(#14076));
#11088=FACE_OUTER_BOUND('',#11089,.T.);
#11089=EDGE_LOOP('',(#14077));
#11090=CYLINDRICAL_SURFACE('',#11091,0.9);
#11091=AXIS2_PLACEMENT_3D('',#11092,#11093,#11094);
#11092=CARTESIAN_POINT('',(58.42,-2.44929359829471E-016,4.));
#11093=DIRECTION('',(-6.12323399573677E-017,-6.12323399573677E-017,1.));
#11094=DIRECTION('',(-1.,-1.22464679914735E-016,-6.12323399573677E-017));
#11095=FACE_BOUND('',#11096,.T.);
#11096=EDGE_LOOP('',(#14078));
#11097=FACE_BOUND('',#11098,.T.);
#11098=EDGE_LOOP('',(#14079));
#11099=PLANE('',#11100);
#11100=AXIS2_PLACEMENT_3D('',#11101,#11102,#11103);
#11101=CARTESIAN_POINT('',(58.42,-2.44929359829471E-016,4.));
#11102=DIRECTION('',(6.12323399573677E-017,6.12323399573677E-017,-1.));
#11103=DIRECTION('',(-1.,-1.22464679914735E-016,-6.12323399573677E-017));
#11104=FACE_OUTER_BOUND('',#11105,.T.);
#11105=EDGE_LOOP('',(#14080));
#11106=FACE_OUTER_BOUND('',#11107,.T.);
#11107=EDGE_LOOP('',(#14081));
#11108=CYLINDRICAL_SURFACE('',#11109,0.66);
#11109=AXIS2_PLACEMENT_3D('',#11110,#11111,#11112);
#11110=CARTESIAN_POINT('',(58.42,-2.63299061816681E-017,0.43));
#11111=DIRECTION('',(-6.12323399573677E-017,-6.12323399573677E-017,1.));
#11112=DIRECTION('',(-1.,-1.22464679914735E-016,-6.12323399573677E-017));
#11113=FACE_OUTER_BOUND('',#11114,.T.);
#11114=EDGE_LOOP('',(#14082));
#11115=FACE_OUTER_BOUND('',#11116,.T.);
#11116=EDGE_LOOP('',(#14083));
#11117=CONICAL_SURFACE('',#11118,0.445,0.785398163397448);
#11118=AXIS2_PLACEMENT_3D('',#11119,#11120,#11121);
#11119=CARTESIAN_POINT('',(58.42,-1.3164953090834E-017,0.215));
#11120=DIRECTION('',(-6.12323399573677E-017,-6.12323399573677E-017,1.));
#11121=DIRECTION('',(-1.,-1.22464679914735E-016,-6.12323399573677E-017));
#11122=FACE_OUTER_BOUND('',#11123,.T.);
#11123=EDGE_LOOP('',(#14084));
#11124=FACE_OUTER_BOUND('',#11125,.T.);
#11125=EDGE_LOOP('',(#14085));
#11126=CYLINDRICAL_SURFACE('',#11127,0.23);
#11127=AXIS2_PLACEMENT_3D('',#11128,#11129,#11130);
#11128=CARTESIAN_POINT('',(58.42,2.11863896252492E-016,-3.46));
#11129=DIRECTION('',(-6.12323399573677E-017,-6.12323399573677E-017,1.));
#11130=DIRECTION('',(-1.,-1.22464679914735E-016,-6.12323399573675E-017));
#11131=FACE_OUTER_BOUND('',#11132,.T.);
#11132=EDGE_LOOP('',(#14086));
#11133=SPHERICAL_SURFACE('',#11134,0.23);
#11134=AXIS2_PLACEMENT_3D('',#11135,#11136,#11137);
#11135=CARTESIAN_POINT('',(58.42,2.11863896252492E-016,-3.46));
#11136=DIRECTION('',(-6.12323399573677E-017,-6.12323399573677E-017,1.));
#11137=DIRECTION('',(-1.,-1.22464679914735E-016,-6.12323399573677E-017));
#11138=FACE_OUTER_BOUND('',#11139,.T.);
#11139=EDGE_LOOP('',(#14087));
#11140=SPHERICAL_SURFACE('',#11141,0.3);
#11141=AXIS2_PLACEMENT_3D('',#11142,#11143,#11144);
#11142=CARTESIAN_POINT('',(60.96,-4.71489017671731E-016,7.7));
#11143=DIRECTION('',(-6.12323399573677E-017,-6.12323399573677E-017,1.));
#11144=DIRECTION('',(-1.,-1.22464679914736E-016,-6.12323399573677E-017));
#11145=FACE_OUTER_BOUND('',#11146,.T.);
#11146=EDGE_LOOP('',(#14088));
#11147=FACE_OUTER_BOUND('',#11148,.T.);
#11148=EDGE_LOOP('',(#14089));
#11149=CYLINDRICAL_SURFACE('',#11150,0.3);
#11150=AXIS2_PLACEMENT_3D('',#11151,#11152,#11153);
#11151=CARTESIAN_POINT('',(60.96,-3.06161699786838E-016,5.));
#11152=DIRECTION('',(-6.12323399573677E-017,-6.12323399573677E-017,1.));
#11153=DIRECTION('',(-1.,-1.22464679914735E-016,-6.12323399573677E-017));
#11154=FACE_BOUND('',#11155,.T.);
#11155=EDGE_LOOP('',(#14090));
#11156=FACE_BOUND('',#11157,.T.);
#11157=EDGE_LOOP('',(#14091));
#11158=PLANE('',#11159);
#11159=AXIS2_PLACEMENT_3D('',#11160,#11161,#11162);
#11160=CARTESIAN_POINT('',(60.96,-3.06161699786838E-016,5.));
#11161=DIRECTION('',(-6.12323399573677E-017,-6.12323399573677E-017,1.));
#11162=DIRECTION('',(-1.,-1.22464679914735E-016,-6.12323399573677E-017));
#11163=FACE_OUTER_BOUND('',#11164,.T.);
#11164=EDGE_LOOP('',(#14092));
#11165=FACE_OUTER_BOUND('',#11166,.T.);
#11166=EDGE_LOOP('',(#14093));
#11167=CYLINDRICAL_SURFACE('',#11168,0.9);
#11168=AXIS2_PLACEMENT_3D('',#11169,#11170,#11171);
#11169=CARTESIAN_POINT('',(60.96,-2.44929359829471E-016,4.));
#11170=DIRECTION('',(-6.12323399573677E-017,-6.12323399573677E-017,1.));
#11171=DIRECTION('',(-1.,-1.22464679914735E-016,-6.12323399573677E-017));
#11172=FACE_BOUND('',#11173,.T.);
#11173=EDGE_LOOP('',(#14094));
#11174=FACE_BOUND('',#11175,.T.);
#11175=EDGE_LOOP('',(#14095));
#11176=PLANE('',#11177);
#11177=AXIS2_PLACEMENT_3D('',#11178,#11179,#11180);
#11178=CARTESIAN_POINT('',(60.96,-2.44929359829471E-016,4.));
#11179=DIRECTION('',(6.12323399573677E-017,6.12323399573677E-017,-1.));
#11180=DIRECTION('',(-1.,-1.22464679914735E-016,-6.12323399573677E-017));
#11181=FACE_OUTER_BOUND('',#11182,.T.);
#11182=EDGE_LOOP('',(#14096));
#11183=FACE_OUTER_BOUND('',#11184,.T.);
#11184=EDGE_LOOP('',(#14097));
#11185=CYLINDRICAL_SURFACE('',#11186,0.66);
#11186=AXIS2_PLACEMENT_3D('',#11187,#11188,#11189);
#11187=CARTESIAN_POINT('',(60.96,-2.63299061816681E-017,0.43));
#11188=DIRECTION('',(-6.12323399573677E-017,-6.12323399573677E-017,1.));
#11189=DIRECTION('',(-1.,-1.22464679914735E-016,-6.12323399573677E-017));
#11190=FACE_OUTER_BOUND('',#11191,.T.);
#11191=EDGE_LOOP('',(#14098));
#11192=FACE_OUTER_BOUND('',#11193,.T.);
#11193=EDGE_LOOP('',(#14099));
#11194=CONICAL_SURFACE('',#11195,0.445,0.785398163397448);
#11195=AXIS2_PLACEMENT_3D('',#11196,#11197,#11198);
#11196=CARTESIAN_POINT('',(60.96,-1.3164953090834E-017,0.215));
#11197=DIRECTION('',(-6.12323399573677E-017,-6.12323399573677E-017,1.));
#11198=DIRECTION('',(-1.,-1.22464679914735E-016,-6.12323399573677E-017));
#11199=FACE_OUTER_BOUND('',#11200,.T.);
#11200=EDGE_LOOP('',(#14100));
#11201=FACE_OUTER_BOUND('',#11202,.T.);
#11202=EDGE_LOOP('',(#14101));
#11203=CYLINDRICAL_SURFACE('',#11204,0.23);
#11204=AXIS2_PLACEMENT_3D('',#11205,#11206,#11207);
#11205=CARTESIAN_POINT('',(60.96,2.11863896252492E-016,-3.46));
#11206=DIRECTION('',(-6.12323399573677E-017,-6.12323399573677E-017,1.));
#11207=DIRECTION('',(-1.,-1.22464679914735E-016,-6.12323399573675E-017));
#11208=FACE_OUTER_BOUND('',#11209,.T.);
#11209=EDGE_LOOP('',(#14102));
#11210=SPHERICAL_SURFACE('',#11211,0.23);
#11211=AXIS2_PLACEMENT_3D('',#11212,#11213,#11214);
#11212=CARTESIAN_POINT('',(60.96,2.11863896252492E-016,-3.46));
#11213=DIRECTION('',(-6.12323399573677E-017,-6.12323399573677E-017,1.));
#11214=DIRECTION('',(-1.,-1.22464679914735E-016,-6.12323399573677E-017));
#11215=FACE_OUTER_BOUND('',#11216,.T.);
#11216=EDGE_LOOP('',(#14103));
#11217=SPHERICAL_SURFACE('',#11218,0.3);
#11218=AXIS2_PLACEMENT_3D('',#11219,#11220,#11221);
#11219=CARTESIAN_POINT('',(63.5,-4.71489017671731E-016,7.7));
#11220=DIRECTION('',(-6.12323399573677E-017,-6.12323399573677E-017,1.));
#11221=DIRECTION('',(-1.,-1.22464679914736E-016,-6.12323399573677E-017));
#11222=FACE_OUTER_BOUND('',#11223,.T.);
#11223=EDGE_LOOP('',(#14104));
#11224=FACE_OUTER_BOUND('',#11225,.T.);
#11225=EDGE_LOOP('',(#14105));
#11226=CYLINDRICAL_SURFACE('',#11227,0.3);
#11227=AXIS2_PLACEMENT_3D('',#11228,#11229,#11230);
#11228=CARTESIAN_POINT('',(63.5,-3.06161699786838E-016,5.));
#11229=DIRECTION('',(-6.12323399573677E-017,-6.12323399573677E-017,1.));
#11230=DIRECTION('',(-1.,-1.22464679914735E-016,-6.12323399573677E-017));
#11231=FACE_BOUND('',#11232,.T.);
#11232=EDGE_LOOP('',(#14106));
#11233=FACE_BOUND('',#11234,.T.);
#11234=EDGE_LOOP('',(#14107));
#11235=PLANE('',#11236);
#11236=AXIS2_PLACEMENT_3D('',#11237,#11238,#11239);
#11237=CARTESIAN_POINT('',(63.5,-3.06161699786838E-016,5.));
#11238=DIRECTION('',(-6.12323399573677E-017,-6.12323399573677E-017,1.));
#11239=DIRECTION('',(-1.,-1.22464679914735E-016,-6.12323399573677E-017));
#11240=FACE_OUTER_BOUND('',#11241,.T.);
#11241=EDGE_LOOP('',(#14108));
#11242=FACE_OUTER_BOUND('',#11243,.T.);
#11243=EDGE_LOOP('',(#14109));
#11244=CYLINDRICAL_SURFACE('',#11245,0.9);
#11245=AXIS2_PLACEMENT_3D('',#11246,#11247,#11248);
#11246=CARTESIAN_POINT('',(63.5,-2.44929359829471E-016,4.));
#11247=DIRECTION('',(-6.12323399573677E-017,-6.12323399573677E-017,1.));
#11248=DIRECTION('',(-1.,-1.22464679914735E-016,-6.12323399573677E-017));
#11249=FACE_BOUND('',#11250,.T.);
#11250=EDGE_LOOP('',(#14110));
#11251=FACE_BOUND('',#11252,.T.);
#11252=EDGE_LOOP('',(#14111));
#11253=PLANE('',#11254);
#11254=AXIS2_PLACEMENT_3D('',#11255,#11256,#11257);
#11255=CARTESIAN_POINT('',(63.5,-2.44929359829471E-016,4.));
#11256=DIRECTION('',(6.12323399573677E-017,6.12323399573677E-017,-1.));
#11257=DIRECTION('',(-1.,-1.22464679914735E-016,-6.12323399573677E-017));
#11258=FACE_OUTER_BOUND('',#11259,.T.);
#11259=EDGE_LOOP('',(#14112));
#11260=FACE_OUTER_BOUND('',#11261,.T.);
#11261=EDGE_LOOP('',(#14113));
#11262=CYLINDRICAL_SURFACE('',#11263,0.66);
#11263=AXIS2_PLACEMENT_3D('',#11264,#11265,#11266);
#11264=CARTESIAN_POINT('',(63.5,-2.63299061816681E-017,0.43));
#11265=DIRECTION('',(-6.12323399573677E-017,-6.12323399573677E-017,1.));
#11266=DIRECTION('',(-1.,-1.22464679914735E-016,-6.12323399573677E-017));
#11267=FACE_OUTER_BOUND('',#11268,.T.);
#11268=EDGE_LOOP('',(#14114));
#11269=FACE_OUTER_BOUND('',#11270,.T.);
#11270=EDGE_LOOP('',(#14115));
#11271=CONICAL_SURFACE('',#11272,0.445,0.785398163397448);
#11272=AXIS2_PLACEMENT_3D('',#11273,#11274,#11275);
#11273=CARTESIAN_POINT('',(63.5,-1.3164953090834E-017,0.215));
#11274=DIRECTION('',(-6.12323399573677E-017,-6.12323399573677E-017,1.));
#11275=DIRECTION('',(-1.,-1.22464679914735E-016,-6.12323399573677E-017));
#11276=FACE_OUTER_BOUND('',#11277,.T.);
#11277=EDGE_LOOP('',(#14116));
#11278=FACE_OUTER_BOUND('',#11279,.T.);
#11279=EDGE_LOOP('',(#14117));
#11280=CYLINDRICAL_SURFACE('',#11281,0.23);
#11281=AXIS2_PLACEMENT_3D('',#11282,#11283,#11284);
#11282=CARTESIAN_POINT('',(63.5,2.11863896252492E-016,-3.46));
#11283=DIRECTION('',(-6.12323399573677E-017,-6.12323399573677E-017,1.));
#11284=DIRECTION('',(-1.,-1.22464679914735E-016,-6.12323399573675E-017));
#11285=FACE_OUTER_BOUND('',#11286,.T.);
#11286=EDGE_LOOP('',(#14118));
#11287=SPHERICAL_SURFACE('',#11288,0.23);
#11288=AXIS2_PLACEMENT_3D('',#11289,#11290,#11291);
#11289=CARTESIAN_POINT('',(63.5,2.11863896252492E-016,-3.46));
#11290=DIRECTION('',(-6.12323399573677E-017,-6.12323399573677E-017,1.));
#11291=DIRECTION('',(-1.,-1.22464679914735E-016,-6.12323399573677E-017));
#11292=FACE_OUTER_BOUND('',#11293,.T.);
#11293=EDGE_LOOP('',(#14119));
#11294=SPHERICAL_SURFACE('',#11295,0.3);
#11295=AXIS2_PLACEMENT_3D('',#11296,#11297,#11298);
#11296=CARTESIAN_POINT('',(66.04,-4.71489017671731E-016,7.7));
#11297=DIRECTION('',(-6.12323399573677E-017,-6.12323399573677E-017,1.));
#11298=DIRECTION('',(-1.,-1.22464679914736E-016,-6.12323399573677E-017));
#11299=FACE_OUTER_BOUND('',#11300,.T.);
#11300=EDGE_LOOP('',(#14120));
#11301=FACE_OUTER_BOUND('',#11302,.T.);
#11302=EDGE_LOOP('',(#14121));
#11303=CYLINDRICAL_SURFACE('',#11304,0.3);
#11304=AXIS2_PLACEMENT_3D('',#11305,#11306,#11307);
#11305=CARTESIAN_POINT('',(66.04,-3.06161699786838E-016,5.));
#11306=DIRECTION('',(-6.12323399573677E-017,-6.12323399573677E-017,1.));
#11307=DIRECTION('',(-1.,-1.22464679914735E-016,-6.12323399573677E-017));
#11308=FACE_BOUND('',#11309,.T.);
#11309=EDGE_LOOP('',(#14122));
#11310=FACE_BOUND('',#11311,.T.);
#11311=EDGE_LOOP('',(#14123));
#11312=PLANE('',#11313);
#11313=AXIS2_PLACEMENT_3D('',#11314,#11315,#11316);
#11314=CARTESIAN_POINT('',(66.04,-3.06161699786838E-016,5.));
#11315=DIRECTION('',(-6.12323399573677E-017,-6.12323399573677E-017,1.));
#11316=DIRECTION('',(-1.,-1.22464679914735E-016,-6.12323399573677E-017));
#11317=FACE_OUTER_BOUND('',#11318,.T.);
#11318=EDGE_LOOP('',(#14124));
#11319=FACE_OUTER_BOUND('',#11320,.T.);
#11320=EDGE_LOOP('',(#14125));
#11321=CYLINDRICAL_SURFACE('',#11322,0.9);
#11322=AXIS2_PLACEMENT_3D('',#11323,#11324,#11325);
#11323=CARTESIAN_POINT('',(66.04,-2.44929359829471E-016,4.));
#11324=DIRECTION('',(-6.12323399573677E-017,-6.12323399573677E-017,1.));
#11325=DIRECTION('',(-1.,-1.22464679914735E-016,-6.12323399573677E-017));
#11326=FACE_BOUND('',#11327,.T.);
#11327=EDGE_LOOP('',(#14126));
#11328=FACE_BOUND('',#11329,.T.);
#11329=EDGE_LOOP('',(#14127));
#11330=PLANE('',#11331);
#11331=AXIS2_PLACEMENT_3D('',#11332,#11333,#11334);
#11332=CARTESIAN_POINT('',(66.04,-2.44929359829471E-016,4.));
#11333=DIRECTION('',(6.12323399573677E-017,6.12323399573677E-017,-1.));
#11334=DIRECTION('',(-1.,-1.22464679914735E-016,-6.12323399573677E-017));
#11335=FACE_OUTER_BOUND('',#11336,.T.);
#11336=EDGE_LOOP('',(#14128));
#11337=FACE_OUTER_BOUND('',#11338,.T.);
#11338=EDGE_LOOP('',(#14129));
#11339=CYLINDRICAL_SURFACE('',#11340,0.66);
#11340=AXIS2_PLACEMENT_3D('',#11341,#11342,#11343);
#11341=CARTESIAN_POINT('',(66.04,-2.63299061816681E-017,0.43));
#11342=DIRECTION('',(-6.12323399573677E-017,-6.12323399573677E-017,1.));
#11343=DIRECTION('',(-1.,-1.22464679914735E-016,-6.12323399573677E-017));
#11344=FACE_OUTER_BOUND('',#11345,.T.);
#11345=EDGE_LOOP('',(#14130));
#11346=FACE_OUTER_BOUND('',#11347,.T.);
#11347=EDGE_LOOP('',(#14131));
#11348=CONICAL_SURFACE('',#11349,0.445,0.785398163397448);
#11349=AXIS2_PLACEMENT_3D('',#11350,#11351,#11352);
#11350=CARTESIAN_POINT('',(66.04,-1.3164953090834E-017,0.215));
#11351=DIRECTION('',(-6.12323399573677E-017,-6.12323399573677E-017,1.));
#11352=DIRECTION('',(-1.,-1.22464679914735E-016,-6.12323399573677E-017));
#11353=FACE_OUTER_BOUND('',#11354,.T.);
#11354=EDGE_LOOP('',(#14132));
#11355=FACE_OUTER_BOUND('',#11356,.T.);
#11356=EDGE_LOOP('',(#14133));
#11357=CYLINDRICAL_SURFACE('',#11358,0.23);
#11358=AXIS2_PLACEMENT_3D('',#11359,#11360,#11361);
#11359=CARTESIAN_POINT('',(66.04,2.11863896252492E-016,-3.46));
#11360=DIRECTION('',(-6.12323399573677E-017,-6.12323399573677E-017,1.));
#11361=DIRECTION('',(-1.,-1.22464679914735E-016,-6.12323399573675E-017));
#11362=FACE_OUTER_BOUND('',#11363,.T.);
#11363=EDGE_LOOP('',(#14134));
#11364=SPHERICAL_SURFACE('',#11365,0.23);
#11365=AXIS2_PLACEMENT_3D('',#11366,#11367,#11368);
#11366=CARTESIAN_POINT('',(66.04,2.11863896252492E-016,-3.46));
#11367=DIRECTION('',(-6.12323399573677E-017,-6.12323399573677E-017,1.));
#11368=DIRECTION('',(-1.,-1.22464679914735E-016,-6.12323399573677E-017));
#11369=FACE_OUTER_BOUND('',#11370,.T.);
#11370=EDGE_LOOP('',(#14135));
#11371=SPHERICAL_SURFACE('',#11372,0.3);
#11372=AXIS2_PLACEMENT_3D('',#11373,#11374,#11375);
#11373=CARTESIAN_POINT('',(68.58,-4.71489017671731E-016,7.7));
#11374=DIRECTION('',(-6.12323399573677E-017,-6.12323399573677E-017,1.));
#11375=DIRECTION('',(-1.,-1.22464679914736E-016,-6.12323399573677E-017));
#11376=FACE_OUTER_BOUND('',#11377,.T.);
#11377=EDGE_LOOP('',(#14136));
#11378=FACE_OUTER_BOUND('',#11379,.T.);
#11379=EDGE_LOOP('',(#14137));
#11380=CYLINDRICAL_SURFACE('',#11381,0.3);
#11381=AXIS2_PLACEMENT_3D('',#11382,#11383,#11384);
#11382=CARTESIAN_POINT('',(68.58,-3.06161699786838E-016,5.));
#11383=DIRECTION('',(-6.12323399573677E-017,-6.12323399573677E-017,1.));
#11384=DIRECTION('',(-1.,-1.22464679914735E-016,-6.12323399573677E-017));
#11385=FACE_BOUND('',#11386,.T.);
#11386=EDGE_LOOP('',(#14138));
#11387=FACE_BOUND('',#11388,.T.);
#11388=EDGE_LOOP('',(#14139));
#11389=PLANE('',#11390);
#11390=AXIS2_PLACEMENT_3D('',#11391,#11392,#11393);
#11391=CARTESIAN_POINT('',(68.58,-3.06161699786838E-016,5.));
#11392=DIRECTION('',(-6.12323399573677E-017,-6.12323399573677E-017,1.));
#11393=DIRECTION('',(-1.,-1.22464679914735E-016,-6.12323399573677E-017));
#11394=FACE_OUTER_BOUND('',#11395,.T.);
#11395=EDGE_LOOP('',(#14140));
#11396=FACE_OUTER_BOUND('',#11397,.T.);
#11397=EDGE_LOOP('',(#14141));
#11398=CYLINDRICAL_SURFACE('',#11399,0.9);
#11399=AXIS2_PLACEMENT_3D('',#11400,#11401,#11402);
#11400=CARTESIAN_POINT('',(68.58,-2.44929359829471E-016,4.));
#11401=DIRECTION('',(-6.12323399573677E-017,-6.12323399573677E-017,1.));
#11402=DIRECTION('',(-1.,-1.22464679914735E-016,-6.12323399573677E-017));
#11403=FACE_BOUND('',#11404,.T.);
#11404=EDGE_LOOP('',(#14142));
#11405=FACE_BOUND('',#11406,.T.);
#11406=EDGE_LOOP('',(#14143));
#11407=PLANE('',#11408);
#11408=AXIS2_PLACEMENT_3D('',#11409,#11410,#11411);
#11409=CARTESIAN_POINT('',(68.58,-2.44929359829471E-016,4.));
#11410=DIRECTION('',(6.12323399573677E-017,6.12323399573677E-017,-1.));
#11411=DIRECTION('',(-1.,-1.22464679914735E-016,-6.12323399573677E-017));
#11412=FACE_OUTER_BOUND('',#11413,.T.);
#11413=EDGE_LOOP('',(#14144));
#11414=FACE_OUTER_BOUND('',#11415,.T.);
#11415=EDGE_LOOP('',(#14145));
#11416=CYLINDRICAL_SURFACE('',#11417,0.66);
#11417=AXIS2_PLACEMENT_3D('',#11418,#11419,#11420);
#11418=CARTESIAN_POINT('',(68.58,-2.63299061816681E-017,0.43));
#11419=DIRECTION('',(-6.12323399573677E-017,-6.12323399573677E-017,1.));
#11420=DIRECTION('',(-1.,-1.22464679914735E-016,-6.12323399573677E-017));
#11421=FACE_OUTER_BOUND('',#11422,.T.);
#11422=EDGE_LOOP('',(#14146));
#11423=FACE_OUTER_BOUND('',#11424,.T.);
#11424=EDGE_LOOP('',(#14147));
#11425=CONICAL_SURFACE('',#11426,0.445,0.785398163397448);
#11426=AXIS2_PLACEMENT_3D('',#11427,#11428,#11429);
#11427=CARTESIAN_POINT('',(68.58,-1.3164953090834E-017,0.215));
#11428=DIRECTION('',(-6.12323399573677E-017,-6.12323399573677E-017,1.));
#11429=DIRECTION('',(-1.,-1.22464679914735E-016,-6.12323399573677E-017));
#11430=FACE_OUTER_BOUND('',#11431,.T.);
#11431=EDGE_LOOP('',(#14148));
#11432=FACE_OUTER_BOUND('',#11433,.T.);
#11433=EDGE_LOOP('',(#14149));
#11434=CYLINDRICAL_SURFACE('',#11435,0.23);
#11435=AXIS2_PLACEMENT_3D('',#11436,#11437,#11438);
#11436=CARTESIAN_POINT('',(68.58,2.11863896252492E-016,-3.46));
#11437=DIRECTION('',(-6.12323399573677E-017,-6.12323399573677E-017,1.));
#11438=DIRECTION('',(-1.,-1.22464679914735E-016,-6.12323399573675E-017));
#11439=FACE_OUTER_BOUND('',#11440,.T.);
#11440=EDGE_LOOP('',(#14150));
#11441=SPHERICAL_SURFACE('',#11442,0.23);
#11442=AXIS2_PLACEMENT_3D('',#11443,#11444,#11445);
#11443=CARTESIAN_POINT('',(68.58,2.11863896252492E-016,-3.46));
#11444=DIRECTION('',(-6.12323399573677E-017,-6.12323399573677E-017,1.));
#11445=DIRECTION('',(-1.,-1.22464679914735E-016,-6.12323399573677E-017));
#11446=FACE_OUTER_BOUND('',#11447,.T.);
#11447=EDGE_LOOP('',(#14151));
#11448=SPHERICAL_SURFACE('',#11449,0.3);
#11449=AXIS2_PLACEMENT_3D('',#11450,#11451,#11452);
#11450=CARTESIAN_POINT('',(71.12,-4.71489017671731E-016,7.7));
#11451=DIRECTION('',(-6.12323399573677E-017,-6.12323399573677E-017,1.));
#11452=DIRECTION('',(-1.,-1.22464679914736E-016,-6.12323399573677E-017));
#11453=FACE_OUTER_BOUND('',#11454,.T.);
#11454=EDGE_LOOP('',(#14152));
#11455=FACE_OUTER_BOUND('',#11456,.T.);
#11456=EDGE_LOOP('',(#14153));
#11457=CYLINDRICAL_SURFACE('',#11458,0.3);
#11458=AXIS2_PLACEMENT_3D('',#11459,#11460,#11461);
#11459=CARTESIAN_POINT('',(71.12,-3.06161699786838E-016,5.));
#11460=DIRECTION('',(-6.12323399573677E-017,-6.12323399573677E-017,1.));
#11461=DIRECTION('',(-1.,-1.22464679914735E-016,-6.12323399573677E-017));
#11462=FACE_BOUND('',#11463,.T.);
#11463=EDGE_LOOP('',(#14154));
#11464=FACE_BOUND('',#11465,.T.);
#11465=EDGE_LOOP('',(#14155));
#11466=PLANE('',#11467);
#11467=AXIS2_PLACEMENT_3D('',#11468,#11469,#11470);
#11468=CARTESIAN_POINT('',(71.12,-3.06161699786838E-016,5.));
#11469=DIRECTION('',(-6.12323399573677E-017,-6.12323399573677E-017,1.));
#11470=DIRECTION('',(-1.,-1.22464679914735E-016,-6.12323399573677E-017));
#11471=FACE_OUTER_BOUND('',#11472,.T.);
#11472=EDGE_LOOP('',(#14156));
#11473=FACE_OUTER_BOUND('',#11474,.T.);
#11474=EDGE_LOOP('',(#14157));
#11475=CYLINDRICAL_SURFACE('',#11476,0.9);
#11476=AXIS2_PLACEMENT_3D('',#11477,#11478,#11479);
#11477=CARTESIAN_POINT('',(71.12,-2.44929359829471E-016,4.));
#11478=DIRECTION('',(-6.12323399573677E-017,-6.12323399573677E-017,1.));
#11479=DIRECTION('',(-1.,-1.22464679914735E-016,-6.12323399573677E-017));
#11480=FACE_BOUND('',#11481,.T.);
#11481=EDGE_LOOP('',(#14158));
#11482=FACE_BOUND('',#11483,.T.);
#11483=EDGE_LOOP('',(#14159));
#11484=PLANE('',#11485);
#11485=AXIS2_PLACEMENT_3D('',#11486,#11487,#11488);
#11486=CARTESIAN_POINT('',(71.12,-2.44929359829471E-016,4.));
#11487=DIRECTION('',(6.12323399573677E-017,6.12323399573677E-017,-1.));
#11488=DIRECTION('',(-1.,-1.22464679914735E-016,-6.12323399573677E-017));
#11489=FACE_OUTER_BOUND('',#11490,.T.);
#11490=EDGE_LOOP('',(#14160));
#11491=FACE_OUTER_BOUND('',#11492,.T.);
#11492=EDGE_LOOP('',(#14161));
#11493=CYLINDRICAL_SURFACE('',#11494,0.66);
#11494=AXIS2_PLACEMENT_3D('',#11495,#11496,#11497);
#11495=CARTESIAN_POINT('',(71.12,-2.63299061816681E-017,0.43));
#11496=DIRECTION('',(-6.12323399573677E-017,-6.12323399573677E-017,1.));
#11497=DIRECTION('',(-1.,-1.22464679914735E-016,-6.12323399573677E-017));
#11498=FACE_OUTER_BOUND('',#11499,.T.);
#11499=EDGE_LOOP('',(#14162));
#11500=FACE_OUTER_BOUND('',#11501,.T.);
#11501=EDGE_LOOP('',(#14163));
#11502=CONICAL_SURFACE('',#11503,0.445,0.785398163397448);
#11503=AXIS2_PLACEMENT_3D('',#11504,#11505,#11506);
#11504=CARTESIAN_POINT('',(71.12,-1.3164953090834E-017,0.215));
#11505=DIRECTION('',(-6.12323399573677E-017,-6.12323399573677E-017,1.));
#11506=DIRECTION('',(-1.,-1.22464679914735E-016,-6.12323399573677E-017));
#11507=FACE_OUTER_BOUND('',#11508,.T.);
#11508=EDGE_LOOP('',(#14164));
#11509=FACE_OUTER_BOUND('',#11510,.T.);
#11510=EDGE_LOOP('',(#14165));
#11511=CYLINDRICAL_SURFACE('',#11512,0.23);
#11512=AXIS2_PLACEMENT_3D('',#11513,#11514,#11515);
#11513=CARTESIAN_POINT('',(71.12,2.11863896252492E-016,-3.46));
#11514=DIRECTION('',(-6.12323399573677E-017,-6.12323399573677E-017,1.));
#11515=DIRECTION('',(-1.,-1.22464679914735E-016,-6.12323399573675E-017));
#11516=FACE_OUTER_BOUND('',#11517,.T.);
#11517=EDGE_LOOP('',(#14166));
#11518=SPHERICAL_SURFACE('',#11519,0.23);
#11519=AXIS2_PLACEMENT_3D('',#11520,#11521,#11522);
#11520=CARTESIAN_POINT('',(71.12,2.11863896252492E-016,-3.46));
#11521=DIRECTION('',(-6.12323399573677E-017,-6.12323399573677E-017,1.));
#11522=DIRECTION('',(-1.,-1.22464679914735E-016,-6.12323399573677E-017));
#11523=FACE_OUTER_BOUND('',#11524,.T.);
#11524=EDGE_LOOP('',(#14167));
#11525=SPHERICAL_SURFACE('',#11526,0.3);
#11526=AXIS2_PLACEMENT_3D('',#11527,#11528,#11529);
#11527=CARTESIAN_POINT('',(73.66,-4.71489017671731E-016,7.7));
#11528=DIRECTION('',(-6.12323399573677E-017,-6.12323399573677E-017,1.));
#11529=DIRECTION('',(-1.,-1.22464679914736E-016,-6.12323399573677E-017));
#11530=FACE_OUTER_BOUND('',#11531,.T.);
#11531=EDGE_LOOP('',(#14168));
#11532=FACE_OUTER_BOUND('',#11533,.T.);
#11533=EDGE_LOOP('',(#14169));
#11534=CYLINDRICAL_SURFACE('',#11535,0.3);
#11535=AXIS2_PLACEMENT_3D('',#11536,#11537,#11538);
#11536=CARTESIAN_POINT('',(73.66,-3.06161699786838E-016,5.));
#11537=DIRECTION('',(-6.12323399573677E-017,-6.12323399573677E-017,1.));
#11538=DIRECTION('',(-1.,-1.22464679914735E-016,-6.12323399573677E-017));
#11539=FACE_BOUND('',#11540,.T.);
#11540=EDGE_LOOP('',(#14170));
#11541=FACE_BOUND('',#11542,.T.);
#11542=EDGE_LOOP('',(#14171));
#11543=PLANE('',#11544);
#11544=AXIS2_PLACEMENT_3D('',#11545,#11546,#11547);
#11545=CARTESIAN_POINT('',(73.66,-3.06161699786838E-016,5.));
#11546=DIRECTION('',(-6.12323399573677E-017,-6.12323399573677E-017,1.));
#11547=DIRECTION('',(-1.,-1.22464679914735E-016,-6.12323399573677E-017));
#11548=FACE_OUTER_BOUND('',#11549,.T.);
#11549=EDGE_LOOP('',(#14172));
#11550=FACE_OUTER_BOUND('',#11551,.T.);
#11551=EDGE_LOOP('',(#14173));
#11552=CYLINDRICAL_SURFACE('',#11553,0.9);
#11553=AXIS2_PLACEMENT_3D('',#11554,#11555,#11556);
#11554=CARTESIAN_POINT('',(73.66,-2.44929359829471E-016,4.));
#11555=DIRECTION('',(-6.12323399573677E-017,-6.12323399573677E-017,1.));
#11556=DIRECTION('',(-1.,-1.22464679914735E-016,-6.12323399573677E-017));
#11557=FACE_BOUND('',#11558,.T.);
#11558=EDGE_LOOP('',(#14174));
#11559=FACE_BOUND('',#11560,.T.);
#11560=EDGE_LOOP('',(#14175));
#11561=PLANE('',#11562);
#11562=AXIS2_PLACEMENT_3D('',#11563,#11564,#11565);
#11563=CARTESIAN_POINT('',(73.66,-2.44929359829471E-016,4.));
#11564=DIRECTION('',(6.12323399573677E-017,6.12323399573677E-017,-1.));
#11565=DIRECTION('',(-1.,-1.22464679914735E-016,-6.12323399573677E-017));
#11566=FACE_OUTER_BOUND('',#11567,.T.);
#11567=EDGE_LOOP('',(#14176));
#11568=FACE_OUTER_BOUND('',#11569,.T.);
#11569=EDGE_LOOP('',(#14177));
#11570=CYLINDRICAL_SURFACE('',#11571,0.66);
#11571=AXIS2_PLACEMENT_3D('',#11572,#11573,#11574);
#11572=CARTESIAN_POINT('',(73.66,-2.63299061816681E-017,0.43));
#11573=DIRECTION('',(-6.12323399573677E-017,-6.12323399573677E-017,1.));
#11574=DIRECTION('',(-1.,-1.22464679914735E-016,-6.12323399573677E-017));
#11575=FACE_OUTER_BOUND('',#11576,.T.);
#11576=EDGE_LOOP('',(#14178));
#11577=FACE_OUTER_BOUND('',#11578,.T.);
#11578=EDGE_LOOP('',(#14179));
#11579=CONICAL_SURFACE('',#11580,0.445,0.785398163397448);
#11580=AXIS2_PLACEMENT_3D('',#11581,#11582,#11583);
#11581=CARTESIAN_POINT('',(73.66,-1.3164953090834E-017,0.215));
#11582=DIRECTION('',(-6.12323399573677E-017,-6.12323399573677E-017,1.));
#11583=DIRECTION('',(-1.,-1.22464679914735E-016,-6.12323399573677E-017));
#11584=FACE_OUTER_BOUND('',#11585,.T.);
#11585=EDGE_LOOP('',(#14180));
#11586=FACE_OUTER_BOUND('',#11587,.T.);
#11587=EDGE_LOOP('',(#14181));
#11588=CYLINDRICAL_SURFACE('',#11589,0.23);
#11589=AXIS2_PLACEMENT_3D('',#11590,#11591,#11592);
#11590=CARTESIAN_POINT('',(73.66,2.11863896252492E-016,-3.46));
#11591=DIRECTION('',(-6.12323399573677E-017,-6.12323399573677E-017,1.));
#11592=DIRECTION('',(-1.,-1.22464679914735E-016,-6.12323399573675E-017));
#11593=FACE_OUTER_BOUND('',#11594,.T.);
#11594=EDGE_LOOP('',(#14182));
#11595=SPHERICAL_SURFACE('',#11596,0.23);
#11596=AXIS2_PLACEMENT_3D('',#11597,#11598,#11599);
#11597=CARTESIAN_POINT('',(73.66,2.11863896252492E-016,-3.46));
#11598=DIRECTION('',(-6.12323399573677E-017,-6.12323399573677E-017,1.));
#11599=DIRECTION('',(-1.,-1.22464679914735E-016,-6.12323399573677E-017));
#11600=FACE_OUTER_BOUND('',#11601,.T.);
#11601=EDGE_LOOP('',(#14183));
#11602=SPHERICAL_SURFACE('',#11603,0.3);
#11603=AXIS2_PLACEMENT_3D('',#11604,#11605,#11606);
#11604=CARTESIAN_POINT('',(76.2,-4.71489017671731E-016,7.7));
#11605=DIRECTION('',(-6.12323399573677E-017,-6.12323399573677E-017,1.));
#11606=DIRECTION('',(-1.,-1.22464679914736E-016,-6.12323399573677E-017));
#11607=FACE_OUTER_BOUND('',#11608,.T.);
#11608=EDGE_LOOP('',(#14184));
#11609=FACE_OUTER_BOUND('',#11610,.T.);
#11610=EDGE_LOOP('',(#14185));
#11611=CYLINDRICAL_SURFACE('',#11612,0.3);
#11612=AXIS2_PLACEMENT_3D('',#11613,#11614,#11615);
#11613=CARTESIAN_POINT('',(76.2,-3.06161699786838E-016,5.));
#11614=DIRECTION('',(-6.12323399573677E-017,-6.12323399573677E-017,1.));
#11615=DIRECTION('',(-1.,-1.22464679914735E-016,-6.12323399573677E-017));
#11616=FACE_BOUND('',#11617,.T.);
#11617=EDGE_LOOP('',(#14186));
#11618=FACE_BOUND('',#11619,.T.);
#11619=EDGE_LOOP('',(#14187));
#11620=PLANE('',#11621);
#11621=AXIS2_PLACEMENT_3D('',#11622,#11623,#11624);
#11622=CARTESIAN_POINT('',(76.2,-3.06161699786838E-016,5.));
#11623=DIRECTION('',(-6.12323399573677E-017,-6.12323399573677E-017,1.));
#11624=DIRECTION('',(-1.,-1.22464679914735E-016,-6.12323399573677E-017));
#11625=FACE_OUTER_BOUND('',#11626,.T.);
#11626=EDGE_LOOP('',(#14188));
#11627=FACE_OUTER_BOUND('',#11628,.T.);
#11628=EDGE_LOOP('',(#14189));
#11629=CYLINDRICAL_SURFACE('',#11630,0.9);
#11630=AXIS2_PLACEMENT_3D('',#11631,#11632,#11633);
#11631=CARTESIAN_POINT('',(76.2,-2.44929359829471E-016,4.));
#11632=DIRECTION('',(-6.12323399573677E-017,-6.12323399573677E-017,1.));
#11633=DIRECTION('',(-1.,-1.22464679914735E-016,-6.12323399573677E-017));
#11634=FACE_BOUND('',#11635,.T.);
#11635=EDGE_LOOP('',(#14190));
#11636=FACE_BOUND('',#11637,.T.);
#11637=EDGE_LOOP('',(#14191));
#11638=PLANE('',#11639);
#11639=AXIS2_PLACEMENT_3D('',#11640,#11641,#11642);
#11640=CARTESIAN_POINT('',(76.2,-2.44929359829471E-016,4.));
#11641=DIRECTION('',(6.12323399573677E-017,6.12323399573677E-017,-1.));
#11642=DIRECTION('',(-1.,-1.22464679914735E-016,-6.12323399573677E-017));
#11643=FACE_OUTER_BOUND('',#11644,.T.);
#11644=EDGE_LOOP('',(#14192));
#11645=FACE_OUTER_BOUND('',#11646,.T.);
#11646=EDGE_LOOP('',(#14193));
#11647=CYLINDRICAL_SURFACE('',#11648,0.66);
#11648=AXIS2_PLACEMENT_3D('',#11649,#11650,#11651);
#11649=CARTESIAN_POINT('',(76.2,-2.63299061816681E-017,0.43));
#11650=DIRECTION('',(-6.12323399573677E-017,-6.12323399573677E-017,1.));
#11651=DIRECTION('',(-1.,-1.22464679914735E-016,-6.12323399573677E-017));
#11652=FACE_OUTER_BOUND('',#11653,.T.);
#11653=EDGE_LOOP('',(#14194));
#11654=FACE_OUTER_BOUND('',#11655,.T.);
#11655=EDGE_LOOP('',(#14195));
#11656=CONICAL_SURFACE('',#11657,0.445,0.785398163397448);
#11657=AXIS2_PLACEMENT_3D('',#11658,#11659,#11660);
#11658=CARTESIAN_POINT('',(76.2,-1.3164953090834E-017,0.215));
#11659=DIRECTION('',(-6.12323399573677E-017,-6.12323399573677E-017,1.));
#11660=DIRECTION('',(-1.,-1.22464679914735E-016,-6.12323399573677E-017));
#11661=FACE_OUTER_BOUND('',#11662,.T.);
#11662=EDGE_LOOP('',(#14196));
#11663=FACE_OUTER_BOUND('',#11664,.T.);
#11664=EDGE_LOOP('',(#14197));
#11665=CYLINDRICAL_SURFACE('',#11666,0.23);
#11666=AXIS2_PLACEMENT_3D('',#11667,#11668,#11669);
#11667=CARTESIAN_POINT('',(76.2,2.11863896252492E-016,-3.46));
#11668=DIRECTION('',(-6.12323399573677E-017,-6.12323399573677E-017,1.));
#11669=DIRECTION('',(-1.,-1.22464679914735E-016,-6.12323399573675E-017));
#11670=FACE_OUTER_BOUND('',#11671,.T.);
#11671=EDGE_LOOP('',(#14198));
#11672=SPHERICAL_SURFACE('',#11673,0.23);
#11673=AXIS2_PLACEMENT_3D('',#11674,#11675,#11676);
#11674=CARTESIAN_POINT('',(76.2,2.11863896252492E-016,-3.46));
#11675=DIRECTION('',(-6.12323399573677E-017,-6.12323399573677E-017,1.));
#11676=DIRECTION('',(-1.,-1.22464679914735E-016,-6.12323399573677E-017));
#11677=FACE_OUTER_BOUND('',#11678,.T.);
#11678=EDGE_LOOP('',(#14199));
#11679=SPHERICAL_SURFACE('',#11680,0.3);
#11680=AXIS2_PLACEMENT_3D('',#11681,#11682,#11683);
#11681=CARTESIAN_POINT('',(78.74,-4.71489017671731E-016,7.7));
#11682=DIRECTION('',(-6.12323399573677E-017,-6.12323399573677E-017,1.));
#11683=DIRECTION('',(-1.,-1.22464679914736E-016,-6.12323399573677E-017));
#11684=FACE_OUTER_BOUND('',#11685,.T.);
#11685=EDGE_LOOP('',(#14200));
#11686=FACE_OUTER_BOUND('',#11687,.T.);
#11687=EDGE_LOOP('',(#14201));
#11688=CYLINDRICAL_SURFACE('',#11689,0.3);
#11689=AXIS2_PLACEMENT_3D('',#11690,#11691,#11692);
#11690=CARTESIAN_POINT('',(78.74,-3.06161699786838E-016,5.));
#11691=DIRECTION('',(-6.12323399573677E-017,-6.12323399573677E-017,1.));
#11692=DIRECTION('',(-1.,-1.22464679914735E-016,-6.12323399573677E-017));
#11693=FACE_BOUND('',#11694,.T.);
#11694=EDGE_LOOP('',(#14202));
#11695=FACE_BOUND('',#11696,.T.);
#11696=EDGE_LOOP('',(#14203));
#11697=PLANE('',#11698);
#11698=AXIS2_PLACEMENT_3D('',#11699,#11700,#11701);
#11699=CARTESIAN_POINT('',(78.74,-3.06161699786838E-016,5.));
#11700=DIRECTION('',(-6.12323399573677E-017,-6.12323399573677E-017,1.));
#11701=DIRECTION('',(-1.,-1.22464679914735E-016,-6.12323399573677E-017));
#11702=FACE_OUTER_BOUND('',#11703,.T.);
#11703=EDGE_LOOP('',(#14204));
#11704=FACE_OUTER_BOUND('',#11705,.T.);
#11705=EDGE_LOOP('',(#14205));
#11706=CYLINDRICAL_SURFACE('',#11707,0.9);
#11707=AXIS2_PLACEMENT_3D('',#11708,#11709,#11710);
#11708=CARTESIAN_POINT('',(78.74,-2.44929359829471E-016,4.));
#11709=DIRECTION('',(-6.12323399573677E-017,-6.12323399573677E-017,1.));
#11710=DIRECTION('',(-1.,-1.22464679914735E-016,-6.12323399573677E-017));
#11711=FACE_BOUND('',#11712,.T.);
#11712=EDGE_LOOP('',(#14206));
#11713=FACE_BOUND('',#11714,.T.);
#11714=EDGE_LOOP('',(#14207));
#11715=PLANE('',#11716);
#11716=AXIS2_PLACEMENT_3D('',#11717,#11718,#11719);
#11717=CARTESIAN_POINT('',(78.74,-2.44929359829471E-016,4.));
#11718=DIRECTION('',(6.12323399573677E-017,6.12323399573677E-017,-1.));
#11719=DIRECTION('',(-1.,-1.22464679914735E-016,-6.12323399573677E-017));
#11720=FACE_OUTER_BOUND('',#11721,.T.);
#11721=EDGE_LOOP('',(#14208));
#11722=FACE_OUTER_BOUND('',#11723,.T.);
#11723=EDGE_LOOP('',(#14209));
#11724=CYLINDRICAL_SURFACE('',#11725,0.66);
#11725=AXIS2_PLACEMENT_3D('',#11726,#11727,#11728);
#11726=CARTESIAN_POINT('',(78.74,-2.63299061816681E-017,0.43));
#11727=DIRECTION('',(-6.12323399573677E-017,-6.12323399573677E-017,1.));
#11728=DIRECTION('',(-1.,-1.22464679914735E-016,-6.12323399573677E-017));
#11729=FACE_OUTER_BOUND('',#11730,.T.);
#11730=EDGE_LOOP('',(#14210));
#11731=FACE_OUTER_BOUND('',#11732,.T.);
#11732=EDGE_LOOP('',(#14211));
#11733=CONICAL_SURFACE('',#11734,0.445,0.785398163397448);
#11734=AXIS2_PLACEMENT_3D('',#11735,#11736,#11737);
#11735=CARTESIAN_POINT('',(78.74,-1.3164953090834E-017,0.215));
#11736=DIRECTION('',(-6.12323399573677E-017,-6.12323399573677E-017,1.));
#11737=DIRECTION('',(-1.,-1.22464679914735E-016,-6.12323399573677E-017));
#11738=FACE_OUTER_BOUND('',#11739,.T.);
#11739=EDGE_LOOP('',(#14212));
#11740=FACE_OUTER_BOUND('',#11741,.T.);
#11741=EDGE_LOOP('',(#14213));
#11742=CYLINDRICAL_SURFACE('',#11743,0.23);
#11743=AXIS2_PLACEMENT_3D('',#11744,#11745,#11746);
#11744=CARTESIAN_POINT('',(78.74,2.11863896252492E-016,-3.46));
#11745=DIRECTION('',(-6.12323399573677E-017,-6.12323399573677E-017,1.));
#11746=DIRECTION('',(-1.,-1.22464679914735E-016,-6.12323399573675E-017));
#11747=FACE_OUTER_BOUND('',#11748,.T.);
#11748=EDGE_LOOP('',(#14214));
#11749=SPHERICAL_SURFACE('',#11750,0.23);
#11750=AXIS2_PLACEMENT_3D('',#11751,#11752,#11753);
#11751=CARTESIAN_POINT('',(78.74,2.11863896252492E-016,-3.46));
#11752=DIRECTION('',(-6.12323399573677E-017,-6.12323399573677E-017,1.));
#11753=DIRECTION('',(-1.,-1.22464679914735E-016,-6.12323399573677E-017));
#11754=FACE_OUTER_BOUND('',#11755,.T.);
#11755=EDGE_LOOP('',(#14215));
#11756=SPHERICAL_SURFACE('',#11757,0.3);
#11757=AXIS2_PLACEMENT_3D('',#11758,#11759,#11760);
#11758=CARTESIAN_POINT('',(81.28,-4.71489017671731E-016,7.7));
#11759=DIRECTION('',(-6.12323399573677E-017,-6.12323399573677E-017,1.));
#11760=DIRECTION('',(-1.,-1.22464679914736E-016,-6.12323399573677E-017));
#11761=FACE_OUTER_BOUND('',#11762,.T.);
#11762=EDGE_LOOP('',(#14216));
#11763=FACE_OUTER_BOUND('',#11764,.T.);
#11764=EDGE_LOOP('',(#14217));
#11765=CYLINDRICAL_SURFACE('',#11766,0.3);
#11766=AXIS2_PLACEMENT_3D('',#11767,#11768,#11769);
#11767=CARTESIAN_POINT('',(81.28,-3.06161699786838E-016,5.));
#11768=DIRECTION('',(-6.12323399573677E-017,-6.12323399573677E-017,1.));
#11769=DIRECTION('',(-1.,-1.22464679914735E-016,-6.12323399573677E-017));
#11770=FACE_BOUND('',#11771,.T.);
#11771=EDGE_LOOP('',(#14218));
#11772=FACE_BOUND('',#11773,.T.);
#11773=EDGE_LOOP('',(#14219));
#11774=PLANE('',#11775);
#11775=AXIS2_PLACEMENT_3D('',#11776,#11777,#11778);
#11776=CARTESIAN_POINT('',(81.28,-3.06161699786838E-016,5.));
#11777=DIRECTION('',(-6.12323399573677E-017,-6.12323399573677E-017,1.));
#11778=DIRECTION('',(-1.,-1.22464679914735E-016,-6.12323399573677E-017));
#11779=FACE_OUTER_BOUND('',#11780,.T.);
#11780=EDGE_LOOP('',(#14220));
#11781=FACE_OUTER_BOUND('',#11782,.T.);
#11782=EDGE_LOOP('',(#14221));
#11783=CYLINDRICAL_SURFACE('',#11784,0.9);
#11784=AXIS2_PLACEMENT_3D('',#11785,#11786,#11787);
#11785=CARTESIAN_POINT('',(81.28,-2.44929359829471E-016,4.));
#11786=DIRECTION('',(-6.12323399573677E-017,-6.12323399573677E-017,1.));
#11787=DIRECTION('',(-1.,-1.22464679914735E-016,-6.12323399573677E-017));
#11788=FACE_BOUND('',#11789,.T.);
#11789=EDGE_LOOP('',(#14222));
#11790=FACE_BOUND('',#11791,.T.);
#11791=EDGE_LOOP('',(#14223));
#11792=PLANE('',#11793);
#11793=AXIS2_PLACEMENT_3D('',#11794,#11795,#11796);
#11794=CARTESIAN_POINT('',(81.28,-2.44929359829471E-016,4.));
#11795=DIRECTION('',(6.12323399573677E-017,6.12323399573677E-017,-1.));
#11796=DIRECTION('',(-1.,-1.22464679914735E-016,-6.12323399573677E-017));
#11797=FACE_OUTER_BOUND('',#11798,.T.);
#11798=EDGE_LOOP('',(#14224));
#11799=FACE_OUTER_BOUND('',#11800,.T.);
#11800=EDGE_LOOP('',(#14225));
#11801=CYLINDRICAL_SURFACE('',#11802,0.66);
#11802=AXIS2_PLACEMENT_3D('',#11803,#11804,#11805);
#11803=CARTESIAN_POINT('',(81.28,-2.63299061816681E-017,0.43));
#11804=DIRECTION('',(-6.12323399573677E-017,-6.12323399573677E-017,1.));
#11805=DIRECTION('',(-1.,-1.22464679914735E-016,-6.12323399573677E-017));
#11806=FACE_OUTER_BOUND('',#11807,.T.);
#11807=EDGE_LOOP('',(#14226));
#11808=FACE_OUTER_BOUND('',#11809,.T.);
#11809=EDGE_LOOP('',(#14227));
#11810=CONICAL_SURFACE('',#11811,0.445,0.785398163397448);
#11811=AXIS2_PLACEMENT_3D('',#11812,#11813,#11814);
#11812=CARTESIAN_POINT('',(81.28,-1.3164953090834E-017,0.215));
#11813=DIRECTION('',(-6.12323399573677E-017,-6.12323399573677E-017,1.));
#11814=DIRECTION('',(-1.,-1.22464679914735E-016,-6.12323399573677E-017));
#11815=FACE_OUTER_BOUND('',#11816,.T.);
#11816=EDGE_LOOP('',(#14228));
#11817=FACE_OUTER_BOUND('',#11818,.T.);
#11818=EDGE_LOOP('',(#14229));
#11819=CYLINDRICAL_SURFACE('',#11820,0.23);
#11820=AXIS2_PLACEMENT_3D('',#11821,#11822,#11823);
#11821=CARTESIAN_POINT('',(81.28,2.11863896252492E-016,-3.46));
#11822=DIRECTION('',(-6.12323399573677E-017,-6.12323399573677E-017,1.));
#11823=DIRECTION('',(-1.,-1.22464679914735E-016,-6.12323399573675E-017));
#11824=FACE_OUTER_BOUND('',#11825,.T.);
#11825=EDGE_LOOP('',(#14230));
#11826=SPHERICAL_SURFACE('',#11827,0.23);
#11827=AXIS2_PLACEMENT_3D('',#11828,#11829,#11830);
#11828=CARTESIAN_POINT('',(81.28,2.11863896252492E-016,-3.46));
#11829=DIRECTION('',(-6.12323399573677E-017,-6.12323399573677E-017,1.));
#11830=DIRECTION('',(-1.,-1.22464679914735E-016,-6.12323399573677E-017));
#11831=ORIENTED_EDGE('',*,*,#14231,.T.);
#11832=ORIENTED_EDGE('',*,*,#14232,.F.);
#11833=ORIENTED_EDGE('',*,*,#14233,.T.);
#11834=ORIENTED_EDGE('',*,*,#14234,.F.);
#11835=ORIENTED_EDGE('',*,*,#14235,.T.);
#11836=ORIENTED_EDGE('',*,*,#14236,.F.);
#11837=ORIENTED_EDGE('',*,*,#14237,.T.);
#11838=ORIENTED_EDGE('',*,*,#14238,.F.);
#11839=ORIENTED_EDGE('',*,*,#14239,.T.);
#11840=ORIENTED_EDGE('',*,*,#14240,.F.);
#11841=ORIENTED_EDGE('',*,*,#14241,.T.);
#11842=ORIENTED_EDGE('',*,*,#14242,.F.);
#11843=ORIENTED_EDGE('',*,*,#14243,.T.);
#11844=ORIENTED_EDGE('',*,*,#14244,.F.);
#11845=ORIENTED_EDGE('',*,*,#14245,.T.);
#11846=ORIENTED_EDGE('',*,*,#14246,.F.);
#11847=ORIENTED_EDGE('',*,*,#14247,.T.);
#11848=ORIENTED_EDGE('',*,*,#14248,.F.);
#11849=ORIENTED_EDGE('',*,*,#14249,.T.);
#11850=ORIENTED_EDGE('',*,*,#14250,.F.);
#11851=ORIENTED_EDGE('',*,*,#14251,.T.);
#11852=ORIENTED_EDGE('',*,*,#14252,.F.);
#11853=ORIENTED_EDGE('',*,*,#14253,.T.);
#11854=ORIENTED_EDGE('',*,*,#14254,.F.);
#11855=ORIENTED_EDGE('',*,*,#14255,.T.);
#11856=ORIENTED_EDGE('',*,*,#14256,.F.);
#11857=ORIENTED_EDGE('',*,*,#14257,.T.);
#11858=ORIENTED_EDGE('',*,*,#14258,.F.);
#11859=ORIENTED_EDGE('',*,*,#14259,.T.);
#11860=ORIENTED_EDGE('',*,*,#14260,.F.);
#11861=ORIENTED_EDGE('',*,*,#14261,.T.);
#11862=ORIENTED_EDGE('',*,*,#14262,.F.);
#11863=ORIENTED_EDGE('',*,*,#14263,.T.);
#11864=ORIENTED_EDGE('',*,*,#14264,.F.);
#11865=ORIENTED_EDGE('',*,*,#14265,.T.);
#11866=ORIENTED_EDGE('',*,*,#14266,.F.);
#11867=ORIENTED_EDGE('',*,*,#14267,.T.);
#11868=ORIENTED_EDGE('',*,*,#14268,.F.);
#11869=ORIENTED_EDGE('',*,*,#14269,.T.);
#11870=ORIENTED_EDGE('',*,*,#14270,.F.);
#11871=ORIENTED_EDGE('',*,*,#14271,.T.);
#11872=ORIENTED_EDGE('',*,*,#14272,.F.);
#11873=ORIENTED_EDGE('',*,*,#14273,.T.);
#11874=ORIENTED_EDGE('',*,*,#14274,.F.);
#11875=ORIENTED_EDGE('',*,*,#14275,.T.);
#11876=ORIENTED_EDGE('',*,*,#14276,.F.);
#11877=ORIENTED_EDGE('',*,*,#14277,.T.);
#11878=ORIENTED_EDGE('',*,*,#14278,.F.);
#11879=ORIENTED_EDGE('',*,*,#14279,.T.);
#11880=ORIENTED_EDGE('',*,*,#14280,.F.);
#11881=ORIENTED_EDGE('',*,*,#14281,.T.);
#11882=ORIENTED_EDGE('',*,*,#14282,.F.);
#11883=ORIENTED_EDGE('',*,*,#14283,.T.);
#11884=ORIENTED_EDGE('',*,*,#14284,.F.);
#11885=ORIENTED_EDGE('',*,*,#14285,.T.);
#11886=ORIENTED_EDGE('',*,*,#14286,.F.);
#11887=ORIENTED_EDGE('',*,*,#14287,.T.);
#11888=ORIENTED_EDGE('',*,*,#14288,.F.);
#11889=ORIENTED_EDGE('',*,*,#14289,.T.);
#11890=ORIENTED_EDGE('',*,*,#14290,.F.);
#11891=ORIENTED_EDGE('',*,*,#14291,.T.);
#11892=ORIENTED_EDGE('',*,*,#14292,.F.);
#11893=ORIENTED_EDGE('',*,*,#14293,.T.);
#11894=ORIENTED_EDGE('',*,*,#14294,.F.);
#11895=ORIENTED_EDGE('',*,*,#14295,.T.);
#11896=ORIENTED_EDGE('',*,*,#14296,.T.);
#11897=ORIENTED_EDGE('',*,*,#14297,.T.);
#11898=ORIENTED_EDGE('',*,*,#14298,.T.);
#11899=ORIENTED_EDGE('',*,*,#14299,.T.);
#11900=ORIENTED_EDGE('',*,*,#14300,.T.);
#11901=ORIENTED_EDGE('',*,*,#14301,.T.);
#11902=ORIENTED_EDGE('',*,*,#14302,.T.);
#11903=ORIENTED_EDGE('',*,*,#14303,.T.);
#11904=ORIENTED_EDGE('',*,*,#14304,.T.);
#11905=ORIENTED_EDGE('',*,*,#14305,.T.);
#11906=ORIENTED_EDGE('',*,*,#14306,.T.);
#11907=ORIENTED_EDGE('',*,*,#14307,.T.);
#11908=ORIENTED_EDGE('',*,*,#14308,.T.);
#11909=ORIENTED_EDGE('',*,*,#14309,.T.);
#11910=ORIENTED_EDGE('',*,*,#14310,.T.);
#11911=ORIENTED_EDGE('',*,*,#14311,.T.);
#11912=ORIENTED_EDGE('',*,*,#14312,.T.);
#11913=ORIENTED_EDGE('',*,*,#14313,.T.);
#11914=ORIENTED_EDGE('',*,*,#14314,.T.);
#11915=ORIENTED_EDGE('',*,*,#14315,.T.);
#11916=ORIENTED_EDGE('',*,*,#14316,.T.);
#11917=ORIENTED_EDGE('',*,*,#14317,.T.);
#11918=ORIENTED_EDGE('',*,*,#14318,.T.);
#11919=ORIENTED_EDGE('',*,*,#14319,.T.);
#11920=ORIENTED_EDGE('',*,*,#14320,.T.);
#11921=ORIENTED_EDGE('',*,*,#14321,.T.);
#11922=ORIENTED_EDGE('',*,*,#14322,.T.);
#11923=ORIENTED_EDGE('',*,*,#14323,.T.);
#11924=ORIENTED_EDGE('',*,*,#14324,.T.);
#11925=ORIENTED_EDGE('',*,*,#14325,.T.);
#11926=ORIENTED_EDGE('',*,*,#14326,.T.);
#11927=ORIENTED_EDGE('',*,*,#14327,.T.);
#11928=ORIENTED_EDGE('',*,*,#14328,.T.);
#11929=ORIENTED_EDGE('',*,*,#14329,.T.);
#11930=ORIENTED_EDGE('',*,*,#14330,.T.);
#11931=ORIENTED_EDGE('',*,*,#14331,.T.);
#11932=ORIENTED_EDGE('',*,*,#14332,.T.);
#11933=ORIENTED_EDGE('',*,*,#14333,.T.);
#11934=ORIENTED_EDGE('',*,*,#14334,.T.);
#11935=ORIENTED_EDGE('',*,*,#14335,.T.);
#11936=ORIENTED_EDGE('',*,*,#14336,.T.);
#11937=ORIENTED_EDGE('',*,*,#14337,.T.);
#11938=ORIENTED_EDGE('',*,*,#14338,.T.);
#11939=ORIENTED_EDGE('',*,*,#14339,.T.);
#11940=ORIENTED_EDGE('',*,*,#14340,.T.);
#11941=ORIENTED_EDGE('',*,*,#14341,.T.);
#11942=ORIENTED_EDGE('',*,*,#14342,.T.);
#11943=ORIENTED_EDGE('',*,*,#14343,.T.);
#11944=ORIENTED_EDGE('',*,*,#14344,.T.);
#11945=ORIENTED_EDGE('',*,*,#14345,.T.);
#11946=ORIENTED_EDGE('',*,*,#14346,.T.);
#11947=ORIENTED_EDGE('',*,*,#14347,.T.);
#11948=ORIENTED_EDGE('',*,*,#14348,.T.);
#11949=ORIENTED_EDGE('',*,*,#14349,.T.);
#11950=ORIENTED_EDGE('',*,*,#14350,.T.);
#11951=ORIENTED_EDGE('',*,*,#14351,.T.);
#11952=ORIENTED_EDGE('',*,*,#14352,.T.);
#11953=ORIENTED_EDGE('',*,*,#14353,.T.);
#11954=ORIENTED_EDGE('',*,*,#14354,.T.);
#11955=ORIENTED_EDGE('',*,*,#14355,.T.);
#11956=ORIENTED_EDGE('',*,*,#14356,.T.);
#11957=ORIENTED_EDGE('',*,*,#14357,.T.);
#11958=ORIENTED_EDGE('',*,*,#14358,.T.);
#11959=ORIENTED_EDGE('',*,*,#14359,.T.);
#11960=ORIENTED_EDGE('',*,*,#14360,.T.);
#11961=ORIENTED_EDGE('',*,*,#14361,.T.);
#11962=ORIENTED_EDGE('',*,*,#14362,.T.);
#11963=ORIENTED_EDGE('',*,*,#14363,.T.);
#11964=ORIENTED_EDGE('',*,*,#14364,.T.);
#11965=ORIENTED_EDGE('',*,*,#14365,.T.);
#11966=ORIENTED_EDGE('',*,*,#14366,.T.);
#11967=ORIENTED_EDGE('',*,*,#14367,.T.);
#11968=ORIENTED_EDGE('',*,*,#14368,.T.);
#11969=ORIENTED_EDGE('',*,*,#14369,.T.);
#11970=ORIENTED_EDGE('',*,*,#14370,.T.);
#11971=ORIENTED_EDGE('',*,*,#14371,.T.);
#11972=ORIENTED_EDGE('',*,*,#14372,.T.);
#11973=ORIENTED_EDGE('',*,*,#14373,.T.);
#11974=ORIENTED_EDGE('',*,*,#14374,.T.);
#11975=ORIENTED_EDGE('',*,*,#14375,.T.);
#11976=ORIENTED_EDGE('',*,*,#14376,.T.);
#11977=ORIENTED_EDGE('',*,*,#14377,.T.);
#11978=ORIENTED_EDGE('',*,*,#14378,.T.);
#11979=ORIENTED_EDGE('',*,*,#14379,.T.);
#11980=ORIENTED_EDGE('',*,*,#14380,.T.);
#11981=ORIENTED_EDGE('',*,*,#14381,.T.);
#11982=ORIENTED_EDGE('',*,*,#14382,.T.);
#11983=ORIENTED_EDGE('',*,*,#14383,.T.);
#11984=ORIENTED_EDGE('',*,*,#14384,.T.);
#11985=ORIENTED_EDGE('',*,*,#14385,.T.);
#11986=ORIENTED_EDGE('',*,*,#14386,.T.);
#11987=ORIENTED_EDGE('',*,*,#14387,.T.);
#11988=ORIENTED_EDGE('',*,*,#14388,.T.);
#11989=ORIENTED_EDGE('',*,*,#14389,.T.);
#11990=ORIENTED_EDGE('',*,*,#14390,.T.);
#11991=ORIENTED_EDGE('',*,*,#14391,.T.);
#11992=ORIENTED_EDGE('',*,*,#14392,.T.);
#11993=ORIENTED_EDGE('',*,*,#14393,.T.);
#11994=ORIENTED_EDGE('',*,*,#14394,.T.);
#11995=ORIENTED_EDGE('',*,*,#14395,.T.);
#11996=ORIENTED_EDGE('',*,*,#14396,.T.);
#11997=ORIENTED_EDGE('',*,*,#14397,.T.);
#11998=ORIENTED_EDGE('',*,*,#14398,.T.);
#11999=ORIENTED_EDGE('',*,*,#14399,.T.);
#12000=ORIENTED_EDGE('',*,*,#14400,.T.);
#12001=ORIENTED_EDGE('',*,*,#14401,.T.);
#12002=ORIENTED_EDGE('',*,*,#14402,.T.);
#12003=ORIENTED_EDGE('',*,*,#14403,.T.);
#12004=ORIENTED_EDGE('',*,*,#14404,.T.);
#12005=ORIENTED_EDGE('',*,*,#14405,.T.);
#12006=ORIENTED_EDGE('',*,*,#14406,.T.);
#12007=ORIENTED_EDGE('',*,*,#14407,.T.);
#12008=ORIENTED_EDGE('',*,*,#14408,.T.);
#12009=ORIENTED_EDGE('',*,*,#14409,.T.);
#12010=ORIENTED_EDGE('',*,*,#14410,.T.);
#12011=ORIENTED_EDGE('',*,*,#14411,.T.);
#12012=ORIENTED_EDGE('',*,*,#14412,.T.);
#12013=ORIENTED_EDGE('',*,*,#14413,.T.);
#12014=ORIENTED_EDGE('',*,*,#14414,.T.);
#12015=ORIENTED_EDGE('',*,*,#14415,.T.);
#12016=ORIENTED_EDGE('',*,*,#14416,.T.);
#12017=ORIENTED_EDGE('',*,*,#14417,.T.);
#12018=ORIENTED_EDGE('',*,*,#14418,.T.);
#12019=ORIENTED_EDGE('',*,*,#14419,.T.);
#12020=ORIENTED_EDGE('',*,*,#14420,.T.);
#12021=ORIENTED_EDGE('',*,*,#14421,.T.);
#12022=ORIENTED_EDGE('',*,*,#14422,.T.);
#12023=ORIENTED_EDGE('',*,*,#14423,.T.);
#12024=ORIENTED_EDGE('',*,*,#14424,.T.);
#12025=ORIENTED_EDGE('',*,*,#14425,.T.);
#12026=ORIENTED_EDGE('',*,*,#14426,.T.);
#12027=ORIENTED_EDGE('',*,*,#14427,.T.);
#12028=ORIENTED_EDGE('',*,*,#14428,.T.);
#12029=ORIENTED_EDGE('',*,*,#14429,.T.);
#12030=ORIENTED_EDGE('',*,*,#14430,.T.);
#12031=ORIENTED_EDGE('',*,*,#14431,.T.);
#12032=ORIENTED_EDGE('',*,*,#14432,.T.);
#12033=ORIENTED_EDGE('',*,*,#14433,.T.);
#12034=ORIENTED_EDGE('',*,*,#14434,.T.);
#12035=ORIENTED_EDGE('',*,*,#14435,.T.);
#12036=ORIENTED_EDGE('',*,*,#14436,.T.);
#12037=ORIENTED_EDGE('',*,*,#14437,.T.);
#12038=ORIENTED_EDGE('',*,*,#14438,.T.);
#12039=ORIENTED_EDGE('',*,*,#14439,.T.);
#12040=ORIENTED_EDGE('',*,*,#14440,.T.);
#12041=ORIENTED_EDGE('',*,*,#14441,.T.);
#12042=ORIENTED_EDGE('',*,*,#14442,.T.);
#12043=ORIENTED_EDGE('',*,*,#14443,.T.);
#12044=ORIENTED_EDGE('',*,*,#14444,.T.);
#12045=ORIENTED_EDGE('',*,*,#14445,.T.);
#12046=ORIENTED_EDGE('',*,*,#14446,.T.);
#12047=ORIENTED_EDGE('',*,*,#14447,.T.);
#12048=ORIENTED_EDGE('',*,*,#14448,.T.);
#12049=ORIENTED_EDGE('',*,*,#14449,.T.);
#12050=ORIENTED_EDGE('',*,*,#14450,.T.);
#12051=ORIENTED_EDGE('',*,*,#14451,.T.);
#12052=ORIENTED_EDGE('',*,*,#14452,.T.);
#12053=ORIENTED_EDGE('',*,*,#14453,.T.);
#12054=ORIENTED_EDGE('',*,*,#14454,.T.);
#12055=ORIENTED_EDGE('',*,*,#14455,.T.);
#12056=ORIENTED_EDGE('',*,*,#14456,.T.);
#12057=ORIENTED_EDGE('',*,*,#14457,.T.);
#12058=ORIENTED_EDGE('',*,*,#14458,.T.);
#12059=ORIENTED_EDGE('',*,*,#14459,.T.);
#12060=ORIENTED_EDGE('',*,*,#14460,.T.);
#12061=ORIENTED_EDGE('',*,*,#14461,.T.);
#12062=ORIENTED_EDGE('',*,*,#14462,.T.);
#12063=ORIENTED_EDGE('',*,*,#14463,.T.);
#12064=ORIENTED_EDGE('',*,*,#14464,.T.);
#12065=ORIENTED_EDGE('',*,*,#14465,.T.);
#12066=ORIENTED_EDGE('',*,*,#14466,.T.);
#12067=ORIENTED_EDGE('',*,*,#14467,.T.);
#12068=ORIENTED_EDGE('',*,*,#14468,.T.);
#12069=ORIENTED_EDGE('',*,*,#14469,.T.);
#12070=ORIENTED_EDGE('',*,*,#14470,.T.);
#12071=ORIENTED_EDGE('',*,*,#14471,.T.);
#12072=ORIENTED_EDGE('',*,*,#14472,.T.);
#12073=ORIENTED_EDGE('',*,*,#14473,.T.);
#12074=ORIENTED_EDGE('',*,*,#14474,.T.);
#12075=ORIENTED_EDGE('',*,*,#14475,.T.);
#12076=ORIENTED_EDGE('',*,*,#14476,.T.);
#12077=ORIENTED_EDGE('',*,*,#14477,.T.);
#12078=ORIENTED_EDGE('',*,*,#14478,.T.);
#12079=ORIENTED_EDGE('',*,*,#14479,.T.);
#12080=ORIENTED_EDGE('',*,*,#14480,.T.);
#12081=ORIENTED_EDGE('',*,*,#14481,.T.);
#12082=ORIENTED_EDGE('',*,*,#14482,.T.);
#12083=ORIENTED_EDGE('',*,*,#14483,.T.);
#12084=ORIENTED_EDGE('',*,*,#14484,.T.);
#12085=ORIENTED_EDGE('',*,*,#14485,.T.);
#12086=ORIENTED_EDGE('',*,*,#14486,.T.);
#12087=ORIENTED_EDGE('',*,*,#14487,.T.);
#12088=ORIENTED_EDGE('',*,*,#14488,.T.);
#12089=ORIENTED_EDGE('',*,*,#14489,.T.);
#12090=ORIENTED_EDGE('',*,*,#14490,.T.);
#12091=ORIENTED_EDGE('',*,*,#14491,.T.);
#12092=ORIENTED_EDGE('',*,*,#14492,.T.);
#12093=ORIENTED_EDGE('',*,*,#14493,.T.);
#12094=ORIENTED_EDGE('',*,*,#14494,.T.);
#12095=ORIENTED_EDGE('',*,*,#14495,.T.);
#12096=ORIENTED_EDGE('',*,*,#14496,.T.);
#12097=ORIENTED_EDGE('',*,*,#14497,.T.);
#12098=ORIENTED_EDGE('',*,*,#14498,.T.);
#12099=ORIENTED_EDGE('',*,*,#14499,.T.);
#12100=ORIENTED_EDGE('',*,*,#14500,.T.);
#12101=ORIENTED_EDGE('',*,*,#14501,.T.);
#12102=ORIENTED_EDGE('',*,*,#14502,.T.);
#12103=ORIENTED_EDGE('',*,*,#14503,.T.);
#12104=ORIENTED_EDGE('',*,*,#14504,.T.);
#12105=ORIENTED_EDGE('',*,*,#14505,.T.);
#12106=ORIENTED_EDGE('',*,*,#14506,.T.);
#12107=ORIENTED_EDGE('',*,*,#14507,.T.);
#12108=ORIENTED_EDGE('',*,*,#14508,.T.);
#12109=ORIENTED_EDGE('',*,*,#14509,.T.);
#12110=ORIENTED_EDGE('',*,*,#14510,.T.);
#12111=ORIENTED_EDGE('',*,*,#14511,.T.);
#12112=ORIENTED_EDGE('',*,*,#14512,.T.);
#12113=ORIENTED_EDGE('',*,*,#14513,.T.);
#12114=ORIENTED_EDGE('',*,*,#14514,.T.);
#12115=ORIENTED_EDGE('',*,*,#14515,.T.);
#12116=ORIENTED_EDGE('',*,*,#14516,.T.);
#12117=ORIENTED_EDGE('',*,*,#14517,.T.);
#12118=ORIENTED_EDGE('',*,*,#14518,.T.);
#12119=ORIENTED_EDGE('',*,*,#14519,.T.);
#12120=ORIENTED_EDGE('',*,*,#14520,.T.);
#12121=ORIENTED_EDGE('',*,*,#14521,.T.);
#12122=ORIENTED_EDGE('',*,*,#14522,.T.);
#12123=ORIENTED_EDGE('',*,*,#14523,.T.);
#12124=ORIENTED_EDGE('',*,*,#14524,.T.);
#12125=ORIENTED_EDGE('',*,*,#14525,.T.);
#12126=ORIENTED_EDGE('',*,*,#14526,.T.);
#12127=ORIENTED_EDGE('',*,*,#14527,.T.);
#12128=ORIENTED_EDGE('',*,*,#14528,.T.);
#12129=ORIENTED_EDGE('',*,*,#14529,.T.);
#12130=ORIENTED_EDGE('',*,*,#14530,.T.);
#12131=ORIENTED_EDGE('',*,*,#14531,.T.);
#12132=ORIENTED_EDGE('',*,*,#14532,.T.);
#12133=ORIENTED_EDGE('',*,*,#14533,.T.);
#12134=ORIENTED_EDGE('',*,*,#14534,.T.);
#12135=ORIENTED_EDGE('',*,*,#14535,.T.);
#12136=ORIENTED_EDGE('',*,*,#14536,.T.);
#12137=ORIENTED_EDGE('',*,*,#14537,.T.);
#12138=ORIENTED_EDGE('',*,*,#14538,.T.);
#12139=ORIENTED_EDGE('',*,*,#14539,.T.);
#12140=ORIENTED_EDGE('',*,*,#14540,.T.);
#12141=ORIENTED_EDGE('',*,*,#14541,.T.);
#12142=ORIENTED_EDGE('',*,*,#14542,.T.);
#12143=ORIENTED_EDGE('',*,*,#14543,.T.);
#12144=ORIENTED_EDGE('',*,*,#14544,.T.);
#12145=ORIENTED_EDGE('',*,*,#14545,.T.);
#12146=ORIENTED_EDGE('',*,*,#14546,.T.);
#12147=ORIENTED_EDGE('',*,*,#14547,.T.);
#12148=ORIENTED_EDGE('',*,*,#14548,.T.);
#12149=ORIENTED_EDGE('',*,*,#14549,.T.);
#12150=ORIENTED_EDGE('',*,*,#14550,.T.);
#12151=ORIENTED_EDGE('',*,*,#14551,.T.);
#12152=ORIENTED_EDGE('',*,*,#14552,.T.);
#12153=ORIENTED_EDGE('',*,*,#14553,.T.);
#12154=ORIENTED_EDGE('',*,*,#14554,.T.);
#12155=ORIENTED_EDGE('',*,*,#14555,.T.);
#12156=ORIENTED_EDGE('',*,*,#14556,.T.);
#12157=ORIENTED_EDGE('',*,*,#14557,.T.);
#12158=ORIENTED_EDGE('',*,*,#14558,.T.);
#12159=ORIENTED_EDGE('',*,*,#14559,.T.);
#12160=ORIENTED_EDGE('',*,*,#14560,.T.);
#12161=ORIENTED_EDGE('',*,*,#14561,.T.);
#12162=ORIENTED_EDGE('',*,*,#14562,.T.);
#12163=ORIENTED_EDGE('',*,*,#14563,.T.);
#12164=ORIENTED_EDGE('',*,*,#14564,.T.);
#12165=ORIENTED_EDGE('',*,*,#14565,.T.);
#12166=ORIENTED_EDGE('',*,*,#14566,.T.);
#12167=ORIENTED_EDGE('',*,*,#14567,.T.);
#12168=ORIENTED_EDGE('',*,*,#14568,.T.);
#12169=ORIENTED_EDGE('',*,*,#14569,.T.);
#12170=ORIENTED_EDGE('',*,*,#14570,.T.);
#12171=ORIENTED_EDGE('',*,*,#14571,.T.);
#12172=ORIENTED_EDGE('',*,*,#14572,.T.);
#12173=ORIENTED_EDGE('',*,*,#14573,.T.);
#12174=ORIENTED_EDGE('',*,*,#14574,.T.);
#12175=ORIENTED_EDGE('',*,*,#14575,.T.);
#12176=ORIENTED_EDGE('',*,*,#14576,.T.);
#12177=ORIENTED_EDGE('',*,*,#14577,.T.);
#12178=ORIENTED_EDGE('',*,*,#14578,.T.);
#12179=ORIENTED_EDGE('',*,*,#14579,.T.);
#12180=ORIENTED_EDGE('',*,*,#14580,.T.);
#12181=ORIENTED_EDGE('',*,*,#14581,.T.);
#12182=ORIENTED_EDGE('',*,*,#14582,.T.);
#12183=ORIENTED_EDGE('',*,*,#14583,.T.);
#12184=ORIENTED_EDGE('',*,*,#14584,.T.);
#12185=ORIENTED_EDGE('',*,*,#14585,.T.);
#12186=ORIENTED_EDGE('',*,*,#14586,.T.);
#12187=ORIENTED_EDGE('',*,*,#14587,.T.);
#12188=ORIENTED_EDGE('',*,*,#14588,.T.);
#12189=ORIENTED_EDGE('',*,*,#14589,.T.);
#12190=ORIENTED_EDGE('',*,*,#14590,.T.);
#12191=ORIENTED_EDGE('',*,*,#14591,.T.);
#12192=ORIENTED_EDGE('',*,*,#14592,.T.);
#12193=ORIENTED_EDGE('',*,*,#14593,.T.);
#12194=ORIENTED_EDGE('',*,*,#14594,.T.);
#12195=ORIENTED_EDGE('',*,*,#14595,.T.);
#12196=ORIENTED_EDGE('',*,*,#14596,.T.);
#12197=ORIENTED_EDGE('',*,*,#14233,.F.);
#12198=ORIENTED_EDGE('',*,*,#14594,.F.);
#12199=ORIENTED_EDGE('',*,*,#14596,.F.);
#12200=ORIENTED_EDGE('',*,*,#14597,.T.);
#12201=ORIENTED_EDGE('',*,*,#14231,.F.);
#12202=ORIENTED_EDGE('',*,*,#14593,.F.);
#12203=ORIENTED_EDGE('',*,*,#14597,.F.);
#12204=ORIENTED_EDGE('',*,*,#14598,.T.);
#12205=ORIENTED_EDGE('',*,*,#14235,.F.);
#12206=ORIENTED_EDGE('',*,*,#14592,.F.);
#12207=ORIENTED_EDGE('',*,*,#14598,.F.);
#12208=ORIENTED_EDGE('',*,*,#14599,.T.);
#12209=ORIENTED_EDGE('',*,*,#14237,.F.);
#12210=ORIENTED_EDGE('',*,*,#14591,.F.);
#12211=ORIENTED_EDGE('',*,*,#14599,.F.);
#12212=ORIENTED_EDGE('',*,*,#14600,.T.);
#12213=ORIENTED_EDGE('',*,*,#14239,.F.);
#12214=ORIENTED_EDGE('',*,*,#14590,.F.);
#12215=ORIENTED_EDGE('',*,*,#14600,.F.);
#12216=ORIENTED_EDGE('',*,*,#14601,.T.);
#12217=ORIENTED_EDGE('',*,*,#14241,.F.);
#12218=ORIENTED_EDGE('',*,*,#14589,.F.);
#12219=ORIENTED_EDGE('',*,*,#14601,.F.);
#12220=ORIENTED_EDGE('',*,*,#14602,.T.);
#12221=ORIENTED_EDGE('',*,*,#14243,.F.);
#12222=ORIENTED_EDGE('',*,*,#14588,.F.);
#12223=ORIENTED_EDGE('',*,*,#14602,.F.);
#12224=ORIENTED_EDGE('',*,*,#14603,.T.);
#12225=ORIENTED_EDGE('',*,*,#14245,.F.);
#12226=ORIENTED_EDGE('',*,*,#14587,.F.);
#12227=ORIENTED_EDGE('',*,*,#14603,.F.);
#12228=ORIENTED_EDGE('',*,*,#14604,.T.);
#12229=ORIENTED_EDGE('',*,*,#14247,.F.);
#12230=ORIENTED_EDGE('',*,*,#14586,.F.);
#12231=ORIENTED_EDGE('',*,*,#14604,.F.);
#12232=ORIENTED_EDGE('',*,*,#14605,.T.);
#12233=ORIENTED_EDGE('',*,*,#14249,.F.);
#12234=ORIENTED_EDGE('',*,*,#14585,.F.);
#12235=ORIENTED_EDGE('',*,*,#14605,.F.);
#12236=ORIENTED_EDGE('',*,*,#14606,.T.);
#12237=ORIENTED_EDGE('',*,*,#14251,.F.);
#12238=ORIENTED_EDGE('',*,*,#14584,.F.);
#12239=ORIENTED_EDGE('',*,*,#14606,.F.);
#12240=ORIENTED_EDGE('',*,*,#14607,.T.);
#12241=ORIENTED_EDGE('',*,*,#14253,.F.);
#12242=ORIENTED_EDGE('',*,*,#14583,.F.);
#12243=ORIENTED_EDGE('',*,*,#14607,.F.);
#12244=ORIENTED_EDGE('',*,*,#14608,.T.);
#12245=ORIENTED_EDGE('',*,*,#14255,.F.);
#12246=ORIENTED_EDGE('',*,*,#14582,.F.);
#12247=ORIENTED_EDGE('',*,*,#14608,.F.);
#12248=ORIENTED_EDGE('',*,*,#14609,.T.);
#12249=ORIENTED_EDGE('',*,*,#14257,.F.);
#12250=ORIENTED_EDGE('',*,*,#14581,.F.);
#12251=ORIENTED_EDGE('',*,*,#14609,.F.);
#12252=ORIENTED_EDGE('',*,*,#14610,.T.);
#12253=ORIENTED_EDGE('',*,*,#14259,.F.);
#12254=ORIENTED_EDGE('',*,*,#14580,.F.);
#12255=ORIENTED_EDGE('',*,*,#14610,.F.);
#12256=ORIENTED_EDGE('',*,*,#14611,.T.);
#12257=ORIENTED_EDGE('',*,*,#14261,.F.);
#12258=ORIENTED_EDGE('',*,*,#14579,.F.);
#12259=ORIENTED_EDGE('',*,*,#14611,.F.);
#12260=ORIENTED_EDGE('',*,*,#14612,.T.);
#12261=ORIENTED_EDGE('',*,*,#14263,.F.);
#12262=ORIENTED_EDGE('',*,*,#14578,.F.);
#12263=ORIENTED_EDGE('',*,*,#14612,.F.);
#12264=ORIENTED_EDGE('',*,*,#14613,.T.);
#12265=ORIENTED_EDGE('',*,*,#14265,.F.);
#12266=ORIENTED_EDGE('',*,*,#14577,.F.);
#12267=ORIENTED_EDGE('',*,*,#14613,.F.);
#12268=ORIENTED_EDGE('',*,*,#14614,.T.);
#12269=ORIENTED_EDGE('',*,*,#14267,.F.);
#12270=ORIENTED_EDGE('',*,*,#14576,.F.);
#12271=ORIENTED_EDGE('',*,*,#14614,.F.);
#12272=ORIENTED_EDGE('',*,*,#14615,.T.);
#12273=ORIENTED_EDGE('',*,*,#14269,.F.);
#12274=ORIENTED_EDGE('',*,*,#14575,.F.);
#12275=ORIENTED_EDGE('',*,*,#14615,.F.);
#12276=ORIENTED_EDGE('',*,*,#14616,.T.);
#12277=ORIENTED_EDGE('',*,*,#14271,.F.);
#12278=ORIENTED_EDGE('',*,*,#14574,.F.);
#12279=ORIENTED_EDGE('',*,*,#14616,.F.);
#12280=ORIENTED_EDGE('',*,*,#14617,.T.);
#12281=ORIENTED_EDGE('',*,*,#14273,.F.);
#12282=ORIENTED_EDGE('',*,*,#14573,.F.);
#12283=ORIENTED_EDGE('',*,*,#14617,.F.);
#12284=ORIENTED_EDGE('',*,*,#14618,.T.);
#12285=ORIENTED_EDGE('',*,*,#14275,.F.);
#12286=ORIENTED_EDGE('',*,*,#14572,.F.);
#12287=ORIENTED_EDGE('',*,*,#14618,.F.);
#12288=ORIENTED_EDGE('',*,*,#14619,.T.);
#12289=ORIENTED_EDGE('',*,*,#14277,.F.);
#12290=ORIENTED_EDGE('',*,*,#14571,.F.);
#12291=ORIENTED_EDGE('',*,*,#14619,.F.);
#12292=ORIENTED_EDGE('',*,*,#14620,.T.);
#12293=ORIENTED_EDGE('',*,*,#14279,.F.);
#12294=ORIENTED_EDGE('',*,*,#14570,.F.);
#12295=ORIENTED_EDGE('',*,*,#14620,.F.);
#12296=ORIENTED_EDGE('',*,*,#14621,.T.);
#12297=ORIENTED_EDGE('',*,*,#14281,.F.);
#12298=ORIENTED_EDGE('',*,*,#14569,.F.);
#12299=ORIENTED_EDGE('',*,*,#14621,.F.);
#12300=ORIENTED_EDGE('',*,*,#14622,.T.);
#12301=ORIENTED_EDGE('',*,*,#14283,.F.);
#12302=ORIENTED_EDGE('',*,*,#14568,.F.);
#12303=ORIENTED_EDGE('',*,*,#14622,.F.);
#12304=ORIENTED_EDGE('',*,*,#14623,.T.);
#12305=ORIENTED_EDGE('',*,*,#14285,.F.);
#12306=ORIENTED_EDGE('',*,*,#14567,.F.);
#12307=ORIENTED_EDGE('',*,*,#14623,.F.);
#12308=ORIENTED_EDGE('',*,*,#14624,.T.);
#12309=ORIENTED_EDGE('',*,*,#14287,.F.);
#12310=ORIENTED_EDGE('',*,*,#14566,.F.);
#12311=ORIENTED_EDGE('',*,*,#14624,.F.);
#12312=ORIENTED_EDGE('',*,*,#14625,.T.);
#12313=ORIENTED_EDGE('',*,*,#14289,.F.);
#12314=ORIENTED_EDGE('',*,*,#14565,.F.);
#12315=ORIENTED_EDGE('',*,*,#14625,.F.);
#12316=ORIENTED_EDGE('',*,*,#14626,.T.);
#12317=ORIENTED_EDGE('',*,*,#14291,.F.);
#12318=ORIENTED_EDGE('',*,*,#14564,.F.);
#12319=ORIENTED_EDGE('',*,*,#14626,.F.);
#12320=ORIENTED_EDGE('',*,*,#14627,.T.);
#12321=ORIENTED_EDGE('',*,*,#14293,.F.);
#12322=ORIENTED_EDGE('',*,*,#14563,.F.);
#12323=ORIENTED_EDGE('',*,*,#14627,.F.);
#12324=ORIENTED_EDGE('',*,*,#14628,.F.);
#12325=ORIENTED_EDGE('',*,*,#14629,.F.);
#12326=ORIENTED_EDGE('',*,*,#14630,.F.);
#12327=ORIENTED_EDGE('',*,*,#14631,.F.);
#12328=ORIENTED_EDGE('',*,*,#14632,.F.);
#12329=ORIENTED_EDGE('',*,*,#14633,.F.);
#12330=ORIENTED_EDGE('',*,*,#14634,.F.);
#12331=ORIENTED_EDGE('',*,*,#14635,.F.);
#12332=ORIENTED_EDGE('',*,*,#14636,.F.);
#12333=ORIENTED_EDGE('',*,*,#14637,.F.);
#12334=ORIENTED_EDGE('',*,*,#14638,.F.);
#12335=ORIENTED_EDGE('',*,*,#14639,.F.);
#12336=ORIENTED_EDGE('',*,*,#14640,.F.);
#12337=ORIENTED_EDGE('',*,*,#14641,.F.);
#12338=ORIENTED_EDGE('',*,*,#14642,.F.);
#12339=ORIENTED_EDGE('',*,*,#14643,.F.);
#12340=ORIENTED_EDGE('',*,*,#14644,.F.);
#12341=ORIENTED_EDGE('',*,*,#14645,.F.);
#12342=ORIENTED_EDGE('',*,*,#14646,.F.);
#12343=ORIENTED_EDGE('',*,*,#14647,.F.);
#12344=ORIENTED_EDGE('',*,*,#14648,.F.);
#12345=ORIENTED_EDGE('',*,*,#14649,.F.);
#12346=ORIENTED_EDGE('',*,*,#14650,.F.);
#12347=ORIENTED_EDGE('',*,*,#14651,.F.);
#12348=ORIENTED_EDGE('',*,*,#14652,.F.);
#12349=ORIENTED_EDGE('',*,*,#14653,.F.);
#12350=ORIENTED_EDGE('',*,*,#14654,.F.);
#12351=ORIENTED_EDGE('',*,*,#14655,.F.);
#12352=ORIENTED_EDGE('',*,*,#14656,.F.);
#12353=ORIENTED_EDGE('',*,*,#14657,.F.);
#12354=ORIENTED_EDGE('',*,*,#14658,.F.);
#12355=ORIENTED_EDGE('',*,*,#14659,.F.);
#12356=ORIENTED_EDGE('',*,*,#14660,.F.);
#12357=ORIENTED_EDGE('',*,*,#14661,.F.);
#12358=ORIENTED_EDGE('',*,*,#14662,.F.);
#12359=ORIENTED_EDGE('',*,*,#14663,.F.);
#12360=ORIENTED_EDGE('',*,*,#14664,.F.);
#12361=ORIENTED_EDGE('',*,*,#14665,.F.);
#12362=ORIENTED_EDGE('',*,*,#14666,.F.);
#12363=ORIENTED_EDGE('',*,*,#14667,.F.);
#12364=ORIENTED_EDGE('',*,*,#14668,.F.);
#12365=ORIENTED_EDGE('',*,*,#14669,.F.);
#12366=ORIENTED_EDGE('',*,*,#14670,.F.);
#12367=ORIENTED_EDGE('',*,*,#14671,.F.);
#12368=ORIENTED_EDGE('',*,*,#14672,.F.);
#12369=ORIENTED_EDGE('',*,*,#14673,.F.);
#12370=ORIENTED_EDGE('',*,*,#14674,.F.);
#12371=ORIENTED_EDGE('',*,*,#14675,.F.);
#12372=ORIENTED_EDGE('',*,*,#14676,.F.);
#12373=ORIENTED_EDGE('',*,*,#14677,.F.);
#12374=ORIENTED_EDGE('',*,*,#14678,.F.);
#12375=ORIENTED_EDGE('',*,*,#14679,.F.);
#12376=ORIENTED_EDGE('',*,*,#14680,.F.);
#12377=ORIENTED_EDGE('',*,*,#14681,.F.);
#12378=ORIENTED_EDGE('',*,*,#14682,.F.);
#12379=ORIENTED_EDGE('',*,*,#14683,.F.);
#12380=ORIENTED_EDGE('',*,*,#14684,.F.);
#12381=ORIENTED_EDGE('',*,*,#14685,.F.);
#12382=ORIENTED_EDGE('',*,*,#14686,.F.);
#12383=ORIENTED_EDGE('',*,*,#14687,.F.);
#12384=ORIENTED_EDGE('',*,*,#14688,.F.);
#12385=ORIENTED_EDGE('',*,*,#14689,.F.);
#12386=ORIENTED_EDGE('',*,*,#14690,.F.);
#12387=ORIENTED_EDGE('',*,*,#14691,.F.);
#12388=ORIENTED_EDGE('',*,*,#14692,.F.);
#12389=ORIENTED_EDGE('',*,*,#14693,.F.);
#12390=ORIENTED_EDGE('',*,*,#14694,.F.);
#12391=ORIENTED_EDGE('',*,*,#14695,.F.);
#12392=ORIENTED_EDGE('',*,*,#14696,.F.);
#12393=ORIENTED_EDGE('',*,*,#14697,.F.);
#12394=ORIENTED_EDGE('',*,*,#14698,.F.);
#12395=ORIENTED_EDGE('',*,*,#14699,.F.);
#12396=ORIENTED_EDGE('',*,*,#14700,.F.);
#12397=ORIENTED_EDGE('',*,*,#14701,.F.);
#12398=ORIENTED_EDGE('',*,*,#14702,.F.);
#12399=ORIENTED_EDGE('',*,*,#14703,.F.);
#12400=ORIENTED_EDGE('',*,*,#14704,.F.);
#12401=ORIENTED_EDGE('',*,*,#14705,.F.);
#12402=ORIENTED_EDGE('',*,*,#14706,.F.);
#12403=ORIENTED_EDGE('',*,*,#14707,.F.);
#12404=ORIENTED_EDGE('',*,*,#14708,.F.);
#12405=ORIENTED_EDGE('',*,*,#14709,.F.);
#12406=ORIENTED_EDGE('',*,*,#14710,.F.);
#12407=ORIENTED_EDGE('',*,*,#14711,.F.);
#12408=ORIENTED_EDGE('',*,*,#14712,.F.);
#12409=ORIENTED_EDGE('',*,*,#14713,.F.);
#12410=ORIENTED_EDGE('',*,*,#14714,.F.);
#12411=ORIENTED_EDGE('',*,*,#14715,.F.);
#12412=ORIENTED_EDGE('',*,*,#14716,.F.);
#12413=ORIENTED_EDGE('',*,*,#14717,.F.);
#12414=ORIENTED_EDGE('',*,*,#14718,.F.);
#12415=ORIENTED_EDGE('',*,*,#14719,.F.);
#12416=ORIENTED_EDGE('',*,*,#14720,.F.);
#12417=ORIENTED_EDGE('',*,*,#14721,.F.);
#12418=ORIENTED_EDGE('',*,*,#14722,.F.);
#12419=ORIENTED_EDGE('',*,*,#14723,.F.);
#12420=ORIENTED_EDGE('',*,*,#14724,.F.);
#12421=ORIENTED_EDGE('',*,*,#14725,.F.);
#12422=ORIENTED_EDGE('',*,*,#14726,.F.);
#12423=ORIENTED_EDGE('',*,*,#14727,.F.);
#12424=ORIENTED_EDGE('',*,*,#14728,.F.);
#12425=ORIENTED_EDGE('',*,*,#14729,.F.);
#12426=ORIENTED_EDGE('',*,*,#14730,.F.);
#12427=ORIENTED_EDGE('',*,*,#14731,.F.);
#12428=ORIENTED_EDGE('',*,*,#14732,.F.);
#12429=ORIENTED_EDGE('',*,*,#14733,.F.);
#12430=ORIENTED_EDGE('',*,*,#14734,.F.);
#12431=ORIENTED_EDGE('',*,*,#14735,.F.);
#12432=ORIENTED_EDGE('',*,*,#14736,.F.);
#12433=ORIENTED_EDGE('',*,*,#14737,.F.);
#12434=ORIENTED_EDGE('',*,*,#14738,.F.);
#12435=ORIENTED_EDGE('',*,*,#14739,.F.);
#12436=ORIENTED_EDGE('',*,*,#14740,.F.);
#12437=ORIENTED_EDGE('',*,*,#14741,.F.);
#12438=ORIENTED_EDGE('',*,*,#14742,.F.);
#12439=ORIENTED_EDGE('',*,*,#14743,.F.);
#12440=ORIENTED_EDGE('',*,*,#14744,.F.);
#12441=ORIENTED_EDGE('',*,*,#14745,.F.);
#12442=ORIENTED_EDGE('',*,*,#14746,.F.);
#12443=ORIENTED_EDGE('',*,*,#14747,.F.);
#12444=ORIENTED_EDGE('',*,*,#14748,.F.);
#12445=ORIENTED_EDGE('',*,*,#14749,.F.);
#12446=ORIENTED_EDGE('',*,*,#14750,.F.);
#12447=ORIENTED_EDGE('',*,*,#14751,.F.);
#12448=ORIENTED_EDGE('',*,*,#14752,.F.);
#12449=ORIENTED_EDGE('',*,*,#14753,.F.);
#12450=ORIENTED_EDGE('',*,*,#14754,.F.);
#12451=ORIENTED_EDGE('',*,*,#14755,.F.);
#12452=ORIENTED_EDGE('',*,*,#14756,.F.);
#12453=ORIENTED_EDGE('',*,*,#14757,.F.);
#12454=ORIENTED_EDGE('',*,*,#14758,.F.);
#12455=ORIENTED_EDGE('',*,*,#14759,.F.);
#12456=ORIENTED_EDGE('',*,*,#14760,.F.);
#12457=ORIENTED_EDGE('',*,*,#14761,.F.);
#12458=ORIENTED_EDGE('',*,*,#14762,.F.);
#12459=ORIENTED_EDGE('',*,*,#14763,.F.);
#12460=ORIENTED_EDGE('',*,*,#14764,.F.);
#12461=ORIENTED_EDGE('',*,*,#14765,.F.);
#12462=ORIENTED_EDGE('',*,*,#14766,.F.);
#12463=ORIENTED_EDGE('',*,*,#14767,.F.);
#12464=ORIENTED_EDGE('',*,*,#14768,.F.);
#12465=ORIENTED_EDGE('',*,*,#14769,.F.);
#12466=ORIENTED_EDGE('',*,*,#14770,.F.);
#12467=ORIENTED_EDGE('',*,*,#14771,.F.);
#12468=ORIENTED_EDGE('',*,*,#14772,.F.);
#12469=ORIENTED_EDGE('',*,*,#14773,.F.);
#12470=ORIENTED_EDGE('',*,*,#14774,.F.);
#12471=ORIENTED_EDGE('',*,*,#14775,.F.);
#12472=ORIENTED_EDGE('',*,*,#14776,.F.);
#12473=ORIENTED_EDGE('',*,*,#14777,.F.);
#12474=ORIENTED_EDGE('',*,*,#14778,.F.);
#12475=ORIENTED_EDGE('',*,*,#14779,.F.);
#12476=ORIENTED_EDGE('',*,*,#14780,.F.);
#12477=ORIENTED_EDGE('',*,*,#14781,.F.);
#12478=ORIENTED_EDGE('',*,*,#14782,.F.);
#12479=ORIENTED_EDGE('',*,*,#14783,.F.);
#12480=ORIENTED_EDGE('',*,*,#14784,.F.);
#12481=ORIENTED_EDGE('',*,*,#14785,.F.);
#12482=ORIENTED_EDGE('',*,*,#14786,.F.);
#12483=ORIENTED_EDGE('',*,*,#14787,.F.);
#12484=ORIENTED_EDGE('',*,*,#14788,.F.);
#12485=ORIENTED_EDGE('',*,*,#14789,.F.);
#12486=ORIENTED_EDGE('',*,*,#14790,.F.);
#12487=ORIENTED_EDGE('',*,*,#14791,.F.);
#12488=ORIENTED_EDGE('',*,*,#14792,.F.);
#12489=ORIENTED_EDGE('',*,*,#14793,.F.);
#12490=ORIENTED_EDGE('',*,*,#14794,.F.);
#12491=ORIENTED_EDGE('',*,*,#14795,.F.);
#12492=ORIENTED_EDGE('',*,*,#14796,.F.);
#12493=ORIENTED_EDGE('',*,*,#14797,.F.);
#12494=ORIENTED_EDGE('',*,*,#14798,.F.);
#12495=ORIENTED_EDGE('',*,*,#14799,.F.);
#12496=ORIENTED_EDGE('',*,*,#14800,.F.);
#12497=ORIENTED_EDGE('',*,*,#14801,.F.);
#12498=ORIENTED_EDGE('',*,*,#14802,.F.);
#12499=ORIENTED_EDGE('',*,*,#14803,.F.);
#12500=ORIENTED_EDGE('',*,*,#14804,.F.);
#12501=ORIENTED_EDGE('',*,*,#14805,.F.);
#12502=ORIENTED_EDGE('',*,*,#14806,.F.);
#12503=ORIENTED_EDGE('',*,*,#14807,.F.);
#12504=ORIENTED_EDGE('',*,*,#14808,.F.);
#12505=ORIENTED_EDGE('',*,*,#14809,.F.);
#12506=ORIENTED_EDGE('',*,*,#14810,.F.);
#12507=ORIENTED_EDGE('',*,*,#14811,.F.);
#12508=ORIENTED_EDGE('',*,*,#14812,.F.);
#12509=ORIENTED_EDGE('',*,*,#14813,.F.);
#12510=ORIENTED_EDGE('',*,*,#14814,.F.);
#12511=ORIENTED_EDGE('',*,*,#14815,.F.);
#12512=ORIENTED_EDGE('',*,*,#14816,.F.);
#12513=ORIENTED_EDGE('',*,*,#14817,.F.);
#12514=ORIENTED_EDGE('',*,*,#14818,.F.);
#12515=ORIENTED_EDGE('',*,*,#14819,.F.);
#12516=ORIENTED_EDGE('',*,*,#14820,.F.);
#12517=ORIENTED_EDGE('',*,*,#14821,.F.);
#12518=ORIENTED_EDGE('',*,*,#14822,.F.);
#12519=ORIENTED_EDGE('',*,*,#14823,.F.);
#12520=ORIENTED_EDGE('',*,*,#14824,.F.);
#12521=ORIENTED_EDGE('',*,*,#14825,.F.);
#12522=ORIENTED_EDGE('',*,*,#14826,.F.);
#12523=ORIENTED_EDGE('',*,*,#14827,.F.);
#12524=ORIENTED_EDGE('',*,*,#14828,.F.);
#12525=ORIENTED_EDGE('',*,*,#14829,.F.);
#12526=ORIENTED_EDGE('',*,*,#14830,.F.);
#12527=ORIENTED_EDGE('',*,*,#14831,.F.);
#12528=ORIENTED_EDGE('',*,*,#14832,.F.);
#12529=ORIENTED_EDGE('',*,*,#14833,.F.);
#12530=ORIENTED_EDGE('',*,*,#14834,.F.);
#12531=ORIENTED_EDGE('',*,*,#14835,.F.);
#12532=ORIENTED_EDGE('',*,*,#14836,.F.);
#12533=ORIENTED_EDGE('',*,*,#14837,.F.);
#12534=ORIENTED_EDGE('',*,*,#14838,.F.);
#12535=ORIENTED_EDGE('',*,*,#14839,.F.);
#12536=ORIENTED_EDGE('',*,*,#14840,.F.);
#12537=ORIENTED_EDGE('',*,*,#14841,.F.);
#12538=ORIENTED_EDGE('',*,*,#14842,.F.);
#12539=ORIENTED_EDGE('',*,*,#14843,.F.);
#12540=ORIENTED_EDGE('',*,*,#14844,.F.);
#12541=ORIENTED_EDGE('',*,*,#14845,.F.);
#12542=ORIENTED_EDGE('',*,*,#14846,.F.);
#12543=ORIENTED_EDGE('',*,*,#14847,.F.);
#12544=ORIENTED_EDGE('',*,*,#14848,.F.);
#12545=ORIENTED_EDGE('',*,*,#14849,.F.);
#12546=ORIENTED_EDGE('',*,*,#14850,.F.);
#12547=ORIENTED_EDGE('',*,*,#14851,.F.);
#12548=ORIENTED_EDGE('',*,*,#14852,.F.);
#12549=ORIENTED_EDGE('',*,*,#14853,.F.);
#12550=ORIENTED_EDGE('',*,*,#14854,.F.);
#12551=ORIENTED_EDGE('',*,*,#14855,.F.);
#12552=ORIENTED_EDGE('',*,*,#14856,.F.);
#12553=ORIENTED_EDGE('',*,*,#14857,.F.);
#12554=ORIENTED_EDGE('',*,*,#14858,.F.);
#12555=ORIENTED_EDGE('',*,*,#14859,.F.);
#12556=ORIENTED_EDGE('',*,*,#14860,.F.);
#12557=ORIENTED_EDGE('',*,*,#14861,.F.);
#12558=ORIENTED_EDGE('',*,*,#14862,.F.);
#12559=ORIENTED_EDGE('',*,*,#14863,.F.);
#12560=ORIENTED_EDGE('',*,*,#14864,.F.);
#12561=ORIENTED_EDGE('',*,*,#14865,.F.);
#12562=ORIENTED_EDGE('',*,*,#14866,.F.);
#12563=ORIENTED_EDGE('',*,*,#14867,.F.);
#12564=ORIENTED_EDGE('',*,*,#14868,.F.);
#12565=ORIENTED_EDGE('',*,*,#14869,.F.);
#12566=ORIENTED_EDGE('',*,*,#14870,.F.);
#12567=ORIENTED_EDGE('',*,*,#14871,.F.);
#12568=ORIENTED_EDGE('',*,*,#14872,.F.);
#12569=ORIENTED_EDGE('',*,*,#14873,.F.);
#12570=ORIENTED_EDGE('',*,*,#14874,.F.);
#12571=ORIENTED_EDGE('',*,*,#14875,.F.);
#12572=ORIENTED_EDGE('',*,*,#14876,.F.);
#12573=ORIENTED_EDGE('',*,*,#14877,.F.);
#12574=ORIENTED_EDGE('',*,*,#14878,.F.);
#12575=ORIENTED_EDGE('',*,*,#14879,.F.);
#12576=ORIENTED_EDGE('',*,*,#14880,.F.);
#12577=ORIENTED_EDGE('',*,*,#14881,.F.);
#12578=ORIENTED_EDGE('',*,*,#14882,.F.);
#12579=ORIENTED_EDGE('',*,*,#14883,.F.);
#12580=ORIENTED_EDGE('',*,*,#14884,.F.);
#12581=ORIENTED_EDGE('',*,*,#14885,.F.);
#12582=ORIENTED_EDGE('',*,*,#14886,.F.);
#12583=ORIENTED_EDGE('',*,*,#14887,.F.);
#12584=ORIENTED_EDGE('',*,*,#14888,.F.);
#12585=ORIENTED_EDGE('',*,*,#14889,.F.);
#12586=ORIENTED_EDGE('',*,*,#14890,.F.);
#12587=ORIENTED_EDGE('',*,*,#14891,.F.);
#12588=ORIENTED_EDGE('',*,*,#14892,.F.);
#12589=ORIENTED_EDGE('',*,*,#14893,.F.);
#12590=ORIENTED_EDGE('',*,*,#14894,.F.);
#12591=ORIENTED_EDGE('',*,*,#14895,.F.);
#12592=ORIENTED_EDGE('',*,*,#14896,.T.);
#12593=ORIENTED_EDGE('',*,*,#14294,.T.);
#12594=ORIENTED_EDGE('',*,*,#14292,.T.);
#12595=ORIENTED_EDGE('',*,*,#14290,.T.);
#12596=ORIENTED_EDGE('',*,*,#14288,.T.);
#12597=ORIENTED_EDGE('',*,*,#14286,.T.);
#12598=ORIENTED_EDGE('',*,*,#14284,.T.);
#12599=ORIENTED_EDGE('',*,*,#14282,.T.);
#12600=ORIENTED_EDGE('',*,*,#14280,.T.);
#12601=ORIENTED_EDGE('',*,*,#14278,.T.);
#12602=ORIENTED_EDGE('',*,*,#14276,.T.);
#12603=ORIENTED_EDGE('',*,*,#14274,.T.);
#12604=ORIENTED_EDGE('',*,*,#14272,.T.);
#12605=ORIENTED_EDGE('',*,*,#14270,.T.);
#12606=ORIENTED_EDGE('',*,*,#14268,.T.);
#12607=ORIENTED_EDGE('',*,*,#14266,.T.);
#12608=ORIENTED_EDGE('',*,*,#14264,.T.);
#12609=ORIENTED_EDGE('',*,*,#14262,.T.);
#12610=ORIENTED_EDGE('',*,*,#14260,.T.);
#12611=ORIENTED_EDGE('',*,*,#14258,.T.);
#12612=ORIENTED_EDGE('',*,*,#14256,.T.);
#12613=ORIENTED_EDGE('',*,*,#14254,.T.);
#12614=ORIENTED_EDGE('',*,*,#14252,.T.);
#12615=ORIENTED_EDGE('',*,*,#14250,.T.);
#12616=ORIENTED_EDGE('',*,*,#14248,.T.);
#12617=ORIENTED_EDGE('',*,*,#14246,.T.);
#12618=ORIENTED_EDGE('',*,*,#14244,.T.);
#12619=ORIENTED_EDGE('',*,*,#14242,.T.);
#12620=ORIENTED_EDGE('',*,*,#14240,.T.);
#12621=ORIENTED_EDGE('',*,*,#14238,.T.);
#12622=ORIENTED_EDGE('',*,*,#14236,.T.);
#12623=ORIENTED_EDGE('',*,*,#14234,.T.);
#12624=ORIENTED_EDGE('',*,*,#14232,.T.);
#12625=ORIENTED_EDGE('',*,*,#14895,.T.);
#12626=ORIENTED_EDGE('',*,*,#14897,.T.);
#12627=ORIENTED_EDGE('',*,*,#14295,.F.);
#12628=ORIENTED_EDGE('',*,*,#14898,.F.);
#12629=ORIENTED_EDGE('',*,*,#14894,.T.);
#12630=ORIENTED_EDGE('',*,*,#14899,.T.);
#12631=ORIENTED_EDGE('',*,*,#14296,.F.);
#12632=ORIENTED_EDGE('',*,*,#14897,.F.);
#12633=ORIENTED_EDGE('',*,*,#14893,.T.);
#12634=ORIENTED_EDGE('',*,*,#14900,.T.);
#12635=ORIENTED_EDGE('',*,*,#14297,.F.);
#12636=ORIENTED_EDGE('',*,*,#14899,.F.);
#12637=ORIENTED_EDGE('',*,*,#14892,.T.);
#12638=ORIENTED_EDGE('',*,*,#14901,.T.);
#12639=ORIENTED_EDGE('',*,*,#14298,.F.);
#12640=ORIENTED_EDGE('',*,*,#14900,.F.);
#12641=ORIENTED_EDGE('',*,*,#14891,.T.);
#12642=ORIENTED_EDGE('',*,*,#14902,.T.);
#12643=ORIENTED_EDGE('',*,*,#14299,.F.);
#12644=ORIENTED_EDGE('',*,*,#14901,.F.);
#12645=ORIENTED_EDGE('',*,*,#14890,.T.);
#12646=ORIENTED_EDGE('',*,*,#14903,.T.);
#12647=ORIENTED_EDGE('',*,*,#14300,.F.);
#12648=ORIENTED_EDGE('',*,*,#14902,.F.);
#12649=ORIENTED_EDGE('',*,*,#14889,.T.);
#12650=ORIENTED_EDGE('',*,*,#14904,.T.);
#12651=ORIENTED_EDGE('',*,*,#14301,.F.);
#12652=ORIENTED_EDGE('',*,*,#14903,.F.);
#12653=ORIENTED_EDGE('',*,*,#14888,.T.);
#12654=ORIENTED_EDGE('',*,*,#14905,.T.);
#12655=ORIENTED_EDGE('',*,*,#14302,.F.);
#12656=ORIENTED_EDGE('',*,*,#14904,.F.);
#12657=ORIENTED_EDGE('',*,*,#14887,.T.);
#12658=ORIENTED_EDGE('',*,*,#14906,.T.);
#12659=ORIENTED_EDGE('',*,*,#14303,.F.);
#12660=ORIENTED_EDGE('',*,*,#14905,.F.);
#12661=ORIENTED_EDGE('',*,*,#14886,.T.);
#12662=ORIENTED_EDGE('',*,*,#14907,.T.);
#12663=ORIENTED_EDGE('',*,*,#14304,.F.);
#12664=ORIENTED_EDGE('',*,*,#14906,.F.);
#12665=ORIENTED_EDGE('',*,*,#14885,.T.);
#12666=ORIENTED_EDGE('',*,*,#14908,.T.);
#12667=ORIENTED_EDGE('',*,*,#14305,.F.);
#12668=ORIENTED_EDGE('',*,*,#14907,.F.);
#12669=ORIENTED_EDGE('',*,*,#14884,.T.);
#12670=ORIENTED_EDGE('',*,*,#14909,.T.);
#12671=ORIENTED_EDGE('',*,*,#14306,.F.);
#12672=ORIENTED_EDGE('',*,*,#14908,.F.);
#12673=ORIENTED_EDGE('',*,*,#14883,.T.);
#12674=ORIENTED_EDGE('',*,*,#14910,.T.);
#12675=ORIENTED_EDGE('',*,*,#14307,.F.);
#12676=ORIENTED_EDGE('',*,*,#14909,.F.);
#12677=ORIENTED_EDGE('',*,*,#14882,.T.);
#12678=ORIENTED_EDGE('',*,*,#14911,.T.);
#12679=ORIENTED_EDGE('',*,*,#14308,.F.);
#12680=ORIENTED_EDGE('',*,*,#14910,.F.);
#12681=ORIENTED_EDGE('',*,*,#14881,.T.);
#12682=ORIENTED_EDGE('',*,*,#14912,.T.);
#12683=ORIENTED_EDGE('',*,*,#14309,.F.);
#12684=ORIENTED_EDGE('',*,*,#14911,.F.);
#12685=ORIENTED_EDGE('',*,*,#14880,.T.);
#12686=ORIENTED_EDGE('',*,*,#14913,.T.);
#12687=ORIENTED_EDGE('',*,*,#14310,.F.);
#12688=ORIENTED_EDGE('',*,*,#14912,.F.);
#12689=ORIENTED_EDGE('',*,*,#14879,.T.);
#12690=ORIENTED_EDGE('',*,*,#14914,.T.);
#12691=ORIENTED_EDGE('',*,*,#14311,.F.);
#12692=ORIENTED_EDGE('',*,*,#14913,.F.);
#12693=ORIENTED_EDGE('',*,*,#14878,.T.);
#12694=ORIENTED_EDGE('',*,*,#14915,.T.);
#12695=ORIENTED_EDGE('',*,*,#14312,.F.);
#12696=ORIENTED_EDGE('',*,*,#14914,.F.);
#12697=ORIENTED_EDGE('',*,*,#14877,.T.);
#12698=ORIENTED_EDGE('',*,*,#14916,.T.);
#12699=ORIENTED_EDGE('',*,*,#14313,.F.);
#12700=ORIENTED_EDGE('',*,*,#14915,.F.);
#12701=ORIENTED_EDGE('',*,*,#14876,.T.);
#12702=ORIENTED_EDGE('',*,*,#14917,.T.);
#12703=ORIENTED_EDGE('',*,*,#14314,.F.);
#12704=ORIENTED_EDGE('',*,*,#14916,.F.);
#12705=ORIENTED_EDGE('',*,*,#14875,.T.);
#12706=ORIENTED_EDGE('',*,*,#14918,.T.);
#12707=ORIENTED_EDGE('',*,*,#14315,.F.);
#12708=ORIENTED_EDGE('',*,*,#14917,.F.);
#12709=ORIENTED_EDGE('',*,*,#14874,.T.);
#12710=ORIENTED_EDGE('',*,*,#14919,.T.);
#12711=ORIENTED_EDGE('',*,*,#14316,.F.);
#12712=ORIENTED_EDGE('',*,*,#14918,.F.);
#12713=ORIENTED_EDGE('',*,*,#14873,.T.);
#12714=ORIENTED_EDGE('',*,*,#14920,.T.);
#12715=ORIENTED_EDGE('',*,*,#14317,.F.);
#12716=ORIENTED_EDGE('',*,*,#14919,.F.);
#12717=ORIENTED_EDGE('',*,*,#14872,.T.);
#12718=ORIENTED_EDGE('',*,*,#14921,.T.);
#12719=ORIENTED_EDGE('',*,*,#14318,.F.);
#12720=ORIENTED_EDGE('',*,*,#14920,.F.);
#12721=ORIENTED_EDGE('',*,*,#14871,.T.);
#12722=ORIENTED_EDGE('',*,*,#14922,.T.);
#12723=ORIENTED_EDGE('',*,*,#14319,.F.);
#12724=ORIENTED_EDGE('',*,*,#14921,.F.);
#12725=ORIENTED_EDGE('',*,*,#14870,.T.);
#12726=ORIENTED_EDGE('',*,*,#14923,.T.);
#12727=ORIENTED_EDGE('',*,*,#14320,.F.);
#12728=ORIENTED_EDGE('',*,*,#14922,.F.);
#12729=ORIENTED_EDGE('',*,*,#14869,.T.);
#12730=ORIENTED_EDGE('',*,*,#14924,.T.);
#12731=ORIENTED_EDGE('',*,*,#14321,.F.);
#12732=ORIENTED_EDGE('',*,*,#14923,.F.);
#12733=ORIENTED_EDGE('',*,*,#14868,.T.);
#12734=ORIENTED_EDGE('',*,*,#14925,.T.);
#12735=ORIENTED_EDGE('',*,*,#14322,.F.);
#12736=ORIENTED_EDGE('',*,*,#14924,.F.);
#12737=ORIENTED_EDGE('',*,*,#14867,.T.);
#12738=ORIENTED_EDGE('',*,*,#14926,.T.);
#12739=ORIENTED_EDGE('',*,*,#14323,.F.);
#12740=ORIENTED_EDGE('',*,*,#14925,.F.);
#12741=ORIENTED_EDGE('',*,*,#14866,.T.);
#12742=ORIENTED_EDGE('',*,*,#14927,.T.);
#12743=ORIENTED_EDGE('',*,*,#14324,.F.);
#12744=ORIENTED_EDGE('',*,*,#14926,.F.);
#12745=ORIENTED_EDGE('',*,*,#14865,.T.);
#12746=ORIENTED_EDGE('',*,*,#14928,.T.);
#12747=ORIENTED_EDGE('',*,*,#14325,.F.);
#12748=ORIENTED_EDGE('',*,*,#14927,.F.);
#12749=ORIENTED_EDGE('',*,*,#14864,.T.);
#12750=ORIENTED_EDGE('',*,*,#14929,.T.);
#12751=ORIENTED_EDGE('',*,*,#14326,.F.);
#12752=ORIENTED_EDGE('',*,*,#14928,.F.);
#12753=ORIENTED_EDGE('',*,*,#14863,.T.);
#12754=ORIENTED_EDGE('',*,*,#14930,.T.);
#12755=ORIENTED_EDGE('',*,*,#14327,.F.);
#12756=ORIENTED_EDGE('',*,*,#14929,.F.);
#12757=ORIENTED_EDGE('',*,*,#14862,.T.);
#12758=ORIENTED_EDGE('',*,*,#14931,.T.);
#12759=ORIENTED_EDGE('',*,*,#14328,.F.);
#12760=ORIENTED_EDGE('',*,*,#14930,.F.);
#12761=ORIENTED_EDGE('',*,*,#14861,.T.);
#12762=ORIENTED_EDGE('',*,*,#14932,.T.);
#12763=ORIENTED_EDGE('',*,*,#14329,.F.);
#12764=ORIENTED_EDGE('',*,*,#14931,.F.);
#12765=ORIENTED_EDGE('',*,*,#14860,.T.);
#12766=ORIENTED_EDGE('',*,*,#14933,.T.);
#12767=ORIENTED_EDGE('',*,*,#14330,.F.);
#12768=ORIENTED_EDGE('',*,*,#14932,.F.);
#12769=ORIENTED_EDGE('',*,*,#14859,.T.);
#12770=ORIENTED_EDGE('',*,*,#14934,.T.);
#12771=ORIENTED_EDGE('',*,*,#14331,.F.);
#12772=ORIENTED_EDGE('',*,*,#14933,.F.);
#12773=ORIENTED_EDGE('',*,*,#14858,.T.);
#12774=ORIENTED_EDGE('',*,*,#14935,.T.);
#12775=ORIENTED_EDGE('',*,*,#14332,.F.);
#12776=ORIENTED_EDGE('',*,*,#14934,.F.);
#12777=ORIENTED_EDGE('',*,*,#14857,.T.);
#12778=ORIENTED_EDGE('',*,*,#14936,.T.);
#12779=ORIENTED_EDGE('',*,*,#14333,.F.);
#12780=ORIENTED_EDGE('',*,*,#14935,.F.);
#12781=ORIENTED_EDGE('',*,*,#14856,.T.);
#12782=ORIENTED_EDGE('',*,*,#14937,.T.);
#12783=ORIENTED_EDGE('',*,*,#14334,.F.);
#12784=ORIENTED_EDGE('',*,*,#14936,.F.);
#12785=ORIENTED_EDGE('',*,*,#14855,.T.);
#12786=ORIENTED_EDGE('',*,*,#14938,.T.);
#12787=ORIENTED_EDGE('',*,*,#14335,.F.);
#12788=ORIENTED_EDGE('',*,*,#14937,.F.);
#12789=ORIENTED_EDGE('',*,*,#14854,.T.);
#12790=ORIENTED_EDGE('',*,*,#14939,.T.);
#12791=ORIENTED_EDGE('',*,*,#14336,.F.);
#12792=ORIENTED_EDGE('',*,*,#14938,.F.);
#12793=ORIENTED_EDGE('',*,*,#14853,.T.);
#12794=ORIENTED_EDGE('',*,*,#14940,.T.);
#12795=ORIENTED_EDGE('',*,*,#14337,.F.);
#12796=ORIENTED_EDGE('',*,*,#14939,.F.);
#12797=ORIENTED_EDGE('',*,*,#14852,.T.);
#12798=ORIENTED_EDGE('',*,*,#14941,.T.);
#12799=ORIENTED_EDGE('',*,*,#14338,.F.);
#12800=ORIENTED_EDGE('',*,*,#14940,.F.);
#12801=ORIENTED_EDGE('',*,*,#14851,.T.);
#12802=ORIENTED_EDGE('',*,*,#14942,.T.);
#12803=ORIENTED_EDGE('',*,*,#14339,.F.);
#12804=ORIENTED_EDGE('',*,*,#14941,.F.);
#12805=ORIENTED_EDGE('',*,*,#14850,.T.);
#12806=ORIENTED_EDGE('',*,*,#14943,.T.);
#12807=ORIENTED_EDGE('',*,*,#14340,.F.);
#12808=ORIENTED_EDGE('',*,*,#14942,.F.);
#12809=ORIENTED_EDGE('',*,*,#14849,.T.);
#12810=ORIENTED_EDGE('',*,*,#14944,.T.);
#12811=ORIENTED_EDGE('',*,*,#14341,.F.);
#12812=ORIENTED_EDGE('',*,*,#14943,.F.);
#12813=ORIENTED_EDGE('',*,*,#14848,.T.);
#12814=ORIENTED_EDGE('',*,*,#14945,.T.);
#12815=ORIENTED_EDGE('',*,*,#14342,.F.);
#12816=ORIENTED_EDGE('',*,*,#14944,.F.);
#12817=ORIENTED_EDGE('',*,*,#14847,.T.);
#12818=ORIENTED_EDGE('',*,*,#14946,.T.);
#12819=ORIENTED_EDGE('',*,*,#14343,.F.);
#12820=ORIENTED_EDGE('',*,*,#14945,.F.);
#12821=ORIENTED_EDGE('',*,*,#14846,.T.);
#12822=ORIENTED_EDGE('',*,*,#14947,.T.);
#12823=ORIENTED_EDGE('',*,*,#14344,.F.);
#12824=ORIENTED_EDGE('',*,*,#14946,.F.);
#12825=ORIENTED_EDGE('',*,*,#14845,.T.);
#12826=ORIENTED_EDGE('',*,*,#14948,.T.);
#12827=ORIENTED_EDGE('',*,*,#14345,.F.);
#12828=ORIENTED_EDGE('',*,*,#14947,.F.);
#12829=ORIENTED_EDGE('',*,*,#14844,.T.);
#12830=ORIENTED_EDGE('',*,*,#14949,.T.);
#12831=ORIENTED_EDGE('',*,*,#14346,.F.);
#12832=ORIENTED_EDGE('',*,*,#14948,.F.);
#12833=ORIENTED_EDGE('',*,*,#14843,.T.);
#12834=ORIENTED_EDGE('',*,*,#14950,.T.);
#12835=ORIENTED_EDGE('',*,*,#14347,.F.);
#12836=ORIENTED_EDGE('',*,*,#14949,.F.);
#12837=ORIENTED_EDGE('',*,*,#14842,.T.);
#12838=ORIENTED_EDGE('',*,*,#14951,.T.);
#12839=ORIENTED_EDGE('',*,*,#14348,.F.);
#12840=ORIENTED_EDGE('',*,*,#14950,.F.);
#12841=ORIENTED_EDGE('',*,*,#14841,.T.);
#12842=ORIENTED_EDGE('',*,*,#14952,.T.);
#12843=ORIENTED_EDGE('',*,*,#14349,.F.);
#12844=ORIENTED_EDGE('',*,*,#14951,.F.);
#12845=ORIENTED_EDGE('',*,*,#14840,.T.);
#12846=ORIENTED_EDGE('',*,*,#14953,.T.);
#12847=ORIENTED_EDGE('',*,*,#14350,.F.);
#12848=ORIENTED_EDGE('',*,*,#14952,.F.);
#12849=ORIENTED_EDGE('',*,*,#14839,.T.);
#12850=ORIENTED_EDGE('',*,*,#14954,.T.);
#12851=ORIENTED_EDGE('',*,*,#14351,.F.);
#12852=ORIENTED_EDGE('',*,*,#14953,.F.);
#12853=ORIENTED_EDGE('',*,*,#14838,.T.);
#12854=ORIENTED_EDGE('',*,*,#14955,.T.);
#12855=ORIENTED_EDGE('',*,*,#14352,.F.);
#12856=ORIENTED_EDGE('',*,*,#14954,.F.);
#12857=ORIENTED_EDGE('',*,*,#14837,.T.);
#12858=ORIENTED_EDGE('',*,*,#14956,.T.);
#12859=ORIENTED_EDGE('',*,*,#14353,.F.);
#12860=ORIENTED_EDGE('',*,*,#14955,.F.);
#12861=ORIENTED_EDGE('',*,*,#14836,.T.);
#12862=ORIENTED_EDGE('',*,*,#14957,.T.);
#12863=ORIENTED_EDGE('',*,*,#14354,.F.);
#12864=ORIENTED_EDGE('',*,*,#14956,.F.);
#12865=ORIENTED_EDGE('',*,*,#14835,.T.);
#12866=ORIENTED_EDGE('',*,*,#14958,.T.);
#12867=ORIENTED_EDGE('',*,*,#14355,.F.);
#12868=ORIENTED_EDGE('',*,*,#14957,.F.);
#12869=ORIENTED_EDGE('',*,*,#14834,.T.);
#12870=ORIENTED_EDGE('',*,*,#14959,.T.);
#12871=ORIENTED_EDGE('',*,*,#14356,.F.);
#12872=ORIENTED_EDGE('',*,*,#14958,.F.);
#12873=ORIENTED_EDGE('',*,*,#14833,.T.);
#12874=ORIENTED_EDGE('',*,*,#14960,.T.);
#12875=ORIENTED_EDGE('',*,*,#14357,.F.);
#12876=ORIENTED_EDGE('',*,*,#14959,.F.);
#12877=ORIENTED_EDGE('',*,*,#14832,.T.);
#12878=ORIENTED_EDGE('',*,*,#14961,.T.);
#12879=ORIENTED_EDGE('',*,*,#14358,.F.);
#12880=ORIENTED_EDGE('',*,*,#14960,.F.);
#12881=ORIENTED_EDGE('',*,*,#14831,.T.);
#12882=ORIENTED_EDGE('',*,*,#14962,.T.);
#12883=ORIENTED_EDGE('',*,*,#14359,.F.);
#12884=ORIENTED_EDGE('',*,*,#14961,.F.);
#12885=ORIENTED_EDGE('',*,*,#14830,.T.);
#12886=ORIENTED_EDGE('',*,*,#14963,.T.);
#12887=ORIENTED_EDGE('',*,*,#14360,.F.);
#12888=ORIENTED_EDGE('',*,*,#14962,.F.);
#12889=ORIENTED_EDGE('',*,*,#14829,.T.);
#12890=ORIENTED_EDGE('',*,*,#14964,.T.);
#12891=ORIENTED_EDGE('',*,*,#14361,.F.);
#12892=ORIENTED_EDGE('',*,*,#14963,.F.);
#12893=ORIENTED_EDGE('',*,*,#14828,.T.);
#12894=ORIENTED_EDGE('',*,*,#14965,.T.);
#12895=ORIENTED_EDGE('',*,*,#14362,.F.);
#12896=ORIENTED_EDGE('',*,*,#14964,.F.);
#12897=ORIENTED_EDGE('',*,*,#14827,.T.);
#12898=ORIENTED_EDGE('',*,*,#14966,.T.);
#12899=ORIENTED_EDGE('',*,*,#14363,.F.);
#12900=ORIENTED_EDGE('',*,*,#14965,.F.);
#12901=ORIENTED_EDGE('',*,*,#14826,.T.);
#12902=ORIENTED_EDGE('',*,*,#14967,.T.);
#12903=ORIENTED_EDGE('',*,*,#14364,.F.);
#12904=ORIENTED_EDGE('',*,*,#14966,.F.);
#12905=ORIENTED_EDGE('',*,*,#14825,.T.);
#12906=ORIENTED_EDGE('',*,*,#14968,.T.);
#12907=ORIENTED_EDGE('',*,*,#14365,.F.);
#12908=ORIENTED_EDGE('',*,*,#14967,.F.);
#12909=ORIENTED_EDGE('',*,*,#14824,.T.);
#12910=ORIENTED_EDGE('',*,*,#14969,.T.);
#12911=ORIENTED_EDGE('',*,*,#14366,.F.);
#12912=ORIENTED_EDGE('',*,*,#14968,.F.);
#12913=ORIENTED_EDGE('',*,*,#14823,.T.);
#12914=ORIENTED_EDGE('',*,*,#14970,.T.);
#12915=ORIENTED_EDGE('',*,*,#14367,.F.);
#12916=ORIENTED_EDGE('',*,*,#14969,.F.);
#12917=ORIENTED_EDGE('',*,*,#14822,.T.);
#12918=ORIENTED_EDGE('',*,*,#14971,.T.);
#12919=ORIENTED_EDGE('',*,*,#14368,.F.);
#12920=ORIENTED_EDGE('',*,*,#14970,.F.);
#12921=ORIENTED_EDGE('',*,*,#14821,.T.);
#12922=ORIENTED_EDGE('',*,*,#14972,.T.);
#12923=ORIENTED_EDGE('',*,*,#14369,.F.);
#12924=ORIENTED_EDGE('',*,*,#14971,.F.);
#12925=ORIENTED_EDGE('',*,*,#14820,.T.);
#12926=ORIENTED_EDGE('',*,*,#14973,.T.);
#12927=ORIENTED_EDGE('',*,*,#14370,.F.);
#12928=ORIENTED_EDGE('',*,*,#14972,.F.);
#12929=ORIENTED_EDGE('',*,*,#14819,.T.);
#12930=ORIENTED_EDGE('',*,*,#14974,.T.);
#12931=ORIENTED_EDGE('',*,*,#14371,.F.);
#12932=ORIENTED_EDGE('',*,*,#14973,.F.);
#12933=ORIENTED_EDGE('',*,*,#14818,.T.);
#12934=ORIENTED_EDGE('',*,*,#14975,.T.);
#12935=ORIENTED_EDGE('',*,*,#14372,.F.);
#12936=ORIENTED_EDGE('',*,*,#14974,.F.);
#12937=ORIENTED_EDGE('',*,*,#14817,.T.);
#12938=ORIENTED_EDGE('',*,*,#14976,.T.);
#12939=ORIENTED_EDGE('',*,*,#14373,.F.);
#12940=ORIENTED_EDGE('',*,*,#14975,.F.);
#12941=ORIENTED_EDGE('',*,*,#14816,.T.);
#12942=ORIENTED_EDGE('',*,*,#14977,.T.);
#12943=ORIENTED_EDGE('',*,*,#14374,.F.);
#12944=ORIENTED_EDGE('',*,*,#14976,.F.);
#12945=ORIENTED_EDGE('',*,*,#14815,.T.);
#12946=ORIENTED_EDGE('',*,*,#14978,.T.);
#12947=ORIENTED_EDGE('',*,*,#14375,.F.);
#12948=ORIENTED_EDGE('',*,*,#14977,.F.);
#12949=ORIENTED_EDGE('',*,*,#14814,.T.);
#12950=ORIENTED_EDGE('',*,*,#14979,.T.);
#12951=ORIENTED_EDGE('',*,*,#14376,.F.);
#12952=ORIENTED_EDGE('',*,*,#14978,.F.);
#12953=ORIENTED_EDGE('',*,*,#14813,.T.);
#12954=ORIENTED_EDGE('',*,*,#14980,.T.);
#12955=ORIENTED_EDGE('',*,*,#14377,.F.);
#12956=ORIENTED_EDGE('',*,*,#14979,.F.);
#12957=ORIENTED_EDGE('',*,*,#14812,.T.);
#12958=ORIENTED_EDGE('',*,*,#14981,.T.);
#12959=ORIENTED_EDGE('',*,*,#14378,.F.);
#12960=ORIENTED_EDGE('',*,*,#14980,.F.);
#12961=ORIENTED_EDGE('',*,*,#14811,.T.);
#12962=ORIENTED_EDGE('',*,*,#14982,.T.);
#12963=ORIENTED_EDGE('',*,*,#14379,.F.);
#12964=ORIENTED_EDGE('',*,*,#14981,.F.);
#12965=ORIENTED_EDGE('',*,*,#14810,.T.);
#12966=ORIENTED_EDGE('',*,*,#14983,.T.);
#12967=ORIENTED_EDGE('',*,*,#14380,.F.);
#12968=ORIENTED_EDGE('',*,*,#14982,.F.);
#12969=ORIENTED_EDGE('',*,*,#14809,.T.);
#12970=ORIENTED_EDGE('',*,*,#14984,.T.);
#12971=ORIENTED_EDGE('',*,*,#14381,.F.);
#12972=ORIENTED_EDGE('',*,*,#14983,.F.);
#12973=ORIENTED_EDGE('',*,*,#14808,.T.);
#12974=ORIENTED_EDGE('',*,*,#14985,.T.);
#12975=ORIENTED_EDGE('',*,*,#14382,.F.);
#12976=ORIENTED_EDGE('',*,*,#14984,.F.);
#12977=ORIENTED_EDGE('',*,*,#14807,.T.);
#12978=ORIENTED_EDGE('',*,*,#14986,.T.);
#12979=ORIENTED_EDGE('',*,*,#14383,.F.);
#12980=ORIENTED_EDGE('',*,*,#14985,.F.);
#12981=ORIENTED_EDGE('',*,*,#14806,.T.);
#12982=ORIENTED_EDGE('',*,*,#14987,.T.);
#12983=ORIENTED_EDGE('',*,*,#14384,.F.);
#12984=ORIENTED_EDGE('',*,*,#14986,.F.);
#12985=ORIENTED_EDGE('',*,*,#14805,.T.);
#12986=ORIENTED_EDGE('',*,*,#14988,.T.);
#12987=ORIENTED_EDGE('',*,*,#14385,.F.);
#12988=ORIENTED_EDGE('',*,*,#14987,.F.);
#12989=ORIENTED_EDGE('',*,*,#14804,.T.);
#12990=ORIENTED_EDGE('',*,*,#14989,.T.);
#12991=ORIENTED_EDGE('',*,*,#14386,.F.);
#12992=ORIENTED_EDGE('',*,*,#14988,.F.);
#12993=ORIENTED_EDGE('',*,*,#14803,.T.);
#12994=ORIENTED_EDGE('',*,*,#14990,.T.);
#12995=ORIENTED_EDGE('',*,*,#14387,.F.);
#12996=ORIENTED_EDGE('',*,*,#14989,.F.);
#12997=ORIENTED_EDGE('',*,*,#14802,.T.);
#12998=ORIENTED_EDGE('',*,*,#14991,.T.);
#12999=ORIENTED_EDGE('',*,*,#14388,.F.);
#13000=ORIENTED_EDGE('',*,*,#14990,.F.);
#13001=ORIENTED_EDGE('',*,*,#14801,.T.);
#13002=ORIENTED_EDGE('',*,*,#14992,.T.);
#13003=ORIENTED_EDGE('',*,*,#14389,.F.);
#13004=ORIENTED_EDGE('',*,*,#14991,.F.);
#13005=ORIENTED_EDGE('',*,*,#14800,.T.);
#13006=ORIENTED_EDGE('',*,*,#14993,.T.);
#13007=ORIENTED_EDGE('',*,*,#14390,.F.);
#13008=ORIENTED_EDGE('',*,*,#14992,.F.);
#13009=ORIENTED_EDGE('',*,*,#14799,.T.);
#13010=ORIENTED_EDGE('',*,*,#14994,.T.);
#13011=ORIENTED_EDGE('',*,*,#14391,.F.);
#13012=ORIENTED_EDGE('',*,*,#14993,.F.);
#13013=ORIENTED_EDGE('',*,*,#14798,.T.);
#13014=ORIENTED_EDGE('',*,*,#14995,.T.);
#13015=ORIENTED_EDGE('',*,*,#14392,.F.);
#13016=ORIENTED_EDGE('',*,*,#14994,.F.);
#13017=ORIENTED_EDGE('',*,*,#14797,.T.);
#13018=ORIENTED_EDGE('',*,*,#14996,.T.);
#13019=ORIENTED_EDGE('',*,*,#14393,.F.);
#13020=ORIENTED_EDGE('',*,*,#14995,.F.);
#13021=ORIENTED_EDGE('',*,*,#14796,.T.);
#13022=ORIENTED_EDGE('',*,*,#14997,.T.);
#13023=ORIENTED_EDGE('',*,*,#14394,.F.);
#13024=ORIENTED_EDGE('',*,*,#14996,.F.);
#13025=ORIENTED_EDGE('',*,*,#14795,.T.);
#13026=ORIENTED_EDGE('',*,*,#14998,.T.);
#13027=ORIENTED_EDGE('',*,*,#14395,.F.);
#13028=ORIENTED_EDGE('',*,*,#14997,.F.);
#13029=ORIENTED_EDGE('',*,*,#14794,.T.);
#13030=ORIENTED_EDGE('',*,*,#14999,.T.);
#13031=ORIENTED_EDGE('',*,*,#14396,.F.);
#13032=ORIENTED_EDGE('',*,*,#14998,.F.);
#13033=ORIENTED_EDGE('',*,*,#14793,.T.);
#13034=ORIENTED_EDGE('',*,*,#15000,.T.);
#13035=ORIENTED_EDGE('',*,*,#14397,.F.);
#13036=ORIENTED_EDGE('',*,*,#14999,.F.);
#13037=ORIENTED_EDGE('',*,*,#14792,.T.);
#13038=ORIENTED_EDGE('',*,*,#15001,.T.);
#13039=ORIENTED_EDGE('',*,*,#14398,.F.);
#13040=ORIENTED_EDGE('',*,*,#15000,.F.);
#13041=ORIENTED_EDGE('',*,*,#14791,.T.);
#13042=ORIENTED_EDGE('',*,*,#15002,.T.);
#13043=ORIENTED_EDGE('',*,*,#14399,.F.);
#13044=ORIENTED_EDGE('',*,*,#15001,.F.);
#13045=ORIENTED_EDGE('',*,*,#14790,.T.);
#13046=ORIENTED_EDGE('',*,*,#15003,.T.);
#13047=ORIENTED_EDGE('',*,*,#14400,.F.);
#13048=ORIENTED_EDGE('',*,*,#15002,.F.);
#13049=ORIENTED_EDGE('',*,*,#14789,.T.);
#13050=ORIENTED_EDGE('',*,*,#15004,.T.);
#13051=ORIENTED_EDGE('',*,*,#14401,.F.);
#13052=ORIENTED_EDGE('',*,*,#15003,.F.);
#13053=ORIENTED_EDGE('',*,*,#14788,.T.);
#13054=ORIENTED_EDGE('',*,*,#15005,.T.);
#13055=ORIENTED_EDGE('',*,*,#14402,.F.);
#13056=ORIENTED_EDGE('',*,*,#15004,.F.);
#13057=ORIENTED_EDGE('',*,*,#14787,.T.);
#13058=ORIENTED_EDGE('',*,*,#15006,.T.);
#13059=ORIENTED_EDGE('',*,*,#14403,.F.);
#13060=ORIENTED_EDGE('',*,*,#15005,.F.);
#13061=ORIENTED_EDGE('',*,*,#14786,.T.);
#13062=ORIENTED_EDGE('',*,*,#15007,.T.);
#13063=ORIENTED_EDGE('',*,*,#14404,.F.);
#13064=ORIENTED_EDGE('',*,*,#15006,.F.);
#13065=ORIENTED_EDGE('',*,*,#14785,.T.);
#13066=ORIENTED_EDGE('',*,*,#15008,.T.);
#13067=ORIENTED_EDGE('',*,*,#14405,.F.);
#13068=ORIENTED_EDGE('',*,*,#15007,.F.);
#13069=ORIENTED_EDGE('',*,*,#14784,.T.);
#13070=ORIENTED_EDGE('',*,*,#15009,.T.);
#13071=ORIENTED_EDGE('',*,*,#14406,.F.);
#13072=ORIENTED_EDGE('',*,*,#15008,.F.);
#13073=ORIENTED_EDGE('',*,*,#14783,.T.);
#13074=ORIENTED_EDGE('',*,*,#15010,.T.);
#13075=ORIENTED_EDGE('',*,*,#14407,.F.);
#13076=ORIENTED_EDGE('',*,*,#15009,.F.);
#13077=ORIENTED_EDGE('',*,*,#14782,.T.);
#13078=ORIENTED_EDGE('',*,*,#15011,.T.);
#13079=ORIENTED_EDGE('',*,*,#14408,.F.);
#13080=ORIENTED_EDGE('',*,*,#15010,.F.);
#13081=ORIENTED_EDGE('',*,*,#14781,.T.);
#13082=ORIENTED_EDGE('',*,*,#15012,.T.);
#13083=ORIENTED_EDGE('',*,*,#14409,.F.);
#13084=ORIENTED_EDGE('',*,*,#15011,.F.);
#13085=ORIENTED_EDGE('',*,*,#14780,.T.);
#13086=ORIENTED_EDGE('',*,*,#15013,.T.);
#13087=ORIENTED_EDGE('',*,*,#14410,.F.);
#13088=ORIENTED_EDGE('',*,*,#15012,.F.);
#13089=ORIENTED_EDGE('',*,*,#14779,.T.);
#13090=ORIENTED_EDGE('',*,*,#15014,.T.);
#13091=ORIENTED_EDGE('',*,*,#14411,.F.);
#13092=ORIENTED_EDGE('',*,*,#15013,.F.);
#13093=ORIENTED_EDGE('',*,*,#14778,.T.);
#13094=ORIENTED_EDGE('',*,*,#15015,.T.);
#13095=ORIENTED_EDGE('',*,*,#14412,.F.);
#13096=ORIENTED_EDGE('',*,*,#15014,.F.);
#13097=ORIENTED_EDGE('',*,*,#14777,.T.);
#13098=ORIENTED_EDGE('',*,*,#15016,.T.);
#13099=ORIENTED_EDGE('',*,*,#14413,.F.);
#13100=ORIENTED_EDGE('',*,*,#15015,.F.);
#13101=ORIENTED_EDGE('',*,*,#14776,.T.);
#13102=ORIENTED_EDGE('',*,*,#15017,.T.);
#13103=ORIENTED_EDGE('',*,*,#14414,.F.);
#13104=ORIENTED_EDGE('',*,*,#15016,.F.);
#13105=ORIENTED_EDGE('',*,*,#14775,.T.);
#13106=ORIENTED_EDGE('',*,*,#15018,.T.);
#13107=ORIENTED_EDGE('',*,*,#14415,.F.);
#13108=ORIENTED_EDGE('',*,*,#15017,.F.);
#13109=ORIENTED_EDGE('',*,*,#14774,.T.);
#13110=ORIENTED_EDGE('',*,*,#15019,.T.);
#13111=ORIENTED_EDGE('',*,*,#14416,.F.);
#13112=ORIENTED_EDGE('',*,*,#15018,.F.);
#13113=ORIENTED_EDGE('',*,*,#14773,.T.);
#13114=ORIENTED_EDGE('',*,*,#15020,.T.);
#13115=ORIENTED_EDGE('',*,*,#14417,.F.);
#13116=ORIENTED_EDGE('',*,*,#15019,.F.);
#13117=ORIENTED_EDGE('',*,*,#14772,.T.);
#13118=ORIENTED_EDGE('',*,*,#15021,.T.);
#13119=ORIENTED_EDGE('',*,*,#14418,.F.);
#13120=ORIENTED_EDGE('',*,*,#15020,.F.);
#13121=ORIENTED_EDGE('',*,*,#14771,.T.);
#13122=ORIENTED_EDGE('',*,*,#15022,.T.);
#13123=ORIENTED_EDGE('',*,*,#14419,.F.);
#13124=ORIENTED_EDGE('',*,*,#15021,.F.);
#13125=ORIENTED_EDGE('',*,*,#14770,.T.);
#13126=ORIENTED_EDGE('',*,*,#15023,.T.);
#13127=ORIENTED_EDGE('',*,*,#14420,.F.);
#13128=ORIENTED_EDGE('',*,*,#15022,.F.);
#13129=ORIENTED_EDGE('',*,*,#14769,.T.);
#13130=ORIENTED_EDGE('',*,*,#15024,.T.);
#13131=ORIENTED_EDGE('',*,*,#14421,.F.);
#13132=ORIENTED_EDGE('',*,*,#15023,.F.);
#13133=ORIENTED_EDGE('',*,*,#14768,.T.);
#13134=ORIENTED_EDGE('',*,*,#15025,.T.);
#13135=ORIENTED_EDGE('',*,*,#14422,.F.);
#13136=ORIENTED_EDGE('',*,*,#15024,.F.);
#13137=ORIENTED_EDGE('',*,*,#15026,.T.);
#13138=ORIENTED_EDGE('',*,*,#14423,.F.);
#13139=ORIENTED_EDGE('',*,*,#15025,.F.);
#13140=ORIENTED_EDGE('',*,*,#14767,.T.);
#13141=ORIENTED_EDGE('',*,*,#14766,.T.);
#13142=ORIENTED_EDGE('',*,*,#15027,.T.);
#13143=ORIENTED_EDGE('',*,*,#14424,.F.);
#13144=ORIENTED_EDGE('',*,*,#15026,.F.);
#13145=ORIENTED_EDGE('',*,*,#14765,.T.);
#13146=ORIENTED_EDGE('',*,*,#15028,.T.);
#13147=ORIENTED_EDGE('',*,*,#14425,.F.);
#13148=ORIENTED_EDGE('',*,*,#15027,.F.);
#13149=ORIENTED_EDGE('',*,*,#14764,.T.);
#13150=ORIENTED_EDGE('',*,*,#15029,.T.);
#13151=ORIENTED_EDGE('',*,*,#14426,.F.);
#13152=ORIENTED_EDGE('',*,*,#15028,.F.);
#13153=ORIENTED_EDGE('',*,*,#14763,.T.);
#13154=ORIENTED_EDGE('',*,*,#15030,.T.);
#13155=ORIENTED_EDGE('',*,*,#14427,.F.);
#13156=ORIENTED_EDGE('',*,*,#15029,.F.);
#13157=ORIENTED_EDGE('',*,*,#14762,.T.);
#13158=ORIENTED_EDGE('',*,*,#15031,.T.);
#13159=ORIENTED_EDGE('',*,*,#14428,.F.);
#13160=ORIENTED_EDGE('',*,*,#15030,.F.);
#13161=ORIENTED_EDGE('',*,*,#14761,.T.);
#13162=ORIENTED_EDGE('',*,*,#15032,.T.);
#13163=ORIENTED_EDGE('',*,*,#14429,.F.);
#13164=ORIENTED_EDGE('',*,*,#15031,.F.);
#13165=ORIENTED_EDGE('',*,*,#14760,.T.);
#13166=ORIENTED_EDGE('',*,*,#15033,.T.);
#13167=ORIENTED_EDGE('',*,*,#14430,.F.);
#13168=ORIENTED_EDGE('',*,*,#15032,.F.);
#13169=ORIENTED_EDGE('',*,*,#14759,.T.);
#13170=ORIENTED_EDGE('',*,*,#15034,.T.);
#13171=ORIENTED_EDGE('',*,*,#14431,.F.);
#13172=ORIENTED_EDGE('',*,*,#15033,.F.);
#13173=ORIENTED_EDGE('',*,*,#14758,.T.);
#13174=ORIENTED_EDGE('',*,*,#15035,.T.);
#13175=ORIENTED_EDGE('',*,*,#14432,.F.);
#13176=ORIENTED_EDGE('',*,*,#15034,.F.);
#13177=ORIENTED_EDGE('',*,*,#14757,.T.);
#13178=ORIENTED_EDGE('',*,*,#15036,.T.);
#13179=ORIENTED_EDGE('',*,*,#14433,.F.);
#13180=ORIENTED_EDGE('',*,*,#15035,.F.);
#13181=ORIENTED_EDGE('',*,*,#14756,.T.);
#13182=ORIENTED_EDGE('',*,*,#15037,.T.);
#13183=ORIENTED_EDGE('',*,*,#14434,.F.);
#13184=ORIENTED_EDGE('',*,*,#15036,.F.);
#13185=ORIENTED_EDGE('',*,*,#14755,.T.);
#13186=ORIENTED_EDGE('',*,*,#15038,.T.);
#13187=ORIENTED_EDGE('',*,*,#14435,.F.);
#13188=ORIENTED_EDGE('',*,*,#15037,.F.);
#13189=ORIENTED_EDGE('',*,*,#14754,.T.);
#13190=ORIENTED_EDGE('',*,*,#15039,.T.);
#13191=ORIENTED_EDGE('',*,*,#14436,.F.);
#13192=ORIENTED_EDGE('',*,*,#15038,.F.);
#13193=ORIENTED_EDGE('',*,*,#15040,.T.);
#13194=ORIENTED_EDGE('',*,*,#14437,.F.);
#13195=ORIENTED_EDGE('',*,*,#15039,.F.);
#13196=ORIENTED_EDGE('',*,*,#14753,.T.);
#13197=ORIENTED_EDGE('',*,*,#14752,.T.);
#13198=ORIENTED_EDGE('',*,*,#15041,.T.);
#13199=ORIENTED_EDGE('',*,*,#14438,.F.);
#13200=ORIENTED_EDGE('',*,*,#15040,.F.);
#13201=ORIENTED_EDGE('',*,*,#14751,.T.);
#13202=ORIENTED_EDGE('',*,*,#15042,.T.);
#13203=ORIENTED_EDGE('',*,*,#14439,.F.);
#13204=ORIENTED_EDGE('',*,*,#15041,.F.);
#13205=ORIENTED_EDGE('',*,*,#14750,.T.);
#13206=ORIENTED_EDGE('',*,*,#15043,.T.);
#13207=ORIENTED_EDGE('',*,*,#14440,.F.);
#13208=ORIENTED_EDGE('',*,*,#15042,.F.);
#13209=ORIENTED_EDGE('',*,*,#15044,.T.);
#13210=ORIENTED_EDGE('',*,*,#14441,.F.);
#13211=ORIENTED_EDGE('',*,*,#15043,.F.);
#13212=ORIENTED_EDGE('',*,*,#14749,.T.);
#13213=ORIENTED_EDGE('',*,*,#14748,.T.);
#13214=ORIENTED_EDGE('',*,*,#15045,.T.);
#13215=ORIENTED_EDGE('',*,*,#14442,.F.);
#13216=ORIENTED_EDGE('',*,*,#15044,.F.);
#13217=ORIENTED_EDGE('',*,*,#14747,.T.);
#13218=ORIENTED_EDGE('',*,*,#15046,.T.);
#13219=ORIENTED_EDGE('',*,*,#14443,.F.);
#13220=ORIENTED_EDGE('',*,*,#15045,.F.);
#13221=ORIENTED_EDGE('',*,*,#14746,.T.);
#13222=ORIENTED_EDGE('',*,*,#15047,.T.);
#13223=ORIENTED_EDGE('',*,*,#14444,.F.);
#13224=ORIENTED_EDGE('',*,*,#15046,.F.);
#13225=ORIENTED_EDGE('',*,*,#15048,.T.);
#13226=ORIENTED_EDGE('',*,*,#14445,.F.);
#13227=ORIENTED_EDGE('',*,*,#15047,.F.);
#13228=ORIENTED_EDGE('',*,*,#14745,.T.);
#13229=ORIENTED_EDGE('',*,*,#14744,.T.);
#13230=ORIENTED_EDGE('',*,*,#15049,.T.);
#13231=ORIENTED_EDGE('',*,*,#14446,.F.);
#13232=ORIENTED_EDGE('',*,*,#15048,.F.);
#13233=ORIENTED_EDGE('',*,*,#14743,.T.);
#13234=ORIENTED_EDGE('',*,*,#15050,.T.);
#13235=ORIENTED_EDGE('',*,*,#14447,.F.);
#13236=ORIENTED_EDGE('',*,*,#15049,.F.);
#13237=ORIENTED_EDGE('',*,*,#14742,.T.);
#13238=ORIENTED_EDGE('',*,*,#15051,.T.);
#13239=ORIENTED_EDGE('',*,*,#14448,.F.);
#13240=ORIENTED_EDGE('',*,*,#15050,.F.);
#13241=ORIENTED_EDGE('',*,*,#15052,.T.);
#13242=ORIENTED_EDGE('',*,*,#14449,.F.);
#13243=ORIENTED_EDGE('',*,*,#15051,.F.);
#13244=ORIENTED_EDGE('',*,*,#14741,.T.);
#13245=ORIENTED_EDGE('',*,*,#14740,.T.);
#13246=ORIENTED_EDGE('',*,*,#15053,.T.);
#13247=ORIENTED_EDGE('',*,*,#14450,.F.);
#13248=ORIENTED_EDGE('',*,*,#15052,.F.);
#13249=ORIENTED_EDGE('',*,*,#14739,.T.);
#13250=ORIENTED_EDGE('',*,*,#15054,.T.);
#13251=ORIENTED_EDGE('',*,*,#14451,.F.);
#13252=ORIENTED_EDGE('',*,*,#15053,.F.);
#13253=ORIENTED_EDGE('',*,*,#14738,.T.);
#13254=ORIENTED_EDGE('',*,*,#15055,.T.);
#13255=ORIENTED_EDGE('',*,*,#14452,.F.);
#13256=ORIENTED_EDGE('',*,*,#15054,.F.);
#13257=ORIENTED_EDGE('',*,*,#15056,.T.);
#13258=ORIENTED_EDGE('',*,*,#14453,.F.);
#13259=ORIENTED_EDGE('',*,*,#15055,.F.);
#13260=ORIENTED_EDGE('',*,*,#14737,.T.);
#13261=ORIENTED_EDGE('',*,*,#14736,.T.);
#13262=ORIENTED_EDGE('',*,*,#15057,.T.);
#13263=ORIENTED_EDGE('',*,*,#14454,.F.);
#13264=ORIENTED_EDGE('',*,*,#15056,.F.);
#13265=ORIENTED_EDGE('',*,*,#14735,.T.);
#13266=ORIENTED_EDGE('',*,*,#15058,.T.);
#13267=ORIENTED_EDGE('',*,*,#14455,.F.);
#13268=ORIENTED_EDGE('',*,*,#15057,.F.);
#13269=ORIENTED_EDGE('',*,*,#14734,.T.);
#13270=ORIENTED_EDGE('',*,*,#15059,.T.);
#13271=ORIENTED_EDGE('',*,*,#14456,.F.);
#13272=ORIENTED_EDGE('',*,*,#15058,.F.);
#13273=ORIENTED_EDGE('',*,*,#15060,.T.);
#13274=ORIENTED_EDGE('',*,*,#14457,.F.);
#13275=ORIENTED_EDGE('',*,*,#15059,.F.);
#13276=ORIENTED_EDGE('',*,*,#14733,.T.);
#13277=ORIENTED_EDGE('',*,*,#14732,.T.);
#13278=ORIENTED_EDGE('',*,*,#15061,.T.);
#13279=ORIENTED_EDGE('',*,*,#14458,.F.);
#13280=ORIENTED_EDGE('',*,*,#15060,.F.);
#13281=ORIENTED_EDGE('',*,*,#14731,.T.);
#13282=ORIENTED_EDGE('',*,*,#15062,.T.);
#13283=ORIENTED_EDGE('',*,*,#14459,.F.);
#13284=ORIENTED_EDGE('',*,*,#15061,.F.);
#13285=ORIENTED_EDGE('',*,*,#14730,.T.);
#13286=ORIENTED_EDGE('',*,*,#15063,.T.);
#13287=ORIENTED_EDGE('',*,*,#14460,.F.);
#13288=ORIENTED_EDGE('',*,*,#15062,.F.);
#13289=ORIENTED_EDGE('',*,*,#15064,.T.);
#13290=ORIENTED_EDGE('',*,*,#14461,.F.);
#13291=ORIENTED_EDGE('',*,*,#15063,.F.);
#13292=ORIENTED_EDGE('',*,*,#14729,.T.);
#13293=ORIENTED_EDGE('',*,*,#14728,.T.);
#13294=ORIENTED_EDGE('',*,*,#15065,.T.);
#13295=ORIENTED_EDGE('',*,*,#14462,.F.);
#13296=ORIENTED_EDGE('',*,*,#15064,.F.);
#13297=ORIENTED_EDGE('',*,*,#14727,.T.);
#13298=ORIENTED_EDGE('',*,*,#15066,.T.);
#13299=ORIENTED_EDGE('',*,*,#14463,.F.);
#13300=ORIENTED_EDGE('',*,*,#15065,.F.);
#13301=ORIENTED_EDGE('',*,*,#14726,.T.);
#13302=ORIENTED_EDGE('',*,*,#15067,.T.);
#13303=ORIENTED_EDGE('',*,*,#14464,.F.);
#13304=ORIENTED_EDGE('',*,*,#15066,.F.);
#13305=ORIENTED_EDGE('',*,*,#15068,.T.);
#13306=ORIENTED_EDGE('',*,*,#14465,.F.);
#13307=ORIENTED_EDGE('',*,*,#15067,.F.);
#13308=ORIENTED_EDGE('',*,*,#14725,.T.);
#13309=ORIENTED_EDGE('',*,*,#14724,.T.);
#13310=ORIENTED_EDGE('',*,*,#15069,.T.);
#13311=ORIENTED_EDGE('',*,*,#14466,.F.);
#13312=ORIENTED_EDGE('',*,*,#15068,.F.);
#13313=ORIENTED_EDGE('',*,*,#14723,.T.);
#13314=ORIENTED_EDGE('',*,*,#15070,.T.);
#13315=ORIENTED_EDGE('',*,*,#14467,.F.);
#13316=ORIENTED_EDGE('',*,*,#15069,.F.);
#13317=ORIENTED_EDGE('',*,*,#14722,.T.);
#13318=ORIENTED_EDGE('',*,*,#15071,.T.);
#13319=ORIENTED_EDGE('',*,*,#14468,.F.);
#13320=ORIENTED_EDGE('',*,*,#15070,.F.);
#13321=ORIENTED_EDGE('',*,*,#15072,.T.);
#13322=ORIENTED_EDGE('',*,*,#14469,.F.);
#13323=ORIENTED_EDGE('',*,*,#15071,.F.);
#13324=ORIENTED_EDGE('',*,*,#14721,.T.);
#13325=ORIENTED_EDGE('',*,*,#14720,.T.);
#13326=ORIENTED_EDGE('',*,*,#15073,.T.);
#13327=ORIENTED_EDGE('',*,*,#14470,.F.);
#13328=ORIENTED_EDGE('',*,*,#15072,.F.);
#13329=ORIENTED_EDGE('',*,*,#14719,.T.);
#13330=ORIENTED_EDGE('',*,*,#15074,.T.);
#13331=ORIENTED_EDGE('',*,*,#14471,.F.);
#13332=ORIENTED_EDGE('',*,*,#15073,.F.);
#13333=ORIENTED_EDGE('',*,*,#14718,.T.);
#13334=ORIENTED_EDGE('',*,*,#15075,.T.);
#13335=ORIENTED_EDGE('',*,*,#14472,.F.);
#13336=ORIENTED_EDGE('',*,*,#15074,.F.);
#13337=ORIENTED_EDGE('',*,*,#15076,.T.);
#13338=ORIENTED_EDGE('',*,*,#14473,.F.);
#13339=ORIENTED_EDGE('',*,*,#15075,.F.);
#13340=ORIENTED_EDGE('',*,*,#14717,.T.);
#13341=ORIENTED_EDGE('',*,*,#14716,.T.);
#13342=ORIENTED_EDGE('',*,*,#15077,.T.);
#13343=ORIENTED_EDGE('',*,*,#14474,.F.);
#13344=ORIENTED_EDGE('',*,*,#15076,.F.);
#13345=ORIENTED_EDGE('',*,*,#14715,.T.);
#13346=ORIENTED_EDGE('',*,*,#15078,.T.);
#13347=ORIENTED_EDGE('',*,*,#14475,.F.);
#13348=ORIENTED_EDGE('',*,*,#15077,.F.);
#13349=ORIENTED_EDGE('',*,*,#14714,.T.);
#13350=ORIENTED_EDGE('',*,*,#15079,.T.);
#13351=ORIENTED_EDGE('',*,*,#14476,.F.);
#13352=ORIENTED_EDGE('',*,*,#15078,.F.);
#13353=ORIENTED_EDGE('',*,*,#15080,.T.);
#13354=ORIENTED_EDGE('',*,*,#14477,.F.);
#13355=ORIENTED_EDGE('',*,*,#15079,.F.);
#13356=ORIENTED_EDGE('',*,*,#14713,.T.);
#13357=ORIENTED_EDGE('',*,*,#14712,.T.);
#13358=ORIENTED_EDGE('',*,*,#15081,.T.);
#13359=ORIENTED_EDGE('',*,*,#14478,.F.);
#13360=ORIENTED_EDGE('',*,*,#15080,.F.);
#13361=ORIENTED_EDGE('',*,*,#14711,.T.);
#13362=ORIENTED_EDGE('',*,*,#15082,.T.);
#13363=ORIENTED_EDGE('',*,*,#14479,.F.);
#13364=ORIENTED_EDGE('',*,*,#15081,.F.);
#13365=ORIENTED_EDGE('',*,*,#14710,.T.);
#13366=ORIENTED_EDGE('',*,*,#15083,.T.);
#13367=ORIENTED_EDGE('',*,*,#14480,.F.);
#13368=ORIENTED_EDGE('',*,*,#15082,.F.);
#13369=ORIENTED_EDGE('',*,*,#15084,.T.);
#13370=ORIENTED_EDGE('',*,*,#14481,.F.);
#13371=ORIENTED_EDGE('',*,*,#15083,.F.);
#13372=ORIENTED_EDGE('',*,*,#14709,.T.);
#13373=ORIENTED_EDGE('',*,*,#14708,.T.);
#13374=ORIENTED_EDGE('',*,*,#15085,.T.);
#13375=ORIENTED_EDGE('',*,*,#14482,.F.);
#13376=ORIENTED_EDGE('',*,*,#15084,.F.);
#13377=ORIENTED_EDGE('',*,*,#14707,.T.);
#13378=ORIENTED_EDGE('',*,*,#15086,.T.);
#13379=ORIENTED_EDGE('',*,*,#14483,.F.);
#13380=ORIENTED_EDGE('',*,*,#15085,.F.);
#13381=ORIENTED_EDGE('',*,*,#14706,.T.);
#13382=ORIENTED_EDGE('',*,*,#15087,.T.);
#13383=ORIENTED_EDGE('',*,*,#14484,.F.);
#13384=ORIENTED_EDGE('',*,*,#15086,.F.);
#13385=ORIENTED_EDGE('',*,*,#15088,.T.);
#13386=ORIENTED_EDGE('',*,*,#14485,.F.);
#13387=ORIENTED_EDGE('',*,*,#15087,.F.);
#13388=ORIENTED_EDGE('',*,*,#14705,.T.);
#13389=ORIENTED_EDGE('',*,*,#14704,.T.);
#13390=ORIENTED_EDGE('',*,*,#15089,.T.);
#13391=ORIENTED_EDGE('',*,*,#14486,.F.);
#13392=ORIENTED_EDGE('',*,*,#15088,.F.);
#13393=ORIENTED_EDGE('',*,*,#14703,.T.);
#13394=ORIENTED_EDGE('',*,*,#15090,.T.);
#13395=ORIENTED_EDGE('',*,*,#14487,.F.);
#13396=ORIENTED_EDGE('',*,*,#15089,.F.);
#13397=ORIENTED_EDGE('',*,*,#14702,.T.);
#13398=ORIENTED_EDGE('',*,*,#15091,.T.);
#13399=ORIENTED_EDGE('',*,*,#14488,.F.);
#13400=ORIENTED_EDGE('',*,*,#15090,.F.);
#13401=ORIENTED_EDGE('',*,*,#15092,.T.);
#13402=ORIENTED_EDGE('',*,*,#14489,.F.);
#13403=ORIENTED_EDGE('',*,*,#15091,.F.);
#13404=ORIENTED_EDGE('',*,*,#14701,.T.);
#13405=ORIENTED_EDGE('',*,*,#14700,.T.);
#13406=ORIENTED_EDGE('',*,*,#15093,.T.);
#13407=ORIENTED_EDGE('',*,*,#14490,.F.);
#13408=ORIENTED_EDGE('',*,*,#15092,.F.);
#13409=ORIENTED_EDGE('',*,*,#14699,.T.);
#13410=ORIENTED_EDGE('',*,*,#15094,.T.);
#13411=ORIENTED_EDGE('',*,*,#14491,.F.);
#13412=ORIENTED_EDGE('',*,*,#15093,.F.);
#13413=ORIENTED_EDGE('',*,*,#14698,.T.);
#13414=ORIENTED_EDGE('',*,*,#15095,.T.);
#13415=ORIENTED_EDGE('',*,*,#14492,.F.);
#13416=ORIENTED_EDGE('',*,*,#15094,.F.);
#13417=ORIENTED_EDGE('',*,*,#15096,.T.);
#13418=ORIENTED_EDGE('',*,*,#14493,.F.);
#13419=ORIENTED_EDGE('',*,*,#15095,.F.);
#13420=ORIENTED_EDGE('',*,*,#14697,.T.);
#13421=ORIENTED_EDGE('',*,*,#14696,.T.);
#13422=ORIENTED_EDGE('',*,*,#15097,.T.);
#13423=ORIENTED_EDGE('',*,*,#14494,.F.);
#13424=ORIENTED_EDGE('',*,*,#15096,.F.);
#13425=ORIENTED_EDGE('',*,*,#14695,.T.);
#13426=ORIENTED_EDGE('',*,*,#15098,.T.);
#13427=ORIENTED_EDGE('',*,*,#14495,.F.);
#13428=ORIENTED_EDGE('',*,*,#15097,.F.);
#13429=ORIENTED_EDGE('',*,*,#14694,.T.);
#13430=ORIENTED_EDGE('',*,*,#15099,.T.);
#13431=ORIENTED_EDGE('',*,*,#14496,.F.);
#13432=ORIENTED_EDGE('',*,*,#15098,.F.);
#13433=ORIENTED_EDGE('',*,*,#15100,.T.);
#13434=ORIENTED_EDGE('',*,*,#14497,.F.);
#13435=ORIENTED_EDGE('',*,*,#15099,.F.);
#13436=ORIENTED_EDGE('',*,*,#14693,.T.);
#13437=ORIENTED_EDGE('',*,*,#14692,.T.);
#13438=ORIENTED_EDGE('',*,*,#15101,.T.);
#13439=ORIENTED_EDGE('',*,*,#14498,.F.);
#13440=ORIENTED_EDGE('',*,*,#15100,.F.);
#13441=ORIENTED_EDGE('',*,*,#14691,.T.);
#13442=ORIENTED_EDGE('',*,*,#15102,.T.);
#13443=ORIENTED_EDGE('',*,*,#14499,.F.);
#13444=ORIENTED_EDGE('',*,*,#15101,.F.);
#13445=ORIENTED_EDGE('',*,*,#14690,.T.);
#13446=ORIENTED_EDGE('',*,*,#15103,.T.);
#13447=ORIENTED_EDGE('',*,*,#14500,.F.);
#13448=ORIENTED_EDGE('',*,*,#15102,.F.);
#13449=ORIENTED_EDGE('',*,*,#15104,.T.);
#13450=ORIENTED_EDGE('',*,*,#14501,.F.);
#13451=ORIENTED_EDGE('',*,*,#15103,.F.);
#13452=ORIENTED_EDGE('',*,*,#14689,.T.);
#13453=ORIENTED_EDGE('',*,*,#14688,.T.);
#13454=ORIENTED_EDGE('',*,*,#15105,.T.);
#13455=ORIENTED_EDGE('',*,*,#14502,.F.);
#13456=ORIENTED_EDGE('',*,*,#15104,.F.);
#13457=ORIENTED_EDGE('',*,*,#14687,.T.);
#13458=ORIENTED_EDGE('',*,*,#15106,.T.);
#13459=ORIENTED_EDGE('',*,*,#14503,.F.);
#13460=ORIENTED_EDGE('',*,*,#15105,.F.);
#13461=ORIENTED_EDGE('',*,*,#14686,.T.);
#13462=ORIENTED_EDGE('',*,*,#15107,.T.);
#13463=ORIENTED_EDGE('',*,*,#14504,.F.);
#13464=ORIENTED_EDGE('',*,*,#15106,.F.);
#13465=ORIENTED_EDGE('',*,*,#15108,.T.);
#13466=ORIENTED_EDGE('',*,*,#14505,.F.);
#13467=ORIENTED_EDGE('',*,*,#15107,.F.);
#13468=ORIENTED_EDGE('',*,*,#14685,.T.);
#13469=ORIENTED_EDGE('',*,*,#14684,.T.);
#13470=ORIENTED_EDGE('',*,*,#15109,.T.);
#13471=ORIENTED_EDGE('',*,*,#14506,.F.);
#13472=ORIENTED_EDGE('',*,*,#15108,.F.);
#13473=ORIENTED_EDGE('',*,*,#14683,.T.);
#13474=ORIENTED_EDGE('',*,*,#15110,.T.);
#13475=ORIENTED_EDGE('',*,*,#14507,.F.);
#13476=ORIENTED_EDGE('',*,*,#15109,.F.);
#13477=ORIENTED_EDGE('',*,*,#14682,.T.);
#13478=ORIENTED_EDGE('',*,*,#15111,.T.);
#13479=ORIENTED_EDGE('',*,*,#14508,.F.);
#13480=ORIENTED_EDGE('',*,*,#15110,.F.);
#13481=ORIENTED_EDGE('',*,*,#15112,.T.);
#13482=ORIENTED_EDGE('',*,*,#14509,.F.);
#13483=ORIENTED_EDGE('',*,*,#15111,.F.);
#13484=ORIENTED_EDGE('',*,*,#14681,.T.);
#13485=ORIENTED_EDGE('',*,*,#14680,.T.);
#13486=ORIENTED_EDGE('',*,*,#15113,.T.);
#13487=ORIENTED_EDGE('',*,*,#14510,.F.);
#13488=ORIENTED_EDGE('',*,*,#15112,.F.);
#13489=ORIENTED_EDGE('',*,*,#14679,.T.);
#13490=ORIENTED_EDGE('',*,*,#15114,.T.);
#13491=ORIENTED_EDGE('',*,*,#14511,.F.);
#13492=ORIENTED_EDGE('',*,*,#15113,.F.);
#13493=ORIENTED_EDGE('',*,*,#14678,.T.);
#13494=ORIENTED_EDGE('',*,*,#15115,.T.);
#13495=ORIENTED_EDGE('',*,*,#14512,.F.);
#13496=ORIENTED_EDGE('',*,*,#15114,.F.);
#13497=ORIENTED_EDGE('',*,*,#15116,.T.);
#13498=ORIENTED_EDGE('',*,*,#14513,.F.);
#13499=ORIENTED_EDGE('',*,*,#15115,.F.);
#13500=ORIENTED_EDGE('',*,*,#14677,.T.);
#13501=ORIENTED_EDGE('',*,*,#14676,.T.);
#13502=ORIENTED_EDGE('',*,*,#15117,.T.);
#13503=ORIENTED_EDGE('',*,*,#14514,.F.);
#13504=ORIENTED_EDGE('',*,*,#15116,.F.);
#13505=ORIENTED_EDGE('',*,*,#14675,.T.);
#13506=ORIENTED_EDGE('',*,*,#15118,.T.);
#13507=ORIENTED_EDGE('',*,*,#14515,.F.);
#13508=ORIENTED_EDGE('',*,*,#15117,.F.);
#13509=ORIENTED_EDGE('',*,*,#14674,.T.);
#13510=ORIENTED_EDGE('',*,*,#15119,.T.);
#13511=ORIENTED_EDGE('',*,*,#14516,.F.);
#13512=ORIENTED_EDGE('',*,*,#15118,.F.);
#13513=ORIENTED_EDGE('',*,*,#15120,.T.);
#13514=ORIENTED_EDGE('',*,*,#14517,.F.);
#13515=ORIENTED_EDGE('',*,*,#15119,.F.);
#13516=ORIENTED_EDGE('',*,*,#14673,.T.);
#13517=ORIENTED_EDGE('',*,*,#14672,.T.);
#13518=ORIENTED_EDGE('',*,*,#15121,.T.);
#13519=ORIENTED_EDGE('',*,*,#14518,.F.);
#13520=ORIENTED_EDGE('',*,*,#15120,.F.);
#13521=ORIENTED_EDGE('',*,*,#14671,.T.);
#13522=ORIENTED_EDGE('',*,*,#15122,.T.);
#13523=ORIENTED_EDGE('',*,*,#14519,.F.);
#13524=ORIENTED_EDGE('',*,*,#15121,.F.);
#13525=ORIENTED_EDGE('',*,*,#14670,.T.);
#13526=ORIENTED_EDGE('',*,*,#15123,.T.);
#13527=ORIENTED_EDGE('',*,*,#14520,.F.);
#13528=ORIENTED_EDGE('',*,*,#15122,.F.);
#13529=ORIENTED_EDGE('',*,*,#15124,.T.);
#13530=ORIENTED_EDGE('',*,*,#14521,.F.);
#13531=ORIENTED_EDGE('',*,*,#15123,.F.);
#13532=ORIENTED_EDGE('',*,*,#14669,.T.);
#13533=ORIENTED_EDGE('',*,*,#14668,.T.);
#13534=ORIENTED_EDGE('',*,*,#15125,.T.);
#13535=ORIENTED_EDGE('',*,*,#14522,.F.);
#13536=ORIENTED_EDGE('',*,*,#15124,.F.);
#13537=ORIENTED_EDGE('',*,*,#14667,.T.);
#13538=ORIENTED_EDGE('',*,*,#15126,.T.);
#13539=ORIENTED_EDGE('',*,*,#14523,.F.);
#13540=ORIENTED_EDGE('',*,*,#15125,.F.);
#13541=ORIENTED_EDGE('',*,*,#14666,.T.);
#13542=ORIENTED_EDGE('',*,*,#15127,.T.);
#13543=ORIENTED_EDGE('',*,*,#14524,.F.);
#13544=ORIENTED_EDGE('',*,*,#15126,.F.);
#13545=ORIENTED_EDGE('',*,*,#15128,.T.);
#13546=ORIENTED_EDGE('',*,*,#14525,.F.);
#13547=ORIENTED_EDGE('',*,*,#15127,.F.);
#13548=ORIENTED_EDGE('',*,*,#14665,.T.);
#13549=ORIENTED_EDGE('',*,*,#14664,.T.);
#13550=ORIENTED_EDGE('',*,*,#15129,.T.);
#13551=ORIENTED_EDGE('',*,*,#14526,.F.);
#13552=ORIENTED_EDGE('',*,*,#15128,.F.);
#13553=ORIENTED_EDGE('',*,*,#14663,.T.);
#13554=ORIENTED_EDGE('',*,*,#15130,.T.);
#13555=ORIENTED_EDGE('',*,*,#14527,.F.);
#13556=ORIENTED_EDGE('',*,*,#15129,.F.);
#13557=ORIENTED_EDGE('',*,*,#14662,.T.);
#13558=ORIENTED_EDGE('',*,*,#15131,.T.);
#13559=ORIENTED_EDGE('',*,*,#14528,.F.);
#13560=ORIENTED_EDGE('',*,*,#15130,.F.);
#13561=ORIENTED_EDGE('',*,*,#15132,.T.);
#13562=ORIENTED_EDGE('',*,*,#14529,.F.);
#13563=ORIENTED_EDGE('',*,*,#15131,.F.);
#13564=ORIENTED_EDGE('',*,*,#14661,.T.);
#13565=ORIENTED_EDGE('',*,*,#14660,.T.);
#13566=ORIENTED_EDGE('',*,*,#15133,.T.);
#13567=ORIENTED_EDGE('',*,*,#14530,.F.);
#13568=ORIENTED_EDGE('',*,*,#15132,.F.);
#13569=ORIENTED_EDGE('',*,*,#14659,.T.);
#13570=ORIENTED_EDGE('',*,*,#15134,.T.);
#13571=ORIENTED_EDGE('',*,*,#14531,.F.);
#13572=ORIENTED_EDGE('',*,*,#15133,.F.);
#13573=ORIENTED_EDGE('',*,*,#14658,.T.);
#13574=ORIENTED_EDGE('',*,*,#15135,.T.);
#13575=ORIENTED_EDGE('',*,*,#14532,.F.);
#13576=ORIENTED_EDGE('',*,*,#15134,.F.);
#13577=ORIENTED_EDGE('',*,*,#15136,.T.);
#13578=ORIENTED_EDGE('',*,*,#14533,.F.);
#13579=ORIENTED_EDGE('',*,*,#15135,.F.);
#13580=ORIENTED_EDGE('',*,*,#14657,.T.);
#13581=ORIENTED_EDGE('',*,*,#14656,.T.);
#13582=ORIENTED_EDGE('',*,*,#15137,.T.);
#13583=ORIENTED_EDGE('',*,*,#14534,.F.);
#13584=ORIENTED_EDGE('',*,*,#15136,.F.);
#13585=ORIENTED_EDGE('',*,*,#14655,.T.);
#13586=ORIENTED_EDGE('',*,*,#15138,.T.);
#13587=ORIENTED_EDGE('',*,*,#14535,.F.);
#13588=ORIENTED_EDGE('',*,*,#15137,.F.);
#13589=ORIENTED_EDGE('',*,*,#14654,.T.);
#13590=ORIENTED_EDGE('',*,*,#15139,.T.);
#13591=ORIENTED_EDGE('',*,*,#14536,.F.);
#13592=ORIENTED_EDGE('',*,*,#15138,.F.);
#13593=ORIENTED_EDGE('',*,*,#15140,.T.);
#13594=ORIENTED_EDGE('',*,*,#14537,.F.);
#13595=ORIENTED_EDGE('',*,*,#15139,.F.);
#13596=ORIENTED_EDGE('',*,*,#14653,.T.);
#13597=ORIENTED_EDGE('',*,*,#14652,.T.);
#13598=ORIENTED_EDGE('',*,*,#15141,.T.);
#13599=ORIENTED_EDGE('',*,*,#14538,.F.);
#13600=ORIENTED_EDGE('',*,*,#15140,.F.);
#13601=ORIENTED_EDGE('',*,*,#14651,.T.);
#13602=ORIENTED_EDGE('',*,*,#15142,.T.);
#13603=ORIENTED_EDGE('',*,*,#14539,.F.);
#13604=ORIENTED_EDGE('',*,*,#15141,.F.);
#13605=ORIENTED_EDGE('',*,*,#14650,.T.);
#13606=ORIENTED_EDGE('',*,*,#15143,.T.);
#13607=ORIENTED_EDGE('',*,*,#14540,.F.);
#13608=ORIENTED_EDGE('',*,*,#15142,.F.);
#13609=ORIENTED_EDGE('',*,*,#15144,.T.);
#13610=ORIENTED_EDGE('',*,*,#14541,.F.);
#13611=ORIENTED_EDGE('',*,*,#15143,.F.);
#13612=ORIENTED_EDGE('',*,*,#14649,.T.);
#13613=ORIENTED_EDGE('',*,*,#14648,.T.);
#13614=ORIENTED_EDGE('',*,*,#15145,.T.);
#13615=ORIENTED_EDGE('',*,*,#14542,.F.);
#13616=ORIENTED_EDGE('',*,*,#15144,.F.);
#13617=ORIENTED_EDGE('',*,*,#14647,.T.);
#13618=ORIENTED_EDGE('',*,*,#15146,.T.);
#13619=ORIENTED_EDGE('',*,*,#14543,.F.);
#13620=ORIENTED_EDGE('',*,*,#15145,.F.);
#13621=ORIENTED_EDGE('',*,*,#14646,.T.);
#13622=ORIENTED_EDGE('',*,*,#15147,.T.);
#13623=ORIENTED_EDGE('',*,*,#14544,.F.);
#13624=ORIENTED_EDGE('',*,*,#15146,.F.);
#13625=ORIENTED_EDGE('',*,*,#15148,.T.);
#13626=ORIENTED_EDGE('',*,*,#14545,.F.);
#13627=ORIENTED_EDGE('',*,*,#15147,.F.);
#13628=ORIENTED_EDGE('',*,*,#14645,.T.);
#13629=ORIENTED_EDGE('',*,*,#14644,.T.);
#13630=ORIENTED_EDGE('',*,*,#15149,.T.);
#13631=ORIENTED_EDGE('',*,*,#14546,.F.);
#13632=ORIENTED_EDGE('',*,*,#15148,.F.);
#13633=ORIENTED_EDGE('',*,*,#14643,.T.);
#13634=ORIENTED_EDGE('',*,*,#15150,.T.);
#13635=ORIENTED_EDGE('',*,*,#14547,.F.);
#13636=ORIENTED_EDGE('',*,*,#15149,.F.);
#13637=ORIENTED_EDGE('',*,*,#14642,.T.);
#13638=ORIENTED_EDGE('',*,*,#15151,.T.);
#13639=ORIENTED_EDGE('',*,*,#14548,.F.);
#13640=ORIENTED_EDGE('',*,*,#15150,.F.);
#13641=ORIENTED_EDGE('',*,*,#15152,.T.);
#13642=ORIENTED_EDGE('',*,*,#14549,.F.);
#13643=ORIENTED_EDGE('',*,*,#15151,.F.);
#13644=ORIENTED_EDGE('',*,*,#14641,.T.);
#13645=ORIENTED_EDGE('',*,*,#14640,.T.);
#13646=ORIENTED_EDGE('',*,*,#15153,.T.);
#13647=ORIENTED_EDGE('',*,*,#14550,.F.);
#13648=ORIENTED_EDGE('',*,*,#15152,.F.);
#13649=ORIENTED_EDGE('',*,*,#14639,.T.);
#13650=ORIENTED_EDGE('',*,*,#15154,.T.);
#13651=ORIENTED_EDGE('',*,*,#14551,.F.);
#13652=ORIENTED_EDGE('',*,*,#15153,.F.);
#13653=ORIENTED_EDGE('',*,*,#14638,.T.);
#13654=ORIENTED_EDGE('',*,*,#15155,.T.);
#13655=ORIENTED_EDGE('',*,*,#14552,.F.);
#13656=ORIENTED_EDGE('',*,*,#15154,.F.);
#13657=ORIENTED_EDGE('',*,*,#15156,.T.);
#13658=ORIENTED_EDGE('',*,*,#14553,.F.);
#13659=ORIENTED_EDGE('',*,*,#15155,.F.);
#13660=ORIENTED_EDGE('',*,*,#14637,.T.);
#13661=ORIENTED_EDGE('',*,*,#14636,.T.);
#13662=ORIENTED_EDGE('',*,*,#15157,.T.);
#13663=ORIENTED_EDGE('',*,*,#14554,.F.);
#13664=ORIENTED_EDGE('',*,*,#15156,.F.);
#13665=ORIENTED_EDGE('',*,*,#14635,.T.);
#13666=ORIENTED_EDGE('',*,*,#15158,.T.);
#13667=ORIENTED_EDGE('',*,*,#14555,.F.);
#13668=ORIENTED_EDGE('',*,*,#15157,.F.);
#13669=ORIENTED_EDGE('',*,*,#14634,.T.);
#13670=ORIENTED_EDGE('',*,*,#15159,.T.);
#13671=ORIENTED_EDGE('',*,*,#14556,.F.);
#13672=ORIENTED_EDGE('',*,*,#15158,.F.);
#13673=ORIENTED_EDGE('',*,*,#15160,.T.);
#13674=ORIENTED_EDGE('',*,*,#14557,.F.);
#13675=ORIENTED_EDGE('',*,*,#15159,.F.);
#13676=ORIENTED_EDGE('',*,*,#14633,.T.);
#13677=ORIENTED_EDGE('',*,*,#14632,.T.);
#13678=ORIENTED_EDGE('',*,*,#15161,.T.);
#13679=ORIENTED_EDGE('',*,*,#14558,.F.);
#13680=ORIENTED_EDGE('',*,*,#15160,.F.);
#13681=ORIENTED_EDGE('',*,*,#14631,.T.);
#13682=ORIENTED_EDGE('',*,*,#15162,.T.);
#13683=ORIENTED_EDGE('',*,*,#14559,.F.);
#13684=ORIENTED_EDGE('',*,*,#15161,.F.);
#13685=ORIENTED_EDGE('',*,*,#14630,.T.);
#13686=ORIENTED_EDGE('',*,*,#15163,.T.);
#13687=ORIENTED_EDGE('',*,*,#14560,.F.);
#13688=ORIENTED_EDGE('',*,*,#15162,.F.);
#13689=ORIENTED_EDGE('',*,*,#14629,.T.);
#13690=ORIENTED_EDGE('',*,*,#15164,.T.);
#13691=ORIENTED_EDGE('',*,*,#14561,.F.);
#13692=ORIENTED_EDGE('',*,*,#15163,.F.);
#13693=ORIENTED_EDGE('',*,*,#14628,.T.);
#13694=ORIENTED_EDGE('',*,*,#14898,.T.);
#13695=ORIENTED_EDGE('',*,*,#14562,.F.);
#13696=ORIENTED_EDGE('',*,*,#15164,.F.);
#13697=ORIENTED_EDGE('',*,*,#14595,.F.);
#13698=ORIENTED_EDGE('',*,*,#15165,.F.);
#13699=ORIENTED_EDGE('',*,*,#15166,.T.);
#13700=ORIENTED_EDGE('',*,*,#14896,.F.);
#13701=ORIENTED_EDGE('',*,*,#15165,.T.);
#13702=ORIENTED_EDGE('',*,*,#15166,.F.);
#13703=ORIENTED_EDGE('',*,*,#15167,.T.);
#13704=ORIENTED_EDGE('',*,*,#15167,.F.);
#13705=ORIENTED_EDGE('',*,*,#15168,.T.);
#13706=ORIENTED_EDGE('',*,*,#15169,.T.);
#13707=ORIENTED_EDGE('',*,*,#15168,.F.);
#13708=ORIENTED_EDGE('',*,*,#15169,.F.);
#13709=ORIENTED_EDGE('',*,*,#15170,.T.);
#13710=ORIENTED_EDGE('',*,*,#15170,.F.);
#13711=ORIENTED_EDGE('',*,*,#15171,.T.);
#13712=ORIENTED_EDGE('',*,*,#15171,.F.);
#13713=ORIENTED_EDGE('',*,*,#15172,.T.);
#13714=ORIENTED_EDGE('',*,*,#15173,.T.);
#13715=ORIENTED_EDGE('',*,*,#15172,.F.);
#13716=ORIENTED_EDGE('',*,*,#15173,.F.);
#13717=ORIENTED_EDGE('',*,*,#15174,.T.);
#13718=ORIENTED_EDGE('',*,*,#15174,.F.);
#13719=ORIENTED_EDGE('',*,*,#15175,.T.);
#13720=ORIENTED_EDGE('',*,*,#15175,.F.);
#13721=ORIENTED_EDGE('',*,*,#15176,.T.);
#13722=ORIENTED_EDGE('',*,*,#15177,.T.);
#13723=ORIENTED_EDGE('',*,*,#15176,.F.);
#13724=ORIENTED_EDGE('',*,*,#15177,.F.);
#13725=ORIENTED_EDGE('',*,*,#15178,.T.);
#13726=ORIENTED_EDGE('',*,*,#15178,.F.);
#13727=ORIENTED_EDGE('',*,*,#15179,.T.);
#13728=ORIENTED_EDGE('',*,*,#15179,.F.);
#13729=ORIENTED_EDGE('',*,*,#15180,.T.);
#13730=ORIENTED_EDGE('',*,*,#15181,.T.);
#13731=ORIENTED_EDGE('',*,*,#15180,.F.);
#13732=ORIENTED_EDGE('',*,*,#15181,.F.);
#13733=ORIENTED_EDGE('',*,*,#15182,.T.);
#13734=ORIENTED_EDGE('',*,*,#15182,.F.);
#13735=ORIENTED_EDGE('',*,*,#15183,.T.);
#13736=ORIENTED_EDGE('',*,*,#15183,.F.);
#13737=ORIENTED_EDGE('',*,*,#15184,.T.);
#13738=ORIENTED_EDGE('',*,*,#15185,.T.);
#13739=ORIENTED_EDGE('',*,*,#15184,.F.);
#13740=ORIENTED_EDGE('',*,*,#15185,.F.);
#13741=ORIENTED_EDGE('',*,*,#15186,.T.);
#13742=ORIENTED_EDGE('',*,*,#15186,.F.);
#13743=ORIENTED_EDGE('',*,*,#15187,.T.);
#13744=ORIENTED_EDGE('',*,*,#15187,.F.);
#13745=ORIENTED_EDGE('',*,*,#15188,.T.);
#13746=ORIENTED_EDGE('',*,*,#15189,.T.);
#13747=ORIENTED_EDGE('',*,*,#15188,.F.);
#13748=ORIENTED_EDGE('',*,*,#15189,.F.);
#13749=ORIENTED_EDGE('',*,*,#15190,.T.);
#13750=ORIENTED_EDGE('',*,*,#15190,.F.);
#13751=ORIENTED_EDGE('',*,*,#15191,.T.);
#13752=ORIENTED_EDGE('',*,*,#15191,.F.);
#13753=ORIENTED_EDGE('',*,*,#15192,.T.);
#13754=ORIENTED_EDGE('',*,*,#15193,.T.);
#13755=ORIENTED_EDGE('',*,*,#15192,.F.);
#13756=ORIENTED_EDGE('',*,*,#15193,.F.);
#13757=ORIENTED_EDGE('',*,*,#15194,.T.);
#13758=ORIENTED_EDGE('',*,*,#15194,.F.);
#13759=ORIENTED_EDGE('',*,*,#15195,.T.);
#13760=ORIENTED_EDGE('',*,*,#15195,.F.);
#13761=ORIENTED_EDGE('',*,*,#15196,.T.);
#13762=ORIENTED_EDGE('',*,*,#15197,.T.);
#13763=ORIENTED_EDGE('',*,*,#15196,.F.);
#13764=ORIENTED_EDGE('',*,*,#15197,.F.);
#13765=ORIENTED_EDGE('',*,*,#15198,.T.);
#13766=ORIENTED_EDGE('',*,*,#15198,.F.);
#13767=ORIENTED_EDGE('',*,*,#15199,.T.);
#13768=ORIENTED_EDGE('',*,*,#15199,.F.);
#13769=ORIENTED_EDGE('',*,*,#15200,.T.);
#13770=ORIENTED_EDGE('',*,*,#15201,.T.);
#13771=ORIENTED_EDGE('',*,*,#15200,.F.);
#13772=ORIENTED_EDGE('',*,*,#15201,.F.);
#13773=ORIENTED_EDGE('',*,*,#15202,.T.);
#13774=ORIENTED_EDGE('',*,*,#15202,.F.);
#13775=ORIENTED_EDGE('',*,*,#15203,.T.);
#13776=ORIENTED_EDGE('',*,*,#15203,.F.);
#13777=ORIENTED_EDGE('',*,*,#15204,.T.);
#13778=ORIENTED_EDGE('',*,*,#15205,.T.);
#13779=ORIENTED_EDGE('',*,*,#15204,.F.);
#13780=ORIENTED_EDGE('',*,*,#15205,.F.);
#13781=ORIENTED_EDGE('',*,*,#15206,.T.);
#13782=ORIENTED_EDGE('',*,*,#15206,.F.);
#13783=ORIENTED_EDGE('',*,*,#15207,.T.);
#13784=ORIENTED_EDGE('',*,*,#15207,.F.);
#13785=ORIENTED_EDGE('',*,*,#15208,.T.);
#13786=ORIENTED_EDGE('',*,*,#15209,.T.);
#13787=ORIENTED_EDGE('',*,*,#15208,.F.);
#13788=ORIENTED_EDGE('',*,*,#15209,.F.);
#13789=ORIENTED_EDGE('',*,*,#15210,.T.);
#13790=ORIENTED_EDGE('',*,*,#15210,.F.);
#13791=ORIENTED_EDGE('',*,*,#15211,.T.);
#13792=ORIENTED_EDGE('',*,*,#15211,.F.);
#13793=ORIENTED_EDGE('',*,*,#15212,.T.);
#13794=ORIENTED_EDGE('',*,*,#15213,.T.);
#13795=ORIENTED_EDGE('',*,*,#15212,.F.);
#13796=ORIENTED_EDGE('',*,*,#15213,.F.);
#13797=ORIENTED_EDGE('',*,*,#15214,.T.);
#13798=ORIENTED_EDGE('',*,*,#15214,.F.);
#13799=ORIENTED_EDGE('',*,*,#15215,.T.);
#13800=ORIENTED_EDGE('',*,*,#15215,.F.);
#13801=ORIENTED_EDGE('',*,*,#15216,.T.);
#13802=ORIENTED_EDGE('',*,*,#15217,.T.);
#13803=ORIENTED_EDGE('',*,*,#15216,.F.);
#13804=ORIENTED_EDGE('',*,*,#15217,.F.);
#13805=ORIENTED_EDGE('',*,*,#15218,.T.);
#13806=ORIENTED_EDGE('',*,*,#15218,.F.);
#13807=ORIENTED_EDGE('',*,*,#15219,.T.);
#13808=ORIENTED_EDGE('',*,*,#15219,.F.);
#13809=ORIENTED_EDGE('',*,*,#15220,.T.);
#13810=ORIENTED_EDGE('',*,*,#15221,.T.);
#13811=ORIENTED_EDGE('',*,*,#15220,.F.);
#13812=ORIENTED_EDGE('',*,*,#15221,.F.);
#13813=ORIENTED_EDGE('',*,*,#15222,.T.);
#13814=ORIENTED_EDGE('',*,*,#15222,.F.);
#13815=ORIENTED_EDGE('',*,*,#15223,.T.);
#13816=ORIENTED_EDGE('',*,*,#15223,.F.);
#13817=ORIENTED_EDGE('',*,*,#15224,.T.);
#13818=ORIENTED_EDGE('',*,*,#15225,.T.);
#13819=ORIENTED_EDGE('',*,*,#15224,.F.);
#13820=ORIENTED_EDGE('',*,*,#15225,.F.);
#13821=ORIENTED_EDGE('',*,*,#15226,.T.);
#13822=ORIENTED_EDGE('',*,*,#15226,.F.);
#13823=ORIENTED_EDGE('',*,*,#15227,.T.);
#13824=ORIENTED_EDGE('',*,*,#15227,.F.);
#13825=ORIENTED_EDGE('',*,*,#15228,.T.);
#13826=ORIENTED_EDGE('',*,*,#15229,.T.);
#13827=ORIENTED_EDGE('',*,*,#15228,.F.);
#13828=ORIENTED_EDGE('',*,*,#15229,.F.);
#13829=ORIENTED_EDGE('',*,*,#15230,.T.);
#13830=ORIENTED_EDGE('',*,*,#15230,.F.);
#13831=ORIENTED_EDGE('',*,*,#15231,.T.);
#13832=ORIENTED_EDGE('',*,*,#15231,.F.);
#13833=ORIENTED_EDGE('',*,*,#15232,.T.);
#13834=ORIENTED_EDGE('',*,*,#15233,.T.);
#13835=ORIENTED_EDGE('',*,*,#15232,.F.);
#13836=ORIENTED_EDGE('',*,*,#15233,.F.);
#13837=ORIENTED_EDGE('',*,*,#15234,.T.);
#13838=ORIENTED_EDGE('',*,*,#15234,.F.);
#13839=ORIENTED_EDGE('',*,*,#15235,.T.);
#13840=ORIENTED_EDGE('',*,*,#15235,.F.);
#13841=ORIENTED_EDGE('',*,*,#15236,.T.);
#13842=ORIENTED_EDGE('',*,*,#15237,.T.);
#13843=ORIENTED_EDGE('',*,*,#15236,.F.);
#13844=ORIENTED_EDGE('',*,*,#15237,.F.);
#13845=ORIENTED_EDGE('',*,*,#15238,.T.);
#13846=ORIENTED_EDGE('',*,*,#15238,.F.);
#13847=ORIENTED_EDGE('',*,*,#15239,.T.);
#13848=ORIENTED_EDGE('',*,*,#15239,.F.);
#13849=ORIENTED_EDGE('',*,*,#15240,.T.);
#13850=ORIENTED_EDGE('',*,*,#15241,.T.);
#13851=ORIENTED_EDGE('',*,*,#15240,.F.);
#13852=ORIENTED_EDGE('',*,*,#15241,.F.);
#13853=ORIENTED_EDGE('',*,*,#15242,.T.);
#13854=ORIENTED_EDGE('',*,*,#15242,.F.);
#13855=ORIENTED_EDGE('',*,*,#15243,.T.);
#13856=ORIENTED_EDGE('',*,*,#15243,.F.);
#13857=ORIENTED_EDGE('',*,*,#15244,.T.);
#13858=ORIENTED_EDGE('',*,*,#15245,.T.);
#13859=ORIENTED_EDGE('',*,*,#15244,.F.);
#13860=ORIENTED_EDGE('',*,*,#15245,.F.);
#13861=ORIENTED_EDGE('',*,*,#15246,.T.);
#13862=ORIENTED_EDGE('',*,*,#15246,.F.);
#13863=ORIENTED_EDGE('',*,*,#15247,.T.);
#13864=ORIENTED_EDGE('',*,*,#15247,.F.);
#13865=ORIENTED_EDGE('',*,*,#15248,.T.);
#13866=ORIENTED_EDGE('',*,*,#15249,.T.);
#13867=ORIENTED_EDGE('',*,*,#15248,.F.);
#13868=ORIENTED_EDGE('',*,*,#15249,.F.);
#13869=ORIENTED_EDGE('',*,*,#15250,.T.);
#13870=ORIENTED_EDGE('',*,*,#15250,.F.);
#13871=ORIENTED_EDGE('',*,*,#15251,.T.);
#13872=ORIENTED_EDGE('',*,*,#15251,.F.);
#13873=ORIENTED_EDGE('',*,*,#15252,.T.);
#13874=ORIENTED_EDGE('',*,*,#15253,.T.);
#13875=ORIENTED_EDGE('',*,*,#15252,.F.);
#13876=ORIENTED_EDGE('',*,*,#15253,.F.);
#13877=ORIENTED_EDGE('',*,*,#15254,.T.);
#13878=ORIENTED_EDGE('',*,*,#15254,.F.);
#13879=ORIENTED_EDGE('',*,*,#15255,.T.);
#13880=ORIENTED_EDGE('',*,*,#15255,.F.);
#13881=ORIENTED_EDGE('',*,*,#15256,.T.);
#13882=ORIENTED_EDGE('',*,*,#15257,.T.);
#13883=ORIENTED_EDGE('',*,*,#15256,.F.);
#13884=ORIENTED_EDGE('',*,*,#15257,.F.);
#13885=ORIENTED_EDGE('',*,*,#15258,.T.);
#13886=ORIENTED_EDGE('',*,*,#15258,.F.);
#13887=ORIENTED_EDGE('',*,*,#15259,.T.);
#13888=ORIENTED_EDGE('',*,*,#15259,.F.);
#13889=ORIENTED_EDGE('',*,*,#15260,.T.);
#13890=ORIENTED_EDGE('',*,*,#15261,.T.);
#13891=ORIENTED_EDGE('',*,*,#15260,.F.);
#13892=ORIENTED_EDGE('',*,*,#15261,.F.);
#13893=ORIENTED_EDGE('',*,*,#15262,.T.);
#13894=ORIENTED_EDGE('',*,*,#15262,.F.);
#13895=ORIENTED_EDGE('',*,*,#15263,.T.);
#13896=ORIENTED_EDGE('',*,*,#15263,.F.);
#13897=ORIENTED_EDGE('',*,*,#15264,.T.);
#13898=ORIENTED_EDGE('',*,*,#15265,.T.);
#13899=ORIENTED_EDGE('',*,*,#15264,.F.);
#13900=ORIENTED_EDGE('',*,*,#15265,.F.);
#13901=ORIENTED_EDGE('',*,*,#15266,.T.);
#13902=ORIENTED_EDGE('',*,*,#15266,.F.);
#13903=ORIENTED_EDGE('',*,*,#15267,.T.);
#13904=ORIENTED_EDGE('',*,*,#15267,.F.);
#13905=ORIENTED_EDGE('',*,*,#15268,.T.);
#13906=ORIENTED_EDGE('',*,*,#15269,.T.);
#13907=ORIENTED_EDGE('',*,*,#15268,.F.);
#13908=ORIENTED_EDGE('',*,*,#15269,.F.);
#13909=ORIENTED_EDGE('',*,*,#15270,.T.);
#13910=ORIENTED_EDGE('',*,*,#15270,.F.);
#13911=ORIENTED_EDGE('',*,*,#15271,.T.);
#13912=ORIENTED_EDGE('',*,*,#15271,.F.);
#13913=ORIENTED_EDGE('',*,*,#15272,.T.);
#13914=ORIENTED_EDGE('',*,*,#15273,.T.);
#13915=ORIENTED_EDGE('',*,*,#15272,.F.);
#13916=ORIENTED_EDGE('',*,*,#15273,.F.);
#13917=ORIENTED_EDGE('',*,*,#15274,.T.);
#13918=ORIENTED_EDGE('',*,*,#15274,.F.);
#13919=ORIENTED_EDGE('',*,*,#15275,.T.);
#13920=ORIENTED_EDGE('',*,*,#15275,.F.);
#13921=ORIENTED_EDGE('',*,*,#15276,.T.);
#13922=ORIENTED_EDGE('',*,*,#15277,.T.);
#13923=ORIENTED_EDGE('',*,*,#15276,.F.);
#13924=ORIENTED_EDGE('',*,*,#15277,.F.);
#13925=ORIENTED_EDGE('',*,*,#15278,.T.);
#13926=ORIENTED_EDGE('',*,*,#15278,.F.);
#13927=ORIENTED_EDGE('',*,*,#15279,.T.);
#13928=ORIENTED_EDGE('',*,*,#15279,.F.);
#13929=ORIENTED_EDGE('',*,*,#15280,.T.);
#13930=ORIENTED_EDGE('',*,*,#15281,.T.);
#13931=ORIENTED_EDGE('',*,*,#15280,.F.);
#13932=ORIENTED_EDGE('',*,*,#15281,.F.);
#13933=ORIENTED_EDGE('',*,*,#15282,.T.);
#13934=ORIENTED_EDGE('',*,*,#15282,.F.);
#13935=ORIENTED_EDGE('',*,*,#15283,.T.);
#13936=ORIENTED_EDGE('',*,*,#15283,.F.);
#13937=ORIENTED_EDGE('',*,*,#15284,.T.);
#13938=ORIENTED_EDGE('',*,*,#15285,.T.);
#13939=ORIENTED_EDGE('',*,*,#15284,.F.);
#13940=ORIENTED_EDGE('',*,*,#15285,.F.);
#13941=ORIENTED_EDGE('',*,*,#15286,.T.);
#13942=ORIENTED_EDGE('',*,*,#15286,.F.);
#13943=ORIENTED_EDGE('',*,*,#15287,.T.);
#13944=ORIENTED_EDGE('',*,*,#15287,.F.);
#13945=ORIENTED_EDGE('',*,*,#15288,.T.);
#13946=ORIENTED_EDGE('',*,*,#15289,.T.);
#13947=ORIENTED_EDGE('',*,*,#15288,.F.);
#13948=ORIENTED_EDGE('',*,*,#15289,.F.);
#13949=ORIENTED_EDGE('',*,*,#15290,.T.);
#13950=ORIENTED_EDGE('',*,*,#15290,.F.);
#13951=ORIENTED_EDGE('',*,*,#15291,.T.);
#13952=ORIENTED_EDGE('',*,*,#15291,.F.);
#13953=ORIENTED_EDGE('',*,*,#15292,.T.);
#13954=ORIENTED_EDGE('',*,*,#15293,.T.);
#13955=ORIENTED_EDGE('',*,*,#15292,.F.);
#13956=ORIENTED_EDGE('',*,*,#15293,.F.);
#13957=ORIENTED_EDGE('',*,*,#15294,.T.);
#13958=ORIENTED_EDGE('',*,*,#15294,.F.);
#13959=ORIENTED_EDGE('',*,*,#15295,.T.);
#13960=ORIENTED_EDGE('',*,*,#15295,.F.);
#13961=ORIENTED_EDGE('',*,*,#15296,.T.);
#13962=ORIENTED_EDGE('',*,*,#15297,.T.);
#13963=ORIENTED_EDGE('',*,*,#15296,.F.);
#13964=ORIENTED_EDGE('',*,*,#15297,.F.);
#13965=ORIENTED_EDGE('',*,*,#15298,.T.);
#13966=ORIENTED_EDGE('',*,*,#15298,.F.);
#13967=ORIENTED_EDGE('',*,*,#15299,.T.);
#13968=ORIENTED_EDGE('',*,*,#15299,.F.);
#13969=ORIENTED_EDGE('',*,*,#15300,.T.);
#13970=ORIENTED_EDGE('',*,*,#15301,.T.);
#13971=ORIENTED_EDGE('',*,*,#15300,.F.);
#13972=ORIENTED_EDGE('',*,*,#15301,.F.);
#13973=ORIENTED_EDGE('',*,*,#15302,.T.);
#13974=ORIENTED_EDGE('',*,*,#15302,.F.);
#13975=ORIENTED_EDGE('',*,*,#15303,.T.);
#13976=ORIENTED_EDGE('',*,*,#15303,.F.);
#13977=ORIENTED_EDGE('',*,*,#15304,.T.);
#13978=ORIENTED_EDGE('',*,*,#15305,.T.);
#13979=ORIENTED_EDGE('',*,*,#15304,.F.);
#13980=ORIENTED_EDGE('',*,*,#15305,.F.);
#13981=ORIENTED_EDGE('',*,*,#15306,.T.);
#13982=ORIENTED_EDGE('',*,*,#15306,.F.);
#13983=ORIENTED_EDGE('',*,*,#15307,.T.);
#13984=ORIENTED_EDGE('',*,*,#15307,.F.);
#13985=ORIENTED_EDGE('',*,*,#15308,.T.);
#13986=ORIENTED_EDGE('',*,*,#15309,.T.);
#13987=ORIENTED_EDGE('',*,*,#15308,.F.);
#13988=ORIENTED_EDGE('',*,*,#15309,.F.);
#13989=ORIENTED_EDGE('',*,*,#15310,.T.);
#13990=ORIENTED_EDGE('',*,*,#15310,.F.);
#13991=ORIENTED_EDGE('',*,*,#15311,.T.);
#13992=ORIENTED_EDGE('',*,*,#15311,.F.);
#13993=ORIENTED_EDGE('',*,*,#15312,.T.);
#13994=ORIENTED_EDGE('',*,*,#15313,.T.);
#13995=ORIENTED_EDGE('',*,*,#15312,.F.);
#13996=ORIENTED_EDGE('',*,*,#15313,.F.);
#13997=ORIENTED_EDGE('',*,*,#15314,.T.);
#13998=ORIENTED_EDGE('',*,*,#15314,.F.);
#13999=ORIENTED_EDGE('',*,*,#15315,.T.);
#14000=ORIENTED_EDGE('',*,*,#15315,.F.);
#14001=ORIENTED_EDGE('',*,*,#15316,.T.);
#14002=ORIENTED_EDGE('',*,*,#15317,.T.);
#14003=ORIENTED_EDGE('',*,*,#15316,.F.);
#14004=ORIENTED_EDGE('',*,*,#15317,.F.);
#14005=ORIENTED_EDGE('',*,*,#15318,.T.);
#14006=ORIENTED_EDGE('',*,*,#15318,.F.);
#14007=ORIENTED_EDGE('',*,*,#15319,.T.);
#14008=ORIENTED_EDGE('',*,*,#15319,.F.);
#14009=ORIENTED_EDGE('',*,*,#15320,.T.);
#14010=ORIENTED_EDGE('',*,*,#15321,.T.);
#14011=ORIENTED_EDGE('',*,*,#15320,.F.);
#14012=ORIENTED_EDGE('',*,*,#15321,.F.);
#14013=ORIENTED_EDGE('',*,*,#15322,.T.);
#14014=ORIENTED_EDGE('',*,*,#15322,.F.);
#14015=ORIENTED_EDGE('',*,*,#15323,.T.);
#14016=ORIENTED_EDGE('',*,*,#15323,.F.);
#14017=ORIENTED_EDGE('',*,*,#15324,.T.);
#14018=ORIENTED_EDGE('',*,*,#15325,.T.);
#14019=ORIENTED_EDGE('',*,*,#15324,.F.);
#14020=ORIENTED_EDGE('',*,*,#15325,.F.);
#14021=ORIENTED_EDGE('',*,*,#15326,.T.);
#14022=ORIENTED_EDGE('',*,*,#15326,.F.);
#14023=ORIENTED_EDGE('',*,*,#15327,.T.);
#14024=ORIENTED_EDGE('',*,*,#15327,.F.);
#14025=ORIENTED_EDGE('',*,*,#15328,.T.);
#14026=ORIENTED_EDGE('',*,*,#15329,.T.);
#14027=ORIENTED_EDGE('',*,*,#15328,.F.);
#14028=ORIENTED_EDGE('',*,*,#15329,.F.);
#14029=ORIENTED_EDGE('',*,*,#15330,.T.);
#14030=ORIENTED_EDGE('',*,*,#15330,.F.);
#14031=ORIENTED_EDGE('',*,*,#15331,.T.);
#14032=ORIENTED_EDGE('',*,*,#15331,.F.);
#14033=ORIENTED_EDGE('',*,*,#15332,.T.);
#14034=ORIENTED_EDGE('',*,*,#15333,.T.);
#14035=ORIENTED_EDGE('',*,*,#15332,.F.);
#14036=ORIENTED_EDGE('',*,*,#15333,.F.);
#14037=ORIENTED_EDGE('',*,*,#15334,.T.);
#14038=ORIENTED_EDGE('',*,*,#15334,.F.);
#14039=ORIENTED_EDGE('',*,*,#15335,.T.);
#14040=ORIENTED_EDGE('',*,*,#15335,.F.);
#14041=ORIENTED_EDGE('',*,*,#15336,.T.);
#14042=ORIENTED_EDGE('',*,*,#15337,.T.);
#14043=ORIENTED_EDGE('',*,*,#15336,.F.);
#14044=ORIENTED_EDGE('',*,*,#15337,.F.);
#14045=ORIENTED_EDGE('',*,*,#15338,.T.);
#14046=ORIENTED_EDGE('',*,*,#15338,.F.);
#14047=ORIENTED_EDGE('',*,*,#15339,.T.);
#14048=ORIENTED_EDGE('',*,*,#15339,.F.);
#14049=ORIENTED_EDGE('',*,*,#15340,.T.);
#14050=ORIENTED_EDGE('',*,*,#15341,.T.);
#14051=ORIENTED_EDGE('',*,*,#15340,.F.);
#14052=ORIENTED_EDGE('',*,*,#15341,.F.);
#14053=ORIENTED_EDGE('',*,*,#15342,.T.);
#14054=ORIENTED_EDGE('',*,*,#15342,.F.);
#14055=ORIENTED_EDGE('',*,*,#15343,.T.);
#14056=ORIENTED_EDGE('',*,*,#15343,.F.);
#14057=ORIENTED_EDGE('',*,*,#15344,.T.);
#14058=ORIENTED_EDGE('',*,*,#15345,.T.);
#14059=ORIENTED_EDGE('',*,*,#15344,.F.);
#14060=ORIENTED_EDGE('',*,*,#15345,.F.);
#14061=ORIENTED_EDGE('',*,*,#15346,.T.);
#14062=ORIENTED_EDGE('',*,*,#15346,.F.);
#14063=ORIENTED_EDGE('',*,*,#15347,.T.);
#14064=ORIENTED_EDGE('',*,*,#15347,.F.);
#14065=ORIENTED_EDGE('',*,*,#15348,.T.);
#14066=ORIENTED_EDGE('',*,*,#15349,.T.);
#14067=ORIENTED_EDGE('',*,*,#15348,.F.);
#14068=ORIENTED_EDGE('',*,*,#15349,.F.);
#14069=ORIENTED_EDGE('',*,*,#15350,.T.);
#14070=ORIENTED_EDGE('',*,*,#15350,.F.);
#14071=ORIENTED_EDGE('',*,*,#15351,.T.);
#14072=ORIENTED_EDGE('',*,*,#15351,.F.);
#14073=ORIENTED_EDGE('',*,*,#15352,.T.);
#14074=ORIENTED_EDGE('',*,*,#15353,.T.);
#14075=ORIENTED_EDGE('',*,*,#15352,.F.);
#14076=ORIENTED_EDGE('',*,*,#15353,.F.);
#14077=ORIENTED_EDGE('',*,*,#15354,.T.);
#14078=ORIENTED_EDGE('',*,*,#15354,.F.);
#14079=ORIENTED_EDGE('',*,*,#15355,.T.);
#14080=ORIENTED_EDGE('',*,*,#15355,.F.);
#14081=ORIENTED_EDGE('',*,*,#15356,.T.);
#14082=ORIENTED_EDGE('',*,*,#15357,.T.);
#14083=ORIENTED_EDGE('',*,*,#15356,.F.);
#14084=ORIENTED_EDGE('',*,*,#15357,.F.);
#14085=ORIENTED_EDGE('',*,*,#15358,.T.);
#14086=ORIENTED_EDGE('',*,*,#15358,.F.);
#14087=ORIENTED_EDGE('',*,*,#15359,.T.);
#14088=ORIENTED_EDGE('',*,*,#15359,.F.);
#14089=ORIENTED_EDGE('',*,*,#15360,.T.);
#14090=ORIENTED_EDGE('',*,*,#15361,.T.);
#14091=ORIENTED_EDGE('',*,*,#15360,.F.);
#14092=ORIENTED_EDGE('',*,*,#15361,.F.);
#14093=ORIENTED_EDGE('',*,*,#15362,.T.);
#14094=ORIENTED_EDGE('',*,*,#15362,.F.);
#14095=ORIENTED_EDGE('',*,*,#15363,.T.);
#14096=ORIENTED_EDGE('',*,*,#15363,.F.);
#14097=ORIENTED_EDGE('',*,*,#15364,.T.);
#14098=ORIENTED_EDGE('',*,*,#15365,.T.);
#14099=ORIENTED_EDGE('',*,*,#15364,.F.);
#14100=ORIENTED_EDGE('',*,*,#15365,.F.);
#14101=ORIENTED_EDGE('',*,*,#15366,.T.);
#14102=ORIENTED_EDGE('',*,*,#15366,.F.);
#14103=ORIENTED_EDGE('',*,*,#15367,.T.);
#14104=ORIENTED_EDGE('',*,*,#15367,.F.);
#14105=ORIENTED_EDGE('',*,*,#15368,.T.);
#14106=ORIENTED_EDGE('',*,*,#15369,.T.);
#14107=ORIENTED_EDGE('',*,*,#15368,.F.);
#14108=ORIENTED_EDGE('',*,*,#15369,.F.);
#14109=ORIENTED_EDGE('',*,*,#15370,.T.);
#14110=ORIENTED_EDGE('',*,*,#15370,.F.);
#14111=ORIENTED_EDGE('',*,*,#15371,.T.);
#14112=ORIENTED_EDGE('',*,*,#15371,.F.);
#14113=ORIENTED_EDGE('',*,*,#15372,.T.);
#14114=ORIENTED_EDGE('',*,*,#15373,.T.);
#14115=ORIENTED_EDGE('',*,*,#15372,.F.);
#14116=ORIENTED_EDGE('',*,*,#15373,.F.);
#14117=ORIENTED_EDGE('',*,*,#15374,.T.);
#14118=ORIENTED_EDGE('',*,*,#15374,.F.);
#14119=ORIENTED_EDGE('',*,*,#15375,.T.);
#14120=ORIENTED_EDGE('',*,*,#15375,.F.);
#14121=ORIENTED_EDGE('',*,*,#15376,.T.);
#14122=ORIENTED_EDGE('',*,*,#15377,.T.);
#14123=ORIENTED_EDGE('',*,*,#15376,.F.);
#14124=ORIENTED_EDGE('',*,*,#15377,.F.);
#14125=ORIENTED_EDGE('',*,*,#15378,.T.);
#14126=ORIENTED_EDGE('',*,*,#15378,.F.);
#14127=ORIENTED_EDGE('',*,*,#15379,.T.);
#14128=ORIENTED_EDGE('',*,*,#15379,.F.);
#14129=ORIENTED_EDGE('',*,*,#15380,.T.);
#14130=ORIENTED_EDGE('',*,*,#15381,.T.);
#14131=ORIENTED_EDGE('',*,*,#15380,.F.);
#14132=ORIENTED_EDGE('',*,*,#15381,.F.);
#14133=ORIENTED_EDGE('',*,*,#15382,.T.);
#14134=ORIENTED_EDGE('',*,*,#15382,.F.);
#14135=ORIENTED_EDGE('',*,*,#15383,.T.);
#14136=ORIENTED_EDGE('',*,*,#15383,.F.);
#14137=ORIENTED_EDGE('',*,*,#15384,.T.);
#14138=ORIENTED_EDGE('',*,*,#15385,.T.);
#14139=ORIENTED_EDGE('',*,*,#15384,.F.);
#14140=ORIENTED_EDGE('',*,*,#15385,.F.);
#14141=ORIENTED_EDGE('',*,*,#15386,.T.);
#14142=ORIENTED_EDGE('',*,*,#15386,.F.);
#14143=ORIENTED_EDGE('',*,*,#15387,.T.);
#14144=ORIENTED_EDGE('',*,*,#15387,.F.);
#14145=ORIENTED_EDGE('',*,*,#15388,.T.);
#14146=ORIENTED_EDGE('',*,*,#15389,.T.);
#14147=ORIENTED_EDGE('',*,*,#15388,.F.);
#14148=ORIENTED_EDGE('',*,*,#15389,.F.);
#14149=ORIENTED_EDGE('',*,*,#15390,.T.);
#14150=ORIENTED_EDGE('',*,*,#15390,.F.);
#14151=ORIENTED_EDGE('',*,*,#15391,.T.);
#14152=ORIENTED_EDGE('',*,*,#15391,.F.);
#14153=ORIENTED_EDGE('',*,*,#15392,.T.);
#14154=ORIENTED_EDGE('',*,*,#15393,.T.);
#14155=ORIENTED_EDGE('',*,*,#15392,.F.);
#14156=ORIENTED_EDGE('',*,*,#15393,.F.);
#14157=ORIENTED_EDGE('',*,*,#15394,.T.);
#14158=ORIENTED_EDGE('',*,*,#15394,.F.);
#14159=ORIENTED_EDGE('',*,*,#15395,.T.);
#14160=ORIENTED_EDGE('',*,*,#15395,.F.);
#14161=ORIENTED_EDGE('',*,*,#15396,.T.);
#14162=ORIENTED_EDGE('',*,*,#15397,.T.);
#14163=ORIENTED_EDGE('',*,*,#15396,.F.);
#14164=ORIENTED_EDGE('',*,*,#15397,.F.);
#14165=ORIENTED_EDGE('',*,*,#15398,.T.);
#14166=ORIENTED_EDGE('',*,*,#15398,.F.);
#14167=ORIENTED_EDGE('',*,*,#15399,.T.);
#14168=ORIENTED_EDGE('',*,*,#15399,.F.);
#14169=ORIENTED_EDGE('',*,*,#15400,.T.);
#14170=ORIENTED_EDGE('',*,*,#15401,.T.);
#14171=ORIENTED_EDGE('',*,*,#15400,.F.);
#14172=ORIENTED_EDGE('',*,*,#15401,.F.);
#14173=ORIENTED_EDGE('',*,*,#15402,.T.);
#14174=ORIENTED_EDGE('',*,*,#15402,.F.);
#14175=ORIENTED_EDGE('',*,*,#15403,.T.);
#14176=ORIENTED_EDGE('',*,*,#15403,.F.);
#14177=ORIENTED_EDGE('',*,*,#15404,.T.);
#14178=ORIENTED_EDGE('',*,*,#15405,.T.);
#14179=ORIENTED_EDGE('',*,*,#15404,.F.);
#14180=ORIENTED_EDGE('',*,*,#15405,.F.);
#14181=ORIENTED_EDGE('',*,*,#15406,.T.);
#14182=ORIENTED_EDGE('',*,*,#15406,.F.);
#14183=ORIENTED_EDGE('',*,*,#15407,.T.);
#14184=ORIENTED_EDGE('',*,*,#15407,.F.);
#14185=ORIENTED_EDGE('',*,*,#15408,.T.);
#14186=ORIENTED_EDGE('',*,*,#15409,.T.);
#14187=ORIENTED_EDGE('',*,*,#15408,.F.);
#14188=ORIENTED_EDGE('',*,*,#15409,.F.);
#14189=ORIENTED_EDGE('',*,*,#15410,.T.);
#14190=ORIENTED_EDGE('',*,*,#15410,.F.);
#14191=ORIENTED_EDGE('',*,*,#15411,.T.);
#14192=ORIENTED_EDGE('',*,*,#15411,.F.);
#14193=ORIENTED_EDGE('',*,*,#15412,.T.);
#14194=ORIENTED_EDGE('',*,*,#15413,.T.);
#14195=ORIENTED_EDGE('',*,*,#15412,.F.);
#14196=ORIENTED_EDGE('',*,*,#15413,.F.);
#14197=ORIENTED_EDGE('',*,*,#15414,.T.);
#14198=ORIENTED_EDGE('',*,*,#15414,.F.);
#14199=ORIENTED_EDGE('',*,*,#15415,.T.);
#14200=ORIENTED_EDGE('',*,*,#15415,.F.);
#14201=ORIENTED_EDGE('',*,*,#15416,.T.);
#14202=ORIENTED_EDGE('',*,*,#15417,.T.);
#14203=ORIENTED_EDGE('',*,*,#15416,.F.);
#14204=ORIENTED_EDGE('',*,*,#15417,.F.);
#14205=ORIENTED_EDGE('',*,*,#15418,.T.);
#14206=ORIENTED_EDGE('',*,*,#15418,.F.);
#14207=ORIENTED_EDGE('',*,*,#15419,.T.);
#14208=ORIENTED_EDGE('',*,*,#15419,.F.);
#14209=ORIENTED_EDGE('',*,*,#15420,.T.);
#14210=ORIENTED_EDGE('',*,*,#15421,.T.);
#14211=ORIENTED_EDGE('',*,*,#15420,.F.);
#14212=ORIENTED_EDGE('',*,*,#15421,.F.);
#14213=ORIENTED_EDGE('',*,*,#15422,.T.);
#14214=ORIENTED_EDGE('',*,*,#15422,.F.);
#14215=ORIENTED_EDGE('',*,*,#15423,.T.);
#14216=ORIENTED_EDGE('',*,*,#15423,.F.);
#14217=ORIENTED_EDGE('',*,*,#15424,.T.);
#14218=ORIENTED_EDGE('',*,*,#15425,.T.);
#14219=ORIENTED_EDGE('',*,*,#15424,.F.);
#14220=ORIENTED_EDGE('',*,*,#15425,.F.);
#14221=ORIENTED_EDGE('',*,*,#15426,.T.);
#14222=ORIENTED_EDGE('',*,*,#15426,.F.);
#14223=ORIENTED_EDGE('',*,*,#15427,.T.);
#14224=ORIENTED_EDGE('',*,*,#15427,.F.);
#14225=ORIENTED_EDGE('',*,*,#15428,.T.);
#14226=ORIENTED_EDGE('',*,*,#15429,.T.);
#14227=ORIENTED_EDGE('',*,*,#15428,.F.);
#14228=ORIENTED_EDGE('',*,*,#15429,.F.);
#14229=ORIENTED_EDGE('',*,*,#15430,.T.);
#14230=ORIENTED_EDGE('',*,*,#15430,.F.);
#14231=EDGE_CURVE('',#15431,#15431,#15432,.T.);
#14232=EDGE_CURVE('',#15433,#15433,#15434,.T.);
#14233=EDGE_CURVE('',#15435,#15435,#15436,.T.);
#14234=EDGE_CURVE('',#15437,#15437,#15438,.T.);
#14235=EDGE_CURVE('',#15439,#15439,#15440,.T.);
#14236=EDGE_CURVE('',#15441,#15441,#15442,.T.);
#14237=EDGE_CURVE('',#15443,#15443,#15444,.T.);
#14238=EDGE_CURVE('',#15445,#15445,#15446,.T.);
#14239=EDGE_CURVE('',#15447,#15447,#15448,.T.);
#14240=EDGE_CURVE('',#15449,#15449,#15450,.T.);
#14241=EDGE_CURVE('',#15451,#15451,#15452,.T.);
#14242=EDGE_CURVE('',#15453,#15453,#15454,.T.);
#14243=EDGE_CURVE('',#15455,#15455,#15456,.T.);
#14244=EDGE_CURVE('',#15457,#15457,#15458,.T.);
#14245=EDGE_CURVE('',#15459,#15459,#15460,.T.);
#14246=EDGE_CURVE('',#15461,#15461,#15462,.T.);
#14247=EDGE_CURVE('',#15463,#15463,#15464,.T.);
#14248=EDGE_CURVE('',#15465,#15465,#15466,.T.);
#14249=EDGE_CURVE('',#15467,#15467,#15468,.T.);
#14250=EDGE_CURVE('',#15469,#15469,#15470,.T.);
#14251=EDGE_CURVE('',#15471,#15471,#15472,.T.);
#14252=EDGE_CURVE('',#15473,#15473,#15474,.T.);
#14253=EDGE_CURVE('',#15475,#15475,#15476,.T.);
#14254=EDGE_CURVE('',#15477,#15477,#15478,.T.);
#14255=EDGE_CURVE('',#15479,#15479,#15480,.T.);
#14256=EDGE_CURVE('',#15481,#15481,#15482,.T.);
#14257=EDGE_CURVE('',#15483,#15483,#15484,.T.);
#14258=EDGE_CURVE('',#15485,#15485,#15486,.T.);
#14259=EDGE_CURVE('',#15487,#15487,#15488,.T.);
#14260=EDGE_CURVE('',#15489,#15489,#15490,.T.);
#14261=EDGE_CURVE('',#15491,#15491,#15492,.T.);
#14262=EDGE_CURVE('',#15493,#15493,#15494,.T.);
#14263=EDGE_CURVE('',#15495,#15495,#15496,.T.);
#14264=EDGE_CURVE('',#15497,#15497,#15498,.T.);
#14265=EDGE_CURVE('',#15499,#15499,#15500,.T.);
#14266=EDGE_CURVE('',#15501,#15501,#15502,.T.);
#14267=EDGE_CURVE('',#15503,#15503,#15504,.T.);
#14268=EDGE_CURVE('',#15505,#15505,#15506,.T.);
#14269=EDGE_CURVE('',#15507,#15507,#15508,.T.);
#14270=EDGE_CURVE('',#15509,#15509,#15510,.T.);
#14271=EDGE_CURVE('',#15511,#15511,#15512,.T.);
#14272=EDGE_CURVE('',#15513,#15513,#15514,.T.);
#14273=EDGE_CURVE('',#15515,#15515,#15516,.T.);
#14274=EDGE_CURVE('',#15517,#15517,#15518,.T.);
#14275=EDGE_CURVE('',#15519,#15519,#15520,.T.);
#14276=EDGE_CURVE('',#15521,#15521,#15522,.T.);
#14277=EDGE_CURVE('',#15523,#15523,#15524,.T.);
#14278=EDGE_CURVE('',#15525,#15525,#15526,.T.);
#14279=EDGE_CURVE('',#15527,#15527,#15528,.T.);
#14280=EDGE_CURVE('',#15529,#15529,#15530,.T.);
#14281=EDGE_CURVE('',#15531,#15531,#15532,.T.);
#14282=EDGE_CURVE('',#15533,#15533,#15534,.T.);
#14283=EDGE_CURVE('',#15535,#15535,#15536,.T.);
#14284=EDGE_CURVE('',#15537,#15537,#15538,.T.);
#14285=EDGE_CURVE('',#15539,#15539,#15540,.T.);
#14286=EDGE_CURVE('',#15541,#15541,#15542,.T.);
#14287=EDGE_CURVE('',#15543,#15543,#15544,.T.);
#14288=EDGE_CURVE('',#15545,#15545,#15546,.T.);
#14289=EDGE_CURVE('',#15547,#15547,#15548,.T.);
#14290=EDGE_CURVE('',#15549,#15549,#15550,.T.);
#14291=EDGE_CURVE('',#15551,#15551,#15552,.T.);
#14292=EDGE_CURVE('',#15553,#15553,#15554,.T.);
#14293=EDGE_CURVE('',#15555,#15555,#15556,.T.);
#14294=EDGE_CURVE('',#15557,#15557,#15558,.T.);
#14295=EDGE_CURVE('',#15559,#15560,#15561,.T.);
#14296=EDGE_CURVE('',#15560,#15562,#15563,.T.);
#14297=EDGE_CURVE('',#15562,#15564,#15565,.T.);
#14298=EDGE_CURVE('',#15564,#15566,#15567,.T.);
#14299=EDGE_CURVE('',#15566,#15568,#15569,.T.);
#14300=EDGE_CURVE('',#15568,#15570,#15571,.T.);
#14301=EDGE_CURVE('',#15570,#15572,#15573,.T.);
#14302=EDGE_CURVE('',#15572,#15574,#15575,.T.);
#14303=EDGE_CURVE('',#15574,#15576,#15577,.T.);
#14304=EDGE_CURVE('',#15576,#15578,#15579,.T.);
#14305=EDGE_CURVE('',#15578,#15580,#15581,.T.);
#14306=EDGE_CURVE('',#15580,#15582,#15583,.T.);
#14307=EDGE_CURVE('',#15582,#15584,#15585,.T.);
#14308=EDGE_CURVE('',#15584,#15586,#15587,.T.);
#14309=EDGE_CURVE('',#15586,#15588,#15589,.T.);
#14310=EDGE_CURVE('',#15588,#15590,#15591,.T.);
#14311=EDGE_CURVE('',#15590,#15592,#15593,.T.);
#14312=EDGE_CURVE('',#15592,#15594,#15595,.T.);
#14313=EDGE_CURVE('',#15594,#15596,#15597,.T.);
#14314=EDGE_CURVE('',#15596,#15598,#15599,.T.);
#14315=EDGE_CURVE('',#15598,#15600,#15601,.T.);
#14316=EDGE_CURVE('',#15600,#15602,#15603,.T.);
#14317=EDGE_CURVE('',#15602,#15604,#15605,.T.);
#14318=EDGE_CURVE('',#15604,#15606,#15607,.T.);
#14319=EDGE_CURVE('',#15606,#15608,#15609,.T.);
#14320=EDGE_CURVE('',#15608,#15610,#15611,.T.);
#14321=EDGE_CURVE('',#15610,#15612,#15613,.T.);
#14322=EDGE_CURVE('',#15612,#15614,#15615,.T.);
#14323=EDGE_CURVE('',#15614,#15616,#15617,.T.);
#14324=EDGE_CURVE('',#15616,#15618,#15619,.T.);
#14325=EDGE_CURVE('',#15618,#15620,#15621,.T.);
#14326=EDGE_CURVE('',#15620,#15622,#15623,.T.);
#14327=EDGE_CURVE('',#15622,#15624,#15625,.T.);
#14328=EDGE_CURVE('',#15624,#15626,#15627,.T.);
#14329=EDGE_CURVE('',#15626,#15628,#15629,.T.);
#14330=EDGE_CURVE('',#15628,#15630,#15631,.T.);
#14331=EDGE_CURVE('',#15630,#15632,#15633,.T.);
#14332=EDGE_CURVE('',#15632,#15634,#15635,.T.);
#14333=EDGE_CURVE('',#15634,#15636,#15637,.T.);
#14334=EDGE_CURVE('',#15636,#15638,#15639,.T.);
#14335=EDGE_CURVE('',#15638,#15640,#15641,.T.);
#14336=EDGE_CURVE('',#15640,#15642,#15643,.T.);
#14337=EDGE_CURVE('',#15642,#15644,#15645,.T.);
#14338=EDGE_CURVE('',#15644,#15646,#15647,.T.);
#14339=EDGE_CURVE('',#15646,#15648,#15649,.T.);
#14340=EDGE_CURVE('',#15648,#15650,#15651,.T.);
#14341=EDGE_CURVE('',#15650,#15652,#15653,.T.);
#14342=EDGE_CURVE('',#15652,#15654,#15655,.T.);
#14343=EDGE_CURVE('',#15654,#15656,#15657,.T.);
#14344=EDGE_CURVE('',#15656,#15658,#15659,.T.);
#14345=EDGE_CURVE('',#15658,#15660,#15661,.T.);
#14346=EDGE_CURVE('',#15660,#15662,#15663,.T.);
#14347=EDGE_CURVE('',#15662,#15664,#15665,.T.);
#14348=EDGE_CURVE('',#15664,#15666,#15667,.T.);
#14349=EDGE_CURVE('',#15666,#15668,#15669,.T.);
#14350=EDGE_CURVE('',#15668,#15670,#15671,.T.);
#14351=EDGE_CURVE('',#15670,#15672,#15673,.T.);
#14352=EDGE_CURVE('',#15672,#15674,#15675,.T.);
#14353=EDGE_CURVE('',#15674,#15676,#15677,.T.);
#14354=EDGE_CURVE('',#15676,#15678,#15679,.T.);
#14355=EDGE_CURVE('',#15678,#15680,#15681,.T.);
#14356=EDGE_CURVE('',#15680,#15682,#15683,.T.);
#14357=EDGE_CURVE('',#15682,#15684,#15685,.T.);
#14358=EDGE_CURVE('',#15684,#15686,#15687,.T.);
#14359=EDGE_CURVE('',#15686,#15688,#15689,.T.);
#14360=EDGE_CURVE('',#15688,#15690,#15691,.T.);
#14361=EDGE_CURVE('',#15690,#15692,#15693,.T.);
#14362=EDGE_CURVE('',#15692,#15694,#15695,.T.);
#14363=EDGE_CURVE('',#15694,#15696,#15697,.T.);
#14364=EDGE_CURVE('',#15696,#15698,#15699,.T.);
#14365=EDGE_CURVE('',#15698,#15700,#15701,.T.);
#14366=EDGE_CURVE('',#15700,#15702,#15703,.T.);
#14367=EDGE_CURVE('',#15702,#15704,#15705,.T.);
#14368=EDGE_CURVE('',#15704,#15706,#15707,.T.);
#14369=EDGE_CURVE('',#15706,#15708,#15709,.T.);
#14370=EDGE_CURVE('',#15708,#15710,#15711,.T.);
#14371=EDGE_CURVE('',#15710,#15712,#15713,.T.);
#14372=EDGE_CURVE('',#15712,#15714,#15715,.T.);
#14373=EDGE_CURVE('',#15714,#15716,#15717,.T.);
#14374=EDGE_CURVE('',#15716,#15718,#15719,.T.);
#14375=EDGE_CURVE('',#15718,#15720,#15721,.T.);
#14376=EDGE_CURVE('',#15720,#15722,#15723,.T.);
#14377=EDGE_CURVE('',#15722,#15724,#15725,.T.);
#14378=EDGE_CURVE('',#15724,#15726,#15727,.T.);
#14379=EDGE_CURVE('',#15726,#15728,#15729,.T.);
#14380=EDGE_CURVE('',#15728,#15730,#15731,.T.);
#14381=EDGE_CURVE('',#15730,#15732,#15733,.T.);
#14382=EDGE_CURVE('',#15732,#15734,#15735,.T.);
#14383=EDGE_CURVE('',#15734,#15736,#15737,.T.);
#14384=EDGE_CURVE('',#15736,#15738,#15739,.T.);
#14385=EDGE_CURVE('',#15738,#15740,#15741,.T.);
#14386=EDGE_CURVE('',#15740,#15742,#15743,.T.);
#14387=EDGE_CURVE('',#15742,#15744,#15745,.T.);
#14388=EDGE_CURVE('',#15744,#15746,#15747,.T.);
#14389=EDGE_CURVE('',#15746,#15748,#15749,.T.);
#14390=EDGE_CURVE('',#15748,#15750,#15751,.T.);
#14391=EDGE_CURVE('',#15750,#15752,#15753,.T.);
#14392=EDGE_CURVE('',#15752,#15754,#15755,.T.);
#14393=EDGE_CURVE('',#15754,#15756,#15757,.T.);
#14394=EDGE_CURVE('',#15756,#15758,#15759,.T.);
#14395=EDGE_CURVE('',#15758,#15760,#15761,.T.);
#14396=EDGE_CURVE('',#15760,#15762,#15763,.T.);
#14397=EDGE_CURVE('',#15762,#15764,#15765,.T.);
#14398=EDGE_CURVE('',#15764,#15766,#15767,.T.);
#14399=EDGE_CURVE('',#15766,#15768,#15769,.T.);
#14400=EDGE_CURVE('',#15768,#15770,#15771,.T.);
#14401=EDGE_CURVE('',#15770,#15772,#15773,.T.);
#14402=EDGE_CURVE('',#15772,#15774,#15775,.T.);
#14403=EDGE_CURVE('',#15774,#15776,#15777,.T.);
#14404=EDGE_CURVE('',#15776,#15778,#15779,.T.);
#14405=EDGE_CURVE('',#15778,#15780,#15781,.T.);
#14406=EDGE_CURVE('',#15780,#15782,#15783,.T.);
#14407=EDGE_CURVE('',#15782,#15784,#15785,.T.);
#14408=EDGE_CURVE('',#15784,#15786,#15787,.T.);
#14409=EDGE_CURVE('',#15786,#15788,#15789,.T.);
#14410=EDGE_CURVE('',#15788,#15790,#15791,.T.);
#14411=EDGE_CURVE('',#15790,#15792,#15793,.T.);
#14412=EDGE_CURVE('',#15792,#15794,#15795,.T.);
#14413=EDGE_CURVE('',#15794,#15796,#15797,.T.);
#14414=EDGE_CURVE('',#15796,#15798,#15799,.T.);
#14415=EDGE_CURVE('',#15798,#15800,#15801,.T.);
#14416=EDGE_CURVE('',#15800,#15802,#15803,.T.);
#14417=EDGE_CURVE('',#15802,#15804,#15805,.T.);
#14418=EDGE_CURVE('',#15804,#15806,#15807,.T.);
#14419=EDGE_CURVE('',#15806,#15808,#15809,.T.);
#14420=EDGE_CURVE('',#15808,#15810,#15811,.T.);
#14421=EDGE_CURVE('',#15810,#15812,#15813,.T.);
#14422=EDGE_CURVE('',#15812,#15814,#15815,.T.);
#14423=EDGE_CURVE('',#15814,#15816,#15817,.T.);
#14424=EDGE_CURVE('',#15816,#15818,#15819,.T.);
#14425=EDGE_CURVE('',#15818,#15820,#15821,.T.);
#14426=EDGE_CURVE('',#15820,#15822,#15823,.T.);
#14427=EDGE_CURVE('',#15822,#15824,#15825,.T.);
#14428=EDGE_CURVE('',#15824,#15826,#15827,.T.);
#14429=EDGE_CURVE('',#15826,#15828,#15829,.T.);
#14430=EDGE_CURVE('',#15828,#15830,#15831,.T.);
#14431=EDGE_CURVE('',#15830,#15832,#15833,.T.);
#14432=EDGE_CURVE('',#15832,#15834,#15835,.T.);
#14433=EDGE_CURVE('',#15834,#15836,#15837,.T.);
#14434=EDGE_CURVE('',#15836,#15838,#15839,.T.);
#14435=EDGE_CURVE('',#15838,#15840,#15841,.T.);
#14436=EDGE_CURVE('',#15840,#15842,#15843,.T.);
#14437=EDGE_CURVE('',#15842,#15844,#15845,.T.);
#14438=EDGE_CURVE('',#15844,#15846,#15847,.T.);
#14439=EDGE_CURVE('',#15846,#15848,#15849,.T.);
#14440=EDGE_CURVE('',#15848,#15850,#15851,.T.);
#14441=EDGE_CURVE('',#15850,#15852,#15853,.T.);
#14442=EDGE_CURVE('',#15852,#15854,#15855,.T.);
#14443=EDGE_CURVE('',#15854,#15856,#15857,.T.);
#14444=EDGE_CURVE('',#15856,#15858,#15859,.T.);
#14445=EDGE_CURVE('',#15858,#15860,#15861,.T.);
#14446=EDGE_CURVE('',#15860,#15862,#15863,.T.);
#14447=EDGE_CURVE('',#15862,#15864,#15865,.T.);
#14448=EDGE_CURVE('',#15864,#15866,#15867,.T.);
#14449=EDGE_CURVE('',#15866,#15868,#15869,.T.);
#14450=EDGE_CURVE('',#15868,#15870,#15871,.T.);
#14451=EDGE_CURVE('',#15870,#15872,#15873,.T.);
#14452=EDGE_CURVE('',#15872,#15874,#15875,.T.);
#14453=EDGE_CURVE('',#15874,#15876,#15877,.T.);
#14454=EDGE_CURVE('',#15876,#15878,#15879,.T.);
#14455=EDGE_CURVE('',#15878,#15880,#15881,.T.);
#14456=EDGE_CURVE('',#15880,#15882,#15883,.T.);
#14457=EDGE_CURVE('',#15882,#15884,#15885,.T.);
#14458=EDGE_CURVE('',#15884,#15886,#15887,.T.);
#14459=EDGE_CURVE('',#15886,#15888,#15889,.T.);
#14460=EDGE_CURVE('',#15888,#15890,#15891,.T.);
#14461=EDGE_CURVE('',#15890,#15892,#15893,.T.);
#14462=EDGE_CURVE('',#15892,#15894,#15895,.T.);
#14463=EDGE_CURVE('',#15894,#15896,#15897,.T.);
#14464=EDGE_CURVE('',#15896,#15898,#15899,.T.);
#14465=EDGE_CURVE('',#15898,#15900,#15901,.T.);
#14466=EDGE_CURVE('',#15900,#15902,#15903,.T.);
#14467=EDGE_CURVE('',#15902,#15904,#15905,.T.);
#14468=EDGE_CURVE('',#15904,#15906,#15907,.T.);
#14469=EDGE_CURVE('',#15906,#15908,#15909,.T.);
#14470=EDGE_CURVE('',#15908,#15910,#15911,.T.);
#14471=EDGE_CURVE('',#15910,#15912,#15913,.T.);
#14472=EDGE_CURVE('',#15912,#15914,#15915,.T.);
#14473=EDGE_CURVE('',#15914,#15916,#15917,.T.);
#14474=EDGE_CURVE('',#15916,#15918,#15919,.T.);
#14475=EDGE_CURVE('',#15918,#15920,#15921,.T.);
#14476=EDGE_CURVE('',#15920,#15922,#15923,.T.);
#14477=EDGE_CURVE('',#15922,#15924,#15925,.T.);
#14478=EDGE_CURVE('',#15924,#15926,#15927,.T.);
#14479=EDGE_CURVE('',#15926,#15928,#15929,.T.);
#14480=EDGE_CURVE('',#15928,#15930,#15931,.T.);
#14481=EDGE_CURVE('',#15930,#15932,#15933,.T.);
#14482=EDGE_CURVE('',#15932,#15934,#15935,.T.);
#14483=EDGE_CURVE('',#15934,#15936,#15937,.T.);
#14484=EDGE_CURVE('',#15936,#15938,#15939,.T.);
#14485=EDGE_CURVE('',#15938,#15940,#15941,.T.);
#14486=EDGE_CURVE('',#15940,#15942,#15943,.T.);
#14487=EDGE_CURVE('',#15942,#15944,#15945,.T.);
#14488=EDGE_CURVE('',#15944,#15946,#15947,.T.);
#14489=EDGE_CURVE('',#15946,#15948,#15949,.T.);
#14490=EDGE_CURVE('',#15948,#15950,#15951,.T.);
#14491=EDGE_CURVE('',#15950,#15952,#15953,.T.);
#14492=EDGE_CURVE('',#15952,#15954,#15955,.T.);
#14493=EDGE_CURVE('',#15954,#15956,#15957,.T.);
#14494=EDGE_CURVE('',#15956,#15958,#15959,.T.);
#14495=EDGE_CURVE('',#15958,#15960,#15961,.T.);
#14496=EDGE_CURVE('',#15960,#15962,#15963,.T.);
#14497=EDGE_CURVE('',#15962,#15964,#15965,.T.);
#14498=EDGE_CURVE('',#15964,#15966,#15967,.T.);
#14499=EDGE_CURVE('',#15966,#15968,#15969,.T.);
#14500=EDGE_CURVE('',#15968,#15970,#15971,.T.);
#14501=EDGE_CURVE('',#15970,#15972,#15973,.T.);
#14502=EDGE_CURVE('',#15972,#15974,#15975,.T.);
#14503=EDGE_CURVE('',#15974,#15976,#15977,.T.);
#14504=EDGE_CURVE('',#15976,#15978,#15979,.T.);
#14505=EDGE_CURVE('',#15978,#15980,#15981,.T.);
#14506=EDGE_CURVE('',#15980,#15982,#15983,.T.);
#14507=EDGE_CURVE('',#15982,#15984,#15985,.T.);
#14508=EDGE_CURVE('',#15984,#15986,#15987,.T.);
#14509=EDGE_CURVE('',#15986,#15988,#15989,.T.);
#14510=EDGE_CURVE('',#15988,#15990,#15991,.T.);
#14511=EDGE_CURVE('',#15990,#15992,#15993,.T.);
#14512=EDGE_CURVE('',#15992,#15994,#15995,.T.);
#14513=EDGE_CURVE('',#15994,#15996,#15997,.T.);
#14514=EDGE_CURVE('',#15996,#15998,#15999,.T.);
#14515=EDGE_CURVE('',#15998,#16000,#16001,.T.);
#14516=EDGE_CURVE('',#16000,#16002,#16003,.T.);
#14517=EDGE_CURVE('',#16002,#16004,#16005,.T.);
#14518=EDGE_CURVE('',#16004,#16006,#16007,.T.);
#14519=EDGE_CURVE('',#16006,#16008,#16009,.T.);
#14520=EDGE_CURVE('',#16008,#16010,#16011,.T.);
#14521=EDGE_CURVE('',#16010,#16012,#16013,.T.);
#14522=EDGE_CURVE('',#16012,#16014,#16015,.T.);
#14523=EDGE_CURVE('',#16014,#16016,#16017,.T.);
#14524=EDGE_CURVE('',#16016,#16018,#16019,.T.);
#14525=EDGE_CURVE('',#16018,#16020,#16021,.T.);
#14526=EDGE_CURVE('',#16020,#16022,#16023,.T.);
#14527=EDGE_CURVE('',#16022,#16024,#16025,.T.);
#14528=EDGE_CURVE('',#16024,#16026,#16027,.T.);
#14529=EDGE_CURVE('',#16026,#16028,#16029,.T.);
#14530=EDGE_CURVE('',#16028,#16030,#16031,.T.);
#14531=EDGE_CURVE('',#16030,#16032,#16033,.T.);
#14532=EDGE_CURVE('',#16032,#16034,#16035,.T.);
#14533=EDGE_CURVE('',#16034,#16036,#16037,.T.);
#14534=EDGE_CURVE('',#16036,#16038,#16039,.T.);
#14535=EDGE_CURVE('',#16038,#16040,#16041,.T.);
#14536=EDGE_CURVE('',#16040,#16042,#16043,.T.);
#14537=EDGE_CURVE('',#16042,#16044,#16045,.T.);
#14538=EDGE_CURVE('',#16044,#16046,#16047,.T.);
#14539=EDGE_CURVE('',#16046,#16048,#16049,.T.);
#14540=EDGE_CURVE('',#16048,#16050,#16051,.T.);
#14541=EDGE_CURVE('',#16050,#16052,#16053,.T.);
#14542=EDGE_CURVE('',#16052,#16054,#16055,.T.);
#14543=EDGE_CURVE('',#16054,#16056,#16057,.T.);
#14544=EDGE_CURVE('',#16056,#16058,#16059,.T.);
#14545=EDGE_CURVE('',#16058,#16060,#16061,.T.);
#14546=EDGE_CURVE('',#16060,#16062,#16063,.T.);
#14547=EDGE_CURVE('',#16062,#16064,#16065,.T.);
#14548=EDGE_CURVE('',#16064,#16066,#16067,.T.);
#14549=EDGE_CURVE('',#16066,#16068,#16069,.T.);
#14550=EDGE_CURVE('',#16068,#16070,#16071,.T.);
#14551=EDGE_CURVE('',#16070,#16072,#16073,.T.);
#14552=EDGE_CURVE('',#16072,#16074,#16075,.T.);
#14553=EDGE_CURVE('',#16074,#16076,#16077,.T.);
#14554=EDGE_CURVE('',#16076,#16078,#16079,.T.);
#14555=EDGE_CURVE('',#16078,#16080,#16081,.T.);
#14556=EDGE_CURVE('',#16080,#16082,#16083,.T.);
#14557=EDGE_CURVE('',#16082,#16084,#16085,.T.);
#14558=EDGE_CURVE('',#16084,#16086,#16087,.T.);
#14559=EDGE_CURVE('',#16086,#16088,#16089,.T.);
#14560=EDGE_CURVE('',#16088,#16090,#16091,.T.);
#14561=EDGE_CURVE('',#16090,#16092,#16093,.T.);
#14562=EDGE_CURVE('',#16092,#15559,#16094,.T.);
#14563=EDGE_CURVE('',#16095,#16095,#16096,.F.);
#14564=EDGE_CURVE('',#16097,#16097,#16098,.F.);
#14565=EDGE_CURVE('',#16099,#16099,#16100,.F.);
#14566=EDGE_CURVE('',#16101,#16101,#16102,.F.);
#14567=EDGE_CURVE('',#16103,#16103,#16104,.F.);
#14568=EDGE_CURVE('',#16105,#16105,#16106,.F.);
#14569=EDGE_CURVE('',#16107,#16107,#16108,.F.);
#14570=EDGE_CURVE('',#16109,#16109,#16110,.F.);
#14571=EDGE_CURVE('',#16111,#16111,#16112,.F.);
#14572=EDGE_CURVE('',#16113,#16113,#16114,.F.);
#14573=EDGE_CURVE('',#16115,#16115,#16116,.F.);
#14574=EDGE_CURVE('',#16117,#16117,#16118,.F.);
#14575=EDGE_CURVE('',#16119,#16119,#16120,.F.);
#14576=EDGE_CURVE('',#16121,#16121,#16122,.F.);
#14577=EDGE_CURVE('',#16123,#16123,#16124,.F.);
#14578=EDGE_CURVE('',#16125,#16125,#16126,.F.);
#14579=EDGE_CURVE('',#16127,#16127,#16128,.F.);
#14580=EDGE_CURVE('',#16129,#16129,#16130,.F.);
#14581=EDGE_CURVE('',#16131,#16131,#16132,.F.);
#14582=EDGE_CURVE('',#16133,#16133,#16134,.F.);
#14583=EDGE_CURVE('',#16135,#16135,#16136,.F.);
#14584=EDGE_CURVE('',#16137,#16137,#16138,.F.);
#14585=EDGE_CURVE('',#16139,#16139,#16140,.F.);
#14586=EDGE_CURVE('',#16141,#16141,#16142,.F.);
#14587=EDGE_CURVE('',#16143,#16143,#16144,.F.);
#14588=EDGE_CURVE('',#16145,#16145,#16146,.F.);
#14589=EDGE_CURVE('',#16147,#16147,#16148,.F.);
#14590=EDGE_CURVE('',#16149,#16149,#16150,.F.);
#14591=EDGE_CURVE('',#16151,#16151,#16152,.F.);
#14592=EDGE_CURVE('',#16153,#16153,#16154,.F.);
#14593=EDGE_CURVE('',#16155,#16155,#16156,.F.);
#14594=EDGE_CURVE('',#16157,#16157,#16158,.F.);
#14595=EDGE_CURVE('',#16159,#16159,#16160,.F.);
#14596=EDGE_CURVE('',#16161,#16161,#16162,.T.);
#14597=EDGE_CURVE('',#16163,#16163,#16164,.T.);
#14598=EDGE_CURVE('',#16165,#16165,#16166,.T.);
#14599=EDGE_CURVE('',#16167,#16167,#16168,.T.);
#14600=EDGE_CURVE('',#16169,#16169,#16170,.T.);
#14601=EDGE_CURVE('',#16171,#16171,#16172,.T.);
#14602=EDGE_CURVE('',#16173,#16173,#16174,.T.);
#14603=EDGE_CURVE('',#16175,#16175,#16176,.T.);
#14604=EDGE_CURVE('',#16177,#16177,#16178,.T.);
#14605=EDGE_CURVE('',#16179,#16179,#16180,.T.);
#14606=EDGE_CURVE('',#16181,#16181,#16182,.T.);
#14607=EDGE_CURVE('',#16183,#16183,#16184,.T.);
#14608=EDGE_CURVE('',#16185,#16185,#16186,.T.);
#14609=EDGE_CURVE('',#16187,#16187,#16188,.T.);
#14610=EDGE_CURVE('',#16189,#16189,#16190,.T.);
#14611=EDGE_CURVE('',#16191,#16191,#16192,.T.);
#14612=EDGE_CURVE('',#16193,#16193,#16194,.T.);
#14613=EDGE_CURVE('',#16195,#16195,#16196,.T.);
#14614=EDGE_CURVE('',#16197,#16197,#16198,.T.);
#14615=EDGE_CURVE('',#16199,#16199,#16200,.T.);
#14616=EDGE_CURVE('',#16201,#16201,#16202,.T.);
#14617=EDGE_CURVE('',#16203,#16203,#16204,.T.);
#14618=EDGE_CURVE('',#16205,#16205,#16206,.T.);
#14619=EDGE_CURVE('',#16207,#16207,#16208,.T.);
#14620=EDGE_CURVE('',#16209,#16209,#16210,.T.);
#14621=EDGE_CURVE('',#16211,#16211,#16212,.T.);
#14622=EDGE_CURVE('',#16213,#16213,#16214,.T.);
#14623=EDGE_CURVE('',#16215,#16215,#16216,.T.);
#14624=EDGE_CURVE('',#16217,#16217,#16218,.T.);
#14625=EDGE_CURVE('',#16219,#16219,#16220,.T.);
#14626=EDGE_CURVE('',#16221,#16221,#16222,.T.);
#14627=EDGE_CURVE('',#16223,#16223,#16224,.T.);
#14628=EDGE_CURVE('',#16225,#16226,#16227,.T.);
#14629=EDGE_CURVE('',#16228,#16225,#16229,.T.);
#14630=EDGE_CURVE('',#16230,#16228,#16231,.T.);
#14631=EDGE_CURVE('',#16232,#16230,#16233,.T.);
#14632=EDGE_CURVE('',#16234,#16232,#16235,.T.);
#14633=EDGE_CURVE('',#16236,#16234,#16237,.T.);
#14634=EDGE_CURVE('',#16238,#16236,#16239,.T.);
#14635=EDGE_CURVE('',#16240,#16238,#16241,.T.);
#14636=EDGE_CURVE('',#16242,#16240,#16243,.T.);
#14637=EDGE_CURVE('',#16244,#16242,#16245,.T.);
#14638=EDGE_CURVE('',#16246,#16244,#16247,.T.);
#14639=EDGE_CURVE('',#16248,#16246,#16249,.T.);
#14640=EDGE_CURVE('',#16250,#16248,#16251,.T.);
#14641=EDGE_CURVE('',#16252,#16250,#16253,.T.);
#14642=EDGE_CURVE('',#16254,#16252,#16255,.T.);
#14643=EDGE_CURVE('',#16256,#16254,#16257,.T.);
#14644=EDGE_CURVE('',#16258,#16256,#16259,.T.);
#14645=EDGE_CURVE('',#16260,#16258,#16261,.T.);
#14646=EDGE_CURVE('',#16262,#16260,#16263,.T.);
#14647=EDGE_CURVE('',#16264,#16262,#16265,.T.);
#14648=EDGE_CURVE('',#16266,#16264,#16267,.T.);
#14649=EDGE_CURVE('',#16268,#16266,#16269,.T.);
#14650=EDGE_CURVE('',#16270,#16268,#16271,.T.);
#14651=EDGE_CURVE('',#16272,#16270,#16273,.T.);
#14652=EDGE_CURVE('',#16274,#16272,#16275,.T.);
#14653=EDGE_CURVE('',#16276,#16274,#16277,.T.);
#14654=EDGE_CURVE('',#16278,#16276,#16279,.T.);
#14655=EDGE_CURVE('',#16280,#16278,#16281,.T.);
#14656=EDGE_CURVE('',#16282,#16280,#16283,.T.);
#14657=EDGE_CURVE('',#16284,#16282,#16285,.T.);
#14658=EDGE_CURVE('',#16286,#16284,#16287,.T.);
#14659=EDGE_CURVE('',#16288,#16286,#16289,.T.);
#14660=EDGE_CURVE('',#16290,#16288,#16291,.T.);
#14661=EDGE_CURVE('',#16292,#16290,#16293,.T.);
#14662=EDGE_CURVE('',#16294,#16292,#16295,.T.);
#14663=EDGE_CURVE('',#16296,#16294,#16297,.T.);
#14664=EDGE_CURVE('',#16298,#16296,#16299,.T.);
#14665=EDGE_CURVE('',#16300,#16298,#16301,.T.);
#14666=EDGE_CURVE('',#16302,#16300,#16303,.T.);
#14667=EDGE_CURVE('',#16304,#16302,#16305,.T.);
#14668=EDGE_CURVE('',#16306,#16304,#16307,.T.);
#14669=EDGE_CURVE('',#16308,#16306,#16309,.T.);
#14670=EDGE_CURVE('',#16310,#16308,#16311,.T.);
#14671=EDGE_CURVE('',#16312,#16310,#16313,.T.);
#14672=EDGE_CURVE('',#16314,#16312,#16315,.T.);
#14673=EDGE_CURVE('',#16316,#16314,#16317,.T.);
#14674=EDGE_CURVE('',#16318,#16316,#16319,.T.);
#14675=EDGE_CURVE('',#16320,#16318,#16321,.T.);
#14676=EDGE_CURVE('',#16322,#16320,#16323,.T.);
#14677=EDGE_CURVE('',#16324,#16322,#16325,.T.);
#14678=EDGE_CURVE('',#16326,#16324,#16327,.T.);
#14679=EDGE_CURVE('',#16328,#16326,#16329,.T.);
#14680=EDGE_CURVE('',#16330,#16328,#16331,.T.);
#14681=EDGE_CURVE('',#16332,#16330,#16333,.T.);
#14682=EDGE_CURVE('',#16334,#16332,#16335,.T.);
#14683=EDGE_CURVE('',#16336,#16334,#16337,.T.);
#14684=EDGE_CURVE('',#16338,#16336,#16339,.T.);
#14685=EDGE_CURVE('',#16340,#16338,#16341,.T.);
#14686=EDGE_CURVE('',#16342,#16340,#16343,.T.);
#14687=EDGE_CURVE('',#16344,#16342,#16345,.T.);
#14688=EDGE_CURVE('',#16346,#16344,#16347,.T.);
#14689=EDGE_CURVE('',#16348,#16346,#16349,.T.);
#14690=EDGE_CURVE('',#16350,#16348,#16351,.T.);
#14691=EDGE_CURVE('',#16352,#16350,#16353,.T.);
#14692=EDGE_CURVE('',#16354,#16352,#16355,.T.);
#14693=EDGE_CURVE('',#16356,#16354,#16357,.T.);
#14694=EDGE_CURVE('',#16358,#16356,#16359,.T.);
#14695=EDGE_CURVE('',#16360,#16358,#16361,.T.);
#14696=EDGE_CURVE('',#16362,#16360,#16363,.T.);
#14697=EDGE_CURVE('',#16364,#16362,#16365,.T.);
#14698=EDGE_CURVE('',#16366,#16364,#16367,.T.);
#14699=EDGE_CURVE('',#16368,#16366,#16369,.T.);
#14700=EDGE_CURVE('',#16370,#16368,#16371,.T.);
#14701=EDGE_CURVE('',#16372,#16370,#16373,.T.);
#14702=EDGE_CURVE('',#16374,#16372,#16375,.T.);
#14703=EDGE_CURVE('',#16376,#16374,#16377,.T.);
#14704=EDGE_CURVE('',#16378,#16376,#16379,.T.);
#14705=EDGE_CURVE('',#16380,#16378,#16381,.T.);
#14706=EDGE_CURVE('',#16382,#16380,#16383,.T.);
#14707=EDGE_CURVE('',#16384,#16382,#16385,.T.);
#14708=EDGE_CURVE('',#16386,#16384,#16387,.T.);
#14709=EDGE_CURVE('',#16388,#16386,#16389,.T.);
#14710=EDGE_CURVE('',#16390,#16388,#16391,.T.);
#14711=EDGE_CURVE('',#16392,#16390,#16393,.T.);
#14712=EDGE_CURVE('',#16394,#16392,#16395,.T.);
#14713=EDGE_CURVE('',#16396,#16394,#16397,.T.);
#14714=EDGE_CURVE('',#16398,#16396,#16399,.T.);
#14715=EDGE_CURVE('',#16400,#16398,#16401,.T.);
#14716=EDGE_CURVE('',#16402,#16400,#16403,.T.);
#14717=EDGE_CURVE('',#16404,#16402,#16405,.T.);
#14718=EDGE_CURVE('',#16406,#16404,#16407,.T.);
#14719=EDGE_CURVE('',#16408,#16406,#16409,.T.);
#14720=EDGE_CURVE('',#16410,#16408,#16411,.T.);
#14721=EDGE_CURVE('',#16412,#16410,#16413,.T.);
#14722=EDGE_CURVE('',#16414,#16412,#16415,.T.);
#14723=EDGE_CURVE('',#16416,#16414,#16417,.T.);
#14724=EDGE_CURVE('',#16418,#16416,#16419,.T.);
#14725=EDGE_CURVE('',#16420,#16418,#16421,.T.);
#14726=EDGE_CURVE('',#16422,#16420,#16423,.T.);
#14727=EDGE_CURVE('',#16424,#16422,#16425,.T.);
#14728=EDGE_CURVE('',#16426,#16424,#16427,.T.);
#14729=EDGE_CURVE('',#16428,#16426,#16429,.T.);
#14730=EDGE_CURVE('',#16430,#16428,#16431,.T.);
#14731=EDGE_CURVE('',#16432,#16430,#16433,.T.);
#14732=EDGE_CURVE('',#16434,#16432,#16435,.T.);
#14733=EDGE_CURVE('',#16436,#16434,#16437,.T.);
#14734=EDGE_CURVE('',#16438,#16436,#16439,.T.);
#14735=EDGE_CURVE('',#16440,#16438,#16441,.T.);
#14736=EDGE_CURVE('',#16442,#16440,#16443,.T.);
#14737=EDGE_CURVE('',#16444,#16442,#16445,.T.);
#14738=EDGE_CURVE('',#16446,#16444,#16447,.T.);
#14739=EDGE_CURVE('',#16448,#16446,#16449,.T.);
#14740=EDGE_CURVE('',#16450,#16448,#16451,.T.);
#14741=EDGE_CURVE('',#16452,#16450,#16453,.T.);
#14742=EDGE_CURVE('',#16454,#16452,#16455,.T.);
#14743=EDGE_CURVE('',#16456,#16454,#16457,.T.);
#14744=EDGE_CURVE('',#16458,#16456,#16459,.T.);
#14745=EDGE_CURVE('',#16460,#16458,#16461,.T.);
#14746=EDGE_CURVE('',#16462,#16460,#16463,.T.);
#14747=EDGE_CURVE('',#16464,#16462,#16465,.T.);
#14748=EDGE_CURVE('',#16466,#16464,#16467,.T.);
#14749=EDGE_CURVE('',#16468,#16466,#16469,.T.);
#14750=EDGE_CURVE('',#16470,#16468,#16471,.T.);
#14751=EDGE_CURVE('',#16472,#16470,#16473,.T.);
#14752=EDGE_CURVE('',#16474,#16472,#16475,.T.);
#14753=EDGE_CURVE('',#16476,#16474,#16477,.T.);
#14754=EDGE_CURVE('',#16478,#16476,#16479,.T.);
#14755=EDGE_CURVE('',#16480,#16478,#16481,.T.);
#14756=EDGE_CURVE('',#16482,#16480,#16483,.T.);
#14757=EDGE_CURVE('',#16484,#16482,#16485,.T.);
#14758=EDGE_CURVE('',#16486,#16484,#16487,.T.);
#14759=EDGE_CURVE('',#16488,#16486,#16489,.T.);
#14760=EDGE_CURVE('',#16490,#16488,#16491,.T.);
#14761=EDGE_CURVE('',#16492,#16490,#16493,.T.);
#14762=EDGE_CURVE('',#16494,#16492,#16495,.T.);
#14763=EDGE_CURVE('',#16496,#16494,#16497,.T.);
#14764=EDGE_CURVE('',#16498,#16496,#16499,.T.);
#14765=EDGE_CURVE('',#16500,#16498,#16501,.T.);
#14766=EDGE_CURVE('',#16502,#16500,#16503,.T.);
#14767=EDGE_CURVE('',#16504,#16502,#16505,.T.);
#14768=EDGE_CURVE('',#16506,#16504,#16507,.T.);
#14769=EDGE_CURVE('',#16508,#16506,#16509,.T.);
#14770=EDGE_CURVE('',#16510,#16508,#16511,.T.);
#14771=EDGE_CURVE('',#16512,#16510,#16513,.T.);
#14772=EDGE_CURVE('',#16514,#16512,#16515,.T.);
#14773=EDGE_CURVE('',#16516,#16514,#16517,.T.);
#14774=EDGE_CURVE('',#16518,#16516,#16519,.T.);
#14775=EDGE_CURVE('',#16520,#16518,#16521,.T.);
#14776=EDGE_CURVE('',#16522,#16520,#16523,.T.);
#14777=EDGE_CURVE('',#16524,#16522,#16525,.T.);
#14778=EDGE_CURVE('',#16526,#16524,#16527,.T.);
#14779=EDGE_CURVE('',#16528,#16526,#16529,.T.);
#14780=EDGE_CURVE('',#16530,#16528,#16531,.T.);
#14781=EDGE_CURVE('',#16532,#16530,#16533,.T.);
#14782=EDGE_CURVE('',#16534,#16532,#16535,.T.);
#14783=EDGE_CURVE('',#16536,#16534,#16537,.T.);
#14784=EDGE_CURVE('',#16538,#16536,#16539,.T.);
#14785=EDGE_CURVE('',#16540,#16538,#16541,.T.);
#14786=EDGE_CURVE('',#16542,#16540,#16543,.T.);
#14787=EDGE_CURVE('',#16544,#16542,#16545,.T.);
#14788=EDGE_CURVE('',#16546,#16544,#16547,.T.);
#14789=EDGE_CURVE('',#16548,#16546,#16549,.T.);
#14790=EDGE_CURVE('',#16550,#16548,#16551,.T.);
#14791=EDGE_CURVE('',#16552,#16550,#16553,.T.);
#14792=EDGE_CURVE('',#16554,#16552,#16555,.T.);
#14793=EDGE_CURVE('',#16556,#16554,#16557,.T.);
#14794=EDGE_CURVE('',#16558,#16556,#16559,.T.);
#14795=EDGE_CURVE('',#16560,#16558,#16561,.T.);
#14796=EDGE_CURVE('',#16562,#16560,#16563,.T.);
#14797=EDGE_CURVE('',#16564,#16562,#16565,.T.);
#14798=EDGE_CURVE('',#16566,#16564,#16567,.T.);
#14799=EDGE_CURVE('',#16568,#16566,#16569,.T.);
#14800=EDGE_CURVE('',#16570,#16568,#16571,.T.);
#14801=EDGE_CURVE('',#16572,#16570,#16573,.T.);
#14802=EDGE_CURVE('',#16574,#16572,#16575,.T.);
#14803=EDGE_CURVE('',#16576,#16574,#16577,.T.);
#14804=EDGE_CURVE('',#16578,#16576,#16579,.T.);
#14805=EDGE_CURVE('',#16580,#16578,#16581,.T.);
#14806=EDGE_CURVE('',#16582,#16580,#16583,.T.);
#14807=EDGE_CURVE('',#16584,#16582,#16585,.T.);
#14808=EDGE_CURVE('',#16586,#16584,#16587,.T.);
#14809=EDGE_CURVE('',#16588,#16586,#16589,.T.);
#14810=EDGE_CURVE('',#16590,#16588,#16591,.T.);
#14811=EDGE_CURVE('',#16592,#16590,#16593,.T.);
#14812=EDGE_CURVE('',#16594,#16592,#16595,.T.);
#14813=EDGE_CURVE('',#16596,#16594,#16597,.T.);
#14814=EDGE_CURVE('',#16598,#16596,#16599,.T.);
#14815=EDGE_CURVE('',#16600,#16598,#16601,.T.);
#14816=EDGE_CURVE('',#16602,#16600,#16603,.T.);
#14817=EDGE_CURVE('',#16604,#16602,#16605,.T.);
#14818=EDGE_CURVE('',#16606,#16604,#16607,.T.);
#14819=EDGE_CURVE('',#16608,#16606,#16609,.T.);
#14820=EDGE_CURVE('',#16610,#16608,#16611,.T.);
#14821=EDGE_CURVE('',#16612,#16610,#16613,.T.);
#14822=EDGE_CURVE('',#16614,#16612,#16615,.T.);
#14823=EDGE_CURVE('',#16616,#16614,#16617,.T.);
#14824=EDGE_CURVE('',#16618,#16616,#16619,.T.);
#14825=EDGE_CURVE('',#16620,#16618,#16621,.T.);
#14826=EDGE_CURVE('',#16622,#16620,#16623,.T.);
#14827=EDGE_CURVE('',#16624,#16622,#16625,.T.);
#14828=EDGE_CURVE('',#16626,#16624,#16627,.T.);
#14829=EDGE_CURVE('',#16628,#16626,#16629,.T.);
#14830=EDGE_CURVE('',#16630,#16628,#16631,.T.);
#14831=EDGE_CURVE('',#16632,#16630,#16633,.T.);
#14832=EDGE_CURVE('',#16634,#16632,#16635,.T.);
#14833=EDGE_CURVE('',#16636,#16634,#16637,.T.);
#14834=EDGE_CURVE('',#16638,#16636,#16639,.T.);
#14835=EDGE_CURVE('',#16640,#16638,#16641,.T.);
#14836=EDGE_CURVE('',#16642,#16640,#16643,.T.);
#14837=EDGE_CURVE('',#16644,#16642,#16645,.T.);
#14838=EDGE_CURVE('',#16646,#16644,#16647,.T.);
#14839=EDGE_CURVE('',#16648,#16646,#16649,.T.);
#14840=EDGE_CURVE('',#16650,#16648,#16651,.T.);
#14841=EDGE_CURVE('',#16652,#16650,#16653,.T.);
#14842=EDGE_CURVE('',#16654,#16652,#16655,.T.);
#14843=EDGE_CURVE('',#16656,#16654,#16657,.T.);
#14844=EDGE_CURVE('',#16658,#16656,#16659,.T.);
#14845=EDGE_CURVE('',#16660,#16658,#16661,.T.);
#14846=EDGE_CURVE('',#16662,#16660,#16663,.T.);
#14847=EDGE_CURVE('',#16664,#16662,#16665,.T.);
#14848=EDGE_CURVE('',#16666,#16664,#16667,.T.);
#14849=EDGE_CURVE('',#16668,#16666,#16669,.T.);
#14850=EDGE_CURVE('',#16670,#16668,#16671,.T.);
#14851=EDGE_CURVE('',#16672,#16670,#16673,.T.);
#14852=EDGE_CURVE('',#16674,#16672,#16675,.T.);
#14853=EDGE_CURVE('',#16676,#16674,#16677,.T.);
#14854=EDGE_CURVE('',#16678,#16676,#16679,.T.);
#14855=EDGE_CURVE('',#16680,#16678,#16681,.T.);
#14856=EDGE_CURVE('',#16682,#16680,#16683,.T.);
#14857=EDGE_CURVE('',#16684,#16682,#16685,.T.);
#14858=EDGE_CURVE('',#16686,#16684,#16687,.T.);
#14859=EDGE_CURVE('',#16688,#16686,#16689,.T.);
#14860=EDGE_CURVE('',#16690,#16688,#16691,.T.);
#14861=EDGE_CURVE('',#16692,#16690,#16693,.T.);
#14862=EDGE_CURVE('',#16694,#16692,#16695,.T.);
#14863=EDGE_CURVE('',#16696,#16694,#16697,.T.);
#14864=EDGE_CURVE('',#16698,#16696,#16699,.T.);
#14865=EDGE_CURVE('',#16700,#16698,#16701,.T.);
#14866=EDGE_CURVE('',#16702,#16700,#16703,.T.);
#14867=EDGE_CURVE('',#16704,#16702,#16705,.T.);
#14868=EDGE_CURVE('',#16706,#16704,#16707,.T.);
#14869=EDGE_CURVE('',#16708,#16706,#16709,.T.);
#14870=EDGE_CURVE('',#16710,#16708,#16711,.T.);
#14871=EDGE_CURVE('',#16712,#16710,#16713,.T.);
#14872=EDGE_CURVE('',#16714,#16712,#16715,.T.);
#14873=EDGE_CURVE('',#16716,#16714,#16717,.T.);
#14874=EDGE_CURVE('',#16718,#16716,#16719,.T.);
#14875=EDGE_CURVE('',#16720,#16718,#16721,.T.);
#14876=EDGE_CURVE('',#16722,#16720,#16723,.T.);
#14877=EDGE_CURVE('',#16724,#16722,#16725,.T.);
#14878=EDGE_CURVE('',#16726,#16724,#16727,.T.);
#14879=EDGE_CURVE('',#16728,#16726,#16729,.T.);
#14880=EDGE_CURVE('',#16730,#16728,#16731,.T.);
#14881=EDGE_CURVE('',#16732,#16730,#16733,.T.);
#14882=EDGE_CURVE('',#16734,#16732,#16735,.T.);
#14883=EDGE_CURVE('',#16736,#16734,#16737,.T.);
#14884=EDGE_CURVE('',#16738,#16736,#16739,.T.);
#14885=EDGE_CURVE('',#16740,#16738,#16741,.T.);
#14886=EDGE_CURVE('',#16742,#16740,#16743,.T.);
#14887=EDGE_CURVE('',#16744,#16742,#16745,.T.);
#14888=EDGE_CURVE('',#16746,#16744,#16747,.T.);
#14889=EDGE_CURVE('',#16748,#16746,#16749,.T.);
#14890=EDGE_CURVE('',#16750,#16748,#16751,.T.);
#14891=EDGE_CURVE('',#16752,#16750,#16753,.T.);
#14892=EDGE_CURVE('',#16754,#16752,#16755,.T.);
#14893=EDGE_CURVE('',#16756,#16754,#16757,.T.);
#14894=EDGE_CURVE('',#16758,#16756,#16759,.T.);
#14895=EDGE_CURVE('',#16226,#16758,#16760,.T.);
#14896=EDGE_CURVE('',#16761,#16761,#16762,.T.);
#14897=EDGE_CURVE('',#16758,#15560,#16763,.T.);
#14898=EDGE_CURVE('',#16226,#15559,#16764,.T.);
#14899=EDGE_CURVE('',#16756,#15562,#16765,.T.);
#14900=EDGE_CURVE('',#16754,#15564,#16766,.T.);
#14901=EDGE_CURVE('',#16752,#15566,#16767,.T.);
#14902=EDGE_CURVE('',#16750,#15568,#16768,.T.);
#14903=EDGE_CURVE('',#16748,#15570,#16769,.T.);
#14904=EDGE_CURVE('',#16746,#15572,#16770,.T.);
#14905=EDGE_CURVE('',#16744,#15574,#16771,.T.);
#14906=EDGE_CURVE('',#16742,#15576,#16772,.T.);
#14907=EDGE_CURVE('',#16740,#15578,#16773,.T.);
#14908=EDGE_CURVE('',#16738,#15580,#16774,.T.);
#14909=EDGE_CURVE('',#16736,#15582,#16775,.T.);
#14910=EDGE_CURVE('',#16734,#15584,#16776,.T.);
#14911=EDGE_CURVE('',#16732,#15586,#16777,.T.);
#14912=EDGE_CURVE('',#16730,#15588,#16778,.T.);
#14913=EDGE_CURVE('',#16728,#15590,#16779,.T.);
#14914=EDGE_CURVE('',#16726,#15592,#16780,.T.);
#14915=EDGE_CURVE('',#16724,#15594,#16781,.T.);
#14916=EDGE_CURVE('',#16722,#15596,#16782,.T.);
#14917=EDGE_CURVE('',#16720,#15598,#16783,.T.);
#14918=EDGE_CURVE('',#16718,#15600,#16784,.T.);
#14919=EDGE_CURVE('',#16716,#15602,#16785,.T.);
#14920=EDGE_CURVE('',#16714,#15604,#16786,.T.);
#14921=EDGE_CURVE('',#16712,#15606,#16787,.T.);
#14922=EDGE_CURVE('',#16710,#15608,#16788,.T.);
#14923=EDGE_CURVE('',#16708,#15610,#16789,.T.);
#14924=EDGE_CURVE('',#16706,#15612,#16790,.T.);
#14925=EDGE_CURVE('',#16704,#15614,#16791,.T.);
#14926=EDGE_CURVE('',#16702,#15616,#16792,.T.);
#14927=EDGE_CURVE('',#16700,#15618,#16793,.T.);
#14928=EDGE_CURVE('',#16698,#15620,#16794,.T.);
#14929=EDGE_CURVE('',#16696,#15622,#16795,.T.);
#14930=EDGE_CURVE('',#16694,#15624,#16796,.T.);
#14931=EDGE_CURVE('',#16692,#15626,#16797,.T.);
#14932=EDGE_CURVE('',#16690,#15628,#16798,.T.);
#14933=EDGE_CURVE('',#16688,#15630,#16799,.T.);
#14934=EDGE_CURVE('',#16686,#15632,#16800,.T.);
#14935=EDGE_CURVE('',#16684,#15634,#16801,.T.);
#14936=EDGE_CURVE('',#16682,#15636,#16802,.T.);
#14937=EDGE_CURVE('',#16680,#15638,#16803,.T.);
#14938=EDGE_CURVE('',#16678,#15640,#16804,.T.);
#14939=EDGE_CURVE('',#16676,#15642,#16805,.T.);
#14940=EDGE_CURVE('',#16674,#15644,#16806,.T.);
#14941=EDGE_CURVE('',#16672,#15646,#16807,.T.);
#14942=EDGE_CURVE('',#16670,#15648,#16808,.T.);
#14943=EDGE_CURVE('',#16668,#15650,#16809,.T.);
#14944=EDGE_CURVE('',#16666,#15652,#16810,.T.);
#14945=EDGE_CURVE('',#16664,#15654,#16811,.T.);
#14946=EDGE_CURVE('',#16662,#15656,#16812,.T.);
#14947=EDGE_CURVE('',#16660,#15658,#16813,.T.);
#14948=EDGE_CURVE('',#16658,#15660,#16814,.T.);
#14949=EDGE_CURVE('',#16656,#15662,#16815,.T.);
#14950=EDGE_CURVE('',#16654,#15664,#16816,.T.);
#14951=EDGE_CURVE('',#16652,#15666,#16817,.T.);
#14952=EDGE_CURVE('',#16650,#15668,#16818,.T.);
#14953=EDGE_CURVE('',#16648,#15670,#16819,.T.);
#14954=EDGE_CURVE('',#16646,#15672,#16820,.T.);
#14955=EDGE_CURVE('',#16644,#15674,#16821,.T.);
#14956=EDGE_CURVE('',#16642,#15676,#16822,.T.);
#14957=EDGE_CURVE('',#16640,#15678,#16823,.T.);
#14958=EDGE_CURVE('',#16638,#15680,#16824,.T.);
#14959=EDGE_CURVE('',#16636,#15682,#16825,.T.);
#14960=EDGE_CURVE('',#16634,#15684,#16826,.T.);
#14961=EDGE_CURVE('',#16632,#15686,#16827,.T.);
#14962=EDGE_CURVE('',#16630,#15688,#16828,.T.);
#14963=EDGE_CURVE('',#16628,#15690,#16829,.T.);
#14964=EDGE_CURVE('',#16626,#15692,#16830,.T.);
#14965=EDGE_CURVE('',#16624,#15694,#16831,.T.);
#14966=EDGE_CURVE('',#16622,#15696,#16832,.T.);
#14967=EDGE_CURVE('',#16620,#15698,#16833,.T.);
#14968=EDGE_CURVE('',#16618,#15700,#16834,.T.);
#14969=EDGE_CURVE('',#16616,#15702,#16835,.T.);
#14970=EDGE_CURVE('',#16614,#15704,#16836,.T.);
#14971=EDGE_CURVE('',#16612,#15706,#16837,.T.);
#14972=EDGE_CURVE('',#16610,#15708,#16838,.T.);
#14973=EDGE_CURVE('',#16608,#15710,#16839,.T.);
#14974=EDGE_CURVE('',#16606,#15712,#16840,.T.);
#14975=EDGE_CURVE('',#16604,#15714,#16841,.T.);
#14976=EDGE_CURVE('',#16602,#15716,#16842,.T.);
#14977=EDGE_CURVE('',#16600,#15718,#16843,.T.);
#14978=EDGE_CURVE('',#16598,#15720,#16844,.T.);
#14979=EDGE_CURVE('',#16596,#15722,#16845,.T.);
#14980=EDGE_CURVE('',#16594,#15724,#16846,.T.);
#14981=EDGE_CURVE('',#16592,#15726,#16847,.T.);
#14982=EDGE_CURVE('',#16590,#15728,#16848,.T.);
#14983=EDGE_CURVE('',#16588,#15730,#16849,.T.);
#14984=EDGE_CURVE('',#16586,#15732,#16850,.T.);
#14985=EDGE_CURVE('',#16584,#15734,#16851,.T.);
#14986=EDGE_CURVE('',#16582,#15736,#16852,.T.);
#14987=EDGE_CURVE('',#16580,#15738,#16853,.T.);
#14988=EDGE_CURVE('',#16578,#15740,#16854,.T.);
#14989=EDGE_CURVE('',#16576,#15742,#16855,.T.);
#14990=EDGE_CURVE('',#16574,#15744,#16856,.T.);
#14991=EDGE_CURVE('',#16572,#15746,#16857,.T.);
#14992=EDGE_CURVE('',#16570,#15748,#16858,.T.);
#14993=EDGE_CURVE('',#16568,#15750,#16859,.T.);
#14994=EDGE_CURVE('',#16566,#15752,#16860,.T.);
#14995=EDGE_CURVE('',#16564,#15754,#16861,.T.);
#14996=EDGE_CURVE('',#16562,#15756,#16862,.T.);
#14997=EDGE_CURVE('',#16560,#15758,#16863,.T.);
#14998=EDGE_CURVE('',#16558,#15760,#16864,.T.);
#14999=EDGE_CURVE('',#16556,#15762,#16865,.T.);
#15000=EDGE_CURVE('',#16554,#15764,#16866,.T.);
#15001=EDGE_CURVE('',#16552,#15766,#16867,.T.);
#15002=EDGE_CURVE('',#16550,#15768,#16868,.T.);
#15003=EDGE_CURVE('',#16548,#15770,#16869,.T.);
#15004=EDGE_CURVE('',#16546,#15772,#16870,.T.);
#15005=EDGE_CURVE('',#16544,#15774,#16871,.T.);
#15006=EDGE_CURVE('',#16542,#15776,#16872,.T.);
#15007=EDGE_CURVE('',#16540,#15778,#16873,.T.);
#15008=EDGE_CURVE('',#16538,#15780,#16874,.T.);
#15009=EDGE_CURVE('',#16536,#15782,#16875,.T.);
#15010=EDGE_CURVE('',#16534,#15784,#16876,.T.);
#15011=EDGE_CURVE('',#16532,#15786,#16877,.T.);
#15012=EDGE_CURVE('',#16530,#15788,#16878,.T.);
#15013=EDGE_CURVE('',#16528,#15790,#16879,.T.);
#15014=EDGE_CURVE('',#16526,#15792,#16880,.T.);
#15015=EDGE_CURVE('',#16524,#15794,#16881,.T.);
#15016=EDGE_CURVE('',#16522,#15796,#16882,.T.);
#15017=EDGE_CURVE('',#16520,#15798,#16883,.T.);
#15018=EDGE_CURVE('',#16518,#15800,#16884,.T.);
#15019=EDGE_CURVE('',#16516,#15802,#16885,.T.);
#15020=EDGE_CURVE('',#16514,#15804,#16886,.T.);
#15021=EDGE_CURVE('',#16512,#15806,#16887,.T.);
#15022=EDGE_CURVE('',#16510,#15808,#16888,.T.);
#15023=EDGE_CURVE('',#16508,#15810,#16889,.T.);
#15024=EDGE_CURVE('',#16506,#15812,#16890,.T.);
#15025=EDGE_CURVE('',#16504,#15814,#16891,.T.);
#15026=EDGE_CURVE('',#16502,#15816,#16892,.T.);
#15027=EDGE_CURVE('',#16500,#15818,#16893,.T.);
#15028=EDGE_CURVE('',#16498,#15820,#16894,.T.);
#15029=EDGE_CURVE('',#16496,#15822,#16895,.T.);
#15030=EDGE_CURVE('',#16494,#15824,#16896,.T.);
#15031=EDGE_CURVE('',#16492,#15826,#16897,.T.);
#15032=EDGE_CURVE('',#16490,#15828,#16898,.T.);
#15033=EDGE_CURVE('',#16488,#15830,#16899,.T.);
#15034=EDGE_CURVE('',#16486,#15832,#16900,.T.);
#15035=EDGE_CURVE('',#16484,#15834,#16901,.T.);
#15036=EDGE_CURVE('',#16482,#15836,#16902,.T.);
#15037=EDGE_CURVE('',#16480,#15838,#16903,.T.);
#15038=EDGE_CURVE('',#16478,#15840,#16904,.T.);
#15039=EDGE_CURVE('',#16476,#15842,#16905,.T.);
#15040=EDGE_CURVE('',#16474,#15844,#16906,.T.);
#15041=EDGE_CURVE('',#16472,#15846,#16907,.T.);
#15042=EDGE_CURVE('',#16470,#15848,#16908,.T.);
#15043=EDGE_CURVE('',#16468,#15850,#16909,.T.);
#15044=EDGE_CURVE('',#16466,#15852,#16910,.T.);
#15045=EDGE_CURVE('',#16464,#15854,#16911,.T.);
#15046=EDGE_CURVE('',#16462,#15856,#16912,.T.);
#15047=EDGE_CURVE('',#16460,#15858,#16913,.T.);
#15048=EDGE_CURVE('',#16458,#15860,#16914,.T.);
#15049=EDGE_CURVE('',#16456,#15862,#16915,.T.);
#15050=EDGE_CURVE('',#16454,#15864,#16916,.T.);
#15051=EDGE_CURVE('',#16452,#15866,#16917,.T.);
#15052=EDGE_CURVE('',#16450,#15868,#16918,.T.);
#15053=EDGE_CURVE('',#16448,#15870,#16919,.T.);
#15054=EDGE_CURVE('',#16446,#15872,#16920,.T.);
#15055=EDGE_CURVE('',#16444,#15874,#16921,.T.);
#15056=EDGE_CURVE('',#16442,#15876,#16922,.T.);
#15057=EDGE_CURVE('',#16440,#15878,#16923,.T.);
#15058=EDGE_CURVE('',#16438,#15880,#16924,.T.);
#15059=EDGE_CURVE('',#16436,#15882,#16925,.T.);
#15060=EDGE_CURVE('',#16434,#15884,#16926,.T.);
#15061=EDGE_CURVE('',#16432,#15886,#16927,.T.);
#15062=EDGE_CURVE('',#16430,#15888,#16928,.T.);
#15063=EDGE_CURVE('',#16428,#15890,#16929,.T.);
#15064=EDGE_CURVE('',#16426,#15892,#16930,.T.);
#15065=EDGE_CURVE('',#16424,#15894,#16931,.T.);
#15066=EDGE_CURVE('',#16422,#15896,#16932,.T.);
#15067=EDGE_CURVE('',#16420,#15898,#16933,.T.);
#15068=EDGE_CURVE('',#16418,#15900,#16934,.T.);
#15069=EDGE_CURVE('',#16416,#15902,#16935,.T.);
#15070=EDGE_CURVE('',#16414,#15904,#16936,.T.);
#15071=EDGE_CURVE('',#16412,#15906,#16937,.T.);
#15072=EDGE_CURVE('',#16410,#15908,#16938,.T.);
#15073=EDGE_CURVE('',#16408,#15910,#16939,.T.);
#15074=EDGE_CURVE('',#16406,#15912,#16940,.T.);
#15075=EDGE_CURVE('',#16404,#15914,#16941,.T.);
#15076=EDGE_CURVE('',#16402,#15916,#16942,.T.);
#15077=EDGE_CURVE('',#16400,#15918,#16943,.T.);
#15078=EDGE_CURVE('',#16398,#15920,#16944,.T.);
#15079=EDGE_CURVE('',#16396,#15922,#16945,.T.);
#15080=EDGE_CURVE('',#16394,#15924,#16946,.T.);
#15081=EDGE_CURVE('',#16392,#15926,#16947,.T.);
#15082=EDGE_CURVE('',#16390,#15928,#16948,.T.);
#15083=EDGE_CURVE('',#16388,#15930,#16949,.T.);
#15084=EDGE_CURVE('',#16386,#15932,#16950,.T.);
#15085=EDGE_CURVE('',#16384,#15934,#16951,.T.);
#15086=EDGE_CURVE('',#16382,#15936,#16952,.T.);
#15087=EDGE_CURVE('',#16380,#15938,#16953,.T.);
#15088=EDGE_CURVE('',#16378,#15940,#16954,.T.);
#15089=EDGE_CURVE('',#16376,#15942,#16955,.T.);
#15090=EDGE_CURVE('',#16374,#15944,#16956,.T.);
#15091=EDGE_CURVE('',#16372,#15946,#16957,.T.);
#15092=EDGE_CURVE('',#16370,#15948,#16958,.T.);
#15093=EDGE_CURVE('',#16368,#15950,#16959,.T.);
#15094=EDGE_CURVE('',#16366,#15952,#16960,.T.);
#15095=EDGE_CURVE('',#16364,#15954,#16961,.T.);
#15096=EDGE_CURVE('',#16362,#15956,#16962,.T.);
#15097=EDGE_CURVE('',#16360,#15958,#16963,.T.);
#15098=EDGE_CURVE('',#16358,#15960,#16964,.T.);
#15099=EDGE_CURVE('',#16356,#15962,#16965,.T.);
#15100=EDGE_CURVE('',#16354,#15964,#16966,.T.);
#15101=EDGE_CURVE('',#16352,#15966,#16967,.T.);
#15102=EDGE_CURVE('',#16350,#15968,#16968,.T.);
#15103=EDGE_CURVE('',#16348,#15970,#16969,.T.);
#15104=EDGE_CURVE('',#16346,#15972,#16970,.T.);
#15105=EDGE_CURVE('',#16344,#15974,#16971,.T.);
#15106=EDGE_CURVE('',#16342,#15976,#16972,.T.);
#15107=EDGE_CURVE('',#16340,#15978,#16973,.T.);
#15108=EDGE_CURVE('',#16338,#15980,#16974,.T.);
#15109=EDGE_CURVE('',#16336,#15982,#16975,.T.);
#15110=EDGE_CURVE('',#16334,#15984,#16976,.T.);
#15111=EDGE_CURVE('',#16332,#15986,#16977,.T.);
#15112=EDGE_CURVE('',#16330,#15988,#16978,.T.);
#15113=EDGE_CURVE('',#16328,#15990,#16979,.T.);
#15114=EDGE_CURVE('',#16326,#15992,#16980,.T.);
#15115=EDGE_CURVE('',#16324,#15994,#16981,.T.);
#15116=EDGE_CURVE('',#16322,#15996,#16982,.T.);
#15117=EDGE_CURVE('',#16320,#15998,#16983,.T.);
#15118=EDGE_CURVE('',#16318,#16000,#16984,.T.);
#15119=EDGE_CURVE('',#16316,#16002,#16985,.T.);
#15120=EDGE_CURVE('',#16314,#16004,#16986,.T.);
#15121=EDGE_CURVE('',#16312,#16006,#16987,.T.);
#15122=EDGE_CURVE('',#16310,#16008,#16988,.T.);
#15123=EDGE_CURVE('',#16308,#16010,#16989,.T.);
#15124=EDGE_CURVE('',#16306,#16012,#16990,.T.);
#15125=EDGE_CURVE('',#16304,#16014,#16991,.T.);
#15126=EDGE_CURVE('',#16302,#16016,#16992,.T.);
#15127=EDGE_CURVE('',#16300,#16018,#16993,.T.);
#15128=EDGE_CURVE('',#16298,#16020,#16994,.T.);
#15129=EDGE_CURVE('',#16296,#16022,#16995,.T.);
#15130=EDGE_CURVE('',#16294,#16024,#16996,.T.);
#15131=EDGE_CURVE('',#16292,#16026,#16997,.T.);
#15132=EDGE_CURVE('',#16290,#16028,#16998,.T.);
#15133=EDGE_CURVE('',#16288,#16030,#16999,.T.);
#15134=EDGE_CURVE('',#16286,#16032,#17000,.T.);
#15135=EDGE_CURVE('',#16284,#16034,#17001,.T.);
#15136=EDGE_CURVE('',#16282,#16036,#17002,.T.);
#15137=EDGE_CURVE('',#16280,#16038,#17003,.T.);
#15138=EDGE_CURVE('',#16278,#16040,#17004,.T.);
#15139=EDGE_CURVE('',#16276,#16042,#17005,.T.);
#15140=EDGE_CURVE('',#16274,#16044,#17006,.T.);
#15141=EDGE_CURVE('',#16272,#16046,#17007,.T.);
#15142=EDGE_CURVE('',#16270,#16048,#17008,.T.);
#15143=EDGE_CURVE('',#16268,#16050,#17009,.T.);
#15144=EDGE_CURVE('',#16266,#16052,#17010,.T.);
#15145=EDGE_CURVE('',#16264,#16054,#17011,.T.);
#15146=EDGE_CURVE('',#16262,#16056,#17012,.T.);
#15147=EDGE_CURVE('',#16260,#16058,#17013,.T.);
#15148=EDGE_CURVE('',#16258,#16060,#17014,.T.);
#15149=EDGE_CURVE('',#16256,#16062,#17015,.T.);
#15150=EDGE_CURVE('',#16254,#16064,#17016,.T.);
#15151=EDGE_CURVE('',#16252,#16066,#17017,.T.);
#15152=EDGE_CURVE('',#16250,#16068,#17018,.T.);
#15153=EDGE_CURVE('',#16248,#16070,#17019,.T.);
#15154=EDGE_CURVE('',#16246,#16072,#17020,.T.);
#15155=EDGE_CURVE('',#16244,#16074,#17021,.T.);
#15156=EDGE_CURVE('',#16242,#16076,#17022,.T.);
#15157=EDGE_CURVE('',#16240,#16078,#17023,.T.);
#15158=EDGE_CURVE('',#16238,#16080,#17024,.T.);
#15159=EDGE_CURVE('',#16236,#16082,#17025,.T.);
#15160=EDGE_CURVE('',#16234,#16084,#17026,.T.);
#15161=EDGE_CURVE('',#16232,#16086,#17027,.T.);
#15162=EDGE_CURVE('',#16230,#16088,#17028,.T.);
#15163=EDGE_CURVE('',#16228,#16090,#17029,.T.);
#15164=EDGE_CURVE('',#16225,#16092,#17030,.T.);
#15165=EDGE_CURVE('',#17031,#17031,#17032,.T.);
#15166=EDGE_CURVE('',#17033,#17033,#17034,.T.);
#15167=EDGE_CURVE('',#17035,#17035,#17036,.T.);
#15168=EDGE_CURVE('',#17037,#17037,#17038,.T.);
#15169=EDGE_CURVE('',#17039,#17039,#17040,.T.);
#15170=EDGE_CURVE('',#17041,#17041,#17042,.T.);
#15171=EDGE_CURVE('',#17043,#17043,#17044,.T.);
#15172=EDGE_CURVE('',#17045,#17045,#17046,.T.);
#15173=EDGE_CURVE('',#17047,#17047,#17048,.T.);
#15174=EDGE_CURVE('',#17049,#17049,#17050,.T.);
#15175=EDGE_CURVE('',#17051,#17051,#17052,.T.);
#15176=EDGE_CURVE('',#17053,#17053,#17054,.T.);
#15177=EDGE_CURVE('',#17055,#17055,#17056,.T.);
#15178=EDGE_CURVE('',#17057,#17057,#17058,.T.);
#15179=EDGE_CURVE('',#17059,#17059,#17060,.T.);
#15180=EDGE_CURVE('',#17061,#17061,#17062,.T.);
#15181=EDGE_CURVE('',#17063,#17063,#17064,.T.);
#15182=EDGE_CURVE('',#17065,#17065,#17066,.T.);
#15183=EDGE_CURVE('',#17067,#17067,#17068,.T.);
#15184=EDGE_CURVE('',#17069,#17069,#17070,.T.);
#15185=EDGE_CURVE('',#17071,#17071,#17072,.T.);
#15186=EDGE_CURVE('',#17073,#17073,#17074,.T.);
#15187=EDGE_CURVE('',#17075,#17075,#17076,.T.);
#15188=EDGE_CURVE('',#17077,#17077,#17078,.T.);
#15189=EDGE_CURVE('',#17079,#17079,#17080,.T.);
#15190=EDGE_CURVE('',#17081,#17081,#17082,.T.);
#15191=EDGE_CURVE('',#17083,#17083,#17084,.T.);
#15192=EDGE_CURVE('',#17085,#17085,#17086,.T.);
#15193=EDGE_CURVE('',#17087,#17087,#17088,.T.);
#15194=EDGE_CURVE('',#17089,#17089,#17090,.T.);
#15195=EDGE_CURVE('',#17091,#17091,#17092,.T.);
#15196=EDGE_CURVE('',#17093,#17093,#17094,.T.);
#15197=EDGE_CURVE('',#17095,#17095,#17096,.T.);
#15198=EDGE_CURVE('',#17097,#17097,#17098,.T.);
#15199=EDGE_CURVE('',#17099,#17099,#17100,.T.);
#15200=EDGE_CURVE('',#17101,#17101,#17102,.T.);
#15201=EDGE_CURVE('',#17103,#17103,#17104,.T.);
#15202=EDGE_CURVE('',#17105,#17105,#17106,.T.);
#15203=EDGE_CURVE('',#17107,#17107,#17108,.T.);
#15204=EDGE_CURVE('',#17109,#17109,#17110,.T.);
#15205=EDGE_CURVE('',#17111,#17111,#17112,.T.);
#15206=EDGE_CURVE('',#17113,#17113,#17114,.T.);
#15207=EDGE_CURVE('',#17115,#17115,#17116,.T.);
#15208=EDGE_CURVE('',#17117,#17117,#17118,.T.);
#15209=EDGE_CURVE('',#17119,#17119,#17120,.T.);
#15210=EDGE_CURVE('',#17121,#17121,#17122,.T.);
#15211=EDGE_CURVE('',#17123,#17123,#17124,.T.);
#15212=EDGE_CURVE('',#17125,#17125,#17126,.T.);
#15213=EDGE_CURVE('',#17127,#17127,#17128,.T.);
#15214=EDGE_CURVE('',#17129,#17129,#17130,.T.);
#15215=EDGE_CURVE('',#17131,#17131,#17132,.T.);
#15216=EDGE_CURVE('',#17133,#17133,#17134,.T.);
#15217=EDGE_CURVE('',#17135,#17135,#17136,.T.);
#15218=EDGE_CURVE('',#17137,#17137,#17138,.T.);
#15219=EDGE_CURVE('',#17139,#17139,#17140,.T.);
#15220=EDGE_CURVE('',#17141,#17141,#17142,.T.);
#15221=EDGE_CURVE('',#17143,#17143,#17144,.T.);
#15222=EDGE_CURVE('',#17145,#17145,#17146,.T.);
#15223=EDGE_CURVE('',#17147,#17147,#17148,.T.);
#15224=EDGE_CURVE('',#17149,#17149,#17150,.T.);
#15225=EDGE_CURVE('',#17151,#17151,#17152,.T.);
#15226=EDGE_CURVE('',#17153,#17153,#17154,.T.);
#15227=EDGE_CURVE('',#17155,#17155,#17156,.T.);
#15228=EDGE_CURVE('',#17157,#17157,#17158,.T.);
#15229=EDGE_CURVE('',#17159,#17159,#17160,.T.);
#15230=EDGE_CURVE('',#17161,#17161,#17162,.T.);
#15231=EDGE_CURVE('',#17163,#17163,#17164,.T.);
#15232=EDGE_CURVE('',#17165,#17165,#17166,.T.);
#15233=EDGE_CURVE('',#17167,#17167,#17168,.T.);
#15234=EDGE_CURVE('',#17169,#17169,#17170,.T.);
#15235=EDGE_CURVE('',#17171,#17171,#17172,.T.);
#15236=EDGE_CURVE('',#17173,#17173,#17174,.T.);
#15237=EDGE_CURVE('',#17175,#17175,#17176,.T.);
#15238=EDGE_CURVE('',#17177,#17177,#17178,.T.);
#15239=EDGE_CURVE('',#17179,#17179,#17180,.T.);
#15240=EDGE_CURVE('',#17181,#17181,#17182,.T.);
#15241=EDGE_CURVE('',#17183,#17183,#17184,.T.);
#15242=EDGE_CURVE('',#17185,#17185,#17186,.T.);
#15243=EDGE_CURVE('',#17187,#17187,#17188,.T.);
#15244=EDGE_CURVE('',#17189,#17189,#17190,.T.);
#15245=EDGE_CURVE('',#17191,#17191,#17192,.T.);
#15246=EDGE_CURVE('',#17193,#17193,#17194,.T.);
#15247=EDGE_CURVE('',#17195,#17195,#17196,.T.);
#15248=EDGE_CURVE('',#17197,#17197,#17198,.T.);
#15249=EDGE_CURVE('',#17199,#17199,#17200,.T.);
#15250=EDGE_CURVE('',#17201,#17201,#17202,.T.);
#15251=EDGE_CURVE('',#17203,#17203,#17204,.T.);
#15252=EDGE_CURVE('',#17205,#17205,#17206,.T.);
#15253=EDGE_CURVE('',#17207,#17207,#17208,.T.);
#15254=EDGE_CURVE('',#17209,#17209,#17210,.T.);
#15255=EDGE_CURVE('',#17211,#17211,#17212,.T.);
#15256=EDGE_CURVE('',#17213,#17213,#17214,.T.);
#15257=EDGE_CURVE('',#17215,#17215,#17216,.T.);
#15258=EDGE_CURVE('',#17217,#17217,#17218,.T.);
#15259=EDGE_CURVE('',#17219,#17219,#17220,.T.);
#15260=EDGE_CURVE('',#17221,#17221,#17222,.T.);
#15261=EDGE_CURVE('',#17223,#17223,#17224,.T.);
#15262=EDGE_CURVE('',#17225,#17225,#17226,.T.);
#15263=EDGE_CURVE('',#17227,#17227,#17228,.T.);
#15264=EDGE_CURVE('',#17229,#17229,#17230,.T.);
#15265=EDGE_CURVE('',#17231,#17231,#17232,.T.);
#15266=EDGE_CURVE('',#17233,#17233,#17234,.T.);
#15267=EDGE_CURVE('',#17235,#17235,#17236,.T.);
#15268=EDGE_CURVE('',#17237,#17237,#17238,.T.);
#15269=EDGE_CURVE('',#17239,#17239,#17240,.T.);
#15270=EDGE_CURVE('',#17241,#17241,#17242,.T.);
#15271=EDGE_CURVE('',#17243,#17243,#17244,.T.);
#15272=EDGE_CURVE('',#17245,#17245,#17246,.T.);
#15273=EDGE_CURVE('',#17247,#17247,#17248,.T.);
#15274=EDGE_CURVE('',#17249,#17249,#17250,.T.);
#15275=EDGE_CURVE('',#17251,#17251,#17252,.T.);
#15276=EDGE_CURVE('',#17253,#17253,#17254,.T.);
#15277=EDGE_CURVE('',#17255,#17255,#17256,.T.);
#15278=EDGE_CURVE('',#17257,#17257,#17258,.T.);
#15279=EDGE_CURVE('',#17259,#17259,#17260,.T.);
#15280=EDGE_CURVE('',#17261,#17261,#17262,.T.);
#15281=EDGE_CURVE('',#17263,#17263,#17264,.T.);
#15282=EDGE_CURVE('',#17265,#17265,#17266,.T.);
#15283=EDGE_CURVE('',#17267,#17267,#17268,.T.);
#15284=EDGE_CURVE('',#17269,#17269,#17270,.T.);
#15285=EDGE_CURVE('',#17271,#17271,#17272,.T.);
#15286=EDGE_CURVE('',#17273,#17273,#17274,.T.);
#15287=EDGE_CURVE('',#17275,#17275,#17276,.T.);
#15288=EDGE_CURVE('',#17277,#17277,#17278,.T.);
#15289=EDGE_CURVE('',#17279,#17279,#17280,.T.);
#15290=EDGE_CURVE('',#17281,#17281,#17282,.T.);
#15291=EDGE_CURVE('',#17283,#17283,#17284,.T.);
#15292=EDGE_CURVE('',#17285,#17285,#17286,.T.);
#15293=EDGE_CURVE('',#17287,#17287,#17288,.T.);
#15294=EDGE_CURVE('',#17289,#17289,#17290,.T.);
#15295=EDGE_CURVE('',#17291,#17291,#17292,.T.);
#15296=EDGE_CURVE('',#17293,#17293,#17294,.T.);
#15297=EDGE_CURVE('',#17295,#17295,#17296,.T.);
#15298=EDGE_CURVE('',#17297,#17297,#17298,.T.);
#15299=EDGE_CURVE('',#17299,#17299,#17300,.T.);
#15300=EDGE_CURVE('',#17301,#17301,#17302,.T.);
#15301=EDGE_CURVE('',#17303,#17303,#17304,.T.);
#15302=EDGE_CURVE('',#17305,#17305,#17306,.T.);
#15303=EDGE_CURVE('',#17307,#17307,#17308,.T.);
#15304=EDGE_CURVE('',#17309,#17309,#17310,.T.);
#15305=EDGE_CURVE('',#17311,#17311,#17312,.T.);
#15306=EDGE_CURVE('',#17313,#17313,#17314,.T.);
#15307=EDGE_CURVE('',#17315,#17315,#17316,.T.);
#15308=EDGE_CURVE('',#17317,#17317,#17318,.T.);
#15309=EDGE_CURVE('',#17319,#17319,#17320,.T.);
#15310=EDGE_CURVE('',#17321,#17321,#17322,.T.);
#15311=EDGE_CURVE('',#17323,#17323,#17324,.T.);
#15312=EDGE_CURVE('',#17325,#17325,#17326,.T.);
#15313=EDGE_CURVE('',#17327,#17327,#17328,.T.);
#15314=EDGE_CURVE('',#17329,#17329,#17330,.T.);
#15315=EDGE_CURVE('',#17331,#17331,#17332,.T.);
#15316=EDGE_CURVE('',#17333,#17333,#17334,.T.);
#15317=EDGE_CURVE('',#17335,#17335,#17336,.T.);
#15318=EDGE_CURVE('',#17337,#17337,#17338,.T.);
#15319=EDGE_CURVE('',#17339,#17339,#17340,.T.);
#15320=EDGE_CURVE('',#17341,#17341,#17342,.T.);
#15321=EDGE_CURVE('',#17343,#17343,#17344,.T.);
#15322=EDGE_CURVE('',#17345,#17345,#17346,.T.);
#15323=EDGE_CURVE('',#17347,#17347,#17348,.T.);
#15324=EDGE_CURVE('',#17349,#17349,#17350,.T.);
#15325=EDGE_CURVE('',#17351,#17351,#17352,.T.);
#15326=EDGE_CURVE('',#17353,#17353,#17354,.T.);
#15327=EDGE_CURVE('',#17355,#17355,#17356,.T.);
#15328=EDGE_CURVE('',#17357,#17357,#17358,.T.);
#15329=EDGE_CURVE('',#17359,#17359,#17360,.T.);
#15330=EDGE_CURVE('',#17361,#17361,#17362,.T.);
#15331=EDGE_CURVE('',#17363,#17363,#17364,.T.);
#15332=EDGE_CURVE('',#17365,#17365,#17366,.T.);
#15333=EDGE_CURVE('',#17367,#17367,#17368,.T.);
#15334=EDGE_CURVE('',#17369,#17369,#17370,.T.);
#15335=EDGE_CURVE('',#17371,#17371,#17372,.T.);
#15336=EDGE_CURVE('',#17373,#17373,#17374,.T.);
#15337=EDGE_CURVE('',#17375,#17375,#17376,.T.);
#15338=EDGE_CURVE('',#17377,#17377,#17378,.T.);
#15339=EDGE_CURVE('',#17379,#17379,#17380,.T.);
#15340=EDGE_CURVE('',#17381,#17381,#17382,.T.);
#15341=EDGE_CURVE('',#17383,#17383,#17384,.T.);
#15342=EDGE_CURVE('',#17385,#17385,#17386,.T.);
#15343=EDGE_CURVE('',#17387,#17387,#17388,.T.);
#15344=EDGE_CURVE('',#17389,#17389,#17390,.T.);
#15345=EDGE_CURVE('',#17391,#17391,#17392,.T.);
#15346=EDGE_CURVE('',#17393,#17393,#17394,.T.);
#15347=EDGE_CURVE('',#17395,#17395,#17396,.T.);
#15348=EDGE_CURVE('',#17397,#17397,#17398,.T.);
#15349=EDGE_CURVE('',#17399,#17399,#17400,.T.);
#15350=EDGE_CURVE('',#17401,#17401,#17402,.T.);
#15351=EDGE_CURVE('',#17403,#17403,#17404,.T.);
#15352=EDGE_CURVE('',#17405,#17405,#17406,.T.);
#15353=EDGE_CURVE('',#17407,#17407,#17408,.T.);
#15354=EDGE_CURVE('',#17409,#17409,#17410,.T.);
#15355=EDGE_CURVE('',#17411,#17411,#17412,.T.);
#15356=EDGE_CURVE('',#17413,#17413,#17414,.T.);
#15357=EDGE_CURVE('',#17415,#17415,#17416,.T.);
#15358=EDGE_CURVE('',#17417,#17417,#17418,.T.);
#15359=EDGE_CURVE('',#17419,#17419,#17420,.T.);
#15360=EDGE_CURVE('',#17421,#17421,#17422,.T.);
#15361=EDGE_CURVE('',#17423,#17423,#17424,.T.);
#15362=EDGE_CURVE('',#17425,#17425,#17426,.T.);
#15363=EDGE_CURVE('',#17427,#17427,#17428,.T.);
#15364=EDGE_CURVE('',#17429,#17429,#17430,.T.);
#15365=EDGE_CURVE('',#17431,#17431,#17432,.T.);
#15366=EDGE_CURVE('',#17433,#17433,#17434,.T.);
#15367=EDGE_CURVE('',#17435,#17435,#17436,.T.);
#15368=EDGE_CURVE('',#17437,#17437,#17438,.T.);
#15369=EDGE_CURVE('',#17439,#17439,#17440,.T.);
#15370=EDGE_CURVE('',#17441,#17441,#17442,.T.);
#15371=EDGE_CURVE('',#17443,#17443,#17444,.T.);
#15372=EDGE_CURVE('',#17445,#17445,#17446,.T.);
#15373=EDGE_CURVE('',#17447,#17447,#17448,.T.);
#15374=EDGE_CURVE('',#17449,#17449,#17450,.T.);
#15375=EDGE_CURVE('',#17451,#17451,#17452,.T.);
#15376=EDGE_CURVE('',#17453,#17453,#17454,.T.);
#15377=EDGE_CURVE('',#17455,#17455,#17456,.T.);
#15378=EDGE_CURVE('',#17457,#17457,#17458,.T.);
#15379=EDGE_CURVE('',#17459,#17459,#17460,.T.);
#15380=EDGE_CURVE('',#17461,#17461,#17462,.T.);
#15381=EDGE_CURVE('',#17463,#17463,#17464,.T.);
#15382=EDGE_CURVE('',#17465,#17465,#17466,.T.);
#15383=EDGE_CURVE('',#17467,#17467,#17468,.T.);
#15384=EDGE_CURVE('',#17469,#17469,#17470,.T.);
#15385=EDGE_CURVE('',#17471,#17471,#17472,.T.);
#15386=EDGE_CURVE('',#17473,#17473,#17474,.T.);
#15387=EDGE_CURVE('',#17475,#17475,#17476,.T.);
#15388=EDGE_CURVE('',#17477,#17477,#17478,.T.);
#15389=EDGE_CURVE('',#17479,#17479,#17480,.T.);
#15390=EDGE_CURVE('',#17481,#17481,#17482,.T.);
#15391=EDGE_CURVE('',#17483,#17483,#17484,.T.);
#15392=EDGE_CURVE('',#17485,#17485,#17486,.T.);
#15393=EDGE_CURVE('',#17487,#17487,#17488,.T.);
#15394=EDGE_CURVE('',#17489,#17489,#17490,.T.);
#15395=EDGE_CURVE('',#17491,#17491,#17492,.T.);
#15396=EDGE_CURVE('',#17493,#17493,#17494,.T.);
#15397=EDGE_CURVE('',#17495,#17495,#17496,.T.);
#15398=EDGE_CURVE('',#17497,#17497,#17498,.T.);
#15399=EDGE_CURVE('',#17499,#17499,#17500,.T.);
#15400=EDGE_CURVE('',#17501,#17501,#17502,.T.);
#15401=EDGE_CURVE('',#17503,#17503,#17504,.T.);
#15402=EDGE_CURVE('',#17505,#17505,#17506,.T.);
#15403=EDGE_CURVE('',#17507,#17507,#17508,.T.);
#15404=EDGE_CURVE('',#17509,#17509,#17510,.T.);
#15405=EDGE_CURVE('',#17511,#17511,#17512,.T.);
#15406=EDGE_CURVE('',#17513,#17513,#17514,.T.);
#15407=EDGE_CURVE('',#17515,#17515,#17516,.T.);
#15408=EDGE_CURVE('',#17517,#17517,#17518,.T.);
#15409=EDGE_CURVE('',#17519,#17519,#17520,.T.);
#15410=EDGE_CURVE('',#17521,#17521,#17522,.T.);
#15411=EDGE_CURVE('',#17523,#17523,#17524,.T.);
#15412=EDGE_CURVE('',#17525,#17525,#17526,.T.);
#15413=EDGE_CURVE('',#17527,#17527,#17528,.T.);
#15414=EDGE_CURVE('',#17529,#17529,#17530,.T.);
#15415=EDGE_CURVE('',#17531,#17531,#17532,.T.);
#15416=EDGE_CURVE('',#17533,#17533,#17534,.T.);
#15417=EDGE_CURVE('',#17535,#17535,#17536,.T.);
#15418=EDGE_CURVE('',#17537,#17537,#17538,.T.);
#15419=EDGE_CURVE('',#17539,#17539,#17540,.T.);
#15420=EDGE_CURVE('',#17541,#17541,#17542,.T.);
#15421=EDGE_CURVE('',#17543,#17543,#17544,.T.);
#15422=EDGE_CURVE('',#17545,#17545,#17546,.T.);
#15423=EDGE_CURVE('',#17547,#17547,#17548,.T.);
#15424=EDGE_CURVE('',#17549,#17549,#17550,.T.);
#15425=EDGE_CURVE('',#17551,#17551,#17552,.T.);
#15426=EDGE_CURVE('',#17553,#17553,#17554,.T.);
#15427=EDGE_CURVE('',#17555,#17555,#17556,.T.);
#15428=EDGE_CURVE('',#17557,#17557,#17558,.T.);
#15429=EDGE_CURVE('',#17559,#17559,#17560,.T.);
#15430=EDGE_CURVE('',#17561,#17561,#17562,.T.);
#15431=VERTEX_POINT('',#17563);
#15432=CIRCLE('',#17564,0.66);
#15433=VERTEX_POINT('',#17568);
#15434=CIRCLE('',#17569,0.66);
#15435=VERTEX_POINT('',#17573);
#15436=CIRCLE('',#17574,0.66);
#15437=VERTEX_POINT('',#17578);
#15438=CIRCLE('',#17579,0.66);
#15439=VERTEX_POINT('',#17583);
#15440=CIRCLE('',#17584,0.66);
#15441=VERTEX_POINT('',#17588);
#15442=CIRCLE('',#17589,0.66);
#15443=VERTEX_POINT('',#17593);
#15444=CIRCLE('',#17594,0.66);
#15445=VERTEX_POINT('',#17598);
#15446=CIRCLE('',#17599,0.66);
#15447=VERTEX_POINT('',#17603);
#15448=CIRCLE('',#17604,0.66);
#15449=VERTEX_POINT('',#17608);
#15450=CIRCLE('',#17609,0.66);
#15451=VERTEX_POINT('',#17613);
#15452=CIRCLE('',#17614,0.66);
#15453=VERTEX_POINT('',#17618);
#15454=CIRCLE('',#17619,0.66);
#15455=VERTEX_POINT('',#17623);
#15456=CIRCLE('',#17624,0.66);
#15457=VERTEX_POINT('',#17628);
#15458=CIRCLE('',#17629,0.66);
#15459=VERTEX_POINT('',#17633);
#15460=CIRCLE('',#17634,0.66);
#15461=VERTEX_POINT('',#17638);
#15462=CIRCLE('',#17639,0.66);
#15463=VERTEX_POINT('',#17643);
#15464=CIRCLE('',#17644,0.66);
#15465=VERTEX_POINT('',#17648);
#15466=CIRCLE('',#17649,0.66);
#15467=VERTEX_POINT('',#17653);
#15468=CIRCLE('',#17654,0.66);
#15469=VERTEX_POINT('',#17658);
#15470=CIRCLE('',#17659,0.66);
#15471=VERTEX_POINT('',#17663);
#15472=CIRCLE('',#17664,0.66);
#15473=VERTEX_POINT('',#17668);
#15474=CIRCLE('',#17669,0.66);
#15475=VERTEX_POINT('',#17673);
#15476=CIRCLE('',#17674,0.66);
#15477=VERTEX_POINT('',#17678);
#15478=CIRCLE('',#17679,0.66);
#15479=VERTEX_POINT('',#17683);
#15480=CIRCLE('',#17684,0.66);
#15481=VERTEX_POINT('',#17688);
#15482=CIRCLE('',#17689,0.66);
#15483=VERTEX_POINT('',#17693);
#15484=CIRCLE('',#17694,0.66);
#15485=VERTEX_POINT('',#17698);
#15486=CIRCLE('',#17699,0.66);
#15487=VERTEX_POINT('',#17703);
#15488=CIRCLE('',#17704,0.66);
#15489=VERTEX_POINT('',#17708);
#15490=CIRCLE('',#17709,0.66);
#15491=VERTEX_POINT('',#17713);
#15492=CIRCLE('',#17714,0.66);
#15493=VERTEX_POINT('',#17718);
#15494=CIRCLE('',#17719,0.66);
#15495=VERTEX_POINT('',#17723);
#15496=CIRCLE('',#17724,0.66);
#15497=VERTEX_POINT('',#17728);
#15498=CIRCLE('',#17729,0.66);
#15499=VERTEX_POINT('',#17733);
#15500=CIRCLE('',#17734,0.66);
#15501=VERTEX_POINT('',#17738);
#15502=CIRCLE('',#17739,0.66);
#15503=VERTEX_POINT('',#17743);
#15504=CIRCLE('',#17744,0.66);
#15505=VERTEX_POINT('',#17748);
#15506=CIRCLE('',#17749,0.66);
#15507=VERTEX_POINT('',#17753);
#15508=CIRCLE('',#17754,0.66);
#15509=VERTEX_POINT('',#17758);
#15510=CIRCLE('',#17759,0.66);
#15511=VERTEX_POINT('',#17763);
#15512=CIRCLE('',#17764,0.66);
#15513=VERTEX_POINT('',#17768);
#15514=CIRCLE('',#17769,0.66);
#15515=VERTEX_POINT('',#17773);
#15516=CIRCLE('',#17774,0.66);
#15517=VERTEX_POINT('',#17778);
#15518=CIRCLE('',#17779,0.66);
#15519=VERTEX_POINT('',#17783);
#15520=CIRCLE('',#17784,0.66);
#15521=VERTEX_POINT('',#17788);
#15522=CIRCLE('',#17789,0.66);
#15523=VERTEX_POINT('',#17793);
#15524=CIRCLE('',#17794,0.66);
#15525=VERTEX_POINT('',#17798);
#15526=CIRCLE('',#17799,0.66);
#15527=VERTEX_POINT('',#17803);
#15528=CIRCLE('',#17804,0.66);
#15529=VERTEX_POINT('',#17808);
#15530=CIRCLE('',#17809,0.66);
#15531=VERTEX_POINT('',#17813);
#15532=CIRCLE('',#17814,0.66);
#15533=VERTEX_POINT('',#17818);
#15534=CIRCLE('',#17819,0.66);
#15535=VERTEX_POINT('',#17823);
#15536=CIRCLE('',#17824,0.66);
#15537=VERTEX_POINT('',#17828);
#15538=CIRCLE('',#17829,0.66);
#15539=VERTEX_POINT('',#17833);
#15540=CIRCLE('',#17834,0.66);
#15541=VERTEX_POINT('',#17838);
#15542=CIRCLE('',#17839,0.66);
#15543=VERTEX_POINT('',#17843);
#15544=CIRCLE('',#17844,0.66);
#15545=VERTEX_POINT('',#17848);
#15546=CIRCLE('',#17849,0.66);
#15547=VERTEX_POINT('',#17853);
#15548=CIRCLE('',#17854,0.66);
#15549=VERTEX_POINT('',#17858);
#15550=CIRCLE('',#17859,0.66);
#15551=VERTEX_POINT('',#17863);
#15552=CIRCLE('',#17864,0.66);
#15553=VERTEX_POINT('',#17868);
#15554=CIRCLE('',#17869,0.66);
#15555=VERTEX_POINT('',#17873);
#15556=CIRCLE('',#17874,0.66);
#15557=VERTEX_POINT('',#17878);
#15558=CIRCLE('',#17879,0.66);
#15559=VERTEX_POINT('',#17883);
#15560=VERTEX_POINT('',#17884);
#15561=LINE('',#17885,#17886);
#15562=VERTEX_POINT('',#17888);
#15563=LINE('',#17889,#17890);
#15564=VERTEX_POINT('',#17892);
#15565=LINE('',#17893,#17894);
#15566=VERTEX_POINT('',#17896);
#15567=LINE('',#17897,#17898);
#15568=VERTEX_POINT('',#17900);
#15569=LINE('',#17901,#17902);
#15570=VERTEX_POINT('',#17904);
#15571=LINE('',#17905,#17906);
#15572=VERTEX_POINT('',#17908);
#15573=LINE('',#17909,#17910);
#15574=VERTEX_POINT('',#17912);
#15575=LINE('',#17913,#17914);
#15576=VERTEX_POINT('',#17916);
#15577=LINE('',#17917,#17918);
#15578=VERTEX_POINT('',#17920);
#15579=LINE('',#17921,#17922);
#15580=VERTEX_POINT('',#17924);
#15581=LINE('',#17925,#17926);
#15582=VERTEX_POINT('',#17928);
#15583=LINE('',#17929,#17930);
#15584=VERTEX_POINT('',#17932);
#15585=LINE('',#17933,#17934);
#15586=VERTEX_POINT('',#17936);
#15587=LINE('',#17937,#17938);
#15588=VERTEX_POINT('',#17940);
#15589=LINE('',#17941,#17942);
#15590=VERTEX_POINT('',#17944);
#15591=LINE('',#17945,#17946);
#15592=VERTEX_POINT('',#17948);
#15593=LINE('',#17949,#17950);
#15594=VERTEX_POINT('',#17952);
#15595=LINE('',#17953,#17954);
#15596=VERTEX_POINT('',#17956);
#15597=LINE('',#17957,#17958);
#15598=VERTEX_POINT('',#17960);
#15599=LINE('',#17961,#17962);
#15600=VERTEX_POINT('',#17964);
#15601=LINE('',#17965,#17966);
#15602=VERTEX_POINT('',#17968);
#15603=LINE('',#17969,#17970);
#15604=VERTEX_POINT('',#17972);
#15605=LINE('',#17973,#17974);
#15606=VERTEX_POINT('',#17976);
#15607=LINE('',#17977,#17978);
#15608=VERTEX_POINT('',#17980);
#15609=LINE('',#17981,#17982);
#15610=VERTEX_POINT('',#17984);
#15611=LINE('',#17985,#17986);
#15612=VERTEX_POINT('',#17988);
#15613=LINE('',#17989,#17990);
#15614=VERTEX_POINT('',#17992);
#15615=LINE('',#17993,#17994);
#15616=VERTEX_POINT('',#17996);
#15617=LINE('',#17997,#17998);
#15618=VERTEX_POINT('',#18000);
#15619=LINE('',#18001,#18002);
#15620=VERTEX_POINT('',#18004);
#15621=LINE('',#18005,#18006);
#15622=VERTEX_POINT('',#18008);
#15623=LINE('',#18009,#18010);
#15624=VERTEX_POINT('',#18012);
#15625=LINE('',#18013,#18014);
#15626=VERTEX_POINT('',#18016);
#15627=LINE('',#18017,#18018);
#15628=VERTEX_POINT('',#18020);
#15629=LINE('',#18021,#18022);
#15630=VERTEX_POINT('',#18024);
#15631=LINE('',#18025,#18026);
#15632=VERTEX_POINT('',#18028);
#15633=LINE('',#18029,#18030);
#15634=VERTEX_POINT('',#18032);
#15635=LINE('',#18033,#18034);
#15636=VERTEX_POINT('',#18036);
#15637=LINE('',#18037,#18038);
#15638=VERTEX_POINT('',#18040);
#15639=LINE('',#18041,#18042);
#15640=VERTEX_POINT('',#18044);
#15641=LINE('',#18045,#18046);
#15642=VERTEX_POINT('',#18048);
#15643=LINE('',#18049,#18050);
#15644=VERTEX_POINT('',#18052);
#15645=LINE('',#18053,#18054);
#15646=VERTEX_POINT('',#18056);
#15647=LINE('',#18057,#18058);
#15648=VERTEX_POINT('',#18060);
#15649=LINE('',#18061,#18062);
#15650=VERTEX_POINT('',#18064);
#15651=LINE('',#18065,#18066);
#15652=VERTEX_POINT('',#18068);
#15653=LINE('',#18069,#18070);
#15654=VERTEX_POINT('',#18072);
#15655=LINE('',#18073,#18074);
#15656=VERTEX_POINT('',#18076);
#15657=LINE('',#18077,#18078);
#15658=VERTEX_POINT('',#18080);
#15659=LINE('',#18081,#18082);
#15660=VERTEX_POINT('',#18084);
#15661=LINE('',#18085,#18086);
#15662=VERTEX_POINT('',#18088);
#15663=LINE('',#18089,#18090);
#15664=VERTEX_POINT('',#18092);
#15665=LINE('',#18093,#18094);
#15666=VERTEX_POINT('',#18096);
#15667=LINE('',#18097,#18098);
#15668=VERTEX_POINT('',#18100);
#15669=LINE('',#18101,#18102);
#15670=VERTEX_POINT('',#18104);
#15671=LINE('',#18105,#18106);
#15672=VERTEX_POINT('',#18108);
#15673=LINE('',#18109,#18110);
#15674=VERTEX_POINT('',#18112);
#15675=LINE('',#18113,#18114);
#15676=VERTEX_POINT('',#18116);
#15677=LINE('',#18117,#18118);
#15678=VERTEX_POINT('',#18120);
#15679=LINE('',#18121,#18122);
#15680=VERTEX_POINT('',#18124);
#15681=LINE('',#18125,#18126);
#15682=VERTEX_POINT('',#18128);
#15683=LINE('',#18129,#18130);
#15684=VERTEX_POINT('',#18132);
#15685=LINE('',#18133,#18134);
#15686=VERTEX_POINT('',#18136);
#15687=LINE('',#18137,#18138);
#15688=VERTEX_POINT('',#18140);
#15689=LINE('',#18141,#18142);
#15690=VERTEX_POINT('',#18144);
#15691=LINE('',#18145,#18146);
#15692=VERTEX_POINT('',#18148);
#15693=LINE('',#18149,#18150);
#15694=VERTEX_POINT('',#18152);
#15695=LINE('',#18153,#18154);
#15696=VERTEX_POINT('',#18156);
#15697=LINE('',#18157,#18158);
#15698=VERTEX_POINT('',#18160);
#15699=LINE('',#18161,#18162);
#15700=VERTEX_POINT('',#18164);
#15701=LINE('',#18165,#18166);
#15702=VERTEX_POINT('',#18168);
#15703=LINE('',#18169,#18170);
#15704=VERTEX_POINT('',#18172);
#15705=LINE('',#18173,#18174);
#15706=VERTEX_POINT('',#18176);
#15707=LINE('',#18177,#18178);
#15708=VERTEX_POINT('',#18180);
#15709=LINE('',#18181,#18182);
#15710=VERTEX_POINT('',#18184);
#15711=LINE('',#18185,#18186);
#15712=VERTEX_POINT('',#18188);
#15713=LINE('',#18189,#18190);
#15714=VERTEX_POINT('',#18192);
#15715=LINE('',#18193,#18194);
#15716=VERTEX_POINT('',#18196);
#15717=LINE('',#18197,#18198);
#15718=VERTEX_POINT('',#18200);
#15719=LINE('',#18201,#18202);
#15720=VERTEX_POINT('',#18204);
#15721=LINE('',#18205,#18206);
#15722=VERTEX_POINT('',#18208);
#15723=LINE('',#18209,#18210);
#15724=VERTEX_POINT('',#18212);
#15725=LINE('',#18213,#18214);
#15726=VERTEX_POINT('',#18216);
#15727=LINE('',#18217,#18218);
#15728=VERTEX_POINT('',#18220);
#15729=LINE('',#18221,#18222);
#15730=VERTEX_POINT('',#18224);
#15731=LINE('',#18225,#18226);
#15732=VERTEX_POINT('',#18228);
#15733=LINE('',#18229,#18230);
#15734=VERTEX_POINT('',#18232);
#15735=LINE('',#18233,#18234);
#15736=VERTEX_POINT('',#18236);
#15737=LINE('',#18237,#18238);
#15738=VERTEX_POINT('',#18240);
#15739=LINE('',#18241,#18242);
#15740=VERTEX_POINT('',#18244);
#15741=LINE('',#18245,#18246);
#15742=VERTEX_POINT('',#18248);
#15743=LINE('',#18249,#18250);
#15744=VERTEX_POINT('',#18252);
#15745=LINE('',#18253,#18254);
#15746=VERTEX_POINT('',#18256);
#15747=LINE('',#18257,#18258);
#15748=VERTEX_POINT('',#18260);
#15749=LINE('',#18261,#18262);
#15750=VERTEX_POINT('',#18264);
#15751=LINE('',#18265,#18266);
#15752=VERTEX_POINT('',#18268);
#15753=LINE('',#18269,#18270);
#15754=VERTEX_POINT('',#18272);
#15755=LINE('',#18273,#18274);
#15756=VERTEX_POINT('',#18276);
#15757=LINE('',#18277,#18278);
#15758=VERTEX_POINT('',#18280);
#15759=LINE('',#18281,#18282);
#15760=VERTEX_POINT('',#18284);
#15761=LINE('',#18285,#18286);
#15762=VERTEX_POINT('',#18288);
#15763=LINE('',#18289,#18290);
#15764=VERTEX_POINT('',#18292);
#15765=LINE('',#18293,#18294);
#15766=VERTEX_POINT('',#18296);
#15767=LINE('',#18297,#18298);
#15768=VERTEX_POINT('',#18300);
#15769=LINE('',#18301,#18302);
#15770=VERTEX_POINT('',#18304);
#15771=LINE('',#18305,#18306);
#15772=VERTEX_POINT('',#18308);
#15773=LINE('',#18309,#18310);
#15774=VERTEX_POINT('',#18312);
#15775=LINE('',#18313,#18314);
#15776=VERTEX_POINT('',#18316);
#15777=LINE('',#18317,#18318);
#15778=VERTEX_POINT('',#18320);
#15779=LINE('',#18321,#18322);
#15780=VERTEX_POINT('',#18324);
#15781=LINE('',#18325,#18326);
#15782=VERTEX_POINT('',#18328);
#15783=LINE('',#18329,#18330);
#15784=VERTEX_POINT('',#18332);
#15785=LINE('',#18333,#18334);
#15786=VERTEX_POINT('',#18336);
#15787=LINE('',#18337,#18338);
#15788=VERTEX_POINT('',#18340);
#15789=LINE('',#18341,#18342);
#15790=VERTEX_POINT('',#18344);
#15791=LINE('',#18345,#18346);
#15792=VERTEX_POINT('',#18348);
#15793=LINE('',#18349,#18350);
#15794=VERTEX_POINT('',#18352);
#15795=LINE('',#18353,#18354);
#15796=VERTEX_POINT('',#18356);
#15797=LINE('',#18357,#18358);
#15798=VERTEX_POINT('',#18360);
#15799=LINE('',#18361,#18362);
#15800=VERTEX_POINT('',#18364);
#15801=LINE('',#18365,#18366);
#15802=VERTEX_POINT('',#18368);
#15803=LINE('',#18369,#18370);
#15804=VERTEX_POINT('',#18372);
#15805=LINE('',#18373,#18374);
#15806=VERTEX_POINT('',#18376);
#15807=LINE('',#18377,#18378);
#15808=VERTEX_POINT('',#18380);
#15809=LINE('',#18381,#18382);
#15810=VERTEX_POINT('',#18384);
#15811=LINE('',#18385,#18386);
#15812=VERTEX_POINT('',#18388);
#15813=LINE('',#18389,#18390);
#15814=VERTEX_POINT('',#18392);
#15815=LINE('',#18393,#18394);
#15816=VERTEX_POINT('',#18396);
#15817=LINE('',#18397,#18398);
#15818=VERTEX_POINT('',#18400);
#15819=LINE('',#18401,#18402);
#15820=VERTEX_POINT('',#18404);
#15821=LINE('',#18405,#18406);
#15822=VERTEX_POINT('',#18408);
#15823=LINE('',#18409,#18410);
#15824=VERTEX_POINT('',#18412);
#15825=LINE('',#18413,#18414);
#15826=VERTEX_POINT('',#18416);
#15827=LINE('',#18417,#18418);
#15828=VERTEX_POINT('',#18420);
#15829=LINE('',#18421,#18422);
#15830=VERTEX_POINT('',#18424);
#15831=LINE('',#18425,#18426);
#15832=VERTEX_POINT('',#18428);
#15833=LINE('',#18429,#18430);
#15834=VERTEX_POINT('',#18432);
#15835=LINE('',#18433,#18434);
#15836=VERTEX_POINT('',#18436);
#15837=LINE('',#18437,#18438);
#15838=VERTEX_POINT('',#18440);
#15839=LINE('',#18441,#18442);
#15840=VERTEX_POINT('',#18444);
#15841=LINE('',#18445,#18446);
#15842=VERTEX_POINT('',#18448);
#15843=LINE('',#18449,#18450);
#15844=VERTEX_POINT('',#18452);
#15845=LINE('',#18453,#18454);
#15846=VERTEX_POINT('',#18456);
#15847=LINE('',#18457,#18458);
#15848=VERTEX_POINT('',#18460);
#15849=LINE('',#18461,#18462);
#15850=VERTEX_POINT('',#18464);
#15851=LINE('',#18465,#18466);
#15852=VERTEX_POINT('',#18468);
#15853=LINE('',#18469,#18470);
#15854=VERTEX_POINT('',#18472);
#15855=LINE('',#18473,#18474);
#15856=VERTEX_POINT('',#18476);
#15857=LINE('',#18477,#18478);
#15858=VERTEX_POINT('',#18480);
#15859=LINE('',#18481,#18482);
#15860=VERTEX_POINT('',#18484);
#15861=LINE('',#18485,#18486);
#15862=VERTEX_POINT('',#18488);
#15863=LINE('',#18489,#18490);
#15864=VERTEX_POINT('',#18492);
#15865=LINE('',#18493,#18494);
#15866=VERTEX_POINT('',#18496);
#15867=LINE('',#18497,#18498);
#15868=VERTEX_POINT('',#18500);
#15869=LINE('',#18501,#18502);
#15870=VERTEX_POINT('',#18504);
#15871=LINE('',#18505,#18506);
#15872=VERTEX_POINT('',#18508);
#15873=LINE('',#18509,#18510);
#15874=VERTEX_POINT('',#18512);
#15875=LINE('',#18513,#18514);
#15876=VERTEX_POINT('',#18516);
#15877=LINE('',#18517,#18518);
#15878=VERTEX_POINT('',#18520);
#15879=LINE('',#18521,#18522);
#15880=VERTEX_POINT('',#18524);
#15881=LINE('',#18525,#18526);
#15882=VERTEX_POINT('',#18528);
#15883=LINE('',#18529,#18530);
#15884=VERTEX_POINT('',#18532);
#15885=LINE('',#18533,#18534);
#15886=VERTEX_POINT('',#18536);
#15887=LINE('',#18537,#18538);
#15888=VERTEX_POINT('',#18540);
#15889=LINE('',#18541,#18542);
#15890=VERTEX_POINT('',#18544);
#15891=LINE('',#18545,#18546);
#15892=VERTEX_POINT('',#18548);
#15893=LINE('',#18549,#18550);
#15894=VERTEX_POINT('',#18552);
#15895=LINE('',#18553,#18554);
#15896=VERTEX_POINT('',#18556);
#15897=LINE('',#18557,#18558);
#15898=VERTEX_POINT('',#18560);
#15899=LINE('',#18561,#18562);
#15900=VERTEX_POINT('',#18564);
#15901=LINE('',#18565,#18566);
#15902=VERTEX_POINT('',#18568);
#15903=LINE('',#18569,#18570);
#15904=VERTEX_POINT('',#18572);
#15905=LINE('',#18573,#18574);
#15906=VERTEX_POINT('',#18576);
#15907=LINE('',#18577,#18578);
#15908=VERTEX_POINT('',#18580);
#15909=LINE('',#18581,#18582);
#15910=VERTEX_POINT('',#18584);
#15911=LINE('',#18585,#18586);
#15912=VERTEX_POINT('',#18588);
#15913=LINE('',#18589,#18590);
#15914=VERTEX_POINT('',#18592);
#15915=LINE('',#18593,#18594);
#15916=VERTEX_POINT('',#18596);
#15917=LINE('',#18597,#18598);
#15918=VERTEX_POINT('',#18600);
#15919=LINE('',#18601,#18602);
#15920=VERTEX_POINT('',#18604);
#15921=LINE('',#18605,#18606);
#15922=VERTEX_POINT('',#18608);
#15923=LINE('',#18609,#18610);
#15924=VERTEX_POINT('',#18612);
#15925=LINE('',#18613,#18614);
#15926=VERTEX_POINT('',#18616);
#15927=LINE('',#18617,#18618);
#15928=VERTEX_POINT('',#18620);
#15929=LINE('',#18621,#18622);
#15930=VERTEX_POINT('',#18624);
#15931=LINE('',#18625,#18626);
#15932=VERTEX_POINT('',#18628);
#15933=LINE('',#18629,#18630);
#15934=VERTEX_POINT('',#18632);
#15935=LINE('',#18633,#18634);
#15936=VERTEX_POINT('',#18636);
#15937=LINE('',#18637,#18638);
#15938=VERTEX_POINT('',#18640);
#15939=LINE('',#18641,#18642);
#15940=VERTEX_POINT('',#18644);
#15941=LINE('',#18645,#18646);
#15942=VERTEX_POINT('',#18648);
#15943=LINE('',#18649,#18650);
#15944=VERTEX_POINT('',#18652);
#15945=LINE('',#18653,#18654);
#15946=VERTEX_POINT('',#18656);
#15947=LINE('',#18657,#18658);
#15948=VERTEX_POINT('',#18660);
#15949=LINE('',#18661,#18662);
#15950=VERTEX_POINT('',#18664);
#15951=LINE('',#18665,#18666);
#15952=VERTEX_POINT('',#18668);
#15953=LINE('',#18669,#18670);
#15954=VERTEX_POINT('',#18672);
#15955=LINE('',#18673,#18674);
#15956=VERTEX_POINT('',#18676);
#15957=LINE('',#18677,#18678);
#15958=VERTEX_POINT('',#18680);
#15959=LINE('',#18681,#18682);
#15960=VERTEX_POINT('',#18684);
#15961=LINE('',#18685,#18686);
#15962=VERTEX_POINT('',#18688);
#15963=LINE('',#18689,#18690);
#15964=VERTEX_POINT('',#18692);
#15965=LINE('',#18693,#18694);
#15966=VERTEX_POINT('',#18696);
#15967=LINE('',#18697,#18698);
#15968=VERTEX_POINT('',#18700);
#15969=LINE('',#18701,#18702);
#15970=VERTEX_POINT('',#18704);
#15971=LINE('',#18705,#18706);
#15972=VERTEX_POINT('',#18708);
#15973=LINE('',#18709,#18710);
#15974=VERTEX_POINT('',#18712);
#15975=LINE('',#18713,#18714);
#15976=VERTEX_POINT('',#18716);
#15977=LINE('',#18717,#18718);
#15978=VERTEX_POINT('',#18720);
#15979=LINE('',#18721,#18722);
#15980=VERTEX_POINT('',#18724);
#15981=LINE('',#18725,#18726);
#15982=VERTEX_POINT('',#18728);
#15983=LINE('',#18729,#18730);
#15984=VERTEX_POINT('',#18732);
#15985=LINE('',#18733,#18734);
#15986=VERTEX_POINT('',#18736);
#15987=LINE('',#18737,#18738);
#15988=VERTEX_POINT('',#18740);
#15989=LINE('',#18741,#18742);
#15990=VERTEX_POINT('',#18744);
#15991=LINE('',#18745,#18746);
#15992=VERTEX_POINT('',#18748);
#15993=LINE('',#18749,#18750);
#15994=VERTEX_POINT('',#18752);
#15995=LINE('',#18753,#18754);
#15996=VERTEX_POINT('',#18756);
#15997=LINE('',#18757,#18758);
#15998=VERTEX_POINT('',#18760);
#15999=LINE('',#18761,#18762);
#16000=VERTEX_POINT('',#18764);
#16001=LINE('',#18765,#18766);
#16002=VERTEX_POINT('',#18768);
#16003=LINE('',#18769,#18770);
#16004=VERTEX_POINT('',#18772);
#16005=LINE('',#18773,#18774);
#16006=VERTEX_POINT('',#18776);
#16007=LINE('',#18777,#18778);
#16008=VERTEX_POINT('',#18780);
#16009=LINE('',#18781,#18782);
#16010=VERTEX_POINT('',#18784);
#16011=LINE('',#18785,#18786);
#16012=VERTEX_POINT('',#18788);
#16013=LINE('',#18789,#18790);
#16014=VERTEX_POINT('',#18792);
#16015=LINE('',#18793,#18794);
#16016=VERTEX_POINT('',#18796);
#16017=LINE('',#18797,#18798);
#16018=VERTEX_POINT('',#18800);
#16019=LINE('',#18801,#18802);
#16020=VERTEX_POINT('',#18804);
#16021=LINE('',#18805,#18806);
#16022=VERTEX_POINT('',#18808);
#16023=LINE('',#18809,#18810);
#16024=VERTEX_POINT('',#18812);
#16025=LINE('',#18813,#18814);
#16026=VERTEX_POINT('',#18816);
#16027=LINE('',#18817,#18818);
#16028=VERTEX_POINT('',#18820);
#16029=LINE('',#18821,#18822);
#16030=VERTEX_POINT('',#18824);
#16031=LINE('',#18825,#18826);
#16032=VERTEX_POINT('',#18828);
#16033=LINE('',#18829,#18830);
#16034=VERTEX_POINT('',#18832);
#16035=LINE('',#18833,#18834);
#16036=VERTEX_POINT('',#18836);
#16037=LINE('',#18837,#18838);
#16038=VERTEX_POINT('',#18840);
#16039=LINE('',#18841,#18842);
#16040=VERTEX_POINT('',#18844);
#16041=LINE('',#18845,#18846);
#16042=VERTEX_POINT('',#18848);
#16043=LINE('',#18849,#18850);
#16044=VERTEX_POINT('',#18852);
#16045=LINE('',#18853,#18854);
#16046=VERTEX_POINT('',#18856);
#16047=LINE('',#18857,#18858);
#16048=VERTEX_POINT('',#18860);
#16049=LINE('',#18861,#18862);
#16050=VERTEX_POINT('',#18864);
#16051=LINE('',#18865,#18866);
#16052=VERTEX_POINT('',#18868);
#16053=LINE('',#18869,#18870);
#16054=VERTEX_POINT('',#18872);
#16055=LINE('',#18873,#18874);
#16056=VERTEX_POINT('',#18876);
#16057=LINE('',#18877,#18878);
#16058=VERTEX_POINT('',#18880);
#16059=LINE('',#18881,#18882);
#16060=VERTEX_POINT('',#18884);
#16061=LINE('',#18885,#18886);
#16062=VERTEX_POINT('',#18888);
#16063=LINE('',#18889,#18890);
#16064=VERTEX_POINT('',#18892);
#16065=LINE('',#18893,#18894);
#16066=VERTEX_POINT('',#18896);
#16067=LINE('',#18897,#18898);
#16068=VERTEX_POINT('',#18900);
#16069=LINE('',#18901,#18902);
#16070=VERTEX_POINT('',#18904);
#16071=LINE('',#18905,#18906);
#16072=VERTEX_POINT('',#18908);
#16073=LINE('',#18909,#18910);
#16074=VERTEX_POINT('',#18912);
#16075=LINE('',#18913,#18914);
#16076=VERTEX_POINT('',#18916);
#16077=LINE('',#18917,#18918);
#16078=VERTEX_POINT('',#18920);
#16079=LINE('',#18921,#18922);
#16080=VERTEX_POINT('',#18924);
#16081=LINE('',#18925,#18926);
#16082=VERTEX_POINT('',#18928);
#16083=LINE('',#18929,#18930);
#16084=VERTEX_POINT('',#18932);
#16085=LINE('',#18933,#18934);
#16086=VERTEX_POINT('',#18936);
#16087=LINE('',#18937,#18938);
#16088=VERTEX_POINT('',#18940);
#16089=LINE('',#18941,#18942);
#16090=VERTEX_POINT('',#18944);
#16091=LINE('',#18945,#18946);
#16092=VERTEX_POINT('',#18948);
#16093=LINE('',#18949,#18950);
#16094=LINE('',#18952,#18953);
#16095=VERTEX_POINT('',#18955);
#16096=CIRCLE('',#18956,0.9);
#16097=VERTEX_POINT('',#18960);
#16098=CIRCLE('',#18961,0.9);
#16099=VERTEX_POINT('',#18965);
#16100=CIRCLE('',#18966,0.9);
#16101=VERTEX_POINT('',#18970);
#16102=CIRCLE('',#18971,0.9);
#16103=VERTEX_POINT('',#18975);
#16104=CIRCLE('',#18976,0.9);
#16105=VERTEX_POINT('',#18980);
#16106=CIRCLE('',#18981,0.9);
#16107=VERTEX_POINT('',#18985);
#16108=CIRCLE('',#18986,0.9);
#16109=VERTEX_POINT('',#18990);
#16110=CIRCLE('',#18991,0.9);
#16111=VERTEX_POINT('',#18995);
#16112=CIRCLE('',#18996,0.9);
#16113=VERTEX_POINT('',#19000);
#16114=CIRCLE('',#19001,0.9);
#16115=VERTEX_POINT('',#19005);
#16116=CIRCLE('',#19006,0.9);
#16117=VERTEX_POINT('',#19010);
#16118=CIRCLE('',#19011,0.9);
#16119=VERTEX_POINT('',#19015);
#16120=CIRCLE('',#19016,0.9);
#16121=VERTEX_POINT('',#19020);
#16122=CIRCLE('',#19021,0.9);
#16123=VERTEX_POINT('',#19025);
#16124=CIRCLE('',#19026,0.9);
#16125=VERTEX_POINT('',#19030);
#16126=CIRCLE('',#19031,0.9);
#16127=VERTEX_POINT('',#19035);
#16128=CIRCLE('',#19036,0.9);
#16129=VERTEX_POINT('',#19040);
#16130=CIRCLE('',#19041,0.9);
#16131=VERTEX_POINT('',#19045);
#16132=CIRCLE('',#19046,0.9);
#16133=VERTEX_POINT('',#19050);
#16134=CIRCLE('',#19051,0.9);
#16135=VERTEX_POINT('',#19055);
#16136=CIRCLE('',#19056,0.9);
#16137=VERTEX_POINT('',#19060);
#16138=CIRCLE('',#19061,0.9);
#16139=VERTEX_POINT('',#19065);
#16140=CIRCLE('',#19066,0.9);
#16141=VERTEX_POINT('',#19070);
#16142=CIRCLE('',#19071,0.9);
#16143=VERTEX_POINT('',#19075);
#16144=CIRCLE('',#19076,0.9);
#16145=VERTEX_POINT('',#19080);
#16146=CIRCLE('',#19081,0.9);
#16147=VERTEX_POINT('',#19085);
#16148=CIRCLE('',#19086,0.9);
#16149=VERTEX_POINT('',#19090);
#16150=CIRCLE('',#19091,0.9);
#16151=VERTEX_POINT('',#19095);
#16152=CIRCLE('',#19096,0.9);
#16153=VERTEX_POINT('',#19100);
#16154=CIRCLE('',#19101,0.9);
#16155=VERTEX_POINT('',#19105);
#16156=CIRCLE('',#19106,0.9);
#16157=VERTEX_POINT('',#19110);
#16158=CIRCLE('',#19111,0.9);
#16159=VERTEX_POINT('',#19115);
#16160=CIRCLE('',#19116,0.9);
#16161=VERTEX_POINT('',#19120);
#16162=CIRCLE('',#19121,0.9);
#16163=VERTEX_POINT('',#19125);
#16164=CIRCLE('',#19126,0.9);
#16165=VERTEX_POINT('',#19130);
#16166=CIRCLE('',#19131,0.9);
#16167=VERTEX_POINT('',#19135);
#16168=CIRCLE('',#19136,0.9);
#16169=VERTEX_POINT('',#19140);
#16170=CIRCLE('',#19141,0.9);
#16171=VERTEX_POINT('',#19145);
#16172=CIRCLE('',#19146,0.9);
#16173=VERTEX_POINT('',#19150);
#16174=CIRCLE('',#19151,0.9);
#16175=VERTEX_POINT('',#19155);
#16176=CIRCLE('',#19156,0.9);
#16177=VERTEX_POINT('',#19160);
#16178=CIRCLE('',#19161,0.9);
#16179=VERTEX_POINT('',#19165);
#16180=CIRCLE('',#19166,0.9);
#16181=VERTEX_POINT('',#19170);
#16182=CIRCLE('',#19171,0.9);
#16183=VERTEX_POINT('',#19175);
#16184=CIRCLE('',#19176,0.9);
#16185=VERTEX_POINT('',#19180);
#16186=CIRCLE('',#19181,0.9);
#16187=VERTEX_POINT('',#19185);
#16188=CIRCLE('',#19186,0.9);
#16189=VERTEX_POINT('',#19190);
#16190=CIRCLE('',#19191,0.9);
#16191=VERTEX_POINT('',#19195);
#16192=CIRCLE('',#19196,0.9);
#16193=VERTEX_POINT('',#19200);
#16194=CIRCLE('',#19201,0.9);
#16195=VERTEX_POINT('',#19205);
#16196=CIRCLE('',#19206,0.9);
#16197=VERTEX_POINT('',#19210);
#16198=CIRCLE('',#19211,0.9);
#16199=VERTEX_POINT('',#19215);
#16200=CIRCLE('',#19216,0.9);
#16201=VERTEX_POINT('',#19220);
#16202=CIRCLE('',#19221,0.9);
#16203=VERTEX_POINT('',#19225);
#16204=CIRCLE('',#19226,0.9);
#16205=VERTEX_POINT('',#19230);
#16206=CIRCLE('',#19231,0.9);
#16207=VERTEX_POINT('',#19235);
#16208=CIRCLE('',#19236,0.9);
#16209=VERTEX_POINT('',#19240);
#16210=CIRCLE('',#19241,0.9);
#16211=VERTEX_POINT('',#19245);
#16212=CIRCLE('',#19246,0.9);
#16213=VERTEX_POINT('',#19250);
#16214=CIRCLE('',#19251,0.9);
#16215=VERTEX_POINT('',#19255);
#16216=CIRCLE('',#19256,0.9);
#16217=VERTEX_POINT('',#19260);
#16218=CIRCLE('',#19261,0.9);
#16219=VERTEX_POINT('',#19265);
#16220=CIRCLE('',#19266,0.9);
#16221=VERTEX_POINT('',#19270);
#16222=CIRCLE('',#19271,0.9);
#16223=VERTEX_POINT('',#19275);
#16224=CIRCLE('',#19276,0.9);
#16225=VERTEX_POINT('',#19280);
#16226=VERTEX_POINT('',#19281);
#16227=LINE('',#19282,#19283);
#16228=VERTEX_POINT('',#19285);
#16229=LINE('',#19286,#19287);
#16230=VERTEX_POINT('',#19289);
#16231=LINE('',#19290,#19291);
#16232=VERTEX_POINT('',#19293);
#16233=LINE('',#19294,#19295);
#16234=VERTEX_POINT('',#19297);
#16235=LINE('',#19298,#19299);
#16236=VERTEX_POINT('',#19301);
#16237=LINE('',#19302,#19303);
#16238=VERTEX_POINT('',#19305);
#16239=LINE('',#19306,#19307);
#16240=VERTEX_POINT('',#19309);
#16241=LINE('',#19310,#19311);
#16242=VERTEX_POINT('',#19313);
#16243=LINE('',#19314,#19315);
#16244=VERTEX_POINT('',#19317);
#16245=LINE('',#19318,#19319);
#16246=VERTEX_POINT('',#19321);
#16247=LINE('',#19322,#19323);
#16248=VERTEX_POINT('',#19325);
#16249=LINE('',#19326,#19327);
#16250=VERTEX_POINT('',#19329);
#16251=LINE('',#19330,#19331);
#16252=VERTEX_POINT('',#19333);
#16253=LINE('',#19334,#19335);
#16254=VERTEX_POINT('',#19337);
#16255=LINE('',#19338,#19339);
#16256=VERTEX_POINT('',#19341);
#16257=LINE('',#19342,#19343);
#16258=VERTEX_POINT('',#19345);
#16259=LINE('',#19346,#19347);
#16260=VERTEX_POINT('',#19349);
#16261=LINE('',#19350,#19351);
#16262=VERTEX_POINT('',#19353);
#16263=LINE('',#19354,#19355);
#16264=VERTEX_POINT('',#19357);
#16265=LINE('',#19358,#19359);
#16266=VERTEX_POINT('',#19361);
#16267=LINE('',#19362,#19363);
#16268=VERTEX_POINT('',#19365);
#16269=LINE('',#19366,#19367);
#16270=VERTEX_POINT('',#19369);
#16271=LINE('',#19370,#19371);
#16272=VERTEX_POINT('',#19373);
#16273=LINE('',#19374,#19375);
#16274=VERTEX_POINT('',#19377);
#16275=LINE('',#19378,#19379);
#16276=VERTEX_POINT('',#19381);
#16277=LINE('',#19382,#19383);
#16278=VERTEX_POINT('',#19385);
#16279=LINE('',#19386,#19387);
#16280=VERTEX_POINT('',#19389);
#16281=LINE('',#19390,#19391);
#16282=VERTEX_POINT('',#19393);
#16283=LINE('',#19394,#19395);
#16284=VERTEX_POINT('',#19397);
#16285=LINE('',#19398,#19399);
#16286=VERTEX_POINT('',#19401);
#16287=LINE('',#19402,#19403);
#16288=VERTEX_POINT('',#19405);
#16289=LINE('',#19406,#19407);
#16290=VERTEX_POINT('',#19409);
#16291=LINE('',#19410,#19411);
#16292=VERTEX_POINT('',#19413);
#16293=LINE('',#19414,#19415);
#16294=VERTEX_POINT('',#19417);
#16295=LINE('',#19418,#19419);
#16296=VERTEX_POINT('',#19421);
#16297=LINE('',#19422,#19423);
#16298=VERTEX_POINT('',#19425);
#16299=LINE('',#19426,#19427);
#16300=VERTEX_POINT('',#19429);
#16301=LINE('',#19430,#19431);
#16302=VERTEX_POINT('',#19433);
#16303=LINE('',#19434,#19435);
#16304=VERTEX_POINT('',#19437);
#16305=LINE('',#19438,#19439);
#16306=VERTEX_POINT('',#19441);
#16307=LINE('',#19442,#19443);
#16308=VERTEX_POINT('',#19445);
#16309=LINE('',#19446,#19447);
#16310=VERTEX_POINT('',#19449);
#16311=LINE('',#19450,#19451);
#16312=VERTEX_POINT('',#19453);
#16313=LINE('',#19454,#19455);
#16314=VERTEX_POINT('',#19457);
#16315=LINE('',#19458,#19459);
#16316=VERTEX_POINT('',#19461);
#16317=LINE('',#19462,#19463);
#16318=VERTEX_POINT('',#19465);
#16319=LINE('',#19466,#19467);
#16320=VERTEX_POINT('',#19469);
#16321=LINE('',#19470,#19471);
#16322=VERTEX_POINT('',#19473);
#16323=LINE('',#19474,#19475);
#16324=VERTEX_POINT('',#19477);
#16325=LINE('',#19478,#19479);
#16326=VERTEX_POINT('',#19481);
#16327=LINE('',#19482,#19483);
#16328=VERTEX_POINT('',#19485);
#16329=LINE('',#19486,#19487);
#16330=VERTEX_POINT('',#19489);
#16331=LINE('',#19490,#19491);
#16332=VERTEX_POINT('',#19493);
#16333=LINE('',#19494,#19495);
#16334=VERTEX_POINT('',#19497);
#16335=LINE('',#19498,#19499);
#16336=VERTEX_POINT('',#19501);
#16337=LINE('',#19502,#19503);
#16338=VERTEX_POINT('',#19505);
#16339=LINE('',#19506,#19507);
#16340=VERTEX_POINT('',#19509);
#16341=LINE('',#19510,#19511);
#16342=VERTEX_POINT('',#19513);
#16343=LINE('',#19514,#19515);
#16344=VERTEX_POINT('',#19517);
#16345=LINE('',#19518,#19519);
#16346=VERTEX_POINT('',#19521);
#16347=LINE('',#19522,#19523);
#16348=VERTEX_POINT('',#19525);
#16349=LINE('',#19526,#19527);
#16350=VERTEX_POINT('',#19529);
#16351=LINE('',#19530,#19531);
#16352=VERTEX_POINT('',#19533);
#16353=LINE('',#19534,#19535);
#16354=VERTEX_POINT('',#19537);
#16355=LINE('',#19538,#19539);
#16356=VERTEX_POINT('',#19541);
#16357=LINE('',#19542,#19543);
#16358=VERTEX_POINT('',#19545);
#16359=LINE('',#19546,#19547);
#16360=VERTEX_POINT('',#19549);
#16361=LINE('',#19550,#19551);
#16362=VERTEX_POINT('',#19553);
#16363=LINE('',#19554,#19555);
#16364=VERTEX_POINT('',#19557);
#16365=LINE('',#19558,#19559);
#16366=VERTEX_POINT('',#19561);
#16367=LINE('',#19562,#19563);
#16368=VERTEX_POINT('',#19565);
#16369=LINE('',#19566,#19567);
#16370=VERTEX_POINT('',#19569);
#16371=LINE('',#19570,#19571);
#16372=VERTEX_POINT('',#19573);
#16373=LINE('',#19574,#19575);
#16374=VERTEX_POINT('',#19577);
#16375=LINE('',#19578,#19579);
#16376=VERTEX_POINT('',#19581);
#16377=LINE('',#19582,#19583);
#16378=VERTEX_POINT('',#19585);
#16379=LINE('',#19586,#19587);
#16380=VERTEX_POINT('',#19589);
#16381=LINE('',#19590,#19591);
#16382=VERTEX_POINT('',#19593);
#16383=LINE('',#19594,#19595);
#16384=VERTEX_POINT('',#19597);
#16385=LINE('',#19598,#19599);
#16386=VERTEX_POINT('',#19601);
#16387=LINE('',#19602,#19603);
#16388=VERTEX_POINT('',#19605);
#16389=LINE('',#19606,#19607);
#16390=VERTEX_POINT('',#19609);
#16391=LINE('',#19610,#19611);
#16392=VERTEX_POINT('',#19613);
#16393=LINE('',#19614,#19615);
#16394=VERTEX_POINT('',#19617);
#16395=LINE('',#19618,#19619);
#16396=VERTEX_POINT('',#19621);
#16397=LINE('',#19622,#19623);
#16398=VERTEX_POINT('',#19625);
#16399=LINE('',#19626,#19627);
#16400=VERTEX_POINT('',#19629);
#16401=LINE('',#19630,#19631);
#16402=VERTEX_POINT('',#19633);
#16403=LINE('',#19634,#19635);
#16404=VERTEX_POINT('',#19637);
#16405=LINE('',#19638,#19639);
#16406=VERTEX_POINT('',#19641);
#16407=LINE('',#19642,#19643);
#16408=VERTEX_POINT('',#19645);
#16409=LINE('',#19646,#19647);
#16410=VERTEX_POINT('',#19649);
#16411=LINE('',#19650,#19651);
#16412=VERTEX_POINT('',#19653);
#16413=LINE('',#19654,#19655);
#16414=VERTEX_POINT('',#19657);
#16415=LINE('',#19658,#19659);
#16416=VERTEX_POINT('',#19661);
#16417=LINE('',#19662,#19663);
#16418=VERTEX_POINT('',#19665);
#16419=LINE('',#19666,#19667);
#16420=VERTEX_POINT('',#19669);
#16421=LINE('',#19670,#19671);
#16422=VERTEX_POINT('',#19673);
#16423=LINE('',#19674,#19675);
#16424=VERTEX_POINT('',#19677);
#16425=LINE('',#19678,#19679);
#16426=VERTEX_POINT('',#19681);
#16427=LINE('',#19682,#19683);
#16428=VERTEX_POINT('',#19685);
#16429=LINE('',#19686,#19687);
#16430=VERTEX_POINT('',#19689);
#16431=LINE('',#19690,#19691);
#16432=VERTEX_POINT('',#19693);
#16433=LINE('',#19694,#19695);
#16434=VERTEX_POINT('',#19697);
#16435=LINE('',#19698,#19699);
#16436=VERTEX_POINT('',#19701);
#16437=LINE('',#19702,#19703);
#16438=VERTEX_POINT('',#19705);
#16439=LINE('',#19706,#19707);
#16440=VERTEX_POINT('',#19709);
#16441=LINE('',#19710,#19711);
#16442=VERTEX_POINT('',#19713);
#16443=LINE('',#19714,#19715);
#16444=VERTEX_POINT('',#19717);
#16445=LINE('',#19718,#19719);
#16446=VERTEX_POINT('',#19721);
#16447=LINE('',#19722,#19723);
#16448=VERTEX_POINT('',#19725);
#16449=LINE('',#19726,#19727);
#16450=VERTEX_POINT('',#19729);
#16451=LINE('',#19730,#19731);
#16452=VERTEX_POINT('',#19733);
#16453=LINE('',#19734,#19735);
#16454=VERTEX_POINT('',#19737);
#16455=LINE('',#19738,#19739);
#16456=VERTEX_POINT('',#19741);
#16457=LINE('',#19742,#19743);
#16458=VERTEX_POINT('',#19745);
#16459=LINE('',#19746,#19747);
#16460=VERTEX_POINT('',#19749);
#16461=LINE('',#19750,#19751);
#16462=VERTEX_POINT('',#19753);
#16463=LINE('',#19754,#19755);
#16464=VERTEX_POINT('',#19757);
#16465=LINE('',#19758,#19759);
#16466=VERTEX_POINT('',#19761);
#16467=LINE('',#19762,#19763);
#16468=VERTEX_POINT('',#19765);
#16469=LINE('',#19766,#19767);
#16470=VERTEX_POINT('',#19769);
#16471=LINE('',#19770,#19771);
#16472=VERTEX_POINT('',#19773);
#16473=LINE('',#19774,#19775);
#16474=VERTEX_POINT('',#19777);
#16475=LINE('',#19778,#19779);
#16476=VERTEX_POINT('',#19781);
#16477=LINE('',#19782,#19783);
#16478=VERTEX_POINT('',#19785);
#16479=LINE('',#19786,#19787);
#16480=VERTEX_POINT('',#19789);
#16481=LINE('',#19790,#19791);
#16482=VERTEX_POINT('',#19793);
#16483=LINE('',#19794,#19795);
#16484=VERTEX_POINT('',#19797);
#16485=LINE('',#19798,#19799);
#16486=VERTEX_POINT('',#19801);
#16487=LINE('',#19802,#19803);
#16488=VERTEX_POINT('',#19805);
#16489=LINE('',#19806,#19807);
#16490=VERTEX_POINT('',#19809);
#16491=LINE('',#19810,#19811);
#16492=VERTEX_POINT('',#19813);
#16493=LINE('',#19814,#19815);
#16494=VERTEX_POINT('',#19817);
#16495=LINE('',#19818,#19819);
#16496=VERTEX_POINT('',#19821);
#16497=LINE('',#19822,#19823);
#16498=VERTEX_POINT('',#19825);
#16499=LINE('',#19826,#19827);
#16500=VERTEX_POINT('',#19829);
#16501=LINE('',#19830,#19831);
#16502=VERTEX_POINT('',#19833);
#16503=LINE('',#19834,#19835);
#16504=VERTEX_POINT('',#19837);
#16505=LINE('',#19838,#19839);
#16506=VERTEX_POINT('',#19841);
#16507=LINE('',#19842,#19843);
#16508=VERTEX_POINT('',#19845);
#16509=LINE('',#19846,#19847);
#16510=VERTEX_POINT('',#19849);
#16511=LINE('',#19850,#19851);
#16512=VERTEX_POINT('',#19853);
#16513=LINE('',#19854,#19855);
#16514=VERTEX_POINT('',#19857);
#16515=LINE('',#19858,#19859);
#16516=VERTEX_POINT('',#19861);
#16517=LINE('',#19862,#19863);
#16518=VERTEX_POINT('',#19865);
#16519=LINE('',#19866,#19867);
#16520=VERTEX_POINT('',#19869);
#16521=LINE('',#19870,#19871);
#16522=VERTEX_POINT('',#19873);
#16523=LINE('',#19874,#19875);
#16524=VERTEX_POINT('',#19877);
#16525=LINE('',#19878,#19879);
#16526=VERTEX_POINT('',#19881);
#16527=LINE('',#19882,#19883);
#16528=VERTEX_POINT('',#19885);
#16529=LINE('',#19886,#19887);
#16530=VERTEX_POINT('',#19889);
#16531=LINE('',#19890,#19891);
#16532=VERTEX_POINT('',#19893);
#16533=LINE('',#19894,#19895);
#16534=VERTEX_POINT('',#19897);
#16535=LINE('',#19898,#19899);
#16536=VERTEX_POINT('',#19901);
#16537=LINE('',#19902,#19903);
#16538=VERTEX_POINT('',#19905);
#16539=LINE('',#19906,#19907);
#16540=VERTEX_POINT('',#19909);
#16541=LINE('',#19910,#19911);
#16542=VERTEX_POINT('',#19913);
#16543=LINE('',#19914,#19915);
#16544=VERTEX_POINT('',#19917);
#16545=LINE('',#19918,#19919);
#16546=VERTEX_POINT('',#19921);
#16547=LINE('',#19922,#19923);
#16548=VERTEX_POINT('',#19925);
#16549=LINE('',#19926,#19927);
#16550=VERTEX_POINT('',#19929);
#16551=LINE('',#19930,#19931);
#16552=VERTEX_POINT('',#19933);
#16553=LINE('',#19934,#19935);
#16554=VERTEX_POINT('',#19937);
#16555=LINE('',#19938,#19939);
#16556=VERTEX_POINT('',#19941);
#16557=LINE('',#19942,#19943);
#16558=VERTEX_POINT('',#19945);
#16559=LINE('',#19946,#19947);
#16560=VERTEX_POINT('',#19949);
#16561=LINE('',#19950,#19951);
#16562=VERTEX_POINT('',#19953);
#16563=LINE('',#19954,#19955);
#16564=VERTEX_POINT('',#19957);
#16565=LINE('',#19958,#19959);
#16566=VERTEX_POINT('',#19961);
#16567=LINE('',#19962,#19963);
#16568=VERTEX_POINT('',#19965);
#16569=LINE('',#19966,#19967);
#16570=VERTEX_POINT('',#19969);
#16571=LINE('',#19970,#19971);
#16572=VERTEX_POINT('',#19973);
#16573=LINE('',#19974,#19975);
#16574=VERTEX_POINT('',#19977);
#16575=LINE('',#19978,#19979);
#16576=VERTEX_POINT('',#19981);
#16577=LINE('',#19982,#19983);
#16578=VERTEX_POINT('',#19985);
#16579=LINE('',#19986,#19987);
#16580=VERTEX_POINT('',#19989);
#16581=LINE('',#19990,#19991);
#16582=VERTEX_POINT('',#19993);
#16583=LINE('',#19994,#19995);
#16584=VERTEX_POINT('',#19997);
#16585=LINE('',#19998,#19999);
#16586=VERTEX_POINT('',#20001);
#16587=LINE('',#20002,#20003);
#16588=VERTEX_POINT('',#20005);
#16589=LINE('',#20006,#20007);
#16590=VERTEX_POINT('',#20009);
#16591=LINE('',#20010,#20011);
#16592=VERTEX_POINT('',#20013);
#16593=LINE('',#20014,#20015);
#16594=VERTEX_POINT('',#20017);
#16595=LINE('',#20018,#20019);
#16596=VERTEX_POINT('',#20021);
#16597=LINE('',#20022,#20023);
#16598=VERTEX_POINT('',#20025);
#16599=LINE('',#20026,#20027);
#16600=VERTEX_POINT('',#20029);
#16601=LINE('',#20030,#20031);
#16602=VERTEX_POINT('',#20033);
#16603=LINE('',#20034,#20035);
#16604=VERTEX_POINT('',#20037);
#16605=LINE('',#20038,#20039);
#16606=VERTEX_POINT('',#20041);
#16607=LINE('',#20042,#20043);
#16608=VERTEX_POINT('',#20045);
#16609=LINE('',#20046,#20047);
#16610=VERTEX_POINT('',#20049);
#16611=LINE('',#20050,#20051);
#16612=VERTEX_POINT('',#20053);
#16613=LINE('',#20054,#20055);
#16614=VERTEX_POINT('',#20057);
#16615=LINE('',#20058,#20059);
#16616=VERTEX_POINT('',#20061);
#16617=LINE('',#20062,#20063);
#16618=VERTEX_POINT('',#20065);
#16619=LINE('',#20066,#20067);
#16620=VERTEX_POINT('',#20069);
#16621=LINE('',#20070,#20071);
#16622=VERTEX_POINT('',#20073);
#16623=LINE('',#20074,#20075);
#16624=VERTEX_POINT('',#20077);
#16625=LINE('',#20078,#20079);
#16626=VERTEX_POINT('',#20081);
#16627=LINE('',#20082,#20083);
#16628=VERTEX_POINT('',#20085);
#16629=LINE('',#20086,#20087);
#16630=VERTEX_POINT('',#20089);
#16631=LINE('',#20090,#20091);
#16632=VERTEX_POINT('',#20093);
#16633=LINE('',#20094,#20095);
#16634=VERTEX_POINT('',#20097);
#16635=LINE('',#20098,#20099);
#16636=VERTEX_POINT('',#20101);
#16637=LINE('',#20102,#20103);
#16638=VERTEX_POINT('',#20105);
#16639=LINE('',#20106,#20107);
#16640=VERTEX_POINT('',#20109);
#16641=LINE('',#20110,#20111);
#16642=VERTEX_POINT('',#20113);
#16643=LINE('',#20114,#20115);
#16644=VERTEX_POINT('',#20117);
#16645=LINE('',#20118,#20119);
#16646=VERTEX_POINT('',#20121);
#16647=LINE('',#20122,#20123);
#16648=VERTEX_POINT('',#20125);
#16649=LINE('',#20126,#20127);
#16650=VERTEX_POINT('',#20129);
#16651=LINE('',#20130,#20131);
#16652=VERTEX_POINT('',#20133);
#16653=LINE('',#20134,#20135);
#16654=VERTEX_POINT('',#20137);
#16655=LINE('',#20138,#20139);
#16656=VERTEX_POINT('',#20141);
#16657=LINE('',#20142,#20143);
#16658=VERTEX_POINT('',#20145);
#16659=LINE('',#20146,#20147);
#16660=VERTEX_POINT('',#20149);
#16661=LINE('',#20150,#20151);
#16662=VERTEX_POINT('',#20153);
#16663=LINE('',#20154,#20155);
#16664=VERTEX_POINT('',#20157);
#16665=LINE('',#20158,#20159);
#16666=VERTEX_POINT('',#20161);
#16667=LINE('',#20162,#20163);
#16668=VERTEX_POINT('',#20165);
#16669=LINE('',#20166,#20167);
#16670=VERTEX_POINT('',#20169);
#16671=LINE('',#20170,#20171);
#16672=VERTEX_POINT('',#20173);
#16673=LINE('',#20174,#20175);
#16674=VERTEX_POINT('',#20177);
#16675=LINE('',#20178,#20179);
#16676=VERTEX_POINT('',#20181);
#16677=LINE('',#20182,#20183);
#16678=VERTEX_POINT('',#20185);
#16679=LINE('',#20186,#20187);
#16680=VERTEX_POINT('',#20189);
#16681=LINE('',#20190,#20191);
#16682=VERTEX_POINT('',#20193);
#16683=LINE('',#20194,#20195);
#16684=VERTEX_POINT('',#20197);
#16685=LINE('',#20198,#20199);
#16686=VERTEX_POINT('',#20201);
#16687=LINE('',#20202,#20203);
#16688=VERTEX_POINT('',#20205);
#16689=LINE('',#20206,#20207);
#16690=VERTEX_POINT('',#20209);
#16691=LINE('',#20210,#20211);
#16692=VERTEX_POINT('',#20213);
#16693=LINE('',#20214,#20215);
#16694=VERTEX_POINT('',#20217);
#16695=LINE('',#20218,#20219);
#16696=VERTEX_POINT('',#20221);
#16697=LINE('',#20222,#20223);
#16698=VERTEX_POINT('',#20225);
#16699=LINE('',#20226,#20227);
#16700=VERTEX_POINT('',#20229);
#16701=LINE('',#20230,#20231);
#16702=VERTEX_POINT('',#20233);
#16703=LINE('',#20234,#20235);
#16704=VERTEX_POINT('',#20237);
#16705=LINE('',#20238,#20239);
#16706=VERTEX_POINT('',#20241);
#16707=LINE('',#20242,#20243);
#16708=VERTEX_POINT('',#20245);
#16709=LINE('',#20246,#20247);
#16710=VERTEX_POINT('',#20249);
#16711=LINE('',#20250,#20251);
#16712=VERTEX_POINT('',#20253);
#16713=LINE('',#20254,#20255);
#16714=VERTEX_POINT('',#20257);
#16715=LINE('',#20258,#20259);
#16716=VERTEX_POINT('',#20261);
#16717=LINE('',#20262,#20263);
#16718=VERTEX_POINT('',#20265);
#16719=LINE('',#20266,#20267);
#16720=VERTEX_POINT('',#20269);
#16721=LINE('',#20270,#20271);
#16722=VERTEX_POINT('',#20273);
#16723=LINE('',#20274,#20275);
#16724=VERTEX_POINT('',#20277);
#16725=LINE('',#20278,#20279);
#16726=VERTEX_POINT('',#20281);
#16727=LINE('',#20282,#20283);
#16728=VERTEX_POINT('',#20285);
#16729=LINE('',#20286,#20287);
#16730=VERTEX_POINT('',#20289);
#16731=LINE('',#20290,#20291);
#16732=VERTEX_POINT('',#20293);
#16733=LINE('',#20294,#20295);
#16734=VERTEX_POINT('',#20297);
#16735=LINE('',#20298,#20299);
#16736=VERTEX_POINT('',#20301);
#16737=LINE('',#20302,#20303);
#16738=VERTEX_POINT('',#20305);
#16739=LINE('',#20306,#20307);
#16740=VERTEX_POINT('',#20309);
#16741=LINE('',#20310,#20311);
#16742=VERTEX_POINT('',#20313);
#16743=LINE('',#20314,#20315);
#16744=VERTEX_POINT('',#20317);
#16745=LINE('',#20318,#20319);
#16746=VERTEX_POINT('',#20321);
#16747=LINE('',#20322,#20323);
#16748=VERTEX_POINT('',#20325);
#16749=LINE('',#20326,#20327);
#16750=VERTEX_POINT('',#20329);
#16751=LINE('',#20330,#20331);
#16752=VERTEX_POINT('',#20333);
#16753=LINE('',#20334,#20335);
#16754=VERTEX_POINT('',#20337);
#16755=LINE('',#20338,#20339);
#16756=VERTEX_POINT('',#20341);
#16757=LINE('',#20342,#20343);
#16758=VERTEX_POINT('',#20345);
#16759=LINE('',#20346,#20347);
#16760=LINE('',#20349,#20350);
#16761=VERTEX_POINT('',#20352);
#16762=CIRCLE('',#20353,0.66);
#16763=LINE('',#20357,#20358);
#16764=LINE('',#20360,#20361);
#16765=LINE('',#20363,#20364);
#16766=LINE('',#20366,#20367);
#16767=LINE('',#20369,#20370);
#16768=LINE('',#20372,#20373);
#16769=LINE('',#20375,#20376);
#16770=LINE('',#20378,#20379);
#16771=LINE('',#20381,#20382);
#16772=LINE('',#20384,#20385);
#16773=LINE('',#20387,#20388);
#16774=LINE('',#20390,#20391);
#16775=LINE('',#20393,#20394);
#16776=LINE('',#20396,#20397);
#16777=LINE('',#20399,#20400);
#16778=LINE('',#20402,#20403);
#16779=LINE('',#20405,#20406);
#16780=LINE('',#20408,#20409);
#16781=LINE('',#20411,#20412);
#16782=LINE('',#20414,#20415);
#16783=LINE('',#20417,#20418);
#16784=LINE('',#20420,#20421);
#16785=LINE('',#20423,#20424);
#16786=LINE('',#20426,#20427);
#16787=LINE('',#20429,#20430);
#16788=LINE('',#20432,#20433);
#16789=LINE('',#20435,#20436);
#16790=LINE('',#20438,#20439);
#16791=LINE('',#20441,#20442);
#16792=LINE('',#20444,#20445);
#16793=LINE('',#20447,#20448);
#16794=LINE('',#20450,#20451);
#16795=LINE('',#20453,#20454);
#16796=LINE('',#20456,#20457);
#16797=LINE('',#20459,#20460);
#16798=LINE('',#20462,#20463);
#16799=LINE('',#20465,#20466);
#16800=LINE('',#20468,#20469);
#16801=LINE('',#20471,#20472);
#16802=LINE('',#20474,#20475);
#16803=LINE('',#20477,#20478);
#16804=LINE('',#20480,#20481);
#16805=LINE('',#20483,#20484);
#16806=LINE('',#20486,#20487);
#16807=LINE('',#20489,#20490);
#16808=LINE('',#20492,#20493);
#16809=LINE('',#20495,#20496);
#16810=LINE('',#20498,#20499);
#16811=LINE('',#20501,#20502);
#16812=LINE('',#20504,#20505);
#16813=LINE('',#20507,#20508);
#16814=LINE('',#20510,#20511);
#16815=LINE('',#20513,#20514);
#16816=LINE('',#20516,#20517);
#16817=LINE('',#20519,#20520);
#16818=LINE('',#20522,#20523);
#16819=LINE('',#20525,#20526);
#16820=LINE('',#20528,#20529);
#16821=LINE('',#20531,#20532);
#16822=LINE('',#20534,#20535);
#16823=LINE('',#20537,#20538);
#16824=LINE('',#20540,#20541);
#16825=LINE('',#20543,#20544);
#16826=LINE('',#20546,#20547);
#16827=LINE('',#20549,#20550);
#16828=LINE('',#20552,#20553);
#16829=LINE('',#20555,#20556);
#16830=LINE('',#20558,#20559);
#16831=LINE('',#20561,#20562);
#16832=LINE('',#20564,#20565);
#16833=LINE('',#20567,#20568);
#16834=LINE('',#20570,#20571);
#16835=LINE('',#20573,#20574);
#16836=LINE('',#20576,#20577);
#16837=LINE('',#20579,#20580);
#16838=LINE('',#20582,#20583);
#16839=LINE('',#20585,#20586);
#16840=LINE('',#20588,#20589);
#16841=LINE('',#20591,#20592);
#16842=LINE('',#20594,#20595);
#16843=LINE('',#20597,#20598);
#16844=LINE('',#20600,#20601);
#16845=LINE('',#20603,#20604);
#16846=LINE('',#20606,#20607);
#16847=LINE('',#20609,#20610);
#16848=LINE('',#20612,#20613);
#16849=LINE('',#20615,#20616);
#16850=LINE('',#20618,#20619);
#16851=LINE('',#20621,#20622);
#16852=LINE('',#20624,#20625);
#16853=LINE('',#20627,#20628);
#16854=LINE('',#20630,#20631);
#16855=LINE('',#20633,#20634);
#16856=LINE('',#20636,#20637);
#16857=LINE('',#20639,#20640);
#16858=LINE('',#20642,#20643);
#16859=LINE('',#20645,#20646);
#16860=LINE('',#20648,#20649);
#16861=LINE('',#20651,#20652);
#16862=LINE('',#20654,#20655);
#16863=LINE('',#20657,#20658);
#16864=LINE('',#20660,#20661);
#16865=LINE('',#20663,#20664);
#16866=LINE('',#20666,#20667);
#16867=LINE('',#20669,#20670);
#16868=LINE('',#20672,#20673);
#16869=LINE('',#20675,#20676);
#16870=LINE('',#20678,#20679);
#16871=LINE('',#20681,#20682);
#16872=LINE('',#20684,#20685);
#16873=LINE('',#20687,#20688);
#16874=LINE('',#20690,#20691);
#16875=LINE('',#20693,#20694);
#16876=LINE('',#20696,#20697);
#16877=LINE('',#20699,#20700);
#16878=LINE('',#20702,#20703);
#16879=LINE('',#20705,#20706);
#16880=LINE('',#20708,#20709);
#16881=LINE('',#20711,#20712);
#16882=LINE('',#20714,#20715);
#16883=LINE('',#20717,#20718);
#16884=LINE('',#20720,#20721);
#16885=LINE('',#20723,#20724);
#16886=LINE('',#20726,#20727);
#16887=LINE('',#20729,#20730);
#16888=LINE('',#20732,#20733);
#16889=LINE('',#20735,#20736);
#16890=LINE('',#20738,#20739);
#16891=LINE('',#20741,#20742);
#16892=LINE('',#20744,#20745);
#16893=LINE('',#20747,#20748);
#16894=LINE('',#20750,#20751);
#16895=LINE('',#20753,#20754);
#16896=LINE('',#20756,#20757);
#16897=LINE('',#20759,#20760);
#16898=LINE('',#20762,#20763);
#16899=LINE('',#20765,#20766);
#16900=LINE('',#20768,#20769);
#16901=LINE('',#20771,#20772);
#16902=LINE('',#20774,#20775);
#16903=LINE('',#20777,#20778);
#16904=LINE('',#20780,#20781);
#16905=LINE('',#20783,#20784);
#16906=LINE('',#20786,#20787);
#16907=LINE('',#20789,#20790);
#16908=LINE('',#20792,#20793);
#16909=LINE('',#20795,#20796);
#16910=LINE('',#20798,#20799);
#16911=LINE('',#20801,#20802);
#16912=LINE('',#20804,#20805);
#16913=LINE('',#20807,#20808);
#16914=LINE('',#20810,#20811);
#16915=LINE('',#20813,#20814);
#16916=LINE('',#20816,#20817);
#16917=LINE('',#20819,#20820);
#16918=LINE('',#20822,#20823);
#16919=LINE('',#20825,#20826);
#16920=LINE('',#20828,#20829);
#16921=LINE('',#20831,#20832);
#16922=LINE('',#20834,#20835);
#16923=LINE('',#20837,#20838);
#16924=LINE('',#20840,#20841);
#16925=LINE('',#20843,#20844);
#16926=LINE('',#20846,#20847);
#16927=LINE('',#20849,#20850);
#16928=LINE('',#20852,#20853);
#16929=LINE('',#20855,#20856);
#16930=LINE('',#20858,#20859);
#16931=LINE('',#20861,#20862);
#16932=LINE('',#20864,#20865);
#16933=LINE('',#20867,#20868);
#16934=LINE('',#20870,#20871);
#16935=LINE('',#20873,#20874);
#16936=LINE('',#20876,#20877);
#16937=LINE('',#20879,#20880);
#16938=LINE('',#20882,#20883);
#16939=LINE('',#20885,#20886);
#16940=LINE('',#20888,#20889);
#16941=LINE('',#20891,#20892);
#16942=LINE('',#20894,#20895);
#16943=LINE('',#20897,#20898);
#16944=LINE('',#20900,#20901);
#16945=LINE('',#20903,#20904);
#16946=LINE('',#20906,#20907);
#16947=LINE('',#20909,#20910);
#16948=LINE('',#20912,#20913);
#16949=LINE('',#20915,#20916);
#16950=LINE('',#20918,#20919);
#16951=LINE('',#20921,#20922);
#16952=LINE('',#20924,#20925);
#16953=LINE('',#20927,#20928);
#16954=LINE('',#20930,#20931);
#16955=LINE('',#20933,#20934);
#16956=LINE('',#20936,#20937);
#16957=LINE('',#20939,#20940);
#16958=LINE('',#20942,#20943);
#16959=LINE('',#20945,#20946);
#16960=LINE('',#20948,#20949);
#16961=LINE('',#20951,#20952);
#16962=LINE('',#20954,#20955);
#16963=LINE('',#20957,#20958);
#16964=LINE('',#20960,#20961);
#16965=LINE('',#20963,#20964);
#16966=LINE('',#20966,#20967);
#16967=LINE('',#20969,#20970);
#16968=LINE('',#20972,#20973);
#16969=LINE('',#20975,#20976);
#16970=LINE('',#20978,#20979);
#16971=LINE('',#20981,#20982);
#16972=LINE('',#20984,#20985);
#16973=LINE('',#20987,#20988);
#16974=LINE('',#20990,#20991);
#16975=LINE('',#20993,#20994);
#16976=LINE('',#20996,#20997);
#16977=LINE('',#20999,#21000);
#16978=LINE('',#21002,#21003);
#16979=LINE('',#21005,#21006);
#16980=LINE('',#21008,#21009);
#16981=LINE('',#21011,#21012);
#16982=LINE('',#21014,#21015);
#16983=LINE('',#21017,#21018);
#16984=LINE('',#21020,#21021);
#16985=LINE('',#21023,#21024);
#16986=LINE('',#21026,#21027);
#16987=LINE('',#21029,#21030);
#16988=LINE('',#21032,#21033);
#16989=LINE('',#21035,#21036);
#16990=LINE('',#21038,#21039);
#16991=LINE('',#21041,#21042);
#16992=LINE('',#21044,#21045);
#16993=LINE('',#21047,#21048);
#16994=LINE('',#21050,#21051);
#16995=LINE('',#21053,#21054);
#16996=LINE('',#21056,#21057);
#16997=LINE('',#21059,#21060);
#16998=LINE('',#21062,#21063);
#16999=LINE('',#21065,#21066);
#17000=LINE('',#21068,#21069);
#17001=LINE('',#21071,#21072);
#17002=LINE('',#21074,#21075);
#17003=LINE('',#21077,#21078);
#17004=LINE('',#21080,#21081);
#17005=LINE('',#21083,#21084);
#17006=LINE('',#21086,#21087);
#17007=LINE('',#21089,#21090);
#17008=LINE('',#21092,#21093);
#17009=LINE('',#21095,#21096);
#17010=LINE('',#21098,#21099);
#17011=LINE('',#21101,#21102);
#17012=LINE('',#21104,#21105);
#17013=LINE('',#21107,#21108);
#17014=LINE('',#21110,#21111);
#17015=LINE('',#21113,#21114);
#17016=LINE('',#21116,#21117);
#17017=LINE('',#21119,#21120);
#17018=LINE('',#21122,#21123);
#17019=LINE('',#21125,#21126);
#17020=LINE('',#21128,#21129);
#17021=LINE('',#21131,#21132);
#17022=LINE('',#21134,#21135);
#17023=LINE('',#21137,#21138);
#17024=LINE('',#21140,#21141);
#17025=LINE('',#21143,#21144);
#17026=LINE('',#21146,#21147);
#17027=LINE('',#21149,#21150);
#17028=LINE('',#21152,#21153);
#17029=LINE('',#21155,#21156);
#17030=LINE('',#21158,#21159);
#17031=VERTEX_POINT('',#21161);
#17032=CIRCLE('',#21162,0.9);
#17033=VERTEX_POINT('',#21166);
#17034=CIRCLE('',#21167,0.66);
#17035=VERTEX_POINT('',#21171);
#17036=CIRCLE('',#21172,0.3);
#17037=VERTEX_POINT('',#21176);
#17038=CIRCLE('',#21177,0.3);
#17039=VERTEX_POINT('',#21181);
#17040=CIRCLE('',#21182,0.9);
#17041=VERTEX_POINT('',#21186);
#17042=CIRCLE('',#21187,0.9);
#17043=VERTEX_POINT('',#21191);
#17044=CIRCLE('',#21192,0.66);
#17045=VERTEX_POINT('',#21196);
#17046=CIRCLE('',#21197,0.66);
#17047=VERTEX_POINT('',#21201);
#17048=CIRCLE('',#21202,0.23);
#17049=VERTEX_POINT('',#21206);
#17050=CIRCLE('',#21207,0.23);
#17051=VERTEX_POINT('',#21211);
#17052=CIRCLE('',#21212,0.3);
#17053=VERTEX_POINT('',#21216);
#17054=CIRCLE('',#21217,0.3);
#17055=VERTEX_POINT('',#21221);
#17056=CIRCLE('',#21222,0.9);
#17057=VERTEX_POINT('',#21226);
#17058=CIRCLE('',#21227,0.9);
#17059=VERTEX_POINT('',#21231);
#17060=CIRCLE('',#21232,0.66);
#17061=VERTEX_POINT('',#21236);
#17062=CIRCLE('',#21237,0.66);
#17063=VERTEX_POINT('',#21241);
#17064=CIRCLE('',#21242,0.23);
#17065=VERTEX_POINT('',#21246);
#17066=CIRCLE('',#21247,0.23);
#17067=VERTEX_POINT('',#21251);
#17068=CIRCLE('',#21252,0.3);
#17069=VERTEX_POINT('',#21256);
#17070=CIRCLE('',#21257,0.3);
#17071=VERTEX_POINT('',#21261);
#17072=CIRCLE('',#21262,0.9);
#17073=VERTEX_POINT('',#21266);
#17074=CIRCLE('',#21267,0.9);
#17075=VERTEX_POINT('',#21271);
#17076=CIRCLE('',#21272,0.66);
#17077=VERTEX_POINT('',#21276);
#17078=CIRCLE('',#21277,0.66);
#17079=VERTEX_POINT('',#21281);
#17080=CIRCLE('',#21282,0.23);
#17081=VERTEX_POINT('',#21286);
#17082=CIRCLE('',#21287,0.23);
#17083=VERTEX_POINT('',#21291);
#17084=CIRCLE('',#21292,0.3);
#17085=VERTEX_POINT('',#21296);
#17086=CIRCLE('',#21297,0.3);
#17087=VERTEX_POINT('',#21301);
#17088=CIRCLE('',#21302,0.9);
#17089=VERTEX_POINT('',#21306);
#17090=CIRCLE('',#21307,0.9);
#17091=VERTEX_POINT('',#21311);
#17092=CIRCLE('',#21312,0.66);
#17093=VERTEX_POINT('',#21316);
#17094=CIRCLE('',#21317,0.66);
#17095=VERTEX_POINT('',#21321);
#17096=CIRCLE('',#21322,0.23);
#17097=VERTEX_POINT('',#21326);
#17098=CIRCLE('',#21327,0.23);
#17099=VERTEX_POINT('',#21331);
#17100=CIRCLE('',#21332,0.3);
#17101=VERTEX_POINT('',#21336);
#17102=CIRCLE('',#21337,0.3);
#17103=VERTEX_POINT('',#21341);
#17104=CIRCLE('',#21342,0.9);
#17105=VERTEX_POINT('',#21346);
#17106=CIRCLE('',#21347,0.9);
#17107=VERTEX_POINT('',#21351);
#17108=CIRCLE('',#21352,0.66);
#17109=VERTEX_POINT('',#21356);
#17110=CIRCLE('',#21357,0.66);
#17111=VERTEX_POINT('',#21361);
#17112=CIRCLE('',#21362,0.23);
#17113=VERTEX_POINT('',#21366);
#17114=CIRCLE('',#21367,0.23);
#17115=VERTEX_POINT('',#21371);
#17116=CIRCLE('',#21372,0.3);
#17117=VERTEX_POINT('',#21376);
#17118=CIRCLE('',#21377,0.3);
#17119=VERTEX_POINT('',#21381);
#17120=CIRCLE('',#21382,0.9);
#17121=VERTEX_POINT('',#21386);
#17122=CIRCLE('',#21387,0.9);
#17123=VERTEX_POINT('',#21391);
#17124=CIRCLE('',#21392,0.66);
#17125=VERTEX_POINT('',#21396);
#17126=CIRCLE('',#21397,0.66);
#17127=VERTEX_POINT('',#21401);
#17128=CIRCLE('',#21402,0.23);
#17129=VERTEX_POINT('',#21406);
#17130=CIRCLE('',#21407,0.23);
#17131=VERTEX_POINT('',#21411);
#17132=CIRCLE('',#21412,0.3);
#17133=VERTEX_POINT('',#21416);
#17134=CIRCLE('',#21417,0.3);
#17135=VERTEX_POINT('',#21421);
#17136=CIRCLE('',#21422,0.9);
#17137=VERTEX_POINT('',#21426);
#17138=CIRCLE('',#21427,0.9);
#17139=VERTEX_POINT('',#21431);
#17140=CIRCLE('',#21432,0.66);
#17141=VERTEX_POINT('',#21436);
#17142=CIRCLE('',#21437,0.66);
#17143=VERTEX_POINT('',#21441);
#17144=CIRCLE('',#21442,0.23);
#17145=VERTEX_POINT('',#21446);
#17146=CIRCLE('',#21447,0.23);
#17147=VERTEX_POINT('',#21451);
#17148=CIRCLE('',#21452,0.3);
#17149=VERTEX_POINT('',#21456);
#17150=CIRCLE('',#21457,0.3);
#17151=VERTEX_POINT('',#21461);
#17152=CIRCLE('',#21462,0.9);
#17153=VERTEX_POINT('',#21466);
#17154=CIRCLE('',#21467,0.9);
#17155=VERTEX_POINT('',#21471);
#17156=CIRCLE('',#21472,0.66);
#17157=VERTEX_POINT('',#21476);
#17158=CIRCLE('',#21477,0.66);
#17159=VERTEX_POINT('',#21481);
#17160=CIRCLE('',#21482,0.23);
#17161=VERTEX_POINT('',#21486);
#17162=CIRCLE('',#21487,0.23);
#17163=VERTEX_POINT('',#21491);
#17164=CIRCLE('',#21492,0.3);
#17165=VERTEX_POINT('',#21496);
#17166=CIRCLE('',#21497,0.3);
#17167=VERTEX_POINT('',#21501);
#17168=CIRCLE('',#21502,0.9);
#17169=VERTEX_POINT('',#21506);
#17170=CIRCLE('',#21507,0.9);
#17171=VERTEX_POINT('',#21511);
#17172=CIRCLE('',#21512,0.66);
#17173=VERTEX_POINT('',#21516);
#17174=CIRCLE('',#21517,0.66);
#17175=VERTEX_POINT('',#21521);
#17176=CIRCLE('',#21522,0.23);
#17177=VERTEX_POINT('',#21526);
#17178=CIRCLE('',#21527,0.23);
#17179=VERTEX_POINT('',#21531);
#17180=CIRCLE('',#21532,0.3);
#17181=VERTEX_POINT('',#21536);
#17182=CIRCLE('',#21537,0.3);
#17183=VERTEX_POINT('',#21541);
#17184=CIRCLE('',#21542,0.9);
#17185=VERTEX_POINT('',#21546);
#17186=CIRCLE('',#21547,0.9);
#17187=VERTEX_POINT('',#21551);
#17188=CIRCLE('',#21552,0.66);
#17189=VERTEX_POINT('',#21556);
#17190=CIRCLE('',#21557,0.66);
#17191=VERTEX_POINT('',#21561);
#17192=CIRCLE('',#21562,0.23);
#17193=VERTEX_POINT('',#21566);
#17194=CIRCLE('',#21567,0.23);
#17195=VERTEX_POINT('',#21571);
#17196=CIRCLE('',#21572,0.3);
#17197=VERTEX_POINT('',#21576);
#17198=CIRCLE('',#21577,0.3);
#17199=VERTEX_POINT('',#21581);
#17200=CIRCLE('',#21582,0.9);
#17201=VERTEX_POINT('',#21586);
#17202=CIRCLE('',#21587,0.9);
#17203=VERTEX_POINT('',#21591);
#17204=CIRCLE('',#21592,0.66);
#17205=VERTEX_POINT('',#21596);
#17206=CIRCLE('',#21597,0.66);
#17207=VERTEX_POINT('',#21601);
#17208=CIRCLE('',#21602,0.23);
#17209=VERTEX_POINT('',#21606);
#17210=CIRCLE('',#21607,0.23);
#17211=VERTEX_POINT('',#21611);
#17212=CIRCLE('',#21612,0.3);
#17213=VERTEX_POINT('',#21616);
#17214=CIRCLE('',#21617,0.3);
#17215=VERTEX_POINT('',#21621);
#17216=CIRCLE('',#21622,0.9);
#17217=VERTEX_POINT('',#21626);
#17218=CIRCLE('',#21627,0.9);
#17219=VERTEX_POINT('',#21631);
#17220=CIRCLE('',#21632,0.66);
#17221=VERTEX_POINT('',#21636);
#17222=CIRCLE('',#21637,0.66);
#17223=VERTEX_POINT('',#21641);
#17224=CIRCLE('',#21642,0.23);
#17225=VERTEX_POINT('',#21646);
#17226=CIRCLE('',#21647,0.23);
#17227=VERTEX_POINT('',#21651);
#17228=CIRCLE('',#21652,0.3);
#17229=VERTEX_POINT('',#21656);
#17230=CIRCLE('',#21657,0.3);
#17231=VERTEX_POINT('',#21661);
#17232=CIRCLE('',#21662,0.9);
#17233=VERTEX_POINT('',#21666);
#17234=CIRCLE('',#21667,0.9);
#17235=VERTEX_POINT('',#21671);
#17236=CIRCLE('',#21672,0.66);
#17237=VERTEX_POINT('',#21676);
#17238=CIRCLE('',#21677,0.66);
#17239=VERTEX_POINT('',#21681);
#17240=CIRCLE('',#21682,0.23);
#17241=VERTEX_POINT('',#21686);
#17242=CIRCLE('',#21687,0.23);
#17243=VERTEX_POINT('',#21691);
#17244=CIRCLE('',#21692,0.3);
#17245=VERTEX_POINT('',#21696);
#17246=CIRCLE('',#21697,0.3);
#17247=VERTEX_POINT('',#21701);
#17248=CIRCLE('',#21702,0.9);
#17249=VERTEX_POINT('',#21706);
#17250=CIRCLE('',#21707,0.9);
#17251=VERTEX_POINT('',#21711);
#17252=CIRCLE('',#21712,0.66);
#17253=VERTEX_POINT('',#21716);
#17254=CIRCLE('',#21717,0.66);
#17255=VERTEX_POINT('',#21721);
#17256=CIRCLE('',#21722,0.23);
#17257=VERTEX_POINT('',#21726);
#17258=CIRCLE('',#21727,0.23);
#17259=VERTEX_POINT('',#21731);
#17260=CIRCLE('',#21732,0.3);
#17261=VERTEX_POINT('',#21736);
#17262=CIRCLE('',#21737,0.3);
#17263=VERTEX_POINT('',#21741);
#17264=CIRCLE('',#21742,0.9);
#17265=VERTEX_POINT('',#21746);
#17266=CIRCLE('',#21747,0.9);
#17267=VERTEX_POINT('',#21751);
#17268=CIRCLE('',#21752,0.66);
#17269=VERTEX_POINT('',#21756);
#17270=CIRCLE('',#21757,0.66);
#17271=VERTEX_POINT('',#21761);
#17272=CIRCLE('',#21762,0.23);
#17273=VERTEX_POINT('',#21766);
#17274=CIRCLE('',#21767,0.23);
#17275=VERTEX_POINT('',#21771);
#17276=CIRCLE('',#21772,0.3);
#17277=VERTEX_POINT('',#21776);
#17278=CIRCLE('',#21777,0.3);
#17279=VERTEX_POINT('',#21781);
#17280=CIRCLE('',#21782,0.9);
#17281=VERTEX_POINT('',#21786);
#17282=CIRCLE('',#21787,0.9);
#17283=VERTEX_POINT('',#21791);
#17284=CIRCLE('',#21792,0.66);
#17285=VERTEX_POINT('',#21796);
#17286=CIRCLE('',#21797,0.66);
#17287=VERTEX_POINT('',#21801);
#17288=CIRCLE('',#21802,0.23);
#17289=VERTEX_POINT('',#21806);
#17290=CIRCLE('',#21807,0.23);
#17291=VERTEX_POINT('',#21811);
#17292=CIRCLE('',#21812,0.3);
#17293=VERTEX_POINT('',#21816);
#17294=CIRCLE('',#21817,0.3);
#17295=VERTEX_POINT('',#21821);
#17296=CIRCLE('',#21822,0.9);
#17297=VERTEX_POINT('',#21826);
#17298=CIRCLE('',#21827,0.9);
#17299=VERTEX_POINT('',#21831);
#17300=CIRCLE('',#21832,0.66);
#17301=VERTEX_POINT('',#21836);
#17302=CIRCLE('',#21837,0.66);
#17303=VERTEX_POINT('',#21841);
#17304=CIRCLE('',#21842,0.23);
#17305=VERTEX_POINT('',#21846);
#17306=CIRCLE('',#21847,0.23);
#17307=VERTEX_POINT('',#21851);
#17308=CIRCLE('',#21852,0.3);
#17309=VERTEX_POINT('',#21856);
#17310=CIRCLE('',#21857,0.3);
#17311=VERTEX_POINT('',#21861);
#17312=CIRCLE('',#21862,0.9);
#17313=VERTEX_POINT('',#21866);
#17314=CIRCLE('',#21867,0.9);
#17315=VERTEX_POINT('',#21871);
#17316=CIRCLE('',#21872,0.66);
#17317=VERTEX_POINT('',#21876);
#17318=CIRCLE('',#21877,0.66);
#17319=VERTEX_POINT('',#21881);
#17320=CIRCLE('',#21882,0.23);
#17321=VERTEX_POINT('',#21886);
#17322=CIRCLE('',#21887,0.23);
#17323=VERTEX_POINT('',#21891);
#17324=CIRCLE('',#21892,0.3);
#17325=VERTEX_POINT('',#21896);
#17326=CIRCLE('',#21897,0.3);
#17327=VERTEX_POINT('',#21901);
#17328=CIRCLE('',#21902,0.9);
#17329=VERTEX_POINT('',#21906);
#17330=CIRCLE('',#21907,0.9);
#17331=VERTEX_POINT('',#21911);
#17332=CIRCLE('',#21912,0.66);
#17333=VERTEX_POINT('',#21916);
#17334=CIRCLE('',#21917,0.66);
#17335=VERTEX_POINT('',#21921);
#17336=CIRCLE('',#21922,0.23);
#17337=VERTEX_POINT('',#21926);
#17338=CIRCLE('',#21927,0.23);
#17339=VERTEX_POINT('',#21931);
#17340=CIRCLE('',#21932,0.3);
#17341=VERTEX_POINT('',#21936);
#17342=CIRCLE('',#21937,0.3);
#17343=VERTEX_POINT('',#21941);
#17344=CIRCLE('',#21942,0.9);
#17345=VERTEX_POINT('',#21946);
#17346=CIRCLE('',#21947,0.9);
#17347=VERTEX_POINT('',#21951);
#17348=CIRCLE('',#21952,0.66);
#17349=VERTEX_POINT('',#21956);
#17350=CIRCLE('',#21957,0.66);
#17351=VERTEX_POINT('',#21961);
#17352=CIRCLE('',#21962,0.23);
#17353=VERTEX_POINT('',#21966);
#17354=CIRCLE('',#21967,0.23);
#17355=VERTEX_POINT('',#21971);
#17356=CIRCLE('',#21972,0.3);
#17357=VERTEX_POINT('',#21976);
#17358=CIRCLE('',#21977,0.3);
#17359=VERTEX_POINT('',#21981);
#17360=CIRCLE('',#21982,0.9);
#17361=VERTEX_POINT('',#21986);
#17362=CIRCLE('',#21987,0.9);
#17363=VERTEX_POINT('',#21991);
#17364=CIRCLE('',#21992,0.66);
#17365=VERTEX_POINT('',#21996);
#17366=CIRCLE('',#21997,0.66);
#17367=VERTEX_POINT('',#22001);
#17368=CIRCLE('',#22002,0.23);
#17369=VERTEX_POINT('',#22006);
#17370=CIRCLE('',#22007,0.23);
#17371=VERTEX_POINT('',#22011);
#17372=CIRCLE('',#22012,0.3);
#17373=VERTEX_POINT('',#22016);
#17374=CIRCLE('',#22017,0.3);
#17375=VERTEX_POINT('',#22021);
#17376=CIRCLE('',#22022,0.9);
#17377=VERTEX_POINT('',#22026);
#17378=CIRCLE('',#22027,0.9);
#17379=VERTEX_POINT('',#22031);
#17380=CIRCLE('',#22032,0.66);
#17381=VERTEX_POINT('',#22036);
#17382=CIRCLE('',#22037,0.66);
#17383=VERTEX_POINT('',#22041);
#17384=CIRCLE('',#22042,0.23);
#17385=VERTEX_POINT('',#22046);
#17386=CIRCLE('',#22047,0.23);
#17387=VERTEX_POINT('',#22051);
#17388=CIRCLE('',#22052,0.3);
#17389=VERTEX_POINT('',#22056);
#17390=CIRCLE('',#22057,0.3);
#17391=VERTEX_POINT('',#22061);
#17392=CIRCLE('',#22062,0.9);
#17393=VERTEX_POINT('',#22066);
#17394=CIRCLE('',#22067,0.9);
#17395=VERTEX_POINT('',#22071);
#17396=CIRCLE('',#22072,0.66);
#17397=VERTEX_POINT('',#22076);
#17398=CIRCLE('',#22077,0.66);
#17399=VERTEX_POINT('',#22081);
#17400=CIRCLE('',#22082,0.23);
#17401=VERTEX_POINT('',#22086);
#17402=CIRCLE('',#22087,0.23);
#17403=VERTEX_POINT('',#22091);
#17404=CIRCLE('',#22092,0.3);
#17405=VERTEX_POINT('',#22096);
#17406=CIRCLE('',#22097,0.3);
#17407=VERTEX_POINT('',#22101);
#17408=CIRCLE('',#22102,0.9);
#17409=VERTEX_POINT('',#22106);
#17410=CIRCLE('',#22107,0.9);
#17411=VERTEX_POINT('',#22111);
#17412=CIRCLE('',#22112,0.66);
#17413=VERTEX_POINT('',#22116);
#17414=CIRCLE('',#22117,0.66);
#17415=VERTEX_POINT('',#22121);
#17416=CIRCLE('',#22122,0.23);
#17417=VERTEX_POINT('',#22126);
#17418=CIRCLE('',#22127,0.23);
#17419=VERTEX_POINT('',#22131);
#17420=CIRCLE('',#22132,0.3);
#17421=VERTEX_POINT('',#22136);
#17422=CIRCLE('',#22137,0.3);
#17423=VERTEX_POINT('',#22141);
#17424=CIRCLE('',#22142,0.9);
#17425=VERTEX_POINT('',#22146);
#17426=CIRCLE('',#22147,0.9);
#17427=VERTEX_POINT('',#22151);
#17428=CIRCLE('',#22152,0.66);
#17429=VERTEX_POINT('',#22156);
#17430=CIRCLE('',#22157,0.66);
#17431=VERTEX_POINT('',#22161);
#17432=CIRCLE('',#22162,0.23);
#17433=VERTEX_POINT('',#22166);
#17434=CIRCLE('',#22167,0.23);
#17435=VERTEX_POINT('',#22171);
#17436=CIRCLE('',#22172,0.3);
#17437=VERTEX_POINT('',#22176);
#17438=CIRCLE('',#22177,0.3);
#17439=VERTEX_POINT('',#22181);
#17440=CIRCLE('',#22182,0.9);
#17441=VERTEX_POINT('',#22186);
#17442=CIRCLE('',#22187,0.9);
#17443=VERTEX_POINT('',#22191);
#17444=CIRCLE('',#22192,0.66);
#17445=VERTEX_POINT('',#22196);
#17446=CIRCLE('',#22197,0.66);
#17447=VERTEX_POINT('',#22201);
#17448=CIRCLE('',#22202,0.23);
#17449=VERTEX_POINT('',#22206);
#17450=CIRCLE('',#22207,0.23);
#17451=VERTEX_POINT('',#22211);
#17452=CIRCLE('',#22212,0.3);
#17453=VERTEX_POINT('',#22216);
#17454=CIRCLE('',#22217,0.3);
#17455=VERTEX_POINT('',#22221);
#17456=CIRCLE('',#22222,0.9);
#17457=VERTEX_POINT('',#22226);
#17458=CIRCLE('',#22227,0.9);
#17459=VERTEX_POINT('',#22231);
#17460=CIRCLE('',#22232,0.66);
#17461=VERTEX_POINT('',#22236);
#17462=CIRCLE('',#22237,0.66);
#17463=VERTEX_POINT('',#22241);
#17464=CIRCLE('',#22242,0.23);
#17465=VERTEX_POINT('',#22246);
#17466=CIRCLE('',#22247,0.23);
#17467=VERTEX_POINT('',#22251);
#17468=CIRCLE('',#22252,0.3);
#17469=VERTEX_POINT('',#22256);
#17470=CIRCLE('',#22257,0.3);
#17471=VERTEX_POINT('',#22261);
#17472=CIRCLE('',#22262,0.9);
#17473=VERTEX_POINT('',#22266);
#17474=CIRCLE('',#22267,0.9);
#17475=VERTEX_POINT('',#22271);
#17476=CIRCLE('',#22272,0.66);
#17477=VERTEX_POINT('',#22276);
#17478=CIRCLE('',#22277,0.66);
#17479=VERTEX_POINT('',#22281);
#17480=CIRCLE('',#22282,0.23);
#17481=VERTEX_POINT('',#22286);
#17482=CIRCLE('',#22287,0.23);
#17483=VERTEX_POINT('',#22291);
#17484=CIRCLE('',#22292,0.3);
#17485=VERTEX_POINT('',#22296);
#17486=CIRCLE('',#22297,0.3);
#17487=VERTEX_POINT('',#22301);
#17488=CIRCLE('',#22302,0.9);
#17489=VERTEX_POINT('',#22306);
#17490=CIRCLE('',#22307,0.9);
#17491=VERTEX_POINT('',#22311);
#17492=CIRCLE('',#22312,0.66);
#17493=VERTEX_POINT('',#22316);
#17494=CIRCLE('',#22317,0.66);
#17495=VERTEX_POINT('',#22321);
#17496=CIRCLE('',#22322,0.23);
#17497=VERTEX_POINT('',#22326);
#17498=CIRCLE('',#22327,0.23);
#17499=VERTEX_POINT('',#22331);
#17500=CIRCLE('',#22332,0.3);
#17501=VERTEX_POINT('',#22336);
#17502=CIRCLE('',#22337,0.3);
#17503=VERTEX_POINT('',#22341);
#17504=CIRCLE('',#22342,0.9);
#17505=VERTEX_POINT('',#22346);
#17506=CIRCLE('',#22347,0.9);
#17507=VERTEX_POINT('',#22351);
#17508=CIRCLE('',#22352,0.66);
#17509=VERTEX_POINT('',#22356);
#17510=CIRCLE('',#22357,0.66);
#17511=VERTEX_POINT('',#22361);
#17512=CIRCLE('',#22362,0.23);
#17513=VERTEX_POINT('',#22366);
#17514=CIRCLE('',#22367,0.23);
#17515=VERTEX_POINT('',#22371);
#17516=CIRCLE('',#22372,0.3);
#17517=VERTEX_POINT('',#22376);
#17518=CIRCLE('',#22377,0.3);
#17519=VERTEX_POINT('',#22381);
#17520=CIRCLE('',#22382,0.9);
#17521=VERTEX_POINT('',#22386);
#17522=CIRCLE('',#22387,0.9);
#17523=VERTEX_POINT('',#22391);
#17524=CIRCLE('',#22392,0.66);
#17525=VERTEX_POINT('',#22396);
#17526=CIRCLE('',#22397,0.66);
#17527=VERTEX_POINT('',#22401);
#17528=CIRCLE('',#22402,0.23);
#17529=VERTEX_POINT('',#22406);
#17530=CIRCLE('',#22407,0.23);
#17531=VERTEX_POINT('',#22411);
#17532=CIRCLE('',#22412,0.3);
#17533=VERTEX_POINT('',#22416);
#17534=CIRCLE('',#22417,0.3);
#17535=VERTEX_POINT('',#22421);
#17536=CIRCLE('',#22422,0.9);
#17537=VERTEX_POINT('',#22426);
#17538=CIRCLE('',#22427,0.9);
#17539=VERTEX_POINT('',#22431);
#17540=CIRCLE('',#22432,0.66);
#17541=VERTEX_POINT('',#22436);
#17542=CIRCLE('',#22437,0.66);
#17543=VERTEX_POINT('',#22441);
#17544=CIRCLE('',#22442,0.23);
#17545=VERTEX_POINT('',#22446);
#17546=CIRCLE('',#22447,0.23);
#17547=VERTEX_POINT('',#22451);
#17548=CIRCLE('',#22452,0.3);
#17549=VERTEX_POINT('',#22456);
#17550=CIRCLE('',#22457,0.3);
#17551=VERTEX_POINT('',#22461);
#17552=CIRCLE('',#22462,0.9);
#17553=VERTEX_POINT('',#22466);
#17554=CIRCLE('',#22467,0.9);
#17555=VERTEX_POINT('',#22471);
#17556=CIRCLE('',#22472,0.66);
#17557=VERTEX_POINT('',#22476);
#17558=CIRCLE('',#22477,0.66);
#17559=VERTEX_POINT('',#22481);
#17560=CIRCLE('',#22482,0.23);
#17561=VERTEX_POINT('',#22486);
#17562=CIRCLE('',#22487,0.23);
#17563=CARTESIAN_POINT('',(79.4,-8.08266887437253E-017,4.));
#17564=AXIS2_PLACEMENT_3D('',#17565,#17566,#17567);
#17565=CARTESIAN_POINT('',(78.74,0.,4.));
#17566=DIRECTION('',(0.,0.,1.));
#17567=DIRECTION('',(1.,0.,0.));
#17568=CARTESIAN_POINT('',(79.4,0.,1.5));
#17569=AXIS2_PLACEMENT_3D('',#17570,#17571,#17572);
#17570=CARTESIAN_POINT('',(78.74,0.,1.5));
#17571=DIRECTION('',(0.,0.,1.));
#17572=DIRECTION('',(1.,0.,0.));
#17573=CARTESIAN_POINT('',(81.94,-8.08266887437253E-017,4.));
#17574=AXIS2_PLACEMENT_3D('',#17575,#17576,#17577);
#17575=CARTESIAN_POINT('',(81.28,0.,4.));
#17576=DIRECTION('',(0.,0.,1.));
#17577=DIRECTION('',(1.,0.,0.));
#17578=CARTESIAN_POINT('',(81.94,0.,1.5));
#17579=AXIS2_PLACEMENT_3D('',#17580,#17581,#17582);
#17580=CARTESIAN_POINT('',(81.28,0.,1.5));
#17581=DIRECTION('',(0.,0.,1.));
#17582=DIRECTION('',(1.,0.,0.));
#17583=CARTESIAN_POINT('',(76.86,-8.08266887437253E-017,4.));
#17584=AXIS2_PLACEMENT_3D('',#17585,#17586,#17587);
#17585=CARTESIAN_POINT('',(76.2,0.,4.));
#17586=DIRECTION('',(0.,0.,1.));
#17587=DIRECTION('',(1.,0.,0.));
#17588=CARTESIAN_POINT('',(76.86,0.,1.5));
#17589=AXIS2_PLACEMENT_3D('',#17590,#17591,#17592);
#17590=CARTESIAN_POINT('',(76.2,0.,1.5));
#17591=DIRECTION('',(0.,0.,1.));
#17592=DIRECTION('',(1.,0.,0.));
#17593=CARTESIAN_POINT('',(74.32,-8.08266887437253E-017,4.));
#17594=AXIS2_PLACEMENT_3D('',#17595,#17596,#17597);
#17595=CARTESIAN_POINT('',(73.66,0.,4.));
#17596=DIRECTION('',(0.,0.,1.));
#17597=DIRECTION('',(1.,0.,0.));
#17598=CARTESIAN_POINT('',(74.32,0.,1.5));
#17599=AXIS2_PLACEMENT_3D('',#17600,#17601,#17602);
#17600=CARTESIAN_POINT('',(73.66,0.,1.5));
#17601=DIRECTION('',(0.,0.,1.));
#17602=DIRECTION('',(1.,0.,0.));
#17603=CARTESIAN_POINT('',(71.78,-8.08266887437253E-017,4.));
#17604=AXIS2_PLACEMENT_3D('',#17605,#17606,#17607);
#17605=CARTESIAN_POINT('',(71.12,0.,4.));
#17606=DIRECTION('',(0.,0.,1.));
#17607=DIRECTION('',(1.,0.,0.));
#17608=CARTESIAN_POINT('',(71.78,0.,1.5));
#17609=AXIS2_PLACEMENT_3D('',#17610,#17611,#17612);
#17610=CARTESIAN_POINT('',(71.12,0.,1.5));
#17611=DIRECTION('',(0.,0.,1.));
#17612=DIRECTION('',(1.,0.,0.));
#17613=CARTESIAN_POINT('',(69.24,-8.08266887437253E-017,4.));
#17614=AXIS2_PLACEMENT_3D('',#17615,#17616,#17617);
#17615=CARTESIAN_POINT('',(68.58,0.,4.));
#17616=DIRECTION('',(0.,0.,1.));
#17617=DIRECTION('',(1.,0.,0.));
#17618=CARTESIAN_POINT('',(69.24,0.,1.5));
#17619=AXIS2_PLACEMENT_3D('',#17620,#17621,#17622);
#17620=CARTESIAN_POINT('',(68.58,0.,1.5));
#17621=DIRECTION('',(0.,0.,1.));
#17622=DIRECTION('',(1.,0.,0.));
#17623=CARTESIAN_POINT('',(66.7,-8.08266887437253E-017,4.));
#17624=AXIS2_PLACEMENT_3D('',#17625,#17626,#17627);
#17625=CARTESIAN_POINT('',(66.04,0.,4.));
#17626=DIRECTION('',(0.,0.,1.));
#17627=DIRECTION('',(1.,0.,0.));
#17628=CARTESIAN_POINT('',(66.7,0.,1.5));
#17629=AXIS2_PLACEMENT_3D('',#17630,#17631,#17632);
#17630=CARTESIAN_POINT('',(66.04,0.,1.5));
#17631=DIRECTION('',(0.,0.,1.));
#17632=DIRECTION('',(1.,0.,0.));
#17633=CARTESIAN_POINT('',(64.16,-8.08266887437253E-017,4.));
#17634=AXIS2_PLACEMENT_3D('',#17635,#17636,#17637);
#17635=CARTESIAN_POINT('',(63.5,0.,4.));
#17636=DIRECTION('',(0.,0.,1.));
#17637=DIRECTION('',(1.,0.,0.));
#17638=CARTESIAN_POINT('',(64.16,0.,1.5));
#17639=AXIS2_PLACEMENT_3D('',#17640,#17641,#17642);
#17640=CARTESIAN_POINT('',(63.5,0.,1.5));
#17641=DIRECTION('',(0.,0.,1.));
#17642=DIRECTION('',(1.,0.,0.));
#17643=CARTESIAN_POINT('',(61.62,-8.08266887437253E-017,4.));
#17644=AXIS2_PLACEMENT_3D('',#17645,#17646,#17647);
#17645=CARTESIAN_POINT('',(60.96,0.,4.));
#17646=DIRECTION('',(0.,0.,1.));
#17647=DIRECTION('',(1.,0.,0.));
#17648=CARTESIAN_POINT('',(61.62,0.,1.5));
#17649=AXIS2_PLACEMENT_3D('',#17650,#17651,#17652);
#17650=CARTESIAN_POINT('',(60.96,0.,1.5));
#17651=DIRECTION('',(0.,0.,1.));
#17652=DIRECTION('',(1.,0.,0.));
#17653=CARTESIAN_POINT('',(59.08,-8.08266887437253E-017,4.));
#17654=AXIS2_PLACEMENT_3D('',#17655,#17656,#17657);
#17655=CARTESIAN_POINT('',(58.42,0.,4.));
#17656=DIRECTION('',(0.,0.,1.));
#17657=DIRECTION('',(1.,0.,0.));
#17658=CARTESIAN_POINT('',(59.08,0.,1.5));
#17659=AXIS2_PLACEMENT_3D('',#17660,#17661,#17662);
#17660=CARTESIAN_POINT('',(58.42,0.,1.5));
#17661=DIRECTION('',(0.,0.,1.));
#17662=DIRECTION('',(1.,0.,0.));
#17663=CARTESIAN_POINT('',(56.54,-8.08266887437253E-017,4.));
#17664=AXIS2_PLACEMENT_3D('',#17665,#17666,#17667);
#17665=CARTESIAN_POINT('',(55.88,0.,4.));
#17666=DIRECTION('',(0.,0.,1.));
#17667=DIRECTION('',(1.,0.,0.));
#17668=CARTESIAN_POINT('',(56.54,0.,1.5));
#17669=AXIS2_PLACEMENT_3D('',#17670,#17671,#17672);
#17670=CARTESIAN_POINT('',(55.88,0.,1.5));
#17671=DIRECTION('',(0.,0.,1.));
#17672=DIRECTION('',(1.,0.,0.));
#17673=CARTESIAN_POINT('',(54.,-8.08266887437253E-017,4.));
#17674=AXIS2_PLACEMENT_3D('',#17675,#17676,#17677);
#17675=CARTESIAN_POINT('',(53.34,0.,4.));
#17676=DIRECTION('',(0.,0.,1.));
#17677=DIRECTION('',(1.,0.,0.));
#17678=CARTESIAN_POINT('',(54.,0.,1.5));
#17679=AXIS2_PLACEMENT_3D('',#17680,#17681,#17682);
#17680=CARTESIAN_POINT('',(53.34,0.,1.5));
#17681=DIRECTION('',(0.,0.,1.));
#17682=DIRECTION('',(1.,0.,0.));
#17683=CARTESIAN_POINT('',(51.46,-8.08266887437253E-017,4.));
#17684=AXIS2_PLACEMENT_3D('',#17685,#17686,#17687);
#17685=CARTESIAN_POINT('',(50.8,0.,4.));
#17686=DIRECTION('',(0.,0.,1.));
#17687=DIRECTION('',(1.,0.,0.));
#17688=CARTESIAN_POINT('',(51.46,0.,1.5));
#17689=AXIS2_PLACEMENT_3D('',#17690,#17691,#17692);
#17690=CARTESIAN_POINT('',(50.8,0.,1.5));
#17691=DIRECTION('',(0.,0.,1.));
#17692=DIRECTION('',(1.,0.,0.));
#17693=CARTESIAN_POINT('',(48.92,-8.08266887437253E-017,4.));
#17694=AXIS2_PLACEMENT_3D('',#17695,#17696,#17697);
#17695=CARTESIAN_POINT('',(48.26,0.,4.));
#17696=DIRECTION('',(0.,0.,1.));
#17697=DIRECTION('',(1.,0.,0.));
#17698=CARTESIAN_POINT('',(48.92,0.,1.5));
#17699=AXIS2_PLACEMENT_3D('',#17700,#17701,#17702);
#17700=CARTESIAN_POINT('',(48.26,0.,1.5));
#17701=DIRECTION('',(0.,0.,1.));
#17702=DIRECTION('',(1.,0.,0.));
#17703=CARTESIAN_POINT('',(46.38,-8.08266887437253E-017,4.));
#17704=AXIS2_PLACEMENT_3D('',#17705,#17706,#17707);
#17705=CARTESIAN_POINT('',(45.72,0.,4.));
#17706=DIRECTION('',(0.,0.,1.));
#17707=DIRECTION('',(1.,0.,0.));
#17708=CARTESIAN_POINT('',(46.38,0.,1.5));
#17709=AXIS2_PLACEMENT_3D('',#17710,#17711,#17712);
#17710=CARTESIAN_POINT('',(45.72,0.,1.5));
#17711=DIRECTION('',(0.,0.,1.));
#17712=DIRECTION('',(1.,0.,0.));
#17713=CARTESIAN_POINT('',(43.84,-8.08266887437253E-017,4.));
#17714=AXIS2_PLACEMENT_3D('',#17715,#17716,#17717);
#17715=CARTESIAN_POINT('',(43.18,0.,4.));
#17716=DIRECTION('',(0.,0.,1.));
#17717=DIRECTION('',(1.,0.,0.));
#17718=CARTESIAN_POINT('',(43.84,0.,1.5));
#17719=AXIS2_PLACEMENT_3D('',#17720,#17721,#17722);
#17720=CARTESIAN_POINT('',(43.18,0.,1.5));
#17721=DIRECTION('',(0.,0.,1.));
#17722=DIRECTION('',(1.,0.,0.));
#17723=CARTESIAN_POINT('',(41.3,-8.08266887437253E-017,4.));
#17724=AXIS2_PLACEMENT_3D('',#17725,#17726,#17727);
#17725=CARTESIAN_POINT('',(40.64,0.,4.));
#17726=DIRECTION('',(0.,0.,1.));
#17727=DIRECTION('',(1.,0.,0.));
#17728=CARTESIAN_POINT('',(41.3,0.,1.5));
#17729=AXIS2_PLACEMENT_3D('',#17730,#17731,#17732);
#17730=CARTESIAN_POINT('',(40.64,0.,1.5));
#17731=DIRECTION('',(0.,0.,1.));
#17732=DIRECTION('',(1.,0.,0.));
#17733=CARTESIAN_POINT('',(38.76,-8.08266887437253E-017,4.));
#17734=AXIS2_PLACEMENT_3D('',#17735,#17736,#17737);
#17735=CARTESIAN_POINT('',(38.1,0.,4.));
#17736=DIRECTION('',(0.,0.,1.));
#17737=DIRECTION('',(1.,0.,0.));
#17738=CARTESIAN_POINT('',(38.76,0.,1.5));
#17739=AXIS2_PLACEMENT_3D('',#17740,#17741,#17742);
#17740=CARTESIAN_POINT('',(38.1,0.,1.5));
#17741=DIRECTION('',(0.,0.,1.));
#17742=DIRECTION('',(1.,0.,0.));
#17743=CARTESIAN_POINT('',(36.22,-8.08266887437253E-017,4.));
#17744=AXIS2_PLACEMENT_3D('',#17745,#17746,#17747);
#17745=CARTESIAN_POINT('',(35.56,0.,4.));
#17746=DIRECTION('',(0.,0.,1.));
#17747=DIRECTION('',(1.,0.,0.));
#17748=CARTESIAN_POINT('',(36.22,0.,1.5));
#17749=AXIS2_PLACEMENT_3D('',#17750,#17751,#17752);
#17750=CARTESIAN_POINT('',(35.56,0.,1.5));
#17751=DIRECTION('',(0.,0.,1.));
#17752=DIRECTION('',(1.,0.,0.));
#17753=CARTESIAN_POINT('',(33.68,-8.08266887437253E-017,4.));
#17754=AXIS2_PLACEMENT_3D('',#17755,#17756,#17757);
#17755=CARTESIAN_POINT('',(33.02,0.,4.));
#17756=DIRECTION('',(0.,0.,1.));
#17757=DIRECTION('',(1.,0.,0.));
#17758=CARTESIAN_POINT('',(33.68,0.,1.5));
#17759=AXIS2_PLACEMENT_3D('',#17760,#17761,#17762);
#17760=CARTESIAN_POINT('',(33.02,0.,1.5));
#17761=DIRECTION('',(0.,0.,1.));
#17762=DIRECTION('',(1.,0.,0.));
#17763=CARTESIAN_POINT('',(31.14,-8.08266887437253E-017,4.));
#17764=AXIS2_PLACEMENT_3D('',#17765,#17766,#17767);
#17765=CARTESIAN_POINT('',(30.48,0.,4.));
#17766=DIRECTION('',(0.,0.,1.));
#17767=DIRECTION('',(1.,0.,0.));
#17768=CARTESIAN_POINT('',(31.14,0.,1.5));
#17769=AXIS2_PLACEMENT_3D('',#17770,#17771,#17772);
#17770=CARTESIAN_POINT('',(30.48,0.,1.5));
#17771=DIRECTION('',(0.,0.,1.));
#17772=DIRECTION('',(1.,0.,0.));
#17773=CARTESIAN_POINT('',(28.6,-8.08266887437253E-017,4.));
#17774=AXIS2_PLACEMENT_3D('',#17775,#17776,#17777);
#17775=CARTESIAN_POINT('',(27.94,0.,4.));
#17776=DIRECTION('',(0.,0.,1.));
#17777=DIRECTION('',(1.,0.,0.));
#17778=CARTESIAN_POINT('',(28.6,0.,1.5));
#17779=AXIS2_PLACEMENT_3D('',#17780,#17781,#17782);
#17780=CARTESIAN_POINT('',(27.94,0.,1.5));
#17781=DIRECTION('',(0.,0.,1.));
#17782=DIRECTION('',(1.,0.,0.));
#17783=CARTESIAN_POINT('',(26.06,-8.08266887437253E-017,4.));
#17784=AXIS2_PLACEMENT_3D('',#17785,#17786,#17787);
#17785=CARTESIAN_POINT('',(25.4,0.,4.));
#17786=DIRECTION('',(0.,0.,1.));
#17787=DIRECTION('',(1.,0.,0.));
#17788=CARTESIAN_POINT('',(26.06,0.,1.5));
#17789=AXIS2_PLACEMENT_3D('',#17790,#17791,#17792);
#17790=CARTESIAN_POINT('',(25.4,0.,1.5));
#17791=DIRECTION('',(0.,0.,1.));
#17792=DIRECTION('',(1.,0.,0.));
#17793=CARTESIAN_POINT('',(23.52,-8.08266887437253E-017,4.));
#17794=AXIS2_PLACEMENT_3D('',#17795,#17796,#17797);
#17795=CARTESIAN_POINT('',(22.86,0.,4.));
#17796=DIRECTION('',(0.,0.,1.));
#17797=DIRECTION('',(1.,0.,0.));
#17798=CARTESIAN_POINT('',(23.52,0.,1.5));
#17799=AXIS2_PLACEMENT_3D('',#17800,#17801,#17802);
#17800=CARTESIAN_POINT('',(22.86,0.,1.5));
#17801=DIRECTION('',(0.,0.,1.));
#17802=DIRECTION('',(1.,0.,0.));
#17803=CARTESIAN_POINT('',(20.98,-8.08266887437253E-017,4.));
#17804=AXIS2_PLACEMENT_3D('',#17805,#17806,#17807);
#17805=CARTESIAN_POINT('',(20.32,0.,4.));
#17806=DIRECTION('',(0.,0.,1.));
#17807=DIRECTION('',(1.,0.,0.));
#17808=CARTESIAN_POINT('',(20.98,0.,1.5));
#17809=AXIS2_PLACEMENT_3D('',#17810,#17811,#17812);
#17810=CARTESIAN_POINT('',(20.32,0.,1.5));
#17811=DIRECTION('',(0.,0.,1.));
#17812=DIRECTION('',(1.,0.,0.));
#17813=CARTESIAN_POINT('',(18.44,-8.08266887437253E-017,4.));
#17814=AXIS2_PLACEMENT_3D('',#17815,#17816,#17817);
#17815=CARTESIAN_POINT('',(17.78,0.,4.));
#17816=DIRECTION('',(0.,0.,1.));
#17817=DIRECTION('',(1.,0.,0.));
#17818=CARTESIAN_POINT('',(18.44,0.,1.5));
#17819=AXIS2_PLACEMENT_3D('',#17820,#17821,#17822);
#17820=CARTESIAN_POINT('',(17.78,0.,1.5));
#17821=DIRECTION('',(0.,0.,1.));
#17822=DIRECTION('',(1.,0.,0.));
#17823=CARTESIAN_POINT('',(15.9,-8.08266887437253E-017,4.));
#17824=AXIS2_PLACEMENT_3D('',#17825,#17826,#17827);
#17825=CARTESIAN_POINT('',(15.24,0.,4.));
#17826=DIRECTION('',(0.,0.,1.));
#17827=DIRECTION('',(1.,0.,0.));
#17828=CARTESIAN_POINT('',(15.9,0.,1.5));
#17829=AXIS2_PLACEMENT_3D('',#17830,#17831,#17832);
#17830=CARTESIAN_POINT('',(15.24,0.,1.5));
#17831=DIRECTION('',(0.,0.,1.));
#17832=DIRECTION('',(1.,0.,0.));
#17833=CARTESIAN_POINT('',(13.36,-8.08266887437253E-017,4.));
#17834=AXIS2_PLACEMENT_3D('',#17835,#17836,#17837);
#17835=CARTESIAN_POINT('',(12.7,0.,4.));
#17836=DIRECTION('',(0.,0.,1.));
#17837=DIRECTION('',(1.,0.,0.));
#17838=CARTESIAN_POINT('',(13.36,0.,1.5));
#17839=AXIS2_PLACEMENT_3D('',#17840,#17841,#17842);
#17840=CARTESIAN_POINT('',(12.7,0.,1.5));
#17841=DIRECTION('',(0.,0.,1.));
#17842=DIRECTION('',(1.,0.,0.));
#17843=CARTESIAN_POINT('',(10.82,-8.08266887437253E-017,4.));
#17844=AXIS2_PLACEMENT_3D('',#17845,#17846,#17847);
#17845=CARTESIAN_POINT('',(10.16,0.,4.));
#17846=DIRECTION('',(0.,0.,1.));
#17847=DIRECTION('',(1.,0.,0.));
#17848=CARTESIAN_POINT('',(10.82,0.,1.5));
#17849=AXIS2_PLACEMENT_3D('',#17850,#17851,#17852);
#17850=CARTESIAN_POINT('',(10.16,0.,1.5));
#17851=DIRECTION('',(0.,0.,1.));
#17852=DIRECTION('',(1.,0.,0.));
#17853=CARTESIAN_POINT('',(8.28,-8.08266887437253E-017,4.));
#17854=AXIS2_PLACEMENT_3D('',#17855,#17856,#17857);
#17855=CARTESIAN_POINT('',(7.62,0.,4.));
#17856=DIRECTION('',(0.,0.,1.));
#17857=DIRECTION('',(1.,0.,0.));
#17858=CARTESIAN_POINT('',(8.28,0.,1.5));
#17859=AXIS2_PLACEMENT_3D('',#17860,#17861,#17862);
#17860=CARTESIAN_POINT('',(7.62,0.,1.5));
#17861=DIRECTION('',(0.,0.,1.));
#17862=DIRECTION('',(1.,0.,0.));
#17863=CARTESIAN_POINT('',(5.74,-8.08266887437253E-017,4.));
#17864=AXIS2_PLACEMENT_3D('',#17865,#17866,#17867);
#17865=CARTESIAN_POINT('',(5.08,0.,4.));
#17866=DIRECTION('',(0.,0.,1.));
#17867=DIRECTION('',(1.,0.,0.));
#17868=CARTESIAN_POINT('',(5.74,0.,1.5));
#17869=AXIS2_PLACEMENT_3D('',#17870,#17871,#17872);
#17870=CARTESIAN_POINT('',(5.08,0.,1.5));
#17871=DIRECTION('',(0.,0.,1.));
#17872=DIRECTION('',(1.,0.,0.));
#17873=CARTESIAN_POINT('',(3.2,-8.08266887437253E-017,4.));
#17874=AXIS2_PLACEMENT_3D('',#17875,#17876,#17877);
#17875=CARTESIAN_POINT('',(2.54,0.,4.));
#17876=DIRECTION('',(0.,0.,1.));
#17877=DIRECTION('',(1.,0.,0.));
#17878=CARTESIAN_POINT('',(3.2,0.,1.5));
#17879=AXIS2_PLACEMENT_3D('',#17880,#17881,#17882);
#17880=CARTESIAN_POINT('',(2.54,0.,1.5));
#17881=DIRECTION('',(0.,0.,1.));
#17882=DIRECTION('',(1.,0.,0.));
#17883=CARTESIAN_POINT('',(-1.27,-0.75,4.5));
#17884=CARTESIAN_POINT('',(-1.12,-0.75,4.5));
#17885=CARTESIAN_POINT('',(-1.27,-0.75,4.5));
#17886=VECTOR('',#17887,1.);
#17887=DIRECTION('',(1.,0.,0.));
#17888=CARTESIAN_POINT('',(-0.819777860021394,-1.27,4.5));
#17889=CARTESIAN_POINT('',(-1.12,-0.75,4.5));
#17890=VECTOR('',#17891,1.);
#17891=DIRECTION('',(0.5,-0.866025403784438,0.));
#17892=CARTESIAN_POINT('',(0.819777860021395,-1.27,4.5));
#17893=CARTESIAN_POINT('',(-0.819777860021394,-1.27,4.5));
#17894=VECTOR('',#17895,1.);
#17895=DIRECTION('',(1.,0.,0.));
#17896=CARTESIAN_POINT('',(1.12,-0.75,4.5));
#17897=CARTESIAN_POINT('',(0.819777860021395,-1.27,4.5));
#17898=VECTOR('',#17899,1.);
#17899=DIRECTION('',(0.5,0.866025403784439,0.));
#17900=CARTESIAN_POINT('',(1.42,-0.75,4.5));
#17901=CARTESIAN_POINT('',(1.12,-0.75,4.5));
#17902=VECTOR('',#17903,1.);
#17903=DIRECTION('',(1.,0.,0.));
#17904=CARTESIAN_POINT('',(1.72022213997861,-1.27,4.5));
#17905=CARTESIAN_POINT('',(1.42,-0.75,4.5));
#17906=VECTOR('',#17907,1.);
#17907=DIRECTION('',(0.5,-0.866025403784438,0.));
#17908=CARTESIAN_POINT('',(3.35977786002139,-1.27,4.5));
#17909=CARTESIAN_POINT('',(1.72022213997861,-1.27,4.5));
#17910=VECTOR('',#17911,1.);
#17911=DIRECTION('',(1.,0.,0.));
#17912=CARTESIAN_POINT('',(3.66,-0.75,4.5));
#17913=CARTESIAN_POINT('',(3.35977786002139,-1.27,4.5));
#17914=VECTOR('',#17915,1.);
#17915=DIRECTION('',(0.5,0.866025403784439,0.));
#17916=CARTESIAN_POINT('',(3.96,-0.75,4.5));
#17917=CARTESIAN_POINT('',(3.66,-0.75,4.5));
#17918=VECTOR('',#17919,1.);
#17919=DIRECTION('',(1.,0.,0.));
#17920=CARTESIAN_POINT('',(4.26022213997861,-1.27,4.5));
#17921=CARTESIAN_POINT('',(3.96,-0.75,4.5));
#17922=VECTOR('',#17923,1.);
#17923=DIRECTION('',(0.5,-0.866025403784439,0.));
#17924=CARTESIAN_POINT('',(5.89977786002139,-1.27,4.5));
#17925=CARTESIAN_POINT('',(4.26022213997861,-1.27,4.5));
#17926=VECTOR('',#17927,1.);
#17927=DIRECTION('',(1.,0.,0.));
#17928=CARTESIAN_POINT('',(6.2,-0.75,4.5));
#17929=CARTESIAN_POINT('',(5.89977786002139,-1.27,4.5));
#17930=VECTOR('',#17931,1.);
#17931=DIRECTION('',(0.5,0.866025403784439,0.));
#17932=CARTESIAN_POINT('',(6.5,-0.75,4.5));
#17933=CARTESIAN_POINT('',(6.2,-0.75,4.5));
#17934=VECTOR('',#17935,1.);
#17935=DIRECTION('',(1.,0.,0.));
#17936=CARTESIAN_POINT('',(6.80022213997861,-1.27,4.5));
#17937=CARTESIAN_POINT('',(6.5,-0.75,4.5));
#17938=VECTOR('',#17939,1.);
#17939=DIRECTION('',(0.5,-0.866025403784439,0.));
#17940=CARTESIAN_POINT('',(8.43977786002139,-1.27,4.5));
#17941=CARTESIAN_POINT('',(6.80022213997861,-1.27,4.5));
#17942=VECTOR('',#17943,1.);
#17943=DIRECTION('',(1.,0.,0.));
#17944=CARTESIAN_POINT('',(8.74,-0.75,4.5));
#17945=CARTESIAN_POINT('',(8.43977786002139,-1.27,4.5));
#17946=VECTOR('',#17947,1.);
#17947=DIRECTION('',(0.499999999999999,0.866025403784439,0.));
#17948=CARTESIAN_POINT('',(9.04,-0.75,4.5));
#17949=CARTESIAN_POINT('',(8.74,-0.75,4.5));
#17950=VECTOR('',#17951,1.);
#17951=DIRECTION('',(1.,0.,0.));
#17952=CARTESIAN_POINT('',(9.34022213997861,-1.27,4.5));
#17953=CARTESIAN_POINT('',(9.04,-0.75,4.5));
#17954=VECTOR('',#17955,1.);
#17955=DIRECTION('',(0.500000000000001,-0.866025403784438,0.));
#17956=CARTESIAN_POINT('',(10.9797778600214,-1.27,4.5));
#17957=CARTESIAN_POINT('',(9.34022213997861,-1.27,4.5));
#17958=VECTOR('',#17959,1.);
#17959=DIRECTION('',(1.,0.,0.));
#17960=CARTESIAN_POINT('',(11.28,-0.75,4.5));
#17961=CARTESIAN_POINT('',(10.9797778600214,-1.27,4.5));
#17962=VECTOR('',#17963,1.);
#17963=DIRECTION('',(0.499999999999999,0.866025403784439,0.));
#17964=CARTESIAN_POINT('',(11.58,-0.75,4.5));
#17965=CARTESIAN_POINT('',(11.28,-0.75,4.5));
#17966=VECTOR('',#17967,1.);
#17967=DIRECTION('',(1.,0.,0.));
#17968=CARTESIAN_POINT('',(11.8802221399786,-1.27,4.5));
#17969=CARTESIAN_POINT('',(11.58,-0.75,4.5));
#17970=VECTOR('',#17971,1.);
#17971=DIRECTION('',(0.500000000000001,-0.866025403784438,0.));
#17972=CARTESIAN_POINT('',(13.5197778600214,-1.27,4.5));
#17973=CARTESIAN_POINT('',(11.8802221399786,-1.27,4.5));
#17974=VECTOR('',#17975,1.);
#17975=DIRECTION('',(1.,0.,0.));
#17976=CARTESIAN_POINT('',(13.82,-0.75,4.5));
#17977=CARTESIAN_POINT('',(13.5197778600214,-1.27,4.5));
#17978=VECTOR('',#17979,1.);
#17979=DIRECTION('',(0.499999999999999,0.866025403784439,0.));
#17980=CARTESIAN_POINT('',(14.12,-0.75,4.5));
#17981=CARTESIAN_POINT('',(13.82,-0.75,4.5));
#17982=VECTOR('',#17983,1.);
#17983=DIRECTION('',(1.,0.,0.));
#17984=CARTESIAN_POINT('',(14.4202221399786,-1.27,4.5));
#17985=CARTESIAN_POINT('',(14.12,-0.75,4.5));
#17986=VECTOR('',#17987,1.);
#17987=DIRECTION('',(0.500000000000001,-0.866025403784438,0.));
#17988=CARTESIAN_POINT('',(16.0597778600214,-1.27,4.5));
#17989=CARTESIAN_POINT('',(14.4202221399786,-1.27,4.5));
#17990=VECTOR('',#17991,1.);
#17991=DIRECTION('',(1.,0.,0.));
#17992=CARTESIAN_POINT('',(16.36,-0.75,4.5));
#17993=CARTESIAN_POINT('',(16.0597778600214,-1.27,4.5));
#17994=VECTOR('',#17995,1.);
#17995=DIRECTION('',(0.499999999999999,0.866025403784439,0.));
#17996=CARTESIAN_POINT('',(16.66,-0.75,4.5));
#17997=CARTESIAN_POINT('',(16.36,-0.75,4.5));
#17998=VECTOR('',#17999,1.);
#17999=DIRECTION('',(1.,0.,0.));
#18000=CARTESIAN_POINT('',(16.9602221399786,-1.27,4.5));
#18001=CARTESIAN_POINT('',(16.66,-0.75,4.5));
#18002=VECTOR('',#18003,1.);
#18003=DIRECTION('',(0.499999999999999,-0.866025403784439,0.));
#18004=CARTESIAN_POINT('',(18.5997778600214,-1.27,4.5));
#18005=CARTESIAN_POINT('',(16.9602221399786,-1.27,4.5));
#18006=VECTOR('',#18007,1.);
#18007=DIRECTION('',(1.,0.,0.));
#18008=CARTESIAN_POINT('',(18.9,-0.75,4.5));
#18009=CARTESIAN_POINT('',(18.5997778600214,-1.27,4.5));
#18010=VECTOR('',#18011,1.);
#18011=DIRECTION('',(0.499999999999999,0.866025403784439,0.));
#18012=CARTESIAN_POINT('',(19.2,-0.75,4.5));
#18013=CARTESIAN_POINT('',(18.9,-0.75,4.5));
#18014=VECTOR('',#18015,1.);
#18015=DIRECTION('',(1.,0.,0.));
#18016=CARTESIAN_POINT('',(19.5002221399786,-1.27,4.5));
#18017=CARTESIAN_POINT('',(19.2,-0.75,4.5));
#18018=VECTOR('',#18019,1.);
#18019=DIRECTION('',(0.499999999999999,-0.866025403784439,0.));
#18020=CARTESIAN_POINT('',(21.1397778600214,-1.27,4.5));
#18021=CARTESIAN_POINT('',(19.5002221399786,-1.27,4.5));
#18022=VECTOR('',#18023,1.);
#18023=DIRECTION('',(1.,0.,0.));
#18024=CARTESIAN_POINT('',(21.44,-0.75,4.5));
#18025=CARTESIAN_POINT('',(21.1397778600214,-1.27,4.5));
#18026=VECTOR('',#18027,1.);
#18027=DIRECTION('',(0.499999999999999,0.866025403784439,0.));
#18028=CARTESIAN_POINT('',(21.74,-0.75,4.5));
#18029=CARTESIAN_POINT('',(21.44,-0.75,4.5));
#18030=VECTOR('',#18031,1.);
#18031=DIRECTION('',(1.,0.,0.));
#18032=CARTESIAN_POINT('',(22.0402221399786,-1.27,4.5));
#18033=CARTESIAN_POINT('',(21.74,-0.75,4.5));
#18034=VECTOR('',#18035,1.);
#18035=DIRECTION('',(0.499999999999999,-0.866025403784439,0.));
#18036=CARTESIAN_POINT('',(23.6797778600214,-1.27,4.5));
#18037=CARTESIAN_POINT('',(22.0402221399786,-1.27,4.5));
#18038=VECTOR('',#18039,1.);
#18039=DIRECTION('',(1.,0.,0.));
#18040=CARTESIAN_POINT('',(23.98,-0.75,4.5));
#18041=CARTESIAN_POINT('',(23.6797778600214,-1.27,4.5));
#18042=VECTOR('',#18043,1.);
#18043=DIRECTION('',(0.499999999999999,0.866025403784439,0.));
#18044=CARTESIAN_POINT('',(24.28,-0.75,4.5));
#18045=CARTESIAN_POINT('',(23.98,-0.75,4.5));
#18046=VECTOR('',#18047,1.);
#18047=DIRECTION('',(1.,0.,0.));
#18048=CARTESIAN_POINT('',(24.5802221399786,-1.27,4.5));
#18049=CARTESIAN_POINT('',(24.28,-0.75,4.5));
#18050=VECTOR('',#18051,1.);
#18051=DIRECTION('',(0.499999999999999,-0.866025403784439,0.));
#18052=CARTESIAN_POINT('',(26.2197778600214,-1.27,4.5));
#18053=CARTESIAN_POINT('',(24.5802221399786,-1.27,4.5));
#18054=VECTOR('',#18055,1.);
#18055=DIRECTION('',(1.,0.,0.));
#18056=CARTESIAN_POINT('',(26.52,-0.75,4.5));
#18057=CARTESIAN_POINT('',(26.2197778600214,-1.27,4.5));
#18058=VECTOR('',#18059,1.);
#18059=DIRECTION('',(0.499999999999999,0.866025403784439,0.));
#18060=CARTESIAN_POINT('',(26.82,-0.75,4.5));
#18061=CARTESIAN_POINT('',(26.52,-0.75,4.5));
#18062=VECTOR('',#18063,1.);
#18063=DIRECTION('',(1.,0.,0.));
#18064=CARTESIAN_POINT('',(27.1202221399786,-1.27,4.5));
#18065=CARTESIAN_POINT('',(26.82,-0.75,4.5));
#18066=VECTOR('',#18067,1.);
#18067=DIRECTION('',(0.499999999999999,-0.866025403784439,0.));
#18068=CARTESIAN_POINT('',(28.7597778600214,-1.27,4.5));
#18069=CARTESIAN_POINT('',(27.1202221399786,-1.27,4.5));
#18070=VECTOR('',#18071,1.);
#18071=DIRECTION('',(1.,0.,0.));
#18072=CARTESIAN_POINT('',(29.06,-0.75,4.5));
#18073=CARTESIAN_POINT('',(28.7597778600214,-1.27,4.5));
#18074=VECTOR('',#18075,1.);
#18075=DIRECTION('',(0.499999999999999,0.866025403784439,0.));
#18076=CARTESIAN_POINT('',(29.36,-0.75,4.5));
#18077=CARTESIAN_POINT('',(29.06,-0.75,4.5));
#18078=VECTOR('',#18079,1.);
#18079=DIRECTION('',(1.,0.,0.));
#18080=CARTESIAN_POINT('',(29.6602221399786,-1.27,4.5));
#18081=CARTESIAN_POINT('',(29.36,-0.75,4.5));
#18082=VECTOR('',#18083,1.);
#18083=DIRECTION('',(0.499999999999999,-0.866025403784439,0.));
#18084=CARTESIAN_POINT('',(31.2997778600214,-1.27,4.5));
#18085=CARTESIAN_POINT('',(29.6602221399786,-1.27,4.5));
#18086=VECTOR('',#18087,1.);
#18087=DIRECTION('',(1.,0.,0.));
#18088=CARTESIAN_POINT('',(31.6,-0.75,4.5));
#18089=CARTESIAN_POINT('',(31.2997778600214,-1.27,4.5));
#18090=VECTOR('',#18091,1.);
#18091=DIRECTION('',(0.499999999999999,0.866025403784439,0.));
#18092=CARTESIAN_POINT('',(31.9,-0.75,4.5));
#18093=CARTESIAN_POINT('',(31.6,-0.75,4.5));
#18094=VECTOR('',#18095,1.);
#18095=DIRECTION('',(1.,0.,0.));
#18096=CARTESIAN_POINT('',(32.2002221399786,-1.27,4.5));
#18097=CARTESIAN_POINT('',(31.9,-0.75,4.5));
#18098=VECTOR('',#18099,1.);
#18099=DIRECTION('',(0.499999999999999,-0.866025403784439,0.));
#18100=CARTESIAN_POINT('',(33.8397778600214,-1.27,4.5));
#18101=CARTESIAN_POINT('',(32.2002221399786,-1.27,4.5));
#18102=VECTOR('',#18103,1.);
#18103=DIRECTION('',(1.,0.,0.));
#18104=CARTESIAN_POINT('',(34.14,-0.75,4.5));
#18105=CARTESIAN_POINT('',(33.8397778600214,-1.27,4.5));
#18106=VECTOR('',#18107,1.);
#18107=DIRECTION('',(0.500000000000003,0.866025403784437,0.));
#18108=CARTESIAN_POINT('',(34.44,-0.75,4.5));
#18109=CARTESIAN_POINT('',(34.14,-0.75,4.5));
#18110=VECTOR('',#18111,1.);
#18111=DIRECTION('',(1.,0.,0.));
#18112=CARTESIAN_POINT('',(34.7402221399786,-1.27,4.5));
#18113=CARTESIAN_POINT('',(34.44,-0.75,4.5));
#18114=VECTOR('',#18115,1.);
#18115=DIRECTION('',(0.500000000000003,-0.866025403784437,0.));
#18116=CARTESIAN_POINT('',(36.3797778600214,-1.27,4.5));
#18117=CARTESIAN_POINT('',(34.7402221399786,-1.27,4.5));
#18118=VECTOR('',#18119,1.);
#18119=DIRECTION('',(1.,0.,0.));
#18120=CARTESIAN_POINT('',(36.68,-0.75,4.5));
#18121=CARTESIAN_POINT('',(36.3797778600214,-1.27,4.5));
#18122=VECTOR('',#18123,1.);
#18123=DIRECTION('',(0.500000000000003,0.866025403784437,0.));
#18124=CARTESIAN_POINT('',(36.98,-0.75,4.5));
#18125=CARTESIAN_POINT('',(36.68,-0.75,4.5));
#18126=VECTOR('',#18127,1.);
#18127=DIRECTION('',(1.,0.,0.));
#18128=CARTESIAN_POINT('',(37.2802221399786,-1.27,4.5));
#18129=CARTESIAN_POINT('',(36.98,-0.75,4.5));
#18130=VECTOR('',#18131,1.);
#18131=DIRECTION('',(0.500000000000003,-0.866025403784437,0.));
#18132=CARTESIAN_POINT('',(38.9197778600214,-1.27,4.5));
#18133=CARTESIAN_POINT('',(37.2802221399786,-1.27,4.5));
#18134=VECTOR('',#18135,1.);
#18135=DIRECTION('',(1.,0.,0.));
#18136=CARTESIAN_POINT('',(39.22,-0.75,4.5));
#18137=CARTESIAN_POINT('',(38.9197778600214,-1.27,4.5));
#18138=VECTOR('',#18139,1.);
#18139=DIRECTION('',(0.500000000000003,0.866025403784437,0.));
#18140=CARTESIAN_POINT('',(39.52,-0.75,4.5));
#18141=CARTESIAN_POINT('',(39.22,-0.75,4.5));
#18142=VECTOR('',#18143,1.);
#18143=DIRECTION('',(1.,0.,0.));
#18144=CARTESIAN_POINT('',(39.8202221399786,-1.27,4.5));
#18145=CARTESIAN_POINT('',(39.52,-0.75,4.5));
#18146=VECTOR('',#18147,1.);
#18147=DIRECTION('',(0.500000000000003,-0.866025403784437,0.));
#18148=CARTESIAN_POINT('',(41.4597778600214,-1.27,4.5));
#18149=CARTESIAN_POINT('',(39.8202221399786,-1.27,4.5));
#18150=VECTOR('',#18151,1.);
#18151=DIRECTION('',(1.,0.,0.));
#18152=CARTESIAN_POINT('',(41.76,-0.75,4.5));
#18153=CARTESIAN_POINT('',(41.4597778600214,-1.27,4.5));
#18154=VECTOR('',#18155,1.);
#18155=DIRECTION('',(0.500000000000003,0.866025403784437,0.));
#18156=CARTESIAN_POINT('',(42.06,-0.75,4.5));
#18157=CARTESIAN_POINT('',(41.76,-0.75,4.5));
#18158=VECTOR('',#18159,1.);
#18159=DIRECTION('',(1.,0.,0.));
#18160=CARTESIAN_POINT('',(42.3602221399786,-1.27,4.5));
#18161=CARTESIAN_POINT('',(42.06,-0.75,4.5));
#18162=VECTOR('',#18163,1.);
#18163=DIRECTION('',(0.500000000000003,-0.866025403784437,0.));
#18164=CARTESIAN_POINT('',(43.9997778600214,-1.27,4.5));
#18165=CARTESIAN_POINT('',(42.3602221399786,-1.27,4.5));
#18166=VECTOR('',#18167,1.);
#18167=DIRECTION('',(1.,0.,0.));
#18168=CARTESIAN_POINT('',(44.3,-0.75,4.5));
#18169=CARTESIAN_POINT('',(43.9997778600214,-1.27,4.5));
#18170=VECTOR('',#18171,1.);
#18171=DIRECTION('',(0.500000000000003,0.866025403784437,0.));
#18172=CARTESIAN_POINT('',(44.6,-0.75,4.5));
#18173=CARTESIAN_POINT('',(44.3,-0.75,4.5));
#18174=VECTOR('',#18175,1.);
#18175=DIRECTION('',(1.,0.,0.));
#18176=CARTESIAN_POINT('',(44.9002221399786,-1.27,4.5));
#18177=CARTESIAN_POINT('',(44.6,-0.75,4.5));
#18178=VECTOR('',#18179,1.);
#18179=DIRECTION('',(0.500000000000003,-0.866025403784437,0.));
#18180=CARTESIAN_POINT('',(46.5397778600214,-1.27,4.5));
#18181=CARTESIAN_POINT('',(44.9002221399786,-1.27,4.5));
#18182=VECTOR('',#18183,1.);
#18183=DIRECTION('',(1.,0.,0.));
#18184=CARTESIAN_POINT('',(46.84,-0.75,4.5));
#18185=CARTESIAN_POINT('',(46.5397778600214,-1.27,4.5));
#18186=VECTOR('',#18187,1.);
#18187=DIRECTION('',(0.500000000000003,0.866025403784437,0.));
#18188=CARTESIAN_POINT('',(47.14,-0.75,4.5));
#18189=CARTESIAN_POINT('',(46.84,-0.75,4.5));
#18190=VECTOR('',#18191,1.);
#18191=DIRECTION('',(1.,0.,0.));
#18192=CARTESIAN_POINT('',(47.4402221399786,-1.27,4.5));
#18193=CARTESIAN_POINT('',(47.14,-0.75,4.5));
#18194=VECTOR('',#18195,1.);
#18195=DIRECTION('',(0.500000000000003,-0.866025403784437,0.));
#18196=CARTESIAN_POINT('',(49.0797778600214,-1.27,4.5));
#18197=CARTESIAN_POINT('',(47.4402221399786,-1.27,4.5));
#18198=VECTOR('',#18199,1.);
#18199=DIRECTION('',(1.,0.,0.));
#18200=CARTESIAN_POINT('',(49.38,-0.75,4.5));
#18201=CARTESIAN_POINT('',(49.0797778600214,-1.27,4.5));
#18202=VECTOR('',#18203,1.);
#18203=DIRECTION('',(0.500000000000003,0.866025403784437,0.));
#18204=CARTESIAN_POINT('',(49.68,-0.75,4.5));
#18205=CARTESIAN_POINT('',(49.38,-0.75,4.5));
#18206=VECTOR('',#18207,1.);
#18207=DIRECTION('',(1.,0.,0.));
#18208=CARTESIAN_POINT('',(49.9802221399786,-1.27,4.5));
#18209=CARTESIAN_POINT('',(49.68,-0.75,4.5));
#18210=VECTOR('',#18211,1.);
#18211=DIRECTION('',(0.500000000000003,-0.866025403784437,0.));
#18212=CARTESIAN_POINT('',(51.6197778600214,-1.27,4.5));
#18213=CARTESIAN_POINT('',(49.9802221399786,-1.27,4.5));
#18214=VECTOR('',#18215,1.);
#18215=DIRECTION('',(1.,0.,0.));
#18216=CARTESIAN_POINT('',(51.92,-0.75,4.5));
#18217=CARTESIAN_POINT('',(51.6197778600214,-1.27,4.5));
#18218=VECTOR('',#18219,1.);
#18219=DIRECTION('',(0.500000000000003,0.866025403784437,0.));
#18220=CARTESIAN_POINT('',(52.22,-0.75,4.5));
#18221=CARTESIAN_POINT('',(51.92,-0.75,4.5));
#18222=VECTOR('',#18223,1.);
#18223=DIRECTION('',(1.,0.,0.));
#18224=CARTESIAN_POINT('',(52.5202221399786,-1.27,4.5));
#18225=CARTESIAN_POINT('',(52.22,-0.75,4.5));
#18226=VECTOR('',#18227,1.);
#18227=DIRECTION('',(0.500000000000003,-0.866025403784437,0.));
#18228=CARTESIAN_POINT('',(54.1597778600214,-1.27,4.5));
#18229=CARTESIAN_POINT('',(52.5202221399786,-1.27,4.5));
#18230=VECTOR('',#18231,1.);
#18231=DIRECTION('',(1.,0.,0.));
#18232=CARTESIAN_POINT('',(54.46,-0.75,4.5));
#18233=CARTESIAN_POINT('',(54.1597778600214,-1.27,4.5));
#18234=VECTOR('',#18235,1.);
#18235=DIRECTION('',(0.500000000000003,0.866025403784437,0.));
#18236=CARTESIAN_POINT('',(54.76,-0.75,4.5));
#18237=CARTESIAN_POINT('',(54.46,-0.75,4.5));
#18238=VECTOR('',#18239,1.);
#18239=DIRECTION('',(1.,0.,0.));
#18240=CARTESIAN_POINT('',(55.0602221399786,-1.27,4.5));
#18241=CARTESIAN_POINT('',(54.76,-0.75,4.5));
#18242=VECTOR('',#18243,1.);
#18243=DIRECTION('',(0.500000000000003,-0.866025403784437,0.));
#18244=CARTESIAN_POINT('',(56.6997778600214,-1.27,4.5));
#18245=CARTESIAN_POINT('',(55.0602221399786,-1.27,4.5));
#18246=VECTOR('',#18247,1.);
#18247=DIRECTION('',(1.,0.,0.));
#18248=CARTESIAN_POINT('',(57.,-0.75,4.5));
#18249=CARTESIAN_POINT('',(56.6997778600214,-1.27,4.5));
#18250=VECTOR('',#18251,1.);
#18251=DIRECTION('',(0.500000000000003,0.866025403784437,0.));
#18252=CARTESIAN_POINT('',(57.3,-0.75,4.5));
#18253=CARTESIAN_POINT('',(57.,-0.75,4.5));
#18254=VECTOR('',#18255,1.);
#18255=DIRECTION('',(1.,0.,0.));
#18256=CARTESIAN_POINT('',(57.6002221399786,-1.27,4.5));
#18257=CARTESIAN_POINT('',(57.3,-0.75,4.5));
#18258=VECTOR('',#18259,1.);
#18259=DIRECTION('',(0.500000000000003,-0.866025403784437,0.));
#18260=CARTESIAN_POINT('',(59.2397778600214,-1.27,4.5));
#18261=CARTESIAN_POINT('',(57.6002221399786,-1.27,4.5));
#18262=VECTOR('',#18263,1.);
#18263=DIRECTION('',(1.,0.,0.));
#18264=CARTESIAN_POINT('',(59.54,-0.75,4.5));
#18265=CARTESIAN_POINT('',(59.2397778600214,-1.27,4.5));
#18266=VECTOR('',#18267,1.);
#18267=DIRECTION('',(0.500000000000003,0.866025403784437,0.));
#18268=CARTESIAN_POINT('',(59.84,-0.75,4.5));
#18269=CARTESIAN_POINT('',(59.54,-0.75,4.5));
#18270=VECTOR('',#18271,1.);
#18271=DIRECTION('',(1.,0.,0.));
#18272=CARTESIAN_POINT('',(60.1402221399786,-1.27,4.5));
#18273=CARTESIAN_POINT('',(59.84,-0.75,4.5));
#18274=VECTOR('',#18275,1.);
#18275=DIRECTION('',(0.500000000000003,-0.866025403784437,0.));
#18276=CARTESIAN_POINT('',(61.7797778600214,-1.27,4.5));
#18277=CARTESIAN_POINT('',(60.1402221399786,-1.27,4.5));
#18278=VECTOR('',#18279,1.);
#18279=DIRECTION('',(1.,0.,0.));
#18280=CARTESIAN_POINT('',(62.08,-0.75,4.5));
#18281=CARTESIAN_POINT('',(61.7797778600214,-1.27,4.5));
#18282=VECTOR('',#18283,1.);
#18283=DIRECTION('',(0.500000000000003,0.866025403784437,0.));
#18284=CARTESIAN_POINT('',(62.38,-0.75,4.5));
#18285=CARTESIAN_POINT('',(62.08,-0.75,4.5));
#18286=VECTOR('',#18287,1.);
#18287=DIRECTION('',(1.,0.,0.));
#18288=CARTESIAN_POINT('',(62.6802221399786,-1.27,4.5));
#18289=CARTESIAN_POINT('',(62.38,-0.75,4.5));
#18290=VECTOR('',#18291,1.);
#18291=DIRECTION('',(0.500000000000003,-0.866025403784437,0.));
#18292=CARTESIAN_POINT('',(64.3197778600214,-1.27,4.5));
#18293=CARTESIAN_POINT('',(62.6802221399786,-1.27,4.5));
#18294=VECTOR('',#18295,1.);
#18295=DIRECTION('',(1.,0.,0.));
#18296=CARTESIAN_POINT('',(64.62,-0.75,4.5));
#18297=CARTESIAN_POINT('',(64.3197778600214,-1.27,4.5));
#18298=VECTOR('',#18299,1.);
#18299=DIRECTION('',(0.499999999999994,0.866025403784442,0.));
#18300=CARTESIAN_POINT('',(64.92,-0.75,4.5));
#18301=CARTESIAN_POINT('',(64.62,-0.75,4.5));
#18302=VECTOR('',#18303,1.);
#18303=DIRECTION('',(1.,0.,0.));
#18304=CARTESIAN_POINT('',(65.2202221399786,-1.27,4.5));
#18305=CARTESIAN_POINT('',(64.92,-0.75,4.5));
#18306=VECTOR('',#18307,1.);
#18307=DIRECTION('',(0.499999999999994,-0.866025403784442,0.));
#18308=CARTESIAN_POINT('',(66.8597778600214,-1.27,4.5));
#18309=CARTESIAN_POINT('',(65.2202221399786,-1.27,4.5));
#18310=VECTOR('',#18311,1.);
#18311=DIRECTION('',(1.,0.,0.));
#18312=CARTESIAN_POINT('',(67.16,-0.75,4.5));
#18313=CARTESIAN_POINT('',(66.8597778600214,-1.27,4.5));
#18314=VECTOR('',#18315,1.);
#18315=DIRECTION('',(0.499999999999994,0.866025403784442,0.));
#18316=CARTESIAN_POINT('',(67.46,-0.75,4.5));
#18317=CARTESIAN_POINT('',(67.16,-0.75,4.5));
#18318=VECTOR('',#18319,1.);
#18319=DIRECTION('',(1.,0.,0.));
#18320=CARTESIAN_POINT('',(67.7602221399786,-1.27,4.5));
#18321=CARTESIAN_POINT('',(67.46,-0.75,4.5));
#18322=VECTOR('',#18323,1.);
#18323=DIRECTION('',(0.499999999999994,-0.866025403784442,0.));
#18324=CARTESIAN_POINT('',(69.3997778600214,-1.27,4.5));
#18325=CARTESIAN_POINT('',(67.7602221399786,-1.27,4.5));
#18326=VECTOR('',#18327,1.);
#18327=DIRECTION('',(1.,0.,0.));
#18328=CARTESIAN_POINT('',(69.7,-0.75,4.5));
#18329=CARTESIAN_POINT('',(69.3997778600214,-1.27,4.5));
#18330=VECTOR('',#18331,1.);
#18331=DIRECTION('',(0.499999999999994,0.866025403784442,0.));
#18332=CARTESIAN_POINT('',(70.,-0.75,4.5));
#18333=CARTESIAN_POINT('',(69.7,-0.75,4.5));
#18334=VECTOR('',#18335,1.);
#18335=DIRECTION('',(1.,0.,0.));
#18336=CARTESIAN_POINT('',(70.3002221399786,-1.27,4.5));
#18337=CARTESIAN_POINT('',(70.,-0.75,4.5));
#18338=VECTOR('',#18339,1.);
#18339=DIRECTION('',(0.499999999999994,-0.866025403784442,0.));
#18340=CARTESIAN_POINT('',(71.9397778600214,-1.27,4.5));
#18341=CARTESIAN_POINT('',(70.3002221399786,-1.27,4.5));
#18342=VECTOR('',#18343,1.);
#18343=DIRECTION('',(1.,0.,0.));
#18344=CARTESIAN_POINT('',(72.24,-0.75,4.5));
#18345=CARTESIAN_POINT('',(71.9397778600214,-1.27,4.5));
#18346=VECTOR('',#18347,1.);
#18347=DIRECTION('',(0.499999999999994,0.866025403784442,0.));
#18348=CARTESIAN_POINT('',(72.54,-0.75,4.5));
#18349=CARTESIAN_POINT('',(72.24,-0.75,4.5));
#18350=VECTOR('',#18351,1.);
#18351=DIRECTION('',(1.,0.,0.));
#18352=CARTESIAN_POINT('',(72.8402221399786,-1.27,4.5));
#18353=CARTESIAN_POINT('',(72.54,-0.75,4.5));
#18354=VECTOR('',#18355,1.);
#18355=DIRECTION('',(0.499999999999994,-0.866025403784442,0.));
#18356=CARTESIAN_POINT('',(74.4797778600214,-1.27,4.5));
#18357=CARTESIAN_POINT('',(72.8402221399786,-1.27,4.5));
#18358=VECTOR('',#18359,1.);
#18359=DIRECTION('',(1.,0.,0.));
#18360=CARTESIAN_POINT('',(74.78,-0.75,4.5));
#18361=CARTESIAN_POINT('',(74.4797778600214,-1.27,4.5));
#18362=VECTOR('',#18363,1.);
#18363=DIRECTION('',(0.499999999999994,0.866025403784442,0.));
#18364=CARTESIAN_POINT('',(75.08,-0.75,4.5));
#18365=CARTESIAN_POINT('',(74.78,-0.75,4.5));
#18366=VECTOR('',#18367,1.);
#18367=DIRECTION('',(1.,0.,0.));
#18368=CARTESIAN_POINT('',(75.3802221399786,-1.27,4.5));
#18369=CARTESIAN_POINT('',(75.08,-0.75,4.5));
#18370=VECTOR('',#18371,1.);
#18371=DIRECTION('',(0.499999999999994,-0.866025403784442,0.));
#18372=CARTESIAN_POINT('',(77.0197778600214,-1.27,4.5));
#18373=CARTESIAN_POINT('',(75.3802221399786,-1.27,4.5));
#18374=VECTOR('',#18375,1.);
#18375=DIRECTION('',(1.,0.,0.));
#18376=CARTESIAN_POINT('',(77.32,-0.75,4.5));
#18377=CARTESIAN_POINT('',(77.0197778600214,-1.27,4.5));
#18378=VECTOR('',#18379,1.);
#18379=DIRECTION('',(0.499999999999994,0.866025403784442,0.));
#18380=CARTESIAN_POINT('',(77.62,-0.75,4.5));
#18381=CARTESIAN_POINT('',(77.32,-0.75,4.5));
#18382=VECTOR('',#18383,1.);
#18383=DIRECTION('',(1.,0.,0.));
#18384=CARTESIAN_POINT('',(77.9202221399786,-1.27,4.5));
#18385=CARTESIAN_POINT('',(77.62,-0.75,4.5));
#18386=VECTOR('',#18387,1.);
#18387=DIRECTION('',(0.499999999999994,-0.866025403784442,0.));
#18388=CARTESIAN_POINT('',(79.5597778600214,-1.27,4.5));
#18389=CARTESIAN_POINT('',(77.9202221399786,-1.27,4.5));
#18390=VECTOR('',#18391,1.);
#18391=DIRECTION('',(1.,0.,0.));
#18392=CARTESIAN_POINT('',(79.86,-0.75,4.5));
#18393=CARTESIAN_POINT('',(79.5597778600214,-1.27,4.5));
#18394=VECTOR('',#18395,1.);
#18395=DIRECTION('',(0.499999999999994,0.866025403784442,0.));
#18396=CARTESIAN_POINT('',(80.16,-0.75,4.5));
#18397=CARTESIAN_POINT('',(79.86,-0.75,4.5));
#18398=VECTOR('',#18399,1.);
#18399=DIRECTION('',(1.,0.,0.));
#18400=CARTESIAN_POINT('',(80.4602221399786,-1.27,4.5));
#18401=CARTESIAN_POINT('',(80.16,-0.75,4.5));
#18402=VECTOR('',#18403,1.);
#18403=DIRECTION('',(0.499999999999994,-0.866025403784442,0.));
#18404=CARTESIAN_POINT('',(82.0997778600214,-1.27,4.5));
#18405=CARTESIAN_POINT('',(80.4602221399786,-1.27,4.5));
#18406=VECTOR('',#18407,1.);
#18407=DIRECTION('',(1.,0.,0.));
#18408=CARTESIAN_POINT('',(82.4,-0.75,4.5));
#18409=CARTESIAN_POINT('',(82.0997778600214,-1.27,4.5));
#18410=VECTOR('',#18411,1.);
#18411=DIRECTION('',(0.499999999999994,0.866025403784442,0.));
#18412=CARTESIAN_POINT('',(82.55,-0.75,4.5));
#18413=CARTESIAN_POINT('',(82.4,-0.75,4.5));
#18414=VECTOR('',#18415,1.);
#18415=DIRECTION('',(1.,0.,0.));
#18416=CARTESIAN_POINT('',(82.55,0.75,4.5));
#18417=CARTESIAN_POINT('',(82.55,-0.75,4.5));
#18418=VECTOR('',#18419,1.);
#18419=DIRECTION('',(0.,1.,0.));
#18420=CARTESIAN_POINT('',(82.4,0.75,4.5));
#18421=CARTESIAN_POINT('',(82.55,0.75,4.5));
#18422=VECTOR('',#18423,1.);
#18423=DIRECTION('',(-1.,0.,0.));
#18424=CARTESIAN_POINT('',(82.0997778600214,1.27,4.5));
#18425=CARTESIAN_POINT('',(82.4,0.75,4.5));
#18426=VECTOR('',#18427,1.);
#18427=DIRECTION('',(-0.499999999999994,0.866025403784442,0.));
#18428=CARTESIAN_POINT('',(80.4602221399786,1.27,4.5));
#18429=CARTESIAN_POINT('',(82.0997778600214,1.27,4.5));
#18430=VECTOR('',#18431,1.);
#18431=DIRECTION('',(-1.,0.,0.));
#18432=CARTESIAN_POINT('',(80.16,0.75,4.5));
#18433=CARTESIAN_POINT('',(80.4602221399786,1.27,4.5));
#18434=VECTOR('',#18435,1.);
#18435=DIRECTION('',(-0.499999999999994,-0.866025403784442,0.));
#18436=CARTESIAN_POINT('',(79.86,0.75,4.5));
#18437=CARTESIAN_POINT('',(80.16,0.75,4.5));
#18438=VECTOR('',#18439,1.);
#18439=DIRECTION('',(-1.,0.,0.));
#18440=CARTESIAN_POINT('',(79.5597778600214,1.27,4.5));
#18441=CARTESIAN_POINT('',(79.86,0.75,4.5));
#18442=VECTOR('',#18443,1.);
#18443=DIRECTION('',(-0.499999999999994,0.866025403784442,0.));
#18444=CARTESIAN_POINT('',(77.9202221399786,1.27,4.5));
#18445=CARTESIAN_POINT('',(79.5597778600214,1.27,4.5));
#18446=VECTOR('',#18447,1.);
#18447=DIRECTION('',(-1.,0.,0.));
#18448=CARTESIAN_POINT('',(77.62,0.75,4.5));
#18449=CARTESIAN_POINT('',(77.9202221399786,1.27,4.5));
#18450=VECTOR('',#18451,1.);
#18451=DIRECTION('',(-0.499999999999994,-0.866025403784442,0.));
#18452=CARTESIAN_POINT('',(77.32,0.75,4.5));
#18453=CARTESIAN_POINT('',(77.62,0.75,4.5));
#18454=VECTOR('',#18455,1.);
#18455=DIRECTION('',(-1.,0.,0.));
#18456=CARTESIAN_POINT('',(77.0197778600214,1.27,4.5));
#18457=CARTESIAN_POINT('',(77.32,0.75,4.5));
#18458=VECTOR('',#18459,1.);
#18459=DIRECTION('',(-0.499999999999994,0.866025403784442,0.));
#18460=CARTESIAN_POINT('',(75.3802221399786,1.27,4.5));
#18461=CARTESIAN_POINT('',(77.0197778600214,1.27,4.5));
#18462=VECTOR('',#18463,1.);
#18463=DIRECTION('',(-1.,0.,0.));
#18464=CARTESIAN_POINT('',(75.08,0.75,4.5));
#18465=CARTESIAN_POINT('',(75.3802221399786,1.27,4.5));
#18466=VECTOR('',#18467,1.);
#18467=DIRECTION('',(-0.499999999999994,-0.866025403784442,0.));
#18468=CARTESIAN_POINT('',(74.78,0.75,4.5));
#18469=CARTESIAN_POINT('',(75.08,0.75,4.5));
#18470=VECTOR('',#18471,1.);
#18471=DIRECTION('',(-1.,0.,0.));
#18472=CARTESIAN_POINT('',(74.4797778600214,1.27,4.5));
#18473=CARTESIAN_POINT('',(74.78,0.75,4.5));
#18474=VECTOR('',#18475,1.);
#18475=DIRECTION('',(-0.499999999999994,0.866025403784442,0.));
#18476=CARTESIAN_POINT('',(72.8402221399786,1.27,4.5));
#18477=CARTESIAN_POINT('',(74.4797778600214,1.27,4.5));
#18478=VECTOR('',#18479,1.);
#18479=DIRECTION('',(-1.,0.,0.));
#18480=CARTESIAN_POINT('',(72.54,0.75,4.5));
#18481=CARTESIAN_POINT('',(72.8402221399786,1.27,4.5));
#18482=VECTOR('',#18483,1.);
#18483=DIRECTION('',(-0.499999999999994,-0.866025403784442,0.));
#18484=CARTESIAN_POINT('',(72.24,0.75,4.5));
#18485=CARTESIAN_POINT('',(72.54,0.75,4.5));
#18486=VECTOR('',#18487,1.);
#18487=DIRECTION('',(-1.,0.,0.));
#18488=CARTESIAN_POINT('',(71.9397778600214,1.27,4.5));
#18489=CARTESIAN_POINT('',(72.24,0.75,4.5));
#18490=VECTOR('',#18491,1.);
#18491=DIRECTION('',(-0.499999999999994,0.866025403784442,0.));
#18492=CARTESIAN_POINT('',(70.3002221399786,1.27,4.5));
#18493=CARTESIAN_POINT('',(71.9397778600214,1.27,4.5));
#18494=VECTOR('',#18495,1.);
#18495=DIRECTION('',(-1.,0.,0.));
#18496=CARTESIAN_POINT('',(70.,0.75,4.5));
#18497=CARTESIAN_POINT('',(70.3002221399786,1.27,4.5));
#18498=VECTOR('',#18499,1.);
#18499=DIRECTION('',(-0.499999999999994,-0.866025403784442,0.));
#18500=CARTESIAN_POINT('',(69.7,0.75,4.5));
#18501=CARTESIAN_POINT('',(70.,0.75,4.5));
#18502=VECTOR('',#18503,1.);
#18503=DIRECTION('',(-1.,0.,0.));
#18504=CARTESIAN_POINT('',(69.3997778600214,1.27,4.5));
#18505=CARTESIAN_POINT('',(69.7,0.75,4.5));
#18506=VECTOR('',#18507,1.);
#18507=DIRECTION('',(-0.499999999999994,0.866025403784442,0.));
#18508=CARTESIAN_POINT('',(67.7602221399786,1.27,4.5));
#18509=CARTESIAN_POINT('',(69.3997778600214,1.27,4.5));
#18510=VECTOR('',#18511,1.);
#18511=DIRECTION('',(-1.,0.,0.));
#18512=CARTESIAN_POINT('',(67.46,0.75,4.5));
#18513=CARTESIAN_POINT('',(67.7602221399786,1.27,4.5));
#18514=VECTOR('',#18515,1.);
#18515=DIRECTION('',(-0.499999999999994,-0.866025403784442,0.));
#18516=CARTESIAN_POINT('',(67.16,0.75,4.5));
#18517=CARTESIAN_POINT('',(67.46,0.75,4.5));
#18518=VECTOR('',#18519,1.);
#18519=DIRECTION('',(-1.,0.,0.));
#18520=CARTESIAN_POINT('',(66.8597778600214,1.27,4.5));
#18521=CARTESIAN_POINT('',(67.16,0.75,4.5));
#18522=VECTOR('',#18523,1.);
#18523=DIRECTION('',(-0.499999999999994,0.866025403784442,0.));
#18524=CARTESIAN_POINT('',(65.2202221399786,1.27,4.5));
#18525=CARTESIAN_POINT('',(66.8597778600214,1.27,4.5));
#18526=VECTOR('',#18527,1.);
#18527=DIRECTION('',(-1.,0.,0.));
#18528=CARTESIAN_POINT('',(64.92,0.75,4.5));
#18529=CARTESIAN_POINT('',(65.2202221399786,1.27,4.5));
#18530=VECTOR('',#18531,1.);
#18531=DIRECTION('',(-0.499999999999994,-0.866025403784442,0.));
#18532=CARTESIAN_POINT('',(64.62,0.75,4.5));
#18533=CARTESIAN_POINT('',(64.92,0.75,4.5));
#18534=VECTOR('',#18535,1.);
#18535=DIRECTION('',(-1.,0.,0.));
#18536=CARTESIAN_POINT('',(64.3197778600214,1.27,4.5));
#18537=CARTESIAN_POINT('',(64.62,0.75,4.5));
#18538=VECTOR('',#18539,1.);
#18539=DIRECTION('',(-0.499999999999994,0.866025403784442,0.));
#18540=CARTESIAN_POINT('',(62.6802221399786,1.27,4.5));
#18541=CARTESIAN_POINT('',(64.3197778600214,1.27,4.5));
#18542=VECTOR('',#18543,1.);
#18543=DIRECTION('',(-1.,0.,0.));
#18544=CARTESIAN_POINT('',(62.38,0.75,4.5));
#18545=CARTESIAN_POINT('',(62.6802221399786,1.27,4.5));
#18546=VECTOR('',#18547,1.);
#18547=DIRECTION('',(-0.500000000000003,-0.866025403784437,0.));
#18548=CARTESIAN_POINT('',(62.08,0.75,4.5));
#18549=CARTESIAN_POINT('',(62.38,0.75,4.5));
#18550=VECTOR('',#18551,1.);
#18551=DIRECTION('',(-1.,0.,0.));
#18552=CARTESIAN_POINT('',(61.7797778600214,1.27,4.5));
#18553=CARTESIAN_POINT('',(62.08,0.75,4.5));
#18554=VECTOR('',#18555,1.);
#18555=DIRECTION('',(-0.500000000000003,0.866025403784437,0.));
#18556=CARTESIAN_POINT('',(60.1402221399786,1.27,4.5));
#18557=CARTESIAN_POINT('',(61.7797778600214,1.27,4.5));
#18558=VECTOR('',#18559,1.);
#18559=DIRECTION('',(-1.,0.,0.));
#18560=CARTESIAN_POINT('',(59.84,0.75,4.5));
#18561=CARTESIAN_POINT('',(60.1402221399786,1.27,4.5));
#18562=VECTOR('',#18563,1.);
#18563=DIRECTION('',(-0.500000000000003,-0.866025403784437,0.));
#18564=CARTESIAN_POINT('',(59.54,0.75,4.5));
#18565=CARTESIAN_POINT('',(59.84,0.75,4.5));
#18566=VECTOR('',#18567,1.);
#18567=DIRECTION('',(-1.,0.,0.));
#18568=CARTESIAN_POINT('',(59.2397778600214,1.27,4.5));
#18569=CARTESIAN_POINT('',(59.54,0.75,4.5));
#18570=VECTOR('',#18571,1.);
#18571=DIRECTION('',(-0.500000000000003,0.866025403784437,0.));
#18572=CARTESIAN_POINT('',(57.6002221399786,1.27,4.5));
#18573=CARTESIAN_POINT('',(59.2397778600214,1.27,4.5));
#18574=VECTOR('',#18575,1.);
#18575=DIRECTION('',(-1.,0.,0.));
#18576=CARTESIAN_POINT('',(57.3,0.75,4.5));
#18577=CARTESIAN_POINT('',(57.6002221399786,1.27,4.5));
#18578=VECTOR('',#18579,1.);
#18579=DIRECTION('',(-0.500000000000003,-0.866025403784437,0.));
#18580=CARTESIAN_POINT('',(57.,0.75,4.5));
#18581=CARTESIAN_POINT('',(57.3,0.75,4.5));
#18582=VECTOR('',#18583,1.);
#18583=DIRECTION('',(-1.,0.,0.));
#18584=CARTESIAN_POINT('',(56.6997778600214,1.27,4.5));
#18585=CARTESIAN_POINT('',(57.,0.75,4.5));
#18586=VECTOR('',#18587,1.);
#18587=DIRECTION('',(-0.500000000000003,0.866025403784437,0.));
#18588=CARTESIAN_POINT('',(55.0602221399786,1.27,4.5));
#18589=CARTESIAN_POINT('',(56.6997778600214,1.27,4.5));
#18590=VECTOR('',#18591,1.);
#18591=DIRECTION('',(-1.,0.,0.));
#18592=CARTESIAN_POINT('',(54.76,0.75,4.5));
#18593=CARTESIAN_POINT('',(55.0602221399786,1.27,4.5));
#18594=VECTOR('',#18595,1.);
#18595=DIRECTION('',(-0.500000000000003,-0.866025403784437,0.));
#18596=CARTESIAN_POINT('',(54.46,0.75,4.5));
#18597=CARTESIAN_POINT('',(54.76,0.75,4.5));
#18598=VECTOR('',#18599,1.);
#18599=DIRECTION('',(-1.,0.,0.));
#18600=CARTESIAN_POINT('',(54.1597778600214,1.27,4.5));
#18601=CARTESIAN_POINT('',(54.46,0.75,4.5));
#18602=VECTOR('',#18603,1.);
#18603=DIRECTION('',(-0.500000000000003,0.866025403784437,0.));
#18604=CARTESIAN_POINT('',(52.5202221399786,1.27,4.5));
#18605=CARTESIAN_POINT('',(54.1597778600214,1.27,4.5));
#18606=VECTOR('',#18607,1.);
#18607=DIRECTION('',(-1.,0.,0.));
#18608=CARTESIAN_POINT('',(52.22,0.75,4.5));
#18609=CARTESIAN_POINT('',(52.5202221399786,1.27,4.5));
#18610=VECTOR('',#18611,1.);
#18611=DIRECTION('',(-0.500000000000003,-0.866025403784437,0.));
#18612=CARTESIAN_POINT('',(51.92,0.75,4.5));
#18613=CARTESIAN_POINT('',(52.22,0.75,4.5));
#18614=VECTOR('',#18615,1.);
#18615=DIRECTION('',(-1.,0.,0.));
#18616=CARTESIAN_POINT('',(51.6197778600214,1.27,4.5));
#18617=CARTESIAN_POINT('',(51.92,0.75,4.5));
#18618=VECTOR('',#18619,1.);
#18619=DIRECTION('',(-0.500000000000003,0.866025403784437,0.));
#18620=CARTESIAN_POINT('',(49.9802221399786,1.27,4.5));
#18621=CARTESIAN_POINT('',(51.6197778600214,1.27,4.5));
#18622=VECTOR('',#18623,1.);
#18623=DIRECTION('',(-1.,0.,0.));
#18624=CARTESIAN_POINT('',(49.68,0.75,4.5));
#18625=CARTESIAN_POINT('',(49.9802221399786,1.27,4.5));
#18626=VECTOR('',#18627,1.);
#18627=DIRECTION('',(-0.500000000000003,-0.866025403784437,0.));
#18628=CARTESIAN_POINT('',(49.38,0.75,4.5));
#18629=CARTESIAN_POINT('',(49.68,0.75,4.5));
#18630=VECTOR('',#18631,1.);
#18631=DIRECTION('',(-1.,0.,0.));
#18632=CARTESIAN_POINT('',(49.0797778600214,1.27,4.5));
#18633=CARTESIAN_POINT('',(49.38,0.75,4.5));
#18634=VECTOR('',#18635,1.);
#18635=DIRECTION('',(-0.500000000000003,0.866025403784437,0.));
#18636=CARTESIAN_POINT('',(47.4402221399786,1.27,4.5));
#18637=CARTESIAN_POINT('',(49.0797778600214,1.27,4.5));
#18638=VECTOR('',#18639,1.);
#18639=DIRECTION('',(-1.,0.,0.));
#18640=CARTESIAN_POINT('',(47.14,0.75,4.5));
#18641=CARTESIAN_POINT('',(47.4402221399786,1.27,4.5));
#18642=VECTOR('',#18643,1.);
#18643=DIRECTION('',(-0.500000000000003,-0.866025403784437,0.));
#18644=CARTESIAN_POINT('',(46.84,0.75,4.5));
#18645=CARTESIAN_POINT('',(47.14,0.75,4.5));
#18646=VECTOR('',#18647,1.);
#18647=DIRECTION('',(-1.,0.,0.));
#18648=CARTESIAN_POINT('',(46.5397778600214,1.27,4.5));
#18649=CARTESIAN_POINT('',(46.84,0.75,4.5));
#18650=VECTOR('',#18651,1.);
#18651=DIRECTION('',(-0.500000000000003,0.866025403784437,0.));
#18652=CARTESIAN_POINT('',(44.9002221399786,1.27,4.5));
#18653=CARTESIAN_POINT('',(46.5397778600214,1.27,4.5));
#18654=VECTOR('',#18655,1.);
#18655=DIRECTION('',(-1.,0.,0.));
#18656=CARTESIAN_POINT('',(44.6,0.75,4.5));
#18657=CARTESIAN_POINT('',(44.9002221399786,1.27,4.5));
#18658=VECTOR('',#18659,1.);
#18659=DIRECTION('',(-0.500000000000003,-0.866025403784437,0.));
#18660=CARTESIAN_POINT('',(44.3,0.75,4.5));
#18661=CARTESIAN_POINT('',(44.6,0.75,4.5));
#18662=VECTOR('',#18663,1.);
#18663=DIRECTION('',(-1.,0.,0.));
#18664=CARTESIAN_POINT('',(43.9997778600214,1.27,4.5));
#18665=CARTESIAN_POINT('',(44.3,0.75,4.5));
#18666=VECTOR('',#18667,1.);
#18667=DIRECTION('',(-0.500000000000003,0.866025403784437,0.));
#18668=CARTESIAN_POINT('',(42.3602221399786,1.27,4.5));
#18669=CARTESIAN_POINT('',(43.9997778600214,1.27,4.5));
#18670=VECTOR('',#18671,1.);
#18671=DIRECTION('',(-1.,0.,0.));
#18672=CARTESIAN_POINT('',(42.06,0.75,4.5));
#18673=CARTESIAN_POINT('',(42.3602221399786,1.27,4.5));
#18674=VECTOR('',#18675,1.);
#18675=DIRECTION('',(-0.500000000000003,-0.866025403784437,0.));
#18676=CARTESIAN_POINT('',(41.76,0.75,4.5));
#18677=CARTESIAN_POINT('',(42.06,0.75,4.5));
#18678=VECTOR('',#18679,1.);
#18679=DIRECTION('',(-1.,0.,0.));
#18680=CARTESIAN_POINT('',(41.4597778600214,1.27,4.5));
#18681=CARTESIAN_POINT('',(41.76,0.75,4.5));
#18682=VECTOR('',#18683,1.);
#18683=DIRECTION('',(-0.500000000000003,0.866025403784437,0.));
#18684=CARTESIAN_POINT('',(39.8202221399786,1.27,4.5));
#18685=CARTESIAN_POINT('',(41.4597778600214,1.27,4.5));
#18686=VECTOR('',#18687,1.);
#18687=DIRECTION('',(-1.,0.,0.));
#18688=CARTESIAN_POINT('',(39.52,0.75,4.5));
#18689=CARTESIAN_POINT('',(39.8202221399786,1.27,4.5));
#18690=VECTOR('',#18691,1.);
#18691=DIRECTION('',(-0.500000000000003,-0.866025403784437,0.));
#18692=CARTESIAN_POINT('',(39.22,0.75,4.5));
#18693=CARTESIAN_POINT('',(39.52,0.75,4.5));
#18694=VECTOR('',#18695,1.);
#18695=DIRECTION('',(-1.,0.,0.));
#18696=CARTESIAN_POINT('',(38.9197778600214,1.27,4.5));
#18697=CARTESIAN_POINT('',(39.22,0.75,4.5));
#18698=VECTOR('',#18699,1.);
#18699=DIRECTION('',(-0.500000000000003,0.866025403784437,0.));
#18700=CARTESIAN_POINT('',(37.2802221399786,1.27,4.5));
#18701=CARTESIAN_POINT('',(38.9197778600214,1.27,4.5));
#18702=VECTOR('',#18703,1.);
#18703=DIRECTION('',(-1.,0.,0.));
#18704=CARTESIAN_POINT('',(36.98,0.75,4.5));
#18705=CARTESIAN_POINT('',(37.2802221399786,1.27,4.5));
#18706=VECTOR('',#18707,1.);
#18707=DIRECTION('',(-0.500000000000003,-0.866025403784437,0.));
#18708=CARTESIAN_POINT('',(36.68,0.75,4.5));
#18709=CARTESIAN_POINT('',(36.98,0.75,4.5));
#18710=VECTOR('',#18711,1.);
#18711=DIRECTION('',(-1.,0.,0.));
#18712=CARTESIAN_POINT('',(36.3797778600214,1.27,4.5));
#18713=CARTESIAN_POINT('',(36.68,0.75,4.5));
#18714=VECTOR('',#18715,1.);
#18715=DIRECTION('',(-0.500000000000003,0.866025403784437,0.));
#18716=CARTESIAN_POINT('',(34.7402221399786,1.27,4.5));
#18717=CARTESIAN_POINT('',(36.3797778600214,1.27,4.5));
#18718=VECTOR('',#18719,1.);
#18719=DIRECTION('',(-1.,0.,0.));
#18720=CARTESIAN_POINT('',(34.44,0.75,4.5));
#18721=CARTESIAN_POINT('',(34.7402221399786,1.27,4.5));
#18722=VECTOR('',#18723,1.);
#18723=DIRECTION('',(-0.500000000000003,-0.866025403784437,0.));
#18724=CARTESIAN_POINT('',(34.14,0.75,4.5));
#18725=CARTESIAN_POINT('',(34.44,0.75,4.5));
#18726=VECTOR('',#18727,1.);
#18727=DIRECTION('',(-1.,0.,0.));
#18728=CARTESIAN_POINT('',(33.8397778600214,1.27,4.5));
#18729=CARTESIAN_POINT('',(34.14,0.75,4.5));
#18730=VECTOR('',#18731,1.);
#18731=DIRECTION('',(-0.500000000000003,0.866025403784437,0.));
#18732=CARTESIAN_POINT('',(32.2002221399786,1.27,4.5));
#18733=CARTESIAN_POINT('',(33.8397778600214,1.27,4.5));
#18734=VECTOR('',#18735,1.);
#18735=DIRECTION('',(-1.,0.,0.));
#18736=CARTESIAN_POINT('',(31.9,0.75,4.5));
#18737=CARTESIAN_POINT('',(32.2002221399786,1.27,4.5));
#18738=VECTOR('',#18739,1.);
#18739=DIRECTION('',(-0.499999999999999,-0.866025403784439,0.));
#18740=CARTESIAN_POINT('',(31.6,0.75,4.5));
#18741=CARTESIAN_POINT('',(31.9,0.75,4.5));
#18742=VECTOR('',#18743,1.);
#18743=DIRECTION('',(-1.,0.,0.));
#18744=CARTESIAN_POINT('',(31.2997778600214,1.27,4.5));
#18745=CARTESIAN_POINT('',(31.6,0.75,4.5));
#18746=VECTOR('',#18747,1.);
#18747=DIRECTION('',(-0.499999999999999,0.866025403784439,0.));
#18748=CARTESIAN_POINT('',(29.6602221399786,1.27,4.5));
#18749=CARTESIAN_POINT('',(31.2997778600214,1.27,4.5));
#18750=VECTOR('',#18751,1.);
#18751=DIRECTION('',(-1.,0.,0.));
#18752=CARTESIAN_POINT('',(29.36,0.75,4.5));
#18753=CARTESIAN_POINT('',(29.6602221399786,1.27,4.5));
#18754=VECTOR('',#18755,1.);
#18755=DIRECTION('',(-0.499999999999999,-0.866025403784439,0.));
#18756=CARTESIAN_POINT('',(29.06,0.75,4.5));
#18757=CARTESIAN_POINT('',(29.36,0.75,4.5));
#18758=VECTOR('',#18759,1.);
#18759=DIRECTION('',(-1.,0.,0.));
#18760=CARTESIAN_POINT('',(28.7597778600214,1.27,4.5));
#18761=CARTESIAN_POINT('',(29.06,0.75,4.5));
#18762=VECTOR('',#18763,1.);
#18763=DIRECTION('',(-0.499999999999999,0.866025403784439,0.));
#18764=CARTESIAN_POINT('',(27.1202221399786,1.27,4.5));
#18765=CARTESIAN_POINT('',(28.7597778600214,1.27,4.5));
#18766=VECTOR('',#18767,1.);
#18767=DIRECTION('',(-1.,0.,0.));
#18768=CARTESIAN_POINT('',(26.82,0.75,4.5));
#18769=CARTESIAN_POINT('',(27.1202221399786,1.27,4.5));
#18770=VECTOR('',#18771,1.);
#18771=DIRECTION('',(-0.499999999999999,-0.866025403784439,0.));
#18772=CARTESIAN_POINT('',(26.52,0.75,4.5));
#18773=CARTESIAN_POINT('',(26.82,0.75,4.5));
#18774=VECTOR('',#18775,1.);
#18775=DIRECTION('',(-1.,0.,0.));
#18776=CARTESIAN_POINT('',(26.2197778600214,1.27,4.5));
#18777=CARTESIAN_POINT('',(26.52,0.75,4.5));
#18778=VECTOR('',#18779,1.);
#18779=DIRECTION('',(-0.499999999999999,0.866025403784439,0.));
#18780=CARTESIAN_POINT('',(24.5802221399786,1.27,4.5));
#18781=CARTESIAN_POINT('',(26.2197778600214,1.27,4.5));
#18782=VECTOR('',#18783,1.);
#18783=DIRECTION('',(-1.,0.,0.));
#18784=CARTESIAN_POINT('',(24.28,0.75,4.5));
#18785=CARTESIAN_POINT('',(24.5802221399786,1.27,4.5));
#18786=VECTOR('',#18787,1.);
#18787=DIRECTION('',(-0.499999999999999,-0.866025403784439,0.));
#18788=CARTESIAN_POINT('',(23.98,0.75,4.5));
#18789=CARTESIAN_POINT('',(24.28,0.75,4.5));
#18790=VECTOR('',#18791,1.);
#18791=DIRECTION('',(-1.,0.,0.));
#18792=CARTESIAN_POINT('',(23.6797778600214,1.27,4.5));
#18793=CARTESIAN_POINT('',(23.98,0.75,4.5));
#18794=VECTOR('',#18795,1.);
#18795=DIRECTION('',(-0.499999999999999,0.866025403784439,0.));
#18796=CARTESIAN_POINT('',(22.0402221399786,1.27,4.5));
#18797=CARTESIAN_POINT('',(23.6797778600214,1.27,4.5));
#18798=VECTOR('',#18799,1.);
#18799=DIRECTION('',(-1.,0.,0.));
#18800=CARTESIAN_POINT('',(21.74,0.75,4.5));
#18801=CARTESIAN_POINT('',(22.0402221399786,1.27,4.5));
#18802=VECTOR('',#18803,1.);
#18803=DIRECTION('',(-0.499999999999999,-0.866025403784439,0.));
#18804=CARTESIAN_POINT('',(21.44,0.75,4.5));
#18805=CARTESIAN_POINT('',(21.74,0.75,4.5));
#18806=VECTOR('',#18807,1.);
#18807=DIRECTION('',(-1.,0.,0.));
#18808=CARTESIAN_POINT('',(21.1397778600214,1.27,4.5));
#18809=CARTESIAN_POINT('',(21.44,0.75,4.5));
#18810=VECTOR('',#18811,1.);
#18811=DIRECTION('',(-0.499999999999999,0.866025403784439,0.));
#18812=CARTESIAN_POINT('',(19.5002221399786,1.27,4.5));
#18813=CARTESIAN_POINT('',(21.1397778600214,1.27,4.5));
#18814=VECTOR('',#18815,1.);
#18815=DIRECTION('',(-1.,0.,0.));
#18816=CARTESIAN_POINT('',(19.2,0.75,4.5));
#18817=CARTESIAN_POINT('',(19.5002221399786,1.27,4.5));
#18818=VECTOR('',#18819,1.);
#18819=DIRECTION('',(-0.499999999999999,-0.866025403784439,0.));
#18820=CARTESIAN_POINT('',(18.9,0.75,4.5));
#18821=CARTESIAN_POINT('',(19.2,0.75,4.5));
#18822=VECTOR('',#18823,1.);
#18823=DIRECTION('',(-1.,0.,0.));
#18824=CARTESIAN_POINT('',(18.5997778600214,1.27,4.5));
#18825=CARTESIAN_POINT('',(18.9,0.75,4.5));
#18826=VECTOR('',#18827,1.);
#18827=DIRECTION('',(-0.499999999999999,0.866025403784439,0.));
#18828=CARTESIAN_POINT('',(16.9602221399786,1.27,4.5));
#18829=CARTESIAN_POINT('',(18.5997778600214,1.27,4.5));
#18830=VECTOR('',#18831,1.);
#18831=DIRECTION('',(-1.,0.,0.));
#18832=CARTESIAN_POINT('',(16.66,0.75,4.5));
#18833=CARTESIAN_POINT('',(16.9602221399786,1.27,4.5));
#18834=VECTOR('',#18835,1.);
#18835=DIRECTION('',(-0.499999999999999,-0.866025403784439,0.));
#18836=CARTESIAN_POINT('',(16.36,0.75,4.5));
#18837=CARTESIAN_POINT('',(16.66,0.75,4.5));
#18838=VECTOR('',#18839,1.);
#18839=DIRECTION('',(-1.,0.,0.));
#18840=CARTESIAN_POINT('',(16.0597778600214,1.27,4.5));
#18841=CARTESIAN_POINT('',(16.36,0.75,4.5));
#18842=VECTOR('',#18843,1.);
#18843=DIRECTION('',(-0.499999999999999,0.866025403784439,0.));
#18844=CARTESIAN_POINT('',(14.4202221399786,1.27,4.5));
#18845=CARTESIAN_POINT('',(16.0597778600214,1.27,4.5));
#18846=VECTOR('',#18847,1.);
#18847=DIRECTION('',(-1.,0.,0.));
#18848=CARTESIAN_POINT('',(14.12,0.75,4.5));
#18849=CARTESIAN_POINT('',(14.4202221399786,1.27,4.5));
#18850=VECTOR('',#18851,1.);
#18851=DIRECTION('',(-0.499999999999999,-0.866025403784439,0.));
#18852=CARTESIAN_POINT('',(13.82,0.75,4.5));
#18853=CARTESIAN_POINT('',(14.12,0.75,4.5));
#18854=VECTOR('',#18855,1.);
#18855=DIRECTION('',(-1.,0.,0.));
#18856=CARTESIAN_POINT('',(13.5197778600214,1.27,4.5));
#18857=CARTESIAN_POINT('',(13.82,0.75,4.5));
#18858=VECTOR('',#18859,1.);
#18859=DIRECTION('',(-0.500000000000001,0.866025403784438,0.));
#18860=CARTESIAN_POINT('',(11.8802221399786,1.27,4.5));
#18861=CARTESIAN_POINT('',(13.5197778600214,1.27,4.5));
#18862=VECTOR('',#18863,1.);
#18863=DIRECTION('',(-1.,0.,0.));
#18864=CARTESIAN_POINT('',(11.58,0.75,4.5));
#18865=CARTESIAN_POINT('',(11.8802221399786,1.27,4.5));
#18866=VECTOR('',#18867,1.);
#18867=DIRECTION('',(-0.499999999999999,-0.866025403784439,0.));
#18868=CARTESIAN_POINT('',(11.28,0.75,4.5));
#18869=CARTESIAN_POINT('',(11.58,0.75,4.5));
#18870=VECTOR('',#18871,1.);
#18871=DIRECTION('',(-1.,0.,0.));
#18872=CARTESIAN_POINT('',(10.9797778600214,1.27,4.5));
#18873=CARTESIAN_POINT('',(11.28,0.75,4.5));
#18874=VECTOR('',#18875,1.);
#18875=DIRECTION('',(-0.500000000000001,0.866025403784438,0.));
#18876=CARTESIAN_POINT('',(9.34022213997861,1.27,4.5));
#18877=CARTESIAN_POINT('',(10.9797778600214,1.27,4.5));
#18878=VECTOR('',#18879,1.);
#18879=DIRECTION('',(-1.,0.,0.));
#18880=CARTESIAN_POINT('',(9.04,0.75,4.5));
#18881=CARTESIAN_POINT('',(9.34022213997861,1.27,4.5));
#18882=VECTOR('',#18883,1.);
#18883=DIRECTION('',(-0.499999999999999,-0.866025403784439,0.));
#18884=CARTESIAN_POINT('',(8.74,0.75,4.5));
#18885=CARTESIAN_POINT('',(9.04,0.75,4.5));
#18886=VECTOR('',#18887,1.);
#18887=DIRECTION('',(-1.,0.,0.));
#18888=CARTESIAN_POINT('',(8.43977786002139,1.27,4.5));
#18889=CARTESIAN_POINT('',(8.74,0.75,4.5));
#18890=VECTOR('',#18891,1.);
#18891=DIRECTION('',(-0.500000000000001,0.866025403784438,0.));
#18892=CARTESIAN_POINT('',(6.80022213997861,1.27,4.5));
#18893=CARTESIAN_POINT('',(8.43977786002139,1.27,4.5));
#18894=VECTOR('',#18895,1.);
#18895=DIRECTION('',(-1.,0.,0.));
#18896=CARTESIAN_POINT('',(6.5,0.75,4.5));
#18897=CARTESIAN_POINT('',(6.80022213997861,1.27,4.5));
#18898=VECTOR('',#18899,1.);
#18899=DIRECTION('',(-0.5,-0.866025403784439,0.));
#18900=CARTESIAN_POINT('',(6.2,0.75,4.5));
#18901=CARTESIAN_POINT('',(6.5,0.75,4.5));
#18902=VECTOR('',#18903,1.);
#18903=DIRECTION('',(-1.,0.,0.));
#18904=CARTESIAN_POINT('',(5.89977786002139,1.27,4.5));
#18905=CARTESIAN_POINT('',(6.2,0.75,4.5));
#18906=VECTOR('',#18907,1.);
#18907=DIRECTION('',(-0.5,0.866025403784439,0.));
#18908=CARTESIAN_POINT('',(4.26022213997861,1.27,4.5));
#18909=CARTESIAN_POINT('',(5.89977786002139,1.27,4.5));
#18910=VECTOR('',#18911,1.);
#18911=DIRECTION('',(-1.,0.,0.));
#18912=CARTESIAN_POINT('',(3.96,0.75,4.5));
#18913=CARTESIAN_POINT('',(4.26022213997861,1.27,4.5));
#18914=VECTOR('',#18915,1.);
#18915=DIRECTION('',(-0.5,-0.866025403784439,0.));
#18916=CARTESIAN_POINT('',(3.66,0.75,4.5));
#18917=CARTESIAN_POINT('',(3.96,0.75,4.5));
#18918=VECTOR('',#18919,1.);
#18919=DIRECTION('',(-1.,0.,0.));
#18920=CARTESIAN_POINT('',(3.35977786002139,1.27,4.5));
#18921=CARTESIAN_POINT('',(3.66,0.75,4.5));
#18922=VECTOR('',#18923,1.);
#18923=DIRECTION('',(-0.5,0.866025403784439,0.));
#18924=CARTESIAN_POINT('',(1.72022213997861,1.27,4.5));
#18925=CARTESIAN_POINT('',(3.35977786002139,1.27,4.5));
#18926=VECTOR('',#18927,1.);
#18927=DIRECTION('',(-1.,0.,0.));
#18928=CARTESIAN_POINT('',(1.42,0.75,4.5));
#18929=CARTESIAN_POINT('',(1.72022213997861,1.27,4.5));
#18930=VECTOR('',#18931,1.);
#18931=DIRECTION('',(-0.5,-0.866025403784439,0.));
#18932=CARTESIAN_POINT('',(1.12,0.75,4.5));
#18933=CARTESIAN_POINT('',(1.42,0.75,4.5));
#18934=VECTOR('',#18935,1.);
#18935=DIRECTION('',(-1.,0.,0.));
#18936=CARTESIAN_POINT('',(0.819777860021394,1.27,4.5));
#18937=CARTESIAN_POINT('',(1.12,0.75,4.5));
#18938=VECTOR('',#18939,1.);
#18939=DIRECTION('',(-0.5,0.866025403784438,0.));
#18940=CARTESIAN_POINT('',(-0.819777860021395,1.27,4.5));
#18941=CARTESIAN_POINT('',(0.819777860021394,1.27,4.5));
#18942=VECTOR('',#18943,1.);
#18943=DIRECTION('',(-1.,0.,0.));
#18944=CARTESIAN_POINT('',(-1.12,0.75,4.5));
#18945=CARTESIAN_POINT('',(-0.819777860021395,1.27,4.5));
#18946=VECTOR('',#18947,1.);
#18947=DIRECTION('',(-0.5,-0.866025403784439,0.));
#18948=CARTESIAN_POINT('',(-1.27,0.75,4.5));
#18949=CARTESIAN_POINT('',(-1.12,0.75,4.5));
#18950=VECTOR('',#18951,1.);
#18951=DIRECTION('',(-1.,0.,0.));
#18952=CARTESIAN_POINT('',(-1.27,0.75,4.5));
#18953=VECTOR('',#18954,1.);
#18954=DIRECTION('',(0.,-1.,0.));
#18955=CARTESIAN_POINT('',(3.44,0.,4.5));
#18956=AXIS2_PLACEMENT_3D('',#18957,#18958,#18959);
#18957=CARTESIAN_POINT('',(2.54,0.,4.5));
#18958=DIRECTION('',(0.,0.,1.));
#18959=DIRECTION('',(1.,0.,0.));
#18960=CARTESIAN_POINT('',(5.98,0.,4.5));
#18961=AXIS2_PLACEMENT_3D('',#18962,#18963,#18964);
#18962=CARTESIAN_POINT('',(5.08,0.,4.5));
#18963=DIRECTION('',(0.,0.,1.));
#18964=DIRECTION('',(1.,0.,0.));
#18965=CARTESIAN_POINT('',(8.52,0.,4.5));
#18966=AXIS2_PLACEMENT_3D('',#18967,#18968,#18969);
#18967=CARTESIAN_POINT('',(7.62,0.,4.5));
#18968=DIRECTION('',(0.,0.,1.));
#18969=DIRECTION('',(1.,0.,0.));
#18970=CARTESIAN_POINT('',(11.06,0.,4.5));
#18971=AXIS2_PLACEMENT_3D('',#18972,#18973,#18974);
#18972=CARTESIAN_POINT('',(10.16,0.,4.5));
#18973=DIRECTION('',(0.,0.,1.));
#18974=DIRECTION('',(1.,0.,0.));
#18975=CARTESIAN_POINT('',(13.6,0.,4.5));
#18976=AXIS2_PLACEMENT_3D('',#18977,#18978,#18979);
#18977=CARTESIAN_POINT('',(12.7,0.,4.5));
#18978=DIRECTION('',(0.,0.,1.));
#18979=DIRECTION('',(1.,0.,0.));
#18980=CARTESIAN_POINT('',(16.14,0.,4.5));
#18981=AXIS2_PLACEMENT_3D('',#18982,#18983,#18984);
#18982=CARTESIAN_POINT('',(15.24,0.,4.5));
#18983=DIRECTION('',(0.,0.,1.));
#18984=DIRECTION('',(1.,0.,0.));
#18985=CARTESIAN_POINT('',(18.68,0.,4.5));
#18986=AXIS2_PLACEMENT_3D('',#18987,#18988,#18989);
#18987=CARTESIAN_POINT('',(17.78,0.,4.5));
#18988=DIRECTION('',(0.,0.,1.));
#18989=DIRECTION('',(1.,0.,0.));
#18990=CARTESIAN_POINT('',(21.22,0.,4.5));
#18991=AXIS2_PLACEMENT_3D('',#18992,#18993,#18994);
#18992=CARTESIAN_POINT('',(20.32,0.,4.5));
#18993=DIRECTION('',(0.,0.,1.));
#18994=DIRECTION('',(1.,0.,0.));
#18995=CARTESIAN_POINT('',(23.76,0.,4.5));
#18996=AXIS2_PLACEMENT_3D('',#18997,#18998,#18999);
#18997=CARTESIAN_POINT('',(22.86,0.,4.5));
#18998=DIRECTION('',(0.,0.,1.));
#18999=DIRECTION('',(1.,0.,0.));
#19000=CARTESIAN_POINT('',(26.3,0.,4.5));
#19001=AXIS2_PLACEMENT_3D('',#19002,#19003,#19004);
#19002=CARTESIAN_POINT('',(25.4,0.,4.5));
#19003=DIRECTION('',(0.,0.,1.));
#19004=DIRECTION('',(1.,0.,0.));
#19005=CARTESIAN_POINT('',(28.84,0.,4.5));
#19006=AXIS2_PLACEMENT_3D('',#19007,#19008,#19009);
#19007=CARTESIAN_POINT('',(27.94,0.,4.5));
#19008=DIRECTION('',(0.,0.,1.));
#19009=DIRECTION('',(1.,0.,0.));
#19010=CARTESIAN_POINT('',(31.38,0.,4.5));
#19011=AXIS2_PLACEMENT_3D('',#19012,#19013,#19014);
#19012=CARTESIAN_POINT('',(30.48,0.,4.5));
#19013=DIRECTION('',(0.,0.,1.));
#19014=DIRECTION('',(1.,0.,0.));
#19015=CARTESIAN_POINT('',(33.92,0.,4.5));
#19016=AXIS2_PLACEMENT_3D('',#19017,#19018,#19019);
#19017=CARTESIAN_POINT('',(33.02,0.,4.5));
#19018=DIRECTION('',(0.,0.,1.));
#19019=DIRECTION('',(1.,0.,0.));
#19020=CARTESIAN_POINT('',(36.46,0.,4.5));
#19021=AXIS2_PLACEMENT_3D('',#19022,#19023,#19024);
#19022=CARTESIAN_POINT('',(35.56,0.,4.5));
#19023=DIRECTION('',(0.,0.,1.));
#19024=DIRECTION('',(1.,0.,0.));
#19025=CARTESIAN_POINT('',(39.,0.,4.5));
#19026=AXIS2_PLACEMENT_3D('',#19027,#19028,#19029);
#19027=CARTESIAN_POINT('',(38.1,0.,4.5));
#19028=DIRECTION('',(0.,0.,1.));
#19029=DIRECTION('',(1.,0.,0.));
#19030=CARTESIAN_POINT('',(41.54,0.,4.5));
#19031=AXIS2_PLACEMENT_3D('',#19032,#19033,#19034);
#19032=CARTESIAN_POINT('',(40.64,0.,4.5));
#19033=DIRECTION('',(0.,0.,1.));
#19034=DIRECTION('',(1.,0.,0.));
#19035=CARTESIAN_POINT('',(44.08,0.,4.5));
#19036=AXIS2_PLACEMENT_3D('',#19037,#19038,#19039);
#19037=CARTESIAN_POINT('',(43.18,0.,4.5));
#19038=DIRECTION('',(0.,0.,1.));
#19039=DIRECTION('',(1.,0.,0.));
#19040=CARTESIAN_POINT('',(46.62,0.,4.5));
#19041=AXIS2_PLACEMENT_3D('',#19042,#19043,#19044);
#19042=CARTESIAN_POINT('',(45.72,0.,4.5));
#19043=DIRECTION('',(0.,0.,1.));
#19044=DIRECTION('',(1.,0.,0.));
#19045=CARTESIAN_POINT('',(49.16,0.,4.5));
#19046=AXIS2_PLACEMENT_3D('',#19047,#19048,#19049);
#19047=CARTESIAN_POINT('',(48.26,0.,4.5));
#19048=DIRECTION('',(0.,0.,1.));
#19049=DIRECTION('',(1.,0.,0.));
#19050=CARTESIAN_POINT('',(51.7,0.,4.5));
#19051=AXIS2_PLACEMENT_3D('',#19052,#19053,#19054);
#19052=CARTESIAN_POINT('',(50.8,0.,4.5));
#19053=DIRECTION('',(0.,0.,1.));
#19054=DIRECTION('',(1.,0.,0.));
#19055=CARTESIAN_POINT('',(54.24,0.,4.5));
#19056=AXIS2_PLACEMENT_3D('',#19057,#19058,#19059);
#19057=CARTESIAN_POINT('',(53.34,0.,4.5));
#19058=DIRECTION('',(0.,0.,1.));
#19059=DIRECTION('',(1.,0.,0.));
#19060=CARTESIAN_POINT('',(56.78,0.,4.5));
#19061=AXIS2_PLACEMENT_3D('',#19062,#19063,#19064);
#19062=CARTESIAN_POINT('',(55.88,0.,4.5));
#19063=DIRECTION('',(0.,0.,1.));
#19064=DIRECTION('',(1.,0.,0.));
#19065=CARTESIAN_POINT('',(59.32,0.,4.5));
#19066=AXIS2_PLACEMENT_3D('',#19067,#19068,#19069);
#19067=CARTESIAN_POINT('',(58.42,0.,4.5));
#19068=DIRECTION('',(0.,0.,1.));
#19069=DIRECTION('',(1.,0.,0.));
#19070=CARTESIAN_POINT('',(61.86,0.,4.5));
#19071=AXIS2_PLACEMENT_3D('',#19072,#19073,#19074);
#19072=CARTESIAN_POINT('',(60.96,0.,4.5));
#19073=DIRECTION('',(0.,0.,1.));
#19074=DIRECTION('',(1.,0.,0.));
#19075=CARTESIAN_POINT('',(64.4,0.,4.5));
#19076=AXIS2_PLACEMENT_3D('',#19077,#19078,#19079);
#19077=CARTESIAN_POINT('',(63.5,0.,4.5));
#19078=DIRECTION('',(0.,0.,1.));
#19079=DIRECTION('',(1.,0.,0.));
#19080=CARTESIAN_POINT('',(66.94,0.,4.5));
#19081=AXIS2_PLACEMENT_3D('',#19082,#19083,#19084);
#19082=CARTESIAN_POINT('',(66.04,0.,4.5));
#19083=DIRECTION('',(0.,0.,1.));
#19084=DIRECTION('',(1.,0.,0.));
#19085=CARTESIAN_POINT('',(69.48,0.,4.5));
#19086=AXIS2_PLACEMENT_3D('',#19087,#19088,#19089);
#19087=CARTESIAN_POINT('',(68.58,0.,4.5));
#19088=DIRECTION('',(0.,0.,1.));
#19089=DIRECTION('',(1.,0.,0.));
#19090=CARTESIAN_POINT('',(72.02,0.,4.5));
#19091=AXIS2_PLACEMENT_3D('',#19092,#19093,#19094);
#19092=CARTESIAN_POINT('',(71.12,0.,4.5));
#19093=DIRECTION('',(0.,0.,1.));
#19094=DIRECTION('',(1.,0.,0.));
#19095=CARTESIAN_POINT('',(74.56,0.,4.5));
#19096=AXIS2_PLACEMENT_3D('',#19097,#19098,#19099);
#19097=CARTESIAN_POINT('',(73.66,0.,4.5));
#19098=DIRECTION('',(0.,0.,1.));
#19099=DIRECTION('',(1.,0.,0.));
#19100=CARTESIAN_POINT('',(77.1,0.,4.5));
#19101=AXIS2_PLACEMENT_3D('',#19102,#19103,#19104);
#19102=CARTESIAN_POINT('',(76.2,0.,4.5));
#19103=DIRECTION('',(0.,0.,1.));
#19104=DIRECTION('',(1.,0.,0.));
#19105=CARTESIAN_POINT('',(79.64,0.,4.5));
#19106=AXIS2_PLACEMENT_3D('',#19107,#19108,#19109);
#19107=CARTESIAN_POINT('',(78.74,0.,4.5));
#19108=DIRECTION('',(0.,0.,1.));
#19109=DIRECTION('',(1.,0.,0.));
#19110=CARTESIAN_POINT('',(82.18,0.,4.5));
#19111=AXIS2_PLACEMENT_3D('',#19112,#19113,#19114);
#19112=CARTESIAN_POINT('',(81.28,0.,4.5));
#19113=DIRECTION('',(0.,0.,1.));
#19114=DIRECTION('',(1.,0.,0.));
#19115=CARTESIAN_POINT('',(0.9,0.,4.5));
#19116=AXIS2_PLACEMENT_3D('',#19117,#19118,#19119);
#19117=CARTESIAN_POINT('',(0.,0.,4.5));
#19118=DIRECTION('',(0.,0.,1.));
#19119=DIRECTION('',(1.,0.,0.));
#19120=CARTESIAN_POINT('',(82.18,0.,4.));
#19121=AXIS2_PLACEMENT_3D('',#19122,#19123,#19124);
#19122=CARTESIAN_POINT('',(81.28,0.,4.));
#19123=DIRECTION('',(0.,0.,1.));
#19124=DIRECTION('',(1.,0.,0.));
#19125=CARTESIAN_POINT('',(79.64,0.,4.));
#19126=AXIS2_PLACEMENT_3D('',#19127,#19128,#19129);
#19127=CARTESIAN_POINT('',(78.74,0.,4.));
#19128=DIRECTION('',(0.,0.,1.));
#19129=DIRECTION('',(1.,0.,0.));
#19130=CARTESIAN_POINT('',(77.1,0.,4.));
#19131=AXIS2_PLACEMENT_3D('',#19132,#19133,#19134);
#19132=CARTESIAN_POINT('',(76.2,0.,4.));
#19133=DIRECTION('',(0.,0.,1.));
#19134=DIRECTION('',(1.,0.,0.));
#19135=CARTESIAN_POINT('',(74.56,0.,4.));
#19136=AXIS2_PLACEMENT_3D('',#19137,#19138,#19139);
#19137=CARTESIAN_POINT('',(73.66,0.,4.));
#19138=DIRECTION('',(0.,0.,1.));
#19139=DIRECTION('',(1.,0.,0.));
#19140=CARTESIAN_POINT('',(72.02,0.,4.));
#19141=AXIS2_PLACEMENT_3D('',#19142,#19143,#19144);
#19142=CARTESIAN_POINT('',(71.12,0.,4.));
#19143=DIRECTION('',(0.,0.,1.));
#19144=DIRECTION('',(1.,0.,0.));
#19145=CARTESIAN_POINT('',(69.48,0.,4.));
#19146=AXIS2_PLACEMENT_3D('',#19147,#19148,#19149);
#19147=CARTESIAN_POINT('',(68.58,0.,4.));
#19148=DIRECTION('',(0.,0.,1.));
#19149=DIRECTION('',(1.,0.,0.));
#19150=CARTESIAN_POINT('',(66.94,0.,4.));
#19151=AXIS2_PLACEMENT_3D('',#19152,#19153,#19154);
#19152=CARTESIAN_POINT('',(66.04,0.,4.));
#19153=DIRECTION('',(0.,0.,1.));
#19154=DIRECTION('',(1.,0.,0.));
#19155=CARTESIAN_POINT('',(64.4,0.,4.));
#19156=AXIS2_PLACEMENT_3D('',#19157,#19158,#19159);
#19157=CARTESIAN_POINT('',(63.5,0.,4.));
#19158=DIRECTION('',(0.,0.,1.));
#19159=DIRECTION('',(1.,0.,0.));
#19160=CARTESIAN_POINT('',(61.86,0.,4.));
#19161=AXIS2_PLACEMENT_3D('',#19162,#19163,#19164);
#19162=CARTESIAN_POINT('',(60.96,0.,4.));
#19163=DIRECTION('',(0.,0.,1.));
#19164=DIRECTION('',(1.,0.,0.));
#19165=CARTESIAN_POINT('',(59.32,0.,4.));
#19166=AXIS2_PLACEMENT_3D('',#19167,#19168,#19169);
#19167=CARTESIAN_POINT('',(58.42,0.,4.));
#19168=DIRECTION('',(0.,0.,1.));
#19169=DIRECTION('',(1.,0.,0.));
#19170=CARTESIAN_POINT('',(56.78,0.,4.));
#19171=AXIS2_PLACEMENT_3D('',#19172,#19173,#19174);
#19172=CARTESIAN_POINT('',(55.88,0.,4.));
#19173=DIRECTION('',(0.,0.,1.));
#19174=DIRECTION('',(1.,0.,0.));
#19175=CARTESIAN_POINT('',(54.24,0.,4.));
#19176=AXIS2_PLACEMENT_3D('',#19177,#19178,#19179);
#19177=CARTESIAN_POINT('',(53.34,0.,4.));
#19178=DIRECTION('',(0.,0.,1.));
#19179=DIRECTION('',(1.,0.,0.));
#19180=CARTESIAN_POINT('',(51.7,0.,4.));
#19181=AXIS2_PLACEMENT_3D('',#19182,#19183,#19184);
#19182=CARTESIAN_POINT('',(50.8,0.,4.));
#19183=DIRECTION('',(0.,0.,1.));
#19184=DIRECTION('',(1.,0.,0.));
#19185=CARTESIAN_POINT('',(49.16,0.,4.));
#19186=AXIS2_PLACEMENT_3D('',#19187,#19188,#19189);
#19187=CARTESIAN_POINT('',(48.26,0.,4.));
#19188=DIRECTION('',(0.,0.,1.));
#19189=DIRECTION('',(1.,0.,0.));
#19190=CARTESIAN_POINT('',(46.62,0.,4.));
#19191=AXIS2_PLACEMENT_3D('',#19192,#19193,#19194);
#19192=CARTESIAN_POINT('',(45.72,0.,4.));
#19193=DIRECTION('',(0.,0.,1.));
#19194=DIRECTION('',(1.,0.,0.));
#19195=CARTESIAN_POINT('',(44.08,0.,4.));
#19196=AXIS2_PLACEMENT_3D('',#19197,#19198,#19199);
#19197=CARTESIAN_POINT('',(43.18,0.,4.));
#19198=DIRECTION('',(0.,0.,1.));
#19199=DIRECTION('',(1.,0.,0.));
#19200=CARTESIAN_POINT('',(41.54,0.,4.));
#19201=AXIS2_PLACEMENT_3D('',#19202,#19203,#19204);
#19202=CARTESIAN_POINT('',(40.64,0.,4.));
#19203=DIRECTION('',(0.,0.,1.));
#19204=DIRECTION('',(1.,0.,0.));
#19205=CARTESIAN_POINT('',(39.,0.,4.));
#19206=AXIS2_PLACEMENT_3D('',#19207,#19208,#19209);
#19207=CARTESIAN_POINT('',(38.1,0.,4.));
#19208=DIRECTION('',(0.,0.,1.));
#19209=DIRECTION('',(1.,0.,0.));
#19210=CARTESIAN_POINT('',(36.46,0.,4.));
#19211=AXIS2_PLACEMENT_3D('',#19212,#19213,#19214);
#19212=CARTESIAN_POINT('',(35.56,0.,4.));
#19213=DIRECTION('',(0.,0.,1.));
#19214=DIRECTION('',(1.,0.,0.));
#19215=CARTESIAN_POINT('',(33.92,0.,4.));
#19216=AXIS2_PLACEMENT_3D('',#19217,#19218,#19219);
#19217=CARTESIAN_POINT('',(33.02,0.,4.));
#19218=DIRECTION('',(0.,0.,1.));
#19219=DIRECTION('',(1.,0.,0.));
#19220=CARTESIAN_POINT('',(31.38,0.,4.));
#19221=AXIS2_PLACEMENT_3D('',#19222,#19223,#19224);
#19222=CARTESIAN_POINT('',(30.48,0.,4.));
#19223=DIRECTION('',(0.,0.,1.));
#19224=DIRECTION('',(1.,0.,0.));
#19225=CARTESIAN_POINT('',(28.84,0.,4.));
#19226=AXIS2_PLACEMENT_3D('',#19227,#19228,#19229);
#19227=CARTESIAN_POINT('',(27.94,0.,4.));
#19228=DIRECTION('',(0.,0.,1.));
#19229=DIRECTION('',(1.,0.,0.));
#19230=CARTESIAN_POINT('',(26.3,0.,4.));
#19231=AXIS2_PLACEMENT_3D('',#19232,#19233,#19234);
#19232=CARTESIAN_POINT('',(25.4,0.,4.));
#19233=DIRECTION('',(0.,0.,1.));
#19234=DIRECTION('',(1.,0.,0.));
#19235=CARTESIAN_POINT('',(23.76,0.,4.));
#19236=AXIS2_PLACEMENT_3D('',#19237,#19238,#19239);
#19237=CARTESIAN_POINT('',(22.86,0.,4.));
#19238=DIRECTION('',(0.,0.,1.));
#19239=DIRECTION('',(1.,0.,0.));
#19240=CARTESIAN_POINT('',(21.22,0.,4.));
#19241=AXIS2_PLACEMENT_3D('',#19242,#19243,#19244);
#19242=CARTESIAN_POINT('',(20.32,0.,4.));
#19243=DIRECTION('',(0.,0.,1.));
#19244=DIRECTION('',(1.,0.,0.));
#19245=CARTESIAN_POINT('',(18.68,0.,4.));
#19246=AXIS2_PLACEMENT_3D('',#19247,#19248,#19249);
#19247=CARTESIAN_POINT('',(17.78,0.,4.));
#19248=DIRECTION('',(0.,0.,1.));
#19249=DIRECTION('',(1.,0.,0.));
#19250=CARTESIAN_POINT('',(16.14,0.,4.));
#19251=AXIS2_PLACEMENT_3D('',#19252,#19253,#19254);
#19252=CARTESIAN_POINT('',(15.24,0.,4.));
#19253=DIRECTION('',(0.,0.,1.));
#19254=DIRECTION('',(1.,0.,0.));
#19255=CARTESIAN_POINT('',(13.6,0.,4.));
#19256=AXIS2_PLACEMENT_3D('',#19257,#19258,#19259);
#19257=CARTESIAN_POINT('',(12.7,0.,4.));
#19258=DIRECTION('',(0.,0.,1.));
#19259=DIRECTION('',(1.,0.,0.));
#19260=CARTESIAN_POINT('',(11.06,0.,4.));
#19261=AXIS2_PLACEMENT_3D('',#19262,#19263,#19264);
#19262=CARTESIAN_POINT('',(10.16,0.,4.));
#19263=DIRECTION('',(0.,0.,1.));
#19264=DIRECTION('',(1.,0.,0.));
#19265=CARTESIAN_POINT('',(8.52,0.,4.));
#19266=AXIS2_PLACEMENT_3D('',#19267,#19268,#19269);
#19267=CARTESIAN_POINT('',(7.62,0.,4.));
#19268=DIRECTION('',(0.,0.,1.));
#19269=DIRECTION('',(1.,0.,0.));
#19270=CARTESIAN_POINT('',(5.98,0.,4.));
#19271=AXIS2_PLACEMENT_3D('',#19272,#19273,#19274);
#19272=CARTESIAN_POINT('',(5.08,0.,4.));
#19273=DIRECTION('',(0.,0.,1.));
#19274=DIRECTION('',(1.,0.,0.));
#19275=CARTESIAN_POINT('',(3.44,0.,4.));
#19276=AXIS2_PLACEMENT_3D('',#19277,#19278,#19279);
#19277=CARTESIAN_POINT('',(2.54,0.,4.));
#19278=DIRECTION('',(0.,0.,1.));
#19279=DIRECTION('',(1.,0.,0.));
#19280=CARTESIAN_POINT('',(-1.27,0.75,1.5));
#19281=CARTESIAN_POINT('',(-1.27,-0.75,1.5));
#19282=CARTESIAN_POINT('',(-1.27,0.75,1.5));
#19283=VECTOR('',#19284,1.);
#19284=DIRECTION('',(0.,-1.,0.));
#19285=CARTESIAN_POINT('',(-1.12,0.75,1.5));
#19286=CARTESIAN_POINT('',(-1.12,0.75,1.5));
#19287=VECTOR('',#19288,1.);
#19288=DIRECTION('',(-1.,0.,0.));
#19289=CARTESIAN_POINT('',(-0.819777860021395,1.27,1.5));
#19290=CARTESIAN_POINT('',(-0.819777860021395,1.27,1.5));
#19291=VECTOR('',#19292,1.);
#19292=DIRECTION('',(-0.5,-0.866025403784439,0.));
#19293=CARTESIAN_POINT('',(0.819777860021394,1.27,1.5));
#19294=CARTESIAN_POINT('',(0.819777860021394,1.27,1.5));
#19295=VECTOR('',#19296,1.);
#19296=DIRECTION('',(-1.,0.,0.));
#19297=CARTESIAN_POINT('',(1.12,0.75,1.5));
#19298=CARTESIAN_POINT('',(1.12,0.75,1.5));
#19299=VECTOR('',#19300,1.);
#19300=DIRECTION('',(-0.5,0.866025403784438,0.));
#19301=CARTESIAN_POINT('',(1.42,0.75,1.5));
#19302=CARTESIAN_POINT('',(1.42,0.75,1.5));
#19303=VECTOR('',#19304,1.);
#19304=DIRECTION('',(-1.,0.,0.));
#19305=CARTESIAN_POINT('',(1.72022213997861,1.27,1.5));
#19306=CARTESIAN_POINT('',(1.72022213997861,1.27,1.5));
#19307=VECTOR('',#19308,1.);
#19308=DIRECTION('',(-0.5,-0.866025403784439,0.));
#19309=CARTESIAN_POINT('',(3.35977786002139,1.27,1.5));
#19310=CARTESIAN_POINT('',(3.35977786002139,1.27,1.5));
#19311=VECTOR('',#19312,1.);
#19312=DIRECTION('',(-1.,0.,0.));
#19313=CARTESIAN_POINT('',(3.66,0.75,1.5));
#19314=CARTESIAN_POINT('',(3.66,0.75,1.5));
#19315=VECTOR('',#19316,1.);
#19316=DIRECTION('',(-0.5,0.866025403784439,0.));
#19317=CARTESIAN_POINT('',(3.96,0.75,1.5));
#19318=CARTESIAN_POINT('',(3.96,0.75,1.5));
#19319=VECTOR('',#19320,1.);
#19320=DIRECTION('',(-1.,0.,0.));
#19321=CARTESIAN_POINT('',(4.26022213997861,1.27,1.5));
#19322=CARTESIAN_POINT('',(4.26022213997861,1.27,1.5));
#19323=VECTOR('',#19324,1.);
#19324=DIRECTION('',(-0.5,-0.866025403784439,0.));
#19325=CARTESIAN_POINT('',(5.89977786002139,1.27,1.5));
#19326=CARTESIAN_POINT('',(5.89977786002139,1.27,1.5));
#19327=VECTOR('',#19328,1.);
#19328=DIRECTION('',(-1.,0.,0.));
#19329=CARTESIAN_POINT('',(6.2,0.75,1.5));
#19330=CARTESIAN_POINT('',(6.2,0.75,1.5));
#19331=VECTOR('',#19332,1.);
#19332=DIRECTION('',(-0.5,0.866025403784439,0.));
#19333=CARTESIAN_POINT('',(6.5,0.75,1.5));
#19334=CARTESIAN_POINT('',(6.5,0.75,1.5));
#19335=VECTOR('',#19336,1.);
#19336=DIRECTION('',(-1.,0.,0.));
#19337=CARTESIAN_POINT('',(6.80022213997861,1.27,1.5));
#19338=CARTESIAN_POINT('',(6.80022213997861,1.27,1.5));
#19339=VECTOR('',#19340,1.);
#19340=DIRECTION('',(-0.5,-0.866025403784439,0.));
#19341=CARTESIAN_POINT('',(8.43977786002139,1.27,1.5));
#19342=CARTESIAN_POINT('',(8.43977786002139,1.27,1.5));
#19343=VECTOR('',#19344,1.);
#19344=DIRECTION('',(-1.,0.,0.));
#19345=CARTESIAN_POINT('',(8.74,0.75,1.5));
#19346=CARTESIAN_POINT('',(8.74,0.75,1.5));
#19347=VECTOR('',#19348,1.);
#19348=DIRECTION('',(-0.500000000000001,0.866025403784438,0.));
#19349=CARTESIAN_POINT('',(9.04,0.75,1.5));
#19350=CARTESIAN_POINT('',(9.04,0.75,1.5));
#19351=VECTOR('',#19352,1.);
#19352=DIRECTION('',(-1.,0.,0.));
#19353=CARTESIAN_POINT('',(9.34022213997861,1.27,1.5));
#19354=CARTESIAN_POINT('',(9.34022213997861,1.27,1.5));
#19355=VECTOR('',#19356,1.);
#19356=DIRECTION('',(-0.499999999999999,-0.866025403784439,0.));
#19357=CARTESIAN_POINT('',(10.9797778600214,1.27,1.5));
#19358=CARTESIAN_POINT('',(10.9797778600214,1.27,1.5));
#19359=VECTOR('',#19360,1.);
#19360=DIRECTION('',(-1.,0.,0.));
#19361=CARTESIAN_POINT('',(11.28,0.75,1.5));
#19362=CARTESIAN_POINT('',(11.28,0.75,1.5));
#19363=VECTOR('',#19364,1.);
#19364=DIRECTION('',(-0.500000000000001,0.866025403784438,0.));
#19365=CARTESIAN_POINT('',(11.58,0.75,1.5));
#19366=CARTESIAN_POINT('',(11.58,0.75,1.5));
#19367=VECTOR('',#19368,1.);
#19368=DIRECTION('',(-1.,0.,0.));
#19369=CARTESIAN_POINT('',(11.8802221399786,1.27,1.5));
#19370=CARTESIAN_POINT('',(11.8802221399786,1.27,1.5));
#19371=VECTOR('',#19372,1.);
#19372=DIRECTION('',(-0.499999999999999,-0.866025403784439,0.));
#19373=CARTESIAN_POINT('',(13.5197778600214,1.27,1.5));
#19374=CARTESIAN_POINT('',(13.5197778600214,1.27,1.5));
#19375=VECTOR('',#19376,1.);
#19376=DIRECTION('',(-1.,0.,0.));
#19377=CARTESIAN_POINT('',(13.82,0.75,1.5));
#19378=CARTESIAN_POINT('',(13.82,0.75,1.5));
#19379=VECTOR('',#19380,1.);
#19380=DIRECTION('',(-0.500000000000001,0.866025403784438,0.));
#19381=CARTESIAN_POINT('',(14.12,0.75,1.5));
#19382=CARTESIAN_POINT('',(14.12,0.75,1.5));
#19383=VECTOR('',#19384,1.);
#19384=DIRECTION('',(-1.,0.,0.));
#19385=CARTESIAN_POINT('',(14.4202221399786,1.27,1.5));
#19386=CARTESIAN_POINT('',(14.4202221399786,1.27,1.5));
#19387=VECTOR('',#19388,1.);
#19388=DIRECTION('',(-0.499999999999999,-0.866025403784439,0.));
#19389=CARTESIAN_POINT('',(16.0597778600214,1.27,1.5));
#19390=CARTESIAN_POINT('',(16.0597778600214,1.27,1.5));
#19391=VECTOR('',#19392,1.);
#19392=DIRECTION('',(-1.,0.,0.));
#19393=CARTESIAN_POINT('',(16.36,0.75,1.5));
#19394=CARTESIAN_POINT('',(16.36,0.75,1.5));
#19395=VECTOR('',#19396,1.);
#19396=DIRECTION('',(-0.499999999999999,0.866025403784439,0.));
#19397=CARTESIAN_POINT('',(16.66,0.75,1.5));
#19398=CARTESIAN_POINT('',(16.66,0.75,1.5));
#19399=VECTOR('',#19400,1.);
#19400=DIRECTION('',(-1.,0.,0.));
#19401=CARTESIAN_POINT('',(16.9602221399786,1.27,1.5));
#19402=CARTESIAN_POINT('',(16.9602221399786,1.27,1.5));
#19403=VECTOR('',#19404,1.);
#19404=DIRECTION('',(-0.499999999999999,-0.866025403784439,0.));
#19405=CARTESIAN_POINT('',(18.5997778600214,1.27,1.5));
#19406=CARTESIAN_POINT('',(18.5997778600214,1.27,1.5));
#19407=VECTOR('',#19408,1.);
#19408=DIRECTION('',(-1.,0.,0.));
#19409=CARTESIAN_POINT('',(18.9,0.75,1.5));
#19410=CARTESIAN_POINT('',(18.9,0.75,1.5));
#19411=VECTOR('',#19412,1.);
#19412=DIRECTION('',(-0.499999999999999,0.866025403784439,0.));
#19413=CARTESIAN_POINT('',(19.2,0.75,1.5));
#19414=CARTESIAN_POINT('',(19.2,0.75,1.5));
#19415=VECTOR('',#19416,1.);
#19416=DIRECTION('',(-1.,0.,0.));
#19417=CARTESIAN_POINT('',(19.5002221399786,1.27,1.5));
#19418=CARTESIAN_POINT('',(19.5002221399786,1.27,1.5));
#19419=VECTOR('',#19420,1.);
#19420=DIRECTION('',(-0.499999999999999,-0.866025403784439,0.));
#19421=CARTESIAN_POINT('',(21.1397778600214,1.27,1.5));
#19422=CARTESIAN_POINT('',(21.1397778600214,1.27,1.5));
#19423=VECTOR('',#19424,1.);
#19424=DIRECTION('',(-1.,0.,0.));
#19425=CARTESIAN_POINT('',(21.44,0.75,1.5));
#19426=CARTESIAN_POINT('',(21.44,0.75,1.5));
#19427=VECTOR('',#19428,1.);
#19428=DIRECTION('',(-0.499999999999999,0.866025403784439,0.));
#19429=CARTESIAN_POINT('',(21.74,0.75,1.5));
#19430=CARTESIAN_POINT('',(21.74,0.75,1.5));
#19431=VECTOR('',#19432,1.);
#19432=DIRECTION('',(-1.,0.,0.));
#19433=CARTESIAN_POINT('',(22.0402221399786,1.27,1.5));
#19434=CARTESIAN_POINT('',(22.0402221399786,1.27,1.5));
#19435=VECTOR('',#19436,1.);
#19436=DIRECTION('',(-0.499999999999999,-0.866025403784439,0.));
#19437=CARTESIAN_POINT('',(23.6797778600214,1.27,1.5));
#19438=CARTESIAN_POINT('',(23.6797778600214,1.27,1.5));
#19439=VECTOR('',#19440,1.);
#19440=DIRECTION('',(-1.,0.,0.));
#19441=CARTESIAN_POINT('',(23.98,0.75,1.5));
#19442=CARTESIAN_POINT('',(23.98,0.75,1.5));
#19443=VECTOR('',#19444,1.);
#19444=DIRECTION('',(-0.499999999999999,0.866025403784439,0.));
#19445=CARTESIAN_POINT('',(24.28,0.75,1.5));
#19446=CARTESIAN_POINT('',(24.28,0.75,1.5));
#19447=VECTOR('',#19448,1.);
#19448=DIRECTION('',(-1.,0.,0.));
#19449=CARTESIAN_POINT('',(24.5802221399786,1.27,1.5));
#19450=CARTESIAN_POINT('',(24.5802221399786,1.27,1.5));
#19451=VECTOR('',#19452,1.);
#19452=DIRECTION('',(-0.499999999999999,-0.866025403784439,0.));
#19453=CARTESIAN_POINT('',(26.2197778600214,1.27,1.5));
#19454=CARTESIAN_POINT('',(26.2197778600214,1.27,1.5));
#19455=VECTOR('',#19456,1.);
#19456=DIRECTION('',(-1.,0.,0.));
#19457=CARTESIAN_POINT('',(26.52,0.75,1.5));
#19458=CARTESIAN_POINT('',(26.52,0.75,1.5));
#19459=VECTOR('',#19460,1.);
#19460=DIRECTION('',(-0.499999999999999,0.866025403784439,0.));
#19461=CARTESIAN_POINT('',(26.82,0.75,1.5));
#19462=CARTESIAN_POINT('',(26.82,0.75,1.5));
#19463=VECTOR('',#19464,1.);
#19464=DIRECTION('',(-1.,0.,0.));
#19465=CARTESIAN_POINT('',(27.1202221399786,1.27,1.5));
#19466=CARTESIAN_POINT('',(27.1202221399786,1.27,1.5));
#19467=VECTOR('',#19468,1.);
#19468=DIRECTION('',(-0.499999999999999,-0.866025403784439,0.));
#19469=CARTESIAN_POINT('',(28.7597778600214,1.27,1.5));
#19470=CARTESIAN_POINT('',(28.7597778600214,1.27,1.5));
#19471=VECTOR('',#19472,1.);
#19472=DIRECTION('',(-1.,0.,0.));
#19473=CARTESIAN_POINT('',(29.06,0.75,1.5));
#19474=CARTESIAN_POINT('',(29.06,0.75,1.5));
#19475=VECTOR('',#19476,1.);
#19476=DIRECTION('',(-0.499999999999999,0.866025403784439,0.));
#19477=CARTESIAN_POINT('',(29.36,0.75,1.5));
#19478=CARTESIAN_POINT('',(29.36,0.75,1.5));
#19479=VECTOR('',#19480,1.);
#19480=DIRECTION('',(-1.,0.,0.));
#19481=CARTESIAN_POINT('',(29.6602221399786,1.27,1.5));
#19482=CARTESIAN_POINT('',(29.6602221399786,1.27,1.5));
#19483=VECTOR('',#19484,1.);
#19484=DIRECTION('',(-0.499999999999999,-0.866025403784439,0.));
#19485=CARTESIAN_POINT('',(31.2997778600214,1.27,1.5));
#19486=CARTESIAN_POINT('',(31.2997778600214,1.27,1.5));
#19487=VECTOR('',#19488,1.);
#19488=DIRECTION('',(-1.,0.,0.));
#19489=CARTESIAN_POINT('',(31.6,0.75,1.5));
#19490=CARTESIAN_POINT('',(31.6,0.75,1.5));
#19491=VECTOR('',#19492,1.);
#19492=DIRECTION('',(-0.499999999999999,0.866025403784439,0.));
#19493=CARTESIAN_POINT('',(31.9,0.75,1.5));
#19494=CARTESIAN_POINT('',(31.9,0.75,1.5));
#19495=VECTOR('',#19496,1.);
#19496=DIRECTION('',(-1.,0.,0.));
#19497=CARTESIAN_POINT('',(32.2002221399786,1.27,1.5));
#19498=CARTESIAN_POINT('',(32.2002221399786,1.27,1.5));
#19499=VECTOR('',#19500,1.);
#19500=DIRECTION('',(-0.499999999999999,-0.866025403784439,0.));
#19501=CARTESIAN_POINT('',(33.8397778600214,1.27,1.5));
#19502=CARTESIAN_POINT('',(33.8397778600214,1.27,1.5));
#19503=VECTOR('',#19504,1.);
#19504=DIRECTION('',(-1.,0.,0.));
#19505=CARTESIAN_POINT('',(34.14,0.75,1.5));
#19506=CARTESIAN_POINT('',(34.14,0.75,1.5));
#19507=VECTOR('',#19508,1.);
#19508=DIRECTION('',(-0.500000000000003,0.866025403784437,0.));
#19509=CARTESIAN_POINT('',(34.44,0.75,1.5));
#19510=CARTESIAN_POINT('',(34.44,0.75,1.5));
#19511=VECTOR('',#19512,1.);
#19512=DIRECTION('',(-1.,0.,0.));
#19513=CARTESIAN_POINT('',(34.7402221399786,1.27,1.5));
#19514=CARTESIAN_POINT('',(34.7402221399786,1.27,1.5));
#19515=VECTOR('',#19516,1.);
#19516=DIRECTION('',(-0.500000000000003,-0.866025403784437,0.));
#19517=CARTESIAN_POINT('',(36.3797778600214,1.27,1.5));
#19518=CARTESIAN_POINT('',(36.3797778600214,1.27,1.5));
#19519=VECTOR('',#19520,1.);
#19520=DIRECTION('',(-1.,0.,0.));
#19521=CARTESIAN_POINT('',(36.68,0.75,1.5));
#19522=CARTESIAN_POINT('',(36.68,0.75,1.5));
#19523=VECTOR('',#19524,1.);
#19524=DIRECTION('',(-0.500000000000003,0.866025403784437,0.));
#19525=CARTESIAN_POINT('',(36.98,0.75,1.5));
#19526=CARTESIAN_POINT('',(36.98,0.75,1.5));
#19527=VECTOR('',#19528,1.);
#19528=DIRECTION('',(-1.,0.,0.));
#19529=CARTESIAN_POINT('',(37.2802221399786,1.27,1.5));
#19530=CARTESIAN_POINT('',(37.2802221399786,1.27,1.5));
#19531=VECTOR('',#19532,1.);
#19532=DIRECTION('',(-0.500000000000003,-0.866025403784437,0.));
#19533=CARTESIAN_POINT('',(38.9197778600214,1.27,1.5));
#19534=CARTESIAN_POINT('',(38.9197778600214,1.27,1.5));
#19535=VECTOR('',#19536,1.);
#19536=DIRECTION('',(-1.,0.,0.));
#19537=CARTESIAN_POINT('',(39.22,0.75,1.5));
#19538=CARTESIAN_POINT('',(39.22,0.75,1.5));
#19539=VECTOR('',#19540,1.);
#19540=DIRECTION('',(-0.500000000000003,0.866025403784437,0.));
#19541=CARTESIAN_POINT('',(39.52,0.75,1.5));
#19542=CARTESIAN_POINT('',(39.52,0.75,1.5));
#19543=VECTOR('',#19544,1.);
#19544=DIRECTION('',(-1.,0.,0.));
#19545=CARTESIAN_POINT('',(39.8202221399786,1.27,1.5));
#19546=CARTESIAN_POINT('',(39.8202221399786,1.27,1.5));
#19547=VECTOR('',#19548,1.);
#19548=DIRECTION('',(-0.500000000000003,-0.866025403784437,0.));
#19549=CARTESIAN_POINT('',(41.4597778600214,1.27,1.5));
#19550=CARTESIAN_POINT('',(41.4597778600214,1.27,1.5));
#19551=VECTOR('',#19552,1.);
#19552=DIRECTION('',(-1.,0.,0.));
#19553=CARTESIAN_POINT('',(41.76,0.75,1.5));
#19554=CARTESIAN_POINT('',(41.76,0.75,1.5));
#19555=VECTOR('',#19556,1.);
#19556=DIRECTION('',(-0.500000000000003,0.866025403784437,0.));
#19557=CARTESIAN_POINT('',(42.06,0.75,1.5));
#19558=CARTESIAN_POINT('',(42.06,0.75,1.5));
#19559=VECTOR('',#19560,1.);
#19560=DIRECTION('',(-1.,0.,0.));
#19561=CARTESIAN_POINT('',(42.3602221399786,1.27,1.5));
#19562=CARTESIAN_POINT('',(42.3602221399786,1.27,1.5));
#19563=VECTOR('',#19564,1.);
#19564=DIRECTION('',(-0.500000000000003,-0.866025403784437,0.));
#19565=CARTESIAN_POINT('',(43.9997778600214,1.27,1.5));
#19566=CARTESIAN_POINT('',(43.9997778600214,1.27,1.5));
#19567=VECTOR('',#19568,1.);
#19568=DIRECTION('',(-1.,0.,0.));
#19569=CARTESIAN_POINT('',(44.3,0.75,1.5));
#19570=CARTESIAN_POINT('',(44.3,0.75,1.5));
#19571=VECTOR('',#19572,1.);
#19572=DIRECTION('',(-0.500000000000003,0.866025403784437,0.));
#19573=CARTESIAN_POINT('',(44.6,0.75,1.5));
#19574=CARTESIAN_POINT('',(44.6,0.75,1.5));
#19575=VECTOR('',#19576,1.);
#19576=DIRECTION('',(-1.,0.,0.));
#19577=CARTESIAN_POINT('',(44.9002221399786,1.27,1.5));
#19578=CARTESIAN_POINT('',(44.9002221399786,1.27,1.5));
#19579=VECTOR('',#19580,1.);
#19580=DIRECTION('',(-0.500000000000003,-0.866025403784437,0.));
#19581=CARTESIAN_POINT('',(46.5397778600214,1.27,1.5));
#19582=CARTESIAN_POINT('',(46.5397778600214,1.27,1.5));
#19583=VECTOR('',#19584,1.);
#19584=DIRECTION('',(-1.,0.,0.));
#19585=CARTESIAN_POINT('',(46.84,0.75,1.5));
#19586=CARTESIAN_POINT('',(46.84,0.75,1.5));
#19587=VECTOR('',#19588,1.);
#19588=DIRECTION('',(-0.500000000000003,0.866025403784437,0.));
#19589=CARTESIAN_POINT('',(47.14,0.75,1.5));
#19590=CARTESIAN_POINT('',(47.14,0.75,1.5));
#19591=VECTOR('',#19592,1.);
#19592=DIRECTION('',(-1.,0.,0.));
#19593=CARTESIAN_POINT('',(47.4402221399786,1.27,1.5));
#19594=CARTESIAN_POINT('',(47.4402221399786,1.27,1.5));
#19595=VECTOR('',#19596,1.);
#19596=DIRECTION('',(-0.500000000000003,-0.866025403784437,0.));
#19597=CARTESIAN_POINT('',(49.0797778600214,1.27,1.5));
#19598=CARTESIAN_POINT('',(49.0797778600214,1.27,1.5));
#19599=VECTOR('',#19600,1.);
#19600=DIRECTION('',(-1.,0.,0.));
#19601=CARTESIAN_POINT('',(49.38,0.75,1.5));
#19602=CARTESIAN_POINT('',(49.38,0.75,1.5));
#19603=VECTOR('',#19604,1.);
#19604=DIRECTION('',(-0.500000000000003,0.866025403784437,0.));
#19605=CARTESIAN_POINT('',(49.68,0.75,1.5));
#19606=CARTESIAN_POINT('',(49.68,0.75,1.5));
#19607=VECTOR('',#19608,1.);
#19608=DIRECTION('',(-1.,0.,0.));
#19609=CARTESIAN_POINT('',(49.9802221399786,1.27,1.5));
#19610=CARTESIAN_POINT('',(49.9802221399786,1.27,1.5));
#19611=VECTOR('',#19612,1.);
#19612=DIRECTION('',(-0.500000000000003,-0.866025403784437,0.));
#19613=CARTESIAN_POINT('',(51.6197778600214,1.27,1.5));
#19614=CARTESIAN_POINT('',(51.6197778600214,1.27,1.5));
#19615=VECTOR('',#19616,1.);
#19616=DIRECTION('',(-1.,0.,0.));
#19617=CARTESIAN_POINT('',(51.92,0.75,1.5));
#19618=CARTESIAN_POINT('',(51.92,0.75,1.5));
#19619=VECTOR('',#19620,1.);
#19620=DIRECTION('',(-0.500000000000003,0.866025403784437,0.));
#19621=CARTESIAN_POINT('',(52.22,0.75,1.5));
#19622=CARTESIAN_POINT('',(52.22,0.75,1.5));
#19623=VECTOR('',#19624,1.);
#19624=DIRECTION('',(-1.,0.,0.));
#19625=CARTESIAN_POINT('',(52.5202221399786,1.27,1.5));
#19626=CARTESIAN_POINT('',(52.5202221399786,1.27,1.5));
#19627=VECTOR('',#19628,1.);
#19628=DIRECTION('',(-0.500000000000003,-0.866025403784437,0.));
#19629=CARTESIAN_POINT('',(54.1597778600214,1.27,1.5));
#19630=CARTESIAN_POINT('',(54.1597778600214,1.27,1.5));
#19631=VECTOR('',#19632,1.);
#19632=DIRECTION('',(-1.,0.,0.));
#19633=CARTESIAN_POINT('',(54.46,0.75,1.5));
#19634=CARTESIAN_POINT('',(54.46,0.75,1.5));
#19635=VECTOR('',#19636,1.);
#19636=DIRECTION('',(-0.500000000000003,0.866025403784437,0.));
#19637=CARTESIAN_POINT('',(54.76,0.75,1.5));
#19638=CARTESIAN_POINT('',(54.76,0.75,1.5));
#19639=VECTOR('',#19640,1.);
#19640=DIRECTION('',(-1.,0.,0.));
#19641=CARTESIAN_POINT('',(55.0602221399786,1.27,1.5));
#19642=CARTESIAN_POINT('',(55.0602221399786,1.27,1.5));
#19643=VECTOR('',#19644,1.);
#19644=DIRECTION('',(-0.500000000000003,-0.866025403784437,0.));
#19645=CARTESIAN_POINT('',(56.6997778600214,1.27,1.5));
#19646=CARTESIAN_POINT('',(56.6997778600214,1.27,1.5));
#19647=VECTOR('',#19648,1.);
#19648=DIRECTION('',(-1.,0.,0.));
#19649=CARTESIAN_POINT('',(57.,0.75,1.5));
#19650=CARTESIAN_POINT('',(57.,0.75,1.5));
#19651=VECTOR('',#19652,1.);
#19652=DIRECTION('',(-0.500000000000003,0.866025403784437,0.));
#19653=CARTESIAN_POINT('',(57.3,0.75,1.5));
#19654=CARTESIAN_POINT('',(57.3,0.75,1.5));
#19655=VECTOR('',#19656,1.);
#19656=DIRECTION('',(-1.,0.,0.));
#19657=CARTESIAN_POINT('',(57.6002221399786,1.27,1.5));
#19658=CARTESIAN_POINT('',(57.6002221399786,1.27,1.5));
#19659=VECTOR('',#19660,1.);
#19660=DIRECTION('',(-0.500000000000003,-0.866025403784437,0.));
#19661=CARTESIAN_POINT('',(59.2397778600214,1.27,1.5));
#19662=CARTESIAN_POINT('',(59.2397778600214,1.27,1.5));
#19663=VECTOR('',#19664,1.);
#19664=DIRECTION('',(-1.,0.,0.));
#19665=CARTESIAN_POINT('',(59.54,0.75,1.5));
#19666=CARTESIAN_POINT('',(59.54,0.75,1.5));
#19667=VECTOR('',#19668,1.);
#19668=DIRECTION('',(-0.500000000000003,0.866025403784437,0.));
#19669=CARTESIAN_POINT('',(59.84,0.75,1.5));
#19670=CARTESIAN_POINT('',(59.84,0.75,1.5));
#19671=VECTOR('',#19672,1.);
#19672=DIRECTION('',(-1.,0.,0.));
#19673=CARTESIAN_POINT('',(60.1402221399786,1.27,1.5));
#19674=CARTESIAN_POINT('',(60.1402221399786,1.27,1.5));
#19675=VECTOR('',#19676,1.);
#19676=DIRECTION('',(-0.500000000000003,-0.866025403784437,0.));
#19677=CARTESIAN_POINT('',(61.7797778600214,1.27,1.5));
#19678=CARTESIAN_POINT('',(61.7797778600214,1.27,1.5));
#19679=VECTOR('',#19680,1.);
#19680=DIRECTION('',(-1.,0.,0.));
#19681=CARTESIAN_POINT('',(62.08,0.75,1.5));
#19682=CARTESIAN_POINT('',(62.08,0.75,1.5));
#19683=VECTOR('',#19684,1.);
#19684=DIRECTION('',(-0.500000000000003,0.866025403784437,0.));
#19685=CARTESIAN_POINT('',(62.38,0.75,1.5));
#19686=CARTESIAN_POINT('',(62.38,0.75,1.5));
#19687=VECTOR('',#19688,1.);
#19688=DIRECTION('',(-1.,0.,0.));
#19689=CARTESIAN_POINT('',(62.6802221399786,1.27,1.5));
#19690=CARTESIAN_POINT('',(62.6802221399786,1.27,1.5));
#19691=VECTOR('',#19692,1.);
#19692=DIRECTION('',(-0.500000000000003,-0.866025403784437,0.));
#19693=CARTESIAN_POINT('',(64.3197778600214,1.27,1.5));
#19694=CARTESIAN_POINT('',(64.3197778600214,1.27,1.5));
#19695=VECTOR('',#19696,1.);
#19696=DIRECTION('',(-1.,0.,0.));
#19697=CARTESIAN_POINT('',(64.62,0.75,1.5));
#19698=CARTESIAN_POINT('',(64.62,0.75,1.5));
#19699=VECTOR('',#19700,1.);
#19700=DIRECTION('',(-0.499999999999994,0.866025403784442,0.));
#19701=CARTESIAN_POINT('',(64.92,0.75,1.5));
#19702=CARTESIAN_POINT('',(64.92,0.75,1.5));
#19703=VECTOR('',#19704,1.);
#19704=DIRECTION('',(-1.,0.,0.));
#19705=CARTESIAN_POINT('',(65.2202221399786,1.27,1.5));
#19706=CARTESIAN_POINT('',(65.2202221399786,1.27,1.5));
#19707=VECTOR('',#19708,1.);
#19708=DIRECTION('',(-0.499999999999994,-0.866025403784442,0.));
#19709=CARTESIAN_POINT('',(66.8597778600214,1.27,1.5));
#19710=CARTESIAN_POINT('',(66.8597778600214,1.27,1.5));
#19711=VECTOR('',#19712,1.);
#19712=DIRECTION('',(-1.,0.,0.));
#19713=CARTESIAN_POINT('',(67.16,0.75,1.5));
#19714=CARTESIAN_POINT('',(67.16,0.75,1.5));
#19715=VECTOR('',#19716,1.);
#19716=DIRECTION('',(-0.499999999999994,0.866025403784442,0.));
#19717=CARTESIAN_POINT('',(67.46,0.75,1.5));
#19718=CARTESIAN_POINT('',(67.46,0.75,1.5));
#19719=VECTOR('',#19720,1.);
#19720=DIRECTION('',(-1.,0.,0.));
#19721=CARTESIAN_POINT('',(67.7602221399786,1.27,1.5));
#19722=CARTESIAN_POINT('',(67.7602221399786,1.27,1.5));
#19723=VECTOR('',#19724,1.);
#19724=DIRECTION('',(-0.499999999999994,-0.866025403784442,0.));
#19725=CARTESIAN_POINT('',(69.3997778600214,1.27,1.5));
#19726=CARTESIAN_POINT('',(69.3997778600214,1.27,1.5));
#19727=VECTOR('',#19728,1.);
#19728=DIRECTION('',(-1.,0.,0.));
#19729=CARTESIAN_POINT('',(69.7,0.75,1.5));
#19730=CARTESIAN_POINT('',(69.7,0.75,1.5));
#19731=VECTOR('',#19732,1.);
#19732=DIRECTION('',(-0.499999999999994,0.866025403784442,0.));
#19733=CARTESIAN_POINT('',(70.,0.75,1.5));
#19734=CARTESIAN_POINT('',(70.,0.75,1.5));
#19735=VECTOR('',#19736,1.);
#19736=DIRECTION('',(-1.,0.,0.));
#19737=CARTESIAN_POINT('',(70.3002221399786,1.27,1.5));
#19738=CARTESIAN_POINT('',(70.3002221399786,1.27,1.5));
#19739=VECTOR('',#19740,1.);
#19740=DIRECTION('',(-0.499999999999994,-0.866025403784442,0.));
#19741=CARTESIAN_POINT('',(71.9397778600214,1.27,1.5));
#19742=CARTESIAN_POINT('',(71.9397778600214,1.27,1.5));
#19743=VECTOR('',#19744,1.);
#19744=DIRECTION('',(-1.,0.,0.));
#19745=CARTESIAN_POINT('',(72.24,0.75,1.5));
#19746=CARTESIAN_POINT('',(72.24,0.75,1.5));
#19747=VECTOR('',#19748,1.);
#19748=DIRECTION('',(-0.499999999999994,0.866025403784442,0.));
#19749=CARTESIAN_POINT('',(72.54,0.75,1.5));
#19750=CARTESIAN_POINT('',(72.54,0.75,1.5));
#19751=VECTOR('',#19752,1.);
#19752=DIRECTION('',(-1.,0.,0.));
#19753=CARTESIAN_POINT('',(72.8402221399786,1.27,1.5));
#19754=CARTESIAN_POINT('',(72.8402221399786,1.27,1.5));
#19755=VECTOR('',#19756,1.);
#19756=DIRECTION('',(-0.499999999999994,-0.866025403784442,0.));
#19757=CARTESIAN_POINT('',(74.4797778600214,1.27,1.5));
#19758=CARTESIAN_POINT('',(74.4797778600214,1.27,1.5));
#19759=VECTOR('',#19760,1.);
#19760=DIRECTION('',(-1.,0.,0.));
#19761=CARTESIAN_POINT('',(74.78,0.75,1.5));
#19762=CARTESIAN_POINT('',(74.78,0.75,1.5));
#19763=VECTOR('',#19764,1.);
#19764=DIRECTION('',(-0.499999999999994,0.866025403784442,0.));
#19765=CARTESIAN_POINT('',(75.08,0.75,1.5));
#19766=CARTESIAN_POINT('',(75.08,0.75,1.5));
#19767=VECTOR('',#19768,1.);
#19768=DIRECTION('',(-1.,0.,0.));
#19769=CARTESIAN_POINT('',(75.3802221399786,1.27,1.5));
#19770=CARTESIAN_POINT('',(75.3802221399786,1.27,1.5));
#19771=VECTOR('',#19772,1.);
#19772=DIRECTION('',(-0.499999999999994,-0.866025403784442,0.));
#19773=CARTESIAN_POINT('',(77.0197778600214,1.27,1.5));
#19774=CARTESIAN_POINT('',(77.0197778600214,1.27,1.5));
#19775=VECTOR('',#19776,1.);
#19776=DIRECTION('',(-1.,0.,0.));
#19777=CARTESIAN_POINT('',(77.32,0.75,1.5));
#19778=CARTESIAN_POINT('',(77.32,0.75,1.5));
#19779=VECTOR('',#19780,1.);
#19780=DIRECTION('',(-0.499999999999994,0.866025403784442,0.));
#19781=CARTESIAN_POINT('',(77.62,0.75,1.5));
#19782=CARTESIAN_POINT('',(77.62,0.75,1.5));
#19783=VECTOR('',#19784,1.);
#19784=DIRECTION('',(-1.,0.,0.));
#19785=CARTESIAN_POINT('',(77.9202221399786,1.27,1.5));
#19786=CARTESIAN_POINT('',(77.9202221399786,1.27,1.5));
#19787=VECTOR('',#19788,1.);
#19788=DIRECTION('',(-0.499999999999994,-0.866025403784442,0.));
#19789=CARTESIAN_POINT('',(79.5597778600214,1.27,1.5));
#19790=CARTESIAN_POINT('',(79.5597778600214,1.27,1.5));
#19791=VECTOR('',#19792,1.);
#19792=DIRECTION('',(-1.,0.,0.));
#19793=CARTESIAN_POINT('',(79.86,0.75,1.5));
#19794=CARTESIAN_POINT('',(79.86,0.75,1.5));
#19795=VECTOR('',#19796,1.);
#19796=DIRECTION('',(-0.499999999999994,0.866025403784442,0.));
#19797=CARTESIAN_POINT('',(80.16,0.75,1.5));
#19798=CARTESIAN_POINT('',(80.16,0.75,1.5));
#19799=VECTOR('',#19800,1.);
#19800=DIRECTION('',(-1.,0.,0.));
#19801=CARTESIAN_POINT('',(80.4602221399786,1.27,1.5));
#19802=CARTESIAN_POINT('',(80.4602221399786,1.27,1.5));
#19803=VECTOR('',#19804,1.);
#19804=DIRECTION('',(-0.499999999999994,-0.866025403784442,0.));
#19805=CARTESIAN_POINT('',(82.0997778600214,1.27,1.5));
#19806=CARTESIAN_POINT('',(82.0997778600214,1.27,1.5));
#19807=VECTOR('',#19808,1.);
#19808=DIRECTION('',(-1.,0.,0.));
#19809=CARTESIAN_POINT('',(82.4,0.75,1.5));
#19810=CARTESIAN_POINT('',(82.4,0.75,1.5));
#19811=VECTOR('',#19812,1.);
#19812=DIRECTION('',(-0.499999999999994,0.866025403784442,0.));
#19813=CARTESIAN_POINT('',(82.55,0.75,1.5));
#19814=CARTESIAN_POINT('',(82.55,0.75,1.5));
#19815=VECTOR('',#19816,1.);
#19816=DIRECTION('',(-1.,0.,0.));
#19817=CARTESIAN_POINT('',(82.55,-0.75,1.5));
#19818=CARTESIAN_POINT('',(82.55,-0.75,1.5));
#19819=VECTOR('',#19820,1.);
#19820=DIRECTION('',(0.,1.,0.));
#19821=CARTESIAN_POINT('',(82.4,-0.75,1.5));
#19822=CARTESIAN_POINT('',(82.4,-0.75,1.5));
#19823=VECTOR('',#19824,1.);
#19824=DIRECTION('',(1.,0.,0.));
#19825=CARTESIAN_POINT('',(82.0997778600214,-1.27,1.5));
#19826=CARTESIAN_POINT('',(82.0997778600214,-1.27,1.5));
#19827=VECTOR('',#19828,1.);
#19828=DIRECTION('',(0.499999999999994,0.866025403784442,0.));
#19829=CARTESIAN_POINT('',(80.4602221399786,-1.27,1.5));
#19830=CARTESIAN_POINT('',(80.4602221399786,-1.27,1.5));
#19831=VECTOR('',#19832,1.);
#19832=DIRECTION('',(1.,0.,0.));
#19833=CARTESIAN_POINT('',(80.16,-0.75,1.5));
#19834=CARTESIAN_POINT('',(80.16,-0.75,1.5));
#19835=VECTOR('',#19836,1.);
#19836=DIRECTION('',(0.499999999999994,-0.866025403784442,0.));
#19837=CARTESIAN_POINT('',(79.86,-0.75,1.5));
#19838=CARTESIAN_POINT('',(79.86,-0.75,1.5));
#19839=VECTOR('',#19840,1.);
#19840=DIRECTION('',(1.,0.,0.));
#19841=CARTESIAN_POINT('',(79.5597778600214,-1.27,1.5));
#19842=CARTESIAN_POINT('',(79.5597778600214,-1.27,1.5));
#19843=VECTOR('',#19844,1.);
#19844=DIRECTION('',(0.499999999999994,0.866025403784442,0.));
#19845=CARTESIAN_POINT('',(77.9202221399786,-1.27,1.5));
#19846=CARTESIAN_POINT('',(77.9202221399786,-1.27,1.5));
#19847=VECTOR('',#19848,1.);
#19848=DIRECTION('',(1.,0.,0.));
#19849=CARTESIAN_POINT('',(77.62,-0.75,1.5));
#19850=CARTESIAN_POINT('',(77.62,-0.75,1.5));
#19851=VECTOR('',#19852,1.);
#19852=DIRECTION('',(0.499999999999994,-0.866025403784442,0.));
#19853=CARTESIAN_POINT('',(77.32,-0.75,1.5));
#19854=CARTESIAN_POINT('',(77.32,-0.75,1.5));
#19855=VECTOR('',#19856,1.);
#19856=DIRECTION('',(1.,0.,0.));
#19857=CARTESIAN_POINT('',(77.0197778600214,-1.27,1.5));
#19858=CARTESIAN_POINT('',(77.0197778600214,-1.27,1.5));
#19859=VECTOR('',#19860,1.);
#19860=DIRECTION('',(0.499999999999994,0.866025403784442,0.));
#19861=CARTESIAN_POINT('',(75.3802221399786,-1.27,1.5));
#19862=CARTESIAN_POINT('',(75.3802221399786,-1.27,1.5));
#19863=VECTOR('',#19864,1.);
#19864=DIRECTION('',(1.,0.,0.));
#19865=CARTESIAN_POINT('',(75.08,-0.75,1.5));
#19866=CARTESIAN_POINT('',(75.08,-0.75,1.5));
#19867=VECTOR('',#19868,1.);
#19868=DIRECTION('',(0.499999999999994,-0.866025403784442,0.));
#19869=CARTESIAN_POINT('',(74.78,-0.75,1.5));
#19870=CARTESIAN_POINT('',(74.78,-0.75,1.5));
#19871=VECTOR('',#19872,1.);
#19872=DIRECTION('',(1.,0.,0.));
#19873=CARTESIAN_POINT('',(74.4797778600214,-1.27,1.5));
#19874=CARTESIAN_POINT('',(74.4797778600214,-1.27,1.5));
#19875=VECTOR('',#19876,1.);
#19876=DIRECTION('',(0.499999999999994,0.866025403784442,0.));
#19877=CARTESIAN_POINT('',(72.8402221399786,-1.27,1.5));
#19878=CARTESIAN_POINT('',(72.8402221399786,-1.27,1.5));
#19879=VECTOR('',#19880,1.);
#19880=DIRECTION('',(1.,0.,0.));
#19881=CARTESIAN_POINT('',(72.54,-0.75,1.5));
#19882=CARTESIAN_POINT('',(72.54,-0.75,1.5));
#19883=VECTOR('',#19884,1.);
#19884=DIRECTION('',(0.499999999999994,-0.866025403784442,0.));
#19885=CARTESIAN_POINT('',(72.24,-0.75,1.5));
#19886=CARTESIAN_POINT('',(72.24,-0.75,1.5));
#19887=VECTOR('',#19888,1.);
#19888=DIRECTION('',(1.,0.,0.));
#19889=CARTESIAN_POINT('',(71.9397778600214,-1.27,1.5));
#19890=CARTESIAN_POINT('',(71.9397778600214,-1.27,1.5));
#19891=VECTOR('',#19892,1.);
#19892=DIRECTION('',(0.499999999999994,0.866025403784442,0.));
#19893=CARTESIAN_POINT('',(70.3002221399786,-1.27,1.5));
#19894=CARTESIAN_POINT('',(70.3002221399786,-1.27,1.5));
#19895=VECTOR('',#19896,1.);
#19896=DIRECTION('',(1.,0.,0.));
#19897=CARTESIAN_POINT('',(70.,-0.75,1.5));
#19898=CARTESIAN_POINT('',(70.,-0.75,1.5));
#19899=VECTOR('',#19900,1.);
#19900=DIRECTION('',(0.499999999999994,-0.866025403784442,0.));
#19901=CARTESIAN_POINT('',(69.7,-0.75,1.5));
#19902=CARTESIAN_POINT('',(69.7,-0.75,1.5));
#19903=VECTOR('',#19904,1.);
#19904=DIRECTION('',(1.,0.,0.));
#19905=CARTESIAN_POINT('',(69.3997778600214,-1.27,1.5));
#19906=CARTESIAN_POINT('',(69.3997778600214,-1.27,1.5));
#19907=VECTOR('',#19908,1.);
#19908=DIRECTION('',(0.499999999999994,0.866025403784442,0.));
#19909=CARTESIAN_POINT('',(67.7602221399786,-1.27,1.5));
#19910=CARTESIAN_POINT('',(67.7602221399786,-1.27,1.5));
#19911=VECTOR('',#19912,1.);
#19912=DIRECTION('',(1.,0.,0.));
#19913=CARTESIAN_POINT('',(67.46,-0.75,1.5));
#19914=CARTESIAN_POINT('',(67.46,-0.75,1.5));
#19915=VECTOR('',#19916,1.);
#19916=DIRECTION('',(0.499999999999994,-0.866025403784442,0.));
#19917=CARTESIAN_POINT('',(67.16,-0.75,1.5));
#19918=CARTESIAN_POINT('',(67.16,-0.75,1.5));
#19919=VECTOR('',#19920,1.);
#19920=DIRECTION('',(1.,0.,0.));
#19921=CARTESIAN_POINT('',(66.8597778600214,-1.27,1.5));
#19922=CARTESIAN_POINT('',(66.8597778600214,-1.27,1.5));
#19923=VECTOR('',#19924,1.);
#19924=DIRECTION('',(0.499999999999994,0.866025403784442,0.));
#19925=CARTESIAN_POINT('',(65.2202221399786,-1.27,1.5));
#19926=CARTESIAN_POINT('',(65.2202221399786,-1.27,1.5));
#19927=VECTOR('',#19928,1.);
#19928=DIRECTION('',(1.,0.,0.));
#19929=CARTESIAN_POINT('',(64.92,-0.75,1.5));
#19930=CARTESIAN_POINT('',(64.92,-0.75,1.5));
#19931=VECTOR('',#19932,1.);
#19932=DIRECTION('',(0.499999999999994,-0.866025403784442,0.));
#19933=CARTESIAN_POINT('',(64.62,-0.75,1.5));
#19934=CARTESIAN_POINT('',(64.62,-0.75,1.5));
#19935=VECTOR('',#19936,1.);
#19936=DIRECTION('',(1.,0.,0.));
#19937=CARTESIAN_POINT('',(64.3197778600214,-1.27,1.5));
#19938=CARTESIAN_POINT('',(64.3197778600214,-1.27,1.5));
#19939=VECTOR('',#19940,1.);
#19940=DIRECTION('',(0.499999999999994,0.866025403784442,0.));
#19941=CARTESIAN_POINT('',(62.6802221399786,-1.27,1.5));
#19942=CARTESIAN_POINT('',(62.6802221399786,-1.27,1.5));
#19943=VECTOR('',#19944,1.);
#19944=DIRECTION('',(1.,0.,0.));
#19945=CARTESIAN_POINT('',(62.38,-0.75,1.5));
#19946=CARTESIAN_POINT('',(62.38,-0.75,1.5));
#19947=VECTOR('',#19948,1.);
#19948=DIRECTION('',(0.500000000000003,-0.866025403784437,0.));
#19949=CARTESIAN_POINT('',(62.08,-0.75,1.5));
#19950=CARTESIAN_POINT('',(62.08,-0.75,1.5));
#19951=VECTOR('',#19952,1.);
#19952=DIRECTION('',(1.,0.,0.));
#19953=CARTESIAN_POINT('',(61.7797778600214,-1.27,1.5));
#19954=CARTESIAN_POINT('',(61.7797778600214,-1.27,1.5));
#19955=VECTOR('',#19956,1.);
#19956=DIRECTION('',(0.500000000000003,0.866025403784437,0.));
#19957=CARTESIAN_POINT('',(60.1402221399786,-1.27,1.5));
#19958=CARTESIAN_POINT('',(60.1402221399786,-1.27,1.5));
#19959=VECTOR('',#19960,1.);
#19960=DIRECTION('',(1.,0.,0.));
#19961=CARTESIAN_POINT('',(59.84,-0.75,1.5));
#19962=CARTESIAN_POINT('',(59.84,-0.75,1.5));
#19963=VECTOR('',#19964,1.);
#19964=DIRECTION('',(0.500000000000003,-0.866025403784437,0.));
#19965=CARTESIAN_POINT('',(59.54,-0.75,1.5));
#19966=CARTESIAN_POINT('',(59.54,-0.75,1.5));
#19967=VECTOR('',#19968,1.);
#19968=DIRECTION('',(1.,0.,0.));
#19969=CARTESIAN_POINT('',(59.2397778600214,-1.27,1.5));
#19970=CARTESIAN_POINT('',(59.2397778600214,-1.27,1.5));
#19971=VECTOR('',#19972,1.);
#19972=DIRECTION('',(0.500000000000003,0.866025403784437,0.));
#19973=CARTESIAN_POINT('',(57.6002221399786,-1.27,1.5));
#19974=CARTESIAN_POINT('',(57.6002221399786,-1.27,1.5));
#19975=VECTOR('',#19976,1.);
#19976=DIRECTION('',(1.,0.,0.));
#19977=CARTESIAN_POINT('',(57.3,-0.75,1.5));
#19978=CARTESIAN_POINT('',(57.3,-0.75,1.5));
#19979=VECTOR('',#19980,1.);
#19980=DIRECTION('',(0.500000000000003,-0.866025403784437,0.));
#19981=CARTESIAN_POINT('',(57.,-0.75,1.5));
#19982=CARTESIAN_POINT('',(57.,-0.75,1.5));
#19983=VECTOR('',#19984,1.);
#19984=DIRECTION('',(1.,0.,0.));
#19985=CARTESIAN_POINT('',(56.6997778600214,-1.27,1.5));
#19986=CARTESIAN_POINT('',(56.6997778600214,-1.27,1.5));
#19987=VECTOR('',#19988,1.);
#19988=DIRECTION('',(0.500000000000003,0.866025403784437,0.));
#19989=CARTESIAN_POINT('',(55.0602221399786,-1.27,1.5));
#19990=CARTESIAN_POINT('',(55.0602221399786,-1.27,1.5));
#19991=VECTOR('',#19992,1.);
#19992=DIRECTION('',(1.,0.,0.));
#19993=CARTESIAN_POINT('',(54.76,-0.75,1.5));
#19994=CARTESIAN_POINT('',(54.76,-0.75,1.5));
#19995=VECTOR('',#19996,1.);
#19996=DIRECTION('',(0.500000000000003,-0.866025403784437,0.));
#19997=CARTESIAN_POINT('',(54.46,-0.75,1.5));
#19998=CARTESIAN_POINT('',(54.46,-0.75,1.5));
#19999=VECTOR('',#20000,1.);
#20000=DIRECTION('',(1.,0.,0.));
#20001=CARTESIAN_POINT('',(54.1597778600214,-1.27,1.5));
#20002=CARTESIAN_POINT('',(54.1597778600214,-1.27,1.5));
#20003=VECTOR('',#20004,1.);
#20004=DIRECTION('',(0.500000000000003,0.866025403784437,0.));
#20005=CARTESIAN_POINT('',(52.5202221399786,-1.27,1.5));
#20006=CARTESIAN_POINT('',(52.5202221399786,-1.27,1.5));
#20007=VECTOR('',#20008,1.);
#20008=DIRECTION('',(1.,0.,0.));
#20009=CARTESIAN_POINT('',(52.22,-0.75,1.5));
#20010=CARTESIAN_POINT('',(52.22,-0.75,1.5));
#20011=VECTOR('',#20012,1.);
#20012=DIRECTION('',(0.500000000000003,-0.866025403784437,0.));
#20013=CARTESIAN_POINT('',(51.92,-0.75,1.5));
#20014=CARTESIAN_POINT('',(51.92,-0.75,1.5));
#20015=VECTOR('',#20016,1.);
#20016=DIRECTION('',(1.,0.,0.));
#20017=CARTESIAN_POINT('',(51.6197778600214,-1.27,1.5));
#20018=CARTESIAN_POINT('',(51.6197778600214,-1.27,1.5));
#20019=VECTOR('',#20020,1.);
#20020=DIRECTION('',(0.500000000000003,0.866025403784437,0.));
#20021=CARTESIAN_POINT('',(49.9802221399786,-1.27,1.5));
#20022=CARTESIAN_POINT('',(49.9802221399786,-1.27,1.5));
#20023=VECTOR('',#20024,1.);
#20024=DIRECTION('',(1.,0.,0.));
#20025=CARTESIAN_POINT('',(49.68,-0.75,1.5));
#20026=CARTESIAN_POINT('',(49.68,-0.75,1.5));
#20027=VECTOR('',#20028,1.);
#20028=DIRECTION('',(0.500000000000003,-0.866025403784437,0.));
#20029=CARTESIAN_POINT('',(49.38,-0.75,1.5));
#20030=CARTESIAN_POINT('',(49.38,-0.75,1.5));
#20031=VECTOR('',#20032,1.);
#20032=DIRECTION('',(1.,0.,0.));
#20033=CARTESIAN_POINT('',(49.0797778600214,-1.27,1.5));
#20034=CARTESIAN_POINT('',(49.0797778600214,-1.27,1.5));
#20035=VECTOR('',#20036,1.);
#20036=DIRECTION('',(0.500000000000003,0.866025403784437,0.));
#20037=CARTESIAN_POINT('',(47.4402221399786,-1.27,1.5));
#20038=CARTESIAN_POINT('',(47.4402221399786,-1.27,1.5));
#20039=VECTOR('',#20040,1.);
#20040=DIRECTION('',(1.,0.,0.));
#20041=CARTESIAN_POINT('',(47.14,-0.75,1.5));
#20042=CARTESIAN_POINT('',(47.14,-0.75,1.5));
#20043=VECTOR('',#20044,1.);
#20044=DIRECTION('',(0.500000000000003,-0.866025403784437,0.));
#20045=CARTESIAN_POINT('',(46.84,-0.75,1.5));
#20046=CARTESIAN_POINT('',(46.84,-0.75,1.5));
#20047=VECTOR('',#20048,1.);
#20048=DIRECTION('',(1.,0.,0.));
#20049=CARTESIAN_POINT('',(46.5397778600214,-1.27,1.5));
#20050=CARTESIAN_POINT('',(46.5397778600214,-1.27,1.5));
#20051=VECTOR('',#20052,1.);
#20052=DIRECTION('',(0.500000000000003,0.866025403784437,0.));
#20053=CARTESIAN_POINT('',(44.9002221399786,-1.27,1.5));
#20054=CARTESIAN_POINT('',(44.9002221399786,-1.27,1.5));
#20055=VECTOR('',#20056,1.);
#20056=DIRECTION('',(1.,0.,0.));
#20057=CARTESIAN_POINT('',(44.6,-0.75,1.5));
#20058=CARTESIAN_POINT('',(44.6,-0.75,1.5));
#20059=VECTOR('',#20060,1.);
#20060=DIRECTION('',(0.500000000000003,-0.866025403784437,0.));
#20061=CARTESIAN_POINT('',(44.3,-0.75,1.5));
#20062=CARTESIAN_POINT('',(44.3,-0.75,1.5));
#20063=VECTOR('',#20064,1.);
#20064=DIRECTION('',(1.,0.,0.));
#20065=CARTESIAN_POINT('',(43.9997778600214,-1.27,1.5));
#20066=CARTESIAN_POINT('',(43.9997778600214,-1.27,1.5));
#20067=VECTOR('',#20068,1.);
#20068=DIRECTION('',(0.500000000000003,0.866025403784437,0.));
#20069=CARTESIAN_POINT('',(42.3602221399786,-1.27,1.5));
#20070=CARTESIAN_POINT('',(42.3602221399786,-1.27,1.5));
#20071=VECTOR('',#20072,1.);
#20072=DIRECTION('',(1.,0.,0.));
#20073=CARTESIAN_POINT('',(42.06,-0.75,1.5));
#20074=CARTESIAN_POINT('',(42.06,-0.75,1.5));
#20075=VECTOR('',#20076,1.);
#20076=DIRECTION('',(0.500000000000003,-0.866025403784437,0.));
#20077=CARTESIAN_POINT('',(41.76,-0.75,1.5));
#20078=CARTESIAN_POINT('',(41.76,-0.75,1.5));
#20079=VECTOR('',#20080,1.);
#20080=DIRECTION('',(1.,0.,0.));
#20081=CARTESIAN_POINT('',(41.4597778600214,-1.27,1.5));
#20082=CARTESIAN_POINT('',(41.4597778600214,-1.27,1.5));
#20083=VECTOR('',#20084,1.);
#20084=DIRECTION('',(0.500000000000003,0.866025403784437,0.));
#20085=CARTESIAN_POINT('',(39.8202221399786,-1.27,1.5));
#20086=CARTESIAN_POINT('',(39.8202221399786,-1.27,1.5));
#20087=VECTOR('',#20088,1.);
#20088=DIRECTION('',(1.,0.,0.));
#20089=CARTESIAN_POINT('',(39.52,-0.75,1.5));
#20090=CARTESIAN_POINT('',(39.52,-0.75,1.5));
#20091=VECTOR('',#20092,1.);
#20092=DIRECTION('',(0.500000000000003,-0.866025403784437,0.));
#20093=CARTESIAN_POINT('',(39.22,-0.75,1.5));
#20094=CARTESIAN_POINT('',(39.22,-0.75,1.5));
#20095=VECTOR('',#20096,1.);
#20096=DIRECTION('',(1.,0.,0.));
#20097=CARTESIAN_POINT('',(38.9197778600214,-1.27,1.5));
#20098=CARTESIAN_POINT('',(38.9197778600214,-1.27,1.5));
#20099=VECTOR('',#20100,1.);
#20100=DIRECTION('',(0.500000000000003,0.866025403784437,0.));
#20101=CARTESIAN_POINT('',(37.2802221399786,-1.27,1.5));
#20102=CARTESIAN_POINT('',(37.2802221399786,-1.27,1.5));
#20103=VECTOR('',#20104,1.);
#20104=DIRECTION('',(1.,0.,0.));
#20105=CARTESIAN_POINT('',(36.98,-0.75,1.5));
#20106=CARTESIAN_POINT('',(36.98,-0.75,1.5));
#20107=VECTOR('',#20108,1.);
#20108=DIRECTION('',(0.500000000000003,-0.866025403784437,0.));
#20109=CARTESIAN_POINT('',(36.68,-0.75,1.5));
#20110=CARTESIAN_POINT('',(36.68,-0.75,1.5));
#20111=VECTOR('',#20112,1.);
#20112=DIRECTION('',(1.,0.,0.));
#20113=CARTESIAN_POINT('',(36.3797778600214,-1.27,1.5));
#20114=CARTESIAN_POINT('',(36.3797778600214,-1.27,1.5));
#20115=VECTOR('',#20116,1.);
#20116=DIRECTION('',(0.500000000000003,0.866025403784437,0.));
#20117=CARTESIAN_POINT('',(34.7402221399786,-1.27,1.5));
#20118=CARTESIAN_POINT('',(34.7402221399786,-1.27,1.5));
#20119=VECTOR('',#20120,1.);
#20120=DIRECTION('',(1.,0.,0.));
#20121=CARTESIAN_POINT('',(34.44,-0.75,1.5));
#20122=CARTESIAN_POINT('',(34.44,-0.75,1.5));
#20123=VECTOR('',#20124,1.);
#20124=DIRECTION('',(0.500000000000003,-0.866025403784437,0.));
#20125=CARTESIAN_POINT('',(34.14,-0.75,1.5));
#20126=CARTESIAN_POINT('',(34.14,-0.75,1.5));
#20127=VECTOR('',#20128,1.);
#20128=DIRECTION('',(1.,0.,0.));
#20129=CARTESIAN_POINT('',(33.8397778600214,-1.27,1.5));
#20130=CARTESIAN_POINT('',(33.8397778600214,-1.27,1.5));
#20131=VECTOR('',#20132,1.);
#20132=DIRECTION('',(0.500000000000003,0.866025403784437,0.));
#20133=CARTESIAN_POINT('',(32.2002221399786,-1.27,1.5));
#20134=CARTESIAN_POINT('',(32.2002221399786,-1.27,1.5));
#20135=VECTOR('',#20136,1.);
#20136=DIRECTION('',(1.,0.,0.));
#20137=CARTESIAN_POINT('',(31.9,-0.75,1.5));
#20138=CARTESIAN_POINT('',(31.9,-0.75,1.5));
#20139=VECTOR('',#20140,1.);
#20140=DIRECTION('',(0.499999999999999,-0.866025403784439,0.));
#20141=CARTESIAN_POINT('',(31.6,-0.75,1.5));
#20142=CARTESIAN_POINT('',(31.6,-0.75,1.5));
#20143=VECTOR('',#20144,1.);
#20144=DIRECTION('',(1.,0.,0.));
#20145=CARTESIAN_POINT('',(31.2997778600214,-1.27,1.5));
#20146=CARTESIAN_POINT('',(31.2997778600214,-1.27,1.5));
#20147=VECTOR('',#20148,1.);
#20148=DIRECTION('',(0.499999999999999,0.866025403784439,0.));
#20149=CARTESIAN_POINT('',(29.6602221399786,-1.27,1.5));
#20150=CARTESIAN_POINT('',(29.6602221399786,-1.27,1.5));
#20151=VECTOR('',#20152,1.);
#20152=DIRECTION('',(1.,0.,0.));
#20153=CARTESIAN_POINT('',(29.36,-0.75,1.5));
#20154=CARTESIAN_POINT('',(29.36,-0.75,1.5));
#20155=VECTOR('',#20156,1.);
#20156=DIRECTION('',(0.499999999999999,-0.866025403784439,0.));
#20157=CARTESIAN_POINT('',(29.06,-0.75,1.5));
#20158=CARTESIAN_POINT('',(29.06,-0.75,1.5));
#20159=VECTOR('',#20160,1.);
#20160=DIRECTION('',(1.,0.,0.));
#20161=CARTESIAN_POINT('',(28.7597778600214,-1.27,1.5));
#20162=CARTESIAN_POINT('',(28.7597778600214,-1.27,1.5));
#20163=VECTOR('',#20164,1.);
#20164=DIRECTION('',(0.499999999999999,0.866025403784439,0.));
#20165=CARTESIAN_POINT('',(27.1202221399786,-1.27,1.5));
#20166=CARTESIAN_POINT('',(27.1202221399786,-1.27,1.5));
#20167=VECTOR('',#20168,1.);
#20168=DIRECTION('',(1.,0.,0.));
#20169=CARTESIAN_POINT('',(26.82,-0.75,1.5));
#20170=CARTESIAN_POINT('',(26.82,-0.75,1.5));
#20171=VECTOR('',#20172,1.);
#20172=DIRECTION('',(0.499999999999999,-0.866025403784439,0.));
#20173=CARTESIAN_POINT('',(26.52,-0.75,1.5));
#20174=CARTESIAN_POINT('',(26.52,-0.75,1.5));
#20175=VECTOR('',#20176,1.);
#20176=DIRECTION('',(1.,0.,0.));
#20177=CARTESIAN_POINT('',(26.2197778600214,-1.27,1.5));
#20178=CARTESIAN_POINT('',(26.2197778600214,-1.27,1.5));
#20179=VECTOR('',#20180,1.);
#20180=DIRECTION('',(0.499999999999999,0.866025403784439,0.));
#20181=CARTESIAN_POINT('',(24.5802221399786,-1.27,1.5));
#20182=CARTESIAN_POINT('',(24.5802221399786,-1.27,1.5));
#20183=VECTOR('',#20184,1.);
#20184=DIRECTION('',(1.,0.,0.));
#20185=CARTESIAN_POINT('',(24.28,-0.75,1.5));
#20186=CARTESIAN_POINT('',(24.28,-0.75,1.5));
#20187=VECTOR('',#20188,1.);
#20188=DIRECTION('',(0.499999999999999,-0.866025403784439,0.));
#20189=CARTESIAN_POINT('',(23.98,-0.75,1.5));
#20190=CARTESIAN_POINT('',(23.98,-0.75,1.5));
#20191=VECTOR('',#20192,1.);
#20192=DIRECTION('',(1.,0.,0.));
#20193=CARTESIAN_POINT('',(23.6797778600214,-1.27,1.5));
#20194=CARTESIAN_POINT('',(23.6797778600214,-1.27,1.5));
#20195=VECTOR('',#20196,1.);
#20196=DIRECTION('',(0.499999999999999,0.866025403784439,0.));
#20197=CARTESIAN_POINT('',(22.0402221399786,-1.27,1.5));
#20198=CARTESIAN_POINT('',(22.0402221399786,-1.27,1.5));
#20199=VECTOR('',#20200,1.);
#20200=DIRECTION('',(1.,0.,0.));
#20201=CARTESIAN_POINT('',(21.74,-0.75,1.5));
#20202=CARTESIAN_POINT('',(21.74,-0.75,1.5));
#20203=VECTOR('',#20204,1.);
#20204=DIRECTION('',(0.499999999999999,-0.866025403784439,0.));
#20205=CARTESIAN_POINT('',(21.44,-0.75,1.5));
#20206=CARTESIAN_POINT('',(21.44,-0.75,1.5));
#20207=VECTOR('',#20208,1.);
#20208=DIRECTION('',(1.,0.,0.));
#20209=CARTESIAN_POINT('',(21.1397778600214,-1.27,1.5));
#20210=CARTESIAN_POINT('',(21.1397778600214,-1.27,1.5));
#20211=VECTOR('',#20212,1.);
#20212=DIRECTION('',(0.499999999999999,0.866025403784439,0.));
#20213=CARTESIAN_POINT('',(19.5002221399786,-1.27,1.5));
#20214=CARTESIAN_POINT('',(19.5002221399786,-1.27,1.5));
#20215=VECTOR('',#20216,1.);
#20216=DIRECTION('',(1.,0.,0.));
#20217=CARTESIAN_POINT('',(19.2,-0.75,1.5));
#20218=CARTESIAN_POINT('',(19.2,-0.75,1.5));
#20219=VECTOR('',#20220,1.);
#20220=DIRECTION('',(0.499999999999999,-0.866025403784439,0.));
#20221=CARTESIAN_POINT('',(18.9,-0.75,1.5));
#20222=CARTESIAN_POINT('',(18.9,-0.75,1.5));
#20223=VECTOR('',#20224,1.);
#20224=DIRECTION('',(1.,0.,0.));
#20225=CARTESIAN_POINT('',(18.5997778600214,-1.27,1.5));
#20226=CARTESIAN_POINT('',(18.5997778600214,-1.27,1.5));
#20227=VECTOR('',#20228,1.);
#20228=DIRECTION('',(0.499999999999999,0.866025403784439,0.));
#20229=CARTESIAN_POINT('',(16.9602221399786,-1.27,1.5));
#20230=CARTESIAN_POINT('',(16.9602221399786,-1.27,1.5));
#20231=VECTOR('',#20232,1.);
#20232=DIRECTION('',(1.,0.,0.));
#20233=CARTESIAN_POINT('',(16.66,-0.75,1.5));
#20234=CARTESIAN_POINT('',(16.66,-0.75,1.5));
#20235=VECTOR('',#20236,1.);
#20236=DIRECTION('',(0.499999999999999,-0.866025403784439,0.));
#20237=CARTESIAN_POINT('',(16.36,-0.75,1.5));
#20238=CARTESIAN_POINT('',(16.36,-0.75,1.5));
#20239=VECTOR('',#20240,1.);
#20240=DIRECTION('',(1.,0.,0.));
#20241=CARTESIAN_POINT('',(16.0597778600214,-1.27,1.5));
#20242=CARTESIAN_POINT('',(16.0597778600214,-1.27,1.5));
#20243=VECTOR('',#20244,1.);
#20244=DIRECTION('',(0.499999999999999,0.866025403784439,0.));
#20245=CARTESIAN_POINT('',(14.4202221399786,-1.27,1.5));
#20246=CARTESIAN_POINT('',(14.4202221399786,-1.27,1.5));
#20247=VECTOR('',#20248,1.);
#20248=DIRECTION('',(1.,0.,0.));
#20249=CARTESIAN_POINT('',(14.12,-0.75,1.5));
#20250=CARTESIAN_POINT('',(14.12,-0.75,1.5));
#20251=VECTOR('',#20252,1.);
#20252=DIRECTION('',(0.500000000000001,-0.866025403784438,0.));
#20253=CARTESIAN_POINT('',(13.82,-0.75,1.5));
#20254=CARTESIAN_POINT('',(13.82,-0.75,1.5));
#20255=VECTOR('',#20256,1.);
#20256=DIRECTION('',(1.,0.,0.));
#20257=CARTESIAN_POINT('',(13.5197778600214,-1.27,1.5));
#20258=CARTESIAN_POINT('',(13.5197778600214,-1.27,1.5));
#20259=VECTOR('',#20260,1.);
#20260=DIRECTION('',(0.499999999999999,0.866025403784439,0.));
#20261=CARTESIAN_POINT('',(11.8802221399786,-1.27,1.5));
#20262=CARTESIAN_POINT('',(11.8802221399786,-1.27,1.5));
#20263=VECTOR('',#20264,1.);
#20264=DIRECTION('',(1.,0.,0.));
#20265=CARTESIAN_POINT('',(11.58,-0.75,1.5));
#20266=CARTESIAN_POINT('',(11.58,-0.75,1.5));
#20267=VECTOR('',#20268,1.);
#20268=DIRECTION('',(0.500000000000001,-0.866025403784438,0.));
#20269=CARTESIAN_POINT('',(11.28,-0.75,1.5));
#20270=CARTESIAN_POINT('',(11.28,-0.75,1.5));
#20271=VECTOR('',#20272,1.);
#20272=DIRECTION('',(1.,0.,0.));
#20273=CARTESIAN_POINT('',(10.9797778600214,-1.27,1.5));
#20274=CARTESIAN_POINT('',(10.9797778600214,-1.27,1.5));
#20275=VECTOR('',#20276,1.);
#20276=DIRECTION('',(0.499999999999999,0.866025403784439,0.));
#20277=CARTESIAN_POINT('',(9.34022213997861,-1.27,1.5));
#20278=CARTESIAN_POINT('',(9.34022213997861,-1.27,1.5));
#20279=VECTOR('',#20280,1.);
#20280=DIRECTION('',(1.,0.,0.));
#20281=CARTESIAN_POINT('',(9.04,-0.75,1.5));
#20282=CARTESIAN_POINT('',(9.04,-0.75,1.5));
#20283=VECTOR('',#20284,1.);
#20284=DIRECTION('',(0.500000000000001,-0.866025403784438,0.));
#20285=CARTESIAN_POINT('',(8.74,-0.75,1.5));
#20286=CARTESIAN_POINT('',(8.74,-0.75,1.5));
#20287=VECTOR('',#20288,1.);
#20288=DIRECTION('',(1.,0.,0.));
#20289=CARTESIAN_POINT('',(8.43977786002139,-1.27,1.5));
#20290=CARTESIAN_POINT('',(8.43977786002139,-1.27,1.5));
#20291=VECTOR('',#20292,1.);
#20292=DIRECTION('',(0.499999999999999,0.866025403784439,0.));
#20293=CARTESIAN_POINT('',(6.80022213997861,-1.27,1.5));
#20294=CARTESIAN_POINT('',(6.80022213997861,-1.27,1.5));
#20295=VECTOR('',#20296,1.);
#20296=DIRECTION('',(1.,0.,0.));
#20297=CARTESIAN_POINT('',(6.5,-0.75,1.5));
#20298=CARTESIAN_POINT('',(6.5,-0.75,1.5));
#20299=VECTOR('',#20300,1.);
#20300=DIRECTION('',(0.5,-0.866025403784439,0.));
#20301=CARTESIAN_POINT('',(6.2,-0.75,1.5));
#20302=CARTESIAN_POINT('',(6.2,-0.75,1.5));
#20303=VECTOR('',#20304,1.);
#20304=DIRECTION('',(1.,0.,0.));
#20305=CARTESIAN_POINT('',(5.89977786002139,-1.27,1.5));
#20306=CARTESIAN_POINT('',(5.89977786002139,-1.27,1.5));
#20307=VECTOR('',#20308,1.);
#20308=DIRECTION('',(0.5,0.866025403784439,0.));
#20309=CARTESIAN_POINT('',(4.26022213997861,-1.27,1.5));
#20310=CARTESIAN_POINT('',(4.26022213997861,-1.27,1.5));
#20311=VECTOR('',#20312,1.);
#20312=DIRECTION('',(1.,0.,0.));
#20313=CARTESIAN_POINT('',(3.96,-0.75,1.5));
#20314=CARTESIAN_POINT('',(3.96,-0.75,1.5));
#20315=VECTOR('',#20316,1.);
#20316=DIRECTION('',(0.5,-0.866025403784439,0.));
#20317=CARTESIAN_POINT('',(3.66,-0.75,1.5));
#20318=CARTESIAN_POINT('',(3.66,-0.75,1.5));
#20319=VECTOR('',#20320,1.);
#20320=DIRECTION('',(1.,0.,0.));
#20321=CARTESIAN_POINT('',(3.35977786002139,-1.27,1.5));
#20322=CARTESIAN_POINT('',(3.35977786002139,-1.27,1.5));
#20323=VECTOR('',#20324,1.);
#20324=DIRECTION('',(0.5,0.866025403784439,0.));
#20325=CARTESIAN_POINT('',(1.72022213997861,-1.27,1.5));
#20326=CARTESIAN_POINT('',(1.72022213997861,-1.27,1.5));
#20327=VECTOR('',#20328,1.);
#20328=DIRECTION('',(1.,0.,0.));
#20329=CARTESIAN_POINT('',(1.42,-0.75,1.5));
#20330=CARTESIAN_POINT('',(1.42,-0.75,1.5));
#20331=VECTOR('',#20332,1.);
#20332=DIRECTION('',(0.5,-0.866025403784438,0.));
#20333=CARTESIAN_POINT('',(1.12,-0.75,1.5));
#20334=CARTESIAN_POINT('',(1.12,-0.75,1.5));
#20335=VECTOR('',#20336,1.);
#20336=DIRECTION('',(1.,0.,0.));
#20337=CARTESIAN_POINT('',(0.819777860021395,-1.27,1.5));
#20338=CARTESIAN_POINT('',(0.819777860021395,-1.27,1.5));
#20339=VECTOR('',#20340,1.);
#20340=DIRECTION('',(0.5,0.866025403784439,0.));
#20341=CARTESIAN_POINT('',(-0.819777860021394,-1.27,1.5));
#20342=CARTESIAN_POINT('',(-0.819777860021394,-1.27,1.5));
#20343=VECTOR('',#20344,1.);
#20344=DIRECTION('',(1.,0.,0.));
#20345=CARTESIAN_POINT('',(-1.12,-0.75,1.5));
#20346=CARTESIAN_POINT('',(-1.12,-0.75,1.5));
#20347=VECTOR('',#20348,1.);
#20348=DIRECTION('',(0.5,-0.866025403784438,0.));
#20349=CARTESIAN_POINT('',(-1.27,-0.75,1.5));
#20350=VECTOR('',#20351,1.);
#20351=DIRECTION('',(1.,0.,0.));
#20352=CARTESIAN_POINT('',(0.66,0.,1.5));
#20353=AXIS2_PLACEMENT_3D('',#20354,#20355,#20356);
#20354=CARTESIAN_POINT('',(0.,0.,1.5));
#20355=DIRECTION('',(0.,0.,1.));
#20356=DIRECTION('',(1.,0.,0.));
#20357=CARTESIAN_POINT('',(-1.12,-0.75,1.5));
#20358=VECTOR('',#20359,1.);
#20359=DIRECTION('',(0.,0.,1.));
#20360=CARTESIAN_POINT('',(-1.27,-0.75,1.5));
#20361=VECTOR('',#20362,1.);
#20362=DIRECTION('',(0.,0.,1.));
#20363=CARTESIAN_POINT('',(-0.819777860021395,-1.27,1.5));
#20364=VECTOR('',#20365,1.);
#20365=DIRECTION('',(0.,0.,1.));
#20366=CARTESIAN_POINT('',(0.819777860021395,-1.27,1.5));
#20367=VECTOR('',#20368,1.);
#20368=DIRECTION('',(0.,0.,1.));
#20369=CARTESIAN_POINT('',(1.12,-0.75,1.5));
#20370=VECTOR('',#20371,1.);
#20371=DIRECTION('',(0.,0.,1.));
#20372=CARTESIAN_POINT('',(1.42,-0.75,1.5));
#20373=VECTOR('',#20374,1.);
#20374=DIRECTION('',(0.,0.,1.));
#20375=CARTESIAN_POINT('',(1.72022213997861,-1.27,1.5));
#20376=VECTOR('',#20377,1.);
#20377=DIRECTION('',(0.,0.,1.));
#20378=CARTESIAN_POINT('',(3.35977786002139,-1.27,1.5));
#20379=VECTOR('',#20380,1.);
#20380=DIRECTION('',(0.,0.,1.));
#20381=CARTESIAN_POINT('',(3.66,-0.75,1.5));
#20382=VECTOR('',#20383,1.);
#20383=DIRECTION('',(0.,0.,1.));
#20384=CARTESIAN_POINT('',(3.96,-0.75,1.5));
#20385=VECTOR('',#20386,1.);
#20386=DIRECTION('',(0.,0.,1.));
#20387=CARTESIAN_POINT('',(4.26022213997861,-1.27,1.5));
#20388=VECTOR('',#20389,1.);
#20389=DIRECTION('',(0.,0.,1.));
#20390=CARTESIAN_POINT('',(5.89977786002139,-1.27,1.5));
#20391=VECTOR('',#20392,1.);
#20392=DIRECTION('',(0.,0.,1.));
#20393=CARTESIAN_POINT('',(6.2,-0.75,1.5));
#20394=VECTOR('',#20395,1.);
#20395=DIRECTION('',(0.,0.,1.));
#20396=CARTESIAN_POINT('',(6.5,-0.75,1.5));
#20397=VECTOR('',#20398,1.);
#20398=DIRECTION('',(0.,0.,1.));
#20399=CARTESIAN_POINT('',(6.80022213997861,-1.27,1.5));
#20400=VECTOR('',#20401,1.);
#20401=DIRECTION('',(0.,0.,1.));
#20402=CARTESIAN_POINT('',(8.43977786002139,-1.27,1.5));
#20403=VECTOR('',#20404,1.);
#20404=DIRECTION('',(0.,0.,1.));
#20405=CARTESIAN_POINT('',(8.74,-0.75,1.5));
#20406=VECTOR('',#20407,1.);
#20407=DIRECTION('',(0.,0.,1.));
#20408=CARTESIAN_POINT('',(9.04,-0.75,1.5));
#20409=VECTOR('',#20410,1.);
#20410=DIRECTION('',(0.,0.,1.));
#20411=CARTESIAN_POINT('',(9.34022213997861,-1.27,1.5));
#20412=VECTOR('',#20413,1.);
#20413=DIRECTION('',(0.,0.,1.));
#20414=CARTESIAN_POINT('',(10.9797778600214,-1.27,1.5));
#20415=VECTOR('',#20416,1.);
#20416=DIRECTION('',(0.,0.,1.));
#20417=CARTESIAN_POINT('',(11.28,-0.75,1.5));
#20418=VECTOR('',#20419,1.);
#20419=DIRECTION('',(0.,0.,1.));
#20420=CARTESIAN_POINT('',(11.58,-0.75,1.5));
#20421=VECTOR('',#20422,1.);
#20422=DIRECTION('',(0.,0.,1.));
#20423=CARTESIAN_POINT('',(11.8802221399786,-1.27,1.5));
#20424=VECTOR('',#20425,1.);
#20425=DIRECTION('',(0.,0.,1.));
#20426=CARTESIAN_POINT('',(13.5197778600214,-1.27,1.5));
#20427=VECTOR('',#20428,1.);
#20428=DIRECTION('',(0.,0.,1.));
#20429=CARTESIAN_POINT('',(13.82,-0.75,1.5));
#20430=VECTOR('',#20431,1.);
#20431=DIRECTION('',(0.,0.,1.));
#20432=CARTESIAN_POINT('',(14.12,-0.75,1.5));
#20433=VECTOR('',#20434,1.);
#20434=DIRECTION('',(0.,0.,1.));
#20435=CARTESIAN_POINT('',(14.4202221399786,-1.27,1.5));
#20436=VECTOR('',#20437,1.);
#20437=DIRECTION('',(0.,0.,1.));
#20438=CARTESIAN_POINT('',(16.0597778600214,-1.27,1.5));
#20439=VECTOR('',#20440,1.);
#20440=DIRECTION('',(0.,0.,1.));
#20441=CARTESIAN_POINT('',(16.36,-0.75,1.5));
#20442=VECTOR('',#20443,1.);
#20443=DIRECTION('',(0.,0.,1.));
#20444=CARTESIAN_POINT('',(16.66,-0.75,1.5));
#20445=VECTOR('',#20446,1.);
#20446=DIRECTION('',(0.,0.,1.));
#20447=CARTESIAN_POINT('',(16.9602221399786,-1.27,1.5));
#20448=VECTOR('',#20449,1.);
#20449=DIRECTION('',(0.,0.,1.));
#20450=CARTESIAN_POINT('',(18.5997778600214,-1.27,1.5));
#20451=VECTOR('',#20452,1.);
#20452=DIRECTION('',(0.,0.,1.));
#20453=CARTESIAN_POINT('',(18.9,-0.75,1.5));
#20454=VECTOR('',#20455,1.);
#20455=DIRECTION('',(0.,0.,1.));
#20456=CARTESIAN_POINT('',(19.2,-0.75,1.5));
#20457=VECTOR('',#20458,1.);
#20458=DIRECTION('',(0.,0.,1.));
#20459=CARTESIAN_POINT('',(19.5002221399786,-1.27,1.5));
#20460=VECTOR('',#20461,1.);
#20461=DIRECTION('',(0.,0.,1.));
#20462=CARTESIAN_POINT('',(21.1397778600214,-1.27,1.5));
#20463=VECTOR('',#20464,1.);
#20464=DIRECTION('',(0.,0.,1.));
#20465=CARTESIAN_POINT('',(21.44,-0.75,1.5));
#20466=VECTOR('',#20467,1.);
#20467=DIRECTION('',(0.,0.,1.));
#20468=CARTESIAN_POINT('',(21.74,-0.75,1.5));
#20469=VECTOR('',#20470,1.);
#20470=DIRECTION('',(0.,0.,1.));
#20471=CARTESIAN_POINT('',(22.0402221399786,-1.27,1.5));
#20472=VECTOR('',#20473,1.);
#20473=DIRECTION('',(0.,0.,1.));
#20474=CARTESIAN_POINT('',(23.6797778600214,-1.27,1.5));
#20475=VECTOR('',#20476,1.);
#20476=DIRECTION('',(0.,0.,1.));
#20477=CARTESIAN_POINT('',(23.98,-0.75,1.5));
#20478=VECTOR('',#20479,1.);
#20479=DIRECTION('',(0.,0.,1.));
#20480=CARTESIAN_POINT('',(24.28,-0.75,1.5));
#20481=VECTOR('',#20482,1.);
#20482=DIRECTION('',(0.,0.,1.));
#20483=CARTESIAN_POINT('',(24.5802221399786,-1.27,1.5));
#20484=VECTOR('',#20485,1.);
#20485=DIRECTION('',(0.,0.,1.));
#20486=CARTESIAN_POINT('',(26.2197778600214,-1.27,1.5));
#20487=VECTOR('',#20488,1.);
#20488=DIRECTION('',(0.,0.,1.));
#20489=CARTESIAN_POINT('',(26.52,-0.75,1.5));
#20490=VECTOR('',#20491,1.);
#20491=DIRECTION('',(0.,0.,1.));
#20492=CARTESIAN_POINT('',(26.82,-0.75,1.5));
#20493=VECTOR('',#20494,1.);
#20494=DIRECTION('',(0.,0.,1.));
#20495=CARTESIAN_POINT('',(27.1202221399786,-1.27,1.5));
#20496=VECTOR('',#20497,1.);
#20497=DIRECTION('',(0.,0.,1.));
#20498=CARTESIAN_POINT('',(28.7597778600214,-1.27,1.5));
#20499=VECTOR('',#20500,1.);
#20500=DIRECTION('',(0.,0.,1.));
#20501=CARTESIAN_POINT('',(29.06,-0.75,1.5));
#20502=VECTOR('',#20503,1.);
#20503=DIRECTION('',(0.,0.,1.));
#20504=CARTESIAN_POINT('',(29.36,-0.75,1.5));
#20505=VECTOR('',#20506,1.);
#20506=DIRECTION('',(0.,0.,1.));
#20507=CARTESIAN_POINT('',(29.6602221399786,-1.27,1.5));
#20508=VECTOR('',#20509,1.);
#20509=DIRECTION('',(0.,0.,1.));
#20510=CARTESIAN_POINT('',(31.2997778600214,-1.27,1.5));
#20511=VECTOR('',#20512,1.);
#20512=DIRECTION('',(0.,0.,1.));
#20513=CARTESIAN_POINT('',(31.6,-0.75,1.5));
#20514=VECTOR('',#20515,1.);
#20515=DIRECTION('',(0.,0.,1.));
#20516=CARTESIAN_POINT('',(31.9,-0.75,1.5));
#20517=VECTOR('',#20518,1.);
#20518=DIRECTION('',(0.,0.,1.));
#20519=CARTESIAN_POINT('',(32.2002221399786,-1.27,1.5));
#20520=VECTOR('',#20521,1.);
#20521=DIRECTION('',(0.,0.,1.));
#20522=CARTESIAN_POINT('',(33.8397778600214,-1.27,1.5));
#20523=VECTOR('',#20524,1.);
#20524=DIRECTION('',(0.,0.,1.));
#20525=CARTESIAN_POINT('',(34.14,-0.75,1.5));
#20526=VECTOR('',#20527,1.);
#20527=DIRECTION('',(0.,0.,1.));
#20528=CARTESIAN_POINT('',(34.44,-0.75,1.5));
#20529=VECTOR('',#20530,1.);
#20530=DIRECTION('',(0.,0.,1.));
#20531=CARTESIAN_POINT('',(34.7402221399786,-1.27,1.5));
#20532=VECTOR('',#20533,1.);
#20533=DIRECTION('',(0.,0.,1.));
#20534=CARTESIAN_POINT('',(36.3797778600214,-1.27,1.5));
#20535=VECTOR('',#20536,1.);
#20536=DIRECTION('',(0.,0.,1.));
#20537=CARTESIAN_POINT('',(36.68,-0.75,1.5));
#20538=VECTOR('',#20539,1.);
#20539=DIRECTION('',(0.,0.,1.));
#20540=CARTESIAN_POINT('',(36.98,-0.75,1.5));
#20541=VECTOR('',#20542,1.);
#20542=DIRECTION('',(0.,0.,1.));
#20543=CARTESIAN_POINT('',(37.2802221399786,-1.27,1.5));
#20544=VECTOR('',#20545,1.);
#20545=DIRECTION('',(0.,0.,1.));
#20546=CARTESIAN_POINT('',(38.9197778600214,-1.27,1.5));
#20547=VECTOR('',#20548,1.);
#20548=DIRECTION('',(0.,0.,1.));
#20549=CARTESIAN_POINT('',(39.22,-0.75,1.5));
#20550=VECTOR('',#20551,1.);
#20551=DIRECTION('',(0.,0.,1.));
#20552=CARTESIAN_POINT('',(39.52,-0.75,1.5));
#20553=VECTOR('',#20554,1.);
#20554=DIRECTION('',(0.,0.,1.));
#20555=CARTESIAN_POINT('',(39.8202221399786,-1.27,1.5));
#20556=VECTOR('',#20557,1.);
#20557=DIRECTION('',(0.,0.,1.));
#20558=CARTESIAN_POINT('',(41.4597778600214,-1.27,1.5));
#20559=VECTOR('',#20560,1.);
#20560=DIRECTION('',(0.,0.,1.));
#20561=CARTESIAN_POINT('',(41.76,-0.75,1.5));
#20562=VECTOR('',#20563,1.);
#20563=DIRECTION('',(0.,0.,1.));
#20564=CARTESIAN_POINT('',(42.06,-0.75,1.5));
#20565=VECTOR('',#20566,1.);
#20566=DIRECTION('',(0.,0.,1.));
#20567=CARTESIAN_POINT('',(42.3602221399786,-1.27,1.5));
#20568=VECTOR('',#20569,1.);
#20569=DIRECTION('',(0.,0.,1.));
#20570=CARTESIAN_POINT('',(43.9997778600214,-1.27,1.5));
#20571=VECTOR('',#20572,1.);
#20572=DIRECTION('',(0.,0.,1.));
#20573=CARTESIAN_POINT('',(44.3,-0.75,1.5));
#20574=VECTOR('',#20575,1.);
#20575=DIRECTION('',(0.,0.,1.));
#20576=CARTESIAN_POINT('',(44.6,-0.75,1.5));
#20577=VECTOR('',#20578,1.);
#20578=DIRECTION('',(0.,0.,1.));
#20579=CARTESIAN_POINT('',(44.9002221399786,-1.27,1.5));
#20580=VECTOR('',#20581,1.);
#20581=DIRECTION('',(0.,0.,1.));
#20582=CARTESIAN_POINT('',(46.5397778600214,-1.27,1.5));
#20583=VECTOR('',#20584,1.);
#20584=DIRECTION('',(0.,0.,1.));
#20585=CARTESIAN_POINT('',(46.84,-0.75,1.5));
#20586=VECTOR('',#20587,1.);
#20587=DIRECTION('',(0.,0.,1.));
#20588=CARTESIAN_POINT('',(47.14,-0.75,1.5));
#20589=VECTOR('',#20590,1.);
#20590=DIRECTION('',(0.,0.,1.));
#20591=CARTESIAN_POINT('',(47.4402221399786,-1.27,1.5));
#20592=VECTOR('',#20593,1.);
#20593=DIRECTION('',(0.,0.,1.));
#20594=CARTESIAN_POINT('',(49.0797778600214,-1.27,1.5));
#20595=VECTOR('',#20596,1.);
#20596=DIRECTION('',(0.,0.,1.));
#20597=CARTESIAN_POINT('',(49.38,-0.75,1.5));
#20598=VECTOR('',#20599,1.);
#20599=DIRECTION('',(0.,0.,1.));
#20600=CARTESIAN_POINT('',(49.68,-0.75,1.5));
#20601=VECTOR('',#20602,1.);
#20602=DIRECTION('',(0.,0.,1.));
#20603=CARTESIAN_POINT('',(49.9802221399786,-1.27,1.5));
#20604=VECTOR('',#20605,1.);
#20605=DIRECTION('',(0.,0.,1.));
#20606=CARTESIAN_POINT('',(51.6197778600214,-1.27,1.5));
#20607=VECTOR('',#20608,1.);
#20608=DIRECTION('',(0.,0.,1.));
#20609=CARTESIAN_POINT('',(51.92,-0.75,1.5));
#20610=VECTOR('',#20611,1.);
#20611=DIRECTION('',(0.,0.,1.));
#20612=CARTESIAN_POINT('',(52.22,-0.75,1.5));
#20613=VECTOR('',#20614,1.);
#20614=DIRECTION('',(0.,0.,1.));
#20615=CARTESIAN_POINT('',(52.5202221399786,-1.27,1.5));
#20616=VECTOR('',#20617,1.);
#20617=DIRECTION('',(0.,0.,1.));
#20618=CARTESIAN_POINT('',(54.1597778600214,-1.27,1.5));
#20619=VECTOR('',#20620,1.);
#20620=DIRECTION('',(0.,0.,1.));
#20621=CARTESIAN_POINT('',(54.46,-0.75,1.5));
#20622=VECTOR('',#20623,1.);
#20623=DIRECTION('',(0.,0.,1.));
#20624=CARTESIAN_POINT('',(54.76,-0.75,1.5));
#20625=VECTOR('',#20626,1.);
#20626=DIRECTION('',(0.,0.,1.));
#20627=CARTESIAN_POINT('',(55.0602221399786,-1.27,1.5));
#20628=VECTOR('',#20629,1.);
#20629=DIRECTION('',(0.,0.,1.));
#20630=CARTESIAN_POINT('',(56.6997778600214,-1.27,1.5));
#20631=VECTOR('',#20632,1.);
#20632=DIRECTION('',(0.,0.,1.));
#20633=CARTESIAN_POINT('',(57.,-0.75,1.5));
#20634=VECTOR('',#20635,1.);
#20635=DIRECTION('',(0.,0.,1.));
#20636=CARTESIAN_POINT('',(57.3,-0.75,1.5));
#20637=VECTOR('',#20638,1.);
#20638=DIRECTION('',(0.,0.,1.));
#20639=CARTESIAN_POINT('',(57.6002221399786,-1.27,1.5));
#20640=VECTOR('',#20641,1.);
#20641=DIRECTION('',(0.,0.,1.));
#20642=CARTESIAN_POINT('',(59.2397778600214,-1.27,1.5));
#20643=VECTOR('',#20644,1.);
#20644=DIRECTION('',(0.,0.,1.));
#20645=CARTESIAN_POINT('',(59.54,-0.75,1.5));
#20646=VECTOR('',#20647,1.);
#20647=DIRECTION('',(0.,0.,1.));
#20648=CARTESIAN_POINT('',(59.84,-0.75,1.5));
#20649=VECTOR('',#20650,1.);
#20650=DIRECTION('',(0.,0.,1.));
#20651=CARTESIAN_POINT('',(60.1402221399786,-1.27,1.5));
#20652=VECTOR('',#20653,1.);
#20653=DIRECTION('',(0.,0.,1.));
#20654=CARTESIAN_POINT('',(61.7797778600214,-1.27,1.5));
#20655=VECTOR('',#20656,1.);
#20656=DIRECTION('',(0.,0.,1.));
#20657=CARTESIAN_POINT('',(62.08,-0.75,1.5));
#20658=VECTOR('',#20659,1.);
#20659=DIRECTION('',(0.,0.,1.));
#20660=CARTESIAN_POINT('',(62.38,-0.75,1.5));
#20661=VECTOR('',#20662,1.);
#20662=DIRECTION('',(0.,0.,1.));
#20663=CARTESIAN_POINT('',(62.6802221399786,-1.27,1.5));
#20664=VECTOR('',#20665,1.);
#20665=DIRECTION('',(0.,0.,1.));
#20666=CARTESIAN_POINT('',(64.3197778600214,-1.27,1.5));
#20667=VECTOR('',#20668,1.);
#20668=DIRECTION('',(0.,0.,1.));
#20669=CARTESIAN_POINT('',(64.62,-0.75,1.5));
#20670=VECTOR('',#20671,1.);
#20671=DIRECTION('',(0.,0.,1.));
#20672=CARTESIAN_POINT('',(64.92,-0.75,1.5));
#20673=VECTOR('',#20674,1.);
#20674=DIRECTION('',(0.,0.,1.));
#20675=CARTESIAN_POINT('',(65.2202221399786,-1.27,1.5));
#20676=VECTOR('',#20677,1.);
#20677=DIRECTION('',(0.,0.,1.));
#20678=CARTESIAN_POINT('',(66.8597778600214,-1.27,1.5));
#20679=VECTOR('',#20680,1.);
#20680=DIRECTION('',(0.,0.,1.));
#20681=CARTESIAN_POINT('',(67.16,-0.75,1.5));
#20682=VECTOR('',#20683,1.);
#20683=DIRECTION('',(0.,0.,1.));
#20684=CARTESIAN_POINT('',(67.46,-0.75,1.5));
#20685=VECTOR('',#20686,1.);
#20686=DIRECTION('',(0.,0.,1.));
#20687=CARTESIAN_POINT('',(67.7602221399786,-1.27,1.5));
#20688=VECTOR('',#20689,1.);
#20689=DIRECTION('',(0.,0.,1.));
#20690=CARTESIAN_POINT('',(69.3997778600214,-1.27,1.5));
#20691=VECTOR('',#20692,1.);
#20692=DIRECTION('',(0.,0.,1.));
#20693=CARTESIAN_POINT('',(69.7,-0.75,1.5));
#20694=VECTOR('',#20695,1.);
#20695=DIRECTION('',(0.,0.,1.));
#20696=CARTESIAN_POINT('',(70.,-0.75,1.5));
#20697=VECTOR('',#20698,1.);
#20698=DIRECTION('',(0.,0.,1.));
#20699=CARTESIAN_POINT('',(70.3002221399786,-1.27,1.5));
#20700=VECTOR('',#20701,1.);
#20701=DIRECTION('',(0.,0.,1.));
#20702=CARTESIAN_POINT('',(71.9397778600214,-1.27,1.5));
#20703=VECTOR('',#20704,1.);
#20704=DIRECTION('',(0.,0.,1.));
#20705=CARTESIAN_POINT('',(72.24,-0.75,1.5));
#20706=VECTOR('',#20707,1.);
#20707=DIRECTION('',(0.,0.,1.));
#20708=CARTESIAN_POINT('',(72.54,-0.75,1.5));
#20709=VECTOR('',#20710,1.);
#20710=DIRECTION('',(0.,0.,1.));
#20711=CARTESIAN_POINT('',(72.8402221399786,-1.27,1.5));
#20712=VECTOR('',#20713,1.);
#20713=DIRECTION('',(0.,0.,1.));
#20714=CARTESIAN_POINT('',(74.4797778600214,-1.27,1.5));
#20715=VECTOR('',#20716,1.);
#20716=DIRECTION('',(0.,0.,1.));
#20717=CARTESIAN_POINT('',(74.78,-0.75,1.5));
#20718=VECTOR('',#20719,1.);
#20719=DIRECTION('',(0.,0.,1.));
#20720=CARTESIAN_POINT('',(75.08,-0.75,1.5));
#20721=VECTOR('',#20722,1.);
#20722=DIRECTION('',(0.,0.,1.));
#20723=CARTESIAN_POINT('',(75.3802221399786,-1.27,1.5));
#20724=VECTOR('',#20725,1.);
#20725=DIRECTION('',(0.,0.,1.));
#20726=CARTESIAN_POINT('',(77.0197778600214,-1.27,1.5));
#20727=VECTOR('',#20728,1.);
#20728=DIRECTION('',(0.,0.,1.));
#20729=CARTESIAN_POINT('',(77.32,-0.75,1.5));
#20730=VECTOR('',#20731,1.);
#20731=DIRECTION('',(0.,0.,1.));
#20732=CARTESIAN_POINT('',(77.62,-0.75,1.5));
#20733=VECTOR('',#20734,1.);
#20734=DIRECTION('',(0.,0.,1.));
#20735=CARTESIAN_POINT('',(77.9202221399786,-1.27,1.5));
#20736=VECTOR('',#20737,1.);
#20737=DIRECTION('',(0.,0.,1.));
#20738=CARTESIAN_POINT('',(79.5597778600214,-1.27,1.5));
#20739=VECTOR('',#20740,1.);
#20740=DIRECTION('',(0.,0.,1.));
#20741=CARTESIAN_POINT('',(79.86,-0.75,1.5));
#20742=VECTOR('',#20743,1.);
#20743=DIRECTION('',(0.,0.,1.));
#20744=CARTESIAN_POINT('',(80.16,-0.75,1.5));
#20745=VECTOR('',#20746,1.);
#20746=DIRECTION('',(0.,0.,1.));
#20747=CARTESIAN_POINT('',(80.4602221399786,-1.27,1.5));
#20748=VECTOR('',#20749,1.);
#20749=DIRECTION('',(0.,0.,1.));
#20750=CARTESIAN_POINT('',(82.0997778600214,-1.27,1.5));
#20751=VECTOR('',#20752,1.);
#20752=DIRECTION('',(0.,0.,1.));
#20753=CARTESIAN_POINT('',(82.4,-0.75,1.5));
#20754=VECTOR('',#20755,1.);
#20755=DIRECTION('',(0.,0.,1.));
#20756=CARTESIAN_POINT('',(82.55,-0.75,1.5));
#20757=VECTOR('',#20758,1.);
#20758=DIRECTION('',(0.,0.,1.));
#20759=CARTESIAN_POINT('',(82.55,0.75,1.5));
#20760=VECTOR('',#20761,1.);
#20761=DIRECTION('',(0.,0.,1.));
#20762=CARTESIAN_POINT('',(82.4,0.75,1.5));
#20763=VECTOR('',#20764,1.);
#20764=DIRECTION('',(0.,0.,1.));
#20765=CARTESIAN_POINT('',(82.0997778600214,1.27,1.5));
#20766=VECTOR('',#20767,1.);
#20767=DIRECTION('',(0.,0.,1.));
#20768=CARTESIAN_POINT('',(80.4602221399786,1.27,1.5));
#20769=VECTOR('',#20770,1.);
#20770=DIRECTION('',(0.,0.,1.));
#20771=CARTESIAN_POINT('',(80.16,0.75,1.5));
#20772=VECTOR('',#20773,1.);
#20773=DIRECTION('',(0.,0.,1.));
#20774=CARTESIAN_POINT('',(79.86,0.75,1.5));
#20775=VECTOR('',#20776,1.);
#20776=DIRECTION('',(0.,0.,1.));
#20777=CARTESIAN_POINT('',(79.5597778600214,1.27,1.5));
#20778=VECTOR('',#20779,1.);
#20779=DIRECTION('',(0.,0.,1.));
#20780=CARTESIAN_POINT('',(77.9202221399786,1.27,1.5));
#20781=VECTOR('',#20782,1.);
#20782=DIRECTION('',(0.,0.,1.));
#20783=CARTESIAN_POINT('',(77.62,0.75,1.5));
#20784=VECTOR('',#20785,1.);
#20785=DIRECTION('',(0.,0.,1.));
#20786=CARTESIAN_POINT('',(77.32,0.75,1.5));
#20787=VECTOR('',#20788,1.);
#20788=DIRECTION('',(0.,0.,1.));
#20789=CARTESIAN_POINT('',(77.0197778600214,1.27,1.5));
#20790=VECTOR('',#20791,1.);
#20791=DIRECTION('',(0.,0.,1.));
#20792=CARTESIAN_POINT('',(75.3802221399786,1.27,1.5));
#20793=VECTOR('',#20794,1.);
#20794=DIRECTION('',(0.,0.,1.));
#20795=CARTESIAN_POINT('',(75.08,0.75,1.5));
#20796=VECTOR('',#20797,1.);
#20797=DIRECTION('',(0.,0.,1.));
#20798=CARTESIAN_POINT('',(74.78,0.75,1.5));
#20799=VECTOR('',#20800,1.);
#20800=DIRECTION('',(0.,0.,1.));
#20801=CARTESIAN_POINT('',(74.4797778600214,1.27,1.5));
#20802=VECTOR('',#20803,1.);
#20803=DIRECTION('',(0.,0.,1.));
#20804=CARTESIAN_POINT('',(72.8402221399786,1.27,1.5));
#20805=VECTOR('',#20806,1.);
#20806=DIRECTION('',(0.,0.,1.));
#20807=CARTESIAN_POINT('',(72.54,0.75,1.5));
#20808=VECTOR('',#20809,1.);
#20809=DIRECTION('',(0.,0.,1.));
#20810=CARTESIAN_POINT('',(72.24,0.75,1.5));
#20811=VECTOR('',#20812,1.);
#20812=DIRECTION('',(0.,0.,1.));
#20813=CARTESIAN_POINT('',(71.9397778600214,1.27,1.5));
#20814=VECTOR('',#20815,1.);
#20815=DIRECTION('',(0.,0.,1.));
#20816=CARTESIAN_POINT('',(70.3002221399786,1.27,1.5));
#20817=VECTOR('',#20818,1.);
#20818=DIRECTION('',(0.,0.,1.));
#20819=CARTESIAN_POINT('',(70.,0.75,1.5));
#20820=VECTOR('',#20821,1.);
#20821=DIRECTION('',(0.,0.,1.));
#20822=CARTESIAN_POINT('',(69.7,0.75,1.5));
#20823=VECTOR('',#20824,1.);
#20824=DIRECTION('',(0.,0.,1.));
#20825=CARTESIAN_POINT('',(69.3997778600214,1.27,1.5));
#20826=VECTOR('',#20827,1.);
#20827=DIRECTION('',(0.,0.,1.));
#20828=CARTESIAN_POINT('',(67.7602221399786,1.27,1.5));
#20829=VECTOR('',#20830,1.);
#20830=DIRECTION('',(0.,0.,1.));
#20831=CARTESIAN_POINT('',(67.46,0.75,1.5));
#20832=VECTOR('',#20833,1.);
#20833=DIRECTION('',(0.,0.,1.));
#20834=CARTESIAN_POINT('',(67.16,0.75,1.5));
#20835=VECTOR('',#20836,1.);
#20836=DIRECTION('',(0.,0.,1.));
#20837=CARTESIAN_POINT('',(66.8597778600214,1.27,1.5));
#20838=VECTOR('',#20839,1.);
#20839=DIRECTION('',(0.,0.,1.));
#20840=CARTESIAN_POINT('',(65.2202221399786,1.27,1.5));
#20841=VECTOR('',#20842,1.);
#20842=DIRECTION('',(0.,0.,1.));
#20843=CARTESIAN_POINT('',(64.92,0.75,1.5));
#20844=VECTOR('',#20845,1.);
#20845=DIRECTION('',(0.,0.,1.));
#20846=CARTESIAN_POINT('',(64.62,0.75,1.5));
#20847=VECTOR('',#20848,1.);
#20848=DIRECTION('',(0.,0.,1.));
#20849=CARTESIAN_POINT('',(64.3197778600214,1.27,1.5));
#20850=VECTOR('',#20851,1.);
#20851=DIRECTION('',(0.,0.,1.));
#20852=CARTESIAN_POINT('',(62.6802221399786,1.27,1.5));
#20853=VECTOR('',#20854,1.);
#20854=DIRECTION('',(0.,0.,1.));
#20855=CARTESIAN_POINT('',(62.38,0.75,1.5));
#20856=VECTOR('',#20857,1.);
#20857=DIRECTION('',(0.,0.,1.));
#20858=CARTESIAN_POINT('',(62.08,0.75,1.5));
#20859=VECTOR('',#20860,1.);
#20860=DIRECTION('',(0.,0.,1.));
#20861=CARTESIAN_POINT('',(61.7797778600214,1.27,1.5));
#20862=VECTOR('',#20863,1.);
#20863=DIRECTION('',(0.,0.,1.));
#20864=CARTESIAN_POINT('',(60.1402221399786,1.27,1.5));
#20865=VECTOR('',#20866,1.);
#20866=DIRECTION('',(0.,0.,1.));
#20867=CARTESIAN_POINT('',(59.84,0.75,1.5));
#20868=VECTOR('',#20869,1.);
#20869=DIRECTION('',(0.,0.,1.));
#20870=CARTESIAN_POINT('',(59.54,0.75,1.5));
#20871=VECTOR('',#20872,1.);
#20872=DIRECTION('',(0.,0.,1.));
#20873=CARTESIAN_POINT('',(59.2397778600214,1.27,1.5));
#20874=VECTOR('',#20875,1.);
#20875=DIRECTION('',(0.,0.,1.));
#20876=CARTESIAN_POINT('',(57.6002221399786,1.27,1.5));
#20877=VECTOR('',#20878,1.);
#20878=DIRECTION('',(0.,0.,1.));
#20879=CARTESIAN_POINT('',(57.3,0.75,1.5));
#20880=VECTOR('',#20881,1.);
#20881=DIRECTION('',(0.,0.,1.));
#20882=CARTESIAN_POINT('',(57.,0.75,1.5));
#20883=VECTOR('',#20884,1.);
#20884=DIRECTION('',(0.,0.,1.));
#20885=CARTESIAN_POINT('',(56.6997778600214,1.27,1.5));
#20886=VECTOR('',#20887,1.);
#20887=DIRECTION('',(0.,0.,1.));
#20888=CARTESIAN_POINT('',(55.0602221399786,1.27,1.5));
#20889=VECTOR('',#20890,1.);
#20890=DIRECTION('',(0.,0.,1.));
#20891=CARTESIAN_POINT('',(54.76,0.75,1.5));
#20892=VECTOR('',#20893,1.);
#20893=DIRECTION('',(0.,0.,1.));
#20894=CARTESIAN_POINT('',(54.46,0.75,1.5));
#20895=VECTOR('',#20896,1.);
#20896=DIRECTION('',(0.,0.,1.));
#20897=CARTESIAN_POINT('',(54.1597778600214,1.27,1.5));
#20898=VECTOR('',#20899,1.);
#20899=DIRECTION('',(0.,0.,1.));
#20900=CARTESIAN_POINT('',(52.5202221399786,1.27,1.5));
#20901=VECTOR('',#20902,1.);
#20902=DIRECTION('',(0.,0.,1.));
#20903=CARTESIAN_POINT('',(52.22,0.75,1.5));
#20904=VECTOR('',#20905,1.);
#20905=DIRECTION('',(0.,0.,1.));
#20906=CARTESIAN_POINT('',(51.92,0.75,1.5));
#20907=VECTOR('',#20908,1.);
#20908=DIRECTION('',(0.,0.,1.));
#20909=CARTESIAN_POINT('',(51.6197778600214,1.27,1.5));
#20910=VECTOR('',#20911,1.);
#20911=DIRECTION('',(0.,0.,1.));
#20912=CARTESIAN_POINT('',(49.9802221399786,1.27,1.5));
#20913=VECTOR('',#20914,1.);
#20914=DIRECTION('',(0.,0.,1.));
#20915=CARTESIAN_POINT('',(49.68,0.75,1.5));
#20916=VECTOR('',#20917,1.);
#20917=DIRECTION('',(0.,0.,1.));
#20918=CARTESIAN_POINT('',(49.38,0.75,1.5));
#20919=VECTOR('',#20920,1.);
#20920=DIRECTION('',(0.,0.,1.));
#20921=CARTESIAN_POINT('',(49.0797778600214,1.27,1.5));
#20922=VECTOR('',#20923,1.);
#20923=DIRECTION('',(0.,0.,1.));
#20924=CARTESIAN_POINT('',(47.4402221399786,1.27,1.5));
#20925=VECTOR('',#20926,1.);
#20926=DIRECTION('',(0.,0.,1.));
#20927=CARTESIAN_POINT('',(47.14,0.75,1.5));
#20928=VECTOR('',#20929,1.);
#20929=DIRECTION('',(0.,0.,1.));
#20930=CARTESIAN_POINT('',(46.84,0.75,1.5));
#20931=VECTOR('',#20932,1.);
#20932=DIRECTION('',(0.,0.,1.));
#20933=CARTESIAN_POINT('',(46.5397778600214,1.27,1.5));
#20934=VECTOR('',#20935,1.);
#20935=DIRECTION('',(0.,0.,1.));
#20936=CARTESIAN_POINT('',(44.9002221399786,1.27,1.5));
#20937=VECTOR('',#20938,1.);
#20938=DIRECTION('',(0.,0.,1.));
#20939=CARTESIAN_POINT('',(44.6,0.75,1.5));
#20940=VECTOR('',#20941,1.);
#20941=DIRECTION('',(0.,0.,1.));
#20942=CARTESIAN_POINT('',(44.3,0.75,1.5));
#20943=VECTOR('',#20944,1.);
#20944=DIRECTION('',(0.,0.,1.));
#20945=CARTESIAN_POINT('',(43.9997778600214,1.27,1.5));
#20946=VECTOR('',#20947,1.);
#20947=DIRECTION('',(0.,0.,1.));
#20948=CARTESIAN_POINT('',(42.3602221399786,1.27,1.5));
#20949=VECTOR('',#20950,1.);
#20950=DIRECTION('',(0.,0.,1.));
#20951=CARTESIAN_POINT('',(42.06,0.75,1.5));
#20952=VECTOR('',#20953,1.);
#20953=DIRECTION('',(0.,0.,1.));
#20954=CARTESIAN_POINT('',(41.76,0.75,1.5));
#20955=VECTOR('',#20956,1.);
#20956=DIRECTION('',(0.,0.,1.));
#20957=CARTESIAN_POINT('',(41.4597778600214,1.27,1.5));
#20958=VECTOR('',#20959,1.);
#20959=DIRECTION('',(0.,0.,1.));
#20960=CARTESIAN_POINT('',(39.8202221399786,1.27,1.5));
#20961=VECTOR('',#20962,1.);
#20962=DIRECTION('',(0.,0.,1.));
#20963=CARTESIAN_POINT('',(39.52,0.75,1.5));
#20964=VECTOR('',#20965,1.);
#20965=DIRECTION('',(0.,0.,1.));
#20966=CARTESIAN_POINT('',(39.22,0.75,1.5));
#20967=VECTOR('',#20968,1.);
#20968=DIRECTION('',(0.,0.,1.));
#20969=CARTESIAN_POINT('',(38.9197778600214,1.27,1.5));
#20970=VECTOR('',#20971,1.);
#20971=DIRECTION('',(0.,0.,1.));
#20972=CARTESIAN_POINT('',(37.2802221399786,1.27,1.5));
#20973=VECTOR('',#20974,1.);
#20974=DIRECTION('',(0.,0.,1.));
#20975=CARTESIAN_POINT('',(36.98,0.75,1.5));
#20976=VECTOR('',#20977,1.);
#20977=DIRECTION('',(0.,0.,1.));
#20978=CARTESIAN_POINT('',(36.68,0.75,1.5));
#20979=VECTOR('',#20980,1.);
#20980=DIRECTION('',(0.,0.,1.));
#20981=CARTESIAN_POINT('',(36.3797778600214,1.27,1.5));
#20982=VECTOR('',#20983,1.);
#20983=DIRECTION('',(0.,0.,1.));
#20984=CARTESIAN_POINT('',(34.7402221399786,1.27,1.5));
#20985=VECTOR('',#20986,1.);
#20986=DIRECTION('',(0.,0.,1.));
#20987=CARTESIAN_POINT('',(34.44,0.75,1.5));
#20988=VECTOR('',#20989,1.);
#20989=DIRECTION('',(0.,0.,1.));
#20990=CARTESIAN_POINT('',(34.14,0.75,1.5));
#20991=VECTOR('',#20992,1.);
#20992=DIRECTION('',(0.,0.,1.));
#20993=CARTESIAN_POINT('',(33.8397778600214,1.27,1.5));
#20994=VECTOR('',#20995,1.);
#20995=DIRECTION('',(0.,0.,1.));
#20996=CARTESIAN_POINT('',(32.2002221399786,1.27,1.5));
#20997=VECTOR('',#20998,1.);
#20998=DIRECTION('',(0.,0.,1.));
#20999=CARTESIAN_POINT('',(31.9,0.75,1.5));
#21000=VECTOR('',#21001,1.);
#21001=DIRECTION('',(0.,0.,1.));
#21002=CARTESIAN_POINT('',(31.6,0.75,1.5));
#21003=VECTOR('',#21004,1.);
#21004=DIRECTION('',(0.,0.,1.));
#21005=CARTESIAN_POINT('',(31.2997778600214,1.27,1.5));
#21006=VECTOR('',#21007,1.);
#21007=DIRECTION('',(0.,0.,1.));
#21008=CARTESIAN_POINT('',(29.6602221399786,1.27,1.5));
#21009=VECTOR('',#21010,1.);
#21010=DIRECTION('',(0.,0.,1.));
#21011=CARTESIAN_POINT('',(29.36,0.75,1.5));
#21012=VECTOR('',#21013,1.);
#21013=DIRECTION('',(0.,0.,1.));
#21014=CARTESIAN_POINT('',(29.06,0.75,1.5));
#21015=VECTOR('',#21016,1.);
#21016=DIRECTION('',(0.,0.,1.));
#21017=CARTESIAN_POINT('',(28.7597778600214,1.27,1.5));
#21018=VECTOR('',#21019,1.);
#21019=DIRECTION('',(0.,0.,1.));
#21020=CARTESIAN_POINT('',(27.1202221399786,1.27,1.5));
#21021=VECTOR('',#21022,1.);
#21022=DIRECTION('',(0.,0.,1.));
#21023=CARTESIAN_POINT('',(26.82,0.75,1.5));
#21024=VECTOR('',#21025,1.);
#21025=DIRECTION('',(0.,0.,1.));
#21026=CARTESIAN_POINT('',(26.52,0.75,1.5));
#21027=VECTOR('',#21028,1.);
#21028=DIRECTION('',(0.,0.,1.));
#21029=CARTESIAN_POINT('',(26.2197778600214,1.27,1.5));
#21030=VECTOR('',#21031,1.);
#21031=DIRECTION('',(0.,0.,1.));
#21032=CARTESIAN_POINT('',(24.5802221399786,1.27,1.5));
#21033=VECTOR('',#21034,1.);
#21034=DIRECTION('',(0.,0.,1.));
#21035=CARTESIAN_POINT('',(24.28,0.75,1.5));
#21036=VECTOR('',#21037,1.);
#21037=DIRECTION('',(0.,0.,1.));
#21038=CARTESIAN_POINT('',(23.98,0.75,1.5));
#21039=VECTOR('',#21040,1.);
#21040=DIRECTION('',(0.,0.,1.));
#21041=CARTESIAN_POINT('',(23.6797778600214,1.27,1.5));
#21042=VECTOR('',#21043,1.);
#21043=DIRECTION('',(0.,0.,1.));
#21044=CARTESIAN_POINT('',(22.0402221399786,1.27,1.5));
#21045=VECTOR('',#21046,1.);
#21046=DIRECTION('',(0.,0.,1.));
#21047=CARTESIAN_POINT('',(21.74,0.75,1.5));
#21048=VECTOR('',#21049,1.);
#21049=DIRECTION('',(0.,0.,1.));
#21050=CARTESIAN_POINT('',(21.44,0.75,1.5));
#21051=VECTOR('',#21052,1.);
#21052=DIRECTION('',(0.,0.,1.));
#21053=CARTESIAN_POINT('',(21.1397778600214,1.27,1.5));
#21054=VECTOR('',#21055,1.);
#21055=DIRECTION('',(0.,0.,1.));
#21056=CARTESIAN_POINT('',(19.5002221399786,1.27,1.5));
#21057=VECTOR('',#21058,1.);
#21058=DIRECTION('',(0.,0.,1.));
#21059=CARTESIAN_POINT('',(19.2,0.75,1.5));
#21060=VECTOR('',#21061,1.);
#21061=DIRECTION('',(0.,0.,1.));
#21062=CARTESIAN_POINT('',(18.9,0.75,1.5));
#21063=VECTOR('',#21064,1.);
#21064=DIRECTION('',(0.,0.,1.));
#21065=CARTESIAN_POINT('',(18.5997778600214,1.27,1.5));
#21066=VECTOR('',#21067,1.);
#21067=DIRECTION('',(0.,0.,1.));
#21068=CARTESIAN_POINT('',(16.9602221399786,1.27,1.5));
#21069=VECTOR('',#21070,1.);
#21070=DIRECTION('',(0.,0.,1.));
#21071=CARTESIAN_POINT('',(16.66,0.75,1.5));
#21072=VECTOR('',#21073,1.);
#21073=DIRECTION('',(0.,0.,1.));
#21074=CARTESIAN_POINT('',(16.36,0.75,1.5));
#21075=VECTOR('',#21076,1.);
#21076=DIRECTION('',(0.,0.,1.));
#21077=CARTESIAN_POINT('',(16.0597778600214,1.27,1.5));
#21078=VECTOR('',#21079,1.);
#21079=DIRECTION('',(0.,0.,1.));
#21080=CARTESIAN_POINT('',(14.4202221399786,1.27,1.5));
#21081=VECTOR('',#21082,1.);
#21082=DIRECTION('',(0.,0.,1.));
#21083=CARTESIAN_POINT('',(14.12,0.75,1.5));
#21084=VECTOR('',#21085,1.);
#21085=DIRECTION('',(0.,0.,1.));
#21086=CARTESIAN_POINT('',(13.82,0.75,1.5));
#21087=VECTOR('',#21088,1.);
#21088=DIRECTION('',(0.,0.,1.));
#21089=CARTESIAN_POINT('',(13.5197778600214,1.27,1.5));
#21090=VECTOR('',#21091,1.);
#21091=DIRECTION('',(0.,0.,1.));
#21092=CARTESIAN_POINT('',(11.8802221399786,1.27,1.5));
#21093=VECTOR('',#21094,1.);
#21094=DIRECTION('',(0.,0.,1.));
#21095=CARTESIAN_POINT('',(11.58,0.75,1.5));
#21096=VECTOR('',#21097,1.);
#21097=DIRECTION('',(0.,0.,1.));
#21098=CARTESIAN_POINT('',(11.28,0.75,1.5));
#21099=VECTOR('',#21100,1.);
#21100=DIRECTION('',(0.,0.,1.));
#21101=CARTESIAN_POINT('',(10.9797778600214,1.27,1.5));
#21102=VECTOR('',#21103,1.);
#21103=DIRECTION('',(0.,0.,1.));
#21104=CARTESIAN_POINT('',(9.34022213997861,1.27,1.5));
#21105=VECTOR('',#21106,1.);
#21106=DIRECTION('',(0.,0.,1.));
#21107=CARTESIAN_POINT('',(9.04,0.75,1.5));
#21108=VECTOR('',#21109,1.);
#21109=DIRECTION('',(0.,0.,1.));
#21110=CARTESIAN_POINT('',(8.74,0.75,1.5));
#21111=VECTOR('',#21112,1.);
#21112=DIRECTION('',(0.,0.,1.));
#21113=CARTESIAN_POINT('',(8.43977786002139,1.27,1.5));
#21114=VECTOR('',#21115,1.);
#21115=DIRECTION('',(0.,0.,1.));
#21116=CARTESIAN_POINT('',(6.8002221399786,1.27,1.5));
#21117=VECTOR('',#21118,1.);
#21118=DIRECTION('',(0.,0.,1.));
#21119=CARTESIAN_POINT('',(6.5,0.75,1.5));
#21120=VECTOR('',#21121,1.);
#21121=DIRECTION('',(0.,0.,1.));
#21122=CARTESIAN_POINT('',(6.2,0.75,1.5));
#21123=VECTOR('',#21124,1.);
#21124=DIRECTION('',(0.,0.,1.));
#21125=CARTESIAN_POINT('',(5.89977786002139,1.27,1.5));
#21126=VECTOR('',#21127,1.);
#21127=DIRECTION('',(0.,0.,1.));
#21128=CARTESIAN_POINT('',(4.26022213997861,1.27,1.5));
#21129=VECTOR('',#21130,1.);
#21130=DIRECTION('',(0.,0.,1.));
#21131=CARTESIAN_POINT('',(3.96,0.75,1.5));
#21132=VECTOR('',#21133,1.);
#21133=DIRECTION('',(0.,0.,1.));
#21134=CARTESIAN_POINT('',(3.66,0.75,1.5));
#21135=VECTOR('',#21136,1.);
#21136=DIRECTION('',(0.,0.,1.));
#21137=CARTESIAN_POINT('',(3.35977786002139,1.27,1.5));
#21138=VECTOR('',#21139,1.);
#21139=DIRECTION('',(0.,0.,1.));
#21140=CARTESIAN_POINT('',(1.72022213997861,1.27,1.5));
#21141=VECTOR('',#21142,1.);
#21142=DIRECTION('',(0.,0.,1.));
#21143=CARTESIAN_POINT('',(1.42,0.75,1.5));
#21144=VECTOR('',#21145,1.);
#21145=DIRECTION('',(0.,0.,1.));
#21146=CARTESIAN_POINT('',(1.12,0.75,1.5));
#21147=VECTOR('',#21148,1.);
#21148=DIRECTION('',(0.,0.,1.));
#21149=CARTESIAN_POINT('',(0.819777860021395,1.27,1.5));
#21150=VECTOR('',#21151,1.);
#21151=DIRECTION('',(0.,0.,1.));
#21152=CARTESIAN_POINT('',(-0.819777860021395,1.27,1.5));
#21153=VECTOR('',#21154,1.);
#21154=DIRECTION('',(0.,0.,1.));
#21155=CARTESIAN_POINT('',(-1.12,0.75,1.5));
#21156=VECTOR('',#21157,1.);
#21157=DIRECTION('',(0.,0.,1.));
#21158=CARTESIAN_POINT('',(-1.27,0.75,1.5));
#21159=VECTOR('',#21160,1.);
#21160=DIRECTION('',(0.,0.,1.));
#21161=CARTESIAN_POINT('',(0.9,0.,4.));
#21162=AXIS2_PLACEMENT_3D('',#21163,#21164,#21165);
#21163=CARTESIAN_POINT('',(0.,0.,4.));
#21164=DIRECTION('',(0.,0.,1.));
#21165=DIRECTION('',(1.,0.,0.));
#21166=CARTESIAN_POINT('',(0.66,-8.08266887437253E-017,4.));
#21167=AXIS2_PLACEMENT_3D('',#21168,#21169,#21170);
#21168=CARTESIAN_POINT('',(0.,0.,4.));
#21169=DIRECTION('',(0.,0.,1.));
#21170=DIRECTION('',(1.,0.,0.));
#21171=CARTESIAN_POINT('',(-0.3,-5.08228421646152E-016,7.7));
#21172=AXIS2_PLACEMENT_3D('',#21173,#21174,#21175);
#21173=CARTESIAN_POINT('',(-4.71489017671731E-016,-4.71489017671731E-016,7.7));
#21174=DIRECTION('',(-6.12323399573677E-017,-6.12323399573677E-017,1.));
#21175=DIRECTION('',(-1.,-1.22464679914736E-016,-6.12323399573677E-017));
#21176=CARTESIAN_POINT('',(-0.3,-3.42901103761259E-016,5.));
#21177=AXIS2_PLACEMENT_3D('',#21178,#21179,#21180);
#21178=CARTESIAN_POINT('',(-3.06161699786838E-016,-3.06161699786838E-016,5.));
#21179=DIRECTION('',(-6.12323399573677E-017,-6.12323399573677E-017,1.));
#21180=DIRECTION('',(-1.,-1.22464679914735E-016,-6.12323399573677E-017));
#21181=CARTESIAN_POINT('',(-0.9,-4.163799117101E-016,5.));
#21182=AXIS2_PLACEMENT_3D('',#21183,#21184,#21185);
#21183=CARTESIAN_POINT('',(-3.06161699786838E-016,-3.06161699786838E-016,5.));
#21184=DIRECTION('',(-6.12323399573677E-017,-6.12323399573677E-017,1.));
#21185=DIRECTION('',(-1.,-1.22464679914735E-016,-6.12323399573677E-017));
#21186=CARTESIAN_POINT('',(-0.9,-3.55147571752732E-016,4.));
#21187=AXIS2_PLACEMENT_3D('',#21188,#21189,#21190);
#21188=CARTESIAN_POINT('',(-2.44929359829471E-016,-2.44929359829471E-016,4.));
#21189=DIRECTION('',(-6.12323399573677E-017,-6.12323399573677E-017,1.));
#21190=DIRECTION('',(-1.,-1.22464679914735E-016,-6.12323399573677E-017));
#21191=CARTESIAN_POINT('',(-0.66,-3.25756048573196E-016,4.));
#21192=AXIS2_PLACEMENT_3D('',#21193,#21194,#21195);
#21193=CARTESIAN_POINT('',(-2.44929359829471E-016,-2.44929359829471E-016,4.));
#21194=DIRECTION('',(-6.12323399573677E-017,-6.12323399573677E-017,1.));
#21195=DIRECTION('',(-1.,-1.22464679914735E-016,-6.12323399573677E-017));
#21196=CARTESIAN_POINT('',(-0.66,-1.07156594925393E-016,0.43));
#21197=AXIS2_PLACEMENT_3D('',#21198,#21199,#21200);
#21198=CARTESIAN_POINT('',(-2.63299061816681E-017,-2.63299061816681E-017,0.43));
#21199=DIRECTION('',(-6.12323399573677E-017,-6.12323399573677E-017,1.));
#21200=DIRECTION('',(-1.,-1.22464679914735E-016,-6.12323399573677E-017));
#21201=CARTESIAN_POINT('',(-0.23,-2.81668763803891E-017,-2.81668763803891E-017));
#21202=AXIS2_PLACEMENT_3D('',#21203,#21204,#21205);
#21203=CARTESIAN_POINT('',(0.,0.,0.));
#21204=DIRECTION('',(-6.12323399573677E-017,-6.12323399573676E-017,1.));
#21205=DIRECTION('',(-1.,-1.22464679914735E-016,-6.12323399573677E-017));
#21206=CARTESIAN_POINT('',(-0.23,1.83697019872103E-016,-3.46));
#21207=AXIS2_PLACEMENT_3D('',#21208,#21209,#21210);
#21208=CARTESIAN_POINT('',(2.11863896252492E-016,2.11863896252492E-016,-3.46));
#21209=DIRECTION('',(-6.12323399573675E-017,-6.12323399573677E-017,1.));
#21210=DIRECTION('',(-1.,-1.22464679914735E-016,-6.12323399573675E-017));
#21211=CARTESIAN_POINT('',(2.24,-5.08228421646152E-016,7.7));
#21212=AXIS2_PLACEMENT_3D('',#21213,#21214,#21215);
#21213=CARTESIAN_POINT('',(2.54,-4.71489017671731E-016,7.7));
#21214=DIRECTION('',(-6.12323399573677E-017,-6.12323399573677E-017,1.));
#21215=DIRECTION('',(-1.,-1.22464679914736E-016,-6.12323399573677E-017));
#21216=CARTESIAN_POINT('',(2.24,-3.42901103761259E-016,5.));
#21217=AXIS2_PLACEMENT_3D('',#21218,#21219,#21220);
#21218=CARTESIAN_POINT('',(2.54,-3.06161699786838E-016,5.));
#21219=DIRECTION('',(-6.12323399573677E-017,-6.12323399573677E-017,1.));
#21220=DIRECTION('',(-1.,-1.22464679914735E-016,-6.12323399573677E-017));
#21221=CARTESIAN_POINT('',(1.64,-4.163799117101E-016,5.));
#21222=AXIS2_PLACEMENT_3D('',#21223,#21224,#21225);
#21223=CARTESIAN_POINT('',(2.54,-3.06161699786838E-016,5.));
#21224=DIRECTION('',(-6.12323399573677E-017,-6.12323399573677E-017,1.));
#21225=DIRECTION('',(-1.,-1.22464679914735E-016,-6.12323399573677E-017));
#21226=CARTESIAN_POINT('',(1.64,-3.55147571752732E-016,4.));
#21227=AXIS2_PLACEMENT_3D('',#21228,#21229,#21230);
#21228=CARTESIAN_POINT('',(2.54,-2.44929359829471E-016,4.));
#21229=DIRECTION('',(-6.12323399573677E-017,-6.12323399573677E-017,1.));
#21230=DIRECTION('',(-1.,-1.22464679914735E-016,-6.12323399573677E-017));
#21231=CARTESIAN_POINT('',(1.88,-3.25756048573196E-016,4.));
#21232=AXIS2_PLACEMENT_3D('',#21233,#21234,#21235);
#21233=CARTESIAN_POINT('',(2.54,-2.44929359829471E-016,4.));
#21234=DIRECTION('',(-6.12323399573677E-017,-6.12323399573677E-017,1.));
#21235=DIRECTION('',(-1.,-1.22464679914735E-016,-6.12323399573677E-017));
#21236=CARTESIAN_POINT('',(1.88,-1.07156594925393E-016,0.43));
#21237=AXIS2_PLACEMENT_3D('',#21238,#21239,#21240);
#21238=CARTESIAN_POINT('',(2.54,-2.63299061816681E-017,0.43));
#21239=DIRECTION('',(-6.12323399573677E-017,-6.12323399573677E-017,1.));
#21240=DIRECTION('',(-1.,-1.22464679914735E-016,-6.12323399573677E-017));
#21241=CARTESIAN_POINT('',(2.31,-2.81668763803891E-017,-2.81668763803891E-017));
#21242=AXIS2_PLACEMENT_3D('',#21243,#21244,#21245);
#21243=CARTESIAN_POINT('',(2.54,0.,0.));
#21244=DIRECTION('',(-6.12323399573677E-017,-6.12323399573676E-017,1.));
#21245=DIRECTION('',(-1.,-1.22464679914735E-016,-6.12323399573677E-017));
#21246=CARTESIAN_POINT('',(2.31,1.83697019872103E-016,-3.46));
#21247=AXIS2_PLACEMENT_3D('',#21248,#21249,#21250);
#21248=CARTESIAN_POINT('',(2.54,2.11863896252492E-016,-3.46));
#21249=DIRECTION('',(-6.12323399573675E-017,-6.12323399573677E-017,1.));
#21250=DIRECTION('',(-1.,-1.22464679914735E-016,-6.12323399573675E-017));
#21251=CARTESIAN_POINT('',(4.78,-5.08228421646152E-016,7.7));
#21252=AXIS2_PLACEMENT_3D('',#21253,#21254,#21255);
#21253=CARTESIAN_POINT('',(5.08,-4.71489017671731E-016,7.7));
#21254=DIRECTION('',(-6.12323399573677E-017,-6.12323399573677E-017,1.));
#21255=DIRECTION('',(-1.,-1.22464679914736E-016,-6.12323399573677E-017));
#21256=CARTESIAN_POINT('',(4.78,-3.42901103761259E-016,5.));
#21257=AXIS2_PLACEMENT_3D('',#21258,#21259,#21260);
#21258=CARTESIAN_POINT('',(5.08,-3.06161699786838E-016,5.));
#21259=DIRECTION('',(-6.12323399573677E-017,-6.12323399573677E-017,1.));
#21260=DIRECTION('',(-1.,-1.22464679914735E-016,-6.12323399573677E-017));
#21261=CARTESIAN_POINT('',(4.18,-4.163799117101E-016,5.));
#21262=AXIS2_PLACEMENT_3D('',#21263,#21264,#21265);
#21263=CARTESIAN_POINT('',(5.08,-3.06161699786838E-016,5.));
#21264=DIRECTION('',(-6.12323399573677E-017,-6.12323399573677E-017,1.));
#21265=DIRECTION('',(-1.,-1.22464679914735E-016,-6.12323399573677E-017));
#21266=CARTESIAN_POINT('',(4.18,-3.55147571752732E-016,4.));
#21267=AXIS2_PLACEMENT_3D('',#21268,#21269,#21270);
#21268=CARTESIAN_POINT('',(5.08,-2.44929359829471E-016,4.));
#21269=DIRECTION('',(-6.12323399573677E-017,-6.12323399573677E-017,1.));
#21270=DIRECTION('',(-1.,-1.22464679914735E-016,-6.12323399573677E-017));
#21271=CARTESIAN_POINT('',(4.42,-3.25756048573196E-016,4.));
#21272=AXIS2_PLACEMENT_3D('',#21273,#21274,#21275);
#21273=CARTESIAN_POINT('',(5.08,-2.44929359829471E-016,4.));
#21274=DIRECTION('',(-6.12323399573677E-017,-6.12323399573677E-017,1.));
#21275=DIRECTION('',(-1.,-1.22464679914735E-016,-6.12323399573677E-017));
#21276=CARTESIAN_POINT('',(4.42,-1.07156594925393E-016,0.43));
#21277=AXIS2_PLACEMENT_3D('',#21278,#21279,#21280);
#21278=CARTESIAN_POINT('',(5.08,-2.63299061816681E-017,0.43));
#21279=DIRECTION('',(-6.12323399573677E-017,-6.12323399573677E-017,1.));
#21280=DIRECTION('',(-1.,-1.22464679914735E-016,-6.12323399573677E-017));
#21281=CARTESIAN_POINT('',(4.85,-2.81668763803891E-017,-2.81668763803891E-017));
#21282=AXIS2_PLACEMENT_3D('',#21283,#21284,#21285);
#21283=CARTESIAN_POINT('',(5.08,0.,0.));
#21284=DIRECTION('',(-6.12323399573677E-017,-6.12323399573676E-017,1.));
#21285=DIRECTION('',(-1.,-1.22464679914735E-016,-6.12323399573677E-017));
#21286=CARTESIAN_POINT('',(4.85,1.83697019872103E-016,-3.46));
#21287=AXIS2_PLACEMENT_3D('',#21288,#21289,#21290);
#21288=CARTESIAN_POINT('',(5.08,2.11863896252492E-016,-3.46));
#21289=DIRECTION('',(-6.12323399573675E-017,-6.12323399573677E-017,1.));
#21290=DIRECTION('',(-1.,-1.22464679914735E-016,-6.12323399573675E-017));
#21291=CARTESIAN_POINT('',(7.32,-5.08228421646152E-016,7.7));
#21292=AXIS2_PLACEMENT_3D('',#21293,#21294,#21295);
#21293=CARTESIAN_POINT('',(7.62,-4.71489017671731E-016,7.7));
#21294=DIRECTION('',(-6.12323399573677E-017,-6.12323399573677E-017,1.));
#21295=DIRECTION('',(-1.,-1.22464679914736E-016,-6.12323399573677E-017));
#21296=CARTESIAN_POINT('',(7.32,-3.42901103761259E-016,5.));
#21297=AXIS2_PLACEMENT_3D('',#21298,#21299,#21300);
#21298=CARTESIAN_POINT('',(7.62,-3.06161699786838E-016,5.));
#21299=DIRECTION('',(-6.12323399573677E-017,-6.12323399573677E-017,1.));
#21300=DIRECTION('',(-1.,-1.22464679914735E-016,-6.12323399573677E-017));
#21301=CARTESIAN_POINT('',(6.72,-4.163799117101E-016,5.));
#21302=AXIS2_PLACEMENT_3D('',#21303,#21304,#21305);
#21303=CARTESIAN_POINT('',(7.62,-3.06161699786838E-016,5.));
#21304=DIRECTION('',(-6.12323399573677E-017,-6.12323399573677E-017,1.));
#21305=DIRECTION('',(-1.,-1.22464679914735E-016,-6.12323399573677E-017));
#21306=CARTESIAN_POINT('',(6.72,-3.55147571752732E-016,4.));
#21307=AXIS2_PLACEMENT_3D('',#21308,#21309,#21310);
#21308=CARTESIAN_POINT('',(7.62,-2.44929359829471E-016,4.));
#21309=DIRECTION('',(-6.12323399573677E-017,-6.12323399573677E-017,1.));
#21310=DIRECTION('',(-1.,-1.22464679914735E-016,-6.12323399573677E-017));
#21311=CARTESIAN_POINT('',(6.96,-3.25756048573196E-016,4.));
#21312=AXIS2_PLACEMENT_3D('',#21313,#21314,#21315);
#21313=CARTESIAN_POINT('',(7.62,-2.44929359829471E-016,4.));
#21314=DIRECTION('',(-6.12323399573677E-017,-6.12323399573677E-017,1.));
#21315=DIRECTION('',(-1.,-1.22464679914735E-016,-6.12323399573677E-017));
#21316=CARTESIAN_POINT('',(6.96,-1.07156594925393E-016,0.43));
#21317=AXIS2_PLACEMENT_3D('',#21318,#21319,#21320);
#21318=CARTESIAN_POINT('',(7.62,-2.63299061816681E-017,0.43));
#21319=DIRECTION('',(-6.12323399573677E-017,-6.12323399573677E-017,1.));
#21320=DIRECTION('',(-1.,-1.22464679914735E-016,-6.12323399573677E-017));
#21321=CARTESIAN_POINT('',(7.39,-2.81668763803891E-017,-2.81668763803891E-017));
#21322=AXIS2_PLACEMENT_3D('',#21323,#21324,#21325);
#21323=CARTESIAN_POINT('',(7.62,0.,0.));
#21324=DIRECTION('',(-6.12323399573677E-017,-6.12323399573676E-017,1.));
#21325=DIRECTION('',(-1.,-1.22464679914735E-016,-6.12323399573677E-017));
#21326=CARTESIAN_POINT('',(7.39,1.83697019872103E-016,-3.46));
#21327=AXIS2_PLACEMENT_3D('',#21328,#21329,#21330);
#21328=CARTESIAN_POINT('',(7.62,2.11863896252492E-016,-3.46));
#21329=DIRECTION('',(-6.12323399573675E-017,-6.12323399573677E-017,1.));
#21330=DIRECTION('',(-1.,-1.22464679914735E-016,-6.12323399573675E-017));
#21331=CARTESIAN_POINT('',(9.86,-5.08228421646152E-016,7.7));
#21332=AXIS2_PLACEMENT_3D('',#21333,#21334,#21335);
#21333=CARTESIAN_POINT('',(10.16,-4.71489017671731E-016,7.7));
#21334=DIRECTION('',(-6.12323399573677E-017,-6.12323399573677E-017,1.));
#21335=DIRECTION('',(-1.,-1.22464679914736E-016,-6.12323399573677E-017));
#21336=CARTESIAN_POINT('',(9.86,-3.42901103761259E-016,5.));
#21337=AXIS2_PLACEMENT_3D('',#21338,#21339,#21340);
#21338=CARTESIAN_POINT('',(10.16,-3.06161699786838E-016,5.));
#21339=DIRECTION('',(-6.12323399573677E-017,-6.12323399573677E-017,1.));
#21340=DIRECTION('',(-1.,-1.22464679914735E-016,-6.12323399573677E-017));
#21341=CARTESIAN_POINT('',(9.26,-4.163799117101E-016,5.));
#21342=AXIS2_PLACEMENT_3D('',#21343,#21344,#21345);
#21343=CARTESIAN_POINT('',(10.16,-3.06161699786838E-016,5.));
#21344=DIRECTION('',(-6.12323399573677E-017,-6.12323399573677E-017,1.));
#21345=DIRECTION('',(-1.,-1.22464679914735E-016,-6.12323399573677E-017));
#21346=CARTESIAN_POINT('',(9.26,-3.55147571752732E-016,4.));
#21347=AXIS2_PLACEMENT_3D('',#21348,#21349,#21350);
#21348=CARTESIAN_POINT('',(10.16,-2.44929359829471E-016,4.));
#21349=DIRECTION('',(-6.12323399573677E-017,-6.12323399573677E-017,1.));
#21350=DIRECTION('',(-1.,-1.22464679914735E-016,-6.12323399573677E-017));
#21351=CARTESIAN_POINT('',(9.5,-3.25756048573196E-016,4.));
#21352=AXIS2_PLACEMENT_3D('',#21353,#21354,#21355);
#21353=CARTESIAN_POINT('',(10.16,-2.44929359829471E-016,4.));
#21354=DIRECTION('',(-6.12323399573677E-017,-6.12323399573677E-017,1.));
#21355=DIRECTION('',(-1.,-1.22464679914735E-016,-6.12323399573677E-017));
#21356=CARTESIAN_POINT('',(9.5,-1.07156594925393E-016,0.43));
#21357=AXIS2_PLACEMENT_3D('',#21358,#21359,#21360);
#21358=CARTESIAN_POINT('',(10.16,-2.63299061816681E-017,0.43));
#21359=DIRECTION('',(-6.12323399573677E-017,-6.12323399573677E-017,1.));
#21360=DIRECTION('',(-1.,-1.22464679914735E-016,-6.12323399573677E-017));
#21361=CARTESIAN_POINT('',(9.93,-2.81668763803891E-017,-2.81668763803891E-017));
#21362=AXIS2_PLACEMENT_3D('',#21363,#21364,#21365);
#21363=CARTESIAN_POINT('',(10.16,0.,0.));
#21364=DIRECTION('',(-6.12323399573677E-017,-6.12323399573676E-017,1.));
#21365=DIRECTION('',(-1.,-1.22464679914735E-016,-6.12323399573677E-017));
#21366=CARTESIAN_POINT('',(9.93,1.83697019872103E-016,-3.46));
#21367=AXIS2_PLACEMENT_3D('',#21368,#21369,#21370);
#21368=CARTESIAN_POINT('',(10.16,2.11863896252492E-016,-3.46));
#21369=DIRECTION('',(-6.12323399573675E-017,-6.12323399573677E-017,1.));
#21370=DIRECTION('',(-1.,-1.22464679914735E-016,-6.12323399573675E-017));
#21371=CARTESIAN_POINT('',(12.4,-5.08228421646152E-016,7.7));
#21372=AXIS2_PLACEMENT_3D('',#21373,#21374,#21375);
#21373=CARTESIAN_POINT('',(12.7,-4.71489017671731E-016,7.7));
#21374=DIRECTION('',(-6.12323399573677E-017,-6.12323399573677E-017,1.));
#21375=DIRECTION('',(-1.,-1.22464679914736E-016,-6.12323399573677E-017));
#21376=CARTESIAN_POINT('',(12.4,-3.42901103761259E-016,5.));
#21377=AXIS2_PLACEMENT_3D('',#21378,#21379,#21380);
#21378=CARTESIAN_POINT('',(12.7,-3.06161699786838E-016,5.));
#21379=DIRECTION('',(-6.12323399573677E-017,-6.12323399573677E-017,1.));
#21380=DIRECTION('',(-1.,-1.22464679914735E-016,-6.12323399573677E-017));
#21381=CARTESIAN_POINT('',(11.8,-4.163799117101E-016,5.));
#21382=AXIS2_PLACEMENT_3D('',#21383,#21384,#21385);
#21383=CARTESIAN_POINT('',(12.7,-3.06161699786838E-016,5.));
#21384=DIRECTION('',(-6.12323399573677E-017,-6.12323399573677E-017,1.));
#21385=DIRECTION('',(-1.,-1.22464679914735E-016,-6.12323399573677E-017));
#21386=CARTESIAN_POINT('',(11.8,-3.55147571752732E-016,4.));
#21387=AXIS2_PLACEMENT_3D('',#21388,#21389,#21390);
#21388=CARTESIAN_POINT('',(12.7,-2.44929359829471E-016,4.));
#21389=DIRECTION('',(-6.12323399573677E-017,-6.12323399573677E-017,1.));
#21390=DIRECTION('',(-1.,-1.22464679914735E-016,-6.12323399573677E-017));
#21391=CARTESIAN_POINT('',(12.04,-3.25756048573196E-016,4.));
#21392=AXIS2_PLACEMENT_3D('',#21393,#21394,#21395);
#21393=CARTESIAN_POINT('',(12.7,-2.44929359829471E-016,4.));
#21394=DIRECTION('',(-6.12323399573677E-017,-6.12323399573677E-017,1.));
#21395=DIRECTION('',(-1.,-1.22464679914735E-016,-6.12323399573677E-017));
#21396=CARTESIAN_POINT('',(12.04,-1.07156594925393E-016,0.43));
#21397=AXIS2_PLACEMENT_3D('',#21398,#21399,#21400);
#21398=CARTESIAN_POINT('',(12.7,-2.63299061816681E-017,0.43));
#21399=DIRECTION('',(-6.12323399573677E-017,-6.12323399573677E-017,1.));
#21400=DIRECTION('',(-1.,-1.22464679914735E-016,-6.12323399573677E-017));
#21401=CARTESIAN_POINT('',(12.47,-2.81668763803891E-017,-2.81668763803891E-017));
#21402=AXIS2_PLACEMENT_3D('',#21403,#21404,#21405);
#21403=CARTESIAN_POINT('',(12.7,0.,0.));
#21404=DIRECTION('',(-6.12323399573677E-017,-6.12323399573676E-017,1.));
#21405=DIRECTION('',(-1.,-1.22464679914735E-016,-6.12323399573677E-017));
#21406=CARTESIAN_POINT('',(12.47,1.83697019872103E-016,-3.46));
#21407=AXIS2_PLACEMENT_3D('',#21408,#21409,#21410);
#21408=CARTESIAN_POINT('',(12.7,2.11863896252492E-016,-3.46));
#21409=DIRECTION('',(-6.12323399573675E-017,-6.12323399573677E-017,1.));
#21410=DIRECTION('',(-1.,-1.22464679914735E-016,-6.12323399573675E-017));
#21411=CARTESIAN_POINT('',(14.94,-5.08228421646152E-016,7.7));
#21412=AXIS2_PLACEMENT_3D('',#21413,#21414,#21415);
#21413=CARTESIAN_POINT('',(15.24,-4.71489017671731E-016,7.7));
#21414=DIRECTION('',(-6.12323399573677E-017,-6.12323399573677E-017,1.));
#21415=DIRECTION('',(-1.,-1.22464679914736E-016,-6.12323399573677E-017));
#21416=CARTESIAN_POINT('',(14.94,-3.42901103761259E-016,5.));
#21417=AXIS2_PLACEMENT_3D('',#21418,#21419,#21420);
#21418=CARTESIAN_POINT('',(15.24,-3.06161699786838E-016,5.));
#21419=DIRECTION('',(-6.12323399573677E-017,-6.12323399573677E-017,1.));
#21420=DIRECTION('',(-1.,-1.22464679914735E-016,-6.12323399573677E-017));
#21421=CARTESIAN_POINT('',(14.34,-4.163799117101E-016,5.));
#21422=AXIS2_PLACEMENT_3D('',#21423,#21424,#21425);
#21423=CARTESIAN_POINT('',(15.24,-3.06161699786838E-016,5.));
#21424=DIRECTION('',(-6.12323399573677E-017,-6.12323399573677E-017,1.));
#21425=DIRECTION('',(-1.,-1.22464679914735E-016,-6.12323399573677E-017));
#21426=CARTESIAN_POINT('',(14.34,-3.55147571752732E-016,4.));
#21427=AXIS2_PLACEMENT_3D('',#21428,#21429,#21430);
#21428=CARTESIAN_POINT('',(15.24,-2.44929359829471E-016,4.));
#21429=DIRECTION('',(-6.12323399573677E-017,-6.12323399573677E-017,1.));
#21430=DIRECTION('',(-1.,-1.22464679914735E-016,-6.12323399573677E-017));
#21431=CARTESIAN_POINT('',(14.58,-3.25756048573196E-016,4.));
#21432=AXIS2_PLACEMENT_3D('',#21433,#21434,#21435);
#21433=CARTESIAN_POINT('',(15.24,-2.44929359829471E-016,4.));
#21434=DIRECTION('',(-6.12323399573677E-017,-6.12323399573677E-017,1.));
#21435=DIRECTION('',(-1.,-1.22464679914735E-016,-6.12323399573677E-017));
#21436=CARTESIAN_POINT('',(14.58,-1.07156594925393E-016,0.43));
#21437=AXIS2_PLACEMENT_3D('',#21438,#21439,#21440);
#21438=CARTESIAN_POINT('',(15.24,-2.63299061816681E-017,0.43));
#21439=DIRECTION('',(-6.12323399573677E-017,-6.12323399573677E-017,1.));
#21440=DIRECTION('',(-1.,-1.22464679914735E-016,-6.12323399573677E-017));
#21441=CARTESIAN_POINT('',(15.01,-2.81668763803891E-017,-2.81668763803891E-017));
#21442=AXIS2_PLACEMENT_3D('',#21443,#21444,#21445);
#21443=CARTESIAN_POINT('',(15.24,0.,0.));
#21444=DIRECTION('',(-6.12323399573677E-017,-6.12323399573676E-017,1.));
#21445=DIRECTION('',(-1.,-1.22464679914735E-016,-6.12323399573677E-017));
#21446=CARTESIAN_POINT('',(15.01,1.83697019872103E-016,-3.46));
#21447=AXIS2_PLACEMENT_3D('',#21448,#21449,#21450);
#21448=CARTESIAN_POINT('',(15.24,2.11863896252492E-016,-3.46));
#21449=DIRECTION('',(-6.12323399573675E-017,-6.12323399573677E-017,1.));
#21450=DIRECTION('',(-1.,-1.22464679914735E-016,-6.12323399573675E-017));
#21451=CARTESIAN_POINT('',(17.48,-5.08228421646152E-016,7.7));
#21452=AXIS2_PLACEMENT_3D('',#21453,#21454,#21455);
#21453=CARTESIAN_POINT('',(17.78,-4.71489017671731E-016,7.7));
#21454=DIRECTION('',(-6.12323399573677E-017,-6.12323399573677E-017,1.));
#21455=DIRECTION('',(-1.,-1.22464679914736E-016,-6.12323399573677E-017));
#21456=CARTESIAN_POINT('',(17.48,-3.42901103761259E-016,5.));
#21457=AXIS2_PLACEMENT_3D('',#21458,#21459,#21460);
#21458=CARTESIAN_POINT('',(17.78,-3.06161699786838E-016,5.));
#21459=DIRECTION('',(-6.12323399573677E-017,-6.12323399573677E-017,1.));
#21460=DIRECTION('',(-1.,-1.22464679914735E-016,-6.12323399573677E-017));
#21461=CARTESIAN_POINT('',(16.88,-4.163799117101E-016,5.));
#21462=AXIS2_PLACEMENT_3D('',#21463,#21464,#21465);
#21463=CARTESIAN_POINT('',(17.78,-3.06161699786838E-016,5.));
#21464=DIRECTION('',(-6.12323399573677E-017,-6.12323399573677E-017,1.));
#21465=DIRECTION('',(-1.,-1.22464679914735E-016,-6.12323399573677E-017));
#21466=CARTESIAN_POINT('',(16.88,-3.55147571752732E-016,4.));
#21467=AXIS2_PLACEMENT_3D('',#21468,#21469,#21470);
#21468=CARTESIAN_POINT('',(17.78,-2.44929359829471E-016,4.));
#21469=DIRECTION('',(-6.12323399573677E-017,-6.12323399573677E-017,1.));
#21470=DIRECTION('',(-1.,-1.22464679914735E-016,-6.12323399573677E-017));
#21471=CARTESIAN_POINT('',(17.12,-3.25756048573196E-016,4.));
#21472=AXIS2_PLACEMENT_3D('',#21473,#21474,#21475);
#21473=CARTESIAN_POINT('',(17.78,-2.44929359829471E-016,4.));
#21474=DIRECTION('',(-6.12323399573677E-017,-6.12323399573677E-017,1.));
#21475=DIRECTION('',(-1.,-1.22464679914735E-016,-6.12323399573677E-017));
#21476=CARTESIAN_POINT('',(17.12,-1.07156594925393E-016,0.43));
#21477=AXIS2_PLACEMENT_3D('',#21478,#21479,#21480);
#21478=CARTESIAN_POINT('',(17.78,-2.63299061816681E-017,0.43));
#21479=DIRECTION('',(-6.12323399573677E-017,-6.12323399573677E-017,1.));
#21480=DIRECTION('',(-1.,-1.22464679914735E-016,-6.12323399573677E-017));
#21481=CARTESIAN_POINT('',(17.55,-2.81668763803891E-017,-2.81668763803891E-017));
#21482=AXIS2_PLACEMENT_3D('',#21483,#21484,#21485);
#21483=CARTESIAN_POINT('',(17.78,0.,0.));
#21484=DIRECTION('',(-6.12323399573677E-017,-6.12323399573676E-017,1.));
#21485=DIRECTION('',(-1.,-1.22464679914735E-016,-6.12323399573677E-017));
#21486=CARTESIAN_POINT('',(17.55,1.83697019872103E-016,-3.46));
#21487=AXIS2_PLACEMENT_3D('',#21488,#21489,#21490);
#21488=CARTESIAN_POINT('',(17.78,2.11863896252492E-016,-3.46));
#21489=DIRECTION('',(-6.12323399573675E-017,-6.12323399573677E-017,1.));
#21490=DIRECTION('',(-1.,-1.22464679914735E-016,-6.12323399573675E-017));
#21491=CARTESIAN_POINT('',(20.02,-5.08228421646152E-016,7.7));
#21492=AXIS2_PLACEMENT_3D('',#21493,#21494,#21495);
#21493=CARTESIAN_POINT('',(20.32,-4.71489017671731E-016,7.7));
#21494=DIRECTION('',(-6.12323399573677E-017,-6.12323399573677E-017,1.));
#21495=DIRECTION('',(-1.,-1.22464679914736E-016,-6.12323399573677E-017));
#21496=CARTESIAN_POINT('',(20.02,-3.42901103761259E-016,5.));
#21497=AXIS2_PLACEMENT_3D('',#21498,#21499,#21500);
#21498=CARTESIAN_POINT('',(20.32,-3.06161699786838E-016,5.));
#21499=DIRECTION('',(-6.12323399573677E-017,-6.12323399573677E-017,1.));
#21500=DIRECTION('',(-1.,-1.22464679914735E-016,-6.12323399573677E-017));
#21501=CARTESIAN_POINT('',(19.42,-4.163799117101E-016,5.));
#21502=AXIS2_PLACEMENT_3D('',#21503,#21504,#21505);
#21503=CARTESIAN_POINT('',(20.32,-3.06161699786838E-016,5.));
#21504=DIRECTION('',(-6.12323399573677E-017,-6.12323399573677E-017,1.));
#21505=DIRECTION('',(-1.,-1.22464679914735E-016,-6.12323399573677E-017));
#21506=CARTESIAN_POINT('',(19.42,-3.55147571752732E-016,4.));
#21507=AXIS2_PLACEMENT_3D('',#21508,#21509,#21510);
#21508=CARTESIAN_POINT('',(20.32,-2.44929359829471E-016,4.));
#21509=DIRECTION('',(-6.12323399573677E-017,-6.12323399573677E-017,1.));
#21510=DIRECTION('',(-1.,-1.22464679914735E-016,-6.12323399573677E-017));
#21511=CARTESIAN_POINT('',(19.66,-3.25756048573196E-016,4.));
#21512=AXIS2_PLACEMENT_3D('',#21513,#21514,#21515);
#21513=CARTESIAN_POINT('',(20.32,-2.44929359829471E-016,4.));
#21514=DIRECTION('',(-6.12323399573677E-017,-6.12323399573677E-017,1.));
#21515=DIRECTION('',(-1.,-1.22464679914735E-016,-6.12323399573677E-017));
#21516=CARTESIAN_POINT('',(19.66,-1.07156594925393E-016,0.43));
#21517=AXIS2_PLACEMENT_3D('',#21518,#21519,#21520);
#21518=CARTESIAN_POINT('',(20.32,-2.63299061816681E-017,0.43));
#21519=DIRECTION('',(-6.12323399573677E-017,-6.12323399573677E-017,1.));
#21520=DIRECTION('',(-1.,-1.22464679914735E-016,-6.12323399573677E-017));
#21521=CARTESIAN_POINT('',(20.09,-2.81668763803891E-017,-2.81668763803891E-017));
#21522=AXIS2_PLACEMENT_3D('',#21523,#21524,#21525);
#21523=CARTESIAN_POINT('',(20.32,0.,0.));
#21524=DIRECTION('',(-6.12323399573677E-017,-6.12323399573676E-017,1.));
#21525=DIRECTION('',(-1.,-1.22464679914735E-016,-6.12323399573677E-017));
#21526=CARTESIAN_POINT('',(20.09,1.83697019872103E-016,-3.46));
#21527=AXIS2_PLACEMENT_3D('',#21528,#21529,#21530);
#21528=CARTESIAN_POINT('',(20.32,2.11863896252492E-016,-3.46));
#21529=DIRECTION('',(-6.12323399573675E-017,-6.12323399573677E-017,1.));
#21530=DIRECTION('',(-1.,-1.22464679914735E-016,-6.12323399573675E-017));
#21531=CARTESIAN_POINT('',(22.56,-5.08228421646152E-016,7.7));
#21532=AXIS2_PLACEMENT_3D('',#21533,#21534,#21535);
#21533=CARTESIAN_POINT('',(22.86,-4.71489017671731E-016,7.7));
#21534=DIRECTION('',(-6.12323399573677E-017,-6.12323399573677E-017,1.));
#21535=DIRECTION('',(-1.,-1.22464679914736E-016,-6.12323399573677E-017));
#21536=CARTESIAN_POINT('',(22.56,-3.42901103761259E-016,5.));
#21537=AXIS2_PLACEMENT_3D('',#21538,#21539,#21540);
#21538=CARTESIAN_POINT('',(22.86,-3.06161699786838E-016,5.));
#21539=DIRECTION('',(-6.12323399573677E-017,-6.12323399573677E-017,1.));
#21540=DIRECTION('',(-1.,-1.22464679914735E-016,-6.12323399573677E-017));
#21541=CARTESIAN_POINT('',(21.96,-4.163799117101E-016,5.));
#21542=AXIS2_PLACEMENT_3D('',#21543,#21544,#21545);
#21543=CARTESIAN_POINT('',(22.86,-3.06161699786838E-016,5.));
#21544=DIRECTION('',(-6.12323399573677E-017,-6.12323399573677E-017,1.));
#21545=DIRECTION('',(-1.,-1.22464679914735E-016,-6.12323399573677E-017));
#21546=CARTESIAN_POINT('',(21.96,-3.55147571752732E-016,4.));
#21547=AXIS2_PLACEMENT_3D('',#21548,#21549,#21550);
#21548=CARTESIAN_POINT('',(22.86,-2.44929359829471E-016,4.));
#21549=DIRECTION('',(-6.12323399573677E-017,-6.12323399573677E-017,1.));
#21550=DIRECTION('',(-1.,-1.22464679914735E-016,-6.12323399573677E-017));
#21551=CARTESIAN_POINT('',(22.2,-3.25756048573196E-016,4.));
#21552=AXIS2_PLACEMENT_3D('',#21553,#21554,#21555);
#21553=CARTESIAN_POINT('',(22.86,-2.44929359829471E-016,4.));
#21554=DIRECTION('',(-6.12323399573677E-017,-6.12323399573677E-017,1.));
#21555=DIRECTION('',(-1.,-1.22464679914735E-016,-6.12323399573677E-017));
#21556=CARTESIAN_POINT('',(22.2,-1.07156594925393E-016,0.43));
#21557=AXIS2_PLACEMENT_3D('',#21558,#21559,#21560);
#21558=CARTESIAN_POINT('',(22.86,-2.63299061816681E-017,0.43));
#21559=DIRECTION('',(-6.12323399573677E-017,-6.12323399573677E-017,1.));
#21560=DIRECTION('',(-1.,-1.22464679914735E-016,-6.12323399573677E-017));
#21561=CARTESIAN_POINT('',(22.63,-2.81668763803891E-017,-2.81668763803891E-017));
#21562=AXIS2_PLACEMENT_3D('',#21563,#21564,#21565);
#21563=CARTESIAN_POINT('',(22.86,0.,0.));
#21564=DIRECTION('',(-6.12323399573677E-017,-6.12323399573676E-017,1.));
#21565=DIRECTION('',(-1.,-1.22464679914735E-016,-6.12323399573677E-017));
#21566=CARTESIAN_POINT('',(22.63,1.83697019872103E-016,-3.46));
#21567=AXIS2_PLACEMENT_3D('',#21568,#21569,#21570);
#21568=CARTESIAN_POINT('',(22.86,2.11863896252492E-016,-3.46));
#21569=DIRECTION('',(-6.12323399573675E-017,-6.12323399573677E-017,1.));
#21570=DIRECTION('',(-1.,-1.22464679914735E-016,-6.12323399573675E-017));
#21571=CARTESIAN_POINT('',(25.1,-5.08228421646152E-016,7.7));
#21572=AXIS2_PLACEMENT_3D('',#21573,#21574,#21575);
#21573=CARTESIAN_POINT('',(25.4,-4.71489017671731E-016,7.7));
#21574=DIRECTION('',(-6.12323399573677E-017,-6.12323399573677E-017,1.));
#21575=DIRECTION('',(-1.,-1.22464679914736E-016,-6.12323399573677E-017));
#21576=CARTESIAN_POINT('',(25.1,-3.42901103761259E-016,5.));
#21577=AXIS2_PLACEMENT_3D('',#21578,#21579,#21580);
#21578=CARTESIAN_POINT('',(25.4,-3.06161699786838E-016,5.));
#21579=DIRECTION('',(-6.12323399573677E-017,-6.12323399573677E-017,1.));
#21580=DIRECTION('',(-1.,-1.22464679914735E-016,-6.12323399573677E-017));
#21581=CARTESIAN_POINT('',(24.5,-4.163799117101E-016,5.));
#21582=AXIS2_PLACEMENT_3D('',#21583,#21584,#21585);
#21583=CARTESIAN_POINT('',(25.4,-3.06161699786838E-016,5.));
#21584=DIRECTION('',(-6.12323399573677E-017,-6.12323399573677E-017,1.));
#21585=DIRECTION('',(-1.,-1.22464679914735E-016,-6.12323399573677E-017));
#21586=CARTESIAN_POINT('',(24.5,-3.55147571752732E-016,4.));
#21587=AXIS2_PLACEMENT_3D('',#21588,#21589,#21590);
#21588=CARTESIAN_POINT('',(25.4,-2.44929359829471E-016,4.));
#21589=DIRECTION('',(-6.12323399573677E-017,-6.12323399573677E-017,1.));
#21590=DIRECTION('',(-1.,-1.22464679914735E-016,-6.12323399573677E-017));
#21591=CARTESIAN_POINT('',(24.74,-3.25756048573196E-016,4.));
#21592=AXIS2_PLACEMENT_3D('',#21593,#21594,#21595);
#21593=CARTESIAN_POINT('',(25.4,-2.44929359829471E-016,4.));
#21594=DIRECTION('',(-6.12323399573677E-017,-6.12323399573677E-017,1.));
#21595=DIRECTION('',(-1.,-1.22464679914735E-016,-6.12323399573677E-017));
#21596=CARTESIAN_POINT('',(24.74,-1.07156594925393E-016,0.43));
#21597=AXIS2_PLACEMENT_3D('',#21598,#21599,#21600);
#21598=CARTESIAN_POINT('',(25.4,-2.63299061816681E-017,0.43));
#21599=DIRECTION('',(-6.12323399573677E-017,-6.12323399573677E-017,1.));
#21600=DIRECTION('',(-1.,-1.22464679914735E-016,-6.12323399573677E-017));
#21601=CARTESIAN_POINT('',(25.17,-2.81668763803891E-017,-2.81668763803891E-017));
#21602=AXIS2_PLACEMENT_3D('',#21603,#21604,#21605);
#21603=CARTESIAN_POINT('',(25.4,0.,0.));
#21604=DIRECTION('',(-6.12323399573677E-017,-6.12323399573676E-017,1.));
#21605=DIRECTION('',(-1.,-1.22464679914735E-016,-6.12323399573677E-017));
#21606=CARTESIAN_POINT('',(25.17,1.83697019872103E-016,-3.46));
#21607=AXIS2_PLACEMENT_3D('',#21608,#21609,#21610);
#21608=CARTESIAN_POINT('',(25.4,2.11863896252492E-016,-3.46));
#21609=DIRECTION('',(-6.12323399573675E-017,-6.12323399573677E-017,1.));
#21610=DIRECTION('',(-1.,-1.22464679914735E-016,-6.12323399573675E-017));
#21611=CARTESIAN_POINT('',(27.64,-5.08228421646152E-016,7.7));
#21612=AXIS2_PLACEMENT_3D('',#21613,#21614,#21615);
#21613=CARTESIAN_POINT('',(27.94,-4.71489017671731E-016,7.7));
#21614=DIRECTION('',(-6.12323399573677E-017,-6.12323399573677E-017,1.));
#21615=DIRECTION('',(-1.,-1.22464679914736E-016,-6.12323399573677E-017));
#21616=CARTESIAN_POINT('',(27.64,-3.42901103761259E-016,5.));
#21617=AXIS2_PLACEMENT_3D('',#21618,#21619,#21620);
#21618=CARTESIAN_POINT('',(27.94,-3.06161699786838E-016,5.));
#21619=DIRECTION('',(-6.12323399573677E-017,-6.12323399573677E-017,1.));
#21620=DIRECTION('',(-1.,-1.22464679914735E-016,-6.12323399573677E-017));
#21621=CARTESIAN_POINT('',(27.04,-4.163799117101E-016,5.));
#21622=AXIS2_PLACEMENT_3D('',#21623,#21624,#21625);
#21623=CARTESIAN_POINT('',(27.94,-3.06161699786838E-016,5.));
#21624=DIRECTION('',(-6.12323399573677E-017,-6.12323399573677E-017,1.));
#21625=DIRECTION('',(-1.,-1.22464679914735E-016,-6.12323399573677E-017));
#21626=CARTESIAN_POINT('',(27.04,-3.55147571752732E-016,4.));
#21627=AXIS2_PLACEMENT_3D('',#21628,#21629,#21630);
#21628=CARTESIAN_POINT('',(27.94,-2.44929359829471E-016,4.));
#21629=DIRECTION('',(-6.12323399573677E-017,-6.12323399573677E-017,1.));
#21630=DIRECTION('',(-1.,-1.22464679914735E-016,-6.12323399573677E-017));
#21631=CARTESIAN_POINT('',(27.28,-3.25756048573196E-016,4.));
#21632=AXIS2_PLACEMENT_3D('',#21633,#21634,#21635);
#21633=CARTESIAN_POINT('',(27.94,-2.44929359829471E-016,4.));
#21634=DIRECTION('',(-6.12323399573677E-017,-6.12323399573677E-017,1.));
#21635=DIRECTION('',(-1.,-1.22464679914735E-016,-6.12323399573677E-017));
#21636=CARTESIAN_POINT('',(27.28,-1.07156594925393E-016,0.43));
#21637=AXIS2_PLACEMENT_3D('',#21638,#21639,#21640);
#21638=CARTESIAN_POINT('',(27.94,-2.63299061816681E-017,0.43));
#21639=DIRECTION('',(-6.12323399573677E-017,-6.12323399573677E-017,1.));
#21640=DIRECTION('',(-1.,-1.22464679914735E-016,-6.12323399573677E-017));
#21641=CARTESIAN_POINT('',(27.71,-2.81668763803891E-017,-2.81668763803891E-017));
#21642=AXIS2_PLACEMENT_3D('',#21643,#21644,#21645);
#21643=CARTESIAN_POINT('',(27.94,0.,0.));
#21644=DIRECTION('',(-6.12323399573677E-017,-6.12323399573676E-017,1.));
#21645=DIRECTION('',(-1.,-1.22464679914735E-016,-6.12323399573677E-017));
#21646=CARTESIAN_POINT('',(27.71,1.83697019872103E-016,-3.46));
#21647=AXIS2_PLACEMENT_3D('',#21648,#21649,#21650);
#21648=CARTESIAN_POINT('',(27.94,2.11863896252492E-016,-3.46));
#21649=DIRECTION('',(-6.12323399573675E-017,-6.12323399573677E-017,1.));
#21650=DIRECTION('',(-1.,-1.22464679914735E-016,-6.12323399573675E-017));
#21651=CARTESIAN_POINT('',(30.18,-5.08228421646152E-016,7.7));
#21652=AXIS2_PLACEMENT_3D('',#21653,#21654,#21655);
#21653=CARTESIAN_POINT('',(30.48,-4.71489017671731E-016,7.7));
#21654=DIRECTION('',(-6.12323399573677E-017,-6.12323399573677E-017,1.));
#21655=DIRECTION('',(-1.,-1.22464679914736E-016,-6.12323399573677E-017));
#21656=CARTESIAN_POINT('',(30.18,-3.42901103761259E-016,5.));
#21657=AXIS2_PLACEMENT_3D('',#21658,#21659,#21660);
#21658=CARTESIAN_POINT('',(30.48,-3.06161699786838E-016,5.));
#21659=DIRECTION('',(-6.12323399573677E-017,-6.12323399573677E-017,1.));
#21660=DIRECTION('',(-1.,-1.22464679914735E-016,-6.12323399573677E-017));
#21661=CARTESIAN_POINT('',(29.58,-4.163799117101E-016,5.));
#21662=AXIS2_PLACEMENT_3D('',#21663,#21664,#21665);
#21663=CARTESIAN_POINT('',(30.48,-3.06161699786838E-016,5.));
#21664=DIRECTION('',(-6.12323399573677E-017,-6.12323399573677E-017,1.));
#21665=DIRECTION('',(-1.,-1.22464679914735E-016,-6.12323399573677E-017));
#21666=CARTESIAN_POINT('',(29.58,-3.55147571752732E-016,4.));
#21667=AXIS2_PLACEMENT_3D('',#21668,#21669,#21670);
#21668=CARTESIAN_POINT('',(30.48,-2.44929359829471E-016,4.));
#21669=DIRECTION('',(-6.12323399573677E-017,-6.12323399573677E-017,1.));
#21670=DIRECTION('',(-1.,-1.22464679914735E-016,-6.12323399573677E-017));
#21671=CARTESIAN_POINT('',(29.82,-3.25756048573196E-016,4.));
#21672=AXIS2_PLACEMENT_3D('',#21673,#21674,#21675);
#21673=CARTESIAN_POINT('',(30.48,-2.44929359829471E-016,4.));
#21674=DIRECTION('',(-6.12323399573677E-017,-6.12323399573677E-017,1.));
#21675=DIRECTION('',(-1.,-1.22464679914735E-016,-6.12323399573677E-017));
#21676=CARTESIAN_POINT('',(29.82,-1.07156594925393E-016,0.43));
#21677=AXIS2_PLACEMENT_3D('',#21678,#21679,#21680);
#21678=CARTESIAN_POINT('',(30.48,-2.63299061816681E-017,0.43));
#21679=DIRECTION('',(-6.12323399573677E-017,-6.12323399573677E-017,1.));
#21680=DIRECTION('',(-1.,-1.22464679914735E-016,-6.12323399573677E-017));
#21681=CARTESIAN_POINT('',(30.25,-2.81668763803891E-017,-2.81668763803891E-017));
#21682=AXIS2_PLACEMENT_3D('',#21683,#21684,#21685);
#21683=CARTESIAN_POINT('',(30.48,0.,0.));
#21684=DIRECTION('',(-6.12323399573677E-017,-6.12323399573676E-017,1.));
#21685=DIRECTION('',(-1.,-1.22464679914735E-016,-6.12323399573677E-017));
#21686=CARTESIAN_POINT('',(30.25,1.83697019872103E-016,-3.46));
#21687=AXIS2_PLACEMENT_3D('',#21688,#21689,#21690);
#21688=CARTESIAN_POINT('',(30.48,2.11863896252492E-016,-3.46));
#21689=DIRECTION('',(-6.12323399573675E-017,-6.12323399573677E-017,1.));
#21690=DIRECTION('',(-1.,-1.22464679914735E-016,-6.12323399573675E-017));
#21691=CARTESIAN_POINT('',(32.72,-5.08228421646152E-016,7.7));
#21692=AXIS2_PLACEMENT_3D('',#21693,#21694,#21695);
#21693=CARTESIAN_POINT('',(33.02,-4.71489017671731E-016,7.7));
#21694=DIRECTION('',(-6.12323399573677E-017,-6.12323399573677E-017,1.));
#21695=DIRECTION('',(-1.,-1.22464679914737E-016,-6.12323399573677E-017));
#21696=CARTESIAN_POINT('',(32.72,-3.42901103761259E-016,5.));
#21697=AXIS2_PLACEMENT_3D('',#21698,#21699,#21700);
#21698=CARTESIAN_POINT('',(33.02,-3.06161699786838E-016,5.));
#21699=DIRECTION('',(-6.12323399573677E-017,-6.12323399573677E-017,1.));
#21700=DIRECTION('',(-1.,-1.22464679914735E-016,-6.12323399573677E-017));
#21701=CARTESIAN_POINT('',(32.12,-4.163799117101E-016,5.));
#21702=AXIS2_PLACEMENT_3D('',#21703,#21704,#21705);
#21703=CARTESIAN_POINT('',(33.02,-3.06161699786838E-016,5.));
#21704=DIRECTION('',(-6.12323399573677E-017,-6.12323399573677E-017,1.));
#21705=DIRECTION('',(-1.,-1.22464679914735E-016,-6.12323399573677E-017));
#21706=CARTESIAN_POINT('',(32.12,-3.55147571752732E-016,4.));
#21707=AXIS2_PLACEMENT_3D('',#21708,#21709,#21710);
#21708=CARTESIAN_POINT('',(33.02,-2.44929359829471E-016,4.));
#21709=DIRECTION('',(-6.12323399573677E-017,-6.12323399573677E-017,1.));
#21710=DIRECTION('',(-1.,-1.22464679914735E-016,-6.12323399573677E-017));
#21711=CARTESIAN_POINT('',(32.36,-3.25756048573196E-016,4.));
#21712=AXIS2_PLACEMENT_3D('',#21713,#21714,#21715);
#21713=CARTESIAN_POINT('',(33.02,-2.44929359829471E-016,4.));
#21714=DIRECTION('',(-6.12323399573677E-017,-6.12323399573677E-017,1.));
#21715=DIRECTION('',(-1.,-1.22464679914735E-016,-6.12323399573677E-017));
#21716=CARTESIAN_POINT('',(32.36,-1.07156594925393E-016,0.43));
#21717=AXIS2_PLACEMENT_3D('',#21718,#21719,#21720);
#21718=CARTESIAN_POINT('',(33.02,-2.63299061816681E-017,0.43));
#21719=DIRECTION('',(-6.12323399573677E-017,-6.12323399573677E-017,1.));
#21720=DIRECTION('',(-1.,-1.22464679914736E-016,-6.12323399573677E-017));
#21721=CARTESIAN_POINT('',(32.79,-2.81668763803891E-017,-2.81668763803891E-017));
#21722=AXIS2_PLACEMENT_3D('',#21723,#21724,#21725);
#21723=CARTESIAN_POINT('',(33.02,0.,0.));
#21724=DIRECTION('',(-6.12323399573677E-017,-6.12323399573676E-017,1.));
#21725=DIRECTION('',(-1.,-1.22464679914737E-016,-6.12323399573677E-017));
#21726=CARTESIAN_POINT('',(32.79,1.83697019872103E-016,-3.46));
#21727=AXIS2_PLACEMENT_3D('',#21728,#21729,#21730);
#21728=CARTESIAN_POINT('',(33.02,2.11863896252492E-016,-3.46));
#21729=DIRECTION('',(-6.12323399573675E-017,-6.12323399573677E-017,1.));
#21730=DIRECTION('',(-1.,-1.22464679914737E-016,-6.12323399573675E-017));
#21731=CARTESIAN_POINT('',(35.26,-5.08228421646152E-016,7.7));
#21732=AXIS2_PLACEMENT_3D('',#21733,#21734,#21735);
#21733=CARTESIAN_POINT('',(35.56,-4.71489017671731E-016,7.7));
#21734=DIRECTION('',(-6.12323399573677E-017,-6.12323399573677E-017,1.));
#21735=DIRECTION('',(-1.,-1.22464679914737E-016,-6.12323399573677E-017));
#21736=CARTESIAN_POINT('',(35.26,-3.42901103761259E-016,5.));
#21737=AXIS2_PLACEMENT_3D('',#21738,#21739,#21740);
#21738=CARTESIAN_POINT('',(35.56,-3.06161699786838E-016,5.));
#21739=DIRECTION('',(-6.12323399573677E-017,-6.12323399573677E-017,1.));
#21740=DIRECTION('',(-1.,-1.22464679914735E-016,-6.12323399573677E-017));
#21741=CARTESIAN_POINT('',(34.66,-4.163799117101E-016,5.));
#21742=AXIS2_PLACEMENT_3D('',#21743,#21744,#21745);
#21743=CARTESIAN_POINT('',(35.56,-3.06161699786838E-016,5.));
#21744=DIRECTION('',(-6.12323399573677E-017,-6.12323399573677E-017,1.));
#21745=DIRECTION('',(-1.,-1.22464679914735E-016,-6.12323399573677E-017));
#21746=CARTESIAN_POINT('',(34.66,-3.55147571752732E-016,4.));
#21747=AXIS2_PLACEMENT_3D('',#21748,#21749,#21750);
#21748=CARTESIAN_POINT('',(35.56,-2.44929359829471E-016,4.));
#21749=DIRECTION('',(-6.12323399573677E-017,-6.12323399573677E-017,1.));
#21750=DIRECTION('',(-1.,-1.22464679914735E-016,-6.12323399573677E-017));
#21751=CARTESIAN_POINT('',(34.9,-3.25756048573196E-016,4.));
#21752=AXIS2_PLACEMENT_3D('',#21753,#21754,#21755);
#21753=CARTESIAN_POINT('',(35.56,-2.44929359829471E-016,4.));
#21754=DIRECTION('',(-6.12323399573677E-017,-6.12323399573677E-017,1.));
#21755=DIRECTION('',(-1.,-1.22464679914735E-016,-6.12323399573677E-017));
#21756=CARTESIAN_POINT('',(34.9,-1.07156594925393E-016,0.43));
#21757=AXIS2_PLACEMENT_3D('',#21758,#21759,#21760);
#21758=CARTESIAN_POINT('',(35.56,-2.63299061816681E-017,0.43));
#21759=DIRECTION('',(-6.12323399573677E-017,-6.12323399573677E-017,1.));
#21760=DIRECTION('',(-1.,-1.22464679914736E-016,-6.12323399573677E-017));
#21761=CARTESIAN_POINT('',(35.33,-2.81668763803891E-017,-2.81668763803891E-017));
#21762=AXIS2_PLACEMENT_3D('',#21763,#21764,#21765);
#21763=CARTESIAN_POINT('',(35.56,0.,0.));
#21764=DIRECTION('',(-6.12323399573677E-017,-6.12323399573676E-017,1.));
#21765=DIRECTION('',(-1.,-1.22464679914737E-016,-6.12323399573677E-017));
#21766=CARTESIAN_POINT('',(35.33,1.83697019872103E-016,-3.46));
#21767=AXIS2_PLACEMENT_3D('',#21768,#21769,#21770);
#21768=CARTESIAN_POINT('',(35.56,2.11863896252492E-016,-3.46));
#21769=DIRECTION('',(-6.12323399573675E-017,-6.12323399573677E-017,1.));
#21770=DIRECTION('',(-1.,-1.22464679914737E-016,-6.12323399573675E-017));
#21771=CARTESIAN_POINT('',(37.8,-5.08228421646152E-016,7.7));
#21772=AXIS2_PLACEMENT_3D('',#21773,#21774,#21775);
#21773=CARTESIAN_POINT('',(38.1,-4.71489017671731E-016,7.7));
#21774=DIRECTION('',(-6.12323399573677E-017,-6.12323399573677E-017,1.));
#21775=DIRECTION('',(-1.,-1.22464679914737E-016,-6.12323399573677E-017));
#21776=CARTESIAN_POINT('',(37.8,-3.42901103761259E-016,5.));
#21777=AXIS2_PLACEMENT_3D('',#21778,#21779,#21780);
#21778=CARTESIAN_POINT('',(38.1,-3.06161699786838E-016,5.));
#21779=DIRECTION('',(-6.12323399573677E-017,-6.12323399573677E-017,1.));
#21780=DIRECTION('',(-1.,-1.22464679914735E-016,-6.12323399573677E-017));
#21781=CARTESIAN_POINT('',(37.2,-4.163799117101E-016,5.));
#21782=AXIS2_PLACEMENT_3D('',#21783,#21784,#21785);
#21783=CARTESIAN_POINT('',(38.1,-3.06161699786838E-016,5.));
#21784=DIRECTION('',(-6.12323399573677E-017,-6.12323399573677E-017,1.));
#21785=DIRECTION('',(-1.,-1.22464679914735E-016,-6.12323399573677E-017));
#21786=CARTESIAN_POINT('',(37.2,-3.55147571752732E-016,4.));
#21787=AXIS2_PLACEMENT_3D('',#21788,#21789,#21790);
#21788=CARTESIAN_POINT('',(38.1,-2.44929359829471E-016,4.));
#21789=DIRECTION('',(-6.12323399573677E-017,-6.12323399573677E-017,1.));
#21790=DIRECTION('',(-1.,-1.22464679914735E-016,-6.12323399573677E-017));
#21791=CARTESIAN_POINT('',(37.44,-3.25756048573196E-016,4.));
#21792=AXIS2_PLACEMENT_3D('',#21793,#21794,#21795);
#21793=CARTESIAN_POINT('',(38.1,-2.44929359829471E-016,4.));
#21794=DIRECTION('',(-6.12323399573677E-017,-6.12323399573677E-017,1.));
#21795=DIRECTION('',(-1.,-1.22464679914735E-016,-6.12323399573677E-017));
#21796=CARTESIAN_POINT('',(37.44,-1.07156594925393E-016,0.43));
#21797=AXIS2_PLACEMENT_3D('',#21798,#21799,#21800);
#21798=CARTESIAN_POINT('',(38.1,-2.63299061816681E-017,0.43));
#21799=DIRECTION('',(-6.12323399573677E-017,-6.12323399573677E-017,1.));
#21800=DIRECTION('',(-1.,-1.22464679914736E-016,-6.12323399573677E-017));
#21801=CARTESIAN_POINT('',(37.87,-2.81668763803891E-017,-2.81668763803891E-017));
#21802=AXIS2_PLACEMENT_3D('',#21803,#21804,#21805);
#21803=CARTESIAN_POINT('',(38.1,0.,0.));
#21804=DIRECTION('',(-6.12323399573677E-017,-6.12323399573676E-017,1.));
#21805=DIRECTION('',(-1.,-1.22464679914737E-016,-6.12323399573677E-017));
#21806=CARTESIAN_POINT('',(37.87,1.83697019872103E-016,-3.46));
#21807=AXIS2_PLACEMENT_3D('',#21808,#21809,#21810);
#21808=CARTESIAN_POINT('',(38.1,2.11863896252492E-016,-3.46));
#21809=DIRECTION('',(-6.12323399573675E-017,-6.12323399573677E-017,1.));
#21810=DIRECTION('',(-1.,-1.22464679914737E-016,-6.12323399573675E-017));
#21811=CARTESIAN_POINT('',(40.34,-5.08228421646152E-016,7.7));
#21812=AXIS2_PLACEMENT_3D('',#21813,#21814,#21815);
#21813=CARTESIAN_POINT('',(40.64,-4.71489017671731E-016,7.7));
#21814=DIRECTION('',(-6.12323399573677E-017,-6.12323399573677E-017,1.));
#21815=DIRECTION('',(-1.,-1.22464679914737E-016,-6.12323399573677E-017));
#21816=CARTESIAN_POINT('',(40.34,-3.42901103761259E-016,5.));
#21817=AXIS2_PLACEMENT_3D('',#21818,#21819,#21820);
#21818=CARTESIAN_POINT('',(40.64,-3.06161699786838E-016,5.));
#21819=DIRECTION('',(-6.12323399573677E-017,-6.12323399573677E-017,1.));
#21820=DIRECTION('',(-1.,-1.22464679914735E-016,-6.12323399573677E-017));
#21821=CARTESIAN_POINT('',(39.74,-4.163799117101E-016,5.));
#21822=AXIS2_PLACEMENT_3D('',#21823,#21824,#21825);
#21823=CARTESIAN_POINT('',(40.64,-3.06161699786838E-016,5.));
#21824=DIRECTION('',(-6.12323399573677E-017,-6.12323399573677E-017,1.));
#21825=DIRECTION('',(-1.,-1.22464679914735E-016,-6.12323399573677E-017));
#21826=CARTESIAN_POINT('',(39.74,-3.55147571752732E-016,4.));
#21827=AXIS2_PLACEMENT_3D('',#21828,#21829,#21830);
#21828=CARTESIAN_POINT('',(40.64,-2.44929359829471E-016,4.));
#21829=DIRECTION('',(-6.12323399573677E-017,-6.12323399573677E-017,1.));
#21830=DIRECTION('',(-1.,-1.22464679914735E-016,-6.12323399573677E-017));
#21831=CARTESIAN_POINT('',(39.98,-3.25756048573196E-016,4.));
#21832=AXIS2_PLACEMENT_3D('',#21833,#21834,#21835);
#21833=CARTESIAN_POINT('',(40.64,-2.44929359829471E-016,4.));
#21834=DIRECTION('',(-6.12323399573677E-017,-6.12323399573677E-017,1.));
#21835=DIRECTION('',(-1.,-1.22464679914735E-016,-6.12323399573677E-017));
#21836=CARTESIAN_POINT('',(39.98,-1.07156594925393E-016,0.43));
#21837=AXIS2_PLACEMENT_3D('',#21838,#21839,#21840);
#21838=CARTESIAN_POINT('',(40.64,-2.63299061816681E-017,0.43));
#21839=DIRECTION('',(-6.12323399573677E-017,-6.12323399573677E-017,1.));
#21840=DIRECTION('',(-1.,-1.22464679914736E-016,-6.12323399573677E-017));
#21841=CARTESIAN_POINT('',(40.41,-2.81668763803891E-017,-2.81668763803891E-017));
#21842=AXIS2_PLACEMENT_3D('',#21843,#21844,#21845);
#21843=CARTESIAN_POINT('',(40.64,0.,0.));
#21844=DIRECTION('',(-6.12323399573677E-017,-6.12323399573676E-017,1.));
#21845=DIRECTION('',(-1.,-1.22464679914737E-016,-6.12323399573677E-017));
#21846=CARTESIAN_POINT('',(40.41,1.83697019872103E-016,-3.46));
#21847=AXIS2_PLACEMENT_3D('',#21848,#21849,#21850);
#21848=CARTESIAN_POINT('',(40.64,2.11863896252492E-016,-3.46));
#21849=DIRECTION('',(-6.12323399573675E-017,-6.12323399573677E-017,1.));
#21850=DIRECTION('',(-1.,-1.22464679914737E-016,-6.12323399573675E-017));
#21851=CARTESIAN_POINT('',(42.88,-5.08228421646152E-016,7.7));
#21852=AXIS2_PLACEMENT_3D('',#21853,#21854,#21855);
#21853=CARTESIAN_POINT('',(43.18,-4.71489017671731E-016,7.7));
#21854=DIRECTION('',(-6.12323399573677E-017,-6.12323399573677E-017,1.));
#21855=DIRECTION('',(-1.,-1.22464679914737E-016,-6.12323399573677E-017));
#21856=CARTESIAN_POINT('',(42.88,-3.42901103761259E-016,5.));
#21857=AXIS2_PLACEMENT_3D('',#21858,#21859,#21860);
#21858=CARTESIAN_POINT('',(43.18,-3.06161699786838E-016,5.));
#21859=DIRECTION('',(-6.12323399573677E-017,-6.12323399573677E-017,1.));
#21860=DIRECTION('',(-1.,-1.22464679914735E-016,-6.12323399573677E-017));
#21861=CARTESIAN_POINT('',(42.28,-4.163799117101E-016,5.));
#21862=AXIS2_PLACEMENT_3D('',#21863,#21864,#21865);
#21863=CARTESIAN_POINT('',(43.18,-3.06161699786838E-016,5.));
#21864=DIRECTION('',(-6.12323399573677E-017,-6.12323399573677E-017,1.));
#21865=DIRECTION('',(-1.,-1.22464679914735E-016,-6.12323399573677E-017));
#21866=CARTESIAN_POINT('',(42.28,-3.55147571752732E-016,4.));
#21867=AXIS2_PLACEMENT_3D('',#21868,#21869,#21870);
#21868=CARTESIAN_POINT('',(43.18,-2.44929359829471E-016,4.));
#21869=DIRECTION('',(-6.12323399573677E-017,-6.12323399573677E-017,1.));
#21870=DIRECTION('',(-1.,-1.22464679914735E-016,-6.12323399573677E-017));
#21871=CARTESIAN_POINT('',(42.52,-3.25756048573196E-016,4.));
#21872=AXIS2_PLACEMENT_3D('',#21873,#21874,#21875);
#21873=CARTESIAN_POINT('',(43.18,-2.44929359829471E-016,4.));
#21874=DIRECTION('',(-6.12323399573677E-017,-6.12323399573677E-017,1.));
#21875=DIRECTION('',(-1.,-1.22464679914735E-016,-6.12323399573677E-017));
#21876=CARTESIAN_POINT('',(42.52,-1.07156594925393E-016,0.43));
#21877=AXIS2_PLACEMENT_3D('',#21878,#21879,#21880);
#21878=CARTESIAN_POINT('',(43.18,-2.63299061816681E-017,0.43));
#21879=DIRECTION('',(-6.12323399573677E-017,-6.12323399573677E-017,1.));
#21880=DIRECTION('',(-1.,-1.22464679914736E-016,-6.12323399573677E-017));
#21881=CARTESIAN_POINT('',(42.95,-2.81668763803891E-017,-2.81668763803891E-017));
#21882=AXIS2_PLACEMENT_3D('',#21883,#21884,#21885);
#21883=CARTESIAN_POINT('',(43.18,0.,0.));
#21884=DIRECTION('',(-6.12323399573677E-017,-6.12323399573676E-017,1.));
#21885=DIRECTION('',(-1.,-1.22464679914737E-016,-6.12323399573677E-017));
#21886=CARTESIAN_POINT('',(42.95,1.83697019872103E-016,-3.46));
#21887=AXIS2_PLACEMENT_3D('',#21888,#21889,#21890);
#21888=CARTESIAN_POINT('',(43.18,2.11863896252492E-016,-3.46));
#21889=DIRECTION('',(-6.12323399573675E-017,-6.12323399573677E-017,1.));
#21890=DIRECTION('',(-1.,-1.22464679914737E-016,-6.12323399573675E-017));
#21891=CARTESIAN_POINT('',(45.42,-5.08228421646152E-016,7.7));
#21892=AXIS2_PLACEMENT_3D('',#21893,#21894,#21895);
#21893=CARTESIAN_POINT('',(45.72,-4.71489017671731E-016,7.7));
#21894=DIRECTION('',(-6.12323399573677E-017,-6.12323399573677E-017,1.));
#21895=DIRECTION('',(-1.,-1.22464679914737E-016,-6.12323399573677E-017));
#21896=CARTESIAN_POINT('',(45.42,-3.42901103761259E-016,5.));
#21897=AXIS2_PLACEMENT_3D('',#21898,#21899,#21900);
#21898=CARTESIAN_POINT('',(45.72,-3.06161699786838E-016,5.));
#21899=DIRECTION('',(-6.12323399573677E-017,-6.12323399573677E-017,1.));
#21900=DIRECTION('',(-1.,-1.22464679914735E-016,-6.12323399573677E-017));
#21901=CARTESIAN_POINT('',(44.82,-4.163799117101E-016,5.));
#21902=AXIS2_PLACEMENT_3D('',#21903,#21904,#21905);
#21903=CARTESIAN_POINT('',(45.72,-3.06161699786838E-016,5.));
#21904=DIRECTION('',(-6.12323399573677E-017,-6.12323399573677E-017,1.));
#21905=DIRECTION('',(-1.,-1.22464679914735E-016,-6.12323399573677E-017));
#21906=CARTESIAN_POINT('',(44.82,-3.55147571752732E-016,4.));
#21907=AXIS2_PLACEMENT_3D('',#21908,#21909,#21910);
#21908=CARTESIAN_POINT('',(45.72,-2.44929359829471E-016,4.));
#21909=DIRECTION('',(-6.12323399573677E-017,-6.12323399573677E-017,1.));
#21910=DIRECTION('',(-1.,-1.22464679914735E-016,-6.12323399573677E-017));
#21911=CARTESIAN_POINT('',(45.06,-3.25756048573196E-016,4.));
#21912=AXIS2_PLACEMENT_3D('',#21913,#21914,#21915);
#21913=CARTESIAN_POINT('',(45.72,-2.44929359829471E-016,4.));
#21914=DIRECTION('',(-6.12323399573677E-017,-6.12323399573677E-017,1.));
#21915=DIRECTION('',(-1.,-1.22464679914735E-016,-6.12323399573677E-017));
#21916=CARTESIAN_POINT('',(45.06,-1.07156594925393E-016,0.43));
#21917=AXIS2_PLACEMENT_3D('',#21918,#21919,#21920);
#21918=CARTESIAN_POINT('',(45.72,-2.63299061816681E-017,0.43));
#21919=DIRECTION('',(-6.12323399573677E-017,-6.12323399573677E-017,1.));
#21920=DIRECTION('',(-1.,-1.22464679914736E-016,-6.12323399573677E-017));
#21921=CARTESIAN_POINT('',(45.49,-2.81668763803891E-017,-2.81668763803891E-017));
#21922=AXIS2_PLACEMENT_3D('',#21923,#21924,#21925);
#21923=CARTESIAN_POINT('',(45.72,0.,0.));
#21924=DIRECTION('',(-6.12323399573677E-017,-6.12323399573676E-017,1.));
#21925=DIRECTION('',(-1.,-1.22464679914737E-016,-6.12323399573677E-017));
#21926=CARTESIAN_POINT('',(45.49,1.83697019872103E-016,-3.46));
#21927=AXIS2_PLACEMENT_3D('',#21928,#21929,#21930);
#21928=CARTESIAN_POINT('',(45.72,2.11863896252492E-016,-3.46));
#21929=DIRECTION('',(-6.12323399573675E-017,-6.12323399573677E-017,1.));
#21930=DIRECTION('',(-1.,-1.22464679914737E-016,-6.12323399573675E-017));
#21931=CARTESIAN_POINT('',(47.96,-5.08228421646152E-016,7.7));
#21932=AXIS2_PLACEMENT_3D('',#21933,#21934,#21935);
#21933=CARTESIAN_POINT('',(48.26,-4.71489017671731E-016,7.7));
#21934=DIRECTION('',(-6.12323399573677E-017,-6.12323399573677E-017,1.));
#21935=DIRECTION('',(-1.,-1.22464679914737E-016,-6.12323399573677E-017));
#21936=CARTESIAN_POINT('',(47.96,-3.42901103761259E-016,5.));
#21937=AXIS2_PLACEMENT_3D('',#21938,#21939,#21940);
#21938=CARTESIAN_POINT('',(48.26,-3.06161699786838E-016,5.));
#21939=DIRECTION('',(-6.12323399573677E-017,-6.12323399573677E-017,1.));
#21940=DIRECTION('',(-1.,-1.22464679914735E-016,-6.12323399573677E-017));
#21941=CARTESIAN_POINT('',(47.36,-4.163799117101E-016,5.));
#21942=AXIS2_PLACEMENT_3D('',#21943,#21944,#21945);
#21943=CARTESIAN_POINT('',(48.26,-3.06161699786838E-016,5.));
#21944=DIRECTION('',(-6.12323399573677E-017,-6.12323399573677E-017,1.));
#21945=DIRECTION('',(-1.,-1.22464679914735E-016,-6.12323399573677E-017));
#21946=CARTESIAN_POINT('',(47.36,-3.55147571752732E-016,4.));
#21947=AXIS2_PLACEMENT_3D('',#21948,#21949,#21950);
#21948=CARTESIAN_POINT('',(48.26,-2.44929359829471E-016,4.));
#21949=DIRECTION('',(-6.12323399573677E-017,-6.12323399573677E-017,1.));
#21950=DIRECTION('',(-1.,-1.22464679914735E-016,-6.12323399573677E-017));
#21951=CARTESIAN_POINT('',(47.6,-3.25756048573196E-016,4.));
#21952=AXIS2_PLACEMENT_3D('',#21953,#21954,#21955);
#21953=CARTESIAN_POINT('',(48.26,-2.44929359829471E-016,4.));
#21954=DIRECTION('',(-6.12323399573677E-017,-6.12323399573677E-017,1.));
#21955=DIRECTION('',(-1.,-1.22464679914735E-016,-6.12323399573677E-017));
#21956=CARTESIAN_POINT('',(47.6,-1.07156594925393E-016,0.43));
#21957=AXIS2_PLACEMENT_3D('',#21958,#21959,#21960);
#21958=CARTESIAN_POINT('',(48.26,-2.63299061816681E-017,0.43));
#21959=DIRECTION('',(-6.12323399573677E-017,-6.12323399573677E-017,1.));
#21960=DIRECTION('',(-1.,-1.22464679914736E-016,-6.12323399573677E-017));
#21961=CARTESIAN_POINT('',(48.03,-2.81668763803891E-017,-2.81668763803891E-017));
#21962=AXIS2_PLACEMENT_3D('',#21963,#21964,#21965);
#21963=CARTESIAN_POINT('',(48.26,0.,0.));
#21964=DIRECTION('',(-6.12323399573677E-017,-6.12323399573676E-017,1.));
#21965=DIRECTION('',(-1.,-1.22464679914737E-016,-6.12323399573677E-017));
#21966=CARTESIAN_POINT('',(48.03,1.83697019872103E-016,-3.46));
#21967=AXIS2_PLACEMENT_3D('',#21968,#21969,#21970);
#21968=CARTESIAN_POINT('',(48.26,2.11863896252492E-016,-3.46));
#21969=DIRECTION('',(-6.12323399573675E-017,-6.12323399573677E-017,1.));
#21970=DIRECTION('',(-1.,-1.22464679914737E-016,-6.12323399573675E-017));
#21971=CARTESIAN_POINT('',(50.5,-5.08228421646152E-016,7.7));
#21972=AXIS2_PLACEMENT_3D('',#21973,#21974,#21975);
#21973=CARTESIAN_POINT('',(50.8,-4.71489017671731E-016,7.7));
#21974=DIRECTION('',(-6.12323399573677E-017,-6.12323399573677E-017,1.));
#21975=DIRECTION('',(-1.,-1.22464679914737E-016,-6.12323399573677E-017));
#21976=CARTESIAN_POINT('',(50.5,-3.42901103761259E-016,5.));
#21977=AXIS2_PLACEMENT_3D('',#21978,#21979,#21980);
#21978=CARTESIAN_POINT('',(50.8,-3.06161699786838E-016,5.));
#21979=DIRECTION('',(-6.12323399573677E-017,-6.12323399573677E-017,1.));
#21980=DIRECTION('',(-1.,-1.22464679914735E-016,-6.12323399573677E-017));
#21981=CARTESIAN_POINT('',(49.9,-4.163799117101E-016,5.));
#21982=AXIS2_PLACEMENT_3D('',#21983,#21984,#21985);
#21983=CARTESIAN_POINT('',(50.8,-3.06161699786838E-016,5.));
#21984=DIRECTION('',(-6.12323399573677E-017,-6.12323399573677E-017,1.));
#21985=DIRECTION('',(-1.,-1.22464679914735E-016,-6.12323399573677E-017));
#21986=CARTESIAN_POINT('',(49.9,-3.55147571752732E-016,4.));
#21987=AXIS2_PLACEMENT_3D('',#21988,#21989,#21990);
#21988=CARTESIAN_POINT('',(50.8,-2.44929359829471E-016,4.));
#21989=DIRECTION('',(-6.12323399573677E-017,-6.12323399573677E-017,1.));
#21990=DIRECTION('',(-1.,-1.22464679914735E-016,-6.12323399573677E-017));
#21991=CARTESIAN_POINT('',(50.14,-3.25756048573196E-016,4.));
#21992=AXIS2_PLACEMENT_3D('',#21993,#21994,#21995);
#21993=CARTESIAN_POINT('',(50.8,-2.44929359829471E-016,4.));
#21994=DIRECTION('',(-6.12323399573677E-017,-6.12323399573677E-017,1.));
#21995=DIRECTION('',(-1.,-1.22464679914735E-016,-6.12323399573677E-017));
#21996=CARTESIAN_POINT('',(50.14,-1.07156594925393E-016,0.43));
#21997=AXIS2_PLACEMENT_3D('',#21998,#21999,#22000);
#21998=CARTESIAN_POINT('',(50.8,-2.63299061816681E-017,0.43));
#21999=DIRECTION('',(-6.12323399573677E-017,-6.12323399573677E-017,1.));
#22000=DIRECTION('',(-1.,-1.22464679914736E-016,-6.12323399573677E-017));
#22001=CARTESIAN_POINT('',(50.57,-2.81668763803891E-017,-2.81668763803891E-017));
#22002=AXIS2_PLACEMENT_3D('',#22003,#22004,#22005);
#22003=CARTESIAN_POINT('',(50.8,0.,0.));
#22004=DIRECTION('',(-6.12323399573677E-017,-6.12323399573676E-017,1.));
#22005=DIRECTION('',(-1.,-1.22464679914737E-016,-6.12323399573677E-017));
#22006=CARTESIAN_POINT('',(50.57,1.83697019872103E-016,-3.46));
#22007=AXIS2_PLACEMENT_3D('',#22008,#22009,#22010);
#22008=CARTESIAN_POINT('',(50.8,2.11863896252492E-016,-3.46));
#22009=DIRECTION('',(-6.12323399573675E-017,-6.12323399573677E-017,1.));
#22010=DIRECTION('',(-1.,-1.22464679914737E-016,-6.12323399573675E-017));
#22011=CARTESIAN_POINT('',(53.04,-5.08228421646152E-016,7.7));
#22012=AXIS2_PLACEMENT_3D('',#22013,#22014,#22015);
#22013=CARTESIAN_POINT('',(53.34,-4.71489017671731E-016,7.7));
#22014=DIRECTION('',(-6.12323399573677E-017,-6.12323399573677E-017,1.));
#22015=DIRECTION('',(-1.,-1.22464679914737E-016,-6.12323399573677E-017));
#22016=CARTESIAN_POINT('',(53.04,-3.42901103761259E-016,5.));
#22017=AXIS2_PLACEMENT_3D('',#22018,#22019,#22020);
#22018=CARTESIAN_POINT('',(53.34,-3.06161699786838E-016,5.));
#22019=DIRECTION('',(-6.12323399573677E-017,-6.12323399573677E-017,1.));
#22020=DIRECTION('',(-1.,-1.22464679914735E-016,-6.12323399573677E-017));
#22021=CARTESIAN_POINT('',(52.44,-4.163799117101E-016,5.));
#22022=AXIS2_PLACEMENT_3D('',#22023,#22024,#22025);
#22023=CARTESIAN_POINT('',(53.34,-3.06161699786838E-016,5.));
#22024=DIRECTION('',(-6.12323399573677E-017,-6.12323399573677E-017,1.));
#22025=DIRECTION('',(-1.,-1.22464679914735E-016,-6.12323399573677E-017));
#22026=CARTESIAN_POINT('',(52.44,-3.55147571752732E-016,4.));
#22027=AXIS2_PLACEMENT_3D('',#22028,#22029,#22030);
#22028=CARTESIAN_POINT('',(53.34,-2.44929359829471E-016,4.));
#22029=DIRECTION('',(-6.12323399573677E-017,-6.12323399573677E-017,1.));
#22030=DIRECTION('',(-1.,-1.22464679914735E-016,-6.12323399573677E-017));
#22031=CARTESIAN_POINT('',(52.68,-3.25756048573196E-016,4.));
#22032=AXIS2_PLACEMENT_3D('',#22033,#22034,#22035);
#22033=CARTESIAN_POINT('',(53.34,-2.44929359829471E-016,4.));
#22034=DIRECTION('',(-6.12323399573677E-017,-6.12323399573677E-017,1.));
#22035=DIRECTION('',(-1.,-1.22464679914735E-016,-6.12323399573677E-017));
#22036=CARTESIAN_POINT('',(52.68,-1.07156594925393E-016,0.43));
#22037=AXIS2_PLACEMENT_3D('',#22038,#22039,#22040);
#22038=CARTESIAN_POINT('',(53.34,-2.63299061816681E-017,0.43));
#22039=DIRECTION('',(-6.12323399573677E-017,-6.12323399573677E-017,1.));
#22040=DIRECTION('',(-1.,-1.22464679914736E-016,-6.12323399573677E-017));
#22041=CARTESIAN_POINT('',(53.11,-2.81668763803891E-017,-2.81668763803891E-017));
#22042=AXIS2_PLACEMENT_3D('',#22043,#22044,#22045);
#22043=CARTESIAN_POINT('',(53.34,0.,0.));
#22044=DIRECTION('',(-6.12323399573677E-017,-6.12323399573676E-017,1.));
#22045=DIRECTION('',(-1.,-1.22464679914737E-016,-6.12323399573677E-017));
#22046=CARTESIAN_POINT('',(53.11,1.83697019872103E-016,-3.46));
#22047=AXIS2_PLACEMENT_3D('',#22048,#22049,#22050);
#22048=CARTESIAN_POINT('',(53.34,2.11863896252492E-016,-3.46));
#22049=DIRECTION('',(-6.12323399573675E-017,-6.12323399573677E-017,1.));
#22050=DIRECTION('',(-1.,-1.22464679914737E-016,-6.12323399573675E-017));
#22051=CARTESIAN_POINT('',(55.58,-5.08228421646152E-016,7.7));
#22052=AXIS2_PLACEMENT_3D('',#22053,#22054,#22055);
#22053=CARTESIAN_POINT('',(55.88,-4.71489017671731E-016,7.7));
#22054=DIRECTION('',(-6.12323399573677E-017,-6.12323399573677E-017,1.));
#22055=DIRECTION('',(-1.,-1.22464679914737E-016,-6.12323399573677E-017));
#22056=CARTESIAN_POINT('',(55.58,-3.42901103761259E-016,5.));
#22057=AXIS2_PLACEMENT_3D('',#22058,#22059,#22060);
#22058=CARTESIAN_POINT('',(55.88,-3.06161699786838E-016,5.));
#22059=DIRECTION('',(-6.12323399573677E-017,-6.12323399573677E-017,1.));
#22060=DIRECTION('',(-1.,-1.22464679914735E-016,-6.12323399573677E-017));
#22061=CARTESIAN_POINT('',(54.98,-4.163799117101E-016,5.));
#22062=AXIS2_PLACEMENT_3D('',#22063,#22064,#22065);
#22063=CARTESIAN_POINT('',(55.88,-3.06161699786838E-016,5.));
#22064=DIRECTION('',(-6.12323399573677E-017,-6.12323399573677E-017,1.));
#22065=DIRECTION('',(-1.,-1.22464679914735E-016,-6.12323399573677E-017));
#22066=CARTESIAN_POINT('',(54.98,-3.55147571752732E-016,4.));
#22067=AXIS2_PLACEMENT_3D('',#22068,#22069,#22070);
#22068=CARTESIAN_POINT('',(55.88,-2.44929359829471E-016,4.));
#22069=DIRECTION('',(-6.12323399573677E-017,-6.12323399573677E-017,1.));
#22070=DIRECTION('',(-1.,-1.22464679914735E-016,-6.12323399573677E-017));
#22071=CARTESIAN_POINT('',(55.22,-3.25756048573196E-016,4.));
#22072=AXIS2_PLACEMENT_3D('',#22073,#22074,#22075);
#22073=CARTESIAN_POINT('',(55.88,-2.44929359829471E-016,4.));
#22074=DIRECTION('',(-6.12323399573677E-017,-6.12323399573677E-017,1.));
#22075=DIRECTION('',(-1.,-1.22464679914735E-016,-6.12323399573677E-017));
#22076=CARTESIAN_POINT('',(55.22,-1.07156594925393E-016,0.43));
#22077=AXIS2_PLACEMENT_3D('',#22078,#22079,#22080);
#22078=CARTESIAN_POINT('',(55.88,-2.63299061816681E-017,0.43));
#22079=DIRECTION('',(-6.12323399573677E-017,-6.12323399573677E-017,1.));
#22080=DIRECTION('',(-1.,-1.22464679914736E-016,-6.12323399573677E-017));
#22081=CARTESIAN_POINT('',(55.65,-2.81668763803891E-017,-2.81668763803891E-017));
#22082=AXIS2_PLACEMENT_3D('',#22083,#22084,#22085);
#22083=CARTESIAN_POINT('',(55.88,0.,0.));
#22084=DIRECTION('',(-6.12323399573677E-017,-6.12323399573676E-017,1.));
#22085=DIRECTION('',(-1.,-1.22464679914737E-016,-6.12323399573677E-017));
#22086=CARTESIAN_POINT('',(55.65,1.83697019872103E-016,-3.46));
#22087=AXIS2_PLACEMENT_3D('',#22088,#22089,#22090);
#22088=CARTESIAN_POINT('',(55.88,2.11863896252492E-016,-3.46));
#22089=DIRECTION('',(-6.12323399573675E-017,-6.12323399573677E-017,1.));
#22090=DIRECTION('',(-1.,-1.22464679914737E-016,-6.12323399573675E-017));
#22091=CARTESIAN_POINT('',(58.12,-5.08228421646152E-016,7.7));
#22092=AXIS2_PLACEMENT_3D('',#22093,#22094,#22095);
#22093=CARTESIAN_POINT('',(58.42,-4.71489017671731E-016,7.7));
#22094=DIRECTION('',(-6.12323399573677E-017,-6.12323399573677E-017,1.));
#22095=DIRECTION('',(-1.,-1.22464679914737E-016,-6.12323399573677E-017));
#22096=CARTESIAN_POINT('',(58.12,-3.42901103761259E-016,5.));
#22097=AXIS2_PLACEMENT_3D('',#22098,#22099,#22100);
#22098=CARTESIAN_POINT('',(58.42,-3.06161699786838E-016,5.));
#22099=DIRECTION('',(-6.12323399573677E-017,-6.12323399573677E-017,1.));
#22100=DIRECTION('',(-1.,-1.22464679914735E-016,-6.12323399573677E-017));
#22101=CARTESIAN_POINT('',(57.52,-4.163799117101E-016,5.));
#22102=AXIS2_PLACEMENT_3D('',#22103,#22104,#22105);
#22103=CARTESIAN_POINT('',(58.42,-3.06161699786838E-016,5.));
#22104=DIRECTION('',(-6.12323399573677E-017,-6.12323399573677E-017,1.));
#22105=DIRECTION('',(-1.,-1.22464679914735E-016,-6.12323399573677E-017));
#22106=CARTESIAN_POINT('',(57.52,-3.55147571752732E-016,4.));
#22107=AXIS2_PLACEMENT_3D('',#22108,#22109,#22110);
#22108=CARTESIAN_POINT('',(58.42,-2.44929359829471E-016,4.));
#22109=DIRECTION('',(-6.12323399573677E-017,-6.12323399573677E-017,1.));
#22110=DIRECTION('',(-1.,-1.22464679914735E-016,-6.12323399573677E-017));
#22111=CARTESIAN_POINT('',(57.76,-3.25756048573196E-016,4.));
#22112=AXIS2_PLACEMENT_3D('',#22113,#22114,#22115);
#22113=CARTESIAN_POINT('',(58.42,-2.44929359829471E-016,4.));
#22114=DIRECTION('',(-6.12323399573677E-017,-6.12323399573677E-017,1.));
#22115=DIRECTION('',(-1.,-1.22464679914735E-016,-6.12323399573677E-017));
#22116=CARTESIAN_POINT('',(57.76,-1.07156594925393E-016,0.43));
#22117=AXIS2_PLACEMENT_3D('',#22118,#22119,#22120);
#22118=CARTESIAN_POINT('',(58.42,-2.63299061816681E-017,0.43));
#22119=DIRECTION('',(-6.12323399573677E-017,-6.12323399573677E-017,1.));
#22120=DIRECTION('',(-1.,-1.22464679914736E-016,-6.12323399573677E-017));
#22121=CARTESIAN_POINT('',(58.19,-2.81668763803891E-017,-2.81668763803891E-017));
#22122=AXIS2_PLACEMENT_3D('',#22123,#22124,#22125);
#22123=CARTESIAN_POINT('',(58.42,0.,0.));
#22124=DIRECTION('',(-6.12323399573677E-017,-6.12323399573676E-017,1.));
#22125=DIRECTION('',(-1.,-1.22464679914737E-016,-6.12323399573677E-017));
#22126=CARTESIAN_POINT('',(58.19,1.83697019872103E-016,-3.46));
#22127=AXIS2_PLACEMENT_3D('',#22128,#22129,#22130);
#22128=CARTESIAN_POINT('',(58.42,2.11863896252492E-016,-3.46));
#22129=DIRECTION('',(-6.12323399573675E-017,-6.12323399573677E-017,1.));
#22130=DIRECTION('',(-1.,-1.22464679914737E-016,-6.12323399573675E-017));
#22131=CARTESIAN_POINT('',(60.66,-5.08228421646152E-016,7.7));
#22132=AXIS2_PLACEMENT_3D('',#22133,#22134,#22135);
#22133=CARTESIAN_POINT('',(60.96,-4.71489017671731E-016,7.7));
#22134=DIRECTION('',(-6.12323399573677E-017,-6.12323399573677E-017,1.));
#22135=DIRECTION('',(-1.,-1.22464679914737E-016,-6.12323399573677E-017));
#22136=CARTESIAN_POINT('',(60.66,-3.42901103761259E-016,5.));
#22137=AXIS2_PLACEMENT_3D('',#22138,#22139,#22140);
#22138=CARTESIAN_POINT('',(60.96,-3.06161699786838E-016,5.));
#22139=DIRECTION('',(-6.12323399573677E-017,-6.12323399573677E-017,1.));
#22140=DIRECTION('',(-1.,-1.22464679914735E-016,-6.12323399573677E-017));
#22141=CARTESIAN_POINT('',(60.06,-4.163799117101E-016,5.));
#22142=AXIS2_PLACEMENT_3D('',#22143,#22144,#22145);
#22143=CARTESIAN_POINT('',(60.96,-3.06161699786838E-016,5.));
#22144=DIRECTION('',(-6.12323399573677E-017,-6.12323399573677E-017,1.));
#22145=DIRECTION('',(-1.,-1.22464679914735E-016,-6.12323399573677E-017));
#22146=CARTESIAN_POINT('',(60.06,-3.55147571752732E-016,4.));
#22147=AXIS2_PLACEMENT_3D('',#22148,#22149,#22150);
#22148=CARTESIAN_POINT('',(60.96,-2.44929359829471E-016,4.));
#22149=DIRECTION('',(-6.12323399573677E-017,-6.12323399573677E-017,1.));
#22150=DIRECTION('',(-1.,-1.22464679914735E-016,-6.12323399573677E-017));
#22151=CARTESIAN_POINT('',(60.3,-3.25756048573196E-016,4.));
#22152=AXIS2_PLACEMENT_3D('',#22153,#22154,#22155);
#22153=CARTESIAN_POINT('',(60.96,-2.44929359829471E-016,4.));
#22154=DIRECTION('',(-6.12323399573677E-017,-6.12323399573677E-017,1.));
#22155=DIRECTION('',(-1.,-1.22464679914735E-016,-6.12323399573677E-017));
#22156=CARTESIAN_POINT('',(60.3,-1.07156594925393E-016,0.43));
#22157=AXIS2_PLACEMENT_3D('',#22158,#22159,#22160);
#22158=CARTESIAN_POINT('',(60.96,-2.63299061816681E-017,0.43));
#22159=DIRECTION('',(-6.12323399573677E-017,-6.12323399573677E-017,1.));
#22160=DIRECTION('',(-1.,-1.22464679914736E-016,-6.12323399573677E-017));
#22161=CARTESIAN_POINT('',(60.73,-2.81668763803891E-017,-2.81668763803891E-017));
#22162=AXIS2_PLACEMENT_3D('',#22163,#22164,#22165);
#22163=CARTESIAN_POINT('',(60.96,0.,0.));
#22164=DIRECTION('',(-6.12323399573677E-017,-6.12323399573676E-017,1.));
#22165=DIRECTION('',(-1.,-1.22464679914737E-016,-6.12323399573677E-017));
#22166=CARTESIAN_POINT('',(60.73,1.83697019872103E-016,-3.46));
#22167=AXIS2_PLACEMENT_3D('',#22168,#22169,#22170);
#22168=CARTESIAN_POINT('',(60.96,2.11863896252492E-016,-3.46));
#22169=DIRECTION('',(-6.12323399573675E-017,-6.12323399573677E-017,1.));
#22170=DIRECTION('',(-1.,-1.22464679914737E-016,-6.12323399573675E-017));
#22171=CARTESIAN_POINT('',(63.2,-5.08228421646152E-016,7.7));
#22172=AXIS2_PLACEMENT_3D('',#22173,#22174,#22175);
#22173=CARTESIAN_POINT('',(63.5,-4.71489017671731E-016,7.7));
#22174=DIRECTION('',(-6.12323399573677E-017,-6.12323399573677E-017,1.));
#22175=DIRECTION('',(-1.,-1.22464679914737E-016,-6.12323399573677E-017));
#22176=CARTESIAN_POINT('',(63.2,-3.42901103761259E-016,5.));
#22177=AXIS2_PLACEMENT_3D('',#22178,#22179,#22180);
#22178=CARTESIAN_POINT('',(63.5,-3.06161699786838E-016,5.));
#22179=DIRECTION('',(-6.12323399573677E-017,-6.12323399573677E-017,1.));
#22180=DIRECTION('',(-1.,-1.22464679914735E-016,-6.12323399573677E-017));
#22181=CARTESIAN_POINT('',(62.6,-4.163799117101E-016,5.));
#22182=AXIS2_PLACEMENT_3D('',#22183,#22184,#22185);
#22183=CARTESIAN_POINT('',(63.5,-3.06161699786838E-016,5.));
#22184=DIRECTION('',(-6.12323399573677E-017,-6.12323399573677E-017,1.));
#22185=DIRECTION('',(-1.,-1.22464679914735E-016,-6.12323399573677E-017));
#22186=CARTESIAN_POINT('',(62.6,-3.55147571752732E-016,4.));
#22187=AXIS2_PLACEMENT_3D('',#22188,#22189,#22190);
#22188=CARTESIAN_POINT('',(63.5,-2.44929359829471E-016,4.));
#22189=DIRECTION('',(-6.12323399573677E-017,-6.12323399573677E-017,1.));
#22190=DIRECTION('',(-1.,-1.22464679914735E-016,-6.12323399573677E-017));
#22191=CARTESIAN_POINT('',(62.84,-3.25756048573196E-016,4.));
#22192=AXIS2_PLACEMENT_3D('',#22193,#22194,#22195);
#22193=CARTESIAN_POINT('',(63.5,-2.44929359829471E-016,4.));
#22194=DIRECTION('',(-6.12323399573677E-017,-6.12323399573677E-017,1.));
#22195=DIRECTION('',(-1.,-1.22464679914735E-016,-6.12323399573677E-017));
#22196=CARTESIAN_POINT('',(62.84,-1.07156594925393E-016,0.43));
#22197=AXIS2_PLACEMENT_3D('',#22198,#22199,#22200);
#22198=CARTESIAN_POINT('',(63.5,-2.63299061816681E-017,0.43));
#22199=DIRECTION('',(-6.12323399573677E-017,-6.12323399573677E-017,1.));
#22200=DIRECTION('',(-1.,-1.22464679914736E-016,-6.12323399573677E-017));
#22201=CARTESIAN_POINT('',(63.27,-2.81668763803891E-017,-2.81668763803891E-017));
#22202=AXIS2_PLACEMENT_3D('',#22203,#22204,#22205);
#22203=CARTESIAN_POINT('',(63.5,0.,0.));
#22204=DIRECTION('',(-6.12323399573677E-017,-6.12323399573676E-017,1.));
#22205=DIRECTION('',(-1.,-1.22464679914737E-016,-6.12323399573677E-017));
#22206=CARTESIAN_POINT('',(63.27,1.83697019872103E-016,-3.46));
#22207=AXIS2_PLACEMENT_3D('',#22208,#22209,#22210);
#22208=CARTESIAN_POINT('',(63.5,2.11863896252492E-016,-3.46));
#22209=DIRECTION('',(-6.12323399573675E-017,-6.12323399573677E-017,1.));
#22210=DIRECTION('',(-1.,-1.22464679914737E-016,-6.12323399573675E-017));
#22211=CARTESIAN_POINT('',(65.74,-5.08228421646152E-016,7.7));
#22212=AXIS2_PLACEMENT_3D('',#22213,#22214,#22215);
#22213=CARTESIAN_POINT('',(66.04,-4.71489017671731E-016,7.7));
#22214=DIRECTION('',(-6.12323399573677E-017,-6.12323399573677E-017,1.));
#22215=DIRECTION('',(-1.,-1.22464679914737E-016,-6.12323399573677E-017));
#22216=CARTESIAN_POINT('',(65.74,-3.42901103761259E-016,5.));
#22217=AXIS2_PLACEMENT_3D('',#22218,#22219,#22220);
#22218=CARTESIAN_POINT('',(66.04,-3.06161699786838E-016,5.));
#22219=DIRECTION('',(-6.12323399573677E-017,-6.12323399573677E-017,1.));
#22220=DIRECTION('',(-1.,-1.22464679914735E-016,-6.12323399573677E-017));
#22221=CARTESIAN_POINT('',(65.14,-4.163799117101E-016,5.));
#22222=AXIS2_PLACEMENT_3D('',#22223,#22224,#22225);
#22223=CARTESIAN_POINT('',(66.04,-3.06161699786838E-016,5.));
#22224=DIRECTION('',(-6.12323399573677E-017,-6.12323399573677E-017,1.));
#22225=DIRECTION('',(-1.,-1.22464679914735E-016,-6.12323399573677E-017));
#22226=CARTESIAN_POINT('',(65.14,-3.55147571752732E-016,4.));
#22227=AXIS2_PLACEMENT_3D('',#22228,#22229,#22230);
#22228=CARTESIAN_POINT('',(66.04,-2.44929359829471E-016,4.));
#22229=DIRECTION('',(-6.12323399573677E-017,-6.12323399573677E-017,1.));
#22230=DIRECTION('',(-1.,-1.22464679914735E-016,-6.12323399573677E-017));
#22231=CARTESIAN_POINT('',(65.38,-3.25756048573196E-016,4.));
#22232=AXIS2_PLACEMENT_3D('',#22233,#22234,#22235);
#22233=CARTESIAN_POINT('',(66.04,-2.44929359829471E-016,4.));
#22234=DIRECTION('',(-6.12323399573677E-017,-6.12323399573677E-017,1.));
#22235=DIRECTION('',(-1.,-1.22464679914735E-016,-6.12323399573677E-017));
#22236=CARTESIAN_POINT('',(65.38,-1.07156594925393E-016,0.43));
#22237=AXIS2_PLACEMENT_3D('',#22238,#22239,#22240);
#22238=CARTESIAN_POINT('',(66.04,-2.63299061816681E-017,0.43));
#22239=DIRECTION('',(-6.12323399573677E-017,-6.12323399573677E-017,1.));
#22240=DIRECTION('',(-1.,-1.22464679914736E-016,-6.12323399573677E-017));
#22241=CARTESIAN_POINT('',(65.81,-2.81668763803891E-017,-2.81668763803891E-017));
#22242=AXIS2_PLACEMENT_3D('',#22243,#22244,#22245);
#22243=CARTESIAN_POINT('',(66.04,0.,0.));
#22244=DIRECTION('',(-6.12323399573677E-017,-6.12323399573676E-017,1.));
#22245=DIRECTION('',(-1.,-1.22464679914733E-016,-6.12323399573677E-017));
#22246=CARTESIAN_POINT('',(65.81,1.83697019872103E-016,-3.46));
#22247=AXIS2_PLACEMENT_3D('',#22248,#22249,#22250);
#22248=CARTESIAN_POINT('',(66.04,2.11863896252492E-016,-3.46));
#22249=DIRECTION('',(-6.12323399573675E-017,-6.12323399573677E-017,1.));
#22250=DIRECTION('',(-1.,-1.22464679914733E-016,-6.12323399573675E-017));
#22251=CARTESIAN_POINT('',(68.28,-5.08228421646152E-016,7.7));
#22252=AXIS2_PLACEMENT_3D('',#22253,#22254,#22255);
#22253=CARTESIAN_POINT('',(68.58,-4.71489017671731E-016,7.7));
#22254=DIRECTION('',(-6.12323399573677E-017,-6.12323399573677E-017,1.));
#22255=DIRECTION('',(-1.,-1.22464679914737E-016,-6.12323399573677E-017));
#22256=CARTESIAN_POINT('',(68.28,-3.42901103761259E-016,5.));
#22257=AXIS2_PLACEMENT_3D('',#22258,#22259,#22260);
#22258=CARTESIAN_POINT('',(68.58,-3.06161699786838E-016,5.));
#22259=DIRECTION('',(-6.12323399573677E-017,-6.12323399573677E-017,1.));
#22260=DIRECTION('',(-1.,-1.22464679914735E-016,-6.12323399573677E-017));
#22261=CARTESIAN_POINT('',(67.68,-4.163799117101E-016,5.));
#22262=AXIS2_PLACEMENT_3D('',#22263,#22264,#22265);
#22263=CARTESIAN_POINT('',(68.58,-3.06161699786838E-016,5.));
#22264=DIRECTION('',(-6.12323399573677E-017,-6.12323399573677E-017,1.));
#22265=DIRECTION('',(-1.,-1.22464679914735E-016,-6.12323399573677E-017));
#22266=CARTESIAN_POINT('',(67.68,-3.55147571752732E-016,4.));
#22267=AXIS2_PLACEMENT_3D('',#22268,#22269,#22270);
#22268=CARTESIAN_POINT('',(68.58,-2.44929359829471E-016,4.));
#22269=DIRECTION('',(-6.12323399573677E-017,-6.12323399573677E-017,1.));
#22270=DIRECTION('',(-1.,-1.22464679914735E-016,-6.12323399573677E-017));
#22271=CARTESIAN_POINT('',(67.92,-3.25756048573196E-016,4.));
#22272=AXIS2_PLACEMENT_3D('',#22273,#22274,#22275);
#22273=CARTESIAN_POINT('',(68.58,-2.44929359829471E-016,4.));
#22274=DIRECTION('',(-6.12323399573677E-017,-6.12323399573677E-017,1.));
#22275=DIRECTION('',(-1.,-1.22464679914735E-016,-6.12323399573677E-017));
#22276=CARTESIAN_POINT('',(67.92,-1.07156594925393E-016,0.43));
#22277=AXIS2_PLACEMENT_3D('',#22278,#22279,#22280);
#22278=CARTESIAN_POINT('',(68.58,-2.63299061816681E-017,0.43));
#22279=DIRECTION('',(-6.12323399573677E-017,-6.12323399573677E-017,1.));
#22280=DIRECTION('',(-1.,-1.22464679914736E-016,-6.12323399573677E-017));
#22281=CARTESIAN_POINT('',(68.35,-2.81668763803891E-017,-2.81668763803891E-017));
#22282=AXIS2_PLACEMENT_3D('',#22283,#22284,#22285);
#22283=CARTESIAN_POINT('',(68.58,0.,0.));
#22284=DIRECTION('',(-6.12323399573677E-017,-6.12323399573676E-017,1.));
#22285=DIRECTION('',(-1.,-1.22464679914733E-016,-6.12323399573677E-017));
#22286=CARTESIAN_POINT('',(68.35,1.83697019872103E-016,-3.46));
#22287=AXIS2_PLACEMENT_3D('',#22288,#22289,#22290);
#22288=CARTESIAN_POINT('',(68.58,2.11863896252492E-016,-3.46));
#22289=DIRECTION('',(-6.12323399573675E-017,-6.12323399573677E-017,1.));
#22290=DIRECTION('',(-1.,-1.22464679914733E-016,-6.12323399573675E-017));
#22291=CARTESIAN_POINT('',(70.82,-5.08228421646152E-016,7.7));
#22292=AXIS2_PLACEMENT_3D('',#22293,#22294,#22295);
#22293=CARTESIAN_POINT('',(71.12,-4.71489017671731E-016,7.7));
#22294=DIRECTION('',(-6.12323399573677E-017,-6.12323399573677E-017,1.));
#22295=DIRECTION('',(-1.,-1.22464679914737E-016,-6.12323399573677E-017));
#22296=CARTESIAN_POINT('',(70.82,-3.42901103761259E-016,5.));
#22297=AXIS2_PLACEMENT_3D('',#22298,#22299,#22300);
#22298=CARTESIAN_POINT('',(71.12,-3.06161699786838E-016,5.));
#22299=DIRECTION('',(-6.12323399573677E-017,-6.12323399573677E-017,1.));
#22300=DIRECTION('',(-1.,-1.22464679914735E-016,-6.12323399573677E-017));
#22301=CARTESIAN_POINT('',(70.22,-4.163799117101E-016,5.));
#22302=AXIS2_PLACEMENT_3D('',#22303,#22304,#22305);
#22303=CARTESIAN_POINT('',(71.12,-3.06161699786838E-016,5.));
#22304=DIRECTION('',(-6.12323399573677E-017,-6.12323399573677E-017,1.));
#22305=DIRECTION('',(-1.,-1.22464679914735E-016,-6.12323399573677E-017));
#22306=CARTESIAN_POINT('',(70.22,-3.55147571752732E-016,4.));
#22307=AXIS2_PLACEMENT_3D('',#22308,#22309,#22310);
#22308=CARTESIAN_POINT('',(71.12,-2.44929359829471E-016,4.));
#22309=DIRECTION('',(-6.12323399573677E-017,-6.12323399573677E-017,1.));
#22310=DIRECTION('',(-1.,-1.22464679914735E-016,-6.12323399573677E-017));
#22311=CARTESIAN_POINT('',(70.46,-3.25756048573196E-016,4.));
#22312=AXIS2_PLACEMENT_3D('',#22313,#22314,#22315);
#22313=CARTESIAN_POINT('',(71.12,-2.44929359829471E-016,4.));
#22314=DIRECTION('',(-6.12323399573677E-017,-6.12323399573677E-017,1.));
#22315=DIRECTION('',(-1.,-1.22464679914735E-016,-6.12323399573677E-017));
#22316=CARTESIAN_POINT('',(70.46,-1.07156594925393E-016,0.43));
#22317=AXIS2_PLACEMENT_3D('',#22318,#22319,#22320);
#22318=CARTESIAN_POINT('',(71.12,-2.63299061816681E-017,0.43));
#22319=DIRECTION('',(-6.12323399573677E-017,-6.12323399573677E-017,1.));
#22320=DIRECTION('',(-1.,-1.22464679914736E-016,-6.12323399573677E-017));
#22321=CARTESIAN_POINT('',(70.89,-2.81668763803891E-017,-2.81668763803891E-017));
#22322=AXIS2_PLACEMENT_3D('',#22323,#22324,#22325);
#22323=CARTESIAN_POINT('',(71.12,0.,0.));
#22324=DIRECTION('',(-6.12323399573677E-017,-6.12323399573676E-017,1.));
#22325=DIRECTION('',(-1.,-1.22464679914733E-016,-6.12323399573677E-017));
#22326=CARTESIAN_POINT('',(70.89,1.83697019872103E-016,-3.46));
#22327=AXIS2_PLACEMENT_3D('',#22328,#22329,#22330);
#22328=CARTESIAN_POINT('',(71.12,2.11863896252492E-016,-3.46));
#22329=DIRECTION('',(-6.12323399573675E-017,-6.12323399573677E-017,1.));
#22330=DIRECTION('',(-1.,-1.22464679914733E-016,-6.12323399573675E-017));
#22331=CARTESIAN_POINT('',(73.36,-5.08228421646152E-016,7.7));
#22332=AXIS2_PLACEMENT_3D('',#22333,#22334,#22335);
#22333=CARTESIAN_POINT('',(73.66,-4.71489017671731E-016,7.7));
#22334=DIRECTION('',(-6.12323399573677E-017,-6.12323399573677E-017,1.));
#22335=DIRECTION('',(-1.,-1.22464679914737E-016,-6.12323399573677E-017));
#22336=CARTESIAN_POINT('',(73.36,-3.42901103761259E-016,5.));
#22337=AXIS2_PLACEMENT_3D('',#22338,#22339,#22340);
#22338=CARTESIAN_POINT('',(73.66,-3.06161699786838E-016,5.));
#22339=DIRECTION('',(-6.12323399573677E-017,-6.12323399573677E-017,1.));
#22340=DIRECTION('',(-1.,-1.22464679914735E-016,-6.12323399573677E-017));
#22341=CARTESIAN_POINT('',(72.76,-4.163799117101E-016,5.));
#22342=AXIS2_PLACEMENT_3D('',#22343,#22344,#22345);
#22343=CARTESIAN_POINT('',(73.66,-3.06161699786838E-016,5.));
#22344=DIRECTION('',(-6.12323399573677E-017,-6.12323399573677E-017,1.));
#22345=DIRECTION('',(-1.,-1.22464679914735E-016,-6.12323399573677E-017));
#22346=CARTESIAN_POINT('',(72.76,-3.55147571752732E-016,4.));
#22347=AXIS2_PLACEMENT_3D('',#22348,#22349,#22350);
#22348=CARTESIAN_POINT('',(73.66,-2.44929359829471E-016,4.));
#22349=DIRECTION('',(-6.12323399573677E-017,-6.12323399573677E-017,1.));
#22350=DIRECTION('',(-1.,-1.22464679914735E-016,-6.12323399573677E-017));
#22351=CARTESIAN_POINT('',(73.,-3.25756048573196E-016,4.));
#22352=AXIS2_PLACEMENT_3D('',#22353,#22354,#22355);
#22353=CARTESIAN_POINT('',(73.66,-2.44929359829471E-016,4.));
#22354=DIRECTION('',(-6.12323399573677E-017,-6.12323399573677E-017,1.));
#22355=DIRECTION('',(-1.,-1.22464679914735E-016,-6.12323399573677E-017));
#22356=CARTESIAN_POINT('',(73.,-1.07156594925393E-016,0.43));
#22357=AXIS2_PLACEMENT_3D('',#22358,#22359,#22360);
#22358=CARTESIAN_POINT('',(73.66,-2.63299061816681E-017,0.43));
#22359=DIRECTION('',(-6.12323399573677E-017,-6.12323399573677E-017,1.));
#22360=DIRECTION('',(-1.,-1.22464679914736E-016,-6.12323399573677E-017));
#22361=CARTESIAN_POINT('',(73.43,-2.81668763803891E-017,-2.81668763803891E-017));
#22362=AXIS2_PLACEMENT_3D('',#22363,#22364,#22365);
#22363=CARTESIAN_POINT('',(73.66,0.,0.));
#22364=DIRECTION('',(-6.12323399573677E-017,-6.12323399573676E-017,1.));
#22365=DIRECTION('',(-1.,-1.22464679914733E-016,-6.12323399573677E-017));
#22366=CARTESIAN_POINT('',(73.43,1.83697019872103E-016,-3.46));
#22367=AXIS2_PLACEMENT_3D('',#22368,#22369,#22370);
#22368=CARTESIAN_POINT('',(73.66,2.11863896252492E-016,-3.46));
#22369=DIRECTION('',(-6.12323399573675E-017,-6.12323399573677E-017,1.));
#22370=DIRECTION('',(-1.,-1.22464679914733E-016,-6.12323399573675E-017));
#22371=CARTESIAN_POINT('',(75.9,-5.08228421646152E-016,7.7));
#22372=AXIS2_PLACEMENT_3D('',#22373,#22374,#22375);
#22373=CARTESIAN_POINT('',(76.2,-4.71489017671731E-016,7.7));
#22374=DIRECTION('',(-6.12323399573677E-017,-6.12323399573677E-017,1.));
#22375=DIRECTION('',(-1.,-1.22464679914737E-016,-6.12323399573677E-017));
#22376=CARTESIAN_POINT('',(75.9,-3.42901103761259E-016,5.));
#22377=AXIS2_PLACEMENT_3D('',#22378,#22379,#22380);
#22378=CARTESIAN_POINT('',(76.2,-3.06161699786838E-016,5.));
#22379=DIRECTION('',(-6.12323399573677E-017,-6.12323399573677E-017,1.));
#22380=DIRECTION('',(-1.,-1.22464679914735E-016,-6.12323399573677E-017));
#22381=CARTESIAN_POINT('',(75.3,-4.163799117101E-016,5.));
#22382=AXIS2_PLACEMENT_3D('',#22383,#22384,#22385);
#22383=CARTESIAN_POINT('',(76.2,-3.06161699786838E-016,5.));
#22384=DIRECTION('',(-6.12323399573677E-017,-6.12323399573677E-017,1.));
#22385=DIRECTION('',(-1.,-1.22464679914735E-016,-6.12323399573677E-017));
#22386=CARTESIAN_POINT('',(75.3,-3.55147571752732E-016,4.));
#22387=AXIS2_PLACEMENT_3D('',#22388,#22389,#22390);
#22388=CARTESIAN_POINT('',(76.2,-2.44929359829471E-016,4.));
#22389=DIRECTION('',(-6.12323399573677E-017,-6.12323399573677E-017,1.));
#22390=DIRECTION('',(-1.,-1.22464679914735E-016,-6.12323399573677E-017));
#22391=CARTESIAN_POINT('',(75.54,-3.25756048573196E-016,4.));
#22392=AXIS2_PLACEMENT_3D('',#22393,#22394,#22395);
#22393=CARTESIAN_POINT('',(76.2,-2.44929359829471E-016,4.));
#22394=DIRECTION('',(-6.12323399573677E-017,-6.12323399573677E-017,1.));
#22395=DIRECTION('',(-1.,-1.22464679914735E-016,-6.12323399573677E-017));
#22396=CARTESIAN_POINT('',(75.54,-1.07156594925393E-016,0.43));
#22397=AXIS2_PLACEMENT_3D('',#22398,#22399,#22400);
#22398=CARTESIAN_POINT('',(76.2,-2.63299061816681E-017,0.43));
#22399=DIRECTION('',(-6.12323399573677E-017,-6.12323399573677E-017,1.));
#22400=DIRECTION('',(-1.,-1.22464679914736E-016,-6.12323399573677E-017));
#22401=CARTESIAN_POINT('',(75.97,-2.81668763803891E-017,-2.81668763803891E-017));
#22402=AXIS2_PLACEMENT_3D('',#22403,#22404,#22405);
#22403=CARTESIAN_POINT('',(76.2,0.,0.));
#22404=DIRECTION('',(-6.12323399573677E-017,-6.12323399573676E-017,1.));
#22405=DIRECTION('',(-1.,-1.22464679914733E-016,-6.12323399573677E-017));
#22406=CARTESIAN_POINT('',(75.97,1.83697019872103E-016,-3.46));
#22407=AXIS2_PLACEMENT_3D('',#22408,#22409,#22410);
#22408=CARTESIAN_POINT('',(76.2,2.11863896252492E-016,-3.46));
#22409=DIRECTION('',(-6.12323399573675E-017,-6.12323399573677E-017,1.));
#22410=DIRECTION('',(-1.,-1.22464679914733E-016,-6.12323399573675E-017));
#22411=CARTESIAN_POINT('',(78.44,-5.08228421646152E-016,7.7));
#22412=AXIS2_PLACEMENT_3D('',#22413,#22414,#22415);
#22413=CARTESIAN_POINT('',(78.74,-4.71489017671731E-016,7.7));
#22414=DIRECTION('',(-6.12323399573677E-017,-6.12323399573677E-017,1.));
#22415=DIRECTION('',(-1.,-1.22464679914737E-016,-6.12323399573677E-017));
#22416=CARTESIAN_POINT('',(78.44,-3.42901103761259E-016,5.));
#22417=AXIS2_PLACEMENT_3D('',#22418,#22419,#22420);
#22418=CARTESIAN_POINT('',(78.74,-3.06161699786838E-016,5.));
#22419=DIRECTION('',(-6.12323399573677E-017,-6.12323399573677E-017,1.));
#22420=DIRECTION('',(-1.,-1.22464679914735E-016,-6.12323399573677E-017));
#22421=CARTESIAN_POINT('',(77.84,-4.163799117101E-016,5.));
#22422=AXIS2_PLACEMENT_3D('',#22423,#22424,#22425);
#22423=CARTESIAN_POINT('',(78.74,-3.06161699786838E-016,5.));
#22424=DIRECTION('',(-6.12323399573677E-017,-6.12323399573677E-017,1.));
#22425=DIRECTION('',(-1.,-1.22464679914735E-016,-6.12323399573677E-017));
#22426=CARTESIAN_POINT('',(77.84,-3.55147571752732E-016,4.));
#22427=AXIS2_PLACEMENT_3D('',#22428,#22429,#22430);
#22428=CARTESIAN_POINT('',(78.74,-2.44929359829471E-016,4.));
#22429=DIRECTION('',(-6.12323399573677E-017,-6.12323399573677E-017,1.));
#22430=DIRECTION('',(-1.,-1.22464679914735E-016,-6.12323399573677E-017));
#22431=CARTESIAN_POINT('',(78.08,-3.25756048573196E-016,4.));
#22432=AXIS2_PLACEMENT_3D('',#22433,#22434,#22435);
#22433=CARTESIAN_POINT('',(78.74,-2.44929359829471E-016,4.));
#22434=DIRECTION('',(-6.12323399573677E-017,-6.12323399573677E-017,1.));
#22435=DIRECTION('',(-1.,-1.22464679914735E-016,-6.12323399573677E-017));
#22436=CARTESIAN_POINT('',(78.08,-1.07156594925393E-016,0.43));
#22437=AXIS2_PLACEMENT_3D('',#22438,#22439,#22440);
#22438=CARTESIAN_POINT('',(78.74,-2.63299061816681E-017,0.43));
#22439=DIRECTION('',(-6.12323399573677E-017,-6.12323399573677E-017,1.));
#22440=DIRECTION('',(-1.,-1.22464679914736E-016,-6.12323399573677E-017));
#22441=CARTESIAN_POINT('',(78.51,-2.81668763803891E-017,-2.81668763803891E-017));
#22442=AXIS2_PLACEMENT_3D('',#22443,#22444,#22445);
#22443=CARTESIAN_POINT('',(78.74,0.,0.));
#22444=DIRECTION('',(-6.12323399573677E-017,-6.12323399573676E-017,1.));
#22445=DIRECTION('',(-1.,-1.22464679914733E-016,-6.12323399573677E-017));
#22446=CARTESIAN_POINT('',(78.51,1.83697019872103E-016,-3.46));
#22447=AXIS2_PLACEMENT_3D('',#22448,#22449,#22450);
#22448=CARTESIAN_POINT('',(78.74,2.11863896252492E-016,-3.46));
#22449=DIRECTION('',(-6.12323399573675E-017,-6.12323399573677E-017,1.));
#22450=DIRECTION('',(-1.,-1.22464679914733E-016,-6.12323399573675E-017));
#22451=CARTESIAN_POINT('',(80.98,-5.08228421646152E-016,7.7));
#22452=AXIS2_PLACEMENT_3D('',#22453,#22454,#22455);
#22453=CARTESIAN_POINT('',(81.28,-4.71489017671731E-016,7.7));
#22454=DIRECTION('',(-6.12323399573677E-017,-6.12323399573677E-017,1.));
#22455=DIRECTION('',(-1.,-1.22464679914737E-016,-6.12323399573677E-017));
#22456=CARTESIAN_POINT('',(80.98,-3.42901103761259E-016,5.));
#22457=AXIS2_PLACEMENT_3D('',#22458,#22459,#22460);
#22458=CARTESIAN_POINT('',(81.28,-3.06161699786838E-016,5.));
#22459=DIRECTION('',(-6.12323399573677E-017,-6.12323399573677E-017,1.));
#22460=DIRECTION('',(-1.,-1.22464679914735E-016,-6.12323399573677E-017));
#22461=CARTESIAN_POINT('',(80.38,-4.163799117101E-016,5.));
#22462=AXIS2_PLACEMENT_3D('',#22463,#22464,#22465);
#22463=CARTESIAN_POINT('',(81.28,-3.06161699786838E-016,5.));
#22464=DIRECTION('',(-6.12323399573677E-017,-6.12323399573677E-017,1.));
#22465=DIRECTION('',(-1.,-1.22464679914735E-016,-6.12323399573677E-017));
#22466=CARTESIAN_POINT('',(80.38,-3.55147571752732E-016,4.));
#22467=AXIS2_PLACEMENT_3D('',#22468,#22469,#22470);
#22468=CARTESIAN_POINT('',(81.28,-2.44929359829471E-016,4.));
#22469=DIRECTION('',(-6.12323399573677E-017,-6.12323399573677E-017,1.));
#22470=DIRECTION('',(-1.,-1.22464679914735E-016,-6.12323399573677E-017));
#22471=CARTESIAN_POINT('',(80.62,-3.25756048573196E-016,4.));
#22472=AXIS2_PLACEMENT_3D('',#22473,#22474,#22475);
#22473=CARTESIAN_POINT('',(81.28,-2.44929359829471E-016,4.));
#22474=DIRECTION('',(-6.12323399573677E-017,-6.12323399573677E-017,1.));
#22475=DIRECTION('',(-1.,-1.22464679914735E-016,-6.12323399573677E-017));
#22476=CARTESIAN_POINT('',(80.62,-1.07156594925393E-016,0.43));
#22477=AXIS2_PLACEMENT_3D('',#22478,#22479,#22480);
#22478=CARTESIAN_POINT('',(81.28,-2.63299061816681E-017,0.43));
#22479=DIRECTION('',(-6.12323399573677E-017,-6.12323399573677E-017,1.));
#22480=DIRECTION('',(-1.,-1.22464679914736E-016,-6.12323399573677E-017));
#22481=CARTESIAN_POINT('',(81.05,-2.81668763803891E-017,-2.81668763803891E-017));
#22482=AXIS2_PLACEMENT_3D('',#22483,#22484,#22485);
#22483=CARTESIAN_POINT('',(81.28,0.,0.));
#22484=DIRECTION('',(-6.12323399573677E-017,-6.12323399573676E-017,1.));
#22485=DIRECTION('',(-1.,-1.22464679914733E-016,-6.12323399573677E-017));
#22486=CARTESIAN_POINT('',(81.05,1.83697019872103E-016,-3.46));
#22487=AXIS2_PLACEMENT_3D('',#22488,#22489,#22490);
#22488=CARTESIAN_POINT('',(81.28,2.11863896252492E-016,-3.46));
#22489=DIRECTION('',(-6.12323399573675E-017,-6.12323399573677E-017,1.));
#22490=DIRECTION('',(-1.,-1.22464679914733E-016,-6.12323399573675E-017));
ENDSEC;
END-ISO-10303-21;
