ISO-10303-21;
HEADER;
FILE_DESCRIPTION(('STEP AP214'),
    '1');
FILE_NAME('PLSS (DS1004-xx2 CONNFLY)',
    '',
    ('UNSPECIFIED'),
    ('UNSPECIFIED'),
    'ASCON STEP Converter 1.6',
    'ASCON Math Kernel',
    '');
FILE_SCHEMA(('AUTOMOTIVE_DESIGN { 1 0 10303 214 3 1 1}'));
ENDSEC;

DATA;
#1=SHAPE_REPRESENTATION('NONE',(#2),#6);
#2=AXIS2_PLACEMENT_3D('',#3,#4,#5);
#3=CARTESIAN_POINT('',(0.,0.,0.));
#4=DIRECTION('',(0.,0.,1.));
#5=DIRECTION('',(1.,0.,0.));
#6=(GEOMETRIC_REPRESENTATION_CONTEXT(3)GLOBAL_UNCERTAINTY_ASSIGNED_CONTEXT((#8))
GLOBAL_UNIT_ASSIGNED_CONTEXT((#7,#9,#10))REPRESENTATION_CONTEXT('NONE','NONE'));
#7=(LENGTH_UNIT()NAMED_UNIT(*)SI_UNIT(.MILLI.,.METRE.));
#8=UNCERTAINTY_MEASURE_WITH_UNIT(LENGTH_MEASURE(1.E-005),#7,'NONE','NONE');
#9=(NAMED_UNIT(*)PLANE_ANGLE_UNIT()SI_UNIT($,.RADIAN.));
#10=(NAMED_UNIT(*)SI_UNIT($,.STERADIAN.)SOLID_ANGLE_UNIT());
#11=SHAPE_DEFINITION_REPRESENTATION(#12,#1);
#12=PRODUCT_DEFINITION_SHAPE('NONE','NONE',#13);
#13=PRODUCT_DEFINITION('','UNSPECIFIED',#14,#22);
#14=PRODUCT_DEFINITION_FORMATION_WITH_SPECIFIED_SOURCE('ANY','UNSPECIFIED',#15,.NOT_KNOWN.);
#15=PRODUCT('','PLSS (DS1004-xx2 CONNFLY)','NONE',(#25));
#16=PERSON('UNSPECIFIED','dima','UNSPECIFIED',('UNSPECIFIED'),('UNSPECIFIED'),('UNSPECIFIED'));
#17=ORGANIZATION('UNSPECIFIED','UNSPECIFIED','UNSPECIFIED');
#18=PERSON_AND_ORGANIZATION(#16,#17);
#19=PERSON_AND_ORGANIZATION_ROLE('design_owner');
#20=CC_DESIGN_PERSON_AND_ORGANIZATION_ASSIGNMENT(#18,#19,(#15));
#21=PRODUCT_RELATED_PRODUCT_CATEGORY('detail','',(#15));
#22=DESIGN_CONTEXT('detailed design',#23,'design');
#23=APPLICATION_CONTEXT('configuration controlled 3d designs of mechanical parts and assemblies');
#24=APPLICATION_PROTOCOL_DEFINITION('international standard','automotive_design',
2011,#23);
#25=MECHANICAL_CONTEXT('NONE',#23,'mechanical');
#26=CC_DESIGN_DATE_AND_TIME_ASSIGNMENT(#27,#31,(#13));
#27=DATE_AND_TIME(#28,#29);
#28=CALENDAR_DATE(0,1,1);
#29=LOCAL_TIME(0,0,0.,#30);
#30=COORDINATED_UNIVERSAL_TIME_OFFSET(0,0,.AHEAD.);
#31=DATE_TIME_ROLE('creation_date');
#32=CC_DESIGN_APPROVAL(#33,(#13));
#33=APPROVAL(#34,'UNSPECIFIED');
#34=APPROVAL_STATUS('not_yet_approved');
#35=APPROVAL_DATE_TIME(#36,#33);
#36=DATE_AND_TIME(#37,#38);
#37=CALENDAR_DATE(0,1,1);
#38=LOCAL_TIME(0,0,0.,#39);
#39=COORDINATED_UNIVERSAL_TIME_OFFSET(0,0,.AHEAD.);
#40=MANIFOLD_SOLID_BREP('',#41);
#41=CLOSED_SHELL('',(#323,#332,#341,#350,#359,#368,#377,#386,#395,#404,#413,#422,
#431,#440,#449,#458,#467,#476,#485,#494,#503,#512,#521,#530,#539,#548,#557,#566,
#575,#584,#593,#602,#611,#620,#629,#638,#647,#656,#665,#674,#683,#692,#701,#710,
#719,#728,#737,#746,#755,#764,#773,#782,#791,#800,#809,#818,#827,#836,#845,#854,
#863,#872,#881,#890,#899,#908,#917,#926,#935,#944,#953,#962,#971,#980,#989,#998,
#1007,#1016,#1025,#1034,#1043,#1052,#1061,#1070,#1079,#1088,#1097,#1106,#1115,#1124,
#1133,#1142,#1151,#1160,#1169,#1178,#1187,#1196,#1205,#1214,#1223,#1232,#1241,#1250,
#1259,#1268,#1277,#1286,#1295,#1304,#1313,#1322,#1331,#1340,#1349,#1358,#1367,#1376,
#1385,#1394,#1403,#1412,#1421,#1430,#1439,#1448,#1457,#1466,#1475,#1484,#1493,#1502,
#1511,#1520,#1529,#1538,#1547,#1556,#1565,#1574,#1583,#1592,#1601,#1610,#1619,#1628,
#1637,#1646,#1655,#1664,#1673,#1682,#1691,#1700,#1709,#1718,#1727,#1736,#1745,#1754,
#1763,#1772,#1781,#1790,#1799,#1808,#1817,#1826,#1835,#1844,#1853,#1862,#1871,#1880,
#1889,#1898,#1907,#1916,#1925,#1934,#1943,#1952,#1961,#1970,#1979,#1988,#1997,#2006,
#2015,#2024,#2033,#2042,#2051,#2060,#2069,#2078,#2087,#2096,#2105,#2114,#2123,#2132,
#2141,#2150,#2159,#2168,#2177,#2186,#2195,#2204,#2213,#2222,#2231,#2240,#2249,#2258,
#2267,#2276,#2285,#2294,#2303,#2312,#2321,#2330,#2339,#2348,#2357,#2366,#2375,#2384,
#2393,#2402,#2411,#2420,#2429,#2438,#2447,#2456,#2465,#2474,#2483,#2492,#2501,#2510,
#2519,#2528,#2537,#2546,#2555,#2564,#2573,#2582,#2591,#2600,#2609,#2618,#2627,#2636,
#2645,#2654,#2663,#2672,#2681,#2690,#2699,#2708,#2717,#2726,#2735,#2744,#2753,#2762,
#2771,#2780,#2789,#2798,#2807,#2816,#2825,#2834,#2843,#2852,#2861,#2870,#2879,#2888,
#2897,#2906,#2915,#2924,#2933,#2942,#2951,#2960,#2969,#2978,#2987,#2996,#3005,#3014,
#3023,#3032,#3041));
#42=COLOUR_RGB('',0.156862745098039,0.156862745098039,0.156862745098039);
#43=FILL_AREA_STYLE_COLOUR('',#42);
#44=FILL_AREA_STYLE($,(#43));
#45=SURFACE_STYLE_FILL_AREA(#44);
#46=SURFACE_SIDE_STYLE('',(#45));
#47=SURFACE_STYLE_USAGE(.BOTH.,#46);
#48=PRESENTATION_STYLE_ASSIGNMENT((#47));
#49=MECHANICAL_DESIGN_GEOMETRIC_PRESENTATION_REPRESENTATION('NONE',(#50,#60,#70,
#80,#90,#100,#110,#120,#130,#140,#150,#160,#170,#180,#190,#200,#210,#220,#230,#240,
#250,#260,#270,#280,#290,#300,#310,#320,#331,#340,#349,#358,#367,#376,#385,#394,
#403,#412,#421,#430,#439,#448,#457,#466,#475,#484,#493,#502,#511,#520,#529,#538,
#547,#556,#565,#574,#583,#592,#601,#610,#619,#628,#637,#646,#655,#664,#673,#682,
#691,#700,#709,#718,#727,#736,#745,#754,#763,#772,#781,#790,#799,#808,#817,#826,
#835,#844,#853,#862,#871,#880,#889,#898,#907,#916,#925,#934,#943,#952,#961,#970,
#979,#988,#997,#1006,#1015,#1024,#1033,#1042,#1051,#1060,#1069,#1078,#1087,#1096,
#1105,#1114,#1123,#1132,#1141,#1150,#1159,#1168,#1177,#1186,#1195,#1204,#1213,#1222,
#1231,#1240,#1249,#1258,#1267,#1276,#1285,#1294,#1303,#1312,#1321,#1330,#1339,#1348,
#1357,#1366,#1375,#1384,#1393,#1402,#1411,#1420,#1429,#1438,#1447,#1456,#1465,#1474,
#1483,#1492,#1501,#1510,#1519,#1528,#1537,#1546,#1555,#1564,#1573,#1582,#1591,#1600,
#1609,#1618,#1627,#1636,#1645,#1654,#1663,#1672,#1681,#1690,#1699,#1708,#1717,#1726,
#1735,#1744,#1753,#1762,#1771,#1780,#1789,#1798,#1807,#1816,#1825,#1834,#1843,#1852,
#1861,#1870,#1879,#1888,#1897,#1906,#1915,#1924,#1933,#1942,#1951,#1960,#1969,#1978,
#1987,#1996,#2005,#2014,#2023,#2032,#2041,#2050,#2059,#2068,#2077,#2086,#2095,#2104,
#2113,#2122,#2131,#2140,#2149,#2158,#2167,#2176,#2185,#2194,#2203,#2212,#2221,#2230,
#2239,#2248,#2257,#2266,#2275,#2284,#2293,#2302,#2311,#2320,#2329,#2338,#2347,#2356,
#2365,#2374,#2383,#2392,#2401,#2410,#2419,#2428,#2437,#2446,#2455,#2464,#2473,#2482,
#2491,#2500,#2509,#2518,#2527,#2536,#2545,#2554,#2563,#2572,#2581,#2590,#2599,#2608,
#2617,#2626,#2635,#2644,#2653,#2662,#2671,#2680,#2689,#2698,#2707,#2716,#2725,#2734,
#2743,#2752,#2761,#2770,#2779,#2788,#2797,#2806,#2815,#2824,#2833,#2842,#2851,#2860,
#2869,#2878,#2887,#2896,#2905,#2914,#2923,#2932,#2941,#2950,#2959,#2968,#2977,#2986,
#2995,#3004,#3013,#3022,#3031,#3040,#3049,#3058,#3067,#3076,#3085,#3094,#3103,#3112,
#3121,#3130,#3139,#3148,#3157,#3166,#3175,#3184,#3193,#3202,#3211,#3220,#3229,#3238,
#3247,#3256,#3265,#3274,#3283,#3292,#3301,#3310,#3319,#3328,#3337,#3346,#3355,#3364,
#3373,#3382,#3391,#3400,#3409,#3418,#3427,#3436,#3445,#3454,#3463,#3472,#3481,#3490,
#3499,#3508,#3517,#3526,#3535,#3544,#3553,#3562,#3571,#3580,#3589,#3598,#3607,#3616,
#3625,#3634,#3643,#3652,#3661,#3670,#3679,#3688,#3697,#3706,#3715,#3724,#3733,#3742,
#3751,#3760,#3769,#3778,#3787,#3796,#3805,#3814,#3823,#3832,#3841,#3850,#3859,#3868,
#3877,#3886,#3895,#3904,#3913,#3922,#3931,#3940,#3949,#3958,#3967,#3976,#3985,#3994,
#4003,#4012,#4021,#4030,#4039,#4048,#4057,#4066,#4075,#4084,#4093,#4102,#4111,#4120,
#4129,#4138,#4147,#4156,#4165,#4174,#4183,#4192,#4201,#4210,#4219,#4228,#4237,#4246,
#4255,#4264,#4273,#4282,#4291,#4300,#4309,#4318,#4327,#4336,#4345,#4354,#4363,#4372,
#4381,#4390,#4399,#4408,#4417,#4426,#4435,#4444,#4453,#4462,#4471,#4480,#4489,#4498,
#4507,#4516,#4525,#4534,#4543,#4552,#4561,#4570,#4579,#4588,#4597,#4606,#4615,#4624,
#4633,#4642,#4651,#4660,#4669,#4678,#4687,#4696,#4705,#4714,#4723,#4732,#4741,#4750,
#4759,#4768,#4777,#4786,#4795,#4804,#4813,#4822,#4831,#4840,#4849,#4858,#4867,#4876,
#4885,#4894,#4903,#4912,#4921,#4930,#4939,#4948,#4957,#4966,#4975,#4984,#4993,#5002,
#5011,#5020,#5029,#5038,#5047,#5056,#5065,#5074,#5083,#5092,#5101,#5110,#5119,#5128,
#5137,#5146,#5155,#5164,#5173,#5182,#5191,#5200,#5209,#5218,#5227,#5236),#6);
#50=STYLED_ITEM('',(#48),#40);
#51=MANIFOLD_SOLID_BREP('',#52);
#52=CLOSED_SHELL('',(#3050,#3059,#3068,#3077,#3086,#3095,#3104,#3113,#3122));
#53=COLOUR_RGB('',0.156862745098039,0.156862745098039,0.156862745098039);
#54=FILL_AREA_STYLE_COLOUR('',#53);
#55=FILL_AREA_STYLE($,(#54));
#56=SURFACE_STYLE_FILL_AREA(#55);
#57=SURFACE_SIDE_STYLE('',(#56));
#58=SURFACE_STYLE_USAGE(.BOTH.,#57);
#59=PRESENTATION_STYLE_ASSIGNMENT((#58));
#60=STYLED_ITEM('',(#59),#51);
#61=MANIFOLD_SOLID_BREP('',#62);
#62=CLOSED_SHELL('',(#3131,#3140,#3149,#3158,#3167,#3176,#3185,#3194,#3203));
#63=COLOUR_RGB('',0.156862745098039,0.156862745098039,0.156862745098039);
#64=FILL_AREA_STYLE_COLOUR('',#63);
#65=FILL_AREA_STYLE($,(#64));
#66=SURFACE_STYLE_FILL_AREA(#65);
#67=SURFACE_SIDE_STYLE('',(#66));
#68=SURFACE_STYLE_USAGE(.BOTH.,#67);
#69=PRESENTATION_STYLE_ASSIGNMENT((#68));
#70=STYLED_ITEM('',(#69),#61);
#71=MANIFOLD_SOLID_BREP('',#72);
#72=CLOSED_SHELL('',(#3212,#3221,#3230,#3239,#3248,#3257,#3266,#3275,#3284));
#73=COLOUR_RGB('',0.156862745098039,0.156862745098039,0.156862745098039);
#74=FILL_AREA_STYLE_COLOUR('',#73);
#75=FILL_AREA_STYLE($,(#74));
#76=SURFACE_STYLE_FILL_AREA(#75);
#77=SURFACE_SIDE_STYLE('',(#76));
#78=SURFACE_STYLE_USAGE(.BOTH.,#77);
#79=PRESENTATION_STYLE_ASSIGNMENT((#78));
#80=STYLED_ITEM('',(#79),#71);
#81=MANIFOLD_SOLID_BREP('',#82);
#82=CLOSED_SHELL('',(#3293,#3302,#3311,#3320,#3329,#3338,#3347,#3356,#3365));
#83=COLOUR_RGB('',0.156862745098039,0.156862745098039,0.156862745098039);
#84=FILL_AREA_STYLE_COLOUR('',#83);
#85=FILL_AREA_STYLE($,(#84));
#86=SURFACE_STYLE_FILL_AREA(#85);
#87=SURFACE_SIDE_STYLE('',(#86));
#88=SURFACE_STYLE_USAGE(.BOTH.,#87);
#89=PRESENTATION_STYLE_ASSIGNMENT((#88));
#90=STYLED_ITEM('',(#89),#81);
#91=MANIFOLD_SOLID_BREP('',#92);
#92=CLOSED_SHELL('',(#3374,#3383,#3392,#3401,#3410,#3419,#3428,#3437,#3446));
#93=COLOUR_RGB('',0.156862745098039,0.156862745098039,0.156862745098039);
#94=FILL_AREA_STYLE_COLOUR('',#93);
#95=FILL_AREA_STYLE($,(#94));
#96=SURFACE_STYLE_FILL_AREA(#95);
#97=SURFACE_SIDE_STYLE('',(#96));
#98=SURFACE_STYLE_USAGE(.BOTH.,#97);
#99=PRESENTATION_STYLE_ASSIGNMENT((#98));
#100=STYLED_ITEM('',(#99),#91);
#101=MANIFOLD_SOLID_BREP('',#102);
#102=CLOSED_SHELL('',(#3455,#3464,#3473,#3482,#3491,#3500,#3509,#3518,#3527));
#103=COLOUR_RGB('',0.156862745098039,0.156862745098039,0.156862745098039);
#104=FILL_AREA_STYLE_COLOUR('',#103);
#105=FILL_AREA_STYLE($,(#104));
#106=SURFACE_STYLE_FILL_AREA(#105);
#107=SURFACE_SIDE_STYLE('',(#106));
#108=SURFACE_STYLE_USAGE(.BOTH.,#107);
#109=PRESENTATION_STYLE_ASSIGNMENT((#108));
#110=STYLED_ITEM('',(#109),#101);
#111=MANIFOLD_SOLID_BREP('',#112);
#112=CLOSED_SHELL('',(#3536,#3545,#3554,#3563,#3572,#3581,#3590,#3599,#3608));
#113=COLOUR_RGB('',0.156862745098039,0.156862745098039,0.156862745098039);
#114=FILL_AREA_STYLE_COLOUR('',#113);
#115=FILL_AREA_STYLE($,(#114));
#116=SURFACE_STYLE_FILL_AREA(#115);
#117=SURFACE_SIDE_STYLE('',(#116));
#118=SURFACE_STYLE_USAGE(.BOTH.,#117);
#119=PRESENTATION_STYLE_ASSIGNMENT((#118));
#120=STYLED_ITEM('',(#119),#111);
#121=MANIFOLD_SOLID_BREP('',#122);
#122=CLOSED_SHELL('',(#3617,#3626,#3635,#3644,#3653,#3662,#3671,#3680,#3689));
#123=COLOUR_RGB('',0.156862745098039,0.156862745098039,0.156862745098039);
#124=FILL_AREA_STYLE_COLOUR('',#123);
#125=FILL_AREA_STYLE($,(#124));
#126=SURFACE_STYLE_FILL_AREA(#125);
#127=SURFACE_SIDE_STYLE('',(#126));
#128=SURFACE_STYLE_USAGE(.BOTH.,#127);
#129=PRESENTATION_STYLE_ASSIGNMENT((#128));
#130=STYLED_ITEM('',(#129),#121);
#131=MANIFOLD_SOLID_BREP('',#132);
#132=CLOSED_SHELL('',(#3698,#3707,#3716,#3725,#3734,#3743,#3752,#3761,#3770));
#133=COLOUR_RGB('',0.156862745098039,0.156862745098039,0.156862745098039);
#134=FILL_AREA_STYLE_COLOUR('',#133);
#135=FILL_AREA_STYLE($,(#134));
#136=SURFACE_STYLE_FILL_AREA(#135);
#137=SURFACE_SIDE_STYLE('',(#136));
#138=SURFACE_STYLE_USAGE(.BOTH.,#137);
#139=PRESENTATION_STYLE_ASSIGNMENT((#138));
#140=STYLED_ITEM('',(#139),#131);
#141=MANIFOLD_SOLID_BREP('',#142);
#142=CLOSED_SHELL('',(#3779,#3788,#3797,#3806,#3815,#3824,#3833,#3842,#3851));
#143=COLOUR_RGB('',0.156862745098039,0.156862745098039,0.156862745098039);
#144=FILL_AREA_STYLE_COLOUR('',#143);
#145=FILL_AREA_STYLE($,(#144));
#146=SURFACE_STYLE_FILL_AREA(#145);
#147=SURFACE_SIDE_STYLE('',(#146));
#148=SURFACE_STYLE_USAGE(.BOTH.,#147);
#149=PRESENTATION_STYLE_ASSIGNMENT((#148));
#150=STYLED_ITEM('',(#149),#141);
#151=MANIFOLD_SOLID_BREP('',#152);
#152=CLOSED_SHELL('',(#3860,#3869,#3878,#3887,#3896,#3905,#3914,#3923,#3932));
#153=COLOUR_RGB('',0.156862745098039,0.156862745098039,0.156862745098039);
#154=FILL_AREA_STYLE_COLOUR('',#153);
#155=FILL_AREA_STYLE($,(#154));
#156=SURFACE_STYLE_FILL_AREA(#155);
#157=SURFACE_SIDE_STYLE('',(#156));
#158=SURFACE_STYLE_USAGE(.BOTH.,#157);
#159=PRESENTATION_STYLE_ASSIGNMENT((#158));
#160=STYLED_ITEM('',(#159),#151);
#161=MANIFOLD_SOLID_BREP('',#162);
#162=CLOSED_SHELL('',(#3941,#3950,#3959,#3968,#3977,#3986,#3995,#4004,#4013));
#163=COLOUR_RGB('',0.156862745098039,0.156862745098039,0.156862745098039);
#164=FILL_AREA_STYLE_COLOUR('',#163);
#165=FILL_AREA_STYLE($,(#164));
#166=SURFACE_STYLE_FILL_AREA(#165);
#167=SURFACE_SIDE_STYLE('',(#166));
#168=SURFACE_STYLE_USAGE(.BOTH.,#167);
#169=PRESENTATION_STYLE_ASSIGNMENT((#168));
#170=STYLED_ITEM('',(#169),#161);
#171=MANIFOLD_SOLID_BREP('',#172);
#172=CLOSED_SHELL('',(#4022,#4031,#4040,#4049,#4058,#4067,#4076,#4085,#4094));
#173=COLOUR_RGB('',0.156862745098039,0.156862745098039,0.156862745098039);
#174=FILL_AREA_STYLE_COLOUR('',#173);
#175=FILL_AREA_STYLE($,(#174));
#176=SURFACE_STYLE_FILL_AREA(#175);
#177=SURFACE_SIDE_STYLE('',(#176));
#178=SURFACE_STYLE_USAGE(.BOTH.,#177);
#179=PRESENTATION_STYLE_ASSIGNMENT((#178));
#180=STYLED_ITEM('',(#179),#171);
#181=MANIFOLD_SOLID_BREP('',#182);
#182=CLOSED_SHELL('',(#4103,#4112,#4121,#4130,#4139,#4148,#4157,#4166,#4175));
#183=COLOUR_RGB('',0.156862745098039,0.156862745098039,0.156862745098039);
#184=FILL_AREA_STYLE_COLOUR('',#183);
#185=FILL_AREA_STYLE($,(#184));
#186=SURFACE_STYLE_FILL_AREA(#185);
#187=SURFACE_SIDE_STYLE('',(#186));
#188=SURFACE_STYLE_USAGE(.BOTH.,#187);
#189=PRESENTATION_STYLE_ASSIGNMENT((#188));
#190=STYLED_ITEM('',(#189),#181);
#191=MANIFOLD_SOLID_BREP('',#192);
#192=CLOSED_SHELL('',(#4184,#4193,#4202,#4211,#4220,#4229,#4238,#4247,#4256));
#193=COLOUR_RGB('',0.156862745098039,0.156862745098039,0.156862745098039);
#194=FILL_AREA_STYLE_COLOUR('',#193);
#195=FILL_AREA_STYLE($,(#194));
#196=SURFACE_STYLE_FILL_AREA(#195);
#197=SURFACE_SIDE_STYLE('',(#196));
#198=SURFACE_STYLE_USAGE(.BOTH.,#197);
#199=PRESENTATION_STYLE_ASSIGNMENT((#198));
#200=STYLED_ITEM('',(#199),#191);
#201=MANIFOLD_SOLID_BREP('',#202);
#202=CLOSED_SHELL('',(#4265,#4274,#4283,#4292,#4301,#4310,#4319,#4328,#4337));
#203=COLOUR_RGB('',0.156862745098039,0.156862745098039,0.156862745098039);
#204=FILL_AREA_STYLE_COLOUR('',#203);
#205=FILL_AREA_STYLE($,(#204));
#206=SURFACE_STYLE_FILL_AREA(#205);
#207=SURFACE_SIDE_STYLE('',(#206));
#208=SURFACE_STYLE_USAGE(.BOTH.,#207);
#209=PRESENTATION_STYLE_ASSIGNMENT((#208));
#210=STYLED_ITEM('',(#209),#201);
#211=MANIFOLD_SOLID_BREP('',#212);
#212=CLOSED_SHELL('',(#4346,#4355,#4364,#4373,#4382,#4391,#4400,#4409,#4418));
#213=COLOUR_RGB('',0.156862745098039,0.156862745098039,0.156862745098039);
#214=FILL_AREA_STYLE_COLOUR('',#213);
#215=FILL_AREA_STYLE($,(#214));
#216=SURFACE_STYLE_FILL_AREA(#215);
#217=SURFACE_SIDE_STYLE('',(#216));
#218=SURFACE_STYLE_USAGE(.BOTH.,#217);
#219=PRESENTATION_STYLE_ASSIGNMENT((#218));
#220=STYLED_ITEM('',(#219),#211);
#221=MANIFOLD_SOLID_BREP('',#222);
#222=CLOSED_SHELL('',(#4427,#4436,#4445,#4454,#4463,#4472,#4481,#4490,#4499));
#223=COLOUR_RGB('',0.156862745098039,0.156862745098039,0.156862745098039);
#224=FILL_AREA_STYLE_COLOUR('',#223);
#225=FILL_AREA_STYLE($,(#224));
#226=SURFACE_STYLE_FILL_AREA(#225);
#227=SURFACE_SIDE_STYLE('',(#226));
#228=SURFACE_STYLE_USAGE(.BOTH.,#227);
#229=PRESENTATION_STYLE_ASSIGNMENT((#228));
#230=STYLED_ITEM('',(#229),#221);
#231=MANIFOLD_SOLID_BREP('',#232);
#232=CLOSED_SHELL('',(#4508,#4517,#4526,#4535,#4544,#4553,#4562,#4571,#4580));
#233=COLOUR_RGB('',0.156862745098039,0.156862745098039,0.156862745098039);
#234=FILL_AREA_STYLE_COLOUR('',#233);
#235=FILL_AREA_STYLE($,(#234));
#236=SURFACE_STYLE_FILL_AREA(#235);
#237=SURFACE_SIDE_STYLE('',(#236));
#238=SURFACE_STYLE_USAGE(.BOTH.,#237);
#239=PRESENTATION_STYLE_ASSIGNMENT((#238));
#240=STYLED_ITEM('',(#239),#231);
#241=MANIFOLD_SOLID_BREP('',#242);
#242=CLOSED_SHELL('',(#4589,#4598,#4607,#4616,#4625,#4634,#4643,#4652,#4661));
#243=COLOUR_RGB('',0.156862745098039,0.156862745098039,0.156862745098039);
#244=FILL_AREA_STYLE_COLOUR('',#243);
#245=FILL_AREA_STYLE($,(#244));
#246=SURFACE_STYLE_FILL_AREA(#245);
#247=SURFACE_SIDE_STYLE('',(#246));
#248=SURFACE_STYLE_USAGE(.BOTH.,#247);
#249=PRESENTATION_STYLE_ASSIGNMENT((#248));
#250=STYLED_ITEM('',(#249),#241);
#251=MANIFOLD_SOLID_BREP('',#252);
#252=CLOSED_SHELL('',(#4670,#4679,#4688,#4697,#4706,#4715,#4724,#4733,#4742));
#253=COLOUR_RGB('',0.156862745098039,0.156862745098039,0.156862745098039);
#254=FILL_AREA_STYLE_COLOUR('',#253);
#255=FILL_AREA_STYLE($,(#254));
#256=SURFACE_STYLE_FILL_AREA(#255);
#257=SURFACE_SIDE_STYLE('',(#256));
#258=SURFACE_STYLE_USAGE(.BOTH.,#257);
#259=PRESENTATION_STYLE_ASSIGNMENT((#258));
#260=STYLED_ITEM('',(#259),#251);
#261=MANIFOLD_SOLID_BREP('',#262);
#262=CLOSED_SHELL('',(#4751,#4760,#4769,#4778,#4787,#4796,#4805,#4814,#4823));
#263=COLOUR_RGB('',0.156862745098039,0.156862745098039,0.156862745098039);
#264=FILL_AREA_STYLE_COLOUR('',#263);
#265=FILL_AREA_STYLE($,(#264));
#266=SURFACE_STYLE_FILL_AREA(#265);
#267=SURFACE_SIDE_STYLE('',(#266));
#268=SURFACE_STYLE_USAGE(.BOTH.,#267);
#269=PRESENTATION_STYLE_ASSIGNMENT((#268));
#270=STYLED_ITEM('',(#269),#261);
#271=MANIFOLD_SOLID_BREP('',#272);
#272=CLOSED_SHELL('',(#4832,#4841,#4850,#4859,#4868,#4877,#4886,#4895,#4904));
#273=COLOUR_RGB('',0.156862745098039,0.156862745098039,0.156862745098039);
#274=FILL_AREA_STYLE_COLOUR('',#273);
#275=FILL_AREA_STYLE($,(#274));
#276=SURFACE_STYLE_FILL_AREA(#275);
#277=SURFACE_SIDE_STYLE('',(#276));
#278=SURFACE_STYLE_USAGE(.BOTH.,#277);
#279=PRESENTATION_STYLE_ASSIGNMENT((#278));
#280=STYLED_ITEM('',(#279),#271);
#281=MANIFOLD_SOLID_BREP('',#282);
#282=CLOSED_SHELL('',(#4913,#4922,#4931,#4940,#4949,#4958,#4967,#4976,#4985));
#283=COLOUR_RGB('',0.156862745098039,0.156862745098039,0.156862745098039);
#284=FILL_AREA_STYLE_COLOUR('',#283);
#285=FILL_AREA_STYLE($,(#284));
#286=SURFACE_STYLE_FILL_AREA(#285);
#287=SURFACE_SIDE_STYLE('',(#286));
#288=SURFACE_STYLE_USAGE(.BOTH.,#287);
#289=PRESENTATION_STYLE_ASSIGNMENT((#288));
#290=STYLED_ITEM('',(#289),#281);
#291=MANIFOLD_SOLID_BREP('',#292);
#292=CLOSED_SHELL('',(#4994,#5003,#5012,#5021,#5030,#5039,#5048,#5057,#5066));
#293=COLOUR_RGB('',0.156862745098039,0.156862745098039,0.156862745098039);
#294=FILL_AREA_STYLE_COLOUR('',#293);
#295=FILL_AREA_STYLE($,(#294));
#296=SURFACE_STYLE_FILL_AREA(#295);
#297=SURFACE_SIDE_STYLE('',(#296));
#298=SURFACE_STYLE_USAGE(.BOTH.,#297);
#299=PRESENTATION_STYLE_ASSIGNMENT((#298));
#300=STYLED_ITEM('',(#299),#291);
#301=MANIFOLD_SOLID_BREP('',#302);
#302=CLOSED_SHELL('',(#5075,#5084,#5093,#5102,#5111,#5120,#5129,#5138,#5147));
#303=COLOUR_RGB('',0.156862745098039,0.156862745098039,0.156862745098039);
#304=FILL_AREA_STYLE_COLOUR('',#303);
#305=FILL_AREA_STYLE($,(#304));
#306=SURFACE_STYLE_FILL_AREA(#305);
#307=SURFACE_SIDE_STYLE('',(#306));
#308=SURFACE_STYLE_USAGE(.BOTH.,#307);
#309=PRESENTATION_STYLE_ASSIGNMENT((#308));
#310=STYLED_ITEM('',(#309),#301);
#311=MANIFOLD_SOLID_BREP('',#312);
#312=CLOSED_SHELL('',(#5156,#5165,#5174,#5183,#5192,#5201,#5210,#5219,#5228));
#313=COLOUR_RGB('',0.156862745098039,0.156862745098039,0.156862745098039);
#314=FILL_AREA_STYLE_COLOUR('',#313);
#315=FILL_AREA_STYLE($,(#314));
#316=SURFACE_STYLE_FILL_AREA(#315);
#317=SURFACE_SIDE_STYLE('',(#316));
#318=SURFACE_STYLE_USAGE(.BOTH.,#317);
#319=PRESENTATION_STYLE_ASSIGNMENT((#318));
#320=STYLED_ITEM('',(#319),#311);
#321=ADVANCED_BREP_SHAPE_REPRESENTATION('NONE',(#40,#51,#61,#71,#81,#91,#101,#111,
#121,#131,#141,#151,#161,#171,#181,#191,#201,#211,#221,#231,#241,#251,#261,#271,
#281,#291,#301,#311),#6);
#322=SHAPE_REPRESENTATION_RELATIONSHIP('','',#1,#321);
#323=ADVANCED_FACE('',(#5237,#5239),#5241,.F.);
#324=COLOUR_RGB('',0.156862745098039,0.156862745098039,0.156862745098039);
#325=FILL_AREA_STYLE_COLOUR('',#324);
#326=FILL_AREA_STYLE($,(#325));
#327=SURFACE_STYLE_FILL_AREA(#326);
#328=SURFACE_SIDE_STYLE('',(#327));
#329=SURFACE_STYLE_USAGE(.BOTH.,#328);
#330=PRESENTATION_STYLE_ASSIGNMENT((#329));
#331=STYLED_ITEM('',(#330),#323);
#332=ADVANCED_FACE('',(#5246,#5248),#5250,.F.);
#333=COLOUR_RGB('',0.156862745098039,0.156862745098039,0.156862745098039);
#334=FILL_AREA_STYLE_COLOUR('',#333);
#335=FILL_AREA_STYLE($,(#334));
#336=SURFACE_STYLE_FILL_AREA(#335);
#337=SURFACE_SIDE_STYLE('',(#336));
#338=SURFACE_STYLE_USAGE(.BOTH.,#337);
#339=PRESENTATION_STYLE_ASSIGNMENT((#338));
#340=STYLED_ITEM('',(#339),#332);
#341=ADVANCED_FACE('',(#5255,#5257),#5259,.F.);
#342=COLOUR_RGB('',0.156862745098039,0.156862745098039,0.156862745098039);
#343=FILL_AREA_STYLE_COLOUR('',#342);
#344=FILL_AREA_STYLE($,(#343));
#345=SURFACE_STYLE_FILL_AREA(#344);
#346=SURFACE_SIDE_STYLE('',(#345));
#347=SURFACE_STYLE_USAGE(.BOTH.,#346);
#348=PRESENTATION_STYLE_ASSIGNMENT((#347));
#349=STYLED_ITEM('',(#348),#341);
#350=ADVANCED_FACE('',(#5264,#5266),#5268,.F.);
#351=COLOUR_RGB('',0.156862745098039,0.156862745098039,0.156862745098039);
#352=FILL_AREA_STYLE_COLOUR('',#351);
#353=FILL_AREA_STYLE($,(#352));
#354=SURFACE_STYLE_FILL_AREA(#353);
#355=SURFACE_SIDE_STYLE('',(#354));
#356=SURFACE_STYLE_USAGE(.BOTH.,#355);
#357=PRESENTATION_STYLE_ASSIGNMENT((#356));
#358=STYLED_ITEM('',(#357),#350);
#359=ADVANCED_FACE('',(#5273,#5275),#5277,.F.);
#360=COLOUR_RGB('',0.156862745098039,0.156862745098039,0.156862745098039);
#361=FILL_AREA_STYLE_COLOUR('',#360);
#362=FILL_AREA_STYLE($,(#361));
#363=SURFACE_STYLE_FILL_AREA(#362);
#364=SURFACE_SIDE_STYLE('',(#363));
#365=SURFACE_STYLE_USAGE(.BOTH.,#364);
#366=PRESENTATION_STYLE_ASSIGNMENT((#365));
#367=STYLED_ITEM('',(#366),#359);
#368=ADVANCED_FACE('',(#5282,#5284),#5286,.F.);
#369=COLOUR_RGB('',0.156862745098039,0.156862745098039,0.156862745098039);
#370=FILL_AREA_STYLE_COLOUR('',#369);
#371=FILL_AREA_STYLE($,(#370));
#372=SURFACE_STYLE_FILL_AREA(#371);
#373=SURFACE_SIDE_STYLE('',(#372));
#374=SURFACE_STYLE_USAGE(.BOTH.,#373);
#375=PRESENTATION_STYLE_ASSIGNMENT((#374));
#376=STYLED_ITEM('',(#375),#368);
#377=ADVANCED_FACE('',(#5291,#5293),#5295,.F.);
#378=COLOUR_RGB('',0.156862745098039,0.156862745098039,0.156862745098039);
#379=FILL_AREA_STYLE_COLOUR('',#378);
#380=FILL_AREA_STYLE($,(#379));
#381=SURFACE_STYLE_FILL_AREA(#380);
#382=SURFACE_SIDE_STYLE('',(#381));
#383=SURFACE_STYLE_USAGE(.BOTH.,#382);
#384=PRESENTATION_STYLE_ASSIGNMENT((#383));
#385=STYLED_ITEM('',(#384),#377);
#386=ADVANCED_FACE('',(#5300,#5302),#5304,.F.);
#387=COLOUR_RGB('',0.156862745098039,0.156862745098039,0.156862745098039);
#388=FILL_AREA_STYLE_COLOUR('',#387);
#389=FILL_AREA_STYLE($,(#388));
#390=SURFACE_STYLE_FILL_AREA(#389);
#391=SURFACE_SIDE_STYLE('',(#390));
#392=SURFACE_STYLE_USAGE(.BOTH.,#391);
#393=PRESENTATION_STYLE_ASSIGNMENT((#392));
#394=STYLED_ITEM('',(#393),#386);
#395=ADVANCED_FACE('',(#5309,#5311),#5313,.F.);
#396=COLOUR_RGB('',0.156862745098039,0.156862745098039,0.156862745098039);
#397=FILL_AREA_STYLE_COLOUR('',#396);
#398=FILL_AREA_STYLE($,(#397));
#399=SURFACE_STYLE_FILL_AREA(#398);
#400=SURFACE_SIDE_STYLE('',(#399));
#401=SURFACE_STYLE_USAGE(.BOTH.,#400);
#402=PRESENTATION_STYLE_ASSIGNMENT((#401));
#403=STYLED_ITEM('',(#402),#395);
#404=ADVANCED_FACE('',(#5318,#5320),#5322,.F.);
#405=COLOUR_RGB('',0.156862745098039,0.156862745098039,0.156862745098039);
#406=FILL_AREA_STYLE_COLOUR('',#405);
#407=FILL_AREA_STYLE($,(#406));
#408=SURFACE_STYLE_FILL_AREA(#407);
#409=SURFACE_SIDE_STYLE('',(#408));
#410=SURFACE_STYLE_USAGE(.BOTH.,#409);
#411=PRESENTATION_STYLE_ASSIGNMENT((#410));
#412=STYLED_ITEM('',(#411),#404);
#413=ADVANCED_FACE('',(#5327,#5329),#5331,.F.);
#414=COLOUR_RGB('',0.156862745098039,0.156862745098039,0.156862745098039);
#415=FILL_AREA_STYLE_COLOUR('',#414);
#416=FILL_AREA_STYLE($,(#415));
#417=SURFACE_STYLE_FILL_AREA(#416);
#418=SURFACE_SIDE_STYLE('',(#417));
#419=SURFACE_STYLE_USAGE(.BOTH.,#418);
#420=PRESENTATION_STYLE_ASSIGNMENT((#419));
#421=STYLED_ITEM('',(#420),#413);
#422=ADVANCED_FACE('',(#5336,#5338),#5340,.F.);
#423=COLOUR_RGB('',0.156862745098039,0.156862745098039,0.156862745098039);
#424=FILL_AREA_STYLE_COLOUR('',#423);
#425=FILL_AREA_STYLE($,(#424));
#426=SURFACE_STYLE_FILL_AREA(#425);
#427=SURFACE_SIDE_STYLE('',(#426));
#428=SURFACE_STYLE_USAGE(.BOTH.,#427);
#429=PRESENTATION_STYLE_ASSIGNMENT((#428));
#430=STYLED_ITEM('',(#429),#422);
#431=ADVANCED_FACE('',(#5345,#5347),#5349,.F.);
#432=COLOUR_RGB('',0.156862745098039,0.156862745098039,0.156862745098039);
#433=FILL_AREA_STYLE_COLOUR('',#432);
#434=FILL_AREA_STYLE($,(#433));
#435=SURFACE_STYLE_FILL_AREA(#434);
#436=SURFACE_SIDE_STYLE('',(#435));
#437=SURFACE_STYLE_USAGE(.BOTH.,#436);
#438=PRESENTATION_STYLE_ASSIGNMENT((#437));
#439=STYLED_ITEM('',(#438),#431);
#440=ADVANCED_FACE('',(#5354,#5356),#5358,.F.);
#441=COLOUR_RGB('',0.156862745098039,0.156862745098039,0.156862745098039);
#442=FILL_AREA_STYLE_COLOUR('',#441);
#443=FILL_AREA_STYLE($,(#442));
#444=SURFACE_STYLE_FILL_AREA(#443);
#445=SURFACE_SIDE_STYLE('',(#444));
#446=SURFACE_STYLE_USAGE(.BOTH.,#445);
#447=PRESENTATION_STYLE_ASSIGNMENT((#446));
#448=STYLED_ITEM('',(#447),#440);
#449=ADVANCED_FACE('',(#5363,#5365),#5367,.F.);
#450=COLOUR_RGB('',0.156862745098039,0.156862745098039,0.156862745098039);
#451=FILL_AREA_STYLE_COLOUR('',#450);
#452=FILL_AREA_STYLE($,(#451));
#453=SURFACE_STYLE_FILL_AREA(#452);
#454=SURFACE_SIDE_STYLE('',(#453));
#455=SURFACE_STYLE_USAGE(.BOTH.,#454);
#456=PRESENTATION_STYLE_ASSIGNMENT((#455));
#457=STYLED_ITEM('',(#456),#449);
#458=ADVANCED_FACE('',(#5372,#5374),#5376,.F.);
#459=COLOUR_RGB('',0.156862745098039,0.156862745098039,0.156862745098039);
#460=FILL_AREA_STYLE_COLOUR('',#459);
#461=FILL_AREA_STYLE($,(#460));
#462=SURFACE_STYLE_FILL_AREA(#461);
#463=SURFACE_SIDE_STYLE('',(#462));
#464=SURFACE_STYLE_USAGE(.BOTH.,#463);
#465=PRESENTATION_STYLE_ASSIGNMENT((#464));
#466=STYLED_ITEM('',(#465),#458);
#467=ADVANCED_FACE('',(#5381,#5383),#5385,.F.);
#468=COLOUR_RGB('',0.156862745098039,0.156862745098039,0.156862745098039);
#469=FILL_AREA_STYLE_COLOUR('',#468);
#470=FILL_AREA_STYLE($,(#469));
#471=SURFACE_STYLE_FILL_AREA(#470);
#472=SURFACE_SIDE_STYLE('',(#471));
#473=SURFACE_STYLE_USAGE(.BOTH.,#472);
#474=PRESENTATION_STYLE_ASSIGNMENT((#473));
#475=STYLED_ITEM('',(#474),#467);
#476=ADVANCED_FACE('',(#5390,#5392),#5394,.F.);
#477=COLOUR_RGB('',0.156862745098039,0.156862745098039,0.156862745098039);
#478=FILL_AREA_STYLE_COLOUR('',#477);
#479=FILL_AREA_STYLE($,(#478));
#480=SURFACE_STYLE_FILL_AREA(#479);
#481=SURFACE_SIDE_STYLE('',(#480));
#482=SURFACE_STYLE_USAGE(.BOTH.,#481);
#483=PRESENTATION_STYLE_ASSIGNMENT((#482));
#484=STYLED_ITEM('',(#483),#476);
#485=ADVANCED_FACE('',(#5399,#5401),#5403,.F.);
#486=COLOUR_RGB('',0.156862745098039,0.156862745098039,0.156862745098039);
#487=FILL_AREA_STYLE_COLOUR('',#486);
#488=FILL_AREA_STYLE($,(#487));
#489=SURFACE_STYLE_FILL_AREA(#488);
#490=SURFACE_SIDE_STYLE('',(#489));
#491=SURFACE_STYLE_USAGE(.BOTH.,#490);
#492=PRESENTATION_STYLE_ASSIGNMENT((#491));
#493=STYLED_ITEM('',(#492),#485);
#494=ADVANCED_FACE('',(#5408,#5410),#5412,.F.);
#495=COLOUR_RGB('',0.156862745098039,0.156862745098039,0.156862745098039);
#496=FILL_AREA_STYLE_COLOUR('',#495);
#497=FILL_AREA_STYLE($,(#496));
#498=SURFACE_STYLE_FILL_AREA(#497);
#499=SURFACE_SIDE_STYLE('',(#498));
#500=SURFACE_STYLE_USAGE(.BOTH.,#499);
#501=PRESENTATION_STYLE_ASSIGNMENT((#500));
#502=STYLED_ITEM('',(#501),#494);
#503=ADVANCED_FACE('',(#5417,#5419),#5421,.F.);
#504=COLOUR_RGB('',0.156862745098039,0.156862745098039,0.156862745098039);
#505=FILL_AREA_STYLE_COLOUR('',#504);
#506=FILL_AREA_STYLE($,(#505));
#507=SURFACE_STYLE_FILL_AREA(#506);
#508=SURFACE_SIDE_STYLE('',(#507));
#509=SURFACE_STYLE_USAGE(.BOTH.,#508);
#510=PRESENTATION_STYLE_ASSIGNMENT((#509));
#511=STYLED_ITEM('',(#510),#503);
#512=ADVANCED_FACE('',(#5426,#5428),#5430,.F.);
#513=COLOUR_RGB('',0.156862745098039,0.156862745098039,0.156862745098039);
#514=FILL_AREA_STYLE_COLOUR('',#513);
#515=FILL_AREA_STYLE($,(#514));
#516=SURFACE_STYLE_FILL_AREA(#515);
#517=SURFACE_SIDE_STYLE('',(#516));
#518=SURFACE_STYLE_USAGE(.BOTH.,#517);
#519=PRESENTATION_STYLE_ASSIGNMENT((#518));
#520=STYLED_ITEM('',(#519),#512);
#521=ADVANCED_FACE('',(#5435,#5437),#5439,.F.);
#522=COLOUR_RGB('',0.156862745098039,0.156862745098039,0.156862745098039);
#523=FILL_AREA_STYLE_COLOUR('',#522);
#524=FILL_AREA_STYLE($,(#523));
#525=SURFACE_STYLE_FILL_AREA(#524);
#526=SURFACE_SIDE_STYLE('',(#525));
#527=SURFACE_STYLE_USAGE(.BOTH.,#526);
#528=PRESENTATION_STYLE_ASSIGNMENT((#527));
#529=STYLED_ITEM('',(#528),#521);
#530=ADVANCED_FACE('',(#5444,#5446),#5448,.F.);
#531=COLOUR_RGB('',0.156862745098039,0.156862745098039,0.156862745098039);
#532=FILL_AREA_STYLE_COLOUR('',#531);
#533=FILL_AREA_STYLE($,(#532));
#534=SURFACE_STYLE_FILL_AREA(#533);
#535=SURFACE_SIDE_STYLE('',(#534));
#536=SURFACE_STYLE_USAGE(.BOTH.,#535);
#537=PRESENTATION_STYLE_ASSIGNMENT((#536));
#538=STYLED_ITEM('',(#537),#530);
#539=ADVANCED_FACE('',(#5453,#5455),#5457,.F.);
#540=COLOUR_RGB('',0.156862745098039,0.156862745098039,0.156862745098039);
#541=FILL_AREA_STYLE_COLOUR('',#540);
#542=FILL_AREA_STYLE($,(#541));
#543=SURFACE_STYLE_FILL_AREA(#542);
#544=SURFACE_SIDE_STYLE('',(#543));
#545=SURFACE_STYLE_USAGE(.BOTH.,#544);
#546=PRESENTATION_STYLE_ASSIGNMENT((#545));
#547=STYLED_ITEM('',(#546),#539);
#548=ADVANCED_FACE('',(#5462,#5464),#5466,.F.);
#549=COLOUR_RGB('',0.156862745098039,0.156862745098039,0.156862745098039);
#550=FILL_AREA_STYLE_COLOUR('',#549);
#551=FILL_AREA_STYLE($,(#550));
#552=SURFACE_STYLE_FILL_AREA(#551);
#553=SURFACE_SIDE_STYLE('',(#552));
#554=SURFACE_STYLE_USAGE(.BOTH.,#553);
#555=PRESENTATION_STYLE_ASSIGNMENT((#554));
#556=STYLED_ITEM('',(#555),#548);
#557=ADVANCED_FACE('',(#5471,#5473,#5475,#5477,#5479,#5481,#5483,#5485,#5487,#5489,
#5491,#5493,#5495,#5497,#5499,#5501,#5503,#5505,#5507,#5509,#5511,#5513,#5515,#5517,
#5519,#5521,#5523,#5525),#5527,.T.);
#558=COLOUR_RGB('',0.156862745098039,0.156862745098039,0.156862745098039);
#559=FILL_AREA_STYLE_COLOUR('',#558);
#560=FILL_AREA_STYLE($,(#559));
#561=SURFACE_STYLE_FILL_AREA(#560);
#562=SURFACE_SIDE_STYLE('',(#561));
#563=SURFACE_STYLE_USAGE(.BOTH.,#562);
#564=PRESENTATION_STYLE_ASSIGNMENT((#563));
#565=STYLED_ITEM('',(#564),#557);
#566=ADVANCED_FACE('',(#5532,#5534),#5536,.T.);
#567=COLOUR_RGB('',0.156862745098039,0.156862745098039,0.156862745098039);
#568=FILL_AREA_STYLE_COLOUR('',#567);
#569=FILL_AREA_STYLE($,(#568));
#570=SURFACE_STYLE_FILL_AREA(#569);
#571=SURFACE_SIDE_STYLE('',(#570));
#572=SURFACE_STYLE_USAGE(.BOTH.,#571);
#573=PRESENTATION_STYLE_ASSIGNMENT((#572));
#574=STYLED_ITEM('',(#573),#566);
#575=ADVANCED_FACE('',(#5541,#5543),#5545,.F.);
#576=COLOUR_RGB('',0.156862745098039,0.156862745098039,0.156862745098039);
#577=FILL_AREA_STYLE_COLOUR('',#576);
#578=FILL_AREA_STYLE($,(#577));
#579=SURFACE_STYLE_FILL_AREA(#578);
#580=SURFACE_SIDE_STYLE('',(#579));
#581=SURFACE_STYLE_USAGE(.BOTH.,#580);
#582=PRESENTATION_STYLE_ASSIGNMENT((#581));
#583=STYLED_ITEM('',(#582),#575);
#584=ADVANCED_FACE('',(#5550,#5552),#5554,.T.);
#585=COLOUR_RGB('',0.156862745098039,0.156862745098039,0.156862745098039);
#586=FILL_AREA_STYLE_COLOUR('',#585);
#587=FILL_AREA_STYLE($,(#586));
#588=SURFACE_STYLE_FILL_AREA(#587);
#589=SURFACE_SIDE_STYLE('',(#588));
#590=SURFACE_STYLE_USAGE(.BOTH.,#589);
#591=PRESENTATION_STYLE_ASSIGNMENT((#590));
#592=STYLED_ITEM('',(#591),#584);
#593=ADVANCED_FACE('',(#5559,#5561),#5563,.F.);
#594=COLOUR_RGB('',0.156862745098039,0.156862745098039,0.156862745098039);
#595=FILL_AREA_STYLE_COLOUR('',#594);
#596=FILL_AREA_STYLE($,(#595));
#597=SURFACE_STYLE_FILL_AREA(#596);
#598=SURFACE_SIDE_STYLE('',(#597));
#599=SURFACE_STYLE_USAGE(.BOTH.,#598);
#600=PRESENTATION_STYLE_ASSIGNMENT((#599));
#601=STYLED_ITEM('',(#600),#593);
#602=ADVANCED_FACE('',(#5568,#5570),#5572,.T.);
#603=COLOUR_RGB('',0.156862745098039,0.156862745098039,0.156862745098039);
#604=FILL_AREA_STYLE_COLOUR('',#603);
#605=FILL_AREA_STYLE($,(#604));
#606=SURFACE_STYLE_FILL_AREA(#605);
#607=SURFACE_SIDE_STYLE('',(#606));
#608=SURFACE_STYLE_USAGE(.BOTH.,#607);
#609=PRESENTATION_STYLE_ASSIGNMENT((#608));
#610=STYLED_ITEM('',(#609),#602);
#611=ADVANCED_FACE('',(#5577,#5579),#5581,.F.);
#612=COLOUR_RGB('',0.156862745098039,0.156862745098039,0.156862745098039);
#613=FILL_AREA_STYLE_COLOUR('',#612);
#614=FILL_AREA_STYLE($,(#613));
#615=SURFACE_STYLE_FILL_AREA(#614);
#616=SURFACE_SIDE_STYLE('',(#615));
#617=SURFACE_STYLE_USAGE(.BOTH.,#616);
#618=PRESENTATION_STYLE_ASSIGNMENT((#617));
#619=STYLED_ITEM('',(#618),#611);
#620=ADVANCED_FACE('',(#5586,#5588),#5590,.T.);
#621=COLOUR_RGB('',0.156862745098039,0.156862745098039,0.156862745098039);
#622=FILL_AREA_STYLE_COLOUR('',#621);
#623=FILL_AREA_STYLE($,(#622));
#624=SURFACE_STYLE_FILL_AREA(#623);
#625=SURFACE_SIDE_STYLE('',(#624));
#626=SURFACE_STYLE_USAGE(.BOTH.,#625);
#627=PRESENTATION_STYLE_ASSIGNMENT((#626));
#628=STYLED_ITEM('',(#627),#620);
#629=ADVANCED_FACE('',(#5595,#5597),#5599,.F.);
#630=COLOUR_RGB('',0.156862745098039,0.156862745098039,0.156862745098039);
#631=FILL_AREA_STYLE_COLOUR('',#630);
#632=FILL_AREA_STYLE($,(#631));
#633=SURFACE_STYLE_FILL_AREA(#632);
#634=SURFACE_SIDE_STYLE('',(#633));
#635=SURFACE_STYLE_USAGE(.BOTH.,#634);
#636=PRESENTATION_STYLE_ASSIGNMENT((#635));
#637=STYLED_ITEM('',(#636),#629);
#638=ADVANCED_FACE('',(#5604,#5606),#5608,.T.);
#639=COLOUR_RGB('',0.156862745098039,0.156862745098039,0.156862745098039);
#640=FILL_AREA_STYLE_COLOUR('',#639);
#641=FILL_AREA_STYLE($,(#640));
#642=SURFACE_STYLE_FILL_AREA(#641);
#643=SURFACE_SIDE_STYLE('',(#642));
#644=SURFACE_STYLE_USAGE(.BOTH.,#643);
#645=PRESENTATION_STYLE_ASSIGNMENT((#644));
#646=STYLED_ITEM('',(#645),#638);
#647=ADVANCED_FACE('',(#5613,#5615),#5617,.F.);
#648=COLOUR_RGB('',0.156862745098039,0.156862745098039,0.156862745098039);
#649=FILL_AREA_STYLE_COLOUR('',#648);
#650=FILL_AREA_STYLE($,(#649));
#651=SURFACE_STYLE_FILL_AREA(#650);
#652=SURFACE_SIDE_STYLE('',(#651));
#653=SURFACE_STYLE_USAGE(.BOTH.,#652);
#654=PRESENTATION_STYLE_ASSIGNMENT((#653));
#655=STYLED_ITEM('',(#654),#647);
#656=ADVANCED_FACE('',(#5622,#5624),#5626,.T.);
#657=COLOUR_RGB('',0.156862745098039,0.156862745098039,0.156862745098039);
#658=FILL_AREA_STYLE_COLOUR('',#657);
#659=FILL_AREA_STYLE($,(#658));
#660=SURFACE_STYLE_FILL_AREA(#659);
#661=SURFACE_SIDE_STYLE('',(#660));
#662=SURFACE_STYLE_USAGE(.BOTH.,#661);
#663=PRESENTATION_STYLE_ASSIGNMENT((#662));
#664=STYLED_ITEM('',(#663),#656);
#665=ADVANCED_FACE('',(#5631,#5633),#5635,.F.);
#666=COLOUR_RGB('',0.156862745098039,0.156862745098039,0.156862745098039);
#667=FILL_AREA_STYLE_COLOUR('',#666);
#668=FILL_AREA_STYLE($,(#667));
#669=SURFACE_STYLE_FILL_AREA(#668);
#670=SURFACE_SIDE_STYLE('',(#669));
#671=SURFACE_STYLE_USAGE(.BOTH.,#670);
#672=PRESENTATION_STYLE_ASSIGNMENT((#671));
#673=STYLED_ITEM('',(#672),#665);
#674=ADVANCED_FACE('',(#5640,#5642),#5644,.T.);
#675=COLOUR_RGB('',0.156862745098039,0.156862745098039,0.156862745098039);
#676=FILL_AREA_STYLE_COLOUR('',#675);
#677=FILL_AREA_STYLE($,(#676));
#678=SURFACE_STYLE_FILL_AREA(#677);
#679=SURFACE_SIDE_STYLE('',(#678));
#680=SURFACE_STYLE_USAGE(.BOTH.,#679);
#681=PRESENTATION_STYLE_ASSIGNMENT((#680));
#682=STYLED_ITEM('',(#681),#674);
#683=ADVANCED_FACE('',(#5649,#5651),#5653,.F.);
#684=COLOUR_RGB('',0.156862745098039,0.156862745098039,0.156862745098039);
#685=FILL_AREA_STYLE_COLOUR('',#684);
#686=FILL_AREA_STYLE($,(#685));
#687=SURFACE_STYLE_FILL_AREA(#686);
#688=SURFACE_SIDE_STYLE('',(#687));
#689=SURFACE_STYLE_USAGE(.BOTH.,#688);
#690=PRESENTATION_STYLE_ASSIGNMENT((#689));
#691=STYLED_ITEM('',(#690),#683);
#692=ADVANCED_FACE('',(#5658,#5660),#5662,.T.);
#693=COLOUR_RGB('',0.156862745098039,0.156862745098039,0.156862745098039);
#694=FILL_AREA_STYLE_COLOUR('',#693);
#695=FILL_AREA_STYLE($,(#694));
#696=SURFACE_STYLE_FILL_AREA(#695);
#697=SURFACE_SIDE_STYLE('',(#696));
#698=SURFACE_STYLE_USAGE(.BOTH.,#697);
#699=PRESENTATION_STYLE_ASSIGNMENT((#698));
#700=STYLED_ITEM('',(#699),#692);
#701=ADVANCED_FACE('',(#5667,#5669),#5671,.F.);
#702=COLOUR_RGB('',0.156862745098039,0.156862745098039,0.156862745098039);
#703=FILL_AREA_STYLE_COLOUR('',#702);
#704=FILL_AREA_STYLE($,(#703));
#705=SURFACE_STYLE_FILL_AREA(#704);
#706=SURFACE_SIDE_STYLE('',(#705));
#707=SURFACE_STYLE_USAGE(.BOTH.,#706);
#708=PRESENTATION_STYLE_ASSIGNMENT((#707));
#709=STYLED_ITEM('',(#708),#701);
#710=ADVANCED_FACE('',(#5676,#5678),#5680,.T.);
#711=COLOUR_RGB('',0.156862745098039,0.156862745098039,0.156862745098039);
#712=FILL_AREA_STYLE_COLOUR('',#711);
#713=FILL_AREA_STYLE($,(#712));
#714=SURFACE_STYLE_FILL_AREA(#713);
#715=SURFACE_SIDE_STYLE('',(#714));
#716=SURFACE_STYLE_USAGE(.BOTH.,#715);
#717=PRESENTATION_STYLE_ASSIGNMENT((#716));
#718=STYLED_ITEM('',(#717),#710);
#719=ADVANCED_FACE('',(#5685,#5687),#5689,.F.);
#720=COLOUR_RGB('',0.156862745098039,0.156862745098039,0.156862745098039);
#721=FILL_AREA_STYLE_COLOUR('',#720);
#722=FILL_AREA_STYLE($,(#721));
#723=SURFACE_STYLE_FILL_AREA(#722);
#724=SURFACE_SIDE_STYLE('',(#723));
#725=SURFACE_STYLE_USAGE(.BOTH.,#724);
#726=PRESENTATION_STYLE_ASSIGNMENT((#725));
#727=STYLED_ITEM('',(#726),#719);
#728=ADVANCED_FACE('',(#5694,#5696),#5698,.T.);
#729=COLOUR_RGB('',0.156862745098039,0.156862745098039,0.156862745098039);
#730=FILL_AREA_STYLE_COLOUR('',#729);
#731=FILL_AREA_STYLE($,(#730));
#732=SURFACE_STYLE_FILL_AREA(#731);
#733=SURFACE_SIDE_STYLE('',(#732));
#734=SURFACE_STYLE_USAGE(.BOTH.,#733);
#735=PRESENTATION_STYLE_ASSIGNMENT((#734));
#736=STYLED_ITEM('',(#735),#728);
#737=ADVANCED_FACE('',(#5703,#5705),#5707,.F.);
#738=COLOUR_RGB('',0.156862745098039,0.156862745098039,0.156862745098039);
#739=FILL_AREA_STYLE_COLOUR('',#738);
#740=FILL_AREA_STYLE($,(#739));
#741=SURFACE_STYLE_FILL_AREA(#740);
#742=SURFACE_SIDE_STYLE('',(#741));
#743=SURFACE_STYLE_USAGE(.BOTH.,#742);
#744=PRESENTATION_STYLE_ASSIGNMENT((#743));
#745=STYLED_ITEM('',(#744),#737);
#746=ADVANCED_FACE('',(#5712,#5714),#5716,.T.);
#747=COLOUR_RGB('',0.156862745098039,0.156862745098039,0.156862745098039);
#748=FILL_AREA_STYLE_COLOUR('',#747);
#749=FILL_AREA_STYLE($,(#748));
#750=SURFACE_STYLE_FILL_AREA(#749);
#751=SURFACE_SIDE_STYLE('',(#750));
#752=SURFACE_STYLE_USAGE(.BOTH.,#751);
#753=PRESENTATION_STYLE_ASSIGNMENT((#752));
#754=STYLED_ITEM('',(#753),#746);
#755=ADVANCED_FACE('',(#5721,#5723),#5725,.F.);
#756=COLOUR_RGB('',0.156862745098039,0.156862745098039,0.156862745098039);
#757=FILL_AREA_STYLE_COLOUR('',#756);
#758=FILL_AREA_STYLE($,(#757));
#759=SURFACE_STYLE_FILL_AREA(#758);
#760=SURFACE_SIDE_STYLE('',(#759));
#761=SURFACE_STYLE_USAGE(.BOTH.,#760);
#762=PRESENTATION_STYLE_ASSIGNMENT((#761));
#763=STYLED_ITEM('',(#762),#755);
#764=ADVANCED_FACE('',(#5730,#5732),#5734,.T.);
#765=COLOUR_RGB('',0.156862745098039,0.156862745098039,0.156862745098039);
#766=FILL_AREA_STYLE_COLOUR('',#765);
#767=FILL_AREA_STYLE($,(#766));
#768=SURFACE_STYLE_FILL_AREA(#767);
#769=SURFACE_SIDE_STYLE('',(#768));
#770=SURFACE_STYLE_USAGE(.BOTH.,#769);
#771=PRESENTATION_STYLE_ASSIGNMENT((#770));
#772=STYLED_ITEM('',(#771),#764);
#773=ADVANCED_FACE('',(#5739,#5741),#5743,.F.);
#774=COLOUR_RGB('',0.156862745098039,0.156862745098039,0.156862745098039);
#775=FILL_AREA_STYLE_COLOUR('',#774);
#776=FILL_AREA_STYLE($,(#775));
#777=SURFACE_STYLE_FILL_AREA(#776);
#778=SURFACE_SIDE_STYLE('',(#777));
#779=SURFACE_STYLE_USAGE(.BOTH.,#778);
#780=PRESENTATION_STYLE_ASSIGNMENT((#779));
#781=STYLED_ITEM('',(#780),#773);
#782=ADVANCED_FACE('',(#5748,#5750),#5752,.T.);
#783=COLOUR_RGB('',0.156862745098039,0.156862745098039,0.156862745098039);
#784=FILL_AREA_STYLE_COLOUR('',#783);
#785=FILL_AREA_STYLE($,(#784));
#786=SURFACE_STYLE_FILL_AREA(#785);
#787=SURFACE_SIDE_STYLE('',(#786));
#788=SURFACE_STYLE_USAGE(.BOTH.,#787);
#789=PRESENTATION_STYLE_ASSIGNMENT((#788));
#790=STYLED_ITEM('',(#789),#782);
#791=ADVANCED_FACE('',(#5757,#5759),#5761,.F.);
#792=COLOUR_RGB('',0.156862745098039,0.156862745098039,0.156862745098039);
#793=FILL_AREA_STYLE_COLOUR('',#792);
#794=FILL_AREA_STYLE($,(#793));
#795=SURFACE_STYLE_FILL_AREA(#794);
#796=SURFACE_SIDE_STYLE('',(#795));
#797=SURFACE_STYLE_USAGE(.BOTH.,#796);
#798=PRESENTATION_STYLE_ASSIGNMENT((#797));
#799=STYLED_ITEM('',(#798),#791);
#800=ADVANCED_FACE('',(#5766,#5768),#5770,.T.);
#801=COLOUR_RGB('',0.156862745098039,0.156862745098039,0.156862745098039);
#802=FILL_AREA_STYLE_COLOUR('',#801);
#803=FILL_AREA_STYLE($,(#802));
#804=SURFACE_STYLE_FILL_AREA(#803);
#805=SURFACE_SIDE_STYLE('',(#804));
#806=SURFACE_STYLE_USAGE(.BOTH.,#805);
#807=PRESENTATION_STYLE_ASSIGNMENT((#806));
#808=STYLED_ITEM('',(#807),#800);
#809=ADVANCED_FACE('',(#5775,#5777),#5779,.F.);
#810=COLOUR_RGB('',0.156862745098039,0.156862745098039,0.156862745098039);
#811=FILL_AREA_STYLE_COLOUR('',#810);
#812=FILL_AREA_STYLE($,(#811));
#813=SURFACE_STYLE_FILL_AREA(#812);
#814=SURFACE_SIDE_STYLE('',(#813));
#815=SURFACE_STYLE_USAGE(.BOTH.,#814);
#816=PRESENTATION_STYLE_ASSIGNMENT((#815));
#817=STYLED_ITEM('',(#816),#809);
#818=ADVANCED_FACE('',(#5784,#5786),#5788,.T.);
#819=COLOUR_RGB('',0.156862745098039,0.156862745098039,0.156862745098039);
#820=FILL_AREA_STYLE_COLOUR('',#819);
#821=FILL_AREA_STYLE($,(#820));
#822=SURFACE_STYLE_FILL_AREA(#821);
#823=SURFACE_SIDE_STYLE('',(#822));
#824=SURFACE_STYLE_USAGE(.BOTH.,#823);
#825=PRESENTATION_STYLE_ASSIGNMENT((#824));
#826=STYLED_ITEM('',(#825),#818);
#827=ADVANCED_FACE('',(#5793,#5795),#5797,.F.);
#828=COLOUR_RGB('',0.156862745098039,0.156862745098039,0.156862745098039);
#829=FILL_AREA_STYLE_COLOUR('',#828);
#830=FILL_AREA_STYLE($,(#829));
#831=SURFACE_STYLE_FILL_AREA(#830);
#832=SURFACE_SIDE_STYLE('',(#831));
#833=SURFACE_STYLE_USAGE(.BOTH.,#832);
#834=PRESENTATION_STYLE_ASSIGNMENT((#833));
#835=STYLED_ITEM('',(#834),#827);
#836=ADVANCED_FACE('',(#5802,#5804),#5806,.T.);
#837=COLOUR_RGB('',0.156862745098039,0.156862745098039,0.156862745098039);
#838=FILL_AREA_STYLE_COLOUR('',#837);
#839=FILL_AREA_STYLE($,(#838));
#840=SURFACE_STYLE_FILL_AREA(#839);
#841=SURFACE_SIDE_STYLE('',(#840));
#842=SURFACE_STYLE_USAGE(.BOTH.,#841);
#843=PRESENTATION_STYLE_ASSIGNMENT((#842));
#844=STYLED_ITEM('',(#843),#836);
#845=ADVANCED_FACE('',(#5811,#5813),#5815,.F.);
#846=COLOUR_RGB('',0.156862745098039,0.156862745098039,0.156862745098039);
#847=FILL_AREA_STYLE_COLOUR('',#846);
#848=FILL_AREA_STYLE($,(#847));
#849=SURFACE_STYLE_FILL_AREA(#848);
#850=SURFACE_SIDE_STYLE('',(#849));
#851=SURFACE_STYLE_USAGE(.BOTH.,#850);
#852=PRESENTATION_STYLE_ASSIGNMENT((#851));
#853=STYLED_ITEM('',(#852),#845);
#854=ADVANCED_FACE('',(#5820,#5822),#5824,.T.);
#855=COLOUR_RGB('',0.156862745098039,0.156862745098039,0.156862745098039);
#856=FILL_AREA_STYLE_COLOUR('',#855);
#857=FILL_AREA_STYLE($,(#856));
#858=SURFACE_STYLE_FILL_AREA(#857);
#859=SURFACE_SIDE_STYLE('',(#858));
#860=SURFACE_STYLE_USAGE(.BOTH.,#859);
#861=PRESENTATION_STYLE_ASSIGNMENT((#860));
#862=STYLED_ITEM('',(#861),#854);
#863=ADVANCED_FACE('',(#5829,#5831),#5833,.F.);
#864=COLOUR_RGB('',0.156862745098039,0.156862745098039,0.156862745098039);
#865=FILL_AREA_STYLE_COLOUR('',#864);
#866=FILL_AREA_STYLE($,(#865));
#867=SURFACE_STYLE_FILL_AREA(#866);
#868=SURFACE_SIDE_STYLE('',(#867));
#869=SURFACE_STYLE_USAGE(.BOTH.,#868);
#870=PRESENTATION_STYLE_ASSIGNMENT((#869));
#871=STYLED_ITEM('',(#870),#863);
#872=ADVANCED_FACE('',(#5838,#5840),#5842,.T.);
#873=COLOUR_RGB('',0.156862745098039,0.156862745098039,0.156862745098039);
#874=FILL_AREA_STYLE_COLOUR('',#873);
#875=FILL_AREA_STYLE($,(#874));
#876=SURFACE_STYLE_FILL_AREA(#875);
#877=SURFACE_SIDE_STYLE('',(#876));
#878=SURFACE_STYLE_USAGE(.BOTH.,#877);
#879=PRESENTATION_STYLE_ASSIGNMENT((#878));
#880=STYLED_ITEM('',(#879),#872);
#881=ADVANCED_FACE('',(#5847,#5849),#5851,.F.);
#882=COLOUR_RGB('',0.156862745098039,0.156862745098039,0.156862745098039);
#883=FILL_AREA_STYLE_COLOUR('',#882);
#884=FILL_AREA_STYLE($,(#883));
#885=SURFACE_STYLE_FILL_AREA(#884);
#886=SURFACE_SIDE_STYLE('',(#885));
#887=SURFACE_STYLE_USAGE(.BOTH.,#886);
#888=PRESENTATION_STYLE_ASSIGNMENT((#887));
#889=STYLED_ITEM('',(#888),#881);
#890=ADVANCED_FACE('',(#5856,#5858),#5860,.T.);
#891=COLOUR_RGB('',0.156862745098039,0.156862745098039,0.156862745098039);
#892=FILL_AREA_STYLE_COLOUR('',#891);
#893=FILL_AREA_STYLE($,(#892));
#894=SURFACE_STYLE_FILL_AREA(#893);
#895=SURFACE_SIDE_STYLE('',(#894));
#896=SURFACE_STYLE_USAGE(.BOTH.,#895);
#897=PRESENTATION_STYLE_ASSIGNMENT((#896));
#898=STYLED_ITEM('',(#897),#890);
#899=ADVANCED_FACE('',(#5865,#5867),#5869,.F.);
#900=COLOUR_RGB('',0.156862745098039,0.156862745098039,0.156862745098039);
#901=FILL_AREA_STYLE_COLOUR('',#900);
#902=FILL_AREA_STYLE($,(#901));
#903=SURFACE_STYLE_FILL_AREA(#902);
#904=SURFACE_SIDE_STYLE('',(#903));
#905=SURFACE_STYLE_USAGE(.BOTH.,#904);
#906=PRESENTATION_STYLE_ASSIGNMENT((#905));
#907=STYLED_ITEM('',(#906),#899);
#908=ADVANCED_FACE('',(#5874,#5876),#5878,.T.);
#909=COLOUR_RGB('',0.156862745098039,0.156862745098039,0.156862745098039);
#910=FILL_AREA_STYLE_COLOUR('',#909);
#911=FILL_AREA_STYLE($,(#910));
#912=SURFACE_STYLE_FILL_AREA(#911);
#913=SURFACE_SIDE_STYLE('',(#912));
#914=SURFACE_STYLE_USAGE(.BOTH.,#913);
#915=PRESENTATION_STYLE_ASSIGNMENT((#914));
#916=STYLED_ITEM('',(#915),#908);
#917=ADVANCED_FACE('',(#5883,#5885),#5887,.F.);
#918=COLOUR_RGB('',0.156862745098039,0.156862745098039,0.156862745098039);
#919=FILL_AREA_STYLE_COLOUR('',#918);
#920=FILL_AREA_STYLE($,(#919));
#921=SURFACE_STYLE_FILL_AREA(#920);
#922=SURFACE_SIDE_STYLE('',(#921));
#923=SURFACE_STYLE_USAGE(.BOTH.,#922);
#924=PRESENTATION_STYLE_ASSIGNMENT((#923));
#925=STYLED_ITEM('',(#924),#917);
#926=ADVANCED_FACE('',(#5892,#5894),#5896,.T.);
#927=COLOUR_RGB('',0.156862745098039,0.156862745098039,0.156862745098039);
#928=FILL_AREA_STYLE_COLOUR('',#927);
#929=FILL_AREA_STYLE($,(#928));
#930=SURFACE_STYLE_FILL_AREA(#929);
#931=SURFACE_SIDE_STYLE('',(#930));
#932=SURFACE_STYLE_USAGE(.BOTH.,#931);
#933=PRESENTATION_STYLE_ASSIGNMENT((#932));
#934=STYLED_ITEM('',(#933),#926);
#935=ADVANCED_FACE('',(#5901,#5903),#5905,.F.);
#936=COLOUR_RGB('',0.156862745098039,0.156862745098039,0.156862745098039);
#937=FILL_AREA_STYLE_COLOUR('',#936);
#938=FILL_AREA_STYLE($,(#937));
#939=SURFACE_STYLE_FILL_AREA(#938);
#940=SURFACE_SIDE_STYLE('',(#939));
#941=SURFACE_STYLE_USAGE(.BOTH.,#940);
#942=PRESENTATION_STYLE_ASSIGNMENT((#941));
#943=STYLED_ITEM('',(#942),#935);
#944=ADVANCED_FACE('',(#5910,#5912),#5914,.T.);
#945=COLOUR_RGB('',0.156862745098039,0.156862745098039,0.156862745098039);
#946=FILL_AREA_STYLE_COLOUR('',#945);
#947=FILL_AREA_STYLE($,(#946));
#948=SURFACE_STYLE_FILL_AREA(#947);
#949=SURFACE_SIDE_STYLE('',(#948));
#950=SURFACE_STYLE_USAGE(.BOTH.,#949);
#951=PRESENTATION_STYLE_ASSIGNMENT((#950));
#952=STYLED_ITEM('',(#951),#944);
#953=ADVANCED_FACE('',(#5919,#5921),#5923,.F.);
#954=COLOUR_RGB('',0.156862745098039,0.156862745098039,0.156862745098039);
#955=FILL_AREA_STYLE_COLOUR('',#954);
#956=FILL_AREA_STYLE($,(#955));
#957=SURFACE_STYLE_FILL_AREA(#956);
#958=SURFACE_SIDE_STYLE('',(#957));
#959=SURFACE_STYLE_USAGE(.BOTH.,#958);
#960=PRESENTATION_STYLE_ASSIGNMENT((#959));
#961=STYLED_ITEM('',(#960),#953);
#962=ADVANCED_FACE('',(#5928,#5930),#5932,.T.);
#963=COLOUR_RGB('',0.156862745098039,0.156862745098039,0.156862745098039);
#964=FILL_AREA_STYLE_COLOUR('',#963);
#965=FILL_AREA_STYLE($,(#964));
#966=SURFACE_STYLE_FILL_AREA(#965);
#967=SURFACE_SIDE_STYLE('',(#966));
#968=SURFACE_STYLE_USAGE(.BOTH.,#967);
#969=PRESENTATION_STYLE_ASSIGNMENT((#968));
#970=STYLED_ITEM('',(#969),#962);
#971=ADVANCED_FACE('',(#5937,#5939),#5941,.F.);
#972=COLOUR_RGB('',0.156862745098039,0.156862745098039,0.156862745098039);
#973=FILL_AREA_STYLE_COLOUR('',#972);
#974=FILL_AREA_STYLE($,(#973));
#975=SURFACE_STYLE_FILL_AREA(#974);
#976=SURFACE_SIDE_STYLE('',(#975));
#977=SURFACE_STYLE_USAGE(.BOTH.,#976);
#978=PRESENTATION_STYLE_ASSIGNMENT((#977));
#979=STYLED_ITEM('',(#978),#971);
#980=ADVANCED_FACE('',(#5946,#5948),#5950,.T.);
#981=COLOUR_RGB('',0.156862745098039,0.156862745098039,0.156862745098039);
#982=FILL_AREA_STYLE_COLOUR('',#981);
#983=FILL_AREA_STYLE($,(#982));
#984=SURFACE_STYLE_FILL_AREA(#983);
#985=SURFACE_SIDE_STYLE('',(#984));
#986=SURFACE_STYLE_USAGE(.BOTH.,#985);
#987=PRESENTATION_STYLE_ASSIGNMENT((#986));
#988=STYLED_ITEM('',(#987),#980);
#989=ADVANCED_FACE('',(#5955,#5957),#5959,.F.);
#990=COLOUR_RGB('',0.156862745098039,0.156862745098039,0.156862745098039);
#991=FILL_AREA_STYLE_COLOUR('',#990);
#992=FILL_AREA_STYLE($,(#991));
#993=SURFACE_STYLE_FILL_AREA(#992);
#994=SURFACE_SIDE_STYLE('',(#993));
#995=SURFACE_STYLE_USAGE(.BOTH.,#994);
#996=PRESENTATION_STYLE_ASSIGNMENT((#995));
#997=STYLED_ITEM('',(#996),#989);
#998=ADVANCED_FACE('',(#5964,#5966),#5968,.T.);
#999=COLOUR_RGB('',0.156862745098039,0.156862745098039,0.156862745098039);
#1000=FILL_AREA_STYLE_COLOUR('',#999);
#1001=FILL_AREA_STYLE($,(#1000));
#1002=SURFACE_STYLE_FILL_AREA(#1001);
#1003=SURFACE_SIDE_STYLE('',(#1002));
#1004=SURFACE_STYLE_USAGE(.BOTH.,#1003);
#1005=PRESENTATION_STYLE_ASSIGNMENT((#1004));
#1006=STYLED_ITEM('',(#1005),#998);
#1007=ADVANCED_FACE('',(#5973,#5975),#5977,.F.);
#1008=COLOUR_RGB('',0.156862745098039,0.156862745098039,0.156862745098039);
#1009=FILL_AREA_STYLE_COLOUR('',#1008);
#1010=FILL_AREA_STYLE($,(#1009));
#1011=SURFACE_STYLE_FILL_AREA(#1010);
#1012=SURFACE_SIDE_STYLE('',(#1011));
#1013=SURFACE_STYLE_USAGE(.BOTH.,#1012);
#1014=PRESENTATION_STYLE_ASSIGNMENT((#1013));
#1015=STYLED_ITEM('',(#1014),#1007);
#1016=ADVANCED_FACE('',(#5982,#5984),#5986,.T.);
#1017=COLOUR_RGB('',0.156862745098039,0.156862745098039,0.156862745098039);
#1018=FILL_AREA_STYLE_COLOUR('',#1017);
#1019=FILL_AREA_STYLE($,(#1018));
#1020=SURFACE_STYLE_FILL_AREA(#1019);
#1021=SURFACE_SIDE_STYLE('',(#1020));
#1022=SURFACE_STYLE_USAGE(.BOTH.,#1021);
#1023=PRESENTATION_STYLE_ASSIGNMENT((#1022));
#1024=STYLED_ITEM('',(#1023),#1016);
#1025=ADVANCED_FACE('',(#5991,#5993),#5995,.F.);
#1026=COLOUR_RGB('',0.156862745098039,0.156862745098039,0.156862745098039);
#1027=FILL_AREA_STYLE_COLOUR('',#1026);
#1028=FILL_AREA_STYLE($,(#1027));
#1029=SURFACE_STYLE_FILL_AREA(#1028);
#1030=SURFACE_SIDE_STYLE('',(#1029));
#1031=SURFACE_STYLE_USAGE(.BOTH.,#1030);
#1032=PRESENTATION_STYLE_ASSIGNMENT((#1031));
#1033=STYLED_ITEM('',(#1032),#1025);
#1034=ADVANCED_FACE('',(#6000,#6002,#6004,#6006,#6008,#6010,#6012,#6014,#6016,#6018,
#6020,#6022,#6024,#6026,#6028,#6030,#6032,#6034,#6036,#6038,#6040,#6042,#6044,#6046,
#6048,#6050,#6052,#6054),#6056,.F.);
#1035=COLOUR_RGB('',0.156862745098039,0.156862745098039,0.156862745098039);
#1036=FILL_AREA_STYLE_COLOUR('',#1035);
#1037=FILL_AREA_STYLE($,(#1036));
#1038=SURFACE_STYLE_FILL_AREA(#1037);
#1039=SURFACE_SIDE_STYLE('',(#1038));
#1040=SURFACE_STYLE_USAGE(.BOTH.,#1039);
#1041=PRESENTATION_STYLE_ASSIGNMENT((#1040));
#1042=STYLED_ITEM('',(#1041),#1034);
#1043=ADVANCED_FACE('',(#6061),#6063,.T.);
#1044=COLOUR_RGB('',0.156862745098039,0.156862745098039,0.156862745098039);
#1045=FILL_AREA_STYLE_COLOUR('',#1044);
#1046=FILL_AREA_STYLE($,(#1045));
#1047=SURFACE_STYLE_FILL_AREA(#1046);
#1048=SURFACE_SIDE_STYLE('',(#1047));
#1049=SURFACE_STYLE_USAGE(.BOTH.,#1048);
#1050=PRESENTATION_STYLE_ASSIGNMENT((#1049));
#1051=STYLED_ITEM('',(#1050),#1043);
#1052=ADVANCED_FACE('',(#6068),#6070,.T.);
#1053=COLOUR_RGB('',0.156862745098039,0.156862745098039,0.156862745098039);
#1054=FILL_AREA_STYLE_COLOUR('',#1053);
#1055=FILL_AREA_STYLE($,(#1054));
#1056=SURFACE_STYLE_FILL_AREA(#1055);
#1057=SURFACE_SIDE_STYLE('',(#1056));
#1058=SURFACE_STYLE_USAGE(.BOTH.,#1057);
#1059=PRESENTATION_STYLE_ASSIGNMENT((#1058));
#1060=STYLED_ITEM('',(#1059),#1052);
#1061=ADVANCED_FACE('',(#6075),#6077,.T.);
#1062=COLOUR_RGB('',0.156862745098039,0.156862745098039,0.156862745098039);
#1063=FILL_AREA_STYLE_COLOUR('',#1062);
#1064=FILL_AREA_STYLE($,(#1063));
#1065=SURFACE_STYLE_FILL_AREA(#1064);
#1066=SURFACE_SIDE_STYLE('',(#1065));
#1067=SURFACE_STYLE_USAGE(.BOTH.,#1066);
#1068=PRESENTATION_STYLE_ASSIGNMENT((#1067));
#1069=STYLED_ITEM('',(#1068),#1061);
#1070=ADVANCED_FACE('',(#6082),#6084,.T.);
#1071=COLOUR_RGB('',0.156862745098039,0.156862745098039,0.156862745098039);
#1072=FILL_AREA_STYLE_COLOUR('',#1071);
#1073=FILL_AREA_STYLE($,(#1072));
#1074=SURFACE_STYLE_FILL_AREA(#1073);
#1075=SURFACE_SIDE_STYLE('',(#1074));
#1076=SURFACE_STYLE_USAGE(.BOTH.,#1075);
#1077=PRESENTATION_STYLE_ASSIGNMENT((#1076));
#1078=STYLED_ITEM('',(#1077),#1070);
#1079=ADVANCED_FACE('',(#6089),#6091,.T.);
#1080=COLOUR_RGB('',0.156862745098039,0.156862745098039,0.156862745098039);
#1081=FILL_AREA_STYLE_COLOUR('',#1080);
#1082=FILL_AREA_STYLE($,(#1081));
#1083=SURFACE_STYLE_FILL_AREA(#1082);
#1084=SURFACE_SIDE_STYLE('',(#1083));
#1085=SURFACE_STYLE_USAGE(.BOTH.,#1084);
#1086=PRESENTATION_STYLE_ASSIGNMENT((#1085));
#1087=STYLED_ITEM('',(#1086),#1079);
#1088=ADVANCED_FACE('',(#6096),#6098,.T.);
#1089=COLOUR_RGB('',0.156862745098039,0.156862745098039,0.156862745098039);
#1090=FILL_AREA_STYLE_COLOUR('',#1089);
#1091=FILL_AREA_STYLE($,(#1090));
#1092=SURFACE_STYLE_FILL_AREA(#1091);
#1093=SURFACE_SIDE_STYLE('',(#1092));
#1094=SURFACE_STYLE_USAGE(.BOTH.,#1093);
#1095=PRESENTATION_STYLE_ASSIGNMENT((#1094));
#1096=STYLED_ITEM('',(#1095),#1088);
#1097=ADVANCED_FACE('',(#6103),#6105,.T.);
#1098=COLOUR_RGB('',0.156862745098039,0.156862745098039,0.156862745098039);
#1099=FILL_AREA_STYLE_COLOUR('',#1098);
#1100=FILL_AREA_STYLE($,(#1099));
#1101=SURFACE_STYLE_FILL_AREA(#1100);
#1102=SURFACE_SIDE_STYLE('',(#1101));
#1103=SURFACE_STYLE_USAGE(.BOTH.,#1102);
#1104=PRESENTATION_STYLE_ASSIGNMENT((#1103));
#1105=STYLED_ITEM('',(#1104),#1097);
#1106=ADVANCED_FACE('',(#6110),#6112,.T.);
#1107=COLOUR_RGB('',0.156862745098039,0.156862745098039,0.156862745098039);
#1108=FILL_AREA_STYLE_COLOUR('',#1107);
#1109=FILL_AREA_STYLE($,(#1108));
#1110=SURFACE_STYLE_FILL_AREA(#1109);
#1111=SURFACE_SIDE_STYLE('',(#1110));
#1112=SURFACE_STYLE_USAGE(.BOTH.,#1111);
#1113=PRESENTATION_STYLE_ASSIGNMENT((#1112));
#1114=STYLED_ITEM('',(#1113),#1106);
#1115=ADVANCED_FACE('',(#6117),#6119,.T.);
#1116=COLOUR_RGB('',0.156862745098039,0.156862745098039,0.156862745098039);
#1117=FILL_AREA_STYLE_COLOUR('',#1116);
#1118=FILL_AREA_STYLE($,(#1117));
#1119=SURFACE_STYLE_FILL_AREA(#1118);
#1120=SURFACE_SIDE_STYLE('',(#1119));
#1121=SURFACE_STYLE_USAGE(.BOTH.,#1120);
#1122=PRESENTATION_STYLE_ASSIGNMENT((#1121));
#1123=STYLED_ITEM('',(#1122),#1115);
#1124=ADVANCED_FACE('',(#6124),#6126,.T.);
#1125=COLOUR_RGB('',0.156862745098039,0.156862745098039,0.156862745098039);
#1126=FILL_AREA_STYLE_COLOUR('',#1125);
#1127=FILL_AREA_STYLE($,(#1126));
#1128=SURFACE_STYLE_FILL_AREA(#1127);
#1129=SURFACE_SIDE_STYLE('',(#1128));
#1130=SURFACE_STYLE_USAGE(.BOTH.,#1129);
#1131=PRESENTATION_STYLE_ASSIGNMENT((#1130));
#1132=STYLED_ITEM('',(#1131),#1124);
#1133=ADVANCED_FACE('',(#6131),#6133,.T.);
#1134=COLOUR_RGB('',0.156862745098039,0.156862745098039,0.156862745098039);
#1135=FILL_AREA_STYLE_COLOUR('',#1134);
#1136=FILL_AREA_STYLE($,(#1135));
#1137=SURFACE_STYLE_FILL_AREA(#1136);
#1138=SURFACE_SIDE_STYLE('',(#1137));
#1139=SURFACE_STYLE_USAGE(.BOTH.,#1138);
#1140=PRESENTATION_STYLE_ASSIGNMENT((#1139));
#1141=STYLED_ITEM('',(#1140),#1133);
#1142=ADVANCED_FACE('',(#6138),#6140,.T.);
#1143=COLOUR_RGB('',0.156862745098039,0.156862745098039,0.156862745098039);
#1144=FILL_AREA_STYLE_COLOUR('',#1143);
#1145=FILL_AREA_STYLE($,(#1144));
#1146=SURFACE_STYLE_FILL_AREA(#1145);
#1147=SURFACE_SIDE_STYLE('',(#1146));
#1148=SURFACE_STYLE_USAGE(.BOTH.,#1147);
#1149=PRESENTATION_STYLE_ASSIGNMENT((#1148));
#1150=STYLED_ITEM('',(#1149),#1142);
#1151=ADVANCED_FACE('',(#6145),#6147,.T.);
#1152=COLOUR_RGB('',0.156862745098039,0.156862745098039,0.156862745098039);
#1153=FILL_AREA_STYLE_COLOUR('',#1152);
#1154=FILL_AREA_STYLE($,(#1153));
#1155=SURFACE_STYLE_FILL_AREA(#1154);
#1156=SURFACE_SIDE_STYLE('',(#1155));
#1157=SURFACE_STYLE_USAGE(.BOTH.,#1156);
#1158=PRESENTATION_STYLE_ASSIGNMENT((#1157));
#1159=STYLED_ITEM('',(#1158),#1151);
#1160=ADVANCED_FACE('',(#6152),#6154,.T.);
#1161=COLOUR_RGB('',0.156862745098039,0.156862745098039,0.156862745098039);
#1162=FILL_AREA_STYLE_COLOUR('',#1161);
#1163=FILL_AREA_STYLE($,(#1162));
#1164=SURFACE_STYLE_FILL_AREA(#1163);
#1165=SURFACE_SIDE_STYLE('',(#1164));
#1166=SURFACE_STYLE_USAGE(.BOTH.,#1165);
#1167=PRESENTATION_STYLE_ASSIGNMENT((#1166));
#1168=STYLED_ITEM('',(#1167),#1160);
#1169=ADVANCED_FACE('',(#6159),#6161,.T.);
#1170=COLOUR_RGB('',0.156862745098039,0.156862745098039,0.156862745098039);
#1171=FILL_AREA_STYLE_COLOUR('',#1170);
#1172=FILL_AREA_STYLE($,(#1171));
#1173=SURFACE_STYLE_FILL_AREA(#1172);
#1174=SURFACE_SIDE_STYLE('',(#1173));
#1175=SURFACE_STYLE_USAGE(.BOTH.,#1174);
#1176=PRESENTATION_STYLE_ASSIGNMENT((#1175));
#1177=STYLED_ITEM('',(#1176),#1169);
#1178=ADVANCED_FACE('',(#6166),#6168,.T.);
#1179=COLOUR_RGB('',0.156862745098039,0.156862745098039,0.156862745098039);
#1180=FILL_AREA_STYLE_COLOUR('',#1179);
#1181=FILL_AREA_STYLE($,(#1180));
#1182=SURFACE_STYLE_FILL_AREA(#1181);
#1183=SURFACE_SIDE_STYLE('',(#1182));
#1184=SURFACE_STYLE_USAGE(.BOTH.,#1183);
#1185=PRESENTATION_STYLE_ASSIGNMENT((#1184));
#1186=STYLED_ITEM('',(#1185),#1178);
#1187=ADVANCED_FACE('',(#6173),#6175,.T.);
#1188=COLOUR_RGB('',0.156862745098039,0.156862745098039,0.156862745098039);
#1189=FILL_AREA_STYLE_COLOUR('',#1188);
#1190=FILL_AREA_STYLE($,(#1189));
#1191=SURFACE_STYLE_FILL_AREA(#1190);
#1192=SURFACE_SIDE_STYLE('',(#1191));
#1193=SURFACE_STYLE_USAGE(.BOTH.,#1192);
#1194=PRESENTATION_STYLE_ASSIGNMENT((#1193));
#1195=STYLED_ITEM('',(#1194),#1187);
#1196=ADVANCED_FACE('',(#6180),#6182,.T.);
#1197=COLOUR_RGB('',0.156862745098039,0.156862745098039,0.156862745098039);
#1198=FILL_AREA_STYLE_COLOUR('',#1197);
#1199=FILL_AREA_STYLE($,(#1198));
#1200=SURFACE_STYLE_FILL_AREA(#1199);
#1201=SURFACE_SIDE_STYLE('',(#1200));
#1202=SURFACE_STYLE_USAGE(.BOTH.,#1201);
#1203=PRESENTATION_STYLE_ASSIGNMENT((#1202));
#1204=STYLED_ITEM('',(#1203),#1196);
#1205=ADVANCED_FACE('',(#6187),#6189,.T.);
#1206=COLOUR_RGB('',0.156862745098039,0.156862745098039,0.156862745098039);
#1207=FILL_AREA_STYLE_COLOUR('',#1206);
#1208=FILL_AREA_STYLE($,(#1207));
#1209=SURFACE_STYLE_FILL_AREA(#1208);
#1210=SURFACE_SIDE_STYLE('',(#1209));
#1211=SURFACE_STYLE_USAGE(.BOTH.,#1210);
#1212=PRESENTATION_STYLE_ASSIGNMENT((#1211));
#1213=STYLED_ITEM('',(#1212),#1205);
#1214=ADVANCED_FACE('',(#6194),#6196,.T.);
#1215=COLOUR_RGB('',0.156862745098039,0.156862745098039,0.156862745098039);
#1216=FILL_AREA_STYLE_COLOUR('',#1215);
#1217=FILL_AREA_STYLE($,(#1216));
#1218=SURFACE_STYLE_FILL_AREA(#1217);
#1219=SURFACE_SIDE_STYLE('',(#1218));
#1220=SURFACE_STYLE_USAGE(.BOTH.,#1219);
#1221=PRESENTATION_STYLE_ASSIGNMENT((#1220));
#1222=STYLED_ITEM('',(#1221),#1214);
#1223=ADVANCED_FACE('',(#6201),#6203,.T.);
#1224=COLOUR_RGB('',0.156862745098039,0.156862745098039,0.156862745098039);
#1225=FILL_AREA_STYLE_COLOUR('',#1224);
#1226=FILL_AREA_STYLE($,(#1225));
#1227=SURFACE_STYLE_FILL_AREA(#1226);
#1228=SURFACE_SIDE_STYLE('',(#1227));
#1229=SURFACE_STYLE_USAGE(.BOTH.,#1228);
#1230=PRESENTATION_STYLE_ASSIGNMENT((#1229));
#1231=STYLED_ITEM('',(#1230),#1223);
#1232=ADVANCED_FACE('',(#6208),#6210,.T.);
#1233=COLOUR_RGB('',0.156862745098039,0.156862745098039,0.156862745098039);
#1234=FILL_AREA_STYLE_COLOUR('',#1233);
#1235=FILL_AREA_STYLE($,(#1234));
#1236=SURFACE_STYLE_FILL_AREA(#1235);
#1237=SURFACE_SIDE_STYLE('',(#1236));
#1238=SURFACE_STYLE_USAGE(.BOTH.,#1237);
#1239=PRESENTATION_STYLE_ASSIGNMENT((#1238));
#1240=STYLED_ITEM('',(#1239),#1232);
#1241=ADVANCED_FACE('',(#6215),#6217,.T.);
#1242=COLOUR_RGB('',0.156862745098039,0.156862745098039,0.156862745098039);
#1243=FILL_AREA_STYLE_COLOUR('',#1242);
#1244=FILL_AREA_STYLE($,(#1243));
#1245=SURFACE_STYLE_FILL_AREA(#1244);
#1246=SURFACE_SIDE_STYLE('',(#1245));
#1247=SURFACE_STYLE_USAGE(.BOTH.,#1246);
#1248=PRESENTATION_STYLE_ASSIGNMENT((#1247));
#1249=STYLED_ITEM('',(#1248),#1241);
#1250=ADVANCED_FACE('',(#6222),#6224,.T.);
#1251=COLOUR_RGB('',0.156862745098039,0.156862745098039,0.156862745098039);
#1252=FILL_AREA_STYLE_COLOUR('',#1251);
#1253=FILL_AREA_STYLE($,(#1252));
#1254=SURFACE_STYLE_FILL_AREA(#1253);
#1255=SURFACE_SIDE_STYLE('',(#1254));
#1256=SURFACE_STYLE_USAGE(.BOTH.,#1255);
#1257=PRESENTATION_STYLE_ASSIGNMENT((#1256));
#1258=STYLED_ITEM('',(#1257),#1250);
#1259=ADVANCED_FACE('',(#6229),#6231,.T.);
#1260=COLOUR_RGB('',0.156862745098039,0.156862745098039,0.156862745098039);
#1261=FILL_AREA_STYLE_COLOUR('',#1260);
#1262=FILL_AREA_STYLE($,(#1261));
#1263=SURFACE_STYLE_FILL_AREA(#1262);
#1264=SURFACE_SIDE_STYLE('',(#1263));
#1265=SURFACE_STYLE_USAGE(.BOTH.,#1264);
#1266=PRESENTATION_STYLE_ASSIGNMENT((#1265));
#1267=STYLED_ITEM('',(#1266),#1259);
#1268=ADVANCED_FACE('',(#6236),#6238,.T.);
#1269=COLOUR_RGB('',0.156862745098039,0.156862745098039,0.156862745098039);
#1270=FILL_AREA_STYLE_COLOUR('',#1269);
#1271=FILL_AREA_STYLE($,(#1270));
#1272=SURFACE_STYLE_FILL_AREA(#1271);
#1273=SURFACE_SIDE_STYLE('',(#1272));
#1274=SURFACE_STYLE_USAGE(.BOTH.,#1273);
#1275=PRESENTATION_STYLE_ASSIGNMENT((#1274));
#1276=STYLED_ITEM('',(#1275),#1268);
#1277=ADVANCED_FACE('',(#6243),#6245,.T.);
#1278=COLOUR_RGB('',0.156862745098039,0.156862745098039,0.156862745098039);
#1279=FILL_AREA_STYLE_COLOUR('',#1278);
#1280=FILL_AREA_STYLE($,(#1279));
#1281=SURFACE_STYLE_FILL_AREA(#1280);
#1282=SURFACE_SIDE_STYLE('',(#1281));
#1283=SURFACE_STYLE_USAGE(.BOTH.,#1282);
#1284=PRESENTATION_STYLE_ASSIGNMENT((#1283));
#1285=STYLED_ITEM('',(#1284),#1277);
#1286=ADVANCED_FACE('',(#6250),#6252,.T.);
#1287=COLOUR_RGB('',0.156862745098039,0.156862745098039,0.156862745098039);
#1288=FILL_AREA_STYLE_COLOUR('',#1287);
#1289=FILL_AREA_STYLE($,(#1288));
#1290=SURFACE_STYLE_FILL_AREA(#1289);
#1291=SURFACE_SIDE_STYLE('',(#1290));
#1292=SURFACE_STYLE_USAGE(.BOTH.,#1291);
#1293=PRESENTATION_STYLE_ASSIGNMENT((#1292));
#1294=STYLED_ITEM('',(#1293),#1286);
#1295=ADVANCED_FACE('',(#6257),#6259,.T.);
#1296=COLOUR_RGB('',0.156862745098039,0.156862745098039,0.156862745098039);
#1297=FILL_AREA_STYLE_COLOUR('',#1296);
#1298=FILL_AREA_STYLE($,(#1297));
#1299=SURFACE_STYLE_FILL_AREA(#1298);
#1300=SURFACE_SIDE_STYLE('',(#1299));
#1301=SURFACE_STYLE_USAGE(.BOTH.,#1300);
#1302=PRESENTATION_STYLE_ASSIGNMENT((#1301));
#1303=STYLED_ITEM('',(#1302),#1295);
#1304=ADVANCED_FACE('',(#6264),#6266,.T.);
#1305=COLOUR_RGB('',0.156862745098039,0.156862745098039,0.156862745098039);
#1306=FILL_AREA_STYLE_COLOUR('',#1305);
#1307=FILL_AREA_STYLE($,(#1306));
#1308=SURFACE_STYLE_FILL_AREA(#1307);
#1309=SURFACE_SIDE_STYLE('',(#1308));
#1310=SURFACE_STYLE_USAGE(.BOTH.,#1309);
#1311=PRESENTATION_STYLE_ASSIGNMENT((#1310));
#1312=STYLED_ITEM('',(#1311),#1304);
#1313=ADVANCED_FACE('',(#6271),#6273,.T.);
#1314=COLOUR_RGB('',0.156862745098039,0.156862745098039,0.156862745098039);
#1315=FILL_AREA_STYLE_COLOUR('',#1314);
#1316=FILL_AREA_STYLE($,(#1315));
#1317=SURFACE_STYLE_FILL_AREA(#1316);
#1318=SURFACE_SIDE_STYLE('',(#1317));
#1319=SURFACE_STYLE_USAGE(.BOTH.,#1318);
#1320=PRESENTATION_STYLE_ASSIGNMENT((#1319));
#1321=STYLED_ITEM('',(#1320),#1313);
#1322=ADVANCED_FACE('',(#6278),#6280,.T.);
#1323=COLOUR_RGB('',0.156862745098039,0.156862745098039,0.156862745098039);
#1324=FILL_AREA_STYLE_COLOUR('',#1323);
#1325=FILL_AREA_STYLE($,(#1324));
#1326=SURFACE_STYLE_FILL_AREA(#1325);
#1327=SURFACE_SIDE_STYLE('',(#1326));
#1328=SURFACE_STYLE_USAGE(.BOTH.,#1327);
#1329=PRESENTATION_STYLE_ASSIGNMENT((#1328));
#1330=STYLED_ITEM('',(#1329),#1322);
#1331=ADVANCED_FACE('',(#6285),#6287,.T.);
#1332=COLOUR_RGB('',0.156862745098039,0.156862745098039,0.156862745098039);
#1333=FILL_AREA_STYLE_COLOUR('',#1332);
#1334=FILL_AREA_STYLE($,(#1333));
#1335=SURFACE_STYLE_FILL_AREA(#1334);
#1336=SURFACE_SIDE_STYLE('',(#1335));
#1337=SURFACE_STYLE_USAGE(.BOTH.,#1336);
#1338=PRESENTATION_STYLE_ASSIGNMENT((#1337));
#1339=STYLED_ITEM('',(#1338),#1331);
#1340=ADVANCED_FACE('',(#6292),#6294,.T.);
#1341=COLOUR_RGB('',0.156862745098039,0.156862745098039,0.156862745098039);
#1342=FILL_AREA_STYLE_COLOUR('',#1341);
#1343=FILL_AREA_STYLE($,(#1342));
#1344=SURFACE_STYLE_FILL_AREA(#1343);
#1345=SURFACE_SIDE_STYLE('',(#1344));
#1346=SURFACE_STYLE_USAGE(.BOTH.,#1345);
#1347=PRESENTATION_STYLE_ASSIGNMENT((#1346));
#1348=STYLED_ITEM('',(#1347),#1340);
#1349=ADVANCED_FACE('',(#6299),#6301,.T.);
#1350=COLOUR_RGB('',0.156862745098039,0.156862745098039,0.156862745098039);
#1351=FILL_AREA_STYLE_COLOUR('',#1350);
#1352=FILL_AREA_STYLE($,(#1351));
#1353=SURFACE_STYLE_FILL_AREA(#1352);
#1354=SURFACE_SIDE_STYLE('',(#1353));
#1355=SURFACE_STYLE_USAGE(.BOTH.,#1354);
#1356=PRESENTATION_STYLE_ASSIGNMENT((#1355));
#1357=STYLED_ITEM('',(#1356),#1349);
#1358=ADVANCED_FACE('',(#6306),#6308,.T.);
#1359=COLOUR_RGB('',0.156862745098039,0.156862745098039,0.156862745098039);
#1360=FILL_AREA_STYLE_COLOUR('',#1359);
#1361=FILL_AREA_STYLE($,(#1360));
#1362=SURFACE_STYLE_FILL_AREA(#1361);
#1363=SURFACE_SIDE_STYLE('',(#1362));
#1364=SURFACE_STYLE_USAGE(.BOTH.,#1363);
#1365=PRESENTATION_STYLE_ASSIGNMENT((#1364));
#1366=STYLED_ITEM('',(#1365),#1358);
#1367=ADVANCED_FACE('',(#6313),#6315,.T.);
#1368=COLOUR_RGB('',0.156862745098039,0.156862745098039,0.156862745098039);
#1369=FILL_AREA_STYLE_COLOUR('',#1368);
#1370=FILL_AREA_STYLE($,(#1369));
#1371=SURFACE_STYLE_FILL_AREA(#1370);
#1372=SURFACE_SIDE_STYLE('',(#1371));
#1373=SURFACE_STYLE_USAGE(.BOTH.,#1372);
#1374=PRESENTATION_STYLE_ASSIGNMENT((#1373));
#1375=STYLED_ITEM('',(#1374),#1367);
#1376=ADVANCED_FACE('',(#6320),#6322,.T.);
#1377=COLOUR_RGB('',0.156862745098039,0.156862745098039,0.156862745098039);
#1378=FILL_AREA_STYLE_COLOUR('',#1377);
#1379=FILL_AREA_STYLE($,(#1378));
#1380=SURFACE_STYLE_FILL_AREA(#1379);
#1381=SURFACE_SIDE_STYLE('',(#1380));
#1382=SURFACE_STYLE_USAGE(.BOTH.,#1381);
#1383=PRESENTATION_STYLE_ASSIGNMENT((#1382));
#1384=STYLED_ITEM('',(#1383),#1376);
#1385=ADVANCED_FACE('',(#6327),#6329,.T.);
#1386=COLOUR_RGB('',0.156862745098039,0.156862745098039,0.156862745098039);
#1387=FILL_AREA_STYLE_COLOUR('',#1386);
#1388=FILL_AREA_STYLE($,(#1387));
#1389=SURFACE_STYLE_FILL_AREA(#1388);
#1390=SURFACE_SIDE_STYLE('',(#1389));
#1391=SURFACE_STYLE_USAGE(.BOTH.,#1390);
#1392=PRESENTATION_STYLE_ASSIGNMENT((#1391));
#1393=STYLED_ITEM('',(#1392),#1385);
#1394=ADVANCED_FACE('',(#6334),#6336,.T.);
#1395=COLOUR_RGB('',0.156862745098039,0.156862745098039,0.156862745098039);
#1396=FILL_AREA_STYLE_COLOUR('',#1395);
#1397=FILL_AREA_STYLE($,(#1396));
#1398=SURFACE_STYLE_FILL_AREA(#1397);
#1399=SURFACE_SIDE_STYLE('',(#1398));
#1400=SURFACE_STYLE_USAGE(.BOTH.,#1399);
#1401=PRESENTATION_STYLE_ASSIGNMENT((#1400));
#1402=STYLED_ITEM('',(#1401),#1394);
#1403=ADVANCED_FACE('',(#6341),#6343,.T.);
#1404=COLOUR_RGB('',0.156862745098039,0.156862745098039,0.156862745098039);
#1405=FILL_AREA_STYLE_COLOUR('',#1404);
#1406=FILL_AREA_STYLE($,(#1405));
#1407=SURFACE_STYLE_FILL_AREA(#1406);
#1408=SURFACE_SIDE_STYLE('',(#1407));
#1409=SURFACE_STYLE_USAGE(.BOTH.,#1408);
#1410=PRESENTATION_STYLE_ASSIGNMENT((#1409));
#1411=STYLED_ITEM('',(#1410),#1403);
#1412=ADVANCED_FACE('',(#6348),#6350,.T.);
#1413=COLOUR_RGB('',0.156862745098039,0.156862745098039,0.156862745098039);
#1414=FILL_AREA_STYLE_COLOUR('',#1413);
#1415=FILL_AREA_STYLE($,(#1414));
#1416=SURFACE_STYLE_FILL_AREA(#1415);
#1417=SURFACE_SIDE_STYLE('',(#1416));
#1418=SURFACE_STYLE_USAGE(.BOTH.,#1417);
#1419=PRESENTATION_STYLE_ASSIGNMENT((#1418));
#1420=STYLED_ITEM('',(#1419),#1412);
#1421=ADVANCED_FACE('',(#6355),#6357,.T.);
#1422=COLOUR_RGB('',0.156862745098039,0.156862745098039,0.156862745098039);
#1423=FILL_AREA_STYLE_COLOUR('',#1422);
#1424=FILL_AREA_STYLE($,(#1423));
#1425=SURFACE_STYLE_FILL_AREA(#1424);
#1426=SURFACE_SIDE_STYLE('',(#1425));
#1427=SURFACE_STYLE_USAGE(.BOTH.,#1426);
#1428=PRESENTATION_STYLE_ASSIGNMENT((#1427));
#1429=STYLED_ITEM('',(#1428),#1421);
#1430=ADVANCED_FACE('',(#6362),#6364,.T.);
#1431=COLOUR_RGB('',0.156862745098039,0.156862745098039,0.156862745098039);
#1432=FILL_AREA_STYLE_COLOUR('',#1431);
#1433=FILL_AREA_STYLE($,(#1432));
#1434=SURFACE_STYLE_FILL_AREA(#1433);
#1435=SURFACE_SIDE_STYLE('',(#1434));
#1436=SURFACE_STYLE_USAGE(.BOTH.,#1435);
#1437=PRESENTATION_STYLE_ASSIGNMENT((#1436));
#1438=STYLED_ITEM('',(#1437),#1430);
#1439=ADVANCED_FACE('',(#6369),#6371,.T.);
#1440=COLOUR_RGB('',0.156862745098039,0.156862745098039,0.156862745098039);
#1441=FILL_AREA_STYLE_COLOUR('',#1440);
#1442=FILL_AREA_STYLE($,(#1441));
#1443=SURFACE_STYLE_FILL_AREA(#1442);
#1444=SURFACE_SIDE_STYLE('',(#1443));
#1445=SURFACE_STYLE_USAGE(.BOTH.,#1444);
#1446=PRESENTATION_STYLE_ASSIGNMENT((#1445));
#1447=STYLED_ITEM('',(#1446),#1439);
#1448=ADVANCED_FACE('',(#6376),#6378,.T.);
#1449=COLOUR_RGB('',0.156862745098039,0.156862745098039,0.156862745098039);
#1450=FILL_AREA_STYLE_COLOUR('',#1449);
#1451=FILL_AREA_STYLE($,(#1450));
#1452=SURFACE_STYLE_FILL_AREA(#1451);
#1453=SURFACE_SIDE_STYLE('',(#1452));
#1454=SURFACE_STYLE_USAGE(.BOTH.,#1453);
#1455=PRESENTATION_STYLE_ASSIGNMENT((#1454));
#1456=STYLED_ITEM('',(#1455),#1448);
#1457=ADVANCED_FACE('',(#6383),#6385,.T.);
#1458=COLOUR_RGB('',0.156862745098039,0.156862745098039,0.156862745098039);
#1459=FILL_AREA_STYLE_COLOUR('',#1458);
#1460=FILL_AREA_STYLE($,(#1459));
#1461=SURFACE_STYLE_FILL_AREA(#1460);
#1462=SURFACE_SIDE_STYLE('',(#1461));
#1463=SURFACE_STYLE_USAGE(.BOTH.,#1462);
#1464=PRESENTATION_STYLE_ASSIGNMENT((#1463));
#1465=STYLED_ITEM('',(#1464),#1457);
#1466=ADVANCED_FACE('',(#6390),#6392,.T.);
#1467=COLOUR_RGB('',0.156862745098039,0.156862745098039,0.156862745098039);
#1468=FILL_AREA_STYLE_COLOUR('',#1467);
#1469=FILL_AREA_STYLE($,(#1468));
#1470=SURFACE_STYLE_FILL_AREA(#1469);
#1471=SURFACE_SIDE_STYLE('',(#1470));
#1472=SURFACE_STYLE_USAGE(.BOTH.,#1471);
#1473=PRESENTATION_STYLE_ASSIGNMENT((#1472));
#1474=STYLED_ITEM('',(#1473),#1466);
#1475=ADVANCED_FACE('',(#6397),#6399,.T.);
#1476=COLOUR_RGB('',0.156862745098039,0.156862745098039,0.156862745098039);
#1477=FILL_AREA_STYLE_COLOUR('',#1476);
#1478=FILL_AREA_STYLE($,(#1477));
#1479=SURFACE_STYLE_FILL_AREA(#1478);
#1480=SURFACE_SIDE_STYLE('',(#1479));
#1481=SURFACE_STYLE_USAGE(.BOTH.,#1480);
#1482=PRESENTATION_STYLE_ASSIGNMENT((#1481));
#1483=STYLED_ITEM('',(#1482),#1475);
#1484=ADVANCED_FACE('',(#6404),#6406,.T.);
#1485=COLOUR_RGB('',0.156862745098039,0.156862745098039,0.156862745098039);
#1486=FILL_AREA_STYLE_COLOUR('',#1485);
#1487=FILL_AREA_STYLE($,(#1486));
#1488=SURFACE_STYLE_FILL_AREA(#1487);
#1489=SURFACE_SIDE_STYLE('',(#1488));
#1490=SURFACE_STYLE_USAGE(.BOTH.,#1489);
#1491=PRESENTATION_STYLE_ASSIGNMENT((#1490));
#1492=STYLED_ITEM('',(#1491),#1484);
#1493=ADVANCED_FACE('',(#6411),#6413,.T.);
#1494=COLOUR_RGB('',0.156862745098039,0.156862745098039,0.156862745098039);
#1495=FILL_AREA_STYLE_COLOUR('',#1494);
#1496=FILL_AREA_STYLE($,(#1495));
#1497=SURFACE_STYLE_FILL_AREA(#1496);
#1498=SURFACE_SIDE_STYLE('',(#1497));
#1499=SURFACE_STYLE_USAGE(.BOTH.,#1498);
#1500=PRESENTATION_STYLE_ASSIGNMENT((#1499));
#1501=STYLED_ITEM('',(#1500),#1493);
#1502=ADVANCED_FACE('',(#6418),#6420,.T.);
#1503=COLOUR_RGB('',0.156862745098039,0.156862745098039,0.156862745098039);
#1504=FILL_AREA_STYLE_COLOUR('',#1503);
#1505=FILL_AREA_STYLE($,(#1504));
#1506=SURFACE_STYLE_FILL_AREA(#1505);
#1507=SURFACE_SIDE_STYLE('',(#1506));
#1508=SURFACE_STYLE_USAGE(.BOTH.,#1507);
#1509=PRESENTATION_STYLE_ASSIGNMENT((#1508));
#1510=STYLED_ITEM('',(#1509),#1502);
#1511=ADVANCED_FACE('',(#6425),#6427,.T.);
#1512=COLOUR_RGB('',0.156862745098039,0.156862745098039,0.156862745098039);
#1513=FILL_AREA_STYLE_COLOUR('',#1512);
#1514=FILL_AREA_STYLE($,(#1513));
#1515=SURFACE_STYLE_FILL_AREA(#1514);
#1516=SURFACE_SIDE_STYLE('',(#1515));
#1517=SURFACE_STYLE_USAGE(.BOTH.,#1516);
#1518=PRESENTATION_STYLE_ASSIGNMENT((#1517));
#1519=STYLED_ITEM('',(#1518),#1511);
#1520=ADVANCED_FACE('',(#6432),#6434,.T.);
#1521=COLOUR_RGB('',0.156862745098039,0.156862745098039,0.156862745098039);
#1522=FILL_AREA_STYLE_COLOUR('',#1521);
#1523=FILL_AREA_STYLE($,(#1522));
#1524=SURFACE_STYLE_FILL_AREA(#1523);
#1525=SURFACE_SIDE_STYLE('',(#1524));
#1526=SURFACE_STYLE_USAGE(.BOTH.,#1525);
#1527=PRESENTATION_STYLE_ASSIGNMENT((#1526));
#1528=STYLED_ITEM('',(#1527),#1520);
#1529=ADVANCED_FACE('',(#6439),#6441,.T.);
#1530=COLOUR_RGB('',0.156862745098039,0.156862745098039,0.156862745098039);
#1531=FILL_AREA_STYLE_COLOUR('',#1530);
#1532=FILL_AREA_STYLE($,(#1531));
#1533=SURFACE_STYLE_FILL_AREA(#1532);
#1534=SURFACE_SIDE_STYLE('',(#1533));
#1535=SURFACE_STYLE_USAGE(.BOTH.,#1534);
#1536=PRESENTATION_STYLE_ASSIGNMENT((#1535));
#1537=STYLED_ITEM('',(#1536),#1529);
#1538=ADVANCED_FACE('',(#6446),#6448,.T.);
#1539=COLOUR_RGB('',0.156862745098039,0.156862745098039,0.156862745098039);
#1540=FILL_AREA_STYLE_COLOUR('',#1539);
#1541=FILL_AREA_STYLE($,(#1540));
#1542=SURFACE_STYLE_FILL_AREA(#1541);
#1543=SURFACE_SIDE_STYLE('',(#1542));
#1544=SURFACE_STYLE_USAGE(.BOTH.,#1543);
#1545=PRESENTATION_STYLE_ASSIGNMENT((#1544));
#1546=STYLED_ITEM('',(#1545),#1538);
#1547=ADVANCED_FACE('',(#6453),#6455,.T.);
#1548=COLOUR_RGB('',0.156862745098039,0.156862745098039,0.156862745098039);
#1549=FILL_AREA_STYLE_COLOUR('',#1548);
#1550=FILL_AREA_STYLE($,(#1549));
#1551=SURFACE_STYLE_FILL_AREA(#1550);
#1552=SURFACE_SIDE_STYLE('',(#1551));
#1553=SURFACE_STYLE_USAGE(.BOTH.,#1552);
#1554=PRESENTATION_STYLE_ASSIGNMENT((#1553));
#1555=STYLED_ITEM('',(#1554),#1547);
#1556=ADVANCED_FACE('',(#6460),#6462,.T.);
#1557=COLOUR_RGB('',0.156862745098039,0.156862745098039,0.156862745098039);
#1558=FILL_AREA_STYLE_COLOUR('',#1557);
#1559=FILL_AREA_STYLE($,(#1558));
#1560=SURFACE_STYLE_FILL_AREA(#1559);
#1561=SURFACE_SIDE_STYLE('',(#1560));
#1562=SURFACE_STYLE_USAGE(.BOTH.,#1561);
#1563=PRESENTATION_STYLE_ASSIGNMENT((#1562));
#1564=STYLED_ITEM('',(#1563),#1556);
#1565=ADVANCED_FACE('',(#6467),#6469,.T.);
#1566=COLOUR_RGB('',0.156862745098039,0.156862745098039,0.156862745098039);
#1567=FILL_AREA_STYLE_COLOUR('',#1566);
#1568=FILL_AREA_STYLE($,(#1567));
#1569=SURFACE_STYLE_FILL_AREA(#1568);
#1570=SURFACE_SIDE_STYLE('',(#1569));
#1571=SURFACE_STYLE_USAGE(.BOTH.,#1570);
#1572=PRESENTATION_STYLE_ASSIGNMENT((#1571));
#1573=STYLED_ITEM('',(#1572),#1565);
#1574=ADVANCED_FACE('',(#6474),#6476,.T.);
#1575=COLOUR_RGB('',0.156862745098039,0.156862745098039,0.156862745098039);
#1576=FILL_AREA_STYLE_COLOUR('',#1575);
#1577=FILL_AREA_STYLE($,(#1576));
#1578=SURFACE_STYLE_FILL_AREA(#1577);
#1579=SURFACE_SIDE_STYLE('',(#1578));
#1580=SURFACE_STYLE_USAGE(.BOTH.,#1579);
#1581=PRESENTATION_STYLE_ASSIGNMENT((#1580));
#1582=STYLED_ITEM('',(#1581),#1574);
#1583=ADVANCED_FACE('',(#6481),#6483,.T.);
#1584=COLOUR_RGB('',0.156862745098039,0.156862745098039,0.156862745098039);
#1585=FILL_AREA_STYLE_COLOUR('',#1584);
#1586=FILL_AREA_STYLE($,(#1585));
#1587=SURFACE_STYLE_FILL_AREA(#1586);
#1588=SURFACE_SIDE_STYLE('',(#1587));
#1589=SURFACE_STYLE_USAGE(.BOTH.,#1588);
#1590=PRESENTATION_STYLE_ASSIGNMENT((#1589));
#1591=STYLED_ITEM('',(#1590),#1583);
#1592=ADVANCED_FACE('',(#6488),#6490,.T.);
#1593=COLOUR_RGB('',0.156862745098039,0.156862745098039,0.156862745098039);
#1594=FILL_AREA_STYLE_COLOUR('',#1593);
#1595=FILL_AREA_STYLE($,(#1594));
#1596=SURFACE_STYLE_FILL_AREA(#1595);
#1597=SURFACE_SIDE_STYLE('',(#1596));
#1598=SURFACE_STYLE_USAGE(.BOTH.,#1597);
#1599=PRESENTATION_STYLE_ASSIGNMENT((#1598));
#1600=STYLED_ITEM('',(#1599),#1592);
#1601=ADVANCED_FACE('',(#6495),#6497,.T.);
#1602=COLOUR_RGB('',0.156862745098039,0.156862745098039,0.156862745098039);
#1603=FILL_AREA_STYLE_COLOUR('',#1602);
#1604=FILL_AREA_STYLE($,(#1603));
#1605=SURFACE_STYLE_FILL_AREA(#1604);
#1606=SURFACE_SIDE_STYLE('',(#1605));
#1607=SURFACE_STYLE_USAGE(.BOTH.,#1606);
#1608=PRESENTATION_STYLE_ASSIGNMENT((#1607));
#1609=STYLED_ITEM('',(#1608),#1601);
#1610=ADVANCED_FACE('',(#6502),#6504,.T.);
#1611=COLOUR_RGB('',0.156862745098039,0.156862745098039,0.156862745098039);
#1612=FILL_AREA_STYLE_COLOUR('',#1611);
#1613=FILL_AREA_STYLE($,(#1612));
#1614=SURFACE_STYLE_FILL_AREA(#1613);
#1615=SURFACE_SIDE_STYLE('',(#1614));
#1616=SURFACE_STYLE_USAGE(.BOTH.,#1615);
#1617=PRESENTATION_STYLE_ASSIGNMENT((#1616));
#1618=STYLED_ITEM('',(#1617),#1610);
#1619=ADVANCED_FACE('',(#6509),#6511,.T.);
#1620=COLOUR_RGB('',0.156862745098039,0.156862745098039,0.156862745098039);
#1621=FILL_AREA_STYLE_COLOUR('',#1620);
#1622=FILL_AREA_STYLE($,(#1621));
#1623=SURFACE_STYLE_FILL_AREA(#1622);
#1624=SURFACE_SIDE_STYLE('',(#1623));
#1625=SURFACE_STYLE_USAGE(.BOTH.,#1624);
#1626=PRESENTATION_STYLE_ASSIGNMENT((#1625));
#1627=STYLED_ITEM('',(#1626),#1619);
#1628=ADVANCED_FACE('',(#6516),#6518,.T.);
#1629=COLOUR_RGB('',0.156862745098039,0.156862745098039,0.156862745098039);
#1630=FILL_AREA_STYLE_COLOUR('',#1629);
#1631=FILL_AREA_STYLE($,(#1630));
#1632=SURFACE_STYLE_FILL_AREA(#1631);
#1633=SURFACE_SIDE_STYLE('',(#1632));
#1634=SURFACE_STYLE_USAGE(.BOTH.,#1633);
#1635=PRESENTATION_STYLE_ASSIGNMENT((#1634));
#1636=STYLED_ITEM('',(#1635),#1628);
#1637=ADVANCED_FACE('',(#6523),#6525,.T.);
#1638=COLOUR_RGB('',0.156862745098039,0.156862745098039,0.156862745098039);
#1639=FILL_AREA_STYLE_COLOUR('',#1638);
#1640=FILL_AREA_STYLE($,(#1639));
#1641=SURFACE_STYLE_FILL_AREA(#1640);
#1642=SURFACE_SIDE_STYLE('',(#1641));
#1643=SURFACE_STYLE_USAGE(.BOTH.,#1642);
#1644=PRESENTATION_STYLE_ASSIGNMENT((#1643));
#1645=STYLED_ITEM('',(#1644),#1637);
#1646=ADVANCED_FACE('',(#6530),#6532,.T.);
#1647=COLOUR_RGB('',0.156862745098039,0.156862745098039,0.156862745098039);
#1648=FILL_AREA_STYLE_COLOUR('',#1647);
#1649=FILL_AREA_STYLE($,(#1648));
#1650=SURFACE_STYLE_FILL_AREA(#1649);
#1651=SURFACE_SIDE_STYLE('',(#1650));
#1652=SURFACE_STYLE_USAGE(.BOTH.,#1651);
#1653=PRESENTATION_STYLE_ASSIGNMENT((#1652));
#1654=STYLED_ITEM('',(#1653),#1646);
#1655=ADVANCED_FACE('',(#6537),#6539,.T.);
#1656=COLOUR_RGB('',0.156862745098039,0.156862745098039,0.156862745098039);
#1657=FILL_AREA_STYLE_COLOUR('',#1656);
#1658=FILL_AREA_STYLE($,(#1657));
#1659=SURFACE_STYLE_FILL_AREA(#1658);
#1660=SURFACE_SIDE_STYLE('',(#1659));
#1661=SURFACE_STYLE_USAGE(.BOTH.,#1660);
#1662=PRESENTATION_STYLE_ASSIGNMENT((#1661));
#1663=STYLED_ITEM('',(#1662),#1655);
#1664=ADVANCED_FACE('',(#6544),#6546,.T.);
#1665=COLOUR_RGB('',0.156862745098039,0.156862745098039,0.156862745098039);
#1666=FILL_AREA_STYLE_COLOUR('',#1665);
#1667=FILL_AREA_STYLE($,(#1666));
#1668=SURFACE_STYLE_FILL_AREA(#1667);
#1669=SURFACE_SIDE_STYLE('',(#1668));
#1670=SURFACE_STYLE_USAGE(.BOTH.,#1669);
#1671=PRESENTATION_STYLE_ASSIGNMENT((#1670));
#1672=STYLED_ITEM('',(#1671),#1664);
#1673=ADVANCED_FACE('',(#6551),#6553,.T.);
#1674=COLOUR_RGB('',0.156862745098039,0.156862745098039,0.156862745098039);
#1675=FILL_AREA_STYLE_COLOUR('',#1674);
#1676=FILL_AREA_STYLE($,(#1675));
#1677=SURFACE_STYLE_FILL_AREA(#1676);
#1678=SURFACE_SIDE_STYLE('',(#1677));
#1679=SURFACE_STYLE_USAGE(.BOTH.,#1678);
#1680=PRESENTATION_STYLE_ASSIGNMENT((#1679));
#1681=STYLED_ITEM('',(#1680),#1673);
#1682=ADVANCED_FACE('',(#6558),#6560,.T.);
#1683=COLOUR_RGB('',0.156862745098039,0.156862745098039,0.156862745098039);
#1684=FILL_AREA_STYLE_COLOUR('',#1683);
#1685=FILL_AREA_STYLE($,(#1684));
#1686=SURFACE_STYLE_FILL_AREA(#1685);
#1687=SURFACE_SIDE_STYLE('',(#1686));
#1688=SURFACE_STYLE_USAGE(.BOTH.,#1687);
#1689=PRESENTATION_STYLE_ASSIGNMENT((#1688));
#1690=STYLED_ITEM('',(#1689),#1682);
#1691=ADVANCED_FACE('',(#6565),#6567,.T.);
#1692=COLOUR_RGB('',0.156862745098039,0.156862745098039,0.156862745098039);
#1693=FILL_AREA_STYLE_COLOUR('',#1692);
#1694=FILL_AREA_STYLE($,(#1693));
#1695=SURFACE_STYLE_FILL_AREA(#1694);
#1696=SURFACE_SIDE_STYLE('',(#1695));
#1697=SURFACE_STYLE_USAGE(.BOTH.,#1696);
#1698=PRESENTATION_STYLE_ASSIGNMENT((#1697));
#1699=STYLED_ITEM('',(#1698),#1691);
#1700=ADVANCED_FACE('',(#6572),#6574,.T.);
#1701=COLOUR_RGB('',0.156862745098039,0.156862745098039,0.156862745098039);
#1702=FILL_AREA_STYLE_COLOUR('',#1701);
#1703=FILL_AREA_STYLE($,(#1702));
#1704=SURFACE_STYLE_FILL_AREA(#1703);
#1705=SURFACE_SIDE_STYLE('',(#1704));
#1706=SURFACE_STYLE_USAGE(.BOTH.,#1705);
#1707=PRESENTATION_STYLE_ASSIGNMENT((#1706));
#1708=STYLED_ITEM('',(#1707),#1700);
#1709=ADVANCED_FACE('',(#6579),#6581,.T.);
#1710=COLOUR_RGB('',0.156862745098039,0.156862745098039,0.156862745098039);
#1711=FILL_AREA_STYLE_COLOUR('',#1710);
#1712=FILL_AREA_STYLE($,(#1711));
#1713=SURFACE_STYLE_FILL_AREA(#1712);
#1714=SURFACE_SIDE_STYLE('',(#1713));
#1715=SURFACE_STYLE_USAGE(.BOTH.,#1714);
#1716=PRESENTATION_STYLE_ASSIGNMENT((#1715));
#1717=STYLED_ITEM('',(#1716),#1709);
#1718=ADVANCED_FACE('',(#6586),#6588,.T.);
#1719=COLOUR_RGB('',0.156862745098039,0.156862745098039,0.156862745098039);
#1720=FILL_AREA_STYLE_COLOUR('',#1719);
#1721=FILL_AREA_STYLE($,(#1720));
#1722=SURFACE_STYLE_FILL_AREA(#1721);
#1723=SURFACE_SIDE_STYLE('',(#1722));
#1724=SURFACE_STYLE_USAGE(.BOTH.,#1723);
#1725=PRESENTATION_STYLE_ASSIGNMENT((#1724));
#1726=STYLED_ITEM('',(#1725),#1718);
#1727=ADVANCED_FACE('',(#6593),#6595,.T.);
#1728=COLOUR_RGB('',0.156862745098039,0.156862745098039,0.156862745098039);
#1729=FILL_AREA_STYLE_COLOUR('',#1728);
#1730=FILL_AREA_STYLE($,(#1729));
#1731=SURFACE_STYLE_FILL_AREA(#1730);
#1732=SURFACE_SIDE_STYLE('',(#1731));
#1733=SURFACE_STYLE_USAGE(.BOTH.,#1732);
#1734=PRESENTATION_STYLE_ASSIGNMENT((#1733));
#1735=STYLED_ITEM('',(#1734),#1727);
#1736=ADVANCED_FACE('',(#6600),#6602,.T.);
#1737=COLOUR_RGB('',0.156862745098039,0.156862745098039,0.156862745098039);
#1738=FILL_AREA_STYLE_COLOUR('',#1737);
#1739=FILL_AREA_STYLE($,(#1738));
#1740=SURFACE_STYLE_FILL_AREA(#1739);
#1741=SURFACE_SIDE_STYLE('',(#1740));
#1742=SURFACE_STYLE_USAGE(.BOTH.,#1741);
#1743=PRESENTATION_STYLE_ASSIGNMENT((#1742));
#1744=STYLED_ITEM('',(#1743),#1736);
#1745=ADVANCED_FACE('',(#6607),#6609,.T.);
#1746=COLOUR_RGB('',0.156862745098039,0.156862745098039,0.156862745098039);
#1747=FILL_AREA_STYLE_COLOUR('',#1746);
#1748=FILL_AREA_STYLE($,(#1747));
#1749=SURFACE_STYLE_FILL_AREA(#1748);
#1750=SURFACE_SIDE_STYLE('',(#1749));
#1751=SURFACE_STYLE_USAGE(.BOTH.,#1750);
#1752=PRESENTATION_STYLE_ASSIGNMENT((#1751));
#1753=STYLED_ITEM('',(#1752),#1745);
#1754=ADVANCED_FACE('',(#6614),#6616,.T.);
#1755=COLOUR_RGB('',0.156862745098039,0.156862745098039,0.156862745098039);
#1756=FILL_AREA_STYLE_COLOUR('',#1755);
#1757=FILL_AREA_STYLE($,(#1756));
#1758=SURFACE_STYLE_FILL_AREA(#1757);
#1759=SURFACE_SIDE_STYLE('',(#1758));
#1760=SURFACE_STYLE_USAGE(.BOTH.,#1759);
#1761=PRESENTATION_STYLE_ASSIGNMENT((#1760));
#1762=STYLED_ITEM('',(#1761),#1754);
#1763=ADVANCED_FACE('',(#6621),#6623,.T.);
#1764=COLOUR_RGB('',0.156862745098039,0.156862745098039,0.156862745098039);
#1765=FILL_AREA_STYLE_COLOUR('',#1764);
#1766=FILL_AREA_STYLE($,(#1765));
#1767=SURFACE_STYLE_FILL_AREA(#1766);
#1768=SURFACE_SIDE_STYLE('',(#1767));
#1769=SURFACE_STYLE_USAGE(.BOTH.,#1768);
#1770=PRESENTATION_STYLE_ASSIGNMENT((#1769));
#1771=STYLED_ITEM('',(#1770),#1763);
#1772=ADVANCED_FACE('',(#6628),#6630,.T.);
#1773=COLOUR_RGB('',0.156862745098039,0.156862745098039,0.156862745098039);
#1774=FILL_AREA_STYLE_COLOUR('',#1773);
#1775=FILL_AREA_STYLE($,(#1774));
#1776=SURFACE_STYLE_FILL_AREA(#1775);
#1777=SURFACE_SIDE_STYLE('',(#1776));
#1778=SURFACE_STYLE_USAGE(.BOTH.,#1777);
#1779=PRESENTATION_STYLE_ASSIGNMENT((#1778));
#1780=STYLED_ITEM('',(#1779),#1772);
#1781=ADVANCED_FACE('',(#6635),#6637,.T.);
#1782=COLOUR_RGB('',0.156862745098039,0.156862745098039,0.156862745098039);
#1783=FILL_AREA_STYLE_COLOUR('',#1782);
#1784=FILL_AREA_STYLE($,(#1783));
#1785=SURFACE_STYLE_FILL_AREA(#1784);
#1786=SURFACE_SIDE_STYLE('',(#1785));
#1787=SURFACE_STYLE_USAGE(.BOTH.,#1786);
#1788=PRESENTATION_STYLE_ASSIGNMENT((#1787));
#1789=STYLED_ITEM('',(#1788),#1781);
#1790=ADVANCED_FACE('',(#6642),#6644,.T.);
#1791=COLOUR_RGB('',0.156862745098039,0.156862745098039,0.156862745098039);
#1792=FILL_AREA_STYLE_COLOUR('',#1791);
#1793=FILL_AREA_STYLE($,(#1792));
#1794=SURFACE_STYLE_FILL_AREA(#1793);
#1795=SURFACE_SIDE_STYLE('',(#1794));
#1796=SURFACE_STYLE_USAGE(.BOTH.,#1795);
#1797=PRESENTATION_STYLE_ASSIGNMENT((#1796));
#1798=STYLED_ITEM('',(#1797),#1790);
#1799=ADVANCED_FACE('',(#6649),#6651,.T.);
#1800=COLOUR_RGB('',0.156862745098039,0.156862745098039,0.156862745098039);
#1801=FILL_AREA_STYLE_COLOUR('',#1800);
#1802=FILL_AREA_STYLE($,(#1801));
#1803=SURFACE_STYLE_FILL_AREA(#1802);
#1804=SURFACE_SIDE_STYLE('',(#1803));
#1805=SURFACE_STYLE_USAGE(.BOTH.,#1804);
#1806=PRESENTATION_STYLE_ASSIGNMENT((#1805));
#1807=STYLED_ITEM('',(#1806),#1799);
#1808=ADVANCED_FACE('',(#6656),#6658,.T.);
#1809=COLOUR_RGB('',0.156862745098039,0.156862745098039,0.156862745098039);
#1810=FILL_AREA_STYLE_COLOUR('',#1809);
#1811=FILL_AREA_STYLE($,(#1810));
#1812=SURFACE_STYLE_FILL_AREA(#1811);
#1813=SURFACE_SIDE_STYLE('',(#1812));
#1814=SURFACE_STYLE_USAGE(.BOTH.,#1813);
#1815=PRESENTATION_STYLE_ASSIGNMENT((#1814));
#1816=STYLED_ITEM('',(#1815),#1808);
#1817=ADVANCED_FACE('',(#6663),#6665,.T.);
#1818=COLOUR_RGB('',0.156862745098039,0.156862745098039,0.156862745098039);
#1819=FILL_AREA_STYLE_COLOUR('',#1818);
#1820=FILL_AREA_STYLE($,(#1819));
#1821=SURFACE_STYLE_FILL_AREA(#1820);
#1822=SURFACE_SIDE_STYLE('',(#1821));
#1823=SURFACE_STYLE_USAGE(.BOTH.,#1822);
#1824=PRESENTATION_STYLE_ASSIGNMENT((#1823));
#1825=STYLED_ITEM('',(#1824),#1817);
#1826=ADVANCED_FACE('',(#6670),#6672,.T.);
#1827=COLOUR_RGB('',0.156862745098039,0.156862745098039,0.156862745098039);
#1828=FILL_AREA_STYLE_COLOUR('',#1827);
#1829=FILL_AREA_STYLE($,(#1828));
#1830=SURFACE_STYLE_FILL_AREA(#1829);
#1831=SURFACE_SIDE_STYLE('',(#1830));
#1832=SURFACE_STYLE_USAGE(.BOTH.,#1831);
#1833=PRESENTATION_STYLE_ASSIGNMENT((#1832));
#1834=STYLED_ITEM('',(#1833),#1826);
#1835=ADVANCED_FACE('',(#6677),#6679,.T.);
#1836=COLOUR_RGB('',0.156862745098039,0.156862745098039,0.156862745098039);
#1837=FILL_AREA_STYLE_COLOUR('',#1836);
#1838=FILL_AREA_STYLE($,(#1837));
#1839=SURFACE_STYLE_FILL_AREA(#1838);
#1840=SURFACE_SIDE_STYLE('',(#1839));
#1841=SURFACE_STYLE_USAGE(.BOTH.,#1840);
#1842=PRESENTATION_STYLE_ASSIGNMENT((#1841));
#1843=STYLED_ITEM('',(#1842),#1835);
#1844=ADVANCED_FACE('',(#6684),#6686,.T.);
#1845=COLOUR_RGB('',0.156862745098039,0.156862745098039,0.156862745098039);
#1846=FILL_AREA_STYLE_COLOUR('',#1845);
#1847=FILL_AREA_STYLE($,(#1846));
#1848=SURFACE_STYLE_FILL_AREA(#1847);
#1849=SURFACE_SIDE_STYLE('',(#1848));
#1850=SURFACE_STYLE_USAGE(.BOTH.,#1849);
#1851=PRESENTATION_STYLE_ASSIGNMENT((#1850));
#1852=STYLED_ITEM('',(#1851),#1844);
#1853=ADVANCED_FACE('',(#6691),#6693,.T.);
#1854=COLOUR_RGB('',0.156862745098039,0.156862745098039,0.156862745098039);
#1855=FILL_AREA_STYLE_COLOUR('',#1854);
#1856=FILL_AREA_STYLE($,(#1855));
#1857=SURFACE_STYLE_FILL_AREA(#1856);
#1858=SURFACE_SIDE_STYLE('',(#1857));
#1859=SURFACE_STYLE_USAGE(.BOTH.,#1858);
#1860=PRESENTATION_STYLE_ASSIGNMENT((#1859));
#1861=STYLED_ITEM('',(#1860),#1853);
#1862=ADVANCED_FACE('',(#6698),#6700,.T.);
#1863=COLOUR_RGB('',0.156862745098039,0.156862745098039,0.156862745098039);
#1864=FILL_AREA_STYLE_COLOUR('',#1863);
#1865=FILL_AREA_STYLE($,(#1864));
#1866=SURFACE_STYLE_FILL_AREA(#1865);
#1867=SURFACE_SIDE_STYLE('',(#1866));
#1868=SURFACE_STYLE_USAGE(.BOTH.,#1867);
#1869=PRESENTATION_STYLE_ASSIGNMENT((#1868));
#1870=STYLED_ITEM('',(#1869),#1862);
#1871=ADVANCED_FACE('',(#6705),#6707,.T.);
#1872=COLOUR_RGB('',0.156862745098039,0.156862745098039,0.156862745098039);
#1873=FILL_AREA_STYLE_COLOUR('',#1872);
#1874=FILL_AREA_STYLE($,(#1873));
#1875=SURFACE_STYLE_FILL_AREA(#1874);
#1876=SURFACE_SIDE_STYLE('',(#1875));
#1877=SURFACE_STYLE_USAGE(.BOTH.,#1876);
#1878=PRESENTATION_STYLE_ASSIGNMENT((#1877));
#1879=STYLED_ITEM('',(#1878),#1871);
#1880=ADVANCED_FACE('',(#6712),#6714,.T.);
#1881=COLOUR_RGB('',0.156862745098039,0.156862745098039,0.156862745098039);
#1882=FILL_AREA_STYLE_COLOUR('',#1881);
#1883=FILL_AREA_STYLE($,(#1882));
#1884=SURFACE_STYLE_FILL_AREA(#1883);
#1885=SURFACE_SIDE_STYLE('',(#1884));
#1886=SURFACE_STYLE_USAGE(.BOTH.,#1885);
#1887=PRESENTATION_STYLE_ASSIGNMENT((#1886));
#1888=STYLED_ITEM('',(#1887),#1880);
#1889=ADVANCED_FACE('',(#6719),#6721,.T.);
#1890=COLOUR_RGB('',0.156862745098039,0.156862745098039,0.156862745098039);
#1891=FILL_AREA_STYLE_COLOUR('',#1890);
#1892=FILL_AREA_STYLE($,(#1891));
#1893=SURFACE_STYLE_FILL_AREA(#1892);
#1894=SURFACE_SIDE_STYLE('',(#1893));
#1895=SURFACE_STYLE_USAGE(.BOTH.,#1894);
#1896=PRESENTATION_STYLE_ASSIGNMENT((#1895));
#1897=STYLED_ITEM('',(#1896),#1889);
#1898=ADVANCED_FACE('',(#6726),#6728,.T.);
#1899=COLOUR_RGB('',0.156862745098039,0.156862745098039,0.156862745098039);
#1900=FILL_AREA_STYLE_COLOUR('',#1899);
#1901=FILL_AREA_STYLE($,(#1900));
#1902=SURFACE_STYLE_FILL_AREA(#1901);
#1903=SURFACE_SIDE_STYLE('',(#1902));
#1904=SURFACE_STYLE_USAGE(.BOTH.,#1903);
#1905=PRESENTATION_STYLE_ASSIGNMENT((#1904));
#1906=STYLED_ITEM('',(#1905),#1898);
#1907=ADVANCED_FACE('',(#6733),#6735,.T.);
#1908=COLOUR_RGB('',0.156862745098039,0.156862745098039,0.156862745098039);
#1909=FILL_AREA_STYLE_COLOUR('',#1908);
#1910=FILL_AREA_STYLE($,(#1909));
#1911=SURFACE_STYLE_FILL_AREA(#1910);
#1912=SURFACE_SIDE_STYLE('',(#1911));
#1913=SURFACE_STYLE_USAGE(.BOTH.,#1912);
#1914=PRESENTATION_STYLE_ASSIGNMENT((#1913));
#1915=STYLED_ITEM('',(#1914),#1907);
#1916=ADVANCED_FACE('',(#6740),#6742,.T.);
#1917=COLOUR_RGB('',0.156862745098039,0.156862745098039,0.156862745098039);
#1918=FILL_AREA_STYLE_COLOUR('',#1917);
#1919=FILL_AREA_STYLE($,(#1918));
#1920=SURFACE_STYLE_FILL_AREA(#1919);
#1921=SURFACE_SIDE_STYLE('',(#1920));
#1922=SURFACE_STYLE_USAGE(.BOTH.,#1921);
#1923=PRESENTATION_STYLE_ASSIGNMENT((#1922));
#1924=STYLED_ITEM('',(#1923),#1916);
#1925=ADVANCED_FACE('',(#6747),#6749,.T.);
#1926=COLOUR_RGB('',0.156862745098039,0.156862745098039,0.156862745098039);
#1927=FILL_AREA_STYLE_COLOUR('',#1926);
#1928=FILL_AREA_STYLE($,(#1927));
#1929=SURFACE_STYLE_FILL_AREA(#1928);
#1930=SURFACE_SIDE_STYLE('',(#1929));
#1931=SURFACE_STYLE_USAGE(.BOTH.,#1930);
#1932=PRESENTATION_STYLE_ASSIGNMENT((#1931));
#1933=STYLED_ITEM('',(#1932),#1925);
#1934=ADVANCED_FACE('',(#6754),#6756,.T.);
#1935=COLOUR_RGB('',0.156862745098039,0.156862745098039,0.156862745098039);
#1936=FILL_AREA_STYLE_COLOUR('',#1935);
#1937=FILL_AREA_STYLE($,(#1936));
#1938=SURFACE_STYLE_FILL_AREA(#1937);
#1939=SURFACE_SIDE_STYLE('',(#1938));
#1940=SURFACE_STYLE_USAGE(.BOTH.,#1939);
#1941=PRESENTATION_STYLE_ASSIGNMENT((#1940));
#1942=STYLED_ITEM('',(#1941),#1934);
#1943=ADVANCED_FACE('',(#6761),#6763,.T.);
#1944=COLOUR_RGB('',0.156862745098039,0.156862745098039,0.156862745098039);
#1945=FILL_AREA_STYLE_COLOUR('',#1944);
#1946=FILL_AREA_STYLE($,(#1945));
#1947=SURFACE_STYLE_FILL_AREA(#1946);
#1948=SURFACE_SIDE_STYLE('',(#1947));
#1949=SURFACE_STYLE_USAGE(.BOTH.,#1948);
#1950=PRESENTATION_STYLE_ASSIGNMENT((#1949));
#1951=STYLED_ITEM('',(#1950),#1943);
#1952=ADVANCED_FACE('',(#6768),#6770,.T.);
#1953=COLOUR_RGB('',0.156862745098039,0.156862745098039,0.156862745098039);
#1954=FILL_AREA_STYLE_COLOUR('',#1953);
#1955=FILL_AREA_STYLE($,(#1954));
#1956=SURFACE_STYLE_FILL_AREA(#1955);
#1957=SURFACE_SIDE_STYLE('',(#1956));
#1958=SURFACE_STYLE_USAGE(.BOTH.,#1957);
#1959=PRESENTATION_STYLE_ASSIGNMENT((#1958));
#1960=STYLED_ITEM('',(#1959),#1952);
#1961=ADVANCED_FACE('',(#6775),#6777,.T.);
#1962=COLOUR_RGB('',0.156862745098039,0.156862745098039,0.156862745098039);
#1963=FILL_AREA_STYLE_COLOUR('',#1962);
#1964=FILL_AREA_STYLE($,(#1963));
#1965=SURFACE_STYLE_FILL_AREA(#1964);
#1966=SURFACE_SIDE_STYLE('',(#1965));
#1967=SURFACE_STYLE_USAGE(.BOTH.,#1966);
#1968=PRESENTATION_STYLE_ASSIGNMENT((#1967));
#1969=STYLED_ITEM('',(#1968),#1961);
#1970=ADVANCED_FACE('',(#6782),#6784,.T.);
#1971=COLOUR_RGB('',0.156862745098039,0.156862745098039,0.156862745098039);
#1972=FILL_AREA_STYLE_COLOUR('',#1971);
#1973=FILL_AREA_STYLE($,(#1972));
#1974=SURFACE_STYLE_FILL_AREA(#1973);
#1975=SURFACE_SIDE_STYLE('',(#1974));
#1976=SURFACE_STYLE_USAGE(.BOTH.,#1975);
#1977=PRESENTATION_STYLE_ASSIGNMENT((#1976));
#1978=STYLED_ITEM('',(#1977),#1970);
#1979=ADVANCED_FACE('',(#6789),#6791,.T.);
#1980=COLOUR_RGB('',0.156862745098039,0.156862745098039,0.156862745098039);
#1981=FILL_AREA_STYLE_COLOUR('',#1980);
#1982=FILL_AREA_STYLE($,(#1981));
#1983=SURFACE_STYLE_FILL_AREA(#1982);
#1984=SURFACE_SIDE_STYLE('',(#1983));
#1985=SURFACE_STYLE_USAGE(.BOTH.,#1984);
#1986=PRESENTATION_STYLE_ASSIGNMENT((#1985));
#1987=STYLED_ITEM('',(#1986),#1979);
#1988=ADVANCED_FACE('',(#6796),#6798,.T.);
#1989=COLOUR_RGB('',0.156862745098039,0.156862745098039,0.156862745098039);
#1990=FILL_AREA_STYLE_COLOUR('',#1989);
#1991=FILL_AREA_STYLE($,(#1990));
#1992=SURFACE_STYLE_FILL_AREA(#1991);
#1993=SURFACE_SIDE_STYLE('',(#1992));
#1994=SURFACE_STYLE_USAGE(.BOTH.,#1993);
#1995=PRESENTATION_STYLE_ASSIGNMENT((#1994));
#1996=STYLED_ITEM('',(#1995),#1988);
#1997=ADVANCED_FACE('',(#6803),#6805,.T.);
#1998=COLOUR_RGB('',0.156862745098039,0.156862745098039,0.156862745098039);
#1999=FILL_AREA_STYLE_COLOUR('',#1998);
#2000=FILL_AREA_STYLE($,(#1999));
#2001=SURFACE_STYLE_FILL_AREA(#2000);
#2002=SURFACE_SIDE_STYLE('',(#2001));
#2003=SURFACE_STYLE_USAGE(.BOTH.,#2002);
#2004=PRESENTATION_STYLE_ASSIGNMENT((#2003));
#2005=STYLED_ITEM('',(#2004),#1997);
#2006=ADVANCED_FACE('',(#6810),#6812,.T.);
#2007=COLOUR_RGB('',0.156862745098039,0.156862745098039,0.156862745098039);
#2008=FILL_AREA_STYLE_COLOUR('',#2007);
#2009=FILL_AREA_STYLE($,(#2008));
#2010=SURFACE_STYLE_FILL_AREA(#2009);
#2011=SURFACE_SIDE_STYLE('',(#2010));
#2012=SURFACE_STYLE_USAGE(.BOTH.,#2011);
#2013=PRESENTATION_STYLE_ASSIGNMENT((#2012));
#2014=STYLED_ITEM('',(#2013),#2006);
#2015=ADVANCED_FACE('',(#6817),#6819,.T.);
#2016=COLOUR_RGB('',0.156862745098039,0.156862745098039,0.156862745098039);
#2017=FILL_AREA_STYLE_COLOUR('',#2016);
#2018=FILL_AREA_STYLE($,(#2017));
#2019=SURFACE_STYLE_FILL_AREA(#2018);
#2020=SURFACE_SIDE_STYLE('',(#2019));
#2021=SURFACE_STYLE_USAGE(.BOTH.,#2020);
#2022=PRESENTATION_STYLE_ASSIGNMENT((#2021));
#2023=STYLED_ITEM('',(#2022),#2015);
#2024=ADVANCED_FACE('',(#6824),#6826,.T.);
#2025=COLOUR_RGB('',0.156862745098039,0.156862745098039,0.156862745098039);
#2026=FILL_AREA_STYLE_COLOUR('',#2025);
#2027=FILL_AREA_STYLE($,(#2026));
#2028=SURFACE_STYLE_FILL_AREA(#2027);
#2029=SURFACE_SIDE_STYLE('',(#2028));
#2030=SURFACE_STYLE_USAGE(.BOTH.,#2029);
#2031=PRESENTATION_STYLE_ASSIGNMENT((#2030));
#2032=STYLED_ITEM('',(#2031),#2024);
#2033=ADVANCED_FACE('',(#6831),#6833,.T.);
#2034=COLOUR_RGB('',0.156862745098039,0.156862745098039,0.156862745098039);
#2035=FILL_AREA_STYLE_COLOUR('',#2034);
#2036=FILL_AREA_STYLE($,(#2035));
#2037=SURFACE_STYLE_FILL_AREA(#2036);
#2038=SURFACE_SIDE_STYLE('',(#2037));
#2039=SURFACE_STYLE_USAGE(.BOTH.,#2038);
#2040=PRESENTATION_STYLE_ASSIGNMENT((#2039));
#2041=STYLED_ITEM('',(#2040),#2033);
#2042=ADVANCED_FACE('',(#6838),#6840,.T.);
#2043=COLOUR_RGB('',0.156862745098039,0.156862745098039,0.156862745098039);
#2044=FILL_AREA_STYLE_COLOUR('',#2043);
#2045=FILL_AREA_STYLE($,(#2044));
#2046=SURFACE_STYLE_FILL_AREA(#2045);
#2047=SURFACE_SIDE_STYLE('',(#2046));
#2048=SURFACE_STYLE_USAGE(.BOTH.,#2047);
#2049=PRESENTATION_STYLE_ASSIGNMENT((#2048));
#2050=STYLED_ITEM('',(#2049),#2042);
#2051=ADVANCED_FACE('',(#6845),#6847,.T.);
#2052=COLOUR_RGB('',0.156862745098039,0.156862745098039,0.156862745098039);
#2053=FILL_AREA_STYLE_COLOUR('',#2052);
#2054=FILL_AREA_STYLE($,(#2053));
#2055=SURFACE_STYLE_FILL_AREA(#2054);
#2056=SURFACE_SIDE_STYLE('',(#2055));
#2057=SURFACE_STYLE_USAGE(.BOTH.,#2056);
#2058=PRESENTATION_STYLE_ASSIGNMENT((#2057));
#2059=STYLED_ITEM('',(#2058),#2051);
#2060=ADVANCED_FACE('',(#6852),#6854,.T.);
#2061=COLOUR_RGB('',0.156862745098039,0.156862745098039,0.156862745098039);
#2062=FILL_AREA_STYLE_COLOUR('',#2061);
#2063=FILL_AREA_STYLE($,(#2062));
#2064=SURFACE_STYLE_FILL_AREA(#2063);
#2065=SURFACE_SIDE_STYLE('',(#2064));
#2066=SURFACE_STYLE_USAGE(.BOTH.,#2065);
#2067=PRESENTATION_STYLE_ASSIGNMENT((#2066));
#2068=STYLED_ITEM('',(#2067),#2060);
#2069=ADVANCED_FACE('',(#6859),#6861,.T.);
#2070=COLOUR_RGB('',0.156862745098039,0.156862745098039,0.156862745098039);
#2071=FILL_AREA_STYLE_COLOUR('',#2070);
#2072=FILL_AREA_STYLE($,(#2071));
#2073=SURFACE_STYLE_FILL_AREA(#2072);
#2074=SURFACE_SIDE_STYLE('',(#2073));
#2075=SURFACE_STYLE_USAGE(.BOTH.,#2074);
#2076=PRESENTATION_STYLE_ASSIGNMENT((#2075));
#2077=STYLED_ITEM('',(#2076),#2069);
#2078=ADVANCED_FACE('',(#6866),#6868,.T.);
#2079=COLOUR_RGB('',0.156862745098039,0.156862745098039,0.156862745098039);
#2080=FILL_AREA_STYLE_COLOUR('',#2079);
#2081=FILL_AREA_STYLE($,(#2080));
#2082=SURFACE_STYLE_FILL_AREA(#2081);
#2083=SURFACE_SIDE_STYLE('',(#2082));
#2084=SURFACE_STYLE_USAGE(.BOTH.,#2083);
#2085=PRESENTATION_STYLE_ASSIGNMENT((#2084));
#2086=STYLED_ITEM('',(#2085),#2078);
#2087=ADVANCED_FACE('',(#6873),#6875,.T.);
#2088=COLOUR_RGB('',0.156862745098039,0.156862745098039,0.156862745098039);
#2089=FILL_AREA_STYLE_COLOUR('',#2088);
#2090=FILL_AREA_STYLE($,(#2089));
#2091=SURFACE_STYLE_FILL_AREA(#2090);
#2092=SURFACE_SIDE_STYLE('',(#2091));
#2093=SURFACE_STYLE_USAGE(.BOTH.,#2092);
#2094=PRESENTATION_STYLE_ASSIGNMENT((#2093));
#2095=STYLED_ITEM('',(#2094),#2087);
#2096=ADVANCED_FACE('',(#6880),#6882,.T.);
#2097=COLOUR_RGB('',0.156862745098039,0.156862745098039,0.156862745098039);
#2098=FILL_AREA_STYLE_COLOUR('',#2097);
#2099=FILL_AREA_STYLE($,(#2098));
#2100=SURFACE_STYLE_FILL_AREA(#2099);
#2101=SURFACE_SIDE_STYLE('',(#2100));
#2102=SURFACE_STYLE_USAGE(.BOTH.,#2101);
#2103=PRESENTATION_STYLE_ASSIGNMENT((#2102));
#2104=STYLED_ITEM('',(#2103),#2096);
#2105=ADVANCED_FACE('',(#6887),#6889,.T.);
#2106=COLOUR_RGB('',0.156862745098039,0.156862745098039,0.156862745098039);
#2107=FILL_AREA_STYLE_COLOUR('',#2106);
#2108=FILL_AREA_STYLE($,(#2107));
#2109=SURFACE_STYLE_FILL_AREA(#2108);
#2110=SURFACE_SIDE_STYLE('',(#2109));
#2111=SURFACE_STYLE_USAGE(.BOTH.,#2110);
#2112=PRESENTATION_STYLE_ASSIGNMENT((#2111));
#2113=STYLED_ITEM('',(#2112),#2105);
#2114=ADVANCED_FACE('',(#6894),#6896,.T.);
#2115=COLOUR_RGB('',0.156862745098039,0.156862745098039,0.156862745098039);
#2116=FILL_AREA_STYLE_COLOUR('',#2115);
#2117=FILL_AREA_STYLE($,(#2116));
#2118=SURFACE_STYLE_FILL_AREA(#2117);
#2119=SURFACE_SIDE_STYLE('',(#2118));
#2120=SURFACE_STYLE_USAGE(.BOTH.,#2119);
#2121=PRESENTATION_STYLE_ASSIGNMENT((#2120));
#2122=STYLED_ITEM('',(#2121),#2114);
#2123=ADVANCED_FACE('',(#6901),#6903,.T.);
#2124=COLOUR_RGB('',0.156862745098039,0.156862745098039,0.156862745098039);
#2125=FILL_AREA_STYLE_COLOUR('',#2124);
#2126=FILL_AREA_STYLE($,(#2125));
#2127=SURFACE_STYLE_FILL_AREA(#2126);
#2128=SURFACE_SIDE_STYLE('',(#2127));
#2129=SURFACE_STYLE_USAGE(.BOTH.,#2128);
#2130=PRESENTATION_STYLE_ASSIGNMENT((#2129));
#2131=STYLED_ITEM('',(#2130),#2123);
#2132=ADVANCED_FACE('',(#6908),#6910,.T.);
#2133=COLOUR_RGB('',0.156862745098039,0.156862745098039,0.156862745098039);
#2134=FILL_AREA_STYLE_COLOUR('',#2133);
#2135=FILL_AREA_STYLE($,(#2134));
#2136=SURFACE_STYLE_FILL_AREA(#2135);
#2137=SURFACE_SIDE_STYLE('',(#2136));
#2138=SURFACE_STYLE_USAGE(.BOTH.,#2137);
#2139=PRESENTATION_STYLE_ASSIGNMENT((#2138));
#2140=STYLED_ITEM('',(#2139),#2132);
#2141=ADVANCED_FACE('',(#6915),#6917,.T.);
#2142=COLOUR_RGB('',0.156862745098039,0.156862745098039,0.156862745098039);
#2143=FILL_AREA_STYLE_COLOUR('',#2142);
#2144=FILL_AREA_STYLE($,(#2143));
#2145=SURFACE_STYLE_FILL_AREA(#2144);
#2146=SURFACE_SIDE_STYLE('',(#2145));
#2147=SURFACE_STYLE_USAGE(.BOTH.,#2146);
#2148=PRESENTATION_STYLE_ASSIGNMENT((#2147));
#2149=STYLED_ITEM('',(#2148),#2141);
#2150=ADVANCED_FACE('',(#6922),#6924,.T.);
#2151=COLOUR_RGB('',0.156862745098039,0.156862745098039,0.156862745098039);
#2152=FILL_AREA_STYLE_COLOUR('',#2151);
#2153=FILL_AREA_STYLE($,(#2152));
#2154=SURFACE_STYLE_FILL_AREA(#2153);
#2155=SURFACE_SIDE_STYLE('',(#2154));
#2156=SURFACE_STYLE_USAGE(.BOTH.,#2155);
#2157=PRESENTATION_STYLE_ASSIGNMENT((#2156));
#2158=STYLED_ITEM('',(#2157),#2150);
#2159=ADVANCED_FACE('',(#6929),#6931,.T.);
#2160=COLOUR_RGB('',0.156862745098039,0.156862745098039,0.156862745098039);
#2161=FILL_AREA_STYLE_COLOUR('',#2160);
#2162=FILL_AREA_STYLE($,(#2161));
#2163=SURFACE_STYLE_FILL_AREA(#2162);
#2164=SURFACE_SIDE_STYLE('',(#2163));
#2165=SURFACE_STYLE_USAGE(.BOTH.,#2164);
#2166=PRESENTATION_STYLE_ASSIGNMENT((#2165));
#2167=STYLED_ITEM('',(#2166),#2159);
#2168=ADVANCED_FACE('',(#6936),#6938,.T.);
#2169=COLOUR_RGB('',0.156862745098039,0.156862745098039,0.156862745098039);
#2170=FILL_AREA_STYLE_COLOUR('',#2169);
#2171=FILL_AREA_STYLE($,(#2170));
#2172=SURFACE_STYLE_FILL_AREA(#2171);
#2173=SURFACE_SIDE_STYLE('',(#2172));
#2174=SURFACE_STYLE_USAGE(.BOTH.,#2173);
#2175=PRESENTATION_STYLE_ASSIGNMENT((#2174));
#2176=STYLED_ITEM('',(#2175),#2168);
#2177=ADVANCED_FACE('',(#6943),#6945,.T.);
#2178=COLOUR_RGB('',0.156862745098039,0.156862745098039,0.156862745098039);
#2179=FILL_AREA_STYLE_COLOUR('',#2178);
#2180=FILL_AREA_STYLE($,(#2179));
#2181=SURFACE_STYLE_FILL_AREA(#2180);
#2182=SURFACE_SIDE_STYLE('',(#2181));
#2183=SURFACE_STYLE_USAGE(.BOTH.,#2182);
#2184=PRESENTATION_STYLE_ASSIGNMENT((#2183));
#2185=STYLED_ITEM('',(#2184),#2177);
#2186=ADVANCED_FACE('',(#6950),#6952,.T.);
#2187=COLOUR_RGB('',0.156862745098039,0.156862745098039,0.156862745098039);
#2188=FILL_AREA_STYLE_COLOUR('',#2187);
#2189=FILL_AREA_STYLE($,(#2188));
#2190=SURFACE_STYLE_FILL_AREA(#2189);
#2191=SURFACE_SIDE_STYLE('',(#2190));
#2192=SURFACE_STYLE_USAGE(.BOTH.,#2191);
#2193=PRESENTATION_STYLE_ASSIGNMENT((#2192));
#2194=STYLED_ITEM('',(#2193),#2186);
#2195=ADVANCED_FACE('',(#6957),#6959,.T.);
#2196=COLOUR_RGB('',0.156862745098039,0.156862745098039,0.156862745098039);
#2197=FILL_AREA_STYLE_COLOUR('',#2196);
#2198=FILL_AREA_STYLE($,(#2197));
#2199=SURFACE_STYLE_FILL_AREA(#2198);
#2200=SURFACE_SIDE_STYLE('',(#2199));
#2201=SURFACE_STYLE_USAGE(.BOTH.,#2200);
#2202=PRESENTATION_STYLE_ASSIGNMENT((#2201));
#2203=STYLED_ITEM('',(#2202),#2195);
#2204=ADVANCED_FACE('',(#6964),#6966,.T.);
#2205=COLOUR_RGB('',0.156862745098039,0.156862745098039,0.156862745098039);
#2206=FILL_AREA_STYLE_COLOUR('',#2205);
#2207=FILL_AREA_STYLE($,(#2206));
#2208=SURFACE_STYLE_FILL_AREA(#2207);
#2209=SURFACE_SIDE_STYLE('',(#2208));
#2210=SURFACE_STYLE_USAGE(.BOTH.,#2209);
#2211=PRESENTATION_STYLE_ASSIGNMENT((#2210));
#2212=STYLED_ITEM('',(#2211),#2204);
#2213=ADVANCED_FACE('',(#6971),#6973,.T.);
#2214=COLOUR_RGB('',0.156862745098039,0.156862745098039,0.156862745098039);
#2215=FILL_AREA_STYLE_COLOUR('',#2214);
#2216=FILL_AREA_STYLE($,(#2215));
#2217=SURFACE_STYLE_FILL_AREA(#2216);
#2218=SURFACE_SIDE_STYLE('',(#2217));
#2219=SURFACE_STYLE_USAGE(.BOTH.,#2218);
#2220=PRESENTATION_STYLE_ASSIGNMENT((#2219));
#2221=STYLED_ITEM('',(#2220),#2213);
#2222=ADVANCED_FACE('',(#6978),#6980,.T.);
#2223=COLOUR_RGB('',0.156862745098039,0.156862745098039,0.156862745098039);
#2224=FILL_AREA_STYLE_COLOUR('',#2223);
#2225=FILL_AREA_STYLE($,(#2224));
#2226=SURFACE_STYLE_FILL_AREA(#2225);
#2227=SURFACE_SIDE_STYLE('',(#2226));
#2228=SURFACE_STYLE_USAGE(.BOTH.,#2227);
#2229=PRESENTATION_STYLE_ASSIGNMENT((#2228));
#2230=STYLED_ITEM('',(#2229),#2222);
#2231=ADVANCED_FACE('',(#6985),#6987,.T.);
#2232=COLOUR_RGB('',0.156862745098039,0.156862745098039,0.156862745098039);
#2233=FILL_AREA_STYLE_COLOUR('',#2232);
#2234=FILL_AREA_STYLE($,(#2233));
#2235=SURFACE_STYLE_FILL_AREA(#2234);
#2236=SURFACE_SIDE_STYLE('',(#2235));
#2237=SURFACE_STYLE_USAGE(.BOTH.,#2236);
#2238=PRESENTATION_STYLE_ASSIGNMENT((#2237));
#2239=STYLED_ITEM('',(#2238),#2231);
#2240=ADVANCED_FACE('',(#6992),#6994,.T.);
#2241=COLOUR_RGB('',0.156862745098039,0.156862745098039,0.156862745098039);
#2242=FILL_AREA_STYLE_COLOUR('',#2241);
#2243=FILL_AREA_STYLE($,(#2242));
#2244=SURFACE_STYLE_FILL_AREA(#2243);
#2245=SURFACE_SIDE_STYLE('',(#2244));
#2246=SURFACE_STYLE_USAGE(.BOTH.,#2245);
#2247=PRESENTATION_STYLE_ASSIGNMENT((#2246));
#2248=STYLED_ITEM('',(#2247),#2240);
#2249=ADVANCED_FACE('',(#6999),#7001,.T.);
#2250=COLOUR_RGB('',0.156862745098039,0.156862745098039,0.156862745098039);
#2251=FILL_AREA_STYLE_COLOUR('',#2250);
#2252=FILL_AREA_STYLE($,(#2251));
#2253=SURFACE_STYLE_FILL_AREA(#2252);
#2254=SURFACE_SIDE_STYLE('',(#2253));
#2255=SURFACE_STYLE_USAGE(.BOTH.,#2254);
#2256=PRESENTATION_STYLE_ASSIGNMENT((#2255));
#2257=STYLED_ITEM('',(#2256),#2249);
#2258=ADVANCED_FACE('',(#7006),#7008,.T.);
#2259=COLOUR_RGB('',0.156862745098039,0.156862745098039,0.156862745098039);
#2260=FILL_AREA_STYLE_COLOUR('',#2259);
#2261=FILL_AREA_STYLE($,(#2260));
#2262=SURFACE_STYLE_FILL_AREA(#2261);
#2263=SURFACE_SIDE_STYLE('',(#2262));
#2264=SURFACE_STYLE_USAGE(.BOTH.,#2263);
#2265=PRESENTATION_STYLE_ASSIGNMENT((#2264));
#2266=STYLED_ITEM('',(#2265),#2258);
#2267=ADVANCED_FACE('',(#7013),#7015,.T.);
#2268=COLOUR_RGB('',0.156862745098039,0.156862745098039,0.156862745098039);
#2269=FILL_AREA_STYLE_COLOUR('',#2268);
#2270=FILL_AREA_STYLE($,(#2269));
#2271=SURFACE_STYLE_FILL_AREA(#2270);
#2272=SURFACE_SIDE_STYLE('',(#2271));
#2273=SURFACE_STYLE_USAGE(.BOTH.,#2272);
#2274=PRESENTATION_STYLE_ASSIGNMENT((#2273));
#2275=STYLED_ITEM('',(#2274),#2267);
#2276=ADVANCED_FACE('',(#7020),#7022,.T.);
#2277=COLOUR_RGB('',0.156862745098039,0.156862745098039,0.156862745098039);
#2278=FILL_AREA_STYLE_COLOUR('',#2277);
#2279=FILL_AREA_STYLE($,(#2278));
#2280=SURFACE_STYLE_FILL_AREA(#2279);
#2281=SURFACE_SIDE_STYLE('',(#2280));
#2282=SURFACE_STYLE_USAGE(.BOTH.,#2281);
#2283=PRESENTATION_STYLE_ASSIGNMENT((#2282));
#2284=STYLED_ITEM('',(#2283),#2276);
#2285=ADVANCED_FACE('',(#7027),#7029,.T.);
#2286=COLOUR_RGB('',0.156862745098039,0.156862745098039,0.156862745098039);
#2287=FILL_AREA_STYLE_COLOUR('',#2286);
#2288=FILL_AREA_STYLE($,(#2287));
#2289=SURFACE_STYLE_FILL_AREA(#2288);
#2290=SURFACE_SIDE_STYLE('',(#2289));
#2291=SURFACE_STYLE_USAGE(.BOTH.,#2290);
#2292=PRESENTATION_STYLE_ASSIGNMENT((#2291));
#2293=STYLED_ITEM('',(#2292),#2285);
#2294=ADVANCED_FACE('',(#7034),#7036,.T.);
#2295=COLOUR_RGB('',0.156862745098039,0.156862745098039,0.156862745098039);
#2296=FILL_AREA_STYLE_COLOUR('',#2295);
#2297=FILL_AREA_STYLE($,(#2296));
#2298=SURFACE_STYLE_FILL_AREA(#2297);
#2299=SURFACE_SIDE_STYLE('',(#2298));
#2300=SURFACE_STYLE_USAGE(.BOTH.,#2299);
#2301=PRESENTATION_STYLE_ASSIGNMENT((#2300));
#2302=STYLED_ITEM('',(#2301),#2294);
#2303=ADVANCED_FACE('',(#7041),#7043,.T.);
#2304=COLOUR_RGB('',0.156862745098039,0.156862745098039,0.156862745098039);
#2305=FILL_AREA_STYLE_COLOUR('',#2304);
#2306=FILL_AREA_STYLE($,(#2305));
#2307=SURFACE_STYLE_FILL_AREA(#2306);
#2308=SURFACE_SIDE_STYLE('',(#2307));
#2309=SURFACE_STYLE_USAGE(.BOTH.,#2308);
#2310=PRESENTATION_STYLE_ASSIGNMENT((#2309));
#2311=STYLED_ITEM('',(#2310),#2303);
#2312=ADVANCED_FACE('',(#7048),#7050,.T.);
#2313=COLOUR_RGB('',0.156862745098039,0.156862745098039,0.156862745098039);
#2314=FILL_AREA_STYLE_COLOUR('',#2313);
#2315=FILL_AREA_STYLE($,(#2314));
#2316=SURFACE_STYLE_FILL_AREA(#2315);
#2317=SURFACE_SIDE_STYLE('',(#2316));
#2318=SURFACE_STYLE_USAGE(.BOTH.,#2317);
#2319=PRESENTATION_STYLE_ASSIGNMENT((#2318));
#2320=STYLED_ITEM('',(#2319),#2312);
#2321=ADVANCED_FACE('',(#7055),#7057,.T.);
#2322=COLOUR_RGB('',0.156862745098039,0.156862745098039,0.156862745098039);
#2323=FILL_AREA_STYLE_COLOUR('',#2322);
#2324=FILL_AREA_STYLE($,(#2323));
#2325=SURFACE_STYLE_FILL_AREA(#2324);
#2326=SURFACE_SIDE_STYLE('',(#2325));
#2327=SURFACE_STYLE_USAGE(.BOTH.,#2326);
#2328=PRESENTATION_STYLE_ASSIGNMENT((#2327));
#2329=STYLED_ITEM('',(#2328),#2321);
#2330=ADVANCED_FACE('',(#7062),#7064,.T.);
#2331=COLOUR_RGB('',0.156862745098039,0.156862745098039,0.156862745098039);
#2332=FILL_AREA_STYLE_COLOUR('',#2331);
#2333=FILL_AREA_STYLE($,(#2332));
#2334=SURFACE_STYLE_FILL_AREA(#2333);
#2335=SURFACE_SIDE_STYLE('',(#2334));
#2336=SURFACE_STYLE_USAGE(.BOTH.,#2335);
#2337=PRESENTATION_STYLE_ASSIGNMENT((#2336));
#2338=STYLED_ITEM('',(#2337),#2330);
#2339=ADVANCED_FACE('',(#7069),#7071,.T.);
#2340=COLOUR_RGB('',0.156862745098039,0.156862745098039,0.156862745098039);
#2341=FILL_AREA_STYLE_COLOUR('',#2340);
#2342=FILL_AREA_STYLE($,(#2341));
#2343=SURFACE_STYLE_FILL_AREA(#2342);
#2344=SURFACE_SIDE_STYLE('',(#2343));
#2345=SURFACE_STYLE_USAGE(.BOTH.,#2344);
#2346=PRESENTATION_STYLE_ASSIGNMENT((#2345));
#2347=STYLED_ITEM('',(#2346),#2339);
#2348=ADVANCED_FACE('',(#7076),#7078,.T.);
#2349=COLOUR_RGB('',0.156862745098039,0.156862745098039,0.156862745098039);
#2350=FILL_AREA_STYLE_COLOUR('',#2349);
#2351=FILL_AREA_STYLE($,(#2350));
#2352=SURFACE_STYLE_FILL_AREA(#2351);
#2353=SURFACE_SIDE_STYLE('',(#2352));
#2354=SURFACE_STYLE_USAGE(.BOTH.,#2353);
#2355=PRESENTATION_STYLE_ASSIGNMENT((#2354));
#2356=STYLED_ITEM('',(#2355),#2348);
#2357=ADVANCED_FACE('',(#7083),#7085,.T.);
#2358=COLOUR_RGB('',0.156862745098039,0.156862745098039,0.156862745098039);
#2359=FILL_AREA_STYLE_COLOUR('',#2358);
#2360=FILL_AREA_STYLE($,(#2359));
#2361=SURFACE_STYLE_FILL_AREA(#2360);
#2362=SURFACE_SIDE_STYLE('',(#2361));
#2363=SURFACE_STYLE_USAGE(.BOTH.,#2362);
#2364=PRESENTATION_STYLE_ASSIGNMENT((#2363));
#2365=STYLED_ITEM('',(#2364),#2357);
#2366=ADVANCED_FACE('',(#7090),#7092,.T.);
#2367=COLOUR_RGB('',0.156862745098039,0.156862745098039,0.156862745098039);
#2368=FILL_AREA_STYLE_COLOUR('',#2367);
#2369=FILL_AREA_STYLE($,(#2368));
#2370=SURFACE_STYLE_FILL_AREA(#2369);
#2371=SURFACE_SIDE_STYLE('',(#2370));
#2372=SURFACE_STYLE_USAGE(.BOTH.,#2371);
#2373=PRESENTATION_STYLE_ASSIGNMENT((#2372));
#2374=STYLED_ITEM('',(#2373),#2366);
#2375=ADVANCED_FACE('',(#7097),#7099,.T.);
#2376=COLOUR_RGB('',0.156862745098039,0.156862745098039,0.156862745098039);
#2377=FILL_AREA_STYLE_COLOUR('',#2376);
#2378=FILL_AREA_STYLE($,(#2377));
#2379=SURFACE_STYLE_FILL_AREA(#2378);
#2380=SURFACE_SIDE_STYLE('',(#2379));
#2381=SURFACE_STYLE_USAGE(.BOTH.,#2380);
#2382=PRESENTATION_STYLE_ASSIGNMENT((#2381));
#2383=STYLED_ITEM('',(#2382),#2375);
#2384=ADVANCED_FACE('',(#7104),#7106,.T.);
#2385=COLOUR_RGB('',0.156862745098039,0.156862745098039,0.156862745098039);
#2386=FILL_AREA_STYLE_COLOUR('',#2385);
#2387=FILL_AREA_STYLE($,(#2386));
#2388=SURFACE_STYLE_FILL_AREA(#2387);
#2389=SURFACE_SIDE_STYLE('',(#2388));
#2390=SURFACE_STYLE_USAGE(.BOTH.,#2389);
#2391=PRESENTATION_STYLE_ASSIGNMENT((#2390));
#2392=STYLED_ITEM('',(#2391),#2384);
#2393=ADVANCED_FACE('',(#7111),#7113,.T.);
#2394=COLOUR_RGB('',0.156862745098039,0.156862745098039,0.156862745098039);
#2395=FILL_AREA_STYLE_COLOUR('',#2394);
#2396=FILL_AREA_STYLE($,(#2395));
#2397=SURFACE_STYLE_FILL_AREA(#2396);
#2398=SURFACE_SIDE_STYLE('',(#2397));
#2399=SURFACE_STYLE_USAGE(.BOTH.,#2398);
#2400=PRESENTATION_STYLE_ASSIGNMENT((#2399));
#2401=STYLED_ITEM('',(#2400),#2393);
#2402=ADVANCED_FACE('',(#7118),#7120,.T.);
#2403=COLOUR_RGB('',0.156862745098039,0.156862745098039,0.156862745098039);
#2404=FILL_AREA_STYLE_COLOUR('',#2403);
#2405=FILL_AREA_STYLE($,(#2404));
#2406=SURFACE_STYLE_FILL_AREA(#2405);
#2407=SURFACE_SIDE_STYLE('',(#2406));
#2408=SURFACE_STYLE_USAGE(.BOTH.,#2407);
#2409=PRESENTATION_STYLE_ASSIGNMENT((#2408));
#2410=STYLED_ITEM('',(#2409),#2402);
#2411=ADVANCED_FACE('',(#7125),#7127,.T.);
#2412=COLOUR_RGB('',0.156862745098039,0.156862745098039,0.156862745098039);
#2413=FILL_AREA_STYLE_COLOUR('',#2412);
#2414=FILL_AREA_STYLE($,(#2413));
#2415=SURFACE_STYLE_FILL_AREA(#2414);
#2416=SURFACE_SIDE_STYLE('',(#2415));
#2417=SURFACE_STYLE_USAGE(.BOTH.,#2416);
#2418=PRESENTATION_STYLE_ASSIGNMENT((#2417));
#2419=STYLED_ITEM('',(#2418),#2411);
#2420=ADVANCED_FACE('',(#7132),#7134,.T.);
#2421=COLOUR_RGB('',0.156862745098039,0.156862745098039,0.156862745098039);
#2422=FILL_AREA_STYLE_COLOUR('',#2421);
#2423=FILL_AREA_STYLE($,(#2422));
#2424=SURFACE_STYLE_FILL_AREA(#2423);
#2425=SURFACE_SIDE_STYLE('',(#2424));
#2426=SURFACE_STYLE_USAGE(.BOTH.,#2425);
#2427=PRESENTATION_STYLE_ASSIGNMENT((#2426));
#2428=STYLED_ITEM('',(#2427),#2420);
#2429=ADVANCED_FACE('',(#7139),#7141,.T.);
#2430=COLOUR_RGB('',0.156862745098039,0.156862745098039,0.156862745098039);
#2431=FILL_AREA_STYLE_COLOUR('',#2430);
#2432=FILL_AREA_STYLE($,(#2431));
#2433=SURFACE_STYLE_FILL_AREA(#2432);
#2434=SURFACE_SIDE_STYLE('',(#2433));
#2435=SURFACE_STYLE_USAGE(.BOTH.,#2434);
#2436=PRESENTATION_STYLE_ASSIGNMENT((#2435));
#2437=STYLED_ITEM('',(#2436),#2429);
#2438=ADVANCED_FACE('',(#7146),#7148,.T.);
#2439=COLOUR_RGB('',0.156862745098039,0.156862745098039,0.156862745098039);
#2440=FILL_AREA_STYLE_COLOUR('',#2439);
#2441=FILL_AREA_STYLE($,(#2440));
#2442=SURFACE_STYLE_FILL_AREA(#2441);
#2443=SURFACE_SIDE_STYLE('',(#2442));
#2444=SURFACE_STYLE_USAGE(.BOTH.,#2443);
#2445=PRESENTATION_STYLE_ASSIGNMENT((#2444));
#2446=STYLED_ITEM('',(#2445),#2438);
#2447=ADVANCED_FACE('',(#7153),#7155,.T.);
#2448=COLOUR_RGB('',0.156862745098039,0.156862745098039,0.156862745098039);
#2449=FILL_AREA_STYLE_COLOUR('',#2448);
#2450=FILL_AREA_STYLE($,(#2449));
#2451=SURFACE_STYLE_FILL_AREA(#2450);
#2452=SURFACE_SIDE_STYLE('',(#2451));
#2453=SURFACE_STYLE_USAGE(.BOTH.,#2452);
#2454=PRESENTATION_STYLE_ASSIGNMENT((#2453));
#2455=STYLED_ITEM('',(#2454),#2447);
#2456=ADVANCED_FACE('',(#7160),#7162,.T.);
#2457=COLOUR_RGB('',0.156862745098039,0.156862745098039,0.156862745098039);
#2458=FILL_AREA_STYLE_COLOUR('',#2457);
#2459=FILL_AREA_STYLE($,(#2458));
#2460=SURFACE_STYLE_FILL_AREA(#2459);
#2461=SURFACE_SIDE_STYLE('',(#2460));
#2462=SURFACE_STYLE_USAGE(.BOTH.,#2461);
#2463=PRESENTATION_STYLE_ASSIGNMENT((#2462));
#2464=STYLED_ITEM('',(#2463),#2456);
#2465=ADVANCED_FACE('',(#7167),#7169,.T.);
#2466=COLOUR_RGB('',0.156862745098039,0.156862745098039,0.156862745098039);
#2467=FILL_AREA_STYLE_COLOUR('',#2466);
#2468=FILL_AREA_STYLE($,(#2467));
#2469=SURFACE_STYLE_FILL_AREA(#2468);
#2470=SURFACE_SIDE_STYLE('',(#2469));
#2471=SURFACE_STYLE_USAGE(.BOTH.,#2470);
#2472=PRESENTATION_STYLE_ASSIGNMENT((#2471));
#2473=STYLED_ITEM('',(#2472),#2465);
#2474=ADVANCED_FACE('',(#7174),#7176,.T.);
#2475=COLOUR_RGB('',0.156862745098039,0.156862745098039,0.156862745098039);
#2476=FILL_AREA_STYLE_COLOUR('',#2475);
#2477=FILL_AREA_STYLE($,(#2476));
#2478=SURFACE_STYLE_FILL_AREA(#2477);
#2479=SURFACE_SIDE_STYLE('',(#2478));
#2480=SURFACE_STYLE_USAGE(.BOTH.,#2479);
#2481=PRESENTATION_STYLE_ASSIGNMENT((#2480));
#2482=STYLED_ITEM('',(#2481),#2474);
#2483=ADVANCED_FACE('',(#7181),#7183,.T.);
#2484=COLOUR_RGB('',0.156862745098039,0.156862745098039,0.156862745098039);
#2485=FILL_AREA_STYLE_COLOUR('',#2484);
#2486=FILL_AREA_STYLE($,(#2485));
#2487=SURFACE_STYLE_FILL_AREA(#2486);
#2488=SURFACE_SIDE_STYLE('',(#2487));
#2489=SURFACE_STYLE_USAGE(.BOTH.,#2488);
#2490=PRESENTATION_STYLE_ASSIGNMENT((#2489));
#2491=STYLED_ITEM('',(#2490),#2483);
#2492=ADVANCED_FACE('',(#7188),#7190,.T.);
#2493=COLOUR_RGB('',0.156862745098039,0.156862745098039,0.156862745098039);
#2494=FILL_AREA_STYLE_COLOUR('',#2493);
#2495=FILL_AREA_STYLE($,(#2494));
#2496=SURFACE_STYLE_FILL_AREA(#2495);
#2497=SURFACE_SIDE_STYLE('',(#2496));
#2498=SURFACE_STYLE_USAGE(.BOTH.,#2497);
#2499=PRESENTATION_STYLE_ASSIGNMENT((#2498));
#2500=STYLED_ITEM('',(#2499),#2492);
#2501=ADVANCED_FACE('',(#7195),#7197,.T.);
#2502=COLOUR_RGB('',0.156862745098039,0.156862745098039,0.156862745098039);
#2503=FILL_AREA_STYLE_COLOUR('',#2502);
#2504=FILL_AREA_STYLE($,(#2503));
#2505=SURFACE_STYLE_FILL_AREA(#2504);
#2506=SURFACE_SIDE_STYLE('',(#2505));
#2507=SURFACE_STYLE_USAGE(.BOTH.,#2506);
#2508=PRESENTATION_STYLE_ASSIGNMENT((#2507));
#2509=STYLED_ITEM('',(#2508),#2501);
#2510=ADVANCED_FACE('',(#7202),#7204,.T.);
#2511=COLOUR_RGB('',0.156862745098039,0.156862745098039,0.156862745098039);
#2512=FILL_AREA_STYLE_COLOUR('',#2511);
#2513=FILL_AREA_STYLE($,(#2512));
#2514=SURFACE_STYLE_FILL_AREA(#2513);
#2515=SURFACE_SIDE_STYLE('',(#2514));
#2516=SURFACE_STYLE_USAGE(.BOTH.,#2515);
#2517=PRESENTATION_STYLE_ASSIGNMENT((#2516));
#2518=STYLED_ITEM('',(#2517),#2510);
#2519=ADVANCED_FACE('',(#7209),#7211,.T.);
#2520=COLOUR_RGB('',0.156862745098039,0.156862745098039,0.156862745098039);
#2521=FILL_AREA_STYLE_COLOUR('',#2520);
#2522=FILL_AREA_STYLE($,(#2521));
#2523=SURFACE_STYLE_FILL_AREA(#2522);
#2524=SURFACE_SIDE_STYLE('',(#2523));
#2525=SURFACE_STYLE_USAGE(.BOTH.,#2524);
#2526=PRESENTATION_STYLE_ASSIGNMENT((#2525));
#2527=STYLED_ITEM('',(#2526),#2519);
#2528=ADVANCED_FACE('',(#7216),#7218,.T.);
#2529=COLOUR_RGB('',0.156862745098039,0.156862745098039,0.156862745098039);
#2530=FILL_AREA_STYLE_COLOUR('',#2529);
#2531=FILL_AREA_STYLE($,(#2530));
#2532=SURFACE_STYLE_FILL_AREA(#2531);
#2533=SURFACE_SIDE_STYLE('',(#2532));
#2534=SURFACE_STYLE_USAGE(.BOTH.,#2533);
#2535=PRESENTATION_STYLE_ASSIGNMENT((#2534));
#2536=STYLED_ITEM('',(#2535),#2528);
#2537=ADVANCED_FACE('',(#7223),#7225,.T.);
#2538=COLOUR_RGB('',0.156862745098039,0.156862745098039,0.156862745098039);
#2539=FILL_AREA_STYLE_COLOUR('',#2538);
#2540=FILL_AREA_STYLE($,(#2539));
#2541=SURFACE_STYLE_FILL_AREA(#2540);
#2542=SURFACE_SIDE_STYLE('',(#2541));
#2543=SURFACE_STYLE_USAGE(.BOTH.,#2542);
#2544=PRESENTATION_STYLE_ASSIGNMENT((#2543));
#2545=STYLED_ITEM('',(#2544),#2537);
#2546=ADVANCED_FACE('',(#7230),#7232,.T.);
#2547=COLOUR_RGB('',0.156862745098039,0.156862745098039,0.156862745098039);
#2548=FILL_AREA_STYLE_COLOUR('',#2547);
#2549=FILL_AREA_STYLE($,(#2548));
#2550=SURFACE_STYLE_FILL_AREA(#2549);
#2551=SURFACE_SIDE_STYLE('',(#2550));
#2552=SURFACE_STYLE_USAGE(.BOTH.,#2551);
#2553=PRESENTATION_STYLE_ASSIGNMENT((#2552));
#2554=STYLED_ITEM('',(#2553),#2546);
#2555=ADVANCED_FACE('',(#7237),#7239,.T.);
#2556=COLOUR_RGB('',0.156862745098039,0.156862745098039,0.156862745098039);
#2557=FILL_AREA_STYLE_COLOUR('',#2556);
#2558=FILL_AREA_STYLE($,(#2557));
#2559=SURFACE_STYLE_FILL_AREA(#2558);
#2560=SURFACE_SIDE_STYLE('',(#2559));
#2561=SURFACE_STYLE_USAGE(.BOTH.,#2560);
#2562=PRESENTATION_STYLE_ASSIGNMENT((#2561));
#2563=STYLED_ITEM('',(#2562),#2555);
#2564=ADVANCED_FACE('',(#7244),#7246,.T.);
#2565=COLOUR_RGB('',0.156862745098039,0.156862745098039,0.156862745098039);
#2566=FILL_AREA_STYLE_COLOUR('',#2565);
#2567=FILL_AREA_STYLE($,(#2566));
#2568=SURFACE_STYLE_FILL_AREA(#2567);
#2569=SURFACE_SIDE_STYLE('',(#2568));
#2570=SURFACE_STYLE_USAGE(.BOTH.,#2569);
#2571=PRESENTATION_STYLE_ASSIGNMENT((#2570));
#2572=STYLED_ITEM('',(#2571),#2564);
#2573=ADVANCED_FACE('',(#7251),#7253,.T.);
#2574=COLOUR_RGB('',0.156862745098039,0.156862745098039,0.156862745098039);
#2575=FILL_AREA_STYLE_COLOUR('',#2574);
#2576=FILL_AREA_STYLE($,(#2575));
#2577=SURFACE_STYLE_FILL_AREA(#2576);
#2578=SURFACE_SIDE_STYLE('',(#2577));
#2579=SURFACE_STYLE_USAGE(.BOTH.,#2578);
#2580=PRESENTATION_STYLE_ASSIGNMENT((#2579));
#2581=STYLED_ITEM('',(#2580),#2573);
#2582=ADVANCED_FACE('',(#7258),#7260,.T.);
#2583=COLOUR_RGB('',0.156862745098039,0.156862745098039,0.156862745098039);
#2584=FILL_AREA_STYLE_COLOUR('',#2583);
#2585=FILL_AREA_STYLE($,(#2584));
#2586=SURFACE_STYLE_FILL_AREA(#2585);
#2587=SURFACE_SIDE_STYLE('',(#2586));
#2588=SURFACE_STYLE_USAGE(.BOTH.,#2587);
#2589=PRESENTATION_STYLE_ASSIGNMENT((#2588));
#2590=STYLED_ITEM('',(#2589),#2582);
#2591=ADVANCED_FACE('',(#7265),#7267,.T.);
#2592=COLOUR_RGB('',0.156862745098039,0.156862745098039,0.156862745098039);
#2593=FILL_AREA_STYLE_COLOUR('',#2592);
#2594=FILL_AREA_STYLE($,(#2593));
#2595=SURFACE_STYLE_FILL_AREA(#2594);
#2596=SURFACE_SIDE_STYLE('',(#2595));
#2597=SURFACE_STYLE_USAGE(.BOTH.,#2596);
#2598=PRESENTATION_STYLE_ASSIGNMENT((#2597));
#2599=STYLED_ITEM('',(#2598),#2591);
#2600=ADVANCED_FACE('',(#7272),#7274,.T.);
#2601=COLOUR_RGB('',0.156862745098039,0.156862745098039,0.156862745098039);
#2602=FILL_AREA_STYLE_COLOUR('',#2601);
#2603=FILL_AREA_STYLE($,(#2602));
#2604=SURFACE_STYLE_FILL_AREA(#2603);
#2605=SURFACE_SIDE_STYLE('',(#2604));
#2606=SURFACE_STYLE_USAGE(.BOTH.,#2605);
#2607=PRESENTATION_STYLE_ASSIGNMENT((#2606));
#2608=STYLED_ITEM('',(#2607),#2600);
#2609=ADVANCED_FACE('',(#7279),#7281,.T.);
#2610=COLOUR_RGB('',0.156862745098039,0.156862745098039,0.156862745098039);
#2611=FILL_AREA_STYLE_COLOUR('',#2610);
#2612=FILL_AREA_STYLE($,(#2611));
#2613=SURFACE_STYLE_FILL_AREA(#2612);
#2614=SURFACE_SIDE_STYLE('',(#2613));
#2615=SURFACE_STYLE_USAGE(.BOTH.,#2614);
#2616=PRESENTATION_STYLE_ASSIGNMENT((#2615));
#2617=STYLED_ITEM('',(#2616),#2609);
#2618=ADVANCED_FACE('',(#7286),#7288,.T.);
#2619=COLOUR_RGB('',0.156862745098039,0.156862745098039,0.156862745098039);
#2620=FILL_AREA_STYLE_COLOUR('',#2619);
#2621=FILL_AREA_STYLE($,(#2620));
#2622=SURFACE_STYLE_FILL_AREA(#2621);
#2623=SURFACE_SIDE_STYLE('',(#2622));
#2624=SURFACE_STYLE_USAGE(.BOTH.,#2623);
#2625=PRESENTATION_STYLE_ASSIGNMENT((#2624));
#2626=STYLED_ITEM('',(#2625),#2618);
#2627=ADVANCED_FACE('',(#7293),#7295,.T.);
#2628=COLOUR_RGB('',0.156862745098039,0.156862745098039,0.156862745098039);
#2629=FILL_AREA_STYLE_COLOUR('',#2628);
#2630=FILL_AREA_STYLE($,(#2629));
#2631=SURFACE_STYLE_FILL_AREA(#2630);
#2632=SURFACE_SIDE_STYLE('',(#2631));
#2633=SURFACE_STYLE_USAGE(.BOTH.,#2632);
#2634=PRESENTATION_STYLE_ASSIGNMENT((#2633));
#2635=STYLED_ITEM('',(#2634),#2627);
#2636=ADVANCED_FACE('',(#7300),#7302,.T.);
#2637=COLOUR_RGB('',0.156862745098039,0.156862745098039,0.156862745098039);
#2638=FILL_AREA_STYLE_COLOUR('',#2637);
#2639=FILL_AREA_STYLE($,(#2638));
#2640=SURFACE_STYLE_FILL_AREA(#2639);
#2641=SURFACE_SIDE_STYLE('',(#2640));
#2642=SURFACE_STYLE_USAGE(.BOTH.,#2641);
#2643=PRESENTATION_STYLE_ASSIGNMENT((#2642));
#2644=STYLED_ITEM('',(#2643),#2636);
#2645=ADVANCED_FACE('',(#7307),#7309,.T.);
#2646=COLOUR_RGB('',0.156862745098039,0.156862745098039,0.156862745098039);
#2647=FILL_AREA_STYLE_COLOUR('',#2646);
#2648=FILL_AREA_STYLE($,(#2647));
#2649=SURFACE_STYLE_FILL_AREA(#2648);
#2650=SURFACE_SIDE_STYLE('',(#2649));
#2651=SURFACE_STYLE_USAGE(.BOTH.,#2650);
#2652=PRESENTATION_STYLE_ASSIGNMENT((#2651));
#2653=STYLED_ITEM('',(#2652),#2645);
#2654=ADVANCED_FACE('',(#7314),#7316,.T.);
#2655=COLOUR_RGB('',0.156862745098039,0.156862745098039,0.156862745098039);
#2656=FILL_AREA_STYLE_COLOUR('',#2655);
#2657=FILL_AREA_STYLE($,(#2656));
#2658=SURFACE_STYLE_FILL_AREA(#2657);
#2659=SURFACE_SIDE_STYLE('',(#2658));
#2660=SURFACE_STYLE_USAGE(.BOTH.,#2659);
#2661=PRESENTATION_STYLE_ASSIGNMENT((#2660));
#2662=STYLED_ITEM('',(#2661),#2654);
#2663=ADVANCED_FACE('',(#7321),#7323,.T.);
#2664=COLOUR_RGB('',0.156862745098039,0.156862745098039,0.156862745098039);
#2665=FILL_AREA_STYLE_COLOUR('',#2664);
#2666=FILL_AREA_STYLE($,(#2665));
#2667=SURFACE_STYLE_FILL_AREA(#2666);
#2668=SURFACE_SIDE_STYLE('',(#2667));
#2669=SURFACE_STYLE_USAGE(.BOTH.,#2668);
#2670=PRESENTATION_STYLE_ASSIGNMENT((#2669));
#2671=STYLED_ITEM('',(#2670),#2663);
#2672=ADVANCED_FACE('',(#7328),#7330,.T.);
#2673=COLOUR_RGB('',0.156862745098039,0.156862745098039,0.156862745098039);
#2674=FILL_AREA_STYLE_COLOUR('',#2673);
#2675=FILL_AREA_STYLE($,(#2674));
#2676=SURFACE_STYLE_FILL_AREA(#2675);
#2677=SURFACE_SIDE_STYLE('',(#2676));
#2678=SURFACE_STYLE_USAGE(.BOTH.,#2677);
#2679=PRESENTATION_STYLE_ASSIGNMENT((#2678));
#2680=STYLED_ITEM('',(#2679),#2672);
#2681=ADVANCED_FACE('',(#7335),#7337,.T.);
#2682=COLOUR_RGB('',0.156862745098039,0.156862745098039,0.156862745098039);
#2683=FILL_AREA_STYLE_COLOUR('',#2682);
#2684=FILL_AREA_STYLE($,(#2683));
#2685=SURFACE_STYLE_FILL_AREA(#2684);
#2686=SURFACE_SIDE_STYLE('',(#2685));
#2687=SURFACE_STYLE_USAGE(.BOTH.,#2686);
#2688=PRESENTATION_STYLE_ASSIGNMENT((#2687));
#2689=STYLED_ITEM('',(#2688),#2681);
#2690=ADVANCED_FACE('',(#7342),#7344,.T.);
#2691=COLOUR_RGB('',0.156862745098039,0.156862745098039,0.156862745098039);
#2692=FILL_AREA_STYLE_COLOUR('',#2691);
#2693=FILL_AREA_STYLE($,(#2692));
#2694=SURFACE_STYLE_FILL_AREA(#2693);
#2695=SURFACE_SIDE_STYLE('',(#2694));
#2696=SURFACE_STYLE_USAGE(.BOTH.,#2695);
#2697=PRESENTATION_STYLE_ASSIGNMENT((#2696));
#2698=STYLED_ITEM('',(#2697),#2690);
#2699=ADVANCED_FACE('',(#7349),#7351,.T.);
#2700=COLOUR_RGB('',0.156862745098039,0.156862745098039,0.156862745098039);
#2701=FILL_AREA_STYLE_COLOUR('',#2700);
#2702=FILL_AREA_STYLE($,(#2701));
#2703=SURFACE_STYLE_FILL_AREA(#2702);
#2704=SURFACE_SIDE_STYLE('',(#2703));
#2705=SURFACE_STYLE_USAGE(.BOTH.,#2704);
#2706=PRESENTATION_STYLE_ASSIGNMENT((#2705));
#2707=STYLED_ITEM('',(#2706),#2699);
#2708=ADVANCED_FACE('',(#7356),#7358,.T.);
#2709=COLOUR_RGB('',0.156862745098039,0.156862745098039,0.156862745098039);
#2710=FILL_AREA_STYLE_COLOUR('',#2709);
#2711=FILL_AREA_STYLE($,(#2710));
#2712=SURFACE_STYLE_FILL_AREA(#2711);
#2713=SURFACE_SIDE_STYLE('',(#2712));
#2714=SURFACE_STYLE_USAGE(.BOTH.,#2713);
#2715=PRESENTATION_STYLE_ASSIGNMENT((#2714));
#2716=STYLED_ITEM('',(#2715),#2708);
#2717=ADVANCED_FACE('',(#7363),#7365,.T.);
#2718=COLOUR_RGB('',0.156862745098039,0.156862745098039,0.156862745098039);
#2719=FILL_AREA_STYLE_COLOUR('',#2718);
#2720=FILL_AREA_STYLE($,(#2719));
#2721=SURFACE_STYLE_FILL_AREA(#2720);
#2722=SURFACE_SIDE_STYLE('',(#2721));
#2723=SURFACE_STYLE_USAGE(.BOTH.,#2722);
#2724=PRESENTATION_STYLE_ASSIGNMENT((#2723));
#2725=STYLED_ITEM('',(#2724),#2717);
#2726=ADVANCED_FACE('',(#7370),#7372,.T.);
#2727=COLOUR_RGB('',0.156862745098039,0.156862745098039,0.156862745098039);
#2728=FILL_AREA_STYLE_COLOUR('',#2727);
#2729=FILL_AREA_STYLE($,(#2728));
#2730=SURFACE_STYLE_FILL_AREA(#2729);
#2731=SURFACE_SIDE_STYLE('',(#2730));
#2732=SURFACE_STYLE_USAGE(.BOTH.,#2731);
#2733=PRESENTATION_STYLE_ASSIGNMENT((#2732));
#2734=STYLED_ITEM('',(#2733),#2726);
#2735=ADVANCED_FACE('',(#7377),#7379,.T.);
#2736=COLOUR_RGB('',0.156862745098039,0.156862745098039,0.156862745098039);
#2737=FILL_AREA_STYLE_COLOUR('',#2736);
#2738=FILL_AREA_STYLE($,(#2737));
#2739=SURFACE_STYLE_FILL_AREA(#2738);
#2740=SURFACE_SIDE_STYLE('',(#2739));
#2741=SURFACE_STYLE_USAGE(.BOTH.,#2740);
#2742=PRESENTATION_STYLE_ASSIGNMENT((#2741));
#2743=STYLED_ITEM('',(#2742),#2735);
#2744=ADVANCED_FACE('',(#7384),#7386,.T.);
#2745=COLOUR_RGB('',0.156862745098039,0.156862745098039,0.156862745098039);
#2746=FILL_AREA_STYLE_COLOUR('',#2745);
#2747=FILL_AREA_STYLE($,(#2746));
#2748=SURFACE_STYLE_FILL_AREA(#2747);
#2749=SURFACE_SIDE_STYLE('',(#2748));
#2750=SURFACE_STYLE_USAGE(.BOTH.,#2749);
#2751=PRESENTATION_STYLE_ASSIGNMENT((#2750));
#2752=STYLED_ITEM('',(#2751),#2744);
#2753=ADVANCED_FACE('',(#7391),#7393,.T.);
#2754=COLOUR_RGB('',0.156862745098039,0.156862745098039,0.156862745098039);
#2755=FILL_AREA_STYLE_COLOUR('',#2754);
#2756=FILL_AREA_STYLE($,(#2755));
#2757=SURFACE_STYLE_FILL_AREA(#2756);
#2758=SURFACE_SIDE_STYLE('',(#2757));
#2759=SURFACE_STYLE_USAGE(.BOTH.,#2758);
#2760=PRESENTATION_STYLE_ASSIGNMENT((#2759));
#2761=STYLED_ITEM('',(#2760),#2753);
#2762=ADVANCED_FACE('',(#7398),#7400,.T.);
#2763=COLOUR_RGB('',0.156862745098039,0.156862745098039,0.156862745098039);
#2764=FILL_AREA_STYLE_COLOUR('',#2763);
#2765=FILL_AREA_STYLE($,(#2764));
#2766=SURFACE_STYLE_FILL_AREA(#2765);
#2767=SURFACE_SIDE_STYLE('',(#2766));
#2768=SURFACE_STYLE_USAGE(.BOTH.,#2767);
#2769=PRESENTATION_STYLE_ASSIGNMENT((#2768));
#2770=STYLED_ITEM('',(#2769),#2762);
#2771=ADVANCED_FACE('',(#7405),#7407,.T.);
#2772=COLOUR_RGB('',0.156862745098039,0.156862745098039,0.156862745098039);
#2773=FILL_AREA_STYLE_COLOUR('',#2772);
#2774=FILL_AREA_STYLE($,(#2773));
#2775=SURFACE_STYLE_FILL_AREA(#2774);
#2776=SURFACE_SIDE_STYLE('',(#2775));
#2777=SURFACE_STYLE_USAGE(.BOTH.,#2776);
#2778=PRESENTATION_STYLE_ASSIGNMENT((#2777));
#2779=STYLED_ITEM('',(#2778),#2771);
#2780=ADVANCED_FACE('',(#7412),#7414,.T.);
#2781=COLOUR_RGB('',0.156862745098039,0.156862745098039,0.156862745098039);
#2782=FILL_AREA_STYLE_COLOUR('',#2781);
#2783=FILL_AREA_STYLE($,(#2782));
#2784=SURFACE_STYLE_FILL_AREA(#2783);
#2785=SURFACE_SIDE_STYLE('',(#2784));
#2786=SURFACE_STYLE_USAGE(.BOTH.,#2785);
#2787=PRESENTATION_STYLE_ASSIGNMENT((#2786));
#2788=STYLED_ITEM('',(#2787),#2780);
#2789=ADVANCED_FACE('',(#7419),#7421,.T.);
#2790=COLOUR_RGB('',0.156862745098039,0.156862745098039,0.156862745098039);
#2791=FILL_AREA_STYLE_COLOUR('',#2790);
#2792=FILL_AREA_STYLE($,(#2791));
#2793=SURFACE_STYLE_FILL_AREA(#2792);
#2794=SURFACE_SIDE_STYLE('',(#2793));
#2795=SURFACE_STYLE_USAGE(.BOTH.,#2794);
#2796=PRESENTATION_STYLE_ASSIGNMENT((#2795));
#2797=STYLED_ITEM('',(#2796),#2789);
#2798=ADVANCED_FACE('',(#7426),#7428,.T.);
#2799=COLOUR_RGB('',0.156862745098039,0.156862745098039,0.156862745098039);
#2800=FILL_AREA_STYLE_COLOUR('',#2799);
#2801=FILL_AREA_STYLE($,(#2800));
#2802=SURFACE_STYLE_FILL_AREA(#2801);
#2803=SURFACE_SIDE_STYLE('',(#2802));
#2804=SURFACE_STYLE_USAGE(.BOTH.,#2803);
#2805=PRESENTATION_STYLE_ASSIGNMENT((#2804));
#2806=STYLED_ITEM('',(#2805),#2798);
#2807=ADVANCED_FACE('',(#7433),#7435,.T.);
#2808=COLOUR_RGB('',0.156862745098039,0.156862745098039,0.156862745098039);
#2809=FILL_AREA_STYLE_COLOUR('',#2808);
#2810=FILL_AREA_STYLE($,(#2809));
#2811=SURFACE_STYLE_FILL_AREA(#2810);
#2812=SURFACE_SIDE_STYLE('',(#2811));
#2813=SURFACE_STYLE_USAGE(.BOTH.,#2812);
#2814=PRESENTATION_STYLE_ASSIGNMENT((#2813));
#2815=STYLED_ITEM('',(#2814),#2807);
#2816=ADVANCED_FACE('',(#7440),#7442,.T.);
#2817=COLOUR_RGB('',0.156862745098039,0.156862745098039,0.156862745098039);
#2818=FILL_AREA_STYLE_COLOUR('',#2817);
#2819=FILL_AREA_STYLE($,(#2818));
#2820=SURFACE_STYLE_FILL_AREA(#2819);
#2821=SURFACE_SIDE_STYLE('',(#2820));
#2822=SURFACE_STYLE_USAGE(.BOTH.,#2821);
#2823=PRESENTATION_STYLE_ASSIGNMENT((#2822));
#2824=STYLED_ITEM('',(#2823),#2816);
#2825=ADVANCED_FACE('',(#7447),#7449,.T.);
#2826=COLOUR_RGB('',0.156862745098039,0.156862745098039,0.156862745098039);
#2827=FILL_AREA_STYLE_COLOUR('',#2826);
#2828=FILL_AREA_STYLE($,(#2827));
#2829=SURFACE_STYLE_FILL_AREA(#2828);
#2830=SURFACE_SIDE_STYLE('',(#2829));
#2831=SURFACE_STYLE_USAGE(.BOTH.,#2830);
#2832=PRESENTATION_STYLE_ASSIGNMENT((#2831));
#2833=STYLED_ITEM('',(#2832),#2825);
#2834=ADVANCED_FACE('',(#7454),#7456,.T.);
#2835=COLOUR_RGB('',0.156862745098039,0.156862745098039,0.156862745098039);
#2836=FILL_AREA_STYLE_COLOUR('',#2835);
#2837=FILL_AREA_STYLE($,(#2836));
#2838=SURFACE_STYLE_FILL_AREA(#2837);
#2839=SURFACE_SIDE_STYLE('',(#2838));
#2840=SURFACE_STYLE_USAGE(.BOTH.,#2839);
#2841=PRESENTATION_STYLE_ASSIGNMENT((#2840));
#2842=STYLED_ITEM('',(#2841),#2834);
#2843=ADVANCED_FACE('',(#7461),#7463,.T.);
#2844=COLOUR_RGB('',0.156862745098039,0.156862745098039,0.156862745098039);
#2845=FILL_AREA_STYLE_COLOUR('',#2844);
#2846=FILL_AREA_STYLE($,(#2845));
#2847=SURFACE_STYLE_FILL_AREA(#2846);
#2848=SURFACE_SIDE_STYLE('',(#2847));
#2849=SURFACE_STYLE_USAGE(.BOTH.,#2848);
#2850=PRESENTATION_STYLE_ASSIGNMENT((#2849));
#2851=STYLED_ITEM('',(#2850),#2843);
#2852=ADVANCED_FACE('',(#7468),#7470,.T.);
#2853=COLOUR_RGB('',0.156862745098039,0.156862745098039,0.156862745098039);
#2854=FILL_AREA_STYLE_COLOUR('',#2853);
#2855=FILL_AREA_STYLE($,(#2854));
#2856=SURFACE_STYLE_FILL_AREA(#2855);
#2857=SURFACE_SIDE_STYLE('',(#2856));
#2858=SURFACE_STYLE_USAGE(.BOTH.,#2857);
#2859=PRESENTATION_STYLE_ASSIGNMENT((#2858));
#2860=STYLED_ITEM('',(#2859),#2852);
#2861=ADVANCED_FACE('',(#7475),#7477,.T.);
#2862=COLOUR_RGB('',0.156862745098039,0.156862745098039,0.156862745098039);
#2863=FILL_AREA_STYLE_COLOUR('',#2862);
#2864=FILL_AREA_STYLE($,(#2863));
#2865=SURFACE_STYLE_FILL_AREA(#2864);
#2866=SURFACE_SIDE_STYLE('',(#2865));
#2867=SURFACE_STYLE_USAGE(.BOTH.,#2866);
#2868=PRESENTATION_STYLE_ASSIGNMENT((#2867));
#2869=STYLED_ITEM('',(#2868),#2861);
#2870=ADVANCED_FACE('',(#7482),#7484,.T.);
#2871=COLOUR_RGB('',0.156862745098039,0.156862745098039,0.156862745098039);
#2872=FILL_AREA_STYLE_COLOUR('',#2871);
#2873=FILL_AREA_STYLE($,(#2872));
#2874=SURFACE_STYLE_FILL_AREA(#2873);
#2875=SURFACE_SIDE_STYLE('',(#2874));
#2876=SURFACE_STYLE_USAGE(.BOTH.,#2875);
#2877=PRESENTATION_STYLE_ASSIGNMENT((#2876));
#2878=STYLED_ITEM('',(#2877),#2870);
#2879=ADVANCED_FACE('',(#7489),#7491,.T.);
#2880=COLOUR_RGB('',0.156862745098039,0.156862745098039,0.156862745098039);
#2881=FILL_AREA_STYLE_COLOUR('',#2880);
#2882=FILL_AREA_STYLE($,(#2881));
#2883=SURFACE_STYLE_FILL_AREA(#2882);
#2884=SURFACE_SIDE_STYLE('',(#2883));
#2885=SURFACE_STYLE_USAGE(.BOTH.,#2884);
#2886=PRESENTATION_STYLE_ASSIGNMENT((#2885));
#2887=STYLED_ITEM('',(#2886),#2879);
#2888=ADVANCED_FACE('',(#7496),#7498,.T.);
#2889=COLOUR_RGB('',0.156862745098039,0.156862745098039,0.156862745098039);
#2890=FILL_AREA_STYLE_COLOUR('',#2889);
#2891=FILL_AREA_STYLE($,(#2890));
#2892=SURFACE_STYLE_FILL_AREA(#2891);
#2893=SURFACE_SIDE_STYLE('',(#2892));
#2894=SURFACE_STYLE_USAGE(.BOTH.,#2893);
#2895=PRESENTATION_STYLE_ASSIGNMENT((#2894));
#2896=STYLED_ITEM('',(#2895),#2888);
#2897=ADVANCED_FACE('',(#7503),#7505,.T.);
#2898=COLOUR_RGB('',0.156862745098039,0.156862745098039,0.156862745098039);
#2899=FILL_AREA_STYLE_COLOUR('',#2898);
#2900=FILL_AREA_STYLE($,(#2899));
#2901=SURFACE_STYLE_FILL_AREA(#2900);
#2902=SURFACE_SIDE_STYLE('',(#2901));
#2903=SURFACE_STYLE_USAGE(.BOTH.,#2902);
#2904=PRESENTATION_STYLE_ASSIGNMENT((#2903));
#2905=STYLED_ITEM('',(#2904),#2897);
#2906=ADVANCED_FACE('',(#7510),#7512,.T.);
#2907=COLOUR_RGB('',0.156862745098039,0.156862745098039,0.156862745098039);
#2908=FILL_AREA_STYLE_COLOUR('',#2907);
#2909=FILL_AREA_STYLE($,(#2908));
#2910=SURFACE_STYLE_FILL_AREA(#2909);
#2911=SURFACE_SIDE_STYLE('',(#2910));
#2912=SURFACE_STYLE_USAGE(.BOTH.,#2911);
#2913=PRESENTATION_STYLE_ASSIGNMENT((#2912));
#2914=STYLED_ITEM('',(#2913),#2906);
#2915=ADVANCED_FACE('',(#7517),#7519,.T.);
#2916=COLOUR_RGB('',0.156862745098039,0.156862745098039,0.156862745098039);
#2917=FILL_AREA_STYLE_COLOUR('',#2916);
#2918=FILL_AREA_STYLE($,(#2917));
#2919=SURFACE_STYLE_FILL_AREA(#2918);
#2920=SURFACE_SIDE_STYLE('',(#2919));
#2921=SURFACE_STYLE_USAGE(.BOTH.,#2920);
#2922=PRESENTATION_STYLE_ASSIGNMENT((#2921));
#2923=STYLED_ITEM('',(#2922),#2915);
#2924=ADVANCED_FACE('',(#7524),#7526,.T.);
#2925=COLOUR_RGB('',0.156862745098039,0.156862745098039,0.156862745098039);
#2926=FILL_AREA_STYLE_COLOUR('',#2925);
#2927=FILL_AREA_STYLE($,(#2926));
#2928=SURFACE_STYLE_FILL_AREA(#2927);
#2929=SURFACE_SIDE_STYLE('',(#2928));
#2930=SURFACE_STYLE_USAGE(.BOTH.,#2929);
#2931=PRESENTATION_STYLE_ASSIGNMENT((#2930));
#2932=STYLED_ITEM('',(#2931),#2924);
#2933=ADVANCED_FACE('',(#7531),#7533,.T.);
#2934=COLOUR_RGB('',0.156862745098039,0.156862745098039,0.156862745098039);
#2935=FILL_AREA_STYLE_COLOUR('',#2934);
#2936=FILL_AREA_STYLE($,(#2935));
#2937=SURFACE_STYLE_FILL_AREA(#2936);
#2938=SURFACE_SIDE_STYLE('',(#2937));
#2939=SURFACE_STYLE_USAGE(.BOTH.,#2938);
#2940=PRESENTATION_STYLE_ASSIGNMENT((#2939));
#2941=STYLED_ITEM('',(#2940),#2933);
#2942=ADVANCED_FACE('',(#7538),#7540,.T.);
#2943=COLOUR_RGB('',0.156862745098039,0.156862745098039,0.156862745098039);
#2944=FILL_AREA_STYLE_COLOUR('',#2943);
#2945=FILL_AREA_STYLE($,(#2944));
#2946=SURFACE_STYLE_FILL_AREA(#2945);
#2947=SURFACE_SIDE_STYLE('',(#2946));
#2948=SURFACE_STYLE_USAGE(.BOTH.,#2947);
#2949=PRESENTATION_STYLE_ASSIGNMENT((#2948));
#2950=STYLED_ITEM('',(#2949),#2942);
#2951=ADVANCED_FACE('',(#7545),#7547,.T.);
#2952=COLOUR_RGB('',0.156862745098039,0.156862745098039,0.156862745098039);
#2953=FILL_AREA_STYLE_COLOUR('',#2952);
#2954=FILL_AREA_STYLE($,(#2953));
#2955=SURFACE_STYLE_FILL_AREA(#2954);
#2956=SURFACE_SIDE_STYLE('',(#2955));
#2957=SURFACE_STYLE_USAGE(.BOTH.,#2956);
#2958=PRESENTATION_STYLE_ASSIGNMENT((#2957));
#2959=STYLED_ITEM('',(#2958),#2951);
#2960=ADVANCED_FACE('',(#7552),#7554,.T.);
#2961=COLOUR_RGB('',0.156862745098039,0.156862745098039,0.156862745098039);
#2962=FILL_AREA_STYLE_COLOUR('',#2961);
#2963=FILL_AREA_STYLE($,(#2962));
#2964=SURFACE_STYLE_FILL_AREA(#2963);
#2965=SURFACE_SIDE_STYLE('',(#2964));
#2966=SURFACE_STYLE_USAGE(.BOTH.,#2965);
#2967=PRESENTATION_STYLE_ASSIGNMENT((#2966));
#2968=STYLED_ITEM('',(#2967),#2960);
#2969=ADVANCED_FACE('',(#7559),#7561,.T.);
#2970=COLOUR_RGB('',0.156862745098039,0.156862745098039,0.156862745098039);
#2971=FILL_AREA_STYLE_COLOUR('',#2970);
#2972=FILL_AREA_STYLE($,(#2971));
#2973=SURFACE_STYLE_FILL_AREA(#2972);
#2974=SURFACE_SIDE_STYLE('',(#2973));
#2975=SURFACE_STYLE_USAGE(.BOTH.,#2974);
#2976=PRESENTATION_STYLE_ASSIGNMENT((#2975));
#2977=STYLED_ITEM('',(#2976),#2969);
#2978=ADVANCED_FACE('',(#7566),#7568,.T.);
#2979=COLOUR_RGB('',0.156862745098039,0.156862745098039,0.156862745098039);
#2980=FILL_AREA_STYLE_COLOUR('',#2979);
#2981=FILL_AREA_STYLE($,(#2980));
#2982=SURFACE_STYLE_FILL_AREA(#2981);
#2983=SURFACE_SIDE_STYLE('',(#2982));
#2984=SURFACE_STYLE_USAGE(.BOTH.,#2983);
#2985=PRESENTATION_STYLE_ASSIGNMENT((#2984));
#2986=STYLED_ITEM('',(#2985),#2978);
#2987=ADVANCED_FACE('',(#7573),#7575,.T.);
#2988=COLOUR_RGB('',0.156862745098039,0.156862745098039,0.156862745098039);
#2989=FILL_AREA_STYLE_COLOUR('',#2988);
#2990=FILL_AREA_STYLE($,(#2989));
#2991=SURFACE_STYLE_FILL_AREA(#2990);
#2992=SURFACE_SIDE_STYLE('',(#2991));
#2993=SURFACE_STYLE_USAGE(.BOTH.,#2992);
#2994=PRESENTATION_STYLE_ASSIGNMENT((#2993));
#2995=STYLED_ITEM('',(#2994),#2987);
#2996=ADVANCED_FACE('',(#7580),#7582,.T.);
#2997=COLOUR_RGB('',0.156862745098039,0.156862745098039,0.156862745098039);
#2998=FILL_AREA_STYLE_COLOUR('',#2997);
#2999=FILL_AREA_STYLE($,(#2998));
#3000=SURFACE_STYLE_FILL_AREA(#2999);
#3001=SURFACE_SIDE_STYLE('',(#3000));
#3002=SURFACE_STYLE_USAGE(.BOTH.,#3001);
#3003=PRESENTATION_STYLE_ASSIGNMENT((#3002));
#3004=STYLED_ITEM('',(#3003),#2996);
#3005=ADVANCED_FACE('',(#7587),#7589,.T.);
#3006=COLOUR_RGB('',0.156862745098039,0.156862745098039,0.156862745098039);
#3007=FILL_AREA_STYLE_COLOUR('',#3006);
#3008=FILL_AREA_STYLE($,(#3007));
#3009=SURFACE_STYLE_FILL_AREA(#3008);
#3010=SURFACE_SIDE_STYLE('',(#3009));
#3011=SURFACE_STYLE_USAGE(.BOTH.,#3010);
#3012=PRESENTATION_STYLE_ASSIGNMENT((#3011));
#3013=STYLED_ITEM('',(#3012),#3005);
#3014=ADVANCED_FACE('',(#7594),#7596,.T.);
#3015=COLOUR_RGB('',0.156862745098039,0.156862745098039,0.156862745098039);
#3016=FILL_AREA_STYLE_COLOUR('',#3015);
#3017=FILL_AREA_STYLE($,(#3016));
#3018=SURFACE_STYLE_FILL_AREA(#3017);
#3019=SURFACE_SIDE_STYLE('',(#3018));
#3020=SURFACE_STYLE_USAGE(.BOTH.,#3019);
#3021=PRESENTATION_STYLE_ASSIGNMENT((#3020));
#3022=STYLED_ITEM('',(#3021),#3014);
#3023=ADVANCED_FACE('',(#7601,#7603),#7605,.F.);
#3024=COLOUR_RGB('',0.156862745098039,0.156862745098039,0.156862745098039);
#3025=FILL_AREA_STYLE_COLOUR('',#3024);
#3026=FILL_AREA_STYLE($,(#3025));
#3027=SURFACE_STYLE_FILL_AREA(#3026);
#3028=SURFACE_SIDE_STYLE('',(#3027));
#3029=SURFACE_STYLE_USAGE(.BOTH.,#3028);
#3030=PRESENTATION_STYLE_ASSIGNMENT((#3029));
#3031=STYLED_ITEM('',(#3030),#3023);
#3032=ADVANCED_FACE('',(#7610,#7612),#7614,.F.);
#3033=COLOUR_RGB('',0.156862745098039,0.156862745098039,0.156862745098039);
#3034=FILL_AREA_STYLE_COLOUR('',#3033);
#3035=FILL_AREA_STYLE($,(#3034));
#3036=SURFACE_STYLE_FILL_AREA(#3035);
#3037=SURFACE_SIDE_STYLE('',(#3036));
#3038=SURFACE_STYLE_USAGE(.BOTH.,#3037);
#3039=PRESENTATION_STYLE_ASSIGNMENT((#3038));
#3040=STYLED_ITEM('',(#3039),#3032);
#3041=ADVANCED_FACE('',(#7619,#7621),#7623,.T.);
#3042=COLOUR_RGB('',0.156862745098039,0.156862745098039,0.156862745098039);
#3043=FILL_AREA_STYLE_COLOUR('',#3042);
#3044=FILL_AREA_STYLE($,(#3043));
#3045=SURFACE_STYLE_FILL_AREA(#3044);
#3046=SURFACE_SIDE_STYLE('',(#3045));
#3047=SURFACE_STYLE_USAGE(.BOTH.,#3046);
#3048=PRESENTATION_STYLE_ASSIGNMENT((#3047));
#3049=STYLED_ITEM('',(#3048),#3041);
#3050=ADVANCED_FACE('',(#7628),#7630,.T.);
#3051=COLOUR_RGB('',0.968627450980392,0.87843137254902,0.6);
#3052=FILL_AREA_STYLE_COLOUR('',#3051);
#3053=FILL_AREA_STYLE($,(#3052));
#3054=SURFACE_STYLE_FILL_AREA(#3053);
#3055=SURFACE_SIDE_STYLE('',(#3054));
#3056=SURFACE_STYLE_USAGE(.BOTH.,#3055);
#3057=PRESENTATION_STYLE_ASSIGNMENT((#3056));
#3058=STYLED_ITEM('',(#3057),#3050);
#3059=ADVANCED_FACE('',(#7635,#7637),#7639,.T.);
#3060=COLOUR_RGB('',0.968627450980392,0.87843137254902,0.6);
#3061=FILL_AREA_STYLE_COLOUR('',#3060);
#3062=FILL_AREA_STYLE($,(#3061));
#3063=SURFACE_STYLE_FILL_AREA(#3062);
#3064=SURFACE_SIDE_STYLE('',(#3063));
#3065=SURFACE_STYLE_USAGE(.BOTH.,#3064);
#3066=PRESENTATION_STYLE_ASSIGNMENT((#3065));
#3067=STYLED_ITEM('',(#3066),#3059);
#3068=ADVANCED_FACE('',(#7644,#7646),#7648,.T.);
#3069=COLOUR_RGB('',0.968627450980392,0.87843137254902,0.6);
#3070=FILL_AREA_STYLE_COLOUR('',#3069);
#3071=FILL_AREA_STYLE($,(#3070));
#3072=SURFACE_STYLE_FILL_AREA(#3071);
#3073=SURFACE_SIDE_STYLE('',(#3072));
#3074=SURFACE_STYLE_USAGE(.BOTH.,#3073);
#3075=PRESENTATION_STYLE_ASSIGNMENT((#3074));
#3076=STYLED_ITEM('',(#3075),#3068);
#3077=ADVANCED_FACE('',(#7653,#7655),#7657,.T.);
#3078=COLOUR_RGB('',0.968627450980392,0.87843137254902,0.6);
#3079=FILL_AREA_STYLE_COLOUR('',#3078);
#3080=FILL_AREA_STYLE($,(#3079));
#3081=SURFACE_STYLE_FILL_AREA(#3080);
#3082=SURFACE_SIDE_STYLE('',(#3081));
#3083=SURFACE_STYLE_USAGE(.BOTH.,#3082);
#3084=PRESENTATION_STYLE_ASSIGNMENT((#3083));
#3085=STYLED_ITEM('',(#3084),#3077);
#3086=ADVANCED_FACE('',(#7662,#7664),#7666,.T.);
#3087=COLOUR_RGB('',0.968627450980392,0.87843137254902,0.6);
#3088=FILL_AREA_STYLE_COLOUR('',#3087);
#3089=FILL_AREA_STYLE($,(#3088));
#3090=SURFACE_STYLE_FILL_AREA(#3089);
#3091=SURFACE_SIDE_STYLE('',(#3090));
#3092=SURFACE_STYLE_USAGE(.BOTH.,#3091);
#3093=PRESENTATION_STYLE_ASSIGNMENT((#3092));
#3094=STYLED_ITEM('',(#3093),#3086);
#3095=ADVANCED_FACE('',(#7671,#7673),#7675,.T.);
#3096=COLOUR_RGB('',0.968627450980392,0.87843137254902,0.6);
#3097=FILL_AREA_STYLE_COLOUR('',#3096);
#3098=FILL_AREA_STYLE($,(#3097));
#3099=SURFACE_STYLE_FILL_AREA(#3098);
#3100=SURFACE_SIDE_STYLE('',(#3099));
#3101=SURFACE_STYLE_USAGE(.BOTH.,#3100);
#3102=PRESENTATION_STYLE_ASSIGNMENT((#3101));
#3103=STYLED_ITEM('',(#3102),#3095);
#3104=ADVANCED_FACE('',(#7680,#7682),#7684,.T.);
#3105=COLOUR_RGB('',0.968627450980392,0.87843137254902,0.6);
#3106=FILL_AREA_STYLE_COLOUR('',#3105);
#3107=FILL_AREA_STYLE($,(#3106));
#3108=SURFACE_STYLE_FILL_AREA(#3107);
#3109=SURFACE_SIDE_STYLE('',(#3108));
#3110=SURFACE_STYLE_USAGE(.BOTH.,#3109);
#3111=PRESENTATION_STYLE_ASSIGNMENT((#3110));
#3112=STYLED_ITEM('',(#3111),#3104);
#3113=ADVANCED_FACE('',(#7689,#7691),#7693,.T.);
#3114=COLOUR_RGB('',0.968627450980392,0.87843137254902,0.6);
#3115=FILL_AREA_STYLE_COLOUR('',#3114);
#3116=FILL_AREA_STYLE($,(#3115));
#3117=SURFACE_STYLE_FILL_AREA(#3116);
#3118=SURFACE_SIDE_STYLE('',(#3117));
#3119=SURFACE_STYLE_USAGE(.BOTH.,#3118);
#3120=PRESENTATION_STYLE_ASSIGNMENT((#3119));
#3121=STYLED_ITEM('',(#3120),#3113);
#3122=ADVANCED_FACE('',(#7698),#7700,.T.);
#3123=COLOUR_RGB('',0.968627450980392,0.87843137254902,0.6);
#3124=FILL_AREA_STYLE_COLOUR('',#3123);
#3125=FILL_AREA_STYLE($,(#3124));
#3126=SURFACE_STYLE_FILL_AREA(#3125);
#3127=SURFACE_SIDE_STYLE('',(#3126));
#3128=SURFACE_STYLE_USAGE(.BOTH.,#3127);
#3129=PRESENTATION_STYLE_ASSIGNMENT((#3128));
#3130=STYLED_ITEM('',(#3129),#3122);
#3131=ADVANCED_FACE('',(#7705),#7707,.T.);
#3132=COLOUR_RGB('',0.968627450980392,0.87843137254902,0.6);
#3133=FILL_AREA_STYLE_COLOUR('',#3132);
#3134=FILL_AREA_STYLE($,(#3133));
#3135=SURFACE_STYLE_FILL_AREA(#3134);
#3136=SURFACE_SIDE_STYLE('',(#3135));
#3137=SURFACE_STYLE_USAGE(.BOTH.,#3136);
#3138=PRESENTATION_STYLE_ASSIGNMENT((#3137));
#3139=STYLED_ITEM('',(#3138),#3131);
#3140=ADVANCED_FACE('',(#7712,#7714),#7716,.T.);
#3141=COLOUR_RGB('',0.968627450980392,0.87843137254902,0.6);
#3142=FILL_AREA_STYLE_COLOUR('',#3141);
#3143=FILL_AREA_STYLE($,(#3142));
#3144=SURFACE_STYLE_FILL_AREA(#3143);
#3145=SURFACE_SIDE_STYLE('',(#3144));
#3146=SURFACE_STYLE_USAGE(.BOTH.,#3145);
#3147=PRESENTATION_STYLE_ASSIGNMENT((#3146));
#3148=STYLED_ITEM('',(#3147),#3140);
#3149=ADVANCED_FACE('',(#7721,#7723),#7725,.T.);
#3150=COLOUR_RGB('',0.968627450980392,0.87843137254902,0.6);
#3151=FILL_AREA_STYLE_COLOUR('',#3150);
#3152=FILL_AREA_STYLE($,(#3151));
#3153=SURFACE_STYLE_FILL_AREA(#3152);
#3154=SURFACE_SIDE_STYLE('',(#3153));
#3155=SURFACE_STYLE_USAGE(.BOTH.,#3154);
#3156=PRESENTATION_STYLE_ASSIGNMENT((#3155));
#3157=STYLED_ITEM('',(#3156),#3149);
#3158=ADVANCED_FACE('',(#7730,#7732),#7734,.T.);
#3159=COLOUR_RGB('',0.968627450980392,0.87843137254902,0.6);
#3160=FILL_AREA_STYLE_COLOUR('',#3159);
#3161=FILL_AREA_STYLE($,(#3160));
#3162=SURFACE_STYLE_FILL_AREA(#3161);
#3163=SURFACE_SIDE_STYLE('',(#3162));
#3164=SURFACE_STYLE_USAGE(.BOTH.,#3163);
#3165=PRESENTATION_STYLE_ASSIGNMENT((#3164));
#3166=STYLED_ITEM('',(#3165),#3158);
#3167=ADVANCED_FACE('',(#7739,#7741),#7743,.T.);
#3168=COLOUR_RGB('',0.968627450980392,0.87843137254902,0.6);
#3169=FILL_AREA_STYLE_COLOUR('',#3168);
#3170=FILL_AREA_STYLE($,(#3169));
#3171=SURFACE_STYLE_FILL_AREA(#3170);
#3172=SURFACE_SIDE_STYLE('',(#3171));
#3173=SURFACE_STYLE_USAGE(.BOTH.,#3172);
#3174=PRESENTATION_STYLE_ASSIGNMENT((#3173));
#3175=STYLED_ITEM('',(#3174),#3167);
#3176=ADVANCED_FACE('',(#7748,#7750),#7752,.T.);
#3177=COLOUR_RGB('',0.968627450980392,0.87843137254902,0.6);
#3178=FILL_AREA_STYLE_COLOUR('',#3177);
#3179=FILL_AREA_STYLE($,(#3178));
#3180=SURFACE_STYLE_FILL_AREA(#3179);
#3181=SURFACE_SIDE_STYLE('',(#3180));
#3182=SURFACE_STYLE_USAGE(.BOTH.,#3181);
#3183=PRESENTATION_STYLE_ASSIGNMENT((#3182));
#3184=STYLED_ITEM('',(#3183),#3176);
#3185=ADVANCED_FACE('',(#7757,#7759),#7761,.T.);
#3186=COLOUR_RGB('',0.968627450980392,0.87843137254902,0.6);
#3187=FILL_AREA_STYLE_COLOUR('',#3186);
#3188=FILL_AREA_STYLE($,(#3187));
#3189=SURFACE_STYLE_FILL_AREA(#3188);
#3190=SURFACE_SIDE_STYLE('',(#3189));
#3191=SURFACE_STYLE_USAGE(.BOTH.,#3190);
#3192=PRESENTATION_STYLE_ASSIGNMENT((#3191));
#3193=STYLED_ITEM('',(#3192),#3185);
#3194=ADVANCED_FACE('',(#7766,#7768),#7770,.T.);
#3195=COLOUR_RGB('',0.968627450980392,0.87843137254902,0.6);
#3196=FILL_AREA_STYLE_COLOUR('',#3195);
#3197=FILL_AREA_STYLE($,(#3196));
#3198=SURFACE_STYLE_FILL_AREA(#3197);
#3199=SURFACE_SIDE_STYLE('',(#3198));
#3200=SURFACE_STYLE_USAGE(.BOTH.,#3199);
#3201=PRESENTATION_STYLE_ASSIGNMENT((#3200));
#3202=STYLED_ITEM('',(#3201),#3194);
#3203=ADVANCED_FACE('',(#7775),#7777,.T.);
#3204=COLOUR_RGB('',0.968627450980392,0.87843137254902,0.6);
#3205=FILL_AREA_STYLE_COLOUR('',#3204);
#3206=FILL_AREA_STYLE($,(#3205));
#3207=SURFACE_STYLE_FILL_AREA(#3206);
#3208=SURFACE_SIDE_STYLE('',(#3207));
#3209=SURFACE_STYLE_USAGE(.BOTH.,#3208);
#3210=PRESENTATION_STYLE_ASSIGNMENT((#3209));
#3211=STYLED_ITEM('',(#3210),#3203);
#3212=ADVANCED_FACE('',(#7782),#7784,.T.);
#3213=COLOUR_RGB('',0.968627450980392,0.87843137254902,0.6);
#3214=FILL_AREA_STYLE_COLOUR('',#3213);
#3215=FILL_AREA_STYLE($,(#3214));
#3216=SURFACE_STYLE_FILL_AREA(#3215);
#3217=SURFACE_SIDE_STYLE('',(#3216));
#3218=SURFACE_STYLE_USAGE(.BOTH.,#3217);
#3219=PRESENTATION_STYLE_ASSIGNMENT((#3218));
#3220=STYLED_ITEM('',(#3219),#3212);
#3221=ADVANCED_FACE('',(#7789,#7791),#7793,.T.);
#3222=COLOUR_RGB('',0.968627450980392,0.87843137254902,0.6);
#3223=FILL_AREA_STYLE_COLOUR('',#3222);
#3224=FILL_AREA_STYLE($,(#3223));
#3225=SURFACE_STYLE_FILL_AREA(#3224);
#3226=SURFACE_SIDE_STYLE('',(#3225));
#3227=SURFACE_STYLE_USAGE(.BOTH.,#3226);
#3228=PRESENTATION_STYLE_ASSIGNMENT((#3227));
#3229=STYLED_ITEM('',(#3228),#3221);
#3230=ADVANCED_FACE('',(#7798,#7800),#7802,.T.);
#3231=COLOUR_RGB('',0.968627450980392,0.87843137254902,0.6);
#3232=FILL_AREA_STYLE_COLOUR('',#3231);
#3233=FILL_AREA_STYLE($,(#3232));
#3234=SURFACE_STYLE_FILL_AREA(#3233);
#3235=SURFACE_SIDE_STYLE('',(#3234));
#3236=SURFACE_STYLE_USAGE(.BOTH.,#3235);
#3237=PRESENTATION_STYLE_ASSIGNMENT((#3236));
#3238=STYLED_ITEM('',(#3237),#3230);
#3239=ADVANCED_FACE('',(#7807,#7809),#7811,.T.);
#3240=COLOUR_RGB('',0.968627450980392,0.87843137254902,0.6);
#3241=FILL_AREA_STYLE_COLOUR('',#3240);
#3242=FILL_AREA_STYLE($,(#3241));
#3243=SURFACE_STYLE_FILL_AREA(#3242);
#3244=SURFACE_SIDE_STYLE('',(#3243));
#3245=SURFACE_STYLE_USAGE(.BOTH.,#3244);
#3246=PRESENTATION_STYLE_ASSIGNMENT((#3245));
#3247=STYLED_ITEM('',(#3246),#3239);
#3248=ADVANCED_FACE('',(#7816,#7818),#7820,.T.);
#3249=COLOUR_RGB('',0.968627450980392,0.87843137254902,0.6);
#3250=FILL_AREA_STYLE_COLOUR('',#3249);
#3251=FILL_AREA_STYLE($,(#3250));
#3252=SURFACE_STYLE_FILL_AREA(#3251);
#3253=SURFACE_SIDE_STYLE('',(#3252));
#3254=SURFACE_STYLE_USAGE(.BOTH.,#3253);
#3255=PRESENTATION_STYLE_ASSIGNMENT((#3254));
#3256=STYLED_ITEM('',(#3255),#3248);
#3257=ADVANCED_FACE('',(#7825,#7827),#7829,.T.);
#3258=COLOUR_RGB('',0.968627450980392,0.87843137254902,0.6);
#3259=FILL_AREA_STYLE_COLOUR('',#3258);
#3260=FILL_AREA_STYLE($,(#3259));
#3261=SURFACE_STYLE_FILL_AREA(#3260);
#3262=SURFACE_SIDE_STYLE('',(#3261));
#3263=SURFACE_STYLE_USAGE(.BOTH.,#3262);
#3264=PRESENTATION_STYLE_ASSIGNMENT((#3263));
#3265=STYLED_ITEM('',(#3264),#3257);
#3266=ADVANCED_FACE('',(#7834,#7836),#7838,.T.);
#3267=COLOUR_RGB('',0.968627450980392,0.87843137254902,0.6);
#3268=FILL_AREA_STYLE_COLOUR('',#3267);
#3269=FILL_AREA_STYLE($,(#3268));
#3270=SURFACE_STYLE_FILL_AREA(#3269);
#3271=SURFACE_SIDE_STYLE('',(#3270));
#3272=SURFACE_STYLE_USAGE(.BOTH.,#3271);
#3273=PRESENTATION_STYLE_ASSIGNMENT((#3272));
#3274=STYLED_ITEM('',(#3273),#3266);
#3275=ADVANCED_FACE('',(#7843,#7845),#7847,.T.);
#3276=COLOUR_RGB('',0.968627450980392,0.87843137254902,0.6);
#3277=FILL_AREA_STYLE_COLOUR('',#3276);
#3278=FILL_AREA_STYLE($,(#3277));
#3279=SURFACE_STYLE_FILL_AREA(#3278);
#3280=SURFACE_SIDE_STYLE('',(#3279));
#3281=SURFACE_STYLE_USAGE(.BOTH.,#3280);
#3282=PRESENTATION_STYLE_ASSIGNMENT((#3281));
#3283=STYLED_ITEM('',(#3282),#3275);
#3284=ADVANCED_FACE('',(#7852),#7854,.T.);
#3285=COLOUR_RGB('',0.968627450980392,0.87843137254902,0.6);
#3286=FILL_AREA_STYLE_COLOUR('',#3285);
#3287=FILL_AREA_STYLE($,(#3286));
#3288=SURFACE_STYLE_FILL_AREA(#3287);
#3289=SURFACE_SIDE_STYLE('',(#3288));
#3290=SURFACE_STYLE_USAGE(.BOTH.,#3289);
#3291=PRESENTATION_STYLE_ASSIGNMENT((#3290));
#3292=STYLED_ITEM('',(#3291),#3284);
#3293=ADVANCED_FACE('',(#7859),#7861,.T.);
#3294=COLOUR_RGB('',0.968627450980392,0.87843137254902,0.6);
#3295=FILL_AREA_STYLE_COLOUR('',#3294);
#3296=FILL_AREA_STYLE($,(#3295));
#3297=SURFACE_STYLE_FILL_AREA(#3296);
#3298=SURFACE_SIDE_STYLE('',(#3297));
#3299=SURFACE_STYLE_USAGE(.BOTH.,#3298);
#3300=PRESENTATION_STYLE_ASSIGNMENT((#3299));
#3301=STYLED_ITEM('',(#3300),#3293);
#3302=ADVANCED_FACE('',(#7866,#7868),#7870,.T.);
#3303=COLOUR_RGB('',0.968627450980392,0.87843137254902,0.6);
#3304=FILL_AREA_STYLE_COLOUR('',#3303);
#3305=FILL_AREA_STYLE($,(#3304));
#3306=SURFACE_STYLE_FILL_AREA(#3305);
#3307=SURFACE_SIDE_STYLE('',(#3306));
#3308=SURFACE_STYLE_USAGE(.BOTH.,#3307);
#3309=PRESENTATION_STYLE_ASSIGNMENT((#3308));
#3310=STYLED_ITEM('',(#3309),#3302);
#3311=ADVANCED_FACE('',(#7875,#7877),#7879,.T.);
#3312=COLOUR_RGB('',0.968627450980392,0.87843137254902,0.6);
#3313=FILL_AREA_STYLE_COLOUR('',#3312);
#3314=FILL_AREA_STYLE($,(#3313));
#3315=SURFACE_STYLE_FILL_AREA(#3314);
#3316=SURFACE_SIDE_STYLE('',(#3315));
#3317=SURFACE_STYLE_USAGE(.BOTH.,#3316);
#3318=PRESENTATION_STYLE_ASSIGNMENT((#3317));
#3319=STYLED_ITEM('',(#3318),#3311);
#3320=ADVANCED_FACE('',(#7884,#7886),#7888,.T.);
#3321=COLOUR_RGB('',0.968627450980392,0.87843137254902,0.6);
#3322=FILL_AREA_STYLE_COLOUR('',#3321);
#3323=FILL_AREA_STYLE($,(#3322));
#3324=SURFACE_STYLE_FILL_AREA(#3323);
#3325=SURFACE_SIDE_STYLE('',(#3324));
#3326=SURFACE_STYLE_USAGE(.BOTH.,#3325);
#3327=PRESENTATION_STYLE_ASSIGNMENT((#3326));
#3328=STYLED_ITEM('',(#3327),#3320);
#3329=ADVANCED_FACE('',(#7893,#7895),#7897,.T.);
#3330=COLOUR_RGB('',0.968627450980392,0.87843137254902,0.6);
#3331=FILL_AREA_STYLE_COLOUR('',#3330);
#3332=FILL_AREA_STYLE($,(#3331));
#3333=SURFACE_STYLE_FILL_AREA(#3332);
#3334=SURFACE_SIDE_STYLE('',(#3333));
#3335=SURFACE_STYLE_USAGE(.BOTH.,#3334);
#3336=PRESENTATION_STYLE_ASSIGNMENT((#3335));
#3337=STYLED_ITEM('',(#3336),#3329);
#3338=ADVANCED_FACE('',(#7902,#7904),#7906,.T.);
#3339=COLOUR_RGB('',0.968627450980392,0.87843137254902,0.6);
#3340=FILL_AREA_STYLE_COLOUR('',#3339);
#3341=FILL_AREA_STYLE($,(#3340));
#3342=SURFACE_STYLE_FILL_AREA(#3341);
#3343=SURFACE_SIDE_STYLE('',(#3342));
#3344=SURFACE_STYLE_USAGE(.BOTH.,#3343);
#3345=PRESENTATION_STYLE_ASSIGNMENT((#3344));
#3346=STYLED_ITEM('',(#3345),#3338);
#3347=ADVANCED_FACE('',(#7911,#7913),#7915,.T.);
#3348=COLOUR_RGB('',0.968627450980392,0.87843137254902,0.6);
#3349=FILL_AREA_STYLE_COLOUR('',#3348);
#3350=FILL_AREA_STYLE($,(#3349));
#3351=SURFACE_STYLE_FILL_AREA(#3350);
#3352=SURFACE_SIDE_STYLE('',(#3351));
#3353=SURFACE_STYLE_USAGE(.BOTH.,#3352);
#3354=PRESENTATION_STYLE_ASSIGNMENT((#3353));
#3355=STYLED_ITEM('',(#3354),#3347);
#3356=ADVANCED_FACE('',(#7920,#7922),#7924,.T.);
#3357=COLOUR_RGB('',0.968627450980392,0.87843137254902,0.6);
#3358=FILL_AREA_STYLE_COLOUR('',#3357);
#3359=FILL_AREA_STYLE($,(#3358));
#3360=SURFACE_STYLE_FILL_AREA(#3359);
#3361=SURFACE_SIDE_STYLE('',(#3360));
#3362=SURFACE_STYLE_USAGE(.BOTH.,#3361);
#3363=PRESENTATION_STYLE_ASSIGNMENT((#3362));
#3364=STYLED_ITEM('',(#3363),#3356);
#3365=ADVANCED_FACE('',(#7929),#7931,.T.);
#3366=COLOUR_RGB('',0.968627450980392,0.87843137254902,0.6);
#3367=FILL_AREA_STYLE_COLOUR('',#3366);
#3368=FILL_AREA_STYLE($,(#3367));
#3369=SURFACE_STYLE_FILL_AREA(#3368);
#3370=SURFACE_SIDE_STYLE('',(#3369));
#3371=SURFACE_STYLE_USAGE(.BOTH.,#3370);
#3372=PRESENTATION_STYLE_ASSIGNMENT((#3371));
#3373=STYLED_ITEM('',(#3372),#3365);
#3374=ADVANCED_FACE('',(#7936),#7938,.T.);
#3375=COLOUR_RGB('',0.968627450980392,0.87843137254902,0.6);
#3376=FILL_AREA_STYLE_COLOUR('',#3375);
#3377=FILL_AREA_STYLE($,(#3376));
#3378=SURFACE_STYLE_FILL_AREA(#3377);
#3379=SURFACE_SIDE_STYLE('',(#3378));
#3380=SURFACE_STYLE_USAGE(.BOTH.,#3379);
#3381=PRESENTATION_STYLE_ASSIGNMENT((#3380));
#3382=STYLED_ITEM('',(#3381),#3374);
#3383=ADVANCED_FACE('',(#7943,#7945),#7947,.T.);
#3384=COLOUR_RGB('',0.968627450980392,0.87843137254902,0.6);
#3385=FILL_AREA_STYLE_COLOUR('',#3384);
#3386=FILL_AREA_STYLE($,(#3385));
#3387=SURFACE_STYLE_FILL_AREA(#3386);
#3388=SURFACE_SIDE_STYLE('',(#3387));
#3389=SURFACE_STYLE_USAGE(.BOTH.,#3388);
#3390=PRESENTATION_STYLE_ASSIGNMENT((#3389));
#3391=STYLED_ITEM('',(#3390),#3383);
#3392=ADVANCED_FACE('',(#7952,#7954),#7956,.T.);
#3393=COLOUR_RGB('',0.968627450980392,0.87843137254902,0.6);
#3394=FILL_AREA_STYLE_COLOUR('',#3393);
#3395=FILL_AREA_STYLE($,(#3394));
#3396=SURFACE_STYLE_FILL_AREA(#3395);
#3397=SURFACE_SIDE_STYLE('',(#3396));
#3398=SURFACE_STYLE_USAGE(.BOTH.,#3397);
#3399=PRESENTATION_STYLE_ASSIGNMENT((#3398));
#3400=STYLED_ITEM('',(#3399),#3392);
#3401=ADVANCED_FACE('',(#7961,#7963),#7965,.T.);
#3402=COLOUR_RGB('',0.968627450980392,0.87843137254902,0.6);
#3403=FILL_AREA_STYLE_COLOUR('',#3402);
#3404=FILL_AREA_STYLE($,(#3403));
#3405=SURFACE_STYLE_FILL_AREA(#3404);
#3406=SURFACE_SIDE_STYLE('',(#3405));
#3407=SURFACE_STYLE_USAGE(.BOTH.,#3406);
#3408=PRESENTATION_STYLE_ASSIGNMENT((#3407));
#3409=STYLED_ITEM('',(#3408),#3401);
#3410=ADVANCED_FACE('',(#7970,#7972),#7974,.T.);
#3411=COLOUR_RGB('',0.968627450980392,0.87843137254902,0.6);
#3412=FILL_AREA_STYLE_COLOUR('',#3411);
#3413=FILL_AREA_STYLE($,(#3412));
#3414=SURFACE_STYLE_FILL_AREA(#3413);
#3415=SURFACE_SIDE_STYLE('',(#3414));
#3416=SURFACE_STYLE_USAGE(.BOTH.,#3415);
#3417=PRESENTATION_STYLE_ASSIGNMENT((#3416));
#3418=STYLED_ITEM('',(#3417),#3410);
#3419=ADVANCED_FACE('',(#7979,#7981),#7983,.T.);
#3420=COLOUR_RGB('',0.968627450980392,0.87843137254902,0.6);
#3421=FILL_AREA_STYLE_COLOUR('',#3420);
#3422=FILL_AREA_STYLE($,(#3421));
#3423=SURFACE_STYLE_FILL_AREA(#3422);
#3424=SURFACE_SIDE_STYLE('',(#3423));
#3425=SURFACE_STYLE_USAGE(.BOTH.,#3424);
#3426=PRESENTATION_STYLE_ASSIGNMENT((#3425));
#3427=STYLED_ITEM('',(#3426),#3419);
#3428=ADVANCED_FACE('',(#7988,#7990),#7992,.T.);
#3429=COLOUR_RGB('',0.968627450980392,0.87843137254902,0.6);
#3430=FILL_AREA_STYLE_COLOUR('',#3429);
#3431=FILL_AREA_STYLE($,(#3430));
#3432=SURFACE_STYLE_FILL_AREA(#3431);
#3433=SURFACE_SIDE_STYLE('',(#3432));
#3434=SURFACE_STYLE_USAGE(.BOTH.,#3433);
#3435=PRESENTATION_STYLE_ASSIGNMENT((#3434));
#3436=STYLED_ITEM('',(#3435),#3428);
#3437=ADVANCED_FACE('',(#7997,#7999),#8001,.T.);
#3438=COLOUR_RGB('',0.968627450980392,0.87843137254902,0.6);
#3439=FILL_AREA_STYLE_COLOUR('',#3438);
#3440=FILL_AREA_STYLE($,(#3439));
#3441=SURFACE_STYLE_FILL_AREA(#3440);
#3442=SURFACE_SIDE_STYLE('',(#3441));
#3443=SURFACE_STYLE_USAGE(.BOTH.,#3442);
#3444=PRESENTATION_STYLE_ASSIGNMENT((#3443));
#3445=STYLED_ITEM('',(#3444),#3437);
#3446=ADVANCED_FACE('',(#8006),#8008,.T.);
#3447=COLOUR_RGB('',0.968627450980392,0.87843137254902,0.6);
#3448=FILL_AREA_STYLE_COLOUR('',#3447);
#3449=FILL_AREA_STYLE($,(#3448));
#3450=SURFACE_STYLE_FILL_AREA(#3449);
#3451=SURFACE_SIDE_STYLE('',(#3450));
#3452=SURFACE_STYLE_USAGE(.BOTH.,#3451);
#3453=PRESENTATION_STYLE_ASSIGNMENT((#3452));
#3454=STYLED_ITEM('',(#3453),#3446);
#3455=ADVANCED_FACE('',(#8013),#8015,.T.);
#3456=COLOUR_RGB('',0.968627450980392,0.87843137254902,0.6);
#3457=FILL_AREA_STYLE_COLOUR('',#3456);
#3458=FILL_AREA_STYLE($,(#3457));
#3459=SURFACE_STYLE_FILL_AREA(#3458);
#3460=SURFACE_SIDE_STYLE('',(#3459));
#3461=SURFACE_STYLE_USAGE(.BOTH.,#3460);
#3462=PRESENTATION_STYLE_ASSIGNMENT((#3461));
#3463=STYLED_ITEM('',(#3462),#3455);
#3464=ADVANCED_FACE('',(#8020,#8022),#8024,.T.);
#3465=COLOUR_RGB('',0.968627450980392,0.87843137254902,0.6);
#3466=FILL_AREA_STYLE_COLOUR('',#3465);
#3467=FILL_AREA_STYLE($,(#3466));
#3468=SURFACE_STYLE_FILL_AREA(#3467);
#3469=SURFACE_SIDE_STYLE('',(#3468));
#3470=SURFACE_STYLE_USAGE(.BOTH.,#3469);
#3471=PRESENTATION_STYLE_ASSIGNMENT((#3470));
#3472=STYLED_ITEM('',(#3471),#3464);
#3473=ADVANCED_FACE('',(#8029,#8031),#8033,.T.);
#3474=COLOUR_RGB('',0.968627450980392,0.87843137254902,0.6);
#3475=FILL_AREA_STYLE_COLOUR('',#3474);
#3476=FILL_AREA_STYLE($,(#3475));
#3477=SURFACE_STYLE_FILL_AREA(#3476);
#3478=SURFACE_SIDE_STYLE('',(#3477));
#3479=SURFACE_STYLE_USAGE(.BOTH.,#3478);
#3480=PRESENTATION_STYLE_ASSIGNMENT((#3479));
#3481=STYLED_ITEM('',(#3480),#3473);
#3482=ADVANCED_FACE('',(#8038,#8040),#8042,.T.);
#3483=COLOUR_RGB('',0.968627450980392,0.87843137254902,0.6);
#3484=FILL_AREA_STYLE_COLOUR('',#3483);
#3485=FILL_AREA_STYLE($,(#3484));
#3486=SURFACE_STYLE_FILL_AREA(#3485);
#3487=SURFACE_SIDE_STYLE('',(#3486));
#3488=SURFACE_STYLE_USAGE(.BOTH.,#3487);
#3489=PRESENTATION_STYLE_ASSIGNMENT((#3488));
#3490=STYLED_ITEM('',(#3489),#3482);
#3491=ADVANCED_FACE('',(#8047,#8049),#8051,.T.);
#3492=COLOUR_RGB('',0.968627450980392,0.87843137254902,0.6);
#3493=FILL_AREA_STYLE_COLOUR('',#3492);
#3494=FILL_AREA_STYLE($,(#3493));
#3495=SURFACE_STYLE_FILL_AREA(#3494);
#3496=SURFACE_SIDE_STYLE('',(#3495));
#3497=SURFACE_STYLE_USAGE(.BOTH.,#3496);
#3498=PRESENTATION_STYLE_ASSIGNMENT((#3497));
#3499=STYLED_ITEM('',(#3498),#3491);
#3500=ADVANCED_FACE('',(#8056,#8058),#8060,.T.);
#3501=COLOUR_RGB('',0.968627450980392,0.87843137254902,0.6);
#3502=FILL_AREA_STYLE_COLOUR('',#3501);
#3503=FILL_AREA_STYLE($,(#3502));
#3504=SURFACE_STYLE_FILL_AREA(#3503);
#3505=SURFACE_SIDE_STYLE('',(#3504));
#3506=SURFACE_STYLE_USAGE(.BOTH.,#3505);
#3507=PRESENTATION_STYLE_ASSIGNMENT((#3506));
#3508=STYLED_ITEM('',(#3507),#3500);
#3509=ADVANCED_FACE('',(#8065,#8067),#8069,.T.);
#3510=COLOUR_RGB('',0.968627450980392,0.87843137254902,0.6);
#3511=FILL_AREA_STYLE_COLOUR('',#3510);
#3512=FILL_AREA_STYLE($,(#3511));
#3513=SURFACE_STYLE_FILL_AREA(#3512);
#3514=SURFACE_SIDE_STYLE('',(#3513));
#3515=SURFACE_STYLE_USAGE(.BOTH.,#3514);
#3516=PRESENTATION_STYLE_ASSIGNMENT((#3515));
#3517=STYLED_ITEM('',(#3516),#3509);
#3518=ADVANCED_FACE('',(#8074,#8076),#8078,.T.);
#3519=COLOUR_RGB('',0.968627450980392,0.87843137254902,0.6);
#3520=FILL_AREA_STYLE_COLOUR('',#3519);
#3521=FILL_AREA_STYLE($,(#3520));
#3522=SURFACE_STYLE_FILL_AREA(#3521);
#3523=SURFACE_SIDE_STYLE('',(#3522));
#3524=SURFACE_STYLE_USAGE(.BOTH.,#3523);
#3525=PRESENTATION_STYLE_ASSIGNMENT((#3524));
#3526=STYLED_ITEM('',(#3525),#3518);
#3527=ADVANCED_FACE('',(#8083),#8085,.T.);
#3528=COLOUR_RGB('',0.968627450980392,0.87843137254902,0.6);
#3529=FILL_AREA_STYLE_COLOUR('',#3528);
#3530=FILL_AREA_STYLE($,(#3529));
#3531=SURFACE_STYLE_FILL_AREA(#3530);
#3532=SURFACE_SIDE_STYLE('',(#3531));
#3533=SURFACE_STYLE_USAGE(.BOTH.,#3532);
#3534=PRESENTATION_STYLE_ASSIGNMENT((#3533));
#3535=STYLED_ITEM('',(#3534),#3527);
#3536=ADVANCED_FACE('',(#8090),#8092,.T.);
#3537=COLOUR_RGB('',0.968627450980392,0.87843137254902,0.6);
#3538=FILL_AREA_STYLE_COLOUR('',#3537);
#3539=FILL_AREA_STYLE($,(#3538));
#3540=SURFACE_STYLE_FILL_AREA(#3539);
#3541=SURFACE_SIDE_STYLE('',(#3540));
#3542=SURFACE_STYLE_USAGE(.BOTH.,#3541);
#3543=PRESENTATION_STYLE_ASSIGNMENT((#3542));
#3544=STYLED_ITEM('',(#3543),#3536);
#3545=ADVANCED_FACE('',(#8097,#8099),#8101,.T.);
#3546=COLOUR_RGB('',0.968627450980392,0.87843137254902,0.6);
#3547=FILL_AREA_STYLE_COLOUR('',#3546);
#3548=FILL_AREA_STYLE($,(#3547));
#3549=SURFACE_STYLE_FILL_AREA(#3548);
#3550=SURFACE_SIDE_STYLE('',(#3549));
#3551=SURFACE_STYLE_USAGE(.BOTH.,#3550);
#3552=PRESENTATION_STYLE_ASSIGNMENT((#3551));
#3553=STYLED_ITEM('',(#3552),#3545);
#3554=ADVANCED_FACE('',(#8106,#8108),#8110,.T.);
#3555=COLOUR_RGB('',0.968627450980392,0.87843137254902,0.6);
#3556=FILL_AREA_STYLE_COLOUR('',#3555);
#3557=FILL_AREA_STYLE($,(#3556));
#3558=SURFACE_STYLE_FILL_AREA(#3557);
#3559=SURFACE_SIDE_STYLE('',(#3558));
#3560=SURFACE_STYLE_USAGE(.BOTH.,#3559);
#3561=PRESENTATION_STYLE_ASSIGNMENT((#3560));
#3562=STYLED_ITEM('',(#3561),#3554);
#3563=ADVANCED_FACE('',(#8115,#8117),#8119,.T.);
#3564=COLOUR_RGB('',0.968627450980392,0.87843137254902,0.6);
#3565=FILL_AREA_STYLE_COLOUR('',#3564);
#3566=FILL_AREA_STYLE($,(#3565));
#3567=SURFACE_STYLE_FILL_AREA(#3566);
#3568=SURFACE_SIDE_STYLE('',(#3567));
#3569=SURFACE_STYLE_USAGE(.BOTH.,#3568);
#3570=PRESENTATION_STYLE_ASSIGNMENT((#3569));
#3571=STYLED_ITEM('',(#3570),#3563);
#3572=ADVANCED_FACE('',(#8124,#8126),#8128,.T.);
#3573=COLOUR_RGB('',0.968627450980392,0.87843137254902,0.6);
#3574=FILL_AREA_STYLE_COLOUR('',#3573);
#3575=FILL_AREA_STYLE($,(#3574));
#3576=SURFACE_STYLE_FILL_AREA(#3575);
#3577=SURFACE_SIDE_STYLE('',(#3576));
#3578=SURFACE_STYLE_USAGE(.BOTH.,#3577);
#3579=PRESENTATION_STYLE_ASSIGNMENT((#3578));
#3580=STYLED_ITEM('',(#3579),#3572);
#3581=ADVANCED_FACE('',(#8133,#8135),#8137,.T.);
#3582=COLOUR_RGB('',0.968627450980392,0.87843137254902,0.6);
#3583=FILL_AREA_STYLE_COLOUR('',#3582);
#3584=FILL_AREA_STYLE($,(#3583));
#3585=SURFACE_STYLE_FILL_AREA(#3584);
#3586=SURFACE_SIDE_STYLE('',(#3585));
#3587=SURFACE_STYLE_USAGE(.BOTH.,#3586);
#3588=PRESENTATION_STYLE_ASSIGNMENT((#3587));
#3589=STYLED_ITEM('',(#3588),#3581);
#3590=ADVANCED_FACE('',(#8142,#8144),#8146,.T.);
#3591=COLOUR_RGB('',0.968627450980392,0.87843137254902,0.6);
#3592=FILL_AREA_STYLE_COLOUR('',#3591);
#3593=FILL_AREA_STYLE($,(#3592));
#3594=SURFACE_STYLE_FILL_AREA(#3593);
#3595=SURFACE_SIDE_STYLE('',(#3594));
#3596=SURFACE_STYLE_USAGE(.BOTH.,#3595);
#3597=PRESENTATION_STYLE_ASSIGNMENT((#3596));
#3598=STYLED_ITEM('',(#3597),#3590);
#3599=ADVANCED_FACE('',(#8151,#8153),#8155,.T.);
#3600=COLOUR_RGB('',0.968627450980392,0.87843137254902,0.6);
#3601=FILL_AREA_STYLE_COLOUR('',#3600);
#3602=FILL_AREA_STYLE($,(#3601));
#3603=SURFACE_STYLE_FILL_AREA(#3602);
#3604=SURFACE_SIDE_STYLE('',(#3603));
#3605=SURFACE_STYLE_USAGE(.BOTH.,#3604);
#3606=PRESENTATION_STYLE_ASSIGNMENT((#3605));
#3607=STYLED_ITEM('',(#3606),#3599);
#3608=ADVANCED_FACE('',(#8160),#8162,.T.);
#3609=COLOUR_RGB('',0.968627450980392,0.87843137254902,0.6);
#3610=FILL_AREA_STYLE_COLOUR('',#3609);
#3611=FILL_AREA_STYLE($,(#3610));
#3612=SURFACE_STYLE_FILL_AREA(#3611);
#3613=SURFACE_SIDE_STYLE('',(#3612));
#3614=SURFACE_STYLE_USAGE(.BOTH.,#3613);
#3615=PRESENTATION_STYLE_ASSIGNMENT((#3614));
#3616=STYLED_ITEM('',(#3615),#3608);
#3617=ADVANCED_FACE('',(#8167),#8169,.T.);
#3618=COLOUR_RGB('',0.968627450980392,0.87843137254902,0.6);
#3619=FILL_AREA_STYLE_COLOUR('',#3618);
#3620=FILL_AREA_STYLE($,(#3619));
#3621=SURFACE_STYLE_FILL_AREA(#3620);
#3622=SURFACE_SIDE_STYLE('',(#3621));
#3623=SURFACE_STYLE_USAGE(.BOTH.,#3622);
#3624=PRESENTATION_STYLE_ASSIGNMENT((#3623));
#3625=STYLED_ITEM('',(#3624),#3617);
#3626=ADVANCED_FACE('',(#8174,#8176),#8178,.T.);
#3627=COLOUR_RGB('',0.968627450980392,0.87843137254902,0.6);
#3628=FILL_AREA_STYLE_COLOUR('',#3627);
#3629=FILL_AREA_STYLE($,(#3628));
#3630=SURFACE_STYLE_FILL_AREA(#3629);
#3631=SURFACE_SIDE_STYLE('',(#3630));
#3632=SURFACE_STYLE_USAGE(.BOTH.,#3631);
#3633=PRESENTATION_STYLE_ASSIGNMENT((#3632));
#3634=STYLED_ITEM('',(#3633),#3626);
#3635=ADVANCED_FACE('',(#8183,#8185),#8187,.T.);
#3636=COLOUR_RGB('',0.968627450980392,0.87843137254902,0.6);
#3637=FILL_AREA_STYLE_COLOUR('',#3636);
#3638=FILL_AREA_STYLE($,(#3637));
#3639=SURFACE_STYLE_FILL_AREA(#3638);
#3640=SURFACE_SIDE_STYLE('',(#3639));
#3641=SURFACE_STYLE_USAGE(.BOTH.,#3640);
#3642=PRESENTATION_STYLE_ASSIGNMENT((#3641));
#3643=STYLED_ITEM('',(#3642),#3635);
#3644=ADVANCED_FACE('',(#8192,#8194),#8196,.T.);
#3645=COLOUR_RGB('',0.968627450980392,0.87843137254902,0.6);
#3646=FILL_AREA_STYLE_COLOUR('',#3645);
#3647=FILL_AREA_STYLE($,(#3646));
#3648=SURFACE_STYLE_FILL_AREA(#3647);
#3649=SURFACE_SIDE_STYLE('',(#3648));
#3650=SURFACE_STYLE_USAGE(.BOTH.,#3649);
#3651=PRESENTATION_STYLE_ASSIGNMENT((#3650));
#3652=STYLED_ITEM('',(#3651),#3644);
#3653=ADVANCED_FACE('',(#8201,#8203),#8205,.T.);
#3654=COLOUR_RGB('',0.968627450980392,0.87843137254902,0.6);
#3655=FILL_AREA_STYLE_COLOUR('',#3654);
#3656=FILL_AREA_STYLE($,(#3655));
#3657=SURFACE_STYLE_FILL_AREA(#3656);
#3658=SURFACE_SIDE_STYLE('',(#3657));
#3659=SURFACE_STYLE_USAGE(.BOTH.,#3658);
#3660=PRESENTATION_STYLE_ASSIGNMENT((#3659));
#3661=STYLED_ITEM('',(#3660),#3653);
#3662=ADVANCED_FACE('',(#8210,#8212),#8214,.T.);
#3663=COLOUR_RGB('',0.968627450980392,0.87843137254902,0.6);
#3664=FILL_AREA_STYLE_COLOUR('',#3663);
#3665=FILL_AREA_STYLE($,(#3664));
#3666=SURFACE_STYLE_FILL_AREA(#3665);
#3667=SURFACE_SIDE_STYLE('',(#3666));
#3668=SURFACE_STYLE_USAGE(.BOTH.,#3667);
#3669=PRESENTATION_STYLE_ASSIGNMENT((#3668));
#3670=STYLED_ITEM('',(#3669),#3662);
#3671=ADVANCED_FACE('',(#8219,#8221),#8223,.T.);
#3672=COLOUR_RGB('',0.968627450980392,0.87843137254902,0.6);
#3673=FILL_AREA_STYLE_COLOUR('',#3672);
#3674=FILL_AREA_STYLE($,(#3673));
#3675=SURFACE_STYLE_FILL_AREA(#3674);
#3676=SURFACE_SIDE_STYLE('',(#3675));
#3677=SURFACE_STYLE_USAGE(.BOTH.,#3676);
#3678=PRESENTATION_STYLE_ASSIGNMENT((#3677));
#3679=STYLED_ITEM('',(#3678),#3671);
#3680=ADVANCED_FACE('',(#8228,#8230),#8232,.T.);
#3681=COLOUR_RGB('',0.968627450980392,0.87843137254902,0.6);
#3682=FILL_AREA_STYLE_COLOUR('',#3681);
#3683=FILL_AREA_STYLE($,(#3682));
#3684=SURFACE_STYLE_FILL_AREA(#3683);
#3685=SURFACE_SIDE_STYLE('',(#3684));
#3686=SURFACE_STYLE_USAGE(.BOTH.,#3685);
#3687=PRESENTATION_STYLE_ASSIGNMENT((#3686));
#3688=STYLED_ITEM('',(#3687),#3680);
#3689=ADVANCED_FACE('',(#8237),#8239,.T.);
#3690=COLOUR_RGB('',0.968627450980392,0.87843137254902,0.6);
#3691=FILL_AREA_STYLE_COLOUR('',#3690);
#3692=FILL_AREA_STYLE($,(#3691));
#3693=SURFACE_STYLE_FILL_AREA(#3692);
#3694=SURFACE_SIDE_STYLE('',(#3693));
#3695=SURFACE_STYLE_USAGE(.BOTH.,#3694);
#3696=PRESENTATION_STYLE_ASSIGNMENT((#3695));
#3697=STYLED_ITEM('',(#3696),#3689);
#3698=ADVANCED_FACE('',(#8244),#8246,.T.);
#3699=COLOUR_RGB('',0.968627450980392,0.87843137254902,0.6);
#3700=FILL_AREA_STYLE_COLOUR('',#3699);
#3701=FILL_AREA_STYLE($,(#3700));
#3702=SURFACE_STYLE_FILL_AREA(#3701);
#3703=SURFACE_SIDE_STYLE('',(#3702));
#3704=SURFACE_STYLE_USAGE(.BOTH.,#3703);
#3705=PRESENTATION_STYLE_ASSIGNMENT((#3704));
#3706=STYLED_ITEM('',(#3705),#3698);
#3707=ADVANCED_FACE('',(#8251,#8253),#8255,.T.);
#3708=COLOUR_RGB('',0.968627450980392,0.87843137254902,0.6);
#3709=FILL_AREA_STYLE_COLOUR('',#3708);
#3710=FILL_AREA_STYLE($,(#3709));
#3711=SURFACE_STYLE_FILL_AREA(#3710);
#3712=SURFACE_SIDE_STYLE('',(#3711));
#3713=SURFACE_STYLE_USAGE(.BOTH.,#3712);
#3714=PRESENTATION_STYLE_ASSIGNMENT((#3713));
#3715=STYLED_ITEM('',(#3714),#3707);
#3716=ADVANCED_FACE('',(#8260,#8262),#8264,.T.);
#3717=COLOUR_RGB('',0.968627450980392,0.87843137254902,0.6);
#3718=FILL_AREA_STYLE_COLOUR('',#3717);
#3719=FILL_AREA_STYLE($,(#3718));
#3720=SURFACE_STYLE_FILL_AREA(#3719);
#3721=SURFACE_SIDE_STYLE('',(#3720));
#3722=SURFACE_STYLE_USAGE(.BOTH.,#3721);
#3723=PRESENTATION_STYLE_ASSIGNMENT((#3722));
#3724=STYLED_ITEM('',(#3723),#3716);
#3725=ADVANCED_FACE('',(#8269,#8271),#8273,.T.);
#3726=COLOUR_RGB('',0.968627450980392,0.87843137254902,0.6);
#3727=FILL_AREA_STYLE_COLOUR('',#3726);
#3728=FILL_AREA_STYLE($,(#3727));
#3729=SURFACE_STYLE_FILL_AREA(#3728);
#3730=SURFACE_SIDE_STYLE('',(#3729));
#3731=SURFACE_STYLE_USAGE(.BOTH.,#3730);
#3732=PRESENTATION_STYLE_ASSIGNMENT((#3731));
#3733=STYLED_ITEM('',(#3732),#3725);
#3734=ADVANCED_FACE('',(#8278,#8280),#8282,.T.);
#3735=COLOUR_RGB('',0.968627450980392,0.87843137254902,0.6);
#3736=FILL_AREA_STYLE_COLOUR('',#3735);
#3737=FILL_AREA_STYLE($,(#3736));
#3738=SURFACE_STYLE_FILL_AREA(#3737);
#3739=SURFACE_SIDE_STYLE('',(#3738));
#3740=SURFACE_STYLE_USAGE(.BOTH.,#3739);
#3741=PRESENTATION_STYLE_ASSIGNMENT((#3740));
#3742=STYLED_ITEM('',(#3741),#3734);
#3743=ADVANCED_FACE('',(#8287,#8289),#8291,.T.);
#3744=COLOUR_RGB('',0.968627450980392,0.87843137254902,0.6);
#3745=FILL_AREA_STYLE_COLOUR('',#3744);
#3746=FILL_AREA_STYLE($,(#3745));
#3747=SURFACE_STYLE_FILL_AREA(#3746);
#3748=SURFACE_SIDE_STYLE('',(#3747));
#3749=SURFACE_STYLE_USAGE(.BOTH.,#3748);
#3750=PRESENTATION_STYLE_ASSIGNMENT((#3749));
#3751=STYLED_ITEM('',(#3750),#3743);
#3752=ADVANCED_FACE('',(#8296,#8298),#8300,.T.);
#3753=COLOUR_RGB('',0.968627450980392,0.87843137254902,0.6);
#3754=FILL_AREA_STYLE_COLOUR('',#3753);
#3755=FILL_AREA_STYLE($,(#3754));
#3756=SURFACE_STYLE_FILL_AREA(#3755);
#3757=SURFACE_SIDE_STYLE('',(#3756));
#3758=SURFACE_STYLE_USAGE(.BOTH.,#3757);
#3759=PRESENTATION_STYLE_ASSIGNMENT((#3758));
#3760=STYLED_ITEM('',(#3759),#3752);
#3761=ADVANCED_FACE('',(#8305,#8307),#8309,.T.);
#3762=COLOUR_RGB('',0.968627450980392,0.87843137254902,0.6);
#3763=FILL_AREA_STYLE_COLOUR('',#3762);
#3764=FILL_AREA_STYLE($,(#3763));
#3765=SURFACE_STYLE_FILL_AREA(#3764);
#3766=SURFACE_SIDE_STYLE('',(#3765));
#3767=SURFACE_STYLE_USAGE(.BOTH.,#3766);
#3768=PRESENTATION_STYLE_ASSIGNMENT((#3767));
#3769=STYLED_ITEM('',(#3768),#3761);
#3770=ADVANCED_FACE('',(#8314),#8316,.T.);
#3771=COLOUR_RGB('',0.968627450980392,0.87843137254902,0.6);
#3772=FILL_AREA_STYLE_COLOUR('',#3771);
#3773=FILL_AREA_STYLE($,(#3772));
#3774=SURFACE_STYLE_FILL_AREA(#3773);
#3775=SURFACE_SIDE_STYLE('',(#3774));
#3776=SURFACE_STYLE_USAGE(.BOTH.,#3775);
#3777=PRESENTATION_STYLE_ASSIGNMENT((#3776));
#3778=STYLED_ITEM('',(#3777),#3770);
#3779=ADVANCED_FACE('',(#8321),#8323,.T.);
#3780=COLOUR_RGB('',0.968627450980392,0.87843137254902,0.6);
#3781=FILL_AREA_STYLE_COLOUR('',#3780);
#3782=FILL_AREA_STYLE($,(#3781));
#3783=SURFACE_STYLE_FILL_AREA(#3782);
#3784=SURFACE_SIDE_STYLE('',(#3783));
#3785=SURFACE_STYLE_USAGE(.BOTH.,#3784);
#3786=PRESENTATION_STYLE_ASSIGNMENT((#3785));
#3787=STYLED_ITEM('',(#3786),#3779);
#3788=ADVANCED_FACE('',(#8328,#8330),#8332,.T.);
#3789=COLOUR_RGB('',0.968627450980392,0.87843137254902,0.6);
#3790=FILL_AREA_STYLE_COLOUR('',#3789);
#3791=FILL_AREA_STYLE($,(#3790));
#3792=SURFACE_STYLE_FILL_AREA(#3791);
#3793=SURFACE_SIDE_STYLE('',(#3792));
#3794=SURFACE_STYLE_USAGE(.BOTH.,#3793);
#3795=PRESENTATION_STYLE_ASSIGNMENT((#3794));
#3796=STYLED_ITEM('',(#3795),#3788);
#3797=ADVANCED_FACE('',(#8337,#8339),#8341,.T.);
#3798=COLOUR_RGB('',0.968627450980392,0.87843137254902,0.6);
#3799=FILL_AREA_STYLE_COLOUR('',#3798);
#3800=FILL_AREA_STYLE($,(#3799));
#3801=SURFACE_STYLE_FILL_AREA(#3800);
#3802=SURFACE_SIDE_STYLE('',(#3801));
#3803=SURFACE_STYLE_USAGE(.BOTH.,#3802);
#3804=PRESENTATION_STYLE_ASSIGNMENT((#3803));
#3805=STYLED_ITEM('',(#3804),#3797);
#3806=ADVANCED_FACE('',(#8346,#8348),#8350,.T.);
#3807=COLOUR_RGB('',0.968627450980392,0.87843137254902,0.6);
#3808=FILL_AREA_STYLE_COLOUR('',#3807);
#3809=FILL_AREA_STYLE($,(#3808));
#3810=SURFACE_STYLE_FILL_AREA(#3809);
#3811=SURFACE_SIDE_STYLE('',(#3810));
#3812=SURFACE_STYLE_USAGE(.BOTH.,#3811);
#3813=PRESENTATION_STYLE_ASSIGNMENT((#3812));
#3814=STYLED_ITEM('',(#3813),#3806);
#3815=ADVANCED_FACE('',(#8355,#8357),#8359,.T.);
#3816=COLOUR_RGB('',0.968627450980392,0.87843137254902,0.6);
#3817=FILL_AREA_STYLE_COLOUR('',#3816);
#3818=FILL_AREA_STYLE($,(#3817));
#3819=SURFACE_STYLE_FILL_AREA(#3818);
#3820=SURFACE_SIDE_STYLE('',(#3819));
#3821=SURFACE_STYLE_USAGE(.BOTH.,#3820);
#3822=PRESENTATION_STYLE_ASSIGNMENT((#3821));
#3823=STYLED_ITEM('',(#3822),#3815);
#3824=ADVANCED_FACE('',(#8364,#8366),#8368,.T.);
#3825=COLOUR_RGB('',0.968627450980392,0.87843137254902,0.6);
#3826=FILL_AREA_STYLE_COLOUR('',#3825);
#3827=FILL_AREA_STYLE($,(#3826));
#3828=SURFACE_STYLE_FILL_AREA(#3827);
#3829=SURFACE_SIDE_STYLE('',(#3828));
#3830=SURFACE_STYLE_USAGE(.BOTH.,#3829);
#3831=PRESENTATION_STYLE_ASSIGNMENT((#3830));
#3832=STYLED_ITEM('',(#3831),#3824);
#3833=ADVANCED_FACE('',(#8373,#8375),#8377,.T.);
#3834=COLOUR_RGB('',0.968627450980392,0.87843137254902,0.6);
#3835=FILL_AREA_STYLE_COLOUR('',#3834);
#3836=FILL_AREA_STYLE($,(#3835));
#3837=SURFACE_STYLE_FILL_AREA(#3836);
#3838=SURFACE_SIDE_STYLE('',(#3837));
#3839=SURFACE_STYLE_USAGE(.BOTH.,#3838);
#3840=PRESENTATION_STYLE_ASSIGNMENT((#3839));
#3841=STYLED_ITEM('',(#3840),#3833);
#3842=ADVANCED_FACE('',(#8382,#8384),#8386,.T.);
#3843=COLOUR_RGB('',0.968627450980392,0.87843137254902,0.6);
#3844=FILL_AREA_STYLE_COLOUR('',#3843);
#3845=FILL_AREA_STYLE($,(#3844));
#3846=SURFACE_STYLE_FILL_AREA(#3845);
#3847=SURFACE_SIDE_STYLE('',(#3846));
#3848=SURFACE_STYLE_USAGE(.BOTH.,#3847);
#3849=PRESENTATION_STYLE_ASSIGNMENT((#3848));
#3850=STYLED_ITEM('',(#3849),#3842);
#3851=ADVANCED_FACE('',(#8391),#8393,.T.);
#3852=COLOUR_RGB('',0.968627450980392,0.87843137254902,0.6);
#3853=FILL_AREA_STYLE_COLOUR('',#3852);
#3854=FILL_AREA_STYLE($,(#3853));
#3855=SURFACE_STYLE_FILL_AREA(#3854);
#3856=SURFACE_SIDE_STYLE('',(#3855));
#3857=SURFACE_STYLE_USAGE(.BOTH.,#3856);
#3858=PRESENTATION_STYLE_ASSIGNMENT((#3857));
#3859=STYLED_ITEM('',(#3858),#3851);
#3860=ADVANCED_FACE('',(#8398),#8400,.T.);
#3861=COLOUR_RGB('',0.968627450980392,0.87843137254902,0.6);
#3862=FILL_AREA_STYLE_COLOUR('',#3861);
#3863=FILL_AREA_STYLE($,(#3862));
#3864=SURFACE_STYLE_FILL_AREA(#3863);
#3865=SURFACE_SIDE_STYLE('',(#3864));
#3866=SURFACE_STYLE_USAGE(.BOTH.,#3865);
#3867=PRESENTATION_STYLE_ASSIGNMENT((#3866));
#3868=STYLED_ITEM('',(#3867),#3860);
#3869=ADVANCED_FACE('',(#8405,#8407),#8409,.T.);
#3870=COLOUR_RGB('',0.968627450980392,0.87843137254902,0.6);
#3871=FILL_AREA_STYLE_COLOUR('',#3870);
#3872=FILL_AREA_STYLE($,(#3871));
#3873=SURFACE_STYLE_FILL_AREA(#3872);
#3874=SURFACE_SIDE_STYLE('',(#3873));
#3875=SURFACE_STYLE_USAGE(.BOTH.,#3874);
#3876=PRESENTATION_STYLE_ASSIGNMENT((#3875));
#3877=STYLED_ITEM('',(#3876),#3869);
#3878=ADVANCED_FACE('',(#8414,#8416),#8418,.T.);
#3879=COLOUR_RGB('',0.968627450980392,0.87843137254902,0.6);
#3880=FILL_AREA_STYLE_COLOUR('',#3879);
#3881=FILL_AREA_STYLE($,(#3880));
#3882=SURFACE_STYLE_FILL_AREA(#3881);
#3883=SURFACE_SIDE_STYLE('',(#3882));
#3884=SURFACE_STYLE_USAGE(.BOTH.,#3883);
#3885=PRESENTATION_STYLE_ASSIGNMENT((#3884));
#3886=STYLED_ITEM('',(#3885),#3878);
#3887=ADVANCED_FACE('',(#8423,#8425),#8427,.T.);
#3888=COLOUR_RGB('',0.968627450980392,0.87843137254902,0.6);
#3889=FILL_AREA_STYLE_COLOUR('',#3888);
#3890=FILL_AREA_STYLE($,(#3889));
#3891=SURFACE_STYLE_FILL_AREA(#3890);
#3892=SURFACE_SIDE_STYLE('',(#3891));
#3893=SURFACE_STYLE_USAGE(.BOTH.,#3892);
#3894=PRESENTATION_STYLE_ASSIGNMENT((#3893));
#3895=STYLED_ITEM('',(#3894),#3887);
#3896=ADVANCED_FACE('',(#8432,#8434),#8436,.T.);
#3897=COLOUR_RGB('',0.968627450980392,0.87843137254902,0.6);
#3898=FILL_AREA_STYLE_COLOUR('',#3897);
#3899=FILL_AREA_STYLE($,(#3898));
#3900=SURFACE_STYLE_FILL_AREA(#3899);
#3901=SURFACE_SIDE_STYLE('',(#3900));
#3902=SURFACE_STYLE_USAGE(.BOTH.,#3901);
#3903=PRESENTATION_STYLE_ASSIGNMENT((#3902));
#3904=STYLED_ITEM('',(#3903),#3896);
#3905=ADVANCED_FACE('',(#8441,#8443),#8445,.T.);
#3906=COLOUR_RGB('',0.968627450980392,0.87843137254902,0.6);
#3907=FILL_AREA_STYLE_COLOUR('',#3906);
#3908=FILL_AREA_STYLE($,(#3907));
#3909=SURFACE_STYLE_FILL_AREA(#3908);
#3910=SURFACE_SIDE_STYLE('',(#3909));
#3911=SURFACE_STYLE_USAGE(.BOTH.,#3910);
#3912=PRESENTATION_STYLE_ASSIGNMENT((#3911));
#3913=STYLED_ITEM('',(#3912),#3905);
#3914=ADVANCED_FACE('',(#8450,#8452),#8454,.T.);
#3915=COLOUR_RGB('',0.968627450980392,0.87843137254902,0.6);
#3916=FILL_AREA_STYLE_COLOUR('',#3915);
#3917=FILL_AREA_STYLE($,(#3916));
#3918=SURFACE_STYLE_FILL_AREA(#3917);
#3919=SURFACE_SIDE_STYLE('',(#3918));
#3920=SURFACE_STYLE_USAGE(.BOTH.,#3919);
#3921=PRESENTATION_STYLE_ASSIGNMENT((#3920));
#3922=STYLED_ITEM('',(#3921),#3914);
#3923=ADVANCED_FACE('',(#8459,#8461),#8463,.T.);
#3924=COLOUR_RGB('',0.968627450980392,0.87843137254902,0.6);
#3925=FILL_AREA_STYLE_COLOUR('',#3924);
#3926=FILL_AREA_STYLE($,(#3925));
#3927=SURFACE_STYLE_FILL_AREA(#3926);
#3928=SURFACE_SIDE_STYLE('',(#3927));
#3929=SURFACE_STYLE_USAGE(.BOTH.,#3928);
#3930=PRESENTATION_STYLE_ASSIGNMENT((#3929));
#3931=STYLED_ITEM('',(#3930),#3923);
#3932=ADVANCED_FACE('',(#8468),#8470,.T.);
#3933=COLOUR_RGB('',0.968627450980392,0.87843137254902,0.6);
#3934=FILL_AREA_STYLE_COLOUR('',#3933);
#3935=FILL_AREA_STYLE($,(#3934));
#3936=SURFACE_STYLE_FILL_AREA(#3935);
#3937=SURFACE_SIDE_STYLE('',(#3936));
#3938=SURFACE_STYLE_USAGE(.BOTH.,#3937);
#3939=PRESENTATION_STYLE_ASSIGNMENT((#3938));
#3940=STYLED_ITEM('',(#3939),#3932);
#3941=ADVANCED_FACE('',(#8475),#8477,.T.);
#3942=COLOUR_RGB('',0.968627450980392,0.87843137254902,0.6);
#3943=FILL_AREA_STYLE_COLOUR('',#3942);
#3944=FILL_AREA_STYLE($,(#3943));
#3945=SURFACE_STYLE_FILL_AREA(#3944);
#3946=SURFACE_SIDE_STYLE('',(#3945));
#3947=SURFACE_STYLE_USAGE(.BOTH.,#3946);
#3948=PRESENTATION_STYLE_ASSIGNMENT((#3947));
#3949=STYLED_ITEM('',(#3948),#3941);
#3950=ADVANCED_FACE('',(#8482,#8484),#8486,.T.);
#3951=COLOUR_RGB('',0.968627450980392,0.87843137254902,0.6);
#3952=FILL_AREA_STYLE_COLOUR('',#3951);
#3953=FILL_AREA_STYLE($,(#3952));
#3954=SURFACE_STYLE_FILL_AREA(#3953);
#3955=SURFACE_SIDE_STYLE('',(#3954));
#3956=SURFACE_STYLE_USAGE(.BOTH.,#3955);
#3957=PRESENTATION_STYLE_ASSIGNMENT((#3956));
#3958=STYLED_ITEM('',(#3957),#3950);
#3959=ADVANCED_FACE('',(#8491,#8493),#8495,.T.);
#3960=COLOUR_RGB('',0.968627450980392,0.87843137254902,0.6);
#3961=FILL_AREA_STYLE_COLOUR('',#3960);
#3962=FILL_AREA_STYLE($,(#3961));
#3963=SURFACE_STYLE_FILL_AREA(#3962);
#3964=SURFACE_SIDE_STYLE('',(#3963));
#3965=SURFACE_STYLE_USAGE(.BOTH.,#3964);
#3966=PRESENTATION_STYLE_ASSIGNMENT((#3965));
#3967=STYLED_ITEM('',(#3966),#3959);
#3968=ADVANCED_FACE('',(#8500,#8502),#8504,.T.);
#3969=COLOUR_RGB('',0.968627450980392,0.87843137254902,0.6);
#3970=FILL_AREA_STYLE_COLOUR('',#3969);
#3971=FILL_AREA_STYLE($,(#3970));
#3972=SURFACE_STYLE_FILL_AREA(#3971);
#3973=SURFACE_SIDE_STYLE('',(#3972));
#3974=SURFACE_STYLE_USAGE(.BOTH.,#3973);
#3975=PRESENTATION_STYLE_ASSIGNMENT((#3974));
#3976=STYLED_ITEM('',(#3975),#3968);
#3977=ADVANCED_FACE('',(#8509,#8511),#8513,.T.);
#3978=COLOUR_RGB('',0.968627450980392,0.87843137254902,0.6);
#3979=FILL_AREA_STYLE_COLOUR('',#3978);
#3980=FILL_AREA_STYLE($,(#3979));
#3981=SURFACE_STYLE_FILL_AREA(#3980);
#3982=SURFACE_SIDE_STYLE('',(#3981));
#3983=SURFACE_STYLE_USAGE(.BOTH.,#3982);
#3984=PRESENTATION_STYLE_ASSIGNMENT((#3983));
#3985=STYLED_ITEM('',(#3984),#3977);
#3986=ADVANCED_FACE('',(#8518,#8520),#8522,.T.);
#3987=COLOUR_RGB('',0.968627450980392,0.87843137254902,0.6);
#3988=FILL_AREA_STYLE_COLOUR('',#3987);
#3989=FILL_AREA_STYLE($,(#3988));
#3990=SURFACE_STYLE_FILL_AREA(#3989);
#3991=SURFACE_SIDE_STYLE('',(#3990));
#3992=SURFACE_STYLE_USAGE(.BOTH.,#3991);
#3993=PRESENTATION_STYLE_ASSIGNMENT((#3992));
#3994=STYLED_ITEM('',(#3993),#3986);
#3995=ADVANCED_FACE('',(#8527,#8529),#8531,.T.);
#3996=COLOUR_RGB('',0.968627450980392,0.87843137254902,0.6);
#3997=FILL_AREA_STYLE_COLOUR('',#3996);
#3998=FILL_AREA_STYLE($,(#3997));
#3999=SURFACE_STYLE_FILL_AREA(#3998);
#4000=SURFACE_SIDE_STYLE('',(#3999));
#4001=SURFACE_STYLE_USAGE(.BOTH.,#4000);
#4002=PRESENTATION_STYLE_ASSIGNMENT((#4001));
#4003=STYLED_ITEM('',(#4002),#3995);
#4004=ADVANCED_FACE('',(#8536,#8538),#8540,.T.);
#4005=COLOUR_RGB('',0.968627450980392,0.87843137254902,0.6);
#4006=FILL_AREA_STYLE_COLOUR('',#4005);
#4007=FILL_AREA_STYLE($,(#4006));
#4008=SURFACE_STYLE_FILL_AREA(#4007);
#4009=SURFACE_SIDE_STYLE('',(#4008));
#4010=SURFACE_STYLE_USAGE(.BOTH.,#4009);
#4011=PRESENTATION_STYLE_ASSIGNMENT((#4010));
#4012=STYLED_ITEM('',(#4011),#4004);
#4013=ADVANCED_FACE('',(#8545),#8547,.T.);
#4014=COLOUR_RGB('',0.968627450980392,0.87843137254902,0.6);
#4015=FILL_AREA_STYLE_COLOUR('',#4014);
#4016=FILL_AREA_STYLE($,(#4015));
#4017=SURFACE_STYLE_FILL_AREA(#4016);
#4018=SURFACE_SIDE_STYLE('',(#4017));
#4019=SURFACE_STYLE_USAGE(.BOTH.,#4018);
#4020=PRESENTATION_STYLE_ASSIGNMENT((#4019));
#4021=STYLED_ITEM('',(#4020),#4013);
#4022=ADVANCED_FACE('',(#8552),#8554,.T.);
#4023=COLOUR_RGB('',0.968627450980392,0.87843137254902,0.6);
#4024=FILL_AREA_STYLE_COLOUR('',#4023);
#4025=FILL_AREA_STYLE($,(#4024));
#4026=SURFACE_STYLE_FILL_AREA(#4025);
#4027=SURFACE_SIDE_STYLE('',(#4026));
#4028=SURFACE_STYLE_USAGE(.BOTH.,#4027);
#4029=PRESENTATION_STYLE_ASSIGNMENT((#4028));
#4030=STYLED_ITEM('',(#4029),#4022);
#4031=ADVANCED_FACE('',(#8559,#8561),#8563,.T.);
#4032=COLOUR_RGB('',0.968627450980392,0.87843137254902,0.6);
#4033=FILL_AREA_STYLE_COLOUR('',#4032);
#4034=FILL_AREA_STYLE($,(#4033));
#4035=SURFACE_STYLE_FILL_AREA(#4034);
#4036=SURFACE_SIDE_STYLE('',(#4035));
#4037=SURFACE_STYLE_USAGE(.BOTH.,#4036);
#4038=PRESENTATION_STYLE_ASSIGNMENT((#4037));
#4039=STYLED_ITEM('',(#4038),#4031);
#4040=ADVANCED_FACE('',(#8568,#8570),#8572,.T.);
#4041=COLOUR_RGB('',0.968627450980392,0.87843137254902,0.6);
#4042=FILL_AREA_STYLE_COLOUR('',#4041);
#4043=FILL_AREA_STYLE($,(#4042));
#4044=SURFACE_STYLE_FILL_AREA(#4043);
#4045=SURFACE_SIDE_STYLE('',(#4044));
#4046=SURFACE_STYLE_USAGE(.BOTH.,#4045);
#4047=PRESENTATION_STYLE_ASSIGNMENT((#4046));
#4048=STYLED_ITEM('',(#4047),#4040);
#4049=ADVANCED_FACE('',(#8577,#8579),#8581,.T.);
#4050=COLOUR_RGB('',0.968627450980392,0.87843137254902,0.6);
#4051=FILL_AREA_STYLE_COLOUR('',#4050);
#4052=FILL_AREA_STYLE($,(#4051));
#4053=SURFACE_STYLE_FILL_AREA(#4052);
#4054=SURFACE_SIDE_STYLE('',(#4053));
#4055=SURFACE_STYLE_USAGE(.BOTH.,#4054);
#4056=PRESENTATION_STYLE_ASSIGNMENT((#4055));
#4057=STYLED_ITEM('',(#4056),#4049);
#4058=ADVANCED_FACE('',(#8586,#8588),#8590,.T.);
#4059=COLOUR_RGB('',0.968627450980392,0.87843137254902,0.6);
#4060=FILL_AREA_STYLE_COLOUR('',#4059);
#4061=FILL_AREA_STYLE($,(#4060));
#4062=SURFACE_STYLE_FILL_AREA(#4061);
#4063=SURFACE_SIDE_STYLE('',(#4062));
#4064=SURFACE_STYLE_USAGE(.BOTH.,#4063);
#4065=PRESENTATION_STYLE_ASSIGNMENT((#4064));
#4066=STYLED_ITEM('',(#4065),#4058);
#4067=ADVANCED_FACE('',(#8595,#8597),#8599,.T.);
#4068=COLOUR_RGB('',0.968627450980392,0.87843137254902,0.6);
#4069=FILL_AREA_STYLE_COLOUR('',#4068);
#4070=FILL_AREA_STYLE($,(#4069));
#4071=SURFACE_STYLE_FILL_AREA(#4070);
#4072=SURFACE_SIDE_STYLE('',(#4071));
#4073=SURFACE_STYLE_USAGE(.BOTH.,#4072);
#4074=PRESENTATION_STYLE_ASSIGNMENT((#4073));
#4075=STYLED_ITEM('',(#4074),#4067);
#4076=ADVANCED_FACE('',(#8604,#8606),#8608,.T.);
#4077=COLOUR_RGB('',0.968627450980392,0.87843137254902,0.6);
#4078=FILL_AREA_STYLE_COLOUR('',#4077);
#4079=FILL_AREA_STYLE($,(#4078));
#4080=SURFACE_STYLE_FILL_AREA(#4079);
#4081=SURFACE_SIDE_STYLE('',(#4080));
#4082=SURFACE_STYLE_USAGE(.BOTH.,#4081);
#4083=PRESENTATION_STYLE_ASSIGNMENT((#4082));
#4084=STYLED_ITEM('',(#4083),#4076);
#4085=ADVANCED_FACE('',(#8613,#8615),#8617,.T.);
#4086=COLOUR_RGB('',0.968627450980392,0.87843137254902,0.6);
#4087=FILL_AREA_STYLE_COLOUR('',#4086);
#4088=FILL_AREA_STYLE($,(#4087));
#4089=SURFACE_STYLE_FILL_AREA(#4088);
#4090=SURFACE_SIDE_STYLE('',(#4089));
#4091=SURFACE_STYLE_USAGE(.BOTH.,#4090);
#4092=PRESENTATION_STYLE_ASSIGNMENT((#4091));
#4093=STYLED_ITEM('',(#4092),#4085);
#4094=ADVANCED_FACE('',(#8622),#8624,.T.);
#4095=COLOUR_RGB('',0.968627450980392,0.87843137254902,0.6);
#4096=FILL_AREA_STYLE_COLOUR('',#4095);
#4097=FILL_AREA_STYLE($,(#4096));
#4098=SURFACE_STYLE_FILL_AREA(#4097);
#4099=SURFACE_SIDE_STYLE('',(#4098));
#4100=SURFACE_STYLE_USAGE(.BOTH.,#4099);
#4101=PRESENTATION_STYLE_ASSIGNMENT((#4100));
#4102=STYLED_ITEM('',(#4101),#4094);
#4103=ADVANCED_FACE('',(#8629),#8631,.T.);
#4104=COLOUR_RGB('',0.968627450980392,0.87843137254902,0.6);
#4105=FILL_AREA_STYLE_COLOUR('',#4104);
#4106=FILL_AREA_STYLE($,(#4105));
#4107=SURFACE_STYLE_FILL_AREA(#4106);
#4108=SURFACE_SIDE_STYLE('',(#4107));
#4109=SURFACE_STYLE_USAGE(.BOTH.,#4108);
#4110=PRESENTATION_STYLE_ASSIGNMENT((#4109));
#4111=STYLED_ITEM('',(#4110),#4103);
#4112=ADVANCED_FACE('',(#8636,#8638),#8640,.T.);
#4113=COLOUR_RGB('',0.968627450980392,0.87843137254902,0.6);
#4114=FILL_AREA_STYLE_COLOUR('',#4113);
#4115=FILL_AREA_STYLE($,(#4114));
#4116=SURFACE_STYLE_FILL_AREA(#4115);
#4117=SURFACE_SIDE_STYLE('',(#4116));
#4118=SURFACE_STYLE_USAGE(.BOTH.,#4117);
#4119=PRESENTATION_STYLE_ASSIGNMENT((#4118));
#4120=STYLED_ITEM('',(#4119),#4112);
#4121=ADVANCED_FACE('',(#8645,#8647),#8649,.T.);
#4122=COLOUR_RGB('',0.968627450980392,0.87843137254902,0.6);
#4123=FILL_AREA_STYLE_COLOUR('',#4122);
#4124=FILL_AREA_STYLE($,(#4123));
#4125=SURFACE_STYLE_FILL_AREA(#4124);
#4126=SURFACE_SIDE_STYLE('',(#4125));
#4127=SURFACE_STYLE_USAGE(.BOTH.,#4126);
#4128=PRESENTATION_STYLE_ASSIGNMENT((#4127));
#4129=STYLED_ITEM('',(#4128),#4121);
#4130=ADVANCED_FACE('',(#8654,#8656),#8658,.T.);
#4131=COLOUR_RGB('',0.968627450980392,0.87843137254902,0.6);
#4132=FILL_AREA_STYLE_COLOUR('',#4131);
#4133=FILL_AREA_STYLE($,(#4132));
#4134=SURFACE_STYLE_FILL_AREA(#4133);
#4135=SURFACE_SIDE_STYLE('',(#4134));
#4136=SURFACE_STYLE_USAGE(.BOTH.,#4135);
#4137=PRESENTATION_STYLE_ASSIGNMENT((#4136));
#4138=STYLED_ITEM('',(#4137),#4130);
#4139=ADVANCED_FACE('',(#8663,#8665),#8667,.T.);
#4140=COLOUR_RGB('',0.968627450980392,0.87843137254902,0.6);
#4141=FILL_AREA_STYLE_COLOUR('',#4140);
#4142=FILL_AREA_STYLE($,(#4141));
#4143=SURFACE_STYLE_FILL_AREA(#4142);
#4144=SURFACE_SIDE_STYLE('',(#4143));
#4145=SURFACE_STYLE_USAGE(.BOTH.,#4144);
#4146=PRESENTATION_STYLE_ASSIGNMENT((#4145));
#4147=STYLED_ITEM('',(#4146),#4139);
#4148=ADVANCED_FACE('',(#8672,#8674),#8676,.T.);
#4149=COLOUR_RGB('',0.968627450980392,0.87843137254902,0.6);
#4150=FILL_AREA_STYLE_COLOUR('',#4149);
#4151=FILL_AREA_STYLE($,(#4150));
#4152=SURFACE_STYLE_FILL_AREA(#4151);
#4153=SURFACE_SIDE_STYLE('',(#4152));
#4154=SURFACE_STYLE_USAGE(.BOTH.,#4153);
#4155=PRESENTATION_STYLE_ASSIGNMENT((#4154));
#4156=STYLED_ITEM('',(#4155),#4148);
#4157=ADVANCED_FACE('',(#8681,#8683),#8685,.T.);
#4158=COLOUR_RGB('',0.968627450980392,0.87843137254902,0.6);
#4159=FILL_AREA_STYLE_COLOUR('',#4158);
#4160=FILL_AREA_STYLE($,(#4159));
#4161=SURFACE_STYLE_FILL_AREA(#4160);
#4162=SURFACE_SIDE_STYLE('',(#4161));
#4163=SURFACE_STYLE_USAGE(.BOTH.,#4162);
#4164=PRESENTATION_STYLE_ASSIGNMENT((#4163));
#4165=STYLED_ITEM('',(#4164),#4157);
#4166=ADVANCED_FACE('',(#8690,#8692),#8694,.T.);
#4167=COLOUR_RGB('',0.968627450980392,0.87843137254902,0.6);
#4168=FILL_AREA_STYLE_COLOUR('',#4167);
#4169=FILL_AREA_STYLE($,(#4168));
#4170=SURFACE_STYLE_FILL_AREA(#4169);
#4171=SURFACE_SIDE_STYLE('',(#4170));
#4172=SURFACE_STYLE_USAGE(.BOTH.,#4171);
#4173=PRESENTATION_STYLE_ASSIGNMENT((#4172));
#4174=STYLED_ITEM('',(#4173),#4166);
#4175=ADVANCED_FACE('',(#8699),#8701,.T.);
#4176=COLOUR_RGB('',0.968627450980392,0.87843137254902,0.6);
#4177=FILL_AREA_STYLE_COLOUR('',#4176);
#4178=FILL_AREA_STYLE($,(#4177));
#4179=SURFACE_STYLE_FILL_AREA(#4178);
#4180=SURFACE_SIDE_STYLE('',(#4179));
#4181=SURFACE_STYLE_USAGE(.BOTH.,#4180);
#4182=PRESENTATION_STYLE_ASSIGNMENT((#4181));
#4183=STYLED_ITEM('',(#4182),#4175);
#4184=ADVANCED_FACE('',(#8706),#8708,.T.);
#4185=COLOUR_RGB('',0.968627450980392,0.87843137254902,0.6);
#4186=FILL_AREA_STYLE_COLOUR('',#4185);
#4187=FILL_AREA_STYLE($,(#4186));
#4188=SURFACE_STYLE_FILL_AREA(#4187);
#4189=SURFACE_SIDE_STYLE('',(#4188));
#4190=SURFACE_STYLE_USAGE(.BOTH.,#4189);
#4191=PRESENTATION_STYLE_ASSIGNMENT((#4190));
#4192=STYLED_ITEM('',(#4191),#4184);
#4193=ADVANCED_FACE('',(#8713,#8715),#8717,.T.);
#4194=COLOUR_RGB('',0.968627450980392,0.87843137254902,0.6);
#4195=FILL_AREA_STYLE_COLOUR('',#4194);
#4196=FILL_AREA_STYLE($,(#4195));
#4197=SURFACE_STYLE_FILL_AREA(#4196);
#4198=SURFACE_SIDE_STYLE('',(#4197));
#4199=SURFACE_STYLE_USAGE(.BOTH.,#4198);
#4200=PRESENTATION_STYLE_ASSIGNMENT((#4199));
#4201=STYLED_ITEM('',(#4200),#4193);
#4202=ADVANCED_FACE('',(#8722,#8724),#8726,.T.);
#4203=COLOUR_RGB('',0.968627450980392,0.87843137254902,0.6);
#4204=FILL_AREA_STYLE_COLOUR('',#4203);
#4205=FILL_AREA_STYLE($,(#4204));
#4206=SURFACE_STYLE_FILL_AREA(#4205);
#4207=SURFACE_SIDE_STYLE('',(#4206));
#4208=SURFACE_STYLE_USAGE(.BOTH.,#4207);
#4209=PRESENTATION_STYLE_ASSIGNMENT((#4208));
#4210=STYLED_ITEM('',(#4209),#4202);
#4211=ADVANCED_FACE('',(#8731,#8733),#8735,.T.);
#4212=COLOUR_RGB('',0.968627450980392,0.87843137254902,0.6);
#4213=FILL_AREA_STYLE_COLOUR('',#4212);
#4214=FILL_AREA_STYLE($,(#4213));
#4215=SURFACE_STYLE_FILL_AREA(#4214);
#4216=SURFACE_SIDE_STYLE('',(#4215));
#4217=SURFACE_STYLE_USAGE(.BOTH.,#4216);
#4218=PRESENTATION_STYLE_ASSIGNMENT((#4217));
#4219=STYLED_ITEM('',(#4218),#4211);
#4220=ADVANCED_FACE('',(#8740,#8742),#8744,.T.);
#4221=COLOUR_RGB('',0.968627450980392,0.87843137254902,0.6);
#4222=FILL_AREA_STYLE_COLOUR('',#4221);
#4223=FILL_AREA_STYLE($,(#4222));
#4224=SURFACE_STYLE_FILL_AREA(#4223);
#4225=SURFACE_SIDE_STYLE('',(#4224));
#4226=SURFACE_STYLE_USAGE(.BOTH.,#4225);
#4227=PRESENTATION_STYLE_ASSIGNMENT((#4226));
#4228=STYLED_ITEM('',(#4227),#4220);
#4229=ADVANCED_FACE('',(#8749,#8751),#8753,.T.);
#4230=COLOUR_RGB('',0.968627450980392,0.87843137254902,0.6);
#4231=FILL_AREA_STYLE_COLOUR('',#4230);
#4232=FILL_AREA_STYLE($,(#4231));
#4233=SURFACE_STYLE_FILL_AREA(#4232);
#4234=SURFACE_SIDE_STYLE('',(#4233));
#4235=SURFACE_STYLE_USAGE(.BOTH.,#4234);
#4236=PRESENTATION_STYLE_ASSIGNMENT((#4235));
#4237=STYLED_ITEM('',(#4236),#4229);
#4238=ADVANCED_FACE('',(#8758,#8760),#8762,.T.);
#4239=COLOUR_RGB('',0.968627450980392,0.87843137254902,0.6);
#4240=FILL_AREA_STYLE_COLOUR('',#4239);
#4241=FILL_AREA_STYLE($,(#4240));
#4242=SURFACE_STYLE_FILL_AREA(#4241);
#4243=SURFACE_SIDE_STYLE('',(#4242));
#4244=SURFACE_STYLE_USAGE(.BOTH.,#4243);
#4245=PRESENTATION_STYLE_ASSIGNMENT((#4244));
#4246=STYLED_ITEM('',(#4245),#4238);
#4247=ADVANCED_FACE('',(#8767,#8769),#8771,.T.);
#4248=COLOUR_RGB('',0.968627450980392,0.87843137254902,0.6);
#4249=FILL_AREA_STYLE_COLOUR('',#4248);
#4250=FILL_AREA_STYLE($,(#4249));
#4251=SURFACE_STYLE_FILL_AREA(#4250);
#4252=SURFACE_SIDE_STYLE('',(#4251));
#4253=SURFACE_STYLE_USAGE(.BOTH.,#4252);
#4254=PRESENTATION_STYLE_ASSIGNMENT((#4253));
#4255=STYLED_ITEM('',(#4254),#4247);
#4256=ADVANCED_FACE('',(#8776),#8778,.T.);
#4257=COLOUR_RGB('',0.968627450980392,0.87843137254902,0.6);
#4258=FILL_AREA_STYLE_COLOUR('',#4257);
#4259=FILL_AREA_STYLE($,(#4258));
#4260=SURFACE_STYLE_FILL_AREA(#4259);
#4261=SURFACE_SIDE_STYLE('',(#4260));
#4262=SURFACE_STYLE_USAGE(.BOTH.,#4261);
#4263=PRESENTATION_STYLE_ASSIGNMENT((#4262));
#4264=STYLED_ITEM('',(#4263),#4256);
#4265=ADVANCED_FACE('',(#8783),#8785,.T.);
#4266=COLOUR_RGB('',0.968627450980392,0.87843137254902,0.6);
#4267=FILL_AREA_STYLE_COLOUR('',#4266);
#4268=FILL_AREA_STYLE($,(#4267));
#4269=SURFACE_STYLE_FILL_AREA(#4268);
#4270=SURFACE_SIDE_STYLE('',(#4269));
#4271=SURFACE_STYLE_USAGE(.BOTH.,#4270);
#4272=PRESENTATION_STYLE_ASSIGNMENT((#4271));
#4273=STYLED_ITEM('',(#4272),#4265);
#4274=ADVANCED_FACE('',(#8790,#8792),#8794,.T.);
#4275=COLOUR_RGB('',0.968627450980392,0.87843137254902,0.6);
#4276=FILL_AREA_STYLE_COLOUR('',#4275);
#4277=FILL_AREA_STYLE($,(#4276));
#4278=SURFACE_STYLE_FILL_AREA(#4277);
#4279=SURFACE_SIDE_STYLE('',(#4278));
#4280=SURFACE_STYLE_USAGE(.BOTH.,#4279);
#4281=PRESENTATION_STYLE_ASSIGNMENT((#4280));
#4282=STYLED_ITEM('',(#4281),#4274);
#4283=ADVANCED_FACE('',(#8799,#8801),#8803,.T.);
#4284=COLOUR_RGB('',0.968627450980392,0.87843137254902,0.6);
#4285=FILL_AREA_STYLE_COLOUR('',#4284);
#4286=FILL_AREA_STYLE($,(#4285));
#4287=SURFACE_STYLE_FILL_AREA(#4286);
#4288=SURFACE_SIDE_STYLE('',(#4287));
#4289=SURFACE_STYLE_USAGE(.BOTH.,#4288);
#4290=PRESENTATION_STYLE_ASSIGNMENT((#4289));
#4291=STYLED_ITEM('',(#4290),#4283);
#4292=ADVANCED_FACE('',(#8808,#8810),#8812,.T.);
#4293=COLOUR_RGB('',0.968627450980392,0.87843137254902,0.6);
#4294=FILL_AREA_STYLE_COLOUR('',#4293);
#4295=FILL_AREA_STYLE($,(#4294));
#4296=SURFACE_STYLE_FILL_AREA(#4295);
#4297=SURFACE_SIDE_STYLE('',(#4296));
#4298=SURFACE_STYLE_USAGE(.BOTH.,#4297);
#4299=PRESENTATION_STYLE_ASSIGNMENT((#4298));
#4300=STYLED_ITEM('',(#4299),#4292);
#4301=ADVANCED_FACE('',(#8817,#8819),#8821,.T.);
#4302=COLOUR_RGB('',0.968627450980392,0.87843137254902,0.6);
#4303=FILL_AREA_STYLE_COLOUR('',#4302);
#4304=FILL_AREA_STYLE($,(#4303));
#4305=SURFACE_STYLE_FILL_AREA(#4304);
#4306=SURFACE_SIDE_STYLE('',(#4305));
#4307=SURFACE_STYLE_USAGE(.BOTH.,#4306);
#4308=PRESENTATION_STYLE_ASSIGNMENT((#4307));
#4309=STYLED_ITEM('',(#4308),#4301);
#4310=ADVANCED_FACE('',(#8826,#8828),#8830,.T.);
#4311=COLOUR_RGB('',0.968627450980392,0.87843137254902,0.6);
#4312=FILL_AREA_STYLE_COLOUR('',#4311);
#4313=FILL_AREA_STYLE($,(#4312));
#4314=SURFACE_STYLE_FILL_AREA(#4313);
#4315=SURFACE_SIDE_STYLE('',(#4314));
#4316=SURFACE_STYLE_USAGE(.BOTH.,#4315);
#4317=PRESENTATION_STYLE_ASSIGNMENT((#4316));
#4318=STYLED_ITEM('',(#4317),#4310);
#4319=ADVANCED_FACE('',(#8835,#8837),#8839,.T.);
#4320=COLOUR_RGB('',0.968627450980392,0.87843137254902,0.6);
#4321=FILL_AREA_STYLE_COLOUR('',#4320);
#4322=FILL_AREA_STYLE($,(#4321));
#4323=SURFACE_STYLE_FILL_AREA(#4322);
#4324=SURFACE_SIDE_STYLE('',(#4323));
#4325=SURFACE_STYLE_USAGE(.BOTH.,#4324);
#4326=PRESENTATION_STYLE_ASSIGNMENT((#4325));
#4327=STYLED_ITEM('',(#4326),#4319);
#4328=ADVANCED_FACE('',(#8844,#8846),#8848,.T.);
#4329=COLOUR_RGB('',0.968627450980392,0.87843137254902,0.6);
#4330=FILL_AREA_STYLE_COLOUR('',#4329);
#4331=FILL_AREA_STYLE($,(#4330));
#4332=SURFACE_STYLE_FILL_AREA(#4331);
#4333=SURFACE_SIDE_STYLE('',(#4332));
#4334=SURFACE_STYLE_USAGE(.BOTH.,#4333);
#4335=PRESENTATION_STYLE_ASSIGNMENT((#4334));
#4336=STYLED_ITEM('',(#4335),#4328);
#4337=ADVANCED_FACE('',(#8853),#8855,.T.);
#4338=COLOUR_RGB('',0.968627450980392,0.87843137254902,0.6);
#4339=FILL_AREA_STYLE_COLOUR('',#4338);
#4340=FILL_AREA_STYLE($,(#4339));
#4341=SURFACE_STYLE_FILL_AREA(#4340);
#4342=SURFACE_SIDE_STYLE('',(#4341));
#4343=SURFACE_STYLE_USAGE(.BOTH.,#4342);
#4344=PRESENTATION_STYLE_ASSIGNMENT((#4343));
#4345=STYLED_ITEM('',(#4344),#4337);
#4346=ADVANCED_FACE('',(#8860),#8862,.T.);
#4347=COLOUR_RGB('',0.968627450980392,0.87843137254902,0.6);
#4348=FILL_AREA_STYLE_COLOUR('',#4347);
#4349=FILL_AREA_STYLE($,(#4348));
#4350=SURFACE_STYLE_FILL_AREA(#4349);
#4351=SURFACE_SIDE_STYLE('',(#4350));
#4352=SURFACE_STYLE_USAGE(.BOTH.,#4351);
#4353=PRESENTATION_STYLE_ASSIGNMENT((#4352));
#4354=STYLED_ITEM('',(#4353),#4346);
#4355=ADVANCED_FACE('',(#8867,#8869),#8871,.T.);
#4356=COLOUR_RGB('',0.968627450980392,0.87843137254902,0.6);
#4357=FILL_AREA_STYLE_COLOUR('',#4356);
#4358=FILL_AREA_STYLE($,(#4357));
#4359=SURFACE_STYLE_FILL_AREA(#4358);
#4360=SURFACE_SIDE_STYLE('',(#4359));
#4361=SURFACE_STYLE_USAGE(.BOTH.,#4360);
#4362=PRESENTATION_STYLE_ASSIGNMENT((#4361));
#4363=STYLED_ITEM('',(#4362),#4355);
#4364=ADVANCED_FACE('',(#8876,#8878),#8880,.T.);
#4365=COLOUR_RGB('',0.968627450980392,0.87843137254902,0.6);
#4366=FILL_AREA_STYLE_COLOUR('',#4365);
#4367=FILL_AREA_STYLE($,(#4366));
#4368=SURFACE_STYLE_FILL_AREA(#4367);
#4369=SURFACE_SIDE_STYLE('',(#4368));
#4370=SURFACE_STYLE_USAGE(.BOTH.,#4369);
#4371=PRESENTATION_STYLE_ASSIGNMENT((#4370));
#4372=STYLED_ITEM('',(#4371),#4364);
#4373=ADVANCED_FACE('',(#8885,#8887),#8889,.T.);
#4374=COLOUR_RGB('',0.968627450980392,0.87843137254902,0.6);
#4375=FILL_AREA_STYLE_COLOUR('',#4374);
#4376=FILL_AREA_STYLE($,(#4375));
#4377=SURFACE_STYLE_FILL_AREA(#4376);
#4378=SURFACE_SIDE_STYLE('',(#4377));
#4379=SURFACE_STYLE_USAGE(.BOTH.,#4378);
#4380=PRESENTATION_STYLE_ASSIGNMENT((#4379));
#4381=STYLED_ITEM('',(#4380),#4373);
#4382=ADVANCED_FACE('',(#8894,#8896),#8898,.T.);
#4383=COLOUR_RGB('',0.968627450980392,0.87843137254902,0.6);
#4384=FILL_AREA_STYLE_COLOUR('',#4383);
#4385=FILL_AREA_STYLE($,(#4384));
#4386=SURFACE_STYLE_FILL_AREA(#4385);
#4387=SURFACE_SIDE_STYLE('',(#4386));
#4388=SURFACE_STYLE_USAGE(.BOTH.,#4387);
#4389=PRESENTATION_STYLE_ASSIGNMENT((#4388));
#4390=STYLED_ITEM('',(#4389),#4382);
#4391=ADVANCED_FACE('',(#8903,#8905),#8907,.T.);
#4392=COLOUR_RGB('',0.968627450980392,0.87843137254902,0.6);
#4393=FILL_AREA_STYLE_COLOUR('',#4392);
#4394=FILL_AREA_STYLE($,(#4393));
#4395=SURFACE_STYLE_FILL_AREA(#4394);
#4396=SURFACE_SIDE_STYLE('',(#4395));
#4397=SURFACE_STYLE_USAGE(.BOTH.,#4396);
#4398=PRESENTATION_STYLE_ASSIGNMENT((#4397));
#4399=STYLED_ITEM('',(#4398),#4391);
#4400=ADVANCED_FACE('',(#8912,#8914),#8916,.T.);
#4401=COLOUR_RGB('',0.968627450980392,0.87843137254902,0.6);
#4402=FILL_AREA_STYLE_COLOUR('',#4401);
#4403=FILL_AREA_STYLE($,(#4402));
#4404=SURFACE_STYLE_FILL_AREA(#4403);
#4405=SURFACE_SIDE_STYLE('',(#4404));
#4406=SURFACE_STYLE_USAGE(.BOTH.,#4405);
#4407=PRESENTATION_STYLE_ASSIGNMENT((#4406));
#4408=STYLED_ITEM('',(#4407),#4400);
#4409=ADVANCED_FACE('',(#8921,#8923),#8925,.T.);
#4410=COLOUR_RGB('',0.968627450980392,0.87843137254902,0.6);
#4411=FILL_AREA_STYLE_COLOUR('',#4410);
#4412=FILL_AREA_STYLE($,(#4411));
#4413=SURFACE_STYLE_FILL_AREA(#4412);
#4414=SURFACE_SIDE_STYLE('',(#4413));
#4415=SURFACE_STYLE_USAGE(.BOTH.,#4414);
#4416=PRESENTATION_STYLE_ASSIGNMENT((#4415));
#4417=STYLED_ITEM('',(#4416),#4409);
#4418=ADVANCED_FACE('',(#8930),#8932,.T.);
#4419=COLOUR_RGB('',0.968627450980392,0.87843137254902,0.6);
#4420=FILL_AREA_STYLE_COLOUR('',#4419);
#4421=FILL_AREA_STYLE($,(#4420));
#4422=SURFACE_STYLE_FILL_AREA(#4421);
#4423=SURFACE_SIDE_STYLE('',(#4422));
#4424=SURFACE_STYLE_USAGE(.BOTH.,#4423);
#4425=PRESENTATION_STYLE_ASSIGNMENT((#4424));
#4426=STYLED_ITEM('',(#4425),#4418);
#4427=ADVANCED_FACE('',(#8937),#8939,.T.);
#4428=COLOUR_RGB('',0.968627450980392,0.87843137254902,0.6);
#4429=FILL_AREA_STYLE_COLOUR('',#4428);
#4430=FILL_AREA_STYLE($,(#4429));
#4431=SURFACE_STYLE_FILL_AREA(#4430);
#4432=SURFACE_SIDE_STYLE('',(#4431));
#4433=SURFACE_STYLE_USAGE(.BOTH.,#4432);
#4434=PRESENTATION_STYLE_ASSIGNMENT((#4433));
#4435=STYLED_ITEM('',(#4434),#4427);
#4436=ADVANCED_FACE('',(#8944,#8946),#8948,.T.);
#4437=COLOUR_RGB('',0.968627450980392,0.87843137254902,0.6);
#4438=FILL_AREA_STYLE_COLOUR('',#4437);
#4439=FILL_AREA_STYLE($,(#4438));
#4440=SURFACE_STYLE_FILL_AREA(#4439);
#4441=SURFACE_SIDE_STYLE('',(#4440));
#4442=SURFACE_STYLE_USAGE(.BOTH.,#4441);
#4443=PRESENTATION_STYLE_ASSIGNMENT((#4442));
#4444=STYLED_ITEM('',(#4443),#4436);
#4445=ADVANCED_FACE('',(#8953,#8955),#8957,.T.);
#4446=COLOUR_RGB('',0.968627450980392,0.87843137254902,0.6);
#4447=FILL_AREA_STYLE_COLOUR('',#4446);
#4448=FILL_AREA_STYLE($,(#4447));
#4449=SURFACE_STYLE_FILL_AREA(#4448);
#4450=SURFACE_SIDE_STYLE('',(#4449));
#4451=SURFACE_STYLE_USAGE(.BOTH.,#4450);
#4452=PRESENTATION_STYLE_ASSIGNMENT((#4451));
#4453=STYLED_ITEM('',(#4452),#4445);
#4454=ADVANCED_FACE('',(#8962,#8964),#8966,.T.);
#4455=COLOUR_RGB('',0.968627450980392,0.87843137254902,0.6);
#4456=FILL_AREA_STYLE_COLOUR('',#4455);
#4457=FILL_AREA_STYLE($,(#4456));
#4458=SURFACE_STYLE_FILL_AREA(#4457);
#4459=SURFACE_SIDE_STYLE('',(#4458));
#4460=SURFACE_STYLE_USAGE(.BOTH.,#4459);
#4461=PRESENTATION_STYLE_ASSIGNMENT((#4460));
#4462=STYLED_ITEM('',(#4461),#4454);
#4463=ADVANCED_FACE('',(#8971,#8973),#8975,.T.);
#4464=COLOUR_RGB('',0.968627450980392,0.87843137254902,0.6);
#4465=FILL_AREA_STYLE_COLOUR('',#4464);
#4466=FILL_AREA_STYLE($,(#4465));
#4467=SURFACE_STYLE_FILL_AREA(#4466);
#4468=SURFACE_SIDE_STYLE('',(#4467));
#4469=SURFACE_STYLE_USAGE(.BOTH.,#4468);
#4470=PRESENTATION_STYLE_ASSIGNMENT((#4469));
#4471=STYLED_ITEM('',(#4470),#4463);
#4472=ADVANCED_FACE('',(#8980,#8982),#8984,.T.);
#4473=COLOUR_RGB('',0.968627450980392,0.87843137254902,0.6);
#4474=FILL_AREA_STYLE_COLOUR('',#4473);
#4475=FILL_AREA_STYLE($,(#4474));
#4476=SURFACE_STYLE_FILL_AREA(#4475);
#4477=SURFACE_SIDE_STYLE('',(#4476));
#4478=SURFACE_STYLE_USAGE(.BOTH.,#4477);
#4479=PRESENTATION_STYLE_ASSIGNMENT((#4478));
#4480=STYLED_ITEM('',(#4479),#4472);
#4481=ADVANCED_FACE('',(#8989,#8991),#8993,.T.);
#4482=COLOUR_RGB('',0.968627450980392,0.87843137254902,0.6);
#4483=FILL_AREA_STYLE_COLOUR('',#4482);
#4484=FILL_AREA_STYLE($,(#4483));
#4485=SURFACE_STYLE_FILL_AREA(#4484);
#4486=SURFACE_SIDE_STYLE('',(#4485));
#4487=SURFACE_STYLE_USAGE(.BOTH.,#4486);
#4488=PRESENTATION_STYLE_ASSIGNMENT((#4487));
#4489=STYLED_ITEM('',(#4488),#4481);
#4490=ADVANCED_FACE('',(#8998,#9000),#9002,.T.);
#4491=COLOUR_RGB('',0.968627450980392,0.87843137254902,0.6);
#4492=FILL_AREA_STYLE_COLOUR('',#4491);
#4493=FILL_AREA_STYLE($,(#4492));
#4494=SURFACE_STYLE_FILL_AREA(#4493);
#4495=SURFACE_SIDE_STYLE('',(#4494));
#4496=SURFACE_STYLE_USAGE(.BOTH.,#4495);
#4497=PRESENTATION_STYLE_ASSIGNMENT((#4496));
#4498=STYLED_ITEM('',(#4497),#4490);
#4499=ADVANCED_FACE('',(#9007),#9009,.T.);
#4500=COLOUR_RGB('',0.968627450980392,0.87843137254902,0.6);
#4501=FILL_AREA_STYLE_COLOUR('',#4500);
#4502=FILL_AREA_STYLE($,(#4501));
#4503=SURFACE_STYLE_FILL_AREA(#4502);
#4504=SURFACE_SIDE_STYLE('',(#4503));
#4505=SURFACE_STYLE_USAGE(.BOTH.,#4504);
#4506=PRESENTATION_STYLE_ASSIGNMENT((#4505));
#4507=STYLED_ITEM('',(#4506),#4499);
#4508=ADVANCED_FACE('',(#9014),#9016,.T.);
#4509=COLOUR_RGB('',0.968627450980392,0.87843137254902,0.6);
#4510=FILL_AREA_STYLE_COLOUR('',#4509);
#4511=FILL_AREA_STYLE($,(#4510));
#4512=SURFACE_STYLE_FILL_AREA(#4511);
#4513=SURFACE_SIDE_STYLE('',(#4512));
#4514=SURFACE_STYLE_USAGE(.BOTH.,#4513);
#4515=PRESENTATION_STYLE_ASSIGNMENT((#4514));
#4516=STYLED_ITEM('',(#4515),#4508);
#4517=ADVANCED_FACE('',(#9021,#9023),#9025,.T.);
#4518=COLOUR_RGB('',0.968627450980392,0.87843137254902,0.6);
#4519=FILL_AREA_STYLE_COLOUR('',#4518);
#4520=FILL_AREA_STYLE($,(#4519));
#4521=SURFACE_STYLE_FILL_AREA(#4520);
#4522=SURFACE_SIDE_STYLE('',(#4521));
#4523=SURFACE_STYLE_USAGE(.BOTH.,#4522);
#4524=PRESENTATION_STYLE_ASSIGNMENT((#4523));
#4525=STYLED_ITEM('',(#4524),#4517);
#4526=ADVANCED_FACE('',(#9030,#9032),#9034,.T.);
#4527=COLOUR_RGB('',0.968627450980392,0.87843137254902,0.6);
#4528=FILL_AREA_STYLE_COLOUR('',#4527);
#4529=FILL_AREA_STYLE($,(#4528));
#4530=SURFACE_STYLE_FILL_AREA(#4529);
#4531=SURFACE_SIDE_STYLE('',(#4530));
#4532=SURFACE_STYLE_USAGE(.BOTH.,#4531);
#4533=PRESENTATION_STYLE_ASSIGNMENT((#4532));
#4534=STYLED_ITEM('',(#4533),#4526);
#4535=ADVANCED_FACE('',(#9039,#9041),#9043,.T.);
#4536=COLOUR_RGB('',0.968627450980392,0.87843137254902,0.6);
#4537=FILL_AREA_STYLE_COLOUR('',#4536);
#4538=FILL_AREA_STYLE($,(#4537));
#4539=SURFACE_STYLE_FILL_AREA(#4538);
#4540=SURFACE_SIDE_STYLE('',(#4539));
#4541=SURFACE_STYLE_USAGE(.BOTH.,#4540);
#4542=PRESENTATION_STYLE_ASSIGNMENT((#4541));
#4543=STYLED_ITEM('',(#4542),#4535);
#4544=ADVANCED_FACE('',(#9048,#9050),#9052,.T.);
#4545=COLOUR_RGB('',0.968627450980392,0.87843137254902,0.6);
#4546=FILL_AREA_STYLE_COLOUR('',#4545);
#4547=FILL_AREA_STYLE($,(#4546));
#4548=SURFACE_STYLE_FILL_AREA(#4547);
#4549=SURFACE_SIDE_STYLE('',(#4548));
#4550=SURFACE_STYLE_USAGE(.BOTH.,#4549);
#4551=PRESENTATION_STYLE_ASSIGNMENT((#4550));
#4552=STYLED_ITEM('',(#4551),#4544);
#4553=ADVANCED_FACE('',(#9057,#9059),#9061,.T.);
#4554=COLOUR_RGB('',0.968627450980392,0.87843137254902,0.6);
#4555=FILL_AREA_STYLE_COLOUR('',#4554);
#4556=FILL_AREA_STYLE($,(#4555));
#4557=SURFACE_STYLE_FILL_AREA(#4556);
#4558=SURFACE_SIDE_STYLE('',(#4557));
#4559=SURFACE_STYLE_USAGE(.BOTH.,#4558);
#4560=PRESENTATION_STYLE_ASSIGNMENT((#4559));
#4561=STYLED_ITEM('',(#4560),#4553);
#4562=ADVANCED_FACE('',(#9066,#9068),#9070,.T.);
#4563=COLOUR_RGB('',0.968627450980392,0.87843137254902,0.6);
#4564=FILL_AREA_STYLE_COLOUR('',#4563);
#4565=FILL_AREA_STYLE($,(#4564));
#4566=SURFACE_STYLE_FILL_AREA(#4565);
#4567=SURFACE_SIDE_STYLE('',(#4566));
#4568=SURFACE_STYLE_USAGE(.BOTH.,#4567);
#4569=PRESENTATION_STYLE_ASSIGNMENT((#4568));
#4570=STYLED_ITEM('',(#4569),#4562);
#4571=ADVANCED_FACE('',(#9075,#9077),#9079,.T.);
#4572=COLOUR_RGB('',0.968627450980392,0.87843137254902,0.6);
#4573=FILL_AREA_STYLE_COLOUR('',#4572);
#4574=FILL_AREA_STYLE($,(#4573));
#4575=SURFACE_STYLE_FILL_AREA(#4574);
#4576=SURFACE_SIDE_STYLE('',(#4575));
#4577=SURFACE_STYLE_USAGE(.BOTH.,#4576);
#4578=PRESENTATION_STYLE_ASSIGNMENT((#4577));
#4579=STYLED_ITEM('',(#4578),#4571);
#4580=ADVANCED_FACE('',(#9084),#9086,.T.);
#4581=COLOUR_RGB('',0.968627450980392,0.87843137254902,0.6);
#4582=FILL_AREA_STYLE_COLOUR('',#4581);
#4583=FILL_AREA_STYLE($,(#4582));
#4584=SURFACE_STYLE_FILL_AREA(#4583);
#4585=SURFACE_SIDE_STYLE('',(#4584));
#4586=SURFACE_STYLE_USAGE(.BOTH.,#4585);
#4587=PRESENTATION_STYLE_ASSIGNMENT((#4586));
#4588=STYLED_ITEM('',(#4587),#4580);
#4589=ADVANCED_FACE('',(#9091),#9093,.T.);
#4590=COLOUR_RGB('',0.968627450980392,0.87843137254902,0.6);
#4591=FILL_AREA_STYLE_COLOUR('',#4590);
#4592=FILL_AREA_STYLE($,(#4591));
#4593=SURFACE_STYLE_FILL_AREA(#4592);
#4594=SURFACE_SIDE_STYLE('',(#4593));
#4595=SURFACE_STYLE_USAGE(.BOTH.,#4594);
#4596=PRESENTATION_STYLE_ASSIGNMENT((#4595));
#4597=STYLED_ITEM('',(#4596),#4589);
#4598=ADVANCED_FACE('',(#9098,#9100),#9102,.T.);
#4599=COLOUR_RGB('',0.968627450980392,0.87843137254902,0.6);
#4600=FILL_AREA_STYLE_COLOUR('',#4599);
#4601=FILL_AREA_STYLE($,(#4600));
#4602=SURFACE_STYLE_FILL_AREA(#4601);
#4603=SURFACE_SIDE_STYLE('',(#4602));
#4604=SURFACE_STYLE_USAGE(.BOTH.,#4603);
#4605=PRESENTATION_STYLE_ASSIGNMENT((#4604));
#4606=STYLED_ITEM('',(#4605),#4598);
#4607=ADVANCED_FACE('',(#9107,#9109),#9111,.T.);
#4608=COLOUR_RGB('',0.968627450980392,0.87843137254902,0.6);
#4609=FILL_AREA_STYLE_COLOUR('',#4608);
#4610=FILL_AREA_STYLE($,(#4609));
#4611=SURFACE_STYLE_FILL_AREA(#4610);
#4612=SURFACE_SIDE_STYLE('',(#4611));
#4613=SURFACE_STYLE_USAGE(.BOTH.,#4612);
#4614=PRESENTATION_STYLE_ASSIGNMENT((#4613));
#4615=STYLED_ITEM('',(#4614),#4607);
#4616=ADVANCED_FACE('',(#9116,#9118),#9120,.T.);
#4617=COLOUR_RGB('',0.968627450980392,0.87843137254902,0.6);
#4618=FILL_AREA_STYLE_COLOUR('',#4617);
#4619=FILL_AREA_STYLE($,(#4618));
#4620=SURFACE_STYLE_FILL_AREA(#4619);
#4621=SURFACE_SIDE_STYLE('',(#4620));
#4622=SURFACE_STYLE_USAGE(.BOTH.,#4621);
#4623=PRESENTATION_STYLE_ASSIGNMENT((#4622));
#4624=STYLED_ITEM('',(#4623),#4616);
#4625=ADVANCED_FACE('',(#9125,#9127),#9129,.T.);
#4626=COLOUR_RGB('',0.968627450980392,0.87843137254902,0.6);
#4627=FILL_AREA_STYLE_COLOUR('',#4626);
#4628=FILL_AREA_STYLE($,(#4627));
#4629=SURFACE_STYLE_FILL_AREA(#4628);
#4630=SURFACE_SIDE_STYLE('',(#4629));
#4631=SURFACE_STYLE_USAGE(.BOTH.,#4630);
#4632=PRESENTATION_STYLE_ASSIGNMENT((#4631));
#4633=STYLED_ITEM('',(#4632),#4625);
#4634=ADVANCED_FACE('',(#9134,#9136),#9138,.T.);
#4635=COLOUR_RGB('',0.968627450980392,0.87843137254902,0.6);
#4636=FILL_AREA_STYLE_COLOUR('',#4635);
#4637=FILL_AREA_STYLE($,(#4636));
#4638=SURFACE_STYLE_FILL_AREA(#4637);
#4639=SURFACE_SIDE_STYLE('',(#4638));
#4640=SURFACE_STYLE_USAGE(.BOTH.,#4639);
#4641=PRESENTATION_STYLE_ASSIGNMENT((#4640));
#4642=STYLED_ITEM('',(#4641),#4634);
#4643=ADVANCED_FACE('',(#9143,#9145),#9147,.T.);
#4644=COLOUR_RGB('',0.968627450980392,0.87843137254902,0.6);
#4645=FILL_AREA_STYLE_COLOUR('',#4644);
#4646=FILL_AREA_STYLE($,(#4645));
#4647=SURFACE_STYLE_FILL_AREA(#4646);
#4648=SURFACE_SIDE_STYLE('',(#4647));
#4649=SURFACE_STYLE_USAGE(.BOTH.,#4648);
#4650=PRESENTATION_STYLE_ASSIGNMENT((#4649));
#4651=STYLED_ITEM('',(#4650),#4643);
#4652=ADVANCED_FACE('',(#9152,#9154),#9156,.T.);
#4653=COLOUR_RGB('',0.968627450980392,0.87843137254902,0.6);
#4654=FILL_AREA_STYLE_COLOUR('',#4653);
#4655=FILL_AREA_STYLE($,(#4654));
#4656=SURFACE_STYLE_FILL_AREA(#4655);
#4657=SURFACE_SIDE_STYLE('',(#4656));
#4658=SURFACE_STYLE_USAGE(.BOTH.,#4657);
#4659=PRESENTATION_STYLE_ASSIGNMENT((#4658));
#4660=STYLED_ITEM('',(#4659),#4652);
#4661=ADVANCED_FACE('',(#9161),#9163,.T.);
#4662=COLOUR_RGB('',0.968627450980392,0.87843137254902,0.6);
#4663=FILL_AREA_STYLE_COLOUR('',#4662);
#4664=FILL_AREA_STYLE($,(#4663));
#4665=SURFACE_STYLE_FILL_AREA(#4664);
#4666=SURFACE_SIDE_STYLE('',(#4665));
#4667=SURFACE_STYLE_USAGE(.BOTH.,#4666);
#4668=PRESENTATION_STYLE_ASSIGNMENT((#4667));
#4669=STYLED_ITEM('',(#4668),#4661);
#4670=ADVANCED_FACE('',(#9168),#9170,.T.);
#4671=COLOUR_RGB('',0.968627450980392,0.87843137254902,0.6);
#4672=FILL_AREA_STYLE_COLOUR('',#4671);
#4673=FILL_AREA_STYLE($,(#4672));
#4674=SURFACE_STYLE_FILL_AREA(#4673);
#4675=SURFACE_SIDE_STYLE('',(#4674));
#4676=SURFACE_STYLE_USAGE(.BOTH.,#4675);
#4677=PRESENTATION_STYLE_ASSIGNMENT((#4676));
#4678=STYLED_ITEM('',(#4677),#4670);
#4679=ADVANCED_FACE('',(#9175,#9177),#9179,.T.);
#4680=COLOUR_RGB('',0.968627450980392,0.87843137254902,0.6);
#4681=FILL_AREA_STYLE_COLOUR('',#4680);
#4682=FILL_AREA_STYLE($,(#4681));
#4683=SURFACE_STYLE_FILL_AREA(#4682);
#4684=SURFACE_SIDE_STYLE('',(#4683));
#4685=SURFACE_STYLE_USAGE(.BOTH.,#4684);
#4686=PRESENTATION_STYLE_ASSIGNMENT((#4685));
#4687=STYLED_ITEM('',(#4686),#4679);
#4688=ADVANCED_FACE('',(#9184,#9186),#9188,.T.);
#4689=COLOUR_RGB('',0.968627450980392,0.87843137254902,0.6);
#4690=FILL_AREA_STYLE_COLOUR('',#4689);
#4691=FILL_AREA_STYLE($,(#4690));
#4692=SURFACE_STYLE_FILL_AREA(#4691);
#4693=SURFACE_SIDE_STYLE('',(#4692));
#4694=SURFACE_STYLE_USAGE(.BOTH.,#4693);
#4695=PRESENTATION_STYLE_ASSIGNMENT((#4694));
#4696=STYLED_ITEM('',(#4695),#4688);
#4697=ADVANCED_FACE('',(#9193,#9195),#9197,.T.);
#4698=COLOUR_RGB('',0.968627450980392,0.87843137254902,0.6);
#4699=FILL_AREA_STYLE_COLOUR('',#4698);
#4700=FILL_AREA_STYLE($,(#4699));
#4701=SURFACE_STYLE_FILL_AREA(#4700);
#4702=SURFACE_SIDE_STYLE('',(#4701));
#4703=SURFACE_STYLE_USAGE(.BOTH.,#4702);
#4704=PRESENTATION_STYLE_ASSIGNMENT((#4703));
#4705=STYLED_ITEM('',(#4704),#4697);
#4706=ADVANCED_FACE('',(#9202,#9204),#9206,.T.);
#4707=COLOUR_RGB('',0.968627450980392,0.87843137254902,0.6);
#4708=FILL_AREA_STYLE_COLOUR('',#4707);
#4709=FILL_AREA_STYLE($,(#4708));
#4710=SURFACE_STYLE_FILL_AREA(#4709);
#4711=SURFACE_SIDE_STYLE('',(#4710));
#4712=SURFACE_STYLE_USAGE(.BOTH.,#4711);
#4713=PRESENTATION_STYLE_ASSIGNMENT((#4712));
#4714=STYLED_ITEM('',(#4713),#4706);
#4715=ADVANCED_FACE('',(#9211,#9213),#9215,.T.);
#4716=COLOUR_RGB('',0.968627450980392,0.87843137254902,0.6);
#4717=FILL_AREA_STYLE_COLOUR('',#4716);
#4718=FILL_AREA_STYLE($,(#4717));
#4719=SURFACE_STYLE_FILL_AREA(#4718);
#4720=SURFACE_SIDE_STYLE('',(#4719));
#4721=SURFACE_STYLE_USAGE(.BOTH.,#4720);
#4722=PRESENTATION_STYLE_ASSIGNMENT((#4721));
#4723=STYLED_ITEM('',(#4722),#4715);
#4724=ADVANCED_FACE('',(#9220,#9222),#9224,.T.);
#4725=COLOUR_RGB('',0.968627450980392,0.87843137254902,0.6);
#4726=FILL_AREA_STYLE_COLOUR('',#4725);
#4727=FILL_AREA_STYLE($,(#4726));
#4728=SURFACE_STYLE_FILL_AREA(#4727);
#4729=SURFACE_SIDE_STYLE('',(#4728));
#4730=SURFACE_STYLE_USAGE(.BOTH.,#4729);
#4731=PRESENTATION_STYLE_ASSIGNMENT((#4730));
#4732=STYLED_ITEM('',(#4731),#4724);
#4733=ADVANCED_FACE('',(#9229,#9231),#9233,.T.);
#4734=COLOUR_RGB('',0.968627450980392,0.87843137254902,0.6);
#4735=FILL_AREA_STYLE_COLOUR('',#4734);
#4736=FILL_AREA_STYLE($,(#4735));
#4737=SURFACE_STYLE_FILL_AREA(#4736);
#4738=SURFACE_SIDE_STYLE('',(#4737));
#4739=SURFACE_STYLE_USAGE(.BOTH.,#4738);
#4740=PRESENTATION_STYLE_ASSIGNMENT((#4739));
#4741=STYLED_ITEM('',(#4740),#4733);
#4742=ADVANCED_FACE('',(#9238),#9240,.T.);
#4743=COLOUR_RGB('',0.968627450980392,0.87843137254902,0.6);
#4744=FILL_AREA_STYLE_COLOUR('',#4743);
#4745=FILL_AREA_STYLE($,(#4744));
#4746=SURFACE_STYLE_FILL_AREA(#4745);
#4747=SURFACE_SIDE_STYLE('',(#4746));
#4748=SURFACE_STYLE_USAGE(.BOTH.,#4747);
#4749=PRESENTATION_STYLE_ASSIGNMENT((#4748));
#4750=STYLED_ITEM('',(#4749),#4742);
#4751=ADVANCED_FACE('',(#9245),#9247,.T.);
#4752=COLOUR_RGB('',0.968627450980392,0.87843137254902,0.6);
#4753=FILL_AREA_STYLE_COLOUR('',#4752);
#4754=FILL_AREA_STYLE($,(#4753));
#4755=SURFACE_STYLE_FILL_AREA(#4754);
#4756=SURFACE_SIDE_STYLE('',(#4755));
#4757=SURFACE_STYLE_USAGE(.BOTH.,#4756);
#4758=PRESENTATION_STYLE_ASSIGNMENT((#4757));
#4759=STYLED_ITEM('',(#4758),#4751);
#4760=ADVANCED_FACE('',(#9252,#9254),#9256,.T.);
#4761=COLOUR_RGB('',0.968627450980392,0.87843137254902,0.6);
#4762=FILL_AREA_STYLE_COLOUR('',#4761);
#4763=FILL_AREA_STYLE($,(#4762));
#4764=SURFACE_STYLE_FILL_AREA(#4763);
#4765=SURFACE_SIDE_STYLE('',(#4764));
#4766=SURFACE_STYLE_USAGE(.BOTH.,#4765);
#4767=PRESENTATION_STYLE_ASSIGNMENT((#4766));
#4768=STYLED_ITEM('',(#4767),#4760);
#4769=ADVANCED_FACE('',(#9261,#9263),#9265,.T.);
#4770=COLOUR_RGB('',0.968627450980392,0.87843137254902,0.6);
#4771=FILL_AREA_STYLE_COLOUR('',#4770);
#4772=FILL_AREA_STYLE($,(#4771));
#4773=SURFACE_STYLE_FILL_AREA(#4772);
#4774=SURFACE_SIDE_STYLE('',(#4773));
#4775=SURFACE_STYLE_USAGE(.BOTH.,#4774);
#4776=PRESENTATION_STYLE_ASSIGNMENT((#4775));
#4777=STYLED_ITEM('',(#4776),#4769);
#4778=ADVANCED_FACE('',(#9270,#9272),#9274,.T.);
#4779=COLOUR_RGB('',0.968627450980392,0.87843137254902,0.6);
#4780=FILL_AREA_STYLE_COLOUR('',#4779);
#4781=FILL_AREA_STYLE($,(#4780));
#4782=SURFACE_STYLE_FILL_AREA(#4781);
#4783=SURFACE_SIDE_STYLE('',(#4782));
#4784=SURFACE_STYLE_USAGE(.BOTH.,#4783);
#4785=PRESENTATION_STYLE_ASSIGNMENT((#4784));
#4786=STYLED_ITEM('',(#4785),#4778);
#4787=ADVANCED_FACE('',(#9279,#9281),#9283,.T.);
#4788=COLOUR_RGB('',0.968627450980392,0.87843137254902,0.6);
#4789=FILL_AREA_STYLE_COLOUR('',#4788);
#4790=FILL_AREA_STYLE($,(#4789));
#4791=SURFACE_STYLE_FILL_AREA(#4790);
#4792=SURFACE_SIDE_STYLE('',(#4791));
#4793=SURFACE_STYLE_USAGE(.BOTH.,#4792);
#4794=PRESENTATION_STYLE_ASSIGNMENT((#4793));
#4795=STYLED_ITEM('',(#4794),#4787);
#4796=ADVANCED_FACE('',(#9288,#9290),#9292,.T.);
#4797=COLOUR_RGB('',0.968627450980392,0.87843137254902,0.6);
#4798=FILL_AREA_STYLE_COLOUR('',#4797);
#4799=FILL_AREA_STYLE($,(#4798));
#4800=SURFACE_STYLE_FILL_AREA(#4799);
#4801=SURFACE_SIDE_STYLE('',(#4800));
#4802=SURFACE_STYLE_USAGE(.BOTH.,#4801);
#4803=PRESENTATION_STYLE_ASSIGNMENT((#4802));
#4804=STYLED_ITEM('',(#4803),#4796);
#4805=ADVANCED_FACE('',(#9297,#9299),#9301,.T.);
#4806=COLOUR_RGB('',0.968627450980392,0.87843137254902,0.6);
#4807=FILL_AREA_STYLE_COLOUR('',#4806);
#4808=FILL_AREA_STYLE($,(#4807));
#4809=SURFACE_STYLE_FILL_AREA(#4808);
#4810=SURFACE_SIDE_STYLE('',(#4809));
#4811=SURFACE_STYLE_USAGE(.BOTH.,#4810);
#4812=PRESENTATION_STYLE_ASSIGNMENT((#4811));
#4813=STYLED_ITEM('',(#4812),#4805);
#4814=ADVANCED_FACE('',(#9306,#9308),#9310,.T.);
#4815=COLOUR_RGB('',0.968627450980392,0.87843137254902,0.6);
#4816=FILL_AREA_STYLE_COLOUR('',#4815);
#4817=FILL_AREA_STYLE($,(#4816));
#4818=SURFACE_STYLE_FILL_AREA(#4817);
#4819=SURFACE_SIDE_STYLE('',(#4818));
#4820=SURFACE_STYLE_USAGE(.BOTH.,#4819);
#4821=PRESENTATION_STYLE_ASSIGNMENT((#4820));
#4822=STYLED_ITEM('',(#4821),#4814);
#4823=ADVANCED_FACE('',(#9315),#9317,.T.);
#4824=COLOUR_RGB('',0.968627450980392,0.87843137254902,0.6);
#4825=FILL_AREA_STYLE_COLOUR('',#4824);
#4826=FILL_AREA_STYLE($,(#4825));
#4827=SURFACE_STYLE_FILL_AREA(#4826);
#4828=SURFACE_SIDE_STYLE('',(#4827));
#4829=SURFACE_STYLE_USAGE(.BOTH.,#4828);
#4830=PRESENTATION_STYLE_ASSIGNMENT((#4829));
#4831=STYLED_ITEM('',(#4830),#4823);
#4832=ADVANCED_FACE('',(#9322),#9324,.T.);
#4833=COLOUR_RGB('',0.968627450980392,0.87843137254902,0.6);
#4834=FILL_AREA_STYLE_COLOUR('',#4833);
#4835=FILL_AREA_STYLE($,(#4834));
#4836=SURFACE_STYLE_FILL_AREA(#4835);
#4837=SURFACE_SIDE_STYLE('',(#4836));
#4838=SURFACE_STYLE_USAGE(.BOTH.,#4837);
#4839=PRESENTATION_STYLE_ASSIGNMENT((#4838));
#4840=STYLED_ITEM('',(#4839),#4832);
#4841=ADVANCED_FACE('',(#9329,#9331),#9333,.T.);
#4842=COLOUR_RGB('',0.968627450980392,0.87843137254902,0.6);
#4843=FILL_AREA_STYLE_COLOUR('',#4842);
#4844=FILL_AREA_STYLE($,(#4843));
#4845=SURFACE_STYLE_FILL_AREA(#4844);
#4846=SURFACE_SIDE_STYLE('',(#4845));
#4847=SURFACE_STYLE_USAGE(.BOTH.,#4846);
#4848=PRESENTATION_STYLE_ASSIGNMENT((#4847));
#4849=STYLED_ITEM('',(#4848),#4841);
#4850=ADVANCED_FACE('',(#9338,#9340),#9342,.T.);
#4851=COLOUR_RGB('',0.968627450980392,0.87843137254902,0.6);
#4852=FILL_AREA_STYLE_COLOUR('',#4851);
#4853=FILL_AREA_STYLE($,(#4852));
#4854=SURFACE_STYLE_FILL_AREA(#4853);
#4855=SURFACE_SIDE_STYLE('',(#4854));
#4856=SURFACE_STYLE_USAGE(.BOTH.,#4855);
#4857=PRESENTATION_STYLE_ASSIGNMENT((#4856));
#4858=STYLED_ITEM('',(#4857),#4850);
#4859=ADVANCED_FACE('',(#9347,#9349),#9351,.T.);
#4860=COLOUR_RGB('',0.968627450980392,0.87843137254902,0.6);
#4861=FILL_AREA_STYLE_COLOUR('',#4860);
#4862=FILL_AREA_STYLE($,(#4861));
#4863=SURFACE_STYLE_FILL_AREA(#4862);
#4864=SURFACE_SIDE_STYLE('',(#4863));
#4865=SURFACE_STYLE_USAGE(.BOTH.,#4864);
#4866=PRESENTATION_STYLE_ASSIGNMENT((#4865));
#4867=STYLED_ITEM('',(#4866),#4859);
#4868=ADVANCED_FACE('',(#9356,#9358),#9360,.T.);
#4869=COLOUR_RGB('',0.968627450980392,0.87843137254902,0.6);
#4870=FILL_AREA_STYLE_COLOUR('',#4869);
#4871=FILL_AREA_STYLE($,(#4870));
#4872=SURFACE_STYLE_FILL_AREA(#4871);
#4873=SURFACE_SIDE_STYLE('',(#4872));
#4874=SURFACE_STYLE_USAGE(.BOTH.,#4873);
#4875=PRESENTATION_STYLE_ASSIGNMENT((#4874));
#4876=STYLED_ITEM('',(#4875),#4868);
#4877=ADVANCED_FACE('',(#9365,#9367),#9369,.T.);
#4878=COLOUR_RGB('',0.968627450980392,0.87843137254902,0.6);
#4879=FILL_AREA_STYLE_COLOUR('',#4878);
#4880=FILL_AREA_STYLE($,(#4879));
#4881=SURFACE_STYLE_FILL_AREA(#4880);
#4882=SURFACE_SIDE_STYLE('',(#4881));
#4883=SURFACE_STYLE_USAGE(.BOTH.,#4882);
#4884=PRESENTATION_STYLE_ASSIGNMENT((#4883));
#4885=STYLED_ITEM('',(#4884),#4877);
#4886=ADVANCED_FACE('',(#9374,#9376),#9378,.T.);
#4887=COLOUR_RGB('',0.968627450980392,0.87843137254902,0.6);
#4888=FILL_AREA_STYLE_COLOUR('',#4887);
#4889=FILL_AREA_STYLE($,(#4888));
#4890=SURFACE_STYLE_FILL_AREA(#4889);
#4891=SURFACE_SIDE_STYLE('',(#4890));
#4892=SURFACE_STYLE_USAGE(.BOTH.,#4891);
#4893=PRESENTATION_STYLE_ASSIGNMENT((#4892));
#4894=STYLED_ITEM('',(#4893),#4886);
#4895=ADVANCED_FACE('',(#9383,#9385),#9387,.T.);
#4896=COLOUR_RGB('',0.968627450980392,0.87843137254902,0.6);
#4897=FILL_AREA_STYLE_COLOUR('',#4896);
#4898=FILL_AREA_STYLE($,(#4897));
#4899=SURFACE_STYLE_FILL_AREA(#4898);
#4900=SURFACE_SIDE_STYLE('',(#4899));
#4901=SURFACE_STYLE_USAGE(.BOTH.,#4900);
#4902=PRESENTATION_STYLE_ASSIGNMENT((#4901));
#4903=STYLED_ITEM('',(#4902),#4895);
#4904=ADVANCED_FACE('',(#9392),#9394,.T.);
#4905=COLOUR_RGB('',0.968627450980392,0.87843137254902,0.6);
#4906=FILL_AREA_STYLE_COLOUR('',#4905);
#4907=FILL_AREA_STYLE($,(#4906));
#4908=SURFACE_STYLE_FILL_AREA(#4907);
#4909=SURFACE_SIDE_STYLE('',(#4908));
#4910=SURFACE_STYLE_USAGE(.BOTH.,#4909);
#4911=PRESENTATION_STYLE_ASSIGNMENT((#4910));
#4912=STYLED_ITEM('',(#4911),#4904);
#4913=ADVANCED_FACE('',(#9399),#9401,.T.);
#4914=COLOUR_RGB('',0.968627450980392,0.87843137254902,0.6);
#4915=FILL_AREA_STYLE_COLOUR('',#4914);
#4916=FILL_AREA_STYLE($,(#4915));
#4917=SURFACE_STYLE_FILL_AREA(#4916);
#4918=SURFACE_SIDE_STYLE('',(#4917));
#4919=SURFACE_STYLE_USAGE(.BOTH.,#4918);
#4920=PRESENTATION_STYLE_ASSIGNMENT((#4919));
#4921=STYLED_ITEM('',(#4920),#4913);
#4922=ADVANCED_FACE('',(#9406,#9408),#9410,.T.);
#4923=COLOUR_RGB('',0.968627450980392,0.87843137254902,0.6);
#4924=FILL_AREA_STYLE_COLOUR('',#4923);
#4925=FILL_AREA_STYLE($,(#4924));
#4926=SURFACE_STYLE_FILL_AREA(#4925);
#4927=SURFACE_SIDE_STYLE('',(#4926));
#4928=SURFACE_STYLE_USAGE(.BOTH.,#4927);
#4929=PRESENTATION_STYLE_ASSIGNMENT((#4928));
#4930=STYLED_ITEM('',(#4929),#4922);
#4931=ADVANCED_FACE('',(#9415,#9417),#9419,.T.);
#4932=COLOUR_RGB('',0.968627450980392,0.87843137254902,0.6);
#4933=FILL_AREA_STYLE_COLOUR('',#4932);
#4934=FILL_AREA_STYLE($,(#4933));
#4935=SURFACE_STYLE_FILL_AREA(#4934);
#4936=SURFACE_SIDE_STYLE('',(#4935));
#4937=SURFACE_STYLE_USAGE(.BOTH.,#4936);
#4938=PRESENTATION_STYLE_ASSIGNMENT((#4937));
#4939=STYLED_ITEM('',(#4938),#4931);
#4940=ADVANCED_FACE('',(#9424,#9426),#9428,.T.);
#4941=COLOUR_RGB('',0.968627450980392,0.87843137254902,0.6);
#4942=FILL_AREA_STYLE_COLOUR('',#4941);
#4943=FILL_AREA_STYLE($,(#4942));
#4944=SURFACE_STYLE_FILL_AREA(#4943);
#4945=SURFACE_SIDE_STYLE('',(#4944));
#4946=SURFACE_STYLE_USAGE(.BOTH.,#4945);
#4947=PRESENTATION_STYLE_ASSIGNMENT((#4946));
#4948=STYLED_ITEM('',(#4947),#4940);
#4949=ADVANCED_FACE('',(#9433,#9435),#9437,.T.);
#4950=COLOUR_RGB('',0.968627450980392,0.87843137254902,0.6);
#4951=FILL_AREA_STYLE_COLOUR('',#4950);
#4952=FILL_AREA_STYLE($,(#4951));
#4953=SURFACE_STYLE_FILL_AREA(#4952);
#4954=SURFACE_SIDE_STYLE('',(#4953));
#4955=SURFACE_STYLE_USAGE(.BOTH.,#4954);
#4956=PRESENTATION_STYLE_ASSIGNMENT((#4955));
#4957=STYLED_ITEM('',(#4956),#4949);
#4958=ADVANCED_FACE('',(#9442,#9444),#9446,.T.);
#4959=COLOUR_RGB('',0.968627450980392,0.87843137254902,0.6);
#4960=FILL_AREA_STYLE_COLOUR('',#4959);
#4961=FILL_AREA_STYLE($,(#4960));
#4962=SURFACE_STYLE_FILL_AREA(#4961);
#4963=SURFACE_SIDE_STYLE('',(#4962));
#4964=SURFACE_STYLE_USAGE(.BOTH.,#4963);
#4965=PRESENTATION_STYLE_ASSIGNMENT((#4964));
#4966=STYLED_ITEM('',(#4965),#4958);
#4967=ADVANCED_FACE('',(#9451,#9453),#9455,.T.);
#4968=COLOUR_RGB('',0.968627450980392,0.87843137254902,0.6);
#4969=FILL_AREA_STYLE_COLOUR('',#4968);
#4970=FILL_AREA_STYLE($,(#4969));
#4971=SURFACE_STYLE_FILL_AREA(#4970);
#4972=SURFACE_SIDE_STYLE('',(#4971));
#4973=SURFACE_STYLE_USAGE(.BOTH.,#4972);
#4974=PRESENTATION_STYLE_ASSIGNMENT((#4973));
#4975=STYLED_ITEM('',(#4974),#4967);
#4976=ADVANCED_FACE('',(#9460,#9462),#9464,.T.);
#4977=COLOUR_RGB('',0.968627450980392,0.87843137254902,0.6);
#4978=FILL_AREA_STYLE_COLOUR('',#4977);
#4979=FILL_AREA_STYLE($,(#4978));
#4980=SURFACE_STYLE_FILL_AREA(#4979);
#4981=SURFACE_SIDE_STYLE('',(#4980));
#4982=SURFACE_STYLE_USAGE(.BOTH.,#4981);
#4983=PRESENTATION_STYLE_ASSIGNMENT((#4982));
#4984=STYLED_ITEM('',(#4983),#4976);
#4985=ADVANCED_FACE('',(#9469),#9471,.T.);
#4986=COLOUR_RGB('',0.968627450980392,0.87843137254902,0.6);
#4987=FILL_AREA_STYLE_COLOUR('',#4986);
#4988=FILL_AREA_STYLE($,(#4987));
#4989=SURFACE_STYLE_FILL_AREA(#4988);
#4990=SURFACE_SIDE_STYLE('',(#4989));
#4991=SURFACE_STYLE_USAGE(.BOTH.,#4990);
#4992=PRESENTATION_STYLE_ASSIGNMENT((#4991));
#4993=STYLED_ITEM('',(#4992),#4985);
#4994=ADVANCED_FACE('',(#9476),#9478,.T.);
#4995=COLOUR_RGB('',0.968627450980392,0.87843137254902,0.6);
#4996=FILL_AREA_STYLE_COLOUR('',#4995);
#4997=FILL_AREA_STYLE($,(#4996));
#4998=SURFACE_STYLE_FILL_AREA(#4997);
#4999=SURFACE_SIDE_STYLE('',(#4998));
#5000=SURFACE_STYLE_USAGE(.BOTH.,#4999);
#5001=PRESENTATION_STYLE_ASSIGNMENT((#5000));
#5002=STYLED_ITEM('',(#5001),#4994);
#5003=ADVANCED_FACE('',(#9483,#9485),#9487,.T.);
#5004=COLOUR_RGB('',0.968627450980392,0.87843137254902,0.6);
#5005=FILL_AREA_STYLE_COLOUR('',#5004);
#5006=FILL_AREA_STYLE($,(#5005));
#5007=SURFACE_STYLE_FILL_AREA(#5006);
#5008=SURFACE_SIDE_STYLE('',(#5007));
#5009=SURFACE_STYLE_USAGE(.BOTH.,#5008);
#5010=PRESENTATION_STYLE_ASSIGNMENT((#5009));
#5011=STYLED_ITEM('',(#5010),#5003);
#5012=ADVANCED_FACE('',(#9492,#9494),#9496,.T.);
#5013=COLOUR_RGB('',0.968627450980392,0.87843137254902,0.6);
#5014=FILL_AREA_STYLE_COLOUR('',#5013);
#5015=FILL_AREA_STYLE($,(#5014));
#5016=SURFACE_STYLE_FILL_AREA(#5015);
#5017=SURFACE_SIDE_STYLE('',(#5016));
#5018=SURFACE_STYLE_USAGE(.BOTH.,#5017);
#5019=PRESENTATION_STYLE_ASSIGNMENT((#5018));
#5020=STYLED_ITEM('',(#5019),#5012);
#5021=ADVANCED_FACE('',(#9501,#9503),#9505,.T.);
#5022=COLOUR_RGB('',0.968627450980392,0.87843137254902,0.6);
#5023=FILL_AREA_STYLE_COLOUR('',#5022);
#5024=FILL_AREA_STYLE($,(#5023));
#5025=SURFACE_STYLE_FILL_AREA(#5024);
#5026=SURFACE_SIDE_STYLE('',(#5025));
#5027=SURFACE_STYLE_USAGE(.BOTH.,#5026);
#5028=PRESENTATION_STYLE_ASSIGNMENT((#5027));
#5029=STYLED_ITEM('',(#5028),#5021);
#5030=ADVANCED_FACE('',(#9510,#9512),#9514,.T.);
#5031=COLOUR_RGB('',0.968627450980392,0.87843137254902,0.6);
#5032=FILL_AREA_STYLE_COLOUR('',#5031);
#5033=FILL_AREA_STYLE($,(#5032));
#5034=SURFACE_STYLE_FILL_AREA(#5033);
#5035=SURFACE_SIDE_STYLE('',(#5034));
#5036=SURFACE_STYLE_USAGE(.BOTH.,#5035);
#5037=PRESENTATION_STYLE_ASSIGNMENT((#5036));
#5038=STYLED_ITEM('',(#5037),#5030);
#5039=ADVANCED_FACE('',(#9519,#9521),#9523,.T.);
#5040=COLOUR_RGB('',0.968627450980392,0.87843137254902,0.6);
#5041=FILL_AREA_STYLE_COLOUR('',#5040);
#5042=FILL_AREA_STYLE($,(#5041));
#5043=SURFACE_STYLE_FILL_AREA(#5042);
#5044=SURFACE_SIDE_STYLE('',(#5043));
#5045=SURFACE_STYLE_USAGE(.BOTH.,#5044);
#5046=PRESENTATION_STYLE_ASSIGNMENT((#5045));
#5047=STYLED_ITEM('',(#5046),#5039);
#5048=ADVANCED_FACE('',(#9528,#9530),#9532,.T.);
#5049=COLOUR_RGB('',0.968627450980392,0.87843137254902,0.6);
#5050=FILL_AREA_STYLE_COLOUR('',#5049);
#5051=FILL_AREA_STYLE($,(#5050));
#5052=SURFACE_STYLE_FILL_AREA(#5051);
#5053=SURFACE_SIDE_STYLE('',(#5052));
#5054=SURFACE_STYLE_USAGE(.BOTH.,#5053);
#5055=PRESENTATION_STYLE_ASSIGNMENT((#5054));
#5056=STYLED_ITEM('',(#5055),#5048);
#5057=ADVANCED_FACE('',(#9537,#9539),#9541,.T.);
#5058=COLOUR_RGB('',0.968627450980392,0.87843137254902,0.6);
#5059=FILL_AREA_STYLE_COLOUR('',#5058);
#5060=FILL_AREA_STYLE($,(#5059));
#5061=SURFACE_STYLE_FILL_AREA(#5060);
#5062=SURFACE_SIDE_STYLE('',(#5061));
#5063=SURFACE_STYLE_USAGE(.BOTH.,#5062);
#5064=PRESENTATION_STYLE_ASSIGNMENT((#5063));
#5065=STYLED_ITEM('',(#5064),#5057);
#5066=ADVANCED_FACE('',(#9546),#9548,.T.);
#5067=COLOUR_RGB('',0.968627450980392,0.87843137254902,0.6);
#5068=FILL_AREA_STYLE_COLOUR('',#5067);
#5069=FILL_AREA_STYLE($,(#5068));
#5070=SURFACE_STYLE_FILL_AREA(#5069);
#5071=SURFACE_SIDE_STYLE('',(#5070));
#5072=SURFACE_STYLE_USAGE(.BOTH.,#5071);
#5073=PRESENTATION_STYLE_ASSIGNMENT((#5072));
#5074=STYLED_ITEM('',(#5073),#5066);
#5075=ADVANCED_FACE('',(#9553),#9555,.T.);
#5076=COLOUR_RGB('',0.968627450980392,0.87843137254902,0.6);
#5077=FILL_AREA_STYLE_COLOUR('',#5076);
#5078=FILL_AREA_STYLE($,(#5077));
#5079=SURFACE_STYLE_FILL_AREA(#5078);
#5080=SURFACE_SIDE_STYLE('',(#5079));
#5081=SURFACE_STYLE_USAGE(.BOTH.,#5080);
#5082=PRESENTATION_STYLE_ASSIGNMENT((#5081));
#5083=STYLED_ITEM('',(#5082),#5075);
#5084=ADVANCED_FACE('',(#9560,#9562),#9564,.T.);
#5085=COLOUR_RGB('',0.968627450980392,0.87843137254902,0.6);
#5086=FILL_AREA_STYLE_COLOUR('',#5085);
#5087=FILL_AREA_STYLE($,(#5086));
#5088=SURFACE_STYLE_FILL_AREA(#5087);
#5089=SURFACE_SIDE_STYLE('',(#5088));
#5090=SURFACE_STYLE_USAGE(.BOTH.,#5089);
#5091=PRESENTATION_STYLE_ASSIGNMENT((#5090));
#5092=STYLED_ITEM('',(#5091),#5084);
#5093=ADVANCED_FACE('',(#9569,#9571),#9573,.T.);
#5094=COLOUR_RGB('',0.968627450980392,0.87843137254902,0.6);
#5095=FILL_AREA_STYLE_COLOUR('',#5094);
#5096=FILL_AREA_STYLE($,(#5095));
#5097=SURFACE_STYLE_FILL_AREA(#5096);
#5098=SURFACE_SIDE_STYLE('',(#5097));
#5099=SURFACE_STYLE_USAGE(.BOTH.,#5098);
#5100=PRESENTATION_STYLE_ASSIGNMENT((#5099));
#5101=STYLED_ITEM('',(#5100),#5093);
#5102=ADVANCED_FACE('',(#9578,#9580),#9582,.T.);
#5103=COLOUR_RGB('',0.968627450980392,0.87843137254902,0.6);
#5104=FILL_AREA_STYLE_COLOUR('',#5103);
#5105=FILL_AREA_STYLE($,(#5104));
#5106=SURFACE_STYLE_FILL_AREA(#5105);
#5107=SURFACE_SIDE_STYLE('',(#5106));
#5108=SURFACE_STYLE_USAGE(.BOTH.,#5107);
#5109=PRESENTATION_STYLE_ASSIGNMENT((#5108));
#5110=STYLED_ITEM('',(#5109),#5102);
#5111=ADVANCED_FACE('',(#9587,#9589),#9591,.T.);
#5112=COLOUR_RGB('',0.968627450980392,0.87843137254902,0.6);
#5113=FILL_AREA_STYLE_COLOUR('',#5112);
#5114=FILL_AREA_STYLE($,(#5113));
#5115=SURFACE_STYLE_FILL_AREA(#5114);
#5116=SURFACE_SIDE_STYLE('',(#5115));
#5117=SURFACE_STYLE_USAGE(.BOTH.,#5116);
#5118=PRESENTATION_STYLE_ASSIGNMENT((#5117));
#5119=STYLED_ITEM('',(#5118),#5111);
#5120=ADVANCED_FACE('',(#9596,#9598),#9600,.T.);
#5121=COLOUR_RGB('',0.968627450980392,0.87843137254902,0.6);
#5122=FILL_AREA_STYLE_COLOUR('',#5121);
#5123=FILL_AREA_STYLE($,(#5122));
#5124=SURFACE_STYLE_FILL_AREA(#5123);
#5125=SURFACE_SIDE_STYLE('',(#5124));
#5126=SURFACE_STYLE_USAGE(.BOTH.,#5125);
#5127=PRESENTATION_STYLE_ASSIGNMENT((#5126));
#5128=STYLED_ITEM('',(#5127),#5120);
#5129=ADVANCED_FACE('',(#9605,#9607),#9609,.T.);
#5130=COLOUR_RGB('',0.968627450980392,0.87843137254902,0.6);
#5131=FILL_AREA_STYLE_COLOUR('',#5130);
#5132=FILL_AREA_STYLE($,(#5131));
#5133=SURFACE_STYLE_FILL_AREA(#5132);
#5134=SURFACE_SIDE_STYLE('',(#5133));
#5135=SURFACE_STYLE_USAGE(.BOTH.,#5134);
#5136=PRESENTATION_STYLE_ASSIGNMENT((#5135));
#5137=STYLED_ITEM('',(#5136),#5129);
#5138=ADVANCED_FACE('',(#9614,#9616),#9618,.T.);
#5139=COLOUR_RGB('',0.968627450980392,0.87843137254902,0.6);
#5140=FILL_AREA_STYLE_COLOUR('',#5139);
#5141=FILL_AREA_STYLE($,(#5140));
#5142=SURFACE_STYLE_FILL_AREA(#5141);
#5143=SURFACE_SIDE_STYLE('',(#5142));
#5144=SURFACE_STYLE_USAGE(.BOTH.,#5143);
#5145=PRESENTATION_STYLE_ASSIGNMENT((#5144));
#5146=STYLED_ITEM('',(#5145),#5138);
#5147=ADVANCED_FACE('',(#9623),#9625,.T.);
#5148=COLOUR_RGB('',0.968627450980392,0.87843137254902,0.6);
#5149=FILL_AREA_STYLE_COLOUR('',#5148);
#5150=FILL_AREA_STYLE($,(#5149));
#5151=SURFACE_STYLE_FILL_AREA(#5150);
#5152=SURFACE_SIDE_STYLE('',(#5151));
#5153=SURFACE_STYLE_USAGE(.BOTH.,#5152);
#5154=PRESENTATION_STYLE_ASSIGNMENT((#5153));
#5155=STYLED_ITEM('',(#5154),#5147);
#5156=ADVANCED_FACE('',(#9630),#9632,.T.);
#5157=COLOUR_RGB('',0.968627450980392,0.87843137254902,0.6);
#5158=FILL_AREA_STYLE_COLOUR('',#5157);
#5159=FILL_AREA_STYLE($,(#5158));
#5160=SURFACE_STYLE_FILL_AREA(#5159);
#5161=SURFACE_SIDE_STYLE('',(#5160));
#5162=SURFACE_STYLE_USAGE(.BOTH.,#5161);
#5163=PRESENTATION_STYLE_ASSIGNMENT((#5162));
#5164=STYLED_ITEM('',(#5163),#5156);
#5165=ADVANCED_FACE('',(#9637,#9639),#9641,.T.);
#5166=COLOUR_RGB('',0.968627450980392,0.87843137254902,0.6);
#5167=FILL_AREA_STYLE_COLOUR('',#5166);
#5168=FILL_AREA_STYLE($,(#5167));
#5169=SURFACE_STYLE_FILL_AREA(#5168);
#5170=SURFACE_SIDE_STYLE('',(#5169));
#5171=SURFACE_STYLE_USAGE(.BOTH.,#5170);
#5172=PRESENTATION_STYLE_ASSIGNMENT((#5171));
#5173=STYLED_ITEM('',(#5172),#5165);
#5174=ADVANCED_FACE('',(#9646,#9648),#9650,.T.);
#5175=COLOUR_RGB('',0.968627450980392,0.87843137254902,0.6);
#5176=FILL_AREA_STYLE_COLOUR('',#5175);
#5177=FILL_AREA_STYLE($,(#5176));
#5178=SURFACE_STYLE_FILL_AREA(#5177);
#5179=SURFACE_SIDE_STYLE('',(#5178));
#5180=SURFACE_STYLE_USAGE(.BOTH.,#5179);
#5181=PRESENTATION_STYLE_ASSIGNMENT((#5180));
#5182=STYLED_ITEM('',(#5181),#5174);
#5183=ADVANCED_FACE('',(#9655,#9657),#9659,.T.);
#5184=COLOUR_RGB('',0.968627450980392,0.87843137254902,0.6);
#5185=FILL_AREA_STYLE_COLOUR('',#5184);
#5186=FILL_AREA_STYLE($,(#5185));
#5187=SURFACE_STYLE_FILL_AREA(#5186);
#5188=SURFACE_SIDE_STYLE('',(#5187));
#5189=SURFACE_STYLE_USAGE(.BOTH.,#5188);
#5190=PRESENTATION_STYLE_ASSIGNMENT((#5189));
#5191=STYLED_ITEM('',(#5190),#5183);
#5192=ADVANCED_FACE('',(#9664,#9666),#9668,.T.);
#5193=COLOUR_RGB('',0.968627450980392,0.87843137254902,0.6);
#5194=FILL_AREA_STYLE_COLOUR('',#5193);
#5195=FILL_AREA_STYLE($,(#5194));
#5196=SURFACE_STYLE_FILL_AREA(#5195);
#5197=SURFACE_SIDE_STYLE('',(#5196));
#5198=SURFACE_STYLE_USAGE(.BOTH.,#5197);
#5199=PRESENTATION_STYLE_ASSIGNMENT((#5198));
#5200=STYLED_ITEM('',(#5199),#5192);
#5201=ADVANCED_FACE('',(#9673,#9675),#9677,.T.);
#5202=COLOUR_RGB('',0.968627450980392,0.87843137254902,0.6);
#5203=FILL_AREA_STYLE_COLOUR('',#5202);
#5204=FILL_AREA_STYLE($,(#5203));
#5205=SURFACE_STYLE_FILL_AREA(#5204);
#5206=SURFACE_SIDE_STYLE('',(#5205));
#5207=SURFACE_STYLE_USAGE(.BOTH.,#5206);
#5208=PRESENTATION_STYLE_ASSIGNMENT((#5207));
#5209=STYLED_ITEM('',(#5208),#5201);
#5210=ADVANCED_FACE('',(#9682,#9684),#9686,.T.);
#5211=COLOUR_RGB('',0.968627450980392,0.87843137254902,0.6);
#5212=FILL_AREA_STYLE_COLOUR('',#5211);
#5213=FILL_AREA_STYLE($,(#5212));
#5214=SURFACE_STYLE_FILL_AREA(#5213);
#5215=SURFACE_SIDE_STYLE('',(#5214));
#5216=SURFACE_STYLE_USAGE(.BOTH.,#5215);
#5217=PRESENTATION_STYLE_ASSIGNMENT((#5216));
#5218=STYLED_ITEM('',(#5217),#5210);
#5219=ADVANCED_FACE('',(#9691,#9693),#9695,.T.);
#5220=COLOUR_RGB('',0.968627450980392,0.87843137254902,0.6);
#5221=FILL_AREA_STYLE_COLOUR('',#5220);
#5222=FILL_AREA_STYLE($,(#5221));
#5223=SURFACE_STYLE_FILL_AREA(#5222);
#5224=SURFACE_SIDE_STYLE('',(#5223));
#5225=SURFACE_STYLE_USAGE(.BOTH.,#5224);
#5226=PRESENTATION_STYLE_ASSIGNMENT((#5225));
#5227=STYLED_ITEM('',(#5226),#5219);
#5228=ADVANCED_FACE('',(#9700),#9702,.T.);
#5229=COLOUR_RGB('',0.968627450980392,0.87843137254902,0.6);
#5230=FILL_AREA_STYLE_COLOUR('',#5229);
#5231=FILL_AREA_STYLE($,(#5230));
#5232=SURFACE_STYLE_FILL_AREA(#5231);
#5233=SURFACE_SIDE_STYLE('',(#5232));
#5234=SURFACE_STYLE_USAGE(.BOTH.,#5233);
#5235=PRESENTATION_STYLE_ASSIGNMENT((#5234));
#5236=STYLED_ITEM('',(#5235),#5228);
#5237=FACE_OUTER_BOUND('',#5238,.T.);
#5238=EDGE_LOOP('',(#9707));
#5239=FACE_OUTER_BOUND('',#5240,.T.);
#5240=EDGE_LOOP('',(#9708));
#5241=CYLINDRICAL_SURFACE('',#5242,0.66);
#5242=AXIS2_PLACEMENT_3D('',#5243,#5244,#5245);
#5243=CARTESIAN_POINT('',(63.5,0.,1.5));
#5244=DIRECTION('',(0.,0.,1.));
#5245=DIRECTION('',(1.,0.,0.));
#5246=FACE_OUTER_BOUND('',#5247,.T.);
#5247=EDGE_LOOP('',(#9709));
#5248=FACE_OUTER_BOUND('',#5249,.T.);
#5249=EDGE_LOOP('',(#9710));
#5250=CYLINDRICAL_SURFACE('',#5251,0.66);
#5251=AXIS2_PLACEMENT_3D('',#5252,#5253,#5254);
#5252=CARTESIAN_POINT('',(66.04,0.,1.5));
#5253=DIRECTION('',(0.,0.,1.));
#5254=DIRECTION('',(1.,0.,0.));
#5255=FACE_OUTER_BOUND('',#5256,.T.);
#5256=EDGE_LOOP('',(#9711));
#5257=FACE_OUTER_BOUND('',#5258,.T.);
#5258=EDGE_LOOP('',(#9712));
#5259=CYLINDRICAL_SURFACE('',#5260,0.66);
#5260=AXIS2_PLACEMENT_3D('',#5261,#5262,#5263);
#5261=CARTESIAN_POINT('',(60.96,0.,1.5));
#5262=DIRECTION('',(0.,0.,1.));
#5263=DIRECTION('',(1.,0.,0.));
#5264=FACE_OUTER_BOUND('',#5265,.T.);
#5265=EDGE_LOOP('',(#9713));
#5266=FACE_OUTER_BOUND('',#5267,.T.);
#5267=EDGE_LOOP('',(#9714));
#5268=CYLINDRICAL_SURFACE('',#5269,0.66);
#5269=AXIS2_PLACEMENT_3D('',#5270,#5271,#5272);
#5270=CARTESIAN_POINT('',(58.42,0.,1.5));
#5271=DIRECTION('',(0.,0.,1.));
#5272=DIRECTION('',(1.,0.,0.));
#5273=FACE_OUTER_BOUND('',#5274,.T.);
#5274=EDGE_LOOP('',(#9715));
#5275=FACE_OUTER_BOUND('',#5276,.T.);
#5276=EDGE_LOOP('',(#9716));
#5277=CYLINDRICAL_SURFACE('',#5278,0.66);
#5278=AXIS2_PLACEMENT_3D('',#5279,#5280,#5281);
#5279=CARTESIAN_POINT('',(55.88,0.,1.5));
#5280=DIRECTION('',(0.,0.,1.));
#5281=DIRECTION('',(1.,0.,0.));
#5282=FACE_OUTER_BOUND('',#5283,.T.);
#5283=EDGE_LOOP('',(#9717));
#5284=FACE_OUTER_BOUND('',#5285,.T.);
#5285=EDGE_LOOP('',(#9718));
#5286=CYLINDRICAL_SURFACE('',#5287,0.66);
#5287=AXIS2_PLACEMENT_3D('',#5288,#5289,#5290);
#5288=CARTESIAN_POINT('',(53.34,0.,1.5));
#5289=DIRECTION('',(0.,0.,1.));
#5290=DIRECTION('',(1.,0.,0.));
#5291=FACE_OUTER_BOUND('',#5292,.T.);
#5292=EDGE_LOOP('',(#9719));
#5293=FACE_OUTER_BOUND('',#5294,.T.);
#5294=EDGE_LOOP('',(#9720));
#5295=CYLINDRICAL_SURFACE('',#5296,0.66);
#5296=AXIS2_PLACEMENT_3D('',#5297,#5298,#5299);
#5297=CARTESIAN_POINT('',(50.8,0.,1.5));
#5298=DIRECTION('',(0.,0.,1.));
#5299=DIRECTION('',(1.,0.,0.));
#5300=FACE_OUTER_BOUND('',#5301,.T.);
#5301=EDGE_LOOP('',(#9721));
#5302=FACE_OUTER_BOUND('',#5303,.T.);
#5303=EDGE_LOOP('',(#9722));
#5304=CYLINDRICAL_SURFACE('',#5305,0.66);
#5305=AXIS2_PLACEMENT_3D('',#5306,#5307,#5308);
#5306=CARTESIAN_POINT('',(48.26,0.,1.5));
#5307=DIRECTION('',(0.,0.,1.));
#5308=DIRECTION('',(1.,0.,0.));
#5309=FACE_OUTER_BOUND('',#5310,.T.);
#5310=EDGE_LOOP('',(#9723));
#5311=FACE_OUTER_BOUND('',#5312,.T.);
#5312=EDGE_LOOP('',(#9724));
#5313=CYLINDRICAL_SURFACE('',#5314,0.66);
#5314=AXIS2_PLACEMENT_3D('',#5315,#5316,#5317);
#5315=CARTESIAN_POINT('',(45.72,0.,1.5));
#5316=DIRECTION('',(0.,0.,1.));
#5317=DIRECTION('',(1.,0.,0.));
#5318=FACE_OUTER_BOUND('',#5319,.T.);
#5319=EDGE_LOOP('',(#9725));
#5320=FACE_OUTER_BOUND('',#5321,.T.);
#5321=EDGE_LOOP('',(#9726));
#5322=CYLINDRICAL_SURFACE('',#5323,0.66);
#5323=AXIS2_PLACEMENT_3D('',#5324,#5325,#5326);
#5324=CARTESIAN_POINT('',(43.18,0.,1.5));
#5325=DIRECTION('',(0.,0.,1.));
#5326=DIRECTION('',(1.,0.,0.));
#5327=FACE_OUTER_BOUND('',#5328,.T.);
#5328=EDGE_LOOP('',(#9727));
#5329=FACE_OUTER_BOUND('',#5330,.T.);
#5330=EDGE_LOOP('',(#9728));
#5331=CYLINDRICAL_SURFACE('',#5332,0.66);
#5332=AXIS2_PLACEMENT_3D('',#5333,#5334,#5335);
#5333=CARTESIAN_POINT('',(40.64,0.,1.5));
#5334=DIRECTION('',(0.,0.,1.));
#5335=DIRECTION('',(1.,0.,0.));
#5336=FACE_OUTER_BOUND('',#5337,.T.);
#5337=EDGE_LOOP('',(#9729));
#5338=FACE_OUTER_BOUND('',#5339,.T.);
#5339=EDGE_LOOP('',(#9730));
#5340=CYLINDRICAL_SURFACE('',#5341,0.66);
#5341=AXIS2_PLACEMENT_3D('',#5342,#5343,#5344);
#5342=CARTESIAN_POINT('',(38.1,0.,1.5));
#5343=DIRECTION('',(0.,0.,1.));
#5344=DIRECTION('',(1.,0.,0.));
#5345=FACE_OUTER_BOUND('',#5346,.T.);
#5346=EDGE_LOOP('',(#9731));
#5347=FACE_OUTER_BOUND('',#5348,.T.);
#5348=EDGE_LOOP('',(#9732));
#5349=CYLINDRICAL_SURFACE('',#5350,0.66);
#5350=AXIS2_PLACEMENT_3D('',#5351,#5352,#5353);
#5351=CARTESIAN_POINT('',(35.56,0.,1.5));
#5352=DIRECTION('',(0.,0.,1.));
#5353=DIRECTION('',(1.,0.,0.));
#5354=FACE_OUTER_BOUND('',#5355,.T.);
#5355=EDGE_LOOP('',(#9733));
#5356=FACE_OUTER_BOUND('',#5357,.T.);
#5357=EDGE_LOOP('',(#9734));
#5358=CYLINDRICAL_SURFACE('',#5359,0.66);
#5359=AXIS2_PLACEMENT_3D('',#5360,#5361,#5362);
#5360=CARTESIAN_POINT('',(33.02,0.,1.5));
#5361=DIRECTION('',(0.,0.,1.));
#5362=DIRECTION('',(1.,0.,0.));
#5363=FACE_OUTER_BOUND('',#5364,.T.);
#5364=EDGE_LOOP('',(#9735));
#5365=FACE_OUTER_BOUND('',#5366,.T.);
#5366=EDGE_LOOP('',(#9736));
#5367=CYLINDRICAL_SURFACE('',#5368,0.66);
#5368=AXIS2_PLACEMENT_3D('',#5369,#5370,#5371);
#5369=CARTESIAN_POINT('',(30.48,0.,1.5));
#5370=DIRECTION('',(0.,0.,1.));
#5371=DIRECTION('',(1.,0.,0.));
#5372=FACE_OUTER_BOUND('',#5373,.T.);
#5373=EDGE_LOOP('',(#9737));
#5374=FACE_OUTER_BOUND('',#5375,.T.);
#5375=EDGE_LOOP('',(#9738));
#5376=CYLINDRICAL_SURFACE('',#5377,0.66);
#5377=AXIS2_PLACEMENT_3D('',#5378,#5379,#5380);
#5378=CARTESIAN_POINT('',(27.94,0.,1.5));
#5379=DIRECTION('',(0.,0.,1.));
#5380=DIRECTION('',(1.,0.,0.));
#5381=FACE_OUTER_BOUND('',#5382,.T.);
#5382=EDGE_LOOP('',(#9739));
#5383=FACE_OUTER_BOUND('',#5384,.T.);
#5384=EDGE_LOOP('',(#9740));
#5385=CYLINDRICAL_SURFACE('',#5386,0.66);
#5386=AXIS2_PLACEMENT_3D('',#5387,#5388,#5389);
#5387=CARTESIAN_POINT('',(25.4,0.,1.5));
#5388=DIRECTION('',(0.,0.,1.));
#5389=DIRECTION('',(1.,0.,0.));
#5390=FACE_OUTER_BOUND('',#5391,.T.);
#5391=EDGE_LOOP('',(#9741));
#5392=FACE_OUTER_BOUND('',#5393,.T.);
#5393=EDGE_LOOP('',(#9742));
#5394=CYLINDRICAL_SURFACE('',#5395,0.66);
#5395=AXIS2_PLACEMENT_3D('',#5396,#5397,#5398);
#5396=CARTESIAN_POINT('',(22.86,0.,1.5));
#5397=DIRECTION('',(0.,0.,1.));
#5398=DIRECTION('',(1.,0.,0.));
#5399=FACE_OUTER_BOUND('',#5400,.T.);
#5400=EDGE_LOOP('',(#9743));
#5401=FACE_OUTER_BOUND('',#5402,.T.);
#5402=EDGE_LOOP('',(#9744));
#5403=CYLINDRICAL_SURFACE('',#5404,0.66);
#5404=AXIS2_PLACEMENT_3D('',#5405,#5406,#5407);
#5405=CARTESIAN_POINT('',(20.32,0.,1.5));
#5406=DIRECTION('',(0.,0.,1.));
#5407=DIRECTION('',(1.,0.,0.));
#5408=FACE_OUTER_BOUND('',#5409,.T.);
#5409=EDGE_LOOP('',(#9745));
#5410=FACE_OUTER_BOUND('',#5411,.T.);
#5411=EDGE_LOOP('',(#9746));
#5412=CYLINDRICAL_SURFACE('',#5413,0.66);
#5413=AXIS2_PLACEMENT_3D('',#5414,#5415,#5416);
#5414=CARTESIAN_POINT('',(17.78,0.,1.5));
#5415=DIRECTION('',(0.,0.,1.));
#5416=DIRECTION('',(1.,0.,0.));
#5417=FACE_OUTER_BOUND('',#5418,.T.);
#5418=EDGE_LOOP('',(#9747));
#5419=FACE_OUTER_BOUND('',#5420,.T.);
#5420=EDGE_LOOP('',(#9748));
#5421=CYLINDRICAL_SURFACE('',#5422,0.66);
#5422=AXIS2_PLACEMENT_3D('',#5423,#5424,#5425);
#5423=CARTESIAN_POINT('',(15.24,0.,1.5));
#5424=DIRECTION('',(0.,0.,1.));
#5425=DIRECTION('',(1.,0.,0.));
#5426=FACE_OUTER_BOUND('',#5427,.T.);
#5427=EDGE_LOOP('',(#9749));
#5428=FACE_OUTER_BOUND('',#5429,.T.);
#5429=EDGE_LOOP('',(#9750));
#5430=CYLINDRICAL_SURFACE('',#5431,0.66);
#5431=AXIS2_PLACEMENT_3D('',#5432,#5433,#5434);
#5432=CARTESIAN_POINT('',(12.7,0.,1.5));
#5433=DIRECTION('',(0.,0.,1.));
#5434=DIRECTION('',(1.,0.,0.));
#5435=FACE_OUTER_BOUND('',#5436,.T.);
#5436=EDGE_LOOP('',(#9751));
#5437=FACE_OUTER_BOUND('',#5438,.T.);
#5438=EDGE_LOOP('',(#9752));
#5439=CYLINDRICAL_SURFACE('',#5440,0.66);
#5440=AXIS2_PLACEMENT_3D('',#5441,#5442,#5443);
#5441=CARTESIAN_POINT('',(10.16,0.,1.5));
#5442=DIRECTION('',(0.,0.,1.));
#5443=DIRECTION('',(1.,0.,0.));
#5444=FACE_OUTER_BOUND('',#5445,.T.);
#5445=EDGE_LOOP('',(#9753));
#5446=FACE_OUTER_BOUND('',#5447,.T.);
#5447=EDGE_LOOP('',(#9754));
#5448=CYLINDRICAL_SURFACE('',#5449,0.66);
#5449=AXIS2_PLACEMENT_3D('',#5450,#5451,#5452);
#5450=CARTESIAN_POINT('',(7.62,0.,1.5));
#5451=DIRECTION('',(0.,0.,1.));
#5452=DIRECTION('',(1.,0.,0.));
#5453=FACE_OUTER_BOUND('',#5454,.T.);
#5454=EDGE_LOOP('',(#9755));
#5455=FACE_OUTER_BOUND('',#5456,.T.);
#5456=EDGE_LOOP('',(#9756));
#5457=CYLINDRICAL_SURFACE('',#5458,0.66);
#5458=AXIS2_PLACEMENT_3D('',#5459,#5460,#5461);
#5459=CARTESIAN_POINT('',(5.08,0.,1.5));
#5460=DIRECTION('',(0.,0.,1.));
#5461=DIRECTION('',(1.,0.,0.));
#5462=FACE_OUTER_BOUND('',#5463,.T.);
#5463=EDGE_LOOP('',(#9757));
#5464=FACE_OUTER_BOUND('',#5465,.T.);
#5465=EDGE_LOOP('',(#9758));
#5466=CYLINDRICAL_SURFACE('',#5467,0.66);
#5467=AXIS2_PLACEMENT_3D('',#5468,#5469,#5470);
#5468=CARTESIAN_POINT('',(2.54,0.,1.5));
#5469=DIRECTION('',(0.,0.,1.));
#5470=DIRECTION('',(1.,0.,0.));
#5471=FACE_BOUND('',#5472,.T.);
#5472=EDGE_LOOP('',(#9759,#9760,#9761,#9762,#9763,#9764,#9765,#9766,#9767,#9768,
#9769,#9770,#9771,#9772,#9773,#9774,#9775,#9776,#9777,#9778,#9779,#9780,#9781,#9782,
#9783,#9784,#9785,#9786,#9787,#9788,#9789,#9790,#9791,#9792,#9793,#9794,#9795,#9796,
#9797,#9798,#9799,#9800,#9801,#9802,#9803,#9804,#9805,#9806,#9807,#9808,#9809,#9810,
#9811,#9812,#9813,#9814,#9815,#9816,#9817,#9818,#9819,#9820,#9821,#9822,#9823,#9824,
#9825,#9826,#9827,#9828,#9829,#9830,#9831,#9832,#9833,#9834,#9835,#9836,#9837,#9838,
#9839,#9840,#9841,#9842,#9843,#9844,#9845,#9846,#9847,#9848,#9849,#9850,#9851,#9852,
#9853,#9854,#9855,#9856,#9857,#9858,#9859,#9860,#9861,#9862,#9863,#9864,#9865,#9866,
#9867,#9868,#9869,#9870,#9871,#9872,#9873,#9874,#9875,#9876,#9877,#9878,#9879,#9880,
#9881,#9882,#9883,#9884,#9885,#9886,#9887,#9888,#9889,#9890,#9891,#9892,#9893,#9894,
#9895,#9896,#9897,#9898,#9899,#9900,#9901,#9902,#9903,#9904,#9905,#9906,#9907,#9908,
#9909,#9910,#9911,#9912,#9913,#9914,#9915,#9916,#9917,#9918,#9919,#9920,#9921,#9922,
#9923,#9924,#9925,#9926,#9927,#9928,#9929,#9930,#9931,#9932,#9933,#9934,#9935,#9936,
#9937,#9938,#9939,#9940,#9941,#9942,#9943,#9944,#9945,#9946,#9947,#9948,#9949,#9950,
#9951,#9952,#9953,#9954,#9955,#9956,#9957,#9958,#9959,#9960,#9961,#9962,#9963,#9964,
#9965,#9966,#9967,#9968,#9969,#9970,#9971,#9972,#9973,#9974,#9975,#9976,#9977,#9978));
#5473=FACE_BOUND('',#5474,.T.);
#5474=EDGE_LOOP('',(#9979));
#5475=FACE_BOUND('',#5476,.T.);
#5476=EDGE_LOOP('',(#9980));
#5477=FACE_BOUND('',#5478,.T.);
#5478=EDGE_LOOP('',(#9981));
#5479=FACE_BOUND('',#5480,.T.);
#5480=EDGE_LOOP('',(#9982));
#5481=FACE_BOUND('',#5482,.T.);
#5482=EDGE_LOOP('',(#9983));
#5483=FACE_BOUND('',#5484,.T.);
#5484=EDGE_LOOP('',(#9984));
#5485=FACE_BOUND('',#5486,.T.);
#5486=EDGE_LOOP('',(#9985));
#5487=FACE_BOUND('',#5488,.T.);
#5488=EDGE_LOOP('',(#9986));
#5489=FACE_BOUND('',#5490,.T.);
#5490=EDGE_LOOP('',(#9987));
#5491=FACE_BOUND('',#5492,.T.);
#5492=EDGE_LOOP('',(#9988));
#5493=FACE_BOUND('',#5494,.T.);
#5494=EDGE_LOOP('',(#9989));
#5495=FACE_BOUND('',#5496,.T.);
#5496=EDGE_LOOP('',(#9990));
#5497=FACE_BOUND('',#5498,.T.);
#5498=EDGE_LOOP('',(#9991));
#5499=FACE_BOUND('',#5500,.T.);
#5500=EDGE_LOOP('',(#9992));
#5501=FACE_BOUND('',#5502,.T.);
#5502=EDGE_LOOP('',(#9993));
#5503=FACE_BOUND('',#5504,.T.);
#5504=EDGE_LOOP('',(#9994));
#5505=FACE_BOUND('',#5506,.T.);
#5506=EDGE_LOOP('',(#9995));
#5507=FACE_BOUND('',#5508,.T.);
#5508=EDGE_LOOP('',(#9996));
#5509=FACE_BOUND('',#5510,.T.);
#5510=EDGE_LOOP('',(#9997));
#5511=FACE_BOUND('',#5512,.T.);
#5512=EDGE_LOOP('',(#9998));
#5513=FACE_BOUND('',#5514,.T.);
#5514=EDGE_LOOP('',(#9999));
#5515=FACE_BOUND('',#5516,.T.);
#5516=EDGE_LOOP('',(#10000));
#5517=FACE_BOUND('',#5518,.T.);
#5518=EDGE_LOOP('',(#10001));
#5519=FACE_BOUND('',#5520,.T.);
#5520=EDGE_LOOP('',(#10002));
#5521=FACE_BOUND('',#5522,.T.);
#5522=EDGE_LOOP('',(#10003));
#5523=FACE_BOUND('',#5524,.T.);
#5524=EDGE_LOOP('',(#10004));
#5525=FACE_BOUND('',#5526,.T.);
#5526=EDGE_LOOP('',(#10005));
#5527=PLANE('',#5528);
#5528=AXIS2_PLACEMENT_3D('',#5529,#5530,#5531);
#5529=CARTESIAN_POINT('',(0.,0.,4.5));
#5530=DIRECTION('',(0.,0.,1.));
#5531=DIRECTION('',(1.,0.,0.));
#5532=FACE_BOUND('',#5533,.T.);
#5533=EDGE_LOOP('',(#10006));
#5534=FACE_BOUND('',#5535,.T.);
#5535=EDGE_LOOP('',(#10007));
#5536=PLANE('',#5537);
#5537=AXIS2_PLACEMENT_3D('',#5538,#5539,#5540);
#5538=CARTESIAN_POINT('',(66.04,0.,4.));
#5539=DIRECTION('',(0.,0.,1.));
#5540=DIRECTION('',(1.,0.,0.));
#5541=FACE_OUTER_BOUND('',#5542,.T.);
#5542=EDGE_LOOP('',(#10008));
#5543=FACE_OUTER_BOUND('',#5544,.T.);
#5544=EDGE_LOOP('',(#10009));
#5545=CYLINDRICAL_SURFACE('',#5546,0.9);
#5546=AXIS2_PLACEMENT_3D('',#5547,#5548,#5549);
#5547=CARTESIAN_POINT('',(66.04,0.,4.));
#5548=DIRECTION('',(0.,0.,1.));
#5549=DIRECTION('',(1.,0.,0.));
#5550=FACE_BOUND('',#5551,.T.);
#5551=EDGE_LOOP('',(#10010));
#5552=FACE_BOUND('',#5553,.T.);
#5553=EDGE_LOOP('',(#10011));
#5554=PLANE('',#5555);
#5555=AXIS2_PLACEMENT_3D('',#5556,#5557,#5558);
#5556=CARTESIAN_POINT('',(63.5,0.,4.));
#5557=DIRECTION('',(0.,0.,1.));
#5558=DIRECTION('',(1.,0.,0.));
#5559=FACE_OUTER_BOUND('',#5560,.T.);
#5560=EDGE_LOOP('',(#10012));
#5561=FACE_OUTER_BOUND('',#5562,.T.);
#5562=EDGE_LOOP('',(#10013));
#5563=CYLINDRICAL_SURFACE('',#5564,0.9);
#5564=AXIS2_PLACEMENT_3D('',#5565,#5566,#5567);
#5565=CARTESIAN_POINT('',(63.5,0.,4.));
#5566=DIRECTION('',(0.,0.,1.));
#5567=DIRECTION('',(1.,0.,0.));
#5568=FACE_BOUND('',#5569,.T.);
#5569=EDGE_LOOP('',(#10014));
#5570=FACE_BOUND('',#5571,.T.);
#5571=EDGE_LOOP('',(#10015));
#5572=PLANE('',#5573);
#5573=AXIS2_PLACEMENT_3D('',#5574,#5575,#5576);
#5574=CARTESIAN_POINT('',(60.96,0.,4.));
#5575=DIRECTION('',(0.,0.,1.));
#5576=DIRECTION('',(1.,0.,0.));
#5577=FACE_OUTER_BOUND('',#5578,.T.);
#5578=EDGE_LOOP('',(#10016));
#5579=FACE_OUTER_BOUND('',#5580,.T.);
#5580=EDGE_LOOP('',(#10017));
#5581=CYLINDRICAL_SURFACE('',#5582,0.9);
#5582=AXIS2_PLACEMENT_3D('',#5583,#5584,#5585);
#5583=CARTESIAN_POINT('',(60.96,0.,4.));
#5584=DIRECTION('',(0.,0.,1.));
#5585=DIRECTION('',(1.,0.,0.));
#5586=FACE_BOUND('',#5587,.T.);
#5587=EDGE_LOOP('',(#10018));
#5588=FACE_BOUND('',#5589,.T.);
#5589=EDGE_LOOP('',(#10019));
#5590=PLANE('',#5591);
#5591=AXIS2_PLACEMENT_3D('',#5592,#5593,#5594);
#5592=CARTESIAN_POINT('',(58.42,0.,4.));
#5593=DIRECTION('',(0.,0.,1.));
#5594=DIRECTION('',(1.,0.,0.));
#5595=FACE_OUTER_BOUND('',#5596,.T.);
#5596=EDGE_LOOP('',(#10020));
#5597=FACE_OUTER_BOUND('',#5598,.T.);
#5598=EDGE_LOOP('',(#10021));
#5599=CYLINDRICAL_SURFACE('',#5600,0.9);
#5600=AXIS2_PLACEMENT_3D('',#5601,#5602,#5603);
#5601=CARTESIAN_POINT('',(58.42,0.,4.));
#5602=DIRECTION('',(0.,0.,1.));
#5603=DIRECTION('',(1.,0.,0.));
#5604=FACE_BOUND('',#5605,.T.);
#5605=EDGE_LOOP('',(#10022));
#5606=FACE_BOUND('',#5607,.T.);
#5607=EDGE_LOOP('',(#10023));
#5608=PLANE('',#5609);
#5609=AXIS2_PLACEMENT_3D('',#5610,#5611,#5612);
#5610=CARTESIAN_POINT('',(55.88,0.,4.));
#5611=DIRECTION('',(0.,0.,1.));
#5612=DIRECTION('',(1.,0.,0.));
#5613=FACE_OUTER_BOUND('',#5614,.T.);
#5614=EDGE_LOOP('',(#10024));
#5615=FACE_OUTER_BOUND('',#5616,.T.);
#5616=EDGE_LOOP('',(#10025));
#5617=CYLINDRICAL_SURFACE('',#5618,0.9);
#5618=AXIS2_PLACEMENT_3D('',#5619,#5620,#5621);
#5619=CARTESIAN_POINT('',(55.88,0.,4.));
#5620=DIRECTION('',(0.,0.,1.));
#5621=DIRECTION('',(1.,0.,0.));
#5622=FACE_BOUND('',#5623,.T.);
#5623=EDGE_LOOP('',(#10026));
#5624=FACE_BOUND('',#5625,.T.);
#5625=EDGE_LOOP('',(#10027));
#5626=PLANE('',#5627);
#5627=AXIS2_PLACEMENT_3D('',#5628,#5629,#5630);
#5628=CARTESIAN_POINT('',(53.34,0.,4.));
#5629=DIRECTION('',(0.,0.,1.));
#5630=DIRECTION('',(1.,0.,0.));
#5631=FACE_OUTER_BOUND('',#5632,.T.);
#5632=EDGE_LOOP('',(#10028));
#5633=FACE_OUTER_BOUND('',#5634,.T.);
#5634=EDGE_LOOP('',(#10029));
#5635=CYLINDRICAL_SURFACE('',#5636,0.9);
#5636=AXIS2_PLACEMENT_3D('',#5637,#5638,#5639);
#5637=CARTESIAN_POINT('',(53.34,0.,4.));
#5638=DIRECTION('',(0.,0.,1.));
#5639=DIRECTION('',(1.,0.,0.));
#5640=FACE_BOUND('',#5641,.T.);
#5641=EDGE_LOOP('',(#10030));
#5642=FACE_BOUND('',#5643,.T.);
#5643=EDGE_LOOP('',(#10031));
#5644=PLANE('',#5645);
#5645=AXIS2_PLACEMENT_3D('',#5646,#5647,#5648);
#5646=CARTESIAN_POINT('',(50.8,0.,4.));
#5647=DIRECTION('',(0.,0.,1.));
#5648=DIRECTION('',(1.,0.,0.));
#5649=FACE_OUTER_BOUND('',#5650,.T.);
#5650=EDGE_LOOP('',(#10032));
#5651=FACE_OUTER_BOUND('',#5652,.T.);
#5652=EDGE_LOOP('',(#10033));
#5653=CYLINDRICAL_SURFACE('',#5654,0.9);
#5654=AXIS2_PLACEMENT_3D('',#5655,#5656,#5657);
#5655=CARTESIAN_POINT('',(50.8,0.,4.));
#5656=DIRECTION('',(0.,0.,1.));
#5657=DIRECTION('',(1.,0.,0.));
#5658=FACE_BOUND('',#5659,.T.);
#5659=EDGE_LOOP('',(#10034));
#5660=FACE_BOUND('',#5661,.T.);
#5661=EDGE_LOOP('',(#10035));
#5662=PLANE('',#5663);
#5663=AXIS2_PLACEMENT_3D('',#5664,#5665,#5666);
#5664=CARTESIAN_POINT('',(48.26,0.,4.));
#5665=DIRECTION('',(0.,0.,1.));
#5666=DIRECTION('',(1.,0.,0.));
#5667=FACE_OUTER_BOUND('',#5668,.T.);
#5668=EDGE_LOOP('',(#10036));
#5669=FACE_OUTER_BOUND('',#5670,.T.);
#5670=EDGE_LOOP('',(#10037));
#5671=CYLINDRICAL_SURFACE('',#5672,0.9);
#5672=AXIS2_PLACEMENT_3D('',#5673,#5674,#5675);
#5673=CARTESIAN_POINT('',(48.26,0.,4.));
#5674=DIRECTION('',(0.,0.,1.));
#5675=DIRECTION('',(1.,0.,0.));
#5676=FACE_BOUND('',#5677,.T.);
#5677=EDGE_LOOP('',(#10038));
#5678=FACE_BOUND('',#5679,.T.);
#5679=EDGE_LOOP('',(#10039));
#5680=PLANE('',#5681);
#5681=AXIS2_PLACEMENT_3D('',#5682,#5683,#5684);
#5682=CARTESIAN_POINT('',(45.72,0.,4.));
#5683=DIRECTION('',(0.,0.,1.));
#5684=DIRECTION('',(1.,0.,0.));
#5685=FACE_OUTER_BOUND('',#5686,.T.);
#5686=EDGE_LOOP('',(#10040));
#5687=FACE_OUTER_BOUND('',#5688,.T.);
#5688=EDGE_LOOP('',(#10041));
#5689=CYLINDRICAL_SURFACE('',#5690,0.9);
#5690=AXIS2_PLACEMENT_3D('',#5691,#5692,#5693);
#5691=CARTESIAN_POINT('',(45.72,0.,4.));
#5692=DIRECTION('',(0.,0.,1.));
#5693=DIRECTION('',(1.,0.,0.));
#5694=FACE_BOUND('',#5695,.T.);
#5695=EDGE_LOOP('',(#10042));
#5696=FACE_BOUND('',#5697,.T.);
#5697=EDGE_LOOP('',(#10043));
#5698=PLANE('',#5699);
#5699=AXIS2_PLACEMENT_3D('',#5700,#5701,#5702);
#5700=CARTESIAN_POINT('',(43.18,0.,4.));
#5701=DIRECTION('',(0.,0.,1.));
#5702=DIRECTION('',(1.,0.,0.));
#5703=FACE_OUTER_BOUND('',#5704,.T.);
#5704=EDGE_LOOP('',(#10044));
#5705=FACE_OUTER_BOUND('',#5706,.T.);
#5706=EDGE_LOOP('',(#10045));
#5707=CYLINDRICAL_SURFACE('',#5708,0.9);
#5708=AXIS2_PLACEMENT_3D('',#5709,#5710,#5711);
#5709=CARTESIAN_POINT('',(43.18,0.,4.));
#5710=DIRECTION('',(0.,0.,1.));
#5711=DIRECTION('',(1.,0.,0.));
#5712=FACE_BOUND('',#5713,.T.);
#5713=EDGE_LOOP('',(#10046));
#5714=FACE_BOUND('',#5715,.T.);
#5715=EDGE_LOOP('',(#10047));
#5716=PLANE('',#5717);
#5717=AXIS2_PLACEMENT_3D('',#5718,#5719,#5720);
#5718=CARTESIAN_POINT('',(40.64,0.,4.));
#5719=DIRECTION('',(0.,0.,1.));
#5720=DIRECTION('',(1.,0.,0.));
#5721=FACE_OUTER_BOUND('',#5722,.T.);
#5722=EDGE_LOOP('',(#10048));
#5723=FACE_OUTER_BOUND('',#5724,.T.);
#5724=EDGE_LOOP('',(#10049));
#5725=CYLINDRICAL_SURFACE('',#5726,0.9);
#5726=AXIS2_PLACEMENT_3D('',#5727,#5728,#5729);
#5727=CARTESIAN_POINT('',(40.64,0.,4.));
#5728=DIRECTION('',(0.,0.,1.));
#5729=DIRECTION('',(1.,0.,0.));
#5730=FACE_BOUND('',#5731,.T.);
#5731=EDGE_LOOP('',(#10050));
#5732=FACE_BOUND('',#5733,.T.);
#5733=EDGE_LOOP('',(#10051));
#5734=PLANE('',#5735);
#5735=AXIS2_PLACEMENT_3D('',#5736,#5737,#5738);
#5736=CARTESIAN_POINT('',(38.1,0.,4.));
#5737=DIRECTION('',(0.,0.,1.));
#5738=DIRECTION('',(1.,0.,0.));
#5739=FACE_OUTER_BOUND('',#5740,.T.);
#5740=EDGE_LOOP('',(#10052));
#5741=FACE_OUTER_BOUND('',#5742,.T.);
#5742=EDGE_LOOP('',(#10053));
#5743=CYLINDRICAL_SURFACE('',#5744,0.9);
#5744=AXIS2_PLACEMENT_3D('',#5745,#5746,#5747);
#5745=CARTESIAN_POINT('',(38.1,0.,4.));
#5746=DIRECTION('',(0.,0.,1.));
#5747=DIRECTION('',(1.,0.,0.));
#5748=FACE_BOUND('',#5749,.T.);
#5749=EDGE_LOOP('',(#10054));
#5750=FACE_BOUND('',#5751,.T.);
#5751=EDGE_LOOP('',(#10055));
#5752=PLANE('',#5753);
#5753=AXIS2_PLACEMENT_3D('',#5754,#5755,#5756);
#5754=CARTESIAN_POINT('',(35.56,0.,4.));
#5755=DIRECTION('',(0.,0.,1.));
#5756=DIRECTION('',(1.,0.,0.));
#5757=FACE_OUTER_BOUND('',#5758,.T.);
#5758=EDGE_LOOP('',(#10056));
#5759=FACE_OUTER_BOUND('',#5760,.T.);
#5760=EDGE_LOOP('',(#10057));
#5761=CYLINDRICAL_SURFACE('',#5762,0.9);
#5762=AXIS2_PLACEMENT_3D('',#5763,#5764,#5765);
#5763=CARTESIAN_POINT('',(35.56,0.,4.));
#5764=DIRECTION('',(0.,0.,1.));
#5765=DIRECTION('',(1.,0.,0.));
#5766=FACE_BOUND('',#5767,.T.);
#5767=EDGE_LOOP('',(#10058));
#5768=FACE_BOUND('',#5769,.T.);
#5769=EDGE_LOOP('',(#10059));
#5770=PLANE('',#5771);
#5771=AXIS2_PLACEMENT_3D('',#5772,#5773,#5774);
#5772=CARTESIAN_POINT('',(33.02,0.,4.));
#5773=DIRECTION('',(0.,0.,1.));
#5774=DIRECTION('',(1.,0.,0.));
#5775=FACE_OUTER_BOUND('',#5776,.T.);
#5776=EDGE_LOOP('',(#10060));
#5777=FACE_OUTER_BOUND('',#5778,.T.);
#5778=EDGE_LOOP('',(#10061));
#5779=CYLINDRICAL_SURFACE('',#5780,0.9);
#5780=AXIS2_PLACEMENT_3D('',#5781,#5782,#5783);
#5781=CARTESIAN_POINT('',(33.02,0.,4.));
#5782=DIRECTION('',(0.,0.,1.));
#5783=DIRECTION('',(1.,0.,0.));
#5784=FACE_BOUND('',#5785,.T.);
#5785=EDGE_LOOP('',(#10062));
#5786=FACE_BOUND('',#5787,.T.);
#5787=EDGE_LOOP('',(#10063));
#5788=PLANE('',#5789);
#5789=AXIS2_PLACEMENT_3D('',#5790,#5791,#5792);
#5790=CARTESIAN_POINT('',(30.48,0.,4.));
#5791=DIRECTION('',(0.,0.,1.));
#5792=DIRECTION('',(1.,0.,0.));
#5793=FACE_OUTER_BOUND('',#5794,.T.);
#5794=EDGE_LOOP('',(#10064));
#5795=FACE_OUTER_BOUND('',#5796,.T.);
#5796=EDGE_LOOP('',(#10065));
#5797=CYLINDRICAL_SURFACE('',#5798,0.9);
#5798=AXIS2_PLACEMENT_3D('',#5799,#5800,#5801);
#5799=CARTESIAN_POINT('',(30.48,0.,4.));
#5800=DIRECTION('',(0.,0.,1.));
#5801=DIRECTION('',(1.,0.,0.));
#5802=FACE_BOUND('',#5803,.T.);
#5803=EDGE_LOOP('',(#10066));
#5804=FACE_BOUND('',#5805,.T.);
#5805=EDGE_LOOP('',(#10067));
#5806=PLANE('',#5807);
#5807=AXIS2_PLACEMENT_3D('',#5808,#5809,#5810);
#5808=CARTESIAN_POINT('',(27.94,0.,4.));
#5809=DIRECTION('',(0.,0.,1.));
#5810=DIRECTION('',(1.,0.,0.));
#5811=FACE_OUTER_BOUND('',#5812,.T.);
#5812=EDGE_LOOP('',(#10068));
#5813=FACE_OUTER_BOUND('',#5814,.T.);
#5814=EDGE_LOOP('',(#10069));
#5815=CYLINDRICAL_SURFACE('',#5816,0.9);
#5816=AXIS2_PLACEMENT_3D('',#5817,#5818,#5819);
#5817=CARTESIAN_POINT('',(27.94,0.,4.));
#5818=DIRECTION('',(0.,0.,1.));
#5819=DIRECTION('',(1.,0.,0.));
#5820=FACE_BOUND('',#5821,.T.);
#5821=EDGE_LOOP('',(#10070));
#5822=FACE_BOUND('',#5823,.T.);
#5823=EDGE_LOOP('',(#10071));
#5824=PLANE('',#5825);
#5825=AXIS2_PLACEMENT_3D('',#5826,#5827,#5828);
#5826=CARTESIAN_POINT('',(25.4,0.,4.));
#5827=DIRECTION('',(0.,0.,1.));
#5828=DIRECTION('',(1.,0.,0.));
#5829=FACE_OUTER_BOUND('',#5830,.T.);
#5830=EDGE_LOOP('',(#10072));
#5831=FACE_OUTER_BOUND('',#5832,.T.);
#5832=EDGE_LOOP('',(#10073));
#5833=CYLINDRICAL_SURFACE('',#5834,0.9);
#5834=AXIS2_PLACEMENT_3D('',#5835,#5836,#5837);
#5835=CARTESIAN_POINT('',(25.4,0.,4.));
#5836=DIRECTION('',(0.,0.,1.));
#5837=DIRECTION('',(1.,0.,0.));
#5838=FACE_BOUND('',#5839,.T.);
#5839=EDGE_LOOP('',(#10074));
#5840=FACE_BOUND('',#5841,.T.);
#5841=EDGE_LOOP('',(#10075));
#5842=PLANE('',#5843);
#5843=AXIS2_PLACEMENT_3D('',#5844,#5845,#5846);
#5844=CARTESIAN_POINT('',(22.86,0.,4.));
#5845=DIRECTION('',(0.,0.,1.));
#5846=DIRECTION('',(1.,0.,0.));
#5847=FACE_OUTER_BOUND('',#5848,.T.);
#5848=EDGE_LOOP('',(#10076));
#5849=FACE_OUTER_BOUND('',#5850,.T.);
#5850=EDGE_LOOP('',(#10077));
#5851=CYLINDRICAL_SURFACE('',#5852,0.9);
#5852=AXIS2_PLACEMENT_3D('',#5853,#5854,#5855);
#5853=CARTESIAN_POINT('',(22.86,0.,4.));
#5854=DIRECTION('',(0.,0.,1.));
#5855=DIRECTION('',(1.,0.,0.));
#5856=FACE_BOUND('',#5857,.T.);
#5857=EDGE_LOOP('',(#10078));
#5858=FACE_BOUND('',#5859,.T.);
#5859=EDGE_LOOP('',(#10079));
#5860=PLANE('',#5861);
#5861=AXIS2_PLACEMENT_3D('',#5862,#5863,#5864);
#5862=CARTESIAN_POINT('',(20.32,0.,4.));
#5863=DIRECTION('',(0.,0.,1.));
#5864=DIRECTION('',(1.,0.,0.));
#5865=FACE_OUTER_BOUND('',#5866,.T.);
#5866=EDGE_LOOP('',(#10080));
#5867=FACE_OUTER_BOUND('',#5868,.T.);
#5868=EDGE_LOOP('',(#10081));
#5869=CYLINDRICAL_SURFACE('',#5870,0.9);
#5870=AXIS2_PLACEMENT_3D('',#5871,#5872,#5873);
#5871=CARTESIAN_POINT('',(20.32,0.,4.));
#5872=DIRECTION('',(0.,0.,1.));
#5873=DIRECTION('',(1.,0.,0.));
#5874=FACE_BOUND('',#5875,.T.);
#5875=EDGE_LOOP('',(#10082));
#5876=FACE_BOUND('',#5877,.T.);
#5877=EDGE_LOOP('',(#10083));
#5878=PLANE('',#5879);
#5879=AXIS2_PLACEMENT_3D('',#5880,#5881,#5882);
#5880=CARTESIAN_POINT('',(17.78,0.,4.));
#5881=DIRECTION('',(0.,0.,1.));
#5882=DIRECTION('',(1.,0.,0.));
#5883=FACE_OUTER_BOUND('',#5884,.T.);
#5884=EDGE_LOOP('',(#10084));
#5885=FACE_OUTER_BOUND('',#5886,.T.);
#5886=EDGE_LOOP('',(#10085));
#5887=CYLINDRICAL_SURFACE('',#5888,0.9);
#5888=AXIS2_PLACEMENT_3D('',#5889,#5890,#5891);
#5889=CARTESIAN_POINT('',(17.78,0.,4.));
#5890=DIRECTION('',(0.,0.,1.));
#5891=DIRECTION('',(1.,0.,0.));
#5892=FACE_BOUND('',#5893,.T.);
#5893=EDGE_LOOP('',(#10086));
#5894=FACE_BOUND('',#5895,.T.);
#5895=EDGE_LOOP('',(#10087));
#5896=PLANE('',#5897);
#5897=AXIS2_PLACEMENT_3D('',#5898,#5899,#5900);
#5898=CARTESIAN_POINT('',(15.24,0.,4.));
#5899=DIRECTION('',(0.,0.,1.));
#5900=DIRECTION('',(1.,0.,0.));
#5901=FACE_OUTER_BOUND('',#5902,.T.);
#5902=EDGE_LOOP('',(#10088));
#5903=FACE_OUTER_BOUND('',#5904,.T.);
#5904=EDGE_LOOP('',(#10089));
#5905=CYLINDRICAL_SURFACE('',#5906,0.9);
#5906=AXIS2_PLACEMENT_3D('',#5907,#5908,#5909);
#5907=CARTESIAN_POINT('',(15.24,0.,4.));
#5908=DIRECTION('',(0.,0.,1.));
#5909=DIRECTION('',(1.,0.,0.));
#5910=FACE_BOUND('',#5911,.T.);
#5911=EDGE_LOOP('',(#10090));
#5912=FACE_BOUND('',#5913,.T.);
#5913=EDGE_LOOP('',(#10091));
#5914=PLANE('',#5915);
#5915=AXIS2_PLACEMENT_3D('',#5916,#5917,#5918);
#5916=CARTESIAN_POINT('',(12.7,0.,4.));
#5917=DIRECTION('',(0.,0.,1.));
#5918=DIRECTION('',(1.,0.,0.));
#5919=FACE_OUTER_BOUND('',#5920,.T.);
#5920=EDGE_LOOP('',(#10092));
#5921=FACE_OUTER_BOUND('',#5922,.T.);
#5922=EDGE_LOOP('',(#10093));
#5923=CYLINDRICAL_SURFACE('',#5924,0.9);
#5924=AXIS2_PLACEMENT_3D('',#5925,#5926,#5927);
#5925=CARTESIAN_POINT('',(12.7,0.,4.));
#5926=DIRECTION('',(0.,0.,1.));
#5927=DIRECTION('',(1.,0.,0.));
#5928=FACE_BOUND('',#5929,.T.);
#5929=EDGE_LOOP('',(#10094));
#5930=FACE_BOUND('',#5931,.T.);
#5931=EDGE_LOOP('',(#10095));
#5932=PLANE('',#5933);
#5933=AXIS2_PLACEMENT_3D('',#5934,#5935,#5936);
#5934=CARTESIAN_POINT('',(10.16,0.,4.));
#5935=DIRECTION('',(0.,0.,1.));
#5936=DIRECTION('',(1.,0.,0.));
#5937=FACE_OUTER_BOUND('',#5938,.T.);
#5938=EDGE_LOOP('',(#10096));
#5939=FACE_OUTER_BOUND('',#5940,.T.);
#5940=EDGE_LOOP('',(#10097));
#5941=CYLINDRICAL_SURFACE('',#5942,0.9);
#5942=AXIS2_PLACEMENT_3D('',#5943,#5944,#5945);
#5943=CARTESIAN_POINT('',(10.16,0.,4.));
#5944=DIRECTION('',(0.,0.,1.));
#5945=DIRECTION('',(1.,0.,0.));
#5946=FACE_BOUND('',#5947,.T.);
#5947=EDGE_LOOP('',(#10098));
#5948=FACE_BOUND('',#5949,.T.);
#5949=EDGE_LOOP('',(#10099));
#5950=PLANE('',#5951);
#5951=AXIS2_PLACEMENT_3D('',#5952,#5953,#5954);
#5952=CARTESIAN_POINT('',(7.62,0.,4.));
#5953=DIRECTION('',(0.,0.,1.));
#5954=DIRECTION('',(1.,0.,0.));
#5955=FACE_OUTER_BOUND('',#5956,.T.);
#5956=EDGE_LOOP('',(#10100));
#5957=FACE_OUTER_BOUND('',#5958,.T.);
#5958=EDGE_LOOP('',(#10101));
#5959=CYLINDRICAL_SURFACE('',#5960,0.9);
#5960=AXIS2_PLACEMENT_3D('',#5961,#5962,#5963);
#5961=CARTESIAN_POINT('',(7.62,0.,4.));
#5962=DIRECTION('',(0.,0.,1.));
#5963=DIRECTION('',(1.,0.,0.));
#5964=FACE_BOUND('',#5965,.T.);
#5965=EDGE_LOOP('',(#10102));
#5966=FACE_BOUND('',#5967,.T.);
#5967=EDGE_LOOP('',(#10103));
#5968=PLANE('',#5969);
#5969=AXIS2_PLACEMENT_3D('',#5970,#5971,#5972);
#5970=CARTESIAN_POINT('',(5.08,0.,4.));
#5971=DIRECTION('',(0.,0.,1.));
#5972=DIRECTION('',(1.,0.,0.));
#5973=FACE_OUTER_BOUND('',#5974,.T.);
#5974=EDGE_LOOP('',(#10104));
#5975=FACE_OUTER_BOUND('',#5976,.T.);
#5976=EDGE_LOOP('',(#10105));
#5977=CYLINDRICAL_SURFACE('',#5978,0.9);
#5978=AXIS2_PLACEMENT_3D('',#5979,#5980,#5981);
#5979=CARTESIAN_POINT('',(5.08,0.,4.));
#5980=DIRECTION('',(0.,0.,1.));
#5981=DIRECTION('',(1.,0.,0.));
#5982=FACE_BOUND('',#5983,.T.);
#5983=EDGE_LOOP('',(#10106));
#5984=FACE_BOUND('',#5985,.T.);
#5985=EDGE_LOOP('',(#10107));
#5986=PLANE('',#5987);
#5987=AXIS2_PLACEMENT_3D('',#5988,#5989,#5990);
#5988=CARTESIAN_POINT('',(2.54,0.,4.));
#5989=DIRECTION('',(0.,0.,1.));
#5990=DIRECTION('',(1.,0.,0.));
#5991=FACE_OUTER_BOUND('',#5992,.T.);
#5992=EDGE_LOOP('',(#10108));
#5993=FACE_OUTER_BOUND('',#5994,.T.);
#5994=EDGE_LOOP('',(#10109));
#5995=CYLINDRICAL_SURFACE('',#5996,0.9);
#5996=AXIS2_PLACEMENT_3D('',#5997,#5998,#5999);
#5997=CARTESIAN_POINT('',(2.54,0.,4.));
#5998=DIRECTION('',(0.,0.,1.));
#5999=DIRECTION('',(1.,0.,0.));
#6000=FACE_BOUND('',#6001,.T.);
#6001=EDGE_LOOP('',(#10110,#10111,#10112,#10113,#10114,#10115,#10116,#10117,#10118,
#10119,#10120,#10121,#10122,#10123,#10124,#10125,#10126,#10127,#10128,#10129,#10130,
#10131,#10132,#10133,#10134,#10135,#10136,#10137,#10138,#10139,#10140,#10141,#10142,
#10143,#10144,#10145,#10146,#10147,#10148,#10149,#10150,#10151,#10152,#10153,#10154,
#10155,#10156,#10157,#10158,#10159,#10160,#10161,#10162,#10163,#10164,#10165,#10166,
#10167,#10168,#10169,#10170,#10171,#10172,#10173,#10174,#10175,#10176,#10177,#10178,
#10179,#10180,#10181,#10182,#10183,#10184,#10185,#10186,#10187,#10188,#10189,#10190,
#10191,#10192,#10193,#10194,#10195,#10196,#10197,#10198,#10199,#10200,#10201,#10202,
#10203,#10204,#10205,#10206,#10207,#10208,#10209,#10210,#10211,#10212,#10213,#10214,
#10215,#10216,#10217,#10218,#10219,#10220,#10221,#10222,#10223,#10224,#10225,#10226,
#10227,#10228,#10229,#10230,#10231,#10232,#10233,#10234,#10235,#10236,#10237,#10238,
#10239,#10240,#10241,#10242,#10243,#10244,#10245,#10246,#10247,#10248,#10249,#10250,
#10251,#10252,#10253,#10254,#10255,#10256,#10257,#10258,#10259,#10260,#10261,#10262,
#10263,#10264,#10265,#10266,#10267,#10268,#10269,#10270,#10271,#10272,#10273,#10274,
#10275,#10276,#10277,#10278,#10279,#10280,#10281,#10282,#10283,#10284,#10285,#10286,
#10287,#10288,#10289,#10290,#10291,#10292,#10293,#10294,#10295,#10296,#10297,#10298,
#10299,#10300,#10301,#10302,#10303,#10304,#10305,#10306,#10307,#10308,#10309,#10310,
#10311,#10312,#10313,#10314,#10315,#10316,#10317,#10318,#10319,#10320,#10321,#10322,
#10323,#10324,#10325,#10326,#10327,#10328,#10329));
#6002=FACE_BOUND('',#6003,.T.);
#6003=EDGE_LOOP('',(#10330));
#6004=FACE_BOUND('',#6005,.T.);
#6005=EDGE_LOOP('',(#10331));
#6006=FACE_BOUND('',#6007,.T.);
#6007=EDGE_LOOP('',(#10332));
#6008=FACE_BOUND('',#6009,.T.);
#6009=EDGE_LOOP('',(#10333));
#6010=FACE_BOUND('',#6011,.T.);
#6011=EDGE_LOOP('',(#10334));
#6012=FACE_BOUND('',#6013,.T.);
#6013=EDGE_LOOP('',(#10335));
#6014=FACE_BOUND('',#6015,.T.);
#6015=EDGE_LOOP('',(#10336));
#6016=FACE_BOUND('',#6017,.T.);
#6017=EDGE_LOOP('',(#10337));
#6018=FACE_BOUND('',#6019,.T.);
#6019=EDGE_LOOP('',(#10338));
#6020=FACE_BOUND('',#6021,.T.);
#6021=EDGE_LOOP('',(#10339));
#6022=FACE_BOUND('',#6023,.T.);
#6023=EDGE_LOOP('',(#10340));
#6024=FACE_BOUND('',#6025,.T.);
#6025=EDGE_LOOP('',(#10341));
#6026=FACE_BOUND('',#6027,.T.);
#6027=EDGE_LOOP('',(#10342));
#6028=FACE_BOUND('',#6029,.T.);
#6029=EDGE_LOOP('',(#10343));
#6030=FACE_BOUND('',#6031,.T.);
#6031=EDGE_LOOP('',(#10344));
#6032=FACE_BOUND('',#6033,.T.);
#6033=EDGE_LOOP('',(#10345));
#6034=FACE_BOUND('',#6035,.T.);
#6035=EDGE_LOOP('',(#10346));
#6036=FACE_BOUND('',#6037,.T.);
#6037=EDGE_LOOP('',(#10347));
#6038=FACE_BOUND('',#6039,.T.);
#6039=EDGE_LOOP('',(#10348));
#6040=FACE_BOUND('',#6041,.T.);
#6041=EDGE_LOOP('',(#10349));
#6042=FACE_BOUND('',#6043,.T.);
#6043=EDGE_LOOP('',(#10350));
#6044=FACE_BOUND('',#6045,.T.);
#6045=EDGE_LOOP('',(#10351));
#6046=FACE_BOUND('',#6047,.T.);
#6047=EDGE_LOOP('',(#10352));
#6048=FACE_BOUND('',#6049,.T.);
#6049=EDGE_LOOP('',(#10353));
#6050=FACE_BOUND('',#6051,.T.);
#6051=EDGE_LOOP('',(#10354));
#6052=FACE_BOUND('',#6053,.T.);
#6053=EDGE_LOOP('',(#10355));
#6054=FACE_BOUND('',#6055,.T.);
#6055=EDGE_LOOP('',(#10356));
#6056=PLANE('',#6057);
#6057=AXIS2_PLACEMENT_3D('',#6058,#6059,#6060);
#6058=CARTESIAN_POINT('',(0.,0.,1.5));
#6059=DIRECTION('',(0.,0.,1.));
#6060=DIRECTION('',(1.,0.,0.));
#6061=FACE_BOUND('',#6062,.T.);
#6062=EDGE_LOOP('',(#10357,#10358,#10359,#10360));
#6063=PLANE('',#6064);
#6064=AXIS2_PLACEMENT_3D('',#6065,#6066,#6067);
#6065=CARTESIAN_POINT('',(-1.27,-0.75,1.5));
#6066=DIRECTION('',(0.,-1.,0.));
#6067=DIRECTION('',(1.,0.,0.));
#6068=FACE_BOUND('',#6069,.T.);
#6069=EDGE_LOOP('',(#10361,#10362,#10363,#10364));
#6070=PLANE('',#6071);
#6071=AXIS2_PLACEMENT_3D('',#6072,#6073,#6074);
#6072=CARTESIAN_POINT('',(-1.12,-0.75,1.5));
#6073=DIRECTION('',(-0.866025403784438,-0.5,0.));
#6074=DIRECTION('',(0.5,-0.866025403784438,0.));
#6075=FACE_BOUND('',#6076,.T.);
#6076=EDGE_LOOP('',(#10365,#10366,#10367,#10368));
#6077=PLANE('',#6078);
#6078=AXIS2_PLACEMENT_3D('',#6079,#6080,#6081);
#6079=CARTESIAN_POINT('',(-0.819777860021394,-1.27,1.5));
#6080=DIRECTION('',(0.,-1.,0.));
#6081=DIRECTION('',(1.,0.,0.));
#6082=FACE_BOUND('',#6083,.T.);
#6083=EDGE_LOOP('',(#10369,#10370,#10371,#10372));
#6084=PLANE('',#6085);
#6085=AXIS2_PLACEMENT_3D('',#6086,#6087,#6088);
#6086=CARTESIAN_POINT('',(0.819777860021395,-1.27,1.5));
#6087=DIRECTION('',(0.866025403784439,-0.5,0.));
#6088=DIRECTION('',(0.5,0.866025403784439,0.));
#6089=FACE_BOUND('',#6090,.T.);
#6090=EDGE_LOOP('',(#10373,#10374,#10375,#10376));
#6091=PLANE('',#6092);
#6092=AXIS2_PLACEMENT_3D('',#6093,#6094,#6095);
#6093=CARTESIAN_POINT('',(1.12,-0.75,1.5));
#6094=DIRECTION('',(0.,-1.,0.));
#6095=DIRECTION('',(1.,0.,0.));
#6096=FACE_BOUND('',#6097,.T.);
#6097=EDGE_LOOP('',(#10377,#10378,#10379,#10380));
#6098=PLANE('',#6099);
#6099=AXIS2_PLACEMENT_3D('',#6100,#6101,#6102);
#6100=CARTESIAN_POINT('',(1.42,-0.75,1.5));
#6101=DIRECTION('',(-0.866025403784438,-0.5,0.));
#6102=DIRECTION('',(0.5,-0.866025403784438,0.));
#6103=FACE_BOUND('',#6104,.T.);
#6104=EDGE_LOOP('',(#10381,#10382,#10383,#10384));
#6105=PLANE('',#6106);
#6106=AXIS2_PLACEMENT_3D('',#6107,#6108,#6109);
#6107=CARTESIAN_POINT('',(1.72022213997861,-1.27,1.5));
#6108=DIRECTION('',(0.,-1.,0.));
#6109=DIRECTION('',(1.,0.,0.));
#6110=FACE_BOUND('',#6111,.T.);
#6111=EDGE_LOOP('',(#10385,#10386,#10387,#10388));
#6112=PLANE('',#6113);
#6113=AXIS2_PLACEMENT_3D('',#6114,#6115,#6116);
#6114=CARTESIAN_POINT('',(3.35977786002139,-1.27,1.5));
#6115=DIRECTION('',(0.866025403784439,-0.5,0.));
#6116=DIRECTION('',(0.5,0.866025403784439,0.));
#6117=FACE_BOUND('',#6118,.T.);
#6118=EDGE_LOOP('',(#10389,#10390,#10391,#10392));
#6119=PLANE('',#6120);
#6120=AXIS2_PLACEMENT_3D('',#6121,#6122,#6123);
#6121=CARTESIAN_POINT('',(3.66,-0.75,1.5));
#6122=DIRECTION('',(0.,-1.,0.));
#6123=DIRECTION('',(1.,0.,0.));
#6124=FACE_BOUND('',#6125,.T.);
#6125=EDGE_LOOP('',(#10393,#10394,#10395,#10396));
#6126=PLANE('',#6127);
#6127=AXIS2_PLACEMENT_3D('',#6128,#6129,#6130);
#6128=CARTESIAN_POINT('',(3.96,-0.75,1.5));
#6129=DIRECTION('',(-0.866025403784438,-0.5,0.));
#6130=DIRECTION('',(0.5,-0.866025403784438,0.));
#6131=FACE_BOUND('',#6132,.T.);
#6132=EDGE_LOOP('',(#10397,#10398,#10399,#10400));
#6133=PLANE('',#6134);
#6134=AXIS2_PLACEMENT_3D('',#6135,#6136,#6137);
#6135=CARTESIAN_POINT('',(4.26022213997861,-1.27,1.5));
#6136=DIRECTION('',(0.,-1.,0.));
#6137=DIRECTION('',(1.,0.,0.));
#6138=FACE_BOUND('',#6139,.T.);
#6139=EDGE_LOOP('',(#10401,#10402,#10403,#10404));
#6140=PLANE('',#6141);
#6141=AXIS2_PLACEMENT_3D('',#6142,#6143,#6144);
#6142=CARTESIAN_POINT('',(5.89977786002139,-1.27,1.5));
#6143=DIRECTION('',(0.866025403784439,-0.5,0.));
#6144=DIRECTION('',(0.5,0.866025403784439,0.));
#6145=FACE_BOUND('',#6146,.T.);
#6146=EDGE_LOOP('',(#10405,#10406,#10407,#10408));
#6147=PLANE('',#6148);
#6148=AXIS2_PLACEMENT_3D('',#6149,#6150,#6151);
#6149=CARTESIAN_POINT('',(6.2,-0.75,1.5));
#6150=DIRECTION('',(0.,-1.,0.));
#6151=DIRECTION('',(1.,0.,0.));
#6152=FACE_BOUND('',#6153,.T.);
#6153=EDGE_LOOP('',(#10409,#10410,#10411,#10412));
#6154=PLANE('',#6155);
#6155=AXIS2_PLACEMENT_3D('',#6156,#6157,#6158);
#6156=CARTESIAN_POINT('',(6.5,-0.75,1.5));
#6157=DIRECTION('',(-0.866025403784438,-0.5,0.));
#6158=DIRECTION('',(0.5,-0.866025403784438,0.));
#6159=FACE_BOUND('',#6160,.T.);
#6160=EDGE_LOOP('',(#10413,#10414,#10415,#10416));
#6161=PLANE('',#6162);
#6162=AXIS2_PLACEMENT_3D('',#6163,#6164,#6165);
#6163=CARTESIAN_POINT('',(6.80022213997861,-1.27,1.5));
#6164=DIRECTION('',(0.,-1.,0.));
#6165=DIRECTION('',(1.,0.,0.));
#6166=FACE_BOUND('',#6167,.T.);
#6167=EDGE_LOOP('',(#10417,#10418,#10419,#10420));
#6168=PLANE('',#6169);
#6169=AXIS2_PLACEMENT_3D('',#6170,#6171,#6172);
#6170=CARTESIAN_POINT('',(8.43977786002139,-1.27,1.5));
#6171=DIRECTION('',(0.866025403784439,-0.5,0.));
#6172=DIRECTION('',(0.5,0.866025403784439,0.));
#6173=FACE_BOUND('',#6174,.T.);
#6174=EDGE_LOOP('',(#10421,#10422,#10423,#10424));
#6175=PLANE('',#6176);
#6176=AXIS2_PLACEMENT_3D('',#6177,#6178,#6179);
#6177=CARTESIAN_POINT('',(8.74,-0.75,1.5));
#6178=DIRECTION('',(0.,-1.,0.));
#6179=DIRECTION('',(1.,0.,0.));
#6180=FACE_BOUND('',#6181,.T.);
#6181=EDGE_LOOP('',(#10425,#10426,#10427,#10428));
#6182=PLANE('',#6183);
#6183=AXIS2_PLACEMENT_3D('',#6184,#6185,#6186);
#6184=CARTESIAN_POINT('',(9.04,-0.75,1.5));
#6185=DIRECTION('',(-0.866025403784438,-0.5,0.));
#6186=DIRECTION('',(0.5,-0.866025403784438,0.));
#6187=FACE_BOUND('',#6188,.T.);
#6188=EDGE_LOOP('',(#10429,#10430,#10431,#10432));
#6189=PLANE('',#6190);
#6190=AXIS2_PLACEMENT_3D('',#6191,#6192,#6193);
#6191=CARTESIAN_POINT('',(9.34022213997861,-1.27,1.5));
#6192=DIRECTION('',(0.,-1.,0.));
#6193=DIRECTION('',(1.,0.,0.));
#6194=FACE_BOUND('',#6195,.T.);
#6195=EDGE_LOOP('',(#10433,#10434,#10435,#10436));
#6196=PLANE('',#6197);
#6197=AXIS2_PLACEMENT_3D('',#6198,#6199,#6200);
#6198=CARTESIAN_POINT('',(10.9797778600214,-1.27,1.5));
#6199=DIRECTION('',(0.866025403784439,-0.5,0.));
#6200=DIRECTION('',(0.5,0.866025403784439,0.));
#6201=FACE_BOUND('',#6202,.T.);
#6202=EDGE_LOOP('',(#10437,#10438,#10439,#10440));
#6203=PLANE('',#6204);
#6204=AXIS2_PLACEMENT_3D('',#6205,#6206,#6207);
#6205=CARTESIAN_POINT('',(11.28,-0.75,1.5));
#6206=DIRECTION('',(0.,-1.,0.));
#6207=DIRECTION('',(1.,0.,0.));
#6208=FACE_BOUND('',#6209,.T.);
#6209=EDGE_LOOP('',(#10441,#10442,#10443,#10444));
#6210=PLANE('',#6211);
#6211=AXIS2_PLACEMENT_3D('',#6212,#6213,#6214);
#6212=CARTESIAN_POINT('',(11.58,-0.75,1.5));
#6213=DIRECTION('',(-0.866025403784438,-0.5,0.));
#6214=DIRECTION('',(0.5,-0.866025403784438,0.));
#6215=FACE_BOUND('',#6216,.T.);
#6216=EDGE_LOOP('',(#10445,#10446,#10447,#10448));
#6217=PLANE('',#6218);
#6218=AXIS2_PLACEMENT_3D('',#6219,#6220,#6221);
#6219=CARTESIAN_POINT('',(11.8802221399786,-1.27,1.5));
#6220=DIRECTION('',(0.,-1.,0.));
#6221=DIRECTION('',(1.,0.,0.));
#6222=FACE_BOUND('',#6223,.T.);
#6223=EDGE_LOOP('',(#10449,#10450,#10451,#10452));
#6224=PLANE('',#6225);
#6225=AXIS2_PLACEMENT_3D('',#6226,#6227,#6228);
#6226=CARTESIAN_POINT('',(13.5197778600214,-1.27,1.5));
#6227=DIRECTION('',(0.866025403784439,-0.5,0.));
#6228=DIRECTION('',(0.5,0.866025403784439,0.));
#6229=FACE_BOUND('',#6230,.T.);
#6230=EDGE_LOOP('',(#10453,#10454,#10455,#10456));
#6231=PLANE('',#6232);
#6232=AXIS2_PLACEMENT_3D('',#6233,#6234,#6235);
#6233=CARTESIAN_POINT('',(13.82,-0.75,1.5));
#6234=DIRECTION('',(0.,-1.,0.));
#6235=DIRECTION('',(1.,0.,0.));
#6236=FACE_BOUND('',#6237,.T.);
#6237=EDGE_LOOP('',(#10457,#10458,#10459,#10460));
#6238=PLANE('',#6239);
#6239=AXIS2_PLACEMENT_3D('',#6240,#6241,#6242);
#6240=CARTESIAN_POINT('',(14.12,-0.75,1.5));
#6241=DIRECTION('',(-0.866025403784438,-0.5,0.));
#6242=DIRECTION('',(0.5,-0.866025403784438,0.));
#6243=FACE_BOUND('',#6244,.T.);
#6244=EDGE_LOOP('',(#10461,#10462,#10463,#10464));
#6245=PLANE('',#6246);
#6246=AXIS2_PLACEMENT_3D('',#6247,#6248,#6249);
#6247=CARTESIAN_POINT('',(14.4202221399786,-1.27,1.5));
#6248=DIRECTION('',(0.,-1.,0.));
#6249=DIRECTION('',(1.,0.,0.));
#6250=FACE_BOUND('',#6251,.T.);
#6251=EDGE_LOOP('',(#10465,#10466,#10467,#10468));
#6252=PLANE('',#6253);
#6253=AXIS2_PLACEMENT_3D('',#6254,#6255,#6256);
#6254=CARTESIAN_POINT('',(16.0597778600214,-1.27,1.5));
#6255=DIRECTION('',(0.866025403784439,-0.5,0.));
#6256=DIRECTION('',(0.5,0.866025403784439,0.));
#6257=FACE_BOUND('',#6258,.T.);
#6258=EDGE_LOOP('',(#10469,#10470,#10471,#10472));
#6259=PLANE('',#6260);
#6260=AXIS2_PLACEMENT_3D('',#6261,#6262,#6263);
#6261=CARTESIAN_POINT('',(16.36,-0.75,1.5));
#6262=DIRECTION('',(0.,-1.,0.));
#6263=DIRECTION('',(1.,0.,0.));
#6264=FACE_BOUND('',#6265,.T.);
#6265=EDGE_LOOP('',(#10473,#10474,#10475,#10476));
#6266=PLANE('',#6267);
#6267=AXIS2_PLACEMENT_3D('',#6268,#6269,#6270);
#6268=CARTESIAN_POINT('',(16.66,-0.75,1.5));
#6269=DIRECTION('',(-0.866025403784438,-0.5,0.));
#6270=DIRECTION('',(0.5,-0.866025403784438,0.));
#6271=FACE_BOUND('',#6272,.T.);
#6272=EDGE_LOOP('',(#10477,#10478,#10479,#10480));
#6273=PLANE('',#6274);
#6274=AXIS2_PLACEMENT_3D('',#6275,#6276,#6277);
#6275=CARTESIAN_POINT('',(16.9602221399786,-1.27,1.5));
#6276=DIRECTION('',(0.,-1.,0.));
#6277=DIRECTION('',(1.,0.,0.));
#6278=FACE_BOUND('',#6279,.T.);
#6279=EDGE_LOOP('',(#10481,#10482,#10483,#10484));
#6280=PLANE('',#6281);
#6281=AXIS2_PLACEMENT_3D('',#6282,#6283,#6284);
#6282=CARTESIAN_POINT('',(18.5997778600214,-1.27,1.5));
#6283=DIRECTION('',(0.866025403784439,-0.5,0.));
#6284=DIRECTION('',(0.5,0.866025403784439,0.));
#6285=FACE_BOUND('',#6286,.T.);
#6286=EDGE_LOOP('',(#10485,#10486,#10487,#10488));
#6287=PLANE('',#6288);
#6288=AXIS2_PLACEMENT_3D('',#6289,#6290,#6291);
#6289=CARTESIAN_POINT('',(18.9,-0.75,1.5));
#6290=DIRECTION('',(0.,-1.,0.));
#6291=DIRECTION('',(1.,0.,0.));
#6292=FACE_BOUND('',#6293,.T.);
#6293=EDGE_LOOP('',(#10489,#10490,#10491,#10492));
#6294=PLANE('',#6295);
#6295=AXIS2_PLACEMENT_3D('',#6296,#6297,#6298);
#6296=CARTESIAN_POINT('',(19.2,-0.75,1.5));
#6297=DIRECTION('',(-0.866025403784438,-0.5,0.));
#6298=DIRECTION('',(0.5,-0.866025403784438,0.));
#6299=FACE_BOUND('',#6300,.T.);
#6300=EDGE_LOOP('',(#10493,#10494,#10495,#10496));
#6301=PLANE('',#6302);
#6302=AXIS2_PLACEMENT_3D('',#6303,#6304,#6305);
#6303=CARTESIAN_POINT('',(19.5002221399786,-1.27,1.5));
#6304=DIRECTION('',(0.,-1.,0.));
#6305=DIRECTION('',(1.,0.,0.));
#6306=FACE_BOUND('',#6307,.T.);
#6307=EDGE_LOOP('',(#10497,#10498,#10499,#10500));
#6308=PLANE('',#6309);
#6309=AXIS2_PLACEMENT_3D('',#6310,#6311,#6312);
#6310=CARTESIAN_POINT('',(21.1397778600214,-1.27,1.5));
#6311=DIRECTION('',(0.866025403784439,-0.5,0.));
#6312=DIRECTION('',(0.5,0.866025403784439,0.));
#6313=FACE_BOUND('',#6314,.T.);
#6314=EDGE_LOOP('',(#10501,#10502,#10503,#10504));
#6315=PLANE('',#6316);
#6316=AXIS2_PLACEMENT_3D('',#6317,#6318,#6319);
#6317=CARTESIAN_POINT('',(21.44,-0.75,1.5));
#6318=DIRECTION('',(0.,-1.,0.));
#6319=DIRECTION('',(1.,0.,0.));
#6320=FACE_BOUND('',#6321,.T.);
#6321=EDGE_LOOP('',(#10505,#10506,#10507,#10508));
#6322=PLANE('',#6323);
#6323=AXIS2_PLACEMENT_3D('',#6324,#6325,#6326);
#6324=CARTESIAN_POINT('',(21.74,-0.75,1.5));
#6325=DIRECTION('',(-0.866025403784438,-0.5,0.));
#6326=DIRECTION('',(0.5,-0.866025403784438,0.));
#6327=FACE_BOUND('',#6328,.T.);
#6328=EDGE_LOOP('',(#10509,#10510,#10511,#10512));
#6329=PLANE('',#6330);
#6330=AXIS2_PLACEMENT_3D('',#6331,#6332,#6333);
#6331=CARTESIAN_POINT('',(22.0402221399786,-1.27,1.5));
#6332=DIRECTION('',(0.,-1.,0.));
#6333=DIRECTION('',(1.,0.,0.));
#6334=FACE_BOUND('',#6335,.T.);
#6335=EDGE_LOOP('',(#10513,#10514,#10515,#10516));
#6336=PLANE('',#6337);
#6337=AXIS2_PLACEMENT_3D('',#6338,#6339,#6340);
#6338=CARTESIAN_POINT('',(23.6797778600214,-1.27,1.5));
#6339=DIRECTION('',(0.866025403784439,-0.5,0.));
#6340=DIRECTION('',(0.5,0.866025403784439,0.));
#6341=FACE_BOUND('',#6342,.T.);
#6342=EDGE_LOOP('',(#10517,#10518,#10519,#10520));
#6343=PLANE('',#6344);
#6344=AXIS2_PLACEMENT_3D('',#6345,#6346,#6347);
#6345=CARTESIAN_POINT('',(23.98,-0.75,1.5));
#6346=DIRECTION('',(0.,-1.,0.));
#6347=DIRECTION('',(1.,0.,0.));
#6348=FACE_BOUND('',#6349,.T.);
#6349=EDGE_LOOP('',(#10521,#10522,#10523,#10524));
#6350=PLANE('',#6351);
#6351=AXIS2_PLACEMENT_3D('',#6352,#6353,#6354);
#6352=CARTESIAN_POINT('',(24.28,-0.75,1.5));
#6353=DIRECTION('',(-0.866025403784438,-0.5,0.));
#6354=DIRECTION('',(0.5,-0.866025403784438,0.));
#6355=FACE_BOUND('',#6356,.T.);
#6356=EDGE_LOOP('',(#10525,#10526,#10527,#10528));
#6357=PLANE('',#6358);
#6358=AXIS2_PLACEMENT_3D('',#6359,#6360,#6361);
#6359=CARTESIAN_POINT('',(24.5802221399786,-1.27,1.5));
#6360=DIRECTION('',(0.,-1.,0.));
#6361=DIRECTION('',(1.,0.,0.));
#6362=FACE_BOUND('',#6363,.T.);
#6363=EDGE_LOOP('',(#10529,#10530,#10531,#10532));
#6364=PLANE('',#6365);
#6365=AXIS2_PLACEMENT_3D('',#6366,#6367,#6368);
#6366=CARTESIAN_POINT('',(26.2197778600214,-1.27,1.5));
#6367=DIRECTION('',(0.866025403784439,-0.5,0.));
#6368=DIRECTION('',(0.5,0.866025403784439,0.));
#6369=FACE_BOUND('',#6370,.T.);
#6370=EDGE_LOOP('',(#10533,#10534,#10535,#10536));
#6371=PLANE('',#6372);
#6372=AXIS2_PLACEMENT_3D('',#6373,#6374,#6375);
#6373=CARTESIAN_POINT('',(26.52,-0.75,1.5));
#6374=DIRECTION('',(0.,-1.,0.));
#6375=DIRECTION('',(1.,0.,0.));
#6376=FACE_BOUND('',#6377,.T.);
#6377=EDGE_LOOP('',(#10537,#10538,#10539,#10540));
#6378=PLANE('',#6379);
#6379=AXIS2_PLACEMENT_3D('',#6380,#6381,#6382);
#6380=CARTESIAN_POINT('',(26.82,-0.75,1.5));
#6381=DIRECTION('',(-0.866025403784438,-0.5,0.));
#6382=DIRECTION('',(0.5,-0.866025403784438,0.));
#6383=FACE_BOUND('',#6384,.T.);
#6384=EDGE_LOOP('',(#10541,#10542,#10543,#10544));
#6385=PLANE('',#6386);
#6386=AXIS2_PLACEMENT_3D('',#6387,#6388,#6389);
#6387=CARTESIAN_POINT('',(27.1202221399786,-1.27,1.5));
#6388=DIRECTION('',(0.,-1.,0.));
#6389=DIRECTION('',(1.,0.,0.));
#6390=FACE_BOUND('',#6391,.T.);
#6391=EDGE_LOOP('',(#10545,#10546,#10547,#10548));
#6392=PLANE('',#6393);
#6393=AXIS2_PLACEMENT_3D('',#6394,#6395,#6396);
#6394=CARTESIAN_POINT('',(28.7597778600214,-1.27,1.5));
#6395=DIRECTION('',(0.866025403784439,-0.5,0.));
#6396=DIRECTION('',(0.5,0.866025403784439,0.));
#6397=FACE_BOUND('',#6398,.T.);
#6398=EDGE_LOOP('',(#10549,#10550,#10551,#10552));
#6399=PLANE('',#6400);
#6400=AXIS2_PLACEMENT_3D('',#6401,#6402,#6403);
#6401=CARTESIAN_POINT('',(29.06,-0.75,1.5));
#6402=DIRECTION('',(0.,-1.,0.));
#6403=DIRECTION('',(1.,0.,0.));
#6404=FACE_BOUND('',#6405,.T.);
#6405=EDGE_LOOP('',(#10553,#10554,#10555,#10556));
#6406=PLANE('',#6407);
#6407=AXIS2_PLACEMENT_3D('',#6408,#6409,#6410);
#6408=CARTESIAN_POINT('',(29.36,-0.75,1.5));
#6409=DIRECTION('',(-0.866025403784438,-0.5,0.));
#6410=DIRECTION('',(0.5,-0.866025403784438,0.));
#6411=FACE_BOUND('',#6412,.T.);
#6412=EDGE_LOOP('',(#10557,#10558,#10559,#10560));
#6413=PLANE('',#6414);
#6414=AXIS2_PLACEMENT_3D('',#6415,#6416,#6417);
#6415=CARTESIAN_POINT('',(29.6602221399786,-1.27,1.5));
#6416=DIRECTION('',(0.,-1.,0.));
#6417=DIRECTION('',(1.,0.,0.));
#6418=FACE_BOUND('',#6419,.T.);
#6419=EDGE_LOOP('',(#10561,#10562,#10563,#10564));
#6420=PLANE('',#6421);
#6421=AXIS2_PLACEMENT_3D('',#6422,#6423,#6424);
#6422=CARTESIAN_POINT('',(31.2997778600214,-1.27,1.5));
#6423=DIRECTION('',(0.866025403784439,-0.5,0.));
#6424=DIRECTION('',(0.5,0.866025403784439,0.));
#6425=FACE_BOUND('',#6426,.T.);
#6426=EDGE_LOOP('',(#10565,#10566,#10567,#10568));
#6427=PLANE('',#6428);
#6428=AXIS2_PLACEMENT_3D('',#6429,#6430,#6431);
#6429=CARTESIAN_POINT('',(31.6,-0.75,1.5));
#6430=DIRECTION('',(0.,-1.,0.));
#6431=DIRECTION('',(1.,0.,0.));
#6432=FACE_BOUND('',#6433,.T.);
#6433=EDGE_LOOP('',(#10569,#10570,#10571,#10572));
#6434=PLANE('',#6435);
#6435=AXIS2_PLACEMENT_3D('',#6436,#6437,#6438);
#6436=CARTESIAN_POINT('',(31.9,-0.75,1.5));
#6437=DIRECTION('',(-0.866025403784438,-0.5,0.));
#6438=DIRECTION('',(0.5,-0.866025403784438,0.));
#6439=FACE_BOUND('',#6440,.T.);
#6440=EDGE_LOOP('',(#10573,#10574,#10575,#10576));
#6441=PLANE('',#6442);
#6442=AXIS2_PLACEMENT_3D('',#6443,#6444,#6445);
#6443=CARTESIAN_POINT('',(32.2002221399786,-1.27,1.5));
#6444=DIRECTION('',(0.,-1.,0.));
#6445=DIRECTION('',(1.,0.,0.));
#6446=FACE_BOUND('',#6447,.T.);
#6447=EDGE_LOOP('',(#10577,#10578,#10579,#10580));
#6448=PLANE('',#6449);
#6449=AXIS2_PLACEMENT_3D('',#6450,#6451,#6452);
#6450=CARTESIAN_POINT('',(33.8397778600214,-1.27,1.5));
#6451=DIRECTION('',(0.866025403784439,-0.5,0.));
#6452=DIRECTION('',(0.5,0.866025403784439,0.));
#6453=FACE_BOUND('',#6454,.T.);
#6454=EDGE_LOOP('',(#10581,#10582,#10583,#10584));
#6455=PLANE('',#6456);
#6456=AXIS2_PLACEMENT_3D('',#6457,#6458,#6459);
#6457=CARTESIAN_POINT('',(34.14,-0.75,1.5));
#6458=DIRECTION('',(0.,-1.,0.));
#6459=DIRECTION('',(1.,0.,0.));
#6460=FACE_BOUND('',#6461,.T.);
#6461=EDGE_LOOP('',(#10585,#10586,#10587,#10588));
#6462=PLANE('',#6463);
#6463=AXIS2_PLACEMENT_3D('',#6464,#6465,#6466);
#6464=CARTESIAN_POINT('',(34.44,-0.75,1.5));
#6465=DIRECTION('',(-0.866025403784438,-0.5,0.));
#6466=DIRECTION('',(0.5,-0.866025403784438,0.));
#6467=FACE_BOUND('',#6468,.T.);
#6468=EDGE_LOOP('',(#10589,#10590,#10591,#10592));
#6469=PLANE('',#6470);
#6470=AXIS2_PLACEMENT_3D('',#6471,#6472,#6473);
#6471=CARTESIAN_POINT('',(34.7402221399786,-1.27,1.5));
#6472=DIRECTION('',(0.,-1.,0.));
#6473=DIRECTION('',(1.,0.,0.));
#6474=FACE_BOUND('',#6475,.T.);
#6475=EDGE_LOOP('',(#10593,#10594,#10595,#10596));
#6476=PLANE('',#6477);
#6477=AXIS2_PLACEMENT_3D('',#6478,#6479,#6480);
#6478=CARTESIAN_POINT('',(36.3797778600214,-1.27,1.5));
#6479=DIRECTION('',(0.866025403784439,-0.5,0.));
#6480=DIRECTION('',(0.5,0.866025403784439,0.));
#6481=FACE_BOUND('',#6482,.T.);
#6482=EDGE_LOOP('',(#10597,#10598,#10599,#10600));
#6483=PLANE('',#6484);
#6484=AXIS2_PLACEMENT_3D('',#6485,#6486,#6487);
#6485=CARTESIAN_POINT('',(36.68,-0.75,1.5));
#6486=DIRECTION('',(0.,-1.,0.));
#6487=DIRECTION('',(1.,0.,0.));
#6488=FACE_BOUND('',#6489,.T.);
#6489=EDGE_LOOP('',(#10601,#10602,#10603,#10604));
#6490=PLANE('',#6491);
#6491=AXIS2_PLACEMENT_3D('',#6492,#6493,#6494);
#6492=CARTESIAN_POINT('',(36.98,-0.75,1.5));
#6493=DIRECTION('',(-0.866025403784438,-0.5,0.));
#6494=DIRECTION('',(0.5,-0.866025403784438,0.));
#6495=FACE_BOUND('',#6496,.T.);
#6496=EDGE_LOOP('',(#10605,#10606,#10607,#10608));
#6497=PLANE('',#6498);
#6498=AXIS2_PLACEMENT_3D('',#6499,#6500,#6501);
#6499=CARTESIAN_POINT('',(37.2802221399786,-1.27,1.5));
#6500=DIRECTION('',(0.,-1.,0.));
#6501=DIRECTION('',(1.,0.,0.));
#6502=FACE_BOUND('',#6503,.T.);
#6503=EDGE_LOOP('',(#10609,#10610,#10611,#10612));
#6504=PLANE('',#6505);
#6505=AXIS2_PLACEMENT_3D('',#6506,#6507,#6508);
#6506=CARTESIAN_POINT('',(38.9197778600214,-1.27,1.5));
#6507=DIRECTION('',(0.866025403784439,-0.5,0.));
#6508=DIRECTION('',(0.5,0.866025403784439,0.));
#6509=FACE_BOUND('',#6510,.T.);
#6510=EDGE_LOOP('',(#10613,#10614,#10615,#10616));
#6511=PLANE('',#6512);
#6512=AXIS2_PLACEMENT_3D('',#6513,#6514,#6515);
#6513=CARTESIAN_POINT('',(39.22,-0.75,1.5));
#6514=DIRECTION('',(0.,-1.,0.));
#6515=DIRECTION('',(1.,0.,0.));
#6516=FACE_BOUND('',#6517,.T.);
#6517=EDGE_LOOP('',(#10617,#10618,#10619,#10620));
#6518=PLANE('',#6519);
#6519=AXIS2_PLACEMENT_3D('',#6520,#6521,#6522);
#6520=CARTESIAN_POINT('',(39.52,-0.75,1.5));
#6521=DIRECTION('',(-0.866025403784438,-0.5,0.));
#6522=DIRECTION('',(0.5,-0.866025403784438,0.));
#6523=FACE_BOUND('',#6524,.T.);
#6524=EDGE_LOOP('',(#10621,#10622,#10623,#10624));
#6525=PLANE('',#6526);
#6526=AXIS2_PLACEMENT_3D('',#6527,#6528,#6529);
#6527=CARTESIAN_POINT('',(39.8202221399786,-1.27,1.5));
#6528=DIRECTION('',(0.,-1.,0.));
#6529=DIRECTION('',(1.,0.,0.));
#6530=FACE_BOUND('',#6531,.T.);
#6531=EDGE_LOOP('',(#10625,#10626,#10627,#10628));
#6532=PLANE('',#6533);
#6533=AXIS2_PLACEMENT_3D('',#6534,#6535,#6536);
#6534=CARTESIAN_POINT('',(41.4597778600214,-1.27,1.5));
#6535=DIRECTION('',(0.866025403784439,-0.5,0.));
#6536=DIRECTION('',(0.5,0.866025403784439,0.));
#6537=FACE_BOUND('',#6538,.T.);
#6538=EDGE_LOOP('',(#10629,#10630,#10631,#10632));
#6539=PLANE('',#6540);
#6540=AXIS2_PLACEMENT_3D('',#6541,#6542,#6543);
#6541=CARTESIAN_POINT('',(41.76,-0.75,1.5));
#6542=DIRECTION('',(0.,-1.,0.));
#6543=DIRECTION('',(1.,0.,0.));
#6544=FACE_BOUND('',#6545,.T.);
#6545=EDGE_LOOP('',(#10633,#10634,#10635,#10636));
#6546=PLANE('',#6547);
#6547=AXIS2_PLACEMENT_3D('',#6548,#6549,#6550);
#6548=CARTESIAN_POINT('',(42.06,-0.75,1.5));
#6549=DIRECTION('',(-0.866025403784438,-0.5,0.));
#6550=DIRECTION('',(0.5,-0.866025403784438,0.));
#6551=FACE_BOUND('',#6552,.T.);
#6552=EDGE_LOOP('',(#10637,#10638,#10639,#10640));
#6553=PLANE('',#6554);
#6554=AXIS2_PLACEMENT_3D('',#6555,#6556,#6557);
#6555=CARTESIAN_POINT('',(42.3602221399786,-1.27,1.5));
#6556=DIRECTION('',(0.,-1.,0.));
#6557=DIRECTION('',(1.,0.,0.));
#6558=FACE_BOUND('',#6559,.T.);
#6559=EDGE_LOOP('',(#10641,#10642,#10643,#10644));
#6560=PLANE('',#6561);
#6561=AXIS2_PLACEMENT_3D('',#6562,#6563,#6564);
#6562=CARTESIAN_POINT('',(43.9997778600214,-1.27,1.5));
#6563=DIRECTION('',(0.866025403784439,-0.5,0.));
#6564=DIRECTION('',(0.5,0.866025403784439,0.));
#6565=FACE_BOUND('',#6566,.T.);
#6566=EDGE_LOOP('',(#10645,#10646,#10647,#10648));
#6567=PLANE('',#6568);
#6568=AXIS2_PLACEMENT_3D('',#6569,#6570,#6571);
#6569=CARTESIAN_POINT('',(44.3,-0.75,1.5));
#6570=DIRECTION('',(0.,-1.,0.));
#6571=DIRECTION('',(1.,0.,0.));
#6572=FACE_BOUND('',#6573,.T.);
#6573=EDGE_LOOP('',(#10649,#10650,#10651,#10652));
#6574=PLANE('',#6575);
#6575=AXIS2_PLACEMENT_3D('',#6576,#6577,#6578);
#6576=CARTESIAN_POINT('',(44.6,-0.75,1.5));
#6577=DIRECTION('',(-0.866025403784438,-0.5,0.));
#6578=DIRECTION('',(0.5,-0.866025403784438,0.));
#6579=FACE_BOUND('',#6580,.T.);
#6580=EDGE_LOOP('',(#10653,#10654,#10655,#10656));
#6581=PLANE('',#6582);
#6582=AXIS2_PLACEMENT_3D('',#6583,#6584,#6585);
#6583=CARTESIAN_POINT('',(44.9002221399786,-1.27,1.5));
#6584=DIRECTION('',(0.,-1.,0.));
#6585=DIRECTION('',(1.,0.,0.));
#6586=FACE_BOUND('',#6587,.T.);
#6587=EDGE_LOOP('',(#10657,#10658,#10659,#10660));
#6588=PLANE('',#6589);
#6589=AXIS2_PLACEMENT_3D('',#6590,#6591,#6592);
#6590=CARTESIAN_POINT('',(46.5397778600214,-1.27,1.5));
#6591=DIRECTION('',(0.866025403784439,-0.5,0.));
#6592=DIRECTION('',(0.5,0.866025403784439,0.));
#6593=FACE_BOUND('',#6594,.T.);
#6594=EDGE_LOOP('',(#10661,#10662,#10663,#10664));
#6595=PLANE('',#6596);
#6596=AXIS2_PLACEMENT_3D('',#6597,#6598,#6599);
#6597=CARTESIAN_POINT('',(46.84,-0.75,1.5));
#6598=DIRECTION('',(0.,-1.,0.));
#6599=DIRECTION('',(1.,0.,0.));
#6600=FACE_BOUND('',#6601,.T.);
#6601=EDGE_LOOP('',(#10665,#10666,#10667,#10668));
#6602=PLANE('',#6603);
#6603=AXIS2_PLACEMENT_3D('',#6604,#6605,#6606);
#6604=CARTESIAN_POINT('',(47.14,-0.75,1.5));
#6605=DIRECTION('',(-0.866025403784438,-0.5,0.));
#6606=DIRECTION('',(0.5,-0.866025403784438,0.));
#6607=FACE_BOUND('',#6608,.T.);
#6608=EDGE_LOOP('',(#10669,#10670,#10671,#10672));
#6609=PLANE('',#6610);
#6610=AXIS2_PLACEMENT_3D('',#6611,#6612,#6613);
#6611=CARTESIAN_POINT('',(47.4402221399786,-1.27,1.5));
#6612=DIRECTION('',(0.,-1.,0.));
#6613=DIRECTION('',(1.,0.,0.));
#6614=FACE_BOUND('',#6615,.T.);
#6615=EDGE_LOOP('',(#10673,#10674,#10675,#10676));
#6616=PLANE('',#6617);
#6617=AXIS2_PLACEMENT_3D('',#6618,#6619,#6620);
#6618=CARTESIAN_POINT('',(49.0797778600214,-1.27,1.5));
#6619=DIRECTION('',(0.866025403784439,-0.5,0.));
#6620=DIRECTION('',(0.5,0.866025403784439,0.));
#6621=FACE_BOUND('',#6622,.T.);
#6622=EDGE_LOOP('',(#10677,#10678,#10679,#10680));
#6623=PLANE('',#6624);
#6624=AXIS2_PLACEMENT_3D('',#6625,#6626,#6627);
#6625=CARTESIAN_POINT('',(49.38,-0.75,1.5));
#6626=DIRECTION('',(0.,-1.,0.));
#6627=DIRECTION('',(1.,0.,0.));
#6628=FACE_BOUND('',#6629,.T.);
#6629=EDGE_LOOP('',(#10681,#10682,#10683,#10684));
#6630=PLANE('',#6631);
#6631=AXIS2_PLACEMENT_3D('',#6632,#6633,#6634);
#6632=CARTESIAN_POINT('',(49.68,-0.75,1.5));
#6633=DIRECTION('',(-0.866025403784438,-0.5,0.));
#6634=DIRECTION('',(0.5,-0.866025403784438,0.));
#6635=FACE_BOUND('',#6636,.T.);
#6636=EDGE_LOOP('',(#10685,#10686,#10687,#10688));
#6637=PLANE('',#6638);
#6638=AXIS2_PLACEMENT_3D('',#6639,#6640,#6641);
#6639=CARTESIAN_POINT('',(49.9802221399786,-1.27,1.5));
#6640=DIRECTION('',(0.,-1.,0.));
#6641=DIRECTION('',(1.,0.,0.));
#6642=FACE_BOUND('',#6643,.T.);
#6643=EDGE_LOOP('',(#10689,#10690,#10691,#10692));
#6644=PLANE('',#6645);
#6645=AXIS2_PLACEMENT_3D('',#6646,#6647,#6648);
#6646=CARTESIAN_POINT('',(51.6197778600214,-1.27,1.5));
#6647=DIRECTION('',(0.866025403784439,-0.5,0.));
#6648=DIRECTION('',(0.5,0.866025403784439,0.));
#6649=FACE_BOUND('',#6650,.T.);
#6650=EDGE_LOOP('',(#10693,#10694,#10695,#10696));
#6651=PLANE('',#6652);
#6652=AXIS2_PLACEMENT_3D('',#6653,#6654,#6655);
#6653=CARTESIAN_POINT('',(51.92,-0.75,1.5));
#6654=DIRECTION('',(0.,-1.,0.));
#6655=DIRECTION('',(1.,0.,0.));
#6656=FACE_BOUND('',#6657,.T.);
#6657=EDGE_LOOP('',(#10697,#10698,#10699,#10700));
#6658=PLANE('',#6659);
#6659=AXIS2_PLACEMENT_3D('',#6660,#6661,#6662);
#6660=CARTESIAN_POINT('',(52.22,-0.75,1.5));
#6661=DIRECTION('',(-0.866025403784438,-0.5,0.));
#6662=DIRECTION('',(0.5,-0.866025403784438,0.));
#6663=FACE_BOUND('',#6664,.T.);
#6664=EDGE_LOOP('',(#10701,#10702,#10703,#10704));
#6665=PLANE('',#6666);
#6666=AXIS2_PLACEMENT_3D('',#6667,#6668,#6669);
#6667=CARTESIAN_POINT('',(52.5202221399786,-1.27,1.5));
#6668=DIRECTION('',(0.,-1.,0.));
#6669=DIRECTION('',(1.,0.,0.));
#6670=FACE_BOUND('',#6671,.T.);
#6671=EDGE_LOOP('',(#10705,#10706,#10707,#10708));
#6672=PLANE('',#6673);
#6673=AXIS2_PLACEMENT_3D('',#6674,#6675,#6676);
#6674=CARTESIAN_POINT('',(54.1597778600214,-1.27,1.5));
#6675=DIRECTION('',(0.866025403784439,-0.5,0.));
#6676=DIRECTION('',(0.5,0.866025403784439,0.));
#6677=FACE_BOUND('',#6678,.T.);
#6678=EDGE_LOOP('',(#10709,#10710,#10711,#10712));
#6679=PLANE('',#6680);
#6680=AXIS2_PLACEMENT_3D('',#6681,#6682,#6683);
#6681=CARTESIAN_POINT('',(54.46,-0.75,1.5));
#6682=DIRECTION('',(0.,-1.,0.));
#6683=DIRECTION('',(1.,0.,0.));
#6684=FACE_BOUND('',#6685,.T.);
#6685=EDGE_LOOP('',(#10713,#10714,#10715,#10716));
#6686=PLANE('',#6687);
#6687=AXIS2_PLACEMENT_3D('',#6688,#6689,#6690);
#6688=CARTESIAN_POINT('',(54.76,-0.75,1.5));
#6689=DIRECTION('',(-0.866025403784438,-0.5,0.));
#6690=DIRECTION('',(0.5,-0.866025403784438,0.));
#6691=FACE_BOUND('',#6692,.T.);
#6692=EDGE_LOOP('',(#10717,#10718,#10719,#10720));
#6693=PLANE('',#6694);
#6694=AXIS2_PLACEMENT_3D('',#6695,#6696,#6697);
#6695=CARTESIAN_POINT('',(55.0602221399786,-1.27,1.5));
#6696=DIRECTION('',(0.,-1.,0.));
#6697=DIRECTION('',(1.,0.,0.));
#6698=FACE_BOUND('',#6699,.T.);
#6699=EDGE_LOOP('',(#10721,#10722,#10723,#10724));
#6700=PLANE('',#6701);
#6701=AXIS2_PLACEMENT_3D('',#6702,#6703,#6704);
#6702=CARTESIAN_POINT('',(56.6997778600214,-1.27,1.5));
#6703=DIRECTION('',(0.866025403784439,-0.5,0.));
#6704=DIRECTION('',(0.5,0.866025403784439,0.));
#6705=FACE_BOUND('',#6706,.T.);
#6706=EDGE_LOOP('',(#10725,#10726,#10727,#10728));
#6707=PLANE('',#6708);
#6708=AXIS2_PLACEMENT_3D('',#6709,#6710,#6711);
#6709=CARTESIAN_POINT('',(57.,-0.75,1.5));
#6710=DIRECTION('',(0.,-1.,0.));
#6711=DIRECTION('',(1.,0.,0.));
#6712=FACE_BOUND('',#6713,.T.);
#6713=EDGE_LOOP('',(#10729,#10730,#10731,#10732));
#6714=PLANE('',#6715);
#6715=AXIS2_PLACEMENT_3D('',#6716,#6717,#6718);
#6716=CARTESIAN_POINT('',(57.3,-0.75,1.5));
#6717=DIRECTION('',(-0.866025403784438,-0.5,0.));
#6718=DIRECTION('',(0.5,-0.866025403784438,0.));
#6719=FACE_BOUND('',#6720,.T.);
#6720=EDGE_LOOP('',(#10733,#10734,#10735,#10736));
#6721=PLANE('',#6722);
#6722=AXIS2_PLACEMENT_3D('',#6723,#6724,#6725);
#6723=CARTESIAN_POINT('',(57.6002221399786,-1.27,1.5));
#6724=DIRECTION('',(0.,-1.,0.));
#6725=DIRECTION('',(1.,0.,0.));
#6726=FACE_BOUND('',#6727,.T.);
#6727=EDGE_LOOP('',(#10737,#10738,#10739,#10740));
#6728=PLANE('',#6729);
#6729=AXIS2_PLACEMENT_3D('',#6730,#6731,#6732);
#6730=CARTESIAN_POINT('',(59.2397778600214,-1.27,1.5));
#6731=DIRECTION('',(0.866025403784439,-0.5,0.));
#6732=DIRECTION('',(0.5,0.866025403784439,0.));
#6733=FACE_BOUND('',#6734,.T.);
#6734=EDGE_LOOP('',(#10741,#10742,#10743,#10744));
#6735=PLANE('',#6736);
#6736=AXIS2_PLACEMENT_3D('',#6737,#6738,#6739);
#6737=CARTESIAN_POINT('',(59.54,-0.75,1.5));
#6738=DIRECTION('',(0.,-1.,0.));
#6739=DIRECTION('',(1.,0.,0.));
#6740=FACE_BOUND('',#6741,.T.);
#6741=EDGE_LOOP('',(#10745,#10746,#10747,#10748));
#6742=PLANE('',#6743);
#6743=AXIS2_PLACEMENT_3D('',#6744,#6745,#6746);
#6744=CARTESIAN_POINT('',(59.84,-0.75,1.5));
#6745=DIRECTION('',(-0.866025403784438,-0.5,0.));
#6746=DIRECTION('',(0.5,-0.866025403784438,0.));
#6747=FACE_BOUND('',#6748,.T.);
#6748=EDGE_LOOP('',(#10749,#10750,#10751,#10752));
#6749=PLANE('',#6750);
#6750=AXIS2_PLACEMENT_3D('',#6751,#6752,#6753);
#6751=CARTESIAN_POINT('',(60.1402221399786,-1.27,1.5));
#6752=DIRECTION('',(0.,-1.,0.));
#6753=DIRECTION('',(1.,0.,0.));
#6754=FACE_BOUND('',#6755,.T.);
#6755=EDGE_LOOP('',(#10753,#10754,#10755,#10756));
#6756=PLANE('',#6757);
#6757=AXIS2_PLACEMENT_3D('',#6758,#6759,#6760);
#6758=CARTESIAN_POINT('',(61.7797778600214,-1.27,1.5));
#6759=DIRECTION('',(0.866025403784439,-0.5,0.));
#6760=DIRECTION('',(0.5,0.866025403784439,0.));
#6761=FACE_BOUND('',#6762,.T.);
#6762=EDGE_LOOP('',(#10757,#10758,#10759,#10760));
#6763=PLANE('',#6764);
#6764=AXIS2_PLACEMENT_3D('',#6765,#6766,#6767);
#6765=CARTESIAN_POINT('',(62.08,-0.75,1.5));
#6766=DIRECTION('',(0.,-1.,0.));
#6767=DIRECTION('',(1.,0.,0.));
#6768=FACE_BOUND('',#6769,.T.);
#6769=EDGE_LOOP('',(#10761,#10762,#10763,#10764));
#6770=PLANE('',#6771);
#6771=AXIS2_PLACEMENT_3D('',#6772,#6773,#6774);
#6772=CARTESIAN_POINT('',(62.38,-0.75,1.5));
#6773=DIRECTION('',(-0.866025403784438,-0.5,0.));
#6774=DIRECTION('',(0.5,-0.866025403784438,0.));
#6775=FACE_BOUND('',#6776,.T.);
#6776=EDGE_LOOP('',(#10765,#10766,#10767,#10768));
#6777=PLANE('',#6778);
#6778=AXIS2_PLACEMENT_3D('',#6779,#6780,#6781);
#6779=CARTESIAN_POINT('',(62.6802221399786,-1.27,1.5));
#6780=DIRECTION('',(0.,-1.,0.));
#6781=DIRECTION('',(1.,0.,0.));
#6782=FACE_BOUND('',#6783,.T.);
#6783=EDGE_LOOP('',(#10769,#10770,#10771,#10772));
#6784=PLANE('',#6785);
#6785=AXIS2_PLACEMENT_3D('',#6786,#6787,#6788);
#6786=CARTESIAN_POINT('',(64.3197778600214,-1.27,1.5));
#6787=DIRECTION('',(0.866025403784439,-0.5,0.));
#6788=DIRECTION('',(0.5,0.866025403784439,0.));
#6789=FACE_BOUND('',#6790,.T.);
#6790=EDGE_LOOP('',(#10773,#10774,#10775,#10776));
#6791=PLANE('',#6792);
#6792=AXIS2_PLACEMENT_3D('',#6793,#6794,#6795);
#6793=CARTESIAN_POINT('',(64.77,-0.75,1.5));
#6794=DIRECTION('',(0.,-1.,0.));
#6795=DIRECTION('',(1.,0.,0.));
#6796=FACE_BOUND('',#6797,.T.);
#6797=EDGE_LOOP('',(#10777,#10778,#10779,#10780));
#6798=PLANE('',#6799);
#6799=AXIS2_PLACEMENT_3D('',#6800,#6801,#6802);
#6800=CARTESIAN_POINT('',(64.92,-0.75,1.5));
#6801=DIRECTION('',(-0.866025403784438,-0.5,0.));
#6802=DIRECTION('',(0.5,-0.866025403784438,0.));
#6803=FACE_BOUND('',#6804,.T.);
#6804=EDGE_LOOP('',(#10781,#10782,#10783,#10784));
#6805=PLANE('',#6806);
#6806=AXIS2_PLACEMENT_3D('',#6807,#6808,#6809);
#6807=CARTESIAN_POINT('',(65.2202221399786,-1.27,1.5));
#6808=DIRECTION('',(0.,-1.,0.));
#6809=DIRECTION('',(1.,0.,0.));
#6810=FACE_BOUND('',#6811,.T.);
#6811=EDGE_LOOP('',(#10785,#10786,#10787,#10788));
#6812=PLANE('',#6813);
#6813=AXIS2_PLACEMENT_3D('',#6814,#6815,#6816);
#6814=CARTESIAN_POINT('',(66.8597778600214,-1.27,1.5));
#6815=DIRECTION('',(0.866025403784439,-0.5,0.));
#6816=DIRECTION('',(0.5,0.866025403784439,0.));
#6817=FACE_BOUND('',#6818,.T.);
#6818=EDGE_LOOP('',(#10789,#10790,#10791,#10792));
#6819=PLANE('',#6820);
#6820=AXIS2_PLACEMENT_3D('',#6821,#6822,#6823);
#6821=CARTESIAN_POINT('',(67.16,-0.75,1.5));
#6822=DIRECTION('',(0.,-1.,0.));
#6823=DIRECTION('',(1.,0.,0.));
#6824=FACE_BOUND('',#6825,.T.);
#6825=EDGE_LOOP('',(#10793,#10794,#10795,#10796));
#6826=PLANE('',#6827);
#6827=AXIS2_PLACEMENT_3D('',#6828,#6829,#6830);
#6828=CARTESIAN_POINT('',(67.31,-0.75,1.5));
#6829=DIRECTION('',(1.,0.,0.));
#6830=DIRECTION('',(0.,1.,0.));
#6831=FACE_BOUND('',#6832,.T.);
#6832=EDGE_LOOP('',(#10797,#10798,#10799,#10800));
#6833=PLANE('',#6834);
#6834=AXIS2_PLACEMENT_3D('',#6835,#6836,#6837);
#6835=CARTESIAN_POINT('',(67.31,0.75,1.5));
#6836=DIRECTION('',(0.,1.,-0.));
#6837=DIRECTION('',(-1.,0.,0.));
#6838=FACE_BOUND('',#6839,.T.);
#6839=EDGE_LOOP('',(#10801,#10802,#10803,#10804));
#6840=PLANE('',#6841);
#6841=AXIS2_PLACEMENT_3D('',#6842,#6843,#6844);
#6842=CARTESIAN_POINT('',(67.16,0.75,1.5));
#6843=DIRECTION('',(0.866025403784438,0.5,-0.));
#6844=DIRECTION('',(-0.5,0.866025403784438,0.));
#6845=FACE_BOUND('',#6846,.T.);
#6846=EDGE_LOOP('',(#10805,#10806,#10807,#10808));
#6847=PLANE('',#6848);
#6848=AXIS2_PLACEMENT_3D('',#6849,#6850,#6851);
#6849=CARTESIAN_POINT('',(66.8597778600214,1.27,1.5));
#6850=DIRECTION('',(0.,1.,-0.));
#6851=DIRECTION('',(-1.,0.,0.));
#6852=FACE_BOUND('',#6853,.T.);
#6853=EDGE_LOOP('',(#10809,#10810,#10811,#10812));
#6854=PLANE('',#6855);
#6855=AXIS2_PLACEMENT_3D('',#6856,#6857,#6858);
#6856=CARTESIAN_POINT('',(65.2202221399786,1.27,1.5));
#6857=DIRECTION('',(-0.866025403784439,0.5,0.));
#6858=DIRECTION('',(-0.5,-0.866025403784439,0.));
#6859=FACE_BOUND('',#6860,.T.);
#6860=EDGE_LOOP('',(#10813,#10814,#10815,#10816));
#6861=PLANE('',#6862);
#6862=AXIS2_PLACEMENT_3D('',#6863,#6864,#6865);
#6863=CARTESIAN_POINT('',(64.92,0.75,1.5));
#6864=DIRECTION('',(0.,1.,-0.));
#6865=DIRECTION('',(-1.,0.,0.));
#6866=FACE_BOUND('',#6867,.T.);
#6867=EDGE_LOOP('',(#10817,#10818,#10819,#10820));
#6868=PLANE('',#6869);
#6869=AXIS2_PLACEMENT_3D('',#6870,#6871,#6872);
#6870=CARTESIAN_POINT('',(64.62,0.75,1.5));
#6871=DIRECTION('',(0.866025403784438,0.5,-0.));
#6872=DIRECTION('',(-0.5,0.866025403784438,0.));
#6873=FACE_BOUND('',#6874,.T.);
#6874=EDGE_LOOP('',(#10821,#10822,#10823,#10824));
#6875=PLANE('',#6876);
#6876=AXIS2_PLACEMENT_3D('',#6877,#6878,#6879);
#6877=CARTESIAN_POINT('',(64.3197778600214,1.27,1.5));
#6878=DIRECTION('',(0.,1.,-0.));
#6879=DIRECTION('',(-1.,0.,0.));
#6880=FACE_BOUND('',#6881,.T.);
#6881=EDGE_LOOP('',(#10825,#10826,#10827,#10828));
#6882=PLANE('',#6883);
#6883=AXIS2_PLACEMENT_3D('',#6884,#6885,#6886);
#6884=CARTESIAN_POINT('',(62.6802221399786,1.27,1.5));
#6885=DIRECTION('',(-0.866025403784439,0.5,0.));
#6886=DIRECTION('',(-0.5,-0.866025403784439,0.));
#6887=FACE_BOUND('',#6888,.T.);
#6888=EDGE_LOOP('',(#10829,#10830,#10831,#10832));
#6889=PLANE('',#6890);
#6890=AXIS2_PLACEMENT_3D('',#6891,#6892,#6893);
#6891=CARTESIAN_POINT('',(62.23,0.75,1.5));
#6892=DIRECTION('',(0.,1.,-0.));
#6893=DIRECTION('',(-1.,0.,0.));
#6894=FACE_BOUND('',#6895,.T.);
#6895=EDGE_LOOP('',(#10833,#10834,#10835,#10836));
#6896=PLANE('',#6897);
#6897=AXIS2_PLACEMENT_3D('',#6898,#6899,#6900);
#6898=CARTESIAN_POINT('',(62.08,0.75,1.5));
#6899=DIRECTION('',(0.866025403784438,0.5,-0.));
#6900=DIRECTION('',(-0.5,0.866025403784438,0.));
#6901=FACE_BOUND('',#6902,.T.);
#6902=EDGE_LOOP('',(#10837,#10838,#10839,#10840));
#6903=PLANE('',#6904);
#6904=AXIS2_PLACEMENT_3D('',#6905,#6906,#6907);
#6905=CARTESIAN_POINT('',(61.7797778600214,1.27,1.5));
#6906=DIRECTION('',(0.,1.,-0.));
#6907=DIRECTION('',(-1.,0.,0.));
#6908=FACE_BOUND('',#6909,.T.);
#6909=EDGE_LOOP('',(#10841,#10842,#10843,#10844));
#6910=PLANE('',#6911);
#6911=AXIS2_PLACEMENT_3D('',#6912,#6913,#6914);
#6912=CARTESIAN_POINT('',(60.1402221399786,1.27,1.5));
#6913=DIRECTION('',(-0.866025403784439,0.5,0.));
#6914=DIRECTION('',(-0.5,-0.866025403784439,0.));
#6915=FACE_BOUND('',#6916,.T.);
#6916=EDGE_LOOP('',(#10845,#10846,#10847,#10848));
#6917=PLANE('',#6918);
#6918=AXIS2_PLACEMENT_3D('',#6919,#6920,#6921);
#6919=CARTESIAN_POINT('',(59.69,0.75,1.5));
#6920=DIRECTION('',(0.,1.,-0.));
#6921=DIRECTION('',(-1.,0.,0.));
#6922=FACE_BOUND('',#6923,.T.);
#6923=EDGE_LOOP('',(#10849,#10850,#10851,#10852));
#6924=PLANE('',#6925);
#6925=AXIS2_PLACEMENT_3D('',#6926,#6927,#6928);
#6926=CARTESIAN_POINT('',(59.54,0.75,1.5));
#6927=DIRECTION('',(0.866025403784438,0.5,-0.));
#6928=DIRECTION('',(-0.5,0.866025403784438,0.));
#6929=FACE_BOUND('',#6930,.T.);
#6930=EDGE_LOOP('',(#10853,#10854,#10855,#10856));
#6931=PLANE('',#6932);
#6932=AXIS2_PLACEMENT_3D('',#6933,#6934,#6935);
#6933=CARTESIAN_POINT('',(59.2397778600214,1.27,1.5));
#6934=DIRECTION('',(0.,1.,-0.));
#6935=DIRECTION('',(-1.,0.,0.));
#6936=FACE_BOUND('',#6937,.T.);
#6937=EDGE_LOOP('',(#10857,#10858,#10859,#10860));
#6938=PLANE('',#6939);
#6939=AXIS2_PLACEMENT_3D('',#6940,#6941,#6942);
#6940=CARTESIAN_POINT('',(57.6002221399786,1.27,1.5));
#6941=DIRECTION('',(-0.866025403784439,0.5,0.));
#6942=DIRECTION('',(-0.5,-0.866025403784439,0.));
#6943=FACE_BOUND('',#6944,.T.);
#6944=EDGE_LOOP('',(#10861,#10862,#10863,#10864));
#6945=PLANE('',#6946);
#6946=AXIS2_PLACEMENT_3D('',#6947,#6948,#6949);
#6947=CARTESIAN_POINT('',(57.15,0.75,1.5));
#6948=DIRECTION('',(0.,1.,-0.));
#6949=DIRECTION('',(-1.,0.,0.));
#6950=FACE_BOUND('',#6951,.T.);
#6951=EDGE_LOOP('',(#10865,#10866,#10867,#10868));
#6952=PLANE('',#6953);
#6953=AXIS2_PLACEMENT_3D('',#6954,#6955,#6956);
#6954=CARTESIAN_POINT('',(57.,0.75,1.5));
#6955=DIRECTION('',(0.866025403784438,0.5,-0.));
#6956=DIRECTION('',(-0.5,0.866025403784438,0.));
#6957=FACE_BOUND('',#6958,.T.);
#6958=EDGE_LOOP('',(#10869,#10870,#10871,#10872));
#6959=PLANE('',#6960);
#6960=AXIS2_PLACEMENT_3D('',#6961,#6962,#6963);
#6961=CARTESIAN_POINT('',(56.6997778600214,1.27,1.5));
#6962=DIRECTION('',(0.,1.,-0.));
#6963=DIRECTION('',(-1.,0.,0.));
#6964=FACE_BOUND('',#6965,.T.);
#6965=EDGE_LOOP('',(#10873,#10874,#10875,#10876));
#6966=PLANE('',#6967);
#6967=AXIS2_PLACEMENT_3D('',#6968,#6969,#6970);
#6968=CARTESIAN_POINT('',(55.0602221399786,1.27,1.5));
#6969=DIRECTION('',(-0.866025403784439,0.5,0.));
#6970=DIRECTION('',(-0.5,-0.866025403784439,0.));
#6971=FACE_BOUND('',#6972,.T.);
#6972=EDGE_LOOP('',(#10877,#10878,#10879,#10880));
#6973=PLANE('',#6974);
#6974=AXIS2_PLACEMENT_3D('',#6975,#6976,#6977);
#6975=CARTESIAN_POINT('',(54.61,0.75,1.5));
#6976=DIRECTION('',(0.,1.,-0.));
#6977=DIRECTION('',(-1.,0.,0.));
#6978=FACE_BOUND('',#6979,.T.);
#6979=EDGE_LOOP('',(#10881,#10882,#10883,#10884));
#6980=PLANE('',#6981);
#6981=AXIS2_PLACEMENT_3D('',#6982,#6983,#6984);
#6982=CARTESIAN_POINT('',(54.46,0.75,1.5));
#6983=DIRECTION('',(0.866025403784438,0.5,-0.));
#6984=DIRECTION('',(-0.5,0.866025403784438,0.));
#6985=FACE_BOUND('',#6986,.T.);
#6986=EDGE_LOOP('',(#10885,#10886,#10887,#10888));
#6987=PLANE('',#6988);
#6988=AXIS2_PLACEMENT_3D('',#6989,#6990,#6991);
#6989=CARTESIAN_POINT('',(54.1597778600214,1.27,1.5));
#6990=DIRECTION('',(0.,1.,-0.));
#6991=DIRECTION('',(-1.,0.,0.));
#6992=FACE_BOUND('',#6993,.T.);
#6993=EDGE_LOOP('',(#10889,#10890,#10891,#10892));
#6994=PLANE('',#6995);
#6995=AXIS2_PLACEMENT_3D('',#6996,#6997,#6998);
#6996=CARTESIAN_POINT('',(52.5202221399786,1.27,1.5));
#6997=DIRECTION('',(-0.866025403784439,0.5,0.));
#6998=DIRECTION('',(-0.5,-0.866025403784439,0.));
#6999=FACE_BOUND('',#7000,.T.);
#7000=EDGE_LOOP('',(#10893,#10894,#10895,#10896));
#7001=PLANE('',#7002);
#7002=AXIS2_PLACEMENT_3D('',#7003,#7004,#7005);
#7003=CARTESIAN_POINT('',(52.07,0.75,1.5));
#7004=DIRECTION('',(0.,1.,-0.));
#7005=DIRECTION('',(-1.,0.,0.));
#7006=FACE_BOUND('',#7007,.T.);
#7007=EDGE_LOOP('',(#10897,#10898,#10899,#10900));
#7008=PLANE('',#7009);
#7009=AXIS2_PLACEMENT_3D('',#7010,#7011,#7012);
#7010=CARTESIAN_POINT('',(51.92,0.75,1.5));
#7011=DIRECTION('',(0.866025403784438,0.5,-0.));
#7012=DIRECTION('',(-0.5,0.866025403784438,0.));
#7013=FACE_BOUND('',#7014,.T.);
#7014=EDGE_LOOP('',(#10901,#10902,#10903,#10904));
#7015=PLANE('',#7016);
#7016=AXIS2_PLACEMENT_3D('',#7017,#7018,#7019);
#7017=CARTESIAN_POINT('',(51.6197778600214,1.27,1.5));
#7018=DIRECTION('',(0.,1.,-0.));
#7019=DIRECTION('',(-1.,0.,0.));
#7020=FACE_BOUND('',#7021,.T.);
#7021=EDGE_LOOP('',(#10905,#10906,#10907,#10908));
#7022=PLANE('',#7023);
#7023=AXIS2_PLACEMENT_3D('',#7024,#7025,#7026);
#7024=CARTESIAN_POINT('',(49.9802221399786,1.27,1.5));
#7025=DIRECTION('',(-0.866025403784439,0.5,0.));
#7026=DIRECTION('',(-0.5,-0.866025403784439,0.));
#7027=FACE_BOUND('',#7028,.T.);
#7028=EDGE_LOOP('',(#10909,#10910,#10911,#10912));
#7029=PLANE('',#7030);
#7030=AXIS2_PLACEMENT_3D('',#7031,#7032,#7033);
#7031=CARTESIAN_POINT('',(49.53,0.75,1.5));
#7032=DIRECTION('',(0.,1.,-0.));
#7033=DIRECTION('',(-1.,0.,0.));
#7034=FACE_BOUND('',#7035,.T.);
#7035=EDGE_LOOP('',(#10913,#10914,#10915,#10916));
#7036=PLANE('',#7037);
#7037=AXIS2_PLACEMENT_3D('',#7038,#7039,#7040);
#7038=CARTESIAN_POINT('',(49.38,0.75,1.5));
#7039=DIRECTION('',(0.866025403784438,0.5,-0.));
#7040=DIRECTION('',(-0.5,0.866025403784438,0.));
#7041=FACE_BOUND('',#7042,.T.);
#7042=EDGE_LOOP('',(#10917,#10918,#10919,#10920));
#7043=PLANE('',#7044);
#7044=AXIS2_PLACEMENT_3D('',#7045,#7046,#7047);
#7045=CARTESIAN_POINT('',(49.0797778600214,1.27,1.5));
#7046=DIRECTION('',(0.,1.,-0.));
#7047=DIRECTION('',(-1.,0.,0.));
#7048=FACE_BOUND('',#7049,.T.);
#7049=EDGE_LOOP('',(#10921,#10922,#10923,#10924));
#7050=PLANE('',#7051);
#7051=AXIS2_PLACEMENT_3D('',#7052,#7053,#7054);
#7052=CARTESIAN_POINT('',(47.4402221399786,1.27,1.5));
#7053=DIRECTION('',(-0.866025403784439,0.5,0.));
#7054=DIRECTION('',(-0.5,-0.866025403784439,0.));
#7055=FACE_BOUND('',#7056,.T.);
#7056=EDGE_LOOP('',(#10925,#10926,#10927,#10928));
#7057=PLANE('',#7058);
#7058=AXIS2_PLACEMENT_3D('',#7059,#7060,#7061);
#7059=CARTESIAN_POINT('',(46.99,0.75,1.5));
#7060=DIRECTION('',(0.,1.,-0.));
#7061=DIRECTION('',(-1.,0.,0.));
#7062=FACE_BOUND('',#7063,.T.);
#7063=EDGE_LOOP('',(#10929,#10930,#10931,#10932));
#7064=PLANE('',#7065);
#7065=AXIS2_PLACEMENT_3D('',#7066,#7067,#7068);
#7066=CARTESIAN_POINT('',(46.84,0.75,1.5));
#7067=DIRECTION('',(0.866025403784438,0.5,-0.));
#7068=DIRECTION('',(-0.5,0.866025403784438,0.));
#7069=FACE_BOUND('',#7070,.T.);
#7070=EDGE_LOOP('',(#10933,#10934,#10935,#10936));
#7071=PLANE('',#7072);
#7072=AXIS2_PLACEMENT_3D('',#7073,#7074,#7075);
#7073=CARTESIAN_POINT('',(46.5397778600214,1.27,1.5));
#7074=DIRECTION('',(0.,1.,-0.));
#7075=DIRECTION('',(-1.,0.,0.));
#7076=FACE_BOUND('',#7077,.T.);
#7077=EDGE_LOOP('',(#10937,#10938,#10939,#10940));
#7078=PLANE('',#7079);
#7079=AXIS2_PLACEMENT_3D('',#7080,#7081,#7082);
#7080=CARTESIAN_POINT('',(44.9002221399786,1.27,1.5));
#7081=DIRECTION('',(-0.866025403784439,0.5,0.));
#7082=DIRECTION('',(-0.5,-0.866025403784439,0.));
#7083=FACE_BOUND('',#7084,.T.);
#7084=EDGE_LOOP('',(#10941,#10942,#10943,#10944));
#7085=PLANE('',#7086);
#7086=AXIS2_PLACEMENT_3D('',#7087,#7088,#7089);
#7087=CARTESIAN_POINT('',(44.45,0.75,1.5));
#7088=DIRECTION('',(0.,1.,-0.));
#7089=DIRECTION('',(-1.,0.,0.));
#7090=FACE_BOUND('',#7091,.T.);
#7091=EDGE_LOOP('',(#10945,#10946,#10947,#10948));
#7092=PLANE('',#7093);
#7093=AXIS2_PLACEMENT_3D('',#7094,#7095,#7096);
#7094=CARTESIAN_POINT('',(44.3,0.75,1.5));
#7095=DIRECTION('',(0.866025403784438,0.5,-0.));
#7096=DIRECTION('',(-0.5,0.866025403784438,0.));
#7097=FACE_BOUND('',#7098,.T.);
#7098=EDGE_LOOP('',(#10949,#10950,#10951,#10952));
#7099=PLANE('',#7100);
#7100=AXIS2_PLACEMENT_3D('',#7101,#7102,#7103);
#7101=CARTESIAN_POINT('',(43.9997778600214,1.27,1.5));
#7102=DIRECTION('',(0.,1.,-0.));
#7103=DIRECTION('',(-1.,0.,0.));
#7104=FACE_BOUND('',#7105,.T.);
#7105=EDGE_LOOP('',(#10953,#10954,#10955,#10956));
#7106=PLANE('',#7107);
#7107=AXIS2_PLACEMENT_3D('',#7108,#7109,#7110);
#7108=CARTESIAN_POINT('',(42.3602221399786,1.27,1.5));
#7109=DIRECTION('',(-0.866025403784439,0.5,0.));
#7110=DIRECTION('',(-0.5,-0.866025403784439,0.));
#7111=FACE_BOUND('',#7112,.T.);
#7112=EDGE_LOOP('',(#10957,#10958,#10959,#10960));
#7113=PLANE('',#7114);
#7114=AXIS2_PLACEMENT_3D('',#7115,#7116,#7117);
#7115=CARTESIAN_POINT('',(41.91,0.75,1.5));
#7116=DIRECTION('',(0.,1.,-0.));
#7117=DIRECTION('',(-1.,0.,0.));
#7118=FACE_BOUND('',#7119,.T.);
#7119=EDGE_LOOP('',(#10961,#10962,#10963,#10964));
#7120=PLANE('',#7121);
#7121=AXIS2_PLACEMENT_3D('',#7122,#7123,#7124);
#7122=CARTESIAN_POINT('',(41.76,0.75,1.5));
#7123=DIRECTION('',(0.866025403784438,0.5,-0.));
#7124=DIRECTION('',(-0.5,0.866025403784438,0.));
#7125=FACE_BOUND('',#7126,.T.);
#7126=EDGE_LOOP('',(#10965,#10966,#10967,#10968));
#7127=PLANE('',#7128);
#7128=AXIS2_PLACEMENT_3D('',#7129,#7130,#7131);
#7129=CARTESIAN_POINT('',(41.4597778600214,1.27,1.5));
#7130=DIRECTION('',(0.,1.,-0.));
#7131=DIRECTION('',(-1.,0.,0.));
#7132=FACE_BOUND('',#7133,.T.);
#7133=EDGE_LOOP('',(#10969,#10970,#10971,#10972));
#7134=PLANE('',#7135);
#7135=AXIS2_PLACEMENT_3D('',#7136,#7137,#7138);
#7136=CARTESIAN_POINT('',(39.8202221399786,1.27,1.5));
#7137=DIRECTION('',(-0.866025403784439,0.5,0.));
#7138=DIRECTION('',(-0.5,-0.866025403784439,0.));
#7139=FACE_BOUND('',#7140,.T.);
#7140=EDGE_LOOP('',(#10973,#10974,#10975,#10976));
#7141=PLANE('',#7142);
#7142=AXIS2_PLACEMENT_3D('',#7143,#7144,#7145);
#7143=CARTESIAN_POINT('',(39.37,0.75,1.5));
#7144=DIRECTION('',(0.,1.,-0.));
#7145=DIRECTION('',(-1.,0.,0.));
#7146=FACE_BOUND('',#7147,.T.);
#7147=EDGE_LOOP('',(#10977,#10978,#10979,#10980));
#7148=PLANE('',#7149);
#7149=AXIS2_PLACEMENT_3D('',#7150,#7151,#7152);
#7150=CARTESIAN_POINT('',(39.22,0.75,1.5));
#7151=DIRECTION('',(0.866025403784438,0.5,-0.));
#7152=DIRECTION('',(-0.5,0.866025403784438,0.));
#7153=FACE_BOUND('',#7154,.T.);
#7154=EDGE_LOOP('',(#10981,#10982,#10983,#10984));
#7155=PLANE('',#7156);
#7156=AXIS2_PLACEMENT_3D('',#7157,#7158,#7159);
#7157=CARTESIAN_POINT('',(38.9197778600214,1.27,1.5));
#7158=DIRECTION('',(0.,1.,-0.));
#7159=DIRECTION('',(-1.,0.,0.));
#7160=FACE_BOUND('',#7161,.T.);
#7161=EDGE_LOOP('',(#10985,#10986,#10987,#10988));
#7162=PLANE('',#7163);
#7163=AXIS2_PLACEMENT_3D('',#7164,#7165,#7166);
#7164=CARTESIAN_POINT('',(37.2802221399786,1.27,1.5));
#7165=DIRECTION('',(-0.866025403784439,0.5,0.));
#7166=DIRECTION('',(-0.5,-0.866025403784439,0.));
#7167=FACE_BOUND('',#7168,.T.);
#7168=EDGE_LOOP('',(#10989,#10990,#10991,#10992));
#7169=PLANE('',#7170);
#7170=AXIS2_PLACEMENT_3D('',#7171,#7172,#7173);
#7171=CARTESIAN_POINT('',(36.83,0.75,1.5));
#7172=DIRECTION('',(0.,1.,-0.));
#7173=DIRECTION('',(-1.,0.,0.));
#7174=FACE_BOUND('',#7175,.T.);
#7175=EDGE_LOOP('',(#10993,#10994,#10995,#10996));
#7176=PLANE('',#7177);
#7177=AXIS2_PLACEMENT_3D('',#7178,#7179,#7180);
#7178=CARTESIAN_POINT('',(36.68,0.75,1.5));
#7179=DIRECTION('',(0.866025403784438,0.5,-0.));
#7180=DIRECTION('',(-0.5,0.866025403784438,0.));
#7181=FACE_BOUND('',#7182,.T.);
#7182=EDGE_LOOP('',(#10997,#10998,#10999,#11000));
#7183=PLANE('',#7184);
#7184=AXIS2_PLACEMENT_3D('',#7185,#7186,#7187);
#7185=CARTESIAN_POINT('',(36.3797778600214,1.27,1.5));
#7186=DIRECTION('',(0.,1.,-0.));
#7187=DIRECTION('',(-1.,0.,0.));
#7188=FACE_BOUND('',#7189,.T.);
#7189=EDGE_LOOP('',(#11001,#11002,#11003,#11004));
#7190=PLANE('',#7191);
#7191=AXIS2_PLACEMENT_3D('',#7192,#7193,#7194);
#7192=CARTESIAN_POINT('',(34.7402221399786,1.27,1.5));
#7193=DIRECTION('',(-0.866025403784439,0.5,0.));
#7194=DIRECTION('',(-0.5,-0.866025403784439,0.));
#7195=FACE_BOUND('',#7196,.T.);
#7196=EDGE_LOOP('',(#11005,#11006,#11007,#11008));
#7197=PLANE('',#7198);
#7198=AXIS2_PLACEMENT_3D('',#7199,#7200,#7201);
#7199=CARTESIAN_POINT('',(34.29,0.75,1.5));
#7200=DIRECTION('',(0.,1.,-0.));
#7201=DIRECTION('',(-1.,0.,0.));
#7202=FACE_BOUND('',#7203,.T.);
#7203=EDGE_LOOP('',(#11009,#11010,#11011,#11012));
#7204=PLANE('',#7205);
#7205=AXIS2_PLACEMENT_3D('',#7206,#7207,#7208);
#7206=CARTESIAN_POINT('',(34.14,0.75,1.5));
#7207=DIRECTION('',(0.866025403784438,0.5,-0.));
#7208=DIRECTION('',(-0.5,0.866025403784438,0.));
#7209=FACE_BOUND('',#7210,.T.);
#7210=EDGE_LOOP('',(#11013,#11014,#11015,#11016));
#7211=PLANE('',#7212);
#7212=AXIS2_PLACEMENT_3D('',#7213,#7214,#7215);
#7213=CARTESIAN_POINT('',(33.8397778600214,1.27,1.5));
#7214=DIRECTION('',(0.,1.,-0.));
#7215=DIRECTION('',(-1.,0.,0.));
#7216=FACE_BOUND('',#7217,.T.);
#7217=EDGE_LOOP('',(#11017,#11018,#11019,#11020));
#7218=PLANE('',#7219);
#7219=AXIS2_PLACEMENT_3D('',#7220,#7221,#7222);
#7220=CARTESIAN_POINT('',(32.2002221399786,1.27,1.5));
#7221=DIRECTION('',(-0.866025403784439,0.5,0.));
#7222=DIRECTION('',(-0.5,-0.866025403784439,0.));
#7223=FACE_BOUND('',#7224,.T.);
#7224=EDGE_LOOP('',(#11021,#11022,#11023,#11024));
#7225=PLANE('',#7226);
#7226=AXIS2_PLACEMENT_3D('',#7227,#7228,#7229);
#7227=CARTESIAN_POINT('',(31.75,0.75,1.5));
#7228=DIRECTION('',(0.,1.,-0.));
#7229=DIRECTION('',(-1.,0.,0.));
#7230=FACE_BOUND('',#7231,.T.);
#7231=EDGE_LOOP('',(#11025,#11026,#11027,#11028));
#7232=PLANE('',#7233);
#7233=AXIS2_PLACEMENT_3D('',#7234,#7235,#7236);
#7234=CARTESIAN_POINT('',(31.6,0.75,1.5));
#7235=DIRECTION('',(0.866025403784438,0.5,-0.));
#7236=DIRECTION('',(-0.5,0.866025403784438,0.));
#7237=FACE_BOUND('',#7238,.T.);
#7238=EDGE_LOOP('',(#11029,#11030,#11031,#11032));
#7239=PLANE('',#7240);
#7240=AXIS2_PLACEMENT_3D('',#7241,#7242,#7243);
#7241=CARTESIAN_POINT('',(31.2997778600214,1.27,1.5));
#7242=DIRECTION('',(0.,1.,-0.));
#7243=DIRECTION('',(-1.,0.,0.));
#7244=FACE_BOUND('',#7245,.T.);
#7245=EDGE_LOOP('',(#11033,#11034,#11035,#11036));
#7246=PLANE('',#7247);
#7247=AXIS2_PLACEMENT_3D('',#7248,#7249,#7250);
#7248=CARTESIAN_POINT('',(29.6602221399786,1.27,1.5));
#7249=DIRECTION('',(-0.866025403784439,0.5,0.));
#7250=DIRECTION('',(-0.5,-0.866025403784439,0.));
#7251=FACE_BOUND('',#7252,.T.);
#7252=EDGE_LOOP('',(#11037,#11038,#11039,#11040));
#7253=PLANE('',#7254);
#7254=AXIS2_PLACEMENT_3D('',#7255,#7256,#7257);
#7255=CARTESIAN_POINT('',(29.21,0.75,1.5));
#7256=DIRECTION('',(0.,1.,-0.));
#7257=DIRECTION('',(-1.,0.,0.));
#7258=FACE_BOUND('',#7259,.T.);
#7259=EDGE_LOOP('',(#11041,#11042,#11043,#11044));
#7260=PLANE('',#7261);
#7261=AXIS2_PLACEMENT_3D('',#7262,#7263,#7264);
#7262=CARTESIAN_POINT('',(29.06,0.75,1.5));
#7263=DIRECTION('',(0.866025403784438,0.5,-0.));
#7264=DIRECTION('',(-0.5,0.866025403784438,0.));
#7265=FACE_BOUND('',#7266,.T.);
#7266=EDGE_LOOP('',(#11045,#11046,#11047,#11048));
#7267=PLANE('',#7268);
#7268=AXIS2_PLACEMENT_3D('',#7269,#7270,#7271);
#7269=CARTESIAN_POINT('',(28.7597778600214,1.27,1.5));
#7270=DIRECTION('',(0.,1.,-0.));
#7271=DIRECTION('',(-1.,0.,0.));
#7272=FACE_BOUND('',#7273,.T.);
#7273=EDGE_LOOP('',(#11049,#11050,#11051,#11052));
#7274=PLANE('',#7275);
#7275=AXIS2_PLACEMENT_3D('',#7276,#7277,#7278);
#7276=CARTESIAN_POINT('',(27.1202221399786,1.27,1.5));
#7277=DIRECTION('',(-0.866025403784439,0.5,0.));
#7278=DIRECTION('',(-0.5,-0.866025403784439,0.));
#7279=FACE_BOUND('',#7280,.T.);
#7280=EDGE_LOOP('',(#11053,#11054,#11055,#11056));
#7281=PLANE('',#7282);
#7282=AXIS2_PLACEMENT_3D('',#7283,#7284,#7285);
#7283=CARTESIAN_POINT('',(26.67,0.75,1.5));
#7284=DIRECTION('',(0.,1.,-0.));
#7285=DIRECTION('',(-1.,0.,0.));
#7286=FACE_BOUND('',#7287,.T.);
#7287=EDGE_LOOP('',(#11057,#11058,#11059,#11060));
#7288=PLANE('',#7289);
#7289=AXIS2_PLACEMENT_3D('',#7290,#7291,#7292);
#7290=CARTESIAN_POINT('',(26.52,0.75,1.5));
#7291=DIRECTION('',(0.866025403784438,0.5,-0.));
#7292=DIRECTION('',(-0.5,0.866025403784438,0.));
#7293=FACE_BOUND('',#7294,.T.);
#7294=EDGE_LOOP('',(#11061,#11062,#11063,#11064));
#7295=PLANE('',#7296);
#7296=AXIS2_PLACEMENT_3D('',#7297,#7298,#7299);
#7297=CARTESIAN_POINT('',(26.2197778600214,1.27,1.5));
#7298=DIRECTION('',(0.,1.,-0.));
#7299=DIRECTION('',(-1.,0.,0.));
#7300=FACE_BOUND('',#7301,.T.);
#7301=EDGE_LOOP('',(#11065,#11066,#11067,#11068));
#7302=PLANE('',#7303);
#7303=AXIS2_PLACEMENT_3D('',#7304,#7305,#7306);
#7304=CARTESIAN_POINT('',(24.5802221399786,1.27,1.5));
#7305=DIRECTION('',(-0.866025403784439,0.5,0.));
#7306=DIRECTION('',(-0.5,-0.866025403784439,0.));
#7307=FACE_BOUND('',#7308,.T.);
#7308=EDGE_LOOP('',(#11069,#11070,#11071,#11072));
#7309=PLANE('',#7310);
#7310=AXIS2_PLACEMENT_3D('',#7311,#7312,#7313);
#7311=CARTESIAN_POINT('',(24.13,0.75,1.5));
#7312=DIRECTION('',(0.,1.,-0.));
#7313=DIRECTION('',(-1.,0.,0.));
#7314=FACE_BOUND('',#7315,.T.);
#7315=EDGE_LOOP('',(#11073,#11074,#11075,#11076));
#7316=PLANE('',#7317);
#7317=AXIS2_PLACEMENT_3D('',#7318,#7319,#7320);
#7318=CARTESIAN_POINT('',(23.98,0.75,1.5));
#7319=DIRECTION('',(0.866025403784438,0.5,-0.));
#7320=DIRECTION('',(-0.5,0.866025403784438,0.));
#7321=FACE_BOUND('',#7322,.T.);
#7322=EDGE_LOOP('',(#11077,#11078,#11079,#11080));
#7323=PLANE('',#7324);
#7324=AXIS2_PLACEMENT_3D('',#7325,#7326,#7327);
#7325=CARTESIAN_POINT('',(23.6797778600214,1.27,1.5));
#7326=DIRECTION('',(0.,1.,-0.));
#7327=DIRECTION('',(-1.,0.,0.));
#7328=FACE_BOUND('',#7329,.T.);
#7329=EDGE_LOOP('',(#11081,#11082,#11083,#11084));
#7330=PLANE('',#7331);
#7331=AXIS2_PLACEMENT_3D('',#7332,#7333,#7334);
#7332=CARTESIAN_POINT('',(22.0402221399786,1.27,1.5));
#7333=DIRECTION('',(-0.866025403784439,0.5,0.));
#7334=DIRECTION('',(-0.5,-0.866025403784439,0.));
#7335=FACE_BOUND('',#7336,.T.);
#7336=EDGE_LOOP('',(#11085,#11086,#11087,#11088));
#7337=PLANE('',#7338);
#7338=AXIS2_PLACEMENT_3D('',#7339,#7340,#7341);
#7339=CARTESIAN_POINT('',(21.59,0.75,1.5));
#7340=DIRECTION('',(0.,1.,-0.));
#7341=DIRECTION('',(-1.,0.,0.));
#7342=FACE_BOUND('',#7343,.T.);
#7343=EDGE_LOOP('',(#11089,#11090,#11091,#11092));
#7344=PLANE('',#7345);
#7345=AXIS2_PLACEMENT_3D('',#7346,#7347,#7348);
#7346=CARTESIAN_POINT('',(21.44,0.75,1.5));
#7347=DIRECTION('',(0.866025403784438,0.5,-0.));
#7348=DIRECTION('',(-0.5,0.866025403784438,0.));
#7349=FACE_BOUND('',#7350,.T.);
#7350=EDGE_LOOP('',(#11093,#11094,#11095,#11096));
#7351=PLANE('',#7352);
#7352=AXIS2_PLACEMENT_3D('',#7353,#7354,#7355);
#7353=CARTESIAN_POINT('',(21.1397778600214,1.27,1.5));
#7354=DIRECTION('',(0.,1.,-0.));
#7355=DIRECTION('',(-1.,0.,0.));
#7356=FACE_BOUND('',#7357,.T.);
#7357=EDGE_LOOP('',(#11097,#11098,#11099,#11100));
#7358=PLANE('',#7359);
#7359=AXIS2_PLACEMENT_3D('',#7360,#7361,#7362);
#7360=CARTESIAN_POINT('',(19.5002221399786,1.27,1.5));
#7361=DIRECTION('',(-0.866025403784439,0.5,0.));
#7362=DIRECTION('',(-0.5,-0.866025403784439,0.));
#7363=FACE_BOUND('',#7364,.T.);
#7364=EDGE_LOOP('',(#11101,#11102,#11103,#11104));
#7365=PLANE('',#7366);
#7366=AXIS2_PLACEMENT_3D('',#7367,#7368,#7369);
#7367=CARTESIAN_POINT('',(19.05,0.75,1.5));
#7368=DIRECTION('',(0.,1.,-0.));
#7369=DIRECTION('',(-1.,0.,0.));
#7370=FACE_BOUND('',#7371,.T.);
#7371=EDGE_LOOP('',(#11105,#11106,#11107,#11108));
#7372=PLANE('',#7373);
#7373=AXIS2_PLACEMENT_3D('',#7374,#7375,#7376);
#7374=CARTESIAN_POINT('',(18.9,0.75,1.5));
#7375=DIRECTION('',(0.866025403784438,0.5,-0.));
#7376=DIRECTION('',(-0.5,0.866025403784438,0.));
#7377=FACE_BOUND('',#7378,.T.);
#7378=EDGE_LOOP('',(#11109,#11110,#11111,#11112));
#7379=PLANE('',#7380);
#7380=AXIS2_PLACEMENT_3D('',#7381,#7382,#7383);
#7381=CARTESIAN_POINT('',(18.5997778600214,1.27,1.5));
#7382=DIRECTION('',(0.,1.,-0.));
#7383=DIRECTION('',(-1.,0.,0.));
#7384=FACE_BOUND('',#7385,.T.);
#7385=EDGE_LOOP('',(#11113,#11114,#11115,#11116));
#7386=PLANE('',#7387);
#7387=AXIS2_PLACEMENT_3D('',#7388,#7389,#7390);
#7388=CARTESIAN_POINT('',(16.9602221399786,1.27,1.5));
#7389=DIRECTION('',(-0.866025403784439,0.5,0.));
#7390=DIRECTION('',(-0.5,-0.866025403784439,0.));
#7391=FACE_BOUND('',#7392,.T.);
#7392=EDGE_LOOP('',(#11117,#11118,#11119,#11120));
#7393=PLANE('',#7394);
#7394=AXIS2_PLACEMENT_3D('',#7395,#7396,#7397);
#7395=CARTESIAN_POINT('',(16.51,0.75,1.5));
#7396=DIRECTION('',(0.,1.,-0.));
#7397=DIRECTION('',(-1.,0.,0.));
#7398=FACE_BOUND('',#7399,.T.);
#7399=EDGE_LOOP('',(#11121,#11122,#11123,#11124));
#7400=PLANE('',#7401);
#7401=AXIS2_PLACEMENT_3D('',#7402,#7403,#7404);
#7402=CARTESIAN_POINT('',(16.36,0.75,1.5));
#7403=DIRECTION('',(0.866025403784438,0.5,-0.));
#7404=DIRECTION('',(-0.5,0.866025403784438,0.));
#7405=FACE_BOUND('',#7406,.T.);
#7406=EDGE_LOOP('',(#11125,#11126,#11127,#11128));
#7407=PLANE('',#7408);
#7408=AXIS2_PLACEMENT_3D('',#7409,#7410,#7411);
#7409=CARTESIAN_POINT('',(16.0597778600214,1.27,1.5));
#7410=DIRECTION('',(0.,1.,-0.));
#7411=DIRECTION('',(-1.,0.,0.));
#7412=FACE_BOUND('',#7413,.T.);
#7413=EDGE_LOOP('',(#11129,#11130,#11131,#11132));
#7414=PLANE('',#7415);
#7415=AXIS2_PLACEMENT_3D('',#7416,#7417,#7418);
#7416=CARTESIAN_POINT('',(14.4202221399786,1.27,1.5));
#7417=DIRECTION('',(-0.866025403784439,0.5,0.));
#7418=DIRECTION('',(-0.5,-0.866025403784439,0.));
#7419=FACE_BOUND('',#7420,.T.);
#7420=EDGE_LOOP('',(#11133,#11134,#11135,#11136));
#7421=PLANE('',#7422);
#7422=AXIS2_PLACEMENT_3D('',#7423,#7424,#7425);
#7423=CARTESIAN_POINT('',(13.97,0.75,1.5));
#7424=DIRECTION('',(0.,1.,-0.));
#7425=DIRECTION('',(-1.,0.,0.));
#7426=FACE_BOUND('',#7427,.T.);
#7427=EDGE_LOOP('',(#11137,#11138,#11139,#11140));
#7428=PLANE('',#7429);
#7429=AXIS2_PLACEMENT_3D('',#7430,#7431,#7432);
#7430=CARTESIAN_POINT('',(13.82,0.75,1.5));
#7431=DIRECTION('',(0.866025403784438,0.5,-0.));
#7432=DIRECTION('',(-0.5,0.866025403784438,0.));
#7433=FACE_BOUND('',#7434,.T.);
#7434=EDGE_LOOP('',(#11141,#11142,#11143,#11144));
#7435=PLANE('',#7436);
#7436=AXIS2_PLACEMENT_3D('',#7437,#7438,#7439);
#7437=CARTESIAN_POINT('',(13.5197778600214,1.27,1.5));
#7438=DIRECTION('',(0.,1.,-0.));
#7439=DIRECTION('',(-1.,0.,0.));
#7440=FACE_BOUND('',#7441,.T.);
#7441=EDGE_LOOP('',(#11145,#11146,#11147,#11148));
#7442=PLANE('',#7443);
#7443=AXIS2_PLACEMENT_3D('',#7444,#7445,#7446);
#7444=CARTESIAN_POINT('',(11.8802221399786,1.27,1.5));
#7445=DIRECTION('',(-0.866025403784439,0.5,0.));
#7446=DIRECTION('',(-0.5,-0.866025403784439,0.));
#7447=FACE_BOUND('',#7448,.T.);
#7448=EDGE_LOOP('',(#11149,#11150,#11151,#11152));
#7449=PLANE('',#7450);
#7450=AXIS2_PLACEMENT_3D('',#7451,#7452,#7453);
#7451=CARTESIAN_POINT('',(11.43,0.75,1.5));
#7452=DIRECTION('',(0.,1.,-0.));
#7453=DIRECTION('',(-1.,0.,0.));
#7454=FACE_BOUND('',#7455,.T.);
#7455=EDGE_LOOP('',(#11153,#11154,#11155,#11156));
#7456=PLANE('',#7457);
#7457=AXIS2_PLACEMENT_3D('',#7458,#7459,#7460);
#7458=CARTESIAN_POINT('',(11.28,0.75,1.5));
#7459=DIRECTION('',(0.866025403784438,0.5,-0.));
#7460=DIRECTION('',(-0.5,0.866025403784438,0.));
#7461=FACE_BOUND('',#7462,.T.);
#7462=EDGE_LOOP('',(#11157,#11158,#11159,#11160));
#7463=PLANE('',#7464);
#7464=AXIS2_PLACEMENT_3D('',#7465,#7466,#7467);
#7465=CARTESIAN_POINT('',(10.9797778600214,1.27,1.5));
#7466=DIRECTION('',(0.,1.,-0.));
#7467=DIRECTION('',(-1.,0.,0.));
#7468=FACE_BOUND('',#7469,.T.);
#7469=EDGE_LOOP('',(#11161,#11162,#11163,#11164));
#7470=PLANE('',#7471);
#7471=AXIS2_PLACEMENT_3D('',#7472,#7473,#7474);
#7472=CARTESIAN_POINT('',(9.34022213997861,1.27,1.5));
#7473=DIRECTION('',(-0.866025403784439,0.5,0.));
#7474=DIRECTION('',(-0.5,-0.866025403784439,0.));
#7475=FACE_BOUND('',#7476,.T.);
#7476=EDGE_LOOP('',(#11165,#11166,#11167,#11168));
#7477=PLANE('',#7478);
#7478=AXIS2_PLACEMENT_3D('',#7479,#7480,#7481);
#7479=CARTESIAN_POINT('',(8.89,0.75,1.5));
#7480=DIRECTION('',(0.,1.,-0.));
#7481=DIRECTION('',(-1.,0.,0.));
#7482=FACE_BOUND('',#7483,.T.);
#7483=EDGE_LOOP('',(#11169,#11170,#11171,#11172));
#7484=PLANE('',#7485);
#7485=AXIS2_PLACEMENT_3D('',#7486,#7487,#7488);
#7486=CARTESIAN_POINT('',(8.74,0.75,1.5));
#7487=DIRECTION('',(0.866025403784438,0.5,-0.));
#7488=DIRECTION('',(-0.5,0.866025403784438,0.));
#7489=FACE_BOUND('',#7490,.T.);
#7490=EDGE_LOOP('',(#11173,#11174,#11175,#11176));
#7491=PLANE('',#7492);
#7492=AXIS2_PLACEMENT_3D('',#7493,#7494,#7495);
#7493=CARTESIAN_POINT('',(8.43977786002139,1.27,1.5));
#7494=DIRECTION('',(0.,1.,-0.));
#7495=DIRECTION('',(-1.,0.,0.));
#7496=FACE_BOUND('',#7497,.T.);
#7497=EDGE_LOOP('',(#11177,#11178,#11179,#11180));
#7498=PLANE('',#7499);
#7499=AXIS2_PLACEMENT_3D('',#7500,#7501,#7502);
#7500=CARTESIAN_POINT('',(6.80022213997861,1.27,1.5));
#7501=DIRECTION('',(-0.866025403784439,0.5,0.));
#7502=DIRECTION('',(-0.5,-0.866025403784439,0.));
#7503=FACE_BOUND('',#7504,.T.);
#7504=EDGE_LOOP('',(#11181,#11182,#11183,#11184));
#7505=PLANE('',#7506);
#7506=AXIS2_PLACEMENT_3D('',#7507,#7508,#7509);
#7507=CARTESIAN_POINT('',(6.35,0.75,1.5));
#7508=DIRECTION('',(0.,1.,-0.));
#7509=DIRECTION('',(-1.,0.,0.));
#7510=FACE_BOUND('',#7511,.T.);
#7511=EDGE_LOOP('',(#11185,#11186,#11187,#11188));
#7512=PLANE('',#7513);
#7513=AXIS2_PLACEMENT_3D('',#7514,#7515,#7516);
#7514=CARTESIAN_POINT('',(6.2,0.75,1.5));
#7515=DIRECTION('',(0.866025403784438,0.5,-0.));
#7516=DIRECTION('',(-0.5,0.866025403784438,0.));
#7517=FACE_BOUND('',#7518,.T.);
#7518=EDGE_LOOP('',(#11189,#11190,#11191,#11192));
#7519=PLANE('',#7520);
#7520=AXIS2_PLACEMENT_3D('',#7521,#7522,#7523);
#7521=CARTESIAN_POINT('',(5.89977786002139,1.27,1.5));
#7522=DIRECTION('',(0.,1.,-0.));
#7523=DIRECTION('',(-1.,0.,0.));
#7524=FACE_BOUND('',#7525,.T.);
#7525=EDGE_LOOP('',(#11193,#11194,#11195,#11196));
#7526=PLANE('',#7527);
#7527=AXIS2_PLACEMENT_3D('',#7528,#7529,#7530);
#7528=CARTESIAN_POINT('',(4.26022213997861,1.27,1.5));
#7529=DIRECTION('',(-0.866025403784439,0.5,0.));
#7530=DIRECTION('',(-0.5,-0.866025403784439,0.));
#7531=FACE_BOUND('',#7532,.T.);
#7532=EDGE_LOOP('',(#11197,#11198,#11199,#11200));
#7533=PLANE('',#7534);
#7534=AXIS2_PLACEMENT_3D('',#7535,#7536,#7537);
#7535=CARTESIAN_POINT('',(3.81,0.75,1.5));
#7536=DIRECTION('',(0.,1.,-0.));
#7537=DIRECTION('',(-1.,0.,0.));
#7538=FACE_BOUND('',#7539,.T.);
#7539=EDGE_LOOP('',(#11201,#11202,#11203,#11204));
#7540=PLANE('',#7541);
#7541=AXIS2_PLACEMENT_3D('',#7542,#7543,#7544);
#7542=CARTESIAN_POINT('',(3.66,0.75,1.5));
#7543=DIRECTION('',(0.866025403784438,0.5,-0.));
#7544=DIRECTION('',(-0.5,0.866025403784438,0.));
#7545=FACE_BOUND('',#7546,.T.);
#7546=EDGE_LOOP('',(#11205,#11206,#11207,#11208));
#7547=PLANE('',#7548);
#7548=AXIS2_PLACEMENT_3D('',#7549,#7550,#7551);
#7549=CARTESIAN_POINT('',(3.35977786002139,1.27,1.5));
#7550=DIRECTION('',(0.,1.,-0.));
#7551=DIRECTION('',(-1.,0.,0.));
#7552=FACE_BOUND('',#7553,.T.);
#7553=EDGE_LOOP('',(#11209,#11210,#11211,#11212));
#7554=PLANE('',#7555);
#7555=AXIS2_PLACEMENT_3D('',#7556,#7557,#7558);
#7556=CARTESIAN_POINT('',(1.72022213997861,1.27,1.5));
#7557=DIRECTION('',(-0.866025403784439,0.5,0.));
#7558=DIRECTION('',(-0.5,-0.866025403784439,0.));
#7559=FACE_BOUND('',#7560,.T.);
#7560=EDGE_LOOP('',(#11213,#11214,#11215,#11216));
#7561=PLANE('',#7562);
#7562=AXIS2_PLACEMENT_3D('',#7563,#7564,#7565);
#7563=CARTESIAN_POINT('',(1.27,0.75,1.5));
#7564=DIRECTION('',(0.,1.,-0.));
#7565=DIRECTION('',(-1.,0.,0.));
#7566=FACE_BOUND('',#7567,.T.);
#7567=EDGE_LOOP('',(#11217,#11218,#11219,#11220));
#7568=PLANE('',#7569);
#7569=AXIS2_PLACEMENT_3D('',#7570,#7571,#7572);
#7570=CARTESIAN_POINT('',(1.12,0.75,1.5));
#7571=DIRECTION('',(0.866025403784438,0.5,-0.));
#7572=DIRECTION('',(-0.5,0.866025403784438,0.));
#7573=FACE_BOUND('',#7574,.T.);
#7574=EDGE_LOOP('',(#11221,#11222,#11223,#11224));
#7575=PLANE('',#7576);
#7576=AXIS2_PLACEMENT_3D('',#7577,#7578,#7579);
#7577=CARTESIAN_POINT('',(0.819777860021394,1.27,1.5));
#7578=DIRECTION('',(0.,1.,-0.));
#7579=DIRECTION('',(-1.,0.,0.));
#7580=FACE_BOUND('',#7581,.T.);
#7581=EDGE_LOOP('',(#11225,#11226,#11227,#11228));
#7582=PLANE('',#7583);
#7583=AXIS2_PLACEMENT_3D('',#7584,#7585,#7586);
#7584=CARTESIAN_POINT('',(-0.819777860021395,1.27,1.5));
#7585=DIRECTION('',(-0.866025403784439,0.5,0.));
#7586=DIRECTION('',(-0.5,-0.866025403784439,0.));
#7587=FACE_BOUND('',#7588,.T.);
#7588=EDGE_LOOP('',(#11229,#11230,#11231,#11232));
#7589=PLANE('',#7590);
#7590=AXIS2_PLACEMENT_3D('',#7591,#7592,#7593);
#7591=CARTESIAN_POINT('',(-1.12,0.75,1.5));
#7592=DIRECTION('',(0.,1.,-0.));
#7593=DIRECTION('',(-1.,0.,0.));
#7594=FACE_BOUND('',#7595,.T.);
#7595=EDGE_LOOP('',(#11233,#11234,#11235,#11236));
#7596=PLANE('',#7597);
#7597=AXIS2_PLACEMENT_3D('',#7598,#7599,#7600);
#7598=CARTESIAN_POINT('',(-1.27,0.75,1.5));
#7599=DIRECTION('',(-1.,0.,0.));
#7600=DIRECTION('',(0.,-1.,0.));
#7601=FACE_OUTER_BOUND('',#7602,.T.);
#7602=EDGE_LOOP('',(#11237));
#7603=FACE_OUTER_BOUND('',#7604,.T.);
#7604=EDGE_LOOP('',(#11238));
#7605=CYLINDRICAL_SURFACE('',#7606,0.9);
#7606=AXIS2_PLACEMENT_3D('',#7607,#7608,#7609);
#7607=CARTESIAN_POINT('',(0.,0.,4.));
#7608=DIRECTION('',(0.,0.,1.));
#7609=DIRECTION('',(1.,0.,0.));
#7610=FACE_OUTER_BOUND('',#7611,.T.);
#7611=EDGE_LOOP('',(#11239));
#7612=FACE_OUTER_BOUND('',#7613,.T.);
#7613=EDGE_LOOP('',(#11240));
#7614=CYLINDRICAL_SURFACE('',#7615,0.66);
#7615=AXIS2_PLACEMENT_3D('',#7616,#7617,#7618);
#7616=CARTESIAN_POINT('',(0.,0.,1.5));
#7617=DIRECTION('',(0.,0.,1.));
#7618=DIRECTION('',(1.,0.,0.));
#7619=FACE_BOUND('',#7620,.T.);
#7620=EDGE_LOOP('',(#11241));
#7621=FACE_BOUND('',#7622,.T.);
#7622=EDGE_LOOP('',(#11242));
#7623=PLANE('',#7624);
#7624=AXIS2_PLACEMENT_3D('',#7625,#7626,#7627);
#7625=CARTESIAN_POINT('',(0.,0.,4.));
#7626=DIRECTION('',(0.,0.,1.));
#7627=DIRECTION('',(1.,0.,0.));
#7628=FACE_OUTER_BOUND('',#7629,.T.);
#7629=EDGE_LOOP('',(#11243));
#7630=SPHERICAL_SURFACE('',#7631,0.3);
#7631=AXIS2_PLACEMENT_3D('',#7632,#7633,#7634);
#7632=CARTESIAN_POINT('',(-4.71489017671731E-016,-4.71489017671731E-016,7.7));
#7633=DIRECTION('',(-6.12323399573677E-017,-6.12323399573677E-017,1.));
#7634=DIRECTION('',(-1.,-1.22464679914736E-016,-6.12323399573677E-017));
#7635=FACE_OUTER_BOUND('',#7636,.T.);
#7636=EDGE_LOOP('',(#11244));
#7637=FACE_OUTER_BOUND('',#7638,.T.);
#7638=EDGE_LOOP('',(#11245));
#7639=CYLINDRICAL_SURFACE('',#7640,0.3);
#7640=AXIS2_PLACEMENT_3D('',#7641,#7642,#7643);
#7641=CARTESIAN_POINT('',(-3.06161699786838E-016,-3.06161699786838E-016,5.));
#7642=DIRECTION('',(-6.12323399573677E-017,-6.12323399573677E-017,1.));
#7643=DIRECTION('',(-1.,-1.22464679914735E-016,-6.12323399573677E-017));
#7644=FACE_BOUND('',#7645,.T.);
#7645=EDGE_LOOP('',(#11246));
#7646=FACE_BOUND('',#7647,.T.);
#7647=EDGE_LOOP('',(#11247));
#7648=PLANE('',#7649);
#7649=AXIS2_PLACEMENT_3D('',#7650,#7651,#7652);
#7650=CARTESIAN_POINT('',(-3.06161699786838E-016,-3.06161699786838E-016,5.));
#7651=DIRECTION('',(-6.12323399573677E-017,-6.12323399573677E-017,1.));
#7652=DIRECTION('',(-1.,-1.22464679914735E-016,-6.12323399573677E-017));
#7653=FACE_OUTER_BOUND('',#7654,.T.);
#7654=EDGE_LOOP('',(#11248));
#7655=FACE_OUTER_BOUND('',#7656,.T.);
#7656=EDGE_LOOP('',(#11249));
#7657=CYLINDRICAL_SURFACE('',#7658,0.9);
#7658=AXIS2_PLACEMENT_3D('',#7659,#7660,#7661);
#7659=CARTESIAN_POINT('',(-2.44929359829471E-016,-2.44929359829471E-016,4.));
#7660=DIRECTION('',(-6.12323399573677E-017,-6.12323399573677E-017,1.));
#7661=DIRECTION('',(-1.,-1.22464679914735E-016,-6.12323399573677E-017));
#7662=FACE_BOUND('',#7663,.T.);
#7663=EDGE_LOOP('',(#11250));
#7664=FACE_BOUND('',#7665,.T.);
#7665=EDGE_LOOP('',(#11251));
#7666=PLANE('',#7667);
#7667=AXIS2_PLACEMENT_3D('',#7668,#7669,#7670);
#7668=CARTESIAN_POINT('',(-2.44929359829471E-016,-2.44929359829471E-016,4.));
#7669=DIRECTION('',(6.12323399573677E-017,6.12323399573677E-017,-1.));
#7670=DIRECTION('',(-1.,-1.22464679914735E-016,-6.12323399573677E-017));
#7671=FACE_OUTER_BOUND('',#7672,.T.);
#7672=EDGE_LOOP('',(#11252));
#7673=FACE_OUTER_BOUND('',#7674,.T.);
#7674=EDGE_LOOP('',(#11253));
#7675=CYLINDRICAL_SURFACE('',#7676,0.66);
#7676=AXIS2_PLACEMENT_3D('',#7677,#7678,#7679);
#7677=CARTESIAN_POINT('',(-2.63299061816681E-017,-2.63299061816681E-017,0.43));
#7678=DIRECTION('',(-6.12323399573677E-017,-6.12323399573677E-017,1.));
#7679=DIRECTION('',(-1.,-1.22464679914735E-016,-6.12323399573677E-017));
#7680=FACE_OUTER_BOUND('',#7681,.T.);
#7681=EDGE_LOOP('',(#11254));
#7682=FACE_OUTER_BOUND('',#7683,.T.);
#7683=EDGE_LOOP('',(#11255));
#7684=CONICAL_SURFACE('',#7685,0.445,0.785398163397448);
#7685=AXIS2_PLACEMENT_3D('',#7686,#7687,#7688);
#7686=CARTESIAN_POINT('',(-1.3164953090834E-017,-1.3164953090834E-017,0.215));
#7687=DIRECTION('',(-6.12323399573677E-017,-6.12323399573677E-017,1.));
#7688=DIRECTION('',(-1.,-1.22464679914735E-016,-6.12323399573677E-017));
#7689=FACE_OUTER_BOUND('',#7690,.T.);
#7690=EDGE_LOOP('',(#11256));
#7691=FACE_OUTER_BOUND('',#7692,.T.);
#7692=EDGE_LOOP('',(#11257));
#7693=CYLINDRICAL_SURFACE('',#7694,0.23);
#7694=AXIS2_PLACEMENT_3D('',#7695,#7696,#7697);
#7695=CARTESIAN_POINT('',(2.11863896252492E-016,2.11863896252492E-016,-3.46));
#7696=DIRECTION('',(-6.12323399573677E-017,-6.12323399573677E-017,1.));
#7697=DIRECTION('',(-1.,-1.22464679914735E-016,-6.12323399573675E-017));
#7698=FACE_OUTER_BOUND('',#7699,.T.);
#7699=EDGE_LOOP('',(#11258));
#7700=SPHERICAL_SURFACE('',#7701,0.23);
#7701=AXIS2_PLACEMENT_3D('',#7702,#7703,#7704);
#7702=CARTESIAN_POINT('',(2.11863896252492E-016,2.11863896252492E-016,-3.46));
#7703=DIRECTION('',(-6.12323399573677E-017,-6.12323399573677E-017,1.));
#7704=DIRECTION('',(-1.,-1.22464679914735E-016,-6.12323399573677E-017));
#7705=FACE_OUTER_BOUND('',#7706,.T.);
#7706=EDGE_LOOP('',(#11259));
#7707=SPHERICAL_SURFACE('',#7708,0.3);
#7708=AXIS2_PLACEMENT_3D('',#7709,#7710,#7711);
#7709=CARTESIAN_POINT('',(2.54,-4.71489017671731E-016,7.7));
#7710=DIRECTION('',(-6.12323399573677E-017,-6.12323399573677E-017,1.));
#7711=DIRECTION('',(-1.,-1.22464679914736E-016,-6.12323399573677E-017));
#7712=FACE_OUTER_BOUND('',#7713,.T.);
#7713=EDGE_LOOP('',(#11260));
#7714=FACE_OUTER_BOUND('',#7715,.T.);
#7715=EDGE_LOOP('',(#11261));
#7716=CYLINDRICAL_SURFACE('',#7717,0.3);
#7717=AXIS2_PLACEMENT_3D('',#7718,#7719,#7720);
#7718=CARTESIAN_POINT('',(2.54,-3.06161699786838E-016,5.));
#7719=DIRECTION('',(-6.12323399573677E-017,-6.12323399573677E-017,1.));
#7720=DIRECTION('',(-1.,-1.22464679914735E-016,-6.12323399573677E-017));
#7721=FACE_BOUND('',#7722,.T.);
#7722=EDGE_LOOP('',(#11262));
#7723=FACE_BOUND('',#7724,.T.);
#7724=EDGE_LOOP('',(#11263));
#7725=PLANE('',#7726);
#7726=AXIS2_PLACEMENT_3D('',#7727,#7728,#7729);
#7727=CARTESIAN_POINT('',(2.54,-3.06161699786838E-016,5.));
#7728=DIRECTION('',(-6.12323399573677E-017,-6.12323399573677E-017,1.));
#7729=DIRECTION('',(-1.,-1.22464679914735E-016,-6.12323399573677E-017));
#7730=FACE_OUTER_BOUND('',#7731,.T.);
#7731=EDGE_LOOP('',(#11264));
#7732=FACE_OUTER_BOUND('',#7733,.T.);
#7733=EDGE_LOOP('',(#11265));
#7734=CYLINDRICAL_SURFACE('',#7735,0.9);
#7735=AXIS2_PLACEMENT_3D('',#7736,#7737,#7738);
#7736=CARTESIAN_POINT('',(2.54,-2.44929359829471E-016,4.));
#7737=DIRECTION('',(-6.12323399573677E-017,-6.12323399573677E-017,1.));
#7738=DIRECTION('',(-1.,-1.22464679914735E-016,-6.12323399573677E-017));
#7739=FACE_BOUND('',#7740,.T.);
#7740=EDGE_LOOP('',(#11266));
#7741=FACE_BOUND('',#7742,.T.);
#7742=EDGE_LOOP('',(#11267));
#7743=PLANE('',#7744);
#7744=AXIS2_PLACEMENT_3D('',#7745,#7746,#7747);
#7745=CARTESIAN_POINT('',(2.54,-2.44929359829471E-016,4.));
#7746=DIRECTION('',(6.12323399573677E-017,6.12323399573677E-017,-1.));
#7747=DIRECTION('',(-1.,-1.22464679914735E-016,-6.12323399573677E-017));
#7748=FACE_OUTER_BOUND('',#7749,.T.);
#7749=EDGE_LOOP('',(#11268));
#7750=FACE_OUTER_BOUND('',#7751,.T.);
#7751=EDGE_LOOP('',(#11269));
#7752=CYLINDRICAL_SURFACE('',#7753,0.66);
#7753=AXIS2_PLACEMENT_3D('',#7754,#7755,#7756);
#7754=CARTESIAN_POINT('',(2.54,-2.63299061816681E-017,0.43));
#7755=DIRECTION('',(-6.12323399573677E-017,-6.12323399573677E-017,1.));
#7756=DIRECTION('',(-1.,-1.22464679914735E-016,-6.12323399573677E-017));
#7757=FACE_OUTER_BOUND('',#7758,.T.);
#7758=EDGE_LOOP('',(#11270));
#7759=FACE_OUTER_BOUND('',#7760,.T.);
#7760=EDGE_LOOP('',(#11271));
#7761=CONICAL_SURFACE('',#7762,0.445,0.785398163397448);
#7762=AXIS2_PLACEMENT_3D('',#7763,#7764,#7765);
#7763=CARTESIAN_POINT('',(2.54,-1.3164953090834E-017,0.215));
#7764=DIRECTION('',(-6.12323399573677E-017,-6.12323399573677E-017,1.));
#7765=DIRECTION('',(-1.,-1.22464679914735E-016,-6.12323399573677E-017));
#7766=FACE_OUTER_BOUND('',#7767,.T.);
#7767=EDGE_LOOP('',(#11272));
#7768=FACE_OUTER_BOUND('',#7769,.T.);
#7769=EDGE_LOOP('',(#11273));
#7770=CYLINDRICAL_SURFACE('',#7771,0.23);
#7771=AXIS2_PLACEMENT_3D('',#7772,#7773,#7774);
#7772=CARTESIAN_POINT('',(2.54,2.11863896252492E-016,-3.46));
#7773=DIRECTION('',(-6.12323399573677E-017,-6.12323399573677E-017,1.));
#7774=DIRECTION('',(-1.,-1.22464679914735E-016,-6.12323399573675E-017));
#7775=FACE_OUTER_BOUND('',#7776,.T.);
#7776=EDGE_LOOP('',(#11274));
#7777=SPHERICAL_SURFACE('',#7778,0.23);
#7778=AXIS2_PLACEMENT_3D('',#7779,#7780,#7781);
#7779=CARTESIAN_POINT('',(2.54,2.11863896252492E-016,-3.46));
#7780=DIRECTION('',(-6.12323399573677E-017,-6.12323399573677E-017,1.));
#7781=DIRECTION('',(-1.,-1.22464679914735E-016,-6.12323399573677E-017));
#7782=FACE_OUTER_BOUND('',#7783,.T.);
#7783=EDGE_LOOP('',(#11275));
#7784=SPHERICAL_SURFACE('',#7785,0.3);
#7785=AXIS2_PLACEMENT_3D('',#7786,#7787,#7788);
#7786=CARTESIAN_POINT('',(5.08,-4.71489017671731E-016,7.7));
#7787=DIRECTION('',(-6.12323399573677E-017,-6.12323399573677E-017,1.));
#7788=DIRECTION('',(-1.,-1.22464679914736E-016,-6.12323399573677E-017));
#7789=FACE_OUTER_BOUND('',#7790,.T.);
#7790=EDGE_LOOP('',(#11276));
#7791=FACE_OUTER_BOUND('',#7792,.T.);
#7792=EDGE_LOOP('',(#11277));
#7793=CYLINDRICAL_SURFACE('',#7794,0.3);
#7794=AXIS2_PLACEMENT_3D('',#7795,#7796,#7797);
#7795=CARTESIAN_POINT('',(5.08,-3.06161699786838E-016,5.));
#7796=DIRECTION('',(-6.12323399573677E-017,-6.12323399573677E-017,1.));
#7797=DIRECTION('',(-1.,-1.22464679914735E-016,-6.12323399573677E-017));
#7798=FACE_BOUND('',#7799,.T.);
#7799=EDGE_LOOP('',(#11278));
#7800=FACE_BOUND('',#7801,.T.);
#7801=EDGE_LOOP('',(#11279));
#7802=PLANE('',#7803);
#7803=AXIS2_PLACEMENT_3D('',#7804,#7805,#7806);
#7804=CARTESIAN_POINT('',(5.08,-3.06161699786838E-016,5.));
#7805=DIRECTION('',(-6.12323399573677E-017,-6.12323399573677E-017,1.));
#7806=DIRECTION('',(-1.,-1.22464679914735E-016,-6.12323399573677E-017));
#7807=FACE_OUTER_BOUND('',#7808,.T.);
#7808=EDGE_LOOP('',(#11280));
#7809=FACE_OUTER_BOUND('',#7810,.T.);
#7810=EDGE_LOOP('',(#11281));
#7811=CYLINDRICAL_SURFACE('',#7812,0.9);
#7812=AXIS2_PLACEMENT_3D('',#7813,#7814,#7815);
#7813=CARTESIAN_POINT('',(5.08,-2.44929359829471E-016,4.));
#7814=DIRECTION('',(-6.12323399573677E-017,-6.12323399573677E-017,1.));
#7815=DIRECTION('',(-1.,-1.22464679914735E-016,-6.12323399573677E-017));
#7816=FACE_BOUND('',#7817,.T.);
#7817=EDGE_LOOP('',(#11282));
#7818=FACE_BOUND('',#7819,.T.);
#7819=EDGE_LOOP('',(#11283));
#7820=PLANE('',#7821);
#7821=AXIS2_PLACEMENT_3D('',#7822,#7823,#7824);
#7822=CARTESIAN_POINT('',(5.08,-2.44929359829471E-016,4.));
#7823=DIRECTION('',(6.12323399573677E-017,6.12323399573677E-017,-1.));
#7824=DIRECTION('',(-1.,-1.22464679914735E-016,-6.12323399573677E-017));
#7825=FACE_OUTER_BOUND('',#7826,.T.);
#7826=EDGE_LOOP('',(#11284));
#7827=FACE_OUTER_BOUND('',#7828,.T.);
#7828=EDGE_LOOP('',(#11285));
#7829=CYLINDRICAL_SURFACE('',#7830,0.66);
#7830=AXIS2_PLACEMENT_3D('',#7831,#7832,#7833);
#7831=CARTESIAN_POINT('',(5.08,-2.63299061816681E-017,0.43));
#7832=DIRECTION('',(-6.12323399573677E-017,-6.12323399573677E-017,1.));
#7833=DIRECTION('',(-1.,-1.22464679914735E-016,-6.12323399573677E-017));
#7834=FACE_OUTER_BOUND('',#7835,.T.);
#7835=EDGE_LOOP('',(#11286));
#7836=FACE_OUTER_BOUND('',#7837,.T.);
#7837=EDGE_LOOP('',(#11287));
#7838=CONICAL_SURFACE('',#7839,0.445,0.785398163397448);
#7839=AXIS2_PLACEMENT_3D('',#7840,#7841,#7842);
#7840=CARTESIAN_POINT('',(5.08,-1.3164953090834E-017,0.215));
#7841=DIRECTION('',(-6.12323399573677E-017,-6.12323399573677E-017,1.));
#7842=DIRECTION('',(-1.,-1.22464679914735E-016,-6.12323399573677E-017));
#7843=FACE_OUTER_BOUND('',#7844,.T.);
#7844=EDGE_LOOP('',(#11288));
#7845=FACE_OUTER_BOUND('',#7846,.T.);
#7846=EDGE_LOOP('',(#11289));
#7847=CYLINDRICAL_SURFACE('',#7848,0.23);
#7848=AXIS2_PLACEMENT_3D('',#7849,#7850,#7851);
#7849=CARTESIAN_POINT('',(5.08,2.11863896252492E-016,-3.46));
#7850=DIRECTION('',(-6.12323399573677E-017,-6.12323399573677E-017,1.));
#7851=DIRECTION('',(-1.,-1.22464679914735E-016,-6.12323399573675E-017));
#7852=FACE_OUTER_BOUND('',#7853,.T.);
#7853=EDGE_LOOP('',(#11290));
#7854=SPHERICAL_SURFACE('',#7855,0.23);
#7855=AXIS2_PLACEMENT_3D('',#7856,#7857,#7858);
#7856=CARTESIAN_POINT('',(5.08,2.11863896252492E-016,-3.46));
#7857=DIRECTION('',(-6.12323399573677E-017,-6.12323399573677E-017,1.));
#7858=DIRECTION('',(-1.,-1.22464679914735E-016,-6.12323399573677E-017));
#7859=FACE_OUTER_BOUND('',#7860,.T.);
#7860=EDGE_LOOP('',(#11291));
#7861=SPHERICAL_SURFACE('',#7862,0.3);
#7862=AXIS2_PLACEMENT_3D('',#7863,#7864,#7865);
#7863=CARTESIAN_POINT('',(7.62,-4.71489017671731E-016,7.7));
#7864=DIRECTION('',(-6.12323399573677E-017,-6.12323399573677E-017,1.));
#7865=DIRECTION('',(-1.,-1.22464679914736E-016,-6.12323399573677E-017));
#7866=FACE_OUTER_BOUND('',#7867,.T.);
#7867=EDGE_LOOP('',(#11292));
#7868=FACE_OUTER_BOUND('',#7869,.T.);
#7869=EDGE_LOOP('',(#11293));
#7870=CYLINDRICAL_SURFACE('',#7871,0.3);
#7871=AXIS2_PLACEMENT_3D('',#7872,#7873,#7874);
#7872=CARTESIAN_POINT('',(7.62,-3.06161699786838E-016,5.));
#7873=DIRECTION('',(-6.12323399573677E-017,-6.12323399573677E-017,1.));
#7874=DIRECTION('',(-1.,-1.22464679914735E-016,-6.12323399573677E-017));
#7875=FACE_BOUND('',#7876,.T.);
#7876=EDGE_LOOP('',(#11294));
#7877=FACE_BOUND('',#7878,.T.);
#7878=EDGE_LOOP('',(#11295));
#7879=PLANE('',#7880);
#7880=AXIS2_PLACEMENT_3D('',#7881,#7882,#7883);
#7881=CARTESIAN_POINT('',(7.62,-3.06161699786838E-016,5.));
#7882=DIRECTION('',(-6.12323399573677E-017,-6.12323399573677E-017,1.));
#7883=DIRECTION('',(-1.,-1.22464679914735E-016,-6.12323399573677E-017));
#7884=FACE_OUTER_BOUND('',#7885,.T.);
#7885=EDGE_LOOP('',(#11296));
#7886=FACE_OUTER_BOUND('',#7887,.T.);
#7887=EDGE_LOOP('',(#11297));
#7888=CYLINDRICAL_SURFACE('',#7889,0.9);
#7889=AXIS2_PLACEMENT_3D('',#7890,#7891,#7892);
#7890=CARTESIAN_POINT('',(7.62,-2.44929359829471E-016,4.));
#7891=DIRECTION('',(-6.12323399573677E-017,-6.12323399573677E-017,1.));
#7892=DIRECTION('',(-1.,-1.22464679914735E-016,-6.12323399573677E-017));
#7893=FACE_BOUND('',#7894,.T.);
#7894=EDGE_LOOP('',(#11298));
#7895=FACE_BOUND('',#7896,.T.);
#7896=EDGE_LOOP('',(#11299));
#7897=PLANE('',#7898);
#7898=AXIS2_PLACEMENT_3D('',#7899,#7900,#7901);
#7899=CARTESIAN_POINT('',(7.62,-2.44929359829471E-016,4.));
#7900=DIRECTION('',(6.12323399573677E-017,6.12323399573677E-017,-1.));
#7901=DIRECTION('',(-1.,-1.22464679914735E-016,-6.12323399573677E-017));
#7902=FACE_OUTER_BOUND('',#7903,.T.);
#7903=EDGE_LOOP('',(#11300));
#7904=FACE_OUTER_BOUND('',#7905,.T.);
#7905=EDGE_LOOP('',(#11301));
#7906=CYLINDRICAL_SURFACE('',#7907,0.66);
#7907=AXIS2_PLACEMENT_3D('',#7908,#7909,#7910);
#7908=CARTESIAN_POINT('',(7.62,-2.63299061816681E-017,0.43));
#7909=DIRECTION('',(-6.12323399573677E-017,-6.12323399573677E-017,1.));
#7910=DIRECTION('',(-1.,-1.22464679914735E-016,-6.12323399573677E-017));
#7911=FACE_OUTER_BOUND('',#7912,.T.);
#7912=EDGE_LOOP('',(#11302));
#7913=FACE_OUTER_BOUND('',#7914,.T.);
#7914=EDGE_LOOP('',(#11303));
#7915=CONICAL_SURFACE('',#7916,0.445,0.785398163397448);
#7916=AXIS2_PLACEMENT_3D('',#7917,#7918,#7919);
#7917=CARTESIAN_POINT('',(7.62,-1.3164953090834E-017,0.215));
#7918=DIRECTION('',(-6.12323399573677E-017,-6.12323399573677E-017,1.));
#7919=DIRECTION('',(-1.,-1.22464679914735E-016,-6.12323399573677E-017));
#7920=FACE_OUTER_BOUND('',#7921,.T.);
#7921=EDGE_LOOP('',(#11304));
#7922=FACE_OUTER_BOUND('',#7923,.T.);
#7923=EDGE_LOOP('',(#11305));
#7924=CYLINDRICAL_SURFACE('',#7925,0.23);
#7925=AXIS2_PLACEMENT_3D('',#7926,#7927,#7928);
#7926=CARTESIAN_POINT('',(7.62,2.11863896252492E-016,-3.46));
#7927=DIRECTION('',(-6.12323399573677E-017,-6.12323399573677E-017,1.));
#7928=DIRECTION('',(-1.,-1.22464679914735E-016,-6.12323399573675E-017));
#7929=FACE_OUTER_BOUND('',#7930,.T.);
#7930=EDGE_LOOP('',(#11306));
#7931=SPHERICAL_SURFACE('',#7932,0.23);
#7932=AXIS2_PLACEMENT_3D('',#7933,#7934,#7935);
#7933=CARTESIAN_POINT('',(7.62,2.11863896252492E-016,-3.46));
#7934=DIRECTION('',(-6.12323399573677E-017,-6.12323399573677E-017,1.));
#7935=DIRECTION('',(-1.,-1.22464679914735E-016,-6.12323399573677E-017));
#7936=FACE_OUTER_BOUND('',#7937,.T.);
#7937=EDGE_LOOP('',(#11307));
#7938=SPHERICAL_SURFACE('',#7939,0.3);
#7939=AXIS2_PLACEMENT_3D('',#7940,#7941,#7942);
#7940=CARTESIAN_POINT('',(10.16,-4.71489017671731E-016,7.7));
#7941=DIRECTION('',(-6.12323399573677E-017,-6.12323399573677E-017,1.));
#7942=DIRECTION('',(-1.,-1.22464679914736E-016,-6.12323399573677E-017));
#7943=FACE_OUTER_BOUND('',#7944,.T.);
#7944=EDGE_LOOP('',(#11308));
#7945=FACE_OUTER_BOUND('',#7946,.T.);
#7946=EDGE_LOOP('',(#11309));
#7947=CYLINDRICAL_SURFACE('',#7948,0.3);
#7948=AXIS2_PLACEMENT_3D('',#7949,#7950,#7951);
#7949=CARTESIAN_POINT('',(10.16,-3.06161699786838E-016,5.));
#7950=DIRECTION('',(-6.12323399573677E-017,-6.12323399573677E-017,1.));
#7951=DIRECTION('',(-1.,-1.22464679914735E-016,-6.12323399573677E-017));
#7952=FACE_BOUND('',#7953,.T.);
#7953=EDGE_LOOP('',(#11310));
#7954=FACE_BOUND('',#7955,.T.);
#7955=EDGE_LOOP('',(#11311));
#7956=PLANE('',#7957);
#7957=AXIS2_PLACEMENT_3D('',#7958,#7959,#7960);
#7958=CARTESIAN_POINT('',(10.16,-3.06161699786838E-016,5.));
#7959=DIRECTION('',(-6.12323399573677E-017,-6.12323399573677E-017,1.));
#7960=DIRECTION('',(-1.,-1.22464679914735E-016,-6.12323399573677E-017));
#7961=FACE_OUTER_BOUND('',#7962,.T.);
#7962=EDGE_LOOP('',(#11312));
#7963=FACE_OUTER_BOUND('',#7964,.T.);
#7964=EDGE_LOOP('',(#11313));
#7965=CYLINDRICAL_SURFACE('',#7966,0.9);
#7966=AXIS2_PLACEMENT_3D('',#7967,#7968,#7969);
#7967=CARTESIAN_POINT('',(10.16,-2.44929359829471E-016,4.));
#7968=DIRECTION('',(-6.12323399573677E-017,-6.12323399573677E-017,1.));
#7969=DIRECTION('',(-1.,-1.22464679914735E-016,-6.12323399573677E-017));
#7970=FACE_BOUND('',#7971,.T.);
#7971=EDGE_LOOP('',(#11314));
#7972=FACE_BOUND('',#7973,.T.);
#7973=EDGE_LOOP('',(#11315));
#7974=PLANE('',#7975);
#7975=AXIS2_PLACEMENT_3D('',#7976,#7977,#7978);
#7976=CARTESIAN_POINT('',(10.16,-2.44929359829471E-016,4.));
#7977=DIRECTION('',(6.12323399573677E-017,6.12323399573677E-017,-1.));
#7978=DIRECTION('',(-1.,-1.22464679914735E-016,-6.12323399573677E-017));
#7979=FACE_OUTER_BOUND('',#7980,.T.);
#7980=EDGE_LOOP('',(#11316));
#7981=FACE_OUTER_BOUND('',#7982,.T.);
#7982=EDGE_LOOP('',(#11317));
#7983=CYLINDRICAL_SURFACE('',#7984,0.66);
#7984=AXIS2_PLACEMENT_3D('',#7985,#7986,#7987);
#7985=CARTESIAN_POINT('',(10.16,-2.63299061816681E-017,0.43));
#7986=DIRECTION('',(-6.12323399573677E-017,-6.12323399573677E-017,1.));
#7987=DIRECTION('',(-1.,-1.22464679914735E-016,-6.12323399573677E-017));
#7988=FACE_OUTER_BOUND('',#7989,.T.);
#7989=EDGE_LOOP('',(#11318));
#7990=FACE_OUTER_BOUND('',#7991,.T.);
#7991=EDGE_LOOP('',(#11319));
#7992=CONICAL_SURFACE('',#7993,0.445,0.785398163397448);
#7993=AXIS2_PLACEMENT_3D('',#7994,#7995,#7996);
#7994=CARTESIAN_POINT('',(10.16,-1.3164953090834E-017,0.215));
#7995=DIRECTION('',(-6.12323399573677E-017,-6.12323399573677E-017,1.));
#7996=DIRECTION('',(-1.,-1.22464679914735E-016,-6.12323399573677E-017));
#7997=FACE_OUTER_BOUND('',#7998,.T.);
#7998=EDGE_LOOP('',(#11320));
#7999=FACE_OUTER_BOUND('',#8000,.T.);
#8000=EDGE_LOOP('',(#11321));
#8001=CYLINDRICAL_SURFACE('',#8002,0.23);
#8002=AXIS2_PLACEMENT_3D('',#8003,#8004,#8005);
#8003=CARTESIAN_POINT('',(10.16,2.11863896252492E-016,-3.46));
#8004=DIRECTION('',(-6.12323399573677E-017,-6.12323399573677E-017,1.));
#8005=DIRECTION('',(-1.,-1.22464679914735E-016,-6.12323399573675E-017));
#8006=FACE_OUTER_BOUND('',#8007,.T.);
#8007=EDGE_LOOP('',(#11322));
#8008=SPHERICAL_SURFACE('',#8009,0.23);
#8009=AXIS2_PLACEMENT_3D('',#8010,#8011,#8012);
#8010=CARTESIAN_POINT('',(10.16,2.11863896252492E-016,-3.46));
#8011=DIRECTION('',(-6.12323399573677E-017,-6.12323399573677E-017,1.));
#8012=DIRECTION('',(-1.,-1.22464679914735E-016,-6.12323399573677E-017));
#8013=FACE_OUTER_BOUND('',#8014,.T.);
#8014=EDGE_LOOP('',(#11323));
#8015=SPHERICAL_SURFACE('',#8016,0.3);
#8016=AXIS2_PLACEMENT_3D('',#8017,#8018,#8019);
#8017=CARTESIAN_POINT('',(12.7,-4.71489017671731E-016,7.7));
#8018=DIRECTION('',(-6.12323399573677E-017,-6.12323399573677E-017,1.));
#8019=DIRECTION('',(-1.,-1.22464679914736E-016,-6.12323399573677E-017));
#8020=FACE_OUTER_BOUND('',#8021,.T.);
#8021=EDGE_LOOP('',(#11324));
#8022=FACE_OUTER_BOUND('',#8023,.T.);
#8023=EDGE_LOOP('',(#11325));
#8024=CYLINDRICAL_SURFACE('',#8025,0.3);
#8025=AXIS2_PLACEMENT_3D('',#8026,#8027,#8028);
#8026=CARTESIAN_POINT('',(12.7,-3.06161699786838E-016,5.));
#8027=DIRECTION('',(-6.12323399573677E-017,-6.12323399573677E-017,1.));
#8028=DIRECTION('',(-1.,-1.22464679914735E-016,-6.12323399573677E-017));
#8029=FACE_BOUND('',#8030,.T.);
#8030=EDGE_LOOP('',(#11326));
#8031=FACE_BOUND('',#8032,.T.);
#8032=EDGE_LOOP('',(#11327));
#8033=PLANE('',#8034);
#8034=AXIS2_PLACEMENT_3D('',#8035,#8036,#8037);
#8035=CARTESIAN_POINT('',(12.7,-3.06161699786838E-016,5.));
#8036=DIRECTION('',(-6.12323399573677E-017,-6.12323399573677E-017,1.));
#8037=DIRECTION('',(-1.,-1.22464679914735E-016,-6.12323399573677E-017));
#8038=FACE_OUTER_BOUND('',#8039,.T.);
#8039=EDGE_LOOP('',(#11328));
#8040=FACE_OUTER_BOUND('',#8041,.T.);
#8041=EDGE_LOOP('',(#11329));
#8042=CYLINDRICAL_SURFACE('',#8043,0.9);
#8043=AXIS2_PLACEMENT_3D('',#8044,#8045,#8046);
#8044=CARTESIAN_POINT('',(12.7,-2.44929359829471E-016,4.));
#8045=DIRECTION('',(-6.12323399573677E-017,-6.12323399573677E-017,1.));
#8046=DIRECTION('',(-1.,-1.22464679914735E-016,-6.12323399573677E-017));
#8047=FACE_BOUND('',#8048,.T.);
#8048=EDGE_LOOP('',(#11330));
#8049=FACE_BOUND('',#8050,.T.);
#8050=EDGE_LOOP('',(#11331));
#8051=PLANE('',#8052);
#8052=AXIS2_PLACEMENT_3D('',#8053,#8054,#8055);
#8053=CARTESIAN_POINT('',(12.7,-2.44929359829471E-016,4.));
#8054=DIRECTION('',(6.12323399573677E-017,6.12323399573677E-017,-1.));
#8055=DIRECTION('',(-1.,-1.22464679914735E-016,-6.12323399573677E-017));
#8056=FACE_OUTER_BOUND('',#8057,.T.);
#8057=EDGE_LOOP('',(#11332));
#8058=FACE_OUTER_BOUND('',#8059,.T.);
#8059=EDGE_LOOP('',(#11333));
#8060=CYLINDRICAL_SURFACE('',#8061,0.66);
#8061=AXIS2_PLACEMENT_3D('',#8062,#8063,#8064);
#8062=CARTESIAN_POINT('',(12.7,-2.63299061816681E-017,0.43));
#8063=DIRECTION('',(-6.12323399573677E-017,-6.12323399573677E-017,1.));
#8064=DIRECTION('',(-1.,-1.22464679914735E-016,-6.12323399573677E-017));
#8065=FACE_OUTER_BOUND('',#8066,.T.);
#8066=EDGE_LOOP('',(#11334));
#8067=FACE_OUTER_BOUND('',#8068,.T.);
#8068=EDGE_LOOP('',(#11335));
#8069=CONICAL_SURFACE('',#8070,0.445,0.785398163397448);
#8070=AXIS2_PLACEMENT_3D('',#8071,#8072,#8073);
#8071=CARTESIAN_POINT('',(12.7,-1.3164953090834E-017,0.215));
#8072=DIRECTION('',(-6.12323399573677E-017,-6.12323399573677E-017,1.));
#8073=DIRECTION('',(-1.,-1.22464679914735E-016,-6.12323399573677E-017));
#8074=FACE_OUTER_BOUND('',#8075,.T.);
#8075=EDGE_LOOP('',(#11336));
#8076=FACE_OUTER_BOUND('',#8077,.T.);
#8077=EDGE_LOOP('',(#11337));
#8078=CYLINDRICAL_SURFACE('',#8079,0.23);
#8079=AXIS2_PLACEMENT_3D('',#8080,#8081,#8082);
#8080=CARTESIAN_POINT('',(12.7,2.11863896252492E-016,-3.46));
#8081=DIRECTION('',(-6.12323399573677E-017,-6.12323399573677E-017,1.));
#8082=DIRECTION('',(-1.,-1.22464679914735E-016,-6.12323399573675E-017));
#8083=FACE_OUTER_BOUND('',#8084,.T.);
#8084=EDGE_LOOP('',(#11338));
#8085=SPHERICAL_SURFACE('',#8086,0.23);
#8086=AXIS2_PLACEMENT_3D('',#8087,#8088,#8089);
#8087=CARTESIAN_POINT('',(12.7,2.11863896252492E-016,-3.46));
#8088=DIRECTION('',(-6.12323399573677E-017,-6.12323399573677E-017,1.));
#8089=DIRECTION('',(-1.,-1.22464679914735E-016,-6.12323399573677E-017));
#8090=FACE_OUTER_BOUND('',#8091,.T.);
#8091=EDGE_LOOP('',(#11339));
#8092=SPHERICAL_SURFACE('',#8093,0.3);
#8093=AXIS2_PLACEMENT_3D('',#8094,#8095,#8096);
#8094=CARTESIAN_POINT('',(15.24,-4.71489017671731E-016,7.7));
#8095=DIRECTION('',(-6.12323399573677E-017,-6.12323399573677E-017,1.));
#8096=DIRECTION('',(-1.,-1.22464679914736E-016,-6.12323399573677E-017));
#8097=FACE_OUTER_BOUND('',#8098,.T.);
#8098=EDGE_LOOP('',(#11340));
#8099=FACE_OUTER_BOUND('',#8100,.T.);
#8100=EDGE_LOOP('',(#11341));
#8101=CYLINDRICAL_SURFACE('',#8102,0.3);
#8102=AXIS2_PLACEMENT_3D('',#8103,#8104,#8105);
#8103=CARTESIAN_POINT('',(15.24,-3.06161699786838E-016,5.));
#8104=DIRECTION('',(-6.12323399573677E-017,-6.12323399573677E-017,1.));
#8105=DIRECTION('',(-1.,-1.22464679914735E-016,-6.12323399573677E-017));
#8106=FACE_BOUND('',#8107,.T.);
#8107=EDGE_LOOP('',(#11342));
#8108=FACE_BOUND('',#8109,.T.);
#8109=EDGE_LOOP('',(#11343));
#8110=PLANE('',#8111);
#8111=AXIS2_PLACEMENT_3D('',#8112,#8113,#8114);
#8112=CARTESIAN_POINT('',(15.24,-3.06161699786838E-016,5.));
#8113=DIRECTION('',(-6.12323399573677E-017,-6.12323399573677E-017,1.));
#8114=DIRECTION('',(-1.,-1.22464679914735E-016,-6.12323399573677E-017));
#8115=FACE_OUTER_BOUND('',#8116,.T.);
#8116=EDGE_LOOP('',(#11344));
#8117=FACE_OUTER_BOUND('',#8118,.T.);
#8118=EDGE_LOOP('',(#11345));
#8119=CYLINDRICAL_SURFACE('',#8120,0.9);
#8120=AXIS2_PLACEMENT_3D('',#8121,#8122,#8123);
#8121=CARTESIAN_POINT('',(15.24,-2.44929359829471E-016,4.));
#8122=DIRECTION('',(-6.12323399573677E-017,-6.12323399573677E-017,1.));
#8123=DIRECTION('',(-1.,-1.22464679914735E-016,-6.12323399573677E-017));
#8124=FACE_BOUND('',#8125,.T.);
#8125=EDGE_LOOP('',(#11346));
#8126=FACE_BOUND('',#8127,.T.);
#8127=EDGE_LOOP('',(#11347));
#8128=PLANE('',#8129);
#8129=AXIS2_PLACEMENT_3D('',#8130,#8131,#8132);
#8130=CARTESIAN_POINT('',(15.24,-2.44929359829471E-016,4.));
#8131=DIRECTION('',(6.12323399573677E-017,6.12323399573677E-017,-1.));
#8132=DIRECTION('',(-1.,-1.22464679914735E-016,-6.12323399573677E-017));
#8133=FACE_OUTER_BOUND('',#8134,.T.);
#8134=EDGE_LOOP('',(#11348));
#8135=FACE_OUTER_BOUND('',#8136,.T.);
#8136=EDGE_LOOP('',(#11349));
#8137=CYLINDRICAL_SURFACE('',#8138,0.66);
#8138=AXIS2_PLACEMENT_3D('',#8139,#8140,#8141);
#8139=CARTESIAN_POINT('',(15.24,-2.63299061816681E-017,0.43));
#8140=DIRECTION('',(-6.12323399573677E-017,-6.12323399573677E-017,1.));
#8141=DIRECTION('',(-1.,-1.22464679914735E-016,-6.12323399573677E-017));
#8142=FACE_OUTER_BOUND('',#8143,.T.);
#8143=EDGE_LOOP('',(#11350));
#8144=FACE_OUTER_BOUND('',#8145,.T.);
#8145=EDGE_LOOP('',(#11351));
#8146=CONICAL_SURFACE('',#8147,0.445,0.785398163397448);
#8147=AXIS2_PLACEMENT_3D('',#8148,#8149,#8150);
#8148=CARTESIAN_POINT('',(15.24,-1.3164953090834E-017,0.215));
#8149=DIRECTION('',(-6.12323399573677E-017,-6.12323399573677E-017,1.));
#8150=DIRECTION('',(-1.,-1.22464679914735E-016,-6.12323399573677E-017));
#8151=FACE_OUTER_BOUND('',#8152,.T.);
#8152=EDGE_LOOP('',(#11352));
#8153=FACE_OUTER_BOUND('',#8154,.T.);
#8154=EDGE_LOOP('',(#11353));
#8155=CYLINDRICAL_SURFACE('',#8156,0.23);
#8156=AXIS2_PLACEMENT_3D('',#8157,#8158,#8159);
#8157=CARTESIAN_POINT('',(15.24,2.11863896252492E-016,-3.46));
#8158=DIRECTION('',(-6.12323399573677E-017,-6.12323399573677E-017,1.));
#8159=DIRECTION('',(-1.,-1.22464679914735E-016,-6.12323399573675E-017));
#8160=FACE_OUTER_BOUND('',#8161,.T.);
#8161=EDGE_LOOP('',(#11354));
#8162=SPHERICAL_SURFACE('',#8163,0.23);
#8163=AXIS2_PLACEMENT_3D('',#8164,#8165,#8166);
#8164=CARTESIAN_POINT('',(15.24,2.11863896252492E-016,-3.46));
#8165=DIRECTION('',(-6.12323399573677E-017,-6.12323399573677E-017,1.));
#8166=DIRECTION('',(-1.,-1.22464679914735E-016,-6.12323399573677E-017));
#8167=FACE_OUTER_BOUND('',#8168,.T.);
#8168=EDGE_LOOP('',(#11355));
#8169=SPHERICAL_SURFACE('',#8170,0.3);
#8170=AXIS2_PLACEMENT_3D('',#8171,#8172,#8173);
#8171=CARTESIAN_POINT('',(17.78,-4.71489017671731E-016,7.7));
#8172=DIRECTION('',(-6.12323399573677E-017,-6.12323399573677E-017,1.));
#8173=DIRECTION('',(-1.,-1.22464679914736E-016,-6.12323399573677E-017));
#8174=FACE_OUTER_BOUND('',#8175,.T.);
#8175=EDGE_LOOP('',(#11356));
#8176=FACE_OUTER_BOUND('',#8177,.T.);
#8177=EDGE_LOOP('',(#11357));
#8178=CYLINDRICAL_SURFACE('',#8179,0.3);
#8179=AXIS2_PLACEMENT_3D('',#8180,#8181,#8182);
#8180=CARTESIAN_POINT('',(17.78,-3.06161699786838E-016,5.));
#8181=DIRECTION('',(-6.12323399573677E-017,-6.12323399573677E-017,1.));
#8182=DIRECTION('',(-1.,-1.22464679914735E-016,-6.12323399573677E-017));
#8183=FACE_BOUND('',#8184,.T.);
#8184=EDGE_LOOP('',(#11358));
#8185=FACE_BOUND('',#8186,.T.);
#8186=EDGE_LOOP('',(#11359));
#8187=PLANE('',#8188);
#8188=AXIS2_PLACEMENT_3D('',#8189,#8190,#8191);
#8189=CARTESIAN_POINT('',(17.78,-3.06161699786838E-016,5.));
#8190=DIRECTION('',(-6.12323399573677E-017,-6.12323399573677E-017,1.));
#8191=DIRECTION('',(-1.,-1.22464679914735E-016,-6.12323399573677E-017));
#8192=FACE_OUTER_BOUND('',#8193,.T.);
#8193=EDGE_LOOP('',(#11360));
#8194=FACE_OUTER_BOUND('',#8195,.T.);
#8195=EDGE_LOOP('',(#11361));
#8196=CYLINDRICAL_SURFACE('',#8197,0.9);
#8197=AXIS2_PLACEMENT_3D('',#8198,#8199,#8200);
#8198=CARTESIAN_POINT('',(17.78,-2.44929359829471E-016,4.));
#8199=DIRECTION('',(-6.12323399573677E-017,-6.12323399573677E-017,1.));
#8200=DIRECTION('',(-1.,-1.22464679914735E-016,-6.12323399573677E-017));
#8201=FACE_BOUND('',#8202,.T.);
#8202=EDGE_LOOP('',(#11362));
#8203=FACE_BOUND('',#8204,.T.);
#8204=EDGE_LOOP('',(#11363));
#8205=PLANE('',#8206);
#8206=AXIS2_PLACEMENT_3D('',#8207,#8208,#8209);
#8207=CARTESIAN_POINT('',(17.78,-2.44929359829471E-016,4.));
#8208=DIRECTION('',(6.12323399573677E-017,6.12323399573677E-017,-1.));
#8209=DIRECTION('',(-1.,-1.22464679914735E-016,-6.12323399573677E-017));
#8210=FACE_OUTER_BOUND('',#8211,.T.);
#8211=EDGE_LOOP('',(#11364));
#8212=FACE_OUTER_BOUND('',#8213,.T.);
#8213=EDGE_LOOP('',(#11365));
#8214=CYLINDRICAL_SURFACE('',#8215,0.66);
#8215=AXIS2_PLACEMENT_3D('',#8216,#8217,#8218);
#8216=CARTESIAN_POINT('',(17.78,-2.63299061816681E-017,0.43));
#8217=DIRECTION('',(-6.12323399573677E-017,-6.12323399573677E-017,1.));
#8218=DIRECTION('',(-1.,-1.22464679914735E-016,-6.12323399573677E-017));
#8219=FACE_OUTER_BOUND('',#8220,.T.);
#8220=EDGE_LOOP('',(#11366));
#8221=FACE_OUTER_BOUND('',#8222,.T.);
#8222=EDGE_LOOP('',(#11367));
#8223=CONICAL_SURFACE('',#8224,0.445,0.785398163397448);
#8224=AXIS2_PLACEMENT_3D('',#8225,#8226,#8227);
#8225=CARTESIAN_POINT('',(17.78,-1.3164953090834E-017,0.215));
#8226=DIRECTION('',(-6.12323399573677E-017,-6.12323399573677E-017,1.));
#8227=DIRECTION('',(-1.,-1.22464679914735E-016,-6.12323399573677E-017));
#8228=FACE_OUTER_BOUND('',#8229,.T.);
#8229=EDGE_LOOP('',(#11368));
#8230=FACE_OUTER_BOUND('',#8231,.T.);
#8231=EDGE_LOOP('',(#11369));
#8232=CYLINDRICAL_SURFACE('',#8233,0.23);
#8233=AXIS2_PLACEMENT_3D('',#8234,#8235,#8236);
#8234=CARTESIAN_POINT('',(17.78,2.11863896252492E-016,-3.46));
#8235=DIRECTION('',(-6.12323399573677E-017,-6.12323399573677E-017,1.));
#8236=DIRECTION('',(-1.,-1.22464679914735E-016,-6.12323399573675E-017));
#8237=FACE_OUTER_BOUND('',#8238,.T.);
#8238=EDGE_LOOP('',(#11370));
#8239=SPHERICAL_SURFACE('',#8240,0.23);
#8240=AXIS2_PLACEMENT_3D('',#8241,#8242,#8243);
#8241=CARTESIAN_POINT('',(17.78,2.11863896252492E-016,-3.46));
#8242=DIRECTION('',(-6.12323399573677E-017,-6.12323399573677E-017,1.));
#8243=DIRECTION('',(-1.,-1.22464679914735E-016,-6.12323399573677E-017));
#8244=FACE_OUTER_BOUND('',#8245,.T.);
#8245=EDGE_LOOP('',(#11371));
#8246=SPHERICAL_SURFACE('',#8247,0.3);
#8247=AXIS2_PLACEMENT_3D('',#8248,#8249,#8250);
#8248=CARTESIAN_POINT('',(20.32,-4.71489017671731E-016,7.7));
#8249=DIRECTION('',(-6.12323399573677E-017,-6.12323399573677E-017,1.));
#8250=DIRECTION('',(-1.,-1.22464679914736E-016,-6.12323399573677E-017));
#8251=FACE_OUTER_BOUND('',#8252,.T.);
#8252=EDGE_LOOP('',(#11372));
#8253=FACE_OUTER_BOUND('',#8254,.T.);
#8254=EDGE_LOOP('',(#11373));
#8255=CYLINDRICAL_SURFACE('',#8256,0.3);
#8256=AXIS2_PLACEMENT_3D('',#8257,#8258,#8259);
#8257=CARTESIAN_POINT('',(20.32,-3.06161699786838E-016,5.));
#8258=DIRECTION('',(-6.12323399573677E-017,-6.12323399573677E-017,1.));
#8259=DIRECTION('',(-1.,-1.22464679914735E-016,-6.12323399573677E-017));
#8260=FACE_BOUND('',#8261,.T.);
#8261=EDGE_LOOP('',(#11374));
#8262=FACE_BOUND('',#8263,.T.);
#8263=EDGE_LOOP('',(#11375));
#8264=PLANE('',#8265);
#8265=AXIS2_PLACEMENT_3D('',#8266,#8267,#8268);
#8266=CARTESIAN_POINT('',(20.32,-3.06161699786838E-016,5.));
#8267=DIRECTION('',(-6.12323399573677E-017,-6.12323399573677E-017,1.));
#8268=DIRECTION('',(-1.,-1.22464679914735E-016,-6.12323399573677E-017));
#8269=FACE_OUTER_BOUND('',#8270,.T.);
#8270=EDGE_LOOP('',(#11376));
#8271=FACE_OUTER_BOUND('',#8272,.T.);
#8272=EDGE_LOOP('',(#11377));
#8273=CYLINDRICAL_SURFACE('',#8274,0.9);
#8274=AXIS2_PLACEMENT_3D('',#8275,#8276,#8277);
#8275=CARTESIAN_POINT('',(20.32,-2.44929359829471E-016,4.));
#8276=DIRECTION('',(-6.12323399573677E-017,-6.12323399573677E-017,1.));
#8277=DIRECTION('',(-1.,-1.22464679914735E-016,-6.12323399573677E-017));
#8278=FACE_BOUND('',#8279,.T.);
#8279=EDGE_LOOP('',(#11378));
#8280=FACE_BOUND('',#8281,.T.);
#8281=EDGE_LOOP('',(#11379));
#8282=PLANE('',#8283);
#8283=AXIS2_PLACEMENT_3D('',#8284,#8285,#8286);
#8284=CARTESIAN_POINT('',(20.32,-2.44929359829471E-016,4.));
#8285=DIRECTION('',(6.12323399573677E-017,6.12323399573677E-017,-1.));
#8286=DIRECTION('',(-1.,-1.22464679914735E-016,-6.12323399573677E-017));
#8287=FACE_OUTER_BOUND('',#8288,.T.);
#8288=EDGE_LOOP('',(#11380));
#8289=FACE_OUTER_BOUND('',#8290,.T.);
#8290=EDGE_LOOP('',(#11381));
#8291=CYLINDRICAL_SURFACE('',#8292,0.66);
#8292=AXIS2_PLACEMENT_3D('',#8293,#8294,#8295);
#8293=CARTESIAN_POINT('',(20.32,-2.63299061816681E-017,0.43));
#8294=DIRECTION('',(-6.12323399573677E-017,-6.12323399573677E-017,1.));
#8295=DIRECTION('',(-1.,-1.22464679914735E-016,-6.12323399573677E-017));
#8296=FACE_OUTER_BOUND('',#8297,.T.);
#8297=EDGE_LOOP('',(#11382));
#8298=FACE_OUTER_BOUND('',#8299,.T.);
#8299=EDGE_LOOP('',(#11383));
#8300=CONICAL_SURFACE('',#8301,0.445,0.785398163397448);
#8301=AXIS2_PLACEMENT_3D('',#8302,#8303,#8304);
#8302=CARTESIAN_POINT('',(20.32,-1.3164953090834E-017,0.215));
#8303=DIRECTION('',(-6.12323399573677E-017,-6.12323399573677E-017,1.));
#8304=DIRECTION('',(-1.,-1.22464679914735E-016,-6.12323399573677E-017));
#8305=FACE_OUTER_BOUND('',#8306,.T.);
#8306=EDGE_LOOP('',(#11384));
#8307=FACE_OUTER_BOUND('',#8308,.T.);
#8308=EDGE_LOOP('',(#11385));
#8309=CYLINDRICAL_SURFACE('',#8310,0.23);
#8310=AXIS2_PLACEMENT_3D('',#8311,#8312,#8313);
#8311=CARTESIAN_POINT('',(20.32,2.11863896252492E-016,-3.46));
#8312=DIRECTION('',(-6.12323399573677E-017,-6.12323399573677E-017,1.));
#8313=DIRECTION('',(-1.,-1.22464679914735E-016,-6.12323399573675E-017));
#8314=FACE_OUTER_BOUND('',#8315,.T.);
#8315=EDGE_LOOP('',(#11386));
#8316=SPHERICAL_SURFACE('',#8317,0.23);
#8317=AXIS2_PLACEMENT_3D('',#8318,#8319,#8320);
#8318=CARTESIAN_POINT('',(20.32,2.11863896252492E-016,-3.46));
#8319=DIRECTION('',(-6.12323399573677E-017,-6.12323399573677E-017,1.));
#8320=DIRECTION('',(-1.,-1.22464679914735E-016,-6.12323399573677E-017));
#8321=FACE_OUTER_BOUND('',#8322,.T.);
#8322=EDGE_LOOP('',(#11387));
#8323=SPHERICAL_SURFACE('',#8324,0.3);
#8324=AXIS2_PLACEMENT_3D('',#8325,#8326,#8327);
#8325=CARTESIAN_POINT('',(22.86,-4.71489017671731E-016,7.7));
#8326=DIRECTION('',(-6.12323399573677E-017,-6.12323399573677E-017,1.));
#8327=DIRECTION('',(-1.,-1.22464679914736E-016,-6.12323399573677E-017));
#8328=FACE_OUTER_BOUND('',#8329,.T.);
#8329=EDGE_LOOP('',(#11388));
#8330=FACE_OUTER_BOUND('',#8331,.T.);
#8331=EDGE_LOOP('',(#11389));
#8332=CYLINDRICAL_SURFACE('',#8333,0.3);
#8333=AXIS2_PLACEMENT_3D('',#8334,#8335,#8336);
#8334=CARTESIAN_POINT('',(22.86,-3.06161699786838E-016,5.));
#8335=DIRECTION('',(-6.12323399573677E-017,-6.12323399573677E-017,1.));
#8336=DIRECTION('',(-1.,-1.22464679914735E-016,-6.12323399573677E-017));
#8337=FACE_BOUND('',#8338,.T.);
#8338=EDGE_LOOP('',(#11390));
#8339=FACE_BOUND('',#8340,.T.);
#8340=EDGE_LOOP('',(#11391));
#8341=PLANE('',#8342);
#8342=AXIS2_PLACEMENT_3D('',#8343,#8344,#8345);
#8343=CARTESIAN_POINT('',(22.86,-3.06161699786838E-016,5.));
#8344=DIRECTION('',(-6.12323399573677E-017,-6.12323399573677E-017,1.));
#8345=DIRECTION('',(-1.,-1.22464679914735E-016,-6.12323399573677E-017));
#8346=FACE_OUTER_BOUND('',#8347,.T.);
#8347=EDGE_LOOP('',(#11392));
#8348=FACE_OUTER_BOUND('',#8349,.T.);
#8349=EDGE_LOOP('',(#11393));
#8350=CYLINDRICAL_SURFACE('',#8351,0.9);
#8351=AXIS2_PLACEMENT_3D('',#8352,#8353,#8354);
#8352=CARTESIAN_POINT('',(22.86,-2.44929359829471E-016,4.));
#8353=DIRECTION('',(-6.12323399573677E-017,-6.12323399573677E-017,1.));
#8354=DIRECTION('',(-1.,-1.22464679914735E-016,-6.12323399573677E-017));
#8355=FACE_BOUND('',#8356,.T.);
#8356=EDGE_LOOP('',(#11394));
#8357=FACE_BOUND('',#8358,.T.);
#8358=EDGE_LOOP('',(#11395));
#8359=PLANE('',#8360);
#8360=AXIS2_PLACEMENT_3D('',#8361,#8362,#8363);
#8361=CARTESIAN_POINT('',(22.86,-2.44929359829471E-016,4.));
#8362=DIRECTION('',(6.12323399573677E-017,6.12323399573677E-017,-1.));
#8363=DIRECTION('',(-1.,-1.22464679914735E-016,-6.12323399573677E-017));
#8364=FACE_OUTER_BOUND('',#8365,.T.);
#8365=EDGE_LOOP('',(#11396));
#8366=FACE_OUTER_BOUND('',#8367,.T.);
#8367=EDGE_LOOP('',(#11397));
#8368=CYLINDRICAL_SURFACE('',#8369,0.66);
#8369=AXIS2_PLACEMENT_3D('',#8370,#8371,#8372);
#8370=CARTESIAN_POINT('',(22.86,-2.63299061816681E-017,0.43));
#8371=DIRECTION('',(-6.12323399573677E-017,-6.12323399573677E-017,1.));
#8372=DIRECTION('',(-1.,-1.22464679914735E-016,-6.12323399573677E-017));
#8373=FACE_OUTER_BOUND('',#8374,.T.);
#8374=EDGE_LOOP('',(#11398));
#8375=FACE_OUTER_BOUND('',#8376,.T.);
#8376=EDGE_LOOP('',(#11399));
#8377=CONICAL_SURFACE('',#8378,0.445,0.785398163397448);
#8378=AXIS2_PLACEMENT_3D('',#8379,#8380,#8381);
#8379=CARTESIAN_POINT('',(22.86,-1.3164953090834E-017,0.215));
#8380=DIRECTION('',(-6.12323399573677E-017,-6.12323399573677E-017,1.));
#8381=DIRECTION('',(-1.,-1.22464679914735E-016,-6.12323399573677E-017));
#8382=FACE_OUTER_BOUND('',#8383,.T.);
#8383=EDGE_LOOP('',(#11400));
#8384=FACE_OUTER_BOUND('',#8385,.T.);
#8385=EDGE_LOOP('',(#11401));
#8386=CYLINDRICAL_SURFACE('',#8387,0.23);
#8387=AXIS2_PLACEMENT_3D('',#8388,#8389,#8390);
#8388=CARTESIAN_POINT('',(22.86,2.11863896252492E-016,-3.46));
#8389=DIRECTION('',(-6.12323399573677E-017,-6.12323399573677E-017,1.));
#8390=DIRECTION('',(-1.,-1.22464679914735E-016,-6.12323399573675E-017));
#8391=FACE_OUTER_BOUND('',#8392,.T.);
#8392=EDGE_LOOP('',(#11402));
#8393=SPHERICAL_SURFACE('',#8394,0.23);
#8394=AXIS2_PLACEMENT_3D('',#8395,#8396,#8397);
#8395=CARTESIAN_POINT('',(22.86,2.11863896252492E-016,-3.46));
#8396=DIRECTION('',(-6.12323399573677E-017,-6.12323399573677E-017,1.));
#8397=DIRECTION('',(-1.,-1.22464679914735E-016,-6.12323399573677E-017));
#8398=FACE_OUTER_BOUND('',#8399,.T.);
#8399=EDGE_LOOP('',(#11403));
#8400=SPHERICAL_SURFACE('',#8401,0.3);
#8401=AXIS2_PLACEMENT_3D('',#8402,#8403,#8404);
#8402=CARTESIAN_POINT('',(25.4,-4.71489017671731E-016,7.7));
#8403=DIRECTION('',(-6.12323399573677E-017,-6.12323399573677E-017,1.));
#8404=DIRECTION('',(-1.,-1.22464679914736E-016,-6.12323399573677E-017));
#8405=FACE_OUTER_BOUND('',#8406,.T.);
#8406=EDGE_LOOP('',(#11404));
#8407=FACE_OUTER_BOUND('',#8408,.T.);
#8408=EDGE_LOOP('',(#11405));
#8409=CYLINDRICAL_SURFACE('',#8410,0.3);
#8410=AXIS2_PLACEMENT_3D('',#8411,#8412,#8413);
#8411=CARTESIAN_POINT('',(25.4,-3.06161699786838E-016,5.));
#8412=DIRECTION('',(-6.12323399573677E-017,-6.12323399573677E-017,1.));
#8413=DIRECTION('',(-1.,-1.22464679914735E-016,-6.12323399573677E-017));
#8414=FACE_BOUND('',#8415,.T.);
#8415=EDGE_LOOP('',(#11406));
#8416=FACE_BOUND('',#8417,.T.);
#8417=EDGE_LOOP('',(#11407));
#8418=PLANE('',#8419);
#8419=AXIS2_PLACEMENT_3D('',#8420,#8421,#8422);
#8420=CARTESIAN_POINT('',(25.4,-3.06161699786838E-016,5.));
#8421=DIRECTION('',(-6.12323399573677E-017,-6.12323399573677E-017,1.));
#8422=DIRECTION('',(-1.,-1.22464679914735E-016,-6.12323399573677E-017));
#8423=FACE_OUTER_BOUND('',#8424,.T.);
#8424=EDGE_LOOP('',(#11408));
#8425=FACE_OUTER_BOUND('',#8426,.T.);
#8426=EDGE_LOOP('',(#11409));
#8427=CYLINDRICAL_SURFACE('',#8428,0.9);
#8428=AXIS2_PLACEMENT_3D('',#8429,#8430,#8431);
#8429=CARTESIAN_POINT('',(25.4,-2.44929359829471E-016,4.));
#8430=DIRECTION('',(-6.12323399573677E-017,-6.12323399573677E-017,1.));
#8431=DIRECTION('',(-1.,-1.22464679914735E-016,-6.12323399573677E-017));
#8432=FACE_BOUND('',#8433,.T.);
#8433=EDGE_LOOP('',(#11410));
#8434=FACE_BOUND('',#8435,.T.);
#8435=EDGE_LOOP('',(#11411));
#8436=PLANE('',#8437);
#8437=AXIS2_PLACEMENT_3D('',#8438,#8439,#8440);
#8438=CARTESIAN_POINT('',(25.4,-2.44929359829471E-016,4.));
#8439=DIRECTION('',(6.12323399573677E-017,6.12323399573677E-017,-1.));
#8440=DIRECTION('',(-1.,-1.22464679914735E-016,-6.12323399573677E-017));
#8441=FACE_OUTER_BOUND('',#8442,.T.);
#8442=EDGE_LOOP('',(#11412));
#8443=FACE_OUTER_BOUND('',#8444,.T.);
#8444=EDGE_LOOP('',(#11413));
#8445=CYLINDRICAL_SURFACE('',#8446,0.66);
#8446=AXIS2_PLACEMENT_3D('',#8447,#8448,#8449);
#8447=CARTESIAN_POINT('',(25.4,-2.63299061816681E-017,0.43));
#8448=DIRECTION('',(-6.12323399573677E-017,-6.12323399573677E-017,1.));
#8449=DIRECTION('',(-1.,-1.22464679914735E-016,-6.12323399573677E-017));
#8450=FACE_OUTER_BOUND('',#8451,.T.);
#8451=EDGE_LOOP('',(#11414));
#8452=FACE_OUTER_BOUND('',#8453,.T.);
#8453=EDGE_LOOP('',(#11415));
#8454=CONICAL_SURFACE('',#8455,0.445,0.785398163397448);
#8455=AXIS2_PLACEMENT_3D('',#8456,#8457,#8458);
#8456=CARTESIAN_POINT('',(25.4,-1.3164953090834E-017,0.215));
#8457=DIRECTION('',(-6.12323399573677E-017,-6.12323399573677E-017,1.));
#8458=DIRECTION('',(-1.,-1.22464679914735E-016,-6.12323399573677E-017));
#8459=FACE_OUTER_BOUND('',#8460,.T.);
#8460=EDGE_LOOP('',(#11416));
#8461=FACE_OUTER_BOUND('',#8462,.T.);
#8462=EDGE_LOOP('',(#11417));
#8463=CYLINDRICAL_SURFACE('',#8464,0.23);
#8464=AXIS2_PLACEMENT_3D('',#8465,#8466,#8467);
#8465=CARTESIAN_POINT('',(25.4,2.11863896252492E-016,-3.46));
#8466=DIRECTION('',(-6.12323399573677E-017,-6.12323399573677E-017,1.));
#8467=DIRECTION('',(-1.,-1.22464679914735E-016,-6.12323399573675E-017));
#8468=FACE_OUTER_BOUND('',#8469,.T.);
#8469=EDGE_LOOP('',(#11418));
#8470=SPHERICAL_SURFACE('',#8471,0.23);
#8471=AXIS2_PLACEMENT_3D('',#8472,#8473,#8474);
#8472=CARTESIAN_POINT('',(25.4,2.11863896252492E-016,-3.46));
#8473=DIRECTION('',(-6.12323399573677E-017,-6.12323399573677E-017,1.));
#8474=DIRECTION('',(-1.,-1.22464679914735E-016,-6.12323399573677E-017));
#8475=FACE_OUTER_BOUND('',#8476,.T.);
#8476=EDGE_LOOP('',(#11419));
#8477=SPHERICAL_SURFACE('',#8478,0.3);
#8478=AXIS2_PLACEMENT_3D('',#8479,#8480,#8481);
#8479=CARTESIAN_POINT('',(27.94,-4.71489017671731E-016,7.7));
#8480=DIRECTION('',(-6.12323399573677E-017,-6.12323399573677E-017,1.));
#8481=DIRECTION('',(-1.,-1.22464679914736E-016,-6.12323399573677E-017));
#8482=FACE_OUTER_BOUND('',#8483,.T.);
#8483=EDGE_LOOP('',(#11420));
#8484=FACE_OUTER_BOUND('',#8485,.T.);
#8485=EDGE_LOOP('',(#11421));
#8486=CYLINDRICAL_SURFACE('',#8487,0.3);
#8487=AXIS2_PLACEMENT_3D('',#8488,#8489,#8490);
#8488=CARTESIAN_POINT('',(27.94,-3.06161699786838E-016,5.));
#8489=DIRECTION('',(-6.12323399573677E-017,-6.12323399573677E-017,1.));
#8490=DIRECTION('',(-1.,-1.22464679914735E-016,-6.12323399573677E-017));
#8491=FACE_BOUND('',#8492,.T.);
#8492=EDGE_LOOP('',(#11422));
#8493=FACE_BOUND('',#8494,.T.);
#8494=EDGE_LOOP('',(#11423));
#8495=PLANE('',#8496);
#8496=AXIS2_PLACEMENT_3D('',#8497,#8498,#8499);
#8497=CARTESIAN_POINT('',(27.94,-3.06161699786838E-016,5.));
#8498=DIRECTION('',(-6.12323399573677E-017,-6.12323399573677E-017,1.));
#8499=DIRECTION('',(-1.,-1.22464679914735E-016,-6.12323399573677E-017));
#8500=FACE_OUTER_BOUND('',#8501,.T.);
#8501=EDGE_LOOP('',(#11424));
#8502=FACE_OUTER_BOUND('',#8503,.T.);
#8503=EDGE_LOOP('',(#11425));
#8504=CYLINDRICAL_SURFACE('',#8505,0.9);
#8505=AXIS2_PLACEMENT_3D('',#8506,#8507,#8508);
#8506=CARTESIAN_POINT('',(27.94,-2.44929359829471E-016,4.));
#8507=DIRECTION('',(-6.12323399573677E-017,-6.12323399573677E-017,1.));
#8508=DIRECTION('',(-1.,-1.22464679914735E-016,-6.12323399573677E-017));
#8509=FACE_BOUND('',#8510,.T.);
#8510=EDGE_LOOP('',(#11426));
#8511=FACE_BOUND('',#8512,.T.);
#8512=EDGE_LOOP('',(#11427));
#8513=PLANE('',#8514);
#8514=AXIS2_PLACEMENT_3D('',#8515,#8516,#8517);
#8515=CARTESIAN_POINT('',(27.94,-2.44929359829471E-016,4.));
#8516=DIRECTION('',(6.12323399573677E-017,6.12323399573677E-017,-1.));
#8517=DIRECTION('',(-1.,-1.22464679914735E-016,-6.12323399573677E-017));
#8518=FACE_OUTER_BOUND('',#8519,.T.);
#8519=EDGE_LOOP('',(#11428));
#8520=FACE_OUTER_BOUND('',#8521,.T.);
#8521=EDGE_LOOP('',(#11429));
#8522=CYLINDRICAL_SURFACE('',#8523,0.66);
#8523=AXIS2_PLACEMENT_3D('',#8524,#8525,#8526);
#8524=CARTESIAN_POINT('',(27.94,-2.63299061816681E-017,0.43));
#8525=DIRECTION('',(-6.12323399573677E-017,-6.12323399573677E-017,1.));
#8526=DIRECTION('',(-1.,-1.22464679914735E-016,-6.12323399573677E-017));
#8527=FACE_OUTER_BOUND('',#8528,.T.);
#8528=EDGE_LOOP('',(#11430));
#8529=FACE_OUTER_BOUND('',#8530,.T.);
#8530=EDGE_LOOP('',(#11431));
#8531=CONICAL_SURFACE('',#8532,0.445,0.785398163397448);
#8532=AXIS2_PLACEMENT_3D('',#8533,#8534,#8535);
#8533=CARTESIAN_POINT('',(27.94,-1.3164953090834E-017,0.215));
#8534=DIRECTION('',(-6.12323399573677E-017,-6.12323399573677E-017,1.));
#8535=DIRECTION('',(-1.,-1.22464679914735E-016,-6.12323399573677E-017));
#8536=FACE_OUTER_BOUND('',#8537,.T.);
#8537=EDGE_LOOP('',(#11432));
#8538=FACE_OUTER_BOUND('',#8539,.T.);
#8539=EDGE_LOOP('',(#11433));
#8540=CYLINDRICAL_SURFACE('',#8541,0.23);
#8541=AXIS2_PLACEMENT_3D('',#8542,#8543,#8544);
#8542=CARTESIAN_POINT('',(27.94,2.11863896252492E-016,-3.46));
#8543=DIRECTION('',(-6.12323399573677E-017,-6.12323399573677E-017,1.));
#8544=DIRECTION('',(-1.,-1.22464679914735E-016,-6.12323399573675E-017));
#8545=FACE_OUTER_BOUND('',#8546,.T.);
#8546=EDGE_LOOP('',(#11434));
#8547=SPHERICAL_SURFACE('',#8548,0.23);
#8548=AXIS2_PLACEMENT_3D('',#8549,#8550,#8551);
#8549=CARTESIAN_POINT('',(27.94,2.11863896252492E-016,-3.46));
#8550=DIRECTION('',(-6.12323399573677E-017,-6.12323399573677E-017,1.));
#8551=DIRECTION('',(-1.,-1.22464679914735E-016,-6.12323399573677E-017));
#8552=FACE_OUTER_BOUND('',#8553,.T.);
#8553=EDGE_LOOP('',(#11435));
#8554=SPHERICAL_SURFACE('',#8555,0.3);
#8555=AXIS2_PLACEMENT_3D('',#8556,#8557,#8558);
#8556=CARTESIAN_POINT('',(30.48,-4.71489017671731E-016,7.7));
#8557=DIRECTION('',(-6.12323399573677E-017,-6.12323399573677E-017,1.));
#8558=DIRECTION('',(-1.,-1.22464679914736E-016,-6.12323399573677E-017));
#8559=FACE_OUTER_BOUND('',#8560,.T.);
#8560=EDGE_LOOP('',(#11436));
#8561=FACE_OUTER_BOUND('',#8562,.T.);
#8562=EDGE_LOOP('',(#11437));
#8563=CYLINDRICAL_SURFACE('',#8564,0.3);
#8564=AXIS2_PLACEMENT_3D('',#8565,#8566,#8567);
#8565=CARTESIAN_POINT('',(30.48,-3.06161699786838E-016,5.));
#8566=DIRECTION('',(-6.12323399573677E-017,-6.12323399573677E-017,1.));
#8567=DIRECTION('',(-1.,-1.22464679914735E-016,-6.12323399573677E-017));
#8568=FACE_BOUND('',#8569,.T.);
#8569=EDGE_LOOP('',(#11438));
#8570=FACE_BOUND('',#8571,.T.);
#8571=EDGE_LOOP('',(#11439));
#8572=PLANE('',#8573);
#8573=AXIS2_PLACEMENT_3D('',#8574,#8575,#8576);
#8574=CARTESIAN_POINT('',(30.48,-3.06161699786838E-016,5.));
#8575=DIRECTION('',(-6.12323399573677E-017,-6.12323399573677E-017,1.));
#8576=DIRECTION('',(-1.,-1.22464679914735E-016,-6.12323399573677E-017));
#8577=FACE_OUTER_BOUND('',#8578,.T.);
#8578=EDGE_LOOP('',(#11440));
#8579=FACE_OUTER_BOUND('',#8580,.T.);
#8580=EDGE_LOOP('',(#11441));
#8581=CYLINDRICAL_SURFACE('',#8582,0.9);
#8582=AXIS2_PLACEMENT_3D('',#8583,#8584,#8585);
#8583=CARTESIAN_POINT('',(30.48,-2.44929359829471E-016,4.));
#8584=DIRECTION('',(-6.12323399573677E-017,-6.12323399573677E-017,1.));
#8585=DIRECTION('',(-1.,-1.22464679914735E-016,-6.12323399573677E-017));
#8586=FACE_BOUND('',#8587,.T.);
#8587=EDGE_LOOP('',(#11442));
#8588=FACE_BOUND('',#8589,.T.);
#8589=EDGE_LOOP('',(#11443));
#8590=PLANE('',#8591);
#8591=AXIS2_PLACEMENT_3D('',#8592,#8593,#8594);
#8592=CARTESIAN_POINT('',(30.48,-2.44929359829471E-016,4.));
#8593=DIRECTION('',(6.12323399573677E-017,6.12323399573677E-017,-1.));
#8594=DIRECTION('',(-1.,-1.22464679914735E-016,-6.12323399573677E-017));
#8595=FACE_OUTER_BOUND('',#8596,.T.);
#8596=EDGE_LOOP('',(#11444));
#8597=FACE_OUTER_BOUND('',#8598,.T.);
#8598=EDGE_LOOP('',(#11445));
#8599=CYLINDRICAL_SURFACE('',#8600,0.66);
#8600=AXIS2_PLACEMENT_3D('',#8601,#8602,#8603);
#8601=CARTESIAN_POINT('',(30.48,-2.63299061816681E-017,0.43));
#8602=DIRECTION('',(-6.12323399573677E-017,-6.12323399573677E-017,1.));
#8603=DIRECTION('',(-1.,-1.22464679914735E-016,-6.12323399573677E-017));
#8604=FACE_OUTER_BOUND('',#8605,.T.);
#8605=EDGE_LOOP('',(#11446));
#8606=FACE_OUTER_BOUND('',#8607,.T.);
#8607=EDGE_LOOP('',(#11447));
#8608=CONICAL_SURFACE('',#8609,0.445,0.785398163397448);
#8609=AXIS2_PLACEMENT_3D('',#8610,#8611,#8612);
#8610=CARTESIAN_POINT('',(30.48,-1.3164953090834E-017,0.215));
#8611=DIRECTION('',(-6.12323399573677E-017,-6.12323399573677E-017,1.));
#8612=DIRECTION('',(-1.,-1.22464679914735E-016,-6.12323399573677E-017));
#8613=FACE_OUTER_BOUND('',#8614,.T.);
#8614=EDGE_LOOP('',(#11448));
#8615=FACE_OUTER_BOUND('',#8616,.T.);
#8616=EDGE_LOOP('',(#11449));
#8617=CYLINDRICAL_SURFACE('',#8618,0.23);
#8618=AXIS2_PLACEMENT_3D('',#8619,#8620,#8621);
#8619=CARTESIAN_POINT('',(30.48,2.11863896252492E-016,-3.46));
#8620=DIRECTION('',(-6.12323399573677E-017,-6.12323399573677E-017,1.));
#8621=DIRECTION('',(-1.,-1.22464679914735E-016,-6.12323399573675E-017));
#8622=FACE_OUTER_BOUND('',#8623,.T.);
#8623=EDGE_LOOP('',(#11450));
#8624=SPHERICAL_SURFACE('',#8625,0.23);
#8625=AXIS2_PLACEMENT_3D('',#8626,#8627,#8628);
#8626=CARTESIAN_POINT('',(30.48,2.11863896252492E-016,-3.46));
#8627=DIRECTION('',(-6.12323399573677E-017,-6.12323399573677E-017,1.));
#8628=DIRECTION('',(-1.,-1.22464679914735E-016,-6.12323399573677E-017));
#8629=FACE_OUTER_BOUND('',#8630,.T.);
#8630=EDGE_LOOP('',(#11451));
#8631=SPHERICAL_SURFACE('',#8632,0.3);
#8632=AXIS2_PLACEMENT_3D('',#8633,#8634,#8635);
#8633=CARTESIAN_POINT('',(33.02,-4.71489017671731E-016,7.7));
#8634=DIRECTION('',(-6.12323399573677E-017,-6.12323399573677E-017,1.));
#8635=DIRECTION('',(-1.,-1.22464679914736E-016,-6.12323399573677E-017));
#8636=FACE_OUTER_BOUND('',#8637,.T.);
#8637=EDGE_LOOP('',(#11452));
#8638=FACE_OUTER_BOUND('',#8639,.T.);
#8639=EDGE_LOOP('',(#11453));
#8640=CYLINDRICAL_SURFACE('',#8641,0.3);
#8641=AXIS2_PLACEMENT_3D('',#8642,#8643,#8644);
#8642=CARTESIAN_POINT('',(33.02,-3.06161699786838E-016,5.));
#8643=DIRECTION('',(-6.12323399573677E-017,-6.12323399573677E-017,1.));
#8644=DIRECTION('',(-1.,-1.22464679914735E-016,-6.12323399573677E-017));
#8645=FACE_BOUND('',#8646,.T.);
#8646=EDGE_LOOP('',(#11454));
#8647=FACE_BOUND('',#8648,.T.);
#8648=EDGE_LOOP('',(#11455));
#8649=PLANE('',#8650);
#8650=AXIS2_PLACEMENT_3D('',#8651,#8652,#8653);
#8651=CARTESIAN_POINT('',(33.02,-3.06161699786838E-016,5.));
#8652=DIRECTION('',(-6.12323399573677E-017,-6.12323399573677E-017,1.));
#8653=DIRECTION('',(-1.,-1.22464679914735E-016,-6.12323399573677E-017));
#8654=FACE_OUTER_BOUND('',#8655,.T.);
#8655=EDGE_LOOP('',(#11456));
#8656=FACE_OUTER_BOUND('',#8657,.T.);
#8657=EDGE_LOOP('',(#11457));
#8658=CYLINDRICAL_SURFACE('',#8659,0.9);
#8659=AXIS2_PLACEMENT_3D('',#8660,#8661,#8662);
#8660=CARTESIAN_POINT('',(33.02,-2.44929359829471E-016,4.));
#8661=DIRECTION('',(-6.12323399573677E-017,-6.12323399573677E-017,1.));
#8662=DIRECTION('',(-1.,-1.22464679914735E-016,-6.12323399573677E-017));
#8663=FACE_BOUND('',#8664,.T.);
#8664=EDGE_LOOP('',(#11458));
#8665=FACE_BOUND('',#8666,.T.);
#8666=EDGE_LOOP('',(#11459));
#8667=PLANE('',#8668);
#8668=AXIS2_PLACEMENT_3D('',#8669,#8670,#8671);
#8669=CARTESIAN_POINT('',(33.02,-2.44929359829471E-016,4.));
#8670=DIRECTION('',(6.12323399573677E-017,6.12323399573677E-017,-1.));
#8671=DIRECTION('',(-1.,-1.22464679914735E-016,-6.12323399573677E-017));
#8672=FACE_OUTER_BOUND('',#8673,.T.);
#8673=EDGE_LOOP('',(#11460));
#8674=FACE_OUTER_BOUND('',#8675,.T.);
#8675=EDGE_LOOP('',(#11461));
#8676=CYLINDRICAL_SURFACE('',#8677,0.66);
#8677=AXIS2_PLACEMENT_3D('',#8678,#8679,#8680);
#8678=CARTESIAN_POINT('',(33.02,-2.63299061816681E-017,0.43));
#8679=DIRECTION('',(-6.12323399573677E-017,-6.12323399573677E-017,1.));
#8680=DIRECTION('',(-1.,-1.22464679914735E-016,-6.12323399573677E-017));
#8681=FACE_OUTER_BOUND('',#8682,.T.);
#8682=EDGE_LOOP('',(#11462));
#8683=FACE_OUTER_BOUND('',#8684,.T.);
#8684=EDGE_LOOP('',(#11463));
#8685=CONICAL_SURFACE('',#8686,0.445,0.785398163397448);
#8686=AXIS2_PLACEMENT_3D('',#8687,#8688,#8689);
#8687=CARTESIAN_POINT('',(33.02,-1.3164953090834E-017,0.215));
#8688=DIRECTION('',(-6.12323399573677E-017,-6.12323399573677E-017,1.));
#8689=DIRECTION('',(-1.,-1.22464679914735E-016,-6.12323399573677E-017));
#8690=FACE_OUTER_BOUND('',#8691,.T.);
#8691=EDGE_LOOP('',(#11464));
#8692=FACE_OUTER_BOUND('',#8693,.T.);
#8693=EDGE_LOOP('',(#11465));
#8694=CYLINDRICAL_SURFACE('',#8695,0.23);
#8695=AXIS2_PLACEMENT_3D('',#8696,#8697,#8698);
#8696=CARTESIAN_POINT('',(33.02,2.11863896252492E-016,-3.46));
#8697=DIRECTION('',(-6.12323399573677E-017,-6.12323399573677E-017,1.));
#8698=DIRECTION('',(-1.,-1.22464679914735E-016,-6.12323399573675E-017));
#8699=FACE_OUTER_BOUND('',#8700,.T.);
#8700=EDGE_LOOP('',(#11466));
#8701=SPHERICAL_SURFACE('',#8702,0.23);
#8702=AXIS2_PLACEMENT_3D('',#8703,#8704,#8705);
#8703=CARTESIAN_POINT('',(33.02,2.11863896252492E-016,-3.46));
#8704=DIRECTION('',(-6.12323399573677E-017,-6.12323399573677E-017,1.));
#8705=DIRECTION('',(-1.,-1.22464679914735E-016,-6.12323399573677E-017));
#8706=FACE_OUTER_BOUND('',#8707,.T.);
#8707=EDGE_LOOP('',(#11467));
#8708=SPHERICAL_SURFACE('',#8709,0.3);
#8709=AXIS2_PLACEMENT_3D('',#8710,#8711,#8712);
#8710=CARTESIAN_POINT('',(35.56,-4.71489017671731E-016,7.7));
#8711=DIRECTION('',(-6.12323399573677E-017,-6.12323399573677E-017,1.));
#8712=DIRECTION('',(-1.,-1.22464679914736E-016,-6.12323399573677E-017));
#8713=FACE_OUTER_BOUND('',#8714,.T.);
#8714=EDGE_LOOP('',(#11468));
#8715=FACE_OUTER_BOUND('',#8716,.T.);
#8716=EDGE_LOOP('',(#11469));
#8717=CYLINDRICAL_SURFACE('',#8718,0.3);
#8718=AXIS2_PLACEMENT_3D('',#8719,#8720,#8721);
#8719=CARTESIAN_POINT('',(35.56,-3.06161699786838E-016,5.));
#8720=DIRECTION('',(-6.12323399573677E-017,-6.12323399573677E-017,1.));
#8721=DIRECTION('',(-1.,-1.22464679914735E-016,-6.12323399573677E-017));
#8722=FACE_BOUND('',#8723,.T.);
#8723=EDGE_LOOP('',(#11470));
#8724=FACE_BOUND('',#8725,.T.);
#8725=EDGE_LOOP('',(#11471));
#8726=PLANE('',#8727);
#8727=AXIS2_PLACEMENT_3D('',#8728,#8729,#8730);
#8728=CARTESIAN_POINT('',(35.56,-3.06161699786838E-016,5.));
#8729=DIRECTION('',(-6.12323399573677E-017,-6.12323399573677E-017,1.));
#8730=DIRECTION('',(-1.,-1.22464679914735E-016,-6.12323399573677E-017));
#8731=FACE_OUTER_BOUND('',#8732,.T.);
#8732=EDGE_LOOP('',(#11472));
#8733=FACE_OUTER_BOUND('',#8734,.T.);
#8734=EDGE_LOOP('',(#11473));
#8735=CYLINDRICAL_SURFACE('',#8736,0.9);
#8736=AXIS2_PLACEMENT_3D('',#8737,#8738,#8739);
#8737=CARTESIAN_POINT('',(35.56,-2.44929359829471E-016,4.));
#8738=DIRECTION('',(-6.12323399573677E-017,-6.12323399573677E-017,1.));
#8739=DIRECTION('',(-1.,-1.22464679914735E-016,-6.12323399573677E-017));
#8740=FACE_BOUND('',#8741,.T.);
#8741=EDGE_LOOP('',(#11474));
#8742=FACE_BOUND('',#8743,.T.);
#8743=EDGE_LOOP('',(#11475));
#8744=PLANE('',#8745);
#8745=AXIS2_PLACEMENT_3D('',#8746,#8747,#8748);
#8746=CARTESIAN_POINT('',(35.56,-2.44929359829471E-016,4.));
#8747=DIRECTION('',(6.12323399573677E-017,6.12323399573677E-017,-1.));
#8748=DIRECTION('',(-1.,-1.22464679914735E-016,-6.12323399573677E-017));
#8749=FACE_OUTER_BOUND('',#8750,.T.);
#8750=EDGE_LOOP('',(#11476));
#8751=FACE_OUTER_BOUND('',#8752,.T.);
#8752=EDGE_LOOP('',(#11477));
#8753=CYLINDRICAL_SURFACE('',#8754,0.66);
#8754=AXIS2_PLACEMENT_3D('',#8755,#8756,#8757);
#8755=CARTESIAN_POINT('',(35.56,-2.63299061816681E-017,0.43));
#8756=DIRECTION('',(-6.12323399573677E-017,-6.12323399573677E-017,1.));
#8757=DIRECTION('',(-1.,-1.22464679914735E-016,-6.12323399573677E-017));
#8758=FACE_OUTER_BOUND('',#8759,.T.);
#8759=EDGE_LOOP('',(#11478));
#8760=FACE_OUTER_BOUND('',#8761,.T.);
#8761=EDGE_LOOP('',(#11479));
#8762=CONICAL_SURFACE('',#8763,0.445,0.785398163397448);
#8763=AXIS2_PLACEMENT_3D('',#8764,#8765,#8766);
#8764=CARTESIAN_POINT('',(35.56,-1.3164953090834E-017,0.215));
#8765=DIRECTION('',(-6.12323399573677E-017,-6.12323399573677E-017,1.));
#8766=DIRECTION('',(-1.,-1.22464679914735E-016,-6.12323399573677E-017));
#8767=FACE_OUTER_BOUND('',#8768,.T.);
#8768=EDGE_LOOP('',(#11480));
#8769=FACE_OUTER_BOUND('',#8770,.T.);
#8770=EDGE_LOOP('',(#11481));
#8771=CYLINDRICAL_SURFACE('',#8772,0.23);
#8772=AXIS2_PLACEMENT_3D('',#8773,#8774,#8775);
#8773=CARTESIAN_POINT('',(35.56,2.11863896252492E-016,-3.46));
#8774=DIRECTION('',(-6.12323399573677E-017,-6.12323399573677E-017,1.));
#8775=DIRECTION('',(-1.,-1.22464679914735E-016,-6.12323399573675E-017));
#8776=FACE_OUTER_BOUND('',#8777,.T.);
#8777=EDGE_LOOP('',(#11482));
#8778=SPHERICAL_SURFACE('',#8779,0.23);
#8779=AXIS2_PLACEMENT_3D('',#8780,#8781,#8782);
#8780=CARTESIAN_POINT('',(35.56,2.11863896252492E-016,-3.46));
#8781=DIRECTION('',(-6.12323399573677E-017,-6.12323399573677E-017,1.));
#8782=DIRECTION('',(-1.,-1.22464679914735E-016,-6.12323399573677E-017));
#8783=FACE_OUTER_BOUND('',#8784,.T.);
#8784=EDGE_LOOP('',(#11483));
#8785=SPHERICAL_SURFACE('',#8786,0.3);
#8786=AXIS2_PLACEMENT_3D('',#8787,#8788,#8789);
#8787=CARTESIAN_POINT('',(38.1,-4.71489017671731E-016,7.7));
#8788=DIRECTION('',(-6.12323399573677E-017,-6.12323399573677E-017,1.));
#8789=DIRECTION('',(-1.,-1.22464679914736E-016,-6.12323399573677E-017));
#8790=FACE_OUTER_BOUND('',#8791,.T.);
#8791=EDGE_LOOP('',(#11484));
#8792=FACE_OUTER_BOUND('',#8793,.T.);
#8793=EDGE_LOOP('',(#11485));
#8794=CYLINDRICAL_SURFACE('',#8795,0.3);
#8795=AXIS2_PLACEMENT_3D('',#8796,#8797,#8798);
#8796=CARTESIAN_POINT('',(38.1,-3.06161699786838E-016,5.));
#8797=DIRECTION('',(-6.12323399573677E-017,-6.12323399573677E-017,1.));
#8798=DIRECTION('',(-1.,-1.22464679914735E-016,-6.12323399573677E-017));
#8799=FACE_BOUND('',#8800,.T.);
#8800=EDGE_LOOP('',(#11486));
#8801=FACE_BOUND('',#8802,.T.);
#8802=EDGE_LOOP('',(#11487));
#8803=PLANE('',#8804);
#8804=AXIS2_PLACEMENT_3D('',#8805,#8806,#8807);
#8805=CARTESIAN_POINT('',(38.1,-3.06161699786838E-016,5.));
#8806=DIRECTION('',(-6.12323399573677E-017,-6.12323399573677E-017,1.));
#8807=DIRECTION('',(-1.,-1.22464679914735E-016,-6.12323399573677E-017));
#8808=FACE_OUTER_BOUND('',#8809,.T.);
#8809=EDGE_LOOP('',(#11488));
#8810=FACE_OUTER_BOUND('',#8811,.T.);
#8811=EDGE_LOOP('',(#11489));
#8812=CYLINDRICAL_SURFACE('',#8813,0.9);
#8813=AXIS2_PLACEMENT_3D('',#8814,#8815,#8816);
#8814=CARTESIAN_POINT('',(38.1,-2.44929359829471E-016,4.));
#8815=DIRECTION('',(-6.12323399573677E-017,-6.12323399573677E-017,1.));
#8816=DIRECTION('',(-1.,-1.22464679914735E-016,-6.12323399573677E-017));
#8817=FACE_BOUND('',#8818,.T.);
#8818=EDGE_LOOP('',(#11490));
#8819=FACE_BOUND('',#8820,.T.);
#8820=EDGE_LOOP('',(#11491));
#8821=PLANE('',#8822);
#8822=AXIS2_PLACEMENT_3D('',#8823,#8824,#8825);
#8823=CARTESIAN_POINT('',(38.1,-2.44929359829471E-016,4.));
#8824=DIRECTION('',(6.12323399573677E-017,6.12323399573677E-017,-1.));
#8825=DIRECTION('',(-1.,-1.22464679914735E-016,-6.12323399573677E-017));
#8826=FACE_OUTER_BOUND('',#8827,.T.);
#8827=EDGE_LOOP('',(#11492));
#8828=FACE_OUTER_BOUND('',#8829,.T.);
#8829=EDGE_LOOP('',(#11493));
#8830=CYLINDRICAL_SURFACE('',#8831,0.66);
#8831=AXIS2_PLACEMENT_3D('',#8832,#8833,#8834);
#8832=CARTESIAN_POINT('',(38.1,-2.63299061816681E-017,0.43));
#8833=DIRECTION('',(-6.12323399573677E-017,-6.12323399573677E-017,1.));
#8834=DIRECTION('',(-1.,-1.22464679914735E-016,-6.12323399573677E-017));
#8835=FACE_OUTER_BOUND('',#8836,.T.);
#8836=EDGE_LOOP('',(#11494));
#8837=FACE_OUTER_BOUND('',#8838,.T.);
#8838=EDGE_LOOP('',(#11495));
#8839=CONICAL_SURFACE('',#8840,0.445,0.785398163397448);
#8840=AXIS2_PLACEMENT_3D('',#8841,#8842,#8843);
#8841=CARTESIAN_POINT('',(38.1,-1.3164953090834E-017,0.215));
#8842=DIRECTION('',(-6.12323399573677E-017,-6.12323399573677E-017,1.));
#8843=DIRECTION('',(-1.,-1.22464679914735E-016,-6.12323399573677E-017));
#8844=FACE_OUTER_BOUND('',#8845,.T.);
#8845=EDGE_LOOP('',(#11496));
#8846=FACE_OUTER_BOUND('',#8847,.T.);
#8847=EDGE_LOOP('',(#11497));
#8848=CYLINDRICAL_SURFACE('',#8849,0.23);
#8849=AXIS2_PLACEMENT_3D('',#8850,#8851,#8852);
#8850=CARTESIAN_POINT('',(38.1,2.11863896252492E-016,-3.46));
#8851=DIRECTION('',(-6.12323399573677E-017,-6.12323399573677E-017,1.));
#8852=DIRECTION('',(-1.,-1.22464679914735E-016,-6.12323399573675E-017));
#8853=FACE_OUTER_BOUND('',#8854,.T.);
#8854=EDGE_LOOP('',(#11498));
#8855=SPHERICAL_SURFACE('',#8856,0.23);
#8856=AXIS2_PLACEMENT_3D('',#8857,#8858,#8859);
#8857=CARTESIAN_POINT('',(38.1,2.11863896252492E-016,-3.46));
#8858=DIRECTION('',(-6.12323399573677E-017,-6.12323399573677E-017,1.));
#8859=DIRECTION('',(-1.,-1.22464679914735E-016,-6.12323399573677E-017));
#8860=FACE_OUTER_BOUND('',#8861,.T.);
#8861=EDGE_LOOP('',(#11499));
#8862=SPHERICAL_SURFACE('',#8863,0.3);
#8863=AXIS2_PLACEMENT_3D('',#8864,#8865,#8866);
#8864=CARTESIAN_POINT('',(40.64,-4.71489017671731E-016,7.7));
#8865=DIRECTION('',(-6.12323399573677E-017,-6.12323399573677E-017,1.));
#8866=DIRECTION('',(-1.,-1.22464679914736E-016,-6.12323399573677E-017));
#8867=FACE_OUTER_BOUND('',#8868,.T.);
#8868=EDGE_LOOP('',(#11500));
#8869=FACE_OUTER_BOUND('',#8870,.T.);
#8870=EDGE_LOOP('',(#11501));
#8871=CYLINDRICAL_SURFACE('',#8872,0.3);
#8872=AXIS2_PLACEMENT_3D('',#8873,#8874,#8875);
#8873=CARTESIAN_POINT('',(40.64,-3.06161699786838E-016,5.));
#8874=DIRECTION('',(-6.12323399573677E-017,-6.12323399573677E-017,1.));
#8875=DIRECTION('',(-1.,-1.22464679914735E-016,-6.12323399573677E-017));
#8876=FACE_BOUND('',#8877,.T.);
#8877=EDGE_LOOP('',(#11502));
#8878=FACE_BOUND('',#8879,.T.);
#8879=EDGE_LOOP('',(#11503));
#8880=PLANE('',#8881);
#8881=AXIS2_PLACEMENT_3D('',#8882,#8883,#8884);
#8882=CARTESIAN_POINT('',(40.64,-3.06161699786838E-016,5.));
#8883=DIRECTION('',(-6.12323399573677E-017,-6.12323399573677E-017,1.));
#8884=DIRECTION('',(-1.,-1.22464679914735E-016,-6.12323399573677E-017));
#8885=FACE_OUTER_BOUND('',#8886,.T.);
#8886=EDGE_LOOP('',(#11504));
#8887=FACE_OUTER_BOUND('',#8888,.T.);
#8888=EDGE_LOOP('',(#11505));
#8889=CYLINDRICAL_SURFACE('',#8890,0.9);
#8890=AXIS2_PLACEMENT_3D('',#8891,#8892,#8893);
#8891=CARTESIAN_POINT('',(40.64,-2.44929359829471E-016,4.));
#8892=DIRECTION('',(-6.12323399573677E-017,-6.12323399573677E-017,1.));
#8893=DIRECTION('',(-1.,-1.22464679914735E-016,-6.12323399573677E-017));
#8894=FACE_BOUND('',#8895,.T.);
#8895=EDGE_LOOP('',(#11506));
#8896=FACE_BOUND('',#8897,.T.);
#8897=EDGE_LOOP('',(#11507));
#8898=PLANE('',#8899);
#8899=AXIS2_PLACEMENT_3D('',#8900,#8901,#8902);
#8900=CARTESIAN_POINT('',(40.64,-2.44929359829471E-016,4.));
#8901=DIRECTION('',(6.12323399573677E-017,6.12323399573677E-017,-1.));
#8902=DIRECTION('',(-1.,-1.22464679914735E-016,-6.12323399573677E-017));
#8903=FACE_OUTER_BOUND('',#8904,.T.);
#8904=EDGE_LOOP('',(#11508));
#8905=FACE_OUTER_BOUND('',#8906,.T.);
#8906=EDGE_LOOP('',(#11509));
#8907=CYLINDRICAL_SURFACE('',#8908,0.66);
#8908=AXIS2_PLACEMENT_3D('',#8909,#8910,#8911);
#8909=CARTESIAN_POINT('',(40.64,-2.63299061816681E-017,0.43));
#8910=DIRECTION('',(-6.12323399573677E-017,-6.12323399573677E-017,1.));
#8911=DIRECTION('',(-1.,-1.22464679914735E-016,-6.12323399573677E-017));
#8912=FACE_OUTER_BOUND('',#8913,.T.);
#8913=EDGE_LOOP('',(#11510));
#8914=FACE_OUTER_BOUND('',#8915,.T.);
#8915=EDGE_LOOP('',(#11511));
#8916=CONICAL_SURFACE('',#8917,0.445,0.785398163397448);
#8917=AXIS2_PLACEMENT_3D('',#8918,#8919,#8920);
#8918=CARTESIAN_POINT('',(40.64,-1.3164953090834E-017,0.215));
#8919=DIRECTION('',(-6.12323399573677E-017,-6.12323399573677E-017,1.));
#8920=DIRECTION('',(-1.,-1.22464679914735E-016,-6.12323399573677E-017));
#8921=FACE_OUTER_BOUND('',#8922,.T.);
#8922=EDGE_LOOP('',(#11512));
#8923=FACE_OUTER_BOUND('',#8924,.T.);
#8924=EDGE_LOOP('',(#11513));
#8925=CYLINDRICAL_SURFACE('',#8926,0.23);
#8926=AXIS2_PLACEMENT_3D('',#8927,#8928,#8929);
#8927=CARTESIAN_POINT('',(40.64,2.11863896252492E-016,-3.46));
#8928=DIRECTION('',(-6.12323399573677E-017,-6.12323399573677E-017,1.));
#8929=DIRECTION('',(-1.,-1.22464679914735E-016,-6.12323399573675E-017));
#8930=FACE_OUTER_BOUND('',#8931,.T.);
#8931=EDGE_LOOP('',(#11514));
#8932=SPHERICAL_SURFACE('',#8933,0.23);
#8933=AXIS2_PLACEMENT_3D('',#8934,#8935,#8936);
#8934=CARTESIAN_POINT('',(40.64,2.11863896252492E-016,-3.46));
#8935=DIRECTION('',(-6.12323399573677E-017,-6.12323399573677E-017,1.));
#8936=DIRECTION('',(-1.,-1.22464679914735E-016,-6.12323399573677E-017));
#8937=FACE_OUTER_BOUND('',#8938,.T.);
#8938=EDGE_LOOP('',(#11515));
#8939=SPHERICAL_SURFACE('',#8940,0.3);
#8940=AXIS2_PLACEMENT_3D('',#8941,#8942,#8943);
#8941=CARTESIAN_POINT('',(43.18,-4.71489017671731E-016,7.7));
#8942=DIRECTION('',(-6.12323399573677E-017,-6.12323399573677E-017,1.));
#8943=DIRECTION('',(-1.,-1.22464679914736E-016,-6.12323399573677E-017));
#8944=FACE_OUTER_BOUND('',#8945,.T.);
#8945=EDGE_LOOP('',(#11516));
#8946=FACE_OUTER_BOUND('',#8947,.T.);
#8947=EDGE_LOOP('',(#11517));
#8948=CYLINDRICAL_SURFACE('',#8949,0.3);
#8949=AXIS2_PLACEMENT_3D('',#8950,#8951,#8952);
#8950=CARTESIAN_POINT('',(43.18,-3.06161699786838E-016,5.));
#8951=DIRECTION('',(-6.12323399573677E-017,-6.12323399573677E-017,1.));
#8952=DIRECTION('',(-1.,-1.22464679914735E-016,-6.12323399573677E-017));
#8953=FACE_BOUND('',#8954,.T.);
#8954=EDGE_LOOP('',(#11518));
#8955=FACE_BOUND('',#8956,.T.);
#8956=EDGE_LOOP('',(#11519));
#8957=PLANE('',#8958);
#8958=AXIS2_PLACEMENT_3D('',#8959,#8960,#8961);
#8959=CARTESIAN_POINT('',(43.18,-3.06161699786838E-016,5.));
#8960=DIRECTION('',(-6.12323399573677E-017,-6.12323399573677E-017,1.));
#8961=DIRECTION('',(-1.,-1.22464679914735E-016,-6.12323399573677E-017));
#8962=FACE_OUTER_BOUND('',#8963,.T.);
#8963=EDGE_LOOP('',(#11520));
#8964=FACE_OUTER_BOUND('',#8965,.T.);
#8965=EDGE_LOOP('',(#11521));
#8966=CYLINDRICAL_SURFACE('',#8967,0.9);
#8967=AXIS2_PLACEMENT_3D('',#8968,#8969,#8970);
#8968=CARTESIAN_POINT('',(43.18,-2.44929359829471E-016,4.));
#8969=DIRECTION('',(-6.12323399573677E-017,-6.12323399573677E-017,1.));
#8970=DIRECTION('',(-1.,-1.22464679914735E-016,-6.12323399573677E-017));
#8971=FACE_BOUND('',#8972,.T.);
#8972=EDGE_LOOP('',(#11522));
#8973=FACE_BOUND('',#8974,.T.);
#8974=EDGE_LOOP('',(#11523));
#8975=PLANE('',#8976);
#8976=AXIS2_PLACEMENT_3D('',#8977,#8978,#8979);
#8977=CARTESIAN_POINT('',(43.18,-2.44929359829471E-016,4.));
#8978=DIRECTION('',(6.12323399573677E-017,6.12323399573677E-017,-1.));
#8979=DIRECTION('',(-1.,-1.22464679914735E-016,-6.12323399573677E-017));
#8980=FACE_OUTER_BOUND('',#8981,.T.);
#8981=EDGE_LOOP('',(#11524));
#8982=FACE_OUTER_BOUND('',#8983,.T.);
#8983=EDGE_LOOP('',(#11525));
#8984=CYLINDRICAL_SURFACE('',#8985,0.66);
#8985=AXIS2_PLACEMENT_3D('',#8986,#8987,#8988);
#8986=CARTESIAN_POINT('',(43.18,-2.63299061816681E-017,0.43));
#8987=DIRECTION('',(-6.12323399573677E-017,-6.12323399573677E-017,1.));
#8988=DIRECTION('',(-1.,-1.22464679914735E-016,-6.12323399573677E-017));
#8989=FACE_OUTER_BOUND('',#8990,.T.);
#8990=EDGE_LOOP('',(#11526));
#8991=FACE_OUTER_BOUND('',#8992,.T.);
#8992=EDGE_LOOP('',(#11527));
#8993=CONICAL_SURFACE('',#8994,0.445,0.785398163397448);
#8994=AXIS2_PLACEMENT_3D('',#8995,#8996,#8997);
#8995=CARTESIAN_POINT('',(43.18,-1.3164953090834E-017,0.215));
#8996=DIRECTION('',(-6.12323399573677E-017,-6.12323399573677E-017,1.));
#8997=DIRECTION('',(-1.,-1.22464679914735E-016,-6.12323399573677E-017));
#8998=FACE_OUTER_BOUND('',#8999,.T.);
#8999=EDGE_LOOP('',(#11528));
#9000=FACE_OUTER_BOUND('',#9001,.T.);
#9001=EDGE_LOOP('',(#11529));
#9002=CYLINDRICAL_SURFACE('',#9003,0.23);
#9003=AXIS2_PLACEMENT_3D('',#9004,#9005,#9006);
#9004=CARTESIAN_POINT('',(43.18,2.11863896252492E-016,-3.46));
#9005=DIRECTION('',(-6.12323399573677E-017,-6.12323399573677E-017,1.));
#9006=DIRECTION('',(-1.,-1.22464679914735E-016,-6.12323399573675E-017));
#9007=FACE_OUTER_BOUND('',#9008,.T.);
#9008=EDGE_LOOP('',(#11530));
#9009=SPHERICAL_SURFACE('',#9010,0.23);
#9010=AXIS2_PLACEMENT_3D('',#9011,#9012,#9013);
#9011=CARTESIAN_POINT('',(43.18,2.11863896252492E-016,-3.46));
#9012=DIRECTION('',(-6.12323399573677E-017,-6.12323399573677E-017,1.));
#9013=DIRECTION('',(-1.,-1.22464679914735E-016,-6.12323399573677E-017));
#9014=FACE_OUTER_BOUND('',#9015,.T.);
#9015=EDGE_LOOP('',(#11531));
#9016=SPHERICAL_SURFACE('',#9017,0.3);
#9017=AXIS2_PLACEMENT_3D('',#9018,#9019,#9020);
#9018=CARTESIAN_POINT('',(45.72,-4.71489017671731E-016,7.7));
#9019=DIRECTION('',(-6.12323399573677E-017,-6.12323399573677E-017,1.));
#9020=DIRECTION('',(-1.,-1.22464679914736E-016,-6.12323399573677E-017));
#9021=FACE_OUTER_BOUND('',#9022,.T.);
#9022=EDGE_LOOP('',(#11532));
#9023=FACE_OUTER_BOUND('',#9024,.T.);
#9024=EDGE_LOOP('',(#11533));
#9025=CYLINDRICAL_SURFACE('',#9026,0.3);
#9026=AXIS2_PLACEMENT_3D('',#9027,#9028,#9029);
#9027=CARTESIAN_POINT('',(45.72,-3.06161699786838E-016,5.));
#9028=DIRECTION('',(-6.12323399573677E-017,-6.12323399573677E-017,1.));
#9029=DIRECTION('',(-1.,-1.22464679914735E-016,-6.12323399573677E-017));
#9030=FACE_BOUND('',#9031,.T.);
#9031=EDGE_LOOP('',(#11534));
#9032=FACE_BOUND('',#9033,.T.);
#9033=EDGE_LOOP('',(#11535));
#9034=PLANE('',#9035);
#9035=AXIS2_PLACEMENT_3D('',#9036,#9037,#9038);
#9036=CARTESIAN_POINT('',(45.72,-3.06161699786838E-016,5.));
#9037=DIRECTION('',(-6.12323399573677E-017,-6.12323399573677E-017,1.));
#9038=DIRECTION('',(-1.,-1.22464679914735E-016,-6.12323399573677E-017));
#9039=FACE_OUTER_BOUND('',#9040,.T.);
#9040=EDGE_LOOP('',(#11536));
#9041=FACE_OUTER_BOUND('',#9042,.T.);
#9042=EDGE_LOOP('',(#11537));
#9043=CYLINDRICAL_SURFACE('',#9044,0.9);
#9044=AXIS2_PLACEMENT_3D('',#9045,#9046,#9047);
#9045=CARTESIAN_POINT('',(45.72,-2.44929359829471E-016,4.));
#9046=DIRECTION('',(-6.12323399573677E-017,-6.12323399573677E-017,1.));
#9047=DIRECTION('',(-1.,-1.22464679914735E-016,-6.12323399573677E-017));
#9048=FACE_BOUND('',#9049,.T.);
#9049=EDGE_LOOP('',(#11538));
#9050=FACE_BOUND('',#9051,.T.);
#9051=EDGE_LOOP('',(#11539));
#9052=PLANE('',#9053);
#9053=AXIS2_PLACEMENT_3D('',#9054,#9055,#9056);
#9054=CARTESIAN_POINT('',(45.72,-2.44929359829471E-016,4.));
#9055=DIRECTION('',(6.12323399573677E-017,6.12323399573677E-017,-1.));
#9056=DIRECTION('',(-1.,-1.22464679914735E-016,-6.12323399573677E-017));
#9057=FACE_OUTER_BOUND('',#9058,.T.);
#9058=EDGE_LOOP('',(#11540));
#9059=FACE_OUTER_BOUND('',#9060,.T.);
#9060=EDGE_LOOP('',(#11541));
#9061=CYLINDRICAL_SURFACE('',#9062,0.66);
#9062=AXIS2_PLACEMENT_3D('',#9063,#9064,#9065);
#9063=CARTESIAN_POINT('',(45.72,-2.63299061816681E-017,0.43));
#9064=DIRECTION('',(-6.12323399573677E-017,-6.12323399573677E-017,1.));
#9065=DIRECTION('',(-1.,-1.22464679914735E-016,-6.12323399573677E-017));
#9066=FACE_OUTER_BOUND('',#9067,.T.);
#9067=EDGE_LOOP('',(#11542));
#9068=FACE_OUTER_BOUND('',#9069,.T.);
#9069=EDGE_LOOP('',(#11543));
#9070=CONICAL_SURFACE('',#9071,0.445,0.785398163397448);
#9071=AXIS2_PLACEMENT_3D('',#9072,#9073,#9074);
#9072=CARTESIAN_POINT('',(45.72,-1.3164953090834E-017,0.215));
#9073=DIRECTION('',(-6.12323399573677E-017,-6.12323399573677E-017,1.));
#9074=DIRECTION('',(-1.,-1.22464679914735E-016,-6.12323399573677E-017));
#9075=FACE_OUTER_BOUND('',#9076,.T.);
#9076=EDGE_LOOP('',(#11544));
#9077=FACE_OUTER_BOUND('',#9078,.T.);
#9078=EDGE_LOOP('',(#11545));
#9079=CYLINDRICAL_SURFACE('',#9080,0.23);
#9080=AXIS2_PLACEMENT_3D('',#9081,#9082,#9083);
#9081=CARTESIAN_POINT('',(45.72,2.11863896252492E-016,-3.46));
#9082=DIRECTION('',(-6.12323399573677E-017,-6.12323399573677E-017,1.));
#9083=DIRECTION('',(-1.,-1.22464679914735E-016,-6.12323399573675E-017));
#9084=FACE_OUTER_BOUND('',#9085,.T.);
#9085=EDGE_LOOP('',(#11546));
#9086=SPHERICAL_SURFACE('',#9087,0.23);
#9087=AXIS2_PLACEMENT_3D('',#9088,#9089,#9090);
#9088=CARTESIAN_POINT('',(45.72,2.11863896252492E-016,-3.46));
#9089=DIRECTION('',(-6.12323399573677E-017,-6.12323399573677E-017,1.));
#9090=DIRECTION('',(-1.,-1.22464679914735E-016,-6.12323399573677E-017));
#9091=FACE_OUTER_BOUND('',#9092,.T.);
#9092=EDGE_LOOP('',(#11547));
#9093=SPHERICAL_SURFACE('',#9094,0.3);
#9094=AXIS2_PLACEMENT_3D('',#9095,#9096,#9097);
#9095=CARTESIAN_POINT('',(48.26,-4.71489017671731E-016,7.7));
#9096=DIRECTION('',(-6.12323399573677E-017,-6.12323399573677E-017,1.));
#9097=DIRECTION('',(-1.,-1.22464679914736E-016,-6.12323399573677E-017));
#9098=FACE_OUTER_BOUND('',#9099,.T.);
#9099=EDGE_LOOP('',(#11548));
#9100=FACE_OUTER_BOUND('',#9101,.T.);
#9101=EDGE_LOOP('',(#11549));
#9102=CYLINDRICAL_SURFACE('',#9103,0.3);
#9103=AXIS2_PLACEMENT_3D('',#9104,#9105,#9106);
#9104=CARTESIAN_POINT('',(48.26,-3.06161699786838E-016,5.));
#9105=DIRECTION('',(-6.12323399573677E-017,-6.12323399573677E-017,1.));
#9106=DIRECTION('',(-1.,-1.22464679914735E-016,-6.12323399573677E-017));
#9107=FACE_BOUND('',#9108,.T.);
#9108=EDGE_LOOP('',(#11550));
#9109=FACE_BOUND('',#9110,.T.);
#9110=EDGE_LOOP('',(#11551));
#9111=PLANE('',#9112);
#9112=AXIS2_PLACEMENT_3D('',#9113,#9114,#9115);
#9113=CARTESIAN_POINT('',(48.26,-3.06161699786838E-016,5.));
#9114=DIRECTION('',(-6.12323399573677E-017,-6.12323399573677E-017,1.));
#9115=DIRECTION('',(-1.,-1.22464679914735E-016,-6.12323399573677E-017));
#9116=FACE_OUTER_BOUND('',#9117,.T.);
#9117=EDGE_LOOP('',(#11552));
#9118=FACE_OUTER_BOUND('',#9119,.T.);
#9119=EDGE_LOOP('',(#11553));
#9120=CYLINDRICAL_SURFACE('',#9121,0.9);
#9121=AXIS2_PLACEMENT_3D('',#9122,#9123,#9124);
#9122=CARTESIAN_POINT('',(48.26,-2.44929359829471E-016,4.));
#9123=DIRECTION('',(-6.12323399573677E-017,-6.12323399573677E-017,1.));
#9124=DIRECTION('',(-1.,-1.22464679914735E-016,-6.12323399573677E-017));
#9125=FACE_BOUND('',#9126,.T.);
#9126=EDGE_LOOP('',(#11554));
#9127=FACE_BOUND('',#9128,.T.);
#9128=EDGE_LOOP('',(#11555));
#9129=PLANE('',#9130);
#9130=AXIS2_PLACEMENT_3D('',#9131,#9132,#9133);
#9131=CARTESIAN_POINT('',(48.26,-2.44929359829471E-016,4.));
#9132=DIRECTION('',(6.12323399573677E-017,6.12323399573677E-017,-1.));
#9133=DIRECTION('',(-1.,-1.22464679914735E-016,-6.12323399573677E-017));
#9134=FACE_OUTER_BOUND('',#9135,.T.);
#9135=EDGE_LOOP('',(#11556));
#9136=FACE_OUTER_BOUND('',#9137,.T.);
#9137=EDGE_LOOP('',(#11557));
#9138=CYLINDRICAL_SURFACE('',#9139,0.66);
#9139=AXIS2_PLACEMENT_3D('',#9140,#9141,#9142);
#9140=CARTESIAN_POINT('',(48.26,-2.63299061816681E-017,0.43));
#9141=DIRECTION('',(-6.12323399573677E-017,-6.12323399573677E-017,1.));
#9142=DIRECTION('',(-1.,-1.22464679914735E-016,-6.12323399573677E-017));
#9143=FACE_OUTER_BOUND('',#9144,.T.);
#9144=EDGE_LOOP('',(#11558));
#9145=FACE_OUTER_BOUND('',#9146,.T.);
#9146=EDGE_LOOP('',(#11559));
#9147=CONICAL_SURFACE('',#9148,0.445,0.785398163397448);
#9148=AXIS2_PLACEMENT_3D('',#9149,#9150,#9151);
#9149=CARTESIAN_POINT('',(48.26,-1.3164953090834E-017,0.215));
#9150=DIRECTION('',(-6.12323399573677E-017,-6.12323399573677E-017,1.));
#9151=DIRECTION('',(-1.,-1.22464679914735E-016,-6.12323399573677E-017));
#9152=FACE_OUTER_BOUND('',#9153,.T.);
#9153=EDGE_LOOP('',(#11560));
#9154=FACE_OUTER_BOUND('',#9155,.T.);
#9155=EDGE_LOOP('',(#11561));
#9156=CYLINDRICAL_SURFACE('',#9157,0.23);
#9157=AXIS2_PLACEMENT_3D('',#9158,#9159,#9160);
#9158=CARTESIAN_POINT('',(48.26,2.11863896252492E-016,-3.46));
#9159=DIRECTION('',(-6.12323399573677E-017,-6.12323399573677E-017,1.));
#9160=DIRECTION('',(-1.,-1.22464679914735E-016,-6.12323399573675E-017));
#9161=FACE_OUTER_BOUND('',#9162,.T.);
#9162=EDGE_LOOP('',(#11562));
#9163=SPHERICAL_SURFACE('',#9164,0.23);
#9164=AXIS2_PLACEMENT_3D('',#9165,#9166,#9167);
#9165=CARTESIAN_POINT('',(48.26,2.11863896252492E-016,-3.46));
#9166=DIRECTION('',(-6.12323399573677E-017,-6.12323399573677E-017,1.));
#9167=DIRECTION('',(-1.,-1.22464679914735E-016,-6.12323399573677E-017));
#9168=FACE_OUTER_BOUND('',#9169,.T.);
#9169=EDGE_LOOP('',(#11563));
#9170=SPHERICAL_SURFACE('',#9171,0.3);
#9171=AXIS2_PLACEMENT_3D('',#9172,#9173,#9174);
#9172=CARTESIAN_POINT('',(50.8,-4.71489017671731E-016,7.7));
#9173=DIRECTION('',(-6.12323399573677E-017,-6.12323399573677E-017,1.));
#9174=DIRECTION('',(-1.,-1.22464679914736E-016,-6.12323399573677E-017));
#9175=FACE_OUTER_BOUND('',#9176,.T.);
#9176=EDGE_LOOP('',(#11564));
#9177=FACE_OUTER_BOUND('',#9178,.T.);
#9178=EDGE_LOOP('',(#11565));
#9179=CYLINDRICAL_SURFACE('',#9180,0.3);
#9180=AXIS2_PLACEMENT_3D('',#9181,#9182,#9183);
#9181=CARTESIAN_POINT('',(50.8,-3.06161699786838E-016,5.));
#9182=DIRECTION('',(-6.12323399573677E-017,-6.12323399573677E-017,1.));
#9183=DIRECTION('',(-1.,-1.22464679914735E-016,-6.12323399573677E-017));
#9184=FACE_BOUND('',#9185,.T.);
#9185=EDGE_LOOP('',(#11566));
#9186=FACE_BOUND('',#9187,.T.);
#9187=EDGE_LOOP('',(#11567));
#9188=PLANE('',#9189);
#9189=AXIS2_PLACEMENT_3D('',#9190,#9191,#9192);
#9190=CARTESIAN_POINT('',(50.8,-3.06161699786838E-016,5.));
#9191=DIRECTION('',(-6.12323399573677E-017,-6.12323399573677E-017,1.));
#9192=DIRECTION('',(-1.,-1.22464679914735E-016,-6.12323399573677E-017));
#9193=FACE_OUTER_BOUND('',#9194,.T.);
#9194=EDGE_LOOP('',(#11568));
#9195=FACE_OUTER_BOUND('',#9196,.T.);
#9196=EDGE_LOOP('',(#11569));
#9197=CYLINDRICAL_SURFACE('',#9198,0.9);
#9198=AXIS2_PLACEMENT_3D('',#9199,#9200,#9201);
#9199=CARTESIAN_POINT('',(50.8,-2.44929359829471E-016,4.));
#9200=DIRECTION('',(-6.12323399573677E-017,-6.12323399573677E-017,1.));
#9201=DIRECTION('',(-1.,-1.22464679914735E-016,-6.12323399573677E-017));
#9202=FACE_BOUND('',#9203,.T.);
#9203=EDGE_LOOP('',(#11570));
#9204=FACE_BOUND('',#9205,.T.);
#9205=EDGE_LOOP('',(#11571));
#9206=PLANE('',#9207);
#9207=AXIS2_PLACEMENT_3D('',#9208,#9209,#9210);
#9208=CARTESIAN_POINT('',(50.8,-2.44929359829471E-016,4.));
#9209=DIRECTION('',(6.12323399573677E-017,6.12323399573677E-017,-1.));
#9210=DIRECTION('',(-1.,-1.22464679914735E-016,-6.12323399573677E-017));
#9211=FACE_OUTER_BOUND('',#9212,.T.);
#9212=EDGE_LOOP('',(#11572));
#9213=FACE_OUTER_BOUND('',#9214,.T.);
#9214=EDGE_LOOP('',(#11573));
#9215=CYLINDRICAL_SURFACE('',#9216,0.66);
#9216=AXIS2_PLACEMENT_3D('',#9217,#9218,#9219);
#9217=CARTESIAN_POINT('',(50.8,-2.63299061816681E-017,0.43));
#9218=DIRECTION('',(-6.12323399573677E-017,-6.12323399573677E-017,1.));
#9219=DIRECTION('',(-1.,-1.22464679914735E-016,-6.12323399573677E-017));
#9220=FACE_OUTER_BOUND('',#9221,.T.);
#9221=EDGE_LOOP('',(#11574));
#9222=FACE_OUTER_BOUND('',#9223,.T.);
#9223=EDGE_LOOP('',(#11575));
#9224=CONICAL_SURFACE('',#9225,0.445,0.785398163397448);
#9225=AXIS2_PLACEMENT_3D('',#9226,#9227,#9228);
#9226=CARTESIAN_POINT('',(50.8,-1.3164953090834E-017,0.215));
#9227=DIRECTION('',(-6.12323399573677E-017,-6.12323399573677E-017,1.));
#9228=DIRECTION('',(-1.,-1.22464679914735E-016,-6.12323399573677E-017));
#9229=FACE_OUTER_BOUND('',#9230,.T.);
#9230=EDGE_LOOP('',(#11576));
#9231=FACE_OUTER_BOUND('',#9232,.T.);
#9232=EDGE_LOOP('',(#11577));
#9233=CYLINDRICAL_SURFACE('',#9234,0.23);
#9234=AXIS2_PLACEMENT_3D('',#9235,#9236,#9237);
#9235=CARTESIAN_POINT('',(50.8,2.11863896252492E-016,-3.46));
#9236=DIRECTION('',(-6.12323399573677E-017,-6.12323399573677E-017,1.));
#9237=DIRECTION('',(-1.,-1.22464679914735E-016,-6.12323399573675E-017));
#9238=FACE_OUTER_BOUND('',#9239,.T.);
#9239=EDGE_LOOP('',(#11578));
#9240=SPHERICAL_SURFACE('',#9241,0.23);
#9241=AXIS2_PLACEMENT_3D('',#9242,#9243,#9244);
#9242=CARTESIAN_POINT('',(50.8,2.11863896252492E-016,-3.46));
#9243=DIRECTION('',(-6.12323399573677E-017,-6.12323399573677E-017,1.));
#9244=DIRECTION('',(-1.,-1.22464679914735E-016,-6.12323399573677E-017));
#9245=FACE_OUTER_BOUND('',#9246,.T.);
#9246=EDGE_LOOP('',(#11579));
#9247=SPHERICAL_SURFACE('',#9248,0.3);
#9248=AXIS2_PLACEMENT_3D('',#9249,#9250,#9251);
#9249=CARTESIAN_POINT('',(53.34,-4.71489017671731E-016,7.7));
#9250=DIRECTION('',(-6.12323399573677E-017,-6.12323399573677E-017,1.));
#9251=DIRECTION('',(-1.,-1.22464679914736E-016,-6.12323399573677E-017));
#9252=FACE_OUTER_BOUND('',#9253,.T.);
#9253=EDGE_LOOP('',(#11580));
#9254=FACE_OUTER_BOUND('',#9255,.T.);
#9255=EDGE_LOOP('',(#11581));
#9256=CYLINDRICAL_SURFACE('',#9257,0.3);
#9257=AXIS2_PLACEMENT_3D('',#9258,#9259,#9260);
#9258=CARTESIAN_POINT('',(53.34,-3.06161699786838E-016,5.));
#9259=DIRECTION('',(-6.12323399573677E-017,-6.12323399573677E-017,1.));
#9260=DIRECTION('',(-1.,-1.22464679914735E-016,-6.12323399573677E-017));
#9261=FACE_BOUND('',#9262,.T.);
#9262=EDGE_LOOP('',(#11582));
#9263=FACE_BOUND('',#9264,.T.);
#9264=EDGE_LOOP('',(#11583));
#9265=PLANE('',#9266);
#9266=AXIS2_PLACEMENT_3D('',#9267,#9268,#9269);
#9267=CARTESIAN_POINT('',(53.34,-3.06161699786838E-016,5.));
#9268=DIRECTION('',(-6.12323399573677E-017,-6.12323399573677E-017,1.));
#9269=DIRECTION('',(-1.,-1.22464679914735E-016,-6.12323399573677E-017));
#9270=FACE_OUTER_BOUND('',#9271,.T.);
#9271=EDGE_LOOP('',(#11584));
#9272=FACE_OUTER_BOUND('',#9273,.T.);
#9273=EDGE_LOOP('',(#11585));
#9274=CYLINDRICAL_SURFACE('',#9275,0.9);
#9275=AXIS2_PLACEMENT_3D('',#9276,#9277,#9278);
#9276=CARTESIAN_POINT('',(53.34,-2.44929359829471E-016,4.));
#9277=DIRECTION('',(-6.12323399573677E-017,-6.12323399573677E-017,1.));
#9278=DIRECTION('',(-1.,-1.22464679914735E-016,-6.12323399573677E-017));
#9279=FACE_BOUND('',#9280,.T.);
#9280=EDGE_LOOP('',(#11586));
#9281=FACE_BOUND('',#9282,.T.);
#9282=EDGE_LOOP('',(#11587));
#9283=PLANE('',#9284);
#9284=AXIS2_PLACEMENT_3D('',#9285,#9286,#9287);
#9285=CARTESIAN_POINT('',(53.34,-2.44929359829471E-016,4.));
#9286=DIRECTION('',(6.12323399573677E-017,6.12323399573677E-017,-1.));
#9287=DIRECTION('',(-1.,-1.22464679914735E-016,-6.12323399573677E-017));
#9288=FACE_OUTER_BOUND('',#9289,.T.);
#9289=EDGE_LOOP('',(#11588));
#9290=FACE_OUTER_BOUND('',#9291,.T.);
#9291=EDGE_LOOP('',(#11589));
#9292=CYLINDRICAL_SURFACE('',#9293,0.66);
#9293=AXIS2_PLACEMENT_3D('',#9294,#9295,#9296);
#9294=CARTESIAN_POINT('',(53.34,-2.63299061816681E-017,0.43));
#9295=DIRECTION('',(-6.12323399573677E-017,-6.12323399573677E-017,1.));
#9296=DIRECTION('',(-1.,-1.22464679914735E-016,-6.12323399573677E-017));
#9297=FACE_OUTER_BOUND('',#9298,.T.);
#9298=EDGE_LOOP('',(#11590));
#9299=FACE_OUTER_BOUND('',#9300,.T.);
#9300=EDGE_LOOP('',(#11591));
#9301=CONICAL_SURFACE('',#9302,0.445,0.785398163397448);
#9302=AXIS2_PLACEMENT_3D('',#9303,#9304,#9305);
#9303=CARTESIAN_POINT('',(53.34,-1.3164953090834E-017,0.215));
#9304=DIRECTION('',(-6.12323399573677E-017,-6.12323399573677E-017,1.));
#9305=DIRECTION('',(-1.,-1.22464679914735E-016,-6.12323399573677E-017));
#9306=FACE_OUTER_BOUND('',#9307,.T.);
#9307=EDGE_LOOP('',(#11592));
#9308=FACE_OUTER_BOUND('',#9309,.T.);
#9309=EDGE_LOOP('',(#11593));
#9310=CYLINDRICAL_SURFACE('',#9311,0.23);
#9311=AXIS2_PLACEMENT_3D('',#9312,#9313,#9314);
#9312=CARTESIAN_POINT('',(53.34,2.11863896252492E-016,-3.46));
#9313=DIRECTION('',(-6.12323399573677E-017,-6.12323399573677E-017,1.));
#9314=DIRECTION('',(-1.,-1.22464679914735E-016,-6.12323399573675E-017));
#9315=FACE_OUTER_BOUND('',#9316,.T.);
#9316=EDGE_LOOP('',(#11594));
#9317=SPHERICAL_SURFACE('',#9318,0.23);
#9318=AXIS2_PLACEMENT_3D('',#9319,#9320,#9321);
#9319=CARTESIAN_POINT('',(53.34,2.11863896252492E-016,-3.46));
#9320=DIRECTION('',(-6.12323399573677E-017,-6.12323399573677E-017,1.));
#9321=DIRECTION('',(-1.,-1.22464679914735E-016,-6.12323399573677E-017));
#9322=FACE_OUTER_BOUND('',#9323,.T.);
#9323=EDGE_LOOP('',(#11595));
#9324=SPHERICAL_SURFACE('',#9325,0.3);
#9325=AXIS2_PLACEMENT_3D('',#9326,#9327,#9328);
#9326=CARTESIAN_POINT('',(55.88,-4.71489017671731E-016,7.7));
#9327=DIRECTION('',(-6.12323399573677E-017,-6.12323399573677E-017,1.));
#9328=DIRECTION('',(-1.,-1.22464679914736E-016,-6.12323399573677E-017));
#9329=FACE_OUTER_BOUND('',#9330,.T.);
#9330=EDGE_LOOP('',(#11596));
#9331=FACE_OUTER_BOUND('',#9332,.T.);
#9332=EDGE_LOOP('',(#11597));
#9333=CYLINDRICAL_SURFACE('',#9334,0.3);
#9334=AXIS2_PLACEMENT_3D('',#9335,#9336,#9337);
#9335=CARTESIAN_POINT('',(55.88,-3.06161699786838E-016,5.));
#9336=DIRECTION('',(-6.12323399573677E-017,-6.12323399573677E-017,1.));
#9337=DIRECTION('',(-1.,-1.22464679914735E-016,-6.12323399573677E-017));
#9338=FACE_BOUND('',#9339,.T.);
#9339=EDGE_LOOP('',(#11598));
#9340=FACE_BOUND('',#9341,.T.);
#9341=EDGE_LOOP('',(#11599));
#9342=PLANE('',#9343);
#9343=AXIS2_PLACEMENT_3D('',#9344,#9345,#9346);
#9344=CARTESIAN_POINT('',(55.88,-3.06161699786838E-016,5.));
#9345=DIRECTION('',(-6.12323399573677E-017,-6.12323399573677E-017,1.));
#9346=DIRECTION('',(-1.,-1.22464679914735E-016,-6.12323399573677E-017));
#9347=FACE_OUTER_BOUND('',#9348,.T.);
#9348=EDGE_LOOP('',(#11600));
#9349=FACE_OUTER_BOUND('',#9350,.T.);
#9350=EDGE_LOOP('',(#11601));
#9351=CYLINDRICAL_SURFACE('',#9352,0.9);
#9352=AXIS2_PLACEMENT_3D('',#9353,#9354,#9355);
#9353=CARTESIAN_POINT('',(55.88,-2.44929359829471E-016,4.));
#9354=DIRECTION('',(-6.12323399573677E-017,-6.12323399573677E-017,1.));
#9355=DIRECTION('',(-1.,-1.22464679914735E-016,-6.12323399573677E-017));
#9356=FACE_BOUND('',#9357,.T.);
#9357=EDGE_LOOP('',(#11602));
#9358=FACE_BOUND('',#9359,.T.);
#9359=EDGE_LOOP('',(#11603));
#9360=PLANE('',#9361);
#9361=AXIS2_PLACEMENT_3D('',#9362,#9363,#9364);
#9362=CARTESIAN_POINT('',(55.88,-2.44929359829471E-016,4.));
#9363=DIRECTION('',(6.12323399573677E-017,6.12323399573677E-017,-1.));
#9364=DIRECTION('',(-1.,-1.22464679914735E-016,-6.12323399573677E-017));
#9365=FACE_OUTER_BOUND('',#9366,.T.);
#9366=EDGE_LOOP('',(#11604));
#9367=FACE_OUTER_BOUND('',#9368,.T.);
#9368=EDGE_LOOP('',(#11605));
#9369=CYLINDRICAL_SURFACE('',#9370,0.66);
#9370=AXIS2_PLACEMENT_3D('',#9371,#9372,#9373);
#9371=CARTESIAN_POINT('',(55.88,-2.63299061816681E-017,0.43));
#9372=DIRECTION('',(-6.12323399573677E-017,-6.12323399573677E-017,1.));
#9373=DIRECTION('',(-1.,-1.22464679914735E-016,-6.12323399573677E-017));
#9374=FACE_OUTER_BOUND('',#9375,.T.);
#9375=EDGE_LOOP('',(#11606));
#9376=FACE_OUTER_BOUND('',#9377,.T.);
#9377=EDGE_LOOP('',(#11607));
#9378=CONICAL_SURFACE('',#9379,0.445,0.785398163397448);
#9379=AXIS2_PLACEMENT_3D('',#9380,#9381,#9382);
#9380=CARTESIAN_POINT('',(55.88,-1.3164953090834E-017,0.215));
#9381=DIRECTION('',(-6.12323399573677E-017,-6.12323399573677E-017,1.));
#9382=DIRECTION('',(-1.,-1.22464679914735E-016,-6.12323399573677E-017));
#9383=FACE_OUTER_BOUND('',#9384,.T.);
#9384=EDGE_LOOP('',(#11608));
#9385=FACE_OUTER_BOUND('',#9386,.T.);
#9386=EDGE_LOOP('',(#11609));
#9387=CYLINDRICAL_SURFACE('',#9388,0.23);
#9388=AXIS2_PLACEMENT_3D('',#9389,#9390,#9391);
#9389=CARTESIAN_POINT('',(55.88,2.11863896252492E-016,-3.46));
#9390=DIRECTION('',(-6.12323399573677E-017,-6.12323399573677E-017,1.));
#9391=DIRECTION('',(-1.,-1.22464679914735E-016,-6.12323399573675E-017));
#9392=FACE_OUTER_BOUND('',#9393,.T.);
#9393=EDGE_LOOP('',(#11610));
#9394=SPHERICAL_SURFACE('',#9395,0.23);
#9395=AXIS2_PLACEMENT_3D('',#9396,#9397,#9398);
#9396=CARTESIAN_POINT('',(55.88,2.11863896252492E-016,-3.46));
#9397=DIRECTION('',(-6.12323399573677E-017,-6.12323399573677E-017,1.));
#9398=DIRECTION('',(-1.,-1.22464679914735E-016,-6.12323399573677E-017));
#9399=FACE_OUTER_BOUND('',#9400,.T.);
#9400=EDGE_LOOP('',(#11611));
#9401=SPHERICAL_SURFACE('',#9402,0.3);
#9402=AXIS2_PLACEMENT_3D('',#9403,#9404,#9405);
#9403=CARTESIAN_POINT('',(58.42,-4.71489017671731E-016,7.7));
#9404=DIRECTION('',(-6.12323399573677E-017,-6.12323399573677E-017,1.));
#9405=DIRECTION('',(-1.,-1.22464679914736E-016,-6.12323399573677E-017));
#9406=FACE_OUTER_BOUND('',#9407,.T.);
#9407=EDGE_LOOP('',(#11612));
#9408=FACE_OUTER_BOUND('',#9409,.T.);
#9409=EDGE_LOOP('',(#11613));
#9410=CYLINDRICAL_SURFACE('',#9411,0.3);
#9411=AXIS2_PLACEMENT_3D('',#9412,#9413,#9414);
#9412=CARTESIAN_POINT('',(58.42,-3.06161699786838E-016,5.));
#9413=DIRECTION('',(-6.12323399573677E-017,-6.12323399573677E-017,1.));
#9414=DIRECTION('',(-1.,-1.22464679914735E-016,-6.12323399573677E-017));
#9415=FACE_BOUND('',#9416,.T.);
#9416=EDGE_LOOP('',(#11614));
#9417=FACE_BOUND('',#9418,.T.);
#9418=EDGE_LOOP('',(#11615));
#9419=PLANE('',#9420);
#9420=AXIS2_PLACEMENT_3D('',#9421,#9422,#9423);
#9421=CARTESIAN_POINT('',(58.42,-3.06161699786838E-016,5.));
#9422=DIRECTION('',(-6.12323399573677E-017,-6.12323399573677E-017,1.));
#9423=DIRECTION('',(-1.,-1.22464679914735E-016,-6.12323399573677E-017));
#9424=FACE_OUTER_BOUND('',#9425,.T.);
#9425=EDGE_LOOP('',(#11616));
#9426=FACE_OUTER_BOUND('',#9427,.T.);
#9427=EDGE_LOOP('',(#11617));
#9428=CYLINDRICAL_SURFACE('',#9429,0.9);
#9429=AXIS2_PLACEMENT_3D('',#9430,#9431,#9432);
#9430=CARTESIAN_POINT('',(58.42,-2.44929359829471E-016,4.));
#9431=DIRECTION('',(-6.12323399573677E-017,-6.12323399573677E-017,1.));
#9432=DIRECTION('',(-1.,-1.22464679914735E-016,-6.12323399573677E-017));
#9433=FACE_BOUND('',#9434,.T.);
#9434=EDGE_LOOP('',(#11618));
#9435=FACE_BOUND('',#9436,.T.);
#9436=EDGE_LOOP('',(#11619));
#9437=PLANE('',#9438);
#9438=AXIS2_PLACEMENT_3D('',#9439,#9440,#9441);
#9439=CARTESIAN_POINT('',(58.42,-2.44929359829471E-016,4.));
#9440=DIRECTION('',(6.12323399573677E-017,6.12323399573677E-017,-1.));
#9441=DIRECTION('',(-1.,-1.22464679914735E-016,-6.12323399573677E-017));
#9442=FACE_OUTER_BOUND('',#9443,.T.);
#9443=EDGE_LOOP('',(#11620));
#9444=FACE_OUTER_BOUND('',#9445,.T.);
#9445=EDGE_LOOP('',(#11621));
#9446=CYLINDRICAL_SURFACE('',#9447,0.66);
#9447=AXIS2_PLACEMENT_3D('',#9448,#9449,#9450);
#9448=CARTESIAN_POINT('',(58.42,-2.63299061816681E-017,0.43));
#9449=DIRECTION('',(-6.12323399573677E-017,-6.12323399573677E-017,1.));
#9450=DIRECTION('',(-1.,-1.22464679914735E-016,-6.12323399573677E-017));
#9451=FACE_OUTER_BOUND('',#9452,.T.);
#9452=EDGE_LOOP('',(#11622));
#9453=FACE_OUTER_BOUND('',#9454,.T.);
#9454=EDGE_LOOP('',(#11623));
#9455=CONICAL_SURFACE('',#9456,0.445,0.785398163397448);
#9456=AXIS2_PLACEMENT_3D('',#9457,#9458,#9459);
#9457=CARTESIAN_POINT('',(58.42,-1.3164953090834E-017,0.215));
#9458=DIRECTION('',(-6.12323399573677E-017,-6.12323399573677E-017,1.));
#9459=DIRECTION('',(-1.,-1.22464679914735E-016,-6.12323399573677E-017));
#9460=FACE_OUTER_BOUND('',#9461,.T.);
#9461=EDGE_LOOP('',(#11624));
#9462=FACE_OUTER_BOUND('',#9463,.T.);
#9463=EDGE_LOOP('',(#11625));
#9464=CYLINDRICAL_SURFACE('',#9465,0.23);
#9465=AXIS2_PLACEMENT_3D('',#9466,#9467,#9468);
#9466=CARTESIAN_POINT('',(58.42,2.11863896252492E-016,-3.46));
#9467=DIRECTION('',(-6.12323399573677E-017,-6.12323399573677E-017,1.));
#9468=DIRECTION('',(-1.,-1.22464679914735E-016,-6.12323399573675E-017));
#9469=FACE_OUTER_BOUND('',#9470,.T.);
#9470=EDGE_LOOP('',(#11626));
#9471=SPHERICAL_SURFACE('',#9472,0.23);
#9472=AXIS2_PLACEMENT_3D('',#9473,#9474,#9475);
#9473=CARTESIAN_POINT('',(58.42,2.11863896252492E-016,-3.46));
#9474=DIRECTION('',(-6.12323399573677E-017,-6.12323399573677E-017,1.));
#9475=DIRECTION('',(-1.,-1.22464679914735E-016,-6.12323399573677E-017));
#9476=FACE_OUTER_BOUND('',#9477,.T.);
#9477=EDGE_LOOP('',(#11627));
#9478=SPHERICAL_SURFACE('',#9479,0.3);
#9479=AXIS2_PLACEMENT_3D('',#9480,#9481,#9482);
#9480=CARTESIAN_POINT('',(60.96,-4.71489017671731E-016,7.7));
#9481=DIRECTION('',(-6.12323399573677E-017,-6.12323399573677E-017,1.));
#9482=DIRECTION('',(-1.,-1.22464679914736E-016,-6.12323399573677E-017));
#9483=FACE_OUTER_BOUND('',#9484,.T.);
#9484=EDGE_LOOP('',(#11628));
#9485=FACE_OUTER_BOUND('',#9486,.T.);
#9486=EDGE_LOOP('',(#11629));
#9487=CYLINDRICAL_SURFACE('',#9488,0.3);
#9488=AXIS2_PLACEMENT_3D('',#9489,#9490,#9491);
#9489=CARTESIAN_POINT('',(60.96,-3.06161699786838E-016,5.));
#9490=DIRECTION('',(-6.12323399573677E-017,-6.12323399573677E-017,1.));
#9491=DIRECTION('',(-1.,-1.22464679914735E-016,-6.12323399573677E-017));
#9492=FACE_BOUND('',#9493,.T.);
#9493=EDGE_LOOP('',(#11630));
#9494=FACE_BOUND('',#9495,.T.);
#9495=EDGE_LOOP('',(#11631));
#9496=PLANE('',#9497);
#9497=AXIS2_PLACEMENT_3D('',#9498,#9499,#9500);
#9498=CARTESIAN_POINT('',(60.96,-3.06161699786838E-016,5.));
#9499=DIRECTION('',(-6.12323399573677E-017,-6.12323399573677E-017,1.));
#9500=DIRECTION('',(-1.,-1.22464679914735E-016,-6.12323399573677E-017));
#9501=FACE_OUTER_BOUND('',#9502,.T.);
#9502=EDGE_LOOP('',(#11632));
#9503=FACE_OUTER_BOUND('',#9504,.T.);
#9504=EDGE_LOOP('',(#11633));
#9505=CYLINDRICAL_SURFACE('',#9506,0.9);
#9506=AXIS2_PLACEMENT_3D('',#9507,#9508,#9509);
#9507=CARTESIAN_POINT('',(60.96,-2.44929359829471E-016,4.));
#9508=DIRECTION('',(-6.12323399573677E-017,-6.12323399573677E-017,1.));
#9509=DIRECTION('',(-1.,-1.22464679914735E-016,-6.12323399573677E-017));
#9510=FACE_BOUND('',#9511,.T.);
#9511=EDGE_LOOP('',(#11634));
#9512=FACE_BOUND('',#9513,.T.);
#9513=EDGE_LOOP('',(#11635));
#9514=PLANE('',#9515);
#9515=AXIS2_PLACEMENT_3D('',#9516,#9517,#9518);
#9516=CARTESIAN_POINT('',(60.96,-2.44929359829471E-016,4.));
#9517=DIRECTION('',(6.12323399573677E-017,6.12323399573677E-017,-1.));
#9518=DIRECTION('',(-1.,-1.22464679914735E-016,-6.12323399573677E-017));
#9519=FACE_OUTER_BOUND('',#9520,.T.);
#9520=EDGE_LOOP('',(#11636));
#9521=FACE_OUTER_BOUND('',#9522,.T.);
#9522=EDGE_LOOP('',(#11637));
#9523=CYLINDRICAL_SURFACE('',#9524,0.66);
#9524=AXIS2_PLACEMENT_3D('',#9525,#9526,#9527);
#9525=CARTESIAN_POINT('',(60.96,-2.63299061816681E-017,0.43));
#9526=DIRECTION('',(-6.12323399573677E-017,-6.12323399573677E-017,1.));
#9527=DIRECTION('',(-1.,-1.22464679914735E-016,-6.12323399573677E-017));
#9528=FACE_OUTER_BOUND('',#9529,.T.);
#9529=EDGE_LOOP('',(#11638));
#9530=FACE_OUTER_BOUND('',#9531,.T.);
#9531=EDGE_LOOP('',(#11639));
#9532=CONICAL_SURFACE('',#9533,0.445,0.785398163397448);
#9533=AXIS2_PLACEMENT_3D('',#9534,#9535,#9536);
#9534=CARTESIAN_POINT('',(60.96,-1.3164953090834E-017,0.215));
#9535=DIRECTION('',(-6.12323399573677E-017,-6.12323399573677E-017,1.));
#9536=DIRECTION('',(-1.,-1.22464679914735E-016,-6.12323399573677E-017));
#9537=FACE_OUTER_BOUND('',#9538,.T.);
#9538=EDGE_LOOP('',(#11640));
#9539=FACE_OUTER_BOUND('',#9540,.T.);
#9540=EDGE_LOOP('',(#11641));
#9541=CYLINDRICAL_SURFACE('',#9542,0.23);
#9542=AXIS2_PLACEMENT_3D('',#9543,#9544,#9545);
#9543=CARTESIAN_POINT('',(60.96,2.11863896252492E-016,-3.46));
#9544=DIRECTION('',(-6.12323399573677E-017,-6.12323399573677E-017,1.));
#9545=DIRECTION('',(-1.,-1.22464679914735E-016,-6.12323399573675E-017));
#9546=FACE_OUTER_BOUND('',#9547,.T.);
#9547=EDGE_LOOP('',(#11642));
#9548=SPHERICAL_SURFACE('',#9549,0.23);
#9549=AXIS2_PLACEMENT_3D('',#9550,#9551,#9552);
#9550=CARTESIAN_POINT('',(60.96,2.11863896252492E-016,-3.46));
#9551=DIRECTION('',(-6.12323399573677E-017,-6.12323399573677E-017,1.));
#9552=DIRECTION('',(-1.,-1.22464679914735E-016,-6.12323399573677E-017));
#9553=FACE_OUTER_BOUND('',#9554,.T.);
#9554=EDGE_LOOP('',(#11643));
#9555=SPHERICAL_SURFACE('',#9556,0.3);
#9556=AXIS2_PLACEMENT_3D('',#9557,#9558,#9559);
#9557=CARTESIAN_POINT('',(63.5,-4.71489017671731E-016,7.7));
#9558=DIRECTION('',(-6.12323399573677E-017,-6.12323399573677E-017,1.));
#9559=DIRECTION('',(-1.,-1.22464679914736E-016,-6.12323399573677E-017));
#9560=FACE_OUTER_BOUND('',#9561,.T.);
#9561=EDGE_LOOP('',(#11644));
#9562=FACE_OUTER_BOUND('',#9563,.T.);
#9563=EDGE_LOOP('',(#11645));
#9564=CYLINDRICAL_SURFACE('',#9565,0.3);
#9565=AXIS2_PLACEMENT_3D('',#9566,#9567,#9568);
#9566=CARTESIAN_POINT('',(63.5,-3.06161699786838E-016,5.));
#9567=DIRECTION('',(-6.12323399573677E-017,-6.12323399573677E-017,1.));
#9568=DIRECTION('',(-1.,-1.22464679914735E-016,-6.12323399573677E-017));
#9569=FACE_BOUND('',#9570,.T.);
#9570=EDGE_LOOP('',(#11646));
#9571=FACE_BOUND('',#9572,.T.);
#9572=EDGE_LOOP('',(#11647));
#9573=PLANE('',#9574);
#9574=AXIS2_PLACEMENT_3D('',#9575,#9576,#9577);
#9575=CARTESIAN_POINT('',(63.5,-3.06161699786838E-016,5.));
#9576=DIRECTION('',(-6.12323399573677E-017,-6.12323399573677E-017,1.));
#9577=DIRECTION('',(-1.,-1.22464679914735E-016,-6.12323399573677E-017));
#9578=FACE_OUTER_BOUND('',#9579,.T.);
#9579=EDGE_LOOP('',(#11648));
#9580=FACE_OUTER_BOUND('',#9581,.T.);
#9581=EDGE_LOOP('',(#11649));
#9582=CYLINDRICAL_SURFACE('',#9583,0.9);
#9583=AXIS2_PLACEMENT_3D('',#9584,#9585,#9586);
#9584=CARTESIAN_POINT('',(63.5,-2.44929359829471E-016,4.));
#9585=DIRECTION('',(-6.12323399573677E-017,-6.12323399573677E-017,1.));
#9586=DIRECTION('',(-1.,-1.22464679914735E-016,-6.12323399573677E-017));
#9587=FACE_BOUND('',#9588,.T.);
#9588=EDGE_LOOP('',(#11650));
#9589=FACE_BOUND('',#9590,.T.);
#9590=EDGE_LOOP('',(#11651));
#9591=PLANE('',#9592);
#9592=AXIS2_PLACEMENT_3D('',#9593,#9594,#9595);
#9593=CARTESIAN_POINT('',(63.5,-2.44929359829471E-016,4.));
#9594=DIRECTION('',(6.12323399573677E-017,6.12323399573677E-017,-1.));
#9595=DIRECTION('',(-1.,-1.22464679914735E-016,-6.12323399573677E-017));
#9596=FACE_OUTER_BOUND('',#9597,.T.);
#9597=EDGE_LOOP('',(#11652));
#9598=FACE_OUTER_BOUND('',#9599,.T.);
#9599=EDGE_LOOP('',(#11653));
#9600=CYLINDRICAL_SURFACE('',#9601,0.66);
#9601=AXIS2_PLACEMENT_3D('',#9602,#9603,#9604);
#9602=CARTESIAN_POINT('',(63.5,-2.63299061816681E-017,0.43));
#9603=DIRECTION('',(-6.12323399573677E-017,-6.12323399573677E-017,1.));
#9604=DIRECTION('',(-1.,-1.22464679914735E-016,-6.12323399573677E-017));
#9605=FACE_OUTER_BOUND('',#9606,.T.);
#9606=EDGE_LOOP('',(#11654));
#9607=FACE_OUTER_BOUND('',#9608,.T.);
#9608=EDGE_LOOP('',(#11655));
#9609=CONICAL_SURFACE('',#9610,0.445,0.785398163397448);
#9610=AXIS2_PLACEMENT_3D('',#9611,#9612,#9613);
#9611=CARTESIAN_POINT('',(63.5,-1.3164953090834E-017,0.215));
#9612=DIRECTION('',(-6.12323399573677E-017,-6.12323399573677E-017,1.));
#9613=DIRECTION('',(-1.,-1.22464679914735E-016,-6.12323399573677E-017));
#9614=FACE_OUTER_BOUND('',#9615,.T.);
#9615=EDGE_LOOP('',(#11656));
#9616=FACE_OUTER_BOUND('',#9617,.T.);
#9617=EDGE_LOOP('',(#11657));
#9618=CYLINDRICAL_SURFACE('',#9619,0.23);
#9619=AXIS2_PLACEMENT_3D('',#9620,#9621,#9622);
#9620=CARTESIAN_POINT('',(63.5,2.11863896252492E-016,-3.46));
#9621=DIRECTION('',(-6.12323399573677E-017,-6.12323399573677E-017,1.));
#9622=DIRECTION('',(-1.,-1.22464679914735E-016,-6.12323399573675E-017));
#9623=FACE_OUTER_BOUND('',#9624,.T.);
#9624=EDGE_LOOP('',(#11658));
#9625=SPHERICAL_SURFACE('',#9626,0.23);
#9626=AXIS2_PLACEMENT_3D('',#9627,#9628,#9629);
#9627=CARTESIAN_POINT('',(63.5,2.11863896252492E-016,-3.46));
#9628=DIRECTION('',(-6.12323399573677E-017,-6.12323399573677E-017,1.));
#9629=DIRECTION('',(-1.,-1.22464679914735E-016,-6.12323399573677E-017));
#9630=FACE_OUTER_BOUND('',#9631,.T.);
#9631=EDGE_LOOP('',(#11659));
#9632=SPHERICAL_SURFACE('',#9633,0.3);
#9633=AXIS2_PLACEMENT_3D('',#9634,#9635,#9636);
#9634=CARTESIAN_POINT('',(66.04,-4.71489017671731E-016,7.7));
#9635=DIRECTION('',(-6.12323399573677E-017,-6.12323399573677E-017,1.));
#9636=DIRECTION('',(-1.,-1.22464679914736E-016,-6.12323399573677E-017));
#9637=FACE_OUTER_BOUND('',#9638,.T.);
#9638=EDGE_LOOP('',(#11660));
#9639=FACE_OUTER_BOUND('',#9640,.T.);
#9640=EDGE_LOOP('',(#11661));
#9641=CYLINDRICAL_SURFACE('',#9642,0.3);
#9642=AXIS2_PLACEMENT_3D('',#9643,#9644,#9645);
#9643=CARTESIAN_POINT('',(66.04,-3.06161699786838E-016,5.));
#9644=DIRECTION('',(-6.12323399573677E-017,-6.12323399573677E-017,1.));
#9645=DIRECTION('',(-1.,-1.22464679914735E-016,-6.12323399573677E-017));
#9646=FACE_BOUND('',#9647,.T.);
#9647=EDGE_LOOP('',(#11662));
#9648=FACE_BOUND('',#9649,.T.);
#9649=EDGE_LOOP('',(#11663));
#9650=PLANE('',#9651);
#9651=AXIS2_PLACEMENT_3D('',#9652,#9653,#9654);
#9652=CARTESIAN_POINT('',(66.04,-3.06161699786838E-016,5.));
#9653=DIRECTION('',(-6.12323399573677E-017,-6.12323399573677E-017,1.));
#9654=DIRECTION('',(-1.,-1.22464679914735E-016,-6.12323399573677E-017));
#9655=FACE_OUTER_BOUND('',#9656,.T.);
#9656=EDGE_LOOP('',(#11664));
#9657=FACE_OUTER_BOUND('',#9658,.T.);
#9658=EDGE_LOOP('',(#11665));
#9659=CYLINDRICAL_SURFACE('',#9660,0.9);
#9660=AXIS2_PLACEMENT_3D('',#9661,#9662,#9663);
#9661=CARTESIAN_POINT('',(66.04,-2.44929359829471E-016,4.));
#9662=DIRECTION('',(-6.12323399573677E-017,-6.12323399573677E-017,1.));
#9663=DIRECTION('',(-1.,-1.22464679914735E-016,-6.12323399573677E-017));
#9664=FACE_BOUND('',#9665,.T.);
#9665=EDGE_LOOP('',(#11666));
#9666=FACE_BOUND('',#9667,.T.);
#9667=EDGE_LOOP('',(#11667));
#9668=PLANE('',#9669);
#9669=AXIS2_PLACEMENT_3D('',#9670,#9671,#9672);
#9670=CARTESIAN_POINT('',(66.04,-2.44929359829471E-016,4.));
#9671=DIRECTION('',(6.12323399573677E-017,6.12323399573677E-017,-1.));
#9672=DIRECTION('',(-1.,-1.22464679914735E-016,-6.12323399573677E-017));
#9673=FACE_OUTER_BOUND('',#9674,.T.);
#9674=EDGE_LOOP('',(#11668));
#9675=FACE_OUTER_BOUND('',#9676,.T.);
#9676=EDGE_LOOP('',(#11669));
#9677=CYLINDRICAL_SURFACE('',#9678,0.66);
#9678=AXIS2_PLACEMENT_3D('',#9679,#9680,#9681);
#9679=CARTESIAN_POINT('',(66.04,-2.63299061816681E-017,0.43));
#9680=DIRECTION('',(-6.12323399573677E-017,-6.12323399573677E-017,1.));
#9681=DIRECTION('',(-1.,-1.22464679914735E-016,-6.12323399573677E-017));
#9682=FACE_OUTER_BOUND('',#9683,.T.);
#9683=EDGE_LOOP('',(#11670));
#9684=FACE_OUTER_BOUND('',#9685,.T.);
#9685=EDGE_LOOP('',(#11671));
#9686=CONICAL_SURFACE('',#9687,0.445,0.785398163397448);
#9687=AXIS2_PLACEMENT_3D('',#9688,#9689,#9690);
#9688=CARTESIAN_POINT('',(66.04,-1.3164953090834E-017,0.215));
#9689=DIRECTION('',(-6.12323399573677E-017,-6.12323399573677E-017,1.));
#9690=DIRECTION('',(-1.,-1.22464679914735E-016,-6.12323399573677E-017));
#9691=FACE_OUTER_BOUND('',#9692,.T.);
#9692=EDGE_LOOP('',(#11672));
#9693=FACE_OUTER_BOUND('',#9694,.T.);
#9694=EDGE_LOOP('',(#11673));
#9695=CYLINDRICAL_SURFACE('',#9696,0.23);
#9696=AXIS2_PLACEMENT_3D('',#9697,#9698,#9699);
#9697=CARTESIAN_POINT('',(66.04,2.11863896252492E-016,-3.46));
#9698=DIRECTION('',(-6.12323399573677E-017,-6.12323399573677E-017,1.));
#9699=DIRECTION('',(-1.,-1.22464679914735E-016,-6.12323399573675E-017));
#9700=FACE_OUTER_BOUND('',#9701,.T.);
#9701=EDGE_LOOP('',(#11674));
#9702=SPHERICAL_SURFACE('',#9703,0.23);
#9703=AXIS2_PLACEMENT_3D('',#9704,#9705,#9706);
#9704=CARTESIAN_POINT('',(66.04,2.11863896252492E-016,-3.46));
#9705=DIRECTION('',(-6.12323399573677E-017,-6.12323399573677E-017,1.));
#9706=DIRECTION('',(-1.,-1.22464679914735E-016,-6.12323399573677E-017));
#9707=ORIENTED_EDGE('',*,*,#11675,.T.);
#9708=ORIENTED_EDGE('',*,*,#11676,.F.);
#9709=ORIENTED_EDGE('',*,*,#11677,.T.);
#9710=ORIENTED_EDGE('',*,*,#11678,.F.);
#9711=ORIENTED_EDGE('',*,*,#11679,.T.);
#9712=ORIENTED_EDGE('',*,*,#11680,.F.);
#9713=ORIENTED_EDGE('',*,*,#11681,.T.);
#9714=ORIENTED_EDGE('',*,*,#11682,.F.);
#9715=ORIENTED_EDGE('',*,*,#11683,.T.);
#9716=ORIENTED_EDGE('',*,*,#11684,.F.);
#9717=ORIENTED_EDGE('',*,*,#11685,.T.);
#9718=ORIENTED_EDGE('',*,*,#11686,.F.);
#9719=ORIENTED_EDGE('',*,*,#11687,.T.);
#9720=ORIENTED_EDGE('',*,*,#11688,.F.);
#9721=ORIENTED_EDGE('',*,*,#11689,.T.);
#9722=ORIENTED_EDGE('',*,*,#11690,.F.);
#9723=ORIENTED_EDGE('',*,*,#11691,.T.);
#9724=ORIENTED_EDGE('',*,*,#11692,.F.);
#9725=ORIENTED_EDGE('',*,*,#11693,.T.);
#9726=ORIENTED_EDGE('',*,*,#11694,.F.);
#9727=ORIENTED_EDGE('',*,*,#11695,.T.);
#9728=ORIENTED_EDGE('',*,*,#11696,.F.);
#9729=ORIENTED_EDGE('',*,*,#11697,.T.);
#9730=ORIENTED_EDGE('',*,*,#11698,.F.);
#9731=ORIENTED_EDGE('',*,*,#11699,.T.);
#9732=ORIENTED_EDGE('',*,*,#11700,.F.);
#9733=ORIENTED_EDGE('',*,*,#11701,.T.);
#9734=ORIENTED_EDGE('',*,*,#11702,.F.);
#9735=ORIENTED_EDGE('',*,*,#11703,.T.);
#9736=ORIENTED_EDGE('',*,*,#11704,.F.);
#9737=ORIENTED_EDGE('',*,*,#11705,.T.);
#9738=ORIENTED_EDGE('',*,*,#11706,.F.);
#9739=ORIENTED_EDGE('',*,*,#11707,.T.);
#9740=ORIENTED_EDGE('',*,*,#11708,.F.);
#9741=ORIENTED_EDGE('',*,*,#11709,.T.);
#9742=ORIENTED_EDGE('',*,*,#11710,.F.);
#9743=ORIENTED_EDGE('',*,*,#11711,.T.);
#9744=ORIENTED_EDGE('',*,*,#11712,.F.);
#9745=ORIENTED_EDGE('',*,*,#11713,.T.);
#9746=ORIENTED_EDGE('',*,*,#11714,.F.);
#9747=ORIENTED_EDGE('',*,*,#11715,.T.);
#9748=ORIENTED_EDGE('',*,*,#11716,.F.);
#9749=ORIENTED_EDGE('',*,*,#11717,.T.);
#9750=ORIENTED_EDGE('',*,*,#11718,.F.);
#9751=ORIENTED_EDGE('',*,*,#11719,.T.);
#9752=ORIENTED_EDGE('',*,*,#11720,.F.);
#9753=ORIENTED_EDGE('',*,*,#11721,.T.);
#9754=ORIENTED_EDGE('',*,*,#11722,.F.);
#9755=ORIENTED_EDGE('',*,*,#11723,.T.);
#9756=ORIENTED_EDGE('',*,*,#11724,.F.);
#9757=ORIENTED_EDGE('',*,*,#11725,.T.);
#9758=ORIENTED_EDGE('',*,*,#11726,.F.);
#9759=ORIENTED_EDGE('',*,*,#11727,.T.);
#9760=ORIENTED_EDGE('',*,*,#11728,.T.);
#9761=ORIENTED_EDGE('',*,*,#11729,.T.);
#9762=ORIENTED_EDGE('',*,*,#11730,.T.);
#9763=ORIENTED_EDGE('',*,*,#11731,.T.);
#9764=ORIENTED_EDGE('',*,*,#11732,.T.);
#9765=ORIENTED_EDGE('',*,*,#11733,.T.);
#9766=ORIENTED_EDGE('',*,*,#11734,.T.);
#9767=ORIENTED_EDGE('',*,*,#11735,.T.);
#9768=ORIENTED_EDGE('',*,*,#11736,.T.);
#9769=ORIENTED_EDGE('',*,*,#11737,.T.);
#9770=ORIENTED_EDGE('',*,*,#11738,.T.);
#9771=ORIENTED_EDGE('',*,*,#11739,.T.);
#9772=ORIENTED_EDGE('',*,*,#11740,.T.);
#9773=ORIENTED_EDGE('',*,*,#11741,.T.);
#9774=ORIENTED_EDGE('',*,*,#11742,.T.);
#9775=ORIENTED_EDGE('',*,*,#11743,.T.);
#9776=ORIENTED_EDGE('',*,*,#11744,.T.);
#9777=ORIENTED_EDGE('',*,*,#11745,.T.);
#9778=ORIENTED_EDGE('',*,*,#11746,.T.);
#9779=ORIENTED_EDGE('',*,*,#11747,.T.);
#9780=ORIENTED_EDGE('',*,*,#11748,.T.);
#9781=ORIENTED_EDGE('',*,*,#11749,.T.);
#9782=ORIENTED_EDGE('',*,*,#11750,.T.);
#9783=ORIENTED_EDGE('',*,*,#11751,.T.);
#9784=ORIENTED_EDGE('',*,*,#11752,.T.);
#9785=ORIENTED_EDGE('',*,*,#11753,.T.);
#9786=ORIENTED_EDGE('',*,*,#11754,.T.);
#9787=ORIENTED_EDGE('',*,*,#11755,.T.);
#9788=ORIENTED_EDGE('',*,*,#11756,.T.);
#9789=ORIENTED_EDGE('',*,*,#11757,.T.);
#9790=ORIENTED_EDGE('',*,*,#11758,.T.);
#9791=ORIENTED_EDGE('',*,*,#11759,.T.);
#9792=ORIENTED_EDGE('',*,*,#11760,.T.);
#9793=ORIENTED_EDGE('',*,*,#11761,.T.);
#9794=ORIENTED_EDGE('',*,*,#11762,.T.);
#9795=ORIENTED_EDGE('',*,*,#11763,.T.);
#9796=ORIENTED_EDGE('',*,*,#11764,.T.);
#9797=ORIENTED_EDGE('',*,*,#11765,.T.);
#9798=ORIENTED_EDGE('',*,*,#11766,.T.);
#9799=ORIENTED_EDGE('',*,*,#11767,.T.);
#9800=ORIENTED_EDGE('',*,*,#11768,.T.);
#9801=ORIENTED_EDGE('',*,*,#11769,.T.);
#9802=ORIENTED_EDGE('',*,*,#11770,.T.);
#9803=ORIENTED_EDGE('',*,*,#11771,.T.);
#9804=ORIENTED_EDGE('',*,*,#11772,.T.);
#9805=ORIENTED_EDGE('',*,*,#11773,.T.);
#9806=ORIENTED_EDGE('',*,*,#11774,.T.);
#9807=ORIENTED_EDGE('',*,*,#11775,.T.);
#9808=ORIENTED_EDGE('',*,*,#11776,.T.);
#9809=ORIENTED_EDGE('',*,*,#11777,.T.);
#9810=ORIENTED_EDGE('',*,*,#11778,.T.);
#9811=ORIENTED_EDGE('',*,*,#11779,.T.);
#9812=ORIENTED_EDGE('',*,*,#11780,.T.);
#9813=ORIENTED_EDGE('',*,*,#11781,.T.);
#9814=ORIENTED_EDGE('',*,*,#11782,.T.);
#9815=ORIENTED_EDGE('',*,*,#11783,.T.);
#9816=ORIENTED_EDGE('',*,*,#11784,.T.);
#9817=ORIENTED_EDGE('',*,*,#11785,.T.);
#9818=ORIENTED_EDGE('',*,*,#11786,.T.);
#9819=ORIENTED_EDGE('',*,*,#11787,.T.);
#9820=ORIENTED_EDGE('',*,*,#11788,.T.);
#9821=ORIENTED_EDGE('',*,*,#11789,.T.);
#9822=ORIENTED_EDGE('',*,*,#11790,.T.);
#9823=ORIENTED_EDGE('',*,*,#11791,.T.);
#9824=ORIENTED_EDGE('',*,*,#11792,.T.);
#9825=ORIENTED_EDGE('',*,*,#11793,.T.);
#9826=ORIENTED_EDGE('',*,*,#11794,.T.);
#9827=ORIENTED_EDGE('',*,*,#11795,.T.);
#9828=ORIENTED_EDGE('',*,*,#11796,.T.);
#9829=ORIENTED_EDGE('',*,*,#11797,.T.);
#9830=ORIENTED_EDGE('',*,*,#11798,.T.);
#9831=ORIENTED_EDGE('',*,*,#11799,.T.);
#9832=ORIENTED_EDGE('',*,*,#11800,.T.);
#9833=ORIENTED_EDGE('',*,*,#11801,.T.);
#9834=ORIENTED_EDGE('',*,*,#11802,.T.);
#9835=ORIENTED_EDGE('',*,*,#11803,.T.);
#9836=ORIENTED_EDGE('',*,*,#11804,.T.);
#9837=ORIENTED_EDGE('',*,*,#11805,.T.);
#9838=ORIENTED_EDGE('',*,*,#11806,.T.);
#9839=ORIENTED_EDGE('',*,*,#11807,.T.);
#9840=ORIENTED_EDGE('',*,*,#11808,.T.);
#9841=ORIENTED_EDGE('',*,*,#11809,.T.);
#9842=ORIENTED_EDGE('',*,*,#11810,.T.);
#9843=ORIENTED_EDGE('',*,*,#11811,.T.);
#9844=ORIENTED_EDGE('',*,*,#11812,.T.);
#9845=ORIENTED_EDGE('',*,*,#11813,.T.);
#9846=ORIENTED_EDGE('',*,*,#11814,.T.);
#9847=ORIENTED_EDGE('',*,*,#11815,.T.);
#9848=ORIENTED_EDGE('',*,*,#11816,.T.);
#9849=ORIENTED_EDGE('',*,*,#11817,.T.);
#9850=ORIENTED_EDGE('',*,*,#11818,.T.);
#9851=ORIENTED_EDGE('',*,*,#11819,.T.);
#9852=ORIENTED_EDGE('',*,*,#11820,.T.);
#9853=ORIENTED_EDGE('',*,*,#11821,.T.);
#9854=ORIENTED_EDGE('',*,*,#11822,.T.);
#9855=ORIENTED_EDGE('',*,*,#11823,.T.);
#9856=ORIENTED_EDGE('',*,*,#11824,.T.);
#9857=ORIENTED_EDGE('',*,*,#11825,.T.);
#9858=ORIENTED_EDGE('',*,*,#11826,.T.);
#9859=ORIENTED_EDGE('',*,*,#11827,.T.);
#9860=ORIENTED_EDGE('',*,*,#11828,.T.);
#9861=ORIENTED_EDGE('',*,*,#11829,.T.);
#9862=ORIENTED_EDGE('',*,*,#11830,.T.);
#9863=ORIENTED_EDGE('',*,*,#11831,.T.);
#9864=ORIENTED_EDGE('',*,*,#11832,.T.);
#9865=ORIENTED_EDGE('',*,*,#11833,.T.);
#9866=ORIENTED_EDGE('',*,*,#11834,.T.);
#9867=ORIENTED_EDGE('',*,*,#11835,.T.);
#9868=ORIENTED_EDGE('',*,*,#11836,.T.);
#9869=ORIENTED_EDGE('',*,*,#11837,.T.);
#9870=ORIENTED_EDGE('',*,*,#11838,.T.);
#9871=ORIENTED_EDGE('',*,*,#11839,.T.);
#9872=ORIENTED_EDGE('',*,*,#11840,.T.);
#9873=ORIENTED_EDGE('',*,*,#11841,.T.);
#9874=ORIENTED_EDGE('',*,*,#11842,.T.);
#9875=ORIENTED_EDGE('',*,*,#11843,.T.);
#9876=ORIENTED_EDGE('',*,*,#11844,.T.);
#9877=ORIENTED_EDGE('',*,*,#11845,.T.);
#9878=ORIENTED_EDGE('',*,*,#11846,.T.);
#9879=ORIENTED_EDGE('',*,*,#11847,.T.);
#9880=ORIENTED_EDGE('',*,*,#11848,.T.);
#9881=ORIENTED_EDGE('',*,*,#11849,.T.);
#9882=ORIENTED_EDGE('',*,*,#11850,.T.);
#9883=ORIENTED_EDGE('',*,*,#11851,.T.);
#9884=ORIENTED_EDGE('',*,*,#11852,.T.);
#9885=ORIENTED_EDGE('',*,*,#11853,.T.);
#9886=ORIENTED_EDGE('',*,*,#11854,.T.);
#9887=ORIENTED_EDGE('',*,*,#11855,.T.);
#9888=ORIENTED_EDGE('',*,*,#11856,.T.);
#9889=ORIENTED_EDGE('',*,*,#11857,.T.);
#9890=ORIENTED_EDGE('',*,*,#11858,.T.);
#9891=ORIENTED_EDGE('',*,*,#11859,.T.);
#9892=ORIENTED_EDGE('',*,*,#11860,.T.);
#9893=ORIENTED_EDGE('',*,*,#11861,.T.);
#9894=ORIENTED_EDGE('',*,*,#11862,.T.);
#9895=ORIENTED_EDGE('',*,*,#11863,.T.);
#9896=ORIENTED_EDGE('',*,*,#11864,.T.);
#9897=ORIENTED_EDGE('',*,*,#11865,.T.);
#9898=ORIENTED_EDGE('',*,*,#11866,.T.);
#9899=ORIENTED_EDGE('',*,*,#11867,.T.);
#9900=ORIENTED_EDGE('',*,*,#11868,.T.);
#9901=ORIENTED_EDGE('',*,*,#11869,.T.);
#9902=ORIENTED_EDGE('',*,*,#11870,.T.);
#9903=ORIENTED_EDGE('',*,*,#11871,.T.);
#9904=ORIENTED_EDGE('',*,*,#11872,.T.);
#9905=ORIENTED_EDGE('',*,*,#11873,.T.);
#9906=ORIENTED_EDGE('',*,*,#11874,.T.);
#9907=ORIENTED_EDGE('',*,*,#11875,.T.);
#9908=ORIENTED_EDGE('',*,*,#11876,.T.);
#9909=ORIENTED_EDGE('',*,*,#11877,.T.);
#9910=ORIENTED_EDGE('',*,*,#11878,.T.);
#9911=ORIENTED_EDGE('',*,*,#11879,.T.);
#9912=ORIENTED_EDGE('',*,*,#11880,.T.);
#9913=ORIENTED_EDGE('',*,*,#11881,.T.);
#9914=ORIENTED_EDGE('',*,*,#11882,.T.);
#9915=ORIENTED_EDGE('',*,*,#11883,.T.);
#9916=ORIENTED_EDGE('',*,*,#11884,.T.);
#9917=ORIENTED_EDGE('',*,*,#11885,.T.);
#9918=ORIENTED_EDGE('',*,*,#11886,.T.);
#9919=ORIENTED_EDGE('',*,*,#11887,.T.);
#9920=ORIENTED_EDGE('',*,*,#11888,.T.);
#9921=ORIENTED_EDGE('',*,*,#11889,.T.);
#9922=ORIENTED_EDGE('',*,*,#11890,.T.);
#9923=ORIENTED_EDGE('',*,*,#11891,.T.);
#9924=ORIENTED_EDGE('',*,*,#11892,.T.);
#9925=ORIENTED_EDGE('',*,*,#11893,.T.);
#9926=ORIENTED_EDGE('',*,*,#11894,.T.);
#9927=ORIENTED_EDGE('',*,*,#11895,.T.);
#9928=ORIENTED_EDGE('',*,*,#11896,.T.);
#9929=ORIENTED_EDGE('',*,*,#11897,.T.);
#9930=ORIENTED_EDGE('',*,*,#11898,.T.);
#9931=ORIENTED_EDGE('',*,*,#11899,.T.);
#9932=ORIENTED_EDGE('',*,*,#11900,.T.);
#9933=ORIENTED_EDGE('',*,*,#11901,.T.);
#9934=ORIENTED_EDGE('',*,*,#11902,.T.);
#9935=ORIENTED_EDGE('',*,*,#11903,.T.);
#9936=ORIENTED_EDGE('',*,*,#11904,.T.);
#9937=ORIENTED_EDGE('',*,*,#11905,.T.);
#9938=ORIENTED_EDGE('',*,*,#11906,.T.);
#9939=ORIENTED_EDGE('',*,*,#11907,.T.);
#9940=ORIENTED_EDGE('',*,*,#11908,.T.);
#9941=ORIENTED_EDGE('',*,*,#11909,.T.);
#9942=ORIENTED_EDGE('',*,*,#11910,.T.);
#9943=ORIENTED_EDGE('',*,*,#11911,.T.);
#9944=ORIENTED_EDGE('',*,*,#11912,.T.);
#9945=ORIENTED_EDGE('',*,*,#11913,.T.);
#9946=ORIENTED_EDGE('',*,*,#11914,.T.);
#9947=ORIENTED_EDGE('',*,*,#11915,.T.);
#9948=ORIENTED_EDGE('',*,*,#11916,.T.);
#9949=ORIENTED_EDGE('',*,*,#11917,.T.);
#9950=ORIENTED_EDGE('',*,*,#11918,.T.);
#9951=ORIENTED_EDGE('',*,*,#11919,.T.);
#9952=ORIENTED_EDGE('',*,*,#11920,.T.);
#9953=ORIENTED_EDGE('',*,*,#11921,.T.);
#9954=ORIENTED_EDGE('',*,*,#11922,.T.);
#9955=ORIENTED_EDGE('',*,*,#11923,.T.);
#9956=ORIENTED_EDGE('',*,*,#11924,.T.);
#9957=ORIENTED_EDGE('',*,*,#11925,.T.);
#9958=ORIENTED_EDGE('',*,*,#11926,.T.);
#9959=ORIENTED_EDGE('',*,*,#11927,.T.);
#9960=ORIENTED_EDGE('',*,*,#11928,.T.);
#9961=ORIENTED_EDGE('',*,*,#11929,.T.);
#9962=ORIENTED_EDGE('',*,*,#11930,.T.);
#9963=ORIENTED_EDGE('',*,*,#11931,.T.);
#9964=ORIENTED_EDGE('',*,*,#11932,.T.);
#9965=ORIENTED_EDGE('',*,*,#11933,.T.);
#9966=ORIENTED_EDGE('',*,*,#11934,.T.);
#9967=ORIENTED_EDGE('',*,*,#11935,.T.);
#9968=ORIENTED_EDGE('',*,*,#11936,.T.);
#9969=ORIENTED_EDGE('',*,*,#11937,.T.);
#9970=ORIENTED_EDGE('',*,*,#11938,.T.);
#9971=ORIENTED_EDGE('',*,*,#11939,.T.);
#9972=ORIENTED_EDGE('',*,*,#11940,.T.);
#9973=ORIENTED_EDGE('',*,*,#11941,.T.);
#9974=ORIENTED_EDGE('',*,*,#11942,.T.);
#9975=ORIENTED_EDGE('',*,*,#11943,.T.);
#9976=ORIENTED_EDGE('',*,*,#11944,.T.);
#9977=ORIENTED_EDGE('',*,*,#11945,.T.);
#9978=ORIENTED_EDGE('',*,*,#11946,.T.);
#9979=ORIENTED_EDGE('',*,*,#11947,.T.);
#9980=ORIENTED_EDGE('',*,*,#11948,.T.);
#9981=ORIENTED_EDGE('',*,*,#11949,.T.);
#9982=ORIENTED_EDGE('',*,*,#11950,.T.);
#9983=ORIENTED_EDGE('',*,*,#11951,.T.);
#9984=ORIENTED_EDGE('',*,*,#11952,.T.);
#9985=ORIENTED_EDGE('',*,*,#11953,.T.);
#9986=ORIENTED_EDGE('',*,*,#11954,.T.);
#9987=ORIENTED_EDGE('',*,*,#11955,.T.);
#9988=ORIENTED_EDGE('',*,*,#11956,.T.);
#9989=ORIENTED_EDGE('',*,*,#11957,.T.);
#9990=ORIENTED_EDGE('',*,*,#11958,.T.);
#9991=ORIENTED_EDGE('',*,*,#11959,.T.);
#9992=ORIENTED_EDGE('',*,*,#11960,.T.);
#9993=ORIENTED_EDGE('',*,*,#11961,.T.);
#9994=ORIENTED_EDGE('',*,*,#11962,.T.);
#9995=ORIENTED_EDGE('',*,*,#11963,.T.);
#9996=ORIENTED_EDGE('',*,*,#11964,.T.);
#9997=ORIENTED_EDGE('',*,*,#11965,.T.);
#9998=ORIENTED_EDGE('',*,*,#11966,.T.);
#9999=ORIENTED_EDGE('',*,*,#11967,.T.);
#10000=ORIENTED_EDGE('',*,*,#11968,.T.);
#10001=ORIENTED_EDGE('',*,*,#11969,.T.);
#10002=ORIENTED_EDGE('',*,*,#11970,.T.);
#10003=ORIENTED_EDGE('',*,*,#11971,.T.);
#10004=ORIENTED_EDGE('',*,*,#11972,.T.);
#10005=ORIENTED_EDGE('',*,*,#11973,.T.);
#10006=ORIENTED_EDGE('',*,*,#11974,.T.);
#10007=ORIENTED_EDGE('',*,*,#11677,.F.);
#10008=ORIENTED_EDGE('',*,*,#11972,.F.);
#10009=ORIENTED_EDGE('',*,*,#11974,.F.);
#10010=ORIENTED_EDGE('',*,*,#11975,.T.);
#10011=ORIENTED_EDGE('',*,*,#11675,.F.);
#10012=ORIENTED_EDGE('',*,*,#11971,.F.);
#10013=ORIENTED_EDGE('',*,*,#11975,.F.);
#10014=ORIENTED_EDGE('',*,*,#11976,.T.);
#10015=ORIENTED_EDGE('',*,*,#11679,.F.);
#10016=ORIENTED_EDGE('',*,*,#11970,.F.);
#10017=ORIENTED_EDGE('',*,*,#11976,.F.);
#10018=ORIENTED_EDGE('',*,*,#11977,.T.);
#10019=ORIENTED_EDGE('',*,*,#11681,.F.);
#10020=ORIENTED_EDGE('',*,*,#11969,.F.);
#10021=ORIENTED_EDGE('',*,*,#11977,.F.);
#10022=ORIENTED_EDGE('',*,*,#11978,.T.);
#10023=ORIENTED_EDGE('',*,*,#11683,.F.);
#10024=ORIENTED_EDGE('',*,*,#11968,.F.);
#10025=ORIENTED_EDGE('',*,*,#11978,.F.);
#10026=ORIENTED_EDGE('',*,*,#11979,.T.);
#10027=ORIENTED_EDGE('',*,*,#11685,.F.);
#10028=ORIENTED_EDGE('',*,*,#11967,.F.);
#10029=ORIENTED_EDGE('',*,*,#11979,.F.);
#10030=ORIENTED_EDGE('',*,*,#11980,.T.);
#10031=ORIENTED_EDGE('',*,*,#11687,.F.);
#10032=ORIENTED_EDGE('',*,*,#11966,.F.);
#10033=ORIENTED_EDGE('',*,*,#11980,.F.);
#10034=ORIENTED_EDGE('',*,*,#11981,.T.);
#10035=ORIENTED_EDGE('',*,*,#11689,.F.);
#10036=ORIENTED_EDGE('',*,*,#11965,.F.);
#10037=ORIENTED_EDGE('',*,*,#11981,.F.);
#10038=ORIENTED_EDGE('',*,*,#11982,.T.);
#10039=ORIENTED_EDGE('',*,*,#11691,.F.);
#10040=ORIENTED_EDGE('',*,*,#11964,.F.);
#10041=ORIENTED_EDGE('',*,*,#11982,.F.);
#10042=ORIENTED_EDGE('',*,*,#11983,.T.);
#10043=ORIENTED_EDGE('',*,*,#11693,.F.);
#10044=ORIENTED_EDGE('',*,*,#11963,.F.);
#10045=ORIENTED_EDGE('',*,*,#11983,.F.);
#10046=ORIENTED_EDGE('',*,*,#11984,.T.);
#10047=ORIENTED_EDGE('',*,*,#11695,.F.);
#10048=ORIENTED_EDGE('',*,*,#11962,.F.);
#10049=ORIENTED_EDGE('',*,*,#11984,.F.);
#10050=ORIENTED_EDGE('',*,*,#11985,.T.);
#10051=ORIENTED_EDGE('',*,*,#11697,.F.);
#10052=ORIENTED_EDGE('',*,*,#11961,.F.);
#10053=ORIENTED_EDGE('',*,*,#11985,.F.);
#10054=ORIENTED_EDGE('',*,*,#11986,.T.);
#10055=ORIENTED_EDGE('',*,*,#11699,.F.);
#10056=ORIENTED_EDGE('',*,*,#11960,.F.);
#10057=ORIENTED_EDGE('',*,*,#11986,.F.);
#10058=ORIENTED_EDGE('',*,*,#11987,.T.);
#10059=ORIENTED_EDGE('',*,*,#11701,.F.);
#10060=ORIENTED_EDGE('',*,*,#11959,.F.);
#10061=ORIENTED_EDGE('',*,*,#11987,.F.);
#10062=ORIENTED_EDGE('',*,*,#11988,.T.);
#10063=ORIENTED_EDGE('',*,*,#11703,.F.);
#10064=ORIENTED_EDGE('',*,*,#11958,.F.);
#10065=ORIENTED_EDGE('',*,*,#11988,.F.);
#10066=ORIENTED_EDGE('',*,*,#11989,.T.);
#10067=ORIENTED_EDGE('',*,*,#11705,.F.);
#10068=ORIENTED_EDGE('',*,*,#11957,.F.);
#10069=ORIENTED_EDGE('',*,*,#11989,.F.);
#10070=ORIENTED_EDGE('',*,*,#11990,.T.);
#10071=ORIENTED_EDGE('',*,*,#11707,.F.);
#10072=ORIENTED_EDGE('',*,*,#11956,.F.);
#10073=ORIENTED_EDGE('',*,*,#11990,.F.);
#10074=ORIENTED_EDGE('',*,*,#11991,.T.);
#10075=ORIENTED_EDGE('',*,*,#11709,.F.);
#10076=ORIENTED_EDGE('',*,*,#11955,.F.);
#10077=ORIENTED_EDGE('',*,*,#11991,.F.);
#10078=ORIENTED_EDGE('',*,*,#11992,.T.);
#10079=ORIENTED_EDGE('',*,*,#11711,.F.);
#10080=ORIENTED_EDGE('',*,*,#11954,.F.);
#10081=ORIENTED_EDGE('',*,*,#11992,.F.);
#10082=ORIENTED_EDGE('',*,*,#11993,.T.);
#10083=ORIENTED_EDGE('',*,*,#11713,.F.);
#10084=ORIENTED_EDGE('',*,*,#11953,.F.);
#10085=ORIENTED_EDGE('',*,*,#11993,.F.);
#10086=ORIENTED_EDGE('',*,*,#11994,.T.);
#10087=ORIENTED_EDGE('',*,*,#11715,.F.);
#10088=ORIENTED_EDGE('',*,*,#11952,.F.);
#10089=ORIENTED_EDGE('',*,*,#11994,.F.);
#10090=ORIENTED_EDGE('',*,*,#11995,.T.);
#10091=ORIENTED_EDGE('',*,*,#11717,.F.);
#10092=ORIENTED_EDGE('',*,*,#11951,.F.);
#10093=ORIENTED_EDGE('',*,*,#11995,.F.);
#10094=ORIENTED_EDGE('',*,*,#11996,.T.);
#10095=ORIENTED_EDGE('',*,*,#11719,.F.);
#10096=ORIENTED_EDGE('',*,*,#11950,.F.);
#10097=ORIENTED_EDGE('',*,*,#11996,.F.);
#10098=ORIENTED_EDGE('',*,*,#11997,.T.);
#10099=ORIENTED_EDGE('',*,*,#11721,.F.);
#10100=ORIENTED_EDGE('',*,*,#11949,.F.);
#10101=ORIENTED_EDGE('',*,*,#11997,.F.);
#10102=ORIENTED_EDGE('',*,*,#11998,.T.);
#10103=ORIENTED_EDGE('',*,*,#11723,.F.);
#10104=ORIENTED_EDGE('',*,*,#11948,.F.);
#10105=ORIENTED_EDGE('',*,*,#11998,.F.);
#10106=ORIENTED_EDGE('',*,*,#11999,.T.);
#10107=ORIENTED_EDGE('',*,*,#11725,.F.);
#10108=ORIENTED_EDGE('',*,*,#11947,.F.);
#10109=ORIENTED_EDGE('',*,*,#11999,.F.);
#10110=ORIENTED_EDGE('',*,*,#12000,.F.);
#10111=ORIENTED_EDGE('',*,*,#12001,.F.);
#10112=ORIENTED_EDGE('',*,*,#12002,.F.);
#10113=ORIENTED_EDGE('',*,*,#12003,.F.);
#10114=ORIENTED_EDGE('',*,*,#12004,.F.);
#10115=ORIENTED_EDGE('',*,*,#12005,.F.);
#10116=ORIENTED_EDGE('',*,*,#12006,.F.);
#10117=ORIENTED_EDGE('',*,*,#12007,.F.);
#10118=ORIENTED_EDGE('',*,*,#12008,.F.);
#10119=ORIENTED_EDGE('',*,*,#12009,.F.);
#10120=ORIENTED_EDGE('',*,*,#12010,.F.);
#10121=ORIENTED_EDGE('',*,*,#12011,.F.);
#10122=ORIENTED_EDGE('',*,*,#12012,.F.);
#10123=ORIENTED_EDGE('',*,*,#12013,.F.);
#10124=ORIENTED_EDGE('',*,*,#12014,.F.);
#10125=ORIENTED_EDGE('',*,*,#12015,.F.);
#10126=ORIENTED_EDGE('',*,*,#12016,.F.);
#10127=ORIENTED_EDGE('',*,*,#12017,.F.);
#10128=ORIENTED_EDGE('',*,*,#12018,.F.);
#10129=ORIENTED_EDGE('',*,*,#12019,.F.);
#10130=ORIENTED_EDGE('',*,*,#12020,.F.);
#10131=ORIENTED_EDGE('',*,*,#12021,.F.);
#10132=ORIENTED_EDGE('',*,*,#12022,.F.);
#10133=ORIENTED_EDGE('',*,*,#12023,.F.);
#10134=ORIENTED_EDGE('',*,*,#12024,.F.);
#10135=ORIENTED_EDGE('',*,*,#12025,.F.);
#10136=ORIENTED_EDGE('',*,*,#12026,.F.);
#10137=ORIENTED_EDGE('',*,*,#12027,.F.);
#10138=ORIENTED_EDGE('',*,*,#12028,.F.);
#10139=ORIENTED_EDGE('',*,*,#12029,.F.);
#10140=ORIENTED_EDGE('',*,*,#12030,.F.);
#10141=ORIENTED_EDGE('',*,*,#12031,.F.);
#10142=ORIENTED_EDGE('',*,*,#12032,.F.);
#10143=ORIENTED_EDGE('',*,*,#12033,.F.);
#10144=ORIENTED_EDGE('',*,*,#12034,.F.);
#10145=ORIENTED_EDGE('',*,*,#12035,.F.);
#10146=ORIENTED_EDGE('',*,*,#12036,.F.);
#10147=ORIENTED_EDGE('',*,*,#12037,.F.);
#10148=ORIENTED_EDGE('',*,*,#12038,.F.);
#10149=ORIENTED_EDGE('',*,*,#12039,.F.);
#10150=ORIENTED_EDGE('',*,*,#12040,.F.);
#10151=ORIENTED_EDGE('',*,*,#12041,.F.);
#10152=ORIENTED_EDGE('',*,*,#12042,.F.);
#10153=ORIENTED_EDGE('',*,*,#12043,.F.);
#10154=ORIENTED_EDGE('',*,*,#12044,.F.);
#10155=ORIENTED_EDGE('',*,*,#12045,.F.);
#10156=ORIENTED_EDGE('',*,*,#12046,.F.);
#10157=ORIENTED_EDGE('',*,*,#12047,.F.);
#10158=ORIENTED_EDGE('',*,*,#12048,.F.);
#10159=ORIENTED_EDGE('',*,*,#12049,.F.);
#10160=ORIENTED_EDGE('',*,*,#12050,.F.);
#10161=ORIENTED_EDGE('',*,*,#12051,.F.);
#10162=ORIENTED_EDGE('',*,*,#12052,.F.);
#10163=ORIENTED_EDGE('',*,*,#12053,.F.);
#10164=ORIENTED_EDGE('',*,*,#12054,.F.);
#10165=ORIENTED_EDGE('',*,*,#12055,.F.);
#10166=ORIENTED_EDGE('',*,*,#12056,.F.);
#10167=ORIENTED_EDGE('',*,*,#12057,.F.);
#10168=ORIENTED_EDGE('',*,*,#12058,.F.);
#10169=ORIENTED_EDGE('',*,*,#12059,.F.);
#10170=ORIENTED_EDGE('',*,*,#12060,.F.);
#10171=ORIENTED_EDGE('',*,*,#12061,.F.);
#10172=ORIENTED_EDGE('',*,*,#12062,.F.);
#10173=ORIENTED_EDGE('',*,*,#12063,.F.);
#10174=ORIENTED_EDGE('',*,*,#12064,.F.);
#10175=ORIENTED_EDGE('',*,*,#12065,.F.);
#10176=ORIENTED_EDGE('',*,*,#12066,.F.);
#10177=ORIENTED_EDGE('',*,*,#12067,.F.);
#10178=ORIENTED_EDGE('',*,*,#12068,.F.);
#10179=ORIENTED_EDGE('',*,*,#12069,.F.);
#10180=ORIENTED_EDGE('',*,*,#12070,.F.);
#10181=ORIENTED_EDGE('',*,*,#12071,.F.);
#10182=ORIENTED_EDGE('',*,*,#12072,.F.);
#10183=ORIENTED_EDGE('',*,*,#12073,.F.);
#10184=ORIENTED_EDGE('',*,*,#12074,.F.);
#10185=ORIENTED_EDGE('',*,*,#12075,.F.);
#10186=ORIENTED_EDGE('',*,*,#12076,.F.);
#10187=ORIENTED_EDGE('',*,*,#12077,.F.);
#10188=ORIENTED_EDGE('',*,*,#12078,.F.);
#10189=ORIENTED_EDGE('',*,*,#12079,.F.);
#10190=ORIENTED_EDGE('',*,*,#12080,.F.);
#10191=ORIENTED_EDGE('',*,*,#12081,.F.);
#10192=ORIENTED_EDGE('',*,*,#12082,.F.);
#10193=ORIENTED_EDGE('',*,*,#12083,.F.);
#10194=ORIENTED_EDGE('',*,*,#12084,.F.);
#10195=ORIENTED_EDGE('',*,*,#12085,.F.);
#10196=ORIENTED_EDGE('',*,*,#12086,.F.);
#10197=ORIENTED_EDGE('',*,*,#12087,.F.);
#10198=ORIENTED_EDGE('',*,*,#12088,.F.);
#10199=ORIENTED_EDGE('',*,*,#12089,.F.);
#10200=ORIENTED_EDGE('',*,*,#12090,.F.);
#10201=ORIENTED_EDGE('',*,*,#12091,.F.);
#10202=ORIENTED_EDGE('',*,*,#12092,.F.);
#10203=ORIENTED_EDGE('',*,*,#12093,.F.);
#10204=ORIENTED_EDGE('',*,*,#12094,.F.);
#10205=ORIENTED_EDGE('',*,*,#12095,.F.);
#10206=ORIENTED_EDGE('',*,*,#12096,.F.);
#10207=ORIENTED_EDGE('',*,*,#12097,.F.);
#10208=ORIENTED_EDGE('',*,*,#12098,.F.);
#10209=ORIENTED_EDGE('',*,*,#12099,.F.);
#10210=ORIENTED_EDGE('',*,*,#12100,.F.);
#10211=ORIENTED_EDGE('',*,*,#12101,.F.);
#10212=ORIENTED_EDGE('',*,*,#12102,.F.);
#10213=ORIENTED_EDGE('',*,*,#12103,.F.);
#10214=ORIENTED_EDGE('',*,*,#12104,.F.);
#10215=ORIENTED_EDGE('',*,*,#12105,.F.);
#10216=ORIENTED_EDGE('',*,*,#12106,.F.);
#10217=ORIENTED_EDGE('',*,*,#12107,.F.);
#10218=ORIENTED_EDGE('',*,*,#12108,.F.);
#10219=ORIENTED_EDGE('',*,*,#12109,.F.);
#10220=ORIENTED_EDGE('',*,*,#12110,.F.);
#10221=ORIENTED_EDGE('',*,*,#12111,.F.);
#10222=ORIENTED_EDGE('',*,*,#12112,.F.);
#10223=ORIENTED_EDGE('',*,*,#12113,.F.);
#10224=ORIENTED_EDGE('',*,*,#12114,.F.);
#10225=ORIENTED_EDGE('',*,*,#12115,.F.);
#10226=ORIENTED_EDGE('',*,*,#12116,.F.);
#10227=ORIENTED_EDGE('',*,*,#12117,.F.);
#10228=ORIENTED_EDGE('',*,*,#12118,.F.);
#10229=ORIENTED_EDGE('',*,*,#12119,.F.);
#10230=ORIENTED_EDGE('',*,*,#12120,.F.);
#10231=ORIENTED_EDGE('',*,*,#12121,.F.);
#10232=ORIENTED_EDGE('',*,*,#12122,.F.);
#10233=ORIENTED_EDGE('',*,*,#12123,.F.);
#10234=ORIENTED_EDGE('',*,*,#12124,.F.);
#10235=ORIENTED_EDGE('',*,*,#12125,.F.);
#10236=ORIENTED_EDGE('',*,*,#12126,.F.);
#10237=ORIENTED_EDGE('',*,*,#12127,.F.);
#10238=ORIENTED_EDGE('',*,*,#12128,.F.);
#10239=ORIENTED_EDGE('',*,*,#12129,.F.);
#10240=ORIENTED_EDGE('',*,*,#12130,.F.);
#10241=ORIENTED_EDGE('',*,*,#12131,.F.);
#10242=ORIENTED_EDGE('',*,*,#12132,.F.);
#10243=ORIENTED_EDGE('',*,*,#12133,.F.);
#10244=ORIENTED_EDGE('',*,*,#12134,.F.);
#10245=ORIENTED_EDGE('',*,*,#12135,.F.);
#10246=ORIENTED_EDGE('',*,*,#12136,.F.);
#10247=ORIENTED_EDGE('',*,*,#12137,.F.);
#10248=ORIENTED_EDGE('',*,*,#12138,.F.);
#10249=ORIENTED_EDGE('',*,*,#12139,.F.);
#10250=ORIENTED_EDGE('',*,*,#12140,.F.);
#10251=ORIENTED_EDGE('',*,*,#12141,.F.);
#10252=ORIENTED_EDGE('',*,*,#12142,.F.);
#10253=ORIENTED_EDGE('',*,*,#12143,.F.);
#10254=ORIENTED_EDGE('',*,*,#12144,.F.);
#10255=ORIENTED_EDGE('',*,*,#12145,.F.);
#10256=ORIENTED_EDGE('',*,*,#12146,.F.);
#10257=ORIENTED_EDGE('',*,*,#12147,.F.);
#10258=ORIENTED_EDGE('',*,*,#12148,.F.);
#10259=ORIENTED_EDGE('',*,*,#12149,.F.);
#10260=ORIENTED_EDGE('',*,*,#12150,.F.);
#10261=ORIENTED_EDGE('',*,*,#12151,.F.);
#10262=ORIENTED_EDGE('',*,*,#12152,.F.);
#10263=ORIENTED_EDGE('',*,*,#12153,.F.);
#10264=ORIENTED_EDGE('',*,*,#12154,.F.);
#10265=ORIENTED_EDGE('',*,*,#12155,.F.);
#10266=ORIENTED_EDGE('',*,*,#12156,.F.);
#10267=ORIENTED_EDGE('',*,*,#12157,.F.);
#10268=ORIENTED_EDGE('',*,*,#12158,.F.);
#10269=ORIENTED_EDGE('',*,*,#12159,.F.);
#10270=ORIENTED_EDGE('',*,*,#12160,.F.);
#10271=ORIENTED_EDGE('',*,*,#12161,.F.);
#10272=ORIENTED_EDGE('',*,*,#12162,.F.);
#10273=ORIENTED_EDGE('',*,*,#12163,.F.);
#10274=ORIENTED_EDGE('',*,*,#12164,.F.);
#10275=ORIENTED_EDGE('',*,*,#12165,.F.);
#10276=ORIENTED_EDGE('',*,*,#12166,.F.);
#10277=ORIENTED_EDGE('',*,*,#12167,.F.);
#10278=ORIENTED_EDGE('',*,*,#12168,.F.);
#10279=ORIENTED_EDGE('',*,*,#12169,.F.);
#10280=ORIENTED_EDGE('',*,*,#12170,.F.);
#10281=ORIENTED_EDGE('',*,*,#12171,.F.);
#10282=ORIENTED_EDGE('',*,*,#12172,.F.);
#10283=ORIENTED_EDGE('',*,*,#12173,.F.);
#10284=ORIENTED_EDGE('',*,*,#12174,.F.);
#10285=ORIENTED_EDGE('',*,*,#12175,.F.);
#10286=ORIENTED_EDGE('',*,*,#12176,.F.);
#10287=ORIENTED_EDGE('',*,*,#12177,.F.);
#10288=ORIENTED_EDGE('',*,*,#12178,.F.);
#10289=ORIENTED_EDGE('',*,*,#12179,.F.);
#10290=ORIENTED_EDGE('',*,*,#12180,.F.);
#10291=ORIENTED_EDGE('',*,*,#12181,.F.);
#10292=ORIENTED_EDGE('',*,*,#12182,.F.);
#10293=ORIENTED_EDGE('',*,*,#12183,.F.);
#10294=ORIENTED_EDGE('',*,*,#12184,.F.);
#10295=ORIENTED_EDGE('',*,*,#12185,.F.);
#10296=ORIENTED_EDGE('',*,*,#12186,.F.);
#10297=ORIENTED_EDGE('',*,*,#12187,.F.);
#10298=ORIENTED_EDGE('',*,*,#12188,.F.);
#10299=ORIENTED_EDGE('',*,*,#12189,.F.);
#10300=ORIENTED_EDGE('',*,*,#12190,.F.);
#10301=ORIENTED_EDGE('',*,*,#12191,.F.);
#10302=ORIENTED_EDGE('',*,*,#12192,.F.);
#10303=ORIENTED_EDGE('',*,*,#12193,.F.);
#10304=ORIENTED_EDGE('',*,*,#12194,.F.);
#10305=ORIENTED_EDGE('',*,*,#12195,.F.);
#10306=ORIENTED_EDGE('',*,*,#12196,.F.);
#10307=ORIENTED_EDGE('',*,*,#12197,.F.);
#10308=ORIENTED_EDGE('',*,*,#12198,.F.);
#10309=ORIENTED_EDGE('',*,*,#12199,.F.);
#10310=ORIENTED_EDGE('',*,*,#12200,.F.);
#10311=ORIENTED_EDGE('',*,*,#12201,.F.);
#10312=ORIENTED_EDGE('',*,*,#12202,.F.);
#10313=ORIENTED_EDGE('',*,*,#12203,.F.);
#10314=ORIENTED_EDGE('',*,*,#12204,.F.);
#10315=ORIENTED_EDGE('',*,*,#12205,.F.);
#10316=ORIENTED_EDGE('',*,*,#12206,.F.);
#10317=ORIENTED_EDGE('',*,*,#12207,.F.);
#10318=ORIENTED_EDGE('',*,*,#12208,.F.);
#10319=ORIENTED_EDGE('',*,*,#12209,.F.);
#10320=ORIENTED_EDGE('',*,*,#12210,.F.);
#10321=ORIENTED_EDGE('',*,*,#12211,.F.);
#10322=ORIENTED_EDGE('',*,*,#12212,.F.);
#10323=ORIENTED_EDGE('',*,*,#12213,.F.);
#10324=ORIENTED_EDGE('',*,*,#12214,.F.);
#10325=ORIENTED_EDGE('',*,*,#12215,.F.);
#10326=ORIENTED_EDGE('',*,*,#12216,.F.);
#10327=ORIENTED_EDGE('',*,*,#12217,.F.);
#10328=ORIENTED_EDGE('',*,*,#12218,.F.);
#10329=ORIENTED_EDGE('',*,*,#12219,.F.);
#10330=ORIENTED_EDGE('',*,*,#12220,.T.);
#10331=ORIENTED_EDGE('',*,*,#11726,.T.);
#10332=ORIENTED_EDGE('',*,*,#11724,.T.);
#10333=ORIENTED_EDGE('',*,*,#11722,.T.);
#10334=ORIENTED_EDGE('',*,*,#11720,.T.);
#10335=ORIENTED_EDGE('',*,*,#11718,.T.);
#10336=ORIENTED_EDGE('',*,*,#11716,.T.);
#10337=ORIENTED_EDGE('',*,*,#11714,.T.);
#10338=ORIENTED_EDGE('',*,*,#11712,.T.);
#10339=ORIENTED_EDGE('',*,*,#11710,.T.);
#10340=ORIENTED_EDGE('',*,*,#11708,.T.);
#10341=ORIENTED_EDGE('',*,*,#11706,.T.);
#10342=ORIENTED_EDGE('',*,*,#11704,.T.);
#10343=ORIENTED_EDGE('',*,*,#11702,.T.);
#10344=ORIENTED_EDGE('',*,*,#11700,.T.);
#10345=ORIENTED_EDGE('',*,*,#11698,.T.);
#10346=ORIENTED_EDGE('',*,*,#11696,.T.);
#10347=ORIENTED_EDGE('',*,*,#11694,.T.);
#10348=ORIENTED_EDGE('',*,*,#11692,.T.);
#10349=ORIENTED_EDGE('',*,*,#11690,.T.);
#10350=ORIENTED_EDGE('',*,*,#11688,.T.);
#10351=ORIENTED_EDGE('',*,*,#11686,.T.);
#10352=ORIENTED_EDGE('',*,*,#11684,.T.);
#10353=ORIENTED_EDGE('',*,*,#11682,.T.);
#10354=ORIENTED_EDGE('',*,*,#11680,.T.);
#10355=ORIENTED_EDGE('',*,*,#11678,.T.);
#10356=ORIENTED_EDGE('',*,*,#11676,.T.);
#10357=ORIENTED_EDGE('',*,*,#12219,.T.);
#10358=ORIENTED_EDGE('',*,*,#12221,.T.);
#10359=ORIENTED_EDGE('',*,*,#11727,.F.);
#10360=ORIENTED_EDGE('',*,*,#12222,.F.);
#10361=ORIENTED_EDGE('',*,*,#12218,.T.);
#10362=ORIENTED_EDGE('',*,*,#12223,.T.);
#10363=ORIENTED_EDGE('',*,*,#11728,.F.);
#10364=ORIENTED_EDGE('',*,*,#12221,.F.);
#10365=ORIENTED_EDGE('',*,*,#12217,.T.);
#10366=ORIENTED_EDGE('',*,*,#12224,.T.);
#10367=ORIENTED_EDGE('',*,*,#11729,.F.);
#10368=ORIENTED_EDGE('',*,*,#12223,.F.);
#10369=ORIENTED_EDGE('',*,*,#12216,.T.);
#10370=ORIENTED_EDGE('',*,*,#12225,.T.);
#10371=ORIENTED_EDGE('',*,*,#11730,.F.);
#10372=ORIENTED_EDGE('',*,*,#12224,.F.);
#10373=ORIENTED_EDGE('',*,*,#12215,.T.);
#10374=ORIENTED_EDGE('',*,*,#12226,.T.);
#10375=ORIENTED_EDGE('',*,*,#11731,.F.);
#10376=ORIENTED_EDGE('',*,*,#12225,.F.);
#10377=ORIENTED_EDGE('',*,*,#12214,.T.);
#10378=ORIENTED_EDGE('',*,*,#12227,.T.);
#10379=ORIENTED_EDGE('',*,*,#11732,.F.);
#10380=ORIENTED_EDGE('',*,*,#12226,.F.);
#10381=ORIENTED_EDGE('',*,*,#12213,.T.);
#10382=ORIENTED_EDGE('',*,*,#12228,.T.);
#10383=ORIENTED_EDGE('',*,*,#11733,.F.);
#10384=ORIENTED_EDGE('',*,*,#12227,.F.);
#10385=ORIENTED_EDGE('',*,*,#12212,.T.);
#10386=ORIENTED_EDGE('',*,*,#12229,.T.);
#10387=ORIENTED_EDGE('',*,*,#11734,.F.);
#10388=ORIENTED_EDGE('',*,*,#12228,.F.);
#10389=ORIENTED_EDGE('',*,*,#12211,.T.);
#10390=ORIENTED_EDGE('',*,*,#12230,.T.);
#10391=ORIENTED_EDGE('',*,*,#11735,.F.);
#10392=ORIENTED_EDGE('',*,*,#12229,.F.);
#10393=ORIENTED_EDGE('',*,*,#12210,.T.);
#10394=ORIENTED_EDGE('',*,*,#12231,.T.);
#10395=ORIENTED_EDGE('',*,*,#11736,.F.);
#10396=ORIENTED_EDGE('',*,*,#12230,.F.);
#10397=ORIENTED_EDGE('',*,*,#12209,.T.);
#10398=ORIENTED_EDGE('',*,*,#12232,.T.);
#10399=ORIENTED_EDGE('',*,*,#11737,.F.);
#10400=ORIENTED_EDGE('',*,*,#12231,.F.);
#10401=ORIENTED_EDGE('',*,*,#12208,.T.);
#10402=ORIENTED_EDGE('',*,*,#12233,.T.);
#10403=ORIENTED_EDGE('',*,*,#11738,.F.);
#10404=ORIENTED_EDGE('',*,*,#12232,.F.);
#10405=ORIENTED_EDGE('',*,*,#12207,.T.);
#10406=ORIENTED_EDGE('',*,*,#12234,.T.);
#10407=ORIENTED_EDGE('',*,*,#11739,.F.);
#10408=ORIENTED_EDGE('',*,*,#12233,.F.);
#10409=ORIENTED_EDGE('',*,*,#12206,.T.);
#10410=ORIENTED_EDGE('',*,*,#12235,.T.);
#10411=ORIENTED_EDGE('',*,*,#11740,.F.);
#10412=ORIENTED_EDGE('',*,*,#12234,.F.);
#10413=ORIENTED_EDGE('',*,*,#12205,.T.);
#10414=ORIENTED_EDGE('',*,*,#12236,.T.);
#10415=ORIENTED_EDGE('',*,*,#11741,.F.);
#10416=ORIENTED_EDGE('',*,*,#12235,.F.);
#10417=ORIENTED_EDGE('',*,*,#12204,.T.);
#10418=ORIENTED_EDGE('',*,*,#12237,.T.);
#10419=ORIENTED_EDGE('',*,*,#11742,.F.);
#10420=ORIENTED_EDGE('',*,*,#12236,.F.);
#10421=ORIENTED_EDGE('',*,*,#12203,.T.);
#10422=ORIENTED_EDGE('',*,*,#12238,.T.);
#10423=ORIENTED_EDGE('',*,*,#11743,.F.);
#10424=ORIENTED_EDGE('',*,*,#12237,.F.);
#10425=ORIENTED_EDGE('',*,*,#12202,.T.);
#10426=ORIENTED_EDGE('',*,*,#12239,.T.);
#10427=ORIENTED_EDGE('',*,*,#11744,.F.);
#10428=ORIENTED_EDGE('',*,*,#12238,.F.);
#10429=ORIENTED_EDGE('',*,*,#12201,.T.);
#10430=ORIENTED_EDGE('',*,*,#12240,.T.);
#10431=ORIENTED_EDGE('',*,*,#11745,.F.);
#10432=ORIENTED_EDGE('',*,*,#12239,.F.);
#10433=ORIENTED_EDGE('',*,*,#12200,.T.);
#10434=ORIENTED_EDGE('',*,*,#12241,.T.);
#10435=ORIENTED_EDGE('',*,*,#11746,.F.);
#10436=ORIENTED_EDGE('',*,*,#12240,.F.);
#10437=ORIENTED_EDGE('',*,*,#12199,.T.);
#10438=ORIENTED_EDGE('',*,*,#12242,.T.);
#10439=ORIENTED_EDGE('',*,*,#11747,.F.);
#10440=ORIENTED_EDGE('',*,*,#12241,.F.);
#10441=ORIENTED_EDGE('',*,*,#12198,.T.);
#10442=ORIENTED_EDGE('',*,*,#12243,.T.);
#10443=ORIENTED_EDGE('',*,*,#11748,.F.);
#10444=ORIENTED_EDGE('',*,*,#12242,.F.);
#10445=ORIENTED_EDGE('',*,*,#12197,.T.);
#10446=ORIENTED_EDGE('',*,*,#12244,.T.);
#10447=ORIENTED_EDGE('',*,*,#11749,.F.);
#10448=ORIENTED_EDGE('',*,*,#12243,.F.);
#10449=ORIENTED_EDGE('',*,*,#12196,.T.);
#10450=ORIENTED_EDGE('',*,*,#12245,.T.);
#10451=ORIENTED_EDGE('',*,*,#11750,.F.);
#10452=ORIENTED_EDGE('',*,*,#12244,.F.);
#10453=ORIENTED_EDGE('',*,*,#12195,.T.);
#10454=ORIENTED_EDGE('',*,*,#12246,.T.);
#10455=ORIENTED_EDGE('',*,*,#11751,.F.);
#10456=ORIENTED_EDGE('',*,*,#12245,.F.);
#10457=ORIENTED_EDGE('',*,*,#12194,.T.);
#10458=ORIENTED_EDGE('',*,*,#12247,.T.);
#10459=ORIENTED_EDGE('',*,*,#11752,.F.);
#10460=ORIENTED_EDGE('',*,*,#12246,.F.);
#10461=ORIENTED_EDGE('',*,*,#12193,.T.);
#10462=ORIENTED_EDGE('',*,*,#12248,.T.);
#10463=ORIENTED_EDGE('',*,*,#11753,.F.);
#10464=ORIENTED_EDGE('',*,*,#12247,.F.);
#10465=ORIENTED_EDGE('',*,*,#12192,.T.);
#10466=ORIENTED_EDGE('',*,*,#12249,.T.);
#10467=ORIENTED_EDGE('',*,*,#11754,.F.);
#10468=ORIENTED_EDGE('',*,*,#12248,.F.);
#10469=ORIENTED_EDGE('',*,*,#12191,.T.);
#10470=ORIENTED_EDGE('',*,*,#12250,.T.);
#10471=ORIENTED_EDGE('',*,*,#11755,.F.);
#10472=ORIENTED_EDGE('',*,*,#12249,.F.);
#10473=ORIENTED_EDGE('',*,*,#12190,.T.);
#10474=ORIENTED_EDGE('',*,*,#12251,.T.);
#10475=ORIENTED_EDGE('',*,*,#11756,.F.);
#10476=ORIENTED_EDGE('',*,*,#12250,.F.);
#10477=ORIENTED_EDGE('',*,*,#12189,.T.);
#10478=ORIENTED_EDGE('',*,*,#12252,.T.);
#10479=ORIENTED_EDGE('',*,*,#11757,.F.);
#10480=ORIENTED_EDGE('',*,*,#12251,.F.);
#10481=ORIENTED_EDGE('',*,*,#12188,.T.);
#10482=ORIENTED_EDGE('',*,*,#12253,.T.);
#10483=ORIENTED_EDGE('',*,*,#11758,.F.);
#10484=ORIENTED_EDGE('',*,*,#12252,.F.);
#10485=ORIENTED_EDGE('',*,*,#12187,.T.);
#10486=ORIENTED_EDGE('',*,*,#12254,.T.);
#10487=ORIENTED_EDGE('',*,*,#11759,.F.);
#10488=ORIENTED_EDGE('',*,*,#12253,.F.);
#10489=ORIENTED_EDGE('',*,*,#12186,.T.);
#10490=ORIENTED_EDGE('',*,*,#12255,.T.);
#10491=ORIENTED_EDGE('',*,*,#11760,.F.);
#10492=ORIENTED_EDGE('',*,*,#12254,.F.);
#10493=ORIENTED_EDGE('',*,*,#12185,.T.);
#10494=ORIENTED_EDGE('',*,*,#12256,.T.);
#10495=ORIENTED_EDGE('',*,*,#11761,.F.);
#10496=ORIENTED_EDGE('',*,*,#12255,.F.);
#10497=ORIENTED_EDGE('',*,*,#12184,.T.);
#10498=ORIENTED_EDGE('',*,*,#12257,.T.);
#10499=ORIENTED_EDGE('',*,*,#11762,.F.);
#10500=ORIENTED_EDGE('',*,*,#12256,.F.);
#10501=ORIENTED_EDGE('',*,*,#12183,.T.);
#10502=ORIENTED_EDGE('',*,*,#12258,.T.);
#10503=ORIENTED_EDGE('',*,*,#11763,.F.);
#10504=ORIENTED_EDGE('',*,*,#12257,.F.);
#10505=ORIENTED_EDGE('',*,*,#12182,.T.);
#10506=ORIENTED_EDGE('',*,*,#12259,.T.);
#10507=ORIENTED_EDGE('',*,*,#11764,.F.);
#10508=ORIENTED_EDGE('',*,*,#12258,.F.);
#10509=ORIENTED_EDGE('',*,*,#12181,.T.);
#10510=ORIENTED_EDGE('',*,*,#12260,.T.);
#10511=ORIENTED_EDGE('',*,*,#11765,.F.);
#10512=ORIENTED_EDGE('',*,*,#12259,.F.);
#10513=ORIENTED_EDGE('',*,*,#12180,.T.);
#10514=ORIENTED_EDGE('',*,*,#12261,.T.);
#10515=ORIENTED_EDGE('',*,*,#11766,.F.);
#10516=ORIENTED_EDGE('',*,*,#12260,.F.);
#10517=ORIENTED_EDGE('',*,*,#12179,.T.);
#10518=ORIENTED_EDGE('',*,*,#12262,.T.);
#10519=ORIENTED_EDGE('',*,*,#11767,.F.);
#10520=ORIENTED_EDGE('',*,*,#12261,.F.);
#10521=ORIENTED_EDGE('',*,*,#12178,.T.);
#10522=ORIENTED_EDGE('',*,*,#12263,.T.);
#10523=ORIENTED_EDGE('',*,*,#11768,.F.);
#10524=ORIENTED_EDGE('',*,*,#12262,.F.);
#10525=ORIENTED_EDGE('',*,*,#12177,.T.);
#10526=ORIENTED_EDGE('',*,*,#12264,.T.);
#10527=ORIENTED_EDGE('',*,*,#11769,.F.);
#10528=ORIENTED_EDGE('',*,*,#12263,.F.);
#10529=ORIENTED_EDGE('',*,*,#12176,.T.);
#10530=ORIENTED_EDGE('',*,*,#12265,.T.);
#10531=ORIENTED_EDGE('',*,*,#11770,.F.);
#10532=ORIENTED_EDGE('',*,*,#12264,.F.);
#10533=ORIENTED_EDGE('',*,*,#12175,.T.);
#10534=ORIENTED_EDGE('',*,*,#12266,.T.);
#10535=ORIENTED_EDGE('',*,*,#11771,.F.);
#10536=ORIENTED_EDGE('',*,*,#12265,.F.);
#10537=ORIENTED_EDGE('',*,*,#12174,.T.);
#10538=ORIENTED_EDGE('',*,*,#12267,.T.);
#10539=ORIENTED_EDGE('',*,*,#11772,.F.);
#10540=ORIENTED_EDGE('',*,*,#12266,.F.);
#10541=ORIENTED_EDGE('',*,*,#12173,.T.);
#10542=ORIENTED_EDGE('',*,*,#12268,.T.);
#10543=ORIENTED_EDGE('',*,*,#11773,.F.);
#10544=ORIENTED_EDGE('',*,*,#12267,.F.);
#10545=ORIENTED_EDGE('',*,*,#12172,.T.);
#10546=ORIENTED_EDGE('',*,*,#12269,.T.);
#10547=ORIENTED_EDGE('',*,*,#11774,.F.);
#10548=ORIENTED_EDGE('',*,*,#12268,.F.);
#10549=ORIENTED_EDGE('',*,*,#12171,.T.);
#10550=ORIENTED_EDGE('',*,*,#12270,.T.);
#10551=ORIENTED_EDGE('',*,*,#11775,.F.);
#10552=ORIENTED_EDGE('',*,*,#12269,.F.);
#10553=ORIENTED_EDGE('',*,*,#12170,.T.);
#10554=ORIENTED_EDGE('',*,*,#12271,.T.);
#10555=ORIENTED_EDGE('',*,*,#11776,.F.);
#10556=ORIENTED_EDGE('',*,*,#12270,.F.);
#10557=ORIENTED_EDGE('',*,*,#12169,.T.);
#10558=ORIENTED_EDGE('',*,*,#12272,.T.);
#10559=ORIENTED_EDGE('',*,*,#11777,.F.);
#10560=ORIENTED_EDGE('',*,*,#12271,.F.);
#10561=ORIENTED_EDGE('',*,*,#12168,.T.);
#10562=ORIENTED_EDGE('',*,*,#12273,.T.);
#10563=ORIENTED_EDGE('',*,*,#11778,.F.);
#10564=ORIENTED_EDGE('',*,*,#12272,.F.);
#10565=ORIENTED_EDGE('',*,*,#12167,.T.);
#10566=ORIENTED_EDGE('',*,*,#12274,.T.);
#10567=ORIENTED_EDGE('',*,*,#11779,.F.);
#10568=ORIENTED_EDGE('',*,*,#12273,.F.);
#10569=ORIENTED_EDGE('',*,*,#12166,.T.);
#10570=ORIENTED_EDGE('',*,*,#12275,.T.);
#10571=ORIENTED_EDGE('',*,*,#11780,.F.);
#10572=ORIENTED_EDGE('',*,*,#12274,.F.);
#10573=ORIENTED_EDGE('',*,*,#12165,.T.);
#10574=ORIENTED_EDGE('',*,*,#12276,.T.);
#10575=ORIENTED_EDGE('',*,*,#11781,.F.);
#10576=ORIENTED_EDGE('',*,*,#12275,.F.);
#10577=ORIENTED_EDGE('',*,*,#12164,.T.);
#10578=ORIENTED_EDGE('',*,*,#12277,.T.);
#10579=ORIENTED_EDGE('',*,*,#11782,.F.);
#10580=ORIENTED_EDGE('',*,*,#12276,.F.);
#10581=ORIENTED_EDGE('',*,*,#12163,.T.);
#10582=ORIENTED_EDGE('',*,*,#12278,.T.);
#10583=ORIENTED_EDGE('',*,*,#11783,.F.);
#10584=ORIENTED_EDGE('',*,*,#12277,.F.);
#10585=ORIENTED_EDGE('',*,*,#12162,.T.);
#10586=ORIENTED_EDGE('',*,*,#12279,.T.);
#10587=ORIENTED_EDGE('',*,*,#11784,.F.);
#10588=ORIENTED_EDGE('',*,*,#12278,.F.);
#10589=ORIENTED_EDGE('',*,*,#12161,.T.);
#10590=ORIENTED_EDGE('',*,*,#12280,.T.);
#10591=ORIENTED_EDGE('',*,*,#11785,.F.);
#10592=ORIENTED_EDGE('',*,*,#12279,.F.);
#10593=ORIENTED_EDGE('',*,*,#12160,.T.);
#10594=ORIENTED_EDGE('',*,*,#12281,.T.);
#10595=ORIENTED_EDGE('',*,*,#11786,.F.);
#10596=ORIENTED_EDGE('',*,*,#12280,.F.);
#10597=ORIENTED_EDGE('',*,*,#12159,.T.);
#10598=ORIENTED_EDGE('',*,*,#12282,.T.);
#10599=ORIENTED_EDGE('',*,*,#11787,.F.);
#10600=ORIENTED_EDGE('',*,*,#12281,.F.);
#10601=ORIENTED_EDGE('',*,*,#12158,.T.);
#10602=ORIENTED_EDGE('',*,*,#12283,.T.);
#10603=ORIENTED_EDGE('',*,*,#11788,.F.);
#10604=ORIENTED_EDGE('',*,*,#12282,.F.);
#10605=ORIENTED_EDGE('',*,*,#12157,.T.);
#10606=ORIENTED_EDGE('',*,*,#12284,.T.);
#10607=ORIENTED_EDGE('',*,*,#11789,.F.);
#10608=ORIENTED_EDGE('',*,*,#12283,.F.);
#10609=ORIENTED_EDGE('',*,*,#12156,.T.);
#10610=ORIENTED_EDGE('',*,*,#12285,.T.);
#10611=ORIENTED_EDGE('',*,*,#11790,.F.);
#10612=ORIENTED_EDGE('',*,*,#12284,.F.);
#10613=ORIENTED_EDGE('',*,*,#12155,.T.);
#10614=ORIENTED_EDGE('',*,*,#12286,.T.);
#10615=ORIENTED_EDGE('',*,*,#11791,.F.);
#10616=ORIENTED_EDGE('',*,*,#12285,.F.);
#10617=ORIENTED_EDGE('',*,*,#12154,.T.);
#10618=ORIENTED_EDGE('',*,*,#12287,.T.);
#10619=ORIENTED_EDGE('',*,*,#11792,.F.);
#10620=ORIENTED_EDGE('',*,*,#12286,.F.);
#10621=ORIENTED_EDGE('',*,*,#12153,.T.);
#10622=ORIENTED_EDGE('',*,*,#12288,.T.);
#10623=ORIENTED_EDGE('',*,*,#11793,.F.);
#10624=ORIENTED_EDGE('',*,*,#12287,.F.);
#10625=ORIENTED_EDGE('',*,*,#12152,.T.);
#10626=ORIENTED_EDGE('',*,*,#12289,.T.);
#10627=ORIENTED_EDGE('',*,*,#11794,.F.);
#10628=ORIENTED_EDGE('',*,*,#12288,.F.);
#10629=ORIENTED_EDGE('',*,*,#12151,.T.);
#10630=ORIENTED_EDGE('',*,*,#12290,.T.);
#10631=ORIENTED_EDGE('',*,*,#11795,.F.);
#10632=ORIENTED_EDGE('',*,*,#12289,.F.);
#10633=ORIENTED_EDGE('',*,*,#12150,.T.);
#10634=ORIENTED_EDGE('',*,*,#12291,.T.);
#10635=ORIENTED_EDGE('',*,*,#11796,.F.);
#10636=ORIENTED_EDGE('',*,*,#12290,.F.);
#10637=ORIENTED_EDGE('',*,*,#12149,.T.);
#10638=ORIENTED_EDGE('',*,*,#12292,.T.);
#10639=ORIENTED_EDGE('',*,*,#11797,.F.);
#10640=ORIENTED_EDGE('',*,*,#12291,.F.);
#10641=ORIENTED_EDGE('',*,*,#12148,.T.);
#10642=ORIENTED_EDGE('',*,*,#12293,.T.);
#10643=ORIENTED_EDGE('',*,*,#11798,.F.);
#10644=ORIENTED_EDGE('',*,*,#12292,.F.);
#10645=ORIENTED_EDGE('',*,*,#12147,.T.);
#10646=ORIENTED_EDGE('',*,*,#12294,.T.);
#10647=ORIENTED_EDGE('',*,*,#11799,.F.);
#10648=ORIENTED_EDGE('',*,*,#12293,.F.);
#10649=ORIENTED_EDGE('',*,*,#12146,.T.);
#10650=ORIENTED_EDGE('',*,*,#12295,.T.);
#10651=ORIENTED_EDGE('',*,*,#11800,.F.);
#10652=ORIENTED_EDGE('',*,*,#12294,.F.);
#10653=ORIENTED_EDGE('',*,*,#12145,.T.);
#10654=ORIENTED_EDGE('',*,*,#12296,.T.);
#10655=ORIENTED_EDGE('',*,*,#11801,.F.);
#10656=ORIENTED_EDGE('',*,*,#12295,.F.);
#10657=ORIENTED_EDGE('',*,*,#12144,.T.);
#10658=ORIENTED_EDGE('',*,*,#12297,.T.);
#10659=ORIENTED_EDGE('',*,*,#11802,.F.);
#10660=ORIENTED_EDGE('',*,*,#12296,.F.);
#10661=ORIENTED_EDGE('',*,*,#12143,.T.);
#10662=ORIENTED_EDGE('',*,*,#12298,.T.);
#10663=ORIENTED_EDGE('',*,*,#11803,.F.);
#10664=ORIENTED_EDGE('',*,*,#12297,.F.);
#10665=ORIENTED_EDGE('',*,*,#12142,.T.);
#10666=ORIENTED_EDGE('',*,*,#12299,.T.);
#10667=ORIENTED_EDGE('',*,*,#11804,.F.);
#10668=ORIENTED_EDGE('',*,*,#12298,.F.);
#10669=ORIENTED_EDGE('',*,*,#12141,.T.);
#10670=ORIENTED_EDGE('',*,*,#12300,.T.);
#10671=ORIENTED_EDGE('',*,*,#11805,.F.);
#10672=ORIENTED_EDGE('',*,*,#12299,.F.);
#10673=ORIENTED_EDGE('',*,*,#12140,.T.);
#10674=ORIENTED_EDGE('',*,*,#12301,.T.);
#10675=ORIENTED_EDGE('',*,*,#11806,.F.);
#10676=ORIENTED_EDGE('',*,*,#12300,.F.);
#10677=ORIENTED_EDGE('',*,*,#12139,.T.);
#10678=ORIENTED_EDGE('',*,*,#12302,.T.);
#10679=ORIENTED_EDGE('',*,*,#11807,.F.);
#10680=ORIENTED_EDGE('',*,*,#12301,.F.);
#10681=ORIENTED_EDGE('',*,*,#12138,.T.);
#10682=ORIENTED_EDGE('',*,*,#12303,.T.);
#10683=ORIENTED_EDGE('',*,*,#11808,.F.);
#10684=ORIENTED_EDGE('',*,*,#12302,.F.);
#10685=ORIENTED_EDGE('',*,*,#12137,.T.);
#10686=ORIENTED_EDGE('',*,*,#12304,.T.);
#10687=ORIENTED_EDGE('',*,*,#11809,.F.);
#10688=ORIENTED_EDGE('',*,*,#12303,.F.);
#10689=ORIENTED_EDGE('',*,*,#12136,.T.);
#10690=ORIENTED_EDGE('',*,*,#12305,.T.);
#10691=ORIENTED_EDGE('',*,*,#11810,.F.);
#10692=ORIENTED_EDGE('',*,*,#12304,.F.);
#10693=ORIENTED_EDGE('',*,*,#12135,.T.);
#10694=ORIENTED_EDGE('',*,*,#12306,.T.);
#10695=ORIENTED_EDGE('',*,*,#11811,.F.);
#10696=ORIENTED_EDGE('',*,*,#12305,.F.);
#10697=ORIENTED_EDGE('',*,*,#12134,.T.);
#10698=ORIENTED_EDGE('',*,*,#12307,.T.);
#10699=ORIENTED_EDGE('',*,*,#11812,.F.);
#10700=ORIENTED_EDGE('',*,*,#12306,.F.);
#10701=ORIENTED_EDGE('',*,*,#12133,.T.);
#10702=ORIENTED_EDGE('',*,*,#12308,.T.);
#10703=ORIENTED_EDGE('',*,*,#11813,.F.);
#10704=ORIENTED_EDGE('',*,*,#12307,.F.);
#10705=ORIENTED_EDGE('',*,*,#12132,.T.);
#10706=ORIENTED_EDGE('',*,*,#12309,.T.);
#10707=ORIENTED_EDGE('',*,*,#11814,.F.);
#10708=ORIENTED_EDGE('',*,*,#12308,.F.);
#10709=ORIENTED_EDGE('',*,*,#12131,.T.);
#10710=ORIENTED_EDGE('',*,*,#12310,.T.);
#10711=ORIENTED_EDGE('',*,*,#11815,.F.);
#10712=ORIENTED_EDGE('',*,*,#12309,.F.);
#10713=ORIENTED_EDGE('',*,*,#12130,.T.);
#10714=ORIENTED_EDGE('',*,*,#12311,.T.);
#10715=ORIENTED_EDGE('',*,*,#11816,.F.);
#10716=ORIENTED_EDGE('',*,*,#12310,.F.);
#10717=ORIENTED_EDGE('',*,*,#12129,.T.);
#10718=ORIENTED_EDGE('',*,*,#12312,.T.);
#10719=ORIENTED_EDGE('',*,*,#11817,.F.);
#10720=ORIENTED_EDGE('',*,*,#12311,.F.);
#10721=ORIENTED_EDGE('',*,*,#12128,.T.);
#10722=ORIENTED_EDGE('',*,*,#12313,.T.);
#10723=ORIENTED_EDGE('',*,*,#11818,.F.);
#10724=ORIENTED_EDGE('',*,*,#12312,.F.);
#10725=ORIENTED_EDGE('',*,*,#12127,.T.);
#10726=ORIENTED_EDGE('',*,*,#12314,.T.);
#10727=ORIENTED_EDGE('',*,*,#11819,.F.);
#10728=ORIENTED_EDGE('',*,*,#12313,.F.);
#10729=ORIENTED_EDGE('',*,*,#12126,.T.);
#10730=ORIENTED_EDGE('',*,*,#12315,.T.);
#10731=ORIENTED_EDGE('',*,*,#11820,.F.);
#10732=ORIENTED_EDGE('',*,*,#12314,.F.);
#10733=ORIENTED_EDGE('',*,*,#12125,.T.);
#10734=ORIENTED_EDGE('',*,*,#12316,.T.);
#10735=ORIENTED_EDGE('',*,*,#11821,.F.);
#10736=ORIENTED_EDGE('',*,*,#12315,.F.);
#10737=ORIENTED_EDGE('',*,*,#12124,.T.);
#10738=ORIENTED_EDGE('',*,*,#12317,.T.);
#10739=ORIENTED_EDGE('',*,*,#11822,.F.);
#10740=ORIENTED_EDGE('',*,*,#12316,.F.);
#10741=ORIENTED_EDGE('',*,*,#12123,.T.);
#10742=ORIENTED_EDGE('',*,*,#12318,.T.);
#10743=ORIENTED_EDGE('',*,*,#11823,.F.);
#10744=ORIENTED_EDGE('',*,*,#12317,.F.);
#10745=ORIENTED_EDGE('',*,*,#12122,.T.);
#10746=ORIENTED_EDGE('',*,*,#12319,.T.);
#10747=ORIENTED_EDGE('',*,*,#11824,.F.);
#10748=ORIENTED_EDGE('',*,*,#12318,.F.);
#10749=ORIENTED_EDGE('',*,*,#12121,.T.);
#10750=ORIENTED_EDGE('',*,*,#12320,.T.);
#10751=ORIENTED_EDGE('',*,*,#11825,.F.);
#10752=ORIENTED_EDGE('',*,*,#12319,.F.);
#10753=ORIENTED_EDGE('',*,*,#12120,.T.);
#10754=ORIENTED_EDGE('',*,*,#12321,.T.);
#10755=ORIENTED_EDGE('',*,*,#11826,.F.);
#10756=ORIENTED_EDGE('',*,*,#12320,.F.);
#10757=ORIENTED_EDGE('',*,*,#12119,.T.);
#10758=ORIENTED_EDGE('',*,*,#12322,.T.);
#10759=ORIENTED_EDGE('',*,*,#11827,.F.);
#10760=ORIENTED_EDGE('',*,*,#12321,.F.);
#10761=ORIENTED_EDGE('',*,*,#12118,.T.);
#10762=ORIENTED_EDGE('',*,*,#12323,.T.);
#10763=ORIENTED_EDGE('',*,*,#11828,.F.);
#10764=ORIENTED_EDGE('',*,*,#12322,.F.);
#10765=ORIENTED_EDGE('',*,*,#12117,.T.);
#10766=ORIENTED_EDGE('',*,*,#12324,.T.);
#10767=ORIENTED_EDGE('',*,*,#11829,.F.);
#10768=ORIENTED_EDGE('',*,*,#12323,.F.);
#10769=ORIENTED_EDGE('',*,*,#12116,.T.);
#10770=ORIENTED_EDGE('',*,*,#12325,.T.);
#10771=ORIENTED_EDGE('',*,*,#11830,.F.);
#10772=ORIENTED_EDGE('',*,*,#12324,.F.);
#10773=ORIENTED_EDGE('',*,*,#12326,.T.);
#10774=ORIENTED_EDGE('',*,*,#11831,.F.);
#10775=ORIENTED_EDGE('',*,*,#12325,.F.);
#10776=ORIENTED_EDGE('',*,*,#12115,.T.);
#10777=ORIENTED_EDGE('',*,*,#12114,.T.);
#10778=ORIENTED_EDGE('',*,*,#12327,.T.);
#10779=ORIENTED_EDGE('',*,*,#11832,.F.);
#10780=ORIENTED_EDGE('',*,*,#12326,.F.);
#10781=ORIENTED_EDGE('',*,*,#12113,.T.);
#10782=ORIENTED_EDGE('',*,*,#12328,.T.);
#10783=ORIENTED_EDGE('',*,*,#11833,.F.);
#10784=ORIENTED_EDGE('',*,*,#12327,.F.);
#10785=ORIENTED_EDGE('',*,*,#12112,.T.);
#10786=ORIENTED_EDGE('',*,*,#12329,.T.);
#10787=ORIENTED_EDGE('',*,*,#11834,.F.);
#10788=ORIENTED_EDGE('',*,*,#12328,.F.);
#10789=ORIENTED_EDGE('',*,*,#12111,.T.);
#10790=ORIENTED_EDGE('',*,*,#12330,.T.);
#10791=ORIENTED_EDGE('',*,*,#11835,.F.);
#10792=ORIENTED_EDGE('',*,*,#12329,.F.);
#10793=ORIENTED_EDGE('',*,*,#12110,.T.);
#10794=ORIENTED_EDGE('',*,*,#12331,.T.);
#10795=ORIENTED_EDGE('',*,*,#11836,.F.);
#10796=ORIENTED_EDGE('',*,*,#12330,.F.);
#10797=ORIENTED_EDGE('',*,*,#12109,.T.);
#10798=ORIENTED_EDGE('',*,*,#12332,.T.);
#10799=ORIENTED_EDGE('',*,*,#11837,.F.);
#10800=ORIENTED_EDGE('',*,*,#12331,.F.);
#10801=ORIENTED_EDGE('',*,*,#12108,.T.);
#10802=ORIENTED_EDGE('',*,*,#12333,.T.);
#10803=ORIENTED_EDGE('',*,*,#11838,.F.);
#10804=ORIENTED_EDGE('',*,*,#12332,.F.);
#10805=ORIENTED_EDGE('',*,*,#12107,.T.);
#10806=ORIENTED_EDGE('',*,*,#12334,.T.);
#10807=ORIENTED_EDGE('',*,*,#11839,.F.);
#10808=ORIENTED_EDGE('',*,*,#12333,.F.);
#10809=ORIENTED_EDGE('',*,*,#12106,.T.);
#10810=ORIENTED_EDGE('',*,*,#12335,.T.);
#10811=ORIENTED_EDGE('',*,*,#11840,.F.);
#10812=ORIENTED_EDGE('',*,*,#12334,.F.);
#10813=ORIENTED_EDGE('',*,*,#12105,.T.);
#10814=ORIENTED_EDGE('',*,*,#12336,.T.);
#10815=ORIENTED_EDGE('',*,*,#11841,.F.);
#10816=ORIENTED_EDGE('',*,*,#12335,.F.);
#10817=ORIENTED_EDGE('',*,*,#12104,.T.);
#10818=ORIENTED_EDGE('',*,*,#12337,.T.);
#10819=ORIENTED_EDGE('',*,*,#11842,.F.);
#10820=ORIENTED_EDGE('',*,*,#12336,.F.);
#10821=ORIENTED_EDGE('',*,*,#12103,.T.);
#10822=ORIENTED_EDGE('',*,*,#12338,.T.);
#10823=ORIENTED_EDGE('',*,*,#11843,.F.);
#10824=ORIENTED_EDGE('',*,*,#12337,.F.);
#10825=ORIENTED_EDGE('',*,*,#12102,.T.);
#10826=ORIENTED_EDGE('',*,*,#12339,.T.);
#10827=ORIENTED_EDGE('',*,*,#11844,.F.);
#10828=ORIENTED_EDGE('',*,*,#12338,.F.);
#10829=ORIENTED_EDGE('',*,*,#12340,.T.);
#10830=ORIENTED_EDGE('',*,*,#11845,.F.);
#10831=ORIENTED_EDGE('',*,*,#12339,.F.);
#10832=ORIENTED_EDGE('',*,*,#12101,.T.);
#10833=ORIENTED_EDGE('',*,*,#12100,.T.);
#10834=ORIENTED_EDGE('',*,*,#12341,.T.);
#10835=ORIENTED_EDGE('',*,*,#11846,.F.);
#10836=ORIENTED_EDGE('',*,*,#12340,.F.);
#10837=ORIENTED_EDGE('',*,*,#12099,.T.);
#10838=ORIENTED_EDGE('',*,*,#12342,.T.);
#10839=ORIENTED_EDGE('',*,*,#11847,.F.);
#10840=ORIENTED_EDGE('',*,*,#12341,.F.);
#10841=ORIENTED_EDGE('',*,*,#12098,.T.);
#10842=ORIENTED_EDGE('',*,*,#12343,.T.);
#10843=ORIENTED_EDGE('',*,*,#11848,.F.);
#10844=ORIENTED_EDGE('',*,*,#12342,.F.);
#10845=ORIENTED_EDGE('',*,*,#12344,.T.);
#10846=ORIENTED_EDGE('',*,*,#11849,.F.);
#10847=ORIENTED_EDGE('',*,*,#12343,.F.);
#10848=ORIENTED_EDGE('',*,*,#12097,.T.);
#10849=ORIENTED_EDGE('',*,*,#12096,.T.);
#10850=ORIENTED_EDGE('',*,*,#12345,.T.);
#10851=ORIENTED_EDGE('',*,*,#11850,.F.);
#10852=ORIENTED_EDGE('',*,*,#12344,.F.);
#10853=ORIENTED_EDGE('',*,*,#12095,.T.);
#10854=ORIENTED_EDGE('',*,*,#12346,.T.);
#10855=ORIENTED_EDGE('',*,*,#11851,.F.);
#10856=ORIENTED_EDGE('',*,*,#12345,.F.);
#10857=ORIENTED_EDGE('',*,*,#12094,.T.);
#10858=ORIENTED_EDGE('',*,*,#12347,.T.);
#10859=ORIENTED_EDGE('',*,*,#11852,.F.);
#10860=ORIENTED_EDGE('',*,*,#12346,.F.);
#10861=ORIENTED_EDGE('',*,*,#12348,.T.);
#10862=ORIENTED_EDGE('',*,*,#11853,.F.);
#10863=ORIENTED_EDGE('',*,*,#12347,.F.);
#10864=ORIENTED_EDGE('',*,*,#12093,.T.);
#10865=ORIENTED_EDGE('',*,*,#12092,.T.);
#10866=ORIENTED_EDGE('',*,*,#12349,.T.);
#10867=ORIENTED_EDGE('',*,*,#11854,.F.);
#10868=ORIENTED_EDGE('',*,*,#12348,.F.);
#10869=ORIENTED_EDGE('',*,*,#12091,.T.);
#10870=ORIENTED_EDGE('',*,*,#12350,.T.);
#10871=ORIENTED_EDGE('',*,*,#11855,.F.);
#10872=ORIENTED_EDGE('',*,*,#12349,.F.);
#10873=ORIENTED_EDGE('',*,*,#12090,.T.);
#10874=ORIENTED_EDGE('',*,*,#12351,.T.);
#10875=ORIENTED_EDGE('',*,*,#11856,.F.);
#10876=ORIENTED_EDGE('',*,*,#12350,.F.);
#10877=ORIENTED_EDGE('',*,*,#12352,.T.);
#10878=ORIENTED_EDGE('',*,*,#11857,.F.);
#10879=ORIENTED_EDGE('',*,*,#12351,.F.);
#10880=ORIENTED_EDGE('',*,*,#12089,.T.);
#10881=ORIENTED_EDGE('',*,*,#12088,.T.);
#10882=ORIENTED_EDGE('',*,*,#12353,.T.);
#10883=ORIENTED_EDGE('',*,*,#11858,.F.);
#10884=ORIENTED_EDGE('',*,*,#12352,.F.);
#10885=ORIENTED_EDGE('',*,*,#12087,.T.);
#10886=ORIENTED_EDGE('',*,*,#12354,.T.);
#10887=ORIENTED_EDGE('',*,*,#11859,.F.);
#10888=ORIENTED_EDGE('',*,*,#12353,.F.);
#10889=ORIENTED_EDGE('',*,*,#12086,.T.);
#10890=ORIENTED_EDGE('',*,*,#12355,.T.);
#10891=ORIENTED_EDGE('',*,*,#11860,.F.);
#10892=ORIENTED_EDGE('',*,*,#12354,.F.);
#10893=ORIENTED_EDGE('',*,*,#12356,.T.);
#10894=ORIENTED_EDGE('',*,*,#11861,.F.);
#10895=ORIENTED_EDGE('',*,*,#12355,.F.);
#10896=ORIENTED_EDGE('',*,*,#12085,.T.);
#10897=ORIENTED_EDGE('',*,*,#12084,.T.);
#10898=ORIENTED_EDGE('',*,*,#12357,.T.);
#10899=ORIENTED_EDGE('',*,*,#11862,.F.);
#10900=ORIENTED_EDGE('',*,*,#12356,.F.);
#10901=ORIENTED_EDGE('',*,*,#12083,.T.);
#10902=ORIENTED_EDGE('',*,*,#12358,.T.);
#10903=ORIENTED_EDGE('',*,*,#11863,.F.);
#10904=ORIENTED_EDGE('',*,*,#12357,.F.);
#10905=ORIENTED_EDGE('',*,*,#12082,.T.);
#10906=ORIENTED_EDGE('',*,*,#12359,.T.);
#10907=ORIENTED_EDGE('',*,*,#11864,.F.);
#10908=ORIENTED_EDGE('',*,*,#12358,.F.);
#10909=ORIENTED_EDGE('',*,*,#12360,.T.);
#10910=ORIENTED_EDGE('',*,*,#11865,.F.);
#10911=ORIENTED_EDGE('',*,*,#12359,.F.);
#10912=ORIENTED_EDGE('',*,*,#12081,.T.);
#10913=ORIENTED_EDGE('',*,*,#12080,.T.);
#10914=ORIENTED_EDGE('',*,*,#12361,.T.);
#10915=ORIENTED_EDGE('',*,*,#11866,.F.);
#10916=ORIENTED_EDGE('',*,*,#12360,.F.);
#10917=ORIENTED_EDGE('',*,*,#12079,.T.);
#10918=ORIENTED_EDGE('',*,*,#12362,.T.);
#10919=ORIENTED_EDGE('',*,*,#11867,.F.);
#10920=ORIENTED_EDGE('',*,*,#12361,.F.);
#10921=ORIENTED_EDGE('',*,*,#12078,.T.);
#10922=ORIENTED_EDGE('',*,*,#12363,.T.);
#10923=ORIENTED_EDGE('',*,*,#11868,.F.);
#10924=ORIENTED_EDGE('',*,*,#12362,.F.);
#10925=ORIENTED_EDGE('',*,*,#12364,.T.);
#10926=ORIENTED_EDGE('',*,*,#11869,.F.);
#10927=ORIENTED_EDGE('',*,*,#12363,.F.);
#10928=ORIENTED_EDGE('',*,*,#12077,.T.);
#10929=ORIENTED_EDGE('',*,*,#12076,.T.);
#10930=ORIENTED_EDGE('',*,*,#12365,.T.);
#10931=ORIENTED_EDGE('',*,*,#11870,.F.);
#10932=ORIENTED_EDGE('',*,*,#12364,.F.);
#10933=ORIENTED_EDGE('',*,*,#12075,.T.);
#10934=ORIENTED_EDGE('',*,*,#12366,.T.);
#10935=ORIENTED_EDGE('',*,*,#11871,.F.);
#10936=ORIENTED_EDGE('',*,*,#12365,.F.);
#10937=ORIENTED_EDGE('',*,*,#12074,.T.);
#10938=ORIENTED_EDGE('',*,*,#12367,.T.);
#10939=ORIENTED_EDGE('',*,*,#11872,.F.);
#10940=ORIENTED_EDGE('',*,*,#12366,.F.);
#10941=ORIENTED_EDGE('',*,*,#12368,.T.);
#10942=ORIENTED_EDGE('',*,*,#11873,.F.);
#10943=ORIENTED_EDGE('',*,*,#12367,.F.);
#10944=ORIENTED_EDGE('',*,*,#12073,.T.);
#10945=ORIENTED_EDGE('',*,*,#12072,.T.);
#10946=ORIENTED_EDGE('',*,*,#12369,.T.);
#10947=ORIENTED_EDGE('',*,*,#11874,.F.);
#10948=ORIENTED_EDGE('',*,*,#12368,.F.);
#10949=ORIENTED_EDGE('',*,*,#12071,.T.);
#10950=ORIENTED_EDGE('',*,*,#12370,.T.);
#10951=ORIENTED_EDGE('',*,*,#11875,.F.);
#10952=ORIENTED_EDGE('',*,*,#12369,.F.);
#10953=ORIENTED_EDGE('',*,*,#12070,.T.);
#10954=ORIENTED_EDGE('',*,*,#12371,.T.);
#10955=ORIENTED_EDGE('',*,*,#11876,.F.);
#10956=ORIENTED_EDGE('',*,*,#12370,.F.);
#10957=ORIENTED_EDGE('',*,*,#12372,.T.);
#10958=ORIENTED_EDGE('',*,*,#11877,.F.);
#10959=ORIENTED_EDGE('',*,*,#12371,.F.);
#10960=ORIENTED_EDGE('',*,*,#12069,.T.);
#10961=ORIENTED_EDGE('',*,*,#12068,.T.);
#10962=ORIENTED_EDGE('',*,*,#12373,.T.);
#10963=ORIENTED_EDGE('',*,*,#11878,.F.);
#10964=ORIENTED_EDGE('',*,*,#12372,.F.);
#10965=ORIENTED_EDGE('',*,*,#12067,.T.);
#10966=ORIENTED_EDGE('',*,*,#12374,.T.);
#10967=ORIENTED_EDGE('',*,*,#11879,.F.);
#10968=ORIENTED_EDGE('',*,*,#12373,.F.);
#10969=ORIENTED_EDGE('',*,*,#12066,.T.);
#10970=ORIENTED_EDGE('',*,*,#12375,.T.);
#10971=ORIENTED_EDGE('',*,*,#11880,.F.);
#10972=ORIENTED_EDGE('',*,*,#12374,.F.);
#10973=ORIENTED_EDGE('',*,*,#12376,.T.);
#10974=ORIENTED_EDGE('',*,*,#11881,.F.);
#10975=ORIENTED_EDGE('',*,*,#12375,.F.);
#10976=ORIENTED_EDGE('',*,*,#12065,.T.);
#10977=ORIENTED_EDGE('',*,*,#12064,.T.);
#10978=ORIENTED_EDGE('',*,*,#12377,.T.);
#10979=ORIENTED_EDGE('',*,*,#11882,.F.);
#10980=ORIENTED_EDGE('',*,*,#12376,.F.);
#10981=ORIENTED_EDGE('',*,*,#12063,.T.);
#10982=ORIENTED_EDGE('',*,*,#12378,.T.);
#10983=ORIENTED_EDGE('',*,*,#11883,.F.);
#10984=ORIENTED_EDGE('',*,*,#12377,.F.);
#10985=ORIENTED_EDGE('',*,*,#12062,.T.);
#10986=ORIENTED_EDGE('',*,*,#12379,.T.);
#10987=ORIENTED_EDGE('',*,*,#11884,.F.);
#10988=ORIENTED_EDGE('',*,*,#12378,.F.);
#10989=ORIENTED_EDGE('',*,*,#12380,.T.);
#10990=ORIENTED_EDGE('',*,*,#11885,.F.);
#10991=ORIENTED_EDGE('',*,*,#12379,.F.);
#10992=ORIENTED_EDGE('',*,*,#12061,.T.);
#10993=ORIENTED_EDGE('',*,*,#12060,.T.);
#10994=ORIENTED_EDGE('',*,*,#12381,.T.);
#10995=ORIENTED_EDGE('',*,*,#11886,.F.);
#10996=ORIENTED_EDGE('',*,*,#12380,.F.);
#10997=ORIENTED_EDGE('',*,*,#12059,.T.);
#10998=ORIENTED_EDGE('',*,*,#12382,.T.);
#10999=ORIENTED_EDGE('',*,*,#11887,.F.);
#11000=ORIENTED_EDGE('',*,*,#12381,.F.);
#11001=ORIENTED_EDGE('',*,*,#12058,.T.);
#11002=ORIENTED_EDGE('',*,*,#12383,.T.);
#11003=ORIENTED_EDGE('',*,*,#11888,.F.);
#11004=ORIENTED_EDGE('',*,*,#12382,.F.);
#11005=ORIENTED_EDGE('',*,*,#12384,.T.);
#11006=ORIENTED_EDGE('',*,*,#11889,.F.);
#11007=ORIENTED_EDGE('',*,*,#12383,.F.);
#11008=ORIENTED_EDGE('',*,*,#12057,.T.);
#11009=ORIENTED_EDGE('',*,*,#12056,.T.);
#11010=ORIENTED_EDGE('',*,*,#12385,.T.);
#11011=ORIENTED_EDGE('',*,*,#11890,.F.);
#11012=ORIENTED_EDGE('',*,*,#12384,.F.);
#11013=ORIENTED_EDGE('',*,*,#12055,.T.);
#11014=ORIENTED_EDGE('',*,*,#12386,.T.);
#11015=ORIENTED_EDGE('',*,*,#11891,.F.);
#11016=ORIENTED_EDGE('',*,*,#12385,.F.);
#11017=ORIENTED_EDGE('',*,*,#12054,.T.);
#11018=ORIENTED_EDGE('',*,*,#12387,.T.);
#11019=ORIENTED_EDGE('',*,*,#11892,.F.);
#11020=ORIENTED_EDGE('',*,*,#12386,.F.);
#11021=ORIENTED_EDGE('',*,*,#12388,.T.);
#11022=ORIENTED_EDGE('',*,*,#11893,.F.);
#11023=ORIENTED_EDGE('',*,*,#12387,.F.);
#11024=ORIENTED_EDGE('',*,*,#12053,.T.);
#11025=ORIENTED_EDGE('',*,*,#12052,.T.);
#11026=ORIENTED_EDGE('',*,*,#12389,.T.);
#11027=ORIENTED_EDGE('',*,*,#11894,.F.);
#11028=ORIENTED_EDGE('',*,*,#12388,.F.);
#11029=ORIENTED_EDGE('',*,*,#12051,.T.);
#11030=ORIENTED_EDGE('',*,*,#12390,.T.);
#11031=ORIENTED_EDGE('',*,*,#11895,.F.);
#11032=ORIENTED_EDGE('',*,*,#12389,.F.);
#11033=ORIENTED_EDGE('',*,*,#12050,.T.);
#11034=ORIENTED_EDGE('',*,*,#12391,.T.);
#11035=ORIENTED_EDGE('',*,*,#11896,.F.);
#11036=ORIENTED_EDGE('',*,*,#12390,.F.);
#11037=ORIENTED_EDGE('',*,*,#12392,.T.);
#11038=ORIENTED_EDGE('',*,*,#11897,.F.);
#11039=ORIENTED_EDGE('',*,*,#12391,.F.);
#11040=ORIENTED_EDGE('',*,*,#12049,.T.);
#11041=ORIENTED_EDGE('',*,*,#12048,.T.);
#11042=ORIENTED_EDGE('',*,*,#12393,.T.);
#11043=ORIENTED_EDGE('',*,*,#11898,.F.);
#11044=ORIENTED_EDGE('',*,*,#12392,.F.);
#11045=ORIENTED_EDGE('',*,*,#12047,.T.);
#11046=ORIENTED_EDGE('',*,*,#12394,.T.);
#11047=ORIENTED_EDGE('',*,*,#11899,.F.);
#11048=ORIENTED_EDGE('',*,*,#12393,.F.);
#11049=ORIENTED_EDGE('',*,*,#12046,.T.);
#11050=ORIENTED_EDGE('',*,*,#12395,.T.);
#11051=ORIENTED_EDGE('',*,*,#11900,.F.);
#11052=ORIENTED_EDGE('',*,*,#12394,.F.);
#11053=ORIENTED_EDGE('',*,*,#12396,.T.);
#11054=ORIENTED_EDGE('',*,*,#11901,.F.);
#11055=ORIENTED_EDGE('',*,*,#12395,.F.);
#11056=ORIENTED_EDGE('',*,*,#12045,.T.);
#11057=ORIENTED_EDGE('',*,*,#12044,.T.);
#11058=ORIENTED_EDGE('',*,*,#12397,.T.);
#11059=ORIENTED_EDGE('',*,*,#11902,.F.);
#11060=ORIENTED_EDGE('',*,*,#12396,.F.);
#11061=ORIENTED_EDGE('',*,*,#12043,.T.);
#11062=ORIENTED_EDGE('',*,*,#12398,.T.);
#11063=ORIENTED_EDGE('',*,*,#11903,.F.);
#11064=ORIENTED_EDGE('',*,*,#12397,.F.);
#11065=ORIENTED_EDGE('',*,*,#12042,.T.);
#11066=ORIENTED_EDGE('',*,*,#12399,.T.);
#11067=ORIENTED_EDGE('',*,*,#11904,.F.);
#11068=ORIENTED_EDGE('',*,*,#12398,.F.);
#11069=ORIENTED_EDGE('',*,*,#12400,.T.);
#11070=ORIENTED_EDGE('',*,*,#11905,.F.);
#11071=ORIENTED_EDGE('',*,*,#12399,.F.);
#11072=ORIENTED_EDGE('',*,*,#12041,.T.);
#11073=ORIENTED_EDGE('',*,*,#12040,.T.);
#11074=ORIENTED_EDGE('',*,*,#12401,.T.);
#11075=ORIENTED_EDGE('',*,*,#11906,.F.);
#11076=ORIENTED_EDGE('',*,*,#12400,.F.);
#11077=ORIENTED_EDGE('',*,*,#12039,.T.);
#11078=ORIENTED_EDGE('',*,*,#12402,.T.);
#11079=ORIENTED_EDGE('',*,*,#11907,.F.);
#11080=ORIENTED_EDGE('',*,*,#12401,.F.);
#11081=ORIENTED_EDGE('',*,*,#12038,.T.);
#11082=ORIENTED_EDGE('',*,*,#12403,.T.);
#11083=ORIENTED_EDGE('',*,*,#11908,.F.);
#11084=ORIENTED_EDGE('',*,*,#12402,.F.);
#11085=ORIENTED_EDGE('',*,*,#12404,.T.);
#11086=ORIENTED_EDGE('',*,*,#11909,.F.);
#11087=ORIENTED_EDGE('',*,*,#12403,.F.);
#11088=ORIENTED_EDGE('',*,*,#12037,.T.);
#11089=ORIENTED_EDGE('',*,*,#12036,.T.);
#11090=ORIENTED_EDGE('',*,*,#12405,.T.);
#11091=ORIENTED_EDGE('',*,*,#11910,.F.);
#11092=ORIENTED_EDGE('',*,*,#12404,.F.);
#11093=ORIENTED_EDGE('',*,*,#12035,.T.);
#11094=ORIENTED_EDGE('',*,*,#12406,.T.);
#11095=ORIENTED_EDGE('',*,*,#11911,.F.);
#11096=ORIENTED_EDGE('',*,*,#12405,.F.);
#11097=ORIENTED_EDGE('',*,*,#12034,.T.);
#11098=ORIENTED_EDGE('',*,*,#12407,.T.);
#11099=ORIENTED_EDGE('',*,*,#11912,.F.);
#11100=ORIENTED_EDGE('',*,*,#12406,.F.);
#11101=ORIENTED_EDGE('',*,*,#12408,.T.);
#11102=ORIENTED_EDGE('',*,*,#11913,.F.);
#11103=ORIENTED_EDGE('',*,*,#12407,.F.);
#11104=ORIENTED_EDGE('',*,*,#12033,.T.);
#11105=ORIENTED_EDGE('',*,*,#12032,.T.);
#11106=ORIENTED_EDGE('',*,*,#12409,.T.);
#11107=ORIENTED_EDGE('',*,*,#11914,.F.);
#11108=ORIENTED_EDGE('',*,*,#12408,.F.);
#11109=ORIENTED_EDGE('',*,*,#12031,.T.);
#11110=ORIENTED_EDGE('',*,*,#12410,.T.);
#11111=ORIENTED_EDGE('',*,*,#11915,.F.);
#11112=ORIENTED_EDGE('',*,*,#12409,.F.);
#11113=ORIENTED_EDGE('',*,*,#12030,.T.);
#11114=ORIENTED_EDGE('',*,*,#12411,.T.);
#11115=ORIENTED_EDGE('',*,*,#11916,.F.);
#11116=ORIENTED_EDGE('',*,*,#12410,.F.);
#11117=ORIENTED_EDGE('',*,*,#12412,.T.);
#11118=ORIENTED_EDGE('',*,*,#11917,.F.);
#11119=ORIENTED_EDGE('',*,*,#12411,.F.);
#11120=ORIENTED_EDGE('',*,*,#12029,.T.);
#11121=ORIENTED_EDGE('',*,*,#12028,.T.);
#11122=ORIENTED_EDGE('',*,*,#12413,.T.);
#11123=ORIENTED_EDGE('',*,*,#11918,.F.);
#11124=ORIENTED_EDGE('',*,*,#12412,.F.);
#11125=ORIENTED_EDGE('',*,*,#12027,.T.);
#11126=ORIENTED_EDGE('',*,*,#12414,.T.);
#11127=ORIENTED_EDGE('',*,*,#11919,.F.);
#11128=ORIENTED_EDGE('',*,*,#12413,.F.);
#11129=ORIENTED_EDGE('',*,*,#12026,.T.);
#11130=ORIENTED_EDGE('',*,*,#12415,.T.);
#11131=ORIENTED_EDGE('',*,*,#11920,.F.);
#11132=ORIENTED_EDGE('',*,*,#12414,.F.);
#11133=ORIENTED_EDGE('',*,*,#12416,.T.);
#11134=ORIENTED_EDGE('',*,*,#11921,.F.);
#11135=ORIENTED_EDGE('',*,*,#12415,.F.);
#11136=ORIENTED_EDGE('',*,*,#12025,.T.);
#11137=ORIENTED_EDGE('',*,*,#12024,.T.);
#11138=ORIENTED_EDGE('',*,*,#12417,.T.);
#11139=ORIENTED_EDGE('',*,*,#11922,.F.);
#11140=ORIENTED_EDGE('',*,*,#12416,.F.);
#11141=ORIENTED_EDGE('',*,*,#12023,.T.);
#11142=ORIENTED_EDGE('',*,*,#12418,.T.);
#11143=ORIENTED_EDGE('',*,*,#11923,.F.);
#11144=ORIENTED_EDGE('',*,*,#12417,.F.);
#11145=ORIENTED_EDGE('',*,*,#12022,.T.);
#11146=ORIENTED_EDGE('',*,*,#12419,.T.);
#11147=ORIENTED_EDGE('',*,*,#11924,.F.);
#11148=ORIENTED_EDGE('',*,*,#12418,.F.);
#11149=ORIENTED_EDGE('',*,*,#12420,.T.);
#11150=ORIENTED_EDGE('',*,*,#11925,.F.);
#11151=ORIENTED_EDGE('',*,*,#12419,.F.);
#11152=ORIENTED_EDGE('',*,*,#12021,.T.);
#11153=ORIENTED_EDGE('',*,*,#12020,.T.);
#11154=ORIENTED_EDGE('',*,*,#12421,.T.);
#11155=ORIENTED_EDGE('',*,*,#11926,.F.);
#11156=ORIENTED_EDGE('',*,*,#12420,.F.);
#11157=ORIENTED_EDGE('',*,*,#12019,.T.);
#11158=ORIENTED_EDGE('',*,*,#12422,.T.);
#11159=ORIENTED_EDGE('',*,*,#11927,.F.);
#11160=ORIENTED_EDGE('',*,*,#12421,.F.);
#11161=ORIENTED_EDGE('',*,*,#12018,.T.);
#11162=ORIENTED_EDGE('',*,*,#12423,.T.);
#11163=ORIENTED_EDGE('',*,*,#11928,.F.);
#11164=ORIENTED_EDGE('',*,*,#12422,.F.);
#11165=ORIENTED_EDGE('',*,*,#12424,.T.);
#11166=ORIENTED_EDGE('',*,*,#11929,.F.);
#11167=ORIENTED_EDGE('',*,*,#12423,.F.);
#11168=ORIENTED_EDGE('',*,*,#12017,.T.);
#11169=ORIENTED_EDGE('',*,*,#12016,.T.);
#11170=ORIENTED_EDGE('',*,*,#12425,.T.);
#11171=ORIENTED_EDGE('',*,*,#11930,.F.);
#11172=ORIENTED_EDGE('',*,*,#12424,.F.);
#11173=ORIENTED_EDGE('',*,*,#12015,.T.);
#11174=ORIENTED_EDGE('',*,*,#12426,.T.);
#11175=ORIENTED_EDGE('',*,*,#11931,.F.);
#11176=ORIENTED_EDGE('',*,*,#12425,.F.);
#11177=ORIENTED_EDGE('',*,*,#12014,.T.);
#11178=ORIENTED_EDGE('',*,*,#12427,.T.);
#11179=ORIENTED_EDGE('',*,*,#11932,.F.);
#11180=ORIENTED_EDGE('',*,*,#12426,.F.);
#11181=ORIENTED_EDGE('',*,*,#12428,.T.);
#11182=ORIENTED_EDGE('',*,*,#11933,.F.);
#11183=ORIENTED_EDGE('',*,*,#12427,.F.);
#11184=ORIENTED_EDGE('',*,*,#12013,.T.);
#11185=ORIENTED_EDGE('',*,*,#12012,.T.);
#11186=ORIENTED_EDGE('',*,*,#12429,.T.);
#11187=ORIENTED_EDGE('',*,*,#11934,.F.);
#11188=ORIENTED_EDGE('',*,*,#12428,.F.);
#11189=ORIENTED_EDGE('',*,*,#12011,.T.);
#11190=ORIENTED_EDGE('',*,*,#12430,.T.);
#11191=ORIENTED_EDGE('',*,*,#11935,.F.);
#11192=ORIENTED_EDGE('',*,*,#12429,.F.);
#11193=ORIENTED_EDGE('',*,*,#12010,.T.);
#11194=ORIENTED_EDGE('',*,*,#12431,.T.);
#11195=ORIENTED_EDGE('',*,*,#11936,.F.);
#11196=ORIENTED_EDGE('',*,*,#12430,.F.);
#11197=ORIENTED_EDGE('',*,*,#12432,.T.);
#11198=ORIENTED_EDGE('',*,*,#11937,.F.);
#11199=ORIENTED_EDGE('',*,*,#12431,.F.);
#11200=ORIENTED_EDGE('',*,*,#12009,.T.);
#11201=ORIENTED_EDGE('',*,*,#12008,.T.);
#11202=ORIENTED_EDGE('',*,*,#12433,.T.);
#11203=ORIENTED_EDGE('',*,*,#11938,.F.);
#11204=ORIENTED_EDGE('',*,*,#12432,.F.);
#11205=ORIENTED_EDGE('',*,*,#12007,.T.);
#11206=ORIENTED_EDGE('',*,*,#12434,.T.);
#11207=ORIENTED_EDGE('',*,*,#11939,.F.);
#11208=ORIENTED_EDGE('',*,*,#12433,.F.);
#11209=ORIENTED_EDGE('',*,*,#12006,.T.);
#11210=ORIENTED_EDGE('',*,*,#12435,.T.);
#11211=ORIENTED_EDGE('',*,*,#11940,.F.);
#11212=ORIENTED_EDGE('',*,*,#12434,.F.);
#11213=ORIENTED_EDGE('',*,*,#12436,.T.);
#11214=ORIENTED_EDGE('',*,*,#11941,.F.);
#11215=ORIENTED_EDGE('',*,*,#12435,.F.);
#11216=ORIENTED_EDGE('',*,*,#12005,.T.);
#11217=ORIENTED_EDGE('',*,*,#12004,.T.);
#11218=ORIENTED_EDGE('',*,*,#12437,.T.);
#11219=ORIENTED_EDGE('',*,*,#11942,.F.);
#11220=ORIENTED_EDGE('',*,*,#12436,.F.);
#11221=ORIENTED_EDGE('',*,*,#12003,.T.);
#11222=ORIENTED_EDGE('',*,*,#12438,.T.);
#11223=ORIENTED_EDGE('',*,*,#11943,.F.);
#11224=ORIENTED_EDGE('',*,*,#12437,.F.);
#11225=ORIENTED_EDGE('',*,*,#12002,.T.);
#11226=ORIENTED_EDGE('',*,*,#12439,.T.);
#11227=ORIENTED_EDGE('',*,*,#11944,.F.);
#11228=ORIENTED_EDGE('',*,*,#12438,.F.);
#11229=ORIENTED_EDGE('',*,*,#12001,.T.);
#11230=ORIENTED_EDGE('',*,*,#12440,.T.);
#11231=ORIENTED_EDGE('',*,*,#11945,.F.);
#11232=ORIENTED_EDGE('',*,*,#12439,.F.);
#11233=ORIENTED_EDGE('',*,*,#12000,.T.);
#11234=ORIENTED_EDGE('',*,*,#12222,.T.);
#11235=ORIENTED_EDGE('',*,*,#11946,.F.);
#11236=ORIENTED_EDGE('',*,*,#12440,.F.);
#11237=ORIENTED_EDGE('',*,*,#11973,.F.);
#11238=ORIENTED_EDGE('',*,*,#12441,.F.);
#11239=ORIENTED_EDGE('',*,*,#12442,.T.);
#11240=ORIENTED_EDGE('',*,*,#12220,.F.);
#11241=ORIENTED_EDGE('',*,*,#12441,.T.);
#11242=ORIENTED_EDGE('',*,*,#12442,.F.);
#11243=ORIENTED_EDGE('',*,*,#12443,.T.);
#11244=ORIENTED_EDGE('',*,*,#12443,.F.);
#11245=ORIENTED_EDGE('',*,*,#12444,.T.);
#11246=ORIENTED_EDGE('',*,*,#12445,.T.);
#11247=ORIENTED_EDGE('',*,*,#12444,.F.);
#11248=ORIENTED_EDGE('',*,*,#12445,.F.);
#11249=ORIENTED_EDGE('',*,*,#12446,.T.);
#11250=ORIENTED_EDGE('',*,*,#12446,.F.);
#11251=ORIENTED_EDGE('',*,*,#12447,.T.);
#11252=ORIENTED_EDGE('',*,*,#12447,.F.);
#11253=ORIENTED_EDGE('',*,*,#12448,.T.);
#11254=ORIENTED_EDGE('',*,*,#12449,.T.);
#11255=ORIENTED_EDGE('',*,*,#12448,.F.);
#11256=ORIENTED_EDGE('',*,*,#12449,.F.);
#11257=ORIENTED_EDGE('',*,*,#12450,.T.);
#11258=ORIENTED_EDGE('',*,*,#12450,.F.);
#11259=ORIENTED_EDGE('',*,*,#12451,.T.);
#11260=ORIENTED_EDGE('',*,*,#12451,.F.);
#11261=ORIENTED_EDGE('',*,*,#12452,.T.);
#11262=ORIENTED_EDGE('',*,*,#12453,.T.);
#11263=ORIENTED_EDGE('',*,*,#12452,.F.);
#11264=ORIENTED_EDGE('',*,*,#12453,.F.);
#11265=ORIENTED_EDGE('',*,*,#12454,.T.);
#11266=ORIENTED_EDGE('',*,*,#12454,.F.);
#11267=ORIENTED_EDGE('',*,*,#12455,.T.);
#11268=ORIENTED_EDGE('',*,*,#12455,.F.);
#11269=ORIENTED_EDGE('',*,*,#12456,.T.);
#11270=ORIENTED_EDGE('',*,*,#12457,.T.);
#11271=ORIENTED_EDGE('',*,*,#12456,.F.);
#11272=ORIENTED_EDGE('',*,*,#12457,.F.);
#11273=ORIENTED_EDGE('',*,*,#12458,.T.);
#11274=ORIENTED_EDGE('',*,*,#12458,.F.);
#11275=ORIENTED_EDGE('',*,*,#12459,.T.);
#11276=ORIENTED_EDGE('',*,*,#12459,.F.);
#11277=ORIENTED_EDGE('',*,*,#12460,.T.);
#11278=ORIENTED_EDGE('',*,*,#12461,.T.);
#11279=ORIENTED_EDGE('',*,*,#12460,.F.);
#11280=ORIENTED_EDGE('',*,*,#12461,.F.);
#11281=ORIENTED_EDGE('',*,*,#12462,.T.);
#11282=ORIENTED_EDGE('',*,*,#12462,.F.);
#11283=ORIENTED_EDGE('',*,*,#12463,.T.);
#11284=ORIENTED_EDGE('',*,*,#12463,.F.);
#11285=ORIENTED_EDGE('',*,*,#12464,.T.);
#11286=ORIENTED_EDGE('',*,*,#12465,.T.);
#11287=ORIENTED_EDGE('',*,*,#12464,.F.);
#11288=ORIENTED_EDGE('',*,*,#12465,.F.);
#11289=ORIENTED_EDGE('',*,*,#12466,.T.);
#11290=ORIENTED_EDGE('',*,*,#12466,.F.);
#11291=ORIENTED_EDGE('',*,*,#12467,.T.);
#11292=ORIENTED_EDGE('',*,*,#12467,.F.);
#11293=ORIENTED_EDGE('',*,*,#12468,.T.);
#11294=ORIENTED_EDGE('',*,*,#12469,.T.);
#11295=ORIENTED_EDGE('',*,*,#12468,.F.);
#11296=ORIENTED_EDGE('',*,*,#12469,.F.);
#11297=ORIENTED_EDGE('',*,*,#12470,.T.);
#11298=ORIENTED_EDGE('',*,*,#12470,.F.);
#11299=ORIENTED_EDGE('',*,*,#12471,.T.);
#11300=ORIENTED_EDGE('',*,*,#12471,.F.);
#11301=ORIENTED_EDGE('',*,*,#12472,.T.);
#11302=ORIENTED_EDGE('',*,*,#12473,.T.);
#11303=ORIENTED_EDGE('',*,*,#12472,.F.);
#11304=ORIENTED_EDGE('',*,*,#12473,.F.);
#11305=ORIENTED_EDGE('',*,*,#12474,.T.);
#11306=ORIENTED_EDGE('',*,*,#12474,.F.);
#11307=ORIENTED_EDGE('',*,*,#12475,.T.);
#11308=ORIENTED_EDGE('',*,*,#12475,.F.);
#11309=ORIENTED_EDGE('',*,*,#12476,.T.);
#11310=ORIENTED_EDGE('',*,*,#12477,.T.);
#11311=ORIENTED_EDGE('',*,*,#12476,.F.);
#11312=ORIENTED_EDGE('',*,*,#12477,.F.);
#11313=ORIENTED_EDGE('',*,*,#12478,.T.);
#11314=ORIENTED_EDGE('',*,*,#12478,.F.);
#11315=ORIENTED_EDGE('',*,*,#12479,.T.);
#11316=ORIENTED_EDGE('',*,*,#12479,.F.);
#11317=ORIENTED_EDGE('',*,*,#12480,.T.);
#11318=ORIENTED_EDGE('',*,*,#12481,.T.);
#11319=ORIENTED_EDGE('',*,*,#12480,.F.);
#11320=ORIENTED_EDGE('',*,*,#12481,.F.);
#11321=ORIENTED_EDGE('',*,*,#12482,.T.);
#11322=ORIENTED_EDGE('',*,*,#12482,.F.);
#11323=ORIENTED_EDGE('',*,*,#12483,.T.);
#11324=ORIENTED_EDGE('',*,*,#12483,.F.);
#11325=ORIENTED_EDGE('',*,*,#12484,.T.);
#11326=ORIENTED_EDGE('',*,*,#12485,.T.);
#11327=ORIENTED_EDGE('',*,*,#12484,.F.);
#11328=ORIENTED_EDGE('',*,*,#12485,.F.);
#11329=ORIENTED_EDGE('',*,*,#12486,.T.);
#11330=ORIENTED_EDGE('',*,*,#12486,.F.);
#11331=ORIENTED_EDGE('',*,*,#12487,.T.);
#11332=ORIENTED_EDGE('',*,*,#12487,.F.);
#11333=ORIENTED_EDGE('',*,*,#12488,.T.);
#11334=ORIENTED_EDGE('',*,*,#12489,.T.);
#11335=ORIENTED_EDGE('',*,*,#12488,.F.);
#11336=ORIENTED_EDGE('',*,*,#12489,.F.);
#11337=ORIENTED_EDGE('',*,*,#12490,.T.);
#11338=ORIENTED_EDGE('',*,*,#12490,.F.);
#11339=ORIENTED_EDGE('',*,*,#12491,.T.);
#11340=ORIENTED_EDGE('',*,*,#12491,.F.);
#11341=ORIENTED_EDGE('',*,*,#12492,.T.);
#11342=ORIENTED_EDGE('',*,*,#12493,.T.);
#11343=ORIENTED_EDGE('',*,*,#12492,.F.);
#11344=ORIENTED_EDGE('',*,*,#12493,.F.);
#11345=ORIENTED_EDGE('',*,*,#12494,.T.);
#11346=ORIENTED_EDGE('',*,*,#12494,.F.);
#11347=ORIENTED_EDGE('',*,*,#12495,.T.);
#11348=ORIENTED_EDGE('',*,*,#12495,.F.);
#11349=ORIENTED_EDGE('',*,*,#12496,.T.);
#11350=ORIENTED_EDGE('',*,*,#12497,.T.);
#11351=ORIENTED_EDGE('',*,*,#12496,.F.);
#11352=ORIENTED_EDGE('',*,*,#12497,.F.);
#11353=ORIENTED_EDGE('',*,*,#12498,.T.);
#11354=ORIENTED_EDGE('',*,*,#12498,.F.);
#11355=ORIENTED_EDGE('',*,*,#12499,.T.);
#11356=ORIENTED_EDGE('',*,*,#12499,.F.);
#11357=ORIENTED_EDGE('',*,*,#12500,.T.);
#11358=ORIENTED_EDGE('',*,*,#12501,.T.);
#11359=ORIENTED_EDGE('',*,*,#12500,.F.);
#11360=ORIENTED_EDGE('',*,*,#12501,.F.);
#11361=ORIENTED_EDGE('',*,*,#12502,.T.);
#11362=ORIENTED_EDGE('',*,*,#12502,.F.);
#11363=ORIENTED_EDGE('',*,*,#12503,.T.);
#11364=ORIENTED_EDGE('',*,*,#12503,.F.);
#11365=ORIENTED_EDGE('',*,*,#12504,.T.);
#11366=ORIENTED_EDGE('',*,*,#12505,.T.);
#11367=ORIENTED_EDGE('',*,*,#12504,.F.);
#11368=ORIENTED_EDGE('',*,*,#12505,.F.);
#11369=ORIENTED_EDGE('',*,*,#12506,.T.);
#11370=ORIENTED_EDGE('',*,*,#12506,.F.);
#11371=ORIENTED_EDGE('',*,*,#12507,.T.);
#11372=ORIENTED_EDGE('',*,*,#12507,.F.);
#11373=ORIENTED_EDGE('',*,*,#12508,.T.);
#11374=ORIENTED_EDGE('',*,*,#12509,.T.);
#11375=ORIENTED_EDGE('',*,*,#12508,.F.);
#11376=ORIENTED_EDGE('',*,*,#12509,.F.);
#11377=ORIENTED_EDGE('',*,*,#12510,.T.);
#11378=ORIENTED_EDGE('',*,*,#12510,.F.);
#11379=ORIENTED_EDGE('',*,*,#12511,.T.);
#11380=ORIENTED_EDGE('',*,*,#12511,.F.);
#11381=ORIENTED_EDGE('',*,*,#12512,.T.);
#11382=ORIENTED_EDGE('',*,*,#12513,.T.);
#11383=ORIENTED_EDGE('',*,*,#12512,.F.);
#11384=ORIENTED_EDGE('',*,*,#12513,.F.);
#11385=ORIENTED_EDGE('',*,*,#12514,.T.);
#11386=ORIENTED_EDGE('',*,*,#12514,.F.);
#11387=ORIENTED_EDGE('',*,*,#12515,.T.);
#11388=ORIENTED_EDGE('',*,*,#12515,.F.);
#11389=ORIENTED_EDGE('',*,*,#12516,.T.);
#11390=ORIENTED_EDGE('',*,*,#12517,.T.);
#11391=ORIENTED_EDGE('',*,*,#12516,.F.);
#11392=ORIENTED_EDGE('',*,*,#12517,.F.);
#11393=ORIENTED_EDGE('',*,*,#12518,.T.);
#11394=ORIENTED_EDGE('',*,*,#12518,.F.);
#11395=ORIENTED_EDGE('',*,*,#12519,.T.);
#11396=ORIENTED_EDGE('',*,*,#12519,.F.);
#11397=ORIENTED_EDGE('',*,*,#12520,.T.);
#11398=ORIENTED_EDGE('',*,*,#12521,.T.);
#11399=ORIENTED_EDGE('',*,*,#12520,.F.);
#11400=ORIENTED_EDGE('',*,*,#12521,.F.);
#11401=ORIENTED_EDGE('',*,*,#12522,.T.);
#11402=ORIENTED_EDGE('',*,*,#12522,.F.);
#11403=ORIENTED_EDGE('',*,*,#12523,.T.);
#11404=ORIENTED_EDGE('',*,*,#12523,.F.);
#11405=ORIENTED_EDGE('',*,*,#12524,.T.);
#11406=ORIENTED_EDGE('',*,*,#12525,.T.);
#11407=ORIENTED_EDGE('',*,*,#12524,.F.);
#11408=ORIENTED_EDGE('',*,*,#12525,.F.);
#11409=ORIENTED_EDGE('',*,*,#12526,.T.);
#11410=ORIENTED_EDGE('',*,*,#12526,.F.);
#11411=ORIENTED_EDGE('',*,*,#12527,.T.);
#11412=ORIENTED_EDGE('',*,*,#12527,.F.);
#11413=ORIENTED_EDGE('',*,*,#12528,.T.);
#11414=ORIENTED_EDGE('',*,*,#12529,.T.);
#11415=ORIENTED_EDGE('',*,*,#12528,.F.);
#11416=ORIENTED_EDGE('',*,*,#12529,.F.);
#11417=ORIENTED_EDGE('',*,*,#12530,.T.);
#11418=ORIENTED_EDGE('',*,*,#12530,.F.);
#11419=ORIENTED_EDGE('',*,*,#12531,.T.);
#11420=ORIENTED_EDGE('',*,*,#12531,.F.);
#11421=ORIENTED_EDGE('',*,*,#12532,.T.);
#11422=ORIENTED_EDGE('',*,*,#12533,.T.);
#11423=ORIENTED_EDGE('',*,*,#12532,.F.);
#11424=ORIENTED_EDGE('',*,*,#12533,.F.);
#11425=ORIENTED_EDGE('',*,*,#12534,.T.);
#11426=ORIENTED_EDGE('',*,*,#12534,.F.);
#11427=ORIENTED_EDGE('',*,*,#12535,.T.);
#11428=ORIENTED_EDGE('',*,*,#12535,.F.);
#11429=ORIENTED_EDGE('',*,*,#12536,.T.);
#11430=ORIENTED_EDGE('',*,*,#12537,.T.);
#11431=ORIENTED_EDGE('',*,*,#12536,.F.);
#11432=ORIENTED_EDGE('',*,*,#12537,.F.);
#11433=ORIENTED_EDGE('',*,*,#12538,.T.);
#11434=ORIENTED_EDGE('',*,*,#12538,.F.);
#11435=ORIENTED_EDGE('',*,*,#12539,.T.);
#11436=ORIENTED_EDGE('',*,*,#12539,.F.);
#11437=ORIENTED_EDGE('',*,*,#12540,.T.);
#11438=ORIENTED_EDGE('',*,*,#12541,.T.);
#11439=ORIENTED_EDGE('',*,*,#12540,.F.);
#11440=ORIENTED_EDGE('',*,*,#12541,.F.);
#11441=ORIENTED_EDGE('',*,*,#12542,.T.);
#11442=ORIENTED_EDGE('',*,*,#12542,.F.);
#11443=ORIENTED_EDGE('',*,*,#12543,.T.);
#11444=ORIENTED_EDGE('',*,*,#12543,.F.);
#11445=ORIENTED_EDGE('',*,*,#12544,.T.);
#11446=ORIENTED_EDGE('',*,*,#12545,.T.);
#11447=ORIENTED_EDGE('',*,*,#12544,.F.);
#11448=ORIENTED_EDGE('',*,*,#12545,.F.);
#11449=ORIENTED_EDGE('',*,*,#12546,.T.);
#11450=ORIENTED_EDGE('',*,*,#12546,.F.);
#11451=ORIENTED_EDGE('',*,*,#12547,.T.);
#11452=ORIENTED_EDGE('',*,*,#12547,.F.);
#11453=ORIENTED_EDGE('',*,*,#12548,.T.);
#11454=ORIENTED_EDGE('',*,*,#12549,.T.);
#11455=ORIENTED_EDGE('',*,*,#12548,.F.);
#11456=ORIENTED_EDGE('',*,*,#12549,.F.);
#11457=ORIENTED_EDGE('',*,*,#12550,.T.);
#11458=ORIENTED_EDGE('',*,*,#12550,.F.);
#11459=ORIENTED_EDGE('',*,*,#12551,.T.);
#11460=ORIENTED_EDGE('',*,*,#12551,.F.);
#11461=ORIENTED_EDGE('',*,*,#12552,.T.);
#11462=ORIENTED_EDGE('',*,*,#12553,.T.);
#11463=ORIENTED_EDGE('',*,*,#12552,.F.);
#11464=ORIENTED_EDGE('',*,*,#12553,.F.);
#11465=ORIENTED_EDGE('',*,*,#12554,.T.);
#11466=ORIENTED_EDGE('',*,*,#12554,.F.);
#11467=ORIENTED_EDGE('',*,*,#12555,.T.);
#11468=ORIENTED_EDGE('',*,*,#12555,.F.);
#11469=ORIENTED_EDGE('',*,*,#12556,.T.);
#11470=ORIENTED_EDGE('',*,*,#12557,.T.);
#11471=ORIENTED_EDGE('',*,*,#12556,.F.);
#11472=ORIENTED_EDGE('',*,*,#12557,.F.);
#11473=ORIENTED_EDGE('',*,*,#12558,.T.);
#11474=ORIENTED_EDGE('',*,*,#12558,.F.);
#11475=ORIENTED_EDGE('',*,*,#12559,.T.);
#11476=ORIENTED_EDGE('',*,*,#12559,.F.);
#11477=ORIENTED_EDGE('',*,*,#12560,.T.);
#11478=ORIENTED_EDGE('',*,*,#12561,.T.);
#11479=ORIENTED_EDGE('',*,*,#12560,.F.);
#11480=ORIENTED_EDGE('',*,*,#12561,.F.);
#11481=ORIENTED_EDGE('',*,*,#12562,.T.);
#11482=ORIENTED_EDGE('',*,*,#12562,.F.);
#11483=ORIENTED_EDGE('',*,*,#12563,.T.);
#11484=ORIENTED_EDGE('',*,*,#12563,.F.);
#11485=ORIENTED_EDGE('',*,*,#12564,.T.);
#11486=ORIENTED_EDGE('',*,*,#12565,.T.);
#11487=ORIENTED_EDGE('',*,*,#12564,.F.);
#11488=ORIENTED_EDGE('',*,*,#12565,.F.);
#11489=ORIENTED_EDGE('',*,*,#12566,.T.);
#11490=ORIENTED_EDGE('',*,*,#12566,.F.);
#11491=ORIENTED_EDGE('',*,*,#12567,.T.);
#11492=ORIENTED_EDGE('',*,*,#12567,.F.);
#11493=ORIENTED_EDGE('',*,*,#12568,.T.);
#11494=ORIENTED_EDGE('',*,*,#12569,.T.);
#11495=ORIENTED_EDGE('',*,*,#12568,.F.);
#11496=ORIENTED_EDGE('',*,*,#12569,.F.);
#11497=ORIENTED_EDGE('',*,*,#12570,.T.);
#11498=ORIENTED_EDGE('',*,*,#12570,.F.);
#11499=ORIENTED_EDGE('',*,*,#12571,.T.);
#11500=ORIENTED_EDGE('',*,*,#12571,.F.);
#11501=ORIENTED_EDGE('',*,*,#12572,.T.);
#11502=ORIENTED_EDGE('',*,*,#12573,.T.);
#11503=ORIENTED_EDGE('',*,*,#12572,.F.);
#11504=ORIENTED_EDGE('',*,*,#12573,.F.);
#11505=ORIENTED_EDGE('',*,*,#12574,.T.);
#11506=ORIENTED_EDGE('',*,*,#12574,.F.);
#11507=ORIENTED_EDGE('',*,*,#12575,.T.);
#11508=ORIENTED_EDGE('',*,*,#12575,.F.);
#11509=ORIENTED_EDGE('',*,*,#12576,.T.);
#11510=ORIENTED_EDGE('',*,*,#12577,.T.);
#11511=ORIENTED_EDGE('',*,*,#12576,.F.);
#11512=ORIENTED_EDGE('',*,*,#12577,.F.);
#11513=ORIENTED_EDGE('',*,*,#12578,.T.);
#11514=ORIENTED_EDGE('',*,*,#12578,.F.);
#11515=ORIENTED_EDGE('',*,*,#12579,.T.);
#11516=ORIENTED_EDGE('',*,*,#12579,.F.);
#11517=ORIENTED_EDGE('',*,*,#12580,.T.);
#11518=ORIENTED_EDGE('',*,*,#12581,.T.);
#11519=ORIENTED_EDGE('',*,*,#12580,.F.);
#11520=ORIENTED_EDGE('',*,*,#12581,.F.);
#11521=ORIENTED_EDGE('',*,*,#12582,.T.);
#11522=ORIENTED_EDGE('',*,*,#12582,.F.);
#11523=ORIENTED_EDGE('',*,*,#12583,.T.);
#11524=ORIENTED_EDGE('',*,*,#12583,.F.);
#11525=ORIENTED_EDGE('',*,*,#12584,.T.);
#11526=ORIENTED_EDGE('',*,*,#12585,.T.);
#11527=ORIENTED_EDGE('',*,*,#12584,.F.);
#11528=ORIENTED_EDGE('',*,*,#12585,.F.);
#11529=ORIENTED_EDGE('',*,*,#12586,.T.);
#11530=ORIENTED_EDGE('',*,*,#12586,.F.);
#11531=ORIENTED_EDGE('',*,*,#12587,.T.);
#11532=ORIENTED_EDGE('',*,*,#12587,.F.);
#11533=ORIENTED_EDGE('',*,*,#12588,.T.);
#11534=ORIENTED_EDGE('',*,*,#12589,.T.);
#11535=ORIENTED_EDGE('',*,*,#12588,.F.);
#11536=ORIENTED_EDGE('',*,*,#12589,.F.);
#11537=ORIENTED_EDGE('',*,*,#12590,.T.);
#11538=ORIENTED_EDGE('',*,*,#12590,.F.);
#11539=ORIENTED_EDGE('',*,*,#12591,.T.);
#11540=ORIENTED_EDGE('',*,*,#12591,.F.);
#11541=ORIENTED_EDGE('',*,*,#12592,.T.);
#11542=ORIENTED_EDGE('',*,*,#12593,.T.);
#11543=ORIENTED_EDGE('',*,*,#12592,.F.);
#11544=ORIENTED_EDGE('',*,*,#12593,.F.);
#11545=ORIENTED_EDGE('',*,*,#12594,.T.);
#11546=ORIENTED_EDGE('',*,*,#12594,.F.);
#11547=ORIENTED_EDGE('',*,*,#12595,.T.);
#11548=ORIENTED_EDGE('',*,*,#12595,.F.);
#11549=ORIENTED_EDGE('',*,*,#12596,.T.);
#11550=ORIENTED_EDGE('',*,*,#12597,.T.);
#11551=ORIENTED_EDGE('',*,*,#12596,.F.);
#11552=ORIENTED_EDGE('',*,*,#12597,.F.);
#11553=ORIENTED_EDGE('',*,*,#12598,.T.);
#11554=ORIENTED_EDGE('',*,*,#12598,.F.);
#11555=ORIENTED_EDGE('',*,*,#12599,.T.);
#11556=ORIENTED_EDGE('',*,*,#12599,.F.);
#11557=ORIENTED_EDGE('',*,*,#12600,.T.);
#11558=ORIENTED_EDGE('',*,*,#12601,.T.);
#11559=ORIENTED_EDGE('',*,*,#12600,.F.);
#11560=ORIENTED_EDGE('',*,*,#12601,.F.);
#11561=ORIENTED_EDGE('',*,*,#12602,.T.);
#11562=ORIENTED_EDGE('',*,*,#12602,.F.);
#11563=ORIENTED_EDGE('',*,*,#12603,.T.);
#11564=ORIENTED_EDGE('',*,*,#12603,.F.);
#11565=ORIENTED_EDGE('',*,*,#12604,.T.);
#11566=ORIENTED_EDGE('',*,*,#12605,.T.);
#11567=ORIENTED_EDGE('',*,*,#12604,.F.);
#11568=ORIENTED_EDGE('',*,*,#12605,.F.);
#11569=ORIENTED_EDGE('',*,*,#12606,.T.);
#11570=ORIENTED_EDGE('',*,*,#12606,.F.);
#11571=ORIENTED_EDGE('',*,*,#12607,.T.);
#11572=ORIENTED_EDGE('',*,*,#12607,.F.);
#11573=ORIENTED_EDGE('',*,*,#12608,.T.);
#11574=ORIENTED_EDGE('',*,*,#12609,.T.);
#11575=ORIENTED_EDGE('',*,*,#12608,.F.);
#11576=ORIENTED_EDGE('',*,*,#12609,.F.);
#11577=ORIENTED_EDGE('',*,*,#12610,.T.);
#11578=ORIENTED_EDGE('',*,*,#12610,.F.);
#11579=ORIENTED_EDGE('',*,*,#12611,.T.);
#11580=ORIENTED_EDGE('',*,*,#12611,.F.);
#11581=ORIENTED_EDGE('',*,*,#12612,.T.);
#11582=ORIENTED_EDGE('',*,*,#12613,.T.);
#11583=ORIENTED_EDGE('',*,*,#12612,.F.);
#11584=ORIENTED_EDGE('',*,*,#12613,.F.);
#11585=ORIENTED_EDGE('',*,*,#12614,.T.);
#11586=ORIENTED_EDGE('',*,*,#12614,.F.);
#11587=ORIENTED_EDGE('',*,*,#12615,.T.);
#11588=ORIENTED_EDGE('',*,*,#12615,.F.);
#11589=ORIENTED_EDGE('',*,*,#12616,.T.);
#11590=ORIENTED_EDGE('',*,*,#12617,.T.);
#11591=ORIENTED_EDGE('',*,*,#12616,.F.);
#11592=ORIENTED_EDGE('',*,*,#12617,.F.);
#11593=ORIENTED_EDGE('',*,*,#12618,.T.);
#11594=ORIENTED_EDGE('',*,*,#12618,.F.);
#11595=ORIENTED_EDGE('',*,*,#12619,.T.);
#11596=ORIENTED_EDGE('',*,*,#12619,.F.);
#11597=ORIENTED_EDGE('',*,*,#12620,.T.);
#11598=ORIENTED_EDGE('',*,*,#12621,.T.);
#11599=ORIENTED_EDGE('',*,*,#12620,.F.);
#11600=ORIENTED_EDGE('',*,*,#12621,.F.);
#11601=ORIENTED_EDGE('',*,*,#12622,.T.);
#11602=ORIENTED_EDGE('',*,*,#12622,.F.);
#11603=ORIENTED_EDGE('',*,*,#12623,.T.);
#11604=ORIENTED_EDGE('',*,*,#12623,.F.);
#11605=ORIENTED_EDGE('',*,*,#12624,.T.);
#11606=ORIENTED_EDGE('',*,*,#12625,.T.);
#11607=ORIENTED_EDGE('',*,*,#12624,.F.);
#11608=ORIENTED_EDGE('',*,*,#12625,.F.);
#11609=ORIENTED_EDGE('',*,*,#12626,.T.);
#11610=ORIENTED_EDGE('',*,*,#12626,.F.);
#11611=ORIENTED_EDGE('',*,*,#12627,.T.);
#11612=ORIENTED_EDGE('',*,*,#12627,.F.);
#11613=ORIENTED_EDGE('',*,*,#12628,.T.);
#11614=ORIENTED_EDGE('',*,*,#12629,.T.);
#11615=ORIENTED_EDGE('',*,*,#12628,.F.);
#11616=ORIENTED_EDGE('',*,*,#12629,.F.);
#11617=ORIENTED_EDGE('',*,*,#12630,.T.);
#11618=ORIENTED_EDGE('',*,*,#12630,.F.);
#11619=ORIENTED_EDGE('',*,*,#12631,.T.);
#11620=ORIENTED_EDGE('',*,*,#12631,.F.);
#11621=ORIENTED_EDGE('',*,*,#12632,.T.);
#11622=ORIENTED_EDGE('',*,*,#12633,.T.);
#11623=ORIENTED_EDGE('',*,*,#12632,.F.);
#11624=ORIENTED_EDGE('',*,*,#12633,.F.);
#11625=ORIENTED_EDGE('',*,*,#12634,.T.);
#11626=ORIENTED_EDGE('',*,*,#12634,.F.);
#11627=ORIENTED_EDGE('',*,*,#12635,.T.);
#11628=ORIENTED_EDGE('',*,*,#12635,.F.);
#11629=ORIENTED_EDGE('',*,*,#12636,.T.);
#11630=ORIENTED_EDGE('',*,*,#12637,.T.);
#11631=ORIENTED_EDGE('',*,*,#12636,.F.);
#11632=ORIENTED_EDGE('',*,*,#12637,.F.);
#11633=ORIENTED_EDGE('',*,*,#12638,.T.);
#11634=ORIENTED_EDGE('',*,*,#12638,.F.);
#11635=ORIENTED_EDGE('',*,*,#12639,.T.);
#11636=ORIENTED_EDGE('',*,*,#12639,.F.);
#11637=ORIENTED_EDGE('',*,*,#12640,.T.);
#11638=ORIENTED_EDGE('',*,*,#12641,.T.);
#11639=ORIENTED_EDGE('',*,*,#12640,.F.);
#11640=ORIENTED_EDGE('',*,*,#12641,.F.);
#11641=ORIENTED_EDGE('',*,*,#12642,.T.);
#11642=ORIENTED_EDGE('',*,*,#12642,.F.);
#11643=ORIENTED_EDGE('',*,*,#12643,.T.);
#11644=ORIENTED_EDGE('',*,*,#12643,.F.);
#11645=ORIENTED_EDGE('',*,*,#12644,.T.);
#11646=ORIENTED_EDGE('',*,*,#12645,.T.);
#11647=ORIENTED_EDGE('',*,*,#12644,.F.);
#11648=ORIENTED_EDGE('',*,*,#12645,.F.);
#11649=ORIENTED_EDGE('',*,*,#12646,.T.);
#11650=ORIENTED_EDGE('',*,*,#12646,.F.);
#11651=ORIENTED_EDGE('',*,*,#12647,.T.);
#11652=ORIENTED_EDGE('',*,*,#12647,.F.);
#11653=ORIENTED_EDGE('',*,*,#12648,.T.);
#11654=ORIENTED_EDGE('',*,*,#12649,.T.);
#11655=ORIENTED_EDGE('',*,*,#12648,.F.);
#11656=ORIENTED_EDGE('',*,*,#12649,.F.);
#11657=ORIENTED_EDGE('',*,*,#12650,.T.);
#11658=ORIENTED_EDGE('',*,*,#12650,.F.);
#11659=ORIENTED_EDGE('',*,*,#12651,.T.);
#11660=ORIENTED_EDGE('',*,*,#12651,.F.);
#11661=ORIENTED_EDGE('',*,*,#12652,.T.);
#11662=ORIENTED_EDGE('',*,*,#12653,.T.);
#11663=ORIENTED_EDGE('',*,*,#12652,.F.);
#11664=ORIENTED_EDGE('',*,*,#12653,.F.);
#11665=ORIENTED_EDGE('',*,*,#12654,.T.);
#11666=ORIENTED_EDGE('',*,*,#12654,.F.);
#11667=ORIENTED_EDGE('',*,*,#12655,.T.);
#11668=ORIENTED_EDGE('',*,*,#12655,.F.);
#11669=ORIENTED_EDGE('',*,*,#12656,.T.);
#11670=ORIENTED_EDGE('',*,*,#12657,.T.);
#11671=ORIENTED_EDGE('',*,*,#12656,.F.);
#11672=ORIENTED_EDGE('',*,*,#12657,.F.);
#11673=ORIENTED_EDGE('',*,*,#12658,.T.);
#11674=ORIENTED_EDGE('',*,*,#12658,.F.);
#11675=EDGE_CURVE('',#12659,#12659,#12660,.T.);
#11676=EDGE_CURVE('',#12661,#12661,#12662,.T.);
#11677=EDGE_CURVE('',#12663,#12663,#12664,.T.);
#11678=EDGE_CURVE('',#12665,#12665,#12666,.T.);
#11679=EDGE_CURVE('',#12667,#12667,#12668,.T.);
#11680=EDGE_CURVE('',#12669,#12669,#12670,.T.);
#11681=EDGE_CURVE('',#12671,#12671,#12672,.T.);
#11682=EDGE_CURVE('',#12673,#12673,#12674,.T.);
#11683=EDGE_CURVE('',#12675,#12675,#12676,.T.);
#11684=EDGE_CURVE('',#12677,#12677,#12678,.T.);
#11685=EDGE_CURVE('',#12679,#12679,#12680,.T.);
#11686=EDGE_CURVE('',#12681,#12681,#12682,.T.);
#11687=EDGE_CURVE('',#12683,#12683,#12684,.T.);
#11688=EDGE_CURVE('',#12685,#12685,#12686,.T.);
#11689=EDGE_CURVE('',#12687,#12687,#12688,.T.);
#11690=EDGE_CURVE('',#12689,#12689,#12690,.T.);
#11691=EDGE_CURVE('',#12691,#12691,#12692,.T.);
#11692=EDGE_CURVE('',#12693,#12693,#12694,.T.);
#11693=EDGE_CURVE('',#12695,#12695,#12696,.T.);
#11694=EDGE_CURVE('',#12697,#12697,#12698,.T.);
#11695=EDGE_CURVE('',#12699,#12699,#12700,.T.);
#11696=EDGE_CURVE('',#12701,#12701,#12702,.T.);
#11697=EDGE_CURVE('',#12703,#12703,#12704,.T.);
#11698=EDGE_CURVE('',#12705,#12705,#12706,.T.);
#11699=EDGE_CURVE('',#12707,#12707,#12708,.T.);
#11700=EDGE_CURVE('',#12709,#12709,#12710,.T.);
#11701=EDGE_CURVE('',#12711,#12711,#12712,.T.);
#11702=EDGE_CURVE('',#12713,#12713,#12714,.T.);
#11703=EDGE_CURVE('',#12715,#12715,#12716,.T.);
#11704=EDGE_CURVE('',#12717,#12717,#12718,.T.);
#11705=EDGE_CURVE('',#12719,#12719,#12720,.T.);
#11706=EDGE_CURVE('',#12721,#12721,#12722,.T.);
#11707=EDGE_CURVE('',#12723,#12723,#12724,.T.);
#11708=EDGE_CURVE('',#12725,#12725,#12726,.T.);
#11709=EDGE_CURVE('',#12727,#12727,#12728,.T.);
#11710=EDGE_CURVE('',#12729,#12729,#12730,.T.);
#11711=EDGE_CURVE('',#12731,#12731,#12732,.T.);
#11712=EDGE_CURVE('',#12733,#12733,#12734,.T.);
#11713=EDGE_CURVE('',#12735,#12735,#12736,.T.);
#11714=EDGE_CURVE('',#12737,#12737,#12738,.T.);
#11715=EDGE_CURVE('',#12739,#12739,#12740,.T.);
#11716=EDGE_CURVE('',#12741,#12741,#12742,.T.);
#11717=EDGE_CURVE('',#12743,#12743,#12744,.T.);
#11718=EDGE_CURVE('',#12745,#12745,#12746,.T.);
#11719=EDGE_CURVE('',#12747,#12747,#12748,.T.);
#11720=EDGE_CURVE('',#12749,#12749,#12750,.T.);
#11721=EDGE_CURVE('',#12751,#12751,#12752,.T.);
#11722=EDGE_CURVE('',#12753,#12753,#12754,.T.);
#11723=EDGE_CURVE('',#12755,#12755,#12756,.T.);
#11724=EDGE_CURVE('',#12757,#12757,#12758,.T.);
#11725=EDGE_CURVE('',#12759,#12759,#12760,.T.);
#11726=EDGE_CURVE('',#12761,#12761,#12762,.T.);
#11727=EDGE_CURVE('',#12763,#12764,#12765,.T.);
#11728=EDGE_CURVE('',#12764,#12766,#12767,.T.);
#11729=EDGE_CURVE('',#12766,#12768,#12769,.T.);
#11730=EDGE_CURVE('',#12768,#12770,#12771,.T.);
#11731=EDGE_CURVE('',#12770,#12772,#12773,.T.);
#11732=EDGE_CURVE('',#12772,#12774,#12775,.T.);
#11733=EDGE_CURVE('',#12774,#12776,#12777,.T.);
#11734=EDGE_CURVE('',#12776,#12778,#12779,.T.);
#11735=EDGE_CURVE('',#12778,#12780,#12781,.T.);
#11736=EDGE_CURVE('',#12780,#12782,#12783,.T.);
#11737=EDGE_CURVE('',#12782,#12784,#12785,.T.);
#11738=EDGE_CURVE('',#12784,#12786,#12787,.T.);
#11739=EDGE_CURVE('',#12786,#12788,#12789,.T.);
#11740=EDGE_CURVE('',#12788,#12790,#12791,.T.);
#11741=EDGE_CURVE('',#12790,#12792,#12793,.T.);
#11742=EDGE_CURVE('',#12792,#12794,#12795,.T.);
#11743=EDGE_CURVE('',#12794,#12796,#12797,.T.);
#11744=EDGE_CURVE('',#12796,#12798,#12799,.T.);
#11745=EDGE_CURVE('',#12798,#12800,#12801,.T.);
#11746=EDGE_CURVE('',#12800,#12802,#12803,.T.);
#11747=EDGE_CURVE('',#12802,#12804,#12805,.T.);
#11748=EDGE_CURVE('',#12804,#12806,#12807,.T.);
#11749=EDGE_CURVE('',#12806,#12808,#12809,.T.);
#11750=EDGE_CURVE('',#12808,#12810,#12811,.T.);
#11751=EDGE_CURVE('',#12810,#12812,#12813,.T.);
#11752=EDGE_CURVE('',#12812,#12814,#12815,.T.);
#11753=EDGE_CURVE('',#12814,#12816,#12817,.T.);
#11754=EDGE_CURVE('',#12816,#12818,#12819,.T.);
#11755=EDGE_CURVE('',#12818,#12820,#12821,.T.);
#11756=EDGE_CURVE('',#12820,#12822,#12823,.T.);
#11757=EDGE_CURVE('',#12822,#12824,#12825,.T.);
#11758=EDGE_CURVE('',#12824,#12826,#12827,.T.);
#11759=EDGE_CURVE('',#12826,#12828,#12829,.T.);
#11760=EDGE_CURVE('',#12828,#12830,#12831,.T.);
#11761=EDGE_CURVE('',#12830,#12832,#12833,.T.);
#11762=EDGE_CURVE('',#12832,#12834,#12835,.T.);
#11763=EDGE_CURVE('',#12834,#12836,#12837,.T.);
#11764=EDGE_CURVE('',#12836,#12838,#12839,.T.);
#11765=EDGE_CURVE('',#12838,#12840,#12841,.T.);
#11766=EDGE_CURVE('',#12840,#12842,#12843,.T.);
#11767=EDGE_CURVE('',#12842,#12844,#12845,.T.);
#11768=EDGE_CURVE('',#12844,#12846,#12847,.T.);
#11769=EDGE_CURVE('',#12846,#12848,#12849,.T.);
#11770=EDGE_CURVE('',#12848,#12850,#12851,.T.);
#11771=EDGE_CURVE('',#12850,#12852,#12853,.T.);
#11772=EDGE_CURVE('',#12852,#12854,#12855,.T.);
#11773=EDGE_CURVE('',#12854,#12856,#12857,.T.);
#11774=EDGE_CURVE('',#12856,#12858,#12859,.T.);
#11775=EDGE_CURVE('',#12858,#12860,#12861,.T.);
#11776=EDGE_CURVE('',#12860,#12862,#12863,.T.);
#11777=EDGE_CURVE('',#12862,#12864,#12865,.T.);
#11778=EDGE_CURVE('',#12864,#12866,#12867,.T.);
#11779=EDGE_CURVE('',#12866,#12868,#12869,.T.);
#11780=EDGE_CURVE('',#12868,#12870,#12871,.T.);
#11781=EDGE_CURVE('',#12870,#12872,#12873,.T.);
#11782=EDGE_CURVE('',#12872,#12874,#12875,.T.);
#11783=EDGE_CURVE('',#12874,#12876,#12877,.T.);
#11784=EDGE_CURVE('',#12876,#12878,#12879,.T.);
#11785=EDGE_CURVE('',#12878,#12880,#12881,.T.);
#11786=EDGE_CURVE('',#12880,#12882,#12883,.T.);
#11787=EDGE_CURVE('',#12882,#12884,#12885,.T.);
#11788=EDGE_CURVE('',#12884,#12886,#12887,.T.);
#11789=EDGE_CURVE('',#12886,#12888,#12889,.T.);
#11790=EDGE_CURVE('',#12888,#12890,#12891,.T.);
#11791=EDGE_CURVE('',#12890,#12892,#12893,.T.);
#11792=EDGE_CURVE('',#12892,#12894,#12895,.T.);
#11793=EDGE_CURVE('',#12894,#12896,#12897,.T.);
#11794=EDGE_CURVE('',#12896,#12898,#12899,.T.);
#11795=EDGE_CURVE('',#12898,#12900,#12901,.T.);
#11796=EDGE_CURVE('',#12900,#12902,#12903,.T.);
#11797=EDGE_CURVE('',#12902,#12904,#12905,.T.);
#11798=EDGE_CURVE('',#12904,#12906,#12907,.T.);
#11799=EDGE_CURVE('',#12906,#12908,#12909,.T.);
#11800=EDGE_CURVE('',#12908,#12910,#12911,.T.);
#11801=EDGE_CURVE('',#12910,#12912,#12913,.T.);
#11802=EDGE_CURVE('',#12912,#12914,#12915,.T.);
#11803=EDGE_CURVE('',#12914,#12916,#12917,.T.);
#11804=EDGE_CURVE('',#12916,#12918,#12919,.T.);
#11805=EDGE_CURVE('',#12918,#12920,#12921,.T.);
#11806=EDGE_CURVE('',#12920,#12922,#12923,.T.);
#11807=EDGE_CURVE('',#12922,#12924,#12925,.T.);
#11808=EDGE_CURVE('',#12924,#12926,#12927,.T.);
#11809=EDGE_CURVE('',#12926,#12928,#12929,.T.);
#11810=EDGE_CURVE('',#12928,#12930,#12931,.T.);
#11811=EDGE_CURVE('',#12930,#12932,#12933,.T.);
#11812=EDGE_CURVE('',#12932,#12934,#12935,.T.);
#11813=EDGE_CURVE('',#12934,#12936,#12937,.T.);
#11814=EDGE_CURVE('',#12936,#12938,#12939,.T.);
#11815=EDGE_CURVE('',#12938,#12940,#12941,.T.);
#11816=EDGE_CURVE('',#12940,#12942,#12943,.T.);
#11817=EDGE_CURVE('',#12942,#12944,#12945,.T.);
#11818=EDGE_CURVE('',#12944,#12946,#12947,.T.);
#11819=EDGE_CURVE('',#12946,#12948,#12949,.T.);
#11820=EDGE_CURVE('',#12948,#12950,#12951,.T.);
#11821=EDGE_CURVE('',#12950,#12952,#12953,.T.);
#11822=EDGE_CURVE('',#12952,#12954,#12955,.T.);
#11823=EDGE_CURVE('',#12954,#12956,#12957,.T.);
#11824=EDGE_CURVE('',#12956,#12958,#12959,.T.);
#11825=EDGE_CURVE('',#12958,#12960,#12961,.T.);
#11826=EDGE_CURVE('',#12960,#12962,#12963,.T.);
#11827=EDGE_CURVE('',#12962,#12964,#12965,.T.);
#11828=EDGE_CURVE('',#12964,#12966,#12967,.T.);
#11829=EDGE_CURVE('',#12966,#12968,#12969,.T.);
#11830=EDGE_CURVE('',#12968,#12970,#12971,.T.);
#11831=EDGE_CURVE('',#12970,#12972,#12973,.T.);
#11832=EDGE_CURVE('',#12972,#12974,#12975,.T.);
#11833=EDGE_CURVE('',#12974,#12976,#12977,.T.);
#11834=EDGE_CURVE('',#12976,#12978,#12979,.T.);
#11835=EDGE_CURVE('',#12978,#12980,#12981,.T.);
#11836=EDGE_CURVE('',#12980,#12982,#12983,.T.);
#11837=EDGE_CURVE('',#12982,#12984,#12985,.T.);
#11838=EDGE_CURVE('',#12984,#12986,#12987,.T.);
#11839=EDGE_CURVE('',#12986,#12988,#12989,.T.);
#11840=EDGE_CURVE('',#12988,#12990,#12991,.T.);
#11841=EDGE_CURVE('',#12990,#12992,#12993,.T.);
#11842=EDGE_CURVE('',#12992,#12994,#12995,.T.);
#11843=EDGE_CURVE('',#12994,#12996,#12997,.T.);
#11844=EDGE_CURVE('',#12996,#12998,#12999,.T.);
#11845=EDGE_CURVE('',#12998,#13000,#13001,.T.);
#11846=EDGE_CURVE('',#13000,#13002,#13003,.T.);
#11847=EDGE_CURVE('',#13002,#13004,#13005,.T.);
#11848=EDGE_CURVE('',#13004,#13006,#13007,.T.);
#11849=EDGE_CURVE('',#13006,#13008,#13009,.T.);
#11850=EDGE_CURVE('',#13008,#13010,#13011,.T.);
#11851=EDGE_CURVE('',#13010,#13012,#13013,.T.);
#11852=EDGE_CURVE('',#13012,#13014,#13015,.T.);
#11853=EDGE_CURVE('',#13014,#13016,#13017,.T.);
#11854=EDGE_CURVE('',#13016,#13018,#13019,.T.);
#11855=EDGE_CURVE('',#13018,#13020,#13021,.T.);
#11856=EDGE_CURVE('',#13020,#13022,#13023,.T.);
#11857=EDGE_CURVE('',#13022,#13024,#13025,.T.);
#11858=EDGE_CURVE('',#13024,#13026,#13027,.T.);
#11859=EDGE_CURVE('',#13026,#13028,#13029,.T.);
#11860=EDGE_CURVE('',#13028,#13030,#13031,.T.);
#11861=EDGE_CURVE('',#13030,#13032,#13033,.T.);
#11862=EDGE_CURVE('',#13032,#13034,#13035,.T.);
#11863=EDGE_CURVE('',#13034,#13036,#13037,.T.);
#11864=EDGE_CURVE('',#13036,#13038,#13039,.T.);
#11865=EDGE_CURVE('',#13038,#13040,#13041,.T.);
#11866=EDGE_CURVE('',#13040,#13042,#13043,.T.);
#11867=EDGE_CURVE('',#13042,#13044,#13045,.T.);
#11868=EDGE_CURVE('',#13044,#13046,#13047,.T.);
#11869=EDGE_CURVE('',#13046,#13048,#13049,.T.);
#11870=EDGE_CURVE('',#13048,#13050,#13051,.T.);
#11871=EDGE_CURVE('',#13050,#13052,#13053,.T.);
#11872=EDGE_CURVE('',#13052,#13054,#13055,.T.);
#11873=EDGE_CURVE('',#13054,#13056,#13057,.T.);
#11874=EDGE_CURVE('',#13056,#13058,#13059,.T.);
#11875=EDGE_CURVE('',#13058,#13060,#13061,.T.);
#11876=EDGE_CURVE('',#13060,#13062,#13063,.T.);
#11877=EDGE_CURVE('',#13062,#13064,#13065,.T.);
#11878=EDGE_CURVE('',#13064,#13066,#13067,.T.);
#11879=EDGE_CURVE('',#13066,#13068,#13069,.T.);
#11880=EDGE_CURVE('',#13068,#13070,#13071,.T.);
#11881=EDGE_CURVE('',#13070,#13072,#13073,.T.);
#11882=EDGE_CURVE('',#13072,#13074,#13075,.T.);
#11883=EDGE_CURVE('',#13074,#13076,#13077,.T.);
#11884=EDGE_CURVE('',#13076,#13078,#13079,.T.);
#11885=EDGE_CURVE('',#13078,#13080,#13081,.T.);
#11886=EDGE_CURVE('',#13080,#13082,#13083,.T.);
#11887=EDGE_CURVE('',#13082,#13084,#13085,.T.);
#11888=EDGE_CURVE('',#13084,#13086,#13087,.T.);
#11889=EDGE_CURVE('',#13086,#13088,#13089,.T.);
#11890=EDGE_CURVE('',#13088,#13090,#13091,.T.);
#11891=EDGE_CURVE('',#13090,#13092,#13093,.T.);
#11892=EDGE_CURVE('',#13092,#13094,#13095,.T.);
#11893=EDGE_CURVE('',#13094,#13096,#13097,.T.);
#11894=EDGE_CURVE('',#13096,#13098,#13099,.T.);
#11895=EDGE_CURVE('',#13098,#13100,#13101,.T.);
#11896=EDGE_CURVE('',#13100,#13102,#13103,.T.);
#11897=EDGE_CURVE('',#13102,#13104,#13105,.T.);
#11898=EDGE_CURVE('',#13104,#13106,#13107,.T.);
#11899=EDGE_CURVE('',#13106,#13108,#13109,.T.);
#11900=EDGE_CURVE('',#13108,#13110,#13111,.T.);
#11901=EDGE_CURVE('',#13110,#13112,#13113,.T.);
#11902=EDGE_CURVE('',#13112,#13114,#13115,.T.);
#11903=EDGE_CURVE('',#13114,#13116,#13117,.T.);
#11904=EDGE_CURVE('',#13116,#13118,#13119,.T.);
#11905=EDGE_CURVE('',#13118,#13120,#13121,.T.);
#11906=EDGE_CURVE('',#13120,#13122,#13123,.T.);
#11907=EDGE_CURVE('',#13122,#13124,#13125,.T.);
#11908=EDGE_CURVE('',#13124,#13126,#13127,.T.);
#11909=EDGE_CURVE('',#13126,#13128,#13129,.T.);
#11910=EDGE_CURVE('',#13128,#13130,#13131,.T.);
#11911=EDGE_CURVE('',#13130,#13132,#13133,.T.);
#11912=EDGE_CURVE('',#13132,#13134,#13135,.T.);
#11913=EDGE_CURVE('',#13134,#13136,#13137,.T.);
#11914=EDGE_CURVE('',#13136,#13138,#13139,.T.);
#11915=EDGE_CURVE('',#13138,#13140,#13141,.T.);
#11916=EDGE_CURVE('',#13140,#13142,#13143,.T.);
#11917=EDGE_CURVE('',#13142,#13144,#13145,.T.);
#11918=EDGE_CURVE('',#13144,#13146,#13147,.T.);
#11919=EDGE_CURVE('',#13146,#13148,#13149,.T.);
#11920=EDGE_CURVE('',#13148,#13150,#13151,.T.);
#11921=EDGE_CURVE('',#13150,#13152,#13153,.T.);
#11922=EDGE_CURVE('',#13152,#13154,#13155,.T.);
#11923=EDGE_CURVE('',#13154,#13156,#13157,.T.);
#11924=EDGE_CURVE('',#13156,#13158,#13159,.T.);
#11925=EDGE_CURVE('',#13158,#13160,#13161,.T.);
#11926=EDGE_CURVE('',#13160,#13162,#13163,.T.);
#11927=EDGE_CURVE('',#13162,#13164,#13165,.T.);
#11928=EDGE_CURVE('',#13164,#13166,#13167,.T.);
#11929=EDGE_CURVE('',#13166,#13168,#13169,.T.);
#11930=EDGE_CURVE('',#13168,#13170,#13171,.T.);
#11931=EDGE_CURVE('',#13170,#13172,#13173,.T.);
#11932=EDGE_CURVE('',#13172,#13174,#13175,.T.);
#11933=EDGE_CURVE('',#13174,#13176,#13177,.T.);
#11934=EDGE_CURVE('',#13176,#13178,#13179,.T.);
#11935=EDGE_CURVE('',#13178,#13180,#13181,.T.);
#11936=EDGE_CURVE('',#13180,#13182,#13183,.T.);
#11937=EDGE_CURVE('',#13182,#13184,#13185,.T.);
#11938=EDGE_CURVE('',#13184,#13186,#13187,.T.);
#11939=EDGE_CURVE('',#13186,#13188,#13189,.T.);
#11940=EDGE_CURVE('',#13188,#13190,#13191,.T.);
#11941=EDGE_CURVE('',#13190,#13192,#13193,.T.);
#11942=EDGE_CURVE('',#13192,#13194,#13195,.T.);
#11943=EDGE_CURVE('',#13194,#13196,#13197,.T.);
#11944=EDGE_CURVE('',#13196,#13198,#13199,.T.);
#11945=EDGE_CURVE('',#13198,#13200,#13201,.T.);
#11946=EDGE_CURVE('',#13200,#12763,#13202,.T.);
#11947=EDGE_CURVE('',#13203,#13203,#13204,.F.);
#11948=EDGE_CURVE('',#13205,#13205,#13206,.F.);
#11949=EDGE_CURVE('',#13207,#13207,#13208,.F.);
#11950=EDGE_CURVE('',#13209,#13209,#13210,.F.);
#11951=EDGE_CURVE('',#13211,#13211,#13212,.F.);
#11952=EDGE_CURVE('',#13213,#13213,#13214,.F.);
#11953=EDGE_CURVE('',#13215,#13215,#13216,.F.);
#11954=EDGE_CURVE('',#13217,#13217,#13218,.F.);
#11955=EDGE_CURVE('',#13219,#13219,#13220,.F.);
#11956=EDGE_CURVE('',#13221,#13221,#13222,.F.);
#11957=EDGE_CURVE('',#13223,#13223,#13224,.F.);
#11958=EDGE_CURVE('',#13225,#13225,#13226,.F.);
#11959=EDGE_CURVE('',#13227,#13227,#13228,.F.);
#11960=EDGE_CURVE('',#13229,#13229,#13230,.F.);
#11961=EDGE_CURVE('',#13231,#13231,#13232,.F.);
#11962=EDGE_CURVE('',#13233,#13233,#13234,.F.);
#11963=EDGE_CURVE('',#13235,#13235,#13236,.F.);
#11964=EDGE_CURVE('',#13237,#13237,#13238,.F.);
#11965=EDGE_CURVE('',#13239,#13239,#13240,.F.);
#11966=EDGE_CURVE('',#13241,#13241,#13242,.F.);
#11967=EDGE_CURVE('',#13243,#13243,#13244,.F.);
#11968=EDGE_CURVE('',#13245,#13245,#13246,.F.);
#11969=EDGE_CURVE('',#13247,#13247,#13248,.F.);
#11970=EDGE_CURVE('',#13249,#13249,#13250,.F.);
#11971=EDGE_CURVE('',#13251,#13251,#13252,.F.);
#11972=EDGE_CURVE('',#13253,#13253,#13254,.F.);
#11973=EDGE_CURVE('',#13255,#13255,#13256,.F.);
#11974=EDGE_CURVE('',#13257,#13257,#13258,.T.);
#11975=EDGE_CURVE('',#13259,#13259,#13260,.T.);
#11976=EDGE_CURVE('',#13261,#13261,#13262,.T.);
#11977=EDGE_CURVE('',#13263,#13263,#13264,.T.);
#11978=EDGE_CURVE('',#13265,#13265,#13266,.T.);
#11979=EDGE_CURVE('',#13267,#13267,#13268,.T.);
#11980=EDGE_CURVE('',#13269,#13269,#13270,.T.);
#11981=EDGE_CURVE('',#13271,#13271,#13272,.T.);
#11982=EDGE_CURVE('',#13273,#13273,#13274,.T.);
#11983=EDGE_CURVE('',#13275,#13275,#13276,.T.);
#11984=EDGE_CURVE('',#13277,#13277,#13278,.T.);
#11985=EDGE_CURVE('',#13279,#13279,#13280,.T.);
#11986=EDGE_CURVE('',#13281,#13281,#13282,.T.);
#11987=EDGE_CURVE('',#13283,#13283,#13284,.T.);
#11988=EDGE_CURVE('',#13285,#13285,#13286,.T.);
#11989=EDGE_CURVE('',#13287,#13287,#13288,.T.);
#11990=EDGE_CURVE('',#13289,#13289,#13290,.T.);
#11991=EDGE_CURVE('',#13291,#13291,#13292,.T.);
#11992=EDGE_CURVE('',#13293,#13293,#13294,.T.);
#11993=EDGE_CURVE('',#13295,#13295,#13296,.T.);
#11994=EDGE_CURVE('',#13297,#13297,#13298,.T.);
#11995=EDGE_CURVE('',#13299,#13299,#13300,.T.);
#11996=EDGE_CURVE('',#13301,#13301,#13302,.T.);
#11997=EDGE_CURVE('',#13303,#13303,#13304,.T.);
#11998=EDGE_CURVE('',#13305,#13305,#13306,.T.);
#11999=EDGE_CURVE('',#13307,#13307,#13308,.T.);
#12000=EDGE_CURVE('',#13309,#13310,#13311,.T.);
#12001=EDGE_CURVE('',#13312,#13309,#13313,.T.);
#12002=EDGE_CURVE('',#13314,#13312,#13315,.T.);
#12003=EDGE_CURVE('',#13316,#13314,#13317,.T.);
#12004=EDGE_CURVE('',#13318,#13316,#13319,.T.);
#12005=EDGE_CURVE('',#13320,#13318,#13321,.T.);
#12006=EDGE_CURVE('',#13322,#13320,#13323,.T.);
#12007=EDGE_CURVE('',#13324,#13322,#13325,.T.);
#12008=EDGE_CURVE('',#13326,#13324,#13327,.T.);
#12009=EDGE_CURVE('',#13328,#13326,#13329,.T.);
#12010=EDGE_CURVE('',#13330,#13328,#13331,.T.);
#12011=EDGE_CURVE('',#13332,#13330,#13333,.T.);
#12012=EDGE_CURVE('',#13334,#13332,#13335,.T.);
#12013=EDGE_CURVE('',#13336,#13334,#13337,.T.);
#12014=EDGE_CURVE('',#13338,#13336,#13339,.T.);
#12015=EDGE_CURVE('',#13340,#13338,#13341,.T.);
#12016=EDGE_CURVE('',#13342,#13340,#13343,.T.);
#12017=EDGE_CURVE('',#13344,#13342,#13345,.T.);
#12018=EDGE_CURVE('',#13346,#13344,#13347,.T.);
#12019=EDGE_CURVE('',#13348,#13346,#13349,.T.);
#12020=EDGE_CURVE('',#13350,#13348,#13351,.T.);
#12021=EDGE_CURVE('',#13352,#13350,#13353,.T.);
#12022=EDGE_CURVE('',#13354,#13352,#13355,.T.);
#12023=EDGE_CURVE('',#13356,#13354,#13357,.T.);
#12024=EDGE_CURVE('',#13358,#13356,#13359,.T.);
#12025=EDGE_CURVE('',#13360,#13358,#13361,.T.);
#12026=EDGE_CURVE('',#13362,#13360,#13363,.T.);
#12027=EDGE_CURVE('',#13364,#13362,#13365,.T.);
#12028=EDGE_CURVE('',#13366,#13364,#13367,.T.);
#12029=EDGE_CURVE('',#13368,#13366,#13369,.T.);
#12030=EDGE_CURVE('',#13370,#13368,#13371,.T.);
#12031=EDGE_CURVE('',#13372,#13370,#13373,.T.);
#12032=EDGE_CURVE('',#13374,#13372,#13375,.T.);
#12033=EDGE_CURVE('',#13376,#13374,#13377,.T.);
#12034=EDGE_CURVE('',#13378,#13376,#13379,.T.);
#12035=EDGE_CURVE('',#13380,#13378,#13381,.T.);
#12036=EDGE_CURVE('',#13382,#13380,#13383,.T.);
#12037=EDGE_CURVE('',#13384,#13382,#13385,.T.);
#12038=EDGE_CURVE('',#13386,#13384,#13387,.T.);
#12039=EDGE_CURVE('',#13388,#13386,#13389,.T.);
#12040=EDGE_CURVE('',#13390,#13388,#13391,.T.);
#12041=EDGE_CURVE('',#13392,#13390,#13393,.T.);
#12042=EDGE_CURVE('',#13394,#13392,#13395,.T.);
#12043=EDGE_CURVE('',#13396,#13394,#13397,.T.);
#12044=EDGE_CURVE('',#13398,#13396,#13399,.T.);
#12045=EDGE_CURVE('',#13400,#13398,#13401,.T.);
#12046=EDGE_CURVE('',#13402,#13400,#13403,.T.);
#12047=EDGE_CURVE('',#13404,#13402,#13405,.T.);
#12048=EDGE_CURVE('',#13406,#13404,#13407,.T.);
#12049=EDGE_CURVE('',#13408,#13406,#13409,.T.);
#12050=EDGE_CURVE('',#13410,#13408,#13411,.T.);
#12051=EDGE_CURVE('',#13412,#13410,#13413,.T.);
#12052=EDGE_CURVE('',#13414,#13412,#13415,.T.);
#12053=EDGE_CURVE('',#13416,#13414,#13417,.T.);
#12054=EDGE_CURVE('',#13418,#13416,#13419,.T.);
#12055=EDGE_CURVE('',#13420,#13418,#13421,.T.);
#12056=EDGE_CURVE('',#13422,#13420,#13423,.T.);
#12057=EDGE_CURVE('',#13424,#13422,#13425,.T.);
#12058=EDGE_CURVE('',#13426,#13424,#13427,.T.);
#12059=EDGE_CURVE('',#13428,#13426,#13429,.T.);
#12060=EDGE_CURVE('',#13430,#13428,#13431,.T.);
#12061=EDGE_CURVE('',#13432,#13430,#13433,.T.);
#12062=EDGE_CURVE('',#13434,#13432,#13435,.T.);
#12063=EDGE_CURVE('',#13436,#13434,#13437,.T.);
#12064=EDGE_CURVE('',#13438,#13436,#13439,.T.);
#12065=EDGE_CURVE('',#13440,#13438,#13441,.T.);
#12066=EDGE_CURVE('',#13442,#13440,#13443,.T.);
#12067=EDGE_CURVE('',#13444,#13442,#13445,.T.);
#12068=EDGE_CURVE('',#13446,#13444,#13447,.T.);
#12069=EDGE_CURVE('',#13448,#13446,#13449,.T.);
#12070=EDGE_CURVE('',#13450,#13448,#13451,.T.);
#12071=EDGE_CURVE('',#13452,#13450,#13453,.T.);
#12072=EDGE_CURVE('',#13454,#13452,#13455,.T.);
#12073=EDGE_CURVE('',#13456,#13454,#13457,.T.);
#12074=EDGE_CURVE('',#13458,#13456,#13459,.T.);
#12075=EDGE_CURVE('',#13460,#13458,#13461,.T.);
#12076=EDGE_CURVE('',#13462,#13460,#13463,.T.);
#12077=EDGE_CURVE('',#13464,#13462,#13465,.T.);
#12078=EDGE_CURVE('',#13466,#13464,#13467,.T.);
#12079=EDGE_CURVE('',#13468,#13466,#13469,.T.);
#12080=EDGE_CURVE('',#13470,#13468,#13471,.T.);
#12081=EDGE_CURVE('',#13472,#13470,#13473,.T.);
#12082=EDGE_CURVE('',#13474,#13472,#13475,.T.);
#12083=EDGE_CURVE('',#13476,#13474,#13477,.T.);
#12084=EDGE_CURVE('',#13478,#13476,#13479,.T.);
#12085=EDGE_CURVE('',#13480,#13478,#13481,.T.);
#12086=EDGE_CURVE('',#13482,#13480,#13483,.T.);
#12087=EDGE_CURVE('',#13484,#13482,#13485,.T.);
#12088=EDGE_CURVE('',#13486,#13484,#13487,.T.);
#12089=EDGE_CURVE('',#13488,#13486,#13489,.T.);
#12090=EDGE_CURVE('',#13490,#13488,#13491,.T.);
#12091=EDGE_CURVE('',#13492,#13490,#13493,.T.);
#12092=EDGE_CURVE('',#13494,#13492,#13495,.T.);
#12093=EDGE_CURVE('',#13496,#13494,#13497,.T.);
#12094=EDGE_CURVE('',#13498,#13496,#13499,.T.);
#12095=EDGE_CURVE('',#13500,#13498,#13501,.T.);
#12096=EDGE_CURVE('',#13502,#13500,#13503,.T.);
#12097=EDGE_CURVE('',#13504,#13502,#13505,.T.);
#12098=EDGE_CURVE('',#13506,#13504,#13507,.T.);
#12099=EDGE_CURVE('',#13508,#13506,#13509,.T.);
#12100=EDGE_CURVE('',#13510,#13508,#13511,.T.);
#12101=EDGE_CURVE('',#13512,#13510,#13513,.T.);
#12102=EDGE_CURVE('',#13514,#13512,#13515,.T.);
#12103=EDGE_CURVE('',#13516,#13514,#13517,.T.);
#12104=EDGE_CURVE('',#13518,#13516,#13519,.T.);
#12105=EDGE_CURVE('',#13520,#13518,#13521,.T.);
#12106=EDGE_CURVE('',#13522,#13520,#13523,.T.);
#12107=EDGE_CURVE('',#13524,#13522,#13525,.T.);
#12108=EDGE_CURVE('',#13526,#13524,#13527,.T.);
#12109=EDGE_CURVE('',#13528,#13526,#13529,.T.);
#12110=EDGE_CURVE('',#13530,#13528,#13531,.T.);
#12111=EDGE_CURVE('',#13532,#13530,#13533,.T.);
#12112=EDGE_CURVE('',#13534,#13532,#13535,.T.);
#12113=EDGE_CURVE('',#13536,#13534,#13537,.T.);
#12114=EDGE_CURVE('',#13538,#13536,#13539,.T.);
#12115=EDGE_CURVE('',#13540,#13538,#13541,.T.);
#12116=EDGE_CURVE('',#13542,#13540,#13543,.T.);
#12117=EDGE_CURVE('',#13544,#13542,#13545,.T.);
#12118=EDGE_CURVE('',#13546,#13544,#13547,.T.);
#12119=EDGE_CURVE('',#13548,#13546,#13549,.T.);
#12120=EDGE_CURVE('',#13550,#13548,#13551,.T.);
#12121=EDGE_CURVE('',#13552,#13550,#13553,.T.);
#12122=EDGE_CURVE('',#13554,#13552,#13555,.T.);
#12123=EDGE_CURVE('',#13556,#13554,#13557,.T.);
#12124=EDGE_CURVE('',#13558,#13556,#13559,.T.);
#12125=EDGE_CURVE('',#13560,#13558,#13561,.T.);
#12126=EDGE_CURVE('',#13562,#13560,#13563,.T.);
#12127=EDGE_CURVE('',#13564,#13562,#13565,.T.);
#12128=EDGE_CURVE('',#13566,#13564,#13567,.T.);
#12129=EDGE_CURVE('',#13568,#13566,#13569,.T.);
#12130=EDGE_CURVE('',#13570,#13568,#13571,.T.);
#12131=EDGE_CURVE('',#13572,#13570,#13573,.T.);
#12132=EDGE_CURVE('',#13574,#13572,#13575,.T.);
#12133=EDGE_CURVE('',#13576,#13574,#13577,.T.);
#12134=EDGE_CURVE('',#13578,#13576,#13579,.T.);
#12135=EDGE_CURVE('',#13580,#13578,#13581,.T.);
#12136=EDGE_CURVE('',#13582,#13580,#13583,.T.);
#12137=EDGE_CURVE('',#13584,#13582,#13585,.T.);
#12138=EDGE_CURVE('',#13586,#13584,#13587,.T.);
#12139=EDGE_CURVE('',#13588,#13586,#13589,.T.);
#12140=EDGE_CURVE('',#13590,#13588,#13591,.T.);
#12141=EDGE_CURVE('',#13592,#13590,#13593,.T.);
#12142=EDGE_CURVE('',#13594,#13592,#13595,.T.);
#12143=EDGE_CURVE('',#13596,#13594,#13597,.T.);
#12144=EDGE_CURVE('',#13598,#13596,#13599,.T.);
#12145=EDGE_CURVE('',#13600,#13598,#13601,.T.);
#12146=EDGE_CURVE('',#13602,#13600,#13603,.T.);
#12147=EDGE_CURVE('',#13604,#13602,#13605,.T.);
#12148=EDGE_CURVE('',#13606,#13604,#13607,.T.);
#12149=EDGE_CURVE('',#13608,#13606,#13609,.T.);
#12150=EDGE_CURVE('',#13610,#13608,#13611,.T.);
#12151=EDGE_CURVE('',#13612,#13610,#13613,.T.);
#12152=EDGE_CURVE('',#13614,#13612,#13615,.T.);
#12153=EDGE_CURVE('',#13616,#13614,#13617,.T.);
#12154=EDGE_CURVE('',#13618,#13616,#13619,.T.);
#12155=EDGE_CURVE('',#13620,#13618,#13621,.T.);
#12156=EDGE_CURVE('',#13622,#13620,#13623,.T.);
#12157=EDGE_CURVE('',#13624,#13622,#13625,.T.);
#12158=EDGE_CURVE('',#13626,#13624,#13627,.T.);
#12159=EDGE_CURVE('',#13628,#13626,#13629,.T.);
#12160=EDGE_CURVE('',#13630,#13628,#13631,.T.);
#12161=EDGE_CURVE('',#13632,#13630,#13633,.T.);
#12162=EDGE_CURVE('',#13634,#13632,#13635,.T.);
#12163=EDGE_CURVE('',#13636,#13634,#13637,.T.);
#12164=EDGE_CURVE('',#13638,#13636,#13639,.T.);
#12165=EDGE_CURVE('',#13640,#13638,#13641,.T.);
#12166=EDGE_CURVE('',#13642,#13640,#13643,.T.);
#12167=EDGE_CURVE('',#13644,#13642,#13645,.T.);
#12168=EDGE_CURVE('',#13646,#13644,#13647,.T.);
#12169=EDGE_CURVE('',#13648,#13646,#13649,.T.);
#12170=EDGE_CURVE('',#13650,#13648,#13651,.T.);
#12171=EDGE_CURVE('',#13652,#13650,#13653,.T.);
#12172=EDGE_CURVE('',#13654,#13652,#13655,.T.);
#12173=EDGE_CURVE('',#13656,#13654,#13657,.T.);
#12174=EDGE_CURVE('',#13658,#13656,#13659,.T.);
#12175=EDGE_CURVE('',#13660,#13658,#13661,.T.);
#12176=EDGE_CURVE('',#13662,#13660,#13663,.T.);
#12177=EDGE_CURVE('',#13664,#13662,#13665,.T.);
#12178=EDGE_CURVE('',#13666,#13664,#13667,.T.);
#12179=EDGE_CURVE('',#13668,#13666,#13669,.T.);
#12180=EDGE_CURVE('',#13670,#13668,#13671,.T.);
#12181=EDGE_CURVE('',#13672,#13670,#13673,.T.);
#12182=EDGE_CURVE('',#13674,#13672,#13675,.T.);
#12183=EDGE_CURVE('',#13676,#13674,#13677,.T.);
#12184=EDGE_CURVE('',#13678,#13676,#13679,.T.);
#12185=EDGE_CURVE('',#13680,#13678,#13681,.T.);
#12186=EDGE_CURVE('',#13682,#13680,#13683,.T.);
#12187=EDGE_CURVE('',#13684,#13682,#13685,.T.);
#12188=EDGE_CURVE('',#13686,#13684,#13687,.T.);
#12189=EDGE_CURVE('',#13688,#13686,#13689,.T.);
#12190=EDGE_CURVE('',#13690,#13688,#13691,.T.);
#12191=EDGE_CURVE('',#13692,#13690,#13693,.T.);
#12192=EDGE_CURVE('',#13694,#13692,#13695,.T.);
#12193=EDGE_CURVE('',#13696,#13694,#13697,.T.);
#12194=EDGE_CURVE('',#13698,#13696,#13699,.T.);
#12195=EDGE_CURVE('',#13700,#13698,#13701,.T.);
#12196=EDGE_CURVE('',#13702,#13700,#13703,.T.);
#12197=EDGE_CURVE('',#13704,#13702,#13705,.T.);
#12198=EDGE_CURVE('',#13706,#13704,#13707,.T.);
#12199=EDGE_CURVE('',#13708,#13706,#13709,.T.);
#12200=EDGE_CURVE('',#13710,#13708,#13711,.T.);
#12201=EDGE_CURVE('',#13712,#13710,#13713,.T.);
#12202=EDGE_CURVE('',#13714,#13712,#13715,.T.);
#12203=EDGE_CURVE('',#13716,#13714,#13717,.T.);
#12204=EDGE_CURVE('',#13718,#13716,#13719,.T.);
#12205=EDGE_CURVE('',#13720,#13718,#13721,.T.);
#12206=EDGE_CURVE('',#13722,#13720,#13723,.T.);
#12207=EDGE_CURVE('',#13724,#13722,#13725,.T.);
#12208=EDGE_CURVE('',#13726,#13724,#13727,.T.);
#12209=EDGE_CURVE('',#13728,#13726,#13729,.T.);
#12210=EDGE_CURVE('',#13730,#13728,#13731,.T.);
#12211=EDGE_CURVE('',#13732,#13730,#13733,.T.);
#12212=EDGE_CURVE('',#13734,#13732,#13735,.T.);
#12213=EDGE_CURVE('',#13736,#13734,#13737,.T.);
#12214=EDGE_CURVE('',#13738,#13736,#13739,.T.);
#12215=EDGE_CURVE('',#13740,#13738,#13741,.T.);
#12216=EDGE_CURVE('',#13742,#13740,#13743,.T.);
#12217=EDGE_CURVE('',#13744,#13742,#13745,.T.);
#12218=EDGE_CURVE('',#13746,#13744,#13747,.T.);
#12219=EDGE_CURVE('',#13310,#13746,#13748,.T.);
#12220=EDGE_CURVE('',#13749,#13749,#13750,.T.);
#12221=EDGE_CURVE('',#13746,#12764,#13751,.T.);
#12222=EDGE_CURVE('',#13310,#12763,#13752,.T.);
#12223=EDGE_CURVE('',#13744,#12766,#13753,.T.);
#12224=EDGE_CURVE('',#13742,#12768,#13754,.T.);
#12225=EDGE_CURVE('',#13740,#12770,#13755,.T.);
#12226=EDGE_CURVE('',#13738,#12772,#13756,.T.);
#12227=EDGE_CURVE('',#13736,#12774,#13757,.T.);
#12228=EDGE_CURVE('',#13734,#12776,#13758,.T.);
#12229=EDGE_CURVE('',#13732,#12778,#13759,.T.);
#12230=EDGE_CURVE('',#13730,#12780,#13760,.T.);
#12231=EDGE_CURVE('',#13728,#12782,#13761,.T.);
#12232=EDGE_CURVE('',#13726,#12784,#13762,.T.);
#12233=EDGE_CURVE('',#13724,#12786,#13763,.T.);
#12234=EDGE_CURVE('',#13722,#12788,#13764,.T.);
#12235=EDGE_CURVE('',#13720,#12790,#13765,.T.);
#12236=EDGE_CURVE('',#13718,#12792,#13766,.T.);
#12237=EDGE_CURVE('',#13716,#12794,#13767,.T.);
#12238=EDGE_CURVE('',#13714,#12796,#13768,.T.);
#12239=EDGE_CURVE('',#13712,#12798,#13769,.T.);
#12240=EDGE_CURVE('',#13710,#12800,#13770,.T.);
#12241=EDGE_CURVE('',#13708,#12802,#13771,.T.);
#12242=EDGE_CURVE('',#13706,#12804,#13772,.T.);
#12243=EDGE_CURVE('',#13704,#12806,#13773,.T.);
#12244=EDGE_CURVE('',#13702,#12808,#13774,.T.);
#12245=EDGE_CURVE('',#13700,#12810,#13775,.T.);
#12246=EDGE_CURVE('',#13698,#12812,#13776,.T.);
#12247=EDGE_CURVE('',#13696,#12814,#13777,.T.);
#12248=EDGE_CURVE('',#13694,#12816,#13778,.T.);
#12249=EDGE_CURVE('',#13692,#12818,#13779,.T.);
#12250=EDGE_CURVE('',#13690,#12820,#13780,.T.);
#12251=EDGE_CURVE('',#13688,#12822,#13781,.T.);
#12252=EDGE_CURVE('',#13686,#12824,#13782,.T.);
#12253=EDGE_CURVE('',#13684,#12826,#13783,.T.);
#12254=EDGE_CURVE('',#13682,#12828,#13784,.T.);
#12255=EDGE_CURVE('',#13680,#12830,#13785,.T.);
#12256=EDGE_CURVE('',#13678,#12832,#13786,.T.);
#12257=EDGE_CURVE('',#13676,#12834,#13787,.T.);
#12258=EDGE_CURVE('',#13674,#12836,#13788,.T.);
#12259=EDGE_CURVE('',#13672,#12838,#13789,.T.);
#12260=EDGE_CURVE('',#13670,#12840,#13790,.T.);
#12261=EDGE_CURVE('',#13668,#12842,#13791,.T.);
#12262=EDGE_CURVE('',#13666,#12844,#13792,.T.);
#12263=EDGE_CURVE('',#13664,#12846,#13793,.T.);
#12264=EDGE_CURVE('',#13662,#12848,#13794,.T.);
#12265=EDGE_CURVE('',#13660,#12850,#13795,.T.);
#12266=EDGE_CURVE('',#13658,#12852,#13796,.T.);
#12267=EDGE_CURVE('',#13656,#12854,#13797,.T.);
#12268=EDGE_CURVE('',#13654,#12856,#13798,.T.);
#12269=EDGE_CURVE('',#13652,#12858,#13799,.T.);
#12270=EDGE_CURVE('',#13650,#12860,#13800,.T.);
#12271=EDGE_CURVE('',#13648,#12862,#13801,.T.);
#12272=EDGE_CURVE('',#13646,#12864,#13802,.T.);
#12273=EDGE_CURVE('',#13644,#12866,#13803,.T.);
#12274=EDGE_CURVE('',#13642,#12868,#13804,.T.);
#12275=EDGE_CURVE('',#13640,#12870,#13805,.T.);
#12276=EDGE_CURVE('',#13638,#12872,#13806,.T.);
#12277=EDGE_CURVE('',#13636,#12874,#13807,.T.);
#12278=EDGE_CURVE('',#13634,#12876,#13808,.T.);
#12279=EDGE_CURVE('',#13632,#12878,#13809,.T.);
#12280=EDGE_CURVE('',#13630,#12880,#13810,.T.);
#12281=EDGE_CURVE('',#13628,#12882,#13811,.T.);
#12282=EDGE_CURVE('',#13626,#12884,#13812,.T.);
#12283=EDGE_CURVE('',#13624,#12886,#13813,.T.);
#12284=EDGE_CURVE('',#13622,#12888,#13814,.T.);
#12285=EDGE_CURVE('',#13620,#12890,#13815,.T.);
#12286=EDGE_CURVE('',#13618,#12892,#13816,.T.);
#12287=EDGE_CURVE('',#13616,#12894,#13817,.T.);
#12288=EDGE_CURVE('',#13614,#12896,#13818,.T.);
#12289=EDGE_CURVE('',#13612,#12898,#13819,.T.);
#12290=EDGE_CURVE('',#13610,#12900,#13820,.T.);
#12291=EDGE_CURVE('',#13608,#12902,#13821,.T.);
#12292=EDGE_CURVE('',#13606,#12904,#13822,.T.);
#12293=EDGE_CURVE('',#13604,#12906,#13823,.T.);
#12294=EDGE_CURVE('',#13602,#12908,#13824,.T.);
#12295=EDGE_CURVE('',#13600,#12910,#13825,.T.);
#12296=EDGE_CURVE('',#13598,#12912,#13826,.T.);
#12297=EDGE_CURVE('',#13596,#12914,#13827,.T.);
#12298=EDGE_CURVE('',#13594,#12916,#13828,.T.);
#12299=EDGE_CURVE('',#13592,#12918,#13829,.T.);
#12300=EDGE_CURVE('',#13590,#12920,#13830,.T.);
#12301=EDGE_CURVE('',#13588,#12922,#13831,.T.);
#12302=EDGE_CURVE('',#13586,#12924,#13832,.T.);
#12303=EDGE_CURVE('',#13584,#12926,#13833,.T.);
#12304=EDGE_CURVE('',#13582,#12928,#13834,.T.);
#12305=EDGE_CURVE('',#13580,#12930,#13835,.T.);
#12306=EDGE_CURVE('',#13578,#12932,#13836,.T.);
#12307=EDGE_CURVE('',#13576,#12934,#13837,.T.);
#12308=EDGE_CURVE('',#13574,#12936,#13838,.T.);
#12309=EDGE_CURVE('',#13572,#12938,#13839,.T.);
#12310=EDGE_CURVE('',#13570,#12940,#13840,.T.);
#12311=EDGE_CURVE('',#13568,#12942,#13841,.T.);
#12312=EDGE_CURVE('',#13566,#12944,#13842,.T.);
#12313=EDGE_CURVE('',#13564,#12946,#13843,.T.);
#12314=EDGE_CURVE('',#13562,#12948,#13844,.T.);
#12315=EDGE_CURVE('',#13560,#12950,#13845,.T.);
#12316=EDGE_CURVE('',#13558,#12952,#13846,.T.);
#12317=EDGE_CURVE('',#13556,#12954,#13847,.T.);
#12318=EDGE_CURVE('',#13554,#12956,#13848,.T.);
#12319=EDGE_CURVE('',#13552,#12958,#13849,.T.);
#12320=EDGE_CURVE('',#13550,#12960,#13850,.T.);
#12321=EDGE_CURVE('',#13548,#12962,#13851,.T.);
#12322=EDGE_CURVE('',#13546,#12964,#13852,.T.);
#12323=EDGE_CURVE('',#13544,#12966,#13853,.T.);
#12324=EDGE_CURVE('',#13542,#12968,#13854,.T.);
#12325=EDGE_CURVE('',#13540,#12970,#13855,.T.);
#12326=EDGE_CURVE('',#13538,#12972,#13856,.T.);
#12327=EDGE_CURVE('',#13536,#12974,#13857,.T.);
#12328=EDGE_CURVE('',#13534,#12976,#13858,.T.);
#12329=EDGE_CURVE('',#13532,#12978,#13859,.T.);
#12330=EDGE_CURVE('',#13530,#12980,#13860,.T.);
#12331=EDGE_CURVE('',#13528,#12982,#13861,.T.);
#12332=EDGE_CURVE('',#13526,#12984,#13862,.T.);
#12333=EDGE_CURVE('',#13524,#12986,#13863,.T.);
#12334=EDGE_CURVE('',#13522,#12988,#13864,.T.);
#12335=EDGE_CURVE('',#13520,#12990,#13865,.T.);
#12336=EDGE_CURVE('',#13518,#12992,#13866,.T.);
#12337=EDGE_CURVE('',#13516,#12994,#13867,.T.);
#12338=EDGE_CURVE('',#13514,#12996,#13868,.T.);
#12339=EDGE_CURVE('',#13512,#12998,#13869,.T.);
#12340=EDGE_CURVE('',#13510,#13000,#13870,.T.);
#12341=EDGE_CURVE('',#13508,#13002,#13871,.T.);
#12342=EDGE_CURVE('',#13506,#13004,#13872,.T.);
#12343=EDGE_CURVE('',#13504,#13006,#13873,.T.);
#12344=EDGE_CURVE('',#13502,#13008,#13874,.T.);
#12345=EDGE_CURVE('',#13500,#13010,#13875,.T.);
#12346=EDGE_CURVE('',#13498,#13012,#13876,.T.);
#12347=EDGE_CURVE('',#13496,#13014,#13877,.T.);
#12348=EDGE_CURVE('',#13494,#13016,#13878,.T.);
#12349=EDGE_CURVE('',#13492,#13018,#13879,.T.);
#12350=EDGE_CURVE('',#13490,#13020,#13880,.T.);
#12351=EDGE_CURVE('',#13488,#13022,#13881,.T.);
#12352=EDGE_CURVE('',#13486,#13024,#13882,.T.);
#12353=EDGE_CURVE('',#13484,#13026,#13883,.T.);
#12354=EDGE_CURVE('',#13482,#13028,#13884,.T.);
#12355=EDGE_CURVE('',#13480,#13030,#13885,.T.);
#12356=EDGE_CURVE('',#13478,#13032,#13886,.T.);
#12357=EDGE_CURVE('',#13476,#13034,#13887,.T.);
#12358=EDGE_CURVE('',#13474,#13036,#13888,.T.);
#12359=EDGE_CURVE('',#13472,#13038,#13889,.T.);
#12360=EDGE_CURVE('',#13470,#13040,#13890,.T.);
#12361=EDGE_CURVE('',#13468,#13042,#13891,.T.);
#12362=EDGE_CURVE('',#13466,#13044,#13892,.T.);
#12363=EDGE_CURVE('',#13464,#13046,#13893,.T.);
#12364=EDGE_CURVE('',#13462,#13048,#13894,.T.);
#12365=EDGE_CURVE('',#13460,#13050,#13895,.T.);
#12366=EDGE_CURVE('',#13458,#13052,#13896,.T.);
#12367=EDGE_CURVE('',#13456,#13054,#13897,.T.);
#12368=EDGE_CURVE('',#13454,#13056,#13898,.T.);
#12369=EDGE_CURVE('',#13452,#13058,#13899,.T.);
#12370=EDGE_CURVE('',#13450,#13060,#13900,.T.);
#12371=EDGE_CURVE('',#13448,#13062,#13901,.T.);
#12372=EDGE_CURVE('',#13446,#13064,#13902,.T.);
#12373=EDGE_CURVE('',#13444,#13066,#13903,.T.);
#12374=EDGE_CURVE('',#13442,#13068,#13904,.T.);
#12375=EDGE_CURVE('',#13440,#13070,#13905,.T.);
#12376=EDGE_CURVE('',#13438,#13072,#13906,.T.);
#12377=EDGE_CURVE('',#13436,#13074,#13907,.T.);
#12378=EDGE_CURVE('',#13434,#13076,#13908,.T.);
#12379=EDGE_CURVE('',#13432,#13078,#13909,.T.);
#12380=EDGE_CURVE('',#13430,#13080,#13910,.T.);
#12381=EDGE_CURVE('',#13428,#13082,#13911,.T.);
#12382=EDGE_CURVE('',#13426,#13084,#13912,.T.);
#12383=EDGE_CURVE('',#13424,#13086,#13913,.T.);
#12384=EDGE_CURVE('',#13422,#13088,#13914,.T.);
#12385=EDGE_CURVE('',#13420,#13090,#13915,.T.);
#12386=EDGE_CURVE('',#13418,#13092,#13916,.T.);
#12387=EDGE_CURVE('',#13416,#13094,#13917,.T.);
#12388=EDGE_CURVE('',#13414,#13096,#13918,.T.);
#12389=EDGE_CURVE('',#13412,#13098,#13919,.T.);
#12390=EDGE_CURVE('',#13410,#13100,#13920,.T.);
#12391=EDGE_CURVE('',#13408,#13102,#13921,.T.);
#12392=EDGE_CURVE('',#13406,#13104,#13922,.T.);
#12393=EDGE_CURVE('',#13404,#13106,#13923,.T.);
#12394=EDGE_CURVE('',#13402,#13108,#13924,.T.);
#12395=EDGE_CURVE('',#13400,#13110,#13925,.T.);
#12396=EDGE_CURVE('',#13398,#13112,#13926,.T.);
#12397=EDGE_CURVE('',#13396,#13114,#13927,.T.);
#12398=EDGE_CURVE('',#13394,#13116,#13928,.T.);
#12399=EDGE_CURVE('',#13392,#13118,#13929,.T.);
#12400=EDGE_CURVE('',#13390,#13120,#13930,.T.);
#12401=EDGE_CURVE('',#13388,#13122,#13931,.T.);
#12402=EDGE_CURVE('',#13386,#13124,#13932,.T.);
#12403=EDGE_CURVE('',#13384,#13126,#13933,.T.);
#12404=EDGE_CURVE('',#13382,#13128,#13934,.T.);
#12405=EDGE_CURVE('',#13380,#13130,#13935,.T.);
#12406=EDGE_CURVE('',#13378,#13132,#13936,.T.);
#12407=EDGE_CURVE('',#13376,#13134,#13937,.T.);
#12408=EDGE_CURVE('',#13374,#13136,#13938,.T.);
#12409=EDGE_CURVE('',#13372,#13138,#13939,.T.);
#12410=EDGE_CURVE('',#13370,#13140,#13940,.T.);
#12411=EDGE_CURVE('',#13368,#13142,#13941,.T.);
#12412=EDGE_CURVE('',#13366,#13144,#13942,.T.);
#12413=EDGE_CURVE('',#13364,#13146,#13943,.T.);
#12414=EDGE_CURVE('',#13362,#13148,#13944,.T.);
#12415=EDGE_CURVE('',#13360,#13150,#13945,.T.);
#12416=EDGE_CURVE('',#13358,#13152,#13946,.T.);
#12417=EDGE_CURVE('',#13356,#13154,#13947,.T.);
#12418=EDGE_CURVE('',#13354,#13156,#13948,.T.);
#12419=EDGE_CURVE('',#13352,#13158,#13949,.T.);
#12420=EDGE_CURVE('',#13350,#13160,#13950,.T.);
#12421=EDGE_CURVE('',#13348,#13162,#13951,.T.);
#12422=EDGE_CURVE('',#13346,#13164,#13952,.T.);
#12423=EDGE_CURVE('',#13344,#13166,#13953,.T.);
#12424=EDGE_CURVE('',#13342,#13168,#13954,.T.);
#12425=EDGE_CURVE('',#13340,#13170,#13955,.T.);
#12426=EDGE_CURVE('',#13338,#13172,#13956,.T.);
#12427=EDGE_CURVE('',#13336,#13174,#13957,.T.);
#12428=EDGE_CURVE('',#13334,#13176,#13958,.T.);
#12429=EDGE_CURVE('',#13332,#13178,#13959,.T.);
#12430=EDGE_CURVE('',#13330,#13180,#13960,.T.);
#12431=EDGE_CURVE('',#13328,#13182,#13961,.T.);
#12432=EDGE_CURVE('',#13326,#13184,#13962,.T.);
#12433=EDGE_CURVE('',#13324,#13186,#13963,.T.);
#12434=EDGE_CURVE('',#13322,#13188,#13964,.T.);
#12435=EDGE_CURVE('',#13320,#13190,#13965,.T.);
#12436=EDGE_CURVE('',#13318,#13192,#13966,.T.);
#12437=EDGE_CURVE('',#13316,#13194,#13967,.T.);
#12438=EDGE_CURVE('',#13314,#13196,#13968,.T.);
#12439=EDGE_CURVE('',#13312,#13198,#13969,.T.);
#12440=EDGE_CURVE('',#13309,#13200,#13970,.T.);
#12441=EDGE_CURVE('',#13971,#13971,#13972,.T.);
#12442=EDGE_CURVE('',#13973,#13973,#13974,.T.);
#12443=EDGE_CURVE('',#13975,#13975,#13976,.T.);
#12444=EDGE_CURVE('',#13977,#13977,#13978,.T.);
#12445=EDGE_CURVE('',#13979,#13979,#13980,.T.);
#12446=EDGE_CURVE('',#13981,#13981,#13982,.T.);
#12447=EDGE_CURVE('',#13983,#13983,#13984,.T.);
#12448=EDGE_CURVE('',#13985,#13985,#13986,.T.);
#12449=EDGE_CURVE('',#13987,#13987,#13988,.T.);
#12450=EDGE_CURVE('',#13989,#13989,#13990,.T.);
#12451=EDGE_CURVE('',#13991,#13991,#13992,.T.);
#12452=EDGE_CURVE('',#13993,#13993,#13994,.T.);
#12453=EDGE_CURVE('',#13995,#13995,#13996,.T.);
#12454=EDGE_CURVE('',#13997,#13997,#13998,.T.);
#12455=EDGE_CURVE('',#13999,#13999,#14000,.T.);
#12456=EDGE_CURVE('',#14001,#14001,#14002,.T.);
#12457=EDGE_CURVE('',#14003,#14003,#14004,.T.);
#12458=EDGE_CURVE('',#14005,#14005,#14006,.T.);
#12459=EDGE_CURVE('',#14007,#14007,#14008,.T.);
#12460=EDGE_CURVE('',#14009,#14009,#14010,.T.);
#12461=EDGE_CURVE('',#14011,#14011,#14012,.T.);
#12462=EDGE_CURVE('',#14013,#14013,#14014,.T.);
#12463=EDGE_CURVE('',#14015,#14015,#14016,.T.);
#12464=EDGE_CURVE('',#14017,#14017,#14018,.T.);
#12465=EDGE_CURVE('',#14019,#14019,#14020,.T.);
#12466=EDGE_CURVE('',#14021,#14021,#14022,.T.);
#12467=EDGE_CURVE('',#14023,#14023,#14024,.T.);
#12468=EDGE_CURVE('',#14025,#14025,#14026,.T.);
#12469=EDGE_CURVE('',#14027,#14027,#14028,.T.);
#12470=EDGE_CURVE('',#14029,#14029,#14030,.T.);
#12471=EDGE_CURVE('',#14031,#14031,#14032,.T.);
#12472=EDGE_CURVE('',#14033,#14033,#14034,.T.);
#12473=EDGE_CURVE('',#14035,#14035,#14036,.T.);
#12474=EDGE_CURVE('',#14037,#14037,#14038,.T.);
#12475=EDGE_CURVE('',#14039,#14039,#14040,.T.);
#12476=EDGE_CURVE('',#14041,#14041,#14042,.T.);
#12477=EDGE_CURVE('',#14043,#14043,#14044,.T.);
#12478=EDGE_CURVE('',#14045,#14045,#14046,.T.);
#12479=EDGE_CURVE('',#14047,#14047,#14048,.T.);
#12480=EDGE_CURVE('',#14049,#14049,#14050,.T.);
#12481=EDGE_CURVE('',#14051,#14051,#14052,.T.);
#12482=EDGE_CURVE('',#14053,#14053,#14054,.T.);
#12483=EDGE_CURVE('',#14055,#14055,#14056,.T.);
#12484=EDGE_CURVE('',#14057,#14057,#14058,.T.);
#12485=EDGE_CURVE('',#14059,#14059,#14060,.T.);
#12486=EDGE_CURVE('',#14061,#14061,#14062,.T.);
#12487=EDGE_CURVE('',#14063,#14063,#14064,.T.);
#12488=EDGE_CURVE('',#14065,#14065,#14066,.T.);
#12489=EDGE_CURVE('',#14067,#14067,#14068,.T.);
#12490=EDGE_CURVE('',#14069,#14069,#14070,.T.);
#12491=EDGE_CURVE('',#14071,#14071,#14072,.T.);
#12492=EDGE_CURVE('',#14073,#14073,#14074,.T.);
#12493=EDGE_CURVE('',#14075,#14075,#14076,.T.);
#12494=EDGE_CURVE('',#14077,#14077,#14078,.T.);
#12495=EDGE_CURVE('',#14079,#14079,#14080,.T.);
#12496=EDGE_CURVE('',#14081,#14081,#14082,.T.);
#12497=EDGE_CURVE('',#14083,#14083,#14084,.T.);
#12498=EDGE_CURVE('',#14085,#14085,#14086,.T.);
#12499=EDGE_CURVE('',#14087,#14087,#14088,.T.);
#12500=EDGE_CURVE('',#14089,#14089,#14090,.T.);
#12501=EDGE_CURVE('',#14091,#14091,#14092,.T.);
#12502=EDGE_CURVE('',#14093,#14093,#14094,.T.);
#12503=EDGE_CURVE('',#14095,#14095,#14096,.T.);
#12504=EDGE_CURVE('',#14097,#14097,#14098,.T.);
#12505=EDGE_CURVE('',#14099,#14099,#14100,.T.);
#12506=EDGE_CURVE('',#14101,#14101,#14102,.T.);
#12507=EDGE_CURVE('',#14103,#14103,#14104,.T.);
#12508=EDGE_CURVE('',#14105,#14105,#14106,.T.);
#12509=EDGE_CURVE('',#14107,#14107,#14108,.T.);
#12510=EDGE_CURVE('',#14109,#14109,#14110,.T.);
#12511=EDGE_CURVE('',#14111,#14111,#14112,.T.);
#12512=EDGE_CURVE('',#14113,#14113,#14114,.T.);
#12513=EDGE_CURVE('',#14115,#14115,#14116,.T.);
#12514=EDGE_CURVE('',#14117,#14117,#14118,.T.);
#12515=EDGE_CURVE('',#14119,#14119,#14120,.T.);
#12516=EDGE_CURVE('',#14121,#14121,#14122,.T.);
#12517=EDGE_CURVE('',#14123,#14123,#14124,.T.);
#12518=EDGE_CURVE('',#14125,#14125,#14126,.T.);
#12519=EDGE_CURVE('',#14127,#14127,#14128,.T.);
#12520=EDGE_CURVE('',#14129,#14129,#14130,.T.);
#12521=EDGE_CURVE('',#14131,#14131,#14132,.T.);
#12522=EDGE_CURVE('',#14133,#14133,#14134,.T.);
#12523=EDGE_CURVE('',#14135,#14135,#14136,.T.);
#12524=EDGE_CURVE('',#14137,#14137,#14138,.T.);
#12525=EDGE_CURVE('',#14139,#14139,#14140,.T.);
#12526=EDGE_CURVE('',#14141,#14141,#14142,.T.);
#12527=EDGE_CURVE('',#14143,#14143,#14144,.T.);
#12528=EDGE_CURVE('',#14145,#14145,#14146,.T.);
#12529=EDGE_CURVE('',#14147,#14147,#14148,.T.);
#12530=EDGE_CURVE('',#14149,#14149,#14150,.T.);
#12531=EDGE_CURVE('',#14151,#14151,#14152,.T.);
#12532=EDGE_CURVE('',#14153,#14153,#14154,.T.);
#12533=EDGE_CURVE('',#14155,#14155,#14156,.T.);
#12534=EDGE_CURVE('',#14157,#14157,#14158,.T.);
#12535=EDGE_CURVE('',#14159,#14159,#14160,.T.);
#12536=EDGE_CURVE('',#14161,#14161,#14162,.T.);
#12537=EDGE_CURVE('',#14163,#14163,#14164,.T.);
#12538=EDGE_CURVE('',#14165,#14165,#14166,.T.);
#12539=EDGE_CURVE('',#14167,#14167,#14168,.T.);
#12540=EDGE_CURVE('',#14169,#14169,#14170,.T.);
#12541=EDGE_CURVE('',#14171,#14171,#14172,.T.);
#12542=EDGE_CURVE('',#14173,#14173,#14174,.T.);
#12543=EDGE_CURVE('',#14175,#14175,#14176,.T.);
#12544=EDGE_CURVE('',#14177,#14177,#14178,.T.);
#12545=EDGE_CURVE('',#14179,#14179,#14180,.T.);
#12546=EDGE_CURVE('',#14181,#14181,#14182,.T.);
#12547=EDGE_CURVE('',#14183,#14183,#14184,.T.);
#12548=EDGE_CURVE('',#14185,#14185,#14186,.T.);
#12549=EDGE_CURVE('',#14187,#14187,#14188,.T.);
#12550=EDGE_CURVE('',#14189,#14189,#14190,.T.);
#12551=EDGE_CURVE('',#14191,#14191,#14192,.T.);
#12552=EDGE_CURVE('',#14193,#14193,#14194,.T.);
#12553=EDGE_CURVE('',#14195,#14195,#14196,.T.);
#12554=EDGE_CURVE('',#14197,#14197,#14198,.T.);
#12555=EDGE_CURVE('',#14199,#14199,#14200,.T.);
#12556=EDGE_CURVE('',#14201,#14201,#14202,.T.);
#12557=EDGE_CURVE('',#14203,#14203,#14204,.T.);
#12558=EDGE_CURVE('',#14205,#14205,#14206,.T.);
#12559=EDGE_CURVE('',#14207,#14207,#14208,.T.);
#12560=EDGE_CURVE('',#14209,#14209,#14210,.T.);
#12561=EDGE_CURVE('',#14211,#14211,#14212,.T.);
#12562=EDGE_CURVE('',#14213,#14213,#14214,.T.);
#12563=EDGE_CURVE('',#14215,#14215,#14216,.T.);
#12564=EDGE_CURVE('',#14217,#14217,#14218,.T.);
#12565=EDGE_CURVE('',#14219,#14219,#14220,.T.);
#12566=EDGE_CURVE('',#14221,#14221,#14222,.T.);
#12567=EDGE_CURVE('',#14223,#14223,#14224,.T.);
#12568=EDGE_CURVE('',#14225,#14225,#14226,.T.);
#12569=EDGE_CURVE('',#14227,#14227,#14228,.T.);
#12570=EDGE_CURVE('',#14229,#14229,#14230,.T.);
#12571=EDGE_CURVE('',#14231,#14231,#14232,.T.);
#12572=EDGE_CURVE('',#14233,#14233,#14234,.T.);
#12573=EDGE_CURVE('',#14235,#14235,#14236,.T.);
#12574=EDGE_CURVE('',#14237,#14237,#14238,.T.);
#12575=EDGE_CURVE('',#14239,#14239,#14240,.T.);
#12576=EDGE_CURVE('',#14241,#14241,#14242,.T.);
#12577=EDGE_CURVE('',#14243,#14243,#14244,.T.);
#12578=EDGE_CURVE('',#14245,#14245,#14246,.T.);
#12579=EDGE_CURVE('',#14247,#14247,#14248,.T.);
#12580=EDGE_CURVE('',#14249,#14249,#14250,.T.);
#12581=EDGE_CURVE('',#14251,#14251,#14252,.T.);
#12582=EDGE_CURVE('',#14253,#14253,#14254,.T.);
#12583=EDGE_CURVE('',#14255,#14255,#14256,.T.);
#12584=EDGE_CURVE('',#14257,#14257,#14258,.T.);
#12585=EDGE_CURVE('',#14259,#14259,#14260,.T.);
#12586=EDGE_CURVE('',#14261,#14261,#14262,.T.);
#12587=EDGE_CURVE('',#14263,#14263,#14264,.T.);
#12588=EDGE_CURVE('',#14265,#14265,#14266,.T.);
#12589=EDGE_CURVE('',#14267,#14267,#14268,.T.);
#12590=EDGE_CURVE('',#14269,#14269,#14270,.T.);
#12591=EDGE_CURVE('',#14271,#14271,#14272,.T.);
#12592=EDGE_CURVE('',#14273,#14273,#14274,.T.);
#12593=EDGE_CURVE('',#14275,#14275,#14276,.T.);
#12594=EDGE_CURVE('',#14277,#14277,#14278,.T.);
#12595=EDGE_CURVE('',#14279,#14279,#14280,.T.);
#12596=EDGE_CURVE('',#14281,#14281,#14282,.T.);
#12597=EDGE_CURVE('',#14283,#14283,#14284,.T.);
#12598=EDGE_CURVE('',#14285,#14285,#14286,.T.);
#12599=EDGE_CURVE('',#14287,#14287,#14288,.T.);
#12600=EDGE_CURVE('',#14289,#14289,#14290,.T.);
#12601=EDGE_CURVE('',#14291,#14291,#14292,.T.);
#12602=EDGE_CURVE('',#14293,#14293,#14294,.T.);
#12603=EDGE_CURVE('',#14295,#14295,#14296,.T.);
#12604=EDGE_CURVE('',#14297,#14297,#14298,.T.);
#12605=EDGE_CURVE('',#14299,#14299,#14300,.T.);
#12606=EDGE_CURVE('',#14301,#14301,#14302,.T.);
#12607=EDGE_CURVE('',#14303,#14303,#14304,.T.);
#12608=EDGE_CURVE('',#14305,#14305,#14306,.T.);
#12609=EDGE_CURVE('',#14307,#14307,#14308,.T.);
#12610=EDGE_CURVE('',#14309,#14309,#14310,.T.);
#12611=EDGE_CURVE('',#14311,#14311,#14312,.T.);
#12612=EDGE_CURVE('',#14313,#14313,#14314,.T.);
#12613=EDGE_CURVE('',#14315,#14315,#14316,.T.);
#12614=EDGE_CURVE('',#14317,#14317,#14318,.T.);
#12615=EDGE_CURVE('',#14319,#14319,#14320,.T.);
#12616=EDGE_CURVE('',#14321,#14321,#14322,.T.);
#12617=EDGE_CURVE('',#14323,#14323,#14324,.T.);
#12618=EDGE_CURVE('',#14325,#14325,#14326,.T.);
#12619=EDGE_CURVE('',#14327,#14327,#14328,.T.);
#12620=EDGE_CURVE('',#14329,#14329,#14330,.T.);
#12621=EDGE_CURVE('',#14331,#14331,#14332,.T.);
#12622=EDGE_CURVE('',#14333,#14333,#14334,.T.);
#12623=EDGE_CURVE('',#14335,#14335,#14336,.T.);
#12624=EDGE_CURVE('',#14337,#14337,#14338,.T.);
#12625=EDGE_CURVE('',#14339,#14339,#14340,.T.);
#12626=EDGE_CURVE('',#14341,#14341,#14342,.T.);
#12627=EDGE_CURVE('',#14343,#14343,#14344,.T.);
#12628=EDGE_CURVE('',#14345,#14345,#14346,.T.);
#12629=EDGE_CURVE('',#14347,#14347,#14348,.T.);
#12630=EDGE_CURVE('',#14349,#14349,#14350,.T.);
#12631=EDGE_CURVE('',#14351,#14351,#14352,.T.);
#12632=EDGE_CURVE('',#14353,#14353,#14354,.T.);
#12633=EDGE_CURVE('',#14355,#14355,#14356,.T.);
#12634=EDGE_CURVE('',#14357,#14357,#14358,.T.);
#12635=EDGE_CURVE('',#14359,#14359,#14360,.T.);
#12636=EDGE_CURVE('',#14361,#14361,#14362,.T.);
#12637=EDGE_CURVE('',#14363,#14363,#14364,.T.);
#12638=EDGE_CURVE('',#14365,#14365,#14366,.T.);
#12639=EDGE_CURVE('',#14367,#14367,#14368,.T.);
#12640=EDGE_CURVE('',#14369,#14369,#14370,.T.);
#12641=EDGE_CURVE('',#14371,#14371,#14372,.T.);
#12642=EDGE_CURVE('',#14373,#14373,#14374,.T.);
#12643=EDGE_CURVE('',#14375,#14375,#14376,.T.);
#12644=EDGE_CURVE('',#14377,#14377,#14378,.T.);
#12645=EDGE_CURVE('',#14379,#14379,#14380,.T.);
#12646=EDGE_CURVE('',#14381,#14381,#14382,.T.);
#12647=EDGE_CURVE('',#14383,#14383,#14384,.T.);
#12648=EDGE_CURVE('',#14385,#14385,#14386,.T.);
#12649=EDGE_CURVE('',#14387,#14387,#14388,.T.);
#12650=EDGE_CURVE('',#14389,#14389,#14390,.T.);
#12651=EDGE_CURVE('',#14391,#14391,#14392,.T.);
#12652=EDGE_CURVE('',#14393,#14393,#14394,.T.);
#12653=EDGE_CURVE('',#14395,#14395,#14396,.T.);
#12654=EDGE_CURVE('',#14397,#14397,#14398,.T.);
#12655=EDGE_CURVE('',#14399,#14399,#14400,.T.);
#12656=EDGE_CURVE('',#14401,#14401,#14402,.T.);
#12657=EDGE_CURVE('',#14403,#14403,#14404,.T.);
#12658=EDGE_CURVE('',#14405,#14405,#14406,.T.);
#12659=VERTEX_POINT('',#14407);
#12660=CIRCLE('',#14408,0.66);
#12661=VERTEX_POINT('',#14412);
#12662=CIRCLE('',#14413,0.66);
#12663=VERTEX_POINT('',#14417);
#12664=CIRCLE('',#14418,0.66);
#12665=VERTEX_POINT('',#14422);
#12666=CIRCLE('',#14423,0.66);
#12667=VERTEX_POINT('',#14427);
#12668=CIRCLE('',#14428,0.66);
#12669=VERTEX_POINT('',#14432);
#12670=CIRCLE('',#14433,0.66);
#12671=VERTEX_POINT('',#14437);
#12672=CIRCLE('',#14438,0.66);
#12673=VERTEX_POINT('',#14442);
#12674=CIRCLE('',#14443,0.66);
#12675=VERTEX_POINT('',#14447);
#12676=CIRCLE('',#14448,0.66);
#12677=VERTEX_POINT('',#14452);
#12678=CIRCLE('',#14453,0.66);
#12679=VERTEX_POINT('',#14457);
#12680=CIRCLE('',#14458,0.66);
#12681=VERTEX_POINT('',#14462);
#12682=CIRCLE('',#14463,0.66);
#12683=VERTEX_POINT('',#14467);
#12684=CIRCLE('',#14468,0.66);
#12685=VERTEX_POINT('',#14472);
#12686=CIRCLE('',#14473,0.66);
#12687=VERTEX_POINT('',#14477);
#12688=CIRCLE('',#14478,0.66);
#12689=VERTEX_POINT('',#14482);
#12690=CIRCLE('',#14483,0.66);
#12691=VERTEX_POINT('',#14487);
#12692=CIRCLE('',#14488,0.66);
#12693=VERTEX_POINT('',#14492);
#12694=CIRCLE('',#14493,0.66);
#12695=VERTEX_POINT('',#14497);
#12696=CIRCLE('',#14498,0.66);
#12697=VERTEX_POINT('',#14502);
#12698=CIRCLE('',#14503,0.66);
#12699=VERTEX_POINT('',#14507);
#12700=CIRCLE('',#14508,0.66);
#12701=VERTEX_POINT('',#14512);
#12702=CIRCLE('',#14513,0.66);
#12703=VERTEX_POINT('',#14517);
#12704=CIRCLE('',#14518,0.66);
#12705=VERTEX_POINT('',#14522);
#12706=CIRCLE('',#14523,0.66);
#12707=VERTEX_POINT('',#14527);
#12708=CIRCLE('',#14528,0.66);
#12709=VERTEX_POINT('',#14532);
#12710=CIRCLE('',#14533,0.66);
#12711=VERTEX_POINT('',#14537);
#12712=CIRCLE('',#14538,0.66);
#12713=VERTEX_POINT('',#14542);
#12714=CIRCLE('',#14543,0.66);
#12715=VERTEX_POINT('',#14547);
#12716=CIRCLE('',#14548,0.66);
#12717=VERTEX_POINT('',#14552);
#12718=CIRCLE('',#14553,0.66);
#12719=VERTEX_POINT('',#14557);
#12720=CIRCLE('',#14558,0.66);
#12721=VERTEX_POINT('',#14562);
#12722=CIRCLE('',#14563,0.66);
#12723=VERTEX_POINT('',#14567);
#12724=CIRCLE('',#14568,0.66);
#12725=VERTEX_POINT('',#14572);
#12726=CIRCLE('',#14573,0.66);
#12727=VERTEX_POINT('',#14577);
#12728=CIRCLE('',#14578,0.66);
#12729=VERTEX_POINT('',#14582);
#12730=CIRCLE('',#14583,0.66);
#12731=VERTEX_POINT('',#14587);
#12732=CIRCLE('',#14588,0.66);
#12733=VERTEX_POINT('',#14592);
#12734=CIRCLE('',#14593,0.66);
#12735=VERTEX_POINT('',#14597);
#12736=CIRCLE('',#14598,0.66);
#12737=VERTEX_POINT('',#14602);
#12738=CIRCLE('',#14603,0.66);
#12739=VERTEX_POINT('',#14607);
#12740=CIRCLE('',#14608,0.66);
#12741=VERTEX_POINT('',#14612);
#12742=CIRCLE('',#14613,0.66);
#12743=VERTEX_POINT('',#14617);
#12744=CIRCLE('',#14618,0.66);
#12745=VERTEX_POINT('',#14622);
#12746=CIRCLE('',#14623,0.66);
#12747=VERTEX_POINT('',#14627);
#12748=CIRCLE('',#14628,0.66);
#12749=VERTEX_POINT('',#14632);
#12750=CIRCLE('',#14633,0.66);
#12751=VERTEX_POINT('',#14637);
#12752=CIRCLE('',#14638,0.66);
#12753=VERTEX_POINT('',#14642);
#12754=CIRCLE('',#14643,0.66);
#12755=VERTEX_POINT('',#14647);
#12756=CIRCLE('',#14648,0.66);
#12757=VERTEX_POINT('',#14652);
#12758=CIRCLE('',#14653,0.66);
#12759=VERTEX_POINT('',#14657);
#12760=CIRCLE('',#14658,0.66);
#12761=VERTEX_POINT('',#14662);
#12762=CIRCLE('',#14663,0.66);
#12763=VERTEX_POINT('',#14667);
#12764=VERTEX_POINT('',#14668);
#12765=LINE('',#14669,#14670);
#12766=VERTEX_POINT('',#14672);
#12767=LINE('',#14673,#14674);
#12768=VERTEX_POINT('',#14676);
#12769=LINE('',#14677,#14678);
#12770=VERTEX_POINT('',#14680);
#12771=LINE('',#14681,#14682);
#12772=VERTEX_POINT('',#14684);
#12773=LINE('',#14685,#14686);
#12774=VERTEX_POINT('',#14688);
#12775=LINE('',#14689,#14690);
#12776=VERTEX_POINT('',#14692);
#12777=LINE('',#14693,#14694);
#12778=VERTEX_POINT('',#14696);
#12779=LINE('',#14697,#14698);
#12780=VERTEX_POINT('',#14700);
#12781=LINE('',#14701,#14702);
#12782=VERTEX_POINT('',#14704);
#12783=LINE('',#14705,#14706);
#12784=VERTEX_POINT('',#14708);
#12785=LINE('',#14709,#14710);
#12786=VERTEX_POINT('',#14712);
#12787=LINE('',#14713,#14714);
#12788=VERTEX_POINT('',#14716);
#12789=LINE('',#14717,#14718);
#12790=VERTEX_POINT('',#14720);
#12791=LINE('',#14721,#14722);
#12792=VERTEX_POINT('',#14724);
#12793=LINE('',#14725,#14726);
#12794=VERTEX_POINT('',#14728);
#12795=LINE('',#14729,#14730);
#12796=VERTEX_POINT('',#14732);
#12797=LINE('',#14733,#14734);
#12798=VERTEX_POINT('',#14736);
#12799=LINE('',#14737,#14738);
#12800=VERTEX_POINT('',#14740);
#12801=LINE('',#14741,#14742);
#12802=VERTEX_POINT('',#14744);
#12803=LINE('',#14745,#14746);
#12804=VERTEX_POINT('',#14748);
#12805=LINE('',#14749,#14750);
#12806=VERTEX_POINT('',#14752);
#12807=LINE('',#14753,#14754);
#12808=VERTEX_POINT('',#14756);
#12809=LINE('',#14757,#14758);
#12810=VERTEX_POINT('',#14760);
#12811=LINE('',#14761,#14762);
#12812=VERTEX_POINT('',#14764);
#12813=LINE('',#14765,#14766);
#12814=VERTEX_POINT('',#14768);
#12815=LINE('',#14769,#14770);
#12816=VERTEX_POINT('',#14772);
#12817=LINE('',#14773,#14774);
#12818=VERTEX_POINT('',#14776);
#12819=LINE('',#14777,#14778);
#12820=VERTEX_POINT('',#14780);
#12821=LINE('',#14781,#14782);
#12822=VERTEX_POINT('',#14784);
#12823=LINE('',#14785,#14786);
#12824=VERTEX_POINT('',#14788);
#12825=LINE('',#14789,#14790);
#12826=VERTEX_POINT('',#14792);
#12827=LINE('',#14793,#14794);
#12828=VERTEX_POINT('',#14796);
#12829=LINE('',#14797,#14798);
#12830=VERTEX_POINT('',#14800);
#12831=LINE('',#14801,#14802);
#12832=VERTEX_POINT('',#14804);
#12833=LINE('',#14805,#14806);
#12834=VERTEX_POINT('',#14808);
#12835=LINE('',#14809,#14810);
#12836=VERTEX_POINT('',#14812);
#12837=LINE('',#14813,#14814);
#12838=VERTEX_POINT('',#14816);
#12839=LINE('',#14817,#14818);
#12840=VERTEX_POINT('',#14820);
#12841=LINE('',#14821,#14822);
#12842=VERTEX_POINT('',#14824);
#12843=LINE('',#14825,#14826);
#12844=VERTEX_POINT('',#14828);
#12845=LINE('',#14829,#14830);
#12846=VERTEX_POINT('',#14832);
#12847=LINE('',#14833,#14834);
#12848=VERTEX_POINT('',#14836);
#12849=LINE('',#14837,#14838);
#12850=VERTEX_POINT('',#14840);
#12851=LINE('',#14841,#14842);
#12852=VERTEX_POINT('',#14844);
#12853=LINE('',#14845,#14846);
#12854=VERTEX_POINT('',#14848);
#12855=LINE('',#14849,#14850);
#12856=VERTEX_POINT('',#14852);
#12857=LINE('',#14853,#14854);
#12858=VERTEX_POINT('',#14856);
#12859=LINE('',#14857,#14858);
#12860=VERTEX_POINT('',#14860);
#12861=LINE('',#14861,#14862);
#12862=VERTEX_POINT('',#14864);
#12863=LINE('',#14865,#14866);
#12864=VERTEX_POINT('',#14868);
#12865=LINE('',#14869,#14870);
#12866=VERTEX_POINT('',#14872);
#12867=LINE('',#14873,#14874);
#12868=VERTEX_POINT('',#14876);
#12869=LINE('',#14877,#14878);
#12870=VERTEX_POINT('',#14880);
#12871=LINE('',#14881,#14882);
#12872=VERTEX_POINT('',#14884);
#12873=LINE('',#14885,#14886);
#12874=VERTEX_POINT('',#14888);
#12875=LINE('',#14889,#14890);
#12876=VERTEX_POINT('',#14892);
#12877=LINE('',#14893,#14894);
#12878=VERTEX_POINT('',#14896);
#12879=LINE('',#14897,#14898);
#12880=VERTEX_POINT('',#14900);
#12881=LINE('',#14901,#14902);
#12882=VERTEX_POINT('',#14904);
#12883=LINE('',#14905,#14906);
#12884=VERTEX_POINT('',#14908);
#12885=LINE('',#14909,#14910);
#12886=VERTEX_POINT('',#14912);
#12887=LINE('',#14913,#14914);
#12888=VERTEX_POINT('',#14916);
#12889=LINE('',#14917,#14918);
#12890=VERTEX_POINT('',#14920);
#12891=LINE('',#14921,#14922);
#12892=VERTEX_POINT('',#14924);
#12893=LINE('',#14925,#14926);
#12894=VERTEX_POINT('',#14928);
#12895=LINE('',#14929,#14930);
#12896=VERTEX_POINT('',#14932);
#12897=LINE('',#14933,#14934);
#12898=VERTEX_POINT('',#14936);
#12899=LINE('',#14937,#14938);
#12900=VERTEX_POINT('',#14940);
#12901=LINE('',#14941,#14942);
#12902=VERTEX_POINT('',#14944);
#12903=LINE('',#14945,#14946);
#12904=VERTEX_POINT('',#14948);
#12905=LINE('',#14949,#14950);
#12906=VERTEX_POINT('',#14952);
#12907=LINE('',#14953,#14954);
#12908=VERTEX_POINT('',#14956);
#12909=LINE('',#14957,#14958);
#12910=VERTEX_POINT('',#14960);
#12911=LINE('',#14961,#14962);
#12912=VERTEX_POINT('',#14964);
#12913=LINE('',#14965,#14966);
#12914=VERTEX_POINT('',#14968);
#12915=LINE('',#14969,#14970);
#12916=VERTEX_POINT('',#14972);
#12917=LINE('',#14973,#14974);
#12918=VERTEX_POINT('',#14976);
#12919=LINE('',#14977,#14978);
#12920=VERTEX_POINT('',#14980);
#12921=LINE('',#14981,#14982);
#12922=VERTEX_POINT('',#14984);
#12923=LINE('',#14985,#14986);
#12924=VERTEX_POINT('',#14988);
#12925=LINE('',#14989,#14990);
#12926=VERTEX_POINT('',#14992);
#12927=LINE('',#14993,#14994);
#12928=VERTEX_POINT('',#14996);
#12929=LINE('',#14997,#14998);
#12930=VERTEX_POINT('',#15000);
#12931=LINE('',#15001,#15002);
#12932=VERTEX_POINT('',#15004);
#12933=LINE('',#15005,#15006);
#12934=VERTEX_POINT('',#15008);
#12935=LINE('',#15009,#15010);
#12936=VERTEX_POINT('',#15012);
#12937=LINE('',#15013,#15014);
#12938=VERTEX_POINT('',#15016);
#12939=LINE('',#15017,#15018);
#12940=VERTEX_POINT('',#15020);
#12941=LINE('',#15021,#15022);
#12942=VERTEX_POINT('',#15024);
#12943=LINE('',#15025,#15026);
#12944=VERTEX_POINT('',#15028);
#12945=LINE('',#15029,#15030);
#12946=VERTEX_POINT('',#15032);
#12947=LINE('',#15033,#15034);
#12948=VERTEX_POINT('',#15036);
#12949=LINE('',#15037,#15038);
#12950=VERTEX_POINT('',#15040);
#12951=LINE('',#15041,#15042);
#12952=VERTEX_POINT('',#15044);
#12953=LINE('',#15045,#15046);
#12954=VERTEX_POINT('',#15048);
#12955=LINE('',#15049,#15050);
#12956=VERTEX_POINT('',#15052);
#12957=LINE('',#15053,#15054);
#12958=VERTEX_POINT('',#15056);
#12959=LINE('',#15057,#15058);
#12960=VERTEX_POINT('',#15060);
#12961=LINE('',#15061,#15062);
#12962=VERTEX_POINT('',#15064);
#12963=LINE('',#15065,#15066);
#12964=VERTEX_POINT('',#15068);
#12965=LINE('',#15069,#15070);
#12966=VERTEX_POINT('',#15072);
#12967=LINE('',#15073,#15074);
#12968=VERTEX_POINT('',#15076);
#12969=LINE('',#15077,#15078);
#12970=VERTEX_POINT('',#15080);
#12971=LINE('',#15081,#15082);
#12972=VERTEX_POINT('',#15084);
#12973=LINE('',#15085,#15086);
#12974=VERTEX_POINT('',#15088);
#12975=LINE('',#15089,#15090);
#12976=VERTEX_POINT('',#15092);
#12977=LINE('',#15093,#15094);
#12978=VERTEX_POINT('',#15096);
#12979=LINE('',#15097,#15098);
#12980=VERTEX_POINT('',#15100);
#12981=LINE('',#15101,#15102);
#12982=VERTEX_POINT('',#15104);
#12983=LINE('',#15105,#15106);
#12984=VERTEX_POINT('',#15108);
#12985=LINE('',#15109,#15110);
#12986=VERTEX_POINT('',#15112);
#12987=LINE('',#15113,#15114);
#12988=VERTEX_POINT('',#15116);
#12989=LINE('',#15117,#15118);
#12990=VERTEX_POINT('',#15120);
#12991=LINE('',#15121,#15122);
#12992=VERTEX_POINT('',#15124);
#12993=LINE('',#15125,#15126);
#12994=VERTEX_POINT('',#15128);
#12995=LINE('',#15129,#15130);
#12996=VERTEX_POINT('',#15132);
#12997=LINE('',#15133,#15134);
#12998=VERTEX_POINT('',#15136);
#12999=LINE('',#15137,#15138);
#13000=VERTEX_POINT('',#15140);
#13001=LINE('',#15141,#15142);
#13002=VERTEX_POINT('',#15144);
#13003=LINE('',#15145,#15146);
#13004=VERTEX_POINT('',#15148);
#13005=LINE('',#15149,#15150);
#13006=VERTEX_POINT('',#15152);
#13007=LINE('',#15153,#15154);
#13008=VERTEX_POINT('',#15156);
#13009=LINE('',#15157,#15158);
#13010=VERTEX_POINT('',#15160);
#13011=LINE('',#15161,#15162);
#13012=VERTEX_POINT('',#15164);
#13013=LINE('',#15165,#15166);
#13014=VERTEX_POINT('',#15168);
#13015=LINE('',#15169,#15170);
#13016=VERTEX_POINT('',#15172);
#13017=LINE('',#15173,#15174);
#13018=VERTEX_POINT('',#15176);
#13019=LINE('',#15177,#15178);
#13020=VERTEX_POINT('',#15180);
#13021=LINE('',#15181,#15182);
#13022=VERTEX_POINT('',#15184);
#13023=LINE('',#15185,#15186);
#13024=VERTEX_POINT('',#15188);
#13025=LINE('',#15189,#15190);
#13026=VERTEX_POINT('',#15192);
#13027=LINE('',#15193,#15194);
#13028=VERTEX_POINT('',#15196);
#13029=LINE('',#15197,#15198);
#13030=VERTEX_POINT('',#15200);
#13031=LINE('',#15201,#15202);
#13032=VERTEX_POINT('',#15204);
#13033=LINE('',#15205,#15206);
#13034=VERTEX_POINT('',#15208);
#13035=LINE('',#15209,#15210);
#13036=VERTEX_POINT('',#15212);
#13037=LINE('',#15213,#15214);
#13038=VERTEX_POINT('',#15216);
#13039=LINE('',#15217,#15218);
#13040=VERTEX_POINT('',#15220);
#13041=LINE('',#15221,#15222);
#13042=VERTEX_POINT('',#15224);
#13043=LINE('',#15225,#15226);
#13044=VERTEX_POINT('',#15228);
#13045=LINE('',#15229,#15230);
#13046=VERTEX_POINT('',#15232);
#13047=LINE('',#15233,#15234);
#13048=VERTEX_POINT('',#15236);
#13049=LINE('',#15237,#15238);
#13050=VERTEX_POINT('',#15240);
#13051=LINE('',#15241,#15242);
#13052=VERTEX_POINT('',#15244);
#13053=LINE('',#15245,#15246);
#13054=VERTEX_POINT('',#15248);
#13055=LINE('',#15249,#15250);
#13056=VERTEX_POINT('',#15252);
#13057=LINE('',#15253,#15254);
#13058=VERTEX_POINT('',#15256);
#13059=LINE('',#15257,#15258);
#13060=VERTEX_POINT('',#15260);
#13061=LINE('',#15261,#15262);
#13062=VERTEX_POINT('',#15264);
#13063=LINE('',#15265,#15266);
#13064=VERTEX_POINT('',#15268);
#13065=LINE('',#15269,#15270);
#13066=VERTEX_POINT('',#15272);
#13067=LINE('',#15273,#15274);
#13068=VERTEX_POINT('',#15276);
#13069=LINE('',#15277,#15278);
#13070=VERTEX_POINT('',#15280);
#13071=LINE('',#15281,#15282);
#13072=VERTEX_POINT('',#15284);
#13073=LINE('',#15285,#15286);
#13074=VERTEX_POINT('',#15288);
#13075=LINE('',#15289,#15290);
#13076=VERTEX_POINT('',#15292);
#13077=LINE('',#15293,#15294);
#13078=VERTEX_POINT('',#15296);
#13079=LINE('',#15297,#15298);
#13080=VERTEX_POINT('',#15300);
#13081=LINE('',#15301,#15302);
#13082=VERTEX_POINT('',#15304);
#13083=LINE('',#15305,#15306);
#13084=VERTEX_POINT('',#15308);
#13085=LINE('',#15309,#15310);
#13086=VERTEX_POINT('',#15312);
#13087=LINE('',#15313,#15314);
#13088=VERTEX_POINT('',#15316);
#13089=LINE('',#15317,#15318);
#13090=VERTEX_POINT('',#15320);
#13091=LINE('',#15321,#15322);
#13092=VERTEX_POINT('',#15324);
#13093=LINE('',#15325,#15326);
#13094=VERTEX_POINT('',#15328);
#13095=LINE('',#15329,#15330);
#13096=VERTEX_POINT('',#15332);
#13097=LINE('',#15333,#15334);
#13098=VERTEX_POINT('',#15336);
#13099=LINE('',#15337,#15338);
#13100=VERTEX_POINT('',#15340);
#13101=LINE('',#15341,#15342);
#13102=VERTEX_POINT('',#15344);
#13103=LINE('',#15345,#15346);
#13104=VERTEX_POINT('',#15348);
#13105=LINE('',#15349,#15350);
#13106=VERTEX_POINT('',#15352);
#13107=LINE('',#15353,#15354);
#13108=VERTEX_POINT('',#15356);
#13109=LINE('',#15357,#15358);
#13110=VERTEX_POINT('',#15360);
#13111=LINE('',#15361,#15362);
#13112=VERTEX_POINT('',#15364);
#13113=LINE('',#15365,#15366);
#13114=VERTEX_POINT('',#15368);
#13115=LINE('',#15369,#15370);
#13116=VERTEX_POINT('',#15372);
#13117=LINE('',#15373,#15374);
#13118=VERTEX_POINT('',#15376);
#13119=LINE('',#15377,#15378);
#13120=VERTEX_POINT('',#15380);
#13121=LINE('',#15381,#15382);
#13122=VERTEX_POINT('',#15384);
#13123=LINE('',#15385,#15386);
#13124=VERTEX_POINT('',#15388);
#13125=LINE('',#15389,#15390);
#13126=VERTEX_POINT('',#15392);
#13127=LINE('',#15393,#15394);
#13128=VERTEX_POINT('',#15396);
#13129=LINE('',#15397,#15398);
#13130=VERTEX_POINT('',#15400);
#13131=LINE('',#15401,#15402);
#13132=VERTEX_POINT('',#15404);
#13133=LINE('',#15405,#15406);
#13134=VERTEX_POINT('',#15408);
#13135=LINE('',#15409,#15410);
#13136=VERTEX_POINT('',#15412);
#13137=LINE('',#15413,#15414);
#13138=VERTEX_POINT('',#15416);
#13139=LINE('',#15417,#15418);
#13140=VERTEX_POINT('',#15420);
#13141=LINE('',#15421,#15422);
#13142=VERTEX_POINT('',#15424);
#13143=LINE('',#15425,#15426);
#13144=VERTEX_POINT('',#15428);
#13145=LINE('',#15429,#15430);
#13146=VERTEX_POINT('',#15432);
#13147=LINE('',#15433,#15434);
#13148=VERTEX_POINT('',#15436);
#13149=LINE('',#15437,#15438);
#13150=VERTEX_POINT('',#15440);
#13151=LINE('',#15441,#15442);
#13152=VERTEX_POINT('',#15444);
#13153=LINE('',#15445,#15446);
#13154=VERTEX_POINT('',#15448);
#13155=LINE('',#15449,#15450);
#13156=VERTEX_POINT('',#15452);
#13157=LINE('',#15453,#15454);
#13158=VERTEX_POINT('',#15456);
#13159=LINE('',#15457,#15458);
#13160=VERTEX_POINT('',#15460);
#13161=LINE('',#15461,#15462);
#13162=VERTEX_POINT('',#15464);
#13163=LINE('',#15465,#15466);
#13164=VERTEX_POINT('',#15468);
#13165=LINE('',#15469,#15470);
#13166=VERTEX_POINT('',#15472);
#13167=LINE('',#15473,#15474);
#13168=VERTEX_POINT('',#15476);
#13169=LINE('',#15477,#15478);
#13170=VERTEX_POINT('',#15480);
#13171=LINE('',#15481,#15482);
#13172=VERTEX_POINT('',#15484);
#13173=LINE('',#15485,#15486);
#13174=VERTEX_POINT('',#15488);
#13175=LINE('',#15489,#15490);
#13176=VERTEX_POINT('',#15492);
#13177=LINE('',#15493,#15494);
#13178=VERTEX_POINT('',#15496);
#13179=LINE('',#15497,#15498);
#13180=VERTEX_POINT('',#15500);
#13181=LINE('',#15501,#15502);
#13182=VERTEX_POINT('',#15504);
#13183=LINE('',#15505,#15506);
#13184=VERTEX_POINT('',#15508);
#13185=LINE('',#15509,#15510);
#13186=VERTEX_POINT('',#15512);
#13187=LINE('',#15513,#15514);
#13188=VERTEX_POINT('',#15516);
#13189=LINE('',#15517,#15518);
#13190=VERTEX_POINT('',#15520);
#13191=LINE('',#15521,#15522);
#13192=VERTEX_POINT('',#15524);
#13193=LINE('',#15525,#15526);
#13194=VERTEX_POINT('',#15528);
#13195=LINE('',#15529,#15530);
#13196=VERTEX_POINT('',#15532);
#13197=LINE('',#15533,#15534);
#13198=VERTEX_POINT('',#15536);
#13199=LINE('',#15537,#15538);
#13200=VERTEX_POINT('',#15540);
#13201=LINE('',#15541,#15542);
#13202=LINE('',#15544,#15545);
#13203=VERTEX_POINT('',#15547);
#13204=CIRCLE('',#15548,0.9);
#13205=VERTEX_POINT('',#15552);
#13206=CIRCLE('',#15553,0.9);
#13207=VERTEX_POINT('',#15557);
#13208=CIRCLE('',#15558,0.9);
#13209=VERTEX_POINT('',#15562);
#13210=CIRCLE('',#15563,0.9);
#13211=VERTEX_POINT('',#15567);
#13212=CIRCLE('',#15568,0.9);
#13213=VERTEX_POINT('',#15572);
#13214=CIRCLE('',#15573,0.9);
#13215=VERTEX_POINT('',#15577);
#13216=CIRCLE('',#15578,0.9);
#13217=VERTEX_POINT('',#15582);
#13218=CIRCLE('',#15583,0.9);
#13219=VERTEX_POINT('',#15587);
#13220=CIRCLE('',#15588,0.9);
#13221=VERTEX_POINT('',#15592);
#13222=CIRCLE('',#15593,0.9);
#13223=VERTEX_POINT('',#15597);
#13224=CIRCLE('',#15598,0.9);
#13225=VERTEX_POINT('',#15602);
#13226=CIRCLE('',#15603,0.9);
#13227=VERTEX_POINT('',#15607);
#13228=CIRCLE('',#15608,0.9);
#13229=VERTEX_POINT('',#15612);
#13230=CIRCLE('',#15613,0.9);
#13231=VERTEX_POINT('',#15617);
#13232=CIRCLE('',#15618,0.9);
#13233=VERTEX_POINT('',#15622);
#13234=CIRCLE('',#15623,0.9);
#13235=VERTEX_POINT('',#15627);
#13236=CIRCLE('',#15628,0.9);
#13237=VERTEX_POINT('',#15632);
#13238=CIRCLE('',#15633,0.9);
#13239=VERTEX_POINT('',#15637);
#13240=CIRCLE('',#15638,0.9);
#13241=VERTEX_POINT('',#15642);
#13242=CIRCLE('',#15643,0.9);
#13243=VERTEX_POINT('',#15647);
#13244=CIRCLE('',#15648,0.9);
#13245=VERTEX_POINT('',#15652);
#13246=CIRCLE('',#15653,0.9);
#13247=VERTEX_POINT('',#15657);
#13248=CIRCLE('',#15658,0.9);
#13249=VERTEX_POINT('',#15662);
#13250=CIRCLE('',#15663,0.9);
#13251=VERTEX_POINT('',#15667);
#13252=CIRCLE('',#15668,0.9);
#13253=VERTEX_POINT('',#15672);
#13254=CIRCLE('',#15673,0.9);
#13255=VERTEX_POINT('',#15677);
#13256=CIRCLE('',#15678,0.9);
#13257=VERTEX_POINT('',#15682);
#13258=CIRCLE('',#15683,0.9);
#13259=VERTEX_POINT('',#15687);
#13260=CIRCLE('',#15688,0.9);
#13261=VERTEX_POINT('',#15692);
#13262=CIRCLE('',#15693,0.9);
#13263=VERTEX_POINT('',#15697);
#13264=CIRCLE('',#15698,0.9);
#13265=VERTEX_POINT('',#15702);
#13266=CIRCLE('',#15703,0.9);
#13267=VERTEX_POINT('',#15707);
#13268=CIRCLE('',#15708,0.9);
#13269=VERTEX_POINT('',#15712);
#13270=CIRCLE('',#15713,0.9);
#13271=VERTEX_POINT('',#15717);
#13272=CIRCLE('',#15718,0.9);
#13273=VERTEX_POINT('',#15722);
#13274=CIRCLE('',#15723,0.9);
#13275=VERTEX_POINT('',#15727);
#13276=CIRCLE('',#15728,0.9);
#13277=VERTEX_POINT('',#15732);
#13278=CIRCLE('',#15733,0.9);
#13279=VERTEX_POINT('',#15737);
#13280=CIRCLE('',#15738,0.9);
#13281=VERTEX_POINT('',#15742);
#13282=CIRCLE('',#15743,0.9);
#13283=VERTEX_POINT('',#15747);
#13284=CIRCLE('',#15748,0.9);
#13285=VERTEX_POINT('',#15752);
#13286=CIRCLE('',#15753,0.9);
#13287=VERTEX_POINT('',#15757);
#13288=CIRCLE('',#15758,0.9);
#13289=VERTEX_POINT('',#15762);
#13290=CIRCLE('',#15763,0.9);
#13291=VERTEX_POINT('',#15767);
#13292=CIRCLE('',#15768,0.9);
#13293=VERTEX_POINT('',#15772);
#13294=CIRCLE('',#15773,0.9);
#13295=VERTEX_POINT('',#15777);
#13296=CIRCLE('',#15778,0.9);
#13297=VERTEX_POINT('',#15782);
#13298=CIRCLE('',#15783,0.9);
#13299=VERTEX_POINT('',#15787);
#13300=CIRCLE('',#15788,0.9);
#13301=VERTEX_POINT('',#15792);
#13302=CIRCLE('',#15793,0.9);
#13303=VERTEX_POINT('',#15797);
#13304=CIRCLE('',#15798,0.9);
#13305=VERTEX_POINT('',#15802);
#13306=CIRCLE('',#15803,0.9);
#13307=VERTEX_POINT('',#15807);
#13308=CIRCLE('',#15808,0.9);
#13309=VERTEX_POINT('',#15812);
#13310=VERTEX_POINT('',#15813);
#13311=LINE('',#15814,#15815);
#13312=VERTEX_POINT('',#15817);
#13313=LINE('',#15818,#15819);
#13314=VERTEX_POINT('',#15821);
#13315=LINE('',#15822,#15823);
#13316=VERTEX_POINT('',#15825);
#13317=LINE('',#15826,#15827);
#13318=VERTEX_POINT('',#15829);
#13319=LINE('',#15830,#15831);
#13320=VERTEX_POINT('',#15833);
#13321=LINE('',#15834,#15835);
#13322=VERTEX_POINT('',#15837);
#13323=LINE('',#15838,#15839);
#13324=VERTEX_POINT('',#15841);
#13325=LINE('',#15842,#15843);
#13326=VERTEX_POINT('',#15845);
#13327=LINE('',#15846,#15847);
#13328=VERTEX_POINT('',#15849);
#13329=LINE('',#15850,#15851);
#13330=VERTEX_POINT('',#15853);
#13331=LINE('',#15854,#15855);
#13332=VERTEX_POINT('',#15857);
#13333=LINE('',#15858,#15859);
#13334=VERTEX_POINT('',#15861);
#13335=LINE('',#15862,#15863);
#13336=VERTEX_POINT('',#15865);
#13337=LINE('',#15866,#15867);
#13338=VERTEX_POINT('',#15869);
#13339=LINE('',#15870,#15871);
#13340=VERTEX_POINT('',#15873);
#13341=LINE('',#15874,#15875);
#13342=VERTEX_POINT('',#15877);
#13343=LINE('',#15878,#15879);
#13344=VERTEX_POINT('',#15881);
#13345=LINE('',#15882,#15883);
#13346=VERTEX_POINT('',#15885);
#13347=LINE('',#15886,#15887);
#13348=VERTEX_POINT('',#15889);
#13349=LINE('',#15890,#15891);
#13350=VERTEX_POINT('',#15893);
#13351=LINE('',#15894,#15895);
#13352=VERTEX_POINT('',#15897);
#13353=LINE('',#15898,#15899);
#13354=VERTEX_POINT('',#15901);
#13355=LINE('',#15902,#15903);
#13356=VERTEX_POINT('',#15905);
#13357=LINE('',#15906,#15907);
#13358=VERTEX_POINT('',#15909);
#13359=LINE('',#15910,#15911);
#13360=VERTEX_POINT('',#15913);
#13361=LINE('',#15914,#15915);
#13362=VERTEX_POINT('',#15917);
#13363=LINE('',#15918,#15919);
#13364=VERTEX_POINT('',#15921);
#13365=LINE('',#15922,#15923);
#13366=VERTEX_POINT('',#15925);
#13367=LINE('',#15926,#15927);
#13368=VERTEX_POINT('',#15929);
#13369=LINE('',#15930,#15931);
#13370=VERTEX_POINT('',#15933);
#13371=LINE('',#15934,#15935);
#13372=VERTEX_POINT('',#15937);
#13373=LINE('',#15938,#15939);
#13374=VERTEX_POINT('',#15941);
#13375=LINE('',#15942,#15943);
#13376=VERTEX_POINT('',#15945);
#13377=LINE('',#15946,#15947);
#13378=VERTEX_POINT('',#15949);
#13379=LINE('',#15950,#15951);
#13380=VERTEX_POINT('',#15953);
#13381=LINE('',#15954,#15955);
#13382=VERTEX_POINT('',#15957);
#13383=LINE('',#15958,#15959);
#13384=VERTEX_POINT('',#15961);
#13385=LINE('',#15962,#15963);
#13386=VERTEX_POINT('',#15965);
#13387=LINE('',#15966,#15967);
#13388=VERTEX_POINT('',#15969);
#13389=LINE('',#15970,#15971);
#13390=VERTEX_POINT('',#15973);
#13391=LINE('',#15974,#15975);
#13392=VERTEX_POINT('',#15977);
#13393=LINE('',#15978,#15979);
#13394=VERTEX_POINT('',#15981);
#13395=LINE('',#15982,#15983);
#13396=VERTEX_POINT('',#15985);
#13397=LINE('',#15986,#15987);
#13398=VERTEX_POINT('',#15989);
#13399=LINE('',#15990,#15991);
#13400=VERTEX_POINT('',#15993);
#13401=LINE('',#15994,#15995);
#13402=VERTEX_POINT('',#15997);
#13403=LINE('',#15998,#15999);
#13404=VERTEX_POINT('',#16001);
#13405=LINE('',#16002,#16003);
#13406=VERTEX_POINT('',#16005);
#13407=LINE('',#16006,#16007);
#13408=VERTEX_POINT('',#16009);
#13409=LINE('',#16010,#16011);
#13410=VERTEX_POINT('',#16013);
#13411=LINE('',#16014,#16015);
#13412=VERTEX_POINT('',#16017);
#13413=LINE('',#16018,#16019);
#13414=VERTEX_POINT('',#16021);
#13415=LINE('',#16022,#16023);
#13416=VERTEX_POINT('',#16025);
#13417=LINE('',#16026,#16027);
#13418=VERTEX_POINT('',#16029);
#13419=LINE('',#16030,#16031);
#13420=VERTEX_POINT('',#16033);
#13421=LINE('',#16034,#16035);
#13422=VERTEX_POINT('',#16037);
#13423=LINE('',#16038,#16039);
#13424=VERTEX_POINT('',#16041);
#13425=LINE('',#16042,#16043);
#13426=VERTEX_POINT('',#16045);
#13427=LINE('',#16046,#16047);
#13428=VERTEX_POINT('',#16049);
#13429=LINE('',#16050,#16051);
#13430=VERTEX_POINT('',#16053);
#13431=LINE('',#16054,#16055);
#13432=VERTEX_POINT('',#16057);
#13433=LINE('',#16058,#16059);
#13434=VERTEX_POINT('',#16061);
#13435=LINE('',#16062,#16063);
#13436=VERTEX_POINT('',#16065);
#13437=LINE('',#16066,#16067);
#13438=VERTEX_POINT('',#16069);
#13439=LINE('',#16070,#16071);
#13440=VERTEX_POINT('',#16073);
#13441=LINE('',#16074,#16075);
#13442=VERTEX_POINT('',#16077);
#13443=LINE('',#16078,#16079);
#13444=VERTEX_POINT('',#16081);
#13445=LINE('',#16082,#16083);
#13446=VERTEX_POINT('',#16085);
#13447=LINE('',#16086,#16087);
#13448=VERTEX_POINT('',#16089);
#13449=LINE('',#16090,#16091);
#13450=VERTEX_POINT('',#16093);
#13451=LINE('',#16094,#16095);
#13452=VERTEX_POINT('',#16097);
#13453=LINE('',#16098,#16099);
#13454=VERTEX_POINT('',#16101);
#13455=LINE('',#16102,#16103);
#13456=VERTEX_POINT('',#16105);
#13457=LINE('',#16106,#16107);
#13458=VERTEX_POINT('',#16109);
#13459=LINE('',#16110,#16111);
#13460=VERTEX_POINT('',#16113);
#13461=LINE('',#16114,#16115);
#13462=VERTEX_POINT('',#16117);
#13463=LINE('',#16118,#16119);
#13464=VERTEX_POINT('',#16121);
#13465=LINE('',#16122,#16123);
#13466=VERTEX_POINT('',#16125);
#13467=LINE('',#16126,#16127);
#13468=VERTEX_POINT('',#16129);
#13469=LINE('',#16130,#16131);
#13470=VERTEX_POINT('',#16133);
#13471=LINE('',#16134,#16135);
#13472=VERTEX_POINT('',#16137);
#13473=LINE('',#16138,#16139);
#13474=VERTEX_POINT('',#16141);
#13475=LINE('',#16142,#16143);
#13476=VERTEX_POINT('',#16145);
#13477=LINE('',#16146,#16147);
#13478=VERTEX_POINT('',#16149);
#13479=LINE('',#16150,#16151);
#13480=VERTEX_POINT('',#16153);
#13481=LINE('',#16154,#16155);
#13482=VERTEX_POINT('',#16157);
#13483=LINE('',#16158,#16159);
#13484=VERTEX_POINT('',#16161);
#13485=LINE('',#16162,#16163);
#13486=VERTEX_POINT('',#16165);
#13487=LINE('',#16166,#16167);
#13488=VERTEX_POINT('',#16169);
#13489=LINE('',#16170,#16171);
#13490=VERTEX_POINT('',#16173);
#13491=LINE('',#16174,#16175);
#13492=VERTEX_POINT('',#16177);
#13493=LINE('',#16178,#16179);
#13494=VERTEX_POINT('',#16181);
#13495=LINE('',#16182,#16183);
#13496=VERTEX_POINT('',#16185);
#13497=LINE('',#16186,#16187);
#13498=VERTEX_POINT('',#16189);
#13499=LINE('',#16190,#16191);
#13500=VERTEX_POINT('',#16193);
#13501=LINE('',#16194,#16195);
#13502=VERTEX_POINT('',#16197);
#13503=LINE('',#16198,#16199);
#13504=VERTEX_POINT('',#16201);
#13505=LINE('',#16202,#16203);
#13506=VERTEX_POINT('',#16205);
#13507=LINE('',#16206,#16207);
#13508=VERTEX_POINT('',#16209);
#13509=LINE('',#16210,#16211);
#13510=VERTEX_POINT('',#16213);
#13511=LINE('',#16214,#16215);
#13512=VERTEX_POINT('',#16217);
#13513=LINE('',#16218,#16219);
#13514=VERTEX_POINT('',#16221);
#13515=LINE('',#16222,#16223);
#13516=VERTEX_POINT('',#16225);
#13517=LINE('',#16226,#16227);
#13518=VERTEX_POINT('',#16229);
#13519=LINE('',#16230,#16231);
#13520=VERTEX_POINT('',#16233);
#13521=LINE('',#16234,#16235);
#13522=VERTEX_POINT('',#16237);
#13523=LINE('',#16238,#16239);
#13524=VERTEX_POINT('',#16241);
#13525=LINE('',#16242,#16243);
#13526=VERTEX_POINT('',#16245);
#13527=LINE('',#16246,#16247);
#13528=VERTEX_POINT('',#16249);
#13529=LINE('',#16250,#16251);
#13530=VERTEX_POINT('',#16253);
#13531=LINE('',#16254,#16255);
#13532=VERTEX_POINT('',#16257);
#13533=LINE('',#16258,#16259);
#13534=VERTEX_POINT('',#16261);
#13535=LINE('',#16262,#16263);
#13536=VERTEX_POINT('',#16265);
#13537=LINE('',#16266,#16267);
#13538=VERTEX_POINT('',#16269);
#13539=LINE('',#16270,#16271);
#13540=VERTEX_POINT('',#16273);
#13541=LINE('',#16274,#16275);
#13542=VERTEX_POINT('',#16277);
#13543=LINE('',#16278,#16279);
#13544=VERTEX_POINT('',#16281);
#13545=LINE('',#16282,#16283);
#13546=VERTEX_POINT('',#16285);
#13547=LINE('',#16286,#16287);
#13548=VERTEX_POINT('',#16289);
#13549=LINE('',#16290,#16291);
#13550=VERTEX_POINT('',#16293);
#13551=LINE('',#16294,#16295);
#13552=VERTEX_POINT('',#16297);
#13553=LINE('',#16298,#16299);
#13554=VERTEX_POINT('',#16301);
#13555=LINE('',#16302,#16303);
#13556=VERTEX_POINT('',#16305);
#13557=LINE('',#16306,#16307);
#13558=VERTEX_POINT('',#16309);
#13559=LINE('',#16310,#16311);
#13560=VERTEX_POINT('',#16313);
#13561=LINE('',#16314,#16315);
#13562=VERTEX_POINT('',#16317);
#13563=LINE('',#16318,#16319);
#13564=VERTEX_POINT('',#16321);
#13565=LINE('',#16322,#16323);
#13566=VERTEX_POINT('',#16325);
#13567=LINE('',#16326,#16327);
#13568=VERTEX_POINT('',#16329);
#13569=LINE('',#16330,#16331);
#13570=VERTEX_POINT('',#16333);
#13571=LINE('',#16334,#16335);
#13572=VERTEX_POINT('',#16337);
#13573=LINE('',#16338,#16339);
#13574=VERTEX_POINT('',#16341);
#13575=LINE('',#16342,#16343);
#13576=VERTEX_POINT('',#16345);
#13577=LINE('',#16346,#16347);
#13578=VERTEX_POINT('',#16349);
#13579=LINE('',#16350,#16351);
#13580=VERTEX_POINT('',#16353);
#13581=LINE('',#16354,#16355);
#13582=VERTEX_POINT('',#16357);
#13583=LINE('',#16358,#16359);
#13584=VERTEX_POINT('',#16361);
#13585=LINE('',#16362,#16363);
#13586=VERTEX_POINT('',#16365);
#13587=LINE('',#16366,#16367);
#13588=VERTEX_POINT('',#16369);
#13589=LINE('',#16370,#16371);
#13590=VERTEX_POINT('',#16373);
#13591=LINE('',#16374,#16375);
#13592=VERTEX_POINT('',#16377);
#13593=LINE('',#16378,#16379);
#13594=VERTEX_POINT('',#16381);
#13595=LINE('',#16382,#16383);
#13596=VERTEX_POINT('',#16385);
#13597=LINE('',#16386,#16387);
#13598=VERTEX_POINT('',#16389);
#13599=LINE('',#16390,#16391);
#13600=VERTEX_POINT('',#16393);
#13601=LINE('',#16394,#16395);
#13602=VERTEX_POINT('',#16397);
#13603=LINE('',#16398,#16399);
#13604=VERTEX_POINT('',#16401);
#13605=LINE('',#16402,#16403);
#13606=VERTEX_POINT('',#16405);
#13607=LINE('',#16406,#16407);
#13608=VERTEX_POINT('',#16409);
#13609=LINE('',#16410,#16411);
#13610=VERTEX_POINT('',#16413);
#13611=LINE('',#16414,#16415);
#13612=VERTEX_POINT('',#16417);
#13613=LINE('',#16418,#16419);
#13614=VERTEX_POINT('',#16421);
#13615=LINE('',#16422,#16423);
#13616=VERTEX_POINT('',#16425);
#13617=LINE('',#16426,#16427);
#13618=VERTEX_POINT('',#16429);
#13619=LINE('',#16430,#16431);
#13620=VERTEX_POINT('',#16433);
#13621=LINE('',#16434,#16435);
#13622=VERTEX_POINT('',#16437);
#13623=LINE('',#16438,#16439);
#13624=VERTEX_POINT('',#16441);
#13625=LINE('',#16442,#16443);
#13626=VERTEX_POINT('',#16445);
#13627=LINE('',#16446,#16447);
#13628=VERTEX_POINT('',#16449);
#13629=LINE('',#16450,#16451);
#13630=VERTEX_POINT('',#16453);
#13631=LINE('',#16454,#16455);
#13632=VERTEX_POINT('',#16457);
#13633=LINE('',#16458,#16459);
#13634=VERTEX_POINT('',#16461);
#13635=LINE('',#16462,#16463);
#13636=VERTEX_POINT('',#16465);
#13637=LINE('',#16466,#16467);
#13638=VERTEX_POINT('',#16469);
#13639=LINE('',#16470,#16471);
#13640=VERTEX_POINT('',#16473);
#13641=LINE('',#16474,#16475);
#13642=VERTEX_POINT('',#16477);
#13643=LINE('',#16478,#16479);
#13644=VERTEX_POINT('',#16481);
#13645=LINE('',#16482,#16483);
#13646=VERTEX_POINT('',#16485);
#13647=LINE('',#16486,#16487);
#13648=VERTEX_POINT('',#16489);
#13649=LINE('',#16490,#16491);
#13650=VERTEX_POINT('',#16493);
#13651=LINE('',#16494,#16495);
#13652=VERTEX_POINT('',#16497);
#13653=LINE('',#16498,#16499);
#13654=VERTEX_POINT('',#16501);
#13655=LINE('',#16502,#16503);
#13656=VERTEX_POINT('',#16505);
#13657=LINE('',#16506,#16507);
#13658=VERTEX_POINT('',#16509);
#13659=LINE('',#16510,#16511);
#13660=VERTEX_POINT('',#16513);
#13661=LINE('',#16514,#16515);
#13662=VERTEX_POINT('',#16517);
#13663=LINE('',#16518,#16519);
#13664=VERTEX_POINT('',#16521);
#13665=LINE('',#16522,#16523);
#13666=VERTEX_POINT('',#16525);
#13667=LINE('',#16526,#16527);
#13668=VERTEX_POINT('',#16529);
#13669=LINE('',#16530,#16531);
#13670=VERTEX_POINT('',#16533);
#13671=LINE('',#16534,#16535);
#13672=VERTEX_POINT('',#16537);
#13673=LINE('',#16538,#16539);
#13674=VERTEX_POINT('',#16541);
#13675=LINE('',#16542,#16543);
#13676=VERTEX_POINT('',#16545);
#13677=LINE('',#16546,#16547);
#13678=VERTEX_POINT('',#16549);
#13679=LINE('',#16550,#16551);
#13680=VERTEX_POINT('',#16553);
#13681=LINE('',#16554,#16555);
#13682=VERTEX_POINT('',#16557);
#13683=LINE('',#16558,#16559);
#13684=VERTEX_POINT('',#16561);
#13685=LINE('',#16562,#16563);
#13686=VERTEX_POINT('',#16565);
#13687=LINE('',#16566,#16567);
#13688=VERTEX_POINT('',#16569);
#13689=LINE('',#16570,#16571);
#13690=VERTEX_POINT('',#16573);
#13691=LINE('',#16574,#16575);
#13692=VERTEX_POINT('',#16577);
#13693=LINE('',#16578,#16579);
#13694=VERTEX_POINT('',#16581);
#13695=LINE('',#16582,#16583);
#13696=VERTEX_POINT('',#16585);
#13697=LINE('',#16586,#16587);
#13698=VERTEX_POINT('',#16589);
#13699=LINE('',#16590,#16591);
#13700=VERTEX_POINT('',#16593);
#13701=LINE('',#16594,#16595);
#13702=VERTEX_POINT('',#16597);
#13703=LINE('',#16598,#16599);
#13704=VERTEX_POINT('',#16601);
#13705=LINE('',#16602,#16603);
#13706=VERTEX_POINT('',#16605);
#13707=LINE('',#16606,#16607);
#13708=VERTEX_POINT('',#16609);
#13709=LINE('',#16610,#16611);
#13710=VERTEX_POINT('',#16613);
#13711=LINE('',#16614,#16615);
#13712=VERTEX_POINT('',#16617);
#13713=LINE('',#16618,#16619);
#13714=VERTEX_POINT('',#16621);
#13715=LINE('',#16622,#16623);
#13716=VERTEX_POINT('',#16625);
#13717=LINE('',#16626,#16627);
#13718=VERTEX_POINT('',#16629);
#13719=LINE('',#16630,#16631);
#13720=VERTEX_POINT('',#16633);
#13721=LINE('',#16634,#16635);
#13722=VERTEX_POINT('',#16637);
#13723=LINE('',#16638,#16639);
#13724=VERTEX_POINT('',#16641);
#13725=LINE('',#16642,#16643);
#13726=VERTEX_POINT('',#16645);
#13727=LINE('',#16646,#16647);
#13728=VERTEX_POINT('',#16649);
#13729=LINE('',#16650,#16651);
#13730=VERTEX_POINT('',#16653);
#13731=LINE('',#16654,#16655);
#13732=VERTEX_POINT('',#16657);
#13733=LINE('',#16658,#16659);
#13734=VERTEX_POINT('',#16661);
#13735=LINE('',#16662,#16663);
#13736=VERTEX_POINT('',#16665);
#13737=LINE('',#16666,#16667);
#13738=VERTEX_POINT('',#16669);
#13739=LINE('',#16670,#16671);
#13740=VERTEX_POINT('',#16673);
#13741=LINE('',#16674,#16675);
#13742=VERTEX_POINT('',#16677);
#13743=LINE('',#16678,#16679);
#13744=VERTEX_POINT('',#16681);
#13745=LINE('',#16682,#16683);
#13746=VERTEX_POINT('',#16685);
#13747=LINE('',#16686,#16687);
#13748=LINE('',#16689,#16690);
#13749=VERTEX_POINT('',#16692);
#13750=CIRCLE('',#16693,0.66);
#13751=LINE('',#16697,#16698);
#13752=LINE('',#16700,#16701);
#13753=LINE('',#16703,#16704);
#13754=LINE('',#16706,#16707);
#13755=LINE('',#16709,#16710);
#13756=LINE('',#16712,#16713);
#13757=LINE('',#16715,#16716);
#13758=LINE('',#16718,#16719);
#13759=LINE('',#16721,#16722);
#13760=LINE('',#16724,#16725);
#13761=LINE('',#16727,#16728);
#13762=LINE('',#16730,#16731);
#13763=LINE('',#16733,#16734);
#13764=LINE('',#16736,#16737);
#13765=LINE('',#16739,#16740);
#13766=LINE('',#16742,#16743);
#13767=LINE('',#16745,#16746);
#13768=LINE('',#16748,#16749);
#13769=LINE('',#16751,#16752);
#13770=LINE('',#16754,#16755);
#13771=LINE('',#16757,#16758);
#13772=LINE('',#16760,#16761);
#13773=LINE('',#16763,#16764);
#13774=LINE('',#16766,#16767);
#13775=LINE('',#16769,#16770);
#13776=LINE('',#16772,#16773);
#13777=LINE('',#16775,#16776);
#13778=LINE('',#16778,#16779);
#13779=LINE('',#16781,#16782);
#13780=LINE('',#16784,#16785);
#13781=LINE('',#16787,#16788);
#13782=LINE('',#16790,#16791);
#13783=LINE('',#16793,#16794);
#13784=LINE('',#16796,#16797);
#13785=LINE('',#16799,#16800);
#13786=LINE('',#16802,#16803);
#13787=LINE('',#16805,#16806);
#13788=LINE('',#16808,#16809);
#13789=LINE('',#16811,#16812);
#13790=LINE('',#16814,#16815);
#13791=LINE('',#16817,#16818);
#13792=LINE('',#16820,#16821);
#13793=LINE('',#16823,#16824);
#13794=LINE('',#16826,#16827);
#13795=LINE('',#16829,#16830);
#13796=LINE('',#16832,#16833);
#13797=LINE('',#16835,#16836);
#13798=LINE('',#16838,#16839);
#13799=LINE('',#16841,#16842);
#13800=LINE('',#16844,#16845);
#13801=LINE('',#16847,#16848);
#13802=LINE('',#16850,#16851);
#13803=LINE('',#16853,#16854);
#13804=LINE('',#16856,#16857);
#13805=LINE('',#16859,#16860);
#13806=LINE('',#16862,#16863);
#13807=LINE('',#16865,#16866);
#13808=LINE('',#16868,#16869);
#13809=LINE('',#16871,#16872);
#13810=LINE('',#16874,#16875);
#13811=LINE('',#16877,#16878);
#13812=LINE('',#16880,#16881);
#13813=LINE('',#16883,#16884);
#13814=LINE('',#16886,#16887);
#13815=LINE('',#16889,#16890);
#13816=LINE('',#16892,#16893);
#13817=LINE('',#16895,#16896);
#13818=LINE('',#16898,#16899);
#13819=LINE('',#16901,#16902);
#13820=LINE('',#16904,#16905);
#13821=LINE('',#16907,#16908);
#13822=LINE('',#16910,#16911);
#13823=LINE('',#16913,#16914);
#13824=LINE('',#16916,#16917);
#13825=LINE('',#16919,#16920);
#13826=LINE('',#16922,#16923);
#13827=LINE('',#16925,#16926);
#13828=LINE('',#16928,#16929);
#13829=LINE('',#16931,#16932);
#13830=LINE('',#16934,#16935);
#13831=LINE('',#16937,#16938);
#13832=LINE('',#16940,#16941);
#13833=LINE('',#16943,#16944);
#13834=LINE('',#16946,#16947);
#13835=LINE('',#16949,#16950);
#13836=LINE('',#16952,#16953);
#13837=LINE('',#16955,#16956);
#13838=LINE('',#16958,#16959);
#13839=LINE('',#16961,#16962);
#13840=LINE('',#16964,#16965);
#13841=LINE('',#16967,#16968);
#13842=LINE('',#16970,#16971);
#13843=LINE('',#16973,#16974);
#13844=LINE('',#16976,#16977);
#13845=LINE('',#16979,#16980);
#13846=LINE('',#16982,#16983);
#13847=LINE('',#16985,#16986);
#13848=LINE('',#16988,#16989);
#13849=LINE('',#16991,#16992);
#13850=LINE('',#16994,#16995);
#13851=LINE('',#16997,#16998);
#13852=LINE('',#17000,#17001);
#13853=LINE('',#17003,#17004);
#13854=LINE('',#17006,#17007);
#13855=LINE('',#17009,#17010);
#13856=LINE('',#17012,#17013);
#13857=LINE('',#17015,#17016);
#13858=LINE('',#17018,#17019);
#13859=LINE('',#17021,#17022);
#13860=LINE('',#17024,#17025);
#13861=LINE('',#17027,#17028);
#13862=LINE('',#17030,#17031);
#13863=LINE('',#17033,#17034);
#13864=LINE('',#17036,#17037);
#13865=LINE('',#17039,#17040);
#13866=LINE('',#17042,#17043);
#13867=LINE('',#17045,#17046);
#13868=LINE('',#17048,#17049);
#13869=LINE('',#17051,#17052);
#13870=LINE('',#17054,#17055);
#13871=LINE('',#17057,#17058);
#13872=LINE('',#17060,#17061);
#13873=LINE('',#17063,#17064);
#13874=LINE('',#17066,#17067);
#13875=LINE('',#17069,#17070);
#13876=LINE('',#17072,#17073);
#13877=LINE('',#17075,#17076);
#13878=LINE('',#17078,#17079);
#13879=LINE('',#17081,#17082);
#13880=LINE('',#17084,#17085);
#13881=LINE('',#17087,#17088);
#13882=LINE('',#17090,#17091);
#13883=LINE('',#17093,#17094);
#13884=LINE('',#17096,#17097);
#13885=LINE('',#17099,#17100);
#13886=LINE('',#17102,#17103);
#13887=LINE('',#17105,#17106);
#13888=LINE('',#17108,#17109);
#13889=LINE('',#17111,#17112);
#13890=LINE('',#17114,#17115);
#13891=LINE('',#17117,#17118);
#13892=LINE('',#17120,#17121);
#13893=LINE('',#17123,#17124);
#13894=LINE('',#17126,#17127);
#13895=LINE('',#17129,#17130);
#13896=LINE('',#17132,#17133);
#13897=LINE('',#17135,#17136);
#13898=LINE('',#17138,#17139);
#13899=LINE('',#17141,#17142);
#13900=LINE('',#17144,#17145);
#13901=LINE('',#17147,#17148);
#13902=LINE('',#17150,#17151);
#13903=LINE('',#17153,#17154);
#13904=LINE('',#17156,#17157);
#13905=LINE('',#17159,#17160);
#13906=LINE('',#17162,#17163);
#13907=LINE('',#17165,#17166);
#13908=LINE('',#17168,#17169);
#13909=LINE('',#17171,#17172);
#13910=LINE('',#17174,#17175);
#13911=LINE('',#17177,#17178);
#13912=LINE('',#17180,#17181);
#13913=LINE('',#17183,#17184);
#13914=LINE('',#17186,#17187);
#13915=LINE('',#17189,#17190);
#13916=LINE('',#17192,#17193);
#13917=LINE('',#17195,#17196);
#13918=LINE('',#17198,#17199);
#13919=LINE('',#17201,#17202);
#13920=LINE('',#17204,#17205);
#13921=LINE('',#17207,#17208);
#13922=LINE('',#17210,#17211);
#13923=LINE('',#17213,#17214);
#13924=LINE('',#17216,#17217);
#13925=LINE('',#17219,#17220);
#13926=LINE('',#17222,#17223);
#13927=LINE('',#17225,#17226);
#13928=LINE('',#17228,#17229);
#13929=LINE('',#17231,#17232);
#13930=LINE('',#17234,#17235);
#13931=LINE('',#17237,#17238);
#13932=LINE('',#17240,#17241);
#13933=LINE('',#17243,#17244);
#13934=LINE('',#17246,#17247);
#13935=LINE('',#17249,#17250);
#13936=LINE('',#17252,#17253);
#13937=LINE('',#17255,#17256);
#13938=LINE('',#17258,#17259);
#13939=LINE('',#17261,#17262);
#13940=LINE('',#17264,#17265);
#13941=LINE('',#17267,#17268);
#13942=LINE('',#17270,#17271);
#13943=LINE('',#17273,#17274);
#13944=LINE('',#17276,#17277);
#13945=LINE('',#17279,#17280);
#13946=LINE('',#17282,#17283);
#13947=LINE('',#17285,#17286);
#13948=LINE('',#17288,#17289);
#13949=LINE('',#17291,#17292);
#13950=LINE('',#17294,#17295);
#13951=LINE('',#17297,#17298);
#13952=LINE('',#17300,#17301);
#13953=LINE('',#17303,#17304);
#13954=LINE('',#17306,#17307);
#13955=LINE('',#17309,#17310);
#13956=LINE('',#17312,#17313);
#13957=LINE('',#17315,#17316);
#13958=LINE('',#17318,#17319);
#13959=LINE('',#17321,#17322);
#13960=LINE('',#17324,#17325);
#13961=LINE('',#17327,#17328);
#13962=LINE('',#17330,#17331);
#13963=LINE('',#17333,#17334);
#13964=LINE('',#17336,#17337);
#13965=LINE('',#17339,#17340);
#13966=LINE('',#17342,#17343);
#13967=LINE('',#17345,#17346);
#13968=LINE('',#17348,#17349);
#13969=LINE('',#17351,#17352);
#13970=LINE('',#17354,#17355);
#13971=VERTEX_POINT('',#17357);
#13972=CIRCLE('',#17358,0.9);
#13973=VERTEX_POINT('',#17362);
#13974=CIRCLE('',#17363,0.66);
#13975=VERTEX_POINT('',#17367);
#13976=CIRCLE('',#17368,0.3);
#13977=VERTEX_POINT('',#17372);
#13978=CIRCLE('',#17373,0.3);
#13979=VERTEX_POINT('',#17377);
#13980=CIRCLE('',#17378,0.9);
#13981=VERTEX_POINT('',#17382);
#13982=CIRCLE('',#17383,0.9);
#13983=VERTEX_POINT('',#17387);
#13984=CIRCLE('',#17388,0.66);
#13985=VERTEX_POINT('',#17392);
#13986=CIRCLE('',#17393,0.66);
#13987=VERTEX_POINT('',#17397);
#13988=CIRCLE('',#17398,0.23);
#13989=VERTEX_POINT('',#17402);
#13990=CIRCLE('',#17403,0.23);
#13991=VERTEX_POINT('',#17407);
#13992=CIRCLE('',#17408,0.3);
#13993=VERTEX_POINT('',#17412);
#13994=CIRCLE('',#17413,0.3);
#13995=VERTEX_POINT('',#17417);
#13996=CIRCLE('',#17418,0.9);
#13997=VERTEX_POINT('',#17422);
#13998=CIRCLE('',#17423,0.9);
#13999=VERTEX_POINT('',#17427);
#14000=CIRCLE('',#17428,0.66);
#14001=VERTEX_POINT('',#17432);
#14002=CIRCLE('',#17433,0.66);
#14003=VERTEX_POINT('',#17437);
#14004=CIRCLE('',#17438,0.23);
#14005=VERTEX_POINT('',#17442);
#14006=CIRCLE('',#17443,0.23);
#14007=VERTEX_POINT('',#17447);
#14008=CIRCLE('',#17448,0.3);
#14009=VERTEX_POINT('',#17452);
#14010=CIRCLE('',#17453,0.3);
#14011=VERTEX_POINT('',#17457);
#14012=CIRCLE('',#17458,0.9);
#14013=VERTEX_POINT('',#17462);
#14014=CIRCLE('',#17463,0.9);
#14015=VERTEX_POINT('',#17467);
#14016=CIRCLE('',#17468,0.66);
#14017=VERTEX_POINT('',#17472);
#14018=CIRCLE('',#17473,0.66);
#14019=VERTEX_POINT('',#17477);
#14020=CIRCLE('',#17478,0.23);
#14021=VERTEX_POINT('',#17482);
#14022=CIRCLE('',#17483,0.23);
#14023=VERTEX_POINT('',#17487);
#14024=CIRCLE('',#17488,0.3);
#14025=VERTEX_POINT('',#17492);
#14026=CIRCLE('',#17493,0.3);
#14027=VERTEX_POINT('',#17497);
#14028=CIRCLE('',#17498,0.9);
#14029=VERTEX_POINT('',#17502);
#14030=CIRCLE('',#17503,0.9);
#14031=VERTEX_POINT('',#17507);
#14032=CIRCLE('',#17508,0.66);
#14033=VERTEX_POINT('',#17512);
#14034=CIRCLE('',#17513,0.66);
#14035=VERTEX_POINT('',#17517);
#14036=CIRCLE('',#17518,0.23);
#14037=VERTEX_POINT('',#17522);
#14038=CIRCLE('',#17523,0.23);
#14039=VERTEX_POINT('',#17527);
#14040=CIRCLE('',#17528,0.3);
#14041=VERTEX_POINT('',#17532);
#14042=CIRCLE('',#17533,0.3);
#14043=VERTEX_POINT('',#17537);
#14044=CIRCLE('',#17538,0.9);
#14045=VERTEX_POINT('',#17542);
#14046=CIRCLE('',#17543,0.9);
#14047=VERTEX_POINT('',#17547);
#14048=CIRCLE('',#17548,0.66);
#14049=VERTEX_POINT('',#17552);
#14050=CIRCLE('',#17553,0.66);
#14051=VERTEX_POINT('',#17557);
#14052=CIRCLE('',#17558,0.23);
#14053=VERTEX_POINT('',#17562);
#14054=CIRCLE('',#17563,0.23);
#14055=VERTEX_POINT('',#17567);
#14056=CIRCLE('',#17568,0.3);
#14057=VERTEX_POINT('',#17572);
#14058=CIRCLE('',#17573,0.3);
#14059=VERTEX_POINT('',#17577);
#14060=CIRCLE('',#17578,0.9);
#14061=VERTEX_POINT('',#17582);
#14062=CIRCLE('',#17583,0.9);
#14063=VERTEX_POINT('',#17587);
#14064=CIRCLE('',#17588,0.66);
#14065=VERTEX_POINT('',#17592);
#14066=CIRCLE('',#17593,0.66);
#14067=VERTEX_POINT('',#17597);
#14068=CIRCLE('',#17598,0.23);
#14069=VERTEX_POINT('',#17602);
#14070=CIRCLE('',#17603,0.23);
#14071=VERTEX_POINT('',#17607);
#14072=CIRCLE('',#17608,0.3);
#14073=VERTEX_POINT('',#17612);
#14074=CIRCLE('',#17613,0.3);
#14075=VERTEX_POINT('',#17617);
#14076=CIRCLE('',#17618,0.9);
#14077=VERTEX_POINT('',#17622);
#14078=CIRCLE('',#17623,0.9);
#14079=VERTEX_POINT('',#17627);
#14080=CIRCLE('',#17628,0.66);
#14081=VERTEX_POINT('',#17632);
#14082=CIRCLE('',#17633,0.66);
#14083=VERTEX_POINT('',#17637);
#14084=CIRCLE('',#17638,0.23);
#14085=VERTEX_POINT('',#17642);
#14086=CIRCLE('',#17643,0.23);
#14087=VERTEX_POINT('',#17647);
#14088=CIRCLE('',#17648,0.3);
#14089=VERTEX_POINT('',#17652);
#14090=CIRCLE('',#17653,0.3);
#14091=VERTEX_POINT('',#17657);
#14092=CIRCLE('',#17658,0.9);
#14093=VERTEX_POINT('',#17662);
#14094=CIRCLE('',#17663,0.9);
#14095=VERTEX_POINT('',#17667);
#14096=CIRCLE('',#17668,0.66);
#14097=VERTEX_POINT('',#17672);
#14098=CIRCLE('',#17673,0.66);
#14099=VERTEX_POINT('',#17677);
#14100=CIRCLE('',#17678,0.23);
#14101=VERTEX_POINT('',#17682);
#14102=CIRCLE('',#17683,0.23);
#14103=VERTEX_POINT('',#17687);
#14104=CIRCLE('',#17688,0.3);
#14105=VERTEX_POINT('',#17692);
#14106=CIRCLE('',#17693,0.3);
#14107=VERTEX_POINT('',#17697);
#14108=CIRCLE('',#17698,0.9);
#14109=VERTEX_POINT('',#17702);
#14110=CIRCLE('',#17703,0.9);
#14111=VERTEX_POINT('',#17707);
#14112=CIRCLE('',#17708,0.66);
#14113=VERTEX_POINT('',#17712);
#14114=CIRCLE('',#17713,0.66);
#14115=VERTEX_POINT('',#17717);
#14116=CIRCLE('',#17718,0.23);
#14117=VERTEX_POINT('',#17722);
#14118=CIRCLE('',#17723,0.23);
#14119=VERTEX_POINT('',#17727);
#14120=CIRCLE('',#17728,0.3);
#14121=VERTEX_POINT('',#17732);
#14122=CIRCLE('',#17733,0.3);
#14123=VERTEX_POINT('',#17737);
#14124=CIRCLE('',#17738,0.9);
#14125=VERTEX_POINT('',#17742);
#14126=CIRCLE('',#17743,0.9);
#14127=VERTEX_POINT('',#17747);
#14128=CIRCLE('',#17748,0.66);
#14129=VERTEX_POINT('',#17752);
#14130=CIRCLE('',#17753,0.66);
#14131=VERTEX_POINT('',#17757);
#14132=CIRCLE('',#17758,0.23);
#14133=VERTEX_POINT('',#17762);
#14134=CIRCLE('',#17763,0.23);
#14135=VERTEX_POINT('',#17767);
#14136=CIRCLE('',#17768,0.3);
#14137=VERTEX_POINT('',#17772);
#14138=CIRCLE('',#17773,0.3);
#14139=VERTEX_POINT('',#17777);
#14140=CIRCLE('',#17778,0.9);
#14141=VERTEX_POINT('',#17782);
#14142=CIRCLE('',#17783,0.9);
#14143=VERTEX_POINT('',#17787);
#14144=CIRCLE('',#17788,0.66);
#14145=VERTEX_POINT('',#17792);
#14146=CIRCLE('',#17793,0.66);
#14147=VERTEX_POINT('',#17797);
#14148=CIRCLE('',#17798,0.23);
#14149=VERTEX_POINT('',#17802);
#14150=CIRCLE('',#17803,0.23);
#14151=VERTEX_POINT('',#17807);
#14152=CIRCLE('',#17808,0.3);
#14153=VERTEX_POINT('',#17812);
#14154=CIRCLE('',#17813,0.3);
#14155=VERTEX_POINT('',#17817);
#14156=CIRCLE('',#17818,0.9);
#14157=VERTEX_POINT('',#17822);
#14158=CIRCLE('',#17823,0.9);
#14159=VERTEX_POINT('',#17827);
#14160=CIRCLE('',#17828,0.66);
#14161=VERTEX_POINT('',#17832);
#14162=CIRCLE('',#17833,0.66);
#14163=VERTEX_POINT('',#17837);
#14164=CIRCLE('',#17838,0.23);
#14165=VERTEX_POINT('',#17842);
#14166=CIRCLE('',#17843,0.23);
#14167=VERTEX_POINT('',#17847);
#14168=CIRCLE('',#17848,0.3);
#14169=VERTEX_POINT('',#17852);
#14170=CIRCLE('',#17853,0.3);
#14171=VERTEX_POINT('',#17857);
#14172=CIRCLE('',#17858,0.9);
#14173=VERTEX_POINT('',#17862);
#14174=CIRCLE('',#17863,0.9);
#14175=VERTEX_POINT('',#17867);
#14176=CIRCLE('',#17868,0.66);
#14177=VERTEX_POINT('',#17872);
#14178=CIRCLE('',#17873,0.66);
#14179=VERTEX_POINT('',#17877);
#14180=CIRCLE('',#17878,0.23);
#14181=VERTEX_POINT('',#17882);
#14182=CIRCLE('',#17883,0.23);
#14183=VERTEX_POINT('',#17887);
#14184=CIRCLE('',#17888,0.3);
#14185=VERTEX_POINT('',#17892);
#14186=CIRCLE('',#17893,0.3);
#14187=VERTEX_POINT('',#17897);
#14188=CIRCLE('',#17898,0.9);
#14189=VERTEX_POINT('',#17902);
#14190=CIRCLE('',#17903,0.9);
#14191=VERTEX_POINT('',#17907);
#14192=CIRCLE('',#17908,0.66);
#14193=VERTEX_POINT('',#17912);
#14194=CIRCLE('',#17913,0.66);
#14195=VERTEX_POINT('',#17917);
#14196=CIRCLE('',#17918,0.23);
#14197=VERTEX_POINT('',#17922);
#14198=CIRCLE('',#17923,0.23);
#14199=VERTEX_POINT('',#17927);
#14200=CIRCLE('',#17928,0.3);
#14201=VERTEX_POINT('',#17932);
#14202=CIRCLE('',#17933,0.3);
#14203=VERTEX_POINT('',#17937);
#14204=CIRCLE('',#17938,0.9);
#14205=VERTEX_POINT('',#17942);
#14206=CIRCLE('',#17943,0.9);
#14207=VERTEX_POINT('',#17947);
#14208=CIRCLE('',#17948,0.66);
#14209=VERTEX_POINT('',#17952);
#14210=CIRCLE('',#17953,0.66);
#14211=VERTEX_POINT('',#17957);
#14212=CIRCLE('',#17958,0.23);
#14213=VERTEX_POINT('',#17962);
#14214=CIRCLE('',#17963,0.23);
#14215=VERTEX_POINT('',#17967);
#14216=CIRCLE('',#17968,0.3);
#14217=VERTEX_POINT('',#17972);
#14218=CIRCLE('',#17973,0.3);
#14219=VERTEX_POINT('',#17977);
#14220=CIRCLE('',#17978,0.9);
#14221=VERTEX_POINT('',#17982);
#14222=CIRCLE('',#17983,0.9);
#14223=VERTEX_POINT('',#17987);
#14224=CIRCLE('',#17988,0.66);
#14225=VERTEX_POINT('',#17992);
#14226=CIRCLE('',#17993,0.66);
#14227=VERTEX_POINT('',#17997);
#14228=CIRCLE('',#17998,0.23);
#14229=VERTEX_POINT('',#18002);
#14230=CIRCLE('',#18003,0.23);
#14231=VERTEX_POINT('',#18007);
#14232=CIRCLE('',#18008,0.3);
#14233=VERTEX_POINT('',#18012);
#14234=CIRCLE('',#18013,0.3);
#14235=VERTEX_POINT('',#18017);
#14236=CIRCLE('',#18018,0.9);
#14237=VERTEX_POINT('',#18022);
#14238=CIRCLE('',#18023,0.9);
#14239=VERTEX_POINT('',#18027);
#14240=CIRCLE('',#18028,0.66);
#14241=VERTEX_POINT('',#18032);
#14242=CIRCLE('',#18033,0.66);
#14243=VERTEX_POINT('',#18037);
#14244=CIRCLE('',#18038,0.23);
#14245=VERTEX_POINT('',#18042);
#14246=CIRCLE('',#18043,0.23);
#14247=VERTEX_POINT('',#18047);
#14248=CIRCLE('',#18048,0.3);
#14249=VERTEX_POINT('',#18052);
#14250=CIRCLE('',#18053,0.3);
#14251=VERTEX_POINT('',#18057);
#14252=CIRCLE('',#18058,0.9);
#14253=VERTEX_POINT('',#18062);
#14254=CIRCLE('',#18063,0.9);
#14255=VERTEX_POINT('',#18067);
#14256=CIRCLE('',#18068,0.66);
#14257=VERTEX_POINT('',#18072);
#14258=CIRCLE('',#18073,0.66);
#14259=VERTEX_POINT('',#18077);
#14260=CIRCLE('',#18078,0.23);
#14261=VERTEX_POINT('',#18082);
#14262=CIRCLE('',#18083,0.23);
#14263=VERTEX_POINT('',#18087);
#14264=CIRCLE('',#18088,0.3);
#14265=VERTEX_POINT('',#18092);
#14266=CIRCLE('',#18093,0.3);
#14267=VERTEX_POINT('',#18097);
#14268=CIRCLE('',#18098,0.9);
#14269=VERTEX_POINT('',#18102);
#14270=CIRCLE('',#18103,0.9);
#14271=VERTEX_POINT('',#18107);
#14272=CIRCLE('',#18108,0.66);
#14273=VERTEX_POINT('',#18112);
#14274=CIRCLE('',#18113,0.66);
#14275=VERTEX_POINT('',#18117);
#14276=CIRCLE('',#18118,0.23);
#14277=VERTEX_POINT('',#18122);
#14278=CIRCLE('',#18123,0.23);
#14279=VERTEX_POINT('',#18127);
#14280=CIRCLE('',#18128,0.3);
#14281=VERTEX_POINT('',#18132);
#14282=CIRCLE('',#18133,0.3);
#14283=VERTEX_POINT('',#18137);
#14284=CIRCLE('',#18138,0.9);
#14285=VERTEX_POINT('',#18142);
#14286=CIRCLE('',#18143,0.9);
#14287=VERTEX_POINT('',#18147);
#14288=CIRCLE('',#18148,0.66);
#14289=VERTEX_POINT('',#18152);
#14290=CIRCLE('',#18153,0.66);
#14291=VERTEX_POINT('',#18157);
#14292=CIRCLE('',#18158,0.23);
#14293=VERTEX_POINT('',#18162);
#14294=CIRCLE('',#18163,0.23);
#14295=VERTEX_POINT('',#18167);
#14296=CIRCLE('',#18168,0.3);
#14297=VERTEX_POINT('',#18172);
#14298=CIRCLE('',#18173,0.3);
#14299=VERTEX_POINT('',#18177);
#14300=CIRCLE('',#18178,0.9);
#14301=VERTEX_POINT('',#18182);
#14302=CIRCLE('',#18183,0.9);
#14303=VERTEX_POINT('',#18187);
#14304=CIRCLE('',#18188,0.66);
#14305=VERTEX_POINT('',#18192);
#14306=CIRCLE('',#18193,0.66);
#14307=VERTEX_POINT('',#18197);
#14308=CIRCLE('',#18198,0.23);
#14309=VERTEX_POINT('',#18202);
#14310=CIRCLE('',#18203,0.23);
#14311=VERTEX_POINT('',#18207);
#14312=CIRCLE('',#18208,0.3);
#14313=VERTEX_POINT('',#18212);
#14314=CIRCLE('',#18213,0.3);
#14315=VERTEX_POINT('',#18217);
#14316=CIRCLE('',#18218,0.9);
#14317=VERTEX_POINT('',#18222);
#14318=CIRCLE('',#18223,0.9);
#14319=VERTEX_POINT('',#18227);
#14320=CIRCLE('',#18228,0.66);
#14321=VERTEX_POINT('',#18232);
#14322=CIRCLE('',#18233,0.66);
#14323=VERTEX_POINT('',#18237);
#14324=CIRCLE('',#18238,0.23);
#14325=VERTEX_POINT('',#18242);
#14326=CIRCLE('',#18243,0.23);
#14327=VERTEX_POINT('',#18247);
#14328=CIRCLE('',#18248,0.3);
#14329=VERTEX_POINT('',#18252);
#14330=CIRCLE('',#18253,0.3);
#14331=VERTEX_POINT('',#18257);
#14332=CIRCLE('',#18258,0.9);
#14333=VERTEX_POINT('',#18262);
#14334=CIRCLE('',#18263,0.9);
#14335=VERTEX_POINT('',#18267);
#14336=CIRCLE('',#18268,0.66);
#14337=VERTEX_POINT('',#18272);
#14338=CIRCLE('',#18273,0.66);
#14339=VERTEX_POINT('',#18277);
#14340=CIRCLE('',#18278,0.23);
#14341=VERTEX_POINT('',#18282);
#14342=CIRCLE('',#18283,0.23);
#14343=VERTEX_POINT('',#18287);
#14344=CIRCLE('',#18288,0.3);
#14345=VERTEX_POINT('',#18292);
#14346=CIRCLE('',#18293,0.3);
#14347=VERTEX_POINT('',#18297);
#14348=CIRCLE('',#18298,0.9);
#14349=VERTEX_POINT('',#18302);
#14350=CIRCLE('',#18303,0.9);
#14351=VERTEX_POINT('',#18307);
#14352=CIRCLE('',#18308,0.66);
#14353=VERTEX_POINT('',#18312);
#14354=CIRCLE('',#18313,0.66);
#14355=VERTEX_POINT('',#18317);
#14356=CIRCLE('',#18318,0.23);
#14357=VERTEX_POINT('',#18322);
#14358=CIRCLE('',#18323,0.23);
#14359=VERTEX_POINT('',#18327);
#14360=CIRCLE('',#18328,0.3);
#14361=VERTEX_POINT('',#18332);
#14362=CIRCLE('',#18333,0.3);
#14363=VERTEX_POINT('',#18337);
#14364=CIRCLE('',#18338,0.9);
#14365=VERTEX_POINT('',#18342);
#14366=CIRCLE('',#18343,0.9);
#14367=VERTEX_POINT('',#18347);
#14368=CIRCLE('',#18348,0.66);
#14369=VERTEX_POINT('',#18352);
#14370=CIRCLE('',#18353,0.66);
#14371=VERTEX_POINT('',#18357);
#14372=CIRCLE('',#18358,0.23);
#14373=VERTEX_POINT('',#18362);
#14374=CIRCLE('',#18363,0.23);
#14375=VERTEX_POINT('',#18367);
#14376=CIRCLE('',#18368,0.3);
#14377=VERTEX_POINT('',#18372);
#14378=CIRCLE('',#18373,0.3);
#14379=VERTEX_POINT('',#18377);
#14380=CIRCLE('',#18378,0.9);
#14381=VERTEX_POINT('',#18382);
#14382=CIRCLE('',#18383,0.9);
#14383=VERTEX_POINT('',#18387);
#14384=CIRCLE('',#18388,0.66);
#14385=VERTEX_POINT('',#18392);
#14386=CIRCLE('',#18393,0.66);
#14387=VERTEX_POINT('',#18397);
#14388=CIRCLE('',#18398,0.23);
#14389=VERTEX_POINT('',#18402);
#14390=CIRCLE('',#18403,0.23);
#14391=VERTEX_POINT('',#18407);
#14392=CIRCLE('',#18408,0.3);
#14393=VERTEX_POINT('',#18412);
#14394=CIRCLE('',#18413,0.3);
#14395=VERTEX_POINT('',#18417);
#14396=CIRCLE('',#18418,0.9);
#14397=VERTEX_POINT('',#18422);
#14398=CIRCLE('',#18423,0.9);
#14399=VERTEX_POINT('',#18427);
#14400=CIRCLE('',#18428,0.66);
#14401=VERTEX_POINT('',#18432);
#14402=CIRCLE('',#18433,0.66);
#14403=VERTEX_POINT('',#18437);
#14404=CIRCLE('',#18438,0.23);
#14405=VERTEX_POINT('',#18442);
#14406=CIRCLE('',#18443,0.23);
#14407=CARTESIAN_POINT('',(64.16,-8.08266887437253E-017,4.));
#14408=AXIS2_PLACEMENT_3D('',#14409,#14410,#14411);
#14409=CARTESIAN_POINT('',(63.5,0.,4.));
#14410=DIRECTION('',(0.,0.,1.));
#14411=DIRECTION('',(1.,0.,0.));
#14412=CARTESIAN_POINT('',(64.16,0.,1.5));
#14413=AXIS2_PLACEMENT_3D('',#14414,#14415,#14416);
#14414=CARTESIAN_POINT('',(63.5,0.,1.5));
#14415=DIRECTION('',(0.,0.,1.));
#14416=DIRECTION('',(1.,0.,0.));
#14417=CARTESIAN_POINT('',(66.7,-8.08266887437253E-017,4.));
#14418=AXIS2_PLACEMENT_3D('',#14419,#14420,#14421);
#14419=CARTESIAN_POINT('',(66.04,0.,4.));
#14420=DIRECTION('',(0.,0.,1.));
#14421=DIRECTION('',(1.,0.,0.));
#14422=CARTESIAN_POINT('',(66.7,0.,1.5));
#14423=AXIS2_PLACEMENT_3D('',#14424,#14425,#14426);
#14424=CARTESIAN_POINT('',(66.04,0.,1.5));
#14425=DIRECTION('',(0.,0.,1.));
#14426=DIRECTION('',(1.,0.,0.));
#14427=CARTESIAN_POINT('',(61.62,-8.08266887437253E-017,4.));
#14428=AXIS2_PLACEMENT_3D('',#14429,#14430,#14431);
#14429=CARTESIAN_POINT('',(60.96,0.,4.));
#14430=DIRECTION('',(0.,0.,1.));
#14431=DIRECTION('',(1.,0.,0.));
#14432=CARTESIAN_POINT('',(61.62,0.,1.5));
#14433=AXIS2_PLACEMENT_3D('',#14434,#14435,#14436);
#14434=CARTESIAN_POINT('',(60.96,0.,1.5));
#14435=DIRECTION('',(0.,0.,1.));
#14436=DIRECTION('',(1.,0.,0.));
#14437=CARTESIAN_POINT('',(59.08,-8.08266887437253E-017,4.));
#14438=AXIS2_PLACEMENT_3D('',#14439,#14440,#14441);
#14439=CARTESIAN_POINT('',(58.42,0.,4.));
#14440=DIRECTION('',(0.,0.,1.));
#14441=DIRECTION('',(1.,0.,0.));
#14442=CARTESIAN_POINT('',(59.08,0.,1.5));
#14443=AXIS2_PLACEMENT_3D('',#14444,#14445,#14446);
#14444=CARTESIAN_POINT('',(58.42,0.,1.5));
#14445=DIRECTION('',(0.,0.,1.));
#14446=DIRECTION('',(1.,0.,0.));
#14447=CARTESIAN_POINT('',(56.54,-8.08266887437253E-017,4.));
#14448=AXIS2_PLACEMENT_3D('',#14449,#14450,#14451);
#14449=CARTESIAN_POINT('',(55.88,0.,4.));
#14450=DIRECTION('',(0.,0.,1.));
#14451=DIRECTION('',(1.,0.,0.));
#14452=CARTESIAN_POINT('',(56.54,0.,1.5));
#14453=AXIS2_PLACEMENT_3D('',#14454,#14455,#14456);
#14454=CARTESIAN_POINT('',(55.88,0.,1.5));
#14455=DIRECTION('',(0.,0.,1.));
#14456=DIRECTION('',(1.,0.,0.));
#14457=CARTESIAN_POINT('',(54.,-8.08266887437253E-017,4.));
#14458=AXIS2_PLACEMENT_3D('',#14459,#14460,#14461);
#14459=CARTESIAN_POINT('',(53.34,0.,4.));
#14460=DIRECTION('',(0.,0.,1.));
#14461=DIRECTION('',(1.,0.,0.));
#14462=CARTESIAN_POINT('',(54.,0.,1.5));
#14463=AXIS2_PLACEMENT_3D('',#14464,#14465,#14466);
#14464=CARTESIAN_POINT('',(53.34,0.,1.5));
#14465=DIRECTION('',(0.,0.,1.));
#14466=DIRECTION('',(1.,0.,0.));
#14467=CARTESIAN_POINT('',(51.46,-8.08266887437253E-017,4.));
#14468=AXIS2_PLACEMENT_3D('',#14469,#14470,#14471);
#14469=CARTESIAN_POINT('',(50.8,0.,4.));
#14470=DIRECTION('',(0.,0.,1.));
#14471=DIRECTION('',(1.,0.,0.));
#14472=CARTESIAN_POINT('',(51.46,0.,1.5));
#14473=AXIS2_PLACEMENT_3D('',#14474,#14475,#14476);
#14474=CARTESIAN_POINT('',(50.8,0.,1.5));
#14475=DIRECTION('',(0.,0.,1.));
#14476=DIRECTION('',(1.,0.,0.));
#14477=CARTESIAN_POINT('',(48.92,-8.08266887437253E-017,4.));
#14478=AXIS2_PLACEMENT_3D('',#14479,#14480,#14481);
#14479=CARTESIAN_POINT('',(48.26,0.,4.));
#14480=DIRECTION('',(0.,0.,1.));
#14481=DIRECTION('',(1.,0.,0.));
#14482=CARTESIAN_POINT('',(48.92,0.,1.5));
#14483=AXIS2_PLACEMENT_3D('',#14484,#14485,#14486);
#14484=CARTESIAN_POINT('',(48.26,0.,1.5));
#14485=DIRECTION('',(0.,0.,1.));
#14486=DIRECTION('',(1.,0.,0.));
#14487=CARTESIAN_POINT('',(46.38,-8.08266887437253E-017,4.));
#14488=AXIS2_PLACEMENT_3D('',#14489,#14490,#14491);
#14489=CARTESIAN_POINT('',(45.72,0.,4.));
#14490=DIRECTION('',(0.,0.,1.));
#14491=DIRECTION('',(1.,0.,0.));
#14492=CARTESIAN_POINT('',(46.38,0.,1.5));
#14493=AXIS2_PLACEMENT_3D('',#14494,#14495,#14496);
#14494=CARTESIAN_POINT('',(45.72,0.,1.5));
#14495=DIRECTION('',(0.,0.,1.));
#14496=DIRECTION('',(1.,0.,0.));
#14497=CARTESIAN_POINT('',(43.84,-8.08266887437253E-017,4.));
#14498=AXIS2_PLACEMENT_3D('',#14499,#14500,#14501);
#14499=CARTESIAN_POINT('',(43.18,0.,4.));
#14500=DIRECTION('',(0.,0.,1.));
#14501=DIRECTION('',(1.,0.,0.));
#14502=CARTESIAN_POINT('',(43.84,0.,1.5));
#14503=AXIS2_PLACEMENT_3D('',#14504,#14505,#14506);
#14504=CARTESIAN_POINT('',(43.18,0.,1.5));
#14505=DIRECTION('',(0.,0.,1.));
#14506=DIRECTION('',(1.,0.,0.));
#14507=CARTESIAN_POINT('',(41.3,-8.08266887437253E-017,4.));
#14508=AXIS2_PLACEMENT_3D('',#14509,#14510,#14511);
#14509=CARTESIAN_POINT('',(40.64,0.,4.));
#14510=DIRECTION('',(0.,0.,1.));
#14511=DIRECTION('',(1.,0.,0.));
#14512=CARTESIAN_POINT('',(41.3,0.,1.5));
#14513=AXIS2_PLACEMENT_3D('',#14514,#14515,#14516);
#14514=CARTESIAN_POINT('',(40.64,0.,1.5));
#14515=DIRECTION('',(0.,0.,1.));
#14516=DIRECTION('',(1.,0.,0.));
#14517=CARTESIAN_POINT('',(38.76,-8.08266887437253E-017,4.));
#14518=AXIS2_PLACEMENT_3D('',#14519,#14520,#14521);
#14519=CARTESIAN_POINT('',(38.1,0.,4.));
#14520=DIRECTION('',(0.,0.,1.));
#14521=DIRECTION('',(1.,0.,0.));
#14522=CARTESIAN_POINT('',(38.76,0.,1.5));
#14523=AXIS2_PLACEMENT_3D('',#14524,#14525,#14526);
#14524=CARTESIAN_POINT('',(38.1,0.,1.5));
#14525=DIRECTION('',(0.,0.,1.));
#14526=DIRECTION('',(1.,0.,0.));
#14527=CARTESIAN_POINT('',(36.22,-8.08266887437253E-017,4.));
#14528=AXIS2_PLACEMENT_3D('',#14529,#14530,#14531);
#14529=CARTESIAN_POINT('',(35.56,0.,4.));
#14530=DIRECTION('',(0.,0.,1.));
#14531=DIRECTION('',(1.,0.,0.));
#14532=CARTESIAN_POINT('',(36.22,0.,1.5));
#14533=AXIS2_PLACEMENT_3D('',#14534,#14535,#14536);
#14534=CARTESIAN_POINT('',(35.56,0.,1.5));
#14535=DIRECTION('',(0.,0.,1.));
#14536=DIRECTION('',(1.,0.,0.));
#14537=CARTESIAN_POINT('',(33.68,-8.08266887437253E-017,4.));
#14538=AXIS2_PLACEMENT_3D('',#14539,#14540,#14541);
#14539=CARTESIAN_POINT('',(33.02,0.,4.));
#14540=DIRECTION('',(0.,0.,1.));
#14541=DIRECTION('',(1.,0.,0.));
#14542=CARTESIAN_POINT('',(33.68,0.,1.5));
#14543=AXIS2_PLACEMENT_3D('',#14544,#14545,#14546);
#14544=CARTESIAN_POINT('',(33.02,0.,1.5));
#14545=DIRECTION('',(0.,0.,1.));
#14546=DIRECTION('',(1.,0.,0.));
#14547=CARTESIAN_POINT('',(31.14,-8.08266887437253E-017,4.));
#14548=AXIS2_PLACEMENT_3D('',#14549,#14550,#14551);
#14549=CARTESIAN_POINT('',(30.48,0.,4.));
#14550=DIRECTION('',(0.,0.,1.));
#14551=DIRECTION('',(1.,0.,0.));
#14552=CARTESIAN_POINT('',(31.14,0.,1.5));
#14553=AXIS2_PLACEMENT_3D('',#14554,#14555,#14556);
#14554=CARTESIAN_POINT('',(30.48,0.,1.5));
#14555=DIRECTION('',(0.,0.,1.));
#14556=DIRECTION('',(1.,0.,0.));
#14557=CARTESIAN_POINT('',(28.6,-8.08266887437253E-017,4.));
#14558=AXIS2_PLACEMENT_3D('',#14559,#14560,#14561);
#14559=CARTESIAN_POINT('',(27.94,0.,4.));
#14560=DIRECTION('',(0.,0.,1.));
#14561=DIRECTION('',(1.,0.,0.));
#14562=CARTESIAN_POINT('',(28.6,0.,1.5));
#14563=AXIS2_PLACEMENT_3D('',#14564,#14565,#14566);
#14564=CARTESIAN_POINT('',(27.94,0.,1.5));
#14565=DIRECTION('',(0.,0.,1.));
#14566=DIRECTION('',(1.,0.,0.));
#14567=CARTESIAN_POINT('',(26.06,-8.08266887437253E-017,4.));
#14568=AXIS2_PLACEMENT_3D('',#14569,#14570,#14571);
#14569=CARTESIAN_POINT('',(25.4,0.,4.));
#14570=DIRECTION('',(0.,0.,1.));
#14571=DIRECTION('',(1.,0.,0.));
#14572=CARTESIAN_POINT('',(26.06,0.,1.5));
#14573=AXIS2_PLACEMENT_3D('',#14574,#14575,#14576);
#14574=CARTESIAN_POINT('',(25.4,0.,1.5));
#14575=DIRECTION('',(0.,0.,1.));
#14576=DIRECTION('',(1.,0.,0.));
#14577=CARTESIAN_POINT('',(23.52,-8.08266887437253E-017,4.));
#14578=AXIS2_PLACEMENT_3D('',#14579,#14580,#14581);
#14579=CARTESIAN_POINT('',(22.86,0.,4.));
#14580=DIRECTION('',(0.,0.,1.));
#14581=DIRECTION('',(1.,0.,0.));
#14582=CARTESIAN_POINT('',(23.52,0.,1.5));
#14583=AXIS2_PLACEMENT_3D('',#14584,#14585,#14586);
#14584=CARTESIAN_POINT('',(22.86,0.,1.5));
#14585=DIRECTION('',(0.,0.,1.));
#14586=DIRECTION('',(1.,0.,0.));
#14587=CARTESIAN_POINT('',(20.98,-8.08266887437253E-017,4.));
#14588=AXIS2_PLACEMENT_3D('',#14589,#14590,#14591);
#14589=CARTESIAN_POINT('',(20.32,0.,4.));
#14590=DIRECTION('',(0.,0.,1.));
#14591=DIRECTION('',(1.,0.,0.));
#14592=CARTESIAN_POINT('',(20.98,0.,1.5));
#14593=AXIS2_PLACEMENT_3D('',#14594,#14595,#14596);
#14594=CARTESIAN_POINT('',(20.32,0.,1.5));
#14595=DIRECTION('',(0.,0.,1.));
#14596=DIRECTION('',(1.,0.,0.));
#14597=CARTESIAN_POINT('',(18.44,-8.08266887437253E-017,4.));
#14598=AXIS2_PLACEMENT_3D('',#14599,#14600,#14601);
#14599=CARTESIAN_POINT('',(17.78,0.,4.));
#14600=DIRECTION('',(0.,0.,1.));
#14601=DIRECTION('',(1.,0.,0.));
#14602=CARTESIAN_POINT('',(18.44,0.,1.5));
#14603=AXIS2_PLACEMENT_3D('',#14604,#14605,#14606);
#14604=CARTESIAN_POINT('',(17.78,0.,1.5));
#14605=DIRECTION('',(0.,0.,1.));
#14606=DIRECTION('',(1.,0.,0.));
#14607=CARTESIAN_POINT('',(15.9,-8.08266887437253E-017,4.));
#14608=AXIS2_PLACEMENT_3D('',#14609,#14610,#14611);
#14609=CARTESIAN_POINT('',(15.24,0.,4.));
#14610=DIRECTION('',(0.,0.,1.));
#14611=DIRECTION('',(1.,0.,0.));
#14612=CARTESIAN_POINT('',(15.9,0.,1.5));
#14613=AXIS2_PLACEMENT_3D('',#14614,#14615,#14616);
#14614=CARTESIAN_POINT('',(15.24,0.,1.5));
#14615=DIRECTION('',(0.,0.,1.));
#14616=DIRECTION('',(1.,0.,0.));
#14617=CARTESIAN_POINT('',(13.36,-8.08266887437253E-017,4.));
#14618=AXIS2_PLACEMENT_3D('',#14619,#14620,#14621);
#14619=CARTESIAN_POINT('',(12.7,0.,4.));
#14620=DIRECTION('',(0.,0.,1.));
#14621=DIRECTION('',(1.,0.,0.));
#14622=CARTESIAN_POINT('',(13.36,0.,1.5));
#14623=AXIS2_PLACEMENT_3D('',#14624,#14625,#14626);
#14624=CARTESIAN_POINT('',(12.7,0.,1.5));
#14625=DIRECTION('',(0.,0.,1.));
#14626=DIRECTION('',(1.,0.,0.));
#14627=CARTESIAN_POINT('',(10.82,-8.08266887437253E-017,4.));
#14628=AXIS2_PLACEMENT_3D('',#14629,#14630,#14631);
#14629=CARTESIAN_POINT('',(10.16,0.,4.));
#14630=DIRECTION('',(0.,0.,1.));
#14631=DIRECTION('',(1.,0.,0.));
#14632=CARTESIAN_POINT('',(10.82,0.,1.5));
#14633=AXIS2_PLACEMENT_3D('',#14634,#14635,#14636);
#14634=CARTESIAN_POINT('',(10.16,0.,1.5));
#14635=DIRECTION('',(0.,0.,1.));
#14636=DIRECTION('',(1.,0.,0.));
#14637=CARTESIAN_POINT('',(8.28,-8.08266887437253E-017,4.));
#14638=AXIS2_PLACEMENT_3D('',#14639,#14640,#14641);
#14639=CARTESIAN_POINT('',(7.62,0.,4.));
#14640=DIRECTION('',(0.,0.,1.));
#14641=DIRECTION('',(1.,0.,0.));
#14642=CARTESIAN_POINT('',(8.28,0.,1.5));
#14643=AXIS2_PLACEMENT_3D('',#14644,#14645,#14646);
#14644=CARTESIAN_POINT('',(7.62,0.,1.5));
#14645=DIRECTION('',(0.,0.,1.));
#14646=DIRECTION('',(1.,0.,0.));
#14647=CARTESIAN_POINT('',(5.74,-8.08266887437253E-017,4.));
#14648=AXIS2_PLACEMENT_3D('',#14649,#14650,#14651);
#14649=CARTESIAN_POINT('',(5.08,0.,4.));
#14650=DIRECTION('',(0.,0.,1.));
#14651=DIRECTION('',(1.,0.,0.));
#14652=CARTESIAN_POINT('',(5.74,0.,1.5));
#14653=AXIS2_PLACEMENT_3D('',#14654,#14655,#14656);
#14654=CARTESIAN_POINT('',(5.08,0.,1.5));
#14655=DIRECTION('',(0.,0.,1.));
#14656=DIRECTION('',(1.,0.,0.));
#14657=CARTESIAN_POINT('',(3.2,-8.08266887437253E-017,4.));
#14658=AXIS2_PLACEMENT_3D('',#14659,#14660,#14661);
#14659=CARTESIAN_POINT('',(2.54,0.,4.));
#14660=DIRECTION('',(0.,0.,1.));
#14661=DIRECTION('',(1.,0.,0.));
#14662=CARTESIAN_POINT('',(3.2,0.,1.5));
#14663=AXIS2_PLACEMENT_3D('',#14664,#14665,#14666);
#14664=CARTESIAN_POINT('',(2.54,0.,1.5));
#14665=DIRECTION('',(0.,0.,1.));
#14666=DIRECTION('',(1.,0.,0.));
#14667=CARTESIAN_POINT('',(-1.27,-0.75,4.5));
#14668=CARTESIAN_POINT('',(-1.12,-0.75,4.5));
#14669=CARTESIAN_POINT('',(-1.27,-0.75,4.5));
#14670=VECTOR('',#14671,1.);
#14671=DIRECTION('',(1.,0.,0.));
#14672=CARTESIAN_POINT('',(-0.819777860021394,-1.27,4.5));
#14673=CARTESIAN_POINT('',(-1.12,-0.75,4.5));
#14674=VECTOR('',#14675,1.);
#14675=DIRECTION('',(0.5,-0.866025403784438,0.));
#14676=CARTESIAN_POINT('',(0.819777860021395,-1.27,4.5));
#14677=CARTESIAN_POINT('',(-0.819777860021394,-1.27,4.5));
#14678=VECTOR('',#14679,1.);
#14679=DIRECTION('',(1.,0.,0.));
#14680=CARTESIAN_POINT('',(1.12,-0.75,4.5));
#14681=CARTESIAN_POINT('',(0.819777860021395,-1.27,4.5));
#14682=VECTOR('',#14683,1.);
#14683=DIRECTION('',(0.5,0.866025403784439,0.));
#14684=CARTESIAN_POINT('',(1.42,-0.75,4.5));
#14685=CARTESIAN_POINT('',(1.12,-0.75,4.5));
#14686=VECTOR('',#14687,1.);
#14687=DIRECTION('',(1.,0.,0.));
#14688=CARTESIAN_POINT('',(1.72022213997861,-1.27,4.5));
#14689=CARTESIAN_POINT('',(1.42,-0.75,4.5));
#14690=VECTOR('',#14691,1.);
#14691=DIRECTION('',(0.5,-0.866025403784438,0.));
#14692=CARTESIAN_POINT('',(3.35977786002139,-1.27,4.5));
#14693=CARTESIAN_POINT('',(1.72022213997861,-1.27,4.5));
#14694=VECTOR('',#14695,1.);
#14695=DIRECTION('',(1.,0.,0.));
#14696=CARTESIAN_POINT('',(3.66,-0.75,4.5));
#14697=CARTESIAN_POINT('',(3.35977786002139,-1.27,4.5));
#14698=VECTOR('',#14699,1.);
#14699=DIRECTION('',(0.5,0.866025403784439,0.));
#14700=CARTESIAN_POINT('',(3.96,-0.75,4.5));
#14701=CARTESIAN_POINT('',(3.66,-0.75,4.5));
#14702=VECTOR('',#14703,1.);
#14703=DIRECTION('',(1.,0.,0.));
#14704=CARTESIAN_POINT('',(4.26022213997861,-1.27,4.5));
#14705=CARTESIAN_POINT('',(3.96,-0.75,4.5));
#14706=VECTOR('',#14707,1.);
#14707=DIRECTION('',(0.5,-0.866025403784439,0.));
#14708=CARTESIAN_POINT('',(5.89977786002139,-1.27,4.5));
#14709=CARTESIAN_POINT('',(4.26022213997861,-1.27,4.5));
#14710=VECTOR('',#14711,1.);
#14711=DIRECTION('',(1.,0.,0.));
#14712=CARTESIAN_POINT('',(6.2,-0.75,4.5));
#14713=CARTESIAN_POINT('',(5.89977786002139,-1.27,4.5));
#14714=VECTOR('',#14715,1.);
#14715=DIRECTION('',(0.5,0.866025403784439,0.));
#14716=CARTESIAN_POINT('',(6.5,-0.75,4.5));
#14717=CARTESIAN_POINT('',(6.2,-0.75,4.5));
#14718=VECTOR('',#14719,1.);
#14719=DIRECTION('',(1.,0.,0.));
#14720=CARTESIAN_POINT('',(6.80022213997861,-1.27,4.5));
#14721=CARTESIAN_POINT('',(6.5,-0.75,4.5));
#14722=VECTOR('',#14723,1.);
#14723=DIRECTION('',(0.5,-0.866025403784439,0.));
#14724=CARTESIAN_POINT('',(8.43977786002139,-1.27,4.5));
#14725=CARTESIAN_POINT('',(6.80022213997861,-1.27,4.5));
#14726=VECTOR('',#14727,1.);
#14727=DIRECTION('',(1.,0.,0.));
#14728=CARTESIAN_POINT('',(8.74,-0.75,4.5));
#14729=CARTESIAN_POINT('',(8.43977786002139,-1.27,4.5));
#14730=VECTOR('',#14731,1.);
#14731=DIRECTION('',(0.499999999999999,0.866025403784439,0.));
#14732=CARTESIAN_POINT('',(9.04,-0.75,4.5));
#14733=CARTESIAN_POINT('',(8.74,-0.75,4.5));
#14734=VECTOR('',#14735,1.);
#14735=DIRECTION('',(1.,0.,0.));
#14736=CARTESIAN_POINT('',(9.34022213997861,-1.27,4.5));
#14737=CARTESIAN_POINT('',(9.04,-0.75,4.5));
#14738=VECTOR('',#14739,1.);
#14739=DIRECTION('',(0.500000000000001,-0.866025403784438,0.));
#14740=CARTESIAN_POINT('',(10.9797778600214,-1.27,4.5));
#14741=CARTESIAN_POINT('',(9.34022213997861,-1.27,4.5));
#14742=VECTOR('',#14743,1.);
#14743=DIRECTION('',(1.,0.,0.));
#14744=CARTESIAN_POINT('',(11.28,-0.75,4.5));
#14745=CARTESIAN_POINT('',(10.9797778600214,-1.27,4.5));
#14746=VECTOR('',#14747,1.);
#14747=DIRECTION('',(0.499999999999999,0.866025403784439,0.));
#14748=CARTESIAN_POINT('',(11.58,-0.75,4.5));
#14749=CARTESIAN_POINT('',(11.28,-0.75,4.5));
#14750=VECTOR('',#14751,1.);
#14751=DIRECTION('',(1.,0.,0.));
#14752=CARTESIAN_POINT('',(11.8802221399786,-1.27,4.5));
#14753=CARTESIAN_POINT('',(11.58,-0.75,4.5));
#14754=VECTOR('',#14755,1.);
#14755=DIRECTION('',(0.500000000000001,-0.866025403784438,0.));
#14756=CARTESIAN_POINT('',(13.5197778600214,-1.27,4.5));
#14757=CARTESIAN_POINT('',(11.8802221399786,-1.27,4.5));
#14758=VECTOR('',#14759,1.);
#14759=DIRECTION('',(1.,0.,0.));
#14760=CARTESIAN_POINT('',(13.82,-0.75,4.5));
#14761=CARTESIAN_POINT('',(13.5197778600214,-1.27,4.5));
#14762=VECTOR('',#14763,1.);
#14763=DIRECTION('',(0.499999999999999,0.866025403784439,0.));
#14764=CARTESIAN_POINT('',(14.12,-0.75,4.5));
#14765=CARTESIAN_POINT('',(13.82,-0.75,4.5));
#14766=VECTOR('',#14767,1.);
#14767=DIRECTION('',(1.,0.,0.));
#14768=CARTESIAN_POINT('',(14.4202221399786,-1.27,4.5));
#14769=CARTESIAN_POINT('',(14.12,-0.75,4.5));
#14770=VECTOR('',#14771,1.);
#14771=DIRECTION('',(0.500000000000001,-0.866025403784438,0.));
#14772=CARTESIAN_POINT('',(16.0597778600214,-1.27,4.5));
#14773=CARTESIAN_POINT('',(14.4202221399786,-1.27,4.5));
#14774=VECTOR('',#14775,1.);
#14775=DIRECTION('',(1.,0.,0.));
#14776=CARTESIAN_POINT('',(16.36,-0.75,4.5));
#14777=CARTESIAN_POINT('',(16.0597778600214,-1.27,4.5));
#14778=VECTOR('',#14779,1.);
#14779=DIRECTION('',(0.499999999999999,0.866025403784439,0.));
#14780=CARTESIAN_POINT('',(16.66,-0.75,4.5));
#14781=CARTESIAN_POINT('',(16.36,-0.75,4.5));
#14782=VECTOR('',#14783,1.);
#14783=DIRECTION('',(1.,0.,0.));
#14784=CARTESIAN_POINT('',(16.9602221399786,-1.27,4.5));
#14785=CARTESIAN_POINT('',(16.66,-0.75,4.5));
#14786=VECTOR('',#14787,1.);
#14787=DIRECTION('',(0.499999999999999,-0.866025403784439,0.));
#14788=CARTESIAN_POINT('',(18.5997778600214,-1.27,4.5));
#14789=CARTESIAN_POINT('',(16.9602221399786,-1.27,4.5));
#14790=VECTOR('',#14791,1.);
#14791=DIRECTION('',(1.,0.,0.));
#14792=CARTESIAN_POINT('',(18.9,-0.75,4.5));
#14793=CARTESIAN_POINT('',(18.5997778600214,-1.27,4.5));
#14794=VECTOR('',#14795,1.);
#14795=DIRECTION('',(0.499999999999999,0.866025403784439,0.));
#14796=CARTESIAN_POINT('',(19.2,-0.75,4.5));
#14797=CARTESIAN_POINT('',(18.9,-0.75,4.5));
#14798=VECTOR('',#14799,1.);
#14799=DIRECTION('',(1.,0.,0.));
#14800=CARTESIAN_POINT('',(19.5002221399786,-1.27,4.5));
#14801=CARTESIAN_POINT('',(19.2,-0.75,4.5));
#14802=VECTOR('',#14803,1.);
#14803=DIRECTION('',(0.499999999999999,-0.866025403784439,0.));
#14804=CARTESIAN_POINT('',(21.1397778600214,-1.27,4.5));
#14805=CARTESIAN_POINT('',(19.5002221399786,-1.27,4.5));
#14806=VECTOR('',#14807,1.);
#14807=DIRECTION('',(1.,0.,0.));
#14808=CARTESIAN_POINT('',(21.44,-0.75,4.5));
#14809=CARTESIAN_POINT('',(21.1397778600214,-1.27,4.5));
#14810=VECTOR('',#14811,1.);
#14811=DIRECTION('',(0.499999999999999,0.866025403784439,0.));
#14812=CARTESIAN_POINT('',(21.74,-0.75,4.5));
#14813=CARTESIAN_POINT('',(21.44,-0.75,4.5));
#14814=VECTOR('',#14815,1.);
#14815=DIRECTION('',(1.,0.,0.));
#14816=CARTESIAN_POINT('',(22.0402221399786,-1.27,4.5));
#14817=CARTESIAN_POINT('',(21.74,-0.75,4.5));
#14818=VECTOR('',#14819,1.);
#14819=DIRECTION('',(0.499999999999999,-0.866025403784439,0.));
#14820=CARTESIAN_POINT('',(23.6797778600214,-1.27,4.5));
#14821=CARTESIAN_POINT('',(22.0402221399786,-1.27,4.5));
#14822=VECTOR('',#14823,1.);
#14823=DIRECTION('',(1.,0.,0.));
#14824=CARTESIAN_POINT('',(23.98,-0.75,4.5));
#14825=CARTESIAN_POINT('',(23.6797778600214,-1.27,4.5));
#14826=VECTOR('',#14827,1.);
#14827=DIRECTION('',(0.499999999999999,0.866025403784439,0.));
#14828=CARTESIAN_POINT('',(24.28,-0.75,4.5));
#14829=CARTESIAN_POINT('',(23.98,-0.75,4.5));
#14830=VECTOR('',#14831,1.);
#14831=DIRECTION('',(1.,0.,0.));
#14832=CARTESIAN_POINT('',(24.5802221399786,-1.27,4.5));
#14833=CARTESIAN_POINT('',(24.28,-0.75,4.5));
#14834=VECTOR('',#14835,1.);
#14835=DIRECTION('',(0.499999999999999,-0.866025403784439,0.));
#14836=CARTESIAN_POINT('',(26.2197778600214,-1.27,4.5));
#14837=CARTESIAN_POINT('',(24.5802221399786,-1.27,4.5));
#14838=VECTOR('',#14839,1.);
#14839=DIRECTION('',(1.,0.,0.));
#14840=CARTESIAN_POINT('',(26.52,-0.75,4.5));
#14841=CARTESIAN_POINT('',(26.2197778600214,-1.27,4.5));
#14842=VECTOR('',#14843,1.);
#14843=DIRECTION('',(0.499999999999999,0.866025403784439,0.));
#14844=CARTESIAN_POINT('',(26.82,-0.75,4.5));
#14845=CARTESIAN_POINT('',(26.52,-0.75,4.5));
#14846=VECTOR('',#14847,1.);
#14847=DIRECTION('',(1.,0.,0.));
#14848=CARTESIAN_POINT('',(27.1202221399786,-1.27,4.5));
#14849=CARTESIAN_POINT('',(26.82,-0.75,4.5));
#14850=VECTOR('',#14851,1.);
#14851=DIRECTION('',(0.499999999999999,-0.866025403784439,0.));
#14852=CARTESIAN_POINT('',(28.7597778600214,-1.27,4.5));
#14853=CARTESIAN_POINT('',(27.1202221399786,-1.27,4.5));
#14854=VECTOR('',#14855,1.);
#14855=DIRECTION('',(1.,0.,0.));
#14856=CARTESIAN_POINT('',(29.06,-0.75,4.5));
#14857=CARTESIAN_POINT('',(28.7597778600214,-1.27,4.5));
#14858=VECTOR('',#14859,1.);
#14859=DIRECTION('',(0.499999999999999,0.866025403784439,0.));
#14860=CARTESIAN_POINT('',(29.36,-0.75,4.5));
#14861=CARTESIAN_POINT('',(29.06,-0.75,4.5));
#14862=VECTOR('',#14863,1.);
#14863=DIRECTION('',(1.,0.,0.));
#14864=CARTESIAN_POINT('',(29.6602221399786,-1.27,4.5));
#14865=CARTESIAN_POINT('',(29.36,-0.75,4.5));
#14866=VECTOR('',#14867,1.);
#14867=DIRECTION('',(0.499999999999999,-0.866025403784439,0.));
#14868=CARTESIAN_POINT('',(31.2997778600214,-1.27,4.5));
#14869=CARTESIAN_POINT('',(29.6602221399786,-1.27,4.5));
#14870=VECTOR('',#14871,1.);
#14871=DIRECTION('',(1.,0.,0.));
#14872=CARTESIAN_POINT('',(31.6,-0.75,4.5));
#14873=CARTESIAN_POINT('',(31.2997778600214,-1.27,4.5));
#14874=VECTOR('',#14875,1.);
#14875=DIRECTION('',(0.499999999999999,0.866025403784439,0.));
#14876=CARTESIAN_POINT('',(31.9,-0.75,4.5));
#14877=CARTESIAN_POINT('',(31.6,-0.75,4.5));
#14878=VECTOR('',#14879,1.);
#14879=DIRECTION('',(1.,0.,0.));
#14880=CARTESIAN_POINT('',(32.2002221399786,-1.27,4.5));
#14881=CARTESIAN_POINT('',(31.9,-0.75,4.5));
#14882=VECTOR('',#14883,1.);
#14883=DIRECTION('',(0.499999999999999,-0.866025403784439,0.));
#14884=CARTESIAN_POINT('',(33.8397778600214,-1.27,4.5));
#14885=CARTESIAN_POINT('',(32.2002221399786,-1.27,4.5));
#14886=VECTOR('',#14887,1.);
#14887=DIRECTION('',(1.,0.,0.));
#14888=CARTESIAN_POINT('',(34.14,-0.75,4.5));
#14889=CARTESIAN_POINT('',(33.8397778600214,-1.27,4.5));
#14890=VECTOR('',#14891,1.);
#14891=DIRECTION('',(0.500000000000003,0.866025403784437,0.));
#14892=CARTESIAN_POINT('',(34.44,-0.75,4.5));
#14893=CARTESIAN_POINT('',(34.14,-0.75,4.5));
#14894=VECTOR('',#14895,1.);
#14895=DIRECTION('',(1.,0.,0.));
#14896=CARTESIAN_POINT('',(34.7402221399786,-1.27,4.5));
#14897=CARTESIAN_POINT('',(34.44,-0.75,4.5));
#14898=VECTOR('',#14899,1.);
#14899=DIRECTION('',(0.500000000000003,-0.866025403784437,0.));
#14900=CARTESIAN_POINT('',(36.3797778600214,-1.27,4.5));
#14901=CARTESIAN_POINT('',(34.7402221399786,-1.27,4.5));
#14902=VECTOR('',#14903,1.);
#14903=DIRECTION('',(1.,0.,0.));
#14904=CARTESIAN_POINT('',(36.68,-0.75,4.5));
#14905=CARTESIAN_POINT('',(36.3797778600214,-1.27,4.5));
#14906=VECTOR('',#14907,1.);
#14907=DIRECTION('',(0.500000000000003,0.866025403784437,0.));
#14908=CARTESIAN_POINT('',(36.98,-0.75,4.5));
#14909=CARTESIAN_POINT('',(36.68,-0.75,4.5));
#14910=VECTOR('',#14911,1.);
#14911=DIRECTION('',(1.,0.,0.));
#14912=CARTESIAN_POINT('',(37.2802221399786,-1.27,4.5));
#14913=CARTESIAN_POINT('',(36.98,-0.75,4.5));
#14914=VECTOR('',#14915,1.);
#14915=DIRECTION('',(0.500000000000003,-0.866025403784437,0.));
#14916=CARTESIAN_POINT('',(38.9197778600214,-1.27,4.5));
#14917=CARTESIAN_POINT('',(37.2802221399786,-1.27,4.5));
#14918=VECTOR('',#14919,1.);
#14919=DIRECTION('',(1.,0.,0.));
#14920=CARTESIAN_POINT('',(39.22,-0.75,4.5));
#14921=CARTESIAN_POINT('',(38.9197778600214,-1.27,4.5));
#14922=VECTOR('',#14923,1.);
#14923=DIRECTION('',(0.500000000000003,0.866025403784437,0.));
#14924=CARTESIAN_POINT('',(39.52,-0.75,4.5));
#14925=CARTESIAN_POINT('',(39.22,-0.75,4.5));
#14926=VECTOR('',#14927,1.);
#14927=DIRECTION('',(1.,0.,0.));
#14928=CARTESIAN_POINT('',(39.8202221399786,-1.27,4.5));
#14929=CARTESIAN_POINT('',(39.52,-0.75,4.5));
#14930=VECTOR('',#14931,1.);
#14931=DIRECTION('',(0.500000000000003,-0.866025403784437,0.));
#14932=CARTESIAN_POINT('',(41.4597778600214,-1.27,4.5));
#14933=CARTESIAN_POINT('',(39.8202221399786,-1.27,4.5));
#14934=VECTOR('',#14935,1.);
#14935=DIRECTION('',(1.,0.,0.));
#14936=CARTESIAN_POINT('',(41.76,-0.75,4.5));
#14937=CARTESIAN_POINT('',(41.4597778600214,-1.27,4.5));
#14938=VECTOR('',#14939,1.);
#14939=DIRECTION('',(0.500000000000003,0.866025403784437,0.));
#14940=CARTESIAN_POINT('',(42.06,-0.75,4.5));
#14941=CARTESIAN_POINT('',(41.76,-0.75,4.5));
#14942=VECTOR('',#14943,1.);
#14943=DIRECTION('',(1.,0.,0.));
#14944=CARTESIAN_POINT('',(42.3602221399786,-1.27,4.5));
#14945=CARTESIAN_POINT('',(42.06,-0.75,4.5));
#14946=VECTOR('',#14947,1.);
#14947=DIRECTION('',(0.500000000000003,-0.866025403784437,0.));
#14948=CARTESIAN_POINT('',(43.9997778600214,-1.27,4.5));
#14949=CARTESIAN_POINT('',(42.3602221399786,-1.27,4.5));
#14950=VECTOR('',#14951,1.);
#14951=DIRECTION('',(1.,0.,0.));
#14952=CARTESIAN_POINT('',(44.3,-0.75,4.5));
#14953=CARTESIAN_POINT('',(43.9997778600214,-1.27,4.5));
#14954=VECTOR('',#14955,1.);
#14955=DIRECTION('',(0.500000000000003,0.866025403784437,0.));
#14956=CARTESIAN_POINT('',(44.6,-0.75,4.5));
#14957=CARTESIAN_POINT('',(44.3,-0.75,4.5));
#14958=VECTOR('',#14959,1.);
#14959=DIRECTION('',(1.,0.,0.));
#14960=CARTESIAN_POINT('',(44.9002221399786,-1.27,4.5));
#14961=CARTESIAN_POINT('',(44.6,-0.75,4.5));
#14962=VECTOR('',#14963,1.);
#14963=DIRECTION('',(0.500000000000003,-0.866025403784437,0.));
#14964=CARTESIAN_POINT('',(46.5397778600214,-1.27,4.5));
#14965=CARTESIAN_POINT('',(44.9002221399786,-1.27,4.5));
#14966=VECTOR('',#14967,1.);
#14967=DIRECTION('',(1.,0.,0.));
#14968=CARTESIAN_POINT('',(46.84,-0.75,4.5));
#14969=CARTESIAN_POINT('',(46.5397778600214,-1.27,4.5));
#14970=VECTOR('',#14971,1.);
#14971=DIRECTION('',(0.500000000000003,0.866025403784437,0.));
#14972=CARTESIAN_POINT('',(47.14,-0.75,4.5));
#14973=CARTESIAN_POINT('',(46.84,-0.75,4.5));
#14974=VECTOR('',#14975,1.);
#14975=DIRECTION('',(1.,0.,0.));
#14976=CARTESIAN_POINT('',(47.4402221399786,-1.27,4.5));
#14977=CARTESIAN_POINT('',(47.14,-0.75,4.5));
#14978=VECTOR('',#14979,1.);
#14979=DIRECTION('',(0.500000000000003,-0.866025403784437,0.));
#14980=CARTESIAN_POINT('',(49.0797778600214,-1.27,4.5));
#14981=CARTESIAN_POINT('',(47.4402221399786,-1.27,4.5));
#14982=VECTOR('',#14983,1.);
#14983=DIRECTION('',(1.,0.,0.));
#14984=CARTESIAN_POINT('',(49.38,-0.75,4.5));
#14985=CARTESIAN_POINT('',(49.0797778600214,-1.27,4.5));
#14986=VECTOR('',#14987,1.);
#14987=DIRECTION('',(0.500000000000003,0.866025403784437,0.));
#14988=CARTESIAN_POINT('',(49.68,-0.75,4.5));
#14989=CARTESIAN_POINT('',(49.38,-0.75,4.5));
#14990=VECTOR('',#14991,1.);
#14991=DIRECTION('',(1.,0.,0.));
#14992=CARTESIAN_POINT('',(49.9802221399786,-1.27,4.5));
#14993=CARTESIAN_POINT('',(49.68,-0.75,4.5));
#14994=VECTOR('',#14995,1.);
#14995=DIRECTION('',(0.500000000000003,-0.866025403784437,0.));
#14996=CARTESIAN_POINT('',(51.6197778600214,-1.27,4.5));
#14997=CARTESIAN_POINT('',(49.9802221399786,-1.27,4.5));
#14998=VECTOR('',#14999,1.);
#14999=DIRECTION('',(1.,0.,0.));
#15000=CARTESIAN_POINT('',(51.92,-0.75,4.5));
#15001=CARTESIAN_POINT('',(51.6197778600214,-1.27,4.5));
#15002=VECTOR('',#15003,1.);
#15003=DIRECTION('',(0.500000000000003,0.866025403784437,0.));
#15004=CARTESIAN_POINT('',(52.22,-0.75,4.5));
#15005=CARTESIAN_POINT('',(51.92,-0.75,4.5));
#15006=VECTOR('',#15007,1.);
#15007=DIRECTION('',(1.,0.,0.));
#15008=CARTESIAN_POINT('',(52.5202221399786,-1.27,4.5));
#15009=CARTESIAN_POINT('',(52.22,-0.75,4.5));
#15010=VECTOR('',#15011,1.);
#15011=DIRECTION('',(0.500000000000003,-0.866025403784437,0.));
#15012=CARTESIAN_POINT('',(54.1597778600214,-1.27,4.5));
#15013=CARTESIAN_POINT('',(52.5202221399786,-1.27,4.5));
#15014=VECTOR('',#15015,1.);
#15015=DIRECTION('',(1.,0.,0.));
#15016=CARTESIAN_POINT('',(54.46,-0.75,4.5));
#15017=CARTESIAN_POINT('',(54.1597778600214,-1.27,4.5));
#15018=VECTOR('',#15019,1.);
#15019=DIRECTION('',(0.500000000000003,0.866025403784437,0.));
#15020=CARTESIAN_POINT('',(54.76,-0.75,4.5));
#15021=CARTESIAN_POINT('',(54.46,-0.75,4.5));
#15022=VECTOR('',#15023,1.);
#15023=DIRECTION('',(1.,0.,0.));
#15024=CARTESIAN_POINT('',(55.0602221399786,-1.27,4.5));
#15025=CARTESIAN_POINT('',(54.76,-0.75,4.5));
#15026=VECTOR('',#15027,1.);
#15027=DIRECTION('',(0.500000000000003,-0.866025403784437,0.));
#15028=CARTESIAN_POINT('',(56.6997778600214,-1.27,4.5));
#15029=CARTESIAN_POINT('',(55.0602221399786,-1.27,4.5));
#15030=VECTOR('',#15031,1.);
#15031=DIRECTION('',(1.,0.,0.));
#15032=CARTESIAN_POINT('',(57.,-0.75,4.5));
#15033=CARTESIAN_POINT('',(56.6997778600214,-1.27,4.5));
#15034=VECTOR('',#15035,1.);
#15035=DIRECTION('',(0.500000000000003,0.866025403784437,0.));
#15036=CARTESIAN_POINT('',(57.3,-0.75,4.5));
#15037=CARTESIAN_POINT('',(57.,-0.75,4.5));
#15038=VECTOR('',#15039,1.);
#15039=DIRECTION('',(1.,0.,0.));
#15040=CARTESIAN_POINT('',(57.6002221399786,-1.27,4.5));
#15041=CARTESIAN_POINT('',(57.3,-0.75,4.5));
#15042=VECTOR('',#15043,1.);
#15043=DIRECTION('',(0.500000000000003,-0.866025403784437,0.));
#15044=CARTESIAN_POINT('',(59.2397778600214,-1.27,4.5));
#15045=CARTESIAN_POINT('',(57.6002221399786,-1.27,4.5));
#15046=VECTOR('',#15047,1.);
#15047=DIRECTION('',(1.,0.,0.));
#15048=CARTESIAN_POINT('',(59.54,-0.75,4.5));
#15049=CARTESIAN_POINT('',(59.2397778600214,-1.27,4.5));
#15050=VECTOR('',#15051,1.);
#15051=DIRECTION('',(0.500000000000003,0.866025403784437,0.));
#15052=CARTESIAN_POINT('',(59.84,-0.75,4.5));
#15053=CARTESIAN_POINT('',(59.54,-0.75,4.5));
#15054=VECTOR('',#15055,1.);
#15055=DIRECTION('',(1.,0.,0.));
#15056=CARTESIAN_POINT('',(60.1402221399786,-1.27,4.5));
#15057=CARTESIAN_POINT('',(59.84,-0.75,4.5));
#15058=VECTOR('',#15059,1.);
#15059=DIRECTION('',(0.500000000000003,-0.866025403784437,0.));
#15060=CARTESIAN_POINT('',(61.7797778600214,-1.27,4.5));
#15061=CARTESIAN_POINT('',(60.1402221399786,-1.27,4.5));
#15062=VECTOR('',#15063,1.);
#15063=DIRECTION('',(1.,0.,0.));
#15064=CARTESIAN_POINT('',(62.08,-0.75,4.5));
#15065=CARTESIAN_POINT('',(61.7797778600214,-1.27,4.5));
#15066=VECTOR('',#15067,1.);
#15067=DIRECTION('',(0.500000000000003,0.866025403784437,0.));
#15068=CARTESIAN_POINT('',(62.38,-0.75,4.5));
#15069=CARTESIAN_POINT('',(62.08,-0.75,4.5));
#15070=VECTOR('',#15071,1.);
#15071=DIRECTION('',(1.,0.,0.));
#15072=CARTESIAN_POINT('',(62.6802221399786,-1.27,4.5));
#15073=CARTESIAN_POINT('',(62.38,-0.75,4.5));
#15074=VECTOR('',#15075,1.);
#15075=DIRECTION('',(0.500000000000003,-0.866025403784437,0.));
#15076=CARTESIAN_POINT('',(64.3197778600214,-1.27,4.5));
#15077=CARTESIAN_POINT('',(62.6802221399786,-1.27,4.5));
#15078=VECTOR('',#15079,1.);
#15079=DIRECTION('',(1.,0.,0.));
#15080=CARTESIAN_POINT('',(64.62,-0.75,4.5));
#15081=CARTESIAN_POINT('',(64.3197778600214,-1.27,4.5));
#15082=VECTOR('',#15083,1.);
#15083=DIRECTION('',(0.499999999999994,0.866025403784442,0.));
#15084=CARTESIAN_POINT('',(64.92,-0.75,4.5));
#15085=CARTESIAN_POINT('',(64.62,-0.75,4.5));
#15086=VECTOR('',#15087,1.);
#15087=DIRECTION('',(1.,0.,0.));
#15088=CARTESIAN_POINT('',(65.2202221399786,-1.27,4.5));
#15089=CARTESIAN_POINT('',(64.92,-0.75,4.5));
#15090=VECTOR('',#15091,1.);
#15091=DIRECTION('',(0.499999999999994,-0.866025403784442,0.));
#15092=CARTESIAN_POINT('',(66.8597778600214,-1.27,4.5));
#15093=CARTESIAN_POINT('',(65.2202221399786,-1.27,4.5));
#15094=VECTOR('',#15095,1.);
#15095=DIRECTION('',(1.,0.,0.));
#15096=CARTESIAN_POINT('',(67.16,-0.75,4.5));
#15097=CARTESIAN_POINT('',(66.8597778600214,-1.27,4.5));
#15098=VECTOR('',#15099,1.);
#15099=DIRECTION('',(0.499999999999994,0.866025403784442,0.));
#15100=CARTESIAN_POINT('',(67.31,-0.75,4.5));
#15101=CARTESIAN_POINT('',(67.16,-0.75,4.5));
#15102=VECTOR('',#15103,1.);
#15103=DIRECTION('',(1.,0.,0.));
#15104=CARTESIAN_POINT('',(67.31,0.75,4.5));
#15105=CARTESIAN_POINT('',(67.31,-0.75,4.5));
#15106=VECTOR('',#15107,1.);
#15107=DIRECTION('',(0.,1.,0.));
#15108=CARTESIAN_POINT('',(67.16,0.75,4.5));
#15109=CARTESIAN_POINT('',(67.31,0.75,4.5));
#15110=VECTOR('',#15111,1.);
#15111=DIRECTION('',(-1.,0.,0.));
#15112=CARTESIAN_POINT('',(66.8597778600214,1.27,4.5));
#15113=CARTESIAN_POINT('',(67.16,0.75,4.5));
#15114=VECTOR('',#15115,1.);
#15115=DIRECTION('',(-0.499999999999994,0.866025403784442,0.));
#15116=CARTESIAN_POINT('',(65.2202221399786,1.27,4.5));
#15117=CARTESIAN_POINT('',(66.8597778600214,1.27,4.5));
#15118=VECTOR('',#15119,1.);
#15119=DIRECTION('',(-1.,0.,0.));
#15120=CARTESIAN_POINT('',(64.92,0.75,4.5));
#15121=CARTESIAN_POINT('',(65.2202221399786,1.27,4.5));
#15122=VECTOR('',#15123,1.);
#15123=DIRECTION('',(-0.499999999999994,-0.866025403784442,0.));
#15124=CARTESIAN_POINT('',(64.62,0.75,4.5));
#15125=CARTESIAN_POINT('',(64.92,0.75,4.5));
#15126=VECTOR('',#15127,1.);
#15127=DIRECTION('',(-1.,0.,0.));
#15128=CARTESIAN_POINT('',(64.3197778600214,1.27,4.5));
#15129=CARTESIAN_POINT('',(64.62,0.75,4.5));
#15130=VECTOR('',#15131,1.);
#15131=DIRECTION('',(-0.499999999999994,0.866025403784442,0.));
#15132=CARTESIAN_POINT('',(62.6802221399786,1.27,4.5));
#15133=CARTESIAN_POINT('',(64.3197778600214,1.27,4.5));
#15134=VECTOR('',#15135,1.);
#15135=DIRECTION('',(-1.,0.,0.));
#15136=CARTESIAN_POINT('',(62.38,0.75,4.5));
#15137=CARTESIAN_POINT('',(62.6802221399786,1.27,4.5));
#15138=VECTOR('',#15139,1.);
#15139=DIRECTION('',(-0.500000000000003,-0.866025403784437,0.));
#15140=CARTESIAN_POINT('',(62.08,0.75,4.5));
#15141=CARTESIAN_POINT('',(62.38,0.75,4.5));
#15142=VECTOR('',#15143,1.);
#15143=DIRECTION('',(-1.,0.,0.));
#15144=CARTESIAN_POINT('',(61.7797778600214,1.27,4.5));
#15145=CARTESIAN_POINT('',(62.08,0.75,4.5));
#15146=VECTOR('',#15147,1.);
#15147=DIRECTION('',(-0.500000000000003,0.866025403784437,0.));
#15148=CARTESIAN_POINT('',(60.1402221399786,1.27,4.5));
#15149=CARTESIAN_POINT('',(61.7797778600214,1.27,4.5));
#15150=VECTOR('',#15151,1.);
#15151=DIRECTION('',(-1.,0.,0.));
#15152=CARTESIAN_POINT('',(59.84,0.75,4.5));
#15153=CARTESIAN_POINT('',(60.1402221399786,1.27,4.5));
#15154=VECTOR('',#15155,1.);
#15155=DIRECTION('',(-0.500000000000003,-0.866025403784437,0.));
#15156=CARTESIAN_POINT('',(59.54,0.75,4.5));
#15157=CARTESIAN_POINT('',(59.84,0.75,4.5));
#15158=VECTOR('',#15159,1.);
#15159=DIRECTION('',(-1.,0.,0.));
#15160=CARTESIAN_POINT('',(59.2397778600214,1.27,4.5));
#15161=CARTESIAN_POINT('',(59.54,0.75,4.5));
#15162=VECTOR('',#15163,1.);
#15163=DIRECTION('',(-0.500000000000003,0.866025403784437,0.));
#15164=CARTESIAN_POINT('',(57.6002221399786,1.27,4.5));
#15165=CARTESIAN_POINT('',(59.2397778600214,1.27,4.5));
#15166=VECTOR('',#15167,1.);
#15167=DIRECTION('',(-1.,0.,0.));
#15168=CARTESIAN_POINT('',(57.3,0.75,4.5));
#15169=CARTESIAN_POINT('',(57.6002221399786,1.27,4.5));
#15170=VECTOR('',#15171,1.);
#15171=DIRECTION('',(-0.500000000000003,-0.866025403784437,0.));
#15172=CARTESIAN_POINT('',(57.,0.75,4.5));
#15173=CARTESIAN_POINT('',(57.3,0.75,4.5));
#15174=VECTOR('',#15175,1.);
#15175=DIRECTION('',(-1.,0.,0.));
#15176=CARTESIAN_POINT('',(56.6997778600214,1.27,4.5));
#15177=CARTESIAN_POINT('',(57.,0.75,4.5));
#15178=VECTOR('',#15179,1.);
#15179=DIRECTION('',(-0.500000000000003,0.866025403784437,0.));
#15180=CARTESIAN_POINT('',(55.0602221399786,1.27,4.5));
#15181=CARTESIAN_POINT('',(56.6997778600214,1.27,4.5));
#15182=VECTOR('',#15183,1.);
#15183=DIRECTION('',(-1.,0.,0.));
#15184=CARTESIAN_POINT('',(54.76,0.75,4.5));
#15185=CARTESIAN_POINT('',(55.0602221399786,1.27,4.5));
#15186=VECTOR('',#15187,1.);
#15187=DIRECTION('',(-0.500000000000003,-0.866025403784437,0.));
#15188=CARTESIAN_POINT('',(54.46,0.75,4.5));
#15189=CARTESIAN_POINT('',(54.76,0.75,4.5));
#15190=VECTOR('',#15191,1.);
#15191=DIRECTION('',(-1.,0.,0.));
#15192=CARTESIAN_POINT('',(54.1597778600214,1.27,4.5));
#15193=CARTESIAN_POINT('',(54.46,0.75,4.5));
#15194=VECTOR('',#15195,1.);
#15195=DIRECTION('',(-0.500000000000003,0.866025403784437,0.));
#15196=CARTESIAN_POINT('',(52.5202221399786,1.27,4.5));
#15197=CARTESIAN_POINT('',(54.1597778600214,1.27,4.5));
#15198=VECTOR('',#15199,1.);
#15199=DIRECTION('',(-1.,0.,0.));
#15200=CARTESIAN_POINT('',(52.22,0.75,4.5));
#15201=CARTESIAN_POINT('',(52.5202221399786,1.27,4.5));
#15202=VECTOR('',#15203,1.);
#15203=DIRECTION('',(-0.500000000000003,-0.866025403784437,0.));
#15204=CARTESIAN_POINT('',(51.92,0.75,4.5));
#15205=CARTESIAN_POINT('',(52.22,0.75,4.5));
#15206=VECTOR('',#15207,1.);
#15207=DIRECTION('',(-1.,0.,0.));
#15208=CARTESIAN_POINT('',(51.6197778600214,1.27,4.5));
#15209=CARTESIAN_POINT('',(51.92,0.75,4.5));
#15210=VECTOR('',#15211,1.);
#15211=DIRECTION('',(-0.500000000000003,0.866025403784437,0.));
#15212=CARTESIAN_POINT('',(49.9802221399786,1.27,4.5));
#15213=CARTESIAN_POINT('',(51.6197778600214,1.27,4.5));
#15214=VECTOR('',#15215,1.);
#15215=DIRECTION('',(-1.,0.,0.));
#15216=CARTESIAN_POINT('',(49.68,0.75,4.5));
#15217=CARTESIAN_POINT('',(49.9802221399786,1.27,4.5));
#15218=VECTOR('',#15219,1.);
#15219=DIRECTION('',(-0.500000000000003,-0.866025403784437,0.));
#15220=CARTESIAN_POINT('',(49.38,0.75,4.5));
#15221=CARTESIAN_POINT('',(49.68,0.75,4.5));
#15222=VECTOR('',#15223,1.);
#15223=DIRECTION('',(-1.,0.,0.));
#15224=CARTESIAN_POINT('',(49.0797778600214,1.27,4.5));
#15225=CARTESIAN_POINT('',(49.38,0.75,4.5));
#15226=VECTOR('',#15227,1.);
#15227=DIRECTION('',(-0.500000000000003,0.866025403784437,0.));
#15228=CARTESIAN_POINT('',(47.4402221399786,1.27,4.5));
#15229=CARTESIAN_POINT('',(49.0797778600214,1.27,4.5));
#15230=VECTOR('',#15231,1.);
#15231=DIRECTION('',(-1.,0.,0.));
#15232=CARTESIAN_POINT('',(47.14,0.75,4.5));
#15233=CARTESIAN_POINT('',(47.4402221399786,1.27,4.5));
#15234=VECTOR('',#15235,1.);
#15235=DIRECTION('',(-0.500000000000003,-0.866025403784437,0.));
#15236=CARTESIAN_POINT('',(46.84,0.75,4.5));
#15237=CARTESIAN_POINT('',(47.14,0.75,4.5));
#15238=VECTOR('',#15239,1.);
#15239=DIRECTION('',(-1.,0.,0.));
#15240=CARTESIAN_POINT('',(46.5397778600214,1.27,4.5));
#15241=CARTESIAN_POINT('',(46.84,0.75,4.5));
#15242=VECTOR('',#15243,1.);
#15243=DIRECTION('',(-0.500000000000003,0.866025403784437,0.));
#15244=CARTESIAN_POINT('',(44.9002221399786,1.27,4.5));
#15245=CARTESIAN_POINT('',(46.5397778600214,1.27,4.5));
#15246=VECTOR('',#15247,1.);
#15247=DIRECTION('',(-1.,0.,0.));
#15248=CARTESIAN_POINT('',(44.6,0.75,4.5));
#15249=CARTESIAN_POINT('',(44.9002221399786,1.27,4.5));
#15250=VECTOR('',#15251,1.);
#15251=DIRECTION('',(-0.500000000000003,-0.866025403784437,0.));
#15252=CARTESIAN_POINT('',(44.3,0.75,4.5));
#15253=CARTESIAN_POINT('',(44.6,0.75,4.5));
#15254=VECTOR('',#15255,1.);
#15255=DIRECTION('',(-1.,0.,0.));
#15256=CARTESIAN_POINT('',(43.9997778600214,1.27,4.5));
#15257=CARTESIAN_POINT('',(44.3,0.75,4.5));
#15258=VECTOR('',#15259,1.);
#15259=DIRECTION('',(-0.500000000000003,0.866025403784437,0.));
#15260=CARTESIAN_POINT('',(42.3602221399786,1.27,4.5));
#15261=CARTESIAN_POINT('',(43.9997778600214,1.27,4.5));
#15262=VECTOR('',#15263,1.);
#15263=DIRECTION('',(-1.,0.,0.));
#15264=CARTESIAN_POINT('',(42.06,0.75,4.5));
#15265=CARTESIAN_POINT('',(42.3602221399786,1.27,4.5));
#15266=VECTOR('',#15267,1.);
#15267=DIRECTION('',(-0.500000000000003,-0.866025403784437,0.));
#15268=CARTESIAN_POINT('',(41.76,0.75,4.5));
#15269=CARTESIAN_POINT('',(42.06,0.75,4.5));
#15270=VECTOR('',#15271,1.);
#15271=DIRECTION('',(-1.,0.,0.));
#15272=CARTESIAN_POINT('',(41.4597778600214,1.27,4.5));
#15273=CARTESIAN_POINT('',(41.76,0.75,4.5));
#15274=VECTOR('',#15275,1.);
#15275=DIRECTION('',(-0.500000000000003,0.866025403784437,0.));
#15276=CARTESIAN_POINT('',(39.8202221399786,1.27,4.5));
#15277=CARTESIAN_POINT('',(41.4597778600214,1.27,4.5));
#15278=VECTOR('',#15279,1.);
#15279=DIRECTION('',(-1.,0.,0.));
#15280=CARTESIAN_POINT('',(39.52,0.75,4.5));
#15281=CARTESIAN_POINT('',(39.8202221399786,1.27,4.5));
#15282=VECTOR('',#15283,1.);
#15283=DIRECTION('',(-0.500000000000003,-0.866025403784437,0.));
#15284=CARTESIAN_POINT('',(39.22,0.75,4.5));
#15285=CARTESIAN_POINT('',(39.52,0.75,4.5));
#15286=VECTOR('',#15287,1.);
#15287=DIRECTION('',(-1.,0.,0.));
#15288=CARTESIAN_POINT('',(38.9197778600214,1.27,4.5));
#15289=CARTESIAN_POINT('',(39.22,0.75,4.5));
#15290=VECTOR('',#15291,1.);
#15291=DIRECTION('',(-0.500000000000003,0.866025403784437,0.));
#15292=CARTESIAN_POINT('',(37.2802221399786,1.27,4.5));
#15293=CARTESIAN_POINT('',(38.9197778600214,1.27,4.5));
#15294=VECTOR('',#15295,1.);
#15295=DIRECTION('',(-1.,0.,0.));
#15296=CARTESIAN_POINT('',(36.98,0.75,4.5));
#15297=CARTESIAN_POINT('',(37.2802221399786,1.27,4.5));
#15298=VECTOR('',#15299,1.);
#15299=DIRECTION('',(-0.500000000000003,-0.866025403784437,0.));
#15300=CARTESIAN_POINT('',(36.68,0.75,4.5));
#15301=CARTESIAN_POINT('',(36.98,0.75,4.5));
#15302=VECTOR('',#15303,1.);
#15303=DIRECTION('',(-1.,0.,0.));
#15304=CARTESIAN_POINT('',(36.3797778600214,1.27,4.5));
#15305=CARTESIAN_POINT('',(36.68,0.75,4.5));
#15306=VECTOR('',#15307,1.);
#15307=DIRECTION('',(-0.500000000000003,0.866025403784437,0.));
#15308=CARTESIAN_POINT('',(34.7402221399786,1.27,4.5));
#15309=CARTESIAN_POINT('',(36.3797778600214,1.27,4.5));
#15310=VECTOR('',#15311,1.);
#15311=DIRECTION('',(-1.,0.,0.));
#15312=CARTESIAN_POINT('',(34.44,0.75,4.5));
#15313=CARTESIAN_POINT('',(34.7402221399786,1.27,4.5));
#15314=VECTOR('',#15315,1.);
#15315=DIRECTION('',(-0.500000000000003,-0.866025403784437,0.));
#15316=CARTESIAN_POINT('',(34.14,0.75,4.5));
#15317=CARTESIAN_POINT('',(34.44,0.75,4.5));
#15318=VECTOR('',#15319,1.);
#15319=DIRECTION('',(-1.,0.,0.));
#15320=CARTESIAN_POINT('',(33.8397778600214,1.27,4.5));
#15321=CARTESIAN_POINT('',(34.14,0.75,4.5));
#15322=VECTOR('',#15323,1.);
#15323=DIRECTION('',(-0.500000000000003,0.866025403784437,0.));
#15324=CARTESIAN_POINT('',(32.2002221399786,1.27,4.5));
#15325=CARTESIAN_POINT('',(33.8397778600214,1.27,4.5));
#15326=VECTOR('',#15327,1.);
#15327=DIRECTION('',(-1.,0.,0.));
#15328=CARTESIAN_POINT('',(31.9,0.75,4.5));
#15329=CARTESIAN_POINT('',(32.2002221399786,1.27,4.5));
#15330=VECTOR('',#15331,1.);
#15331=DIRECTION('',(-0.499999999999999,-0.866025403784439,0.));
#15332=CARTESIAN_POINT('',(31.6,0.75,4.5));
#15333=CARTESIAN_POINT('',(31.9,0.75,4.5));
#15334=VECTOR('',#15335,1.);
#15335=DIRECTION('',(-1.,0.,0.));
#15336=CARTESIAN_POINT('',(31.2997778600214,1.27,4.5));
#15337=CARTESIAN_POINT('',(31.6,0.75,4.5));
#15338=VECTOR('',#15339,1.);
#15339=DIRECTION('',(-0.499999999999999,0.866025403784439,0.));
#15340=CARTESIAN_POINT('',(29.6602221399786,1.27,4.5));
#15341=CARTESIAN_POINT('',(31.2997778600214,1.27,4.5));
#15342=VECTOR('',#15343,1.);
#15343=DIRECTION('',(-1.,0.,0.));
#15344=CARTESIAN_POINT('',(29.36,0.75,4.5));
#15345=CARTESIAN_POINT('',(29.6602221399786,1.27,4.5));
#15346=VECTOR('',#15347,1.);
#15347=DIRECTION('',(-0.499999999999999,-0.866025403784439,0.));
#15348=CARTESIAN_POINT('',(29.06,0.75,4.5));
#15349=CARTESIAN_POINT('',(29.36,0.75,4.5));
#15350=VECTOR('',#15351,1.);
#15351=DIRECTION('',(-1.,0.,0.));
#15352=CARTESIAN_POINT('',(28.7597778600214,1.27,4.5));
#15353=CARTESIAN_POINT('',(29.06,0.75,4.5));
#15354=VECTOR('',#15355,1.);
#15355=DIRECTION('',(-0.499999999999999,0.866025403784439,0.));
#15356=CARTESIAN_POINT('',(27.1202221399786,1.27,4.5));
#15357=CARTESIAN_POINT('',(28.7597778600214,1.27,4.5));
#15358=VECTOR('',#15359,1.);
#15359=DIRECTION('',(-1.,0.,0.));
#15360=CARTESIAN_POINT('',(26.82,0.75,4.5));
#15361=CARTESIAN_POINT('',(27.1202221399786,1.27,4.5));
#15362=VECTOR('',#15363,1.);
#15363=DIRECTION('',(-0.499999999999999,-0.866025403784439,0.));
#15364=CARTESIAN_POINT('',(26.52,0.75,4.5));
#15365=CARTESIAN_POINT('',(26.82,0.75,4.5));
#15366=VECTOR('',#15367,1.);
#15367=DIRECTION('',(-1.,0.,0.));
#15368=CARTESIAN_POINT('',(26.2197778600214,1.27,4.5));
#15369=CARTESIAN_POINT('',(26.52,0.75,4.5));
#15370=VECTOR('',#15371,1.);
#15371=DIRECTION('',(-0.499999999999999,0.866025403784439,0.));
#15372=CARTESIAN_POINT('',(24.5802221399786,1.27,4.5));
#15373=CARTESIAN_POINT('',(26.2197778600214,1.27,4.5));
#15374=VECTOR('',#15375,1.);
#15375=DIRECTION('',(-1.,0.,0.));
#15376=CARTESIAN_POINT('',(24.28,0.75,4.5));
#15377=CARTESIAN_POINT('',(24.5802221399786,1.27,4.5));
#15378=VECTOR('',#15379,1.);
#15379=DIRECTION('',(-0.499999999999999,-0.866025403784439,0.));
#15380=CARTESIAN_POINT('',(23.98,0.75,4.5));
#15381=CARTESIAN_POINT('',(24.28,0.75,4.5));
#15382=VECTOR('',#15383,1.);
#15383=DIRECTION('',(-1.,0.,0.));
#15384=CARTESIAN_POINT('',(23.6797778600214,1.27,4.5));
#15385=CARTESIAN_POINT('',(23.98,0.75,4.5));
#15386=VECTOR('',#15387,1.);
#15387=DIRECTION('',(-0.499999999999999,0.866025403784439,0.));
#15388=CARTESIAN_POINT('',(22.0402221399786,1.27,4.5));
#15389=CARTESIAN_POINT('',(23.6797778600214,1.27,4.5));
#15390=VECTOR('',#15391,1.);
#15391=DIRECTION('',(-1.,0.,0.));
#15392=CARTESIAN_POINT('',(21.74,0.75,4.5));
#15393=CARTESIAN_POINT('',(22.0402221399786,1.27,4.5));
#15394=VECTOR('',#15395,1.);
#15395=DIRECTION('',(-0.499999999999999,-0.866025403784439,0.));
#15396=CARTESIAN_POINT('',(21.44,0.75,4.5));
#15397=CARTESIAN_POINT('',(21.74,0.75,4.5));
#15398=VECTOR('',#15399,1.);
#15399=DIRECTION('',(-1.,0.,0.));
#15400=CARTESIAN_POINT('',(21.1397778600214,1.27,4.5));
#15401=CARTESIAN_POINT('',(21.44,0.75,4.5));
#15402=VECTOR('',#15403,1.);
#15403=DIRECTION('',(-0.499999999999999,0.866025403784439,0.));
#15404=CARTESIAN_POINT('',(19.5002221399786,1.27,4.5));
#15405=CARTESIAN_POINT('',(21.1397778600214,1.27,4.5));
#15406=VECTOR('',#15407,1.);
#15407=DIRECTION('',(-1.,0.,0.));
#15408=CARTESIAN_POINT('',(19.2,0.75,4.5));
#15409=CARTESIAN_POINT('',(19.5002221399786,1.27,4.5));
#15410=VECTOR('',#15411,1.);
#15411=DIRECTION('',(-0.499999999999999,-0.866025403784439,0.));
#15412=CARTESIAN_POINT('',(18.9,0.75,4.5));
#15413=CARTESIAN_POINT('',(19.2,0.75,4.5));
#15414=VECTOR('',#15415,1.);
#15415=DIRECTION('',(-1.,0.,0.));
#15416=CARTESIAN_POINT('',(18.5997778600214,1.27,4.5));
#15417=CARTESIAN_POINT('',(18.9,0.75,4.5));
#15418=VECTOR('',#15419,1.);
#15419=DIRECTION('',(-0.499999999999999,0.866025403784439,0.));
#15420=CARTESIAN_POINT('',(16.9602221399786,1.27,4.5));
#15421=CARTESIAN_POINT('',(18.5997778600214,1.27,4.5));
#15422=VECTOR('',#15423,1.);
#15423=DIRECTION('',(-1.,0.,0.));
#15424=CARTESIAN_POINT('',(16.66,0.75,4.5));
#15425=CARTESIAN_POINT('',(16.9602221399786,1.27,4.5));
#15426=VECTOR('',#15427,1.);
#15427=DIRECTION('',(-0.499999999999999,-0.866025403784439,0.));
#15428=CARTESIAN_POINT('',(16.36,0.75,4.5));
#15429=CARTESIAN_POINT('',(16.66,0.75,4.5));
#15430=VECTOR('',#15431,1.);
#15431=DIRECTION('',(-1.,0.,0.));
#15432=CARTESIAN_POINT('',(16.0597778600214,1.27,4.5));
#15433=CARTESIAN_POINT('',(16.36,0.75,4.5));
#15434=VECTOR('',#15435,1.);
#15435=DIRECTION('',(-0.499999999999999,0.866025403784439,0.));
#15436=CARTESIAN_POINT('',(14.4202221399786,1.27,4.5));
#15437=CARTESIAN_POINT('',(16.0597778600214,1.27,4.5));
#15438=VECTOR('',#15439,1.);
#15439=DIRECTION('',(-1.,0.,0.));
#15440=CARTESIAN_POINT('',(14.12,0.75,4.5));
#15441=CARTESIAN_POINT('',(14.4202221399786,1.27,4.5));
#15442=VECTOR('',#15443,1.);
#15443=DIRECTION('',(-0.499999999999999,-0.866025403784439,0.));
#15444=CARTESIAN_POINT('',(13.82,0.75,4.5));
#15445=CARTESIAN_POINT('',(14.12,0.75,4.5));
#15446=VECTOR('',#15447,1.);
#15447=DIRECTION('',(-1.,0.,0.));
#15448=CARTESIAN_POINT('',(13.5197778600214,1.27,4.5));
#15449=CARTESIAN_POINT('',(13.82,0.75,4.5));
#15450=VECTOR('',#15451,1.);
#15451=DIRECTION('',(-0.500000000000001,0.866025403784438,0.));
#15452=CARTESIAN_POINT('',(11.8802221399786,1.27,4.5));
#15453=CARTESIAN_POINT('',(13.5197778600214,1.27,4.5));
#15454=VECTOR('',#15455,1.);
#15455=DIRECTION('',(-1.,0.,0.));
#15456=CARTESIAN_POINT('',(11.58,0.75,4.5));
#15457=CARTESIAN_POINT('',(11.8802221399786,1.27,4.5));
#15458=VECTOR('',#15459,1.);
#15459=DIRECTION('',(-0.499999999999999,-0.866025403784439,0.));
#15460=CARTESIAN_POINT('',(11.28,0.75,4.5));
#15461=CARTESIAN_POINT('',(11.58,0.75,4.5));
#15462=VECTOR('',#15463,1.);
#15463=DIRECTION('',(-1.,0.,0.));
#15464=CARTESIAN_POINT('',(10.9797778600214,1.27,4.5));
#15465=CARTESIAN_POINT('',(11.28,0.75,4.5));
#15466=VECTOR('',#15467,1.);
#15467=DIRECTION('',(-0.500000000000001,0.866025403784438,0.));
#15468=CARTESIAN_POINT('',(9.34022213997861,1.27,4.5));
#15469=CARTESIAN_POINT('',(10.9797778600214,1.27,4.5));
#15470=VECTOR('',#15471,1.);
#15471=DIRECTION('',(-1.,0.,0.));
#15472=CARTESIAN_POINT('',(9.04,0.75,4.5));
#15473=CARTESIAN_POINT('',(9.34022213997861,1.27,4.5));
#15474=VECTOR('',#15475,1.);
#15475=DIRECTION('',(-0.499999999999999,-0.866025403784439,0.));
#15476=CARTESIAN_POINT('',(8.74,0.75,4.5));
#15477=CARTESIAN_POINT('',(9.04,0.75,4.5));
#15478=VECTOR('',#15479,1.);
#15479=DIRECTION('',(-1.,0.,0.));
#15480=CARTESIAN_POINT('',(8.43977786002139,1.27,4.5));
#15481=CARTESIAN_POINT('',(8.74,0.75,4.5));
#15482=VECTOR('',#15483,1.);
#15483=DIRECTION('',(-0.500000000000001,0.866025403784438,0.));
#15484=CARTESIAN_POINT('',(6.80022213997861,1.27,4.5));
#15485=CARTESIAN_POINT('',(8.43977786002139,1.27,4.5));
#15486=VECTOR('',#15487,1.);
#15487=DIRECTION('',(-1.,0.,0.));
#15488=CARTESIAN_POINT('',(6.5,0.75,4.5));
#15489=CARTESIAN_POINT('',(6.80022213997861,1.27,4.5));
#15490=VECTOR('',#15491,1.);
#15491=DIRECTION('',(-0.5,-0.866025403784439,0.));
#15492=CARTESIAN_POINT('',(6.2,0.75,4.5));
#15493=CARTESIAN_POINT('',(6.5,0.75,4.5));
#15494=VECTOR('',#15495,1.);
#15495=DIRECTION('',(-1.,0.,0.));
#15496=CARTESIAN_POINT('',(5.89977786002139,1.27,4.5));
#15497=CARTESIAN_POINT('',(6.2,0.75,4.5));
#15498=VECTOR('',#15499,1.);
#15499=DIRECTION('',(-0.5,0.866025403784439,0.));
#15500=CARTESIAN_POINT('',(4.26022213997861,1.27,4.5));
#15501=CARTESIAN_POINT('',(5.89977786002139,1.27,4.5));
#15502=VECTOR('',#15503,1.);
#15503=DIRECTION('',(-1.,0.,0.));
#15504=CARTESIAN_POINT('',(3.96,0.75,4.5));
#15505=CARTESIAN_POINT('',(4.26022213997861,1.27,4.5));
#15506=VECTOR('',#15507,1.);
#15507=DIRECTION('',(-0.5,-0.866025403784439,0.));
#15508=CARTESIAN_POINT('',(3.66,0.75,4.5));
#15509=CARTESIAN_POINT('',(3.96,0.75,4.5));
#15510=VECTOR('',#15511,1.);
#15511=DIRECTION('',(-1.,0.,0.));
#15512=CARTESIAN_POINT('',(3.35977786002139,1.27,4.5));
#15513=CARTESIAN_POINT('',(3.66,0.75,4.5));
#15514=VECTOR('',#15515,1.);
#15515=DIRECTION('',(-0.5,0.866025403784439,0.));
#15516=CARTESIAN_POINT('',(1.72022213997861,1.27,4.5));
#15517=CARTESIAN_POINT('',(3.35977786002139,1.27,4.5));
#15518=VECTOR('',#15519,1.);
#15519=DIRECTION('',(-1.,0.,0.));
#15520=CARTESIAN_POINT('',(1.42,0.75,4.5));
#15521=CARTESIAN_POINT('',(1.72022213997861,1.27,4.5));
#15522=VECTOR('',#15523,1.);
#15523=DIRECTION('',(-0.5,-0.866025403784439,0.));
#15524=CARTESIAN_POINT('',(1.12,0.75,4.5));
#15525=CARTESIAN_POINT('',(1.42,0.75,4.5));
#15526=VECTOR('',#15527,1.);
#15527=DIRECTION('',(-1.,0.,0.));
#15528=CARTESIAN_POINT('',(0.819777860021394,1.27,4.5));
#15529=CARTESIAN_POINT('',(1.12,0.75,4.5));
#15530=VECTOR('',#15531,1.);
#15531=DIRECTION('',(-0.5,0.866025403784438,0.));
#15532=CARTESIAN_POINT('',(-0.819777860021395,1.27,4.5));
#15533=CARTESIAN_POINT('',(0.819777860021394,1.27,4.5));
#15534=VECTOR('',#15535,1.);
#15535=DIRECTION('',(-1.,0.,0.));
#15536=CARTESIAN_POINT('',(-1.12,0.75,4.5));
#15537=CARTESIAN_POINT('',(-0.819777860021395,1.27,4.5));
#15538=VECTOR('',#15539,1.);
#15539=DIRECTION('',(-0.5,-0.866025403784439,0.));
#15540=CARTESIAN_POINT('',(-1.27,0.75,4.5));
#15541=CARTESIAN_POINT('',(-1.12,0.75,4.5));
#15542=VECTOR('',#15543,1.);
#15543=DIRECTION('',(-1.,0.,0.));
#15544=CARTESIAN_POINT('',(-1.27,0.75,4.5));
#15545=VECTOR('',#15546,1.);
#15546=DIRECTION('',(0.,-1.,0.));
#15547=CARTESIAN_POINT('',(3.44,0.,4.5));
#15548=AXIS2_PLACEMENT_3D('',#15549,#15550,#15551);
#15549=CARTESIAN_POINT('',(2.54,0.,4.5));
#15550=DIRECTION('',(0.,0.,1.));
#15551=DIRECTION('',(1.,0.,0.));
#15552=CARTESIAN_POINT('',(5.98,0.,4.5));
#15553=AXIS2_PLACEMENT_3D('',#15554,#15555,#15556);
#15554=CARTESIAN_POINT('',(5.08,0.,4.5));
#15555=DIRECTION('',(0.,0.,1.));
#15556=DIRECTION('',(1.,0.,0.));
#15557=CARTESIAN_POINT('',(8.52,0.,4.5));
#15558=AXIS2_PLACEMENT_3D('',#15559,#15560,#15561);
#15559=CARTESIAN_POINT('',(7.62,0.,4.5));
#15560=DIRECTION('',(0.,0.,1.));
#15561=DIRECTION('',(1.,0.,0.));
#15562=CARTESIAN_POINT('',(11.06,0.,4.5));
#15563=AXIS2_PLACEMENT_3D('',#15564,#15565,#15566);
#15564=CARTESIAN_POINT('',(10.16,0.,4.5));
#15565=DIRECTION('',(0.,0.,1.));
#15566=DIRECTION('',(1.,0.,0.));
#15567=CARTESIAN_POINT('',(13.6,0.,4.5));
#15568=AXIS2_PLACEMENT_3D('',#15569,#15570,#15571);
#15569=CARTESIAN_POINT('',(12.7,0.,4.5));
#15570=DIRECTION('',(0.,0.,1.));
#15571=DIRECTION('',(1.,0.,0.));
#15572=CARTESIAN_POINT('',(16.14,0.,4.5));
#15573=AXIS2_PLACEMENT_3D('',#15574,#15575,#15576);
#15574=CARTESIAN_POINT('',(15.24,0.,4.5));
#15575=DIRECTION('',(0.,0.,1.));
#15576=DIRECTION('',(1.,0.,0.));
#15577=CARTESIAN_POINT('',(18.68,0.,4.5));
#15578=AXIS2_PLACEMENT_3D('',#15579,#15580,#15581);
#15579=CARTESIAN_POINT('',(17.78,0.,4.5));
#15580=DIRECTION('',(0.,0.,1.));
#15581=DIRECTION('',(1.,0.,0.));
#15582=CARTESIAN_POINT('',(21.22,0.,4.5));
#15583=AXIS2_PLACEMENT_3D('',#15584,#15585,#15586);
#15584=CARTESIAN_POINT('',(20.32,0.,4.5));
#15585=DIRECTION('',(0.,0.,1.));
#15586=DIRECTION('',(1.,0.,0.));
#15587=CARTESIAN_POINT('',(23.76,0.,4.5));
#15588=AXIS2_PLACEMENT_3D('',#15589,#15590,#15591);
#15589=CARTESIAN_POINT('',(22.86,0.,4.5));
#15590=DIRECTION('',(0.,0.,1.));
#15591=DIRECTION('',(1.,0.,0.));
#15592=CARTESIAN_POINT('',(26.3,0.,4.5));
#15593=AXIS2_PLACEMENT_3D('',#15594,#15595,#15596);
#15594=CARTESIAN_POINT('',(25.4,0.,4.5));
#15595=DIRECTION('',(0.,0.,1.));
#15596=DIRECTION('',(1.,0.,0.));
#15597=CARTESIAN_POINT('',(28.84,0.,4.5));
#15598=AXIS2_PLACEMENT_3D('',#15599,#15600,#15601);
#15599=CARTESIAN_POINT('',(27.94,0.,4.5));
#15600=DIRECTION('',(0.,0.,1.));
#15601=DIRECTION('',(1.,0.,0.));
#15602=CARTESIAN_POINT('',(31.38,0.,4.5));
#15603=AXIS2_PLACEMENT_3D('',#15604,#15605,#15606);
#15604=CARTESIAN_POINT('',(30.48,0.,4.5));
#15605=DIRECTION('',(0.,0.,1.));
#15606=DIRECTION('',(1.,0.,0.));
#15607=CARTESIAN_POINT('',(33.92,0.,4.5));
#15608=AXIS2_PLACEMENT_3D('',#15609,#15610,#15611);
#15609=CARTESIAN_POINT('',(33.02,0.,4.5));
#15610=DIRECTION('',(0.,0.,1.));
#15611=DIRECTION('',(1.,0.,0.));
#15612=CARTESIAN_POINT('',(36.46,0.,4.5));
#15613=AXIS2_PLACEMENT_3D('',#15614,#15615,#15616);
#15614=CARTESIAN_POINT('',(35.56,0.,4.5));
#15615=DIRECTION('',(0.,0.,1.));
#15616=DIRECTION('',(1.,0.,0.));
#15617=CARTESIAN_POINT('',(39.,0.,4.5));
#15618=AXIS2_PLACEMENT_3D('',#15619,#15620,#15621);
#15619=CARTESIAN_POINT('',(38.1,0.,4.5));
#15620=DIRECTION('',(0.,0.,1.));
#15621=DIRECTION('',(1.,0.,0.));
#15622=CARTESIAN_POINT('',(41.54,0.,4.5));
#15623=AXIS2_PLACEMENT_3D('',#15624,#15625,#15626);
#15624=CARTESIAN_POINT('',(40.64,0.,4.5));
#15625=DIRECTION('',(0.,0.,1.));
#15626=DIRECTION('',(1.,0.,0.));
#15627=CARTESIAN_POINT('',(44.08,0.,4.5));
#15628=AXIS2_PLACEMENT_3D('',#15629,#15630,#15631);
#15629=CARTESIAN_POINT('',(43.18,0.,4.5));
#15630=DIRECTION('',(0.,0.,1.));
#15631=DIRECTION('',(1.,0.,0.));
#15632=CARTESIAN_POINT('',(46.62,0.,4.5));
#15633=AXIS2_PLACEMENT_3D('',#15634,#15635,#15636);
#15634=CARTESIAN_POINT('',(45.72,0.,4.5));
#15635=DIRECTION('',(0.,0.,1.));
#15636=DIRECTION('',(1.,0.,0.));
#15637=CARTESIAN_POINT('',(49.16,0.,4.5));
#15638=AXIS2_PLACEMENT_3D('',#15639,#15640,#15641);
#15639=CARTESIAN_POINT('',(48.26,0.,4.5));
#15640=DIRECTION('',(0.,0.,1.));
#15641=DIRECTION('',(1.,0.,0.));
#15642=CARTESIAN_POINT('',(51.7,0.,4.5));
#15643=AXIS2_PLACEMENT_3D('',#15644,#15645,#15646);
#15644=CARTESIAN_POINT('',(50.8,0.,4.5));
#15645=DIRECTION('',(0.,0.,1.));
#15646=DIRECTION('',(1.,0.,0.));
#15647=CARTESIAN_POINT('',(54.24,0.,4.5));
#15648=AXIS2_PLACEMENT_3D('',#15649,#15650,#15651);
#15649=CARTESIAN_POINT('',(53.34,0.,4.5));
#15650=DIRECTION('',(0.,0.,1.));
#15651=DIRECTION('',(1.,0.,0.));
#15652=CARTESIAN_POINT('',(56.78,0.,4.5));
#15653=AXIS2_PLACEMENT_3D('',#15654,#15655,#15656);
#15654=CARTESIAN_POINT('',(55.88,0.,4.5));
#15655=DIRECTION('',(0.,0.,1.));
#15656=DIRECTION('',(1.,0.,0.));
#15657=CARTESIAN_POINT('',(59.32,0.,4.5));
#15658=AXIS2_PLACEMENT_3D('',#15659,#15660,#15661);
#15659=CARTESIAN_POINT('',(58.42,0.,4.5));
#15660=DIRECTION('',(0.,0.,1.));
#15661=DIRECTION('',(1.,0.,0.));
#15662=CARTESIAN_POINT('',(61.86,0.,4.5));
#15663=AXIS2_PLACEMENT_3D('',#15664,#15665,#15666);
#15664=CARTESIAN_POINT('',(60.96,0.,4.5));
#15665=DIRECTION('',(0.,0.,1.));
#15666=DIRECTION('',(1.,0.,0.));
#15667=CARTESIAN_POINT('',(64.4,0.,4.5));
#15668=AXIS2_PLACEMENT_3D('',#15669,#15670,#15671);
#15669=CARTESIAN_POINT('',(63.5,0.,4.5));
#15670=DIRECTION('',(0.,0.,1.));
#15671=DIRECTION('',(1.,0.,0.));
#15672=CARTESIAN_POINT('',(66.94,0.,4.5));
#15673=AXIS2_PLACEMENT_3D('',#15674,#15675,#15676);
#15674=CARTESIAN_POINT('',(66.04,0.,4.5));
#15675=DIRECTION('',(0.,0.,1.));
#15676=DIRECTION('',(1.,0.,0.));
#15677=CARTESIAN_POINT('',(0.9,0.,4.5));
#15678=AXIS2_PLACEMENT_3D('',#15679,#15680,#15681);
#15679=CARTESIAN_POINT('',(0.,0.,4.5));
#15680=DIRECTION('',(0.,0.,1.));
#15681=DIRECTION('',(1.,0.,0.));
#15682=CARTESIAN_POINT('',(66.94,0.,4.));
#15683=AXIS2_PLACEMENT_3D('',#15684,#15685,#15686);
#15684=CARTESIAN_POINT('',(66.04,0.,4.));
#15685=DIRECTION('',(0.,0.,1.));
#15686=DIRECTION('',(1.,0.,0.));
#15687=CARTESIAN_POINT('',(64.4,0.,4.));
#15688=AXIS2_PLACEMENT_3D('',#15689,#15690,#15691);
#15689=CARTESIAN_POINT('',(63.5,0.,4.));
#15690=DIRECTION('',(0.,0.,1.));
#15691=DIRECTION('',(1.,0.,0.));
#15692=CARTESIAN_POINT('',(61.86,0.,4.));
#15693=AXIS2_PLACEMENT_3D('',#15694,#15695,#15696);
#15694=CARTESIAN_POINT('',(60.96,0.,4.));
#15695=DIRECTION('',(0.,0.,1.));
#15696=DIRECTION('',(1.,0.,0.));
#15697=CARTESIAN_POINT('',(59.32,0.,4.));
#15698=AXIS2_PLACEMENT_3D('',#15699,#15700,#15701);
#15699=CARTESIAN_POINT('',(58.42,0.,4.));
#15700=DIRECTION('',(0.,0.,1.));
#15701=DIRECTION('',(1.,0.,0.));
#15702=CARTESIAN_POINT('',(56.78,0.,4.));
#15703=AXIS2_PLACEMENT_3D('',#15704,#15705,#15706);
#15704=CARTESIAN_POINT('',(55.88,0.,4.));
#15705=DIRECTION('',(0.,0.,1.));
#15706=DIRECTION('',(1.,0.,0.));
#15707=CARTESIAN_POINT('',(54.24,0.,4.));
#15708=AXIS2_PLACEMENT_3D('',#15709,#15710,#15711);
#15709=CARTESIAN_POINT('',(53.34,0.,4.));
#15710=DIRECTION('',(0.,0.,1.));
#15711=DIRECTION('',(1.,0.,0.));
#15712=CARTESIAN_POINT('',(51.7,0.,4.));
#15713=AXIS2_PLACEMENT_3D('',#15714,#15715,#15716);
#15714=CARTESIAN_POINT('',(50.8,0.,4.));
#15715=DIRECTION('',(0.,0.,1.));
#15716=DIRECTION('',(1.,0.,0.));
#15717=CARTESIAN_POINT('',(49.16,0.,4.));
#15718=AXIS2_PLACEMENT_3D('',#15719,#15720,#15721);
#15719=CARTESIAN_POINT('',(48.26,0.,4.));
#15720=DIRECTION('',(0.,0.,1.));
#15721=DIRECTION('',(1.,0.,0.));
#15722=CARTESIAN_POINT('',(46.62,0.,4.));
#15723=AXIS2_PLACEMENT_3D('',#15724,#15725,#15726);
#15724=CARTESIAN_POINT('',(45.72,0.,4.));
#15725=DIRECTION('',(0.,0.,1.));
#15726=DIRECTION('',(1.,0.,0.));
#15727=CARTESIAN_POINT('',(44.08,0.,4.));
#15728=AXIS2_PLACEMENT_3D('',#15729,#15730,#15731);
#15729=CARTESIAN_POINT('',(43.18,0.,4.));
#15730=DIRECTION('',(0.,0.,1.));
#15731=DIRECTION('',(1.,0.,0.));
#15732=CARTESIAN_POINT('',(41.54,0.,4.));
#15733=AXIS2_PLACEMENT_3D('',#15734,#15735,#15736);
#15734=CARTESIAN_POINT('',(40.64,0.,4.));
#15735=DIRECTION('',(0.,0.,1.));
#15736=DIRECTION('',(1.,0.,0.));
#15737=CARTESIAN_POINT('',(39.,0.,4.));
#15738=AXIS2_PLACEMENT_3D('',#15739,#15740,#15741);
#15739=CARTESIAN_POINT('',(38.1,0.,4.));
#15740=DIRECTION('',(0.,0.,1.));
#15741=DIRECTION('',(1.,0.,0.));
#15742=CARTESIAN_POINT('',(36.46,0.,4.));
#15743=AXIS2_PLACEMENT_3D('',#15744,#15745,#15746);
#15744=CARTESIAN_POINT('',(35.56,0.,4.));
#15745=DIRECTION('',(0.,0.,1.));
#15746=DIRECTION('',(1.,0.,0.));
#15747=CARTESIAN_POINT('',(33.92,0.,4.));
#15748=AXIS2_PLACEMENT_3D('',#15749,#15750,#15751);
#15749=CARTESIAN_POINT('',(33.02,0.,4.));
#15750=DIRECTION('',(0.,0.,1.));
#15751=DIRECTION('',(1.,0.,0.));
#15752=CARTESIAN_POINT('',(31.38,0.,4.));
#15753=AXIS2_PLACEMENT_3D('',#15754,#15755,#15756);
#15754=CARTESIAN_POINT('',(30.48,0.,4.));
#15755=DIRECTION('',(0.,0.,1.));
#15756=DIRECTION('',(1.,0.,0.));
#15757=CARTESIAN_POINT('',(28.84,0.,4.));
#15758=AXIS2_PLACEMENT_3D('',#15759,#15760,#15761);
#15759=CARTESIAN_POINT('',(27.94,0.,4.));
#15760=DIRECTION('',(0.,0.,1.));
#15761=DIRECTION('',(1.,0.,0.));
#15762=CARTESIAN_POINT('',(26.3,0.,4.));
#15763=AXIS2_PLACEMENT_3D('',#15764,#15765,#15766);
#15764=CARTESIAN_POINT('',(25.4,0.,4.));
#15765=DIRECTION('',(0.,0.,1.));
#15766=DIRECTION('',(1.,0.,0.));
#15767=CARTESIAN_POINT('',(23.76,0.,4.));
#15768=AXIS2_PLACEMENT_3D('',#15769,#15770,#15771);
#15769=CARTESIAN_POINT('',(22.86,0.,4.));
#15770=DIRECTION('',(0.,0.,1.));
#15771=DIRECTION('',(1.,0.,0.));
#15772=CARTESIAN_POINT('',(21.22,0.,4.));
#15773=AXIS2_PLACEMENT_3D('',#15774,#15775,#15776);
#15774=CARTESIAN_POINT('',(20.32,0.,4.));
#15775=DIRECTION('',(0.,0.,1.));
#15776=DIRECTION('',(1.,0.,0.));
#15777=CARTESIAN_POINT('',(18.68,0.,4.));
#15778=AXIS2_PLACEMENT_3D('',#15779,#15780,#15781);
#15779=CARTESIAN_POINT('',(17.78,0.,4.));
#15780=DIRECTION('',(0.,0.,1.));
#15781=DIRECTION('',(1.,0.,0.));
#15782=CARTESIAN_POINT('',(16.14,0.,4.));
#15783=AXIS2_PLACEMENT_3D('',#15784,#15785,#15786);
#15784=CARTESIAN_POINT('',(15.24,0.,4.));
#15785=DIRECTION('',(0.,0.,1.));
#15786=DIRECTION('',(1.,0.,0.));
#15787=CARTESIAN_POINT('',(13.6,0.,4.));
#15788=AXIS2_PLACEMENT_3D('',#15789,#15790,#15791);
#15789=CARTESIAN_POINT('',(12.7,0.,4.));
#15790=DIRECTION('',(0.,0.,1.));
#15791=DIRECTION('',(1.,0.,0.));
#15792=CARTESIAN_POINT('',(11.06,0.,4.));
#15793=AXIS2_PLACEMENT_3D('',#15794,#15795,#15796);
#15794=CARTESIAN_POINT('',(10.16,0.,4.));
#15795=DIRECTION('',(0.,0.,1.));
#15796=DIRECTION('',(1.,0.,0.));
#15797=CARTESIAN_POINT('',(8.52,0.,4.));
#15798=AXIS2_PLACEMENT_3D('',#15799,#15800,#15801);
#15799=CARTESIAN_POINT('',(7.62,0.,4.));
#15800=DIRECTION('',(0.,0.,1.));
#15801=DIRECTION('',(1.,0.,0.));
#15802=CARTESIAN_POINT('',(5.98,0.,4.));
#15803=AXIS2_PLACEMENT_3D('',#15804,#15805,#15806);
#15804=CARTESIAN_POINT('',(5.08,0.,4.));
#15805=DIRECTION('',(0.,0.,1.));
#15806=DIRECTION('',(1.,0.,0.));
#15807=CARTESIAN_POINT('',(3.44,0.,4.));
#15808=AXIS2_PLACEMENT_3D('',#15809,#15810,#15811);
#15809=CARTESIAN_POINT('',(2.54,0.,4.));
#15810=DIRECTION('',(0.,0.,1.));
#15811=DIRECTION('',(1.,0.,0.));
#15812=CARTESIAN_POINT('',(-1.27,0.75,1.5));
#15813=CARTESIAN_POINT('',(-1.27,-0.75,1.5));
#15814=CARTESIAN_POINT('',(-1.27,0.75,1.5));
#15815=VECTOR('',#15816,1.);
#15816=DIRECTION('',(0.,-1.,0.));
#15817=CARTESIAN_POINT('',(-1.12,0.75,1.5));
#15818=CARTESIAN_POINT('',(-1.12,0.75,1.5));
#15819=VECTOR('',#15820,1.);
#15820=DIRECTION('',(-1.,0.,0.));
#15821=CARTESIAN_POINT('',(-0.819777860021395,1.27,1.5));
#15822=CARTESIAN_POINT('',(-0.819777860021395,1.27,1.5));
#15823=VECTOR('',#15824,1.);
#15824=DIRECTION('',(-0.5,-0.866025403784439,0.));
#15825=CARTESIAN_POINT('',(0.819777860021394,1.27,1.5));
#15826=CARTESIAN_POINT('',(0.819777860021394,1.27,1.5));
#15827=VECTOR('',#15828,1.);
#15828=DIRECTION('',(-1.,0.,0.));
#15829=CARTESIAN_POINT('',(1.12,0.75,1.5));
#15830=CARTESIAN_POINT('',(1.12,0.75,1.5));
#15831=VECTOR('',#15832,1.);
#15832=DIRECTION('',(-0.5,0.866025403784438,0.));
#15833=CARTESIAN_POINT('',(1.42,0.75,1.5));
#15834=CARTESIAN_POINT('',(1.42,0.75,1.5));
#15835=VECTOR('',#15836,1.);
#15836=DIRECTION('',(-1.,0.,0.));
#15837=CARTESIAN_POINT('',(1.72022213997861,1.27,1.5));
#15838=CARTESIAN_POINT('',(1.72022213997861,1.27,1.5));
#15839=VECTOR('',#15840,1.);
#15840=DIRECTION('',(-0.5,-0.866025403784439,0.));
#15841=CARTESIAN_POINT('',(3.35977786002139,1.27,1.5));
#15842=CARTESIAN_POINT('',(3.35977786002139,1.27,1.5));
#15843=VECTOR('',#15844,1.);
#15844=DIRECTION('',(-1.,0.,0.));
#15845=CARTESIAN_POINT('',(3.66,0.75,1.5));
#15846=CARTESIAN_POINT('',(3.66,0.75,1.5));
#15847=VECTOR('',#15848,1.);
#15848=DIRECTION('',(-0.5,0.866025403784439,0.));
#15849=CARTESIAN_POINT('',(3.96,0.75,1.5));
#15850=CARTESIAN_POINT('',(3.96,0.75,1.5));
#15851=VECTOR('',#15852,1.);
#15852=DIRECTION('',(-1.,0.,0.));
#15853=CARTESIAN_POINT('',(4.26022213997861,1.27,1.5));
#15854=CARTESIAN_POINT('',(4.26022213997861,1.27,1.5));
#15855=VECTOR('',#15856,1.);
#15856=DIRECTION('',(-0.5,-0.866025403784439,0.));
#15857=CARTESIAN_POINT('',(5.89977786002139,1.27,1.5));
#15858=CARTESIAN_POINT('',(5.89977786002139,1.27,1.5));
#15859=VECTOR('',#15860,1.);
#15860=DIRECTION('',(-1.,0.,0.));
#15861=CARTESIAN_POINT('',(6.2,0.75,1.5));
#15862=CARTESIAN_POINT('',(6.2,0.75,1.5));
#15863=VECTOR('',#15864,1.);
#15864=DIRECTION('',(-0.5,0.866025403784439,0.));
#15865=CARTESIAN_POINT('',(6.5,0.75,1.5));
#15866=CARTESIAN_POINT('',(6.5,0.75,1.5));
#15867=VECTOR('',#15868,1.);
#15868=DIRECTION('',(-1.,0.,0.));
#15869=CARTESIAN_POINT('',(6.80022213997861,1.27,1.5));
#15870=CARTESIAN_POINT('',(6.80022213997861,1.27,1.5));
#15871=VECTOR('',#15872,1.);
#15872=DIRECTION('',(-0.5,-0.866025403784439,0.));
#15873=CARTESIAN_POINT('',(8.43977786002139,1.27,1.5));
#15874=CARTESIAN_POINT('',(8.43977786002139,1.27,1.5));
#15875=VECTOR('',#15876,1.);
#15876=DIRECTION('',(-1.,0.,0.));
#15877=CARTESIAN_POINT('',(8.74,0.75,1.5));
#15878=CARTESIAN_POINT('',(8.74,0.75,1.5));
#15879=VECTOR('',#15880,1.);
#15880=DIRECTION('',(-0.500000000000001,0.866025403784438,0.));
#15881=CARTESIAN_POINT('',(9.04,0.75,1.5));
#15882=CARTESIAN_POINT('',(9.04,0.75,1.5));
#15883=VECTOR('',#15884,1.);
#15884=DIRECTION('',(-1.,0.,0.));
#15885=CARTESIAN_POINT('',(9.34022213997861,1.27,1.5));
#15886=CARTESIAN_POINT('',(9.34022213997861,1.27,1.5));
#15887=VECTOR('',#15888,1.);
#15888=DIRECTION('',(-0.499999999999999,-0.866025403784439,0.));
#15889=CARTESIAN_POINT('',(10.9797778600214,1.27,1.5));
#15890=CARTESIAN_POINT('',(10.9797778600214,1.27,1.5));
#15891=VECTOR('',#15892,1.);
#15892=DIRECTION('',(-1.,0.,0.));
#15893=CARTESIAN_POINT('',(11.28,0.75,1.5));
#15894=CARTESIAN_POINT('',(11.28,0.75,1.5));
#15895=VECTOR('',#15896,1.);
#15896=DIRECTION('',(-0.500000000000001,0.866025403784438,0.));
#15897=CARTESIAN_POINT('',(11.58,0.75,1.5));
#15898=CARTESIAN_POINT('',(11.58,0.75,1.5));
#15899=VECTOR('',#15900,1.);
#15900=DIRECTION('',(-1.,0.,0.));
#15901=CARTESIAN_POINT('',(11.8802221399786,1.27,1.5));
#15902=CARTESIAN_POINT('',(11.8802221399786,1.27,1.5));
#15903=VECTOR('',#15904,1.);
#15904=DIRECTION('',(-0.499999999999999,-0.866025403784439,0.));
#15905=CARTESIAN_POINT('',(13.5197778600214,1.27,1.5));
#15906=CARTESIAN_POINT('',(13.5197778600214,1.27,1.5));
#15907=VECTOR('',#15908,1.);
#15908=DIRECTION('',(-1.,0.,0.));
#15909=CARTESIAN_POINT('',(13.82,0.75,1.5));
#15910=CARTESIAN_POINT('',(13.82,0.75,1.5));
#15911=VECTOR('',#15912,1.);
#15912=DIRECTION('',(-0.500000000000001,0.866025403784438,0.));
#15913=CARTESIAN_POINT('',(14.12,0.75,1.5));
#15914=CARTESIAN_POINT('',(14.12,0.75,1.5));
#15915=VECTOR('',#15916,1.);
#15916=DIRECTION('',(-1.,0.,0.));
#15917=CARTESIAN_POINT('',(14.4202221399786,1.27,1.5));
#15918=CARTESIAN_POINT('',(14.4202221399786,1.27,1.5));
#15919=VECTOR('',#15920,1.);
#15920=DIRECTION('',(-0.499999999999999,-0.866025403784439,0.));
#15921=CARTESIAN_POINT('',(16.0597778600214,1.27,1.5));
#15922=CARTESIAN_POINT('',(16.0597778600214,1.27,1.5));
#15923=VECTOR('',#15924,1.);
#15924=DIRECTION('',(-1.,0.,0.));
#15925=CARTESIAN_POINT('',(16.36,0.75,1.5));
#15926=CARTESIAN_POINT('',(16.36,0.75,1.5));
#15927=VECTOR('',#15928,1.);
#15928=DIRECTION('',(-0.499999999999999,0.866025403784439,0.));
#15929=CARTESIAN_POINT('',(16.66,0.75,1.5));
#15930=CARTESIAN_POINT('',(16.66,0.75,1.5));
#15931=VECTOR('',#15932,1.);
#15932=DIRECTION('',(-1.,0.,0.));
#15933=CARTESIAN_POINT('',(16.9602221399786,1.27,1.5));
#15934=CARTESIAN_POINT('',(16.9602221399786,1.27,1.5));
#15935=VECTOR('',#15936,1.);
#15936=DIRECTION('',(-0.499999999999999,-0.866025403784439,0.));
#15937=CARTESIAN_POINT('',(18.5997778600214,1.27,1.5));
#15938=CARTESIAN_POINT('',(18.5997778600214,1.27,1.5));
#15939=VECTOR('',#15940,1.);
#15940=DIRECTION('',(-1.,0.,0.));
#15941=CARTESIAN_POINT('',(18.9,0.75,1.5));
#15942=CARTESIAN_POINT('',(18.9,0.75,1.5));
#15943=VECTOR('',#15944,1.);
#15944=DIRECTION('',(-0.499999999999999,0.866025403784439,0.));
#15945=CARTESIAN_POINT('',(19.2,0.75,1.5));
#15946=CARTESIAN_POINT('',(19.2,0.75,1.5));
#15947=VECTOR('',#15948,1.);
#15948=DIRECTION('',(-1.,0.,0.));
#15949=CARTESIAN_POINT('',(19.5002221399786,1.27,1.5));
#15950=CARTESIAN_POINT('',(19.5002221399786,1.27,1.5));
#15951=VECTOR('',#15952,1.);
#15952=DIRECTION('',(-0.499999999999999,-0.866025403784439,0.));
#15953=CARTESIAN_POINT('',(21.1397778600214,1.27,1.5));
#15954=CARTESIAN_POINT('',(21.1397778600214,1.27,1.5));
#15955=VECTOR('',#15956,1.);
#15956=DIRECTION('',(-1.,0.,0.));
#15957=CARTESIAN_POINT('',(21.44,0.75,1.5));
#15958=CARTESIAN_POINT('',(21.44,0.75,1.5));
#15959=VECTOR('',#15960,1.);
#15960=DIRECTION('',(-0.499999999999999,0.866025403784439,0.));
#15961=CARTESIAN_POINT('',(21.74,0.75,1.5));
#15962=CARTESIAN_POINT('',(21.74,0.75,1.5));
#15963=VECTOR('',#15964,1.);
#15964=DIRECTION('',(-1.,0.,0.));
#15965=CARTESIAN_POINT('',(22.0402221399786,1.27,1.5));
#15966=CARTESIAN_POINT('',(22.0402221399786,1.27,1.5));
#15967=VECTOR('',#15968,1.);
#15968=DIRECTION('',(-0.499999999999999,-0.866025403784439,0.));
#15969=CARTESIAN_POINT('',(23.6797778600214,1.27,1.5));
#15970=CARTESIAN_POINT('',(23.6797778600214,1.27,1.5));
#15971=VECTOR('',#15972,1.);
#15972=DIRECTION('',(-1.,0.,0.));
#15973=CARTESIAN_POINT('',(23.98,0.75,1.5));
#15974=CARTESIAN_POINT('',(23.98,0.75,1.5));
#15975=VECTOR('',#15976,1.);
#15976=DIRECTION('',(-0.499999999999999,0.866025403784439,0.));
#15977=CARTESIAN_POINT('',(24.28,0.75,1.5));
#15978=CARTESIAN_POINT('',(24.28,0.75,1.5));
#15979=VECTOR('',#15980,1.);
#15980=DIRECTION('',(-1.,0.,0.));
#15981=CARTESIAN_POINT('',(24.5802221399786,1.27,1.5));
#15982=CARTESIAN_POINT('',(24.5802221399786,1.27,1.5));
#15983=VECTOR('',#15984,1.);
#15984=DIRECTION('',(-0.499999999999999,-0.866025403784439,0.));
#15985=CARTESIAN_POINT('',(26.2197778600214,1.27,1.5));
#15986=CARTESIAN_POINT('',(26.2197778600214,1.27,1.5));
#15987=VECTOR('',#15988,1.);
#15988=DIRECTION('',(-1.,0.,0.));
#15989=CARTESIAN_POINT('',(26.52,0.75,1.5));
#15990=CARTESIAN_POINT('',(26.52,0.75,1.5));
#15991=VECTOR('',#15992,1.);
#15992=DIRECTION('',(-0.499999999999999,0.866025403784439,0.));
#15993=CARTESIAN_POINT('',(26.82,0.75,1.5));
#15994=CARTESIAN_POINT('',(26.82,0.75,1.5));
#15995=VECTOR('',#15996,1.);
#15996=DIRECTION('',(-1.,0.,0.));
#15997=CARTESIAN_POINT('',(27.1202221399786,1.27,1.5));
#15998=CARTESIAN_POINT('',(27.1202221399786,1.27,1.5));
#15999=VECTOR('',#16000,1.);
#16000=DIRECTION('',(-0.499999999999999,-0.866025403784439,0.));
#16001=CARTESIAN_POINT('',(28.7597778600214,1.27,1.5));
#16002=CARTESIAN_POINT('',(28.7597778600214,1.27,1.5));
#16003=VECTOR('',#16004,1.);
#16004=DIRECTION('',(-1.,0.,0.));
#16005=CARTESIAN_POINT('',(29.06,0.75,1.5));
#16006=CARTESIAN_POINT('',(29.06,0.75,1.5));
#16007=VECTOR('',#16008,1.);
#16008=DIRECTION('',(-0.499999999999999,0.866025403784439,0.));
#16009=CARTESIAN_POINT('',(29.36,0.75,1.5));
#16010=CARTESIAN_POINT('',(29.36,0.75,1.5));
#16011=VECTOR('',#16012,1.);
#16012=DIRECTION('',(-1.,0.,0.));
#16013=CARTESIAN_POINT('',(29.6602221399786,1.27,1.5));
#16014=CARTESIAN_POINT('',(29.6602221399786,1.27,1.5));
#16015=VECTOR('',#16016,1.);
#16016=DIRECTION('',(-0.499999999999999,-0.866025403784439,0.));
#16017=CARTESIAN_POINT('',(31.2997778600214,1.27,1.5));
#16018=CARTESIAN_POINT('',(31.2997778600214,1.27,1.5));
#16019=VECTOR('',#16020,1.);
#16020=DIRECTION('',(-1.,0.,0.));
#16021=CARTESIAN_POINT('',(31.6,0.75,1.5));
#16022=CARTESIAN_POINT('',(31.6,0.75,1.5));
#16023=VECTOR('',#16024,1.);
#16024=DIRECTION('',(-0.499999999999999,0.866025403784439,0.));
#16025=CARTESIAN_POINT('',(31.9,0.75,1.5));
#16026=CARTESIAN_POINT('',(31.9,0.75,1.5));
#16027=VECTOR('',#16028,1.);
#16028=DIRECTION('',(-1.,0.,0.));
#16029=CARTESIAN_POINT('',(32.2002221399786,1.27,1.5));
#16030=CARTESIAN_POINT('',(32.2002221399786,1.27,1.5));
#16031=VECTOR('',#16032,1.);
#16032=DIRECTION('',(-0.499999999999999,-0.866025403784439,0.));
#16033=CARTESIAN_POINT('',(33.8397778600214,1.27,1.5));
#16034=CARTESIAN_POINT('',(33.8397778600214,1.27,1.5));
#16035=VECTOR('',#16036,1.);
#16036=DIRECTION('',(-1.,0.,0.));
#16037=CARTESIAN_POINT('',(34.14,0.75,1.5));
#16038=CARTESIAN_POINT('',(34.14,0.75,1.5));
#16039=VECTOR('',#16040,1.);
#16040=DIRECTION('',(-0.500000000000003,0.866025403784437,0.));
#16041=CARTESIAN_POINT('',(34.44,0.75,1.5));
#16042=CARTESIAN_POINT('',(34.44,0.75,1.5));
#16043=VECTOR('',#16044,1.);
#16044=DIRECTION('',(-1.,0.,0.));
#16045=CARTESIAN_POINT('',(34.7402221399786,1.27,1.5));
#16046=CARTESIAN_POINT('',(34.7402221399786,1.27,1.5));
#16047=VECTOR('',#16048,1.);
#16048=DIRECTION('',(-0.500000000000003,-0.866025403784437,0.));
#16049=CARTESIAN_POINT('',(36.3797778600214,1.27,1.5));
#16050=CARTESIAN_POINT('',(36.3797778600214,1.27,1.5));
#16051=VECTOR('',#16052,1.);
#16052=DIRECTION('',(-1.,0.,0.));
#16053=CARTESIAN_POINT('',(36.68,0.75,1.5));
#16054=CARTESIAN_POINT('',(36.68,0.75,1.5));
#16055=VECTOR('',#16056,1.);
#16056=DIRECTION('',(-0.500000000000003,0.866025403784437,0.));
#16057=CARTESIAN_POINT('',(36.98,0.75,1.5));
#16058=CARTESIAN_POINT('',(36.98,0.75,1.5));
#16059=VECTOR('',#16060,1.);
#16060=DIRECTION('',(-1.,0.,0.));
#16061=CARTESIAN_POINT('',(37.2802221399786,1.27,1.5));
#16062=CARTESIAN_POINT('',(37.2802221399786,1.27,1.5));
#16063=VECTOR('',#16064,1.);
#16064=DIRECTION('',(-0.500000000000003,-0.866025403784437,0.));
#16065=CARTESIAN_POINT('',(38.9197778600214,1.27,1.5));
#16066=CARTESIAN_POINT('',(38.9197778600214,1.27,1.5));
#16067=VECTOR('',#16068,1.);
#16068=DIRECTION('',(-1.,0.,0.));
#16069=CARTESIAN_POINT('',(39.22,0.75,1.5));
#16070=CARTESIAN_POINT('',(39.22,0.75,1.5));
#16071=VECTOR('',#16072,1.);
#16072=DIRECTION('',(-0.500000000000003,0.866025403784437,0.));
#16073=CARTESIAN_POINT('',(39.52,0.75,1.5));
#16074=CARTESIAN_POINT('',(39.52,0.75,1.5));
#16075=VECTOR('',#16076,1.);
#16076=DIRECTION('',(-1.,0.,0.));
#16077=CARTESIAN_POINT('',(39.8202221399786,1.27,1.5));
#16078=CARTESIAN_POINT('',(39.8202221399786,1.27,1.5));
#16079=VECTOR('',#16080,1.);
#16080=DIRECTION('',(-0.500000000000003,-0.866025403784437,0.));
#16081=CARTESIAN_POINT('',(41.4597778600214,1.27,1.5));
#16082=CARTESIAN_POINT('',(41.4597778600214,1.27,1.5));
#16083=VECTOR('',#16084,1.);
#16084=DIRECTION('',(-1.,0.,0.));
#16085=CARTESIAN_POINT('',(41.76,0.75,1.5));
#16086=CARTESIAN_POINT('',(41.76,0.75,1.5));
#16087=VECTOR('',#16088,1.);
#16088=DIRECTION('',(-0.500000000000003,0.866025403784437,0.));
#16089=CARTESIAN_POINT('',(42.06,0.75,1.5));
#16090=CARTESIAN_POINT('',(42.06,0.75,1.5));
#16091=VECTOR('',#16092,1.);
#16092=DIRECTION('',(-1.,0.,0.));
#16093=CARTESIAN_POINT('',(42.3602221399786,1.27,1.5));
#16094=CARTESIAN_POINT('',(42.3602221399786,1.27,1.5));
#16095=VECTOR('',#16096,1.);
#16096=DIRECTION('',(-0.500000000000003,-0.866025403784437,0.));
#16097=CARTESIAN_POINT('',(43.9997778600214,1.27,1.5));
#16098=CARTESIAN_POINT('',(43.9997778600214,1.27,1.5));
#16099=VECTOR('',#16100,1.);
#16100=DIRECTION('',(-1.,0.,0.));
#16101=CARTESIAN_POINT('',(44.3,0.75,1.5));
#16102=CARTESIAN_POINT('',(44.3,0.75,1.5));
#16103=VECTOR('',#16104,1.);
#16104=DIRECTION('',(-0.500000000000003,0.866025403784437,0.));
#16105=CARTESIAN_POINT('',(44.6,0.75,1.5));
#16106=CARTESIAN_POINT('',(44.6,0.75,1.5));
#16107=VECTOR('',#16108,1.);
#16108=DIRECTION('',(-1.,0.,0.));
#16109=CARTESIAN_POINT('',(44.9002221399786,1.27,1.5));
#16110=CARTESIAN_POINT('',(44.9002221399786,1.27,1.5));
#16111=VECTOR('',#16112,1.);
#16112=DIRECTION('',(-0.500000000000003,-0.866025403784437,0.));
#16113=CARTESIAN_POINT('',(46.5397778600214,1.27,1.5));
#16114=CARTESIAN_POINT('',(46.5397778600214,1.27,1.5));
#16115=VECTOR('',#16116,1.);
#16116=DIRECTION('',(-1.,0.,0.));
#16117=CARTESIAN_POINT('',(46.84,0.75,1.5));
#16118=CARTESIAN_POINT('',(46.84,0.75,1.5));
#16119=VECTOR('',#16120,1.);
#16120=DIRECTION('',(-0.500000000000003,0.866025403784437,0.));
#16121=CARTESIAN_POINT('',(47.14,0.75,1.5));
#16122=CARTESIAN_POINT('',(47.14,0.75,1.5));
#16123=VECTOR('',#16124,1.);
#16124=DIRECTION('',(-1.,0.,0.));
#16125=CARTESIAN_POINT('',(47.4402221399786,1.27,1.5));
#16126=CARTESIAN_POINT('',(47.4402221399786,1.27,1.5));
#16127=VECTOR('',#16128,1.);
#16128=DIRECTION('',(-0.500000000000003,-0.866025403784437,0.));
#16129=CARTESIAN_POINT('',(49.0797778600214,1.27,1.5));
#16130=CARTESIAN_POINT('',(49.0797778600214,1.27,1.5));
#16131=VECTOR('',#16132,1.);
#16132=DIRECTION('',(-1.,0.,0.));
#16133=CARTESIAN_POINT('',(49.38,0.75,1.5));
#16134=CARTESIAN_POINT('',(49.38,0.75,1.5));
#16135=VECTOR('',#16136,1.);
#16136=DIRECTION('',(-0.500000000000003,0.866025403784437,0.));
#16137=CARTESIAN_POINT('',(49.68,0.75,1.5));
#16138=CARTESIAN_POINT('',(49.68,0.75,1.5));
#16139=VECTOR('',#16140,1.);
#16140=DIRECTION('',(-1.,0.,0.));
#16141=CARTESIAN_POINT('',(49.9802221399786,1.27,1.5));
#16142=CARTESIAN_POINT('',(49.9802221399786,1.27,1.5));
#16143=VECTOR('',#16144,1.);
#16144=DIRECTION('',(-0.500000000000003,-0.866025403784437,0.));
#16145=CARTESIAN_POINT('',(51.6197778600214,1.27,1.5));
#16146=CARTESIAN_POINT('',(51.6197778600214,1.27,1.5));
#16147=VECTOR('',#16148,1.);
#16148=DIRECTION('',(-1.,0.,0.));
#16149=CARTESIAN_POINT('',(51.92,0.75,1.5));
#16150=CARTESIAN_POINT('',(51.92,0.75,1.5));
#16151=VECTOR('',#16152,1.);
#16152=DIRECTION('',(-0.500000000000003,0.866025403784437,0.));
#16153=CARTESIAN_POINT('',(52.22,0.75,1.5));
#16154=CARTESIAN_POINT('',(52.22,0.75,1.5));
#16155=VECTOR('',#16156,1.);
#16156=DIRECTION('',(-1.,0.,0.));
#16157=CARTESIAN_POINT('',(52.5202221399786,1.27,1.5));
#16158=CARTESIAN_POINT('',(52.5202221399786,1.27,1.5));
#16159=VECTOR('',#16160,1.);
#16160=DIRECTION('',(-0.500000000000003,-0.866025403784437,0.));
#16161=CARTESIAN_POINT('',(54.1597778600214,1.27,1.5));
#16162=CARTESIAN_POINT('',(54.1597778600214,1.27,1.5));
#16163=VECTOR('',#16164,1.);
#16164=DIRECTION('',(-1.,0.,0.));
#16165=CARTESIAN_POINT('',(54.46,0.75,1.5));
#16166=CARTESIAN_POINT('',(54.46,0.75,1.5));
#16167=VECTOR('',#16168,1.);
#16168=DIRECTION('',(-0.500000000000003,0.866025403784437,0.));
#16169=CARTESIAN_POINT('',(54.76,0.75,1.5));
#16170=CARTESIAN_POINT('',(54.76,0.75,1.5));
#16171=VECTOR('',#16172,1.);
#16172=DIRECTION('',(-1.,0.,0.));
#16173=CARTESIAN_POINT('',(55.0602221399786,1.27,1.5));
#16174=CARTESIAN_POINT('',(55.0602221399786,1.27,1.5));
#16175=VECTOR('',#16176,1.);
#16176=DIRECTION('',(-0.500000000000003,-0.866025403784437,0.));
#16177=CARTESIAN_POINT('',(56.6997778600214,1.27,1.5));
#16178=CARTESIAN_POINT('',(56.6997778600214,1.27,1.5));
#16179=VECTOR('',#16180,1.);
#16180=DIRECTION('',(-1.,0.,0.));
#16181=CARTESIAN_POINT('',(57.,0.75,1.5));
#16182=CARTESIAN_POINT('',(57.,0.75,1.5));
#16183=VECTOR('',#16184,1.);
#16184=DIRECTION('',(-0.500000000000003,0.866025403784437,0.));
#16185=CARTESIAN_POINT('',(57.3,0.75,1.5));
#16186=CARTESIAN_POINT('',(57.3,0.75,1.5));
#16187=VECTOR('',#16188,1.);
#16188=DIRECTION('',(-1.,0.,0.));
#16189=CARTESIAN_POINT('',(57.6002221399786,1.27,1.5));
#16190=CARTESIAN_POINT('',(57.6002221399786,1.27,1.5));
#16191=VECTOR('',#16192,1.);
#16192=DIRECTION('',(-0.500000000000003,-0.866025403784437,0.));
#16193=CARTESIAN_POINT('',(59.2397778600214,1.27,1.5));
#16194=CARTESIAN_POINT('',(59.2397778600214,1.27,1.5));
#16195=VECTOR('',#16196,1.);
#16196=DIRECTION('',(-1.,0.,0.));
#16197=CARTESIAN_POINT('',(59.54,0.75,1.5));
#16198=CARTESIAN_POINT('',(59.54,0.75,1.5));
#16199=VECTOR('',#16200,1.);
#16200=DIRECTION('',(-0.500000000000003,0.866025403784437,0.));
#16201=CARTESIAN_POINT('',(59.84,0.75,1.5));
#16202=CARTESIAN_POINT('',(59.84,0.75,1.5));
#16203=VECTOR('',#16204,1.);
#16204=DIRECTION('',(-1.,0.,0.));
#16205=CARTESIAN_POINT('',(60.1402221399786,1.27,1.5));
#16206=CARTESIAN_POINT('',(60.1402221399786,1.27,1.5));
#16207=VECTOR('',#16208,1.);
#16208=DIRECTION('',(-0.500000000000003,-0.866025403784437,0.));
#16209=CARTESIAN_POINT('',(61.7797778600214,1.27,1.5));
#16210=CARTESIAN_POINT('',(61.7797778600214,1.27,1.5));
#16211=VECTOR('',#16212,1.);
#16212=DIRECTION('',(-1.,0.,0.));
#16213=CARTESIAN_POINT('',(62.08,0.75,1.5));
#16214=CARTESIAN_POINT('',(62.08,0.75,1.5));
#16215=VECTOR('',#16216,1.);
#16216=DIRECTION('',(-0.500000000000003,0.866025403784437,0.));
#16217=CARTESIAN_POINT('',(62.38,0.75,1.5));
#16218=CARTESIAN_POINT('',(62.38,0.75,1.5));
#16219=VECTOR('',#16220,1.);
#16220=DIRECTION('',(-1.,0.,0.));
#16221=CARTESIAN_POINT('',(62.6802221399786,1.27,1.5));
#16222=CARTESIAN_POINT('',(62.6802221399786,1.27,1.5));
#16223=VECTOR('',#16224,1.);
#16224=DIRECTION('',(-0.500000000000003,-0.866025403784437,0.));
#16225=CARTESIAN_POINT('',(64.3197778600214,1.27,1.5));
#16226=CARTESIAN_POINT('',(64.3197778600214,1.27,1.5));
#16227=VECTOR('',#16228,1.);
#16228=DIRECTION('',(-1.,0.,0.));
#16229=CARTESIAN_POINT('',(64.62,0.75,1.5));
#16230=CARTESIAN_POINT('',(64.62,0.75,1.5));
#16231=VECTOR('',#16232,1.);
#16232=DIRECTION('',(-0.499999999999994,0.866025403784442,0.));
#16233=CARTESIAN_POINT('',(64.92,0.75,1.5));
#16234=CARTESIAN_POINT('',(64.92,0.75,1.5));
#16235=VECTOR('',#16236,1.);
#16236=DIRECTION('',(-1.,0.,0.));
#16237=CARTESIAN_POINT('',(65.2202221399786,1.27,1.5));
#16238=CARTESIAN_POINT('',(65.2202221399786,1.27,1.5));
#16239=VECTOR('',#16240,1.);
#16240=DIRECTION('',(-0.499999999999994,-0.866025403784442,0.));
#16241=CARTESIAN_POINT('',(66.8597778600214,1.27,1.5));
#16242=CARTESIAN_POINT('',(66.8597778600214,1.27,1.5));
#16243=VECTOR('',#16244,1.);
#16244=DIRECTION('',(-1.,0.,0.));
#16245=CARTESIAN_POINT('',(67.16,0.75,1.5));
#16246=CARTESIAN_POINT('',(67.16,0.75,1.5));
#16247=VECTOR('',#16248,1.);
#16248=DIRECTION('',(-0.499999999999994,0.866025403784442,0.));
#16249=CARTESIAN_POINT('',(67.31,0.75,1.5));
#16250=CARTESIAN_POINT('',(67.31,0.75,1.5));
#16251=VECTOR('',#16252,1.);
#16252=DIRECTION('',(-1.,0.,0.));
#16253=CARTESIAN_POINT('',(67.31,-0.75,1.5));
#16254=CARTESIAN_POINT('',(67.31,-0.75,1.5));
#16255=VECTOR('',#16256,1.);
#16256=DIRECTION('',(0.,1.,0.));
#16257=CARTESIAN_POINT('',(67.16,-0.75,1.5));
#16258=CARTESIAN_POINT('',(67.16,-0.75,1.5));
#16259=VECTOR('',#16260,1.);
#16260=DIRECTION('',(1.,0.,0.));
#16261=CARTESIAN_POINT('',(66.8597778600214,-1.27,1.5));
#16262=CARTESIAN_POINT('',(66.8597778600214,-1.27,1.5));
#16263=VECTOR('',#16264,1.);
#16264=DIRECTION('',(0.499999999999994,0.866025403784442,0.));
#16265=CARTESIAN_POINT('',(65.2202221399786,-1.27,1.5));
#16266=CARTESIAN_POINT('',(65.2202221399786,-1.27,1.5));
#16267=VECTOR('',#16268,1.);
#16268=DIRECTION('',(1.,0.,0.));
#16269=CARTESIAN_POINT('',(64.92,-0.75,1.5));
#16270=CARTESIAN_POINT('',(64.92,-0.75,1.5));
#16271=VECTOR('',#16272,1.);
#16272=DIRECTION('',(0.499999999999994,-0.866025403784442,0.));
#16273=CARTESIAN_POINT('',(64.62,-0.75,1.5));
#16274=CARTESIAN_POINT('',(64.62,-0.75,1.5));
#16275=VECTOR('',#16276,1.);
#16276=DIRECTION('',(1.,0.,0.));
#16277=CARTESIAN_POINT('',(64.3197778600214,-1.27,1.5));
#16278=CARTESIAN_POINT('',(64.3197778600214,-1.27,1.5));
#16279=VECTOR('',#16280,1.);
#16280=DIRECTION('',(0.499999999999994,0.866025403784442,0.));
#16281=CARTESIAN_POINT('',(62.6802221399786,-1.27,1.5));
#16282=CARTESIAN_POINT('',(62.6802221399786,-1.27,1.5));
#16283=VECTOR('',#16284,1.);
#16284=DIRECTION('',(1.,0.,0.));
#16285=CARTESIAN_POINT('',(62.38,-0.75,1.5));
#16286=CARTESIAN_POINT('',(62.38,-0.75,1.5));
#16287=VECTOR('',#16288,1.);
#16288=DIRECTION('',(0.500000000000003,-0.866025403784437,0.));
#16289=CARTESIAN_POINT('',(62.08,-0.75,1.5));
#16290=CARTESIAN_POINT('',(62.08,-0.75,1.5));
#16291=VECTOR('',#16292,1.);
#16292=DIRECTION('',(1.,0.,0.));
#16293=CARTESIAN_POINT('',(61.7797778600214,-1.27,1.5));
#16294=CARTESIAN_POINT('',(61.7797778600214,-1.27,1.5));
#16295=VECTOR('',#16296,1.);
#16296=DIRECTION('',(0.500000000000003,0.866025403784437,0.));
#16297=CARTESIAN_POINT('',(60.1402221399786,-1.27,1.5));
#16298=CARTESIAN_POINT('',(60.1402221399786,-1.27,1.5));
#16299=VECTOR('',#16300,1.);
#16300=DIRECTION('',(1.,0.,0.));
#16301=CARTESIAN_POINT('',(59.84,-0.75,1.5));
#16302=CARTESIAN_POINT('',(59.84,-0.75,1.5));
#16303=VECTOR('',#16304,1.);
#16304=DIRECTION('',(0.500000000000003,-0.866025403784437,0.));
#16305=CARTESIAN_POINT('',(59.54,-0.75,1.5));
#16306=CARTESIAN_POINT('',(59.54,-0.75,1.5));
#16307=VECTOR('',#16308,1.);
#16308=DIRECTION('',(1.,0.,0.));
#16309=CARTESIAN_POINT('',(59.2397778600214,-1.27,1.5));
#16310=CARTESIAN_POINT('',(59.2397778600214,-1.27,1.5));
#16311=VECTOR('',#16312,1.);
#16312=DIRECTION('',(0.500000000000003,0.866025403784437,0.));
#16313=CARTESIAN_POINT('',(57.6002221399786,-1.27,1.5));
#16314=CARTESIAN_POINT('',(57.6002221399786,-1.27,1.5));
#16315=VECTOR('',#16316,1.);
#16316=DIRECTION('',(1.,0.,0.));
#16317=CARTESIAN_POINT('',(57.3,-0.75,1.5));
#16318=CARTESIAN_POINT('',(57.3,-0.75,1.5));
#16319=VECTOR('',#16320,1.);
#16320=DIRECTION('',(0.500000000000003,-0.866025403784437,0.));
#16321=CARTESIAN_POINT('',(57.,-0.75,1.5));
#16322=CARTESIAN_POINT('',(57.,-0.75,1.5));
#16323=VECTOR('',#16324,1.);
#16324=DIRECTION('',(1.,0.,0.));
#16325=CARTESIAN_POINT('',(56.6997778600214,-1.27,1.5));
#16326=CARTESIAN_POINT('',(56.6997778600214,-1.27,1.5));
#16327=VECTOR('',#16328,1.);
#16328=DIRECTION('',(0.500000000000003,0.866025403784437,0.));
#16329=CARTESIAN_POINT('',(55.0602221399786,-1.27,1.5));
#16330=CARTESIAN_POINT('',(55.0602221399786,-1.27,1.5));
#16331=VECTOR('',#16332,1.);
#16332=DIRECTION('',(1.,0.,0.));
#16333=CARTESIAN_POINT('',(54.76,-0.75,1.5));
#16334=CARTESIAN_POINT('',(54.76,-0.75,1.5));
#16335=VECTOR('',#16336,1.);
#16336=DIRECTION('',(0.500000000000003,-0.866025403784437,0.));
#16337=CARTESIAN_POINT('',(54.46,-0.75,1.5));
#16338=CARTESIAN_POINT('',(54.46,-0.75,1.5));
#16339=VECTOR('',#16340,1.);
#16340=DIRECTION('',(1.,0.,0.));
#16341=CARTESIAN_POINT('',(54.1597778600214,-1.27,1.5));
#16342=CARTESIAN_POINT('',(54.1597778600214,-1.27,1.5));
#16343=VECTOR('',#16344,1.);
#16344=DIRECTION('',(0.500000000000003,0.866025403784437,0.));
#16345=CARTESIAN_POINT('',(52.5202221399786,-1.27,1.5));
#16346=CARTESIAN_POINT('',(52.5202221399786,-1.27,1.5));
#16347=VECTOR('',#16348,1.);
#16348=DIRECTION('',(1.,0.,0.));
#16349=CARTESIAN_POINT('',(52.22,-0.75,1.5));
#16350=CARTESIAN_POINT('',(52.22,-0.75,1.5));
#16351=VECTOR('',#16352,1.);
#16352=DIRECTION('',(0.500000000000003,-0.866025403784437,0.));
#16353=CARTESIAN_POINT('',(51.92,-0.75,1.5));
#16354=CARTESIAN_POINT('',(51.92,-0.75,1.5));
#16355=VECTOR('',#16356,1.);
#16356=DIRECTION('',(1.,0.,0.));
#16357=CARTESIAN_POINT('',(51.6197778600214,-1.27,1.5));
#16358=CARTESIAN_POINT('',(51.6197778600214,-1.27,1.5));
#16359=VECTOR('',#16360,1.);
#16360=DIRECTION('',(0.500000000000003,0.866025403784437,0.));
#16361=CARTESIAN_POINT('',(49.9802221399786,-1.27,1.5));
#16362=CARTESIAN_POINT('',(49.9802221399786,-1.27,1.5));
#16363=VECTOR('',#16364,1.);
#16364=DIRECTION('',(1.,0.,0.));
#16365=CARTESIAN_POINT('',(49.68,-0.75,1.5));
#16366=CARTESIAN_POINT('',(49.68,-0.75,1.5));
#16367=VECTOR('',#16368,1.);
#16368=DIRECTION('',(0.500000000000003,-0.866025403784437,0.));
#16369=CARTESIAN_POINT('',(49.38,-0.75,1.5));
#16370=CARTESIAN_POINT('',(49.38,-0.75,1.5));
#16371=VECTOR('',#16372,1.);
#16372=DIRECTION('',(1.,0.,0.));
#16373=CARTESIAN_POINT('',(49.0797778600214,-1.27,1.5));
#16374=CARTESIAN_POINT('',(49.0797778600214,-1.27,1.5));
#16375=VECTOR('',#16376,1.);
#16376=DIRECTION('',(0.500000000000003,0.866025403784437,0.));
#16377=CARTESIAN_POINT('',(47.4402221399786,-1.27,1.5));
#16378=CARTESIAN_POINT('',(47.4402221399786,-1.27,1.5));
#16379=VECTOR('',#16380,1.);
#16380=DIRECTION('',(1.,0.,0.));
#16381=CARTESIAN_POINT('',(47.14,-0.75,1.5));
#16382=CARTESIAN_POINT('',(47.14,-0.75,1.5));
#16383=VECTOR('',#16384,1.);
#16384=DIRECTION('',(0.500000000000003,-0.866025403784437,0.));
#16385=CARTESIAN_POINT('',(46.84,-0.75,1.5));
#16386=CARTESIAN_POINT('',(46.84,-0.75,1.5));
#16387=VECTOR('',#16388,1.);
#16388=DIRECTION('',(1.,0.,0.));
#16389=CARTESIAN_POINT('',(46.5397778600214,-1.27,1.5));
#16390=CARTESIAN_POINT('',(46.5397778600214,-1.27,1.5));
#16391=VECTOR('',#16392,1.);
#16392=DIRECTION('',(0.500000000000003,0.866025403784437,0.));
#16393=CARTESIAN_POINT('',(44.9002221399786,-1.27,1.5));
#16394=CARTESIAN_POINT('',(44.9002221399786,-1.27,1.5));
#16395=VECTOR('',#16396,1.);
#16396=DIRECTION('',(1.,0.,0.));
#16397=CARTESIAN_POINT('',(44.6,-0.75,1.5));
#16398=CARTESIAN_POINT('',(44.6,-0.75,1.5));
#16399=VECTOR('',#16400,1.);
#16400=DIRECTION('',(0.500000000000003,-0.866025403784437,0.));
#16401=CARTESIAN_POINT('',(44.3,-0.75,1.5));
#16402=CARTESIAN_POINT('',(44.3,-0.75,1.5));
#16403=VECTOR('',#16404,1.);
#16404=DIRECTION('',(1.,0.,0.));
#16405=CARTESIAN_POINT('',(43.9997778600214,-1.27,1.5));
#16406=CARTESIAN_POINT('',(43.9997778600214,-1.27,1.5));
#16407=VECTOR('',#16408,1.);
#16408=DIRECTION('',(0.500000000000003,0.866025403784437,0.));
#16409=CARTESIAN_POINT('',(42.3602221399786,-1.27,1.5));
#16410=CARTESIAN_POINT('',(42.3602221399786,-1.27,1.5));
#16411=VECTOR('',#16412,1.);
#16412=DIRECTION('',(1.,0.,0.));
#16413=CARTESIAN_POINT('',(42.06,-0.75,1.5));
#16414=CARTESIAN_POINT('',(42.06,-0.75,1.5));
#16415=VECTOR('',#16416,1.);
#16416=DIRECTION('',(0.500000000000003,-0.866025403784437,0.));
#16417=CARTESIAN_POINT('',(41.76,-0.75,1.5));
#16418=CARTESIAN_POINT('',(41.76,-0.75,1.5));
#16419=VECTOR('',#16420,1.);
#16420=DIRECTION('',(1.,0.,0.));
#16421=CARTESIAN_POINT('',(41.4597778600214,-1.27,1.5));
#16422=CARTESIAN_POINT('',(41.4597778600214,-1.27,1.5));
#16423=VECTOR('',#16424,1.);
#16424=DIRECTION('',(0.500000000000003,0.866025403784437,0.));
#16425=CARTESIAN_POINT('',(39.8202221399786,-1.27,1.5));
#16426=CARTESIAN_POINT('',(39.8202221399786,-1.27,1.5));
#16427=VECTOR('',#16428,1.);
#16428=DIRECTION('',(1.,0.,0.));
#16429=CARTESIAN_POINT('',(39.52,-0.75,1.5));
#16430=CARTESIAN_POINT('',(39.52,-0.75,1.5));
#16431=VECTOR('',#16432,1.);
#16432=DIRECTION('',(0.500000000000003,-0.866025403784437,0.));
#16433=CARTESIAN_POINT('',(39.22,-0.75,1.5));
#16434=CARTESIAN_POINT('',(39.22,-0.75,1.5));
#16435=VECTOR('',#16436,1.);
#16436=DIRECTION('',(1.,0.,0.));
#16437=CARTESIAN_POINT('',(38.9197778600214,-1.27,1.5));
#16438=CARTESIAN_POINT('',(38.9197778600214,-1.27,1.5));
#16439=VECTOR('',#16440,1.);
#16440=DIRECTION('',(0.500000000000003,0.866025403784437,0.));
#16441=CARTESIAN_POINT('',(37.2802221399786,-1.27,1.5));
#16442=CARTESIAN_POINT('',(37.2802221399786,-1.27,1.5));
#16443=VECTOR('',#16444,1.);
#16444=DIRECTION('',(1.,0.,0.));
#16445=CARTESIAN_POINT('',(36.98,-0.75,1.5));
#16446=CARTESIAN_POINT('',(36.98,-0.75,1.5));
#16447=VECTOR('',#16448,1.);
#16448=DIRECTION('',(0.500000000000003,-0.866025403784437,0.));
#16449=CARTESIAN_POINT('',(36.68,-0.75,1.5));
#16450=CARTESIAN_POINT('',(36.68,-0.75,1.5));
#16451=VECTOR('',#16452,1.);
#16452=DIRECTION('',(1.,0.,0.));
#16453=CARTESIAN_POINT('',(36.3797778600214,-1.27,1.5));
#16454=CARTESIAN_POINT('',(36.3797778600214,-1.27,1.5));
#16455=VECTOR('',#16456,1.);
#16456=DIRECTION('',(0.500000000000003,0.866025403784437,0.));
#16457=CARTESIAN_POINT('',(34.7402221399786,-1.27,1.5));
#16458=CARTESIAN_POINT('',(34.7402221399786,-1.27,1.5));
#16459=VECTOR('',#16460,1.);
#16460=DIRECTION('',(1.,0.,0.));
#16461=CARTESIAN_POINT('',(34.44,-0.75,1.5));
#16462=CARTESIAN_POINT('',(34.44,-0.75,1.5));
#16463=VECTOR('',#16464,1.);
#16464=DIRECTION('',(0.500000000000003,-0.866025403784437,0.));
#16465=CARTESIAN_POINT('',(34.14,-0.75,1.5));
#16466=CARTESIAN_POINT('',(34.14,-0.75,1.5));
#16467=VECTOR('',#16468,1.);
#16468=DIRECTION('',(1.,0.,0.));
#16469=CARTESIAN_POINT('',(33.8397778600214,-1.27,1.5));
#16470=CARTESIAN_POINT('',(33.8397778600214,-1.27,1.5));
#16471=VECTOR('',#16472,1.);
#16472=DIRECTION('',(0.500000000000003,0.866025403784437,0.));
#16473=CARTESIAN_POINT('',(32.2002221399786,-1.27,1.5));
#16474=CARTESIAN_POINT('',(32.2002221399786,-1.27,1.5));
#16475=VECTOR('',#16476,1.);
#16476=DIRECTION('',(1.,0.,0.));
#16477=CARTESIAN_POINT('',(31.9,-0.75,1.5));
#16478=CARTESIAN_POINT('',(31.9,-0.75,1.5));
#16479=VECTOR('',#16480,1.);
#16480=DIRECTION('',(0.499999999999999,-0.866025403784439,0.));
#16481=CARTESIAN_POINT('',(31.6,-0.75,1.5));
#16482=CARTESIAN_POINT('',(31.6,-0.75,1.5));
#16483=VECTOR('',#16484,1.);
#16484=DIRECTION('',(1.,0.,0.));
#16485=CARTESIAN_POINT('',(31.2997778600214,-1.27,1.5));
#16486=CARTESIAN_POINT('',(31.2997778600214,-1.27,1.5));
#16487=VECTOR('',#16488,1.);
#16488=DIRECTION('',(0.499999999999999,0.866025403784439,0.));
#16489=CARTESIAN_POINT('',(29.6602221399786,-1.27,1.5));
#16490=CARTESIAN_POINT('',(29.6602221399786,-1.27,1.5));
#16491=VECTOR('',#16492,1.);
#16492=DIRECTION('',(1.,0.,0.));
#16493=CARTESIAN_POINT('',(29.36,-0.75,1.5));
#16494=CARTESIAN_POINT('',(29.36,-0.75,1.5));
#16495=VECTOR('',#16496,1.);
#16496=DIRECTION('',(0.499999999999999,-0.866025403784439,0.));
#16497=CARTESIAN_POINT('',(29.06,-0.75,1.5));
#16498=CARTESIAN_POINT('',(29.06,-0.75,1.5));
#16499=VECTOR('',#16500,1.);
#16500=DIRECTION('',(1.,0.,0.));
#16501=CARTESIAN_POINT('',(28.7597778600214,-1.27,1.5));
#16502=CARTESIAN_POINT('',(28.7597778600214,-1.27,1.5));
#16503=VECTOR('',#16504,1.);
#16504=DIRECTION('',(0.499999999999999,0.866025403784439,0.));
#16505=CARTESIAN_POINT('',(27.1202221399786,-1.27,1.5));
#16506=CARTESIAN_POINT('',(27.1202221399786,-1.27,1.5));
#16507=VECTOR('',#16508,1.);
#16508=DIRECTION('',(1.,0.,0.));
#16509=CARTESIAN_POINT('',(26.82,-0.75,1.5));
#16510=CARTESIAN_POINT('',(26.82,-0.75,1.5));
#16511=VECTOR('',#16512,1.);
#16512=DIRECTION('',(0.499999999999999,-0.866025403784439,0.));
#16513=CARTESIAN_POINT('',(26.52,-0.75,1.5));
#16514=CARTESIAN_POINT('',(26.52,-0.75,1.5));
#16515=VECTOR('',#16516,1.);
#16516=DIRECTION('',(1.,0.,0.));
#16517=CARTESIAN_POINT('',(26.2197778600214,-1.27,1.5));
#16518=CARTESIAN_POINT('',(26.2197778600214,-1.27,1.5));
#16519=VECTOR('',#16520,1.);
#16520=DIRECTION('',(0.499999999999999,0.866025403784439,0.));
#16521=CARTESIAN_POINT('',(24.5802221399786,-1.27,1.5));
#16522=CARTESIAN_POINT('',(24.5802221399786,-1.27,1.5));
#16523=VECTOR('',#16524,1.);
#16524=DIRECTION('',(1.,0.,0.));
#16525=CARTESIAN_POINT('',(24.28,-0.75,1.5));
#16526=CARTESIAN_POINT('',(24.28,-0.75,1.5));
#16527=VECTOR('',#16528,1.);
#16528=DIRECTION('',(0.499999999999999,-0.866025403784439,0.));
#16529=CARTESIAN_POINT('',(23.98,-0.75,1.5));
#16530=CARTESIAN_POINT('',(23.98,-0.75,1.5));
#16531=VECTOR('',#16532,1.);
#16532=DIRECTION('',(1.,0.,0.));
#16533=CARTESIAN_POINT('',(23.6797778600214,-1.27,1.5));
#16534=CARTESIAN_POINT('',(23.6797778600214,-1.27,1.5));
#16535=VECTOR('',#16536,1.);
#16536=DIRECTION('',(0.499999999999999,0.866025403784439,0.));
#16537=CARTESIAN_POINT('',(22.0402221399786,-1.27,1.5));
#16538=CARTESIAN_POINT('',(22.0402221399786,-1.27,1.5));
#16539=VECTOR('',#16540,1.);
#16540=DIRECTION('',(1.,0.,0.));
#16541=CARTESIAN_POINT('',(21.74,-0.75,1.5));
#16542=CARTESIAN_POINT('',(21.74,-0.75,1.5));
#16543=VECTOR('',#16544,1.);
#16544=DIRECTION('',(0.499999999999999,-0.866025403784439,0.));
#16545=CARTESIAN_POINT('',(21.44,-0.75,1.5));
#16546=CARTESIAN_POINT('',(21.44,-0.75,1.5));
#16547=VECTOR('',#16548,1.);
#16548=DIRECTION('',(1.,0.,0.));
#16549=CARTESIAN_POINT('',(21.1397778600214,-1.27,1.5));
#16550=CARTESIAN_POINT('',(21.1397778600214,-1.27,1.5));
#16551=VECTOR('',#16552,1.);
#16552=DIRECTION('',(0.499999999999999,0.866025403784439,0.));
#16553=CARTESIAN_POINT('',(19.5002221399786,-1.27,1.5));
#16554=CARTESIAN_POINT('',(19.5002221399786,-1.27,1.5));
#16555=VECTOR('',#16556,1.);
#16556=DIRECTION('',(1.,0.,0.));
#16557=CARTESIAN_POINT('',(19.2,-0.75,1.5));
#16558=CARTESIAN_POINT('',(19.2,-0.75,1.5));
#16559=VECTOR('',#16560,1.);
#16560=DIRECTION('',(0.499999999999999,-0.866025403784439,0.));
#16561=CARTESIAN_POINT('',(18.9,-0.75,1.5));
#16562=CARTESIAN_POINT('',(18.9,-0.75,1.5));
#16563=VECTOR('',#16564,1.);
#16564=DIRECTION('',(1.,0.,0.));
#16565=CARTESIAN_POINT('',(18.5997778600214,-1.27,1.5));
#16566=CARTESIAN_POINT('',(18.5997778600214,-1.27,1.5));
#16567=VECTOR('',#16568,1.);
#16568=DIRECTION('',(0.499999999999999,0.866025403784439,0.));
#16569=CARTESIAN_POINT('',(16.9602221399786,-1.27,1.5));
#16570=CARTESIAN_POINT('',(16.9602221399786,-1.27,1.5));
#16571=VECTOR('',#16572,1.);
#16572=DIRECTION('',(1.,0.,0.));
#16573=CARTESIAN_POINT('',(16.66,-0.75,1.5));
#16574=CARTESIAN_POINT('',(16.66,-0.75,1.5));
#16575=VECTOR('',#16576,1.);
#16576=DIRECTION('',(0.499999999999999,-0.866025403784439,0.));
#16577=CARTESIAN_POINT('',(16.36,-0.75,1.5));
#16578=CARTESIAN_POINT('',(16.36,-0.75,1.5));
#16579=VECTOR('',#16580,1.);
#16580=DIRECTION('',(1.,0.,0.));
#16581=CARTESIAN_POINT('',(16.0597778600214,-1.27,1.5));
#16582=CARTESIAN_POINT('',(16.0597778600214,-1.27,1.5));
#16583=VECTOR('',#16584,1.);
#16584=DIRECTION('',(0.499999999999999,0.866025403784439,0.));
#16585=CARTESIAN_POINT('',(14.4202221399786,-1.27,1.5));
#16586=CARTESIAN_POINT('',(14.4202221399786,-1.27,1.5));
#16587=VECTOR('',#16588,1.);
#16588=DIRECTION('',(1.,0.,0.));
#16589=CARTESIAN_POINT('',(14.12,-0.75,1.5));
#16590=CARTESIAN_POINT('',(14.12,-0.75,1.5));
#16591=VECTOR('',#16592,1.);
#16592=DIRECTION('',(0.500000000000001,-0.866025403784438,0.));
#16593=CARTESIAN_POINT('',(13.82,-0.75,1.5));
#16594=CARTESIAN_POINT('',(13.82,-0.75,1.5));
#16595=VECTOR('',#16596,1.);
#16596=DIRECTION('',(1.,0.,0.));
#16597=CARTESIAN_POINT('',(13.5197778600214,-1.27,1.5));
#16598=CARTESIAN_POINT('',(13.5197778600214,-1.27,1.5));
#16599=VECTOR('',#16600,1.);
#16600=DIRECTION('',(0.499999999999999,0.866025403784439,0.));
#16601=CARTESIAN_POINT('',(11.8802221399786,-1.27,1.5));
#16602=CARTESIAN_POINT('',(11.8802221399786,-1.27,1.5));
#16603=VECTOR('',#16604,1.);
#16604=DIRECTION('',(1.,0.,0.));
#16605=CARTESIAN_POINT('',(11.58,-0.75,1.5));
#16606=CARTESIAN_POINT('',(11.58,-0.75,1.5));
#16607=VECTOR('',#16608,1.);
#16608=DIRECTION('',(0.500000000000001,-0.866025403784438,0.));
#16609=CARTESIAN_POINT('',(11.28,-0.75,1.5));
#16610=CARTESIAN_POINT('',(11.28,-0.75,1.5));
#16611=VECTOR('',#16612,1.);
#16612=DIRECTION('',(1.,0.,0.));
#16613=CARTESIAN_POINT('',(10.9797778600214,-1.27,1.5));
#16614=CARTESIAN_POINT('',(10.9797778600214,-1.27,1.5));
#16615=VECTOR('',#16616,1.);
#16616=DIRECTION('',(0.499999999999999,0.866025403784439,0.));
#16617=CARTESIAN_POINT('',(9.34022213997861,-1.27,1.5));
#16618=CARTESIAN_POINT('',(9.34022213997861,-1.27,1.5));
#16619=VECTOR('',#16620,1.);
#16620=DIRECTION('',(1.,0.,0.));
#16621=CARTESIAN_POINT('',(9.04,-0.75,1.5));
#16622=CARTESIAN_POINT('',(9.04,-0.75,1.5));
#16623=VECTOR('',#16624,1.);
#16624=DIRECTION('',(0.500000000000001,-0.866025403784438,0.));
#16625=CARTESIAN_POINT('',(8.74,-0.75,1.5));
#16626=CARTESIAN_POINT('',(8.74,-0.75,1.5));
#16627=VECTOR('',#16628,1.);
#16628=DIRECTION('',(1.,0.,0.));
#16629=CARTESIAN_POINT('',(8.43977786002139,-1.27,1.5));
#16630=CARTESIAN_POINT('',(8.43977786002139,-1.27,1.5));
#16631=VECTOR('',#16632,1.);
#16632=DIRECTION('',(0.499999999999999,0.866025403784439,0.));
#16633=CARTESIAN_POINT('',(6.80022213997861,-1.27,1.5));
#16634=CARTESIAN_POINT('',(6.80022213997861,-1.27,1.5));
#16635=VECTOR('',#16636,1.);
#16636=DIRECTION('',(1.,0.,0.));
#16637=CARTESIAN_POINT('',(6.5,-0.75,1.5));
#16638=CARTESIAN_POINT('',(6.5,-0.75,1.5));
#16639=VECTOR('',#16640,1.);
#16640=DIRECTION('',(0.5,-0.866025403784439,0.));
#16641=CARTESIAN_POINT('',(6.2,-0.75,1.5));
#16642=CARTESIAN_POINT('',(6.2,-0.75,1.5));
#16643=VECTOR('',#16644,1.);
#16644=DIRECTION('',(1.,0.,0.));
#16645=CARTESIAN_POINT('',(5.89977786002139,-1.27,1.5));
#16646=CARTESIAN_POINT('',(5.89977786002139,-1.27,1.5));
#16647=VECTOR('',#16648,1.);
#16648=DIRECTION('',(0.5,0.866025403784439,0.));
#16649=CARTESIAN_POINT('',(4.26022213997861,-1.27,1.5));
#16650=CARTESIAN_POINT('',(4.26022213997861,-1.27,1.5));
#16651=VECTOR('',#16652,1.);
#16652=DIRECTION('',(1.,0.,0.));
#16653=CARTESIAN_POINT('',(3.96,-0.75,1.5));
#16654=CARTESIAN_POINT('',(3.96,-0.75,1.5));
#16655=VECTOR('',#16656,1.);
#16656=DIRECTION('',(0.5,-0.866025403784439,0.));
#16657=CARTESIAN_POINT('',(3.66,-0.75,1.5));
#16658=CARTESIAN_POINT('',(3.66,-0.75,1.5));
#16659=VECTOR('',#16660,1.);
#16660=DIRECTION('',(1.,0.,0.));
#16661=CARTESIAN_POINT('',(3.35977786002139,-1.27,1.5));
#16662=CARTESIAN_POINT('',(3.35977786002139,-1.27,1.5));
#16663=VECTOR('',#16664,1.);
#16664=DIRECTION('',(0.5,0.866025403784439,0.));
#16665=CARTESIAN_POINT('',(1.72022213997861,-1.27,1.5));
#16666=CARTESIAN_POINT('',(1.72022213997861,-1.27,1.5));
#16667=VECTOR('',#16668,1.);
#16668=DIRECTION('',(1.,0.,0.));
#16669=CARTESIAN_POINT('',(1.42,-0.75,1.5));
#16670=CARTESIAN_POINT('',(1.42,-0.75,1.5));
#16671=VECTOR('',#16672,1.);
#16672=DIRECTION('',(0.5,-0.866025403784438,0.));
#16673=CARTESIAN_POINT('',(1.12,-0.75,1.5));
#16674=CARTESIAN_POINT('',(1.12,-0.75,1.5));
#16675=VECTOR('',#16676,1.);
#16676=DIRECTION('',(1.,0.,0.));
#16677=CARTESIAN_POINT('',(0.819777860021395,-1.27,1.5));
#16678=CARTESIAN_POINT('',(0.819777860021395,-1.27,1.5));
#16679=VECTOR('',#16680,1.);
#16680=DIRECTION('',(0.5,0.866025403784439,0.));
#16681=CARTESIAN_POINT('',(-0.819777860021394,-1.27,1.5));
#16682=CARTESIAN_POINT('',(-0.819777860021394,-1.27,1.5));
#16683=VECTOR('',#16684,1.);
#16684=DIRECTION('',(1.,0.,0.));
#16685=CARTESIAN_POINT('',(-1.12,-0.75,1.5));
#16686=CARTESIAN_POINT('',(-1.12,-0.75,1.5));
#16687=VECTOR('',#16688,1.);
#16688=DIRECTION('',(0.5,-0.866025403784438,0.));
#16689=CARTESIAN_POINT('',(-1.27,-0.75,1.5));
#16690=VECTOR('',#16691,1.);
#16691=DIRECTION('',(1.,0.,0.));
#16692=CARTESIAN_POINT('',(0.66,0.,1.5));
#16693=AXIS2_PLACEMENT_3D('',#16694,#16695,#16696);
#16694=CARTESIAN_POINT('',(0.,0.,1.5));
#16695=DIRECTION('',(0.,0.,1.));
#16696=DIRECTION('',(1.,0.,0.));
#16697=CARTESIAN_POINT('',(-1.12,-0.75,1.5));
#16698=VECTOR('',#16699,1.);
#16699=DIRECTION('',(0.,0.,1.));
#16700=CARTESIAN_POINT('',(-1.27,-0.75,1.5));
#16701=VECTOR('',#16702,1.);
#16702=DIRECTION('',(0.,0.,1.));
#16703=CARTESIAN_POINT('',(-0.819777860021395,-1.27,1.5));
#16704=VECTOR('',#16705,1.);
#16705=DIRECTION('',(0.,0.,1.));
#16706=CARTESIAN_POINT('',(0.819777860021395,-1.27,1.5));
#16707=VECTOR('',#16708,1.);
#16708=DIRECTION('',(0.,0.,1.));
#16709=CARTESIAN_POINT('',(1.12,-0.75,1.5));
#16710=VECTOR('',#16711,1.);
#16711=DIRECTION('',(0.,0.,1.));
#16712=CARTESIAN_POINT('',(1.42,-0.75,1.5));
#16713=VECTOR('',#16714,1.);
#16714=DIRECTION('',(0.,0.,1.));
#16715=CARTESIAN_POINT('',(1.72022213997861,-1.27,1.5));
#16716=VECTOR('',#16717,1.);
#16717=DIRECTION('',(0.,0.,1.));
#16718=CARTESIAN_POINT('',(3.35977786002139,-1.27,1.5));
#16719=VECTOR('',#16720,1.);
#16720=DIRECTION('',(0.,0.,1.));
#16721=CARTESIAN_POINT('',(3.66,-0.75,1.5));
#16722=VECTOR('',#16723,1.);
#16723=DIRECTION('',(0.,0.,1.));
#16724=CARTESIAN_POINT('',(3.96,-0.75,1.5));
#16725=VECTOR('',#16726,1.);
#16726=DIRECTION('',(0.,0.,1.));
#16727=CARTESIAN_POINT('',(4.26022213997861,-1.27,1.5));
#16728=VECTOR('',#16729,1.);
#16729=DIRECTION('',(0.,0.,1.));
#16730=CARTESIAN_POINT('',(5.89977786002139,-1.27,1.5));
#16731=VECTOR('',#16732,1.);
#16732=DIRECTION('',(0.,0.,1.));
#16733=CARTESIAN_POINT('',(6.2,-0.75,1.5));
#16734=VECTOR('',#16735,1.);
#16735=DIRECTION('',(0.,0.,1.));
#16736=CARTESIAN_POINT('',(6.5,-0.75,1.5));
#16737=VECTOR('',#16738,1.);
#16738=DIRECTION('',(0.,0.,1.));
#16739=CARTESIAN_POINT('',(6.80022213997861,-1.27,1.5));
#16740=VECTOR('',#16741,1.);
#16741=DIRECTION('',(0.,0.,1.));
#16742=CARTESIAN_POINT('',(8.43977786002139,-1.27,1.5));
#16743=VECTOR('',#16744,1.);
#16744=DIRECTION('',(0.,0.,1.));
#16745=CARTESIAN_POINT('',(8.74,-0.75,1.5));
#16746=VECTOR('',#16747,1.);
#16747=DIRECTION('',(0.,0.,1.));
#16748=CARTESIAN_POINT('',(9.04,-0.75,1.5));
#16749=VECTOR('',#16750,1.);
#16750=DIRECTION('',(0.,0.,1.));
#16751=CARTESIAN_POINT('',(9.34022213997861,-1.27,1.5));
#16752=VECTOR('',#16753,1.);
#16753=DIRECTION('',(0.,0.,1.));
#16754=CARTESIAN_POINT('',(10.9797778600214,-1.27,1.5));
#16755=VECTOR('',#16756,1.);
#16756=DIRECTION('',(0.,0.,1.));
#16757=CARTESIAN_POINT('',(11.28,-0.75,1.5));
#16758=VECTOR('',#16759,1.);
#16759=DIRECTION('',(0.,0.,1.));
#16760=CARTESIAN_POINT('',(11.58,-0.75,1.5));
#16761=VECTOR('',#16762,1.);
#16762=DIRECTION('',(0.,0.,1.));
#16763=CARTESIAN_POINT('',(11.8802221399786,-1.27,1.5));
#16764=VECTOR('',#16765,1.);
#16765=DIRECTION('',(0.,0.,1.));
#16766=CARTESIAN_POINT('',(13.5197778600214,-1.27,1.5));
#16767=VECTOR('',#16768,1.);
#16768=DIRECTION('',(0.,0.,1.));
#16769=CARTESIAN_POINT('',(13.82,-0.75,1.5));
#16770=VECTOR('',#16771,1.);
#16771=DIRECTION('',(0.,0.,1.));
#16772=CARTESIAN_POINT('',(14.12,-0.75,1.5));
#16773=VECTOR('',#16774,1.);
#16774=DIRECTION('',(0.,0.,1.));
#16775=CARTESIAN_POINT('',(14.4202221399786,-1.27,1.5));
#16776=VECTOR('',#16777,1.);
#16777=DIRECTION('',(0.,0.,1.));
#16778=CARTESIAN_POINT('',(16.0597778600214,-1.27,1.5));
#16779=VECTOR('',#16780,1.);
#16780=DIRECTION('',(0.,0.,1.));
#16781=CARTESIAN_POINT('',(16.36,-0.75,1.5));
#16782=VECTOR('',#16783,1.);
#16783=DIRECTION('',(0.,0.,1.));
#16784=CARTESIAN_POINT('',(16.66,-0.75,1.5));
#16785=VECTOR('',#16786,1.);
#16786=DIRECTION('',(0.,0.,1.));
#16787=CARTESIAN_POINT('',(16.9602221399786,-1.27,1.5));
#16788=VECTOR('',#16789,1.);
#16789=DIRECTION('',(0.,0.,1.));
#16790=CARTESIAN_POINT('',(18.5997778600214,-1.27,1.5));
#16791=VECTOR('',#16792,1.);
#16792=DIRECTION('',(0.,0.,1.));
#16793=CARTESIAN_POINT('',(18.9,-0.75,1.5));
#16794=VECTOR('',#16795,1.);
#16795=DIRECTION('',(0.,0.,1.));
#16796=CARTESIAN_POINT('',(19.2,-0.75,1.5));
#16797=VECTOR('',#16798,1.);
#16798=DIRECTION('',(0.,0.,1.));
#16799=CARTESIAN_POINT('',(19.5002221399786,-1.27,1.5));
#16800=VECTOR('',#16801,1.);
#16801=DIRECTION('',(0.,0.,1.));
#16802=CARTESIAN_POINT('',(21.1397778600214,-1.27,1.5));
#16803=VECTOR('',#16804,1.);
#16804=DIRECTION('',(0.,0.,1.));
#16805=CARTESIAN_POINT('',(21.44,-0.75,1.5));
#16806=VECTOR('',#16807,1.);
#16807=DIRECTION('',(0.,0.,1.));
#16808=CARTESIAN_POINT('',(21.74,-0.75,1.5));
#16809=VECTOR('',#16810,1.);
#16810=DIRECTION('',(0.,0.,1.));
#16811=CARTESIAN_POINT('',(22.0402221399786,-1.27,1.5));
#16812=VECTOR('',#16813,1.);
#16813=DIRECTION('',(0.,0.,1.));
#16814=CARTESIAN_POINT('',(23.6797778600214,-1.27,1.5));
#16815=VECTOR('',#16816,1.);
#16816=DIRECTION('',(0.,0.,1.));
#16817=CARTESIAN_POINT('',(23.98,-0.75,1.5));
#16818=VECTOR('',#16819,1.);
#16819=DIRECTION('',(0.,0.,1.));
#16820=CARTESIAN_POINT('',(24.28,-0.75,1.5));
#16821=VECTOR('',#16822,1.);
#16822=DIRECTION('',(0.,0.,1.));
#16823=CARTESIAN_POINT('',(24.5802221399786,-1.27,1.5));
#16824=VECTOR('',#16825,1.);
#16825=DIRECTION('',(0.,0.,1.));
#16826=CARTESIAN_POINT('',(26.2197778600214,-1.27,1.5));
#16827=VECTOR('',#16828,1.);
#16828=DIRECTION('',(0.,0.,1.));
#16829=CARTESIAN_POINT('',(26.52,-0.75,1.5));
#16830=VECTOR('',#16831,1.);
#16831=DIRECTION('',(0.,0.,1.));
#16832=CARTESIAN_POINT('',(26.82,-0.75,1.5));
#16833=VECTOR('',#16834,1.);
#16834=DIRECTION('',(0.,0.,1.));
#16835=CARTESIAN_POINT('',(27.1202221399786,-1.27,1.5));
#16836=VECTOR('',#16837,1.);
#16837=DIRECTION('',(0.,0.,1.));
#16838=CARTESIAN_POINT('',(28.7597778600214,-1.27,1.5));
#16839=VECTOR('',#16840,1.);
#16840=DIRECTION('',(0.,0.,1.));
#16841=CARTESIAN_POINT('',(29.06,-0.75,1.5));
#16842=VECTOR('',#16843,1.);
#16843=DIRECTION('',(0.,0.,1.));
#16844=CARTESIAN_POINT('',(29.36,-0.75,1.5));
#16845=VECTOR('',#16846,1.);
#16846=DIRECTION('',(0.,0.,1.));
#16847=CARTESIAN_POINT('',(29.6602221399786,-1.27,1.5));
#16848=VECTOR('',#16849,1.);
#16849=DIRECTION('',(0.,0.,1.));
#16850=CARTESIAN_POINT('',(31.2997778600214,-1.27,1.5));
#16851=VECTOR('',#16852,1.);
#16852=DIRECTION('',(0.,0.,1.));
#16853=CARTESIAN_POINT('',(31.6,-0.75,1.5));
#16854=VECTOR('',#16855,1.);
#16855=DIRECTION('',(0.,0.,1.));
#16856=CARTESIAN_POINT('',(31.9,-0.75,1.5));
#16857=VECTOR('',#16858,1.);
#16858=DIRECTION('',(0.,0.,1.));
#16859=CARTESIAN_POINT('',(32.2002221399786,-1.27,1.5));
#16860=VECTOR('',#16861,1.);
#16861=DIRECTION('',(0.,0.,1.));
#16862=CARTESIAN_POINT('',(33.8397778600214,-1.27,1.5));
#16863=VECTOR('',#16864,1.);
#16864=DIRECTION('',(0.,0.,1.));
#16865=CARTESIAN_POINT('',(34.14,-0.75,1.5));
#16866=VECTOR('',#16867,1.);
#16867=DIRECTION('',(0.,0.,1.));
#16868=CARTESIAN_POINT('',(34.44,-0.75,1.5));
#16869=VECTOR('',#16870,1.);
#16870=DIRECTION('',(0.,0.,1.));
#16871=CARTESIAN_POINT('',(34.7402221399786,-1.27,1.5));
#16872=VECTOR('',#16873,1.);
#16873=DIRECTION('',(0.,0.,1.));
#16874=CARTESIAN_POINT('',(36.3797778600214,-1.27,1.5));
#16875=VECTOR('',#16876,1.);
#16876=DIRECTION('',(0.,0.,1.));
#16877=CARTESIAN_POINT('',(36.68,-0.75,1.5));
#16878=VECTOR('',#16879,1.);
#16879=DIRECTION('',(0.,0.,1.));
#16880=CARTESIAN_POINT('',(36.98,-0.75,1.5));
#16881=VECTOR('',#16882,1.);
#16882=DIRECTION('',(0.,0.,1.));
#16883=CARTESIAN_POINT('',(37.2802221399786,-1.27,1.5));
#16884=VECTOR('',#16885,1.);
#16885=DIRECTION('',(0.,0.,1.));
#16886=CARTESIAN_POINT('',(38.9197778600214,-1.27,1.5));
#16887=VECTOR('',#16888,1.);
#16888=DIRECTION('',(0.,0.,1.));
#16889=CARTESIAN_POINT('',(39.22,-0.75,1.5));
#16890=VECTOR('',#16891,1.);
#16891=DIRECTION('',(0.,0.,1.));
#16892=CARTESIAN_POINT('',(39.52,-0.75,1.5));
#16893=VECTOR('',#16894,1.);
#16894=DIRECTION('',(0.,0.,1.));
#16895=CARTESIAN_POINT('',(39.8202221399786,-1.27,1.5));
#16896=VECTOR('',#16897,1.);
#16897=DIRECTION('',(0.,0.,1.));
#16898=CARTESIAN_POINT('',(41.4597778600214,-1.27,1.5));
#16899=VECTOR('',#16900,1.);
#16900=DIRECTION('',(0.,0.,1.));
#16901=CARTESIAN_POINT('',(41.76,-0.75,1.5));
#16902=VECTOR('',#16903,1.);
#16903=DIRECTION('',(0.,0.,1.));
#16904=CARTESIAN_POINT('',(42.06,-0.75,1.5));
#16905=VECTOR('',#16906,1.);
#16906=DIRECTION('',(0.,0.,1.));
#16907=CARTESIAN_POINT('',(42.3602221399786,-1.27,1.5));
#16908=VECTOR('',#16909,1.);
#16909=DIRECTION('',(0.,0.,1.));
#16910=CARTESIAN_POINT('',(43.9997778600214,-1.27,1.5));
#16911=VECTOR('',#16912,1.);
#16912=DIRECTION('',(0.,0.,1.));
#16913=CARTESIAN_POINT('',(44.3,-0.75,1.5));
#16914=VECTOR('',#16915,1.);
#16915=DIRECTION('',(0.,0.,1.));
#16916=CARTESIAN_POINT('',(44.6,-0.75,1.5));
#16917=VECTOR('',#16918,1.);
#16918=DIRECTION('',(0.,0.,1.));
#16919=CARTESIAN_POINT('',(44.9002221399786,-1.27,1.5));
#16920=VECTOR('',#16921,1.);
#16921=DIRECTION('',(0.,0.,1.));
#16922=CARTESIAN_POINT('',(46.5397778600214,-1.27,1.5));
#16923=VECTOR('',#16924,1.);
#16924=DIRECTION('',(0.,0.,1.));
#16925=CARTESIAN_POINT('',(46.84,-0.75,1.5));
#16926=VECTOR('',#16927,1.);
#16927=DIRECTION('',(0.,0.,1.));
#16928=CARTESIAN_POINT('',(47.14,-0.75,1.5));
#16929=VECTOR('',#16930,1.);
#16930=DIRECTION('',(0.,0.,1.));
#16931=CARTESIAN_POINT('',(47.4402221399786,-1.27,1.5));
#16932=VECTOR('',#16933,1.);
#16933=DIRECTION('',(0.,0.,1.));
#16934=CARTESIAN_POINT('',(49.0797778600214,-1.27,1.5));
#16935=VECTOR('',#16936,1.);
#16936=DIRECTION('',(0.,0.,1.));
#16937=CARTESIAN_POINT('',(49.38,-0.75,1.5));
#16938=VECTOR('',#16939,1.);
#16939=DIRECTION('',(0.,0.,1.));
#16940=CARTESIAN_POINT('',(49.68,-0.75,1.5));
#16941=VECTOR('',#16942,1.);
#16942=DIRECTION('',(0.,0.,1.));
#16943=CARTESIAN_POINT('',(49.9802221399786,-1.27,1.5));
#16944=VECTOR('',#16945,1.);
#16945=DIRECTION('',(0.,0.,1.));
#16946=CARTESIAN_POINT('',(51.6197778600214,-1.27,1.5));
#16947=VECTOR('',#16948,1.);
#16948=DIRECTION('',(0.,0.,1.));
#16949=CARTESIAN_POINT('',(51.92,-0.75,1.5));
#16950=VECTOR('',#16951,1.);
#16951=DIRECTION('',(0.,0.,1.));
#16952=CARTESIAN_POINT('',(52.22,-0.75,1.5));
#16953=VECTOR('',#16954,1.);
#16954=DIRECTION('',(0.,0.,1.));
#16955=CARTESIAN_POINT('',(52.5202221399786,-1.27,1.5));
#16956=VECTOR('',#16957,1.);
#16957=DIRECTION('',(0.,0.,1.));
#16958=CARTESIAN_POINT('',(54.1597778600214,-1.27,1.5));
#16959=VECTOR('',#16960,1.);
#16960=DIRECTION('',(0.,0.,1.));
#16961=CARTESIAN_POINT('',(54.46,-0.75,1.5));
#16962=VECTOR('',#16963,1.);
#16963=DIRECTION('',(0.,0.,1.));
#16964=CARTESIAN_POINT('',(54.76,-0.75,1.5));
#16965=VECTOR('',#16966,1.);
#16966=DIRECTION('',(0.,0.,1.));
#16967=CARTESIAN_POINT('',(55.0602221399786,-1.27,1.5));
#16968=VECTOR('',#16969,1.);
#16969=DIRECTION('',(0.,0.,1.));
#16970=CARTESIAN_POINT('',(56.6997778600214,-1.27,1.5));
#16971=VECTOR('',#16972,1.);
#16972=DIRECTION('',(0.,0.,1.));
#16973=CARTESIAN_POINT('',(57.,-0.75,1.5));
#16974=VECTOR('',#16975,1.);
#16975=DIRECTION('',(0.,0.,1.));
#16976=CARTESIAN_POINT('',(57.3,-0.75,1.5));
#16977=VECTOR('',#16978,1.);
#16978=DIRECTION('',(0.,0.,1.));
#16979=CARTESIAN_POINT('',(57.6002221399786,-1.27,1.5));
#16980=VECTOR('',#16981,1.);
#16981=DIRECTION('',(0.,0.,1.));
#16982=CARTESIAN_POINT('',(59.2397778600214,-1.27,1.5));
#16983=VECTOR('',#16984,1.);
#16984=DIRECTION('',(0.,0.,1.));
#16985=CARTESIAN_POINT('',(59.54,-0.75,1.5));
#16986=VECTOR('',#16987,1.);
#16987=DIRECTION('',(0.,0.,1.));
#16988=CARTESIAN_POINT('',(59.84,-0.75,1.5));
#16989=VECTOR('',#16990,1.);
#16990=DIRECTION('',(0.,0.,1.));
#16991=CARTESIAN_POINT('',(60.1402221399786,-1.27,1.5));
#16992=VECTOR('',#16993,1.);
#16993=DIRECTION('',(0.,0.,1.));
#16994=CARTESIAN_POINT('',(61.7797778600214,-1.27,1.5));
#16995=VECTOR('',#16996,1.);
#16996=DIRECTION('',(0.,0.,1.));
#16997=CARTESIAN_POINT('',(62.08,-0.75,1.5));
#16998=VECTOR('',#16999,1.);
#16999=DIRECTION('',(0.,0.,1.));
#17000=CARTESIAN_POINT('',(62.38,-0.75,1.5));
#17001=VECTOR('',#17002,1.);
#17002=DIRECTION('',(0.,0.,1.));
#17003=CARTESIAN_POINT('',(62.6802221399786,-1.27,1.5));
#17004=VECTOR('',#17005,1.);
#17005=DIRECTION('',(0.,0.,1.));
#17006=CARTESIAN_POINT('',(64.3197778600214,-1.27,1.5));
#17007=VECTOR('',#17008,1.);
#17008=DIRECTION('',(0.,0.,1.));
#17009=CARTESIAN_POINT('',(64.62,-0.75,1.5));
#17010=VECTOR('',#17011,1.);
#17011=DIRECTION('',(0.,0.,1.));
#17012=CARTESIAN_POINT('',(64.92,-0.75,1.5));
#17013=VECTOR('',#17014,1.);
#17014=DIRECTION('',(0.,0.,1.));
#17015=CARTESIAN_POINT('',(65.2202221399786,-1.27,1.5));
#17016=VECTOR('',#17017,1.);
#17017=DIRECTION('',(0.,0.,1.));
#17018=CARTESIAN_POINT('',(66.8597778600214,-1.27,1.5));
#17019=VECTOR('',#17020,1.);
#17020=DIRECTION('',(0.,0.,1.));
#17021=CARTESIAN_POINT('',(67.16,-0.75,1.5));
#17022=VECTOR('',#17023,1.);
#17023=DIRECTION('',(0.,0.,1.));
#17024=CARTESIAN_POINT('',(67.31,-0.75,1.5));
#17025=VECTOR('',#17026,1.);
#17026=DIRECTION('',(0.,0.,1.));
#17027=CARTESIAN_POINT('',(67.31,0.75,1.5));
#17028=VECTOR('',#17029,1.);
#17029=DIRECTION('',(0.,0.,1.));
#17030=CARTESIAN_POINT('',(67.16,0.75,1.5));
#17031=VECTOR('',#17032,1.);
#17032=DIRECTION('',(0.,0.,1.));
#17033=CARTESIAN_POINT('',(66.8597778600214,1.27,1.5));
#17034=VECTOR('',#17035,1.);
#17035=DIRECTION('',(0.,0.,1.));
#17036=CARTESIAN_POINT('',(65.2202221399786,1.27,1.5));
#17037=VECTOR('',#17038,1.);
#17038=DIRECTION('',(0.,0.,1.));
#17039=CARTESIAN_POINT('',(64.92,0.75,1.5));
#17040=VECTOR('',#17041,1.);
#17041=DIRECTION('',(0.,0.,1.));
#17042=CARTESIAN_POINT('',(64.62,0.75,1.5));
#17043=VECTOR('',#17044,1.);
#17044=DIRECTION('',(0.,0.,1.));
#17045=CARTESIAN_POINT('',(64.3197778600214,1.27,1.5));
#17046=VECTOR('',#17047,1.);
#17047=DIRECTION('',(0.,0.,1.));
#17048=CARTESIAN_POINT('',(62.6802221399786,1.27,1.5));
#17049=VECTOR('',#17050,1.);
#17050=DIRECTION('',(0.,0.,1.));
#17051=CARTESIAN_POINT('',(62.38,0.75,1.5));
#17052=VECTOR('',#17053,1.);
#17053=DIRECTION('',(0.,0.,1.));
#17054=CARTESIAN_POINT('',(62.08,0.75,1.5));
#17055=VECTOR('',#17056,1.);
#17056=DIRECTION('',(0.,0.,1.));
#17057=CARTESIAN_POINT('',(61.7797778600214,1.27,1.5));
#17058=VECTOR('',#17059,1.);
#17059=DIRECTION('',(0.,0.,1.));
#17060=CARTESIAN_POINT('',(60.1402221399786,1.27,1.5));
#17061=VECTOR('',#17062,1.);
#17062=DIRECTION('',(0.,0.,1.));
#17063=CARTESIAN_POINT('',(59.84,0.75,1.5));
#17064=VECTOR('',#17065,1.);
#17065=DIRECTION('',(0.,0.,1.));
#17066=CARTESIAN_POINT('',(59.54,0.75,1.5));
#17067=VECTOR('',#17068,1.);
#17068=DIRECTION('',(0.,0.,1.));
#17069=CARTESIAN_POINT('',(59.2397778600214,1.27,1.5));
#17070=VECTOR('',#17071,1.);
#17071=DIRECTION('',(0.,0.,1.));
#17072=CARTESIAN_POINT('',(57.6002221399786,1.27,1.5));
#17073=VECTOR('',#17074,1.);
#17074=DIRECTION('',(0.,0.,1.));
#17075=CARTESIAN_POINT('',(57.3,0.75,1.5));
#17076=VECTOR('',#17077,1.);
#17077=DIRECTION('',(0.,0.,1.));
#17078=CARTESIAN_POINT('',(57.,0.75,1.5));
#17079=VECTOR('',#17080,1.);
#17080=DIRECTION('',(0.,0.,1.));
#17081=CARTESIAN_POINT('',(56.6997778600214,1.27,1.5));
#17082=VECTOR('',#17083,1.);
#17083=DIRECTION('',(0.,0.,1.));
#17084=CARTESIAN_POINT('',(55.0602221399786,1.27,1.5));
#17085=VECTOR('',#17086,1.);
#17086=DIRECTION('',(0.,0.,1.));
#17087=CARTESIAN_POINT('',(54.76,0.75,1.5));
#17088=VECTOR('',#17089,1.);
#17089=DIRECTION('',(0.,0.,1.));
#17090=CARTESIAN_POINT('',(54.46,0.75,1.5));
#17091=VECTOR('',#17092,1.);
#17092=DIRECTION('',(0.,0.,1.));
#17093=CARTESIAN_POINT('',(54.1597778600214,1.27,1.5));
#17094=VECTOR('',#17095,1.);
#17095=DIRECTION('',(0.,0.,1.));
#17096=CARTESIAN_POINT('',(52.5202221399786,1.27,1.5));
#17097=VECTOR('',#17098,1.);
#17098=DIRECTION('',(0.,0.,1.));
#17099=CARTESIAN_POINT('',(52.22,0.75,1.5));
#17100=VECTOR('',#17101,1.);
#17101=DIRECTION('',(0.,0.,1.));
#17102=CARTESIAN_POINT('',(51.92,0.75,1.5));
#17103=VECTOR('',#17104,1.);
#17104=DIRECTION('',(0.,0.,1.));
#17105=CARTESIAN_POINT('',(51.6197778600214,1.27,1.5));
#17106=VECTOR('',#17107,1.);
#17107=DIRECTION('',(0.,0.,1.));
#17108=CARTESIAN_POINT('',(49.9802221399786,1.27,1.5));
#17109=VECTOR('',#17110,1.);
#17110=DIRECTION('',(0.,0.,1.));
#17111=CARTESIAN_POINT('',(49.68,0.75,1.5));
#17112=VECTOR('',#17113,1.);
#17113=DIRECTION('',(0.,0.,1.));
#17114=CARTESIAN_POINT('',(49.38,0.75,1.5));
#17115=VECTOR('',#17116,1.);
#17116=DIRECTION('',(0.,0.,1.));
#17117=CARTESIAN_POINT('',(49.0797778600214,1.27,1.5));
#17118=VECTOR('',#17119,1.);
#17119=DIRECTION('',(0.,0.,1.));
#17120=CARTESIAN_POINT('',(47.4402221399786,1.27,1.5));
#17121=VECTOR('',#17122,1.);
#17122=DIRECTION('',(0.,0.,1.));
#17123=CARTESIAN_POINT('',(47.14,0.75,1.5));
#17124=VECTOR('',#17125,1.);
#17125=DIRECTION('',(0.,0.,1.));
#17126=CARTESIAN_POINT('',(46.84,0.75,1.5));
#17127=VECTOR('',#17128,1.);
#17128=DIRECTION('',(0.,0.,1.));
#17129=CARTESIAN_POINT('',(46.5397778600214,1.27,1.5));
#17130=VECTOR('',#17131,1.);
#17131=DIRECTION('',(0.,0.,1.));
#17132=CARTESIAN_POINT('',(44.9002221399786,1.27,1.5));
#17133=VECTOR('',#17134,1.);
#17134=DIRECTION('',(0.,0.,1.));
#17135=CARTESIAN_POINT('',(44.6,0.75,1.5));
#17136=VECTOR('',#17137,1.);
#17137=DIRECTION('',(0.,0.,1.));
#17138=CARTESIAN_POINT('',(44.3,0.75,1.5));
#17139=VECTOR('',#17140,1.);
#17140=DIRECTION('',(0.,0.,1.));
#17141=CARTESIAN_POINT('',(43.9997778600214,1.27,1.5));
#17142=VECTOR('',#17143,1.);
#17143=DIRECTION('',(0.,0.,1.));
#17144=CARTESIAN_POINT('',(42.3602221399786,1.27,1.5));
#17145=VECTOR('',#17146,1.);
#17146=DIRECTION('',(0.,0.,1.));
#17147=CARTESIAN_POINT('',(42.06,0.75,1.5));
#17148=VECTOR('',#17149,1.);
#17149=DIRECTION('',(0.,0.,1.));
#17150=CARTESIAN_POINT('',(41.76,0.75,1.5));
#17151=VECTOR('',#17152,1.);
#17152=DIRECTION('',(0.,0.,1.));
#17153=CARTESIAN_POINT('',(41.4597778600214,1.27,1.5));
#17154=VECTOR('',#17155,1.);
#17155=DIRECTION('',(0.,0.,1.));
#17156=CARTESIAN_POINT('',(39.8202221399786,1.27,1.5));
#17157=VECTOR('',#17158,1.);
#17158=DIRECTION('',(0.,0.,1.));
#17159=CARTESIAN_POINT('',(39.52,0.75,1.5));
#17160=VECTOR('',#17161,1.);
#17161=DIRECTION('',(0.,0.,1.));
#17162=CARTESIAN_POINT('',(39.22,0.75,1.5));
#17163=VECTOR('',#17164,1.);
#17164=DIRECTION('',(0.,0.,1.));
#17165=CARTESIAN_POINT('',(38.9197778600214,1.27,1.5));
#17166=VECTOR('',#17167,1.);
#17167=DIRECTION('',(0.,0.,1.));
#17168=CARTESIAN_POINT('',(37.2802221399786,1.27,1.5));
#17169=VECTOR('',#17170,1.);
#17170=DIRECTION('',(0.,0.,1.));
#17171=CARTESIAN_POINT('',(36.98,0.75,1.5));
#17172=VECTOR('',#17173,1.);
#17173=DIRECTION('',(0.,0.,1.));
#17174=CARTESIAN_POINT('',(36.68,0.75,1.5));
#17175=VECTOR('',#17176,1.);
#17176=DIRECTION('',(0.,0.,1.));
#17177=CARTESIAN_POINT('',(36.3797778600214,1.27,1.5));
#17178=VECTOR('',#17179,1.);
#17179=DIRECTION('',(0.,0.,1.));
#17180=CARTESIAN_POINT('',(34.7402221399786,1.27,1.5));
#17181=VECTOR('',#17182,1.);
#17182=DIRECTION('',(0.,0.,1.));
#17183=CARTESIAN_POINT('',(34.44,0.75,1.5));
#17184=VECTOR('',#17185,1.);
#17185=DIRECTION('',(0.,0.,1.));
#17186=CARTESIAN_POINT('',(34.14,0.75,1.5));
#17187=VECTOR('',#17188,1.);
#17188=DIRECTION('',(0.,0.,1.));
#17189=CARTESIAN_POINT('',(33.8397778600214,1.27,1.5));
#17190=VECTOR('',#17191,1.);
#17191=DIRECTION('',(0.,0.,1.));
#17192=CARTESIAN_POINT('',(32.2002221399786,1.27,1.5));
#17193=VECTOR('',#17194,1.);
#17194=DIRECTION('',(0.,0.,1.));
#17195=CARTESIAN_POINT('',(31.9,0.75,1.5));
#17196=VECTOR('',#17197,1.);
#17197=DIRECTION('',(0.,0.,1.));
#17198=CARTESIAN_POINT('',(31.6,0.75,1.5));
#17199=VECTOR('',#17200,1.);
#17200=DIRECTION('',(0.,0.,1.));
#17201=CARTESIAN_POINT('',(31.2997778600214,1.27,1.5));
#17202=VECTOR('',#17203,1.);
#17203=DIRECTION('',(0.,0.,1.));
#17204=CARTESIAN_POINT('',(29.6602221399786,1.27,1.5));
#17205=VECTOR('',#17206,1.);
#17206=DIRECTION('',(0.,0.,1.));
#17207=CARTESIAN_POINT('',(29.36,0.75,1.5));
#17208=VECTOR('',#17209,1.);
#17209=DIRECTION('',(0.,0.,1.));
#17210=CARTESIAN_POINT('',(29.06,0.75,1.5));
#17211=VECTOR('',#17212,1.);
#17212=DIRECTION('',(0.,0.,1.));
#17213=CARTESIAN_POINT('',(28.7597778600214,1.27,1.5));
#17214=VECTOR('',#17215,1.);
#17215=DIRECTION('',(0.,0.,1.));
#17216=CARTESIAN_POINT('',(27.1202221399786,1.27,1.5));
#17217=VECTOR('',#17218,1.);
#17218=DIRECTION('',(0.,0.,1.));
#17219=CARTESIAN_POINT('',(26.82,0.75,1.5));
#17220=VECTOR('',#17221,1.);
#17221=DIRECTION('',(0.,0.,1.));
#17222=CARTESIAN_POINT('',(26.52,0.75,1.5));
#17223=VECTOR('',#17224,1.);
#17224=DIRECTION('',(0.,0.,1.));
#17225=CARTESIAN_POINT('',(26.2197778600214,1.27,1.5));
#17226=VECTOR('',#17227,1.);
#17227=DIRECTION('',(0.,0.,1.));
#17228=CARTESIAN_POINT('',(24.5802221399786,1.27,1.5));
#17229=VECTOR('',#17230,1.);
#17230=DIRECTION('',(0.,0.,1.));
#17231=CARTESIAN_POINT('',(24.28,0.75,1.5));
#17232=VECTOR('',#17233,1.);
#17233=DIRECTION('',(0.,0.,1.));
#17234=CARTESIAN_POINT('',(23.98,0.75,1.5));
#17235=VECTOR('',#17236,1.);
#17236=DIRECTION('',(0.,0.,1.));
#17237=CARTESIAN_POINT('',(23.6797778600214,1.27,1.5));
#17238=VECTOR('',#17239,1.);
#17239=DIRECTION('',(0.,0.,1.));
#17240=CARTESIAN_POINT('',(22.0402221399786,1.27,1.5));
#17241=VECTOR('',#17242,1.);
#17242=DIRECTION('',(0.,0.,1.));
#17243=CARTESIAN_POINT('',(21.74,0.75,1.5));
#17244=VECTOR('',#17245,1.);
#17245=DIRECTION('',(0.,0.,1.));
#17246=CARTESIAN_POINT('',(21.44,0.75,1.5));
#17247=VECTOR('',#17248,1.);
#17248=DIRECTION('',(0.,0.,1.));
#17249=CARTESIAN_POINT('',(21.1397778600214,1.27,1.5));
#17250=VECTOR('',#17251,1.);
#17251=DIRECTION('',(0.,0.,1.));
#17252=CARTESIAN_POINT('',(19.5002221399786,1.27,1.5));
#17253=VECTOR('',#17254,1.);
#17254=DIRECTION('',(0.,0.,1.));
#17255=CARTESIAN_POINT('',(19.2,0.75,1.5));
#17256=VECTOR('',#17257,1.);
#17257=DIRECTION('',(0.,0.,1.));
#17258=CARTESIAN_POINT('',(18.9,0.75,1.5));
#17259=VECTOR('',#17260,1.);
#17260=DIRECTION('',(0.,0.,1.));
#17261=CARTESIAN_POINT('',(18.5997778600214,1.27,1.5));
#17262=VECTOR('',#17263,1.);
#17263=DIRECTION('',(0.,0.,1.));
#17264=CARTESIAN_POINT('',(16.9602221399786,1.27,1.5));
#17265=VECTOR('',#17266,1.);
#17266=DIRECTION('',(0.,0.,1.));
#17267=CARTESIAN_POINT('',(16.66,0.75,1.5));
#17268=VECTOR('',#17269,1.);
#17269=DIRECTION('',(0.,0.,1.));
#17270=CARTESIAN_POINT('',(16.36,0.75,1.5));
#17271=VECTOR('',#17272,1.);
#17272=DIRECTION('',(0.,0.,1.));
#17273=CARTESIAN_POINT('',(16.0597778600214,1.27,1.5));
#17274=VECTOR('',#17275,1.);
#17275=DIRECTION('',(0.,0.,1.));
#17276=CARTESIAN_POINT('',(14.4202221399786,1.27,1.5));
#17277=VECTOR('',#17278,1.);
#17278=DIRECTION('',(0.,0.,1.));
#17279=CARTESIAN_POINT('',(14.12,0.75,1.5));
#17280=VECTOR('',#17281,1.);
#17281=DIRECTION('',(0.,0.,1.));
#17282=CARTESIAN_POINT('',(13.82,0.75,1.5));
#17283=VECTOR('',#17284,1.);
#17284=DIRECTION('',(0.,0.,1.));
#17285=CARTESIAN_POINT('',(13.5197778600214,1.27,1.5));
#17286=VECTOR('',#17287,1.);
#17287=DIRECTION('',(0.,0.,1.));
#17288=CARTESIAN_POINT('',(11.8802221399786,1.27,1.5));
#17289=VECTOR('',#17290,1.);
#17290=DIRECTION('',(0.,0.,1.));
#17291=CARTESIAN_POINT('',(11.58,0.75,1.5));
#17292=VECTOR('',#17293,1.);
#17293=DIRECTION('',(0.,0.,1.));
#17294=CARTESIAN_POINT('',(11.28,0.75,1.5));
#17295=VECTOR('',#17296,1.);
#17296=DIRECTION('',(0.,0.,1.));
#17297=CARTESIAN_POINT('',(10.9797778600214,1.27,1.5));
#17298=VECTOR('',#17299,1.);
#17299=DIRECTION('',(0.,0.,1.));
#17300=CARTESIAN_POINT('',(9.34022213997861,1.27,1.5));
#17301=VECTOR('',#17302,1.);
#17302=DIRECTION('',(0.,0.,1.));
#17303=CARTESIAN_POINT('',(9.04,0.75,1.5));
#17304=VECTOR('',#17305,1.);
#17305=DIRECTION('',(0.,0.,1.));
#17306=CARTESIAN_POINT('',(8.74,0.75,1.5));
#17307=VECTOR('',#17308,1.);
#17308=DIRECTION('',(0.,0.,1.));
#17309=CARTESIAN_POINT('',(8.43977786002139,1.27,1.5));
#17310=VECTOR('',#17311,1.);
#17311=DIRECTION('',(0.,0.,1.));
#17312=CARTESIAN_POINT('',(6.8002221399786,1.27,1.5));
#17313=VECTOR('',#17314,1.);
#17314=DIRECTION('',(0.,0.,1.));
#17315=CARTESIAN_POINT('',(6.5,0.75,1.5));
#17316=VECTOR('',#17317,1.);
#17317=DIRECTION('',(0.,0.,1.));
#17318=CARTESIAN_POINT('',(6.2,0.75,1.5));
#17319=VECTOR('',#17320,1.);
#17320=DIRECTION('',(0.,0.,1.));
#17321=CARTESIAN_POINT('',(5.89977786002139,1.27,1.5));
#17322=VECTOR('',#17323,1.);
#17323=DIRECTION('',(0.,0.,1.));
#17324=CARTESIAN_POINT('',(4.26022213997861,1.27,1.5));
#17325=VECTOR('',#17326,1.);
#17326=DIRECTION('',(0.,0.,1.));
#17327=CARTESIAN_POINT('',(3.96,0.75,1.5));
#17328=VECTOR('',#17329,1.);
#17329=DIRECTION('',(0.,0.,1.));
#17330=CARTESIAN_POINT('',(3.66,0.75,1.5));
#17331=VECTOR('',#17332,1.);
#17332=DIRECTION('',(0.,0.,1.));
#17333=CARTESIAN_POINT('',(3.35977786002139,1.27,1.5));
#17334=VECTOR('',#17335,1.);
#17335=DIRECTION('',(0.,0.,1.));
#17336=CARTESIAN_POINT('',(1.72022213997861,1.27,1.5));
#17337=VECTOR('',#17338,1.);
#17338=DIRECTION('',(0.,0.,1.));
#17339=CARTESIAN_POINT('',(1.42,0.75,1.5));
#17340=VECTOR('',#17341,1.);
#17341=DIRECTION('',(0.,0.,1.));
#17342=CARTESIAN_POINT('',(1.12,0.75,1.5));
#17343=VECTOR('',#17344,1.);
#17344=DIRECTION('',(0.,0.,1.));
#17345=CARTESIAN_POINT('',(0.819777860021395,1.27,1.5));
#17346=VECTOR('',#17347,1.);
#17347=DIRECTION('',(0.,0.,1.));
#17348=CARTESIAN_POINT('',(-0.819777860021395,1.27,1.5));
#17349=VECTOR('',#17350,1.);
#17350=DIRECTION('',(0.,0.,1.));
#17351=CARTESIAN_POINT('',(-1.12,0.75,1.5));
#17352=VECTOR('',#17353,1.);
#17353=DIRECTION('',(0.,0.,1.));
#17354=CARTESIAN_POINT('',(-1.27,0.75,1.5));
#17355=VECTOR('',#17356,1.);
#17356=DIRECTION('',(0.,0.,1.));
#17357=CARTESIAN_POINT('',(0.9,0.,4.));
#17358=AXIS2_PLACEMENT_3D('',#17359,#17360,#17361);
#17359=CARTESIAN_POINT('',(0.,0.,4.));
#17360=DIRECTION('',(0.,0.,1.));
#17361=DIRECTION('',(1.,0.,0.));
#17362=CARTESIAN_POINT('',(0.66,-8.08266887437253E-017,4.));
#17363=AXIS2_PLACEMENT_3D('',#17364,#17365,#17366);
#17364=CARTESIAN_POINT('',(0.,0.,4.));
#17365=DIRECTION('',(0.,0.,1.));
#17366=DIRECTION('',(1.,0.,0.));
#17367=CARTESIAN_POINT('',(-0.3,-5.08228421646152E-016,7.7));
#17368=AXIS2_PLACEMENT_3D('',#17369,#17370,#17371);
#17369=CARTESIAN_POINT('',(-4.71489017671731E-016,-4.71489017671731E-016,7.7));
#17370=DIRECTION('',(-6.12323399573677E-017,-6.12323399573677E-017,1.));
#17371=DIRECTION('',(-1.,-1.22464679914736E-016,-6.12323399573677E-017));
#17372=CARTESIAN_POINT('',(-0.3,-3.42901103761259E-016,5.));
#17373=AXIS2_PLACEMENT_3D('',#17374,#17375,#17376);
#17374=CARTESIAN_POINT('',(-3.06161699786838E-016,-3.06161699786838E-016,5.));
#17375=DIRECTION('',(-6.12323399573677E-017,-6.12323399573677E-017,1.));
#17376=DIRECTION('',(-1.,-1.22464679914735E-016,-6.12323399573677E-017));
#17377=CARTESIAN_POINT('',(-0.9,-4.163799117101E-016,5.));
#17378=AXIS2_PLACEMENT_3D('',#17379,#17380,#17381);
#17379=CARTESIAN_POINT('',(-3.06161699786838E-016,-3.06161699786838E-016,5.));
#17380=DIRECTION('',(-6.12323399573677E-017,-6.12323399573677E-017,1.));
#17381=DIRECTION('',(-1.,-1.22464679914735E-016,-6.12323399573677E-017));
#17382=CARTESIAN_POINT('',(-0.9,-3.55147571752732E-016,4.));
#17383=AXIS2_PLACEMENT_3D('',#17384,#17385,#17386);
#17384=CARTESIAN_POINT('',(-2.44929359829471E-016,-2.44929359829471E-016,4.));
#17385=DIRECTION('',(-6.12323399573677E-017,-6.12323399573677E-017,1.));
#17386=DIRECTION('',(-1.,-1.22464679914735E-016,-6.12323399573677E-017));
#17387=CARTESIAN_POINT('',(-0.66,-3.25756048573196E-016,4.));
#17388=AXIS2_PLACEMENT_3D('',#17389,#17390,#17391);
#17389=CARTESIAN_POINT('',(-2.44929359829471E-016,-2.44929359829471E-016,4.));
#17390=DIRECTION('',(-6.12323399573677E-017,-6.12323399573677E-017,1.));
#17391=DIRECTION('',(-1.,-1.22464679914735E-016,-6.12323399573677E-017));
#17392=CARTESIAN_POINT('',(-0.66,-1.07156594925393E-016,0.43));
#17393=AXIS2_PLACEMENT_3D('',#17394,#17395,#17396);
#17394=CARTESIAN_POINT('',(-2.63299061816681E-017,-2.63299061816681E-017,0.43));
#17395=DIRECTION('',(-6.12323399573677E-017,-6.12323399573677E-017,1.));
#17396=DIRECTION('',(-1.,-1.22464679914735E-016,-6.12323399573677E-017));
#17397=CARTESIAN_POINT('',(-0.23,-2.81668763803891E-017,-2.81668763803891E-017));
#17398=AXIS2_PLACEMENT_3D('',#17399,#17400,#17401);
#17399=CARTESIAN_POINT('',(0.,0.,0.));
#17400=DIRECTION('',(-6.12323399573677E-017,-6.12323399573676E-017,1.));
#17401=DIRECTION('',(-1.,-1.22464679914735E-016,-6.12323399573677E-017));
#17402=CARTESIAN_POINT('',(-0.23,1.83697019872103E-016,-3.46));
#17403=AXIS2_PLACEMENT_3D('',#17404,#17405,#17406);
#17404=CARTESIAN_POINT('',(2.11863896252492E-016,2.11863896252492E-016,-3.46));
#17405=DIRECTION('',(-6.12323399573675E-017,-6.12323399573677E-017,1.));
#17406=DIRECTION('',(-1.,-1.22464679914735E-016,-6.12323399573675E-017));
#17407=CARTESIAN_POINT('',(2.24,-5.08228421646152E-016,7.7));
#17408=AXIS2_PLACEMENT_3D('',#17409,#17410,#17411);
#17409=CARTESIAN_POINT('',(2.54,-4.71489017671731E-016,7.7));
#17410=DIRECTION('',(-6.12323399573677E-017,-6.12323399573677E-017,1.));
#17411=DIRECTION('',(-1.,-1.22464679914736E-016,-6.12323399573677E-017));
#17412=CARTESIAN_POINT('',(2.24,-3.42901103761259E-016,5.));
#17413=AXIS2_PLACEMENT_3D('',#17414,#17415,#17416);
#17414=CARTESIAN_POINT('',(2.54,-3.06161699786838E-016,5.));
#17415=DIRECTION('',(-6.12323399573677E-017,-6.12323399573677E-017,1.));
#17416=DIRECTION('',(-1.,-1.22464679914735E-016,-6.12323399573677E-017));
#17417=CARTESIAN_POINT('',(1.64,-4.163799117101E-016,5.));
#17418=AXIS2_PLACEMENT_3D('',#17419,#17420,#17421);
#17419=CARTESIAN_POINT('',(2.54,-3.06161699786838E-016,5.));
#17420=DIRECTION('',(-6.12323399573677E-017,-6.12323399573677E-017,1.));
#17421=DIRECTION('',(-1.,-1.22464679914735E-016,-6.12323399573677E-017));
#17422=CARTESIAN_POINT('',(1.64,-3.55147571752732E-016,4.));
#17423=AXIS2_PLACEMENT_3D('',#17424,#17425,#17426);
#17424=CARTESIAN_POINT('',(2.54,-2.44929359829471E-016,4.));
#17425=DIRECTION('',(-6.12323399573677E-017,-6.12323399573677E-017,1.));
#17426=DIRECTION('',(-1.,-1.22464679914735E-016,-6.12323399573677E-017));
#17427=CARTESIAN_POINT('',(1.88,-3.25756048573196E-016,4.));
#17428=AXIS2_PLACEMENT_3D('',#17429,#17430,#17431);
#17429=CARTESIAN_POINT('',(2.54,-2.44929359829471E-016,4.));
#17430=DIRECTION('',(-6.12323399573677E-017,-6.12323399573677E-017,1.));
#17431=DIRECTION('',(-1.,-1.22464679914735E-016,-6.12323399573677E-017));
#17432=CARTESIAN_POINT('',(1.88,-1.07156594925393E-016,0.43));
#17433=AXIS2_PLACEMENT_3D('',#17434,#17435,#17436);
#17434=CARTESIAN_POINT('',(2.54,-2.63299061816681E-017,0.43));
#17435=DIRECTION('',(-6.12323399573677E-017,-6.12323399573677E-017,1.));
#17436=DIRECTION('',(-1.,-1.22464679914735E-016,-6.12323399573677E-017));
#17437=CARTESIAN_POINT('',(2.31,-2.81668763803891E-017,-2.81668763803891E-017));
#17438=AXIS2_PLACEMENT_3D('',#17439,#17440,#17441);
#17439=CARTESIAN_POINT('',(2.54,0.,0.));
#17440=DIRECTION('',(-6.12323399573677E-017,-6.12323399573676E-017,1.));
#17441=DIRECTION('',(-1.,-1.22464679914735E-016,-6.12323399573677E-017));
#17442=CARTESIAN_POINT('',(2.31,1.83697019872103E-016,-3.46));
#17443=AXIS2_PLACEMENT_3D('',#17444,#17445,#17446);
#17444=CARTESIAN_POINT('',(2.54,2.11863896252492E-016,-3.46));
#17445=DIRECTION('',(-6.12323399573675E-017,-6.12323399573677E-017,1.));
#17446=DIRECTION('',(-1.,-1.22464679914735E-016,-6.12323399573675E-017));
#17447=CARTESIAN_POINT('',(4.78,-5.08228421646152E-016,7.7));
#17448=AXIS2_PLACEMENT_3D('',#17449,#17450,#17451);
#17449=CARTESIAN_POINT('',(5.08,-4.71489017671731E-016,7.7));
#17450=DIRECTION('',(-6.12323399573677E-017,-6.12323399573677E-017,1.));
#17451=DIRECTION('',(-1.,-1.22464679914736E-016,-6.12323399573677E-017));
#17452=CARTESIAN_POINT('',(4.78,-3.42901103761259E-016,5.));
#17453=AXIS2_PLACEMENT_3D('',#17454,#17455,#17456);
#17454=CARTESIAN_POINT('',(5.08,-3.06161699786838E-016,5.));
#17455=DIRECTION('',(-6.12323399573677E-017,-6.12323399573677E-017,1.));
#17456=DIRECTION('',(-1.,-1.22464679914735E-016,-6.12323399573677E-017));
#17457=CARTESIAN_POINT('',(4.18,-4.163799117101E-016,5.));
#17458=AXIS2_PLACEMENT_3D('',#17459,#17460,#17461);
#17459=CARTESIAN_POINT('',(5.08,-3.06161699786838E-016,5.));
#17460=DIRECTION('',(-6.12323399573677E-017,-6.12323399573677E-017,1.));
#17461=DIRECTION('',(-1.,-1.22464679914735E-016,-6.12323399573677E-017));
#17462=CARTESIAN_POINT('',(4.18,-3.55147571752732E-016,4.));
#17463=AXIS2_PLACEMENT_3D('',#17464,#17465,#17466);
#17464=CARTESIAN_POINT('',(5.08,-2.44929359829471E-016,4.));
#17465=DIRECTION('',(-6.12323399573677E-017,-6.12323399573677E-017,1.));
#17466=DIRECTION('',(-1.,-1.22464679914735E-016,-6.12323399573677E-017));
#17467=CARTESIAN_POINT('',(4.42,-3.25756048573196E-016,4.));
#17468=AXIS2_PLACEMENT_3D('',#17469,#17470,#17471);
#17469=CARTESIAN_POINT('',(5.08,-2.44929359829471E-016,4.));
#17470=DIRECTION('',(-6.12323399573677E-017,-6.12323399573677E-017,1.));
#17471=DIRECTION('',(-1.,-1.22464679914735E-016,-6.12323399573677E-017));
#17472=CARTESIAN_POINT('',(4.42,-1.07156594925393E-016,0.43));
#17473=AXIS2_PLACEMENT_3D('',#17474,#17475,#17476);
#17474=CARTESIAN_POINT('',(5.08,-2.63299061816681E-017,0.43));
#17475=DIRECTION('',(-6.12323399573677E-017,-6.12323399573677E-017,1.));
#17476=DIRECTION('',(-1.,-1.22464679914735E-016,-6.12323399573677E-017));
#17477=CARTESIAN_POINT('',(4.85,-2.81668763803891E-017,-2.81668763803891E-017));
#17478=AXIS2_PLACEMENT_3D('',#17479,#17480,#17481);
#17479=CARTESIAN_POINT('',(5.08,0.,0.));
#17480=DIRECTION('',(-6.12323399573677E-017,-6.12323399573676E-017,1.));
#17481=DIRECTION('',(-1.,-1.22464679914735E-016,-6.12323399573677E-017));
#17482=CARTESIAN_POINT('',(4.85,1.83697019872103E-016,-3.46));
#17483=AXIS2_PLACEMENT_3D('',#17484,#17485,#17486);
#17484=CARTESIAN_POINT('',(5.08,2.11863896252492E-016,-3.46));
#17485=DIRECTION('',(-6.12323399573675E-017,-6.12323399573677E-017,1.));
#17486=DIRECTION('',(-1.,-1.22464679914735E-016,-6.12323399573675E-017));
#17487=CARTESIAN_POINT('',(7.32,-5.08228421646152E-016,7.7));
#17488=AXIS2_PLACEMENT_3D('',#17489,#17490,#17491);
#17489=CARTESIAN_POINT('',(7.62,-4.71489017671731E-016,7.7));
#17490=DIRECTION('',(-6.12323399573677E-017,-6.12323399573677E-017,1.));
#17491=DIRECTION('',(-1.,-1.22464679914736E-016,-6.12323399573677E-017));
#17492=CARTESIAN_POINT('',(7.32,-3.42901103761259E-016,5.));
#17493=AXIS2_PLACEMENT_3D('',#17494,#17495,#17496);
#17494=CARTESIAN_POINT('',(7.62,-3.06161699786838E-016,5.));
#17495=DIRECTION('',(-6.12323399573677E-017,-6.12323399573677E-017,1.));
#17496=DIRECTION('',(-1.,-1.22464679914735E-016,-6.12323399573677E-017));
#17497=CARTESIAN_POINT('',(6.72,-4.163799117101E-016,5.));
#17498=AXIS2_PLACEMENT_3D('',#17499,#17500,#17501);
#17499=CARTESIAN_POINT('',(7.62,-3.06161699786838E-016,5.));
#17500=DIRECTION('',(-6.12323399573677E-017,-6.12323399573677E-017,1.));
#17501=DIRECTION('',(-1.,-1.22464679914735E-016,-6.12323399573677E-017));
#17502=CARTESIAN_POINT('',(6.72,-3.55147571752732E-016,4.));
#17503=AXIS2_PLACEMENT_3D('',#17504,#17505,#17506);
#17504=CARTESIAN_POINT('',(7.62,-2.44929359829471E-016,4.));
#17505=DIRECTION('',(-6.12323399573677E-017,-6.12323399573677E-017,1.));
#17506=DIRECTION('',(-1.,-1.22464679914735E-016,-6.12323399573677E-017));
#17507=CARTESIAN_POINT('',(6.96,-3.25756048573196E-016,4.));
#17508=AXIS2_PLACEMENT_3D('',#17509,#17510,#17511);
#17509=CARTESIAN_POINT('',(7.62,-2.44929359829471E-016,4.));
#17510=DIRECTION('',(-6.12323399573677E-017,-6.12323399573677E-017,1.));
#17511=DIRECTION('',(-1.,-1.22464679914735E-016,-6.12323399573677E-017));
#17512=CARTESIAN_POINT('',(6.96,-1.07156594925393E-016,0.43));
#17513=AXIS2_PLACEMENT_3D('',#17514,#17515,#17516);
#17514=CARTESIAN_POINT('',(7.62,-2.63299061816681E-017,0.43));
#17515=DIRECTION('',(-6.12323399573677E-017,-6.12323399573677E-017,1.));
#17516=DIRECTION('',(-1.,-1.22464679914735E-016,-6.12323399573677E-017));
#17517=CARTESIAN_POINT('',(7.39,-2.81668763803891E-017,-2.81668763803891E-017));
#17518=AXIS2_PLACEMENT_3D('',#17519,#17520,#17521);
#17519=CARTESIAN_POINT('',(7.62,0.,0.));
#17520=DIRECTION('',(-6.12323399573677E-017,-6.12323399573676E-017,1.));
#17521=DIRECTION('',(-1.,-1.22464679914735E-016,-6.12323399573677E-017));
#17522=CARTESIAN_POINT('',(7.39,1.83697019872103E-016,-3.46));
#17523=AXIS2_PLACEMENT_3D('',#17524,#17525,#17526);
#17524=CARTESIAN_POINT('',(7.62,2.11863896252492E-016,-3.46));
#17525=DIRECTION('',(-6.12323399573675E-017,-6.12323399573677E-017,1.));
#17526=DIRECTION('',(-1.,-1.22464679914735E-016,-6.12323399573675E-017));
#17527=CARTESIAN_POINT('',(9.86,-5.08228421646152E-016,7.7));
#17528=AXIS2_PLACEMENT_3D('',#17529,#17530,#17531);
#17529=CARTESIAN_POINT('',(10.16,-4.71489017671731E-016,7.7));
#17530=DIRECTION('',(-6.12323399573677E-017,-6.12323399573677E-017,1.));
#17531=DIRECTION('',(-1.,-1.22464679914736E-016,-6.12323399573677E-017));
#17532=CARTESIAN_POINT('',(9.86,-3.42901103761259E-016,5.));
#17533=AXIS2_PLACEMENT_3D('',#17534,#17535,#17536);
#17534=CARTESIAN_POINT('',(10.16,-3.06161699786838E-016,5.));
#17535=DIRECTION('',(-6.12323399573677E-017,-6.12323399573677E-017,1.));
#17536=DIRECTION('',(-1.,-1.22464679914735E-016,-6.12323399573677E-017));
#17537=CARTESIAN_POINT('',(9.26,-4.163799117101E-016,5.));
#17538=AXIS2_PLACEMENT_3D('',#17539,#17540,#17541);
#17539=CARTESIAN_POINT('',(10.16,-3.06161699786838E-016,5.));
#17540=DIRECTION('',(-6.12323399573677E-017,-6.12323399573677E-017,1.));
#17541=DIRECTION('',(-1.,-1.22464679914735E-016,-6.12323399573677E-017));
#17542=CARTESIAN_POINT('',(9.26,-3.55147571752732E-016,4.));
#17543=AXIS2_PLACEMENT_3D('',#17544,#17545,#17546);
#17544=CARTESIAN_POINT('',(10.16,-2.44929359829471E-016,4.));
#17545=DIRECTION('',(-6.12323399573677E-017,-6.12323399573677E-017,1.));
#17546=DIRECTION('',(-1.,-1.22464679914735E-016,-6.12323399573677E-017));
#17547=CARTESIAN_POINT('',(9.5,-3.25756048573196E-016,4.));
#17548=AXIS2_PLACEMENT_3D('',#17549,#17550,#17551);
#17549=CARTESIAN_POINT('',(10.16,-2.44929359829471E-016,4.));
#17550=DIRECTION('',(-6.12323399573677E-017,-6.12323399573677E-017,1.));
#17551=DIRECTION('',(-1.,-1.22464679914735E-016,-6.12323399573677E-017));
#17552=CARTESIAN_POINT('',(9.5,-1.07156594925393E-016,0.43));
#17553=AXIS2_PLACEMENT_3D('',#17554,#17555,#17556);
#17554=CARTESIAN_POINT('',(10.16,-2.63299061816681E-017,0.43));
#17555=DIRECTION('',(-6.12323399573677E-017,-6.12323399573677E-017,1.));
#17556=DIRECTION('',(-1.,-1.22464679914735E-016,-6.12323399573677E-017));
#17557=CARTESIAN_POINT('',(9.93,-2.81668763803891E-017,-2.81668763803891E-017));
#17558=AXIS2_PLACEMENT_3D('',#17559,#17560,#17561);
#17559=CARTESIAN_POINT('',(10.16,0.,0.));
#17560=DIRECTION('',(-6.12323399573677E-017,-6.12323399573676E-017,1.));
#17561=DIRECTION('',(-1.,-1.22464679914735E-016,-6.12323399573677E-017));
#17562=CARTESIAN_POINT('',(9.93,1.83697019872103E-016,-3.46));
#17563=AXIS2_PLACEMENT_3D('',#17564,#17565,#17566);
#17564=CARTESIAN_POINT('',(10.16,2.11863896252492E-016,-3.46));
#17565=DIRECTION('',(-6.12323399573675E-017,-6.12323399573677E-017,1.));
#17566=DIRECTION('',(-1.,-1.22464679914735E-016,-6.12323399573675E-017));
#17567=CARTESIAN_POINT('',(12.4,-5.08228421646152E-016,7.7));
#17568=AXIS2_PLACEMENT_3D('',#17569,#17570,#17571);
#17569=CARTESIAN_POINT('',(12.7,-4.71489017671731E-016,7.7));
#17570=DIRECTION('',(-6.12323399573677E-017,-6.12323399573677E-017,1.));
#17571=DIRECTION('',(-1.,-1.22464679914736E-016,-6.12323399573677E-017));
#17572=CARTESIAN_POINT('',(12.4,-3.42901103761259E-016,5.));
#17573=AXIS2_PLACEMENT_3D('',#17574,#17575,#17576);
#17574=CARTESIAN_POINT('',(12.7,-3.06161699786838E-016,5.));
#17575=DIRECTION('',(-6.12323399573677E-017,-6.12323399573677E-017,1.));
#17576=DIRECTION('',(-1.,-1.22464679914735E-016,-6.12323399573677E-017));
#17577=CARTESIAN_POINT('',(11.8,-4.163799117101E-016,5.));
#17578=AXIS2_PLACEMENT_3D('',#17579,#17580,#17581);
#17579=CARTESIAN_POINT('',(12.7,-3.06161699786838E-016,5.));
#17580=DIRECTION('',(-6.12323399573677E-017,-6.12323399573677E-017,1.));
#17581=DIRECTION('',(-1.,-1.22464679914735E-016,-6.12323399573677E-017));
#17582=CARTESIAN_POINT('',(11.8,-3.55147571752732E-016,4.));
#17583=AXIS2_PLACEMENT_3D('',#17584,#17585,#17586);
#17584=CARTESIAN_POINT('',(12.7,-2.44929359829471E-016,4.));
#17585=DIRECTION('',(-6.12323399573677E-017,-6.12323399573677E-017,1.));
#17586=DIRECTION('',(-1.,-1.22464679914735E-016,-6.12323399573677E-017));
#17587=CARTESIAN_POINT('',(12.04,-3.25756048573196E-016,4.));
#17588=AXIS2_PLACEMENT_3D('',#17589,#17590,#17591);
#17589=CARTESIAN_POINT('',(12.7,-2.44929359829471E-016,4.));
#17590=DIRECTION('',(-6.12323399573677E-017,-6.12323399573677E-017,1.));
#17591=DIRECTION('',(-1.,-1.22464679914735E-016,-6.12323399573677E-017));
#17592=CARTESIAN_POINT('',(12.04,-1.07156594925393E-016,0.43));
#17593=AXIS2_PLACEMENT_3D('',#17594,#17595,#17596);
#17594=CARTESIAN_POINT('',(12.7,-2.63299061816681E-017,0.43));
#17595=DIRECTION('',(-6.12323399573677E-017,-6.12323399573677E-017,1.));
#17596=DIRECTION('',(-1.,-1.22464679914735E-016,-6.12323399573677E-017));
#17597=CARTESIAN_POINT('',(12.47,-2.81668763803891E-017,-2.81668763803891E-017));
#17598=AXIS2_PLACEMENT_3D('',#17599,#17600,#17601);
#17599=CARTESIAN_POINT('',(12.7,0.,0.));
#17600=DIRECTION('',(-6.12323399573677E-017,-6.12323399573676E-017,1.));
#17601=DIRECTION('',(-1.,-1.22464679914735E-016,-6.12323399573677E-017));
#17602=CARTESIAN_POINT('',(12.47,1.83697019872103E-016,-3.46));
#17603=AXIS2_PLACEMENT_3D('',#17604,#17605,#17606);
#17604=CARTESIAN_POINT('',(12.7,2.11863896252492E-016,-3.46));
#17605=DIRECTION('',(-6.12323399573675E-017,-6.12323399573677E-017,1.));
#17606=DIRECTION('',(-1.,-1.22464679914735E-016,-6.12323399573675E-017));
#17607=CARTESIAN_POINT('',(14.94,-5.08228421646152E-016,7.7));
#17608=AXIS2_PLACEMENT_3D('',#17609,#17610,#17611);
#17609=CARTESIAN_POINT('',(15.24,-4.71489017671731E-016,7.7));
#17610=DIRECTION('',(-6.12323399573677E-017,-6.12323399573677E-017,1.));
#17611=DIRECTION('',(-1.,-1.22464679914736E-016,-6.12323399573677E-017));
#17612=CARTESIAN_POINT('',(14.94,-3.42901103761259E-016,5.));
#17613=AXIS2_PLACEMENT_3D('',#17614,#17615,#17616);
#17614=CARTESIAN_POINT('',(15.24,-3.06161699786838E-016,5.));
#17615=DIRECTION('',(-6.12323399573677E-017,-6.12323399573677E-017,1.));
#17616=DIRECTION('',(-1.,-1.22464679914735E-016,-6.12323399573677E-017));
#17617=CARTESIAN_POINT('',(14.34,-4.163799117101E-016,5.));
#17618=AXIS2_PLACEMENT_3D('',#17619,#17620,#17621);
#17619=CARTESIAN_POINT('',(15.24,-3.06161699786838E-016,5.));
#17620=DIRECTION('',(-6.12323399573677E-017,-6.12323399573677E-017,1.));
#17621=DIRECTION('',(-1.,-1.22464679914735E-016,-6.12323399573677E-017));
#17622=CARTESIAN_POINT('',(14.34,-3.55147571752732E-016,4.));
#17623=AXIS2_PLACEMENT_3D('',#17624,#17625,#17626);
#17624=CARTESIAN_POINT('',(15.24,-2.44929359829471E-016,4.));
#17625=DIRECTION('',(-6.12323399573677E-017,-6.12323399573677E-017,1.));
#17626=DIRECTION('',(-1.,-1.22464679914735E-016,-6.12323399573677E-017));
#17627=CARTESIAN_POINT('',(14.58,-3.25756048573196E-016,4.));
#17628=AXIS2_PLACEMENT_3D('',#17629,#17630,#17631);
#17629=CARTESIAN_POINT('',(15.24,-2.44929359829471E-016,4.));
#17630=DIRECTION('',(-6.12323399573677E-017,-6.12323399573677E-017,1.));
#17631=DIRECTION('',(-1.,-1.22464679914735E-016,-6.12323399573677E-017));
#17632=CARTESIAN_POINT('',(14.58,-1.07156594925393E-016,0.43));
#17633=AXIS2_PLACEMENT_3D('',#17634,#17635,#17636);
#17634=CARTESIAN_POINT('',(15.24,-2.63299061816681E-017,0.43));
#17635=DIRECTION('',(-6.12323399573677E-017,-6.12323399573677E-017,1.));
#17636=DIRECTION('',(-1.,-1.22464679914735E-016,-6.12323399573677E-017));
#17637=CARTESIAN_POINT('',(15.01,-2.81668763803891E-017,-2.81668763803891E-017));
#17638=AXIS2_PLACEMENT_3D('',#17639,#17640,#17641);
#17639=CARTESIAN_POINT('',(15.24,0.,0.));
#17640=DIRECTION('',(-6.12323399573677E-017,-6.12323399573676E-017,1.));
#17641=DIRECTION('',(-1.,-1.22464679914735E-016,-6.12323399573677E-017));
#17642=CARTESIAN_POINT('',(15.01,1.83697019872103E-016,-3.46));
#17643=AXIS2_PLACEMENT_3D('',#17644,#17645,#17646);
#17644=CARTESIAN_POINT('',(15.24,2.11863896252492E-016,-3.46));
#17645=DIRECTION('',(-6.12323399573675E-017,-6.12323399573677E-017,1.));
#17646=DIRECTION('',(-1.,-1.22464679914735E-016,-6.12323399573675E-017));
#17647=CARTESIAN_POINT('',(17.48,-5.08228421646152E-016,7.7));
#17648=AXIS2_PLACEMENT_3D('',#17649,#17650,#17651);
#17649=CARTESIAN_POINT('',(17.78,-4.71489017671731E-016,7.7));
#17650=DIRECTION('',(-6.12323399573677E-017,-6.12323399573677E-017,1.));
#17651=DIRECTION('',(-1.,-1.22464679914736E-016,-6.12323399573677E-017));
#17652=CARTESIAN_POINT('',(17.48,-3.42901103761259E-016,5.));
#17653=AXIS2_PLACEMENT_3D('',#17654,#17655,#17656);
#17654=CARTESIAN_POINT('',(17.78,-3.06161699786838E-016,5.));
#17655=DIRECTION('',(-6.12323399573677E-017,-6.12323399573677E-017,1.));
#17656=DIRECTION('',(-1.,-1.22464679914735E-016,-6.12323399573677E-017));
#17657=CARTESIAN_POINT('',(16.88,-4.163799117101E-016,5.));
#17658=AXIS2_PLACEMENT_3D('',#17659,#17660,#17661);
#17659=CARTESIAN_POINT('',(17.78,-3.06161699786838E-016,5.));
#17660=DIRECTION('',(-6.12323399573677E-017,-6.12323399573677E-017,1.));
#17661=DIRECTION('',(-1.,-1.22464679914735E-016,-6.12323399573677E-017));
#17662=CARTESIAN_POINT('',(16.88,-3.55147571752732E-016,4.));
#17663=AXIS2_PLACEMENT_3D('',#17664,#17665,#17666);
#17664=CARTESIAN_POINT('',(17.78,-2.44929359829471E-016,4.));
#17665=DIRECTION('',(-6.12323399573677E-017,-6.12323399573677E-017,1.));
#17666=DIRECTION('',(-1.,-1.22464679914735E-016,-6.12323399573677E-017));
#17667=CARTESIAN_POINT('',(17.12,-3.25756048573196E-016,4.));
#17668=AXIS2_PLACEMENT_3D('',#17669,#17670,#17671);
#17669=CARTESIAN_POINT('',(17.78,-2.44929359829471E-016,4.));
#17670=DIRECTION('',(-6.12323399573677E-017,-6.12323399573677E-017,1.));
#17671=DIRECTION('',(-1.,-1.22464679914735E-016,-6.12323399573677E-017));
#17672=CARTESIAN_POINT('',(17.12,-1.07156594925393E-016,0.43));
#17673=AXIS2_PLACEMENT_3D('',#17674,#17675,#17676);
#17674=CARTESIAN_POINT('',(17.78,-2.63299061816681E-017,0.43));
#17675=DIRECTION('',(-6.12323399573677E-017,-6.12323399573677E-017,1.));
#17676=DIRECTION('',(-1.,-1.22464679914735E-016,-6.12323399573677E-017));
#17677=CARTESIAN_POINT('',(17.55,-2.81668763803891E-017,-2.81668763803891E-017));
#17678=AXIS2_PLACEMENT_3D('',#17679,#17680,#17681);
#17679=CARTESIAN_POINT('',(17.78,0.,0.));
#17680=DIRECTION('',(-6.12323399573677E-017,-6.12323399573676E-017,1.));
#17681=DIRECTION('',(-1.,-1.22464679914735E-016,-6.12323399573677E-017));
#17682=CARTESIAN_POINT('',(17.55,1.83697019872103E-016,-3.46));
#17683=AXIS2_PLACEMENT_3D('',#17684,#17685,#17686);
#17684=CARTESIAN_POINT('',(17.78,2.11863896252492E-016,-3.46));
#17685=DIRECTION('',(-6.12323399573675E-017,-6.12323399573677E-017,1.));
#17686=DIRECTION('',(-1.,-1.22464679914735E-016,-6.12323399573675E-017));
#17687=CARTESIAN_POINT('',(20.02,-5.08228421646152E-016,7.7));
#17688=AXIS2_PLACEMENT_3D('',#17689,#17690,#17691);
#17689=CARTESIAN_POINT('',(20.32,-4.71489017671731E-016,7.7));
#17690=DIRECTION('',(-6.12323399573677E-017,-6.12323399573677E-017,1.));
#17691=DIRECTION('',(-1.,-1.22464679914736E-016,-6.12323399573677E-017));
#17692=CARTESIAN_POINT('',(20.02,-3.42901103761259E-016,5.));
#17693=AXIS2_PLACEMENT_3D('',#17694,#17695,#17696);
#17694=CARTESIAN_POINT('',(20.32,-3.06161699786838E-016,5.));
#17695=DIRECTION('',(-6.12323399573677E-017,-6.12323399573677E-017,1.));
#17696=DIRECTION('',(-1.,-1.22464679914735E-016,-6.12323399573677E-017));
#17697=CARTESIAN_POINT('',(19.42,-4.163799117101E-016,5.));
#17698=AXIS2_PLACEMENT_3D('',#17699,#17700,#17701);
#17699=CARTESIAN_POINT('',(20.32,-3.06161699786838E-016,5.));
#17700=DIRECTION('',(-6.12323399573677E-017,-6.12323399573677E-017,1.));
#17701=DIRECTION('',(-1.,-1.22464679914735E-016,-6.12323399573677E-017));
#17702=CARTESIAN_POINT('',(19.42,-3.55147571752732E-016,4.));
#17703=AXIS2_PLACEMENT_3D('',#17704,#17705,#17706);
#17704=CARTESIAN_POINT('',(20.32,-2.44929359829471E-016,4.));
#17705=DIRECTION('',(-6.12323399573677E-017,-6.12323399573677E-017,1.));
#17706=DIRECTION('',(-1.,-1.22464679914735E-016,-6.12323399573677E-017));
#17707=CARTESIAN_POINT('',(19.66,-3.25756048573196E-016,4.));
#17708=AXIS2_PLACEMENT_3D('',#17709,#17710,#17711);
#17709=CARTESIAN_POINT('',(20.32,-2.44929359829471E-016,4.));
#17710=DIRECTION('',(-6.12323399573677E-017,-6.12323399573677E-017,1.));
#17711=DIRECTION('',(-1.,-1.22464679914735E-016,-6.12323399573677E-017));
#17712=CARTESIAN_POINT('',(19.66,-1.07156594925393E-016,0.43));
#17713=AXIS2_PLACEMENT_3D('',#17714,#17715,#17716);
#17714=CARTESIAN_POINT('',(20.32,-2.63299061816681E-017,0.43));
#17715=DIRECTION('',(-6.12323399573677E-017,-6.12323399573677E-017,1.));
#17716=DIRECTION('',(-1.,-1.22464679914735E-016,-6.12323399573677E-017));
#17717=CARTESIAN_POINT('',(20.09,-2.81668763803891E-017,-2.81668763803891E-017));
#17718=AXIS2_PLACEMENT_3D('',#17719,#17720,#17721);
#17719=CARTESIAN_POINT('',(20.32,0.,0.));
#17720=DIRECTION('',(-6.12323399573677E-017,-6.12323399573676E-017,1.));
#17721=DIRECTION('',(-1.,-1.22464679914735E-016,-6.12323399573677E-017));
#17722=CARTESIAN_POINT('',(20.09,1.83697019872103E-016,-3.46));
#17723=AXIS2_PLACEMENT_3D('',#17724,#17725,#17726);
#17724=CARTESIAN_POINT('',(20.32,2.11863896252492E-016,-3.46));
#17725=DIRECTION('',(-6.12323399573675E-017,-6.12323399573677E-017,1.));
#17726=DIRECTION('',(-1.,-1.22464679914735E-016,-6.12323399573675E-017));
#17727=CARTESIAN_POINT('',(22.56,-5.08228421646152E-016,7.7));
#17728=AXIS2_PLACEMENT_3D('',#17729,#17730,#17731);
#17729=CARTESIAN_POINT('',(22.86,-4.71489017671731E-016,7.7));
#17730=DIRECTION('',(-6.12323399573677E-017,-6.12323399573677E-017,1.));
#17731=DIRECTION('',(-1.,-1.22464679914736E-016,-6.12323399573677E-017));
#17732=CARTESIAN_POINT('',(22.56,-3.42901103761259E-016,5.));
#17733=AXIS2_PLACEMENT_3D('',#17734,#17735,#17736);
#17734=CARTESIAN_POINT('',(22.86,-3.06161699786838E-016,5.));
#17735=DIRECTION('',(-6.12323399573677E-017,-6.12323399573677E-017,1.));
#17736=DIRECTION('',(-1.,-1.22464679914735E-016,-6.12323399573677E-017));
#17737=CARTESIAN_POINT('',(21.96,-4.163799117101E-016,5.));
#17738=AXIS2_PLACEMENT_3D('',#17739,#17740,#17741);
#17739=CARTESIAN_POINT('',(22.86,-3.06161699786838E-016,5.));
#17740=DIRECTION('',(-6.12323399573677E-017,-6.12323399573677E-017,1.));
#17741=DIRECTION('',(-1.,-1.22464679914735E-016,-6.12323399573677E-017));
#17742=CARTESIAN_POINT('',(21.96,-3.55147571752732E-016,4.));
#17743=AXIS2_PLACEMENT_3D('',#17744,#17745,#17746);
#17744=CARTESIAN_POINT('',(22.86,-2.44929359829471E-016,4.));
#17745=DIRECTION('',(-6.12323399573677E-017,-6.12323399573677E-017,1.));
#17746=DIRECTION('',(-1.,-1.22464679914735E-016,-6.12323399573677E-017));
#17747=CARTESIAN_POINT('',(22.2,-3.25756048573196E-016,4.));
#17748=AXIS2_PLACEMENT_3D('',#17749,#17750,#17751);
#17749=CARTESIAN_POINT('',(22.86,-2.44929359829471E-016,4.));
#17750=DIRECTION('',(-6.12323399573677E-017,-6.12323399573677E-017,1.));
#17751=DIRECTION('',(-1.,-1.22464679914735E-016,-6.12323399573677E-017));
#17752=CARTESIAN_POINT('',(22.2,-1.07156594925393E-016,0.43));
#17753=AXIS2_PLACEMENT_3D('',#17754,#17755,#17756);
#17754=CARTESIAN_POINT('',(22.86,-2.63299061816681E-017,0.43));
#17755=DIRECTION('',(-6.12323399573677E-017,-6.12323399573677E-017,1.));
#17756=DIRECTION('',(-1.,-1.22464679914735E-016,-6.12323399573677E-017));
#17757=CARTESIAN_POINT('',(22.63,-2.81668763803891E-017,-2.81668763803891E-017));
#17758=AXIS2_PLACEMENT_3D('',#17759,#17760,#17761);
#17759=CARTESIAN_POINT('',(22.86,0.,0.));
#17760=DIRECTION('',(-6.12323399573677E-017,-6.12323399573676E-017,1.));
#17761=DIRECTION('',(-1.,-1.22464679914735E-016,-6.12323399573677E-017));
#17762=CARTESIAN_POINT('',(22.63,1.83697019872103E-016,-3.46));
#17763=AXIS2_PLACEMENT_3D('',#17764,#17765,#17766);
#17764=CARTESIAN_POINT('',(22.86,2.11863896252492E-016,-3.46));
#17765=DIRECTION('',(-6.12323399573675E-017,-6.12323399573677E-017,1.));
#17766=DIRECTION('',(-1.,-1.22464679914735E-016,-6.12323399573675E-017));
#17767=CARTESIAN_POINT('',(25.1,-5.08228421646152E-016,7.7));
#17768=AXIS2_PLACEMENT_3D('',#17769,#17770,#17771);
#17769=CARTESIAN_POINT('',(25.4,-4.71489017671731E-016,7.7));
#17770=DIRECTION('',(-6.12323399573677E-017,-6.12323399573677E-017,1.));
#17771=DIRECTION('',(-1.,-1.22464679914736E-016,-6.12323399573677E-017));
#17772=CARTESIAN_POINT('',(25.1,-3.42901103761259E-016,5.));
#17773=AXIS2_PLACEMENT_3D('',#17774,#17775,#17776);
#17774=CARTESIAN_POINT('',(25.4,-3.06161699786838E-016,5.));
#17775=DIRECTION('',(-6.12323399573677E-017,-6.12323399573677E-017,1.));
#17776=DIRECTION('',(-1.,-1.22464679914735E-016,-6.12323399573677E-017));
#17777=CARTESIAN_POINT('',(24.5,-4.163799117101E-016,5.));
#17778=AXIS2_PLACEMENT_3D('',#17779,#17780,#17781);
#17779=CARTESIAN_POINT('',(25.4,-3.06161699786838E-016,5.));
#17780=DIRECTION('',(-6.12323399573677E-017,-6.12323399573677E-017,1.));
#17781=DIRECTION('',(-1.,-1.22464679914735E-016,-6.12323399573677E-017));
#17782=CARTESIAN_POINT('',(24.5,-3.55147571752732E-016,4.));
#17783=AXIS2_PLACEMENT_3D('',#17784,#17785,#17786);
#17784=CARTESIAN_POINT('',(25.4,-2.44929359829471E-016,4.));
#17785=DIRECTION('',(-6.12323399573677E-017,-6.12323399573677E-017,1.));
#17786=DIRECTION('',(-1.,-1.22464679914735E-016,-6.12323399573677E-017));
#17787=CARTESIAN_POINT('',(24.74,-3.25756048573196E-016,4.));
#17788=AXIS2_PLACEMENT_3D('',#17789,#17790,#17791);
#17789=CARTESIAN_POINT('',(25.4,-2.44929359829471E-016,4.));
#17790=DIRECTION('',(-6.12323399573677E-017,-6.12323399573677E-017,1.));
#17791=DIRECTION('',(-1.,-1.22464679914735E-016,-6.12323399573677E-017));
#17792=CARTESIAN_POINT('',(24.74,-1.07156594925393E-016,0.43));
#17793=AXIS2_PLACEMENT_3D('',#17794,#17795,#17796);
#17794=CARTESIAN_POINT('',(25.4,-2.63299061816681E-017,0.43));
#17795=DIRECTION('',(-6.12323399573677E-017,-6.12323399573677E-017,1.));
#17796=DIRECTION('',(-1.,-1.22464679914735E-016,-6.12323399573677E-017));
#17797=CARTESIAN_POINT('',(25.17,-2.81668763803891E-017,-2.81668763803891E-017));
#17798=AXIS2_PLACEMENT_3D('',#17799,#17800,#17801);
#17799=CARTESIAN_POINT('',(25.4,0.,0.));
#17800=DIRECTION('',(-6.12323399573677E-017,-6.12323399573676E-017,1.));
#17801=DIRECTION('',(-1.,-1.22464679914735E-016,-6.12323399573677E-017));
#17802=CARTESIAN_POINT('',(25.17,1.83697019872103E-016,-3.46));
#17803=AXIS2_PLACEMENT_3D('',#17804,#17805,#17806);
#17804=CARTESIAN_POINT('',(25.4,2.11863896252492E-016,-3.46));
#17805=DIRECTION('',(-6.12323399573675E-017,-6.12323399573677E-017,1.));
#17806=DIRECTION('',(-1.,-1.22464679914735E-016,-6.12323399573675E-017));
#17807=CARTESIAN_POINT('',(27.64,-5.08228421646152E-016,7.7));
#17808=AXIS2_PLACEMENT_3D('',#17809,#17810,#17811);
#17809=CARTESIAN_POINT('',(27.94,-4.71489017671731E-016,7.7));
#17810=DIRECTION('',(-6.12323399573677E-017,-6.12323399573677E-017,1.));
#17811=DIRECTION('',(-1.,-1.22464679914736E-016,-6.12323399573677E-017));
#17812=CARTESIAN_POINT('',(27.64,-3.42901103761259E-016,5.));
#17813=AXIS2_PLACEMENT_3D('',#17814,#17815,#17816);
#17814=CARTESIAN_POINT('',(27.94,-3.06161699786838E-016,5.));
#17815=DIRECTION('',(-6.12323399573677E-017,-6.12323399573677E-017,1.));
#17816=DIRECTION('',(-1.,-1.22464679914735E-016,-6.12323399573677E-017));
#17817=CARTESIAN_POINT('',(27.04,-4.163799117101E-016,5.));
#17818=AXIS2_PLACEMENT_3D('',#17819,#17820,#17821);
#17819=CARTESIAN_POINT('',(27.94,-3.06161699786838E-016,5.));
#17820=DIRECTION('',(-6.12323399573677E-017,-6.12323399573677E-017,1.));
#17821=DIRECTION('',(-1.,-1.22464679914735E-016,-6.12323399573677E-017));
#17822=CARTESIAN_POINT('',(27.04,-3.55147571752732E-016,4.));
#17823=AXIS2_PLACEMENT_3D('',#17824,#17825,#17826);
#17824=CARTESIAN_POINT('',(27.94,-2.44929359829471E-016,4.));
#17825=DIRECTION('',(-6.12323399573677E-017,-6.12323399573677E-017,1.));
#17826=DIRECTION('',(-1.,-1.22464679914735E-016,-6.12323399573677E-017));
#17827=CARTESIAN_POINT('',(27.28,-3.25756048573196E-016,4.));
#17828=AXIS2_PLACEMENT_3D('',#17829,#17830,#17831);
#17829=CARTESIAN_POINT('',(27.94,-2.44929359829471E-016,4.));
#17830=DIRECTION('',(-6.12323399573677E-017,-6.12323399573677E-017,1.));
#17831=DIRECTION('',(-1.,-1.22464679914735E-016,-6.12323399573677E-017));
#17832=CARTESIAN_POINT('',(27.28,-1.07156594925393E-016,0.43));
#17833=AXIS2_PLACEMENT_3D('',#17834,#17835,#17836);
#17834=CARTESIAN_POINT('',(27.94,-2.63299061816681E-017,0.43));
#17835=DIRECTION('',(-6.12323399573677E-017,-6.12323399573677E-017,1.));
#17836=DIRECTION('',(-1.,-1.22464679914735E-016,-6.12323399573677E-017));
#17837=CARTESIAN_POINT('',(27.71,-2.81668763803891E-017,-2.81668763803891E-017));
#17838=AXIS2_PLACEMENT_3D('',#17839,#17840,#17841);
#17839=CARTESIAN_POINT('',(27.94,0.,0.));
#17840=DIRECTION('',(-6.12323399573677E-017,-6.12323399573676E-017,1.));
#17841=DIRECTION('',(-1.,-1.22464679914735E-016,-6.12323399573677E-017));
#17842=CARTESIAN_POINT('',(27.71,1.83697019872103E-016,-3.46));
#17843=AXIS2_PLACEMENT_3D('',#17844,#17845,#17846);
#17844=CARTESIAN_POINT('',(27.94,2.11863896252492E-016,-3.46));
#17845=DIRECTION('',(-6.12323399573675E-017,-6.12323399573677E-017,1.));
#17846=DIRECTION('',(-1.,-1.22464679914735E-016,-6.12323399573675E-017));
#17847=CARTESIAN_POINT('',(30.18,-5.08228421646152E-016,7.7));
#17848=AXIS2_PLACEMENT_3D('',#17849,#17850,#17851);
#17849=CARTESIAN_POINT('',(30.48,-4.71489017671731E-016,7.7));
#17850=DIRECTION('',(-6.12323399573677E-017,-6.12323399573677E-017,1.));
#17851=DIRECTION('',(-1.,-1.22464679914736E-016,-6.12323399573677E-017));
#17852=CARTESIAN_POINT('',(30.18,-3.42901103761259E-016,5.));
#17853=AXIS2_PLACEMENT_3D('',#17854,#17855,#17856);
#17854=CARTESIAN_POINT('',(30.48,-3.06161699786838E-016,5.));
#17855=DIRECTION('',(-6.12323399573677E-017,-6.12323399573677E-017,1.));
#17856=DIRECTION('',(-1.,-1.22464679914735E-016,-6.12323399573677E-017));
#17857=CARTESIAN_POINT('',(29.58,-4.163799117101E-016,5.));
#17858=AXIS2_PLACEMENT_3D('',#17859,#17860,#17861);
#17859=CARTESIAN_POINT('',(30.48,-3.06161699786838E-016,5.));
#17860=DIRECTION('',(-6.12323399573677E-017,-6.12323399573677E-017,1.));
#17861=DIRECTION('',(-1.,-1.22464679914735E-016,-6.12323399573677E-017));
#17862=CARTESIAN_POINT('',(29.58,-3.55147571752732E-016,4.));
#17863=AXIS2_PLACEMENT_3D('',#17864,#17865,#17866);
#17864=CARTESIAN_POINT('',(30.48,-2.44929359829471E-016,4.));
#17865=DIRECTION('',(-6.12323399573677E-017,-6.12323399573677E-017,1.));
#17866=DIRECTION('',(-1.,-1.22464679914735E-016,-6.12323399573677E-017));
#17867=CARTESIAN_POINT('',(29.82,-3.25756048573196E-016,4.));
#17868=AXIS2_PLACEMENT_3D('',#17869,#17870,#17871);
#17869=CARTESIAN_POINT('',(30.48,-2.44929359829471E-016,4.));
#17870=DIRECTION('',(-6.12323399573677E-017,-6.12323399573677E-017,1.));
#17871=DIRECTION('',(-1.,-1.22464679914735E-016,-6.12323399573677E-017));
#17872=CARTESIAN_POINT('',(29.82,-1.07156594925393E-016,0.43));
#17873=AXIS2_PLACEMENT_3D('',#17874,#17875,#17876);
#17874=CARTESIAN_POINT('',(30.48,-2.63299061816681E-017,0.43));
#17875=DIRECTION('',(-6.12323399573677E-017,-6.12323399573677E-017,1.));
#17876=DIRECTION('',(-1.,-1.22464679914735E-016,-6.12323399573677E-017));
#17877=CARTESIAN_POINT('',(30.25,-2.81668763803891E-017,-2.81668763803891E-017));
#17878=AXIS2_PLACEMENT_3D('',#17879,#17880,#17881);
#17879=CARTESIAN_POINT('',(30.48,0.,0.));
#17880=DIRECTION('',(-6.12323399573677E-017,-6.12323399573676E-017,1.));
#17881=DIRECTION('',(-1.,-1.22464679914735E-016,-6.12323399573677E-017));
#17882=CARTESIAN_POINT('',(30.25,1.83697019872103E-016,-3.46));
#17883=AXIS2_PLACEMENT_3D('',#17884,#17885,#17886);
#17884=CARTESIAN_POINT('',(30.48,2.11863896252492E-016,-3.46));
#17885=DIRECTION('',(-6.12323399573675E-017,-6.12323399573677E-017,1.));
#17886=DIRECTION('',(-1.,-1.22464679914735E-016,-6.12323399573675E-017));
#17887=CARTESIAN_POINT('',(32.72,-5.08228421646152E-016,7.7));
#17888=AXIS2_PLACEMENT_3D('',#17889,#17890,#17891);
#17889=CARTESIAN_POINT('',(33.02,-4.71489017671731E-016,7.7));
#17890=DIRECTION('',(-6.12323399573677E-017,-6.12323399573677E-017,1.));
#17891=DIRECTION('',(-1.,-1.22464679914737E-016,-6.12323399573677E-017));
#17892=CARTESIAN_POINT('',(32.72,-3.42901103761259E-016,5.));
#17893=AXIS2_PLACEMENT_3D('',#17894,#17895,#17896);
#17894=CARTESIAN_POINT('',(33.02,-3.06161699786838E-016,5.));
#17895=DIRECTION('',(-6.12323399573677E-017,-6.12323399573677E-017,1.));
#17896=DIRECTION('',(-1.,-1.22464679914735E-016,-6.12323399573677E-017));
#17897=CARTESIAN_POINT('',(32.12,-4.163799117101E-016,5.));
#17898=AXIS2_PLACEMENT_3D('',#17899,#17900,#17901);
#17899=CARTESIAN_POINT('',(33.02,-3.06161699786838E-016,5.));
#17900=DIRECTION('',(-6.12323399573677E-017,-6.12323399573677E-017,1.));
#17901=DIRECTION('',(-1.,-1.22464679914735E-016,-6.12323399573677E-017));
#17902=CARTESIAN_POINT('',(32.12,-3.55147571752732E-016,4.));
#17903=AXIS2_PLACEMENT_3D('',#17904,#17905,#17906);
#17904=CARTESIAN_POINT('',(33.02,-2.44929359829471E-016,4.));
#17905=DIRECTION('',(-6.12323399573677E-017,-6.12323399573677E-017,1.));
#17906=DIRECTION('',(-1.,-1.22464679914735E-016,-6.12323399573677E-017));
#17907=CARTESIAN_POINT('',(32.36,-3.25756048573196E-016,4.));
#17908=AXIS2_PLACEMENT_3D('',#17909,#17910,#17911);
#17909=CARTESIAN_POINT('',(33.02,-2.44929359829471E-016,4.));
#17910=DIRECTION('',(-6.12323399573677E-017,-6.12323399573677E-017,1.));
#17911=DIRECTION('',(-1.,-1.22464679914735E-016,-6.12323399573677E-017));
#17912=CARTESIAN_POINT('',(32.36,-1.07156594925393E-016,0.43));
#17913=AXIS2_PLACEMENT_3D('',#17914,#17915,#17916);
#17914=CARTESIAN_POINT('',(33.02,-2.63299061816681E-017,0.43));
#17915=DIRECTION('',(-6.12323399573677E-017,-6.12323399573677E-017,1.));
#17916=DIRECTION('',(-1.,-1.22464679914736E-016,-6.12323399573677E-017));
#17917=CARTESIAN_POINT('',(32.79,-2.81668763803891E-017,-2.81668763803891E-017));
#17918=AXIS2_PLACEMENT_3D('',#17919,#17920,#17921);
#17919=CARTESIAN_POINT('',(33.02,0.,0.));
#17920=DIRECTION('',(-6.12323399573677E-017,-6.12323399573676E-017,1.));
#17921=DIRECTION('',(-1.,-1.22464679914737E-016,-6.12323399573677E-017));
#17922=CARTESIAN_POINT('',(32.79,1.83697019872103E-016,-3.46));
#17923=AXIS2_PLACEMENT_3D('',#17924,#17925,#17926);
#17924=CARTESIAN_POINT('',(33.02,2.11863896252492E-016,-3.46));
#17925=DIRECTION('',(-6.12323399573675E-017,-6.12323399573677E-017,1.));
#17926=DIRECTION('',(-1.,-1.22464679914737E-016,-6.12323399573675E-017));
#17927=CARTESIAN_POINT('',(35.26,-5.08228421646152E-016,7.7));
#17928=AXIS2_PLACEMENT_3D('',#17929,#17930,#17931);
#17929=CARTESIAN_POINT('',(35.56,-4.71489017671731E-016,7.7));
#17930=DIRECTION('',(-6.12323399573677E-017,-6.12323399573677E-017,1.));
#17931=DIRECTION('',(-1.,-1.22464679914737E-016,-6.12323399573677E-017));
#17932=CARTESIAN_POINT('',(35.26,-3.42901103761259E-016,5.));
#17933=AXIS2_PLACEMENT_3D('',#17934,#17935,#17936);
#17934=CARTESIAN_POINT('',(35.56,-3.06161699786838E-016,5.));
#17935=DIRECTION('',(-6.12323399573677E-017,-6.12323399573677E-017,1.));
#17936=DIRECTION('',(-1.,-1.22464679914735E-016,-6.12323399573677E-017));
#17937=CARTESIAN_POINT('',(34.66,-4.163799117101E-016,5.));
#17938=AXIS2_PLACEMENT_3D('',#17939,#17940,#17941);
#17939=CARTESIAN_POINT('',(35.56,-3.06161699786838E-016,5.));
#17940=DIRECTION('',(-6.12323399573677E-017,-6.12323399573677E-017,1.));
#17941=DIRECTION('',(-1.,-1.22464679914735E-016,-6.12323399573677E-017));
#17942=CARTESIAN_POINT('',(34.66,-3.55147571752732E-016,4.));
#17943=AXIS2_PLACEMENT_3D('',#17944,#17945,#17946);
#17944=CARTESIAN_POINT('',(35.56,-2.44929359829471E-016,4.));
#17945=DIRECTION('',(-6.12323399573677E-017,-6.12323399573677E-017,1.));
#17946=DIRECTION('',(-1.,-1.22464679914735E-016,-6.12323399573677E-017));
#17947=CARTESIAN_POINT('',(34.9,-3.25756048573196E-016,4.));
#17948=AXIS2_PLACEMENT_3D('',#17949,#17950,#17951);
#17949=CARTESIAN_POINT('',(35.56,-2.44929359829471E-016,4.));
#17950=DIRECTION('',(-6.12323399573677E-017,-6.12323399573677E-017,1.));
#17951=DIRECTION('',(-1.,-1.22464679914735E-016,-6.12323399573677E-017));
#17952=CARTESIAN_POINT('',(34.9,-1.07156594925393E-016,0.43));
#17953=AXIS2_PLACEMENT_3D('',#17954,#17955,#17956);
#17954=CARTESIAN_POINT('',(35.56,-2.63299061816681E-017,0.43));
#17955=DIRECTION('',(-6.12323399573677E-017,-6.12323399573677E-017,1.));
#17956=DIRECTION('',(-1.,-1.22464679914736E-016,-6.12323399573677E-017));
#17957=CARTESIAN_POINT('',(35.33,-2.81668763803891E-017,-2.81668763803891E-017));
#17958=AXIS2_PLACEMENT_3D('',#17959,#17960,#17961);
#17959=CARTESIAN_POINT('',(35.56,0.,0.));
#17960=DIRECTION('',(-6.12323399573677E-017,-6.12323399573676E-017,1.));
#17961=DIRECTION('',(-1.,-1.22464679914737E-016,-6.12323399573677E-017));
#17962=CARTESIAN_POINT('',(35.33,1.83697019872103E-016,-3.46));
#17963=AXIS2_PLACEMENT_3D('',#17964,#17965,#17966);
#17964=CARTESIAN_POINT('',(35.56,2.11863896252492E-016,-3.46));
#17965=DIRECTION('',(-6.12323399573675E-017,-6.12323399573677E-017,1.));
#17966=DIRECTION('',(-1.,-1.22464679914737E-016,-6.12323399573675E-017));
#17967=CARTESIAN_POINT('',(37.8,-5.08228421646152E-016,7.7));
#17968=AXIS2_PLACEMENT_3D('',#17969,#17970,#17971);
#17969=CARTESIAN_POINT('',(38.1,-4.71489017671731E-016,7.7));
#17970=DIRECTION('',(-6.12323399573677E-017,-6.12323399573677E-017,1.));
#17971=DIRECTION('',(-1.,-1.22464679914737E-016,-6.12323399573677E-017));
#17972=CARTESIAN_POINT('',(37.8,-3.42901103761259E-016,5.));
#17973=AXIS2_PLACEMENT_3D('',#17974,#17975,#17976);
#17974=CARTESIAN_POINT('',(38.1,-3.06161699786838E-016,5.));
#17975=DIRECTION('',(-6.12323399573677E-017,-6.12323399573677E-017,1.));
#17976=DIRECTION('',(-1.,-1.22464679914735E-016,-6.12323399573677E-017));
#17977=CARTESIAN_POINT('',(37.2,-4.163799117101E-016,5.));
#17978=AXIS2_PLACEMENT_3D('',#17979,#17980,#17981);
#17979=CARTESIAN_POINT('',(38.1,-3.06161699786838E-016,5.));
#17980=DIRECTION('',(-6.12323399573677E-017,-6.12323399573677E-017,1.));
#17981=DIRECTION('',(-1.,-1.22464679914735E-016,-6.12323399573677E-017));
#17982=CARTESIAN_POINT('',(37.2,-3.55147571752732E-016,4.));
#17983=AXIS2_PLACEMENT_3D('',#17984,#17985,#17986);
#17984=CARTESIAN_POINT('',(38.1,-2.44929359829471E-016,4.));
#17985=DIRECTION('',(-6.12323399573677E-017,-6.12323399573677E-017,1.));
#17986=DIRECTION('',(-1.,-1.22464679914735E-016,-6.12323399573677E-017));
#17987=CARTESIAN_POINT('',(37.44,-3.25756048573196E-016,4.));
#17988=AXIS2_PLACEMENT_3D('',#17989,#17990,#17991);
#17989=CARTESIAN_POINT('',(38.1,-2.44929359829471E-016,4.));
#17990=DIRECTION('',(-6.12323399573677E-017,-6.12323399573677E-017,1.));
#17991=DIRECTION('',(-1.,-1.22464679914735E-016,-6.12323399573677E-017));
#17992=CARTESIAN_POINT('',(37.44,-1.07156594925393E-016,0.43));
#17993=AXIS2_PLACEMENT_3D('',#17994,#17995,#17996);
#17994=CARTESIAN_POINT('',(38.1,-2.63299061816681E-017,0.43));
#17995=DIRECTION('',(-6.12323399573677E-017,-6.12323399573677E-017,1.));
#17996=DIRECTION('',(-1.,-1.22464679914736E-016,-6.12323399573677E-017));
#17997=CARTESIAN_POINT('',(37.87,-2.81668763803891E-017,-2.81668763803891E-017));
#17998=AXIS2_PLACEMENT_3D('',#17999,#18000,#18001);
#17999=CARTESIAN_POINT('',(38.1,0.,0.));
#18000=DIRECTION('',(-6.12323399573677E-017,-6.12323399573676E-017,1.));
#18001=DIRECTION('',(-1.,-1.22464679914737E-016,-6.12323399573677E-017));
#18002=CARTESIAN_POINT('',(37.87,1.83697019872103E-016,-3.46));
#18003=AXIS2_PLACEMENT_3D('',#18004,#18005,#18006);
#18004=CARTESIAN_POINT('',(38.1,2.11863896252492E-016,-3.46));
#18005=DIRECTION('',(-6.12323399573675E-017,-6.12323399573677E-017,1.));
#18006=DIRECTION('',(-1.,-1.22464679914737E-016,-6.12323399573675E-017));
#18007=CARTESIAN_POINT('',(40.34,-5.08228421646152E-016,7.7));
#18008=AXIS2_PLACEMENT_3D('',#18009,#18010,#18011);
#18009=CARTESIAN_POINT('',(40.64,-4.71489017671731E-016,7.7));
#18010=DIRECTION('',(-6.12323399573677E-017,-6.12323399573677E-017,1.));
#18011=DIRECTION('',(-1.,-1.22464679914737E-016,-6.12323399573677E-017));
#18012=CARTESIAN_POINT('',(40.34,-3.42901103761259E-016,5.));
#18013=AXIS2_PLACEMENT_3D('',#18014,#18015,#18016);
#18014=CARTESIAN_POINT('',(40.64,-3.06161699786838E-016,5.));
#18015=DIRECTION('',(-6.12323399573677E-017,-6.12323399573677E-017,1.));
#18016=DIRECTION('',(-1.,-1.22464679914735E-016,-6.12323399573677E-017));
#18017=CARTESIAN_POINT('',(39.74,-4.163799117101E-016,5.));
#18018=AXIS2_PLACEMENT_3D('',#18019,#18020,#18021);
#18019=CARTESIAN_POINT('',(40.64,-3.06161699786838E-016,5.));
#18020=DIRECTION('',(-6.12323399573677E-017,-6.12323399573677E-017,1.));
#18021=DIRECTION('',(-1.,-1.22464679914735E-016,-6.12323399573677E-017));
#18022=CARTESIAN_POINT('',(39.74,-3.55147571752732E-016,4.));
#18023=AXIS2_PLACEMENT_3D('',#18024,#18025,#18026);
#18024=CARTESIAN_POINT('',(40.64,-2.44929359829471E-016,4.));
#18025=DIRECTION('',(-6.12323399573677E-017,-6.12323399573677E-017,1.));
#18026=DIRECTION('',(-1.,-1.22464679914735E-016,-6.12323399573677E-017));
#18027=CARTESIAN_POINT('',(39.98,-3.25756048573196E-016,4.));
#18028=AXIS2_PLACEMENT_3D('',#18029,#18030,#18031);
#18029=CARTESIAN_POINT('',(40.64,-2.44929359829471E-016,4.));
#18030=DIRECTION('',(-6.12323399573677E-017,-6.12323399573677E-017,1.));
#18031=DIRECTION('',(-1.,-1.22464679914735E-016,-6.12323399573677E-017));
#18032=CARTESIAN_POINT('',(39.98,-1.07156594925393E-016,0.43));
#18033=AXIS2_PLACEMENT_3D('',#18034,#18035,#18036);
#18034=CARTESIAN_POINT('',(40.64,-2.63299061816681E-017,0.43));
#18035=DIRECTION('',(-6.12323399573677E-017,-6.12323399573677E-017,1.));
#18036=DIRECTION('',(-1.,-1.22464679914736E-016,-6.12323399573677E-017));
#18037=CARTESIAN_POINT('',(40.41,-2.81668763803891E-017,-2.81668763803891E-017));
#18038=AXIS2_PLACEMENT_3D('',#18039,#18040,#18041);
#18039=CARTESIAN_POINT('',(40.64,0.,0.));
#18040=DIRECTION('',(-6.12323399573677E-017,-6.12323399573676E-017,1.));
#18041=DIRECTION('',(-1.,-1.22464679914737E-016,-6.12323399573677E-017));
#18042=CARTESIAN_POINT('',(40.41,1.83697019872103E-016,-3.46));
#18043=AXIS2_PLACEMENT_3D('',#18044,#18045,#18046);
#18044=CARTESIAN_POINT('',(40.64,2.11863896252492E-016,-3.46));
#18045=DIRECTION('',(-6.12323399573675E-017,-6.12323399573677E-017,1.));
#18046=DIRECTION('',(-1.,-1.22464679914737E-016,-6.12323399573675E-017));
#18047=CARTESIAN_POINT('',(42.88,-5.08228421646152E-016,7.7));
#18048=AXIS2_PLACEMENT_3D('',#18049,#18050,#18051);
#18049=CARTESIAN_POINT('',(43.18,-4.71489017671731E-016,7.7));
#18050=DIRECTION('',(-6.12323399573677E-017,-6.12323399573677E-017,1.));
#18051=DIRECTION('',(-1.,-1.22464679914737E-016,-6.12323399573677E-017));
#18052=CARTESIAN_POINT('',(42.88,-3.42901103761259E-016,5.));
#18053=AXIS2_PLACEMENT_3D('',#18054,#18055,#18056);
#18054=CARTESIAN_POINT('',(43.18,-3.06161699786838E-016,5.));
#18055=DIRECTION('',(-6.12323399573677E-017,-6.12323399573677E-017,1.));
#18056=DIRECTION('',(-1.,-1.22464679914735E-016,-6.12323399573677E-017));
#18057=CARTESIAN_POINT('',(42.28,-4.163799117101E-016,5.));
#18058=AXIS2_PLACEMENT_3D('',#18059,#18060,#18061);
#18059=CARTESIAN_POINT('',(43.18,-3.06161699786838E-016,5.));
#18060=DIRECTION('',(-6.12323399573677E-017,-6.12323399573677E-017,1.));
#18061=DIRECTION('',(-1.,-1.22464679914735E-016,-6.12323399573677E-017));
#18062=CARTESIAN_POINT('',(42.28,-3.55147571752732E-016,4.));
#18063=AXIS2_PLACEMENT_3D('',#18064,#18065,#18066);
#18064=CARTESIAN_POINT('',(43.18,-2.44929359829471E-016,4.));
#18065=DIRECTION('',(-6.12323399573677E-017,-6.12323399573677E-017,1.));
#18066=DIRECTION('',(-1.,-1.22464679914735E-016,-6.12323399573677E-017));
#18067=CARTESIAN_POINT('',(42.52,-3.25756048573196E-016,4.));
#18068=AXIS2_PLACEMENT_3D('',#18069,#18070,#18071);
#18069=CARTESIAN_POINT('',(43.18,-2.44929359829471E-016,4.));
#18070=DIRECTION('',(-6.12323399573677E-017,-6.12323399573677E-017,1.));
#18071=DIRECTION('',(-1.,-1.22464679914735E-016,-6.12323399573677E-017));
#18072=CARTESIAN_POINT('',(42.52,-1.07156594925393E-016,0.43));
#18073=AXIS2_PLACEMENT_3D('',#18074,#18075,#18076);
#18074=CARTESIAN_POINT('',(43.18,-2.63299061816681E-017,0.43));
#18075=DIRECTION('',(-6.12323399573677E-017,-6.12323399573677E-017,1.));
#18076=DIRECTION('',(-1.,-1.22464679914736E-016,-6.12323399573677E-017));
#18077=CARTESIAN_POINT('',(42.95,-2.81668763803891E-017,-2.81668763803891E-017));
#18078=AXIS2_PLACEMENT_3D('',#18079,#18080,#18081);
#18079=CARTESIAN_POINT('',(43.18,0.,0.));
#18080=DIRECTION('',(-6.12323399573677E-017,-6.12323399573676E-017,1.));
#18081=DIRECTION('',(-1.,-1.22464679914737E-016,-6.12323399573677E-017));
#18082=CARTESIAN_POINT('',(42.95,1.83697019872103E-016,-3.46));
#18083=AXIS2_PLACEMENT_3D('',#18084,#18085,#18086);
#18084=CARTESIAN_POINT('',(43.18,2.11863896252492E-016,-3.46));
#18085=DIRECTION('',(-6.12323399573675E-017,-6.12323399573677E-017,1.));
#18086=DIRECTION('',(-1.,-1.22464679914737E-016,-6.12323399573675E-017));
#18087=CARTESIAN_POINT('',(45.42,-5.08228421646152E-016,7.7));
#18088=AXIS2_PLACEMENT_3D('',#18089,#18090,#18091);
#18089=CARTESIAN_POINT('',(45.72,-4.71489017671731E-016,7.7));
#18090=DIRECTION('',(-6.12323399573677E-017,-6.12323399573677E-017,1.));
#18091=DIRECTION('',(-1.,-1.22464679914737E-016,-6.12323399573677E-017));
#18092=CARTESIAN_POINT('',(45.42,-3.42901103761259E-016,5.));
#18093=AXIS2_PLACEMENT_3D('',#18094,#18095,#18096);
#18094=CARTESIAN_POINT('',(45.72,-3.06161699786838E-016,5.));
#18095=DIRECTION('',(-6.12323399573677E-017,-6.12323399573677E-017,1.));
#18096=DIRECTION('',(-1.,-1.22464679914735E-016,-6.12323399573677E-017));
#18097=CARTESIAN_POINT('',(44.82,-4.163799117101E-016,5.));
#18098=AXIS2_PLACEMENT_3D('',#18099,#18100,#18101);
#18099=CARTESIAN_POINT('',(45.72,-3.06161699786838E-016,5.));
#18100=DIRECTION('',(-6.12323399573677E-017,-6.12323399573677E-017,1.));
#18101=DIRECTION('',(-1.,-1.22464679914735E-016,-6.12323399573677E-017));
#18102=CARTESIAN_POINT('',(44.82,-3.55147571752732E-016,4.));
#18103=AXIS2_PLACEMENT_3D('',#18104,#18105,#18106);
#18104=CARTESIAN_POINT('',(45.72,-2.44929359829471E-016,4.));
#18105=DIRECTION('',(-6.12323399573677E-017,-6.12323399573677E-017,1.));
#18106=DIRECTION('',(-1.,-1.22464679914735E-016,-6.12323399573677E-017));
#18107=CARTESIAN_POINT('',(45.06,-3.25756048573196E-016,4.));
#18108=AXIS2_PLACEMENT_3D('',#18109,#18110,#18111);
#18109=CARTESIAN_POINT('',(45.72,-2.44929359829471E-016,4.));
#18110=DIRECTION('',(-6.12323399573677E-017,-6.12323399573677E-017,1.));
#18111=DIRECTION('',(-1.,-1.22464679914735E-016,-6.12323399573677E-017));
#18112=CARTESIAN_POINT('',(45.06,-1.07156594925393E-016,0.43));
#18113=AXIS2_PLACEMENT_3D('',#18114,#18115,#18116);
#18114=CARTESIAN_POINT('',(45.72,-2.63299061816681E-017,0.43));
#18115=DIRECTION('',(-6.12323399573677E-017,-6.12323399573677E-017,1.));
#18116=DIRECTION('',(-1.,-1.22464679914736E-016,-6.12323399573677E-017));
#18117=CARTESIAN_POINT('',(45.49,-2.81668763803891E-017,-2.81668763803891E-017));
#18118=AXIS2_PLACEMENT_3D('',#18119,#18120,#18121);
#18119=CARTESIAN_POINT('',(45.72,0.,0.));
#18120=DIRECTION('',(-6.12323399573677E-017,-6.12323399573676E-017,1.));
#18121=DIRECTION('',(-1.,-1.22464679914737E-016,-6.12323399573677E-017));
#18122=CARTESIAN_POINT('',(45.49,1.83697019872103E-016,-3.46));
#18123=AXIS2_PLACEMENT_3D('',#18124,#18125,#18126);
#18124=CARTESIAN_POINT('',(45.72,2.11863896252492E-016,-3.46));
#18125=DIRECTION('',(-6.12323399573675E-017,-6.12323399573677E-017,1.));
#18126=DIRECTION('',(-1.,-1.22464679914737E-016,-6.12323399573675E-017));
#18127=CARTESIAN_POINT('',(47.96,-5.08228421646152E-016,7.7));
#18128=AXIS2_PLACEMENT_3D('',#18129,#18130,#18131);
#18129=CARTESIAN_POINT('',(48.26,-4.71489017671731E-016,7.7));
#18130=DIRECTION('',(-6.12323399573677E-017,-6.12323399573677E-017,1.));
#18131=DIRECTION('',(-1.,-1.22464679914737E-016,-6.12323399573677E-017));
#18132=CARTESIAN_POINT('',(47.96,-3.42901103761259E-016,5.));
#18133=AXIS2_PLACEMENT_3D('',#18134,#18135,#18136);
#18134=CARTESIAN_POINT('',(48.26,-3.06161699786838E-016,5.));
#18135=DIRECTION('',(-6.12323399573677E-017,-6.12323399573677E-017,1.));
#18136=DIRECTION('',(-1.,-1.22464679914735E-016,-6.12323399573677E-017));
#18137=CARTESIAN_POINT('',(47.36,-4.163799117101E-016,5.));
#18138=AXIS2_PLACEMENT_3D('',#18139,#18140,#18141);
#18139=CARTESIAN_POINT('',(48.26,-3.06161699786838E-016,5.));
#18140=DIRECTION('',(-6.12323399573677E-017,-6.12323399573677E-017,1.));
#18141=DIRECTION('',(-1.,-1.22464679914735E-016,-6.12323399573677E-017));
#18142=CARTESIAN_POINT('',(47.36,-3.55147571752732E-016,4.));
#18143=AXIS2_PLACEMENT_3D('',#18144,#18145,#18146);
#18144=CARTESIAN_POINT('',(48.26,-2.44929359829471E-016,4.));
#18145=DIRECTION('',(-6.12323399573677E-017,-6.12323399573677E-017,1.));
#18146=DIRECTION('',(-1.,-1.22464679914735E-016,-6.12323399573677E-017));
#18147=CARTESIAN_POINT('',(47.6,-3.25756048573196E-016,4.));
#18148=AXIS2_PLACEMENT_3D('',#18149,#18150,#18151);
#18149=CARTESIAN_POINT('',(48.26,-2.44929359829471E-016,4.));
#18150=DIRECTION('',(-6.12323399573677E-017,-6.12323399573677E-017,1.));
#18151=DIRECTION('',(-1.,-1.22464679914735E-016,-6.12323399573677E-017));
#18152=CARTESIAN_POINT('',(47.6,-1.07156594925393E-016,0.43));
#18153=AXIS2_PLACEMENT_3D('',#18154,#18155,#18156);
#18154=CARTESIAN_POINT('',(48.26,-2.63299061816681E-017,0.43));
#18155=DIRECTION('',(-6.12323399573677E-017,-6.12323399573677E-017,1.));
#18156=DIRECTION('',(-1.,-1.22464679914736E-016,-6.12323399573677E-017));
#18157=CARTESIAN_POINT('',(48.03,-2.81668763803891E-017,-2.81668763803891E-017));
#18158=AXIS2_PLACEMENT_3D('',#18159,#18160,#18161);
#18159=CARTESIAN_POINT('',(48.26,0.,0.));
#18160=DIRECTION('',(-6.12323399573677E-017,-6.12323399573676E-017,1.));
#18161=DIRECTION('',(-1.,-1.22464679914737E-016,-6.12323399573677E-017));
#18162=CARTESIAN_POINT('',(48.03,1.83697019872103E-016,-3.46));
#18163=AXIS2_PLACEMENT_3D('',#18164,#18165,#18166);
#18164=CARTESIAN_POINT('',(48.26,2.11863896252492E-016,-3.46));
#18165=DIRECTION('',(-6.12323399573675E-017,-6.12323399573677E-017,1.));
#18166=DIRECTION('',(-1.,-1.22464679914737E-016,-6.12323399573675E-017));
#18167=CARTESIAN_POINT('',(50.5,-5.08228421646152E-016,7.7));
#18168=AXIS2_PLACEMENT_3D('',#18169,#18170,#18171);
#18169=CARTESIAN_POINT('',(50.8,-4.71489017671731E-016,7.7));
#18170=DIRECTION('',(-6.12323399573677E-017,-6.12323399573677E-017,1.));
#18171=DIRECTION('',(-1.,-1.22464679914737E-016,-6.12323399573677E-017));
#18172=CARTESIAN_POINT('',(50.5,-3.42901103761259E-016,5.));
#18173=AXIS2_PLACEMENT_3D('',#18174,#18175,#18176);
#18174=CARTESIAN_POINT('',(50.8,-3.06161699786838E-016,5.));
#18175=DIRECTION('',(-6.12323399573677E-017,-6.12323399573677E-017,1.));
#18176=DIRECTION('',(-1.,-1.22464679914735E-016,-6.12323399573677E-017));
#18177=CARTESIAN_POINT('',(49.9,-4.163799117101E-016,5.));
#18178=AXIS2_PLACEMENT_3D('',#18179,#18180,#18181);
#18179=CARTESIAN_POINT('',(50.8,-3.06161699786838E-016,5.));
#18180=DIRECTION('',(-6.12323399573677E-017,-6.12323399573677E-017,1.));
#18181=DIRECTION('',(-1.,-1.22464679914735E-016,-6.12323399573677E-017));
#18182=CARTESIAN_POINT('',(49.9,-3.55147571752732E-016,4.));
#18183=AXIS2_PLACEMENT_3D('',#18184,#18185,#18186);
#18184=CARTESIAN_POINT('',(50.8,-2.44929359829471E-016,4.));
#18185=DIRECTION('',(-6.12323399573677E-017,-6.12323399573677E-017,1.));
#18186=DIRECTION('',(-1.,-1.22464679914735E-016,-6.12323399573677E-017));
#18187=CARTESIAN_POINT('',(50.14,-3.25756048573196E-016,4.));
#18188=AXIS2_PLACEMENT_3D('',#18189,#18190,#18191);
#18189=CARTESIAN_POINT('',(50.8,-2.44929359829471E-016,4.));
#18190=DIRECTION('',(-6.12323399573677E-017,-6.12323399573677E-017,1.));
#18191=DIRECTION('',(-1.,-1.22464679914735E-016,-6.12323399573677E-017));
#18192=CARTESIAN_POINT('',(50.14,-1.07156594925393E-016,0.43));
#18193=AXIS2_PLACEMENT_3D('',#18194,#18195,#18196);
#18194=CARTESIAN_POINT('',(50.8,-2.63299061816681E-017,0.43));
#18195=DIRECTION('',(-6.12323399573677E-017,-6.12323399573677E-017,1.));
#18196=DIRECTION('',(-1.,-1.22464679914736E-016,-6.12323399573677E-017));
#18197=CARTESIAN_POINT('',(50.57,-2.81668763803891E-017,-2.81668763803891E-017));
#18198=AXIS2_PLACEMENT_3D('',#18199,#18200,#18201);
#18199=CARTESIAN_POINT('',(50.8,0.,0.));
#18200=DIRECTION('',(-6.12323399573677E-017,-6.12323399573676E-017,1.));
#18201=DIRECTION('',(-1.,-1.22464679914737E-016,-6.12323399573677E-017));
#18202=CARTESIAN_POINT('',(50.57,1.83697019872103E-016,-3.46));
#18203=AXIS2_PLACEMENT_3D('',#18204,#18205,#18206);
#18204=CARTESIAN_POINT('',(50.8,2.11863896252492E-016,-3.46));
#18205=DIRECTION('',(-6.12323399573675E-017,-6.12323399573677E-017,1.));
#18206=DIRECTION('',(-1.,-1.22464679914737E-016,-6.12323399573675E-017));
#18207=CARTESIAN_POINT('',(53.04,-5.08228421646152E-016,7.7));
#18208=AXIS2_PLACEMENT_3D('',#18209,#18210,#18211);
#18209=CARTESIAN_POINT('',(53.34,-4.71489017671731E-016,7.7));
#18210=DIRECTION('',(-6.12323399573677E-017,-6.12323399573677E-017,1.));
#18211=DIRECTION('',(-1.,-1.22464679914737E-016,-6.12323399573677E-017));
#18212=CARTESIAN_POINT('',(53.04,-3.42901103761259E-016,5.));
#18213=AXIS2_PLACEMENT_3D('',#18214,#18215,#18216);
#18214=CARTESIAN_POINT('',(53.34,-3.06161699786838E-016,5.));
#18215=DIRECTION('',(-6.12323399573677E-017,-6.12323399573677E-017,1.));
#18216=DIRECTION('',(-1.,-1.22464679914735E-016,-6.12323399573677E-017));
#18217=CARTESIAN_POINT('',(52.44,-4.163799117101E-016,5.));
#18218=AXIS2_PLACEMENT_3D('',#18219,#18220,#18221);
#18219=CARTESIAN_POINT('',(53.34,-3.06161699786838E-016,5.));
#18220=DIRECTION('',(-6.12323399573677E-017,-6.12323399573677E-017,1.));
#18221=DIRECTION('',(-1.,-1.22464679914735E-016,-6.12323399573677E-017));
#18222=CARTESIAN_POINT('',(52.44,-3.55147571752732E-016,4.));
#18223=AXIS2_PLACEMENT_3D('',#18224,#18225,#18226);
#18224=CARTESIAN_POINT('',(53.34,-2.44929359829471E-016,4.));
#18225=DIRECTION('',(-6.12323399573677E-017,-6.12323399573677E-017,1.));
#18226=DIRECTION('',(-1.,-1.22464679914735E-016,-6.12323399573677E-017));
#18227=CARTESIAN_POINT('',(52.68,-3.25756048573196E-016,4.));
#18228=AXIS2_PLACEMENT_3D('',#18229,#18230,#18231);
#18229=CARTESIAN_POINT('',(53.34,-2.44929359829471E-016,4.));
#18230=DIRECTION('',(-6.12323399573677E-017,-6.12323399573677E-017,1.));
#18231=DIRECTION('',(-1.,-1.22464679914735E-016,-6.12323399573677E-017));
#18232=CARTESIAN_POINT('',(52.68,-1.07156594925393E-016,0.43));
#18233=AXIS2_PLACEMENT_3D('',#18234,#18235,#18236);
#18234=CARTESIAN_POINT('',(53.34,-2.63299061816681E-017,0.43));
#18235=DIRECTION('',(-6.12323399573677E-017,-6.12323399573677E-017,1.));
#18236=DIRECTION('',(-1.,-1.22464679914736E-016,-6.12323399573677E-017));
#18237=CARTESIAN_POINT('',(53.11,-2.81668763803891E-017,-2.81668763803891E-017));
#18238=AXIS2_PLACEMENT_3D('',#18239,#18240,#18241);
#18239=CARTESIAN_POINT('',(53.34,0.,0.));
#18240=DIRECTION('',(-6.12323399573677E-017,-6.12323399573676E-017,1.));
#18241=DIRECTION('',(-1.,-1.22464679914737E-016,-6.12323399573677E-017));
#18242=CARTESIAN_POINT('',(53.11,1.83697019872103E-016,-3.46));
#18243=AXIS2_PLACEMENT_3D('',#18244,#18245,#18246);
#18244=CARTESIAN_POINT('',(53.34,2.11863896252492E-016,-3.46));
#18245=DIRECTION('',(-6.12323399573675E-017,-6.12323399573677E-017,1.));
#18246=DIRECTION('',(-1.,-1.22464679914737E-016,-6.12323399573675E-017));
#18247=CARTESIAN_POINT('',(55.58,-5.08228421646152E-016,7.7));
#18248=AXIS2_PLACEMENT_3D('',#18249,#18250,#18251);
#18249=CARTESIAN_POINT('',(55.88,-4.71489017671731E-016,7.7));
#18250=DIRECTION('',(-6.12323399573677E-017,-6.12323399573677E-017,1.));
#18251=DIRECTION('',(-1.,-1.22464679914737E-016,-6.12323399573677E-017));
#18252=CARTESIAN_POINT('',(55.58,-3.42901103761259E-016,5.));
#18253=AXIS2_PLACEMENT_3D('',#18254,#18255,#18256);
#18254=CARTESIAN_POINT('',(55.88,-3.06161699786838E-016,5.));
#18255=DIRECTION('',(-6.12323399573677E-017,-6.12323399573677E-017,1.));
#18256=DIRECTION('',(-1.,-1.22464679914735E-016,-6.12323399573677E-017));
#18257=CARTESIAN_POINT('',(54.98,-4.163799117101E-016,5.));
#18258=AXIS2_PLACEMENT_3D('',#18259,#18260,#18261);
#18259=CARTESIAN_POINT('',(55.88,-3.06161699786838E-016,5.));
#18260=DIRECTION('',(-6.12323399573677E-017,-6.12323399573677E-017,1.));
#18261=DIRECTION('',(-1.,-1.22464679914735E-016,-6.12323399573677E-017));
#18262=CARTESIAN_POINT('',(54.98,-3.55147571752732E-016,4.));
#18263=AXIS2_PLACEMENT_3D('',#18264,#18265,#18266);
#18264=CARTESIAN_POINT('',(55.88,-2.44929359829471E-016,4.));
#18265=DIRECTION('',(-6.12323399573677E-017,-6.12323399573677E-017,1.));
#18266=DIRECTION('',(-1.,-1.22464679914735E-016,-6.12323399573677E-017));
#18267=CARTESIAN_POINT('',(55.22,-3.25756048573196E-016,4.));
#18268=AXIS2_PLACEMENT_3D('',#18269,#18270,#18271);
#18269=CARTESIAN_POINT('',(55.88,-2.44929359829471E-016,4.));
#18270=DIRECTION('',(-6.12323399573677E-017,-6.12323399573677E-017,1.));
#18271=DIRECTION('',(-1.,-1.22464679914735E-016,-6.12323399573677E-017));
#18272=CARTESIAN_POINT('',(55.22,-1.07156594925393E-016,0.43));
#18273=AXIS2_PLACEMENT_3D('',#18274,#18275,#18276);
#18274=CARTESIAN_POINT('',(55.88,-2.63299061816681E-017,0.43));
#18275=DIRECTION('',(-6.12323399573677E-017,-6.12323399573677E-017,1.));
#18276=DIRECTION('',(-1.,-1.22464679914736E-016,-6.12323399573677E-017));
#18277=CARTESIAN_POINT('',(55.65,-2.81668763803891E-017,-2.81668763803891E-017));
#18278=AXIS2_PLACEMENT_3D('',#18279,#18280,#18281);
#18279=CARTESIAN_POINT('',(55.88,0.,0.));
#18280=DIRECTION('',(-6.12323399573677E-017,-6.12323399573676E-017,1.));
#18281=DIRECTION('',(-1.,-1.22464679914737E-016,-6.12323399573677E-017));
#18282=CARTESIAN_POINT('',(55.65,1.83697019872103E-016,-3.46));
#18283=AXIS2_PLACEMENT_3D('',#18284,#18285,#18286);
#18284=CARTESIAN_POINT('',(55.88,2.11863896252492E-016,-3.46));
#18285=DIRECTION('',(-6.12323399573675E-017,-6.12323399573677E-017,1.));
#18286=DIRECTION('',(-1.,-1.22464679914737E-016,-6.12323399573675E-017));
#18287=CARTESIAN_POINT('',(58.12,-5.08228421646152E-016,7.7));
#18288=AXIS2_PLACEMENT_3D('',#18289,#18290,#18291);
#18289=CARTESIAN_POINT('',(58.42,-4.71489017671731E-016,7.7));
#18290=DIRECTION('',(-6.12323399573677E-017,-6.12323399573677E-017,1.));
#18291=DIRECTION('',(-1.,-1.22464679914737E-016,-6.12323399573677E-017));
#18292=CARTESIAN_POINT('',(58.12,-3.42901103761259E-016,5.));
#18293=AXIS2_PLACEMENT_3D('',#18294,#18295,#18296);
#18294=CARTESIAN_POINT('',(58.42,-3.06161699786838E-016,5.));
#18295=DIRECTION('',(-6.12323399573677E-017,-6.12323399573677E-017,1.));
#18296=DIRECTION('',(-1.,-1.22464679914735E-016,-6.12323399573677E-017));
#18297=CARTESIAN_POINT('',(57.52,-4.163799117101E-016,5.));
#18298=AXIS2_PLACEMENT_3D('',#18299,#18300,#18301);
#18299=CARTESIAN_POINT('',(58.42,-3.06161699786838E-016,5.));
#18300=DIRECTION('',(-6.12323399573677E-017,-6.12323399573677E-017,1.));
#18301=DIRECTION('',(-1.,-1.22464679914735E-016,-6.12323399573677E-017));
#18302=CARTESIAN_POINT('',(57.52,-3.55147571752732E-016,4.));
#18303=AXIS2_PLACEMENT_3D('',#18304,#18305,#18306);
#18304=CARTESIAN_POINT('',(58.42,-2.44929359829471E-016,4.));
#18305=DIRECTION('',(-6.12323399573677E-017,-6.12323399573677E-017,1.));
#18306=DIRECTION('',(-1.,-1.22464679914735E-016,-6.12323399573677E-017));
#18307=CARTESIAN_POINT('',(57.76,-3.25756048573196E-016,4.));
#18308=AXIS2_PLACEMENT_3D('',#18309,#18310,#18311);
#18309=CARTESIAN_POINT('',(58.42,-2.44929359829471E-016,4.));
#18310=DIRECTION('',(-6.12323399573677E-017,-6.12323399573677E-017,1.));
#18311=DIRECTION('',(-1.,-1.22464679914735E-016,-6.12323399573677E-017));
#18312=CARTESIAN_POINT('',(57.76,-1.07156594925393E-016,0.43));
#18313=AXIS2_PLACEMENT_3D('',#18314,#18315,#18316);
#18314=CARTESIAN_POINT('',(58.42,-2.63299061816681E-017,0.43));
#18315=DIRECTION('',(-6.12323399573677E-017,-6.12323399573677E-017,1.));
#18316=DIRECTION('',(-1.,-1.22464679914736E-016,-6.12323399573677E-017));
#18317=CARTESIAN_POINT('',(58.19,-2.81668763803891E-017,-2.81668763803891E-017));
#18318=AXIS2_PLACEMENT_3D('',#18319,#18320,#18321);
#18319=CARTESIAN_POINT('',(58.42,0.,0.));
#18320=DIRECTION('',(-6.12323399573677E-017,-6.12323399573676E-017,1.));
#18321=DIRECTION('',(-1.,-1.22464679914737E-016,-6.12323399573677E-017));
#18322=CARTESIAN_POINT('',(58.19,1.83697019872103E-016,-3.46));
#18323=AXIS2_PLACEMENT_3D('',#18324,#18325,#18326);
#18324=CARTESIAN_POINT('',(58.42,2.11863896252492E-016,-3.46));
#18325=DIRECTION('',(-6.12323399573675E-017,-6.12323399573677E-017,1.));
#18326=DIRECTION('',(-1.,-1.22464679914737E-016,-6.12323399573675E-017));
#18327=CARTESIAN_POINT('',(60.66,-5.08228421646152E-016,7.7));
#18328=AXIS2_PLACEMENT_3D('',#18329,#18330,#18331);
#18329=CARTESIAN_POINT('',(60.96,-4.71489017671731E-016,7.7));
#18330=DIRECTION('',(-6.12323399573677E-017,-6.12323399573677E-017,1.));
#18331=DIRECTION('',(-1.,-1.22464679914737E-016,-6.12323399573677E-017));
#18332=CARTESIAN_POINT('',(60.66,-3.42901103761259E-016,5.));
#18333=AXIS2_PLACEMENT_3D('',#18334,#18335,#18336);
#18334=CARTESIAN_POINT('',(60.96,-3.06161699786838E-016,5.));
#18335=DIRECTION('',(-6.12323399573677E-017,-6.12323399573677E-017,1.));
#18336=DIRECTION('',(-1.,-1.22464679914735E-016,-6.12323399573677E-017));
#18337=CARTESIAN_POINT('',(60.06,-4.163799117101E-016,5.));
#18338=AXIS2_PLACEMENT_3D('',#18339,#18340,#18341);
#18339=CARTESIAN_POINT('',(60.96,-3.06161699786838E-016,5.));
#18340=DIRECTION('',(-6.12323399573677E-017,-6.12323399573677E-017,1.));
#18341=DIRECTION('',(-1.,-1.22464679914735E-016,-6.12323399573677E-017));
#18342=CARTESIAN_POINT('',(60.06,-3.55147571752732E-016,4.));
#18343=AXIS2_PLACEMENT_3D('',#18344,#18345,#18346);
#18344=CARTESIAN_POINT('',(60.96,-2.44929359829471E-016,4.));
#18345=DIRECTION('',(-6.12323399573677E-017,-6.12323399573677E-017,1.));
#18346=DIRECTION('',(-1.,-1.22464679914735E-016,-6.12323399573677E-017));
#18347=CARTESIAN_POINT('',(60.3,-3.25756048573196E-016,4.));
#18348=AXIS2_PLACEMENT_3D('',#18349,#18350,#18351);
#18349=CARTESIAN_POINT('',(60.96,-2.44929359829471E-016,4.));
#18350=DIRECTION('',(-6.12323399573677E-017,-6.12323399573677E-017,1.));
#18351=DIRECTION('',(-1.,-1.22464679914735E-016,-6.12323399573677E-017));
#18352=CARTESIAN_POINT('',(60.3,-1.07156594925393E-016,0.43));
#18353=AXIS2_PLACEMENT_3D('',#18354,#18355,#18356);
#18354=CARTESIAN_POINT('',(60.96,-2.63299061816681E-017,0.43));
#18355=DIRECTION('',(-6.12323399573677E-017,-6.12323399573677E-017,1.));
#18356=DIRECTION('',(-1.,-1.22464679914736E-016,-6.12323399573677E-017));
#18357=CARTESIAN_POINT('',(60.73,-2.81668763803891E-017,-2.81668763803891E-017));
#18358=AXIS2_PLACEMENT_3D('',#18359,#18360,#18361);
#18359=CARTESIAN_POINT('',(60.96,0.,0.));
#18360=DIRECTION('',(-6.12323399573677E-017,-6.12323399573676E-017,1.));
#18361=DIRECTION('',(-1.,-1.22464679914737E-016,-6.12323399573677E-017));
#18362=CARTESIAN_POINT('',(60.73,1.83697019872103E-016,-3.46));
#18363=AXIS2_PLACEMENT_3D('',#18364,#18365,#18366);
#18364=CARTESIAN_POINT('',(60.96,2.11863896252492E-016,-3.46));
#18365=DIRECTION('',(-6.12323399573675E-017,-6.12323399573677E-017,1.));
#18366=DIRECTION('',(-1.,-1.22464679914737E-016,-6.12323399573675E-017));
#18367=CARTESIAN_POINT('',(63.2,-5.08228421646152E-016,7.7));
#18368=AXIS2_PLACEMENT_3D('',#18369,#18370,#18371);
#18369=CARTESIAN_POINT('',(63.5,-4.71489017671731E-016,7.7));
#18370=DIRECTION('',(-6.12323399573677E-017,-6.12323399573677E-017,1.));
#18371=DIRECTION('',(-1.,-1.22464679914737E-016,-6.12323399573677E-017));
#18372=CARTESIAN_POINT('',(63.2,-3.42901103761259E-016,5.));
#18373=AXIS2_PLACEMENT_3D('',#18374,#18375,#18376);
#18374=CARTESIAN_POINT('',(63.5,-3.06161699786838E-016,5.));
#18375=DIRECTION('',(-6.12323399573677E-017,-6.12323399573677E-017,1.));
#18376=DIRECTION('',(-1.,-1.22464679914735E-016,-6.12323399573677E-017));
#18377=CARTESIAN_POINT('',(62.6,-4.163799117101E-016,5.));
#18378=AXIS2_PLACEMENT_3D('',#18379,#18380,#18381);
#18379=CARTESIAN_POINT('',(63.5,-3.06161699786838E-016,5.));
#18380=DIRECTION('',(-6.12323399573677E-017,-6.12323399573677E-017,1.));
#18381=DIRECTION('',(-1.,-1.22464679914735E-016,-6.12323399573677E-017));
#18382=CARTESIAN_POINT('',(62.6,-3.55147571752732E-016,4.));
#18383=AXIS2_PLACEMENT_3D('',#18384,#18385,#18386);
#18384=CARTESIAN_POINT('',(63.5,-2.44929359829471E-016,4.));
#18385=DIRECTION('',(-6.12323399573677E-017,-6.12323399573677E-017,1.));
#18386=DIRECTION('',(-1.,-1.22464679914735E-016,-6.12323399573677E-017));
#18387=CARTESIAN_POINT('',(62.84,-3.25756048573196E-016,4.));
#18388=AXIS2_PLACEMENT_3D('',#18389,#18390,#18391);
#18389=CARTESIAN_POINT('',(63.5,-2.44929359829471E-016,4.));
#18390=DIRECTION('',(-6.12323399573677E-017,-6.12323399573677E-017,1.));
#18391=DIRECTION('',(-1.,-1.22464679914735E-016,-6.12323399573677E-017));
#18392=CARTESIAN_POINT('',(62.84,-1.07156594925393E-016,0.43));
#18393=AXIS2_PLACEMENT_3D('',#18394,#18395,#18396);
#18394=CARTESIAN_POINT('',(63.5,-2.63299061816681E-017,0.43));
#18395=DIRECTION('',(-6.12323399573677E-017,-6.12323399573677E-017,1.));
#18396=DIRECTION('',(-1.,-1.22464679914736E-016,-6.12323399573677E-017));
#18397=CARTESIAN_POINT('',(63.27,-2.81668763803891E-017,-2.81668763803891E-017));
#18398=AXIS2_PLACEMENT_3D('',#18399,#18400,#18401);
#18399=CARTESIAN_POINT('',(63.5,0.,0.));
#18400=DIRECTION('',(-6.12323399573677E-017,-6.12323399573676E-017,1.));
#18401=DIRECTION('',(-1.,-1.22464679914737E-016,-6.12323399573677E-017));
#18402=CARTESIAN_POINT('',(63.27,1.83697019872103E-016,-3.46));
#18403=AXIS2_PLACEMENT_3D('',#18404,#18405,#18406);
#18404=CARTESIAN_POINT('',(63.5,2.11863896252492E-016,-3.46));
#18405=DIRECTION('',(-6.12323399573675E-017,-6.12323399573677E-017,1.));
#18406=DIRECTION('',(-1.,-1.22464679914737E-016,-6.12323399573675E-017));
#18407=CARTESIAN_POINT('',(65.74,-5.08228421646152E-016,7.7));
#18408=AXIS2_PLACEMENT_3D('',#18409,#18410,#18411);
#18409=CARTESIAN_POINT('',(66.04,-4.71489017671731E-016,7.7));
#18410=DIRECTION('',(-6.12323399573677E-017,-6.12323399573677E-017,1.));
#18411=DIRECTION('',(-1.,-1.22464679914737E-016,-6.12323399573677E-017));
#18412=CARTESIAN_POINT('',(65.74,-3.42901103761259E-016,5.));
#18413=AXIS2_PLACEMENT_3D('',#18414,#18415,#18416);
#18414=CARTESIAN_POINT('',(66.04,-3.06161699786838E-016,5.));
#18415=DIRECTION('',(-6.12323399573677E-017,-6.12323399573677E-017,1.));
#18416=DIRECTION('',(-1.,-1.22464679914735E-016,-6.12323399573677E-017));
#18417=CARTESIAN_POINT('',(65.14,-4.163799117101E-016,5.));
#18418=AXIS2_PLACEMENT_3D('',#18419,#18420,#18421);
#18419=CARTESIAN_POINT('',(66.04,-3.06161699786838E-016,5.));
#18420=DIRECTION('',(-6.12323399573677E-017,-6.12323399573677E-017,1.));
#18421=DIRECTION('',(-1.,-1.22464679914735E-016,-6.12323399573677E-017));
#18422=CARTESIAN_POINT('',(65.14,-3.55147571752732E-016,4.));
#18423=AXIS2_PLACEMENT_3D('',#18424,#18425,#18426);
#18424=CARTESIAN_POINT('',(66.04,-2.44929359829471E-016,4.));
#18425=DIRECTION('',(-6.12323399573677E-017,-6.12323399573677E-017,1.));
#18426=DIRECTION('',(-1.,-1.22464679914735E-016,-6.12323399573677E-017));
#18427=CARTESIAN_POINT('',(65.38,-3.25756048573196E-016,4.));
#18428=AXIS2_PLACEMENT_3D('',#18429,#18430,#18431);
#18429=CARTESIAN_POINT('',(66.04,-2.44929359829471E-016,4.));
#18430=DIRECTION('',(-6.12323399573677E-017,-6.12323399573677E-017,1.));
#18431=DIRECTION('',(-1.,-1.22464679914735E-016,-6.12323399573677E-017));
#18432=CARTESIAN_POINT('',(65.38,-1.07156594925393E-016,0.43));
#18433=AXIS2_PLACEMENT_3D('',#18434,#18435,#18436);
#18434=CARTESIAN_POINT('',(66.04,-2.63299061816681E-017,0.43));
#18435=DIRECTION('',(-6.12323399573677E-017,-6.12323399573677E-017,1.));
#18436=DIRECTION('',(-1.,-1.22464679914736E-016,-6.12323399573677E-017));
#18437=CARTESIAN_POINT('',(65.81,-2.81668763803891E-017,-2.81668763803891E-017));
#18438=AXIS2_PLACEMENT_3D('',#18439,#18440,#18441);
#18439=CARTESIAN_POINT('',(66.04,0.,0.));
#18440=DIRECTION('',(-6.12323399573677E-017,-6.12323399573676E-017,1.));
#18441=DIRECTION('',(-1.,-1.22464679914733E-016,-6.12323399573677E-017));
#18442=CARTESIAN_POINT('',(65.81,1.83697019872103E-016,-3.46));
#18443=AXIS2_PLACEMENT_3D('',#18444,#18445,#18446);
#18444=CARTESIAN_POINT('',(66.04,2.11863896252492E-016,-3.46));
#18445=DIRECTION('',(-6.12323399573675E-017,-6.12323399573677E-017,1.));
#18446=DIRECTION('',(-1.,-1.22464679914733E-016,-6.12323399573675E-017));
ENDSEC;
END-ISO-10303-21;
