ISO-10303-21;
HEADER;
FILE_DESCRIPTION(('STEP AP214'),
    '1');
FILE_NAME('SCSL (DS1002-01 CONNFLY)',
    '',
    ('UNSPECIFIED'),
    ('UNSPECIFIED'),
    'ASCON STEP Converter 1.6',
    'ASCON Math Kernel',
    '');
FILE_SCHEMA(('AUTOMOTIVE_DESIGN { 1 0 10303 214 3 1 1}'));
ENDSEC;

DATA;
#1=SHAPE_REPRESENTATION('NONE',(#2),#6);
#2=AXIS2_PLACEMENT_3D('',#3,#4,#5);
#3=CARTESIAN_POINT('',(0.,0.,0.));
#4=DIRECTION('',(0.,0.,1.));
#5=DIRECTION('',(1.,0.,0.));
#6=(GEOMETRIC_REPRESENTATION_CONTEXT(3)GLOBAL_UNCERTAINTY_ASSIGNED_CONTEXT((#8))
GLOBAL_UNIT_ASSIGNED_CONTEXT((#7,#9,#10))REPRESENTATION_CONTEXT('NONE','NONE'));
#7=(LENGTH_UNIT()NAMED_UNIT(*)SI_UNIT(.MILLI.,.METRE.));
#8=UNCERTAINTY_MEASURE_WITH_UNIT(LENGTH_MEASURE(1.E-005),#7,'NONE','NONE');
#9=(NAMED_UNIT(*)PLANE_ANGLE_UNIT()SI_UNIT($,.RADIAN.));
#10=(NAMED_UNIT(*)SI_UNIT($,.STERADIAN.)SOLID_ANGLE_UNIT());
#11=SHAPE_DEFINITION_REPRESENTATION(#12,#1);
#12=PRODUCT_DEFINITION_SHAPE('NONE','NONE',#13);
#13=PRODUCT_DEFINITION('','UNSPECIFIED',#14,#22);
#14=PRODUCT_DEFINITION_FORMATION_WITH_SPECIFIED_SOURCE('ANY','UNSPECIFIED',#15,.NOT_KNOWN.);
#15=PRODUCT('','SCSL (DS1002-01 CONNFLY)','NONE',(#25));
#16=PERSON('UNSPECIFIED','dima','UNSPECIFIED',('UNSPECIFIED'),('UNSPECIFIED'),('UNSPECIFIED'));
#17=ORGANIZATION('UNSPECIFIED','UNSPECIFIED','UNSPECIFIED');
#18=PERSON_AND_ORGANIZATION(#16,#17);
#19=PERSON_AND_ORGANIZATION_ROLE('design_owner');
#20=CC_DESIGN_PERSON_AND_ORGANIZATION_ASSIGNMENT(#18,#19,(#15));
#21=PRODUCT_RELATED_PRODUCT_CATEGORY('detail','',(#15));
#22=DESIGN_CONTEXT('detailed design',#23,'design');
#23=APPLICATION_CONTEXT('configuration controlled 3d designs of mechanical parts and assemblies');
#24=APPLICATION_PROTOCOL_DEFINITION('international standard','automotive_design',
2011,#23);
#25=MECHANICAL_CONTEXT('NONE',#23,'mechanical');
#26=CC_DESIGN_DATE_AND_TIME_ASSIGNMENT(#27,#31,(#13));
#27=DATE_AND_TIME(#28,#29);
#28=CALENDAR_DATE(0,1,1);
#29=LOCAL_TIME(0,0,0.,#30);
#30=COORDINATED_UNIVERSAL_TIME_OFFSET(0,0,.AHEAD.);
#31=DATE_TIME_ROLE('creation_date');
#32=CC_DESIGN_APPROVAL(#33,(#13));
#33=APPROVAL(#34,'UNSPECIFIED');
#34=APPROVAL_STATUS('not_yet_approved');
#35=APPROVAL_DATE_TIME(#36,#33);
#36=DATE_AND_TIME(#37,#38);
#37=CALENDAR_DATE(0,1,1);
#38=LOCAL_TIME(0,0,0.,#39);
#39=COORDINATED_UNIVERSAL_TIME_OFFSET(0,0,.AHEAD.);
#40=MANIFOLD_SOLID_BREP('',#41);
#41=CLOSED_SHELL('',(#173,#182,#191,#200,#209,#218,#227,#236,#245,#254,#263,#272,
#281,#290,#299,#308,#317,#326,#335,#344,#353,#362,#371,#380,#389,#398,#407,#416,
#425,#434,#443,#452,#461,#470,#479,#488,#497,#506,#515,#524,#533,#542,#551,#560,
#569,#578,#587,#596,#605,#614,#623,#632,#641,#650,#659,#668,#677,#686,#695,#704,
#713,#722,#731,#740,#749,#758,#767,#776,#785,#794,#803,#812));
#42=COLOUR_RGB('',0.156862745098039,0.156862745098039,0.156862745098039);
#43=FILL_AREA_STYLE_COLOUR('',#42);
#44=FILL_AREA_STYLE($,(#43));
#45=SURFACE_STYLE_FILL_AREA(#44);
#46=SURFACE_SIDE_STYLE('',(#45));
#47=SURFACE_STYLE_USAGE(.BOTH.,#46);
#48=PRESENTATION_STYLE_ASSIGNMENT((#47));
#49=MECHANICAL_DESIGN_GEOMETRIC_PRESENTATION_REPRESENTATION('NONE',(#50,#60,#70,
#80,#90,#100,#110,#120,#130,#140,#150,#160,#170,#181,#190,#199,#208,#217,#226,#235,
#244,#253,#262,#271,#280,#289,#298,#307,#316,#325,#334,#343,#352,#361,#370,#379,
#388,#397,#406,#415,#424,#433,#442,#451,#460,#469,#478,#487,#496,#505,#514,#523,
#532,#541,#550,#559,#568,#577,#586,#595,#604,#613,#622,#631,#640,#649,#658,#667,
#676,#685,#694,#703,#712,#721,#730,#739,#748,#757,#766,#775,#784,#793,#802,#811,
#820,#829,#838,#847,#856,#865,#874,#883,#892,#901,#910,#919,#928,#937,#946,#955,
#964,#973,#982,#991,#1000,#1009,#1018,#1027,#1036,#1045,#1054,#1063,#1072,#1081,
#1090,#1099,#1108,#1117,#1126,#1135,#1144,#1153,#1162,#1171,#1180,#1189,#1198,#1207,
#1216,#1225,#1234,#1243,#1252,#1261,#1270,#1279,#1288,#1297,#1306,#1315,#1324,#1333,
#1342,#1351,#1360,#1369,#1378,#1387,#1396,#1405,#1414,#1423,#1432,#1441,#1450,#1459,
#1468,#1477,#1486,#1495,#1504,#1513,#1522,#1531,#1540,#1549,#1558,#1567,#1576,#1585,
#1594,#1603,#1612,#1621,#1630,#1639,#1648,#1657,#1666,#1675,#1684,#1693,#1702,#1711,
#1720,#1729,#1738,#1747,#1756,#1765,#1774,#1783,#1792,#1801,#1810,#1819,#1828,#1837,
#1846,#1855,#1864,#1873,#1882,#1891,#1900,#1909,#1918,#1927,#1936,#1945,#1954,#1963,
#1972,#1981,#1990,#1999,#2008,#2017,#2026,#2035,#2044,#2053,#2062,#2071,#2080,#2089,
#2098,#2107,#2116,#2125,#2134,#2143,#2152,#2161,#2170,#2179,#2188,#2197,#2206,#2215,
#2224,#2233,#2242,#2251,#2260,#2269,#2278,#2287,#2296,#2305,#2314,#2323,#2332,#2341,
#2350,#2359,#2368,#2377,#2386,#2395,#2404,#2413,#2422,#2431,#2440,#2449,#2458,#2467,
#2476,#2485,#2494,#2503,#2512,#2521,#2530,#2539,#2548,#2557,#2566,#2575,#2584,#2593,
#2602,#2611,#2620,#2629,#2638,#2647,#2656,#2665,#2674,#2683,#2692,#2701,#2710,#2719,
#2728,#2737,#2746,#2755,#2764,#2773,#2782,#2791,#2800,#2809,#2818),#6);
#50=STYLED_ITEM('',(#48),#40);
#51=MANIFOLD_SOLID_BREP('',#52);
#52=CLOSED_SHELL('',(#821,#830,#839,#848,#857,#866,#875,#884,#893,#902));
#53=COLOUR_RGB('',0.156862745098039,0.156862745098039,0.156862745098039);
#54=FILL_AREA_STYLE_COLOUR('',#53);
#55=FILL_AREA_STYLE($,(#54));
#56=SURFACE_STYLE_FILL_AREA(#55);
#57=SURFACE_SIDE_STYLE('',(#56));
#58=SURFACE_STYLE_USAGE(.BOTH.,#57);
#59=PRESENTATION_STYLE_ASSIGNMENT((#58));
#60=STYLED_ITEM('',(#59),#51);
#61=MANIFOLD_SOLID_BREP('',#62);
#62=CLOSED_SHELL('',(#911,#920,#929,#938,#947,#956,#965,#974,#983,#992));
#63=COLOUR_RGB('',0.156862745098039,0.156862745098039,0.156862745098039);
#64=FILL_AREA_STYLE_COLOUR('',#63);
#65=FILL_AREA_STYLE($,(#64));
#66=SURFACE_STYLE_FILL_AREA(#65);
#67=SURFACE_SIDE_STYLE('',(#66));
#68=SURFACE_STYLE_USAGE(.BOTH.,#67);
#69=PRESENTATION_STYLE_ASSIGNMENT((#68));
#70=STYLED_ITEM('',(#69),#61);
#71=MANIFOLD_SOLID_BREP('',#72);
#72=CLOSED_SHELL('',(#1001,#1010,#1019,#1028,#1037,#1046,#1055,#1064,#1073,#1082));
#73=COLOUR_RGB('',0.156862745098039,0.156862745098039,0.156862745098039);
#74=FILL_AREA_STYLE_COLOUR('',#73);
#75=FILL_AREA_STYLE($,(#74));
#76=SURFACE_STYLE_FILL_AREA(#75);
#77=SURFACE_SIDE_STYLE('',(#76));
#78=SURFACE_STYLE_USAGE(.BOTH.,#77);
#79=PRESENTATION_STYLE_ASSIGNMENT((#78));
#80=STYLED_ITEM('',(#79),#71);
#81=MANIFOLD_SOLID_BREP('',#82);
#82=CLOSED_SHELL('',(#1091,#1100,#1109,#1118,#1127,#1136,#1145,#1154,#1163,#1172));
#83=COLOUR_RGB('',0.156862745098039,0.156862745098039,0.156862745098039);
#84=FILL_AREA_STYLE_COLOUR('',#83);
#85=FILL_AREA_STYLE($,(#84));
#86=SURFACE_STYLE_FILL_AREA(#85);
#87=SURFACE_SIDE_STYLE('',(#86));
#88=SURFACE_STYLE_USAGE(.BOTH.,#87);
#89=PRESENTATION_STYLE_ASSIGNMENT((#88));
#90=STYLED_ITEM('',(#89),#81);
#91=MANIFOLD_SOLID_BREP('',#92);
#92=CLOSED_SHELL('',(#1181,#1190,#1199,#1208,#1217,#1226,#1235,#1244,#1253,#1262));
#93=COLOUR_RGB('',0.156862745098039,0.156862745098039,0.156862745098039);
#94=FILL_AREA_STYLE_COLOUR('',#93);
#95=FILL_AREA_STYLE($,(#94));
#96=SURFACE_STYLE_FILL_AREA(#95);
#97=SURFACE_SIDE_STYLE('',(#96));
#98=SURFACE_STYLE_USAGE(.BOTH.,#97);
#99=PRESENTATION_STYLE_ASSIGNMENT((#98));
#100=STYLED_ITEM('',(#99),#91);
#101=MANIFOLD_SOLID_BREP('',#102);
#102=CLOSED_SHELL('',(#1271,#1280,#1289,#1298,#1307,#1316,#1325,#1334,#1343,#1352));
#103=COLOUR_RGB('',0.156862745098039,0.156862745098039,0.156862745098039);
#104=FILL_AREA_STYLE_COLOUR('',#103);
#105=FILL_AREA_STYLE($,(#104));
#106=SURFACE_STYLE_FILL_AREA(#105);
#107=SURFACE_SIDE_STYLE('',(#106));
#108=SURFACE_STYLE_USAGE(.BOTH.,#107);
#109=PRESENTATION_STYLE_ASSIGNMENT((#108));
#110=STYLED_ITEM('',(#109),#101);
#111=MANIFOLD_SOLID_BREP('',#112);
#112=CLOSED_SHELL('',(#1361,#1370,#1379,#1388,#1397,#1406,#1415,#1424,#1433,#1442,
#1451,#1460,#1469,#1478,#1487,#1496,#1505,#1514,#1523,#1532,#1541,#1550,#1559,#1568,
#1577,#1586,#1595));
#113=COLOUR_RGB('',0.156862745098039,0.156862745098039,0.156862745098039);
#114=FILL_AREA_STYLE_COLOUR('',#113);
#115=FILL_AREA_STYLE($,(#114));
#116=SURFACE_STYLE_FILL_AREA(#115);
#117=SURFACE_SIDE_STYLE('',(#116));
#118=SURFACE_STYLE_USAGE(.BOTH.,#117);
#119=PRESENTATION_STYLE_ASSIGNMENT((#118));
#120=STYLED_ITEM('',(#119),#111);
#121=MANIFOLD_SOLID_BREP('',#122);
#122=CLOSED_SHELL('',(#1604,#1613,#1622,#1631,#1640,#1649,#1658,#1667,#1676,#1685,
#1694,#1703,#1712,#1721,#1730,#1739,#1748,#1757,#1766,#1775,#1784,#1793,#1802,#1811,
#1820,#1829,#1838));
#123=COLOUR_RGB('',0.156862745098039,0.156862745098039,0.156862745098039);
#124=FILL_AREA_STYLE_COLOUR('',#123);
#125=FILL_AREA_STYLE($,(#124));
#126=SURFACE_STYLE_FILL_AREA(#125);
#127=SURFACE_SIDE_STYLE('',(#126));
#128=SURFACE_STYLE_USAGE(.BOTH.,#127);
#129=PRESENTATION_STYLE_ASSIGNMENT((#128));
#130=STYLED_ITEM('',(#129),#121);
#131=MANIFOLD_SOLID_BREP('',#132);
#132=CLOSED_SHELL('',(#1847,#1856,#1865,#1874,#1883,#1892,#1901,#1910,#1919,#1928,
#1937,#1946,#1955,#1964,#1973,#1982,#1991,#2000,#2009,#2018,#2027,#2036,#2045,#2054,
#2063,#2072,#2081));
#133=COLOUR_RGB('',0.156862745098039,0.156862745098039,0.156862745098039);
#134=FILL_AREA_STYLE_COLOUR('',#133);
#135=FILL_AREA_STYLE($,(#134));
#136=SURFACE_STYLE_FILL_AREA(#135);
#137=SURFACE_SIDE_STYLE('',(#136));
#138=SURFACE_STYLE_USAGE(.BOTH.,#137);
#139=PRESENTATION_STYLE_ASSIGNMENT((#138));
#140=STYLED_ITEM('',(#139),#131);
#141=MANIFOLD_SOLID_BREP('',#142);
#142=CLOSED_SHELL('',(#2090,#2099,#2108,#2117,#2126,#2135,#2144,#2153,#2162,#2171,
#2180,#2189,#2198,#2207,#2216,#2225,#2234,#2243,#2252,#2261,#2270,#2279,#2288,#2297,
#2306,#2315,#2324));
#143=COLOUR_RGB('',0.156862745098039,0.156862745098039,0.156862745098039);
#144=FILL_AREA_STYLE_COLOUR('',#143);
#145=FILL_AREA_STYLE($,(#144));
#146=SURFACE_STYLE_FILL_AREA(#145);
#147=SURFACE_SIDE_STYLE('',(#146));
#148=SURFACE_STYLE_USAGE(.BOTH.,#147);
#149=PRESENTATION_STYLE_ASSIGNMENT((#148));
#150=STYLED_ITEM('',(#149),#141);
#151=MANIFOLD_SOLID_BREP('',#152);
#152=CLOSED_SHELL('',(#2333,#2342,#2351,#2360,#2369,#2378,#2387,#2396,#2405,#2414,
#2423,#2432,#2441,#2450,#2459,#2468,#2477,#2486,#2495,#2504,#2513,#2522,#2531,#2540,
#2549,#2558,#2567));
#153=COLOUR_RGB('',0.156862745098039,0.156862745098039,0.156862745098039);
#154=FILL_AREA_STYLE_COLOUR('',#153);
#155=FILL_AREA_STYLE($,(#154));
#156=SURFACE_STYLE_FILL_AREA(#155);
#157=SURFACE_SIDE_STYLE('',(#156));
#158=SURFACE_STYLE_USAGE(.BOTH.,#157);
#159=PRESENTATION_STYLE_ASSIGNMENT((#158));
#160=STYLED_ITEM('',(#159),#151);
#161=MANIFOLD_SOLID_BREP('',#162);
#162=CLOSED_SHELL('',(#2576,#2585,#2594,#2603,#2612,#2621,#2630,#2639,#2648,#2657,
#2666,#2675,#2684,#2693,#2702,#2711,#2720,#2729,#2738,#2747,#2756,#2765,#2774,#2783,
#2792,#2801,#2810));
#163=COLOUR_RGB('',0.156862745098039,0.156862745098039,0.156862745098039);
#164=FILL_AREA_STYLE_COLOUR('',#163);
#165=FILL_AREA_STYLE($,(#164));
#166=SURFACE_STYLE_FILL_AREA(#165);
#167=SURFACE_SIDE_STYLE('',(#166));
#168=SURFACE_STYLE_USAGE(.BOTH.,#167);
#169=PRESENTATION_STYLE_ASSIGNMENT((#168));
#170=STYLED_ITEM('',(#169),#161);
#171=ADVANCED_BREP_SHAPE_REPRESENTATION('NONE',(#40,#51,#61,#71,#81,#91,#101,#111,
#121,#131,#141,#151,#161),#6);
#172=SHAPE_REPRESENTATION_RELATIONSHIP('','',#1,#171);
#173=ADVANCED_FACE('',(#2819,#2821),#2823,.F.);
#174=COLOUR_RGB('',0.156862745098039,0.156862745098039,0.156862745098039);
#175=FILL_AREA_STYLE_COLOUR('',#174);
#176=FILL_AREA_STYLE($,(#175));
#177=SURFACE_STYLE_FILL_AREA(#176);
#178=SURFACE_SIDE_STYLE('',(#177));
#179=SURFACE_STYLE_USAGE(.BOTH.,#178);
#180=PRESENTATION_STYLE_ASSIGNMENT((#179));
#181=STYLED_ITEM('',(#180),#173);
#182=ADVANCED_FACE('',(#2828,#2830),#2832,.F.);
#183=COLOUR_RGB('',0.156862745098039,0.156862745098039,0.156862745098039);
#184=FILL_AREA_STYLE_COLOUR('',#183);
#185=FILL_AREA_STYLE($,(#184));
#186=SURFACE_STYLE_FILL_AREA(#185);
#187=SURFACE_SIDE_STYLE('',(#186));
#188=SURFACE_STYLE_USAGE(.BOTH.,#187);
#189=PRESENTATION_STYLE_ASSIGNMENT((#188));
#190=STYLED_ITEM('',(#189),#182);
#191=ADVANCED_FACE('',(#2837,#2839),#2841,.F.);
#192=COLOUR_RGB('',0.156862745098039,0.156862745098039,0.156862745098039);
#193=FILL_AREA_STYLE_COLOUR('',#192);
#194=FILL_AREA_STYLE($,(#193));
#195=SURFACE_STYLE_FILL_AREA(#194);
#196=SURFACE_SIDE_STYLE('',(#195));
#197=SURFACE_STYLE_USAGE(.BOTH.,#196);
#198=PRESENTATION_STYLE_ASSIGNMENT((#197));
#199=STYLED_ITEM('',(#198),#191);
#200=ADVANCED_FACE('',(#2846,#2848),#2850,.F.);
#201=COLOUR_RGB('',0.156862745098039,0.156862745098039,0.156862745098039);
#202=FILL_AREA_STYLE_COLOUR('',#201);
#203=FILL_AREA_STYLE($,(#202));
#204=SURFACE_STYLE_FILL_AREA(#203);
#205=SURFACE_SIDE_STYLE('',(#204));
#206=SURFACE_STYLE_USAGE(.BOTH.,#205);
#207=PRESENTATION_STYLE_ASSIGNMENT((#206));
#208=STYLED_ITEM('',(#207),#200);
#209=ADVANCED_FACE('',(#2855,#2857),#2859,.F.);
#210=COLOUR_RGB('',0.156862745098039,0.156862745098039,0.156862745098039);
#211=FILL_AREA_STYLE_COLOUR('',#210);
#212=FILL_AREA_STYLE($,(#211));
#213=SURFACE_STYLE_FILL_AREA(#212);
#214=SURFACE_SIDE_STYLE('',(#213));
#215=SURFACE_STYLE_USAGE(.BOTH.,#214);
#216=PRESENTATION_STYLE_ASSIGNMENT((#215));
#217=STYLED_ITEM('',(#216),#209);
#218=ADVANCED_FACE('',(#2864,#2866,#2868,#2870,#2872,#2874,#2876),#2878,.T.);
#219=COLOUR_RGB('',0.156862745098039,0.156862745098039,0.156862745098039);
#220=FILL_AREA_STYLE_COLOUR('',#219);
#221=FILL_AREA_STYLE($,(#220));
#222=SURFACE_STYLE_FILL_AREA(#221);
#223=SURFACE_SIDE_STYLE('',(#222));
#224=SURFACE_STYLE_USAGE(.BOTH.,#223);
#225=PRESENTATION_STYLE_ASSIGNMENT((#224));
#226=STYLED_ITEM('',(#225),#218);
#227=ADVANCED_FACE('',(#2883,#2885),#2887,.T.);
#228=COLOUR_RGB('',0.156862745098039,0.156862745098039,0.156862745098039);
#229=FILL_AREA_STYLE_COLOUR('',#228);
#230=FILL_AREA_STYLE($,(#229));
#231=SURFACE_STYLE_FILL_AREA(#230);
#232=SURFACE_SIDE_STYLE('',(#231));
#233=SURFACE_STYLE_USAGE(.BOTH.,#232);
#234=PRESENTATION_STYLE_ASSIGNMENT((#233));
#235=STYLED_ITEM('',(#234),#227);
#236=ADVANCED_FACE('',(#2892,#2894),#2896,.F.);
#237=COLOUR_RGB('',0.156862745098039,0.156862745098039,0.156862745098039);
#238=FILL_AREA_STYLE_COLOUR('',#237);
#239=FILL_AREA_STYLE($,(#238));
#240=SURFACE_STYLE_FILL_AREA(#239);
#241=SURFACE_SIDE_STYLE('',(#240));
#242=SURFACE_STYLE_USAGE(.BOTH.,#241);
#243=PRESENTATION_STYLE_ASSIGNMENT((#242));
#244=STYLED_ITEM('',(#243),#236);
#245=ADVANCED_FACE('',(#2901,#2903),#2905,.T.);
#246=COLOUR_RGB('',0.156862745098039,0.156862745098039,0.156862745098039);
#247=FILL_AREA_STYLE_COLOUR('',#246);
#248=FILL_AREA_STYLE($,(#247));
#249=SURFACE_STYLE_FILL_AREA(#248);
#250=SURFACE_SIDE_STYLE('',(#249));
#251=SURFACE_STYLE_USAGE(.BOTH.,#250);
#252=PRESENTATION_STYLE_ASSIGNMENT((#251));
#253=STYLED_ITEM('',(#252),#245);
#254=ADVANCED_FACE('',(#2910,#2912),#2914,.F.);
#255=COLOUR_RGB('',0.156862745098039,0.156862745098039,0.156862745098039);
#256=FILL_AREA_STYLE_COLOUR('',#255);
#257=FILL_AREA_STYLE($,(#256));
#258=SURFACE_STYLE_FILL_AREA(#257);
#259=SURFACE_SIDE_STYLE('',(#258));
#260=SURFACE_STYLE_USAGE(.BOTH.,#259);
#261=PRESENTATION_STYLE_ASSIGNMENT((#260));
#262=STYLED_ITEM('',(#261),#254);
#263=ADVANCED_FACE('',(#2919,#2921),#2923,.T.);
#264=COLOUR_RGB('',0.156862745098039,0.156862745098039,0.156862745098039);
#265=FILL_AREA_STYLE_COLOUR('',#264);
#266=FILL_AREA_STYLE($,(#265));
#267=SURFACE_STYLE_FILL_AREA(#266);
#268=SURFACE_SIDE_STYLE('',(#267));
#269=SURFACE_STYLE_USAGE(.BOTH.,#268);
#270=PRESENTATION_STYLE_ASSIGNMENT((#269));
#271=STYLED_ITEM('',(#270),#263);
#272=ADVANCED_FACE('',(#2928,#2930),#2932,.F.);
#273=COLOUR_RGB('',0.156862745098039,0.156862745098039,0.156862745098039);
#274=FILL_AREA_STYLE_COLOUR('',#273);
#275=FILL_AREA_STYLE($,(#274));
#276=SURFACE_STYLE_FILL_AREA(#275);
#277=SURFACE_SIDE_STYLE('',(#276));
#278=SURFACE_STYLE_USAGE(.BOTH.,#277);
#279=PRESENTATION_STYLE_ASSIGNMENT((#278));
#280=STYLED_ITEM('',(#279),#272);
#281=ADVANCED_FACE('',(#2937,#2939),#2941,.T.);
#282=COLOUR_RGB('',0.156862745098039,0.156862745098039,0.156862745098039);
#283=FILL_AREA_STYLE_COLOUR('',#282);
#284=FILL_AREA_STYLE($,(#283));
#285=SURFACE_STYLE_FILL_AREA(#284);
#286=SURFACE_SIDE_STYLE('',(#285));
#287=SURFACE_STYLE_USAGE(.BOTH.,#286);
#288=PRESENTATION_STYLE_ASSIGNMENT((#287));
#289=STYLED_ITEM('',(#288),#281);
#290=ADVANCED_FACE('',(#2946,#2948),#2950,.F.);
#291=COLOUR_RGB('',0.156862745098039,0.156862745098039,0.156862745098039);
#292=FILL_AREA_STYLE_COLOUR('',#291);
#293=FILL_AREA_STYLE($,(#292));
#294=SURFACE_STYLE_FILL_AREA(#293);
#295=SURFACE_SIDE_STYLE('',(#294));
#296=SURFACE_STYLE_USAGE(.BOTH.,#295);
#297=PRESENTATION_STYLE_ASSIGNMENT((#296));
#298=STYLED_ITEM('',(#297),#290);
#299=ADVANCED_FACE('',(#2955,#2957),#2959,.T.);
#300=COLOUR_RGB('',0.156862745098039,0.156862745098039,0.156862745098039);
#301=FILL_AREA_STYLE_COLOUR('',#300);
#302=FILL_AREA_STYLE($,(#301));
#303=SURFACE_STYLE_FILL_AREA(#302);
#304=SURFACE_SIDE_STYLE('',(#303));
#305=SURFACE_STYLE_USAGE(.BOTH.,#304);
#306=PRESENTATION_STYLE_ASSIGNMENT((#305));
#307=STYLED_ITEM('',(#306),#299);
#308=ADVANCED_FACE('',(#2964,#2966),#2968,.F.);
#309=COLOUR_RGB('',0.156862745098039,0.156862745098039,0.156862745098039);
#310=FILL_AREA_STYLE_COLOUR('',#309);
#311=FILL_AREA_STYLE($,(#310));
#312=SURFACE_STYLE_FILL_AREA(#311);
#313=SURFACE_SIDE_STYLE('',(#312));
#314=SURFACE_STYLE_USAGE(.BOTH.,#313);
#315=PRESENTATION_STYLE_ASSIGNMENT((#314));
#316=STYLED_ITEM('',(#315),#308);
#317=ADVANCED_FACE('',(#2973,#2975,#2977,#2979,#2981,#2983,#2985),#2987,.F.);
#318=COLOUR_RGB('',0.156862745098039,0.156862745098039,0.156862745098039);
#319=FILL_AREA_STYLE_COLOUR('',#318);
#320=FILL_AREA_STYLE($,(#319));
#321=SURFACE_STYLE_FILL_AREA(#320);
#322=SURFACE_SIDE_STYLE('',(#321));
#323=SURFACE_STYLE_USAGE(.BOTH.,#322);
#324=PRESENTATION_STYLE_ASSIGNMENT((#323));
#325=STYLED_ITEM('',(#324),#317);
#326=ADVANCED_FACE('',(#2992),#2994,.T.);
#327=COLOUR_RGB('',0.156862745098039,0.156862745098039,0.156862745098039);
#328=FILL_AREA_STYLE_COLOUR('',#327);
#329=FILL_AREA_STYLE($,(#328));
#330=SURFACE_STYLE_FILL_AREA(#329);
#331=SURFACE_SIDE_STYLE('',(#330));
#332=SURFACE_STYLE_USAGE(.BOTH.,#331);
#333=PRESENTATION_STYLE_ASSIGNMENT((#332));
#334=STYLED_ITEM('',(#333),#326);
#335=ADVANCED_FACE('',(#2999),#3001,.T.);
#336=COLOUR_RGB('',0.156862745098039,0.156862745098039,0.156862745098039);
#337=FILL_AREA_STYLE_COLOUR('',#336);
#338=FILL_AREA_STYLE($,(#337));
#339=SURFACE_STYLE_FILL_AREA(#338);
#340=SURFACE_SIDE_STYLE('',(#339));
#341=SURFACE_STYLE_USAGE(.BOTH.,#340);
#342=PRESENTATION_STYLE_ASSIGNMENT((#341));
#343=STYLED_ITEM('',(#342),#335);
#344=ADVANCED_FACE('',(#3006),#3008,.T.);
#345=COLOUR_RGB('',0.156862745098039,0.156862745098039,0.156862745098039);
#346=FILL_AREA_STYLE_COLOUR('',#345);
#347=FILL_AREA_STYLE($,(#346));
#348=SURFACE_STYLE_FILL_AREA(#347);
#349=SURFACE_SIDE_STYLE('',(#348));
#350=SURFACE_STYLE_USAGE(.BOTH.,#349);
#351=PRESENTATION_STYLE_ASSIGNMENT((#350));
#352=STYLED_ITEM('',(#351),#344);
#353=ADVANCED_FACE('',(#3013),#3015,.T.);
#354=COLOUR_RGB('',0.156862745098039,0.156862745098039,0.156862745098039);
#355=FILL_AREA_STYLE_COLOUR('',#354);
#356=FILL_AREA_STYLE($,(#355));
#357=SURFACE_STYLE_FILL_AREA(#356);
#358=SURFACE_SIDE_STYLE('',(#357));
#359=SURFACE_STYLE_USAGE(.BOTH.,#358);
#360=PRESENTATION_STYLE_ASSIGNMENT((#359));
#361=STYLED_ITEM('',(#360),#353);
#362=ADVANCED_FACE('',(#3020),#3022,.T.);
#363=COLOUR_RGB('',0.156862745098039,0.156862745098039,0.156862745098039);
#364=FILL_AREA_STYLE_COLOUR('',#363);
#365=FILL_AREA_STYLE($,(#364));
#366=SURFACE_STYLE_FILL_AREA(#365);
#367=SURFACE_SIDE_STYLE('',(#366));
#368=SURFACE_STYLE_USAGE(.BOTH.,#367);
#369=PRESENTATION_STYLE_ASSIGNMENT((#368));
#370=STYLED_ITEM('',(#369),#362);
#371=ADVANCED_FACE('',(#3027),#3029,.T.);
#372=COLOUR_RGB('',0.156862745098039,0.156862745098039,0.156862745098039);
#373=FILL_AREA_STYLE_COLOUR('',#372);
#374=FILL_AREA_STYLE($,(#373));
#375=SURFACE_STYLE_FILL_AREA(#374);
#376=SURFACE_SIDE_STYLE('',(#375));
#377=SURFACE_STYLE_USAGE(.BOTH.,#376);
#378=PRESENTATION_STYLE_ASSIGNMENT((#377));
#379=STYLED_ITEM('',(#378),#371);
#380=ADVANCED_FACE('',(#3034),#3036,.T.);
#381=COLOUR_RGB('',0.156862745098039,0.156862745098039,0.156862745098039);
#382=FILL_AREA_STYLE_COLOUR('',#381);
#383=FILL_AREA_STYLE($,(#382));
#384=SURFACE_STYLE_FILL_AREA(#383);
#385=SURFACE_SIDE_STYLE('',(#384));
#386=SURFACE_STYLE_USAGE(.BOTH.,#385);
#387=PRESENTATION_STYLE_ASSIGNMENT((#386));
#388=STYLED_ITEM('',(#387),#380);
#389=ADVANCED_FACE('',(#3041),#3043,.T.);
#390=COLOUR_RGB('',0.156862745098039,0.156862745098039,0.156862745098039);
#391=FILL_AREA_STYLE_COLOUR('',#390);
#392=FILL_AREA_STYLE($,(#391));
#393=SURFACE_STYLE_FILL_AREA(#392);
#394=SURFACE_SIDE_STYLE('',(#393));
#395=SURFACE_STYLE_USAGE(.BOTH.,#394);
#396=PRESENTATION_STYLE_ASSIGNMENT((#395));
#397=STYLED_ITEM('',(#396),#389);
#398=ADVANCED_FACE('',(#3048),#3050,.T.);
#399=COLOUR_RGB('',0.156862745098039,0.156862745098039,0.156862745098039);
#400=FILL_AREA_STYLE_COLOUR('',#399);
#401=FILL_AREA_STYLE($,(#400));
#402=SURFACE_STYLE_FILL_AREA(#401);
#403=SURFACE_SIDE_STYLE('',(#402));
#404=SURFACE_STYLE_USAGE(.BOTH.,#403);
#405=PRESENTATION_STYLE_ASSIGNMENT((#404));
#406=STYLED_ITEM('',(#405),#398);
#407=ADVANCED_FACE('',(#3055),#3057,.T.);
#408=COLOUR_RGB('',0.156862745098039,0.156862745098039,0.156862745098039);
#409=FILL_AREA_STYLE_COLOUR('',#408);
#410=FILL_AREA_STYLE($,(#409));
#411=SURFACE_STYLE_FILL_AREA(#410);
#412=SURFACE_SIDE_STYLE('',(#411));
#413=SURFACE_STYLE_USAGE(.BOTH.,#412);
#414=PRESENTATION_STYLE_ASSIGNMENT((#413));
#415=STYLED_ITEM('',(#414),#407);
#416=ADVANCED_FACE('',(#3062),#3064,.T.);
#417=COLOUR_RGB('',0.156862745098039,0.156862745098039,0.156862745098039);
#418=FILL_AREA_STYLE_COLOUR('',#417);
#419=FILL_AREA_STYLE($,(#418));
#420=SURFACE_STYLE_FILL_AREA(#419);
#421=SURFACE_SIDE_STYLE('',(#420));
#422=SURFACE_STYLE_USAGE(.BOTH.,#421);
#423=PRESENTATION_STYLE_ASSIGNMENT((#422));
#424=STYLED_ITEM('',(#423),#416);
#425=ADVANCED_FACE('',(#3069),#3071,.T.);
#426=COLOUR_RGB('',0.156862745098039,0.156862745098039,0.156862745098039);
#427=FILL_AREA_STYLE_COLOUR('',#426);
#428=FILL_AREA_STYLE($,(#427));
#429=SURFACE_STYLE_FILL_AREA(#428);
#430=SURFACE_SIDE_STYLE('',(#429));
#431=SURFACE_STYLE_USAGE(.BOTH.,#430);
#432=PRESENTATION_STYLE_ASSIGNMENT((#431));
#433=STYLED_ITEM('',(#432),#425);
#434=ADVANCED_FACE('',(#3076),#3078,.T.);
#435=COLOUR_RGB('',0.156862745098039,0.156862745098039,0.156862745098039);
#436=FILL_AREA_STYLE_COLOUR('',#435);
#437=FILL_AREA_STYLE($,(#436));
#438=SURFACE_STYLE_FILL_AREA(#437);
#439=SURFACE_SIDE_STYLE('',(#438));
#440=SURFACE_STYLE_USAGE(.BOTH.,#439);
#441=PRESENTATION_STYLE_ASSIGNMENT((#440));
#442=STYLED_ITEM('',(#441),#434);
#443=ADVANCED_FACE('',(#3083),#3085,.T.);
#444=COLOUR_RGB('',0.156862745098039,0.156862745098039,0.156862745098039);
#445=FILL_AREA_STYLE_COLOUR('',#444);
#446=FILL_AREA_STYLE($,(#445));
#447=SURFACE_STYLE_FILL_AREA(#446);
#448=SURFACE_SIDE_STYLE('',(#447));
#449=SURFACE_STYLE_USAGE(.BOTH.,#448);
#450=PRESENTATION_STYLE_ASSIGNMENT((#449));
#451=STYLED_ITEM('',(#450),#443);
#452=ADVANCED_FACE('',(#3090),#3092,.T.);
#453=COLOUR_RGB('',0.156862745098039,0.156862745098039,0.156862745098039);
#454=FILL_AREA_STYLE_COLOUR('',#453);
#455=FILL_AREA_STYLE($,(#454));
#456=SURFACE_STYLE_FILL_AREA(#455);
#457=SURFACE_SIDE_STYLE('',(#456));
#458=SURFACE_STYLE_USAGE(.BOTH.,#457);
#459=PRESENTATION_STYLE_ASSIGNMENT((#458));
#460=STYLED_ITEM('',(#459),#452);
#461=ADVANCED_FACE('',(#3097),#3099,.T.);
#462=COLOUR_RGB('',0.156862745098039,0.156862745098039,0.156862745098039);
#463=FILL_AREA_STYLE_COLOUR('',#462);
#464=FILL_AREA_STYLE($,(#463));
#465=SURFACE_STYLE_FILL_AREA(#464);
#466=SURFACE_SIDE_STYLE('',(#465));
#467=SURFACE_STYLE_USAGE(.BOTH.,#466);
#468=PRESENTATION_STYLE_ASSIGNMENT((#467));
#469=STYLED_ITEM('',(#468),#461);
#470=ADVANCED_FACE('',(#3104),#3106,.T.);
#471=COLOUR_RGB('',0.156862745098039,0.156862745098039,0.156862745098039);
#472=FILL_AREA_STYLE_COLOUR('',#471);
#473=FILL_AREA_STYLE($,(#472));
#474=SURFACE_STYLE_FILL_AREA(#473);
#475=SURFACE_SIDE_STYLE('',(#474));
#476=SURFACE_STYLE_USAGE(.BOTH.,#475);
#477=PRESENTATION_STYLE_ASSIGNMENT((#476));
#478=STYLED_ITEM('',(#477),#470);
#479=ADVANCED_FACE('',(#3111),#3113,.T.);
#480=COLOUR_RGB('',0.156862745098039,0.156862745098039,0.156862745098039);
#481=FILL_AREA_STYLE_COLOUR('',#480);
#482=FILL_AREA_STYLE($,(#481));
#483=SURFACE_STYLE_FILL_AREA(#482);
#484=SURFACE_SIDE_STYLE('',(#483));
#485=SURFACE_STYLE_USAGE(.BOTH.,#484);
#486=PRESENTATION_STYLE_ASSIGNMENT((#485));
#487=STYLED_ITEM('',(#486),#479);
#488=ADVANCED_FACE('',(#3118),#3120,.T.);
#489=COLOUR_RGB('',0.156862745098039,0.156862745098039,0.156862745098039);
#490=FILL_AREA_STYLE_COLOUR('',#489);
#491=FILL_AREA_STYLE($,(#490));
#492=SURFACE_STYLE_FILL_AREA(#491);
#493=SURFACE_SIDE_STYLE('',(#492));
#494=SURFACE_STYLE_USAGE(.BOTH.,#493);
#495=PRESENTATION_STYLE_ASSIGNMENT((#494));
#496=STYLED_ITEM('',(#495),#488);
#497=ADVANCED_FACE('',(#3125),#3127,.T.);
#498=COLOUR_RGB('',0.156862745098039,0.156862745098039,0.156862745098039);
#499=FILL_AREA_STYLE_COLOUR('',#498);
#500=FILL_AREA_STYLE($,(#499));
#501=SURFACE_STYLE_FILL_AREA(#500);
#502=SURFACE_SIDE_STYLE('',(#501));
#503=SURFACE_STYLE_USAGE(.BOTH.,#502);
#504=PRESENTATION_STYLE_ASSIGNMENT((#503));
#505=STYLED_ITEM('',(#504),#497);
#506=ADVANCED_FACE('',(#3132),#3134,.T.);
#507=COLOUR_RGB('',0.156862745098039,0.156862745098039,0.156862745098039);
#508=FILL_AREA_STYLE_COLOUR('',#507);
#509=FILL_AREA_STYLE($,(#508));
#510=SURFACE_STYLE_FILL_AREA(#509);
#511=SURFACE_SIDE_STYLE('',(#510));
#512=SURFACE_STYLE_USAGE(.BOTH.,#511);
#513=PRESENTATION_STYLE_ASSIGNMENT((#512));
#514=STYLED_ITEM('',(#513),#506);
#515=ADVANCED_FACE('',(#3139),#3141,.T.);
#516=COLOUR_RGB('',0.156862745098039,0.156862745098039,0.156862745098039);
#517=FILL_AREA_STYLE_COLOUR('',#516);
#518=FILL_AREA_STYLE($,(#517));
#519=SURFACE_STYLE_FILL_AREA(#518);
#520=SURFACE_SIDE_STYLE('',(#519));
#521=SURFACE_STYLE_USAGE(.BOTH.,#520);
#522=PRESENTATION_STYLE_ASSIGNMENT((#521));
#523=STYLED_ITEM('',(#522),#515);
#524=ADVANCED_FACE('',(#3146),#3148,.T.);
#525=COLOUR_RGB('',0.156862745098039,0.156862745098039,0.156862745098039);
#526=FILL_AREA_STYLE_COLOUR('',#525);
#527=FILL_AREA_STYLE($,(#526));
#528=SURFACE_STYLE_FILL_AREA(#527);
#529=SURFACE_SIDE_STYLE('',(#528));
#530=SURFACE_STYLE_USAGE(.BOTH.,#529);
#531=PRESENTATION_STYLE_ASSIGNMENT((#530));
#532=STYLED_ITEM('',(#531),#524);
#533=ADVANCED_FACE('',(#3153),#3155,.T.);
#534=COLOUR_RGB('',0.156862745098039,0.156862745098039,0.156862745098039);
#535=FILL_AREA_STYLE_COLOUR('',#534);
#536=FILL_AREA_STYLE($,(#535));
#537=SURFACE_STYLE_FILL_AREA(#536);
#538=SURFACE_SIDE_STYLE('',(#537));
#539=SURFACE_STYLE_USAGE(.BOTH.,#538);
#540=PRESENTATION_STYLE_ASSIGNMENT((#539));
#541=STYLED_ITEM('',(#540),#533);
#542=ADVANCED_FACE('',(#3160),#3162,.T.);
#543=COLOUR_RGB('',0.156862745098039,0.156862745098039,0.156862745098039);
#544=FILL_AREA_STYLE_COLOUR('',#543);
#545=FILL_AREA_STYLE($,(#544));
#546=SURFACE_STYLE_FILL_AREA(#545);
#547=SURFACE_SIDE_STYLE('',(#546));
#548=SURFACE_STYLE_USAGE(.BOTH.,#547);
#549=PRESENTATION_STYLE_ASSIGNMENT((#548));
#550=STYLED_ITEM('',(#549),#542);
#551=ADVANCED_FACE('',(#3167),#3169,.T.);
#552=COLOUR_RGB('',0.156862745098039,0.156862745098039,0.156862745098039);
#553=FILL_AREA_STYLE_COLOUR('',#552);
#554=FILL_AREA_STYLE($,(#553));
#555=SURFACE_STYLE_FILL_AREA(#554);
#556=SURFACE_SIDE_STYLE('',(#555));
#557=SURFACE_STYLE_USAGE(.BOTH.,#556);
#558=PRESENTATION_STYLE_ASSIGNMENT((#557));
#559=STYLED_ITEM('',(#558),#551);
#560=ADVANCED_FACE('',(#3174),#3176,.T.);
#561=COLOUR_RGB('',0.156862745098039,0.156862745098039,0.156862745098039);
#562=FILL_AREA_STYLE_COLOUR('',#561);
#563=FILL_AREA_STYLE($,(#562));
#564=SURFACE_STYLE_FILL_AREA(#563);
#565=SURFACE_SIDE_STYLE('',(#564));
#566=SURFACE_STYLE_USAGE(.BOTH.,#565);
#567=PRESENTATION_STYLE_ASSIGNMENT((#566));
#568=STYLED_ITEM('',(#567),#560);
#569=ADVANCED_FACE('',(#3181),#3183,.T.);
#570=COLOUR_RGB('',0.156862745098039,0.156862745098039,0.156862745098039);
#571=FILL_AREA_STYLE_COLOUR('',#570);
#572=FILL_AREA_STYLE($,(#571));
#573=SURFACE_STYLE_FILL_AREA(#572);
#574=SURFACE_SIDE_STYLE('',(#573));
#575=SURFACE_STYLE_USAGE(.BOTH.,#574);
#576=PRESENTATION_STYLE_ASSIGNMENT((#575));
#577=STYLED_ITEM('',(#576),#569);
#578=ADVANCED_FACE('',(#3188),#3190,.T.);
#579=COLOUR_RGB('',0.156862745098039,0.156862745098039,0.156862745098039);
#580=FILL_AREA_STYLE_COLOUR('',#579);
#581=FILL_AREA_STYLE($,(#580));
#582=SURFACE_STYLE_FILL_AREA(#581);
#583=SURFACE_SIDE_STYLE('',(#582));
#584=SURFACE_STYLE_USAGE(.BOTH.,#583);
#585=PRESENTATION_STYLE_ASSIGNMENT((#584));
#586=STYLED_ITEM('',(#585),#578);
#587=ADVANCED_FACE('',(#3195),#3197,.T.);
#588=COLOUR_RGB('',0.156862745098039,0.156862745098039,0.156862745098039);
#589=FILL_AREA_STYLE_COLOUR('',#588);
#590=FILL_AREA_STYLE($,(#589));
#591=SURFACE_STYLE_FILL_AREA(#590);
#592=SURFACE_SIDE_STYLE('',(#591));
#593=SURFACE_STYLE_USAGE(.BOTH.,#592);
#594=PRESENTATION_STYLE_ASSIGNMENT((#593));
#595=STYLED_ITEM('',(#594),#587);
#596=ADVANCED_FACE('',(#3202),#3204,.T.);
#597=COLOUR_RGB('',0.156862745098039,0.156862745098039,0.156862745098039);
#598=FILL_AREA_STYLE_COLOUR('',#597);
#599=FILL_AREA_STYLE($,(#598));
#600=SURFACE_STYLE_FILL_AREA(#599);
#601=SURFACE_SIDE_STYLE('',(#600));
#602=SURFACE_STYLE_USAGE(.BOTH.,#601);
#603=PRESENTATION_STYLE_ASSIGNMENT((#602));
#604=STYLED_ITEM('',(#603),#596);
#605=ADVANCED_FACE('',(#3209),#3211,.T.);
#606=COLOUR_RGB('',0.156862745098039,0.156862745098039,0.156862745098039);
#607=FILL_AREA_STYLE_COLOUR('',#606);
#608=FILL_AREA_STYLE($,(#607));
#609=SURFACE_STYLE_FILL_AREA(#608);
#610=SURFACE_SIDE_STYLE('',(#609));
#611=SURFACE_STYLE_USAGE(.BOTH.,#610);
#612=PRESENTATION_STYLE_ASSIGNMENT((#611));
#613=STYLED_ITEM('',(#612),#605);
#614=ADVANCED_FACE('',(#3216),#3218,.T.);
#615=COLOUR_RGB('',0.156862745098039,0.156862745098039,0.156862745098039);
#616=FILL_AREA_STYLE_COLOUR('',#615);
#617=FILL_AREA_STYLE($,(#616));
#618=SURFACE_STYLE_FILL_AREA(#617);
#619=SURFACE_SIDE_STYLE('',(#618));
#620=SURFACE_STYLE_USAGE(.BOTH.,#619);
#621=PRESENTATION_STYLE_ASSIGNMENT((#620));
#622=STYLED_ITEM('',(#621),#614);
#623=ADVANCED_FACE('',(#3223),#3225,.T.);
#624=COLOUR_RGB('',0.156862745098039,0.156862745098039,0.156862745098039);
#625=FILL_AREA_STYLE_COLOUR('',#624);
#626=FILL_AREA_STYLE($,(#625));
#627=SURFACE_STYLE_FILL_AREA(#626);
#628=SURFACE_SIDE_STYLE('',(#627));
#629=SURFACE_STYLE_USAGE(.BOTH.,#628);
#630=PRESENTATION_STYLE_ASSIGNMENT((#629));
#631=STYLED_ITEM('',(#630),#623);
#632=ADVANCED_FACE('',(#3230),#3232,.T.);
#633=COLOUR_RGB('',0.156862745098039,0.156862745098039,0.156862745098039);
#634=FILL_AREA_STYLE_COLOUR('',#633);
#635=FILL_AREA_STYLE($,(#634));
#636=SURFACE_STYLE_FILL_AREA(#635);
#637=SURFACE_SIDE_STYLE('',(#636));
#638=SURFACE_STYLE_USAGE(.BOTH.,#637);
#639=PRESENTATION_STYLE_ASSIGNMENT((#638));
#640=STYLED_ITEM('',(#639),#632);
#641=ADVANCED_FACE('',(#3237),#3239,.T.);
#642=COLOUR_RGB('',0.156862745098039,0.156862745098039,0.156862745098039);
#643=FILL_AREA_STYLE_COLOUR('',#642);
#644=FILL_AREA_STYLE($,(#643));
#645=SURFACE_STYLE_FILL_AREA(#644);
#646=SURFACE_SIDE_STYLE('',(#645));
#647=SURFACE_STYLE_USAGE(.BOTH.,#646);
#648=PRESENTATION_STYLE_ASSIGNMENT((#647));
#649=STYLED_ITEM('',(#648),#641);
#650=ADVANCED_FACE('',(#3244),#3246,.T.);
#651=COLOUR_RGB('',0.156862745098039,0.156862745098039,0.156862745098039);
#652=FILL_AREA_STYLE_COLOUR('',#651);
#653=FILL_AREA_STYLE($,(#652));
#654=SURFACE_STYLE_FILL_AREA(#653);
#655=SURFACE_SIDE_STYLE('',(#654));
#656=SURFACE_STYLE_USAGE(.BOTH.,#655);
#657=PRESENTATION_STYLE_ASSIGNMENT((#656));
#658=STYLED_ITEM('',(#657),#650);
#659=ADVANCED_FACE('',(#3251),#3253,.T.);
#660=COLOUR_RGB('',0.156862745098039,0.156862745098039,0.156862745098039);
#661=FILL_AREA_STYLE_COLOUR('',#660);
#662=FILL_AREA_STYLE($,(#661));
#663=SURFACE_STYLE_FILL_AREA(#662);
#664=SURFACE_SIDE_STYLE('',(#663));
#665=SURFACE_STYLE_USAGE(.BOTH.,#664);
#666=PRESENTATION_STYLE_ASSIGNMENT((#665));
#667=STYLED_ITEM('',(#666),#659);
#668=ADVANCED_FACE('',(#3258),#3260,.T.);
#669=COLOUR_RGB('',0.156862745098039,0.156862745098039,0.156862745098039);
#670=FILL_AREA_STYLE_COLOUR('',#669);
#671=FILL_AREA_STYLE($,(#670));
#672=SURFACE_STYLE_FILL_AREA(#671);
#673=SURFACE_SIDE_STYLE('',(#672));
#674=SURFACE_STYLE_USAGE(.BOTH.,#673);
#675=PRESENTATION_STYLE_ASSIGNMENT((#674));
#676=STYLED_ITEM('',(#675),#668);
#677=ADVANCED_FACE('',(#3265),#3267,.T.);
#678=COLOUR_RGB('',0.156862745098039,0.156862745098039,0.156862745098039);
#679=FILL_AREA_STYLE_COLOUR('',#678);
#680=FILL_AREA_STYLE($,(#679));
#681=SURFACE_STYLE_FILL_AREA(#680);
#682=SURFACE_SIDE_STYLE('',(#681));
#683=SURFACE_STYLE_USAGE(.BOTH.,#682);
#684=PRESENTATION_STYLE_ASSIGNMENT((#683));
#685=STYLED_ITEM('',(#684),#677);
#686=ADVANCED_FACE('',(#3272),#3274,.T.);
#687=COLOUR_RGB('',0.156862745098039,0.156862745098039,0.156862745098039);
#688=FILL_AREA_STYLE_COLOUR('',#687);
#689=FILL_AREA_STYLE($,(#688));
#690=SURFACE_STYLE_FILL_AREA(#689);
#691=SURFACE_SIDE_STYLE('',(#690));
#692=SURFACE_STYLE_USAGE(.BOTH.,#691);
#693=PRESENTATION_STYLE_ASSIGNMENT((#692));
#694=STYLED_ITEM('',(#693),#686);
#695=ADVANCED_FACE('',(#3279),#3281,.T.);
#696=COLOUR_RGB('',0.156862745098039,0.156862745098039,0.156862745098039);
#697=FILL_AREA_STYLE_COLOUR('',#696);
#698=FILL_AREA_STYLE($,(#697));
#699=SURFACE_STYLE_FILL_AREA(#698);
#700=SURFACE_SIDE_STYLE('',(#699));
#701=SURFACE_STYLE_USAGE(.BOTH.,#700);
#702=PRESENTATION_STYLE_ASSIGNMENT((#701));
#703=STYLED_ITEM('',(#702),#695);
#704=ADVANCED_FACE('',(#3286),#3288,.T.);
#705=COLOUR_RGB('',0.156862745098039,0.156862745098039,0.156862745098039);
#706=FILL_AREA_STYLE_COLOUR('',#705);
#707=FILL_AREA_STYLE($,(#706));
#708=SURFACE_STYLE_FILL_AREA(#707);
#709=SURFACE_SIDE_STYLE('',(#708));
#710=SURFACE_STYLE_USAGE(.BOTH.,#709);
#711=PRESENTATION_STYLE_ASSIGNMENT((#710));
#712=STYLED_ITEM('',(#711),#704);
#713=ADVANCED_FACE('',(#3293),#3295,.T.);
#714=COLOUR_RGB('',0.156862745098039,0.156862745098039,0.156862745098039);
#715=FILL_AREA_STYLE_COLOUR('',#714);
#716=FILL_AREA_STYLE($,(#715));
#717=SURFACE_STYLE_FILL_AREA(#716);
#718=SURFACE_SIDE_STYLE('',(#717));
#719=SURFACE_STYLE_USAGE(.BOTH.,#718);
#720=PRESENTATION_STYLE_ASSIGNMENT((#719));
#721=STYLED_ITEM('',(#720),#713);
#722=ADVANCED_FACE('',(#3300),#3302,.T.);
#723=COLOUR_RGB('',0.156862745098039,0.156862745098039,0.156862745098039);
#724=FILL_AREA_STYLE_COLOUR('',#723);
#725=FILL_AREA_STYLE($,(#724));
#726=SURFACE_STYLE_FILL_AREA(#725);
#727=SURFACE_SIDE_STYLE('',(#726));
#728=SURFACE_STYLE_USAGE(.BOTH.,#727);
#729=PRESENTATION_STYLE_ASSIGNMENT((#728));
#730=STYLED_ITEM('',(#729),#722);
#731=ADVANCED_FACE('',(#3307),#3309,.T.);
#732=COLOUR_RGB('',0.156862745098039,0.156862745098039,0.156862745098039);
#733=FILL_AREA_STYLE_COLOUR('',#732);
#734=FILL_AREA_STYLE($,(#733));
#735=SURFACE_STYLE_FILL_AREA(#734);
#736=SURFACE_SIDE_STYLE('',(#735));
#737=SURFACE_STYLE_USAGE(.BOTH.,#736);
#738=PRESENTATION_STYLE_ASSIGNMENT((#737));
#739=STYLED_ITEM('',(#738),#731);
#740=ADVANCED_FACE('',(#3314),#3316,.T.);
#741=COLOUR_RGB('',0.156862745098039,0.156862745098039,0.156862745098039);
#742=FILL_AREA_STYLE_COLOUR('',#741);
#743=FILL_AREA_STYLE($,(#742));
#744=SURFACE_STYLE_FILL_AREA(#743);
#745=SURFACE_SIDE_STYLE('',(#744));
#746=SURFACE_STYLE_USAGE(.BOTH.,#745);
#747=PRESENTATION_STYLE_ASSIGNMENT((#746));
#748=STYLED_ITEM('',(#747),#740);
#749=ADVANCED_FACE('',(#3321),#3323,.T.);
#750=COLOUR_RGB('',0.156862745098039,0.156862745098039,0.156862745098039);
#751=FILL_AREA_STYLE_COLOUR('',#750);
#752=FILL_AREA_STYLE($,(#751));
#753=SURFACE_STYLE_FILL_AREA(#752);
#754=SURFACE_SIDE_STYLE('',(#753));
#755=SURFACE_STYLE_USAGE(.BOTH.,#754);
#756=PRESENTATION_STYLE_ASSIGNMENT((#755));
#757=STYLED_ITEM('',(#756),#749);
#758=ADVANCED_FACE('',(#3328),#3330,.T.);
#759=COLOUR_RGB('',0.156862745098039,0.156862745098039,0.156862745098039);
#760=FILL_AREA_STYLE_COLOUR('',#759);
#761=FILL_AREA_STYLE($,(#760));
#762=SURFACE_STYLE_FILL_AREA(#761);
#763=SURFACE_SIDE_STYLE('',(#762));
#764=SURFACE_STYLE_USAGE(.BOTH.,#763);
#765=PRESENTATION_STYLE_ASSIGNMENT((#764));
#766=STYLED_ITEM('',(#765),#758);
#767=ADVANCED_FACE('',(#3335),#3337,.T.);
#768=COLOUR_RGB('',0.156862745098039,0.156862745098039,0.156862745098039);
#769=FILL_AREA_STYLE_COLOUR('',#768);
#770=FILL_AREA_STYLE($,(#769));
#771=SURFACE_STYLE_FILL_AREA(#770);
#772=SURFACE_SIDE_STYLE('',(#771));
#773=SURFACE_STYLE_USAGE(.BOTH.,#772);
#774=PRESENTATION_STYLE_ASSIGNMENT((#773));
#775=STYLED_ITEM('',(#774),#767);
#776=ADVANCED_FACE('',(#3342),#3344,.T.);
#777=COLOUR_RGB('',0.156862745098039,0.156862745098039,0.156862745098039);
#778=FILL_AREA_STYLE_COLOUR('',#777);
#779=FILL_AREA_STYLE($,(#778));
#780=SURFACE_STYLE_FILL_AREA(#779);
#781=SURFACE_SIDE_STYLE('',(#780));
#782=SURFACE_STYLE_USAGE(.BOTH.,#781);
#783=PRESENTATION_STYLE_ASSIGNMENT((#782));
#784=STYLED_ITEM('',(#783),#776);
#785=ADVANCED_FACE('',(#3349),#3351,.T.);
#786=COLOUR_RGB('',0.156862745098039,0.156862745098039,0.156862745098039);
#787=FILL_AREA_STYLE_COLOUR('',#786);
#788=FILL_AREA_STYLE($,(#787));
#789=SURFACE_STYLE_FILL_AREA(#788);
#790=SURFACE_SIDE_STYLE('',(#789));
#791=SURFACE_STYLE_USAGE(.BOTH.,#790);
#792=PRESENTATION_STYLE_ASSIGNMENT((#791));
#793=STYLED_ITEM('',(#792),#785);
#794=ADVANCED_FACE('',(#3356,#3358),#3360,.F.);
#795=COLOUR_RGB('',0.156862745098039,0.156862745098039,0.156862745098039);
#796=FILL_AREA_STYLE_COLOUR('',#795);
#797=FILL_AREA_STYLE($,(#796));
#798=SURFACE_STYLE_FILL_AREA(#797);
#799=SURFACE_SIDE_STYLE('',(#798));
#800=SURFACE_STYLE_USAGE(.BOTH.,#799);
#801=PRESENTATION_STYLE_ASSIGNMENT((#800));
#802=STYLED_ITEM('',(#801),#794);
#803=ADVANCED_FACE('',(#3365,#3367),#3369,.F.);
#804=COLOUR_RGB('',0.156862745098039,0.156862745098039,0.156862745098039);
#805=FILL_AREA_STYLE_COLOUR('',#804);
#806=FILL_AREA_STYLE($,(#805));
#807=SURFACE_STYLE_FILL_AREA(#806);
#808=SURFACE_SIDE_STYLE('',(#807));
#809=SURFACE_STYLE_USAGE(.BOTH.,#808);
#810=PRESENTATION_STYLE_ASSIGNMENT((#809));
#811=STYLED_ITEM('',(#810),#803);
#812=ADVANCED_FACE('',(#3374,#3376),#3378,.T.);
#813=COLOUR_RGB('',0.156862745098039,0.156862745098039,0.156862745098039);
#814=FILL_AREA_STYLE_COLOUR('',#813);
#815=FILL_AREA_STYLE($,(#814));
#816=SURFACE_STYLE_FILL_AREA(#815);
#817=SURFACE_SIDE_STYLE('',(#816));
#818=SURFACE_STYLE_USAGE(.BOTH.,#817);
#819=PRESENTATION_STYLE_ASSIGNMENT((#818));
#820=STYLED_ITEM('',(#819),#812);
#821=ADVANCED_FACE('',(#3383),#3385,.F.);
#822=COLOUR_RGB('',0.796078431372549,0.823529411764706,0.937254901960784);
#823=FILL_AREA_STYLE_COLOUR('',#822);
#824=FILL_AREA_STYLE($,(#823));
#825=SURFACE_STYLE_FILL_AREA(#824);
#826=SURFACE_SIDE_STYLE('',(#825));
#827=SURFACE_STYLE_USAGE(.BOTH.,#826);
#828=PRESENTATION_STYLE_ASSIGNMENT((#827));
#829=STYLED_ITEM('',(#828),#821);
#830=ADVANCED_FACE('',(#3390,#3392),#3394,.F.);
#831=COLOUR_RGB('',0.796078431372549,0.823529411764706,0.937254901960784);
#832=FILL_AREA_STYLE_COLOUR('',#831);
#833=FILL_AREA_STYLE($,(#832));
#834=SURFACE_STYLE_FILL_AREA(#833);
#835=SURFACE_SIDE_STYLE('',(#834));
#836=SURFACE_STYLE_USAGE(.BOTH.,#835);
#837=PRESENTATION_STYLE_ASSIGNMENT((#836));
#838=STYLED_ITEM('',(#837),#830);
#839=ADVANCED_FACE('',(#3399,#3401),#3403,.F.);
#840=COLOUR_RGB('',0.796078431372549,0.823529411764706,0.937254901960784);
#841=FILL_AREA_STYLE_COLOUR('',#840);
#842=FILL_AREA_STYLE($,(#841));
#843=SURFACE_STYLE_FILL_AREA(#842);
#844=SURFACE_SIDE_STYLE('',(#843));
#845=SURFACE_STYLE_USAGE(.BOTH.,#844);
#846=PRESENTATION_STYLE_ASSIGNMENT((#845));
#847=STYLED_ITEM('',(#846),#839);
#848=ADVANCED_FACE('',(#3408,#3410),#3412,.T.);
#849=COLOUR_RGB('',0.796078431372549,0.823529411764706,0.937254901960784);
#850=FILL_AREA_STYLE_COLOUR('',#849);
#851=FILL_AREA_STYLE($,(#850));
#852=SURFACE_STYLE_FILL_AREA(#851);
#853=SURFACE_SIDE_STYLE('',(#852));
#854=SURFACE_STYLE_USAGE(.BOTH.,#853);
#855=PRESENTATION_STYLE_ASSIGNMENT((#854));
#856=STYLED_ITEM('',(#855),#848);
#857=ADVANCED_FACE('',(#3417,#3419),#3421,.T.);
#858=COLOUR_RGB('',0.796078431372549,0.823529411764706,0.937254901960784);
#859=FILL_AREA_STYLE_COLOUR('',#858);
#860=FILL_AREA_STYLE($,(#859));
#861=SURFACE_STYLE_FILL_AREA(#860);
#862=SURFACE_SIDE_STYLE('',(#861));
#863=SURFACE_STYLE_USAGE(.BOTH.,#862);
#864=PRESENTATION_STYLE_ASSIGNMENT((#863));
#865=STYLED_ITEM('',(#864),#857);
#866=ADVANCED_FACE('',(#3426,#3428),#3430,.T.);
#867=COLOUR_RGB('',0.796078431372549,0.823529411764706,0.937254901960784);
#868=FILL_AREA_STYLE_COLOUR('',#867);
#869=FILL_AREA_STYLE($,(#868));
#870=SURFACE_STYLE_FILL_AREA(#869);
#871=SURFACE_SIDE_STYLE('',(#870));
#872=SURFACE_STYLE_USAGE(.BOTH.,#871);
#873=PRESENTATION_STYLE_ASSIGNMENT((#872));
#874=STYLED_ITEM('',(#873),#866);
#875=ADVANCED_FACE('',(#3435,#3437),#3439,.T.);
#876=COLOUR_RGB('',0.796078431372549,0.823529411764706,0.937254901960784);
#877=FILL_AREA_STYLE_COLOUR('',#876);
#878=FILL_AREA_STYLE($,(#877));
#879=SURFACE_STYLE_FILL_AREA(#878);
#880=SURFACE_SIDE_STYLE('',(#879));
#881=SURFACE_STYLE_USAGE(.BOTH.,#880);
#882=PRESENTATION_STYLE_ASSIGNMENT((#881));
#883=STYLED_ITEM('',(#882),#875);
#884=ADVANCED_FACE('',(#3444,#3446),#3448,.T.);
#885=COLOUR_RGB('',0.796078431372549,0.823529411764706,0.937254901960784);
#886=FILL_AREA_STYLE_COLOUR('',#885);
#887=FILL_AREA_STYLE($,(#886));
#888=SURFACE_STYLE_FILL_AREA(#887);
#889=SURFACE_SIDE_STYLE('',(#888));
#890=SURFACE_STYLE_USAGE(.BOTH.,#889);
#891=PRESENTATION_STYLE_ASSIGNMENT((#890));
#892=STYLED_ITEM('',(#891),#884);
#893=ADVANCED_FACE('',(#3453,#3455),#3457,.T.);
#894=COLOUR_RGB('',0.796078431372549,0.823529411764706,0.937254901960784);
#895=FILL_AREA_STYLE_COLOUR('',#894);
#896=FILL_AREA_STYLE($,(#895));
#897=SURFACE_STYLE_FILL_AREA(#896);
#898=SURFACE_SIDE_STYLE('',(#897));
#899=SURFACE_STYLE_USAGE(.BOTH.,#898);
#900=PRESENTATION_STYLE_ASSIGNMENT((#899));
#901=STYLED_ITEM('',(#900),#893);
#902=ADVANCED_FACE('',(#3462),#3464,.T.);
#903=COLOUR_RGB('',0.796078431372549,0.823529411764706,0.937254901960784);
#904=FILL_AREA_STYLE_COLOUR('',#903);
#905=FILL_AREA_STYLE($,(#904));
#906=SURFACE_STYLE_FILL_AREA(#905);
#907=SURFACE_SIDE_STYLE('',(#906));
#908=SURFACE_STYLE_USAGE(.BOTH.,#907);
#909=PRESENTATION_STYLE_ASSIGNMENT((#908));
#910=STYLED_ITEM('',(#909),#902);
#911=ADVANCED_FACE('',(#3469),#3471,.F.);
#912=COLOUR_RGB('',0.796078431372549,0.823529411764706,0.937254901960784);
#913=FILL_AREA_STYLE_COLOUR('',#912);
#914=FILL_AREA_STYLE($,(#913));
#915=SURFACE_STYLE_FILL_AREA(#914);
#916=SURFACE_SIDE_STYLE('',(#915));
#917=SURFACE_STYLE_USAGE(.BOTH.,#916);
#918=PRESENTATION_STYLE_ASSIGNMENT((#917));
#919=STYLED_ITEM('',(#918),#911);
#920=ADVANCED_FACE('',(#3476,#3478),#3480,.F.);
#921=COLOUR_RGB('',0.796078431372549,0.823529411764706,0.937254901960784);
#922=FILL_AREA_STYLE_COLOUR('',#921);
#923=FILL_AREA_STYLE($,(#922));
#924=SURFACE_STYLE_FILL_AREA(#923);
#925=SURFACE_SIDE_STYLE('',(#924));
#926=SURFACE_STYLE_USAGE(.BOTH.,#925);
#927=PRESENTATION_STYLE_ASSIGNMENT((#926));
#928=STYLED_ITEM('',(#927),#920);
#929=ADVANCED_FACE('',(#3485,#3487),#3489,.F.);
#930=COLOUR_RGB('',0.796078431372549,0.823529411764706,0.937254901960784);
#931=FILL_AREA_STYLE_COLOUR('',#930);
#932=FILL_AREA_STYLE($,(#931));
#933=SURFACE_STYLE_FILL_AREA(#932);
#934=SURFACE_SIDE_STYLE('',(#933));
#935=SURFACE_STYLE_USAGE(.BOTH.,#934);
#936=PRESENTATION_STYLE_ASSIGNMENT((#935));
#937=STYLED_ITEM('',(#936),#929);
#938=ADVANCED_FACE('',(#3494,#3496),#3498,.T.);
#939=COLOUR_RGB('',0.796078431372549,0.823529411764706,0.937254901960784);
#940=FILL_AREA_STYLE_COLOUR('',#939);
#941=FILL_AREA_STYLE($,(#940));
#942=SURFACE_STYLE_FILL_AREA(#941);
#943=SURFACE_SIDE_STYLE('',(#942));
#944=SURFACE_STYLE_USAGE(.BOTH.,#943);
#945=PRESENTATION_STYLE_ASSIGNMENT((#944));
#946=STYLED_ITEM('',(#945),#938);
#947=ADVANCED_FACE('',(#3503,#3505),#3507,.T.);
#948=COLOUR_RGB('',0.796078431372549,0.823529411764706,0.937254901960784);
#949=FILL_AREA_STYLE_COLOUR('',#948);
#950=FILL_AREA_STYLE($,(#949));
#951=SURFACE_STYLE_FILL_AREA(#950);
#952=SURFACE_SIDE_STYLE('',(#951));
#953=SURFACE_STYLE_USAGE(.BOTH.,#952);
#954=PRESENTATION_STYLE_ASSIGNMENT((#953));
#955=STYLED_ITEM('',(#954),#947);
#956=ADVANCED_FACE('',(#3512,#3514),#3516,.T.);
#957=COLOUR_RGB('',0.796078431372549,0.823529411764706,0.937254901960784);
#958=FILL_AREA_STYLE_COLOUR('',#957);
#959=FILL_AREA_STYLE($,(#958));
#960=SURFACE_STYLE_FILL_AREA(#959);
#961=SURFACE_SIDE_STYLE('',(#960));
#962=SURFACE_STYLE_USAGE(.BOTH.,#961);
#963=PRESENTATION_STYLE_ASSIGNMENT((#962));
#964=STYLED_ITEM('',(#963),#956);
#965=ADVANCED_FACE('',(#3521,#3523),#3525,.T.);
#966=COLOUR_RGB('',0.796078431372549,0.823529411764706,0.937254901960784);
#967=FILL_AREA_STYLE_COLOUR('',#966);
#968=FILL_AREA_STYLE($,(#967));
#969=SURFACE_STYLE_FILL_AREA(#968);
#970=SURFACE_SIDE_STYLE('',(#969));
#971=SURFACE_STYLE_USAGE(.BOTH.,#970);
#972=PRESENTATION_STYLE_ASSIGNMENT((#971));
#973=STYLED_ITEM('',(#972),#965);
#974=ADVANCED_FACE('',(#3530,#3532),#3534,.T.);
#975=COLOUR_RGB('',0.796078431372549,0.823529411764706,0.937254901960784);
#976=FILL_AREA_STYLE_COLOUR('',#975);
#977=FILL_AREA_STYLE($,(#976));
#978=SURFACE_STYLE_FILL_AREA(#977);
#979=SURFACE_SIDE_STYLE('',(#978));
#980=SURFACE_STYLE_USAGE(.BOTH.,#979);
#981=PRESENTATION_STYLE_ASSIGNMENT((#980));
#982=STYLED_ITEM('',(#981),#974);
#983=ADVANCED_FACE('',(#3539,#3541),#3543,.T.);
#984=COLOUR_RGB('',0.796078431372549,0.823529411764706,0.937254901960784);
#985=FILL_AREA_STYLE_COLOUR('',#984);
#986=FILL_AREA_STYLE($,(#985));
#987=SURFACE_STYLE_FILL_AREA(#986);
#988=SURFACE_SIDE_STYLE('',(#987));
#989=SURFACE_STYLE_USAGE(.BOTH.,#988);
#990=PRESENTATION_STYLE_ASSIGNMENT((#989));
#991=STYLED_ITEM('',(#990),#983);
#992=ADVANCED_FACE('',(#3548),#3550,.T.);
#993=COLOUR_RGB('',0.796078431372549,0.823529411764706,0.937254901960784);
#994=FILL_AREA_STYLE_COLOUR('',#993);
#995=FILL_AREA_STYLE($,(#994));
#996=SURFACE_STYLE_FILL_AREA(#995);
#997=SURFACE_SIDE_STYLE('',(#996));
#998=SURFACE_STYLE_USAGE(.BOTH.,#997);
#999=PRESENTATION_STYLE_ASSIGNMENT((#998));
#1000=STYLED_ITEM('',(#999),#992);
#1001=ADVANCED_FACE('',(#3555),#3557,.F.);
#1002=COLOUR_RGB('',0.796078431372549,0.823529411764706,0.937254901960784);
#1003=FILL_AREA_STYLE_COLOUR('',#1002);
#1004=FILL_AREA_STYLE($,(#1003));
#1005=SURFACE_STYLE_FILL_AREA(#1004);
#1006=SURFACE_SIDE_STYLE('',(#1005));
#1007=SURFACE_STYLE_USAGE(.BOTH.,#1006);
#1008=PRESENTATION_STYLE_ASSIGNMENT((#1007));
#1009=STYLED_ITEM('',(#1008),#1001);
#1010=ADVANCED_FACE('',(#3562,#3564),#3566,.F.);
#1011=COLOUR_RGB('',0.796078431372549,0.823529411764706,0.937254901960784);
#1012=FILL_AREA_STYLE_COLOUR('',#1011);
#1013=FILL_AREA_STYLE($,(#1012));
#1014=SURFACE_STYLE_FILL_AREA(#1013);
#1015=SURFACE_SIDE_STYLE('',(#1014));
#1016=SURFACE_STYLE_USAGE(.BOTH.,#1015);
#1017=PRESENTATION_STYLE_ASSIGNMENT((#1016));
#1018=STYLED_ITEM('',(#1017),#1010);
#1019=ADVANCED_FACE('',(#3571,#3573),#3575,.F.);
#1020=COLOUR_RGB('',0.796078431372549,0.823529411764706,0.937254901960784);
#1021=FILL_AREA_STYLE_COLOUR('',#1020);
#1022=FILL_AREA_STYLE($,(#1021));
#1023=SURFACE_STYLE_FILL_AREA(#1022);
#1024=SURFACE_SIDE_STYLE('',(#1023));
#1025=SURFACE_STYLE_USAGE(.BOTH.,#1024);
#1026=PRESENTATION_STYLE_ASSIGNMENT((#1025));
#1027=STYLED_ITEM('',(#1026),#1019);
#1028=ADVANCED_FACE('',(#3580,#3582),#3584,.T.);
#1029=COLOUR_RGB('',0.796078431372549,0.823529411764706,0.937254901960784);
#1030=FILL_AREA_STYLE_COLOUR('',#1029);
#1031=FILL_AREA_STYLE($,(#1030));
#1032=SURFACE_STYLE_FILL_AREA(#1031);
#1033=SURFACE_SIDE_STYLE('',(#1032));
#1034=SURFACE_STYLE_USAGE(.BOTH.,#1033);
#1035=PRESENTATION_STYLE_ASSIGNMENT((#1034));
#1036=STYLED_ITEM('',(#1035),#1028);
#1037=ADVANCED_FACE('',(#3589,#3591),#3593,.T.);
#1038=COLOUR_RGB('',0.796078431372549,0.823529411764706,0.937254901960784);
#1039=FILL_AREA_STYLE_COLOUR('',#1038);
#1040=FILL_AREA_STYLE($,(#1039));
#1041=SURFACE_STYLE_FILL_AREA(#1040);
#1042=SURFACE_SIDE_STYLE('',(#1041));
#1043=SURFACE_STYLE_USAGE(.BOTH.,#1042);
#1044=PRESENTATION_STYLE_ASSIGNMENT((#1043));
#1045=STYLED_ITEM('',(#1044),#1037);
#1046=ADVANCED_FACE('',(#3598,#3600),#3602,.T.);
#1047=COLOUR_RGB('',0.796078431372549,0.823529411764706,0.937254901960784);
#1048=FILL_AREA_STYLE_COLOUR('',#1047);
#1049=FILL_AREA_STYLE($,(#1048));
#1050=SURFACE_STYLE_FILL_AREA(#1049);
#1051=SURFACE_SIDE_STYLE('',(#1050));
#1052=SURFACE_STYLE_USAGE(.BOTH.,#1051);
#1053=PRESENTATION_STYLE_ASSIGNMENT((#1052));
#1054=STYLED_ITEM('',(#1053),#1046);
#1055=ADVANCED_FACE('',(#3607,#3609),#3611,.T.);
#1056=COLOUR_RGB('',0.796078431372549,0.823529411764706,0.937254901960784);
#1057=FILL_AREA_STYLE_COLOUR('',#1056);
#1058=FILL_AREA_STYLE($,(#1057));
#1059=SURFACE_STYLE_FILL_AREA(#1058);
#1060=SURFACE_SIDE_STYLE('',(#1059));
#1061=SURFACE_STYLE_USAGE(.BOTH.,#1060);
#1062=PRESENTATION_STYLE_ASSIGNMENT((#1061));
#1063=STYLED_ITEM('',(#1062),#1055);
#1064=ADVANCED_FACE('',(#3616,#3618),#3620,.T.);
#1065=COLOUR_RGB('',0.796078431372549,0.823529411764706,0.937254901960784);
#1066=FILL_AREA_STYLE_COLOUR('',#1065);
#1067=FILL_AREA_STYLE($,(#1066));
#1068=SURFACE_STYLE_FILL_AREA(#1067);
#1069=SURFACE_SIDE_STYLE('',(#1068));
#1070=SURFACE_STYLE_USAGE(.BOTH.,#1069);
#1071=PRESENTATION_STYLE_ASSIGNMENT((#1070));
#1072=STYLED_ITEM('',(#1071),#1064);
#1073=ADVANCED_FACE('',(#3625,#3627),#3629,.T.);
#1074=COLOUR_RGB('',0.796078431372549,0.823529411764706,0.937254901960784);
#1075=FILL_AREA_STYLE_COLOUR('',#1074);
#1076=FILL_AREA_STYLE($,(#1075));
#1077=SURFACE_STYLE_FILL_AREA(#1076);
#1078=SURFACE_SIDE_STYLE('',(#1077));
#1079=SURFACE_STYLE_USAGE(.BOTH.,#1078);
#1080=PRESENTATION_STYLE_ASSIGNMENT((#1079));
#1081=STYLED_ITEM('',(#1080),#1073);
#1082=ADVANCED_FACE('',(#3634),#3636,.T.);
#1083=COLOUR_RGB('',0.796078431372549,0.823529411764706,0.937254901960784);
#1084=FILL_AREA_STYLE_COLOUR('',#1083);
#1085=FILL_AREA_STYLE($,(#1084));
#1086=SURFACE_STYLE_FILL_AREA(#1085);
#1087=SURFACE_SIDE_STYLE('',(#1086));
#1088=SURFACE_STYLE_USAGE(.BOTH.,#1087);
#1089=PRESENTATION_STYLE_ASSIGNMENT((#1088));
#1090=STYLED_ITEM('',(#1089),#1082);
#1091=ADVANCED_FACE('',(#3641),#3643,.F.);
#1092=COLOUR_RGB('',0.796078431372549,0.823529411764706,0.937254901960784);
#1093=FILL_AREA_STYLE_COLOUR('',#1092);
#1094=FILL_AREA_STYLE($,(#1093));
#1095=SURFACE_STYLE_FILL_AREA(#1094);
#1096=SURFACE_SIDE_STYLE('',(#1095));
#1097=SURFACE_STYLE_USAGE(.BOTH.,#1096);
#1098=PRESENTATION_STYLE_ASSIGNMENT((#1097));
#1099=STYLED_ITEM('',(#1098),#1091);
#1100=ADVANCED_FACE('',(#3648,#3650),#3652,.F.);
#1101=COLOUR_RGB('',0.796078431372549,0.823529411764706,0.937254901960784);
#1102=FILL_AREA_STYLE_COLOUR('',#1101);
#1103=FILL_AREA_STYLE($,(#1102));
#1104=SURFACE_STYLE_FILL_AREA(#1103);
#1105=SURFACE_SIDE_STYLE('',(#1104));
#1106=SURFACE_STYLE_USAGE(.BOTH.,#1105);
#1107=PRESENTATION_STYLE_ASSIGNMENT((#1106));
#1108=STYLED_ITEM('',(#1107),#1100);
#1109=ADVANCED_FACE('',(#3657,#3659),#3661,.F.);
#1110=COLOUR_RGB('',0.796078431372549,0.823529411764706,0.937254901960784);
#1111=FILL_AREA_STYLE_COLOUR('',#1110);
#1112=FILL_AREA_STYLE($,(#1111));
#1113=SURFACE_STYLE_FILL_AREA(#1112);
#1114=SURFACE_SIDE_STYLE('',(#1113));
#1115=SURFACE_STYLE_USAGE(.BOTH.,#1114);
#1116=PRESENTATION_STYLE_ASSIGNMENT((#1115));
#1117=STYLED_ITEM('',(#1116),#1109);
#1118=ADVANCED_FACE('',(#3666,#3668),#3670,.T.);
#1119=COLOUR_RGB('',0.796078431372549,0.823529411764706,0.937254901960784);
#1120=FILL_AREA_STYLE_COLOUR('',#1119);
#1121=FILL_AREA_STYLE($,(#1120));
#1122=SURFACE_STYLE_FILL_AREA(#1121);
#1123=SURFACE_SIDE_STYLE('',(#1122));
#1124=SURFACE_STYLE_USAGE(.BOTH.,#1123);
#1125=PRESENTATION_STYLE_ASSIGNMENT((#1124));
#1126=STYLED_ITEM('',(#1125),#1118);
#1127=ADVANCED_FACE('',(#3675,#3677),#3679,.T.);
#1128=COLOUR_RGB('',0.796078431372549,0.823529411764706,0.937254901960784);
#1129=FILL_AREA_STYLE_COLOUR('',#1128);
#1130=FILL_AREA_STYLE($,(#1129));
#1131=SURFACE_STYLE_FILL_AREA(#1130);
#1132=SURFACE_SIDE_STYLE('',(#1131));
#1133=SURFACE_STYLE_USAGE(.BOTH.,#1132);
#1134=PRESENTATION_STYLE_ASSIGNMENT((#1133));
#1135=STYLED_ITEM('',(#1134),#1127);
#1136=ADVANCED_FACE('',(#3684,#3686),#3688,.T.);
#1137=COLOUR_RGB('',0.796078431372549,0.823529411764706,0.937254901960784);
#1138=FILL_AREA_STYLE_COLOUR('',#1137);
#1139=FILL_AREA_STYLE($,(#1138));
#1140=SURFACE_STYLE_FILL_AREA(#1139);
#1141=SURFACE_SIDE_STYLE('',(#1140));
#1142=SURFACE_STYLE_USAGE(.BOTH.,#1141);
#1143=PRESENTATION_STYLE_ASSIGNMENT((#1142));
#1144=STYLED_ITEM('',(#1143),#1136);
#1145=ADVANCED_FACE('',(#3693,#3695),#3697,.T.);
#1146=COLOUR_RGB('',0.796078431372549,0.823529411764706,0.937254901960784);
#1147=FILL_AREA_STYLE_COLOUR('',#1146);
#1148=FILL_AREA_STYLE($,(#1147));
#1149=SURFACE_STYLE_FILL_AREA(#1148);
#1150=SURFACE_SIDE_STYLE('',(#1149));
#1151=SURFACE_STYLE_USAGE(.BOTH.,#1150);
#1152=PRESENTATION_STYLE_ASSIGNMENT((#1151));
#1153=STYLED_ITEM('',(#1152),#1145);
#1154=ADVANCED_FACE('',(#3702,#3704),#3706,.T.);
#1155=COLOUR_RGB('',0.796078431372549,0.823529411764706,0.937254901960784);
#1156=FILL_AREA_STYLE_COLOUR('',#1155);
#1157=FILL_AREA_STYLE($,(#1156));
#1158=SURFACE_STYLE_FILL_AREA(#1157);
#1159=SURFACE_SIDE_STYLE('',(#1158));
#1160=SURFACE_STYLE_USAGE(.BOTH.,#1159);
#1161=PRESENTATION_STYLE_ASSIGNMENT((#1160));
#1162=STYLED_ITEM('',(#1161),#1154);
#1163=ADVANCED_FACE('',(#3711,#3713),#3715,.T.);
#1164=COLOUR_RGB('',0.796078431372549,0.823529411764706,0.937254901960784);
#1165=FILL_AREA_STYLE_COLOUR('',#1164);
#1166=FILL_AREA_STYLE($,(#1165));
#1167=SURFACE_STYLE_FILL_AREA(#1166);
#1168=SURFACE_SIDE_STYLE('',(#1167));
#1169=SURFACE_STYLE_USAGE(.BOTH.,#1168);
#1170=PRESENTATION_STYLE_ASSIGNMENT((#1169));
#1171=STYLED_ITEM('',(#1170),#1163);
#1172=ADVANCED_FACE('',(#3720),#3722,.T.);
#1173=COLOUR_RGB('',0.796078431372549,0.823529411764706,0.937254901960784);
#1174=FILL_AREA_STYLE_COLOUR('',#1173);
#1175=FILL_AREA_STYLE($,(#1174));
#1176=SURFACE_STYLE_FILL_AREA(#1175);
#1177=SURFACE_SIDE_STYLE('',(#1176));
#1178=SURFACE_STYLE_USAGE(.BOTH.,#1177);
#1179=PRESENTATION_STYLE_ASSIGNMENT((#1178));
#1180=STYLED_ITEM('',(#1179),#1172);
#1181=ADVANCED_FACE('',(#3727),#3729,.F.);
#1182=COLOUR_RGB('',0.796078431372549,0.823529411764706,0.937254901960784);
#1183=FILL_AREA_STYLE_COLOUR('',#1182);
#1184=FILL_AREA_STYLE($,(#1183));
#1185=SURFACE_STYLE_FILL_AREA(#1184);
#1186=SURFACE_SIDE_STYLE('',(#1185));
#1187=SURFACE_STYLE_USAGE(.BOTH.,#1186);
#1188=PRESENTATION_STYLE_ASSIGNMENT((#1187));
#1189=STYLED_ITEM('',(#1188),#1181);
#1190=ADVANCED_FACE('',(#3734,#3736),#3738,.F.);
#1191=COLOUR_RGB('',0.796078431372549,0.823529411764706,0.937254901960784);
#1192=FILL_AREA_STYLE_COLOUR('',#1191);
#1193=FILL_AREA_STYLE($,(#1192));
#1194=SURFACE_STYLE_FILL_AREA(#1193);
#1195=SURFACE_SIDE_STYLE('',(#1194));
#1196=SURFACE_STYLE_USAGE(.BOTH.,#1195);
#1197=PRESENTATION_STYLE_ASSIGNMENT((#1196));
#1198=STYLED_ITEM('',(#1197),#1190);
#1199=ADVANCED_FACE('',(#3743,#3745),#3747,.F.);
#1200=COLOUR_RGB('',0.796078431372549,0.823529411764706,0.937254901960784);
#1201=FILL_AREA_STYLE_COLOUR('',#1200);
#1202=FILL_AREA_STYLE($,(#1201));
#1203=SURFACE_STYLE_FILL_AREA(#1202);
#1204=SURFACE_SIDE_STYLE('',(#1203));
#1205=SURFACE_STYLE_USAGE(.BOTH.,#1204);
#1206=PRESENTATION_STYLE_ASSIGNMENT((#1205));
#1207=STYLED_ITEM('',(#1206),#1199);
#1208=ADVANCED_FACE('',(#3752,#3754),#3756,.T.);
#1209=COLOUR_RGB('',0.796078431372549,0.823529411764706,0.937254901960784);
#1210=FILL_AREA_STYLE_COLOUR('',#1209);
#1211=FILL_AREA_STYLE($,(#1210));
#1212=SURFACE_STYLE_FILL_AREA(#1211);
#1213=SURFACE_SIDE_STYLE('',(#1212));
#1214=SURFACE_STYLE_USAGE(.BOTH.,#1213);
#1215=PRESENTATION_STYLE_ASSIGNMENT((#1214));
#1216=STYLED_ITEM('',(#1215),#1208);
#1217=ADVANCED_FACE('',(#3761,#3763),#3765,.T.);
#1218=COLOUR_RGB('',0.796078431372549,0.823529411764706,0.937254901960784);
#1219=FILL_AREA_STYLE_COLOUR('',#1218);
#1220=FILL_AREA_STYLE($,(#1219));
#1221=SURFACE_STYLE_FILL_AREA(#1220);
#1222=SURFACE_SIDE_STYLE('',(#1221));
#1223=SURFACE_STYLE_USAGE(.BOTH.,#1222);
#1224=PRESENTATION_STYLE_ASSIGNMENT((#1223));
#1225=STYLED_ITEM('',(#1224),#1217);
#1226=ADVANCED_FACE('',(#3770,#3772),#3774,.T.);
#1227=COLOUR_RGB('',0.796078431372549,0.823529411764706,0.937254901960784);
#1228=FILL_AREA_STYLE_COLOUR('',#1227);
#1229=FILL_AREA_STYLE($,(#1228));
#1230=SURFACE_STYLE_FILL_AREA(#1229);
#1231=SURFACE_SIDE_STYLE('',(#1230));
#1232=SURFACE_STYLE_USAGE(.BOTH.,#1231);
#1233=PRESENTATION_STYLE_ASSIGNMENT((#1232));
#1234=STYLED_ITEM('',(#1233),#1226);
#1235=ADVANCED_FACE('',(#3779,#3781),#3783,.T.);
#1236=COLOUR_RGB('',0.796078431372549,0.823529411764706,0.937254901960784);
#1237=FILL_AREA_STYLE_COLOUR('',#1236);
#1238=FILL_AREA_STYLE($,(#1237));
#1239=SURFACE_STYLE_FILL_AREA(#1238);
#1240=SURFACE_SIDE_STYLE('',(#1239));
#1241=SURFACE_STYLE_USAGE(.BOTH.,#1240);
#1242=PRESENTATION_STYLE_ASSIGNMENT((#1241));
#1243=STYLED_ITEM('',(#1242),#1235);
#1244=ADVANCED_FACE('',(#3788,#3790),#3792,.T.);
#1245=COLOUR_RGB('',0.796078431372549,0.823529411764706,0.937254901960784);
#1246=FILL_AREA_STYLE_COLOUR('',#1245);
#1247=FILL_AREA_STYLE($,(#1246));
#1248=SURFACE_STYLE_FILL_AREA(#1247);
#1249=SURFACE_SIDE_STYLE('',(#1248));
#1250=SURFACE_STYLE_USAGE(.BOTH.,#1249);
#1251=PRESENTATION_STYLE_ASSIGNMENT((#1250));
#1252=STYLED_ITEM('',(#1251),#1244);
#1253=ADVANCED_FACE('',(#3797,#3799),#3801,.T.);
#1254=COLOUR_RGB('',0.796078431372549,0.823529411764706,0.937254901960784);
#1255=FILL_AREA_STYLE_COLOUR('',#1254);
#1256=FILL_AREA_STYLE($,(#1255));
#1257=SURFACE_STYLE_FILL_AREA(#1256);
#1258=SURFACE_SIDE_STYLE('',(#1257));
#1259=SURFACE_STYLE_USAGE(.BOTH.,#1258);
#1260=PRESENTATION_STYLE_ASSIGNMENT((#1259));
#1261=STYLED_ITEM('',(#1260),#1253);
#1262=ADVANCED_FACE('',(#3806),#3808,.T.);
#1263=COLOUR_RGB('',0.796078431372549,0.823529411764706,0.937254901960784);
#1264=FILL_AREA_STYLE_COLOUR('',#1263);
#1265=FILL_AREA_STYLE($,(#1264));
#1266=SURFACE_STYLE_FILL_AREA(#1265);
#1267=SURFACE_SIDE_STYLE('',(#1266));
#1268=SURFACE_STYLE_USAGE(.BOTH.,#1267);
#1269=PRESENTATION_STYLE_ASSIGNMENT((#1268));
#1270=STYLED_ITEM('',(#1269),#1262);
#1271=ADVANCED_FACE('',(#3813),#3815,.F.);
#1272=COLOUR_RGB('',0.796078431372549,0.823529411764706,0.937254901960784);
#1273=FILL_AREA_STYLE_COLOUR('',#1272);
#1274=FILL_AREA_STYLE($,(#1273));
#1275=SURFACE_STYLE_FILL_AREA(#1274);
#1276=SURFACE_SIDE_STYLE('',(#1275));
#1277=SURFACE_STYLE_USAGE(.BOTH.,#1276);
#1278=PRESENTATION_STYLE_ASSIGNMENT((#1277));
#1279=STYLED_ITEM('',(#1278),#1271);
#1280=ADVANCED_FACE('',(#3820,#3822),#3824,.F.);
#1281=COLOUR_RGB('',0.796078431372549,0.823529411764706,0.937254901960784);
#1282=FILL_AREA_STYLE_COLOUR('',#1281);
#1283=FILL_AREA_STYLE($,(#1282));
#1284=SURFACE_STYLE_FILL_AREA(#1283);
#1285=SURFACE_SIDE_STYLE('',(#1284));
#1286=SURFACE_STYLE_USAGE(.BOTH.,#1285);
#1287=PRESENTATION_STYLE_ASSIGNMENT((#1286));
#1288=STYLED_ITEM('',(#1287),#1280);
#1289=ADVANCED_FACE('',(#3829,#3831),#3833,.F.);
#1290=COLOUR_RGB('',0.796078431372549,0.823529411764706,0.937254901960784);
#1291=FILL_AREA_STYLE_COLOUR('',#1290);
#1292=FILL_AREA_STYLE($,(#1291));
#1293=SURFACE_STYLE_FILL_AREA(#1292);
#1294=SURFACE_SIDE_STYLE('',(#1293));
#1295=SURFACE_STYLE_USAGE(.BOTH.,#1294);
#1296=PRESENTATION_STYLE_ASSIGNMENT((#1295));
#1297=STYLED_ITEM('',(#1296),#1289);
#1298=ADVANCED_FACE('',(#3838,#3840),#3842,.T.);
#1299=COLOUR_RGB('',0.796078431372549,0.823529411764706,0.937254901960784);
#1300=FILL_AREA_STYLE_COLOUR('',#1299);
#1301=FILL_AREA_STYLE($,(#1300));
#1302=SURFACE_STYLE_FILL_AREA(#1301);
#1303=SURFACE_SIDE_STYLE('',(#1302));
#1304=SURFACE_STYLE_USAGE(.BOTH.,#1303);
#1305=PRESENTATION_STYLE_ASSIGNMENT((#1304));
#1306=STYLED_ITEM('',(#1305),#1298);
#1307=ADVANCED_FACE('',(#3847,#3849),#3851,.T.);
#1308=COLOUR_RGB('',0.796078431372549,0.823529411764706,0.937254901960784);
#1309=FILL_AREA_STYLE_COLOUR('',#1308);
#1310=FILL_AREA_STYLE($,(#1309));
#1311=SURFACE_STYLE_FILL_AREA(#1310);
#1312=SURFACE_SIDE_STYLE('',(#1311));
#1313=SURFACE_STYLE_USAGE(.BOTH.,#1312);
#1314=PRESENTATION_STYLE_ASSIGNMENT((#1313));
#1315=STYLED_ITEM('',(#1314),#1307);
#1316=ADVANCED_FACE('',(#3856,#3858),#3860,.T.);
#1317=COLOUR_RGB('',0.796078431372549,0.823529411764706,0.937254901960784);
#1318=FILL_AREA_STYLE_COLOUR('',#1317);
#1319=FILL_AREA_STYLE($,(#1318));
#1320=SURFACE_STYLE_FILL_AREA(#1319);
#1321=SURFACE_SIDE_STYLE('',(#1320));
#1322=SURFACE_STYLE_USAGE(.BOTH.,#1321);
#1323=PRESENTATION_STYLE_ASSIGNMENT((#1322));
#1324=STYLED_ITEM('',(#1323),#1316);
#1325=ADVANCED_FACE('',(#3865,#3867),#3869,.T.);
#1326=COLOUR_RGB('',0.796078431372549,0.823529411764706,0.937254901960784);
#1327=FILL_AREA_STYLE_COLOUR('',#1326);
#1328=FILL_AREA_STYLE($,(#1327));
#1329=SURFACE_STYLE_FILL_AREA(#1328);
#1330=SURFACE_SIDE_STYLE('',(#1329));
#1331=SURFACE_STYLE_USAGE(.BOTH.,#1330);
#1332=PRESENTATION_STYLE_ASSIGNMENT((#1331));
#1333=STYLED_ITEM('',(#1332),#1325);
#1334=ADVANCED_FACE('',(#3874,#3876),#3878,.T.);
#1335=COLOUR_RGB('',0.796078431372549,0.823529411764706,0.937254901960784);
#1336=FILL_AREA_STYLE_COLOUR('',#1335);
#1337=FILL_AREA_STYLE($,(#1336));
#1338=SURFACE_STYLE_FILL_AREA(#1337);
#1339=SURFACE_SIDE_STYLE('',(#1338));
#1340=SURFACE_STYLE_USAGE(.BOTH.,#1339);
#1341=PRESENTATION_STYLE_ASSIGNMENT((#1340));
#1342=STYLED_ITEM('',(#1341),#1334);
#1343=ADVANCED_FACE('',(#3883,#3885),#3887,.T.);
#1344=COLOUR_RGB('',0.796078431372549,0.823529411764706,0.937254901960784);
#1345=FILL_AREA_STYLE_COLOUR('',#1344);
#1346=FILL_AREA_STYLE($,(#1345));
#1347=SURFACE_STYLE_FILL_AREA(#1346);
#1348=SURFACE_SIDE_STYLE('',(#1347));
#1349=SURFACE_STYLE_USAGE(.BOTH.,#1348);
#1350=PRESENTATION_STYLE_ASSIGNMENT((#1349));
#1351=STYLED_ITEM('',(#1350),#1343);
#1352=ADVANCED_FACE('',(#3892),#3894,.T.);
#1353=COLOUR_RGB('',0.796078431372549,0.823529411764706,0.937254901960784);
#1354=FILL_AREA_STYLE_COLOUR('',#1353);
#1355=FILL_AREA_STYLE($,(#1354));
#1356=SURFACE_STYLE_FILL_AREA(#1355);
#1357=SURFACE_SIDE_STYLE('',(#1356));
#1358=SURFACE_STYLE_USAGE(.BOTH.,#1357);
#1359=PRESENTATION_STYLE_ASSIGNMENT((#1358));
#1360=STYLED_ITEM('',(#1359),#1352);
#1361=ADVANCED_FACE('',(#3899,#3901),#3903,.T.);
#1362=COLOUR_RGB('',0.968627450980392,0.87843137254902,0.6);
#1363=FILL_AREA_STYLE_COLOUR('',#1362);
#1364=FILL_AREA_STYLE($,(#1363));
#1365=SURFACE_STYLE_FILL_AREA(#1364);
#1366=SURFACE_SIDE_STYLE('',(#1365));
#1367=SURFACE_STYLE_USAGE(.BOTH.,#1366);
#1368=PRESENTATION_STYLE_ASSIGNMENT((#1367));
#1369=STYLED_ITEM('',(#1368),#1361);
#1370=ADVANCED_FACE('',(#3908,#3910),#3912,.F.);
#1371=COLOUR_RGB('',0.968627450980392,0.87843137254902,0.6);
#1372=FILL_AREA_STYLE_COLOUR('',#1371);
#1373=FILL_AREA_STYLE($,(#1372));
#1374=SURFACE_STYLE_FILL_AREA(#1373);
#1375=SURFACE_SIDE_STYLE('',(#1374));
#1376=SURFACE_STYLE_USAGE(.BOTH.,#1375);
#1377=PRESENTATION_STYLE_ASSIGNMENT((#1376));
#1378=STYLED_ITEM('',(#1377),#1370);
#1379=ADVANCED_FACE('',(#3917),#3919,.F.);
#1380=COLOUR_RGB('',0.968627450980392,0.87843137254902,0.6);
#1381=FILL_AREA_STYLE_COLOUR('',#1380);
#1382=FILL_AREA_STYLE($,(#1381));
#1383=SURFACE_STYLE_FILL_AREA(#1382);
#1384=SURFACE_SIDE_STYLE('',(#1383));
#1385=SURFACE_STYLE_USAGE(.BOTH.,#1384);
#1386=PRESENTATION_STYLE_ASSIGNMENT((#1385));
#1387=STYLED_ITEM('',(#1386),#1379);
#1388=ADVANCED_FACE('',(#3924),#3926,.F.);
#1389=COLOUR_RGB('',0.968627450980392,0.87843137254902,0.6);
#1390=FILL_AREA_STYLE_COLOUR('',#1389);
#1391=FILL_AREA_STYLE($,(#1390));
#1392=SURFACE_STYLE_FILL_AREA(#1391);
#1393=SURFACE_SIDE_STYLE('',(#1392));
#1394=SURFACE_STYLE_USAGE(.BOTH.,#1393);
#1395=PRESENTATION_STYLE_ASSIGNMENT((#1394));
#1396=STYLED_ITEM('',(#1395),#1388);
#1397=ADVANCED_FACE('',(#3931),#3933,.F.);
#1398=COLOUR_RGB('',0.968627450980392,0.87843137254902,0.6);
#1399=FILL_AREA_STYLE_COLOUR('',#1398);
#1400=FILL_AREA_STYLE($,(#1399));
#1401=SURFACE_STYLE_FILL_AREA(#1400);
#1402=SURFACE_SIDE_STYLE('',(#1401));
#1403=SURFACE_STYLE_USAGE(.BOTH.,#1402);
#1404=PRESENTATION_STYLE_ASSIGNMENT((#1403));
#1405=STYLED_ITEM('',(#1404),#1397);
#1406=ADVANCED_FACE('',(#3938),#3940,.F.);
#1407=COLOUR_RGB('',0.968627450980392,0.87843137254902,0.6);
#1408=FILL_AREA_STYLE_COLOUR('',#1407);
#1409=FILL_AREA_STYLE($,(#1408));
#1410=SURFACE_STYLE_FILL_AREA(#1409);
#1411=SURFACE_SIDE_STYLE('',(#1410));
#1412=SURFACE_STYLE_USAGE(.BOTH.,#1411);
#1413=PRESENTATION_STYLE_ASSIGNMENT((#1412));
#1414=STYLED_ITEM('',(#1413),#1406);
#1415=ADVANCED_FACE('',(#3945),#3947,.T.);
#1416=COLOUR_RGB('',0.968627450980392,0.87843137254902,0.6);
#1417=FILL_AREA_STYLE_COLOUR('',#1416);
#1418=FILL_AREA_STYLE($,(#1417));
#1419=SURFACE_STYLE_FILL_AREA(#1418);
#1420=SURFACE_SIDE_STYLE('',(#1419));
#1421=SURFACE_STYLE_USAGE(.BOTH.,#1420);
#1422=PRESENTATION_STYLE_ASSIGNMENT((#1421));
#1423=STYLED_ITEM('',(#1422),#1415);
#1424=ADVANCED_FACE('',(#3952),#3954,.T.);
#1425=COLOUR_RGB('',0.968627450980392,0.87843137254902,0.6);
#1426=FILL_AREA_STYLE_COLOUR('',#1425);
#1427=FILL_AREA_STYLE($,(#1426));
#1428=SURFACE_STYLE_FILL_AREA(#1427);
#1429=SURFACE_SIDE_STYLE('',(#1428));
#1430=SURFACE_STYLE_USAGE(.BOTH.,#1429);
#1431=PRESENTATION_STYLE_ASSIGNMENT((#1430));
#1432=STYLED_ITEM('',(#1431),#1424);
#1433=ADVANCED_FACE('',(#3959),#3961,.T.);
#1434=COLOUR_RGB('',0.968627450980392,0.87843137254902,0.6);
#1435=FILL_AREA_STYLE_COLOUR('',#1434);
#1436=FILL_AREA_STYLE($,(#1435));
#1437=SURFACE_STYLE_FILL_AREA(#1436);
#1438=SURFACE_SIDE_STYLE('',(#1437));
#1439=SURFACE_STYLE_USAGE(.BOTH.,#1438);
#1440=PRESENTATION_STYLE_ASSIGNMENT((#1439));
#1441=STYLED_ITEM('',(#1440),#1433);
#1442=ADVANCED_FACE('',(#3966),#3968,.T.);
#1443=COLOUR_RGB('',0.968627450980392,0.87843137254902,0.6);
#1444=FILL_AREA_STYLE_COLOUR('',#1443);
#1445=FILL_AREA_STYLE($,(#1444));
#1446=SURFACE_STYLE_FILL_AREA(#1445);
#1447=SURFACE_SIDE_STYLE('',(#1446));
#1448=SURFACE_STYLE_USAGE(.BOTH.,#1447);
#1449=PRESENTATION_STYLE_ASSIGNMENT((#1448));
#1450=STYLED_ITEM('',(#1449),#1442);
#1451=ADVANCED_FACE('',(#3973),#3975,.T.);
#1452=COLOUR_RGB('',0.968627450980392,0.87843137254902,0.6);
#1453=FILL_AREA_STYLE_COLOUR('',#1452);
#1454=FILL_AREA_STYLE($,(#1453));
#1455=SURFACE_STYLE_FILL_AREA(#1454);
#1456=SURFACE_SIDE_STYLE('',(#1455));
#1457=SURFACE_STYLE_USAGE(.BOTH.,#1456);
#1458=PRESENTATION_STYLE_ASSIGNMENT((#1457));
#1459=STYLED_ITEM('',(#1458),#1451);
#1460=ADVANCED_FACE('',(#3980),#3982,.T.);
#1461=COLOUR_RGB('',0.968627450980392,0.87843137254902,0.6);
#1462=FILL_AREA_STYLE_COLOUR('',#1461);
#1463=FILL_AREA_STYLE($,(#1462));
#1464=SURFACE_STYLE_FILL_AREA(#1463);
#1465=SURFACE_SIDE_STYLE('',(#1464));
#1466=SURFACE_STYLE_USAGE(.BOTH.,#1465);
#1467=PRESENTATION_STYLE_ASSIGNMENT((#1466));
#1468=STYLED_ITEM('',(#1467),#1460);
#1469=ADVANCED_FACE('',(#3987),#3989,.T.);
#1470=COLOUR_RGB('',0.968627450980392,0.87843137254902,0.6);
#1471=FILL_AREA_STYLE_COLOUR('',#1470);
#1472=FILL_AREA_STYLE($,(#1471));
#1473=SURFACE_STYLE_FILL_AREA(#1472);
#1474=SURFACE_SIDE_STYLE('',(#1473));
#1475=SURFACE_STYLE_USAGE(.BOTH.,#1474);
#1476=PRESENTATION_STYLE_ASSIGNMENT((#1475));
#1477=STYLED_ITEM('',(#1476),#1469);
#1478=ADVANCED_FACE('',(#3994),#3996,.T.);
#1479=COLOUR_RGB('',0.968627450980392,0.87843137254902,0.6);
#1480=FILL_AREA_STYLE_COLOUR('',#1479);
#1481=FILL_AREA_STYLE($,(#1480));
#1482=SURFACE_STYLE_FILL_AREA(#1481);
#1483=SURFACE_SIDE_STYLE('',(#1482));
#1484=SURFACE_STYLE_USAGE(.BOTH.,#1483);
#1485=PRESENTATION_STYLE_ASSIGNMENT((#1484));
#1486=STYLED_ITEM('',(#1485),#1478);
#1487=ADVANCED_FACE('',(#4001),#4003,.T.);
#1488=COLOUR_RGB('',0.156862745098039,0.156862745098039,0.156862745098039);
#1489=FILL_AREA_STYLE_COLOUR('',#1488);
#1490=FILL_AREA_STYLE($,(#1489));
#1491=SURFACE_STYLE_FILL_AREA(#1490);
#1492=SURFACE_SIDE_STYLE('',(#1491));
#1493=SURFACE_STYLE_USAGE(.BOTH.,#1492);
#1494=PRESENTATION_STYLE_ASSIGNMENT((#1493));
#1495=STYLED_ITEM('',(#1494),#1487);
#1496=ADVANCED_FACE('',(#4008),#4010,.T.);
#1497=COLOUR_RGB('',0.156862745098039,0.156862745098039,0.156862745098039);
#1498=FILL_AREA_STYLE_COLOUR('',#1497);
#1499=FILL_AREA_STYLE($,(#1498));
#1500=SURFACE_STYLE_FILL_AREA(#1499);
#1501=SURFACE_SIDE_STYLE('',(#1500));
#1502=SURFACE_STYLE_USAGE(.BOTH.,#1501);
#1503=PRESENTATION_STYLE_ASSIGNMENT((#1502));
#1504=STYLED_ITEM('',(#1503),#1496);
#1505=ADVANCED_FACE('',(#4015),#4017,.T.);
#1506=COLOUR_RGB('',0.156862745098039,0.156862745098039,0.156862745098039);
#1507=FILL_AREA_STYLE_COLOUR('',#1506);
#1508=FILL_AREA_STYLE($,(#1507));
#1509=SURFACE_STYLE_FILL_AREA(#1508);
#1510=SURFACE_SIDE_STYLE('',(#1509));
#1511=SURFACE_STYLE_USAGE(.BOTH.,#1510);
#1512=PRESENTATION_STYLE_ASSIGNMENT((#1511));
#1513=STYLED_ITEM('',(#1512),#1505);
#1514=ADVANCED_FACE('',(#4022),#4024,.T.);
#1515=COLOUR_RGB('',0.156862745098039,0.156862745098039,0.156862745098039);
#1516=FILL_AREA_STYLE_COLOUR('',#1515);
#1517=FILL_AREA_STYLE($,(#1516));
#1518=SURFACE_STYLE_FILL_AREA(#1517);
#1519=SURFACE_SIDE_STYLE('',(#1518));
#1520=SURFACE_STYLE_USAGE(.BOTH.,#1519);
#1521=PRESENTATION_STYLE_ASSIGNMENT((#1520));
#1522=STYLED_ITEM('',(#1521),#1514);
#1523=ADVANCED_FACE('',(#4029),#4031,.F.);
#1524=COLOUR_RGB('',0.156862745098039,0.156862745098039,0.156862745098039);
#1525=FILL_AREA_STYLE_COLOUR('',#1524);
#1526=FILL_AREA_STYLE($,(#1525));
#1527=SURFACE_STYLE_FILL_AREA(#1526);
#1528=SURFACE_SIDE_STYLE('',(#1527));
#1529=SURFACE_STYLE_USAGE(.BOTH.,#1528);
#1530=PRESENTATION_STYLE_ASSIGNMENT((#1529));
#1531=STYLED_ITEM('',(#1530),#1523);
#1532=ADVANCED_FACE('',(#4036),#4038,.F.);
#1533=COLOUR_RGB('',0.156862745098039,0.156862745098039,0.156862745098039);
#1534=FILL_AREA_STYLE_COLOUR('',#1533);
#1535=FILL_AREA_STYLE($,(#1534));
#1536=SURFACE_STYLE_FILL_AREA(#1535);
#1537=SURFACE_SIDE_STYLE('',(#1536));
#1538=SURFACE_STYLE_USAGE(.BOTH.,#1537);
#1539=PRESENTATION_STYLE_ASSIGNMENT((#1538));
#1540=STYLED_ITEM('',(#1539),#1532);
#1541=ADVANCED_FACE('',(#4043),#4045,.F.);
#1542=COLOUR_RGB('',0.156862745098039,0.156862745098039,0.156862745098039);
#1543=FILL_AREA_STYLE_COLOUR('',#1542);
#1544=FILL_AREA_STYLE($,(#1543));
#1545=SURFACE_STYLE_FILL_AREA(#1544);
#1546=SURFACE_SIDE_STYLE('',(#1545));
#1547=SURFACE_STYLE_USAGE(.BOTH.,#1546);
#1548=PRESENTATION_STYLE_ASSIGNMENT((#1547));
#1549=STYLED_ITEM('',(#1548),#1541);
#1550=ADVANCED_FACE('',(#4050),#4052,.F.);
#1551=COLOUR_RGB('',0.156862745098039,0.156862745098039,0.156862745098039);
#1552=FILL_AREA_STYLE_COLOUR('',#1551);
#1553=FILL_AREA_STYLE($,(#1552));
#1554=SURFACE_STYLE_FILL_AREA(#1553);
#1555=SURFACE_SIDE_STYLE('',(#1554));
#1556=SURFACE_STYLE_USAGE(.BOTH.,#1555);
#1557=PRESENTATION_STYLE_ASSIGNMENT((#1556));
#1558=STYLED_ITEM('',(#1557),#1550);
#1559=ADVANCED_FACE('',(#4057),#4059,.F.);
#1560=COLOUR_RGB('',0.156862745098039,0.156862745098039,0.156862745098039);
#1561=FILL_AREA_STYLE_COLOUR('',#1560);
#1562=FILL_AREA_STYLE($,(#1561));
#1563=SURFACE_STYLE_FILL_AREA(#1562);
#1564=SURFACE_SIDE_STYLE('',(#1563));
#1565=SURFACE_STYLE_USAGE(.BOTH.,#1564);
#1566=PRESENTATION_STYLE_ASSIGNMENT((#1565));
#1567=STYLED_ITEM('',(#1566),#1559);
#1568=ADVANCED_FACE('',(#4064),#4066,.F.);
#1569=COLOUR_RGB('',0.156862745098039,0.156862745098039,0.156862745098039);
#1570=FILL_AREA_STYLE_COLOUR('',#1569);
#1571=FILL_AREA_STYLE($,(#1570));
#1572=SURFACE_STYLE_FILL_AREA(#1571);
#1573=SURFACE_SIDE_STYLE('',(#1572));
#1574=SURFACE_STYLE_USAGE(.BOTH.,#1573);
#1575=PRESENTATION_STYLE_ASSIGNMENT((#1574));
#1576=STYLED_ITEM('',(#1575),#1568);
#1577=ADVANCED_FACE('',(#4071),#4073,.F.);
#1578=COLOUR_RGB('',0.156862745098039,0.156862745098039,0.156862745098039);
#1579=FILL_AREA_STYLE_COLOUR('',#1578);
#1580=FILL_AREA_STYLE($,(#1579));
#1581=SURFACE_STYLE_FILL_AREA(#1580);
#1582=SURFACE_SIDE_STYLE('',(#1581));
#1583=SURFACE_STYLE_USAGE(.BOTH.,#1582);
#1584=PRESENTATION_STYLE_ASSIGNMENT((#1583));
#1585=STYLED_ITEM('',(#1584),#1577);
#1586=ADVANCED_FACE('',(#4078),#4080,.F.);
#1587=COLOUR_RGB('',0.156862745098039,0.156862745098039,0.156862745098039);
#1588=FILL_AREA_STYLE_COLOUR('',#1587);
#1589=FILL_AREA_STYLE($,(#1588));
#1590=SURFACE_STYLE_FILL_AREA(#1589);
#1591=SURFACE_SIDE_STYLE('',(#1590));
#1592=SURFACE_STYLE_USAGE(.BOTH.,#1591);
#1593=PRESENTATION_STYLE_ASSIGNMENT((#1592));
#1594=STYLED_ITEM('',(#1593),#1586);
#1595=ADVANCED_FACE('',(#4085,#4087),#4089,.T.);
#1596=COLOUR_RGB('',0.968627450980392,0.87843137254902,0.6);
#1597=FILL_AREA_STYLE_COLOUR('',#1596);
#1598=FILL_AREA_STYLE($,(#1597));
#1599=SURFACE_STYLE_FILL_AREA(#1598);
#1600=SURFACE_SIDE_STYLE('',(#1599));
#1601=SURFACE_STYLE_USAGE(.BOTH.,#1600);
#1602=PRESENTATION_STYLE_ASSIGNMENT((#1601));
#1603=STYLED_ITEM('',(#1602),#1595);
#1604=ADVANCED_FACE('',(#4094,#4096),#4098,.T.);
#1605=COLOUR_RGB('',0.968627450980392,0.87843137254902,0.6);
#1606=FILL_AREA_STYLE_COLOUR('',#1605);
#1607=FILL_AREA_STYLE($,(#1606));
#1608=SURFACE_STYLE_FILL_AREA(#1607);
#1609=SURFACE_SIDE_STYLE('',(#1608));
#1610=SURFACE_STYLE_USAGE(.BOTH.,#1609);
#1611=PRESENTATION_STYLE_ASSIGNMENT((#1610));
#1612=STYLED_ITEM('',(#1611),#1604);
#1613=ADVANCED_FACE('',(#4103),#4105,.T.);
#1614=COLOUR_RGB('',0.156862745098039,0.156862745098039,0.156862745098039);
#1615=FILL_AREA_STYLE_COLOUR('',#1614);
#1616=FILL_AREA_STYLE($,(#1615));
#1617=SURFACE_STYLE_FILL_AREA(#1616);
#1618=SURFACE_SIDE_STYLE('',(#1617));
#1619=SURFACE_STYLE_USAGE(.BOTH.,#1618);
#1620=PRESENTATION_STYLE_ASSIGNMENT((#1619));
#1621=STYLED_ITEM('',(#1620),#1613);
#1622=ADVANCED_FACE('',(#4110),#4112,.T.);
#1623=COLOUR_RGB('',0.968627450980392,0.87843137254902,0.6);
#1624=FILL_AREA_STYLE_COLOUR('',#1623);
#1625=FILL_AREA_STYLE($,(#1624));
#1626=SURFACE_STYLE_FILL_AREA(#1625);
#1627=SURFACE_SIDE_STYLE('',(#1626));
#1628=SURFACE_STYLE_USAGE(.BOTH.,#1627);
#1629=PRESENTATION_STYLE_ASSIGNMENT((#1628));
#1630=STYLED_ITEM('',(#1629),#1622);
#1631=ADVANCED_FACE('',(#4117),#4119,.T.);
#1632=COLOUR_RGB('',0.156862745098039,0.156862745098039,0.156862745098039);
#1633=FILL_AREA_STYLE_COLOUR('',#1632);
#1634=FILL_AREA_STYLE($,(#1633));
#1635=SURFACE_STYLE_FILL_AREA(#1634);
#1636=SURFACE_SIDE_STYLE('',(#1635));
#1637=SURFACE_STYLE_USAGE(.BOTH.,#1636);
#1638=PRESENTATION_STYLE_ASSIGNMENT((#1637));
#1639=STYLED_ITEM('',(#1638),#1631);
#1640=ADVANCED_FACE('',(#4124),#4126,.T.);
#1641=COLOUR_RGB('',0.968627450980392,0.87843137254902,0.6);
#1642=FILL_AREA_STYLE_COLOUR('',#1641);
#1643=FILL_AREA_STYLE($,(#1642));
#1644=SURFACE_STYLE_FILL_AREA(#1643);
#1645=SURFACE_SIDE_STYLE('',(#1644));
#1646=SURFACE_STYLE_USAGE(.BOTH.,#1645);
#1647=PRESENTATION_STYLE_ASSIGNMENT((#1646));
#1648=STYLED_ITEM('',(#1647),#1640);
#1649=ADVANCED_FACE('',(#4131),#4133,.T.);
#1650=COLOUR_RGB('',0.156862745098039,0.156862745098039,0.156862745098039);
#1651=FILL_AREA_STYLE_COLOUR('',#1650);
#1652=FILL_AREA_STYLE($,(#1651));
#1653=SURFACE_STYLE_FILL_AREA(#1652);
#1654=SURFACE_SIDE_STYLE('',(#1653));
#1655=SURFACE_STYLE_USAGE(.BOTH.,#1654);
#1656=PRESENTATION_STYLE_ASSIGNMENT((#1655));
#1657=STYLED_ITEM('',(#1656),#1649);
#1658=ADVANCED_FACE('',(#4138),#4140,.T.);
#1659=COLOUR_RGB('',0.968627450980392,0.87843137254902,0.6);
#1660=FILL_AREA_STYLE_COLOUR('',#1659);
#1661=FILL_AREA_STYLE($,(#1660));
#1662=SURFACE_STYLE_FILL_AREA(#1661);
#1663=SURFACE_SIDE_STYLE('',(#1662));
#1664=SURFACE_STYLE_USAGE(.BOTH.,#1663);
#1665=PRESENTATION_STYLE_ASSIGNMENT((#1664));
#1666=STYLED_ITEM('',(#1665),#1658);
#1667=ADVANCED_FACE('',(#4145),#4147,.T.);
#1668=COLOUR_RGB('',0.156862745098039,0.156862745098039,0.156862745098039);
#1669=FILL_AREA_STYLE_COLOUR('',#1668);
#1670=FILL_AREA_STYLE($,(#1669));
#1671=SURFACE_STYLE_FILL_AREA(#1670);
#1672=SURFACE_SIDE_STYLE('',(#1671));
#1673=SURFACE_STYLE_USAGE(.BOTH.,#1672);
#1674=PRESENTATION_STYLE_ASSIGNMENT((#1673));
#1675=STYLED_ITEM('',(#1674),#1667);
#1676=ADVANCED_FACE('',(#4152),#4154,.T.);
#1677=COLOUR_RGB('',0.968627450980392,0.87843137254902,0.6);
#1678=FILL_AREA_STYLE_COLOUR('',#1677);
#1679=FILL_AREA_STYLE($,(#1678));
#1680=SURFACE_STYLE_FILL_AREA(#1679);
#1681=SURFACE_SIDE_STYLE('',(#1680));
#1682=SURFACE_STYLE_USAGE(.BOTH.,#1681);
#1683=PRESENTATION_STYLE_ASSIGNMENT((#1682));
#1684=STYLED_ITEM('',(#1683),#1676);
#1685=ADVANCED_FACE('',(#4159,#4161),#4163,.T.);
#1686=COLOUR_RGB('',0.968627450980392,0.87843137254902,0.6);
#1687=FILL_AREA_STYLE_COLOUR('',#1686);
#1688=FILL_AREA_STYLE($,(#1687));
#1689=SURFACE_STYLE_FILL_AREA(#1688);
#1690=SURFACE_SIDE_STYLE('',(#1689));
#1691=SURFACE_STYLE_USAGE(.BOTH.,#1690);
#1692=PRESENTATION_STYLE_ASSIGNMENT((#1691));
#1693=STYLED_ITEM('',(#1692),#1685);
#1694=ADVANCED_FACE('',(#4168,#4170),#4172,.F.);
#1695=COLOUR_RGB('',0.968627450980392,0.87843137254902,0.6);
#1696=FILL_AREA_STYLE_COLOUR('',#1695);
#1697=FILL_AREA_STYLE($,(#1696));
#1698=SURFACE_STYLE_FILL_AREA(#1697);
#1699=SURFACE_SIDE_STYLE('',(#1698));
#1700=SURFACE_STYLE_USAGE(.BOTH.,#1699);
#1701=PRESENTATION_STYLE_ASSIGNMENT((#1700));
#1702=STYLED_ITEM('',(#1701),#1694);
#1703=ADVANCED_FACE('',(#4177),#4179,.F.);
#1704=COLOUR_RGB('',0.156862745098039,0.156862745098039,0.156862745098039);
#1705=FILL_AREA_STYLE_COLOUR('',#1704);
#1706=FILL_AREA_STYLE($,(#1705));
#1707=SURFACE_STYLE_FILL_AREA(#1706);
#1708=SURFACE_SIDE_STYLE('',(#1707));
#1709=SURFACE_STYLE_USAGE(.BOTH.,#1708);
#1710=PRESENTATION_STYLE_ASSIGNMENT((#1709));
#1711=STYLED_ITEM('',(#1710),#1703);
#1712=ADVANCED_FACE('',(#4184),#4186,.F.);
#1713=COLOUR_RGB('',0.156862745098039,0.156862745098039,0.156862745098039);
#1714=FILL_AREA_STYLE_COLOUR('',#1713);
#1715=FILL_AREA_STYLE($,(#1714));
#1716=SURFACE_STYLE_FILL_AREA(#1715);
#1717=SURFACE_SIDE_STYLE('',(#1716));
#1718=SURFACE_STYLE_USAGE(.BOTH.,#1717);
#1719=PRESENTATION_STYLE_ASSIGNMENT((#1718));
#1720=STYLED_ITEM('',(#1719),#1712);
#1721=ADVANCED_FACE('',(#4191),#4193,.F.);
#1722=COLOUR_RGB('',0.156862745098039,0.156862745098039,0.156862745098039);
#1723=FILL_AREA_STYLE_COLOUR('',#1722);
#1724=FILL_AREA_STYLE($,(#1723));
#1725=SURFACE_STYLE_FILL_AREA(#1724);
#1726=SURFACE_SIDE_STYLE('',(#1725));
#1727=SURFACE_STYLE_USAGE(.BOTH.,#1726);
#1728=PRESENTATION_STYLE_ASSIGNMENT((#1727));
#1729=STYLED_ITEM('',(#1728),#1721);
#1730=ADVANCED_FACE('',(#4198),#4200,.T.);
#1731=COLOUR_RGB('',0.968627450980392,0.87843137254902,0.6);
#1732=FILL_AREA_STYLE_COLOUR('',#1731);
#1733=FILL_AREA_STYLE($,(#1732));
#1734=SURFACE_STYLE_FILL_AREA(#1733);
#1735=SURFACE_SIDE_STYLE('',(#1734));
#1736=SURFACE_STYLE_USAGE(.BOTH.,#1735);
#1737=PRESENTATION_STYLE_ASSIGNMENT((#1736));
#1738=STYLED_ITEM('',(#1737),#1730);
#1739=ADVANCED_FACE('',(#4205),#4207,.F.);
#1740=COLOUR_RGB('',0.156862745098039,0.156862745098039,0.156862745098039);
#1741=FILL_AREA_STYLE_COLOUR('',#1740);
#1742=FILL_AREA_STYLE($,(#1741));
#1743=SURFACE_STYLE_FILL_AREA(#1742);
#1744=SURFACE_SIDE_STYLE('',(#1743));
#1745=SURFACE_STYLE_USAGE(.BOTH.,#1744);
#1746=PRESENTATION_STYLE_ASSIGNMENT((#1745));
#1747=STYLED_ITEM('',(#1746),#1739);
#1748=ADVANCED_FACE('',(#4212),#4214,.T.);
#1749=COLOUR_RGB('',0.968627450980392,0.87843137254902,0.6);
#1750=FILL_AREA_STYLE_COLOUR('',#1749);
#1751=FILL_AREA_STYLE($,(#1750));
#1752=SURFACE_STYLE_FILL_AREA(#1751);
#1753=SURFACE_SIDE_STYLE('',(#1752));
#1754=SURFACE_STYLE_USAGE(.BOTH.,#1753);
#1755=PRESENTATION_STYLE_ASSIGNMENT((#1754));
#1756=STYLED_ITEM('',(#1755),#1748);
#1757=ADVANCED_FACE('',(#4219),#4221,.F.);
#1758=COLOUR_RGB('',0.156862745098039,0.156862745098039,0.156862745098039);
#1759=FILL_AREA_STYLE_COLOUR('',#1758);
#1760=FILL_AREA_STYLE($,(#1759));
#1761=SURFACE_STYLE_FILL_AREA(#1760);
#1762=SURFACE_SIDE_STYLE('',(#1761));
#1763=SURFACE_STYLE_USAGE(.BOTH.,#1762);
#1764=PRESENTATION_STYLE_ASSIGNMENT((#1763));
#1765=STYLED_ITEM('',(#1764),#1757);
#1766=ADVANCED_FACE('',(#4226),#4228,.F.);
#1767=COLOUR_RGB('',0.156862745098039,0.156862745098039,0.156862745098039);
#1768=FILL_AREA_STYLE_COLOUR('',#1767);
#1769=FILL_AREA_STYLE($,(#1768));
#1770=SURFACE_STYLE_FILL_AREA(#1769);
#1771=SURFACE_SIDE_STYLE('',(#1770));
#1772=SURFACE_STYLE_USAGE(.BOTH.,#1771);
#1773=PRESENTATION_STYLE_ASSIGNMENT((#1772));
#1774=STYLED_ITEM('',(#1773),#1766);
#1775=ADVANCED_FACE('',(#4233),#4235,.F.);
#1776=COLOUR_RGB('',0.156862745098039,0.156862745098039,0.156862745098039);
#1777=FILL_AREA_STYLE_COLOUR('',#1776);
#1778=FILL_AREA_STYLE($,(#1777));
#1779=SURFACE_STYLE_FILL_AREA(#1778);
#1780=SURFACE_SIDE_STYLE('',(#1779));
#1781=SURFACE_STYLE_USAGE(.BOTH.,#1780);
#1782=PRESENTATION_STYLE_ASSIGNMENT((#1781));
#1783=STYLED_ITEM('',(#1782),#1775);
#1784=ADVANCED_FACE('',(#4240),#4242,.T.);
#1785=COLOUR_RGB('',0.968627450980392,0.87843137254902,0.6);
#1786=FILL_AREA_STYLE_COLOUR('',#1785);
#1787=FILL_AREA_STYLE($,(#1786));
#1788=SURFACE_STYLE_FILL_AREA(#1787);
#1789=SURFACE_SIDE_STYLE('',(#1788));
#1790=SURFACE_STYLE_USAGE(.BOTH.,#1789);
#1791=PRESENTATION_STYLE_ASSIGNMENT((#1790));
#1792=STYLED_ITEM('',(#1791),#1784);
#1793=ADVANCED_FACE('',(#4247),#4249,.F.);
#1794=COLOUR_RGB('',0.156862745098039,0.156862745098039,0.156862745098039);
#1795=FILL_AREA_STYLE_COLOUR('',#1794);
#1796=FILL_AREA_STYLE($,(#1795));
#1797=SURFACE_STYLE_FILL_AREA(#1796);
#1798=SURFACE_SIDE_STYLE('',(#1797));
#1799=SURFACE_STYLE_USAGE(.BOTH.,#1798);
#1800=PRESENTATION_STYLE_ASSIGNMENT((#1799));
#1801=STYLED_ITEM('',(#1800),#1793);
#1802=ADVANCED_FACE('',(#4254),#4256,.T.);
#1803=COLOUR_RGB('',0.968627450980392,0.87843137254902,0.6);
#1804=FILL_AREA_STYLE_COLOUR('',#1803);
#1805=FILL_AREA_STYLE($,(#1804));
#1806=SURFACE_STYLE_FILL_AREA(#1805);
#1807=SURFACE_SIDE_STYLE('',(#1806));
#1808=SURFACE_STYLE_USAGE(.BOTH.,#1807);
#1809=PRESENTATION_STYLE_ASSIGNMENT((#1808));
#1810=STYLED_ITEM('',(#1809),#1802);
#1811=ADVANCED_FACE('',(#4261),#4263,.F.);
#1812=COLOUR_RGB('',0.968627450980392,0.87843137254902,0.6);
#1813=FILL_AREA_STYLE_COLOUR('',#1812);
#1814=FILL_AREA_STYLE($,(#1813));
#1815=SURFACE_STYLE_FILL_AREA(#1814);
#1816=SURFACE_SIDE_STYLE('',(#1815));
#1817=SURFACE_STYLE_USAGE(.BOTH.,#1816);
#1818=PRESENTATION_STYLE_ASSIGNMENT((#1817));
#1819=STYLED_ITEM('',(#1818),#1811);
#1820=ADVANCED_FACE('',(#4268),#4270,.F.);
#1821=COLOUR_RGB('',0.968627450980392,0.87843137254902,0.6);
#1822=FILL_AREA_STYLE_COLOUR('',#1821);
#1823=FILL_AREA_STYLE($,(#1822));
#1824=SURFACE_STYLE_FILL_AREA(#1823);
#1825=SURFACE_SIDE_STYLE('',(#1824));
#1826=SURFACE_STYLE_USAGE(.BOTH.,#1825);
#1827=PRESENTATION_STYLE_ASSIGNMENT((#1826));
#1828=STYLED_ITEM('',(#1827),#1820);
#1829=ADVANCED_FACE('',(#4275),#4277,.F.);
#1830=COLOUR_RGB('',0.968627450980392,0.87843137254902,0.6);
#1831=FILL_AREA_STYLE_COLOUR('',#1830);
#1832=FILL_AREA_STYLE($,(#1831));
#1833=SURFACE_STYLE_FILL_AREA(#1832);
#1834=SURFACE_SIDE_STYLE('',(#1833));
#1835=SURFACE_STYLE_USAGE(.BOTH.,#1834);
#1836=PRESENTATION_STYLE_ASSIGNMENT((#1835));
#1837=STYLED_ITEM('',(#1836),#1829);
#1838=ADVANCED_FACE('',(#4282),#4284,.F.);
#1839=COLOUR_RGB('',0.968627450980392,0.87843137254902,0.6);
#1840=FILL_AREA_STYLE_COLOUR('',#1839);
#1841=FILL_AREA_STYLE($,(#1840));
#1842=SURFACE_STYLE_FILL_AREA(#1841);
#1843=SURFACE_SIDE_STYLE('',(#1842));
#1844=SURFACE_STYLE_USAGE(.BOTH.,#1843);
#1845=PRESENTATION_STYLE_ASSIGNMENT((#1844));
#1846=STYLED_ITEM('',(#1845),#1838);
#1847=ADVANCED_FACE('',(#4289,#4291),#4293,.T.);
#1848=COLOUR_RGB('',0.968627450980392,0.87843137254902,0.6);
#1849=FILL_AREA_STYLE_COLOUR('',#1848);
#1850=FILL_AREA_STYLE($,(#1849));
#1851=SURFACE_STYLE_FILL_AREA(#1850);
#1852=SURFACE_SIDE_STYLE('',(#1851));
#1853=SURFACE_STYLE_USAGE(.BOTH.,#1852);
#1854=PRESENTATION_STYLE_ASSIGNMENT((#1853));
#1855=STYLED_ITEM('',(#1854),#1847);
#1856=ADVANCED_FACE('',(#4298),#4300,.T.);
#1857=COLOUR_RGB('',0.156862745098039,0.156862745098039,0.156862745098039);
#1858=FILL_AREA_STYLE_COLOUR('',#1857);
#1859=FILL_AREA_STYLE($,(#1858));
#1860=SURFACE_STYLE_FILL_AREA(#1859);
#1861=SURFACE_SIDE_STYLE('',(#1860));
#1862=SURFACE_STYLE_USAGE(.BOTH.,#1861);
#1863=PRESENTATION_STYLE_ASSIGNMENT((#1862));
#1864=STYLED_ITEM('',(#1863),#1856);
#1865=ADVANCED_FACE('',(#4305),#4307,.T.);
#1866=COLOUR_RGB('',0.968627450980392,0.87843137254902,0.6);
#1867=FILL_AREA_STYLE_COLOUR('',#1866);
#1868=FILL_AREA_STYLE($,(#1867));
#1869=SURFACE_STYLE_FILL_AREA(#1868);
#1870=SURFACE_SIDE_STYLE('',(#1869));
#1871=SURFACE_STYLE_USAGE(.BOTH.,#1870);
#1872=PRESENTATION_STYLE_ASSIGNMENT((#1871));
#1873=STYLED_ITEM('',(#1872),#1865);
#1874=ADVANCED_FACE('',(#4312),#4314,.T.);
#1875=COLOUR_RGB('',0.156862745098039,0.156862745098039,0.156862745098039);
#1876=FILL_AREA_STYLE_COLOUR('',#1875);
#1877=FILL_AREA_STYLE($,(#1876));
#1878=SURFACE_STYLE_FILL_AREA(#1877);
#1879=SURFACE_SIDE_STYLE('',(#1878));
#1880=SURFACE_STYLE_USAGE(.BOTH.,#1879);
#1881=PRESENTATION_STYLE_ASSIGNMENT((#1880));
#1882=STYLED_ITEM('',(#1881),#1874);
#1883=ADVANCED_FACE('',(#4319),#4321,.T.);
#1884=COLOUR_RGB('',0.968627450980392,0.87843137254902,0.6);
#1885=FILL_AREA_STYLE_COLOUR('',#1884);
#1886=FILL_AREA_STYLE($,(#1885));
#1887=SURFACE_STYLE_FILL_AREA(#1886);
#1888=SURFACE_SIDE_STYLE('',(#1887));
#1889=SURFACE_STYLE_USAGE(.BOTH.,#1888);
#1890=PRESENTATION_STYLE_ASSIGNMENT((#1889));
#1891=STYLED_ITEM('',(#1890),#1883);
#1892=ADVANCED_FACE('',(#4326),#4328,.T.);
#1893=COLOUR_RGB('',0.156862745098039,0.156862745098039,0.156862745098039);
#1894=FILL_AREA_STYLE_COLOUR('',#1893);
#1895=FILL_AREA_STYLE($,(#1894));
#1896=SURFACE_STYLE_FILL_AREA(#1895);
#1897=SURFACE_SIDE_STYLE('',(#1896));
#1898=SURFACE_STYLE_USAGE(.BOTH.,#1897);
#1899=PRESENTATION_STYLE_ASSIGNMENT((#1898));
#1900=STYLED_ITEM('',(#1899),#1892);
#1901=ADVANCED_FACE('',(#4333),#4335,.T.);
#1902=COLOUR_RGB('',0.968627450980392,0.87843137254902,0.6);
#1903=FILL_AREA_STYLE_COLOUR('',#1902);
#1904=FILL_AREA_STYLE($,(#1903));
#1905=SURFACE_STYLE_FILL_AREA(#1904);
#1906=SURFACE_SIDE_STYLE('',(#1905));
#1907=SURFACE_STYLE_USAGE(.BOTH.,#1906);
#1908=PRESENTATION_STYLE_ASSIGNMENT((#1907));
#1909=STYLED_ITEM('',(#1908),#1901);
#1910=ADVANCED_FACE('',(#4340),#4342,.T.);
#1911=COLOUR_RGB('',0.156862745098039,0.156862745098039,0.156862745098039);
#1912=FILL_AREA_STYLE_COLOUR('',#1911);
#1913=FILL_AREA_STYLE($,(#1912));
#1914=SURFACE_STYLE_FILL_AREA(#1913);
#1915=SURFACE_SIDE_STYLE('',(#1914));
#1916=SURFACE_STYLE_USAGE(.BOTH.,#1915);
#1917=PRESENTATION_STYLE_ASSIGNMENT((#1916));
#1918=STYLED_ITEM('',(#1917),#1910);
#1919=ADVANCED_FACE('',(#4347),#4349,.T.);
#1920=COLOUR_RGB('',0.968627450980392,0.87843137254902,0.6);
#1921=FILL_AREA_STYLE_COLOUR('',#1920);
#1922=FILL_AREA_STYLE($,(#1921));
#1923=SURFACE_STYLE_FILL_AREA(#1922);
#1924=SURFACE_SIDE_STYLE('',(#1923));
#1925=SURFACE_STYLE_USAGE(.BOTH.,#1924);
#1926=PRESENTATION_STYLE_ASSIGNMENT((#1925));
#1927=STYLED_ITEM('',(#1926),#1919);
#1928=ADVANCED_FACE('',(#4354,#4356),#4358,.T.);
#1929=COLOUR_RGB('',0.968627450980392,0.87843137254902,0.6);
#1930=FILL_AREA_STYLE_COLOUR('',#1929);
#1931=FILL_AREA_STYLE($,(#1930));
#1932=SURFACE_STYLE_FILL_AREA(#1931);
#1933=SURFACE_SIDE_STYLE('',(#1932));
#1934=SURFACE_STYLE_USAGE(.BOTH.,#1933);
#1935=PRESENTATION_STYLE_ASSIGNMENT((#1934));
#1936=STYLED_ITEM('',(#1935),#1928);
#1937=ADVANCED_FACE('',(#4363,#4365),#4367,.F.);
#1938=COLOUR_RGB('',0.968627450980392,0.87843137254902,0.6);
#1939=FILL_AREA_STYLE_COLOUR('',#1938);
#1940=FILL_AREA_STYLE($,(#1939));
#1941=SURFACE_STYLE_FILL_AREA(#1940);
#1942=SURFACE_SIDE_STYLE('',(#1941));
#1943=SURFACE_STYLE_USAGE(.BOTH.,#1942);
#1944=PRESENTATION_STYLE_ASSIGNMENT((#1943));
#1945=STYLED_ITEM('',(#1944),#1937);
#1946=ADVANCED_FACE('',(#4372),#4374,.F.);
#1947=COLOUR_RGB('',0.156862745098039,0.156862745098039,0.156862745098039);
#1948=FILL_AREA_STYLE_COLOUR('',#1947);
#1949=FILL_AREA_STYLE($,(#1948));
#1950=SURFACE_STYLE_FILL_AREA(#1949);
#1951=SURFACE_SIDE_STYLE('',(#1950));
#1952=SURFACE_STYLE_USAGE(.BOTH.,#1951);
#1953=PRESENTATION_STYLE_ASSIGNMENT((#1952));
#1954=STYLED_ITEM('',(#1953),#1946);
#1955=ADVANCED_FACE('',(#4379),#4381,.F.);
#1956=COLOUR_RGB('',0.156862745098039,0.156862745098039,0.156862745098039);
#1957=FILL_AREA_STYLE_COLOUR('',#1956);
#1958=FILL_AREA_STYLE($,(#1957));
#1959=SURFACE_STYLE_FILL_AREA(#1958);
#1960=SURFACE_SIDE_STYLE('',(#1959));
#1961=SURFACE_STYLE_USAGE(.BOTH.,#1960);
#1962=PRESENTATION_STYLE_ASSIGNMENT((#1961));
#1963=STYLED_ITEM('',(#1962),#1955);
#1964=ADVANCED_FACE('',(#4386),#4388,.F.);
#1965=COLOUR_RGB('',0.156862745098039,0.156862745098039,0.156862745098039);
#1966=FILL_AREA_STYLE_COLOUR('',#1965);
#1967=FILL_AREA_STYLE($,(#1966));
#1968=SURFACE_STYLE_FILL_AREA(#1967);
#1969=SURFACE_SIDE_STYLE('',(#1968));
#1970=SURFACE_STYLE_USAGE(.BOTH.,#1969);
#1971=PRESENTATION_STYLE_ASSIGNMENT((#1970));
#1972=STYLED_ITEM('',(#1971),#1964);
#1973=ADVANCED_FACE('',(#4393),#4395,.T.);
#1974=COLOUR_RGB('',0.968627450980392,0.87843137254902,0.6);
#1975=FILL_AREA_STYLE_COLOUR('',#1974);
#1976=FILL_AREA_STYLE($,(#1975));
#1977=SURFACE_STYLE_FILL_AREA(#1976);
#1978=SURFACE_SIDE_STYLE('',(#1977));
#1979=SURFACE_STYLE_USAGE(.BOTH.,#1978);
#1980=PRESENTATION_STYLE_ASSIGNMENT((#1979));
#1981=STYLED_ITEM('',(#1980),#1973);
#1982=ADVANCED_FACE('',(#4400),#4402,.F.);
#1983=COLOUR_RGB('',0.156862745098039,0.156862745098039,0.156862745098039);
#1984=FILL_AREA_STYLE_COLOUR('',#1983);
#1985=FILL_AREA_STYLE($,(#1984));
#1986=SURFACE_STYLE_FILL_AREA(#1985);
#1987=SURFACE_SIDE_STYLE('',(#1986));
#1988=SURFACE_STYLE_USAGE(.BOTH.,#1987);
#1989=PRESENTATION_STYLE_ASSIGNMENT((#1988));
#1990=STYLED_ITEM('',(#1989),#1982);
#1991=ADVANCED_FACE('',(#4407),#4409,.T.);
#1992=COLOUR_RGB('',0.968627450980392,0.87843137254902,0.6);
#1993=FILL_AREA_STYLE_COLOUR('',#1992);
#1994=FILL_AREA_STYLE($,(#1993));
#1995=SURFACE_STYLE_FILL_AREA(#1994);
#1996=SURFACE_SIDE_STYLE('',(#1995));
#1997=SURFACE_STYLE_USAGE(.BOTH.,#1996);
#1998=PRESENTATION_STYLE_ASSIGNMENT((#1997));
#1999=STYLED_ITEM('',(#1998),#1991);
#2000=ADVANCED_FACE('',(#4414),#4416,.F.);
#2001=COLOUR_RGB('',0.156862745098039,0.156862745098039,0.156862745098039);
#2002=FILL_AREA_STYLE_COLOUR('',#2001);
#2003=FILL_AREA_STYLE($,(#2002));
#2004=SURFACE_STYLE_FILL_AREA(#2003);
#2005=SURFACE_SIDE_STYLE('',(#2004));
#2006=SURFACE_STYLE_USAGE(.BOTH.,#2005);
#2007=PRESENTATION_STYLE_ASSIGNMENT((#2006));
#2008=STYLED_ITEM('',(#2007),#2000);
#2009=ADVANCED_FACE('',(#4421),#4423,.F.);
#2010=COLOUR_RGB('',0.156862745098039,0.156862745098039,0.156862745098039);
#2011=FILL_AREA_STYLE_COLOUR('',#2010);
#2012=FILL_AREA_STYLE($,(#2011));
#2013=SURFACE_STYLE_FILL_AREA(#2012);
#2014=SURFACE_SIDE_STYLE('',(#2013));
#2015=SURFACE_STYLE_USAGE(.BOTH.,#2014);
#2016=PRESENTATION_STYLE_ASSIGNMENT((#2015));
#2017=STYLED_ITEM('',(#2016),#2009);
#2018=ADVANCED_FACE('',(#4428),#4430,.F.);
#2019=COLOUR_RGB('',0.156862745098039,0.156862745098039,0.156862745098039);
#2020=FILL_AREA_STYLE_COLOUR('',#2019);
#2021=FILL_AREA_STYLE($,(#2020));
#2022=SURFACE_STYLE_FILL_AREA(#2021);
#2023=SURFACE_SIDE_STYLE('',(#2022));
#2024=SURFACE_STYLE_USAGE(.BOTH.,#2023);
#2025=PRESENTATION_STYLE_ASSIGNMENT((#2024));
#2026=STYLED_ITEM('',(#2025),#2018);
#2027=ADVANCED_FACE('',(#4435),#4437,.T.);
#2028=COLOUR_RGB('',0.968627450980392,0.87843137254902,0.6);
#2029=FILL_AREA_STYLE_COLOUR('',#2028);
#2030=FILL_AREA_STYLE($,(#2029));
#2031=SURFACE_STYLE_FILL_AREA(#2030);
#2032=SURFACE_SIDE_STYLE('',(#2031));
#2033=SURFACE_STYLE_USAGE(.BOTH.,#2032);
#2034=PRESENTATION_STYLE_ASSIGNMENT((#2033));
#2035=STYLED_ITEM('',(#2034),#2027);
#2036=ADVANCED_FACE('',(#4442),#4444,.F.);
#2037=COLOUR_RGB('',0.156862745098039,0.156862745098039,0.156862745098039);
#2038=FILL_AREA_STYLE_COLOUR('',#2037);
#2039=FILL_AREA_STYLE($,(#2038));
#2040=SURFACE_STYLE_FILL_AREA(#2039);
#2041=SURFACE_SIDE_STYLE('',(#2040));
#2042=SURFACE_STYLE_USAGE(.BOTH.,#2041);
#2043=PRESENTATION_STYLE_ASSIGNMENT((#2042));
#2044=STYLED_ITEM('',(#2043),#2036);
#2045=ADVANCED_FACE('',(#4449),#4451,.T.);
#2046=COLOUR_RGB('',0.968627450980392,0.87843137254902,0.6);
#2047=FILL_AREA_STYLE_COLOUR('',#2046);
#2048=FILL_AREA_STYLE($,(#2047));
#2049=SURFACE_STYLE_FILL_AREA(#2048);
#2050=SURFACE_SIDE_STYLE('',(#2049));
#2051=SURFACE_STYLE_USAGE(.BOTH.,#2050);
#2052=PRESENTATION_STYLE_ASSIGNMENT((#2051));
#2053=STYLED_ITEM('',(#2052),#2045);
#2054=ADVANCED_FACE('',(#4456),#4458,.F.);
#2055=COLOUR_RGB('',0.968627450980392,0.87843137254902,0.6);
#2056=FILL_AREA_STYLE_COLOUR('',#2055);
#2057=FILL_AREA_STYLE($,(#2056));
#2058=SURFACE_STYLE_FILL_AREA(#2057);
#2059=SURFACE_SIDE_STYLE('',(#2058));
#2060=SURFACE_STYLE_USAGE(.BOTH.,#2059);
#2061=PRESENTATION_STYLE_ASSIGNMENT((#2060));
#2062=STYLED_ITEM('',(#2061),#2054);
#2063=ADVANCED_FACE('',(#4463),#4465,.F.);
#2064=COLOUR_RGB('',0.968627450980392,0.87843137254902,0.6);
#2065=FILL_AREA_STYLE_COLOUR('',#2064);
#2066=FILL_AREA_STYLE($,(#2065));
#2067=SURFACE_STYLE_FILL_AREA(#2066);
#2068=SURFACE_SIDE_STYLE('',(#2067));
#2069=SURFACE_STYLE_USAGE(.BOTH.,#2068);
#2070=PRESENTATION_STYLE_ASSIGNMENT((#2069));
#2071=STYLED_ITEM('',(#2070),#2063);
#2072=ADVANCED_FACE('',(#4470),#4472,.F.);
#2073=COLOUR_RGB('',0.968627450980392,0.87843137254902,0.6);
#2074=FILL_AREA_STYLE_COLOUR('',#2073);
#2075=FILL_AREA_STYLE($,(#2074));
#2076=SURFACE_STYLE_FILL_AREA(#2075);
#2077=SURFACE_SIDE_STYLE('',(#2076));
#2078=SURFACE_STYLE_USAGE(.BOTH.,#2077);
#2079=PRESENTATION_STYLE_ASSIGNMENT((#2078));
#2080=STYLED_ITEM('',(#2079),#2072);
#2081=ADVANCED_FACE('',(#4477),#4479,.F.);
#2082=COLOUR_RGB('',0.968627450980392,0.87843137254902,0.6);
#2083=FILL_AREA_STYLE_COLOUR('',#2082);
#2084=FILL_AREA_STYLE($,(#2083));
#2085=SURFACE_STYLE_FILL_AREA(#2084);
#2086=SURFACE_SIDE_STYLE('',(#2085));
#2087=SURFACE_STYLE_USAGE(.BOTH.,#2086);
#2088=PRESENTATION_STYLE_ASSIGNMENT((#2087));
#2089=STYLED_ITEM('',(#2088),#2081);
#2090=ADVANCED_FACE('',(#4484,#4486),#4488,.T.);
#2091=COLOUR_RGB('',0.968627450980392,0.87843137254902,0.6);
#2092=FILL_AREA_STYLE_COLOUR('',#2091);
#2093=FILL_AREA_STYLE($,(#2092));
#2094=SURFACE_STYLE_FILL_AREA(#2093);
#2095=SURFACE_SIDE_STYLE('',(#2094));
#2096=SURFACE_STYLE_USAGE(.BOTH.,#2095);
#2097=PRESENTATION_STYLE_ASSIGNMENT((#2096));
#2098=STYLED_ITEM('',(#2097),#2090);
#2099=ADVANCED_FACE('',(#4493),#4495,.T.);
#2100=COLOUR_RGB('',0.156862745098039,0.156862745098039,0.156862745098039);
#2101=FILL_AREA_STYLE_COLOUR('',#2100);
#2102=FILL_AREA_STYLE($,(#2101));
#2103=SURFACE_STYLE_FILL_AREA(#2102);
#2104=SURFACE_SIDE_STYLE('',(#2103));
#2105=SURFACE_STYLE_USAGE(.BOTH.,#2104);
#2106=PRESENTATION_STYLE_ASSIGNMENT((#2105));
#2107=STYLED_ITEM('',(#2106),#2099);
#2108=ADVANCED_FACE('',(#4500),#4502,.T.);
#2109=COLOUR_RGB('',0.968627450980392,0.87843137254902,0.6);
#2110=FILL_AREA_STYLE_COLOUR('',#2109);
#2111=FILL_AREA_STYLE($,(#2110));
#2112=SURFACE_STYLE_FILL_AREA(#2111);
#2113=SURFACE_SIDE_STYLE('',(#2112));
#2114=SURFACE_STYLE_USAGE(.BOTH.,#2113);
#2115=PRESENTATION_STYLE_ASSIGNMENT((#2114));
#2116=STYLED_ITEM('',(#2115),#2108);
#2117=ADVANCED_FACE('',(#4507),#4509,.T.);
#2118=COLOUR_RGB('',0.156862745098039,0.156862745098039,0.156862745098039);
#2119=FILL_AREA_STYLE_COLOUR('',#2118);
#2120=FILL_AREA_STYLE($,(#2119));
#2121=SURFACE_STYLE_FILL_AREA(#2120);
#2122=SURFACE_SIDE_STYLE('',(#2121));
#2123=SURFACE_STYLE_USAGE(.BOTH.,#2122);
#2124=PRESENTATION_STYLE_ASSIGNMENT((#2123));
#2125=STYLED_ITEM('',(#2124),#2117);
#2126=ADVANCED_FACE('',(#4514),#4516,.T.);
#2127=COLOUR_RGB('',0.968627450980392,0.87843137254902,0.6);
#2128=FILL_AREA_STYLE_COLOUR('',#2127);
#2129=FILL_AREA_STYLE($,(#2128));
#2130=SURFACE_STYLE_FILL_AREA(#2129);
#2131=SURFACE_SIDE_STYLE('',(#2130));
#2132=SURFACE_STYLE_USAGE(.BOTH.,#2131);
#2133=PRESENTATION_STYLE_ASSIGNMENT((#2132));
#2134=STYLED_ITEM('',(#2133),#2126);
#2135=ADVANCED_FACE('',(#4521),#4523,.T.);
#2136=COLOUR_RGB('',0.156862745098039,0.156862745098039,0.156862745098039);
#2137=FILL_AREA_STYLE_COLOUR('',#2136);
#2138=FILL_AREA_STYLE($,(#2137));
#2139=SURFACE_STYLE_FILL_AREA(#2138);
#2140=SURFACE_SIDE_STYLE('',(#2139));
#2141=SURFACE_STYLE_USAGE(.BOTH.,#2140);
#2142=PRESENTATION_STYLE_ASSIGNMENT((#2141));
#2143=STYLED_ITEM('',(#2142),#2135);
#2144=ADVANCED_FACE('',(#4528),#4530,.T.);
#2145=COLOUR_RGB('',0.968627450980392,0.87843137254902,0.6);
#2146=FILL_AREA_STYLE_COLOUR('',#2145);
#2147=FILL_AREA_STYLE($,(#2146));
#2148=SURFACE_STYLE_FILL_AREA(#2147);
#2149=SURFACE_SIDE_STYLE('',(#2148));
#2150=SURFACE_STYLE_USAGE(.BOTH.,#2149);
#2151=PRESENTATION_STYLE_ASSIGNMENT((#2150));
#2152=STYLED_ITEM('',(#2151),#2144);
#2153=ADVANCED_FACE('',(#4535),#4537,.T.);
#2154=COLOUR_RGB('',0.156862745098039,0.156862745098039,0.156862745098039);
#2155=FILL_AREA_STYLE_COLOUR('',#2154);
#2156=FILL_AREA_STYLE($,(#2155));
#2157=SURFACE_STYLE_FILL_AREA(#2156);
#2158=SURFACE_SIDE_STYLE('',(#2157));
#2159=SURFACE_STYLE_USAGE(.BOTH.,#2158);
#2160=PRESENTATION_STYLE_ASSIGNMENT((#2159));
#2161=STYLED_ITEM('',(#2160),#2153);
#2162=ADVANCED_FACE('',(#4542),#4544,.T.);
#2163=COLOUR_RGB('',0.968627450980392,0.87843137254902,0.6);
#2164=FILL_AREA_STYLE_COLOUR('',#2163);
#2165=FILL_AREA_STYLE($,(#2164));
#2166=SURFACE_STYLE_FILL_AREA(#2165);
#2167=SURFACE_SIDE_STYLE('',(#2166));
#2168=SURFACE_STYLE_USAGE(.BOTH.,#2167);
#2169=PRESENTATION_STYLE_ASSIGNMENT((#2168));
#2170=STYLED_ITEM('',(#2169),#2162);
#2171=ADVANCED_FACE('',(#4549,#4551),#4553,.T.);
#2172=COLOUR_RGB('',0.968627450980392,0.87843137254902,0.6);
#2173=FILL_AREA_STYLE_COLOUR('',#2172);
#2174=FILL_AREA_STYLE($,(#2173));
#2175=SURFACE_STYLE_FILL_AREA(#2174);
#2176=SURFACE_SIDE_STYLE('',(#2175));
#2177=SURFACE_STYLE_USAGE(.BOTH.,#2176);
#2178=PRESENTATION_STYLE_ASSIGNMENT((#2177));
#2179=STYLED_ITEM('',(#2178),#2171);
#2180=ADVANCED_FACE('',(#4558,#4560),#4562,.F.);
#2181=COLOUR_RGB('',0.968627450980392,0.87843137254902,0.6);
#2182=FILL_AREA_STYLE_COLOUR('',#2181);
#2183=FILL_AREA_STYLE($,(#2182));
#2184=SURFACE_STYLE_FILL_AREA(#2183);
#2185=SURFACE_SIDE_STYLE('',(#2184));
#2186=SURFACE_STYLE_USAGE(.BOTH.,#2185);
#2187=PRESENTATION_STYLE_ASSIGNMENT((#2186));
#2188=STYLED_ITEM('',(#2187),#2180);
#2189=ADVANCED_FACE('',(#4567),#4569,.F.);
#2190=COLOUR_RGB('',0.156862745098039,0.156862745098039,0.156862745098039);
#2191=FILL_AREA_STYLE_COLOUR('',#2190);
#2192=FILL_AREA_STYLE($,(#2191));
#2193=SURFACE_STYLE_FILL_AREA(#2192);
#2194=SURFACE_SIDE_STYLE('',(#2193));
#2195=SURFACE_STYLE_USAGE(.BOTH.,#2194);
#2196=PRESENTATION_STYLE_ASSIGNMENT((#2195));
#2197=STYLED_ITEM('',(#2196),#2189);
#2198=ADVANCED_FACE('',(#4574),#4576,.F.);
#2199=COLOUR_RGB('',0.156862745098039,0.156862745098039,0.156862745098039);
#2200=FILL_AREA_STYLE_COLOUR('',#2199);
#2201=FILL_AREA_STYLE($,(#2200));
#2202=SURFACE_STYLE_FILL_AREA(#2201);
#2203=SURFACE_SIDE_STYLE('',(#2202));
#2204=SURFACE_STYLE_USAGE(.BOTH.,#2203);
#2205=PRESENTATION_STYLE_ASSIGNMENT((#2204));
#2206=STYLED_ITEM('',(#2205),#2198);
#2207=ADVANCED_FACE('',(#4581),#4583,.F.);
#2208=COLOUR_RGB('',0.156862745098039,0.156862745098039,0.156862745098039);
#2209=FILL_AREA_STYLE_COLOUR('',#2208);
#2210=FILL_AREA_STYLE($,(#2209));
#2211=SURFACE_STYLE_FILL_AREA(#2210);
#2212=SURFACE_SIDE_STYLE('',(#2211));
#2213=SURFACE_STYLE_USAGE(.BOTH.,#2212);
#2214=PRESENTATION_STYLE_ASSIGNMENT((#2213));
#2215=STYLED_ITEM('',(#2214),#2207);
#2216=ADVANCED_FACE('',(#4588),#4590,.T.);
#2217=COLOUR_RGB('',0.968627450980392,0.87843137254902,0.6);
#2218=FILL_AREA_STYLE_COLOUR('',#2217);
#2219=FILL_AREA_STYLE($,(#2218));
#2220=SURFACE_STYLE_FILL_AREA(#2219);
#2221=SURFACE_SIDE_STYLE('',(#2220));
#2222=SURFACE_STYLE_USAGE(.BOTH.,#2221);
#2223=PRESENTATION_STYLE_ASSIGNMENT((#2222));
#2224=STYLED_ITEM('',(#2223),#2216);
#2225=ADVANCED_FACE('',(#4595),#4597,.F.);
#2226=COLOUR_RGB('',0.156862745098039,0.156862745098039,0.156862745098039);
#2227=FILL_AREA_STYLE_COLOUR('',#2226);
#2228=FILL_AREA_STYLE($,(#2227));
#2229=SURFACE_STYLE_FILL_AREA(#2228);
#2230=SURFACE_SIDE_STYLE('',(#2229));
#2231=SURFACE_STYLE_USAGE(.BOTH.,#2230);
#2232=PRESENTATION_STYLE_ASSIGNMENT((#2231));
#2233=STYLED_ITEM('',(#2232),#2225);
#2234=ADVANCED_FACE('',(#4602),#4604,.T.);
#2235=COLOUR_RGB('',0.968627450980392,0.87843137254902,0.6);
#2236=FILL_AREA_STYLE_COLOUR('',#2235);
#2237=FILL_AREA_STYLE($,(#2236));
#2238=SURFACE_STYLE_FILL_AREA(#2237);
#2239=SURFACE_SIDE_STYLE('',(#2238));
#2240=SURFACE_STYLE_USAGE(.BOTH.,#2239);
#2241=PRESENTATION_STYLE_ASSIGNMENT((#2240));
#2242=STYLED_ITEM('',(#2241),#2234);
#2243=ADVANCED_FACE('',(#4609),#4611,.F.);
#2244=COLOUR_RGB('',0.156862745098039,0.156862745098039,0.156862745098039);
#2245=FILL_AREA_STYLE_COLOUR('',#2244);
#2246=FILL_AREA_STYLE($,(#2245));
#2247=SURFACE_STYLE_FILL_AREA(#2246);
#2248=SURFACE_SIDE_STYLE('',(#2247));
#2249=SURFACE_STYLE_USAGE(.BOTH.,#2248);
#2250=PRESENTATION_STYLE_ASSIGNMENT((#2249));
#2251=STYLED_ITEM('',(#2250),#2243);
#2252=ADVANCED_FACE('',(#4616),#4618,.F.);
#2253=COLOUR_RGB('',0.156862745098039,0.156862745098039,0.156862745098039);
#2254=FILL_AREA_STYLE_COLOUR('',#2253);
#2255=FILL_AREA_STYLE($,(#2254));
#2256=SURFACE_STYLE_FILL_AREA(#2255);
#2257=SURFACE_SIDE_STYLE('',(#2256));
#2258=SURFACE_STYLE_USAGE(.BOTH.,#2257);
#2259=PRESENTATION_STYLE_ASSIGNMENT((#2258));
#2260=STYLED_ITEM('',(#2259),#2252);
#2261=ADVANCED_FACE('',(#4623),#4625,.F.);
#2262=COLOUR_RGB('',0.156862745098039,0.156862745098039,0.156862745098039);
#2263=FILL_AREA_STYLE_COLOUR('',#2262);
#2264=FILL_AREA_STYLE($,(#2263));
#2265=SURFACE_STYLE_FILL_AREA(#2264);
#2266=SURFACE_SIDE_STYLE('',(#2265));
#2267=SURFACE_STYLE_USAGE(.BOTH.,#2266);
#2268=PRESENTATION_STYLE_ASSIGNMENT((#2267));
#2269=STYLED_ITEM('',(#2268),#2261);
#2270=ADVANCED_FACE('',(#4630),#4632,.T.);
#2271=COLOUR_RGB('',0.968627450980392,0.87843137254902,0.6);
#2272=FILL_AREA_STYLE_COLOUR('',#2271);
#2273=FILL_AREA_STYLE($,(#2272));
#2274=SURFACE_STYLE_FILL_AREA(#2273);
#2275=SURFACE_SIDE_STYLE('',(#2274));
#2276=SURFACE_STYLE_USAGE(.BOTH.,#2275);
#2277=PRESENTATION_STYLE_ASSIGNMENT((#2276));
#2278=STYLED_ITEM('',(#2277),#2270);
#2279=ADVANCED_FACE('',(#4637),#4639,.F.);
#2280=COLOUR_RGB('',0.156862745098039,0.156862745098039,0.156862745098039);
#2281=FILL_AREA_STYLE_COLOUR('',#2280);
#2282=FILL_AREA_STYLE($,(#2281));
#2283=SURFACE_STYLE_FILL_AREA(#2282);
#2284=SURFACE_SIDE_STYLE('',(#2283));
#2285=SURFACE_STYLE_USAGE(.BOTH.,#2284);
#2286=PRESENTATION_STYLE_ASSIGNMENT((#2285));
#2287=STYLED_ITEM('',(#2286),#2279);
#2288=ADVANCED_FACE('',(#4644),#4646,.T.);
#2289=COLOUR_RGB('',0.968627450980392,0.87843137254902,0.6);
#2290=FILL_AREA_STYLE_COLOUR('',#2289);
#2291=FILL_AREA_STYLE($,(#2290));
#2292=SURFACE_STYLE_FILL_AREA(#2291);
#2293=SURFACE_SIDE_STYLE('',(#2292));
#2294=SURFACE_STYLE_USAGE(.BOTH.,#2293);
#2295=PRESENTATION_STYLE_ASSIGNMENT((#2294));
#2296=STYLED_ITEM('',(#2295),#2288);
#2297=ADVANCED_FACE('',(#4651),#4653,.F.);
#2298=COLOUR_RGB('',0.968627450980392,0.87843137254902,0.6);
#2299=FILL_AREA_STYLE_COLOUR('',#2298);
#2300=FILL_AREA_STYLE($,(#2299));
#2301=SURFACE_STYLE_FILL_AREA(#2300);
#2302=SURFACE_SIDE_STYLE('',(#2301));
#2303=SURFACE_STYLE_USAGE(.BOTH.,#2302);
#2304=PRESENTATION_STYLE_ASSIGNMENT((#2303));
#2305=STYLED_ITEM('',(#2304),#2297);
#2306=ADVANCED_FACE('',(#4658),#4660,.F.);
#2307=COLOUR_RGB('',0.968627450980392,0.87843137254902,0.6);
#2308=FILL_AREA_STYLE_COLOUR('',#2307);
#2309=FILL_AREA_STYLE($,(#2308));
#2310=SURFACE_STYLE_FILL_AREA(#2309);
#2311=SURFACE_SIDE_STYLE('',(#2310));
#2312=SURFACE_STYLE_USAGE(.BOTH.,#2311);
#2313=PRESENTATION_STYLE_ASSIGNMENT((#2312));
#2314=STYLED_ITEM('',(#2313),#2306);
#2315=ADVANCED_FACE('',(#4665),#4667,.F.);
#2316=COLOUR_RGB('',0.968627450980392,0.87843137254902,0.6);
#2317=FILL_AREA_STYLE_COLOUR('',#2316);
#2318=FILL_AREA_STYLE($,(#2317));
#2319=SURFACE_STYLE_FILL_AREA(#2318);
#2320=SURFACE_SIDE_STYLE('',(#2319));
#2321=SURFACE_STYLE_USAGE(.BOTH.,#2320);
#2322=PRESENTATION_STYLE_ASSIGNMENT((#2321));
#2323=STYLED_ITEM('',(#2322),#2315);
#2324=ADVANCED_FACE('',(#4672),#4674,.F.);
#2325=COLOUR_RGB('',0.968627450980392,0.87843137254902,0.6);
#2326=FILL_AREA_STYLE_COLOUR('',#2325);
#2327=FILL_AREA_STYLE($,(#2326));
#2328=SURFACE_STYLE_FILL_AREA(#2327);
#2329=SURFACE_SIDE_STYLE('',(#2328));
#2330=SURFACE_STYLE_USAGE(.BOTH.,#2329);
#2331=PRESENTATION_STYLE_ASSIGNMENT((#2330));
#2332=STYLED_ITEM('',(#2331),#2324);
#2333=ADVANCED_FACE('',(#4679,#4681),#4683,.T.);
#2334=COLOUR_RGB('',0.968627450980392,0.87843137254902,0.6);
#2335=FILL_AREA_STYLE_COLOUR('',#2334);
#2336=FILL_AREA_STYLE($,(#2335));
#2337=SURFACE_STYLE_FILL_AREA(#2336);
#2338=SURFACE_SIDE_STYLE('',(#2337));
#2339=SURFACE_STYLE_USAGE(.BOTH.,#2338);
#2340=PRESENTATION_STYLE_ASSIGNMENT((#2339));
#2341=STYLED_ITEM('',(#2340),#2333);
#2342=ADVANCED_FACE('',(#4688),#4690,.T.);
#2343=COLOUR_RGB('',0.156862745098039,0.156862745098039,0.156862745098039);
#2344=FILL_AREA_STYLE_COLOUR('',#2343);
#2345=FILL_AREA_STYLE($,(#2344));
#2346=SURFACE_STYLE_FILL_AREA(#2345);
#2347=SURFACE_SIDE_STYLE('',(#2346));
#2348=SURFACE_STYLE_USAGE(.BOTH.,#2347);
#2349=PRESENTATION_STYLE_ASSIGNMENT((#2348));
#2350=STYLED_ITEM('',(#2349),#2342);
#2351=ADVANCED_FACE('',(#4695),#4697,.T.);
#2352=COLOUR_RGB('',0.968627450980392,0.87843137254902,0.6);
#2353=FILL_AREA_STYLE_COLOUR('',#2352);
#2354=FILL_AREA_STYLE($,(#2353));
#2355=SURFACE_STYLE_FILL_AREA(#2354);
#2356=SURFACE_SIDE_STYLE('',(#2355));
#2357=SURFACE_STYLE_USAGE(.BOTH.,#2356);
#2358=PRESENTATION_STYLE_ASSIGNMENT((#2357));
#2359=STYLED_ITEM('',(#2358),#2351);
#2360=ADVANCED_FACE('',(#4702),#4704,.T.);
#2361=COLOUR_RGB('',0.156862745098039,0.156862745098039,0.156862745098039);
#2362=FILL_AREA_STYLE_COLOUR('',#2361);
#2363=FILL_AREA_STYLE($,(#2362));
#2364=SURFACE_STYLE_FILL_AREA(#2363);
#2365=SURFACE_SIDE_STYLE('',(#2364));
#2366=SURFACE_STYLE_USAGE(.BOTH.,#2365);
#2367=PRESENTATION_STYLE_ASSIGNMENT((#2366));
#2368=STYLED_ITEM('',(#2367),#2360);
#2369=ADVANCED_FACE('',(#4709),#4711,.T.);
#2370=COLOUR_RGB('',0.968627450980392,0.87843137254902,0.6);
#2371=FILL_AREA_STYLE_COLOUR('',#2370);
#2372=FILL_AREA_STYLE($,(#2371));
#2373=SURFACE_STYLE_FILL_AREA(#2372);
#2374=SURFACE_SIDE_STYLE('',(#2373));
#2375=SURFACE_STYLE_USAGE(.BOTH.,#2374);
#2376=PRESENTATION_STYLE_ASSIGNMENT((#2375));
#2377=STYLED_ITEM('',(#2376),#2369);
#2378=ADVANCED_FACE('',(#4716),#4718,.T.);
#2379=COLOUR_RGB('',0.156862745098039,0.156862745098039,0.156862745098039);
#2380=FILL_AREA_STYLE_COLOUR('',#2379);
#2381=FILL_AREA_STYLE($,(#2380));
#2382=SURFACE_STYLE_FILL_AREA(#2381);
#2383=SURFACE_SIDE_STYLE('',(#2382));
#2384=SURFACE_STYLE_USAGE(.BOTH.,#2383);
#2385=PRESENTATION_STYLE_ASSIGNMENT((#2384));
#2386=STYLED_ITEM('',(#2385),#2378);
#2387=ADVANCED_FACE('',(#4723),#4725,.T.);
#2388=COLOUR_RGB('',0.968627450980392,0.87843137254902,0.6);
#2389=FILL_AREA_STYLE_COLOUR('',#2388);
#2390=FILL_AREA_STYLE($,(#2389));
#2391=SURFACE_STYLE_FILL_AREA(#2390);
#2392=SURFACE_SIDE_STYLE('',(#2391));
#2393=SURFACE_STYLE_USAGE(.BOTH.,#2392);
#2394=PRESENTATION_STYLE_ASSIGNMENT((#2393));
#2395=STYLED_ITEM('',(#2394),#2387);
#2396=ADVANCED_FACE('',(#4730),#4732,.T.);
#2397=COLOUR_RGB('',0.156862745098039,0.156862745098039,0.156862745098039);
#2398=FILL_AREA_STYLE_COLOUR('',#2397);
#2399=FILL_AREA_STYLE($,(#2398));
#2400=SURFACE_STYLE_FILL_AREA(#2399);
#2401=SURFACE_SIDE_STYLE('',(#2400));
#2402=SURFACE_STYLE_USAGE(.BOTH.,#2401);
#2403=PRESENTATION_STYLE_ASSIGNMENT((#2402));
#2404=STYLED_ITEM('',(#2403),#2396);
#2405=ADVANCED_FACE('',(#4737),#4739,.T.);
#2406=COLOUR_RGB('',0.968627450980392,0.87843137254902,0.6);
#2407=FILL_AREA_STYLE_COLOUR('',#2406);
#2408=FILL_AREA_STYLE($,(#2407));
#2409=SURFACE_STYLE_FILL_AREA(#2408);
#2410=SURFACE_SIDE_STYLE('',(#2409));
#2411=SURFACE_STYLE_USAGE(.BOTH.,#2410);
#2412=PRESENTATION_STYLE_ASSIGNMENT((#2411));
#2413=STYLED_ITEM('',(#2412),#2405);
#2414=ADVANCED_FACE('',(#4744,#4746),#4748,.T.);
#2415=COLOUR_RGB('',0.968627450980392,0.87843137254902,0.6);
#2416=FILL_AREA_STYLE_COLOUR('',#2415);
#2417=FILL_AREA_STYLE($,(#2416));
#2418=SURFACE_STYLE_FILL_AREA(#2417);
#2419=SURFACE_SIDE_STYLE('',(#2418));
#2420=SURFACE_STYLE_USAGE(.BOTH.,#2419);
#2421=PRESENTATION_STYLE_ASSIGNMENT((#2420));
#2422=STYLED_ITEM('',(#2421),#2414);
#2423=ADVANCED_FACE('',(#4753,#4755),#4757,.F.);
#2424=COLOUR_RGB('',0.968627450980392,0.87843137254902,0.6);
#2425=FILL_AREA_STYLE_COLOUR('',#2424);
#2426=FILL_AREA_STYLE($,(#2425));
#2427=SURFACE_STYLE_FILL_AREA(#2426);
#2428=SURFACE_SIDE_STYLE('',(#2427));
#2429=SURFACE_STYLE_USAGE(.BOTH.,#2428);
#2430=PRESENTATION_STYLE_ASSIGNMENT((#2429));
#2431=STYLED_ITEM('',(#2430),#2423);
#2432=ADVANCED_FACE('',(#4762),#4764,.F.);
#2433=COLOUR_RGB('',0.156862745098039,0.156862745098039,0.156862745098039);
#2434=FILL_AREA_STYLE_COLOUR('',#2433);
#2435=FILL_AREA_STYLE($,(#2434));
#2436=SURFACE_STYLE_FILL_AREA(#2435);
#2437=SURFACE_SIDE_STYLE('',(#2436));
#2438=SURFACE_STYLE_USAGE(.BOTH.,#2437);
#2439=PRESENTATION_STYLE_ASSIGNMENT((#2438));
#2440=STYLED_ITEM('',(#2439),#2432);
#2441=ADVANCED_FACE('',(#4769),#4771,.F.);
#2442=COLOUR_RGB('',0.156862745098039,0.156862745098039,0.156862745098039);
#2443=FILL_AREA_STYLE_COLOUR('',#2442);
#2444=FILL_AREA_STYLE($,(#2443));
#2445=SURFACE_STYLE_FILL_AREA(#2444);
#2446=SURFACE_SIDE_STYLE('',(#2445));
#2447=SURFACE_STYLE_USAGE(.BOTH.,#2446);
#2448=PRESENTATION_STYLE_ASSIGNMENT((#2447));
#2449=STYLED_ITEM('',(#2448),#2441);
#2450=ADVANCED_FACE('',(#4776),#4778,.F.);
#2451=COLOUR_RGB('',0.156862745098039,0.156862745098039,0.156862745098039);
#2452=FILL_AREA_STYLE_COLOUR('',#2451);
#2453=FILL_AREA_STYLE($,(#2452));
#2454=SURFACE_STYLE_FILL_AREA(#2453);
#2455=SURFACE_SIDE_STYLE('',(#2454));
#2456=SURFACE_STYLE_USAGE(.BOTH.,#2455);
#2457=PRESENTATION_STYLE_ASSIGNMENT((#2456));
#2458=STYLED_ITEM('',(#2457),#2450);
#2459=ADVANCED_FACE('',(#4783),#4785,.T.);
#2460=COLOUR_RGB('',0.968627450980392,0.87843137254902,0.6);
#2461=FILL_AREA_STYLE_COLOUR('',#2460);
#2462=FILL_AREA_STYLE($,(#2461));
#2463=SURFACE_STYLE_FILL_AREA(#2462);
#2464=SURFACE_SIDE_STYLE('',(#2463));
#2465=SURFACE_STYLE_USAGE(.BOTH.,#2464);
#2466=PRESENTATION_STYLE_ASSIGNMENT((#2465));
#2467=STYLED_ITEM('',(#2466),#2459);
#2468=ADVANCED_FACE('',(#4790),#4792,.F.);
#2469=COLOUR_RGB('',0.156862745098039,0.156862745098039,0.156862745098039);
#2470=FILL_AREA_STYLE_COLOUR('',#2469);
#2471=FILL_AREA_STYLE($,(#2470));
#2472=SURFACE_STYLE_FILL_AREA(#2471);
#2473=SURFACE_SIDE_STYLE('',(#2472));
#2474=SURFACE_STYLE_USAGE(.BOTH.,#2473);
#2475=PRESENTATION_STYLE_ASSIGNMENT((#2474));
#2476=STYLED_ITEM('',(#2475),#2468);
#2477=ADVANCED_FACE('',(#4797),#4799,.T.);
#2478=COLOUR_RGB('',0.968627450980392,0.87843137254902,0.6);
#2479=FILL_AREA_STYLE_COLOUR('',#2478);
#2480=FILL_AREA_STYLE($,(#2479));
#2481=SURFACE_STYLE_FILL_AREA(#2480);
#2482=SURFACE_SIDE_STYLE('',(#2481));
#2483=SURFACE_STYLE_USAGE(.BOTH.,#2482);
#2484=PRESENTATION_STYLE_ASSIGNMENT((#2483));
#2485=STYLED_ITEM('',(#2484),#2477);
#2486=ADVANCED_FACE('',(#4804),#4806,.F.);
#2487=COLOUR_RGB('',0.156862745098039,0.156862745098039,0.156862745098039);
#2488=FILL_AREA_STYLE_COLOUR('',#2487);
#2489=FILL_AREA_STYLE($,(#2488));
#2490=SURFACE_STYLE_FILL_AREA(#2489);
#2491=SURFACE_SIDE_STYLE('',(#2490));
#2492=SURFACE_STYLE_USAGE(.BOTH.,#2491);
#2493=PRESENTATION_STYLE_ASSIGNMENT((#2492));
#2494=STYLED_ITEM('',(#2493),#2486);
#2495=ADVANCED_FACE('',(#4811),#4813,.F.);
#2496=COLOUR_RGB('',0.156862745098039,0.156862745098039,0.156862745098039);
#2497=FILL_AREA_STYLE_COLOUR('',#2496);
#2498=FILL_AREA_STYLE($,(#2497));
#2499=SURFACE_STYLE_FILL_AREA(#2498);
#2500=SURFACE_SIDE_STYLE('',(#2499));
#2501=SURFACE_STYLE_USAGE(.BOTH.,#2500);
#2502=PRESENTATION_STYLE_ASSIGNMENT((#2501));
#2503=STYLED_ITEM('',(#2502),#2495);
#2504=ADVANCED_FACE('',(#4818),#4820,.F.);
#2505=COLOUR_RGB('',0.156862745098039,0.156862745098039,0.156862745098039);
#2506=FILL_AREA_STYLE_COLOUR('',#2505);
#2507=FILL_AREA_STYLE($,(#2506));
#2508=SURFACE_STYLE_FILL_AREA(#2507);
#2509=SURFACE_SIDE_STYLE('',(#2508));
#2510=SURFACE_STYLE_USAGE(.BOTH.,#2509);
#2511=PRESENTATION_STYLE_ASSIGNMENT((#2510));
#2512=STYLED_ITEM('',(#2511),#2504);
#2513=ADVANCED_FACE('',(#4825),#4827,.T.);
#2514=COLOUR_RGB('',0.968627450980392,0.87843137254902,0.6);
#2515=FILL_AREA_STYLE_COLOUR('',#2514);
#2516=FILL_AREA_STYLE($,(#2515));
#2517=SURFACE_STYLE_FILL_AREA(#2516);
#2518=SURFACE_SIDE_STYLE('',(#2517));
#2519=SURFACE_STYLE_USAGE(.BOTH.,#2518);
#2520=PRESENTATION_STYLE_ASSIGNMENT((#2519));
#2521=STYLED_ITEM('',(#2520),#2513);
#2522=ADVANCED_FACE('',(#4832),#4834,.F.);
#2523=COLOUR_RGB('',0.156862745098039,0.156862745098039,0.156862745098039);
#2524=FILL_AREA_STYLE_COLOUR('',#2523);
#2525=FILL_AREA_STYLE($,(#2524));
#2526=SURFACE_STYLE_FILL_AREA(#2525);
#2527=SURFACE_SIDE_STYLE('',(#2526));
#2528=SURFACE_STYLE_USAGE(.BOTH.,#2527);
#2529=PRESENTATION_STYLE_ASSIGNMENT((#2528));
#2530=STYLED_ITEM('',(#2529),#2522);
#2531=ADVANCED_FACE('',(#4839),#4841,.T.);
#2532=COLOUR_RGB('',0.968627450980392,0.87843137254902,0.6);
#2533=FILL_AREA_STYLE_COLOUR('',#2532);
#2534=FILL_AREA_STYLE($,(#2533));
#2535=SURFACE_STYLE_FILL_AREA(#2534);
#2536=SURFACE_SIDE_STYLE('',(#2535));
#2537=SURFACE_STYLE_USAGE(.BOTH.,#2536);
#2538=PRESENTATION_STYLE_ASSIGNMENT((#2537));
#2539=STYLED_ITEM('',(#2538),#2531);
#2540=ADVANCED_FACE('',(#4846),#4848,.F.);
#2541=COLOUR_RGB('',0.968627450980392,0.87843137254902,0.6);
#2542=FILL_AREA_STYLE_COLOUR('',#2541);
#2543=FILL_AREA_STYLE($,(#2542));
#2544=SURFACE_STYLE_FILL_AREA(#2543);
#2545=SURFACE_SIDE_STYLE('',(#2544));
#2546=SURFACE_STYLE_USAGE(.BOTH.,#2545);
#2547=PRESENTATION_STYLE_ASSIGNMENT((#2546));
#2548=STYLED_ITEM('',(#2547),#2540);
#2549=ADVANCED_FACE('',(#4853),#4855,.F.);
#2550=COLOUR_RGB('',0.968627450980392,0.87843137254902,0.6);
#2551=FILL_AREA_STYLE_COLOUR('',#2550);
#2552=FILL_AREA_STYLE($,(#2551));
#2553=SURFACE_STYLE_FILL_AREA(#2552);
#2554=SURFACE_SIDE_STYLE('',(#2553));
#2555=SURFACE_STYLE_USAGE(.BOTH.,#2554);
#2556=PRESENTATION_STYLE_ASSIGNMENT((#2555));
#2557=STYLED_ITEM('',(#2556),#2549);
#2558=ADVANCED_FACE('',(#4860),#4862,.F.);
#2559=COLOUR_RGB('',0.968627450980392,0.87843137254902,0.6);
#2560=FILL_AREA_STYLE_COLOUR('',#2559);
#2561=FILL_AREA_STYLE($,(#2560));
#2562=SURFACE_STYLE_FILL_AREA(#2561);
#2563=SURFACE_SIDE_STYLE('',(#2562));
#2564=SURFACE_STYLE_USAGE(.BOTH.,#2563);
#2565=PRESENTATION_STYLE_ASSIGNMENT((#2564));
#2566=STYLED_ITEM('',(#2565),#2558);
#2567=ADVANCED_FACE('',(#4867),#4869,.F.);
#2568=COLOUR_RGB('',0.968627450980392,0.87843137254902,0.6);
#2569=FILL_AREA_STYLE_COLOUR('',#2568);
#2570=FILL_AREA_STYLE($,(#2569));
#2571=SURFACE_STYLE_FILL_AREA(#2570);
#2572=SURFACE_SIDE_STYLE('',(#2571));
#2573=SURFACE_STYLE_USAGE(.BOTH.,#2572);
#2574=PRESENTATION_STYLE_ASSIGNMENT((#2573));
#2575=STYLED_ITEM('',(#2574),#2567);
#2576=ADVANCED_FACE('',(#4874,#4876),#4878,.T.);
#2577=COLOUR_RGB('',0.968627450980392,0.87843137254902,0.6);
#2578=FILL_AREA_STYLE_COLOUR('',#2577);
#2579=FILL_AREA_STYLE($,(#2578));
#2580=SURFACE_STYLE_FILL_AREA(#2579);
#2581=SURFACE_SIDE_STYLE('',(#2580));
#2582=SURFACE_STYLE_USAGE(.BOTH.,#2581);
#2583=PRESENTATION_STYLE_ASSIGNMENT((#2582));
#2584=STYLED_ITEM('',(#2583),#2576);
#2585=ADVANCED_FACE('',(#4883,#4885),#4887,.T.);
#2586=COLOUR_RGB('',0.968627450980392,0.87843137254902,0.6);
#2587=FILL_AREA_STYLE_COLOUR('',#2586);
#2588=FILL_AREA_STYLE($,(#2587));
#2589=SURFACE_STYLE_FILL_AREA(#2588);
#2590=SURFACE_SIDE_STYLE('',(#2589));
#2591=SURFACE_STYLE_USAGE(.BOTH.,#2590);
#2592=PRESENTATION_STYLE_ASSIGNMENT((#2591));
#2593=STYLED_ITEM('',(#2592),#2585);
#2594=ADVANCED_FACE('',(#4892,#4894),#4896,.F.);
#2595=COLOUR_RGB('',0.968627450980392,0.87843137254902,0.6);
#2596=FILL_AREA_STYLE_COLOUR('',#2595);
#2597=FILL_AREA_STYLE($,(#2596));
#2598=SURFACE_STYLE_FILL_AREA(#2597);
#2599=SURFACE_SIDE_STYLE('',(#2598));
#2600=SURFACE_STYLE_USAGE(.BOTH.,#2599);
#2601=PRESENTATION_STYLE_ASSIGNMENT((#2600));
#2602=STYLED_ITEM('',(#2601),#2594);
#2603=ADVANCED_FACE('',(#4901),#4903,.T.);
#2604=COLOUR_RGB('',0.156862745098039,0.156862745098039,0.156862745098039);
#2605=FILL_AREA_STYLE_COLOUR('',#2604);
#2606=FILL_AREA_STYLE($,(#2605));
#2607=SURFACE_STYLE_FILL_AREA(#2606);
#2608=SURFACE_SIDE_STYLE('',(#2607));
#2609=SURFACE_STYLE_USAGE(.BOTH.,#2608);
#2610=PRESENTATION_STYLE_ASSIGNMENT((#2609));
#2611=STYLED_ITEM('',(#2610),#2603);
#2612=ADVANCED_FACE('',(#4908),#4910,.T.);
#2613=COLOUR_RGB('',0.968627450980392,0.87843137254902,0.6);
#2614=FILL_AREA_STYLE_COLOUR('',#2613);
#2615=FILL_AREA_STYLE($,(#2614));
#2616=SURFACE_STYLE_FILL_AREA(#2615);
#2617=SURFACE_SIDE_STYLE('',(#2616));
#2618=SURFACE_STYLE_USAGE(.BOTH.,#2617);
#2619=PRESENTATION_STYLE_ASSIGNMENT((#2618));
#2620=STYLED_ITEM('',(#2619),#2612);
#2621=ADVANCED_FACE('',(#4915),#4917,.T.);
#2622=COLOUR_RGB('',0.156862745098039,0.156862745098039,0.156862745098039);
#2623=FILL_AREA_STYLE_COLOUR('',#2622);
#2624=FILL_AREA_STYLE($,(#2623));
#2625=SURFACE_STYLE_FILL_AREA(#2624);
#2626=SURFACE_SIDE_STYLE('',(#2625));
#2627=SURFACE_STYLE_USAGE(.BOTH.,#2626);
#2628=PRESENTATION_STYLE_ASSIGNMENT((#2627));
#2629=STYLED_ITEM('',(#2628),#2621);
#2630=ADVANCED_FACE('',(#4922),#4924,.T.);
#2631=COLOUR_RGB('',0.968627450980392,0.87843137254902,0.6);
#2632=FILL_AREA_STYLE_COLOUR('',#2631);
#2633=FILL_AREA_STYLE($,(#2632));
#2634=SURFACE_STYLE_FILL_AREA(#2633);
#2635=SURFACE_SIDE_STYLE('',(#2634));
#2636=SURFACE_STYLE_USAGE(.BOTH.,#2635);
#2637=PRESENTATION_STYLE_ASSIGNMENT((#2636));
#2638=STYLED_ITEM('',(#2637),#2630);
#2639=ADVANCED_FACE('',(#4929),#4931,.T.);
#2640=COLOUR_RGB('',0.156862745098039,0.156862745098039,0.156862745098039);
#2641=FILL_AREA_STYLE_COLOUR('',#2640);
#2642=FILL_AREA_STYLE($,(#2641));
#2643=SURFACE_STYLE_FILL_AREA(#2642);
#2644=SURFACE_SIDE_STYLE('',(#2643));
#2645=SURFACE_STYLE_USAGE(.BOTH.,#2644);
#2646=PRESENTATION_STYLE_ASSIGNMENT((#2645));
#2647=STYLED_ITEM('',(#2646),#2639);
#2648=ADVANCED_FACE('',(#4936),#4938,.T.);
#2649=COLOUR_RGB('',0.968627450980392,0.87843137254902,0.6);
#2650=FILL_AREA_STYLE_COLOUR('',#2649);
#2651=FILL_AREA_STYLE($,(#2650));
#2652=SURFACE_STYLE_FILL_AREA(#2651);
#2653=SURFACE_SIDE_STYLE('',(#2652));
#2654=SURFACE_STYLE_USAGE(.BOTH.,#2653);
#2655=PRESENTATION_STYLE_ASSIGNMENT((#2654));
#2656=STYLED_ITEM('',(#2655),#2648);
#2657=ADVANCED_FACE('',(#4943),#4945,.T.);
#2658=COLOUR_RGB('',0.156862745098039,0.156862745098039,0.156862745098039);
#2659=FILL_AREA_STYLE_COLOUR('',#2658);
#2660=FILL_AREA_STYLE($,(#2659));
#2661=SURFACE_STYLE_FILL_AREA(#2660);
#2662=SURFACE_SIDE_STYLE('',(#2661));
#2663=SURFACE_STYLE_USAGE(.BOTH.,#2662);
#2664=PRESENTATION_STYLE_ASSIGNMENT((#2663));
#2665=STYLED_ITEM('',(#2664),#2657);
#2666=ADVANCED_FACE('',(#4950),#4952,.T.);
#2667=COLOUR_RGB('',0.968627450980392,0.87843137254902,0.6);
#2668=FILL_AREA_STYLE_COLOUR('',#2667);
#2669=FILL_AREA_STYLE($,(#2668));
#2670=SURFACE_STYLE_FILL_AREA(#2669);
#2671=SURFACE_SIDE_STYLE('',(#2670));
#2672=SURFACE_STYLE_USAGE(.BOTH.,#2671);
#2673=PRESENTATION_STYLE_ASSIGNMENT((#2672));
#2674=STYLED_ITEM('',(#2673),#2666);
#2675=ADVANCED_FACE('',(#4957),#4959,.F.);
#2676=COLOUR_RGB('',0.968627450980392,0.87843137254902,0.6);
#2677=FILL_AREA_STYLE_COLOUR('',#2676);
#2678=FILL_AREA_STYLE($,(#2677));
#2679=SURFACE_STYLE_FILL_AREA(#2678);
#2680=SURFACE_SIDE_STYLE('',(#2679));
#2681=SURFACE_STYLE_USAGE(.BOTH.,#2680);
#2682=PRESENTATION_STYLE_ASSIGNMENT((#2681));
#2683=STYLED_ITEM('',(#2682),#2675);
#2684=ADVANCED_FACE('',(#4964),#4966,.F.);
#2685=COLOUR_RGB('',0.968627450980392,0.87843137254902,0.6);
#2686=FILL_AREA_STYLE_COLOUR('',#2685);
#2687=FILL_AREA_STYLE($,(#2686));
#2688=SURFACE_STYLE_FILL_AREA(#2687);
#2689=SURFACE_SIDE_STYLE('',(#2688));
#2690=SURFACE_STYLE_USAGE(.BOTH.,#2689);
#2691=PRESENTATION_STYLE_ASSIGNMENT((#2690));
#2692=STYLED_ITEM('',(#2691),#2684);
#2693=ADVANCED_FACE('',(#4971),#4973,.F.);
#2694=COLOUR_RGB('',0.968627450980392,0.87843137254902,0.6);
#2695=FILL_AREA_STYLE_COLOUR('',#2694);
#2696=FILL_AREA_STYLE($,(#2695));
#2697=SURFACE_STYLE_FILL_AREA(#2696);
#2698=SURFACE_SIDE_STYLE('',(#2697));
#2699=SURFACE_STYLE_USAGE(.BOTH.,#2698);
#2700=PRESENTATION_STYLE_ASSIGNMENT((#2699));
#2701=STYLED_ITEM('',(#2700),#2693);
#2702=ADVANCED_FACE('',(#4978),#4980,.F.);
#2703=COLOUR_RGB('',0.968627450980392,0.87843137254902,0.6);
#2704=FILL_AREA_STYLE_COLOUR('',#2703);
#2705=FILL_AREA_STYLE($,(#2704));
#2706=SURFACE_STYLE_FILL_AREA(#2705);
#2707=SURFACE_SIDE_STYLE('',(#2706));
#2708=SURFACE_STYLE_USAGE(.BOTH.,#2707);
#2709=PRESENTATION_STYLE_ASSIGNMENT((#2708));
#2710=STYLED_ITEM('',(#2709),#2702);
#2711=ADVANCED_FACE('',(#4985),#4987,.F.);
#2712=COLOUR_RGB('',0.156862745098039,0.156862745098039,0.156862745098039);
#2713=FILL_AREA_STYLE_COLOUR('',#2712);
#2714=FILL_AREA_STYLE($,(#2713));
#2715=SURFACE_STYLE_FILL_AREA(#2714);
#2716=SURFACE_SIDE_STYLE('',(#2715));
#2717=SURFACE_STYLE_USAGE(.BOTH.,#2716);
#2718=PRESENTATION_STYLE_ASSIGNMENT((#2717));
#2719=STYLED_ITEM('',(#2718),#2711);
#2720=ADVANCED_FACE('',(#4992),#4994,.F.);
#2721=COLOUR_RGB('',0.156862745098039,0.156862745098039,0.156862745098039);
#2722=FILL_AREA_STYLE_COLOUR('',#2721);
#2723=FILL_AREA_STYLE($,(#2722));
#2724=SURFACE_STYLE_FILL_AREA(#2723);
#2725=SURFACE_SIDE_STYLE('',(#2724));
#2726=SURFACE_STYLE_USAGE(.BOTH.,#2725);
#2727=PRESENTATION_STYLE_ASSIGNMENT((#2726));
#2728=STYLED_ITEM('',(#2727),#2720);
#2729=ADVANCED_FACE('',(#4999),#5001,.F.);
#2730=COLOUR_RGB('',0.156862745098039,0.156862745098039,0.156862745098039);
#2731=FILL_AREA_STYLE_COLOUR('',#2730);
#2732=FILL_AREA_STYLE($,(#2731));
#2733=SURFACE_STYLE_FILL_AREA(#2732);
#2734=SURFACE_SIDE_STYLE('',(#2733));
#2735=SURFACE_STYLE_USAGE(.BOTH.,#2734);
#2736=PRESENTATION_STYLE_ASSIGNMENT((#2735));
#2737=STYLED_ITEM('',(#2736),#2729);
#2738=ADVANCED_FACE('',(#5006),#5008,.T.);
#2739=COLOUR_RGB('',0.968627450980392,0.87843137254902,0.6);
#2740=FILL_AREA_STYLE_COLOUR('',#2739);
#2741=FILL_AREA_STYLE($,(#2740));
#2742=SURFACE_STYLE_FILL_AREA(#2741);
#2743=SURFACE_SIDE_STYLE('',(#2742));
#2744=SURFACE_STYLE_USAGE(.BOTH.,#2743);
#2745=PRESENTATION_STYLE_ASSIGNMENT((#2744));
#2746=STYLED_ITEM('',(#2745),#2738);
#2747=ADVANCED_FACE('',(#5013),#5015,.F.);
#2748=COLOUR_RGB('',0.156862745098039,0.156862745098039,0.156862745098039);
#2749=FILL_AREA_STYLE_COLOUR('',#2748);
#2750=FILL_AREA_STYLE($,(#2749));
#2751=SURFACE_STYLE_FILL_AREA(#2750);
#2752=SURFACE_SIDE_STYLE('',(#2751));
#2753=SURFACE_STYLE_USAGE(.BOTH.,#2752);
#2754=PRESENTATION_STYLE_ASSIGNMENT((#2753));
#2755=STYLED_ITEM('',(#2754),#2747);
#2756=ADVANCED_FACE('',(#5020),#5022,.T.);
#2757=COLOUR_RGB('',0.968627450980392,0.87843137254902,0.6);
#2758=FILL_AREA_STYLE_COLOUR('',#2757);
#2759=FILL_AREA_STYLE($,(#2758));
#2760=SURFACE_STYLE_FILL_AREA(#2759);
#2761=SURFACE_SIDE_STYLE('',(#2760));
#2762=SURFACE_STYLE_USAGE(.BOTH.,#2761);
#2763=PRESENTATION_STYLE_ASSIGNMENT((#2762));
#2764=STYLED_ITEM('',(#2763),#2756);
#2765=ADVANCED_FACE('',(#5027),#5029,.F.);
#2766=COLOUR_RGB('',0.156862745098039,0.156862745098039,0.156862745098039);
#2767=FILL_AREA_STYLE_COLOUR('',#2766);
#2768=FILL_AREA_STYLE($,(#2767));
#2769=SURFACE_STYLE_FILL_AREA(#2768);
#2770=SURFACE_SIDE_STYLE('',(#2769));
#2771=SURFACE_STYLE_USAGE(.BOTH.,#2770);
#2772=PRESENTATION_STYLE_ASSIGNMENT((#2771));
#2773=STYLED_ITEM('',(#2772),#2765);
#2774=ADVANCED_FACE('',(#5034),#5036,.F.);
#2775=COLOUR_RGB('',0.156862745098039,0.156862745098039,0.156862745098039);
#2776=FILL_AREA_STYLE_COLOUR('',#2775);
#2777=FILL_AREA_STYLE($,(#2776));
#2778=SURFACE_STYLE_FILL_AREA(#2777);
#2779=SURFACE_SIDE_STYLE('',(#2778));
#2780=SURFACE_STYLE_USAGE(.BOTH.,#2779);
#2781=PRESENTATION_STYLE_ASSIGNMENT((#2780));
#2782=STYLED_ITEM('',(#2781),#2774);
#2783=ADVANCED_FACE('',(#5041),#5043,.F.);
#2784=COLOUR_RGB('',0.156862745098039,0.156862745098039,0.156862745098039);
#2785=FILL_AREA_STYLE_COLOUR('',#2784);
#2786=FILL_AREA_STYLE($,(#2785));
#2787=SURFACE_STYLE_FILL_AREA(#2786);
#2788=SURFACE_SIDE_STYLE('',(#2787));
#2789=SURFACE_STYLE_USAGE(.BOTH.,#2788);
#2790=PRESENTATION_STYLE_ASSIGNMENT((#2789));
#2791=STYLED_ITEM('',(#2790),#2783);
#2792=ADVANCED_FACE('',(#5048),#5050,.T.);
#2793=COLOUR_RGB('',0.968627450980392,0.87843137254902,0.6);
#2794=FILL_AREA_STYLE_COLOUR('',#2793);
#2795=FILL_AREA_STYLE($,(#2794));
#2796=SURFACE_STYLE_FILL_AREA(#2795);
#2797=SURFACE_SIDE_STYLE('',(#2796));
#2798=SURFACE_STYLE_USAGE(.BOTH.,#2797);
#2799=PRESENTATION_STYLE_ASSIGNMENT((#2798));
#2800=STYLED_ITEM('',(#2799),#2792);
#2801=ADVANCED_FACE('',(#5055),#5057,.F.);
#2802=COLOUR_RGB('',0.156862745098039,0.156862745098039,0.156862745098039);
#2803=FILL_AREA_STYLE_COLOUR('',#2802);
#2804=FILL_AREA_STYLE($,(#2803));
#2805=SURFACE_STYLE_FILL_AREA(#2804);
#2806=SURFACE_SIDE_STYLE('',(#2805));
#2807=SURFACE_STYLE_USAGE(.BOTH.,#2806);
#2808=PRESENTATION_STYLE_ASSIGNMENT((#2807));
#2809=STYLED_ITEM('',(#2808),#2801);
#2810=ADVANCED_FACE('',(#5062),#5064,.T.);
#2811=COLOUR_RGB('',0.968627450980392,0.87843137254902,0.6);
#2812=FILL_AREA_STYLE_COLOUR('',#2811);
#2813=FILL_AREA_STYLE($,(#2812));
#2814=SURFACE_STYLE_FILL_AREA(#2813);
#2815=SURFACE_SIDE_STYLE('',(#2814));
#2816=SURFACE_STYLE_USAGE(.BOTH.,#2815);
#2817=PRESENTATION_STYLE_ASSIGNMENT((#2816));
#2818=STYLED_ITEM('',(#2817),#2810);
#2819=FACE_OUTER_BOUND('',#2820,.T.);
#2820=EDGE_LOOP('',(#5069));
#2821=FACE_OUTER_BOUND('',#2822,.T.);
#2822=EDGE_LOOP('',(#5070));
#2823=CYLINDRICAL_SURFACE('',#2824,0.65);
#2824=AXIS2_PLACEMENT_3D('',#2825,#2826,#2827);
#2825=CARTESIAN_POINT('',(10.16,0.,1.65));
#2826=DIRECTION('',(0.,0.,1.));
#2827=DIRECTION('',(1.,0.,0.));
#2828=FACE_OUTER_BOUND('',#2829,.T.);
#2829=EDGE_LOOP('',(#5071));
#2830=FACE_OUTER_BOUND('',#2831,.T.);
#2831=EDGE_LOOP('',(#5072));
#2832=CYLINDRICAL_SURFACE('',#2833,0.65);
#2833=AXIS2_PLACEMENT_3D('',#2834,#2835,#2836);
#2834=CARTESIAN_POINT('',(12.7,0.,1.65));
#2835=DIRECTION('',(0.,0.,1.));
#2836=DIRECTION('',(1.,0.,0.));
#2837=FACE_OUTER_BOUND('',#2838,.T.);
#2838=EDGE_LOOP('',(#5073));
#2839=FACE_OUTER_BOUND('',#2840,.T.);
#2840=EDGE_LOOP('',(#5074));
#2841=CYLINDRICAL_SURFACE('',#2842,0.65);
#2842=AXIS2_PLACEMENT_3D('',#2843,#2844,#2845);
#2843=CARTESIAN_POINT('',(7.62,0.,1.65));
#2844=DIRECTION('',(0.,0.,1.));
#2845=DIRECTION('',(1.,0.,0.));
#2846=FACE_OUTER_BOUND('',#2847,.T.);
#2847=EDGE_LOOP('',(#5075));
#2848=FACE_OUTER_BOUND('',#2849,.T.);
#2849=EDGE_LOOP('',(#5076));
#2850=CYLINDRICAL_SURFACE('',#2851,0.65);
#2851=AXIS2_PLACEMENT_3D('',#2852,#2853,#2854);
#2852=CARTESIAN_POINT('',(5.08,0.,1.65));
#2853=DIRECTION('',(0.,0.,1.));
#2854=DIRECTION('',(1.,0.,0.));
#2855=FACE_OUTER_BOUND('',#2856,.T.);
#2856=EDGE_LOOP('',(#5077));
#2857=FACE_OUTER_BOUND('',#2858,.T.);
#2858=EDGE_LOOP('',(#5078));
#2859=CYLINDRICAL_SURFACE('',#2860,0.65);
#2860=AXIS2_PLACEMENT_3D('',#2861,#2862,#2863);
#2861=CARTESIAN_POINT('',(2.54,0.,1.65));
#2862=DIRECTION('',(0.,0.,1.));
#2863=DIRECTION('',(1.,0.,0.));
#2864=FACE_BOUND('',#2865,.T.);
#2865=EDGE_LOOP('',(#5079,#5080,#5081,#5082,#5083,#5084,#5085,#5086,#5087,#5088,
#5089,#5090,#5091,#5092,#5093,#5094,#5095,#5096,#5097,#5098,#5099,#5100,#5101,#5102,
#5103,#5104,#5105,#5106,#5107,#5108,#5109,#5110,#5111,#5112,#5113,#5114,#5115,#5116,
#5117,#5118,#5119,#5120,#5121,#5122,#5123,#5124,#5125,#5126,#5127,#5128,#5129,#5130));
#2866=FACE_BOUND('',#2867,.T.);
#2867=EDGE_LOOP('',(#5131));
#2868=FACE_BOUND('',#2869,.T.);
#2869=EDGE_LOOP('',(#5132));
#2870=FACE_BOUND('',#2871,.T.);
#2871=EDGE_LOOP('',(#5133));
#2872=FACE_BOUND('',#2873,.T.);
#2873=EDGE_LOOP('',(#5134));
#2874=FACE_BOUND('',#2875,.T.);
#2875=EDGE_LOOP('',(#5135));
#2876=FACE_BOUND('',#2877,.T.);
#2877=EDGE_LOOP('',(#5136));
#2878=PLANE('',#2879);
#2879=AXIS2_PLACEMENT_3D('',#2880,#2881,#2882);
#2880=CARTESIAN_POINT('',(0.,0.,4.65));
#2881=DIRECTION('',(0.,0.,1.));
#2882=DIRECTION('',(1.,0.,0.));
#2883=FACE_BOUND('',#2884,.T.);
#2884=EDGE_LOOP('',(#5137));
#2885=FACE_BOUND('',#2886,.T.);
#2886=EDGE_LOOP('',(#5138));
#2887=PLANE('',#2888);
#2888=AXIS2_PLACEMENT_3D('',#2889,#2890,#2891);
#2889=CARTESIAN_POINT('',(12.7,0.,3.85));
#2890=DIRECTION('',(0.,0.,1.));
#2891=DIRECTION('',(1.,0.,0.));
#2892=FACE_OUTER_BOUND('',#2893,.T.);
#2893=EDGE_LOOP('',(#5139));
#2894=FACE_OUTER_BOUND('',#2895,.T.);
#2895=EDGE_LOOP('',(#5140));
#2896=CYLINDRICAL_SURFACE('',#2897,0.9);
#2897=AXIS2_PLACEMENT_3D('',#2898,#2899,#2900);
#2898=CARTESIAN_POINT('',(12.7,0.,3.85));
#2899=DIRECTION('',(0.,0.,1.));
#2900=DIRECTION('',(1.,0.,0.));
#2901=FACE_BOUND('',#2902,.T.);
#2902=EDGE_LOOP('',(#5141));
#2903=FACE_BOUND('',#2904,.T.);
#2904=EDGE_LOOP('',(#5142));
#2905=PLANE('',#2906);
#2906=AXIS2_PLACEMENT_3D('',#2907,#2908,#2909);
#2907=CARTESIAN_POINT('',(10.16,0.,3.85));
#2908=DIRECTION('',(0.,0.,1.));
#2909=DIRECTION('',(1.,0.,0.));
#2910=FACE_OUTER_BOUND('',#2911,.T.);
#2911=EDGE_LOOP('',(#5143));
#2912=FACE_OUTER_BOUND('',#2913,.T.);
#2913=EDGE_LOOP('',(#5144));
#2914=CYLINDRICAL_SURFACE('',#2915,0.9);
#2915=AXIS2_PLACEMENT_3D('',#2916,#2917,#2918);
#2916=CARTESIAN_POINT('',(10.16,0.,3.85));
#2917=DIRECTION('',(0.,0.,1.));
#2918=DIRECTION('',(1.,0.,0.));
#2919=FACE_BOUND('',#2920,.T.);
#2920=EDGE_LOOP('',(#5145));
#2921=FACE_BOUND('',#2922,.T.);
#2922=EDGE_LOOP('',(#5146));
#2923=PLANE('',#2924);
#2924=AXIS2_PLACEMENT_3D('',#2925,#2926,#2927);
#2925=CARTESIAN_POINT('',(7.62,0.,3.85));
#2926=DIRECTION('',(0.,0.,1.));
#2927=DIRECTION('',(1.,0.,0.));
#2928=FACE_OUTER_BOUND('',#2929,.T.);
#2929=EDGE_LOOP('',(#5147));
#2930=FACE_OUTER_BOUND('',#2931,.T.);
#2931=EDGE_LOOP('',(#5148));
#2932=CYLINDRICAL_SURFACE('',#2933,0.9);
#2933=AXIS2_PLACEMENT_3D('',#2934,#2935,#2936);
#2934=CARTESIAN_POINT('',(7.62,0.,3.85));
#2935=DIRECTION('',(0.,0.,1.));
#2936=DIRECTION('',(1.,0.,0.));
#2937=FACE_BOUND('',#2938,.T.);
#2938=EDGE_LOOP('',(#5149));
#2939=FACE_BOUND('',#2940,.T.);
#2940=EDGE_LOOP('',(#5150));
#2941=PLANE('',#2942);
#2942=AXIS2_PLACEMENT_3D('',#2943,#2944,#2945);
#2943=CARTESIAN_POINT('',(5.08,0.,3.85));
#2944=DIRECTION('',(0.,0.,1.));
#2945=DIRECTION('',(1.,0.,0.));
#2946=FACE_OUTER_BOUND('',#2947,.T.);
#2947=EDGE_LOOP('',(#5151));
#2948=FACE_OUTER_BOUND('',#2949,.T.);
#2949=EDGE_LOOP('',(#5152));
#2950=CYLINDRICAL_SURFACE('',#2951,0.9);
#2951=AXIS2_PLACEMENT_3D('',#2952,#2953,#2954);
#2952=CARTESIAN_POINT('',(5.08,0.,3.85));
#2953=DIRECTION('',(0.,0.,1.));
#2954=DIRECTION('',(1.,0.,0.));
#2955=FACE_BOUND('',#2956,.T.);
#2956=EDGE_LOOP('',(#5153));
#2957=FACE_BOUND('',#2958,.T.);
#2958=EDGE_LOOP('',(#5154));
#2959=PLANE('',#2960);
#2960=AXIS2_PLACEMENT_3D('',#2961,#2962,#2963);
#2961=CARTESIAN_POINT('',(2.54,0.,3.85));
#2962=DIRECTION('',(0.,0.,1.));
#2963=DIRECTION('',(1.,0.,0.));
#2964=FACE_OUTER_BOUND('',#2965,.T.);
#2965=EDGE_LOOP('',(#5155));
#2966=FACE_OUTER_BOUND('',#2967,.T.);
#2967=EDGE_LOOP('',(#5156));
#2968=CYLINDRICAL_SURFACE('',#2969,0.9);
#2969=AXIS2_PLACEMENT_3D('',#2970,#2971,#2972);
#2970=CARTESIAN_POINT('',(2.54,0.,3.85));
#2971=DIRECTION('',(0.,0.,1.));
#2972=DIRECTION('',(1.,0.,0.));
#2973=FACE_BOUND('',#2974,.T.);
#2974=EDGE_LOOP('',(#5157,#5158,#5159,#5160,#5161,#5162,#5163,#5164,#5165,#5166,
#5167,#5168,#5169,#5170,#5171,#5172,#5173,#5174,#5175,#5176,#5177,#5178,#5179,#5180,
#5181,#5182,#5183,#5184,#5185,#5186,#5187,#5188,#5189,#5190,#5191,#5192,#5193,#5194,
#5195,#5196,#5197,#5198,#5199,#5200,#5201,#5202,#5203,#5204,#5205,#5206,#5207,#5208));
#2975=FACE_BOUND('',#2976,.T.);
#2976=EDGE_LOOP('',(#5209));
#2977=FACE_BOUND('',#2978,.T.);
#2978=EDGE_LOOP('',(#5210));
#2979=FACE_BOUND('',#2980,.T.);
#2980=EDGE_LOOP('',(#5211));
#2981=FACE_BOUND('',#2982,.T.);
#2982=EDGE_LOOP('',(#5212));
#2983=FACE_BOUND('',#2984,.T.);
#2984=EDGE_LOOP('',(#5213));
#2985=FACE_BOUND('',#2986,.T.);
#2986=EDGE_LOOP('',(#5214));
#2987=PLANE('',#2988);
#2988=AXIS2_PLACEMENT_3D('',#2989,#2990,#2991);
#2989=CARTESIAN_POINT('',(0.,0.,1.65));
#2990=DIRECTION('',(0.,0.,1.));
#2991=DIRECTION('',(1.,0.,0.));
#2992=FACE_BOUND('',#2993,.T.);
#2993=EDGE_LOOP('',(#5215,#5216,#5217,#5218));
#2994=PLANE('',#2995);
#2995=AXIS2_PLACEMENT_3D('',#2996,#2997,#2998);
#2996=CARTESIAN_POINT('',(1.12,0.75,1.65));
#2997=DIRECTION('',(0.866025403784438,0.5,-0.));
#2998=DIRECTION('',(-0.5,0.866025403784438,0.));
#2999=FACE_BOUND('',#3000,.T.);
#3000=EDGE_LOOP('',(#5219,#5220,#5221,#5222));
#3001=PLANE('',#3002);
#3002=AXIS2_PLACEMENT_3D('',#3003,#3004,#3005);
#3003=CARTESIAN_POINT('',(0.819777860021394,1.27,1.65));
#3004=DIRECTION('',(0.,1.,-0.));
#3005=DIRECTION('',(-1.,0.,0.));
#3006=FACE_BOUND('',#3007,.T.);
#3007=EDGE_LOOP('',(#5223,#5224,#5225,#5226));
#3008=PLANE('',#3009);
#3009=AXIS2_PLACEMENT_3D('',#3010,#3011,#3012);
#3010=CARTESIAN_POINT('',(-0.819777860021395,1.27,1.65));
#3011=DIRECTION('',(-0.866025403784438,0.5,0.));
#3012=DIRECTION('',(-0.5,-0.866025403784439,0.));
#3013=FACE_BOUND('',#3014,.T.);
#3014=EDGE_LOOP('',(#5227,#5228,#5229,#5230));
#3015=PLANE('',#3016);
#3016=AXIS2_PLACEMENT_3D('',#3017,#3018,#3019);
#3017=CARTESIAN_POINT('',(-1.12,0.75,1.65));
#3018=DIRECTION('',(0.,1.,-0.));
#3019=DIRECTION('',(-1.,0.,0.));
#3020=FACE_BOUND('',#3021,.T.);
#3021=EDGE_LOOP('',(#5231,#5232,#5233,#5234));
#3022=PLANE('',#3023);
#3023=AXIS2_PLACEMENT_3D('',#3024,#3025,#3026);
#3024=CARTESIAN_POINT('',(-1.27,0.75,1.65));
#3025=DIRECTION('',(-1.,0.,0.));
#3026=DIRECTION('',(0.,-1.,0.));
#3027=FACE_BOUND('',#3028,.T.);
#3028=EDGE_LOOP('',(#5235,#5236,#5237,#5238));
#3029=PLANE('',#3030);
#3030=AXIS2_PLACEMENT_3D('',#3031,#3032,#3033);
#3031=CARTESIAN_POINT('',(-1.27,-0.75,1.65));
#3032=DIRECTION('',(0.,-1.,0.));
#3033=DIRECTION('',(1.,0.,0.));
#3034=FACE_BOUND('',#3035,.T.);
#3035=EDGE_LOOP('',(#5239,#5240,#5241,#5242));
#3036=PLANE('',#3037);
#3037=AXIS2_PLACEMENT_3D('',#3038,#3039,#3040);
#3038=CARTESIAN_POINT('',(-1.12,-0.75,1.65));
#3039=DIRECTION('',(-0.866025403784438,-0.5,0.));
#3040=DIRECTION('',(0.5,-0.866025403784438,0.));
#3041=FACE_BOUND('',#3042,.T.);
#3042=EDGE_LOOP('',(#5243,#5244,#5245,#5246));
#3043=PLANE('',#3044);
#3044=AXIS2_PLACEMENT_3D('',#3045,#3046,#3047);
#3045=CARTESIAN_POINT('',(-0.819777860021394,-1.27,1.65));
#3046=DIRECTION('',(0.,-1.,0.));
#3047=DIRECTION('',(1.,0.,0.));
#3048=FACE_BOUND('',#3049,.T.);
#3049=EDGE_LOOP('',(#5247,#5248,#5249,#5250));
#3050=PLANE('',#3051);
#3051=AXIS2_PLACEMENT_3D('',#3052,#3053,#3054);
#3052=CARTESIAN_POINT('',(0.819777860021395,-1.27,1.65));
#3053=DIRECTION('',(0.866025403784438,-0.5,0.));
#3054=DIRECTION('',(0.5,0.866025403784439,0.));
#3055=FACE_BOUND('',#3056,.T.);
#3056=EDGE_LOOP('',(#5251,#5252,#5253,#5254));
#3057=PLANE('',#3058);
#3058=AXIS2_PLACEMENT_3D('',#3059,#3060,#3061);
#3059=CARTESIAN_POINT('',(1.12,-0.75,1.65));
#3060=DIRECTION('',(0.,-1.,0.));
#3061=DIRECTION('',(1.,0.,0.));
#3062=FACE_BOUND('',#3063,.T.);
#3063=EDGE_LOOP('',(#5255,#5256,#5257,#5258));
#3064=PLANE('',#3065);
#3065=AXIS2_PLACEMENT_3D('',#3066,#3067,#3068);
#3066=CARTESIAN_POINT('',(1.42,-0.75,1.65));
#3067=DIRECTION('',(-0.866025403784438,-0.5,0.));
#3068=DIRECTION('',(0.5,-0.866025403784438,0.));
#3069=FACE_BOUND('',#3070,.T.);
#3070=EDGE_LOOP('',(#5259,#5260,#5261,#5262));
#3071=PLANE('',#3072);
#3072=AXIS2_PLACEMENT_3D('',#3073,#3074,#3075);
#3073=CARTESIAN_POINT('',(1.72022213997861,-1.27,1.65));
#3074=DIRECTION('',(0.,-1.,0.));
#3075=DIRECTION('',(1.,0.,0.));
#3076=FACE_BOUND('',#3077,.T.);
#3077=EDGE_LOOP('',(#5263,#5264,#5265,#5266));
#3078=PLANE('',#3079);
#3079=AXIS2_PLACEMENT_3D('',#3080,#3081,#3082);
#3080=CARTESIAN_POINT('',(3.35977786002139,-1.27,1.65));
#3081=DIRECTION('',(0.866025403784438,-0.5,0.));
#3082=DIRECTION('',(0.5,0.866025403784439,0.));
#3083=FACE_BOUND('',#3084,.T.);
#3084=EDGE_LOOP('',(#5267,#5268,#5269,#5270));
#3085=PLANE('',#3086);
#3086=AXIS2_PLACEMENT_3D('',#3087,#3088,#3089);
#3087=CARTESIAN_POINT('',(3.66,-0.75,1.65));
#3088=DIRECTION('',(0.,-1.,0.));
#3089=DIRECTION('',(1.,0.,0.));
#3090=FACE_BOUND('',#3091,.T.);
#3091=EDGE_LOOP('',(#5271,#5272,#5273,#5274));
#3092=PLANE('',#3093);
#3093=AXIS2_PLACEMENT_3D('',#3094,#3095,#3096);
#3094=CARTESIAN_POINT('',(3.96,-0.75,1.65));
#3095=DIRECTION('',(-0.866025403784438,-0.5,0.));
#3096=DIRECTION('',(0.5,-0.866025403784438,0.));
#3097=FACE_BOUND('',#3098,.T.);
#3098=EDGE_LOOP('',(#5275,#5276,#5277,#5278));
#3099=PLANE('',#3100);
#3100=AXIS2_PLACEMENT_3D('',#3101,#3102,#3103);
#3101=CARTESIAN_POINT('',(4.26022213997861,-1.27,1.65));
#3102=DIRECTION('',(0.,-1.,0.));
#3103=DIRECTION('',(1.,0.,0.));
#3104=FACE_BOUND('',#3105,.T.);
#3105=EDGE_LOOP('',(#5279,#5280,#5281,#5282));
#3106=PLANE('',#3107);
#3107=AXIS2_PLACEMENT_3D('',#3108,#3109,#3110);
#3108=CARTESIAN_POINT('',(5.89977786002139,-1.27,1.65));
#3109=DIRECTION('',(0.866025403784438,-0.5,0.));
#3110=DIRECTION('',(0.5,0.866025403784439,0.));
#3111=FACE_BOUND('',#3112,.T.);
#3112=EDGE_LOOP('',(#5283,#5284,#5285,#5286));
#3113=PLANE('',#3114);
#3114=AXIS2_PLACEMENT_3D('',#3115,#3116,#3117);
#3115=CARTESIAN_POINT('',(6.2,-0.75,1.65));
#3116=DIRECTION('',(0.,-1.,0.));
#3117=DIRECTION('',(1.,0.,0.));
#3118=FACE_BOUND('',#3119,.T.);
#3119=EDGE_LOOP('',(#5287,#5288,#5289,#5290));
#3120=PLANE('',#3121);
#3121=AXIS2_PLACEMENT_3D('',#3122,#3123,#3124);
#3122=CARTESIAN_POINT('',(6.5,-0.75,1.65));
#3123=DIRECTION('',(-0.866025403784438,-0.5,0.));
#3124=DIRECTION('',(0.5,-0.866025403784438,0.));
#3125=FACE_BOUND('',#3126,.T.);
#3126=EDGE_LOOP('',(#5291,#5292,#5293,#5294));
#3127=PLANE('',#3128);
#3128=AXIS2_PLACEMENT_3D('',#3129,#3130,#3131);
#3129=CARTESIAN_POINT('',(6.80022213997861,-1.27,1.65));
#3130=DIRECTION('',(0.,-1.,0.));
#3131=DIRECTION('',(1.,0.,0.));
#3132=FACE_BOUND('',#3133,.T.);
#3133=EDGE_LOOP('',(#5295,#5296,#5297,#5298));
#3134=PLANE('',#3135);
#3135=AXIS2_PLACEMENT_3D('',#3136,#3137,#3138);
#3136=CARTESIAN_POINT('',(8.43977786002139,-1.27,1.65));
#3137=DIRECTION('',(0.866025403784438,-0.5,0.));
#3138=DIRECTION('',(0.5,0.866025403784439,0.));
#3139=FACE_BOUND('',#3140,.T.);
#3140=EDGE_LOOP('',(#5299,#5300,#5301,#5302));
#3141=PLANE('',#3142);
#3142=AXIS2_PLACEMENT_3D('',#3143,#3144,#3145);
#3143=CARTESIAN_POINT('',(8.74,-0.75,1.65));
#3144=DIRECTION('',(0.,-1.,0.));
#3145=DIRECTION('',(1.,0.,0.));
#3146=FACE_BOUND('',#3147,.T.);
#3147=EDGE_LOOP('',(#5303,#5304,#5305,#5306));
#3148=PLANE('',#3149);
#3149=AXIS2_PLACEMENT_3D('',#3150,#3151,#3152);
#3150=CARTESIAN_POINT('',(9.04,-0.75,1.65));
#3151=DIRECTION('',(-0.866025403784438,-0.5,0.));
#3152=DIRECTION('',(0.5,-0.866025403784438,0.));
#3153=FACE_BOUND('',#3154,.T.);
#3154=EDGE_LOOP('',(#5307,#5308,#5309,#5310));
#3155=PLANE('',#3156);
#3156=AXIS2_PLACEMENT_3D('',#3157,#3158,#3159);
#3157=CARTESIAN_POINT('',(9.34022213997861,-1.27,1.65));
#3158=DIRECTION('',(0.,-1.,0.));
#3159=DIRECTION('',(1.,0.,0.));
#3160=FACE_BOUND('',#3161,.T.);
#3161=EDGE_LOOP('',(#5311,#5312,#5313,#5314));
#3162=PLANE('',#3163);
#3163=AXIS2_PLACEMENT_3D('',#3164,#3165,#3166);
#3164=CARTESIAN_POINT('',(10.9797778600214,-1.27,1.65));
#3165=DIRECTION('',(0.866025403784438,-0.5,0.));
#3166=DIRECTION('',(0.5,0.866025403784439,0.));
#3167=FACE_BOUND('',#3168,.T.);
#3168=EDGE_LOOP('',(#5315,#5316,#5317,#5318));
#3169=PLANE('',#3170);
#3170=AXIS2_PLACEMENT_3D('',#3171,#3172,#3173);
#3171=CARTESIAN_POINT('',(11.43,-0.75,1.65));
#3172=DIRECTION('',(0.,-1.,0.));
#3173=DIRECTION('',(1.,0.,0.));
#3174=FACE_BOUND('',#3175,.T.);
#3175=EDGE_LOOP('',(#5319,#5320,#5321,#5322));
#3176=PLANE('',#3177);
#3177=AXIS2_PLACEMENT_3D('',#3178,#3179,#3180);
#3178=CARTESIAN_POINT('',(11.58,-0.75,1.65));
#3179=DIRECTION('',(-0.866025403784438,-0.5,0.));
#3180=DIRECTION('',(0.5,-0.866025403784438,0.));
#3181=FACE_BOUND('',#3182,.T.);
#3182=EDGE_LOOP('',(#5323,#5324,#5325,#5326));
#3183=PLANE('',#3184);
#3184=AXIS2_PLACEMENT_3D('',#3185,#3186,#3187);
#3185=CARTESIAN_POINT('',(11.8802221399786,-1.27,1.65));
#3186=DIRECTION('',(0.,-1.,0.));
#3187=DIRECTION('',(1.,0.,0.));
#3188=FACE_BOUND('',#3189,.T.);
#3189=EDGE_LOOP('',(#5327,#5328,#5329,#5330));
#3190=PLANE('',#3191);
#3191=AXIS2_PLACEMENT_3D('',#3192,#3193,#3194);
#3192=CARTESIAN_POINT('',(13.5197778600214,-1.27,1.65));
#3193=DIRECTION('',(0.866025403784438,-0.5,0.));
#3194=DIRECTION('',(0.5,0.866025403784439,0.));
#3195=FACE_BOUND('',#3196,.T.);
#3196=EDGE_LOOP('',(#5331,#5332,#5333,#5334));
#3197=PLANE('',#3198);
#3198=AXIS2_PLACEMENT_3D('',#3199,#3200,#3201);
#3199=CARTESIAN_POINT('',(13.82,-0.75,1.65));
#3200=DIRECTION('',(0.,-1.,0.));
#3201=DIRECTION('',(1.,0.,0.));
#3202=FACE_BOUND('',#3203,.T.);
#3203=EDGE_LOOP('',(#5335,#5336,#5337,#5338));
#3204=PLANE('',#3205);
#3205=AXIS2_PLACEMENT_3D('',#3206,#3207,#3208);
#3206=CARTESIAN_POINT('',(13.97,-0.75,1.65));
#3207=DIRECTION('',(1.,0.,0.));
#3208=DIRECTION('',(0.,1.,0.));
#3209=FACE_BOUND('',#3210,.T.);
#3210=EDGE_LOOP('',(#5339,#5340,#5341,#5342));
#3211=PLANE('',#3212);
#3212=AXIS2_PLACEMENT_3D('',#3213,#3214,#3215);
#3213=CARTESIAN_POINT('',(13.97,0.75,1.65));
#3214=DIRECTION('',(0.,1.,-0.));
#3215=DIRECTION('',(-1.,0.,0.));
#3216=FACE_BOUND('',#3217,.T.);
#3217=EDGE_LOOP('',(#5343,#5344,#5345,#5346));
#3218=PLANE('',#3219);
#3219=AXIS2_PLACEMENT_3D('',#3220,#3221,#3222);
#3220=CARTESIAN_POINT('',(13.82,0.75,1.65));
#3221=DIRECTION('',(0.866025403784438,0.5,-0.));
#3222=DIRECTION('',(-0.5,0.866025403784438,0.));
#3223=FACE_BOUND('',#3224,.T.);
#3224=EDGE_LOOP('',(#5347,#5348,#5349,#5350));
#3225=PLANE('',#3226);
#3226=AXIS2_PLACEMENT_3D('',#3227,#3228,#3229);
#3227=CARTESIAN_POINT('',(13.5197778600214,1.27,1.65));
#3228=DIRECTION('',(0.,1.,-0.));
#3229=DIRECTION('',(-1.,0.,0.));
#3230=FACE_BOUND('',#3231,.T.);
#3231=EDGE_LOOP('',(#5351,#5352,#5353,#5354));
#3232=PLANE('',#3233);
#3233=AXIS2_PLACEMENT_3D('',#3234,#3235,#3236);
#3234=CARTESIAN_POINT('',(11.8802221399786,1.27,1.65));
#3235=DIRECTION('',(-0.866025403784438,0.5,0.));
#3236=DIRECTION('',(-0.5,-0.866025403784439,0.));
#3237=FACE_BOUND('',#3238,.T.);
#3238=EDGE_LOOP('',(#5355,#5356,#5357,#5358));
#3239=PLANE('',#3240);
#3240=AXIS2_PLACEMENT_3D('',#3241,#3242,#3243);
#3241=CARTESIAN_POINT('',(11.58,0.75,1.65));
#3242=DIRECTION('',(0.,1.,-0.));
#3243=DIRECTION('',(-1.,0.,0.));
#3244=FACE_BOUND('',#3245,.T.);
#3245=EDGE_LOOP('',(#5359,#5360,#5361,#5362));
#3246=PLANE('',#3247);
#3247=AXIS2_PLACEMENT_3D('',#3248,#3249,#3250);
#3248=CARTESIAN_POINT('',(11.28,0.75,1.65));
#3249=DIRECTION('',(0.866025403784438,0.5,-0.));
#3250=DIRECTION('',(-0.5,0.866025403784438,0.));
#3251=FACE_BOUND('',#3252,.T.);
#3252=EDGE_LOOP('',(#5363,#5364,#5365,#5366));
#3253=PLANE('',#3254);
#3254=AXIS2_PLACEMENT_3D('',#3255,#3256,#3257);
#3255=CARTESIAN_POINT('',(10.9797778600214,1.27,1.65));
#3256=DIRECTION('',(0.,1.,-0.));
#3257=DIRECTION('',(-1.,0.,0.));
#3258=FACE_BOUND('',#3259,.T.);
#3259=EDGE_LOOP('',(#5367,#5368,#5369,#5370));
#3260=PLANE('',#3261);
#3261=AXIS2_PLACEMENT_3D('',#3262,#3263,#3264);
#3262=CARTESIAN_POINT('',(9.34022213997861,1.27,1.65));
#3263=DIRECTION('',(-0.866025403784438,0.5,0.));
#3264=DIRECTION('',(-0.5,-0.866025403784439,0.));
#3265=FACE_BOUND('',#3266,.T.);
#3266=EDGE_LOOP('',(#5371,#5372,#5373,#5374));
#3267=PLANE('',#3268);
#3268=AXIS2_PLACEMENT_3D('',#3269,#3270,#3271);
#3269=CARTESIAN_POINT('',(8.89,0.75,1.65));
#3270=DIRECTION('',(0.,1.,-0.));
#3271=DIRECTION('',(-1.,0.,0.));
#3272=FACE_BOUND('',#3273,.T.);
#3273=EDGE_LOOP('',(#5375,#5376,#5377,#5378));
#3274=PLANE('',#3275);
#3275=AXIS2_PLACEMENT_3D('',#3276,#3277,#3278);
#3276=CARTESIAN_POINT('',(8.74,0.75,1.65));
#3277=DIRECTION('',(0.866025403784438,0.5,-0.));
#3278=DIRECTION('',(-0.5,0.866025403784438,0.));
#3279=FACE_BOUND('',#3280,.T.);
#3280=EDGE_LOOP('',(#5379,#5380,#5381,#5382));
#3281=PLANE('',#3282);
#3282=AXIS2_PLACEMENT_3D('',#3283,#3284,#3285);
#3283=CARTESIAN_POINT('',(8.43977786002139,1.27,1.65));
#3284=DIRECTION('',(0.,1.,-0.));
#3285=DIRECTION('',(-1.,0.,0.));
#3286=FACE_BOUND('',#3287,.T.);
#3287=EDGE_LOOP('',(#5383,#5384,#5385,#5386));
#3288=PLANE('',#3289);
#3289=AXIS2_PLACEMENT_3D('',#3290,#3291,#3292);
#3290=CARTESIAN_POINT('',(6.80022213997861,1.27,1.65));
#3291=DIRECTION('',(-0.866025403784438,0.5,0.));
#3292=DIRECTION('',(-0.5,-0.866025403784439,0.));
#3293=FACE_BOUND('',#3294,.T.);
#3294=EDGE_LOOP('',(#5387,#5388,#5389,#5390));
#3295=PLANE('',#3296);
#3296=AXIS2_PLACEMENT_3D('',#3297,#3298,#3299);
#3297=CARTESIAN_POINT('',(6.35,0.75,1.65));
#3298=DIRECTION('',(0.,1.,-0.));
#3299=DIRECTION('',(-1.,0.,0.));
#3300=FACE_BOUND('',#3301,.T.);
#3301=EDGE_LOOP('',(#5391,#5392,#5393,#5394));
#3302=PLANE('',#3303);
#3303=AXIS2_PLACEMENT_3D('',#3304,#3305,#3306);
#3304=CARTESIAN_POINT('',(6.2,0.75,1.65));
#3305=DIRECTION('',(0.866025403784438,0.5,-0.));
#3306=DIRECTION('',(-0.5,0.866025403784438,0.));
#3307=FACE_BOUND('',#3308,.T.);
#3308=EDGE_LOOP('',(#5395,#5396,#5397,#5398));
#3309=PLANE('',#3310);
#3310=AXIS2_PLACEMENT_3D('',#3311,#3312,#3313);
#3311=CARTESIAN_POINT('',(5.89977786002139,1.27,1.65));
#3312=DIRECTION('',(0.,1.,-0.));
#3313=DIRECTION('',(-1.,0.,0.));
#3314=FACE_BOUND('',#3315,.T.);
#3315=EDGE_LOOP('',(#5399,#5400,#5401,#5402));
#3316=PLANE('',#3317);
#3317=AXIS2_PLACEMENT_3D('',#3318,#3319,#3320);
#3318=CARTESIAN_POINT('',(4.26022213997861,1.27,1.65));
#3319=DIRECTION('',(-0.866025403784438,0.5,0.));
#3320=DIRECTION('',(-0.5,-0.866025403784439,0.));
#3321=FACE_BOUND('',#3322,.T.);
#3322=EDGE_LOOP('',(#5403,#5404,#5405,#5406));
#3323=PLANE('',#3324);
#3324=AXIS2_PLACEMENT_3D('',#3325,#3326,#3327);
#3325=CARTESIAN_POINT('',(3.81,0.75,1.65));
#3326=DIRECTION('',(0.,1.,-0.));
#3327=DIRECTION('',(-1.,0.,0.));
#3328=FACE_BOUND('',#3329,.T.);
#3329=EDGE_LOOP('',(#5407,#5408,#5409,#5410));
#3330=PLANE('',#3331);
#3331=AXIS2_PLACEMENT_3D('',#3332,#3333,#3334);
#3332=CARTESIAN_POINT('',(3.66,0.75,1.65));
#3333=DIRECTION('',(0.866025403784438,0.5,-0.));
#3334=DIRECTION('',(-0.5,0.866025403784438,0.));
#3335=FACE_BOUND('',#3336,.T.);
#3336=EDGE_LOOP('',(#5411,#5412,#5413,#5414));
#3337=PLANE('',#3338);
#3338=AXIS2_PLACEMENT_3D('',#3339,#3340,#3341);
#3339=CARTESIAN_POINT('',(3.35977786002139,1.27,1.65));
#3340=DIRECTION('',(0.,1.,-0.));
#3341=DIRECTION('',(-1.,0.,0.));
#3342=FACE_BOUND('',#3343,.T.);
#3343=EDGE_LOOP('',(#5415,#5416,#5417,#5418));
#3344=PLANE('',#3345);
#3345=AXIS2_PLACEMENT_3D('',#3346,#3347,#3348);
#3346=CARTESIAN_POINT('',(1.72022213997861,1.27,1.65));
#3347=DIRECTION('',(-0.866025403784438,0.5,0.));
#3348=DIRECTION('',(-0.5,-0.866025403784439,0.));
#3349=FACE_BOUND('',#3350,.T.);
#3350=EDGE_LOOP('',(#5419,#5420,#5421,#5422));
#3351=PLANE('',#3352);
#3352=AXIS2_PLACEMENT_3D('',#3353,#3354,#3355);
#3353=CARTESIAN_POINT('',(1.27,0.75,1.65));
#3354=DIRECTION('',(0.,1.,-0.));
#3355=DIRECTION('',(-1.,0.,0.));
#3356=FACE_OUTER_BOUND('',#3357,.T.);
#3357=EDGE_LOOP('',(#5423));
#3358=FACE_OUTER_BOUND('',#3359,.T.);
#3359=EDGE_LOOP('',(#5424));
#3360=CYLINDRICAL_SURFACE('',#3361,0.9);
#3361=AXIS2_PLACEMENT_3D('',#3362,#3363,#3364);
#3362=CARTESIAN_POINT('',(0.,0.,3.85));
#3363=DIRECTION('',(0.,0.,1.));
#3364=DIRECTION('',(1.,0.,0.));
#3365=FACE_OUTER_BOUND('',#3366,.T.);
#3366=EDGE_LOOP('',(#5425));
#3367=FACE_OUTER_BOUND('',#3368,.T.);
#3368=EDGE_LOOP('',(#5426));
#3369=CYLINDRICAL_SURFACE('',#3370,0.65);
#3370=AXIS2_PLACEMENT_3D('',#3371,#3372,#3373);
#3371=CARTESIAN_POINT('',(0.,0.,1.65));
#3372=DIRECTION('',(0.,0.,1.));
#3373=DIRECTION('',(1.,0.,0.));
#3374=FACE_BOUND('',#3375,.T.);
#3375=EDGE_LOOP('',(#5427));
#3376=FACE_BOUND('',#3377,.T.);
#3377=EDGE_LOOP('',(#5428));
#3378=PLANE('',#3379);
#3379=AXIS2_PLACEMENT_3D('',#3380,#3381,#3382);
#3380=CARTESIAN_POINT('',(0.,0.,3.85));
#3381=DIRECTION('',(0.,0.,1.));
#3382=DIRECTION('',(1.,0.,0.));
#3383=FACE_OUTER_BOUND('',#3384,.T.);
#3384=EDGE_LOOP('',(#5429));
#3385=CONICAL_SURFACE('',#3386,0.25,0.785398163397448);
#3386=AXIS2_PLACEMENT_3D('',#3387,#3388,#3389);
#3387=CARTESIAN_POINT('',(-1.53080849893419E-017,-1.53080849893419E-017,0.250000000000001));
#3388=DIRECTION('',(-6.12323399573676E-017,-6.12323399573677E-017,1.));
#3389=DIRECTION('',(-1.,-1.22464679914735E-016,-6.12323399573676E-017));
#3390=FACE_OUTER_BOUND('',#3391,.T.);
#3391=EDGE_LOOP('',(#5430));
#3392=FACE_OUTER_BOUND('',#3393,.T.);
#3393=EDGE_LOOP('',(#5431));
#3394=CYLINDRICAL_SURFACE('',#3395,0.5);
#3395=AXIS2_PLACEMENT_3D('',#3396,#3397,#3398);
#3396=CARTESIAN_POINT('',(-2.66360678814549E-016,-2.66360678814549E-016,4.35));
#3397=DIRECTION('',(-6.12323399573677E-017,-6.12323399573677E-017,1.));
#3398=DIRECTION('',(-1.,-1.22464679914735E-016,-6.12323399573677E-017));
#3399=FACE_OUTER_BOUND('',#3400,.T.);
#3400=EDGE_LOOP('',(#5432));
#3401=FACE_OUTER_BOUND('',#3402,.T.);
#3402=EDGE_LOOP('',(#5433));
#3403=CONICAL_SURFACE('',#3404,0.65,0.785398163397449);
#3404=AXIS2_PLACEMENT_3D('',#3405,#3406,#3407);
#3405=CARTESIAN_POINT('',(-2.75545529808154E-016,-2.75545529808154E-016,4.5));
#3406=DIRECTION('',(-6.12323399573677E-017,-6.12323399573677E-017,1.));
#3407=DIRECTION('',(-1.,-1.22464679914735E-016,-6.12323399573677E-017));
#3408=FACE_BOUND('',#3409,.T.);
#3409=EDGE_LOOP('',(#5434));
#3410=FACE_BOUND('',#3411,.T.);
#3411=EDGE_LOOP('',(#5435));
#3412=PLANE('',#3413);
#3413=AXIS2_PLACEMENT_3D('',#3414,#3415,#3416);
#3414=CARTESIAN_POINT('',(-2.8473038080176E-016,-2.8473038080176E-016,4.65));
#3415=DIRECTION('',(-6.12323399573677E-017,-6.12323399573677E-017,1.));
#3416=DIRECTION('',(-1.,-1.22464679914735E-016,-6.12323399573677E-017));
#3417=FACE_OUTER_BOUND('',#3418,.T.);
#3418=EDGE_LOOP('',(#5436));
#3419=FACE_OUTER_BOUND('',#3420,.T.);
#3420=EDGE_LOOP('',(#5437));
#3421=CYLINDRICAL_SURFACE('',#3422,0.9);
#3422=AXIS2_PLACEMENT_3D('',#3423,#3424,#3425);
#3423=CARTESIAN_POINT('',(-2.35744508835865E-016,-2.35744508835865E-016,3.85));
#3424=DIRECTION('',(-6.12323399573677E-017,-6.12323399573677E-017,1.));
#3425=DIRECTION('',(-1.,-1.22464679914735E-016,-6.12323399573677E-017));
#3426=FACE_BOUND('',#3427,.T.);
#3427=EDGE_LOOP('',(#5438));
#3428=FACE_BOUND('',#3429,.T.);
#3429=EDGE_LOOP('',(#5439));
#3430=PLANE('',#3431);
#3431=AXIS2_PLACEMENT_3D('',#3432,#3433,#3434);
#3432=CARTESIAN_POINT('',(-2.35744508835865E-016,-2.35744508835865E-016,3.85));
#3433=DIRECTION('',(6.12323399573677E-017,6.12323399573677E-017,-1.));
#3434=DIRECTION('',(-1.,-1.22464679914735E-016,-6.12323399573677E-017));
#3435=FACE_OUTER_BOUND('',#3436,.T.);
#3436=EDGE_LOOP('',(#5440));
#3437=FACE_OUTER_BOUND('',#3438,.T.);
#3438=EDGE_LOOP('',(#5441));
#3439=CYLINDRICAL_SURFACE('',#3440,0.65);
#3440=AXIS2_PLACEMENT_3D('',#3441,#3442,#3443);
#3441=CARTESIAN_POINT('',(-2.44929359829471E-017,-2.44929359829471E-017,0.400000000000001));
#3442=DIRECTION('',(-6.12323399573677E-017,-6.12323399573677E-017,1.));
#3443=DIRECTION('',(-1.,-1.22464679914735E-016,-6.12323399573677E-017));
#3444=FACE_OUTER_BOUND('',#3445,.T.);
#3445=EDGE_LOOP('',(#5442));
#3446=FACE_OUTER_BOUND('',#3447,.T.);
#3447=EDGE_LOOP('',(#5443));
#3448=CONICAL_SURFACE('',#3449,0.45,0.785398163397448);
#3449=AXIS2_PLACEMENT_3D('',#3450,#3451,#3452);
#3450=CARTESIAN_POINT('',(-1.22464679914735E-017,-1.22464679914735E-017,0.200000000000001));
#3451=DIRECTION('',(-6.12323399573676E-017,-6.12323399573677E-017,1.));
#3452=DIRECTION('',(-1.,-1.22464679914736E-016,-6.12323399573676E-017));
#3453=FACE_OUTER_BOUND('',#3454,.T.);
#3454=EDGE_LOOP('',(#5444));
#3455=FACE_OUTER_BOUND('',#3456,.T.);
#3456=EDGE_LOOP('',(#5445));
#3457=CYLINDRICAL_SURFACE('',#3458,0.25);
#3458=AXIS2_PLACEMENT_3D('',#3459,#3460,#3461);
#3459=CARTESIAN_POINT('',(1.53080849893419E-016,1.53080849893419E-016,-2.5));
#3460=DIRECTION('',(-6.12323399573677E-017,-6.12323399573677E-017,1.));
#3461=DIRECTION('',(-1.,-1.22464679914735E-016,-6.12323399573677E-017));
#3462=FACE_OUTER_BOUND('',#3463,.T.);
#3463=EDGE_LOOP('',(#5446));
#3464=SPHERICAL_SURFACE('',#3465,0.25);
#3465=AXIS2_PLACEMENT_3D('',#3466,#3467,#3468);
#3466=CARTESIAN_POINT('',(1.53080849893419E-016,1.53080849893419E-016,-2.5));
#3467=DIRECTION('',(-6.12323399573677E-017,-6.12323399573677E-017,1.));
#3468=DIRECTION('',(-1.,-1.22464679914735E-016,-6.12323399573677E-017));
#3469=FACE_OUTER_BOUND('',#3470,.T.);
#3470=EDGE_LOOP('',(#5447));
#3471=CONICAL_SURFACE('',#3472,0.25,0.785398163397448);
#3472=AXIS2_PLACEMENT_3D('',#3473,#3474,#3475);
#3473=CARTESIAN_POINT('',(2.54,-1.53080849893419E-017,0.250000000000001));
#3474=DIRECTION('',(-6.12323399573676E-017,-6.12323399573677E-017,1.));
#3475=DIRECTION('',(-1.,-1.22464679914735E-016,-6.12323399573676E-017));
#3476=FACE_OUTER_BOUND('',#3477,.T.);
#3477=EDGE_LOOP('',(#5448));
#3478=FACE_OUTER_BOUND('',#3479,.T.);
#3479=EDGE_LOOP('',(#5449));
#3480=CYLINDRICAL_SURFACE('',#3481,0.5);
#3481=AXIS2_PLACEMENT_3D('',#3482,#3483,#3484);
#3482=CARTESIAN_POINT('',(2.54,-2.66360678814549E-016,4.35));
#3483=DIRECTION('',(-6.12323399573677E-017,-6.12323399573677E-017,1.));
#3484=DIRECTION('',(-1.,-1.22464679914735E-016,-6.12323399573677E-017));
#3485=FACE_OUTER_BOUND('',#3486,.T.);
#3486=EDGE_LOOP('',(#5450));
#3487=FACE_OUTER_BOUND('',#3488,.T.);
#3488=EDGE_LOOP('',(#5451));
#3489=CONICAL_SURFACE('',#3490,0.65,0.785398163397449);
#3490=AXIS2_PLACEMENT_3D('',#3491,#3492,#3493);
#3491=CARTESIAN_POINT('',(2.54,-2.75545529808154E-016,4.5));
#3492=DIRECTION('',(-6.12323399573677E-017,-6.12323399573677E-017,1.));
#3493=DIRECTION('',(-1.,-1.22464679914735E-016,-6.12323399573677E-017));
#3494=FACE_BOUND('',#3495,.T.);
#3495=EDGE_LOOP('',(#5452));
#3496=FACE_BOUND('',#3497,.T.);
#3497=EDGE_LOOP('',(#5453));
#3498=PLANE('',#3499);
#3499=AXIS2_PLACEMENT_3D('',#3500,#3501,#3502);
#3500=CARTESIAN_POINT('',(2.54,-2.8473038080176E-016,4.65));
#3501=DIRECTION('',(-6.12323399573677E-017,-6.12323399573677E-017,1.));
#3502=DIRECTION('',(-1.,-1.22464679914735E-016,-6.12323399573677E-017));
#3503=FACE_OUTER_BOUND('',#3504,.T.);
#3504=EDGE_LOOP('',(#5454));
#3505=FACE_OUTER_BOUND('',#3506,.T.);
#3506=EDGE_LOOP('',(#5455));
#3507=CYLINDRICAL_SURFACE('',#3508,0.9);
#3508=AXIS2_PLACEMENT_3D('',#3509,#3510,#3511);
#3509=CARTESIAN_POINT('',(2.54,-2.35744508835865E-016,3.85));
#3510=DIRECTION('',(-6.12323399573677E-017,-6.12323399573677E-017,1.));
#3511=DIRECTION('',(-1.,-1.22464679914735E-016,-6.12323399573677E-017));
#3512=FACE_BOUND('',#3513,.T.);
#3513=EDGE_LOOP('',(#5456));
#3514=FACE_BOUND('',#3515,.T.);
#3515=EDGE_LOOP('',(#5457));
#3516=PLANE('',#3517);
#3517=AXIS2_PLACEMENT_3D('',#3518,#3519,#3520);
#3518=CARTESIAN_POINT('',(2.54,-2.35744508835865E-016,3.85));
#3519=DIRECTION('',(6.12323399573677E-017,6.12323399573677E-017,-1.));
#3520=DIRECTION('',(-1.,-1.22464679914735E-016,-6.12323399573677E-017));
#3521=FACE_OUTER_BOUND('',#3522,.T.);
#3522=EDGE_LOOP('',(#5458));
#3523=FACE_OUTER_BOUND('',#3524,.T.);
#3524=EDGE_LOOP('',(#5459));
#3525=CYLINDRICAL_SURFACE('',#3526,0.65);
#3526=AXIS2_PLACEMENT_3D('',#3527,#3528,#3529);
#3527=CARTESIAN_POINT('',(2.54,-2.44929359829471E-017,0.400000000000001));
#3528=DIRECTION('',(-6.12323399573677E-017,-6.12323399573677E-017,1.));
#3529=DIRECTION('',(-1.,-1.22464679914735E-016,-6.12323399573677E-017));
#3530=FACE_OUTER_BOUND('',#3531,.T.);
#3531=EDGE_LOOP('',(#5460));
#3532=FACE_OUTER_BOUND('',#3533,.T.);
#3533=EDGE_LOOP('',(#5461));
#3534=CONICAL_SURFACE('',#3535,0.45,0.785398163397448);
#3535=AXIS2_PLACEMENT_3D('',#3536,#3537,#3538);
#3536=CARTESIAN_POINT('',(2.54,-1.22464679914735E-017,0.200000000000001));
#3537=DIRECTION('',(-6.12323399573676E-017,-6.12323399573677E-017,1.));
#3538=DIRECTION('',(-1.,-1.22464679914736E-016,-6.12323399573676E-017));
#3539=FACE_OUTER_BOUND('',#3540,.T.);
#3540=EDGE_LOOP('',(#5462));
#3541=FACE_OUTER_BOUND('',#3542,.T.);
#3542=EDGE_LOOP('',(#5463));
#3543=CYLINDRICAL_SURFACE('',#3544,0.25);
#3544=AXIS2_PLACEMENT_3D('',#3545,#3546,#3547);
#3545=CARTESIAN_POINT('',(2.54,1.53080849893419E-016,-2.5));
#3546=DIRECTION('',(-6.12323399573677E-017,-6.12323399573677E-017,1.));
#3547=DIRECTION('',(-1.,-1.22464679914735E-016,-6.12323399573677E-017));
#3548=FACE_OUTER_BOUND('',#3549,.T.);
#3549=EDGE_LOOP('',(#5464));
#3550=SPHERICAL_SURFACE('',#3551,0.25);
#3551=AXIS2_PLACEMENT_3D('',#3552,#3553,#3554);
#3552=CARTESIAN_POINT('',(2.54,1.53080849893419E-016,-2.5));
#3553=DIRECTION('',(-6.12323399573677E-017,-6.12323399573677E-017,1.));
#3554=DIRECTION('',(-1.,-1.22464679914735E-016,-6.12323399573677E-017));
#3555=FACE_OUTER_BOUND('',#3556,.T.);
#3556=EDGE_LOOP('',(#5465));
#3557=CONICAL_SURFACE('',#3558,0.25,0.785398163397448);
#3558=AXIS2_PLACEMENT_3D('',#3559,#3560,#3561);
#3559=CARTESIAN_POINT('',(5.08,-1.53080849893419E-017,0.250000000000001));
#3560=DIRECTION('',(-6.12323399573676E-017,-6.12323399573677E-017,1.));
#3561=DIRECTION('',(-1.,-1.22464679914735E-016,-6.12323399573676E-017));
#3562=FACE_OUTER_BOUND('',#3563,.T.);
#3563=EDGE_LOOP('',(#5466));
#3564=FACE_OUTER_BOUND('',#3565,.T.);
#3565=EDGE_LOOP('',(#5467));
#3566=CYLINDRICAL_SURFACE('',#3567,0.5);
#3567=AXIS2_PLACEMENT_3D('',#3568,#3569,#3570);
#3568=CARTESIAN_POINT('',(5.08,-2.66360678814549E-016,4.35));
#3569=DIRECTION('',(-6.12323399573677E-017,-6.12323399573677E-017,1.));
#3570=DIRECTION('',(-1.,-1.22464679914735E-016,-6.12323399573677E-017));
#3571=FACE_OUTER_BOUND('',#3572,.T.);
#3572=EDGE_LOOP('',(#5468));
#3573=FACE_OUTER_BOUND('',#3574,.T.);
#3574=EDGE_LOOP('',(#5469));
#3575=CONICAL_SURFACE('',#3576,0.65,0.785398163397449);
#3576=AXIS2_PLACEMENT_3D('',#3577,#3578,#3579);
#3577=CARTESIAN_POINT('',(5.08,-2.75545529808154E-016,4.5));
#3578=DIRECTION('',(-6.12323399573677E-017,-6.12323399573677E-017,1.));
#3579=DIRECTION('',(-1.,-1.22464679914735E-016,-6.12323399573677E-017));
#3580=FACE_BOUND('',#3581,.T.);
#3581=EDGE_LOOP('',(#5470));
#3582=FACE_BOUND('',#3583,.T.);
#3583=EDGE_LOOP('',(#5471));
#3584=PLANE('',#3585);
#3585=AXIS2_PLACEMENT_3D('',#3586,#3587,#3588);
#3586=CARTESIAN_POINT('',(5.08,-2.8473038080176E-016,4.65));
#3587=DIRECTION('',(-6.12323399573677E-017,-6.12323399573677E-017,1.));
#3588=DIRECTION('',(-1.,-1.22464679914735E-016,-6.12323399573677E-017));
#3589=FACE_OUTER_BOUND('',#3590,.T.);
#3590=EDGE_LOOP('',(#5472));
#3591=FACE_OUTER_BOUND('',#3592,.T.);
#3592=EDGE_LOOP('',(#5473));
#3593=CYLINDRICAL_SURFACE('',#3594,0.9);
#3594=AXIS2_PLACEMENT_3D('',#3595,#3596,#3597);
#3595=CARTESIAN_POINT('',(5.08,-2.35744508835865E-016,3.85));
#3596=DIRECTION('',(-6.12323399573677E-017,-6.12323399573677E-017,1.));
#3597=DIRECTION('',(-1.,-1.22464679914735E-016,-6.12323399573677E-017));
#3598=FACE_BOUND('',#3599,.T.);
#3599=EDGE_LOOP('',(#5474));
#3600=FACE_BOUND('',#3601,.T.);
#3601=EDGE_LOOP('',(#5475));
#3602=PLANE('',#3603);
#3603=AXIS2_PLACEMENT_3D('',#3604,#3605,#3606);
#3604=CARTESIAN_POINT('',(5.08,-2.35744508835865E-016,3.85));
#3605=DIRECTION('',(6.12323399573677E-017,6.12323399573677E-017,-1.));
#3606=DIRECTION('',(-1.,-1.22464679914735E-016,-6.12323399573677E-017));
#3607=FACE_OUTER_BOUND('',#3608,.T.);
#3608=EDGE_LOOP('',(#5476));
#3609=FACE_OUTER_BOUND('',#3610,.T.);
#3610=EDGE_LOOP('',(#5477));
#3611=CYLINDRICAL_SURFACE('',#3612,0.65);
#3612=AXIS2_PLACEMENT_3D('',#3613,#3614,#3615);
#3613=CARTESIAN_POINT('',(5.08,-2.44929359829471E-017,0.400000000000001));
#3614=DIRECTION('',(-6.12323399573677E-017,-6.12323399573677E-017,1.));
#3615=DIRECTION('',(-1.,-1.22464679914735E-016,-6.12323399573677E-017));
#3616=FACE_OUTER_BOUND('',#3617,.T.);
#3617=EDGE_LOOP('',(#5478));
#3618=FACE_OUTER_BOUND('',#3619,.T.);
#3619=EDGE_LOOP('',(#5479));
#3620=CONICAL_SURFACE('',#3621,0.45,0.785398163397448);
#3621=AXIS2_PLACEMENT_3D('',#3622,#3623,#3624);
#3622=CARTESIAN_POINT('',(5.08,-1.22464679914735E-017,0.200000000000001));
#3623=DIRECTION('',(-6.12323399573676E-017,-6.12323399573677E-017,1.));
#3624=DIRECTION('',(-1.,-1.22464679914736E-016,-6.12323399573676E-017));
#3625=FACE_OUTER_BOUND('',#3626,.T.);
#3626=EDGE_LOOP('',(#5480));
#3627=FACE_OUTER_BOUND('',#3628,.T.);
#3628=EDGE_LOOP('',(#5481));
#3629=CYLINDRICAL_SURFACE('',#3630,0.25);
#3630=AXIS2_PLACEMENT_3D('',#3631,#3632,#3633);
#3631=CARTESIAN_POINT('',(5.08,1.53080849893419E-016,-2.5));
#3632=DIRECTION('',(-6.12323399573677E-017,-6.12323399573677E-017,1.));
#3633=DIRECTION('',(-1.,-1.22464679914735E-016,-6.12323399573677E-017));
#3634=FACE_OUTER_BOUND('',#3635,.T.);
#3635=EDGE_LOOP('',(#5482));
#3636=SPHERICAL_SURFACE('',#3637,0.25);
#3637=AXIS2_PLACEMENT_3D('',#3638,#3639,#3640);
#3638=CARTESIAN_POINT('',(5.08,1.53080849893419E-016,-2.5));
#3639=DIRECTION('',(-6.12323399573677E-017,-6.12323399573677E-017,1.));
#3640=DIRECTION('',(-1.,-1.22464679914735E-016,-6.12323399573677E-017));
#3641=FACE_OUTER_BOUND('',#3642,.T.);
#3642=EDGE_LOOP('',(#5483));
#3643=CONICAL_SURFACE('',#3644,0.25,0.785398163397448);
#3644=AXIS2_PLACEMENT_3D('',#3645,#3646,#3647);
#3645=CARTESIAN_POINT('',(7.62,-1.53080849893419E-017,0.250000000000001));
#3646=DIRECTION('',(-6.12323399573676E-017,-6.12323399573677E-017,1.));
#3647=DIRECTION('',(-1.,-1.22464679914735E-016,-6.12323399573676E-017));
#3648=FACE_OUTER_BOUND('',#3649,.T.);
#3649=EDGE_LOOP('',(#5484));
#3650=FACE_OUTER_BOUND('',#3651,.T.);
#3651=EDGE_LOOP('',(#5485));
#3652=CYLINDRICAL_SURFACE('',#3653,0.5);
#3653=AXIS2_PLACEMENT_3D('',#3654,#3655,#3656);
#3654=CARTESIAN_POINT('',(7.62,-2.66360678814549E-016,4.35));
#3655=DIRECTION('',(-6.12323399573677E-017,-6.12323399573677E-017,1.));
#3656=DIRECTION('',(-1.,-1.22464679914735E-016,-6.12323399573677E-017));
#3657=FACE_OUTER_BOUND('',#3658,.T.);
#3658=EDGE_LOOP('',(#5486));
#3659=FACE_OUTER_BOUND('',#3660,.T.);
#3660=EDGE_LOOP('',(#5487));
#3661=CONICAL_SURFACE('',#3662,0.65,0.785398163397449);
#3662=AXIS2_PLACEMENT_3D('',#3663,#3664,#3665);
#3663=CARTESIAN_POINT('',(7.62,-2.75545529808154E-016,4.5));
#3664=DIRECTION('',(-6.12323399573677E-017,-6.12323399573677E-017,1.));
#3665=DIRECTION('',(-1.,-1.22464679914735E-016,-6.12323399573677E-017));
#3666=FACE_BOUND('',#3667,.T.);
#3667=EDGE_LOOP('',(#5488));
#3668=FACE_BOUND('',#3669,.T.);
#3669=EDGE_LOOP('',(#5489));
#3670=PLANE('',#3671);
#3671=AXIS2_PLACEMENT_3D('',#3672,#3673,#3674);
#3672=CARTESIAN_POINT('',(7.62,-2.8473038080176E-016,4.65));
#3673=DIRECTION('',(-6.12323399573677E-017,-6.12323399573677E-017,1.));
#3674=DIRECTION('',(-1.,-1.22464679914735E-016,-6.12323399573677E-017));
#3675=FACE_OUTER_BOUND('',#3676,.T.);
#3676=EDGE_LOOP('',(#5490));
#3677=FACE_OUTER_BOUND('',#3678,.T.);
#3678=EDGE_LOOP('',(#5491));
#3679=CYLINDRICAL_SURFACE('',#3680,0.9);
#3680=AXIS2_PLACEMENT_3D('',#3681,#3682,#3683);
#3681=CARTESIAN_POINT('',(7.62,-2.35744508835865E-016,3.85));
#3682=DIRECTION('',(-6.12323399573677E-017,-6.12323399573677E-017,1.));
#3683=DIRECTION('',(-1.,-1.22464679914735E-016,-6.12323399573677E-017));
#3684=FACE_BOUND('',#3685,.T.);
#3685=EDGE_LOOP('',(#5492));
#3686=FACE_BOUND('',#3687,.T.);
#3687=EDGE_LOOP('',(#5493));
#3688=PLANE('',#3689);
#3689=AXIS2_PLACEMENT_3D('',#3690,#3691,#3692);
#3690=CARTESIAN_POINT('',(7.62,-2.35744508835865E-016,3.85));
#3691=DIRECTION('',(6.12323399573677E-017,6.12323399573677E-017,-1.));
#3692=DIRECTION('',(-1.,-1.22464679914735E-016,-6.12323399573677E-017));
#3693=FACE_OUTER_BOUND('',#3694,.T.);
#3694=EDGE_LOOP('',(#5494));
#3695=FACE_OUTER_BOUND('',#3696,.T.);
#3696=EDGE_LOOP('',(#5495));
#3697=CYLINDRICAL_SURFACE('',#3698,0.65);
#3698=AXIS2_PLACEMENT_3D('',#3699,#3700,#3701);
#3699=CARTESIAN_POINT('',(7.62,-2.44929359829471E-017,0.400000000000001));
#3700=DIRECTION('',(-6.12323399573677E-017,-6.12323399573677E-017,1.));
#3701=DIRECTION('',(-1.,-1.22464679914735E-016,-6.12323399573677E-017));
#3702=FACE_OUTER_BOUND('',#3703,.T.);
#3703=EDGE_LOOP('',(#5496));
#3704=FACE_OUTER_BOUND('',#3705,.T.);
#3705=EDGE_LOOP('',(#5497));
#3706=CONICAL_SURFACE('',#3707,0.45,0.785398163397448);
#3707=AXIS2_PLACEMENT_3D('',#3708,#3709,#3710);
#3708=CARTESIAN_POINT('',(7.62,-1.22464679914735E-017,0.200000000000001));
#3709=DIRECTION('',(-6.12323399573676E-017,-6.12323399573677E-017,1.));
#3710=DIRECTION('',(-1.,-1.22464679914736E-016,-6.12323399573676E-017));
#3711=FACE_OUTER_BOUND('',#3712,.T.);
#3712=EDGE_LOOP('',(#5498));
#3713=FACE_OUTER_BOUND('',#3714,.T.);
#3714=EDGE_LOOP('',(#5499));
#3715=CYLINDRICAL_SURFACE('',#3716,0.25);
#3716=AXIS2_PLACEMENT_3D('',#3717,#3718,#3719);
#3717=CARTESIAN_POINT('',(7.62,1.53080849893419E-016,-2.5));
#3718=DIRECTION('',(-6.12323399573677E-017,-6.12323399573677E-017,1.));
#3719=DIRECTION('',(-1.,-1.22464679914735E-016,-6.12323399573677E-017));
#3720=FACE_OUTER_BOUND('',#3721,.T.);
#3721=EDGE_LOOP('',(#5500));
#3722=SPHERICAL_SURFACE('',#3723,0.25);
#3723=AXIS2_PLACEMENT_3D('',#3724,#3725,#3726);
#3724=CARTESIAN_POINT('',(7.62,1.53080849893419E-016,-2.5));
#3725=DIRECTION('',(-6.12323399573677E-017,-6.12323399573677E-017,1.));
#3726=DIRECTION('',(-1.,-1.22464679914735E-016,-6.12323399573677E-017));
#3727=FACE_OUTER_BOUND('',#3728,.T.);
#3728=EDGE_LOOP('',(#5501));
#3729=CONICAL_SURFACE('',#3730,0.25,0.785398163397448);
#3730=AXIS2_PLACEMENT_3D('',#3731,#3732,#3733);
#3731=CARTESIAN_POINT('',(10.16,-1.53080849893419E-017,0.250000000000001));
#3732=DIRECTION('',(-6.12323399573676E-017,-6.12323399573677E-017,1.));
#3733=DIRECTION('',(-1.,-1.22464679914735E-016,-6.12323399573676E-017));
#3734=FACE_OUTER_BOUND('',#3735,.T.);
#3735=EDGE_LOOP('',(#5502));
#3736=FACE_OUTER_BOUND('',#3737,.T.);
#3737=EDGE_LOOP('',(#5503));
#3738=CYLINDRICAL_SURFACE('',#3739,0.5);
#3739=AXIS2_PLACEMENT_3D('',#3740,#3741,#3742);
#3740=CARTESIAN_POINT('',(10.16,-2.66360678814549E-016,4.35));
#3741=DIRECTION('',(-6.12323399573677E-017,-6.12323399573677E-017,1.));
#3742=DIRECTION('',(-1.,-1.22464679914735E-016,-6.12323399573677E-017));
#3743=FACE_OUTER_BOUND('',#3744,.T.);
#3744=EDGE_LOOP('',(#5504));
#3745=FACE_OUTER_BOUND('',#3746,.T.);
#3746=EDGE_LOOP('',(#5505));
#3747=CONICAL_SURFACE('',#3748,0.65,0.785398163397449);
#3748=AXIS2_PLACEMENT_3D('',#3749,#3750,#3751);
#3749=CARTESIAN_POINT('',(10.16,-2.75545529808154E-016,4.5));
#3750=DIRECTION('',(-6.12323399573677E-017,-6.12323399573677E-017,1.));
#3751=DIRECTION('',(-1.,-1.22464679914735E-016,-6.12323399573677E-017));
#3752=FACE_BOUND('',#3753,.T.);
#3753=EDGE_LOOP('',(#5506));
#3754=FACE_BOUND('',#3755,.T.);
#3755=EDGE_LOOP('',(#5507));
#3756=PLANE('',#3757);
#3757=AXIS2_PLACEMENT_3D('',#3758,#3759,#3760);
#3758=CARTESIAN_POINT('',(10.16,-2.8473038080176E-016,4.65));
#3759=DIRECTION('',(-6.12323399573677E-017,-6.12323399573677E-017,1.));
#3760=DIRECTION('',(-1.,-1.22464679914735E-016,-6.12323399573677E-017));
#3761=FACE_OUTER_BOUND('',#3762,.T.);
#3762=EDGE_LOOP('',(#5508));
#3763=FACE_OUTER_BOUND('',#3764,.T.);
#3764=EDGE_LOOP('',(#5509));
#3765=CYLINDRICAL_SURFACE('',#3766,0.9);
#3766=AXIS2_PLACEMENT_3D('',#3767,#3768,#3769);
#3767=CARTESIAN_POINT('',(10.16,-2.35744508835865E-016,3.85));
#3768=DIRECTION('',(-6.12323399573677E-017,-6.12323399573677E-017,1.));
#3769=DIRECTION('',(-1.,-1.22464679914735E-016,-6.12323399573677E-017));
#3770=FACE_BOUND('',#3771,.T.);
#3771=EDGE_LOOP('',(#5510));
#3772=FACE_BOUND('',#3773,.T.);
#3773=EDGE_LOOP('',(#5511));
#3774=PLANE('',#3775);
#3775=AXIS2_PLACEMENT_3D('',#3776,#3777,#3778);
#3776=CARTESIAN_POINT('',(10.16,-2.35744508835865E-016,3.85));
#3777=DIRECTION('',(6.12323399573677E-017,6.12323399573677E-017,-1.));
#3778=DIRECTION('',(-1.,-1.22464679914735E-016,-6.12323399573677E-017));
#3779=FACE_OUTER_BOUND('',#3780,.T.);
#3780=EDGE_LOOP('',(#5512));
#3781=FACE_OUTER_BOUND('',#3782,.T.);
#3782=EDGE_LOOP('',(#5513));
#3783=CYLINDRICAL_SURFACE('',#3784,0.65);
#3784=AXIS2_PLACEMENT_3D('',#3785,#3786,#3787);
#3785=CARTESIAN_POINT('',(10.16,-2.44929359829471E-017,0.400000000000001));
#3786=DIRECTION('',(-6.12323399573677E-017,-6.12323399573677E-017,1.));
#3787=DIRECTION('',(-1.,-1.22464679914735E-016,-6.12323399573677E-017));
#3788=FACE_OUTER_BOUND('',#3789,.T.);
#3789=EDGE_LOOP('',(#5514));
#3790=FACE_OUTER_BOUND('',#3791,.T.);
#3791=EDGE_LOOP('',(#5515));
#3792=CONICAL_SURFACE('',#3793,0.45,0.785398163397448);
#3793=AXIS2_PLACEMENT_3D('',#3794,#3795,#3796);
#3794=CARTESIAN_POINT('',(10.16,-1.22464679914735E-017,0.200000000000001));
#3795=DIRECTION('',(-6.12323399573676E-017,-6.12323399573677E-017,1.));
#3796=DIRECTION('',(-1.,-1.22464679914736E-016,-6.12323399573676E-017));
#3797=FACE_OUTER_BOUND('',#3798,.T.);
#3798=EDGE_LOOP('',(#5516));
#3799=FACE_OUTER_BOUND('',#3800,.T.);
#3800=EDGE_LOOP('',(#5517));
#3801=CYLINDRICAL_SURFACE('',#3802,0.25);
#3802=AXIS2_PLACEMENT_3D('',#3803,#3804,#3805);
#3803=CARTESIAN_POINT('',(10.16,1.53080849893419E-016,-2.5));
#3804=DIRECTION('',(-6.12323399573677E-017,-6.12323399573677E-017,1.));
#3805=DIRECTION('',(-1.,-1.22464679914735E-016,-6.12323399573677E-017));
#3806=FACE_OUTER_BOUND('',#3807,.T.);
#3807=EDGE_LOOP('',(#5518));
#3808=SPHERICAL_SURFACE('',#3809,0.25);
#3809=AXIS2_PLACEMENT_3D('',#3810,#3811,#3812);
#3810=CARTESIAN_POINT('',(10.16,1.53080849893419E-016,-2.5));
#3811=DIRECTION('',(-6.12323399573677E-017,-6.12323399573677E-017,1.));
#3812=DIRECTION('',(-1.,-1.22464679914735E-016,-6.12323399573677E-017));
#3813=FACE_OUTER_BOUND('',#3814,.T.);
#3814=EDGE_LOOP('',(#5519));
#3815=CONICAL_SURFACE('',#3816,0.25,0.785398163397448);
#3816=AXIS2_PLACEMENT_3D('',#3817,#3818,#3819);
#3817=CARTESIAN_POINT('',(12.7,-1.53080849893419E-017,0.250000000000001));
#3818=DIRECTION('',(-6.12323399573676E-017,-6.12323399573677E-017,1.));
#3819=DIRECTION('',(-1.,-1.22464679914735E-016,-6.12323399573676E-017));
#3820=FACE_OUTER_BOUND('',#3821,.T.);
#3821=EDGE_LOOP('',(#5520));
#3822=FACE_OUTER_BOUND('',#3823,.T.);
#3823=EDGE_LOOP('',(#5521));
#3824=CYLINDRICAL_SURFACE('',#3825,0.5);
#3825=AXIS2_PLACEMENT_3D('',#3826,#3827,#3828);
#3826=CARTESIAN_POINT('',(12.7,-2.66360678814549E-016,4.35));
#3827=DIRECTION('',(-6.12323399573677E-017,-6.12323399573677E-017,1.));
#3828=DIRECTION('',(-1.,-1.22464679914735E-016,-6.12323399573677E-017));
#3829=FACE_OUTER_BOUND('',#3830,.T.);
#3830=EDGE_LOOP('',(#5522));
#3831=FACE_OUTER_BOUND('',#3832,.T.);
#3832=EDGE_LOOP('',(#5523));
#3833=CONICAL_SURFACE('',#3834,0.65,0.785398163397449);
#3834=AXIS2_PLACEMENT_3D('',#3835,#3836,#3837);
#3835=CARTESIAN_POINT('',(12.7,-2.75545529808154E-016,4.5));
#3836=DIRECTION('',(-6.12323399573677E-017,-6.12323399573677E-017,1.));
#3837=DIRECTION('',(-1.,-1.22464679914735E-016,-6.12323399573677E-017));
#3838=FACE_BOUND('',#3839,.T.);
#3839=EDGE_LOOP('',(#5524));
#3840=FACE_BOUND('',#3841,.T.);
#3841=EDGE_LOOP('',(#5525));
#3842=PLANE('',#3843);
#3843=AXIS2_PLACEMENT_3D('',#3844,#3845,#3846);
#3844=CARTESIAN_POINT('',(12.7,-2.8473038080176E-016,4.65));
#3845=DIRECTION('',(-6.12323399573677E-017,-6.12323399573677E-017,1.));
#3846=DIRECTION('',(-1.,-1.22464679914735E-016,-6.12323399573677E-017));
#3847=FACE_OUTER_BOUND('',#3848,.T.);
#3848=EDGE_LOOP('',(#5526));
#3849=FACE_OUTER_BOUND('',#3850,.T.);
#3850=EDGE_LOOP('',(#5527));
#3851=CYLINDRICAL_SURFACE('',#3852,0.9);
#3852=AXIS2_PLACEMENT_3D('',#3853,#3854,#3855);
#3853=CARTESIAN_POINT('',(12.7,-2.35744508835865E-016,3.85));
#3854=DIRECTION('',(-6.12323399573677E-017,-6.12323399573677E-017,1.));
#3855=DIRECTION('',(-1.,-1.22464679914735E-016,-6.12323399573677E-017));
#3856=FACE_BOUND('',#3857,.T.);
#3857=EDGE_LOOP('',(#5528));
#3858=FACE_BOUND('',#3859,.T.);
#3859=EDGE_LOOP('',(#5529));
#3860=PLANE('',#3861);
#3861=AXIS2_PLACEMENT_3D('',#3862,#3863,#3864);
#3862=CARTESIAN_POINT('',(12.7,-2.35744508835865E-016,3.85));
#3863=DIRECTION('',(6.12323399573677E-017,6.12323399573677E-017,-1.));
#3864=DIRECTION('',(-1.,-1.22464679914735E-016,-6.12323399573677E-017));
#3865=FACE_OUTER_BOUND('',#3866,.T.);
#3866=EDGE_LOOP('',(#5530));
#3867=FACE_OUTER_BOUND('',#3868,.T.);
#3868=EDGE_LOOP('',(#5531));
#3869=CYLINDRICAL_SURFACE('',#3870,0.65);
#3870=AXIS2_PLACEMENT_3D('',#3871,#3872,#3873);
#3871=CARTESIAN_POINT('',(12.7,-2.44929359829471E-017,0.400000000000001));
#3872=DIRECTION('',(-6.12323399573677E-017,-6.12323399573677E-017,1.));
#3873=DIRECTION('',(-1.,-1.22464679914735E-016,-6.12323399573677E-017));
#3874=FACE_OUTER_BOUND('',#3875,.T.);
#3875=EDGE_LOOP('',(#5532));
#3876=FACE_OUTER_BOUND('',#3877,.T.);
#3877=EDGE_LOOP('',(#5533));
#3878=CONICAL_SURFACE('',#3879,0.45,0.785398163397448);
#3879=AXIS2_PLACEMENT_3D('',#3880,#3881,#3882);
#3880=CARTESIAN_POINT('',(12.7,-1.22464679914735E-017,0.200000000000001));
#3881=DIRECTION('',(-6.12323399573676E-017,-6.12323399573677E-017,1.));
#3882=DIRECTION('',(-1.,-1.22464679914736E-016,-6.12323399573676E-017));
#3883=FACE_OUTER_BOUND('',#3884,.T.);
#3884=EDGE_LOOP('',(#5534));
#3885=FACE_OUTER_BOUND('',#3886,.T.);
#3886=EDGE_LOOP('',(#5535));
#3887=CYLINDRICAL_SURFACE('',#3888,0.25);
#3888=AXIS2_PLACEMENT_3D('',#3889,#3890,#3891);
#3889=CARTESIAN_POINT('',(12.7,1.53080849893419E-016,-2.5));
#3890=DIRECTION('',(-6.12323399573677E-017,-6.12323399573677E-017,1.));
#3891=DIRECTION('',(-1.,-1.22464679914735E-016,-6.12323399573677E-017));
#3892=FACE_OUTER_BOUND('',#3893,.T.);
#3893=EDGE_LOOP('',(#5536));
#3894=SPHERICAL_SURFACE('',#3895,0.25);
#3895=AXIS2_PLACEMENT_3D('',#3896,#3897,#3898);
#3896=CARTESIAN_POINT('',(12.7,1.53080849893419E-016,-2.5));
#3897=DIRECTION('',(-6.12323399573677E-017,-6.12323399573677E-017,1.));
#3898=DIRECTION('',(-1.,-1.22464679914735E-016,-6.12323399573677E-017));
#3899=FACE_BOUND('',#3900,.T.);
#3900=EDGE_LOOP('',(#5537,#5538,#5539,#5540,#5541,#5542,#5543,#5544,#5545));
#3901=FACE_OUTER_BOUND('',#3902,.T.);
#3902=EDGE_LOOP('',(#5546));
#3903=CYLINDRICAL_SURFACE('',#3904,0.5);
#3904=AXIS2_PLACEMENT_3D('',#3905,#3906,#3907);
#3905=CARTESIAN_POINT('',(12.7,-2.35744508835866E-016,3.85));
#3906=DIRECTION('',(-6.12323399573677E-017,-6.12323399573677E-017,1.));
#3907=DIRECTION('',(-1.,-1.22464679914735E-016,-6.12323399573677E-017));
#3908=FACE_BOUND('',#3909,.T.);
#3909=EDGE_LOOP('',(#5547,#5548,#5549,#5550,#5551,#5552,#5553,#5554,#5555));
#3910=FACE_OUTER_BOUND('',#3911,.T.);
#3911=EDGE_LOOP('',(#5556));
#3912=CYLINDRICAL_SURFACE('',#3913,0.4);
#3913=AXIS2_PLACEMENT_3D('',#3914,#3915,#3916);
#3914=CARTESIAN_POINT('',(12.7,-2.66360678814549E-016,4.35));
#3915=DIRECTION('',(-6.12323399573677E-017,-6.12323399573677E-017,1.));
#3916=DIRECTION('',(-1.,-1.22464679914735E-016,-6.12323399573677E-017));
#3917=FACE_BOUND('',#3918,.T.);
#3918=EDGE_LOOP('',(#5557,#5558,#5559,#5560));
#3919=CONICAL_SURFACE('',#3920,0.3,0.12914729012802);
#3920=AXIS2_PLACEMENT_3D('',#3921,#3922,#3923);
#3921=CARTESIAN_POINT('',(12.7,-1.88595607068692E-016,3.08));
#3922=DIRECTION('',(-6.12323399573677E-017,-6.12323399573677E-017,1.));
#3923=DIRECTION('',(-1.,-1.22464679914735E-016,-6.12323399573677E-017));
#3924=FACE_BOUND('',#3925,.T.);
#3925=EDGE_LOOP('',(#5561,#5562,#5563,#5564));
#3926=CONICAL_SURFACE('',#3927,0.3,0.12914729012802);
#3927=AXIS2_PLACEMENT_3D('',#3928,#3929,#3930);
#3928=CARTESIAN_POINT('',(12.7,-1.88595607068692E-016,3.08));
#3929=DIRECTION('',(-6.12323399573677E-017,-6.12323399573677E-017,1.));
#3930=DIRECTION('',(-1.,-1.22464679914735E-016,-6.12323399573677E-017));
#3931=FACE_BOUND('',#3932,.T.);
#3932=EDGE_LOOP('',(#5565,#5566,#5567,#5568));
#3933=CONICAL_SURFACE('',#3934,0.3,0.12914729012802);
#3934=AXIS2_PLACEMENT_3D('',#3935,#3936,#3937);
#3935=CARTESIAN_POINT('',(12.7,-1.88595607068692E-016,3.08));
#3936=DIRECTION('',(-6.12323399573677E-017,-6.12323399573677E-017,1.));
#3937=DIRECTION('',(-1.,-1.22464679914735E-016,-6.12323399573677E-017));
#3938=FACE_BOUND('',#3939,.T.);
#3939=EDGE_LOOP('',(#5569,#5570,#5571,#5572));
#3940=CONICAL_SURFACE('',#3941,0.3,0.12914729012802);
#3941=AXIS2_PLACEMENT_3D('',#3942,#3943,#3944);
#3942=CARTESIAN_POINT('',(12.7,-1.88595607068692E-016,3.08));
#3943=DIRECTION('',(-6.12323399573677E-017,-6.12323399573677E-017,1.));
#3944=DIRECTION('',(-1.,-1.22464679914735E-016,-6.12323399573677E-017));
#3945=FACE_BOUND('',#3946,.T.);
#3946=EDGE_LOOP('',(#5573,#5574,#5575,#5576));
#3947=PLANE('',#3948);
#3948=AXIS2_PLACEMENT_3D('',#3949,#3950,#3951);
#3949=CARTESIAN_POINT('',(12.7,-1.41446705301519E-016,2.31));
#3950=DIRECTION('',(6.12323399573677E-017,6.12323399573677E-017,-1.));
#3951=DIRECTION('',(-1.,-1.22464679914735E-016,-6.12323399573677E-017));
#3952=FACE_BOUND('',#3953,.T.);
#3953=EDGE_LOOP('',(#5577,#5578,#5579,#5580));
#3954=PLANE('',#3955);
#3955=AXIS2_PLACEMENT_3D('',#3956,#3957,#3958);
#3956=CARTESIAN_POINT('',(12.7,-1.41446705301519E-016,2.31));
#3957=DIRECTION('',(6.12323399573677E-017,6.12323399573677E-017,-1.));
#3958=DIRECTION('',(-1.,-1.22464679914735E-016,-6.12323399573677E-017));
#3959=FACE_BOUND('',#3960,.T.);
#3960=EDGE_LOOP('',(#5581,#5582,#5583,#5584));
#3961=PLANE('',#3962);
#3962=AXIS2_PLACEMENT_3D('',#3963,#3964,#3965);
#3963=CARTESIAN_POINT('',(12.7,-1.41446705301519E-016,2.31));
#3964=DIRECTION('',(6.12323399573677E-017,6.12323399573677E-017,-1.));
#3965=DIRECTION('',(-1.,-1.22464679914735E-016,-6.12323399573677E-017));
#3966=FACE_BOUND('',#3967,.T.);
#3967=EDGE_LOOP('',(#5585,#5586,#5587,#5588));
#3968=PLANE('',#3969);
#3969=AXIS2_PLACEMENT_3D('',#3970,#3971,#3972);
#3970=CARTESIAN_POINT('',(12.7,-1.41446705301519E-016,2.31));
#3971=DIRECTION('',(6.12323399573677E-017,6.12323399573677E-017,-1.));
#3972=DIRECTION('',(-1.,-1.22464679914735E-016,-6.12323399573677E-017));
#3973=FACE_BOUND('',#3974,.T.);
#3974=EDGE_LOOP('',(#5589,#5590,#5591,#5592));
#3975=CONICAL_SURFACE('',#3976,0.4,0.12914729012802);
#3976=AXIS2_PLACEMENT_3D('',#3977,#3978,#3979);
#3977=CARTESIAN_POINT('',(12.7,-1.88595607068692E-016,3.08));
#3978=DIRECTION('',(-6.12323399573677E-017,-6.12323399573677E-017,1.));
#3979=DIRECTION('',(-1.,-1.22464679914735E-016,-6.12323399573677E-017));
#3980=FACE_BOUND('',#3981,.T.);
#3981=EDGE_LOOP('',(#5593,#5594,#5595,#5596));
#3982=CONICAL_SURFACE('',#3983,0.4,0.12914729012802);
#3983=AXIS2_PLACEMENT_3D('',#3984,#3985,#3986);
#3984=CARTESIAN_POINT('',(12.7,-1.88595607068692E-016,3.08));
#3985=DIRECTION('',(-6.12323399573677E-017,-6.12323399573677E-017,1.));
#3986=DIRECTION('',(-1.,-1.22464679914735E-016,-6.12323399573677E-017));
#3987=FACE_BOUND('',#3988,.T.);
#3988=EDGE_LOOP('',(#5597,#5598,#5599,#5600));
#3989=CONICAL_SURFACE('',#3990,0.4,0.12914729012802);
#3990=AXIS2_PLACEMENT_3D('',#3991,#3992,#3993);
#3991=CARTESIAN_POINT('',(12.7,-1.88595607068692E-016,3.08));
#3992=DIRECTION('',(-6.12323399573677E-017,-6.12323399573677E-017,1.));
#3993=DIRECTION('',(-1.,-1.22464679914735E-016,-6.12323399573677E-017));
#3994=FACE_BOUND('',#3995,.T.);
#3995=EDGE_LOOP('',(#5601,#5602,#5603,#5604));
#3996=CONICAL_SURFACE('',#3997,0.4,0.12914729012802);
#3997=AXIS2_PLACEMENT_3D('',#3998,#3999,#4000);
#3998=CARTESIAN_POINT('',(12.7,-1.88595607068692E-016,3.08));
#3999=DIRECTION('',(-6.12323399573677E-017,-6.12323399573677E-017,1.));
#4000=DIRECTION('',(-1.,-1.22464679914735E-016,-6.12323399573677E-017));
#4001=FACE_BOUND('',#4002,.T.);
#4002=EDGE_LOOP('',(#5605,#5606,#5607,#5608,#5609,#5610));
#4003=PLANE('',#4004);
#4004=AXIS2_PLACEMENT_3D('',#4005,#4006,#4007);
#4005=CARTESIAN_POINT('',(12.7,-2.35744508835866E-016,3.85));
#4006=DIRECTION('',(6.12323399573677E-017,6.12323399573677E-017,-1.));
#4007=DIRECTION('',(-1.,3.74939945665465E-033,-6.12323399573677E-017));
#4008=FACE_BOUND('',#4009,.T.);
#4009=EDGE_LOOP('',(#5611,#5612,#5613,#5614));
#4010=PLANE('',#4011);
#4011=AXIS2_PLACEMENT_3D('',#4012,#4013,#4014);
#4012=CARTESIAN_POINT('',(12.7,-2.35744508835866E-016,3.85));
#4013=DIRECTION('',(6.12323399573677E-017,6.12323399573677E-017,-1.));
#4014=DIRECTION('',(-1.,3.74939945665465E-033,-6.12323399573677E-017));
#4015=FACE_BOUND('',#4016,.T.);
#4016=EDGE_LOOP('',(#5615,#5616,#5617,#5618));
#4017=PLANE('',#4018);
#4018=AXIS2_PLACEMENT_3D('',#4019,#4020,#4021);
#4019=CARTESIAN_POINT('',(12.7,-2.35744508835866E-016,3.85));
#4020=DIRECTION('',(6.12323399573677E-017,6.12323399573677E-017,-1.));
#4021=DIRECTION('',(-1.,3.74939945665465E-033,-6.12323399573677E-017));
#4022=FACE_BOUND('',#4023,.T.);
#4023=EDGE_LOOP('',(#5619,#5620,#5621,#5622));
#4024=PLANE('',#4025);
#4025=AXIS2_PLACEMENT_3D('',#4026,#4027,#4028);
#4026=CARTESIAN_POINT('',(12.7,-2.35744508835866E-016,3.85));
#4027=DIRECTION('',(6.12323399573677E-017,6.12323399573677E-017,-1.));
#4028=DIRECTION('',(-1.,3.74939945665465E-033,-6.12323399573677E-017));
#4029=FACE_BOUND('',#4030,.T.);
#4030=EDGE_LOOP('',(#5623,#5624,#5625,#5626));
#4031=PLANE('',#4032);
#4032=AXIS2_PLACEMENT_3D('',#4033,#4034,#4035);
#4033=CARTESIAN_POINT('',(13.1974937185533,-0.0500000000000001,3.85));
#4034=DIRECTION('',(2.63604138953674E-016,-1.,-6.30808536718839E-017));
#4035=DIRECTION('',(-1.,-2.63604138953674E-016,0.));
#4036=FACE_BOUND('',#4037,.T.);
#4037=EDGE_LOOP('',(#5627,#5628,#5629,#5630));
#4038=PLANE('',#4039);
#4039=AXIS2_PLACEMENT_3D('',#4040,#4041,#4042);
#4040=CARTESIAN_POINT('',(12.75,0.0499999999999998,3.85));
#4041=DIRECTION('',(-1.39555132387239E-016,1.,6.30808536718839E-017));
#4042=DIRECTION('',(1.,1.39555132387239E-016,0.));
#4043=FACE_BOUND('',#4044,.T.);
#4044=EDGE_LOOP('',(#5631,#5632,#5633,#5634));
#4045=PLANE('',#4046);
#4046=AXIS2_PLACEMENT_3D('',#4047,#4048,#4049);
#4047=CARTESIAN_POINT('',(12.75,0.49749371855331,3.85));
#4048=DIRECTION('',(1.,-3.10122516416087E-017,6.30808536718839E-017));
#4049=DIRECTION('',(-3.10122516416087E-017,-1.,0.));
#4050=FACE_BOUND('',#4051,.T.);
#4051=EDGE_LOOP('',(#5635,#5636,#5637,#5638));
#4052=PLANE('',#4053);
#4053=AXIS2_PLACEMENT_3D('',#4054,#4055,#4056);
#4054=CARTESIAN_POINT('',(12.65,0.0499999999999998,3.85));
#4055=DIRECTION('',(-1.,-7.75306291040217E-017,-6.30808536718839E-017));
#4056=DIRECTION('',(-7.75306291040217E-017,1.,0.));
#4057=FACE_BOUND('',#4058,.T.);
#4058=EDGE_LOOP('',(#5639,#5640,#5641,#5642));
#4059=PLANE('',#4060);
#4060=AXIS2_PLACEMENT_3D('',#4061,#4062,#4063);
#4061=CARTESIAN_POINT('',(12.2025062814467,0.0499999999999997,3.85));
#4062=DIRECTION('',(-1.0854288074563E-016,1.,6.30808536718839E-017));
#4063=DIRECTION('',(1.,1.0854288074563E-016,0.));
#4064=FACE_BOUND('',#4065,.T.);
#4065=EDGE_LOOP('',(#5643,#5644,#5645,#5646));
#4066=PLANE('',#4067);
#4067=AXIS2_PLACEMENT_3D('',#4068,#4069,#4070);
#4068=CARTESIAN_POINT('',(12.65,-0.0500000000000002,3.85));
#4069=DIRECTION('',(2.48098013132869E-016,-1.,-6.30808536718839E-017));
#4070=DIRECTION('',(-1.,-2.48098013132869E-016,0.));
#4071=FACE_BOUND('',#4072,.T.);
#4072=EDGE_LOOP('',(#5647,#5648,#5649,#5650));
#4073=PLANE('',#4074);
#4074=AXIS2_PLACEMENT_3D('',#4075,#4076,#4077);
#4075=CARTESIAN_POINT('',(12.65,-0.49749371855331,3.85));
#4076=DIRECTION('',(-1.,-4.34171522982521E-016,-6.30808536718839E-017));
#4077=DIRECTION('',(-4.34171522982521E-016,1.,0.));
#4078=FACE_BOUND('',#4079,.T.);
#4079=EDGE_LOOP('',(#5651,#5652,#5653,#5654));
#4080=PLANE('',#4081);
#4081=AXIS2_PLACEMENT_3D('',#4082,#4083,#4084);
#4082=CARTESIAN_POINT('',(12.75,-0.0500000000000002,3.85));
#4083=DIRECTION('',(1.,3.10122516416087E-016,6.30808536718839E-017));
#4084=DIRECTION('',(3.10122516416087E-016,-1.,0.));
#4085=FACE_BOUND('',#4086,.T.);
#4086=EDGE_LOOP('',(#5655));
#4087=FACE_BOUND('',#4088,.T.);
#4088=EDGE_LOOP('',(#5656));
#4089=PLANE('',#4090);
#4090=AXIS2_PLACEMENT_3D('',#4091,#4092,#4093);
#4091=CARTESIAN_POINT('',(12.7,-2.66360678814549E-016,4.35));
#4092=DIRECTION('',(-6.12323399573677E-017,-6.12323399573677E-017,1.));
#4093=DIRECTION('',(-1.,-1.22464679914735E-016,-6.12323399573677E-017));
#4094=FACE_BOUND('',#4095,.T.);
#4095=EDGE_LOOP('',(#5657,#5658,#5659,#5660,#5661,#5662,#5663,#5664,#5665));
#4096=FACE_OUTER_BOUND('',#4097,.T.);
#4097=EDGE_LOOP('',(#5666));
#4098=CYLINDRICAL_SURFACE('',#4099,0.5);
#4099=AXIS2_PLACEMENT_3D('',#4100,#4101,#4102);
#4100=CARTESIAN_POINT('',(10.16,-2.35744508835866E-016,3.85));
#4101=DIRECTION('',(-6.12323399573677E-017,-6.12323399573677E-017,1.));
#4102=DIRECTION('',(-1.,-1.22464679914735E-016,-6.12323399573677E-017));
#4103=FACE_BOUND('',#4104,.T.);
#4104=EDGE_LOOP('',(#5667,#5668,#5669,#5670,#5671,#5672));
#4105=PLANE('',#4106);
#4106=AXIS2_PLACEMENT_3D('',#4107,#4108,#4109);
#4107=CARTESIAN_POINT('',(10.16,-2.35744508835866E-016,3.85));
#4108=DIRECTION('',(6.12323399573677E-017,6.12323399573677E-017,-1.));
#4109=DIRECTION('',(-1.,3.74939945665465E-033,-6.12323399573677E-017));
#4110=FACE_BOUND('',#4111,.T.);
#4111=EDGE_LOOP('',(#5673,#5674,#5675,#5676));
#4112=CONICAL_SURFACE('',#4113,0.4,0.12914729012802);
#4113=AXIS2_PLACEMENT_3D('',#4114,#4115,#4116);
#4114=CARTESIAN_POINT('',(10.16,-1.88595607068692E-016,3.08));
#4115=DIRECTION('',(-6.12323399573677E-017,-6.12323399573677E-017,1.));
#4116=DIRECTION('',(-1.,-1.22464679914735E-016,-6.12323399573677E-017));
#4117=FACE_BOUND('',#4118,.T.);
#4118=EDGE_LOOP('',(#5677,#5678,#5679,#5680));
#4119=PLANE('',#4120);
#4120=AXIS2_PLACEMENT_3D('',#4121,#4122,#4123);
#4121=CARTESIAN_POINT('',(10.16,-2.35744508835866E-016,3.85));
#4122=DIRECTION('',(6.12323399573677E-017,6.12323399573677E-017,-1.));
#4123=DIRECTION('',(-1.,3.74939945665465E-033,-6.12323399573677E-017));
#4124=FACE_BOUND('',#4125,.T.);
#4125=EDGE_LOOP('',(#5681,#5682,#5683,#5684));
#4126=CONICAL_SURFACE('',#4127,0.4,0.12914729012802);
#4127=AXIS2_PLACEMENT_3D('',#4128,#4129,#4130);
#4128=CARTESIAN_POINT('',(10.16,-1.88595607068692E-016,3.08));
#4129=DIRECTION('',(-6.12323399573677E-017,-6.12323399573677E-017,1.));
#4130=DIRECTION('',(-1.,-1.22464679914735E-016,-6.12323399573677E-017));
#4131=FACE_BOUND('',#4132,.T.);
#4132=EDGE_LOOP('',(#5685,#5686,#5687,#5688));
#4133=PLANE('',#4134);
#4134=AXIS2_PLACEMENT_3D('',#4135,#4136,#4137);
#4135=CARTESIAN_POINT('',(10.16,-2.35744508835866E-016,3.85));
#4136=DIRECTION('',(6.12323399573677E-017,6.12323399573677E-017,-1.));
#4137=DIRECTION('',(-1.,3.74939945665465E-033,-6.12323399573677E-017));
#4138=FACE_BOUND('',#4139,.T.);
#4139=EDGE_LOOP('',(#5689,#5690,#5691,#5692));
#4140=CONICAL_SURFACE('',#4141,0.4,0.12914729012802);
#4141=AXIS2_PLACEMENT_3D('',#4142,#4143,#4144);
#4142=CARTESIAN_POINT('',(10.16,-1.88595607068692E-016,3.08));
#4143=DIRECTION('',(-6.12323399573677E-017,-6.12323399573677E-017,1.));
#4144=DIRECTION('',(-1.,-1.22464679914735E-016,-6.12323399573677E-017));
#4145=FACE_BOUND('',#4146,.T.);
#4146=EDGE_LOOP('',(#5693,#5694,#5695,#5696));
#4147=PLANE('',#4148);
#4148=AXIS2_PLACEMENT_3D('',#4149,#4150,#4151);
#4149=CARTESIAN_POINT('',(10.16,-2.35744508835866E-016,3.85));
#4150=DIRECTION('',(6.12323399573677E-017,6.12323399573677E-017,-1.));
#4151=DIRECTION('',(-1.,3.74939945665465E-033,-6.12323399573677E-017));
#4152=FACE_BOUND('',#4153,.T.);
#4153=EDGE_LOOP('',(#5697,#5698,#5699,#5700));
#4154=CONICAL_SURFACE('',#4155,0.4,0.12914729012802);
#4155=AXIS2_PLACEMENT_3D('',#4156,#4157,#4158);
#4156=CARTESIAN_POINT('',(10.16,-1.88595607068692E-016,3.08));
#4157=DIRECTION('',(-6.12323399573677E-017,-6.12323399573677E-017,1.));
#4158=DIRECTION('',(-1.,-1.22464679914735E-016,-6.12323399573677E-017));
#4159=FACE_BOUND('',#4160,.T.);
#4160=EDGE_LOOP('',(#5701));
#4161=FACE_BOUND('',#4162,.T.);
#4162=EDGE_LOOP('',(#5702));
#4163=PLANE('',#4164);
#4164=AXIS2_PLACEMENT_3D('',#4165,#4166,#4167);
#4165=CARTESIAN_POINT('',(10.16,-2.66360678814549E-016,4.35));
#4166=DIRECTION('',(-6.12323399573677E-017,-6.12323399573677E-017,1.));
#4167=DIRECTION('',(-1.,-1.22464679914735E-016,-6.12323399573677E-017));
#4168=FACE_BOUND('',#4169,.T.);
#4169=EDGE_LOOP('',(#5703,#5704,#5705,#5706,#5707,#5708,#5709,#5710,#5711));
#4170=FACE_OUTER_BOUND('',#4171,.T.);
#4171=EDGE_LOOP('',(#5712));
#4172=CYLINDRICAL_SURFACE('',#4173,0.4);
#4173=AXIS2_PLACEMENT_3D('',#4174,#4175,#4176);
#4174=CARTESIAN_POINT('',(10.16,-2.66360678814549E-016,4.35));
#4175=DIRECTION('',(-6.12323399573677E-017,-6.12323399573677E-017,1.));
#4176=DIRECTION('',(-1.,-1.22464679914735E-016,-6.12323399573677E-017));
#4177=FACE_BOUND('',#4178,.T.);
#4178=EDGE_LOOP('',(#5713,#5714,#5715,#5716));
#4179=PLANE('',#4180);
#4180=AXIS2_PLACEMENT_3D('',#4181,#4182,#4183);
#4181=CARTESIAN_POINT('',(10.11,-0.0500000000000002,3.85));
#4182=DIRECTION('',(2.48098013132869E-016,-1.,-6.30808536718839E-017));
#4183=DIRECTION('',(-1.,-2.48098013132869E-016,0.));
#4184=FACE_BOUND('',#4185,.T.);
#4185=EDGE_LOOP('',(#5717,#5718,#5719,#5720));
#4186=PLANE('',#4187);
#4187=AXIS2_PLACEMENT_3D('',#4188,#4189,#4190);
#4188=CARTESIAN_POINT('',(9.66250628144669,0.0499999999999997,3.85));
#4189=DIRECTION('',(-1.0854288074563E-016,1.,6.30808536718839E-017));
#4190=DIRECTION('',(1.,1.0854288074563E-016,0.));
#4191=FACE_BOUND('',#4192,.T.);
#4192=EDGE_LOOP('',(#5721,#5722,#5723,#5724));
#4193=PLANE('',#4194);
#4194=AXIS2_PLACEMENT_3D('',#4195,#4196,#4197);
#4195=CARTESIAN_POINT('',(10.11,-0.49749371855331,3.85));
#4196=DIRECTION('',(-1.,-4.34171522982521E-016,-6.30808536718839E-017));
#4197=DIRECTION('',(-4.34171522982521E-016,1.,0.));
#4198=FACE_BOUND('',#4199,.T.);
#4199=EDGE_LOOP('',(#5725,#5726,#5727,#5728));
#4200=PLANE('',#4201);
#4201=AXIS2_PLACEMENT_3D('',#4202,#4203,#4204);
#4202=CARTESIAN_POINT('',(10.16,-1.41446705301519E-016,2.31));
#4203=DIRECTION('',(6.12323399573677E-017,6.12323399573677E-017,-1.));
#4204=DIRECTION('',(-1.,-1.22464679914735E-016,-6.12323399573677E-017));
#4205=FACE_BOUND('',#4206,.T.);
#4206=EDGE_LOOP('',(#5729,#5730,#5731,#5732));
#4207=PLANE('',#4208);
#4208=AXIS2_PLACEMENT_3D('',#4209,#4210,#4211);
#4209=CARTESIAN_POINT('',(10.21,-0.0500000000000002,3.85));
#4210=DIRECTION('',(1.,3.10122516416087E-016,6.30808536718839E-017));
#4211=DIRECTION('',(3.10122516416087E-016,-1.,0.));
#4212=FACE_BOUND('',#4213,.T.);
#4213=EDGE_LOOP('',(#5733,#5734,#5735,#5736));
#4214=PLANE('',#4215);
#4215=AXIS2_PLACEMENT_3D('',#4216,#4217,#4218);
#4216=CARTESIAN_POINT('',(10.16,-1.41446705301519E-016,2.31));
#4217=DIRECTION('',(6.12323399573677E-017,6.12323399573677E-017,-1.));
#4218=DIRECTION('',(-1.,-1.22464679914735E-016,-6.12323399573677E-017));
#4219=FACE_BOUND('',#4220,.T.);
#4220=EDGE_LOOP('',(#5737,#5738,#5739,#5740));
#4221=PLANE('',#4222);
#4222=AXIS2_PLACEMENT_3D('',#4223,#4224,#4225);
#4223=CARTESIAN_POINT('',(10.6574937185533,-0.0500000000000001,3.85));
#4224=DIRECTION('',(2.63604138953674E-016,-1.,-6.30808536718839E-017));
#4225=DIRECTION('',(-1.,-2.63604138953674E-016,0.));
#4226=FACE_BOUND('',#4227,.T.);
#4227=EDGE_LOOP('',(#5741,#5742,#5743,#5744));
#4228=PLANE('',#4229);
#4229=AXIS2_PLACEMENT_3D('',#4230,#4231,#4232);
#4230=CARTESIAN_POINT('',(10.21,0.0499999999999998,3.85));
#4231=DIRECTION('',(-1.39555132387239E-016,1.,6.30808536718839E-017));
#4232=DIRECTION('',(1.,1.39555132387239E-016,0.));
#4233=FACE_BOUND('',#4234,.T.);
#4234=EDGE_LOOP('',(#5745,#5746,#5747,#5748));
#4235=PLANE('',#4236);
#4236=AXIS2_PLACEMENT_3D('',#4237,#4238,#4239);
#4237=CARTESIAN_POINT('',(10.21,0.49749371855331,3.85));
#4238=DIRECTION('',(1.,-3.10122516416087E-017,6.30808536718839E-017));
#4239=DIRECTION('',(-3.10122516416087E-017,-1.,0.));
#4240=FACE_BOUND('',#4241,.T.);
#4241=EDGE_LOOP('',(#5749,#5750,#5751,#5752));
#4242=PLANE('',#4243);
#4243=AXIS2_PLACEMENT_3D('',#4244,#4245,#4246);
#4244=CARTESIAN_POINT('',(10.16,-1.41446705301519E-016,2.31));
#4245=DIRECTION('',(6.12323399573677E-017,6.12323399573677E-017,-1.));
#4246=DIRECTION('',(-1.,-1.22464679914735E-016,-6.12323399573677E-017));
#4247=FACE_BOUND('',#4248,.T.);
#4248=EDGE_LOOP('',(#5753,#5754,#5755,#5756));
#4249=PLANE('',#4250);
#4250=AXIS2_PLACEMENT_3D('',#4251,#4252,#4253);
#4251=CARTESIAN_POINT('',(10.11,0.0499999999999998,3.85));
#4252=DIRECTION('',(-1.,-7.75306291040217E-017,-6.30808536718839E-017));
#4253=DIRECTION('',(-7.75306291040217E-017,1.,0.));
#4254=FACE_BOUND('',#4255,.T.);
#4255=EDGE_LOOP('',(#5757,#5758,#5759,#5760));
#4256=PLANE('',#4257);
#4257=AXIS2_PLACEMENT_3D('',#4258,#4259,#4260);
#4258=CARTESIAN_POINT('',(10.16,-1.41446705301519E-016,2.31));
#4259=DIRECTION('',(6.12323399573677E-017,6.12323399573677E-017,-1.));
#4260=DIRECTION('',(-1.,-1.22464679914735E-016,-6.12323399573677E-017));
#4261=FACE_BOUND('',#4262,.T.);
#4262=EDGE_LOOP('',(#5761,#5762,#5763,#5764));
#4263=CONICAL_SURFACE('',#4264,0.3,0.12914729012802);
#4264=AXIS2_PLACEMENT_3D('',#4265,#4266,#4267);
#4265=CARTESIAN_POINT('',(10.16,-1.88595607068692E-016,3.08));
#4266=DIRECTION('',(-6.12323399573677E-017,-6.12323399573677E-017,1.));
#4267=DIRECTION('',(-1.,-1.22464679914735E-016,-6.12323399573677E-017));
#4268=FACE_BOUND('',#4269,.T.);
#4269=EDGE_LOOP('',(#5765,#5766,#5767,#5768));
#4270=CONICAL_SURFACE('',#4271,0.3,0.12914729012802);
#4271=AXIS2_PLACEMENT_3D('',#4272,#4273,#4274);
#4272=CARTESIAN_POINT('',(10.16,-1.88595607068692E-016,3.08));
#4273=DIRECTION('',(-6.12323399573677E-017,-6.12323399573677E-017,1.));
#4274=DIRECTION('',(-1.,-1.22464679914735E-016,-6.12323399573677E-017));
#4275=FACE_BOUND('',#4276,.T.);
#4276=EDGE_LOOP('',(#5769,#5770,#5771,#5772));
#4277=CONICAL_SURFACE('',#4278,0.3,0.12914729012802);
#4278=AXIS2_PLACEMENT_3D('',#4279,#4280,#4281);
#4279=CARTESIAN_POINT('',(10.16,-1.88595607068692E-016,3.08));
#4280=DIRECTION('',(-6.12323399573677E-017,-6.12323399573677E-017,1.));
#4281=DIRECTION('',(-1.,-1.22464679914735E-016,-6.12323399573677E-017));
#4282=FACE_BOUND('',#4283,.T.);
#4283=EDGE_LOOP('',(#5773,#5774,#5775,#5776));
#4284=CONICAL_SURFACE('',#4285,0.3,0.12914729012802);
#4285=AXIS2_PLACEMENT_3D('',#4286,#4287,#4288);
#4286=CARTESIAN_POINT('',(10.16,-1.88595607068692E-016,3.08));
#4287=DIRECTION('',(-6.12323399573677E-017,-6.12323399573677E-017,1.));
#4288=DIRECTION('',(-1.,-1.22464679914735E-016,-6.12323399573677E-017));
#4289=FACE_BOUND('',#4290,.T.);
#4290=EDGE_LOOP('',(#5777,#5778,#5779,#5780,#5781,#5782,#5783,#5784,#5785));
#4291=FACE_OUTER_BOUND('',#4292,.T.);
#4292=EDGE_LOOP('',(#5786));
#4293=CYLINDRICAL_SURFACE('',#4294,0.5);
#4294=AXIS2_PLACEMENT_3D('',#4295,#4296,#4297);
#4295=CARTESIAN_POINT('',(7.62,-2.35744508835866E-016,3.85));
#4296=DIRECTION('',(-6.12323399573677E-017,-6.12323399573677E-017,1.));
#4297=DIRECTION('',(-1.,-1.22464679914735E-016,-6.12323399573677E-017));
#4298=FACE_BOUND('',#4299,.T.);
#4299=EDGE_LOOP('',(#5787,#5788,#5789,#5790,#5791,#5792));
#4300=PLANE('',#4301);
#4301=AXIS2_PLACEMENT_3D('',#4302,#4303,#4304);
#4302=CARTESIAN_POINT('',(7.62,-2.35744508835866E-016,3.85));
#4303=DIRECTION('',(6.12323399573677E-017,6.12323399573677E-017,-1.));
#4304=DIRECTION('',(-1.,3.74939945665465E-033,-6.12323399573677E-017));
#4305=FACE_BOUND('',#4306,.T.);
#4306=EDGE_LOOP('',(#5793,#5794,#5795,#5796));
#4307=CONICAL_SURFACE('',#4308,0.4,0.12914729012802);
#4308=AXIS2_PLACEMENT_3D('',#4309,#4310,#4311);
#4309=CARTESIAN_POINT('',(7.62,-1.88595607068692E-016,3.08));
#4310=DIRECTION('',(-6.12323399573677E-017,-6.12323399573677E-017,1.));
#4311=DIRECTION('',(-1.,-1.22464679914735E-016,-6.12323399573677E-017));
#4312=FACE_BOUND('',#4313,.T.);
#4313=EDGE_LOOP('',(#5797,#5798,#5799,#5800));
#4314=PLANE('',#4315);
#4315=AXIS2_PLACEMENT_3D('',#4316,#4317,#4318);
#4316=CARTESIAN_POINT('',(7.62,-2.35744508835866E-016,3.85));
#4317=DIRECTION('',(6.12323399573677E-017,6.12323399573677E-017,-1.));
#4318=DIRECTION('',(-1.,3.74939945665465E-033,-6.12323399573677E-017));
#4319=FACE_BOUND('',#4320,.T.);
#4320=EDGE_LOOP('',(#5801,#5802,#5803,#5804));
#4321=CONICAL_SURFACE('',#4322,0.4,0.12914729012802);
#4322=AXIS2_PLACEMENT_3D('',#4323,#4324,#4325);
#4323=CARTESIAN_POINT('',(7.62,-1.88595607068692E-016,3.08));
#4324=DIRECTION('',(-6.12323399573677E-017,-6.12323399573677E-017,1.));
#4325=DIRECTION('',(-1.,-1.22464679914735E-016,-6.12323399573677E-017));
#4326=FACE_BOUND('',#4327,.T.);
#4327=EDGE_LOOP('',(#5805,#5806,#5807,#5808));
#4328=PLANE('',#4329);
#4329=AXIS2_PLACEMENT_3D('',#4330,#4331,#4332);
#4330=CARTESIAN_POINT('',(7.62,-2.35744508835866E-016,3.85));
#4331=DIRECTION('',(6.12323399573677E-017,6.12323399573677E-017,-1.));
#4332=DIRECTION('',(-1.,3.74939945665465E-033,-6.12323399573677E-017));
#4333=FACE_BOUND('',#4334,.T.);
#4334=EDGE_LOOP('',(#5809,#5810,#5811,#5812));
#4335=CONICAL_SURFACE('',#4336,0.4,0.12914729012802);
#4336=AXIS2_PLACEMENT_3D('',#4337,#4338,#4339);
#4337=CARTESIAN_POINT('',(7.62,-1.88595607068692E-016,3.08));
#4338=DIRECTION('',(-6.12323399573677E-017,-6.12323399573677E-017,1.));
#4339=DIRECTION('',(-1.,-1.22464679914735E-016,-6.12323399573677E-017));
#4340=FACE_BOUND('',#4341,.T.);
#4341=EDGE_LOOP('',(#5813,#5814,#5815,#5816));
#4342=PLANE('',#4343);
#4343=AXIS2_PLACEMENT_3D('',#4344,#4345,#4346);
#4344=CARTESIAN_POINT('',(7.62,-2.35744508835866E-016,3.85));
#4345=DIRECTION('',(6.12323399573677E-017,6.12323399573677E-017,-1.));
#4346=DIRECTION('',(-1.,3.74939945665465E-033,-6.12323399573677E-017));
#4347=FACE_BOUND('',#4348,.T.);
#4348=EDGE_LOOP('',(#5817,#5818,#5819,#5820));
#4349=CONICAL_SURFACE('',#4350,0.4,0.12914729012802);
#4350=AXIS2_PLACEMENT_3D('',#4351,#4352,#4353);
#4351=CARTESIAN_POINT('',(7.62,-1.88595607068692E-016,3.08));
#4352=DIRECTION('',(-6.12323399573677E-017,-6.12323399573677E-017,1.));
#4353=DIRECTION('',(-1.,-1.22464679914735E-016,-6.12323399573677E-017));
#4354=FACE_BOUND('',#4355,.T.);
#4355=EDGE_LOOP('',(#5821));
#4356=FACE_BOUND('',#4357,.T.);
#4357=EDGE_LOOP('',(#5822));
#4358=PLANE('',#4359);
#4359=AXIS2_PLACEMENT_3D('',#4360,#4361,#4362);
#4360=CARTESIAN_POINT('',(7.62,-2.66360678814549E-016,4.35));
#4361=DIRECTION('',(-6.12323399573677E-017,-6.12323399573677E-017,1.));
#4362=DIRECTION('',(-1.,-1.22464679914735E-016,-6.12323399573677E-017));
#4363=FACE_BOUND('',#4364,.T.);
#4364=EDGE_LOOP('',(#5823,#5824,#5825,#5826,#5827,#5828,#5829,#5830,#5831));
#4365=FACE_OUTER_BOUND('',#4366,.T.);
#4366=EDGE_LOOP('',(#5832));
#4367=CYLINDRICAL_SURFACE('',#4368,0.4);
#4368=AXIS2_PLACEMENT_3D('',#4369,#4370,#4371);
#4369=CARTESIAN_POINT('',(7.62,-2.66360678814549E-016,4.35));
#4370=DIRECTION('',(-6.12323399573677E-017,-6.12323399573677E-017,1.));
#4371=DIRECTION('',(-1.,-1.22464679914735E-016,-6.12323399573677E-017));
#4372=FACE_BOUND('',#4373,.T.);
#4373=EDGE_LOOP('',(#5833,#5834,#5835,#5836));
#4374=PLANE('',#4375);
#4375=AXIS2_PLACEMENT_3D('',#4376,#4377,#4378);
#4376=CARTESIAN_POINT('',(7.57,-0.0500000000000002,3.85));
#4377=DIRECTION('',(2.48098013132869E-016,-1.,-6.30808536718839E-017));
#4378=DIRECTION('',(-1.,-2.48098013132869E-016,0.));
#4379=FACE_BOUND('',#4380,.T.);
#4380=EDGE_LOOP('',(#5837,#5838,#5839,#5840));
#4381=PLANE('',#4382);
#4382=AXIS2_PLACEMENT_3D('',#4383,#4384,#4385);
#4383=CARTESIAN_POINT('',(7.12250628144669,0.0499999999999997,3.85));
#4384=DIRECTION('',(-1.0854288074563E-016,1.,6.30808536718839E-017));
#4385=DIRECTION('',(1.,1.0854288074563E-016,0.));
#4386=FACE_BOUND('',#4387,.T.);
#4387=EDGE_LOOP('',(#5841,#5842,#5843,#5844));
#4388=PLANE('',#4389);
#4389=AXIS2_PLACEMENT_3D('',#4390,#4391,#4392);
#4390=CARTESIAN_POINT('',(7.57,-0.49749371855331,3.85));
#4391=DIRECTION('',(-1.,-4.34171522982521E-016,-6.30808536718839E-017));
#4392=DIRECTION('',(-4.34171522982521E-016,1.,0.));
#4393=FACE_BOUND('',#4394,.T.);
#4394=EDGE_LOOP('',(#5845,#5846,#5847,#5848));
#4395=PLANE('',#4396);
#4396=AXIS2_PLACEMENT_3D('',#4397,#4398,#4399);
#4397=CARTESIAN_POINT('',(7.62,-1.41446705301519E-016,2.31));
#4398=DIRECTION('',(6.12323399573677E-017,6.12323399573677E-017,-1.));
#4399=DIRECTION('',(-1.,-1.22464679914735E-016,-6.12323399573677E-017));
#4400=FACE_BOUND('',#4401,.T.);
#4401=EDGE_LOOP('',(#5849,#5850,#5851,#5852));
#4402=PLANE('',#4403);
#4403=AXIS2_PLACEMENT_3D('',#4404,#4405,#4406);
#4404=CARTESIAN_POINT('',(7.67,-0.0500000000000002,3.85));
#4405=DIRECTION('',(1.,3.10122516416087E-016,6.30808536718839E-017));
#4406=DIRECTION('',(3.10122516416087E-016,-1.,0.));
#4407=FACE_BOUND('',#4408,.T.);
#4408=EDGE_LOOP('',(#5853,#5854,#5855,#5856));
#4409=PLANE('',#4410);
#4410=AXIS2_PLACEMENT_3D('',#4411,#4412,#4413);
#4411=CARTESIAN_POINT('',(7.62,-1.41446705301519E-016,2.31));
#4412=DIRECTION('',(6.12323399573677E-017,6.12323399573677E-017,-1.));
#4413=DIRECTION('',(-1.,-1.22464679914735E-016,-6.12323399573677E-017));
#4414=FACE_BOUND('',#4415,.T.);
#4415=EDGE_LOOP('',(#5857,#5858,#5859,#5860));
#4416=PLANE('',#4417);
#4417=AXIS2_PLACEMENT_3D('',#4418,#4419,#4420);
#4418=CARTESIAN_POINT('',(8.11749371855331,-0.0500000000000001,3.85));
#4419=DIRECTION('',(2.63604138953674E-016,-1.,-6.30808536718839E-017));
#4420=DIRECTION('',(-1.,-2.63604138953674E-016,0.));
#4421=FACE_BOUND('',#4422,.T.);
#4422=EDGE_LOOP('',(#5861,#5862,#5863,#5864));
#4423=PLANE('',#4424);
#4424=AXIS2_PLACEMENT_3D('',#4425,#4426,#4427);
#4425=CARTESIAN_POINT('',(7.67,0.0499999999999998,3.85));
#4426=DIRECTION('',(-1.39555132387239E-016,1.,6.30808536718839E-017));
#4427=DIRECTION('',(1.,1.39555132387239E-016,0.));
#4428=FACE_BOUND('',#4429,.T.);
#4429=EDGE_LOOP('',(#5865,#5866,#5867,#5868));
#4430=PLANE('',#4431);
#4431=AXIS2_PLACEMENT_3D('',#4432,#4433,#4434);
#4432=CARTESIAN_POINT('',(7.67,0.49749371855331,3.85));
#4433=DIRECTION('',(1.,-3.10122516416087E-017,6.30808536718839E-017));
#4434=DIRECTION('',(-3.10122516416087E-017,-1.,0.));
#4435=FACE_BOUND('',#4436,.T.);
#4436=EDGE_LOOP('',(#5869,#5870,#5871,#5872));
#4437=PLANE('',#4438);
#4438=AXIS2_PLACEMENT_3D('',#4439,#4440,#4441);
#4439=CARTESIAN_POINT('',(7.62,-1.41446705301519E-016,2.31));
#4440=DIRECTION('',(6.12323399573677E-017,6.12323399573677E-017,-1.));
#4441=DIRECTION('',(-1.,-1.22464679914735E-016,-6.12323399573677E-017));
#4442=FACE_BOUND('',#4443,.T.);
#4443=EDGE_LOOP('',(#5873,#5874,#5875,#5876));
#4444=PLANE('',#4445);
#4445=AXIS2_PLACEMENT_3D('',#4446,#4447,#4448);
#4446=CARTESIAN_POINT('',(7.57,0.0499999999999998,3.85));
#4447=DIRECTION('',(-1.,-7.75306291040217E-017,-6.30808536718839E-017));
#4448=DIRECTION('',(-7.75306291040217E-017,1.,0.));
#4449=FACE_BOUND('',#4450,.T.);
#4450=EDGE_LOOP('',(#5877,#5878,#5879,#5880));
#4451=PLANE('',#4452);
#4452=AXIS2_PLACEMENT_3D('',#4453,#4454,#4455);
#4453=CARTESIAN_POINT('',(7.62,-1.41446705301519E-016,2.31));
#4454=DIRECTION('',(6.12323399573677E-017,6.12323399573677E-017,-1.));
#4455=DIRECTION('',(-1.,-1.22464679914735E-016,-6.12323399573677E-017));
#4456=FACE_BOUND('',#4457,.T.);
#4457=EDGE_LOOP('',(#5881,#5882,#5883,#5884));
#4458=CONICAL_SURFACE('',#4459,0.3,0.12914729012802);
#4459=AXIS2_PLACEMENT_3D('',#4460,#4461,#4462);
#4460=CARTESIAN_POINT('',(7.62,-1.88595607068692E-016,3.08));
#4461=DIRECTION('',(-6.12323399573677E-017,-6.12323399573677E-017,1.));
#4462=DIRECTION('',(-1.,-1.22464679914735E-016,-6.12323399573677E-017));
#4463=FACE_BOUND('',#4464,.T.);
#4464=EDGE_LOOP('',(#5885,#5886,#5887,#5888));
#4465=CONICAL_SURFACE('',#4466,0.3,0.12914729012802);
#4466=AXIS2_PLACEMENT_3D('',#4467,#4468,#4469);
#4467=CARTESIAN_POINT('',(7.62,-1.88595607068692E-016,3.08));
#4468=DIRECTION('',(-6.12323399573677E-017,-6.12323399573677E-017,1.));
#4469=DIRECTION('',(-1.,-1.22464679914735E-016,-6.12323399573677E-017));
#4470=FACE_BOUND('',#4471,.T.);
#4471=EDGE_LOOP('',(#5889,#5890,#5891,#5892));
#4472=CONICAL_SURFACE('',#4473,0.3,0.12914729012802);
#4473=AXIS2_PLACEMENT_3D('',#4474,#4475,#4476);
#4474=CARTESIAN_POINT('',(7.62,-1.88595607068692E-016,3.08));
#4475=DIRECTION('',(-6.12323399573677E-017,-6.12323399573677E-017,1.));
#4476=DIRECTION('',(-1.,-1.22464679914735E-016,-6.12323399573677E-017));
#4477=FACE_BOUND('',#4478,.T.);
#4478=EDGE_LOOP('',(#5893,#5894,#5895,#5896));
#4479=CONICAL_SURFACE('',#4480,0.3,0.12914729012802);
#4480=AXIS2_PLACEMENT_3D('',#4481,#4482,#4483);
#4481=CARTESIAN_POINT('',(7.62,-1.88595607068692E-016,3.08));
#4482=DIRECTION('',(-6.12323399573677E-017,-6.12323399573677E-017,1.));
#4483=DIRECTION('',(-1.,-1.22464679914735E-016,-6.12323399573677E-017));
#4484=FACE_BOUND('',#4485,.T.);
#4485=EDGE_LOOP('',(#5897,#5898,#5899,#5900,#5901,#5902,#5903,#5904,#5905));
#4486=FACE_OUTER_BOUND('',#4487,.T.);
#4487=EDGE_LOOP('',(#5906));
#4488=CYLINDRICAL_SURFACE('',#4489,0.5);
#4489=AXIS2_PLACEMENT_3D('',#4490,#4491,#4492);
#4490=CARTESIAN_POINT('',(5.08,-2.35744508835866E-016,3.85));
#4491=DIRECTION('',(-6.12323399573677E-017,-6.12323399573677E-017,1.));
#4492=DIRECTION('',(-1.,-1.22464679914735E-016,-6.12323399573677E-017));
#4493=FACE_BOUND('',#4494,.T.);
#4494=EDGE_LOOP('',(#5907,#5908,#5909,#5910,#5911,#5912));
#4495=PLANE('',#4496);
#4496=AXIS2_PLACEMENT_3D('',#4497,#4498,#4499);
#4497=CARTESIAN_POINT('',(5.08,-2.35744508835866E-016,3.85));
#4498=DIRECTION('',(6.12323399573677E-017,6.12323399573677E-017,-1.));
#4499=DIRECTION('',(-1.,3.74939945665465E-033,-6.12323399573677E-017));
#4500=FACE_BOUND('',#4501,.T.);
#4501=EDGE_LOOP('',(#5913,#5914,#5915,#5916));
#4502=CONICAL_SURFACE('',#4503,0.4,0.12914729012802);
#4503=AXIS2_PLACEMENT_3D('',#4504,#4505,#4506);
#4504=CARTESIAN_POINT('',(5.08,-1.88595607068692E-016,3.08));
#4505=DIRECTION('',(-6.12323399573677E-017,-6.12323399573677E-017,1.));
#4506=DIRECTION('',(-1.,-1.22464679914735E-016,-6.12323399573677E-017));
#4507=FACE_BOUND('',#4508,.T.);
#4508=EDGE_LOOP('',(#5917,#5918,#5919,#5920));
#4509=PLANE('',#4510);
#4510=AXIS2_PLACEMENT_3D('',#4511,#4512,#4513);
#4511=CARTESIAN_POINT('',(5.08,-2.35744508835866E-016,3.85));
#4512=DIRECTION('',(6.12323399573677E-017,6.12323399573677E-017,-1.));
#4513=DIRECTION('',(-1.,3.74939945665465E-033,-6.12323399573677E-017));
#4514=FACE_BOUND('',#4515,.T.);
#4515=EDGE_LOOP('',(#5921,#5922,#5923,#5924));
#4516=CONICAL_SURFACE('',#4517,0.4,0.12914729012802);
#4517=AXIS2_PLACEMENT_3D('',#4518,#4519,#4520);
#4518=CARTESIAN_POINT('',(5.08,-1.88595607068692E-016,3.08));
#4519=DIRECTION('',(-6.12323399573677E-017,-6.12323399573677E-017,1.));
#4520=DIRECTION('',(-1.,-1.22464679914735E-016,-6.12323399573677E-017));
#4521=FACE_BOUND('',#4522,.T.);
#4522=EDGE_LOOP('',(#5925,#5926,#5927,#5928));
#4523=PLANE('',#4524);
#4524=AXIS2_PLACEMENT_3D('',#4525,#4526,#4527);
#4525=CARTESIAN_POINT('',(5.08,-2.35744508835866E-016,3.85));
#4526=DIRECTION('',(6.12323399573677E-017,6.12323399573677E-017,-1.));
#4527=DIRECTION('',(-1.,3.74939945665465E-033,-6.12323399573677E-017));
#4528=FACE_BOUND('',#4529,.T.);
#4529=EDGE_LOOP('',(#5929,#5930,#5931,#5932));
#4530=CONICAL_SURFACE('',#4531,0.4,0.12914729012802);
#4531=AXIS2_PLACEMENT_3D('',#4532,#4533,#4534);
#4532=CARTESIAN_POINT('',(5.08,-1.88595607068692E-016,3.08));
#4533=DIRECTION('',(-6.12323399573677E-017,-6.12323399573677E-017,1.));
#4534=DIRECTION('',(-1.,-1.22464679914735E-016,-6.12323399573677E-017));
#4535=FACE_BOUND('',#4536,.T.);
#4536=EDGE_LOOP('',(#5933,#5934,#5935,#5936));
#4537=PLANE('',#4538);
#4538=AXIS2_PLACEMENT_3D('',#4539,#4540,#4541);
#4539=CARTESIAN_POINT('',(5.08,-2.35744508835866E-016,3.85));
#4540=DIRECTION('',(6.12323399573677E-017,6.12323399573677E-017,-1.));
#4541=DIRECTION('',(-1.,3.74939945665465E-033,-6.12323399573677E-017));
#4542=FACE_BOUND('',#4543,.T.);
#4543=EDGE_LOOP('',(#5937,#5938,#5939,#5940));
#4544=CONICAL_SURFACE('',#4545,0.4,0.12914729012802);
#4545=AXIS2_PLACEMENT_3D('',#4546,#4547,#4548);
#4546=CARTESIAN_POINT('',(5.08,-1.88595607068692E-016,3.08));
#4547=DIRECTION('',(-6.12323399573677E-017,-6.12323399573677E-017,1.));
#4548=DIRECTION('',(-1.,-1.22464679914735E-016,-6.12323399573677E-017));
#4549=FACE_BOUND('',#4550,.T.);
#4550=EDGE_LOOP('',(#5941));
#4551=FACE_BOUND('',#4552,.T.);
#4552=EDGE_LOOP('',(#5942));
#4553=PLANE('',#4554);
#4554=AXIS2_PLACEMENT_3D('',#4555,#4556,#4557);
#4555=CARTESIAN_POINT('',(5.08,-2.66360678814549E-016,4.35));
#4556=DIRECTION('',(-6.12323399573677E-017,-6.12323399573677E-017,1.));
#4557=DIRECTION('',(-1.,-1.22464679914735E-016,-6.12323399573677E-017));
#4558=FACE_BOUND('',#4559,.T.);
#4559=EDGE_LOOP('',(#5943,#5944,#5945,#5946,#5947,#5948,#5949,#5950,#5951));
#4560=FACE_OUTER_BOUND('',#4561,.T.);
#4561=EDGE_LOOP('',(#5952));
#4562=CYLINDRICAL_SURFACE('',#4563,0.4);
#4563=AXIS2_PLACEMENT_3D('',#4564,#4565,#4566);
#4564=CARTESIAN_POINT('',(5.08,-2.66360678814549E-016,4.35));
#4565=DIRECTION('',(-6.12323399573677E-017,-6.12323399573677E-017,1.));
#4566=DIRECTION('',(-1.,-1.22464679914735E-016,-6.12323399573677E-017));
#4567=FACE_BOUND('',#4568,.T.);
#4568=EDGE_LOOP('',(#5953,#5954,#5955,#5956));
#4569=PLANE('',#4570);
#4570=AXIS2_PLACEMENT_3D('',#4571,#4572,#4573);
#4571=CARTESIAN_POINT('',(5.03,-0.0500000000000002,3.85));
#4572=DIRECTION('',(2.48098013132869E-016,-1.,-6.30808536718839E-017));
#4573=DIRECTION('',(-1.,-2.48098013132869E-016,0.));
#4574=FACE_BOUND('',#4575,.T.);
#4575=EDGE_LOOP('',(#5957,#5958,#5959,#5960));
#4576=PLANE('',#4577);
#4577=AXIS2_PLACEMENT_3D('',#4578,#4579,#4580);
#4578=CARTESIAN_POINT('',(4.58250628144669,0.0499999999999997,3.85));
#4579=DIRECTION('',(-1.0854288074563E-016,1.,6.30808536718839E-017));
#4580=DIRECTION('',(1.,1.0854288074563E-016,0.));
#4581=FACE_BOUND('',#4582,.T.);
#4582=EDGE_LOOP('',(#5961,#5962,#5963,#5964));
#4583=PLANE('',#4584);
#4584=AXIS2_PLACEMENT_3D('',#4585,#4586,#4587);
#4585=CARTESIAN_POINT('',(5.03,-0.49749371855331,3.85));
#4586=DIRECTION('',(-1.,-4.34171522982521E-016,-6.30808536718839E-017));
#4587=DIRECTION('',(-4.34171522982521E-016,1.,0.));
#4588=FACE_BOUND('',#4589,.T.);
#4589=EDGE_LOOP('',(#5965,#5966,#5967,#5968));
#4590=PLANE('',#4591);
#4591=AXIS2_PLACEMENT_3D('',#4592,#4593,#4594);
#4592=CARTESIAN_POINT('',(5.08,-1.41446705301519E-016,2.31));
#4593=DIRECTION('',(6.12323399573677E-017,6.12323399573677E-017,-1.));
#4594=DIRECTION('',(-1.,-1.22464679914735E-016,-6.12323399573677E-017));
#4595=FACE_BOUND('',#4596,.T.);
#4596=EDGE_LOOP('',(#5969,#5970,#5971,#5972));
#4597=PLANE('',#4598);
#4598=AXIS2_PLACEMENT_3D('',#4599,#4600,#4601);
#4599=CARTESIAN_POINT('',(5.13,-0.0500000000000002,3.85));
#4600=DIRECTION('',(1.,3.10122516416087E-016,6.30808536718839E-017));
#4601=DIRECTION('',(3.10122516416087E-016,-1.,0.));
#4602=FACE_BOUND('',#4603,.T.);
#4603=EDGE_LOOP('',(#5973,#5974,#5975,#5976));
#4604=PLANE('',#4605);
#4605=AXIS2_PLACEMENT_3D('',#4606,#4607,#4608);
#4606=CARTESIAN_POINT('',(5.08,-1.41446705301519E-016,2.31));
#4607=DIRECTION('',(6.12323399573677E-017,6.12323399573677E-017,-1.));
#4608=DIRECTION('',(-1.,-1.22464679914735E-016,-6.12323399573677E-017));
#4609=FACE_BOUND('',#4610,.T.);
#4610=EDGE_LOOP('',(#5977,#5978,#5979,#5980));
#4611=PLANE('',#4612);
#4612=AXIS2_PLACEMENT_3D('',#4613,#4614,#4615);
#4613=CARTESIAN_POINT('',(5.57749371855331,-0.0500000000000001,3.85));
#4614=DIRECTION('',(2.63604138953674E-016,-1.,-6.30808536718839E-017));
#4615=DIRECTION('',(-1.,-2.63604138953674E-016,0.));
#4616=FACE_BOUND('',#4617,.T.);
#4617=EDGE_LOOP('',(#5981,#5982,#5983,#5984));
#4618=PLANE('',#4619);
#4619=AXIS2_PLACEMENT_3D('',#4620,#4621,#4622);
#4620=CARTESIAN_POINT('',(5.13,0.0499999999999998,3.85));
#4621=DIRECTION('',(-1.39555132387239E-016,1.,6.30808536718839E-017));
#4622=DIRECTION('',(1.,1.39555132387239E-016,0.));
#4623=FACE_BOUND('',#4624,.T.);
#4624=EDGE_LOOP('',(#5985,#5986,#5987,#5988));
#4625=PLANE('',#4626);
#4626=AXIS2_PLACEMENT_3D('',#4627,#4628,#4629);
#4627=CARTESIAN_POINT('',(5.13,0.49749371855331,3.85));
#4628=DIRECTION('',(1.,-3.10122516416087E-017,6.30808536718839E-017));
#4629=DIRECTION('',(-3.10122516416087E-017,-1.,0.));
#4630=FACE_BOUND('',#4631,.T.);
#4631=EDGE_LOOP('',(#5989,#5990,#5991,#5992));
#4632=PLANE('',#4633);
#4633=AXIS2_PLACEMENT_3D('',#4634,#4635,#4636);
#4634=CARTESIAN_POINT('',(5.08,-1.41446705301519E-016,2.31));
#4635=DIRECTION('',(6.12323399573677E-017,6.12323399573677E-017,-1.));
#4636=DIRECTION('',(-1.,-1.22464679914735E-016,-6.12323399573677E-017));
#4637=FACE_BOUND('',#4638,.T.);
#4638=EDGE_LOOP('',(#5993,#5994,#5995,#5996));
#4639=PLANE('',#4640);
#4640=AXIS2_PLACEMENT_3D('',#4641,#4642,#4643);
#4641=CARTESIAN_POINT('',(5.03,0.0499999999999998,3.85));
#4642=DIRECTION('',(-1.,-7.75306291040217E-017,-6.30808536718839E-017));
#4643=DIRECTION('',(-7.75306291040217E-017,1.,0.));
#4644=FACE_BOUND('',#4645,.T.);
#4645=EDGE_LOOP('',(#5997,#5998,#5999,#6000));
#4646=PLANE('',#4647);
#4647=AXIS2_PLACEMENT_3D('',#4648,#4649,#4650);
#4648=CARTESIAN_POINT('',(5.08,-1.41446705301519E-016,2.31));
#4649=DIRECTION('',(6.12323399573677E-017,6.12323399573677E-017,-1.));
#4650=DIRECTION('',(-1.,-1.22464679914735E-016,-6.12323399573677E-017));
#4651=FACE_BOUND('',#4652,.T.);
#4652=EDGE_LOOP('',(#6001,#6002,#6003,#6004));
#4653=CONICAL_SURFACE('',#4654,0.3,0.12914729012802);
#4654=AXIS2_PLACEMENT_3D('',#4655,#4656,#4657);
#4655=CARTESIAN_POINT('',(5.08,-1.88595607068692E-016,3.08));
#4656=DIRECTION('',(-6.12323399573677E-017,-6.12323399573677E-017,1.));
#4657=DIRECTION('',(-1.,-1.22464679914735E-016,-6.12323399573677E-017));
#4658=FACE_BOUND('',#4659,.T.);
#4659=EDGE_LOOP('',(#6005,#6006,#6007,#6008));
#4660=CONICAL_SURFACE('',#4661,0.3,0.12914729012802);
#4661=AXIS2_PLACEMENT_3D('',#4662,#4663,#4664);
#4662=CARTESIAN_POINT('',(5.08,-1.88595607068692E-016,3.08));
#4663=DIRECTION('',(-6.12323399573677E-017,-6.12323399573677E-017,1.));
#4664=DIRECTION('',(-1.,-1.22464679914735E-016,-6.12323399573677E-017));
#4665=FACE_BOUND('',#4666,.T.);
#4666=EDGE_LOOP('',(#6009,#6010,#6011,#6012));
#4667=CONICAL_SURFACE('',#4668,0.3,0.12914729012802);
#4668=AXIS2_PLACEMENT_3D('',#4669,#4670,#4671);
#4669=CARTESIAN_POINT('',(5.08,-1.88595607068692E-016,3.08));
#4670=DIRECTION('',(-6.12323399573677E-017,-6.12323399573677E-017,1.));
#4671=DIRECTION('',(-1.,-1.22464679914735E-016,-6.12323399573677E-017));
#4672=FACE_BOUND('',#4673,.T.);
#4673=EDGE_LOOP('',(#6013,#6014,#6015,#6016));
#4674=CONICAL_SURFACE('',#4675,0.3,0.12914729012802);
#4675=AXIS2_PLACEMENT_3D('',#4676,#4677,#4678);
#4676=CARTESIAN_POINT('',(5.08,-1.88595607068692E-016,3.08));
#4677=DIRECTION('',(-6.12323399573677E-017,-6.12323399573677E-017,1.));
#4678=DIRECTION('',(-1.,-1.22464679914735E-016,-6.12323399573677E-017));
#4679=FACE_BOUND('',#4680,.T.);
#4680=EDGE_LOOP('',(#6017,#6018,#6019,#6020,#6021,#6022,#6023,#6024,#6025));
#4681=FACE_OUTER_BOUND('',#4682,.T.);
#4682=EDGE_LOOP('',(#6026));
#4683=CYLINDRICAL_SURFACE('',#4684,0.5);
#4684=AXIS2_PLACEMENT_3D('',#4685,#4686,#4687);
#4685=CARTESIAN_POINT('',(2.54,-2.35744508835866E-016,3.85));
#4686=DIRECTION('',(-6.12323399573677E-017,-6.12323399573677E-017,1.));
#4687=DIRECTION('',(-1.,-1.22464679914735E-016,-6.12323399573677E-017));
#4688=FACE_BOUND('',#4689,.T.);
#4689=EDGE_LOOP('',(#6027,#6028,#6029,#6030,#6031,#6032));
#4690=PLANE('',#4691);
#4691=AXIS2_PLACEMENT_3D('',#4692,#4693,#4694);
#4692=CARTESIAN_POINT('',(2.54,-2.35744508835866E-016,3.85));
#4693=DIRECTION('',(6.12323399573677E-017,6.12323399573677E-017,-1.));
#4694=DIRECTION('',(-1.,3.74939945665465E-033,-6.12323399573677E-017));
#4695=FACE_BOUND('',#4696,.T.);
#4696=EDGE_LOOP('',(#6033,#6034,#6035,#6036));
#4697=CONICAL_SURFACE('',#4698,0.4,0.12914729012802);
#4698=AXIS2_PLACEMENT_3D('',#4699,#4700,#4701);
#4699=CARTESIAN_POINT('',(2.54,-1.88595607068692E-016,3.08));
#4700=DIRECTION('',(-6.12323399573677E-017,-6.12323399573677E-017,1.));
#4701=DIRECTION('',(-1.,-1.22464679914735E-016,-6.12323399573677E-017));
#4702=FACE_BOUND('',#4703,.T.);
#4703=EDGE_LOOP('',(#6037,#6038,#6039,#6040));
#4704=PLANE('',#4705);
#4705=AXIS2_PLACEMENT_3D('',#4706,#4707,#4708);
#4706=CARTESIAN_POINT('',(2.54,-2.35744508835866E-016,3.85));
#4707=DIRECTION('',(6.12323399573677E-017,6.12323399573677E-017,-1.));
#4708=DIRECTION('',(-1.,3.74939945665465E-033,-6.12323399573677E-017));
#4709=FACE_BOUND('',#4710,.T.);
#4710=EDGE_LOOP('',(#6041,#6042,#6043,#6044));
#4711=CONICAL_SURFACE('',#4712,0.4,0.12914729012802);
#4712=AXIS2_PLACEMENT_3D('',#4713,#4714,#4715);
#4713=CARTESIAN_POINT('',(2.54,-1.88595607068692E-016,3.08));
#4714=DIRECTION('',(-6.12323399573677E-017,-6.12323399573677E-017,1.));
#4715=DIRECTION('',(-1.,-1.22464679914735E-016,-6.12323399573677E-017));
#4716=FACE_BOUND('',#4717,.T.);
#4717=EDGE_LOOP('',(#6045,#6046,#6047,#6048));
#4718=PLANE('',#4719);
#4719=AXIS2_PLACEMENT_3D('',#4720,#4721,#4722);
#4720=CARTESIAN_POINT('',(2.54,-2.35744508835866E-016,3.85));
#4721=DIRECTION('',(6.12323399573677E-017,6.12323399573677E-017,-1.));
#4722=DIRECTION('',(-1.,3.74939945665465E-033,-6.12323399573677E-017));
#4723=FACE_BOUND('',#4724,.T.);
#4724=EDGE_LOOP('',(#6049,#6050,#6051,#6052));
#4725=CONICAL_SURFACE('',#4726,0.4,0.12914729012802);
#4726=AXIS2_PLACEMENT_3D('',#4727,#4728,#4729);
#4727=CARTESIAN_POINT('',(2.54,-1.88595607068692E-016,3.08));
#4728=DIRECTION('',(-6.12323399573677E-017,-6.12323399573677E-017,1.));
#4729=DIRECTION('',(-1.,-1.22464679914735E-016,-6.12323399573677E-017));
#4730=FACE_BOUND('',#4731,.T.);
#4731=EDGE_LOOP('',(#6053,#6054,#6055,#6056));
#4732=PLANE('',#4733);
#4733=AXIS2_PLACEMENT_3D('',#4734,#4735,#4736);
#4734=CARTESIAN_POINT('',(2.54,-2.35744508835866E-016,3.85));
#4735=DIRECTION('',(6.12323399573677E-017,6.12323399573677E-017,-1.));
#4736=DIRECTION('',(-1.,3.74939945665465E-033,-6.12323399573677E-017));
#4737=FACE_BOUND('',#4738,.T.);
#4738=EDGE_LOOP('',(#6057,#6058,#6059,#6060));
#4739=CONICAL_SURFACE('',#4740,0.4,0.12914729012802);
#4740=AXIS2_PLACEMENT_3D('',#4741,#4742,#4743);
#4741=CARTESIAN_POINT('',(2.54,-1.88595607068692E-016,3.08));
#4742=DIRECTION('',(-6.12323399573677E-017,-6.12323399573677E-017,1.));
#4743=DIRECTION('',(-1.,-1.22464679914735E-016,-6.12323399573677E-017));
#4744=FACE_BOUND('',#4745,.T.);
#4745=EDGE_LOOP('',(#6061));
#4746=FACE_BOUND('',#4747,.T.);
#4747=EDGE_LOOP('',(#6062));
#4748=PLANE('',#4749);
#4749=AXIS2_PLACEMENT_3D('',#4750,#4751,#4752);
#4750=CARTESIAN_POINT('',(2.54,-2.66360678814549E-016,4.35));
#4751=DIRECTION('',(-6.12323399573677E-017,-6.12323399573677E-017,1.));
#4752=DIRECTION('',(-1.,-1.22464679914735E-016,-6.12323399573677E-017));
#4753=FACE_BOUND('',#4754,.T.);
#4754=EDGE_LOOP('',(#6063,#6064,#6065,#6066,#6067,#6068,#6069,#6070,#6071));
#4755=FACE_OUTER_BOUND('',#4756,.T.);
#4756=EDGE_LOOP('',(#6072));
#4757=CYLINDRICAL_SURFACE('',#4758,0.4);
#4758=AXIS2_PLACEMENT_3D('',#4759,#4760,#4761);
#4759=CARTESIAN_POINT('',(2.54,-2.66360678814549E-016,4.35));
#4760=DIRECTION('',(-6.12323399573677E-017,-6.12323399573677E-017,1.));
#4761=DIRECTION('',(-1.,-1.22464679914735E-016,-6.12323399573677E-017));
#4762=FACE_BOUND('',#4763,.T.);
#4763=EDGE_LOOP('',(#6073,#6074,#6075,#6076));
#4764=PLANE('',#4765);
#4765=AXIS2_PLACEMENT_3D('',#4766,#4767,#4768);
#4766=CARTESIAN_POINT('',(2.49,-0.0500000000000002,3.85));
#4767=DIRECTION('',(2.48098013132869E-016,-1.,-6.30808536718839E-017));
#4768=DIRECTION('',(-1.,-2.48098013132869E-016,0.));
#4769=FACE_BOUND('',#4770,.T.);
#4770=EDGE_LOOP('',(#6077,#6078,#6079,#6080));
#4771=PLANE('',#4772);
#4772=AXIS2_PLACEMENT_3D('',#4773,#4774,#4775);
#4773=CARTESIAN_POINT('',(2.04250628144669,0.0499999999999997,3.85));
#4774=DIRECTION('',(-1.0854288074563E-016,1.,6.30808536718839E-017));
#4775=DIRECTION('',(1.,1.0854288074563E-016,0.));
#4776=FACE_BOUND('',#4777,.T.);
#4777=EDGE_LOOP('',(#6081,#6082,#6083,#6084));
#4778=PLANE('',#4779);
#4779=AXIS2_PLACEMENT_3D('',#4780,#4781,#4782);
#4780=CARTESIAN_POINT('',(2.49,-0.49749371855331,3.85));
#4781=DIRECTION('',(-1.,-4.34171522982521E-016,-6.30808536718839E-017));
#4782=DIRECTION('',(-4.34171522982521E-016,1.,0.));
#4783=FACE_BOUND('',#4784,.T.);
#4784=EDGE_LOOP('',(#6085,#6086,#6087,#6088));
#4785=PLANE('',#4786);
#4786=AXIS2_PLACEMENT_3D('',#4787,#4788,#4789);
#4787=CARTESIAN_POINT('',(2.54,-1.41446705301519E-016,2.31));
#4788=DIRECTION('',(6.12323399573677E-017,6.12323399573677E-017,-1.));
#4789=DIRECTION('',(-1.,-1.22464679914735E-016,-6.12323399573677E-017));
#4790=FACE_BOUND('',#4791,.T.);
#4791=EDGE_LOOP('',(#6089,#6090,#6091,#6092));
#4792=PLANE('',#4793);
#4793=AXIS2_PLACEMENT_3D('',#4794,#4795,#4796);
#4794=CARTESIAN_POINT('',(2.59,-0.0500000000000002,3.85));
#4795=DIRECTION('',(1.,3.10122516416087E-016,6.30808536718839E-017));
#4796=DIRECTION('',(3.10122516416087E-016,-1.,0.));
#4797=FACE_BOUND('',#4798,.T.);
#4798=EDGE_LOOP('',(#6093,#6094,#6095,#6096));
#4799=PLANE('',#4800);
#4800=AXIS2_PLACEMENT_3D('',#4801,#4802,#4803);
#4801=CARTESIAN_POINT('',(2.54,-1.41446705301519E-016,2.31));
#4802=DIRECTION('',(6.12323399573677E-017,6.12323399573677E-017,-1.));
#4803=DIRECTION('',(-1.,-1.22464679914735E-016,-6.12323399573677E-017));
#4804=FACE_BOUND('',#4805,.T.);
#4805=EDGE_LOOP('',(#6097,#6098,#6099,#6100));
#4806=PLANE('',#4807);
#4807=AXIS2_PLACEMENT_3D('',#4808,#4809,#4810);
#4808=CARTESIAN_POINT('',(3.03749371855331,-0.0500000000000001,3.85));
#4809=DIRECTION('',(2.63604138953674E-016,-1.,-6.30808536718839E-017));
#4810=DIRECTION('',(-1.,-2.63604138953674E-016,0.));
#4811=FACE_BOUND('',#4812,.T.);
#4812=EDGE_LOOP('',(#6101,#6102,#6103,#6104));
#4813=PLANE('',#4814);
#4814=AXIS2_PLACEMENT_3D('',#4815,#4816,#4817);
#4815=CARTESIAN_POINT('',(2.59,0.0499999999999998,3.85));
#4816=DIRECTION('',(-1.39555132387239E-016,1.,6.30808536718839E-017));
#4817=DIRECTION('',(1.,1.39555132387239E-016,0.));
#4818=FACE_BOUND('',#4819,.T.);
#4819=EDGE_LOOP('',(#6105,#6106,#6107,#6108));
#4820=PLANE('',#4821);
#4821=AXIS2_PLACEMENT_3D('',#4822,#4823,#4824);
#4822=CARTESIAN_POINT('',(2.59,0.49749371855331,3.85));
#4823=DIRECTION('',(1.,-3.10122516416087E-017,6.30808536718839E-017));
#4824=DIRECTION('',(-3.10122516416087E-017,-1.,0.));
#4825=FACE_BOUND('',#4826,.T.);
#4826=EDGE_LOOP('',(#6109,#6110,#6111,#6112));
#4827=PLANE('',#4828);
#4828=AXIS2_PLACEMENT_3D('',#4829,#4830,#4831);
#4829=CARTESIAN_POINT('',(2.54,-1.41446705301519E-016,2.31));
#4830=DIRECTION('',(6.12323399573677E-017,6.12323399573677E-017,-1.));
#4831=DIRECTION('',(-1.,-1.22464679914735E-016,-6.12323399573677E-017));
#4832=FACE_BOUND('',#4833,.T.);
#4833=EDGE_LOOP('',(#6113,#6114,#6115,#6116));
#4834=PLANE('',#4835);
#4835=AXIS2_PLACEMENT_3D('',#4836,#4837,#4838);
#4836=CARTESIAN_POINT('',(2.49,0.0499999999999998,3.85));
#4837=DIRECTION('',(-1.,-7.75306291040217E-017,-6.30808536718839E-017));
#4838=DIRECTION('',(-7.75306291040217E-017,1.,0.));
#4839=FACE_BOUND('',#4840,.T.);
#4840=EDGE_LOOP('',(#6117,#6118,#6119,#6120));
#4841=PLANE('',#4842);
#4842=AXIS2_PLACEMENT_3D('',#4843,#4844,#4845);
#4843=CARTESIAN_POINT('',(2.54,-1.41446705301519E-016,2.31));
#4844=DIRECTION('',(6.12323399573677E-017,6.12323399573677E-017,-1.));
#4845=DIRECTION('',(-1.,-1.22464679914735E-016,-6.12323399573677E-017));
#4846=FACE_BOUND('',#4847,.T.);
#4847=EDGE_LOOP('',(#6121,#6122,#6123,#6124));
#4848=CONICAL_SURFACE('',#4849,0.3,0.12914729012802);
#4849=AXIS2_PLACEMENT_3D('',#4850,#4851,#4852);
#4850=CARTESIAN_POINT('',(2.54,-1.88595607068692E-016,3.08));
#4851=DIRECTION('',(-6.12323399573677E-017,-6.12323399573677E-017,1.));
#4852=DIRECTION('',(-1.,-1.22464679914735E-016,-6.12323399573677E-017));
#4853=FACE_BOUND('',#4854,.T.);
#4854=EDGE_LOOP('',(#6125,#6126,#6127,#6128));
#4855=CONICAL_SURFACE('',#4856,0.3,0.12914729012802);
#4856=AXIS2_PLACEMENT_3D('',#4857,#4858,#4859);
#4857=CARTESIAN_POINT('',(2.54,-1.88595607068692E-016,3.08));
#4858=DIRECTION('',(-6.12323399573677E-017,-6.12323399573677E-017,1.));
#4859=DIRECTION('',(-1.,-1.22464679914735E-016,-6.12323399573677E-017));
#4860=FACE_BOUND('',#4861,.T.);
#4861=EDGE_LOOP('',(#6129,#6130,#6131,#6132));
#4862=CONICAL_SURFACE('',#4863,0.3,0.12914729012802);
#4863=AXIS2_PLACEMENT_3D('',#4864,#4865,#4866);
#4864=CARTESIAN_POINT('',(2.54,-1.88595607068692E-016,3.08));
#4865=DIRECTION('',(-6.12323399573677E-017,-6.12323399573677E-017,1.));
#4866=DIRECTION('',(-1.,-1.22464679914735E-016,-6.12323399573677E-017));
#4867=FACE_BOUND('',#4868,.T.);
#4868=EDGE_LOOP('',(#6133,#6134,#6135,#6136));
#4869=CONICAL_SURFACE('',#4870,0.3,0.12914729012802);
#4870=AXIS2_PLACEMENT_3D('',#4871,#4872,#4873);
#4871=CARTESIAN_POINT('',(2.54,-1.88595607068692E-016,3.08));
#4872=DIRECTION('',(-6.12323399573677E-017,-6.12323399573677E-017,1.));
#4873=DIRECTION('',(-1.,-1.22464679914735E-016,-6.12323399573677E-017));
#4874=FACE_BOUND('',#4875,.T.);
#4875=EDGE_LOOP('',(#6137));
#4876=FACE_BOUND('',#4877,.T.);
#4877=EDGE_LOOP('',(#6138));
#4878=PLANE('',#4879);
#4879=AXIS2_PLACEMENT_3D('',#4880,#4881,#4882);
#4880=CARTESIAN_POINT('',(-2.14644094748097E-016,-2.66360678814549E-016,4.35));
#4881=DIRECTION('',(-6.12323399573677E-017,-6.12323399573677E-017,1.));
#4882=DIRECTION('',(-1.,-1.22464679914735E-016,-6.12323399573677E-017));
#4883=FACE_BOUND('',#4884,.T.);
#4884=EDGE_LOOP('',(#6139,#6140,#6141,#6142,#6143,#6144,#6145,#6146,#6147));
#4885=FACE_OUTER_BOUND('',#4886,.T.);
#4886=EDGE_LOOP('',(#6148));
#4887=CYLINDRICAL_SURFACE('',#4888,0.5);
#4888=AXIS2_PLACEMENT_3D('',#4889,#4890,#4891);
#4889=CARTESIAN_POINT('',(-1.84027924769414E-016,-2.35744508835866E-016,3.85));
#4890=DIRECTION('',(-6.12323399573677E-017,-6.12323399573677E-017,1.));
#4891=DIRECTION('',(-1.,-1.22464679914735E-016,-6.12323399573677E-017));
#4892=FACE_BOUND('',#4893,.T.);
#4893=EDGE_LOOP('',(#6149,#6150,#6151,#6152,#6153,#6154,#6155,#6156,#6157));
#4894=FACE_OUTER_BOUND('',#4895,.T.);
#4895=EDGE_LOOP('',(#6158));
#4896=CYLINDRICAL_SURFACE('',#4897,0.4);
#4897=AXIS2_PLACEMENT_3D('',#4898,#4899,#4900);
#4898=CARTESIAN_POINT('',(-2.14644094748097E-016,-2.66360678814549E-016,4.35));
#4899=DIRECTION('',(-6.12323399573677E-017,-6.12323399573677E-017,1.));
#4900=DIRECTION('',(-1.,-1.22464679914735E-016,-6.12323399573677E-017));
#4901=FACE_BOUND('',#4902,.T.);
#4902=EDGE_LOOP('',(#6159,#6160,#6161,#6162,#6163,#6164));
#4903=PLANE('',#4904);
#4904=AXIS2_PLACEMENT_3D('',#4905,#4906,#4907);
#4905=CARTESIAN_POINT('',(-2.35744508835866E-016,-2.35744508835866E-016,3.85));
#4906=DIRECTION('',(6.12323399573677E-017,6.12323399573677E-017,-1.));
#4907=DIRECTION('',(-1.,3.74939945665465E-033,-6.12323399573677E-017));
#4908=FACE_BOUND('',#4909,.T.);
#4909=EDGE_LOOP('',(#6165,#6166,#6167,#6168));
#4910=CONICAL_SURFACE('',#4911,0.4,0.12914729012802);
#4911=AXIS2_PLACEMENT_3D('',#4912,#4913,#4914);
#4912=CARTESIAN_POINT('',(-1.3687902300224E-016,-1.88595607068692E-016,3.08));
#4913=DIRECTION('',(-6.12323399573677E-017,-6.12323399573677E-017,1.));
#4914=DIRECTION('',(-1.,-1.22464679914735E-016,-6.12323399573677E-017));
#4915=FACE_BOUND('',#4916,.T.);
#4916=EDGE_LOOP('',(#6169,#6170,#6171,#6172));
#4917=PLANE('',#4918);
#4918=AXIS2_PLACEMENT_3D('',#4919,#4920,#4921);
#4919=CARTESIAN_POINT('',(-2.35744508835866E-016,-2.35744508835866E-016,3.85));
#4920=DIRECTION('',(6.12323399573677E-017,6.12323399573677E-017,-1.));
#4921=DIRECTION('',(-1.,3.74939945665465E-033,-6.12323399573677E-017));
#4922=FACE_BOUND('',#4923,.T.);
#4923=EDGE_LOOP('',(#6173,#6174,#6175,#6176));
#4924=CONICAL_SURFACE('',#4925,0.4,0.12914729012802);
#4925=AXIS2_PLACEMENT_3D('',#4926,#4927,#4928);
#4926=CARTESIAN_POINT('',(-1.3687902300224E-016,-1.88595607068692E-016,3.08));
#4927=DIRECTION('',(-6.12323399573677E-017,-6.12323399573677E-017,1.));
#4928=DIRECTION('',(-1.,-1.22464679914735E-016,-6.12323399573677E-017));
#4929=FACE_BOUND('',#4930,.T.);
#4930=EDGE_LOOP('',(#6177,#6178,#6179,#6180));
#4931=PLANE('',#4932);
#4932=AXIS2_PLACEMENT_3D('',#4933,#4934,#4935);
#4933=CARTESIAN_POINT('',(-2.35744508835866E-016,-2.35744508835866E-016,3.85));
#4934=DIRECTION('',(6.12323399573677E-017,6.12323399573677E-017,-1.));
#4935=DIRECTION('',(-1.,3.74939945665465E-033,-6.12323399573677E-017));
#4936=FACE_BOUND('',#4937,.T.);
#4937=EDGE_LOOP('',(#6181,#6182,#6183,#6184));
#4938=CONICAL_SURFACE('',#4939,0.4,0.12914729012802);
#4939=AXIS2_PLACEMENT_3D('',#4940,#4941,#4942);
#4940=CARTESIAN_POINT('',(-1.3687902300224E-016,-1.88595607068692E-016,3.08));
#4941=DIRECTION('',(-6.12323399573677E-017,-6.12323399573677E-017,1.));
#4942=DIRECTION('',(-1.,-1.22464679914735E-016,-6.12323399573677E-017));
#4943=FACE_BOUND('',#4944,.T.);
#4944=EDGE_LOOP('',(#6185,#6186,#6187,#6188));
#4945=PLANE('',#4946);
#4946=AXIS2_PLACEMENT_3D('',#4947,#4948,#4949);
#4947=CARTESIAN_POINT('',(-2.35744508835866E-016,-2.35744508835866E-016,3.85));
#4948=DIRECTION('',(6.12323399573677E-017,6.12323399573677E-017,-1.));
#4949=DIRECTION('',(-1.,3.74939945665465E-033,-6.12323399573677E-017));
#4950=FACE_BOUND('',#4951,.T.);
#4951=EDGE_LOOP('',(#6189,#6190,#6191,#6192));
#4952=CONICAL_SURFACE('',#4953,0.4,0.12914729012802);
#4953=AXIS2_PLACEMENT_3D('',#4954,#4955,#4956);
#4954=CARTESIAN_POINT('',(-1.3687902300224E-016,-1.88595607068692E-016,3.08));
#4955=DIRECTION('',(-6.12323399573677E-017,-6.12323399573677E-017,1.));
#4956=DIRECTION('',(-1.,-1.22464679914735E-016,-6.12323399573677E-017));
#4957=FACE_BOUND('',#4958,.T.);
#4958=EDGE_LOOP('',(#6193,#6194,#6195,#6196));
#4959=CONICAL_SURFACE('',#4960,0.3,0.12914729012802);
#4960=AXIS2_PLACEMENT_3D('',#4961,#4962,#4963);
#4961=CARTESIAN_POINT('',(-1.3687902300224E-016,-1.88595607068692E-016,3.08));
#4962=DIRECTION('',(-6.12323399573677E-017,-6.12323399573677E-017,1.));
#4963=DIRECTION('',(-1.,-1.22464679914735E-016,-6.12323399573677E-017));
#4964=FACE_BOUND('',#4965,.T.);
#4965=EDGE_LOOP('',(#6197,#6198,#6199,#6200));
#4966=CONICAL_SURFACE('',#4967,0.3,0.12914729012802);
#4967=AXIS2_PLACEMENT_3D('',#4968,#4969,#4970);
#4968=CARTESIAN_POINT('',(-1.3687902300224E-016,-1.88595607068692E-016,3.08));
#4969=DIRECTION('',(-6.12323399573677E-017,-6.12323399573677E-017,1.));
#4970=DIRECTION('',(-1.,-1.22464679914735E-016,-6.12323399573677E-017));
#4971=FACE_BOUND('',#4972,.T.);
#4972=EDGE_LOOP('',(#6201,#6202,#6203,#6204));
#4973=CONICAL_SURFACE('',#4974,0.3,0.12914729012802);
#4974=AXIS2_PLACEMENT_3D('',#4975,#4976,#4977);
#4975=CARTESIAN_POINT('',(-1.3687902300224E-016,-1.88595607068692E-016,3.08));
#4976=DIRECTION('',(-6.12323399573677E-017,-6.12323399573677E-017,1.));
#4977=DIRECTION('',(-1.,-1.22464679914735E-016,-6.12323399573677E-017));
#4978=FACE_BOUND('',#4979,.T.);
#4979=EDGE_LOOP('',(#6205,#6206,#6207,#6208));
#4980=CONICAL_SURFACE('',#4981,0.3,0.12914729012802);
#4981=AXIS2_PLACEMENT_3D('',#4982,#4983,#4984);
#4982=CARTESIAN_POINT('',(-1.3687902300224E-016,-1.88595607068692E-016,3.08));
#4983=DIRECTION('',(-6.12323399573677E-017,-6.12323399573677E-017,1.));
#4984=DIRECTION('',(-1.,-1.22464679914735E-016,-6.12323399573677E-017));
#4985=FACE_BOUND('',#4986,.T.);
#4986=EDGE_LOOP('',(#6209,#6210,#6211,#6212));
#4987=PLANE('',#4988);
#4988=AXIS2_PLACEMENT_3D('',#4989,#4990,#4991);
#4989=CARTESIAN_POINT('',(-0.0500000000000002,-0.0500000000000002,3.85));
#4990=DIRECTION('',(2.48098013132869E-016,-1.,-6.30808536718839E-017));
#4991=DIRECTION('',(-1.,-2.48098013132869E-016,0.));
#4992=FACE_BOUND('',#4993,.T.);
#4993=EDGE_LOOP('',(#6213,#6214,#6215,#6216));
#4994=PLANE('',#4995);
#4995=AXIS2_PLACEMENT_3D('',#4996,#4997,#4998);
#4996=CARTESIAN_POINT('',(-0.49749371855331,0.0499999999999997,3.85));
#4997=DIRECTION('',(-1.0854288074563E-016,1.,6.30808536718839E-017));
#4998=DIRECTION('',(1.,1.0854288074563E-016,0.));
#4999=FACE_BOUND('',#5000,.T.);
#5000=EDGE_LOOP('',(#6217,#6218,#6219,#6220));
#5001=PLANE('',#5002);
#5002=AXIS2_PLACEMENT_3D('',#5003,#5004,#5005);
#5003=CARTESIAN_POINT('',(-0.05,-0.49749371855331,3.85));
#5004=DIRECTION('',(-1.,-4.34171522982521E-016,-6.30808536718839E-017));
#5005=DIRECTION('',(-4.34171522982521E-016,1.,0.));
#5006=FACE_BOUND('',#5007,.T.);
#5007=EDGE_LOOP('',(#6221,#6222,#6223,#6224));
#5008=PLANE('',#5009);
#5009=AXIS2_PLACEMENT_3D('',#5010,#5011,#5012);
#5010=CARTESIAN_POINT('',(-8.97301212350673E-017,-1.41446705301519E-016,2.31));
#5011=DIRECTION('',(6.12323399573677E-017,6.12323399573677E-017,-1.));
#5012=DIRECTION('',(-1.,-1.22464679914735E-016,-6.12323399573677E-017));
#5013=FACE_BOUND('',#5014,.T.);
#5014=EDGE_LOOP('',(#6225,#6226,#6227,#6228));
#5015=PLANE('',#5016);
#5016=AXIS2_PLACEMENT_3D('',#5017,#5018,#5019);
#5017=CARTESIAN_POINT('',(0.0499999999999998,-0.0500000000000002,3.85));
#5018=DIRECTION('',(1.,3.10122516416087E-016,6.30808536718839E-017));
#5019=DIRECTION('',(3.10122516416087E-016,-1.,0.));
#5020=FACE_BOUND('',#5021,.T.);
#5021=EDGE_LOOP('',(#6229,#6230,#6231,#6232));
#5022=PLANE('',#5023);
#5023=AXIS2_PLACEMENT_3D('',#5024,#5025,#5026);
#5024=CARTESIAN_POINT('',(-8.97301212350673E-017,-1.41446705301519E-016,2.31));
#5025=DIRECTION('',(6.12323399573677E-017,6.12323399573677E-017,-1.));
#5026=DIRECTION('',(-1.,-1.22464679914735E-016,-6.12323399573677E-017));
#5027=FACE_BOUND('',#5028,.T.);
#5028=EDGE_LOOP('',(#6233,#6234,#6235,#6236));
#5029=PLANE('',#5030);
#5030=AXIS2_PLACEMENT_3D('',#5031,#5032,#5033);
#5031=CARTESIAN_POINT('',(0.49749371855331,-0.0500000000000001,3.85));
#5032=DIRECTION('',(2.63604138953674E-016,-1.,-6.30808536718839E-017));
#5033=DIRECTION('',(-1.,-2.63604138953674E-016,0.));
#5034=FACE_BOUND('',#5035,.T.);
#5035=EDGE_LOOP('',(#6237,#6238,#6239,#6240));
#5036=PLANE('',#5037);
#5037=AXIS2_PLACEMENT_3D('',#5038,#5039,#5040);
#5038=CARTESIAN_POINT('',(0.0499999999999998,0.0499999999999998,3.85));
#5039=DIRECTION('',(-1.39555132387239E-016,1.,6.30808536718839E-017));
#5040=DIRECTION('',(1.,1.39555132387239E-016,0.));
#5041=FACE_BOUND('',#5042,.T.);
#5042=EDGE_LOOP('',(#6241,#6242,#6243,#6244));
#5043=PLANE('',#5044);
#5044=AXIS2_PLACEMENT_3D('',#5045,#5046,#5047);
#5045=CARTESIAN_POINT('',(0.0499999999999998,0.49749371855331,3.85));
#5046=DIRECTION('',(1.,-3.10122516416087E-017,6.30808536718839E-017));
#5047=DIRECTION('',(-3.10122516416087E-017,-1.,0.));
#5048=FACE_BOUND('',#5049,.T.);
#5049=EDGE_LOOP('',(#6245,#6246,#6247,#6248));
#5050=PLANE('',#5051);
#5051=AXIS2_PLACEMENT_3D('',#5052,#5053,#5054);
#5052=CARTESIAN_POINT('',(-8.97301212350673E-017,-1.41446705301519E-016,2.31));
#5053=DIRECTION('',(6.12323399573677E-017,6.12323399573677E-017,-1.));
#5054=DIRECTION('',(-1.,-1.22464679914735E-016,-6.12323399573677E-017));
#5055=FACE_BOUND('',#5056,.T.);
#5056=EDGE_LOOP('',(#6249,#6250,#6251,#6252));
#5057=PLANE('',#5058);
#5058=AXIS2_PLACEMENT_3D('',#5059,#5060,#5061);
#5059=CARTESIAN_POINT('',(-0.0500000000000002,0.0499999999999998,3.85));
#5060=DIRECTION('',(-1.,-7.75306291040217E-017,-6.30808536718839E-017));
#5061=DIRECTION('',(-7.75306291040217E-017,1.,0.));
#5062=FACE_BOUND('',#5063,.T.);
#5063=EDGE_LOOP('',(#6253,#6254,#6255,#6256));
#5064=PLANE('',#5065);
#5065=AXIS2_PLACEMENT_3D('',#5066,#5067,#5068);
#5066=CARTESIAN_POINT('',(-8.97301212350673E-017,-1.41446705301519E-016,2.31));
#5067=DIRECTION('',(6.12323399573677E-017,6.12323399573677E-017,-1.));
#5068=DIRECTION('',(-1.,-1.22464679914735E-016,-6.12323399573677E-017));
#5069=ORIENTED_EDGE('',*,*,#6257,.T.);
#5070=ORIENTED_EDGE('',*,*,#6258,.F.);
#5071=ORIENTED_EDGE('',*,*,#6259,.T.);
#5072=ORIENTED_EDGE('',*,*,#6260,.F.);
#5073=ORIENTED_EDGE('',*,*,#6261,.T.);
#5074=ORIENTED_EDGE('',*,*,#6262,.F.);
#5075=ORIENTED_EDGE('',*,*,#6263,.T.);
#5076=ORIENTED_EDGE('',*,*,#6264,.F.);
#5077=ORIENTED_EDGE('',*,*,#6265,.T.);
#5078=ORIENTED_EDGE('',*,*,#6266,.F.);
#5079=ORIENTED_EDGE('',*,*,#6267,.T.);
#5080=ORIENTED_EDGE('',*,*,#6268,.T.);
#5081=ORIENTED_EDGE('',*,*,#6269,.T.);
#5082=ORIENTED_EDGE('',*,*,#6270,.T.);
#5083=ORIENTED_EDGE('',*,*,#6271,.T.);
#5084=ORIENTED_EDGE('',*,*,#6272,.T.);
#5085=ORIENTED_EDGE('',*,*,#6273,.T.);
#5086=ORIENTED_EDGE('',*,*,#6274,.T.);
#5087=ORIENTED_EDGE('',*,*,#6275,.T.);
#5088=ORIENTED_EDGE('',*,*,#6276,.T.);
#5089=ORIENTED_EDGE('',*,*,#6277,.T.);
#5090=ORIENTED_EDGE('',*,*,#6278,.T.);
#5091=ORIENTED_EDGE('',*,*,#6279,.T.);
#5092=ORIENTED_EDGE('',*,*,#6280,.T.);
#5093=ORIENTED_EDGE('',*,*,#6281,.T.);
#5094=ORIENTED_EDGE('',*,*,#6282,.T.);
#5095=ORIENTED_EDGE('',*,*,#6283,.T.);
#5096=ORIENTED_EDGE('',*,*,#6284,.T.);
#5097=ORIENTED_EDGE('',*,*,#6285,.T.);
#5098=ORIENTED_EDGE('',*,*,#6286,.T.);
#5099=ORIENTED_EDGE('',*,*,#6287,.T.);
#5100=ORIENTED_EDGE('',*,*,#6288,.T.);
#5101=ORIENTED_EDGE('',*,*,#6289,.T.);
#5102=ORIENTED_EDGE('',*,*,#6290,.T.);
#5103=ORIENTED_EDGE('',*,*,#6291,.T.);
#5104=ORIENTED_EDGE('',*,*,#6292,.T.);
#5105=ORIENTED_EDGE('',*,*,#6293,.T.);
#5106=ORIENTED_EDGE('',*,*,#6294,.T.);
#5107=ORIENTED_EDGE('',*,*,#6295,.T.);
#5108=ORIENTED_EDGE('',*,*,#6296,.T.);
#5109=ORIENTED_EDGE('',*,*,#6297,.T.);
#5110=ORIENTED_EDGE('',*,*,#6298,.T.);
#5111=ORIENTED_EDGE('',*,*,#6299,.T.);
#5112=ORIENTED_EDGE('',*,*,#6300,.T.);
#5113=ORIENTED_EDGE('',*,*,#6301,.T.);
#5114=ORIENTED_EDGE('',*,*,#6302,.T.);
#5115=ORIENTED_EDGE('',*,*,#6303,.T.);
#5116=ORIENTED_EDGE('',*,*,#6304,.T.);
#5117=ORIENTED_EDGE('',*,*,#6305,.T.);
#5118=ORIENTED_EDGE('',*,*,#6306,.T.);
#5119=ORIENTED_EDGE('',*,*,#6307,.T.);
#5120=ORIENTED_EDGE('',*,*,#6308,.T.);
#5121=ORIENTED_EDGE('',*,*,#6309,.T.);
#5122=ORIENTED_EDGE('',*,*,#6310,.T.);
#5123=ORIENTED_EDGE('',*,*,#6311,.T.);
#5124=ORIENTED_EDGE('',*,*,#6312,.T.);
#5125=ORIENTED_EDGE('',*,*,#6313,.T.);
#5126=ORIENTED_EDGE('',*,*,#6314,.T.);
#5127=ORIENTED_EDGE('',*,*,#6315,.T.);
#5128=ORIENTED_EDGE('',*,*,#6316,.T.);
#5129=ORIENTED_EDGE('',*,*,#6317,.T.);
#5130=ORIENTED_EDGE('',*,*,#6318,.T.);
#5131=ORIENTED_EDGE('',*,*,#6319,.T.);
#5132=ORIENTED_EDGE('',*,*,#6320,.T.);
#5133=ORIENTED_EDGE('',*,*,#6321,.T.);
#5134=ORIENTED_EDGE('',*,*,#6322,.T.);
#5135=ORIENTED_EDGE('',*,*,#6323,.T.);
#5136=ORIENTED_EDGE('',*,*,#6324,.T.);
#5137=ORIENTED_EDGE('',*,*,#6325,.T.);
#5138=ORIENTED_EDGE('',*,*,#6259,.F.);
#5139=ORIENTED_EDGE('',*,*,#6323,.F.);
#5140=ORIENTED_EDGE('',*,*,#6325,.F.);
#5141=ORIENTED_EDGE('',*,*,#6326,.T.);
#5142=ORIENTED_EDGE('',*,*,#6257,.F.);
#5143=ORIENTED_EDGE('',*,*,#6322,.F.);
#5144=ORIENTED_EDGE('',*,*,#6326,.F.);
#5145=ORIENTED_EDGE('',*,*,#6327,.T.);
#5146=ORIENTED_EDGE('',*,*,#6261,.F.);
#5147=ORIENTED_EDGE('',*,*,#6321,.F.);
#5148=ORIENTED_EDGE('',*,*,#6327,.F.);
#5149=ORIENTED_EDGE('',*,*,#6328,.T.);
#5150=ORIENTED_EDGE('',*,*,#6263,.F.);
#5151=ORIENTED_EDGE('',*,*,#6320,.F.);
#5152=ORIENTED_EDGE('',*,*,#6328,.F.);
#5153=ORIENTED_EDGE('',*,*,#6329,.T.);
#5154=ORIENTED_EDGE('',*,*,#6265,.F.);
#5155=ORIENTED_EDGE('',*,*,#6319,.F.);
#5156=ORIENTED_EDGE('',*,*,#6329,.F.);
#5157=ORIENTED_EDGE('',*,*,#6330,.F.);
#5158=ORIENTED_EDGE('',*,*,#6331,.F.);
#5159=ORIENTED_EDGE('',*,*,#6332,.F.);
#5160=ORIENTED_EDGE('',*,*,#6333,.F.);
#5161=ORIENTED_EDGE('',*,*,#6334,.F.);
#5162=ORIENTED_EDGE('',*,*,#6335,.F.);
#5163=ORIENTED_EDGE('',*,*,#6336,.F.);
#5164=ORIENTED_EDGE('',*,*,#6337,.F.);
#5165=ORIENTED_EDGE('',*,*,#6338,.F.);
#5166=ORIENTED_EDGE('',*,*,#6339,.F.);
#5167=ORIENTED_EDGE('',*,*,#6340,.F.);
#5168=ORIENTED_EDGE('',*,*,#6341,.F.);
#5169=ORIENTED_EDGE('',*,*,#6342,.F.);
#5170=ORIENTED_EDGE('',*,*,#6343,.F.);
#5171=ORIENTED_EDGE('',*,*,#6344,.F.);
#5172=ORIENTED_EDGE('',*,*,#6345,.F.);
#5173=ORIENTED_EDGE('',*,*,#6346,.F.);
#5174=ORIENTED_EDGE('',*,*,#6347,.F.);
#5175=ORIENTED_EDGE('',*,*,#6348,.F.);
#5176=ORIENTED_EDGE('',*,*,#6349,.F.);
#5177=ORIENTED_EDGE('',*,*,#6350,.F.);
#5178=ORIENTED_EDGE('',*,*,#6351,.F.);
#5179=ORIENTED_EDGE('',*,*,#6352,.F.);
#5180=ORIENTED_EDGE('',*,*,#6353,.F.);
#5181=ORIENTED_EDGE('',*,*,#6354,.F.);
#5182=ORIENTED_EDGE('',*,*,#6355,.F.);
#5183=ORIENTED_EDGE('',*,*,#6356,.F.);
#5184=ORIENTED_EDGE('',*,*,#6357,.F.);
#5185=ORIENTED_EDGE('',*,*,#6358,.F.);
#5186=ORIENTED_EDGE('',*,*,#6359,.F.);
#5187=ORIENTED_EDGE('',*,*,#6360,.F.);
#5188=ORIENTED_EDGE('',*,*,#6361,.F.);
#5189=ORIENTED_EDGE('',*,*,#6362,.F.);
#5190=ORIENTED_EDGE('',*,*,#6363,.F.);
#5191=ORIENTED_EDGE('',*,*,#6364,.F.);
#5192=ORIENTED_EDGE('',*,*,#6365,.F.);
#5193=ORIENTED_EDGE('',*,*,#6366,.F.);
#5194=ORIENTED_EDGE('',*,*,#6367,.F.);
#5195=ORIENTED_EDGE('',*,*,#6368,.F.);
#5196=ORIENTED_EDGE('',*,*,#6369,.F.);
#5197=ORIENTED_EDGE('',*,*,#6370,.F.);
#5198=ORIENTED_EDGE('',*,*,#6371,.F.);
#5199=ORIENTED_EDGE('',*,*,#6372,.F.);
#5200=ORIENTED_EDGE('',*,*,#6373,.F.);
#5201=ORIENTED_EDGE('',*,*,#6374,.F.);
#5202=ORIENTED_EDGE('',*,*,#6375,.F.);
#5203=ORIENTED_EDGE('',*,*,#6376,.F.);
#5204=ORIENTED_EDGE('',*,*,#6377,.F.);
#5205=ORIENTED_EDGE('',*,*,#6378,.F.);
#5206=ORIENTED_EDGE('',*,*,#6379,.F.);
#5207=ORIENTED_EDGE('',*,*,#6380,.F.);
#5208=ORIENTED_EDGE('',*,*,#6381,.F.);
#5209=ORIENTED_EDGE('',*,*,#6382,.T.);
#5210=ORIENTED_EDGE('',*,*,#6266,.T.);
#5211=ORIENTED_EDGE('',*,*,#6264,.T.);
#5212=ORIENTED_EDGE('',*,*,#6262,.T.);
#5213=ORIENTED_EDGE('',*,*,#6260,.T.);
#5214=ORIENTED_EDGE('',*,*,#6258,.T.);
#5215=ORIENTED_EDGE('',*,*,#6338,.T.);
#5216=ORIENTED_EDGE('',*,*,#6383,.T.);
#5217=ORIENTED_EDGE('',*,*,#6267,.F.);
#5218=ORIENTED_EDGE('',*,*,#6384,.F.);
#5219=ORIENTED_EDGE('',*,*,#6337,.T.);
#5220=ORIENTED_EDGE('',*,*,#6385,.T.);
#5221=ORIENTED_EDGE('',*,*,#6268,.F.);
#5222=ORIENTED_EDGE('',*,*,#6383,.F.);
#5223=ORIENTED_EDGE('',*,*,#6336,.T.);
#5224=ORIENTED_EDGE('',*,*,#6386,.T.);
#5225=ORIENTED_EDGE('',*,*,#6269,.F.);
#5226=ORIENTED_EDGE('',*,*,#6385,.F.);
#5227=ORIENTED_EDGE('',*,*,#6335,.T.);
#5228=ORIENTED_EDGE('',*,*,#6387,.T.);
#5229=ORIENTED_EDGE('',*,*,#6270,.F.);
#5230=ORIENTED_EDGE('',*,*,#6386,.F.);
#5231=ORIENTED_EDGE('',*,*,#6334,.T.);
#5232=ORIENTED_EDGE('',*,*,#6388,.T.);
#5233=ORIENTED_EDGE('',*,*,#6271,.F.);
#5234=ORIENTED_EDGE('',*,*,#6387,.F.);
#5235=ORIENTED_EDGE('',*,*,#6333,.T.);
#5236=ORIENTED_EDGE('',*,*,#6389,.T.);
#5237=ORIENTED_EDGE('',*,*,#6272,.F.);
#5238=ORIENTED_EDGE('',*,*,#6388,.F.);
#5239=ORIENTED_EDGE('',*,*,#6332,.T.);
#5240=ORIENTED_EDGE('',*,*,#6390,.T.);
#5241=ORIENTED_EDGE('',*,*,#6273,.F.);
#5242=ORIENTED_EDGE('',*,*,#6389,.F.);
#5243=ORIENTED_EDGE('',*,*,#6331,.T.);
#5244=ORIENTED_EDGE('',*,*,#6391,.T.);
#5245=ORIENTED_EDGE('',*,*,#6274,.F.);
#5246=ORIENTED_EDGE('',*,*,#6390,.F.);
#5247=ORIENTED_EDGE('',*,*,#6330,.T.);
#5248=ORIENTED_EDGE('',*,*,#6392,.T.);
#5249=ORIENTED_EDGE('',*,*,#6275,.F.);
#5250=ORIENTED_EDGE('',*,*,#6391,.F.);
#5251=ORIENTED_EDGE('',*,*,#6381,.T.);
#5252=ORIENTED_EDGE('',*,*,#6393,.T.);
#5253=ORIENTED_EDGE('',*,*,#6276,.F.);
#5254=ORIENTED_EDGE('',*,*,#6392,.F.);
#5255=ORIENTED_EDGE('',*,*,#6380,.T.);
#5256=ORIENTED_EDGE('',*,*,#6394,.T.);
#5257=ORIENTED_EDGE('',*,*,#6277,.F.);
#5258=ORIENTED_EDGE('',*,*,#6393,.F.);
#5259=ORIENTED_EDGE('',*,*,#6379,.T.);
#5260=ORIENTED_EDGE('',*,*,#6395,.T.);
#5261=ORIENTED_EDGE('',*,*,#6278,.F.);
#5262=ORIENTED_EDGE('',*,*,#6394,.F.);
#5263=ORIENTED_EDGE('',*,*,#6378,.T.);
#5264=ORIENTED_EDGE('',*,*,#6396,.T.);
#5265=ORIENTED_EDGE('',*,*,#6279,.F.);
#5266=ORIENTED_EDGE('',*,*,#6395,.F.);
#5267=ORIENTED_EDGE('',*,*,#6377,.T.);
#5268=ORIENTED_EDGE('',*,*,#6397,.T.);
#5269=ORIENTED_EDGE('',*,*,#6280,.F.);
#5270=ORIENTED_EDGE('',*,*,#6396,.F.);
#5271=ORIENTED_EDGE('',*,*,#6376,.T.);
#5272=ORIENTED_EDGE('',*,*,#6398,.T.);
#5273=ORIENTED_EDGE('',*,*,#6281,.F.);
#5274=ORIENTED_EDGE('',*,*,#6397,.F.);
#5275=ORIENTED_EDGE('',*,*,#6375,.T.);
#5276=ORIENTED_EDGE('',*,*,#6399,.T.);
#5277=ORIENTED_EDGE('',*,*,#6282,.F.);
#5278=ORIENTED_EDGE('',*,*,#6398,.F.);
#5279=ORIENTED_EDGE('',*,*,#6374,.T.);
#5280=ORIENTED_EDGE('',*,*,#6400,.T.);
#5281=ORIENTED_EDGE('',*,*,#6283,.F.);
#5282=ORIENTED_EDGE('',*,*,#6399,.F.);
#5283=ORIENTED_EDGE('',*,*,#6373,.T.);
#5284=ORIENTED_EDGE('',*,*,#6401,.T.);
#5285=ORIENTED_EDGE('',*,*,#6284,.F.);
#5286=ORIENTED_EDGE('',*,*,#6400,.F.);
#5287=ORIENTED_EDGE('',*,*,#6372,.T.);
#5288=ORIENTED_EDGE('',*,*,#6402,.T.);
#5289=ORIENTED_EDGE('',*,*,#6285,.F.);
#5290=ORIENTED_EDGE('',*,*,#6401,.F.);
#5291=ORIENTED_EDGE('',*,*,#6371,.T.);
#5292=ORIENTED_EDGE('',*,*,#6403,.T.);
#5293=ORIENTED_EDGE('',*,*,#6286,.F.);
#5294=ORIENTED_EDGE('',*,*,#6402,.F.);
#5295=ORIENTED_EDGE('',*,*,#6370,.T.);
#5296=ORIENTED_EDGE('',*,*,#6404,.T.);
#5297=ORIENTED_EDGE('',*,*,#6287,.F.);
#5298=ORIENTED_EDGE('',*,*,#6403,.F.);
#5299=ORIENTED_EDGE('',*,*,#6369,.T.);
#5300=ORIENTED_EDGE('',*,*,#6405,.T.);
#5301=ORIENTED_EDGE('',*,*,#6288,.F.);
#5302=ORIENTED_EDGE('',*,*,#6404,.F.);
#5303=ORIENTED_EDGE('',*,*,#6368,.T.);
#5304=ORIENTED_EDGE('',*,*,#6406,.T.);
#5305=ORIENTED_EDGE('',*,*,#6289,.F.);
#5306=ORIENTED_EDGE('',*,*,#6405,.F.);
#5307=ORIENTED_EDGE('',*,*,#6367,.T.);
#5308=ORIENTED_EDGE('',*,*,#6407,.T.);
#5309=ORIENTED_EDGE('',*,*,#6290,.F.);
#5310=ORIENTED_EDGE('',*,*,#6406,.F.);
#5311=ORIENTED_EDGE('',*,*,#6366,.T.);
#5312=ORIENTED_EDGE('',*,*,#6408,.T.);
#5313=ORIENTED_EDGE('',*,*,#6291,.F.);
#5314=ORIENTED_EDGE('',*,*,#6407,.F.);
#5315=ORIENTED_EDGE('',*,*,#6409,.T.);
#5316=ORIENTED_EDGE('',*,*,#6292,.F.);
#5317=ORIENTED_EDGE('',*,*,#6408,.F.);
#5318=ORIENTED_EDGE('',*,*,#6365,.T.);
#5319=ORIENTED_EDGE('',*,*,#6364,.T.);
#5320=ORIENTED_EDGE('',*,*,#6410,.T.);
#5321=ORIENTED_EDGE('',*,*,#6293,.F.);
#5322=ORIENTED_EDGE('',*,*,#6409,.F.);
#5323=ORIENTED_EDGE('',*,*,#6363,.T.);
#5324=ORIENTED_EDGE('',*,*,#6411,.T.);
#5325=ORIENTED_EDGE('',*,*,#6294,.F.);
#5326=ORIENTED_EDGE('',*,*,#6410,.F.);
#5327=ORIENTED_EDGE('',*,*,#6362,.T.);
#5328=ORIENTED_EDGE('',*,*,#6412,.T.);
#5329=ORIENTED_EDGE('',*,*,#6295,.F.);
#5330=ORIENTED_EDGE('',*,*,#6411,.F.);
#5331=ORIENTED_EDGE('',*,*,#6361,.T.);
#5332=ORIENTED_EDGE('',*,*,#6413,.T.);
#5333=ORIENTED_EDGE('',*,*,#6296,.F.);
#5334=ORIENTED_EDGE('',*,*,#6412,.F.);
#5335=ORIENTED_EDGE('',*,*,#6360,.T.);
#5336=ORIENTED_EDGE('',*,*,#6414,.T.);
#5337=ORIENTED_EDGE('',*,*,#6297,.F.);
#5338=ORIENTED_EDGE('',*,*,#6413,.F.);
#5339=ORIENTED_EDGE('',*,*,#6359,.T.);
#5340=ORIENTED_EDGE('',*,*,#6415,.T.);
#5341=ORIENTED_EDGE('',*,*,#6298,.F.);
#5342=ORIENTED_EDGE('',*,*,#6414,.F.);
#5343=ORIENTED_EDGE('',*,*,#6358,.T.);
#5344=ORIENTED_EDGE('',*,*,#6416,.T.);
#5345=ORIENTED_EDGE('',*,*,#6299,.F.);
#5346=ORIENTED_EDGE('',*,*,#6415,.F.);
#5347=ORIENTED_EDGE('',*,*,#6357,.T.);
#5348=ORIENTED_EDGE('',*,*,#6417,.T.);
#5349=ORIENTED_EDGE('',*,*,#6300,.F.);
#5350=ORIENTED_EDGE('',*,*,#6416,.F.);
#5351=ORIENTED_EDGE('',*,*,#6356,.T.);
#5352=ORIENTED_EDGE('',*,*,#6418,.T.);
#5353=ORIENTED_EDGE('',*,*,#6301,.F.);
#5354=ORIENTED_EDGE('',*,*,#6417,.F.);
#5355=ORIENTED_EDGE('',*,*,#6355,.T.);
#5356=ORIENTED_EDGE('',*,*,#6419,.T.);
#5357=ORIENTED_EDGE('',*,*,#6302,.F.);
#5358=ORIENTED_EDGE('',*,*,#6418,.F.);
#5359=ORIENTED_EDGE('',*,*,#6354,.T.);
#5360=ORIENTED_EDGE('',*,*,#6420,.T.);
#5361=ORIENTED_EDGE('',*,*,#6303,.F.);
#5362=ORIENTED_EDGE('',*,*,#6419,.F.);
#5363=ORIENTED_EDGE('',*,*,#6353,.T.);
#5364=ORIENTED_EDGE('',*,*,#6421,.T.);
#5365=ORIENTED_EDGE('',*,*,#6304,.F.);
#5366=ORIENTED_EDGE('',*,*,#6420,.F.);
#5367=ORIENTED_EDGE('',*,*,#6352,.T.);
#5368=ORIENTED_EDGE('',*,*,#6422,.T.);
#5369=ORIENTED_EDGE('',*,*,#6305,.F.);
#5370=ORIENTED_EDGE('',*,*,#6421,.F.);
#5371=ORIENTED_EDGE('',*,*,#6423,.T.);
#5372=ORIENTED_EDGE('',*,*,#6306,.F.);
#5373=ORIENTED_EDGE('',*,*,#6422,.F.);
#5374=ORIENTED_EDGE('',*,*,#6351,.T.);
#5375=ORIENTED_EDGE('',*,*,#6350,.T.);
#5376=ORIENTED_EDGE('',*,*,#6424,.T.);
#5377=ORIENTED_EDGE('',*,*,#6307,.F.);
#5378=ORIENTED_EDGE('',*,*,#6423,.F.);
#5379=ORIENTED_EDGE('',*,*,#6349,.T.);
#5380=ORIENTED_EDGE('',*,*,#6425,.T.);
#5381=ORIENTED_EDGE('',*,*,#6308,.F.);
#5382=ORIENTED_EDGE('',*,*,#6424,.F.);
#5383=ORIENTED_EDGE('',*,*,#6348,.T.);
#5384=ORIENTED_EDGE('',*,*,#6426,.T.);
#5385=ORIENTED_EDGE('',*,*,#6309,.F.);
#5386=ORIENTED_EDGE('',*,*,#6425,.F.);
#5387=ORIENTED_EDGE('',*,*,#6427,.T.);
#5388=ORIENTED_EDGE('',*,*,#6310,.F.);
#5389=ORIENTED_EDGE('',*,*,#6426,.F.);
#5390=ORIENTED_EDGE('',*,*,#6347,.T.);
#5391=ORIENTED_EDGE('',*,*,#6346,.T.);
#5392=ORIENTED_EDGE('',*,*,#6428,.T.);
#5393=ORIENTED_EDGE('',*,*,#6311,.F.);
#5394=ORIENTED_EDGE('',*,*,#6427,.F.);
#5395=ORIENTED_EDGE('',*,*,#6345,.T.);
#5396=ORIENTED_EDGE('',*,*,#6429,.T.);
#5397=ORIENTED_EDGE('',*,*,#6312,.F.);
#5398=ORIENTED_EDGE('',*,*,#6428,.F.);
#5399=ORIENTED_EDGE('',*,*,#6344,.T.);
#5400=ORIENTED_EDGE('',*,*,#6430,.T.);
#5401=ORIENTED_EDGE('',*,*,#6313,.F.);
#5402=ORIENTED_EDGE('',*,*,#6429,.F.);
#5403=ORIENTED_EDGE('',*,*,#6431,.T.);
#5404=ORIENTED_EDGE('',*,*,#6314,.F.);
#5405=ORIENTED_EDGE('',*,*,#6430,.F.);
#5406=ORIENTED_EDGE('',*,*,#6343,.T.);
#5407=ORIENTED_EDGE('',*,*,#6342,.T.);
#5408=ORIENTED_EDGE('',*,*,#6432,.T.);
#5409=ORIENTED_EDGE('',*,*,#6315,.F.);
#5410=ORIENTED_EDGE('',*,*,#6431,.F.);
#5411=ORIENTED_EDGE('',*,*,#6341,.T.);
#5412=ORIENTED_EDGE('',*,*,#6433,.T.);
#5413=ORIENTED_EDGE('',*,*,#6316,.F.);
#5414=ORIENTED_EDGE('',*,*,#6432,.F.);
#5415=ORIENTED_EDGE('',*,*,#6340,.T.);
#5416=ORIENTED_EDGE('',*,*,#6434,.T.);
#5417=ORIENTED_EDGE('',*,*,#6317,.F.);
#5418=ORIENTED_EDGE('',*,*,#6433,.F.);
#5419=ORIENTED_EDGE('',*,*,#6384,.T.);
#5420=ORIENTED_EDGE('',*,*,#6318,.F.);
#5421=ORIENTED_EDGE('',*,*,#6434,.F.);
#5422=ORIENTED_EDGE('',*,*,#6339,.T.);
#5423=ORIENTED_EDGE('',*,*,#6324,.F.);
#5424=ORIENTED_EDGE('',*,*,#6435,.F.);
#5425=ORIENTED_EDGE('',*,*,#6436,.T.);
#5426=ORIENTED_EDGE('',*,*,#6382,.F.);
#5427=ORIENTED_EDGE('',*,*,#6435,.T.);
#5428=ORIENTED_EDGE('',*,*,#6436,.F.);
#5429=ORIENTED_EDGE('',*,*,#6437,.T.);
#5430=ORIENTED_EDGE('',*,*,#6438,.T.);
#5431=ORIENTED_EDGE('',*,*,#6437,.F.);
#5432=ORIENTED_EDGE('',*,*,#6438,.F.);
#5433=ORIENTED_EDGE('',*,*,#6439,.T.);
#5434=ORIENTED_EDGE('',*,*,#6440,.T.);
#5435=ORIENTED_EDGE('',*,*,#6439,.F.);
#5436=ORIENTED_EDGE('',*,*,#6440,.F.);
#5437=ORIENTED_EDGE('',*,*,#6441,.T.);
#5438=ORIENTED_EDGE('',*,*,#6441,.F.);
#5439=ORIENTED_EDGE('',*,*,#6442,.T.);
#5440=ORIENTED_EDGE('',*,*,#6442,.F.);
#5441=ORIENTED_EDGE('',*,*,#6443,.T.);
#5442=ORIENTED_EDGE('',*,*,#6444,.T.);
#5443=ORIENTED_EDGE('',*,*,#6443,.F.);
#5444=ORIENTED_EDGE('',*,*,#6444,.F.);
#5445=ORIENTED_EDGE('',*,*,#6445,.T.);
#5446=ORIENTED_EDGE('',*,*,#6445,.F.);
#5447=ORIENTED_EDGE('',*,*,#6446,.T.);
#5448=ORIENTED_EDGE('',*,*,#6447,.T.);
#5449=ORIENTED_EDGE('',*,*,#6446,.F.);
#5450=ORIENTED_EDGE('',*,*,#6447,.F.);
#5451=ORIENTED_EDGE('',*,*,#6448,.T.);
#5452=ORIENTED_EDGE('',*,*,#6449,.T.);
#5453=ORIENTED_EDGE('',*,*,#6448,.F.);
#5454=ORIENTED_EDGE('',*,*,#6449,.F.);
#5455=ORIENTED_EDGE('',*,*,#6450,.T.);
#5456=ORIENTED_EDGE('',*,*,#6450,.F.);
#5457=ORIENTED_EDGE('',*,*,#6451,.T.);
#5458=ORIENTED_EDGE('',*,*,#6451,.F.);
#5459=ORIENTED_EDGE('',*,*,#6452,.T.);
#5460=ORIENTED_EDGE('',*,*,#6453,.T.);
#5461=ORIENTED_EDGE('',*,*,#6452,.F.);
#5462=ORIENTED_EDGE('',*,*,#6453,.F.);
#5463=ORIENTED_EDGE('',*,*,#6454,.T.);
#5464=ORIENTED_EDGE('',*,*,#6454,.F.);
#5465=ORIENTED_EDGE('',*,*,#6455,.T.);
#5466=ORIENTED_EDGE('',*,*,#6456,.T.);
#5467=ORIENTED_EDGE('',*,*,#6455,.F.);
#5468=ORIENTED_EDGE('',*,*,#6456,.F.);
#5469=ORIENTED_EDGE('',*,*,#6457,.T.);
#5470=ORIENTED_EDGE('',*,*,#6458,.T.);
#5471=ORIENTED_EDGE('',*,*,#6457,.F.);
#5472=ORIENTED_EDGE('',*,*,#6458,.F.);
#5473=ORIENTED_EDGE('',*,*,#6459,.T.);
#5474=ORIENTED_EDGE('',*,*,#6459,.F.);
#5475=ORIENTED_EDGE('',*,*,#6460,.T.);
#5476=ORIENTED_EDGE('',*,*,#6460,.F.);
#5477=ORIENTED_EDGE('',*,*,#6461,.T.);
#5478=ORIENTED_EDGE('',*,*,#6462,.T.);
#5479=ORIENTED_EDGE('',*,*,#6461,.F.);
#5480=ORIENTED_EDGE('',*,*,#6462,.F.);
#5481=ORIENTED_EDGE('',*,*,#6463,.T.);
#5482=ORIENTED_EDGE('',*,*,#6463,.F.);
#5483=ORIENTED_EDGE('',*,*,#6464,.T.);
#5484=ORIENTED_EDGE('',*,*,#6465,.T.);
#5485=ORIENTED_EDGE('',*,*,#6464,.F.);
#5486=ORIENTED_EDGE('',*,*,#6465,.F.);
#5487=ORIENTED_EDGE('',*,*,#6466,.T.);
#5488=ORIENTED_EDGE('',*,*,#6467,.T.);
#5489=ORIENTED_EDGE('',*,*,#6466,.F.);
#5490=ORIENTED_EDGE('',*,*,#6467,.F.);
#5491=ORIENTED_EDGE('',*,*,#6468,.T.);
#5492=ORIENTED_EDGE('',*,*,#6468,.F.);
#5493=ORIENTED_EDGE('',*,*,#6469,.T.);
#5494=ORIENTED_EDGE('',*,*,#6469,.F.);
#5495=ORIENTED_EDGE('',*,*,#6470,.T.);
#5496=ORIENTED_EDGE('',*,*,#6471,.T.);
#5497=ORIENTED_EDGE('',*,*,#6470,.F.);
#5498=ORIENTED_EDGE('',*,*,#6471,.F.);
#5499=ORIENTED_EDGE('',*,*,#6472,.T.);
#5500=ORIENTED_EDGE('',*,*,#6472,.F.);
#5501=ORIENTED_EDGE('',*,*,#6473,.T.);
#5502=ORIENTED_EDGE('',*,*,#6474,.T.);
#5503=ORIENTED_EDGE('',*,*,#6473,.F.);
#5504=ORIENTED_EDGE('',*,*,#6474,.F.);
#5505=ORIENTED_EDGE('',*,*,#6475,.T.);
#5506=ORIENTED_EDGE('',*,*,#6476,.T.);
#5507=ORIENTED_EDGE('',*,*,#6475,.F.);
#5508=ORIENTED_EDGE('',*,*,#6476,.F.);
#5509=ORIENTED_EDGE('',*,*,#6477,.T.);
#5510=ORIENTED_EDGE('',*,*,#6477,.F.);
#5511=ORIENTED_EDGE('',*,*,#6478,.T.);
#5512=ORIENTED_EDGE('',*,*,#6478,.F.);
#5513=ORIENTED_EDGE('',*,*,#6479,.T.);
#5514=ORIENTED_EDGE('',*,*,#6480,.T.);
#5515=ORIENTED_EDGE('',*,*,#6479,.F.);
#5516=ORIENTED_EDGE('',*,*,#6480,.F.);
#5517=ORIENTED_EDGE('',*,*,#6481,.T.);
#5518=ORIENTED_EDGE('',*,*,#6481,.F.);
#5519=ORIENTED_EDGE('',*,*,#6482,.T.);
#5520=ORIENTED_EDGE('',*,*,#6483,.T.);
#5521=ORIENTED_EDGE('',*,*,#6482,.F.);
#5522=ORIENTED_EDGE('',*,*,#6483,.F.);
#5523=ORIENTED_EDGE('',*,*,#6484,.T.);
#5524=ORIENTED_EDGE('',*,*,#6485,.T.);
#5525=ORIENTED_EDGE('',*,*,#6484,.F.);
#5526=ORIENTED_EDGE('',*,*,#6485,.F.);
#5527=ORIENTED_EDGE('',*,*,#6486,.T.);
#5528=ORIENTED_EDGE('',*,*,#6486,.F.);
#5529=ORIENTED_EDGE('',*,*,#6487,.T.);
#5530=ORIENTED_EDGE('',*,*,#6487,.F.);
#5531=ORIENTED_EDGE('',*,*,#6488,.T.);
#5532=ORIENTED_EDGE('',*,*,#6489,.T.);
#5533=ORIENTED_EDGE('',*,*,#6488,.F.);
#5534=ORIENTED_EDGE('',*,*,#6489,.F.);
#5535=ORIENTED_EDGE('',*,*,#6490,.T.);
#5536=ORIENTED_EDGE('',*,*,#6490,.F.);
#5537=ORIENTED_EDGE('',*,*,#6491,.T.);
#5538=ORIENTED_EDGE('',*,*,#6492,.T.);
#5539=ORIENTED_EDGE('',*,*,#6493,.T.);
#5540=ORIENTED_EDGE('',*,*,#6494,.T.);
#5541=ORIENTED_EDGE('',*,*,#6495,.T.);
#5542=ORIENTED_EDGE('',*,*,#6496,.T.);
#5543=ORIENTED_EDGE('',*,*,#6497,.T.);
#5544=ORIENTED_EDGE('',*,*,#6498,.T.);
#5545=ORIENTED_EDGE('',*,*,#6499,.T.);
#5546=ORIENTED_EDGE('',*,*,#6500,.F.);
#5547=ORIENTED_EDGE('',*,*,#6501,.T.);
#5548=ORIENTED_EDGE('',*,*,#6502,.F.);
#5549=ORIENTED_EDGE('',*,*,#6503,.T.);
#5550=ORIENTED_EDGE('',*,*,#6504,.F.);
#5551=ORIENTED_EDGE('',*,*,#6505,.T.);
#5552=ORIENTED_EDGE('',*,*,#6506,.T.);
#5553=ORIENTED_EDGE('',*,*,#6507,.F.);
#5554=ORIENTED_EDGE('',*,*,#6508,.T.);
#5555=ORIENTED_EDGE('',*,*,#6509,.F.);
#5556=ORIENTED_EDGE('',*,*,#6510,.T.);
#5557=ORIENTED_EDGE('',*,*,#6511,.T.);
#5558=ORIENTED_EDGE('',*,*,#6502,.T.);
#5559=ORIENTED_EDGE('',*,*,#6512,.T.);
#5560=ORIENTED_EDGE('',*,*,#6513,.F.);
#5561=ORIENTED_EDGE('',*,*,#6514,.T.);
#5562=ORIENTED_EDGE('',*,*,#6515,.F.);
#5563=ORIENTED_EDGE('',*,*,#6516,.T.);
#5564=ORIENTED_EDGE('',*,*,#6504,.T.);
#5565=ORIENTED_EDGE('',*,*,#6517,.T.);
#5566=ORIENTED_EDGE('',*,*,#6518,.F.);
#5567=ORIENTED_EDGE('',*,*,#6519,.T.);
#5568=ORIENTED_EDGE('',*,*,#6507,.T.);
#5569=ORIENTED_EDGE('',*,*,#6520,.T.);
#5570=ORIENTED_EDGE('',*,*,#6521,.F.);
#5571=ORIENTED_EDGE('',*,*,#6522,.T.);
#5572=ORIENTED_EDGE('',*,*,#6509,.T.);
#5573=ORIENTED_EDGE('',*,*,#6523,.T.);
#5574=ORIENTED_EDGE('',*,*,#6513,.T.);
#5575=ORIENTED_EDGE('',*,*,#6524,.T.);
#5576=ORIENTED_EDGE('',*,*,#6525,.F.);
#5577=ORIENTED_EDGE('',*,*,#6526,.T.);
#5578=ORIENTED_EDGE('',*,*,#6527,.F.);
#5579=ORIENTED_EDGE('',*,*,#6528,.T.);
#5580=ORIENTED_EDGE('',*,*,#6515,.T.);
#5581=ORIENTED_EDGE('',*,*,#6529,.T.);
#5582=ORIENTED_EDGE('',*,*,#6530,.F.);
#5583=ORIENTED_EDGE('',*,*,#6531,.T.);
#5584=ORIENTED_EDGE('',*,*,#6518,.T.);
#5585=ORIENTED_EDGE('',*,*,#6532,.T.);
#5586=ORIENTED_EDGE('',*,*,#6533,.F.);
#5587=ORIENTED_EDGE('',*,*,#6534,.T.);
#5588=ORIENTED_EDGE('',*,*,#6521,.T.);
#5589=ORIENTED_EDGE('',*,*,#6535,.T.);
#5590=ORIENTED_EDGE('',*,*,#6525,.T.);
#5591=ORIENTED_EDGE('',*,*,#6536,.T.);
#5592=ORIENTED_EDGE('',*,*,#6498,.F.);
#5593=ORIENTED_EDGE('',*,*,#6537,.T.);
#5594=ORIENTED_EDGE('',*,*,#6496,.F.);
#5595=ORIENTED_EDGE('',*,*,#6538,.T.);
#5596=ORIENTED_EDGE('',*,*,#6527,.T.);
#5597=ORIENTED_EDGE('',*,*,#6539,.T.);
#5598=ORIENTED_EDGE('',*,*,#6493,.F.);
#5599=ORIENTED_EDGE('',*,*,#6540,.T.);
#5600=ORIENTED_EDGE('',*,*,#6530,.T.);
#5601=ORIENTED_EDGE('',*,*,#6541,.T.);
#5602=ORIENTED_EDGE('',*,*,#6491,.F.);
#5603=ORIENTED_EDGE('',*,*,#6542,.T.);
#5604=ORIENTED_EDGE('',*,*,#6533,.T.);
#5605=ORIENTED_EDGE('',*,*,#6505,.F.);
#5606=ORIENTED_EDGE('',*,*,#6543,.T.);
#5607=ORIENTED_EDGE('',*,*,#6495,.F.);
#5608=ORIENTED_EDGE('',*,*,#6494,.F.);
#5609=ORIENTED_EDGE('',*,*,#6544,.T.);
#5610=ORIENTED_EDGE('',*,*,#6506,.F.);
#5611=ORIENTED_EDGE('',*,*,#6503,.F.);
#5612=ORIENTED_EDGE('',*,*,#6545,.T.);
#5613=ORIENTED_EDGE('',*,*,#6497,.F.);
#5614=ORIENTED_EDGE('',*,*,#6546,.T.);
#5615=ORIENTED_EDGE('',*,*,#6501,.F.);
#5616=ORIENTED_EDGE('',*,*,#6547,.T.);
#5617=ORIENTED_EDGE('',*,*,#6499,.F.);
#5618=ORIENTED_EDGE('',*,*,#6548,.T.);
#5619=ORIENTED_EDGE('',*,*,#6508,.F.);
#5620=ORIENTED_EDGE('',*,*,#6549,.T.);
#5621=ORIENTED_EDGE('',*,*,#6492,.F.);
#5622=ORIENTED_EDGE('',*,*,#6550,.T.);
#5623=ORIENTED_EDGE('',*,*,#6536,.F.);
#5624=ORIENTED_EDGE('',*,*,#6524,.F.);
#5625=ORIENTED_EDGE('',*,*,#6512,.F.);
#5626=ORIENTED_EDGE('',*,*,#6548,.F.);
#5627=ORIENTED_EDGE('',*,*,#6542,.F.);
#5628=ORIENTED_EDGE('',*,*,#6547,.F.);
#5629=ORIENTED_EDGE('',*,*,#6522,.F.);
#5630=ORIENTED_EDGE('',*,*,#6534,.F.);
#5631=ORIENTED_EDGE('',*,*,#6541,.F.);
#5632=ORIENTED_EDGE('',*,*,#6532,.F.);
#5633=ORIENTED_EDGE('',*,*,#6520,.F.);
#5634=ORIENTED_EDGE('',*,*,#6550,.F.);
#5635=ORIENTED_EDGE('',*,*,#6540,.F.);
#5636=ORIENTED_EDGE('',*,*,#6549,.F.);
#5637=ORIENTED_EDGE('',*,*,#6519,.F.);
#5638=ORIENTED_EDGE('',*,*,#6531,.F.);
#5639=ORIENTED_EDGE('',*,*,#6539,.F.);
#5640=ORIENTED_EDGE('',*,*,#6529,.F.);
#5641=ORIENTED_EDGE('',*,*,#6517,.F.);
#5642=ORIENTED_EDGE('',*,*,#6544,.F.);
#5643=ORIENTED_EDGE('',*,*,#6538,.F.);
#5644=ORIENTED_EDGE('',*,*,#6543,.F.);
#5645=ORIENTED_EDGE('',*,*,#6516,.F.);
#5646=ORIENTED_EDGE('',*,*,#6528,.F.);
#5647=ORIENTED_EDGE('',*,*,#6537,.F.);
#5648=ORIENTED_EDGE('',*,*,#6526,.F.);
#5649=ORIENTED_EDGE('',*,*,#6514,.F.);
#5650=ORIENTED_EDGE('',*,*,#6546,.F.);
#5651=ORIENTED_EDGE('',*,*,#6535,.F.);
#5652=ORIENTED_EDGE('',*,*,#6545,.F.);
#5653=ORIENTED_EDGE('',*,*,#6511,.F.);
#5654=ORIENTED_EDGE('',*,*,#6523,.F.);
#5655=ORIENTED_EDGE('',*,*,#6500,.T.);
#5656=ORIENTED_EDGE('',*,*,#6510,.F.);
#5657=ORIENTED_EDGE('',*,*,#6551,.T.);
#5658=ORIENTED_EDGE('',*,*,#6552,.T.);
#5659=ORIENTED_EDGE('',*,*,#6553,.T.);
#5660=ORIENTED_EDGE('',*,*,#6554,.T.);
#5661=ORIENTED_EDGE('',*,*,#6555,.T.);
#5662=ORIENTED_EDGE('',*,*,#6556,.T.);
#5663=ORIENTED_EDGE('',*,*,#6557,.T.);
#5664=ORIENTED_EDGE('',*,*,#6558,.T.);
#5665=ORIENTED_EDGE('',*,*,#6559,.T.);
#5666=ORIENTED_EDGE('',*,*,#6560,.F.);
#5667=ORIENTED_EDGE('',*,*,#6561,.F.);
#5668=ORIENTED_EDGE('',*,*,#6562,.T.);
#5669=ORIENTED_EDGE('',*,*,#6555,.F.);
#5670=ORIENTED_EDGE('',*,*,#6554,.F.);
#5671=ORIENTED_EDGE('',*,*,#6563,.T.);
#5672=ORIENTED_EDGE('',*,*,#6564,.F.);
#5673=ORIENTED_EDGE('',*,*,#6565,.T.);
#5674=ORIENTED_EDGE('',*,*,#6556,.F.);
#5675=ORIENTED_EDGE('',*,*,#6566,.T.);
#5676=ORIENTED_EDGE('',*,*,#6567,.T.);
#5677=ORIENTED_EDGE('',*,*,#6568,.F.);
#5678=ORIENTED_EDGE('',*,*,#6569,.T.);
#5679=ORIENTED_EDGE('',*,*,#6557,.F.);
#5680=ORIENTED_EDGE('',*,*,#6570,.T.);
#5681=ORIENTED_EDGE('',*,*,#6571,.T.);
#5682=ORIENTED_EDGE('',*,*,#6572,.T.);
#5683=ORIENTED_EDGE('',*,*,#6573,.T.);
#5684=ORIENTED_EDGE('',*,*,#6558,.F.);
#5685=ORIENTED_EDGE('',*,*,#6574,.F.);
#5686=ORIENTED_EDGE('',*,*,#6575,.T.);
#5687=ORIENTED_EDGE('',*,*,#6559,.F.);
#5688=ORIENTED_EDGE('',*,*,#6576,.T.);
#5689=ORIENTED_EDGE('',*,*,#6577,.T.);
#5690=ORIENTED_EDGE('',*,*,#6551,.F.);
#5691=ORIENTED_EDGE('',*,*,#6578,.T.);
#5692=ORIENTED_EDGE('',*,*,#6579,.T.);
#5693=ORIENTED_EDGE('',*,*,#6580,.F.);
#5694=ORIENTED_EDGE('',*,*,#6581,.T.);
#5695=ORIENTED_EDGE('',*,*,#6552,.F.);
#5696=ORIENTED_EDGE('',*,*,#6582,.T.);
#5697=ORIENTED_EDGE('',*,*,#6583,.T.);
#5698=ORIENTED_EDGE('',*,*,#6553,.F.);
#5699=ORIENTED_EDGE('',*,*,#6584,.T.);
#5700=ORIENTED_EDGE('',*,*,#6585,.T.);
#5701=ORIENTED_EDGE('',*,*,#6560,.T.);
#5702=ORIENTED_EDGE('',*,*,#6586,.F.);
#5703=ORIENTED_EDGE('',*,*,#6574,.T.);
#5704=ORIENTED_EDGE('',*,*,#6587,.F.);
#5705=ORIENTED_EDGE('',*,*,#6568,.T.);
#5706=ORIENTED_EDGE('',*,*,#6588,.F.);
#5707=ORIENTED_EDGE('',*,*,#6561,.T.);
#5708=ORIENTED_EDGE('',*,*,#6564,.T.);
#5709=ORIENTED_EDGE('',*,*,#6589,.F.);
#5710=ORIENTED_EDGE('',*,*,#6580,.T.);
#5711=ORIENTED_EDGE('',*,*,#6590,.F.);
#5712=ORIENTED_EDGE('',*,*,#6586,.T.);
#5713=ORIENTED_EDGE('',*,*,#6566,.F.);
#5714=ORIENTED_EDGE('',*,*,#6562,.F.);
#5715=ORIENTED_EDGE('',*,*,#6591,.F.);
#5716=ORIENTED_EDGE('',*,*,#6592,.F.);
#5717=ORIENTED_EDGE('',*,*,#6583,.F.);
#5718=ORIENTED_EDGE('',*,*,#6593,.F.);
#5719=ORIENTED_EDGE('',*,*,#6594,.F.);
#5720=ORIENTED_EDGE('',*,*,#6563,.F.);
#5721=ORIENTED_EDGE('',*,*,#6565,.F.);
#5722=ORIENTED_EDGE('',*,*,#6595,.F.);
#5723=ORIENTED_EDGE('',*,*,#6596,.F.);
#5724=ORIENTED_EDGE('',*,*,#6570,.F.);
#5725=ORIENTED_EDGE('',*,*,#6595,.T.);
#5726=ORIENTED_EDGE('',*,*,#6567,.F.);
#5727=ORIENTED_EDGE('',*,*,#6592,.T.);
#5728=ORIENTED_EDGE('',*,*,#6597,.T.);
#5729=ORIENTED_EDGE('',*,*,#6571,.F.);
#5730=ORIENTED_EDGE('',*,*,#6569,.F.);
#5731=ORIENTED_EDGE('',*,*,#6598,.F.);
#5732=ORIENTED_EDGE('',*,*,#6599,.F.);
#5733=ORIENTED_EDGE('',*,*,#6599,.T.);
#5734=ORIENTED_EDGE('',*,*,#6600,.T.);
#5735=ORIENTED_EDGE('',*,*,#6601,.T.);
#5736=ORIENTED_EDGE('',*,*,#6572,.F.);
#5737=ORIENTED_EDGE('',*,*,#6573,.F.);
#5738=ORIENTED_EDGE('',*,*,#6601,.F.);
#5739=ORIENTED_EDGE('',*,*,#6602,.F.);
#5740=ORIENTED_EDGE('',*,*,#6576,.F.);
#5741=ORIENTED_EDGE('',*,*,#6578,.F.);
#5742=ORIENTED_EDGE('',*,*,#6575,.F.);
#5743=ORIENTED_EDGE('',*,*,#6603,.F.);
#5744=ORIENTED_EDGE('',*,*,#6604,.F.);
#5745=ORIENTED_EDGE('',*,*,#6577,.F.);
#5746=ORIENTED_EDGE('',*,*,#6605,.F.);
#5747=ORIENTED_EDGE('',*,*,#6606,.F.);
#5748=ORIENTED_EDGE('',*,*,#6582,.F.);
#5749=ORIENTED_EDGE('',*,*,#6605,.T.);
#5750=ORIENTED_EDGE('',*,*,#6579,.F.);
#5751=ORIENTED_EDGE('',*,*,#6604,.T.);
#5752=ORIENTED_EDGE('',*,*,#6607,.T.);
#5753=ORIENTED_EDGE('',*,*,#6584,.F.);
#5754=ORIENTED_EDGE('',*,*,#6581,.F.);
#5755=ORIENTED_EDGE('',*,*,#6608,.F.);
#5756=ORIENTED_EDGE('',*,*,#6609,.F.);
#5757=ORIENTED_EDGE('',*,*,#6593,.T.);
#5758=ORIENTED_EDGE('',*,*,#6585,.F.);
#5759=ORIENTED_EDGE('',*,*,#6609,.T.);
#5760=ORIENTED_EDGE('',*,*,#6610,.T.);
#5761=ORIENTED_EDGE('',*,*,#6594,.T.);
#5762=ORIENTED_EDGE('',*,*,#6610,.F.);
#5763=ORIENTED_EDGE('',*,*,#6608,.T.);
#5764=ORIENTED_EDGE('',*,*,#6589,.T.);
#5765=ORIENTED_EDGE('',*,*,#6606,.T.);
#5766=ORIENTED_EDGE('',*,*,#6607,.F.);
#5767=ORIENTED_EDGE('',*,*,#6603,.T.);
#5768=ORIENTED_EDGE('',*,*,#6590,.T.);
#5769=ORIENTED_EDGE('',*,*,#6598,.T.);
#5770=ORIENTED_EDGE('',*,*,#6587,.T.);
#5771=ORIENTED_EDGE('',*,*,#6602,.T.);
#5772=ORIENTED_EDGE('',*,*,#6600,.F.);
#5773=ORIENTED_EDGE('',*,*,#6596,.T.);
#5774=ORIENTED_EDGE('',*,*,#6597,.F.);
#5775=ORIENTED_EDGE('',*,*,#6591,.T.);
#5776=ORIENTED_EDGE('',*,*,#6588,.T.);
#5777=ORIENTED_EDGE('',*,*,#6611,.T.);
#5778=ORIENTED_EDGE('',*,*,#6612,.T.);
#5779=ORIENTED_EDGE('',*,*,#6613,.T.);
#5780=ORIENTED_EDGE('',*,*,#6614,.T.);
#5781=ORIENTED_EDGE('',*,*,#6615,.T.);
#5782=ORIENTED_EDGE('',*,*,#6616,.T.);
#5783=ORIENTED_EDGE('',*,*,#6617,.T.);
#5784=ORIENTED_EDGE('',*,*,#6618,.T.);
#5785=ORIENTED_EDGE('',*,*,#6619,.T.);
#5786=ORIENTED_EDGE('',*,*,#6620,.F.);
#5787=ORIENTED_EDGE('',*,*,#6621,.F.);
#5788=ORIENTED_EDGE('',*,*,#6622,.T.);
#5789=ORIENTED_EDGE('',*,*,#6615,.F.);
#5790=ORIENTED_EDGE('',*,*,#6614,.F.);
#5791=ORIENTED_EDGE('',*,*,#6623,.T.);
#5792=ORIENTED_EDGE('',*,*,#6624,.F.);
#5793=ORIENTED_EDGE('',*,*,#6625,.T.);
#5794=ORIENTED_EDGE('',*,*,#6616,.F.);
#5795=ORIENTED_EDGE('',*,*,#6626,.T.);
#5796=ORIENTED_EDGE('',*,*,#6627,.T.);
#5797=ORIENTED_EDGE('',*,*,#6628,.F.);
#5798=ORIENTED_EDGE('',*,*,#6629,.T.);
#5799=ORIENTED_EDGE('',*,*,#6617,.F.);
#5800=ORIENTED_EDGE('',*,*,#6630,.T.);
#5801=ORIENTED_EDGE('',*,*,#6631,.T.);
#5802=ORIENTED_EDGE('',*,*,#6632,.T.);
#5803=ORIENTED_EDGE('',*,*,#6633,.T.);
#5804=ORIENTED_EDGE('',*,*,#6618,.F.);
#5805=ORIENTED_EDGE('',*,*,#6634,.F.);
#5806=ORIENTED_EDGE('',*,*,#6635,.T.);
#5807=ORIENTED_EDGE('',*,*,#6619,.F.);
#5808=ORIENTED_EDGE('',*,*,#6636,.T.);
#5809=ORIENTED_EDGE('',*,*,#6637,.T.);
#5810=ORIENTED_EDGE('',*,*,#6611,.F.);
#5811=ORIENTED_EDGE('',*,*,#6638,.T.);
#5812=ORIENTED_EDGE('',*,*,#6639,.T.);
#5813=ORIENTED_EDGE('',*,*,#6640,.F.);
#5814=ORIENTED_EDGE('',*,*,#6641,.T.);
#5815=ORIENTED_EDGE('',*,*,#6612,.F.);
#5816=ORIENTED_EDGE('',*,*,#6642,.T.);
#5817=ORIENTED_EDGE('',*,*,#6643,.T.);
#5818=ORIENTED_EDGE('',*,*,#6613,.F.);
#5819=ORIENTED_EDGE('',*,*,#6644,.T.);
#5820=ORIENTED_EDGE('',*,*,#6645,.T.);
#5821=ORIENTED_EDGE('',*,*,#6620,.T.);
#5822=ORIENTED_EDGE('',*,*,#6646,.F.);
#5823=ORIENTED_EDGE('',*,*,#6634,.T.);
#5824=ORIENTED_EDGE('',*,*,#6647,.F.);
#5825=ORIENTED_EDGE('',*,*,#6628,.T.);
#5826=ORIENTED_EDGE('',*,*,#6648,.F.);
#5827=ORIENTED_EDGE('',*,*,#6621,.T.);
#5828=ORIENTED_EDGE('',*,*,#6624,.T.);
#5829=ORIENTED_EDGE('',*,*,#6649,.F.);
#5830=ORIENTED_EDGE('',*,*,#6640,.T.);
#5831=ORIENTED_EDGE('',*,*,#6650,.F.);
#5832=ORIENTED_EDGE('',*,*,#6646,.T.);
#5833=ORIENTED_EDGE('',*,*,#6626,.F.);
#5834=ORIENTED_EDGE('',*,*,#6622,.F.);
#5835=ORIENTED_EDGE('',*,*,#6651,.F.);
#5836=ORIENTED_EDGE('',*,*,#6652,.F.);
#5837=ORIENTED_EDGE('',*,*,#6643,.F.);
#5838=ORIENTED_EDGE('',*,*,#6653,.F.);
#5839=ORIENTED_EDGE('',*,*,#6654,.F.);
#5840=ORIENTED_EDGE('',*,*,#6623,.F.);
#5841=ORIENTED_EDGE('',*,*,#6625,.F.);
#5842=ORIENTED_EDGE('',*,*,#6655,.F.);
#5843=ORIENTED_EDGE('',*,*,#6656,.F.);
#5844=ORIENTED_EDGE('',*,*,#6630,.F.);
#5845=ORIENTED_EDGE('',*,*,#6655,.T.);
#5846=ORIENTED_EDGE('',*,*,#6627,.F.);
#5847=ORIENTED_EDGE('',*,*,#6652,.T.);
#5848=ORIENTED_EDGE('',*,*,#6657,.T.);
#5849=ORIENTED_EDGE('',*,*,#6631,.F.);
#5850=ORIENTED_EDGE('',*,*,#6629,.F.);
#5851=ORIENTED_EDGE('',*,*,#6658,.F.);
#5852=ORIENTED_EDGE('',*,*,#6659,.F.);
#5853=ORIENTED_EDGE('',*,*,#6659,.T.);
#5854=ORIENTED_EDGE('',*,*,#6660,.T.);
#5855=ORIENTED_EDGE('',*,*,#6661,.T.);
#5856=ORIENTED_EDGE('',*,*,#6632,.F.);
#5857=ORIENTED_EDGE('',*,*,#6633,.F.);
#5858=ORIENTED_EDGE('',*,*,#6661,.F.);
#5859=ORIENTED_EDGE('',*,*,#6662,.F.);
#5860=ORIENTED_EDGE('',*,*,#6636,.F.);
#5861=ORIENTED_EDGE('',*,*,#6638,.F.);
#5862=ORIENTED_EDGE('',*,*,#6635,.F.);
#5863=ORIENTED_EDGE('',*,*,#6663,.F.);
#5864=ORIENTED_EDGE('',*,*,#6664,.F.);
#5865=ORIENTED_EDGE('',*,*,#6637,.F.);
#5866=ORIENTED_EDGE('',*,*,#6665,.F.);
#5867=ORIENTED_EDGE('',*,*,#6666,.F.);
#5868=ORIENTED_EDGE('',*,*,#6642,.F.);
#5869=ORIENTED_EDGE('',*,*,#6665,.T.);
#5870=ORIENTED_EDGE('',*,*,#6639,.F.);
#5871=ORIENTED_EDGE('',*,*,#6664,.T.);
#5872=ORIENTED_EDGE('',*,*,#6667,.T.);
#5873=ORIENTED_EDGE('',*,*,#6644,.F.);
#5874=ORIENTED_EDGE('',*,*,#6641,.F.);
#5875=ORIENTED_EDGE('',*,*,#6668,.F.);
#5876=ORIENTED_EDGE('',*,*,#6669,.F.);
#5877=ORIENTED_EDGE('',*,*,#6653,.T.);
#5878=ORIENTED_EDGE('',*,*,#6645,.F.);
#5879=ORIENTED_EDGE('',*,*,#6669,.T.);
#5880=ORIENTED_EDGE('',*,*,#6670,.T.);
#5881=ORIENTED_EDGE('',*,*,#6654,.T.);
#5882=ORIENTED_EDGE('',*,*,#6670,.F.);
#5883=ORIENTED_EDGE('',*,*,#6668,.T.);
#5884=ORIENTED_EDGE('',*,*,#6649,.T.);
#5885=ORIENTED_EDGE('',*,*,#6666,.T.);
#5886=ORIENTED_EDGE('',*,*,#6667,.F.);
#5887=ORIENTED_EDGE('',*,*,#6663,.T.);
#5888=ORIENTED_EDGE('',*,*,#6650,.T.);
#5889=ORIENTED_EDGE('',*,*,#6658,.T.);
#5890=ORIENTED_EDGE('',*,*,#6647,.T.);
#5891=ORIENTED_EDGE('',*,*,#6662,.T.);
#5892=ORIENTED_EDGE('',*,*,#6660,.F.);
#5893=ORIENTED_EDGE('',*,*,#6656,.T.);
#5894=ORIENTED_EDGE('',*,*,#6657,.F.);
#5895=ORIENTED_EDGE('',*,*,#6651,.T.);
#5896=ORIENTED_EDGE('',*,*,#6648,.T.);
#5897=ORIENTED_EDGE('',*,*,#6671,.T.);
#5898=ORIENTED_EDGE('',*,*,#6672,.T.);
#5899=ORIENTED_EDGE('',*,*,#6673,.T.);
#5900=ORIENTED_EDGE('',*,*,#6674,.T.);
#5901=ORIENTED_EDGE('',*,*,#6675,.T.);
#5902=ORIENTED_EDGE('',*,*,#6676,.T.);
#5903=ORIENTED_EDGE('',*,*,#6677,.T.);
#5904=ORIENTED_EDGE('',*,*,#6678,.T.);
#5905=ORIENTED_EDGE('',*,*,#6679,.T.);
#5906=ORIENTED_EDGE('',*,*,#6680,.F.);
#5907=ORIENTED_EDGE('',*,*,#6681,.F.);
#5908=ORIENTED_EDGE('',*,*,#6682,.T.);
#5909=ORIENTED_EDGE('',*,*,#6675,.F.);
#5910=ORIENTED_EDGE('',*,*,#6674,.F.);
#5911=ORIENTED_EDGE('',*,*,#6683,.T.);
#5912=ORIENTED_EDGE('',*,*,#6684,.F.);
#5913=ORIENTED_EDGE('',*,*,#6685,.T.);
#5914=ORIENTED_EDGE('',*,*,#6676,.F.);
#5915=ORIENTED_EDGE('',*,*,#6686,.T.);
#5916=ORIENTED_EDGE('',*,*,#6687,.T.);
#5917=ORIENTED_EDGE('',*,*,#6688,.F.);
#5918=ORIENTED_EDGE('',*,*,#6689,.T.);
#5919=ORIENTED_EDGE('',*,*,#6677,.F.);
#5920=ORIENTED_EDGE('',*,*,#6690,.T.);
#5921=ORIENTED_EDGE('',*,*,#6691,.T.);
#5922=ORIENTED_EDGE('',*,*,#6692,.T.);
#5923=ORIENTED_EDGE('',*,*,#6693,.T.);
#5924=ORIENTED_EDGE('',*,*,#6678,.F.);
#5925=ORIENTED_EDGE('',*,*,#6694,.F.);
#5926=ORIENTED_EDGE('',*,*,#6695,.T.);
#5927=ORIENTED_EDGE('',*,*,#6679,.F.);
#5928=ORIENTED_EDGE('',*,*,#6696,.T.);
#5929=ORIENTED_EDGE('',*,*,#6697,.T.);
#5930=ORIENTED_EDGE('',*,*,#6671,.F.);
#5931=ORIENTED_EDGE('',*,*,#6698,.T.);
#5932=ORIENTED_EDGE('',*,*,#6699,.T.);
#5933=ORIENTED_EDGE('',*,*,#6700,.F.);
#5934=ORIENTED_EDGE('',*,*,#6701,.T.);
#5935=ORIENTED_EDGE('',*,*,#6672,.F.);
#5936=ORIENTED_EDGE('',*,*,#6702,.T.);
#5937=ORIENTED_EDGE('',*,*,#6703,.T.);
#5938=ORIENTED_EDGE('',*,*,#6673,.F.);
#5939=ORIENTED_EDGE('',*,*,#6704,.T.);
#5940=ORIENTED_EDGE('',*,*,#6705,.T.);
#5941=ORIENTED_EDGE('',*,*,#6680,.T.);
#5942=ORIENTED_EDGE('',*,*,#6706,.F.);
#5943=ORIENTED_EDGE('',*,*,#6694,.T.);
#5944=ORIENTED_EDGE('',*,*,#6707,.F.);
#5945=ORIENTED_EDGE('',*,*,#6688,.T.);
#5946=ORIENTED_EDGE('',*,*,#6708,.F.);
#5947=ORIENTED_EDGE('',*,*,#6681,.T.);
#5948=ORIENTED_EDGE('',*,*,#6684,.T.);
#5949=ORIENTED_EDGE('',*,*,#6709,.F.);
#5950=ORIENTED_EDGE('',*,*,#6700,.T.);
#5951=ORIENTED_EDGE('',*,*,#6710,.F.);
#5952=ORIENTED_EDGE('',*,*,#6706,.T.);
#5953=ORIENTED_EDGE('',*,*,#6686,.F.);
#5954=ORIENTED_EDGE('',*,*,#6682,.F.);
#5955=ORIENTED_EDGE('',*,*,#6711,.F.);
#5956=ORIENTED_EDGE('',*,*,#6712,.F.);
#5957=ORIENTED_EDGE('',*,*,#6703,.F.);
#5958=ORIENTED_EDGE('',*,*,#6713,.F.);
#5959=ORIENTED_EDGE('',*,*,#6714,.F.);
#5960=ORIENTED_EDGE('',*,*,#6683,.F.);
#5961=ORIENTED_EDGE('',*,*,#6685,.F.);
#5962=ORIENTED_EDGE('',*,*,#6715,.F.);
#5963=ORIENTED_EDGE('',*,*,#6716,.F.);
#5964=ORIENTED_EDGE('',*,*,#6690,.F.);
#5965=ORIENTED_EDGE('',*,*,#6715,.T.);
#5966=ORIENTED_EDGE('',*,*,#6687,.F.);
#5967=ORIENTED_EDGE('',*,*,#6712,.T.);
#5968=ORIENTED_EDGE('',*,*,#6717,.T.);
#5969=ORIENTED_EDGE('',*,*,#6691,.F.);
#5970=ORIENTED_EDGE('',*,*,#6689,.F.);
#5971=ORIENTED_EDGE('',*,*,#6718,.F.);
#5972=ORIENTED_EDGE('',*,*,#6719,.F.);
#5973=ORIENTED_EDGE('',*,*,#6719,.T.);
#5974=ORIENTED_EDGE('',*,*,#6720,.T.);
#5975=ORIENTED_EDGE('',*,*,#6721,.T.);
#5976=ORIENTED_EDGE('',*,*,#6692,.F.);
#5977=ORIENTED_EDGE('',*,*,#6693,.F.);
#5978=ORIENTED_EDGE('',*,*,#6721,.F.);
#5979=ORIENTED_EDGE('',*,*,#6722,.F.);
#5980=ORIENTED_EDGE('',*,*,#6696,.F.);
#5981=ORIENTED_EDGE('',*,*,#6698,.F.);
#5982=ORIENTED_EDGE('',*,*,#6695,.F.);
#5983=ORIENTED_EDGE('',*,*,#6723,.F.);
#5984=ORIENTED_EDGE('',*,*,#6724,.F.);
#5985=ORIENTED_EDGE('',*,*,#6697,.F.);
#5986=ORIENTED_EDGE('',*,*,#6725,.F.);
#5987=ORIENTED_EDGE('',*,*,#6726,.F.);
#5988=ORIENTED_EDGE('',*,*,#6702,.F.);
#5989=ORIENTED_EDGE('',*,*,#6725,.T.);
#5990=ORIENTED_EDGE('',*,*,#6699,.F.);
#5991=ORIENTED_EDGE('',*,*,#6724,.T.);
#5992=ORIENTED_EDGE('',*,*,#6727,.T.);
#5993=ORIENTED_EDGE('',*,*,#6704,.F.);
#5994=ORIENTED_EDGE('',*,*,#6701,.F.);
#5995=ORIENTED_EDGE('',*,*,#6728,.F.);
#5996=ORIENTED_EDGE('',*,*,#6729,.F.);
#5997=ORIENTED_EDGE('',*,*,#6713,.T.);
#5998=ORIENTED_EDGE('',*,*,#6705,.F.);
#5999=ORIENTED_EDGE('',*,*,#6729,.T.);
#6000=ORIENTED_EDGE('',*,*,#6730,.T.);
#6001=ORIENTED_EDGE('',*,*,#6714,.T.);
#6002=ORIENTED_EDGE('',*,*,#6730,.F.);
#6003=ORIENTED_EDGE('',*,*,#6728,.T.);
#6004=ORIENTED_EDGE('',*,*,#6709,.T.);
#6005=ORIENTED_EDGE('',*,*,#6726,.T.);
#6006=ORIENTED_EDGE('',*,*,#6727,.F.);
#6007=ORIENTED_EDGE('',*,*,#6723,.T.);
#6008=ORIENTED_EDGE('',*,*,#6710,.T.);
#6009=ORIENTED_EDGE('',*,*,#6718,.T.);
#6010=ORIENTED_EDGE('',*,*,#6707,.T.);
#6011=ORIENTED_EDGE('',*,*,#6722,.T.);
#6012=ORIENTED_EDGE('',*,*,#6720,.F.);
#6013=ORIENTED_EDGE('',*,*,#6716,.T.);
#6014=ORIENTED_EDGE('',*,*,#6717,.F.);
#6015=ORIENTED_EDGE('',*,*,#6711,.T.);
#6016=ORIENTED_EDGE('',*,*,#6708,.T.);
#6017=ORIENTED_EDGE('',*,*,#6731,.T.);
#6018=ORIENTED_EDGE('',*,*,#6732,.T.);
#6019=ORIENTED_EDGE('',*,*,#6733,.T.);
#6020=ORIENTED_EDGE('',*,*,#6734,.T.);
#6021=ORIENTED_EDGE('',*,*,#6735,.T.);
#6022=ORIENTED_EDGE('',*,*,#6736,.T.);
#6023=ORIENTED_EDGE('',*,*,#6737,.T.);
#6024=ORIENTED_EDGE('',*,*,#6738,.T.);
#6025=ORIENTED_EDGE('',*,*,#6739,.T.);
#6026=ORIENTED_EDGE('',*,*,#6740,.F.);
#6027=ORIENTED_EDGE('',*,*,#6741,.F.);
#6028=ORIENTED_EDGE('',*,*,#6742,.T.);
#6029=ORIENTED_EDGE('',*,*,#6735,.F.);
#6030=ORIENTED_EDGE('',*,*,#6734,.F.);
#6031=ORIENTED_EDGE('',*,*,#6743,.T.);
#6032=ORIENTED_EDGE('',*,*,#6744,.F.);
#6033=ORIENTED_EDGE('',*,*,#6745,.T.);
#6034=ORIENTED_EDGE('',*,*,#6736,.F.);
#6035=ORIENTED_EDGE('',*,*,#6746,.T.);
#6036=ORIENTED_EDGE('',*,*,#6747,.T.);
#6037=ORIENTED_EDGE('',*,*,#6748,.F.);
#6038=ORIENTED_EDGE('',*,*,#6749,.T.);
#6039=ORIENTED_EDGE('',*,*,#6737,.F.);
#6040=ORIENTED_EDGE('',*,*,#6750,.T.);
#6041=ORIENTED_EDGE('',*,*,#6751,.T.);
#6042=ORIENTED_EDGE('',*,*,#6752,.T.);
#6043=ORIENTED_EDGE('',*,*,#6753,.T.);
#6044=ORIENTED_EDGE('',*,*,#6738,.F.);
#6045=ORIENTED_EDGE('',*,*,#6754,.F.);
#6046=ORIENTED_EDGE('',*,*,#6755,.T.);
#6047=ORIENTED_EDGE('',*,*,#6739,.F.);
#6048=ORIENTED_EDGE('',*,*,#6756,.T.);
#6049=ORIENTED_EDGE('',*,*,#6757,.T.);
#6050=ORIENTED_EDGE('',*,*,#6731,.F.);
#6051=ORIENTED_EDGE('',*,*,#6758,.T.);
#6052=ORIENTED_EDGE('',*,*,#6759,.T.);
#6053=ORIENTED_EDGE('',*,*,#6760,.F.);
#6054=ORIENTED_EDGE('',*,*,#6761,.T.);
#6055=ORIENTED_EDGE('',*,*,#6732,.F.);
#6056=ORIENTED_EDGE('',*,*,#6762,.T.);
#6057=ORIENTED_EDGE('',*,*,#6763,.T.);
#6058=ORIENTED_EDGE('',*,*,#6733,.F.);
#6059=ORIENTED_EDGE('',*,*,#6764,.T.);
#6060=ORIENTED_EDGE('',*,*,#6765,.T.);
#6061=ORIENTED_EDGE('',*,*,#6740,.T.);
#6062=ORIENTED_EDGE('',*,*,#6766,.F.);
#6063=ORIENTED_EDGE('',*,*,#6754,.T.);
#6064=ORIENTED_EDGE('',*,*,#6767,.F.);
#6065=ORIENTED_EDGE('',*,*,#6748,.T.);
#6066=ORIENTED_EDGE('',*,*,#6768,.F.);
#6067=ORIENTED_EDGE('',*,*,#6741,.T.);
#6068=ORIENTED_EDGE('',*,*,#6744,.T.);
#6069=ORIENTED_EDGE('',*,*,#6769,.F.);
#6070=ORIENTED_EDGE('',*,*,#6760,.T.);
#6071=ORIENTED_EDGE('',*,*,#6770,.F.);
#6072=ORIENTED_EDGE('',*,*,#6766,.T.);
#6073=ORIENTED_EDGE('',*,*,#6746,.F.);
#6074=ORIENTED_EDGE('',*,*,#6742,.F.);
#6075=ORIENTED_EDGE('',*,*,#6771,.F.);
#6076=ORIENTED_EDGE('',*,*,#6772,.F.);
#6077=ORIENTED_EDGE('',*,*,#6763,.F.);
#6078=ORIENTED_EDGE('',*,*,#6773,.F.);
#6079=ORIENTED_EDGE('',*,*,#6774,.F.);
#6080=ORIENTED_EDGE('',*,*,#6743,.F.);
#6081=ORIENTED_EDGE('',*,*,#6745,.F.);
#6082=ORIENTED_EDGE('',*,*,#6775,.F.);
#6083=ORIENTED_EDGE('',*,*,#6776,.F.);
#6084=ORIENTED_EDGE('',*,*,#6750,.F.);
#6085=ORIENTED_EDGE('',*,*,#6775,.T.);
#6086=ORIENTED_EDGE('',*,*,#6747,.F.);
#6087=ORIENTED_EDGE('',*,*,#6772,.T.);
#6088=ORIENTED_EDGE('',*,*,#6777,.T.);
#6089=ORIENTED_EDGE('',*,*,#6751,.F.);
#6090=ORIENTED_EDGE('',*,*,#6749,.F.);
#6091=ORIENTED_EDGE('',*,*,#6778,.F.);
#6092=ORIENTED_EDGE('',*,*,#6779,.F.);
#6093=ORIENTED_EDGE('',*,*,#6779,.T.);
#6094=ORIENTED_EDGE('',*,*,#6780,.T.);
#6095=ORIENTED_EDGE('',*,*,#6781,.T.);
#6096=ORIENTED_EDGE('',*,*,#6752,.F.);
#6097=ORIENTED_EDGE('',*,*,#6753,.F.);
#6098=ORIENTED_EDGE('',*,*,#6781,.F.);
#6099=ORIENTED_EDGE('',*,*,#6782,.F.);
#6100=ORIENTED_EDGE('',*,*,#6756,.F.);
#6101=ORIENTED_EDGE('',*,*,#6758,.F.);
#6102=ORIENTED_EDGE('',*,*,#6755,.F.);
#6103=ORIENTED_EDGE('',*,*,#6783,.F.);
#6104=ORIENTED_EDGE('',*,*,#6784,.F.);
#6105=ORIENTED_EDGE('',*,*,#6757,.F.);
#6106=ORIENTED_EDGE('',*,*,#6785,.F.);
#6107=ORIENTED_EDGE('',*,*,#6786,.F.);
#6108=ORIENTED_EDGE('',*,*,#6762,.F.);
#6109=ORIENTED_EDGE('',*,*,#6785,.T.);
#6110=ORIENTED_EDGE('',*,*,#6759,.F.);
#6111=ORIENTED_EDGE('',*,*,#6784,.T.);
#6112=ORIENTED_EDGE('',*,*,#6787,.T.);
#6113=ORIENTED_EDGE('',*,*,#6764,.F.);
#6114=ORIENTED_EDGE('',*,*,#6761,.F.);
#6115=ORIENTED_EDGE('',*,*,#6788,.F.);
#6116=ORIENTED_EDGE('',*,*,#6789,.F.);
#6117=ORIENTED_EDGE('',*,*,#6773,.T.);
#6118=ORIENTED_EDGE('',*,*,#6765,.F.);
#6119=ORIENTED_EDGE('',*,*,#6789,.T.);
#6120=ORIENTED_EDGE('',*,*,#6790,.T.);
#6121=ORIENTED_EDGE('',*,*,#6774,.T.);
#6122=ORIENTED_EDGE('',*,*,#6790,.F.);
#6123=ORIENTED_EDGE('',*,*,#6788,.T.);
#6124=ORIENTED_EDGE('',*,*,#6769,.T.);
#6125=ORIENTED_EDGE('',*,*,#6786,.T.);
#6126=ORIENTED_EDGE('',*,*,#6787,.F.);
#6127=ORIENTED_EDGE('',*,*,#6783,.T.);
#6128=ORIENTED_EDGE('',*,*,#6770,.T.);
#6129=ORIENTED_EDGE('',*,*,#6778,.T.);
#6130=ORIENTED_EDGE('',*,*,#6767,.T.);
#6131=ORIENTED_EDGE('',*,*,#6782,.T.);
#6132=ORIENTED_EDGE('',*,*,#6780,.F.);
#6133=ORIENTED_EDGE('',*,*,#6776,.T.);
#6134=ORIENTED_EDGE('',*,*,#6777,.F.);
#6135=ORIENTED_EDGE('',*,*,#6771,.T.);
#6136=ORIENTED_EDGE('',*,*,#6768,.T.);
#6137=ORIENTED_EDGE('',*,*,#6791,.T.);
#6138=ORIENTED_EDGE('',*,*,#6792,.F.);
#6139=ORIENTED_EDGE('',*,*,#6793,.T.);
#6140=ORIENTED_EDGE('',*,*,#6794,.T.);
#6141=ORIENTED_EDGE('',*,*,#6795,.T.);
#6142=ORIENTED_EDGE('',*,*,#6796,.T.);
#6143=ORIENTED_EDGE('',*,*,#6797,.T.);
#6144=ORIENTED_EDGE('',*,*,#6798,.T.);
#6145=ORIENTED_EDGE('',*,*,#6799,.T.);
#6146=ORIENTED_EDGE('',*,*,#6800,.T.);
#6147=ORIENTED_EDGE('',*,*,#6801,.T.);
#6148=ORIENTED_EDGE('',*,*,#6791,.F.);
#6149=ORIENTED_EDGE('',*,*,#6802,.T.);
#6150=ORIENTED_EDGE('',*,*,#6803,.F.);
#6151=ORIENTED_EDGE('',*,*,#6804,.T.);
#6152=ORIENTED_EDGE('',*,*,#6805,.F.);
#6153=ORIENTED_EDGE('',*,*,#6806,.T.);
#6154=ORIENTED_EDGE('',*,*,#6807,.T.);
#6155=ORIENTED_EDGE('',*,*,#6808,.F.);
#6156=ORIENTED_EDGE('',*,*,#6809,.T.);
#6157=ORIENTED_EDGE('',*,*,#6810,.F.);
#6158=ORIENTED_EDGE('',*,*,#6792,.T.);
#6159=ORIENTED_EDGE('',*,*,#6806,.F.);
#6160=ORIENTED_EDGE('',*,*,#6811,.T.);
#6161=ORIENTED_EDGE('',*,*,#6797,.F.);
#6162=ORIENTED_EDGE('',*,*,#6796,.F.);
#6163=ORIENTED_EDGE('',*,*,#6812,.T.);
#6164=ORIENTED_EDGE('',*,*,#6807,.F.);
#6165=ORIENTED_EDGE('',*,*,#6813,.T.);
#6166=ORIENTED_EDGE('',*,*,#6798,.F.);
#6167=ORIENTED_EDGE('',*,*,#6814,.T.);
#6168=ORIENTED_EDGE('',*,*,#6815,.T.);
#6169=ORIENTED_EDGE('',*,*,#6804,.F.);
#6170=ORIENTED_EDGE('',*,*,#6816,.T.);
#6171=ORIENTED_EDGE('',*,*,#6799,.F.);
#6172=ORIENTED_EDGE('',*,*,#6817,.T.);
#6173=ORIENTED_EDGE('',*,*,#6818,.T.);
#6174=ORIENTED_EDGE('',*,*,#6819,.T.);
#6175=ORIENTED_EDGE('',*,*,#6820,.T.);
#6176=ORIENTED_EDGE('',*,*,#6800,.F.);
#6177=ORIENTED_EDGE('',*,*,#6802,.F.);
#6178=ORIENTED_EDGE('',*,*,#6821,.T.);
#6179=ORIENTED_EDGE('',*,*,#6801,.F.);
#6180=ORIENTED_EDGE('',*,*,#6822,.T.);
#6181=ORIENTED_EDGE('',*,*,#6823,.T.);
#6182=ORIENTED_EDGE('',*,*,#6793,.F.);
#6183=ORIENTED_EDGE('',*,*,#6824,.T.);
#6184=ORIENTED_EDGE('',*,*,#6825,.T.);
#6185=ORIENTED_EDGE('',*,*,#6809,.F.);
#6186=ORIENTED_EDGE('',*,*,#6826,.T.);
#6187=ORIENTED_EDGE('',*,*,#6794,.F.);
#6188=ORIENTED_EDGE('',*,*,#6827,.T.);
#6189=ORIENTED_EDGE('',*,*,#6828,.T.);
#6190=ORIENTED_EDGE('',*,*,#6795,.F.);
#6191=ORIENTED_EDGE('',*,*,#6829,.T.);
#6192=ORIENTED_EDGE('',*,*,#6830,.T.);
#6193=ORIENTED_EDGE('',*,*,#6831,.T.);
#6194=ORIENTED_EDGE('',*,*,#6832,.F.);
#6195=ORIENTED_EDGE('',*,*,#6833,.T.);
#6196=ORIENTED_EDGE('',*,*,#6808,.T.);
#6197=ORIENTED_EDGE('',*,*,#6834,.T.);
#6198=ORIENTED_EDGE('',*,*,#6835,.F.);
#6199=ORIENTED_EDGE('',*,*,#6836,.T.);
#6200=ORIENTED_EDGE('',*,*,#6810,.T.);
#6201=ORIENTED_EDGE('',*,*,#6837,.T.);
#6202=ORIENTED_EDGE('',*,*,#6803,.T.);
#6203=ORIENTED_EDGE('',*,*,#6838,.T.);
#6204=ORIENTED_EDGE('',*,*,#6839,.F.);
#6205=ORIENTED_EDGE('',*,*,#6840,.T.);
#6206=ORIENTED_EDGE('',*,*,#6841,.F.);
#6207=ORIENTED_EDGE('',*,*,#6842,.T.);
#6208=ORIENTED_EDGE('',*,*,#6805,.T.);
#6209=ORIENTED_EDGE('',*,*,#6814,.F.);
#6210=ORIENTED_EDGE('',*,*,#6811,.F.);
#6211=ORIENTED_EDGE('',*,*,#6842,.F.);
#6212=ORIENTED_EDGE('',*,*,#6843,.F.);
#6213=ORIENTED_EDGE('',*,*,#6828,.F.);
#6214=ORIENTED_EDGE('',*,*,#6844,.F.);
#6215=ORIENTED_EDGE('',*,*,#6831,.F.);
#6216=ORIENTED_EDGE('',*,*,#6812,.F.);
#6217=ORIENTED_EDGE('',*,*,#6813,.F.);
#6218=ORIENTED_EDGE('',*,*,#6845,.F.);
#6219=ORIENTED_EDGE('',*,*,#6840,.F.);
#6220=ORIENTED_EDGE('',*,*,#6817,.F.);
#6221=ORIENTED_EDGE('',*,*,#6845,.T.);
#6222=ORIENTED_EDGE('',*,*,#6815,.F.);
#6223=ORIENTED_EDGE('',*,*,#6843,.T.);
#6224=ORIENTED_EDGE('',*,*,#6841,.T.);
#6225=ORIENTED_EDGE('',*,*,#6818,.F.);
#6226=ORIENTED_EDGE('',*,*,#6816,.F.);
#6227=ORIENTED_EDGE('',*,*,#6837,.F.);
#6228=ORIENTED_EDGE('',*,*,#6846,.F.);
#6229=ORIENTED_EDGE('',*,*,#6846,.T.);
#6230=ORIENTED_EDGE('',*,*,#6839,.T.);
#6231=ORIENTED_EDGE('',*,*,#6847,.T.);
#6232=ORIENTED_EDGE('',*,*,#6819,.F.);
#6233=ORIENTED_EDGE('',*,*,#6820,.F.);
#6234=ORIENTED_EDGE('',*,*,#6847,.F.);
#6235=ORIENTED_EDGE('',*,*,#6838,.F.);
#6236=ORIENTED_EDGE('',*,*,#6822,.F.);
#6237=ORIENTED_EDGE('',*,*,#6824,.F.);
#6238=ORIENTED_EDGE('',*,*,#6821,.F.);
#6239=ORIENTED_EDGE('',*,*,#6836,.F.);
#6240=ORIENTED_EDGE('',*,*,#6848,.F.);
#6241=ORIENTED_EDGE('',*,*,#6823,.F.);
#6242=ORIENTED_EDGE('',*,*,#6849,.F.);
#6243=ORIENTED_EDGE('',*,*,#6834,.F.);
#6244=ORIENTED_EDGE('',*,*,#6827,.F.);
#6245=ORIENTED_EDGE('',*,*,#6849,.T.);
#6246=ORIENTED_EDGE('',*,*,#6825,.F.);
#6247=ORIENTED_EDGE('',*,*,#6848,.T.);
#6248=ORIENTED_EDGE('',*,*,#6835,.T.);
#6249=ORIENTED_EDGE('',*,*,#6829,.F.);
#6250=ORIENTED_EDGE('',*,*,#6826,.F.);
#6251=ORIENTED_EDGE('',*,*,#6833,.F.);
#6252=ORIENTED_EDGE('',*,*,#6850,.F.);
#6253=ORIENTED_EDGE('',*,*,#6844,.T.);
#6254=ORIENTED_EDGE('',*,*,#6830,.F.);
#6255=ORIENTED_EDGE('',*,*,#6850,.T.);
#6256=ORIENTED_EDGE('',*,*,#6832,.T.);
#6257=EDGE_CURVE('',#6851,#6851,#6852,.T.);
#6258=EDGE_CURVE('',#6853,#6853,#6854,.T.);
#6259=EDGE_CURVE('',#6855,#6855,#6856,.T.);
#6260=EDGE_CURVE('',#6857,#6857,#6858,.T.);
#6261=EDGE_CURVE('',#6859,#6859,#6860,.T.);
#6262=EDGE_CURVE('',#6861,#6861,#6862,.T.);
#6263=EDGE_CURVE('',#6863,#6863,#6864,.T.);
#6264=EDGE_CURVE('',#6865,#6865,#6866,.T.);
#6265=EDGE_CURVE('',#6867,#6867,#6868,.T.);
#6266=EDGE_CURVE('',#6869,#6869,#6870,.T.);
#6267=EDGE_CURVE('',#6871,#6872,#6873,.T.);
#6268=EDGE_CURVE('',#6872,#6874,#6875,.T.);
#6269=EDGE_CURVE('',#6874,#6876,#6877,.T.);
#6270=EDGE_CURVE('',#6876,#6878,#6879,.T.);
#6271=EDGE_CURVE('',#6878,#6880,#6881,.T.);
#6272=EDGE_CURVE('',#6880,#6882,#6883,.T.);
#6273=EDGE_CURVE('',#6882,#6884,#6885,.T.);
#6274=EDGE_CURVE('',#6884,#6886,#6887,.T.);
#6275=EDGE_CURVE('',#6886,#6888,#6889,.T.);
#6276=EDGE_CURVE('',#6888,#6890,#6891,.T.);
#6277=EDGE_CURVE('',#6890,#6892,#6893,.T.);
#6278=EDGE_CURVE('',#6892,#6894,#6895,.T.);
#6279=EDGE_CURVE('',#6894,#6896,#6897,.T.);
#6280=EDGE_CURVE('',#6896,#6898,#6899,.T.);
#6281=EDGE_CURVE('',#6898,#6900,#6901,.T.);
#6282=EDGE_CURVE('',#6900,#6902,#6903,.T.);
#6283=EDGE_CURVE('',#6902,#6904,#6905,.T.);
#6284=EDGE_CURVE('',#6904,#6906,#6907,.T.);
#6285=EDGE_CURVE('',#6906,#6908,#6909,.T.);
#6286=EDGE_CURVE('',#6908,#6910,#6911,.T.);
#6287=EDGE_CURVE('',#6910,#6912,#6913,.T.);
#6288=EDGE_CURVE('',#6912,#6914,#6915,.T.);
#6289=EDGE_CURVE('',#6914,#6916,#6917,.T.);
#6290=EDGE_CURVE('',#6916,#6918,#6919,.T.);
#6291=EDGE_CURVE('',#6918,#6920,#6921,.T.);
#6292=EDGE_CURVE('',#6920,#6922,#6923,.T.);
#6293=EDGE_CURVE('',#6922,#6924,#6925,.T.);
#6294=EDGE_CURVE('',#6924,#6926,#6927,.T.);
#6295=EDGE_CURVE('',#6926,#6928,#6929,.T.);
#6296=EDGE_CURVE('',#6928,#6930,#6931,.T.);
#6297=EDGE_CURVE('',#6930,#6932,#6933,.T.);
#6298=EDGE_CURVE('',#6932,#6934,#6935,.T.);
#6299=EDGE_CURVE('',#6934,#6936,#6937,.T.);
#6300=EDGE_CURVE('',#6936,#6938,#6939,.T.);
#6301=EDGE_CURVE('',#6938,#6940,#6941,.T.);
#6302=EDGE_CURVE('',#6940,#6942,#6943,.T.);
#6303=EDGE_CURVE('',#6942,#6944,#6945,.T.);
#6304=EDGE_CURVE('',#6944,#6946,#6947,.T.);
#6305=EDGE_CURVE('',#6946,#6948,#6949,.T.);
#6306=EDGE_CURVE('',#6948,#6950,#6951,.T.);
#6307=EDGE_CURVE('',#6950,#6952,#6953,.T.);
#6308=EDGE_CURVE('',#6952,#6954,#6955,.T.);
#6309=EDGE_CURVE('',#6954,#6956,#6957,.T.);
#6310=EDGE_CURVE('',#6956,#6958,#6959,.T.);
#6311=EDGE_CURVE('',#6958,#6960,#6961,.T.);
#6312=EDGE_CURVE('',#6960,#6962,#6963,.T.);
#6313=EDGE_CURVE('',#6962,#6964,#6965,.T.);
#6314=EDGE_CURVE('',#6964,#6966,#6967,.T.);
#6315=EDGE_CURVE('',#6966,#6968,#6969,.T.);
#6316=EDGE_CURVE('',#6968,#6970,#6971,.T.);
#6317=EDGE_CURVE('',#6970,#6972,#6973,.T.);
#6318=EDGE_CURVE('',#6972,#6871,#6974,.T.);
#6319=EDGE_CURVE('',#6975,#6975,#6976,.F.);
#6320=EDGE_CURVE('',#6977,#6977,#6978,.F.);
#6321=EDGE_CURVE('',#6979,#6979,#6980,.F.);
#6322=EDGE_CURVE('',#6981,#6981,#6982,.F.);
#6323=EDGE_CURVE('',#6983,#6983,#6984,.F.);
#6324=EDGE_CURVE('',#6985,#6985,#6986,.F.);
#6325=EDGE_CURVE('',#6987,#6987,#6988,.T.);
#6326=EDGE_CURVE('',#6989,#6989,#6990,.T.);
#6327=EDGE_CURVE('',#6991,#6991,#6992,.T.);
#6328=EDGE_CURVE('',#6993,#6993,#6994,.T.);
#6329=EDGE_CURVE('',#6995,#6995,#6996,.T.);
#6330=EDGE_CURVE('',#6997,#6998,#6999,.T.);
#6331=EDGE_CURVE('',#7000,#6997,#7001,.T.);
#6332=EDGE_CURVE('',#7002,#7000,#7003,.T.);
#6333=EDGE_CURVE('',#7004,#7002,#7005,.T.);
#6334=EDGE_CURVE('',#7006,#7004,#7007,.T.);
#6335=EDGE_CURVE('',#7008,#7006,#7009,.T.);
#6336=EDGE_CURVE('',#7010,#7008,#7011,.T.);
#6337=EDGE_CURVE('',#7012,#7010,#7013,.T.);
#6338=EDGE_CURVE('',#7014,#7012,#7015,.T.);
#6339=EDGE_CURVE('',#7016,#7014,#7017,.T.);
#6340=EDGE_CURVE('',#7018,#7016,#7019,.T.);
#6341=EDGE_CURVE('',#7020,#7018,#7021,.T.);
#6342=EDGE_CURVE('',#7022,#7020,#7023,.T.);
#6343=EDGE_CURVE('',#7024,#7022,#7025,.T.);
#6344=EDGE_CURVE('',#7026,#7024,#7027,.T.);
#6345=EDGE_CURVE('',#7028,#7026,#7029,.T.);
#6346=EDGE_CURVE('',#7030,#7028,#7031,.T.);
#6347=EDGE_CURVE('',#7032,#7030,#7033,.T.);
#6348=EDGE_CURVE('',#7034,#7032,#7035,.T.);
#6349=EDGE_CURVE('',#7036,#7034,#7037,.T.);
#6350=EDGE_CURVE('',#7038,#7036,#7039,.T.);
#6351=EDGE_CURVE('',#7040,#7038,#7041,.T.);
#6352=EDGE_CURVE('',#7042,#7040,#7043,.T.);
#6353=EDGE_CURVE('',#7044,#7042,#7045,.T.);
#6354=EDGE_CURVE('',#7046,#7044,#7047,.T.);
#6355=EDGE_CURVE('',#7048,#7046,#7049,.T.);
#6356=EDGE_CURVE('',#7050,#7048,#7051,.T.);
#6357=EDGE_CURVE('',#7052,#7050,#7053,.T.);
#6358=EDGE_CURVE('',#7054,#7052,#7055,.T.);
#6359=EDGE_CURVE('',#7056,#7054,#7057,.T.);
#6360=EDGE_CURVE('',#7058,#7056,#7059,.T.);
#6361=EDGE_CURVE('',#7060,#7058,#7061,.T.);
#6362=EDGE_CURVE('',#7062,#7060,#7063,.T.);
#6363=EDGE_CURVE('',#7064,#7062,#7065,.T.);
#6364=EDGE_CURVE('',#7066,#7064,#7067,.T.);
#6365=EDGE_CURVE('',#7068,#7066,#7069,.T.);
#6366=EDGE_CURVE('',#7070,#7068,#7071,.T.);
#6367=EDGE_CURVE('',#7072,#7070,#7073,.T.);
#6368=EDGE_CURVE('',#7074,#7072,#7075,.T.);
#6369=EDGE_CURVE('',#7076,#7074,#7077,.T.);
#6370=EDGE_CURVE('',#7078,#7076,#7079,.T.);
#6371=EDGE_CURVE('',#7080,#7078,#7081,.T.);
#6372=EDGE_CURVE('',#7082,#7080,#7083,.T.);
#6373=EDGE_CURVE('',#7084,#7082,#7085,.T.);
#6374=EDGE_CURVE('',#7086,#7084,#7087,.T.);
#6375=EDGE_CURVE('',#7088,#7086,#7089,.T.);
#6376=EDGE_CURVE('',#7090,#7088,#7091,.T.);
#6377=EDGE_CURVE('',#7092,#7090,#7093,.T.);
#6378=EDGE_CURVE('',#7094,#7092,#7095,.T.);
#6379=EDGE_CURVE('',#7096,#7094,#7097,.T.);
#6380=EDGE_CURVE('',#7098,#7096,#7099,.T.);
#6381=EDGE_CURVE('',#6998,#7098,#7100,.T.);
#6382=EDGE_CURVE('',#7101,#7101,#7102,.T.);
#6383=EDGE_CURVE('',#7012,#6872,#7103,.T.);
#6384=EDGE_CURVE('',#7014,#6871,#7104,.T.);
#6385=EDGE_CURVE('',#7010,#6874,#7105,.T.);
#6386=EDGE_CURVE('',#7008,#6876,#7106,.T.);
#6387=EDGE_CURVE('',#7006,#6878,#7107,.T.);
#6388=EDGE_CURVE('',#7004,#6880,#7108,.T.);
#6389=EDGE_CURVE('',#7002,#6882,#7109,.T.);
#6390=EDGE_CURVE('',#7000,#6884,#7110,.T.);
#6391=EDGE_CURVE('',#6997,#6886,#7111,.T.);
#6392=EDGE_CURVE('',#6998,#6888,#7112,.T.);
#6393=EDGE_CURVE('',#7098,#6890,#7113,.T.);
#6394=EDGE_CURVE('',#7096,#6892,#7114,.T.);
#6395=EDGE_CURVE('',#7094,#6894,#7115,.T.);
#6396=EDGE_CURVE('',#7092,#6896,#7116,.T.);
#6397=EDGE_CURVE('',#7090,#6898,#7117,.T.);
#6398=EDGE_CURVE('',#7088,#6900,#7118,.T.);
#6399=EDGE_CURVE('',#7086,#6902,#7119,.T.);
#6400=EDGE_CURVE('',#7084,#6904,#7120,.T.);
#6401=EDGE_CURVE('',#7082,#6906,#7121,.T.);
#6402=EDGE_CURVE('',#7080,#6908,#7122,.T.);
#6403=EDGE_CURVE('',#7078,#6910,#7123,.T.);
#6404=EDGE_CURVE('',#7076,#6912,#7124,.T.);
#6405=EDGE_CURVE('',#7074,#6914,#7125,.T.);
#6406=EDGE_CURVE('',#7072,#6916,#7126,.T.);
#6407=EDGE_CURVE('',#7070,#6918,#7127,.T.);
#6408=EDGE_CURVE('',#7068,#6920,#7128,.T.);
#6409=EDGE_CURVE('',#7066,#6922,#7129,.T.);
#6410=EDGE_CURVE('',#7064,#6924,#7130,.T.);
#6411=EDGE_CURVE('',#7062,#6926,#7131,.T.);
#6412=EDGE_CURVE('',#7060,#6928,#7132,.T.);
#6413=EDGE_CURVE('',#7058,#6930,#7133,.T.);
#6414=EDGE_CURVE('',#7056,#6932,#7134,.T.);
#6415=EDGE_CURVE('',#7054,#6934,#7135,.T.);
#6416=EDGE_CURVE('',#7052,#6936,#7136,.T.);
#6417=EDGE_CURVE('',#7050,#6938,#7137,.T.);
#6418=EDGE_CURVE('',#7048,#6940,#7138,.T.);
#6419=EDGE_CURVE('',#7046,#6942,#7139,.T.);
#6420=EDGE_CURVE('',#7044,#6944,#7140,.T.);
#6421=EDGE_CURVE('',#7042,#6946,#7141,.T.);
#6422=EDGE_CURVE('',#7040,#6948,#7142,.T.);
#6423=EDGE_CURVE('',#7038,#6950,#7143,.T.);
#6424=EDGE_CURVE('',#7036,#6952,#7144,.T.);
#6425=EDGE_CURVE('',#7034,#6954,#7145,.T.);
#6426=EDGE_CURVE('',#7032,#6956,#7146,.T.);
#6427=EDGE_CURVE('',#7030,#6958,#7147,.T.);
#6428=EDGE_CURVE('',#7028,#6960,#7148,.T.);
#6429=EDGE_CURVE('',#7026,#6962,#7149,.T.);
#6430=EDGE_CURVE('',#7024,#6964,#7150,.T.);
#6431=EDGE_CURVE('',#7022,#6966,#7151,.T.);
#6432=EDGE_CURVE('',#7020,#6968,#7152,.T.);
#6433=EDGE_CURVE('',#7018,#6970,#7153,.T.);
#6434=EDGE_CURVE('',#7016,#6972,#7154,.T.);
#6435=EDGE_CURVE('',#7155,#7155,#7156,.T.);
#6436=EDGE_CURVE('',#7157,#7157,#7158,.T.);
#6437=EDGE_CURVE('',#7159,#7159,#7160,.T.);
#6438=EDGE_CURVE('',#7161,#7161,#7162,.T.);
#6439=EDGE_CURVE('',#7163,#7163,#7164,.T.);
#6440=EDGE_CURVE('',#7165,#7165,#7166,.T.);
#6441=EDGE_CURVE('',#7167,#7167,#7168,.T.);
#6442=EDGE_CURVE('',#7169,#7169,#7170,.T.);
#6443=EDGE_CURVE('',#7171,#7171,#7172,.T.);
#6444=EDGE_CURVE('',#7173,#7173,#7174,.T.);
#6445=EDGE_CURVE('',#7175,#7175,#7176,.T.);
#6446=EDGE_CURVE('',#7177,#7177,#7178,.T.);
#6447=EDGE_CURVE('',#7179,#7179,#7180,.T.);
#6448=EDGE_CURVE('',#7181,#7181,#7182,.T.);
#6449=EDGE_CURVE('',#7183,#7183,#7184,.T.);
#6450=EDGE_CURVE('',#7185,#7185,#7186,.T.);
#6451=EDGE_CURVE('',#7187,#7187,#7188,.T.);
#6452=EDGE_CURVE('',#7189,#7189,#7190,.T.);
#6453=EDGE_CURVE('',#7191,#7191,#7192,.T.);
#6454=EDGE_CURVE('',#7193,#7193,#7194,.T.);
#6455=EDGE_CURVE('',#7195,#7195,#7196,.T.);
#6456=EDGE_CURVE('',#7197,#7197,#7198,.T.);
#6457=EDGE_CURVE('',#7199,#7199,#7200,.T.);
#6458=EDGE_CURVE('',#7201,#7201,#7202,.T.);
#6459=EDGE_CURVE('',#7203,#7203,#7204,.T.);
#6460=EDGE_CURVE('',#7205,#7205,#7206,.T.);
#6461=EDGE_CURVE('',#7207,#7207,#7208,.T.);
#6462=EDGE_CURVE('',#7209,#7209,#7210,.T.);
#6463=EDGE_CURVE('',#7211,#7211,#7212,.T.);
#6464=EDGE_CURVE('',#7213,#7213,#7214,.T.);
#6465=EDGE_CURVE('',#7215,#7215,#7216,.T.);
#6466=EDGE_CURVE('',#7217,#7217,#7218,.T.);
#6467=EDGE_CURVE('',#7219,#7219,#7220,.T.);
#6468=EDGE_CURVE('',#7221,#7221,#7222,.T.);
#6469=EDGE_CURVE('',#7223,#7223,#7224,.T.);
#6470=EDGE_CURVE('',#7225,#7225,#7226,.T.);
#6471=EDGE_CURVE('',#7227,#7227,#7228,.T.);
#6472=EDGE_CURVE('',#7229,#7229,#7230,.T.);
#6473=EDGE_CURVE('',#7231,#7231,#7232,.T.);
#6474=EDGE_CURVE('',#7233,#7233,#7234,.T.);
#6475=EDGE_CURVE('',#7235,#7235,#7236,.T.);
#6476=EDGE_CURVE('',#7237,#7237,#7238,.T.);
#6477=EDGE_CURVE('',#7239,#7239,#7240,.T.);
#6478=EDGE_CURVE('',#7241,#7241,#7242,.T.);
#6479=EDGE_CURVE('',#7243,#7243,#7244,.T.);
#6480=EDGE_CURVE('',#7245,#7245,#7246,.T.);
#6481=EDGE_CURVE('',#7247,#7247,#7248,.T.);
#6482=EDGE_CURVE('',#7249,#7249,#7250,.T.);
#6483=EDGE_CURVE('',#7251,#7251,#7252,.T.);
#6484=EDGE_CURVE('',#7253,#7253,#7254,.T.);
#6485=EDGE_CURVE('',#7255,#7255,#7256,.T.);
#6486=EDGE_CURVE('',#7257,#7257,#7258,.T.);
#6487=EDGE_CURVE('',#7259,#7259,#7260,.T.);
#6488=EDGE_CURVE('',#7261,#7261,#7262,.T.);
#6489=EDGE_CURVE('',#7263,#7263,#7264,.T.);
#6490=EDGE_CURVE('',#7265,#7265,#7266,.T.);
#6491=EDGE_CURVE('',#7267,#7268,#7269,.T.);
#6492=EDGE_CURVE('',#7268,#7270,#7271,.T.);
#6493=EDGE_CURVE('',#7270,#7272,#7273,.T.);
#6494=EDGE_CURVE('',#7272,#7274,#7275,.T.);
#6495=EDGE_CURVE('',#7274,#7276,#7277,.T.);
#6496=EDGE_CURVE('',#7276,#7278,#7279,.T.);
#6497=EDGE_CURVE('',#7278,#7280,#7281,.T.);
#6498=EDGE_CURVE('',#7280,#7282,#7283,.T.);
#6499=EDGE_CURVE('',#7282,#7267,#7284,.T.);
#6500=EDGE_CURVE('',#7285,#7285,#7286,.T.);
#6501=EDGE_CURVE('',#7287,#7288,#7289,.F.);
#6502=EDGE_CURVE('',#7290,#7288,#7291,.T.);
#6503=EDGE_CURVE('',#7290,#7292,#7293,.F.);
#6504=EDGE_CURVE('',#7294,#7292,#7295,.T.);
#6505=EDGE_CURVE('',#7294,#7296,#7297,.F.);
#6506=EDGE_CURVE('',#7296,#7298,#7299,.F.);
#6507=EDGE_CURVE('',#7300,#7298,#7301,.T.);
#6508=EDGE_CURVE('',#7300,#7302,#7303,.F.);
#6509=EDGE_CURVE('',#7287,#7302,#7304,.T.);
#6510=EDGE_CURVE('',#7305,#7305,#7306,.T.);
#6511=EDGE_CURVE('',#7307,#7290,#7308,.T.);
#6512=EDGE_CURVE('',#7288,#7309,#7310,.F.);
#6513=EDGE_CURVE('',#7307,#7309,#7311,.T.);
#6514=EDGE_CURVE('',#7292,#7312,#7313,.F.);
#6515=EDGE_CURVE('',#7314,#7312,#7315,.T.);
#6516=EDGE_CURVE('',#7314,#7294,#7316,.T.);
#6517=EDGE_CURVE('',#7298,#7317,#7318,.F.);
#6518=EDGE_CURVE('',#7319,#7317,#7320,.T.);
#6519=EDGE_CURVE('',#7319,#7300,#7321,.T.);
#6520=EDGE_CURVE('',#7302,#7322,#7323,.F.);
#6521=EDGE_CURVE('',#7324,#7322,#7325,.T.);
#6522=EDGE_CURVE('',#7324,#7287,#7326,.T.);
#6523=EDGE_CURVE('',#7327,#7307,#7328,.F.);
#6524=EDGE_CURVE('',#7309,#7329,#7330,.F.);
#6525=EDGE_CURVE('',#7327,#7329,#7331,.T.);
#6526=EDGE_CURVE('',#7312,#7332,#7333,.F.);
#6527=EDGE_CURVE('',#7334,#7332,#7335,.T.);
#6528=EDGE_CURVE('',#7334,#7314,#7336,.F.);
#6529=EDGE_CURVE('',#7317,#7337,#7338,.F.);
#6530=EDGE_CURVE('',#7339,#7337,#7340,.T.);
#6531=EDGE_CURVE('',#7339,#7319,#7341,.F.);
#6532=EDGE_CURVE('',#7322,#7342,#7343,.F.);
#6533=EDGE_CURVE('',#7344,#7342,#7345,.T.);
#6534=EDGE_CURVE('',#7344,#7324,#7346,.F.);
#6535=EDGE_CURVE('',#7280,#7327,#7347,.F.);
#6536=EDGE_CURVE('',#7329,#7282,#7348,.T.);
#6537=EDGE_CURVE('',#7332,#7278,#7349,.T.);
#6538=EDGE_CURVE('',#7276,#7334,#7350,.F.);
#6539=EDGE_CURVE('',#7337,#7272,#7351,.T.);
#6540=EDGE_CURVE('',#7270,#7339,#7352,.F.);
#6541=EDGE_CURVE('',#7342,#7268,#7353,.T.);
#6542=EDGE_CURVE('',#7267,#7344,#7354,.F.);
#6543=EDGE_CURVE('',#7294,#7276,#7355,.T.);
#6544=EDGE_CURVE('',#7272,#7298,#7356,.T.);
#6545=EDGE_CURVE('',#7290,#7280,#7357,.T.);
#6546=EDGE_CURVE('',#7278,#7292,#7358,.T.);
#6547=EDGE_CURVE('',#7287,#7267,#7359,.T.);
#6548=EDGE_CURVE('',#7282,#7288,#7360,.T.);
#6549=EDGE_CURVE('',#7300,#7270,#7361,.T.);
#6550=EDGE_CURVE('',#7268,#7302,#7362,.T.);
#6551=EDGE_CURVE('',#7363,#7364,#7365,.T.);
#6552=EDGE_CURVE('',#7364,#7366,#7367,.T.);
#6553=EDGE_CURVE('',#7366,#7368,#7369,.T.);
#6554=EDGE_CURVE('',#7368,#7370,#7371,.T.);
#6555=EDGE_CURVE('',#7370,#7372,#7373,.T.);
#6556=EDGE_CURVE('',#7372,#7374,#7375,.T.);
#6557=EDGE_CURVE('',#7374,#7376,#7377,.T.);
#6558=EDGE_CURVE('',#7376,#7378,#7379,.T.);
#6559=EDGE_CURVE('',#7378,#7363,#7380,.T.);
#6560=EDGE_CURVE('',#7381,#7381,#7382,.T.);
#6561=EDGE_CURVE('',#7383,#7384,#7385,.F.);
#6562=EDGE_CURVE('',#7383,#7372,#7386,.T.);
#6563=EDGE_CURVE('',#7368,#7387,#7388,.T.);
#6564=EDGE_CURVE('',#7384,#7387,#7389,.F.);
#6565=EDGE_CURVE('',#7390,#7374,#7391,.T.);
#6566=EDGE_CURVE('',#7372,#7392,#7393,.F.);
#6567=EDGE_CURVE('',#7392,#7390,#7394,.T.);
#6568=EDGE_CURVE('',#7395,#7396,#7397,.F.);
#6569=EDGE_CURVE('',#7395,#7376,#7398,.T.);
#6570=EDGE_CURVE('',#7374,#7396,#7399,.T.);
#6571=EDGE_CURVE('',#7376,#7400,#7401,.F.);
#6572=EDGE_CURVE('',#7400,#7402,#7403,.T.);
#6573=EDGE_CURVE('',#7402,#7378,#7404,.T.);
#6574=EDGE_CURVE('',#7405,#7406,#7407,.F.);
#6575=EDGE_CURVE('',#7405,#7363,#7408,.T.);
#6576=EDGE_CURVE('',#7378,#7406,#7409,.T.);
#6577=EDGE_CURVE('',#7410,#7364,#7411,.T.);
#6578=EDGE_CURVE('',#7363,#7412,#7413,.F.);
#6579=EDGE_CURVE('',#7412,#7410,#7414,.T.);
#6580=EDGE_CURVE('',#7415,#7416,#7417,.F.);
#6581=EDGE_CURVE('',#7415,#7366,#7418,.T.);
#6582=EDGE_CURVE('',#7364,#7416,#7419,.T.);
#6583=EDGE_CURVE('',#7420,#7368,#7421,.T.);
#6584=EDGE_CURVE('',#7366,#7422,#7423,.F.);
#6585=EDGE_CURVE('',#7422,#7420,#7424,.T.);
#6586=EDGE_CURVE('',#7425,#7425,#7426,.T.);
#6587=EDGE_CURVE('',#7395,#7406,#7427,.T.);
#6588=EDGE_CURVE('',#7383,#7396,#7428,.T.);
#6589=EDGE_CURVE('',#7415,#7387,#7429,.T.);
#6590=EDGE_CURVE('',#7405,#7416,#7430,.T.);
#6591=EDGE_CURVE('',#7431,#7383,#7432,.T.);
#6592=EDGE_CURVE('',#7392,#7431,#7433,.F.);
#6593=EDGE_CURVE('',#7434,#7420,#7435,.F.);
#6594=EDGE_CURVE('',#7387,#7434,#7436,.F.);
#6595=EDGE_CURVE('',#7437,#7390,#7438,.F.);
#6596=EDGE_CURVE('',#7396,#7437,#7439,.F.);
#6597=EDGE_CURVE('',#7431,#7437,#7440,.T.);
#6598=EDGE_CURVE('',#7441,#7395,#7442,.T.);
#6599=EDGE_CURVE('',#7400,#7441,#7443,.F.);
#6600=EDGE_CURVE('',#7441,#7444,#7445,.T.);
#6601=EDGE_CURVE('',#7444,#7402,#7446,.F.);
#6602=EDGE_CURVE('',#7406,#7444,#7447,.F.);
#6603=EDGE_CURVE('',#7448,#7405,#7449,.T.);
#6604=EDGE_CURVE('',#7412,#7448,#7450,.F.);
#6605=EDGE_CURVE('',#7451,#7410,#7452,.F.);
#6606=EDGE_CURVE('',#7416,#7451,#7453,.F.);
#6607=EDGE_CURVE('',#7448,#7451,#7454,.T.);
#6608=EDGE_CURVE('',#7455,#7415,#7456,.T.);
#6609=EDGE_CURVE('',#7422,#7455,#7457,.F.);
#6610=EDGE_CURVE('',#7455,#7434,#7458,.T.);
#6611=EDGE_CURVE('',#7459,#7460,#7461,.T.);
#6612=EDGE_CURVE('',#7460,#7462,#7463,.T.);
#6613=EDGE_CURVE('',#7462,#7464,#7465,.T.);
#6614=EDGE_CURVE('',#7464,#7466,#7467,.T.);
#6615=EDGE_CURVE('',#7466,#7468,#7469,.T.);
#6616=EDGE_CURVE('',#7468,#7470,#7471,.T.);
#6617=EDGE_CURVE('',#7470,#7472,#7473,.T.);
#6618=EDGE_CURVE('',#7472,#7474,#7475,.T.);
#6619=EDGE_CURVE('',#7474,#7459,#7476,.T.);
#6620=EDGE_CURVE('',#7477,#7477,#7478,.T.);
#6621=EDGE_CURVE('',#7479,#7480,#7481,.F.);
#6622=EDGE_CURVE('',#7479,#7468,#7482,.T.);
#6623=EDGE_CURVE('',#7464,#7483,#7484,.T.);
#6624=EDGE_CURVE('',#7480,#7483,#7485,.F.);
#6625=EDGE_CURVE('',#7486,#7470,#7487,.T.);
#6626=EDGE_CURVE('',#7468,#7488,#7489,.F.);
#6627=EDGE_CURVE('',#7488,#7486,#7490,.T.);
#6628=EDGE_CURVE('',#7491,#7492,#7493,.F.);
#6629=EDGE_CURVE('',#7491,#7472,#7494,.T.);
#6630=EDGE_CURVE('',#7470,#7492,#7495,.T.);
#6631=EDGE_CURVE('',#7472,#7496,#7497,.F.);
#6632=EDGE_CURVE('',#7496,#7498,#7499,.T.);
#6633=EDGE_CURVE('',#7498,#7474,#7500,.T.);
#6634=EDGE_CURVE('',#7501,#7502,#7503,.F.);
#6635=EDGE_CURVE('',#7501,#7459,#7504,.T.);
#6636=EDGE_CURVE('',#7474,#7502,#7505,.T.);
#6637=EDGE_CURVE('',#7506,#7460,#7507,.T.);
#6638=EDGE_CURVE('',#7459,#7508,#7509,.F.);
#6639=EDGE_CURVE('',#7508,#7506,#7510,.T.);
#6640=EDGE_CURVE('',#7511,#7512,#7513,.F.);
#6641=EDGE_CURVE('',#7511,#7462,#7514,.T.);
#6642=EDGE_CURVE('',#7460,#7512,#7515,.T.);
#6643=EDGE_CURVE('',#7516,#7464,#7517,.T.);
#6644=EDGE_CURVE('',#7462,#7518,#7519,.F.);
#6645=EDGE_CURVE('',#7518,#7516,#7520,.T.);
#6646=EDGE_CURVE('',#7521,#7521,#7522,.T.);
#6647=EDGE_CURVE('',#7491,#7502,#7523,.T.);
#6648=EDGE_CURVE('',#7479,#7492,#7524,.T.);
#6649=EDGE_CURVE('',#7511,#7483,#7525,.T.);
#6650=EDGE_CURVE('',#7501,#7512,#7526,.T.);
#6651=EDGE_CURVE('',#7527,#7479,#7528,.T.);
#6652=EDGE_CURVE('',#7488,#7527,#7529,.F.);
#6653=EDGE_CURVE('',#7530,#7516,#7531,.F.);
#6654=EDGE_CURVE('',#7483,#7530,#7532,.F.);
#6655=EDGE_CURVE('',#7533,#7486,#7534,.F.);
#6656=EDGE_CURVE('',#7492,#7533,#7535,.F.);
#6657=EDGE_CURVE('',#7527,#7533,#7536,.T.);
#6658=EDGE_CURVE('',#7537,#7491,#7538,.T.);
#6659=EDGE_CURVE('',#7496,#7537,#7539,.F.);
#6660=EDGE_CURVE('',#7537,#7540,#7541,.T.);
#6661=EDGE_CURVE('',#7540,#7498,#7542,.F.);
#6662=EDGE_CURVE('',#7502,#7540,#7543,.F.);
#6663=EDGE_CURVE('',#7544,#7501,#7545,.T.);
#6664=EDGE_CURVE('',#7508,#7544,#7546,.F.);
#6665=EDGE_CURVE('',#7547,#7506,#7548,.F.);
#6666=EDGE_CURVE('',#7512,#7547,#7549,.F.);
#6667=EDGE_CURVE('',#7544,#7547,#7550,.T.);
#6668=EDGE_CURVE('',#7551,#7511,#7552,.T.);
#6669=EDGE_CURVE('',#7518,#7551,#7553,.F.);
#6670=EDGE_CURVE('',#7551,#7530,#7554,.T.);
#6671=EDGE_CURVE('',#7555,#7556,#7557,.T.);
#6672=EDGE_CURVE('',#7556,#7558,#7559,.T.);
#6673=EDGE_CURVE('',#7558,#7560,#7561,.T.);
#6674=EDGE_CURVE('',#7560,#7562,#7563,.T.);
#6675=EDGE_CURVE('',#7562,#7564,#7565,.T.);
#6676=EDGE_CURVE('',#7564,#7566,#7567,.T.);
#6677=EDGE_CURVE('',#7566,#7568,#7569,.T.);
#6678=EDGE_CURVE('',#7568,#7570,#7571,.T.);
#6679=EDGE_CURVE('',#7570,#7555,#7572,.T.);
#6680=EDGE_CURVE('',#7573,#7573,#7574,.T.);
#6681=EDGE_CURVE('',#7575,#7576,#7577,.F.);
#6682=EDGE_CURVE('',#7575,#7564,#7578,.T.);
#6683=EDGE_CURVE('',#7560,#7579,#7580,.T.);
#6684=EDGE_CURVE('',#7576,#7579,#7581,.F.);
#6685=EDGE_CURVE('',#7582,#7566,#7583,.T.);
#6686=EDGE_CURVE('',#7564,#7584,#7585,.F.);
#6687=EDGE_CURVE('',#7584,#7582,#7586,.T.);
#6688=EDGE_CURVE('',#7587,#7588,#7589,.F.);
#6689=EDGE_CURVE('',#7587,#7568,#7590,.T.);
#6690=EDGE_CURVE('',#7566,#7588,#7591,.T.);
#6691=EDGE_CURVE('',#7568,#7592,#7593,.F.);
#6692=EDGE_CURVE('',#7592,#7594,#7595,.T.);
#6693=EDGE_CURVE('',#7594,#7570,#7596,.T.);
#6694=EDGE_CURVE('',#7597,#7598,#7599,.F.);
#6695=EDGE_CURVE('',#7597,#7555,#7600,.T.);
#6696=EDGE_CURVE('',#7570,#7598,#7601,.T.);
#6697=EDGE_CURVE('',#7602,#7556,#7603,.T.);
#6698=EDGE_CURVE('',#7555,#7604,#7605,.F.);
#6699=EDGE_CURVE('',#7604,#7602,#7606,.T.);
#6700=EDGE_CURVE('',#7607,#7608,#7609,.F.);
#6701=EDGE_CURVE('',#7607,#7558,#7610,.T.);
#6702=EDGE_CURVE('',#7556,#7608,#7611,.T.);
#6703=EDGE_CURVE('',#7612,#7560,#7613,.T.);
#6704=EDGE_CURVE('',#7558,#7614,#7615,.F.);
#6705=EDGE_CURVE('',#7614,#7612,#7616,.T.);
#6706=EDGE_CURVE('',#7617,#7617,#7618,.T.);
#6707=EDGE_CURVE('',#7587,#7598,#7619,.T.);
#6708=EDGE_CURVE('',#7575,#7588,#7620,.T.);
#6709=EDGE_CURVE('',#7607,#7579,#7621,.T.);
#6710=EDGE_CURVE('',#7597,#7608,#7622,.T.);
#6711=EDGE_CURVE('',#7623,#7575,#7624,.T.);
#6712=EDGE_CURVE('',#7584,#7623,#7625,.F.);
#6713=EDGE_CURVE('',#7626,#7612,#7627,.F.);
#6714=EDGE_CURVE('',#7579,#7626,#7628,.F.);
#6715=EDGE_CURVE('',#7629,#7582,#7630,.F.);
#6716=EDGE_CURVE('',#7588,#7629,#7631,.F.);
#6717=EDGE_CURVE('',#7623,#7629,#7632,.T.);
#6718=EDGE_CURVE('',#7633,#7587,#7634,.T.);
#6719=EDGE_CURVE('',#7592,#7633,#7635,.F.);
#6720=EDGE_CURVE('',#7633,#7636,#7637,.T.);
#6721=EDGE_CURVE('',#7636,#7594,#7638,.F.);
#6722=EDGE_CURVE('',#7598,#7636,#7639,.F.);
#6723=EDGE_CURVE('',#7640,#7597,#7641,.T.);
#6724=EDGE_CURVE('',#7604,#7640,#7642,.F.);
#6725=EDGE_CURVE('',#7643,#7602,#7644,.F.);
#6726=EDGE_CURVE('',#7608,#7643,#7645,.F.);
#6727=EDGE_CURVE('',#7640,#7643,#7646,.T.);
#6728=EDGE_CURVE('',#7647,#7607,#7648,.T.);
#6729=EDGE_CURVE('',#7614,#7647,#7649,.F.);
#6730=EDGE_CURVE('',#7647,#7626,#7650,.T.);
#6731=EDGE_CURVE('',#7651,#7652,#7653,.T.);
#6732=EDGE_CURVE('',#7652,#7654,#7655,.T.);
#6733=EDGE_CURVE('',#7654,#7656,#7657,.T.);
#6734=EDGE_CURVE('',#7656,#7658,#7659,.T.);
#6735=EDGE_CURVE('',#7658,#7660,#7661,.T.);
#6736=EDGE_CURVE('',#7660,#7662,#7663,.T.);
#6737=EDGE_CURVE('',#7662,#7664,#7665,.T.);
#6738=EDGE_CURVE('',#7664,#7666,#7667,.T.);
#6739=EDGE_CURVE('',#7666,#7651,#7668,.T.);
#6740=EDGE_CURVE('',#7669,#7669,#7670,.T.);
#6741=EDGE_CURVE('',#7671,#7672,#7673,.F.);
#6742=EDGE_CURVE('',#7671,#7660,#7674,.T.);
#6743=EDGE_CURVE('',#7656,#7675,#7676,.T.);
#6744=EDGE_CURVE('',#7672,#7675,#7677,.F.);
#6745=EDGE_CURVE('',#7678,#7662,#7679,.T.);
#6746=EDGE_CURVE('',#7660,#7680,#7681,.F.);
#6747=EDGE_CURVE('',#7680,#7678,#7682,.T.);
#6748=EDGE_CURVE('',#7683,#7684,#7685,.F.);
#6749=EDGE_CURVE('',#7683,#7664,#7686,.T.);
#6750=EDGE_CURVE('',#7662,#7684,#7687,.T.);
#6751=EDGE_CURVE('',#7664,#7688,#7689,.F.);
#6752=EDGE_CURVE('',#7688,#7690,#7691,.T.);
#6753=EDGE_CURVE('',#7690,#7666,#7692,.T.);
#6754=EDGE_CURVE('',#7693,#7694,#7695,.F.);
#6755=EDGE_CURVE('',#7693,#7651,#7696,.T.);
#6756=EDGE_CURVE('',#7666,#7694,#7697,.T.);
#6757=EDGE_CURVE('',#7698,#7652,#7699,.T.);
#6758=EDGE_CURVE('',#7651,#7700,#7701,.F.);
#6759=EDGE_CURVE('',#7700,#7698,#7702,.T.);
#6760=EDGE_CURVE('',#7703,#7704,#7705,.F.);
#6761=EDGE_CURVE('',#7703,#7654,#7706,.T.);
#6762=EDGE_CURVE('',#7652,#7704,#7707,.T.);
#6763=EDGE_CURVE('',#7708,#7656,#7709,.T.);
#6764=EDGE_CURVE('',#7654,#7710,#7711,.F.);
#6765=EDGE_CURVE('',#7710,#7708,#7712,.T.);
#6766=EDGE_CURVE('',#7713,#7713,#7714,.T.);
#6767=EDGE_CURVE('',#7683,#7694,#7715,.T.);
#6768=EDGE_CURVE('',#7671,#7684,#7716,.T.);
#6769=EDGE_CURVE('',#7703,#7675,#7717,.T.);
#6770=EDGE_CURVE('',#7693,#7704,#7718,.T.);
#6771=EDGE_CURVE('',#7719,#7671,#7720,.T.);
#6772=EDGE_CURVE('',#7680,#7719,#7721,.F.);
#6773=EDGE_CURVE('',#7722,#7708,#7723,.F.);
#6774=EDGE_CURVE('',#7675,#7722,#7724,.F.);
#6775=EDGE_CURVE('',#7725,#7678,#7726,.F.);
#6776=EDGE_CURVE('',#7684,#7725,#7727,.F.);
#6777=EDGE_CURVE('',#7719,#7725,#7728,.T.);
#6778=EDGE_CURVE('',#7729,#7683,#7730,.T.);
#6779=EDGE_CURVE('',#7688,#7729,#7731,.F.);
#6780=EDGE_CURVE('',#7729,#7732,#7733,.T.);
#6781=EDGE_CURVE('',#7732,#7690,#7734,.F.);
#6782=EDGE_CURVE('',#7694,#7732,#7735,.F.);
#6783=EDGE_CURVE('',#7736,#7693,#7737,.T.);
#6784=EDGE_CURVE('',#7700,#7736,#7738,.F.);
#6785=EDGE_CURVE('',#7739,#7698,#7740,.F.);
#6786=EDGE_CURVE('',#7704,#7739,#7741,.F.);
#6787=EDGE_CURVE('',#7736,#7739,#7742,.T.);
#6788=EDGE_CURVE('',#7743,#7703,#7744,.T.);
#6789=EDGE_CURVE('',#7710,#7743,#7745,.F.);
#6790=EDGE_CURVE('',#7743,#7722,#7746,.T.);
#6791=EDGE_CURVE('',#7747,#7747,#7748,.T.);
#6792=EDGE_CURVE('',#7749,#7749,#7750,.T.);
#6793=EDGE_CURVE('',#7751,#7752,#7753,.T.);
#6794=EDGE_CURVE('',#7752,#7754,#7755,.T.);
#6795=EDGE_CURVE('',#7754,#7756,#7757,.T.);
#6796=EDGE_CURVE('',#7756,#7758,#7759,.T.);
#6797=EDGE_CURVE('',#7758,#7760,#7761,.T.);
#6798=EDGE_CURVE('',#7760,#7762,#7763,.T.);
#6799=EDGE_CURVE('',#7762,#7764,#7765,.T.);
#6800=EDGE_CURVE('',#7764,#7766,#7767,.T.);
#6801=EDGE_CURVE('',#7766,#7751,#7768,.T.);
#6802=EDGE_CURVE('',#7769,#7770,#7771,.F.);
#6803=EDGE_CURVE('',#7772,#7770,#7773,.T.);
#6804=EDGE_CURVE('',#7772,#7774,#7775,.F.);
#6805=EDGE_CURVE('',#7776,#7774,#7777,.T.);
#6806=EDGE_CURVE('',#7776,#7778,#7779,.F.);
#6807=EDGE_CURVE('',#7778,#7780,#7781,.F.);
#6808=EDGE_CURVE('',#7782,#7780,#7783,.T.);
#6809=EDGE_CURVE('',#7782,#7784,#7785,.F.);
#6810=EDGE_CURVE('',#7769,#7784,#7786,.T.);
#6811=EDGE_CURVE('',#7776,#7760,#7787,.T.);
#6812=EDGE_CURVE('',#7756,#7780,#7788,.T.);
#6813=EDGE_CURVE('',#7789,#7762,#7790,.T.);
#6814=EDGE_CURVE('',#7760,#7791,#7792,.F.);
#6815=EDGE_CURVE('',#7791,#7789,#7793,.T.);
#6816=EDGE_CURVE('',#7772,#7764,#7794,.T.);
#6817=EDGE_CURVE('',#7762,#7774,#7795,.T.);
#6818=EDGE_CURVE('',#7764,#7796,#7797,.F.);
#6819=EDGE_CURVE('',#7796,#7798,#7799,.T.);
#6820=EDGE_CURVE('',#7798,#7766,#7800,.T.);
#6821=EDGE_CURVE('',#7769,#7751,#7801,.T.);
#6822=EDGE_CURVE('',#7766,#7770,#7802,.T.);
#6823=EDGE_CURVE('',#7803,#7752,#7804,.T.);
#6824=EDGE_CURVE('',#7751,#7805,#7806,.F.);
#6825=EDGE_CURVE('',#7805,#7803,#7807,.T.);
#6826=EDGE_CURVE('',#7782,#7754,#7808,.T.);
#6827=EDGE_CURVE('',#7752,#7784,#7809,.T.);
#6828=EDGE_CURVE('',#7810,#7756,#7811,.T.);
#6829=EDGE_CURVE('',#7754,#7812,#7813,.F.);
#6830=EDGE_CURVE('',#7812,#7810,#7814,.T.);
#6831=EDGE_CURVE('',#7780,#7815,#7816,.F.);
#6832=EDGE_CURVE('',#7817,#7815,#7818,.T.);
#6833=EDGE_CURVE('',#7817,#7782,#7819,.T.);
#6834=EDGE_CURVE('',#7784,#7820,#7821,.F.);
#6835=EDGE_CURVE('',#7822,#7820,#7823,.T.);
#6836=EDGE_CURVE('',#7822,#7769,#7824,.T.);
#6837=EDGE_CURVE('',#7825,#7772,#7826,.T.);
#6838=EDGE_CURVE('',#7770,#7827,#7828,.F.);
#6839=EDGE_CURVE('',#7825,#7827,#7829,.T.);
#6840=EDGE_CURVE('',#7774,#7830,#7831,.F.);
#6841=EDGE_CURVE('',#7832,#7830,#7833,.T.);
#6842=EDGE_CURVE('',#7832,#7776,#7834,.T.);
#6843=EDGE_CURVE('',#7791,#7832,#7835,.F.);
#6844=EDGE_CURVE('',#7815,#7810,#7836,.F.);
#6845=EDGE_CURVE('',#7830,#7789,#7837,.F.);
#6846=EDGE_CURVE('',#7796,#7825,#7838,.F.);
#6847=EDGE_CURVE('',#7827,#7798,#7839,.F.);
#6848=EDGE_CURVE('',#7805,#7822,#7840,.F.);
#6849=EDGE_CURVE('',#7820,#7803,#7841,.F.);
#6850=EDGE_CURVE('',#7812,#7817,#7842,.F.);
#6851=VERTEX_POINT('',#7843);
#6852=CIRCLE('',#7844,0.65);
#6853=VERTEX_POINT('',#7848);
#6854=CIRCLE('',#7849,0.65);
#6855=VERTEX_POINT('',#7853);
#6856=CIRCLE('',#7854,0.65);
#6857=VERTEX_POINT('',#7858);
#6858=CIRCLE('',#7859,0.65);
#6859=VERTEX_POINT('',#7863);
#6860=CIRCLE('',#7864,0.65);
#6861=VERTEX_POINT('',#7868);
#6862=CIRCLE('',#7869,0.65);
#6863=VERTEX_POINT('',#7873);
#6864=CIRCLE('',#7874,0.65);
#6865=VERTEX_POINT('',#7878);
#6866=CIRCLE('',#7879,0.65);
#6867=VERTEX_POINT('',#7883);
#6868=CIRCLE('',#7884,0.65);
#6869=VERTEX_POINT('',#7888);
#6870=CIRCLE('',#7889,0.65);
#6871=VERTEX_POINT('',#7893);
#6872=VERTEX_POINT('',#7894);
#6873=LINE('',#7895,#7896);
#6874=VERTEX_POINT('',#7898);
#6875=LINE('',#7899,#7900);
#6876=VERTEX_POINT('',#7902);
#6877=LINE('',#7903,#7904);
#6878=VERTEX_POINT('',#7906);
#6879=LINE('',#7907,#7908);
#6880=VERTEX_POINT('',#7910);
#6881=LINE('',#7911,#7912);
#6882=VERTEX_POINT('',#7914);
#6883=LINE('',#7915,#7916);
#6884=VERTEX_POINT('',#7918);
#6885=LINE('',#7919,#7920);
#6886=VERTEX_POINT('',#7922);
#6887=LINE('',#7923,#7924);
#6888=VERTEX_POINT('',#7926);
#6889=LINE('',#7927,#7928);
#6890=VERTEX_POINT('',#7930);
#6891=LINE('',#7931,#7932);
#6892=VERTEX_POINT('',#7934);
#6893=LINE('',#7935,#7936);
#6894=VERTEX_POINT('',#7938);
#6895=LINE('',#7939,#7940);
#6896=VERTEX_POINT('',#7942);
#6897=LINE('',#7943,#7944);
#6898=VERTEX_POINT('',#7946);
#6899=LINE('',#7947,#7948);
#6900=VERTEX_POINT('',#7950);
#6901=LINE('',#7951,#7952);
#6902=VERTEX_POINT('',#7954);
#6903=LINE('',#7955,#7956);
#6904=VERTEX_POINT('',#7958);
#6905=LINE('',#7959,#7960);
#6906=VERTEX_POINT('',#7962);
#6907=LINE('',#7963,#7964);
#6908=VERTEX_POINT('',#7966);
#6909=LINE('',#7967,#7968);
#6910=VERTEX_POINT('',#7970);
#6911=LINE('',#7971,#7972);
#6912=VERTEX_POINT('',#7974);
#6913=LINE('',#7975,#7976);
#6914=VERTEX_POINT('',#7978);
#6915=LINE('',#7979,#7980);
#6916=VERTEX_POINT('',#7982);
#6917=LINE('',#7983,#7984);
#6918=VERTEX_POINT('',#7986);
#6919=LINE('',#7987,#7988);
#6920=VERTEX_POINT('',#7990);
#6921=LINE('',#7991,#7992);
#6922=VERTEX_POINT('',#7994);
#6923=LINE('',#7995,#7996);
#6924=VERTEX_POINT('',#7998);
#6925=LINE('',#7999,#8000);
#6926=VERTEX_POINT('',#8002);
#6927=LINE('',#8003,#8004);
#6928=VERTEX_POINT('',#8006);
#6929=LINE('',#8007,#8008);
#6930=VERTEX_POINT('',#8010);
#6931=LINE('',#8011,#8012);
#6932=VERTEX_POINT('',#8014);
#6933=LINE('',#8015,#8016);
#6934=VERTEX_POINT('',#8018);
#6935=LINE('',#8019,#8020);
#6936=VERTEX_POINT('',#8022);
#6937=LINE('',#8023,#8024);
#6938=VERTEX_POINT('',#8026);
#6939=LINE('',#8027,#8028);
#6940=VERTEX_POINT('',#8030);
#6941=LINE('',#8031,#8032);
#6942=VERTEX_POINT('',#8034);
#6943=LINE('',#8035,#8036);
#6944=VERTEX_POINT('',#8038);
#6945=LINE('',#8039,#8040);
#6946=VERTEX_POINT('',#8042);
#6947=LINE('',#8043,#8044);
#6948=VERTEX_POINT('',#8046);
#6949=LINE('',#8047,#8048);
#6950=VERTEX_POINT('',#8050);
#6951=LINE('',#8051,#8052);
#6952=VERTEX_POINT('',#8054);
#6953=LINE('',#8055,#8056);
#6954=VERTEX_POINT('',#8058);
#6955=LINE('',#8059,#8060);
#6956=VERTEX_POINT('',#8062);
#6957=LINE('',#8063,#8064);
#6958=VERTEX_POINT('',#8066);
#6959=LINE('',#8067,#8068);
#6960=VERTEX_POINT('',#8070);
#6961=LINE('',#8071,#8072);
#6962=VERTEX_POINT('',#8074);
#6963=LINE('',#8075,#8076);
#6964=VERTEX_POINT('',#8078);
#6965=LINE('',#8079,#8080);
#6966=VERTEX_POINT('',#8082);
#6967=LINE('',#8083,#8084);
#6968=VERTEX_POINT('',#8086);
#6969=LINE('',#8087,#8088);
#6970=VERTEX_POINT('',#8090);
#6971=LINE('',#8091,#8092);
#6972=VERTEX_POINT('',#8094);
#6973=LINE('',#8095,#8096);
#6974=LINE('',#8098,#8099);
#6975=VERTEX_POINT('',#8101);
#6976=CIRCLE('',#8102,0.9);
#6977=VERTEX_POINT('',#8106);
#6978=CIRCLE('',#8107,0.9);
#6979=VERTEX_POINT('',#8111);
#6980=CIRCLE('',#8112,0.9);
#6981=VERTEX_POINT('',#8116);
#6982=CIRCLE('',#8117,0.9);
#6983=VERTEX_POINT('',#8121);
#6984=CIRCLE('',#8122,0.9);
#6985=VERTEX_POINT('',#8126);
#6986=CIRCLE('',#8127,0.9);
#6987=VERTEX_POINT('',#8131);
#6988=CIRCLE('',#8132,0.9);
#6989=VERTEX_POINT('',#8136);
#6990=CIRCLE('',#8137,0.9);
#6991=VERTEX_POINT('',#8141);
#6992=CIRCLE('',#8142,0.9);
#6993=VERTEX_POINT('',#8146);
#6994=CIRCLE('',#8147,0.9);
#6995=VERTEX_POINT('',#8151);
#6996=CIRCLE('',#8152,0.9);
#6997=VERTEX_POINT('',#8156);
#6998=VERTEX_POINT('',#8157);
#6999=LINE('',#8158,#8159);
#7000=VERTEX_POINT('',#8161);
#7001=LINE('',#8162,#8163);
#7002=VERTEX_POINT('',#8165);
#7003=LINE('',#8166,#8167);
#7004=VERTEX_POINT('',#8169);
#7005=LINE('',#8170,#8171);
#7006=VERTEX_POINT('',#8173);
#7007=LINE('',#8174,#8175);
#7008=VERTEX_POINT('',#8177);
#7009=LINE('',#8178,#8179);
#7010=VERTEX_POINT('',#8181);
#7011=LINE('',#8182,#8183);
#7012=VERTEX_POINT('',#8185);
#7013=LINE('',#8186,#8187);
#7014=VERTEX_POINT('',#8189);
#7015=LINE('',#8190,#8191);
#7016=VERTEX_POINT('',#8193);
#7017=LINE('',#8194,#8195);
#7018=VERTEX_POINT('',#8197);
#7019=LINE('',#8198,#8199);
#7020=VERTEX_POINT('',#8201);
#7021=LINE('',#8202,#8203);
#7022=VERTEX_POINT('',#8205);
#7023=LINE('',#8206,#8207);
#7024=VERTEX_POINT('',#8209);
#7025=LINE('',#8210,#8211);
#7026=VERTEX_POINT('',#8213);
#7027=LINE('',#8214,#8215);
#7028=VERTEX_POINT('',#8217);
#7029=LINE('',#8218,#8219);
#7030=VERTEX_POINT('',#8221);
#7031=LINE('',#8222,#8223);
#7032=VERTEX_POINT('',#8225);
#7033=LINE('',#8226,#8227);
#7034=VERTEX_POINT('',#8229);
#7035=LINE('',#8230,#8231);
#7036=VERTEX_POINT('',#8233);
#7037=LINE('',#8234,#8235);
#7038=VERTEX_POINT('',#8237);
#7039=LINE('',#8238,#8239);
#7040=VERTEX_POINT('',#8241);
#7041=LINE('',#8242,#8243);
#7042=VERTEX_POINT('',#8245);
#7043=LINE('',#8246,#8247);
#7044=VERTEX_POINT('',#8249);
#7045=LINE('',#8250,#8251);
#7046=VERTEX_POINT('',#8253);
#7047=LINE('',#8254,#8255);
#7048=VERTEX_POINT('',#8257);
#7049=LINE('',#8258,#8259);
#7050=VERTEX_POINT('',#8261);
#7051=LINE('',#8262,#8263);
#7052=VERTEX_POINT('',#8265);
#7053=LINE('',#8266,#8267);
#7054=VERTEX_POINT('',#8269);
#7055=LINE('',#8270,#8271);
#7056=VERTEX_POINT('',#8273);
#7057=LINE('',#8274,#8275);
#7058=VERTEX_POINT('',#8277);
#7059=LINE('',#8278,#8279);
#7060=VERTEX_POINT('',#8281);
#7061=LINE('',#8282,#8283);
#7062=VERTEX_POINT('',#8285);
#7063=LINE('',#8286,#8287);
#7064=VERTEX_POINT('',#8289);
#7065=LINE('',#8290,#8291);
#7066=VERTEX_POINT('',#8293);
#7067=LINE('',#8294,#8295);
#7068=VERTEX_POINT('',#8297);
#7069=LINE('',#8298,#8299);
#7070=VERTEX_POINT('',#8301);
#7071=LINE('',#8302,#8303);
#7072=VERTEX_POINT('',#8305);
#7073=LINE('',#8306,#8307);
#7074=VERTEX_POINT('',#8309);
#7075=LINE('',#8310,#8311);
#7076=VERTEX_POINT('',#8313);
#7077=LINE('',#8314,#8315);
#7078=VERTEX_POINT('',#8317);
#7079=LINE('',#8318,#8319);
#7080=VERTEX_POINT('',#8321);
#7081=LINE('',#8322,#8323);
#7082=VERTEX_POINT('',#8325);
#7083=LINE('',#8326,#8327);
#7084=VERTEX_POINT('',#8329);
#7085=LINE('',#8330,#8331);
#7086=VERTEX_POINT('',#8333);
#7087=LINE('',#8334,#8335);
#7088=VERTEX_POINT('',#8337);
#7089=LINE('',#8338,#8339);
#7090=VERTEX_POINT('',#8341);
#7091=LINE('',#8342,#8343);
#7092=VERTEX_POINT('',#8345);
#7093=LINE('',#8346,#8347);
#7094=VERTEX_POINT('',#8349);
#7095=LINE('',#8350,#8351);
#7096=VERTEX_POINT('',#8353);
#7097=LINE('',#8354,#8355);
#7098=VERTEX_POINT('',#8357);
#7099=LINE('',#8358,#8359);
#7100=LINE('',#8361,#8362);
#7101=VERTEX_POINT('',#8364);
#7102=CIRCLE('',#8365,0.65);
#7103=LINE('',#8369,#8370);
#7104=LINE('',#8372,#8373);
#7105=LINE('',#8375,#8376);
#7106=LINE('',#8378,#8379);
#7107=LINE('',#8381,#8382);
#7108=LINE('',#8384,#8385);
#7109=LINE('',#8387,#8388);
#7110=LINE('',#8390,#8391);
#7111=LINE('',#8393,#8394);
#7112=LINE('',#8396,#8397);
#7113=LINE('',#8399,#8400);
#7114=LINE('',#8402,#8403);
#7115=LINE('',#8405,#8406);
#7116=LINE('',#8408,#8409);
#7117=LINE('',#8411,#8412);
#7118=LINE('',#8414,#8415);
#7119=LINE('',#8417,#8418);
#7120=LINE('',#8420,#8421);
#7121=LINE('',#8423,#8424);
#7122=LINE('',#8426,#8427);
#7123=LINE('',#8429,#8430);
#7124=LINE('',#8432,#8433);
#7125=LINE('',#8435,#8436);
#7126=LINE('',#8438,#8439);
#7127=LINE('',#8441,#8442);
#7128=LINE('',#8444,#8445);
#7129=LINE('',#8447,#8448);
#7130=LINE('',#8450,#8451);
#7131=LINE('',#8453,#8454);
#7132=LINE('',#8456,#8457);
#7133=LINE('',#8459,#8460);
#7134=LINE('',#8462,#8463);
#7135=LINE('',#8465,#8466);
#7136=LINE('',#8468,#8469);
#7137=LINE('',#8471,#8472);
#7138=LINE('',#8474,#8475);
#7139=LINE('',#8477,#8478);
#7140=LINE('',#8480,#8481);
#7141=LINE('',#8483,#8484);
#7142=LINE('',#8486,#8487);
#7143=LINE('',#8489,#8490);
#7144=LINE('',#8492,#8493);
#7145=LINE('',#8495,#8496);
#7146=LINE('',#8498,#8499);
#7147=LINE('',#8501,#8502);
#7148=LINE('',#8504,#8505);
#7149=LINE('',#8507,#8508);
#7150=LINE('',#8510,#8511);
#7151=LINE('',#8513,#8514);
#7152=LINE('',#8516,#8517);
#7153=LINE('',#8519,#8520);
#7154=LINE('',#8522,#8523);
#7155=VERTEX_POINT('',#8525);
#7156=CIRCLE('',#8526,0.9);
#7157=VERTEX_POINT('',#8530);
#7158=CIRCLE('',#8531,0.65);
#7159=VERTEX_POINT('',#8535);
#7160=CIRCLE('',#8536,0.5);
#7161=VERTEX_POINT('',#8540);
#7162=CIRCLE('',#8541,0.5);
#7163=VERTEX_POINT('',#8545);
#7164=CIRCLE('',#8546,0.8);
#7165=VERTEX_POINT('',#8550);
#7166=CIRCLE('',#8551,0.9);
#7167=VERTEX_POINT('',#8555);
#7168=CIRCLE('',#8556,0.9);
#7169=VERTEX_POINT('',#8560);
#7170=CIRCLE('',#8561,0.65);
#7171=VERTEX_POINT('',#8565);
#7172=CIRCLE('',#8566,0.65);
#7173=VERTEX_POINT('',#8570);
#7174=CIRCLE('',#8571,0.25);
#7175=VERTEX_POINT('',#8575);
#7176=CIRCLE('',#8576,0.25);
#7177=VERTEX_POINT('',#8580);
#7178=CIRCLE('',#8581,0.5);
#7179=VERTEX_POINT('',#8585);
#7180=CIRCLE('',#8586,0.5);
#7181=VERTEX_POINT('',#8590);
#7182=CIRCLE('',#8591,0.8);
#7183=VERTEX_POINT('',#8595);
#7184=CIRCLE('',#8596,0.9);
#7185=VERTEX_POINT('',#8600);
#7186=CIRCLE('',#8601,0.9);
#7187=VERTEX_POINT('',#8605);
#7188=CIRCLE('',#8606,0.65);
#7189=VERTEX_POINT('',#8610);
#7190=CIRCLE('',#8611,0.65);
#7191=VERTEX_POINT('',#8615);
#7192=CIRCLE('',#8616,0.25);
#7193=VERTEX_POINT('',#8620);
#7194=CIRCLE('',#8621,0.25);
#7195=VERTEX_POINT('',#8625);
#7196=CIRCLE('',#8626,0.5);
#7197=VERTEX_POINT('',#8630);
#7198=CIRCLE('',#8631,0.5);
#7199=VERTEX_POINT('',#8635);
#7200=CIRCLE('',#8636,0.8);
#7201=VERTEX_POINT('',#8640);
#7202=CIRCLE('',#8641,0.9);
#7203=VERTEX_POINT('',#8645);
#7204=CIRCLE('',#8646,0.9);
#7205=VERTEX_POINT('',#8650);
#7206=CIRCLE('',#8651,0.65);
#7207=VERTEX_POINT('',#8655);
#7208=CIRCLE('',#8656,0.65);
#7209=VERTEX_POINT('',#8660);
#7210=CIRCLE('',#8661,0.25);
#7211=VERTEX_POINT('',#8665);
#7212=CIRCLE('',#8666,0.25);
#7213=VERTEX_POINT('',#8670);
#7214=CIRCLE('',#8671,0.5);
#7215=VERTEX_POINT('',#8675);
#7216=CIRCLE('',#8676,0.5);
#7217=VERTEX_POINT('',#8680);
#7218=CIRCLE('',#8681,0.8);
#7219=VERTEX_POINT('',#8685);
#7220=CIRCLE('',#8686,0.9);
#7221=VERTEX_POINT('',#8690);
#7222=CIRCLE('',#8691,0.9);
#7223=VERTEX_POINT('',#8695);
#7224=CIRCLE('',#8696,0.65);
#7225=VERTEX_POINT('',#8700);
#7226=CIRCLE('',#8701,0.65);
#7227=VERTEX_POINT('',#8705);
#7228=CIRCLE('',#8706,0.25);
#7229=VERTEX_POINT('',#8710);
#7230=CIRCLE('',#8711,0.25);
#7231=VERTEX_POINT('',#8715);
#7232=CIRCLE('',#8716,0.5);
#7233=VERTEX_POINT('',#8720);
#7234=CIRCLE('',#8721,0.5);
#7235=VERTEX_POINT('',#8725);
#7236=CIRCLE('',#8726,0.8);
#7237=VERTEX_POINT('',#8730);
#7238=CIRCLE('',#8731,0.9);
#7239=VERTEX_POINT('',#8735);
#7240=CIRCLE('',#8736,0.9);
#7241=VERTEX_POINT('',#8740);
#7242=CIRCLE('',#8741,0.65);
#7243=VERTEX_POINT('',#8745);
#7244=CIRCLE('',#8746,0.65);
#7245=VERTEX_POINT('',#8750);
#7246=CIRCLE('',#8751,0.25);
#7247=VERTEX_POINT('',#8755);
#7248=CIRCLE('',#8756,0.25);
#7249=VERTEX_POINT('',#8760);
#7250=CIRCLE('',#8761,0.5);
#7251=VERTEX_POINT('',#8765);
#7252=CIRCLE('',#8766,0.5);
#7253=VERTEX_POINT('',#8770);
#7254=CIRCLE('',#8771,0.8);
#7255=VERTEX_POINT('',#8775);
#7256=CIRCLE('',#8776,0.9);
#7257=VERTEX_POINT('',#8780);
#7258=CIRCLE('',#8781,0.9);
#7259=VERTEX_POINT('',#8785);
#7260=CIRCLE('',#8786,0.65);
#7261=VERTEX_POINT('',#8790);
#7262=CIRCLE('',#8791,0.65);
#7263=VERTEX_POINT('',#8795);
#7264=CIRCLE('',#8796,0.25);
#7265=VERTEX_POINT('',#8800);
#7266=CIRCLE('',#8801,0.25);
#7267=VERTEX_POINT('',#8805);
#7268=VERTEX_POINT('',#8806);
#7269=CIRCLE('',#8807,0.5);
#7270=VERTEX_POINT('',#8811);
#7271=CIRCLE('',#8812,0.5);
#7272=VERTEX_POINT('',#8816);
#7273=CIRCLE('',#8817,0.5);
#7274=VERTEX_POINT('',#8821);
#7275=CIRCLE('',#8822,0.5);
#7276=VERTEX_POINT('',#8826);
#7277=CIRCLE('',#8827,0.5);
#7278=VERTEX_POINT('',#8831);
#7279=CIRCLE('',#8832,0.5);
#7280=VERTEX_POINT('',#8836);
#7281=CIRCLE('',#8837,0.5);
#7282=VERTEX_POINT('',#8841);
#7283=CIRCLE('',#8842,0.5);
#7284=CIRCLE('',#8846,0.5);
#7285=VERTEX_POINT('',#8850);
#7286=CIRCLE('',#8851,0.5);
#7287=VERTEX_POINT('',#8855);
#7288=VERTEX_POINT('',#8856);
#7289=CIRCLE('',#8857,0.4);
#7290=VERTEX_POINT('',#8861);
#7291=CIRCLE('',#8862,0.4);
#7292=VERTEX_POINT('',#8866);
#7293=CIRCLE('',#8867,0.4);
#7294=VERTEX_POINT('',#8871);
#7295=CIRCLE('',#8872,0.4);
#7296=VERTEX_POINT('',#8876);
#7297=CIRCLE('',#8877,0.4);
#7298=VERTEX_POINT('',#8881);
#7299=CIRCLE('',#8882,0.4);
#7300=VERTEX_POINT('',#8886);
#7301=CIRCLE('',#8887,0.4);
#7302=VERTEX_POINT('',#8891);
#7303=CIRCLE('',#8892,0.4);
#7304=CIRCLE('',#8896,0.4);
#7305=VERTEX_POINT('',#8900);
#7306=CIRCLE('',#8901,0.4);
#7307=VERTEX_POINT('',#8905);
#7308=B_SPLINE_CURVE_WITH_KNOTS('',3,
(#8906,#8907,#8908,#8909,#8910,#8911,#8912,#8913,#8914,#8915,#8916,#8917),
.UNSPECIFIED.,.F.,.F.,
(4,1,1,1,1,1,1,1,1,4),
(0.,0.0656839417510363,0.140125742402211,0.210188613603316,0.305156383498298,0.392050633496411,
0.594700422330941,0.615443827022558,0.867897843393787,1.),
.UNSPECIFIED.);
#7309=VERTEX_POINT('',#8918);
#7310=B_SPLINE_CURVE_WITH_KNOTS('',3,
(#8919,#8920,#8921,#8922,#8923,#8924,#8925,#8926,#8927,#8928,#8929,#8930),
.UNSPECIFIED.,.F.,.F.,
(4,1,1,1,1,1,1,1,1,4),
(0.,0.0656839417510377,0.140125742402214,0.210188613603321,0.305156383498305,0.39205063349642,
0.594700422330947,0.615443827022571,0.867897843393793,1.),
.UNSPECIFIED.);
#7311=CIRCLE('',#8931,0.2);
#7312=VERTEX_POINT('',#8935);
#7313=B_SPLINE_CURVE_WITH_KNOTS('',3,
(#8936,#8937,#8938,#8939,#8940,#8941,#8942,#8943,#8944,#8945,#8946,#8947),
.UNSPECIFIED.,.F.,.F.,
(4,1,1,1,1,1,1,1,1,4),
(0.,0.0656839417510377,0.140125742402214,0.210188613603321,0.305156383498306,0.392050633496421,
0.594700422330947,0.615443827022576,0.867897843393797,1.),
.UNSPECIFIED.);
#7314=VERTEX_POINT('',#8948);
#7315=CIRCLE('',#8949,0.2);
#7316=B_SPLINE_CURVE_WITH_KNOTS('',3,
(#8953,#8954,#8955,#8956,#8957,#8958,#8959,#8960,#8961,#8962,#8963,#8964),
.UNSPECIFIED.,.F.,.F.,
(4,1,1,1,1,1,1,1,1,4),
(0.,0.0656839417510363,0.140125742402211,0.210188613603316,0.305156383498298,0.392050633496411,
0.59470042233094,0.615443827022553,0.867897843393781,1.),
.UNSPECIFIED.);
#7317=VERTEX_POINT('',#8965);
#7318=B_SPLINE_CURVE_WITH_KNOTS('',3,
(#8966,#8967,#8968,#8969,#8970,#8971,#8972,#8973,#8974,#8975,#8976,#8977),
.UNSPECIFIED.,.F.,.F.,
(4,1,1,1,1,1,1,1,1,4),
(0.,0.0656839417510363,0.140125742402211,0.210188613603316,0.305156383498298,0.392050633496411,
0.59470042233094,0.615443827022553,0.867897843393785,1.),
.UNSPECIFIED.);
#7319=VERTEX_POINT('',#8978);
#7320=CIRCLE('',#8979,0.2);
#7321=B_SPLINE_CURVE_WITH_KNOTS('',3,
(#8983,#8984,#8985,#8986,#8987,#8988,#8989,#8990,#8991,#8992,#8993,#8994),
.UNSPECIFIED.,.F.,.F.,
(4,1,1,1,1,1,1,1,1,4),
(0.,0.0656839417510349,0.140125742402208,0.210188613603312,0.305156383498291,0.392050633496402,
0.594700422330935,0.615443827022538,0.867897843393777,1.),
.UNSPECIFIED.);
#7322=VERTEX_POINT('',#8995);
#7323=B_SPLINE_CURVE_WITH_KNOTS('',3,
(#8996,#8997,#8998,#8999,#9000,#9001,#9002,#9003,#9004,#9005,#9006,#9007),
.UNSPECIFIED.,.F.,.F.,
(4,1,1,1,1,1,1,1,1,4),
(0.,0.0656839417510363,0.140125742402211,0.210188613603316,0.305156383498298,0.392050633496411,
0.594700422330941,0.615443827022558,0.867897843393788,1.),
.UNSPECIFIED.);
#7324=VERTEX_POINT('',#9008);
#7325=CIRCLE('',#9009,0.2);
#7326=B_SPLINE_CURVE_WITH_KNOTS('',3,
(#9013,#9014,#9015,#9016,#9017,#9018,#9019,#9020,#9021,#9022,#9023,#9024),
.UNSPECIFIED.,.F.,.F.,
(4,1,1,1,1,1,1,1,1,4),
(0.,0.0656839417510363,0.140125742402211,0.210188613603316,0.305156383498298,0.392050633496411,
0.59470042233094,0.615443827022553,0.867897843393784,1.),
.UNSPECIFIED.);
#7327=VERTEX_POINT('',#9025);
#7328=LINE('',#9026,#9027);
#7329=VERTEX_POINT('',#9029);
#7330=LINE('',#9030,#9031);
#7331=CIRCLE('',#9033,0.3);
#7332=VERTEX_POINT('',#9037);
#7333=LINE('',#9038,#9039);
#7334=VERTEX_POINT('',#9041);
#7335=CIRCLE('',#9042,0.3);
#7336=LINE('',#9046,#9047);
#7337=VERTEX_POINT('',#9049);
#7338=LINE('',#9050,#9051);
#7339=VERTEX_POINT('',#9053);
#7340=CIRCLE('',#9054,0.3);
#7341=LINE('',#9058,#9059);
#7342=VERTEX_POINT('',#9061);
#7343=LINE('',#9062,#9063);
#7344=VERTEX_POINT('',#9065);
#7345=CIRCLE('',#9066,0.3);
#7346=LINE('',#9070,#9071);
#7347=B_SPLINE_CURVE_WITH_KNOTS('',3,
(#9073,#9074,#9075,#9076,#9077,#9078,#9079,#9080,#9081,#9082,#9083,#9084),
.UNSPECIFIED.,.F.,.F.,
(4,1,1,1,1,1,1,1,1,4),
(0.,0.0772356799893675,0.164769450643984,0.247154175965976,0.347498602847074,0.444012224281243,
0.629341482854162,0.678509283331832,0.904415555027197,1.),
.UNSPECIFIED.);
#7348=B_SPLINE_CURVE_WITH_KNOTS('',3,
(#9085,#9086,#9087,#9088,#9089,#9090,#9091,#9092,#9093,#9094,#9095,#9096),
.UNSPECIFIED.,.F.,.F.,
(4,1,1,1,1,1,1,1,1,4),
(0.,0.0772356799893637,0.164769450643976,0.247154175965964,0.347498602847056,0.44401222428122,
0.629341482854147,0.678509283331791,0.904415555027171,1.),
.UNSPECIFIED.);
#7349=B_SPLINE_CURVE_WITH_KNOTS('',3,
(#9097,#9098,#9099,#9100,#9101,#9102,#9103,#9104,#9105,#9106,#9107,#9108),
.UNSPECIFIED.,.F.,.F.,
(4,1,1,1,1,1,1,1,1,4),
(0.,0.077235679989366,0.164769450643981,0.247154175965971,0.347498602847065,0.444012224281232,
0.629341482854154,0.678509283331802,0.904415555027176,1.),
.UNSPECIFIED.);
#7350=B_SPLINE_CURVE_WITH_KNOTS('',3,
(#9109,#9110,#9111,#9112,#9113,#9114,#9115,#9116,#9117,#9118,#9119,#9120),
.UNSPECIFIED.,.F.,.F.,
(4,1,1,1,1,1,1,1,1,4),
(0.,0.0772356799893616,0.164769450643971,0.247154175965957,0.347498602847045,0.444012224281206,
0.629341482854137,0.678509283331765,0.904415555027154,1.),
.UNSPECIFIED.);
#7351=B_SPLINE_CURVE_WITH_KNOTS('',3,
(#9121,#9122,#9123,#9124,#9125,#9126,#9127,#9128,#9129,#9130,#9131,#9132),
.UNSPECIFIED.,.F.,.F.,
(4,1,1,1,1,1,1,1,1,4),
(0.,0.0772356799893637,0.164769450643976,0.247154175965964,0.347498602847056,0.44401222428122,
0.629341482854146,0.678509283331791,0.904415555027171,1.),
.UNSPECIFIED.);
#7352=B_SPLINE_CURVE_WITH_KNOTS('',3,
(#9133,#9134,#9135,#9136,#9137,#9138,#9139,#9140,#9141,#9142,#9143,#9144),
.UNSPECIFIED.,.F.,.F.,
(4,1,1,1,1,1,1,1,1,4),
(0.,0.0772356799893603,0.164769450643969,0.247154175965953,0.347498602847039,0.444012224281198,
0.629341482854132,0.678509283331751,0.904415555027146,1.),
.UNSPECIFIED.);
#7353=B_SPLINE_CURVE_WITH_KNOTS('',3,
(#9145,#9146,#9147,#9148,#9149,#9150,#9151,#9152,#9153,#9154,#9155,#9156),
.UNSPECIFIED.,.F.,.F.,
(4,1,1,1,1,1,1,1,1,4),
(0.,0.0772356799893675,0.164769450643984,0.247154175965976,0.347498602847074,0.444012224281243,
0.629341482854162,0.678509283331832,0.904415555027197,1.),
.UNSPECIFIED.);
#7354=B_SPLINE_CURVE_WITH_KNOTS('',3,
(#9157,#9158,#9159,#9160,#9161,#9162,#9163,#9164,#9165,#9166,#9167,#9168),
.UNSPECIFIED.,.F.,.F.,
(4,1,1,1,1,1,1,1,1,4),
(0.,0.0772356799893623,0.164769450643973,0.247154175965959,0.347498602847049,0.444012224281211,
0.62934148285414,0.678509283331774,0.90441555502716,1.),
.UNSPECIFIED.);
#7355=LINE('',#9169,#9170);
#7356=LINE('',#9172,#9173);
#7357=LINE('',#9175,#9176);
#7358=LINE('',#9178,#9179);
#7359=LINE('',#9181,#9182);
#7360=LINE('',#9184,#9185);
#7361=LINE('',#9187,#9188);
#7362=LINE('',#9190,#9191);
#7363=VERTEX_POINT('',#9193);
#7364=VERTEX_POINT('',#9194);
#7365=CIRCLE('',#9195,0.5);
#7366=VERTEX_POINT('',#9199);
#7367=CIRCLE('',#9200,0.5);
#7368=VERTEX_POINT('',#9204);
#7369=CIRCLE('',#9205,0.5);
#7370=VERTEX_POINT('',#9209);
#7371=CIRCLE('',#9210,0.5);
#7372=VERTEX_POINT('',#9214);
#7373=CIRCLE('',#9215,0.5);
#7374=VERTEX_POINT('',#9219);
#7375=CIRCLE('',#9220,0.5);
#7376=VERTEX_POINT('',#9224);
#7377=CIRCLE('',#9225,0.5);
#7378=VERTEX_POINT('',#9229);
#7379=CIRCLE('',#9230,0.5);
#7380=CIRCLE('',#9234,0.5);
#7381=VERTEX_POINT('',#9238);
#7382=CIRCLE('',#9239,0.5);
#7383=VERTEX_POINT('',#9243);
#7384=VERTEX_POINT('',#9244);
#7385=CIRCLE('',#9245,0.4);
#7386=LINE('',#9249,#9250);
#7387=VERTEX_POINT('',#9252);
#7388=LINE('',#9253,#9254);
#7389=CIRCLE('',#9256,0.4);
#7390=VERTEX_POINT('',#9260);
#7391=B_SPLINE_CURVE_WITH_KNOTS('',3,
(#9261,#9262,#9263,#9264,#9265,#9266,#9267,#9268,#9269,#9270,#9271,#9272),
.UNSPECIFIED.,.F.,.F.,
(4,1,1,1,1,1,1,1,1,4),
(0.,0.077235679989366,0.164769450643981,0.247154175965971,0.347498602847065,0.444012224281232,
0.629341482854154,0.678509283331802,0.904415555027176,1.),
.UNSPECIFIED.);
#7392=VERTEX_POINT('',#9273);
#7393=B_SPLINE_CURVE_WITH_KNOTS('',3,
(#9274,#9275,#9276,#9277,#9278,#9279,#9280,#9281,#9282,#9283,#9284,#9285),
.UNSPECIFIED.,.F.,.F.,
(4,1,1,1,1,1,1,1,1,4),
(0.,0.0772356799893616,0.164769450643971,0.247154175965957,0.347498602847045,0.444012224281206,
0.629341482854137,0.678509283331765,0.904415555027154,1.),
.UNSPECIFIED.);
#7394=CIRCLE('',#9286,0.3);
#7395=VERTEX_POINT('',#9290);
#7396=VERTEX_POINT('',#9291);
#7397=CIRCLE('',#9292,0.4);
#7398=LINE('',#9296,#9297);
#7399=LINE('',#9299,#9300);
#7400=VERTEX_POINT('',#9302);
#7401=B_SPLINE_CURVE_WITH_KNOTS('',3,
(#9303,#9304,#9305,#9306,#9307,#9308,#9309,#9310,#9311,#9312,#9313,#9314),
.UNSPECIFIED.,.F.,.F.,
(4,1,1,1,1,1,1,1,1,4),
(0.,0.0772356799893675,0.164769450643984,0.247154175965976,0.347498602847074,0.444012224281243,
0.629341482854162,0.678509283331832,0.904415555027197,1.),
.UNSPECIFIED.);
#7402=VERTEX_POINT('',#9315);
#7403=CIRCLE('',#9316,0.3);
#7404=B_SPLINE_CURVE_WITH_KNOTS('',3,
(#9320,#9321,#9322,#9323,#9324,#9325,#9326,#9327,#9328,#9329,#9330,#9331),
.UNSPECIFIED.,.F.,.F.,
(4,1,1,1,1,1,1,1,1,4),
(0.,0.0772356799893637,0.164769450643976,0.247154175965964,0.347498602847056,0.44401222428122,
0.629341482854147,0.678509283331791,0.904415555027171,1.),
.UNSPECIFIED.);
#7405=VERTEX_POINT('',#9332);
#7406=VERTEX_POINT('',#9333);
#7407=CIRCLE('',#9334,0.4);
#7408=LINE('',#9338,#9339);
#7409=LINE('',#9341,#9342);
#7410=VERTEX_POINT('',#9344);
#7411=B_SPLINE_CURVE_WITH_KNOTS('',3,
(#9345,#9346,#9347,#9348,#9349,#9350,#9351,#9352,#9353,#9354,#9355,#9356),
.UNSPECIFIED.,.F.,.F.,
(4,1,1,1,1,1,1,1,1,4),
(0.,0.0772356799893675,0.164769450643984,0.247154175965976,0.347498602847074,0.444012224281243,
0.629341482854162,0.678509283331832,0.904415555027197,1.),
.UNSPECIFIED.);
#7412=VERTEX_POINT('',#9357);
#7413=B_SPLINE_CURVE_WITH_KNOTS('',3,
(#9358,#9359,#9360,#9361,#9362,#9363,#9364,#9365,#9366,#9367,#9368,#9369),
.UNSPECIFIED.,.F.,.F.,
(4,1,1,1,1,1,1,1,1,4),
(0.,0.0772356799893623,0.164769450643973,0.247154175965959,0.347498602847049,0.444012224281211,
0.62934148285414,0.678509283331774,0.90441555502716,1.),
.UNSPECIFIED.);
#7414=CIRCLE('',#9370,0.3);
#7415=VERTEX_POINT('',#9374);
#7416=VERTEX_POINT('',#9375);
#7417=CIRCLE('',#9376,0.4);
#7418=LINE('',#9380,#9381);
#7419=LINE('',#9383,#9384);
#7420=VERTEX_POINT('',#9386);
#7421=B_SPLINE_CURVE_WITH_KNOTS('',3,
(#9387,#9388,#9389,#9390,#9391,#9392,#9393,#9394,#9395,#9396,#9397,#9398),
.UNSPECIFIED.,.F.,.F.,
(4,1,1,1,1,1,1,1,1,4),
(0.,0.0772356799893637,0.164769450643976,0.247154175965964,0.347498602847056,0.44401222428122,
0.629341482854146,0.678509283331791,0.904415555027171,1.),
.UNSPECIFIED.);
#7422=VERTEX_POINT('',#9399);
#7423=B_SPLINE_CURVE_WITH_KNOTS('',3,
(#9400,#9401,#9402,#9403,#9404,#9405,#9406,#9407,#9408,#9409,#9410,#9411),
.UNSPECIFIED.,.F.,.F.,
(4,1,1,1,1,1,1,1,1,4),
(0.,0.0772356799893603,0.164769450643969,0.247154175965953,0.347498602847039,0.444012224281198,
0.629341482854132,0.678509283331751,0.904415555027146,1.),
.UNSPECIFIED.);
#7424=CIRCLE('',#9412,0.3);
#7425=VERTEX_POINT('',#9416);
#7426=CIRCLE('',#9417,0.4);
#7427=CIRCLE('',#9421,0.4);
#7428=CIRCLE('',#9425,0.4);
#7429=CIRCLE('',#9429,0.4);
#7430=CIRCLE('',#9433,0.4);
#7431=VERTEX_POINT('',#9437);
#7432=B_SPLINE_CURVE_WITH_KNOTS('',3,
(#9438,#9439,#9440,#9441,#9442,#9443,#9444,#9445,#9446,#9447,#9448,#9449),
.UNSPECIFIED.,.F.,.F.,
(4,1,1,1,1,1,1,1,1,4),
(0.,0.0656839417510363,0.140125742402211,0.210188613603316,0.305156383498298,0.392050633496411,
0.59470042233094,0.615443827022553,0.867897843393783,1.),
.UNSPECIFIED.);
#7433=LINE('',#9450,#9451);
#7434=VERTEX_POINT('',#9453);
#7435=LINE('',#9454,#9455);
#7436=B_SPLINE_CURVE_WITH_KNOTS('',3,
(#9457,#9458,#9459,#9460,#9461,#9462,#9463,#9464,#9465,#9466,#9467,#9468),
.UNSPECIFIED.,.F.,.F.,
(4,1,1,1,1,1,1,1,1,4),
(0.,0.0656839417510363,0.140125742402211,0.210188613603316,0.305156383498298,0.392050633496411,
0.59470042233094,0.615443827022553,0.867897843393785,1.),
.UNSPECIFIED.);
#7437=VERTEX_POINT('',#9469);
#7438=LINE('',#9470,#9471);
#7439=B_SPLINE_CURVE_WITH_KNOTS('',3,
(#9473,#9474,#9475,#9476,#9477,#9478,#9479,#9480,#9481,#9482,#9483,#9484),
.UNSPECIFIED.,.F.,.F.,
(4,1,1,1,1,1,1,1,1,4),
(0.,0.0656839417510377,0.140125742402214,0.210188613603321,0.305156383498306,0.392050633496421,
0.594700422330947,0.615443827022576,0.867897843393797,1.),
.UNSPECIFIED.);
#7440=CIRCLE('',#9485,0.2);
#7441=VERTEX_POINT('',#9489);
#7442=B_SPLINE_CURVE_WITH_KNOTS('',3,
(#9490,#9491,#9492,#9493,#9494,#9495,#9496,#9497,#9498,#9499,#9500,#9501),
.UNSPECIFIED.,.F.,.F.,
(4,1,1,1,1,1,1,1,1,4),
(0.,0.0656839417510363,0.140125742402211,0.210188613603316,0.305156383498298,0.392050633496411,
0.594700422330941,0.615443827022558,0.867897843393787,1.),
.UNSPECIFIED.);
#7443=LINE('',#9502,#9503);
#7444=VERTEX_POINT('',#9505);
#7445=CIRCLE('',#9506,0.2);
#7446=LINE('',#9510,#9511);
#7447=B_SPLINE_CURVE_WITH_KNOTS('',3,
(#9513,#9514,#9515,#9516,#9517,#9518,#9519,#9520,#9521,#9522,#9523,#9524),
.UNSPECIFIED.,.F.,.F.,
(4,1,1,1,1,1,1,1,1,4),
(0.,0.0656839417510377,0.140125742402214,0.210188613603321,0.305156383498305,0.39205063349642,
0.594700422330947,0.615443827022571,0.867897843393793,1.),
.UNSPECIFIED.);
#7448=VERTEX_POINT('',#9525);
#7449=B_SPLINE_CURVE_WITH_KNOTS('',3,
(#9526,#9527,#9528,#9529,#9530,#9531,#9532,#9533,#9534,#9535,#9536,#9537),
.UNSPECIFIED.,.F.,.F.,
(4,1,1,1,1,1,1,1,1,4),
(0.,0.0656839417510363,0.140125742402211,0.210188613603316,0.305156383498298,0.392050633496411,
0.59470042233094,0.615443827022553,0.867897843393785,1.),
.UNSPECIFIED.);
#7450=LINE('',#9538,#9539);
#7451=VERTEX_POINT('',#9541);
#7452=LINE('',#9542,#9543);
#7453=B_SPLINE_CURVE_WITH_KNOTS('',3,
(#9545,#9546,#9547,#9548,#9549,#9550,#9551,#9552,#9553,#9554,#9555,#9556),
.UNSPECIFIED.,.F.,.F.,
(4,1,1,1,1,1,1,1,1,4),
(0.,0.0656839417510363,0.140125742402211,0.210188613603316,0.305156383498298,0.392050633496411,
0.594700422330941,0.615443827022558,0.867897843393788,1.),
.UNSPECIFIED.);
#7454=CIRCLE('',#9557,0.2);
#7455=VERTEX_POINT('',#9561);
#7456=B_SPLINE_CURVE_WITH_KNOTS('',3,
(#9562,#9563,#9564,#9565,#9566,#9567,#9568,#9569,#9570,#9571,#9572,#9573),
.UNSPECIFIED.,.F.,.F.,
(4,1,1,1,1,1,1,1,1,4),
(0.,0.0656839417510349,0.140125742402208,0.210188613603312,0.305156383498291,0.392050633496402,
0.594700422330935,0.615443827022538,0.867897843393777,1.),
.UNSPECIFIED.);
#7457=LINE('',#9574,#9575);
#7458=CIRCLE('',#9577,0.2);
#7459=VERTEX_POINT('',#9581);
#7460=VERTEX_POINT('',#9582);
#7461=CIRCLE('',#9583,0.5);
#7462=VERTEX_POINT('',#9587);
#7463=CIRCLE('',#9588,0.5);
#7464=VERTEX_POINT('',#9592);
#7465=CIRCLE('',#9593,0.5);
#7466=VERTEX_POINT('',#9597);
#7467=CIRCLE('',#9598,0.5);
#7468=VERTEX_POINT('',#9602);
#7469=CIRCLE('',#9603,0.5);
#7470=VERTEX_POINT('',#9607);
#7471=CIRCLE('',#9608,0.5);
#7472=VERTEX_POINT('',#9612);
#7473=CIRCLE('',#9613,0.5);
#7474=VERTEX_POINT('',#9617);
#7475=CIRCLE('',#9618,0.5);
#7476=CIRCLE('',#9622,0.5);
#7477=VERTEX_POINT('',#9626);
#7478=CIRCLE('',#9627,0.5);
#7479=VERTEX_POINT('',#9631);
#7480=VERTEX_POINT('',#9632);
#7481=CIRCLE('',#9633,0.4);
#7482=LINE('',#9637,#9638);
#7483=VERTEX_POINT('',#9640);
#7484=LINE('',#9641,#9642);
#7485=CIRCLE('',#9644,0.4);
#7486=VERTEX_POINT('',#9648);
#7487=B_SPLINE_CURVE_WITH_KNOTS('',3,
(#9649,#9650,#9651,#9652,#9653,#9654,#9655,#9656,#9657,#9658,#9659,#9660),
.UNSPECIFIED.,.F.,.F.,
(4,1,1,1,1,1,1,1,1,4),
(0.,0.0772356799893631,0.164769450643975,0.247154175965962,0.347498602847053,0.444012224281216,
0.629341482854144,0.678509283331783,0.904415555027166,1.),
.UNSPECIFIED.);
#7488=VERTEX_POINT('',#9661);
#7489=B_SPLINE_CURVE_WITH_KNOTS('',3,
(#9662,#9663,#9664,#9665,#9666,#9667,#9668,#9669,#9670,#9671,#9672,#9673),
.UNSPECIFIED.,.F.,.F.,
(4,1,1,1,1,1,1,1,1,4),
(0.,0.0772356799893618,0.164769450643972,0.247154175965958,0.347498602847046,0.444012224281207,
0.629341482854138,0.678509283331767,0.904415555027156,1.),
.UNSPECIFIED.);
#7490=CIRCLE('',#9674,0.3);
#7491=VERTEX_POINT('',#9678);
#7492=VERTEX_POINT('',#9679);
#7493=CIRCLE('',#9680,0.4);
#7494=LINE('',#9684,#9685);
#7495=LINE('',#9687,#9688);
#7496=VERTEX_POINT('',#9690);
#7497=B_SPLINE_CURVE_WITH_KNOTS('',3,
(#9691,#9692,#9693,#9694,#9695,#9696,#9697,#9698,#9699,#9700,#9701,#9702),
.UNSPECIFIED.,.F.,.F.,
(4,1,1,1,1,1,1,1,1,4),
(0.,0.077235679989366,0.164769450643981,0.247154175965971,0.347498602847067,0.444012224281235,
0.629341482854156,0.678509283331819,0.90441555502719,1.),
.UNSPECIFIED.);
#7498=VERTEX_POINT('',#9703);
#7499=CIRCLE('',#9704,0.3);
#7500=B_SPLINE_CURVE_WITH_KNOTS('',3,
(#9708,#9709,#9710,#9711,#9712,#9713,#9714,#9715,#9716,#9717,#9718,#9719),
.UNSPECIFIED.,.F.,.F.,
(4,1,1,1,1,1,1,1,1,4),
(0.,0.0772356799893639,0.164769450643976,0.247154175965964,0.347498602847057,0.444012224281221,
0.629341482854147,0.678509283331793,0.904415555027173,1.),
.UNSPECIFIED.);
#7501=VERTEX_POINT('',#9720);
#7502=VERTEX_POINT('',#9721);
#7503=CIRCLE('',#9722,0.4);
#7504=LINE('',#9726,#9727);
#7505=LINE('',#9729,#9730);
#7506=VERTEX_POINT('',#9732);
#7507=B_SPLINE_CURVE_WITH_KNOTS('',3,
(#9733,#9734,#9735,#9736,#9737,#9738,#9739,#9740,#9741,#9742,#9743,#9744),
.UNSPECIFIED.,.F.,.F.,
(4,1,1,1,1,1,1,1,1,4),
(0.,0.077235679989366,0.164769450643981,0.247154175965971,0.347498602847067,0.444012224281235,
0.629341482854156,0.678509283331819,0.90441555502719,1.),
.UNSPECIFIED.);
#7508=VERTEX_POINT('',#9745);
#7509=B_SPLINE_CURVE_WITH_KNOTS('',3,
(#9746,#9747,#9748,#9749,#9750,#9751,#9752,#9753,#9754,#9755,#9756,#9757),
.UNSPECIFIED.,.F.,.F.,
(4,1,1,1,1,1,1,1,1,4),
(0.,0.0772356799893625,0.164769450643973,0.24715417596596,0.34749860284705,0.444012224281212,
0.629341482854141,0.678509283331776,0.904415555027161,1.),
.UNSPECIFIED.);
#7510=CIRCLE('',#9758,0.3);
#7511=VERTEX_POINT('',#9762);
#7512=VERTEX_POINT('',#9763);
#7513=CIRCLE('',#9764,0.4);
#7514=LINE('',#9768,#9769);
#7515=LINE('',#9771,#9772);
#7516=VERTEX_POINT('',#9774);
#7517=B_SPLINE_CURVE_WITH_KNOTS('',3,
(#9775,#9776,#9777,#9778,#9779,#9780,#9781,#9782,#9783,#9784,#9785,#9786),
.UNSPECIFIED.,.F.,.F.,
(4,1,1,1,1,1,1,1,1,4),
(0.,0.0772356799893639,0.164769450643976,0.247154175965964,0.347498602847057,0.444012224281221,
0.629341482854147,0.678509283331793,0.904415555027173,1.),
.UNSPECIFIED.);
#7518=VERTEX_POINT('',#9787);
#7519=B_SPLINE_CURVE_WITH_KNOTS('',3,
(#9788,#9789,#9790,#9791,#9792,#9793,#9794,#9795,#9796,#9797,#9798,#9799),
.UNSPECIFIED.,.F.,.F.,
(4,1,1,1,1,1,1,1,1,4),
(0.,0.0772356799893617,0.164769450643972,0.247154175965957,0.347498602847046,0.444012224281207,
0.629341482854138,0.678509283331764,0.904415555027153,1.),
.UNSPECIFIED.);
#7520=CIRCLE('',#9800,0.3);
#7521=VERTEX_POINT('',#9804);
#7522=CIRCLE('',#9805,0.4);
#7523=CIRCLE('',#9809,0.4);
#7524=CIRCLE('',#9813,0.4);
#7525=CIRCLE('',#9817,0.4);
#7526=CIRCLE('',#9821,0.4);
#7527=VERTEX_POINT('',#9825);
#7528=B_SPLINE_CURVE_WITH_KNOTS('',3,
(#9826,#9827,#9828,#9829,#9830,#9831,#9832,#9833,#9834,#9835,#9836,#9837),
.UNSPECIFIED.,.F.,.F.,
(4,1,1,1,1,1,1,1,1,4),
(0.,0.0656839417510363,0.140125742402211,0.210188613603316,0.305156383498298,0.392050633496411,
0.59470042233094,0.615443827022553,0.867897843393782,1.),
.UNSPECIFIED.);
#7529=LINE('',#9838,#9839);
#7530=VERTEX_POINT('',#9841);
#7531=LINE('',#9842,#9843);
#7532=B_SPLINE_CURVE_WITH_KNOTS('',3,
(#9845,#9846,#9847,#9848,#9849,#9850,#9851,#9852,#9853,#9854,#9855,#9856),
.UNSPECIFIED.,.F.,.F.,
(4,1,1,1,1,1,1,1,1,4),
(0.,0.0656839417510363,0.140125742402211,0.210188613603316,0.305156383498298,0.392050633496411,
0.59470042233094,0.615443827022553,0.867897843393786,1.),
.UNSPECIFIED.);
#7533=VERTEX_POINT('',#9857);
#7534=LINE('',#9858,#9859);
#7535=B_SPLINE_CURVE_WITH_KNOTS('',3,
(#9861,#9862,#9863,#9864,#9865,#9866,#9867,#9868,#9869,#9870,#9871,#9872),
.UNSPECIFIED.,.F.,.F.,
(4,1,1,1,1,1,1,1,1,4),
(0.,0.0656839417510377,0.140125742402214,0.210188613603321,0.305156383498305,0.39205063349642,
0.594700422330947,0.615443827022571,0.867897843393795,1.),
.UNSPECIFIED.);
#7536=CIRCLE('',#9873,0.2);
#7537=VERTEX_POINT('',#9877);
#7538=B_SPLINE_CURVE_WITH_KNOTS('',3,
(#9878,#9879,#9880,#9881,#9882,#9883,#9884,#9885,#9886,#9887,#9888,#9889),
.UNSPECIFIED.,.F.,.F.,
(4,1,1,1,1,1,1,1,1,4),
(0.,0.0656839417510349,0.140125742402208,0.210188613603312,0.305156383498292,0.392050633496403,
0.594700422330935,0.615443827022544,0.867897843393781,1.),
.UNSPECIFIED.);
#7539=LINE('',#9890,#9891);
#7540=VERTEX_POINT('',#9893);
#7541=CIRCLE('',#9894,0.2);
#7542=LINE('',#9898,#9899);
#7543=B_SPLINE_CURVE_WITH_KNOTS('',3,
(#9901,#9902,#9903,#9904,#9905,#9906,#9907,#9908,#9909,#9910,#9911,#9912),
.UNSPECIFIED.,.F.,.F.,
(4,1,1,1,1,1,1,1,1,4),
(0.,0.0656839417510377,0.140125742402214,0.210188613603321,0.305156383498305,0.39205063349642,
0.594700422330947,0.615443827022571,0.867897843393796,1.),
.UNSPECIFIED.);
#7544=VERTEX_POINT('',#9913);
#7545=B_SPLINE_CURVE_WITH_KNOTS('',3,
(#9914,#9915,#9916,#9917,#9918,#9919,#9920,#9921,#9922,#9923,#9924,#9925),
.UNSPECIFIED.,.F.,.F.,
(4,1,1,1,1,1,1,1,1,4),
(0.,0.0656839417510363,0.140125742402211,0.210188613603316,0.305156383498298,0.392050633496411,
0.59470042233094,0.615443827022553,0.867897843393788,1.),
.UNSPECIFIED.);
#7546=LINE('',#9926,#9927);
#7547=VERTEX_POINT('',#9929);
#7548=LINE('',#9930,#9931);
#7549=B_SPLINE_CURVE_WITH_KNOTS('',3,
(#9933,#9934,#9935,#9936,#9937,#9938,#9939,#9940,#9941,#9942,#9943,#9944),
.UNSPECIFIED.,.F.,.F.,
(4,1,1,1,1,1,1,1,1,4),
(0.,0.0656839417510349,0.140125742402208,0.210188613603312,0.305156383498292,0.392050633496403,
0.594700422330935,0.615443827022544,0.867897843393776,1.),
.UNSPECIFIED.);
#7550=CIRCLE('',#9945,0.2);
#7551=VERTEX_POINT('',#9949);
#7552=B_SPLINE_CURVE_WITH_KNOTS('',3,
(#9950,#9951,#9952,#9953,#9954,#9955,#9956,#9957,#9958,#9959,#9960,#9961),
.UNSPECIFIED.,.F.,.F.,
(4,1,1,1,1,1,1,1,1,4),
(0.,0.0656839417510349,0.140125742402208,0.210188613603312,0.305156383498292,0.392050633496403,
0.594700422330935,0.615443827022544,0.867897843393781,1.),
.UNSPECIFIED.);
#7553=LINE('',#9962,#9963);
#7554=CIRCLE('',#9965,0.2);
#7555=VERTEX_POINT('',#9969);
#7556=VERTEX_POINT('',#9970);
#7557=CIRCLE('',#9971,0.5);
#7558=VERTEX_POINT('',#9975);
#7559=CIRCLE('',#9976,0.5);
#7560=VERTEX_POINT('',#9980);
#7561=CIRCLE('',#9981,0.5);
#7562=VERTEX_POINT('',#9985);
#7563=CIRCLE('',#9986,0.5);
#7564=VERTEX_POINT('',#9990);
#7565=CIRCLE('',#9991,0.5);
#7566=VERTEX_POINT('',#9995);
#7567=CIRCLE('',#9996,0.5);
#7568=VERTEX_POINT('',#10000);
#7569=CIRCLE('',#10001,0.5);
#7570=VERTEX_POINT('',#10005);
#7571=CIRCLE('',#10006,0.5);
#7572=CIRCLE('',#10010,0.5);
#7573=VERTEX_POINT('',#10014);
#7574=CIRCLE('',#10015,0.5);
#7575=VERTEX_POINT('',#10019);
#7576=VERTEX_POINT('',#10020);
#7577=CIRCLE('',#10021,0.4);
#7578=LINE('',#10025,#10026);
#7579=VERTEX_POINT('',#10028);
#7580=LINE('',#10029,#10030);
#7581=CIRCLE('',#10032,0.4);
#7582=VERTEX_POINT('',#10036);
#7583=B_SPLINE_CURVE_WITH_KNOTS('',3,
(#10037,#10038,#10039,#10040,#10041,#10042,#10043,#10044,#10045,#10046,#10047,#10048),
.UNSPECIFIED.,.F.,.F.,
(4,1,1,1,1,1,1,1,1,4),
(0.,0.0772356799893631,0.164769450643975,0.247154175965962,0.347498602847053,0.444012224281216,
0.629341482854144,0.678509283331783,0.904415555027166,1.),
.UNSPECIFIED.);
#7584=VERTEX_POINT('',#10049);
#7585=B_SPLINE_CURVE_WITH_KNOTS('',3,
(#10050,#10051,#10052,#10053,#10054,#10055,#10056,#10057,#10058,#10059,#10060,#10061),
.UNSPECIFIED.,.F.,.F.,
(4,1,1,1,1,1,1,1,1,4),
(0.,0.0772356799893618,0.164769450643972,0.247154175965958,0.347498602847046,0.444012224281207,
0.629341482854138,0.678509283331767,0.904415555027156,1.),
.UNSPECIFIED.);
#7586=CIRCLE('',#10062,0.3);
#7587=VERTEX_POINT('',#10066);
#7588=VERTEX_POINT('',#10067);
#7589=CIRCLE('',#10068,0.4);
#7590=LINE('',#10072,#10073);
#7591=LINE('',#10075,#10076);
#7592=VERTEX_POINT('',#10078);
#7593=B_SPLINE_CURVE_WITH_KNOTS('',3,
(#10079,#10080,#10081,#10082,#10083,#10084,#10085,#10086,#10087,#10088,#10089,#10090),
.UNSPECIFIED.,.F.,.F.,
(4,1,1,1,1,1,1,1,1,4),
(0.,0.077235679989366,0.164769450643981,0.247154175965971,0.347498602847067,0.444012224281235,
0.629341482854156,0.678509283331819,0.90441555502719,1.),
.UNSPECIFIED.);
#7594=VERTEX_POINT('',#10091);
#7595=CIRCLE('',#10092,0.3);
#7596=B_SPLINE_CURVE_WITH_KNOTS('',3,
(#10096,#10097,#10098,#10099,#10100,#10101,#10102,#10103,#10104,#10105,#10106,#10107),
.UNSPECIFIED.,.F.,.F.,
(4,1,1,1,1,1,1,1,1,4),
(0.,0.0772356799893639,0.164769450643976,0.247154175965964,0.347498602847057,0.444012224281221,
0.629341482854147,0.678509283331793,0.904415555027173,1.),
.UNSPECIFIED.);
#7597=VERTEX_POINT('',#10108);
#7598=VERTEX_POINT('',#10109);
#7599=CIRCLE('',#10110,0.4);
#7600=LINE('',#10114,#10115);
#7601=LINE('',#10117,#10118);
#7602=VERTEX_POINT('',#10120);
#7603=B_SPLINE_CURVE_WITH_KNOTS('',3,
(#10121,#10122,#10123,#10124,#10125,#10126,#10127,#10128,#10129,#10130,#10131,#10132),
.UNSPECIFIED.,.F.,.F.,
(4,1,1,1,1,1,1,1,1,4),
(0.,0.077235679989366,0.164769450643981,0.247154175965971,0.347498602847067,0.444012224281235,
0.629341482854156,0.678509283331819,0.90441555502719,1.),
.UNSPECIFIED.);
#7604=VERTEX_POINT('',#10133);
#7605=B_SPLINE_CURVE_WITH_KNOTS('',3,
(#10134,#10135,#10136,#10137,#10138,#10139,#10140,#10141,#10142,#10143,#10144,#10145),
.UNSPECIFIED.,.F.,.F.,
(4,1,1,1,1,1,1,1,1,4),
(0.,0.0772356799893623,0.164769450643973,0.247154175965959,0.347498602847049,0.444012224281211,
0.62934148285414,0.678509283331774,0.90441555502716,1.),
.UNSPECIFIED.);
#7606=CIRCLE('',#10146,0.3);
#7607=VERTEX_POINT('',#10150);
#7608=VERTEX_POINT('',#10151);
#7609=CIRCLE('',#10152,0.4);
#7610=LINE('',#10156,#10157);
#7611=LINE('',#10159,#10160);
#7612=VERTEX_POINT('',#10162);
#7613=B_SPLINE_CURVE_WITH_KNOTS('',3,
(#10163,#10164,#10165,#10166,#10167,#10168,#10169,#10170,#10171,#10172,#10173,#10174),
.UNSPECIFIED.,.F.,.F.,
(4,1,1,1,1,1,1,1,1,4),
(0.,0.0772356799893639,0.164769450643976,0.247154175965964,0.347498602847057,0.444012224281221,
0.629341482854147,0.678509283331793,0.904415555027173,1.),
.UNSPECIFIED.);
#7614=VERTEX_POINT('',#10175);
#7615=B_SPLINE_CURVE_WITH_KNOTS('',3,
(#10176,#10177,#10178,#10179,#10180,#10181,#10182,#10183,#10184,#10185,#10186,#10187),
.UNSPECIFIED.,.F.,.F.,
(4,1,1,1,1,1,1,1,1,4),
(0.,0.0772356799893617,0.164769450643972,0.247154175965957,0.347498602847046,0.444012224281207,
0.629341482854138,0.678509283331764,0.904415555027153,1.),
.UNSPECIFIED.);
#7616=CIRCLE('',#10188,0.3);
#7617=VERTEX_POINT('',#10192);
#7618=CIRCLE('',#10193,0.4);
#7619=CIRCLE('',#10197,0.4);
#7620=CIRCLE('',#10201,0.4);
#7621=CIRCLE('',#10205,0.4);
#7622=CIRCLE('',#10209,0.4);
#7623=VERTEX_POINT('',#10213);
#7624=B_SPLINE_CURVE_WITH_KNOTS('',3,
(#10214,#10215,#10216,#10217,#10218,#10219,#10220,#10221,#10222,#10223,#10224,#10225),
.UNSPECIFIED.,.F.,.F.,
(4,1,1,1,1,1,1,1,1,4),
(0.,0.0656839417510363,0.140125742402211,0.210188613603316,0.305156383498298,0.392050633496411,
0.59470042233094,0.615443827022554,0.86789784339378,1.),
.UNSPECIFIED.);
#7625=LINE('',#10226,#10227);
#7626=VERTEX_POINT('',#10229);
#7627=LINE('',#10230,#10231);
#7628=B_SPLINE_CURVE_WITH_KNOTS('',3,
(#10233,#10234,#10235,#10236,#10237,#10238,#10239,#10240,#10241,#10242,#10243,#10244),
.UNSPECIFIED.,.F.,.F.,
(4,1,1,1,1,1,1,1,1,4),
(0.,0.0656839417510363,0.140125742402211,0.210188613603316,0.305156383498298,0.392050633496411,
0.59470042233094,0.615443827022553,0.867897843393784,1.),
.UNSPECIFIED.);
#7629=VERTEX_POINT('',#10245);
#7630=LINE('',#10246,#10247);
#7631=B_SPLINE_CURVE_WITH_KNOTS('',3,
(#10249,#10250,#10251,#10252,#10253,#10254,#10255,#10256,#10257,#10258,#10259,#10260),
.UNSPECIFIED.,.F.,.F.,
(4,1,1,1,1,1,1,1,1,4),
(0.,0.0656839417510377,0.140125742402214,0.210188613603321,0.305156383498305,0.39205063349642,
0.594700422330947,0.615443827022571,0.867897843393795,1.),
.UNSPECIFIED.);
#7632=CIRCLE('',#10261,0.2);
#7633=VERTEX_POINT('',#10265);
#7634=B_SPLINE_CURVE_WITH_KNOTS('',3,
(#10266,#10267,#10268,#10269,#10270,#10271,#10272,#10273,#10274,#10275,#10276,#10277),
.UNSPECIFIED.,.F.,.F.,
(4,1,1,1,1,1,1,1,1,4),
(0.,0.0656839417510349,0.140125742402208,0.210188613603312,0.305156383498292,0.392050633496403,
0.594700422330935,0.615443827022544,0.867897843393776,1.),
.UNSPECIFIED.);
#7635=LINE('',#10278,#10279);
#7636=VERTEX_POINT('',#10281);
#7637=CIRCLE('',#10282,0.2);
#7638=LINE('',#10286,#10287);
#7639=B_SPLINE_CURVE_WITH_KNOTS('',3,
(#10289,#10290,#10291,#10292,#10293,#10294,#10295,#10296,#10297,#10298,#10299,#10300),
.UNSPECIFIED.,.F.,.F.,
(4,1,1,1,1,1,1,1,1,4),
(0.,0.0656839417510379,0.140125742402214,0.210188613603321,0.305156383498306,0.392050633496421,
0.594700422330947,0.615443827022573,0.867897843393793,1.),
.UNSPECIFIED.);
#7640=VERTEX_POINT('',#10301);
#7641=B_SPLINE_CURVE_WITH_KNOTS('',3,
(#10302,#10303,#10304,#10305,#10306,#10307,#10308,#10309,#10310,#10311,#10312,#10313),
.UNSPECIFIED.,.F.,.F.,
(4,1,1,1,1,1,1,1,1,4),
(0.,0.0656839417510365,0.140125742402211,0.210188613603317,0.305156383498299,0.392050633496412,
0.594700422330941,0.615443827022556,0.867897843393788,1.),
.UNSPECIFIED.);
#7642=LINE('',#10314,#10315);
#7643=VERTEX_POINT('',#10317);
#7644=LINE('',#10318,#10319);
#7645=B_SPLINE_CURVE_WITH_KNOTS('',3,
(#10321,#10322,#10323,#10324,#10325,#10326,#10327,#10328,#10329,#10330,#10331,#10332),
.UNSPECIFIED.,.F.,.F.,
(4,1,1,1,1,1,1,1,1,4),
(0.,0.0656839417510349,0.140125742402208,0.210188613603312,0.305156383498292,0.392050633496403,
0.594700422330935,0.615443827022544,0.867897843393776,1.),
.UNSPECIFIED.);
#7646=CIRCLE('',#10333,0.2);
#7647=VERTEX_POINT('',#10337);
#7648=B_SPLINE_CURVE_WITH_KNOTS('',3,
(#10338,#10339,#10340,#10341,#10342,#10343,#10344,#10345,#10346,#10347,#10348,#10349),
.UNSPECIFIED.,.F.,.F.,
(4,1,1,1,1,1,1,1,1,4),
(0.,0.0656839417510349,0.140125742402208,0.210188613603312,0.305156383498292,0.392050633496403,
0.594700422330935,0.615443827022544,0.867897843393781,1.),
.UNSPECIFIED.);
#7649=LINE('',#10350,#10351);
#7650=CIRCLE('',#10353,0.2);
#7651=VERTEX_POINT('',#10357);
#7652=VERTEX_POINT('',#10358);
#7653=CIRCLE('',#10359,0.5);
#7654=VERTEX_POINT('',#10363);
#7655=CIRCLE('',#10364,0.5);
#7656=VERTEX_POINT('',#10368);
#7657=CIRCLE('',#10369,0.5);
#7658=VERTEX_POINT('',#10373);
#7659=CIRCLE('',#10374,0.5);
#7660=VERTEX_POINT('',#10378);
#7661=CIRCLE('',#10379,0.5);
#7662=VERTEX_POINT('',#10383);
#7663=CIRCLE('',#10384,0.5);
#7664=VERTEX_POINT('',#10388);
#7665=CIRCLE('',#10389,0.5);
#7666=VERTEX_POINT('',#10393);
#7667=CIRCLE('',#10394,0.5);
#7668=CIRCLE('',#10398,0.5);
#7669=VERTEX_POINT('',#10402);
#7670=CIRCLE('',#10403,0.5);
#7671=VERTEX_POINT('',#10407);
#7672=VERTEX_POINT('',#10408);
#7673=CIRCLE('',#10409,0.4);
#7674=LINE('',#10413,#10414);
#7675=VERTEX_POINT('',#10416);
#7676=LINE('',#10417,#10418);
#7677=CIRCLE('',#10420,0.4);
#7678=VERTEX_POINT('',#10424);
#7679=B_SPLINE_CURVE_WITH_KNOTS('',3,
(#10425,#10426,#10427,#10428,#10429,#10430,#10431,#10432,#10433,#10434,#10435,#10436),
.UNSPECIFIED.,.F.,.F.,
(4,1,1,1,1,1,1,1,1,4),
(0.,0.0772356799893631,0.164769450643975,0.247154175965962,0.347498602847053,0.444012224281216,
0.629341482854144,0.678509283331783,0.904415555027166,1.),
.UNSPECIFIED.);
#7680=VERTEX_POINT('',#10437);
#7681=B_SPLINE_CURVE_WITH_KNOTS('',3,
(#10438,#10439,#10440,#10441,#10442,#10443,#10444,#10445,#10446,#10447,#10448,#10449),
.UNSPECIFIED.,.F.,.F.,
(4,1,1,1,1,1,1,1,1,4),
(0.,0.0772356799893618,0.164769450643972,0.247154175965958,0.347498602847046,0.444012224281207,
0.629341482854138,0.678509283331767,0.904415555027156,1.),
.UNSPECIFIED.);
#7682=CIRCLE('',#10450,0.3);
#7683=VERTEX_POINT('',#10454);
#7684=VERTEX_POINT('',#10455);
#7685=CIRCLE('',#10456,0.4);
#7686=LINE('',#10460,#10461);
#7687=LINE('',#10463,#10464);
#7688=VERTEX_POINT('',#10466);
#7689=B_SPLINE_CURVE_WITH_KNOTS('',3,
(#10467,#10468,#10469,#10470,#10471,#10472,#10473,#10474,#10475,#10476,#10477,#10478),
.UNSPECIFIED.,.F.,.F.,
(4,1,1,1,1,1,1,1,1,4),
(0.,0.077235679989366,0.164769450643981,0.247154175965971,0.347498602847067,0.444012224281235,
0.629341482854156,0.678509283331819,0.90441555502719,1.),
.UNSPECIFIED.);
#7690=VERTEX_POINT('',#10479);
#7691=CIRCLE('',#10480,0.3);
#7692=B_SPLINE_CURVE_WITH_KNOTS('',3,
(#10484,#10485,#10486,#10487,#10488,#10489,#10490,#10491,#10492,#10493,#10494,#10495),
.UNSPECIFIED.,.F.,.F.,
(4,1,1,1,1,1,1,1,1,4),
(0.,0.0772356799893639,0.164769450643976,0.247154175965964,0.347498602847057,0.444012224281221,
0.629341482854147,0.678509283331793,0.904415555027173,1.),
.UNSPECIFIED.);
#7693=VERTEX_POINT('',#10496);
#7694=VERTEX_POINT('',#10497);
#7695=CIRCLE('',#10498,0.4);
#7696=LINE('',#10502,#10503);
#7697=LINE('',#10505,#10506);
#7698=VERTEX_POINT('',#10508);
#7699=B_SPLINE_CURVE_WITH_KNOTS('',3,
(#10509,#10510,#10511,#10512,#10513,#10514,#10515,#10516,#10517,#10518,#10519,#10520),
.UNSPECIFIED.,.F.,.F.,
(4,1,1,1,1,1,1,1,1,4),
(0.,0.077235679989366,0.164769450643981,0.247154175965971,0.347498602847067,0.444012224281235,
0.629341482854156,0.678509283331819,0.90441555502719,1.),
.UNSPECIFIED.);
#7700=VERTEX_POINT('',#10521);
#7701=B_SPLINE_CURVE_WITH_KNOTS('',3,
(#10522,#10523,#10524,#10525,#10526,#10527,#10528,#10529,#10530,#10531,#10532,#10533),
.UNSPECIFIED.,.F.,.F.,
(4,1,1,1,1,1,1,1,1,4),
(0.,0.0772356799893624,0.164769450643973,0.24715417596596,0.347498602847049,0.444012224281211,
0.629341482854141,0.678509283331775,0.90441555502716,1.),
.UNSPECIFIED.);
#7702=CIRCLE('',#10534,0.3);
#7703=VERTEX_POINT('',#10538);
#7704=VERTEX_POINT('',#10539);
#7705=CIRCLE('',#10540,0.4);
#7706=LINE('',#10544,#10545);
#7707=LINE('',#10547,#10548);
#7708=VERTEX_POINT('',#10550);
#7709=B_SPLINE_CURVE_WITH_KNOTS('',3,
(#10551,#10552,#10553,#10554,#10555,#10556,#10557,#10558,#10559,#10560,#10561,#10562),
.UNSPECIFIED.,.F.,.F.,
(4,1,1,1,1,1,1,1,1,4),
(0.,0.0772356799893639,0.164769450643976,0.247154175965964,0.347498602847057,0.444012224281221,
0.629341482854147,0.678509283331793,0.904415555027173,1.),
.UNSPECIFIED.);
#7710=VERTEX_POINT('',#10563);
#7711=B_SPLINE_CURVE_WITH_KNOTS('',3,
(#10564,#10565,#10566,#10567,#10568,#10569,#10570,#10571,#10572,#10573,#10574,#10575),
.UNSPECIFIED.,.F.,.F.,
(4,1,1,1,1,1,1,1,1,4),
(0.,0.0772356799893639,0.164769450643976,0.247154175965964,0.347498602847056,0.444012224281221,
0.629341482854147,0.678509283331793,0.904415555027173,1.),
.UNSPECIFIED.);
#7712=CIRCLE('',#10576,0.3);
#7713=VERTEX_POINT('',#10580);
#7714=CIRCLE('',#10581,0.4);
#7715=CIRCLE('',#10585,0.4);
#7716=CIRCLE('',#10589,0.4);
#7717=CIRCLE('',#10593,0.4);
#7718=CIRCLE('',#10597,0.4);
#7719=VERTEX_POINT('',#10601);
#7720=B_SPLINE_CURVE_WITH_KNOTS('',3,
(#10602,#10603,#10604,#10605,#10606,#10607,#10608,#10609,#10610,#10611,#10612,#10613),
.UNSPECIFIED.,.F.,.F.,
(4,1,1,1,1,1,1,1,1,4),
(0.,0.0656839417510364,0.140125742402211,0.210188613603316,0.305156383498298,0.392050633496411,
0.594700422330941,0.615443827022554,0.867897843393784,1.),
.UNSPECIFIED.);
#7721=LINE('',#10614,#10615);
#7722=VERTEX_POINT('',#10617);
#7723=LINE('',#10618,#10619);
#7724=B_SPLINE_CURVE_WITH_KNOTS('',3,
(#10621,#10622,#10623,#10624,#10625,#10626,#10627,#10628,#10629,#10630,#10631,#10632),
.UNSPECIFIED.,.F.,.F.,
(4,1,1,1,1,1,1,1,1,4),
(0.,0.0656839417510371,0.140125742402212,0.210188613603319,0.305156383498302,0.392050633496416,
0.594700422330944,0.615443827022564,0.867897843393791,1.),
.UNSPECIFIED.);
#7725=VERTEX_POINT('',#10633);
#7726=LINE('',#10634,#10635);
#7727=B_SPLINE_CURVE_WITH_KNOTS('',3,
(#10637,#10638,#10639,#10640,#10641,#10642,#10643,#10644,#10645,#10646,#10647,#10648),
.UNSPECIFIED.,.F.,.F.,
(4,1,1,1,1,1,1,1,1,4),
(0.,0.0656839417510377,0.140125742402214,0.210188613603321,0.305156383498305,0.39205063349642,
0.594700422330947,0.615443827022571,0.867897843393795,1.),
.UNSPECIFIED.);
#7728=CIRCLE('',#10649,0.2);
#7729=VERTEX_POINT('',#10653);
#7730=B_SPLINE_CURVE_WITH_KNOTS('',3,
(#10654,#10655,#10656,#10657,#10658,#10659,#10660,#10661,#10662,#10663,#10664,#10665),
.UNSPECIFIED.,.F.,.F.,
(4,1,1,1,1,1,1,1,1,4),
(0.,0.0656839417510349,0.140125742402208,0.210188613603312,0.305156383498292,0.392050633496403,
0.594700422330935,0.615443827022544,0.867897843393776,1.),
.UNSPECIFIED.);
#7731=LINE('',#10666,#10667);
#7732=VERTEX_POINT('',#10669);
#7733=CIRCLE('',#10670,0.2);
#7734=LINE('',#10674,#10675);
#7735=B_SPLINE_CURVE_WITH_KNOTS('',3,
(#10677,#10678,#10679,#10680,#10681,#10682,#10683,#10684,#10685,#10686,#10687,#10688),
.UNSPECIFIED.,.F.,.F.,
(4,1,1,1,1,1,1,1,1,4),
(0.,0.0656839417510378,0.140125742402214,0.210188613603321,0.305156383498305,0.39205063349642,
0.594700422330947,0.615443827022572,0.867897843393791,1.),
.UNSPECIFIED.);
#7736=VERTEX_POINT('',#10689);
#7737=B_SPLINE_CURVE_WITH_KNOTS('',3,
(#10690,#10691,#10692,#10693,#10694,#10695,#10696,#10697,#10698,#10699,#10700,#10701),
.UNSPECIFIED.,.F.,.F.,
(4,1,1,1,1,1,1,1,1,4),
(0.,0.0656839417510363,0.140125742402211,0.210188613603316,0.305156383498298,0.392050633496411,
0.59470042233094,0.615443827022553,0.867897843393785,1.),
.UNSPECIFIED.);
#7738=LINE('',#10702,#10703);
#7739=VERTEX_POINT('',#10705);
#7740=LINE('',#10706,#10707);
#7741=B_SPLINE_CURVE_WITH_KNOTS('',3,
(#10709,#10710,#10711,#10712,#10713,#10714,#10715,#10716,#10717,#10718,#10719,#10720),
.UNSPECIFIED.,.F.,.F.,
(4,1,1,1,1,1,1,1,1,4),
(0.,0.0656839417510349,0.140125742402208,0.210188613603312,0.305156383498292,0.392050633496403,
0.594700422330935,0.615443827022544,0.867897843393775,1.),
.UNSPECIFIED.);
#7742=CIRCLE('',#10721,0.2);
#7743=VERTEX_POINT('',#10725);
#7744=B_SPLINE_CURVE_WITH_KNOTS('',3,
(#10726,#10727,#10728,#10729,#10730,#10731,#10732,#10733,#10734,#10735,#10736,#10737),
.UNSPECIFIED.,.F.,.F.,
(4,1,1,1,1,1,1,1,1,4),
(0.,0.0656839417510377,0.140125742402214,0.210188613603321,0.305156383498305,0.39205063349642,
0.594700422330947,0.615443827022573,0.8678978433938,1.),
.UNSPECIFIED.);
#7745=LINE('',#10738,#10739);
#7746=CIRCLE('',#10741,0.2);
#7747=VERTEX_POINT('',#10745);
#7748=CIRCLE('',#10746,0.5);
#7749=VERTEX_POINT('',#10750);
#7750=CIRCLE('',#10751,0.4);
#7751=VERTEX_POINT('',#10755);
#7752=VERTEX_POINT('',#10756);
#7753=CIRCLE('',#10757,0.5);
#7754=VERTEX_POINT('',#10761);
#7755=CIRCLE('',#10762,0.5);
#7756=VERTEX_POINT('',#10766);
#7757=CIRCLE('',#10767,0.5);
#7758=VERTEX_POINT('',#10771);
#7759=CIRCLE('',#10772,0.5);
#7760=VERTEX_POINT('',#10776);
#7761=CIRCLE('',#10777,0.5);
#7762=VERTEX_POINT('',#10781);
#7763=CIRCLE('',#10782,0.5);
#7764=VERTEX_POINT('',#10786);
#7765=CIRCLE('',#10787,0.5);
#7766=VERTEX_POINT('',#10791);
#7767=CIRCLE('',#10792,0.5);
#7768=CIRCLE('',#10796,0.5);
#7769=VERTEX_POINT('',#10800);
#7770=VERTEX_POINT('',#10801);
#7771=CIRCLE('',#10802,0.4);
#7772=VERTEX_POINT('',#10806);
#7773=CIRCLE('',#10807,0.4);
#7774=VERTEX_POINT('',#10811);
#7775=CIRCLE('',#10812,0.4);
#7776=VERTEX_POINT('',#10816);
#7777=CIRCLE('',#10817,0.4);
#7778=VERTEX_POINT('',#10821);
#7779=CIRCLE('',#10822,0.4);
#7780=VERTEX_POINT('',#10826);
#7781=CIRCLE('',#10827,0.4);
#7782=VERTEX_POINT('',#10831);
#7783=CIRCLE('',#10832,0.4);
#7784=VERTEX_POINT('',#10836);
#7785=CIRCLE('',#10837,0.4);
#7786=CIRCLE('',#10841,0.4);
#7787=LINE('',#10845,#10846);
#7788=LINE('',#10848,#10849);
#7789=VERTEX_POINT('',#10851);
#7790=B_SPLINE_CURVE_WITH_KNOTS('',3,
(#10852,#10853,#10854,#10855,#10856,#10857,#10858,#10859,#10860,#10861,#10862,#10863),
.UNSPECIFIED.,.F.,.F.,
(4,1,1,1,1,1,1,1,1,4),
(0.,0.0772356799893617,0.164769450643972,0.247154175965957,0.347498602847046,0.444012224281207,
0.629341482854138,0.678509283331767,0.904415555027156,1.),
.UNSPECIFIED.);
#7791=VERTEX_POINT('',#10864);
#7792=B_SPLINE_CURVE_WITH_KNOTS('',3,
(#10865,#10866,#10867,#10868,#10869,#10870,#10871,#10872,#10873,#10874,#10875,#10876),
.UNSPECIFIED.,.F.,.F.,
(4,1,1,1,1,1,1,1,1,4),
(0.,0.0772356799893617,0.164769450643972,0.247154175965957,0.347498602847046,0.444012224281207,
0.629341482854138,0.678509283331767,0.904415555027155,1.),
.UNSPECIFIED.);
#7793=CIRCLE('',#10877,0.3);
#7794=LINE('',#10881,#10882);
#7795=LINE('',#10884,#10885);
#7796=VERTEX_POINT('',#10887);
#7797=B_SPLINE_CURVE_WITH_KNOTS('',3,
(#10888,#10889,#10890,#10891,#10892,#10893,#10894,#10895,#10896,#10897,#10898,#10899),
.UNSPECIFIED.,.F.,.F.,
(4,1,1,1,1,1,1,1,1,4),
(0.,0.0772356799893639,0.164769450643976,0.247154175965964,0.347498602847057,0.444012224281221,
0.629341482854147,0.678509283331793,0.904415555027173,1.),
.UNSPECIFIED.);
#7798=VERTEX_POINT('',#10900);
#7799=CIRCLE('',#10901,0.3);
#7800=B_SPLINE_CURVE_WITH_KNOTS('',3,
(#10905,#10906,#10907,#10908,#10909,#10910,#10911,#10912,#10913,#10914,#10915,#10916),
.UNSPECIFIED.,.F.,.F.,
(4,1,1,1,1,1,1,1,1,4),
(0.,0.0772356799893639,0.164769450643976,0.247154175965964,0.347498602847057,0.444012224281221,
0.629341482854147,0.678509283331793,0.904415555027173,1.),
.UNSPECIFIED.);
#7801=LINE('',#10917,#10918);
#7802=LINE('',#10920,#10921);
#7803=VERTEX_POINT('',#10923);
#7804=B_SPLINE_CURVE_WITH_KNOTS('',3,
(#10924,#10925,#10926,#10927,#10928,#10929,#10930,#10931,#10932,#10933,#10934,#10935),
.UNSPECIFIED.,.F.,.F.,
(4,1,1,1,1,1,1,1,1,4),
(0.,0.0772356799893646,0.164769450643978,0.247154175965967,0.34749860284706,0.444012224281225,
0.62934148285415,0.678509283331801,0.904415555027178,1.),
.UNSPECIFIED.);
#7805=VERTEX_POINT('',#10936);
#7806=B_SPLINE_CURVE_WITH_KNOTS('',3,
(#10937,#10938,#10939,#10940,#10941,#10942,#10943,#10944,#10945,#10946,#10947,#10948),
.UNSPECIFIED.,.F.,.F.,
(4,1,1,1,1,1,1,1,1,4),
(0.,0.0772356799893624,0.164769450643973,0.24715417596596,0.347498602847049,0.444012224281212,
0.629341482854141,0.678509283331775,0.904415555027161,1.),
.UNSPECIFIED.);
#7807=CIRCLE('',#10949,0.3);
#7808=LINE('',#10953,#10954);
#7809=LINE('',#10956,#10957);
#7810=VERTEX_POINT('',#10959);
#7811=B_SPLINE_CURVE_WITH_KNOTS('',3,
(#10960,#10961,#10962,#10963,#10964,#10965,#10966,#10967,#10968,#10969,#10970,#10971),
.UNSPECIFIED.,.F.,.F.,
(4,1,1,1,1,1,1,1,1,4),
(0.,0.0772356799893639,0.164769450643976,0.247154175965964,0.347498602847057,0.444012224281221,
0.629341482854147,0.678509283331793,0.904415555027173,1.),
.UNSPECIFIED.);
#7812=VERTEX_POINT('',#10972);
#7813=B_SPLINE_CURVE_WITH_KNOTS('',3,
(#10973,#10974,#10975,#10976,#10977,#10978,#10979,#10980,#10981,#10982,#10983,#10984),
.UNSPECIFIED.,.F.,.F.,
(4,1,1,1,1,1,1,1,1,4),
(0.,0.077235679989366,0.164769450643981,0.247154175965971,0.347498602847067,0.444012224281235,
0.629341482854156,0.67850928333182,0.90441555502719,1.),
.UNSPECIFIED.);
#7814=CIRCLE('',#10985,0.3);
#7815=VERTEX_POINT('',#10989);
#7816=B_SPLINE_CURVE_WITH_KNOTS('',3,
(#10990,#10991,#10992,#10993,#10994,#10995,#10996,#10997,#10998,#10999,#11000,#11001),
.UNSPECIFIED.,.F.,.F.,
(4,1,1,1,1,1,1,1,1,4),
(0.,0.0656839417510363,0.140125742402211,0.210188613603316,0.305156383498298,0.392050633496411,
0.59470042233094,0.615443827022553,0.867897843393785,1.),
.UNSPECIFIED.);
#7817=VERTEX_POINT('',#11002);
#7818=CIRCLE('',#11003,0.2);
#7819=B_SPLINE_CURVE_WITH_KNOTS('',3,
(#11007,#11008,#11009,#11010,#11011,#11012,#11013,#11014,#11015,#11016,#11017,#11018),
.UNSPECIFIED.,.F.,.F.,
(4,1,1,1,1,1,1,1,1,4),
(0.,0.0656839417510377,0.140125742402214,0.210188613603321,0.305156383498305,0.39205063349642,
0.594700422330947,0.615443827022571,0.867897843393796,1.),
.UNSPECIFIED.);
#7820=VERTEX_POINT('',#11019);
#7821=B_SPLINE_CURVE_WITH_KNOTS('',3,
(#11020,#11021,#11022,#11023,#11024,#11025,#11026,#11027,#11028,#11029,#11030,#11031),
.UNSPECIFIED.,.F.,.F.,
(4,1,1,1,1,1,1,1,1,4),
(0.,0.0656839417510377,0.140125742402214,0.210188613603321,0.305156383498305,0.39205063349642,
0.594700422330947,0.615443827022571,0.867897843393793,1.),
.UNSPECIFIED.);
#7822=VERTEX_POINT('',#11032);
#7823=CIRCLE('',#11033,0.2);
#7824=B_SPLINE_CURVE_WITH_KNOTS('',3,
(#11037,#11038,#11039,#11040,#11041,#11042,#11043,#11044,#11045,#11046,#11047,#11048),
.UNSPECIFIED.,.F.,.F.,
(4,1,1,1,1,1,1,1,1,4),
(0.,0.0656839417510363,0.140125742402211,0.210188613603316,0.305156383498298,0.392050633496411,
0.59470042233094,0.615443827022553,0.867897843393785,1.),
.UNSPECIFIED.);
#7825=VERTEX_POINT('',#11049);
#7826=B_SPLINE_CURVE_WITH_KNOTS('',3,
(#11050,#11051,#11052,#11053,#11054,#11055,#11056,#11057,#11058,#11059,#11060,#11061),
.UNSPECIFIED.,.F.,.F.,
(4,1,1,1,1,1,1,1,1,4),
(0.,0.0656839417510363,0.140125742402211,0.210188613603316,0.305156383498298,0.392050633496411,
0.59470042233094,0.615443827022553,0.867897843393785,1.),
.UNSPECIFIED.);
#7827=VERTEX_POINT('',#11062);
#7828=B_SPLINE_CURVE_WITH_KNOTS('',3,
(#11063,#11064,#11065,#11066,#11067,#11068,#11069,#11070,#11071,#11072,#11073,#11074),
.UNSPECIFIED.,.F.,.F.,
(4,1,1,1,1,1,1,1,1,4),
(0.,0.0656839417510377,0.140125742402214,0.210188613603321,0.305156383498305,0.39205063349642,
0.594700422330947,0.615443827022571,0.867897843393794,1.),
.UNSPECIFIED.);
#7829=CIRCLE('',#11075,0.2);
#7830=VERTEX_POINT('',#11079);
#7831=B_SPLINE_CURVE_WITH_KNOTS('',3,
(#11080,#11081,#11082,#11083,#11084,#11085,#11086,#11087,#11088,#11089,#11090,#11091),
.UNSPECIFIED.,.F.,.F.,
(4,1,1,1,1,1,1,1,1,4),
(0.,0.0656839417510377,0.140125742402214,0.210188613603321,0.305156383498305,0.39205063349642,
0.594700422330947,0.615443827022572,0.867897843393797,1.),
.UNSPECIFIED.);
#7832=VERTEX_POINT('',#11092);
#7833=CIRCLE('',#11093,0.2);
#7834=B_SPLINE_CURVE_WITH_KNOTS('',3,
(#11097,#11098,#11099,#11100,#11101,#11102,#11103,#11104,#11105,#11106,#11107,#11108),
.UNSPECIFIED.,.F.,.F.,
(4,1,1,1,1,1,1,1,1,4),
(0.,0.0656839417510363,0.140125742402211,0.210188613603316,0.305156383498298,0.392050633496411,
0.59470042233094,0.615443827022553,0.867897843393783,1.),
.UNSPECIFIED.);
#7835=LINE('',#11109,#11110);
#7836=LINE('',#11112,#11113);
#7837=LINE('',#11115,#11116);
#7838=LINE('',#11118,#11119);
#7839=LINE('',#11121,#11122);
#7840=LINE('',#11124,#11125);
#7841=LINE('',#11127,#11128);
#7842=LINE('',#11130,#11131);
#7843=CARTESIAN_POINT('',(10.81,-7.9602041944578E-017,3.85));
#7844=AXIS2_PLACEMENT_3D('',#7845,#7846,#7847);
#7845=CARTESIAN_POINT('',(10.16,0.,3.85));
#7846=DIRECTION('',(0.,0.,1.));
#7847=DIRECTION('',(1.,0.,0.));
#7848=CARTESIAN_POINT('',(10.81,0.,1.65));
#7849=AXIS2_PLACEMENT_3D('',#7850,#7851,#7852);
#7850=CARTESIAN_POINT('',(10.16,0.,1.65));
#7851=DIRECTION('',(0.,0.,1.));
#7852=DIRECTION('',(1.,0.,0.));
#7853=CARTESIAN_POINT('',(13.35,-7.9602041944578E-017,3.85));
#7854=AXIS2_PLACEMENT_3D('',#7855,#7856,#7857);
#7855=CARTESIAN_POINT('',(12.7,0.,3.85));
#7856=DIRECTION('',(0.,0.,1.));
#7857=DIRECTION('',(1.,0.,0.));
#7858=CARTESIAN_POINT('',(13.35,0.,1.65));
#7859=AXIS2_PLACEMENT_3D('',#7860,#7861,#7862);
#7860=CARTESIAN_POINT('',(12.7,0.,1.65));
#7861=DIRECTION('',(0.,0.,1.));
#7862=DIRECTION('',(1.,0.,0.));
#7863=CARTESIAN_POINT('',(8.27,-7.9602041944578E-017,3.85));
#7864=AXIS2_PLACEMENT_3D('',#7865,#7866,#7867);
#7865=CARTESIAN_POINT('',(7.62,0.,3.85));
#7866=DIRECTION('',(0.,0.,1.));
#7867=DIRECTION('',(1.,0.,0.));
#7868=CARTESIAN_POINT('',(8.27,0.,1.65));
#7869=AXIS2_PLACEMENT_3D('',#7870,#7871,#7872);
#7870=CARTESIAN_POINT('',(7.62,0.,1.65));
#7871=DIRECTION('',(0.,0.,1.));
#7872=DIRECTION('',(1.,0.,0.));
#7873=CARTESIAN_POINT('',(5.73,-7.9602041944578E-017,3.85));
#7874=AXIS2_PLACEMENT_3D('',#7875,#7876,#7877);
#7875=CARTESIAN_POINT('',(5.08,0.,3.85));
#7876=DIRECTION('',(0.,0.,1.));
#7877=DIRECTION('',(1.,0.,0.));
#7878=CARTESIAN_POINT('',(5.73,0.,1.65));
#7879=AXIS2_PLACEMENT_3D('',#7880,#7881,#7882);
#7880=CARTESIAN_POINT('',(5.08,0.,1.65));
#7881=DIRECTION('',(0.,0.,1.));
#7882=DIRECTION('',(1.,0.,0.));
#7883=CARTESIAN_POINT('',(3.19,-7.9602041944578E-017,3.85));
#7884=AXIS2_PLACEMENT_3D('',#7885,#7886,#7887);
#7885=CARTESIAN_POINT('',(2.54,0.,3.85));
#7886=DIRECTION('',(0.,0.,1.));
#7887=DIRECTION('',(1.,0.,0.));
#7888=CARTESIAN_POINT('',(3.19,0.,1.65));
#7889=AXIS2_PLACEMENT_3D('',#7890,#7891,#7892);
#7890=CARTESIAN_POINT('',(2.54,0.,1.65));
#7891=DIRECTION('',(0.,0.,1.));
#7892=DIRECTION('',(1.,0.,0.));
#7893=CARTESIAN_POINT('',(1.12,0.75,4.65));
#7894=CARTESIAN_POINT('',(0.819777860021394,1.27,4.65));
#7895=CARTESIAN_POINT('',(1.12,0.75,4.65));
#7896=VECTOR('',#7897,1.);
#7897=DIRECTION('',(-0.5,0.866025403784438,0.));
#7898=CARTESIAN_POINT('',(-0.819777860021395,1.27,4.65));
#7899=CARTESIAN_POINT('',(0.819777860021394,1.27,4.65));
#7900=VECTOR('',#7901,1.);
#7901=DIRECTION('',(-1.,0.,0.));
#7902=CARTESIAN_POINT('',(-1.12,0.75,4.65));
#7903=CARTESIAN_POINT('',(-0.819777860021395,1.27,4.65));
#7904=VECTOR('',#7905,1.);
#7905=DIRECTION('',(-0.5,-0.866025403784439,0.));
#7906=CARTESIAN_POINT('',(-1.27,0.75,4.65));
#7907=CARTESIAN_POINT('',(-1.12,0.75,4.65));
#7908=VECTOR('',#7909,1.);
#7909=DIRECTION('',(-1.,0.,0.));
#7910=CARTESIAN_POINT('',(-1.27,-0.75,4.65));
#7911=CARTESIAN_POINT('',(-1.27,0.75,4.65));
#7912=VECTOR('',#7913,1.);
#7913=DIRECTION('',(0.,-1.,0.));
#7914=CARTESIAN_POINT('',(-1.12,-0.75,4.65));
#7915=CARTESIAN_POINT('',(-1.27,-0.75,4.65));
#7916=VECTOR('',#7917,1.);
#7917=DIRECTION('',(1.,0.,0.));
#7918=CARTESIAN_POINT('',(-0.819777860021394,-1.27,4.65));
#7919=CARTESIAN_POINT('',(-1.12,-0.75,4.65));
#7920=VECTOR('',#7921,1.);
#7921=DIRECTION('',(0.5,-0.866025403784438,0.));
#7922=CARTESIAN_POINT('',(0.819777860021395,-1.27,4.65));
#7923=CARTESIAN_POINT('',(-0.819777860021394,-1.27,4.65));
#7924=VECTOR('',#7925,1.);
#7925=DIRECTION('',(1.,0.,0.));
#7926=CARTESIAN_POINT('',(1.12,-0.75,4.65));
#7927=CARTESIAN_POINT('',(0.819777860021395,-1.27,4.65));
#7928=VECTOR('',#7929,1.);
#7929=DIRECTION('',(0.5,0.866025403784439,0.));
#7930=CARTESIAN_POINT('',(1.42,-0.75,4.65));
#7931=CARTESIAN_POINT('',(1.12,-0.75,4.65));
#7932=VECTOR('',#7933,1.);
#7933=DIRECTION('',(1.,0.,0.));
#7934=CARTESIAN_POINT('',(1.72022213997861,-1.27,4.65));
#7935=CARTESIAN_POINT('',(1.42,-0.75,4.65));
#7936=VECTOR('',#7937,1.);
#7937=DIRECTION('',(0.5,-0.866025403784438,0.));
#7938=CARTESIAN_POINT('',(3.35977786002139,-1.27,4.65));
#7939=CARTESIAN_POINT('',(1.72022213997861,-1.27,4.65));
#7940=VECTOR('',#7941,1.);
#7941=DIRECTION('',(1.,0.,0.));
#7942=CARTESIAN_POINT('',(3.66,-0.75,4.65));
#7943=CARTESIAN_POINT('',(3.35977786002139,-1.27,4.65));
#7944=VECTOR('',#7945,1.);
#7945=DIRECTION('',(0.5,0.866025403784439,0.));
#7946=CARTESIAN_POINT('',(3.96,-0.75,4.65));
#7947=CARTESIAN_POINT('',(3.66,-0.75,4.65));
#7948=VECTOR('',#7949,1.);
#7949=DIRECTION('',(1.,0.,0.));
#7950=CARTESIAN_POINT('',(4.26022213997861,-1.27,4.65));
#7951=CARTESIAN_POINT('',(3.96,-0.75,4.65));
#7952=VECTOR('',#7953,1.);
#7953=DIRECTION('',(0.5,-0.866025403784439,0.));
#7954=CARTESIAN_POINT('',(5.89977786002139,-1.27,4.65));
#7955=CARTESIAN_POINT('',(4.26022213997861,-1.27,4.65));
#7956=VECTOR('',#7957,1.);
#7957=DIRECTION('',(1.,0.,0.));
#7958=CARTESIAN_POINT('',(6.2,-0.75,4.65));
#7959=CARTESIAN_POINT('',(5.89977786002139,-1.27,4.65));
#7960=VECTOR('',#7961,1.);
#7961=DIRECTION('',(0.5,0.866025403784439,0.));
#7962=CARTESIAN_POINT('',(6.5,-0.75,4.65));
#7963=CARTESIAN_POINT('',(6.2,-0.75,4.65));
#7964=VECTOR('',#7965,1.);
#7965=DIRECTION('',(1.,0.,0.));
#7966=CARTESIAN_POINT('',(6.80022213997861,-1.27,4.65));
#7967=CARTESIAN_POINT('',(6.5,-0.75,4.65));
#7968=VECTOR('',#7969,1.);
#7969=DIRECTION('',(0.5,-0.866025403784439,0.));
#7970=CARTESIAN_POINT('',(8.43977786002139,-1.27,4.65));
#7971=CARTESIAN_POINT('',(6.80022213997861,-1.27,4.65));
#7972=VECTOR('',#7973,1.);
#7973=DIRECTION('',(1.,0.,0.));
#7974=CARTESIAN_POINT('',(8.74,-0.75,4.65));
#7975=CARTESIAN_POINT('',(8.43977786002139,-1.27,4.65));
#7976=VECTOR('',#7977,1.);
#7977=DIRECTION('',(0.499999999999999,0.866025403784439,0.));
#7978=CARTESIAN_POINT('',(9.04,-0.75,4.65));
#7979=CARTESIAN_POINT('',(8.74,-0.75,4.65));
#7980=VECTOR('',#7981,1.);
#7981=DIRECTION('',(1.,0.,0.));
#7982=CARTESIAN_POINT('',(9.34022213997861,-1.27,4.65));
#7983=CARTESIAN_POINT('',(9.04,-0.75,4.65));
#7984=VECTOR('',#7985,1.);
#7985=DIRECTION('',(0.500000000000001,-0.866025403784438,0.));
#7986=CARTESIAN_POINT('',(10.9797778600214,-1.27,4.65));
#7987=CARTESIAN_POINT('',(9.34022213997861,-1.27,4.65));
#7988=VECTOR('',#7989,1.);
#7989=DIRECTION('',(1.,0.,0.));
#7990=CARTESIAN_POINT('',(11.28,-0.75,4.65));
#7991=CARTESIAN_POINT('',(10.9797778600214,-1.27,4.65));
#7992=VECTOR('',#7993,1.);
#7993=DIRECTION('',(0.499999999999999,0.866025403784439,0.));
#7994=CARTESIAN_POINT('',(11.58,-0.75,4.65));
#7995=CARTESIAN_POINT('',(11.28,-0.75,4.65));
#7996=VECTOR('',#7997,1.);
#7997=DIRECTION('',(1.,0.,0.));
#7998=CARTESIAN_POINT('',(11.8802221399786,-1.27,4.65));
#7999=CARTESIAN_POINT('',(11.58,-0.75,4.65));
#8000=VECTOR('',#8001,1.);
#8001=DIRECTION('',(0.500000000000001,-0.866025403784438,0.));
#8002=CARTESIAN_POINT('',(13.5197778600214,-1.27,4.65));
#8003=CARTESIAN_POINT('',(11.8802221399786,-1.27,4.65));
#8004=VECTOR('',#8005,1.);
#8005=DIRECTION('',(1.,0.,0.));
#8006=CARTESIAN_POINT('',(13.82,-0.75,4.65));
#8007=CARTESIAN_POINT('',(13.5197778600214,-1.27,4.65));
#8008=VECTOR('',#8009,1.);
#8009=DIRECTION('',(0.499999999999999,0.866025403784439,0.));
#8010=CARTESIAN_POINT('',(13.97,-0.75,4.65));
#8011=CARTESIAN_POINT('',(13.82,-0.75,4.65));
#8012=VECTOR('',#8013,1.);
#8013=DIRECTION('',(1.,0.,0.));
#8014=CARTESIAN_POINT('',(13.97,0.75,4.65));
#8015=CARTESIAN_POINT('',(13.97,-0.75,4.65));
#8016=VECTOR('',#8017,1.);
#8017=DIRECTION('',(0.,1.,0.));
#8018=CARTESIAN_POINT('',(13.82,0.75,4.65));
#8019=CARTESIAN_POINT('',(13.97,0.75,4.65));
#8020=VECTOR('',#8021,1.);
#8021=DIRECTION('',(-1.,0.,0.));
#8022=CARTESIAN_POINT('',(13.5197778600214,1.27,4.65));
#8023=CARTESIAN_POINT('',(13.82,0.75,4.65));
#8024=VECTOR('',#8025,1.);
#8025=DIRECTION('',(-0.500000000000001,0.866025403784438,0.));
#8026=CARTESIAN_POINT('',(11.8802221399786,1.27,4.65));
#8027=CARTESIAN_POINT('',(13.5197778600214,1.27,4.65));
#8028=VECTOR('',#8029,1.);
#8029=DIRECTION('',(-1.,0.,0.));
#8030=CARTESIAN_POINT('',(11.58,0.75,4.65));
#8031=CARTESIAN_POINT('',(11.8802221399786,1.27,4.65));
#8032=VECTOR('',#8033,1.);
#8033=DIRECTION('',(-0.499999999999999,-0.866025403784439,0.));
#8034=CARTESIAN_POINT('',(11.28,0.75,4.65));
#8035=CARTESIAN_POINT('',(11.58,0.75,4.65));
#8036=VECTOR('',#8037,1.);
#8037=DIRECTION('',(-1.,0.,0.));
#8038=CARTESIAN_POINT('',(10.9797778600214,1.27,4.65));
#8039=CARTESIAN_POINT('',(11.28,0.75,4.65));
#8040=VECTOR('',#8041,1.);
#8041=DIRECTION('',(-0.500000000000001,0.866025403784438,0.));
#8042=CARTESIAN_POINT('',(9.34022213997861,1.27,4.65));
#8043=CARTESIAN_POINT('',(10.9797778600214,1.27,4.65));
#8044=VECTOR('',#8045,1.);
#8045=DIRECTION('',(-1.,0.,0.));
#8046=CARTESIAN_POINT('',(9.04,0.75,4.65));
#8047=CARTESIAN_POINT('',(9.34022213997861,1.27,4.65));
#8048=VECTOR('',#8049,1.);
#8049=DIRECTION('',(-0.499999999999999,-0.866025403784439,0.));
#8050=CARTESIAN_POINT('',(8.74,0.75,4.65));
#8051=CARTESIAN_POINT('',(9.04,0.75,4.65));
#8052=VECTOR('',#8053,1.);
#8053=DIRECTION('',(-1.,0.,0.));
#8054=CARTESIAN_POINT('',(8.43977786002139,1.27,4.65));
#8055=CARTESIAN_POINT('',(8.74,0.75,4.65));
#8056=VECTOR('',#8057,1.);
#8057=DIRECTION('',(-0.500000000000001,0.866025403784438,0.));
#8058=CARTESIAN_POINT('',(6.80022213997861,1.27,4.65));
#8059=CARTESIAN_POINT('',(8.43977786002139,1.27,4.65));
#8060=VECTOR('',#8061,1.);
#8061=DIRECTION('',(-1.,0.,0.));
#8062=CARTESIAN_POINT('',(6.5,0.75,4.65));
#8063=CARTESIAN_POINT('',(6.80022213997861,1.27,4.65));
#8064=VECTOR('',#8065,1.);
#8065=DIRECTION('',(-0.5,-0.866025403784439,0.));
#8066=CARTESIAN_POINT('',(6.2,0.75,4.65));
#8067=CARTESIAN_POINT('',(6.5,0.75,4.65));
#8068=VECTOR('',#8069,1.);
#8069=DIRECTION('',(-1.,0.,0.));
#8070=CARTESIAN_POINT('',(5.89977786002139,1.27,4.65));
#8071=CARTESIAN_POINT('',(6.2,0.75,4.65));
#8072=VECTOR('',#8073,1.);
#8073=DIRECTION('',(-0.5,0.866025403784439,0.));
#8074=CARTESIAN_POINT('',(4.26022213997861,1.27,4.65));
#8075=CARTESIAN_POINT('',(5.89977786002139,1.27,4.65));
#8076=VECTOR('',#8077,1.);
#8077=DIRECTION('',(-1.,0.,0.));
#8078=CARTESIAN_POINT('',(3.96,0.75,4.65));
#8079=CARTESIAN_POINT('',(4.26022213997861,1.27,4.65));
#8080=VECTOR('',#8081,1.);
#8081=DIRECTION('',(-0.5,-0.866025403784439,0.));
#8082=CARTESIAN_POINT('',(3.66,0.75,4.65));
#8083=CARTESIAN_POINT('',(3.96,0.75,4.65));
#8084=VECTOR('',#8085,1.);
#8085=DIRECTION('',(-1.,0.,0.));
#8086=CARTESIAN_POINT('',(3.35977786002139,1.27,4.65));
#8087=CARTESIAN_POINT('',(3.66,0.75,4.65));
#8088=VECTOR('',#8089,1.);
#8089=DIRECTION('',(-0.5,0.866025403784439,0.));
#8090=CARTESIAN_POINT('',(1.72022213997861,1.27,4.65));
#8091=CARTESIAN_POINT('',(3.35977786002139,1.27,4.65));
#8092=VECTOR('',#8093,1.);
#8093=DIRECTION('',(-1.,0.,0.));
#8094=CARTESIAN_POINT('',(1.42,0.75,4.65));
#8095=CARTESIAN_POINT('',(1.72022213997861,1.27,4.65));
#8096=VECTOR('',#8097,1.);
#8097=DIRECTION('',(-0.5,-0.866025403784439,0.));
#8098=CARTESIAN_POINT('',(1.42,0.75,4.65));
#8099=VECTOR('',#8100,1.);
#8100=DIRECTION('',(-1.,0.,0.));
#8101=CARTESIAN_POINT('',(3.44,0.,4.65));
#8102=AXIS2_PLACEMENT_3D('',#8103,#8104,#8105);
#8103=CARTESIAN_POINT('',(2.54,0.,4.65));
#8104=DIRECTION('',(0.,0.,1.));
#8105=DIRECTION('',(1.,0.,0.));
#8106=CARTESIAN_POINT('',(5.98,0.,4.65));
#8107=AXIS2_PLACEMENT_3D('',#8108,#8109,#8110);
#8108=CARTESIAN_POINT('',(5.08,0.,4.65));
#8109=DIRECTION('',(0.,0.,1.));
#8110=DIRECTION('',(1.,0.,0.));
#8111=CARTESIAN_POINT('',(8.52,0.,4.65));
#8112=AXIS2_PLACEMENT_3D('',#8113,#8114,#8115);
#8113=CARTESIAN_POINT('',(7.62,0.,4.65));
#8114=DIRECTION('',(0.,0.,1.));
#8115=DIRECTION('',(1.,0.,0.));
#8116=CARTESIAN_POINT('',(11.06,0.,4.65));
#8117=AXIS2_PLACEMENT_3D('',#8118,#8119,#8120);
#8118=CARTESIAN_POINT('',(10.16,0.,4.65));
#8119=DIRECTION('',(0.,0.,1.));
#8120=DIRECTION('',(1.,0.,0.));
#8121=CARTESIAN_POINT('',(13.6,0.,4.65));
#8122=AXIS2_PLACEMENT_3D('',#8123,#8124,#8125);
#8123=CARTESIAN_POINT('',(12.7,0.,4.65));
#8124=DIRECTION('',(0.,0.,1.));
#8125=DIRECTION('',(1.,0.,0.));
#8126=CARTESIAN_POINT('',(0.9,0.,4.65));
#8127=AXIS2_PLACEMENT_3D('',#8128,#8129,#8130);
#8128=CARTESIAN_POINT('',(0.,0.,4.65));
#8129=DIRECTION('',(0.,0.,1.));
#8130=DIRECTION('',(1.,0.,0.));
#8131=CARTESIAN_POINT('',(13.6,0.,3.85));
#8132=AXIS2_PLACEMENT_3D('',#8133,#8134,#8135);
#8133=CARTESIAN_POINT('',(12.7,0.,3.85));
#8134=DIRECTION('',(0.,0.,1.));
#8135=DIRECTION('',(1.,0.,0.));
#8136=CARTESIAN_POINT('',(11.06,0.,3.85));
#8137=AXIS2_PLACEMENT_3D('',#8138,#8139,#8140);
#8138=CARTESIAN_POINT('',(10.16,0.,3.85));
#8139=DIRECTION('',(0.,0.,1.));
#8140=DIRECTION('',(1.,0.,0.));
#8141=CARTESIAN_POINT('',(8.52,0.,3.85));
#8142=AXIS2_PLACEMENT_3D('',#8143,#8144,#8145);
#8143=CARTESIAN_POINT('',(7.62,0.,3.85));
#8144=DIRECTION('',(0.,0.,1.));
#8145=DIRECTION('',(1.,0.,0.));
#8146=CARTESIAN_POINT('',(5.98,0.,3.85));
#8147=AXIS2_PLACEMENT_3D('',#8148,#8149,#8150);
#8148=CARTESIAN_POINT('',(5.08,0.,3.85));
#8149=DIRECTION('',(0.,0.,1.));
#8150=DIRECTION('',(1.,0.,0.));
#8151=CARTESIAN_POINT('',(3.44,0.,3.85));
#8152=AXIS2_PLACEMENT_3D('',#8153,#8154,#8155);
#8153=CARTESIAN_POINT('',(2.54,0.,3.85));
#8154=DIRECTION('',(0.,0.,1.));
#8155=DIRECTION('',(1.,0.,0.));
#8156=CARTESIAN_POINT('',(0.819777860021395,-1.27,1.65));
#8157=CARTESIAN_POINT('',(1.12,-0.75,1.65));
#8158=CARTESIAN_POINT('',(0.819777860021395,-1.27,1.65));
#8159=VECTOR('',#8160,1.);
#8160=DIRECTION('',(0.5,0.866025403784439,0.));
#8161=CARTESIAN_POINT('',(-0.819777860021394,-1.27,1.65));
#8162=CARTESIAN_POINT('',(-0.819777860021394,-1.27,1.65));
#8163=VECTOR('',#8164,1.);
#8164=DIRECTION('',(1.,0.,0.));
#8165=CARTESIAN_POINT('',(-1.12,-0.75,1.65));
#8166=CARTESIAN_POINT('',(-1.12,-0.75,1.65));
#8167=VECTOR('',#8168,1.);
#8168=DIRECTION('',(0.5,-0.866025403784438,0.));
#8169=CARTESIAN_POINT('',(-1.27,-0.75,1.65));
#8170=CARTESIAN_POINT('',(-1.27,-0.75,1.65));
#8171=VECTOR('',#8172,1.);
#8172=DIRECTION('',(1.,0.,0.));
#8173=CARTESIAN_POINT('',(-1.27,0.75,1.65));
#8174=CARTESIAN_POINT('',(-1.27,0.75,1.65));
#8175=VECTOR('',#8176,1.);
#8176=DIRECTION('',(0.,-1.,0.));
#8177=CARTESIAN_POINT('',(-1.12,0.75,1.65));
#8178=CARTESIAN_POINT('',(-1.12,0.75,1.65));
#8179=VECTOR('',#8180,1.);
#8180=DIRECTION('',(-1.,0.,0.));
#8181=CARTESIAN_POINT('',(-0.819777860021395,1.27,1.65));
#8182=CARTESIAN_POINT('',(-0.819777860021395,1.27,1.65));
#8183=VECTOR('',#8184,1.);
#8184=DIRECTION('',(-0.5,-0.866025403784439,0.));
#8185=CARTESIAN_POINT('',(0.819777860021394,1.27,1.65));
#8186=CARTESIAN_POINT('',(0.819777860021394,1.27,1.65));
#8187=VECTOR('',#8188,1.);
#8188=DIRECTION('',(-1.,0.,0.));
#8189=CARTESIAN_POINT('',(1.12,0.75,1.65));
#8190=CARTESIAN_POINT('',(1.12,0.75,1.65));
#8191=VECTOR('',#8192,1.);
#8192=DIRECTION('',(-0.5,0.866025403784438,0.));
#8193=CARTESIAN_POINT('',(1.42,0.75,1.65));
#8194=CARTESIAN_POINT('',(1.42,0.75,1.65));
#8195=VECTOR('',#8196,1.);
#8196=DIRECTION('',(-1.,0.,0.));
#8197=CARTESIAN_POINT('',(1.72022213997861,1.27,1.65));
#8198=CARTESIAN_POINT('',(1.72022213997861,1.27,1.65));
#8199=VECTOR('',#8200,1.);
#8200=DIRECTION('',(-0.5,-0.866025403784439,0.));
#8201=CARTESIAN_POINT('',(3.35977786002139,1.27,1.65));
#8202=CARTESIAN_POINT('',(3.35977786002139,1.27,1.65));
#8203=VECTOR('',#8204,1.);
#8204=DIRECTION('',(-1.,0.,0.));
#8205=CARTESIAN_POINT('',(3.66,0.75,1.65));
#8206=CARTESIAN_POINT('',(3.66,0.75,1.65));
#8207=VECTOR('',#8208,1.);
#8208=DIRECTION('',(-0.5,0.866025403784439,0.));
#8209=CARTESIAN_POINT('',(3.96,0.75,1.65));
#8210=CARTESIAN_POINT('',(3.96,0.75,1.65));
#8211=VECTOR('',#8212,1.);
#8212=DIRECTION('',(-1.,0.,0.));
#8213=CARTESIAN_POINT('',(4.26022213997861,1.27,1.65));
#8214=CARTESIAN_POINT('',(4.26022213997861,1.27,1.65));
#8215=VECTOR('',#8216,1.);
#8216=DIRECTION('',(-0.5,-0.866025403784439,0.));
#8217=CARTESIAN_POINT('',(5.89977786002139,1.27,1.65));
#8218=CARTESIAN_POINT('',(5.89977786002139,1.27,1.65));
#8219=VECTOR('',#8220,1.);
#8220=DIRECTION('',(-1.,0.,0.));
#8221=CARTESIAN_POINT('',(6.2,0.75,1.65));
#8222=CARTESIAN_POINT('',(6.2,0.75,1.65));
#8223=VECTOR('',#8224,1.);
#8224=DIRECTION('',(-0.5,0.866025403784439,0.));
#8225=CARTESIAN_POINT('',(6.5,0.75,1.65));
#8226=CARTESIAN_POINT('',(6.5,0.75,1.65));
#8227=VECTOR('',#8228,1.);
#8228=DIRECTION('',(-1.,0.,0.));
#8229=CARTESIAN_POINT('',(6.80022213997861,1.27,1.65));
#8230=CARTESIAN_POINT('',(6.80022213997861,1.27,1.65));
#8231=VECTOR('',#8232,1.);
#8232=DIRECTION('',(-0.5,-0.866025403784439,0.));
#8233=CARTESIAN_POINT('',(8.43977786002139,1.27,1.65));
#8234=CARTESIAN_POINT('',(8.43977786002139,1.27,1.65));
#8235=VECTOR('',#8236,1.);
#8236=DIRECTION('',(-1.,0.,0.));
#8237=CARTESIAN_POINT('',(8.74,0.75,1.65));
#8238=CARTESIAN_POINT('',(8.74,0.75,1.65));
#8239=VECTOR('',#8240,1.);
#8240=DIRECTION('',(-0.500000000000001,0.866025403784438,0.));
#8241=CARTESIAN_POINT('',(9.04,0.75,1.65));
#8242=CARTESIAN_POINT('',(9.04,0.75,1.65));
#8243=VECTOR('',#8244,1.);
#8244=DIRECTION('',(-1.,0.,0.));
#8245=CARTESIAN_POINT('',(9.34022213997861,1.27,1.65));
#8246=CARTESIAN_POINT('',(9.34022213997861,1.27,1.65));
#8247=VECTOR('',#8248,1.);
#8248=DIRECTION('',(-0.499999999999999,-0.866025403784439,0.));
#8249=CARTESIAN_POINT('',(10.9797778600214,1.27,1.65));
#8250=CARTESIAN_POINT('',(10.9797778600214,1.27,1.65));
#8251=VECTOR('',#8252,1.);
#8252=DIRECTION('',(-1.,0.,0.));
#8253=CARTESIAN_POINT('',(11.28,0.75,1.65));
#8254=CARTESIAN_POINT('',(11.28,0.75,1.65));
#8255=VECTOR('',#8256,1.);
#8256=DIRECTION('',(-0.500000000000001,0.866025403784438,0.));
#8257=CARTESIAN_POINT('',(11.58,0.75,1.65));
#8258=CARTESIAN_POINT('',(11.58,0.75,1.65));
#8259=VECTOR('',#8260,1.);
#8260=DIRECTION('',(-1.,0.,0.));
#8261=CARTESIAN_POINT('',(11.8802221399786,1.27,1.65));
#8262=CARTESIAN_POINT('',(11.8802221399786,1.27,1.65));
#8263=VECTOR('',#8264,1.);
#8264=DIRECTION('',(-0.499999999999999,-0.866025403784439,0.));
#8265=CARTESIAN_POINT('',(13.5197778600214,1.27,1.65));
#8266=CARTESIAN_POINT('',(13.5197778600214,1.27,1.65));
#8267=VECTOR('',#8268,1.);
#8268=DIRECTION('',(-1.,0.,0.));
#8269=CARTESIAN_POINT('',(13.82,0.75,1.65));
#8270=CARTESIAN_POINT('',(13.82,0.75,1.65));
#8271=VECTOR('',#8272,1.);
#8272=DIRECTION('',(-0.500000000000001,0.866025403784438,0.));
#8273=CARTESIAN_POINT('',(13.97,0.75,1.65));
#8274=CARTESIAN_POINT('',(13.97,0.75,1.65));
#8275=VECTOR('',#8276,1.);
#8276=DIRECTION('',(-1.,0.,0.));
#8277=CARTESIAN_POINT('',(13.97,-0.75,1.65));
#8278=CARTESIAN_POINT('',(13.97,-0.75,1.65));
#8279=VECTOR('',#8280,1.);
#8280=DIRECTION('',(0.,1.,0.));
#8281=CARTESIAN_POINT('',(13.82,-0.75,1.65));
#8282=CARTESIAN_POINT('',(13.82,-0.75,1.65));
#8283=VECTOR('',#8284,1.);
#8284=DIRECTION('',(1.,0.,0.));
#8285=CARTESIAN_POINT('',(13.5197778600214,-1.27,1.65));
#8286=CARTESIAN_POINT('',(13.5197778600214,-1.27,1.65));
#8287=VECTOR('',#8288,1.);
#8288=DIRECTION('',(0.499999999999999,0.866025403784439,0.));
#8289=CARTESIAN_POINT('',(11.8802221399786,-1.27,1.65));
#8290=CARTESIAN_POINT('',(11.8802221399786,-1.27,1.65));
#8291=VECTOR('',#8292,1.);
#8292=DIRECTION('',(1.,0.,0.));
#8293=CARTESIAN_POINT('',(11.58,-0.75,1.65));
#8294=CARTESIAN_POINT('',(11.58,-0.75,1.65));
#8295=VECTOR('',#8296,1.);
#8296=DIRECTION('',(0.500000000000001,-0.866025403784438,0.));
#8297=CARTESIAN_POINT('',(11.28,-0.75,1.65));
#8298=CARTESIAN_POINT('',(11.28,-0.75,1.65));
#8299=VECTOR('',#8300,1.);
#8300=DIRECTION('',(1.,0.,0.));
#8301=CARTESIAN_POINT('',(10.9797778600214,-1.27,1.65));
#8302=CARTESIAN_POINT('',(10.9797778600214,-1.27,1.65));
#8303=VECTOR('',#8304,1.);
#8304=DIRECTION('',(0.499999999999999,0.866025403784439,0.));
#8305=CARTESIAN_POINT('',(9.34022213997861,-1.27,1.65));
#8306=CARTESIAN_POINT('',(9.34022213997861,-1.27,1.65));
#8307=VECTOR('',#8308,1.);
#8308=DIRECTION('',(1.,0.,0.));
#8309=CARTESIAN_POINT('',(9.04,-0.75,1.65));
#8310=CARTESIAN_POINT('',(9.04,-0.75,1.65));
#8311=VECTOR('',#8312,1.);
#8312=DIRECTION('',(0.500000000000001,-0.866025403784438,0.));
#8313=CARTESIAN_POINT('',(8.74,-0.75,1.65));
#8314=CARTESIAN_POINT('',(8.74,-0.75,1.65));
#8315=VECTOR('',#8316,1.);
#8316=DIRECTION('',(1.,0.,0.));
#8317=CARTESIAN_POINT('',(8.43977786002139,-1.27,1.65));
#8318=CARTESIAN_POINT('',(8.43977786002139,-1.27,1.65));
#8319=VECTOR('',#8320,1.);
#8320=DIRECTION('',(0.499999999999999,0.866025403784439,0.));
#8321=CARTESIAN_POINT('',(6.80022213997861,-1.27,1.65));
#8322=CARTESIAN_POINT('',(6.80022213997861,-1.27,1.65));
#8323=VECTOR('',#8324,1.);
#8324=DIRECTION('',(1.,0.,0.));
#8325=CARTESIAN_POINT('',(6.5,-0.75,1.65));
#8326=CARTESIAN_POINT('',(6.5,-0.75,1.65));
#8327=VECTOR('',#8328,1.);
#8328=DIRECTION('',(0.5,-0.866025403784439,0.));
#8329=CARTESIAN_POINT('',(6.2,-0.75,1.65));
#8330=CARTESIAN_POINT('',(6.2,-0.75,1.65));
#8331=VECTOR('',#8332,1.);
#8332=DIRECTION('',(1.,0.,0.));
#8333=CARTESIAN_POINT('',(5.89977786002139,-1.27,1.65));
#8334=CARTESIAN_POINT('',(5.89977786002139,-1.27,1.65));
#8335=VECTOR('',#8336,1.);
#8336=DIRECTION('',(0.5,0.866025403784439,0.));
#8337=CARTESIAN_POINT('',(4.26022213997861,-1.27,1.65));
#8338=CARTESIAN_POINT('',(4.26022213997861,-1.27,1.65));
#8339=VECTOR('',#8340,1.);
#8340=DIRECTION('',(1.,0.,0.));
#8341=CARTESIAN_POINT('',(3.96,-0.75,1.65));
#8342=CARTESIAN_POINT('',(3.96,-0.75,1.65));
#8343=VECTOR('',#8344,1.);
#8344=DIRECTION('',(0.5,-0.866025403784439,0.));
#8345=CARTESIAN_POINT('',(3.66,-0.75,1.65));
#8346=CARTESIAN_POINT('',(3.66,-0.75,1.65));
#8347=VECTOR('',#8348,1.);
#8348=DIRECTION('',(1.,0.,0.));
#8349=CARTESIAN_POINT('',(3.35977786002139,-1.27,1.65));
#8350=CARTESIAN_POINT('',(3.35977786002139,-1.27,1.65));
#8351=VECTOR('',#8352,1.);
#8352=DIRECTION('',(0.5,0.866025403784439,0.));
#8353=CARTESIAN_POINT('',(1.72022213997861,-1.27,1.65));
#8354=CARTESIAN_POINT('',(1.72022213997861,-1.27,1.65));
#8355=VECTOR('',#8356,1.);
#8356=DIRECTION('',(1.,0.,0.));
#8357=CARTESIAN_POINT('',(1.42,-0.75,1.65));
#8358=CARTESIAN_POINT('',(1.42,-0.75,1.65));
#8359=VECTOR('',#8360,1.);
#8360=DIRECTION('',(0.5,-0.866025403784438,0.));
#8361=CARTESIAN_POINT('',(1.12,-0.75,1.65));
#8362=VECTOR('',#8363,1.);
#8363=DIRECTION('',(1.,0.,0.));
#8364=CARTESIAN_POINT('',(0.65,0.,1.65));
#8365=AXIS2_PLACEMENT_3D('',#8366,#8367,#8368);
#8366=CARTESIAN_POINT('',(0.,0.,1.65));
#8367=DIRECTION('',(0.,0.,1.));
#8368=DIRECTION('',(1.,0.,0.));
#8369=CARTESIAN_POINT('',(0.819777860021395,1.27,1.65));
#8370=VECTOR('',#8371,1.);
#8371=DIRECTION('',(0.,0.,1.));
#8372=CARTESIAN_POINT('',(1.12,0.75,1.65));
#8373=VECTOR('',#8374,1.);
#8374=DIRECTION('',(0.,0.,1.));
#8375=CARTESIAN_POINT('',(-0.819777860021395,1.27,1.65));
#8376=VECTOR('',#8377,1.);
#8377=DIRECTION('',(0.,0.,1.));
#8378=CARTESIAN_POINT('',(-1.12,0.75,1.65));
#8379=VECTOR('',#8380,1.);
#8380=DIRECTION('',(0.,0.,1.));
#8381=CARTESIAN_POINT('',(-1.27,0.75,1.65));
#8382=VECTOR('',#8383,1.);
#8383=DIRECTION('',(0.,0.,1.));
#8384=CARTESIAN_POINT('',(-1.27,-0.75,1.65));
#8385=VECTOR('',#8386,1.);
#8386=DIRECTION('',(0.,0.,1.));
#8387=CARTESIAN_POINT('',(-1.12,-0.75,1.65));
#8388=VECTOR('',#8389,1.);
#8389=DIRECTION('',(0.,0.,1.));
#8390=CARTESIAN_POINT('',(-0.819777860021395,-1.27,1.65));
#8391=VECTOR('',#8392,1.);
#8392=DIRECTION('',(0.,0.,1.));
#8393=CARTESIAN_POINT('',(0.819777860021395,-1.27,1.65));
#8394=VECTOR('',#8395,1.);
#8395=DIRECTION('',(0.,0.,1.));
#8396=CARTESIAN_POINT('',(1.12,-0.75,1.65));
#8397=VECTOR('',#8398,1.);
#8398=DIRECTION('',(0.,0.,1.));
#8399=CARTESIAN_POINT('',(1.42,-0.75,1.65));
#8400=VECTOR('',#8401,1.);
#8401=DIRECTION('',(0.,0.,1.));
#8402=CARTESIAN_POINT('',(1.72022213997861,-1.27,1.65));
#8403=VECTOR('',#8404,1.);
#8404=DIRECTION('',(0.,0.,1.));
#8405=CARTESIAN_POINT('',(3.35977786002139,-1.27,1.65));
#8406=VECTOR('',#8407,1.);
#8407=DIRECTION('',(0.,0.,1.));
#8408=CARTESIAN_POINT('',(3.66,-0.75,1.65));
#8409=VECTOR('',#8410,1.);
#8410=DIRECTION('',(0.,0.,1.));
#8411=CARTESIAN_POINT('',(3.96,-0.75,1.65));
#8412=VECTOR('',#8413,1.);
#8413=DIRECTION('',(0.,0.,1.));
#8414=CARTESIAN_POINT('',(4.26022213997861,-1.27,1.65));
#8415=VECTOR('',#8416,1.);
#8416=DIRECTION('',(0.,0.,1.));
#8417=CARTESIAN_POINT('',(5.89977786002139,-1.27,1.65));
#8418=VECTOR('',#8419,1.);
#8419=DIRECTION('',(0.,0.,1.));
#8420=CARTESIAN_POINT('',(6.2,-0.75,1.65));
#8421=VECTOR('',#8422,1.);
#8422=DIRECTION('',(0.,0.,1.));
#8423=CARTESIAN_POINT('',(6.5,-0.75,1.65));
#8424=VECTOR('',#8425,1.);
#8425=DIRECTION('',(0.,0.,1.));
#8426=CARTESIAN_POINT('',(6.80022213997861,-1.27,1.65));
#8427=VECTOR('',#8428,1.);
#8428=DIRECTION('',(0.,0.,1.));
#8429=CARTESIAN_POINT('',(8.43977786002139,-1.27,1.65));
#8430=VECTOR('',#8431,1.);
#8431=DIRECTION('',(0.,0.,1.));
#8432=CARTESIAN_POINT('',(8.74,-0.75,1.65));
#8433=VECTOR('',#8434,1.);
#8434=DIRECTION('',(0.,0.,1.));
#8435=CARTESIAN_POINT('',(9.04,-0.75,1.65));
#8436=VECTOR('',#8437,1.);
#8437=DIRECTION('',(0.,0.,1.));
#8438=CARTESIAN_POINT('',(9.34022213997861,-1.27,1.65));
#8439=VECTOR('',#8440,1.);
#8440=DIRECTION('',(0.,0.,1.));
#8441=CARTESIAN_POINT('',(10.9797778600214,-1.27,1.65));
#8442=VECTOR('',#8443,1.);
#8443=DIRECTION('',(0.,0.,1.));
#8444=CARTESIAN_POINT('',(11.28,-0.75,1.65));
#8445=VECTOR('',#8446,1.);
#8446=DIRECTION('',(0.,0.,1.));
#8447=CARTESIAN_POINT('',(11.58,-0.75,1.65));
#8448=VECTOR('',#8449,1.);
#8449=DIRECTION('',(0.,0.,1.));
#8450=CARTESIAN_POINT('',(11.8802221399786,-1.27,1.65));
#8451=VECTOR('',#8452,1.);
#8452=DIRECTION('',(0.,0.,1.));
#8453=CARTESIAN_POINT('',(13.5197778600214,-1.27,1.65));
#8454=VECTOR('',#8455,1.);
#8455=DIRECTION('',(0.,0.,1.));
#8456=CARTESIAN_POINT('',(13.82,-0.75,1.65));
#8457=VECTOR('',#8458,1.);
#8458=DIRECTION('',(0.,0.,1.));
#8459=CARTESIAN_POINT('',(13.97,-0.75,1.65));
#8460=VECTOR('',#8461,1.);
#8461=DIRECTION('',(0.,0.,1.));
#8462=CARTESIAN_POINT('',(13.97,0.75,1.65));
#8463=VECTOR('',#8464,1.);
#8464=DIRECTION('',(0.,0.,1.));
#8465=CARTESIAN_POINT('',(13.82,0.75,1.65));
#8466=VECTOR('',#8467,1.);
#8467=DIRECTION('',(0.,0.,1.));
#8468=CARTESIAN_POINT('',(13.5197778600214,1.27,1.65));
#8469=VECTOR('',#8470,1.);
#8470=DIRECTION('',(0.,0.,1.));
#8471=CARTESIAN_POINT('',(11.8802221399786,1.27,1.65));
#8472=VECTOR('',#8473,1.);
#8473=DIRECTION('',(0.,0.,1.));
#8474=CARTESIAN_POINT('',(11.58,0.75,1.65));
#8475=VECTOR('',#8476,1.);
#8476=DIRECTION('',(0.,0.,1.));
#8477=CARTESIAN_POINT('',(11.28,0.75,1.65));
#8478=VECTOR('',#8479,1.);
#8479=DIRECTION('',(0.,0.,1.));
#8480=CARTESIAN_POINT('',(10.9797778600214,1.27,1.65));
#8481=VECTOR('',#8482,1.);
#8482=DIRECTION('',(0.,0.,1.));
#8483=CARTESIAN_POINT('',(9.34022213997861,1.27,1.65));
#8484=VECTOR('',#8485,1.);
#8485=DIRECTION('',(0.,0.,1.));
#8486=CARTESIAN_POINT('',(9.04,0.75,1.65));
#8487=VECTOR('',#8488,1.);
#8488=DIRECTION('',(0.,0.,1.));
#8489=CARTESIAN_POINT('',(8.74,0.75,1.65));
#8490=VECTOR('',#8491,1.);
#8491=DIRECTION('',(0.,0.,1.));
#8492=CARTESIAN_POINT('',(8.43977786002139,1.27,1.65));
#8493=VECTOR('',#8494,1.);
#8494=DIRECTION('',(0.,0.,1.));
#8495=CARTESIAN_POINT('',(6.8002221399786,1.27,1.65));
#8496=VECTOR('',#8497,1.);
#8497=DIRECTION('',(0.,0.,1.));
#8498=CARTESIAN_POINT('',(6.5,0.75,1.65));
#8499=VECTOR('',#8500,1.);
#8500=DIRECTION('',(0.,0.,1.));
#8501=CARTESIAN_POINT('',(6.2,0.75,1.65));
#8502=VECTOR('',#8503,1.);
#8503=DIRECTION('',(0.,0.,1.));
#8504=CARTESIAN_POINT('',(5.89977786002139,1.27,1.65));
#8505=VECTOR('',#8506,1.);
#8506=DIRECTION('',(0.,0.,1.));
#8507=CARTESIAN_POINT('',(4.26022213997861,1.27,1.65));
#8508=VECTOR('',#8509,1.);
#8509=DIRECTION('',(0.,0.,1.));
#8510=CARTESIAN_POINT('',(3.96,0.75,1.65));
#8511=VECTOR('',#8512,1.);
#8512=DIRECTION('',(0.,0.,1.));
#8513=CARTESIAN_POINT('',(3.66,0.75,1.65));
#8514=VECTOR('',#8515,1.);
#8515=DIRECTION('',(0.,0.,1.));
#8516=CARTESIAN_POINT('',(3.35977786002139,1.27,1.65));
#8517=VECTOR('',#8518,1.);
#8518=DIRECTION('',(0.,0.,1.));
#8519=CARTESIAN_POINT('',(1.72022213997861,1.27,1.65));
#8520=VECTOR('',#8521,1.);
#8521=DIRECTION('',(0.,0.,1.));
#8522=CARTESIAN_POINT('',(1.42,0.75,1.65));
#8523=VECTOR('',#8524,1.);
#8524=DIRECTION('',(0.,0.,1.));
#8525=CARTESIAN_POINT('',(0.9,0.,3.85));
#8526=AXIS2_PLACEMENT_3D('',#8527,#8528,#8529);
#8527=CARTESIAN_POINT('',(0.,0.,3.85));
#8528=DIRECTION('',(0.,0.,1.));
#8529=DIRECTION('',(1.,0.,0.));
#8530=CARTESIAN_POINT('',(0.65,-7.9602041944578E-017,3.85));
#8531=AXIS2_PLACEMENT_3D('',#8532,#8533,#8534);
#8532=CARTESIAN_POINT('',(0.,0.,3.85));
#8533=DIRECTION('',(0.,0.,1.));
#8534=DIRECTION('',(1.,0.,0.));
#8535=CARTESIAN_POINT('',(-0.5,-9.18485099360515E-017,0.5));
#8536=AXIS2_PLACEMENT_3D('',#8537,#8538,#8539);
#8537=CARTESIAN_POINT('',(-3.06161699786838E-017,-3.06161699786838E-017,0.500000000000001));
#8538=DIRECTION('',(-6.12323399573676E-017,-6.12323399573677E-017,1.));
#8539=DIRECTION('',(-1.,-1.22464679914735E-016,-6.12323399573676E-017));
#8540=CARTESIAN_POINT('',(-0.5,-3.27593018771917E-016,4.35));
#8541=AXIS2_PLACEMENT_3D('',#8542,#8543,#8544);
#8542=CARTESIAN_POINT('',(-2.66360678814549E-016,-2.66360678814549E-016,4.35));
#8543=DIRECTION('',(-6.12323399573677E-017,-6.12323399573677E-017,1.));
#8544=DIRECTION('',(-1.,-1.22464679914735E-016,-6.12323399573677E-017));
#8545=CARTESIAN_POINT('',(-0.8,-3.82702124733548E-016,4.65));
#8546=AXIS2_PLACEMENT_3D('',#8547,#8548,#8549);
#8547=CARTESIAN_POINT('',(-2.8473038080176E-016,-2.8473038080176E-016,4.65));
#8548=DIRECTION('',(-6.12323399573677E-017,-6.12323399573677E-017,1.));
#8549=DIRECTION('',(-1.,-1.22464679914735E-016,-6.12323399573677E-017));
#8550=CARTESIAN_POINT('',(-0.9,-3.94948592725021E-016,4.65));
#8551=AXIS2_PLACEMENT_3D('',#8552,#8553,#8554);
#8552=CARTESIAN_POINT('',(-2.8473038080176E-016,-2.8473038080176E-016,4.65));
#8553=DIRECTION('',(-6.12323399573677E-017,-6.12323399573677E-017,1.));
#8554=DIRECTION('',(-1.,-1.22464679914735E-016,-6.12323399573677E-017));
#8555=CARTESIAN_POINT('',(-0.9,-3.45962720759127E-016,3.85));
#8556=AXIS2_PLACEMENT_3D('',#8557,#8558,#8559);
#8557=CARTESIAN_POINT('',(-2.35744508835865E-016,-2.35744508835865E-016,3.85));
#8558=DIRECTION('',(-6.12323399573677E-017,-6.12323399573677E-017,1.));
#8559=DIRECTION('',(-1.,-1.22464679914735E-016,-6.12323399573677E-017));
#8560=CARTESIAN_POINT('',(-0.65,-3.15346550780443E-016,3.85));
#8561=AXIS2_PLACEMENT_3D('',#8562,#8563,#8564);
#8562=CARTESIAN_POINT('',(-2.35744508835865E-016,-2.35744508835865E-016,3.85));
#8563=DIRECTION('',(-6.12323399573677E-017,-6.12323399573677E-017,1.));
#8564=DIRECTION('',(-1.,-1.22464679914735E-016,-6.12323399573677E-017));
#8565=CARTESIAN_POINT('',(-0.65,-1.04094977927525E-016,0.4));
#8566=AXIS2_PLACEMENT_3D('',#8567,#8568,#8569);
#8567=CARTESIAN_POINT('',(-2.44929359829471E-017,-2.44929359829471E-017,0.400000000000001));
#8568=DIRECTION('',(-6.12323399573677E-017,-6.12323399573677E-017,1.));
#8569=DIRECTION('',(-1.,-1.22464679914735E-016,-6.12323399573677E-017));
#8570=CARTESIAN_POINT('',(-0.25,-3.06161699786838E-017,-3.06161699786838E-017));
#8571=AXIS2_PLACEMENT_3D('',#8572,#8573,#8574);
#8572=CARTESIAN_POINT('',(0.,0.,8.88178419700125E-016));
#8573=DIRECTION('',(-6.12323399573676E-017,-6.12323399573677E-017,1.));
#8574=DIRECTION('',(-1.,-1.22464679914736E-016,-6.12323399573676E-017));
#8575=CARTESIAN_POINT('',(-0.25,1.22464679914735E-016,-2.5));
#8576=AXIS2_PLACEMENT_3D('',#8577,#8578,#8579);
#8577=CARTESIAN_POINT('',(1.53080849893419E-016,1.53080849893419E-016,-2.5));
#8578=DIRECTION('',(-6.12323399573677E-017,-6.12323399573677E-017,1.));
#8579=DIRECTION('',(-1.,-1.22464679914735E-016,-6.12323399573677E-017));
#8580=CARTESIAN_POINT('',(2.04,-9.18485099360515E-017,0.5));
#8581=AXIS2_PLACEMENT_3D('',#8582,#8583,#8584);
#8582=CARTESIAN_POINT('',(2.54,-3.06161699786838E-017,0.500000000000001));
#8583=DIRECTION('',(-6.12323399573676E-017,-6.12323399573677E-017,1.));
#8584=DIRECTION('',(-1.,-1.22464679914735E-016,-6.12323399573676E-017));
#8585=CARTESIAN_POINT('',(2.04,-3.27593018771917E-016,4.35));
#8586=AXIS2_PLACEMENT_3D('',#8587,#8588,#8589);
#8587=CARTESIAN_POINT('',(2.54,-2.66360678814549E-016,4.35));
#8588=DIRECTION('',(-6.12323399573677E-017,-6.12323399573677E-017,1.));
#8589=DIRECTION('',(-1.,-1.22464679914735E-016,-6.12323399573677E-017));
#8590=CARTESIAN_POINT('',(1.74,-3.82702124733548E-016,4.65));
#8591=AXIS2_PLACEMENT_3D('',#8592,#8593,#8594);
#8592=CARTESIAN_POINT('',(2.54,-2.8473038080176E-016,4.65));
#8593=DIRECTION('',(-6.12323399573677E-017,-6.12323399573677E-017,1.));
#8594=DIRECTION('',(-1.,-1.22464679914735E-016,-6.12323399573677E-017));
#8595=CARTESIAN_POINT('',(1.64,-3.94948592725021E-016,4.65));
#8596=AXIS2_PLACEMENT_3D('',#8597,#8598,#8599);
#8597=CARTESIAN_POINT('',(2.54,-2.8473038080176E-016,4.65));
#8598=DIRECTION('',(-6.12323399573677E-017,-6.12323399573677E-017,1.));
#8599=DIRECTION('',(-1.,-1.22464679914735E-016,-6.12323399573677E-017));
#8600=CARTESIAN_POINT('',(1.64,-3.45962720759127E-016,3.85));
#8601=AXIS2_PLACEMENT_3D('',#8602,#8603,#8604);
#8602=CARTESIAN_POINT('',(2.54,-2.35744508835865E-016,3.85));
#8603=DIRECTION('',(-6.12323399573677E-017,-6.12323399573677E-017,1.));
#8604=DIRECTION('',(-1.,-1.22464679914735E-016,-6.12323399573677E-017));
#8605=CARTESIAN_POINT('',(1.89,-3.15346550780443E-016,3.85));
#8606=AXIS2_PLACEMENT_3D('',#8607,#8608,#8609);
#8607=CARTESIAN_POINT('',(2.54,-2.35744508835865E-016,3.85));
#8608=DIRECTION('',(-6.12323399573677E-017,-6.12323399573677E-017,1.));
#8609=DIRECTION('',(-1.,-1.22464679914735E-016,-6.12323399573677E-017));
#8610=CARTESIAN_POINT('',(1.89,-1.04094977927525E-016,0.4));
#8611=AXIS2_PLACEMENT_3D('',#8612,#8613,#8614);
#8612=CARTESIAN_POINT('',(2.54,-2.44929359829471E-017,0.400000000000001));
#8613=DIRECTION('',(-6.12323399573677E-017,-6.12323399573677E-017,1.));
#8614=DIRECTION('',(-1.,-1.22464679914735E-016,-6.12323399573677E-017));
#8615=CARTESIAN_POINT('',(2.29,-3.06161699786838E-017,-3.06161699786838E-017));
#8616=AXIS2_PLACEMENT_3D('',#8617,#8618,#8619);
#8617=CARTESIAN_POINT('',(2.54,0.,8.88178419700125E-016));
#8618=DIRECTION('',(-6.12323399573676E-017,-6.12323399573677E-017,1.));
#8619=DIRECTION('',(-1.,-1.22464679914736E-016,-6.12323399573676E-017));
#8620=CARTESIAN_POINT('',(2.29,1.22464679914735E-016,-2.5));
#8621=AXIS2_PLACEMENT_3D('',#8622,#8623,#8624);
#8622=CARTESIAN_POINT('',(2.54,1.53080849893419E-016,-2.5));
#8623=DIRECTION('',(-6.12323399573677E-017,-6.12323399573677E-017,1.));
#8624=DIRECTION('',(-1.,-1.22464679914735E-016,-6.12323399573677E-017));
#8625=CARTESIAN_POINT('',(4.58,-9.18485099360515E-017,0.5));
#8626=AXIS2_PLACEMENT_3D('',#8627,#8628,#8629);
#8627=CARTESIAN_POINT('',(5.08,-3.06161699786838E-017,0.500000000000001));
#8628=DIRECTION('',(-6.12323399573676E-017,-6.12323399573677E-017,1.));
#8629=DIRECTION('',(-1.,-1.22464679914735E-016,-6.12323399573676E-017));
#8630=CARTESIAN_POINT('',(4.58,-3.27593018771917E-016,4.35));
#8631=AXIS2_PLACEMENT_3D('',#8632,#8633,#8634);
#8632=CARTESIAN_POINT('',(5.08,-2.66360678814549E-016,4.35));
#8633=DIRECTION('',(-6.12323399573677E-017,-6.12323399573677E-017,1.));
#8634=DIRECTION('',(-1.,-1.22464679914735E-016,-6.12323399573677E-017));
#8635=CARTESIAN_POINT('',(4.28,-3.82702124733548E-016,4.65));
#8636=AXIS2_PLACEMENT_3D('',#8637,#8638,#8639);
#8637=CARTESIAN_POINT('',(5.08,-2.8473038080176E-016,4.65));
#8638=DIRECTION('',(-6.12323399573677E-017,-6.12323399573677E-017,1.));
#8639=DIRECTION('',(-1.,-1.22464679914735E-016,-6.12323399573677E-017));
#8640=CARTESIAN_POINT('',(4.18,-3.94948592725021E-016,4.65));
#8641=AXIS2_PLACEMENT_3D('',#8642,#8643,#8644);
#8642=CARTESIAN_POINT('',(5.08,-2.8473038080176E-016,4.65));
#8643=DIRECTION('',(-6.12323399573677E-017,-6.12323399573677E-017,1.));
#8644=DIRECTION('',(-1.,-1.22464679914735E-016,-6.12323399573677E-017));
#8645=CARTESIAN_POINT('',(4.18,-3.45962720759127E-016,3.85));
#8646=AXIS2_PLACEMENT_3D('',#8647,#8648,#8649);
#8647=CARTESIAN_POINT('',(5.08,-2.35744508835865E-016,3.85));
#8648=DIRECTION('',(-6.12323399573677E-017,-6.12323399573677E-017,1.));
#8649=DIRECTION('',(-1.,-1.22464679914735E-016,-6.12323399573677E-017));
#8650=CARTESIAN_POINT('',(4.43,-3.15346550780443E-016,3.85));
#8651=AXIS2_PLACEMENT_3D('',#8652,#8653,#8654);
#8652=CARTESIAN_POINT('',(5.08,-2.35744508835865E-016,3.85));
#8653=DIRECTION('',(-6.12323399573677E-017,-6.12323399573677E-017,1.));
#8654=DIRECTION('',(-1.,-1.22464679914735E-016,-6.12323399573677E-017));
#8655=CARTESIAN_POINT('',(4.43,-1.04094977927525E-016,0.4));
#8656=AXIS2_PLACEMENT_3D('',#8657,#8658,#8659);
#8657=CARTESIAN_POINT('',(5.08,-2.44929359829471E-017,0.400000000000001));
#8658=DIRECTION('',(-6.12323399573677E-017,-6.12323399573677E-017,1.));
#8659=DIRECTION('',(-1.,-1.22464679914735E-016,-6.12323399573677E-017));
#8660=CARTESIAN_POINT('',(4.83,-3.06161699786838E-017,-3.06161699786838E-017));
#8661=AXIS2_PLACEMENT_3D('',#8662,#8663,#8664);
#8662=CARTESIAN_POINT('',(5.08,0.,8.88178419700125E-016));
#8663=DIRECTION('',(-6.12323399573676E-017,-6.12323399573677E-017,1.));
#8664=DIRECTION('',(-1.,-1.22464679914736E-016,-6.12323399573676E-017));
#8665=CARTESIAN_POINT('',(4.83,1.22464679914735E-016,-2.5));
#8666=AXIS2_PLACEMENT_3D('',#8667,#8668,#8669);
#8667=CARTESIAN_POINT('',(5.08,1.53080849893419E-016,-2.5));
#8668=DIRECTION('',(-6.12323399573677E-017,-6.12323399573677E-017,1.));
#8669=DIRECTION('',(-1.,-1.22464679914735E-016,-6.12323399573677E-017));
#8670=CARTESIAN_POINT('',(7.12,-9.18485099360515E-017,0.5));
#8671=AXIS2_PLACEMENT_3D('',#8672,#8673,#8674);
#8672=CARTESIAN_POINT('',(7.62,-3.06161699786838E-017,0.500000000000001));
#8673=DIRECTION('',(-6.12323399573676E-017,-6.12323399573677E-017,1.));
#8674=DIRECTION('',(-1.,-1.22464679914735E-016,-6.12323399573676E-017));
#8675=CARTESIAN_POINT('',(7.12,-3.27593018771917E-016,4.35));
#8676=AXIS2_PLACEMENT_3D('',#8677,#8678,#8679);
#8677=CARTESIAN_POINT('',(7.62,-2.66360678814549E-016,4.35));
#8678=DIRECTION('',(-6.12323399573677E-017,-6.12323399573677E-017,1.));
#8679=DIRECTION('',(-1.,-1.22464679914735E-016,-6.12323399573677E-017));
#8680=CARTESIAN_POINT('',(6.82,-3.82702124733548E-016,4.65));
#8681=AXIS2_PLACEMENT_3D('',#8682,#8683,#8684);
#8682=CARTESIAN_POINT('',(7.62,-2.8473038080176E-016,4.65));
#8683=DIRECTION('',(-6.12323399573677E-017,-6.12323399573677E-017,1.));
#8684=DIRECTION('',(-1.,-1.22464679914735E-016,-6.12323399573677E-017));
#8685=CARTESIAN_POINT('',(6.72,-3.94948592725021E-016,4.65));
#8686=AXIS2_PLACEMENT_3D('',#8687,#8688,#8689);
#8687=CARTESIAN_POINT('',(7.62,-2.8473038080176E-016,4.65));
#8688=DIRECTION('',(-6.12323399573677E-017,-6.12323399573677E-017,1.));
#8689=DIRECTION('',(-1.,-1.22464679914735E-016,-6.12323399573677E-017));
#8690=CARTESIAN_POINT('',(6.72,-3.45962720759127E-016,3.85));
#8691=AXIS2_PLACEMENT_3D('',#8692,#8693,#8694);
#8692=CARTESIAN_POINT('',(7.62,-2.35744508835865E-016,3.85));
#8693=DIRECTION('',(-6.12323399573677E-017,-6.12323399573677E-017,1.));
#8694=DIRECTION('',(-1.,-1.22464679914735E-016,-6.12323399573677E-017));
#8695=CARTESIAN_POINT('',(6.97,-3.15346550780443E-016,3.85));
#8696=AXIS2_PLACEMENT_3D('',#8697,#8698,#8699);
#8697=CARTESIAN_POINT('',(7.62,-2.35744508835865E-016,3.85));
#8698=DIRECTION('',(-6.12323399573677E-017,-6.12323399573677E-017,1.));
#8699=DIRECTION('',(-1.,-1.22464679914735E-016,-6.12323399573677E-017));
#8700=CARTESIAN_POINT('',(6.97,-1.04094977927525E-016,0.4));
#8701=AXIS2_PLACEMENT_3D('',#8702,#8703,#8704);
#8702=CARTESIAN_POINT('',(7.62,-2.44929359829471E-017,0.400000000000001));
#8703=DIRECTION('',(-6.12323399573677E-017,-6.12323399573677E-017,1.));
#8704=DIRECTION('',(-1.,-1.22464679914735E-016,-6.12323399573677E-017));
#8705=CARTESIAN_POINT('',(7.37,-3.06161699786838E-017,-3.06161699786838E-017));
#8706=AXIS2_PLACEMENT_3D('',#8707,#8708,#8709);
#8707=CARTESIAN_POINT('',(7.62,0.,8.88178419700125E-016));
#8708=DIRECTION('',(-6.12323399573676E-017,-6.12323399573677E-017,1.));
#8709=DIRECTION('',(-1.,-1.22464679914736E-016,-6.12323399573676E-017));
#8710=CARTESIAN_POINT('',(7.37,1.22464679914735E-016,-2.5));
#8711=AXIS2_PLACEMENT_3D('',#8712,#8713,#8714);
#8712=CARTESIAN_POINT('',(7.62,1.53080849893419E-016,-2.5));
#8713=DIRECTION('',(-6.12323399573677E-017,-6.12323399573677E-017,1.));
#8714=DIRECTION('',(-1.,-1.22464679914735E-016,-6.12323399573677E-017));
#8715=CARTESIAN_POINT('',(9.66,-9.18485099360515E-017,0.5));
#8716=AXIS2_PLACEMENT_3D('',#8717,#8718,#8719);
#8717=CARTESIAN_POINT('',(10.16,-3.06161699786838E-017,0.500000000000001));
#8718=DIRECTION('',(-6.12323399573676E-017,-6.12323399573677E-017,1.));
#8719=DIRECTION('',(-1.,-1.22464679914735E-016,-6.12323399573676E-017));
#8720=CARTESIAN_POINT('',(9.66,-3.27593018771917E-016,4.35));
#8721=AXIS2_PLACEMENT_3D('',#8722,#8723,#8724);
#8722=CARTESIAN_POINT('',(10.16,-2.66360678814549E-016,4.35));
#8723=DIRECTION('',(-6.12323399573677E-017,-6.12323399573677E-017,1.));
#8724=DIRECTION('',(-1.,-1.22464679914735E-016,-6.12323399573677E-017));
#8725=CARTESIAN_POINT('',(9.36,-3.82702124733548E-016,4.65));
#8726=AXIS2_PLACEMENT_3D('',#8727,#8728,#8729);
#8727=CARTESIAN_POINT('',(10.16,-2.8473038080176E-016,4.65));
#8728=DIRECTION('',(-6.12323399573677E-017,-6.12323399573677E-017,1.));
#8729=DIRECTION('',(-1.,-1.22464679914735E-016,-6.12323399573677E-017));
#8730=CARTESIAN_POINT('',(9.26,-3.94948592725021E-016,4.65));
#8731=AXIS2_PLACEMENT_3D('',#8732,#8733,#8734);
#8732=CARTESIAN_POINT('',(10.16,-2.8473038080176E-016,4.65));
#8733=DIRECTION('',(-6.12323399573677E-017,-6.12323399573677E-017,1.));
#8734=DIRECTION('',(-1.,-1.22464679914735E-016,-6.12323399573677E-017));
#8735=CARTESIAN_POINT('',(9.26,-3.45962720759127E-016,3.85));
#8736=AXIS2_PLACEMENT_3D('',#8737,#8738,#8739);
#8737=CARTESIAN_POINT('',(10.16,-2.35744508835865E-016,3.85));
#8738=DIRECTION('',(-6.12323399573677E-017,-6.12323399573677E-017,1.));
#8739=DIRECTION('',(-1.,-1.22464679914735E-016,-6.12323399573677E-017));
#8740=CARTESIAN_POINT('',(9.51,-3.15346550780443E-016,3.85));
#8741=AXIS2_PLACEMENT_3D('',#8742,#8743,#8744);
#8742=CARTESIAN_POINT('',(10.16,-2.35744508835865E-016,3.85));
#8743=DIRECTION('',(-6.12323399573677E-017,-6.12323399573677E-017,1.));
#8744=DIRECTION('',(-1.,-1.22464679914735E-016,-6.12323399573677E-017));
#8745=CARTESIAN_POINT('',(9.51,-1.04094977927525E-016,0.4));
#8746=AXIS2_PLACEMENT_3D('',#8747,#8748,#8749);
#8747=CARTESIAN_POINT('',(10.16,-2.44929359829471E-017,0.400000000000001));
#8748=DIRECTION('',(-6.12323399573677E-017,-6.12323399573677E-017,1.));
#8749=DIRECTION('',(-1.,-1.22464679914735E-016,-6.12323399573677E-017));
#8750=CARTESIAN_POINT('',(9.91,-3.06161699786838E-017,-3.06161699786838E-017));
#8751=AXIS2_PLACEMENT_3D('',#8752,#8753,#8754);
#8752=CARTESIAN_POINT('',(10.16,0.,8.88178419700125E-016));
#8753=DIRECTION('',(-6.12323399573676E-017,-6.12323399573677E-017,1.));
#8754=DIRECTION('',(-1.,-1.22464679914736E-016,-6.12323399573676E-017));
#8755=CARTESIAN_POINT('',(9.91,1.22464679914735E-016,-2.5));
#8756=AXIS2_PLACEMENT_3D('',#8757,#8758,#8759);
#8757=CARTESIAN_POINT('',(10.16,1.53080849893419E-016,-2.5));
#8758=DIRECTION('',(-6.12323399573677E-017,-6.12323399573677E-017,1.));
#8759=DIRECTION('',(-1.,-1.22464679914735E-016,-6.12323399573677E-017));
#8760=CARTESIAN_POINT('',(12.2,-9.18485099360515E-017,0.5));
#8761=AXIS2_PLACEMENT_3D('',#8762,#8763,#8764);
#8762=CARTESIAN_POINT('',(12.7,-3.06161699786838E-017,0.500000000000001));
#8763=DIRECTION('',(-6.12323399573676E-017,-6.12323399573677E-017,1.));
#8764=DIRECTION('',(-1.,-1.22464679914735E-016,-6.12323399573676E-017));
#8765=CARTESIAN_POINT('',(12.2,-3.27593018771917E-016,4.35));
#8766=AXIS2_PLACEMENT_3D('',#8767,#8768,#8769);
#8767=CARTESIAN_POINT('',(12.7,-2.66360678814549E-016,4.35));
#8768=DIRECTION('',(-6.12323399573677E-017,-6.12323399573677E-017,1.));
#8769=DIRECTION('',(-1.,-1.22464679914735E-016,-6.12323399573677E-017));
#8770=CARTESIAN_POINT('',(11.9,-3.82702124733548E-016,4.65));
#8771=AXIS2_PLACEMENT_3D('',#8772,#8773,#8774);
#8772=CARTESIAN_POINT('',(12.7,-2.8473038080176E-016,4.65));
#8773=DIRECTION('',(-6.12323399573677E-017,-6.12323399573677E-017,1.));
#8774=DIRECTION('',(-1.,-1.22464679914735E-016,-6.12323399573677E-017));
#8775=CARTESIAN_POINT('',(11.8,-3.94948592725021E-016,4.65));
#8776=AXIS2_PLACEMENT_3D('',#8777,#8778,#8779);
#8777=CARTESIAN_POINT('',(12.7,-2.8473038080176E-016,4.65));
#8778=DIRECTION('',(-6.12323399573677E-017,-6.12323399573677E-017,1.));
#8779=DIRECTION('',(-1.,-1.22464679914735E-016,-6.12323399573677E-017));
#8780=CARTESIAN_POINT('',(11.8,-3.45962720759127E-016,3.85));
#8781=AXIS2_PLACEMENT_3D('',#8782,#8783,#8784);
#8782=CARTESIAN_POINT('',(12.7,-2.35744508835865E-016,3.85));
#8783=DIRECTION('',(-6.12323399573677E-017,-6.12323399573677E-017,1.));
#8784=DIRECTION('',(-1.,-1.22464679914735E-016,-6.12323399573677E-017));
#8785=CARTESIAN_POINT('',(12.05,-3.15346550780443E-016,3.85));
#8786=AXIS2_PLACEMENT_3D('',#8787,#8788,#8789);
#8787=CARTESIAN_POINT('',(12.7,-2.35744508835865E-016,3.85));
#8788=DIRECTION('',(-6.12323399573677E-017,-6.12323399573677E-017,1.));
#8789=DIRECTION('',(-1.,-1.22464679914735E-016,-6.12323399573677E-017));
#8790=CARTESIAN_POINT('',(12.05,-1.04094977927525E-016,0.4));
#8791=AXIS2_PLACEMENT_3D('',#8792,#8793,#8794);
#8792=CARTESIAN_POINT('',(12.7,-2.44929359829471E-017,0.400000000000001));
#8793=DIRECTION('',(-6.12323399573677E-017,-6.12323399573677E-017,1.));
#8794=DIRECTION('',(-1.,-1.22464679914735E-016,-6.12323399573677E-017));
#8795=CARTESIAN_POINT('',(12.45,-3.06161699786838E-017,-3.06161699786838E-017));
#8796=AXIS2_PLACEMENT_3D('',#8797,#8798,#8799);
#8797=CARTESIAN_POINT('',(12.7,0.,8.88178419700125E-016));
#8798=DIRECTION('',(-6.12323399573676E-017,-6.12323399573677E-017,1.));
#8799=DIRECTION('',(-1.,-1.22464679914736E-016,-6.12323399573676E-017));
#8800=CARTESIAN_POINT('',(12.45,1.22464679914735E-016,-2.5));
#8801=AXIS2_PLACEMENT_3D('',#8802,#8803,#8804);
#8802=CARTESIAN_POINT('',(12.7,1.53080849893419E-016,-2.5));
#8803=DIRECTION('',(-6.12323399573677E-017,-6.12323399573677E-017,1.));
#8804=DIRECTION('',(-1.,-1.22464679914735E-016,-6.12323399573677E-017));
#8805=CARTESIAN_POINT('',(13.1974937185533,0.0499999999999998,3.85));
#8806=CARTESIAN_POINT('',(12.75,0.49749371855331,3.85));
#8807=AXIS2_PLACEMENT_3D('',#8808,#8809,#8810);
#8808=CARTESIAN_POINT('',(12.7,-2.35744508835866E-016,3.85));
#8809=DIRECTION('',(-6.12323399573677E-017,-6.12323399573677E-017,1.));
#8810=DIRECTION('',(0.99498743710662,0.100000000000001,6.70486429979594E-017));
#8811=CARTESIAN_POINT('',(12.65,0.49749371855331,3.85));
#8812=AXIS2_PLACEMENT_3D('',#8813,#8814,#8815);
#8813=CARTESIAN_POINT('',(12.7,-2.35744508835866E-016,3.85));
#8814=DIRECTION('',(-6.12323399573677E-017,-6.12323399573677E-017,1.));
#8815=DIRECTION('',(0.0999999999999978,0.99498743710662,6.70486429979592E-017));
#8816=CARTESIAN_POINT('',(12.2025062814467,0.05,3.85));
#8817=AXIS2_PLACEMENT_3D('',#8818,#8819,#8820);
#8818=CARTESIAN_POINT('',(12.7,-2.35744508835866E-016,3.85));
#8819=DIRECTION('',(-6.12323399573677E-017,-6.12323399573677E-017,1.));
#8820=DIRECTION('',(-0.100000000000001,0.99498743710662,5.48021750064857E-017));
#8821=CARTESIAN_POINT('',(12.2,-2.96976848793233E-016,3.85));
#8822=AXIS2_PLACEMENT_3D('',#8823,#8824,#8825);
#8823=CARTESIAN_POINT('',(12.7,-2.35744508835866E-016,3.85));
#8824=DIRECTION('',(-6.12323399573677E-017,-6.12323399573677E-017,1.));
#8825=DIRECTION('',(-0.99498743710662,0.1,-5.48021750064858E-017));
#8826=CARTESIAN_POINT('',(12.2025062814467,-0.0500000000000003,3.85));
#8827=AXIS2_PLACEMENT_3D('',#8828,#8829,#8830);
#8828=CARTESIAN_POINT('',(12.7,-2.35744508835866E-016,3.85));
#8829=DIRECTION('',(-6.12323399573677E-017,-6.12323399573677E-017,1.));
#8830=DIRECTION('',(-1.,-1.22464679914735E-016,-6.12323399573677E-017));
#8831=CARTESIAN_POINT('',(12.65,-0.49749371855331,3.85));
#8832=AXIS2_PLACEMENT_3D('',#8833,#8834,#8835);
#8833=CARTESIAN_POINT('',(12.7,-2.35744508835866E-016,3.85));
#8834=DIRECTION('',(-6.12323399573677E-017,-6.12323399573677E-017,1.));
#8835=DIRECTION('',(-0.99498743710662,-0.1,-6.70486429979593E-017));
#8836=CARTESIAN_POINT('',(12.75,-0.497493718553311,3.85));
#8837=AXIS2_PLACEMENT_3D('',#8838,#8839,#8840);
#8838=CARTESIAN_POINT('',(12.7,-2.35744508835866E-016,3.85));
#8839=DIRECTION('',(-6.12323399573677E-017,-6.12323399573677E-017,1.));
#8840=DIRECTION('',(-0.100000000000001,-0.99498743710662,-6.70486429979594E-017));
#8841=CARTESIAN_POINT('',(13.1974937185533,-0.0500000000000002,3.85));
#8842=AXIS2_PLACEMENT_3D('',#8843,#8844,#8845);
#8843=CARTESIAN_POINT('',(12.7,-2.35744508835866E-016,3.85));
#8844=DIRECTION('',(-6.12323399573677E-017,-6.12323399573677E-017,1.));
#8845=DIRECTION('',(0.0999999999999978,-0.99498743710662,-5.48021750064859E-017));
#8846=AXIS2_PLACEMENT_3D('',#8847,#8848,#8849);
#8847=CARTESIAN_POINT('',(12.7,-2.35744508835866E-016,3.85));
#8848=DIRECTION('',(-6.12323399573677E-017,-6.12323399573677E-017,1.));
#8849=DIRECTION('',(0.99498743710662,-0.1,5.48021750064858E-017));
#8850=CARTESIAN_POINT('',(12.2,-3.27593018771917E-016,4.35));
#8851=AXIS2_PLACEMENT_3D('',#8852,#8853,#8854);
#8852=CARTESIAN_POINT('',(12.7,-2.66360678814549E-016,4.35));
#8853=DIRECTION('',(-6.12323399573677E-017,-6.12323399573677E-017,1.));
#8854=DIRECTION('',(-1.,-1.22464679914735E-016,-6.12323399573677E-017));
#8855=CARTESIAN_POINT('',(13.0968626966597,0.05,3.85));
#8856=CARTESIAN_POINT('',(13.0968626966597,-0.0500000000000001,3.85));
#8857=AXIS2_PLACEMENT_3D('',#8858,#8859,#8860);
#8858=CARTESIAN_POINT('',(12.7,-2.35744508835865E-016,3.85));
#8859=DIRECTION('',(-6.12323399573677E-017,-6.12323399573677E-017,1.));
#8860=DIRECTION('',(0.992156741649221,-0.125,5.30980364009884E-017));
#8861=CARTESIAN_POINT('',(12.75,-0.396862696659689,3.85));
#8862=AXIS2_PLACEMENT_3D('',#8863,#8864,#8865);
#8863=CARTESIAN_POINT('',(12.7,-2.35744508835866E-016,3.85));
#8864=DIRECTION('',(-6.12323399573677E-017,-6.12323399573677E-017,1.));
#8865=DIRECTION('',(0.124999999999997,-0.992156741649222,-5.30980364009886E-017));
#8866=CARTESIAN_POINT('',(12.65,-0.396862696659689,3.85));
#8867=AXIS2_PLACEMENT_3D('',#8868,#8869,#8870);
#8868=CARTESIAN_POINT('',(12.7,-2.35744508835865E-016,3.85));
#8869=DIRECTION('',(-6.12323399573677E-017,-6.12323399573677E-017,1.));
#8870=DIRECTION('',(-0.125000000000002,-0.992156741649221,-6.84061213903304E-017));
#8871=CARTESIAN_POINT('',(12.3031373033403,-0.0500000000000003,3.85));
#8872=AXIS2_PLACEMENT_3D('',#8873,#8874,#8875);
#8873=CARTESIAN_POINT('',(12.7,-2.35744508835866E-016,3.85));
#8874=DIRECTION('',(-6.12323399573677E-017,-6.12323399573677E-017,1.));
#8875=DIRECTION('',(-0.992156741649221,-0.125,-6.84061213903303E-017));
#8876=CARTESIAN_POINT('',(12.3,-2.8473038080176E-016,3.85));
#8877=AXIS2_PLACEMENT_3D('',#8878,#8879,#8880);
#8878=CARTESIAN_POINT('',(12.7,-2.35744508835865E-016,3.85));
#8879=DIRECTION('',(-6.12323399573677E-017,-6.12323399573677E-017,1.));
#8880=DIRECTION('',(-1.,-1.22464679914735E-016,-6.12323399573677E-017));
#8881=CARTESIAN_POINT('',(12.3031373033403,0.0499999999999998,3.85));
#8882=AXIS2_PLACEMENT_3D('',#8883,#8884,#8885);
#8883=CARTESIAN_POINT('',(12.7,-2.35744508835865E-016,3.85));
#8884=DIRECTION('',(-6.12323399573677E-017,-6.12323399573677E-017,1.));
#8885=DIRECTION('',(-0.992156741649221,0.125,-5.30980364009884E-017));
#8886=CARTESIAN_POINT('',(12.65,0.396862696659689,3.85));
#8887=AXIS2_PLACEMENT_3D('',#8888,#8889,#8890);
#8888=CARTESIAN_POINT('',(12.7,-2.35744508835866E-016,3.85));
#8889=DIRECTION('',(-6.12323399573677E-017,-6.12323399573677E-017,1.));
#8890=DIRECTION('',(-0.125000000000002,0.992156741649221,5.30980364009883E-017));
#8891=CARTESIAN_POINT('',(12.75,0.396862696659689,3.85));
#8892=AXIS2_PLACEMENT_3D('',#8893,#8894,#8895);
#8893=CARTESIAN_POINT('',(12.7,-2.35744508835865E-016,3.85));
#8894=DIRECTION('',(-6.12323399573677E-017,-6.12323399573677E-017,1.));
#8895=DIRECTION('',(0.124999999999997,0.992156741649222,6.84061213903302E-017));
#8896=AXIS2_PLACEMENT_3D('',#8897,#8898,#8899);
#8897=CARTESIAN_POINT('',(12.7,-2.35744508835866E-016,3.85));
#8898=DIRECTION('',(-6.12323399573677E-017,-6.12323399573677E-017,1.));
#8899=DIRECTION('',(0.992156741649221,0.125000000000001,6.84061213903304E-017));
#8900=CARTESIAN_POINT('',(12.3,-3.15346550780443E-016,4.35));
#8901=AXIS2_PLACEMENT_3D('',#8902,#8903,#8904);
#8902=CARTESIAN_POINT('',(12.7,-2.66360678814549E-016,4.35));
#8903=DIRECTION('',(-6.12323399573677E-017,-6.12323399573677E-017,1.));
#8904=DIRECTION('',(-1.,-1.22464679914735E-016,-6.12323399573677E-017));
#8905=CARTESIAN_POINT('',(12.75,-0.193649167310372,2.31));
#8906=CARTESIAN_POINT('',(12.75,-0.193649167310372,2.31));
#8907=CARTESIAN_POINT('',(12.75,-0.19817021368326,2.343708224457));
#8908=CARTESIAN_POINT('',(12.75,-0.207795230560617,2.41562176462789));
#8909=CARTESIAN_POINT('',(12.75,-0.222178209011234,2.52349936228765));
#8910=CARTESIAN_POINT('',(12.75,-0.238514010802538,2.64641343980263));
#8911=CARTESIAN_POINT('',(12.75,-0.255648235388014,2.7757257643501));
#8912=CARTESIAN_POINT('',(12.75,-0.281732295442073,2.97310354510227));
#8913=CARTESIAN_POINT('',(12.75,-0.30271054099616,3.13238975249258));
#8914=CARTESIAN_POINT('',(12.75,-0.334827623768331,3.37667335236505));
#8915=CARTESIAN_POINT('',(12.75,-0.362128674034639,3.58474739605039));
#8916=CARTESIAN_POINT('',(12.75,-0.38798473926594,3.78217831015547));
#8917=CARTESIAN_POINT('',(12.75,-0.396862696659689,3.85));
#8918=CARTESIAN_POINT('',(12.8936491673104,-0.0500000000000001,2.31));
#8919=CARTESIAN_POINT('',(12.8936491673104,-0.0500000000000001,2.31));
#8920=CARTESIAN_POINT('',(12.8981702136833,-0.0500000000000001,2.343708224457));
#8921=CARTESIAN_POINT('',(12.9077952305606,-0.0500000000000001,2.41562176462789));
#8922=CARTESIAN_POINT('',(12.9221782090112,-0.0500000000000001,2.52349936228766));
#8923=CARTESIAN_POINT('',(12.9385140108025,-0.0500000000000001,2.64641343980264));
#8924=CARTESIAN_POINT('',(12.955648235388,-0.0500000000000001,2.77572576435011));
#8925=CARTESIAN_POINT('',(12.9817322954421,-0.0500000000000002,2.97310354510229));
#8926=CARTESIAN_POINT('',(13.0027105409962,-0.0500000000000001,3.1323897524926));
#8927=CARTESIAN_POINT('',(13.0348276237683,-0.0500000000000002,3.37667335236506));
#8928=CARTESIAN_POINT('',(13.0621286740346,-0.0500000000000002,3.58474739605041));
#8929=CARTESIAN_POINT('',(13.0879847392659,-0.0500000000000001,3.78217831015547));
#8930=CARTESIAN_POINT('',(13.0968626966597,-0.0500000000000001,3.85));
#8931=AXIS2_PLACEMENT_3D('',#8932,#8933,#8934);
#8932=CARTESIAN_POINT('',(12.7,-1.41446705301519E-016,2.31));
#8933=DIRECTION('',(-6.12323399573677E-017,-6.12323399573677E-017,1.));
#8934=DIRECTION('',(0.249999999999994,-0.968245836551856,-4.39798732367075E-017));
#8935=CARTESIAN_POINT('',(12.65,-0.193649167310371,2.31));
#8936=CARTESIAN_POINT('',(12.65,-0.193649167310371,2.31));
#8937=CARTESIAN_POINT('',(12.65,-0.19817021368326,2.343708224457));
#8938=CARTESIAN_POINT('',(12.65,-0.207795230560617,2.41562176462789));
#8939=CARTESIAN_POINT('',(12.65,-0.222178209011234,2.52349936228766));
#8940=CARTESIAN_POINT('',(12.65,-0.238514010802539,2.64641343980264));
#8941=CARTESIAN_POINT('',(12.65,-0.255648235388014,2.77572576435011));
#8942=CARTESIAN_POINT('',(12.65,-0.281732295442074,2.97310354510229));
#8943=CARTESIAN_POINT('',(12.65,-0.302710540996162,3.1323897524926));
#8944=CARTESIAN_POINT('',(12.65,-0.334827623768332,3.37667335236507));
#8945=CARTESIAN_POINT('',(12.65,-0.362128674034641,3.58474739605041));
#8946=CARTESIAN_POINT('',(12.65,-0.387984739265941,3.78217831015547));
#8947=CARTESIAN_POINT('',(12.65,-0.396862696659689,3.85));
#8948=CARTESIAN_POINT('',(12.5063508326896,-0.0500000000000002,2.31));
#8949=AXIS2_PLACEMENT_3D('',#8950,#8951,#8952);
#8950=CARTESIAN_POINT('',(12.7,-1.41446705301519E-016,2.31));
#8951=DIRECTION('',(-6.12323399573677E-017,-6.12323399573677E-017,1.));
#8952=DIRECTION('',(-0.968245836551854,-0.25,-7.4596043215391E-017));
#8953=CARTESIAN_POINT('',(12.5063508326896,-0.0500000000000002,2.31));
#8954=CARTESIAN_POINT('',(12.5018297863167,-0.0500000000000002,2.343708224457));
#8955=CARTESIAN_POINT('',(12.4922047694394,-0.0500000000000002,2.41562176462789));
#8956=CARTESIAN_POINT('',(12.4778217909888,-0.0500000000000002,2.52349936228765));
#8957=CARTESIAN_POINT('',(12.4614859891975,-0.0500000000000002,2.64641343980263));
#8958=CARTESIAN_POINT('',(12.444351764612,-0.0500000000000002,2.7757257643501));
#8959=CARTESIAN_POINT('',(12.4182677045579,-0.0500000000000003,2.97310354510228));
#8960=CARTESIAN_POINT('',(12.3972894590038,-0.0500000000000002,3.13238975249258));
#8961=CARTESIAN_POINT('',(12.3651723762317,-0.0500000000000003,3.37667335236505));
#8962=CARTESIAN_POINT('',(12.3378713259654,-0.0500000000000003,3.58474739605039));
#8963=CARTESIAN_POINT('',(12.3120152607341,-0.0500000000000003,3.78217831015547));
#8964=CARTESIAN_POINT('',(12.3031373033403,-0.0500000000000003,3.85));
#8965=CARTESIAN_POINT('',(12.5063508326896,0.0499999999999998,2.31));
#8966=CARTESIAN_POINT('',(12.5063508326896,0.0499999999999998,2.31));
#8967=CARTESIAN_POINT('',(12.5018297863167,0.0499999999999999,2.343708224457));
#8968=CARTESIAN_POINT('',(12.4922047694394,0.0499999999999999,2.41562176462789));
#8969=CARTESIAN_POINT('',(12.4778217909888,0.0499999999999999,2.52349936228765));
#8970=CARTESIAN_POINT('',(12.4614859891975,0.0499999999999999,2.64641343980263));
#8971=CARTESIAN_POINT('',(12.444351764612,0.0499999999999998,2.7757257643501));
#8972=CARTESIAN_POINT('',(12.4182677045579,0.0499999999999999,2.97310354510228));
#8973=CARTESIAN_POINT('',(12.3972894590038,0.0499999999999999,3.13238975249258));
#8974=CARTESIAN_POINT('',(12.3651723762317,0.0499999999999996,3.37667335236505));
#8975=CARTESIAN_POINT('',(12.3378713259654,0.0499999999999998,3.58474739605038));
#8976=CARTESIAN_POINT('',(12.3120152607341,0.0499999999999999,3.78217831015546));
#8977=CARTESIAN_POINT('',(12.3031373033403,0.0499999999999998,3.85));
#8978=CARTESIAN_POINT('',(12.65,0.193649167310371,2.31));
#8979=AXIS2_PLACEMENT_3D('',#8980,#8981,#8982);
#8980=CARTESIAN_POINT('',(12.7,-1.41446705301519E-016,2.31));
#8981=DIRECTION('',(-6.12323399573677E-017,-6.12323399573677E-017,1.));
#8982=DIRECTION('',(-0.250000000000003,0.968245836551853,4.39798732367068E-017));
#8983=CARTESIAN_POINT('',(12.65,0.193649167310371,2.31));
#8984=CARTESIAN_POINT('',(12.65,0.198170213683259,2.343708224457));
#8985=CARTESIAN_POINT('',(12.65,0.207795230560616,2.41562176462789));
#8986=CARTESIAN_POINT('',(12.65,0.222178209011233,2.52349936228765));
#8987=CARTESIAN_POINT('',(12.65,0.238514010802536,2.64641343980263));
#8988=CARTESIAN_POINT('',(12.65,0.255648235388012,2.77572576435009));
#8989=CARTESIAN_POINT('',(12.65,0.28173229544207,2.97310354510226));
#8990=CARTESIAN_POINT('',(12.65,0.302710540996158,3.13238975249257));
#8991=CARTESIAN_POINT('',(12.65,0.334827623768326,3.37667335236503));
#8992=CARTESIAN_POINT('',(12.65,0.362128674034635,3.58474739605037));
#8993=CARTESIAN_POINT('',(12.65,0.387984739265938,3.78217831015546));
#8994=CARTESIAN_POINT('',(12.65,0.396862696659689,3.85));
#8995=CARTESIAN_POINT('',(12.75,0.193649167310371,2.31));
#8996=CARTESIAN_POINT('',(12.75,0.193649167310371,2.31));
#8997=CARTESIAN_POINT('',(12.75,0.19817021368326,2.343708224457));
#8998=CARTESIAN_POINT('',(12.75,0.207795230560617,2.41562176462789));
#8999=CARTESIAN_POINT('',(12.75,0.222178209011233,2.52349936228765));
#9000=CARTESIAN_POINT('',(12.75,0.238514010802538,2.64641343980263));
#9001=CARTESIAN_POINT('',(12.75,0.255648235388013,2.7757257643501));
#9002=CARTESIAN_POINT('',(12.75,0.281732295442072,2.97310354510227));
#9003=CARTESIAN_POINT('',(12.75,0.30271054099616,3.13238975249259));
#9004=CARTESIAN_POINT('',(12.75,0.33482762376833,3.37667335236505));
#9005=CARTESIAN_POINT('',(12.75,0.362128674034639,3.58474739605039));
#9006=CARTESIAN_POINT('',(12.75,0.38798473926594,3.78217831015547));
#9007=CARTESIAN_POINT('',(12.75,0.396862696659689,3.85));
#9008=CARTESIAN_POINT('',(12.8936491673104,0.0499999999999998,2.31));
#9009=AXIS2_PLACEMENT_3D('',#9010,#9011,#9012);
#9010=CARTESIAN_POINT('',(12.7,-1.41446705301519E-016,2.31));
#9011=DIRECTION('',(-6.12323399573677E-017,-6.12323399573677E-017,1.));
#9012=DIRECTION('',(0.968245836551854,0.25,7.45960432153909E-017));
#9013=CARTESIAN_POINT('',(12.8936491673104,0.0499999999999998,2.31));
#9014=CARTESIAN_POINT('',(12.8981702136833,0.0499999999999999,2.343708224457));
#9015=CARTESIAN_POINT('',(12.9077952305606,0.0499999999999999,2.41562176462789));
#9016=CARTESIAN_POINT('',(12.9221782090112,0.0499999999999999,2.52349936228765));
#9017=CARTESIAN_POINT('',(12.9385140108025,0.0499999999999999,2.64641343980263));
#9018=CARTESIAN_POINT('',(12.955648235388,0.0499999999999998,2.7757257643501));
#9019=CARTESIAN_POINT('',(12.9817322954421,0.0499999999999999,2.97310354510228));
#9020=CARTESIAN_POINT('',(13.0027105409962,0.0499999999999997,3.13238975249258));
#9021=CARTESIAN_POINT('',(13.0348276237683,0.05,3.37667335236504));
#9022=CARTESIAN_POINT('',(13.0621286740346,0.0499999999999998,3.58474739605038));
#9023=CARTESIAN_POINT('',(13.0879847392659,0.0499999999999999,3.78217831015546));
#9024=CARTESIAN_POINT('',(13.0968626966597,0.05,3.85));
#9025=CARTESIAN_POINT('',(12.75,-0.295803989154981,2.31));
#9026=CARTESIAN_POINT('',(12.75,-0.193649167310372,2.31));
#9027=VECTOR('',#9028,1.);
#9028=DIRECTION('',(0.,-1.,0.));
#9029=CARTESIAN_POINT('',(12.995803989155,-0.0500000000000001,2.31));
#9030=CARTESIAN_POINT('',(12.995803989155,-0.0500000000000001,2.31));
#9031=VECTOR('',#9032,1.);
#9032=DIRECTION('',(-1.,-2.71701081891644E-016,0.));
#9033=AXIS2_PLACEMENT_3D('',#9034,#9035,#9036);
#9034=CARTESIAN_POINT('',(12.7,-1.41446705301519E-016,2.31));
#9035=DIRECTION('',(-6.12323399573677E-017,-6.12323399573677E-017,1.));
#9036=DIRECTION('',(0.166666666666663,-0.98601329718327,-5.01705114227166E-017));
#9037=CARTESIAN_POINT('',(12.65,-0.295803989154981,2.31));
#9038=CARTESIAN_POINT('',(12.65,-0.295803989154981,2.31));
#9039=VECTOR('',#9040,1.);
#9040=DIRECTION('',(0.,1.,0.));
#9041=CARTESIAN_POINT('',(12.404196010845,-0.0500000000000002,2.31));
#9042=AXIS2_PLACEMENT_3D('',#9043,#9044,#9045);
#9043=CARTESIAN_POINT('',(12.7,-1.41446705301519E-016,2.31));
#9044=DIRECTION('',(-6.12323399573677E-017,-6.12323399573677E-017,1.));
#9045=DIRECTION('',(-0.986013297183269,-0.166666666666666,-7.05812914085056E-017));
#9046=CARTESIAN_POINT('',(12.5063508326896,-0.0500000000000002,2.31));
#9047=VECTOR('',#9048,1.);
#9048=DIRECTION('',(-1.,-2.71701081891644E-016,0.));
#9049=CARTESIAN_POINT('',(12.404196010845,0.0499999999999998,2.31));
#9050=CARTESIAN_POINT('',(12.404196010845,0.0499999999999998,2.31));
#9051=VECTOR('',#9052,1.);
#9052=DIRECTION('',(1.,1.35850540945822E-016,0.));
#9053=CARTESIAN_POINT('',(12.65,0.295803989154981,2.31));
#9054=AXIS2_PLACEMENT_3D('',#9055,#9056,#9057);
#9055=CARTESIAN_POINT('',(12.7,-1.41446705301519E-016,2.31));
#9056=DIRECTION('',(-6.12323399573677E-017,-6.12323399573677E-017,1.));
#9057=DIRECTION('',(-0.166666666666669,0.986013297183269,5.01705114227162E-017));
#9058=CARTESIAN_POINT('',(12.65,0.193649167310371,2.31));
#9059=VECTOR('',#9060,1.);
#9060=DIRECTION('',(0.,1.,0.));
#9061=CARTESIAN_POINT('',(12.75,0.295803989154981,2.31));
#9062=CARTESIAN_POINT('',(12.75,0.295803989154981,2.31));
#9063=VECTOR('',#9064,1.);
#9064=DIRECTION('',(0.,-1.,0.));
#9065=CARTESIAN_POINT('',(12.995803989155,0.0499999999999998,2.31));
#9066=AXIS2_PLACEMENT_3D('',#9067,#9068,#9069);
#9067=CARTESIAN_POINT('',(12.7,-1.41446705301519E-016,2.31));
#9068=DIRECTION('',(-6.12323399573677E-017,-6.12323399573677E-017,1.));
#9069=DIRECTION('',(0.98601329718327,0.166666666666666,7.05812914085056E-017));
#9070=CARTESIAN_POINT('',(12.8936491673104,0.0499999999999999,2.31));
#9071=VECTOR('',#9072,1.);
#9072=DIRECTION('',(1.,1.35850540945822E-016,0.));
#9073=CARTESIAN_POINT('',(12.75,-0.295803989154981,2.31));
#9074=CARTESIAN_POINT('',(12.75,-0.301025521185515,2.34964384473188));
#9075=CARTESIAN_POINT('',(12.75,-0.312156942918088,2.43421841280823));
#9076=CARTESIAN_POINT('',(12.75,-0.328831911670456,2.56108317987234));
#9077=CARTESIAN_POINT('',(12.75,-0.347044989801346,2.69981247410225));
#9078=CARTESIAN_POINT('',(12.75,-0.365843059348265,2.84315388167322));
#9079=CARTESIAN_POINT('',(12.75,-0.391546087721717,3.03934224922334));
#9080=CARTESIAN_POINT('',(12.75,-0.413780872348217,3.20926356547537));
#9081=CARTESIAN_POINT('',(12.75,-0.444684054706295,3.44561045885609));
#9082=CARTESIAN_POINT('',(12.75,-0.46954297430891,3.63588974361329));
#9083=CARTESIAN_POINT('',(12.75,-0.491088921665498,3.80093052555564));
#9084=CARTESIAN_POINT('',(12.75,-0.497493718553311,3.85));
#9085=CARTESIAN_POINT('',(12.995803989155,-0.0500000000000001,2.31));
#9086=CARTESIAN_POINT('',(13.0010255211855,-0.0500000000000001,2.34964384473188));
#9087=CARTESIAN_POINT('',(13.0121569429181,-0.0500000000000001,2.43421841280822));
#9088=CARTESIAN_POINT('',(13.0288319116705,-0.0500000000000001,2.56108317987232));
#9089=CARTESIAN_POINT('',(13.0470449898013,-0.05,2.69981247410223));
#9090=CARTESIAN_POINT('',(13.0658430593483,-0.0500000000000002,2.84315388167319));
#9091=CARTESIAN_POINT('',(13.0915460877217,-0.0500000000000001,3.03934224922331));
#9092=CARTESIAN_POINT('',(13.1137808723482,-0.0500000000000001,3.20926356547533));
#9093=CARTESIAN_POINT('',(13.1446840547063,-0.0500000000000001,3.44561045885605));
#9094=CARTESIAN_POINT('',(13.1695429743089,-0.05,3.63588974361326));
#9095=CARTESIAN_POINT('',(13.1910889216655,-0.0500000000000001,3.80093052555563));
#9096=CARTESIAN_POINT('',(13.1974937185533,-0.0500000000000002,3.85));
#9097=CARTESIAN_POINT('',(12.65,-0.295803989154981,2.31));
#9098=CARTESIAN_POINT('',(12.65,-0.301025521185515,2.34964384473188));
#9099=CARTESIAN_POINT('',(12.65,-0.312156942918087,2.43421841280822));
#9100=CARTESIAN_POINT('',(12.65,-0.328831911670454,2.56108317987233));
#9101=CARTESIAN_POINT('',(12.65,-0.347044989801345,2.69981247410224));
#9102=CARTESIAN_POINT('',(12.65,-0.365843059348263,2.84315388167321));
#9103=CARTESIAN_POINT('',(12.65,-0.391546087721715,3.03934224922332));
#9104=CARTESIAN_POINT('',(12.65,-0.413780872348213,3.20926356547534));
#9105=CARTESIAN_POINT('',(12.65,-0.444684054706291,3.44561045885606));
#9106=CARTESIAN_POINT('',(12.65,-0.469542974308906,3.63588974361327));
#9107=CARTESIAN_POINT('',(12.65,-0.491088921665496,3.80093052555563));
#9108=CARTESIAN_POINT('',(12.65,-0.49749371855331,3.85));
#9109=CARTESIAN_POINT('',(12.404196010845,-0.0500000000000002,2.31));
#9110=CARTESIAN_POINT('',(12.3989744788145,-0.0500000000000002,2.34964384473188));
#9111=CARTESIAN_POINT('',(12.3878430570819,-0.0500000000000002,2.43421841280822));
#9112=CARTESIAN_POINT('',(12.3711680883296,-0.0500000000000002,2.56108317987232));
#9113=CARTESIAN_POINT('',(12.3529550101987,-0.0500000000000002,2.69981247410222));
#9114=CARTESIAN_POINT('',(12.3341569406517,-0.0500000000000003,2.84315388167318));
#9115=CARTESIAN_POINT('',(12.3084539122783,-0.0500000000000003,3.03934224922329));
#9116=CARTESIAN_POINT('',(12.2862191276518,-0.0500000000000003,3.2092635654753));
#9117=CARTESIAN_POINT('',(12.2553159452937,-0.0500000000000003,3.44561045885602));
#9118=CARTESIAN_POINT('',(12.2304570256911,-0.0500000000000004,3.63588974361324));
#9119=CARTESIAN_POINT('',(12.2089110783345,-0.0500000000000003,3.80093052555562));
#9120=CARTESIAN_POINT('',(12.2025062814467,-0.0500000000000003,3.85));
#9121=CARTESIAN_POINT('',(12.404196010845,0.0499999999999998,2.31));
#9122=CARTESIAN_POINT('',(12.3989744788145,0.0499999999999999,2.34964384473188));
#9123=CARTESIAN_POINT('',(12.3878430570819,0.0499999999999999,2.43421841280822));
#9124=CARTESIAN_POINT('',(12.3711680883295,0.0499999999999998,2.56108317987232));
#9125=CARTESIAN_POINT('',(12.3529550101987,0.0499999999999999,2.69981247410223));
#9126=CARTESIAN_POINT('',(12.3341569406517,0.0499999999999998,2.84315388167319));
#9127=CARTESIAN_POINT('',(12.3084539122783,0.0499999999999996,3.03934224922331));
#9128=CARTESIAN_POINT('',(12.2862191276518,0.0499999999999998,3.20926356547533));
#9129=CARTESIAN_POINT('',(12.2553159452937,0.0499999999999999,3.44561045885605));
#9130=CARTESIAN_POINT('',(12.2304570256911,0.0499999999999997,3.63588974361326));
#9131=CARTESIAN_POINT('',(12.2089110783345,0.0499999999999999,3.80093052555563));
#9132=CARTESIAN_POINT('',(12.2025062814467,0.05,3.85));
#9133=CARTESIAN_POINT('',(12.65,0.295803989154981,2.31));
#9134=CARTESIAN_POINT('',(12.65,0.301025521185514,2.34964384473188));
#9135=CARTESIAN_POINT('',(12.65,0.312156942918086,2.43421841280822));
#9136=CARTESIAN_POINT('',(12.65,0.328831911670452,2.56108317987231));
#9137=CARTESIAN_POINT('',(12.65,0.347044989801341,2.69981247410221));
#9138=CARTESIAN_POINT('',(12.65,0.365843059348257,2.84315388167317));
#9139=CARTESIAN_POINT('',(12.65,0.39154608772171,3.03934224922328));
#9140=CARTESIAN_POINT('',(12.65,0.413780872348205,3.20926356547529));
#9141=CARTESIAN_POINT('',(12.65,0.444684054706284,3.44561045885601));
#9142=CARTESIAN_POINT('',(12.65,0.4695429743089,3.63588974361322));
#9143=CARTESIAN_POINT('',(12.65,0.491088921665494,3.80093052555561));
#9144=CARTESIAN_POINT('',(12.65,0.49749371855331,3.85));
#9145=CARTESIAN_POINT('',(12.75,0.295803989154981,2.31));
#9146=CARTESIAN_POINT('',(12.75,0.301025521185515,2.34964384473188));
#9147=CARTESIAN_POINT('',(12.75,0.312156942918087,2.43421841280823));
#9148=CARTESIAN_POINT('',(12.75,0.328831911670455,2.56108317987233));
#9149=CARTESIAN_POINT('',(12.75,0.347044989801346,2.69981247410225));
#9150=CARTESIAN_POINT('',(12.75,0.365843059348265,2.84315388167322));
#9151=CARTESIAN_POINT('',(12.75,0.391546087721717,3.03934224922334));
#9152=CARTESIAN_POINT('',(12.75,0.413780872348216,3.20926356547537));
#9153=CARTESIAN_POINT('',(12.75,0.444684054706295,3.44561045885609));
#9154=CARTESIAN_POINT('',(12.75,0.469542974308909,3.63588974361329));
#9155=CARTESIAN_POINT('',(12.75,0.491088921665497,3.80093052555564));
#9156=CARTESIAN_POINT('',(12.75,0.49749371855331,3.85));
#9157=CARTESIAN_POINT('',(12.995803989155,0.0499999999999998,2.31));
#9158=CARTESIAN_POINT('',(13.0010255211855,0.0499999999999999,2.34964384473188));
#9159=CARTESIAN_POINT('',(13.0121569429181,0.05,2.43421841280822));
#9160=CARTESIAN_POINT('',(13.0288319116704,0.0499999999999998,2.56108317987232));
#9161=CARTESIAN_POINT('',(13.0470449898013,0.0499999999999999,2.69981247410222));
#9162=CARTESIAN_POINT('',(13.0658430593483,0.0499999999999999,2.84315388167318));
#9163=CARTESIAN_POINT('',(13.0915460877217,0.0499999999999999,3.0393422492233));
#9164=CARTESIAN_POINT('',(13.1137808723482,0.0499999999999999,3.20926356547531));
#9165=CARTESIAN_POINT('',(13.1446840547063,0.0499999999999999,3.44561045885603));
#9166=CARTESIAN_POINT('',(13.1695429743089,0.0499999999999998,3.63588974361324));
#9167=CARTESIAN_POINT('',(13.1910889216655,0.0499999999999999,3.80093052555562));
#9168=CARTESIAN_POINT('',(13.1974937185533,0.0499999999999999,3.85));
#9169=CARTESIAN_POINT('',(12.3031373033403,-0.0500000000000003,3.85));
#9170=VECTOR('',#9171,1.);
#9171=DIRECTION('',(-1.,-2.75815301219631E-016,0.));
#9172=CARTESIAN_POINT('',(12.2025062814467,0.0499999999999997,3.85));
#9173=VECTOR('',#9174,1.);
#9174=DIRECTION('',(1.,1.37907650609818E-016,0.));
#9175=CARTESIAN_POINT('',(12.75,-0.396862696659689,3.85));
#9176=VECTOR('',#9177,1.);
#9177=DIRECTION('',(0.,-1.,0.));
#9178=CARTESIAN_POINT('',(12.65,-0.49749371855331,3.85));
#9179=VECTOR('',#9180,1.);
#9180=DIRECTION('',(0.,1.,0.));
#9181=CARTESIAN_POINT('',(13.0968626966597,0.0499999999999998,3.85));
#9182=VECTOR('',#9183,1.);
#9183=DIRECTION('',(1.,1.37907650609818E-016,0.));
#9184=CARTESIAN_POINT('',(13.1974937185533,-0.0500000000000001,3.85));
#9185=VECTOR('',#9186,1.);
#9186=DIRECTION('',(-1.,-2.75815301219636E-016,0.));
#9187=CARTESIAN_POINT('',(12.65,0.396862696659689,3.85));
#9188=VECTOR('',#9189,1.);
#9189=DIRECTION('',(0.,1.,0.));
#9190=CARTESIAN_POINT('',(12.75,0.49749371855331,3.85));
#9191=VECTOR('',#9192,1.);
#9192=DIRECTION('',(0.,-1.,0.));
#9193=CARTESIAN_POINT('',(10.6574937185533,0.0499999999999998,3.85));
#9194=CARTESIAN_POINT('',(10.21,0.49749371855331,3.85));
#9195=AXIS2_PLACEMENT_3D('',#9196,#9197,#9198);
#9196=CARTESIAN_POINT('',(10.16,-2.35744508835866E-016,3.85));
#9197=DIRECTION('',(-6.12323399573677E-017,-6.12323399573677E-017,1.));
#9198=DIRECTION('',(0.99498743710662,0.100000000000001,6.70486429979594E-017));
#9199=CARTESIAN_POINT('',(10.11,0.49749371855331,3.85));
#9200=AXIS2_PLACEMENT_3D('',#9201,#9202,#9203);
#9201=CARTESIAN_POINT('',(10.16,-2.35744508835866E-016,3.85));
#9202=DIRECTION('',(-6.12323399573677E-017,-6.12323399573677E-017,1.));
#9203=DIRECTION('',(0.0999999999999978,0.99498743710662,6.70486429979592E-017));
#9204=CARTESIAN_POINT('',(9.66250628144669,0.05,3.85));
#9205=AXIS2_PLACEMENT_3D('',#9206,#9207,#9208);
#9206=CARTESIAN_POINT('',(10.16,-2.35744508835866E-016,3.85));
#9207=DIRECTION('',(-6.12323399573677E-017,-6.12323399573677E-017,1.));
#9208=DIRECTION('',(-0.100000000000001,0.99498743710662,5.48021750064857E-017));
#9209=CARTESIAN_POINT('',(9.66,-2.96976848793233E-016,3.85));
#9210=AXIS2_PLACEMENT_3D('',#9211,#9212,#9213);
#9211=CARTESIAN_POINT('',(10.16,-2.35744508835866E-016,3.85));
#9212=DIRECTION('',(-6.12323399573677E-017,-6.12323399573677E-017,1.));
#9213=DIRECTION('',(-0.99498743710662,0.1,-5.48021750064858E-017));
#9214=CARTESIAN_POINT('',(9.66250628144669,-0.0500000000000003,3.85));
#9215=AXIS2_PLACEMENT_3D('',#9216,#9217,#9218);
#9216=CARTESIAN_POINT('',(10.16,-2.35744508835866E-016,3.85));
#9217=DIRECTION('',(-6.12323399573677E-017,-6.12323399573677E-017,1.));
#9218=DIRECTION('',(-1.,-1.22464679914735E-016,-6.12323399573677E-017));
#9219=CARTESIAN_POINT('',(10.11,-0.49749371855331,3.85));
#9220=AXIS2_PLACEMENT_3D('',#9221,#9222,#9223);
#9221=CARTESIAN_POINT('',(10.16,-2.35744508835866E-016,3.85));
#9222=DIRECTION('',(-6.12323399573677E-017,-6.12323399573677E-017,1.));
#9223=DIRECTION('',(-0.99498743710662,-0.1,-6.70486429979593E-017));
#9224=CARTESIAN_POINT('',(10.21,-0.497493718553311,3.85));
#9225=AXIS2_PLACEMENT_3D('',#9226,#9227,#9228);
#9226=CARTESIAN_POINT('',(10.16,-2.35744508835866E-016,3.85));
#9227=DIRECTION('',(-6.12323399573677E-017,-6.12323399573677E-017,1.));
#9228=DIRECTION('',(-0.100000000000001,-0.99498743710662,-6.70486429979594E-017));
#9229=CARTESIAN_POINT('',(10.6574937185533,-0.0500000000000002,3.85));
#9230=AXIS2_PLACEMENT_3D('',#9231,#9232,#9233);
#9231=CARTESIAN_POINT('',(10.16,-2.35744508835866E-016,3.85));
#9232=DIRECTION('',(-6.12323399573677E-017,-6.12323399573677E-017,1.));
#9233=DIRECTION('',(0.0999999999999978,-0.99498743710662,-5.48021750064859E-017));
#9234=AXIS2_PLACEMENT_3D('',#9235,#9236,#9237);
#9235=CARTESIAN_POINT('',(10.16,-2.35744508835866E-016,3.85));
#9236=DIRECTION('',(-6.12323399573677E-017,-6.12323399573677E-017,1.));
#9237=DIRECTION('',(0.99498743710662,-0.1,5.48021750064858E-017));
#9238=CARTESIAN_POINT('',(9.66,-3.27593018771917E-016,4.35));
#9239=AXIS2_PLACEMENT_3D('',#9240,#9241,#9242);
#9240=CARTESIAN_POINT('',(10.16,-2.66360678814549E-016,4.35));
#9241=DIRECTION('',(-6.12323399573677E-017,-6.12323399573677E-017,1.));
#9242=DIRECTION('',(-1.,-1.22464679914735E-016,-6.12323399573677E-017));
#9243=CARTESIAN_POINT('',(9.76313730334031,-0.0500000000000003,3.85));
#9244=CARTESIAN_POINT('',(9.76,-2.8473038080176E-016,3.85));
#9245=AXIS2_PLACEMENT_3D('',#9246,#9247,#9248);
#9246=CARTESIAN_POINT('',(10.16,-2.35744508835865E-016,3.85));
#9247=DIRECTION('',(-6.12323399573677E-017,-6.12323399573677E-017,1.));
#9248=DIRECTION('',(-1.,-1.22464679914735E-016,-6.12323399573677E-017));
#9249=CARTESIAN_POINT('',(9.76313730334031,-0.0500000000000003,3.85));
#9250=VECTOR('',#9251,1.);
#9251=DIRECTION('',(-1.,-2.75815301219631E-016,0.));
#9252=CARTESIAN_POINT('',(9.76313730334031,0.0499999999999998,3.85));
#9253=CARTESIAN_POINT('',(9.66250628144669,0.0499999999999997,3.85));
#9254=VECTOR('',#9255,1.);
#9255=DIRECTION('',(1.,1.37907650609818E-016,0.));
#9256=AXIS2_PLACEMENT_3D('',#9257,#9258,#9259);
#9257=CARTESIAN_POINT('',(10.16,-2.35744508835865E-016,3.85));
#9258=DIRECTION('',(-6.12323399573677E-017,-6.12323399573677E-017,1.));
#9259=DIRECTION('',(-0.992156741649221,0.125,-5.30980364009884E-017));
#9260=CARTESIAN_POINT('',(10.11,-0.295803989154981,2.31));
#9261=CARTESIAN_POINT('',(10.11,-0.295803989154981,2.31));
#9262=CARTESIAN_POINT('',(10.11,-0.301025521185515,2.34964384473188));
#9263=CARTESIAN_POINT('',(10.11,-0.312156942918087,2.43421841280822));
#9264=CARTESIAN_POINT('',(10.11,-0.328831911670454,2.56108317987233));
#9265=CARTESIAN_POINT('',(10.11,-0.347044989801345,2.69981247410224));
#9266=CARTESIAN_POINT('',(10.11,-0.365843059348263,2.84315388167321));
#9267=CARTESIAN_POINT('',(10.11,-0.391546087721715,3.03934224922332));
#9268=CARTESIAN_POINT('',(10.11,-0.413780872348213,3.20926356547534));
#9269=CARTESIAN_POINT('',(10.11,-0.444684054706291,3.44561045885606));
#9270=CARTESIAN_POINT('',(10.11,-0.469542974308906,3.63588974361327));
#9271=CARTESIAN_POINT('',(10.11,-0.491088921665496,3.80093052555563));
#9272=CARTESIAN_POINT('',(10.11,-0.49749371855331,3.85));
#9273=CARTESIAN_POINT('',(9.86419601084502,-0.0500000000000002,2.31));
#9274=CARTESIAN_POINT('',(9.86419601084502,-0.0500000000000002,2.31));
#9275=CARTESIAN_POINT('',(9.85897447881449,-0.0500000000000002,2.34964384473188));
#9276=CARTESIAN_POINT('',(9.84784305708191,-0.0500000000000002,2.43421841280822));
#9277=CARTESIAN_POINT('',(9.83116808832955,-0.0500000000000002,2.56108317987232));
#9278=CARTESIAN_POINT('',(9.81295501019865,-0.0500000000000002,2.69981247410222));
#9279=CARTESIAN_POINT('',(9.79415694065174,-0.0500000000000003,2.84315388167318));
#9280=CARTESIAN_POINT('',(9.76845391227829,-0.0500000000000003,3.03934224922329));
#9281=CARTESIAN_POINT('',(9.74621912765179,-0.0500000000000003,3.2092635654753));
#9282=CARTESIAN_POINT('',(9.71531594529372,-0.0500000000000003,3.44561045885602));
#9283=CARTESIAN_POINT('',(9.6904570256911,-0.0500000000000004,3.63588974361324));
#9284=CARTESIAN_POINT('',(9.6689110783345,-0.0500000000000003,3.80093052555562));
#9285=CARTESIAN_POINT('',(9.66250628144669,-0.0500000000000003,3.85));
#9286=AXIS2_PLACEMENT_3D('',#9287,#9288,#9289);
#9287=CARTESIAN_POINT('',(10.16,-1.41446705301519E-016,2.31));
#9288=DIRECTION('',(-6.12323399573677E-017,-6.12323399573677E-017,1.));
#9289=DIRECTION('',(-0.986013297183269,-0.166666666666666,-7.05812914085056E-017));
#9290=CARTESIAN_POINT('',(10.21,-0.396862696659689,3.85));
#9291=CARTESIAN_POINT('',(10.11,-0.396862696659689,3.85));
#9292=AXIS2_PLACEMENT_3D('',#9293,#9294,#9295);
#9293=CARTESIAN_POINT('',(10.16,-2.35744508835865E-016,3.85));
#9294=DIRECTION('',(-6.12323399573677E-017,-6.12323399573677E-017,1.));
#9295=DIRECTION('',(-0.125000000000002,-0.992156741649221,-6.84061213903304E-017));
#9296=CARTESIAN_POINT('',(10.21,-0.396862696659689,3.85));
#9297=VECTOR('',#9298,1.);
#9298=DIRECTION('',(0.,-1.,0.));
#9299=CARTESIAN_POINT('',(10.11,-0.49749371855331,3.85));
#9300=VECTOR('',#9301,1.);
#9301=DIRECTION('',(0.,1.,0.));
#9302=CARTESIAN_POINT('',(10.21,-0.295803989154981,2.31));
#9303=CARTESIAN_POINT('',(10.21,-0.295803989154981,2.31));
#9304=CARTESIAN_POINT('',(10.21,-0.301025521185515,2.34964384473188));
#9305=CARTESIAN_POINT('',(10.21,-0.312156942918088,2.43421841280823));
#9306=CARTESIAN_POINT('',(10.21,-0.328831911670456,2.56108317987234));
#9307=CARTESIAN_POINT('',(10.21,-0.347044989801346,2.69981247410225));
#9308=CARTESIAN_POINT('',(10.21,-0.365843059348265,2.84315388167322));
#9309=CARTESIAN_POINT('',(10.21,-0.391546087721717,3.03934224922334));
#9310=CARTESIAN_POINT('',(10.21,-0.413780872348217,3.20926356547537));
#9311=CARTESIAN_POINT('',(10.21,-0.444684054706295,3.44561045885609));
#9312=CARTESIAN_POINT('',(10.21,-0.46954297430891,3.63588974361329));
#9313=CARTESIAN_POINT('',(10.21,-0.491088921665498,3.80093052555564));
#9314=CARTESIAN_POINT('',(10.21,-0.497493718553311,3.85));
#9315=CARTESIAN_POINT('',(10.455803989155,-0.05,2.31));
#9316=AXIS2_PLACEMENT_3D('',#9317,#9318,#9319);
#9317=CARTESIAN_POINT('',(10.16,-1.41446705301519E-016,2.31));
#9318=DIRECTION('',(-6.12323399573677E-017,-6.12323399573677E-017,1.));
#9319=DIRECTION('',(0.166666666666663,-0.98601329718327,-5.01705114227166E-017));
#9320=CARTESIAN_POINT('',(10.455803989155,-0.0500000000000001,2.31));
#9321=CARTESIAN_POINT('',(10.4610255211855,-0.0500000000000001,2.34964384473188));
#9322=CARTESIAN_POINT('',(10.4721569429181,-0.0500000000000001,2.43421841280822));
#9323=CARTESIAN_POINT('',(10.4888319116705,-0.0500000000000001,2.56108317987232));
#9324=CARTESIAN_POINT('',(10.5070449898013,-0.05,2.69981247410223));
#9325=CARTESIAN_POINT('',(10.5258430593483,-0.0500000000000002,2.84315388167319));
#9326=CARTESIAN_POINT('',(10.5515460877217,-0.0500000000000001,3.03934224922331));
#9327=CARTESIAN_POINT('',(10.5737808723482,-0.0500000000000001,3.20926356547533));
#9328=CARTESIAN_POINT('',(10.6046840547063,-0.0500000000000001,3.44561045885605));
#9329=CARTESIAN_POINT('',(10.6295429743089,-0.05,3.63588974361326));
#9330=CARTESIAN_POINT('',(10.6510889216655,-0.0500000000000001,3.80093052555563));
#9331=CARTESIAN_POINT('',(10.6574937185533,-0.0500000000000002,3.85));
#9332=CARTESIAN_POINT('',(10.5568626966597,0.05,3.85));
#9333=CARTESIAN_POINT('',(10.5568626966597,-0.0500000000000001,3.85));
#9334=AXIS2_PLACEMENT_3D('',#9335,#9336,#9337);
#9335=CARTESIAN_POINT('',(10.16,-2.35744508835865E-016,3.85));
#9336=DIRECTION('',(-6.12323399573677E-017,-6.12323399573677E-017,1.));
#9337=DIRECTION('',(0.992156741649221,-0.125,5.30980364009884E-017));
#9338=CARTESIAN_POINT('',(10.5568626966597,0.0499999999999998,3.85));
#9339=VECTOR('',#9340,1.);
#9340=DIRECTION('',(1.,1.37907650609818E-016,0.));
#9341=CARTESIAN_POINT('',(10.6574937185533,-0.0500000000000001,3.85));
#9342=VECTOR('',#9343,1.);
#9343=DIRECTION('',(-1.,-2.75815301219636E-016,0.));
#9344=CARTESIAN_POINT('',(10.21,0.295803989154981,2.31));
#9345=CARTESIAN_POINT('',(10.21,0.295803989154981,2.31));
#9346=CARTESIAN_POINT('',(10.21,0.301025521185515,2.34964384473188));
#9347=CARTESIAN_POINT('',(10.21,0.312156942918087,2.43421841280823));
#9348=CARTESIAN_POINT('',(10.21,0.328831911670455,2.56108317987233));
#9349=CARTESIAN_POINT('',(10.21,0.347044989801346,2.69981247410225));
#9350=CARTESIAN_POINT('',(10.21,0.365843059348265,2.84315388167322));
#9351=CARTESIAN_POINT('',(10.21,0.391546087721717,3.03934224922334));
#9352=CARTESIAN_POINT('',(10.21,0.413780872348216,3.20926356547537));
#9353=CARTESIAN_POINT('',(10.21,0.444684054706295,3.44561045885609));
#9354=CARTESIAN_POINT('',(10.21,0.469542974308909,3.63588974361329));
#9355=CARTESIAN_POINT('',(10.21,0.491088921665497,3.80093052555564));
#9356=CARTESIAN_POINT('',(10.21,0.49749371855331,3.85));
#9357=CARTESIAN_POINT('',(10.455803989155,0.0499999999999998,2.31));
#9358=CARTESIAN_POINT('',(10.455803989155,0.0499999999999998,2.31));
#9359=CARTESIAN_POINT('',(10.4610255211855,0.0499999999999999,2.34964384473188));
#9360=CARTESIAN_POINT('',(10.4721569429181,0.05,2.43421841280822));
#9361=CARTESIAN_POINT('',(10.4888319116705,0.0499999999999998,2.56108317987232));
#9362=CARTESIAN_POINT('',(10.5070449898013,0.0499999999999999,2.69981247410222));
#9363=CARTESIAN_POINT('',(10.5258430593483,0.0499999999999999,2.84315388167318));
#9364=CARTESIAN_POINT('',(10.5515460877217,0.0499999999999999,3.0393422492233));
#9365=CARTESIAN_POINT('',(10.5737808723482,0.0499999999999999,3.20926356547531));
#9366=CARTESIAN_POINT('',(10.6046840547063,0.0499999999999999,3.44561045885603));
#9367=CARTESIAN_POINT('',(10.6295429743089,0.0499999999999998,3.63588974361324));
#9368=CARTESIAN_POINT('',(10.6510889216655,0.0499999999999999,3.80093052555562));
#9369=CARTESIAN_POINT('',(10.6574937185533,0.0499999999999999,3.85));
#9370=AXIS2_PLACEMENT_3D('',#9371,#9372,#9373);
#9371=CARTESIAN_POINT('',(10.16,-1.41446705301519E-016,2.31));
#9372=DIRECTION('',(-6.12323399573677E-017,-6.12323399573677E-017,1.));
#9373=DIRECTION('',(0.98601329718327,0.166666666666666,7.05812914085056E-017));
#9374=CARTESIAN_POINT('',(10.11,0.396862696659689,3.85));
#9375=CARTESIAN_POINT('',(10.21,0.396862696659689,3.85));
#9376=AXIS2_PLACEMENT_3D('',#9377,#9378,#9379);
#9377=CARTESIAN_POINT('',(10.16,-2.35744508835865E-016,3.85));
#9378=DIRECTION('',(-6.12323399573677E-017,-6.12323399573677E-017,1.));
#9379=DIRECTION('',(0.124999999999997,0.992156741649222,6.84061213903302E-017));
#9380=CARTESIAN_POINT('',(10.11,0.396862696659689,3.85));
#9381=VECTOR('',#9382,1.);
#9382=DIRECTION('',(0.,1.,0.));
#9383=CARTESIAN_POINT('',(10.21,0.49749371855331,3.85));
#9384=VECTOR('',#9385,1.);
#9385=DIRECTION('',(0.,-1.,0.));
#9386=CARTESIAN_POINT('',(9.86419601084502,0.0499999999999998,2.31));
#9387=CARTESIAN_POINT('',(9.86419601084502,0.0499999999999998,2.31));
#9388=CARTESIAN_POINT('',(9.85897447881448,0.0499999999999999,2.34964384473188));
#9389=CARTESIAN_POINT('',(9.84784305708191,0.0499999999999999,2.43421841280822));
#9390=CARTESIAN_POINT('',(9.83116808832955,0.0499999999999998,2.56108317987232));
#9391=CARTESIAN_POINT('',(9.81295501019865,0.0499999999999999,2.69981247410223));
#9392=CARTESIAN_POINT('',(9.79415694065174,0.0499999999999998,2.84315388167319));
#9393=CARTESIAN_POINT('',(9.76845391227829,0.0499999999999996,3.03934224922331));
#9394=CARTESIAN_POINT('',(9.74621912765179,0.0499999999999998,3.20926356547533));
#9395=CARTESIAN_POINT('',(9.71531594529371,0.0499999999999999,3.44561045885605));
#9396=CARTESIAN_POINT('',(9.69045702569109,0.0499999999999997,3.63588974361326));
#9397=CARTESIAN_POINT('',(9.6689110783345,0.0499999999999999,3.80093052555563));
#9398=CARTESIAN_POINT('',(9.66250628144669,0.05,3.85));
#9399=CARTESIAN_POINT('',(10.11,0.295803989154981,2.31));
#9400=CARTESIAN_POINT('',(10.11,0.295803989154981,2.31));
#9401=CARTESIAN_POINT('',(10.11,0.301025521185514,2.34964384473188));
#9402=CARTESIAN_POINT('',(10.11,0.312156942918086,2.43421841280822));
#9403=CARTESIAN_POINT('',(10.11,0.328831911670452,2.56108317987231));
#9404=CARTESIAN_POINT('',(10.11,0.347044989801341,2.69981247410221));
#9405=CARTESIAN_POINT('',(10.11,0.365843059348257,2.84315388167317));
#9406=CARTESIAN_POINT('',(10.11,0.39154608772171,3.03934224922328));
#9407=CARTESIAN_POINT('',(10.11,0.413780872348205,3.20926356547529));
#9408=CARTESIAN_POINT('',(10.11,0.444684054706284,3.44561045885601));
#9409=CARTESIAN_POINT('',(10.11,0.4695429743089,3.63588974361322));
#9410=CARTESIAN_POINT('',(10.11,0.491088921665494,3.80093052555561));
#9411=CARTESIAN_POINT('',(10.11,0.49749371855331,3.85));
#9412=AXIS2_PLACEMENT_3D('',#9413,#9414,#9415);
#9413=CARTESIAN_POINT('',(10.16,-1.41446705301519E-016,2.31));
#9414=DIRECTION('',(-6.12323399573677E-017,-6.12323399573677E-017,1.));
#9415=DIRECTION('',(-0.166666666666669,0.986013297183269,5.01705114227162E-017));
#9416=CARTESIAN_POINT('',(9.76,-3.15346550780443E-016,4.35));
#9417=AXIS2_PLACEMENT_3D('',#9418,#9419,#9420);
#9418=CARTESIAN_POINT('',(10.16,-2.66360678814549E-016,4.35));
#9419=DIRECTION('',(-6.12323399573677E-017,-6.12323399573677E-017,1.));
#9420=DIRECTION('',(-1.,-1.22464679914735E-016,-6.12323399573677E-017));
#9421=AXIS2_PLACEMENT_3D('',#9422,#9423,#9424);
#9422=CARTESIAN_POINT('',(10.16,-2.35744508835866E-016,3.85));
#9423=DIRECTION('',(-6.12323399573677E-017,-6.12323399573677E-017,1.));
#9424=DIRECTION('',(0.124999999999997,-0.992156741649222,-5.30980364009886E-017));
#9425=AXIS2_PLACEMENT_3D('',#9426,#9427,#9428);
#9426=CARTESIAN_POINT('',(10.16,-2.35744508835866E-016,3.85));
#9427=DIRECTION('',(-6.12323399573677E-017,-6.12323399573677E-017,1.));
#9428=DIRECTION('',(-0.992156741649221,-0.125,-6.84061213903303E-017));
#9429=AXIS2_PLACEMENT_3D('',#9430,#9431,#9432);
#9430=CARTESIAN_POINT('',(10.16,-2.35744508835866E-016,3.85));
#9431=DIRECTION('',(-6.12323399573677E-017,-6.12323399573677E-017,1.));
#9432=DIRECTION('',(-0.125000000000002,0.992156741649221,5.30980364009883E-017));
#9433=AXIS2_PLACEMENT_3D('',#9434,#9435,#9436);
#9434=CARTESIAN_POINT('',(10.16,-2.35744508835866E-016,3.85));
#9435=DIRECTION('',(-6.12323399573677E-017,-6.12323399573677E-017,1.));
#9436=DIRECTION('',(0.992156741649221,0.125000000000001,6.84061213903304E-017));
#9437=CARTESIAN_POINT('',(9.96635083268963,-0.0500000000000002,2.31));
#9438=CARTESIAN_POINT('',(9.96635083268963,-0.0500000000000002,2.31));
#9439=CARTESIAN_POINT('',(9.96182978631674,-0.0500000000000002,2.343708224457));
#9440=CARTESIAN_POINT('',(9.95220476943939,-0.0500000000000002,2.41562176462789));
#9441=CARTESIAN_POINT('',(9.93782179098877,-0.0500000000000002,2.52349936228765));
#9442=CARTESIAN_POINT('',(9.92148598919746,-0.0500000000000002,2.64641343980263));
#9443=CARTESIAN_POINT('',(9.90435176461198,-0.0500000000000002,2.7757257643501));
#9444=CARTESIAN_POINT('',(9.87826770455793,-0.0500000000000003,2.97310354510228));
#9445=CARTESIAN_POINT('',(9.85728945900385,-0.0500000000000003,3.13238975249258));
#9446=CARTESIAN_POINT('',(9.82517237623166,-0.0500000000000002,3.37667335236504));
#9447=CARTESIAN_POINT('',(9.79787132596536,-0.0500000000000003,3.58474739605039));
#9448=CARTESIAN_POINT('',(9.77201526073406,-0.0500000000000003,3.78217831015546));
#9449=CARTESIAN_POINT('',(9.76313730334031,-0.0500000000000003,3.85));
#9450=CARTESIAN_POINT('',(9.96635083268963,-0.0500000000000002,2.31));
#9451=VECTOR('',#9452,1.);
#9452=DIRECTION('',(-1.,-2.71701081891644E-016,0.));
#9453=CARTESIAN_POINT('',(9.96635083268963,0.0499999999999998,2.31));
#9454=CARTESIAN_POINT('',(9.86419601084502,0.0499999999999998,2.31));
#9455=VECTOR('',#9456,1.);
#9456=DIRECTION('',(1.,1.35850540945822E-016,0.));
#9457=CARTESIAN_POINT('',(9.96635083268963,0.0499999999999998,2.31));
#9458=CARTESIAN_POINT('',(9.96182978631674,0.0499999999999999,2.343708224457));
#9459=CARTESIAN_POINT('',(9.95220476943939,0.0499999999999999,2.41562176462789));
#9460=CARTESIAN_POINT('',(9.93782179098877,0.0499999999999999,2.52349936228765));
#9461=CARTESIAN_POINT('',(9.92148598919746,0.0499999999999999,2.64641343980263));
#9462=CARTESIAN_POINT('',(9.90435176461198,0.0499999999999998,2.7757257643501));
#9463=CARTESIAN_POINT('',(9.87826770455794,0.0499999999999999,2.97310354510228));
#9464=CARTESIAN_POINT('',(9.85728945900383,0.0499999999999998,3.13238975249258));
#9465=CARTESIAN_POINT('',(9.82517237623168,0.0499999999999996,3.37667335236505));
#9466=CARTESIAN_POINT('',(9.79787132596536,0.0499999999999998,3.58474739605038));
#9467=CARTESIAN_POINT('',(9.77201526073406,0.0499999999999999,3.78217831015546));
#9468=CARTESIAN_POINT('',(9.76313730334031,0.0499999999999998,3.85));
#9469=CARTESIAN_POINT('',(10.11,-0.193649167310371,2.31));
#9470=CARTESIAN_POINT('',(10.11,-0.295803989154981,2.31));
#9471=VECTOR('',#9472,1.);
#9472=DIRECTION('',(0.,1.,0.));
#9473=CARTESIAN_POINT('',(10.11,-0.193649167310371,2.31));
#9474=CARTESIAN_POINT('',(10.11,-0.19817021368326,2.343708224457));
#9475=CARTESIAN_POINT('',(10.11,-0.207795230560617,2.41562176462789));
#9476=CARTESIAN_POINT('',(10.11,-0.222178209011234,2.52349936228766));
#9477=CARTESIAN_POINT('',(10.11,-0.238514010802539,2.64641343980264));
#9478=CARTESIAN_POINT('',(10.11,-0.255648235388014,2.77572576435011));
#9479=CARTESIAN_POINT('',(10.11,-0.281732295442074,2.97310354510229));
#9480=CARTESIAN_POINT('',(10.11,-0.302710540996162,3.1323897524926));
#9481=CARTESIAN_POINT('',(10.11,-0.334827623768332,3.37667335236507));
#9482=CARTESIAN_POINT('',(10.11,-0.362128674034641,3.58474739605041));
#9483=CARTESIAN_POINT('',(10.11,-0.387984739265941,3.78217831015547));
#9484=CARTESIAN_POINT('',(10.11,-0.396862696659689,3.85));
#9485=AXIS2_PLACEMENT_3D('',#9486,#9487,#9488);
#9486=CARTESIAN_POINT('',(10.16,-1.41446705301519E-016,2.31));
#9487=DIRECTION('',(-6.12323399573677E-017,-6.12323399573677E-017,1.));
#9488=DIRECTION('',(-0.968245836551854,-0.25,-7.4596043215391E-017));
#9489=CARTESIAN_POINT('',(10.21,-0.193649167310372,2.31));
#9490=CARTESIAN_POINT('',(10.21,-0.193649167310372,2.31));
#9491=CARTESIAN_POINT('',(10.21,-0.19817021368326,2.343708224457));
#9492=CARTESIAN_POINT('',(10.21,-0.207795230560617,2.41562176462789));
#9493=CARTESIAN_POINT('',(10.21,-0.222178209011234,2.52349936228765));
#9494=CARTESIAN_POINT('',(10.21,-0.238514010802538,2.64641343980263));
#9495=CARTESIAN_POINT('',(10.21,-0.255648235388014,2.7757257643501));
#9496=CARTESIAN_POINT('',(10.21,-0.281732295442072,2.97310354510227));
#9497=CARTESIAN_POINT('',(10.21,-0.30271054099616,3.13238975249258));
#9498=CARTESIAN_POINT('',(10.21,-0.33482762376833,3.37667335236505));
#9499=CARTESIAN_POINT('',(10.21,-0.362128674034639,3.58474739605039));
#9500=CARTESIAN_POINT('',(10.21,-0.38798473926594,3.78217831015547));
#9501=CARTESIAN_POINT('',(10.21,-0.396862696659689,3.85));
#9502=CARTESIAN_POINT('',(10.21,-0.193649167310372,2.31));
#9503=VECTOR('',#9504,1.);
#9504=DIRECTION('',(0.,-1.,0.));
#9505=CARTESIAN_POINT('',(10.3536491673104,-0.0500000000000001,2.31));
#9506=AXIS2_PLACEMENT_3D('',#9507,#9508,#9509);
#9507=CARTESIAN_POINT('',(10.16,-1.41446705301519E-016,2.31));
#9508=DIRECTION('',(-6.12323399573677E-017,-6.12323399573677E-017,1.));
#9509=DIRECTION('',(0.249999999999994,-0.968245836551856,-4.39798732367075E-017));
#9510=CARTESIAN_POINT('',(10.455803989155,-0.0500000000000001,2.31));
#9511=VECTOR('',#9512,1.);
#9512=DIRECTION('',(-1.,-2.71701081891644E-016,0.));
#9513=CARTESIAN_POINT('',(10.3536491673104,-0.0500000000000001,2.31));
#9514=CARTESIAN_POINT('',(10.3581702136833,-0.0500000000000001,2.343708224457));
#9515=CARTESIAN_POINT('',(10.3677952305606,-0.0500000000000001,2.41562176462789));
#9516=CARTESIAN_POINT('',(10.3821782090112,-0.0500000000000001,2.52349936228766));
#9517=CARTESIAN_POINT('',(10.3985140108025,-0.0500000000000001,2.64641343980264));
#9518=CARTESIAN_POINT('',(10.415648235388,-0.0500000000000001,2.77572576435011));
#9519=CARTESIAN_POINT('',(10.4417322954421,-0.0500000000000002,2.97310354510229));
#9520=CARTESIAN_POINT('',(10.4627105409962,-0.0500000000000001,3.1323897524926));
#9521=CARTESIAN_POINT('',(10.4948276237683,-0.0500000000000002,3.37667335236506));
#9522=CARTESIAN_POINT('',(10.5221286740346,-0.0500000000000002,3.58474739605041));
#9523=CARTESIAN_POINT('',(10.5479847392659,-0.0500000000000001,3.78217831015547));
#9524=CARTESIAN_POINT('',(10.5568626966597,-0.0500000000000001,3.85));
#9525=CARTESIAN_POINT('',(10.3536491673104,0.0499999999999998,2.31));
#9526=CARTESIAN_POINT('',(10.3536491673104,0.0499999999999998,2.31));
#9527=CARTESIAN_POINT('',(10.3581702136833,0.0499999999999999,2.343708224457));
#9528=CARTESIAN_POINT('',(10.3677952305606,0.0499999999999999,2.41562176462789));
#9529=CARTESIAN_POINT('',(10.3821782090112,0.0499999999999999,2.52349936228765));
#9530=CARTESIAN_POINT('',(10.3985140108025,0.0499999999999999,2.64641343980263));
#9531=CARTESIAN_POINT('',(10.415648235388,0.0499999999999998,2.7757257643501));
#9532=CARTESIAN_POINT('',(10.4417322954421,0.0499999999999999,2.97310354510228));
#9533=CARTESIAN_POINT('',(10.4627105409962,0.0499999999999997,3.13238975249258));
#9534=CARTESIAN_POINT('',(10.4948276237683,0.05,3.37667335236505));
#9535=CARTESIAN_POINT('',(10.5221286740346,0.0499999999999998,3.58474739605038));
#9536=CARTESIAN_POINT('',(10.5479847392659,0.0499999999999999,3.78217831015546));
#9537=CARTESIAN_POINT('',(10.5568626966597,0.05,3.85));
#9538=CARTESIAN_POINT('',(10.3536491673104,0.0499999999999999,2.31));
#9539=VECTOR('',#9540,1.);
#9540=DIRECTION('',(1.,1.35850540945822E-016,0.));
#9541=CARTESIAN_POINT('',(10.21,0.193649167310371,2.31));
#9542=CARTESIAN_POINT('',(10.21,0.295803989154981,2.31));
#9543=VECTOR('',#9544,1.);
#9544=DIRECTION('',(0.,-1.,0.));
#9545=CARTESIAN_POINT('',(10.21,0.193649167310371,2.31));
#9546=CARTESIAN_POINT('',(10.21,0.19817021368326,2.343708224457));
#9547=CARTESIAN_POINT('',(10.21,0.207795230560617,2.41562176462789));
#9548=CARTESIAN_POINT('',(10.21,0.222178209011233,2.52349936228765));
#9549=CARTESIAN_POINT('',(10.21,0.238514010802538,2.64641343980263));
#9550=CARTESIAN_POINT('',(10.21,0.255648235388013,2.7757257643501));
#9551=CARTESIAN_POINT('',(10.21,0.281732295442072,2.97310354510227));
#9552=CARTESIAN_POINT('',(10.21,0.30271054099616,3.13238975249259));
#9553=CARTESIAN_POINT('',(10.21,0.33482762376833,3.37667335236505));
#9554=CARTESIAN_POINT('',(10.21,0.362128674034639,3.58474739605039));
#9555=CARTESIAN_POINT('',(10.21,0.38798473926594,3.78217831015547));
#9556=CARTESIAN_POINT('',(10.21,0.396862696659689,3.85));
#9557=AXIS2_PLACEMENT_3D('',#9558,#9559,#9560);
#9558=CARTESIAN_POINT('',(10.16,-1.41446705301519E-016,2.31));
#9559=DIRECTION('',(-6.12323399573677E-017,-6.12323399573677E-017,1.));
#9560=DIRECTION('',(0.968245836551854,0.25,7.45960432153909E-017));
#9561=CARTESIAN_POINT('',(10.11,0.193649167310371,2.31));
#9562=CARTESIAN_POINT('',(10.11,0.193649167310371,2.31));
#9563=CARTESIAN_POINT('',(10.11,0.198170213683259,2.343708224457));
#9564=CARTESIAN_POINT('',(10.11,0.207795230560616,2.41562176462789));
#9565=CARTESIAN_POINT('',(10.11,0.222178209011233,2.52349936228765));
#9566=CARTESIAN_POINT('',(10.11,0.238514010802536,2.64641343980263));
#9567=CARTESIAN_POINT('',(10.11,0.255648235388012,2.77572576435009));
#9568=CARTESIAN_POINT('',(10.11,0.28173229544207,2.97310354510226));
#9569=CARTESIAN_POINT('',(10.11,0.302710540996158,3.13238975249257));
#9570=CARTESIAN_POINT('',(10.11,0.334827623768326,3.37667335236503));
#9571=CARTESIAN_POINT('',(10.11,0.362128674034635,3.58474739605037));
#9572=CARTESIAN_POINT('',(10.11,0.387984739265938,3.78217831015546));
#9573=CARTESIAN_POINT('',(10.11,0.396862696659689,3.85));
#9574=CARTESIAN_POINT('',(10.11,0.193649167310371,2.31));
#9575=VECTOR('',#9576,1.);
#9576=DIRECTION('',(0.,1.,0.));
#9577=AXIS2_PLACEMENT_3D('',#9578,#9579,#9580);
#9578=CARTESIAN_POINT('',(10.16,-1.41446705301519E-016,2.31));
#9579=DIRECTION('',(-6.12323399573677E-017,-6.12323399573677E-017,1.));
#9580=DIRECTION('',(-0.250000000000003,0.968245836551853,4.39798732367068E-017));
#9581=CARTESIAN_POINT('',(8.11749371855331,0.0499999999999997,3.85));
#9582=CARTESIAN_POINT('',(7.67,0.49749371855331,3.85));
#9583=AXIS2_PLACEMENT_3D('',#9584,#9585,#9586);
#9584=CARTESIAN_POINT('',(7.62,-2.35744508835866E-016,3.85));
#9585=DIRECTION('',(-6.12323399573677E-017,-6.12323399573677E-017,1.));
#9586=DIRECTION('',(0.99498743710662,0.0999999999999999,6.70486429979593E-017));
#9587=CARTESIAN_POINT('',(7.57,0.49749371855331,3.85));
#9588=AXIS2_PLACEMENT_3D('',#9589,#9590,#9591);
#9589=CARTESIAN_POINT('',(7.62,-2.35744508835866E-016,3.85));
#9590=DIRECTION('',(-6.12323399573677E-017,-6.12323399573677E-017,1.));
#9591=DIRECTION('',(0.0999999999999996,0.99498743710662,6.70486429979593E-017));
#9592=CARTESIAN_POINT('',(7.12250628144669,0.05,3.85));
#9593=AXIS2_PLACEMENT_3D('',#9594,#9595,#9596);
#9594=CARTESIAN_POINT('',(7.62,-2.35744508835866E-016,3.85));
#9595=DIRECTION('',(-6.12323399573677E-017,-6.12323399573677E-017,1.));
#9596=DIRECTION('',(-0.0999999999999996,0.99498743710662,5.48021750064858E-017));
#9597=CARTESIAN_POINT('',(7.12,-2.96976848793233E-016,3.85));
#9598=AXIS2_PLACEMENT_3D('',#9599,#9600,#9601);
#9599=CARTESIAN_POINT('',(7.62,-2.35744508835866E-016,3.85));
#9600=DIRECTION('',(-6.12323399573677E-017,-6.12323399573677E-017,1.));
#9601=DIRECTION('',(-0.99498743710662,0.1,-5.48021750064858E-017));
#9602=CARTESIAN_POINT('',(7.12250628144669,-0.0500000000000003,3.85));
#9603=AXIS2_PLACEMENT_3D('',#9604,#9605,#9606);
#9604=CARTESIAN_POINT('',(7.62,-2.35744508835866E-016,3.85));
#9605=DIRECTION('',(-6.12323399573677E-017,-6.12323399573677E-017,1.));
#9606=DIRECTION('',(-1.,-1.22464679914735E-016,-6.12323399573677E-017));
#9607=CARTESIAN_POINT('',(7.57,-0.49749371855331,3.85));
#9608=AXIS2_PLACEMENT_3D('',#9609,#9610,#9611);
#9609=CARTESIAN_POINT('',(7.62,-2.35744508835866E-016,3.85));
#9610=DIRECTION('',(-6.12323399573677E-017,-6.12323399573677E-017,1.));
#9611=DIRECTION('',(-0.99498743710662,-0.1,-6.70486429979593E-017));
#9612=CARTESIAN_POINT('',(7.67,-0.49749371855331,3.85));
#9613=AXIS2_PLACEMENT_3D('',#9614,#9615,#9616);
#9614=CARTESIAN_POINT('',(7.62,-2.35744508835866E-016,3.85));
#9615=DIRECTION('',(-6.12323399573677E-017,-6.12323399573677E-017,1.));
#9616=DIRECTION('',(-0.0999999999999996,-0.99498743710662,-6.70486429979593E-017));
#9617=CARTESIAN_POINT('',(8.11749371855331,-0.0499999999999999,3.85));
#9618=AXIS2_PLACEMENT_3D('',#9619,#9620,#9621);
#9619=CARTESIAN_POINT('',(7.62,-2.35744508835866E-016,3.85));
#9620=DIRECTION('',(-6.12323399573677E-017,-6.12323399573677E-017,1.));
#9621=DIRECTION('',(0.0999999999999996,-0.99498743710662,-5.48021750064858E-017));
#9622=AXIS2_PLACEMENT_3D('',#9623,#9624,#9625);
#9623=CARTESIAN_POINT('',(7.62,-2.35744508835866E-016,3.85));
#9624=DIRECTION('',(-6.12323399573677E-017,-6.12323399573677E-017,1.));
#9625=DIRECTION('',(0.99498743710662,-0.099999999999999,5.48021750064859E-017));
#9626=CARTESIAN_POINT('',(7.12,-3.27593018771917E-016,4.35));
#9627=AXIS2_PLACEMENT_3D('',#9628,#9629,#9630);
#9628=CARTESIAN_POINT('',(7.62,-2.66360678814549E-016,4.35));
#9629=DIRECTION('',(-6.12323399573677E-017,-6.12323399573677E-017,1.));
#9630=DIRECTION('',(-1.,-1.22464679914735E-016,-6.12323399573677E-017));
#9631=CARTESIAN_POINT('',(7.22313730334031,-0.0500000000000003,3.85));
#9632=CARTESIAN_POINT('',(7.22,-2.8473038080176E-016,3.85));
#9633=AXIS2_PLACEMENT_3D('',#9634,#9635,#9636);
#9634=CARTESIAN_POINT('',(7.62,-2.35744508835865E-016,3.85));
#9635=DIRECTION('',(-6.12323399573677E-017,-6.12323399573677E-017,1.));
#9636=DIRECTION('',(-1.,-1.22464679914735E-016,-6.12323399573677E-017));
#9637=CARTESIAN_POINT('',(7.22313730334031,-0.0500000000000003,3.85));
#9638=VECTOR('',#9639,1.);
#9639=DIRECTION('',(-1.,-2.75815301219639E-016,0.));
#9640=CARTESIAN_POINT('',(7.22313730334031,0.0499999999999998,3.85));
#9641=CARTESIAN_POINT('',(7.12250628144669,0.0499999999999997,3.85));
#9642=VECTOR('',#9643,1.);
#9643=DIRECTION('',(1.,1.37907650609818E-016,0.));
#9644=AXIS2_PLACEMENT_3D('',#9645,#9646,#9647);
#9645=CARTESIAN_POINT('',(7.62,-2.35744508835865E-016,3.85));
#9646=DIRECTION('',(-6.12323399573677E-017,-6.12323399573677E-017,1.));
#9647=DIRECTION('',(-0.992156741649221,0.125,-5.30980364009884E-017));
#9648=CARTESIAN_POINT('',(7.57,-0.295803989154981,2.31));
#9649=CARTESIAN_POINT('',(7.57,-0.295803989154981,2.31));
#9650=CARTESIAN_POINT('',(7.57,-0.301025521185515,2.34964384473188));
#9651=CARTESIAN_POINT('',(7.57,-0.312156942918087,2.43421841280822));
#9652=CARTESIAN_POINT('',(7.57,-0.328831911670453,2.56108317987232));
#9653=CARTESIAN_POINT('',(7.57,-0.347044989801343,2.69981247410222));
#9654=CARTESIAN_POINT('',(7.57,-0.365843059348261,2.84315388167319));
#9655=CARTESIAN_POINT('',(7.57,-0.391546087721713,3.0393422492233));
#9656=CARTESIAN_POINT('',(7.57,-0.41378087234821,3.20926356547532));
#9657=CARTESIAN_POINT('',(7.57,-0.444684054706288,3.44561045885604));
#9658=CARTESIAN_POINT('',(7.57,-0.469542974308905,3.63588974361325));
#9659=CARTESIAN_POINT('',(7.57,-0.491088921665495,3.80093052555562));
#9660=CARTESIAN_POINT('',(7.57,-0.49749371855331,3.85));
#9661=CARTESIAN_POINT('',(7.32419601084502,-0.0500000000000002,2.31));
#9662=CARTESIAN_POINT('',(7.32419601084502,-0.0500000000000002,2.31));
#9663=CARTESIAN_POINT('',(7.31897447881449,-0.0500000000000002,2.34964384473188));
#9664=CARTESIAN_POINT('',(7.30784305708191,-0.0500000000000002,2.43421841280822));
#9665=CARTESIAN_POINT('',(7.29116808832955,-0.0500000000000002,2.56108317987232));
#9666=CARTESIAN_POINT('',(7.27295501019866,-0.0500000000000002,2.69981247410222));
#9667=CARTESIAN_POINT('',(7.25415694065174,-0.0500000000000003,2.84315388167318));
#9668=CARTESIAN_POINT('',(7.22845391227829,-0.0500000000000003,3.03934224922329));
#9669=CARTESIAN_POINT('',(7.2062191276518,-0.0500000000000003,3.20926356547531));
#9670=CARTESIAN_POINT('',(7.17531594529371,-0.0500000000000003,3.44561045885602));
#9671=CARTESIAN_POINT('',(7.1504570256911,-0.0500000000000003,3.63588974361324));
#9672=CARTESIAN_POINT('',(7.12891107833451,-0.0500000000000003,3.80093052555562));
#9673=CARTESIAN_POINT('',(7.12250628144669,-0.0500000000000003,3.85));
#9674=AXIS2_PLACEMENT_3D('',#9675,#9676,#9677);
#9675=CARTESIAN_POINT('',(7.62,-1.41446705301519E-016,2.31));
#9676=DIRECTION('',(-6.12323399573677E-017,-6.12323399573677E-017,1.));
#9677=DIRECTION('',(-0.986013297183269,-0.166666666666666,-7.05812914085056E-017));
#9678=CARTESIAN_POINT('',(7.67,-0.396862696659689,3.85));
#9679=CARTESIAN_POINT('',(7.57,-0.396862696659689,3.85));
#9680=AXIS2_PLACEMENT_3D('',#9681,#9682,#9683);
#9681=CARTESIAN_POINT('',(7.62,-2.35744508835865E-016,3.85));
#9682=DIRECTION('',(-6.12323399573677E-017,-6.12323399573677E-017,1.));
#9683=DIRECTION('',(-0.124999999999999,-0.992156741649222,-6.84061213903303E-017));
#9684=CARTESIAN_POINT('',(7.67,-0.396862696659689,3.85));
#9685=VECTOR('',#9686,1.);
#9686=DIRECTION('',(0.,-1.,0.));
#9687=CARTESIAN_POINT('',(7.57,-0.49749371855331,3.85));
#9688=VECTOR('',#9689,1.);
#9689=DIRECTION('',(0.,1.,0.));
#9690=CARTESIAN_POINT('',(7.67,-0.295803989154981,2.31));
#9691=CARTESIAN_POINT('',(7.67,-0.295803989154981,2.31));
#9692=CARTESIAN_POINT('',(7.67,-0.301025521185515,2.34964384473188));
#9693=CARTESIAN_POINT('',(7.67,-0.312156942918088,2.43421841280823));
#9694=CARTESIAN_POINT('',(7.67,-0.328831911670455,2.56108317987233));
#9695=CARTESIAN_POINT('',(7.67,-0.347044989801345,2.69981247410224));
#9696=CARTESIAN_POINT('',(7.67,-0.365843059348264,2.84315388167321));
#9697=CARTESIAN_POINT('',(7.67,-0.391546087721716,3.03934224922333));
#9698=CARTESIAN_POINT('',(7.67,-0.413780872348215,3.20926356547536));
#9699=CARTESIAN_POINT('',(7.67,-0.444684054706293,3.44561045885608));
#9700=CARTESIAN_POINT('',(7.67,-0.469542974308909,3.63588974361328));
#9701=CARTESIAN_POINT('',(7.67,-0.491088921665497,3.80093052555564));
#9702=CARTESIAN_POINT('',(7.67,-0.49749371855331,3.85));
#9703=CARTESIAN_POINT('',(7.91580398915498,-0.05,2.31));
#9704=AXIS2_PLACEMENT_3D('',#9705,#9706,#9707);
#9705=CARTESIAN_POINT('',(7.62,-1.41446705301519E-016,2.31));
#9706=DIRECTION('',(-6.12323399573677E-017,-6.12323399573677E-017,1.));
#9707=DIRECTION('',(0.166666666666666,-0.986013297183269,-5.01705114227164E-017));
#9708=CARTESIAN_POINT('',(7.91580398915498,-0.0500000000000001,2.31));
#9709=CARTESIAN_POINT('',(7.92102552118551,-0.05,2.34964384473188));
#9710=CARTESIAN_POINT('',(7.93215694291809,-0.05,2.43421841280822));
#9711=CARTESIAN_POINT('',(7.94883191167045,-0.0500000000000001,2.56108317987232));
#9712=CARTESIAN_POINT('',(7.96704498980135,-0.0500000000000001,2.69981247410223));
#9713=CARTESIAN_POINT('',(7.98584305934826,-0.05,2.84315388167319));
#9714=CARTESIAN_POINT('',(8.01154608772172,-0.0500000000000002,3.03934224922331));
#9715=CARTESIAN_POINT('',(8.03378087234821,-0.0500000000000001,3.20926356547533));
#9716=CARTESIAN_POINT('',(8.06468405470629,-0.0500000000000001,3.44561045885605));
#9717=CARTESIAN_POINT('',(8.0895429743089,-0.0500000000000002,3.63588974361326));
#9718=CARTESIAN_POINT('',(8.11108892166549,-0.05,3.80093052555563));
#9719=CARTESIAN_POINT('',(8.11749371855331,-0.05,3.85));
#9720=CARTESIAN_POINT('',(8.01686269665969,0.0499999999999997,3.85));
#9721=CARTESIAN_POINT('',(8.01686269665969,-0.0500000000000001,3.85));
#9722=AXIS2_PLACEMENT_3D('',#9723,#9724,#9725);
#9723=CARTESIAN_POINT('',(7.62,-2.35744508835865E-016,3.85));
#9724=DIRECTION('',(-6.12323399573677E-017,-6.12323399573677E-017,1.));
#9725=DIRECTION('',(0.992156741649221,-0.124999999999999,5.30980364009884E-017));
#9726=CARTESIAN_POINT('',(8.01686269665969,0.0499999999999998,3.85));
#9727=VECTOR('',#9728,1.);
#9728=DIRECTION('',(1.,1.37907650609818E-016,0.));
#9729=CARTESIAN_POINT('',(8.11749371855331,-0.0500000000000001,3.85));
#9730=VECTOR('',#9731,1.);
#9731=DIRECTION('',(-1.,-2.75815301219636E-016,0.));
#9732=CARTESIAN_POINT('',(7.67,0.295803989154981,2.31));
#9733=CARTESIAN_POINT('',(7.67,0.295803989154981,2.31));
#9734=CARTESIAN_POINT('',(7.67,0.301025521185515,2.34964384473188));
#9735=CARTESIAN_POINT('',(7.67,0.312156942918087,2.43421841280823));
#9736=CARTESIAN_POINT('',(7.67,0.328831911670454,2.56108317987233));
#9737=CARTESIAN_POINT('',(7.67,0.347044989801345,2.69981247410224));
#9738=CARTESIAN_POINT('',(7.67,0.365843059348263,2.84315388167321));
#9739=CARTESIAN_POINT('',(7.67,0.391546087721716,3.03934224922333));
#9740=CARTESIAN_POINT('',(7.67,0.413780872348214,3.20926356547536));
#9741=CARTESIAN_POINT('',(7.67,0.444684054706293,3.44561045885608));
#9742=CARTESIAN_POINT('',(7.67,0.469542974308908,3.63588974361328));
#9743=CARTESIAN_POINT('',(7.67,0.491088921665497,3.80093052555564));
#9744=CARTESIAN_POINT('',(7.67,0.49749371855331,3.85));
#9745=CARTESIAN_POINT('',(7.91580398915498,0.0499999999999999,2.31));
#9746=CARTESIAN_POINT('',(7.91580398915498,0.0499999999999999,2.31));
#9747=CARTESIAN_POINT('',(7.92102552118551,0.0499999999999999,2.34964384473188));
#9748=CARTESIAN_POINT('',(7.93215694291809,0.0499999999999999,2.43421841280822));
#9749=CARTESIAN_POINT('',(7.94883191167045,0.0499999999999999,2.56108317987232));
#9750=CARTESIAN_POINT('',(7.96704498980134,0.0499999999999999,2.69981247410222));
#9751=CARTESIAN_POINT('',(7.98584305934826,0.0499999999999998,2.84315388167318));
#9752=CARTESIAN_POINT('',(8.01154608772171,0.0499999999999999,3.0393422492233));
#9753=CARTESIAN_POINT('',(8.03378087234821,0.0499999999999999,3.20926356547531));
#9754=CARTESIAN_POINT('',(8.06468405470629,0.0499999999999999,3.44561045885603));
#9755=CARTESIAN_POINT('',(8.0895429743089,0.0499999999999999,3.63588974361325));
#9756=CARTESIAN_POINT('',(8.11108892166549,0.0499999999999998,3.80093052555562));
#9757=CARTESIAN_POINT('',(8.11749371855331,0.0499999999999998,3.85));
#9758=AXIS2_PLACEMENT_3D('',#9759,#9760,#9761);
#9759=CARTESIAN_POINT('',(7.62,-1.41446705301519E-016,2.31));
#9760=DIRECTION('',(-6.12323399573677E-017,-6.12323399573677E-017,1.));
#9761=DIRECTION('',(0.986013297183269,0.166666666666667,7.05812914085056E-017));
#9762=CARTESIAN_POINT('',(7.57,0.396862696659689,3.85));
#9763=CARTESIAN_POINT('',(7.67,0.396862696659689,3.85));
#9764=AXIS2_PLACEMENT_3D('',#9765,#9766,#9767);
#9765=CARTESIAN_POINT('',(7.62,-2.35744508835865E-016,3.85));
#9766=DIRECTION('',(-6.12323399573677E-017,-6.12323399573677E-017,1.));
#9767=DIRECTION('',(0.124999999999999,0.992156741649222,6.84061213903303E-017));
#9768=CARTESIAN_POINT('',(7.57,0.396862696659689,3.85));
#9769=VECTOR('',#9770,1.);
#9770=DIRECTION('',(0.,1.,0.));
#9771=CARTESIAN_POINT('',(7.67,0.49749371855331,3.85));
#9772=VECTOR('',#9773,1.);
#9773=DIRECTION('',(0.,-1.,0.));
#9774=CARTESIAN_POINT('',(7.32419601084502,0.0499999999999999,2.31));
#9775=CARTESIAN_POINT('',(7.32419601084502,0.0499999999999999,2.31));
#9776=CARTESIAN_POINT('',(7.31897447881448,0.0499999999999999,2.34964384473188));
#9777=CARTESIAN_POINT('',(7.30784305708191,0.0499999999999999,2.43421841280822));
#9778=CARTESIAN_POINT('',(7.29116808832955,0.0499999999999998,2.56108317987232));
#9779=CARTESIAN_POINT('',(7.27295501019866,0.0499999999999999,2.69981247410223));
#9780=CARTESIAN_POINT('',(7.25415694065174,0.0499999999999999,2.84315388167319));
#9781=CARTESIAN_POINT('',(7.22845391227829,0.0499999999999996,3.03934224922331));
#9782=CARTESIAN_POINT('',(7.20621912765179,0.0500000000000001,3.20926356547533));
#9783=CARTESIAN_POINT('',(7.17531594529371,0.0499999999999994,3.44561045885605));
#9784=CARTESIAN_POINT('',(7.15045702569109,0.0499999999999997,3.63588974361326));
#9785=CARTESIAN_POINT('',(7.1289110783345,0.05,3.80093052555563));
#9786=CARTESIAN_POINT('',(7.12250628144669,0.05,3.85));
#9787=CARTESIAN_POINT('',(7.57,0.295803989154981,2.31));
#9788=CARTESIAN_POINT('',(7.57,0.295803989154981,2.31));
#9789=CARTESIAN_POINT('',(7.57,0.301025521185514,2.34964384473188));
#9790=CARTESIAN_POINT('',(7.57,0.312156942918086,2.43421841280822));
#9791=CARTESIAN_POINT('',(7.57,0.328831911670452,2.56108317987232));
#9792=CARTESIAN_POINT('',(7.57,0.347044989801342,2.69981247410222));
#9793=CARTESIAN_POINT('',(7.57,0.365843059348259,2.84315388167318));
#9794=CARTESIAN_POINT('',(7.57,0.391546087721711,3.03934224922329));
#9795=CARTESIAN_POINT('',(7.57,0.413780872348207,3.2092635654753));
#9796=CARTESIAN_POINT('',(7.57,0.444684054706286,3.44561045885602));
#9797=CARTESIAN_POINT('',(7.57,0.469542974308902,3.63588974361323));
#9798=CARTESIAN_POINT('',(7.57,0.491088921665494,3.80093052555562));
#9799=CARTESIAN_POINT('',(7.57,0.49749371855331,3.85));
#9800=AXIS2_PLACEMENT_3D('',#9801,#9802,#9803);
#9801=CARTESIAN_POINT('',(7.62,-1.41446705301519E-016,2.31));
#9802=DIRECTION('',(-6.12323399573677E-017,-6.12323399573677E-017,1.));
#9803=DIRECTION('',(-0.166666666666666,0.986013297183269,5.01705114227164E-017));
#9804=CARTESIAN_POINT('',(7.22,-3.15346550780443E-016,4.35));
#9805=AXIS2_PLACEMENT_3D('',#9806,#9807,#9808);
#9806=CARTESIAN_POINT('',(7.62,-2.66360678814549E-016,4.35));
#9807=DIRECTION('',(-6.12323399573677E-017,-6.12323399573677E-017,1.));
#9808=DIRECTION('',(-1.,-1.22464679914735E-016,-6.12323399573677E-017));
#9809=AXIS2_PLACEMENT_3D('',#9810,#9811,#9812);
#9810=CARTESIAN_POINT('',(7.62,-2.35744508835866E-016,3.85));
#9811=DIRECTION('',(-6.12323399573677E-017,-6.12323399573677E-017,1.));
#9812=DIRECTION('',(0.124999999999999,-0.992156741649222,-5.30980364009884E-017));
#9813=AXIS2_PLACEMENT_3D('',#9814,#9815,#9816);
#9814=CARTESIAN_POINT('',(7.62,-2.35744508835866E-016,3.85));
#9815=DIRECTION('',(-6.12323399573677E-017,-6.12323399573677E-017,1.));
#9816=DIRECTION('',(-0.992156741649221,-0.125,-6.84061213903303E-017));
#9817=AXIS2_PLACEMENT_3D('',#9818,#9819,#9820);
#9818=CARTESIAN_POINT('',(7.62,-2.35744508835866E-016,3.85));
#9819=DIRECTION('',(-6.12323399573677E-017,-6.12323399573677E-017,1.));
#9820=DIRECTION('',(-0.124999999999999,0.992156741649222,5.30980364009884E-017));
#9821=AXIS2_PLACEMENT_3D('',#9822,#9823,#9824);
#9822=CARTESIAN_POINT('',(7.62,-2.35744508835866E-016,3.85));
#9823=DIRECTION('',(-6.12323399573677E-017,-6.12323399573677E-017,1.));
#9824=DIRECTION('',(0.992156741649221,0.124999999999999,6.84061213903303E-017));
#9825=CARTESIAN_POINT('',(7.42635083268963,-0.0500000000000002,2.31));
#9826=CARTESIAN_POINT('',(7.42635083268963,-0.0500000000000002,2.31));
#9827=CARTESIAN_POINT('',(7.42182978631674,-0.0500000000000002,2.343708224457));
#9828=CARTESIAN_POINT('',(7.41220476943938,-0.0500000000000002,2.41562176462789));
#9829=CARTESIAN_POINT('',(7.39782179098877,-0.0500000000000002,2.52349936228765));
#9830=CARTESIAN_POINT('',(7.38148598919746,-0.0500000000000002,2.64641343980263));
#9831=CARTESIAN_POINT('',(7.36435176461199,-0.0500000000000002,2.7757257643501));
#9832=CARTESIAN_POINT('',(7.33826770455792,-0.0500000000000003,2.97310354510227));
#9833=CARTESIAN_POINT('',(7.31728945900385,-0.0500000000000002,3.13238975249258));
#9834=CARTESIAN_POINT('',(7.28517237623166,-0.0500000000000003,3.37667335236504));
#9835=CARTESIAN_POINT('',(7.25787132596536,-0.0500000000000003,3.58474739605039));
#9836=CARTESIAN_POINT('',(7.23201526073406,-0.0500000000000003,3.78217831015547));
#9837=CARTESIAN_POINT('',(7.22313730334031,-0.0500000000000003,3.85));
#9838=CARTESIAN_POINT('',(7.42635083268963,-0.0500000000000002,2.31));
#9839=VECTOR('',#9840,1.);
#9840=DIRECTION('',(-1.,-2.71701081891647E-016,0.));
#9841=CARTESIAN_POINT('',(7.42635083268963,0.0499999999999998,2.31));
#9842=CARTESIAN_POINT('',(7.32419601084502,0.0499999999999998,2.31));
#9843=VECTOR('',#9844,1.);
#9844=DIRECTION('',(1.,1.35850540945823E-016,0.));
#9845=CARTESIAN_POINT('',(7.42635083268963,0.0499999999999998,2.31));
#9846=CARTESIAN_POINT('',(7.42182978631674,0.0499999999999999,2.343708224457));
#9847=CARTESIAN_POINT('',(7.41220476943939,0.0499999999999999,2.41562176462789));
#9848=CARTESIAN_POINT('',(7.39782179098877,0.0499999999999999,2.52349936228765));
#9849=CARTESIAN_POINT('',(7.38148598919746,0.0499999999999999,2.64641343980263));
#9850=CARTESIAN_POINT('',(7.36435176461198,0.0499999999999998,2.7757257643501));
#9851=CARTESIAN_POINT('',(7.33826770455793,0.0499999999999998,2.97310354510228));
#9852=CARTESIAN_POINT('',(7.31728945900383,0.0499999999999999,3.13238975249258));
#9853=CARTESIAN_POINT('',(7.28517237623168,0.0499999999999995,3.37667335236505));
#9854=CARTESIAN_POINT('',(7.25787132596536,0.0499999999999998,3.58474739605038));
#9855=CARTESIAN_POINT('',(7.23201526073406,0.0499999999999999,3.78217831015546));
#9856=CARTESIAN_POINT('',(7.22313730334031,0.0499999999999998,3.85));
#9857=CARTESIAN_POINT('',(7.57,-0.193649167310371,2.31));
#9858=CARTESIAN_POINT('',(7.57,-0.295803989154981,2.31));
#9859=VECTOR('',#9860,1.);
#9860=DIRECTION('',(0.,1.,0.));
#9861=CARTESIAN_POINT('',(7.57,-0.193649167310371,2.31));
#9862=CARTESIAN_POINT('',(7.57,-0.19817021368326,2.343708224457));
#9863=CARTESIAN_POINT('',(7.57,-0.207795230560617,2.41562176462789));
#9864=CARTESIAN_POINT('',(7.57,-0.222178209011234,2.52349936228766));
#9865=CARTESIAN_POINT('',(7.57,-0.238514010802539,2.64641343980264));
#9866=CARTESIAN_POINT('',(7.57,-0.255648235388015,2.77572576435011));
#9867=CARTESIAN_POINT('',(7.57,-0.281732295442073,2.97310354510229));
#9868=CARTESIAN_POINT('',(7.57,-0.302710540996162,3.1323897524926));
#9869=CARTESIAN_POINT('',(7.57,-0.334827623768332,3.37667335236507));
#9870=CARTESIAN_POINT('',(7.57,-0.36212867403464,3.5847473960504));
#9871=CARTESIAN_POINT('',(7.57,-0.38798473926594,3.78217831015547));
#9872=CARTESIAN_POINT('',(7.57,-0.396862696659689,3.85));
#9873=AXIS2_PLACEMENT_3D('',#9874,#9875,#9876);
#9874=CARTESIAN_POINT('',(7.62,-1.41446705301519E-016,2.31));
#9875=DIRECTION('',(-6.12323399573677E-017,-6.12323399573677E-017,1.));
#9876=DIRECTION('',(-0.968245836551854,-0.249999999999999,-7.45960432153909E-017));
#9877=CARTESIAN_POINT('',(7.67,-0.193649167310371,2.31));
#9878=CARTESIAN_POINT('',(7.67,-0.193649167310371,2.31));
#9879=CARTESIAN_POINT('',(7.67,-0.19817021368326,2.343708224457));
#9880=CARTESIAN_POINT('',(7.67,-0.207795230560616,2.41562176462789));
#9881=CARTESIAN_POINT('',(7.67,-0.222178209011233,2.52349936228765));
#9882=CARTESIAN_POINT('',(7.67,-0.238514010802537,2.64641343980262));
#9883=CARTESIAN_POINT('',(7.67,-0.255648235388012,2.77572576435009));
#9884=CARTESIAN_POINT('',(7.67,-0.281732295442071,2.97310354510226));
#9885=CARTESIAN_POINT('',(7.67,-0.302710540996158,3.13238975249257));
#9886=CARTESIAN_POINT('',(7.67,-0.334827623768328,3.37667335236504));
#9887=CARTESIAN_POINT('',(7.67,-0.362128674034637,3.58474739605038));
#9888=CARTESIAN_POINT('',(7.67,-0.387984739265939,3.78217831015546));
#9889=CARTESIAN_POINT('',(7.67,-0.396862696659689,3.85));
#9890=CARTESIAN_POINT('',(7.67,-0.193649167310371,2.31));
#9891=VECTOR('',#9892,1.);
#9892=DIRECTION('',(0.,-1.,0.));
#9893=CARTESIAN_POINT('',(7.81364916731037,-0.0500000000000001,2.31));
#9894=AXIS2_PLACEMENT_3D('',#9895,#9896,#9897);
#9895=CARTESIAN_POINT('',(7.62,-1.41446705301519E-016,2.31));
#9896=DIRECTION('',(-6.12323399573677E-017,-6.12323399573677E-017,1.));
#9897=DIRECTION('',(0.249999999999999,-0.968245836551855,-4.39798732367072E-017));
#9898=CARTESIAN_POINT('',(7.91580398915498,-0.0500000000000001,2.31));
#9899=VECTOR('',#9900,1.);
#9900=DIRECTION('',(-1.,-2.71701081891647E-016,0.));
#9901=CARTESIAN_POINT('',(7.81364916731037,-0.0500000000000001,2.31));
#9902=CARTESIAN_POINT('',(7.81817021368326,-0.0500000000000001,2.343708224457));
#9903=CARTESIAN_POINT('',(7.82779523056062,-0.0500000000000001,2.41562176462789));
#9904=CARTESIAN_POINT('',(7.84217820901124,-0.0500000000000001,2.52349936228766));
#9905=CARTESIAN_POINT('',(7.85851401080254,-0.0500000000000002,2.64641343980264));
#9906=CARTESIAN_POINT('',(7.87564823538801,-0.0500000000000001,2.77572576435011));
#9907=CARTESIAN_POINT('',(7.90173229544208,-0.0500000000000002,2.97310354510229));
#9908=CARTESIAN_POINT('',(7.92271054099616,-0.0500000000000001,3.1323897524926));
#9909=CARTESIAN_POINT('',(7.95482762376834,-0.0500000000000002,3.37667335236506));
#9910=CARTESIAN_POINT('',(7.98212867403464,-0.0500000000000002,3.5847473960504));
#9911=CARTESIAN_POINT('',(8.00798473926594,-0.0500000000000001,3.78217831015547));
#9912=CARTESIAN_POINT('',(8.01686269665969,-0.0500000000000001,3.85));
#9913=CARTESIAN_POINT('',(7.81364916731037,0.0499999999999998,2.31));
#9914=CARTESIAN_POINT('',(7.81364916731037,0.0499999999999998,2.31));
#9915=CARTESIAN_POINT('',(7.81817021368326,0.0499999999999999,2.343708224457));
#9916=CARTESIAN_POINT('',(7.82779523056062,0.0499999999999999,2.41562176462789));
#9917=CARTESIAN_POINT('',(7.84217820901124,0.0499999999999999,2.52349936228765));
#9918=CARTESIAN_POINT('',(7.85851401080254,0.0499999999999999,2.64641343980263));
#9919=CARTESIAN_POINT('',(7.87564823538801,0.0499999999999998,2.7757257643501));
#9920=CARTESIAN_POINT('',(7.90173229544207,0.0499999999999999,2.97310354510227));
#9921=CARTESIAN_POINT('',(7.92271054099616,0.0499999999999997,3.13238975249258));
#9922=CARTESIAN_POINT('',(7.95482762376833,0.05,3.37667335236504));
#9923=CARTESIAN_POINT('',(7.98212867403464,0.0499999999999999,3.58474739605038));
#9924=CARTESIAN_POINT('',(8.00798473926594,0.0499999999999998,3.78217831015546));
#9925=CARTESIAN_POINT('',(8.01686269665969,0.0499999999999997,3.85));
#9926=CARTESIAN_POINT('',(7.81364916731037,0.0499999999999999,2.31));
#9927=VECTOR('',#9928,1.);
#9928=DIRECTION('',(1.,2.03775811418735E-016,0.));
#9929=CARTESIAN_POINT('',(7.67,0.193649167310371,2.31));
#9930=CARTESIAN_POINT('',(7.67,0.295803989154981,2.31));
#9931=VECTOR('',#9932,1.);
#9932=DIRECTION('',(0.,-1.,0.));
#9933=CARTESIAN_POINT('',(7.67,0.193649167310371,2.31));
#9934=CARTESIAN_POINT('',(7.67,0.19817021368326,2.343708224457));
#9935=CARTESIAN_POINT('',(7.67,0.207795230560616,2.41562176462789));
#9936=CARTESIAN_POINT('',(7.67,0.222178209011232,2.52349936228765));
#9937=CARTESIAN_POINT('',(7.67,0.238514010802537,2.64641343980263));
#9938=CARTESIAN_POINT('',(7.67,0.255648235388012,2.77572576435009));
#9939=CARTESIAN_POINT('',(7.67,0.28173229544207,2.97310354510226));
#9940=CARTESIAN_POINT('',(7.67,0.302710540996159,3.13238975249257));
#9941=CARTESIAN_POINT('',(7.67,0.334827623768327,3.37667335236503));
#9942=CARTESIAN_POINT('',(7.67,0.362128674034638,3.58474739605039));
#9943=CARTESIAN_POINT('',(7.67,0.387984739265939,3.78217831015547));
#9944=CARTESIAN_POINT('',(7.67,0.396862696659689,3.85));
#9945=AXIS2_PLACEMENT_3D('',#9946,#9947,#9948);
#9946=CARTESIAN_POINT('',(7.62,-1.41446705301519E-016,2.31));
#9947=DIRECTION('',(-6.12323399573677E-017,-6.12323399573677E-017,1.));
#9948=DIRECTION('',(0.968245836551854,0.249999999999999,7.45960432153909E-017));
#9949=CARTESIAN_POINT('',(7.57,0.193649167310371,2.31));
#9950=CARTESIAN_POINT('',(7.57,0.193649167310371,2.31));
#9951=CARTESIAN_POINT('',(7.57,0.198170213683259,2.343708224457));
#9952=CARTESIAN_POINT('',(7.57,0.207795230560616,2.41562176462789));
#9953=CARTESIAN_POINT('',(7.57,0.222178209011233,2.52349936228765));
#9954=CARTESIAN_POINT('',(7.57,0.238514010802537,2.64641343980263));
#9955=CARTESIAN_POINT('',(7.57,0.255648235388012,2.77572576435009));
#9956=CARTESIAN_POINT('',(7.57,0.281732295442071,2.97310354510226));
#9957=CARTESIAN_POINT('',(7.57,0.302710540996158,3.13238975249257));
#9958=CARTESIAN_POINT('',(7.57,0.334827623768328,3.37667335236504));
#9959=CARTESIAN_POINT('',(7.57,0.362128674034636,3.58474739605038));
#9960=CARTESIAN_POINT('',(7.57,0.387984739265939,3.78217831015546));
#9961=CARTESIAN_POINT('',(7.57,0.396862696659689,3.85));
#9962=CARTESIAN_POINT('',(7.57,0.193649167310371,2.31));
#9963=VECTOR('',#9964,1.);
#9964=DIRECTION('',(0.,1.,0.));
#9965=AXIS2_PLACEMENT_3D('',#9966,#9967,#9968);
#9966=CARTESIAN_POINT('',(7.62,-1.41446705301519E-016,2.31));
#9967=DIRECTION('',(-6.12323399573677E-017,-6.12323399573677E-017,1.));
#9968=DIRECTION('',(-0.249999999999999,0.968245836551855,4.39798732367072E-017));
#9969=CARTESIAN_POINT('',(5.57749371855331,0.0499999999999997,3.85));
#9970=CARTESIAN_POINT('',(5.13,0.49749371855331,3.85));
#9971=AXIS2_PLACEMENT_3D('',#9972,#9973,#9974);
#9972=CARTESIAN_POINT('',(5.08,-2.35744508835866E-016,3.85));
#9973=DIRECTION('',(-6.12323399573677E-017,-6.12323399573677E-017,1.));
#9974=DIRECTION('',(0.99498743710662,0.0999999999999999,6.70486429979593E-017));
#9975=CARTESIAN_POINT('',(5.03,0.49749371855331,3.85));
#9976=AXIS2_PLACEMENT_3D('',#9977,#9978,#9979);
#9977=CARTESIAN_POINT('',(5.08,-2.35744508835866E-016,3.85));
#9978=DIRECTION('',(-6.12323399573677E-017,-6.12323399573677E-017,1.));
#9979=DIRECTION('',(0.0999999999999996,0.99498743710662,6.70486429979593E-017));
#9980=CARTESIAN_POINT('',(4.58250628144669,0.05,3.85));
#9981=AXIS2_PLACEMENT_3D('',#9982,#9983,#9984);
#9982=CARTESIAN_POINT('',(5.08,-2.35744508835866E-016,3.85));
#9983=DIRECTION('',(-6.12323399573677E-017,-6.12323399573677E-017,1.));
#9984=DIRECTION('',(-0.0999999999999996,0.99498743710662,5.48021750064858E-017));
#9985=CARTESIAN_POINT('',(4.58,-2.96976848793233E-016,3.85));
#9986=AXIS2_PLACEMENT_3D('',#9987,#9988,#9989);
#9987=CARTESIAN_POINT('',(5.08,-2.35744508835866E-016,3.85));
#9988=DIRECTION('',(-6.12323399573677E-017,-6.12323399573677E-017,1.));
#9989=DIRECTION('',(-0.99498743710662,0.1,-5.48021750064858E-017));
#9990=CARTESIAN_POINT('',(4.58250628144669,-0.0500000000000003,3.85));
#9991=AXIS2_PLACEMENT_3D('',#9992,#9993,#9994);
#9992=CARTESIAN_POINT('',(5.08,-2.35744508835866E-016,3.85));
#9993=DIRECTION('',(-6.12323399573677E-017,-6.12323399573677E-017,1.));
#9994=DIRECTION('',(-1.,-1.22464679914735E-016,-6.12323399573677E-017));
#9995=CARTESIAN_POINT('',(5.03,-0.49749371855331,3.85));
#9996=AXIS2_PLACEMENT_3D('',#9997,#9998,#9999);
#9997=CARTESIAN_POINT('',(5.08,-2.35744508835866E-016,3.85));
#9998=DIRECTION('',(-6.12323399573677E-017,-6.12323399573677E-017,1.));
#9999=DIRECTION('',(-0.99498743710662,-0.1,-6.70486429979593E-017));
#10000=CARTESIAN_POINT('',(5.13,-0.49749371855331,3.85));
#10001=AXIS2_PLACEMENT_3D('',#10002,#10003,#10004);
#10002=CARTESIAN_POINT('',(5.08,-2.35744508835866E-016,3.85));
#10003=DIRECTION('',(-6.12323399573677E-017,-6.12323399573677E-017,1.));
#10004=DIRECTION('',(-0.0999999999999996,-0.99498743710662,-6.70486429979593E-017));
#10005=CARTESIAN_POINT('',(5.57749371855331,-0.0499999999999999,3.85));
#10006=AXIS2_PLACEMENT_3D('',#10007,#10008,#10009);
#10007=CARTESIAN_POINT('',(5.08,-2.35744508835866E-016,3.85));
#10008=DIRECTION('',(-6.12323399573677E-017,-6.12323399573677E-017,1.));
#10009=DIRECTION('',(0.0999999999999996,-0.99498743710662,-5.48021750064858E-017));
#10010=AXIS2_PLACEMENT_3D('',#10011,#10012,#10013);
#10011=CARTESIAN_POINT('',(5.08,-2.35744508835866E-016,3.85));
#10012=DIRECTION('',(-6.12323399573677E-017,-6.12323399573677E-017,1.));
#10013=DIRECTION('',(0.99498743710662,-0.099999999999999,5.48021750064859E-017));
#10014=CARTESIAN_POINT('',(4.58,-3.27593018771917E-016,4.35));
#10015=AXIS2_PLACEMENT_3D('',#10016,#10017,#10018);
#10016=CARTESIAN_POINT('',(5.08,-2.66360678814549E-016,4.35));
#10017=DIRECTION('',(-6.12323399573677E-017,-6.12323399573677E-017,1.));
#10018=DIRECTION('',(-1.,-1.22464679914735E-016,-6.12323399573677E-017));
#10019=CARTESIAN_POINT('',(4.68313730334031,-0.0500000000000003,3.85));
#10020=CARTESIAN_POINT('',(4.68,-2.8473038080176E-016,3.85));
#10021=AXIS2_PLACEMENT_3D('',#10022,#10023,#10024);
#10022=CARTESIAN_POINT('',(5.08,-2.35744508835865E-016,3.85));
#10023=DIRECTION('',(-6.12323399573677E-017,-6.12323399573677E-017,1.));
#10024=DIRECTION('',(-1.,-1.22464679914735E-016,-6.12323399573677E-017));
#10025=CARTESIAN_POINT('',(4.68313730334031,-0.0500000000000003,3.85));
#10026=VECTOR('',#10027,1.);
#10027=DIRECTION('',(-1.,-2.75815301219639E-016,0.));
#10028=CARTESIAN_POINT('',(4.68313730334031,0.0499999999999998,3.85));
#10029=CARTESIAN_POINT('',(4.58250628144669,0.0499999999999997,3.85));
#10030=VECTOR('',#10031,1.);
#10031=DIRECTION('',(1.,1.37907650609819E-016,0.));
#10032=AXIS2_PLACEMENT_3D('',#10033,#10034,#10035);
#10033=CARTESIAN_POINT('',(5.08,-2.35744508835865E-016,3.85));
#10034=DIRECTION('',(-6.12323399573677E-017,-6.12323399573677E-017,1.));
#10035=DIRECTION('',(-0.992156741649221,0.125,-5.30980364009884E-017));
#10036=CARTESIAN_POINT('',(5.03,-0.295803989154981,2.31));
#10037=CARTESIAN_POINT('',(5.03,-0.295803989154981,2.31));
#10038=CARTESIAN_POINT('',(5.03,-0.301025521185515,2.34964384473188));
#10039=CARTESIAN_POINT('',(5.03,-0.312156942918087,2.43421841280822));
#10040=CARTESIAN_POINT('',(5.03,-0.328831911670453,2.56108317987232));
#10041=CARTESIAN_POINT('',(5.03,-0.347044989801343,2.69981247410222));
#10042=CARTESIAN_POINT('',(5.03,-0.365843059348261,2.84315388167319));
#10043=CARTESIAN_POINT('',(5.03,-0.391546087721713,3.0393422492233));
#10044=CARTESIAN_POINT('',(5.03,-0.41378087234821,3.20926356547532));
#10045=CARTESIAN_POINT('',(5.03,-0.444684054706288,3.44561045885604));
#10046=CARTESIAN_POINT('',(5.03,-0.469542974308905,3.63588974361325));
#10047=CARTESIAN_POINT('',(5.03,-0.491088921665495,3.80093052555562));
#10048=CARTESIAN_POINT('',(5.03,-0.49749371855331,3.85));
#10049=CARTESIAN_POINT('',(4.78419601084502,-0.0500000000000002,2.31));
#10050=CARTESIAN_POINT('',(4.78419601084502,-0.0500000000000002,2.31));
#10051=CARTESIAN_POINT('',(4.77897447881448,-0.0500000000000002,2.34964384473188));
#10052=CARTESIAN_POINT('',(4.76784305708191,-0.0500000000000002,2.43421841280822));
#10053=CARTESIAN_POINT('',(4.75116808832955,-0.0500000000000002,2.56108317987232));
#10054=CARTESIAN_POINT('',(4.73295501019866,-0.0500000000000002,2.69981247410222));
#10055=CARTESIAN_POINT('',(4.71415694065174,-0.0500000000000003,2.84315388167318));
#10056=CARTESIAN_POINT('',(4.68845391227829,-0.0500000000000003,3.03934224922329));
#10057=CARTESIAN_POINT('',(4.66621912765179,-0.0500000000000003,3.20926356547531));
#10058=CARTESIAN_POINT('',(4.63531594529372,-0.0500000000000003,3.44561045885602));
#10059=CARTESIAN_POINT('',(4.6104570256911,-0.0500000000000003,3.63588974361324));
#10060=CARTESIAN_POINT('',(4.58891107833451,-0.0500000000000003,3.80093052555562));
#10061=CARTESIAN_POINT('',(4.58250628144669,-0.0500000000000003,3.85));
#10062=AXIS2_PLACEMENT_3D('',#10063,#10064,#10065);
#10063=CARTESIAN_POINT('',(5.08,-1.41446705301519E-016,2.31));
#10064=DIRECTION('',(-6.12323399573677E-017,-6.12323399573677E-017,1.));
#10065=DIRECTION('',(-0.986013297183269,-0.166666666666666,-7.05812914085056E-017));
#10066=CARTESIAN_POINT('',(5.13,-0.396862696659689,3.85));
#10067=CARTESIAN_POINT('',(5.03,-0.396862696659689,3.85));
#10068=AXIS2_PLACEMENT_3D('',#10069,#10070,#10071);
#10069=CARTESIAN_POINT('',(5.08,-2.35744508835865E-016,3.85));
#10070=DIRECTION('',(-6.12323399573677E-017,-6.12323399573677E-017,1.));
#10071=DIRECTION('',(-0.124999999999999,-0.992156741649222,-6.84061213903303E-017));
#10072=CARTESIAN_POINT('',(5.13,-0.396862696659689,3.85));
#10073=VECTOR('',#10074,1.);
#10074=DIRECTION('',(0.,-1.,0.));
#10075=CARTESIAN_POINT('',(5.03,-0.49749371855331,3.85));
#10076=VECTOR('',#10077,1.);
#10077=DIRECTION('',(0.,1.,0.));
#10078=CARTESIAN_POINT('',(5.13,-0.295803989154981,2.31));
#10079=CARTESIAN_POINT('',(5.13,-0.295803989154981,2.31));
#10080=CARTESIAN_POINT('',(5.13,-0.301025521185515,2.34964384473188));
#10081=CARTESIAN_POINT('',(5.13,-0.312156942918088,2.43421841280823));
#10082=CARTESIAN_POINT('',(5.13,-0.328831911670455,2.56108317987233));
#10083=CARTESIAN_POINT('',(5.13,-0.347044989801345,2.69981247410224));
#10084=CARTESIAN_POINT('',(5.13,-0.365843059348264,2.84315388167321));
#10085=CARTESIAN_POINT('',(5.13,-0.391546087721716,3.03934224922333));
#10086=CARTESIAN_POINT('',(5.13,-0.413780872348215,3.20926356547536));
#10087=CARTESIAN_POINT('',(5.13,-0.444684054706293,3.44561045885608));
#10088=CARTESIAN_POINT('',(5.13,-0.469542974308909,3.63588974361328));
#10089=CARTESIAN_POINT('',(5.13,-0.491088921665497,3.80093052555564));
#10090=CARTESIAN_POINT('',(5.13,-0.49749371855331,3.85));
#10091=CARTESIAN_POINT('',(5.37580398915498,-0.05,2.31));
#10092=AXIS2_PLACEMENT_3D('',#10093,#10094,#10095);
#10093=CARTESIAN_POINT('',(5.08,-1.41446705301519E-016,2.31));
#10094=DIRECTION('',(-6.12323399573677E-017,-6.12323399573677E-017,1.));
#10095=DIRECTION('',(0.166666666666666,-0.986013297183269,-5.01705114227164E-017));
#10096=CARTESIAN_POINT('',(5.37580398915498,-0.0500000000000001,2.31));
#10097=CARTESIAN_POINT('',(5.38102552118552,-0.05,2.34964384473188));
#10098=CARTESIAN_POINT('',(5.39215694291809,-0.05,2.43421841280822));
#10099=CARTESIAN_POINT('',(5.40883191167045,-0.0500000000000001,2.56108317987233));
#10100=CARTESIAN_POINT('',(5.42704498980134,-0.0500000000000001,2.69981247410223));
#10101=CARTESIAN_POINT('',(5.44584305934826,-0.0500000000000001,2.8431538816732));
#10102=CARTESIAN_POINT('',(5.47154608772171,-0.0500000000000002,3.03934224922331));
#10103=CARTESIAN_POINT('',(5.49378087234821,-0.0500000000000001,3.20926356547533));
#10104=CARTESIAN_POINT('',(5.52468405470629,-0.0500000000000002,3.44561045885605));
#10105=CARTESIAN_POINT('',(5.54954297430891,-0.0500000000000002,3.63588974361326));
#10106=CARTESIAN_POINT('',(5.5710889216655,-0.05,3.80093052555563));
#10107=CARTESIAN_POINT('',(5.57749371855331,-0.05,3.85));
#10108=CARTESIAN_POINT('',(5.47686269665969,0.0499999999999998,3.85));
#10109=CARTESIAN_POINT('',(5.47686269665969,-0.05,3.85));
#10110=AXIS2_PLACEMENT_3D('',#10111,#10112,#10113);
#10111=CARTESIAN_POINT('',(5.08,-2.35744508835865E-016,3.85));
#10112=DIRECTION('',(-6.12323399573677E-017,-6.12323399573677E-017,1.));
#10113=DIRECTION('',(0.992156741649222,-0.124999999999999,5.30980364009885E-017));
#10114=CARTESIAN_POINT('',(5.47686269665969,0.0499999999999998,3.85));
#10115=VECTOR('',#10116,1.);
#10116=DIRECTION('',(1.,1.37907650609818E-016,0.));
#10117=CARTESIAN_POINT('',(5.57749371855331,-0.0500000000000001,3.85));
#10118=VECTOR('',#10119,1.);
#10119=DIRECTION('',(-1.,-2.75815301219636E-016,0.));
#10120=CARTESIAN_POINT('',(5.13,0.295803989154981,2.31));
#10121=CARTESIAN_POINT('',(5.13,0.295803989154981,2.31));
#10122=CARTESIAN_POINT('',(5.13,0.301025521185515,2.34964384473188));
#10123=CARTESIAN_POINT('',(5.13,0.312156942918087,2.43421841280823));
#10124=CARTESIAN_POINT('',(5.13,0.328831911670454,2.56108317987233));
#10125=CARTESIAN_POINT('',(5.13,0.347044989801345,2.69981247410224));
#10126=CARTESIAN_POINT('',(5.13,0.365843059348263,2.84315388167321));
#10127=CARTESIAN_POINT('',(5.13,0.391546087721716,3.03934224922333));
#10128=CARTESIAN_POINT('',(5.13,0.413780872348214,3.20926356547536));
#10129=CARTESIAN_POINT('',(5.13,0.444684054706293,3.44561045885608));
#10130=CARTESIAN_POINT('',(5.13,0.469542974308908,3.63588974361328));
#10131=CARTESIAN_POINT('',(5.13,0.491088921665497,3.80093052555564));
#10132=CARTESIAN_POINT('',(5.13,0.49749371855331,3.85));
#10133=CARTESIAN_POINT('',(5.37580398915498,0.0499999999999999,2.31));
#10134=CARTESIAN_POINT('',(5.37580398915498,0.0499999999999999,2.31));
#10135=CARTESIAN_POINT('',(5.38102552118551,0.0499999999999999,2.34964384473188));
#10136=CARTESIAN_POINT('',(5.39215694291809,0.0499999999999999,2.43421841280822));
#10137=CARTESIAN_POINT('',(5.40883191167045,0.0499999999999998,2.56108317987232));
#10138=CARTESIAN_POINT('',(5.42704498980134,0.0499999999999999,2.69981247410222));
#10139=CARTESIAN_POINT('',(5.44584305934826,0.0499999999999999,2.84315388167318));
#10140=CARTESIAN_POINT('',(5.47154608772171,0.0499999999999999,3.0393422492233));
#10141=CARTESIAN_POINT('',(5.49378087234821,0.0499999999999999,3.20926356547531));
#10142=CARTESIAN_POINT('',(5.52468405470629,0.0499999999999998,3.44561045885603));
#10143=CARTESIAN_POINT('',(5.5495429743089,0.0499999999999998,3.63588974361324));
#10144=CARTESIAN_POINT('',(5.57108892166549,0.0499999999999998,3.80093052555562));
#10145=CARTESIAN_POINT('',(5.57749371855331,0.0499999999999998,3.85));
#10146=AXIS2_PLACEMENT_3D('',#10147,#10148,#10149);
#10147=CARTESIAN_POINT('',(5.08,-1.41446705301519E-016,2.31));
#10148=DIRECTION('',(-6.12323399573677E-017,-6.12323399573677E-017,1.));
#10149=DIRECTION('',(0.986013297183269,0.166666666666667,7.05812914085056E-017));
#10150=CARTESIAN_POINT('',(5.03,0.396862696659689,3.85));
#10151=CARTESIAN_POINT('',(5.13,0.396862696659689,3.85));
#10152=AXIS2_PLACEMENT_3D('',#10153,#10154,#10155);
#10153=CARTESIAN_POINT('',(5.08,-2.35744508835865E-016,3.85));
#10154=DIRECTION('',(-6.12323399573677E-017,-6.12323399573677E-017,1.));
#10155=DIRECTION('',(0.124999999999999,0.992156741649222,6.84061213903303E-017));
#10156=CARTESIAN_POINT('',(5.03,0.396862696659689,3.85));
#10157=VECTOR('',#10158,1.);
#10158=DIRECTION('',(0.,1.,0.));
#10159=CARTESIAN_POINT('',(5.13,0.49749371855331,3.85));
#10160=VECTOR('',#10161,1.);
#10161=DIRECTION('',(0.,-1.,0.));
#10162=CARTESIAN_POINT('',(4.78419601084502,0.0499999999999999,2.31));
#10163=CARTESIAN_POINT('',(4.78419601084502,0.0499999999999999,2.31));
#10164=CARTESIAN_POINT('',(4.77897447881448,0.0499999999999999,2.34964384473188));
#10165=CARTESIAN_POINT('',(4.76784305708191,0.0499999999999999,2.43421841280822));
#10166=CARTESIAN_POINT('',(4.75116808832955,0.0499999999999998,2.56108317987232));
#10167=CARTESIAN_POINT('',(4.73295501019866,0.0499999999999999,2.69981247410223));
#10168=CARTESIAN_POINT('',(4.71415694065174,0.0499999999999999,2.84315388167319));
#10169=CARTESIAN_POINT('',(4.68845391227829,0.0499999999999996,3.03934224922331));
#10170=CARTESIAN_POINT('',(4.66621912765179,0.0500000000000001,3.20926356547533));
#10171=CARTESIAN_POINT('',(4.63531594529371,0.0499999999999994,3.44561045885605));
#10172=CARTESIAN_POINT('',(4.6104570256911,0.0499999999999997,3.63588974361326));
#10173=CARTESIAN_POINT('',(4.5889110783345,0.05,3.80093052555563));
#10174=CARTESIAN_POINT('',(4.58250628144669,0.05,3.85));
#10175=CARTESIAN_POINT('',(5.03,0.295803989154981,2.31));
#10176=CARTESIAN_POINT('',(5.03,0.295803989154981,2.31));
#10177=CARTESIAN_POINT('',(5.03,0.301025521185514,2.34964384473188));
#10178=CARTESIAN_POINT('',(5.03,0.312156942918086,2.43421841280822));
#10179=CARTESIAN_POINT('',(5.03,0.328831911670452,2.56108317987232));
#10180=CARTESIAN_POINT('',(5.03,0.347044989801342,2.69981247410222));
#10181=CARTESIAN_POINT('',(5.03,0.365843059348259,2.84315388167318));
#10182=CARTESIAN_POINT('',(5.03,0.391546087721711,3.03934224922329));
#10183=CARTESIAN_POINT('',(5.03,0.413780872348207,3.2092635654753));
#10184=CARTESIAN_POINT('',(5.03,0.444684054706286,3.44561045885602));
#10185=CARTESIAN_POINT('',(5.03,0.469542974308902,3.63588974361323));
#10186=CARTESIAN_POINT('',(5.03,0.491088921665494,3.80093052555562));
#10187=CARTESIAN_POINT('',(5.03,0.49749371855331,3.85));
#10188=AXIS2_PLACEMENT_3D('',#10189,#10190,#10191);
#10189=CARTESIAN_POINT('',(5.08,-1.41446705301519E-016,2.31));
#10190=DIRECTION('',(-6.12323399573677E-017,-6.12323399573677E-017,1.));
#10191=DIRECTION('',(-0.166666666666666,0.986013297183269,5.01705114227164E-017));
#10192=CARTESIAN_POINT('',(4.68,-3.15346550780443E-016,4.35));
#10193=AXIS2_PLACEMENT_3D('',#10194,#10195,#10196);
#10194=CARTESIAN_POINT('',(5.08,-2.66360678814549E-016,4.35));
#10195=DIRECTION('',(-6.12323399573677E-017,-6.12323399573677E-017,1.));
#10196=DIRECTION('',(-1.,-1.22464679914735E-016,-6.12323399573677E-017));
#10197=AXIS2_PLACEMENT_3D('',#10198,#10199,#10200);
#10198=CARTESIAN_POINT('',(5.08,-2.35744508835866E-016,3.85));
#10199=DIRECTION('',(-6.12323399573677E-017,-6.12323399573677E-017,1.));
#10200=DIRECTION('',(0.124999999999999,-0.992156741649222,-5.30980364009884E-017));
#10201=AXIS2_PLACEMENT_3D('',#10202,#10203,#10204);
#10202=CARTESIAN_POINT('',(5.08,-2.35744508835866E-016,3.85));
#10203=DIRECTION('',(-6.12323399573677E-017,-6.12323399573677E-017,1.));
#10204=DIRECTION('',(-0.992156741649221,-0.125,-6.84061213903303E-017));
#10205=AXIS2_PLACEMENT_3D('',#10206,#10207,#10208);
#10206=CARTESIAN_POINT('',(5.08,-2.35744508835866E-016,3.85));
#10207=DIRECTION('',(-6.12323399573677E-017,-6.12323399573677E-017,1.));
#10208=DIRECTION('',(-0.124999999999999,0.992156741649222,5.30980364009884E-017));
#10209=AXIS2_PLACEMENT_3D('',#10210,#10211,#10212);
#10210=CARTESIAN_POINT('',(5.08,-2.35744508835866E-016,3.85));
#10211=DIRECTION('',(-6.12323399573677E-017,-6.12323399573677E-017,1.));
#10212=DIRECTION('',(0.992156741649221,0.125,6.84061213903303E-017));
#10213=CARTESIAN_POINT('',(4.88635083268963,-0.0500000000000002,2.31));
#10214=CARTESIAN_POINT('',(4.88635083268963,-0.0500000000000002,2.31));
#10215=CARTESIAN_POINT('',(4.88182978631674,-0.0500000000000002,2.343708224457));
#10216=CARTESIAN_POINT('',(4.87220476943939,-0.0500000000000002,2.41562176462789));
#10217=CARTESIAN_POINT('',(4.85782179098877,-0.0500000000000002,2.52349936228765));
#10218=CARTESIAN_POINT('',(4.84148598919746,-0.0500000000000002,2.64641343980263));
#10219=CARTESIAN_POINT('',(4.82435176461199,-0.0500000000000002,2.7757257643501));
#10220=CARTESIAN_POINT('',(4.79826770455793,-0.0500000000000003,2.97310354510227));
#10221=CARTESIAN_POINT('',(4.77728945900384,-0.0500000000000002,3.13238975249258));
#10222=CARTESIAN_POINT('',(4.74517237623167,-0.0500000000000003,3.37667335236504));
#10223=CARTESIAN_POINT('',(4.71787132596536,-0.0500000000000003,3.58474739605039));
#10224=CARTESIAN_POINT('',(4.69201526073406,-0.0500000000000003,3.78217831015547));
#10225=CARTESIAN_POINT('',(4.68313730334031,-0.0500000000000003,3.85));
#10226=CARTESIAN_POINT('',(4.88635083268963,-0.0500000000000002,2.31));
#10227=VECTOR('',#10228,1.);
#10228=DIRECTION('',(-1.,-2.71701081891647E-016,0.));
#10229=CARTESIAN_POINT('',(4.88635083268963,0.0499999999999998,2.31));
#10230=CARTESIAN_POINT('',(4.78419601084502,0.0499999999999998,2.31));
#10231=VECTOR('',#10232,1.);
#10232=DIRECTION('',(1.,1.35850540945823E-016,0.));
#10233=CARTESIAN_POINT('',(4.88635083268963,0.0499999999999998,2.31));
#10234=CARTESIAN_POINT('',(4.88182978631674,0.0499999999999999,2.343708224457));
#10235=CARTESIAN_POINT('',(4.87220476943939,0.0499999999999999,2.41562176462789));
#10236=CARTESIAN_POINT('',(4.85782179098877,0.0499999999999999,2.52349936228765));
#10237=CARTESIAN_POINT('',(4.84148598919746,0.0499999999999999,2.64641343980263));
#10238=CARTESIAN_POINT('',(4.82435176461199,0.0499999999999998,2.7757257643501));
#10239=CARTESIAN_POINT('',(4.79826770455793,0.0499999999999998,2.97310354510228));
#10240=CARTESIAN_POINT('',(4.77728945900384,0.0499999999999999,3.13238975249258));
#10241=CARTESIAN_POINT('',(4.74517237623167,0.0499999999999995,3.37667335236504));
#10242=CARTESIAN_POINT('',(4.71787132596536,0.0499999999999998,3.58474739605038));
#10243=CARTESIAN_POINT('',(4.69201526073406,0.0499999999999999,3.78217831015546));
#10244=CARTESIAN_POINT('',(4.68313730334031,0.0499999999999998,3.85));
#10245=CARTESIAN_POINT('',(5.03,-0.193649167310371,2.31));
#10246=CARTESIAN_POINT('',(5.03,-0.295803989154981,2.31));
#10247=VECTOR('',#10248,1.);
#10248=DIRECTION('',(0.,1.,0.));
#10249=CARTESIAN_POINT('',(5.03,-0.193649167310371,2.31));
#10250=CARTESIAN_POINT('',(5.03,-0.19817021368326,2.343708224457));
#10251=CARTESIAN_POINT('',(5.03,-0.207795230560617,2.41562176462789));
#10252=CARTESIAN_POINT('',(5.03,-0.222178209011234,2.52349936228766));
#10253=CARTESIAN_POINT('',(5.03,-0.238514010802539,2.64641343980264));
#10254=CARTESIAN_POINT('',(5.03,-0.255648235388015,2.77572576435011));
#10255=CARTESIAN_POINT('',(5.03,-0.281732295442073,2.97310354510229));
#10256=CARTESIAN_POINT('',(5.03,-0.302710540996162,3.1323897524926));
#10257=CARTESIAN_POINT('',(5.03,-0.334827623768332,3.37667335236507));
#10258=CARTESIAN_POINT('',(5.03,-0.36212867403464,3.5847473960504));
#10259=CARTESIAN_POINT('',(5.03,-0.38798473926594,3.78217831015547));
#10260=CARTESIAN_POINT('',(5.03,-0.396862696659689,3.85));
#10261=AXIS2_PLACEMENT_3D('',#10262,#10263,#10264);
#10262=CARTESIAN_POINT('',(5.08,-1.41446705301519E-016,2.31));
#10263=DIRECTION('',(-6.12323399573677E-017,-6.12323399573677E-017,1.));
#10264=DIRECTION('',(-0.968245836551854,-0.249999999999999,-7.45960432153909E-017));
#10265=CARTESIAN_POINT('',(5.13,-0.193649167310371,2.31));
#10266=CARTESIAN_POINT('',(5.13,-0.193649167310371,2.31));
#10267=CARTESIAN_POINT('',(5.13,-0.19817021368326,2.343708224457));
#10268=CARTESIAN_POINT('',(5.13,-0.207795230560617,2.41562176462789));
#10269=CARTESIAN_POINT('',(5.13,-0.222178209011233,2.52349936228765));
#10270=CARTESIAN_POINT('',(5.13,-0.238514010802537,2.64641343980263));
#10271=CARTESIAN_POINT('',(5.13,-0.255648235388012,2.77572576435009));
#10272=CARTESIAN_POINT('',(5.13,-0.281732295442071,2.97310354510226));
#10273=CARTESIAN_POINT('',(5.13,-0.302710540996159,3.13238975249257));
#10274=CARTESIAN_POINT('',(5.13000000000001,-0.334827623768327,3.37667335236503));
#10275=CARTESIAN_POINT('',(5.13,-0.362128674034638,3.58474739605039));
#10276=CARTESIAN_POINT('',(5.13,-0.387984739265939,3.78217831015546));
#10277=CARTESIAN_POINT('',(5.13,-0.396862696659689,3.85));
#10278=CARTESIAN_POINT('',(5.13,-0.193649167310371,2.31));
#10279=VECTOR('',#10280,1.);
#10280=DIRECTION('',(0.,-1.,0.));
#10281=CARTESIAN_POINT('',(5.27364916731037,-0.0500000000000001,2.31));
#10282=AXIS2_PLACEMENT_3D('',#10283,#10284,#10285);
#10283=CARTESIAN_POINT('',(5.08,-1.41446705301519E-016,2.31));
#10284=DIRECTION('',(-6.12323399573677E-017,-6.12323399573677E-017,1.));
#10285=DIRECTION('',(0.249999999999999,-0.968245836551855,-4.39798732367072E-017));
#10286=CARTESIAN_POINT('',(5.37580398915498,-0.0500000000000001,2.31));
#10287=VECTOR('',#10288,1.);
#10288=DIRECTION('',(-1.,-2.71701081891647E-016,0.));
#10289=CARTESIAN_POINT('',(5.27364916731037,-0.0500000000000001,2.31));
#10290=CARTESIAN_POINT('',(5.27817021368326,-0.0500000000000001,2.343708224457));
#10291=CARTESIAN_POINT('',(5.28779523056062,-0.0500000000000001,2.41562176462789));
#10292=CARTESIAN_POINT('',(5.30217820901123,-0.0500000000000001,2.52349936228766));
#10293=CARTESIAN_POINT('',(5.31851401080254,-0.0500000000000001,2.64641343980264));
#10294=CARTESIAN_POINT('',(5.33564823538801,-0.0500000000000001,2.77572576435011));
#10295=CARTESIAN_POINT('',(5.36173229544207,-0.05,2.97310354510229));
#10296=CARTESIAN_POINT('',(5.38271054099616,-0.0500000000000002,3.1323897524926));
#10297=CARTESIAN_POINT('',(5.41482762376833,-0.05,3.37667335236507));
#10298=CARTESIAN_POINT('',(5.44212867403464,-0.0500000000000002,3.58474739605041));
#10299=CARTESIAN_POINT('',(5.46798473926594,-0.0500000000000001,3.78217831015547));
#10300=CARTESIAN_POINT('',(5.47686269665969,-0.0500000000000001,3.85));
#10301=CARTESIAN_POINT('',(5.27364916731037,0.0499999999999998,2.31));
#10302=CARTESIAN_POINT('',(5.27364916731037,0.0499999999999998,2.31));
#10303=CARTESIAN_POINT('',(5.27817021368326,0.0499999999999999,2.343708224457));
#10304=CARTESIAN_POINT('',(5.28779523056062,0.0499999999999999,2.41562176462789));
#10305=CARTESIAN_POINT('',(5.30217820901123,0.0499999999999999,2.52349936228765));
#10306=CARTESIAN_POINT('',(5.31851401080254,0.0499999999999999,2.64641343980264));
#10307=CARTESIAN_POINT('',(5.33564823538802,0.0499999999999999,2.7757257643501));
#10308=CARTESIAN_POINT('',(5.36173229544207,0.0499999999999999,2.97310354510227));
#10309=CARTESIAN_POINT('',(5.38271054099616,0.0499999999999999,3.13238975249259));
#10310=CARTESIAN_POINT('',(5.41482762376833,0.0499999999999998,3.37667335236505));
#10311=CARTESIAN_POINT('',(5.44212867403464,0.0499999999999998,3.58474739605038));
#10312=CARTESIAN_POINT('',(5.46798473926594,0.0499999999999998,3.78217831015546));
#10313=CARTESIAN_POINT('',(5.47686269665969,0.0499999999999998,3.85));
#10314=CARTESIAN_POINT('',(5.27364916731037,0.0499999999999999,2.31));
#10315=VECTOR('',#10316,1.);
#10316=DIRECTION('',(1.,2.03775811418735E-016,0.));
#10317=CARTESIAN_POINT('',(5.13,0.193649167310371,2.31));
#10318=CARTESIAN_POINT('',(5.13,0.295803989154981,2.31));
#10319=VECTOR('',#10320,1.);
#10320=DIRECTION('',(0.,-1.,0.));
#10321=CARTESIAN_POINT('',(5.13,0.193649167310371,2.31));
#10322=CARTESIAN_POINT('',(5.13,0.19817021368326,2.343708224457));
#10323=CARTESIAN_POINT('',(5.13,0.207795230560616,2.41562176462789));
#10324=CARTESIAN_POINT('',(5.13,0.222178209011232,2.52349936228765));
#10325=CARTESIAN_POINT('',(5.13,0.238514010802537,2.64641343980263));
#10326=CARTESIAN_POINT('',(5.13,0.255648235388012,2.77572576435009));
#10327=CARTESIAN_POINT('',(5.13,0.28173229544207,2.97310354510226));
#10328=CARTESIAN_POINT('',(5.13,0.302710540996159,3.13238975249257));
#10329=CARTESIAN_POINT('',(5.13,0.334827623768327,3.37667335236503));
#10330=CARTESIAN_POINT('',(5.13,0.362128674034638,3.58474739605039));
#10331=CARTESIAN_POINT('',(5.13,0.387984739265939,3.78217831015547));
#10332=CARTESIAN_POINT('',(5.13,0.396862696659689,3.85));
#10333=AXIS2_PLACEMENT_3D('',#10334,#10335,#10336);
#10334=CARTESIAN_POINT('',(5.08,-1.41446705301519E-016,2.31));
#10335=DIRECTION('',(-6.12323399573677E-017,-6.12323399573677E-017,1.));
#10336=DIRECTION('',(0.968245836551854,0.249999999999999,7.45960432153909E-017));
#10337=CARTESIAN_POINT('',(5.03,0.193649167310371,2.31));
#10338=CARTESIAN_POINT('',(5.03,0.193649167310371,2.31));
#10339=CARTESIAN_POINT('',(5.03,0.19817021368326,2.343708224457));
#10340=CARTESIAN_POINT('',(5.03,0.207795230560616,2.41562176462789));
#10341=CARTESIAN_POINT('',(5.03,0.222178209011232,2.52349936228765));
#10342=CARTESIAN_POINT('',(5.03,0.238514010802537,2.64641343980263));
#10343=CARTESIAN_POINT('',(5.03,0.255648235388012,2.77572576435009));
#10344=CARTESIAN_POINT('',(5.03,0.28173229544207,2.97310354510226));
#10345=CARTESIAN_POINT('',(5.03,0.302710540996158,3.13238975249257));
#10346=CARTESIAN_POINT('',(5.03,0.334827623768328,3.37667335236504));
#10347=CARTESIAN_POINT('',(5.03,0.362128674034636,3.58474739605038));
#10348=CARTESIAN_POINT('',(5.03,0.387984739265939,3.78217831015546));
#10349=CARTESIAN_POINT('',(5.03,0.396862696659689,3.85));
#10350=CARTESIAN_POINT('',(5.03,0.193649167310371,2.31));
#10351=VECTOR('',#10352,1.);
#10352=DIRECTION('',(0.,1.,0.));
#10353=AXIS2_PLACEMENT_3D('',#10354,#10355,#10356);
#10354=CARTESIAN_POINT('',(5.08,-1.41446705301519E-016,2.31));
#10355=DIRECTION('',(-6.12323399573677E-017,-6.12323399573677E-017,1.));
#10356=DIRECTION('',(-0.249999999999999,0.968245836551855,4.39798732367072E-017));
#10357=CARTESIAN_POINT('',(3.03749371855331,0.0499999999999998,3.85));
#10358=CARTESIAN_POINT('',(2.59,0.49749371855331,3.85));
#10359=AXIS2_PLACEMENT_3D('',#10360,#10361,#10362);
#10360=CARTESIAN_POINT('',(2.54,-2.35744508835866E-016,3.85));
#10361=DIRECTION('',(-6.12323399573677E-017,-6.12323399573677E-017,1.));
#10362=DIRECTION('',(0.99498743710662,0.1,6.70486429979594E-017));
#10363=CARTESIAN_POINT('',(2.49,0.49749371855331,3.85));
#10364=AXIS2_PLACEMENT_3D('',#10365,#10366,#10367);
#10365=CARTESIAN_POINT('',(2.54,-2.35744508835866E-016,3.85));
#10366=DIRECTION('',(-6.12323399573677E-017,-6.12323399573677E-017,1.));
#10367=DIRECTION('',(0.0999999999999996,0.99498743710662,6.70486429979593E-017));
#10368=CARTESIAN_POINT('',(2.04250628144669,0.05,3.85));
#10369=AXIS2_PLACEMENT_3D('',#10370,#10371,#10372);
#10370=CARTESIAN_POINT('',(2.54,-2.35744508835866E-016,3.85));
#10371=DIRECTION('',(-6.12323399573677E-017,-6.12323399573677E-017,1.));
#10372=DIRECTION('',(-0.0999999999999996,0.99498743710662,5.48021750064858E-017));
#10373=CARTESIAN_POINT('',(2.04,-2.96976848793233E-016,3.85));
#10374=AXIS2_PLACEMENT_3D('',#10375,#10376,#10377);
#10375=CARTESIAN_POINT('',(2.54,-2.35744508835866E-016,3.85));
#10376=DIRECTION('',(-6.12323399573677E-017,-6.12323399573677E-017,1.));
#10377=DIRECTION('',(-0.99498743710662,0.1,-5.48021750064858E-017));
#10378=CARTESIAN_POINT('',(2.04250628144669,-0.0500000000000004,3.85));
#10379=AXIS2_PLACEMENT_3D('',#10380,#10381,#10382);
#10380=CARTESIAN_POINT('',(2.54,-2.35744508835866E-016,3.85));
#10381=DIRECTION('',(-6.12323399573677E-017,-6.12323399573677E-017,1.));
#10382=DIRECTION('',(-1.,-1.22464679914735E-016,-6.12323399573677E-017));
#10383=CARTESIAN_POINT('',(2.49,-0.49749371855331,3.85));
#10384=AXIS2_PLACEMENT_3D('',#10385,#10386,#10387);
#10385=CARTESIAN_POINT('',(2.54,-2.35744508835866E-016,3.85));
#10386=DIRECTION('',(-6.12323399573677E-017,-6.12323399573677E-017,1.));
#10387=DIRECTION('',(-0.99498743710662,-0.1,-6.70486429979593E-017));
#10388=CARTESIAN_POINT('',(2.59,-0.49749371855331,3.85));
#10389=AXIS2_PLACEMENT_3D('',#10390,#10391,#10392);
#10390=CARTESIAN_POINT('',(2.54,-2.35744508835866E-016,3.85));
#10391=DIRECTION('',(-6.12323399573677E-017,-6.12323399573677E-017,1.));
#10392=DIRECTION('',(-0.0999999999999987,-0.99498743710662,-6.70486429979592E-017));
#10393=CARTESIAN_POINT('',(3.03749371855331,-0.0500000000000002,3.85));
#10394=AXIS2_PLACEMENT_3D('',#10395,#10396,#10397);
#10395=CARTESIAN_POINT('',(2.54,-2.35744508835866E-016,3.85));
#10396=DIRECTION('',(-6.12323399573677E-017,-6.12323399573677E-017,1.));
#10397=DIRECTION('',(0.1,-0.99498743710662,-5.48021750064857E-017));
#10398=AXIS2_PLACEMENT_3D('',#10399,#10400,#10401);
#10399=CARTESIAN_POINT('',(2.54,-2.35744508835866E-016,3.85));
#10400=DIRECTION('',(-6.12323399573677E-017,-6.12323399573677E-017,1.));
#10401=DIRECTION('',(0.99498743710662,-0.1,5.48021750064858E-017));
#10402=CARTESIAN_POINT('',(2.04,-3.27593018771917E-016,4.35));
#10403=AXIS2_PLACEMENT_3D('',#10404,#10405,#10406);
#10404=CARTESIAN_POINT('',(2.54,-2.66360678814549E-016,4.35));
#10405=DIRECTION('',(-6.12323399573677E-017,-6.12323399573677E-017,1.));
#10406=DIRECTION('',(-1.,-1.22464679914735E-016,-6.12323399573677E-017));
#10407=CARTESIAN_POINT('',(2.14313730334031,-0.0500000000000003,3.85));
#10408=CARTESIAN_POINT('',(2.14,-2.8473038080176E-016,3.85));
#10409=AXIS2_PLACEMENT_3D('',#10410,#10411,#10412);
#10410=CARTESIAN_POINT('',(2.54,-2.35744508835865E-016,3.85));
#10411=DIRECTION('',(-6.12323399573677E-017,-6.12323399573677E-017,1.));
#10412=DIRECTION('',(-1.,-1.22464679914735E-016,-6.12323399573677E-017));
#10413=CARTESIAN_POINT('',(2.14313730334031,-0.0500000000000003,3.85));
#10414=VECTOR('',#10415,1.);
#10415=DIRECTION('',(-1.,-2.75815301219636E-016,0.));
#10416=CARTESIAN_POINT('',(2.14313730334031,0.0499999999999998,3.85));
#10417=CARTESIAN_POINT('',(2.04250628144669,0.0499999999999997,3.85));
#10418=VECTOR('',#10419,1.);
#10419=DIRECTION('',(1.,1.37907650609818E-016,0.));
#10420=AXIS2_PLACEMENT_3D('',#10421,#10422,#10423);
#10421=CARTESIAN_POINT('',(2.54,-2.35744508835865E-016,3.85));
#10422=DIRECTION('',(-6.12323399573677E-017,-6.12323399573677E-017,1.));
#10423=DIRECTION('',(-0.992156741649222,0.125,-5.30980364009884E-017));
#10424=CARTESIAN_POINT('',(2.49,-0.295803989154981,2.31));
#10425=CARTESIAN_POINT('',(2.49,-0.295803989154981,2.31));
#10426=CARTESIAN_POINT('',(2.49,-0.301025521185515,2.34964384473188));
#10427=CARTESIAN_POINT('',(2.49,-0.312156942918087,2.43421841280822));
#10428=CARTESIAN_POINT('',(2.49,-0.328831911670453,2.56108317987232));
#10429=CARTESIAN_POINT('',(2.49,-0.347044989801343,2.69981247410222));
#10430=CARTESIAN_POINT('',(2.49,-0.365843059348261,2.84315388167319));
#10431=CARTESIAN_POINT('',(2.49,-0.391546087721713,3.0393422492233));
#10432=CARTESIAN_POINT('',(2.49,-0.41378087234821,3.20926356547532));
#10433=CARTESIAN_POINT('',(2.49,-0.444684054706288,3.44561045885604));
#10434=CARTESIAN_POINT('',(2.49,-0.469542974308905,3.63588974361325));
#10435=CARTESIAN_POINT('',(2.49,-0.491088921665495,3.80093052555562));
#10436=CARTESIAN_POINT('',(2.49,-0.49749371855331,3.85));
#10437=CARTESIAN_POINT('',(2.24419601084502,-0.0500000000000002,2.31));
#10438=CARTESIAN_POINT('',(2.24419601084502,-0.0500000000000002,2.31));
#10439=CARTESIAN_POINT('',(2.23897447881449,-0.0500000000000002,2.34964384473188));
#10440=CARTESIAN_POINT('',(2.22784305708191,-0.0500000000000002,2.43421841280822));
#10441=CARTESIAN_POINT('',(2.21116808832955,-0.0500000000000002,2.56108317987232));
#10442=CARTESIAN_POINT('',(2.19295501019866,-0.0500000000000002,2.69981247410222));
#10443=CARTESIAN_POINT('',(2.17415694065174,-0.0500000000000002,2.84315388167318));
#10444=CARTESIAN_POINT('',(2.14845391227829,-0.0500000000000003,3.03934224922329));
#10445=CARTESIAN_POINT('',(2.12621912765179,-0.0500000000000003,3.2092635654753));
#10446=CARTESIAN_POINT('',(2.09531594529371,-0.0500000000000003,3.44561045885602));
#10447=CARTESIAN_POINT('',(2.0704570256911,-0.0500000000000003,3.63588974361324));
#10448=CARTESIAN_POINT('',(2.04891107833451,-0.0500000000000004,3.80093052555562));
#10449=CARTESIAN_POINT('',(2.04250628144669,-0.0500000000000004,3.85));
#10450=AXIS2_PLACEMENT_3D('',#10451,#10452,#10453);
#10451=CARTESIAN_POINT('',(2.54,-1.41446705301519E-016,2.31));
#10452=DIRECTION('',(-6.12323399573677E-017,-6.12323399573677E-017,1.));
#10453=DIRECTION('',(-0.986013297183269,-0.166666666666666,-7.05812914085056E-017));
#10454=CARTESIAN_POINT('',(2.59,-0.396862696659689,3.85));
#10455=CARTESIAN_POINT('',(2.49,-0.396862696659689,3.85));
#10456=AXIS2_PLACEMENT_3D('',#10457,#10458,#10459);
#10457=CARTESIAN_POINT('',(2.54,-2.35744508835865E-016,3.85));
#10458=DIRECTION('',(-6.12323399573677E-017,-6.12323399573677E-017,1.));
#10459=DIRECTION('',(-0.124999999999999,-0.992156741649222,-6.84061213903303E-017));
#10460=CARTESIAN_POINT('',(2.59,-0.396862696659689,3.85));
#10461=VECTOR('',#10462,1.);
#10462=DIRECTION('',(0.,-1.,0.));
#10463=CARTESIAN_POINT('',(2.49,-0.49749371855331,3.85));
#10464=VECTOR('',#10465,1.);
#10465=DIRECTION('',(0.,1.,0.));
#10466=CARTESIAN_POINT('',(2.59,-0.295803989154981,2.31));
#10467=CARTESIAN_POINT('',(2.59,-0.295803989154981,2.31));
#10468=CARTESIAN_POINT('',(2.59,-0.301025521185515,2.34964384473188));
#10469=CARTESIAN_POINT('',(2.59,-0.312156942918087,2.43421841280823));
#10470=CARTESIAN_POINT('',(2.59,-0.328831911670455,2.56108317987233));
#10471=CARTESIAN_POINT('',(2.59,-0.347044989801345,2.69981247410224));
#10472=CARTESIAN_POINT('',(2.59,-0.365843059348264,2.84315388167321));
#10473=CARTESIAN_POINT('',(2.59,-0.391546087721716,3.03934224922333));
#10474=CARTESIAN_POINT('',(2.59,-0.413780872348214,3.20926356547536));
#10475=CARTESIAN_POINT('',(2.59,-0.444684054706293,3.44561045885608));
#10476=CARTESIAN_POINT('',(2.59,-0.469542974308909,3.63588974361328));
#10477=CARTESIAN_POINT('',(2.59,-0.491088921665497,3.80093052555564));
#10478=CARTESIAN_POINT('',(2.59,-0.49749371855331,3.85));
#10479=CARTESIAN_POINT('',(2.83580398915498,-0.0500000000000001,2.31));
#10480=AXIS2_PLACEMENT_3D('',#10481,#10482,#10483);
#10481=CARTESIAN_POINT('',(2.54,-1.41446705301519E-016,2.31));
#10482=DIRECTION('',(-6.12323399573677E-017,-6.12323399573677E-017,1.));
#10483=DIRECTION('',(0.166666666666666,-0.986013297183269,-5.01705114227164E-017));
#10484=CARTESIAN_POINT('',(2.83580398915498,-0.0500000000000001,2.31));
#10485=CARTESIAN_POINT('',(2.84102552118551,-0.0500000000000001,2.34964384473188));
#10486=CARTESIAN_POINT('',(2.85215694291809,-0.05,2.43421841280822));
#10487=CARTESIAN_POINT('',(2.86883191167045,-0.0500000000000001,2.56108317987232));
#10488=CARTESIAN_POINT('',(2.88704498980134,-0.0500000000000001,2.69981247410223));
#10489=CARTESIAN_POINT('',(2.90584305934826,-0.05,2.84315388167319));
#10490=CARTESIAN_POINT('',(2.93154608772171,-0.0500000000000002,3.03934224922331));
#10491=CARTESIAN_POINT('',(2.95378087234821,-0.0500000000000001,3.20926356547533));
#10492=CARTESIAN_POINT('',(2.98468405470629,-0.0500000000000001,3.44561045885605));
#10493=CARTESIAN_POINT('',(3.0095429743089,-0.0500000000000001,3.63588974361326));
#10494=CARTESIAN_POINT('',(3.0310889216655,-0.0500000000000001,3.80093052555563));
#10495=CARTESIAN_POINT('',(3.03749371855331,-0.0500000000000002,3.85));
#10496=CARTESIAN_POINT('',(2.93686269665969,0.0499999999999998,3.85));
#10497=CARTESIAN_POINT('',(2.93686269665969,-0.05,3.85));
#10498=AXIS2_PLACEMENT_3D('',#10499,#10500,#10501);
#10499=CARTESIAN_POINT('',(2.54,-2.35744508835865E-016,3.85));
#10500=DIRECTION('',(-6.12323399573677E-017,-6.12323399573677E-017,1.));
#10501=DIRECTION('',(0.992156741649222,-0.124999999999999,5.30980364009885E-017));
#10502=CARTESIAN_POINT('',(2.93686269665969,0.0499999999999998,3.85));
#10503=VECTOR('',#10504,1.);
#10504=DIRECTION('',(1.,1.37907650609818E-016,0.));
#10505=CARTESIAN_POINT('',(3.03749371855331,-0.0500000000000001,3.85));
#10506=VECTOR('',#10507,1.);
#10507=DIRECTION('',(-1.,-2.75815301219636E-016,0.));
#10508=CARTESIAN_POINT('',(2.59,0.295803989154981,2.31));
#10509=CARTESIAN_POINT('',(2.59,0.295803989154981,2.31));
#10510=CARTESIAN_POINT('',(2.59,0.301025521185515,2.34964384473188));
#10511=CARTESIAN_POINT('',(2.59,0.312156942918087,2.43421841280823));
#10512=CARTESIAN_POINT('',(2.59,0.328831911670454,2.56108317987233));
#10513=CARTESIAN_POINT('',(2.59,0.347044989801345,2.69981247410224));
#10514=CARTESIAN_POINT('',(2.59,0.365843059348263,2.84315388167321));
#10515=CARTESIAN_POINT('',(2.59,0.391546087721715,3.03934224922333));
#10516=CARTESIAN_POINT('',(2.59,0.413780872348214,3.20926356547536));
#10517=CARTESIAN_POINT('',(2.59,0.444684054706292,3.44561045885608));
#10518=CARTESIAN_POINT('',(2.59,0.469542974308908,3.63588974361328));
#10519=CARTESIAN_POINT('',(2.59,0.491088921665497,3.80093052555564));
#10520=CARTESIAN_POINT('',(2.59,0.49749371855331,3.85));
#10521=CARTESIAN_POINT('',(2.83580398915498,0.0500000000000001,2.31));
#10522=CARTESIAN_POINT('',(2.83580398915498,0.05,2.31));
#10523=CARTESIAN_POINT('',(2.84102552118552,0.0499999999999999,2.34964384473188));
#10524=CARTESIAN_POINT('',(2.85215694291809,0.0499999999999998,2.43421841280822));
#10525=CARTESIAN_POINT('',(2.86883191167045,0.0499999999999999,2.56108317987232));
#10526=CARTESIAN_POINT('',(2.88704498980134,0.05,2.69981247410222));
#10527=CARTESIAN_POINT('',(2.90584305934826,0.0499999999999998,2.84315388167318));
#10528=CARTESIAN_POINT('',(2.93154608772171,0.0499999999999999,3.0393422492233));
#10529=CARTESIAN_POINT('',(2.95378087234821,0.0499999999999999,3.20926356547531));
#10530=CARTESIAN_POINT('',(2.98468405470629,0.0499999999999999,3.44561045885603));
#10531=CARTESIAN_POINT('',(3.0095429743089,0.0499999999999998,3.63588974361325));
#10532=CARTESIAN_POINT('',(3.03108892166549,0.0499999999999999,3.80093052555562));
#10533=CARTESIAN_POINT('',(3.03749371855331,0.0499999999999999,3.85));
#10534=AXIS2_PLACEMENT_3D('',#10535,#10536,#10537);
#10535=CARTESIAN_POINT('',(2.54,-1.41446705301519E-016,2.31));
#10536=DIRECTION('',(-6.12323399573677E-017,-6.12323399573677E-017,1.));
#10537=DIRECTION('',(0.986013297183269,0.166666666666668,7.05812914085056E-017));
#10538=CARTESIAN_POINT('',(2.49,0.396862696659689,3.85));
#10539=CARTESIAN_POINT('',(2.59,0.396862696659689,3.85));
#10540=AXIS2_PLACEMENT_3D('',#10541,#10542,#10543);
#10541=CARTESIAN_POINT('',(2.54,-2.35744508835865E-016,3.85));
#10542=DIRECTION('',(-6.12323399573677E-017,-6.12323399573677E-017,1.));
#10543=DIRECTION('',(0.124999999999999,0.992156741649222,6.84061213903303E-017));
#10544=CARTESIAN_POINT('',(2.49,0.396862696659689,3.85));
#10545=VECTOR('',#10546,1.);
#10546=DIRECTION('',(0.,1.,0.));
#10547=CARTESIAN_POINT('',(2.59,0.49749371855331,3.85));
#10548=VECTOR('',#10549,1.);
#10549=DIRECTION('',(0.,-1.,0.));
#10550=CARTESIAN_POINT('',(2.24419601084502,0.0499999999999999,2.31));
#10551=CARTESIAN_POINT('',(2.24419601084502,0.0499999999999999,2.31));
#10552=CARTESIAN_POINT('',(2.23897447881449,0.0499999999999999,2.34964384473188));
#10553=CARTESIAN_POINT('',(2.22784305708191,0.0499999999999999,2.43421841280822));
#10554=CARTESIAN_POINT('',(2.21116808832955,0.0499999999999998,2.56108317987232));
#10555=CARTESIAN_POINT('',(2.19295501019866,0.0499999999999999,2.69981247410223));
#10556=CARTESIAN_POINT('',(2.17415694065174,0.0499999999999999,2.84315388167319));
#10557=CARTESIAN_POINT('',(2.14845391227829,0.0499999999999996,3.03934224922331));
#10558=CARTESIAN_POINT('',(2.12621912765179,0.0500000000000001,3.20926356547533));
#10559=CARTESIAN_POINT('',(2.09531594529371,0.0499999999999994,3.44561045885605));
#10560=CARTESIAN_POINT('',(2.07045702569109,0.0499999999999997,3.63588974361326));
#10561=CARTESIAN_POINT('',(2.0489110783345,0.05,3.80093052555563));
#10562=CARTESIAN_POINT('',(2.04250628144669,0.05,3.85));
#10563=CARTESIAN_POINT('',(2.49,0.295803989154981,2.31));
#10564=CARTESIAN_POINT('',(2.49,0.295803989154981,2.31));
#10565=CARTESIAN_POINT('',(2.49,0.301025521185514,2.34964384473188));
#10566=CARTESIAN_POINT('',(2.49,0.312156942918086,2.43421841280822));
#10567=CARTESIAN_POINT('',(2.49,0.328831911670453,2.56108317987232));
#10568=CARTESIAN_POINT('',(2.49,0.347044989801343,2.69981247410223));
#10569=CARTESIAN_POINT('',(2.49,0.365843059348261,2.84315388167319));
#10570=CARTESIAN_POINT('',(2.49,0.391546087721713,3.03934224922331));
#10571=CARTESIAN_POINT('',(2.49,0.41378087234821,3.20926356547533));
#10572=CARTESIAN_POINT('',(2.49,0.44468405470629,3.44561045885605));
#10573=CARTESIAN_POINT('',(2.49,0.469542974308905,3.63588974361326));
#10574=CARTESIAN_POINT('',(2.49,0.491088921665495,3.80093052555563));
#10575=CARTESIAN_POINT('',(2.49,0.49749371855331,3.85));
#10576=AXIS2_PLACEMENT_3D('',#10577,#10578,#10579);
#10577=CARTESIAN_POINT('',(2.54,-1.41446705301519E-016,2.31));
#10578=DIRECTION('',(-6.12323399573677E-017,-6.12323399573677E-017,1.));
#10579=DIRECTION('',(-0.166666666666667,0.986013297183269,5.01705114227163E-017));
#10580=CARTESIAN_POINT('',(2.14,-3.15346550780443E-016,4.35));
#10581=AXIS2_PLACEMENT_3D('',#10582,#10583,#10584);
#10582=CARTESIAN_POINT('',(2.54,-2.66360678814549E-016,4.35));
#10583=DIRECTION('',(-6.12323399573677E-017,-6.12323399573677E-017,1.));
#10584=DIRECTION('',(-1.,-1.22464679914735E-016,-6.12323399573677E-017));
#10585=AXIS2_PLACEMENT_3D('',#10586,#10587,#10588);
#10586=CARTESIAN_POINT('',(2.54,-2.35744508835866E-016,3.85));
#10587=DIRECTION('',(-6.12323399573677E-017,-6.12323399573677E-017,1.));
#10588=DIRECTION('',(0.124999999999999,-0.992156741649222,-5.30980364009884E-017));
#10589=AXIS2_PLACEMENT_3D('',#10590,#10591,#10592);
#10590=CARTESIAN_POINT('',(2.54,-2.35744508835866E-016,3.85));
#10591=DIRECTION('',(-6.12323399573677E-017,-6.12323399573677E-017,1.));
#10592=DIRECTION('',(-0.992156741649222,-0.125,-6.84061213903303E-017));
#10593=AXIS2_PLACEMENT_3D('',#10594,#10595,#10596);
#10594=CARTESIAN_POINT('',(2.54,-2.35744508835866E-016,3.85));
#10595=DIRECTION('',(-6.12323399573677E-017,-6.12323399573677E-017,1.));
#10596=DIRECTION('',(-0.124999999999999,0.992156741649222,5.30980364009884E-017));
#10597=AXIS2_PLACEMENT_3D('',#10598,#10599,#10600);
#10598=CARTESIAN_POINT('',(2.54,-2.35744508835866E-016,3.85));
#10599=DIRECTION('',(-6.12323399573677E-017,-6.12323399573677E-017,1.));
#10600=DIRECTION('',(0.992156741649222,0.125,6.84061213903303E-017));
#10601=CARTESIAN_POINT('',(2.34635083268963,-0.0500000000000002,2.31));
#10602=CARTESIAN_POINT('',(2.34635083268963,-0.0500000000000002,2.31));
#10603=CARTESIAN_POINT('',(2.34182978631674,-0.0500000000000002,2.343708224457));
#10604=CARTESIAN_POINT('',(2.33220476943938,-0.0500000000000002,2.41562176462789));
#10605=CARTESIAN_POINT('',(2.31782179098877,-0.0500000000000002,2.52349936228765));
#10606=CARTESIAN_POINT('',(2.30148598919746,-0.0500000000000002,2.64641343980263));
#10607=CARTESIAN_POINT('',(2.28435176461199,-0.0500000000000002,2.7757257643501));
#10608=CARTESIAN_POINT('',(2.25826770455793,-0.0500000000000003,2.97310354510227));
#10609=CARTESIAN_POINT('',(2.23728945900384,-0.0500000000000002,3.13238975249258));
#10610=CARTESIAN_POINT('',(2.20517237623167,-0.0500000000000004,3.37667335236505));
#10611=CARTESIAN_POINT('',(2.17787132596536,-0.0500000000000003,3.58474739605039));
#10612=CARTESIAN_POINT('',(2.15201526073406,-0.0500000000000003,3.78217831015547));
#10613=CARTESIAN_POINT('',(2.14313730334031,-0.0500000000000003,3.85));
#10614=CARTESIAN_POINT('',(2.34635083268963,-0.0500000000000002,2.31));
#10615=VECTOR('',#10616,1.);
#10616=DIRECTION('',(-1.,-2.71701081891646E-016,0.));
#10617=CARTESIAN_POINT('',(2.34635083268963,0.0499999999999998,2.31));
#10618=CARTESIAN_POINT('',(2.24419601084502,0.0499999999999998,2.31));
#10619=VECTOR('',#10620,1.);
#10620=DIRECTION('',(1.,1.35850540945823E-016,0.));
#10621=CARTESIAN_POINT('',(2.34635083268963,0.0499999999999998,2.31));
#10622=CARTESIAN_POINT('',(2.34182978631674,0.0499999999999998,2.343708224457));
#10623=CARTESIAN_POINT('',(2.33220476943938,0.0499999999999998,2.41562176462789));
#10624=CARTESIAN_POINT('',(2.31782179098877,0.0499999999999998,2.52349936228765));
#10625=CARTESIAN_POINT('',(2.30148598919746,0.0499999999999998,2.64641343980264));
#10626=CARTESIAN_POINT('',(2.28435176461199,0.0499999999999998,2.77572576435011));
#10627=CARTESIAN_POINT('',(2.25826770455793,0.0499999999999997,2.97310354510228));
#10628=CARTESIAN_POINT('',(2.23728945900384,0.05,3.13238975249259));
#10629=CARTESIAN_POINT('',(2.20517237623167,0.0499999999999995,3.37667335236506));
#10630=CARTESIAN_POINT('',(2.17787132596536,0.0499999999999997,3.58474739605039));
#10631=CARTESIAN_POINT('',(2.15201526073406,0.0499999999999999,3.78217831015547));
#10632=CARTESIAN_POINT('',(2.14313730334031,0.0499999999999998,3.85));
#10633=CARTESIAN_POINT('',(2.49,-0.193649167310371,2.31));
#10634=CARTESIAN_POINT('',(2.49,-0.295803989154981,2.31));
#10635=VECTOR('',#10636,1.);
#10636=DIRECTION('',(0.,1.,0.));
#10637=CARTESIAN_POINT('',(2.49,-0.193649167310371,2.31));
#10638=CARTESIAN_POINT('',(2.49,-0.19817021368326,2.343708224457));
#10639=CARTESIAN_POINT('',(2.49,-0.207795230560617,2.41562176462789));
#10640=CARTESIAN_POINT('',(2.49,-0.222178209011234,2.52349936228766));
#10641=CARTESIAN_POINT('',(2.49,-0.238514010802539,2.64641343980264));
#10642=CARTESIAN_POINT('',(2.49,-0.255648235388015,2.77572576435011));
#10643=CARTESIAN_POINT('',(2.49,-0.281732295442073,2.97310354510229));
#10644=CARTESIAN_POINT('',(2.49,-0.302710540996163,3.1323897524926));
#10645=CARTESIAN_POINT('',(2.49,-0.334827623768331,3.37667335236506));
#10646=CARTESIAN_POINT('',(2.49,-0.36212867403464,3.5847473960504));
#10647=CARTESIAN_POINT('',(2.49,-0.387984739265941,3.78217831015547));
#10648=CARTESIAN_POINT('',(2.49,-0.396862696659689,3.85));
#10649=AXIS2_PLACEMENT_3D('',#10650,#10651,#10652);
#10650=CARTESIAN_POINT('',(2.54,-1.41446705301519E-016,2.31));
#10651=DIRECTION('',(-6.12323399573677E-017,-6.12323399573677E-017,1.));
#10652=DIRECTION('',(-0.968245836551854,-0.25,-7.45960432153909E-017));
#10653=CARTESIAN_POINT('',(2.59,-0.193649167310371,2.31));
#10654=CARTESIAN_POINT('',(2.59,-0.193649167310371,2.31));
#10655=CARTESIAN_POINT('',(2.59,-0.19817021368326,2.343708224457));
#10656=CARTESIAN_POINT('',(2.59,-0.207795230560616,2.41562176462789));
#10657=CARTESIAN_POINT('',(2.59,-0.222178209011233,2.52349936228765));
#10658=CARTESIAN_POINT('',(2.59,-0.238514010802537,2.64641343980263));
#10659=CARTESIAN_POINT('',(2.59,-0.255648235388012,2.77572576435009));
#10660=CARTESIAN_POINT('',(2.59,-0.281732295442071,2.97310354510226));
#10661=CARTESIAN_POINT('',(2.59,-0.302710540996158,3.13238975249257));
#10662=CARTESIAN_POINT('',(2.59,-0.334827623768328,3.37667335236504));
#10663=CARTESIAN_POINT('',(2.59,-0.362128674034638,3.58474739605039));
#10664=CARTESIAN_POINT('',(2.59,-0.387984739265939,3.78217831015546));
#10665=CARTESIAN_POINT('',(2.59,-0.396862696659689,3.85));
#10666=CARTESIAN_POINT('',(2.59,-0.193649167310371,2.31));
#10667=VECTOR('',#10668,1.);
#10668=DIRECTION('',(0.,-1.,0.));
#10669=CARTESIAN_POINT('',(2.73364916731037,-0.05,2.31));
#10670=AXIS2_PLACEMENT_3D('',#10671,#10672,#10673);
#10671=CARTESIAN_POINT('',(2.54,-1.41446705301519E-016,2.31));
#10672=DIRECTION('',(-6.12323399573677E-017,-6.12323399573677E-017,1.));
#10673=DIRECTION('',(0.249999999999999,-0.968245836551855,-4.39798732367072E-017));
#10674=CARTESIAN_POINT('',(2.83580398915498,-0.0500000000000001,2.31));
#10675=VECTOR('',#10676,1.);
#10676=DIRECTION('',(-1.,-2.71701081891646E-016,0.));
#10677=CARTESIAN_POINT('',(2.73364916731037,-0.0500000000000001,2.31));
#10678=CARTESIAN_POINT('',(2.73817021368326,-0.0500000000000001,2.343708224457));
#10679=CARTESIAN_POINT('',(2.74779523056062,-0.0500000000000001,2.41562176462789));
#10680=CARTESIAN_POINT('',(2.76217820901123,-0.0500000000000001,2.52349936228765));
#10681=CARTESIAN_POINT('',(2.77851401080254,-0.0500000000000002,2.64641343980264));
#10682=CARTESIAN_POINT('',(2.79564823538801,-0.0500000000000001,2.77572576435011));
#10683=CARTESIAN_POINT('',(2.82173229544207,-0.0500000000000002,2.97310354510229));
#10684=CARTESIAN_POINT('',(2.84271054099616,-0.05,3.1323897524926));
#10685=CARTESIAN_POINT('',(2.87482762376833,-0.0500000000000003,3.37667335236507));
#10686=CARTESIAN_POINT('',(2.90212867403464,-0.0500000000000002,3.58474739605041));
#10687=CARTESIAN_POINT('',(2.92798473926594,-0.0500000000000001,3.78217831015547));
#10688=CARTESIAN_POINT('',(2.93686269665969,-0.0500000000000001,3.85));
#10689=CARTESIAN_POINT('',(2.73364916731037,0.0499999999999999,2.31));
#10690=CARTESIAN_POINT('',(2.73364916731037,0.0499999999999999,2.31));
#10691=CARTESIAN_POINT('',(2.73817021368326,0.0499999999999999,2.343708224457));
#10692=CARTESIAN_POINT('',(2.74779523056062,0.0499999999999999,2.41562176462789));
#10693=CARTESIAN_POINT('',(2.76217820901123,0.0499999999999999,2.52349936228765));
#10694=CARTESIAN_POINT('',(2.77851401080254,0.0499999999999999,2.64641343980263));
#10695=CARTESIAN_POINT('',(2.79564823538801,0.0499999999999998,2.7757257643501));
#10696=CARTESIAN_POINT('',(2.82173229544208,0.0499999999999999,2.97310354510228));
#10697=CARTESIAN_POINT('',(2.84271054099616,0.0499999999999997,3.13238975249258));
#10698=CARTESIAN_POINT('',(2.87482762376833,0.05,3.37667335236505));
#10699=CARTESIAN_POINT('',(2.90212867403464,0.0499999999999998,3.58474739605038));
#10700=CARTESIAN_POINT('',(2.92798473926594,0.0499999999999998,3.78217831015546));
#10701=CARTESIAN_POINT('',(2.93686269665969,0.0499999999999998,3.85));
#10702=CARTESIAN_POINT('',(2.73364916731037,0.0499999999999999,2.31));
#10703=VECTOR('',#10704,1.);
#10704=DIRECTION('',(1.,2.03775811418734E-016,0.));
#10705=CARTESIAN_POINT('',(2.59,0.193649167310371,2.31));
#10706=CARTESIAN_POINT('',(2.59,0.295803989154981,2.31));
#10707=VECTOR('',#10708,1.);
#10708=DIRECTION('',(0.,-1.,0.));
#10709=CARTESIAN_POINT('',(2.59,0.193649167310371,2.31));
#10710=CARTESIAN_POINT('',(2.59,0.19817021368326,2.343708224457));
#10711=CARTESIAN_POINT('',(2.59,0.207795230560616,2.41562176462789));
#10712=CARTESIAN_POINT('',(2.59,0.222178209011232,2.52349936228765));
#10713=CARTESIAN_POINT('',(2.59,0.238514010802537,2.64641343980263));
#10714=CARTESIAN_POINT('',(2.59,0.255648235388012,2.77572576435009));
#10715=CARTESIAN_POINT('',(2.59,0.281732295442071,2.97310354510226));
#10716=CARTESIAN_POINT('',(2.59,0.302710540996159,3.13238975249257));
#10717=CARTESIAN_POINT('',(2.59,0.334827623768327,3.37667335236504));
#10718=CARTESIAN_POINT('',(2.59,0.362128674034638,3.58474739605039));
#10719=CARTESIAN_POINT('',(2.59,0.387984739265939,3.78217831015547));
#10720=CARTESIAN_POINT('',(2.59,0.396862696659689,3.85));
#10721=AXIS2_PLACEMENT_3D('',#10722,#10723,#10724);
#10722=CARTESIAN_POINT('',(2.54,-1.41446705301519E-016,2.31));
#10723=DIRECTION('',(-6.12323399573677E-017,-6.12323399573677E-017,1.));
#10724=DIRECTION('',(0.968245836551854,0.249999999999999,7.45960432153909E-017));
#10725=CARTESIAN_POINT('',(2.49,0.193649167310371,2.31));
#10726=CARTESIAN_POINT('',(2.49,0.193649167310371,2.31));
#10727=CARTESIAN_POINT('',(2.49,0.198170213683259,2.343708224457));
#10728=CARTESIAN_POINT('',(2.49,0.207795230560616,2.41562176462789));
#10729=CARTESIAN_POINT('',(2.49,0.222178209011234,2.52349936228766));
#10730=CARTESIAN_POINT('',(2.49,0.238514010802539,2.64641343980264));
#10731=CARTESIAN_POINT('',(2.49,0.255648235388014,2.77572576435011));
#10732=CARTESIAN_POINT('',(2.49,0.281732295442073,2.97310354510229));
#10733=CARTESIAN_POINT('',(2.49,0.302710540996162,3.1323897524926));
#10734=CARTESIAN_POINT('',(2.49,0.334827623768331,3.37667335236507));
#10735=CARTESIAN_POINT('',(2.49,0.362128674034639,3.5847473960504));
#10736=CARTESIAN_POINT('',(2.49,0.38798473926594,3.78217831015547));
#10737=CARTESIAN_POINT('',(2.49,0.396862696659689,3.85));
#10738=CARTESIAN_POINT('',(2.49,0.193649167310371,2.31));
#10739=VECTOR('',#10740,1.);
#10740=DIRECTION('',(0.,1.,0.));
#10741=AXIS2_PLACEMENT_3D('',#10742,#10743,#10744);
#10742=CARTESIAN_POINT('',(2.54,-1.41446705301519E-016,2.31));
#10743=DIRECTION('',(-6.12323399573677E-017,-6.12323399573677E-017,1.));
#10744=DIRECTION('',(-0.250000000000001,0.968245836551854,4.3979873236707E-017));
#10745=CARTESIAN_POINT('',(-0.500000000000001,-3.27593018771917E-016,4.35));
#10746=AXIS2_PLACEMENT_3D('',#10747,#10748,#10749);
#10747=CARTESIAN_POINT('',(-2.14644094748097E-016,-2.66360678814549E-016,4.35));
#10748=DIRECTION('',(-6.12323399573677E-017,-6.12323399573677E-017,1.));
#10749=DIRECTION('',(-1.,-1.22464679914735E-016,-6.12323399573677E-017));
#10750=CARTESIAN_POINT('',(-0.400000000000001,-3.15346550780443E-016,4.35));
#10751=AXIS2_PLACEMENT_3D('',#10752,#10753,#10754);
#10752=CARTESIAN_POINT('',(-2.14644094748097E-016,-2.66360678814549E-016,4.35));
#10753=DIRECTION('',(-6.12323399573677E-017,-6.12323399573677E-017,1.));
#10754=DIRECTION('',(-1.,-1.22464679914735E-016,-6.12323399573677E-017));
#10755=CARTESIAN_POINT('',(0.49749371855331,0.0499999999999998,3.85));
#10756=CARTESIAN_POINT('',(0.05,0.49749371855331,3.85));
#10757=AXIS2_PLACEMENT_3D('',#10758,#10759,#10760);
#10758=CARTESIAN_POINT('',(-1.84027924769414E-016,-2.35744508835866E-016,3.85));
#10759=DIRECTION('',(-6.12323399573677E-017,-6.12323399573677E-017,1.));
#10760=DIRECTION('',(0.99498743710662,0.1,6.70486429979593E-017));
#10761=CARTESIAN_POINT('',(-0.0500000000000002,0.49749371855331,3.85));
#10762=AXIS2_PLACEMENT_3D('',#10763,#10764,#10765);
#10763=CARTESIAN_POINT('',(-1.84027924769414E-016,-2.35744508835866E-016,3.85));
#10764=DIRECTION('',(-6.12323399573677E-017,-6.12323399573677E-017,1.));
#10765=DIRECTION('',(0.1,0.99498743710662,6.70486429979593E-017));
#10766=CARTESIAN_POINT('',(-0.49749371855331,0.05,3.85));
#10767=AXIS2_PLACEMENT_3D('',#10768,#10769,#10770);
#10768=CARTESIAN_POINT('',(-1.84027924769414E-016,-2.35744508835866E-016,3.85));
#10769=DIRECTION('',(-6.12323399573677E-017,-6.12323399573677E-017,1.));
#10770=DIRECTION('',(-0.0999999999999999,0.99498743710662,5.48021750064858E-017));
#10771=CARTESIAN_POINT('',(-0.500000000000001,-2.96976848793233E-016,3.85));
#10772=AXIS2_PLACEMENT_3D('',#10773,#10774,#10775);
#10773=CARTESIAN_POINT('',(-1.84027924769414E-016,-2.35744508835866E-016,3.85));
#10774=DIRECTION('',(-6.12323399573677E-017,-6.12323399573677E-017,1.));
#10775=DIRECTION('',(-0.99498743710662,0.1,-5.48021750064858E-017));
#10776=CARTESIAN_POINT('',(-0.49749371855331,-0.0500000000000003,3.85));
#10777=AXIS2_PLACEMENT_3D('',#10778,#10779,#10780);
#10778=CARTESIAN_POINT('',(-1.84027924769414E-016,-2.35744508835866E-016,3.85));
#10779=DIRECTION('',(-6.12323399573677E-017,-6.12323399573677E-017,1.));
#10780=DIRECTION('',(-1.,-1.22464679914735E-016,-6.12323399573677E-017));
#10781=CARTESIAN_POINT('',(-0.05,-0.49749371855331,3.85));
#10782=AXIS2_PLACEMENT_3D('',#10783,#10784,#10785);
#10783=CARTESIAN_POINT('',(-1.84027924769414E-016,-2.35744508835866E-016,3.85));
#10784=DIRECTION('',(-6.12323399573677E-017,-6.12323399573677E-017,1.));
#10785=DIRECTION('',(-0.99498743710662,-0.1,-6.70486429979593E-017));
#10786=CARTESIAN_POINT('',(0.0499999999999999,-0.49749371855331,3.85));
#10787=AXIS2_PLACEMENT_3D('',#10788,#10789,#10790);
#10788=CARTESIAN_POINT('',(-1.84027924769414E-016,-2.35744508835866E-016,3.85));
#10789=DIRECTION('',(-6.12323399573677E-017,-6.12323399573677E-017,1.));
#10790=DIRECTION('',(-0.0999999999999997,-0.99498743710662,-6.70486429979593E-017));
#10791=CARTESIAN_POINT('',(0.49749371855331,-0.0500000000000002,3.85));
#10792=AXIS2_PLACEMENT_3D('',#10793,#10794,#10795);
#10793=CARTESIAN_POINT('',(-1.84027924769414E-016,-2.35744508835866E-016,3.85));
#10794=DIRECTION('',(-6.12323399573677E-017,-6.12323399573677E-017,1.));
#10795=DIRECTION('',(0.1,-0.99498743710662,-5.48021750064858E-017));
#10796=AXIS2_PLACEMENT_3D('',#10797,#10798,#10799);
#10797=CARTESIAN_POINT('',(-1.84027924769414E-016,-2.35744508835866E-016,3.85));
#10798=DIRECTION('',(-6.12323399573677E-017,-6.12323399573677E-017,1.));
#10799=DIRECTION('',(0.99498743710662,-0.1,5.48021750064858E-017));
#10800=CARTESIAN_POINT('',(0.396862696659689,0.0499999999999997,3.85));
#10801=CARTESIAN_POINT('',(0.396862696659689,-0.0500000000000001,3.85));
#10802=AXIS2_PLACEMENT_3D('',#10803,#10804,#10805);
#10803=CARTESIAN_POINT('',(-1.84027924769414E-016,-2.35744508835865E-016,3.85));
#10804=DIRECTION('',(-6.12323399573677E-017,-6.12323399573677E-017,1.));
#10805=DIRECTION('',(0.992156741649221,-0.125,5.30980364009884E-017));
#10806=CARTESIAN_POINT('',(0.0499999999999999,-0.396862696659689,3.85));
#10807=AXIS2_PLACEMENT_3D('',#10808,#10809,#10810);
#10808=CARTESIAN_POINT('',(-1.84027924769414E-016,-2.35744508835866E-016,3.85));
#10809=DIRECTION('',(-6.12323399573677E-017,-6.12323399573677E-017,1.));
#10810=DIRECTION('',(0.125,-0.992156741649221,-5.30980364009884E-017));
#10811=CARTESIAN_POINT('',(-0.0500000000000001,-0.396862696659689,3.85));
#10812=AXIS2_PLACEMENT_3D('',#10813,#10814,#10815);
#10813=CARTESIAN_POINT('',(-1.84027924769414E-016,-2.35744508835865E-016,3.85));
#10814=DIRECTION('',(-6.12323399573677E-017,-6.12323399573677E-017,1.));
#10815=DIRECTION('',(-0.125,-0.992156741649222,-6.84061213903303E-017));
#10816=CARTESIAN_POINT('',(-0.396862696659689,-0.0500000000000003,3.85));
#10817=AXIS2_PLACEMENT_3D('',#10818,#10819,#10820);
#10818=CARTESIAN_POINT('',(-1.84027924769414E-016,-2.35744508835866E-016,3.85));
#10819=DIRECTION('',(-6.12323399573677E-017,-6.12323399573677E-017,1.));
#10820=DIRECTION('',(-0.992156741649221,-0.125,-6.84061213903303E-017));
#10821=CARTESIAN_POINT('',(-0.400000000000001,-2.8473038080176E-016,3.85));
#10822=AXIS2_PLACEMENT_3D('',#10823,#10824,#10825);
#10823=CARTESIAN_POINT('',(-1.84027924769414E-016,-2.35744508835865E-016,3.85));
#10824=DIRECTION('',(-6.12323399573677E-017,-6.12323399573677E-017,1.));
#10825=DIRECTION('',(-1.,-1.22464679914735E-016,-6.12323399573677E-017));
#10826=CARTESIAN_POINT('',(-0.396862696659689,0.0499999999999998,3.85));
#10827=AXIS2_PLACEMENT_3D('',#10828,#10829,#10830);
#10828=CARTESIAN_POINT('',(-1.84027924769414E-016,-2.35744508835865E-016,3.85));
#10829=DIRECTION('',(-6.12323399573677E-017,-6.12323399573677E-017,1.));
#10830=DIRECTION('',(-0.992156741649221,0.125,-5.30980364009884E-017));
#10831=CARTESIAN_POINT('',(-0.0500000000000004,0.396862696659689,3.85));
#10832=AXIS2_PLACEMENT_3D('',#10833,#10834,#10835);
#10833=CARTESIAN_POINT('',(-1.84027924769414E-016,-2.35744508835866E-016,3.85));
#10834=DIRECTION('',(-6.12323399573677E-017,-6.12323399573677E-017,1.));
#10835=DIRECTION('',(-0.125000000000001,0.992156741649221,5.30980364009883E-017));
#10836=CARTESIAN_POINT('',(0.0499999999999999,0.396862696659689,3.85));
#10837=AXIS2_PLACEMENT_3D('',#10838,#10839,#10840);
#10838=CARTESIAN_POINT('',(-1.84027924769414E-016,-2.35744508835865E-016,3.85));
#10839=DIRECTION('',(-6.12323399573677E-017,-6.12323399573677E-017,1.));
#10840=DIRECTION('',(0.125,0.992156741649221,6.84061213903303E-017));
#10841=AXIS2_PLACEMENT_3D('',#10842,#10843,#10844);
#10842=CARTESIAN_POINT('',(-1.84027924769414E-016,-2.35744508835866E-016,3.85));
#10843=DIRECTION('',(-6.12323399573677E-017,-6.12323399573677E-017,1.));
#10844=DIRECTION('',(0.992156741649221,0.125,6.84061213903303E-017));
#10845=CARTESIAN_POINT('',(-0.396862696659689,-0.0500000000000003,3.85));
#10846=VECTOR('',#10847,1.);
#10847=DIRECTION('',(-1.,-2.75815301219636E-016,0.));
#10848=CARTESIAN_POINT('',(-0.49749371855331,0.0499999999999997,3.85));
#10849=VECTOR('',#10850,1.);
#10850=DIRECTION('',(1.,1.37907650609818E-016,0.));
#10851=CARTESIAN_POINT('',(-0.0500000000000001,-0.295803989154981,2.31));
#10852=CARTESIAN_POINT('',(-0.0500000000000001,-0.295803989154981,2.31));
#10853=CARTESIAN_POINT('',(-0.0500000000000001,-0.301025521185515,2.34964384473188));
#10854=CARTESIAN_POINT('',(-0.05,-0.312156942918086,2.43421841280822));
#10855=CARTESIAN_POINT('',(-0.05,-0.328831911670453,2.56108317987232));
#10856=CARTESIAN_POINT('',(-0.0500000000000001,-0.347044989801342,2.69981247410222));
#10857=CARTESIAN_POINT('',(-0.05,-0.365843059348259,2.84315388167318));
#10858=CARTESIAN_POINT('',(-0.0500000000000001,-0.391546087721712,3.03934224922329));
#10859=CARTESIAN_POINT('',(-0.05,-0.413780872348208,3.2092635654753));
#10860=CARTESIAN_POINT('',(-0.0500000000000001,-0.444684054706287,3.44561045885602));
#10861=CARTESIAN_POINT('',(-0.0500000000000001,-0.469542974308903,3.63588974361324));
#10862=CARTESIAN_POINT('',(-0.0500000000000001,-0.491088921665495,3.80093052555562));
#10863=CARTESIAN_POINT('',(-0.05,-0.49749371855331,3.85));
#10864=CARTESIAN_POINT('',(-0.295803989154981,-0.0500000000000002,2.31));
#10865=CARTESIAN_POINT('',(-0.295803989154981,-0.0500000000000002,2.31));
#10866=CARTESIAN_POINT('',(-0.301025521185515,-0.0500000000000002,2.34964384473188));
#10867=CARTESIAN_POINT('',(-0.312156942918086,-0.0500000000000002,2.43421841280822));
#10868=CARTESIAN_POINT('',(-0.328831911670453,-0.0500000000000002,2.56108317987232));
#10869=CARTESIAN_POINT('',(-0.347044989801342,-0.0500000000000002,2.69981247410222));
#10870=CARTESIAN_POINT('',(-0.365843059348259,-0.0500000000000003,2.84315388167318));
#10871=CARTESIAN_POINT('',(-0.391546087721712,-0.0500000000000003,3.03934224922329));
#10872=CARTESIAN_POINT('',(-0.413780872348207,-0.0500000000000003,3.2092635654753));
#10873=CARTESIAN_POINT('',(-0.444684054706287,-0.0500000000000004,3.44561045885603));
#10874=CARTESIAN_POINT('',(-0.469542974308903,-0.0500000000000003,3.63588974361324));
#10875=CARTESIAN_POINT('',(-0.491088921665495,-0.0500000000000003,3.80093052555562));
#10876=CARTESIAN_POINT('',(-0.49749371855331,-0.0500000000000003,3.85));
#10877=AXIS2_PLACEMENT_3D('',#10878,#10879,#10880);
#10878=CARTESIAN_POINT('',(-8.97301212350673E-017,-1.41446705301519E-016,2.31));
#10879=DIRECTION('',(-6.12323399573677E-017,-6.12323399573677E-017,1.));
#10880=DIRECTION('',(-0.986013297183269,-0.166666666666667,-7.05812914085056E-017));
#10881=CARTESIAN_POINT('',(0.0499999999999999,-0.396862696659689,3.85));
#10882=VECTOR('',#10883,1.);
#10883=DIRECTION('',(2.75815301219636E-016,-1.,0.));
#10884=CARTESIAN_POINT('',(-0.05,-0.49749371855331,3.85));
#10885=VECTOR('',#10886,1.);
#10886=DIRECTION('',(-4.13722951829455E-016,1.,0.));
#10887=CARTESIAN_POINT('',(0.05,-0.295803989154981,2.31));
#10888=CARTESIAN_POINT('',(0.05,-0.295803989154981,2.31));
#10889=CARTESIAN_POINT('',(0.05,-0.301025521185515,2.34964384473188));
#10890=CARTESIAN_POINT('',(0.0499999999999999,-0.312156942918087,2.43421841280822));
#10891=CARTESIAN_POINT('',(0.0499999999999999,-0.328831911670454,2.56108317987232));
#10892=CARTESIAN_POINT('',(0.05,-0.347044989801344,2.69981247410223));
#10893=CARTESIAN_POINT('',(0.0499999999999999,-0.365843059348262,2.84315388167319));
#10894=CARTESIAN_POINT('',(0.05,-0.391546087721714,3.03934224922331));
#10895=CARTESIAN_POINT('',(0.0499999999999999,-0.413780872348211,3.20926356547533));
#10896=CARTESIAN_POINT('',(0.0499999999999999,-0.44468405470629,3.44561045885605));
#10897=CARTESIAN_POINT('',(0.0499999999999999,-0.469542974308906,3.63588974361326));
#10898=CARTESIAN_POINT('',(0.0499999999999999,-0.491088921665496,3.80093052555563));
#10899=CARTESIAN_POINT('',(0.0499999999999999,-0.49749371855331,3.85));
#10900=CARTESIAN_POINT('',(0.295803989154981,-0.0500000000000001,2.31));
#10901=AXIS2_PLACEMENT_3D('',#10902,#10903,#10904);
#10902=CARTESIAN_POINT('',(-8.97301212350673E-017,-1.41446705301519E-016,2.31));
#10903=DIRECTION('',(-6.12323399573677E-017,-6.12323399573677E-017,1.));
#10904=DIRECTION('',(0.166666666666667,-0.986013297183269,-5.01705114227163E-017));
#10905=CARTESIAN_POINT('',(0.295803989154981,-0.0500000000000001,2.31));
#10906=CARTESIAN_POINT('',(0.301025521185515,-0.0500000000000001,2.34964384473188));
#10907=CARTESIAN_POINT('',(0.312156942918087,-0.05,2.43421841280822));
#10908=CARTESIAN_POINT('',(0.328831911670453,-0.0500000000000001,2.56108317987232));
#10909=CARTESIAN_POINT('',(0.347044989801343,-0.0500000000000001,2.69981247410223));
#10910=CARTESIAN_POINT('',(0.365843059348261,-0.05,2.84315388167319));
#10911=CARTESIAN_POINT('',(0.391546087721714,-0.0500000000000002,3.03934224922331));
#10912=CARTESIAN_POINT('',(0.41378087234821,-0.05,3.20926356547533));
#10913=CARTESIAN_POINT('',(0.44468405470629,-0.0500000000000002,3.44561045885605));
#10914=CARTESIAN_POINT('',(0.469542974308905,-0.0500000000000001,3.63588974361326));
#10915=CARTESIAN_POINT('',(0.491088921665495,-0.0500000000000001,3.80093052555563));
#10916=CARTESIAN_POINT('',(0.49749371855331,-0.0500000000000002,3.85));
#10917=CARTESIAN_POINT('',(0.396862696659689,0.0499999999999998,3.85));
#10918=VECTOR('',#10919,1.);
#10919=DIRECTION('',(1.,1.37907650609818E-016,0.));
#10920=CARTESIAN_POINT('',(0.49749371855331,-0.0500000000000001,3.85));
#10921=VECTOR('',#10922,1.);
#10922=DIRECTION('',(-1.,-2.75815301219637E-016,0.));
#10923=CARTESIAN_POINT('',(0.0499999999999998,0.295803989154981,2.31));
#10924=CARTESIAN_POINT('',(0.0499999999999999,0.295803989154981,2.31));
#10925=CARTESIAN_POINT('',(0.0499999999999999,0.301025521185515,2.34964384473188));
#10926=CARTESIAN_POINT('',(0.0499999999999999,0.312156942918087,2.43421841280822));
#10927=CARTESIAN_POINT('',(0.0499999999999999,0.328831911670454,2.56108317987233));
#10928=CARTESIAN_POINT('',(0.0499999999999998,0.347044989801344,2.69981247410223));
#10929=CARTESIAN_POINT('',(0.0499999999999997,0.365843059348262,2.8431538816732));
#10930=CARTESIAN_POINT('',(0.0499999999999999,0.391546087721714,3.03934224922332));
#10931=CARTESIAN_POINT('',(0.0499999999999996,0.413780872348211,3.20926356547534));
#10932=CARTESIAN_POINT('',(0.0499999999999999,0.444684054706291,3.44561045885606));
#10933=CARTESIAN_POINT('',(0.0499999999999995,0.469542974308906,3.63588974361327));
#10934=CARTESIAN_POINT('',(0.0499999999999998,0.491088921665496,3.80093052555563));
#10935=CARTESIAN_POINT('',(0.05,0.49749371855331,3.85));
#10936=CARTESIAN_POINT('',(0.295803989154981,0.0499999999999998,2.31));
#10937=CARTESIAN_POINT('',(0.295803989154981,0.0499999999999998,2.31));
#10938=CARTESIAN_POINT('',(0.301025521185514,0.0499999999999998,2.34964384473188));
#10939=CARTESIAN_POINT('',(0.312156942918086,0.0499999999999999,2.43421841280822));
#10940=CARTESIAN_POINT('',(0.328831911670453,0.0499999999999999,2.56108317987232));
#10941=CARTESIAN_POINT('',(0.347044989801342,0.0499999999999999,2.69981247410222));
#10942=CARTESIAN_POINT('',(0.36584305934826,0.0499999999999998,2.84315388167318));
#10943=CARTESIAN_POINT('',(0.391546087721712,0.0499999999999999,3.0393422492233));
#10944=CARTESIAN_POINT('',(0.413780872348208,0.0499999999999999,3.20926356547531));
#10945=CARTESIAN_POINT('',(0.444684054706287,0.0499999999999999,3.44561045885603));
#10946=CARTESIAN_POINT('',(0.469542974308903,0.0499999999999998,3.63588974361325));
#10947=CARTESIAN_POINT('',(0.491088921665495,0.0499999999999999,3.80093052555562));
#10948=CARTESIAN_POINT('',(0.49749371855331,0.0499999999999999,3.85));
#10949=AXIS2_PLACEMENT_3D('',#10950,#10951,#10952);
#10950=CARTESIAN_POINT('',(-8.97301212350673E-017,-1.41446705301519E-016,2.31));
#10951=DIRECTION('',(-6.12323399573677E-017,-6.12323399573677E-017,1.));
#10952=DIRECTION('',(0.986013297183269,0.166666666666666,7.05812914085056E-017));
#10953=CARTESIAN_POINT('',(-0.0500000000000003,0.396862696659689,3.85));
#10954=VECTOR('',#10955,1.);
#10955=DIRECTION('',(-6.89538253049091E-017,1.,0.));
#10956=CARTESIAN_POINT('',(0.0499999999999998,0.49749371855331,3.85));
#10957=VECTOR('',#10958,1.);
#10958=DIRECTION('',(0.,-1.,0.));
#10959=CARTESIAN_POINT('',(-0.295803989154981,0.0499999999999999,2.31));
#10960=CARTESIAN_POINT('',(-0.295803989154981,0.0499999999999999,2.31));
#10961=CARTESIAN_POINT('',(-0.301025521185515,0.0499999999999999,2.34964384473188));
#10962=CARTESIAN_POINT('',(-0.312156942918087,0.0499999999999999,2.43421841280822));
#10963=CARTESIAN_POINT('',(-0.328831911670453,0.0499999999999998,2.56108317987232));
#10964=CARTESIAN_POINT('',(-0.347044989801344,0.0499999999999999,2.69981247410223));
#10965=CARTESIAN_POINT('',(-0.365843059348261,0.0499999999999999,2.84315388167319));
#10966=CARTESIAN_POINT('',(-0.391546087721714,0.0499999999999996,3.03934224922331));
#10967=CARTESIAN_POINT('',(-0.413780872348211,0.0500000000000001,3.20926356547533));
#10968=CARTESIAN_POINT('',(-0.44468405470629,0.0499999999999994,3.44561045885605));
#10969=CARTESIAN_POINT('',(-0.469542974308906,0.0499999999999997,3.63588974361326));
#10970=CARTESIAN_POINT('',(-0.491088921665496,0.05,3.80093052555563));
#10971=CARTESIAN_POINT('',(-0.49749371855331,0.05,3.85));
#10972=CARTESIAN_POINT('',(-0.0500000000000004,0.295803989154981,2.31));
#10973=CARTESIAN_POINT('',(-0.0500000000000002,0.295803989154981,2.31));
#10974=CARTESIAN_POINT('',(-0.0500000000000002,0.301025521185515,2.34964384473188));
#10975=CARTESIAN_POINT('',(-0.0500000000000001,0.312156942918087,2.43421841280822));
#10976=CARTESIAN_POINT('',(-0.0500000000000002,0.328831911670454,2.56108317987233));
#10977=CARTESIAN_POINT('',(-0.0500000000000001,0.347044989801345,2.69981247410224));
#10978=CARTESIAN_POINT('',(-0.0500000000000001,0.365843059348263,2.84315388167321));
#10979=CARTESIAN_POINT('',(-0.0500000000000003,0.391546087721716,3.03934224922333));
#10980=CARTESIAN_POINT('',(-0.0500000000000001,0.413780872348214,3.20926356547536));
#10981=CARTESIAN_POINT('',(-0.0500000000000002,0.444684054706293,3.44561045885608));
#10982=CARTESIAN_POINT('',(-0.0500000000000002,0.469542974308908,3.63588974361328));
#10983=CARTESIAN_POINT('',(-0.0500000000000002,0.491088921665497,3.80093052555564));
#10984=CARTESIAN_POINT('',(-0.0500000000000002,0.49749371855331,3.85));
#10985=AXIS2_PLACEMENT_3D('',#10986,#10987,#10988);
#10986=CARTESIAN_POINT('',(-8.97301212350673E-017,-1.41446705301519E-016,2.31));
#10987=DIRECTION('',(-6.12323399573677E-017,-6.12323399573677E-017,1.));
#10988=DIRECTION('',(-0.166666666666668,0.986013297183269,5.01705114227162E-017));
#10989=CARTESIAN_POINT('',(-0.193649167310371,0.0499999999999998,2.31));
#10990=CARTESIAN_POINT('',(-0.193649167310371,0.0499999999999998,2.31));
#10991=CARTESIAN_POINT('',(-0.19817021368326,0.0499999999999999,2.343708224457));
#10992=CARTESIAN_POINT('',(-0.207795230560616,0.0499999999999999,2.41562176462789));
#10993=CARTESIAN_POINT('',(-0.222178209011233,0.0499999999999999,2.52349936228765));
#10994=CARTESIAN_POINT('',(-0.238514010802538,0.0499999999999998,2.64641343980263));
#10995=CARTESIAN_POINT('',(-0.255648235388013,0.0499999999999998,2.7757257643501));
#10996=CARTESIAN_POINT('',(-0.281732295442072,0.0499999999999998,2.97310354510227));
#10997=CARTESIAN_POINT('',(-0.30271054099616,0.0499999999999998,3.13238975249258));
#10998=CARTESIAN_POINT('',(-0.334827623768329,0.0499999999999997,3.37667335236505));
#10999=CARTESIAN_POINT('',(-0.362128674034638,0.0499999999999996,3.58474739605038));
#11000=CARTESIAN_POINT('',(-0.38798473926594,0.0499999999999998,3.78217831015547));
#11001=CARTESIAN_POINT('',(-0.396862696659689,0.0499999999999998,3.85));
#11002=CARTESIAN_POINT('',(-0.05,0.193649167310371,2.31));
#11003=AXIS2_PLACEMENT_3D('',#11004,#11005,#11006);
#11004=CARTESIAN_POINT('',(-8.97301212350673E-017,-1.41446705301519E-016,2.31));
#11005=DIRECTION('',(-6.12323399573677E-017,-6.12323399573677E-017,1.));
#11006=DIRECTION('',(-0.249999999999999,0.968245836551854,4.39798732367071E-017));
#11007=CARTESIAN_POINT('',(-0.0500000000000001,0.193649167310371,2.31));
#11008=CARTESIAN_POINT('',(-0.0500000000000002,0.19817021368326,2.343708224457));
#11009=CARTESIAN_POINT('',(-0.0500000000000002,0.207795230560616,2.41562176462789));
#11010=CARTESIAN_POINT('',(-0.0500000000000001,0.222178209011234,2.52349936228766));
#11011=CARTESIAN_POINT('',(-0.0500000000000001,0.238514010802539,2.64641343980264));
#11012=CARTESIAN_POINT('',(-0.0500000000000002,0.255648235388014,2.77572576435011));
#11013=CARTESIAN_POINT('',(-0.0500000000000003,0.281732295442073,2.97310354510229));
#11014=CARTESIAN_POINT('',(-0.0500000000000002,0.302710540996163,3.1323897524926));
#11015=CARTESIAN_POINT('',(-0.0500000000000003,0.334827623768331,3.37667335236506));
#11016=CARTESIAN_POINT('',(-0.0500000000000002,0.36212867403464,3.5847473960504));
#11017=CARTESIAN_POINT('',(-0.0500000000000003,0.38798473926594,3.78217831015547));
#11018=CARTESIAN_POINT('',(-0.0500000000000004,0.396862696659689,3.85));
#11019=CARTESIAN_POINT('',(0.0499999999999999,0.193649167310371,2.31));
#11020=CARTESIAN_POINT('',(0.0499999999999999,0.193649167310371,2.31));
#11021=CARTESIAN_POINT('',(0.0499999999999999,0.19817021368326,2.343708224457));
#11022=CARTESIAN_POINT('',(0.0499999999999999,0.207795230560616,2.41562176462789));
#11023=CARTESIAN_POINT('',(0.0499999999999999,0.222178209011234,2.52349936228766));
#11024=CARTESIAN_POINT('',(0.0499999999999999,0.238514010802539,2.64641343980264));
#11025=CARTESIAN_POINT('',(0.0499999999999999,0.255648235388014,2.77572576435011));
#11026=CARTESIAN_POINT('',(0.0499999999999996,0.281732295442073,2.97310354510228));
#11027=CARTESIAN_POINT('',(0.0500000000000003,0.302710540996162,3.1323897524926));
#11028=CARTESIAN_POINT('',(0.0499999999999992,0.334827623768331,3.37667335236507));
#11029=CARTESIAN_POINT('',(0.0499999999999999,0.36212867403464,3.5847473960504));
#11030=CARTESIAN_POINT('',(0.05,0.38798473926594,3.78217831015547));
#11031=CARTESIAN_POINT('',(0.0499999999999999,0.396862696659689,3.85));
#11032=CARTESIAN_POINT('',(0.193649167310371,0.0499999999999998,2.31));
#11033=AXIS2_PLACEMENT_3D('',#11034,#11035,#11036);
#11034=CARTESIAN_POINT('',(-8.97301212350673E-017,-1.41446705301519E-016,2.31));
#11035=DIRECTION('',(-6.12323399573677E-017,-6.12323399573677E-017,1.));
#11036=DIRECTION('',(0.968245836551854,0.249999999999999,7.45960432153909E-017));
#11037=CARTESIAN_POINT('',(0.193649167310371,0.0499999999999998,2.31));
#11038=CARTESIAN_POINT('',(0.19817021368326,0.0499999999999999,2.343708224457));
#11039=CARTESIAN_POINT('',(0.207795230560616,0.0499999999999999,2.41562176462789));
#11040=CARTESIAN_POINT('',(0.222178209011233,0.0499999999999999,2.52349936228765));
#11041=CARTESIAN_POINT('',(0.238514010802538,0.0499999999999999,2.64641343980263));
#11042=CARTESIAN_POINT('',(0.255648235388013,0.0499999999999999,2.7757257643501));
#11043=CARTESIAN_POINT('',(0.281732295442072,0.0499999999999999,2.97310354510227));
#11044=CARTESIAN_POINT('',(0.30271054099616,0.0499999999999999,3.13238975249258));
#11045=CARTESIAN_POINT('',(0.334827623768329,0.0499999999999997,3.37667335236505));
#11046=CARTESIAN_POINT('',(0.362128674034637,0.0499999999999999,3.58474739605038));
#11047=CARTESIAN_POINT('',(0.387984739265939,0.0499999999999999,3.78217831015547));
#11048=CARTESIAN_POINT('',(0.396862696659689,0.0499999999999997,3.85));
#11049=CARTESIAN_POINT('',(0.0499999999999999,-0.193649167310371,2.31));
#11050=CARTESIAN_POINT('',(0.0499999999999999,-0.193649167310371,2.31));
#11051=CARTESIAN_POINT('',(0.0499999999999999,-0.19817021368326,2.343708224457));
#11052=CARTESIAN_POINT('',(0.0499999999999999,-0.207795230560616,2.41562176462789));
#11053=CARTESIAN_POINT('',(0.0499999999999999,-0.222178209011233,2.52349936228765));
#11054=CARTESIAN_POINT('',(0.0499999999999999,-0.238514010802538,2.64641343980263));
#11055=CARTESIAN_POINT('',(0.0499999999999999,-0.255648235388013,2.7757257643501));
#11056=CARTESIAN_POINT('',(0.0499999999999999,-0.281732295442072,2.97310354510227));
#11057=CARTESIAN_POINT('',(0.0499999999999999,-0.30271054099616,3.13238975249258));
#11058=CARTESIAN_POINT('',(0.05,-0.334827623768329,3.37667335236505));
#11059=CARTESIAN_POINT('',(0.0499999999999999,-0.362128674034638,3.58474739605039));
#11060=CARTESIAN_POINT('',(0.0499999999999999,-0.38798473926594,3.78217831015546));
#11061=CARTESIAN_POINT('',(0.0499999999999999,-0.396862696659689,3.85));
#11062=CARTESIAN_POINT('',(0.193649167310371,-0.0500000000000001,2.31));
#11063=CARTESIAN_POINT('',(0.193649167310371,-0.0500000000000001,2.31));
#11064=CARTESIAN_POINT('',(0.19817021368326,-0.0500000000000001,2.343708224457));
#11065=CARTESIAN_POINT('',(0.207795230560616,-0.0500000000000001,2.41562176462789));
#11066=CARTESIAN_POINT('',(0.222178209011234,-0.0500000000000001,2.52349936228766));
#11067=CARTESIAN_POINT('',(0.238514010802539,-0.0500000000000002,2.64641343980264));
#11068=CARTESIAN_POINT('',(0.255648235388014,-0.0500000000000001,2.77572576435011));
#11069=CARTESIAN_POINT('',(0.281732295442073,-0.0500000000000002,2.97310354510228));
#11070=CARTESIAN_POINT('',(0.302710540996162,-0.05,3.1323897524926));
#11071=CARTESIAN_POINT('',(0.334827623768331,-0.0500000000000003,3.37667335236507));
#11072=CARTESIAN_POINT('',(0.36212867403464,-0.0500000000000001,3.5847473960504));
#11073=CARTESIAN_POINT('',(0.38798473926594,-0.0500000000000001,3.78217831015547));
#11074=CARTESIAN_POINT('',(0.396862696659689,-0.0500000000000001,3.85));
#11075=AXIS2_PLACEMENT_3D('',#11076,#11077,#11078);
#11076=CARTESIAN_POINT('',(-8.97301212350673E-017,-1.41446705301519E-016,2.31));
#11077=DIRECTION('',(-6.12323399573677E-017,-6.12323399573677E-017,1.));
#11078=DIRECTION('',(0.25,-0.968245836551854,-4.39798732367071E-017));
#11079=CARTESIAN_POINT('',(-0.0500000000000001,-0.193649167310371,2.31));
#11080=CARTESIAN_POINT('',(-0.0500000000000001,-0.193649167310371,2.31));
#11081=CARTESIAN_POINT('',(-0.0500000000000001,-0.19817021368326,2.343708224457));
#11082=CARTESIAN_POINT('',(-0.0500000000000001,-0.207795230560617,2.41562176462789));
#11083=CARTESIAN_POINT('',(-0.05,-0.222178209011234,2.52349936228766));
#11084=CARTESIAN_POINT('',(-0.0500000000000001,-0.238514010802539,2.64641343980264));
#11085=CARTESIAN_POINT('',(-0.0500000000000001,-0.255648235388015,2.77572576435011));
#11086=CARTESIAN_POINT('',(-0.0500000000000001,-0.281732295442074,2.97310354510229));
#11087=CARTESIAN_POINT('',(-0.0500000000000001,-0.302710540996163,3.1323897524926));
#11088=CARTESIAN_POINT('',(-0.05,-0.334827623768331,3.37667335236507));
#11089=CARTESIAN_POINT('',(-0.0500000000000001,-0.36212867403464,3.5847473960504));
#11090=CARTESIAN_POINT('',(-0.0500000000000001,-0.387984739265941,3.78217831015547));
#11091=CARTESIAN_POINT('',(-0.0500000000000001,-0.396862696659689,3.85));
#11092=CARTESIAN_POINT('',(-0.193649167310371,-0.0500000000000002,2.31));
#11093=AXIS2_PLACEMENT_3D('',#11094,#11095,#11096);
#11094=CARTESIAN_POINT('',(-8.97301212350673E-017,-1.41446705301519E-016,2.31));
#11095=DIRECTION('',(-6.12323399573677E-017,-6.12323399573677E-017,1.));
#11096=DIRECTION('',(-0.968245836551854,-0.25,-7.45960432153909E-017));
#11097=CARTESIAN_POINT('',(-0.193649167310371,-0.0500000000000002,2.31));
#11098=CARTESIAN_POINT('',(-0.19817021368326,-0.0500000000000002,2.343708224457));
#11099=CARTESIAN_POINT('',(-0.207795230560616,-0.0500000000000002,2.41562176462789));
#11100=CARTESIAN_POINT('',(-0.222178209011234,-0.0500000000000002,2.52349936228765));
#11101=CARTESIAN_POINT('',(-0.238514010802538,-0.0500000000000002,2.64641343980263));
#11102=CARTESIAN_POINT('',(-0.255648235388013,-0.0500000000000002,2.7757257643501));
#11103=CARTESIAN_POINT('',(-0.281732295442072,-0.0500000000000003,2.97310354510228));
#11104=CARTESIAN_POINT('',(-0.30271054099616,-0.0500000000000002,3.13238975249258));
#11105=CARTESIAN_POINT('',(-0.334827623768329,-0.0500000000000003,3.37667335236505));
#11106=CARTESIAN_POINT('',(-0.362128674034638,-0.0500000000000003,3.58474739605039));
#11107=CARTESIAN_POINT('',(-0.38798473926594,-0.0500000000000003,3.78217831015547));
#11108=CARTESIAN_POINT('',(-0.396862696659689,-0.0500000000000003,3.85));
#11109=CARTESIAN_POINT('',(-0.193649167310371,-0.0500000000000002,2.31));
#11110=VECTOR('',#11111,1.);
#11111=DIRECTION('',(-1.,-2.71701081891647E-016,0.));
#11112=CARTESIAN_POINT('',(-0.295803989154981,0.0499999999999998,2.31));
#11113=VECTOR('',#11114,1.);
#11114=DIRECTION('',(1.,1.35850540945823E-016,0.));
#11115=CARTESIAN_POINT('',(-0.05,-0.295803989154981,2.31));
#11116=VECTOR('',#11117,1.);
#11117=DIRECTION('',(-4.0755162283747E-016,1.,0.));
#11118=CARTESIAN_POINT('',(0.0499999999999999,-0.193649167310371,2.31));
#11119=VECTOR('',#11120,1.);
#11120=DIRECTION('',(2.71701081891647E-016,-1.,0.));
#11121=CARTESIAN_POINT('',(0.295803989154981,-0.0500000000000001,2.31));
#11122=VECTOR('',#11123,1.);
#11123=DIRECTION('',(-1.,-2.71701081891647E-016,0.));
#11124=CARTESIAN_POINT('',(0.193649167310371,0.0499999999999999,2.31));
#11125=VECTOR('',#11126,1.);
#11126=DIRECTION('',(1.,1.35850540945823E-016,0.));
#11127=CARTESIAN_POINT('',(0.0499999999999999,0.295803989154981,2.31));
#11128=VECTOR('',#11129,1.);
#11129=DIRECTION('',(0.,-1.,0.));
#11130=CARTESIAN_POINT('',(-0.0500000000000001,0.193649167310371,2.31));
#11131=VECTOR('',#11132,1.);
#11132=DIRECTION('',(-6.79252704729117E-017,1.,0.));
ENDSEC;
END-ISO-10303-21;
